 TITLE = "Solid temperature field"
 VARIABLES = "x" "y" "z" "Ts"
 ZONE I=          40  J=          80  K=           1  DATAPACKING=POINT
    1.0121096996E-01    1.9875281728E-03    5.0000000000E-04    3.0360558644E+02
    1.0371000625E-01    2.0366029425E-03    5.0000000000E-04    3.0347639152E+02
    1.0620904255E-01    2.0856777122E-03    5.0000000000E-04    3.0335027268E+02
    1.0870807885E-01    2.1347524819E-03    5.0000000000E-04    3.0322708684E+02
    1.1120711514E-01    2.1838272516E-03    5.0000000000E-04    3.0310670068E+02
    1.1370615144E-01    2.2329020213E-03    5.0000000000E-04    3.0298898978E+02
    1.1620518773E-01    2.2819767910E-03    5.0000000000E-04    3.0287383781E+02
    1.1870422403E-01    2.3310515607E-03    5.0000000000E-04    3.0276113590E+02
    1.2120326032E-01    2.3801263304E-03    5.0000000000E-04    3.0265078194E+02
    1.2370229662E-01    2.4292011001E-03    5.0000000000E-04    3.0254268012E+02
    1.2620133291E-01    2.4782758698E-03    5.0000000000E-04    3.0243674033E+02
    1.2870036921E-01    2.5273506395E-03    5.0000000000E-04    3.0233287780E+02
    1.3119940550E-01    2.5764254092E-03    5.0000000000E-04    3.0223101264E+02
    1.3369844180E-01    2.6255001789E-03    5.0000000000E-04    3.0213106946E+02
    1.3619747809E-01    2.6745749486E-03    5.0000000000E-04    3.0203297709E+02
    1.3869651439E-01    2.7236497183E-03    5.0000000000E-04    3.0193666822E+02
    1.4119555068E-01    2.7727244880E-03    5.0000000000E-04    3.0184207915E+02
    1.4369458698E-01    2.8217992577E-03    5.0000000000E-04    3.0174914955E+02
    1.4619362328E-01    2.8708740274E-03    5.0000000000E-04    3.0165782219E+02
    1.4869265957E-01    2.9199487971E-03    5.0000000000E-04    3.0156804275E+02
    1.5119169587E-01    2.9690235668E-03    5.0000000000E-04    3.0147975964E+02
    1.5369073216E-01    3.0180983365E-03    5.0000000000E-04    3.0139292380E+02
    1.5618976846E-01    3.0671731062E-03    5.0000000000E-04    3.0130748854E+02
    1.5868880475E-01    3.1162478759E-03    5.0000000000E-04    3.0122340940E+02
    1.6118784105E-01    3.1653226456E-03    5.0000000000E-04    3.0114064400E+02
    1.6368687734E-01    3.2143974153E-03    5.0000000000E-04    3.0105915192E+02
    1.6618591364E-01    3.2634721850E-03    5.0000000000E-04    3.0097889457E+02
    1.6868494993E-01    3.3125469547E-03    5.0000000000E-04    3.0089983509E+02
    1.7118398623E-01    3.3616217244E-03    5.0000000000E-04    3.0082193826E+02
    1.7368302252E-01    3.4106964941E-03    5.0000000000E-04    3.0074517036E+02
    1.7618205882E-01    3.4597712638E-03    5.0000000000E-04    3.0066949916E+02
    1.7868109511E-01    3.5088460335E-03    5.0000000000E-04    3.0059489374E+02
    1.8118013141E-01    3.5579208032E-03    5.0000000000E-04    3.0052132452E+02
    1.8367916770E-01    3.6069955729E-03    5.0000000000E-04    3.0044876309E+02
    1.8617820400E-01    3.6560703426E-03    5.0000000000E-04    3.0037718223E+02
    1.8867724030E-01    3.7051451123E-03    5.0000000000E-04    3.0030655578E+02
    1.9117627659E-01    3.7542198820E-03    5.0000000000E-04    3.0023685862E+02
    1.9367531289E-01    3.8032946517E-03    5.0000000000E-04    3.0016806662E+02
    1.9617434918E-01    3.8523694214E-03    5.0000000000E-04    3.0010015658E+02
    1.9867338548E-01    3.9014441911E-03    5.0000000000E-04    3.0003310615E+02
    1.0105490998E-01    5.9595198940E-03    5.0000000000E-04    3.0360558645E+02
    1.0355009294E-01    6.1066685334E-03    5.0000000000E-04    3.0347639153E+02
    1.0604527590E-01    6.2538171727E-03    5.0000000000E-04    3.0335027268E+02
    1.0854045887E-01    6.4009658121E-03    5.0000000000E-04    3.0322708684E+02
    1.1103564183E-01    6.5481144515E-03    5.0000000000E-04    3.0310670068E+02
    1.1353082479E-01    6.6952630908E-03    5.0000000000E-04    3.0298898978E+02
    1.1602600775E-01    6.8424117302E-03    5.0000000000E-04    3.0287383781E+02
    1.1852119072E-01    6.9895603695E-03    5.0000000000E-04    3.0276113590E+02
    1.2101637368E-01    7.1367090089E-03    5.0000000000E-04    3.0265078194E+02
    1.2351155664E-01    7.2838576483E-03    5.0000000000E-04    3.0254268012E+02
    1.2600673960E-01    7.4310062876E-03    5.0000000000E-04    3.0243674033E+02
    1.2850192257E-01    7.5781549270E-03    5.0000000000E-04    3.0233287780E+02
    1.3099710553E-01    7.7253035663E-03    5.0000000000E-04    3.0223101264E+02
    1.3349228849E-01    7.8724522057E-03    5.0000000000E-04    3.0213106946E+02
    1.3598747145E-01    8.0196008450E-03    5.0000000000E-04    3.0203297709E+02
    1.3848265442E-01    8.1667494844E-03    5.0000000000E-04    3.0193666822E+02
    1.4097783738E-01    8.3138981238E-03    5.0000000000E-04    3.0184207915E+02
    1.4347302034E-01    8.4610467631E-03    5.0000000000E-04    3.0174914955E+02
    1.4596820330E-01    8.6081954025E-03    5.0000000000E-04    3.0165782219E+02
    1.4846338627E-01    8.7553440418E-03    5.0000000000E-04    3.0156804275E+02
    1.5095856923E-01    8.9024926812E-03    5.0000000000E-04    3.0147975964E+02
    1.5345375219E-01    9.0496413206E-03    5.0000000000E-04    3.0139292380E+02
    1.5594893515E-01    9.1967899599E-03    5.0000000000E-04    3.0130748854E+02
    1.5844411812E-01    9.3439385993E-03    5.0000000000E-04    3.0122340940E+02
    1.6093930108E-01    9.4910872386E-03    5.0000000000E-04    3.0114064401E+02
    1.6343448404E-01    9.6382358780E-03    5.0000000000E-04    3.0105915192E+02
    1.6592966700E-01    9.7853845173E-03    5.0000000000E-04    3.0097889457E+02
    1.6842484997E-01    9.9325331567E-03    5.0000000000E-04    3.0089983509E+02
    1.7092003293E-01    1.0079681796E-02    5.0000000000E-04    3.0082193826E+02
    1.7341521589E-01    1.0226830435E-02    5.0000000000E-04    3.0074517037E+02
    1.7591039885E-01    1.0373979075E-02    5.0000000000E-04    3.0066949916E+02
    1.7840558182E-01    1.0521127714E-02    5.0000000000E-04    3.0059489374E+02
    1.8090076478E-01    1.0668276354E-02    5.0000000000E-04    3.0052132452E+02
    1.8339594774E-01    1.0815424993E-02    5.0000000000E-04    3.0044876309E+02
    1.8589113070E-01    1.0962573632E-02    5.0000000000E-04    3.0037718223E+02
    1.8838631367E-01    1.1109722272E-02    5.0000000000E-04    3.0030655578E+02
    1.9088149663E-01    1.1256870911E-02    5.0000000000E-04    3.0023685862E+02
    1.9337667959E-01    1.1404019550E-02    5.0000000000E-04    3.0016806662E+02
    1.9587186255E-01    1.1551168190E-02    5.0000000000E-04    3.0010015658E+02
    1.9836704552E-01    1.1698316829E-02    5.0000000000E-04    3.0003310615E+02
    1.0074303065E-01    9.9223224675E-03    5.0000000000E-04    3.0360558645E+02
    1.0323051289E-01    1.0167318084E-02    5.0000000000E-04    3.0347639153E+02
    1.0571799513E-01    1.0412313700E-02    5.0000000000E-04    3.0335027268E+02
    1.0820547737E-01    1.0657309317E-02    5.0000000000E-04    3.0322708684E+02
    1.1069295961E-01    1.0902304933E-02    5.0000000000E-04    3.0310670068E+02
    1.1318044185E-01    1.1147300550E-02    5.0000000000E-04    3.0298898978E+02
    1.1566792408E-01    1.1392296166E-02    5.0000000000E-04    3.0287383782E+02
    1.1815540632E-01    1.1637291783E-02    5.0000000000E-04    3.0276113590E+02
    1.2064288856E-01    1.1882287399E-02    5.0000000000E-04    3.0265078194E+02
    1.2313037080E-01    1.2127283016E-02    5.0000000000E-04    3.0254268012E+02
    1.2561785304E-01    1.2372278632E-02    5.0000000000E-04    3.0243674033E+02
    1.2810533528E-01    1.2617274249E-02    5.0000000000E-04    3.0233287780E+02
    1.3059281751E-01    1.2862269865E-02    5.0000000000E-04    3.0223101264E+02
    1.3308029975E-01    1.3107265482E-02    5.0000000000E-04    3.0213106946E+02
    1.3556778199E-01    1.3352261098E-02    5.0000000000E-04    3.0203297709E+02
    1.3805526423E-01    1.3597256715E-02    5.0000000000E-04    3.0193666822E+02
    1.4054274647E-01    1.3842252331E-02    5.0000000000E-04    3.0184207915E+02
    1.4303022871E-01    1.4087247948E-02    5.0000000000E-04    3.0174914955E+02
    1.4551771094E-01    1.4332243564E-02    5.0000000000E-04    3.0165782219E+02
    1.4800519318E-01    1.4577239181E-02    5.0000000000E-04    3.0156804275E+02
    1.5049267542E-01    1.4822234797E-02    5.0000000000E-04    3.0147975964E+02
    1.5298015766E-01    1.5067230414E-02    5.0000000000E-04    3.0139292380E+02
    1.5546763990E-01    1.5312226030E-02    5.0000000000E-04    3.0130748855E+02
    1.5795512214E-01    1.5557221647E-02    5.0000000000E-04    3.0122340941E+02
    1.6044260437E-01    1.5802217263E-02    5.0000000000E-04    3.0114064401E+02
    1.6293008661E-01    1.6047212880E-02    5.0000000000E-04    3.0105915192E+02
    1.6541756885E-01    1.6292208496E-02    5.0000000000E-04    3.0097889457E+02
    1.6790505109E-01    1.6537204113E-02    5.0000000000E-04    3.0089983509E+02
    1.7039253333E-01    1.6782199729E-02    5.0000000000E-04    3.0082193826E+02
    1.7288001557E-01    1.7027195346E-02    5.0000000000E-04    3.0074517037E+02
    1.7536749780E-01    1.7272190962E-02    5.0000000000E-04    3.0066949916E+02
    1.7785498004E-01    1.7517186578E-02    5.0000000000E-04    3.0059489375E+02
    1.8034246228E-01    1.7762182195E-02    5.0000000000E-04    3.0052132452E+02
    1.8282994452E-01    1.8007177811E-02    5.0000000000E-04    3.0044876309E+02
    1.8531742676E-01    1.8252173428E-02    5.0000000000E-04    3.0037718223E+02
    1.8780490900E-01    1.8497169044E-02    5.0000000000E-04    3.0030655578E+02
    1.9029239123E-01    1.8742164661E-02    5.0000000000E-04    3.0023685862E+02
    1.9277987347E-01    1.8987160277E-02    5.0000000000E-04    3.0016806662E+02
    1.9526735571E-01    1.9232155894E-02    5.0000000000E-04    3.0010015658E+02
    1.9775483795E-01    1.9477151510E-02    5.0000000000E-04    3.0003310615E+02
    1.0027581288E-01    1.3869825539E-02    5.0000000000E-04    3.0360558645E+02
    1.0275175887E-01    1.4212290367E-02    5.0000000000E-04    3.0347639153E+02
    1.0522770487E-01    1.4554755195E-02    5.0000000000E-04    3.0335027268E+02
    1.0770365087E-01    1.4897220023E-02    5.0000000000E-04    3.0322708684E+02
    1.1017959686E-01    1.5239684851E-02    5.0000000000E-04    3.0310670068E+02
    1.1265554286E-01    1.5582149680E-02    5.0000000000E-04    3.0298898978E+02
    1.1513148886E-01    1.5924614508E-02    5.0000000000E-04    3.0287383782E+02
    1.1760743485E-01    1.6267079336E-02    5.0000000000E-04    3.0276113590E+02
    1.2008338085E-01    1.6609544164E-02    5.0000000000E-04    3.0265078195E+02
    1.2255932685E-01    1.6952008992E-02    5.0000000000E-04    3.0254268012E+02
    1.2503527285E-01    1.7294473820E-02    5.0000000000E-04    3.0243674033E+02
    1.2751121884E-01    1.7636938648E-02    5.0000000000E-04    3.0233287780E+02
    1.2998716484E-01    1.7979403476E-02    5.0000000000E-04    3.0223101264E+02
    1.3246311084E-01    1.8321868305E-02    5.0000000000E-04    3.0213106946E+02
    1.3493905683E-01    1.8664333133E-02    5.0000000000E-04    3.0203297709E+02
    1.3741500283E-01    1.9006797961E-02    5.0000000000E-04    3.0193666822E+02
    1.3989094883E-01    1.9349262789E-02    5.0000000000E-04    3.0184207915E+02
    1.4236689482E-01    1.9691727617E-02    5.0000000000E-04    3.0174914955E+02
    1.4484284082E-01    2.0034192445E-02    5.0000000000E-04    3.0165782219E+02
    1.4731878682E-01    2.0376657273E-02    5.0000000000E-04    3.0156804275E+02
    1.4979473281E-01    2.0719122101E-02    5.0000000000E-04    3.0147975964E+02
    1.5227067881E-01    2.1061586930E-02    5.0000000000E-04    3.0139292380E+02
    1.5474662481E-01    2.1404051758E-02    5.0000000000E-04    3.0130748855E+02
    1.5722257081E-01    2.1746516586E-02    5.0000000000E-04    3.0122340941E+02
    1.5969851680E-01    2.2088981414E-02    5.0000000000E-04    3.0114064401E+02
    1.6217446280E-01    2.2431446242E-02    5.0000000000E-04    3.0105915192E+02
    1.6465040880E-01    2.2773911070E-02    5.0000000000E-04    3.0097889457E+02
    1.6712635479E-01    2.3116375898E-02    5.0000000000E-04    3.0089983509E+02
    1.6960230079E-01    2.3458840726E-02    5.0000000000E-04    3.0082193826E+02
    1.7207824679E-01    2.3801305555E-02    5.0000000000E-04    3.0074517037E+02
    1.7455419278E-01    2.4143770383E-02    5.0000000000E-04    3.0066949916E+02
    1.7703013878E-01    2.4486235211E-02    5.0000000000E-04    3.0059489375E+02
    1.7950608478E-01    2.4828700039E-02    5.0000000000E-04    3.0052132452E+02
    1.8198203077E-01    2.5171164867E-02    5.0000000000E-04    3.0044876309E+02
    1.8445797677E-01    2.5513629695E-02    5.0000000000E-04    3.0037718223E+02
    1.8693392277E-01    2.5856094523E-02    5.0000000000E-04    3.0030655578E+02
    1.8940986877E-01    2.6198559351E-02    5.0000000000E-04    3.0023685862E+02
    1.9188581476E-01    2.6541024180E-02    5.0000000000E-04    3.0016806662E+02
    1.9436176076E-01    2.6883489008E-02    5.0000000000E-04    3.0010015658E+02
    1.9683770676E-01    2.7225953836E-02    5.0000000000E-04    3.0003310615E+02
    9.9653977063E-02    1.7795942345E-02    5.0000000000E-04    3.0360558645E+02
    1.0211456909E-01    1.8235348329E-02    5.0000000000E-04    3.0347639153E+02
    1.0457516112E-01    1.8674754312E-02    5.0000000000E-04    3.0335027268E+02
    1.0703575314E-01    1.9114160296E-02    5.0000000000E-04    3.0322708684E+02
    1.0949634517E-01    1.9553566280E-02    5.0000000000E-04    3.0310670068E+02
    1.1195693719E-01    1.9992972264E-02    5.0000000000E-04    3.0298898978E+02
    1.1441752922E-01    2.0432378248E-02    5.0000000000E-04    3.0287383782E+02
    1.1687812125E-01    2.0871784231E-02    5.0000000000E-04    3.0276113590E+02
    1.1933871327E-01    2.1311190215E-02    5.0000000000E-04    3.0265078195E+02
    1.2179930530E-01    2.1750596199E-02    5.0000000000E-04    3.0254268012E+02
    1.2425989733E-01    2.2190002183E-02    5.0000000000E-04    3.0243674033E+02
    1.2672048935E-01    2.2629408167E-02    5.0000000000E-04    3.0233287781E+02
    1.2918108138E-01    2.3068814151E-02    5.0000000000E-04    3.0223101264E+02
    1.3164167340E-01    2.3508220134E-02    5.0000000000E-04    3.0213106946E+02
    1.3410226543E-01    2.3947626118E-02    5.0000000000E-04    3.0203297709E+02
    1.3656285746E-01    2.4387032102E-02    5.0000000000E-04    3.0193666822E+02
    1.3902344948E-01    2.4826438086E-02    5.0000000000E-04    3.0184207916E+02
    1.4148404151E-01    2.5265844070E-02    5.0000000000E-04    3.0174914955E+02
    1.4394463354E-01    2.5705250053E-02    5.0000000000E-04    3.0165782219E+02
    1.4640522556E-01    2.6144656037E-02    5.0000000000E-04    3.0156804275E+02
    1.4886581759E-01    2.6584062021E-02    5.0000000000E-04    3.0147975965E+02
    1.5132640961E-01    2.7023468005E-02    5.0000000000E-04    3.0139292380E+02
    1.5378700164E-01    2.7462873989E-02    5.0000000000E-04    3.0130748855E+02
    1.5624759367E-01    2.7902279973E-02    5.0000000000E-04    3.0122340941E+02
    1.5870818569E-01    2.8341685956E-02    5.0000000000E-04    3.0114064401E+02
    1.6116877772E-01    2.8781091940E-02    5.0000000000E-04    3.0105915192E+02
    1.6362936975E-01    2.9220497924E-02    5.0000000000E-04    3.0097889457E+02
    1.6608996177E-01    2.9659903908E-02    5.0000000000E-04    3.0089983509E+02
    1.6855055380E-01    3.0099309892E-02    5.0000000000E-04    3.0082193826E+02
    1.7101114582E-01    3.0538715876E-02    5.0000000000E-04    3.0074517037E+02
    1.7347173785E-01    3.0978121859E-02    5.0000000000E-04    3.0066949916E+02
    1.7593232988E-01    3.1417527843E-02    5.0000000000E-04    3.0059489375E+02
    1.7839292190E-01    3.1856933827E-02    5.0000000000E-04    3.0052132452E+02
    1.8085351393E-01    3.2296339811E-02    5.0000000000E-04    3.0044876309E+02
    1.8331410596E-01    3.2735745795E-02    5.0000000000E-04    3.0037718223E+02
    1.8577469798E-01    3.3175151778E-02    5.0000000000E-04    3.0030655578E+02
    1.8823529001E-01    3.3614557762E-02    5.0000000000E-04    3.0023685862E+02
    1.9069588203E-01    3.4053963746E-02    5.0000000000E-04    3.0016806662E+02
    1.9315647406E-01    3.4493369730E-02    5.0000000000E-04    3.0010015658E+02
    1.9561706609E-01    3.4932775714E-02    5.0000000000E-04    3.0003310615E+02
    9.8878482041E-02    2.1694619097E-02    5.0000000000E-04    3.0360558645E+02
    1.0131992604E-01    2.2230288705E-02    5.0000000000E-04    3.0347639153E+02
    1.0376137004E-01    2.2765958312E-02    5.0000000000E-04    3.0335027268E+02
    1.0620281404E-01    2.3301627919E-02    5.0000000000E-04    3.0322708684E+02
    1.0864425804E-01    2.3837297527E-02    5.0000000000E-04    3.0310670069E+02
    1.1108570205E-01    2.4372967134E-02    5.0000000000E-04    3.0298898978E+02
    1.1352714605E-01    2.4908636741E-02    5.0000000000E-04    3.0287383782E+02
    1.1596859005E-01    2.5444306349E-02    5.0000000000E-04    3.0276113590E+02
    1.1841003405E-01    2.5979975956E-02    5.0000000000E-04    3.0265078195E+02
    1.2085147805E-01    2.6515645563E-02    5.0000000000E-04    3.0254268012E+02
    1.2329292205E-01    2.7051315171E-02    5.0000000000E-04    3.0243674033E+02
    1.2573436605E-01    2.7586984778E-02    5.0000000000E-04    3.0233287781E+02
    1.2817581005E-01    2.8122654385E-02    5.0000000000E-04    3.0223101264E+02
    1.3061725405E-01    2.8658323993E-02    5.0000000000E-04    3.0213106946E+02
    1.3305869805E-01    2.9193993600E-02    5.0000000000E-04    3.0203297709E+02
    1.3550014206E-01    2.9729663207E-02    5.0000000000E-04    3.0193666822E+02
    1.3794158606E-01    3.0265332815E-02    5.0000000000E-04    3.0184207916E+02
    1.4038303006E-01    3.0801002422E-02    5.0000000000E-04    3.0174914955E+02
    1.4282447406E-01    3.1336672029E-02    5.0000000000E-04    3.0165782219E+02
    1.4526591806E-01    3.1872341637E-02    5.0000000000E-04    3.0156804275E+02
    1.4770736206E-01    3.2408011244E-02    5.0000000000E-04    3.0147975965E+02
    1.5014880606E-01    3.2943680851E-02    5.0000000000E-04    3.0139292381E+02
    1.5259025006E-01    3.3479350459E-02    5.0000000000E-04    3.0130748855E+02
    1.5503169406E-01    3.4015020066E-02    5.0000000000E-04    3.0122340941E+02
    1.5747313806E-01    3.4550689673E-02    5.0000000000E-04    3.0114064401E+02
    1.5991458207E-01    3.5086359281E-02    5.0000000000E-04    3.0105915192E+02
    1.6235602607E-01    3.5622028888E-02    5.0000000000E-04    3.0097889457E+02
    1.6479747007E-01    3.6157698495E-02    5.0000000000E-04    3.0089983510E+02
    1.6723891407E-01    3.6693368103E-02    5.0000000000E-04    3.0082193826E+02
    1.6968035807E-01    3.7229037710E-02    5.0000000000E-04    3.0074517037E+02
    1.7212180207E-01    3.7764707317E-02    5.0000000000E-04    3.0066949916E+02
    1.7456324607E-01    3.8300376925E-02    5.0000000000E-04    3.0059489375E+02
    1.7700469007E-01    3.8836046532E-02    5.0000000000E-04    3.0052132452E+02
    1.7944613407E-01    3.9371716139E-02    5.0000000000E-04    3.0044876309E+02
    1.8188757807E-01    3.9907385747E-02    5.0000000000E-04    3.0037718223E+02
    1.8432902208E-01    4.0443055354E-02    5.0000000000E-04    3.0030655578E+02
    1.8677046608E-01    4.0978724962E-02    5.0000000000E-04    3.0023685862E+02
    1.8921191008E-01    4.1514394569E-02    5.0000000000E-04    3.0016806662E+02
    1.9165335408E-01    4.2050064176E-02    5.0000000000E-04    3.0010015658E+02
    1.9409479808E-01    4.2585733784E-02    5.0000000000E-04    3.0003310615E+02
    9.7950523566E-02    2.5559844320E-02    5.0000000000E-04    3.0360558645E+02
    1.0036905501E-01    2.6190951587E-02    5.0000000000E-04    3.0347639153E+02
    1.0278758646E-01    2.6822058854E-02    5.0000000000E-04    3.0335027269E+02
    1.0520611790E-01    2.7453166121E-02    5.0000000000E-04    3.0322708684E+02
    1.0762464935E-01    2.8084273388E-02    5.0000000000E-04    3.0310670069E+02
    1.1004318080E-01    2.8715380655E-02    5.0000000000E-04    3.0298898978E+02
    1.1246171224E-01    2.9346487923E-02    5.0000000000E-04    3.0287383782E+02
    1.1488024369E-01    2.9977595190E-02    5.0000000000E-04    3.0276113590E+02
    1.1729877513E-01    3.0608702457E-02    5.0000000000E-04    3.0265078195E+02
    1.1971730658E-01    3.1239809724E-02    5.0000000000E-04    3.0254268012E+02
    1.2213583803E-01    3.1870916991E-02    5.0000000000E-04    3.0243674034E+02
    1.2455436947E-01    3.2502024258E-02    5.0000000000E-04    3.0233287781E+02
    1.2697290092E-01    3.3133131525E-02    5.0000000000E-04    3.0223101264E+02
    1.2939143236E-01    3.3764238793E-02    5.0000000000E-04    3.0213106946E+02
    1.3180996381E-01    3.4395346060E-02    5.0000000000E-04    3.0203297709E+02
    1.3422849526E-01    3.5026453327E-02    5.0000000000E-04    3.0193666822E+02
    1.3664702670E-01    3.5657560594E-02    5.0000000000E-04    3.0184207916E+02
    1.3906555815E-01    3.6288667861E-02    5.0000000000E-04    3.0174914955E+02
    1.4148408959E-01    3.6919775128E-02    5.0000000000E-04    3.0165782219E+02
    1.4390262104E-01    3.7550882395E-02    5.0000000000E-04    3.0156804276E+02
    1.4632115249E-01    3.8181989663E-02    5.0000000000E-04    3.0147975965E+02
    1.4873968393E-01    3.8813096930E-02    5.0000000000E-04    3.0139292381E+02
    1.5115821538E-01    3.9444204197E-02    5.0000000000E-04    3.0130748855E+02
    1.5357674683E-01    4.0075311464E-02    5.0000000000E-04    3.0122340941E+02
    1.5599527827E-01    4.0706418731E-02    5.0000000000E-04    3.0114064401E+02
    1.5841380972E-01    4.1337525998E-02    5.0000000000E-04    3.0105915192E+02
    1.6083234116E-01    4.1968633266E-02    5.0000000000E-04    3.0097889457E+02
    1.6325087261E-01    4.2599740533E-02    5.0000000000E-04    3.0089983510E+02
    1.6566940406E-01    4.3230847800E-02    5.0000000000E-04    3.0082193826E+02
    1.6808793550E-01    4.3861955067E-02    5.0000000000E-04    3.0074517037E+02
    1.7050646695E-01    4.4493062334E-02    5.0000000000E-04    3.0066949916E+02
    1.7292499839E-01    4.5124169601E-02    5.0000000000E-04    3.0059489375E+02
    1.7534352984E-01    4.5755276868E-02    5.0000000000E-04    3.0052132452E+02
    1.7776206129E-01    4.6386384136E-02    5.0000000000E-04    3.0044876309E+02
    1.8018059273E-01    4.7017491403E-02    5.0000000000E-04    3.0037718223E+02
    1.8259912418E-01    4.7648598670E-02    5.0000000000E-04    3.0030655578E+02
    1.8501765562E-01    4.8279705937E-02    5.0000000000E-04    3.0023685862E+02
    1.8743618707E-01    4.8910813204E-02    5.0000000000E-04    3.0016806662E+02
    1.8985471852E-01    4.9541920471E-02    5.0000000000E-04    3.0010015658E+02
    1.9227324996E-01    5.0173027739E-02    5.0000000000E-04    3.0003310615E+02
    9.6871532483E-02    2.9385658115E-02    5.0000000000E-04    3.0360558645E+02
    9.9263422174E-02    3.0111229920E-02    5.0000000000E-04    3.0347639153E+02
    1.0165531186E-01    3.0836801725E-02    5.0000000000E-04    3.0335027269E+02
    1.0404720156E-01    3.1562373531E-02    5.0000000000E-04    3.0322708684E+02
    1.0643909125E-01    3.2287945336E-02    5.0000000000E-04    3.0310670069E+02
    1.0883098094E-01    3.3013517141E-02    5.0000000000E-04    3.0298898978E+02
    1.1122287063E-01    3.3739088946E-02    5.0000000000E-04    3.0287383782E+02
    1.1361476032E-01    3.4464660752E-02    5.0000000000E-04    3.0276113590E+02
    1.1600665001E-01    3.5190232557E-02    5.0000000000E-04    3.0265078195E+02
    1.1839853970E-01    3.5915804362E-02    5.0000000000E-04    3.0254268012E+02
    1.2079042939E-01    3.6641376168E-02    5.0000000000E-04    3.0243674034E+02
    1.2318231908E-01    3.7366947973E-02    5.0000000000E-04    3.0233287781E+02
    1.2557420877E-01    3.8092519778E-02    5.0000000000E-04    3.0223101264E+02
    1.2796609847E-01    3.8818091584E-02    5.0000000000E-04    3.0213106946E+02
    1.3035798816E-01    3.9543663389E-02    5.0000000000E-04    3.0203297709E+02
    1.3274987785E-01    4.0269235194E-02    5.0000000000E-04    3.0193666822E+02
    1.3514176754E-01    4.0994806999E-02    5.0000000000E-04    3.0184207916E+02
    1.3753365723E-01    4.1720378805E-02    5.0000000000E-04    3.0174914956E+02
    1.3992554692E-01    4.2445950610E-02    5.0000000000E-04    3.0165782219E+02
    1.4231743661E-01    4.3171522415E-02    5.0000000000E-04    3.0156804276E+02
    1.4470932630E-01    4.3897094221E-02    5.0000000000E-04    3.0147975965E+02
    1.4710121599E-01    4.4622666026E-02    5.0000000000E-04    3.0139292381E+02
    1.4949310568E-01    4.5348237831E-02    5.0000000000E-04    3.0130748855E+02
    1.5188499537E-01    4.6073809637E-02    5.0000000000E-04    3.0122340941E+02
    1.5427688507E-01    4.6799381442E-02    5.0000000000E-04    3.0114064401E+02
    1.5666877476E-01    4.7524953247E-02    5.0000000000E-04    3.0105915192E+02
    1.5906066445E-01    4.8250525052E-02    5.0000000000E-04    3.0097889457E+02
    1.6145255414E-01    4.8976096858E-02    5.0000000000E-04    3.0089983510E+02
    1.6384444383E-01    4.9701668663E-02    5.0000000000E-04    3.0082193826E+02
    1.6623633352E-01    5.0427240468E-02    5.0000000000E-04    3.0074517037E+02
    1.6862822321E-01    5.1152812274E-02    5.0000000000E-04    3.0066949916E+02
    1.7102011290E-01    5.1878384079E-02    5.0000000000E-04    3.0059489375E+02
    1.7341200259E-01    5.2603955884E-02    5.0000000000E-04    3.0052132452E+02
    1.7580389228E-01    5.3329527690E-02    5.0000000000E-04    3.0044876309E+02
    1.7819578197E-01    5.4055099495E-02    5.0000000000E-04    3.0037718223E+02
    1.8058767167E-01    5.4780671300E-02    5.0000000000E-04    3.0030655578E+02
    1.8297956136E-01    5.5506243105E-02    5.0000000000E-04    3.0023685862E+02
    1.8537145105E-01    5.6231814911E-02    5.0000000000E-04    3.0016806662E+02
    1.8776334074E-01    5.6957386716E-02    5.0000000000E-04    3.0010015658E+02
    1.9015523043E-01    5.7682958521E-02    5.0000000000E-04    3.0003310615E+02
    9.5643172519E-02    3.3166161355E-02    5.0000000000E-04    3.0360558645E+02
    9.8004732334E-02    3.3985078919E-02    5.0000000000E-04    3.0347639153E+02
    1.0036629215E-01    3.4803996483E-02    5.0000000000E-04    3.0335027269E+02
    1.0272785196E-01    3.5622914048E-02    5.0000000000E-04    3.0322708685E+02
    1.0508941178E-01    3.6441831612E-02    5.0000000000E-04    3.0310670069E+02
    1.0745097159E-01    3.7260749176E-02    5.0000000000E-04    3.0298898978E+02
    1.0981253141E-01    3.8079666741E-02    5.0000000000E-04    3.0287383782E+02
    1.1217409123E-01    3.8898584305E-02    5.0000000000E-04    3.0276113590E+02
    1.1453565104E-01    3.9717501869E-02    5.0000000000E-04    3.0265078195E+02
    1.1689721086E-01    4.0536419434E-02    5.0000000000E-04    3.0254268012E+02
    1.1925877067E-01    4.1355336998E-02    5.0000000000E-04    3.0243674034E+02
    1.2162033049E-01    4.2174254562E-02    5.0000000000E-04    3.0233287781E+02
    1.2398189030E-01    4.2993172127E-02    5.0000000000E-04    3.0223101264E+02
    1.2634345012E-01    4.3812089691E-02    5.0000000000E-04    3.0213106946E+02
    1.2870500993E-01    4.4631007255E-02    5.0000000000E-04    3.0203297709E+02
    1.3106656975E-01    4.5449924820E-02    5.0000000000E-04    3.0193666822E+02
    1.3342812956E-01    4.6268842384E-02    5.0000000000E-04    3.0184207916E+02
    1.3578968938E-01    4.7087759948E-02    5.0000000000E-04    3.0174914956E+02
    1.3815124919E-01    4.7906677512E-02    5.0000000000E-04    3.0165782219E+02
    1.4051280901E-01    4.8725595077E-02    5.0000000000E-04    3.0156804276E+02
    1.4287436882E-01    4.9544512641E-02    5.0000000000E-04    3.0147975965E+02
    1.4523592864E-01    5.0363430205E-02    5.0000000000E-04    3.0139292381E+02
    1.4759748845E-01    5.1182347770E-02    5.0000000000E-04    3.0130748855E+02
    1.4995904827E-01    5.2001265334E-02    5.0000000000E-04    3.0122340941E+02
    1.5232060809E-01    5.2820182898E-02    5.0000000000E-04    3.0114064401E+02
    1.5468216790E-01    5.3639100463E-02    5.0000000000E-04    3.0105915193E+02
    1.5704372772E-01    5.4458018027E-02    5.0000000000E-04    3.0097889457E+02
    1.5940528753E-01    5.5276935591E-02    5.0000000000E-04    3.0089983510E+02
    1.6176684735E-01    5.6095853156E-02    5.0000000000E-04    3.0082193826E+02
    1.6412840716E-01    5.6914770720E-02    5.0000000000E-04    3.0074517037E+02
    1.6648996698E-01    5.7733688284E-02    5.0000000000E-04    3.0066949916E+02
    1.6885152679E-01    5.8552605849E-02    5.0000000000E-04    3.0059489375E+02
    1.7121308661E-01    5.9371523413E-02    5.0000000000E-04    3.0052132452E+02
    1.7357464642E-01    6.0190440977E-02    5.0000000000E-04    3.0044876309E+02
    1.7593620624E-01    6.1009358542E-02    5.0000000000E-04    3.0037718223E+02
    1.7829776605E-01    6.1828276106E-02    5.0000000000E-04    3.0030655578E+02
    1.8065932587E-01    6.2647193670E-02    5.0000000000E-04    3.0023685862E+02
    1.8302088568E-01    6.3466111234E-02    5.0000000000E-04    3.0016806662E+02
    1.8538244550E-01    6.4285028799E-02    5.0000000000E-04    3.0010015658E+02
    1.8774400531E-01    6.5103946363E-02    5.0000000000E-04    3.0003310615E+02
    9.4267337714E-02    3.6895524778E-02    5.0000000000E-04    3.0360558645E+02
    9.6594926300E-02    3.7806525390E-02    5.0000000000E-04    3.0347639153E+02
    9.8922514886E-02    3.8717526002E-02    5.0000000000E-04    3.0335027269E+02
    1.0125010347E-01    3.9628526613E-02    5.0000000000E-04    3.0322708685E+02
    1.0357769206E-01    4.0539527225E-02    5.0000000000E-04    3.0310670069E+02
    1.0590528064E-01    4.1450527837E-02    5.0000000000E-04    3.0298898979E+02
    1.0823286923E-01    4.2361528449E-02    5.0000000000E-04    3.0287383782E+02
    1.1056045781E-01    4.3272529061E-02    5.0000000000E-04    3.0276113590E+02
    1.1288804640E-01    4.4183529672E-02    5.0000000000E-04    3.0265078195E+02
    1.1521563498E-01    4.5094530284E-02    5.0000000000E-04    3.0254268012E+02
    1.1754322357E-01    4.6005530896E-02    5.0000000000E-04    3.0243674034E+02
    1.1987081216E-01    4.6916531508E-02    5.0000000000E-04    3.0233287781E+02
    1.2219840074E-01    4.7827532120E-02    5.0000000000E-04    3.0223101264E+02
    1.2452598933E-01    4.8738532731E-02    5.0000000000E-04    3.0213106946E+02
    1.2685357791E-01    4.9649533343E-02    5.0000000000E-04    3.0203297709E+02
    1.2918116650E-01    5.0560533955E-02    5.0000000000E-04    3.0193666822E+02
    1.3150875508E-01    5.1471534567E-02    5.0000000000E-04    3.0184207916E+02
    1.3383634367E-01    5.2382535179E-02    5.0000000000E-04    3.0174914956E+02
    1.3616393225E-01    5.3293535790E-02    5.0000000000E-04    3.0165782219E+02
    1.3849152084E-01    5.4204536402E-02    5.0000000000E-04    3.0156804276E+02
    1.4081910943E-01    5.5115537014E-02    5.0000000000E-04    3.0147975965E+02
    1.4314669801E-01    5.6026537626E-02    5.0000000000E-04    3.0139292381E+02
    1.4547428660E-01    5.6937538238E-02    5.0000000000E-04    3.0130748855E+02
    1.4780187518E-01    5.7848538850E-02    5.0000000000E-04    3.0122340941E+02
    1.5012946377E-01    5.8759539461E-02    5.0000000000E-04    3.0114064401E+02
    1.5245705235E-01    5.9670540073E-02    5.0000000000E-04    3.0105915193E+02
    1.5478464094E-01    6.0581540685E-02    5.0000000000E-04    3.0097889457E+02
    1.5711222952E-01    6.1492541297E-02    5.0000000000E-04    3.0089983510E+02
    1.5943981811E-01    6.2403541909E-02    5.0000000000E-04    3.0082193826E+02
    1.6176740670E-01    6.3314542520E-02    5.0000000000E-04    3.0074517037E+02
    1.6409499528E-01    6.4225543132E-02    5.0000000000E-04    3.0066949916E+02
    1.6642258387E-01    6.5136543744E-02    5.0000000000E-04    3.0059489375E+02
    1.6875017245E-01    6.6047544356E-02    5.0000000000E-04    3.0052132452E+02
    1.7107776104E-01    6.6958544968E-02    5.0000000000E-04    3.0044876310E+02
    1.7340534962E-01    6.7869545579E-02    5.0000000000E-04    3.0037718223E+02
    1.7573293821E-01    6.8780546191E-02    5.0000000000E-04    3.0030655578E+02
    1.7806052679E-01    6.9691546803E-02    5.0000000000E-04    3.0023685862E+02
    1.8038811538E-01    7.0602547415E-02    5.0000000000E-04    3.0016806662E+02
    1.8271570397E-01    7.1513548027E-02    5.0000000000E-04    3.0010015658E+02
    1.8504329255E-01    7.2424548638E-02    5.0000000000E-04    3.0003310615E+02
    9.2746149508E-02    4.0567997976E-02    5.0000000000E-04    3.0360558645E+02
    9.5036177891E-02    4.1569676939E-02    5.0000000000E-04    3.0347639153E+02
    9.7326206274E-02    4.2571355901E-02    5.0000000000E-04    3.0335027269E+02
    9.9616234657E-02    4.3573034863E-02    5.0000000000E-04    3.0322708685E+02
    1.0190626304E-01    4.4574713826E-02    5.0000000000E-04    3.0310670069E+02
    1.0419629142E-01    4.5576392788E-02    5.0000000000E-04    3.0298898979E+02
    1.0648631981E-01    4.6578071751E-02    5.0000000000E-04    3.0287383782E+02
    1.0877634819E-01    4.7579750713E-02    5.0000000000E-04    3.0276113590E+02
    1.1106637657E-01    4.8581429675E-02    5.0000000000E-04    3.0265078195E+02
    1.1335640495E-01    4.9583108638E-02    5.0000000000E-04    3.0254268012E+02
    1.1564643334E-01    5.0584787600E-02    5.0000000000E-04    3.0243674034E+02
    1.1793646172E-01    5.1586466562E-02    5.0000000000E-04    3.0233287781E+02
    1.2022649010E-01    5.2588145525E-02    5.0000000000E-04    3.0223101264E+02
    1.2251651849E-01    5.3589824487E-02    5.0000000000E-04    3.0213106947E+02
    1.2480654687E-01    5.4591503450E-02    5.0000000000E-04    3.0203297709E+02
    1.2709657525E-01    5.5593182412E-02    5.0000000000E-04    3.0193666822E+02
    1.2938660364E-01    5.6594861374E-02    5.0000000000E-04    3.0184207916E+02
    1.3167663202E-01    5.7596540337E-02    5.0000000000E-04    3.0174914956E+02
    1.3396666040E-01    5.8598219299E-02    5.0000000000E-04    3.0165782219E+02
    1.3625668878E-01    5.9599898261E-02    5.0000000000E-04    3.0156804276E+02
    1.3854671717E-01    6.0601577224E-02    5.0000000000E-04    3.0147975965E+02
    1.4083674555E-01    6.1603256186E-02    5.0000000000E-04    3.0139292381E+02
    1.4312677393E-01    6.2604935149E-02    5.0000000000E-04    3.0130748855E+02
    1.4541680232E-01    6.3606614111E-02    5.0000000000E-04    3.0122340941E+02
    1.4770683070E-01    6.4608293073E-02    5.0000000000E-04    3.0114064401E+02
    1.4999685908E-01    6.5609972036E-02    5.0000000000E-04    3.0105915193E+02
    1.5228688746E-01    6.6611650998E-02    5.0000000000E-04    3.0097889457E+02
    1.5457691585E-01    6.7613329961E-02    5.0000000000E-04    3.0089983510E+02
    1.5686694423E-01    6.8615008923E-02    5.0000000000E-04    3.0082193826E+02
    1.5915697261E-01    6.9616687885E-02    5.0000000000E-04    3.0074517037E+02
    1.6144700100E-01    7.0618366848E-02    5.0000000000E-04    3.0066949916E+02
    1.6373702938E-01    7.1620045810E-02    5.0000000000E-04    3.0059489375E+02
    1.6602705776E-01    7.2621724772E-02    5.0000000000E-04    3.0052132452E+02
    1.6831708614E-01    7.3623403735E-02    5.0000000000E-04    3.0044876310E+02
    1.7060711453E-01    7.4625082697E-02    5.0000000000E-04    3.0037718223E+02
    1.7289714291E-01    7.5626761660E-02    5.0000000000E-04    3.0030655578E+02
    1.7518717129E-01    7.6628440622E-02    5.0000000000E-04    3.0023685862E+02
    1.7747719968E-01    7.7630119584E-02    5.0000000000E-04    3.0016806662E+02
    1.7976722806E-01    7.8631798547E-02    5.0000000000E-04    3.0010015658E+02
    1.8205725644E-01    7.9633477509E-02    5.0000000000E-04    3.0003310615E+02
    9.1081953462E-02    4.4177918262E-02    5.0000000000E-04    3.0360558645E+02
    9.3330890584E-02    4.5268731059E-02    5.0000000000E-04    3.0347639153E+02
    9.5579827707E-02    4.6359543855E-02    5.0000000000E-04    3.0335027269E+02
    9.7828764829E-02    4.7450356652E-02    5.0000000000E-04    3.0322708685E+02
    1.0007770195E-01    4.8541169449E-02    5.0000000000E-04    3.0310670069E+02
    1.0232663907E-01    4.9631982245E-02    5.0000000000E-04    3.0298898979E+02
    1.0457557620E-01    5.0722795042E-02    5.0000000000E-04    3.0287383782E+02
    1.0682451332E-01    5.1813607838E-02    5.0000000000E-04    3.0276113591E+02
    1.0907345044E-01    5.2904420635E-02    5.0000000000E-04    3.0265078195E+02
    1.1132238756E-01    5.3995233432E-02    5.0000000000E-04    3.0254268012E+02
    1.1357132469E-01    5.5086046228E-02    5.0000000000E-04    3.0243674034E+02
    1.1582026181E-01    5.6176859025E-02    5.0000000000E-04    3.0233287781E+02
    1.1806919893E-01    5.7267671821E-02    5.0000000000E-04    3.0223101264E+02
    1.2031813605E-01    5.8358484618E-02    5.0000000000E-04    3.0213106947E+02
    1.2256707318E-01    5.9449297414E-02    5.0000000000E-04    3.0203297709E+02
    1.2481601030E-01    6.0540110211E-02    5.0000000000E-04    3.0193666822E+02
    1.2706494742E-01    6.1630923008E-02    5.0000000000E-04    3.0184207916E+02
    1.2931388454E-01    6.2721735804E-02    5.0000000000E-04    3.0174914956E+02
    1.3156282167E-01    6.3812548601E-02    5.0000000000E-04    3.0165782219E+02
    1.3381175879E-01    6.4903361397E-02    5.0000000000E-04    3.0156804276E+02
    1.3606069591E-01    6.5994174194E-02    5.0000000000E-04    3.0147975965E+02
    1.3830963303E-01    6.7084986991E-02    5.0000000000E-04    3.0139292381E+02
    1.4055857016E-01    6.8175799787E-02    5.0000000000E-04    3.0130748855E+02
    1.4280750728E-01    6.9266612584E-02    5.0000000000E-04    3.0122340941E+02
    1.4505644440E-01    7.0357425380E-02    5.0000000000E-04    3.0114064401E+02
    1.4730538152E-01    7.1448238177E-02    5.0000000000E-04    3.0105915193E+02
    1.4955431865E-01    7.2539050974E-02    5.0000000000E-04    3.0097889457E+02
    1.5180325577E-01    7.3629863770E-02    5.0000000000E-04    3.0089983510E+02
    1.5405219289E-01    7.4720676567E-02    5.0000000000E-04    3.0082193826E+02
    1.5630113001E-01    7.5811489363E-02    5.0000000000E-04    3.0074517037E+02
    1.5855006714E-01    7.6902302160E-02    5.0000000000E-04    3.0066949916E+02
    1.6079900426E-01    7.7993114957E-02    5.0000000000E-04    3.0059489375E+02
    1.6304794138E-01    7.9083927753E-02    5.0000000000E-04    3.0052132452E+02
    1.6529687850E-01    8.0174740550E-02    5.0000000000E-04    3.0044876310E+02
    1.6754581563E-01    8.1265553346E-02    5.0000000000E-04    3.0037718223E+02
    1.6979475275E-01    8.2356366143E-02    5.0000000000E-04    3.0030655578E+02
    1.7204368987E-01    8.3447178940E-02    5.0000000000E-04    3.0023685862E+02
    1.7429262700E-01    8.4537991736E-02    5.0000000000E-04    3.0016806662E+02
    1.7654156412E-01    8.5628804533E-02    5.0000000000E-04    3.0010015658E+02
    1.7879050124E-01    8.6719617329E-02    5.0000000000E-04    3.0003310615E+02
    8.9277315645E-02    4.7719719400E-02    5.0000000000E-04    3.0360558645E+02
    9.1481693809E-02    4.8897984077E-02    5.0000000000E-04    3.0347639153E+02
    9.3686071973E-02    5.0076248753E-02    5.0000000000E-04    3.0335027269E+02
    9.5890450137E-02    5.1254513430E-02    5.0000000000E-04    3.0322708685E+02
    9.8094828301E-02    5.2432778106E-02    5.0000000000E-04    3.0310670069E+02
    1.0029920647E-01    5.3611042783E-02    5.0000000000E-04    3.0298898979E+02
    1.0250358463E-01    5.4789307459E-02    5.0000000000E-04    3.0287383782E+02
    1.0470796279E-01    5.5967572136E-02    5.0000000000E-04    3.0276113591E+02
    1.0691234096E-01    5.7145836812E-02    5.0000000000E-04    3.0265078195E+02
    1.0911671912E-01    5.8324101489E-02    5.0000000000E-04    3.0254268012E+02
    1.1132109729E-01    5.9502366166E-02    5.0000000000E-04    3.0243674034E+02
    1.1352547545E-01    6.0680630842E-02    5.0000000000E-04    3.0233287781E+02
    1.1572985361E-01    6.1858895519E-02    5.0000000000E-04    3.0223101264E+02
    1.1793423178E-01    6.3037160195E-02    5.0000000000E-04    3.0213106947E+02
    1.2013860994E-01    6.4215424872E-02    5.0000000000E-04    3.0203297709E+02
    1.2234298811E-01    6.5393689548E-02    5.0000000000E-04    3.0193666822E+02
    1.2454736627E-01    6.6571954225E-02    5.0000000000E-04    3.0184207916E+02
    1.2675174443E-01    6.7750218901E-02    5.0000000000E-04    3.0174914956E+02
    1.2895612260E-01    6.8928483578E-02    5.0000000000E-04    3.0165782220E+02
    1.3116050076E-01    7.0106748254E-02    5.0000000000E-04    3.0156804276E+02
    1.3336487893E-01    7.1285012931E-02    5.0000000000E-04    3.0147975965E+02
    1.3556925709E-01    7.2463277608E-02    5.0000000000E-04    3.0139292381E+02
    1.3777363525E-01    7.3641542284E-02    5.0000000000E-04    3.0130748855E+02
    1.3997801342E-01    7.4819806961E-02    5.0000000000E-04    3.0122340941E+02
    1.4218239158E-01    7.5998071637E-02    5.0000000000E-04    3.0114064401E+02
    1.4438676975E-01    7.7176336314E-02    5.0000000000E-04    3.0105915193E+02
    1.4659114791E-01    7.8354600990E-02    5.0000000000E-04    3.0097889458E+02
    1.4879552608E-01    7.9532865667E-02    5.0000000000E-04    3.0089983510E+02
    1.5099990424E-01    8.0711130343E-02    5.0000000000E-04    3.0082193826E+02
    1.5320428240E-01    8.1889395020E-02    5.0000000000E-04    3.0074517037E+02
    1.5540866057E-01    8.3067659696E-02    5.0000000000E-04    3.0066949916E+02
    1.5761303873E-01    8.4245924373E-02    5.0000000000E-04    3.0059489375E+02
    1.5981741690E-01    8.5424189050E-02    5.0000000000E-04    3.0052132452E+02
    1.6202179506E-01    8.6602453726E-02    5.0000000000E-04    3.0044876310E+02
    1.6422617322E-01    8.7780718403E-02    5.0000000000E-04    3.0037718223E+02
    1.6643055139E-01    8.8958983079E-02    5.0000000000E-04    3.0030655578E+02
    1.6863492955E-01    9.0137247756E-02    5.0000000000E-04    3.0023685862E+02
    1.7083930772E-01    9.1315512432E-02    5.0000000000E-04    3.0016806662E+02
    1.7304368588E-01    9.2493777109E-02    5.0000000000E-04    3.0010015658E+02
    1.7524806404E-01    9.3672041785E-02    5.0000000000E-04    3.0003310615E+02
    8.7335018678E-02    5.1187940190E-02    5.0000000000E-04    3.0360558645E+02
    8.9491438893E-02    5.2451839947E-02    5.0000000000E-04    3.0347639153E+02
    9.1647859107E-02    5.3715739705E-02    5.0000000000E-04    3.0335027269E+02
    9.3804279321E-02    5.4979639463E-02    5.0000000000E-04    3.0322708685E+02
    9.5960699536E-02    5.6243539221E-02    5.0000000000E-04    3.0310670069E+02
    9.8117119750E-02    5.7507438978E-02    5.0000000000E-04    3.0298898979E+02
    1.0027353996E-01    5.8771338736E-02    5.0000000000E-04    3.0287383782E+02
    1.0242996018E-01    6.0035238494E-02    5.0000000000E-04    3.0276113591E+02
    1.0458638039E-01    6.1299138252E-02    5.0000000000E-04    3.0265078195E+02
    1.0674280061E-01    6.2563038009E-02    5.0000000000E-04    3.0254268012E+02
    1.0889922082E-01    6.3826937767E-02    5.0000000000E-04    3.0243674034E+02
    1.1105564104E-01    6.5090837525E-02    5.0000000000E-04    3.0233287781E+02
    1.1321206125E-01    6.6354737283E-02    5.0000000000E-04    3.0223101264E+02
    1.1536848146E-01    6.7618637040E-02    5.0000000000E-04    3.0213106947E+02
    1.1752490168E-01    6.8882536798E-02    5.0000000000E-04    3.0203297709E+02
    1.1968132189E-01    7.0146436556E-02    5.0000000000E-04    3.0193666822E+02
    1.2183774211E-01    7.1410336314E-02    5.0000000000E-04    3.0184207916E+02
    1.2399416232E-01    7.2674236072E-02    5.0000000000E-04    3.0174914956E+02
    1.2615058254E-01    7.3938135829E-02    5.0000000000E-04    3.0165782220E+02
    1.2830700275E-01    7.5202035587E-02    5.0000000000E-04    3.0156804276E+02
    1.3046342296E-01    7.6465935345E-02    5.0000000000E-04    3.0147975965E+02
    1.3261984318E-01    7.7729835103E-02    5.0000000000E-04    3.0139292381E+02
    1.3477626339E-01    7.8993734860E-02    5.0000000000E-04    3.0130748855E+02
    1.3693268361E-01    8.0257634618E-02    5.0000000000E-04    3.0122340941E+02
    1.3908910382E-01    8.1521534376E-02    5.0000000000E-04    3.0114064401E+02
    1.4124552404E-01    8.2785434134E-02    5.0000000000E-04    3.0105915193E+02
    1.4340194425E-01    8.4049333891E-02    5.0000000000E-04    3.0097889458E+02
    1.4555836446E-01    8.5313233649E-02    5.0000000000E-04    3.0089983510E+02
    1.4771478468E-01    8.6577133407E-02    5.0000000000E-04    3.0082193826E+02
    1.4987120489E-01    8.7841033165E-02    5.0000000000E-04    3.0074517037E+02
    1.5202762511E-01    8.9104932923E-02    5.0000000000E-04    3.0066949916E+02
    1.5418404532E-01    9.0368832680E-02    5.0000000000E-04    3.0059489375E+02
    1.5634046554E-01    9.1632732438E-02    5.0000000000E-04    3.0052132452E+02
    1.5849688575E-01    9.2896632196E-02    5.0000000000E-04    3.0044876310E+02
    1.6065330596E-01    9.4160531954E-02    5.0000000000E-04    3.0037718223E+02
    1.6280972618E-01    9.5424431711E-02    5.0000000000E-04    3.0030655578E+02
    1.6496614639E-01    9.6688331469E-02    5.0000000000E-04    3.0023685862E+02
    1.6712256661E-01    9.7952231227E-02    5.0000000000E-04    3.0016806662E+02
    1.6927898682E-01    9.9216130985E-02    5.0000000000E-04    3.0010015658E+02
    1.7143540704E-01    1.0048003074E-01    5.0000000000E-04    3.0003310615E+02
    8.5258057443E-02    5.4577232885E-02    5.0000000000E-04    3.0360558645E+02
    8.7363194664E-02    5.5924818883E-02    5.0000000000E-04    3.0347639154E+02
    8.9468331885E-02    5.7272404880E-02    5.0000000000E-04    3.0335027269E+02
    9.1573469106E-02    5.8619990877E-02    5.0000000000E-04    3.0322708685E+02
    9.3678606327E-02    5.9967576874E-02    5.0000000000E-04    3.0310670069E+02
    9.5783743547E-02    6.1315162871E-02    5.0000000000E-04    3.0298898979E+02
    9.7888880768E-02    6.2662748868E-02    5.0000000000E-04    3.0287383782E+02
    9.9994017989E-02    6.4010334866E-02    5.0000000000E-04    3.0276113591E+02
    1.0209915521E-01    6.5357920863E-02    5.0000000000E-04    3.0265078195E+02
    1.0420429243E-01    6.6705506860E-02    5.0000000000E-04    3.0254268013E+02
    1.0630942965E-01    6.8053092857E-02    5.0000000000E-04    3.0243674034E+02
    1.0841456687E-01    6.9400678854E-02    5.0000000000E-04    3.0233287781E+02
    1.1051970409E-01    7.0748264851E-02    5.0000000000E-04    3.0223101264E+02
    1.1262484131E-01    7.2095850849E-02    5.0000000000E-04    3.0213106947E+02
    1.1472997853E-01    7.3443436846E-02    5.0000000000E-04    3.0203297709E+02
    1.1683511576E-01    7.4791022843E-02    5.0000000000E-04    3.0193666822E+02
    1.1894025298E-01    7.6138608840E-02    5.0000000000E-04    3.0184207916E+02
    1.2104539020E-01    7.7486194837E-02    5.0000000000E-04    3.0174914956E+02
    1.2315052742E-01    7.8833780834E-02    5.0000000000E-04    3.0165782220E+02
    1.2525566464E-01    8.0181366832E-02    5.0000000000E-04    3.0156804276E+02
    1.2736080186E-01    8.1528952829E-02    5.0000000000E-04    3.0147975965E+02
    1.2946593908E-01    8.2876538826E-02    5.0000000000E-04    3.0139292381E+02
    1.3157107630E-01    8.4224124823E-02    5.0000000000E-04    3.0130748855E+02
    1.3367621352E-01    8.5571710820E-02    5.0000000000E-04    3.0122340941E+02
    1.3578135074E-01    8.6919296817E-02    5.0000000000E-04    3.0114064401E+02
    1.3788648796E-01    8.8266882815E-02    5.0000000000E-04    3.0105915193E+02
    1.3999162518E-01    8.9614468812E-02    5.0000000000E-04    3.0097889458E+02
    1.4209676241E-01    9.0962054809E-02    5.0000000000E-04    3.0089983510E+02
    1.4420189963E-01    9.2309640806E-02    5.0000000000E-04    3.0082193826E+02
    1.4630703685E-01    9.3657226803E-02    5.0000000000E-04    3.0074517037E+02
    1.4841217407E-01    9.5004812800E-02    5.0000000000E-04    3.0066949916E+02
    1.5051731129E-01    9.6352398798E-02    5.0000000000E-04    3.0059489375E+02
    1.5262244851E-01    9.7699984795E-02    5.0000000000E-04    3.0052132452E+02
    1.5472758573E-01    9.9047570792E-02    5.0000000000E-04    3.0044876310E+02
    1.5683272295E-01    1.0039515679E-01    5.0000000000E-04    3.0037718223E+02
    1.5893786017E-01    1.0174274279E-01    5.0000000000E-04    3.0030655578E+02
    1.6104299739E-01    1.0309032878E-01    5.0000000000E-04    3.0023685862E+02
    1.6314813461E-01    1.0443791478E-01    5.0000000000E-04    3.0016806662E+02
    1.6525327183E-01    1.0578550078E-01    5.0000000000E-04    3.0010015658E+02
    1.6735840906E-01    1.0713308677E-01    5.0000000000E-04    3.0003310615E+02
    8.3049634463E-02    5.7882371444E-02    5.0000000000E-04    3.0360558646E+02
    8.5100242721E-02    5.9311565801E-02    5.0000000000E-04    3.0347639154E+02
    8.7150850980E-02    6.0740760157E-02    5.0000000000E-04    3.0335027269E+02
    8.9201459238E-02    6.2169954514E-02    5.0000000000E-04    3.0322708685E+02
    9.1252067496E-02    6.3599148870E-02    5.0000000000E-04    3.0310670069E+02
    9.3302675755E-02    6.5028343227E-02    5.0000000000E-04    3.0298898979E+02
    9.5353284013E-02    6.6457537584E-02    5.0000000000E-04    3.0287383782E+02
    9.7403892271E-02    6.7886731940E-02    5.0000000000E-04    3.0276113591E+02
    9.9454500530E-02    6.9315926297E-02    5.0000000000E-04    3.0265078195E+02
    1.0150510879E-01    7.0745120654E-02    5.0000000000E-04    3.0254268013E+02
    1.0355571705E-01    7.2174315010E-02    5.0000000000E-04    3.0243674034E+02
    1.0560632530E-01    7.3603509367E-02    5.0000000000E-04    3.0233287781E+02
    1.0765693356E-01    7.5032703724E-02    5.0000000000E-04    3.0223101265E+02
    1.0970754182E-01    7.6461898080E-02    5.0000000000E-04    3.0213106947E+02
    1.1175815008E-01    7.7891092437E-02    5.0000000000E-04    3.0203297710E+02
    1.1380875834E-01    7.9320286794E-02    5.0000000000E-04    3.0193666823E+02
    1.1585936660E-01    8.0749481150E-02    5.0000000000E-04    3.0184207916E+02
    1.1790997485E-01    8.2178675507E-02    5.0000000000E-04    3.0174914956E+02
    1.1996058311E-01    8.3607869863E-02    5.0000000000E-04    3.0165782220E+02
    1.2201119137E-01    8.5037064220E-02    5.0000000000E-04    3.0156804276E+02
    1.2406179963E-01    8.6466258577E-02    5.0000000000E-04    3.0147975965E+02
    1.2611240789E-01    8.7895452933E-02    5.0000000000E-04    3.0139292381E+02
    1.2816301615E-01    8.9324647290E-02    5.0000000000E-04    3.0130748855E+02
    1.3021362441E-01    9.0753841647E-02    5.0000000000E-04    3.0122340941E+02
    1.3226423266E-01    9.2183036003E-02    5.0000000000E-04    3.0114064401E+02
    1.3431484092E-01    9.3612230360E-02    5.0000000000E-04    3.0105915193E+02
    1.3636544918E-01    9.5041424717E-02    5.0000000000E-04    3.0097889458E+02
    1.3841605744E-01    9.6470619073E-02    5.0000000000E-04    3.0089983510E+02
    1.4046666570E-01    9.7899813430E-02    5.0000000000E-04    3.0082193826E+02
    1.4251727396E-01    9.9329007786E-02    5.0000000000E-04    3.0074517037E+02
    1.4456788221E-01    1.0075820214E-01    5.0000000000E-04    3.0066949916E+02
    1.4661849047E-01    1.0218739650E-01    5.0000000000E-04    3.0059489375E+02
    1.4866909873E-01    1.0361659086E-01    5.0000000000E-04    3.0052132452E+02
    1.5071970699E-01    1.0504578521E-01    5.0000000000E-04    3.0044876310E+02
    1.5277031525E-01    1.0647497957E-01    5.0000000000E-04    3.0037718223E+02
    1.5482092351E-01    1.0790417393E-01    5.0000000000E-04    3.0030655578E+02
    1.5687153176E-01    1.0933336828E-01    5.0000000000E-04    3.0023685862E+02
    1.5892214002E-01    1.1076256264E-01    5.0000000000E-04    3.0016806662E+02
    1.6097274828E-01    1.1219175700E-01    5.0000000000E-04    3.0010015658E+02
    1.6302335654E-01    1.1362095135E-01    5.0000000000E-04    3.0003310615E+02
    8.0713154966E-02    6.1098259581E-02    5.0000000000E-04    3.0360558646E+02
    8.2706072373E-02    6.2606858583E-02    5.0000000000E-04    3.0347639154E+02
    8.4698989779E-02    6.4115457585E-02    5.0000000000E-04    3.0335027269E+02
    8.6691907186E-02    6.5624056587E-02    5.0000000000E-04    3.0322708685E+02
    8.8684824592E-02    6.7132655589E-02    5.0000000000E-04    3.0310670069E+02
    9.0677741999E-02    6.8641254591E-02    5.0000000000E-04    3.0298898979E+02
    9.2670659405E-02    7.0149853593E-02    5.0000000000E-04    3.0287383783E+02
    9.4663576812E-02    7.1658452595E-02    5.0000000000E-04    3.0276113591E+02
    9.6656494219E-02    7.3167051597E-02    5.0000000000E-04    3.0265078195E+02
    9.8649411625E-02    7.4675650599E-02    5.0000000000E-04    3.0254268013E+02
    1.0064232903E-01    7.6184249601E-02    5.0000000000E-04    3.0243674034E+02
    1.0263524644E-01    7.7692848603E-02    5.0000000000E-04    3.0233287781E+02
    1.0462816384E-01    7.9201447605E-02    5.0000000000E-04    3.0223101265E+02
    1.0662108125E-01    8.0710046607E-02    5.0000000000E-04    3.0213106947E+02
    1.0861399866E-01    8.2218645609E-02    5.0000000000E-04    3.0203297710E+02
    1.1060691606E-01    8.3727244611E-02    5.0000000000E-04    3.0193666823E+02
    1.1259983347E-01    8.5235843613E-02    5.0000000000E-04    3.0184207916E+02
    1.1459275088E-01    8.6744442615E-02    5.0000000000E-04    3.0174914956E+02
    1.1658566828E-01    8.8253041617E-02    5.0000000000E-04    3.0165782220E+02
    1.1857858569E-01    8.9761640619E-02    5.0000000000E-04    3.0156804276E+02
    1.2057150310E-01    9.1270239621E-02    5.0000000000E-04    3.0147975965E+02
    1.2256442050E-01    9.2778838623E-02    5.0000000000E-04    3.0139292381E+02
    1.2455733791E-01    9.4287437625E-02    5.0000000000E-04    3.0130748855E+02
    1.2655025532E-01    9.5796036627E-02    5.0000000000E-04    3.0122340941E+02
    1.2854317272E-01    9.7304635629E-02    5.0000000000E-04    3.0114064401E+02
    1.3053609013E-01    9.8813234631E-02    5.0000000000E-04    3.0105915193E+02
    1.3252900754E-01    1.0032183363E-01    5.0000000000E-04    3.0097889458E+02
    1.3452192494E-01    1.0183043264E-01    5.0000000000E-04    3.0089983510E+02
    1.3651484235E-01    1.0333903164E-01    5.0000000000E-04    3.0082193826E+02
    1.3850775976E-01    1.0484763064E-01    5.0000000000E-04    3.0074517037E+02
    1.4050067716E-01    1.0635622964E-01    5.0000000000E-04    3.0066949916E+02
    1.4249359457E-01    1.0786482864E-01    5.0000000000E-04    3.0059489375E+02
    1.4448651198E-01    1.0937342765E-01    5.0000000000E-04    3.0052132452E+02
    1.4647942938E-01    1.1088202665E-01    5.0000000000E-04    3.0044876310E+02
    1.4847234679E-01    1.1239062565E-01    5.0000000000E-04    3.0037718223E+02
    1.5046526420E-01    1.1389922465E-01    5.0000000000E-04    3.0030655578E+02
    1.5245818160E-01    1.1540782365E-01    5.0000000000E-04    3.0023685862E+02
    1.5445109901E-01    1.1691642266E-01    5.0000000000E-04    3.0016806662E+02
    1.5644401642E-01    1.1842502166E-01    5.0000000000E-04    3.0010015658E+02
    1.5843693382E-01    1.1993362066E-01    5.0000000000E-04    3.0003310615E+02
    7.8252221634E-02    6.4219938631E-02    5.0000000000E-04    3.0360558646E+02
    8.0184375255E-02    6.5805616128E-02    5.0000000000E-04    3.0347639154E+02
    8.2116528876E-02    6.7391293625E-02    5.0000000000E-04    3.0335027269E+02
    8.4048682496E-02    6.8976971122E-02    5.0000000000E-04    3.0322708685E+02
    8.5980836117E-02    7.0562648619E-02    5.0000000000E-04    3.0310670069E+02
    8.7912989737E-02    7.2148326116E-02    5.0000000000E-04    3.0298898979E+02
    8.9845143358E-02    7.3734003613E-02    5.0000000000E-04    3.0287383783E+02
    9.1777296979E-02    7.5319681110E-02    5.0000000000E-04    3.0276113591E+02
    9.3709450599E-02    7.6905358607E-02    5.0000000000E-04    3.0265078195E+02
    9.5641604220E-02    7.8491036104E-02    5.0000000000E-04    3.0254268013E+02
    9.7573757840E-02    8.0076713601E-02    5.0000000000E-04    3.0243674034E+02
    9.9505911461E-02    8.1662391098E-02    5.0000000000E-04    3.0233287781E+02
    1.0143806508E-01    8.3248068595E-02    5.0000000000E-04    3.0223101265E+02
    1.0337021870E-01    8.4833746092E-02    5.0000000000E-04    3.0213106947E+02
    1.0530237232E-01    8.6419423589E-02    5.0000000000E-04    3.0203297710E+02
    1.0723452594E-01    8.8005101086E-02    5.0000000000E-04    3.0193666823E+02
    1.0916667956E-01    8.9590778583E-02    5.0000000000E-04    3.0184207916E+02
    1.1109883318E-01    9.1176456080E-02    5.0000000000E-04    3.0174914956E+02
    1.1303098681E-01    9.2762133577E-02    5.0000000000E-04    3.0165782220E+02
    1.1496314043E-01    9.4347811074E-02    5.0000000000E-04    3.0156804276E+02
    1.1689529405E-01    9.5933488572E-02    5.0000000000E-04    3.0147975965E+02
    1.1882744767E-01    9.7519166069E-02    5.0000000000E-04    3.0139292381E+02
    1.2075960129E-01    9.9104843566E-02    5.0000000000E-04    3.0130748855E+02
    1.2269175491E-01    1.0069052106E-01    5.0000000000E-04    3.0122340941E+02
    1.2462390853E-01    1.0227619856E-01    5.0000000000E-04    3.0114064401E+02
    1.2655606215E-01    1.0386187606E-01    5.0000000000E-04    3.0105915193E+02
    1.2848821577E-01    1.0544755355E-01    5.0000000000E-04    3.0097889458E+02
    1.3042036939E-01    1.0703323105E-01    5.0000000000E-04    3.0089983510E+02
    1.3235252301E-01    1.0861890855E-01    5.0000000000E-04    3.0082193826E+02
    1.3428467663E-01    1.1020458604E-01    5.0000000000E-04    3.0074517037E+02
    1.3621683025E-01    1.1179026354E-01    5.0000000000E-04    3.0066949916E+02
    1.3814898387E-01    1.1337594104E-01    5.0000000000E-04    3.0059489375E+02
    1.4008113749E-01    1.1496161854E-01    5.0000000000E-04    3.0052132452E+02
    1.4201329111E-01    1.1654729603E-01    5.0000000000E-04    3.0044876310E+02
    1.4394544473E-01    1.1813297353E-01    5.0000000000E-04    3.0037718223E+02
    1.4587759836E-01    1.1971865103E-01    5.0000000000E-04    3.0030655578E+02
    1.4780975198E-01    1.2130432852E-01    5.0000000000E-04    3.0023685862E+02
    1.4974190560E-01    1.2289000602E-01    5.0000000000E-04    3.0016806662E+02
    1.5167405922E-01    1.2447568352E-01    5.0000000000E-04    3.0010015658E+02
    1.5360621284E-01    1.2606136102E-01    5.0000000000E-04    3.0003310615E+02
    7.5670629049E-02    6.7242595189E-02    5.0000000000E-04    3.0360558646E+02
    7.7539039642E-02    6.8902906182E-02    5.0000000000E-04    3.0347639154E+02
    7.9407450236E-02    7.0563217174E-02    5.0000000000E-04    3.0335027269E+02
    8.1275860830E-02    7.2223528166E-02    5.0000000000E-04    3.0322708685E+02
    8.3144271424E-02    7.3883839159E-02    5.0000000000E-04    3.0310670069E+02
    8.5012682018E-02    7.5544150151E-02    5.0000000000E-04    3.0298898979E+02
    8.6881092611E-02    7.7204461143E-02    5.0000000000E-04    3.0287383783E+02
    8.8749503205E-02    7.8864772136E-02    5.0000000000E-04    3.0276113591E+02
    9.0617913799E-02    8.0525083128E-02    5.0000000000E-04    3.0265078196E+02
    9.2486324393E-02    8.2185394120E-02    5.0000000000E-04    3.0254268013E+02
    9.4354734987E-02    8.3845705113E-02    5.0000000000E-04    3.0243674034E+02
    9.6223145580E-02    8.5506016105E-02    5.0000000000E-04    3.0233287781E+02
    9.8091556174E-02    8.7166327097E-02    5.0000000000E-04    3.0223101265E+02
    9.9959966768E-02    8.8826638090E-02    5.0000000000E-04    3.0213106947E+02
    1.0182837736E-01    9.0486949082E-02    5.0000000000E-04    3.0203297710E+02
    1.0369678796E-01    9.2147260074E-02    5.0000000000E-04    3.0193666823E+02
    1.0556519855E-01    9.3807571067E-02    5.0000000000E-04    3.0184207916E+02
    1.0743360914E-01    9.5467882059E-02    5.0000000000E-04    3.0174914956E+02
    1.0930201974E-01    9.7128193051E-02    5.0000000000E-04    3.0165782220E+02
    1.1117043033E-01    9.8788504044E-02    5.0000000000E-04    3.0156804276E+02
    1.1303884092E-01    1.0044881504E-01    5.0000000000E-04    3.0147975965E+02
    1.1490725152E-01    1.0210912603E-01    5.0000000000E-04    3.0139292381E+02
    1.1677566211E-01    1.0376943702E-01    5.0000000000E-04    3.0130748855E+02
    1.1864407271E-01    1.0542974801E-01    5.0000000000E-04    3.0122340941E+02
    1.2051248330E-01    1.0709005901E-01    5.0000000000E-04    3.0114064401E+02
    1.2238089389E-01    1.0875037000E-01    5.0000000000E-04    3.0105915193E+02
    1.2424930449E-01    1.1041068099E-01    5.0000000000E-04    3.0097889458E+02
    1.2611771508E-01    1.1207099198E-01    5.0000000000E-04    3.0089983510E+02
    1.2798612567E-01    1.1373130297E-01    5.0000000000E-04    3.0082193826E+02
    1.2985453627E-01    1.1539161397E-01    5.0000000000E-04    3.0074517037E+02
    1.3172294686E-01    1.1705192496E-01    5.0000000000E-04    3.0066949916E+02
    1.3359135746E-01    1.1871223595E-01    5.0000000000E-04    3.0059489375E+02
    1.3545976805E-01    1.2037254694E-01    5.0000000000E-04    3.0052132452E+02
    1.3732817864E-01    1.2203285794E-01    5.0000000000E-04    3.0044876310E+02
    1.3919658924E-01    1.2369316893E-01    5.0000000000E-04    3.0037718223E+02
    1.4106499983E-01    1.2535347992E-01    5.0000000000E-04    3.0030655578E+02
    1.4293341043E-01    1.2701379091E-01    5.0000000000E-04    3.0023685862E+02
    1.4480182102E-01    1.2867410191E-01    5.0000000000E-04    3.0016806662E+02
    1.4667023161E-01    1.3033441290E-01    5.0000000000E-04    3.0010015658E+02
    1.4853864221E-01    1.3199472389E-01    5.0000000000E-04    3.0003310615E+02
    7.2972357838E-02    7.0161568540E-02    5.0000000000E-04    3.0360558646E+02
    7.4774144451E-02    7.1893952949E-02    5.0000000000E-04    3.0347639154E+02
    7.6575931064E-02    7.3626337357E-02    5.0000000000E-04    3.0335027269E+02
    7.8377717678E-02    7.5358721765E-02    5.0000000000E-04    3.0322708685E+02
    8.0179504291E-02    7.7091106174E-02    5.0000000000E-04    3.0310670070E+02
    8.1981290904E-02    7.8823490582E-02    5.0000000000E-04    3.0298898979E+02
    8.3783077517E-02    8.0555874991E-02    5.0000000000E-04    3.0287383783E+02
    8.5584864131E-02    8.2288259399E-02    5.0000000000E-04    3.0276113591E+02
    8.7386650744E-02    8.4020643807E-02    5.0000000000E-04    3.0265078196E+02
    8.9188437357E-02    8.5753028216E-02    5.0000000000E-04    3.0254268013E+02
    9.0990223971E-02    8.7485412624E-02    5.0000000000E-04    3.0243674034E+02
    9.2792010584E-02    8.9217797033E-02    5.0000000000E-04    3.0233287781E+02
    9.4593797197E-02    9.0950181441E-02    5.0000000000E-04    3.0223101265E+02
    9.6395583810E-02    9.2682565849E-02    5.0000000000E-04    3.0213106947E+02
    9.8197370424E-02    9.4414950258E-02    5.0000000000E-04    3.0203297710E+02
    9.9999157037E-02    9.6147334666E-02    5.0000000000E-04    3.0193666823E+02
    1.0180094365E-01    9.7879719075E-02    5.0000000000E-04    3.0184207916E+02
    1.0360273026E-01    9.9612103483E-02    5.0000000000E-04    3.0174914956E+02
    1.0540451688E-01    1.0134448789E-01    5.0000000000E-04    3.0165782220E+02
    1.0720630349E-01    1.0307687230E-01    5.0000000000E-04    3.0156804276E+02
    1.0900809010E-01    1.0480925671E-01    5.0000000000E-04    3.0147975965E+02
    1.1080987672E-01    1.0654164112E-01    5.0000000000E-04    3.0139292381E+02
    1.1261166333E-01    1.0827402552E-01    5.0000000000E-04    3.0130748855E+02
    1.1441344994E-01    1.1000640993E-01    5.0000000000E-04    3.0122340941E+02
    1.1621523656E-01    1.1173879434E-01    5.0000000000E-04    3.0114064401E+02
    1.1801702317E-01    1.1347117875E-01    5.0000000000E-04    3.0105915193E+02
    1.1981880978E-01    1.1520356316E-01    5.0000000000E-04    3.0097889458E+02
    1.2162059640E-01    1.1693594757E-01    5.0000000000E-04    3.0089983510E+02
    1.2342238301E-01    1.1866833198E-01    5.0000000000E-04    3.0082193826E+02
    1.2522416962E-01    1.2040071638E-01    5.0000000000E-04    3.0074517037E+02
    1.2702595624E-01    1.2213310079E-01    5.0000000000E-04    3.0066949916E+02
    1.2882774285E-01    1.2386548520E-01    5.0000000000E-04    3.0059489375E+02
    1.3062952946E-01    1.2559786961E-01    5.0000000000E-04    3.0052132452E+02
    1.3243131608E-01    1.2733025402E-01    5.0000000000E-04    3.0044876310E+02
    1.3423310269E-01    1.2906263843E-01    5.0000000000E-04    3.0037718223E+02
    1.3603488930E-01    1.3079502283E-01    5.0000000000E-04    3.0030655578E+02
    1.3783667592E-01    1.3252740724E-01    5.0000000000E-04    3.0023685862E+02
    1.3963846253E-01    1.3425979165E-01    5.0000000000E-04    3.0016806662E+02
    1.4144024914E-01    1.3599217606E-01    5.0000000000E-04    3.0010015658E+02
    1.4324203576E-01    1.3772456047E-01    5.0000000000E-04    3.0003310615E+02
    7.0161568540E-02    7.2972357838E-02    5.0000000000E-04    3.0360558646E+02
    7.1893952949E-02    7.4774144451E-02    5.0000000000E-04    3.0347639154E+02
    7.3626337357E-02    7.6575931064E-02    5.0000000000E-04    3.0335027269E+02
    7.5358721765E-02    7.8377717678E-02    5.0000000000E-04    3.0322708685E+02
    7.7091106174E-02    8.0179504291E-02    5.0000000000E-04    3.0310670070E+02
    7.8823490582E-02    8.1981290904E-02    5.0000000000E-04    3.0298898979E+02
    8.0555874991E-02    8.3783077517E-02    5.0000000000E-04    3.0287383783E+02
    8.2288259399E-02    8.5584864131E-02    5.0000000000E-04    3.0276113591E+02
    8.4020643807E-02    8.7386650744E-02    5.0000000000E-04    3.0265078196E+02
    8.5753028216E-02    8.9188437357E-02    5.0000000000E-04    3.0254268013E+02
    8.7485412624E-02    9.0990223971E-02    5.0000000000E-04    3.0243674034E+02
    8.9217797033E-02    9.2792010584E-02    5.0000000000E-04    3.0233287782E+02
    9.0950181441E-02    9.4593797197E-02    5.0000000000E-04    3.0223101265E+02
    9.2682565849E-02    9.6395583810E-02    5.0000000000E-04    3.0213106947E+02
    9.4414950258E-02    9.8197370424E-02    5.0000000000E-04    3.0203297710E+02
    9.6147334666E-02    9.9999157037E-02    5.0000000000E-04    3.0193666823E+02
    9.7879719075E-02    1.0180094365E-01    5.0000000000E-04    3.0184207916E+02
    9.9612103483E-02    1.0360273026E-01    5.0000000000E-04    3.0174914956E+02
    1.0134448789E-01    1.0540451688E-01    5.0000000000E-04    3.0165782220E+02
    1.0307687230E-01    1.0720630349E-01    5.0000000000E-04    3.0156804276E+02
    1.0480925671E-01    1.0900809010E-01    5.0000000000E-04    3.0147975965E+02
    1.0654164112E-01    1.1080987672E-01    5.0000000000E-04    3.0139292381E+02
    1.0827402552E-01    1.1261166333E-01    5.0000000000E-04    3.0130748855E+02
    1.1000640993E-01    1.1441344994E-01    5.0000000000E-04    3.0122340941E+02
    1.1173879434E-01    1.1621523656E-01    5.0000000000E-04    3.0114064401E+02
    1.1347117875E-01    1.1801702317E-01    5.0000000000E-04    3.0105915193E+02
    1.1520356316E-01    1.1981880978E-01    5.0000000000E-04    3.0097889458E+02
    1.1693594757E-01    1.2162059640E-01    5.0000000000E-04    3.0089983510E+02
    1.1866833198E-01    1.2342238301E-01    5.0000000000E-04    3.0082193826E+02
    1.2040071638E-01    1.2522416962E-01    5.0000000000E-04    3.0074517037E+02
    1.2213310079E-01    1.2702595624E-01    5.0000000000E-04    3.0066949916E+02
    1.2386548520E-01    1.2882774285E-01    5.0000000000E-04    3.0059489375E+02
    1.2559786961E-01    1.3062952946E-01    5.0000000000E-04    3.0052132452E+02
    1.2733025402E-01    1.3243131608E-01    5.0000000000E-04    3.0044876310E+02
    1.2906263843E-01    1.3423310269E-01    5.0000000000E-04    3.0037718223E+02
    1.3079502283E-01    1.3603488930E-01    5.0000000000E-04    3.0030655578E+02
    1.3252740724E-01    1.3783667592E-01    5.0000000000E-04    3.0023685862E+02
    1.3425979165E-01    1.3963846253E-01    5.0000000000E-04    3.0016806662E+02
    1.3599217606E-01    1.4144024914E-01    5.0000000000E-04    3.0010015658E+02
    1.3772456047E-01    1.4324203576E-01    5.0000000000E-04    3.0003310615E+02
    6.7242595189E-02    7.5670629049E-02    5.0000000000E-04    3.0360558646E+02
    6.8902906182E-02    7.7539039642E-02    5.0000000000E-04    3.0347639154E+02
    7.0563217174E-02    7.9407450236E-02    5.0000000000E-04    3.0335027270E+02
    7.2223528166E-02    8.1275860830E-02    5.0000000000E-04    3.0322708685E+02
    7.3883839159E-02    8.3144271424E-02    5.0000000000E-04    3.0310670070E+02
    7.5544150151E-02    8.5012682018E-02    5.0000000000E-04    3.0298898979E+02
    7.7204461143E-02    8.6881092611E-02    5.0000000000E-04    3.0287383783E+02
    7.8864772136E-02    8.8749503205E-02    5.0000000000E-04    3.0276113591E+02
    8.0525083128E-02    9.0617913799E-02    5.0000000000E-04    3.0265078196E+02
    8.2185394120E-02    9.2486324393E-02    5.0000000000E-04    3.0254268013E+02
    8.3845705113E-02    9.4354734987E-02    5.0000000000E-04    3.0243674034E+02
    8.5506016105E-02    9.6223145580E-02    5.0000000000E-04    3.0233287782E+02
    8.7166327097E-02    9.8091556174E-02    5.0000000000E-04    3.0223101265E+02
    8.8826638090E-02    9.9959966768E-02    5.0000000000E-04    3.0213106947E+02
    9.0486949082E-02    1.0182837736E-01    5.0000000000E-04    3.0203297710E+02
    9.2147260074E-02    1.0369678796E-01    5.0000000000E-04    3.0193666823E+02
    9.3807571067E-02    1.0556519855E-01    5.0000000000E-04    3.0184207916E+02
    9.5467882059E-02    1.0743360914E-01    5.0000000000E-04    3.0174914956E+02
    9.7128193051E-02    1.0930201974E-01    5.0000000000E-04    3.0165782220E+02
    9.8788504044E-02    1.1117043033E-01    5.0000000000E-04    3.0156804276E+02
    1.0044881504E-01    1.1303884092E-01    5.0000000000E-04    3.0147975965E+02
    1.0210912603E-01    1.1490725152E-01    5.0000000000E-04    3.0139292381E+02
    1.0376943702E-01    1.1677566211E-01    5.0000000000E-04    3.0130748855E+02
    1.0542974801E-01    1.1864407271E-01    5.0000000000E-04    3.0122340941E+02
    1.0709005901E-01    1.2051248330E-01    5.0000000000E-04    3.0114064401E+02
    1.0875037000E-01    1.2238089389E-01    5.0000000000E-04    3.0105915193E+02
    1.1041068099E-01    1.2424930449E-01    5.0000000000E-04    3.0097889458E+02
    1.1207099198E-01    1.2611771508E-01    5.0000000000E-04    3.0089983510E+02
    1.1373130297E-01    1.2798612567E-01    5.0000000000E-04    3.0082193826E+02
    1.1539161397E-01    1.2985453627E-01    5.0000000000E-04    3.0074517037E+02
    1.1705192496E-01    1.3172294686E-01    5.0000000000E-04    3.0066949916E+02
    1.1871223595E-01    1.3359135746E-01    5.0000000000E-04    3.0059489375E+02
    1.2037254694E-01    1.3545976805E-01    5.0000000000E-04    3.0052132452E+02
    1.2203285794E-01    1.3732817864E-01    5.0000000000E-04    3.0044876310E+02
    1.2369316893E-01    1.3919658924E-01    5.0000000000E-04    3.0037718223E+02
    1.2535347992E-01    1.4106499983E-01    5.0000000000E-04    3.0030655578E+02
    1.2701379091E-01    1.4293341043E-01    5.0000000000E-04    3.0023685862E+02
    1.2867410191E-01    1.4480182102E-01    5.0000000000E-04    3.0016806662E+02
    1.3033441290E-01    1.4667023161E-01    5.0000000000E-04    3.0010015658E+02
    1.3199472389E-01    1.4853864221E-01    5.0000000000E-04    3.0003310615E+02
    6.4219938631E-02    7.8252221634E-02    5.0000000000E-04    3.0360558646E+02
    6.5805616128E-02    8.0184375255E-02    5.0000000000E-04    3.0347639154E+02
    6.7391293625E-02    8.2116528876E-02    5.0000000000E-04    3.0335027270E+02
    6.8976971122E-02    8.4048682496E-02    5.0000000000E-04    3.0322708685E+02
    7.0562648619E-02    8.5980836117E-02    5.0000000000E-04    3.0310670070E+02
    7.2148326116E-02    8.7912989737E-02    5.0000000000E-04    3.0298898979E+02
    7.3734003613E-02    8.9845143358E-02    5.0000000000E-04    3.0287383783E+02
    7.5319681110E-02    9.1777296979E-02    5.0000000000E-04    3.0276113591E+02
    7.6905358607E-02    9.3709450599E-02    5.0000000000E-04    3.0265078196E+02
    7.8491036104E-02    9.5641604220E-02    5.0000000000E-04    3.0254268013E+02
    8.0076713601E-02    9.7573757840E-02    5.0000000000E-04    3.0243674034E+02
    8.1662391098E-02    9.9505911461E-02    5.0000000000E-04    3.0233287782E+02
    8.3248068595E-02    1.0143806508E-01    5.0000000000E-04    3.0223101265E+02
    8.4833746092E-02    1.0337021870E-01    5.0000000000E-04    3.0213106947E+02
    8.6419423589E-02    1.0530237232E-01    5.0000000000E-04    3.0203297710E+02
    8.8005101086E-02    1.0723452594E-01    5.0000000000E-04    3.0193666823E+02
    8.9590778583E-02    1.0916667956E-01    5.0000000000E-04    3.0184207916E+02
    9.1176456080E-02    1.1109883318E-01    5.0000000000E-04    3.0174914956E+02
    9.2762133577E-02    1.1303098681E-01    5.0000000000E-04    3.0165782220E+02
    9.4347811074E-02    1.1496314043E-01    5.0000000000E-04    3.0156804276E+02
    9.5933488572E-02    1.1689529405E-01    5.0000000000E-04    3.0147975965E+02
    9.7519166069E-02    1.1882744767E-01    5.0000000000E-04    3.0139292381E+02
    9.9104843566E-02    1.2075960129E-01    5.0000000000E-04    3.0130748855E+02
    1.0069052106E-01    1.2269175491E-01    5.0000000000E-04    3.0122340941E+02
    1.0227619856E-01    1.2462390853E-01    5.0000000000E-04    3.0114064401E+02
    1.0386187606E-01    1.2655606215E-01    5.0000000000E-04    3.0105915193E+02
    1.0544755355E-01    1.2848821577E-01    5.0000000000E-04    3.0097889458E+02
    1.0703323105E-01    1.3042036939E-01    5.0000000000E-04    3.0089983510E+02
    1.0861890855E-01    1.3235252301E-01    5.0000000000E-04    3.0082193826E+02
    1.1020458604E-01    1.3428467663E-01    5.0000000000E-04    3.0074517037E+02
    1.1179026354E-01    1.3621683025E-01    5.0000000000E-04    3.0066949916E+02
    1.1337594104E-01    1.3814898387E-01    5.0000000000E-04    3.0059489375E+02
    1.1496161854E-01    1.4008113749E-01    5.0000000000E-04    3.0052132452E+02
    1.1654729603E-01    1.4201329111E-01    5.0000000000E-04    3.0044876310E+02
    1.1813297353E-01    1.4394544473E-01    5.0000000000E-04    3.0037718223E+02
    1.1971865103E-01    1.4587759836E-01    5.0000000000E-04    3.0030655578E+02
    1.2130432852E-01    1.4780975198E-01    5.0000000000E-04    3.0023685862E+02
    1.2289000602E-01    1.4974190560E-01    5.0000000000E-04    3.0016806662E+02
    1.2447568352E-01    1.5167405922E-01    5.0000000000E-04    3.0010015658E+02
    1.2606136102E-01    1.5360621284E-01    5.0000000000E-04    3.0003310615E+02
    6.1098259581E-02    8.0713154966E-02    5.0000000000E-04    3.0360558646E+02
    6.2606858583E-02    8.2706072373E-02    5.0000000000E-04    3.0347639154E+02
    6.4115457585E-02    8.4698989779E-02    5.0000000000E-04    3.0335027270E+02
    6.5624056587E-02    8.6691907186E-02    5.0000000000E-04    3.0322708685E+02
    6.7132655589E-02    8.8684824592E-02    5.0000000000E-04    3.0310670070E+02
    6.8641254591E-02    9.0677741999E-02    5.0000000000E-04    3.0298898979E+02
    7.0149853593E-02    9.2670659405E-02    5.0000000000E-04    3.0287383783E+02
    7.1658452595E-02    9.4663576812E-02    5.0000000000E-04    3.0276113591E+02
    7.3167051597E-02    9.6656494219E-02    5.0000000000E-04    3.0265078196E+02
    7.4675650599E-02    9.8649411625E-02    5.0000000000E-04    3.0254268013E+02
    7.6184249601E-02    1.0064232903E-01    5.0000000000E-04    3.0243674035E+02
    7.7692848603E-02    1.0263524644E-01    5.0000000000E-04    3.0233287782E+02
    7.9201447605E-02    1.0462816384E-01    5.0000000000E-04    3.0223101265E+02
    8.0710046607E-02    1.0662108125E-01    5.0000000000E-04    3.0213106947E+02
    8.2218645609E-02    1.0861399866E-01    5.0000000000E-04    3.0203297710E+02
    8.3727244611E-02    1.1060691606E-01    5.0000000000E-04    3.0193666823E+02
    8.5235843613E-02    1.1259983347E-01    5.0000000000E-04    3.0184207917E+02
    8.6744442615E-02    1.1459275088E-01    5.0000000000E-04    3.0174914956E+02
    8.8253041617E-02    1.1658566828E-01    5.0000000000E-04    3.0165782220E+02
    8.9761640619E-02    1.1857858569E-01    5.0000000000E-04    3.0156804276E+02
    9.1270239621E-02    1.2057150310E-01    5.0000000000E-04    3.0147975965E+02
    9.2778838623E-02    1.2256442050E-01    5.0000000000E-04    3.0139292381E+02
    9.4287437625E-02    1.2455733791E-01    5.0000000000E-04    3.0130748855E+02
    9.5796036627E-02    1.2655025532E-01    5.0000000000E-04    3.0122340941E+02
    9.7304635629E-02    1.2854317272E-01    5.0000000000E-04    3.0114064401E+02
    9.8813234631E-02    1.3053609013E-01    5.0000000000E-04    3.0105915193E+02
    1.0032183363E-01    1.3252900754E-01    5.0000000000E-04    3.0097889458E+02
    1.0183043264E-01    1.3452192494E-01    5.0000000000E-04    3.0089983510E+02
    1.0333903164E-01    1.3651484235E-01    5.0000000000E-04    3.0082193826E+02
    1.0484763064E-01    1.3850775976E-01    5.0000000000E-04    3.0074517037E+02
    1.0635622964E-01    1.4050067716E-01    5.0000000000E-04    3.0066949916E+02
    1.0786482864E-01    1.4249359457E-01    5.0000000000E-04    3.0059489375E+02
    1.0937342765E-01    1.4448651198E-01    5.0000000000E-04    3.0052132452E+02
    1.1088202665E-01    1.4647942938E-01    5.0000000000E-04    3.0044876310E+02
    1.1239062565E-01    1.4847234679E-01    5.0000000000E-04    3.0037718223E+02
    1.1389922465E-01    1.5046526420E-01    5.0000000000E-04    3.0030655578E+02
    1.1540782365E-01    1.5245818160E-01    5.0000000000E-04    3.0023685862E+02
    1.1691642266E-01    1.5445109901E-01    5.0000000000E-04    3.0016806662E+02
    1.1842502166E-01    1.5644401642E-01    5.0000000000E-04    3.0010015658E+02
    1.1993362066E-01    1.5843693382E-01    5.0000000000E-04    3.0003310615E+02
    5.7882371444E-02    8.3049634463E-02    5.0000000000E-04    3.0360558646E+02
    5.9311565801E-02    8.5100242721E-02    5.0000000000E-04    3.0347639154E+02
    6.0740760157E-02    8.7150850980E-02    5.0000000000E-04    3.0335027270E+02
    6.2169954514E-02    8.9201459238E-02    5.0000000000E-04    3.0322708686E+02
    6.3599148870E-02    9.1252067496E-02    5.0000000000E-04    3.0310670070E+02
    6.5028343227E-02    9.3302675755E-02    5.0000000000E-04    3.0298898979E+02
    6.6457537584E-02    9.5353284013E-02    5.0000000000E-04    3.0287383783E+02
    6.7886731940E-02    9.7403892271E-02    5.0000000000E-04    3.0276113591E+02
    6.9315926297E-02    9.9454500530E-02    5.0000000000E-04    3.0265078196E+02
    7.0745120654E-02    1.0150510879E-01    5.0000000000E-04    3.0254268013E+02
    7.2174315010E-02    1.0355571705E-01    5.0000000000E-04    3.0243674035E+02
    7.3603509367E-02    1.0560632530E-01    5.0000000000E-04    3.0233287782E+02
    7.5032703724E-02    1.0765693356E-01    5.0000000000E-04    3.0223101265E+02
    7.6461898080E-02    1.0970754182E-01    5.0000000000E-04    3.0213106947E+02
    7.7891092437E-02    1.1175815008E-01    5.0000000000E-04    3.0203297710E+02
    7.9320286794E-02    1.1380875834E-01    5.0000000000E-04    3.0193666823E+02
    8.0749481150E-02    1.1585936660E-01    5.0000000000E-04    3.0184207917E+02
    8.2178675507E-02    1.1790997485E-01    5.0000000000E-04    3.0174914956E+02
    8.3607869863E-02    1.1996058311E-01    5.0000000000E-04    3.0165782220E+02
    8.5037064220E-02    1.2201119137E-01    5.0000000000E-04    3.0156804276E+02
    8.6466258577E-02    1.2406179963E-01    5.0000000000E-04    3.0147975965E+02
    8.7895452933E-02    1.2611240789E-01    5.0000000000E-04    3.0139292381E+02
    8.9324647290E-02    1.2816301615E-01    5.0000000000E-04    3.0130748855E+02
    9.0753841647E-02    1.3021362441E-01    5.0000000000E-04    3.0122340941E+02
    9.2183036003E-02    1.3226423266E-01    5.0000000000E-04    3.0114064401E+02
    9.3612230360E-02    1.3431484092E-01    5.0000000000E-04    3.0105915193E+02
    9.5041424717E-02    1.3636544918E-01    5.0000000000E-04    3.0097889458E+02
    9.6470619073E-02    1.3841605744E-01    5.0000000000E-04    3.0089983510E+02
    9.7899813430E-02    1.4046666570E-01    5.0000000000E-04    3.0082193826E+02
    9.9329007786E-02    1.4251727396E-01    5.0000000000E-04    3.0074517037E+02
    1.0075820214E-01    1.4456788221E-01    5.0000000000E-04    3.0066949916E+02
    1.0218739650E-01    1.4661849047E-01    5.0000000000E-04    3.0059489375E+02
    1.0361659086E-01    1.4866909873E-01    5.0000000000E-04    3.0052132452E+02
    1.0504578521E-01    1.5071970699E-01    5.0000000000E-04    3.0044876310E+02
    1.0647497957E-01    1.5277031525E-01    5.0000000000E-04    3.0037718223E+02
    1.0790417393E-01    1.5482092351E-01    5.0000000000E-04    3.0030655578E+02
    1.0933336828E-01    1.5687153176E-01    5.0000000000E-04    3.0023685862E+02
    1.1076256264E-01    1.5892214002E-01    5.0000000000E-04    3.0016806662E+02
    1.1219175700E-01    1.6097274828E-01    5.0000000000E-04    3.0010015658E+02
    1.1362095135E-01    1.6302335654E-01    5.0000000000E-04    3.0003310615E+02
    5.4577232885E-02    8.5258057443E-02    5.0000000000E-04    3.0360558646E+02
    5.5924818883E-02    8.7363194664E-02    5.0000000000E-04    3.0347639154E+02
    5.7272404880E-02    8.9468331885E-02    5.0000000000E-04    3.0335027270E+02
    5.8619990877E-02    9.1573469106E-02    5.0000000000E-04    3.0322708686E+02
    5.9967576874E-02    9.3678606327E-02    5.0000000000E-04    3.0310670070E+02
    6.1315162871E-02    9.5783743547E-02    5.0000000000E-04    3.0298898980E+02
    6.2662748868E-02    9.7888880768E-02    5.0000000000E-04    3.0287383783E+02
    6.4010334866E-02    9.9994017989E-02    5.0000000000E-04    3.0276113591E+02
    6.5357920863E-02    1.0209915521E-01    5.0000000000E-04    3.0265078196E+02
    6.6705506860E-02    1.0420429243E-01    5.0000000000E-04    3.0254268013E+02
    6.8053092857E-02    1.0630942965E-01    5.0000000000E-04    3.0243674035E+02
    6.9400678854E-02    1.0841456687E-01    5.0000000000E-04    3.0233287782E+02
    7.0748264851E-02    1.1051970409E-01    5.0000000000E-04    3.0223101265E+02
    7.2095850849E-02    1.1262484131E-01    5.0000000000E-04    3.0213106947E+02
    7.3443436846E-02    1.1472997853E-01    5.0000000000E-04    3.0203297710E+02
    7.4791022843E-02    1.1683511576E-01    5.0000000000E-04    3.0193666823E+02
    7.6138608840E-02    1.1894025298E-01    5.0000000000E-04    3.0184207917E+02
    7.7486194837E-02    1.2104539020E-01    5.0000000000E-04    3.0174914956E+02
    7.8833780834E-02    1.2315052742E-01    5.0000000000E-04    3.0165782220E+02
    8.0181366832E-02    1.2525566464E-01    5.0000000000E-04    3.0156804276E+02
    8.1528952829E-02    1.2736080186E-01    5.0000000000E-04    3.0147975965E+02
    8.2876538826E-02    1.2946593908E-01    5.0000000000E-04    3.0139292381E+02
    8.4224124823E-02    1.3157107630E-01    5.0000000000E-04    3.0130748855E+02
    8.5571710820E-02    1.3367621352E-01    5.0000000000E-04    3.0122340941E+02
    8.6919296817E-02    1.3578135074E-01    5.0000000000E-04    3.0114064401E+02
    8.8266882815E-02    1.3788648796E-01    5.0000000000E-04    3.0105915193E+02
    8.9614468812E-02    1.3999162518E-01    5.0000000000E-04    3.0097889458E+02
    9.0962054809E-02    1.4209676241E-01    5.0000000000E-04    3.0089983510E+02
    9.2309640806E-02    1.4420189963E-01    5.0000000000E-04    3.0082193826E+02
    9.3657226803E-02    1.4630703685E-01    5.0000000000E-04    3.0074517037E+02
    9.5004812800E-02    1.4841217407E-01    5.0000000000E-04    3.0066949916E+02
    9.6352398798E-02    1.5051731129E-01    5.0000000000E-04    3.0059489375E+02
    9.7699984795E-02    1.5262244851E-01    5.0000000000E-04    3.0052132452E+02
    9.9047570792E-02    1.5472758573E-01    5.0000000000E-04    3.0044876310E+02
    1.0039515679E-01    1.5683272295E-01    5.0000000000E-04    3.0037718223E+02
    1.0174274279E-01    1.5893786017E-01    5.0000000000E-04    3.0030655578E+02
    1.0309032878E-01    1.6104299739E-01    5.0000000000E-04    3.0023685862E+02
    1.0443791478E-01    1.6314813461E-01    5.0000000000E-04    3.0016806662E+02
    1.0578550078E-01    1.6525327183E-01    5.0000000000E-04    3.0010015658E+02
    1.0713308677E-01    1.6735840906E-01    5.0000000000E-04    3.0003310615E+02
    5.1187940190E-02    8.7335018678E-02    5.0000000000E-04    3.0360558646E+02
    5.2451839947E-02    8.9491438893E-02    5.0000000000E-04    3.0347639154E+02
    5.3715739705E-02    9.1647859107E-02    5.0000000000E-04    3.0335027270E+02
    5.4979639463E-02    9.3804279321E-02    5.0000000000E-04    3.0322708686E+02
    5.6243539221E-02    9.5960699536E-02    5.0000000000E-04    3.0310670070E+02
    5.7507438978E-02    9.8117119750E-02    5.0000000000E-04    3.0298898980E+02
    5.8771338736E-02    1.0027353996E-01    5.0000000000E-04    3.0287383783E+02
    6.0035238494E-02    1.0242996018E-01    5.0000000000E-04    3.0276113591E+02
    6.1299138252E-02    1.0458638039E-01    5.0000000000E-04    3.0265078196E+02
    6.2563038009E-02    1.0674280061E-01    5.0000000000E-04    3.0254268013E+02
    6.3826937767E-02    1.0889922082E-01    5.0000000000E-04    3.0243674035E+02
    6.5090837525E-02    1.1105564104E-01    5.0000000000E-04    3.0233287782E+02
    6.6354737283E-02    1.1321206125E-01    5.0000000000E-04    3.0223101265E+02
    6.7618637040E-02    1.1536848146E-01    5.0000000000E-04    3.0213106947E+02
    6.8882536798E-02    1.1752490168E-01    5.0000000000E-04    3.0203297710E+02
    7.0146436556E-02    1.1968132189E-01    5.0000000000E-04    3.0193666823E+02
    7.1410336314E-02    1.2183774211E-01    5.0000000000E-04    3.0184207917E+02
    7.2674236072E-02    1.2399416232E-01    5.0000000000E-04    3.0174914956E+02
    7.3938135829E-02    1.2615058254E-01    5.0000000000E-04    3.0165782220E+02
    7.5202035587E-02    1.2830700275E-01    5.0000000000E-04    3.0156804276E+02
    7.6465935345E-02    1.3046342296E-01    5.0000000000E-04    3.0147975965E+02
    7.7729835103E-02    1.3261984318E-01    5.0000000000E-04    3.0139292381E+02
    7.8993734860E-02    1.3477626339E-01    5.0000000000E-04    3.0130748855E+02
    8.0257634618E-02    1.3693268361E-01    5.0000000000E-04    3.0122340941E+02
    8.1521534376E-02    1.3908910382E-01    5.0000000000E-04    3.0114064401E+02
    8.2785434134E-02    1.4124552404E-01    5.0000000000E-04    3.0105915193E+02
    8.4049333891E-02    1.4340194425E-01    5.0000000000E-04    3.0097889458E+02
    8.5313233649E-02    1.4555836446E-01    5.0000000000E-04    3.0089983510E+02
    8.6577133407E-02    1.4771478468E-01    5.0000000000E-04    3.0082193827E+02
    8.7841033165E-02    1.4987120489E-01    5.0000000000E-04    3.0074517037E+02
    8.9104932923E-02    1.5202762511E-01    5.0000000000E-04    3.0066949916E+02
    9.0368832680E-02    1.5418404532E-01    5.0000000000E-04    3.0059489375E+02
    9.1632732438E-02    1.5634046554E-01    5.0000000000E-04    3.0052132452E+02
    9.2896632196E-02    1.5849688575E-01    5.0000000000E-04    3.0044876310E+02
    9.4160531954E-02    1.6065330596E-01    5.0000000000E-04    3.0037718223E+02
    9.5424431711E-02    1.6280972618E-01    5.0000000000E-04    3.0030655578E+02
    9.6688331469E-02    1.6496614639E-01    5.0000000000E-04    3.0023685862E+02
    9.7952231227E-02    1.6712256661E-01    5.0000000000E-04    3.0016806662E+02
    9.9216130985E-02    1.6927898682E-01    5.0000000000E-04    3.0010015658E+02
    1.0048003074E-01    1.7143540704E-01    5.0000000000E-04    3.0003310615E+02
    4.7719719400E-02    8.9277315645E-02    5.0000000000E-04    3.0360558646E+02
    4.8897984077E-02    9.1481693809E-02    5.0000000000E-04    3.0347639154E+02
    5.0076248753E-02    9.3686071973E-02    5.0000000000E-04    3.0335027270E+02
    5.1254513430E-02    9.5890450137E-02    5.0000000000E-04    3.0322708686E+02
    5.2432778106E-02    9.8094828301E-02    5.0000000000E-04    3.0310670070E+02
    5.3611042783E-02    1.0029920647E-01    5.0000000000E-04    3.0298898980E+02
    5.4789307459E-02    1.0250358463E-01    5.0000000000E-04    3.0287383783E+02
    5.5967572136E-02    1.0470796279E-01    5.0000000000E-04    3.0276113591E+02
    5.7145836812E-02    1.0691234096E-01    5.0000000000E-04    3.0265078196E+02
    5.8324101489E-02    1.0911671912E-01    5.0000000000E-04    3.0254268013E+02
    5.9502366166E-02    1.1132109729E-01    5.0000000000E-04    3.0243674035E+02
    6.0680630842E-02    1.1352547545E-01    5.0000000000E-04    3.0233287782E+02
    6.1858895519E-02    1.1572985361E-01    5.0000000000E-04    3.0223101265E+02
    6.3037160195E-02    1.1793423178E-01    5.0000000000E-04    3.0213106947E+02
    6.4215424872E-02    1.2013860994E-01    5.0000000000E-04    3.0203297710E+02
    6.5393689548E-02    1.2234298811E-01    5.0000000000E-04    3.0193666823E+02
    6.6571954225E-02    1.2454736627E-01    5.0000000000E-04    3.0184207917E+02
    6.7750218901E-02    1.2675174443E-01    5.0000000000E-04    3.0174914956E+02
    6.8928483578E-02    1.2895612260E-01    5.0000000000E-04    3.0165782220E+02
    7.0106748254E-02    1.3116050076E-01    5.0000000000E-04    3.0156804276E+02
    7.1285012931E-02    1.3336487893E-01    5.0000000000E-04    3.0147975966E+02
    7.2463277608E-02    1.3556925709E-01    5.0000000000E-04    3.0139292381E+02
    7.3641542284E-02    1.3777363525E-01    5.0000000000E-04    3.0130748855E+02
    7.4819806961E-02    1.3997801342E-01    5.0000000000E-04    3.0122340941E+02
    7.5998071637E-02    1.4218239158E-01    5.0000000000E-04    3.0114064401E+02
    7.7176336314E-02    1.4438676975E-01    5.0000000000E-04    3.0105915193E+02
    7.8354600990E-02    1.4659114791E-01    5.0000000000E-04    3.0097889458E+02
    7.9532865667E-02    1.4879552608E-01    5.0000000000E-04    3.0089983510E+02
    8.0711130343E-02    1.5099990424E-01    5.0000000000E-04    3.0082193827E+02
    8.1889395020E-02    1.5320428240E-01    5.0000000000E-04    3.0074517037E+02
    8.3067659696E-02    1.5540866057E-01    5.0000000000E-04    3.0066949916E+02
    8.4245924373E-02    1.5761303873E-01    5.0000000000E-04    3.0059489375E+02
    8.5424189050E-02    1.5981741690E-01    5.0000000000E-04    3.0052132452E+02
    8.6602453726E-02    1.6202179506E-01    5.0000000000E-04    3.0044876310E+02
    8.7780718403E-02    1.6422617322E-01    5.0000000000E-04    3.0037718223E+02
    8.8958983079E-02    1.6643055139E-01    5.0000000000E-04    3.0030655578E+02
    9.0137247756E-02    1.6863492955E-01    5.0000000000E-04    3.0023685862E+02
    9.1315512432E-02    1.7083930772E-01    5.0000000000E-04    3.0016806662E+02
    9.2493777109E-02    1.7304368588E-01    5.0000000000E-04    3.0010015658E+02
    9.3672041785E-02    1.7524806404E-01    5.0000000000E-04    3.0003310615E+02
    4.4177918262E-02    9.1081953462E-02    5.0000000000E-04    3.0360558646E+02
    4.5268731059E-02    9.3330890584E-02    5.0000000000E-04    3.0347639154E+02
    4.6359543855E-02    9.5579827707E-02    5.0000000000E-04    3.0335027270E+02
    4.7450356652E-02    9.7828764829E-02    5.0000000000E-04    3.0322708686E+02
    4.8541169449E-02    1.0007770195E-01    5.0000000000E-04    3.0310670070E+02
    4.9631982245E-02    1.0232663907E-01    5.0000000000E-04    3.0298898980E+02
    5.0722795042E-02    1.0457557620E-01    5.0000000000E-04    3.0287383783E+02
    5.1813607838E-02    1.0682451332E-01    5.0000000000E-04    3.0276113591E+02
    5.2904420635E-02    1.0907345044E-01    5.0000000000E-04    3.0265078196E+02
    5.3995233432E-02    1.1132238756E-01    5.0000000000E-04    3.0254268013E+02
    5.5086046228E-02    1.1357132469E-01    5.0000000000E-04    3.0243674035E+02
    5.6176859025E-02    1.1582026181E-01    5.0000000000E-04    3.0233287782E+02
    5.7267671821E-02    1.1806919893E-01    5.0000000000E-04    3.0223101265E+02
    5.8358484618E-02    1.2031813605E-01    5.0000000000E-04    3.0213106947E+02
    5.9449297414E-02    1.2256707318E-01    5.0000000000E-04    3.0203297710E+02
    6.0540110211E-02    1.2481601030E-01    5.0000000000E-04    3.0193666823E+02
    6.1630923008E-02    1.2706494742E-01    5.0000000000E-04    3.0184207917E+02
    6.2721735804E-02    1.2931388454E-01    5.0000000000E-04    3.0174914956E+02
    6.3812548601E-02    1.3156282167E-01    5.0000000000E-04    3.0165782220E+02
    6.4903361397E-02    1.3381175879E-01    5.0000000000E-04    3.0156804276E+02
    6.5994174194E-02    1.3606069591E-01    5.0000000000E-04    3.0147975966E+02
    6.7084986991E-02    1.3830963303E-01    5.0000000000E-04    3.0139292381E+02
    6.8175799787E-02    1.4055857016E-01    5.0000000000E-04    3.0130748856E+02
    6.9266612584E-02    1.4280750728E-01    5.0000000000E-04    3.0122340941E+02
    7.0357425380E-02    1.4505644440E-01    5.0000000000E-04    3.0114064401E+02
    7.1448238177E-02    1.4730538152E-01    5.0000000000E-04    3.0105915193E+02
    7.2539050974E-02    1.4955431865E-01    5.0000000000E-04    3.0097889458E+02
    7.3629863770E-02    1.5180325577E-01    5.0000000000E-04    3.0089983510E+02
    7.4720676567E-02    1.5405219289E-01    5.0000000000E-04    3.0082193827E+02
    7.5811489363E-02    1.5630113001E-01    5.0000000000E-04    3.0074517037E+02
    7.6902302160E-02    1.5855006714E-01    5.0000000000E-04    3.0066949916E+02
    7.7993114957E-02    1.6079900426E-01    5.0000000000E-04    3.0059489375E+02
    7.9083927753E-02    1.6304794138E-01    5.0000000000E-04    3.0052132452E+02
    8.0174740550E-02    1.6529687850E-01    5.0000000000E-04    3.0044876310E+02
    8.1265553346E-02    1.6754581563E-01    5.0000000000E-04    3.0037718223E+02
    8.2356366143E-02    1.6979475275E-01    5.0000000000E-04    3.0030655578E+02
    8.3447178940E-02    1.7204368987E-01    5.0000000000E-04    3.0023685862E+02
    8.4537991736E-02    1.7429262700E-01    5.0000000000E-04    3.0016806662E+02
    8.5628804533E-02    1.7654156412E-01    5.0000000000E-04    3.0010015658E+02
    8.6719617329E-02    1.7879050124E-01    5.0000000000E-04    3.0003310615E+02
    4.0567997976E-02    9.2746149508E-02    5.0000000000E-04    3.0360558646E+02
    4.1569676939E-02    9.5036177891E-02    5.0000000000E-04    3.0347639154E+02
    4.2571355901E-02    9.7326206274E-02    5.0000000000E-04    3.0335027270E+02
    4.3573034863E-02    9.9616234657E-02    5.0000000000E-04    3.0322708686E+02
    4.4574713826E-02    1.0190626304E-01    5.0000000000E-04    3.0310670070E+02
    4.5576392788E-02    1.0419629142E-01    5.0000000000E-04    3.0298898980E+02
    4.6578071751E-02    1.0648631981E-01    5.0000000000E-04    3.0287383783E+02
    4.7579750713E-02    1.0877634819E-01    5.0000000000E-04    3.0276113592E+02
    4.8581429675E-02    1.1106637657E-01    5.0000000000E-04    3.0265078196E+02
    4.9583108638E-02    1.1335640495E-01    5.0000000000E-04    3.0254268013E+02
    5.0584787600E-02    1.1564643334E-01    5.0000000000E-04    3.0243674035E+02
    5.1586466562E-02    1.1793646172E-01    5.0000000000E-04    3.0233287782E+02
    5.2588145525E-02    1.2022649010E-01    5.0000000000E-04    3.0223101265E+02
    5.3589824487E-02    1.2251651849E-01    5.0000000000E-04    3.0213106947E+02
    5.4591503450E-02    1.2480654687E-01    5.0000000000E-04    3.0203297710E+02
    5.5593182412E-02    1.2709657525E-01    5.0000000000E-04    3.0193666823E+02
    5.6594861374E-02    1.2938660364E-01    5.0000000000E-04    3.0184207917E+02
    5.7596540337E-02    1.3167663202E-01    5.0000000000E-04    3.0174914957E+02
    5.8598219299E-02    1.3396666040E-01    5.0000000000E-04    3.0165782220E+02
    5.9599898261E-02    1.3625668878E-01    5.0000000000E-04    3.0156804276E+02
    6.0601577224E-02    1.3854671717E-01    5.0000000000E-04    3.0147975966E+02
    6.1603256186E-02    1.4083674555E-01    5.0000000000E-04    3.0139292381E+02
    6.2604935149E-02    1.4312677393E-01    5.0000000000E-04    3.0130748856E+02
    6.3606614111E-02    1.4541680232E-01    5.0000000000E-04    3.0122340942E+02
    6.4608293073E-02    1.4770683070E-01    5.0000000000E-04    3.0114064401E+02
    6.5609972036E-02    1.4999685908E-01    5.0000000000E-04    3.0105915193E+02
    6.6611650998E-02    1.5228688746E-01    5.0000000000E-04    3.0097889458E+02
    6.7613329961E-02    1.5457691585E-01    5.0000000000E-04    3.0089983510E+02
    6.8615008923E-02    1.5686694423E-01    5.0000000000E-04    3.0082193827E+02
    6.9616687885E-02    1.5915697261E-01    5.0000000000E-04    3.0074517037E+02
    7.0618366848E-02    1.6144700100E-01    5.0000000000E-04    3.0066949916E+02
    7.1620045810E-02    1.6373702938E-01    5.0000000000E-04    3.0059489375E+02
    7.2621724772E-02    1.6602705776E-01    5.0000000000E-04    3.0052132452E+02
    7.3623403735E-02    1.6831708614E-01    5.0000000000E-04    3.0044876310E+02
    7.4625082697E-02    1.7060711453E-01    5.0000000000E-04    3.0037718223E+02
    7.5626761660E-02    1.7289714291E-01    5.0000000000E-04    3.0030655578E+02
    7.6628440622E-02    1.7518717129E-01    5.0000000000E-04    3.0023685862E+02
    7.7630119584E-02    1.7747719968E-01    5.0000000000E-04    3.0016806662E+02
    7.8631798547E-02    1.7976722806E-01    5.0000000000E-04    3.0010015658E+02
    7.9633477509E-02    1.8205725644E-01    5.0000000000E-04    3.0003310615E+02
    3.6895524778E-02    9.4267337714E-02    5.0000000000E-04    3.0360558646E+02
    3.7806525390E-02    9.6594926300E-02    5.0000000000E-04    3.0347639154E+02
    3.8717526002E-02    9.8922514886E-02    5.0000000000E-04    3.0335027270E+02
    3.9628526613E-02    1.0125010347E-01    5.0000000000E-04    3.0322708686E+02
    4.0539527225E-02    1.0357769206E-01    5.0000000000E-04    3.0310670070E+02
    4.1450527837E-02    1.0590528064E-01    5.0000000000E-04    3.0298898980E+02
    4.2361528449E-02    1.0823286923E-01    5.0000000000E-04    3.0287383783E+02
    4.3272529061E-02    1.1056045781E-01    5.0000000000E-04    3.0276113592E+02
    4.4183529672E-02    1.1288804640E-01    5.0000000000E-04    3.0265078196E+02
    4.5094530284E-02    1.1521563498E-01    5.0000000000E-04    3.0254268013E+02
    4.6005530896E-02    1.1754322357E-01    5.0000000000E-04    3.0243674035E+02
    4.6916531508E-02    1.1987081216E-01    5.0000000000E-04    3.0233287782E+02
    4.7827532120E-02    1.2219840074E-01    5.0000000000E-04    3.0223101265E+02
    4.8738532731E-02    1.2452598933E-01    5.0000000000E-04    3.0213106948E+02
    4.9649533343E-02    1.2685357791E-01    5.0000000000E-04    3.0203297710E+02
    5.0560533955E-02    1.2918116650E-01    5.0000000000E-04    3.0193666823E+02
    5.1471534567E-02    1.3150875508E-01    5.0000000000E-04    3.0184207917E+02
    5.2382535179E-02    1.3383634367E-01    5.0000000000E-04    3.0174914957E+02
    5.3293535790E-02    1.3616393225E-01    5.0000000000E-04    3.0165782220E+02
    5.4204536402E-02    1.3849152084E-01    5.0000000000E-04    3.0156804277E+02
    5.5115537014E-02    1.4081910943E-01    5.0000000000E-04    3.0147975966E+02
    5.6026537626E-02    1.4314669801E-01    5.0000000000E-04    3.0139292381E+02
    5.6937538238E-02    1.4547428660E-01    5.0000000000E-04    3.0130748856E+02
    5.7848538850E-02    1.4780187518E-01    5.0000000000E-04    3.0122340942E+02
    5.8759539461E-02    1.5012946377E-01    5.0000000000E-04    3.0114064401E+02
    5.9670540073E-02    1.5245705235E-01    5.0000000000E-04    3.0105915193E+02
    6.0581540685E-02    1.5478464094E-01    5.0000000000E-04    3.0097889458E+02
    6.1492541297E-02    1.5711222952E-01    5.0000000000E-04    3.0089983510E+02
    6.2403541909E-02    1.5943981811E-01    5.0000000000E-04    3.0082193827E+02
    6.3314542520E-02    1.6176740670E-01    5.0000000000E-04    3.0074517037E+02
    6.4225543132E-02    1.6409499528E-01    5.0000000000E-04    3.0066949916E+02
    6.5136543744E-02    1.6642258387E-01    5.0000000000E-04    3.0059489375E+02
    6.6047544356E-02    1.6875017245E-01    5.0000000000E-04    3.0052132452E+02
    6.6958544968E-02    1.7107776104E-01    5.0000000000E-04    3.0044876310E+02
    6.7869545579E-02    1.7340534962E-01    5.0000000000E-04    3.0037718223E+02
    6.8780546191E-02    1.7573293821E-01    5.0000000000E-04    3.0030655578E+02
    6.9691546803E-02    1.7806052679E-01    5.0000000000E-04    3.0023685862E+02
    7.0602547415E-02    1.8038811538E-01    5.0000000000E-04    3.0016806662E+02
    7.1513548027E-02    1.8271570397E-01    5.0000000000E-04    3.0010015658E+02
    7.2424548638E-02    1.8504329255E-01    5.0000000000E-04    3.0003310615E+02
    3.3166161355E-02    9.5643172519E-02    5.0000000000E-04    3.0360558646E+02
    3.3985078919E-02    9.8004732334E-02    5.0000000000E-04    3.0347639154E+02
    3.4803996483E-02    1.0036629215E-01    5.0000000000E-04    3.0335027270E+02
    3.5622914048E-02    1.0272785196E-01    5.0000000000E-04    3.0322708686E+02
    3.6441831612E-02    1.0508941178E-01    5.0000000000E-04    3.0310670070E+02
    3.7260749176E-02    1.0745097159E-01    5.0000000000E-04    3.0298898980E+02
    3.8079666741E-02    1.0981253141E-01    5.0000000000E-04    3.0287383783E+02
    3.8898584305E-02    1.1217409123E-01    5.0000000000E-04    3.0276113592E+02
    3.9717501869E-02    1.1453565104E-01    5.0000000000E-04    3.0265078196E+02
    4.0536419434E-02    1.1689721086E-01    5.0000000000E-04    3.0254268013E+02
    4.1355336998E-02    1.1925877067E-01    5.0000000000E-04    3.0243674035E+02
    4.2174254562E-02    1.2162033049E-01    5.0000000000E-04    3.0233287782E+02
    4.2993172127E-02    1.2398189030E-01    5.0000000000E-04    3.0223101265E+02
    4.3812089691E-02    1.2634345012E-01    5.0000000000E-04    3.0213106948E+02
    4.4631007255E-02    1.2870500993E-01    5.0000000000E-04    3.0203297710E+02
    4.5449924820E-02    1.3106656975E-01    5.0000000000E-04    3.0193666823E+02
    4.6268842384E-02    1.3342812956E-01    5.0000000000E-04    3.0184207917E+02
    4.7087759948E-02    1.3578968938E-01    5.0000000000E-04    3.0174914957E+02
    4.7906677512E-02    1.3815124919E-01    5.0000000000E-04    3.0165782220E+02
    4.8725595077E-02    1.4051280901E-01    5.0000000000E-04    3.0156804277E+02
    4.9544512641E-02    1.4287436882E-01    5.0000000000E-04    3.0147975966E+02
    5.0363430205E-02    1.4523592864E-01    5.0000000000E-04    3.0139292382E+02
    5.1182347770E-02    1.4759748845E-01    5.0000000000E-04    3.0130748856E+02
    5.2001265334E-02    1.4995904827E-01    5.0000000000E-04    3.0122340942E+02
    5.2820182898E-02    1.5232060809E-01    5.0000000000E-04    3.0114064402E+02
    5.3639100463E-02    1.5468216790E-01    5.0000000000E-04    3.0105915193E+02
    5.4458018027E-02    1.5704372772E-01    5.0000000000E-04    3.0097889458E+02
    5.5276935591E-02    1.5940528753E-01    5.0000000000E-04    3.0089983510E+02
    5.6095853156E-02    1.6176684735E-01    5.0000000000E-04    3.0082193827E+02
    5.6914770720E-02    1.6412840716E-01    5.0000000000E-04    3.0074517037E+02
    5.7733688284E-02    1.6648996698E-01    5.0000000000E-04    3.0066949916E+02
    5.8552605849E-02    1.6885152679E-01    5.0000000000E-04    3.0059489375E+02
    5.9371523413E-02    1.7121308661E-01    5.0000000000E-04    3.0052132452E+02
    6.0190440977E-02    1.7357464642E-01    5.0000000000E-04    3.0044876310E+02
    6.1009358542E-02    1.7593620624E-01    5.0000000000E-04    3.0037718223E+02
    6.1828276106E-02    1.7829776605E-01    5.0000000000E-04    3.0030655578E+02
    6.2647193670E-02    1.8065932587E-01    5.0000000000E-04    3.0023685862E+02
    6.3466111234E-02    1.8302088568E-01    5.0000000000E-04    3.0016806663E+02
    6.4285028799E-02    1.8538244550E-01    5.0000000000E-04    3.0010015658E+02
    6.5103946363E-02    1.8774400531E-01    5.0000000000E-04    3.0003310615E+02
    2.9385658115E-02    9.6871532483E-02    5.0000000000E-04    3.0360558647E+02
    3.0111229920E-02    9.9263422174E-02    5.0000000000E-04    3.0347639155E+02
    3.0836801725E-02    1.0165531186E-01    5.0000000000E-04    3.0335027270E+02
    3.1562373531E-02    1.0404720156E-01    5.0000000000E-04    3.0322708686E+02
    3.2287945336E-02    1.0643909125E-01    5.0000000000E-04    3.0310670070E+02
    3.3013517141E-02    1.0883098094E-01    5.0000000000E-04    3.0298898980E+02
    3.3739088946E-02    1.1122287063E-01    5.0000000000E-04    3.0287383783E+02
    3.4464660752E-02    1.1361476032E-01    5.0000000000E-04    3.0276113592E+02
    3.5190232557E-02    1.1600665001E-01    5.0000000000E-04    3.0265078196E+02
    3.5915804362E-02    1.1839853970E-01    5.0000000000E-04    3.0254268013E+02
    3.6641376168E-02    1.2079042939E-01    5.0000000000E-04    3.0243674035E+02
    3.7366947973E-02    1.2318231908E-01    5.0000000000E-04    3.0233287782E+02
    3.8092519778E-02    1.2557420877E-01    5.0000000000E-04    3.0223101265E+02
    3.8818091584E-02    1.2796609847E-01    5.0000000000E-04    3.0213106948E+02
    3.9543663389E-02    1.3035798816E-01    5.0000000000E-04    3.0203297710E+02
    4.0269235194E-02    1.3274987785E-01    5.0000000000E-04    3.0193666823E+02
    4.0994806999E-02    1.3514176754E-01    5.0000000000E-04    3.0184207917E+02
    4.1720378805E-02    1.3753365723E-01    5.0000000000E-04    3.0174914957E+02
    4.2445950610E-02    1.3992554692E-01    5.0000000000E-04    3.0165782220E+02
    4.3171522415E-02    1.4231743661E-01    5.0000000000E-04    3.0156804277E+02
    4.3897094221E-02    1.4470932630E-01    5.0000000000E-04    3.0147975966E+02
    4.4622666026E-02    1.4710121599E-01    5.0000000000E-04    3.0139292382E+02
    4.5348237831E-02    1.4949310568E-01    5.0000000000E-04    3.0130748856E+02
    4.6073809637E-02    1.5188499537E-01    5.0000000000E-04    3.0122340942E+02
    4.6799381442E-02    1.5427688507E-01    5.0000000000E-04    3.0114064402E+02
    4.7524953247E-02    1.5666877476E-01    5.0000000000E-04    3.0105915193E+02
    4.8250525052E-02    1.5906066445E-01    5.0000000000E-04    3.0097889458E+02
    4.8976096858E-02    1.6145255414E-01    5.0000000000E-04    3.0089983510E+02
    4.9701668663E-02    1.6384444383E-01    5.0000000000E-04    3.0082193827E+02
    5.0427240468E-02    1.6623633352E-01    5.0000000000E-04    3.0074517037E+02
    5.1152812274E-02    1.6862822321E-01    5.0000000000E-04    3.0066949916E+02
    5.1878384079E-02    1.7102011290E-01    5.0000000000E-04    3.0059489375E+02
    5.2603955884E-02    1.7341200259E-01    5.0000000000E-04    3.0052132452E+02
    5.3329527690E-02    1.7580389228E-01    5.0000000000E-04    3.0044876310E+02
    5.4055099495E-02    1.7819578197E-01    5.0000000000E-04    3.0037718223E+02
    5.4780671300E-02    1.8058767167E-01    5.0000000000E-04    3.0030655578E+02
    5.5506243105E-02    1.8297956136E-01    5.0000000000E-04    3.0023685862E+02
    5.6231814911E-02    1.8537145105E-01    5.0000000000E-04    3.0016806663E+02
    5.6957386716E-02    1.8776334074E-01    5.0000000000E-04    3.0010015658E+02
    5.7682958521E-02    1.9015523043E-01    5.0000000000E-04    3.0003310615E+02
    2.5559844320E-02    9.7950523566E-02    5.0000000000E-04    3.0360558647E+02
    2.6190951587E-02    1.0036905501E-01    5.0000000000E-04    3.0347639155E+02
    2.6822058854E-02    1.0278758646E-01    5.0000000000E-04    3.0335027270E+02
    2.7453166121E-02    1.0520611790E-01    5.0000000000E-04    3.0322708686E+02
    2.8084273388E-02    1.0762464935E-01    5.0000000000E-04    3.0310670070E+02
    2.8715380655E-02    1.1004318080E-01    5.0000000000E-04    3.0298898980E+02
    2.9346487923E-02    1.1246171224E-01    5.0000000000E-04    3.0287383783E+02
    2.9977595190E-02    1.1488024369E-01    5.0000000000E-04    3.0276113592E+02
    3.0608702457E-02    1.1729877513E-01    5.0000000000E-04    3.0265078196E+02
    3.1239809724E-02    1.1971730658E-01    5.0000000000E-04    3.0254268014E+02
    3.1870916991E-02    1.2213583803E-01    5.0000000000E-04    3.0243674035E+02
    3.2502024258E-02    1.2455436947E-01    5.0000000000E-04    3.0233287782E+02
    3.3133131525E-02    1.2697290092E-01    5.0000000000E-04    3.0223101265E+02
    3.3764238793E-02    1.2939143236E-01    5.0000000000E-04    3.0213106948E+02
    3.4395346060E-02    1.3180996381E-01    5.0000000000E-04    3.0203297710E+02
    3.5026453327E-02    1.3422849526E-01    5.0000000000E-04    3.0193666823E+02
    3.5657560594E-02    1.3664702670E-01    5.0000000000E-04    3.0184207917E+02
    3.6288667861E-02    1.3906555815E-01    5.0000000000E-04    3.0174914957E+02
    3.6919775128E-02    1.4148408959E-01    5.0000000000E-04    3.0165782220E+02
    3.7550882395E-02    1.4390262104E-01    5.0000000000E-04    3.0156804277E+02
    3.8181989663E-02    1.4632115249E-01    5.0000000000E-04    3.0147975966E+02
    3.8813096930E-02    1.4873968393E-01    5.0000000000E-04    3.0139292382E+02
    3.9444204197E-02    1.5115821538E-01    5.0000000000E-04    3.0130748856E+02
    4.0075311464E-02    1.5357674683E-01    5.0000000000E-04    3.0122340942E+02
    4.0706418731E-02    1.5599527827E-01    5.0000000000E-04    3.0114064402E+02
    4.1337525998E-02    1.5841380972E-01    5.0000000000E-04    3.0105915193E+02
    4.1968633266E-02    1.6083234116E-01    5.0000000000E-04    3.0097889458E+02
    4.2599740533E-02    1.6325087261E-01    5.0000000000E-04    3.0089983510E+02
    4.3230847800E-02    1.6566940406E-01    5.0000000000E-04    3.0082193827E+02
    4.3861955067E-02    1.6808793550E-01    5.0000000000E-04    3.0074517037E+02
    4.4493062334E-02    1.7050646695E-01    5.0000000000E-04    3.0066949916E+02
    4.5124169601E-02    1.7292499839E-01    5.0000000000E-04    3.0059489375E+02
    4.5755276868E-02    1.7534352984E-01    5.0000000000E-04    3.0052132452E+02
    4.6386384136E-02    1.7776206129E-01    5.0000000000E-04    3.0044876310E+02
    4.7017491403E-02    1.8018059273E-01    5.0000000000E-04    3.0037718223E+02
    4.7648598670E-02    1.8259912418E-01    5.0000000000E-04    3.0030655578E+02
    4.8279705937E-02    1.8501765562E-01    5.0000000000E-04    3.0023685862E+02
    4.8910813204E-02    1.8743618707E-01    5.0000000000E-04    3.0016806663E+02
    4.9541920471E-02    1.8985471852E-01    5.0000000000E-04    3.0010015658E+02
    5.0173027739E-02    1.9227324996E-01    5.0000000000E-04    3.0003310615E+02
    2.1694619097E-02    9.8878482041E-02    5.0000000000E-04    3.0360558647E+02
    2.2230288705E-02    1.0131992604E-01    5.0000000000E-04    3.0347639155E+02
    2.2765958312E-02    1.0376137004E-01    5.0000000000E-04    3.0335027270E+02
    2.3301627919E-02    1.0620281404E-01    5.0000000000E-04    3.0322708686E+02
    2.3837297527E-02    1.0864425804E-01    5.0000000000E-04    3.0310670070E+02
    2.4372967134E-02    1.1108570205E-01    5.0000000000E-04    3.0298898980E+02
    2.4908636741E-02    1.1352714605E-01    5.0000000000E-04    3.0287383783E+02
    2.5444306349E-02    1.1596859005E-01    5.0000000000E-04    3.0276113592E+02
    2.5979975956E-02    1.1841003405E-01    5.0000000000E-04    3.0265078196E+02
    2.6515645563E-02    1.2085147805E-01    5.0000000000E-04    3.0254268014E+02
    2.7051315171E-02    1.2329292205E-01    5.0000000000E-04    3.0243674035E+02
    2.7586984778E-02    1.2573436605E-01    5.0000000000E-04    3.0233287782E+02
    2.8122654385E-02    1.2817581005E-01    5.0000000000E-04    3.0223101265E+02
    2.8658323993E-02    1.3061725405E-01    5.0000000000E-04    3.0213106948E+02
    2.9193993600E-02    1.3305869805E-01    5.0000000000E-04    3.0203297710E+02
    2.9729663207E-02    1.3550014206E-01    5.0000000000E-04    3.0193666823E+02
    3.0265332815E-02    1.3794158606E-01    5.0000000000E-04    3.0184207917E+02
    3.0801002422E-02    1.4038303006E-01    5.0000000000E-04    3.0174914957E+02
    3.1336672029E-02    1.4282447406E-01    5.0000000000E-04    3.0165782220E+02
    3.1872341637E-02    1.4526591806E-01    5.0000000000E-04    3.0156804277E+02
    3.2408011244E-02    1.4770736206E-01    5.0000000000E-04    3.0147975966E+02
    3.2943680851E-02    1.5014880606E-01    5.0000000000E-04    3.0139292382E+02
    3.3479350459E-02    1.5259025006E-01    5.0000000000E-04    3.0130748856E+02
    3.4015020066E-02    1.5503169406E-01    5.0000000000E-04    3.0122340942E+02
    3.4550689673E-02    1.5747313806E-01    5.0000000000E-04    3.0114064402E+02
    3.5086359281E-02    1.5991458207E-01    5.0000000000E-04    3.0105915193E+02
    3.5622028888E-02    1.6235602607E-01    5.0000000000E-04    3.0097889458E+02
    3.6157698495E-02    1.6479747007E-01    5.0000000000E-04    3.0089983510E+02
    3.6693368103E-02    1.6723891407E-01    5.0000000000E-04    3.0082193827E+02
    3.7229037710E-02    1.6968035807E-01    5.0000000000E-04    3.0074517037E+02
    3.7764707317E-02    1.7212180207E-01    5.0000000000E-04    3.0066949916E+02
    3.8300376925E-02    1.7456324607E-01    5.0000000000E-04    3.0059489375E+02
    3.8836046532E-02    1.7700469007E-01    5.0000000000E-04    3.0052132453E+02
    3.9371716139E-02    1.7944613407E-01    5.0000000000E-04    3.0044876310E+02
    3.9907385747E-02    1.8188757807E-01    5.0000000000E-04    3.0037718223E+02
    4.0443055354E-02    1.8432902208E-01    5.0000000000E-04    3.0030655578E+02
    4.0978724962E-02    1.8677046608E-01    5.0000000000E-04    3.0023685862E+02
    4.1514394569E-02    1.8921191008E-01    5.0000000000E-04    3.0016806663E+02
    4.2050064176E-02    1.9165335408E-01    5.0000000000E-04    3.0010015658E+02
    4.2585733784E-02    1.9409479808E-01    5.0000000000E-04    3.0003310615E+02
    1.7795942345E-02    9.9653977063E-02    5.0000000000E-04    3.0360558647E+02
    1.8235348329E-02    1.0211456909E-01    5.0000000000E-04    3.0347639155E+02
    1.8674754312E-02    1.0457516112E-01    5.0000000000E-04    3.0335027270E+02
    1.9114160296E-02    1.0703575314E-01    5.0000000000E-04    3.0322708686E+02
    1.9553566280E-02    1.0949634517E-01    5.0000000000E-04    3.0310670070E+02
    1.9992972264E-02    1.1195693719E-01    5.0000000000E-04    3.0298898980E+02
    2.0432378248E-02    1.1441752922E-01    5.0000000000E-04    3.0287383783E+02
    2.0871784231E-02    1.1687812125E-01    5.0000000000E-04    3.0276113592E+02
    2.1311190215E-02    1.1933871327E-01    5.0000000000E-04    3.0265078196E+02
    2.1750596199E-02    1.2179930530E-01    5.0000000000E-04    3.0254268014E+02
    2.2190002183E-02    1.2425989733E-01    5.0000000000E-04    3.0243674035E+02
    2.2629408167E-02    1.2672048935E-01    5.0000000000E-04    3.0233287782E+02
    2.3068814151E-02    1.2918108138E-01    5.0000000000E-04    3.0223101265E+02
    2.3508220134E-02    1.3164167340E-01    5.0000000000E-04    3.0213106948E+02
    2.3947626118E-02    1.3410226543E-01    5.0000000000E-04    3.0203297710E+02
    2.4387032102E-02    1.3656285746E-01    5.0000000000E-04    3.0193666823E+02
    2.4826438086E-02    1.3902344948E-01    5.0000000000E-04    3.0184207917E+02
    2.5265844070E-02    1.4148404151E-01    5.0000000000E-04    3.0174914957E+02
    2.5705250053E-02    1.4394463354E-01    5.0000000000E-04    3.0165782220E+02
    2.6144656037E-02    1.4640522556E-01    5.0000000000E-04    3.0156804277E+02
    2.6584062021E-02    1.4886581759E-01    5.0000000000E-04    3.0147975966E+02
    2.7023468005E-02    1.5132640961E-01    5.0000000000E-04    3.0139292382E+02
    2.7462873989E-02    1.5378700164E-01    5.0000000000E-04    3.0130748856E+02
    2.7902279973E-02    1.5624759367E-01    5.0000000000E-04    3.0122340942E+02
    2.8341685956E-02    1.5870818569E-01    5.0000000000E-04    3.0114064402E+02
    2.8781091940E-02    1.6116877772E-01    5.0000000000E-04    3.0105915193E+02
    2.9220497924E-02    1.6362936975E-01    5.0000000000E-04    3.0097889458E+02
    2.9659903908E-02    1.6608996177E-01    5.0000000000E-04    3.0089983510E+02
    3.0099309892E-02    1.6855055380E-01    5.0000000000E-04    3.0082193827E+02
    3.0538715876E-02    1.7101114582E-01    5.0000000000E-04    3.0074517037E+02
    3.0978121859E-02    1.7347173785E-01    5.0000000000E-04    3.0066949917E+02
    3.1417527843E-02    1.7593232988E-01    5.0000000000E-04    3.0059489375E+02
    3.1856933827E-02    1.7839292190E-01    5.0000000000E-04    3.0052132453E+02
    3.2296339811E-02    1.8085351393E-01    5.0000000000E-04    3.0044876310E+02
    3.2735745795E-02    1.8331410596E-01    5.0000000000E-04    3.0037718223E+02
    3.3175151778E-02    1.8577469798E-01    5.0000000000E-04    3.0030655578E+02
    3.3614557762E-02    1.8823529001E-01    5.0000000000E-04    3.0023685862E+02
    3.4053963746E-02    1.9069588203E-01    5.0000000000E-04    3.0016806663E+02
    3.4493369730E-02    1.9315647406E-01    5.0000000000E-04    3.0010015658E+02
    3.4932775714E-02    1.9561706609E-01    5.0000000000E-04    3.0003310615E+02
    1.3869825539E-02    1.0027581288E-01    5.0000000000E-04    3.0360558647E+02
    1.4212290367E-02    1.0275175887E-01    5.0000000000E-04    3.0347639155E+02
    1.4554755195E-02    1.0522770487E-01    5.0000000000E-04    3.0335027270E+02
    1.4897220023E-02    1.0770365087E-01    5.0000000000E-04    3.0322708686E+02
    1.5239684851E-02    1.1017959686E-01    5.0000000000E-04    3.0310670070E+02
    1.5582149680E-02    1.1265554286E-01    5.0000000000E-04    3.0298898980E+02
    1.5924614508E-02    1.1513148886E-01    5.0000000000E-04    3.0287383784E+02
    1.6267079336E-02    1.1760743485E-01    5.0000000000E-04    3.0276113592E+02
    1.6609544164E-02    1.2008338085E-01    5.0000000000E-04    3.0265078196E+02
    1.6952008992E-02    1.2255932685E-01    5.0000000000E-04    3.0254268014E+02
    1.7294473820E-02    1.2503527285E-01    5.0000000000E-04    3.0243674035E+02
    1.7636938648E-02    1.2751121884E-01    5.0000000000E-04    3.0233287782E+02
    1.7979403476E-02    1.2998716484E-01    5.0000000000E-04    3.0223101265E+02
    1.8321868305E-02    1.3246311084E-01    5.0000000000E-04    3.0213106948E+02
    1.8664333133E-02    1.3493905683E-01    5.0000000000E-04    3.0203297710E+02
    1.9006797961E-02    1.3741500283E-01    5.0000000000E-04    3.0193666823E+02
    1.9349262789E-02    1.3989094883E-01    5.0000000000E-04    3.0184207917E+02
    1.9691727617E-02    1.4236689482E-01    5.0000000000E-04    3.0174914957E+02
    2.0034192445E-02    1.4484284082E-01    5.0000000000E-04    3.0165782220E+02
    2.0376657273E-02    1.4731878682E-01    5.0000000000E-04    3.0156804277E+02
    2.0719122101E-02    1.4979473281E-01    5.0000000000E-04    3.0147975966E+02
    2.1061586930E-02    1.5227067881E-01    5.0000000000E-04    3.0139292382E+02
    2.1404051758E-02    1.5474662481E-01    5.0000000000E-04    3.0130748856E+02
    2.1746516586E-02    1.5722257081E-01    5.0000000000E-04    3.0122340942E+02
    2.2088981414E-02    1.5969851680E-01    5.0000000000E-04    3.0114064402E+02
    2.2431446242E-02    1.6217446280E-01    5.0000000000E-04    3.0105915193E+02
    2.2773911070E-02    1.6465040880E-01    5.0000000000E-04    3.0097889458E+02
    2.3116375898E-02    1.6712635479E-01    5.0000000000E-04    3.0089983510E+02
    2.3458840726E-02    1.6960230079E-01    5.0000000000E-04    3.0082193827E+02
    2.3801305555E-02    1.7207824679E-01    5.0000000000E-04    3.0074517037E+02
    2.4143770383E-02    1.7455419278E-01    5.0000000000E-04    3.0066949917E+02
    2.4486235211E-02    1.7703013878E-01    5.0000000000E-04    3.0059489375E+02
    2.4828700039E-02    1.7950608478E-01    5.0000000000E-04    3.0052132453E+02
    2.5171164867E-02    1.8198203077E-01    5.0000000000E-04    3.0044876310E+02
    2.5513629695E-02    1.8445797677E-01    5.0000000000E-04    3.0037718223E+02
    2.5856094523E-02    1.8693392277E-01    5.0000000000E-04    3.0030655578E+02
    2.6198559351E-02    1.8940986877E-01    5.0000000000E-04    3.0023685862E+02
    2.6541024180E-02    1.9188581476E-01    5.0000000000E-04    3.0016806663E+02
    2.6883489008E-02    1.9436176076E-01    5.0000000000E-04    3.0010015658E+02
    2.7225953836E-02    1.9683770676E-01    5.0000000000E-04    3.0003310615E+02
    9.9223224675E-03    1.0074303065E-01    5.0000000000E-04    3.0360558647E+02
    1.0167318084E-02    1.0323051289E-01    5.0000000000E-04    3.0347639155E+02
    1.0412313700E-02    1.0571799513E-01    5.0000000000E-04    3.0335027270E+02
    1.0657309317E-02    1.0820547737E-01    5.0000000000E-04    3.0322708686E+02
    1.0902304933E-02    1.1069295961E-01    5.0000000000E-04    3.0310670070E+02
    1.1147300550E-02    1.1318044185E-01    5.0000000000E-04    3.0298898980E+02
    1.1392296166E-02    1.1566792408E-01    5.0000000000E-04    3.0287383784E+02
    1.1637291783E-02    1.1815540632E-01    5.0000000000E-04    3.0276113592E+02
    1.1882287399E-02    1.2064288856E-01    5.0000000000E-04    3.0265078196E+02
    1.2127283016E-02    1.2313037080E-01    5.0000000000E-04    3.0254268014E+02
    1.2372278632E-02    1.2561785304E-01    5.0000000000E-04    3.0243674035E+02
    1.2617274249E-02    1.2810533528E-01    5.0000000000E-04    3.0233287782E+02
    1.2862269865E-02    1.3059281751E-01    5.0000000000E-04    3.0223101266E+02
    1.3107265482E-02    1.3308029975E-01    5.0000000000E-04    3.0213106948E+02
    1.3352261098E-02    1.3556778199E-01    5.0000000000E-04    3.0203297710E+02
    1.3597256715E-02    1.3805526423E-01    5.0000000000E-04    3.0193666823E+02
    1.3842252331E-02    1.4054274647E-01    5.0000000000E-04    3.0184207917E+02
    1.4087247948E-02    1.4303022871E-01    5.0000000000E-04    3.0174914957E+02
    1.4332243564E-02    1.4551771094E-01    5.0000000000E-04    3.0165782220E+02
    1.4577239181E-02    1.4800519318E-01    5.0000000000E-04    3.0156804277E+02
    1.4822234797E-02    1.5049267542E-01    5.0000000000E-04    3.0147975966E+02
    1.5067230414E-02    1.5298015766E-01    5.0000000000E-04    3.0139292382E+02
    1.5312226030E-02    1.5546763990E-01    5.0000000000E-04    3.0130748856E+02
    1.5557221647E-02    1.5795512214E-01    5.0000000000E-04    3.0122340942E+02
    1.5802217263E-02    1.6044260437E-01    5.0000000000E-04    3.0114064402E+02
    1.6047212880E-02    1.6293008661E-01    5.0000000000E-04    3.0105915193E+02
    1.6292208496E-02    1.6541756885E-01    5.0000000000E-04    3.0097889458E+02
    1.6537204113E-02    1.6790505109E-01    5.0000000000E-04    3.0089983510E+02
    1.6782199729E-02    1.7039253333E-01    5.0000000000E-04    3.0082193827E+02
    1.7027195346E-02    1.7288001557E-01    5.0000000000E-04    3.0074517037E+02
    1.7272190962E-02    1.7536749780E-01    5.0000000000E-04    3.0066949917E+02
    1.7517186578E-02    1.7785498004E-01    5.0000000000E-04    3.0059489375E+02
    1.7762182195E-02    1.8034246228E-01    5.0000000000E-04    3.0052132453E+02
    1.8007177811E-02    1.8282994452E-01    5.0000000000E-04    3.0044876310E+02
    1.8252173428E-02    1.8531742676E-01    5.0000000000E-04    3.0037718223E+02
    1.8497169044E-02    1.8780490900E-01    5.0000000000E-04    3.0030655578E+02
    1.8742164661E-02    1.9029239123E-01    5.0000000000E-04    3.0023685862E+02
    1.8987160277E-02    1.9277987347E-01    5.0000000000E-04    3.0016806663E+02
    1.9232155894E-02    1.9526735571E-01    5.0000000000E-04    3.0010015658E+02
    1.9477151510E-02    1.9775483795E-01    5.0000000000E-04    3.0003310615E+02
    5.9595198940E-03    1.0105490998E-01    5.0000000000E-04    3.0360558647E+02
    6.1066685334E-03    1.0355009294E-01    5.0000000000E-04    3.0347639155E+02
    6.2538171727E-03    1.0604527590E-01    5.0000000000E-04    3.0335027270E+02
    6.4009658121E-03    1.0854045887E-01    5.0000000000E-04    3.0322708686E+02
    6.5481144515E-03    1.1103564183E-01    5.0000000000E-04    3.0310670070E+02
    6.6952630908E-03    1.1353082479E-01    5.0000000000E-04    3.0298898980E+02
    6.8424117302E-03    1.1602600775E-01    5.0000000000E-04    3.0287383784E+02
    6.9895603695E-03    1.1852119072E-01    5.0000000000E-04    3.0276113592E+02
    7.1367090089E-03    1.2101637368E-01    5.0000000000E-04    3.0265078196E+02
    7.2838576483E-03    1.2351155664E-01    5.0000000000E-04    3.0254268014E+02
    7.4310062876E-03    1.2600673960E-01    5.0000000000E-04    3.0243674035E+02
    7.5781549270E-03    1.2850192257E-01    5.0000000000E-04    3.0233287782E+02
    7.7253035663E-03    1.3099710553E-01    5.0000000000E-04    3.0223101266E+02
    7.8724522057E-03    1.3349228849E-01    5.0000000000E-04    3.0213106948E+02
    8.0196008450E-03    1.3598747145E-01    5.0000000000E-04    3.0203297711E+02
    8.1667494844E-03    1.3848265442E-01    5.0000000000E-04    3.0193666823E+02
    8.3138981238E-03    1.4097783738E-01    5.0000000000E-04    3.0184207917E+02
    8.4610467631E-03    1.4347302034E-01    5.0000000000E-04    3.0174914957E+02
    8.6081954025E-03    1.4596820330E-01    5.0000000000E-04    3.0165782221E+02
    8.7553440418E-03    1.4846338627E-01    5.0000000000E-04    3.0156804277E+02
    8.9024926812E-03    1.5095856923E-01    5.0000000000E-04    3.0147975966E+02
    9.0496413206E-03    1.5345375219E-01    5.0000000000E-04    3.0139292382E+02
    9.1967899599E-03    1.5594893515E-01    5.0000000000E-04    3.0130748856E+02
    9.3439385993E-03    1.5844411812E-01    5.0000000000E-04    3.0122340942E+02
    9.4910872386E-03    1.6093930108E-01    5.0000000000E-04    3.0114064402E+02
    9.6382358780E-03    1.6343448404E-01    5.0000000000E-04    3.0105915193E+02
    9.7853845173E-03    1.6592966700E-01    5.0000000000E-04    3.0097889458E+02
    9.9325331567E-03    1.6842484997E-01    5.0000000000E-04    3.0089983510E+02
    1.0079681796E-02    1.7092003293E-01    5.0000000000E-04    3.0082193827E+02
    1.0226830435E-02    1.7341521589E-01    5.0000000000E-04    3.0074517037E+02
    1.0373979075E-02    1.7591039885E-01    5.0000000000E-04    3.0066949917E+02
    1.0521127714E-02    1.7840558182E-01    5.0000000000E-04    3.0059489375E+02
    1.0668276354E-02    1.8090076478E-01    5.0000000000E-04    3.0052132453E+02
    1.0815424993E-02    1.8339594774E-01    5.0000000000E-04    3.0044876310E+02
    1.0962573632E-02    1.8589113070E-01    5.0000000000E-04    3.0037718223E+02
    1.1109722272E-02    1.8838631367E-01    5.0000000000E-04    3.0030655578E+02
    1.1256870911E-02    1.9088149663E-01    5.0000000000E-04    3.0023685862E+02
    1.1404019550E-02    1.9337667959E-01    5.0000000000E-04    3.0016806663E+02
    1.1551168190E-02    1.9587186255E-01    5.0000000000E-04    3.0010015658E+02
    1.1698316829E-02    1.9836704552E-01    5.0000000000E-04    3.0003310615E+02
    1.9875281728E-03    1.0121096996E-01    5.0000000000E-04    3.0360558647E+02
    2.0366029425E-03    1.0371000625E-01    5.0000000000E-04    3.0347639155E+02
    2.0856777122E-03    1.0620904255E-01    5.0000000000E-04    3.0335027270E+02
    2.1347524819E-03    1.0870807885E-01    5.0000000000E-04    3.0322708686E+02
    2.1838272516E-03    1.1120711514E-01    5.0000000000E-04    3.0310670070E+02
    2.2329020213E-03    1.1370615144E-01    5.0000000000E-04    3.0298898980E+02
    2.2819767910E-03    1.1620518773E-01    5.0000000000E-04    3.0287383784E+02
    2.3310515607E-03    1.1870422403E-01    5.0000000000E-04    3.0276113592E+02
    2.3801263304E-03    1.2120326032E-01    5.0000000000E-04    3.0265078196E+02
    2.4292011001E-03    1.2370229662E-01    5.0000000000E-04    3.0254268014E+02
    2.4782758698E-03    1.2620133291E-01    5.0000000000E-04    3.0243674035E+02
    2.5273506395E-03    1.2870036921E-01    5.0000000000E-04    3.0233287782E+02
    2.5764254092E-03    1.3119940550E-01    5.0000000000E-04    3.0223101266E+02
    2.6255001789E-03    1.3369844180E-01    5.0000000000E-04    3.0213106948E+02
    2.6745749486E-03    1.3619747809E-01    5.0000000000E-04    3.0203297711E+02
    2.7236497183E-03    1.3869651439E-01    5.0000000000E-04    3.0193666824E+02
    2.7727244880E-03    1.4119555068E-01    5.0000000000E-04    3.0184207917E+02
    2.8217992577E-03    1.4369458698E-01    5.0000000000E-04    3.0174914957E+02
    2.8708740274E-03    1.4619362328E-01    5.0000000000E-04    3.0165782221E+02
    2.9199487971E-03    1.4869265957E-01    5.0000000000E-04    3.0156804277E+02
    2.9690235668E-03    1.5119169587E-01    5.0000000000E-04    3.0147975966E+02
    3.0180983365E-03    1.5369073216E-01    5.0000000000E-04    3.0139292382E+02
    3.0671731062E-03    1.5618976846E-01    5.0000000000E-04    3.0130748856E+02
    3.1162478759E-03    1.5868880475E-01    5.0000000000E-04    3.0122340942E+02
    3.1653226456E-03    1.6118784105E-01    5.0000000000E-04    3.0114064402E+02
    3.2143974153E-03    1.6368687734E-01    5.0000000000E-04    3.0105915193E+02
    3.2634721850E-03    1.6618591364E-01    5.0000000000E-04    3.0097889458E+02
    3.3125469547E-03    1.6868494993E-01    5.0000000000E-04    3.0089983510E+02
    3.3616217244E-03    1.7118398623E-01    5.0000000000E-04    3.0082193827E+02
    3.4106964941E-03    1.7368302252E-01    5.0000000000E-04    3.0074517037E+02
    3.4597712638E-03    1.7618205882E-01    5.0000000000E-04    3.0066949917E+02
    3.5088460335E-03    1.7868109511E-01    5.0000000000E-04    3.0059489375E+02
    3.5579208032E-03    1.8118013141E-01    5.0000000000E-04    3.0052132453E+02
    3.6069955729E-03    1.8367916770E-01    5.0000000000E-04    3.0044876310E+02
    3.6560703426E-03    1.8617820400E-01    5.0000000000E-04    3.0037718223E+02
    3.7051451123E-03    1.8867724030E-01    5.0000000000E-04    3.0030655578E+02
    3.7542198820E-03    1.9117627659E-01    5.0000000000E-04    3.0023685862E+02
    3.8032946517E-03    1.9367531289E-01    5.0000000000E-04    3.0016806663E+02
    3.8523694214E-03    1.9617434918E-01    5.0000000000E-04    3.0010015658E+02
    3.9014441911E-03    1.9867338548E-01    5.0000000000E-04    3.0003310615E+02
   -1.9875281728E-03    1.0121096996E-01    5.0000000000E-04    3.0360558647E+02
   -2.0366029425E-03    1.0371000625E-01    5.0000000000E-04    3.0347639155E+02
   -2.0856777122E-03    1.0620904255E-01    5.0000000000E-04    3.0335027270E+02
   -2.1347524819E-03    1.0870807885E-01    5.0000000000E-04    3.0322708686E+02
   -2.1838272516E-03    1.1120711514E-01    5.0000000000E-04    3.0310670071E+02
   -2.2329020213E-03    1.1370615144E-01    5.0000000000E-04    3.0298898980E+02
   -2.2819767910E-03    1.1620518773E-01    5.0000000000E-04    3.0287383784E+02
   -2.3310515607E-03    1.1870422403E-01    5.0000000000E-04    3.0276113592E+02
   -2.3801263304E-03    1.2120326032E-01    5.0000000000E-04    3.0265078197E+02
   -2.4292011001E-03    1.2370229662E-01    5.0000000000E-04    3.0254268014E+02
   -2.4782758698E-03    1.2620133291E-01    5.0000000000E-04    3.0243674035E+02
   -2.5273506395E-03    1.2870036921E-01    5.0000000000E-04    3.0233287782E+02
   -2.5764254092E-03    1.3119940550E-01    5.0000000000E-04    3.0223101266E+02
   -2.6255001789E-03    1.3369844180E-01    5.0000000000E-04    3.0213106948E+02
   -2.6745749486E-03    1.3619747809E-01    5.0000000000E-04    3.0203297711E+02
   -2.7236497183E-03    1.3869651439E-01    5.0000000000E-04    3.0193666824E+02
   -2.7727244880E-03    1.4119555068E-01    5.0000000000E-04    3.0184207917E+02
   -2.8217992577E-03    1.4369458698E-01    5.0000000000E-04    3.0174914957E+02
   -2.8708740274E-03    1.4619362328E-01    5.0000000000E-04    3.0165782221E+02
   -2.9199487971E-03    1.4869265957E-01    5.0000000000E-04    3.0156804277E+02
   -2.9690235668E-03    1.5119169587E-01    5.0000000000E-04    3.0147975966E+02
   -3.0180983365E-03    1.5369073216E-01    5.0000000000E-04    3.0139292382E+02
   -3.0671731062E-03    1.5618976846E-01    5.0000000000E-04    3.0130748856E+02
   -3.1162478759E-03    1.5868880475E-01    5.0000000000E-04    3.0122340942E+02
   -3.1653226456E-03    1.6118784105E-01    5.0000000000E-04    3.0114064402E+02
   -3.2143974153E-03    1.6368687734E-01    5.0000000000E-04    3.0105915193E+02
   -3.2634721850E-03    1.6618591364E-01    5.0000000000E-04    3.0097889458E+02
   -3.3125469547E-03    1.6868494993E-01    5.0000000000E-04    3.0089983510E+02
   -3.3616217244E-03    1.7118398623E-01    5.0000000000E-04    3.0082193827E+02
   -3.4106964941E-03    1.7368302252E-01    5.0000000000E-04    3.0074517037E+02
   -3.4597712638E-03    1.7618205882E-01    5.0000000000E-04    3.0066949917E+02
   -3.5088460335E-03    1.7868109511E-01    5.0000000000E-04    3.0059489375E+02
   -3.5579208032E-03    1.8118013141E-01    5.0000000000E-04    3.0052132453E+02
   -3.6069955729E-03    1.8367916770E-01    5.0000000000E-04    3.0044876310E+02
   -3.6560703426E-03    1.8617820400E-01    5.0000000000E-04    3.0037718223E+02
   -3.7051451123E-03    1.8867724030E-01    5.0000000000E-04    3.0030655578E+02
   -3.7542198820E-03    1.9117627659E-01    5.0000000000E-04    3.0023685862E+02
   -3.8032946517E-03    1.9367531289E-01    5.0000000000E-04    3.0016806663E+02
   -3.8523694214E-03    1.9617434918E-01    5.0000000000E-04    3.0010015658E+02
   -3.9014441911E-03    1.9867338548E-01    5.0000000000E-04    3.0003310615E+02
   -5.9595198940E-03    1.0105490998E-01    5.0000000000E-04    3.0360558647E+02
   -6.1066685334E-03    1.0355009294E-01    5.0000000000E-04    3.0347639155E+02
   -6.2538171727E-03    1.0604527590E-01    5.0000000000E-04    3.0335027270E+02
   -6.4009658121E-03    1.0854045887E-01    5.0000000000E-04    3.0322708686E+02
   -6.5481144515E-03    1.1103564183E-01    5.0000000000E-04    3.0310670071E+02
   -6.6952630908E-03    1.1353082479E-01    5.0000000000E-04    3.0298898980E+02
   -6.8424117302E-03    1.1602600775E-01    5.0000000000E-04    3.0287383784E+02
   -6.9895603695E-03    1.1852119072E-01    5.0000000000E-04    3.0276113592E+02
   -7.1367090089E-03    1.2101637368E-01    5.0000000000E-04    3.0265078197E+02
   -7.2838576483E-03    1.2351155664E-01    5.0000000000E-04    3.0254268014E+02
   -7.4310062876E-03    1.2600673960E-01    5.0000000000E-04    3.0243674035E+02
   -7.5781549270E-03    1.2850192257E-01    5.0000000000E-04    3.0233287782E+02
   -7.7253035663E-03    1.3099710553E-01    5.0000000000E-04    3.0223101266E+02
   -7.8724522057E-03    1.3349228849E-01    5.0000000000E-04    3.0213106948E+02
   -8.0196008450E-03    1.3598747145E-01    5.0000000000E-04    3.0203297711E+02
   -8.1667494844E-03    1.3848265442E-01    5.0000000000E-04    3.0193666824E+02
   -8.3138981238E-03    1.4097783738E-01    5.0000000000E-04    3.0184207917E+02
   -8.4610467631E-03    1.4347302034E-01    5.0000000000E-04    3.0174914957E+02
   -8.6081954025E-03    1.4596820330E-01    5.0000000000E-04    3.0165782221E+02
   -8.7553440418E-03    1.4846338627E-01    5.0000000000E-04    3.0156804277E+02
   -8.9024926812E-03    1.5095856923E-01    5.0000000000E-04    3.0147975966E+02
   -9.0496413206E-03    1.5345375219E-01    5.0000000000E-04    3.0139292382E+02
   -9.1967899599E-03    1.5594893515E-01    5.0000000000E-04    3.0130748856E+02
   -9.3439385993E-03    1.5844411812E-01    5.0000000000E-04    3.0122340942E+02
   -9.4910872386E-03    1.6093930108E-01    5.0000000000E-04    3.0114064402E+02
   -9.6382358780E-03    1.6343448404E-01    5.0000000000E-04    3.0105915193E+02
   -9.7853845173E-03    1.6592966700E-01    5.0000000000E-04    3.0097889458E+02
   -9.9325331567E-03    1.6842484997E-01    5.0000000000E-04    3.0089983510E+02
   -1.0079681796E-02    1.7092003293E-01    5.0000000000E-04    3.0082193827E+02
   -1.0226830435E-02    1.7341521589E-01    5.0000000000E-04    3.0074517037E+02
   -1.0373979075E-02    1.7591039885E-01    5.0000000000E-04    3.0066949917E+02
   -1.0521127714E-02    1.7840558182E-01    5.0000000000E-04    3.0059489375E+02
   -1.0668276354E-02    1.8090076478E-01    5.0000000000E-04    3.0052132453E+02
   -1.0815424993E-02    1.8339594774E-01    5.0000000000E-04    3.0044876310E+02
   -1.0962573632E-02    1.8589113070E-01    5.0000000000E-04    3.0037718223E+02
   -1.1109722272E-02    1.8838631367E-01    5.0000000000E-04    3.0030655578E+02
   -1.1256870911E-02    1.9088149663E-01    5.0000000000E-04    3.0023685862E+02
   -1.1404019550E-02    1.9337667959E-01    5.0000000000E-04    3.0016806663E+02
   -1.1551168190E-02    1.9587186255E-01    5.0000000000E-04    3.0010015658E+02
   -1.1698316829E-02    1.9836704552E-01    5.0000000000E-04    3.0003310615E+02
   -9.9223224675E-03    1.0074303065E-01    5.0000000000E-04    3.0360558647E+02
   -1.0167318084E-02    1.0323051289E-01    5.0000000000E-04    3.0347639155E+02
   -1.0412313700E-02    1.0571799513E-01    5.0000000000E-04    3.0335027270E+02
   -1.0657309317E-02    1.0820547737E-01    5.0000000000E-04    3.0322708686E+02
   -1.0902304933E-02    1.1069295961E-01    5.0000000000E-04    3.0310670071E+02
   -1.1147300550E-02    1.1318044185E-01    5.0000000000E-04    3.0298898980E+02
   -1.1392296166E-02    1.1566792408E-01    5.0000000000E-04    3.0287383784E+02
   -1.1637291783E-02    1.1815540632E-01    5.0000000000E-04    3.0276113592E+02
   -1.1882287399E-02    1.2064288856E-01    5.0000000000E-04    3.0265078197E+02
   -1.2127283016E-02    1.2313037080E-01    5.0000000000E-04    3.0254268014E+02
   -1.2372278632E-02    1.2561785304E-01    5.0000000000E-04    3.0243674035E+02
   -1.2617274249E-02    1.2810533528E-01    5.0000000000E-04    3.0233287782E+02
   -1.2862269865E-02    1.3059281751E-01    5.0000000000E-04    3.0223101266E+02
   -1.3107265482E-02    1.3308029975E-01    5.0000000000E-04    3.0213106948E+02
   -1.3352261098E-02    1.3556778199E-01    5.0000000000E-04    3.0203297711E+02
   -1.3597256715E-02    1.3805526423E-01    5.0000000000E-04    3.0193666824E+02
   -1.3842252331E-02    1.4054274647E-01    5.0000000000E-04    3.0184207917E+02
   -1.4087247948E-02    1.4303022871E-01    5.0000000000E-04    3.0174914957E+02
   -1.4332243564E-02    1.4551771094E-01    5.0000000000E-04    3.0165782221E+02
   -1.4577239181E-02    1.4800519318E-01    5.0000000000E-04    3.0156804277E+02
   -1.4822234797E-02    1.5049267542E-01    5.0000000000E-04    3.0147975966E+02
   -1.5067230414E-02    1.5298015766E-01    5.0000000000E-04    3.0139292382E+02
   -1.5312226030E-02    1.5546763990E-01    5.0000000000E-04    3.0130748856E+02
   -1.5557221647E-02    1.5795512214E-01    5.0000000000E-04    3.0122340942E+02
   -1.5802217263E-02    1.6044260437E-01    5.0000000000E-04    3.0114064402E+02
   -1.6047212880E-02    1.6293008661E-01    5.0000000000E-04    3.0105915193E+02
   -1.6292208496E-02    1.6541756885E-01    5.0000000000E-04    3.0097889458E+02
   -1.6537204113E-02    1.6790505109E-01    5.0000000000E-04    3.0089983510E+02
   -1.6782199729E-02    1.7039253333E-01    5.0000000000E-04    3.0082193827E+02
   -1.7027195346E-02    1.7288001557E-01    5.0000000000E-04    3.0074517037E+02
   -1.7272190962E-02    1.7536749780E-01    5.0000000000E-04    3.0066949917E+02
   -1.7517186578E-02    1.7785498004E-01    5.0000000000E-04    3.0059489375E+02
   -1.7762182195E-02    1.8034246228E-01    5.0000000000E-04    3.0052132453E+02
   -1.8007177811E-02    1.8282994452E-01    5.0000000000E-04    3.0044876310E+02
   -1.8252173428E-02    1.8531742676E-01    5.0000000000E-04    3.0037718223E+02
   -1.8497169044E-02    1.8780490900E-01    5.0000000000E-04    3.0030655578E+02
   -1.8742164661E-02    1.9029239123E-01    5.0000000000E-04    3.0023685862E+02
   -1.8987160277E-02    1.9277987347E-01    5.0000000000E-04    3.0016806663E+02
   -1.9232155894E-02    1.9526735571E-01    5.0000000000E-04    3.0010015658E+02
   -1.9477151510E-02    1.9775483795E-01    5.0000000000E-04    3.0003310615E+02
   -1.3869825539E-02    1.0027581288E-01    5.0000000000E-04    3.0360558647E+02
   -1.4212290367E-02    1.0275175887E-01    5.0000000000E-04    3.0347639155E+02
   -1.4554755195E-02    1.0522770487E-01    5.0000000000E-04    3.0335027271E+02
   -1.4897220023E-02    1.0770365087E-01    5.0000000000E-04    3.0322708686E+02
   -1.5239684851E-02    1.1017959686E-01    5.0000000000E-04    3.0310670071E+02
   -1.5582149680E-02    1.1265554286E-01    5.0000000000E-04    3.0298898980E+02
   -1.5924614508E-02    1.1513148886E-01    5.0000000000E-04    3.0287383784E+02
   -1.6267079336E-02    1.1760743485E-01    5.0000000000E-04    3.0276113592E+02
   -1.6609544164E-02    1.2008338085E-01    5.0000000000E-04    3.0265078197E+02
   -1.6952008992E-02    1.2255932685E-01    5.0000000000E-04    3.0254268014E+02
   -1.7294473820E-02    1.2503527285E-01    5.0000000000E-04    3.0243674035E+02
   -1.7636938648E-02    1.2751121884E-01    5.0000000000E-04    3.0233287782E+02
   -1.7979403476E-02    1.2998716484E-01    5.0000000000E-04    3.0223101266E+02
   -1.8321868305E-02    1.3246311084E-01    5.0000000000E-04    3.0213106948E+02
   -1.8664333133E-02    1.3493905683E-01    5.0000000000E-04    3.0203297711E+02
   -1.9006797961E-02    1.3741500283E-01    5.0000000000E-04    3.0193666824E+02
   -1.9349262789E-02    1.3989094883E-01    5.0000000000E-04    3.0184207917E+02
   -1.9691727617E-02    1.4236689482E-01    5.0000000000E-04    3.0174914957E+02
   -2.0034192445E-02    1.4484284082E-01    5.0000000000E-04    3.0165782221E+02
   -2.0376657273E-02    1.4731878682E-01    5.0000000000E-04    3.0156804277E+02
   -2.0719122101E-02    1.4979473281E-01    5.0000000000E-04    3.0147975966E+02
   -2.1061586930E-02    1.5227067881E-01    5.0000000000E-04    3.0139292382E+02
   -2.1404051758E-02    1.5474662481E-01    5.0000000000E-04    3.0130748856E+02
   -2.1746516586E-02    1.5722257081E-01    5.0000000000E-04    3.0122340942E+02
   -2.2088981414E-02    1.5969851680E-01    5.0000000000E-04    3.0114064402E+02
   -2.2431446242E-02    1.6217446280E-01    5.0000000000E-04    3.0105915193E+02
   -2.2773911070E-02    1.6465040880E-01    5.0000000000E-04    3.0097889458E+02
   -2.3116375898E-02    1.6712635479E-01    5.0000000000E-04    3.0089983510E+02
   -2.3458840726E-02    1.6960230079E-01    5.0000000000E-04    3.0082193827E+02
   -2.3801305555E-02    1.7207824679E-01    5.0000000000E-04    3.0074517037E+02
   -2.4143770383E-02    1.7455419278E-01    5.0000000000E-04    3.0066949917E+02
   -2.4486235211E-02    1.7703013878E-01    5.0000000000E-04    3.0059489375E+02
   -2.4828700039E-02    1.7950608478E-01    5.0000000000E-04    3.0052132453E+02
   -2.5171164867E-02    1.8198203077E-01    5.0000000000E-04    3.0044876310E+02
   -2.5513629695E-02    1.8445797677E-01    5.0000000000E-04    3.0037718223E+02
   -2.5856094523E-02    1.8693392277E-01    5.0000000000E-04    3.0030655578E+02
   -2.6198559351E-02    1.8940986877E-01    5.0000000000E-04    3.0023685862E+02
   -2.6541024180E-02    1.9188581476E-01    5.0000000000E-04    3.0016806663E+02
   -2.6883489008E-02    1.9436176076E-01    5.0000000000E-04    3.0010015658E+02
   -2.7225953836E-02    1.9683770676E-01    5.0000000000E-04    3.0003310615E+02
   -1.7795942345E-02    9.9653977063E-02    5.0000000000E-04    3.0360558647E+02
   -1.8235348329E-02    1.0211456909E-01    5.0000000000E-04    3.0347639155E+02
   -1.8674754312E-02    1.0457516112E-01    5.0000000000E-04    3.0335027271E+02
   -1.9114160296E-02    1.0703575314E-01    5.0000000000E-04    3.0322708686E+02
   -1.9553566280E-02    1.0949634517E-01    5.0000000000E-04    3.0310670071E+02
   -1.9992972264E-02    1.1195693719E-01    5.0000000000E-04    3.0298898980E+02
   -2.0432378248E-02    1.1441752922E-01    5.0000000000E-04    3.0287383784E+02
   -2.0871784231E-02    1.1687812125E-01    5.0000000000E-04    3.0276113592E+02
   -2.1311190215E-02    1.1933871327E-01    5.0000000000E-04    3.0265078197E+02
   -2.1750596199E-02    1.2179930530E-01    5.0000000000E-04    3.0254268014E+02
   -2.2190002183E-02    1.2425989733E-01    5.0000000000E-04    3.0243674035E+02
   -2.2629408167E-02    1.2672048935E-01    5.0000000000E-04    3.0233287782E+02
   -2.3068814151E-02    1.2918108138E-01    5.0000000000E-04    3.0223101266E+02
   -2.3508220134E-02    1.3164167340E-01    5.0000000000E-04    3.0213106948E+02
   -2.3947626118E-02    1.3410226543E-01    5.0000000000E-04    3.0203297711E+02
   -2.4387032102E-02    1.3656285746E-01    5.0000000000E-04    3.0193666824E+02
   -2.4826438086E-02    1.3902344948E-01    5.0000000000E-04    3.0184207917E+02
   -2.5265844070E-02    1.4148404151E-01    5.0000000000E-04    3.0174914957E+02
   -2.5705250053E-02    1.4394463354E-01    5.0000000000E-04    3.0165782221E+02
   -2.6144656037E-02    1.4640522556E-01    5.0000000000E-04    3.0156804277E+02
   -2.6584062021E-02    1.4886581759E-01    5.0000000000E-04    3.0147975966E+02
   -2.7023468005E-02    1.5132640961E-01    5.0000000000E-04    3.0139292382E+02
   -2.7462873989E-02    1.5378700164E-01    5.0000000000E-04    3.0130748856E+02
   -2.7902279973E-02    1.5624759367E-01    5.0000000000E-04    3.0122340942E+02
   -2.8341685956E-02    1.5870818569E-01    5.0000000000E-04    3.0114064402E+02
   -2.8781091940E-02    1.6116877772E-01    5.0000000000E-04    3.0105915193E+02
   -2.9220497924E-02    1.6362936975E-01    5.0000000000E-04    3.0097889458E+02
   -2.9659903908E-02    1.6608996177E-01    5.0000000000E-04    3.0089983510E+02
   -3.0099309892E-02    1.6855055380E-01    5.0000000000E-04    3.0082193827E+02
   -3.0538715876E-02    1.7101114582E-01    5.0000000000E-04    3.0074517037E+02
   -3.0978121859E-02    1.7347173785E-01    5.0000000000E-04    3.0066949917E+02
   -3.1417527843E-02    1.7593232988E-01    5.0000000000E-04    3.0059489375E+02
   -3.1856933827E-02    1.7839292190E-01    5.0000000000E-04    3.0052132453E+02
   -3.2296339811E-02    1.8085351393E-01    5.0000000000E-04    3.0044876310E+02
   -3.2735745795E-02    1.8331410596E-01    5.0000000000E-04    3.0037718223E+02
   -3.3175151778E-02    1.8577469798E-01    5.0000000000E-04    3.0030655578E+02
   -3.3614557762E-02    1.8823529001E-01    5.0000000000E-04    3.0023685862E+02
   -3.4053963746E-02    1.9069588203E-01    5.0000000000E-04    3.0016806663E+02
   -3.4493369730E-02    1.9315647406E-01    5.0000000000E-04    3.0010015658E+02
   -3.4932775714E-02    1.9561706609E-01    5.0000000000E-04    3.0003310615E+02
   -2.1694619097E-02    9.8878482041E-02    5.0000000000E-04    3.0360558647E+02
   -2.2230288705E-02    1.0131992604E-01    5.0000000000E-04    3.0347639155E+02
   -2.2765958312E-02    1.0376137004E-01    5.0000000000E-04    3.0335027271E+02
   -2.3301627919E-02    1.0620281404E-01    5.0000000000E-04    3.0322708686E+02
   -2.3837297527E-02    1.0864425804E-01    5.0000000000E-04    3.0310670071E+02
   -2.4372967134E-02    1.1108570205E-01    5.0000000000E-04    3.0298898980E+02
   -2.4908636741E-02    1.1352714605E-01    5.0000000000E-04    3.0287383784E+02
   -2.5444306349E-02    1.1596859005E-01    5.0000000000E-04    3.0276113592E+02
   -2.5979975956E-02    1.1841003405E-01    5.0000000000E-04    3.0265078197E+02
   -2.6515645563E-02    1.2085147805E-01    5.0000000000E-04    3.0254268014E+02
   -2.7051315171E-02    1.2329292205E-01    5.0000000000E-04    3.0243674035E+02
   -2.7586984778E-02    1.2573436605E-01    5.0000000000E-04    3.0233287783E+02
   -2.8122654385E-02    1.2817581005E-01    5.0000000000E-04    3.0223101266E+02
   -2.8658323993E-02    1.3061725405E-01    5.0000000000E-04    3.0213106948E+02
   -2.9193993600E-02    1.3305869805E-01    5.0000000000E-04    3.0203297711E+02
   -2.9729663207E-02    1.3550014206E-01    5.0000000000E-04    3.0193666824E+02
   -3.0265332815E-02    1.3794158606E-01    5.0000000000E-04    3.0184207917E+02
   -3.0801002422E-02    1.4038303006E-01    5.0000000000E-04    3.0174914957E+02
   -3.1336672029E-02    1.4282447406E-01    5.0000000000E-04    3.0165782221E+02
   -3.1872341637E-02    1.4526591806E-01    5.0000000000E-04    3.0156804277E+02
   -3.2408011244E-02    1.4770736206E-01    5.0000000000E-04    3.0147975966E+02
   -3.2943680851E-02    1.5014880606E-01    5.0000000000E-04    3.0139292382E+02
   -3.3479350459E-02    1.5259025006E-01    5.0000000000E-04    3.0130748856E+02
   -3.4015020066E-02    1.5503169406E-01    5.0000000000E-04    3.0122340942E+02
   -3.4550689673E-02    1.5747313806E-01    5.0000000000E-04    3.0114064402E+02
   -3.5086359281E-02    1.5991458207E-01    5.0000000000E-04    3.0105915193E+02
   -3.5622028888E-02    1.6235602607E-01    5.0000000000E-04    3.0097889458E+02
   -3.6157698495E-02    1.6479747007E-01    5.0000000000E-04    3.0089983510E+02
   -3.6693368103E-02    1.6723891407E-01    5.0000000000E-04    3.0082193827E+02
   -3.7229037710E-02    1.6968035807E-01    5.0000000000E-04    3.0074517037E+02
   -3.7764707317E-02    1.7212180207E-01    5.0000000000E-04    3.0066949917E+02
   -3.8300376925E-02    1.7456324607E-01    5.0000000000E-04    3.0059489375E+02
   -3.8836046532E-02    1.7700469007E-01    5.0000000000E-04    3.0052132453E+02
   -3.9371716139E-02    1.7944613407E-01    5.0000000000E-04    3.0044876310E+02
   -3.9907385747E-02    1.8188757807E-01    5.0000000000E-04    3.0037718223E+02
   -4.0443055354E-02    1.8432902208E-01    5.0000000000E-04    3.0030655578E+02
   -4.0978724962E-02    1.8677046608E-01    5.0000000000E-04    3.0023685862E+02
   -4.1514394569E-02    1.8921191008E-01    5.0000000000E-04    3.0016806663E+02
   -4.2050064176E-02    1.9165335408E-01    5.0000000000E-04    3.0010015658E+02
   -4.2585733784E-02    1.9409479808E-01    5.0000000000E-04    3.0003310615E+02
   -2.5559844320E-02    9.7950523566E-02    5.0000000000E-04    3.0360558647E+02
   -2.6190951587E-02    1.0036905501E-01    5.0000000000E-04    3.0347639155E+02
   -2.6822058854E-02    1.0278758646E-01    5.0000000000E-04    3.0335027271E+02
   -2.7453166121E-02    1.0520611790E-01    5.0000000000E-04    3.0322708686E+02
   -2.8084273388E-02    1.0762464935E-01    5.0000000000E-04    3.0310670071E+02
   -2.8715380655E-02    1.1004318080E-01    5.0000000000E-04    3.0298898980E+02
   -2.9346487923E-02    1.1246171224E-01    5.0000000000E-04    3.0287383784E+02
   -2.9977595190E-02    1.1488024369E-01    5.0000000000E-04    3.0276113592E+02
   -3.0608702457E-02    1.1729877513E-01    5.0000000000E-04    3.0265078197E+02
   -3.1239809724E-02    1.1971730658E-01    5.0000000000E-04    3.0254268014E+02
   -3.1870916991E-02    1.2213583803E-01    5.0000000000E-04    3.0243674035E+02
   -3.2502024258E-02    1.2455436947E-01    5.0000000000E-04    3.0233287783E+02
   -3.3133131525E-02    1.2697290092E-01    5.0000000000E-04    3.0223101266E+02
   -3.3764238793E-02    1.2939143236E-01    5.0000000000E-04    3.0213106948E+02
   -3.4395346060E-02    1.3180996381E-01    5.0000000000E-04    3.0203297711E+02
   -3.5026453327E-02    1.3422849526E-01    5.0000000000E-04    3.0193666824E+02
   -3.5657560594E-02    1.3664702670E-01    5.0000000000E-04    3.0184207917E+02
   -3.6288667861E-02    1.3906555815E-01    5.0000000000E-04    3.0174914957E+02
   -3.6919775128E-02    1.4148408959E-01    5.0000000000E-04    3.0165782221E+02
   -3.7550882395E-02    1.4390262104E-01    5.0000000000E-04    3.0156804277E+02
   -3.8181989663E-02    1.4632115249E-01    5.0000000000E-04    3.0147975966E+02
   -3.8813096930E-02    1.4873968393E-01    5.0000000000E-04    3.0139292382E+02
   -3.9444204197E-02    1.5115821538E-01    5.0000000000E-04    3.0130748856E+02
   -4.0075311464E-02    1.5357674683E-01    5.0000000000E-04    3.0122340942E+02
   -4.0706418731E-02    1.5599527827E-01    5.0000000000E-04    3.0114064402E+02
   -4.1337525998E-02    1.5841380972E-01    5.0000000000E-04    3.0105915193E+02
   -4.1968633266E-02    1.6083234116E-01    5.0000000000E-04    3.0097889458E+02
   -4.2599740533E-02    1.6325087261E-01    5.0000000000E-04    3.0089983510E+02
   -4.3230847800E-02    1.6566940406E-01    5.0000000000E-04    3.0082193827E+02
   -4.3861955067E-02    1.6808793550E-01    5.0000000000E-04    3.0074517037E+02
   -4.4493062334E-02    1.7050646695E-01    5.0000000000E-04    3.0066949917E+02
   -4.5124169601E-02    1.7292499839E-01    5.0000000000E-04    3.0059489375E+02
   -4.5755276868E-02    1.7534352984E-01    5.0000000000E-04    3.0052132453E+02
   -4.6386384136E-02    1.7776206129E-01    5.0000000000E-04    3.0044876310E+02
   -4.7017491403E-02    1.8018059273E-01    5.0000000000E-04    3.0037718223E+02
   -4.7648598670E-02    1.8259912418E-01    5.0000000000E-04    3.0030655578E+02
   -4.8279705937E-02    1.8501765562E-01    5.0000000000E-04    3.0023685862E+02
   -4.8910813204E-02    1.8743618707E-01    5.0000000000E-04    3.0016806663E+02
   -4.9541920471E-02    1.8985471852E-01    5.0000000000E-04    3.0010015658E+02
   -5.0173027739E-02    1.9227324996E-01    5.0000000000E-04    3.0003310615E+02
   -2.9385658115E-02    9.6871532483E-02    5.0000000000E-04    3.0360558647E+02
   -3.0111229920E-02    9.9263422174E-02    5.0000000000E-04    3.0347639155E+02
   -3.0836801725E-02    1.0165531186E-01    5.0000000000E-04    3.0335027271E+02
   -3.1562373531E-02    1.0404720156E-01    5.0000000000E-04    3.0322708686E+02
   -3.2287945336E-02    1.0643909125E-01    5.0000000000E-04    3.0310670071E+02
   -3.3013517141E-02    1.0883098094E-01    5.0000000000E-04    3.0298898980E+02
   -3.3739088946E-02    1.1122287063E-01    5.0000000000E-04    3.0287383784E+02
   -3.4464660752E-02    1.1361476032E-01    5.0000000000E-04    3.0276113592E+02
   -3.5190232557E-02    1.1600665001E-01    5.0000000000E-04    3.0265078197E+02
   -3.5915804362E-02    1.1839853970E-01    5.0000000000E-04    3.0254268014E+02
   -3.6641376168E-02    1.2079042939E-01    5.0000000000E-04    3.0243674035E+02
   -3.7366947973E-02    1.2318231908E-01    5.0000000000E-04    3.0233287783E+02
   -3.8092519778E-02    1.2557420877E-01    5.0000000000E-04    3.0223101266E+02
   -3.8818091584E-02    1.2796609847E-01    5.0000000000E-04    3.0213106948E+02
   -3.9543663389E-02    1.3035798816E-01    5.0000000000E-04    3.0203297711E+02
   -4.0269235194E-02    1.3274987785E-01    5.0000000000E-04    3.0193666824E+02
   -4.0994806999E-02    1.3514176754E-01    5.0000000000E-04    3.0184207917E+02
   -4.1720378805E-02    1.3753365723E-01    5.0000000000E-04    3.0174914957E+02
   -4.2445950610E-02    1.3992554692E-01    5.0000000000E-04    3.0165782221E+02
   -4.3171522415E-02    1.4231743661E-01    5.0000000000E-04    3.0156804277E+02
   -4.3897094221E-02    1.4470932630E-01    5.0000000000E-04    3.0147975966E+02
   -4.4622666026E-02    1.4710121599E-01    5.0000000000E-04    3.0139292382E+02
   -4.5348237831E-02    1.4949310568E-01    5.0000000000E-04    3.0130748856E+02
   -4.6073809637E-02    1.5188499537E-01    5.0000000000E-04    3.0122340942E+02
   -4.6799381442E-02    1.5427688507E-01    5.0000000000E-04    3.0114064402E+02
   -4.7524953247E-02    1.5666877476E-01    5.0000000000E-04    3.0105915193E+02
   -4.8250525052E-02    1.5906066445E-01    5.0000000000E-04    3.0097889458E+02
   -4.8976096858E-02    1.6145255414E-01    5.0000000000E-04    3.0089983510E+02
   -4.9701668663E-02    1.6384444383E-01    5.0000000000E-04    3.0082193827E+02
   -5.0427240468E-02    1.6623633352E-01    5.0000000000E-04    3.0074517037E+02
   -5.1152812274E-02    1.6862822321E-01    5.0000000000E-04    3.0066949917E+02
   -5.1878384079E-02    1.7102011290E-01    5.0000000000E-04    3.0059489375E+02
   -5.2603955884E-02    1.7341200259E-01    5.0000000000E-04    3.0052132453E+02
   -5.3329527690E-02    1.7580389228E-01    5.0000000000E-04    3.0044876310E+02
   -5.4055099495E-02    1.7819578197E-01    5.0000000000E-04    3.0037718223E+02
   -5.4780671300E-02    1.8058767167E-01    5.0000000000E-04    3.0030655578E+02
   -5.5506243105E-02    1.8297956136E-01    5.0000000000E-04    3.0023685862E+02
   -5.6231814911E-02    1.8537145105E-01    5.0000000000E-04    3.0016806663E+02
   -5.6957386716E-02    1.8776334074E-01    5.0000000000E-04    3.0010015658E+02
   -5.7682958521E-02    1.9015523043E-01    5.0000000000E-04    3.0003310615E+02
   -3.3166161355E-02    9.5643172519E-02    5.0000000000E-04    3.0360558647E+02
   -3.3985078919E-02    9.8004732334E-02    5.0000000000E-04    3.0347639155E+02
   -3.4803996483E-02    1.0036629215E-01    5.0000000000E-04    3.0335027271E+02
   -3.5622914048E-02    1.0272785196E-01    5.0000000000E-04    3.0322708687E+02
   -3.6441831612E-02    1.0508941178E-01    5.0000000000E-04    3.0310670071E+02
   -3.7260749176E-02    1.0745097159E-01    5.0000000000E-04    3.0298898980E+02
   -3.8079666741E-02    1.0981253141E-01    5.0000000000E-04    3.0287383784E+02
   -3.8898584305E-02    1.1217409123E-01    5.0000000000E-04    3.0276113592E+02
   -3.9717501869E-02    1.1453565104E-01    5.0000000000E-04    3.0265078197E+02
   -4.0536419434E-02    1.1689721086E-01    5.0000000000E-04    3.0254268014E+02
   -4.1355336998E-02    1.1925877067E-01    5.0000000000E-04    3.0243674036E+02
   -4.2174254562E-02    1.2162033049E-01    5.0000000000E-04    3.0233287783E+02
   -4.2993172127E-02    1.2398189030E-01    5.0000000000E-04    3.0223101266E+02
   -4.3812089691E-02    1.2634345012E-01    5.0000000000E-04    3.0213106948E+02
   -4.4631007255E-02    1.2870500993E-01    5.0000000000E-04    3.0203297711E+02
   -4.5449924820E-02    1.3106656975E-01    5.0000000000E-04    3.0193666824E+02
   -4.6268842384E-02    1.3342812956E-01    5.0000000000E-04    3.0184207917E+02
   -4.7087759948E-02    1.3578968938E-01    5.0000000000E-04    3.0174914957E+02
   -4.7906677512E-02    1.3815124919E-01    5.0000000000E-04    3.0165782221E+02
   -4.8725595077E-02    1.4051280901E-01    5.0000000000E-04    3.0156804277E+02
   -4.9544512641E-02    1.4287436882E-01    5.0000000000E-04    3.0147975966E+02
   -5.0363430205E-02    1.4523592864E-01    5.0000000000E-04    3.0139292382E+02
   -5.1182347770E-02    1.4759748845E-01    5.0000000000E-04    3.0130748856E+02
   -5.2001265334E-02    1.4995904827E-01    5.0000000000E-04    3.0122340942E+02
   -5.2820182898E-02    1.5232060809E-01    5.0000000000E-04    3.0114064402E+02
   -5.3639100463E-02    1.5468216790E-01    5.0000000000E-04    3.0105915194E+02
   -5.4458018027E-02    1.5704372772E-01    5.0000000000E-04    3.0097889458E+02
   -5.5276935591E-02    1.5940528753E-01    5.0000000000E-04    3.0089983510E+02
   -5.6095853156E-02    1.6176684735E-01    5.0000000000E-04    3.0082193827E+02
   -5.6914770720E-02    1.6412840716E-01    5.0000000000E-04    3.0074517037E+02
   -5.7733688284E-02    1.6648996698E-01    5.0000000000E-04    3.0066949917E+02
   -5.8552605849E-02    1.6885152679E-01    5.0000000000E-04    3.0059489375E+02
   -5.9371523413E-02    1.7121308661E-01    5.0000000000E-04    3.0052132453E+02
   -6.0190440977E-02    1.7357464642E-01    5.0000000000E-04    3.0044876310E+02
   -6.1009358542E-02    1.7593620624E-01    5.0000000000E-04    3.0037718223E+02
   -6.1828276106E-02    1.7829776605E-01    5.0000000000E-04    3.0030655578E+02
   -6.2647193670E-02    1.8065932587E-01    5.0000000000E-04    3.0023685862E+02
   -6.3466111234E-02    1.8302088568E-01    5.0000000000E-04    3.0016806663E+02
   -6.4285028799E-02    1.8538244550E-01    5.0000000000E-04    3.0010015658E+02
   -6.5103946363E-02    1.8774400531E-01    5.0000000000E-04    3.0003310615E+02
   -3.6895524778E-02    9.4267337714E-02    5.0000000000E-04    3.0360558647E+02
   -3.7806525390E-02    9.6594926300E-02    5.0000000000E-04    3.0347639155E+02
   -3.8717526002E-02    9.8922514886E-02    5.0000000000E-04    3.0335027271E+02
   -3.9628526613E-02    1.0125010347E-01    5.0000000000E-04    3.0322708687E+02
   -4.0539527225E-02    1.0357769206E-01    5.0000000000E-04    3.0310670071E+02
   -4.1450527837E-02    1.0590528064E-01    5.0000000000E-04    3.0298898980E+02
   -4.2361528449E-02    1.0823286923E-01    5.0000000000E-04    3.0287383784E+02
   -4.3272529061E-02    1.1056045781E-01    5.0000000000E-04    3.0276113592E+02
   -4.4183529672E-02    1.1288804640E-01    5.0000000000E-04    3.0265078197E+02
   -4.5094530284E-02    1.1521563498E-01    5.0000000000E-04    3.0254268014E+02
   -4.6005530896E-02    1.1754322357E-01    5.0000000000E-04    3.0243674036E+02
   -4.6916531508E-02    1.1987081216E-01    5.0000000000E-04    3.0233287783E+02
   -4.7827532120E-02    1.2219840074E-01    5.0000000000E-04    3.0223101266E+02
   -4.8738532731E-02    1.2452598933E-01    5.0000000000E-04    3.0213106948E+02
   -4.9649533343E-02    1.2685357791E-01    5.0000000000E-04    3.0203297711E+02
   -5.0560533955E-02    1.2918116650E-01    5.0000000000E-04    3.0193666824E+02
   -5.1471534567E-02    1.3150875508E-01    5.0000000000E-04    3.0184207917E+02
   -5.2382535179E-02    1.3383634367E-01    5.0000000000E-04    3.0174914957E+02
   -5.3293535790E-02    1.3616393225E-01    5.0000000000E-04    3.0165782221E+02
   -5.4204536402E-02    1.3849152084E-01    5.0000000000E-04    3.0156804277E+02
   -5.5115537014E-02    1.4081910943E-01    5.0000000000E-04    3.0147975966E+02
   -5.6026537626E-02    1.4314669801E-01    5.0000000000E-04    3.0139292382E+02
   -5.6937538238E-02    1.4547428660E-01    5.0000000000E-04    3.0130748856E+02
   -5.7848538850E-02    1.4780187518E-01    5.0000000000E-04    3.0122340942E+02
   -5.8759539461E-02    1.5012946377E-01    5.0000000000E-04    3.0114064402E+02
   -5.9670540073E-02    1.5245705235E-01    5.0000000000E-04    3.0105915194E+02
   -6.0581540685E-02    1.5478464094E-01    5.0000000000E-04    3.0097889458E+02
   -6.1492541297E-02    1.5711222952E-01    5.0000000000E-04    3.0089983510E+02
   -6.2403541909E-02    1.5943981811E-01    5.0000000000E-04    3.0082193827E+02
   -6.3314542520E-02    1.6176740670E-01    5.0000000000E-04    3.0074517037E+02
   -6.4225543132E-02    1.6409499528E-01    5.0000000000E-04    3.0066949917E+02
   -6.5136543744E-02    1.6642258387E-01    5.0000000000E-04    3.0059489375E+02
   -6.6047544356E-02    1.6875017245E-01    5.0000000000E-04    3.0052132453E+02
   -6.6958544968E-02    1.7107776104E-01    5.0000000000E-04    3.0044876310E+02
   -6.7869545579E-02    1.7340534962E-01    5.0000000000E-04    3.0037718223E+02
   -6.8780546191E-02    1.7573293821E-01    5.0000000000E-04    3.0030655578E+02
   -6.9691546803E-02    1.7806052679E-01    5.0000000000E-04    3.0023685862E+02
   -7.0602547415E-02    1.8038811538E-01    5.0000000000E-04    3.0016806663E+02
   -7.1513548027E-02    1.8271570397E-01    5.0000000000E-04    3.0010015658E+02
   -7.2424548638E-02    1.8504329255E-01    5.0000000000E-04    3.0003310615E+02
   -4.0567997976E-02    9.2746149508E-02    5.0000000000E-04    3.0360558647E+02
   -4.1569676939E-02    9.5036177891E-02    5.0000000000E-04    3.0347639155E+02
   -4.2571355901E-02    9.7326206274E-02    5.0000000000E-04    3.0335027271E+02
   -4.3573034863E-02    9.9616234657E-02    5.0000000000E-04    3.0322708687E+02
   -4.4574713826E-02    1.0190626304E-01    5.0000000000E-04    3.0310670071E+02
   -4.5576392788E-02    1.0419629142E-01    5.0000000000E-04    3.0298898980E+02
   -4.6578071751E-02    1.0648631981E-01    5.0000000000E-04    3.0287383784E+02
   -4.7579750713E-02    1.0877634819E-01    5.0000000000E-04    3.0276113592E+02
   -4.8581429675E-02    1.1106637657E-01    5.0000000000E-04    3.0265078197E+02
   -4.9583108638E-02    1.1335640495E-01    5.0000000000E-04    3.0254268014E+02
   -5.0584787600E-02    1.1564643334E-01    5.0000000000E-04    3.0243674036E+02
   -5.1586466562E-02    1.1793646172E-01    5.0000000000E-04    3.0233287783E+02
   -5.2588145525E-02    1.2022649010E-01    5.0000000000E-04    3.0223101266E+02
   -5.3589824487E-02    1.2251651849E-01    5.0000000000E-04    3.0213106948E+02
   -5.4591503450E-02    1.2480654687E-01    5.0000000000E-04    3.0203297711E+02
   -5.5593182412E-02    1.2709657525E-01    5.0000000000E-04    3.0193666824E+02
   -5.6594861374E-02    1.2938660364E-01    5.0000000000E-04    3.0184207917E+02
   -5.7596540337E-02    1.3167663202E-01    5.0000000000E-04    3.0174914957E+02
   -5.8598219299E-02    1.3396666040E-01    5.0000000000E-04    3.0165782221E+02
   -5.9599898261E-02    1.3625668878E-01    5.0000000000E-04    3.0156804277E+02
   -6.0601577224E-02    1.3854671717E-01    5.0000000000E-04    3.0147975966E+02
   -6.1603256186E-02    1.4083674555E-01    5.0000000000E-04    3.0139292382E+02
   -6.2604935149E-02    1.4312677393E-01    5.0000000000E-04    3.0130748856E+02
   -6.3606614111E-02    1.4541680232E-01    5.0000000000E-04    3.0122340942E+02
   -6.4608293073E-02    1.4770683070E-01    5.0000000000E-04    3.0114064402E+02
   -6.5609972036E-02    1.4999685908E-01    5.0000000000E-04    3.0105915194E+02
   -6.6611650998E-02    1.5228688746E-01    5.0000000000E-04    3.0097889458E+02
   -6.7613329961E-02    1.5457691585E-01    5.0000000000E-04    3.0089983511E+02
   -6.8615008923E-02    1.5686694423E-01    5.0000000000E-04    3.0082193827E+02
   -6.9616687885E-02    1.5915697261E-01    5.0000000000E-04    3.0074517037E+02
   -7.0618366848E-02    1.6144700100E-01    5.0000000000E-04    3.0066949917E+02
   -7.1620045810E-02    1.6373702938E-01    5.0000000000E-04    3.0059489375E+02
   -7.2621724772E-02    1.6602705776E-01    5.0000000000E-04    3.0052132453E+02
   -7.3623403735E-02    1.6831708614E-01    5.0000000000E-04    3.0044876310E+02
   -7.4625082697E-02    1.7060711453E-01    5.0000000000E-04    3.0037718223E+02
   -7.5626761660E-02    1.7289714291E-01    5.0000000000E-04    3.0030655578E+02
   -7.6628440622E-02    1.7518717129E-01    5.0000000000E-04    3.0023685862E+02
   -7.7630119584E-02    1.7747719968E-01    5.0000000000E-04    3.0016806663E+02
   -7.8631798547E-02    1.7976722806E-01    5.0000000000E-04    3.0010015658E+02
   -7.9633477509E-02    1.8205725644E-01    5.0000000000E-04    3.0003310615E+02
   -4.4177918262E-02    9.1081953462E-02    5.0000000000E-04    3.0360558647E+02
   -4.5268731059E-02    9.3330890584E-02    5.0000000000E-04    3.0347639155E+02
   -4.6359543855E-02    9.5579827707E-02    5.0000000000E-04    3.0335027271E+02
   -4.7450356652E-02    9.7828764829E-02    5.0000000000E-04    3.0322708687E+02
   -4.8541169449E-02    1.0007770195E-01    5.0000000000E-04    3.0310670071E+02
   -4.9631982245E-02    1.0232663907E-01    5.0000000000E-04    3.0298898981E+02
   -5.0722795042E-02    1.0457557620E-01    5.0000000000E-04    3.0287383784E+02
   -5.1813607838E-02    1.0682451332E-01    5.0000000000E-04    3.0276113592E+02
   -5.2904420635E-02    1.0907345044E-01    5.0000000000E-04    3.0265078197E+02
   -5.3995233432E-02    1.1132238756E-01    5.0000000000E-04    3.0254268014E+02
   -5.5086046228E-02    1.1357132469E-01    5.0000000000E-04    3.0243674036E+02
   -5.6176859025E-02    1.1582026181E-01    5.0000000000E-04    3.0233287783E+02
   -5.7267671821E-02    1.1806919893E-01    5.0000000000E-04    3.0223101266E+02
   -5.8358484618E-02    1.2031813605E-01    5.0000000000E-04    3.0213106948E+02
   -5.9449297414E-02    1.2256707318E-01    5.0000000000E-04    3.0203297711E+02
   -6.0540110211E-02    1.2481601030E-01    5.0000000000E-04    3.0193666824E+02
   -6.1630923008E-02    1.2706494742E-01    5.0000000000E-04    3.0184207917E+02
   -6.2721735804E-02    1.2931388454E-01    5.0000000000E-04    3.0174914957E+02
   -6.3812548601E-02    1.3156282167E-01    5.0000000000E-04    3.0165782221E+02
   -6.4903361397E-02    1.3381175879E-01    5.0000000000E-04    3.0156804277E+02
   -6.5994174194E-02    1.3606069591E-01    5.0000000000E-04    3.0147975966E+02
   -6.7084986991E-02    1.3830963303E-01    5.0000000000E-04    3.0139292382E+02
   -6.8175799787E-02    1.4055857016E-01    5.0000000000E-04    3.0130748856E+02
   -6.9266612584E-02    1.4280750728E-01    5.0000000000E-04    3.0122340942E+02
   -7.0357425380E-02    1.4505644440E-01    5.0000000000E-04    3.0114064402E+02
   -7.1448238177E-02    1.4730538152E-01    5.0000000000E-04    3.0105915194E+02
   -7.2539050974E-02    1.4955431865E-01    5.0000000000E-04    3.0097889458E+02
   -7.3629863770E-02    1.5180325577E-01    5.0000000000E-04    3.0089983511E+02
   -7.4720676567E-02    1.5405219289E-01    5.0000000000E-04    3.0082193827E+02
   -7.5811489363E-02    1.5630113001E-01    5.0000000000E-04    3.0074517037E+02
   -7.6902302160E-02    1.5855006714E-01    5.0000000000E-04    3.0066949917E+02
   -7.7993114957E-02    1.6079900426E-01    5.0000000000E-04    3.0059489375E+02
   -7.9083927753E-02    1.6304794138E-01    5.0000000000E-04    3.0052132453E+02
   -8.0174740550E-02    1.6529687850E-01    5.0000000000E-04    3.0044876310E+02
   -8.1265553346E-02    1.6754581563E-01    5.0000000000E-04    3.0037718223E+02
   -8.2356366143E-02    1.6979475275E-01    5.0000000000E-04    3.0030655578E+02
   -8.3447178940E-02    1.7204368987E-01    5.0000000000E-04    3.0023685862E+02
   -8.4537991736E-02    1.7429262700E-01    5.0000000000E-04    3.0016806663E+02
   -8.5628804533E-02    1.7654156412E-01    5.0000000000E-04    3.0010015658E+02
   -8.6719617329E-02    1.7879050124E-01    5.0000000000E-04    3.0003310615E+02
   -4.7719719400E-02    8.9277315645E-02    5.0000000000E-04    3.0360558647E+02
   -4.8897984077E-02    9.1481693809E-02    5.0000000000E-04    3.0347639155E+02
   -5.0076248753E-02    9.3686071973E-02    5.0000000000E-04    3.0335027271E+02
   -5.1254513430E-02    9.5890450137E-02    5.0000000000E-04    3.0322708687E+02
   -5.2432778106E-02    9.8094828301E-02    5.0000000000E-04    3.0310670071E+02
   -5.3611042783E-02    1.0029920647E-01    5.0000000000E-04    3.0298898981E+02
   -5.4789307459E-02    1.0250358463E-01    5.0000000000E-04    3.0287383784E+02
   -5.5967572136E-02    1.0470796279E-01    5.0000000000E-04    3.0276113592E+02
   -5.7145836812E-02    1.0691234096E-01    5.0000000000E-04    3.0265078197E+02
   -5.8324101489E-02    1.0911671912E-01    5.0000000000E-04    3.0254268014E+02
   -5.9502366166E-02    1.1132109729E-01    5.0000000000E-04    3.0243674036E+02
   -6.0680630842E-02    1.1352547545E-01    5.0000000000E-04    3.0233287783E+02
   -6.1858895519E-02    1.1572985361E-01    5.0000000000E-04    3.0223101266E+02
   -6.3037160195E-02    1.1793423178E-01    5.0000000000E-04    3.0213106948E+02
   -6.4215424872E-02    1.2013860994E-01    5.0000000000E-04    3.0203297711E+02
   -6.5393689548E-02    1.2234298811E-01    5.0000000000E-04    3.0193666824E+02
   -6.6571954225E-02    1.2454736627E-01    5.0000000000E-04    3.0184207917E+02
   -6.7750218901E-02    1.2675174443E-01    5.0000000000E-04    3.0174914957E+02
   -6.8928483578E-02    1.2895612260E-01    5.0000000000E-04    3.0165782221E+02
   -7.0106748254E-02    1.3116050076E-01    5.0000000000E-04    3.0156804277E+02
   -7.1285012931E-02    1.3336487893E-01    5.0000000000E-04    3.0147975966E+02
   -7.2463277608E-02    1.3556925709E-01    5.0000000000E-04    3.0139292382E+02
   -7.3641542284E-02    1.3777363525E-01    5.0000000000E-04    3.0130748856E+02
   -7.4819806961E-02    1.3997801342E-01    5.0000000000E-04    3.0122340942E+02
   -7.5998071637E-02    1.4218239158E-01    5.0000000000E-04    3.0114064402E+02
   -7.7176336314E-02    1.4438676975E-01    5.0000000000E-04    3.0105915194E+02
   -7.8354600990E-02    1.4659114791E-01    5.0000000000E-04    3.0097889458E+02
   -7.9532865667E-02    1.4879552608E-01    5.0000000000E-04    3.0089983511E+02
   -8.0711130343E-02    1.5099990424E-01    5.0000000000E-04    3.0082193827E+02
   -8.1889395020E-02    1.5320428240E-01    5.0000000000E-04    3.0074517037E+02
   -8.3067659696E-02    1.5540866057E-01    5.0000000000E-04    3.0066949917E+02
   -8.4245924373E-02    1.5761303873E-01    5.0000000000E-04    3.0059489375E+02
   -8.5424189050E-02    1.5981741690E-01    5.0000000000E-04    3.0052132453E+02
   -8.6602453726E-02    1.6202179506E-01    5.0000000000E-04    3.0044876310E+02
   -8.7780718403E-02    1.6422617322E-01    5.0000000000E-04    3.0037718223E+02
   -8.8958983079E-02    1.6643055139E-01    5.0000000000E-04    3.0030655578E+02
   -9.0137247756E-02    1.6863492955E-01    5.0000000000E-04    3.0023685862E+02
   -9.1315512432E-02    1.7083930772E-01    5.0000000000E-04    3.0016806663E+02
   -9.2493777109E-02    1.7304368588E-01    5.0000000000E-04    3.0010015658E+02
   -9.3672041785E-02    1.7524806404E-01    5.0000000000E-04    3.0003310615E+02
   -5.1187940190E-02    8.7335018678E-02    5.0000000000E-04    3.0360558647E+02
   -5.2451839947E-02    8.9491438893E-02    5.0000000000E-04    3.0347639155E+02
   -5.3715739705E-02    9.1647859107E-02    5.0000000000E-04    3.0335027271E+02
   -5.4979639463E-02    9.3804279321E-02    5.0000000000E-04    3.0322708687E+02
   -5.6243539221E-02    9.5960699536E-02    5.0000000000E-04    3.0310670071E+02
   -5.7507438978E-02    9.8117119750E-02    5.0000000000E-04    3.0298898981E+02
   -5.8771338736E-02    1.0027353996E-01    5.0000000000E-04    3.0287383784E+02
   -6.0035238494E-02    1.0242996018E-01    5.0000000000E-04    3.0276113592E+02
   -6.1299138252E-02    1.0458638039E-01    5.0000000000E-04    3.0265078197E+02
   -6.2563038009E-02    1.0674280061E-01    5.0000000000E-04    3.0254268014E+02
   -6.3826937767E-02    1.0889922082E-01    5.0000000000E-04    3.0243674036E+02
   -6.5090837525E-02    1.1105564104E-01    5.0000000000E-04    3.0233287783E+02
   -6.6354737283E-02    1.1321206125E-01    5.0000000000E-04    3.0223101266E+02
   -6.7618637040E-02    1.1536848146E-01    5.0000000000E-04    3.0213106948E+02
   -6.8882536798E-02    1.1752490168E-01    5.0000000000E-04    3.0203297711E+02
   -7.0146436556E-02    1.1968132189E-01    5.0000000000E-04    3.0193666824E+02
   -7.1410336314E-02    1.2183774211E-01    5.0000000000E-04    3.0184207917E+02
   -7.2674236072E-02    1.2399416232E-01    5.0000000000E-04    3.0174914957E+02
   -7.3938135829E-02    1.2615058254E-01    5.0000000000E-04    3.0165782221E+02
   -7.5202035587E-02    1.2830700275E-01    5.0000000000E-04    3.0156804277E+02
   -7.6465935345E-02    1.3046342296E-01    5.0000000000E-04    3.0147975966E+02
   -7.7729835103E-02    1.3261984318E-01    5.0000000000E-04    3.0139292382E+02
   -7.8993734860E-02    1.3477626339E-01    5.0000000000E-04    3.0130748856E+02
   -8.0257634618E-02    1.3693268361E-01    5.0000000000E-04    3.0122340942E+02
   -8.1521534376E-02    1.3908910382E-01    5.0000000000E-04    3.0114064402E+02
   -8.2785434134E-02    1.4124552404E-01    5.0000000000E-04    3.0105915194E+02
   -8.4049333891E-02    1.4340194425E-01    5.0000000000E-04    3.0097889458E+02
   -8.5313233649E-02    1.4555836446E-01    5.0000000000E-04    3.0089983511E+02
   -8.6577133407E-02    1.4771478468E-01    5.0000000000E-04    3.0082193827E+02
   -8.7841033165E-02    1.4987120489E-01    5.0000000000E-04    3.0074517037E+02
   -8.9104932923E-02    1.5202762511E-01    5.0000000000E-04    3.0066949917E+02
   -9.0368832680E-02    1.5418404532E-01    5.0000000000E-04    3.0059489375E+02
   -9.1632732438E-02    1.5634046554E-01    5.0000000000E-04    3.0052132453E+02
   -9.2896632196E-02    1.5849688575E-01    5.0000000000E-04    3.0044876310E+02
   -9.4160531954E-02    1.6065330596E-01    5.0000000000E-04    3.0037718223E+02
   -9.5424431711E-02    1.6280972618E-01    5.0000000000E-04    3.0030655578E+02
   -9.6688331469E-02    1.6496614639E-01    5.0000000000E-04    3.0023685862E+02
   -9.7952231227E-02    1.6712256661E-01    5.0000000000E-04    3.0016806663E+02
   -9.9216130985E-02    1.6927898682E-01    5.0000000000E-04    3.0010015658E+02
   -1.0048003074E-01    1.7143540704E-01    5.0000000000E-04    3.0003310615E+02
   -5.4577232885E-02    8.5258057443E-02    5.0000000000E-04    3.0360558647E+02
   -5.5924818883E-02    8.7363194664E-02    5.0000000000E-04    3.0347639155E+02
   -5.7272404880E-02    8.9468331885E-02    5.0000000000E-04    3.0335027271E+02
   -5.8619990877E-02    9.1573469106E-02    5.0000000000E-04    3.0322708687E+02
   -5.9967576874E-02    9.3678606327E-02    5.0000000000E-04    3.0310670071E+02
   -6.1315162871E-02    9.5783743547E-02    5.0000000000E-04    3.0298898981E+02
   -6.2662748868E-02    9.7888880768E-02    5.0000000000E-04    3.0287383784E+02
   -6.4010334866E-02    9.9994017989E-02    5.0000000000E-04    3.0276113592E+02
   -6.5357920863E-02    1.0209915521E-01    5.0000000000E-04    3.0265078197E+02
   -6.6705506860E-02    1.0420429243E-01    5.0000000000E-04    3.0254268014E+02
   -6.8053092857E-02    1.0630942965E-01    5.0000000000E-04    3.0243674036E+02
   -6.9400678854E-02    1.0841456687E-01    5.0000000000E-04    3.0233287783E+02
   -7.0748264851E-02    1.1051970409E-01    5.0000000000E-04    3.0223101266E+02
   -7.2095850849E-02    1.1262484131E-01    5.0000000000E-04    3.0213106948E+02
   -7.3443436846E-02    1.1472997853E-01    5.0000000000E-04    3.0203297711E+02
   -7.4791022843E-02    1.1683511576E-01    5.0000000000E-04    3.0193666824E+02
   -7.6138608840E-02    1.1894025298E-01    5.0000000000E-04    3.0184207917E+02
   -7.7486194837E-02    1.2104539020E-01    5.0000000000E-04    3.0174914957E+02
   -7.8833780834E-02    1.2315052742E-01    5.0000000000E-04    3.0165782221E+02
   -8.0181366832E-02    1.2525566464E-01    5.0000000000E-04    3.0156804277E+02
   -8.1528952829E-02    1.2736080186E-01    5.0000000000E-04    3.0147975966E+02
   -8.2876538826E-02    1.2946593908E-01    5.0000000000E-04    3.0139292382E+02
   -8.4224124823E-02    1.3157107630E-01    5.0000000000E-04    3.0130748856E+02
   -8.5571710820E-02    1.3367621352E-01    5.0000000000E-04    3.0122340942E+02
   -8.6919296817E-02    1.3578135074E-01    5.0000000000E-04    3.0114064402E+02
   -8.8266882815E-02    1.3788648796E-01    5.0000000000E-04    3.0105915194E+02
   -8.9614468812E-02    1.3999162518E-01    5.0000000000E-04    3.0097889458E+02
   -9.0962054809E-02    1.4209676241E-01    5.0000000000E-04    3.0089983511E+02
   -9.2309640806E-02    1.4420189963E-01    5.0000000000E-04    3.0082193827E+02
   -9.3657226803E-02    1.4630703685E-01    5.0000000000E-04    3.0074517037E+02
   -9.5004812800E-02    1.4841217407E-01    5.0000000000E-04    3.0066949917E+02
   -9.6352398798E-02    1.5051731129E-01    5.0000000000E-04    3.0059489375E+02
   -9.7699984795E-02    1.5262244851E-01    5.0000000000E-04    3.0052132453E+02
   -9.9047570792E-02    1.5472758573E-01    5.0000000000E-04    3.0044876310E+02
   -1.0039515679E-01    1.5683272295E-01    5.0000000000E-04    3.0037718223E+02
   -1.0174274279E-01    1.5893786017E-01    5.0000000000E-04    3.0030655578E+02
   -1.0309032878E-01    1.6104299739E-01    5.0000000000E-04    3.0023685862E+02
   -1.0443791478E-01    1.6314813461E-01    5.0000000000E-04    3.0016806663E+02
   -1.0578550078E-01    1.6525327183E-01    5.0000000000E-04    3.0010015658E+02
   -1.0713308677E-01    1.6735840906E-01    5.0000000000E-04    3.0003310615E+02
   -5.7882371444E-02    8.3049634463E-02    5.0000000000E-04    3.0360558647E+02
   -5.9311565801E-02    8.5100242721E-02    5.0000000000E-04    3.0347639155E+02
   -6.0740760157E-02    8.7150850980E-02    5.0000000000E-04    3.0335027271E+02
   -6.2169954514E-02    8.9201459238E-02    5.0000000000E-04    3.0322708687E+02
   -6.3599148870E-02    9.1252067496E-02    5.0000000000E-04    3.0310670071E+02
   -6.5028343227E-02    9.3302675755E-02    5.0000000000E-04    3.0298898981E+02
   -6.6457537584E-02    9.5353284013E-02    5.0000000000E-04    3.0287383784E+02
   -6.7886731940E-02    9.7403892271E-02    5.0000000000E-04    3.0276113592E+02
   -6.9315926297E-02    9.9454500530E-02    5.0000000000E-04    3.0265078197E+02
   -7.0745120654E-02    1.0150510879E-01    5.0000000000E-04    3.0254268014E+02
   -7.2174315010E-02    1.0355571705E-01    5.0000000000E-04    3.0243674036E+02
   -7.3603509367E-02    1.0560632530E-01    5.0000000000E-04    3.0233287783E+02
   -7.5032703724E-02    1.0765693356E-01    5.0000000000E-04    3.0223101266E+02
   -7.6461898080E-02    1.0970754182E-01    5.0000000000E-04    3.0213106948E+02
   -7.7891092437E-02    1.1175815008E-01    5.0000000000E-04    3.0203297711E+02
   -7.9320286794E-02    1.1380875834E-01    5.0000000000E-04    3.0193666824E+02
   -8.0749481150E-02    1.1585936660E-01    5.0000000000E-04    3.0184207917E+02
   -8.2178675507E-02    1.1790997485E-01    5.0000000000E-04    3.0174914957E+02
   -8.3607869863E-02    1.1996058311E-01    5.0000000000E-04    3.0165782221E+02
   -8.5037064220E-02    1.2201119137E-01    5.0000000000E-04    3.0156804277E+02
   -8.6466258577E-02    1.2406179963E-01    5.0000000000E-04    3.0147975966E+02
   -8.7895452933E-02    1.2611240789E-01    5.0000000000E-04    3.0139292382E+02
   -8.9324647290E-02    1.2816301615E-01    5.0000000000E-04    3.0130748856E+02
   -9.0753841647E-02    1.3021362441E-01    5.0000000000E-04    3.0122340942E+02
   -9.2183036003E-02    1.3226423266E-01    5.0000000000E-04    3.0114064402E+02
   -9.3612230360E-02    1.3431484092E-01    5.0000000000E-04    3.0105915194E+02
   -9.5041424717E-02    1.3636544918E-01    5.0000000000E-04    3.0097889458E+02
   -9.6470619073E-02    1.3841605744E-01    5.0000000000E-04    3.0089983511E+02
   -9.7899813430E-02    1.4046666570E-01    5.0000000000E-04    3.0082193827E+02
   -9.9329007786E-02    1.4251727396E-01    5.0000000000E-04    3.0074517038E+02
   -1.0075820214E-01    1.4456788221E-01    5.0000000000E-04    3.0066949917E+02
   -1.0218739650E-01    1.4661849047E-01    5.0000000000E-04    3.0059489375E+02
   -1.0361659086E-01    1.4866909873E-01    5.0000000000E-04    3.0052132453E+02
   -1.0504578521E-01    1.5071970699E-01    5.0000000000E-04    3.0044876310E+02
   -1.0647497957E-01    1.5277031525E-01    5.0000000000E-04    3.0037718223E+02
   -1.0790417393E-01    1.5482092351E-01    5.0000000000E-04    3.0030655578E+02
   -1.0933336828E-01    1.5687153176E-01    5.0000000000E-04    3.0023685862E+02
   -1.1076256264E-01    1.5892214002E-01    5.0000000000E-04    3.0016806663E+02
   -1.1219175700E-01    1.6097274828E-01    5.0000000000E-04    3.0010015658E+02
   -1.1362095135E-01    1.6302335654E-01    5.0000000000E-04    3.0003310615E+02
   -6.1098259581E-02    8.0713154966E-02    5.0000000000E-04    3.0360558647E+02
   -6.2606858583E-02    8.2706072373E-02    5.0000000000E-04    3.0347639155E+02
   -6.4115457585E-02    8.4698989779E-02    5.0000000000E-04    3.0335027271E+02
   -6.5624056587E-02    8.6691907186E-02    5.0000000000E-04    3.0322708687E+02
   -6.7132655589E-02    8.8684824592E-02    5.0000000000E-04    3.0310670071E+02
   -6.8641254591E-02    9.0677741999E-02    5.0000000000E-04    3.0298898981E+02
   -7.0149853593E-02    9.2670659405E-02    5.0000000000E-04    3.0287383784E+02
   -7.1658452595E-02    9.4663576812E-02    5.0000000000E-04    3.0276113592E+02
   -7.3167051597E-02    9.6656494219E-02    5.0000000000E-04    3.0265078197E+02
   -7.4675650599E-02    9.8649411625E-02    5.0000000000E-04    3.0254268014E+02
   -7.6184249601E-02    1.0064232903E-01    5.0000000000E-04    3.0243674036E+02
   -7.7692848603E-02    1.0263524644E-01    5.0000000000E-04    3.0233287783E+02
   -7.9201447605E-02    1.0462816384E-01    5.0000000000E-04    3.0223101266E+02
   -8.0710046607E-02    1.0662108125E-01    5.0000000000E-04    3.0213106948E+02
   -8.2218645609E-02    1.0861399866E-01    5.0000000000E-04    3.0203297711E+02
   -8.3727244611E-02    1.1060691606E-01    5.0000000000E-04    3.0193666824E+02
   -8.5235843613E-02    1.1259983347E-01    5.0000000000E-04    3.0184207917E+02
   -8.6744442615E-02    1.1459275088E-01    5.0000000000E-04    3.0174914957E+02
   -8.8253041617E-02    1.1658566828E-01    5.0000000000E-04    3.0165782221E+02
   -8.9761640619E-02    1.1857858569E-01    5.0000000000E-04    3.0156804277E+02
   -9.1270239621E-02    1.2057150310E-01    5.0000000000E-04    3.0147975966E+02
   -9.2778838623E-02    1.2256442050E-01    5.0000000000E-04    3.0139292382E+02
   -9.4287437625E-02    1.2455733791E-01    5.0000000000E-04    3.0130748856E+02
   -9.5796036627E-02    1.2655025532E-01    5.0000000000E-04    3.0122340942E+02
   -9.7304635629E-02    1.2854317272E-01    5.0000000000E-04    3.0114064402E+02
   -9.8813234631E-02    1.3053609013E-01    5.0000000000E-04    3.0105915194E+02
   -1.0032183363E-01    1.3252900754E-01    5.0000000000E-04    3.0097889458E+02
   -1.0183043264E-01    1.3452192494E-01    5.0000000000E-04    3.0089983511E+02
   -1.0333903164E-01    1.3651484235E-01    5.0000000000E-04    3.0082193827E+02
   -1.0484763064E-01    1.3850775976E-01    5.0000000000E-04    3.0074517038E+02
   -1.0635622964E-01    1.4050067716E-01    5.0000000000E-04    3.0066949917E+02
   -1.0786482864E-01    1.4249359457E-01    5.0000000000E-04    3.0059489375E+02
   -1.0937342765E-01    1.4448651198E-01    5.0000000000E-04    3.0052132453E+02
   -1.1088202665E-01    1.4647942938E-01    5.0000000000E-04    3.0044876310E+02
   -1.1239062565E-01    1.4847234679E-01    5.0000000000E-04    3.0037718223E+02
   -1.1389922465E-01    1.5046526420E-01    5.0000000000E-04    3.0030655578E+02
   -1.1540782365E-01    1.5245818160E-01    5.0000000000E-04    3.0023685862E+02
   -1.1691642266E-01    1.5445109901E-01    5.0000000000E-04    3.0016806663E+02
   -1.1842502166E-01    1.5644401642E-01    5.0000000000E-04    3.0010015658E+02
   -1.1993362066E-01    1.5843693382E-01    5.0000000000E-04    3.0003310615E+02
   -6.4219938631E-02    7.8252221634E-02    5.0000000000E-04    3.0360558647E+02
   -6.5805616128E-02    8.0184375255E-02    5.0000000000E-04    3.0347639155E+02
   -6.7391293625E-02    8.2116528876E-02    5.0000000000E-04    3.0335027271E+02
   -6.8976971122E-02    8.4048682496E-02    5.0000000000E-04    3.0322708687E+02
   -7.0562648619E-02    8.5980836117E-02    5.0000000000E-04    3.0310670071E+02
   -7.2148326116E-02    8.7912989737E-02    5.0000000000E-04    3.0298898981E+02
   -7.3734003613E-02    8.9845143358E-02    5.0000000000E-04    3.0287383784E+02
   -7.5319681110E-02    9.1777296979E-02    5.0000000000E-04    3.0276113592E+02
   -7.6905358607E-02    9.3709450599E-02    5.0000000000E-04    3.0265078197E+02
   -7.8491036104E-02    9.5641604220E-02    5.0000000000E-04    3.0254268014E+02
   -8.0076713601E-02    9.7573757840E-02    5.0000000000E-04    3.0243674036E+02
   -8.1662391098E-02    9.9505911461E-02    5.0000000000E-04    3.0233287783E+02
   -8.3248068595E-02    1.0143806508E-01    5.0000000000E-04    3.0223101266E+02
   -8.4833746092E-02    1.0337021870E-01    5.0000000000E-04    3.0213106948E+02
   -8.6419423589E-02    1.0530237232E-01    5.0000000000E-04    3.0203297711E+02
   -8.8005101086E-02    1.0723452594E-01    5.0000000000E-04    3.0193666824E+02
   -8.9590778583E-02    1.0916667956E-01    5.0000000000E-04    3.0184207917E+02
   -9.1176456080E-02    1.1109883318E-01    5.0000000000E-04    3.0174914957E+02
   -9.2762133577E-02    1.1303098681E-01    5.0000000000E-04    3.0165782221E+02
   -9.4347811074E-02    1.1496314043E-01    5.0000000000E-04    3.0156804277E+02
   -9.5933488572E-02    1.1689529405E-01    5.0000000000E-04    3.0147975966E+02
   -9.7519166069E-02    1.1882744767E-01    5.0000000000E-04    3.0139292382E+02
   -9.9104843566E-02    1.2075960129E-01    5.0000000000E-04    3.0130748856E+02
   -1.0069052106E-01    1.2269175491E-01    5.0000000000E-04    3.0122340942E+02
   -1.0227619856E-01    1.2462390853E-01    5.0000000000E-04    3.0114064402E+02
   -1.0386187606E-01    1.2655606215E-01    5.0000000000E-04    3.0105915194E+02
   -1.0544755355E-01    1.2848821577E-01    5.0000000000E-04    3.0097889458E+02
   -1.0703323105E-01    1.3042036939E-01    5.0000000000E-04    3.0089983511E+02
   -1.0861890855E-01    1.3235252301E-01    5.0000000000E-04    3.0082193827E+02
   -1.1020458604E-01    1.3428467663E-01    5.0000000000E-04    3.0074517038E+02
   -1.1179026354E-01    1.3621683025E-01    5.0000000000E-04    3.0066949917E+02
   -1.1337594104E-01    1.3814898387E-01    5.0000000000E-04    3.0059489375E+02
   -1.1496161854E-01    1.4008113749E-01    5.0000000000E-04    3.0052132453E+02
   -1.1654729603E-01    1.4201329111E-01    5.0000000000E-04    3.0044876310E+02
   -1.1813297353E-01    1.4394544473E-01    5.0000000000E-04    3.0037718223E+02
   -1.1971865103E-01    1.4587759836E-01    5.0000000000E-04    3.0030655578E+02
   -1.2130432852E-01    1.4780975198E-01    5.0000000000E-04    3.0023685862E+02
   -1.2289000602E-01    1.4974190560E-01    5.0000000000E-04    3.0016806663E+02
   -1.2447568352E-01    1.5167405922E-01    5.0000000000E-04    3.0010015658E+02
   -1.2606136102E-01    1.5360621284E-01    5.0000000000E-04    3.0003310615E+02
   -6.7242595189E-02    7.5670629049E-02    5.0000000000E-04    3.0360558647E+02
   -6.8902906182E-02    7.7539039642E-02    5.0000000000E-04    3.0347639155E+02
   -7.0563217174E-02    7.9407450236E-02    5.0000000000E-04    3.0335027271E+02
   -7.2223528166E-02    8.1275860830E-02    5.0000000000E-04    3.0322708687E+02
   -7.3883839159E-02    8.3144271424E-02    5.0000000000E-04    3.0310670071E+02
   -7.5544150151E-02    8.5012682018E-02    5.0000000000E-04    3.0298898981E+02
   -7.7204461143E-02    8.6881092611E-02    5.0000000000E-04    3.0287383784E+02
   -7.8864772136E-02    8.8749503205E-02    5.0000000000E-04    3.0276113592E+02
   -8.0525083128E-02    9.0617913799E-02    5.0000000000E-04    3.0265078197E+02
   -8.2185394120E-02    9.2486324393E-02    5.0000000000E-04    3.0254268014E+02
   -8.3845705113E-02    9.4354734987E-02    5.0000000000E-04    3.0243674036E+02
   -8.5506016105E-02    9.6223145580E-02    5.0000000000E-04    3.0233287783E+02
   -8.7166327097E-02    9.8091556174E-02    5.0000000000E-04    3.0223101266E+02
   -8.8826638090E-02    9.9959966768E-02    5.0000000000E-04    3.0213106948E+02
   -9.0486949082E-02    1.0182837736E-01    5.0000000000E-04    3.0203297711E+02
   -9.2147260074E-02    1.0369678796E-01    5.0000000000E-04    3.0193666824E+02
   -9.3807571067E-02    1.0556519855E-01    5.0000000000E-04    3.0184207918E+02
   -9.5467882059E-02    1.0743360914E-01    5.0000000000E-04    3.0174914957E+02
   -9.7128193051E-02    1.0930201974E-01    5.0000000000E-04    3.0165782221E+02
   -9.8788504044E-02    1.1117043033E-01    5.0000000000E-04    3.0156804277E+02
   -1.0044881504E-01    1.1303884092E-01    5.0000000000E-04    3.0147975966E+02
   -1.0210912603E-01    1.1490725152E-01    5.0000000000E-04    3.0139292382E+02
   -1.0376943702E-01    1.1677566211E-01    5.0000000000E-04    3.0130748856E+02
   -1.0542974801E-01    1.1864407271E-01    5.0000000000E-04    3.0122340942E+02
   -1.0709005901E-01    1.2051248330E-01    5.0000000000E-04    3.0114064402E+02
   -1.0875037000E-01    1.2238089389E-01    5.0000000000E-04    3.0105915194E+02
   -1.1041068099E-01    1.2424930449E-01    5.0000000000E-04    3.0097889458E+02
   -1.1207099198E-01    1.2611771508E-01    5.0000000000E-04    3.0089983511E+02
   -1.1373130297E-01    1.2798612567E-01    5.0000000000E-04    3.0082193827E+02
   -1.1539161397E-01    1.2985453627E-01    5.0000000000E-04    3.0074517038E+02
   -1.1705192496E-01    1.3172294686E-01    5.0000000000E-04    3.0066949917E+02
   -1.1871223595E-01    1.3359135746E-01    5.0000000000E-04    3.0059489375E+02
   -1.2037254694E-01    1.3545976805E-01    5.0000000000E-04    3.0052132453E+02
   -1.2203285794E-01    1.3732817864E-01    5.0000000000E-04    3.0044876310E+02
   -1.2369316893E-01    1.3919658924E-01    5.0000000000E-04    3.0037718223E+02
   -1.2535347992E-01    1.4106499983E-01    5.0000000000E-04    3.0030655578E+02
   -1.2701379091E-01    1.4293341043E-01    5.0000000000E-04    3.0023685862E+02
   -1.2867410191E-01    1.4480182102E-01    5.0000000000E-04    3.0016806663E+02
   -1.3033441290E-01    1.4667023161E-01    5.0000000000E-04    3.0010015658E+02
   -1.3199472389E-01    1.4853864221E-01    5.0000000000E-04    3.0003310615E+02
   -7.0161568540E-02    7.2972357838E-02    5.0000000000E-04    3.0360558647E+02
   -7.1893952949E-02    7.4774144451E-02    5.0000000000E-04    3.0347639155E+02
   -7.3626337357E-02    7.6575931064E-02    5.0000000000E-04    3.0335027271E+02
   -7.5358721765E-02    7.8377717678E-02    5.0000000000E-04    3.0322708687E+02
   -7.7091106174E-02    8.0179504291E-02    5.0000000000E-04    3.0310670071E+02
   -7.8823490582E-02    8.1981290904E-02    5.0000000000E-04    3.0298898981E+02
   -8.0555874991E-02    8.3783077517E-02    5.0000000000E-04    3.0287383784E+02
   -8.2288259399E-02    8.5584864131E-02    5.0000000000E-04    3.0276113592E+02
   -8.4020643807E-02    8.7386650744E-02    5.0000000000E-04    3.0265078197E+02
   -8.5753028216E-02    8.9188437357E-02    5.0000000000E-04    3.0254268014E+02
   -8.7485412624E-02    9.0990223971E-02    5.0000000000E-04    3.0243674036E+02
   -8.9217797033E-02    9.2792010584E-02    5.0000000000E-04    3.0233287783E+02
   -9.0950181441E-02    9.4593797197E-02    5.0000000000E-04    3.0223101266E+02
   -9.2682565849E-02    9.6395583810E-02    5.0000000000E-04    3.0213106948E+02
   -9.4414950258E-02    9.8197370424E-02    5.0000000000E-04    3.0203297711E+02
   -9.6147334666E-02    9.9999157037E-02    5.0000000000E-04    3.0193666824E+02
   -9.7879719075E-02    1.0180094365E-01    5.0000000000E-04    3.0184207918E+02
   -9.9612103483E-02    1.0360273026E-01    5.0000000000E-04    3.0174914957E+02
   -1.0134448789E-01    1.0540451688E-01    5.0000000000E-04    3.0165782221E+02
   -1.0307687230E-01    1.0720630349E-01    5.0000000000E-04    3.0156804277E+02
   -1.0480925671E-01    1.0900809010E-01    5.0000000000E-04    3.0147975966E+02
   -1.0654164112E-01    1.1080987672E-01    5.0000000000E-04    3.0139292382E+02
   -1.0827402552E-01    1.1261166333E-01    5.0000000000E-04    3.0130748856E+02
   -1.1000640993E-01    1.1441344994E-01    5.0000000000E-04    3.0122340942E+02
   -1.1173879434E-01    1.1621523656E-01    5.0000000000E-04    3.0114064402E+02
   -1.1347117875E-01    1.1801702317E-01    5.0000000000E-04    3.0105915194E+02
   -1.1520356316E-01    1.1981880978E-01    5.0000000000E-04    3.0097889458E+02
   -1.1693594757E-01    1.2162059640E-01    5.0000000000E-04    3.0089983511E+02
   -1.1866833198E-01    1.2342238301E-01    5.0000000000E-04    3.0082193827E+02
   -1.2040071638E-01    1.2522416962E-01    5.0000000000E-04    3.0074517038E+02
   -1.2213310079E-01    1.2702595624E-01    5.0000000000E-04    3.0066949917E+02
   -1.2386548520E-01    1.2882774285E-01    5.0000000000E-04    3.0059489375E+02
   -1.2559786961E-01    1.3062952946E-01    5.0000000000E-04    3.0052132453E+02
   -1.2733025402E-01    1.3243131608E-01    5.0000000000E-04    3.0044876310E+02
   -1.2906263843E-01    1.3423310269E-01    5.0000000000E-04    3.0037718223E+02
   -1.3079502283E-01    1.3603488930E-01    5.0000000000E-04    3.0030655578E+02
   -1.3252740724E-01    1.3783667592E-01    5.0000000000E-04    3.0023685862E+02
   -1.3425979165E-01    1.3963846253E-01    5.0000000000E-04    3.0016806663E+02
   -1.3599217606E-01    1.4144024914E-01    5.0000000000E-04    3.0010015658E+02
   -1.3772456047E-01    1.4324203576E-01    5.0000000000E-04    3.0003310615E+02
   -7.2972357838E-02    7.0161568540E-02    5.0000000000E-04    3.0360558647E+02
   -7.4774144451E-02    7.1893952949E-02    5.0000000000E-04    3.0347639155E+02
   -7.6575931064E-02    7.3626337357E-02    5.0000000000E-04    3.0335027271E+02
   -7.8377717678E-02    7.5358721765E-02    5.0000000000E-04    3.0322708687E+02
   -8.0179504291E-02    7.7091106174E-02    5.0000000000E-04    3.0310670071E+02
   -8.1981290904E-02    7.8823490582E-02    5.0000000000E-04    3.0298898981E+02
   -8.3783077517E-02    8.0555874991E-02    5.0000000000E-04    3.0287383784E+02
   -8.5584864131E-02    8.2288259399E-02    5.0000000000E-04    3.0276113593E+02
   -8.7386650744E-02    8.4020643807E-02    5.0000000000E-04    3.0265078197E+02
   -8.9188437357E-02    8.5753028216E-02    5.0000000000E-04    3.0254268014E+02
   -9.0990223971E-02    8.7485412624E-02    5.0000000000E-04    3.0243674036E+02
   -9.2792010584E-02    8.9217797033E-02    5.0000000000E-04    3.0233287783E+02
   -9.4593797197E-02    9.0950181441E-02    5.0000000000E-04    3.0223101266E+02
   -9.6395583810E-02    9.2682565849E-02    5.0000000000E-04    3.0213106948E+02
   -9.8197370424E-02    9.4414950258E-02    5.0000000000E-04    3.0203297711E+02
   -9.9999157037E-02    9.6147334666E-02    5.0000000000E-04    3.0193666824E+02
   -1.0180094365E-01    9.7879719075E-02    5.0000000000E-04    3.0184207918E+02
   -1.0360273026E-01    9.9612103483E-02    5.0000000000E-04    3.0174914957E+02
   -1.0540451688E-01    1.0134448789E-01    5.0000000000E-04    3.0165782221E+02
   -1.0720630349E-01    1.0307687230E-01    5.0000000000E-04    3.0156804277E+02
   -1.0900809010E-01    1.0480925671E-01    5.0000000000E-04    3.0147975966E+02
   -1.1080987672E-01    1.0654164112E-01    5.0000000000E-04    3.0139292382E+02
   -1.1261166333E-01    1.0827402552E-01    5.0000000000E-04    3.0130748856E+02
   -1.1441344994E-01    1.1000640993E-01    5.0000000000E-04    3.0122340942E+02
   -1.1621523656E-01    1.1173879434E-01    5.0000000000E-04    3.0114064402E+02
   -1.1801702317E-01    1.1347117875E-01    5.0000000000E-04    3.0105915194E+02
   -1.1981880978E-01    1.1520356316E-01    5.0000000000E-04    3.0097889458E+02
   -1.2162059640E-01    1.1693594757E-01    5.0000000000E-04    3.0089983511E+02
   -1.2342238301E-01    1.1866833198E-01    5.0000000000E-04    3.0082193827E+02
   -1.2522416962E-01    1.2040071638E-01    5.0000000000E-04    3.0074517038E+02
   -1.2702595624E-01    1.2213310079E-01    5.0000000000E-04    3.0066949917E+02
   -1.2882774285E-01    1.2386548520E-01    5.0000000000E-04    3.0059489375E+02
   -1.3062952946E-01    1.2559786961E-01    5.0000000000E-04    3.0052132453E+02
   -1.3243131608E-01    1.2733025402E-01    5.0000000000E-04    3.0044876310E+02
   -1.3423310269E-01    1.2906263843E-01    5.0000000000E-04    3.0037718223E+02
   -1.3603488930E-01    1.3079502283E-01    5.0000000000E-04    3.0030655578E+02
   -1.3783667592E-01    1.3252740724E-01    5.0000000000E-04    3.0023685862E+02
   -1.3963846253E-01    1.3425979165E-01    5.0000000000E-04    3.0016806663E+02
   -1.4144024914E-01    1.3599217606E-01    5.0000000000E-04    3.0010015658E+02
   -1.4324203576E-01    1.3772456047E-01    5.0000000000E-04    3.0003310615E+02
   -7.5670629049E-02    6.7242595189E-02    5.0000000000E-04    3.0360558647E+02
   -7.7539039642E-02    6.8902906182E-02    5.0000000000E-04    3.0347639155E+02
   -7.9407450236E-02    7.0563217174E-02    5.0000000000E-04    3.0335027271E+02
   -8.1275860830E-02    7.2223528166E-02    5.0000000000E-04    3.0322708687E+02
   -8.3144271424E-02    7.3883839159E-02    5.0000000000E-04    3.0310670071E+02
   -8.5012682018E-02    7.5544150151E-02    5.0000000000E-04    3.0298898981E+02
   -8.6881092611E-02    7.7204461143E-02    5.0000000000E-04    3.0287383784E+02
   -8.8749503205E-02    7.8864772136E-02    5.0000000000E-04    3.0276113593E+02
   -9.0617913799E-02    8.0525083128E-02    5.0000000000E-04    3.0265078197E+02
   -9.2486324393E-02    8.2185394120E-02    5.0000000000E-04    3.0254268014E+02
   -9.4354734987E-02    8.3845705113E-02    5.0000000000E-04    3.0243674036E+02
   -9.6223145580E-02    8.5506016105E-02    5.0000000000E-04    3.0233287783E+02
   -9.8091556174E-02    8.7166327097E-02    5.0000000000E-04    3.0223101266E+02
   -9.9959966768E-02    8.8826638090E-02    5.0000000000E-04    3.0213106948E+02
   -1.0182837736E-01    9.0486949082E-02    5.0000000000E-04    3.0203297711E+02
   -1.0369678796E-01    9.2147260074E-02    5.0000000000E-04    3.0193666824E+02
   -1.0556519855E-01    9.3807571067E-02    5.0000000000E-04    3.0184207918E+02
   -1.0743360914E-01    9.5467882059E-02    5.0000000000E-04    3.0174914957E+02
   -1.0930201974E-01    9.7128193051E-02    5.0000000000E-04    3.0165782221E+02
   -1.1117043033E-01    9.8788504044E-02    5.0000000000E-04    3.0156804277E+02
   -1.1303884092E-01    1.0044881504E-01    5.0000000000E-04    3.0147975966E+02
   -1.1490725152E-01    1.0210912603E-01    5.0000000000E-04    3.0139292382E+02
   -1.1677566211E-01    1.0376943702E-01    5.0000000000E-04    3.0130748856E+02
   -1.1864407271E-01    1.0542974801E-01    5.0000000000E-04    3.0122340942E+02
   -1.2051248330E-01    1.0709005901E-01    5.0000000000E-04    3.0114064402E+02
   -1.2238089389E-01    1.0875037000E-01    5.0000000000E-04    3.0105915194E+02
   -1.2424930449E-01    1.1041068099E-01    5.0000000000E-04    3.0097889458E+02
   -1.2611771508E-01    1.1207099198E-01    5.0000000000E-04    3.0089983511E+02
   -1.2798612567E-01    1.1373130297E-01    5.0000000000E-04    3.0082193827E+02
   -1.2985453627E-01    1.1539161397E-01    5.0000000000E-04    3.0074517038E+02
   -1.3172294686E-01    1.1705192496E-01    5.0000000000E-04    3.0066949917E+02
   -1.3359135746E-01    1.1871223595E-01    5.0000000000E-04    3.0059489375E+02
   -1.3545976805E-01    1.2037254694E-01    5.0000000000E-04    3.0052132453E+02
   -1.3732817864E-01    1.2203285794E-01    5.0000000000E-04    3.0044876310E+02
   -1.3919658924E-01    1.2369316893E-01    5.0000000000E-04    3.0037718223E+02
   -1.4106499983E-01    1.2535347992E-01    5.0000000000E-04    3.0030655578E+02
   -1.4293341043E-01    1.2701379091E-01    5.0000000000E-04    3.0023685862E+02
   -1.4480182102E-01    1.2867410191E-01    5.0000000000E-04    3.0016806663E+02
   -1.4667023161E-01    1.3033441290E-01    5.0000000000E-04    3.0010015658E+02
   -1.4853864221E-01    1.3199472389E-01    5.0000000000E-04    3.0003310615E+02
   -7.8252221634E-02    6.4219938631E-02    5.0000000000E-04    3.0360558647E+02
   -8.0184375255E-02    6.5805616128E-02    5.0000000000E-04    3.0347639155E+02
   -8.2116528876E-02    6.7391293625E-02    5.0000000000E-04    3.0335027271E+02
   -8.4048682496E-02    6.8976971122E-02    5.0000000000E-04    3.0322708687E+02
   -8.5980836117E-02    7.0562648619E-02    5.0000000000E-04    3.0310670071E+02
   -8.7912989737E-02    7.2148326116E-02    5.0000000000E-04    3.0298898981E+02
   -8.9845143358E-02    7.3734003613E-02    5.0000000000E-04    3.0287383784E+02
   -9.1777296979E-02    7.5319681110E-02    5.0000000000E-04    3.0276113593E+02
   -9.3709450599E-02    7.6905358607E-02    5.0000000000E-04    3.0265078197E+02
   -9.5641604220E-02    7.8491036104E-02    5.0000000000E-04    3.0254268014E+02
   -9.7573757840E-02    8.0076713601E-02    5.0000000000E-04    3.0243674036E+02
   -9.9505911461E-02    8.1662391098E-02    5.0000000000E-04    3.0233287783E+02
   -1.0143806508E-01    8.3248068595E-02    5.0000000000E-04    3.0223101266E+02
   -1.0337021870E-01    8.4833746092E-02    5.0000000000E-04    3.0213106948E+02
   -1.0530237232E-01    8.6419423589E-02    5.0000000000E-04    3.0203297711E+02
   -1.0723452594E-01    8.8005101086E-02    5.0000000000E-04    3.0193666824E+02
   -1.0916667956E-01    8.9590778583E-02    5.0000000000E-04    3.0184207918E+02
   -1.1109883318E-01    9.1176456080E-02    5.0000000000E-04    3.0174914957E+02
   -1.1303098681E-01    9.2762133577E-02    5.0000000000E-04    3.0165782221E+02
   -1.1496314043E-01    9.4347811074E-02    5.0000000000E-04    3.0156804277E+02
   -1.1689529405E-01    9.5933488572E-02    5.0000000000E-04    3.0147975966E+02
   -1.1882744767E-01    9.7519166069E-02    5.0000000000E-04    3.0139292382E+02
   -1.2075960129E-01    9.9104843566E-02    5.0000000000E-04    3.0130748856E+02
   -1.2269175491E-01    1.0069052106E-01    5.0000000000E-04    3.0122340942E+02
   -1.2462390853E-01    1.0227619856E-01    5.0000000000E-04    3.0114064402E+02
   -1.2655606215E-01    1.0386187606E-01    5.0000000000E-04    3.0105915194E+02
   -1.2848821577E-01    1.0544755355E-01    5.0000000000E-04    3.0097889458E+02
   -1.3042036939E-01    1.0703323105E-01    5.0000000000E-04    3.0089983511E+02
   -1.3235252301E-01    1.0861890855E-01    5.0000000000E-04    3.0082193827E+02
   -1.3428467663E-01    1.1020458604E-01    5.0000000000E-04    3.0074517038E+02
   -1.3621683025E-01    1.1179026354E-01    5.0000000000E-04    3.0066949917E+02
   -1.3814898387E-01    1.1337594104E-01    5.0000000000E-04    3.0059489375E+02
   -1.4008113749E-01    1.1496161854E-01    5.0000000000E-04    3.0052132453E+02
   -1.4201329111E-01    1.1654729603E-01    5.0000000000E-04    3.0044876310E+02
   -1.4394544473E-01    1.1813297353E-01    5.0000000000E-04    3.0037718223E+02
   -1.4587759836E-01    1.1971865103E-01    5.0000000000E-04    3.0030655578E+02
   -1.4780975198E-01    1.2130432852E-01    5.0000000000E-04    3.0023685862E+02
   -1.4974190560E-01    1.2289000602E-01    5.0000000000E-04    3.0016806663E+02
   -1.5167405922E-01    1.2447568352E-01    5.0000000000E-04    3.0010015658E+02
   -1.5360621284E-01    1.2606136102E-01    5.0000000000E-04    3.0003310615E+02
   -8.0713154966E-02    6.1098259581E-02    5.0000000000E-04    3.0360558647E+02
   -8.2706072373E-02    6.2606858583E-02    5.0000000000E-04    3.0347639155E+02
   -8.4698989779E-02    6.4115457585E-02    5.0000000000E-04    3.0335027271E+02
   -8.6691907186E-02    6.5624056587E-02    5.0000000000E-04    3.0322708687E+02
   -8.8684824592E-02    6.7132655589E-02    5.0000000000E-04    3.0310670071E+02
   -9.0677741999E-02    6.8641254591E-02    5.0000000000E-04    3.0298898981E+02
   -9.2670659405E-02    7.0149853593E-02    5.0000000000E-04    3.0287383784E+02
   -9.4663576812E-02    7.1658452595E-02    5.0000000000E-04    3.0276113593E+02
   -9.6656494219E-02    7.3167051597E-02    5.0000000000E-04    3.0265078197E+02
   -9.8649411625E-02    7.4675650599E-02    5.0000000000E-04    3.0254268014E+02
   -1.0064232903E-01    7.6184249601E-02    5.0000000000E-04    3.0243674036E+02
   -1.0263524644E-01    7.7692848603E-02    5.0000000000E-04    3.0233287783E+02
   -1.0462816384E-01    7.9201447605E-02    5.0000000000E-04    3.0223101266E+02
   -1.0662108125E-01    8.0710046607E-02    5.0000000000E-04    3.0213106948E+02
   -1.0861399866E-01    8.2218645609E-02    5.0000000000E-04    3.0203297711E+02
   -1.1060691606E-01    8.3727244611E-02    5.0000000000E-04    3.0193666824E+02
   -1.1259983347E-01    8.5235843613E-02    5.0000000000E-04    3.0184207918E+02
   -1.1459275088E-01    8.6744442615E-02    5.0000000000E-04    3.0174914957E+02
   -1.1658566828E-01    8.8253041617E-02    5.0000000000E-04    3.0165782221E+02
   -1.1857858569E-01    8.9761640619E-02    5.0000000000E-04    3.0156804277E+02
   -1.2057150310E-01    9.1270239621E-02    5.0000000000E-04    3.0147975966E+02
   -1.2256442050E-01    9.2778838623E-02    5.0000000000E-04    3.0139292382E+02
   -1.2455733791E-01    9.4287437625E-02    5.0000000000E-04    3.0130748856E+02
   -1.2655025532E-01    9.5796036627E-02    5.0000000000E-04    3.0122340942E+02
   -1.2854317272E-01    9.7304635629E-02    5.0000000000E-04    3.0114064402E+02
   -1.3053609013E-01    9.8813234631E-02    5.0000000000E-04    3.0105915194E+02
   -1.3252900754E-01    1.0032183363E-01    5.0000000000E-04    3.0097889458E+02
   -1.3452192494E-01    1.0183043264E-01    5.0000000000E-04    3.0089983511E+02
   -1.3651484235E-01    1.0333903164E-01    5.0000000000E-04    3.0082193827E+02
   -1.3850775976E-01    1.0484763064E-01    5.0000000000E-04    3.0074517038E+02
   -1.4050067716E-01    1.0635622964E-01    5.0000000000E-04    3.0066949917E+02
   -1.4249359457E-01    1.0786482864E-01    5.0000000000E-04    3.0059489375E+02
   -1.4448651198E-01    1.0937342765E-01    5.0000000000E-04    3.0052132453E+02
   -1.4647942938E-01    1.1088202665E-01    5.0000000000E-04    3.0044876310E+02
   -1.4847234679E-01    1.1239062565E-01    5.0000000000E-04    3.0037718223E+02
   -1.5046526420E-01    1.1389922465E-01    5.0000000000E-04    3.0030655578E+02
   -1.5245818160E-01    1.1540782365E-01    5.0000000000E-04    3.0023685862E+02
   -1.5445109901E-01    1.1691642266E-01    5.0000000000E-04    3.0016806663E+02
   -1.5644401642E-01    1.1842502166E-01    5.0000000000E-04    3.0010015658E+02
   -1.5843693382E-01    1.1993362066E-01    5.0000000000E-04    3.0003310615E+02
   -8.3049634463E-02    5.7882371444E-02    5.0000000000E-04    3.0360558647E+02
   -8.5100242721E-02    5.9311565801E-02    5.0000000000E-04    3.0347639155E+02
   -8.7150850980E-02    6.0740760157E-02    5.0000000000E-04    3.0335027271E+02
   -8.9201459238E-02    6.2169954514E-02    5.0000000000E-04    3.0322708687E+02
   -9.1252067496E-02    6.3599148870E-02    5.0000000000E-04    3.0310670071E+02
   -9.3302675755E-02    6.5028343227E-02    5.0000000000E-04    3.0298898981E+02
   -9.5353284013E-02    6.6457537584E-02    5.0000000000E-04    3.0287383784E+02
   -9.7403892271E-02    6.7886731940E-02    5.0000000000E-04    3.0276113593E+02
   -9.9454500530E-02    6.9315926297E-02    5.0000000000E-04    3.0265078197E+02
   -1.0150510879E-01    7.0745120654E-02    5.0000000000E-04    3.0254268014E+02
   -1.0355571705E-01    7.2174315010E-02    5.0000000000E-04    3.0243674036E+02
   -1.0560632530E-01    7.3603509367E-02    5.0000000000E-04    3.0233287783E+02
   -1.0765693356E-01    7.5032703724E-02    5.0000000000E-04    3.0223101266E+02
   -1.0970754182E-01    7.6461898080E-02    5.0000000000E-04    3.0213106948E+02
   -1.1175815008E-01    7.7891092437E-02    5.0000000000E-04    3.0203297711E+02
   -1.1380875834E-01    7.9320286794E-02    5.0000000000E-04    3.0193666824E+02
   -1.1585936660E-01    8.0749481150E-02    5.0000000000E-04    3.0184207918E+02
   -1.1790997485E-01    8.2178675507E-02    5.0000000000E-04    3.0174914957E+02
   -1.1996058311E-01    8.3607869863E-02    5.0000000000E-04    3.0165782221E+02
   -1.2201119137E-01    8.5037064220E-02    5.0000000000E-04    3.0156804277E+02
   -1.2406179963E-01    8.6466258577E-02    5.0000000000E-04    3.0147975966E+02
   -1.2611240789E-01    8.7895452933E-02    5.0000000000E-04    3.0139292382E+02
   -1.2816301615E-01    8.9324647290E-02    5.0000000000E-04    3.0130748856E+02
   -1.3021362441E-01    9.0753841647E-02    5.0000000000E-04    3.0122340942E+02
   -1.3226423266E-01    9.2183036003E-02    5.0000000000E-04    3.0114064402E+02
   -1.3431484092E-01    9.3612230360E-02    5.0000000000E-04    3.0105915194E+02
   -1.3636544918E-01    9.5041424717E-02    5.0000000000E-04    3.0097889458E+02
   -1.3841605744E-01    9.6470619073E-02    5.0000000000E-04    3.0089983511E+02
   -1.4046666570E-01    9.7899813430E-02    5.0000000000E-04    3.0082193827E+02
   -1.4251727396E-01    9.9329007786E-02    5.0000000000E-04    3.0074517038E+02
   -1.4456788221E-01    1.0075820214E-01    5.0000000000E-04    3.0066949917E+02
   -1.4661849047E-01    1.0218739650E-01    5.0000000000E-04    3.0059489375E+02
   -1.4866909873E-01    1.0361659086E-01    5.0000000000E-04    3.0052132453E+02
   -1.5071970699E-01    1.0504578521E-01    5.0000000000E-04    3.0044876310E+02
   -1.5277031525E-01    1.0647497957E-01    5.0000000000E-04    3.0037718223E+02
   -1.5482092351E-01    1.0790417393E-01    5.0000000000E-04    3.0030655578E+02
   -1.5687153176E-01    1.0933336828E-01    5.0000000000E-04    3.0023685862E+02
   -1.5892214002E-01    1.1076256264E-01    5.0000000000E-04    3.0016806663E+02
   -1.6097274828E-01    1.1219175700E-01    5.0000000000E-04    3.0010015658E+02
   -1.6302335654E-01    1.1362095135E-01    5.0000000000E-04    3.0003310615E+02
   -8.5258057443E-02    5.4577232885E-02    5.0000000000E-04    3.0360558647E+02
   -8.7363194664E-02    5.5924818883E-02    5.0000000000E-04    3.0347639155E+02
   -8.9468331885E-02    5.7272404880E-02    5.0000000000E-04    3.0335027271E+02
   -9.1573469106E-02    5.8619990877E-02    5.0000000000E-04    3.0322708687E+02
   -9.3678606327E-02    5.9967576874E-02    5.0000000000E-04    3.0310670071E+02
   -9.5783743547E-02    6.1315162871E-02    5.0000000000E-04    3.0298898981E+02
   -9.7888880768E-02    6.2662748868E-02    5.0000000000E-04    3.0287383784E+02
   -9.9994017989E-02    6.4010334866E-02    5.0000000000E-04    3.0276113593E+02
   -1.0209915521E-01    6.5357920863E-02    5.0000000000E-04    3.0265078197E+02
   -1.0420429243E-01    6.6705506860E-02    5.0000000000E-04    3.0254268014E+02
   -1.0630942965E-01    6.8053092857E-02    5.0000000000E-04    3.0243674036E+02
   -1.0841456687E-01    6.9400678854E-02    5.0000000000E-04    3.0233287783E+02
   -1.1051970409E-01    7.0748264851E-02    5.0000000000E-04    3.0223101266E+02
   -1.1262484131E-01    7.2095850849E-02    5.0000000000E-04    3.0213106948E+02
   -1.1472997853E-01    7.3443436846E-02    5.0000000000E-04    3.0203297711E+02
   -1.1683511576E-01    7.4791022843E-02    5.0000000000E-04    3.0193666824E+02
   -1.1894025298E-01    7.6138608840E-02    5.0000000000E-04    3.0184207918E+02
   -1.2104539020E-01    7.7486194837E-02    5.0000000000E-04    3.0174914957E+02
   -1.2315052742E-01    7.8833780834E-02    5.0000000000E-04    3.0165782221E+02
   -1.2525566464E-01    8.0181366832E-02    5.0000000000E-04    3.0156804277E+02
   -1.2736080186E-01    8.1528952829E-02    5.0000000000E-04    3.0147975966E+02
   -1.2946593908E-01    8.2876538826E-02    5.0000000000E-04    3.0139292382E+02
   -1.3157107630E-01    8.4224124823E-02    5.0000000000E-04    3.0130748856E+02
   -1.3367621352E-01    8.5571710820E-02    5.0000000000E-04    3.0122340942E+02
   -1.3578135074E-01    8.6919296817E-02    5.0000000000E-04    3.0114064402E+02
   -1.3788648796E-01    8.8266882815E-02    5.0000000000E-04    3.0105915194E+02
   -1.3999162518E-01    8.9614468812E-02    5.0000000000E-04    3.0097889458E+02
   -1.4209676241E-01    9.0962054809E-02    5.0000000000E-04    3.0089983511E+02
   -1.4420189963E-01    9.2309640806E-02    5.0000000000E-04    3.0082193827E+02
   -1.4630703685E-01    9.3657226803E-02    5.0000000000E-04    3.0074517038E+02
   -1.4841217407E-01    9.5004812800E-02    5.0000000000E-04    3.0066949917E+02
   -1.5051731129E-01    9.6352398798E-02    5.0000000000E-04    3.0059489375E+02
   -1.5262244851E-01    9.7699984795E-02    5.0000000000E-04    3.0052132453E+02
   -1.5472758573E-01    9.9047570792E-02    5.0000000000E-04    3.0044876310E+02
   -1.5683272295E-01    1.0039515679E-01    5.0000000000E-04    3.0037718223E+02
   -1.5893786017E-01    1.0174274279E-01    5.0000000000E-04    3.0030655578E+02
   -1.6104299739E-01    1.0309032878E-01    5.0000000000E-04    3.0023685862E+02
   -1.6314813461E-01    1.0443791478E-01    5.0000000000E-04    3.0016806663E+02
   -1.6525327183E-01    1.0578550078E-01    5.0000000000E-04    3.0010015658E+02
   -1.6735840906E-01    1.0713308677E-01    5.0000000000E-04    3.0003310615E+02
   -8.7335018678E-02    5.1187940190E-02    5.0000000000E-04    3.0360558647E+02
   -8.9491438893E-02    5.2451839947E-02    5.0000000000E-04    3.0347639155E+02
   -9.1647859107E-02    5.3715739705E-02    5.0000000000E-04    3.0335027271E+02
   -9.3804279321E-02    5.4979639463E-02    5.0000000000E-04    3.0322708687E+02
   -9.5960699536E-02    5.6243539221E-02    5.0000000000E-04    3.0310670071E+02
   -9.8117119750E-02    5.7507438978E-02    5.0000000000E-04    3.0298898981E+02
   -1.0027353996E-01    5.8771338736E-02    5.0000000000E-04    3.0287383784E+02
   -1.0242996018E-01    6.0035238494E-02    5.0000000000E-04    3.0276113593E+02
   -1.0458638039E-01    6.1299138252E-02    5.0000000000E-04    3.0265078197E+02
   -1.0674280061E-01    6.2563038009E-02    5.0000000000E-04    3.0254268014E+02
   -1.0889922082E-01    6.3826937767E-02    5.0000000000E-04    3.0243674036E+02
   -1.1105564104E-01    6.5090837525E-02    5.0000000000E-04    3.0233287783E+02
   -1.1321206125E-01    6.6354737283E-02    5.0000000000E-04    3.0223101266E+02
   -1.1536848146E-01    6.7618637040E-02    5.0000000000E-04    3.0213106948E+02
   -1.1752490168E-01    6.8882536798E-02    5.0000000000E-04    3.0203297711E+02
   -1.1968132189E-01    7.0146436556E-02    5.0000000000E-04    3.0193666824E+02
   -1.2183774211E-01    7.1410336314E-02    5.0000000000E-04    3.0184207918E+02
   -1.2399416232E-01    7.2674236072E-02    5.0000000000E-04    3.0174914957E+02
   -1.2615058254E-01    7.3938135829E-02    5.0000000000E-04    3.0165782221E+02
   -1.2830700275E-01    7.5202035587E-02    5.0000000000E-04    3.0156804277E+02
   -1.3046342296E-01    7.6465935345E-02    5.0000000000E-04    3.0147975966E+02
   -1.3261984318E-01    7.7729835103E-02    5.0000000000E-04    3.0139292382E+02
   -1.3477626339E-01    7.8993734860E-02    5.0000000000E-04    3.0130748856E+02
   -1.3693268361E-01    8.0257634618E-02    5.0000000000E-04    3.0122340942E+02
   -1.3908910382E-01    8.1521534376E-02    5.0000000000E-04    3.0114064402E+02
   -1.4124552404E-01    8.2785434134E-02    5.0000000000E-04    3.0105915194E+02
   -1.4340194425E-01    8.4049333891E-02    5.0000000000E-04    3.0097889458E+02
   -1.4555836446E-01    8.5313233649E-02    5.0000000000E-04    3.0089983511E+02
   -1.4771478468E-01    8.6577133407E-02    5.0000000000E-04    3.0082193827E+02
   -1.4987120489E-01    8.7841033165E-02    5.0000000000E-04    3.0074517038E+02
   -1.5202762511E-01    8.9104932923E-02    5.0000000000E-04    3.0066949917E+02
   -1.5418404532E-01    9.0368832680E-02    5.0000000000E-04    3.0059489375E+02
   -1.5634046554E-01    9.1632732438E-02    5.0000000000E-04    3.0052132453E+02
   -1.5849688575E-01    9.2896632196E-02    5.0000000000E-04    3.0044876310E+02
   -1.6065330596E-01    9.4160531954E-02    5.0000000000E-04    3.0037718223E+02
   -1.6280972618E-01    9.5424431711E-02    5.0000000000E-04    3.0030655578E+02
   -1.6496614639E-01    9.6688331469E-02    5.0000000000E-04    3.0023685862E+02
   -1.6712256661E-01    9.7952231227E-02    5.0000000000E-04    3.0016806663E+02
   -1.6927898682E-01    9.9216130985E-02    5.0000000000E-04    3.0010015658E+02
   -1.7143540704E-01    1.0048003074E-01    5.0000000000E-04    3.0003310615E+02
   -8.9277315645E-02    4.7719719400E-02    5.0000000000E-04    3.0360558648E+02
   -9.1481693809E-02    4.8897984077E-02    5.0000000000E-04    3.0347639156E+02
   -9.3686071973E-02    5.0076248753E-02    5.0000000000E-04    3.0335027271E+02
   -9.5890450137E-02    5.1254513430E-02    5.0000000000E-04    3.0322708687E+02
   -9.8094828301E-02    5.2432778106E-02    5.0000000000E-04    3.0310670071E+02
   -1.0029920647E-01    5.3611042783E-02    5.0000000000E-04    3.0298898981E+02
   -1.0250358463E-01    5.4789307459E-02    5.0000000000E-04    3.0287383784E+02
   -1.0470796279E-01    5.5967572136E-02    5.0000000000E-04    3.0276113593E+02
   -1.0691234096E-01    5.7145836812E-02    5.0000000000E-04    3.0265078197E+02
   -1.0911671912E-01    5.8324101489E-02    5.0000000000E-04    3.0254268014E+02
   -1.1132109729E-01    5.9502366166E-02    5.0000000000E-04    3.0243674036E+02
   -1.1352547545E-01    6.0680630842E-02    5.0000000000E-04    3.0233287783E+02
   -1.1572985361E-01    6.1858895519E-02    5.0000000000E-04    3.0223101266E+02
   -1.1793423178E-01    6.3037160195E-02    5.0000000000E-04    3.0213106948E+02
   -1.2013860994E-01    6.4215424872E-02    5.0000000000E-04    3.0203297711E+02
   -1.2234298811E-01    6.5393689548E-02    5.0000000000E-04    3.0193666824E+02
   -1.2454736627E-01    6.6571954225E-02    5.0000000000E-04    3.0184207918E+02
   -1.2675174443E-01    6.7750218901E-02    5.0000000000E-04    3.0174914957E+02
   -1.2895612260E-01    6.8928483578E-02    5.0000000000E-04    3.0165782221E+02
   -1.3116050076E-01    7.0106748254E-02    5.0000000000E-04    3.0156804277E+02
   -1.3336487893E-01    7.1285012931E-02    5.0000000000E-04    3.0147975966E+02
   -1.3556925709E-01    7.2463277608E-02    5.0000000000E-04    3.0139292382E+02
   -1.3777363525E-01    7.3641542284E-02    5.0000000000E-04    3.0130748856E+02
   -1.3997801342E-01    7.4819806961E-02    5.0000000000E-04    3.0122340942E+02
   -1.4218239158E-01    7.5998071637E-02    5.0000000000E-04    3.0114064402E+02
   -1.4438676975E-01    7.7176336314E-02    5.0000000000E-04    3.0105915194E+02
   -1.4659114791E-01    7.8354600990E-02    5.0000000000E-04    3.0097889458E+02
   -1.4879552608E-01    7.9532865667E-02    5.0000000000E-04    3.0089983511E+02
   -1.5099990424E-01    8.0711130343E-02    5.0000000000E-04    3.0082193827E+02
   -1.5320428240E-01    8.1889395020E-02    5.0000000000E-04    3.0074517038E+02
   -1.5540866057E-01    8.3067659696E-02    5.0000000000E-04    3.0066949917E+02
   -1.5761303873E-01    8.4245924373E-02    5.0000000000E-04    3.0059489375E+02
   -1.5981741690E-01    8.5424189050E-02    5.0000000000E-04    3.0052132453E+02
   -1.6202179506E-01    8.6602453726E-02    5.0000000000E-04    3.0044876310E+02
   -1.6422617322E-01    8.7780718403E-02    5.0000000000E-04    3.0037718223E+02
   -1.6643055139E-01    8.8958983079E-02    5.0000000000E-04    3.0030655578E+02
   -1.6863492955E-01    9.0137247756E-02    5.0000000000E-04    3.0023685862E+02
   -1.7083930772E-01    9.1315512432E-02    5.0000000000E-04    3.0016806663E+02
   -1.7304368588E-01    9.2493777109E-02    5.0000000000E-04    3.0010015658E+02
   -1.7524806404E-01    9.3672041785E-02    5.0000000000E-04    3.0003310615E+02
   -9.1081953462E-02    4.4177918262E-02    5.0000000000E-04    3.0360558648E+02
   -9.3330890584E-02    4.5268731059E-02    5.0000000000E-04    3.0347639156E+02
   -9.5579827707E-02    4.6359543855E-02    5.0000000000E-04    3.0335027271E+02
   -9.7828764829E-02    4.7450356652E-02    5.0000000000E-04    3.0322708687E+02
   -1.0007770195E-01    4.8541169449E-02    5.0000000000E-04    3.0310670071E+02
   -1.0232663907E-01    4.9631982245E-02    5.0000000000E-04    3.0298898981E+02
   -1.0457557620E-01    5.0722795042E-02    5.0000000000E-04    3.0287383784E+02
   -1.0682451332E-01    5.1813607838E-02    5.0000000000E-04    3.0276113593E+02
   -1.0907345044E-01    5.2904420635E-02    5.0000000000E-04    3.0265078197E+02
   -1.1132238756E-01    5.3995233432E-02    5.0000000000E-04    3.0254268014E+02
   -1.1357132469E-01    5.5086046228E-02    5.0000000000E-04    3.0243674036E+02
   -1.1582026181E-01    5.6176859025E-02    5.0000000000E-04    3.0233287783E+02
   -1.1806919893E-01    5.7267671821E-02    5.0000000000E-04    3.0223101266E+02
   -1.2031813605E-01    5.8358484618E-02    5.0000000000E-04    3.0213106948E+02
   -1.2256707318E-01    5.9449297414E-02    5.0000000000E-04    3.0203297711E+02
   -1.2481601030E-01    6.0540110211E-02    5.0000000000E-04    3.0193666824E+02
   -1.2706494742E-01    6.1630923008E-02    5.0000000000E-04    3.0184207918E+02
   -1.2931388454E-01    6.2721735804E-02    5.0000000000E-04    3.0174914957E+02
   -1.3156282167E-01    6.3812548601E-02    5.0000000000E-04    3.0165782221E+02
   -1.3381175879E-01    6.4903361397E-02    5.0000000000E-04    3.0156804277E+02
   -1.3606069591E-01    6.5994174194E-02    5.0000000000E-04    3.0147975966E+02
   -1.3830963303E-01    6.7084986991E-02    5.0000000000E-04    3.0139292382E+02
   -1.4055857016E-01    6.8175799787E-02    5.0000000000E-04    3.0130748856E+02
   -1.4280750728E-01    6.9266612584E-02    5.0000000000E-04    3.0122340942E+02
   -1.4505644440E-01    7.0357425380E-02    5.0000000000E-04    3.0114064402E+02
   -1.4730538152E-01    7.1448238177E-02    5.0000000000E-04    3.0105915194E+02
   -1.4955431865E-01    7.2539050974E-02    5.0000000000E-04    3.0097889458E+02
   -1.5180325577E-01    7.3629863770E-02    5.0000000000E-04    3.0089983511E+02
   -1.5405219289E-01    7.4720676567E-02    5.0000000000E-04    3.0082193827E+02
   -1.5630113001E-01    7.5811489363E-02    5.0000000000E-04    3.0074517038E+02
   -1.5855006714E-01    7.6902302160E-02    5.0000000000E-04    3.0066949917E+02
   -1.6079900426E-01    7.7993114957E-02    5.0000000000E-04    3.0059489375E+02
   -1.6304794138E-01    7.9083927753E-02    5.0000000000E-04    3.0052132453E+02
   -1.6529687850E-01    8.0174740550E-02    5.0000000000E-04    3.0044876310E+02
   -1.6754581563E-01    8.1265553346E-02    5.0000000000E-04    3.0037718223E+02
   -1.6979475275E-01    8.2356366143E-02    5.0000000000E-04    3.0030655578E+02
   -1.7204368987E-01    8.3447178940E-02    5.0000000000E-04    3.0023685862E+02
   -1.7429262700E-01    8.4537991736E-02    5.0000000000E-04    3.0016806663E+02
   -1.7654156412E-01    8.5628804533E-02    5.0000000000E-04    3.0010015658E+02
   -1.7879050124E-01    8.6719617329E-02    5.0000000000E-04    3.0003310615E+02
   -9.2746149508E-02    4.0567997976E-02    5.0000000000E-04    3.0360558648E+02
   -9.5036177891E-02    4.1569676939E-02    5.0000000000E-04    3.0347639156E+02
   -9.7326206274E-02    4.2571355901E-02    5.0000000000E-04    3.0335027271E+02
   -9.9616234657E-02    4.3573034863E-02    5.0000000000E-04    3.0322708687E+02
   -1.0190626304E-01    4.4574713826E-02    5.0000000000E-04    3.0310670071E+02
   -1.0419629142E-01    4.5576392788E-02    5.0000000000E-04    3.0298898981E+02
   -1.0648631981E-01    4.6578071751E-02    5.0000000000E-04    3.0287383784E+02
   -1.0877634819E-01    4.7579750713E-02    5.0000000000E-04    3.0276113593E+02
   -1.1106637657E-01    4.8581429675E-02    5.0000000000E-04    3.0265078197E+02
   -1.1335640495E-01    4.9583108638E-02    5.0000000000E-04    3.0254268014E+02
   -1.1564643334E-01    5.0584787600E-02    5.0000000000E-04    3.0243674036E+02
   -1.1793646172E-01    5.1586466562E-02    5.0000000000E-04    3.0233287783E+02
   -1.2022649010E-01    5.2588145525E-02    5.0000000000E-04    3.0223101266E+02
   -1.2251651849E-01    5.3589824487E-02    5.0000000000E-04    3.0213106948E+02
   -1.2480654687E-01    5.4591503450E-02    5.0000000000E-04    3.0203297711E+02
   -1.2709657525E-01    5.5593182412E-02    5.0000000000E-04    3.0193666824E+02
   -1.2938660364E-01    5.6594861374E-02    5.0000000000E-04    3.0184207918E+02
   -1.3167663202E-01    5.7596540337E-02    5.0000000000E-04    3.0174914957E+02
   -1.3396666040E-01    5.8598219299E-02    5.0000000000E-04    3.0165782221E+02
   -1.3625668878E-01    5.9599898261E-02    5.0000000000E-04    3.0156804277E+02
   -1.3854671717E-01    6.0601577224E-02    5.0000000000E-04    3.0147975966E+02
   -1.4083674555E-01    6.1603256186E-02    5.0000000000E-04    3.0139292382E+02
   -1.4312677393E-01    6.2604935149E-02    5.0000000000E-04    3.0130748856E+02
   -1.4541680232E-01    6.3606614111E-02    5.0000000000E-04    3.0122340942E+02
   -1.4770683070E-01    6.4608293073E-02    5.0000000000E-04    3.0114064402E+02
   -1.4999685908E-01    6.5609972036E-02    5.0000000000E-04    3.0105915194E+02
   -1.5228688746E-01    6.6611650998E-02    5.0000000000E-04    3.0097889459E+02
   -1.5457691585E-01    6.7613329961E-02    5.0000000000E-04    3.0089983511E+02
   -1.5686694423E-01    6.8615008923E-02    5.0000000000E-04    3.0082193827E+02
   -1.5915697261E-01    6.9616687885E-02    5.0000000000E-04    3.0074517038E+02
   -1.6144700100E-01    7.0618366848E-02    5.0000000000E-04    3.0066949917E+02
   -1.6373702938E-01    7.1620045810E-02    5.0000000000E-04    3.0059489375E+02
   -1.6602705776E-01    7.2621724772E-02    5.0000000000E-04    3.0052132453E+02
   -1.6831708614E-01    7.3623403735E-02    5.0000000000E-04    3.0044876310E+02
   -1.7060711453E-01    7.4625082697E-02    5.0000000000E-04    3.0037718223E+02
   -1.7289714291E-01    7.5626761660E-02    5.0000000000E-04    3.0030655578E+02
   -1.7518717129E-01    7.6628440622E-02    5.0000000000E-04    3.0023685862E+02
   -1.7747719968E-01    7.7630119584E-02    5.0000000000E-04    3.0016806663E+02
   -1.7976722806E-01    7.8631798547E-02    5.0000000000E-04    3.0010015658E+02
   -1.8205725644E-01    7.9633477509E-02    5.0000000000E-04    3.0003310615E+02
   -9.4267337714E-02    3.6895524778E-02    5.0000000000E-04    3.0360558648E+02
   -9.6594926300E-02    3.7806525390E-02    5.0000000000E-04    3.0347639156E+02
   -9.8922514886E-02    3.8717526002E-02    5.0000000000E-04    3.0335027271E+02
   -1.0125010347E-01    3.9628526613E-02    5.0000000000E-04    3.0322708687E+02
   -1.0357769206E-01    4.0539527225E-02    5.0000000000E-04    3.0310670071E+02
   -1.0590528064E-01    4.1450527837E-02    5.0000000000E-04    3.0298898981E+02
   -1.0823286923E-01    4.2361528449E-02    5.0000000000E-04    3.0287383784E+02
   -1.1056045781E-01    4.3272529061E-02    5.0000000000E-04    3.0276113593E+02
   -1.1288804640E-01    4.4183529672E-02    5.0000000000E-04    3.0265078197E+02
   -1.1521563498E-01    4.5094530284E-02    5.0000000000E-04    3.0254268014E+02
   -1.1754322357E-01    4.6005530896E-02    5.0000000000E-04    3.0243674036E+02
   -1.1987081216E-01    4.6916531508E-02    5.0000000000E-04    3.0233287783E+02
   -1.2219840074E-01    4.7827532120E-02    5.0000000000E-04    3.0223101266E+02
   -1.2452598933E-01    4.8738532731E-02    5.0000000000E-04    3.0213106948E+02
   -1.2685357791E-01    4.9649533343E-02    5.0000000000E-04    3.0203297711E+02
   -1.2918116650E-01    5.0560533955E-02    5.0000000000E-04    3.0193666824E+02
   -1.3150875508E-01    5.1471534567E-02    5.0000000000E-04    3.0184207918E+02
   -1.3383634367E-01    5.2382535179E-02    5.0000000000E-04    3.0174914957E+02
   -1.3616393225E-01    5.3293535790E-02    5.0000000000E-04    3.0165782221E+02
   -1.3849152084E-01    5.4204536402E-02    5.0000000000E-04    3.0156804277E+02
   -1.4081910943E-01    5.5115537014E-02    5.0000000000E-04    3.0147975966E+02
   -1.4314669801E-01    5.6026537626E-02    5.0000000000E-04    3.0139292382E+02
   -1.4547428660E-01    5.6937538238E-02    5.0000000000E-04    3.0130748856E+02
   -1.4780187518E-01    5.7848538850E-02    5.0000000000E-04    3.0122340942E+02
   -1.5012946377E-01    5.8759539461E-02    5.0000000000E-04    3.0114064402E+02
   -1.5245705235E-01    5.9670540073E-02    5.0000000000E-04    3.0105915194E+02
   -1.5478464094E-01    6.0581540685E-02    5.0000000000E-04    3.0097889459E+02
   -1.5711222952E-01    6.1492541297E-02    5.0000000000E-04    3.0089983511E+02
   -1.5943981811E-01    6.2403541909E-02    5.0000000000E-04    3.0082193827E+02
   -1.6176740670E-01    6.3314542520E-02    5.0000000000E-04    3.0074517038E+02
   -1.6409499528E-01    6.4225543132E-02    5.0000000000E-04    3.0066949917E+02
   -1.6642258387E-01    6.5136543744E-02    5.0000000000E-04    3.0059489375E+02
   -1.6875017245E-01    6.6047544356E-02    5.0000000000E-04    3.0052132453E+02
   -1.7107776104E-01    6.6958544968E-02    5.0000000000E-04    3.0044876310E+02
   -1.7340534962E-01    6.7869545579E-02    5.0000000000E-04    3.0037718223E+02
   -1.7573293821E-01    6.8780546191E-02    5.0000000000E-04    3.0030655578E+02
   -1.7806052679E-01    6.9691546803E-02    5.0000000000E-04    3.0023685862E+02
   -1.8038811538E-01    7.0602547415E-02    5.0000000000E-04    3.0016806663E+02
   -1.8271570397E-01    7.1513548027E-02    5.0000000000E-04    3.0010015658E+02
   -1.8504329255E-01    7.2424548638E-02    5.0000000000E-04    3.0003310615E+02
   -9.5643172519E-02    3.3166161355E-02    5.0000000000E-04    3.0360558648E+02
   -9.8004732334E-02    3.3985078919E-02    5.0000000000E-04    3.0347639156E+02
   -1.0036629215E-01    3.4803996483E-02    5.0000000000E-04    3.0335027271E+02
   -1.0272785196E-01    3.5622914048E-02    5.0000000000E-04    3.0322708687E+02
   -1.0508941178E-01    3.6441831612E-02    5.0000000000E-04    3.0310670071E+02
   -1.0745097159E-01    3.7260749176E-02    5.0000000000E-04    3.0298898981E+02
   -1.0981253141E-01    3.8079666741E-02    5.0000000000E-04    3.0287383784E+02
   -1.1217409123E-01    3.8898584305E-02    5.0000000000E-04    3.0276113593E+02
   -1.1453565104E-01    3.9717501869E-02    5.0000000000E-04    3.0265078197E+02
   -1.1689721086E-01    4.0536419434E-02    5.0000000000E-04    3.0254268014E+02
   -1.1925877067E-01    4.1355336998E-02    5.0000000000E-04    3.0243674036E+02
   -1.2162033049E-01    4.2174254562E-02    5.0000000000E-04    3.0233287783E+02
   -1.2398189030E-01    4.2993172127E-02    5.0000000000E-04    3.0223101266E+02
   -1.2634345012E-01    4.3812089691E-02    5.0000000000E-04    3.0213106948E+02
   -1.2870500993E-01    4.4631007255E-02    5.0000000000E-04    3.0203297711E+02
   -1.3106656975E-01    4.5449924820E-02    5.0000000000E-04    3.0193666824E+02
   -1.3342812956E-01    4.6268842384E-02    5.0000000000E-04    3.0184207918E+02
   -1.3578968938E-01    4.7087759948E-02    5.0000000000E-04    3.0174914957E+02
   -1.3815124919E-01    4.7906677512E-02    5.0000000000E-04    3.0165782221E+02
   -1.4051280901E-01    4.8725595077E-02    5.0000000000E-04    3.0156804277E+02
   -1.4287436882E-01    4.9544512641E-02    5.0000000000E-04    3.0147975966E+02
   -1.4523592864E-01    5.0363430205E-02    5.0000000000E-04    3.0139292382E+02
   -1.4759748845E-01    5.1182347770E-02    5.0000000000E-04    3.0130748856E+02
   -1.4995904827E-01    5.2001265334E-02    5.0000000000E-04    3.0122340942E+02
   -1.5232060809E-01    5.2820182898E-02    5.0000000000E-04    3.0114064402E+02
   -1.5468216790E-01    5.3639100463E-02    5.0000000000E-04    3.0105915194E+02
   -1.5704372772E-01    5.4458018027E-02    5.0000000000E-04    3.0097889459E+02
   -1.5940528753E-01    5.5276935591E-02    5.0000000000E-04    3.0089983511E+02
   -1.6176684735E-01    5.6095853156E-02    5.0000000000E-04    3.0082193827E+02
   -1.6412840716E-01    5.6914770720E-02    5.0000000000E-04    3.0074517038E+02
   -1.6648996698E-01    5.7733688284E-02    5.0000000000E-04    3.0066949917E+02
   -1.6885152679E-01    5.8552605849E-02    5.0000000000E-04    3.0059489375E+02
   -1.7121308661E-01    5.9371523413E-02    5.0000000000E-04    3.0052132453E+02
   -1.7357464642E-01    6.0190440977E-02    5.0000000000E-04    3.0044876310E+02
   -1.7593620624E-01    6.1009358542E-02    5.0000000000E-04    3.0037718223E+02
   -1.7829776605E-01    6.1828276106E-02    5.0000000000E-04    3.0030655578E+02
   -1.8065932587E-01    6.2647193670E-02    5.0000000000E-04    3.0023685862E+02
   -1.8302088568E-01    6.3466111234E-02    5.0000000000E-04    3.0016806663E+02
   -1.8538244550E-01    6.4285028799E-02    5.0000000000E-04    3.0010015658E+02
   -1.8774400531E-01    6.5103946363E-02    5.0000000000E-04    3.0003310615E+02
   -9.6871532483E-02    2.9385658115E-02    5.0000000000E-04    3.0360558648E+02
   -9.9263422174E-02    3.0111229920E-02    5.0000000000E-04    3.0347639156E+02
   -1.0165531186E-01    3.0836801725E-02    5.0000000000E-04    3.0335027271E+02
   -1.0404720156E-01    3.1562373531E-02    5.0000000000E-04    3.0322708687E+02
   -1.0643909125E-01    3.2287945336E-02    5.0000000000E-04    3.0310670071E+02
   -1.0883098094E-01    3.3013517141E-02    5.0000000000E-04    3.0298898981E+02
   -1.1122287063E-01    3.3739088946E-02    5.0000000000E-04    3.0287383784E+02
   -1.1361476032E-01    3.4464660752E-02    5.0000000000E-04    3.0276113593E+02
   -1.1600665001E-01    3.5190232557E-02    5.0000000000E-04    3.0265078197E+02
   -1.1839853970E-01    3.5915804362E-02    5.0000000000E-04    3.0254268014E+02
   -1.2079042939E-01    3.6641376168E-02    5.0000000000E-04    3.0243674036E+02
   -1.2318231908E-01    3.7366947973E-02    5.0000000000E-04    3.0233287783E+02
   -1.2557420877E-01    3.8092519778E-02    5.0000000000E-04    3.0223101266E+02
   -1.2796609847E-01    3.8818091584E-02    5.0000000000E-04    3.0213106948E+02
   -1.3035798816E-01    3.9543663389E-02    5.0000000000E-04    3.0203297711E+02
   -1.3274987785E-01    4.0269235194E-02    5.0000000000E-04    3.0193666824E+02
   -1.3514176754E-01    4.0994806999E-02    5.0000000000E-04    3.0184207918E+02
   -1.3753365723E-01    4.1720378805E-02    5.0000000000E-04    3.0174914957E+02
   -1.3992554692E-01    4.2445950610E-02    5.0000000000E-04    3.0165782221E+02
   -1.4231743661E-01    4.3171522415E-02    5.0000000000E-04    3.0156804277E+02
   -1.4470932630E-01    4.3897094221E-02    5.0000000000E-04    3.0147975966E+02
   -1.4710121599E-01    4.4622666026E-02    5.0000000000E-04    3.0139292382E+02
   -1.4949310568E-01    4.5348237831E-02    5.0000000000E-04    3.0130748856E+02
   -1.5188499537E-01    4.6073809637E-02    5.0000000000E-04    3.0122340942E+02
   -1.5427688507E-01    4.6799381442E-02    5.0000000000E-04    3.0114064402E+02
   -1.5666877476E-01    4.7524953247E-02    5.0000000000E-04    3.0105915194E+02
   -1.5906066445E-01    4.8250525052E-02    5.0000000000E-04    3.0097889459E+02
   -1.6145255414E-01    4.8976096858E-02    5.0000000000E-04    3.0089983511E+02
   -1.6384444383E-01    4.9701668663E-02    5.0000000000E-04    3.0082193827E+02
   -1.6623633352E-01    5.0427240468E-02    5.0000000000E-04    3.0074517038E+02
   -1.6862822321E-01    5.1152812274E-02    5.0000000000E-04    3.0066949917E+02
   -1.7102011290E-01    5.1878384079E-02    5.0000000000E-04    3.0059489375E+02
   -1.7341200259E-01    5.2603955884E-02    5.0000000000E-04    3.0052132453E+02
   -1.7580389228E-01    5.3329527690E-02    5.0000000000E-04    3.0044876310E+02
   -1.7819578197E-01    5.4055099495E-02    5.0000000000E-04    3.0037718223E+02
   -1.8058767167E-01    5.4780671300E-02    5.0000000000E-04    3.0030655578E+02
   -1.8297956136E-01    5.5506243105E-02    5.0000000000E-04    3.0023685862E+02
   -1.8537145105E-01    5.6231814911E-02    5.0000000000E-04    3.0016806663E+02
   -1.8776334074E-01    5.6957386716E-02    5.0000000000E-04    3.0010015658E+02
   -1.9015523043E-01    5.7682958521E-02    5.0000000000E-04    3.0003310615E+02
   -9.7950523566E-02    2.5559844320E-02    5.0000000000E-04    3.0360558648E+02
   -1.0036905501E-01    2.6190951587E-02    5.0000000000E-04    3.0347639156E+02
   -1.0278758646E-01    2.6822058854E-02    5.0000000000E-04    3.0335027271E+02
   -1.0520611790E-01    2.7453166121E-02    5.0000000000E-04    3.0322708687E+02
   -1.0762464935E-01    2.8084273388E-02    5.0000000000E-04    3.0310670071E+02
   -1.1004318080E-01    2.8715380655E-02    5.0000000000E-04    3.0298898981E+02
   -1.1246171224E-01    2.9346487923E-02    5.0000000000E-04    3.0287383784E+02
   -1.1488024369E-01    2.9977595190E-02    5.0000000000E-04    3.0276113593E+02
   -1.1729877513E-01    3.0608702457E-02    5.0000000000E-04    3.0265078197E+02
   -1.1971730658E-01    3.1239809724E-02    5.0000000000E-04    3.0254268014E+02
   -1.2213583803E-01    3.1870916991E-02    5.0000000000E-04    3.0243674036E+02
   -1.2455436947E-01    3.2502024258E-02    5.0000000000E-04    3.0233287783E+02
   -1.2697290092E-01    3.3133131525E-02    5.0000000000E-04    3.0223101266E+02
   -1.2939143236E-01    3.3764238793E-02    5.0000000000E-04    3.0213106948E+02
   -1.3180996381E-01    3.4395346060E-02    5.0000000000E-04    3.0203297711E+02
   -1.3422849526E-01    3.5026453327E-02    5.0000000000E-04    3.0193666824E+02
   -1.3664702670E-01    3.5657560594E-02    5.0000000000E-04    3.0184207918E+02
   -1.3906555815E-01    3.6288667861E-02    5.0000000000E-04    3.0174914957E+02
   -1.4148408959E-01    3.6919775128E-02    5.0000000000E-04    3.0165782221E+02
   -1.4390262104E-01    3.7550882395E-02    5.0000000000E-04    3.0156804277E+02
   -1.4632115249E-01    3.8181989663E-02    5.0000000000E-04    3.0147975966E+02
   -1.4873968393E-01    3.8813096930E-02    5.0000000000E-04    3.0139292382E+02
   -1.5115821538E-01    3.9444204197E-02    5.0000000000E-04    3.0130748856E+02
   -1.5357674683E-01    4.0075311464E-02    5.0000000000E-04    3.0122340942E+02
   -1.5599527827E-01    4.0706418731E-02    5.0000000000E-04    3.0114064402E+02
   -1.5841380972E-01    4.1337525998E-02    5.0000000000E-04    3.0105915194E+02
   -1.6083234116E-01    4.1968633266E-02    5.0000000000E-04    3.0097889459E+02
   -1.6325087261E-01    4.2599740533E-02    5.0000000000E-04    3.0089983511E+02
   -1.6566940406E-01    4.3230847800E-02    5.0000000000E-04    3.0082193827E+02
   -1.6808793550E-01    4.3861955067E-02    5.0000000000E-04    3.0074517038E+02
   -1.7050646695E-01    4.4493062334E-02    5.0000000000E-04    3.0066949917E+02
   -1.7292499839E-01    4.5124169601E-02    5.0000000000E-04    3.0059489375E+02
   -1.7534352984E-01    4.5755276868E-02    5.0000000000E-04    3.0052132453E+02
   -1.7776206129E-01    4.6386384136E-02    5.0000000000E-04    3.0044876310E+02
   -1.8018059273E-01    4.7017491403E-02    5.0000000000E-04    3.0037718223E+02
   -1.8259912418E-01    4.7648598670E-02    5.0000000000E-04    3.0030655578E+02
   -1.8501765562E-01    4.8279705937E-02    5.0000000000E-04    3.0023685862E+02
   -1.8743618707E-01    4.8910813204E-02    5.0000000000E-04    3.0016806663E+02
   -1.8985471852E-01    4.9541920471E-02    5.0000000000E-04    3.0010015658E+02
   -1.9227324996E-01    5.0173027739E-02    5.0000000000E-04    3.0003310615E+02
   -9.8878482041E-02    2.1694619097E-02    5.0000000000E-04    3.0360558648E+02
   -1.0131992604E-01    2.2230288705E-02    5.0000000000E-04    3.0347639156E+02
   -1.0376137004E-01    2.2765958312E-02    5.0000000000E-04    3.0335027271E+02
   -1.0620281404E-01    2.3301627919E-02    5.0000000000E-04    3.0322708687E+02
   -1.0864425804E-01    2.3837297527E-02    5.0000000000E-04    3.0310670071E+02
   -1.1108570205E-01    2.4372967134E-02    5.0000000000E-04    3.0298898981E+02
   -1.1352714605E-01    2.4908636741E-02    5.0000000000E-04    3.0287383784E+02
   -1.1596859005E-01    2.5444306349E-02    5.0000000000E-04    3.0276113593E+02
   -1.1841003405E-01    2.5979975956E-02    5.0000000000E-04    3.0265078197E+02
   -1.2085147805E-01    2.6515645563E-02    5.0000000000E-04    3.0254268014E+02
   -1.2329292205E-01    2.7051315171E-02    5.0000000000E-04    3.0243674036E+02
   -1.2573436605E-01    2.7586984778E-02    5.0000000000E-04    3.0233287783E+02
   -1.2817581005E-01    2.8122654385E-02    5.0000000000E-04    3.0223101266E+02
   -1.3061725405E-01    2.8658323993E-02    5.0000000000E-04    3.0213106948E+02
   -1.3305869805E-01    2.9193993600E-02    5.0000000000E-04    3.0203297711E+02
   -1.3550014206E-01    2.9729663207E-02    5.0000000000E-04    3.0193666824E+02
   -1.3794158606E-01    3.0265332815E-02    5.0000000000E-04    3.0184207918E+02
   -1.4038303006E-01    3.0801002422E-02    5.0000000000E-04    3.0174914957E+02
   -1.4282447406E-01    3.1336672029E-02    5.0000000000E-04    3.0165782221E+02
   -1.4526591806E-01    3.1872341637E-02    5.0000000000E-04    3.0156804277E+02
   -1.4770736206E-01    3.2408011244E-02    5.0000000000E-04    3.0147975966E+02
   -1.5014880606E-01    3.2943680851E-02    5.0000000000E-04    3.0139292382E+02
   -1.5259025006E-01    3.3479350459E-02    5.0000000000E-04    3.0130748856E+02
   -1.5503169406E-01    3.4015020066E-02    5.0000000000E-04    3.0122340942E+02
   -1.5747313806E-01    3.4550689673E-02    5.0000000000E-04    3.0114064402E+02
   -1.5991458207E-01    3.5086359281E-02    5.0000000000E-04    3.0105915194E+02
   -1.6235602607E-01    3.5622028888E-02    5.0000000000E-04    3.0097889459E+02
   -1.6479747007E-01    3.6157698495E-02    5.0000000000E-04    3.0089983511E+02
   -1.6723891407E-01    3.6693368103E-02    5.0000000000E-04    3.0082193827E+02
   -1.6968035807E-01    3.7229037710E-02    5.0000000000E-04    3.0074517038E+02
   -1.7212180207E-01    3.7764707317E-02    5.0000000000E-04    3.0066949917E+02
   -1.7456324607E-01    3.8300376925E-02    5.0000000000E-04    3.0059489375E+02
   -1.7700469007E-01    3.8836046532E-02    5.0000000000E-04    3.0052132453E+02
   -1.7944613407E-01    3.9371716139E-02    5.0000000000E-04    3.0044876310E+02
   -1.8188757807E-01    3.9907385747E-02    5.0000000000E-04    3.0037718223E+02
   -1.8432902208E-01    4.0443055354E-02    5.0000000000E-04    3.0030655578E+02
   -1.8677046608E-01    4.0978724962E-02    5.0000000000E-04    3.0023685862E+02
   -1.8921191008E-01    4.1514394569E-02    5.0000000000E-04    3.0016806663E+02
   -1.9165335408E-01    4.2050064176E-02    5.0000000000E-04    3.0010015658E+02
   -1.9409479808E-01    4.2585733784E-02    5.0000000000E-04    3.0003310615E+02
   -9.9653977063E-02    1.7795942345E-02    5.0000000000E-04    3.0360558648E+02
   -1.0211456909E-01    1.8235348329E-02    5.0000000000E-04    3.0347639156E+02
   -1.0457516112E-01    1.8674754312E-02    5.0000000000E-04    3.0335027271E+02
   -1.0703575314E-01    1.9114160296E-02    5.0000000000E-04    3.0322708687E+02
   -1.0949634517E-01    1.9553566280E-02    5.0000000000E-04    3.0310670071E+02
   -1.1195693719E-01    1.9992972264E-02    5.0000000000E-04    3.0298898981E+02
   -1.1441752922E-01    2.0432378248E-02    5.0000000000E-04    3.0287383784E+02
   -1.1687812125E-01    2.0871784231E-02    5.0000000000E-04    3.0276113593E+02
   -1.1933871327E-01    2.1311190215E-02    5.0000000000E-04    3.0265078197E+02
   -1.2179930530E-01    2.1750596199E-02    5.0000000000E-04    3.0254268014E+02
   -1.2425989733E-01    2.2190002183E-02    5.0000000000E-04    3.0243674036E+02
   -1.2672048935E-01    2.2629408167E-02    5.0000000000E-04    3.0233287783E+02
   -1.2918108138E-01    2.3068814151E-02    5.0000000000E-04    3.0223101266E+02
   -1.3164167340E-01    2.3508220134E-02    5.0000000000E-04    3.0213106948E+02
   -1.3410226543E-01    2.3947626118E-02    5.0000000000E-04    3.0203297711E+02
   -1.3656285746E-01    2.4387032102E-02    5.0000000000E-04    3.0193666824E+02
   -1.3902344948E-01    2.4826438086E-02    5.0000000000E-04    3.0184207918E+02
   -1.4148404151E-01    2.5265844070E-02    5.0000000000E-04    3.0174914957E+02
   -1.4394463354E-01    2.5705250053E-02    5.0000000000E-04    3.0165782221E+02
   -1.4640522556E-01    2.6144656037E-02    5.0000000000E-04    3.0156804277E+02
   -1.4886581759E-01    2.6584062021E-02    5.0000000000E-04    3.0147975966E+02
   -1.5132640961E-01    2.7023468005E-02    5.0000000000E-04    3.0139292382E+02
   -1.5378700164E-01    2.7462873989E-02    5.0000000000E-04    3.0130748856E+02
   -1.5624759367E-01    2.7902279973E-02    5.0000000000E-04    3.0122340942E+02
   -1.5870818569E-01    2.8341685956E-02    5.0000000000E-04    3.0114064402E+02
   -1.6116877772E-01    2.8781091940E-02    5.0000000000E-04    3.0105915194E+02
   -1.6362936975E-01    2.9220497924E-02    5.0000000000E-04    3.0097889459E+02
   -1.6608996177E-01    2.9659903908E-02    5.0000000000E-04    3.0089983511E+02
   -1.6855055380E-01    3.0099309892E-02    5.0000000000E-04    3.0082193827E+02
   -1.7101114582E-01    3.0538715876E-02    5.0000000000E-04    3.0074517038E+02
   -1.7347173785E-01    3.0978121859E-02    5.0000000000E-04    3.0066949917E+02
   -1.7593232988E-01    3.1417527843E-02    5.0000000000E-04    3.0059489375E+02
   -1.7839292190E-01    3.1856933827E-02    5.0000000000E-04    3.0052132453E+02
   -1.8085351393E-01    3.2296339811E-02    5.0000000000E-04    3.0044876310E+02
   -1.8331410596E-01    3.2735745795E-02    5.0000000000E-04    3.0037718223E+02
   -1.8577469798E-01    3.3175151778E-02    5.0000000000E-04    3.0030655578E+02
   -1.8823529001E-01    3.3614557762E-02    5.0000000000E-04    3.0023685862E+02
   -1.9069588203E-01    3.4053963746E-02    5.0000000000E-04    3.0016806663E+02
   -1.9315647406E-01    3.4493369730E-02    5.0000000000E-04    3.0010015658E+02
   -1.9561706609E-01    3.4932775714E-02    5.0000000000E-04    3.0003310615E+02
   -1.0027581288E-01    1.3869825539E-02    5.0000000000E-04    3.0360558648E+02
   -1.0275175887E-01    1.4212290367E-02    5.0000000000E-04    3.0347639156E+02
   -1.0522770487E-01    1.4554755195E-02    5.0000000000E-04    3.0335027271E+02
   -1.0770365087E-01    1.4897220023E-02    5.0000000000E-04    3.0322708687E+02
   -1.1017959686E-01    1.5239684851E-02    5.0000000000E-04    3.0310670071E+02
   -1.1265554286E-01    1.5582149680E-02    5.0000000000E-04    3.0298898981E+02
   -1.1513148886E-01    1.5924614508E-02    5.0000000000E-04    3.0287383784E+02
   -1.1760743485E-01    1.6267079336E-02    5.0000000000E-04    3.0276113593E+02
   -1.2008338085E-01    1.6609544164E-02    5.0000000000E-04    3.0265078197E+02
   -1.2255932685E-01    1.6952008992E-02    5.0000000000E-04    3.0254268014E+02
   -1.2503527285E-01    1.7294473820E-02    5.0000000000E-04    3.0243674036E+02
   -1.2751121884E-01    1.7636938648E-02    5.0000000000E-04    3.0233287783E+02
   -1.2998716484E-01    1.7979403476E-02    5.0000000000E-04    3.0223101266E+02
   -1.3246311084E-01    1.8321868305E-02    5.0000000000E-04    3.0213106948E+02
   -1.3493905683E-01    1.8664333133E-02    5.0000000000E-04    3.0203297711E+02
   -1.3741500283E-01    1.9006797961E-02    5.0000000000E-04    3.0193666824E+02
   -1.3989094883E-01    1.9349262789E-02    5.0000000000E-04    3.0184207918E+02
   -1.4236689482E-01    1.9691727617E-02    5.0000000000E-04    3.0174914957E+02
   -1.4484284082E-01    2.0034192445E-02    5.0000000000E-04    3.0165782221E+02
   -1.4731878682E-01    2.0376657273E-02    5.0000000000E-04    3.0156804277E+02
   -1.4979473281E-01    2.0719122101E-02    5.0000000000E-04    3.0147975966E+02
   -1.5227067881E-01    2.1061586930E-02    5.0000000000E-04    3.0139292382E+02
   -1.5474662481E-01    2.1404051758E-02    5.0000000000E-04    3.0130748856E+02
   -1.5722257081E-01    2.1746516586E-02    5.0000000000E-04    3.0122340942E+02
   -1.5969851680E-01    2.2088981414E-02    5.0000000000E-04    3.0114064402E+02
   -1.6217446280E-01    2.2431446242E-02    5.0000000000E-04    3.0105915194E+02
   -1.6465040880E-01    2.2773911070E-02    5.0000000000E-04    3.0097889459E+02
   -1.6712635479E-01    2.3116375898E-02    5.0000000000E-04    3.0089983511E+02
   -1.6960230079E-01    2.3458840726E-02    5.0000000000E-04    3.0082193827E+02
   -1.7207824679E-01    2.3801305555E-02    5.0000000000E-04    3.0074517038E+02
   -1.7455419278E-01    2.4143770383E-02    5.0000000000E-04    3.0066949917E+02
   -1.7703013878E-01    2.4486235211E-02    5.0000000000E-04    3.0059489375E+02
   -1.7950608478E-01    2.4828700039E-02    5.0000000000E-04    3.0052132453E+02
   -1.8198203077E-01    2.5171164867E-02    5.0000000000E-04    3.0044876310E+02
   -1.8445797677E-01    2.5513629695E-02    5.0000000000E-04    3.0037718223E+02
   -1.8693392277E-01    2.5856094523E-02    5.0000000000E-04    3.0030655578E+02
   -1.8940986877E-01    2.6198559351E-02    5.0000000000E-04    3.0023685862E+02
   -1.9188581476E-01    2.6541024180E-02    5.0000000000E-04    3.0016806663E+02
   -1.9436176076E-01    2.6883489008E-02    5.0000000000E-04    3.0010015658E+02
   -1.9683770676E-01    2.7225953836E-02    5.0000000000E-04    3.0003310615E+02
   -1.0074303065E-01    9.9223224675E-03    5.0000000000E-04    3.0360558648E+02
   -1.0323051289E-01    1.0167318084E-02    5.0000000000E-04    3.0347639156E+02
   -1.0571799513E-01    1.0412313700E-02    5.0000000000E-04    3.0335027271E+02
   -1.0820547737E-01    1.0657309317E-02    5.0000000000E-04    3.0322708687E+02
   -1.1069295961E-01    1.0902304933E-02    5.0000000000E-04    3.0310670071E+02
   -1.1318044185E-01    1.1147300550E-02    5.0000000000E-04    3.0298898981E+02
   -1.1566792408E-01    1.1392296166E-02    5.0000000000E-04    3.0287383784E+02
   -1.1815540632E-01    1.1637291783E-02    5.0000000000E-04    3.0276113593E+02
   -1.2064288856E-01    1.1882287399E-02    5.0000000000E-04    3.0265078197E+02
   -1.2313037080E-01    1.2127283016E-02    5.0000000000E-04    3.0254268014E+02
   -1.2561785304E-01    1.2372278632E-02    5.0000000000E-04    3.0243674036E+02
   -1.2810533528E-01    1.2617274249E-02    5.0000000000E-04    3.0233287783E+02
   -1.3059281751E-01    1.2862269865E-02    5.0000000000E-04    3.0223101266E+02
   -1.3308029975E-01    1.3107265482E-02    5.0000000000E-04    3.0213106948E+02
   -1.3556778199E-01    1.3352261098E-02    5.0000000000E-04    3.0203297711E+02
   -1.3805526423E-01    1.3597256715E-02    5.0000000000E-04    3.0193666824E+02
   -1.4054274647E-01    1.3842252331E-02    5.0000000000E-04    3.0184207918E+02
   -1.4303022871E-01    1.4087247948E-02    5.0000000000E-04    3.0174914957E+02
   -1.4551771094E-01    1.4332243564E-02    5.0000000000E-04    3.0165782221E+02
   -1.4800519318E-01    1.4577239181E-02    5.0000000000E-04    3.0156804277E+02
   -1.5049267542E-01    1.4822234797E-02    5.0000000000E-04    3.0147975966E+02
   -1.5298015766E-01    1.5067230414E-02    5.0000000000E-04    3.0139292382E+02
   -1.5546763990E-01    1.5312226030E-02    5.0000000000E-04    3.0130748856E+02
   -1.5795512214E-01    1.5557221647E-02    5.0000000000E-04    3.0122340942E+02
   -1.6044260437E-01    1.5802217263E-02    5.0000000000E-04    3.0114064402E+02
   -1.6293008661E-01    1.6047212880E-02    5.0000000000E-04    3.0105915194E+02
   -1.6541756885E-01    1.6292208496E-02    5.0000000000E-04    3.0097889459E+02
   -1.6790505109E-01    1.6537204113E-02    5.0000000000E-04    3.0089983511E+02
   -1.7039253333E-01    1.6782199729E-02    5.0000000000E-04    3.0082193827E+02
   -1.7288001557E-01    1.7027195346E-02    5.0000000000E-04    3.0074517038E+02
   -1.7536749780E-01    1.7272190962E-02    5.0000000000E-04    3.0066949917E+02
   -1.7785498004E-01    1.7517186578E-02    5.0000000000E-04    3.0059489375E+02
   -1.8034246228E-01    1.7762182195E-02    5.0000000000E-04    3.0052132453E+02
   -1.8282994452E-01    1.8007177811E-02    5.0000000000E-04    3.0044876310E+02
   -1.8531742676E-01    1.8252173428E-02    5.0000000000E-04    3.0037718223E+02
   -1.8780490900E-01    1.8497169044E-02    5.0000000000E-04    3.0030655578E+02
   -1.9029239123E-01    1.8742164661E-02    5.0000000000E-04    3.0023685862E+02
   -1.9277987347E-01    1.8987160277E-02    5.0000000000E-04    3.0016806663E+02
   -1.9526735571E-01    1.9232155894E-02    5.0000000000E-04    3.0010015658E+02
   -1.9775483795E-01    1.9477151510E-02    5.0000000000E-04    3.0003310615E+02
   -1.0105490998E-01    5.9595198940E-03    5.0000000000E-04    3.0360558648E+02
   -1.0355009294E-01    6.1066685334E-03    5.0000000000E-04    3.0347639156E+02
   -1.0604527590E-01    6.2538171727E-03    5.0000000000E-04    3.0335027271E+02
   -1.0854045887E-01    6.4009658121E-03    5.0000000000E-04    3.0322708687E+02
   -1.1103564183E-01    6.5481144515E-03    5.0000000000E-04    3.0310670071E+02
   -1.1353082479E-01    6.6952630908E-03    5.0000000000E-04    3.0298898981E+02
   -1.1602600775E-01    6.8424117302E-03    5.0000000000E-04    3.0287383784E+02
   -1.1852119072E-01    6.9895603695E-03    5.0000000000E-04    3.0276113593E+02
   -1.2101637368E-01    7.1367090089E-03    5.0000000000E-04    3.0265078197E+02
   -1.2351155664E-01    7.2838576483E-03    5.0000000000E-04    3.0254268014E+02
   -1.2600673960E-01    7.4310062876E-03    5.0000000000E-04    3.0243674036E+02
   -1.2850192257E-01    7.5781549270E-03    5.0000000000E-04    3.0233287783E+02
   -1.3099710553E-01    7.7253035663E-03    5.0000000000E-04    3.0223101266E+02
   -1.3349228849E-01    7.8724522057E-03    5.0000000000E-04    3.0213106948E+02
   -1.3598747145E-01    8.0196008450E-03    5.0000000000E-04    3.0203297711E+02
   -1.3848265442E-01    8.1667494844E-03    5.0000000000E-04    3.0193666824E+02
   -1.4097783738E-01    8.3138981238E-03    5.0000000000E-04    3.0184207918E+02
   -1.4347302034E-01    8.4610467631E-03    5.0000000000E-04    3.0174914957E+02
   -1.4596820330E-01    8.6081954025E-03    5.0000000000E-04    3.0165782221E+02
   -1.4846338627E-01    8.7553440418E-03    5.0000000000E-04    3.0156804277E+02
   -1.5095856923E-01    8.9024926812E-03    5.0000000000E-04    3.0147975966E+02
   -1.5345375219E-01    9.0496413206E-03    5.0000000000E-04    3.0139292382E+02
   -1.5594893515E-01    9.1967899599E-03    5.0000000000E-04    3.0130748856E+02
   -1.5844411812E-01    9.3439385993E-03    5.0000000000E-04    3.0122340942E+02
   -1.6093930108E-01    9.4910872386E-03    5.0000000000E-04    3.0114064402E+02
   -1.6343448404E-01    9.6382358780E-03    5.0000000000E-04    3.0105915194E+02
   -1.6592966700E-01    9.7853845173E-03    5.0000000000E-04    3.0097889459E+02
   -1.6842484997E-01    9.9325331567E-03    5.0000000000E-04    3.0089983511E+02
   -1.7092003293E-01    1.0079681796E-02    5.0000000000E-04    3.0082193827E+02
   -1.7341521589E-01    1.0226830435E-02    5.0000000000E-04    3.0074517038E+02
   -1.7591039885E-01    1.0373979075E-02    5.0000000000E-04    3.0066949917E+02
   -1.7840558182E-01    1.0521127714E-02    5.0000000000E-04    3.0059489375E+02
   -1.8090076478E-01    1.0668276354E-02    5.0000000000E-04    3.0052132453E+02
   -1.8339594774E-01    1.0815424993E-02    5.0000000000E-04    3.0044876310E+02
   -1.8589113070E-01    1.0962573632E-02    5.0000000000E-04    3.0037718223E+02
   -1.8838631367E-01    1.1109722272E-02    5.0000000000E-04    3.0030655578E+02
   -1.9088149663E-01    1.1256870911E-02    5.0000000000E-04    3.0023685862E+02
   -1.9337667959E-01    1.1404019550E-02    5.0000000000E-04    3.0016806663E+02
   -1.9587186255E-01    1.1551168190E-02    5.0000000000E-04    3.0010015658E+02
   -1.9836704552E-01    1.1698316829E-02    5.0000000000E-04    3.0003310615E+02
   -1.0121096996E-01    1.9875281728E-03    5.0000000000E-04    3.0360558648E+02
   -1.0371000625E-01    2.0366029425E-03    5.0000000000E-04    3.0347639156E+02
   -1.0620904255E-01    2.0856777122E-03    5.0000000000E-04    3.0335027271E+02
   -1.0870807885E-01    2.1347524819E-03    5.0000000000E-04    3.0322708687E+02
   -1.1120711514E-01    2.1838272516E-03    5.0000000000E-04    3.0310670071E+02
   -1.1370615144E-01    2.2329020213E-03    5.0000000000E-04    3.0298898981E+02
   -1.1620518773E-01    2.2819767910E-03    5.0000000000E-04    3.0287383784E+02
   -1.1870422403E-01    2.3310515607E-03    5.0000000000E-04    3.0276113593E+02
   -1.2120326032E-01    2.3801263304E-03    5.0000000000E-04    3.0265078197E+02
   -1.2370229662E-01    2.4292011001E-03    5.0000000000E-04    3.0254268014E+02
   -1.2620133291E-01    2.4782758698E-03    5.0000000000E-04    3.0243674036E+02
   -1.2870036921E-01    2.5273506395E-03    5.0000000000E-04    3.0233287783E+02
   -1.3119940550E-01    2.5764254092E-03    5.0000000000E-04    3.0223101266E+02
   -1.3369844180E-01    2.6255001789E-03    5.0000000000E-04    3.0213106948E+02
   -1.3619747809E-01    2.6745749486E-03    5.0000000000E-04    3.0203297711E+02
   -1.3869651439E-01    2.7236497183E-03    5.0000000000E-04    3.0193666824E+02
   -1.4119555068E-01    2.7727244880E-03    5.0000000000E-04    3.0184207918E+02
   -1.4369458698E-01    2.8217992577E-03    5.0000000000E-04    3.0174914957E+02
   -1.4619362328E-01    2.8708740274E-03    5.0000000000E-04    3.0165782221E+02
   -1.4869265957E-01    2.9199487971E-03    5.0000000000E-04    3.0156804277E+02
   -1.5119169587E-01    2.9690235668E-03    5.0000000000E-04    3.0147975966E+02
   -1.5369073216E-01    3.0180983365E-03    5.0000000000E-04    3.0139292382E+02
   -1.5618976846E-01    3.0671731062E-03    5.0000000000E-04    3.0130748856E+02
   -1.5868880475E-01    3.1162478759E-03    5.0000000000E-04    3.0122340942E+02
   -1.6118784105E-01    3.1653226456E-03    5.0000000000E-04    3.0114064402E+02
   -1.6368687734E-01    3.2143974153E-03    5.0000000000E-04    3.0105915194E+02
   -1.6618591364E-01    3.2634721850E-03    5.0000000000E-04    3.0097889459E+02
   -1.6868494993E-01    3.3125469547E-03    5.0000000000E-04    3.0089983511E+02
   -1.7118398623E-01    3.3616217244E-03    5.0000000000E-04    3.0082193827E+02
   -1.7368302252E-01    3.4106964941E-03    5.0000000000E-04    3.0074517038E+02
   -1.7618205882E-01    3.4597712638E-03    5.0000000000E-04    3.0066949917E+02
   -1.7868109511E-01    3.5088460335E-03    5.0000000000E-04    3.0059489375E+02
   -1.8118013141E-01    3.5579208032E-03    5.0000000000E-04    3.0052132453E+02
   -1.8367916770E-01    3.6069955729E-03    5.0000000000E-04    3.0044876310E+02
   -1.8617820400E-01    3.6560703426E-03    5.0000000000E-04    3.0037718223E+02
   -1.8867724030E-01    3.7051451123E-03    5.0000000000E-04    3.0030655578E+02
   -1.9117627659E-01    3.7542198820E-03    5.0000000000E-04    3.0023685862E+02
   -1.9367531289E-01    3.8032946517E-03    5.0000000000E-04    3.0016806663E+02
   -1.9617434918E-01    3.8523694214E-03    5.0000000000E-04    3.0010015658E+02
   -1.9867338548E-01    3.9014441911E-03    5.0000000000E-04    3.0003310615E+02
