# vtk DataFile Version 3.0
OpenCFD-EC output
ASCII
DATASET STRUCTURED_GRID
DIMENSIONS    401     2     2
POINTS         1604 double
    0.000000000000000E+00    0.000000000000000E+00    0.000000000000000E+00
    2.500000000000000E-05    0.000000000000000E+00    0.000000000000000E+00
    5.000000000000000E-05    0.000000000000000E+00    0.000000000000000E+00
    7.500000000000001E-05    0.000000000000000E+00    0.000000000000000E+00
    1.000000000000000E-04    0.000000000000000E+00    0.000000000000000E+00
    1.250000000000000E-04    0.000000000000000E+00    0.000000000000000E+00
    1.500000000000000E-04    0.000000000000000E+00    0.000000000000000E+00
    1.750000000000000E-04    0.000000000000000E+00    0.000000000000000E+00
    2.000000000000000E-04    0.000000000000000E+00    0.000000000000000E+00
    2.250000000000000E-04    0.000000000000000E+00    0.000000000000000E+00
    2.500000000000000E-04    0.000000000000000E+00    0.000000000000000E+00
    2.750000000000000E-04    0.000000000000000E+00    0.000000000000000E+00
    3.000000000000000E-04    0.000000000000000E+00    0.000000000000000E+00
    3.250000000000000E-04    0.000000000000000E+00    0.000000000000000E+00
    3.500000000000000E-04    0.000000000000000E+00    0.000000000000000E+00
    3.750000000000000E-04    0.000000000000000E+00    0.000000000000000E+00
    4.000000000000000E-04    0.000000000000000E+00    0.000000000000000E+00
    4.250000000000000E-04    0.000000000000000E+00    0.000000000000000E+00
    4.500000000000000E-04    0.000000000000000E+00    0.000000000000000E+00
    4.750000000000000E-04    0.000000000000000E+00    0.000000000000000E+00
    5.000000000000000E-04    0.000000000000000E+00    0.000000000000000E+00
    5.250000000000001E-04    0.000000000000000E+00    0.000000000000000E+00
    5.500000000000000E-04    0.000000000000000E+00    0.000000000000000E+00
    5.750000000000000E-04    0.000000000000000E+00    0.000000000000000E+00
    6.000000000000001E-04    0.000000000000000E+00    0.000000000000000E+00
    6.250000000000000E-04    0.000000000000000E+00    0.000000000000000E+00
    6.500000000000001E-04    0.000000000000000E+00    0.000000000000000E+00
    6.750000000000000E-04    0.000000000000000E+00    0.000000000000000E+00
    7.000000000000000E-04    0.000000000000000E+00    0.000000000000000E+00
    7.250000000000001E-04    0.000000000000000E+00    0.000000000000000E+00
    7.500000000000000E-04    0.000000000000000E+00    0.000000000000000E+00
    7.750000000000001E-04    0.000000000000000E+00    0.000000000000000E+00
    8.000000000000000E-04    0.000000000000000E+00    0.000000000000000E+00
    8.250000000000000E-04    0.000000000000000E+00    0.000000000000000E+00
    8.500000000000001E-04    0.000000000000000E+00    0.000000000000000E+00
    8.750000000000000E-04    0.000000000000000E+00    0.000000000000000E+00
    9.000000000000001E-04    0.000000000000000E+00    0.000000000000000E+00
    9.250000000000000E-04    0.000000000000000E+00    0.000000000000000E+00
    9.500000000000000E-04    0.000000000000000E+00    0.000000000000000E+00
    9.750000000000001E-04    0.000000000000000E+00    0.000000000000000E+00
    1.000000000000000E-03    0.000000000000000E+00    0.000000000000000E+00
    1.025000000000000E-03    0.000000000000000E+00    0.000000000000000E+00
    1.050000000000000E-03    0.000000000000000E+00    0.000000000000000E+00
    1.075000000000000E-03    0.000000000000000E+00    0.000000000000000E+00
    1.100000000000000E-03    0.000000000000000E+00    0.000000000000000E+00
    1.125000000000000E-03    0.000000000000000E+00    0.000000000000000E+00
    1.150000000000000E-03    0.000000000000000E+00    0.000000000000000E+00
    1.175000000000000E-03    0.000000000000000E+00    0.000000000000000E+00
    1.200000000000000E-03    0.000000000000000E+00    0.000000000000000E+00
    1.225000000000000E-03    0.000000000000000E+00    0.000000000000000E+00
    1.250000000000000E-03    0.000000000000000E+00    0.000000000000000E+00
    1.275000000000000E-03    0.000000000000000E+00    0.000000000000000E+00
    1.300000000000000E-03    0.000000000000000E+00    0.000000000000000E+00
    1.325000000000000E-03    0.000000000000000E+00    0.000000000000000E+00
    1.350000000000000E-03    0.000000000000000E+00    0.000000000000000E+00
    1.375000000000000E-03    0.000000000000000E+00    0.000000000000000E+00
    1.400000000000000E-03    0.000000000000000E+00    0.000000000000000E+00
    1.425000000000000E-03    0.000000000000000E+00    0.000000000000000E+00
    1.450000000000000E-03    0.000000000000000E+00    0.000000000000000E+00
    1.475000000000000E-03    0.000000000000000E+00    0.000000000000000E+00
    1.500000000000000E-03    0.000000000000000E+00    0.000000000000000E+00
    1.525000000000000E-03    0.000000000000000E+00    0.000000000000000E+00
    1.550000000000000E-03    0.000000000000000E+00    0.000000000000000E+00
    1.575000000000000E-03    0.000000000000000E+00    0.000000000000000E+00
    1.600000000000000E-03    0.000000000000000E+00    0.000000000000000E+00
    1.625000000000000E-03    0.000000000000000E+00    0.000000000000000E+00
    1.650000000000000E-03    0.000000000000000E+00    0.000000000000000E+00
    1.675000000000000E-03    0.000000000000000E+00    0.000000000000000E+00
    1.700000000000000E-03    0.000000000000000E+00    0.000000000000000E+00
    1.725000000000000E-03    0.000000000000000E+00    0.000000000000000E+00
    1.750000000000000E-03    0.000000000000000E+00    0.000000000000000E+00
    1.775000000000000E-03    0.000000000000000E+00    0.000000000000000E+00
    1.800000000000000E-03    0.000000000000000E+00    0.000000000000000E+00
    1.825000000000000E-03    0.000000000000000E+00    0.000000000000000E+00
    1.850000000000000E-03    0.000000000000000E+00    0.000000000000000E+00
    1.875000000000000E-03    0.000000000000000E+00    0.000000000000000E+00
    1.900000000000000E-03    0.000000000000000E+00    0.000000000000000E+00
    1.925000000000000E-03    0.000000000000000E+00    0.000000000000000E+00
    1.950000000000000E-03    0.000000000000000E+00    0.000000000000000E+00
    1.975000000000000E-03    0.000000000000000E+00    0.000000000000000E+00
    2.000000000000000E-03    0.000000000000000E+00    0.000000000000000E+00
    2.025000000000000E-03    0.000000000000000E+00    0.000000000000000E+00
    2.050000000000000E-03    0.000000000000000E+00    0.000000000000000E+00
    2.075000000000000E-03    0.000000000000000E+00    0.000000000000000E+00
    2.100000000000000E-03    0.000000000000000E+00    0.000000000000000E+00
    2.125000000000000E-03    0.000000000000000E+00    0.000000000000000E+00
    2.150000000000000E-03    0.000000000000000E+00    0.000000000000000E+00
    2.175000000000000E-03    0.000000000000000E+00    0.000000000000000E+00
    2.200000000000000E-03    0.000000000000000E+00    0.000000000000000E+00
    2.225000000000000E-03    0.000000000000000E+00    0.000000000000000E+00
    2.250000000000000E-03    0.000000000000000E+00    0.000000000000000E+00
    2.275000000000000E-03    0.000000000000000E+00    0.000000000000000E+00
    2.300000000000000E-03    0.000000000000000E+00    0.000000000000000E+00
    2.325000000000000E-03    0.000000000000000E+00    0.000000000000000E+00
    2.350000000000000E-03    0.000000000000000E+00    0.000000000000000E+00
    2.375000000000000E-03    0.000000000000000E+00    0.000000000000000E+00
    2.400000000000000E-03    0.000000000000000E+00    0.000000000000000E+00
    2.425000000000000E-03    0.000000000000000E+00    0.000000000000000E+00
    2.450000000000000E-03    0.000000000000000E+00    0.000000000000000E+00
    2.475000000000000E-03    0.000000000000000E+00    0.000000000000000E+00
    2.500000000000000E-03    0.000000000000000E+00    0.000000000000000E+00
    2.525000000000000E-03    0.000000000000000E+00    0.000000000000000E+00
    2.550000000000000E-03    0.000000000000000E+00    0.000000000000000E+00
    2.575000000000000E-03    0.000000000000000E+00    0.000000000000000E+00
    2.600000000000000E-03    0.000000000000000E+00    0.000000000000000E+00
    2.625000000000000E-03    0.000000000000000E+00    0.000000000000000E+00
    2.650000000000000E-03    0.000000000000000E+00    0.000000000000000E+00
    2.675000000000000E-03    0.000000000000000E+00    0.000000000000000E+00
    2.700000000000000E-03    0.000000000000000E+00    0.000000000000000E+00
    2.725000000000000E-03    0.000000000000000E+00    0.000000000000000E+00
    2.750000000000000E-03    0.000000000000000E+00    0.000000000000000E+00
    2.775000000000000E-03    0.000000000000000E+00    0.000000000000000E+00
    2.800000000000000E-03    0.000000000000000E+00    0.000000000000000E+00
    2.825000000000000E-03    0.000000000000000E+00    0.000000000000000E+00
    2.850000000000000E-03    0.000000000000000E+00    0.000000000000000E+00
    2.875000000000000E-03    0.000000000000000E+00    0.000000000000000E+00
    2.900000000000000E-03    0.000000000000000E+00    0.000000000000000E+00
    2.925000000000000E-03    0.000000000000000E+00    0.000000000000000E+00
    2.950000000000000E-03    0.000000000000000E+00    0.000000000000000E+00
    2.975000000000000E-03    0.000000000000000E+00    0.000000000000000E+00
    3.000000000000000E-03    0.000000000000000E+00    0.000000000000000E+00
    3.025000000000000E-03    0.000000000000000E+00    0.000000000000000E+00
    3.050000000000000E-03    0.000000000000000E+00    0.000000000000000E+00
    3.075000000000000E-03    0.000000000000000E+00    0.000000000000000E+00
    3.100000000000000E-03    0.000000000000000E+00    0.000000000000000E+00
    3.125000000000000E-03    0.000000000000000E+00    0.000000000000000E+00
    3.150000000000000E-03    0.000000000000000E+00    0.000000000000000E+00
    3.175000000000000E-03    0.000000000000000E+00    0.000000000000000E+00
    3.200000000000000E-03    0.000000000000000E+00    0.000000000000000E+00
    3.225000000000000E-03    0.000000000000000E+00    0.000000000000000E+00
    3.250000000000000E-03    0.000000000000000E+00    0.000000000000000E+00
    3.275000000000000E-03    0.000000000000000E+00    0.000000000000000E+00
    3.300000000000000E-03    0.000000000000000E+00    0.000000000000000E+00
    3.325000000000000E-03    0.000000000000000E+00    0.000000000000000E+00
    3.350000000000000E-03    0.000000000000000E+00    0.000000000000000E+00
    3.375000000000000E-03    0.000000000000000E+00    0.000000000000000E+00
    3.400000000000000E-03    0.000000000000000E+00    0.000000000000000E+00
    3.425000000000000E-03    0.000000000000000E+00    0.000000000000000E+00
    3.450000000000000E-03    0.000000000000000E+00    0.000000000000000E+00
    3.475000000000000E-03    0.000000000000000E+00    0.000000000000000E+00
    3.500000000000000E-03    0.000000000000000E+00    0.000000000000000E+00
    3.525000000000000E-03    0.000000000000000E+00    0.000000000000000E+00
    3.550000000000000E-03    0.000000000000000E+00    0.000000000000000E+00
    3.575000000000000E-03    0.000000000000000E+00    0.000000000000000E+00
    3.600000000000000E-03    0.000000000000000E+00    0.000000000000000E+00
    3.625000000000000E-03    0.000000000000000E+00    0.000000000000000E+00
    3.650000000000000E-03    0.000000000000000E+00    0.000000000000000E+00
    3.675000000000000E-03    0.000000000000000E+00    0.000000000000000E+00
    3.700000000000000E-03    0.000000000000000E+00    0.000000000000000E+00
    3.725000000000000E-03    0.000000000000000E+00    0.000000000000000E+00
    3.750000000000000E-03    0.000000000000000E+00    0.000000000000000E+00
    3.775000000000000E-03    0.000000000000000E+00    0.000000000000000E+00
    3.800000000000000E-03    0.000000000000000E+00    0.000000000000000E+00
    3.825000000000000E-03    0.000000000000000E+00    0.000000000000000E+00
    3.850000000000000E-03    0.000000000000000E+00    0.000000000000000E+00
    3.875000000000000E-03    0.000000000000000E+00    0.000000000000000E+00
    3.900000000000000E-03    0.000000000000000E+00    0.000000000000000E+00
    3.925000000000001E-03    0.000000000000000E+00    0.000000000000000E+00
    3.950000000000000E-03    0.000000000000000E+00    0.000000000000000E+00
    3.975000000000000E-03    0.000000000000000E+00    0.000000000000000E+00
    4.000000000000000E-03    0.000000000000000E+00    0.000000000000000E+00
    4.025000000000000E-03    0.000000000000000E+00    0.000000000000000E+00
    4.050000000000000E-03    0.000000000000000E+00    0.000000000000000E+00
    4.075000000000000E-03    0.000000000000000E+00    0.000000000000000E+00
    4.100000000000000E-03    0.000000000000000E+00    0.000000000000000E+00
    4.125000000000000E-03    0.000000000000000E+00    0.000000000000000E+00
    4.150000000000000E-03    0.000000000000000E+00    0.000000000000000E+00
    4.175000000000000E-03    0.000000000000000E+00    0.000000000000000E+00
    4.200000000000001E-03    0.000000000000000E+00    0.000000000000000E+00
    4.225000000000000E-03    0.000000000000000E+00    0.000000000000000E+00
    4.250000000000000E-03    0.000000000000000E+00    0.000000000000000E+00
    4.275000000000000E-03    0.000000000000000E+00    0.000000000000000E+00
    4.300000000000000E-03    0.000000000000000E+00    0.000000000000000E+00
    4.325000000000000E-03    0.000000000000000E+00    0.000000000000000E+00
    4.350000000000001E-03    0.000000000000000E+00    0.000000000000000E+00
    4.375000000000000E-03    0.000000000000000E+00    0.000000000000000E+00
    4.400000000000000E-03    0.000000000000000E+00    0.000000000000000E+00
    4.425000000000000E-03    0.000000000000000E+00    0.000000000000000E+00
    4.450000000000000E-03    0.000000000000000E+00    0.000000000000000E+00
    4.475000000000000E-03    0.000000000000000E+00    0.000000000000000E+00
    4.500000000000001E-03    0.000000000000000E+00    0.000000000000000E+00
    4.525000000000000E-03    0.000000000000000E+00    0.000000000000000E+00
    4.550000000000000E-03    0.000000000000000E+00    0.000000000000000E+00
    4.575000000000000E-03    0.000000000000000E+00    0.000000000000000E+00
    4.600000000000000E-03    0.000000000000000E+00    0.000000000000000E+00
    4.625000000000001E-03    0.000000000000000E+00    0.000000000000000E+00
    4.650000000000000E-03    0.000000000000000E+00    0.000000000000000E+00
    4.675000000000000E-03    0.000000000000000E+00    0.000000000000000E+00
    4.700000000000000E-03    0.000000000000000E+00    0.000000000000000E+00
    4.725000000000000E-03    0.000000000000000E+00    0.000000000000000E+00
    4.750000000000000E-03    0.000000000000000E+00    0.000000000000000E+00
    4.775000000000001E-03    0.000000000000000E+00    0.000000000000000E+00
    4.800000000000000E-03    0.000000000000000E+00    0.000000000000000E+00
    4.825000000000000E-03    0.000000000000000E+00    0.000000000000000E+00
    4.850000000000000E-03    0.000000000000000E+00    0.000000000000000E+00
    4.875000000000000E-03    0.000000000000000E+00    0.000000000000000E+00
    4.900000000000000E-03    0.000000000000000E+00    0.000000000000000E+00
    4.925000000000001E-03    0.000000000000000E+00    0.000000000000000E+00
    4.950000000000000E-03    0.000000000000000E+00    0.000000000000000E+00
    4.975000000000000E-03    0.000000000000000E+00    0.000000000000000E+00
    5.000000000000000E-03    0.000000000000000E+00    0.000000000000000E+00
    5.025000000000000E-03    0.000000000000000E+00    0.000000000000000E+00
    5.050000000000001E-03    0.000000000000000E+00    0.000000000000000E+00
    5.075000000000001E-03    0.000000000000000E+00    0.000000000000000E+00
    5.100000000000000E-03    0.000000000000000E+00    0.000000000000000E+00
    5.125000000000000E-03    0.000000000000000E+00    0.000000000000000E+00
    5.150000000000000E-03    0.000000000000000E+00    0.000000000000000E+00
    5.175000000000000E-03    0.000000000000000E+00    0.000000000000000E+00
    5.200000000000001E-03    0.000000000000000E+00    0.000000000000000E+00
    5.225000000000000E-03    0.000000000000000E+00    0.000000000000000E+00
    5.250000000000000E-03    0.000000000000000E+00    0.000000000000000E+00
    5.275000000000000E-03    0.000000000000000E+00    0.000000000000000E+00
    5.300000000000000E-03    0.000000000000000E+00    0.000000000000000E+00
    5.325000000000000E-03    0.000000000000000E+00    0.000000000000000E+00
    5.350000000000001E-03    0.000000000000000E+00    0.000000000000000E+00
    5.375000000000000E-03    0.000000000000000E+00    0.000000000000000E+00
    5.400000000000000E-03    0.000000000000000E+00    0.000000000000000E+00
    5.425000000000000E-03    0.000000000000000E+00    0.000000000000000E+00
    5.450000000000000E-03    0.000000000000000E+00    0.000000000000000E+00
    5.475000000000000E-03    0.000000000000000E+00    0.000000000000000E+00
    5.500000000000001E-03    0.000000000000000E+00    0.000000000000000E+00
    5.525000000000000E-03    0.000000000000000E+00    0.000000000000000E+00
    5.550000000000000E-03    0.000000000000000E+00    0.000000000000000E+00
    5.575000000000000E-03    0.000000000000000E+00    0.000000000000000E+00
    5.600000000000000E-03    0.000000000000000E+00    0.000000000000000E+00
    5.625000000000001E-03    0.000000000000000E+00    0.000000000000000E+00
    5.650000000000001E-03    0.000000000000000E+00    0.000000000000000E+00
    5.675000000000000E-03    0.000000000000000E+00    0.000000000000000E+00
    5.700000000000000E-03    0.000000000000000E+00    0.000000000000000E+00
    5.725000000000000E-03    0.000000000000000E+00    0.000000000000000E+00
    5.750000000000000E-03    0.000000000000000E+00    0.000000000000000E+00
    5.775000000000001E-03    0.000000000000000E+00    0.000000000000000E+00
    5.800000000000000E-03    0.000000000000000E+00    0.000000000000000E+00
    5.825000000000000E-03    0.000000000000000E+00    0.000000000000000E+00
    5.850000000000000E-03    0.000000000000000E+00    0.000000000000000E+00
    5.875000000000000E-03    0.000000000000000E+00    0.000000000000000E+00
    5.900000000000000E-03    0.000000000000000E+00    0.000000000000000E+00
    5.925000000000001E-03    0.000000000000000E+00    0.000000000000000E+00
    5.950000000000000E-03    0.000000000000000E+00    0.000000000000000E+00
    5.975000000000000E-03    0.000000000000000E+00    0.000000000000000E+00
    6.000000000000000E-03    0.000000000000000E+00    0.000000000000000E+00
    6.025000000000000E-03    0.000000000000000E+00    0.000000000000000E+00
    6.050000000000001E-03    0.000000000000000E+00    0.000000000000000E+00
    6.075000000000001E-03    0.000000000000000E+00    0.000000000000000E+00
    6.100000000000000E-03    0.000000000000000E+00    0.000000000000000E+00
    6.125000000000000E-03    0.000000000000000E+00    0.000000000000000E+00
    6.150000000000000E-03    0.000000000000000E+00    0.000000000000000E+00
    6.175000000000000E-03    0.000000000000000E+00    0.000000000000000E+00
    6.200000000000001E-03    0.000000000000000E+00    0.000000000000000E+00
    6.225000000000000E-03    0.000000000000000E+00    0.000000000000000E+00
    6.250000000000000E-03    0.000000000000000E+00    0.000000000000000E+00
    6.275000000000000E-03    0.000000000000000E+00    0.000000000000000E+00
    6.300000000000000E-03    0.000000000000000E+00    0.000000000000000E+00
    6.325000000000000E-03    0.000000000000000E+00    0.000000000000000E+00
    6.350000000000001E-03    0.000000000000000E+00    0.000000000000000E+00
    6.375000000000000E-03    0.000000000000000E+00    0.000000000000000E+00
    6.400000000000000E-03    0.000000000000000E+00    0.000000000000000E+00
    6.425000000000000E-03    0.000000000000000E+00    0.000000000000000E+00
    6.450000000000000E-03    0.000000000000000E+00    0.000000000000000E+00
    6.475000000000001E-03    0.000000000000000E+00    0.000000000000000E+00
    6.500000000000001E-03    0.000000000000000E+00    0.000000000000000E+00
    6.525000000000000E-03    0.000000000000000E+00    0.000000000000000E+00
    6.550000000000000E-03    0.000000000000000E+00    0.000000000000000E+00
    6.575000000000000E-03    0.000000000000000E+00    0.000000000000000E+00
    6.600000000000000E-03    0.000000000000000E+00    0.000000000000000E+00
    6.625000000000001E-03    0.000000000000000E+00    0.000000000000000E+00
    6.650000000000001E-03    0.000000000000000E+00    0.000000000000000E+00
    6.675000000000000E-03    0.000000000000000E+00    0.000000000000000E+00
    6.700000000000000E-03    0.000000000000000E+00    0.000000000000000E+00
    6.725000000000000E-03    0.000000000000000E+00    0.000000000000000E+00
    6.750000000000000E-03    0.000000000000000E+00    0.000000000000000E+00
    6.775000000000001E-03    0.000000000000000E+00    0.000000000000000E+00
    6.800000000000000E-03    0.000000000000000E+00    0.000000000000000E+00
    6.825000000000000E-03    0.000000000000000E+00    0.000000000000000E+00
    6.850000000000000E-03    0.000000000000000E+00    0.000000000000000E+00
    6.875000000000000E-03    0.000000000000000E+00    0.000000000000000E+00
    6.900000000000001E-03    0.000000000000000E+00    0.000000000000000E+00
    6.925000000000001E-03    0.000000000000000E+00    0.000000000000000E+00
    6.950000000000000E-03    0.000000000000000E+00    0.000000000000000E+00
    6.975000000000000E-03    0.000000000000000E+00    0.000000000000000E+00
    7.000000000000000E-03    0.000000000000000E+00    0.000000000000000E+00
    7.025000000000000E-03    0.000000000000000E+00    0.000000000000000E+00
    7.050000000000001E-03    0.000000000000000E+00    0.000000000000000E+00
    7.075000000000001E-03    0.000000000000000E+00    0.000000000000000E+00
    7.100000000000000E-03    0.000000000000000E+00    0.000000000000000E+00
    7.125000000000000E-03    0.000000000000000E+00    0.000000000000000E+00
    7.150000000000000E-03    0.000000000000000E+00    0.000000000000000E+00
    7.175000000000000E-03    0.000000000000000E+00    0.000000000000000E+00
    7.200000000000001E-03    0.000000000000000E+00    0.000000000000000E+00
    7.225000000000001E-03    0.000000000000000E+00    0.000000000000000E+00
    7.250000000000000E-03    0.000000000000000E+00    0.000000000000000E+00
    7.275000000000000E-03    0.000000000000000E+00    0.000000000000000E+00
    7.300000000000000E-03    0.000000000000000E+00    0.000000000000000E+00
    7.325000000000001E-03    0.000000000000000E+00    0.000000000000000E+00
    7.350000000000001E-03    0.000000000000000E+00    0.000000000000000E+00
    7.375000000000000E-03    0.000000000000000E+00    0.000000000000000E+00
    7.400000000000000E-03    0.000000000000000E+00    0.000000000000000E+00
    7.425000000000000E-03    0.000000000000000E+00    0.000000000000000E+00
    7.450000000000000E-03    0.000000000000000E+00    0.000000000000000E+00
    7.475000000000001E-03    0.000000000000000E+00    0.000000000000000E+00
    7.500000000000001E-03    0.000000000000000E+00    0.000000000000000E+00
    7.525000000000000E-03    0.000000000000000E+00    0.000000000000000E+00
    7.550000000000000E-03    0.000000000000000E+00    0.000000000000000E+00
    7.575000000000000E-03    0.000000000000000E+00    0.000000000000000E+00
    7.600000000000000E-03    0.000000000000000E+00    0.000000000000000E+00
    7.625000000000001E-03    0.000000000000000E+00    0.000000000000000E+00
    7.650000000000001E-03    0.000000000000000E+00    0.000000000000000E+00
    7.675000000000000E-03    0.000000000000000E+00    0.000000000000000E+00
    7.700000000000000E-03    0.000000000000000E+00    0.000000000000000E+00
    7.725000000000000E-03    0.000000000000000E+00    0.000000000000000E+00
    7.750000000000000E-03    0.000000000000000E+00    0.000000000000000E+00
    7.775000000000001E-03    0.000000000000000E+00    0.000000000000000E+00
    7.800000000000001E-03    0.000000000000000E+00    0.000000000000000E+00
    7.825000000000000E-03    0.000000000000000E+00    0.000000000000000E+00
    7.850000000000001E-03    0.000000000000000E+00    0.000000000000000E+00
    7.875000000000000E-03    0.000000000000000E+00    0.000000000000000E+00
    7.900000000000001E-03    0.000000000000000E+00    0.000000000000000E+00
    7.925000000000000E-03    0.000000000000000E+00    0.000000000000000E+00
    7.950000000000000E-03    0.000000000000000E+00    0.000000000000000E+00
    7.975000000000001E-03    0.000000000000000E+00    0.000000000000000E+00
    8.000000000000000E-03    0.000000000000000E+00    0.000000000000000E+00
    8.025000000000001E-03    0.000000000000000E+00    0.000000000000000E+00
    8.050000000000000E-03    0.000000000000000E+00    0.000000000000000E+00
    8.075000000000001E-03    0.000000000000000E+00    0.000000000000000E+00
    8.100000000000000E-03    0.000000000000000E+00    0.000000000000000E+00
    8.125000000000000E-03    0.000000000000000E+00    0.000000000000000E+00
    8.150000000000001E-03    0.000000000000000E+00    0.000000000000000E+00
    8.175000000000000E-03    0.000000000000000E+00    0.000000000000000E+00
    8.200000000000001E-03    0.000000000000000E+00    0.000000000000000E+00
    8.225000000000000E-03    0.000000000000000E+00    0.000000000000000E+00
    8.250000000000000E-03    0.000000000000000E+00    0.000000000000000E+00
    8.275000000000001E-03    0.000000000000000E+00    0.000000000000000E+00
    8.300000000000000E-03    0.000000000000000E+00    0.000000000000000E+00
    8.325000000000001E-03    0.000000000000000E+00    0.000000000000000E+00
    8.350000000000000E-03    0.000000000000000E+00    0.000000000000000E+00
    8.375000000000000E-03    0.000000000000000E+00    0.000000000000000E+00
    8.400000000000001E-03    0.000000000000000E+00    0.000000000000000E+00
    8.425000000000000E-03    0.000000000000000E+00    0.000000000000000E+00
    8.450000000000001E-03    0.000000000000000E+00    0.000000000000000E+00
    8.475000000000000E-03    0.000000000000000E+00    0.000000000000000E+00
    8.500000000000001E-03    0.000000000000000E+00    0.000000000000000E+00
    8.525000000000000E-03    0.000000000000000E+00    0.000000000000000E+00
    8.550000000000000E-03    0.000000000000000E+00    0.000000000000000E+00
    8.575000000000001E-03    0.000000000000000E+00    0.000000000000000E+00
    8.600000000000000E-03    0.000000000000000E+00    0.000000000000000E+00
    8.625000000000001E-03    0.000000000000000E+00    0.000000000000000E+00
    8.650000000000000E-03    0.000000000000000E+00    0.000000000000000E+00
    8.675000000000000E-03    0.000000000000000E+00    0.000000000000000E+00
    8.700000000000001E-03    0.000000000000000E+00    0.000000000000000E+00
    8.725000000000000E-03    0.000000000000000E+00    0.000000000000000E+00
    8.750000000000001E-03    0.000000000000000E+00    0.000000000000000E+00
    8.775000000000000E-03    0.000000000000000E+00    0.000000000000000E+00
    8.800000000000001E-03    0.000000000000000E+00    0.000000000000000E+00
    8.825000000000001E-03    0.000000000000000E+00    0.000000000000000E+00
    8.850000000000000E-03    0.000000000000000E+00    0.000000000000000E+00
    8.875000000000001E-03    0.000000000000000E+00    0.000000000000000E+00
    8.900000000000000E-03    0.000000000000000E+00    0.000000000000000E+00
    8.925000000000001E-03    0.000000000000000E+00    0.000000000000000E+00
    8.950000000000000E-03    0.000000000000000E+00    0.000000000000000E+00
    8.975000000000000E-03    0.000000000000000E+00    0.000000000000000E+00
    9.000000000000001E-03    0.000000000000000E+00    0.000000000000000E+00
    9.025000000000000E-03    0.000000000000000E+00    0.000000000000000E+00
    9.050000000000001E-03    0.000000000000000E+00    0.000000000000000E+00
    9.075000000000000E-03    0.000000000000000E+00    0.000000000000000E+00
    9.100000000000000E-03    0.000000000000000E+00    0.000000000000000E+00
    9.125000000000001E-03    0.000000000000000E+00    0.000000000000000E+00
    9.150000000000000E-03    0.000000000000000E+00    0.000000000000000E+00
    9.175000000000001E-03    0.000000000000000E+00    0.000000000000000E+00
    9.200000000000000E-03    0.000000000000000E+00    0.000000000000000E+00
    9.225000000000001E-03    0.000000000000000E+00    0.000000000000000E+00
    9.250000000000001E-03    0.000000000000000E+00    0.000000000000000E+00
    9.275000000000000E-03    0.000000000000000E+00    0.000000000000000E+00
    9.300000000000001E-03    0.000000000000000E+00    0.000000000000000E+00
    9.325000000000000E-03    0.000000000000000E+00    0.000000000000000E+00
    9.350000000000001E-03    0.000000000000000E+00    0.000000000000000E+00
    9.375000000000000E-03    0.000000000000000E+00    0.000000000000000E+00
    9.400000000000000E-03    0.000000000000000E+00    0.000000000000000E+00
    9.425000000000001E-03    0.000000000000000E+00    0.000000000000000E+00
    9.450000000000000E-03    0.000000000000000E+00    0.000000000000000E+00
    9.475000000000001E-03    0.000000000000000E+00    0.000000000000000E+00
    9.500000000000000E-03    0.000000000000000E+00    0.000000000000000E+00
    9.525000000000000E-03    0.000000000000000E+00    0.000000000000000E+00
    9.550000000000001E-03    0.000000000000000E+00    0.000000000000000E+00
    9.575000000000000E-03    0.000000000000000E+00    0.000000000000000E+00
    9.600000000000001E-03    0.000000000000000E+00    0.000000000000000E+00
    9.625000000000000E-03    0.000000000000000E+00    0.000000000000000E+00
    9.650000000000001E-03    0.000000000000000E+00    0.000000000000000E+00
    9.675000000000001E-03    0.000000000000000E+00    0.000000000000000E+00
    9.700000000000000E-03    0.000000000000000E+00    0.000000000000000E+00
    9.725000000000001E-03    0.000000000000000E+00    0.000000000000000E+00
    9.750000000000000E-03    0.000000000000000E+00    0.000000000000000E+00
    9.775000000000001E-03    0.000000000000000E+00    0.000000000000000E+00
    9.800000000000000E-03    0.000000000000000E+00    0.000000000000000E+00
    9.825000000000000E-03    0.000000000000000E+00    0.000000000000000E+00
    9.850000000000001E-03    0.000000000000000E+00    0.000000000000000E+00
    9.875000000000000E-03    0.000000000000000E+00    0.000000000000000E+00
    9.900000000000001E-03    0.000000000000000E+00    0.000000000000000E+00
    9.925000000000000E-03    0.000000000000000E+00    0.000000000000000E+00
    9.950000000000001E-03    0.000000000000000E+00    0.000000000000000E+00
    9.975000000000001E-03    0.000000000000000E+00    0.000000000000000E+00
    1.000000000000000E-02    0.000000000000000E+00    0.000000000000000E+00
    0.000000000000000E+00    1.000000000000000E-01    0.000000000000000E+00
    2.500000000000000E-05    1.000000000000000E-01    0.000000000000000E+00
    5.000000000000000E-05    1.000000000000000E-01    0.000000000000000E+00
    7.500000000000001E-05    1.000000000000000E-01    0.000000000000000E+00
    1.000000000000000E-04    1.000000000000000E-01    0.000000000000000E+00
    1.250000000000000E-04    1.000000000000000E-01    0.000000000000000E+00
    1.500000000000000E-04    1.000000000000000E-01    0.000000000000000E+00
    1.750000000000000E-04    1.000000000000000E-01    0.000000000000000E+00
    2.000000000000000E-04    1.000000000000000E-01    0.000000000000000E+00
    2.250000000000000E-04    1.000000000000000E-01    0.000000000000000E+00
    2.500000000000000E-04    1.000000000000000E-01    0.000000000000000E+00
    2.750000000000000E-04    1.000000000000000E-01    0.000000000000000E+00
    3.000000000000000E-04    1.000000000000000E-01    0.000000000000000E+00
    3.250000000000000E-04    1.000000000000000E-01    0.000000000000000E+00
    3.500000000000000E-04    1.000000000000000E-01    0.000000000000000E+00
    3.750000000000000E-04    1.000000000000000E-01    0.000000000000000E+00
    4.000000000000000E-04    1.000000000000000E-01    0.000000000000000E+00
    4.250000000000000E-04    1.000000000000000E-01    0.000000000000000E+00
    4.500000000000000E-04    1.000000000000000E-01    0.000000000000000E+00
    4.750000000000000E-04    1.000000000000000E-01    0.000000000000000E+00
    5.000000000000000E-04    1.000000000000000E-01    0.000000000000000E+00
    5.250000000000001E-04    1.000000000000000E-01    0.000000000000000E+00
    5.500000000000000E-04    1.000000000000000E-01    0.000000000000000E+00
    5.750000000000000E-04    1.000000000000000E-01    0.000000000000000E+00
    6.000000000000001E-04    1.000000000000000E-01    0.000000000000000E+00
    6.250000000000000E-04    1.000000000000000E-01    0.000000000000000E+00
    6.500000000000001E-04    1.000000000000000E-01    0.000000000000000E+00
    6.750000000000000E-04    1.000000000000000E-01    0.000000000000000E+00
    7.000000000000000E-04    1.000000000000000E-01    0.000000000000000E+00
    7.250000000000001E-04    1.000000000000000E-01    0.000000000000000E+00
    7.500000000000000E-04    1.000000000000000E-01    0.000000000000000E+00
    7.750000000000001E-04    1.000000000000000E-01    0.000000000000000E+00
    8.000000000000000E-04    1.000000000000000E-01    0.000000000000000E+00
    8.250000000000000E-04    1.000000000000000E-01    0.000000000000000E+00
    8.500000000000001E-04    1.000000000000000E-01    0.000000000000000E+00
    8.750000000000000E-04    1.000000000000000E-01    0.000000000000000E+00
    9.000000000000001E-04    1.000000000000000E-01    0.000000000000000E+00
    9.250000000000000E-04    1.000000000000000E-01    0.000000000000000E+00
    9.500000000000000E-04    1.000000000000000E-01    0.000000000000000E+00
    9.750000000000001E-04    1.000000000000000E-01    0.000000000000000E+00
    1.000000000000000E-03    1.000000000000000E-01    0.000000000000000E+00
    1.025000000000000E-03    1.000000000000000E-01    0.000000000000000E+00
    1.050000000000000E-03    1.000000000000000E-01    0.000000000000000E+00
    1.075000000000000E-03    1.000000000000000E-01    0.000000000000000E+00
    1.100000000000000E-03    1.000000000000000E-01    0.000000000000000E+00
    1.125000000000000E-03    1.000000000000000E-01    0.000000000000000E+00
    1.150000000000000E-03    1.000000000000000E-01    0.000000000000000E+00
    1.175000000000000E-03    1.000000000000000E-01    0.000000000000000E+00
    1.200000000000000E-03    1.000000000000000E-01    0.000000000000000E+00
    1.225000000000000E-03    1.000000000000000E-01    0.000000000000000E+00
    1.250000000000000E-03    1.000000000000000E-01    0.000000000000000E+00
    1.275000000000000E-03    1.000000000000000E-01    0.000000000000000E+00
    1.300000000000000E-03    1.000000000000000E-01    0.000000000000000E+00
    1.325000000000000E-03    1.000000000000000E-01    0.000000000000000E+00
    1.350000000000000E-03    1.000000000000000E-01    0.000000000000000E+00
    1.375000000000000E-03    1.000000000000000E-01    0.000000000000000E+00
    1.400000000000000E-03    1.000000000000000E-01    0.000000000000000E+00
    1.425000000000000E-03    1.000000000000000E-01    0.000000000000000E+00
    1.450000000000000E-03    1.000000000000000E-01    0.000000000000000E+00
    1.475000000000000E-03    1.000000000000000E-01    0.000000000000000E+00
    1.500000000000000E-03    1.000000000000000E-01    0.000000000000000E+00
    1.525000000000000E-03    1.000000000000000E-01    0.000000000000000E+00
    1.550000000000000E-03    1.000000000000000E-01    0.000000000000000E+00
    1.575000000000000E-03    1.000000000000000E-01    0.000000000000000E+00
    1.600000000000000E-03    1.000000000000000E-01    0.000000000000000E+00
    1.625000000000000E-03    1.000000000000000E-01    0.000000000000000E+00
    1.650000000000000E-03    1.000000000000000E-01    0.000000000000000E+00
    1.675000000000000E-03    1.000000000000000E-01    0.000000000000000E+00
    1.700000000000000E-03    1.000000000000000E-01    0.000000000000000E+00
    1.725000000000000E-03    1.000000000000000E-01    0.000000000000000E+00
    1.750000000000000E-03    1.000000000000000E-01    0.000000000000000E+00
    1.775000000000000E-03    1.000000000000000E-01    0.000000000000000E+00
    1.800000000000000E-03    1.000000000000000E-01    0.000000000000000E+00
    1.825000000000000E-03    1.000000000000000E-01    0.000000000000000E+00
    1.850000000000000E-03    1.000000000000000E-01    0.000000000000000E+00
    1.875000000000000E-03    1.000000000000000E-01    0.000000000000000E+00
    1.900000000000000E-03    1.000000000000000E-01    0.000000000000000E+00
    1.925000000000000E-03    1.000000000000000E-01    0.000000000000000E+00
    1.950000000000000E-03    1.000000000000000E-01    0.000000000000000E+00
    1.975000000000000E-03    1.000000000000000E-01    0.000000000000000E+00
    2.000000000000000E-03    1.000000000000000E-01    0.000000000000000E+00
    2.025000000000000E-03    1.000000000000000E-01    0.000000000000000E+00
    2.050000000000000E-03    1.000000000000000E-01    0.000000000000000E+00
    2.075000000000000E-03    1.000000000000000E-01    0.000000000000000E+00
    2.100000000000000E-03    1.000000000000000E-01    0.000000000000000E+00
    2.125000000000000E-03    1.000000000000000E-01    0.000000000000000E+00
    2.150000000000000E-03    1.000000000000000E-01    0.000000000000000E+00
    2.175000000000000E-03    1.000000000000000E-01    0.000000000000000E+00
    2.200000000000000E-03    1.000000000000000E-01    0.000000000000000E+00
    2.225000000000000E-03    1.000000000000000E-01    0.000000000000000E+00
    2.250000000000000E-03    1.000000000000000E-01    0.000000000000000E+00
    2.275000000000000E-03    1.000000000000000E-01    0.000000000000000E+00
    2.300000000000000E-03    1.000000000000000E-01    0.000000000000000E+00
    2.325000000000000E-03    1.000000000000000E-01    0.000000000000000E+00
    2.350000000000000E-03    1.000000000000000E-01    0.000000000000000E+00
    2.375000000000000E-03    1.000000000000000E-01    0.000000000000000E+00
    2.400000000000000E-03    1.000000000000000E-01    0.000000000000000E+00
    2.425000000000000E-03    1.000000000000000E-01    0.000000000000000E+00
    2.450000000000000E-03    1.000000000000000E-01    0.000000000000000E+00
    2.475000000000000E-03    1.000000000000000E-01    0.000000000000000E+00
    2.500000000000000E-03    1.000000000000000E-01    0.000000000000000E+00
    2.525000000000000E-03    1.000000000000000E-01    0.000000000000000E+00
    2.550000000000000E-03    1.000000000000000E-01    0.000000000000000E+00
    2.575000000000000E-03    1.000000000000000E-01    0.000000000000000E+00
    2.600000000000000E-03    1.000000000000000E-01    0.000000000000000E+00
    2.625000000000000E-03    1.000000000000000E-01    0.000000000000000E+00
    2.650000000000000E-03    1.000000000000000E-01    0.000000000000000E+00
    2.675000000000000E-03    1.000000000000000E-01    0.000000000000000E+00
    2.700000000000000E-03    1.000000000000000E-01    0.000000000000000E+00
    2.725000000000000E-03    1.000000000000000E-01    0.000000000000000E+00
    2.750000000000000E-03    1.000000000000000E-01    0.000000000000000E+00
    2.775000000000000E-03    1.000000000000000E-01    0.000000000000000E+00
    2.800000000000000E-03    1.000000000000000E-01    0.000000000000000E+00
    2.825000000000000E-03    1.000000000000000E-01    0.000000000000000E+00
    2.850000000000000E-03    1.000000000000000E-01    0.000000000000000E+00
    2.875000000000000E-03    1.000000000000000E-01    0.000000000000000E+00
    2.900000000000000E-03    1.000000000000000E-01    0.000000000000000E+00
    2.925000000000000E-03    1.000000000000000E-01    0.000000000000000E+00
    2.950000000000000E-03    1.000000000000000E-01    0.000000000000000E+00
    2.975000000000000E-03    1.000000000000000E-01    0.000000000000000E+00
    3.000000000000000E-03    1.000000000000000E-01    0.000000000000000E+00
    3.025000000000000E-03    1.000000000000000E-01    0.000000000000000E+00
    3.050000000000000E-03    1.000000000000000E-01    0.000000000000000E+00
    3.075000000000000E-03    1.000000000000000E-01    0.000000000000000E+00
    3.100000000000000E-03    1.000000000000000E-01    0.000000000000000E+00
    3.125000000000000E-03    1.000000000000000E-01    0.000000000000000E+00
    3.150000000000000E-03    1.000000000000000E-01    0.000000000000000E+00
    3.175000000000000E-03    1.000000000000000E-01    0.000000000000000E+00
    3.200000000000000E-03    1.000000000000000E-01    0.000000000000000E+00
    3.225000000000000E-03    1.000000000000000E-01    0.000000000000000E+00
    3.250000000000000E-03    1.000000000000000E-01    0.000000000000000E+00
    3.275000000000000E-03    1.000000000000000E-01    0.000000000000000E+00
    3.300000000000000E-03    1.000000000000000E-01    0.000000000000000E+00
    3.325000000000000E-03    1.000000000000000E-01    0.000000000000000E+00
    3.350000000000000E-03    1.000000000000000E-01    0.000000000000000E+00
    3.375000000000000E-03    1.000000000000000E-01    0.000000000000000E+00
    3.400000000000000E-03    1.000000000000000E-01    0.000000000000000E+00
    3.425000000000000E-03    1.000000000000000E-01    0.000000000000000E+00
    3.450000000000000E-03    1.000000000000000E-01    0.000000000000000E+00
    3.475000000000000E-03    1.000000000000000E-01    0.000000000000000E+00
    3.500000000000000E-03    1.000000000000000E-01    0.000000000000000E+00
    3.525000000000000E-03    1.000000000000000E-01    0.000000000000000E+00
    3.550000000000000E-03    1.000000000000000E-01    0.000000000000000E+00
    3.575000000000000E-03    1.000000000000000E-01    0.000000000000000E+00
    3.600000000000000E-03    1.000000000000000E-01    0.000000000000000E+00
    3.625000000000000E-03    1.000000000000000E-01    0.000000000000000E+00
    3.650000000000000E-03    1.000000000000000E-01    0.000000000000000E+00
    3.675000000000000E-03    1.000000000000000E-01    0.000000000000000E+00
    3.700000000000000E-03    1.000000000000000E-01    0.000000000000000E+00
    3.725000000000000E-03    1.000000000000000E-01    0.000000000000000E+00
    3.750000000000000E-03    1.000000000000000E-01    0.000000000000000E+00
    3.775000000000000E-03    1.000000000000000E-01    0.000000000000000E+00
    3.800000000000000E-03    1.000000000000000E-01    0.000000000000000E+00
    3.825000000000000E-03    1.000000000000000E-01    0.000000000000000E+00
    3.850000000000000E-03    1.000000000000000E-01    0.000000000000000E+00
    3.875000000000000E-03    1.000000000000000E-01    0.000000000000000E+00
    3.900000000000000E-03    1.000000000000000E-01    0.000000000000000E+00
    3.925000000000001E-03    1.000000000000000E-01    0.000000000000000E+00
    3.950000000000000E-03    1.000000000000000E-01    0.000000000000000E+00
    3.975000000000000E-03    1.000000000000000E-01    0.000000000000000E+00
    4.000000000000000E-03    1.000000000000000E-01    0.000000000000000E+00
    4.025000000000000E-03    1.000000000000000E-01    0.000000000000000E+00
    4.050000000000000E-03    1.000000000000000E-01    0.000000000000000E+00
    4.075000000000000E-03    1.000000000000000E-01    0.000000000000000E+00
    4.100000000000000E-03    1.000000000000000E-01    0.000000000000000E+00
    4.125000000000000E-03    1.000000000000000E-01    0.000000000000000E+00
    4.150000000000000E-03    1.000000000000000E-01    0.000000000000000E+00
    4.175000000000000E-03    1.000000000000000E-01    0.000000000000000E+00
    4.200000000000001E-03    1.000000000000000E-01    0.000000000000000E+00
    4.225000000000000E-03    1.000000000000000E-01    0.000000000000000E+00
    4.250000000000000E-03    1.000000000000000E-01    0.000000000000000E+00
    4.275000000000000E-03    1.000000000000000E-01    0.000000000000000E+00
    4.300000000000000E-03    1.000000000000000E-01    0.000000000000000E+00
    4.325000000000000E-03    1.000000000000000E-01    0.000000000000000E+00
    4.350000000000001E-03    1.000000000000000E-01    0.000000000000000E+00
    4.375000000000000E-03    1.000000000000000E-01    0.000000000000000E+00
    4.400000000000000E-03    1.000000000000000E-01    0.000000000000000E+00
    4.425000000000000E-03    1.000000000000000E-01    0.000000000000000E+00
    4.450000000000000E-03    1.000000000000000E-01    0.000000000000000E+00
    4.475000000000000E-03    1.000000000000000E-01    0.000000000000000E+00
    4.500000000000001E-03    1.000000000000000E-01    0.000000000000000E+00
    4.525000000000000E-03    1.000000000000000E-01    0.000000000000000E+00
    4.550000000000000E-03    1.000000000000000E-01    0.000000000000000E+00
    4.575000000000000E-03    1.000000000000000E-01    0.000000000000000E+00
    4.600000000000000E-03    1.000000000000000E-01    0.000000000000000E+00
    4.625000000000001E-03    1.000000000000000E-01    0.000000000000000E+00
    4.650000000000000E-03    1.000000000000000E-01    0.000000000000000E+00
    4.675000000000000E-03    1.000000000000000E-01    0.000000000000000E+00
    4.700000000000000E-03    1.000000000000000E-01    0.000000000000000E+00
    4.725000000000000E-03    1.000000000000000E-01    0.000000000000000E+00
    4.750000000000000E-03    1.000000000000000E-01    0.000000000000000E+00
    4.775000000000001E-03    1.000000000000000E-01    0.000000000000000E+00
    4.800000000000000E-03    1.000000000000000E-01    0.000000000000000E+00
    4.825000000000000E-03    1.000000000000000E-01    0.000000000000000E+00
    4.850000000000000E-03    1.000000000000000E-01    0.000000000000000E+00
    4.875000000000000E-03    1.000000000000000E-01    0.000000000000000E+00
    4.900000000000000E-03    1.000000000000000E-01    0.000000000000000E+00
    4.925000000000001E-03    1.000000000000000E-01    0.000000000000000E+00
    4.950000000000000E-03    1.000000000000000E-01    0.000000000000000E+00
    4.975000000000000E-03    1.000000000000000E-01    0.000000000000000E+00
    5.000000000000000E-03    1.000000000000000E-01    0.000000000000000E+00
    5.025000000000000E-03    1.000000000000000E-01    0.000000000000000E+00
    5.050000000000001E-03    1.000000000000000E-01    0.000000000000000E+00
    5.075000000000001E-03    1.000000000000000E-01    0.000000000000000E+00
    5.100000000000000E-03    1.000000000000000E-01    0.000000000000000E+00
    5.125000000000000E-03    1.000000000000000E-01    0.000000000000000E+00
    5.150000000000000E-03    1.000000000000000E-01    0.000000000000000E+00
    5.175000000000000E-03    1.000000000000000E-01    0.000000000000000E+00
    5.200000000000001E-03    1.000000000000000E-01    0.000000000000000E+00
    5.225000000000000E-03    1.000000000000000E-01    0.000000000000000E+00
    5.250000000000000E-03    1.000000000000000E-01    0.000000000000000E+00
    5.275000000000000E-03    1.000000000000000E-01    0.000000000000000E+00
    5.300000000000000E-03    1.000000000000000E-01    0.000000000000000E+00
    5.325000000000000E-03    1.000000000000000E-01    0.000000000000000E+00
    5.350000000000001E-03    1.000000000000000E-01    0.000000000000000E+00
    5.375000000000000E-03    1.000000000000000E-01    0.000000000000000E+00
    5.400000000000000E-03    1.000000000000000E-01    0.000000000000000E+00
    5.425000000000000E-03    1.000000000000000E-01    0.000000000000000E+00
    5.450000000000000E-03    1.000000000000000E-01    0.000000000000000E+00
    5.475000000000000E-03    1.000000000000000E-01    0.000000000000000E+00
    5.500000000000001E-03    1.000000000000000E-01    0.000000000000000E+00
    5.525000000000000E-03    1.000000000000000E-01    0.000000000000000E+00
    5.550000000000000E-03    1.000000000000000E-01    0.000000000000000E+00
    5.575000000000000E-03    1.000000000000000E-01    0.000000000000000E+00
    5.600000000000000E-03    1.000000000000000E-01    0.000000000000000E+00
    5.625000000000001E-03    1.000000000000000E-01    0.000000000000000E+00
    5.650000000000001E-03    1.000000000000000E-01    0.000000000000000E+00
    5.675000000000000E-03    1.000000000000000E-01    0.000000000000000E+00
    5.700000000000000E-03    1.000000000000000E-01    0.000000000000000E+00
    5.725000000000000E-03    1.000000000000000E-01    0.000000000000000E+00
    5.750000000000000E-03    1.000000000000000E-01    0.000000000000000E+00
    5.775000000000001E-03    1.000000000000000E-01    0.000000000000000E+00
    5.800000000000000E-03    1.000000000000000E-01    0.000000000000000E+00
    5.825000000000000E-03    1.000000000000000E-01    0.000000000000000E+00
    5.850000000000000E-03    1.000000000000000E-01    0.000000000000000E+00
    5.875000000000000E-03    1.000000000000000E-01    0.000000000000000E+00
    5.900000000000000E-03    1.000000000000000E-01    0.000000000000000E+00
    5.925000000000001E-03    1.000000000000000E-01    0.000000000000000E+00
    5.950000000000000E-03    1.000000000000000E-01    0.000000000000000E+00
    5.975000000000000E-03    1.000000000000000E-01    0.000000000000000E+00
    6.000000000000000E-03    1.000000000000000E-01    0.000000000000000E+00
    6.025000000000000E-03    1.000000000000000E-01    0.000000000000000E+00
    6.050000000000001E-03    1.000000000000000E-01    0.000000000000000E+00
    6.075000000000001E-03    1.000000000000000E-01    0.000000000000000E+00
    6.100000000000000E-03    1.000000000000000E-01    0.000000000000000E+00
    6.125000000000000E-03    1.000000000000000E-01    0.000000000000000E+00
    6.150000000000000E-03    1.000000000000000E-01    0.000000000000000E+00
    6.175000000000000E-03    1.000000000000000E-01    0.000000000000000E+00
    6.200000000000001E-03    1.000000000000000E-01    0.000000000000000E+00
    6.225000000000000E-03    1.000000000000000E-01    0.000000000000000E+00
    6.250000000000000E-03    1.000000000000000E-01    0.000000000000000E+00
    6.275000000000000E-03    1.000000000000000E-01    0.000000000000000E+00
    6.300000000000000E-03    1.000000000000000E-01    0.000000000000000E+00
    6.325000000000000E-03    1.000000000000000E-01    0.000000000000000E+00
    6.350000000000001E-03    1.000000000000000E-01    0.000000000000000E+00
    6.375000000000000E-03    1.000000000000000E-01    0.000000000000000E+00
    6.400000000000000E-03    1.000000000000000E-01    0.000000000000000E+00
    6.425000000000000E-03    1.000000000000000E-01    0.000000000000000E+00
    6.450000000000000E-03    1.000000000000000E-01    0.000000000000000E+00
    6.475000000000001E-03    1.000000000000000E-01    0.000000000000000E+00
    6.500000000000001E-03    1.000000000000000E-01    0.000000000000000E+00
    6.525000000000000E-03    1.000000000000000E-01    0.000000000000000E+00
    6.550000000000000E-03    1.000000000000000E-01    0.000000000000000E+00
    6.575000000000000E-03    1.000000000000000E-01    0.000000000000000E+00
    6.600000000000000E-03    1.000000000000000E-01    0.000000000000000E+00
    6.625000000000001E-03    1.000000000000000E-01    0.000000000000000E+00
    6.650000000000001E-03    1.000000000000000E-01    0.000000000000000E+00
    6.675000000000000E-03    1.000000000000000E-01    0.000000000000000E+00
    6.700000000000000E-03    1.000000000000000E-01    0.000000000000000E+00
    6.725000000000000E-03    1.000000000000000E-01    0.000000000000000E+00
    6.750000000000000E-03    1.000000000000000E-01    0.000000000000000E+00
    6.775000000000001E-03    1.000000000000000E-01    0.000000000000000E+00
    6.800000000000000E-03    1.000000000000000E-01    0.000000000000000E+00
    6.825000000000000E-03    1.000000000000000E-01    0.000000000000000E+00
    6.850000000000000E-03    1.000000000000000E-01    0.000000000000000E+00
    6.875000000000000E-03    1.000000000000000E-01    0.000000000000000E+00
    6.900000000000001E-03    1.000000000000000E-01    0.000000000000000E+00
    6.925000000000001E-03    1.000000000000000E-01    0.000000000000000E+00
    6.950000000000000E-03    1.000000000000000E-01    0.000000000000000E+00
    6.975000000000000E-03    1.000000000000000E-01    0.000000000000000E+00
    7.000000000000000E-03    1.000000000000000E-01    0.000000000000000E+00
    7.025000000000000E-03    1.000000000000000E-01    0.000000000000000E+00
    7.050000000000001E-03    1.000000000000000E-01    0.000000000000000E+00
    7.075000000000001E-03    1.000000000000000E-01    0.000000000000000E+00
    7.100000000000000E-03    1.000000000000000E-01    0.000000000000000E+00
    7.125000000000000E-03    1.000000000000000E-01    0.000000000000000E+00
    7.150000000000000E-03    1.000000000000000E-01    0.000000000000000E+00
    7.175000000000000E-03    1.000000000000000E-01    0.000000000000000E+00
    7.200000000000001E-03    1.000000000000000E-01    0.000000000000000E+00
    7.225000000000001E-03    1.000000000000000E-01    0.000000000000000E+00
    7.250000000000000E-03    1.000000000000000E-01    0.000000000000000E+00
    7.275000000000000E-03    1.000000000000000E-01    0.000000000000000E+00
    7.300000000000000E-03    1.000000000000000E-01    0.000000000000000E+00
    7.325000000000001E-03    1.000000000000000E-01    0.000000000000000E+00
    7.350000000000001E-03    1.000000000000000E-01    0.000000000000000E+00
    7.375000000000000E-03    1.000000000000000E-01    0.000000000000000E+00
    7.400000000000000E-03    1.000000000000000E-01    0.000000000000000E+00
    7.425000000000000E-03    1.000000000000000E-01    0.000000000000000E+00
    7.450000000000000E-03    1.000000000000000E-01    0.000000000000000E+00
    7.475000000000001E-03    1.000000000000000E-01    0.000000000000000E+00
    7.500000000000001E-03    1.000000000000000E-01    0.000000000000000E+00
    7.525000000000000E-03    1.000000000000000E-01    0.000000000000000E+00
    7.550000000000000E-03    1.000000000000000E-01    0.000000000000000E+00
    7.575000000000000E-03    1.000000000000000E-01    0.000000000000000E+00
    7.600000000000000E-03    1.000000000000000E-01    0.000000000000000E+00
    7.625000000000001E-03    1.000000000000000E-01    0.000000000000000E+00
    7.650000000000001E-03    1.000000000000000E-01    0.000000000000000E+00
    7.675000000000000E-03    1.000000000000000E-01    0.000000000000000E+00
    7.700000000000000E-03    1.000000000000000E-01    0.000000000000000E+00
    7.725000000000000E-03    1.000000000000000E-01    0.000000000000000E+00
    7.750000000000000E-03    1.000000000000000E-01    0.000000000000000E+00
    7.775000000000001E-03    1.000000000000000E-01    0.000000000000000E+00
    7.800000000000001E-03    1.000000000000000E-01    0.000000000000000E+00
    7.825000000000000E-03    1.000000000000000E-01    0.000000000000000E+00
    7.850000000000001E-03    1.000000000000000E-01    0.000000000000000E+00
    7.875000000000000E-03    1.000000000000000E-01    0.000000000000000E+00
    7.900000000000001E-03    1.000000000000000E-01    0.000000000000000E+00
    7.925000000000000E-03    1.000000000000000E-01    0.000000000000000E+00
    7.950000000000000E-03    1.000000000000000E-01    0.000000000000000E+00
    7.975000000000001E-03    1.000000000000000E-01    0.000000000000000E+00
    8.000000000000000E-03    1.000000000000000E-01    0.000000000000000E+00
    8.025000000000001E-03    1.000000000000000E-01    0.000000000000000E+00
    8.050000000000000E-03    1.000000000000000E-01    0.000000000000000E+00
    8.075000000000001E-03    1.000000000000000E-01    0.000000000000000E+00
    8.100000000000000E-03    1.000000000000000E-01    0.000000000000000E+00
    8.125000000000000E-03    1.000000000000000E-01    0.000000000000000E+00
    8.150000000000001E-03    1.000000000000000E-01    0.000000000000000E+00
    8.175000000000000E-03    1.000000000000000E-01    0.000000000000000E+00
    8.200000000000001E-03    1.000000000000000E-01    0.000000000000000E+00
    8.225000000000000E-03    1.000000000000000E-01    0.000000000000000E+00
    8.250000000000000E-03    1.000000000000000E-01    0.000000000000000E+00
    8.275000000000001E-03    1.000000000000000E-01    0.000000000000000E+00
    8.300000000000000E-03    1.000000000000000E-01    0.000000000000000E+00
    8.325000000000001E-03    1.000000000000000E-01    0.000000000000000E+00
    8.350000000000000E-03    1.000000000000000E-01    0.000000000000000E+00
    8.375000000000000E-03    1.000000000000000E-01    0.000000000000000E+00
    8.400000000000001E-03    1.000000000000000E-01    0.000000000000000E+00
    8.425000000000000E-03    1.000000000000000E-01    0.000000000000000E+00
    8.450000000000001E-03    1.000000000000000E-01    0.000000000000000E+00
    8.475000000000000E-03    1.000000000000000E-01    0.000000000000000E+00
    8.500000000000001E-03    1.000000000000000E-01    0.000000000000000E+00
    8.525000000000000E-03    1.000000000000000E-01    0.000000000000000E+00
    8.550000000000000E-03    1.000000000000000E-01    0.000000000000000E+00
    8.575000000000001E-03    1.000000000000000E-01    0.000000000000000E+00
    8.600000000000000E-03    1.000000000000000E-01    0.000000000000000E+00
    8.625000000000001E-03    1.000000000000000E-01    0.000000000000000E+00
    8.650000000000000E-03    1.000000000000000E-01    0.000000000000000E+00
    8.675000000000000E-03    1.000000000000000E-01    0.000000000000000E+00
    8.700000000000001E-03    1.000000000000000E-01    0.000000000000000E+00
    8.725000000000000E-03    1.000000000000000E-01    0.000000000000000E+00
    8.750000000000001E-03    1.000000000000000E-01    0.000000000000000E+00
    8.775000000000000E-03    1.000000000000000E-01    0.000000000000000E+00
    8.800000000000001E-03    1.000000000000000E-01    0.000000000000000E+00
    8.825000000000001E-03    1.000000000000000E-01    0.000000000000000E+00
    8.850000000000000E-03    1.000000000000000E-01    0.000000000000000E+00
    8.875000000000001E-03    1.000000000000000E-01    0.000000000000000E+00
    8.900000000000000E-03    1.000000000000000E-01    0.000000000000000E+00
    8.925000000000001E-03    1.000000000000000E-01    0.000000000000000E+00
    8.950000000000000E-03    1.000000000000000E-01    0.000000000000000E+00
    8.975000000000000E-03    1.000000000000000E-01    0.000000000000000E+00
    9.000000000000001E-03    1.000000000000000E-01    0.000000000000000E+00
    9.025000000000000E-03    1.000000000000000E-01    0.000000000000000E+00
    9.050000000000001E-03    1.000000000000000E-01    0.000000000000000E+00
    9.075000000000000E-03    1.000000000000000E-01    0.000000000000000E+00
    9.100000000000000E-03    1.000000000000000E-01    0.000000000000000E+00
    9.125000000000001E-03    1.000000000000000E-01    0.000000000000000E+00
    9.150000000000000E-03    1.000000000000000E-01    0.000000000000000E+00
    9.175000000000001E-03    1.000000000000000E-01    0.000000000000000E+00
    9.200000000000000E-03    1.000000000000000E-01    0.000000000000000E+00
    9.225000000000001E-03    1.000000000000000E-01    0.000000000000000E+00
    9.250000000000001E-03    1.000000000000000E-01    0.000000000000000E+00
    9.275000000000000E-03    1.000000000000000E-01    0.000000000000000E+00
    9.300000000000001E-03    1.000000000000000E-01    0.000000000000000E+00
    9.325000000000000E-03    1.000000000000000E-01    0.000000000000000E+00
    9.350000000000001E-03    1.000000000000000E-01    0.000000000000000E+00
    9.375000000000000E-03    1.000000000000000E-01    0.000000000000000E+00
    9.400000000000000E-03    1.000000000000000E-01    0.000000000000000E+00
    9.425000000000001E-03    1.000000000000000E-01    0.000000000000000E+00
    9.450000000000000E-03    1.000000000000000E-01    0.000000000000000E+00
    9.475000000000001E-03    1.000000000000000E-01    0.000000000000000E+00
    9.500000000000000E-03    1.000000000000000E-01    0.000000000000000E+00
    9.525000000000000E-03    1.000000000000000E-01    0.000000000000000E+00
    9.550000000000001E-03    1.000000000000000E-01    0.000000000000000E+00
    9.575000000000000E-03    1.000000000000000E-01    0.000000000000000E+00
    9.600000000000001E-03    1.000000000000000E-01    0.000000000000000E+00
    9.625000000000000E-03    1.000000000000000E-01    0.000000000000000E+00
    9.650000000000001E-03    1.000000000000000E-01    0.000000000000000E+00
    9.675000000000001E-03    1.000000000000000E-01    0.000000000000000E+00
    9.700000000000000E-03    1.000000000000000E-01    0.000000000000000E+00
    9.725000000000001E-03    1.000000000000000E-01    0.000000000000000E+00
    9.750000000000000E-03    1.000000000000000E-01    0.000000000000000E+00
    9.775000000000001E-03    1.000000000000000E-01    0.000000000000000E+00
    9.800000000000000E-03    1.000000000000000E-01    0.000000000000000E+00
    9.825000000000000E-03    1.000000000000000E-01    0.000000000000000E+00
    9.850000000000001E-03    1.000000000000000E-01    0.000000000000000E+00
    9.875000000000000E-03    1.000000000000000E-01    0.000000000000000E+00
    9.900000000000001E-03    1.000000000000000E-01    0.000000000000000E+00
    9.925000000000000E-03    1.000000000000000E-01    0.000000000000000E+00
    9.950000000000001E-03    1.000000000000000E-01    0.000000000000000E+00
    9.975000000000001E-03    1.000000000000000E-01    0.000000000000000E+00
    1.000000000000000E-02    1.000000000000000E-01    0.000000000000000E+00
    0.000000000000000E+00    0.000000000000000E+00    1.000000000000000E-01
    2.500000000000000E-05    0.000000000000000E+00    1.000000000000000E-01
    5.000000000000000E-05    0.000000000000000E+00    1.000000000000000E-01
    7.500000000000001E-05    0.000000000000000E+00    1.000000000000000E-01
    1.000000000000000E-04    0.000000000000000E+00    1.000000000000000E-01
    1.250000000000000E-04    0.000000000000000E+00    1.000000000000000E-01
    1.500000000000000E-04    0.000000000000000E+00    1.000000000000000E-01
    1.750000000000000E-04    0.000000000000000E+00    1.000000000000000E-01
    2.000000000000000E-04    0.000000000000000E+00    1.000000000000000E-01
    2.250000000000000E-04    0.000000000000000E+00    1.000000000000000E-01
    2.500000000000000E-04    0.000000000000000E+00    1.000000000000000E-01
    2.750000000000000E-04    0.000000000000000E+00    1.000000000000000E-01
    3.000000000000000E-04    0.000000000000000E+00    1.000000000000000E-01
    3.250000000000000E-04    0.000000000000000E+00    1.000000000000000E-01
    3.500000000000000E-04    0.000000000000000E+00    1.000000000000000E-01
    3.750000000000000E-04    0.000000000000000E+00    1.000000000000000E-01
    4.000000000000000E-04    0.000000000000000E+00    1.000000000000000E-01
    4.250000000000000E-04    0.000000000000000E+00    1.000000000000000E-01
    4.500000000000000E-04    0.000000000000000E+00    1.000000000000000E-01
    4.750000000000000E-04    0.000000000000000E+00    1.000000000000000E-01
    5.000000000000000E-04    0.000000000000000E+00    1.000000000000000E-01
    5.250000000000001E-04    0.000000000000000E+00    1.000000000000000E-01
    5.500000000000000E-04    0.000000000000000E+00    1.000000000000000E-01
    5.750000000000000E-04    0.000000000000000E+00    1.000000000000000E-01
    6.000000000000001E-04    0.000000000000000E+00    1.000000000000000E-01
    6.250000000000000E-04    0.000000000000000E+00    1.000000000000000E-01
    6.500000000000001E-04    0.000000000000000E+00    1.000000000000000E-01
    6.750000000000000E-04    0.000000000000000E+00    1.000000000000000E-01
    7.000000000000000E-04    0.000000000000000E+00    1.000000000000000E-01
    7.250000000000001E-04    0.000000000000000E+00    1.000000000000000E-01
    7.500000000000000E-04    0.000000000000000E+00    1.000000000000000E-01
    7.750000000000001E-04    0.000000000000000E+00    1.000000000000000E-01
    8.000000000000000E-04    0.000000000000000E+00    1.000000000000000E-01
    8.250000000000000E-04    0.000000000000000E+00    1.000000000000000E-01
    8.500000000000001E-04    0.000000000000000E+00    1.000000000000000E-01
    8.750000000000000E-04    0.000000000000000E+00    1.000000000000000E-01
    9.000000000000001E-04    0.000000000000000E+00    1.000000000000000E-01
    9.250000000000000E-04    0.000000000000000E+00    1.000000000000000E-01
    9.500000000000000E-04    0.000000000000000E+00    1.000000000000000E-01
    9.750000000000001E-04    0.000000000000000E+00    1.000000000000000E-01
    1.000000000000000E-03    0.000000000000000E+00    1.000000000000000E-01
    1.025000000000000E-03    0.000000000000000E+00    1.000000000000000E-01
    1.050000000000000E-03    0.000000000000000E+00    1.000000000000000E-01
    1.075000000000000E-03    0.000000000000000E+00    1.000000000000000E-01
    1.100000000000000E-03    0.000000000000000E+00    1.000000000000000E-01
    1.125000000000000E-03    0.000000000000000E+00    1.000000000000000E-01
    1.150000000000000E-03    0.000000000000000E+00    1.000000000000000E-01
    1.175000000000000E-03    0.000000000000000E+00    1.000000000000000E-01
    1.200000000000000E-03    0.000000000000000E+00    1.000000000000000E-01
    1.225000000000000E-03    0.000000000000000E+00    1.000000000000000E-01
    1.250000000000000E-03    0.000000000000000E+00    1.000000000000000E-01
    1.275000000000000E-03    0.000000000000000E+00    1.000000000000000E-01
    1.300000000000000E-03    0.000000000000000E+00    1.000000000000000E-01
    1.325000000000000E-03    0.000000000000000E+00    1.000000000000000E-01
    1.350000000000000E-03    0.000000000000000E+00    1.000000000000000E-01
    1.375000000000000E-03    0.000000000000000E+00    1.000000000000000E-01
    1.400000000000000E-03    0.000000000000000E+00    1.000000000000000E-01
    1.425000000000000E-03    0.000000000000000E+00    1.000000000000000E-01
    1.450000000000000E-03    0.000000000000000E+00    1.000000000000000E-01
    1.475000000000000E-03    0.000000000000000E+00    1.000000000000000E-01
    1.500000000000000E-03    0.000000000000000E+00    1.000000000000000E-01
    1.525000000000000E-03    0.000000000000000E+00    1.000000000000000E-01
    1.550000000000000E-03    0.000000000000000E+00    1.000000000000000E-01
    1.575000000000000E-03    0.000000000000000E+00    1.000000000000000E-01
    1.600000000000000E-03    0.000000000000000E+00    1.000000000000000E-01
    1.625000000000000E-03    0.000000000000000E+00    1.000000000000000E-01
    1.650000000000000E-03    0.000000000000000E+00    1.000000000000000E-01
    1.675000000000000E-03    0.000000000000000E+00    1.000000000000000E-01
    1.700000000000000E-03    0.000000000000000E+00    1.000000000000000E-01
    1.725000000000000E-03    0.000000000000000E+00    1.000000000000000E-01
    1.750000000000000E-03    0.000000000000000E+00    1.000000000000000E-01
    1.775000000000000E-03    0.000000000000000E+00    1.000000000000000E-01
    1.800000000000000E-03    0.000000000000000E+00    1.000000000000000E-01
    1.825000000000000E-03    0.000000000000000E+00    1.000000000000000E-01
    1.850000000000000E-03    0.000000000000000E+00    1.000000000000000E-01
    1.875000000000000E-03    0.000000000000000E+00    1.000000000000000E-01
    1.900000000000000E-03    0.000000000000000E+00    1.000000000000000E-01
    1.925000000000000E-03    0.000000000000000E+00    1.000000000000000E-01
    1.950000000000000E-03    0.000000000000000E+00    1.000000000000000E-01
    1.975000000000000E-03    0.000000000000000E+00    1.000000000000000E-01
    2.000000000000000E-03    0.000000000000000E+00    1.000000000000000E-01
    2.025000000000000E-03    0.000000000000000E+00    1.000000000000000E-01
    2.050000000000000E-03    0.000000000000000E+00    1.000000000000000E-01
    2.075000000000000E-03    0.000000000000000E+00    1.000000000000000E-01
    2.100000000000000E-03    0.000000000000000E+00    1.000000000000000E-01
    2.125000000000000E-03    0.000000000000000E+00    1.000000000000000E-01
    2.150000000000000E-03    0.000000000000000E+00    1.000000000000000E-01
    2.175000000000000E-03    0.000000000000000E+00    1.000000000000000E-01
    2.200000000000000E-03    0.000000000000000E+00    1.000000000000000E-01
    2.225000000000000E-03    0.000000000000000E+00    1.000000000000000E-01
    2.250000000000000E-03    0.000000000000000E+00    1.000000000000000E-01
    2.275000000000000E-03    0.000000000000000E+00    1.000000000000000E-01
    2.300000000000000E-03    0.000000000000000E+00    1.000000000000000E-01
    2.325000000000000E-03    0.000000000000000E+00    1.000000000000000E-01
    2.350000000000000E-03    0.000000000000000E+00    1.000000000000000E-01
    2.375000000000000E-03    0.000000000000000E+00    1.000000000000000E-01
    2.400000000000000E-03    0.000000000000000E+00    1.000000000000000E-01
    2.425000000000000E-03    0.000000000000000E+00    1.000000000000000E-01
    2.450000000000000E-03    0.000000000000000E+00    1.000000000000000E-01
    2.475000000000000E-03    0.000000000000000E+00    1.000000000000000E-01
    2.500000000000000E-03    0.000000000000000E+00    1.000000000000000E-01
    2.525000000000000E-03    0.000000000000000E+00    1.000000000000000E-01
    2.550000000000000E-03    0.000000000000000E+00    1.000000000000000E-01
    2.575000000000000E-03    0.000000000000000E+00    1.000000000000000E-01
    2.600000000000000E-03    0.000000000000000E+00    1.000000000000000E-01
    2.625000000000000E-03    0.000000000000000E+00    1.000000000000000E-01
    2.650000000000000E-03    0.000000000000000E+00    1.000000000000000E-01
    2.675000000000000E-03    0.000000000000000E+00    1.000000000000000E-01
    2.700000000000000E-03    0.000000000000000E+00    1.000000000000000E-01
    2.725000000000000E-03    0.000000000000000E+00    1.000000000000000E-01
    2.750000000000000E-03    0.000000000000000E+00    1.000000000000000E-01
    2.775000000000000E-03    0.000000000000000E+00    1.000000000000000E-01
    2.800000000000000E-03    0.000000000000000E+00    1.000000000000000E-01
    2.825000000000000E-03    0.000000000000000E+00    1.000000000000000E-01
    2.850000000000000E-03    0.000000000000000E+00    1.000000000000000E-01
    2.875000000000000E-03    0.000000000000000E+00    1.000000000000000E-01
    2.900000000000000E-03    0.000000000000000E+00    1.000000000000000E-01
    2.925000000000000E-03    0.000000000000000E+00    1.000000000000000E-01
    2.950000000000000E-03    0.000000000000000E+00    1.000000000000000E-01
    2.975000000000000E-03    0.000000000000000E+00    1.000000000000000E-01
    3.000000000000000E-03    0.000000000000000E+00    1.000000000000000E-01
    3.025000000000000E-03    0.000000000000000E+00    1.000000000000000E-01
    3.050000000000000E-03    0.000000000000000E+00    1.000000000000000E-01
    3.075000000000000E-03    0.000000000000000E+00    1.000000000000000E-01
    3.100000000000000E-03    0.000000000000000E+00    1.000000000000000E-01
    3.125000000000000E-03    0.000000000000000E+00    1.000000000000000E-01
    3.150000000000000E-03    0.000000000000000E+00    1.000000000000000E-01
    3.175000000000000E-03    0.000000000000000E+00    1.000000000000000E-01
    3.200000000000000E-03    0.000000000000000E+00    1.000000000000000E-01
    3.225000000000000E-03    0.000000000000000E+00    1.000000000000000E-01
    3.250000000000000E-03    0.000000000000000E+00    1.000000000000000E-01
    3.275000000000000E-03    0.000000000000000E+00    1.000000000000000E-01
    3.300000000000000E-03    0.000000000000000E+00    1.000000000000000E-01
    3.325000000000000E-03    0.000000000000000E+00    1.000000000000000E-01
    3.350000000000000E-03    0.000000000000000E+00    1.000000000000000E-01
    3.375000000000000E-03    0.000000000000000E+00    1.000000000000000E-01
    3.400000000000000E-03    0.000000000000000E+00    1.000000000000000E-01
    3.425000000000000E-03    0.000000000000000E+00    1.000000000000000E-01
    3.450000000000000E-03    0.000000000000000E+00    1.000000000000000E-01
    3.475000000000000E-03    0.000000000000000E+00    1.000000000000000E-01
    3.500000000000000E-03    0.000000000000000E+00    1.000000000000000E-01
    3.525000000000000E-03    0.000000000000000E+00    1.000000000000000E-01
    3.550000000000000E-03    0.000000000000000E+00    1.000000000000000E-01
    3.575000000000000E-03    0.000000000000000E+00    1.000000000000000E-01
    3.600000000000000E-03    0.000000000000000E+00    1.000000000000000E-01
    3.625000000000000E-03    0.000000000000000E+00    1.000000000000000E-01
    3.650000000000000E-03    0.000000000000000E+00    1.000000000000000E-01
    3.675000000000000E-03    0.000000000000000E+00    1.000000000000000E-01
    3.700000000000000E-03    0.000000000000000E+00    1.000000000000000E-01
    3.725000000000000E-03    0.000000000000000E+00    1.000000000000000E-01
    3.750000000000000E-03    0.000000000000000E+00    1.000000000000000E-01
    3.775000000000000E-03    0.000000000000000E+00    1.000000000000000E-01
    3.800000000000000E-03    0.000000000000000E+00    1.000000000000000E-01
    3.825000000000000E-03    0.000000000000000E+00    1.000000000000000E-01
    3.850000000000000E-03    0.000000000000000E+00    1.000000000000000E-01
    3.875000000000000E-03    0.000000000000000E+00    1.000000000000000E-01
    3.900000000000000E-03    0.000000000000000E+00    1.000000000000000E-01
    3.925000000000001E-03    0.000000000000000E+00    1.000000000000000E-01
    3.950000000000000E-03    0.000000000000000E+00    1.000000000000000E-01
    3.975000000000000E-03    0.000000000000000E+00    1.000000000000000E-01
    4.000000000000000E-03    0.000000000000000E+00    1.000000000000000E-01
    4.025000000000000E-03    0.000000000000000E+00    1.000000000000000E-01
    4.050000000000000E-03    0.000000000000000E+00    1.000000000000000E-01
    4.075000000000000E-03    0.000000000000000E+00    1.000000000000000E-01
    4.100000000000000E-03    0.000000000000000E+00    1.000000000000000E-01
    4.125000000000000E-03    0.000000000000000E+00    1.000000000000000E-01
    4.150000000000000E-03    0.000000000000000E+00    1.000000000000000E-01
    4.175000000000000E-03    0.000000000000000E+00    1.000000000000000E-01
    4.200000000000001E-03    0.000000000000000E+00    1.000000000000000E-01
    4.225000000000000E-03    0.000000000000000E+00    1.000000000000000E-01
    4.250000000000000E-03    0.000000000000000E+00    1.000000000000000E-01
    4.275000000000000E-03    0.000000000000000E+00    1.000000000000000E-01
    4.300000000000000E-03    0.000000000000000E+00    1.000000000000000E-01
    4.325000000000000E-03    0.000000000000000E+00    1.000000000000000E-01
    4.350000000000001E-03    0.000000000000000E+00    1.000000000000000E-01
    4.375000000000000E-03    0.000000000000000E+00    1.000000000000000E-01
    4.400000000000000E-03    0.000000000000000E+00    1.000000000000000E-01
    4.425000000000000E-03    0.000000000000000E+00    1.000000000000000E-01
    4.450000000000000E-03    0.000000000000000E+00    1.000000000000000E-01
    4.475000000000000E-03    0.000000000000000E+00    1.000000000000000E-01
    4.500000000000001E-03    0.000000000000000E+00    1.000000000000000E-01
    4.525000000000000E-03    0.000000000000000E+00    1.000000000000000E-01
    4.550000000000000E-03    0.000000000000000E+00    1.000000000000000E-01
    4.575000000000000E-03    0.000000000000000E+00    1.000000000000000E-01
    4.600000000000000E-03    0.000000000000000E+00    1.000000000000000E-01
    4.625000000000001E-03    0.000000000000000E+00    1.000000000000000E-01
    4.650000000000000E-03    0.000000000000000E+00    1.000000000000000E-01
    4.675000000000000E-03    0.000000000000000E+00    1.000000000000000E-01
    4.700000000000000E-03    0.000000000000000E+00    1.000000000000000E-01
    4.725000000000000E-03    0.000000000000000E+00    1.000000000000000E-01
    4.750000000000000E-03    0.000000000000000E+00    1.000000000000000E-01
    4.775000000000001E-03    0.000000000000000E+00    1.000000000000000E-01
    4.800000000000000E-03    0.000000000000000E+00    1.000000000000000E-01
    4.825000000000000E-03    0.000000000000000E+00    1.000000000000000E-01
    4.850000000000000E-03    0.000000000000000E+00    1.000000000000000E-01
    4.875000000000000E-03    0.000000000000000E+00    1.000000000000000E-01
    4.900000000000000E-03    0.000000000000000E+00    1.000000000000000E-01
    4.925000000000001E-03    0.000000000000000E+00    1.000000000000000E-01
    4.950000000000000E-03    0.000000000000000E+00    1.000000000000000E-01
    4.975000000000000E-03    0.000000000000000E+00    1.000000000000000E-01
    5.000000000000000E-03    0.000000000000000E+00    1.000000000000000E-01
    5.025000000000000E-03    0.000000000000000E+00    1.000000000000000E-01
    5.050000000000001E-03    0.000000000000000E+00    1.000000000000000E-01
    5.075000000000001E-03    0.000000000000000E+00    1.000000000000000E-01
    5.100000000000000E-03    0.000000000000000E+00    1.000000000000000E-01
    5.125000000000000E-03    0.000000000000000E+00    1.000000000000000E-01
    5.150000000000000E-03    0.000000000000000E+00    1.000000000000000E-01
    5.175000000000000E-03    0.000000000000000E+00    1.000000000000000E-01
    5.200000000000001E-03    0.000000000000000E+00    1.000000000000000E-01
    5.225000000000000E-03    0.000000000000000E+00    1.000000000000000E-01
    5.250000000000000E-03    0.000000000000000E+00    1.000000000000000E-01
    5.275000000000000E-03    0.000000000000000E+00    1.000000000000000E-01
    5.300000000000000E-03    0.000000000000000E+00    1.000000000000000E-01
    5.325000000000000E-03    0.000000000000000E+00    1.000000000000000E-01
    5.350000000000001E-03    0.000000000000000E+00    1.000000000000000E-01
    5.375000000000000E-03    0.000000000000000E+00    1.000000000000000E-01
    5.400000000000000E-03    0.000000000000000E+00    1.000000000000000E-01
    5.425000000000000E-03    0.000000000000000E+00    1.000000000000000E-01
    5.450000000000000E-03    0.000000000000000E+00    1.000000000000000E-01
    5.475000000000000E-03    0.000000000000000E+00    1.000000000000000E-01
    5.500000000000001E-03    0.000000000000000E+00    1.000000000000000E-01
    5.525000000000000E-03    0.000000000000000E+00    1.000000000000000E-01
    5.550000000000000E-03    0.000000000000000E+00    1.000000000000000E-01
    5.575000000000000E-03    0.000000000000000E+00    1.000000000000000E-01
    5.600000000000000E-03    0.000000000000000E+00    1.000000000000000E-01
    5.625000000000001E-03    0.000000000000000E+00    1.000000000000000E-01
    5.650000000000001E-03    0.000000000000000E+00    1.000000000000000E-01
    5.675000000000000E-03    0.000000000000000E+00    1.000000000000000E-01
    5.700000000000000E-03    0.000000000000000E+00    1.000000000000000E-01
    5.725000000000000E-03    0.000000000000000E+00    1.000000000000000E-01
    5.750000000000000E-03    0.000000000000000E+00    1.000000000000000E-01
    5.775000000000001E-03    0.000000000000000E+00    1.000000000000000E-01
    5.800000000000000E-03    0.000000000000000E+00    1.000000000000000E-01
    5.825000000000000E-03    0.000000000000000E+00    1.000000000000000E-01
    5.850000000000000E-03    0.000000000000000E+00    1.000000000000000E-01
    5.875000000000000E-03    0.000000000000000E+00    1.000000000000000E-01
    5.900000000000000E-03    0.000000000000000E+00    1.000000000000000E-01
    5.925000000000001E-03    0.000000000000000E+00    1.000000000000000E-01
    5.950000000000000E-03    0.000000000000000E+00    1.000000000000000E-01
    5.975000000000000E-03    0.000000000000000E+00    1.000000000000000E-01
    6.000000000000000E-03    0.000000000000000E+00    1.000000000000000E-01
    6.025000000000000E-03    0.000000000000000E+00    1.000000000000000E-01
    6.050000000000001E-03    0.000000000000000E+00    1.000000000000000E-01
    6.075000000000001E-03    0.000000000000000E+00    1.000000000000000E-01
    6.100000000000000E-03    0.000000000000000E+00    1.000000000000000E-01
    6.125000000000000E-03    0.000000000000000E+00    1.000000000000000E-01
    6.150000000000000E-03    0.000000000000000E+00    1.000000000000000E-01
    6.175000000000000E-03    0.000000000000000E+00    1.000000000000000E-01
    6.200000000000001E-03    0.000000000000000E+00    1.000000000000000E-01
    6.225000000000000E-03    0.000000000000000E+00    1.000000000000000E-01
    6.250000000000000E-03    0.000000000000000E+00    1.000000000000000E-01
    6.275000000000000E-03    0.000000000000000E+00    1.000000000000000E-01
    6.300000000000000E-03    0.000000000000000E+00    1.000000000000000E-01
    6.325000000000000E-03    0.000000000000000E+00    1.000000000000000E-01
    6.350000000000001E-03    0.000000000000000E+00    1.000000000000000E-01
    6.375000000000000E-03    0.000000000000000E+00    1.000000000000000E-01
    6.400000000000000E-03    0.000000000000000E+00    1.000000000000000E-01
    6.425000000000000E-03    0.000000000000000E+00    1.000000000000000E-01
    6.450000000000000E-03    0.000000000000000E+00    1.000000000000000E-01
    6.475000000000001E-03    0.000000000000000E+00    1.000000000000000E-01
    6.500000000000001E-03    0.000000000000000E+00    1.000000000000000E-01
    6.525000000000000E-03    0.000000000000000E+00    1.000000000000000E-01
    6.550000000000000E-03    0.000000000000000E+00    1.000000000000000E-01
    6.575000000000000E-03    0.000000000000000E+00    1.000000000000000E-01
    6.600000000000000E-03    0.000000000000000E+00    1.000000000000000E-01
    6.625000000000001E-03    0.000000000000000E+00    1.000000000000000E-01
    6.650000000000001E-03    0.000000000000000E+00    1.000000000000000E-01
    6.675000000000000E-03    0.000000000000000E+00    1.000000000000000E-01
    6.700000000000000E-03    0.000000000000000E+00    1.000000000000000E-01
    6.725000000000000E-03    0.000000000000000E+00    1.000000000000000E-01
    6.750000000000000E-03    0.000000000000000E+00    1.000000000000000E-01
    6.775000000000001E-03    0.000000000000000E+00    1.000000000000000E-01
    6.800000000000000E-03    0.000000000000000E+00    1.000000000000000E-01
    6.825000000000000E-03    0.000000000000000E+00    1.000000000000000E-01
    6.850000000000000E-03    0.000000000000000E+00    1.000000000000000E-01
    6.875000000000000E-03    0.000000000000000E+00    1.000000000000000E-01
    6.900000000000001E-03    0.000000000000000E+00    1.000000000000000E-01
    6.925000000000001E-03    0.000000000000000E+00    1.000000000000000E-01
    6.950000000000000E-03    0.000000000000000E+00    1.000000000000000E-01
    6.975000000000000E-03    0.000000000000000E+00    1.000000000000000E-01
    7.000000000000000E-03    0.000000000000000E+00    1.000000000000000E-01
    7.025000000000000E-03    0.000000000000000E+00    1.000000000000000E-01
    7.050000000000001E-03    0.000000000000000E+00    1.000000000000000E-01
    7.075000000000001E-03    0.000000000000000E+00    1.000000000000000E-01
    7.100000000000000E-03    0.000000000000000E+00    1.000000000000000E-01
    7.125000000000000E-03    0.000000000000000E+00    1.000000000000000E-01
    7.150000000000000E-03    0.000000000000000E+00    1.000000000000000E-01
    7.175000000000000E-03    0.000000000000000E+00    1.000000000000000E-01
    7.200000000000001E-03    0.000000000000000E+00    1.000000000000000E-01
    7.225000000000001E-03    0.000000000000000E+00    1.000000000000000E-01
    7.250000000000000E-03    0.000000000000000E+00    1.000000000000000E-01
    7.275000000000000E-03    0.000000000000000E+00    1.000000000000000E-01
    7.300000000000000E-03    0.000000000000000E+00    1.000000000000000E-01
    7.325000000000001E-03    0.000000000000000E+00    1.000000000000000E-01
    7.350000000000001E-03    0.000000000000000E+00    1.000000000000000E-01
    7.375000000000000E-03    0.000000000000000E+00    1.000000000000000E-01
    7.400000000000000E-03    0.000000000000000E+00    1.000000000000000E-01
    7.425000000000000E-03    0.000000000000000E+00    1.000000000000000E-01
    7.450000000000000E-03    0.000000000000000E+00    1.000000000000000E-01
    7.475000000000001E-03    0.000000000000000E+00    1.000000000000000E-01
    7.500000000000001E-03    0.000000000000000E+00    1.000000000000000E-01
    7.525000000000000E-03    0.000000000000000E+00    1.000000000000000E-01
    7.550000000000000E-03    0.000000000000000E+00    1.000000000000000E-01
    7.575000000000000E-03    0.000000000000000E+00    1.000000000000000E-01
    7.600000000000000E-03    0.000000000000000E+00    1.000000000000000E-01
    7.625000000000001E-03    0.000000000000000E+00    1.000000000000000E-01
    7.650000000000001E-03    0.000000000000000E+00    1.000000000000000E-01
    7.675000000000000E-03    0.000000000000000E+00    1.000000000000000E-01
    7.700000000000000E-03    0.000000000000000E+00    1.000000000000000E-01
    7.725000000000000E-03    0.000000000000000E+00    1.000000000000000E-01
    7.750000000000000E-03    0.000000000000000E+00    1.000000000000000E-01
    7.775000000000001E-03    0.000000000000000E+00    1.000000000000000E-01
    7.800000000000001E-03    0.000000000000000E+00    1.000000000000000E-01
    7.825000000000000E-03    0.000000000000000E+00    1.000000000000000E-01
    7.850000000000001E-03    0.000000000000000E+00    1.000000000000000E-01
    7.875000000000000E-03    0.000000000000000E+00    1.000000000000000E-01
    7.900000000000001E-03    0.000000000000000E+00    1.000000000000000E-01
    7.925000000000000E-03    0.000000000000000E+00    1.000000000000000E-01
    7.950000000000000E-03    0.000000000000000E+00    1.000000000000000E-01
    7.975000000000001E-03    0.000000000000000E+00    1.000000000000000E-01
    8.000000000000000E-03    0.000000000000000E+00    1.000000000000000E-01
    8.025000000000001E-03    0.000000000000000E+00    1.000000000000000E-01
    8.050000000000000E-03    0.000000000000000E+00    1.000000000000000E-01
    8.075000000000001E-03    0.000000000000000E+00    1.000000000000000E-01
    8.100000000000000E-03    0.000000000000000E+00    1.000000000000000E-01
    8.125000000000000E-03    0.000000000000000E+00    1.000000000000000E-01
    8.150000000000001E-03    0.000000000000000E+00    1.000000000000000E-01
    8.175000000000000E-03    0.000000000000000E+00    1.000000000000000E-01
    8.200000000000001E-03    0.000000000000000E+00    1.000000000000000E-01
    8.225000000000000E-03    0.000000000000000E+00    1.000000000000000E-01
    8.250000000000000E-03    0.000000000000000E+00    1.000000000000000E-01
    8.275000000000001E-03    0.000000000000000E+00    1.000000000000000E-01
    8.300000000000000E-03    0.000000000000000E+00    1.000000000000000E-01
    8.325000000000001E-03    0.000000000000000E+00    1.000000000000000E-01
    8.350000000000000E-03    0.000000000000000E+00    1.000000000000000E-01
    8.375000000000000E-03    0.000000000000000E+00    1.000000000000000E-01
    8.400000000000001E-03    0.000000000000000E+00    1.000000000000000E-01
    8.425000000000000E-03    0.000000000000000E+00    1.000000000000000E-01
    8.450000000000001E-03    0.000000000000000E+00    1.000000000000000E-01
    8.475000000000000E-03    0.000000000000000E+00    1.000000000000000E-01
    8.500000000000001E-03    0.000000000000000E+00    1.000000000000000E-01
    8.525000000000000E-03    0.000000000000000E+00    1.000000000000000E-01
    8.550000000000000E-03    0.000000000000000E+00    1.000000000000000E-01
    8.575000000000001E-03    0.000000000000000E+00    1.000000000000000E-01
    8.600000000000000E-03    0.000000000000000E+00    1.000000000000000E-01
    8.625000000000001E-03    0.000000000000000E+00    1.000000000000000E-01
    8.650000000000000E-03    0.000000000000000E+00    1.000000000000000E-01
    8.675000000000000E-03    0.000000000000000E+00    1.000000000000000E-01
    8.700000000000001E-03    0.000000000000000E+00    1.000000000000000E-01
    8.725000000000000E-03    0.000000000000000E+00    1.000000000000000E-01
    8.750000000000001E-03    0.000000000000000E+00    1.000000000000000E-01
    8.775000000000000E-03    0.000000000000000E+00    1.000000000000000E-01
    8.800000000000001E-03    0.000000000000000E+00    1.000000000000000E-01
    8.825000000000001E-03    0.000000000000000E+00    1.000000000000000E-01
    8.850000000000000E-03    0.000000000000000E+00    1.000000000000000E-01
    8.875000000000001E-03    0.000000000000000E+00    1.000000000000000E-01
    8.900000000000000E-03    0.000000000000000E+00    1.000000000000000E-01
    8.925000000000001E-03    0.000000000000000E+00    1.000000000000000E-01
    8.950000000000000E-03    0.000000000000000E+00    1.000000000000000E-01
    8.975000000000000E-03    0.000000000000000E+00    1.000000000000000E-01
    9.000000000000001E-03    0.000000000000000E+00    1.000000000000000E-01
    9.025000000000000E-03    0.000000000000000E+00    1.000000000000000E-01
    9.050000000000001E-03    0.000000000000000E+00    1.000000000000000E-01
    9.075000000000000E-03    0.000000000000000E+00    1.000000000000000E-01
    9.100000000000000E-03    0.000000000000000E+00    1.000000000000000E-01
    9.125000000000001E-03    0.000000000000000E+00    1.000000000000000E-01
    9.150000000000000E-03    0.000000000000000E+00    1.000000000000000E-01
    9.175000000000001E-03    0.000000000000000E+00    1.000000000000000E-01
    9.200000000000000E-03    0.000000000000000E+00    1.000000000000000E-01
    9.225000000000001E-03    0.000000000000000E+00    1.000000000000000E-01
    9.250000000000001E-03    0.000000000000000E+00    1.000000000000000E-01
    9.275000000000000E-03    0.000000000000000E+00    1.000000000000000E-01
    9.300000000000001E-03    0.000000000000000E+00    1.000000000000000E-01
    9.325000000000000E-03    0.000000000000000E+00    1.000000000000000E-01
    9.350000000000001E-03    0.000000000000000E+00    1.000000000000000E-01
    9.375000000000000E-03    0.000000000000000E+00    1.000000000000000E-01
    9.400000000000000E-03    0.000000000000000E+00    1.000000000000000E-01
    9.425000000000001E-03    0.000000000000000E+00    1.000000000000000E-01
    9.450000000000000E-03    0.000000000000000E+00    1.000000000000000E-01
    9.475000000000001E-03    0.000000000000000E+00    1.000000000000000E-01
    9.500000000000000E-03    0.000000000000000E+00    1.000000000000000E-01
    9.525000000000000E-03    0.000000000000000E+00    1.000000000000000E-01
    9.550000000000001E-03    0.000000000000000E+00    1.000000000000000E-01
    9.575000000000000E-03    0.000000000000000E+00    1.000000000000000E-01
    9.600000000000001E-03    0.000000000000000E+00    1.000000000000000E-01
    9.625000000000000E-03    0.000000000000000E+00    1.000000000000000E-01
    9.650000000000001E-03    0.000000000000000E+00    1.000000000000000E-01
    9.675000000000001E-03    0.000000000000000E+00    1.000000000000000E-01
    9.700000000000000E-03    0.000000000000000E+00    1.000000000000000E-01
    9.725000000000001E-03    0.000000000000000E+00    1.000000000000000E-01
    9.750000000000000E-03    0.000000000000000E+00    1.000000000000000E-01
    9.775000000000001E-03    0.000000000000000E+00    1.000000000000000E-01
    9.800000000000000E-03    0.000000000000000E+00    1.000000000000000E-01
    9.825000000000000E-03    0.000000000000000E+00    1.000000000000000E-01
    9.850000000000001E-03    0.000000000000000E+00    1.000000000000000E-01
    9.875000000000000E-03    0.000000000000000E+00    1.000000000000000E-01
    9.900000000000001E-03    0.000000000000000E+00    1.000000000000000E-01
    9.925000000000000E-03    0.000000000000000E+00    1.000000000000000E-01
    9.950000000000001E-03    0.000000000000000E+00    1.000000000000000E-01
    9.975000000000001E-03    0.000000000000000E+00    1.000000000000000E-01
    1.000000000000000E-02    0.000000000000000E+00    1.000000000000000E-01
    0.000000000000000E+00    1.000000000000000E-01    1.000000000000000E-01
    2.500000000000000E-05    1.000000000000000E-01    1.000000000000000E-01
    5.000000000000000E-05    1.000000000000000E-01    1.000000000000000E-01
    7.500000000000001E-05    1.000000000000000E-01    1.000000000000000E-01
    1.000000000000000E-04    1.000000000000000E-01    1.000000000000000E-01
    1.250000000000000E-04    1.000000000000000E-01    1.000000000000000E-01
    1.500000000000000E-04    1.000000000000000E-01    1.000000000000000E-01
    1.750000000000000E-04    1.000000000000000E-01    1.000000000000000E-01
    2.000000000000000E-04    1.000000000000000E-01    1.000000000000000E-01
    2.250000000000000E-04    1.000000000000000E-01    1.000000000000000E-01
    2.500000000000000E-04    1.000000000000000E-01    1.000000000000000E-01
    2.750000000000000E-04    1.000000000000000E-01    1.000000000000000E-01
    3.000000000000000E-04    1.000000000000000E-01    1.000000000000000E-01
    3.250000000000000E-04    1.000000000000000E-01    1.000000000000000E-01
    3.500000000000000E-04    1.000000000000000E-01    1.000000000000000E-01
    3.750000000000000E-04    1.000000000000000E-01    1.000000000000000E-01
    4.000000000000000E-04    1.000000000000000E-01    1.000000000000000E-01
    4.250000000000000E-04    1.000000000000000E-01    1.000000000000000E-01
    4.500000000000000E-04    1.000000000000000E-01    1.000000000000000E-01
    4.750000000000000E-04    1.000000000000000E-01    1.000000000000000E-01
    5.000000000000000E-04    1.000000000000000E-01    1.000000000000000E-01
    5.250000000000001E-04    1.000000000000000E-01    1.000000000000000E-01
    5.500000000000000E-04    1.000000000000000E-01    1.000000000000000E-01
    5.750000000000000E-04    1.000000000000000E-01    1.000000000000000E-01
    6.000000000000001E-04    1.000000000000000E-01    1.000000000000000E-01
    6.250000000000000E-04    1.000000000000000E-01    1.000000000000000E-01
    6.500000000000001E-04    1.000000000000000E-01    1.000000000000000E-01
    6.750000000000000E-04    1.000000000000000E-01    1.000000000000000E-01
    7.000000000000000E-04    1.000000000000000E-01    1.000000000000000E-01
    7.250000000000001E-04    1.000000000000000E-01    1.000000000000000E-01
    7.500000000000000E-04    1.000000000000000E-01    1.000000000000000E-01
    7.750000000000001E-04    1.000000000000000E-01    1.000000000000000E-01
    8.000000000000000E-04    1.000000000000000E-01    1.000000000000000E-01
    8.250000000000000E-04    1.000000000000000E-01    1.000000000000000E-01
    8.500000000000001E-04    1.000000000000000E-01    1.000000000000000E-01
    8.750000000000000E-04    1.000000000000000E-01    1.000000000000000E-01
    9.000000000000001E-04    1.000000000000000E-01    1.000000000000000E-01
    9.250000000000000E-04    1.000000000000000E-01    1.000000000000000E-01
    9.500000000000000E-04    1.000000000000000E-01    1.000000000000000E-01
    9.750000000000001E-04    1.000000000000000E-01    1.000000000000000E-01
    1.000000000000000E-03    1.000000000000000E-01    1.000000000000000E-01
    1.025000000000000E-03    1.000000000000000E-01    1.000000000000000E-01
    1.050000000000000E-03    1.000000000000000E-01    1.000000000000000E-01
    1.075000000000000E-03    1.000000000000000E-01    1.000000000000000E-01
    1.100000000000000E-03    1.000000000000000E-01    1.000000000000000E-01
    1.125000000000000E-03    1.000000000000000E-01    1.000000000000000E-01
    1.150000000000000E-03    1.000000000000000E-01    1.000000000000000E-01
    1.175000000000000E-03    1.000000000000000E-01    1.000000000000000E-01
    1.200000000000000E-03    1.000000000000000E-01    1.000000000000000E-01
    1.225000000000000E-03    1.000000000000000E-01    1.000000000000000E-01
    1.250000000000000E-03    1.000000000000000E-01    1.000000000000000E-01
    1.275000000000000E-03    1.000000000000000E-01    1.000000000000000E-01
    1.300000000000000E-03    1.000000000000000E-01    1.000000000000000E-01
    1.325000000000000E-03    1.000000000000000E-01    1.000000000000000E-01
    1.350000000000000E-03    1.000000000000000E-01    1.000000000000000E-01
    1.375000000000000E-03    1.000000000000000E-01    1.000000000000000E-01
    1.400000000000000E-03    1.000000000000000E-01    1.000000000000000E-01
    1.425000000000000E-03    1.000000000000000E-01    1.000000000000000E-01
    1.450000000000000E-03    1.000000000000000E-01    1.000000000000000E-01
    1.475000000000000E-03    1.000000000000000E-01    1.000000000000000E-01
    1.500000000000000E-03    1.000000000000000E-01    1.000000000000000E-01
    1.525000000000000E-03    1.000000000000000E-01    1.000000000000000E-01
    1.550000000000000E-03    1.000000000000000E-01    1.000000000000000E-01
    1.575000000000000E-03    1.000000000000000E-01    1.000000000000000E-01
    1.600000000000000E-03    1.000000000000000E-01    1.000000000000000E-01
    1.625000000000000E-03    1.000000000000000E-01    1.000000000000000E-01
    1.650000000000000E-03    1.000000000000000E-01    1.000000000000000E-01
    1.675000000000000E-03    1.000000000000000E-01    1.000000000000000E-01
    1.700000000000000E-03    1.000000000000000E-01    1.000000000000000E-01
    1.725000000000000E-03    1.000000000000000E-01    1.000000000000000E-01
    1.750000000000000E-03    1.000000000000000E-01    1.000000000000000E-01
    1.775000000000000E-03    1.000000000000000E-01    1.000000000000000E-01
    1.800000000000000E-03    1.000000000000000E-01    1.000000000000000E-01
    1.825000000000000E-03    1.000000000000000E-01    1.000000000000000E-01
    1.850000000000000E-03    1.000000000000000E-01    1.000000000000000E-01
    1.875000000000000E-03    1.000000000000000E-01    1.000000000000000E-01
    1.900000000000000E-03    1.000000000000000E-01    1.000000000000000E-01
    1.925000000000000E-03    1.000000000000000E-01    1.000000000000000E-01
    1.950000000000000E-03    1.000000000000000E-01    1.000000000000000E-01
    1.975000000000000E-03    1.000000000000000E-01    1.000000000000000E-01
    2.000000000000000E-03    1.000000000000000E-01    1.000000000000000E-01
    2.025000000000000E-03    1.000000000000000E-01    1.000000000000000E-01
    2.050000000000000E-03    1.000000000000000E-01    1.000000000000000E-01
    2.075000000000000E-03    1.000000000000000E-01    1.000000000000000E-01
    2.100000000000000E-03    1.000000000000000E-01    1.000000000000000E-01
    2.125000000000000E-03    1.000000000000000E-01    1.000000000000000E-01
    2.150000000000000E-03    1.000000000000000E-01    1.000000000000000E-01
    2.175000000000000E-03    1.000000000000000E-01    1.000000000000000E-01
    2.200000000000000E-03    1.000000000000000E-01    1.000000000000000E-01
    2.225000000000000E-03    1.000000000000000E-01    1.000000000000000E-01
    2.250000000000000E-03    1.000000000000000E-01    1.000000000000000E-01
    2.275000000000000E-03    1.000000000000000E-01    1.000000000000000E-01
    2.300000000000000E-03    1.000000000000000E-01    1.000000000000000E-01
    2.325000000000000E-03    1.000000000000000E-01    1.000000000000000E-01
    2.350000000000000E-03    1.000000000000000E-01    1.000000000000000E-01
    2.375000000000000E-03    1.000000000000000E-01    1.000000000000000E-01
    2.400000000000000E-03    1.000000000000000E-01    1.000000000000000E-01
    2.425000000000000E-03    1.000000000000000E-01    1.000000000000000E-01
    2.450000000000000E-03    1.000000000000000E-01    1.000000000000000E-01
    2.475000000000000E-03    1.000000000000000E-01    1.000000000000000E-01
    2.500000000000000E-03    1.000000000000000E-01    1.000000000000000E-01
    2.525000000000000E-03    1.000000000000000E-01    1.000000000000000E-01
    2.550000000000000E-03    1.000000000000000E-01    1.000000000000000E-01
    2.575000000000000E-03    1.000000000000000E-01    1.000000000000000E-01
    2.600000000000000E-03    1.000000000000000E-01    1.000000000000000E-01
    2.625000000000000E-03    1.000000000000000E-01    1.000000000000000E-01
    2.650000000000000E-03    1.000000000000000E-01    1.000000000000000E-01
    2.675000000000000E-03    1.000000000000000E-01    1.000000000000000E-01
    2.700000000000000E-03    1.000000000000000E-01    1.000000000000000E-01
    2.725000000000000E-03    1.000000000000000E-01    1.000000000000000E-01
    2.750000000000000E-03    1.000000000000000E-01    1.000000000000000E-01
    2.775000000000000E-03    1.000000000000000E-01    1.000000000000000E-01
    2.800000000000000E-03    1.000000000000000E-01    1.000000000000000E-01
    2.825000000000000E-03    1.000000000000000E-01    1.000000000000000E-01
    2.850000000000000E-03    1.000000000000000E-01    1.000000000000000E-01
    2.875000000000000E-03    1.000000000000000E-01    1.000000000000000E-01
    2.900000000000000E-03    1.000000000000000E-01    1.000000000000000E-01
    2.925000000000000E-03    1.000000000000000E-01    1.000000000000000E-01
    2.950000000000000E-03    1.000000000000000E-01    1.000000000000000E-01
    2.975000000000000E-03    1.000000000000000E-01    1.000000000000000E-01
    3.000000000000000E-03    1.000000000000000E-01    1.000000000000000E-01
    3.025000000000000E-03    1.000000000000000E-01    1.000000000000000E-01
    3.050000000000000E-03    1.000000000000000E-01    1.000000000000000E-01
    3.075000000000000E-03    1.000000000000000E-01    1.000000000000000E-01
    3.100000000000000E-03    1.000000000000000E-01    1.000000000000000E-01
    3.125000000000000E-03    1.000000000000000E-01    1.000000000000000E-01
    3.150000000000000E-03    1.000000000000000E-01    1.000000000000000E-01
    3.175000000000000E-03    1.000000000000000E-01    1.000000000000000E-01
    3.200000000000000E-03    1.000000000000000E-01    1.000000000000000E-01
    3.225000000000000E-03    1.000000000000000E-01    1.000000000000000E-01
    3.250000000000000E-03    1.000000000000000E-01    1.000000000000000E-01
    3.275000000000000E-03    1.000000000000000E-01    1.000000000000000E-01
    3.300000000000000E-03    1.000000000000000E-01    1.000000000000000E-01
    3.325000000000000E-03    1.000000000000000E-01    1.000000000000000E-01
    3.350000000000000E-03    1.000000000000000E-01    1.000000000000000E-01
    3.375000000000000E-03    1.000000000000000E-01    1.000000000000000E-01
    3.400000000000000E-03    1.000000000000000E-01    1.000000000000000E-01
    3.425000000000000E-03    1.000000000000000E-01    1.000000000000000E-01
    3.450000000000000E-03    1.000000000000000E-01    1.000000000000000E-01
    3.475000000000000E-03    1.000000000000000E-01    1.000000000000000E-01
    3.500000000000000E-03    1.000000000000000E-01    1.000000000000000E-01
    3.525000000000000E-03    1.000000000000000E-01    1.000000000000000E-01
    3.550000000000000E-03    1.000000000000000E-01    1.000000000000000E-01
    3.575000000000000E-03    1.000000000000000E-01    1.000000000000000E-01
    3.600000000000000E-03    1.000000000000000E-01    1.000000000000000E-01
    3.625000000000000E-03    1.000000000000000E-01    1.000000000000000E-01
    3.650000000000000E-03    1.000000000000000E-01    1.000000000000000E-01
    3.675000000000000E-03    1.000000000000000E-01    1.000000000000000E-01
    3.700000000000000E-03    1.000000000000000E-01    1.000000000000000E-01
    3.725000000000000E-03    1.000000000000000E-01    1.000000000000000E-01
    3.750000000000000E-03    1.000000000000000E-01    1.000000000000000E-01
    3.775000000000000E-03    1.000000000000000E-01    1.000000000000000E-01
    3.800000000000000E-03    1.000000000000000E-01    1.000000000000000E-01
    3.825000000000000E-03    1.000000000000000E-01    1.000000000000000E-01
    3.850000000000000E-03    1.000000000000000E-01    1.000000000000000E-01
    3.875000000000000E-03    1.000000000000000E-01    1.000000000000000E-01
    3.900000000000000E-03    1.000000000000000E-01    1.000000000000000E-01
    3.925000000000001E-03    1.000000000000000E-01    1.000000000000000E-01
    3.950000000000000E-03    1.000000000000000E-01    1.000000000000000E-01
    3.975000000000000E-03    1.000000000000000E-01    1.000000000000000E-01
    4.000000000000000E-03    1.000000000000000E-01    1.000000000000000E-01
    4.025000000000000E-03    1.000000000000000E-01    1.000000000000000E-01
    4.050000000000000E-03    1.000000000000000E-01    1.000000000000000E-01
    4.075000000000000E-03    1.000000000000000E-01    1.000000000000000E-01
    4.100000000000000E-03    1.000000000000000E-01    1.000000000000000E-01
    4.125000000000000E-03    1.000000000000000E-01    1.000000000000000E-01
    4.150000000000000E-03    1.000000000000000E-01    1.000000000000000E-01
    4.175000000000000E-03    1.000000000000000E-01    1.000000000000000E-01
    4.200000000000001E-03    1.000000000000000E-01    1.000000000000000E-01
    4.225000000000000E-03    1.000000000000000E-01    1.000000000000000E-01
    4.250000000000000E-03    1.000000000000000E-01    1.000000000000000E-01
    4.275000000000000E-03    1.000000000000000E-01    1.000000000000000E-01
    4.300000000000000E-03    1.000000000000000E-01    1.000000000000000E-01
    4.325000000000000E-03    1.000000000000000E-01    1.000000000000000E-01
    4.350000000000001E-03    1.000000000000000E-01    1.000000000000000E-01
    4.375000000000000E-03    1.000000000000000E-01    1.000000000000000E-01
    4.400000000000000E-03    1.000000000000000E-01    1.000000000000000E-01
    4.425000000000000E-03    1.000000000000000E-01    1.000000000000000E-01
    4.450000000000000E-03    1.000000000000000E-01    1.000000000000000E-01
    4.475000000000000E-03    1.000000000000000E-01    1.000000000000000E-01
    4.500000000000001E-03    1.000000000000000E-01    1.000000000000000E-01
    4.525000000000000E-03    1.000000000000000E-01    1.000000000000000E-01
    4.550000000000000E-03    1.000000000000000E-01    1.000000000000000E-01
    4.575000000000000E-03    1.000000000000000E-01    1.000000000000000E-01
    4.600000000000000E-03    1.000000000000000E-01    1.000000000000000E-01
    4.625000000000001E-03    1.000000000000000E-01    1.000000000000000E-01
    4.650000000000000E-03    1.000000000000000E-01    1.000000000000000E-01
    4.675000000000000E-03    1.000000000000000E-01    1.000000000000000E-01
    4.700000000000000E-03    1.000000000000000E-01    1.000000000000000E-01
    4.725000000000000E-03    1.000000000000000E-01    1.000000000000000E-01
    4.750000000000000E-03    1.000000000000000E-01    1.000000000000000E-01
    4.775000000000001E-03    1.000000000000000E-01    1.000000000000000E-01
    4.800000000000000E-03    1.000000000000000E-01    1.000000000000000E-01
    4.825000000000000E-03    1.000000000000000E-01    1.000000000000000E-01
    4.850000000000000E-03    1.000000000000000E-01    1.000000000000000E-01
    4.875000000000000E-03    1.000000000000000E-01    1.000000000000000E-01
    4.900000000000000E-03    1.000000000000000E-01    1.000000000000000E-01
    4.925000000000001E-03    1.000000000000000E-01    1.000000000000000E-01
    4.950000000000000E-03    1.000000000000000E-01    1.000000000000000E-01
    4.975000000000000E-03    1.000000000000000E-01    1.000000000000000E-01
    5.000000000000000E-03    1.000000000000000E-01    1.000000000000000E-01
    5.025000000000000E-03    1.000000000000000E-01    1.000000000000000E-01
    5.050000000000001E-03    1.000000000000000E-01    1.000000000000000E-01
    5.075000000000001E-03    1.000000000000000E-01    1.000000000000000E-01
    5.100000000000000E-03    1.000000000000000E-01    1.000000000000000E-01
    5.125000000000000E-03    1.000000000000000E-01    1.000000000000000E-01
    5.150000000000000E-03    1.000000000000000E-01    1.000000000000000E-01
    5.175000000000000E-03    1.000000000000000E-01    1.000000000000000E-01
    5.200000000000001E-03    1.000000000000000E-01    1.000000000000000E-01
    5.225000000000000E-03    1.000000000000000E-01    1.000000000000000E-01
    5.250000000000000E-03    1.000000000000000E-01    1.000000000000000E-01
    5.275000000000000E-03    1.000000000000000E-01    1.000000000000000E-01
    5.300000000000000E-03    1.000000000000000E-01    1.000000000000000E-01
    5.325000000000000E-03    1.000000000000000E-01    1.000000000000000E-01
    5.350000000000001E-03    1.000000000000000E-01    1.000000000000000E-01
    5.375000000000000E-03    1.000000000000000E-01    1.000000000000000E-01
    5.400000000000000E-03    1.000000000000000E-01    1.000000000000000E-01
    5.425000000000000E-03    1.000000000000000E-01    1.000000000000000E-01
    5.450000000000000E-03    1.000000000000000E-01    1.000000000000000E-01
    5.475000000000000E-03    1.000000000000000E-01    1.000000000000000E-01
    5.500000000000001E-03    1.000000000000000E-01    1.000000000000000E-01
    5.525000000000000E-03    1.000000000000000E-01    1.000000000000000E-01
    5.550000000000000E-03    1.000000000000000E-01    1.000000000000000E-01
    5.575000000000000E-03    1.000000000000000E-01    1.000000000000000E-01
    5.600000000000000E-03    1.000000000000000E-01    1.000000000000000E-01
    5.625000000000001E-03    1.000000000000000E-01    1.000000000000000E-01
    5.650000000000001E-03    1.000000000000000E-01    1.000000000000000E-01
    5.675000000000000E-03    1.000000000000000E-01    1.000000000000000E-01
    5.700000000000000E-03    1.000000000000000E-01    1.000000000000000E-01
    5.725000000000000E-03    1.000000000000000E-01    1.000000000000000E-01
    5.750000000000000E-03    1.000000000000000E-01    1.000000000000000E-01
    5.775000000000001E-03    1.000000000000000E-01    1.000000000000000E-01
    5.800000000000000E-03    1.000000000000000E-01    1.000000000000000E-01
    5.825000000000000E-03    1.000000000000000E-01    1.000000000000000E-01
    5.850000000000000E-03    1.000000000000000E-01    1.000000000000000E-01
    5.875000000000000E-03    1.000000000000000E-01    1.000000000000000E-01
    5.900000000000000E-03    1.000000000000000E-01    1.000000000000000E-01
    5.925000000000001E-03    1.000000000000000E-01    1.000000000000000E-01
    5.950000000000000E-03    1.000000000000000E-01    1.000000000000000E-01
    5.975000000000000E-03    1.000000000000000E-01    1.000000000000000E-01
    6.000000000000000E-03    1.000000000000000E-01    1.000000000000000E-01
    6.025000000000000E-03    1.000000000000000E-01    1.000000000000000E-01
    6.050000000000001E-03    1.000000000000000E-01    1.000000000000000E-01
    6.075000000000001E-03    1.000000000000000E-01    1.000000000000000E-01
    6.100000000000000E-03    1.000000000000000E-01    1.000000000000000E-01
    6.125000000000000E-03    1.000000000000000E-01    1.000000000000000E-01
    6.150000000000000E-03    1.000000000000000E-01    1.000000000000000E-01
    6.175000000000000E-03    1.000000000000000E-01    1.000000000000000E-01
    6.200000000000001E-03    1.000000000000000E-01    1.000000000000000E-01
    6.225000000000000E-03    1.000000000000000E-01    1.000000000000000E-01
    6.250000000000000E-03    1.000000000000000E-01    1.000000000000000E-01
    6.275000000000000E-03    1.000000000000000E-01    1.000000000000000E-01
    6.300000000000000E-03    1.000000000000000E-01    1.000000000000000E-01
    6.325000000000000E-03    1.000000000000000E-01    1.000000000000000E-01
    6.350000000000001E-03    1.000000000000000E-01    1.000000000000000E-01
    6.375000000000000E-03    1.000000000000000E-01    1.000000000000000E-01
    6.400000000000000E-03    1.000000000000000E-01    1.000000000000000E-01
    6.425000000000000E-03    1.000000000000000E-01    1.000000000000000E-01
    6.450000000000000E-03    1.000000000000000E-01    1.000000000000000E-01
    6.475000000000001E-03    1.000000000000000E-01    1.000000000000000E-01
    6.500000000000001E-03    1.000000000000000E-01    1.000000000000000E-01
    6.525000000000000E-03    1.000000000000000E-01    1.000000000000000E-01
    6.550000000000000E-03    1.000000000000000E-01    1.000000000000000E-01
    6.575000000000000E-03    1.000000000000000E-01    1.000000000000000E-01
    6.600000000000000E-03    1.000000000000000E-01    1.000000000000000E-01
    6.625000000000001E-03    1.000000000000000E-01    1.000000000000000E-01
    6.650000000000001E-03    1.000000000000000E-01    1.000000000000000E-01
    6.675000000000000E-03    1.000000000000000E-01    1.000000000000000E-01
    6.700000000000000E-03    1.000000000000000E-01    1.000000000000000E-01
    6.725000000000000E-03    1.000000000000000E-01    1.000000000000000E-01
    6.750000000000000E-03    1.000000000000000E-01    1.000000000000000E-01
    6.775000000000001E-03    1.000000000000000E-01    1.000000000000000E-01
    6.800000000000000E-03    1.000000000000000E-01    1.000000000000000E-01
    6.825000000000000E-03    1.000000000000000E-01    1.000000000000000E-01
    6.850000000000000E-03    1.000000000000000E-01    1.000000000000000E-01
    6.875000000000000E-03    1.000000000000000E-01    1.000000000000000E-01
    6.900000000000001E-03    1.000000000000000E-01    1.000000000000000E-01
    6.925000000000001E-03    1.000000000000000E-01    1.000000000000000E-01
    6.950000000000000E-03    1.000000000000000E-01    1.000000000000000E-01
    6.975000000000000E-03    1.000000000000000E-01    1.000000000000000E-01
    7.000000000000000E-03    1.000000000000000E-01    1.000000000000000E-01
    7.025000000000000E-03    1.000000000000000E-01    1.000000000000000E-01
    7.050000000000001E-03    1.000000000000000E-01    1.000000000000000E-01
    7.075000000000001E-03    1.000000000000000E-01    1.000000000000000E-01
    7.100000000000000E-03    1.000000000000000E-01    1.000000000000000E-01
    7.125000000000000E-03    1.000000000000000E-01    1.000000000000000E-01
    7.150000000000000E-03    1.000000000000000E-01    1.000000000000000E-01
    7.175000000000000E-03    1.000000000000000E-01    1.000000000000000E-01
    7.200000000000001E-03    1.000000000000000E-01    1.000000000000000E-01
    7.225000000000001E-03    1.000000000000000E-01    1.000000000000000E-01
    7.250000000000000E-03    1.000000000000000E-01    1.000000000000000E-01
    7.275000000000000E-03    1.000000000000000E-01    1.000000000000000E-01
    7.300000000000000E-03    1.000000000000000E-01    1.000000000000000E-01
    7.325000000000001E-03    1.000000000000000E-01    1.000000000000000E-01
    7.350000000000001E-03    1.000000000000000E-01    1.000000000000000E-01
    7.375000000000000E-03    1.000000000000000E-01    1.000000000000000E-01
    7.400000000000000E-03    1.000000000000000E-01    1.000000000000000E-01
    7.425000000000000E-03    1.000000000000000E-01    1.000000000000000E-01
    7.450000000000000E-03    1.000000000000000E-01    1.000000000000000E-01
    7.475000000000001E-03    1.000000000000000E-01    1.000000000000000E-01
    7.500000000000001E-03    1.000000000000000E-01    1.000000000000000E-01
    7.525000000000000E-03    1.000000000000000E-01    1.000000000000000E-01
    7.550000000000000E-03    1.000000000000000E-01    1.000000000000000E-01
    7.575000000000000E-03    1.000000000000000E-01    1.000000000000000E-01
    7.600000000000000E-03    1.000000000000000E-01    1.000000000000000E-01
    7.625000000000001E-03    1.000000000000000E-01    1.000000000000000E-01
    7.650000000000001E-03    1.000000000000000E-01    1.000000000000000E-01
    7.675000000000000E-03    1.000000000000000E-01    1.000000000000000E-01
    7.700000000000000E-03    1.000000000000000E-01    1.000000000000000E-01
    7.725000000000000E-03    1.000000000000000E-01    1.000000000000000E-01
    7.750000000000000E-03    1.000000000000000E-01    1.000000000000000E-01
    7.775000000000001E-03    1.000000000000000E-01    1.000000000000000E-01
    7.800000000000001E-03    1.000000000000000E-01    1.000000000000000E-01
    7.825000000000000E-03    1.000000000000000E-01    1.000000000000000E-01
    7.850000000000001E-03    1.000000000000000E-01    1.000000000000000E-01
    7.875000000000000E-03    1.000000000000000E-01    1.000000000000000E-01
    7.900000000000001E-03    1.000000000000000E-01    1.000000000000000E-01
    7.925000000000000E-03    1.000000000000000E-01    1.000000000000000E-01
    7.950000000000000E-03    1.000000000000000E-01    1.000000000000000E-01
    7.975000000000001E-03    1.000000000000000E-01    1.000000000000000E-01
    8.000000000000000E-03    1.000000000000000E-01    1.000000000000000E-01
    8.025000000000001E-03    1.000000000000000E-01    1.000000000000000E-01
    8.050000000000000E-03    1.000000000000000E-01    1.000000000000000E-01
    8.075000000000001E-03    1.000000000000000E-01    1.000000000000000E-01
    8.100000000000000E-03    1.000000000000000E-01    1.000000000000000E-01
    8.125000000000000E-03    1.000000000000000E-01    1.000000000000000E-01
    8.150000000000001E-03    1.000000000000000E-01    1.000000000000000E-01
    8.175000000000000E-03    1.000000000000000E-01    1.000000000000000E-01
    8.200000000000001E-03    1.000000000000000E-01    1.000000000000000E-01
    8.225000000000000E-03    1.000000000000000E-01    1.000000000000000E-01
    8.250000000000000E-03    1.000000000000000E-01    1.000000000000000E-01
    8.275000000000001E-03    1.000000000000000E-01    1.000000000000000E-01
    8.300000000000000E-03    1.000000000000000E-01    1.000000000000000E-01
    8.325000000000001E-03    1.000000000000000E-01    1.000000000000000E-01
    8.350000000000000E-03    1.000000000000000E-01    1.000000000000000E-01
    8.375000000000000E-03    1.000000000000000E-01    1.000000000000000E-01
    8.400000000000001E-03    1.000000000000000E-01    1.000000000000000E-01
    8.425000000000000E-03    1.000000000000000E-01    1.000000000000000E-01
    8.450000000000001E-03    1.000000000000000E-01    1.000000000000000E-01
    8.475000000000000E-03    1.000000000000000E-01    1.000000000000000E-01
    8.500000000000001E-03    1.000000000000000E-01    1.000000000000000E-01
    8.525000000000000E-03    1.000000000000000E-01    1.000000000000000E-01
    8.550000000000000E-03    1.000000000000000E-01    1.000000000000000E-01
    8.575000000000001E-03    1.000000000000000E-01    1.000000000000000E-01
    8.600000000000000E-03    1.000000000000000E-01    1.000000000000000E-01
    8.625000000000001E-03    1.000000000000000E-01    1.000000000000000E-01
    8.650000000000000E-03    1.000000000000000E-01    1.000000000000000E-01
    8.675000000000000E-03    1.000000000000000E-01    1.000000000000000E-01
    8.700000000000001E-03    1.000000000000000E-01    1.000000000000000E-01
    8.725000000000000E-03    1.000000000000000E-01    1.000000000000000E-01
    8.750000000000001E-03    1.000000000000000E-01    1.000000000000000E-01
    8.775000000000000E-03    1.000000000000000E-01    1.000000000000000E-01
    8.800000000000001E-03    1.000000000000000E-01    1.000000000000000E-01
    8.825000000000001E-03    1.000000000000000E-01    1.000000000000000E-01
    8.850000000000000E-03    1.000000000000000E-01    1.000000000000000E-01
    8.875000000000001E-03    1.000000000000000E-01    1.000000000000000E-01
    8.900000000000000E-03    1.000000000000000E-01    1.000000000000000E-01
    8.925000000000001E-03    1.000000000000000E-01    1.000000000000000E-01
    8.950000000000000E-03    1.000000000000000E-01    1.000000000000000E-01
    8.975000000000000E-03    1.000000000000000E-01    1.000000000000000E-01
    9.000000000000001E-03    1.000000000000000E-01    1.000000000000000E-01
    9.025000000000000E-03    1.000000000000000E-01    1.000000000000000E-01
    9.050000000000001E-03    1.000000000000000E-01    1.000000000000000E-01
    9.075000000000000E-03    1.000000000000000E-01    1.000000000000000E-01
    9.100000000000000E-03    1.000000000000000E-01    1.000000000000000E-01
    9.125000000000001E-03    1.000000000000000E-01    1.000000000000000E-01
    9.150000000000000E-03    1.000000000000000E-01    1.000000000000000E-01
    9.175000000000001E-03    1.000000000000000E-01    1.000000000000000E-01
    9.200000000000000E-03    1.000000000000000E-01    1.000000000000000E-01
    9.225000000000001E-03    1.000000000000000E-01    1.000000000000000E-01
    9.250000000000001E-03    1.000000000000000E-01    1.000000000000000E-01
    9.275000000000000E-03    1.000000000000000E-01    1.000000000000000E-01
    9.300000000000001E-03    1.000000000000000E-01    1.000000000000000E-01
    9.325000000000000E-03    1.000000000000000E-01    1.000000000000000E-01
    9.350000000000001E-03    1.000000000000000E-01    1.000000000000000E-01
    9.375000000000000E-03    1.000000000000000E-01    1.000000000000000E-01
    9.400000000000000E-03    1.000000000000000E-01    1.000000000000000E-01
    9.425000000000001E-03    1.000000000000000E-01    1.000000000000000E-01
    9.450000000000000E-03    1.000000000000000E-01    1.000000000000000E-01
    9.475000000000001E-03    1.000000000000000E-01    1.000000000000000E-01
    9.500000000000000E-03    1.000000000000000E-01    1.000000000000000E-01
    9.525000000000000E-03    1.000000000000000E-01    1.000000000000000E-01
    9.550000000000001E-03    1.000000000000000E-01    1.000000000000000E-01
    9.575000000000000E-03    1.000000000000000E-01    1.000000000000000E-01
    9.600000000000001E-03    1.000000000000000E-01    1.000000000000000E-01
    9.625000000000000E-03    1.000000000000000E-01    1.000000000000000E-01
    9.650000000000001E-03    1.000000000000000E-01    1.000000000000000E-01
    9.675000000000001E-03    1.000000000000000E-01    1.000000000000000E-01
    9.700000000000000E-03    1.000000000000000E-01    1.000000000000000E-01
    9.725000000000001E-03    1.000000000000000E-01    1.000000000000000E-01
    9.750000000000000E-03    1.000000000000000E-01    1.000000000000000E-01
    9.775000000000001E-03    1.000000000000000E-01    1.000000000000000E-01
    9.800000000000000E-03    1.000000000000000E-01    1.000000000000000E-01
    9.825000000000000E-03    1.000000000000000E-01    1.000000000000000E-01
    9.850000000000001E-03    1.000000000000000E-01    1.000000000000000E-01
    9.875000000000000E-03    1.000000000000000E-01    1.000000000000000E-01
    9.900000000000001E-03    1.000000000000000E-01    1.000000000000000E-01
    9.925000000000000E-03    1.000000000000000E-01    1.000000000000000E-01
    9.950000000000001E-03    1.000000000000000E-01    1.000000000000000E-01
    9.975000000000001E-03    1.000000000000000E-01    1.000000000000000E-01
    1.000000000000000E-02    1.000000000000000E-01    1.000000000000000E-01
CELL_DATA          400
SCALARS density double 1
LOOKUP_TABLE default
    1.000000000000000E+00
    1.000000000000000E+00
    1.000000000000000E+00
    1.000000000000000E+00
    1.000000000000000E+00
    1.000000000000000E+00
    1.000000000000000E+00
    1.000000000000000E+00
    1.000000000000000E+00
    1.000000000000000E+00
    1.000000000000000E+00
    1.000000000000000E+00
    1.000000000000000E+00
    1.000000000000000E+00
    1.000000000000000E+00
    1.000000000000000E+00
    1.000000000000000E+00
    1.000000000000000E+00
    1.000000000000000E+00
    1.000000000000000E+00
    1.000000000000000E+00
    1.000000000000000E+00
    1.000000000000000E+00
    1.000000000000000E+00
    1.000000000000000E+00
    1.000000000000000E+00
    1.000000000000000E+00
    1.000000000000000E+00
    1.000000000000000E+00
    1.000000000000000E+00
    1.000000000000000E+00
    1.000000000000000E+00
    1.000000000000000E+00
    1.000000000000000E+00
    1.000000000000000E+00
    1.000000000000000E+00
    1.000000000000000E+00
    1.000000000000000E+00
    1.000000000000000E+00
    1.000000000000000E+00
    1.000000000000000E+00
    1.000000000000000E+00
    1.000000000000000E+00
    1.000000000000000E+00
    1.000000000000000E+00
    1.000000000000000E+00
    1.000000000000000E+00
    1.000000000000000E+00
    1.000000000000000E+00
    1.000000000000000E+00
    1.000000000000000E+00
    1.000000000000000E+00
    1.000000000000000E+00
    1.000000000000000E+00
    1.000000000000000E+00
    1.000000000000000E+00
    1.000000000000000E+00
    1.000000000000000E+00
    1.000000000000000E+00
    1.000000000000000E+00
    1.000000000000000E+00
    1.000000000000000E+00
    1.000000000000000E+00
    1.000000000000000E+00
    1.000000000000000E+00
    1.000000000000000E+00
    1.000000000000000E+00
    1.000000000000000E+00
    1.000000000000000E+00
    1.000000000000000E+00
    1.000000000000000E+00
    1.000000000000000E+00
    1.000000000000000E+00
    1.000000000000000E+00
    1.000000000000000E+00
    1.000000000000000E+00
    1.000000000000000E+00
    1.000000000000000E+00
    1.000000000000000E+00
    1.000000000000000E+00
    1.000000000000000E+00
    1.000000000000000E+00
    1.000000000000000E+00
    1.000000000000000E+00
    1.000000000000000E+00
    1.000000000000000E+00
    1.000000000000000E+00
    1.000000000000000E+00
    1.000000000000000E+00
    1.000000000000000E+00
    1.000000000000000E+00
    1.000000000000000E+00
    1.000000000000000E+00
    1.000000000000000E+00
    1.000000000000000E+00
    1.000000000000000E+00
    1.000000000000000E+00
    1.000000000000000E+00
    1.000000000000000E+00
    1.000000000000000E+00
    1.000000000000000E+00
    1.000000000000000E+00
    1.000000000000000E+00
    1.000000000000000E+00
    1.000000000000000E+00
    1.000000000000000E+00
    1.000000000000000E+00
    1.000000000000000E+00
    1.000000000000000E+00
    1.000000000000000E+00
    1.000000000000000E+00
    1.000000000000000E+00
    1.000000000000000E+00
    1.000000000000000E+00
    1.000000000000000E+00
    1.000000000000000E+00
    1.000000000000000E+00
    1.000000000000000E+00
    1.000000000000000E+00
    1.000000000000000E+00
    1.000000000000000E+00
    1.000000000000000E+00
    1.000000000000000E+00
    1.000000000000000E+00
    1.000000000000000E+00
    1.000000000000000E+00
    1.000000000000000E+00
    1.000000000000000E+00
    1.000000000000000E+00
    1.000000000000000E+00
    1.000000000000000E+00
    1.000000000000000E+00
    1.000000000000000E+00
    1.000000000000000E+00
    1.000000000000000E+00
    1.000000000000000E+00
    1.000000000000000E+00
    1.000000000000000E+00
    1.000000000000000E+00
    1.000000000000000E+00
    1.000000000000000E+00
    1.000000000000000E+00
    1.000000000000000E+00
    1.000000000000000E+00
    1.000000000000000E+00
    1.000000000000000E+00
    1.000000000000000E+00
    1.000000000000000E+00
    1.000000000000000E+00
    1.000000000000000E+00
    1.000000000000000E+00
    1.000000000000000E+00
    1.000000000000000E+00
    1.000000000000000E+00
    1.000000000000000E+00
    1.000000000000000E+00
    1.000000000000000E+00
    1.000000000000000E+00
    1.000000000000000E+00
    1.000000000000000E+00
    1.000000000000000E+00
    1.000000000000000E+00
    1.000000000000000E+00
    1.000000000000000E+00
    1.000000000000000E+00
    1.000000000000000E+00
    1.000000000000000E+00
    1.000000000000000E+00
    1.000000000000000E+00
    1.000000000000000E+00
    1.000000000000000E+00
    1.000000000000000E+00
    1.000000000000000E+00
    1.000000000000000E+00
    1.000000000000000E+00
    1.000000000000000E+00
    1.000000000000000E+00
    1.000000000000000E+00
    1.000000000000000E+00
    1.000000000000000E+00
    1.000000000000000E+00
    1.000000000000000E+00
    1.000000000000000E+00
    1.000000000000000E+00
    1.000000000000000E+00
    1.000000000000000E+00
    1.000000000000000E+00
    1.000000000000000E+00
    1.000000000000000E+00
    1.000000000000000E+00
    1.000000000000000E+00
    1.000000000000000E+00
    1.000000000000000E+00
    1.000000000000000E+00
    1.000000000000000E+00
    1.000000000000000E+00
    1.000000000000000E+00
    1.000000000000000E+00
    1.000000000000000E+00
    1.000000000000000E+00
    1.000000000000000E+00
    1.000000000000000E+00
    1.000000000000000E+00
    1.000000000000000E+00
    1.000000000000000E+00
    1.000000000000000E+00
    1.000000000000000E+00
    1.000000000000000E+00
    1.000000000000000E+00
    1.000000000000000E+00
    1.000000000000000E+00
    1.000000000000000E+00
    1.000000000000000E+00
    1.000000000000000E+00
    1.000000000000000E+00
    1.000000000000000E+00
    1.000000000000000E+00
    1.000000000000000E+00
    1.000000000000000E+00
    1.000000000000000E+00
    1.000000000000000E+00
    1.000000000000000E+00
    1.000000000000000E+00
    1.000000000000000E+00
    1.000000000000000E+00
    1.000000000000000E+00
    1.000000000000000E+00
    1.000000000000000E+00
    1.000000000000000E+00
    1.000000000000000E+00
    1.000000000000000E+00
    1.000000000000000E+00
    1.000000000000000E+00
    1.000000000000000E+00
    1.000000000000000E+00
    1.000000000000000E+00
    1.000000000000000E+00
    1.000000000000000E+00
    1.000000000000000E+00
    1.000000000000000E+00
    1.000000000000000E+00
    1.000000000000000E+00
    1.000000000000000E+00
    1.000000000000000E+00
    1.000000000000000E+00
    1.000000000000000E+00
    1.000000000000000E+00
    1.000000000000000E+00
    1.000000000000000E+00
    1.000000000000000E+00
    1.000000000000000E+00
    1.000000000000000E+00
    1.000000000000000E+00
    1.000000000000000E+00
    1.000000000000000E+00
    1.000000000000000E+00
    1.000000000000000E+00
    1.000000000000000E+00
    1.000000000000000E+00
    1.000000000000000E+00
    1.000000000000000E+00
    1.000000000000000E+00
    1.000000000000000E+00
    1.000000000000000E+00
    1.000000000000000E+00
    1.000000000000000E+00
    1.000000000000000E+00
    1.000000000000000E+00
    1.000000000000000E+00
    1.000000000000000E+00
    1.000000000000000E+00
    1.000000000000000E+00
    1.000000000000000E+00
    1.000000000000000E+00
    1.000000000000000E+00
    1.000000000000000E+00
    1.000000000000000E+00
    1.000000000000000E+00
    1.000000000000000E+00
    1.000000000000000E+00
    1.000000000000000E+00
    1.000000000000000E+00
    1.000000000000000E+00
    1.000000000000000E+00
    1.000000000000000E+00
    1.000000000000000E+00
    1.000000000000000E+00
    1.000000000000000E+00
    1.000000000000000E+00
    1.000000000000000E+00
    1.000000000000000E+00
    1.000000000000000E+00
    1.000000000000000E+00
    1.000000000000000E+00
    1.000000000000000E+00
    1.000000000000000E+00
    1.000000000000000E+00
    1.000000000000000E+00
    1.000000000000000E+00
    1.000000000000000E+00
    1.000000000000000E+00
    1.000000000000000E+00
    1.000000000000000E+00
    1.000000000000000E+00
    1.000000000000000E+00
    1.000000000000000E+00
    1.000000000000000E+00
    1.000000000000000E+00
    1.000000000000000E+00
    1.000000000000000E+00
    1.000000000000000E+00
    1.000000000000000E+00
    1.000000000000000E+00
    1.000000000000000E+00
    1.000000000000000E+00
    1.000000000000000E+00
    1.000000000000000E+00
    1.000000000000000E+00
    1.000000000000000E+00
    1.000000000000000E+00
    1.000000000000000E+00
    1.000000000000000E+00
    1.000000000000000E+00
    1.000000000000000E+00
    1.000000000000000E+00
    1.000000000000000E+00
    1.000000000000000E+00
    1.000000000000000E+00
    1.000000000000000E+00
    1.000000000000000E+00
    1.000000000000000E+00
    1.000000000000000E+00
    1.000000000000000E+00
    1.000000000000000E+00
    1.000000000000000E+00
    1.000000000000000E+00
    1.000000000000000E+00
    1.000000000000000E+00
    1.000000000000000E+00
    1.000000000000000E+00
    1.000000000000000E+00
    1.000000000000000E+00
    1.000000000000000E+00
    1.000000000000000E+00
    1.000000000000000E+00
    1.000000000000000E+00
    1.000000000000000E+00
    1.000000000000000E+00
    1.000000000000000E+00
    1.000000000000000E+00
    1.000000000000000E+00
    1.000000000000000E+00
    1.000000000000000E+00
    1.000000000000000E+00
    1.000000000000000E+00
    1.000000000000000E+00
    1.000000000000000E+00
    1.000000000000000E+00
    1.000000000000000E+00
    1.000000000000000E+00
    1.000000000000000E+00
    1.000000000000000E+00
    1.000000000000000E+00
    1.000000000000000E+00
    1.000000000000000E+00
    1.000000000000000E+00
    1.000000000000000E+00
    1.000000000000000E+00
    1.000000000000000E+00
    1.000000000000000E+00
    1.000000000000000E+00
    1.000000000000000E+00
    1.000000000000000E+00
    1.000000000000000E+00
    1.000000000000000E+00
    1.000000000000000E+00
    1.000000000000000E+00
    1.000000000000000E+00
    1.000000000000000E+00
    1.000000000000000E+00
    1.000000000000000E+00
    1.000000000000000E+00
    1.000000000000000E+00
    1.000000000000000E+00
    1.000000000000000E+00
    1.000000000000000E+00
    1.000000000000000E+00
    1.000000000000000E+00
    1.000000000000000E+00
    1.000000000000000E+00
    1.000000000000000E+00
    1.000000000000000E+00
    1.000000000000000E+00
    1.000000000000000E+00
    1.000000000000000E+00
    1.000000000000000E+00
    1.000000000000000E+00
    1.000000000000000E+00
    1.000000000000000E+00
    1.000000000000000E+00
VECTORS velocity double
    1.945883611274516E+00    0.000000000000000E+00    0.000000000000000E+00
    1.891031081721616E+00    0.000000000000000E+00    0.000000000000000E+00
    1.861995423485075E+00    0.000000000000000E+00    0.000000000000000E+00
    1.846863159498794E+00    0.000000000000000E+00    0.000000000000000E+00
    1.838927896438101E+00    0.000000000000000E+00    0.000000000000000E+00
    1.834775419524962E+00    0.000000000000000E+00    0.000000000000000E+00
    1.832600519197097E+00    0.000000000000000E+00    0.000000000000000E+00
    1.831461706769116E+00    0.000000000000000E+00    0.000000000000000E+00
    1.830865327814005E+00    0.000000000000000E+00    0.000000000000000E+00
    1.830553023611833E+00    0.000000000000000E+00    0.000000000000000E+00
    1.830389476716182E+00    0.000000000000000E+00    0.000000000000000E+00
    1.830303831069586E+00    0.000000000000000E+00    0.000000000000000E+00
    1.830258980310121E+00    0.000000000000000E+00    0.000000000000000E+00
    1.830235492947650E+00    0.000000000000000E+00    0.000000000000000E+00
    1.830223193121124E+00    0.000000000000000E+00    0.000000000000000E+00
    1.830216751966061E+00    0.000000000000000E+00    0.000000000000000E+00
    1.830213378870980E+00    0.000000000000000E+00    0.000000000000000E+00
    1.830211612453196E+00    0.000000000000000E+00    0.000000000000000E+00
    1.830210687417939E+00    0.000000000000000E+00    0.000000000000000E+00
    1.830210202996726E+00    0.000000000000000E+00    0.000000000000000E+00
    1.830209949315682E+00    0.000000000000000E+00    0.000000000000000E+00
    1.830209816468336E+00    0.000000000000000E+00    0.000000000000000E+00
    1.830209746899016E+00    0.000000000000000E+00    0.000000000000000E+00
    1.830209710467046E+00    0.000000000000000E+00    0.000000000000000E+00
    1.830209691388402E+00    0.000000000000000E+00    0.000000000000000E+00
    1.830209681397322E+00    0.000000000000000E+00    0.000000000000000E+00
    1.830209676165209E+00    0.000000000000000E+00    0.000000000000000E+00
    1.830209673425258E+00    0.000000000000000E+00    0.000000000000000E+00
    1.830209671990406E+00    0.000000000000000E+00    0.000000000000000E+00
    1.830209671239002E+00    0.000000000000000E+00    0.000000000000000E+00
    1.830209670845510E+00    0.000000000000000E+00    0.000000000000000E+00
    1.830209670639444E+00    0.000000000000000E+00    0.000000000000000E+00
    1.830209670531535E+00    0.000000000000000E+00    0.000000000000000E+00
    1.830209670475023E+00    0.000000000000000E+00    0.000000000000000E+00
    1.830209670445426E+00    0.000000000000000E+00    0.000000000000000E+00
    1.830209670429930E+00    0.000000000000000E+00    0.000000000000000E+00
    1.830209670421811E+00    0.000000000000000E+00    0.000000000000000E+00
    1.830209670417560E+00    0.000000000000000E+00    0.000000000000000E+00
    1.830209670415335E+00    0.000000000000000E+00    0.000000000000000E+00
    1.830209670414167E+00    0.000000000000000E+00    0.000000000000000E+00
    1.830209670413559E+00    0.000000000000000E+00    0.000000000000000E+00
    1.830209670413236E+00    0.000000000000000E+00    0.000000000000000E+00
    1.830209670413067E+00    0.000000000000000E+00    0.000000000000000E+00
    1.830209670412981E+00    0.000000000000000E+00    0.000000000000000E+00
    1.830209670412932E+00    0.000000000000000E+00    0.000000000000000E+00
    1.830209670412908E+00    0.000000000000000E+00    0.000000000000000E+00
    1.830209670412894E+00    0.000000000000000E+00    0.000000000000000E+00
    1.830209670412887E+00    0.000000000000000E+00    0.000000000000000E+00
    1.830209670412882E+00    0.000000000000000E+00    0.000000000000000E+00
    1.830209670412880E+00    0.000000000000000E+00    0.000000000000000E+00
    1.830209670412875E+00    0.000000000000000E+00    0.000000000000000E+00
    1.830209670412876E+00    0.000000000000000E+00    0.000000000000000E+00
    1.830209670412877E+00    0.000000000000000E+00    0.000000000000000E+00
    1.830209670412871E+00    0.000000000000000E+00    0.000000000000000E+00
    1.830209670412872E+00    0.000000000000000E+00    0.000000000000000E+00
    1.830209670412872E+00    0.000000000000000E+00    0.000000000000000E+00
    1.830209670412872E+00    0.000000000000000E+00    0.000000000000000E+00
    1.830209670412868E+00    0.000000000000000E+00    0.000000000000000E+00
    1.830209670412867E+00    0.000000000000000E+00    0.000000000000000E+00
    1.830209670412868E+00    0.000000000000000E+00    0.000000000000000E+00
    1.830209670412866E+00    0.000000000000000E+00    0.000000000000000E+00
    1.830209670412865E+00    0.000000000000000E+00    0.000000000000000E+00
    1.830209670412861E+00    0.000000000000000E+00    0.000000000000000E+00
    1.830209670412863E+00    0.000000000000000E+00    0.000000000000000E+00
    1.830209670412859E+00    0.000000000000000E+00    0.000000000000000E+00
    1.830209670412861E+00    0.000000000000000E+00    0.000000000000000E+00
    1.830209670412857E+00    0.000000000000000E+00    0.000000000000000E+00
    1.830209670412857E+00    0.000000000000000E+00    0.000000000000000E+00
    1.830209670412855E+00    0.000000000000000E+00    0.000000000000000E+00
    1.830209670412855E+00    0.000000000000000E+00    0.000000000000000E+00
    1.830209670412853E+00    0.000000000000000E+00    0.000000000000000E+00
    1.830209670412854E+00    0.000000000000000E+00    0.000000000000000E+00
    1.830209670412852E+00    0.000000000000000E+00    0.000000000000000E+00
    1.830209670412850E+00    0.000000000000000E+00    0.000000000000000E+00
    1.830209670412850E+00    0.000000000000000E+00    0.000000000000000E+00
    1.830209670412848E+00    0.000000000000000E+00    0.000000000000000E+00
    1.830209670412847E+00    0.000000000000000E+00    0.000000000000000E+00
    1.830209670412846E+00    0.000000000000000E+00    0.000000000000000E+00
    1.830209670412849E+00    0.000000000000000E+00    0.000000000000000E+00
    1.830209670412845E+00    0.000000000000000E+00    0.000000000000000E+00
    1.830209670412843E+00    0.000000000000000E+00    0.000000000000000E+00
    1.830209670412843E+00    0.000000000000000E+00    0.000000000000000E+00
    1.830209670412841E+00    0.000000000000000E+00    0.000000000000000E+00
    1.830209670412839E+00    0.000000000000000E+00    0.000000000000000E+00
    1.830209670412842E+00    0.000000000000000E+00    0.000000000000000E+00
    1.830209670412840E+00    0.000000000000000E+00    0.000000000000000E+00
    1.830209670412837E+00    0.000000000000000E+00    0.000000000000000E+00
    1.830209670412837E+00    0.000000000000000E+00    0.000000000000000E+00
    1.830209670412839E+00    0.000000000000000E+00    0.000000000000000E+00
    1.830209670412835E+00    0.000000000000000E+00    0.000000000000000E+00
    1.830209670412834E+00    0.000000000000000E+00    0.000000000000000E+00
    1.830209670412833E+00    0.000000000000000E+00    0.000000000000000E+00
    1.830209670412833E+00    0.000000000000000E+00    0.000000000000000E+00
    1.830209670412831E+00    0.000000000000000E+00    0.000000000000000E+00
    1.830209670412832E+00    0.000000000000000E+00    0.000000000000000E+00
    1.830209670412828E+00    0.000000000000000E+00    0.000000000000000E+00
    1.830209670412827E+00    0.000000000000000E+00    0.000000000000000E+00
    1.830209670412829E+00    0.000000000000000E+00    0.000000000000000E+00
    1.830209670412824E+00    0.000000000000000E+00    0.000000000000000E+00
    1.830209670412825E+00    0.000000000000000E+00    0.000000000000000E+00
    1.830209670412823E+00    0.000000000000000E+00    0.000000000000000E+00
    1.830209670412822E+00    0.000000000000000E+00    0.000000000000000E+00
    1.830209670412823E+00    0.000000000000000E+00    0.000000000000000E+00
    1.830209670412821E+00    0.000000000000000E+00    0.000000000000000E+00
    1.830209670412820E+00    0.000000000000000E+00    0.000000000000000E+00
    1.830209670412821E+00    0.000000000000000E+00    0.000000000000000E+00
    1.830209670412818E+00    0.000000000000000E+00    0.000000000000000E+00
    1.830209670412817E+00    0.000000000000000E+00    0.000000000000000E+00
    1.830209670412815E+00    0.000000000000000E+00    0.000000000000000E+00
    1.830209670412816E+00    0.000000000000000E+00    0.000000000000000E+00
    1.830209670412813E+00    0.000000000000000E+00    0.000000000000000E+00
    1.830209670412815E+00    0.000000000000000E+00    0.000000000000000E+00
    1.830209670412813E+00    0.000000000000000E+00    0.000000000000000E+00
    1.830209670412810E+00    0.000000000000000E+00    0.000000000000000E+00
    1.830209670412811E+00    0.000000000000000E+00    0.000000000000000E+00
    1.830209670412812E+00    0.000000000000000E+00    0.000000000000000E+00
    1.830209670412808E+00    0.000000000000000E+00    0.000000000000000E+00
    1.830209670412806E+00    0.000000000000000E+00    0.000000000000000E+00
    1.830209670412807E+00    0.000000000000000E+00    0.000000000000000E+00
    1.830209670412807E+00    0.000000000000000E+00    0.000000000000000E+00
    1.830209670412802E+00    0.000000000000000E+00    0.000000000000000E+00
    1.830209670412804E+00    0.000000000000000E+00    0.000000000000000E+00
    1.830209670412802E+00    0.000000000000000E+00    0.000000000000000E+00
    1.830209670412801E+00    0.000000000000000E+00    0.000000000000000E+00
    1.830209670412798E+00    0.000000000000000E+00    0.000000000000000E+00
    1.830209670412799E+00    0.000000000000000E+00    0.000000000000000E+00
    1.830209670412800E+00    0.000000000000000E+00    0.000000000000000E+00
    1.830209670412796E+00    0.000000000000000E+00    0.000000000000000E+00
    1.830209670412796E+00    0.000000000000000E+00    0.000000000000000E+00
    1.830209670412795E+00    0.000000000000000E+00    0.000000000000000E+00
    1.830209670412795E+00    0.000000000000000E+00    0.000000000000000E+00
    1.830209670412790E+00    0.000000000000000E+00    0.000000000000000E+00
    1.830209670412791E+00    0.000000000000000E+00    0.000000000000000E+00
    1.830209670412792E+00    0.000000000000000E+00    0.000000000000000E+00
    1.830209670412790E+00    0.000000000000000E+00    0.000000000000000E+00
    1.830209670412790E+00    0.000000000000000E+00    0.000000000000000E+00
    1.830209670412788E+00    0.000000000000000E+00    0.000000000000000E+00
    1.830209670412783E+00    0.000000000000000E+00    0.000000000000000E+00
    1.830209670412785E+00    0.000000000000000E+00    0.000000000000000E+00
    1.830209670412783E+00    0.000000000000000E+00    0.000000000000000E+00
    1.830209670412783E+00    0.000000000000000E+00    0.000000000000000E+00
    1.830209670412782E+00    0.000000000000000E+00    0.000000000000000E+00
    1.830209670412781E+00    0.000000000000000E+00    0.000000000000000E+00
    1.830209670412781E+00    0.000000000000000E+00    0.000000000000000E+00
    1.830209670412779E+00    0.000000000000000E+00    0.000000000000000E+00
    1.830209670412777E+00    0.000000000000000E+00    0.000000000000000E+00
    1.830209670412775E+00    0.000000000000000E+00    0.000000000000000E+00
    1.830209670412777E+00    0.000000000000000E+00    0.000000000000000E+00
    1.830209670412776E+00    0.000000000000000E+00    0.000000000000000E+00
    1.830209670412773E+00    0.000000000000000E+00    0.000000000000000E+00
    1.830209670412772E+00    0.000000000000000E+00    0.000000000000000E+00
    1.830209670412772E+00    0.000000000000000E+00    0.000000000000000E+00
    1.830209670412771E+00    0.000000000000000E+00    0.000000000000000E+00
    1.830209670412770E+00    0.000000000000000E+00    0.000000000000000E+00
    1.830209670412768E+00    0.000000000000000E+00    0.000000000000000E+00
    1.830209670412768E+00    0.000000000000000E+00    0.000000000000000E+00
    1.830209670412769E+00    0.000000000000000E+00    0.000000000000000E+00
    1.830209670412767E+00    0.000000000000000E+00    0.000000000000000E+00
    1.830209670412764E+00    0.000000000000000E+00    0.000000000000000E+00
    1.830209670412765E+00    0.000000000000000E+00    0.000000000000000E+00
    1.830209670412763E+00    0.000000000000000E+00    0.000000000000000E+00
    1.830209670412760E+00    0.000000000000000E+00    0.000000000000000E+00
    1.830209670412762E+00    0.000000000000000E+00    0.000000000000000E+00
    1.830209670412759E+00    0.000000000000000E+00    0.000000000000000E+00
    1.830209670412759E+00    0.000000000000000E+00    0.000000000000000E+00
    1.830209670412758E+00    0.000000000000000E+00    0.000000000000000E+00
    1.830209670412758E+00    0.000000000000000E+00    0.000000000000000E+00
    1.830209670412753E+00    0.000000000000000E+00    0.000000000000000E+00
    1.830209670412756E+00    0.000000000000000E+00    0.000000000000000E+00
    1.830209670412755E+00    0.000000000000000E+00    0.000000000000000E+00
    1.830209670412752E+00    0.000000000000000E+00    0.000000000000000E+00
    1.830209670412754E+00    0.000000000000000E+00    0.000000000000000E+00
    1.830209670412750E+00    0.000000000000000E+00    0.000000000000000E+00
    1.830209670412748E+00    0.000000000000000E+00    0.000000000000000E+00
    1.830209670412748E+00    0.000000000000000E+00    0.000000000000000E+00
    1.830209670412746E+00    0.000000000000000E+00    0.000000000000000E+00
    1.830209670412748E+00    0.000000000000000E+00    0.000000000000000E+00
    1.830209670412748E+00    0.000000000000000E+00    0.000000000000000E+00
    1.830209670412743E+00    0.000000000000000E+00    0.000000000000000E+00
    1.830209670412743E+00    0.000000000000000E+00    0.000000000000000E+00
    1.830209670412742E+00    0.000000000000000E+00    0.000000000000000E+00
    1.830209670412741E+00    0.000000000000000E+00    0.000000000000000E+00
    1.830209670412741E+00    0.000000000000000E+00    0.000000000000000E+00
    1.830209670412739E+00    0.000000000000000E+00    0.000000000000000E+00
    1.830209670412736E+00    0.000000000000000E+00    0.000000000000000E+00
    1.830209670412738E+00    0.000000000000000E+00    0.000000000000000E+00
    1.830209670412737E+00    0.000000000000000E+00    0.000000000000000E+00
    1.830209670412736E+00    0.000000000000000E+00    0.000000000000000E+00
    1.830209670412733E+00    0.000000000000000E+00    0.000000000000000E+00
    1.830209670412734E+00    0.000000000000000E+00    0.000000000000000E+00
    1.830209670412731E+00    0.000000000000000E+00    0.000000000000000E+00
    1.830209670412729E+00    0.000000000000000E+00    0.000000000000000E+00
    1.830209670412730E+00    0.000000000000000E+00    0.000000000000000E+00
    1.830209670412733E+00    0.000000000000000E+00    0.000000000000000E+00
    1.830209670412731E+00    0.000000000000000E+00    0.000000000000000E+00
    1.830209670412728E+00    0.000000000000000E+00    0.000000000000000E+00
    1.830209670412726E+00    0.000000000000000E+00    0.000000000000000E+00
    1.830209670412724E+00    0.000000000000000E+00    0.000000000000000E+00
    1.830209670412725E+00    0.000000000000000E+00    0.000000000000000E+00
    1.830209670412727E+00    0.000000000000000E+00    0.000000000000000E+00
    1.830209670412725E+00    0.000000000000000E+00    0.000000000000000E+00
    1.830209670412721E+00    0.000000000000000E+00    0.000000000000000E+00
    1.830209670412722E+00    0.000000000000000E+00    0.000000000000000E+00
    1.830209670412723E+00    0.000000000000000E+00    0.000000000000000E+00
    1.830209670412724E+00    0.000000000000000E+00    0.000000000000000E+00
    1.830209670412722E+00    0.000000000000000E+00    0.000000000000000E+00
    1.830209670412722E+00    0.000000000000000E+00    0.000000000000000E+00
    1.830209670412720E+00    0.000000000000000E+00    0.000000000000000E+00
    1.830209670412720E+00    0.000000000000000E+00    0.000000000000000E+00
    1.830209670412721E+00    0.000000000000000E+00    0.000000000000000E+00
    1.830209670412720E+00    0.000000000000000E+00    0.000000000000000E+00
    1.830209670412721E+00    0.000000000000000E+00    0.000000000000000E+00
    1.830209670412718E+00    0.000000000000000E+00    0.000000000000000E+00
    1.830209670412717E+00    0.000000000000000E+00    0.000000000000000E+00
    1.830209670412716E+00    0.000000000000000E+00    0.000000000000000E+00
    1.830209670412718E+00    0.000000000000000E+00    0.000000000000000E+00
    1.830209670412717E+00    0.000000000000000E+00    0.000000000000000E+00
    1.830209670412716E+00    0.000000000000000E+00    0.000000000000000E+00
    1.830209670412716E+00    0.000000000000000E+00    0.000000000000000E+00
    1.830209670412713E+00    0.000000000000000E+00    0.000000000000000E+00
    1.830209670412714E+00    0.000000000000000E+00    0.000000000000000E+00
    1.830209670412715E+00    0.000000000000000E+00    0.000000000000000E+00
    1.830209670412713E+00    0.000000000000000E+00    0.000000000000000E+00
    1.830209670412714E+00    0.000000000000000E+00    0.000000000000000E+00
    1.830209670412712E+00    0.000000000000000E+00    0.000000000000000E+00
    1.830209670412711E+00    0.000000000000000E+00    0.000000000000000E+00
    1.830209670412712E+00    0.000000000000000E+00    0.000000000000000E+00
    1.830209670412713E+00    0.000000000000000E+00    0.000000000000000E+00
    1.830209670412712E+00    0.000000000000000E+00    0.000000000000000E+00
    1.830209670412710E+00    0.000000000000000E+00    0.000000000000000E+00
    1.830209670412708E+00    0.000000000000000E+00    0.000000000000000E+00
    1.830209670412708E+00    0.000000000000000E+00    0.000000000000000E+00
    1.830209670412709E+00    0.000000000000000E+00    0.000000000000000E+00
    1.830209670412709E+00    0.000000000000000E+00    0.000000000000000E+00
    1.830209670412709E+00    0.000000000000000E+00    0.000000000000000E+00
    1.830209670412707E+00    0.000000000000000E+00    0.000000000000000E+00
    1.830209670412706E+00    0.000000000000000E+00    0.000000000000000E+00
    1.830209670412706E+00    0.000000000000000E+00    0.000000000000000E+00
    1.830209670412706E+00    0.000000000000000E+00    0.000000000000000E+00
    1.830209670412706E+00    0.000000000000000E+00    0.000000000000000E+00
    1.830209670412704E+00    0.000000000000000E+00    0.000000000000000E+00
    1.830209670412704E+00    0.000000000000000E+00    0.000000000000000E+00
    1.830209670412702E+00    0.000000000000000E+00    0.000000000000000E+00
    1.830209670412702E+00    0.000000000000000E+00    0.000000000000000E+00
    1.830209670412702E+00    0.000000000000000E+00    0.000000000000000E+00
    1.830209670412704E+00    0.000000000000000E+00    0.000000000000000E+00
    1.830209670412701E+00    0.000000000000000E+00    0.000000000000000E+00
    1.830209670412699E+00    0.000000000000000E+00    0.000000000000000E+00
    1.830209670412699E+00    0.000000000000000E+00    0.000000000000000E+00
    1.830209670412701E+00    0.000000000000000E+00    0.000000000000000E+00
    1.830209670412700E+00    0.000000000000000E+00    0.000000000000000E+00
    1.830209670412700E+00    0.000000000000000E+00    0.000000000000000E+00
    1.830209670412698E+00    0.000000000000000E+00    0.000000000000000E+00
    1.830209670412696E+00    0.000000000000000E+00    0.000000000000000E+00
    1.830209670412696E+00    0.000000000000000E+00    0.000000000000000E+00
    1.830209670412697E+00    0.000000000000000E+00    0.000000000000000E+00
    1.830209670412697E+00    0.000000000000000E+00    0.000000000000000E+00
    1.830209670412695E+00    0.000000000000000E+00    0.000000000000000E+00
    1.830209670412693E+00    0.000000000000000E+00    0.000000000000000E+00
    1.830209670412694E+00    0.000000000000000E+00    0.000000000000000E+00
    1.830209670412694E+00    0.000000000000000E+00    0.000000000000000E+00
    1.830209670412694E+00    0.000000000000000E+00    0.000000000000000E+00
    1.830209670412694E+00    0.000000000000000E+00    0.000000000000000E+00
    1.830209670412693E+00    0.000000000000000E+00    0.000000000000000E+00
    1.830209670412689E+00    0.000000000000000E+00    0.000000000000000E+00
    1.830209670412691E+00    0.000000000000000E+00    0.000000000000000E+00
    1.830209670412692E+00    0.000000000000000E+00    0.000000000000000E+00
    1.830209670412692E+00    0.000000000000000E+00    0.000000000000000E+00
    1.830209670412690E+00    0.000000000000000E+00    0.000000000000000E+00
    1.830209670412689E+00    0.000000000000000E+00    0.000000000000000E+00
    1.830209670412688E+00    0.000000000000000E+00    0.000000000000000E+00
    1.830209670412691E+00    0.000000000000000E+00    0.000000000000000E+00
    1.830209670412690E+00    0.000000000000000E+00    0.000000000000000E+00
    1.830209670412688E+00    0.000000000000000E+00    0.000000000000000E+00
    1.830209670412687E+00    0.000000000000000E+00    0.000000000000000E+00
    1.830209670412688E+00    0.000000000000000E+00    0.000000000000000E+00
    1.830209670412687E+00    0.000000000000000E+00    0.000000000000000E+00
    1.830209670412686E+00    0.000000000000000E+00    0.000000000000000E+00
    1.830209670412686E+00    0.000000000000000E+00    0.000000000000000E+00
    1.830209670412686E+00    0.000000000000000E+00    0.000000000000000E+00
    1.830209670412686E+00    0.000000000000000E+00    0.000000000000000E+00
    1.830209670412685E+00    0.000000000000000E+00    0.000000000000000E+00
    1.830209670412683E+00    0.000000000000000E+00    0.000000000000000E+00
    1.830209670412683E+00    0.000000000000000E+00    0.000000000000000E+00
    1.830209670412684E+00    0.000000000000000E+00    0.000000000000000E+00
    1.830209670412683E+00    0.000000000000000E+00    0.000000000000000E+00
    1.830209670412683E+00    0.000000000000000E+00    0.000000000000000E+00
    1.830209670412683E+00    0.000000000000000E+00    0.000000000000000E+00
    1.830209670412680E+00    0.000000000000000E+00    0.000000000000000E+00
    1.830209670412679E+00    0.000000000000000E+00    0.000000000000000E+00
    1.830209670412681E+00    0.000000000000000E+00    0.000000000000000E+00
    1.830209670412682E+00    0.000000000000000E+00    0.000000000000000E+00
    1.830209670412678E+00    0.000000000000000E+00    0.000000000000000E+00
    1.830209670412678E+00    0.000000000000000E+00    0.000000000000000E+00
    1.830209670412678E+00    0.000000000000000E+00    0.000000000000000E+00
    1.830209670412678E+00    0.000000000000000E+00    0.000000000000000E+00
    1.830209670412679E+00    0.000000000000000E+00    0.000000000000000E+00
    1.830209670412679E+00    0.000000000000000E+00    0.000000000000000E+00
    1.830209670412676E+00    0.000000000000000E+00    0.000000000000000E+00
    1.830209670412675E+00    0.000000000000000E+00    0.000000000000000E+00
    1.830209670412677E+00    0.000000000000000E+00    0.000000000000000E+00
    1.830209670412677E+00    0.000000000000000E+00    0.000000000000000E+00
    1.830209670412677E+00    0.000000000000000E+00    0.000000000000000E+00
    1.830209670412675E+00    0.000000000000000E+00    0.000000000000000E+00
    1.830209670412675E+00    0.000000000000000E+00    0.000000000000000E+00
    1.830209670412674E+00    0.000000000000000E+00    0.000000000000000E+00
    1.830209670412676E+00    0.000000000000000E+00    0.000000000000000E+00
    1.830209670412676E+00    0.000000000000000E+00    0.000000000000000E+00
    1.830209670412675E+00    0.000000000000000E+00    0.000000000000000E+00
    1.830209670412674E+00    0.000000000000000E+00    0.000000000000000E+00
    1.830209670412674E+00    0.000000000000000E+00    0.000000000000000E+00
    1.830209670412674E+00    0.000000000000000E+00    0.000000000000000E+00
    1.830209670412674E+00    0.000000000000000E+00    0.000000000000000E+00
    1.830209670412673E+00    0.000000000000000E+00    0.000000000000000E+00
    1.830209670412673E+00    0.000000000000000E+00    0.000000000000000E+00
    1.830209670412673E+00    0.000000000000000E+00    0.000000000000000E+00
    1.830209670412674E+00    0.000000000000000E+00    0.000000000000000E+00
    1.830209670412673E+00    0.000000000000000E+00    0.000000000000000E+00
    1.830209670412671E+00    0.000000000000000E+00    0.000000000000000E+00
    1.830209670412671E+00    0.000000000000000E+00    0.000000000000000E+00
    1.830209670412672E+00    0.000000000000000E+00    0.000000000000000E+00
    1.830209670412674E+00    0.000000000000000E+00    0.000000000000000E+00
    1.830209670412674E+00    0.000000000000000E+00    0.000000000000000E+00
    1.830209670412673E+00    0.000000000000000E+00    0.000000000000000E+00
    1.830209670412669E+00    0.000000000000000E+00    0.000000000000000E+00
    1.830209670412669E+00    0.000000000000000E+00    0.000000000000000E+00
    1.830209670412671E+00    0.000000000000000E+00    0.000000000000000E+00
    1.830209670412673E+00    0.000000000000000E+00    0.000000000000000E+00
    1.830209670412672E+00    0.000000000000000E+00    0.000000000000000E+00
    1.830209670412668E+00    0.000000000000000E+00    0.000000000000000E+00
    1.830209670412668E+00    0.000000000000000E+00    0.000000000000000E+00
    1.830209670412671E+00    0.000000000000000E+00    0.000000000000000E+00
    1.830209670412672E+00    0.000000000000000E+00    0.000000000000000E+00
    1.830209670412671E+00    0.000000000000000E+00    0.000000000000000E+00
    1.830209670412668E+00    0.000000000000000E+00    0.000000000000000E+00
    1.830209670412667E+00    0.000000000000000E+00    0.000000000000000E+00
    1.830209670412670E+00    0.000000000000000E+00    0.000000000000000E+00
    1.830209670412670E+00    0.000000000000000E+00    0.000000000000000E+00
    1.830209670412670E+00    0.000000000000000E+00    0.000000000000000E+00
    1.830209670412669E+00    0.000000000000000E+00    0.000000000000000E+00
    1.830209670412669E+00    0.000000000000000E+00    0.000000000000000E+00
    1.830209670412668E+00    0.000000000000000E+00    0.000000000000000E+00
    1.830209670412666E+00    0.000000000000000E+00    0.000000000000000E+00
    1.830209670412668E+00    0.000000000000000E+00    0.000000000000000E+00
    1.830209670412668E+00    0.000000000000000E+00    0.000000000000000E+00
    1.830209670412668E+00    0.000000000000000E+00    0.000000000000000E+00
    1.830209670412666E+00    0.000000000000000E+00    0.000000000000000E+00
    1.830209670412666E+00    0.000000000000000E+00    0.000000000000000E+00
    1.830209670412667E+00    0.000000000000000E+00    0.000000000000000E+00
    1.830209670412668E+00    0.000000000000000E+00    0.000000000000000E+00
    1.830209670412667E+00    0.000000000000000E+00    0.000000000000000E+00
    1.830209670412666E+00    0.000000000000000E+00    0.000000000000000E+00
    1.830209670412665E+00    0.000000000000000E+00    0.000000000000000E+00
    1.830209670412666E+00    0.000000000000000E+00    0.000000000000000E+00
    1.830209670412666E+00    0.000000000000000E+00    0.000000000000000E+00
    1.830209670412667E+00    0.000000000000000E+00    0.000000000000000E+00
    1.830209670412667E+00    0.000000000000000E+00    0.000000000000000E+00
    1.830209670412667E+00    0.000000000000000E+00    0.000000000000000E+00
    1.830209670412664E+00    0.000000000000000E+00    0.000000000000000E+00
    1.830209670412662E+00    0.000000000000000E+00    0.000000000000000E+00
    1.830209670412666E+00    0.000000000000000E+00    0.000000000000000E+00
    1.830209670412666E+00    0.000000000000000E+00    0.000000000000000E+00
    1.830209670412668E+00    0.000000000000000E+00    0.000000000000000E+00
    1.830209670412666E+00    0.000000000000000E+00    0.000000000000000E+00
    1.830209670412663E+00    0.000000000000000E+00    0.000000000000000E+00
    1.830209670412665E+00    0.000000000000000E+00    0.000000000000000E+00
    1.830209670412666E+00    0.000000000000000E+00    0.000000000000000E+00
    1.830209670412666E+00    0.000000000000000E+00    0.000000000000000E+00
    1.830209670412663E+00    0.000000000000000E+00    0.000000000000000E+00
    1.830209670412662E+00    0.000000000000000E+00    0.000000000000000E+00
    1.830209670412664E+00    0.000000000000000E+00    0.000000000000000E+00
    1.830209670412666E+00    0.000000000000000E+00    0.000000000000000E+00
    1.830209670412666E+00    0.000000000000000E+00    0.000000000000000E+00
    1.830209670412666E+00    0.000000000000000E+00    0.000000000000000E+00
    1.830209670412665E+00    0.000000000000000E+00    0.000000000000000E+00
    1.830209670412664E+00    0.000000000000000E+00    0.000000000000000E+00
    1.830209670412664E+00    0.000000000000000E+00    0.000000000000000E+00
    1.830209670412666E+00    0.000000000000000E+00    0.000000000000000E+00
    1.830209670412664E+00    0.000000000000000E+00    0.000000000000000E+00
    1.830209670412674E+00    0.000000000000000E+00    0.000000000000000E+00
    1.830209670412623E+00    0.000000000000000E+00    0.000000000000000E+00
    1.830209670412841E+00    0.000000000000000E+00    0.000000000000000E+00
    1.830209670411864E+00    0.000000000000000E+00    0.000000000000000E+00
    1.830209670416255E+00    0.000000000000000E+00    0.000000000000000E+00
    1.830209670396571E+00    0.000000000000000E+00    0.000000000000000E+00
    1.830209670484853E+00    0.000000000000000E+00    0.000000000000000E+00
    1.830209670089130E+00    0.000000000000000E+00    0.000000000000000E+00
    1.830209671864886E+00    0.000000000000000E+00    0.000000000000000E+00
    1.830209663912298E+00    0.000000000000000E+00    0.000000000000000E+00
    1.830209699655889E+00    0.000000000000000E+00    0.000000000000000E+00
    1.830209540045371E+00    0.000000000000000E+00    0.000000000000000E+00
    1.830210261196222E+00    0.000000000000000E+00    0.000000000000000E+00
    1.830207071392989E+00    0.000000000000000E+00    0.000000000000000E+00
    1.830221731165496E+00    0.000000000000000E+00    0.000000000000000E+00
    1.830158878491427E+00    0.000000000000000E+00    0.000000000000000E+00
    1.830464083700775E+00    0.000000000000000E+00    0.000000000000000E+00
    1.829284717402033E+00    0.000000000000000E+00    0.000000000000000E+00
    1.836105935680414E+00    0.000000000000000E+00    0.000000000000000E+00
    1.817934868474662E+00    0.000000000000000E+00    0.000000000000000E+00
    1.999999999999725E+00    0.000000000000000E+00    0.000000000000000E+00
SCALARS temperature double 1
LOOKUP_TABLE default
    3.026416517620749E+02
    3.077980920706415E+02
    3.128314129141244E+02
    3.177452513408966E+02
    3.225431407558347E+02
    3.272285138904775E+02
    3.318047056881740E+02
    3.362749561066344E+02
    3.406424128402406E+02
    3.449101339644142E+02
    3.490810905042715E+02
    3.531581689297344E+02
    3.571441735792032E+02
    3.610418290138356E+02
    3.648537823044208E+02
    3.685826052527783E+02
    3.722307965495547E+02
    3.758007838702443E+02
    3.792949259111963E+02
    3.827155143673324E+02
    3.860647758532419E+02
    3.893448737692761E+02
    3.925579101142156E+02
    3.957059272460443E+02
    3.987909095923104E+02
    4.018147853115245E+02
    4.047794279069916E+02
    4.076866577944429E+02
    4.105382438247865E+02
    4.133359047632676E+02
    4.160813107262811E+02
    4.187760845770524E+02
    4.214218032813642E+02
    4.240199992244722E+02
    4.265721614903218E+02
    4.290797371041455E+02
    4.315441322394901E+02
    4.339667133906907E+02
    4.363488085117826E+02
    4.386917081228127E+02
    4.409966663844810E+02
    4.432649021420228E+02
    4.454975999392107E+02
    4.476959110033311E+02
    4.498609542019692E+02
    4.519938169724064E+02
    4.540955562244179E+02
    4.561671992172299E+02
    4.582097444113763E+02
    4.602241622961762E+02
    4.622113961935272E+02
    4.641723630386945E+02
    4.661079541387562E+02
    4.680190359093401E+02
    4.699064505902776E+02
    4.717710169407788E+02
    4.736135309147118E+02
    4.754347663165580E+02
    4.772354754385992E+02
    4.790163896798690E+02
    4.807782201473947E+02
    4.825216582402356E+02
    4.842473762168090E+02
    4.859560277459871E+02
    4.876482484424223E+02
    4.893246563865595E+02
    4.909858526297706E+02
    4.926324216850373E+02
    4.942649320035972E+02
    4.958839364379538E+02
    4.974899726916436E+02
    4.990835637561356E+02
    5.006652183352353E+02
    5.022354312573498E+02
    5.037946838759606E+02
    5.053434444586435E+02
    5.068821685649633E+02
    5.084112994135601E+02
    5.099312682387408E+02
    5.114424946368710E+02
    5.129453869028646E+02
    5.144403423570513E+02
    5.159277476626985E+02
    5.174079791344561E+02
    5.188814030379843E+02
    5.203483758810140E+02
    5.218092446960900E+02
    5.232643473152315E+02
    5.247140126367417E+02
    5.261585608843945E+02
    5.275983038592133E+02
    5.290335451840533E+02
    5.304645805412005E+02
    5.318916979031759E+02
    5.333151777569522E+02
    5.347352933217605E+02
    5.361523107606790E+02
    5.375664893861766E+02
    5.389780818597868E+02
    5.403873343860805E+02
    5.417944869010995E+02
    5.431997732554100E+02
    5.446034213919309E+02
    5.460056535186852E+02
    5.474066862766222E+02
    5.488067309026488E+02
    5.502059933880095E+02
    5.516046746321476E+02
    5.530029705921771E+02
    5.544010724280897E+02
    5.557991666438223E+02
    5.571974352243014E+02
    5.585960557685786E+02
    5.599952016191713E+02
    5.613950419877173E+02
    5.627957420770484E+02
    5.641974631997840E+02
    5.656003628935474E+02
    5.670045950328989E+02
    5.684103099380827E+02
    5.698176544806759E+02
    5.712267721862287E+02
    5.726378033339876E+02
    5.740508850537749E+02
    5.754661514201151E+02
    5.768837335436828E+02
    5.783037596601519E+02
    5.797263552165149E+02
    5.811516429549514E+02
    5.825797429943128E+02
    5.840107729092906E+02
    5.854448478073369E+02
    5.868820804034020E+02
    5.883225810925472E+02
    5.897664580205002E+02
    5.912138171522067E+02
    5.926647623384383E+02
    5.941193953805135E+02
    5.955778160931804E+02
    5.970401223657229E+02
    5.985064102213322E+02
    5.999767738747987E+02
    6.014513057885719E+02
    6.029300967272339E+02
    6.044132358104321E+02
    6.059008105643152E+02
    6.073929069715184E+02
    6.088896095197344E+02
    6.103910012489141E+02
    6.118971637971365E+02
    6.134081774451844E+02
    6.149241211598636E+02
    6.164450726361024E+02
    6.179711083378651E+02
    6.195023035379151E+02
    6.210387323564604E+02
    6.225804677987101E+02
    6.241275817913800E+02
    6.256801452181713E+02
    6.272382279542547E+02
    6.288018988997878E+02
    6.303712260124939E+02
    6.319462763393294E+02
    6.335271160472653E+02
    6.351138104532085E+02
    6.367064240530877E+02
    6.383050205501293E+02
    6.399096628823422E+02
    6.415204132492399E+02
    6.431373331378190E+02
    6.447604833478146E+02
    6.463899240162551E+02
    6.480257146413363E+02
    6.496679141056337E+02
    6.513165806986719E+02
    6.529717721388723E+02
    6.546335455948916E+02
    6.563019577063743E+02
    6.579770646041333E+02
    6.596589219297748E+02
    6.613475848547846E+02
    6.630431080990910E+02
    6.647455459491190E+02
    6.664549522753506E+02
    6.681713805494069E+02
    6.698948838606623E+02
    6.716255149324088E+02
    6.733633261375792E+02
    6.751083695140460E+02
    6.768606967795033E+02
    6.786203593459494E+02
    6.803874083337766E+02
    6.821618945854838E+02
    6.839438686790180E+02
    6.857333809407619E+02
    6.875304814581705E+02
    6.893352200920726E+02
    6.911476464886454E+02
    6.929678100910678E+02
    6.947957601508698E+02
    6.966315457389778E+02
    6.984752157564718E+02
    7.003268189450571E+02
    7.021864038972650E+02
    7.040540190663843E+02
    7.059297127761348E+02
    7.078135332300902E+02
    7.097055285208564E+02
    7.116057466390135E+02
    7.135142354818282E+02
    7.154310428617417E+02
    7.173562165146431E+02
    7.192898041079288E+02
    7.212318532483632E+02
    7.231824114897355E+02
    7.251415263403277E+02
    7.271092452701951E+02
    7.290856157182634E+02
    7.310706850992533E+02
    7.330645008104317E+02
    7.350671102381979E+02
    7.370785607645075E+02
    7.390988997731437E+02
    7.411281746558316E+02
    7.431664328182114E+02
    7.452137216856634E+02
    7.472700887089973E+02
    7.493355813700069E+02
    7.514102471868932E+02
    7.534941337195622E+02
    7.555872885747976E+02
    7.576897594113170E+02
    7.598015939447104E+02
    7.619228399522675E+02
    7.640535452776954E+02
    7.661937578357312E+02
    7.683435256166515E+02
    7.705028966906832E+02
    7.726719192123173E+02
    7.748506414245296E+02
    7.770391116629100E+02
    7.792373783597042E+02
    7.814454900477702E+02
    7.836634953644524E+02
    7.858914430553743E+02
    7.881293819781542E+02
    7.903773611060452E+02
    7.926354295315026E+02
    7.949036364696792E+02
    7.971820312618529E+02
    7.994706633787882E+02
    8.017695824240319E+02
    8.040788381371449E+02
    8.063984803968771E+02
    8.087285592242819E+02
    8.110691247857709E+02
    8.134202273961189E+02
    8.157819175214099E+02
    8.181542457819354E+02
    8.205372629550412E+02
    8.229310199779248E+02
    8.253355679503870E+02
    8.277509581375373E+02
    8.301772419724562E+02
    8.326144710588135E+02
    8.350626971734455E+02
    8.375219722688951E+02
    8.399923484759081E+02
    8.424738781058975E+02
    8.449666136533666E+02
    8.474706077983022E+02
    8.499859134085299E+02
    8.525125835420390E+02
    8.550506714492749E+02
    8.576002305754017E+02
    8.601613145625339E+02
    8.627339772519412E+02
    8.653182726862264E+02
    8.679142551114729E+02
    8.705219789793714E+02
    8.731414989493192E+02
    8.757728698904950E+02
    8.784161468839131E+02
    8.810713852244544E+02
    8.837386404228741E+02
    8.864179682077922E+02
    8.891094245276604E+02
    8.918130655527145E+02
    8.945289476769040E+02
    8.972571275198053E+02
    8.999976619285210E+02
    9.027506079795564E+02
    9.055160229806881E+02
    9.082939644728104E+02
    9.110844902317715E+02
    9.138876582701953E+02
    9.167035268392873E+02
    9.195321544306320E+02
    9.223735997779738E+02
    9.252279218589887E+02
    9.280951798970441E+02
    9.309754333629490E+02
    9.338687419766915E+02
    9.367751657091686E+02
    9.396947647839069E+02
    9.426275996787730E+02
    9.455737311276765E+02
    9.485332201222649E+02
    9.515061279136120E+02
    9.544925160138960E+02
    9.574924461980740E+02
    9.605059805055504E+02
    9.635331812418349E+02
    9.665741109802009E+02
    9.696288325633344E+02
    9.726974091049789E+02
    9.757799039915765E+02
    9.788763808839039E+02
    9.819869037187057E+02
    9.851115367103210E+02
    9.882503443523117E+02
    9.914033914190823E+02
    9.945707429674995E+02
    9.977524643385117E+02
    1.000948621158760E+03
    1.004159279342195E+03
    1.007384505091684E+03
    1.010624364900623E+03
    1.013878925554545E+03
    1.017148254132728E+03
    1.020432418009797E+03
    1.023731484857338E+03
    1.027045522645498E+03
    1.030374599644593E+03
    1.033718784426712E+03
    1.037078145867325E+03
    1.040452753146893E+03
    1.043842675752467E+03
    1.047247983479304E+03
    1.050668746432476E+03
    1.054105035028476E+03
    1.057556919996834E+03
    1.061024472381730E+03
    1.064507763543613E+03
    1.068006865160811E+03
    1.071521849231160E+03
    1.075052788073621E+03
    1.078599754329904E+03
    1.082162820966101E+03
    1.085742061274307E+03
    1.089337548874262E+03
    1.092949357714982E+03
    1.096577562076400E+03
    1.100222236571006E+03
    1.103883456145497E+03
    1.107561296082423E+03
    1.111255832001842E+03
    1.114967139862978E+03
    1.118695295965879E+03
    1.122440376953085E+03
    1.126202459811296E+03
    1.129981621873047E+03
    1.133777940818384E+03
    1.137591494676548E+03
    1.141422361827662E+03
    1.145270621004423E+03
    1.149136351293799E+03
    1.153019632138732E+03
    1.156920543339842E+03
    1.160839165057140E+03
    1.164775577811749E+03
    1.168729862487621E+03
    1.172702100333269E+03
    1.176692372963499E+03
    1.180700762361150E+03
    1.184727350878840E+03
    1.188772221240715E+03
    1.192835456544203E+03
    1.196917140261786E+03
    1.201017356242759E+03
    1.205136188715009E+03
    1.209273722286799E+03
    1.213430041948550E+03
    1.217605233074636E+03
    1.221799381425188E+03
    1.226012573147899E+03
    1.230244894779835E+03
    1.234496433249259E+03
    1.238767275877455E+03
    1.243057510380563E+03
    1.247367224871421E+03
    1.251696507861412E+03
    1.256045448262322E+03
    1.260414135388193E+03
    1.264802658957164E+03
    1.269211109093457E+03
    1.273639576329207E+03
    1.278088151606230E+03
    1.282556926277793E+03
    1.287045992110467E+03
SCALARS pressure double 1
LOOKUP_TABLE default
    1.237130255761665E+02
    1.235528353851273E+02
    1.233239038249607E+02
    1.230560928144913E+02
    1.227685031700923E+02
    1.224704479071975E+02
    1.221669345718960E+02
    1.218605589741045E+02
    1.215526853603195E+02
    1.212440271248886E+02
    1.209349580361234E+02
    1.206256737874846E+02
    1.203162768657760E+02
    1.200068209394556E+02
    1.196973341137530E+02
    1.193878311067022E+02
    1.190783196258288E+02
    1.187688037073955E+02
    1.184592854651070E+02
    1.181497660058653E+02
    1.178402459093311E+02
    1.175307254790605E+02
    1.172212048740193E+02
    1.169116841774544E+02
    1.166021634329605E+02
    1.162926426633672E+02
    1.159831218806299E+02
    1.156736010910093E+02
    1.153640802977842E+02
    1.150545595026714E+02
    1.147450387065700E+02
    1.144355179099510E+02
    1.141259971130609E+02
    1.138164763160289E+02
    1.135069555189225E+02
    1.131974347217771E+02
    1.128879139246114E+02
    1.125783931274350E+02
    1.122688723302530E+02
    1.119593515330681E+02
    1.116498307358817E+02
    1.113403099386944E+02
    1.110307891415067E+02
    1.107212683443188E+02
    1.104117475471308E+02
    1.101022267499428E+02
    1.097927059527547E+02
    1.094831851555665E+02
    1.091736643583784E+02
    1.088641435611903E+02
    1.085546227640022E+02
    1.082451019668140E+02
    1.079355811696259E+02
    1.076260603724378E+02
    1.073165395752496E+02
    1.070070187780615E+02
    1.066974979808734E+02
    1.063879771836852E+02
    1.060784563864971E+02
    1.057689355893090E+02
    1.054594147921208E+02
    1.051498939949327E+02
    1.048403731977446E+02
    1.045308524005564E+02
    1.042213316033683E+02
    1.039118108061802E+02
    1.036022900089921E+02
    1.032927692118039E+02
    1.029832484146158E+02
    1.026737276174277E+02
    1.023642068202395E+02
    1.020546860230514E+02
    1.017451652258633E+02
    1.014356444286752E+02
    1.011261236314870E+02
    1.008166028342989E+02
    1.005070820371108E+02
    1.001975612399226E+02
    9.988804044273452E+01
    9.957851964554641E+01
    9.926899884835828E+01
    9.895947805117015E+01
    9.864995725398202E+01
    9.834043645679390E+01
    9.803091565960577E+01
    9.772139486241765E+01
    9.741187406522953E+01
    9.710235326804140E+01
    9.679283247085327E+01
    9.648331167366516E+01
    9.617379087647703E+01
    9.586427007928890E+01
    9.555474928210077E+01
    9.524522848491266E+01
    9.493570768772453E+01
    9.462618689053642E+01
    9.431666609334829E+01
    9.400714529616016E+01
    9.369762449897205E+01
    9.338810370178392E+01
    9.307858290459581E+01
    9.276906210740768E+01
    9.245954131021955E+01
    9.215002051303144E+01
    9.184049971584332E+01
    9.153097891865519E+01
    9.122145812146708E+01
    9.091193732427895E+01
    9.060241652709084E+01
    9.029289572990271E+01
    8.998337493271460E+01
    8.967385413552647E+01
    8.936433333833835E+01
    8.905481254115024E+01
    8.874529174396211E+01
    8.843577094677400E+01
    8.812625014958589E+01
    8.781672935239776E+01
    8.750720855520964E+01
    8.719768775802153E+01
    8.688816696083342E+01
    8.657864616364529E+01
    8.626912536645717E+01
    8.595960456926906E+01
    8.565008377208095E+01
    8.534056297489282E+01
    8.503104217770471E+01
    8.472152138051659E+01
    8.441200058332848E+01
    8.410247978614036E+01
    8.379295898895225E+01
    8.348343819176414E+01
    8.317391739457601E+01
    8.286439659738791E+01
    8.255487580019980E+01
    8.224535500301168E+01
    8.193583420582357E+01
    8.162631340863545E+01
    8.131679261144734E+01
    8.100727181425923E+01
    8.069775101707111E+01
    8.038823021988300E+01
    8.007870942269489E+01
    7.976918862550679E+01
    7.945966782831867E+01
    7.915014703113056E+01
    7.884062623394244E+01
    7.853110543675433E+01
    7.822158463956623E+01
    7.791206384237812E+01
    7.760254304519000E+01
    7.729302224800189E+01
    7.698350145081378E+01
    7.667398065362568E+01
    7.636445985643756E+01
    7.605493905924945E+01
    7.574541826206135E+01
    7.543589746487324E+01
    7.512637666768514E+01
    7.481685587049702E+01
    7.450733507330891E+01
    7.419781427612081E+01
    7.388829347893268E+01
    7.357877268174460E+01
    7.326925188455648E+01
    7.295973108736837E+01
    7.265021029018027E+01
    7.234068949299215E+01
    7.203116869580406E+01
    7.172164789861596E+01
    7.141212710142784E+01
    7.110260630423974E+01
    7.079308550705164E+01
    7.048356470986353E+01
    7.017404391267543E+01
    6.986452311548732E+01
    6.955500231829922E+01
    6.924548152111112E+01
    6.893596072392302E+01
    6.862643992673490E+01
    6.831691912954680E+01
    6.800739833235870E+01
    6.769787753517059E+01
    6.738835673798249E+01
    6.707883594079439E+01
    6.676931514360628E+01
    6.645979434641819E+01
    6.615027354923008E+01
    6.584075275204198E+01
    6.553123195485388E+01
    6.522171115766578E+01
    6.491219036047768E+01
    6.460266956328957E+01
    6.429314876610147E+01
    6.398362796891339E+01
    6.367410717172528E+01
    6.336458637453719E+01
    6.305506557734908E+01
    6.274554478016097E+01
    6.243602398297288E+01
    6.212650318578477E+01
    6.181698238859668E+01
    6.150746159140856E+01
    6.119794079422046E+01
    6.088841999703237E+01
    6.057889919984427E+01
    6.026937840265617E+01
    5.995985760546807E+01
    5.965033680827997E+01
    5.934081601109187E+01
    5.903129521390377E+01
    5.872177441671568E+01
    5.841225361952758E+01
    5.810273282233947E+01
    5.779321202515138E+01
    5.748369122796326E+01
    5.717417043077518E+01
    5.686464963358708E+01
    5.655512883639896E+01
    5.624560803921089E+01
    5.593608724202277E+01
    5.562656644483468E+01
    5.531704564764658E+01
    5.500752485045847E+01
    5.469800405327039E+01
    5.438848325608227E+01
    5.407896245889418E+01
    5.376944166170608E+01
    5.345992086451798E+01
    5.315040006732989E+01
    5.284087927014178E+01
    5.253135847295369E+01
    5.222183767576559E+01
    5.191231687857749E+01
    5.160279608138940E+01
    5.129327528420129E+01
    5.098375448701320E+01
    5.067423368982511E+01
    5.036471289263700E+01
    5.005519209544892E+01
    4.974567129826081E+01
    4.943615050107272E+01
    4.912662970388463E+01
    4.881710890669652E+01
    4.850758810950843E+01
    4.819806731232033E+01
    4.788854651513225E+01
    4.757902571794414E+01
    4.726950492075604E+01
    4.695998412356796E+01
    4.665046332637984E+01
    4.634094252919176E+01
    4.603142173200368E+01
    4.572190093481557E+01
    4.541238013762748E+01
    4.510285934043937E+01
    4.479333854325129E+01
    4.448381774606320E+01
    4.417429694887509E+01
    4.386477615168700E+01
    4.355525535449889E+01
    4.324573455731081E+01
    4.293621376012273E+01
    4.262669296293461E+01
    4.231717216574654E+01
    4.200765136855841E+01
    4.169813057137034E+01
    4.138860977418226E+01
    4.107908897699414E+01
    4.076956817980606E+01
    4.046004738261795E+01
    4.015052658542987E+01
    3.984100578824179E+01
    3.953148499105367E+01
    3.922196419386559E+01
    3.891244339667748E+01
    3.860292259948940E+01
    3.829340180230132E+01
    3.798388100511320E+01
    3.767436020792513E+01
    3.736483941073701E+01
    3.705531861354893E+01
    3.674579781636086E+01
    3.643627701917274E+01
    3.612675622198466E+01
    3.581723542479655E+01
    3.550771462760846E+01
    3.519819383042039E+01
    3.488867303323229E+01
    3.457915223604420E+01
    3.426963143885609E+01
    3.396011064166801E+01
    3.365058984447993E+01
    3.334106904729182E+01
    3.303154825010375E+01
    3.272202745291563E+01
    3.241250665572755E+01
    3.210298585853947E+01
    3.179346506135137E+01
    3.148394426416329E+01
    3.117442346697518E+01
    3.086490266978710E+01
    3.055538187259902E+01
    3.024586107541091E+01
    2.993634027822283E+01
    2.962681948103473E+01
    2.931729868384664E+01
    2.900777788665856E+01
    2.869825708947045E+01
    2.838873629228237E+01
    2.807921549509426E+01
    2.776969469790619E+01
    2.746017390071810E+01
    2.715065310353001E+01
    2.684113230634191E+01
    2.653161150915381E+01
    2.622209071196573E+01
    2.591256991477764E+01
    2.560304911758956E+01
    2.529352832040145E+01
    2.498400752321335E+01
    2.467448672602527E+01
    2.436496592883719E+01
    2.405544513164911E+01
    2.374592433446101E+01
    2.343640353727291E+01
    2.312688274008482E+01
    2.281736194289674E+01
    2.250784114570866E+01
    2.219832034852056E+01
    2.188879955133245E+01
    2.157927875414437E+01
    2.126975795695628E+01
    2.096023715976821E+01
    2.065071636258011E+01
    2.034119556539200E+01
    2.003167476820391E+01
    1.972215397101583E+01
    1.941263317382775E+01
    1.910311237663965E+01
    1.879359157945158E+01
    1.848407078226348E+01
    1.817454998507539E+01
    1.786502918788731E+01
    1.755550839069921E+01
    1.724598759351113E+01
    1.693646679632303E+01
    1.662694599913494E+01
    1.631742520194686E+01
    1.600790440475876E+01
    1.569838360757068E+01
    1.538886281038258E+01
    1.507934201319449E+01
    1.476982121600641E+01
    1.446030041881831E+01
    1.415077962163023E+01
    1.384125882444213E+01
    1.353173802725405E+01
    1.322221723006597E+01
    1.291269643287785E+01
    1.260317563568976E+01
    1.229365483850168E+01
    1.198413404131358E+01
    1.167461324412552E+01
    1.136509244693744E+01
    1.105557164974932E+01
    1.074605085256124E+01
    1.043653005537316E+01
    1.012700925818508E+01
    9.817488460996953E+00
    9.507967663808870E+00
    9.198446866620790E+00
    8.888926069432690E+00
    8.579405272244632E+00
    8.269884475056534E+00
    7.960363677868436E+00
    7.650842880680349E+00
    7.341322083492266E+00
    7.031801286304178E+00
    6.722280489116121E+00
    6.412759691927847E+00
    6.103238894740541E+00
    5.793718097548934E+00
    5.484197300376580E+00
    5.174676503118046E+00
    4.865155706245811E+00
    4.555634907641436E+00
    4.246114116805066E+00
    3.936593291141449E+00
    3.627072621697109E+00
    3.317551252122672E+00
    3.008033025180423E+00
    2.698500731395158E+00
    2.389031720701555E+00
    2.079280596151555E+00
    1.770807958160477E+00
    1.456711190388066E+00
    1.168715579228347E+00
    7.708186876252646E-01
    9.235856247110459E-01
