 ----------------- OpenCFD-EC3D ver 1.14a (MPI-OpenMP version)------------------
         Copyright by Li Xinliang, lixl@imech.ac.cn                            
         Programming by Li Xinliang  2016-1                                   
 ----------------------------------------------------------------------------- 
 Check if Multi-Grid can be used ...
 Total Block number is            1 Total Cell number is          400
 Check multigrid OK
 can not find partation.dat,  create partation ...
 Partation ......
 Total Cell number=         400
 Total Grid number=        1604
 Max grid number is         1604  ... rato to mean grid is   1.0000000000000000     
 Min grid number is         1604  ... rato to mean grid is   1.0000000000000000     
 rato max to min is    1.0000000000000000     
 Read material.in OK, Total_block=           1
   Block           1 : Block_type=           3  rho=   8000.0000000000000       Cp=   500.00000000000000       k=   13.400000000000000     
 Read porous.inp OK
   Porous Block           1 : eps=  0.29999999999999999       dp=   1.0000000000000000E-003  hv=   2000000.0000000000       rho_s=   8000.0000000000000       k_s=   13.400000000000000     
 creat main mesh OK, Num_Cell=         400
  read main mesh ...
 read Mesh3d.x OK
 Convert bc3d.inp to bc3d.inc ...
 Convert bc3d.inp to bc3d.inc OK
 read bc3d.inc (Link/boundary file)......
 read bc3d.inc OK
 bc3d_interface.inp not found, skip interface
 Read solid_bc.inp OK
   Block           1  (solid):           2  thermal BC faces
     face           1  Tw=   0.0000000000000000       Qw=   0.0000000000000000     
     face           4  Tw=  -1.0000000000000000       Qw=   2000000.0000000000     
  Need not read wall_dist.dat 
 No FDM.in, Donot use hybrid FVM/FDM
 my_id, block_no, FDM, FD_Flux, FD_Scheme=           0           1           0
 comput Jocabian OK ...
 Check mesh quality ......
 Check mesh quality OK
 Initial by Free-stream flow ......
  Start ......
   DBG iter           1  maxU2=   3.3302077297629347       maxFi=   3.1947566712282383E-002  maxFj=   0.0000000000000000       Fi(21,1,1)=   1.6263083455554571E-002  Fi(21,21,1)=   1.6396736961603323E-002  Fi(41,21,1)=   1.6396733776818453E-002
   DBG div max=   1.1947566712282379E-002  res_p=   1.1947566712282379E-002
   SIMPLE iter           1  res_p=   1.1947566712282379E-002  u(1,1,1)=   3.3302077297629347       p(1,1,1)=  0.58184941490819619     
   DBG iter           2  maxU2=   3.3302077297629347       maxFi=   2.0000000000000004E-002  maxFj=   0.0000000000000000       Fi(21,1,1)=   1.5416540780387008E-002  Fi(21,21,1)=   3.2667837605058918E-002  Fi(41,21,1)=   3.2611169849086984E-002
   DBG div max=   8.8367137210928048E-003  res_p=   8.8367137210928048E-003
   SIMPLE iter           2  res_p=   8.8367137210928048E-003  u(1,1,1)=   1.3402447780254154       p(1,1,1)=   3.2300549157703511     
   DBG iter           3  maxU2=   2.5807118107257612       maxFi=   2.7108434687800331E-002  maxFj=   0.0000000000000000       Fi(21,1,1)=   1.5559380219546094E-002  Fi(21,21,1)=   3.3180864225155135E-002  Fi(41,21,1)=   3.1015661750500367E-002
   DBG div max=   7.1084346878003274E-003  res_p=   7.1084346878003274E-003
   SIMPLE iter           3  res_p=   7.1084346878003274E-003  u(1,1,1)=   2.5807118107257612       p(1,1,1)=   4.3288577709861800     
   SIMPLE iter           4  res_p=   4.9463869164324912E-003  u(1,1,1)=   1.5781102451032769       p(1,1,1)=   6.4199877671570817     
   SIMPLE iter           5  res_p=   3.6232065361242703E-003  u(1,1,1)=   2.2639740135368376       p(1,1,1)=   7.5087481266581433     
 DEBUG T iter          50 min   300.00000000000011      max   369.05918814355067     
 DEBUG T iter         100 min   300.00000000000040      max   371.43214689546528     
   SIMPLE iter         100  res_p=   6.8507753297076396E-005  u(1,1,1)=   1.9467450188233075       p(1,1,1)=   60.826983839796426     
 DEBUG T iter         150 min   300.00000000000074      max   378.30963996135347     
 DEBUG T iter         200 min   300.00000000000091      max   387.39785942039947     
   SIMPLE iter         200  res_p=   4.0593563601712401E-005  u(1,1,1)=   1.9463909007207267       p(1,1,1)=   86.306348754616309     
 DEBUG T iter         250 min   300.00000000000114      max   396.99868110643251     
 DEBUG T iter         300 min   300.00000000000131      max   406.68297160647199     
   SIMPLE iter         300  res_p=   2.4156453834672104E-005  u(1,1,1)=   1.9461852848786803       p(1,1,1)=   101.48590770848180     
 DEBUG T iter         350 min   300.00000000000188      max   416.30685557216702     
 DEBUG T iter         400 min   300.00000000001336      max   425.80873479518283     
   SIMPLE iter         400  res_p=   1.4353657057829955E-005  u(1,1,1)=   1.9460627884840465       p(1,1,1)=   110.51565433595275     
 DEBUG T iter         450 min   300.00000000022806      max   435.15661382387395     
 DEBUG T iter         500 min   300.00000000233541      max   444.33147799552836     
   SIMPLE iter         500  res_p=   8.5224120850643792E-006  u(1,1,1)=   1.9459899693213212       p(1,1,1)=   115.88030753935077     
 DEBUG T iter         550 min   300.00000001540621      max   453.32124779904785     
 DEBUG T iter         600 min   300.00000007325207      max   462.11827882620378     
   SIMPLE iter         600  res_p=   5.0580655449744549E-006  u(1,1,1)=   1.9459467251108375       p(1,1,1)=   119.06534308290152     
 DEBUG T iter         650 min   300.00000027174696      max   470.71815739766777     
 DEBUG T iter         700 min   300.00000083162223      max   479.11899958540869     
   SIMPLE iter         700  res_p=   3.0012787157543408E-006  u(1,1,1)=   1.9459210573197330       p(1,1,1)=   120.95561048977770     
 DEBUG T iter         750 min   300.00000218542704      max   487.32095940583059     
 DEBUG T iter         800 min   300.00000508009140      max   495.32583533827568     
   SIMPLE iter         800  res_p=   1.7806177834006620E-006  u(1,1,1)=   1.9459058262684068       p(1,1,1)=   122.07721180738685     
 DEBUG T iter         850 min   300.00001068197821      max   503.13673441672319     
 DEBUG T iter         900 min   300.00002067065549      max   510.75777976568725     
   SIMPLE iter         900  res_p=   1.0563348478986878E-006  u(1,1,1)=   1.9458967896762158       p(1,1,1)=   122.74263714411006     
 DEBUG T iter         950 min   300.00003731017341      max   518.19385684321151     
 DEBUG T iter        1000 min   300.00006349091331      max   525.45039626845607     
   SIMPLE iter        1000  res_p=   6.2663242930693919E-007  u(1,1,1)=   1.9458914287309701       p(1,1,1)=   123.13739269929887     
 DEBUG T iter        1050 min   300.00010273961391      max   532.53319125432552     
 DEBUG T iter        1100 min   300.00015919900153      max   539.44824711016315     
   SIMPLE iter        1100  res_p=   3.7171710905864463E-007  u(1,1,1)=   1.9458882485200366       p(1,1,1)=   123.37156653900553     
 DEBUG T iter        1150 min   300.00023758115321      max   546.20165971678057     
 DEBUG T iter        1200 min   300.00034310020055      max   552.79951953057889     
   SIMPLE iter        1200  res_p=   2.2049837610990664E-007  u(1,1,1)=   1.9458863620169597       p(1,1,1)=   123.51047778428784     
 DEBUG T iter        1250 min   300.00048139050813      max   559.24783757453190     
 DEBUG T iter        1300 min   300.00065841621307      max   565.55248997759975     
   SIMPLE iter        1300  res_p=   1.3079591845016614E-007  u(1,1,1)=   1.9458852429618505       p(1,1,1)=   123.59287828767417     
 DEBUG T iter        1350 min   300.00088037735344      max   571.71917786859740     
 DEBUG T iter        1400 min   300.00115361688967      max   577.75339975712598     
   SIMPLE iter        1400  res_p=   7.7585504829752461E-008  u(1,1,1)=   1.9458845791562249       p(1,1,1)=   123.64175685132480     
 DEBUG T iter        1450 min   300.00148453195777      max   583.66043389685467     
 DEBUG T iter        1500 min   300.00187949175552      max   589.44532849194434     
   SIMPLE iter        1500  res_p=   4.6022008457630159E-008  u(1,1,1)=   1.9458841853997462       p(1,1,1)=   123.67075062204800     
 DEBUG T iter        1550 min   300.00234476364000      max   595.11289795397863     
 DEBUG T iter        1600 min   300.00288644831960      max   600.66772373217464     
   SIMPLE iter        1600  res_p=   2.7299186303869627E-008  u(1,1,1)=   1.9458839518319746       p(1,1,1)=   123.68794908354990     
 DEBUG T iter        1650 min   300.00351042447505      max   606.11415851752884     
 DEBUG T iter        1700 min   300.00422230271835      max   611.45633286076645     
   SIMPLE iter        1700  res_p=   1.6193224504357229E-008  u(1,1,1)=   1.9458838132849536       p(1,1,1)=   123.69815081028847     
 DEBUG T iter        1750 min   300.00502738849769      max   616.69816344580636     
 DEBUG T iter        1800 min   300.00593065334914      max   621.84336242790619     
   SIMPLE iter        1800  res_p=   9.6054270197487579E-009  u(1,1,1)=   1.9458837311021608       p(1,1,1)=   123.70420223025121     
 DEBUG T iter        1850 min   300.00693671376547      max   626.89544738280108     
 DEBUG T iter        1900 min   300.00804981688952      max   631.85775152389658     
   SIMPLE iter        1900  res_p=   5.6977034548766348E-009  u(1,1,1)=   1.9458836823533214       p(1,1,1)=   123.70779178528100     
 DEBUG T iter        1950 min   300.00927383221483      max   636.73343393311961     
 DEBUG T iter        2000 min   300.01061224849644      max   641.52548962089008     
   SIMPLE iter        2000  res_p=   3.3797369555776946E-009  u(1,1,1)=   1.9458836534367046       p(1,1,1)=   123.70992102112555     
 DEBUG T iter        2050 min   300.01206817510308      max   646.23675928542207     
 DEBUG T iter        2100 min   300.01364434710064      max   650.86993868375919     
   SIMPLE iter        2100  res_p=   2.0047762547270587E-009  u(1,1,1)=   1.9458836362840815       p(1,1,1)=   123.71118403121929     
 DEBUG T iter        2150 min   300.01534313341216      max   655.42758755921693     
 DEBUG T iter        2200 min   300.01716654746787      max   659.91213809429485     
   SIMPLE iter        2200  res_p=   1.1891834461597028E-009  u(1,1,1)=   1.9458836261095664       p(1,1,1)=   123.71193321749774     
 DEBUG T iter        2250 min   300.01911625982240      max   664.32590287615892     
 DEBUG T iter        2300 min   300.02119361227625      max   668.67108237493392     
   SIMPLE iter        2300  res_p=   7.0539406607506017E-010  u(1,1,1)=   1.9458836200743015       p(1,1,1)=   123.71237761619022     
 DEBUG T iter        2350 min   300.02339963310646      max   672.94977194449280     
 DEBUG T iter        2400 min   300.02573505305975      max   677.16396836182287     
   SIMPLE iter        2400  res_p=   4.1842214068554817E-010  u(1,1,1)=   1.9458836164943258       p(1,1,1)=   123.71264122244413     
 DEBUG T iter        2450 min   300.02820032181575      max   681.31557592530794     
 DEBUG T iter        2500 min   300.03079562467508      max   685.40641213486128     
   SIMPLE iter        2500  res_p=   2.4819757013516686E-010  u(1,1,1)=   1.9458836143707767       p(1,1,1)=   123.71279758711464     
 DEBUG T iter        2550 min   300.03352089926631      max   689.43821297812224     
 DEBUG T iter        2600 min   300.03637585210180      max   693.41263784745036     
   SIMPLE iter        2600  res_p=   1.4722457628013608E-010  u(1,1,1)=   1.9458836131111406       p(1,1,1)=   123.71289033874476     
 DEBUG T iter        2650 min   300.03935997484712      max   697.33127411214593     
 DEBUG T iter        2700 min   300.04247256019187      max   701.19564136974066     
   SIMPLE iter        2700  res_p=   8.7330004339136735E-011  u(1,1,1)=   1.9458836123639578       p(1,1,1)=   123.71294535670231     
 DEBUG T iter        2750 min   300.04571271723927      max   705.00719539920146     
 DEBUG T iter        2800 min   300.04907938634722      max   708.76733183777230     
   SIMPLE iter        2800  res_p=   5.1802014067181545E-011  u(1,1,1)=   1.9458836119207474       p(1,1,1)=   123.71297799198466     
 DEBUG T iter        2850 min   300.05257135337303      max   712.47738960189145     
 DEBUG T iter        2900 min   300.05618726329027      max   716.13865407137052     
   SIMPLE iter        2900  res_p=   3.0727659999785217E-011  u(1,1,1)=   1.9458836116578455       p(1,1,1)=   123.71299735042138     
 DEBUG T iter        2950 min   300.05992563315516      max   719.75236005464092     
 DEBUG T iter        3000 min   300.06378486441264      max   723.31969455169497     
   SIMPLE iter        3000  res_p=   1.8226836706602967E-011  u(1,1,1)=   1.9458836115018963       p(1,1,1)=   123.71300883336390     
 DEBUG T iter        3050 min   300.06776325454115      max   726.84179933004975     
 DEBUG T iter        3100 min   300.07185900803728      max   730.31977332788938     
   SIMPLE iter        3100  res_p=   1.0811664064025450E-011  u(1,1,1)=   1.9458836114093925       p(1,1,1)=   123.71301564475939     
 DEBUG T iter        3150 min   300.07607024675571      max   733.75467489750042     
 DEBUG T iter        3200 min   300.08039501961349      max   737.14752390102842     
   SIMPLE iter        3200  res_p=   6.4131686072776972E-012  u(1,1,1)=   1.9458836113545204       p(1,1,1)=   123.71301968510953     
 DEBUG T iter        3250 min   300.08483131168128      max   740.49930366963179     
 DEBUG T iter        3300 min   300.08937705267942      max   743.81096283624504     
   SIMPLE iter        3300  res_p=   3.8042242966884743E-012  u(1,1,1)=   1.9458836113219760       p(1,1,1)=   123.71302208174461     
 DEBUG T iter        3350 min   300.09403012490208      max   747.08341705133603     
 DEBUG T iter        3400 min   300.09878837059358      max   750.31755059026591     
   SIMPLE iter        3400  res_p=   2.2565872781488139E-012  u(1,1,1)=   1.9458836113026690       p(1,1,1)=   123.71302350336883     
 DEBUG T iter        3450 min   300.10364959880081      max   753.51421786019023     
 DEBUG T iter        3500 min   300.10861159172748      max   756.67424481381022     
   SIMPLE iter        3500  res_p=   1.3385924313435993E-012  u(1,1,1)=   1.9458836112912179       p(1,1,1)=   123.71302434664094     
 DEBUG T iter        3550 min   300.11367211061491      max   759.79843027666027     
 DEBUG T iter        3600 min   300.11882890117522      max   762.88754719413714     
   SIMPLE iter        3600  res_p=   7.9393783214420921E-013  u(1,1,1)=   1.9458836112844193       p(1,1,1)=   123.71302484684888     
 DEBUG T iter        3650 min   300.12407969859862      max   765.94234380393493     
 DEBUG T iter        3700 min   300.12942223216481      max   768.96354473917427     
   SIMPLE iter        3700  res_p=   4.7092885147037578E-013  u(1,1,1)=   1.9458836112803923       p(1,1,1)=   123.71302514355988     
 DEBUG T iter        3750 min   300.13485422947343      max   771.95185206699966     
 DEBUG T iter        3800 min   300.14037342032549      max   774.90794626714785     
   SIMPLE iter        3800  res_p=   2.7933905188959329E-013  u(1,1,1)=   1.9458836112780011       p(1,1,1)=   123.71302531956150     
 DEBUG T iter        3850 min   300.14597754027017      max   777.83248715459945     
 DEBUG T iter        3900 min   300.15166433384178      max   780.72611475009171     
   SIMPLE iter        3900  res_p=   1.6572854200092024E-013  u(1,1,1)=   1.9458836112765856       p(1,1,1)=   123.71302542396131     
 DEBUG T iter        3950 min   300.15743155750533      max   783.58945010202478     
 DEBUG T iter        4000 min   300.16327698233192      max   786.42309606301717     
   SIMPLE iter        4000  res_p=   9.8240859891518539E-014  u(1,1,1)=   1.9458836112757434       p(1,1,1)=   123.71302548588871     
 DEBUG T iter        4050 min   300.16919839641855      max   789.22763802409838     
 DEBUG T iter        4100 min   300.17519360707308      max   792.00364460933054     
   SIMPLE iter        4100  res_p=   5.8356097731859791E-014  u(1,1,1)=   1.9458836112752460       p(1,1,1)=   123.71302552262250     
 DEBUG T iter        4150 min   300.18126044277813      max   794.75166833343792     
 DEBUG T iter        4200 min   300.18739675495107      max   797.47224622484612     
   SIMPLE iter        4200  res_p=   3.4604263898785348E-014  u(1,1,1)=   1.9458836112749485       p(1,1,1)=   123.71302554441208     
 DEBUG T iter        4250 min   300.19360041951410      max   800.16590041632367     
 DEBUG T iter        4300 min   300.19986933828659      max   802.83313870530617     
   SIMPLE iter        4300  res_p=   2.0507900932997813E-014  u(1,1,1)=   1.9458836112747715       p(1,1,1)=   123.71302555733712     
 DEBUG T iter        4350 min   300.20620144021530      max   805.47445508581120     
 DEBUG T iter        4400 min   300.21259468245302      max   808.09033025370468     
   SIMPLE iter        4400  res_p=   1.2195106036116954E-014  u(1,1,1)=   1.9458836112746716       p(1,1,1)=   123.71302556500395     
 DEBUG T iter        4450 min   300.21904705129577      max   810.68123208698796     
 DEBUG T iter        4500 min   300.22555656299238      max   813.24761610262476     
   SIMPLE iter        4500  res_p=   7.1991024253037494E-015  u(1,1,1)=   1.9458836112746054       p(1,1,1)=   123.71302556955170     
 DEBUG T iter        4550 min   300.23212126443360      max   815.78992589135885     
 DEBUG T iter        4600 min   300.23873923373105      max   818.30859353181302     
   SIMPLE iter        4600  res_p=   4.2639503039509918E-015  u(1,1,1)=   1.9458836112745701       p(1,1,1)=   123.71302557224934     
 DEBUG T iter        4650 min   300.24540858069486      max   820.80403998560143     
 DEBUG T iter        4700 min   300.25212744721836      max   823.27667547267708     
   SIMPLE iter        4700  res_p=   3.8961889270439087E-015  u(1,1,1)=   1.9458836112745621       p(1,1,1)=   123.71302557246634     
 DEBUG T iter        4750 min   300.25889400757660      max   825.72689983066232     
 DEBUG T iter        4800 min   300.26570646864570      max   828.15510285856749     
   SIMPLE iter        4800  res_p=   3.8267999880048365E-015  u(1,1,1)=   1.9458836112745632       p(1,1,1)=   123.71302557257917     
 DEBUG T iter        4850 min   300.27256307005206      max   830.56166464399962     
 DEBUG T iter        4900 min   300.27946208425300      max   832.94695587632168     
   SIMPLE iter        4900  res_p=   3.7539416020138106E-015  u(1,1,1)=   1.9458836112745637       p(1,1,1)=   123.71302557268845     
 DEBUG T iter        4950 min   300.28640181655976      max   835.31133814627242     
 DEBUG T iter        5000 min   300.29338060510344      max   837.65516423274300     
   SIMPLE iter        5000  res_p=   3.5180192092809648E-015  u(1,1,1)=   1.9458836112745590       p(1,1,1)=   123.71302557279432     
 DEBUG T iter        5050 min   300.30039682075250      max   839.97877837743658     
 DEBUG T iter        5100 min   300.30744886698398      max   842.28251654809037     
   SIMPLE iter        5100  res_p=   3.4520997171938461E-015  u(1,1,1)=   1.9458836112745579       p(1,1,1)=   123.71302557289687     
 DEBUG T iter        5150 min   300.31453517971403      max   844.56670669084679     
 DEBUG T iter        5200 min   300.32165422709136      max   846.83166897238675     
   SIMPLE iter        5200  res_p=   3.3133218391157016E-015  u(1,1,1)=   1.9458836112745541       p(1,1,1)=   123.71302557299633     
 DEBUG T iter        5250 min   300.32880450925626      max   849.07771601237243     
 DEBUG T iter        5300 min   300.33598455807078      max   851.30515310668659     
   SIMPLE iter        5300  res_p=   3.2369940061727220E-015  u(1,1,1)=   1.9458836112745546       p(1,1,1)=   123.71302557309274     
 DEBUG T iter        5350 min   300.34319293682057      max   853.51427844198076     
 DEBUG T iter        5400 min   300.35042823989397      max   855.70538330195211     
   SIMPLE iter        5400  res_p=   3.1606661732297425E-015  u(1,1,1)=   1.9458836112745546       p(1,1,1)=   123.71302557318620     
 DEBUG T iter        5450 min   300.35768909243814      max   857.87875226579581     
 DEBUG T iter        5500 min   300.36497414999707      max   860.03466339920533     
   SIMPLE iter        5500  res_p=   3.0184188481996443E-015  u(1,1,1)=   1.9458836112745510       p(1,1,1)=   123.71302557327681     
 DEBUG T iter        5550 min   300.37228209813344      max   862.17338843831294     
 DEBUG T iter        5600 min   300.37961165203484      max   864.29519296691535     
   SIMPLE iter        5600  res_p=   2.9420910152566648E-015  u(1,1,1)=   1.9458836112745506       p(1,1,1)=   123.71302557336466     
 DEBUG T iter        5650 min   300.38696155610711      max   866.40033658728169     
 DEBUG T iter        5700 min   300.39433058355900      max   868.48907308491221     
   SIMPLE iter        5700  res_p=   2.8727020762175925E-015  u(1,1,1)=   1.9458836112745508       p(1,1,1)=   123.71302557344984     
 DEBUG T iter        5750 min   300.40171753597411      max   870.56165058747638     
 DEBUG T iter        5800 min   300.40912124287911      max   872.61831171824542     
   SIMPLE iter        5800  res_p=   2.7165769633796799E-015  u(1,1,1)=   1.9458836112745470       p(1,1,1)=   123.71302557353246     
 DEBUG T iter        5850 min   300.41654056130204      max   874.65929374424161     
 DEBUG T iter        5900 min   300.42397437532838      max   876.68482871939136     
   SIMPLE iter        5900  res_p=   2.6992297286199118E-015  u(1,1,1)=   1.9458836112745512       p(1,1,1)=   123.71302557361260     
 DEBUG T iter        5950 min   300.43142159565099      max   878.69514362285736     
 DEBUG T iter        6000 min   300.43888115911926      max   880.69046049279564     
   SIMPLE iter        6000  res_p=   2.6471880243406076E-015  u(1,1,1)=   1.9458836112745488       p(1,1,1)=   123.71302557369020     
 DEBUG T iter        6050 min   300.44635202828505      max   882.67099655574827     
 DEBUG T iter        6100 min   300.45383319094776      max   884.63696435183215     
   SIMPLE iter        6100  res_p=   2.5014712523585558E-015  u(1,1,1)=   1.9458836112745452       p(1,1,1)=   123.71302557376552     
 DEBUG T iter        6150 min   300.46132365970089      max   886.58857185592433     
 DEBUG T iter        6200 min   300.46882247147636      max   888.52602259501555     
   SIMPLE iter        6200  res_p=   2.4286128663675299E-015  u(1,1,1)=   1.9458836112745450       p(1,1,1)=   123.71302557383861     
 DEBUG T iter        6250 min   300.47632868709314      max   890.44951576188464     
 DEBUG T iter        6300 min   300.48384139080622      max   892.35924632525223     
   SIMPLE iter        6300  res_p=   2.3592239273284576E-015  u(1,1,1)=   1.9458836112745439       p(1,1,1)=   123.71302557390933     
 DEBUG T iter        6350 min   300.49135968985723      max   894.25540513654596     
 DEBUG T iter        6400 min   300.49888271403051      max   896.13817903343499     
   SIMPLE iter        6400  res_p=   2.3453461395206432E-015  u(1,1,1)=   1.9458836112745461       p(1,1,1)=   123.71302557397807     
 DEBUG T iter        6450 min   300.50640961520975      max   898.00775094023766     
 DEBUG T iter        6500 min   300.51393956694113      max   899.86429996535367     
   SIMPLE iter        6500  res_p=   2.2065682614424986E-015  u(1,1,1)=   1.9458836112745415       p(1,1,1)=   123.71302557404459     
 DEBUG T iter        6550 min   300.52147176399797      max   901.70800149580134     
 DEBUG T iter        6600 min   300.52900542195238      max   903.53902728900516     
   SIMPLE iter        6600  res_p=   2.1302404284995191E-015  u(1,1,1)=   1.9458836112745408       p(1,1,1)=   123.71302557410920     
 DEBUG T iter        6650 min   300.53653977674952      max   905.35754556192114     
 DEBUG T iter        6700 min   300.54407408428875      max   907.16372107758684     
   SIMPLE iter        6700  res_p=   2.0330959138448179E-015  u(1,1,1)=   1.9458836112745417       p(1,1,1)=   123.71302557417188     
 DEBUG T iter        6750 min   300.55160762000833      max   908.95771522921962     
 DEBUG T iter        6800 min   300.55913967847681      max   910.73968612193676     
   SIMPLE iter        6800  res_p=   2.0539125955565396E-015  u(1,1,1)=   1.9458836112745421       p(1,1,1)=   123.71302557423252     
 DEBUG T iter        6850 min   300.56666957298967      max   912.50978865217076     
 DEBUG T iter        6900 min   300.57419663517152      max   914.26817458488620     
   SIMPLE iter        6900  res_p=   1.9845236565174673E-015  u(1,1,1)=   1.9458836112745399       p(1,1,1)=   123.71302557429142     
 DEBUG T iter        6950 min   300.58172021458375      max   916.01499262866355     
 DEBUG T iter        7000 min   300.58923967833971      max   917.75038850871363     
   SIMPLE iter        7000  res_p=   1.9706458687096529E-015  u(1,1,1)=   1.9458836112745419       p(1,1,1)=   123.71302557434861     
 DEBUG T iter        7050 min   300.59675441072358      max   919.47450503792186     
 DEBUG T iter        7100 min   300.60426381281792      max   921.18748218594192     
   SIMPLE iter        7100  res_p=   1.8457457784393227E-015  u(1,1,1)=   1.9458836112745377       p(1,1,1)=   123.71302557440396     
 DEBUG T iter        7150 min   300.61176730213521      max   922.88945714646923     
 DEBUG T iter        7200 min   300.61926431225663      max   924.58056440268729     
   SIMPLE iter        7200  res_p=   1.7694179454963432E-015  u(1,1,1)=   1.9458836112745361       p(1,1,1)=   123.71302557445760     
 DEBUG T iter        7250 min   300.62675429247702      max   926.26093579099290     
 DEBUG T iter        7300 min   300.63423670745630      max   927.93070056303304     
   SIMPLE iter        7300  res_p=   1.7624790515924360E-015  u(1,1,1)=   1.9458836112745386       p(1,1,1)=   123.71302557450964     
 DEBUG T iter        7350 min   300.64171103687602      max   929.58998544612541     
 DEBUG T iter        7400 min   300.64917677510294      max   931.23891470208923     
   SIMPLE iter        7400  res_p=   1.6930901125533637E-015  u(1,1,1)=   1.9458836112745364       p(1,1,1)=   123.71302557456012     
 DEBUG T iter        7450 min   300.65663343085953      max   932.87761018456024     
 DEBUG T iter        7500 min   300.66408052689849      max   934.50619139481921     
   SIMPLE iter        7500  res_p=   1.6202317265623378E-015  u(1,1,1)=   1.9458836112745344       p(1,1,1)=   123.71302557460912     
 DEBUG T iter        7550 min   300.67151759968573      max   936.12477553619419     
 DEBUG T iter        7600 min   300.67894419908805      max   937.73347756706119     
   SIMPLE iter        7600  res_p=   1.6202317265623378E-015  u(1,1,1)=   1.9458836112745368       p(1,1,1)=   123.71302557465663     
 DEBUG T iter        7650 min   300.68635988806722      max   939.33241025250743     
 DEBUG T iter        7700 min   300.69376424237953      max   940.92168421468568     
   SIMPLE iter        7700  res_p=   1.5473733405713119E-015  u(1,1,1)=   1.9458836112745344       p(1,1,1)=   123.71302557470268     
 DEBUG T iter        7750 min   300.70115685028276      max   942.50140798188409     
 DEBUG T iter        7800 min   300.70853731224702      max   944.07168803638353     
   SIMPLE iter        7800  res_p=   1.4675760606763788E-015  u(1,1,1)=   1.9458836112745332       p(1,1,1)=   123.71302557474733     
 DEBUG T iter        7850 min   300.71590524067307      max   945.63262886110988     
 DEBUG T iter        7900 min   300.72326025961479      max   947.18433298511309     
   SIMPLE iter        7900  res_p=   1.4710455076283324E-015  u(1,1,1)=   1.9458836112745348       p(1,1,1)=   123.71302557479062     
 DEBUG T iter        7950 min   300.73060200450897      max   948.72690102793683     
 DEBUG T iter        8000 min   300.73793012190987      max   950.26043174287145     
   SIMPLE iter        8000  res_p=   1.3912482277333993E-015  u(1,1,1)=   1.9458836112745326       p(1,1,1)=   123.71302557483261     
 DEBUG T iter        8050 min   300.74524426922841      max   951.78502205915765     
 DEBUG T iter        8100 min   300.75254411447844      max   953.30076712314201     
   SIMPLE iter        8100  res_p=   1.3183898417423734E-015  u(1,1,1)=   1.9458836112745310       p(1,1,1)=   123.71302557487337     
 DEBUG T iter        8150 min   300.75982933602700      max   954.80776033842312     
 DEBUG T iter        8200 min   300.76709962235134      max   956.30609340503065     
   SIMPLE iter        8200  res_p=   1.3183898417423734E-015  u(1,1,1)=   1.9458836112745321       p(1,1,1)=   123.71302557491293     
 DEBUG T iter        8250 min   300.77435467179862      max   957.79585635763362     
 DEBUG T iter        8300 min   300.78159419235362      max   959.27713760283257     
   SIMPLE iter        8300  res_p=   1.3600232051658168E-015  u(1,1,1)=   1.9458836112745335       p(1,1,1)=   123.71302557495127     
 DEBUG T iter        8350 min   300.78881790140912      max   960.75002395553804     
 DEBUG T iter        8400 min   300.79602552554292      max   962.21460067449425     
   SIMPLE iter        8400  res_p=   1.2455314557513475E-015  u(1,1,1)=   1.9458836112745312       p(1,1,1)=   123.71302557498834     
 DEBUG T iter        8450 min   300.80321680029829      max   963.67095149691215     
 DEBUG T iter        8500 min   300.81039146997006      max   965.11915867229857     
   SIMPLE iter        8500  res_p=   1.2490009027033011E-015  u(1,1,1)=   1.9458836112745324       p(1,1,1)=   123.71302557502426     
 DEBUG T iter        8550 min   300.81754928739542      max   966.55930299546264     
 DEBUG T iter        8600 min   300.82469001374812      max   967.99146383872687     
   SIMPLE iter        8600  res_p=   1.1761425167122752E-015  u(1,1,1)=   1.9458836112745308       p(1,1,1)=   123.71302557505923     
 DEBUG T iter        8650 min   300.83181341833915      max   969.41571918338627     
 DEBUG T iter        8700 min   300.83891927841984      max   970.83214565040282     
   SIMPLE iter        8700  res_p=   1.1136924715771102E-015  u(1,1,1)=   1.9458836112745288       p(1,1,1)=   123.71302557509323     
 DEBUG T iter        8750 min   300.84600737899109      max   972.24081853037762     
 DEBUG T iter        8800 min   300.85307751261490      max   973.64181181280753     
   SIMPLE iter        8800  res_p=   1.0998146837692957E-015  u(1,1,1)=   1.9458836112745299       p(1,1,1)=   123.71302557512598     
 DEBUG T iter        8850 min   300.86012947923200      max   975.03519821465363     
 DEBUG T iter        8900 min   300.86716308598182      max   976.42104920823272     
   SIMPLE iter        8900  res_p=   1.0998146837692957E-015  u(1,1,1)=   1.9458836112745306       p(1,1,1)=   123.71302557515774     
 DEBUG T iter        8950 min   300.87417814702826      max   977.79943504844653     
 DEBUG T iter        9000 min   300.88117448338812      max   979.17042479937550     
   SIMPLE iter        9000  res_p=   1.0477729794899915E-015  u(1,1,1)=   1.9458836112745290       p(1,1,1)=   123.71302557518878     
 DEBUG T iter        9050 min   300.88815192276297      max   980.53408636023960     
 DEBUG T iter        9100 min   300.89511029937677      max   981.89048649076153     
   SIMPLE iter        9100  res_p=   1.0269562977782698E-015  u(1,1,1)=   1.9458836112745295       p(1,1,1)=   123.71302557521865     
 DEBUG T iter        9150 min   300.90204945381470      max   983.23969083591680     
 DEBUG T iter        9200 min   300.90896923286795      max   984.58176395012549     
   SIMPLE iter        9200  res_p=   1.0269562977782698E-015  u(1,1,1)=   1.9458836112745306       p(1,1,1)=   123.71302557524764     
 DEBUG T iter        9250 min   300.91586948938021      max   985.91676932086432     
 DEBUG T iter        9300 min   300.92275008209856      max   987.24476939172644     
   SIMPLE iter        9300  res_p=   9.4715901788333667E-016  u(1,1,1)=   1.9458836112745306       p(1,1,1)=   123.71302557527598     
 DEBUG T iter        9350 min   300.92961087552754      max   988.56582558494927     
 DEBUG T iter        9400 min   300.93645173978649      max   989.87999832341404     
   SIMPLE iter        9400  res_p=   8.8123952579621800E-016  u(1,1,1)=   1.9458836112745255       p(1,1,1)=   123.71302557530312     
 DEBUG T iter        9450 min   300.94327255047074      max   991.18734705214501     
 DEBUG T iter        9500 min   300.95007318851430      max   992.48793025928035     
   SIMPLE iter        9500  res_p=   8.7430063189231078E-016  u(1,1,1)=   1.9458836112745279       p(1,1,1)=   123.71302557532974     
 DEBUG T iter        9550 min   300.95685354005843      max   993.78180549660055     
 DEBUG T iter        9600 min   300.96361349631968      max   995.06902939953613     
   SIMPLE iter        9600  res_p=   8.7430063189231078E-016  u(1,1,1)=   1.9458836112745277       p(1,1,1)=   123.71302557535532     
 DEBUG T iter        9650 min   300.97035295346507      max   996.34965770672841     
 DEBUG T iter        9700 min   300.97707181248603      max   997.62374527916336     
   SIMPLE iter        9700  res_p=   8.0491169285323849E-016  u(1,1,1)=   1.9458836112745255       p(1,1,1)=   123.71302557538027     
 DEBUG T iter        9750 min   300.98376997907872      max   998.89134611881502     
 DEBUG T iter        9800 min   300.99044736352454      max   1000.1525133868968     
   SIMPLE iter        9800  res_p=   8.0491169285323849E-016  u(1,1,1)=   1.9458836112745255       p(1,1,1)=   123.71302557540443     
 DEBUG T iter        9850 min   300.99710388057485      max   1001.4072994216823     
 DEBUG T iter        9900 min   301.00373944933818      max   1002.6557557559044     
   SIMPLE iter        9900  res_p=   8.0838113980519211E-016  u(1,1,1)=   1.9458836112745272       p(1,1,1)=   123.71302557542782     
 DEBUG T iter        9950 min   301.01035399316896      max   1003.8979331337592     
 DEBUG T iter       10000 min   301.01694743956114      max   1005.1338815275317     
   SIMPLE iter       10000  res_p=   8.0491169285323849E-016  u(1,1,1)=   1.9458836112745275       p(1,1,1)=   123.71302557545056     
 DEBUG T iter       10050 min   301.02351972004152      max   1006.3636501538181     
 DEBUG T iter       10100 min   301.03007077006714      max   1007.5872874893942     
   SIMPLE iter       10100  res_p=   7.4246164771807344E-016  u(1,1,1)=   1.9458836112745248       p(1,1,1)=   123.71302557547259     
 DEBUG T iter       10150 min   301.03660052892513      max   1008.8048412867075     
 DEBUG T iter       10200 min   301.04310893963469      max   1010.0163585890216     
   SIMPLE iter       10200  res_p=   7.3552275381416621E-016  u(1,1,1)=   1.9458836112745255       p(1,1,1)=   123.71302557549392     
 DEBUG T iter       10250 min   301.04959594885014      max   1011.2218857452044     
 DEBUG T iter       10300 min   301.05606150676857      max   1012.4214684241933     
   SIMPLE iter       10300  res_p=   6.5572547391923308E-016  u(1,1,1)=   1.9458836112745241       p(1,1,1)=   123.71302557551476     
 DEBUG T iter       10350 min   301.06250556703748      max   1013.6151516291110     
 DEBUG T iter       10400 min   301.06892808666595      max   1014.8029797110769     
   SIMPLE iter       10400  res_p=   6.5572547391923308E-016  u(1,1,1)=   1.9458836112745241       p(1,1,1)=   123.71302557553466     
 DEBUG T iter       10450 min   301.07532902593715      max   1015.9849963826872     
 DEBUG T iter       10500 min   301.08170834832299      max   1017.1612447312024     
   SIMPLE iter       10500  res_p=   6.8695049648681561E-016  u(1,1,1)=   1.9458836112745255       p(1,1,1)=   123.71302557555438     
 DEBUG T iter       10550 min   301.08806602040147      max   1018.3317672314192     
 DEBUG T iter       10600 min   301.09440201177495      max   1019.4966057582562     
   SIMPLE iter       10600  res_p=   5.7939764097625357E-016  u(1,1,1)=   1.9458836112745226       p(1,1,1)=   123.71302557557303     
 DEBUG T iter       10650 min   301.10071629499089      max   1020.6558015990686     
 DEBUG T iter       10700 min   301.10700884546452      max   1021.8093954656458     
   SIMPLE iter       10700  res_p=   5.8286708792820718E-016  u(1,1,1)=   1.9458836112745226       p(1,1,1)=   123.71302557559150     
 DEBUG T iter       10750 min   301.11327964140253      max   1022.9574275059713     
 DEBUG T iter       10800 min   301.11952866373065      max   1024.0999373157051     
   SIMPLE iter       10800  res_p=   5.8286708792820718E-016  u(1,1,1)=   1.9458836112745239       p(1,1,1)=   123.71302557560927     
 DEBUG T iter       10850 min   301.12575589601977      max   1025.2369639493947     
 DEBUG T iter       10900 min   301.13196132441652      max   1026.3685459314420     
   SIMPLE iter       10900  res_p=   5.8286708792820718E-016  u(1,1,1)=   1.9458836112745239       p(1,1,1)=   123.71302557562632     
 DEBUG T iter       10950 min   301.13814493757428      max   1027.4947212668180     
 DEBUG T iter       11000 min   301.14430672658619      max   1028.6155274515506     
   SIMPLE iter       11000  res_p=   6.1756155744774333E-016  u(1,1,1)=   1.9458836112745244       p(1,1,1)=   123.71302557564333     
 DEBUG T iter       11050 min   301.15044668491902      max   1029.7310014829445     
 DEBUG T iter       11100 min   301.15656480834934      max   1030.8411798695934     
   SIMPLE iter       11100  res_p=   5.1347814888913490E-016  u(1,1,1)=   1.9458836112745221       p(1,1,1)=   123.71302557565933     
 DEBUG T iter       11150 min   301.16266109490175      max   1031.9460986411545     
 DEBUG T iter       11200 min   301.16873554478673      max   1033.0457933579223     
   SIMPLE iter       11200  res_p=   5.1347814888913490E-016  u(1,1,1)=   1.9458836112745221       p(1,1,1)=   123.71302557567496     
 DEBUG T iter       11250 min   301.17478816034173      max   1034.1402991201458     
 DEBUG T iter       11300 min   301.18081894597265      max   1035.2296505771894     
   SIMPLE iter       11300  res_p=   5.0306980803327406E-016  u(1,1,1)=   1.9458836112745255       p(1,1,1)=   123.71302557569049     
 DEBUG T iter       11350 min   301.18682790809743      max   1036.3138819364317     
 DEBUG T iter       11400 min   301.19281505509036      max   1037.3930269720149     
   SIMPLE iter       11400  res_p=   5.1347814888913490E-016  u(1,1,1)=   1.9458836112745233       p(1,1,1)=   123.71302557570505     
 DEBUG T iter       11450 min   301.19878039722772      max   1038.4671190333568     
 DEBUG T iter       11500 min   301.20472394663517      max   1039.5361910535021     
   SIMPLE iter       11500  res_p=   5.1347814888913490E-016  u(1,1,1)=   1.9458836112745233       p(1,1,1)=   123.71302557571926     
 DEBUG T iter       11550 min   301.21064571723645      max   1040.6002755572574     
 DEBUG T iter       11600 min   301.21654572470237      max   1041.6594046691698     
   SIMPLE iter       11600  res_p=   5.1347814888913490E-016  u(1,1,1)=   1.9458836112745246       p(1,1,1)=   123.71302557573347     
 DEBUG T iter       11650 min   301.22242398640219      max   1042.7136101213146     
 DEBUG T iter       11700 min   301.22828052135532      max   1043.7629232609065     
   SIMPLE iter       11700  res_p=   4.3715031594615539E-016  u(1,1,1)=   1.9458836112745221       p(1,1,1)=   123.71302557574688     
 DEBUG T iter       11750 min   301.23411535018494      max   1044.8073750577396     
 DEBUG T iter       11800 min   301.23992849507118      max   1045.8469961114724     
   SIMPLE iter       11800  res_p=   4.4061976289810900E-016  u(1,1,1)=   1.9458836112745217       p(1,1,1)=   123.71302557575969     
 DEBUG T iter       11850 min   301.24571997970787      max   1046.8818166587387     
 DEBUG T iter       11900 min   301.25148982925811      max   1047.9118665800922     
   SIMPLE iter       11900  res_p=   4.4061976289810900E-016  u(1,1,1)=   1.9458836112745217       p(1,1,1)=   123.71302557577248     
 DEBUG T iter       11950 min   301.25723807031181      max   1048.9371754068334     
 DEBUG T iter       12000 min   301.26296473084449      max   1049.9577723276323     
   SIMPLE iter       12000  res_p=   4.2327252813834093E-016  u(1,1,1)=   1.9458836112745235       p(1,1,1)=   123.71302557578504     
 DEBUG T iter       12050 min   301.26866984017664      max   1050.9736861950364     
 DEBUG T iter       12100 min   301.27435342893403      max   1051.9849455318222     
   SIMPLE iter       12100  res_p=   4.4061976289810900E-016  u(1,1,1)=   1.9458836112745233       p(1,1,1)=   123.71302557579669     
 DEBUG T iter       12150 min   301.28001552900935      max   1052.9915785372311     
 DEBUG T iter       12200 min   301.28565617352433      max   1053.9936130930198     
   SIMPLE iter       12200  res_p=   4.4061976289810900E-016  u(1,1,1)=   1.9458836112745233       p(1,1,1)=   123.71302557580806     
 DEBUG T iter       12250 min   301.29127539679297      max   1054.9910767694073     
 DEBUG T iter       12300 min   301.29687323428624      max   1055.9839968308888     
   SIMPLE iter       12300  res_p=   4.4061976289810900E-016  u(1,1,1)=   1.9458836112745233       p(1,1,1)=   123.71302557581943     
 DEBUG T iter       12350 min   301.30244972259607      max   1056.9724002419159     
 DEBUG T iter       12400 min   301.30800489940219      max   1057.9563136724496     
   SIMPLE iter       12400  res_p=   3.6082248300317588E-016  u(1,1,1)=   1.9458836112745226       p(1,1,1)=   123.71302557583057     
 DEBUG T iter       12450 min   301.31353880343795      max   1058.9357635033966     
 DEBUG T iter       12500 min   301.31905147445860      max   1059.9107758319080     
   SIMPLE iter       12500  res_p=   3.1225022567582528E-016  u(1,1,1)=   1.9458836112745188       p(1,1,1)=   123.71302557584094     
 DEBUG T iter       12550 min   301.32454295320889      max   1060.8813764765875     
 DEBUG T iter       12600 min   301.33001328139216      max   1061.8475909825659     
   SIMPLE iter       12600  res_p=   3.6776137690708310E-016  u(1,1,1)=   1.9458836112745221       p(1,1,1)=   123.71302557585092     
 DEBUG T iter       12650 min   301.33546250164051      max   1062.8094446264640     
 DEBUG T iter       12700 min   301.34089065748526      max   1063.7669624212608     
   SIMPLE iter       12700  res_p=   3.6776137690708310E-016  u(1,1,1)=   1.9458836112745221       p(1,1,1)=   123.71302557586087     
 DEBUG T iter       12750 min   301.34629779332766      max   1064.7201691210403     
 DEBUG T iter       12800 min   301.35168395441110      max   1065.6690892256274     
   SIMPLE iter       12800  res_p=   3.7470027081099033E-016  u(1,1,1)=   1.9458836112745224       p(1,1,1)=   123.71302557587082     
 DEBUG T iter       12850 min   301.35704918679420      max   1066.6137469851578     
 DEBUG T iter       12900 min   301.36239353732338      max   1067.5541664044977     
   SIMPLE iter       12900  res_p=   3.7816971776294395E-016  u(1,1,1)=   1.9458836112745213       p(1,1,1)=   123.71302557588024     
 DEBUG T iter       12950 min   301.36771705360690      max   1068.4903712476078     
 DEBUG T iter       13000 min   301.37301978398966      max   1069.4223850417850     
   SIMPLE iter       13000  res_p=   2.9837243786801082E-016  u(1,1,1)=   1.9458836112745217       p(1,1,1)=   123.71302557588898     
 DEBUG T iter       13050 min   301.37830177752863      max   1070.3502310818301     
 DEBUG T iter       13100 min   301.38356308396789      max   1071.2739324341146     
   SIMPLE iter       13100  res_p=   2.8796409701214998E-016  u(1,1,1)=   1.9458836112745201       p(1,1,1)=   123.71302557589752     
 DEBUG T iter       13150 min   301.38880375371571      max   1072.1935119405643     
 DEBUG T iter       13200 min   301.39402383782090      max   1073.1089922225426     
   SIMPLE iter       13200  res_p=   2.8796409701214998E-016  u(1,1,1)=   1.9458836112745201       p(1,1,1)=   123.71302557590604     
 DEBUG T iter       13250 min   301.39922338795117      max   1074.0203956846697     
 DEBUG T iter       13300 min   301.40440245637029      max   1074.9277445185371     
   SIMPLE iter       13300  res_p=   2.9837243786801082E-016  u(1,1,1)=   1.9458836112745201       p(1,1,1)=   123.71302557591457     
 DEBUG T iter       13350 min   301.40956109591741      max   1075.8310607063640     
 DEBUG T iter       13400 min   301.41469935998572      max   1076.7303660245645     
   SIMPLE iter       13400  res_p=   3.8163916471489756E-016  u(1,1,1)=   1.9458836112745221       p(1,1,1)=   123.71302557592280     
 DEBUG T iter       13450 min   301.41981730250262      max   1077.6256820472186     
 DEBUG T iter       13500 min   301.42491497790928      max   1078.5170301495050     
   SIMPLE iter       13500  res_p=   2.7408630920433552E-016  u(1,1,1)=   1.9458836112745193       p(1,1,1)=   123.71302557593047     
 DEBUG T iter       13550 min   301.42999244114179      max   1079.4044315110309     
 DEBUG T iter       13600 min   301.43504974761197      max   1080.2879071191060     
   SIMPLE iter       13600  res_p=   2.4286128663675299E-016  u(1,1,1)=   1.9458836112745188       p(1,1,1)=   123.71302557593762     
 DEBUG T iter       13650 min   301.44008695318922      max   1081.1674777719247     
 DEBUG T iter       13700 min   301.44510411418264      max   1082.0431640817139     
   SIMPLE iter       13700  res_p=   2.5673907444456745E-016  u(1,1,1)=   1.9458836112745188       p(1,1,1)=   123.71302557594473     
 DEBUG T iter       13750 min   301.45010128732281      max   1082.9149864777837     
 DEBUG T iter       13800 min   301.45507852974623      max   1083.7829652095199     
   SIMPLE iter       13800  res_p=   2.6367796834847468E-016  u(1,1,1)=   1.9458836112745188       p(1,1,1)=   123.71302557595183     
 DEBUG T iter       13850 min   301.46003589897657      max   1084.6471203493218     
 DEBUG T iter       13900 min   301.46497345291061      max   1085.5074717954722     
   SIMPLE iter       13900  res_p=   2.3939183968479938E-016  u(1,1,1)=   1.9458836112745188       p(1,1,1)=   123.71302557595894     
 DEBUG T iter       13950 min   301.46989124980121      max   1086.3640392749310     
 DEBUG T iter       14000 min   301.47478934824176      max   1087.2168423461087     
   SIMPLE iter       14000  res_p=   2.6020852139652106E-016  u(1,1,1)=   1.9458836112745181       p(1,1,1)=   123.71302557596596     
 DEBUG T iter       14050 min   301.47966780715200      max   1088.0659004015133     
 DEBUG T iter       14100 min   301.48452668576277      max   1088.9112326704353     
   SIMPLE iter       14100  res_p=   2.4633073358870661E-016  u(1,1,1)=   1.9458836112745206       p(1,1,1)=   123.71302557597245     
 DEBUG T iter       14150 min   301.48936604360159      max   1089.7528582214811     
 DEBUG T iter       14200 min   301.49418594047938      max   1090.5907959651086     
   SIMPLE iter       14200  res_p=   2.4980018054066022E-016  u(1,1,1)=   1.9458836112745170       p(1,1,1)=   123.71302557597845     
 DEBUG T iter       14250 min   301.49898643647646      max   1091.4250646560961     
 DEBUG T iter       14300 min   301.50376759192920      max   1092.2556828959596     
   SIMPLE iter       14300  res_p=   2.2551405187698492E-016  u(1,1,1)=   1.9458836112745201       p(1,1,1)=   123.71302557598422     
 DEBUG T iter       14350 min   301.50852946741753      max   1093.0826691353191     
 DEBUG T iter       14400 min   301.51327212375219      max   1093.9060416762015     
   SIMPLE iter       14400  res_p=   2.2204460492503131E-016  u(1,1,1)=   1.9458836112745201       p(1,1,1)=   123.71302557598990     
 DEBUG T iter       14450 min   301.51799562196231      max   1094.7258186743152     
 DEBUG T iter       14500 min   301.52270002328379      max   1095.5420181412806     
   SIMPLE iter       14500  res_p=   2.2204460492503131E-016  u(1,1,1)=   1.9458836112745199       p(1,1,1)=   123.71302557599559     
 DEBUG T iter       14550 min   301.52738538914741      max   1096.3546579467798     
 DEBUG T iter       14600 min   301.53205178116798      max   1097.1637558206985     
   SIMPLE iter       14600  res_p=   2.1857515797307769E-016  u(1,1,1)=   1.9458836112745199       p(1,1,1)=   123.71302557600127     
 DEBUG T iter       14650 min   301.53669926113258      max   1097.9693293552020     
 DEBUG T iter       14700 min   301.54132789099037      max   1098.7713960067751     
   SIMPLE iter       14700  res_p=   2.2898349882893854E-016  u(1,1,1)=   1.9458836112745199       p(1,1,1)=   123.71302557600696     
 DEBUG T iter       14750 min   301.54593773284188      max   1099.5699730982230     
 DEBUG T iter       14800 min   301.55052884892916      max   1100.3650778206281     
   SIMPLE iter       14800  res_p=   2.1510571102112408E-016  u(1,1,1)=   1.9458836112745193       p(1,1,1)=   123.71302557601247     
 DEBUG T iter       14850 min   301.55510130162514      max   1101.1567272352499     
 DEBUG T iter       14900 min   301.55965515342450      max   1101.9449382754246     
   SIMPLE iter       14900  res_p=   2.3939183968479938E-016  u(1,1,1)=   1.9458836112745184       p(1,1,1)=   123.71302557601754     
 DEBUG T iter       14950 min   301.56419046693446      max   1102.7297277483722     
 DEBUG T iter       15000 min   301.56870730486480      max   1103.5111123370193     
   SIMPLE iter       15000  res_p=   2.0122792321330962E-016  u(1,1,1)=   1.9458836112745181       p(1,1,1)=   123.71302557602233     
 DEBUG T iter       15050 min   301.57320573001954      max   1104.2891086017580     
 DEBUG T iter       15100 min   301.57768580528830      max   1105.0637329821579     
   SIMPLE iter       15100  res_p=   2.1510571102112408E-016  u(1,1,1)=   1.9458836112745146       p(1,1,1)=   123.71302557602671     
 DEBUG T iter       15150 min   301.58214759363756      max   1105.8350017986727     
 DEBUG T iter       15200 min   301.58659115810201      max   1106.6029312542748     
   SIMPLE iter       15200  res_p=   2.1510571102112408E-016  u(1,1,1)=   1.9458836112745150       p(1,1,1)=   123.71302557603097     
 DEBUG T iter       15250 min   301.59101656177722      max   1107.3675374361055     
 DEBUG T iter       15300 min   301.59542386781197      max   1108.1288363170456     
   SIMPLE iter       15300  res_p=   2.1510571102112408E-016  u(1,1,1)=   1.9458836112745150       p(1,1,1)=   123.71302557603524     
 DEBUG T iter       15350 min   301.59981313939971      max   1108.8868437572762     
 DEBUG T iter       15400 min   301.60418443977176      max   1109.6415755058060     
   SIMPLE iter       15400  res_p=   2.1510571102112408E-016  u(1,1,1)=   1.9458836112745150       p(1,1,1)=   123.71302557603950     
 DEBUG T iter       15450 min   301.60853783219028      max   1110.3930472019586     
 DEBUG T iter       15500 min   301.61287337994071      max   1111.1412743768535     
   SIMPLE iter       15500  res_p=   2.1510571102112408E-016  u(1,1,1)=   1.9458836112745150       p(1,1,1)=   123.71302557604376     
 DEBUG T iter       15550 min   301.61719114632530      max   1111.8862724548226     
 DEBUG T iter       15600 min   301.62149119465653      max   1112.6280567548308     
   SIMPLE iter       15600  res_p=   2.1510571102112408E-016  u(1,1,1)=   1.9458836112745150       p(1,1,1)=   123.71302557604803     
 DEBUG T iter       15650 min   301.62577358825024      max   1113.3666424918526     
 DEBUG T iter       15700 min   301.63003839041988      max   1114.1020447782093     
   SIMPLE iter       15700  res_p=   2.1510571102112408E-016  u(1,1,1)=   1.9458836112745150       p(1,1,1)=   123.71302557605229     
 DEBUG T iter       15750 min   301.63428566446987      max   1114.8342786249109     
 DEBUG T iter       15800 min   301.63851547369040      max   1115.5633589429517     
   SIMPLE iter       15800  res_p=   2.0816681711721685E-016  u(1,1,1)=   1.9458836112745186       p(1,1,1)=   123.71302557605654     
 DEBUG T iter       15850 min   301.64272788135042      max   1116.2893005445783     
 DEBUG T iter       15900 min   301.64692295069335      max   1117.0121181445249     
   SIMPLE iter       15900  res_p=   1.9428902930940239E-016  u(1,1,1)=   1.9458836112745197       p(1,1,1)=   123.71302557606033     
 DEBUG T iter       15950 min   301.65110074493089      max   1117.7318263612608     
 DEBUG T iter       16000 min   301.65526132723767      max   1118.4484397181618     
   SIMPLE iter       16000  res_p=   2.0122792321330962E-016  u(1,1,1)=   1.9458836112745184       p(1,1,1)=   123.71302557606394     
 DEBUG T iter       16050 min   301.65940476074627      max   1119.1619726447193     
 DEBUG T iter       16100 min   301.66353110854254      max   1119.8724394776614     
   SIMPLE iter       16100  res_p=   1.9081958235744878E-016  u(1,1,1)=   1.9458836112745190       p(1,1,1)=   123.71302557606737     
 DEBUG T iter       16150 min   301.66764043365970      max   1120.5798544621000     
 DEBUG T iter       16200 min   301.67173279907490      max   1121.2842317526240     
   SIMPLE iter       16200  res_p=   1.6306400674181987E-016  u(1,1,1)=   1.9458836112745173       p(1,1,1)=   123.71302557607039     
 DEBUG T iter       16250 min   301.67580826770399      max   1121.9855854144125     
 DEBUG T iter       16300 min   301.67986690239604      max   1122.6839294242734     
   SIMPLE iter       16300  res_p=   1.7347234759768071E-016  u(1,1,1)=   1.9458836112745161       p(1,1,1)=   123.71302557607336     
 DEBUG T iter       16350 min   301.68390876593133      max   1123.3792776717044     
 DEBUG T iter       16400 min   301.68793392101480      max   1124.0716439599087     
   SIMPLE iter       16400  res_p=   1.5959455978986625E-016  u(1,1,1)=   1.9458836112745164       p(1,1,1)=   123.71302557607623     
 DEBUG T iter       16450 min   301.69194243027357      max   1124.7610420068136     
 DEBUG T iter       16500 min   301.69593435625177      max   1125.4474854460461     
   SIMPLE iter       16500  res_p=   1.6306400674181987E-016  u(1,1,1)=   1.9458836112745164       p(1,1,1)=   123.71302557607908     
 DEBUG T iter       16550 min   301.69990976140764      max   1126.1309878279101     
 DEBUG T iter       16600 min   301.70386870810916      max   1126.8115626203169     
   SIMPLE iter       16600  res_p=   1.5265566588595902E-016  u(1,1,1)=   1.9458836112745164       p(1,1,1)=   123.71302557608192     
 DEBUG T iter       16650 min   301.70781125863084      max   1127.4892232097482     
 DEBUG T iter       16700 min   301.71173747514962      max   1128.1639829021428     
   SIMPLE iter       16700  res_p=   1.7000290064572710E-016  u(1,1,1)=   1.9458836112745164       p(1,1,1)=   123.71302557608476     
 DEBUG T iter       16750 min   301.71564741974231      max   1128.8358549238128     
 DEBUG T iter       16800 min   301.71954115438137      max   1129.5048524223050     
   SIMPLE iter       16800  res_p=   1.4918621893400541E-016  u(1,1,1)=   1.9458836112745164       p(1,1,1)=   123.71302557608760     
 DEBUG T iter       16850 min   301.72341874093217      max   1130.1709884672857     
 DEBUG T iter       16900 min   301.72728024114986      max   1130.8342760513749     
   SIMPLE iter       16900  res_p=   1.5959455978986625E-016  u(1,1,1)=   1.9458836112745164       p(1,1,1)=   123.71302557609044     
 DEBUG T iter       16950 min   301.73112571667627      max   1131.4947280909887     
 DEBUG T iter       17000 min   301.73495522903693      max   1132.1523574271496     
   SIMPLE iter       17000  res_p=   1.5612511283791264E-016  u(1,1,1)=   1.9458836112745164       p(1,1,1)=   123.71302557609329     
 DEBUG T iter       17050 min   301.73876883963834      max   1132.8071768262953     
 DEBUG T iter       17100 min   301.74256660976511      max   1133.4591989810492     
   SIMPLE iter       17100  res_p=   1.7000290064572710E-016  u(1,1,1)=   1.9458836112745164       p(1,1,1)=   123.71302557609613     
 DEBUG T iter       17150 min   301.74634860057733      max   1134.1084365110241     
 DEBUG T iter       17200 min   301.75011487310803      max   1134.7549019635558     
   SIMPLE iter       17200  res_p=   1.5612511283791264E-016  u(1,1,1)=   1.9458836112745164       p(1,1,1)=   123.71302557609897     
 DEBUG T iter       17250 min   301.75386548826083      max   1135.3986078144687     
 DEBUG T iter       17300 min   301.75760050680702      max   1136.0395664687856     
   SIMPLE iter       17300  res_p=   1.8735013540549517E-016  u(1,1,1)=   1.9458836112745164       p(1,1,1)=   123.71302557610181     
 DEBUG T iter       17350 min   301.76131998938394      max   1136.6777902614645     
 DEBUG T iter       17400 min   301.76502399649206      max   1137.3132914581017     
   SIMPLE iter       17400  res_p=   1.6653345369377348E-016  u(1,1,1)=   1.9458836112745157       p(1,1,1)=   123.71302557610451     
 DEBUG T iter       17450 min   301.76871258849303      max   1137.9460822556348     
 DEBUG T iter       17500 min   301.77238582560807      max   1138.5761747829981     
   SIMPLE iter       17500  res_p=   1.5265566588595902E-016  u(1,1,1)=   1.9458836112745179       p(1,1,1)=   123.71302557610684     
 DEBUG T iter       17550 min   301.77604376791493      max   1139.2035811018161     
 DEBUG T iter       17600 min   301.77968647534681      max   1139.8283132070674     
   SIMPLE iter       17600  res_p=   1.5612511283791264E-016  u(1,1,1)=   1.9458836112745221       p(1,1,1)=   123.71302557610909     
 DEBUG T iter       17650 min   301.78331400768991      max   1140.4503830277006     
 DEBUG T iter       17700 min   301.78692642458196      max   1141.0698024272970     
   SIMPLE iter       17700  res_p=   1.6306400674181987E-016  u(1,1,1)=   1.9458836112745181       p(1,1,1)=   123.71302557611125     
 DEBUG T iter       17750 min   301.79052378551023      max   1141.6865832046913     
 DEBUG T iter       17800 min   301.79410614980969      max   1142.3007370945820     
   SIMPLE iter       17800  res_p=   1.8041124150158794E-016  u(1,1,1)=   1.9458836112745179       p(1,1,1)=   123.71302557611327     
 DEBUG T iter       17850 min   301.79767357666213      max   1142.9122757681287     
 DEBUG T iter       17900 min   301.80122612509314      max   1143.5212108335520     
   SIMPLE iter       17900  res_p=   1.5612511283791264E-016  u(1,1,1)=   1.9458836112745197       p(1,1,1)=   123.71302557611509     
 DEBUG T iter       17950 min   301.80476385397225      max   1144.1275538367152     
 DEBUG T iter       18000 min   301.80828682201007      max   1144.7313162617006     
   SIMPLE iter       18000  res_p=   1.5612511283791264E-016  u(1,1,1)=   1.9458836112745153       p(1,1,1)=   123.71302557611668     
 DEBUG T iter       18050 min   301.81179508775762      max   1145.3325095313776     
 DEBUG T iter       18100 min   301.81528870960500      max   1145.9311450079401     
   SIMPLE iter       18100  res_p=   1.2836953722228372E-016  u(1,1,1)=   1.9458836112745181       p(1,1,1)=   123.71302557611818     
 DEBUG T iter       18150 min   301.81876774577961      max   1146.5272339934688     
 DEBUG T iter       18200 min   301.82223225434535      max   1147.1207877304560     
   SIMPLE iter       18200  res_p=   1.3530843112619095E-016  u(1,1,1)=   1.9458836112745168       p(1,1,1)=   123.71302557611970     
 DEBUG T iter       18250 min   301.82568229320083      max   1147.7118174023381     
 DEBUG T iter       18300 min   301.82911792007928      max   1148.3003341340207     
   SIMPLE iter       18300  res_p=   1.2490009027033011E-016  u(1,1,1)=   1.9458836112745148       p(1,1,1)=   123.71302557612115     
 DEBUG T iter       18350 min   301.83253919254639      max   1148.8863489923740     
 DEBUG T iter       18400 min   301.83594616799945      max   1149.4698729867475     
   SIMPLE iter       18400  res_p=   1.1796119636642288E-016  u(1,1,1)=   1.9458836112745153       p(1,1,1)=   123.71302557612258     
 DEBUG T iter       18450 min   301.83933890366660      max   1150.0509170694600     
 DEBUG T iter       18500 min   301.84271745660618      max   1150.6294921362792     
   SIMPLE iter       18500  res_p=   1.2490009027033011E-016  u(1,1,1)=   1.9458836112745153       p(1,1,1)=   123.71302557612400     
 DEBUG T iter       18550 min   301.84608188370464      max   1151.2056090269098     
 DEBUG T iter       18600 min   301.84943224167716      max   1151.7792785254665     
   SIMPLE iter       18600  res_p=   1.1796119636642288E-016  u(1,1,1)=   1.9458836112745150       p(1,1,1)=   123.71302557612542     
 DEBUG T iter       18650 min   301.85276858706538      max   1152.3505113609274     
 DEBUG T iter       18700 min   301.85609097623774      max   1152.9193182075851     
   SIMPLE iter       18700  res_p=   1.1796119636642288E-016  u(1,1,1)=   1.9458836112745150       p(1,1,1)=   123.71302557612684     
 DEBUG T iter       18750 min   301.85939946538770      max   1153.4857096855153     
 DEBUG T iter       18800 min   301.86269411053428      max   1154.0496963610078     
   SIMPLE iter       18800  res_p=   1.1796119636642288E-016  u(1,1,1)=   1.9458836112745148       p(1,1,1)=   123.71302557612826     
 DEBUG T iter       18850 min   301.86597496752000      max   1154.6112887470006     
 DEBUG T iter       18900 min   301.86924209201078      max   1155.1704973035000     
   SIMPLE iter       18900  res_p=   1.1796119636642288E-016  u(1,1,1)=   1.9458836112745148       p(1,1,1)=   123.71302557612968     
 DEBUG T iter       18950 min   301.87249553949601      max   1155.7273324380315     
 DEBUG T iter       19000 min   301.87573536528657      max   1156.2818045060176     
   SIMPLE iter       19000  res_p=   1.1796119636642288E-016  u(1,1,1)=   1.9458836112745148       p(1,1,1)=   123.71302557613110     
 DEBUG T iter       19050 min   301.87896162451585      max   1156.8339238112176     
 DEBUG T iter       19100 min   301.88217437213740      max   1157.3837006061219     
   SIMPLE iter       19100  res_p=   1.3877787807814457E-016  u(1,1,1)=   1.9458836112745150       p(1,1,1)=   123.71302557613252     
 DEBUG T iter       19150 min   301.88537366292655      max   1157.9311450923387     
 DEBUG T iter       19200 min   301.88855955147784      max   1158.4762674209933     
   SIMPLE iter       19200  res_p=   1.1449174941446927E-016  u(1,1,1)=   1.9458836112745148       p(1,1,1)=   123.71302557613394     
 DEBUG T iter       19250 min   301.89173209220627      max   1159.0190776931147     
 DEBUG T iter       19300 min   301.89489133934643      max   1159.5595859600260     
   SIMPLE iter       19300  res_p=   1.4224732503009818E-016  u(1,1,1)=   1.9458836112745153       p(1,1,1)=   123.71302557613537     
 DEBUG T iter       19350 min   301.89803734695096      max   1160.0978022236925     
 DEBUG T iter       19400 min   301.90117016889218      max   1160.6337364371141     
   SIMPLE iter       19400  res_p=   1.4224732503009818E-016  u(1,1,1)=   1.9458836112745153       p(1,1,1)=   123.71302557613679     
 DEBUG T iter       19450 min   301.90428985886007      max   1161.1673985046832     
 DEBUG T iter       19500 min   301.90739647036332      max   1161.6987982825383     
   SIMPLE iter       19500  res_p=   1.4224732503009818E-016  u(1,1,1)=   1.9458836112745150       p(1,1,1)=   123.71302557613821     
 DEBUG T iter       19550 min   301.91049005672778      max   1162.2279455789210     
 DEBUG T iter       19600 min   301.91357067109743      max   1162.7548501545209     
   SIMPLE iter       19600  res_p=   1.2836953722228372E-016  u(1,1,1)=   1.9458836112745150       p(1,1,1)=   123.71302557613963     
 DEBUG T iter       19650 min   301.91663836643318      max   1163.2795217228222     
 DEBUG T iter       19700 min   301.91969319551333      max   1163.8019699504453     
   SIMPLE iter       19700  res_p=   1.2836953722228372E-016  u(1,1,1)=   1.9458836112745148       p(1,1,1)=   123.71302557614105     
 DEBUG T iter       19750 min   301.92273521093335      max   1164.3222044574893     
 DEBUG T iter       19800 min   301.92576446510515      max   1164.8402348178361     
   SIMPLE iter       19800  res_p=   1.1796119636642288E-016  u(1,1,1)=   1.9458836112745148       p(1,1,1)=   123.71302557614247     
 DEBUG T iter       19850 min   301.92878101025764      max   1165.3560705595009     
 DEBUG T iter       19900 min   301.93178489843609      max   1165.8697211649410     
   SIMPLE iter       19900  res_p=   1.3183898417423734E-016  u(1,1,1)=   1.9458836112745148       p(1,1,1)=   123.71302557614389     
 DEBUG T iter       19950 min   301.93477618150303      max   1166.3811960713656     
 DEBUG T iter       20000 min   301.93775491113632      max   1166.8905046710654     
   SIMPLE iter       20000  res_p=   1.3530843112619095E-016  u(1,1,1)=   1.9458836112745150       p(1,1,1)=   123.71302557614531     
 DEBUG T iter       20050 min   301.94072113883129      max   1167.3976563117183     
 DEBUG T iter       20100 min   301.94367491589918      max   1167.9026602966760     
   SIMPLE iter       20100  res_p=   1.2490009027033011E-016  u(1,1,1)=   1.9458836112745153       p(1,1,1)=   123.71302557614673     
 DEBUG T iter       20150 min   301.94661629346803      max   1168.4055258852854     
 DEBUG T iter       20200 min   301.94954532248153      max   1168.9062622931669     
   SIMPLE iter       20200  res_p=   1.3183898417423734E-016  u(1,1,1)=   1.9458836112745153       p(1,1,1)=   123.71302557614815     
 DEBUG T iter       20250 min   301.95246205370069      max   1169.4048786925241     
 DEBUG T iter       20300 min   301.95536653770256      max   1169.9013842124180     
   SIMPLE iter       20300  res_p=   1.3530843112619095E-016  u(1,1,1)=   1.9458836112745153       p(1,1,1)=   123.71302557614958     
 DEBUG T iter       20350 min   301.95825882488100      max   1170.3957879390580     
 DEBUG T iter       20400 min   301.96113896544614      max   1170.8880989160818     
   SIMPLE iter       20400  res_p=   1.3530843112619095E-016  u(1,1,1)=   1.9458836112745155       p(1,1,1)=   123.71302557615074     
 DEBUG T iter       20450 min   301.96400700942559      max   1171.3783261448420     
 DEBUG T iter       20500 min   301.96686300666289      max   1171.8664785846659     
   SIMPLE iter       20500  res_p=   1.4224732503009818E-016  u(1,1,1)=   1.9458836112745190       p(1,1,1)=   123.71302557615176     
 DEBUG T iter       20550 min   301.96970700681914      max   1172.3525651531438     
 DEBUG T iter       20600 min   301.97253905937271      max   1172.8365947263751     
   SIMPLE iter       20600  res_p=   1.5959455978986625E-016  u(1,1,1)=   1.9458836112745144       p(1,1,1)=   123.71302557615270     
 DEBUG T iter       20650 min   301.97535921361884      max   1173.3185761392485     
 DEBUG T iter       20700 min   301.97816751867038      max   1173.7985181857064     
   SIMPLE iter       20700  res_p=   1.2836953722228372E-016  u(1,1,1)=   1.9458836112745153       p(1,1,1)=   123.71302557615360     
 DEBUG T iter       20750 min   301.98096402345794      max   1174.2764296189898     
 DEBUG T iter       20800 min   301.98374877672967      max   1174.7523191519042     
   SIMPLE iter       20800  res_p=   1.3530843112619095E-016  u(1,1,1)=   1.9458836112745155       p(1,1,1)=   123.71302557615449     
 DEBUG T iter       20850 min   301.98652182705229      max   1175.2261954570686     
 DEBUG T iter       20900 min   301.98928322281023      max   1175.6980671671602     
   SIMPLE iter       20900  res_p=   1.2490009027033011E-016  u(1,1,1)=   1.9458836112745173       p(1,1,1)=   123.71302557615533     
 DEBUG T iter       20950 min   301.99203301220660      max   1176.1679428751625     
 DEBUG T iter       21000 min   301.99477124326341      max   1176.6358311346153     
   SIMPLE iter       21000  res_p=   1.2143064331837650E-016  u(1,1,1)=   1.9458836112745177       p(1,1,1)=   123.71302557615616     
 DEBUG T iter       21050 min   301.99749796382127      max   1177.1017404598510     
 DEBUG T iter       21100 min   302.00021322154072      max   1177.5656793262274     
   SIMPLE iter       21100  res_p=   1.2836953722228372E-016  u(1,1,1)=   1.9458836112745166       p(1,1,1)=   123.71302557615695     
 DEBUG T iter       21150 min   302.00291706390095      max   1178.0276561703761     
 DEBUG T iter       21200 min   302.00560953820172      max   1178.4876793904139     
   SIMPLE iter       21200  res_p=   1.2143064331837650E-016  u(1,1,1)=   1.9458836112745166       p(1,1,1)=   123.71302557615772     
 DEBUG T iter       21250 min   302.00829069156259      max   1178.9457573462012     
 DEBUG T iter       21300 min   302.01096057092337      max   1179.4018983595420     
   SIMPLE iter       21300  res_p=   1.4224732503009818E-016  u(1,1,1)=   1.9458836112745161       p(1,1,1)=   123.71302557615846     
 DEBUG T iter       21350 min   302.01361922304494      max   1179.8561107144301     
 DEBUG T iter       21400 min   302.01626669450883      max   1180.3084026572515     
   SIMPLE iter       21400  res_p=   1.3877787807814457E-016  u(1,1,1)=   1.9458836112745166       p(1,1,1)=   123.71302557615920     
 DEBUG T iter       21450 min   302.01890303171848      max   1180.7587823970234     
 DEBUG T iter       21500 min   302.02152828089868      max   1181.2072581055995     
   SIMPLE iter       21500  res_p=   1.2490009027033011E-016  u(1,1,1)=   1.9458836112745159       p(1,1,1)=   123.71302557615991     
 DEBUG T iter       21550 min   302.02414248809606      max   1181.6538379179021     
 DEBUG T iter       21600 min   302.02674569918031      max   1182.0985299321078     
   SIMPLE iter       21600  res_p=   1.7000290064572710E-016  u(1,1,1)=   1.9458836112745166       p(1,1,1)=   123.71302557616058     
 DEBUG T iter       21650 min   302.02933795984364      max   1182.5413422098763     
 DEBUG T iter       21700 min   302.03191931560121      max   1182.9822827765693     
   SIMPLE iter       21700  res_p=   1.3183898417423734E-016  u(1,1,1)=   1.9458836112745166       p(1,1,1)=   123.71302557616121     
 DEBUG T iter       21750 min   302.03448981179167      max   1183.4213596214338     
 DEBUG T iter       21800 min   302.03704949357819      max   1183.8585806978137     
   SIMPLE iter       21800  res_p=   1.5612511283791264E-016  u(1,1,1)=   1.9458836112745215       p(1,1,1)=   123.71302557616183     
 DEBUG T iter       21850 min   302.03959840594757      max   1184.2939539233685     
 DEBUG T iter       21900 min   302.04213659371163      max   1184.7274871802579     
   SIMPLE iter       21900  res_p=   1.3877787807814457E-016  u(1,1,1)=   1.9458836112745173       p(1,1,1)=   123.71302557616241     
 DEBUG T iter       21950 min   302.04466410150758      max   1185.1591883153369     
 DEBUG T iter       22000 min   302.04718097379754      max   1185.5890651403652     
   SIMPLE iter       22000  res_p=   1.5612511283791264E-016  u(1,1,1)=   1.9458836112745164       p(1,1,1)=   123.71302557616295     
 DEBUG T iter       22050 min   302.04968725486992      max   1186.0171254321931     
 DEBUG T iter       22100 min   302.05218298883966      max   1186.4433769329607     
   SIMPLE iter       22100  res_p=   1.2490009027033011E-016  u(1,1,1)=   1.9458836112745175       p(1,1,1)=   123.71302557616343     
 DEBUG T iter       22150 min   302.05466821964819      max   1186.8678273502765     
 DEBUG T iter       22200 min   302.05714299106450      max   1187.2904843574208     
   SIMPLE iter       22200  res_p=   1.5959455978986625E-016  u(1,1,1)=   1.9458836112745184       p(1,1,1)=   123.71302557616386     
 DEBUG T iter       22250 min   302.05960734668474      max   1187.7113555935289     
 DEBUG T iter       22300 min   302.06206132993367      max   1188.1304486637666     
   SIMPLE iter       22300  res_p=   1.7000290064572710E-016  u(1,1,1)=   1.9458836112745164       p(1,1,1)=   123.71302557616423     
 DEBUG T iter       22350 min   302.06450498406417      max   1188.5477711395295     
 DEBUG T iter       22400 min   302.06693835215873      max   1188.9633305586053     
   SIMPLE iter       22400  res_p=   1.4224732503009818E-016  u(1,1,1)=   1.9458836112745159       p(1,1,1)=   123.71302557616460     
 DEBUG T iter       22450 min   302.06936147712861      max   1189.3771344253760     
 DEBUG T iter       22500 min   302.07177440171540      max   1189.7891902109827     
   SIMPLE iter       22500  res_p=   1.2836953722228372E-016  u(1,1,1)=   1.9458836112745170       p(1,1,1)=   123.71302557616485     
 DEBUG T iter       22550 min   302.07417716849108      max   1190.1995053535049     
 DEBUG T iter       22600 min   302.07656981985821      max   1190.6080872581319     
   SIMPLE iter       22600  res_p=   1.3530843112619095E-016  u(1,1,1)=   1.9458836112745166       p(1,1,1)=   123.71302557616512     
 DEBUG T iter       22650 min   302.07895239805100      max   1191.0149432973531     
 DEBUG T iter       22700 min   302.08132494513541      max   1191.4200808111120     
   SIMPLE iter       22700  res_p=   1.2490009027033011E-016  u(1,1,1)=   1.9458836112745175       p(1,1,1)=   123.71302557616532     
 DEBUG T iter       22750 min   302.08368750300940      max   1191.8235071069753     
 DEBUG T iter       22800 min   302.08604011340429      max   1192.2252294603325     
   SIMPLE iter       22800  res_p=   1.3530843112619095E-016  u(1,1,1)=   1.9458836112745164       p(1,1,1)=   123.71302557616552     
 DEBUG T iter       22850 min   302.08838281788388      max   1192.6252551145149     
 DEBUG T iter       22900 min   302.09071565784620      max   1193.0235912810049     
   SIMPLE iter       22900  res_p=   1.2143064331837650E-016  u(1,1,1)=   1.9458836112745153       p(1,1,1)=   123.71302557616568     
 DEBUG T iter       22950 min   302.09303867452343      max   1193.4202451395856     
 DEBUG T iter       23000 min   302.09535190898254      max   1193.8152238384923     
   SIMPLE iter       23000  res_p=   1.1449174941446927E-016  u(1,1,1)=   1.9458836112745170       p(1,1,1)=   123.71302557616582     
 DEBUG T iter       23050 min   302.09765540212550      max   1194.2085344945924     
 DEBUG T iter       23100 min   302.09994919469034      max   1194.6001841935358     
   SIMPLE iter       23100  res_p=   1.1449174941446927E-016  u(1,1,1)=   1.9458836112745150       p(1,1,1)=   123.71302557616595     
 DEBUG T iter       23150 min   302.10223332725087      max   1194.9901799899283     
 DEBUG T iter       23200 min   302.10450784021805      max   1195.3785289074585     
   SIMPLE iter       23200  res_p=   9.3675067702747583E-017  u(1,1,1)=   1.9458836112745166       p(1,1,1)=   123.71302557616602     
 DEBUG T iter       23250 min   302.10677277383996      max   1195.7652379390977     
 DEBUG T iter       23300 min   302.10902816820249      max   1196.1503140472148     
   SIMPLE iter       23300  res_p=   1.1796119636642288E-016  u(1,1,1)=   1.9458836112745173       p(1,1,1)=   123.71302557616617     
 DEBUG T iter       23350 min   302.11127406322930      max   1196.5337641637548     
 DEBUG T iter       23400 min   302.11351049868347      max   1196.9155951903933     
   SIMPLE iter       23400  res_p=   9.7144514654701197E-017  u(1,1,1)=   1.9458836112745164       p(1,1,1)=   123.71302557616620     
 DEBUG T iter       23450 min   302.11573751416711      max   1197.2958139986702     
 DEBUG T iter       23500 min   302.11795514912194      max   1197.6744274301568     
   SIMPLE iter       23500  res_p=   8.6736173798840355E-017  u(1,1,1)=   1.9458836112745164       p(1,1,1)=   123.71302557616627     
 DEBUG T iter       23550 min   302.12016344283029      max   1198.0514422965960     
 DEBUG T iter       23600 min   302.12236243441521      max   1198.4268653800543     
   SIMPLE iter       23600  res_p=   9.3675067702747583E-017  u(1,1,1)=   1.9458836112745166       p(1,1,1)=   123.71302557616633     
 DEBUG T iter       23650 min   302.12455216284098      max   1198.8007034330760     
 DEBUG T iter       23700 min   302.12673266691411      max   1199.1729631788094     
   SIMPLE iter       23700  res_p=   1.0755285551056204E-016  u(1,1,1)=   1.9458836112745166       p(1,1,1)=   123.71302557616633     
 DEBUG T iter       23750 min   302.12890398528316      max   1199.5436513111683     
 DEBUG T iter       23800 min   302.13106615643960      max   1199.9127744949728     
   SIMPLE iter       23800  res_p=   9.0205620750793969E-017  u(1,1,1)=   1.9458836112745166       p(1,1,1)=   123.71302557616633     
 DEBUG T iter       23850 min   302.13321921871869      max   1200.2803393660943     
 DEBUG T iter       23900 min   302.13536321029949      max   1200.6463525315855     
   SIMPLE iter       23900  res_p=   6.9388939039072284E-017  u(1,1,1)=   1.9458836112745164       p(1,1,1)=   123.71302557616640     
 DEBUG T iter       23950 min   302.13749816920523      max   1201.0108205698270     
 DEBUG T iter       24000 min   302.13962413330484      max   1201.3737500306841     
   SIMPLE iter       24000  res_p=   6.9388939039072284E-017  u(1,1,1)=   1.9458836112745164       p(1,1,1)=   123.71302557616640     
 DEBUG T iter       24050 min   302.14174114031215      max   1201.7351474356178     
 DEBUG T iter       24100 min   302.14384922778754      max   1202.0950192778350     
   SIMPLE iter       24100  res_p=   6.9388939039072284E-017  u(1,1,1)=   1.9458836112745164       p(1,1,1)=   123.71302557616640     
 DEBUG T iter       24150 min   302.14594843313796      max   1202.4533720224267     
 DEBUG T iter       24200 min   302.14803879361722      max   1202.8102121064981     
   SIMPLE iter       24200  res_p=   1.1102230246251565E-016  u(1,1,1)=   1.9458836112745164       p(1,1,1)=   123.71302557616640     
 DEBUG T iter       24250 min   302.15012034632707      max   1203.1655459393130     
 DEBUG T iter       24300 min   302.15219312821722      max   1203.5193799024182     
   SIMPLE iter       24300  res_p=   9.0205620750793969E-017  u(1,1,1)=   1.9458836112745159       p(1,1,1)=   123.71302557616647     
 DEBUG T iter       24350 min   302.15425717608650      max   1203.8717203497754     
 DEBUG T iter       24400 min   302.15631252658267      max   1204.2225736078969     
   SIMPLE iter       24400  res_p=   6.9388939039072284E-017  u(1,1,1)=   1.9458836112745159       p(1,1,1)=   123.71302557616647     
 DEBUG T iter       24450 min   302.15835921620351      max   1204.5719459759878     
 DEBUG T iter       24500 min   302.16039728129687      max   1204.9198437260466     
   SIMPLE iter       24500  res_p=   6.9388939039072284E-017  u(1,1,1)=   1.9458836112745159       p(1,1,1)=   123.71302557616647     
 DEBUG T iter       24550 min   302.16242675806194      max   1205.2662731030200     
 DEBUG T iter       24600 min   302.16444768254888      max   1205.6112403249278     
   SIMPLE iter       24600  res_p=   6.9388939039072284E-017  u(1,1,1)=   1.9458836112745159       p(1,1,1)=   123.71302557616647     
 DEBUG T iter       24650 min   302.16646009065994      max   1205.9547515829770     
 DEBUG T iter       24700 min   302.16846401814973      max   1206.2968130417021     
   SIMPLE iter       24700  res_p=   6.9388939039072284E-017  u(1,1,1)=   1.9458836112745159       p(1,1,1)=   123.71302557616647     
 DEBUG T iter       24750 min   302.17045950062629      max   1206.6374308390843     
 DEBUG T iter       24800 min   302.17244657355053      max   1206.9766110866747     
   SIMPLE iter       24800  res_p=   6.9388939039072284E-017  u(1,1,1)=   1.9458836112745159       p(1,1,1)=   123.71302557616647     
 DEBUG T iter       24850 min   302.17442527223790      max   1207.3143598697227     
 DEBUG T iter       24900 min   302.17639563185827      max   1207.6506832472974     
   SIMPLE iter       24900  res_p=   6.9388939039072284E-017  u(1,1,1)=   1.9458836112745159       p(1,1,1)=   123.71302557616647     
 DEBUG T iter       24950 min   302.17835768743663      max   1207.9855872524117     
 DEBUG T iter       25000 min   302.18031147385375      max   1208.3190778921382     
   SIMPLE iter       25000  res_p=   6.9388939039072284E-017  u(1,1,1)=   1.9458836112745159       p(1,1,1)=   123.71302557616647     
 DEBUG T iter       25050 min   302.18225702584647      max   1208.6511611477374     
 DEBUG T iter       25100 min   302.18419437800839      max   1208.9818429747729     
   SIMPLE iter       25100  res_p=   6.9388939039072284E-017  u(1,1,1)=   1.9458836112745159       p(1,1,1)=   123.71302557616647     
 DEBUG T iter       25150 min   302.18612356479025      max   1209.3111293032327     
 DEBUG T iter       25200 min   302.18804462050070      max   1209.6390260376447     
   SIMPLE iter       25200  res_p=   6.9388939039072284E-017  u(1,1,1)=   1.9458836112745159       p(1,1,1)=   123.71302557616647     
 DEBUG T iter       25250 min   302.18995757930691      max   1209.9655390571941     
 DEBUG T iter       25300 min   302.19186247523425      max   1210.2906742158500     
   SIMPLE iter       25300  res_p=   6.9388939039072284E-017  u(1,1,1)=   1.9458836112745159       p(1,1,1)=   123.71302557616647     
 DEBUG T iter       25350 min   302.19375934216799      max   1210.6144373424681     
 DEBUG T iter       25400 min   302.19564821385330      max   1210.9368342409152     
   SIMPLE iter       25400  res_p=   6.9388939039072284E-017  u(1,1,1)=   1.9458836112745159       p(1,1,1)=   123.71302557616647     
 DEBUG T iter       25450 min   302.19752912389515      max   1211.2578706901854     
 DEBUG T iter       25500 min   302.19940210576050      max   1211.5775524445041     
   SIMPLE iter       25500  res_p=   6.9388939039072284E-017  u(1,1,1)=   1.9458836112745159       p(1,1,1)=   123.71302557616647     
 DEBUG T iter       25550 min   302.20126719277670      max   1211.8958852334547     
 DEBUG T iter       25600 min   302.20312441813371      max   1212.2128747620811     
   SIMPLE iter       25600  res_p=   6.9388939039072284E-017  u(1,1,1)=   1.9458836112745159       p(1,1,1)=   123.71302557616647     
 DEBUG T iter       25650 min   302.20497381488377      max   1212.5285267109973     
 DEBUG T iter       25700 min   302.20681541594223      max   1212.8428467365163     
   SIMPLE iter       25700  res_p=   6.9388939039072284E-017  u(1,1,1)=   1.9458836112745159       p(1,1,1)=   123.71302557616647     
 DEBUG T iter       25750 min   302.20864925408813      max   1213.1558404707396     
 DEBUG T iter       25800 min   302.21047536196431      max   1213.4675135216730     
   SIMPLE iter       25800  res_p=   6.9388939039072284E-017  u(1,1,1)=   1.9458836112745159       p(1,1,1)=   123.71302557616647     
 DEBUG T iter       25850 min   302.21229377207823      max   1213.7778714733556     
 DEBUG T iter       25900 min   302.21410451680276      max   1214.0869198859455     
   SIMPLE iter       25900  res_p=   6.9388939039072284E-017  u(1,1,1)=   1.9458836112745159       p(1,1,1)=   123.71302557616647     
 DEBUG T iter       25950 min   302.21590762837610      max   1214.3946642958304     
 DEBUG T iter       26000 min   302.21770313890278      max   1214.7011102157376     
   SIMPLE iter       26000  res_p=   6.9388939039072284E-017  u(1,1,1)=   1.9458836112745159       p(1,1,1)=   123.71302557616647     
 DEBUG T iter       26050 min   302.21949108035375      max   1215.0062631348590     
 DEBUG T iter       26100 min   302.22127148456747      max   1215.3101285189266     
   SIMPLE iter       26100  res_p=   6.9388939039072284E-017  u(1,1,1)=   1.9458836112745159       p(1,1,1)=   123.71302557616647     
 DEBUG T iter       26150 min   302.22304438324988      max   1215.6127118103443     
 DEBUG T iter       26200 min   302.22480980797513      max   1215.9140184282730     
   SIMPLE iter       26200  res_p=   6.9388939039072284E-017  u(1,1,1)=   1.9458836112745159       p(1,1,1)=   123.71302557616647     
 DEBUG T iter       26250 min   302.22656779018598      max   1216.2140537687480     
 DEBUG T iter       26300 min   302.22831836119479      max   1216.5128232047825     
   SIMPLE iter       26300  res_p=   6.9388939039072284E-017  u(1,1,1)=   1.9458836112745159       p(1,1,1)=   123.71302557616647     
 DEBUG T iter       26350 min   302.23006155218320      max   1216.8103320864629     
 DEBUG T iter       26400 min   302.23179739420328      max   1217.1065857410513     
   SIMPLE iter       26400  res_p=   6.9388939039072284E-017  u(1,1,1)=   1.9458836112745159       p(1,1,1)=   123.71302557616647     
 DEBUG T iter       26450 min   302.23352591817809      max   1217.4015894731056     
 DEBUG T iter       26500 min   302.23524715490157      max   1217.6953485645524     
   SIMPLE iter       26500  res_p=   6.9388939039072284E-017  u(1,1,1)=   1.9458836112745159       p(1,1,1)=   123.71302557616647     
 DEBUG T iter       26550 min   302.23696113503951      max   1217.9878682748167     
 DEBUG T iter       26600 min   302.23866788913011      max   1218.2791538409040     
   SIMPLE iter       26600  res_p=   6.9388939039072284E-017  u(1,1,1)=   1.9458836112745159       p(1,1,1)=   123.71302557616647     
 DEBUG T iter       26650 min   302.24036744758416      max   1218.5692104775051     
 DEBUG T iter       26700 min   302.24205984068578      max   1218.8580433770944     
   SIMPLE iter       26700  res_p=   6.9388939039072284E-017  u(1,1,1)=   1.9458836112745159       p(1,1,1)=   123.71302557616647     
 DEBUG T iter       26750 min   302.24374509859302      max   1219.1456577100319     
 DEBUG T iter       26800 min   302.24542325133780      max   1219.4320586246606     
   SIMPLE iter       26800  res_p=   6.9388939039072284E-017  u(1,1,1)=   1.9458836112745159       p(1,1,1)=   123.71302557616647     
 DEBUG T iter       26850 min   302.24709432882707      max   1219.7172512474028     
 DEBUG T iter       26900 min   302.24875836084306      max   1220.0012406828546     
   SIMPLE iter       26900  res_p=   6.9388939039072284E-017  u(1,1,1)=   1.9458836112745159       p(1,1,1)=   123.71302557616647     
 DEBUG T iter       26950 min   302.25041537704368      max   1220.2840320138919     
 DEBUG T iter       27000 min   302.25206540696286      max   1220.5656303017529     
   SIMPLE iter       27000  res_p=   6.9388939039072284E-017  u(1,1,1)=   1.9458836112745159       p(1,1,1)=   123.71302557616647     
 DEBUG T iter       27050 min   302.25370848001160      max   1220.8460405861501     
 DEBUG T iter       27100 min   302.25534462547807      max   1221.1252678853498     
   SIMPLE iter       27100  res_p=   6.9388939039072284E-017  u(1,1,1)=   1.9458836112745159       p(1,1,1)=   123.71302557616647     
 DEBUG T iter       27150 min   302.25697387252802      max   1221.4033171962728     
 DEBUG T iter       27200 min   302.25859625020524      max   1221.6801934946016     
   SIMPLE iter       27200  res_p=   6.9388939039072284E-017  u(1,1,1)=   1.9458836112745159       p(1,1,1)=   123.71302557616647     
 DEBUG T iter       27250 min   302.26021178743258      max   1221.9559017348492     
 DEBUG T iter       27300 min   302.26182051301191      max   1222.2304468504697     
   SIMPLE iter       27300  res_p=   6.9388939039072284E-017  u(1,1,1)=   1.9458836112745159       p(1,1,1)=   123.71302557616647     
 DEBUG T iter       27350 min   302.26342245562449      max   1222.5038337539481     
 DEBUG T iter       27400 min   302.26501764383221      max   1222.7760673368903     
   SIMPLE iter       27400  res_p=   6.9388939039072284E-017  u(1,1,1)=   1.9458836112745159       p(1,1,1)=   123.71302557616647     
 DEBUG T iter       27450 min   302.26660610607706      max   1223.0471524701131     
 DEBUG T iter       27500 min   302.26818787068243      max   1223.3170940037348     
   SIMPLE iter       27500  res_p=   6.9388939039072284E-017  u(1,1,1)=   1.9458836112745159       p(1,1,1)=   123.71302557616647     
 DEBUG T iter       27550 min   302.26976296585320      max   1223.5858967672746     
 DEBUG T iter       27600 min   302.27133141967619      max   1223.8535655697449     
   SIMPLE iter       27600  res_p=   6.9388939039072284E-017  u(1,1,1)=   1.9458836112745159       p(1,1,1)=   123.71302557616647     
 DEBUG T iter       27650 min   302.27289326012095      max   1224.1201051997218     
 DEBUG T iter       27700 min   302.27444851503986      max   1224.3855204254457     
   SIMPLE iter       27700  res_p=   6.9388939039072284E-017  u(1,1,1)=   1.9458836112745159       p(1,1,1)=   123.71302557616647     
 DEBUG T iter       27750 min   302.27599721216876      max   1224.6498159949178     
 DEBUG T iter       27800 min   302.27753937912757      max   1224.9129966359787     
   SIMPLE iter       27800  res_p=   6.9388939039072284E-017  u(1,1,1)=   1.9458836112745159       p(1,1,1)=   123.71302557616647     
 DEBUG T iter       27850 min   302.27907504342039      max   1225.1750670564022     
 DEBUG T iter       27900 min   302.28060423243625      max   1225.4360319439691     
   SIMPLE iter       27900  res_p=   6.9388939039072284E-017  u(1,1,1)=   1.9458836112745159       p(1,1,1)=   123.71302557616647     
 DEBUG T iter       27950 min   302.28212697344964      max   1225.6958959665858     
 DEBUG T iter       28000 min   302.28364329362074      max   1225.9546637723365     
   SIMPLE iter       28000  res_p=   6.9388939039072284E-017  u(1,1,1)=   1.9458836112745159       p(1,1,1)=   123.71302557616647     
 DEBUG T iter       28050 min   302.28515321999600      max   1226.2123399895897     
 DEBUG T iter       28100 min   302.28665677950858      max   1226.4689292270707     
   SIMPLE iter       28100  res_p=   6.9388939039072284E-017  u(1,1,1)=   1.9458836112745159       p(1,1,1)=   123.71302557616647     
 DEBUG T iter       28150 min   302.28815399897894      max   1226.7244360739614     
 DEBUG T iter       28200 min   302.28964490511481      max   1226.9788650999799     
   SIMPLE iter       28200  res_p=   6.9388939039072284E-017  u(1,1,1)=   1.9458836112745159       p(1,1,1)=   123.71302557616647     
 DEBUG T iter       28250 min   302.29112952451254      max   1227.2322208554572     
 DEBUG T iter       28300 min   302.29260788365673      max   1227.4845078714411     
   SIMPLE iter       28300  res_p=   6.9388939039072284E-017  u(1,1,1)=   1.9458836112745159       p(1,1,1)=   123.71302557616647     
 DEBUG T iter       28350 min   302.29408000892090      max   1227.7357306597512     
 DEBUG T iter       28400 min   302.29554592656814      max   1227.9858937130864     
   SIMPLE iter       28400  res_p=   6.9388939039072284E-017  u(1,1,1)=   1.9458836112745159       p(1,1,1)=   123.71302557616647     
 DEBUG T iter       28450 min   302.29700566275147      max   1228.2350015050965     
 DEBUG T iter       28500 min   302.29845924351429      max   1228.4830584904719     
   SIMPLE iter       28500  res_p=   6.9388939039072284E-017  u(1,1,1)=   1.9458836112745159       p(1,1,1)=   123.71302557616647     
 DEBUG T iter       28550 min   302.29990669479059      max   1228.7300691050264     
 DEBUG T iter       28600 min   302.30134804240600      max   1228.9760377657612     
   SIMPLE iter       28600  res_p=   6.9388939039072284E-017  u(1,1,1)=   1.9458836112745159       p(1,1,1)=   123.71302557616647     
 DEBUG T iter       28650 min   302.30278331207739      max   1229.2209688709677     
 DEBUG T iter       28700 min   302.30421252941392      max   1229.4648668002992     
   SIMPLE iter       28700  res_p=   6.9388939039072284E-017  u(1,1,1)=   1.9458836112745159       p(1,1,1)=   123.71302557616647     
 DEBUG T iter       28750 min   302.30563571991746      max   1229.7077359148468     
 DEBUG T iter       28800 min   302.30705290898283      max   1229.9495805572367     
   SIMPLE iter       28800  res_p=   6.9388939039072284E-017  u(1,1,1)=   1.9458836112745159       p(1,1,1)=   123.71302557616647     
 DEBUG T iter       28850 min   302.30846412189828      max   1230.1904050516935     
 DEBUG T iter       28900 min   302.30986938384581      max   1230.4302137041252     
   SIMPLE iter       28900  res_p=   6.9388939039072284E-017  u(1,1,1)=   1.9458836112745159       p(1,1,1)=   123.71302557616647     
 DEBUG T iter       28950 min   302.31126871990210      max   1230.6690108021974     
 DEBUG T iter       29000 min   302.31266215503814      max   1230.9068006154200     
   SIMPLE iter       29000  res_p=   6.9388939039072284E-017  u(1,1,1)=   1.9458836112745159       p(1,1,1)=   123.71302557616647     
 DEBUG T iter       29050 min   302.31404971412036      max   1231.1435873952305     
 DEBUG T iter       29100 min   302.31543142191083      max   1231.3793753750481     
   SIMPLE iter       29100  res_p=   6.9388939039072284E-017  u(1,1,1)=   1.9458836112745159       p(1,1,1)=   123.71302557616647     
 DEBUG T iter       29150 min   302.31680730306755      max   1231.6141687703787     
 DEBUG T iter       29200 min   302.31817738214505      max   1231.8479717788732     
   SIMPLE iter       29200  res_p=   6.9388939039072284E-017  u(1,1,1)=   1.9458836112745159       p(1,1,1)=   123.71302557616647     
 DEBUG T iter       29250 min   302.31954168359488      max   1232.0807885804186     
 DEBUG T iter       29300 min   302.32090023176562      max   1232.3126233372002     
   SIMPLE iter       29300  res_p=   6.9388939039072284E-017  u(1,1,1)=   1.9458836112745159       p(1,1,1)=   123.71302557616647     
 DEBUG T iter       29350 min   302.32225305090384      max   1232.5434801937861     
 DEBUG T iter       29400 min   302.32360016515435      max   1232.7733632772099     
   SIMPLE iter       29400  res_p=   6.9388939039072284E-017  u(1,1,1)=   1.9458836112745159       p(1,1,1)=   123.71302557616647     
 DEBUG T iter       29450 min   302.32494159856020      max   1233.0022766970278     
 DEBUG T iter       29500 min   302.32627737506368      max   1233.2302245454075     
   SIMPLE iter       29500  res_p=   6.9388939039072284E-017  u(1,1,1)=   1.9458836112745159       p(1,1,1)=   123.71302557616647     
 DEBUG T iter       29550 min   302.32760751850651      max   1233.4572108972020     
 DEBUG T iter       29600 min   302.32893205263025      max   1233.6832398100148     
   SIMPLE iter       29600  res_p=   6.9388939039072284E-017  u(1,1,1)=   1.9458836112745159       p(1,1,1)=   123.71302557616647     
 DEBUG T iter       29650 min   302.33025100107670      max   1233.9083153242843     
 DEBUG T iter       29700 min   302.33156438738808      max   1234.1324414633575     
   SIMPLE iter       29700  res_p=   6.9388939039072284E-017  u(1,1,1)=   1.9458836112745159       p(1,1,1)=   123.71302557616647     
 DEBUG T iter       29750 min   302.33287223500804      max   1234.3556222335553     
 DEBUG T iter       29800 min   302.33417456728154      max   1234.5778616242496     
   SIMPLE iter       29800  res_p=   6.9388939039072284E-017  u(1,1,1)=   1.9458836112745159       p(1,1,1)=   123.71302557616647     
 DEBUG T iter       29850 min   302.33547140745554      max   1234.7991636079364     
 DEBUG T iter       29900 min   302.33676277867914      max   1235.0195321403078     
   SIMPLE iter       29900  res_p=   6.9388939039072284E-017  u(1,1,1)=   1.9458836112745159       p(1,1,1)=   123.71302557616647     
 DEBUG T iter       29950 min   302.33804870400411      max   1235.2389711603278     
 DEBUG T iter       30000 min   302.33932920638546      max   1235.4574845902937     
   SIMPLE iter       30000  res_p=   6.9388939039072284E-017  u(1,1,1)=   1.9458836112745159       p(1,1,1)=   123.71302557616647     
 DEBUG T iter       30050 min   302.34060430868169      max   1235.6750763359200     
 DEBUG T iter       30100 min   302.34187403365519      max   1235.8917502864006     
   SIMPLE iter       30100  res_p=   6.9388939039072284E-017  u(1,1,1)=   1.9458836112745159       p(1,1,1)=   123.71302557616647     
 DEBUG T iter       30150 min   302.34313840397243      max   1236.1075103144817     
 DEBUG T iter       30200 min   302.34439744220498      max   1236.3223602765358     
   SIMPLE iter       30200  res_p=   6.9388939039072284E-017  u(1,1,1)=   1.9458836112745159       p(1,1,1)=   123.71302557616647     
 DEBUG T iter       30250 min   302.34565117082929      max   1236.5363040126201     
 DEBUG T iter       30300 min   302.34689961222722      max   1236.7493453465720     
   SIMPLE iter       30300  res_p=   6.9388939039072284E-017  u(1,1,1)=   1.9458836112745159       p(1,1,1)=   123.71302557616647     
 DEBUG T iter       30350 min   302.34814278868657      max   1236.9614880860449     
 DEBUG T iter       30400 min   302.34938072240141      max   1237.1727360225966     
   SIMPLE iter       30400  res_p=   6.9388939039072284E-017  u(1,1,1)=   1.9458836112745159       p(1,1,1)=   123.71302557616647     
 DEBUG T iter       30450 min   302.35061343547250      max   1237.3830929317674     
 DEBUG T iter       30500 min   302.35184094990768      max   1237.5925625731256     
   SIMPLE iter       30500  res_p=   6.9388939039072284E-017  u(1,1,1)=   1.9458836112745159       p(1,1,1)=   123.71302557616647     
 DEBUG T iter       30550 min   302.35306328762221      max   1237.8011486903495     
 DEBUG T iter       30600 min   302.35428047043888      max   1238.0088550112919     
   SIMPLE iter       30600  res_p=   6.9388939039072284E-017  u(1,1,1)=   1.9458836112745159       p(1,1,1)=   123.71302557616647     
 DEBUG T iter       30650 min   302.35549252008900      max   1238.2156852480462     
 DEBUG T iter       30700 min   302.35669945821257      max   1238.4216430970171     
   SIMPLE iter       30700  res_p=   6.9388939039072284E-017  u(1,1,1)=   1.9458836112745159       p(1,1,1)=   123.71302557616647     
 DEBUG T iter       30750 min   302.35790130635814      max   1238.6267322389917     
 DEBUG T iter       30800 min   302.35909808598387      max   1238.8309563391936     
   SIMPLE iter       30800  res_p=   6.9388939039072284E-017  u(1,1,1)=   1.9458836112745159       p(1,1,1)=   123.71302557616647     
 DEBUG T iter       30850 min   302.36028981845772      max   1239.0343190473552     
 DEBUG T iter       30900 min   302.36147652505736      max   1239.2368239977961     
   SIMPLE iter       30900  res_p=   6.9388939039072284E-017  u(1,1,1)=   1.9458836112745159       p(1,1,1)=   123.71302557616647     
 DEBUG T iter       30950 min   302.36265822697135      max   1239.4384748094667     
 DEBUG T iter       31000 min   302.36383494529878      max   1239.6392750860298     
   SIMPLE iter       31000  res_p=   6.9388939039072284E-017  u(1,1,1)=   1.9458836112745159       p(1,1,1)=   123.71302557616647     
 DEBUG T iter       31050 min   302.36500670105016      max   1239.8392284159142     
 DEBUG T iter       31100 min   302.36617351514747      max   1240.0383383723938     
   SIMPLE iter       31100  res_p=   6.9388939039072284E-017  u(1,1,1)=   1.9458836112745159       p(1,1,1)=   123.71302557616647     
 DEBUG T iter       31150 min   302.36733540842471      max   1240.2366085136382     
 DEBUG T iter       31200 min   302.36849240162809      max   1240.4340423827816     
   SIMPLE iter       31200  res_p=   6.9388939039072284E-017  u(1,1,1)=   1.9458836112745159       p(1,1,1)=   123.71302557616647     
 DEBUG T iter       31250 min   302.36964451541650      max   1240.6306435080005     
 DEBUG T iter       31300 min   302.37079177036190      max   1240.8264154025617     
   SIMPLE iter       31300  res_p=   6.9388939039072284E-017  u(1,1,1)=   1.9458836112745159       p(1,1,1)=   123.71302557616647     
 DEBUG T iter       31350 min   302.37193418694994      max   1241.0213615648738     
 DEBUG T iter       31400 min   302.37307178557978      max   1241.2154854785854     
   SIMPLE iter       31400  res_p=   6.9388939039072284E-017  u(1,1,1)=   1.9458836112745159       p(1,1,1)=   123.71302557616647     
 DEBUG T iter       31450 min   302.37420458656447      max   1241.4087906126153     
 DEBUG T iter       31500 min   302.37533261013192      max   1241.6012804212362     
   SIMPLE iter       31500  res_p=   6.9388939039072284E-017  u(1,1,1)=   1.9458836112745159       p(1,1,1)=   123.71302557616647     
 DEBUG T iter       31550 min   302.37645587642481      max   1241.7929583441271     
 DEBUG T iter       31600 min   302.37757440550087      max   1241.9838278064315     
   SIMPLE iter       31600  res_p=   6.9388939039072284E-017  u(1,1,1)=   1.9458836112745159       p(1,1,1)=   123.71302557616647     
 DEBUG T iter       31650 min   302.37868821733360      max   1242.1738922188395     
 DEBUG T iter       31700 min   302.37979733181214      max   1242.3631549776223     
   SIMPLE iter       31700  res_p=   6.9388939039072284E-017  u(1,1,1)=   1.9458836112745159       p(1,1,1)=   123.71302557616647     
 DEBUG T iter       31750 min   302.38090176874221      max   1242.5516194647132     
 DEBUG T iter       31800 min   302.38200154784585      max   1242.7392890477556     
   SIMPLE iter       31800  res_p=   6.9388939039072284E-017  u(1,1,1)=   1.9458836112745159       p(1,1,1)=   123.71302557616647     
 DEBUG T iter       31850 min   302.38309668876218      max   1242.9261670801748     
 DEBUG T iter       31900 min   302.38418721104767      max   1243.1122569012300     
   SIMPLE iter       31900  res_p=   6.9388939039072284E-017  u(1,1,1)=   1.9458836112745159       p(1,1,1)=   123.71302557616647     
 DEBUG T iter       31950 min   302.38527313417637      max   1243.2975618360806     
 DEBUG T iter       32000 min   302.38635447754029      max   1243.4820851958416     
   SIMPLE iter       32000  res_p=   6.9388939039072284E-017  u(1,1,1)=   1.9458836112745159       p(1,1,1)=   123.71302557616647     
 DEBUG T iter       32050 min   302.38743126044983      max   1243.6658302776455     
 DEBUG T iter       32100 min   302.38850350213414      max   1243.8488003646999     
   SIMPLE iter       32100  res_p=   6.9388939039072284E-017  u(1,1,1)=   1.9458836112745159       p(1,1,1)=   123.71302557616647     
 DEBUG T iter       32150 min   302.38957122174116      max   1244.0309987263499     
 DEBUG T iter       32200 min   302.39063443833862      max   1244.2124286181338     
   SIMPLE iter       32200  res_p=   6.9388939039072284E-017  u(1,1,1)=   1.9458836112745159       p(1,1,1)=   123.71302557616647     
 DEBUG T iter       32250 min   302.39169317091330      max   1244.3930932818469     
 DEBUG T iter       32300 min   302.39274743837257      max   1244.5729959455878     
   SIMPLE iter       32300  res_p=   6.9388939039072284E-017  u(1,1,1)=   1.9458836112745159       p(1,1,1)=   123.71302557616647     
 DEBUG T iter       32350 min   302.39379725954393      max   1244.7521398238330     
 DEBUG T iter       32400 min   302.39484265317560      max   1244.9305281174768     
   SIMPLE iter       32400  res_p=   6.9388939039072284E-017  u(1,1,1)=   1.9458836112745159       p(1,1,1)=   123.71302557616647     
 DEBUG T iter       32450 min   302.39588363793700      max   1245.1081640139089     
 DEBUG T iter       32500 min   302.39692023241838      max   1245.2850506870541     
   SIMPLE iter       32500  res_p=   6.9388939039072284E-017  u(1,1,1)=   1.9458836112745159       p(1,1,1)=   123.71302557616647     
 DEBUG T iter       32550 min   302.39795245513238      max   1245.4611912974397     
 DEBUG T iter       32600 min   302.39898032451322      max   1245.6365889922479     
   SIMPLE iter       32600  res_p=   6.9388939039072284E-017  u(1,1,1)=   1.9458836112745159       p(1,1,1)=   123.71302557616647     
 DEBUG T iter       32650 min   302.40000385891756      max   1245.8112469053719     
 DEBUG T iter       32700 min   302.40102307662488      max   1245.9851681574828     
   SIMPLE iter       32700  res_p=   6.9388939039072284E-017  u(1,1,1)=   1.9458836112745159       p(1,1,1)=   123.71302557616647     
 DEBUG T iter       32750 min   302.40203799583725      max   1246.1583558560667     
 DEBUG T iter       32800 min   302.40304863468060      max   1246.3308130954922     
   SIMPLE iter       32800  res_p=   6.9388939039072284E-017  u(1,1,1)=   1.9458836112745159       p(1,1,1)=   123.71302557616647     
 DEBUG T iter       32850 min   302.40405501120409      max   1246.5025429570708     
 DEBUG T iter       32900 min   302.40505714338099      max   1246.6735485090996     
   SIMPLE iter       32900  res_p=   6.9388939039072284E-017  u(1,1,1)=   1.9458836112745159       p(1,1,1)=   123.71302557616647     
 DEBUG T iter       32950 min   302.40605504910883      max   1246.8438328069326     
 DEBUG T iter       33000 min   302.40704874620980      max   1247.0133988930149     
   SIMPLE iter       33000  res_p=   6.9388939039072284E-017  u(1,1,1)=   1.9458836112745159       p(1,1,1)=   123.71302557616647     
 DEBUG T iter       33050 min   302.40803825243091      max   1247.1822497969495     
 DEBUG T iter       33100 min   302.40902358544417      max   1247.3503885355599     
   SIMPLE iter       33100  res_p=   6.9388939039072284E-017  u(1,1,1)=   1.9458836112745159       p(1,1,1)=   123.71302557616647     
 DEBUG T iter       33150 min   302.41000476284790      max   1247.5178181129234     
 DEBUG T iter       33200 min   302.41098180216551      max   1247.6845415204493     
   SIMPLE iter       33200  res_p=   6.9388939039072284E-017  u(1,1,1)=   1.9458836112745159       p(1,1,1)=   123.71302557616647     
 DEBUG T iter       33250 min   302.41195472084661      max   1247.8505617369062     
 DEBUG T iter       33300 min   302.41292353626767      max   1248.0158817285042     
   SIMPLE iter       33300  res_p=   6.9388939039072284E-017  u(1,1,1)=   1.9458836112745159       p(1,1,1)=   123.71302557616647     
 DEBUG T iter       33350 min   302.41388826573171      max   1248.1805044489211     
 DEBUG T iter       33400 min   302.41484892646912      max   1248.3444328393748     
   SIMPLE iter       33400  res_p=   6.9388939039072284E-017  u(1,1,1)=   1.9458836112745159       p(1,1,1)=   123.71302557616647     
 DEBUG T iter       33450 min   302.41580553563711      max   1248.5076698286687     
 DEBUG T iter       33500 min   302.41675811032104      max   1248.6702183332368     
   SIMPLE iter       33500  res_p=   6.9388939039072284E-017  u(1,1,1)=   1.9458836112745159       p(1,1,1)=   123.71302557616647     
 DEBUG T iter       33550 min   302.41770666753433      max   1248.8320812572135     
 DEBUG T iter       33600 min   302.41865122421842      max   1248.9932614924649     
   SIMPLE iter       33600  res_p=   6.9388939039072284E-017  u(1,1,1)=   1.9458836112745159       p(1,1,1)=   123.71302557616647     
 DEBUG T iter       33650 min   302.41959179724341      max   1249.1537619186688     
 DEBUG T iter       33700 min   302.42052840340847      max   1249.3135854033314     
   SIMPLE iter       33700  res_p=   6.9388939039072284E-017  u(1,1,1)=   1.9458836112745159       p(1,1,1)=   123.71302557616647     
 DEBUG T iter       33750 min   302.42146105944187      max   1249.4727348018678     
 DEBUG T iter       33800 min   302.42238978200140      max   1249.6312129576431     
   SIMPLE iter       33800  res_p=   6.9388939039072284E-017  u(1,1,1)=   1.9458836112745159       p(1,1,1)=   123.71302557616647     
 DEBUG T iter       33850 min   302.42331458767461      max   1249.7890227020152     
 DEBUG T iter       33900 min   302.42423549297905      max   1249.9461668543950     
   SIMPLE iter       33900  res_p=   6.9388939039072284E-017  u(1,1,1)=   1.9458836112745159       p(1,1,1)=   123.71302557616647     
 DEBUG T iter       33950 min   302.42515251436305      max   1250.1026482222924     
 DEBUG T iter       34000 min   302.42606566820507      max   1250.2584696013826     
   SIMPLE iter       34000  res_p=   6.9388939039072284E-017  u(1,1,1)=   1.9458836112745159       p(1,1,1)=   123.71302557616647     
 DEBUG T iter       34050 min   302.42697497081491      max   1250.4136337755219     
 DEBUG T iter       34100 min   302.42788043843353      max   1250.5681435168369     
   SIMPLE iter       34100  res_p=   6.9388939039072284E-017  u(1,1,1)=   1.9458836112745159       p(1,1,1)=   123.71302557616647     
 DEBUG T iter       34150 min   302.42878208723351      max   1250.7220015857440     
 DEBUG T iter       34200 min   302.42967993331905      max   1250.8752107310188     
   SIMPLE iter       34200  res_p=   6.9388939039072284E-017  u(1,1,1)=   1.9458836112745159       p(1,1,1)=   123.71302557616647     
 DEBUG T iter       34250 min   302.43057399272681      max   1251.0277736898331     
 DEBUG T iter       34300 min   302.43146428142552      max   1251.1796931878034     
   SIMPLE iter       34300  res_p=   6.9388939039072284E-017  u(1,1,1)=   1.9458836112745159       p(1,1,1)=   123.71302557616647     
 DEBUG T iter       34350 min   302.43235081531685      max   1251.3309719390556     
 DEBUG T iter       34400 min   302.43323361023516      max   1251.4816126462515     
   SIMPLE iter       34400  res_p=   6.9388939039072284E-017  u(1,1,1)=   1.9458836112745159       p(1,1,1)=   123.71302557616647     
 DEBUG T iter       34450 min   302.43411268194842      max   1251.6316180006613     
 DEBUG T iter       34500 min   302.43498804615786      max   1251.7809906821847     
   SIMPLE iter       34500  res_p=   6.9388939039072284E-017  u(1,1,1)=   1.9458836112745159       p(1,1,1)=   123.71302557616647     
 DEBUG T iter       34550 min   302.43585971849865      max   1251.9297333594154     
 DEBUG T iter       34600 min   302.43672771454015      max   1252.0778486896904     
   SIMPLE iter       34600  res_p=   6.9388939039072284E-017  u(1,1,1)=   1.9458836112745159       p(1,1,1)=   123.71302557616647     
 DEBUG T iter       34650 min   302.43759204978585      max   1252.2253393191418     
 DEBUG T iter       34700 min   302.43845273967412      max   1252.3722078827211     
   SIMPLE iter       34700  res_p=   6.9388939039072284E-017  u(1,1,1)=   1.9458836112745159       p(1,1,1)=   123.71302557616647     
 DEBUG T iter       34750 min   302.43930979957815      max   1252.5184570042702     
 DEBUG T iter       34800 min   302.44016324480623      max   1252.6640892965586     
   SIMPLE iter       34800  res_p=   6.9388939039072284E-017  u(1,1,1)=   1.9458836112745159       p(1,1,1)=   123.71302557616647     
 DEBUG T iter       34850 min   302.44101309060221      max   1252.8091073613296     
 DEBUG T iter       34900 min   302.44185935214580      max   1252.9535137893531     
   SIMPLE iter       34900  res_p=   6.9388939039072284E-017  u(1,1,1)=   1.9458836112745159       p(1,1,1)=   123.71302557616647     
 DEBUG T iter       34950 min   302.44270204455250      max   1253.0973111604610     
 DEBUG T iter       35000 min   302.44354118287418      max   1253.2405020436031     
   SIMPLE iter       35000  res_p=   6.9388939039072284E-017  u(1,1,1)=   1.9458836112745159       p(1,1,1)=   123.71302557616647     
 DEBUG T iter       35050 min   302.44437678209925      max   1253.3830889968883     
 DEBUG T iter       35100 min   302.44520885715315      max   1253.5250745676374     
   SIMPLE iter       35100  res_p=   6.9388939039072284E-017  u(1,1,1)=   1.9458836112745159       p(1,1,1)=   123.71302557616647     
 DEBUG T iter       35150 min   302.44603742289803      max   1253.6664612924130     
 DEBUG T iter       35200 min   302.44686249413365      max   1253.8072516970904     
   SIMPLE iter       35200  res_p=   6.9388939039072284E-017  u(1,1,1)=   1.9458836112745159       p(1,1,1)=   123.71302557616647     
 DEBUG T iter       35250 min   302.44768408559725      max   1253.9474482968751     
 DEBUG T iter       35300 min   302.44850221196396      max   1254.0870535963654     
   SIMPLE iter       35300  res_p=   6.9388939039072284E-017  u(1,1,1)=   1.9458836112745159       p(1,1,1)=   123.71302557616647     
 DEBUG T iter       35350 min   302.44931688784703      max   1254.2260700895931     
 DEBUG T iter       35400 min   302.45012812779828      max   1254.3645002600654     
   SIMPLE iter       35400  res_p=   6.9388939039072284E-017  u(1,1,1)=   1.9458836112745159       p(1,1,1)=   123.71302557616647     
 DEBUG T iter       35450 min   302.45093594630788      max   1254.5023465808115     
 DEBUG T iter       35500 min   302.45174035780514      max   1254.6396115144310     
   SIMPLE iter       35500  res_p=   6.9388939039072284E-017  u(1,1,1)=   1.9458836112745159       p(1,1,1)=   123.71302557616647     
 DEBUG T iter       35550 min   302.45254137665847      max   1254.7762975131272     
 DEBUG T iter       35600 min   302.45333901717567      max   1254.9124070187559     
   SIMPLE iter       35600  res_p=   6.9388939039072284E-017  u(1,1,1)=   1.9458836112745159       p(1,1,1)=   123.71302557616647     
 DEBUG T iter       35650 min   302.45413329360434      max   1255.0479424628841     
 DEBUG T iter       35700 min   302.45492422013177      max   1255.1829062668096     
   SIMPLE iter       35700  res_p=   6.9388939039072284E-017  u(1,1,1)=   1.9458836112745159       p(1,1,1)=   123.71302557616647     
 DEBUG T iter       35750 min   302.45571181088565      max   1255.3173008416109     
 DEBUG T iter       35800 min   302.45649607993408      max   1255.4511285882043     
   SIMPLE iter       35800  res_p=   6.9388939039072284E-017  u(1,1,1)=   1.9458836112745159       p(1,1,1)=   123.71302557616647     
 DEBUG T iter       35850 min   302.45727704128581      max   1255.5843918973737     
 DEBUG T iter       35900 min   302.45805470889036      max   1255.7170931498199     
   SIMPLE iter       35900  res_p=   6.9388939039072284E-017  u(1,1,1)=   1.9458836112745159       p(1,1,1)=   123.71302557616647     
 DEBUG T iter       35950 min   302.45882909663902      max   1255.8492347161909     
 DEBUG T iter       36000 min   302.45960021836351      max   1255.9808189571352     
   SIMPLE iter       36000  res_p=   6.9388939039072284E-017  u(1,1,1)=   1.9458836112745159       p(1,1,1)=   123.71302557616647     
 DEBUG T iter       36050 min   302.46036808783816      max   1256.1118482233492     
 DEBUG T iter       36100 min   302.46113271877891      max   1256.2423248556122     
   SIMPLE iter       36100  res_p=   6.9388939039072284E-017  u(1,1,1)=   1.9458836112745159       p(1,1,1)=   123.71302557616647     
 DEBUG T iter       36150 min   302.46189412484370      max   1256.3722511848214     
 DEBUG T iter       36200 min   302.46265231963315      max   1256.5016295320424     
   SIMPLE iter       36200  res_p=   6.9388939039072284E-017  u(1,1,1)=   1.9458836112745159       p(1,1,1)=   123.71302557616647     
 DEBUG T iter       36250 min   302.46340731669028      max   1256.6304622085599     
 DEBUG T iter       36300 min   302.46415912950113      max   1256.7587515158882     
   SIMPLE iter       36300  res_p=   6.9388939039072284E-017  u(1,1,1)=   1.9458836112745159       p(1,1,1)=   123.71302557616647     
 DEBUG T iter       36350 min   302.46490777149506      max   1256.8864997458445     
 DEBUG T iter       36400 min   302.46565325604450      max   1257.0137091805784     
   SIMPLE iter       36400  res_p=   6.9388939039072284E-017  u(1,1,1)=   1.9458836112745159       p(1,1,1)=   123.71302557616647     
 DEBUG T iter       36450 min   302.46639559646565      max   1257.1403820926073     
 DEBUG T iter       36500 min   302.46713480601852      max   1257.2665207448706     
   SIMPLE iter       36500  res_p=   6.9388939039072284E-017  u(1,1,1)=   1.9458836112745159       p(1,1,1)=   123.71302557616647     
 DEBUG T iter       36550 min   302.46787089790718      max   1257.3921273907554     
 DEBUG T iter       36600 min   302.46860388528023      max   1257.5172042741308     
   SIMPLE iter       36600  res_p=   6.9388939039072284E-017  u(1,1,1)=   1.9458836112745159       p(1,1,1)=   123.71302557616647     
 DEBUG T iter       36650 min   302.46933378123055      max   1257.6417536294198     
 DEBUG T iter       36700 min   302.47006059879590      max   1257.7657776816122     
   SIMPLE iter       36700  res_p=   6.9388939039072284E-017  u(1,1,1)=   1.9458836112745159       p(1,1,1)=   123.71302557616647     
 DEBUG T iter       36750 min   302.47078435095926      max   1257.8892786463118     
 DEBUG T iter       36800 min   302.47150505064860      max   1258.0122587297710     
   SIMPLE iter       36800  res_p=   6.9388939039072284E-017  u(1,1,1)=   1.9458836112745159       p(1,1,1)=   123.71302557616647     
 DEBUG T iter       36850 min   302.47222271073747      max   1258.1347201289404     
 DEBUG T iter       36900 min   302.47293734404519      max   1258.2566650315016     
   SIMPLE iter       36900  res_p=   6.9388939039072284E-017  u(1,1,1)=   1.9458836112745159       p(1,1,1)=   123.71302557616647     
 DEBUG T iter       36950 min   302.47364896333698      max   1258.3780956159039     
 DEBUG T iter       37000 min   302.47435758132428      max   1258.4990140514167     
   SIMPLE iter       37000  res_p=   6.9388939039072284E-017  u(1,1,1)=   1.9458836112745159       p(1,1,1)=   123.71302557616647     
 DEBUG T iter       37050 min   302.47506321066481      max   1258.6194224981546     
 DEBUG T iter       37100 min   302.47576586396315      max   1258.7393231071089     
   SIMPLE iter       37100  res_p=   6.9388939039072284E-017  u(1,1,1)=   1.9458836112745159       p(1,1,1)=   123.71302557616647     
 DEBUG T iter       37150 min   302.47646555377031      max   1258.8587180202107     
 DEBUG T iter       37200 min   302.47716229258509      max   1258.9776093703529     
   SIMPLE iter       37200  res_p=   6.9388939039072284E-017  u(1,1,1)=   1.9458836112745159       p(1,1,1)=   123.71302557616647     
 DEBUG T iter       37250 min   302.47785609285256      max   1259.0959992814287     
 DEBUG T iter       37300 min   302.47854696696641      max   1259.2138898683741     
   SIMPLE iter       37300  res_p=   6.9388939039072284E-017  u(1,1,1)=   1.9458836112745159       p(1,1,1)=   123.71302557616647     
 DEBUG T iter       37350 min   302.47923492726721      max   1259.3312832371967     
 DEBUG T iter       37400 min   302.47991998604408      max   1259.4481814850337     
   SIMPLE iter       37400  res_p=   6.9388939039072284E-017  u(1,1,1)=   1.9458836112745159       p(1,1,1)=   123.71302557616647     
 DEBUG T iter       37450 min   302.48060215553397      max   1259.5645867001645     
 DEBUG T iter       37500 min   302.48128144792230      max   1259.6805009620675     
   SIMPLE iter       37500  res_p=   6.9388939039072284E-017  u(1,1,1)=   1.9458836112745159       p(1,1,1)=   123.71302557616647     
 DEBUG T iter       37550 min   302.48195787534303      max   1259.7959263414373     
 DEBUG T iter       37600 min   302.48263144987931      max   1259.9108649002453     
   SIMPLE iter       37600  res_p=   6.9388939039072284E-017  u(1,1,1)=   1.9458836112745159       p(1,1,1)=   123.71302557616647     
 DEBUG T iter       37650 min   302.48330218356307      max   1260.0253186917610     
 DEBUG T iter       37700 min   302.48397008837526      max   1260.1392897605970     
   SIMPLE iter       37700  res_p=   6.9388939039072284E-017  u(1,1,1)=   1.9458836112745159       p(1,1,1)=   123.71302557616647     
 DEBUG T iter       37750 min   302.48463517624691      max   1260.2527801427345     
 DEBUG T iter       37800 min   302.48529745905807      max   1260.3657918655692     
   SIMPLE iter       37800  res_p=   6.9388939039072284E-017  u(1,1,1)=   1.9458836112745159       p(1,1,1)=   123.71302557616647     
 DEBUG T iter       37850 min   302.48595694863934      max   1260.4783269479447     
 DEBUG T iter       37900 min   302.48661365677083      max   1260.5903874001895     
   SIMPLE iter       37900  res_p=   6.9388939039072284E-017  u(1,1,1)=   1.9458836112745159       p(1,1,1)=   123.71302557616647     
 DEBUG T iter       37950 min   302.48726759518348      max   1260.7019752241536     
 DEBUG T iter       38000 min   302.48791877555828      max   1260.8130924132411     
   SIMPLE iter       38000  res_p=   6.9388939039072284E-017  u(1,1,1)=   1.9458836112745159       p(1,1,1)=   123.71302557616647     
 DEBUG T iter       38050 min   302.48856720952756      max   1260.9237409524439     
 DEBUG T iter       38100 min   302.48921290867395      max   1261.0339228183911     
   SIMPLE iter       38100  res_p=   6.9388939039072284E-017  u(1,1,1)=   1.9458836112745159       p(1,1,1)=   123.71302557616647     
 DEBUG T iter       38150 min   302.48985588453161      max   1261.1436399793613     
 DEBUG T iter       38200 min   302.49049614858609      max   1261.2528943953425     
   SIMPLE iter       38200  res_p=   6.9388939039072284E-017  u(1,1,1)=   1.9458836112745159       p(1,1,1)=   123.71302557616647     
 DEBUG T iter       38250 min   302.49113371227446      max   1261.3616880180439     
 DEBUG T iter       38300 min   302.49176858698536      max   1261.4700227909534     
   SIMPLE iter       38300  res_p=   6.9388939039072284E-017  u(1,1,1)=   1.9458836112745159       p(1,1,1)=   123.71302557616647     
 DEBUG T iter       38350 min   302.49240078405961      max   1261.5779006493553     
 DEBUG T iter       38400 min   302.49303031479019      max   1261.6853235203687     
   SIMPLE iter       38400  res_p=   6.9388939039072284E-017  u(1,1,1)=   1.9458836112745159       p(1,1,1)=   123.71302557616647     
 DEBUG T iter       38450 min   302.49365719042220      max   1261.7922933229884     
 DEBUG T iter       38500 min   302.49428142215385      max   1261.8988119681137     
   SIMPLE iter       38500  res_p=   6.9388939039072284E-017  u(1,1,1)=   1.9458836112745159       p(1,1,1)=   123.71302557616647     
 DEBUG T iter       38550 min   302.49490302113554      max   1262.0048813585845     
 DEBUG T iter       38600 min   302.49552199847102      max   1262.1105033892088     
   SIMPLE iter       38600  res_p=   6.9388939039072284E-017  u(1,1,1)=   1.9458836112745159       p(1,1,1)=   123.71302557616647     
 DEBUG T iter       38650 min   302.49613836521712      max   1262.2156799468087     
 DEBUG T iter       38700 min   302.49675213238424      max   1262.3204129102467     
   SIMPLE iter       38700  res_p=   6.9388939039072284E-017  u(1,1,1)=   1.9458836112745159       p(1,1,1)=   123.71302557616647     
 DEBUG T iter       38750 min   302.49736331093567      max   1262.4247041504566     
 DEBUG T iter       38800 min   302.49797191178936      max   1262.5285555304883     
   SIMPLE iter       38800  res_p=   6.9388939039072284E-017  u(1,1,1)=   1.9458836112745159       p(1,1,1)=   123.71302557616647     
 DEBUG T iter       38850 min   302.49857794581658      max   1262.6319689055201     
 DEBUG T iter       38900 min   302.49918142384314      max   1262.7349461229164     
   SIMPLE iter       38900  res_p=   6.9388939039072284E-017  u(1,1,1)=   1.9458836112745159       p(1,1,1)=   123.71302557616647     
 DEBUG T iter       38950 min   302.49978235664867      max   1262.8374890222447     
 DEBUG T iter       39000 min   302.50038075496815      max   1262.9395994353133     
   SIMPLE iter       39000  res_p=   6.9388939039072284E-017  u(1,1,1)=   1.9458836112745159       p(1,1,1)=   123.71302557616647     
 DEBUG T iter       39050 min   302.50097662949054      max   1263.0412791862072     
 DEBUG T iter       39100 min   302.50156999086011      max   1263.1425300913152     
   SIMPLE iter       39100  res_p=   6.9388939039072284E-017  u(1,1,1)=   1.9458836112745159       p(1,1,1)=   123.71302557616647     
 DEBUG T iter       39150 min   302.50216084967605      max   1263.2433539593644     
 DEBUG T iter       39200 min   302.50274921649310      max   1263.3437525914587     
   SIMPLE iter       39200  res_p=   6.9388939039072284E-017  u(1,1,1)=   1.9458836112745159       p(1,1,1)=   123.71302557616647     
 DEBUG T iter       39250 min   302.50333510182116      max   1263.4437277810937     
 DEBUG T iter       39300 min   302.50391851612625      max   1263.5432813142088     
   SIMPLE iter       39300  res_p=   6.9388939039072284E-017  u(1,1,1)=   1.9458836112745159       p(1,1,1)=   123.71302557616647     
 DEBUG T iter       39350 min   302.50449946982985      max   1263.6424149692029     
 DEBUG T iter       39400 min   302.50507797330954      max   1263.7411305169837     
   SIMPLE iter       39400  res_p=   6.9388939039072284E-017  u(1,1,1)=   1.9458836112745159       p(1,1,1)=   123.71302557616647     
 DEBUG T iter       39450 min   302.50565403689922      max   1263.8394297209777     
 DEBUG T iter       39500 min   302.50622767088936      max   1263.9373143371893     
   SIMPLE iter       39500  res_p=   6.9388939039072284E-017  u(1,1,1)=   1.9458836112745159       p(1,1,1)=   123.71302557616647     
 DEBUG T iter       39550 min   302.50679888552685      max   1264.0347861142031     
 DEBUG T iter       39600 min   302.50736769101530      max   1264.1318467932274     
   SIMPLE iter       39600  res_p=   6.9388939039072284E-017  u(1,1,1)=   1.9458836112745159       p(1,1,1)=   123.71302557616647     
 DEBUG T iter       39650 min   302.50793409751554      max   1264.2284981081352     
 DEBUG T iter       39700 min   302.50849811514524      max   1264.3247417854875     
   SIMPLE iter       39700  res_p=   6.9388939039072284E-017  u(1,1,1)=   1.9458836112745159       p(1,1,1)=   123.71302557616647     
 DEBUG T iter       39750 min   302.50905975397967      max   1264.4205795445503     
 DEBUG T iter       39800 min   302.50961902405152      max   1264.5160130973434     
   SIMPLE iter       39800  res_p=   6.9388939039072284E-017  u(1,1,1)=   1.9458836112745159       p(1,1,1)=   123.71302557616647     
 DEBUG T iter       39850 min   302.51017593535113      max   1264.6110441486724     
 DEBUG T iter       39900 min   302.51073049782656      max   1264.7056743961452     
   SIMPLE iter       39900  res_p=   6.9388939039072284E-017  u(1,1,1)=   1.9458836112745159       p(1,1,1)=   123.71302557616647     
 DEBUG T iter       39950 min   302.51128272138430      max   1264.7999055302082     
 DEBUG T iter       40000 min   302.51183261588875      max   1264.8937392341879     
   SIMPLE iter       40000  res_p=   6.9388939039072284E-017  u(1,1,1)=   1.9458836112745159       p(1,1,1)=   123.71302557616647     
 DEBUG T iter       40050 min   302.51238019116289      max   1264.9871771842950     
 DEBUG T iter       40100 min   302.51292545698800      max   1265.0802210496909     
   SIMPLE iter       40100  res_p=   6.9388939039072284E-017  u(1,1,1)=   1.9458836112745159       p(1,1,1)=   123.71302557616647     
 DEBUG T iter       40150 min   302.51346842310448      max   1265.1728724924715     
 DEBUG T iter       40200 min   302.51400909921142      max   1265.2651331677416     
   SIMPLE iter       40200  res_p=   6.9388939039072284E-017  u(1,1,1)=   1.9458836112745159       p(1,1,1)=   123.71302557616647     
 DEBUG T iter       40250 min   302.51454749496696      max   1265.3570047236208     
 DEBUG T iter       40300 min   302.51508361998879      max   1265.4484888012676     
   SIMPLE iter       40300  res_p=   6.9388939039072284E-017  u(1,1,1)=   1.9458836112745159       p(1,1,1)=   123.71302557616647     
 DEBUG T iter       40350 min   302.51561748385382      max   1265.5395870349332     
 DEBUG T iter       40400 min   302.51614909609839      max   1265.6303010519659     
   SIMPLE iter       40400  res_p=   6.9388939039072284E-017  u(1,1,1)=   1.9458836112745159       p(1,1,1)=   123.71302557616647     
 DEBUG T iter       40450 min   302.51667846621893      max   1265.7206324728556     
 DEBUG T iter       40500 min   302.51720560367181      max   1265.8105829112458     
   SIMPLE iter       40500  res_p=   6.9388939039072284E-017  u(1,1,1)=   1.9458836112745159       p(1,1,1)=   123.71302557616647     
 DEBUG T iter       40550 min   302.51773051787353      max   1265.9001539739945     
 DEBUG T iter       40600 min   302.51825321820058      max   1265.9893472611657     
   SIMPLE iter       40600  res_p=   6.9388939039072284E-017  u(1,1,1)=   1.9458836112745159       p(1,1,1)=   123.71302557616647     
 DEBUG T iter       40650 min   302.51877371399002      max   1266.0781643660789     
 DEBUG T iter       40700 min   302.51929201453981      max   1266.1666068753375     
   SIMPLE iter       40700  res_p=   6.9388939039072284E-017  u(1,1,1)=   1.9458836112745159       p(1,1,1)=   123.71302557616647     
 DEBUG T iter       40750 min   302.51980812910858      max   1266.2546763688465     
 DEBUG T iter       40800 min   302.52032206691564      max   1266.3423744198492     
   SIMPLE iter       40800  res_p=   6.9388939039072284E-017  u(1,1,1)=   1.9458836112745159       p(1,1,1)=   123.71302557616647     
 DEBUG T iter       40850 min   302.52083383714182      max   1266.4297025949550     
 DEBUG T iter       40900 min   302.52134344892875      max   1266.5166624541666     
   SIMPLE iter       40900  res_p=   6.9388939039072284E-017  u(1,1,1)=   1.9458836112745159       p(1,1,1)=   123.71302557616647     
 DEBUG T iter       40950 min   302.52185091138000      max   1266.6032555508998     
 DEBUG T iter       41000 min   302.52235623356046      max   1266.6894834320319     
   SIMPLE iter       41000  res_p=   6.9388939039072284E-017  u(1,1,1)=   1.9458836112745159       p(1,1,1)=   123.71302557616647     
 DEBUG T iter       41050 min   302.52285942449709      max   1266.7753476378991     
 DEBUG T iter       41100 min   302.52336049317807      max   1266.8608497023558     
   SIMPLE iter       41100  res_p=   6.9388939039072284E-017  u(1,1,1)=   1.9458836112745159       p(1,1,1)=   123.71302557616647     
 DEBUG T iter       41150 min   302.52385944855462      max   1266.9459911527790     
 DEBUG T iter       41200 min   302.52435629953936      max   1267.0307735101039     
   SIMPLE iter       41200  res_p=   6.9388939039072284E-017  u(1,1,1)=   1.9458836112745159       p(1,1,1)=   123.71302557616647     
 DEBUG T iter       41250 min   302.52485105500790      max   1267.1151982888523     
 DEBUG T iter       41300 min   302.52534372379830      max   1267.1992669971592     
   SIMPLE iter       41300  res_p=   6.9388939039072284E-017  u(1,1,1)=   1.9458836112745159       p(1,1,1)=   123.71302557616647     
 DEBUG T iter       41350 min   302.52583431471112      max   1267.2829811367947     
 DEBUG T iter       41400 min   302.52632283651019      max   1267.3663422031984     
   SIMPLE iter       41400  res_p=   6.9388939039072284E-017  u(1,1,1)=   1.9458836112745159       p(1,1,1)=   123.71302557616647     
 DEBUG T iter       41450 min   302.52680929792183      max   1267.4493516854982     
 DEBUG T iter       41500 min   302.52729370763603      max   1267.5320110665521     
   SIMPLE iter       41500  res_p=   6.9388939039072284E-017  u(1,1,1)=   1.9458836112745159       p(1,1,1)=   123.71302557616647     
 DEBUG T iter       41550 min   302.52777607430590      max   1267.6143218229547     
 DEBUG T iter       41600 min   302.52825640654817      max   1267.6962854250703     
   SIMPLE iter       41600  res_p=   6.9388939039072284E-017  u(1,1,1)=   1.9458836112745159       p(1,1,1)=   123.71302557616647     
 DEBUG T iter       41650 min   302.52873471294333      max   1267.7779033370703     
 DEBUG T iter       41700 min   302.52921100203520      max   1267.8591770169414     
   SIMPLE iter       41700  res_p=   6.9388939039072284E-017  u(1,1,1)=   1.9458836112745159       p(1,1,1)=   123.71302557616647     
 DEBUG T iter       41750 min   302.52968528233225      max   1267.9401079165316     
 DEBUG T iter       41800 min   302.53015756230650      max   1268.0206974815501     
   SIMPLE iter       41800  res_p=   6.9388939039072284E-017  u(1,1,1)=   1.9458836112745159       p(1,1,1)=   123.71302557616647     
 DEBUG T iter       41850 min   302.53062785039452      max   1268.1009471516245     
 DEBUG T iter       41900 min   302.53109615499739      max   1268.1808583603026     
   SIMPLE iter       41900  res_p=   6.9388939039072284E-017  u(1,1,1)=   1.9458836112745159       p(1,1,1)=   123.71302557616647     
 DEBUG T iter       41950 min   302.53156248448033      max   1268.2604325350846     
 DEBUG T iter       42000 min   302.53202684717371      max   1268.3396710974521     
   SIMPLE iter       42000  res_p=   6.9388939039072284E-017  u(1,1,1)=   1.9458836112745159       p(1,1,1)=   123.71302557616647     
 DEBUG T iter       42050 min   302.53248925137262      max   1268.4185754628945     
 DEBUG T iter       42100 min   302.53294970533722      max   1268.4971470409248     
   SIMPLE iter       42100  res_p=   6.9388939039072284E-017  u(1,1,1)=   1.9458836112745159       p(1,1,1)=   123.71302557616647     
 DEBUG T iter       42150 min   302.53340821729250      max   1268.5753872351163     
 DEBUG T iter       42200 min   302.53386479542945      max   1268.6532974431211     
   SIMPLE iter       42200  res_p=   6.9388939039072284E-017  u(1,1,1)=   1.9458836112745159       p(1,1,1)=   123.71302557616647     
 DEBUG T iter       42250 min   302.53431944790390      max   1268.7308790566910     
 DEBUG T iter       42300 min   302.53477218283734      max   1268.8081334617168     
   SIMPLE iter       42300  res_p=   6.9388939039072284E-017  u(1,1,1)=   1.9458836112745159       p(1,1,1)=   123.71302557616647     
 DEBUG T iter       42350 min   302.53522300831730      max   1268.8850620382377     
 DEBUG T iter       42400 min   302.53567193239712      max   1268.9616661604712     
   SIMPLE iter       42400  res_p=   6.9388939039072284E-017  u(1,1,1)=   1.9458836112745159       p(1,1,1)=   123.71302557616647     
 DEBUG T iter       42450 min   302.53611896309587      max   1269.0379471968461     
 DEBUG T iter       42500 min   302.53656410839932      max   1269.1139065100153     
   SIMPLE iter       42500  res_p=   6.9388939039072284E-017  u(1,1,1)=   1.9458836112745159       p(1,1,1)=   123.71302557616647     
 DEBUG T iter       42550 min   302.53700737625900      max   1269.1895454568844     
 DEBUG T iter       42600 min   302.53744877459337      max   1269.2648653886304     
   SIMPLE iter       42600  res_p=   6.9388939039072284E-017  u(1,1,1)=   1.9458836112745159       p(1,1,1)=   123.71302557616647     
 DEBUG T iter       42650 min   302.53788831128736      max   1269.3398676507438     
 DEBUG T iter       42700 min   302.53832599419235      max   1269.4145535830355     
   SIMPLE iter       42700  res_p=   6.9388939039072284E-017  u(1,1,1)=   1.9458836112745159       p(1,1,1)=   123.71302557616647     
 DEBUG T iter       42750 min   302.53876183112720      max   1269.4889245196596     
 DEBUG T iter       42800 min   302.53919582987697      max   1269.5629817891436     
   SIMPLE iter       42800  res_p=   6.9388939039072284E-017  u(1,1,1)=   1.9458836112745159       p(1,1,1)=   123.71302557616647     
 DEBUG T iter       42850 min   302.53962799819470      max   1269.6367267144185     
 DEBUG T iter       42900 min   302.54005834380041      max   1269.7101606128329     
   SIMPLE iter       42900  res_p=   6.9388939039072284E-017  u(1,1,1)=   1.9458836112745159       p(1,1,1)=   123.71302557616647     
 DEBUG T iter       42950 min   302.54048687438143      max   1269.7832847961763     
 DEBUG T iter       43000 min   302.54091359759269      max   1269.8561005707056     
   SIMPLE iter       43000  res_p=   6.9388939039072284E-017  u(1,1,1)=   1.9458836112745159       p(1,1,1)=   123.71302557616647     
 DEBUG T iter       43050 min   302.54133852105701      max   1269.9286092371788     
 DEBUG T iter       43100 min   302.54176165236504      max   1270.0008120908492     
   SIMPLE iter       43100  res_p=   6.9388939039072284E-017  u(1,1,1)=   1.9458836112745159       p(1,1,1)=   123.71302557616647     
 DEBUG T iter       43150 min   302.54218299907518      max   1270.0727104215266     
 DEBUG T iter       43200 min   302.54260256871447      max   1270.1443055135712     
   SIMPLE iter       43200  res_p=   6.9388939039072284E-017  u(1,1,1)=   1.9458836112745159       p(1,1,1)=   123.71302557616647     
 DEBUG T iter       43250 min   302.54302036877749      max   1270.2155986459179     
 DEBUG T iter       43300 min   302.54343640672761      max   1270.2865910921205     
   SIMPLE iter       43300  res_p=   6.9388939039072284E-017  u(1,1,1)=   1.9458836112745159       p(1,1,1)=   123.71302557616647     
 DEBUG T iter       43350 min   302.54385068999699      max   1270.3572841203602     
 DEBUG T iter       43400 min   302.54426322598590      max   1270.4276789934629     
   SIMPLE iter       43400  res_p=   6.9388939039072284E-017  u(1,1,1)=   1.9458836112745159       p(1,1,1)=   123.71302557616647     
 DEBUG T iter       43450 min   302.54467402206365      max   1270.4977769689315     
 DEBUG T iter       43500 min   302.54508308556859      max   1270.5675792989687     
   SIMPLE iter       43500  res_p=   6.9388939039072284E-017  u(1,1,1)=   1.9458836112745159       p(1,1,1)=   123.71302557616647     
 DEBUG T iter       43550 min   302.54549042380791      max   1270.6370872304885     
 DEBUG T iter       43600 min   302.54589604405805      max   1270.7063020051535     
   SIMPLE iter       43600  res_p=   6.9388939039072284E-017  u(1,1,1)=   1.9458836112745159       p(1,1,1)=   123.71302557616647     
 DEBUG T iter       43650 min   302.54629995356487      max   1270.7752248593818     
 DEBUG T iter       43700 min   302.54670215954349      max   1270.8438570243820     
   SIMPLE iter       43700  res_p=   6.9388939039072284E-017  u(1,1,1)=   1.9458836112745159       p(1,1,1)=   123.71302557616647     
 DEBUG T iter       43750 min   302.54710266917868      max   1270.9121997261632     
 DEBUG T iter       43800 min   302.54750148962501      max   1270.9802541855809     
   SIMPLE iter       43800  res_p=   6.9388939039072284E-017  u(1,1,1)=   1.9458836112745159       p(1,1,1)=   123.71302557616647     
 DEBUG T iter       43850 min   302.54789862800675      max   1271.0480216183221     
 DEBUG T iter       43900 min   302.54829409141814      max   1271.1155032349513     
   SIMPLE iter       43900  res_p=   6.9388939039072284E-017  u(1,1,1)=   1.9458836112745159       p(1,1,1)=   123.71302557616647     
 DEBUG T iter       43950 min   302.54868788692352      max   1271.1827002409307     
 DEBUG T iter       44000 min   302.54908002155747      max   1271.2496138366389     
   SIMPLE iter       44000  res_p=   6.9388939039072284E-017  u(1,1,1)=   1.9458836112745159       p(1,1,1)=   123.71302557616647     
 DEBUG T iter       44050 min   302.54947050232471      max   1271.3162452173931     
 DEBUG T iter       44100 min   302.54985933620071      max   1271.3825955734592     
   SIMPLE iter       44100  res_p=   6.9388939039072284E-017  u(1,1,1)=   1.9458836112745159       p(1,1,1)=   123.71302557616647     
 DEBUG T iter       44150 min   302.55024653013146      max   1271.4486660900950     
 DEBUG T iter       44200 min   302.55063209103344      max   1271.5144579475550     
   SIMPLE iter       44200  res_p=   6.9388939039072284E-017  u(1,1,1)=   1.9458836112745159       p(1,1,1)=   123.71302557616647     
 DEBUG T iter       44250 min   302.55101602579424      max   1271.5799723211078     
 DEBUG T iter       44300 min   302.55139834127203      max   1271.6452103810789     
   SIMPLE iter       44300  res_p=   6.9388939039072284E-017  u(1,1,1)=   1.9458836112745159       p(1,1,1)=   123.71302557616647     
 DEBUG T iter       44350 min   302.55177904429650      max   1271.7101732928536     
 DEBUG T iter       44400 min   302.55215814166809      max   1271.7748622168904     
   SIMPLE iter       44400  res_p=   6.9388939039072284E-017  u(1,1,1)=   1.9458836112745159       p(1,1,1)=   123.71302557616647     
 DEBUG T iter       44450 min   302.55253564015902      max   1271.8392783087720     
 DEBUG T iter       44500 min   302.55291154651258      max   1271.9034227191894     
   SIMPLE iter       44500  res_p=   6.9388939039072284E-017  u(1,1,1)=   1.9458836112745159       p(1,1,1)=   123.71302557616647     
 DEBUG T iter       44550 min   302.55328586744378      max   1271.9672965939883     
 DEBUG T iter       44600 min   302.55365860963929      max   1272.0309010741880     
   SIMPLE iter       44600  res_p=   6.9388939039072284E-017  u(1,1,1)=   1.9458836112745159       p(1,1,1)=   123.71302557616647     
 DEBUG T iter       44650 min   302.55402977975757      max   1272.0942372959914     
 DEBUG T iter       44700 min   302.55439938442913      max   1272.1573063907977     
   SIMPLE iter       44700  res_p=   6.9388939039072284E-017  u(1,1,1)=   1.9458836112745159       p(1,1,1)=   123.71302557616647     
 DEBUG T iter       44750 min   302.55476743025616      max   1272.2201094852519     
 DEBUG T iter       44800 min   302.55513392381329      max   1272.2826477012368     
   SIMPLE iter       44800  res_p=   6.9388939039072284E-017  u(1,1,1)=   1.9458836112745159       p(1,1,1)=   123.71302557616647     
 DEBUG T iter       44850 min   302.55549887164744      max   1272.3449221559060     
 DEBUG T iter       44900 min   302.55586228027784      max   1272.4069339617026     
   SIMPLE iter       44900  res_p=   6.9388939039072284E-017  u(1,1,1)=   1.9458836112745159       p(1,1,1)=   123.71302557616647     
 DEBUG T iter       44950 min   302.55622415619627      max   1272.4686842263786     
 DEBUG T iter       45000 min   302.55658450586691      max   1272.5301740530069     
   SIMPLE iter       45000  res_p=   6.9388939039072284E-017  u(1,1,1)=   1.9458836112745159       p(1,1,1)=   123.71302557616647     
 DEBUG T iter       45050 min   302.55694333572706      max   1272.5914045400098     
 DEBUG T iter       45100 min   302.55730065218643      max   1272.6523767811877     
   SIMPLE iter       45100  res_p=   6.9388939039072284E-017  u(1,1,1)=   1.9458836112745159       p(1,1,1)=   123.71302557616647     
 DEBUG T iter       45150 min   302.55765646162808      max   1272.7130918657203     
 DEBUG T iter       45200 min   302.55801077040792      max   1272.7735508781893     
   SIMPLE iter       45200  res_p=   6.9388939039072284E-017  u(1,1,1)=   1.9458836112745159       p(1,1,1)=   123.71302557616647     
 DEBUG T iter       45250 min   302.55836358485539      max   1272.8337548986067     
 DEBUG T iter       45300 min   302.55871491127260      max   1272.8937050024285     
   SIMPLE iter       45300  res_p=   6.9388939039072284E-017  u(1,1,1)=   1.9458836112745159       p(1,1,1)=   123.71302557616647     
 DEBUG T iter       45350 min   302.55906475593565      max   1272.9534022605783     
 DEBUG T iter       45400 min   302.55941312509395      max   1273.0128477394555     
   SIMPLE iter       45400  res_p=   6.9388939039072284E-017  u(1,1,1)=   1.9458836112745159       p(1,1,1)=   123.71302557616647     
 DEBUG T iter       45450 min   302.55976002497067      max   1273.0720425009672     
 DEBUG T iter       45500 min   302.56010546176242      max   1273.1309876025368     
   SIMPLE iter       45500  res_p=   6.9388939039072284E-017  u(1,1,1)=   1.9458836112745159       p(1,1,1)=   123.71302557616647     
 DEBUG T iter       45550 min   302.56044944164012      max   1273.1896840971438     
 DEBUG T iter       45600 min   302.56079197074837      max   1273.2481330333032     
   SIMPLE iter       45600  res_p=   6.9388939039072284E-017  u(1,1,1)=   1.9458836112745159       p(1,1,1)=   123.71302557616647     
 DEBUG T iter       45650 min   302.56113305520597      max   1273.3063354551221     
 DEBUG T iter       45700 min   302.56147270110574      max   1273.3642924022993     
   SIMPLE iter       45700  res_p=   6.9388939039072284E-017  u(1,1,1)=   1.9458836112745159       p(1,1,1)=   123.71302557616647     
 DEBUG T iter       45750 min   302.56181091451504      max   1273.4220049101536     
 DEBUG T iter       45800 min   302.56214770147551      max   1273.4794740096281     
   SIMPLE iter       45800  res_p=   6.9388939039072284E-017  u(1,1,1)=   1.9458836112745159       p(1,1,1)=   123.71302557616647     
 DEBUG T iter       45850 min   302.56248306800336      max   1273.5367007273289     
 DEBUG T iter       45900 min   302.56281702008931      max   1273.5936860855250     
   SIMPLE iter       45900  res_p=   6.9388939039072284E-017  u(1,1,1)=   1.9458836112745159       p(1,1,1)=   123.71302557616647     
 DEBUG T iter       45950 min   302.56314956369903      max   1273.6504311021786     
 DEBUG T iter       46000 min   302.56348070477281      max   1273.7069367909494     
   SIMPLE iter       46000  res_p=   6.9388939039072284E-017  u(1,1,1)=   1.9458836112745159       p(1,1,1)=   123.71302557616647     
 DEBUG T iter       46050 min   302.56381044922603      max   1273.7632041612333     
 DEBUG T iter       46100 min   302.56413880294895      max   1273.8192342181619     
   SIMPLE iter       46100  res_p=   6.9388939039072284E-017  u(1,1,1)=   1.9458836112745159       p(1,1,1)=   123.71302557616647     
 DEBUG T iter       46150 min   302.56446577180736      max   1273.8750279626238     
 DEBUG T iter       46200 min   302.56479136164177      max   1273.9305863912991     
   SIMPLE iter       46200  res_p=   6.9388939039072284E-017  u(1,1,1)=   1.9458836112745159       p(1,1,1)=   123.71302557616647     
 DEBUG T iter       46250 min   302.56511557826860      max   1273.9859104966552     
 DEBUG T iter       46300 min   302.56543842747925      max   1274.0410012669743     
   SIMPLE iter       46300  res_p=   6.9388939039072284E-017  u(1,1,1)=   1.9458836112745159       p(1,1,1)=   123.71302557616647     
 DEBUG T iter       46350 min   302.56575991504110      max   1274.0958596863723     
 DEBUG T iter       46400 min   302.56608004669704      max   1274.1504867348112     
   SIMPLE iter       46400  res_p=   6.9388939039072284E-017  u(1,1,1)=   1.9458836112745159       p(1,1,1)=   123.71302557616647     
 DEBUG T iter       46450 min   302.56639882816569      max   1274.2048833881242     
 DEBUG T iter       46500 min   302.56671626514151      max   1274.2590506180268     
   SIMPLE iter       46500  res_p=   6.9388939039072284E-017  u(1,1,1)=   1.9458836112745159       p(1,1,1)=   123.71302557616647     
 DEBUG T iter       46550 min   302.56703236329508      max   1274.3129893921387     
 DEBUG T iter       46600 min   302.56734712827318      max   1274.3667006739915     
   SIMPLE iter       46600  res_p=   6.9388939039072284E-017  u(1,1,1)=   1.9458836112745159       p(1,1,1)=   123.71302557616647     
 DEBUG T iter       46650 min   302.56766056569836      max   1274.4201854230582     
 DEBUG T iter       46700 min   302.56797268116981      max   1274.4734445947649     
   SIMPLE iter       46700  res_p=   6.9388939039072284E-017  u(1,1,1)=   1.9458836112745159       p(1,1,1)=   123.71302557616647     
 DEBUG T iter       46750 min   302.56828348026295      max   1274.5264791405093     
 DEBUG T iter       46800 min   302.56859296852980      max   1274.5792900076722     
   SIMPLE iter       46800  res_p=   6.9388939039072284E-017  u(1,1,1)=   1.9458836112745159       p(1,1,1)=   123.71302557616647     
 DEBUG T iter       46850 min   302.56890115149884      max   1274.6318781396453     
 DEBUG T iter       46900 min   302.56920803467546      max   1274.6842444758354     
   SIMPLE iter       46900  res_p=   6.9388939039072284E-017  u(1,1,1)=   1.9458836112745159       p(1,1,1)=   123.71302557616647     
 DEBUG T iter       46950 min   302.56951362354135      max   1274.7363899516854     
 DEBUG T iter       47000 min   302.56981792355560      max   1274.7883154987076     
   SIMPLE iter       47000  res_p=   6.9388939039072284E-017  u(1,1,1)=   1.9458836112745159       p(1,1,1)=   123.71302557616647     
 DEBUG T iter       47050 min   302.57012094015408      max   1274.8400220444660     
 DEBUG T iter       47100 min   302.57042267874965      max   1274.8915105126212     
   SIMPLE iter       47100  res_p=   6.9388939039072284E-017  u(1,1,1)=   1.9458836112745159       p(1,1,1)=   123.71302557616647     
 DEBUG T iter       47150 min   302.57072314473243      max   1274.9427818229408     
 DEBUG T iter       47200 min   302.57102234346979      max   1274.9938368913058     
   SIMPLE iter       47200  res_p=   6.9388939039072284E-017  u(1,1,1)=   1.9458836112745159       p(1,1,1)=   123.71302557616647     
 DEBUG T iter       47250 min   302.57132028030640      max   1275.0446766297443     
 DEBUG T iter       47300 min   302.57161696056471      max   1275.0953019464375     
   SIMPLE iter       47300  res_p=   6.9388939039072284E-017  u(1,1,1)=   1.9458836112745159       p(1,1,1)=   123.71302557616647     
 DEBUG T iter       47350 min   302.57191238954402      max   1275.1457137457182     
 DEBUG T iter       47400 min   302.57220657252219      max   1275.1959129281256     
   SIMPLE iter       47400  res_p=   6.9388939039072284E-017  u(1,1,1)=   1.9458836112745159       p(1,1,1)=   123.71302557616647     
 DEBUG T iter       47450 min   302.57249951475399      max   1275.2459003903932     
 DEBUG T iter       47500 min   302.57279122147258      max   1275.2956770254707     
   SIMPLE iter       47500  res_p=   6.9388939039072284E-017  u(1,1,1)=   1.9458836112745159       p(1,1,1)=   123.71302557616647     
 DEBUG T iter       47550 min   302.57308169788882      max   1275.3452437225471     
 DEBUG T iter       47600 min   302.57337094919149      max   1275.3946013670547     
   SIMPLE iter       47600  res_p=   6.9388939039072284E-017  u(1,1,1)=   1.9458836112745159       p(1,1,1)=   123.71302557616647     
 DEBUG T iter       47650 min   302.57365898054798      max   1275.4437508406968     
 DEBUG T iter       47700 min   302.57394579710302      max   1275.4926930214492     
   SIMPLE iter       47700  res_p=   6.9388939039072284E-017  u(1,1,1)=   1.9458836112745159       p(1,1,1)=   123.71302557616647     
 DEBUG T iter       47750 min   302.57423140398066      max   1275.5414287835970     
 DEBUG T iter       47800 min   302.57451580628248      max   1275.5899589977278     
   SIMPLE iter       47800  res_p=   6.9388939039072284E-017  u(1,1,1)=   1.9458836112745159       p(1,1,1)=   123.71302557616647     
 DEBUG T iter       47850 min   302.57479900908913      max   1275.6382845307687     
 DEBUG T iter       47900 min   302.57508101745947      max   1275.6864062459777     
   SIMPLE iter       47900  res_p=   6.9388939039072284E-017  u(1,1,1)=   1.9458836112745159       p(1,1,1)=   123.71302557616647     
 DEBUG T iter       47950 min   302.57536183643123      max   1275.7343250029778     
 DEBUG T iter       48000 min   302.57564147102062      max   1275.7820416577697     
   SIMPLE iter       48000  res_p=   6.9388939039072284E-017  u(1,1,1)=   1.9458836112745159       p(1,1,1)=   123.71302557616647     
 DEBUG T iter       48050 min   302.57591992622309      max   1275.8295570627351     
 DEBUG T iter       48100 min   302.57619720701285      max   1275.8768720666701     
   SIMPLE iter       48100  res_p=   6.9388939039072284E-017  u(1,1,1)=   1.9458836112745159       p(1,1,1)=   123.71302557616647     
 DEBUG T iter       48150 min   302.57647331834295      max   1275.9239875147848     
 DEBUG T iter       48200 min   302.57674826514574      max   1275.9709042487275     
   SIMPLE iter       48200  res_p=   6.9388939039072284E-017  u(1,1,1)=   1.9458836112745159       p(1,1,1)=   123.71302557616647     
 DEBUG T iter       48250 min   302.57702205233289      max   1276.0176231065952     
 DEBUG T iter       48300 min   302.57729468479494      max   1276.0641449229461     
   SIMPLE iter       48300  res_p=   6.9388939039072284E-017  u(1,1,1)=   1.9458836112745159       p(1,1,1)=   123.71302557616647     
 DEBUG T iter       48350 min   302.57756616740215      max   1276.1104705288262     
 DEBUG T iter       48400 min   302.57783650500431      max   1276.1566007517813     
   SIMPLE iter       48400  res_p=   6.9388939039072284E-017  u(1,1,1)=   1.9458836112745159       p(1,1,1)=   123.71302557616647     
 DEBUG T iter       48450 min   302.57810570243032      max   1276.2025364158483     
 DEBUG T iter       48500 min   302.57837376448924      max   1276.2482783416019     
   SIMPLE iter       48500  res_p=   6.9388939039072284E-017  u(1,1,1)=   1.9458836112745159       p(1,1,1)=   123.71302557616647     
 DEBUG T iter       48550 min   302.57864069596934      max   1276.2938273461511     
 DEBUG T iter       48600 min   302.57890650163910      max   1276.3391842431647     
   SIMPLE iter       48600  res_p=   6.9388939039072284E-017  u(1,1,1)=   1.9458836112745159       p(1,1,1)=   123.71302557616647     
 DEBUG T iter       48650 min   302.57917118624681      max   1276.3843498428826     
 DEBUG T iter       48700 min   302.57943475452061      max   1276.4293249521083     
   SIMPLE iter       48700  res_p=   6.9388939039072284E-017  u(1,1,1)=   1.9458836112745159       p(1,1,1)=   123.71302557616647     
 DEBUG T iter       48750 min   302.57969721116865      max   1276.4741103742604     
 DEBUG T iter       48800 min   302.57995856087928      max   1276.5187069093654     
   SIMPLE iter       48800  res_p=   6.9388939039072284E-017  u(1,1,1)=   1.9458836112745159       p(1,1,1)=   123.71302557616647     
 DEBUG T iter       48850 min   302.58021880832138      max   1276.5631153540710     
 DEBUG T iter       48900 min   302.58047795814372      max   1276.6073365016682     
   SIMPLE iter       48900  res_p=   6.9388939039072284E-017  u(1,1,1)=   1.9458836112745159       p(1,1,1)=   123.71302557616647     
 DEBUG T iter       48950 min   302.58073601497546      max   1276.6513711420985     
 DEBUG T iter       49000 min   302.58099298342660      max   1276.6952200619833     
   SIMPLE iter       49000  res_p=   6.9388939039072284E-017  u(1,1,1)=   1.9458836112745159       p(1,1,1)=   123.71302557616647     
 DEBUG T iter       49050 min   302.58124886808753      max   1276.7388840446097     
 DEBUG T iter       49100 min   302.58150367352908      max   1276.7823638699722     
   SIMPLE iter       49100  res_p=   6.9388939039072284E-017  u(1,1,1)=   1.9458836112745159       p(1,1,1)=   123.71302557616647     
 DEBUG T iter       49150 min   302.58175740430300      max   1276.8256603147763     
 DEBUG T iter       49200 min   302.58201006494198      max   1276.8687741524427     
   SIMPLE iter       49200  res_p=   6.9388939039072284E-017  u(1,1,1)=   1.9458836112745159       p(1,1,1)=   123.71302557616647     
 DEBUG T iter       49250 min   302.58226165995933      max   1276.9117061531374     
 DEBUG T iter       49300 min   302.58251219384920      max   1276.9544570837813     
   SIMPLE iter       49300  res_p=   6.9388939039072284E-017  u(1,1,1)=   1.9458836112745159       p(1,1,1)=   123.71302557616647     
 DEBUG T iter       49350 min   302.58276167108733      max   1276.9970277080508     
 DEBUG T iter       49400 min   302.58301009613001      max   1277.0394187864063     
   SIMPLE iter       49400  res_p=   6.9388939039072284E-017  u(1,1,1)=   1.9458836112745159       p(1,1,1)=   123.71302557616647     
 DEBUG T iter       49450 min   302.58325747341502      max   1277.0816310761049     
 DEBUG T iter       49500 min   302.58350380736152      max   1277.1236653312017     
   SIMPLE iter       49500  res_p=   6.9388939039072284E-017  u(1,1,1)=   1.9458836112745159       p(1,1,1)=   123.71302557616647     
 DEBUG T iter       49550 min   302.58374910236984      max   1277.1655223025793     
 DEBUG T iter       49600 min   302.58399336282167      max   1277.2072027379456     
   SIMPLE iter       49600  res_p=   6.9388939039072284E-017  u(1,1,1)=   1.9458836112745159       p(1,1,1)=   123.71302557616647     
 DEBUG T iter       49650 min   302.58423659308050      max   1277.2487073818593     
 DEBUG T iter       49700 min   302.58447879749122      max   1277.2900369757469     
   SIMPLE iter       49700  res_p=   6.9388939039072284E-017  u(1,1,1)=   1.9458836112745159       p(1,1,1)=   123.71302557616647     
 DEBUG T iter       49750 min   302.58471998038044      max   1277.3311922578926     
 DEBUG T iter       49800 min   302.58496014605669      max   1277.3721739634746     
   SIMPLE iter       49800  res_p=   6.9388939039072284E-017  u(1,1,1)=   1.9458836112745159       p(1,1,1)=   123.71302557616647     
 DEBUG T iter       49850 min   302.58519929880981      max   1277.4129828245743     
 DEBUG T iter       49900 min   302.58543744291217      max   1277.4536195701749     
   SIMPLE iter       49900  res_p=   6.9388939039072284E-017  u(1,1,1)=   1.9458836112745159       p(1,1,1)=   123.71302557616647     
 DEBUG T iter       49950 min   302.58567458261786      max   1277.4940849261884     
 DEBUG T iter       50000 min   302.58591072216296      max   1277.5343796154771     
   SIMPLE iter       50000  res_p=   6.9388939039072284E-017  u(1,1,1)=   1.9458836112745159       p(1,1,1)=   123.71302557616647     
 DEBUG T iter       50050 min   302.58614586576573      max   1277.5745043578399     
 DEBUG T iter       50100 min   302.58638001762660      max   1277.6144598700464     
   SIMPLE iter       50100  res_p=   6.9388939039072284E-017  u(1,1,1)=   1.9458836112745159       p(1,1,1)=   123.71302557616647     
 DEBUG T iter       50150 min   302.58661318192850      max   1277.6542468658449     
 DEBUG T iter       50200 min   302.58684536283653      max   1277.6938660559622     
   SIMPLE iter       50200  res_p=   6.9388939039072284E-017  u(1,1,1)=   1.9458836112745159       p(1,1,1)=   123.71302557616647     
 DEBUG T iter       50250 min   302.58707656449809      max   1277.7333181481431     
 DEBUG T iter       50300 min   302.58730679104337      max   1277.7726038471387     
   SIMPLE iter       50300  res_p=   6.9388939039072284E-017  u(1,1,1)=   1.9458836112745159       p(1,1,1)=   123.71302557616647     
 DEBUG T iter       50350 min   302.58753604658500      max   1277.8117238547309     
 DEBUG T iter       50400 min   302.58776433521837      max   1277.8506788697384     
   SIMPLE iter       50400  res_p=   6.9388939039072284E-017  u(1,1,1)=   1.9458836112745159       p(1,1,1)=   123.71302557616647     
 DEBUG T iter       50450 min   302.58799166102136      max   1277.8894695880338     
 DEBUG T iter       50500 min   302.58821802805488      max   1277.9280967025520     
   SIMPLE iter       50500  res_p=   6.9388939039072284E-017  u(1,1,1)=   1.9458836112745159       p(1,1,1)=   123.71302557616647     
 DEBUG T iter       50550 min   302.58844344036260      max   1277.9665609033127     
 DEBUG T iter       50600 min   302.58866790197129      max   1278.0048628774214     
   SIMPLE iter       50600  res_p=   6.9388939039072284E-017  u(1,1,1)=   1.9458836112745159       p(1,1,1)=   123.71302557616647     
 DEBUG T iter       50650 min   302.58889141689048      max   1278.0430033090806     
 DEBUG T iter       50700 min   302.58911398911300      max   1278.0809828796189     
   SIMPLE iter       50700  res_p=   6.9388939039072284E-017  u(1,1,1)=   1.9458836112745159       p(1,1,1)=   123.71302557616647     
 DEBUG T iter       50750 min   302.58933562261478      max   1278.1188022674785     
 DEBUG T iter       50800 min   302.58955632135502      max   1278.1564621482551     
   SIMPLE iter       50800  res_p=   6.9388939039072284E-017  u(1,1,1)=   1.9458836112745159       p(1,1,1)=   123.71302557616647     
 DEBUG T iter       50850 min   302.58977608927592      max   1278.1939631946748     
 DEBUG T iter       50900 min   302.58999493030342      max   1278.2313060766478     
   SIMPLE iter       50900  res_p=   6.9388939039072284E-017  u(1,1,1)=   1.9458836112745159       p(1,1,1)=   123.71302557616647     
 DEBUG T iter       50950 min   302.59021284834699      max   1278.2684914612400     
 DEBUG T iter       51000 min   302.59042984729916      max   1278.3055200127160     
   SIMPLE iter       51000  res_p=   6.9388939039072284E-017  u(1,1,1)=   1.9458836112745159       p(1,1,1)=   123.71302557616647     
 DEBUG T iter       51050 min   302.59064593103636      max   1278.3423923925347     
 DEBUG T iter       51100 min   302.59086110341866      max   1278.3791092593663     
   SIMPLE iter       51100  res_p=   6.9388939039072284E-017  u(1,1,1)=   1.9458836112745159       p(1,1,1)=   123.71302557616647     
 DEBUG T iter       51150 min   302.59107536828998      max   1278.4156712691056     
 DEBUG T iter       51200 min   302.59128872947741      max   1278.4520790748768     
   SIMPLE iter       51200  res_p=   6.9388939039072284E-017  u(1,1,1)=   1.9458836112745159       p(1,1,1)=   123.71302557616647     
 DEBUG T iter       51250 min   302.59150119079248      max   1278.4883333270457     
 DEBUG T iter       51300 min   302.59171275603052      max   1278.5244346732479     
   SIMPLE iter       51300  res_p=   6.9388939039072284E-017  u(1,1,1)=   1.9458836112745159       p(1,1,1)=   123.71302557616647     
 DEBUG T iter       51350 min   302.59192342897103      max   1278.5603837583747     
 DEBUG T iter       51400 min   302.59213321337711      max   1278.5961812246019     
   SIMPLE iter       51400  res_p=   6.9388939039072284E-017  u(1,1,1)=   1.9458836112745159       p(1,1,1)=   123.71302557616647     
 DEBUG T iter       51450 min   302.59234211299622      max   1278.6318277114008     
 DEBUG T iter       51500 min   302.59255013156024      max   1278.6673238555445     
   SIMPLE iter       51500  res_p=   6.9388939039072284E-017  u(1,1,1)=   1.9458836112745159       p(1,1,1)=   123.71302557616647     
 DEBUG T iter       51550 min   302.59275727278487      max   1278.7026702911137     
 DEBUG T iter       51600 min   302.59296354037059      max   1278.7378676495184     
   SIMPLE iter       51600  res_p=   6.9388939039072284E-017  u(1,1,1)=   1.9458836112745159       p(1,1,1)=   123.71302557616647     
 DEBUG T iter       51650 min   302.59316893800207      max   1278.7729165595085     
 DEBUG T iter       51700 min   302.59337346934825      max   1278.8078176471809     
   SIMPLE iter       51700  res_p=   6.9388939039072284E-017  u(1,1,1)=   1.9458836112745159       p(1,1,1)=   123.71302557616647     
 DEBUG T iter       51750 min   302.59357713806281      max   1278.8425715359926     
 DEBUG T iter       51800 min   302.59377994778413      max   1278.8771788467682     
   SIMPLE iter       51800  res_p=   6.9388939039072284E-017  u(1,1,1)=   1.9458836112745159       p(1,1,1)=   123.71302557616647     
 DEBUG T iter       51850 min   302.59398190213494      max   1278.9116401977196     
 DEBUG T iter       51900 min   302.59418300472288      max   1278.9459562044390     
   SIMPLE iter       51900  res_p=   6.9388939039072284E-017  u(1,1,1)=   1.9458836112745159       p(1,1,1)=   123.71302557616647     
 DEBUG T iter       51950 min   302.59438325914056      max   1278.9801274799343     
 DEBUG T iter       52000 min   302.59458266896485      max   1279.0141546346290     
   SIMPLE iter       52000  res_p=   6.9388939039072284E-017  u(1,1,1)=   1.9458836112745159       p(1,1,1)=   123.71302557616647     
 DEBUG T iter       52050 min   302.59478123775818      max   1279.0480382763606     
 DEBUG T iter       52100 min   302.59497896906765      max   1279.0817790104118     
   SIMPLE iter       52100  res_p=   6.9388939039072284E-017  u(1,1,1)=   1.9458836112745159       p(1,1,1)=   123.71302557616647     
 DEBUG T iter       52150 min   302.59517586642545      max   1279.1153774395111     
 DEBUG T iter       52200 min   302.59537193334859      max   1279.1488341638433     
   SIMPLE iter       52200  res_p=   6.9388939039072284E-017  u(1,1,1)=   1.9458836112745159       p(1,1,1)=   123.71302557616647     
 DEBUG T iter       52250 min   302.59556717333987      max   1279.1821497810611     
 DEBUG T iter       52300 min   302.59576158988671      max   1279.2153248862990     
   SIMPLE iter       52300  res_p=   6.9388939039072284E-017  u(1,1,1)=   1.9458836112745159       p(1,1,1)=   123.71302557616647     
 DEBUG T iter       52350 min   302.59595518646222      max   1279.2483600721787     
 DEBUG T iter       52400 min   302.59614796652465      max   1279.2812559288311     
   SIMPLE iter       52400  res_p=   6.9388939039072284E-017  u(1,1,1)=   1.9458836112745159       p(1,1,1)=   123.71302557616647     
 DEBUG T iter       52450 min   302.59633993351775      max   1279.3140130438876     
 DEBUG T iter       52500 min   302.59653109087054      max   1279.3466320024977     
   SIMPLE iter       52500  res_p=   6.9388939039072284E-017  u(1,1,1)=   1.9458836112745159       p(1,1,1)=   123.71302557616647     
 DEBUG T iter       52550 min   302.59672144199823      max   1279.3791133873642     
 DEBUG T iter       52600 min   302.59691099030067      max   1279.4114577787066     
   SIMPLE iter       52600  res_p=   6.9388939039072284E-017  u(1,1,1)=   1.9458836112745159       p(1,1,1)=   123.71302557616647     
 DEBUG T iter       52650 min   302.59709973916398      max   1279.4436657543106     
 DEBUG T iter       52700 min   302.59728769195999      max   1279.4757378895274     
   SIMPLE iter       52700  res_p=   6.9388939039072284E-017  u(1,1,1)=   1.9458836112745159       p(1,1,1)=   123.71302557616647     
 DEBUG T iter       52750 min   302.59747485204616      max   1279.5076747572771     
 DEBUG T iter       52800 min   302.59766122276579      max   1279.5394769280585     
   SIMPLE iter       52800  res_p=   6.9388939039072284E-017  u(1,1,1)=   1.9458836112745159       p(1,1,1)=   123.71302557616647     
 DEBUG T iter       52850 min   302.59784680744809      max   1279.5711449699777     
 DEBUG T iter       52900 min   302.59803160940828      max   1279.6026794487302     
   SIMPLE iter       52900  res_p=   6.9388939039072284E-017  u(1,1,1)=   1.9458836112745159       p(1,1,1)=   123.71302557616647     
 DEBUG T iter       52950 min   302.59821563194754      max   1279.6340809276367     
 DEBUG T iter       53000 min   302.59839887835318      max   1279.6653499676363     
   SIMPLE iter       53000  res_p=   6.9388939039072284E-017  u(1,1,1)=   1.9458836112745159       p(1,1,1)=   123.71302557616647     
 DEBUG T iter       53050 min   302.59858135189864      max   1279.6964871273035     
 DEBUG T iter       53100 min   302.59876305584362      max   1279.7274929628554     
   SIMPLE iter       53100  res_p=   6.9388939039072284E-017  u(1,1,1)=   1.9458836112745159       p(1,1,1)=   123.71302557616647     
 DEBUG T iter       53150 min   302.59894399343381      max   1279.7583680281639     
 DEBUG T iter       53200 min   302.59912416790144      max   1279.7891128747724     
   SIMPLE iter       53200  res_p=   6.9388939039072284E-017  u(1,1,1)=   1.9458836112745159       p(1,1,1)=   123.71302557616647     
 DEBUG T iter       53250 min   302.59930358246515      max   1279.8197280518855     
 DEBUG T iter       53300 min   302.59948224032968      max   1279.8502141063993     
   SIMPLE iter       53300  res_p=   6.9388939039072284E-017  u(1,1,1)=   1.9458836112745159       p(1,1,1)=   123.71302557616647     
 DEBUG T iter       53350 min   302.59966014468699      max   1279.8805715828967     
 DEBUG T iter       53400 min   302.59983729871431      max   1279.9108010236735     
   SIMPLE iter       53400  res_p=   6.9388939039072284E-017  u(1,1,1)=   1.9458836112745159       p(1,1,1)=   123.71302557616647     
 DEBUG T iter       53450 min   302.60001370557700      max   1279.9409029687286     
 DEBUG T iter       53500 min   302.60018936842579      max   1279.9708779557989     
   SIMPLE iter       53500  res_p=   6.9388939039072284E-017  u(1,1,1)=   1.9458836112745159       p(1,1,1)=   123.71302557616647     
 DEBUG T iter       53550 min   302.60036429039883      max   1280.0007265203308     
 DEBUG T iter       53600 min   302.60053847462075      max   1280.0304491955294     
   SIMPLE iter       53600  res_p=   6.9388939039072284E-017  u(1,1,1)=   1.9458836112745159       p(1,1,1)=   123.71302557616647     
 DEBUG T iter       53650 min   302.60071192420315      max   1280.0600465123434     
 DEBUG T iter       53700 min   302.60088464224452      max   1280.0895189994885     
   SIMPLE iter       53700  res_p=   6.9388939039072284E-017  u(1,1,1)=   1.9458836112745159       p(1,1,1)=   123.71302557616647     
 DEBUG T iter       53750 min   302.60105663183020      max   1280.1188671834427     
 DEBUG T iter       53800 min   302.60122789603236      max   1280.1480915884720     
   SIMPLE iter       53800  res_p=   6.9388939039072284E-017  u(1,1,1)=   1.9458836112745159       p(1,1,1)=   123.71302557616647     
 DEBUG T iter       53850 min   302.60139843791046      max   1280.1771927366206     
 DEBUG T iter       53900 min   302.60156826051099      max   1280.2061711477388     
   SIMPLE iter       53900  res_p=   6.9388939039072284E-017  u(1,1,1)=   1.9458836112745159       p(1,1,1)=   123.71302557616647     
 DEBUG T iter       53950 min   302.60173736686767      max   1280.2350273394904     
 DEBUG T iter       54000 min   302.60190576000116      max   1280.2637618273325     
   SIMPLE iter       54000  res_p=   6.9388939039072284E-017  u(1,1,1)=   1.9458836112745159       p(1,1,1)=   123.71302557616647     
 DEBUG T iter       54050 min   302.60207344291956      max   1280.2923751245753     
 DEBUG T iter       54100 min   302.60224041861841      max   1280.3208677423468     
   SIMPLE iter       54100  res_p=   6.9388939039072284E-017  u(1,1,1)=   1.9458836112745159       p(1,1,1)=   123.71302557616647     
 DEBUG T iter       54150 min   302.60240669008044      max   1280.3492401896251     
 DEBUG T iter       54200 min   302.60257226027585      max   1280.3774929732410     
   SIMPLE iter       54200  res_p=   6.9388939039072284E-017  u(1,1,1)=   1.9458836112745159       p(1,1,1)=   123.71302557616647     
 DEBUG T iter       54250 min   302.60273713216208      max   1280.4056265978948     
 DEBUG T iter       54300 min   302.60290130868464      max   1280.4336415661471     
   SIMPLE iter       54300  res_p=   6.9388939039072284E-017  u(1,1,1)=   1.9458836112745159       p(1,1,1)=   123.71302557616647     
 DEBUG T iter       54350 min   302.60306479277614      max   1280.4615383784439     
 DEBUG T iter       54400 min   302.60322758735697      max   1280.4893175331197     
   SIMPLE iter       54400  res_p=   6.9388939039072284E-017  u(1,1,1)=   1.9458836112745159       p(1,1,1)=   123.71302557616647     
 DEBUG T iter       54450 min   302.60338969533524      max   1280.5169795264039     
 DEBUG T iter       54500 min   302.60355111960683      max   1280.5445248524397     
   SIMPLE iter       54500  res_p=   6.9388939039072284E-017  u(1,1,1)=   1.9458836112745159       p(1,1,1)=   123.71302557616647     
 DEBUG T iter       54550 min   302.60371186305514      max   1280.5719540032821     
 DEBUG T iter       54600 min   302.60387192855177      max   1280.5992674689141     
   SIMPLE iter       54600  res_p=   6.9388939039072284E-017  u(1,1,1)=   1.9458836112745159       p(1,1,1)=   123.71302557616647     
 DEBUG T iter       54650 min   302.60403131895606      max   1280.6264657372496     
 DEBUG T iter       54700 min   302.60419003711530      max   1280.6535492941421     
   SIMPLE iter       54700  res_p=   6.9388939039072284E-017  u(1,1,1)=   1.9458836112745159       p(1,1,1)=   123.71302557616647     
 DEBUG T iter       54750 min   302.60434808586467      max   1280.6805186234028     
 DEBUG T iter       54800 min   302.60450546802753      max   1280.7073742067894     
   SIMPLE iter       54800  res_p=   6.9388939039072284E-017  u(1,1,1)=   1.9458836112745159       p(1,1,1)=   123.71302557616647     
 DEBUG T iter       54850 min   302.60466218641511      max   1280.7341165240452     
 DEBUG T iter       54900 min   302.60481824382720      max   1280.7607460528777     
   SIMPLE iter       54900  res_p=   6.9388939039072284E-017  u(1,1,1)=   1.9458836112745159       p(1,1,1)=   123.71302557616647     
 DEBUG T iter       54950 min   302.60497364305132      max   1280.7872632689855     
 DEBUG T iter       55000 min   302.60512838686361      max   1280.8136686460618     
   SIMPLE iter       55000  res_p=   6.9388939039072284E-017  u(1,1,1)=   1.9458836112745159       p(1,1,1)=   123.71302557616647     
 DEBUG T iter       55050 min   302.60528247802807      max   1280.8399626557907     
 DEBUG T iter       55100 min   302.60543591929786      max   1280.8661457678818     
   SIMPLE iter       55100  res_p=   6.9388939039072284E-017  u(1,1,1)=   1.9458836112745159       p(1,1,1)=   123.71302557616647     
 DEBUG T iter       55150 min   302.60558871341345      max   1280.8922184500530     
 DEBUG T iter       55200 min   302.60574086310442      max   1280.9181811680573     
   SIMPLE iter       55200  res_p=   6.9388939039072284E-017  u(1,1,1)=   1.9458836112745159       p(1,1,1)=   123.71302557616647     
 DEBUG T iter       55250 min   302.60589237108854      max   1280.9440343856752     
 DEBUG T iter       55300 min   302.60604324007278      max   1280.9697785647393     
   SIMPLE iter       55300  res_p=   6.9388939039072284E-017  u(1,1,1)=   1.9458836112745159       p(1,1,1)=   123.71302557616647     
 DEBUG T iter       55350 min   302.60619347275167      max   1280.9954141651349     
 DEBUG T iter       55400 min   302.60634307180919      max   1281.0209416447942     
   SIMPLE iter       55400  res_p=   6.9388939039072284E-017  u(1,1,1)=   1.9458836112745159       p(1,1,1)=   123.71302557616647     
 DEBUG T iter       55450 min   302.60649203991738      max   1281.0463614597345     
 DEBUG T iter       55500 min   302.60664037973771      max   1281.0716740640387     
   SIMPLE iter       55500  res_p=   6.9388939039072284E-017  u(1,1,1)=   1.9458836112745159       p(1,1,1)=   123.71302557616647     
 DEBUG T iter       55550 min   302.60678809391999      max   1281.0968799098789     
 DEBUG T iter       55600 min   302.60693518510260      max   1281.1219794475217     
   SIMPLE iter       55600  res_p=   6.9388939039072284E-017  u(1,1,1)=   1.9458836112745159       p(1,1,1)=   123.71302557616647     
 DEBUG T iter       55650 min   302.60708165591330      max   1281.1469731253326     
 DEBUG T iter       55700 min   302.60722750896878      max   1281.1718613897860     
   SIMPLE iter       55700  res_p=   6.9388939039072284E-017  u(1,1,1)=   1.9458836112745159       p(1,1,1)=   123.71302557616647     
 DEBUG T iter       55750 min   302.60737274687420      max   1281.1966446854690     
 DEBUG T iter       55800 min   302.60751737222415      max   1281.2213234551007     
   SIMPLE iter       55800  res_p=   6.9388939039072284E-017  u(1,1,1)=   1.9458836112745159       p(1,1,1)=   123.71302557616647     
 DEBUG T iter       55850 min   302.60766138760192      max   1281.2458981395325     
 DEBUG T iter       55900 min   302.60780479558042      max   1281.2703691777529     
   SIMPLE iter       55900  res_p=   6.9388939039072284E-017  u(1,1,1)=   1.9458836112745159       p(1,1,1)=   123.71302557616647     
 DEBUG T iter       55950 min   302.60794759872135      max   1281.2947370068982     
 DEBUG T iter       56000 min   302.60808979957557      max   1281.3190020622696     
   SIMPLE iter       56000  res_p=   6.9388939039072284E-017  u(1,1,1)=   1.9458836112745159       p(1,1,1)=   123.71302557616647     
 DEBUG T iter       56050 min   302.60823140068334      max   1281.3431647773148     
 DEBUG T iter       56100 min   302.60837240457414      max   1281.3672255836757     
   SIMPLE iter       56100  res_p=   6.9388939039072284E-017  u(1,1,1)=   1.9458836112745159       p(1,1,1)=   123.71302557616647     
 DEBUG T iter       56150 min   302.60851281376688      max   1281.3911849111557     
 DEBUG T iter       56200 min   302.60865263076960      max   1281.4150431877563     
   SIMPLE iter       56200  res_p=   6.9388939039072284E-017  u(1,1,1)=   1.9458836112745159       p(1,1,1)=   123.71302557616647     
 DEBUG T iter       56250 min   302.60879185808011      max   1281.4388008396663     
 DEBUG T iter       56300 min   302.60893049818532      max   1281.4624582912797     
   SIMPLE iter       56300  res_p=   6.9388939039072284E-017  u(1,1,1)=   1.9458836112745159       p(1,1,1)=   123.71302557616647     
 DEBUG T iter       56350 min   302.60906855356183      max   1281.4860159652017     
 DEBUG T iter       56400 min   302.60920602667591      max   1281.5094742822594     
   SIMPLE iter       56400  res_p=   6.9388939039072284E-017  u(1,1,1)=   1.9458836112745159       p(1,1,1)=   123.71302557616647     
 DEBUG T iter       56450 min   302.60934291998325      max   1281.5328336614996     
 DEBUG T iter       56500 min   302.60947923592931      max   1281.5560945201987     
   SIMPLE iter       56500  res_p=   6.9388939039072284E-017  u(1,1,1)=   1.9458836112745159       p(1,1,1)=   123.71302557616647     
 DEBUG T iter       56550 min   302.60961497694916      max   1281.5792572738785     
 DEBUG T iter       56600 min   302.60975014546739      max   1281.6023223363097     
   SIMPLE iter       56600  res_p=   6.9388939039072284E-017  u(1,1,1)=   1.9458836112745159       p(1,1,1)=   123.71302557616647     
 DEBUG T iter       56650 min   302.60988474389887      max   1281.6252901195080     
 DEBUG T iter       56700 min   302.61001877464798      max   1281.6481610337655     
   SIMPLE iter       56700  res_p=   6.9388939039072284E-017  u(1,1,1)=   1.9458836112745159       p(1,1,1)=   123.71302557616647     
 DEBUG T iter       56750 min   302.61015224010879      max   1281.6709354876357     
 DEBUG T iter       56800 min   302.61028514266565      max   1281.6936138879510     
   SIMPLE iter       56800  res_p=   6.9388939039072284E-017  u(1,1,1)=   1.9458836112745159       p(1,1,1)=   123.71302557616647     
 DEBUG T iter       56850 min   302.61041748469233      max   1281.7161966398282     
 DEBUG T iter       56900 min   302.61054926855337      max   1281.7386841466625     
   SIMPLE iter       56900  res_p=   6.9388939039072284E-017  u(1,1,1)=   1.9458836112745159       p(1,1,1)=   123.71302557616647     
 DEBUG T iter       56950 min   302.61068049660253      max   1281.7610768101688     
 DEBUG T iter       57000 min   302.61081117118425      max   1281.7833750303571     
   SIMPLE iter       57000  res_p=   6.9388939039072284E-017  u(1,1,1)=   1.9458836112745159       p(1,1,1)=   123.71302557616647     
 DEBUG T iter       57050 min   302.61094129463277      max   1281.8055792055518     
 DEBUG T iter       57100 min   302.61107086927240      max   1281.8276897323938     
   SIMPLE iter       57100  res_p=   6.9388939039072284E-017  u(1,1,1)=   1.9458836112745159       p(1,1,1)=   123.71302557616647     
 DEBUG T iter       57150 min   302.61119989741803      max   1281.8497070058586     
 DEBUG T iter       57200 min   302.61132838137434      max   1281.8716314192507     
   SIMPLE iter       57200  res_p=   6.9388939039072284E-017  u(1,1,1)=   1.9458836112745159       p(1,1,1)=   123.71302557616647     
 DEBUG T iter       57250 min   302.61145632343676      max   1281.8934633642186     
 DEBUG T iter       57300 min   302.61158372589045      max   1281.9152032307518     
   SIMPLE iter       57300  res_p=   6.9388939039072284E-017  u(1,1,1)=   1.9458836112745159       p(1,1,1)=   123.71302557616647     
 DEBUG T iter       57350 min   302.61171059101150      max   1281.9368514072064     
 DEBUG T iter       57400 min   302.61183692106613      max   1281.9584082802926     
   SIMPLE iter       57400  res_p=   6.9388939039072284E-017  u(1,1,1)=   1.9458836112745159       p(1,1,1)=   123.71302557616647     
 DEBUG T iter       57450 min   302.61196271831102      max   1281.9798742350897     
 DEBUG T iter       57500 min   302.61208798499325      max   1282.0012496550603     
   SIMPLE iter       57500  res_p=   6.9388939039072284E-017  u(1,1,1)=   1.9458836112745159       p(1,1,1)=   123.71302557616647     
 DEBUG T iter       57550 min   302.61221272335069      max   1282.0225349220391     
 DEBUG T iter       57600 min   302.61233693561155      max   1282.0437304162538     
   SIMPLE iter       57600  res_p=   6.9388939039072284E-017  u(1,1,1)=   1.9458836112745159       p(1,1,1)=   123.71302557616647     
 DEBUG T iter       57650 min   302.61246062399454      max   1282.0648365163368     
 DEBUG T iter       57700 min   302.61258379070938      max   1282.0858535993091     
   SIMPLE iter       57700  res_p=   6.9388939039072284E-017  u(1,1,1)=   1.9458836112745159       p(1,1,1)=   123.71302557616647     
 DEBUG T iter       57750 min   302.61270643795621      max   1282.1067820406151     
 DEBUG T iter       57800 min   302.61282856792587      max   1282.1276222141100     
   SIMPLE iter       57800  res_p=   6.9388939039072284E-017  u(1,1,1)=   1.9458836112745159       p(1,1,1)=   123.71302557616647     
 DEBUG T iter       57850 min   302.61295018280009      max   1282.1483744920674     
 DEBUG T iter       57900 min   302.61307128475119      max   1282.1690392451969     
   SIMPLE iter       57900  res_p=   6.9388939039072284E-017  u(1,1,1)=   1.9458836112745159       p(1,1,1)=   123.71302557616647     
 DEBUG T iter       57950 min   302.61319187594273      max   1282.1896168426463     
 DEBUG T iter       58000 min   302.61331195852870      max   1282.2101076519998     
   SIMPLE iter       58000  res_p=   6.9388939039072284E-017  u(1,1,1)=   1.9458836112745159       p(1,1,1)=   123.71302557616647     
 DEBUG T iter       58050 min   302.61343153465424      max   1282.2305120392998     
 DEBUG T iter       58100 min   302.61355060645536      max   1282.2508303690372     
   SIMPLE iter       58100  res_p=   6.9388939039072284E-017  u(1,1,1)=   1.9458836112745159       p(1,1,1)=   123.71302557616647     
 DEBUG T iter       58150 min   302.61366917605920      max   1282.2710630041674     
 DEBUG T iter       58200 min   302.61378724558375      max   1282.2912103061201     
   SIMPLE iter       58200  res_p=   6.9388939039072284E-017  u(1,1,1)=   1.9458836112745159       p(1,1,1)=   123.71302557616647     
 DEBUG T iter       58250 min   302.61390481713823      max   1282.3112726347961     
 DEBUG T iter       58300 min   302.61402189282279      max   1282.3312503485720     
   SIMPLE iter       58300  res_p=   6.9388939039072284E-017  u(1,1,1)=   1.9458836112745159       p(1,1,1)=   123.71302557616647     
 DEBUG T iter       58350 min   302.61413847472875      max   1282.3511438043220     
 DEBUG T iter       58400 min   302.61425456493896      max   1282.3709533574181     
   SIMPLE iter       58400  res_p=   6.9388939039072284E-017  u(1,1,1)=   1.9458836112745159       p(1,1,1)=   123.71302557616647     
 DEBUG T iter       58450 min   302.61437016552679      max   1282.3906793617239     
 DEBUG T iter       58500 min   302.61448527855759      max   1282.4103221696191     
   SIMPLE iter       58500  res_p=   6.9388939039072284E-017  u(1,1,1)=   1.9458836112745159       p(1,1,1)=   123.71302557616647     
 DEBUG T iter       58550 min   302.61459990608751      max   1282.4298821319885     
 DEBUG T iter       58600 min   302.61471405016431      max   1282.4493595982442     
   SIMPLE iter       58600  res_p=   6.9388939039072284E-017  u(1,1,1)=   1.9458836112745159       p(1,1,1)=   123.71302557616647     
 DEBUG T iter       58650 min   302.61482771282692      max   1282.4687549163207     
 DEBUG T iter       58700 min   302.61494089610585      max   1282.4880684326822     
   SIMPLE iter       58700  res_p=   6.9388939039072284E-017  u(1,1,1)=   1.9458836112745159       p(1,1,1)=   123.71302557616647     
 DEBUG T iter       58750 min   302.61505360202284      max   1282.5073004923413     
 DEBUG T iter       58800 min   302.61516583259117      max   1282.5264514388473     
   SIMPLE iter       58800  res_p=   6.9388939039072284E-017  u(1,1,1)=   1.9458836112745159       p(1,1,1)=   123.71302557616647     
 DEBUG T iter       58850 min   302.61527758981578      max   1282.5455216143039     
 DEBUG T iter       58900 min   302.61538887569304      max   1282.5645113593689     
   SIMPLE iter       58900  res_p=   6.9388939039072284E-017  u(1,1,1)=   1.9458836112745159       p(1,1,1)=   123.71302557616647     
 DEBUG T iter       58950 min   302.61549969221096      max   1282.5834210132705     
 DEBUG T iter       59000 min   302.61561004134904      max   1282.6022509138022     
   SIMPLE iter       59000  res_p=   6.9388939039072284E-017  u(1,1,1)=   1.9458836112745159       p(1,1,1)=   123.71302557616647     
 DEBUG T iter       59050 min   302.61571992507834      max   1282.6210013973212     
 DEBUG T iter       59100 min   302.61582934536204      max   1282.6396727987874     
   SIMPLE iter       59100  res_p=   6.9388939039072284E-017  u(1,1,1)=   1.9458836112745159       p(1,1,1)=   123.71302557616647     
 DEBUG T iter       59150 min   302.61593830415467      max   1282.6582654517370     
 DEBUG T iter       59200 min   302.61604680340253      max   1282.6767796882943     
   SIMPLE iter       59200  res_p=   6.9388939039072284E-017  u(1,1,1)=   1.9458836112745159       p(1,1,1)=   123.71302557616647     
 DEBUG T iter       59250 min   302.61615484504387      max   1282.6952158391910     
 DEBUG T iter       59300 min   302.61626243100875      max   1282.7135742337566     
   SIMPLE iter       59300  res_p=   6.9388939039072284E-017  u(1,1,1)=   1.9458836112745159       p(1,1,1)=   123.71302557616647     
 DEBUG T iter       59350 min   302.61636956321888      max   1282.7318551999490     
 DEBUG T iter       59400 min   302.61647624358812      max   1282.7500590643190     
   SIMPLE iter       59400  res_p=   6.9388939039072284E-017  u(1,1,1)=   1.9458836112745159       p(1,1,1)=   123.71302557616647     
 DEBUG T iter       59450 min   302.61658247402221      max   1282.7681861520527     
 DEBUG T iter       59500 min   302.61668825641868      max   1282.7862367869632     
   SIMPLE iter       59500  res_p=   6.9388939039072284E-017  u(1,1,1)=   1.9458836112745159       p(1,1,1)=   123.71302557616647     
 DEBUG T iter       59550 min   302.61679359266731      max   1282.8042112915027     
 DEBUG T iter       59600 min   302.61689848464960      max   1282.8221099867519     
   SIMPLE iter       59600  res_p=   6.9388939039072284E-017  u(1,1,1)=   1.9458836112745159       p(1,1,1)=   123.71302557616647     
 DEBUG T iter       59650 min   302.61700293423939      max   1282.8399331924506     
 DEBUG T iter       59700 min   302.61710694330236      max   1282.8576812269782     
   SIMPLE iter       59700  res_p=   6.9388939039072284E-017  u(1,1,1)=   1.9458836112745159       p(1,1,1)=   123.71302557616647     
 DEBUG T iter       59750 min   302.61721051369682      max   1282.8753544073822     
 DEBUG T iter       59800 min   302.61731364727262      max   1282.8929530493619     
   SIMPLE iter       59800  res_p=   6.9388939039072284E-017  u(1,1,1)=   1.9458836112745159       p(1,1,1)=   123.71302557616647     
 DEBUG T iter       59850 min   302.61741634587213      max   1282.9104774672949     
 DEBUG T iter       59900 min   302.61751861132984      max   1282.9279279742284     
   SIMPLE iter       59900  res_p=   6.9388939039072284E-017  u(1,1,1)=   1.9458836112745159       p(1,1,1)=   123.71302557616647     
 DEBUG T iter       59950 min   302.61762044547282      max   1282.9453048818841     
 DEBUG T iter       60000 min   302.61772185011995      max   1282.9626085006796     
   SIMPLE iter       60000  res_p=   6.9388939039072284E-017  u(1,1,1)=   1.9458836112745159       p(1,1,1)=   123.71302557616647     
 DEBUG T iter       60050 min   302.61782282708288      max   1282.9798391397226     
 DEBUG T iter       60100 min   302.61792337816519      max   1282.9969971068035     
   SIMPLE iter       60100  res_p=   6.9388939039072284E-017  u(1,1,1)=   1.9458836112745159       p(1,1,1)=   123.71302557616647     
 DEBUG T iter       60150 min   302.61802350516314      max   1283.0140827084285     
 DEBUG T iter       60200 min   302.61812320986530      max   1283.0310962498033     
   SIMPLE iter       60200  res_p=   6.9388939039072284E-017  u(1,1,1)=   1.9458836112745159       p(1,1,1)=   123.71302557616647     
 DEBUG T iter       60250 min   302.61822249405299      max   1283.0480380348477     
 DEBUG T iter       60300 min   302.61832135949948      max   1283.0649083662031     
   SIMPLE iter       60300  res_p=   6.9388939039072284E-017  u(1,1,1)=   1.9458836112745159       p(1,1,1)=   123.71302557616647     
 DEBUG T iter       60350 min   302.61841980797101      max   1283.0817075452376     
 DEBUG T iter       60400 min   302.61851784122626      max   1283.0984358720393     
   SIMPLE iter       60400  res_p=   6.9388939039072284E-017  u(1,1,1)=   1.9458836112745159       p(1,1,1)=   123.71302557616647     
 DEBUG T iter       60450 min   302.61861546101619      max   1283.1150936454333     
 DEBUG T iter       60500 min   302.61871266908497      max   1283.1316811629908     
   SIMPLE iter       60500  res_p=   6.9388939039072284E-017  u(1,1,1)=   1.9458836112745159       p(1,1,1)=   123.71302557616647     
 DEBUG T iter       60550 min   302.61880946716883      max   1283.1481987210170     
 DEBUG T iter       60600 min   302.61890585699700      max   1283.1646466145762     
   SIMPLE iter       60600  res_p=   6.9388939039072284E-017  u(1,1,1)=   1.9458836112745159       p(1,1,1)=   123.71302557616647     
 DEBUG T iter       60650 min   302.61900184029139      max   1283.1810251374807     
 DEBUG T iter       60700 min   302.61909741876650      max   1283.1973345823174     
   SIMPLE iter       60700  res_p=   6.9388939039072284E-017  u(1,1,1)=   1.9458836112745159       p(1,1,1)=   123.71302557616647     
 DEBUG T iter       60750 min   302.61919259412974      max   1283.2135752404226     
 DEBUG T iter       60800 min   302.61928736808142      max   1283.2297474019115     
   SIMPLE iter       60800  res_p=   6.9388939039072284E-017  u(1,1,1)=   1.9458836112745159       p(1,1,1)=   123.71302557616647     
 DEBUG T iter       60850 min   302.61938174231426      max   1283.2458513556819     
 DEBUG T iter       60900 min   302.61947571851425      max   1283.2618873893955     
   SIMPLE iter       60900  res_p=   6.9388939039072284E-017  u(1,1,1)=   1.9458836112745159       p(1,1,1)=   123.71302557616647     
 DEBUG T iter       60950 min   302.61956929836020      max   1283.2778557895188     
 DEBUG T iter       61000 min   302.61966248352371      max   1283.2937568413054     
   SIMPLE iter       61000  res_p=   6.9388939039072284E-017  u(1,1,1)=   1.9458836112745159       p(1,1,1)=   123.71302557616647     
 DEBUG T iter       61050 min   302.61975527566932      max   1283.3095908288067     
 DEBUG T iter       61100 min   302.61984767645470      max   1283.3253580348635     
   SIMPLE iter       61100  res_p=   6.9388939039072284E-017  u(1,1,1)=   1.9458836112745159       p(1,1,1)=   123.71302557616647     
 DEBUG T iter       61150 min   302.61993968753052      max   1283.3410587411372     
 DEBUG T iter       61200 min   302.62003131054030      max   1283.3566932281026     
   SIMPLE iter       61200  res_p=   6.9388939039072284E-017  u(1,1,1)=   1.9458836112745159       p(1,1,1)=   123.71302557616647     
 DEBUG T iter       61250 min   302.62012254712067      max   1283.3722617750343     
 DEBUG T iter       61300 min   302.62021339890174      max   1283.3877646600542     
   SIMPLE iter       61300  res_p=   6.9388939039072284E-017  u(1,1,1)=   1.9458836112745159       p(1,1,1)=   123.71302557616647     
 DEBUG T iter       61350 min   302.62030386750621      max   1283.4032021600915     
 DEBUG T iter       61400 min   302.62039395455020      max   1283.4185745509126     
   SIMPLE iter       61400  res_p=   6.9388939039072284E-017  u(1,1,1)=   1.9458836112745159       p(1,1,1)=   123.71302557616647     
 DEBUG T iter       61450 min   302.62048366164299      max   1283.4338821071287     
 DEBUG T iter       61500 min   302.62057299038702      max   1283.4491251021802     
   SIMPLE iter       61500  res_p=   6.9388939039072284E-017  u(1,1,1)=   1.9458836112745159       p(1,1,1)=   123.71302557616647     
 DEBUG T iter       61550 min   302.62066194237809      max   1283.4643038083670     
 DEBUG T iter       61600 min   302.62075051920516      max   1283.4794184968193     
   SIMPLE iter       61600  res_p=   6.9388939039072284E-017  u(1,1,1)=   1.9458836112745159       p(1,1,1)=   123.71302557616647     
 DEBUG T iter       61650 min   302.62083872245057      max   1283.4944694375508     
 DEBUG T iter       61700 min   302.62092655368980      max   1283.5094568994202     
   SIMPLE iter       61700  res_p=   6.9388939039072284E-017  u(1,1,1)=   1.9458836112745159       p(1,1,1)=   123.71302557616647     
 DEBUG T iter       61750 min   302.62101401449206      max   1283.5243811501596     
 DEBUG T iter       61800 min   302.62110110641942      max   1283.5392424563677     
   SIMPLE iter       61800  res_p=   6.9388939039072284E-017  u(1,1,1)=   1.9458836112745159       p(1,1,1)=   123.71302557616647     
 DEBUG T iter       61850 min   302.62118783102790      max   1283.5540410835158     
 DEBUG T iter       61900 min   302.62127418986654      max   1283.5687772959595     
   SIMPLE iter       61900  res_p=   6.9388939039072284E-017  u(1,1,1)=   1.9458836112745159       p(1,1,1)=   123.71302557616647     
 DEBUG T iter       61950 min   302.62136018447802      max   1283.5834513569419     
 DEBUG T iter       62000 min   302.62144581639859      max   1283.5980635285914     
   SIMPLE iter       62000  res_p=   6.9388939039072284E-017  u(1,1,1)=   1.9458836112745159       p(1,1,1)=   123.71302557616647     
 DEBUG T iter       62050 min   302.62153108715790      max   1283.6126140719311     
 DEBUG T iter       62100 min   302.62161599827920      max   1283.6271032468833     
   SIMPLE iter       62100  res_p=   6.9388939039072284E-017  u(1,1,1)=   1.9458836112745159       p(1,1,1)=   123.71302557616647     
 DEBUG T iter       62150 min   302.62170055127928      max   1283.6415313122855     
 DEBUG T iter       62200 min   302.62178474766858      max   1283.6558985258598     
   SIMPLE iter       62200  res_p=   6.9388939039072284E-017  u(1,1,1)=   1.9458836112745159       p(1,1,1)=   123.71302557616647     
 DEBUG T iter       62250 min   302.62186858895109      max   1283.6702051442646     
 DEBUG T iter       62300 min   302.62195207662444      max   1283.6844514230584     
   SIMPLE iter       62300  res_p=   6.9388939039072284E-017  u(1,1,1)=   1.9458836112745159       p(1,1,1)=   123.71302557616647     
 DEBUG T iter       62350 min   302.62203521218015      max   1283.6986376167338     
 DEBUG T iter       62400 min   302.62211799710332      max   1283.7127639787084     
   SIMPLE iter       62400  res_p=   6.9388939039072284E-017  u(1,1,1)=   1.9458836112745159       p(1,1,1)=   123.71302557616647     
 DEBUG T iter       62450 min   302.62220043287272      max   1283.7268307613215     
 DEBUG T iter       62500 min   302.62228252096088      max   1283.7408382158676     
   SIMPLE iter       62500  res_p=   6.9388939039072284E-017  u(1,1,1)=   1.9458836112745159       p(1,1,1)=   123.71302557616647     
 DEBUG T iter       62550 min   302.62236426283425      max   1283.7547865925558     
 DEBUG T iter       62600 min   302.62244565995297      max   1283.7686761405589     
   SIMPLE iter       62600  res_p=   6.9388939039072284E-017  u(1,1,1)=   1.9458836112745159       p(1,1,1)=   123.71302557616647     
 DEBUG T iter       62650 min   302.62252671377132      max   1283.7825071079924     
 DEBUG T iter       62700 min   302.62260742573693      max   1283.7962797419216     
   SIMPLE iter       62700  res_p=   6.9388939039072284E-017  u(1,1,1)=   1.9458836112745159       p(1,1,1)=   123.71302557616647     
 DEBUG T iter       62750 min   302.62268779729163      max   1283.8099942883809     
 DEBUG T iter       62800 min   302.62276782987112      max   1283.8236509923554     
   SIMPLE iter       62800  res_p=   6.9388939039072284E-017  u(1,1,1)=   1.9458836112745159       p(1,1,1)=   123.71302557616647     
 DEBUG T iter       62850 min   302.62284752490530      max   1283.8372500978060     
 DEBUG T iter       62900 min   302.62292688381751      max   1283.8507918476535     
   SIMPLE iter       62900  res_p=   6.9388939039072284E-017  u(1,1,1)=   1.9458836112745159       p(1,1,1)=   123.71302557616647     
 DEBUG T iter       62950 min   302.62300590802556      max   1283.8642764838053     
 DEBUG T iter       63000 min   302.62308459894103      max   1283.8777042471434     
   SIMPLE iter       63000  res_p=   6.9388939039072284E-017  u(1,1,1)=   1.9458836112745159       p(1,1,1)=   123.71302557616647     
 DEBUG T iter       63050 min   302.62316295796961      max   1283.8910753775353     
 DEBUG T iter       63100 min   302.62324098651106      max   1283.9043901138393     
   SIMPLE iter       63100  res_p=   6.9388939039072284E-017  u(1,1,1)=   1.9458836112745159       p(1,1,1)=   123.71302557616647     
 DEBUG T iter       63150 min   302.62331868595930      max   1283.9176486938977     
 DEBUG T iter       63200 min   302.62339605770234      max   1283.9308513545536     
   SIMPLE iter       63200  res_p=   6.9388939039072284E-017  u(1,1,1)=   1.9458836112745159       p(1,1,1)=   123.71302557616647     
 DEBUG T iter       63250 min   302.62347310312208      max   1283.9439983316590     
 DEBUG T iter       63300 min   302.62354982359506      max   1283.9570898600625     
   SIMPLE iter       63300  res_p=   6.9388939039072284E-017  u(1,1,1)=   1.9458836112745159       p(1,1,1)=   123.71302557616647     
 DEBUG T iter       63350 min   302.62362622049181      max   1283.9701261736225     
 DEBUG T iter       63400 min   302.62370229517683      max   1283.9831075052120     
   SIMPLE iter       63400  res_p=   6.9388939039072284E-017  u(1,1,1)=   1.9458836112745159       p(1,1,1)=   123.71302557616647     
 DEBUG T iter       63450 min   302.62377804900922      max   1283.9960340867258     
 DEBUG T iter       63500 min   302.62385348334220      max   1284.0089061490817     
   SIMPLE iter       63500  res_p=   6.9388939039072284E-017  u(1,1,1)=   1.9458836112745159       p(1,1,1)=   123.71302557616647     
 DEBUG T iter       63550 min   302.62392859952325      max   1284.0217239222127     
 DEBUG T iter       63600 min   302.62400339889416      max   1284.0344876350923     
   SIMPLE iter       63600  res_p=   6.9388939039072284E-017  u(1,1,1)=   1.9458836112745159       p(1,1,1)=   123.71302557616647     
 DEBUG T iter       63650 min   302.62407788279125      max   1284.0471975157241     
 DEBUG T iter       63700 min   302.62415205254496      max   1284.0598537911546     
   SIMPLE iter       63700  res_p=   6.9388939039072284E-017  u(1,1,1)=   1.9458836112745159       p(1,1,1)=   123.71302557616647     
 DEBUG T iter       63750 min   302.62422590948029      max   1284.0724566874658     
 DEBUG T iter       63800 min   302.62429945491652      max   1284.0850064297817     
   SIMPLE iter       63800  res_p=   6.9388939039072284E-017  u(1,1,1)=   1.9458836112745159       p(1,1,1)=   123.71302557616647     
 DEBUG T iter       63850 min   302.62437269016743      max   1284.0975032423005     
 DEBUG T iter       63900 min   302.62444561654138      max   1284.1099473482495     
   SIMPLE iter       63900  res_p=   6.9388939039072284E-017  u(1,1,1)=   1.9458836112745159       p(1,1,1)=   123.71302557616647     
 DEBUG T iter       63950 min   302.62451823534093      max   1284.1223389699323     
 DEBUG T iter       64000 min   302.62459054786325      max   1284.1346783286965     
   SIMPLE iter       64000  res_p=   6.9388939039072284E-017  u(1,1,1)=   1.9458836112745159       p(1,1,1)=   123.71302557616647     
 DEBUG T iter       64050 min   302.62466255540033      max   1284.1469656449731     
 DEBUG T iter       64100 min   302.62473425923838      max   1284.1592011382527     
   SIMPLE iter       64100  res_p=   6.9388939039072284E-017  u(1,1,1)=   1.9458836112745159       p(1,1,1)=   123.71302557616647     
 DEBUG T iter       64150 min   302.62480566065824      max   1284.1713850271058     
 DEBUG T iter       64200 min   302.62487676093536      max   1284.1835175291756     
   SIMPLE iter       64200  res_p=   6.9388939039072284E-017  u(1,1,1)=   1.9458836112745159       p(1,1,1)=   123.71302557616647     
 DEBUG T iter       64250 min   302.62494756133981      max   1284.1955988611960     
 DEBUG T iter       64300 min   302.62501806313662      max   1284.2076292389759     
   SIMPLE iter       64300  res_p=   6.9388939039072284E-017  u(1,1,1)=   1.9458836112745159       p(1,1,1)=   123.71302557616647     
 DEBUG T iter       64350 min   302.62508826758489      max   1284.2196088774228     
 DEBUG T iter       64400 min   302.62515817593874      max   1284.2315379905392     
   SIMPLE iter       64400  res_p=   6.9388939039072284E-017  u(1,1,1)=   1.9458836112745159       p(1,1,1)=   123.71302557616647     
 DEBUG T iter       64450 min   302.62522778944708      max   1284.2434167914155     
 DEBUG T iter       64500 min   302.62529710935360      max   1284.2552454922504     
   SIMPLE iter       64500  res_p=   6.9388939039072284E-017  u(1,1,1)=   1.9458836112745159       p(1,1,1)=   123.71302557616647     
 DEBUG T iter       64550 min   302.62536613689616      max   1284.2670243043494     
 DEBUG T iter       64600 min   302.62543487330834      max   1284.2787534381196     
   SIMPLE iter       64600  res_p=   6.9388939039072284E-017  u(1,1,1)=   1.9458836112745159       p(1,1,1)=   123.71302557616647     
 DEBUG T iter       64650 min   302.62550331981754      max   1284.2904331030786     
 DEBUG T iter       64700 min   302.62557147764682      max   1284.3020635078747     
   SIMPLE iter       64700  res_p=   6.9388939039072284E-017  u(1,1,1)=   1.9458836112745159       p(1,1,1)=   123.71302557616647     
 DEBUG T iter       64750 min   302.62563934801341      max   1284.3136448602627     
 DEBUG T iter       64800 min   302.62570693213013      max   1284.3251773671334     
   SIMPLE iter       64800  res_p=   6.9388939039072284E-017  u(1,1,1)=   1.9458836112745159       p(1,1,1)=   123.71302557616647     
 DEBUG T iter       64850 min   302.62577423120388      max   1284.3366612344912     
 DEBUG T iter       64900 min   302.62584124643695      max   1284.3480966674779     
   SIMPLE iter       64900  res_p=   6.9388939039072284E-017  u(1,1,1)=   1.9458836112745159       p(1,1,1)=   123.71302557616647     
 DEBUG T iter       64950 min   302.62590797902664      max   1284.3594838703737     
 DEBUG T iter       65000 min   302.62597443016472      max   1284.3708230465904     
   SIMPLE iter       65000  res_p=   6.9388939039072284E-017  u(1,1,1)=   1.9458836112745159       p(1,1,1)=   123.71302557616647     
 DEBUG T iter       65050 min   302.62604060103865      max   1284.3821143986956     
 DEBUG T iter       65100 min   302.62610649283010      max   1284.3933581283777     
   SIMPLE iter       65100  res_p=   6.9388939039072284E-017  u(1,1,1)=   1.9458836112745159       p(1,1,1)=   123.71302557616647     
 DEBUG T iter       65150 min   302.62617210671635      max   1284.4045544364976     
 DEBUG T iter       65200 min   302.62623744386934      max   1284.4157035230576     
   SIMPLE iter       65200  res_p=   6.9388939039072284E-017  u(1,1,1)=   1.9458836112745159       p(1,1,1)=   123.71302557616647     
 DEBUG T iter       65250 min   302.62630250545629      max   1284.4268055872219     
 DEBUG T iter       65300 min   302.62636729263949      max   1284.4378608273080     
   SIMPLE iter       65300  res_p=   6.9388939039072284E-017  u(1,1,1)=   1.9458836112745159       p(1,1,1)=   123.71302557616647     
 DEBUG T iter       65350 min   302.62643180657619      max   1284.4488694408060     
 DEBUG T iter       65400 min   302.62649604841880      max   1284.4598316243607     
   SIMPLE iter       65400  res_p=   6.9388939039072284E-017  u(1,1,1)=   1.9458836112745159       p(1,1,1)=   123.71302557616647     
 DEBUG T iter       65450 min   302.62656001931509      max   1284.4707475738051     
 DEBUG T iter       65500 min   302.62662372040751      max   1284.4816174841292     
   SIMPLE iter       65500  res_p=   6.9388939039072284E-017  u(1,1,1)=   1.9458836112745159       p(1,1,1)=   123.71302557616647     
 DEBUG T iter       65550 min   302.62668715283422      max   1284.4924415495091     
 DEBUG T iter       65600 min   302.62675031772829      max   1284.5032199633019     
   SIMPLE iter       65600  res_p=   6.9388939039072284E-017  u(1,1,1)=   1.9458836112745159       p(1,1,1)=   123.71302557616647     
 DEBUG T iter       65650 min   302.62681321621795      max   1284.5139529180444     
 DEBUG T iter       65700 min   302.62687584942699      max   1284.5246406054700     
   SIMPLE iter       65700  res_p=   6.9388939039072284E-017  u(1,1,1)=   1.9458836112745159       p(1,1,1)=   123.71302557616647     
 DEBUG T iter       65750 min   302.62693821847409      max   1284.5352832164951     
 DEBUG T iter       65800 min   302.62700032447344      max   1284.5458809412335     
   SIMPLE iter       65800  res_p=   6.9388939039072284E-017  u(1,1,1)=   1.9458836112745159       p(1,1,1)=   123.71302557616647     
 DEBUG T iter       65850 min   302.62706216853456      max   1284.5564339689995     
 DEBUG T iter       65900 min   302.62712375176204      max   1284.5669424883081     
   SIMPLE iter       65900  res_p=   6.9388939039072284E-017  u(1,1,1)=   1.9458836112745159       p(1,1,1)=   123.71302557616647     
 DEBUG T iter       65950 min   302.62718507525608      max   1284.5774066868694     
 DEBUG T iter       66000 min   302.62724614011199      max   1284.5878267516182     
   SIMPLE iter       66000  res_p=   6.9388939039072284E-017  u(1,1,1)=   1.9458836112745159       p(1,1,1)=   123.71302557616647     
 DEBUG T iter       66050 min   302.62730694742078      max   1284.5982028686942     
 DEBUG T iter       66100 min   302.62736749826860      max   1284.6085352234495     
   SIMPLE iter       66100  res_p=   6.9388939039072284E-017  u(1,1,1)=   1.9458836112745159       p(1,1,1)=   123.71302557616647     
 DEBUG T iter       66150 min   302.62742779373718      max   1284.6188240004569     
 DEBUG T iter       66200 min   302.62748783490338      max   1284.6290693835103     
   SIMPLE iter       66200  res_p=   6.9388939039072284E-017  u(1,1,1)=   1.9458836112745159       p(1,1,1)=   123.71302557616647     
 DEBUG T iter       66250 min   302.62754762284010      max   1284.6392715556226     
 DEBUG T iter       66300 min   302.62760715861521      max   1284.6494306990451     
   SIMPLE iter       66300  res_p=   6.9388939039072284E-017  u(1,1,1)=   1.9458836112745159       p(1,1,1)=   123.71302557616647     
 DEBUG T iter       66350 min   302.62766644329190      max   1284.6595469952533     
 DEBUG T iter       66400 min   302.62772547792963      max   1284.6696206249662     
   SIMPLE iter       66400  res_p=   6.9388939039072284E-017  u(1,1,1)=   1.9458836112745159       p(1,1,1)=   123.71302557616647     
 DEBUG T iter       66450 min   302.62778426358284      max   1284.6796517681307     
 DEBUG T iter       66500 min   302.62784280130160      max   1284.6896406039343     
   SIMPLE iter       66500  res_p=   6.9388939039072284E-017  u(1,1,1)=   1.9458836112745159       p(1,1,1)=   123.71302557616647     
 DEBUG T iter       66550 min   302.62790109213171      max   1284.6995873108172     
 DEBUG T iter       66600 min   302.62795913711415      max   1284.7094920664604     
   SIMPLE iter       66600  res_p=   6.9388939039072284E-017  u(1,1,1)=   1.9458836112745159       p(1,1,1)=   123.71302557616647     
 DEBUG T iter       66650 min   302.62801693728613      max   1284.7193550477937     
 DEBUG T iter       66700 min   302.62807449368006      max   1284.7291764310119     
   SIMPLE iter       66700  res_p=   6.9388939039072284E-017  u(1,1,1)=   1.9458836112745159       p(1,1,1)=   123.71302557616647     
 DEBUG T iter       66750 min   302.62813180732422      max   1284.7389563915517     
 DEBUG T iter       66800 min   302.62818887924215      max   1284.7486951041235     
   SIMPLE iter       66800  res_p=   6.9388939039072284E-017  u(1,1,1)=   1.9458836112745159       p(1,1,1)=   123.71302557616647     
 DEBUG T iter       66850 min   302.62824571045354      max   1284.7583927426917     
 DEBUG T iter       66900 min   302.62830230197358      max   1284.7680494804913     
   SIMPLE iter       66900  res_p=   6.9388939039072284E-017  u(1,1,1)=   1.9458836112745159       p(1,1,1)=   123.71302557616647     
 DEBUG T iter       66950 min   302.62835865481327      max   1284.7776654900272     
 DEBUG T iter       67000 min   302.62841476997897      max   1284.7872409430697     
   SIMPLE iter       67000  res_p=   6.9388939039072284E-017  u(1,1,1)=   1.9458836112745159       p(1,1,1)=   123.71302557616647     
 DEBUG T iter       67050 min   302.62847064847335      max   1284.7967760106762     
 DEBUG T iter       67100 min   302.62852629129469      max   1284.8062708631712     
   SIMPLE iter       67100  res_p=   6.9388939039072284E-017  u(1,1,1)=   1.9458836112745159       p(1,1,1)=   123.71302557616647     
 DEBUG T iter       67150 min   302.62858169943667      max   1284.8157256701659     
 DEBUG T iter       67200 min   302.62863687388926      max   1284.8251406005568     
   SIMPLE iter       67200  res_p=   6.9388939039072284E-017  u(1,1,1)=   1.9458836112745159       p(1,1,1)=   123.71302557616647     
 DEBUG T iter       67250 min   302.62869181563804      max   1284.8345158225293     
 DEBUG T iter       67300 min   302.62874652566438      max   1284.8438515035564     
   SIMPLE iter       67300  res_p=   6.9388939039072284E-017  u(1,1,1)=   1.9458836112745159       p(1,1,1)=   123.71302557616647     
 DEBUG T iter       67350 min   302.62880100494579      max   1284.8531478104130     
 DEBUG T iter       67400 min   302.62885525445517      max   1284.8624049091550     
   SIMPLE iter       67400  res_p=   6.9388939039072284E-017  u(1,1,1)=   1.9458836112745159       p(1,1,1)=   123.71302557616647     
 DEBUG T iter       67450 min   302.62890927516202      max   1284.8716229651473     
 DEBUG T iter       67500 min   302.62896306803083      max   1284.8808021430602     
   SIMPLE iter       67500  res_p=   6.9388939039072284E-017  u(1,1,1)=   1.9458836112745159       p(1,1,1)=   123.71302557616647     
 DEBUG T iter       67550 min   302.62901663402283      max   1284.8899426068624     
 DEBUG T iter       67600 min   302.62906997409499      max   1284.8990445198360     
   SIMPLE iter       67600  res_p=   6.9388939039072284E-017  u(1,1,1)=   1.9458836112745159       p(1,1,1)=   123.71302557616647     
 DEBUG T iter       67650 min   302.62912308919994      max   1284.9081080445740     
 DEBUG T iter       67700 min   302.62917598028662      max   1284.9171333429820     
   SIMPLE iter       67700  res_p=   6.9388939039072284E-017  u(1,1,1)=   1.9458836112745159       p(1,1,1)=   123.71302557616647     
 DEBUG T iter       67750 min   302.62922864829966      max   1284.9261205762796     
 DEBUG T iter       67800 min   302.62928109418021      max   1284.9350699050231     
   SIMPLE iter       67800  res_p=   6.9388939039072284E-017  u(1,1,1)=   1.9458836112745159       p(1,1,1)=   123.71302557616647     
 DEBUG T iter       67850 min   302.62933331886489      max   1284.9439814890652     
 DEBUG T iter       67900 min   302.62938532328661      max   1284.9528554876028     
   SIMPLE iter       67900  res_p=   6.9388939039072284E-017  u(1,1,1)=   1.9458836112745159       p(1,1,1)=   123.71302557616647     
 DEBUG T iter       67950 min   302.62943710837459      max   1284.9616920591532     
 DEBUG T iter       68000 min   302.62948867505361      max   1284.9704913615735     
   SIMPLE iter       68000  res_p=   6.9388939039072284E-017  u(1,1,1)=   1.9458836112745159       p(1,1,1)=   123.71302557616647     
 DEBUG T iter       68050 min   302.62954002424510      max   1284.9792535520460     
 DEBUG T iter       68100 min   302.62959115686607      max   1284.9879787870987     
   SIMPLE iter       68100  res_p=   6.9388939039072284E-017  u(1,1,1)=   1.9458836112745159       p(1,1,1)=   123.71302557616647     
 DEBUG T iter       68150 min   302.62964207383010      max   1284.9966672225928     
 DEBUG T iter       68200 min   302.62969277604674      max   1285.0053190137323     
   SIMPLE iter       68200  res_p=   6.9388939039072284E-017  u(1,1,1)=   1.9458836112745159       p(1,1,1)=   123.71302557616647     
 DEBUG T iter       68250 min   302.62974326442156      max   1285.0139343150715     
 DEBUG T iter       68300 min   302.62979353985656      max   1285.0225132805049     
   SIMPLE iter       68300  res_p=   6.9388939039072284E-017  u(1,1,1)=   1.9458836112745159       p(1,1,1)=   123.71302557616647     
 DEBUG T iter       68350 min   302.62984360324992      max   1285.0310560632881     
 DEBUG T iter       68400 min   302.62989345549590      max   1285.0395628160231     
   SIMPLE iter       68400  res_p=   6.9388939039072284E-017  u(1,1,1)=   1.9458836112745159       p(1,1,1)=   123.71302557616647     
 DEBUG T iter       68450 min   302.62994309748495      max   1285.0480336906674     
 DEBUG T iter       68500 min   302.62999253010389      max   1285.0564688385432     
   SIMPLE iter       68500  res_p=   6.9388939039072284E-017  u(1,1,1)=   1.9458836112745159       p(1,1,1)=   123.71302557616647     
 DEBUG T iter       68550 min   302.63004175423583      max   1285.0648684103351     
 DEBUG T iter       68600 min   302.63009077075998      max   1285.0732325560834     
   SIMPLE iter       68600  res_p=   6.9388939039072284E-017  u(1,1,1)=   1.9458836112745159       p(1,1,1)=   123.71302557616647     
 DEBUG T iter       68650 min   302.63013958055200      max   1285.0815614252033     
 DEBUG T iter       68700 min   302.63018818448381      max   1285.0898551664750     
   SIMPLE iter       68700  res_p=   6.9388939039072284E-017  u(1,1,1)=   1.9458836112745159       p(1,1,1)=   123.71302557616647     
 DEBUG T iter       68750 min   302.63023658342354      max   1285.0981139280559     
 DEBUG T iter       68800 min   302.63028477823593      max   1285.1063378574759     
   SIMPLE iter       68800  res_p=   6.9388939039072284E-017  u(1,1,1)=   1.9458836112745159       p(1,1,1)=   123.71302557616647     
 DEBUG T iter       68850 min   302.63033276978189      max   1285.1145271016446     
 DEBUG T iter       68900 min   302.63038055891855      max   1285.1226818068503     
   SIMPLE iter       68900  res_p=   6.9388939039072284E-017  u(1,1,1)=   1.9458836112745159       p(1,1,1)=   123.71302557616647     
 DEBUG T iter       68950 min   302.63042814649975      max   1285.1308021187658     
 DEBUG T iter       69000 min   302.63047553337555      max   1285.1388881824437     
   SIMPLE iter       69000  res_p=   6.9388939039072284E-017  u(1,1,1)=   1.9458836112745159       p(1,1,1)=   123.71302557616647     
 DEBUG T iter       69050 min   302.63052272039249      max   1285.1469401423337     
 DEBUG T iter       69100 min   302.63056970839330      max   1285.1549581422712     
   SIMPLE iter       69100  res_p=   6.9388939039072284E-017  u(1,1,1)=   1.9458836112745159       p(1,1,1)=   123.71302557616647     
 DEBUG T iter       69150 min   302.63061649821748      max   1285.1629423254874     
 DEBUG T iter       69200 min   302.63066309070098      max   1285.1708928346043     
   SIMPLE iter       69200  res_p=   6.9388939039072284E-017  u(1,1,1)=   1.9458836112745159       p(1,1,1)=   123.71302557616647     
 DEBUG T iter       69250 min   302.63070948667581      max   1285.1788098116440     
 DEBUG T iter       69300 min   302.63075568697110      max   1285.1866933980375     
   SIMPLE iter       69300  res_p=   6.9388939039072284E-017  u(1,1,1)=   1.9458836112745159       p(1,1,1)=   123.71302557616647     
 DEBUG T iter       69350 min   302.63080169241186      max   1285.1945437346105     
 DEBUG T iter       69400 min   302.63084750382018      max   1285.2023609615978     
   SIMPLE iter       69400  res_p=   6.9388939039072284E-017  u(1,1,1)=   1.9458836112745159       p(1,1,1)=   123.71302557616647     
 DEBUG T iter       69450 min   302.63089312201419      max   1285.2101452186391     
 DEBUG T iter       69500 min   302.63093854780874      max   1285.2178966447880     
   SIMPLE iter       69500  res_p=   6.9388939039072284E-017  u(1,1,1)=   1.9458836112745159       p(1,1,1)=   123.71302557616647     
 DEBUG T iter       69550 min   302.63098378201551      max   1285.2256153785147     
 DEBUG T iter       69600 min   302.63102882544240      max   1285.2333015577058     
   SIMPLE iter       69600  res_p=   6.9388939039072284E-017  u(1,1,1)=   1.9458836112745159       p(1,1,1)=   123.71302557616647     
 DEBUG T iter       69650 min   302.63107367889410      max   1285.2409553196596     
 DEBUG T iter       69700 min   302.63111834317198      max   1285.2485768011004     
   SIMPLE iter       69700  res_p=   6.9388939039072284E-017  u(1,1,1)=   1.9458836112745159       p(1,1,1)=   123.71302557616647     
 DEBUG T iter       69750 min   302.63116281907361      max   1285.2561661381715     
 DEBUG T iter       69800 min   302.63120710739383      max   1285.2637234664510     
   SIMPLE iter       69800  res_p=   6.9388939039072284E-017  u(1,1,1)=   1.9458836112745159       p(1,1,1)=   123.71302557616647     
 DEBUG T iter       69850 min   302.63125120892340      max   1285.2712489209339     
 DEBUG T iter       69900 min   302.63129512445033      max   1285.2787426360544     
   SIMPLE iter       69900  res_p=   6.9388939039072284E-017  u(1,1,1)=   1.9458836112745159       p(1,1,1)=   123.71302557616647     
 DEBUG T iter       69950 min   302.63133885475918      max   1285.2862047456774     
 DEBUG T iter       70000 min   302.63138240063097      max   1285.2936353830914     
   SIMPLE iter       70000  res_p=   6.9388939039072284E-017  u(1,1,1)=   1.9458836112745159       p(1,1,1)=   123.71302557616647     
 DEBUG T iter       70050 min   302.63142576284372      max   1285.3010346810463     
 DEBUG T iter       70100 min   302.63146894217192      max   1285.3084027717205     
   SIMPLE iter       70100  res_p=   6.9388939039072284E-017  u(1,1,1)=   1.9458836112745159       p(1,1,1)=   123.71302557616647     
 DEBUG T iter       70150 min   302.63151193938694      max   1285.3157397867280     
 DEBUG T iter       70200 min   302.63155475525690      max   1285.3230458571345     
   SIMPLE iter       70200  res_p=   6.9388939039072284E-017  u(1,1,1)=   1.9458836112745159       p(1,1,1)=   123.71302557616647     
 DEBUG T iter       70250 min   302.63159739054663      max   1285.3303211134521     
 DEBUG T iter       70300 min   302.63163984601755      max   1285.3375656856408     
   SIMPLE iter       70300  res_p=   6.9388939039072284E-017  u(1,1,1)=   1.9458836112745159       p(1,1,1)=   123.71302557616647     
 DEBUG T iter       70350 min   302.63168212242851      max   1285.3447797031142     
 DEBUG T iter       70400 min   302.63172422053418      max   1285.3519632947407     
   SIMPLE iter       70400  res_p=   6.9388939039072284E-017  u(1,1,1)=   1.9458836112745159       p(1,1,1)=   123.71302557616647     
 DEBUG T iter       70450 min   302.63176614108704      max   1285.3591165888458     
 DEBUG T iter       70500 min   302.63180788483561      max   1285.3662397132096     
   SIMPLE iter       70500  res_p=   6.9388939039072284E-017  u(1,1,1)=   1.9458836112745159       p(1,1,1)=   123.71302557616647     
 DEBUG T iter       70550 min   302.63184945252584      max   1285.3733327950811     
 DEBUG T iter       70600 min   302.63189084489994      max   1285.3803959611603     
   SIMPLE iter       70600  res_p=   6.9388939039072284E-017  u(1,1,1)=   1.9458836112745159       p(1,1,1)=   123.71302557616647     
 DEBUG T iter       70650 min   302.63193206269762      max   1285.3874293376250     
 DEBUG T iter       70700 min   302.63197310665521      max   1285.3944330501120     
   SIMPLE iter       70700  res_p=   6.9388939039072284E-017  u(1,1,1)=   1.9458836112745159       p(1,1,1)=   123.71302557616647     
 DEBUG T iter       70750 min   302.63201397750561      max   1285.4014072237385     
 DEBUG T iter       70800 min   302.63205467597908      max   1285.4083519830831     
   SIMPLE iter       70800  res_p=   6.9388939039072284E-017  u(1,1,1)=   1.9458836112745159       p(1,1,1)=   123.71302557616647     
 DEBUG T iter       70850 min   302.63209520280270      max   1285.4152674522056     
 DEBUG T iter       70900 min   302.63213555870044      max   1285.4221537546418     
   SIMPLE iter       70900  res_p=   6.9388939039072284E-017  u(1,1,1)=   1.9458836112745159       p(1,1,1)=   123.71302557616647     
 DEBUG T iter       70950 min   302.63217574439295      max   1285.4290110133975     
 DEBUG T iter       71000 min   302.63221576059823      max   1285.4358393509733     
   SIMPLE iter       71000  res_p=   6.9388939039072284E-017  u(1,1,1)=   1.9458836112745159       p(1,1,1)=   123.71302557616647     
 DEBUG T iter       71050 min   302.63225560803130      max   1285.4426388893478     
 DEBUG T iter       71100 min   302.63229528740368      max   1285.4494097499844     
   SIMPLE iter       71100  res_p=   6.9388939039072284E-017  u(1,1,1)=   1.9458836112745159       p(1,1,1)=   123.71302557616647     
 DEBUG T iter       71150 min   302.63233479942426      max   1285.4561520538325     
 DEBUG T iter       71200 min   302.63237414479903      max   1285.4628659213306     
   SIMPLE iter       71200  res_p=   6.9388939039072284E-017  u(1,1,1)=   1.9458836112745159       p(1,1,1)=   123.71302557616647     
 DEBUG T iter       71250 min   302.63241332423058      max   1285.4695514724172     
 DEBUG T iter       71300 min   302.63245233841900      max   1285.4762088265163     
   SIMPLE iter       71300  res_p=   6.9388939039072284E-017  u(1,1,1)=   1.9458836112745159       p(1,1,1)=   123.71302557616647     
 DEBUG T iter       71350 min   302.63249118806112      max   1285.4828381025568     
 DEBUG T iter       71400 min   302.63252987385096      max   1285.4894394189553     
   SIMPLE iter       71400  res_p=   6.9388939039072284E-017  u(1,1,1)=   1.9458836112745159       p(1,1,1)=   123.71302557616647     
 DEBUG T iter       71450 min   302.63256839647960      max   1285.4960128936350     
 DEBUG T iter       71500 min   302.63260675663508      max   1285.5025586440231     
   SIMPLE iter       71500  res_p=   6.9388939039072284E-017  u(1,1,1)=   1.9458836112745159       p(1,1,1)=   123.71302557616647     
 DEBUG T iter       71550 min   302.63264495500289      max   1285.5090767870479     
 DEBUG T iter       71600 min   302.63268299226507      max   1285.5155674391474     
   SIMPLE iter       71600  res_p=   6.9388939039072284E-017  u(1,1,1)=   1.9458836112745159       p(1,1,1)=   123.71302557616647     
 DEBUG T iter       71650 min   302.63272086910138      max   1285.5220307162676     
 DEBUG T iter       71700 min   302.63275858618829      max   1285.5284667338601     
   SIMPLE iter       71700  res_p=   6.9388939039072284E-017  u(1,1,1)=   1.9458836112745159       p(1,1,1)=   123.71302557616647     
 DEBUG T iter       71750 min   302.63279614419952      max   1285.5348756069016     
 DEBUG T iter       71800 min   302.63283354380610      max   1285.5412574498732     
   SIMPLE iter       71800  res_p=   6.9388939039072284E-017  u(1,1,1)=   1.9458836112745159       p(1,1,1)=   123.71302557616647     
 DEBUG T iter       71850 min   302.63287078567595      max   1285.5476123767808     
 DEBUG T iter       71900 min   302.63290787047464      max   1285.5539405011434     
   SIMPLE iter       71900  res_p=   6.9388939039072284E-017  u(1,1,1)=   1.9458836112745159       p(1,1,1)=   123.71302557616647     
 DEBUG T iter       71950 min   302.63294479886440      max   1285.5602419360018     
 DEBUG T iter       72000 min   302.63298157150490      max   1285.5665167939228     
   SIMPLE iter       72000  res_p=   6.9388939039072284E-017  u(1,1,1)=   1.9458836112745159       p(1,1,1)=   123.71302557616647     
 DEBUG T iter       72050 min   302.63301818905308      max   1285.5727651869975     
 DEBUG T iter       72100 min   302.63305465216314      max   1285.5789872268410     
   SIMPLE iter       72100  res_p=   6.9388939039072284E-017  u(1,1,1)=   1.9458836112745159       p(1,1,1)=   123.71302557616647     
 DEBUG T iter       72150 min   302.63309096148612      max   1285.5851830246061     
 DEBUG T iter       72200 min   302.63312711767122      max   1285.5913526909690     
   SIMPLE iter       72200  res_p=   6.9388939039072284E-017  u(1,1,1)=   1.9458836112745159       p(1,1,1)=   123.71302557616647     
 DEBUG T iter       72250 min   302.63316312136368      max   1285.5974963361386     
 DEBUG T iter       72300 min   302.63319897320696      max   1285.6036140698691     
   SIMPLE iter       72300  res_p=   6.9388939039072284E-017  u(1,1,1)=   1.9458836112745159       p(1,1,1)=   123.71302557616647     
 DEBUG T iter       72350 min   302.63323467384163      max   1285.6097060014392     
 DEBUG T iter       72400 min   302.63327022390513      max   1285.6157722396720     
   SIMPLE iter       72400  res_p=   6.9388939039072284E-017  u(1,1,1)=   1.9458836112745159       p(1,1,1)=   123.71302557616647     
 DEBUG T iter       72450 min   302.63330562403269      max   1285.6218128929295     
 DEBUG T iter       72500 min   302.63334087485669      max   1285.6278280691242     
   SIMPLE iter       72500  res_p=   6.9388939039072284E-017  u(1,1,1)=   1.9458836112745159       p(1,1,1)=   123.71302557616647     
 DEBUG T iter       72550 min   302.63337597700666      max   1285.6338178757098     
 DEBUG T iter       72600 min   302.63341093110989      max   1285.6397824196788     
   SIMPLE iter       72600  res_p=   6.9388939039072284E-017  u(1,1,1)=   1.9458836112745159       p(1,1,1)=   123.71302557616647     
 DEBUG T iter       72650 min   302.63344573779062      max   1285.6457218075825     
 DEBUG T iter       72700 min   302.63348039767061      max   1285.6516361455224     
   SIMPLE iter       72700  res_p=   6.9388939039072284E-017  u(1,1,1)=   1.9458836112745159       p(1,1,1)=   123.71302557616647     
 DEBUG T iter       72750 min   302.63351491136922      max   1285.6575255391435     
 DEBUG T iter       72800 min   302.63354927950263      max   1285.6633900936529     
   SIMPLE iter       72800  res_p=   6.9388939039072284E-017  u(1,1,1)=   1.9458836112745159       p(1,1,1)=   123.71302557616647     
 DEBUG T iter       72850 min   302.63358350268510      max   1285.6692299138163     
 DEBUG T iter       72900 min   302.63361758152780      max   1285.6750451039402     
   SIMPLE iter       72900  res_p=   6.9388939039072284E-017  u(1,1,1)=   1.9458836112745159       p(1,1,1)=   123.71302557616647     
 DEBUG T iter       72950 min   302.63365151663959      max   1285.6808357679167     
 DEBUG T iter       73000 min   302.63368530862658      max   1285.6866020091841     
   SIMPLE iter       73000  res_p=   6.9388939039072284E-017  u(1,1,1)=   1.9458836112745159       p(1,1,1)=   123.71302557616647     
 DEBUG T iter       73050 min   302.63371895809240      max   1285.6923439307450     
 DEBUG T iter       73100 min   302.63375246563828      max   1285.6980616351705     
   SIMPLE iter       73100  res_p=   6.9388939039072284E-017  u(1,1,1)=   1.9458836112745159       p(1,1,1)=   123.71302557616647     
 DEBUG T iter       73150 min   302.63378583186267      max   1285.7037552246043     
 DEBUG T iter       73200 min   302.63381905736168      max   1285.7094248007463     
   SIMPLE iter       73200  res_p=   6.9388939039072284E-017  u(1,1,1)=   1.9458836112745159       p(1,1,1)=   123.71302557616647     
 DEBUG T iter       73250 min   302.63385214272881      max   1285.7150704648818     
 DEBUG T iter       73300 min   302.63388508855490      max   1285.7206923178599     
   SIMPLE iter       73300  res_p=   6.9388939039072284E-017  u(1,1,1)=   1.9458836112745159       p(1,1,1)=   123.71302557616647     
 DEBUG T iter       73350 min   302.63391789542879      max   1285.7262904601039     
 DEBUG T iter       73400 min   302.63395056393637      max   1285.7318649916162     
   SIMPLE iter       73400  res_p=   6.9388939039072284E-017  u(1,1,1)=   1.9458836112745159       p(1,1,1)=   123.71302557616647     
 DEBUG T iter       73450 min   302.63398309466123      max   1285.7374160119825     
 DEBUG T iter       73500 min   302.63401548818445      max   1285.7429436203586     
   SIMPLE iter       73500  res_p=   6.9388939039072284E-017  u(1,1,1)=   1.9458836112745159       p(1,1,1)=   123.71302557616647     
 DEBUG T iter       73550 min   302.63404774508473      max   1285.7484479154946     
 DEBUG T iter       73600 min   302.63407986593825      max   1285.7539289957040     
   SIMPLE iter       73600  res_p=   6.9388939039072284E-017  u(1,1,1)=   1.9458836112745159       p(1,1,1)=   123.71302557616647     
 DEBUG T iter       73650 min   302.63411185131895      max   1285.7593869589009     
 DEBUG T iter       73700 min   302.63414370179800      max   1285.7648219025907     
   SIMPLE iter       73700  res_p=   6.9388939039072284E-017  u(1,1,1)=   1.9458836112745159       p(1,1,1)=   123.71302557616647     
 DEBUG T iter       73750 min   302.63417541794439      max   1285.7702339238617     
 DEBUG T iter       73800 min   302.63420700032475      max   1285.7756231193871     
   SIMPLE iter       73800  res_p=   6.9388939039072284E-017  u(1,1,1)=   1.9458836112745159       p(1,1,1)=   123.71302557616647     
 DEBUG T iter       73850 min   302.63423844950330      max   1285.7809895854346     
 DEBUG T iter       73900 min   302.63426976604165      max   1285.7863334178703     
   SIMPLE iter       73900  res_p=   6.9388939039072284E-017  u(1,1,1)=   1.9458836112745159       p(1,1,1)=   123.71302557616647     
 DEBUG T iter       73950 min   302.63430095049944      max   1285.7916547121545     
 DEBUG T iter       74000 min   302.63433200343360      max   1285.7969535633435     
   SIMPLE iter       74000  res_p=   6.9388939039072284E-017  u(1,1,1)=   1.9458836112745159       p(1,1,1)=   123.71302557616647     
 DEBUG T iter       74050 min   302.63436292539893      max   1285.8022300660905     
 DEBUG T iter       74100 min   302.63439371694761      max   1285.8074843146521     
   SIMPLE iter       74100  res_p=   6.9388939039072284E-017  u(1,1,1)=   1.9458836112745159       p(1,1,1)=   123.71302557616647     
 DEBUG T iter       74150 min   302.63442437862989      max   1285.8127164028922     
 DEBUG T iter       74200 min   302.63445491099344      max   1285.8179264242738     
   SIMPLE iter       74200  res_p=   6.9388939039072284E-017  u(1,1,1)=   1.9458836112745159       p(1,1,1)=   123.71302557616647     
 DEBUG T iter       74250 min   302.63448531458380      max   1285.8231144718620     
 DEBUG T iter       74300 min   302.63451558994382      max   1285.8282806383384     
   SIMPLE iter       74300  res_p=   6.9388939039072284E-017  u(1,1,1)=   1.9458836112745159       p(1,1,1)=   123.71302557616647     
 DEBUG T iter       74350 min   302.63454573761447      max   1285.8334250159871     
 DEBUG T iter       74400 min   302.63457575813425      max   1285.8385476966992     
   SIMPLE iter       74400  res_p=   6.9388939039072284E-017  u(1,1,1)=   1.9458836112745159       p(1,1,1)=   123.71302557616647     
 DEBUG T iter       74450 min   302.63460565203951      max   1285.8436487719921     
 DEBUG T iter       74500 min   302.63463541986408      max   1285.8487283329807     
   SIMPLE iter       74500  res_p=   6.9388939039072284E-017  u(1,1,1)=   1.9458836112745159       p(1,1,1)=   123.71302557616647     
 DEBUG T iter       74550 min   302.63466506214002      max   1285.8537864704144     
 DEBUG T iter       74600 min   302.63469457939652      max   1285.8588232746417     
   SIMPLE iter       74600  res_p=   6.9388939039072284E-017  u(1,1,1)=   1.9458836112745159       p(1,1,1)=   123.71302557616647     
 DEBUG T iter       74650 min   302.63472397216117      max   1285.8638388356401     
 DEBUG T iter       74700 min   302.63475324095873      max   1285.8688332430042     
   SIMPLE iter       74700  res_p=   6.9388939039072284E-017  u(1,1,1)=   1.9458836112745159       p(1,1,1)=   123.71302557616647     
 DEBUG T iter       74750 min   302.63478238631222      max   1285.8738065859500     
 DEBUG T iter       74800 min   302.63481140874228      max   1285.8787589533197     
   SIMPLE iter       74800  res_p=   6.9388939039072284E-017  u(1,1,1)=   1.9458836112745159       p(1,1,1)=   123.71302557616647     
 DEBUG T iter       74850 min   302.63484030876737      max   1285.8836904335799     
 DEBUG T iter       74900 min   302.63486908690356      max   1285.8886011148256     
   SIMPLE iter       74900  res_p=   6.9388939039072284E-017  u(1,1,1)=   1.9458836112745159       p(1,1,1)=   123.71302557616647     
 DEBUG T iter       74950 min   302.63489774366508      max   1285.8934910847747     
 DEBUG T iter       75000 min   302.63492627956384      max   1285.8983604307850     
   SIMPLE iter       75000  res_p=   6.9388939039072284E-017  u(1,1,1)=   1.9458836112745159       p(1,1,1)=   123.71302557616647     
 DEBUG T iter       75050 min   302.63495469510963      max   1285.9032092398372     
 DEBUG T iter       75100 min   302.63498299080987      max   1285.9080375985475     
   SIMPLE iter       75100  res_p=   6.9388939039072284E-017  u(1,1,1)=   1.9458836112745159       p(1,1,1)=   123.71302557616647     
 DEBUG T iter       75150 min   302.63501116717026      max   1285.9128455931670     
 DEBUG T iter       75200 min   302.63503922469391      max   1285.9176333095850     
   SIMPLE iter       75200  res_p=   6.9388939039072284E-017  u(1,1,1)=   1.9458836112745159       p(1,1,1)=   123.71302557616647     
 DEBUG T iter       75250 min   302.63506716388218      max   1285.9224008333265     
 DEBUG T iter       75300 min   302.63509498523405      max   1285.9271482495560     
   SIMPLE iter       75300  res_p=   6.9388939039072284E-017  u(1,1,1)=   1.9458836112745159       p(1,1,1)=   123.71302557616647     
 DEBUG T iter       75350 min   302.63512268924660      max   1285.9318756430816     
 DEBUG T iter       75400 min   302.63515027641461      max   1285.9365830983468     
   SIMPLE iter       75400  res_p=   6.9388939039072284E-017  u(1,1,1)=   1.9458836112745159       p(1,1,1)=   123.71302557616647     
 DEBUG T iter       75450 min   302.63517774723107      max   1285.9412706994437     
 DEBUG T iter       75500 min   302.63520510218649      max   1285.9459385301095     
   SIMPLE iter       75500  res_p=   6.9388939039072284E-017  u(1,1,1)=   1.9458836112745159       p(1,1,1)=   123.71302557616647     
 DEBUG T iter       75550 min   302.63523234176972      max   1285.9505866737254     
 DEBUG T iter       75600 min   302.63525946646723      max   1285.9552152133285     
   SIMPLE iter       75600  res_p=   6.9388939039072284E-017  u(1,1,1)=   1.9458836112745159       p(1,1,1)=   123.71302557616647     
 DEBUG T iter       75650 min   302.63528647676355      max   1285.9598242315985     
 DEBUG T iter       75700 min   302.63531337314123      max   1285.9644138108699     
   SIMPLE iter       75700  res_p=   6.9388939039072284E-017  u(1,1,1)=   1.9458836112745159       p(1,1,1)=   123.71302557616647     
 DEBUG T iter       75750 min   302.63534015608070      max   1285.9689840331259     
 DEBUG T iter       75800 min   302.63536682606042      max   1285.9735349800078     
   SIMPLE iter       75800  res_p=   6.9388939039072284E-017  u(1,1,1)=   1.9458836112745159       p(1,1,1)=   123.71302557616647     
 DEBUG T iter       75850 min   302.63539338355696      max   1285.9780667328123     
 DEBUG T iter       75900 min   302.63541982904445      max   1285.9825793724915     
   SIMPLE iter       75900  res_p=   6.9388939039072284E-017  u(1,1,1)=   1.9458836112745159       p(1,1,1)=   123.71302557616647     
 DEBUG T iter       75950 min   302.63544616299544      max   1285.9870729796583     
 DEBUG T iter       76000 min   302.63547238588029      max   1285.9915476345839     
   SIMPLE iter       76000  res_p=   6.9388939039072284E-017  u(1,1,1)=   1.9458836112745159       p(1,1,1)=   123.71302557616647     
 DEBUG T iter       76050 min   302.63549849816758      max   1285.9960034172009     
 DEBUG T iter       76100 min   302.63552450032370      max   1286.0004404071049     
   SIMPLE iter       76100  res_p=   6.9388939039072284E-017  u(1,1,1)=   1.9458836112745159       p(1,1,1)=   123.71302557616647     
 DEBUG T iter       76150 min   302.63555039281295      max   1286.0048586835576     
 DEBUG T iter       76200 min   302.63557617609808      max   1286.0092583254848     
   SIMPLE iter       76200  res_p=   6.9388939039072284E-017  u(1,1,1)=   1.9458836112745159       p(1,1,1)=   123.71302557616647     
 DEBUG T iter       76250 min   302.63560185063966      max   1286.0136394114743     
 DEBUG T iter       76300 min   302.63562741689617      max   1286.0180020197940     
   SIMPLE iter       76300  res_p=   6.9388939039072284E-017  u(1,1,1)=   1.9458836112745159       p(1,1,1)=   123.71302557616647     
 DEBUG T iter       76350 min   302.63565287532447      max   1286.0223462283709     
 DEBUG T iter       76400 min   302.63567822637935      max   1286.0266721148148     
   SIMPLE iter       76400  res_p=   6.9388939039072284E-017  u(1,1,1)=   1.9458836112745159       p(1,1,1)=   123.71302557616647     
 DEBUG T iter       76450 min   302.63570347051342      max   1286.0309797563900     
 DEBUG T iter       76500 min   302.63572860817789      max   1286.0352692300582     
   SIMPLE iter       76500  res_p=   6.9388939039072284E-017  u(1,1,1)=   1.9458836112745159       p(1,1,1)=   123.71302557616647     
 DEBUG T iter       76550 min   302.63575363982170      max   1286.0395406124323     
 DEBUG T iter       76600 min   302.63577856589211      max   1286.0437939798235     
   SIMPLE iter       76600  res_p=   6.9388939039072284E-017  u(1,1,1)=   1.9458836112745159       p(1,1,1)=   123.71302557616647     
 DEBUG T iter       76650 min   302.63580338683425      max   1286.0480294082070     
 DEBUG T iter       76700 min   302.63582810309157      max   1286.0522469732457     
   SIMPLE iter       76700  res_p=   6.9388939039072284E-017  u(1,1,1)=   1.9458836112745159       p(1,1,1)=   123.71302557616647     
 DEBUG T iter       76750 min   302.63585271510556      max   1286.0564467502770     
 DEBUG T iter       76800 min   302.63587722331590      max   1286.0606288143260     
   SIMPLE iter       76800  res_p=   6.9388939039072284E-017  u(1,1,1)=   1.9458836112745159       p(1,1,1)=   123.71302557616647     
 DEBUG T iter       76850 min   302.63590162816047      max   1286.0647932400950     
 DEBUG T iter       76900 min   302.63592593007508      max   1286.0689401019797     
   SIMPLE iter       76900  res_p=   6.9388939039072284E-017  u(1,1,1)=   1.9458836112745159       p(1,1,1)=   123.71302557616647     
 DEBUG T iter       76950 min   302.63595012949395      max   1286.0730694740553     
 DEBUG T iter       77000 min   302.63597422684921      max   1286.0771814300892     
   SIMPLE iter       77000  res_p=   6.9388939039072284E-017  u(1,1,1)=   1.9458836112745159       p(1,1,1)=   123.71302557616647     
 DEBUG T iter       77050 min   302.63599822257152      max   1286.0812760435322     
 DEBUG T iter       77100 min   302.63602211708945      max   1286.0853533875320     
   SIMPLE iter       77100  res_p=   6.9388939039072284E-017  u(1,1,1)=   1.9458836112745159       p(1,1,1)=   123.71302557616647     
 DEBUG T iter       77150 min   302.63604591082992      max   1286.0894135349224     
 DEBUG T iter       77200 min   302.63606960421771      max   1286.0934565582304     
   SIMPLE iter       77200  res_p=   6.9388939039072284E-017  u(1,1,1)=   1.9458836112745159       p(1,1,1)=   123.71302557616647     
 DEBUG T iter       77250 min   302.63609319767642      max   1286.0974825296798     
 DEBUG T iter       77300 min   302.63611669162725      max   1286.1014915211886     
   SIMPLE iter       77300  res_p=   6.9388939039072284E-017  u(1,1,1)=   1.9458836112745159       p(1,1,1)=   123.71302557616647     
 DEBUG T iter       77350 min   302.63614008648995      max   1286.1054836043684     
 DEBUG T iter       77400 min   302.63616338268253      max   1286.1094588505373     
   SIMPLE iter       77400  res_p=   6.9388939039072284E-017  u(1,1,1)=   1.9458836112745159       p(1,1,1)=   123.71302557616647     
 DEBUG T iter       77450 min   302.63618658062097      max   1286.1134173307037     
 DEBUG T iter       77500 min   302.63620968071979      max   1286.1173591155791     
   SIMPLE iter       77500  res_p=   6.9388939039072284E-017  u(1,1,1)=   1.9458836112745159       p(1,1,1)=   123.71302557616647     
 DEBUG T iter       77550 min   302.63623268339165      max   1286.1212842755797     
 DEBUG T iter       77600 min   302.63625558904749      max   1286.1251928808267     
   SIMPLE iter       77600  res_p=   6.9388939039072284E-017  u(1,1,1)=   1.9458836112745159       p(1,1,1)=   123.71302557616647     
 DEBUG T iter       77650 min   302.63627839809635      max   1286.1290850011314     
 DEBUG T iter       77700 min   302.63630111094568      max   1286.1329607060272     
   SIMPLE iter       77700  res_p=   6.9388939039072284E-017  u(1,1,1)=   1.9458836112745159       p(1,1,1)=   123.71302557616647     
 DEBUG T iter       77750 min   302.63632372800140      max   1286.1368200647462     
 DEBUG T iter       77800 min   302.63634624966733      max   1286.1406631462305     
   SIMPLE iter       77800  res_p=   6.9388939039072284E-017  u(1,1,1)=   1.9458836112745159       p(1,1,1)=   123.71302557616647     
 DEBUG T iter       77850 min   302.63636867634585      max   1286.1444900191316     
 DEBUG T iter       77900 min   302.63639100843773      max   1286.1483007518102     
   SIMPLE iter       77900  res_p=   6.9388939039072284E-017  u(1,1,1)=   1.9458836112745159       p(1,1,1)=   123.71302557616647     
 DEBUG T iter       77950 min   302.63641324634159      max   1286.1520954123382     
 DEBUG T iter       78000 min   302.63643539045478      max   1286.1558740685032     
   SIMPLE iter       78000  res_p=   6.9388939039072284E-017  u(1,1,1)=   1.9458836112745159       p(1,1,1)=   123.71302557616647     
 DEBUG T iter       78050 min   302.63645744117315      max   1286.1596367878069     
 DEBUG T iter       78100 min   302.63647939889029      max   1286.1633836374585     
   SIMPLE iter       78100  res_p=   6.9388939039072284E-017  u(1,1,1)=   1.9458836112745159       p(1,1,1)=   123.71302557616647     
 DEBUG T iter       78150 min   302.63650126399858      max   1286.1671146843962     
 DEBUG T iter       78200 min   302.63652303688855      max   1286.1708299952670     
   SIMPLE iter       78200  res_p=   6.9388939039072284E-017  u(1,1,1)=   1.9458836112745159       p(1,1,1)=   123.71302557616647     
 DEBUG T iter       78250 min   302.63654471794922      max   1286.1745296364415     
 DEBUG T iter       78300 min   302.63656630756765      max   1286.1782136740028     
   SIMPLE iter       78300  res_p=   6.9388939039072284E-017  u(1,1,1)=   1.9458836112745159       p(1,1,1)=   123.71302557616647     
 DEBUG T iter       78350 min   302.63658780612980      max   1286.1818821737643     
 DEBUG T iter       78400 min   302.63660921401964      max   1286.1855352012551     
   SIMPLE iter       78400  res_p=   6.9388939039072284E-017  u(1,1,1)=   1.9458836112745159       p(1,1,1)=   123.71302557616647     
 DEBUG T iter       78450 min   302.63663053161946      max   1286.1891728217322     
 DEBUG T iter       78500 min   302.63665175931021      max   1286.1927951001835     
   SIMPLE iter       78500  res_p=   6.9388939039072284E-017  u(1,1,1)=   1.9458836112745159       p(1,1,1)=   123.71302557616647     
 DEBUG T iter       78550 min   302.63667289747099      max   1286.1964021013066     
 DEBUG T iter       78600 min   302.63669394647940      max   1286.1999938895381     
   SIMPLE iter       78600  res_p=   6.9388939039072284E-017  u(1,1,1)=   1.9458836112745159       p(1,1,1)=   123.71302557616647     
 DEBUG T iter       78650 min   302.63671490671163      max   1286.2035705290377     
 DEBUG T iter       78700 min   302.63673577854189      max   1286.2071320837033     
   SIMPLE iter       78700  res_p=   6.9388939039072284E-017  u(1,1,1)=   1.9458836112745159       p(1,1,1)=   123.71302557616647     
 DEBUG T iter       78750 min   302.63675656234312      max   1286.2106786171535     
 DEBUG T iter       78800 min   302.63677725848652      max   1286.2142101927445     
   SIMPLE iter       78800  res_p=   6.9388939039072284E-017  u(1,1,1)=   1.9458836112745159       p(1,1,1)=   123.71302557616647     
 DEBUG T iter       78850 min   302.63679786734190      max   1286.2177268735575     
 DEBUG T iter       78900 min   302.63681838927727      max   1286.2212287224083     
   SIMPLE iter       78900  res_p=   6.9388939039072284E-017  u(1,1,1)=   1.9458836112745159       p(1,1,1)=   123.71302557616647     
 DEBUG T iter       78950 min   302.63683882465938      max   1286.2247158018633     
 DEBUG T iter       79000 min   302.63685917385328      max   1286.2281881742081     
   SIMPLE iter       79000  res_p=   6.9388939039072284E-017  u(1,1,1)=   1.9458836112745159       p(1,1,1)=   123.71302557616647     
 DEBUG T iter       79050 min   302.63687943722226      max   1286.2316459014723     
 DEBUG T iter       79100 min   302.63689961512853      max   1286.2350890454234     
   SIMPLE iter       79100  res_p=   6.9388939039072284E-017  u(1,1,1)=   1.9458836112745159       p(1,1,1)=   123.71302557616647     
 DEBUG T iter       79150 min   302.63691970793246      max   1286.2385176675673     
 DEBUG T iter       79200 min   302.63693971599287      max   1286.2419318291500     
   SIMPLE iter       79200  res_p=   6.9388939039072284E-017  u(1,1,1)=   1.9458836112745159       p(1,1,1)=   123.71302557616647     
 DEBUG T iter       79250 min   302.63695963966734      max   1286.2453315911616     
 DEBUG T iter       79300 min   302.63697947931166      max   1286.2487170143352     
   SIMPLE iter       79300  res_p=   6.9388939039072284E-017  u(1,1,1)=   1.9458836112745159       p(1,1,1)=   123.71302557616647     
 DEBUG T iter       79350 min   302.63699923528037      max   1286.2520881591449     
 DEBUG T iter       79400 min   302.63701890792606      max   1286.2554450858111     
   SIMPLE iter       79400  res_p=   6.9388939039072284E-017  u(1,1,1)=   1.9458836112745159       p(1,1,1)=   123.71302557616647     
 DEBUG T iter       79450 min   302.63703849760060      max   1286.2587878542995     
 DEBUG T iter       79500 min   302.63705800465351      max   1286.2621165243261     
   SIMPLE iter       79500  res_p=   6.9388939039072284E-017  u(1,1,1)=   1.9458836112745159       p(1,1,1)=   123.71302557616647     
 DEBUG T iter       79550 min   302.63707742943370      max   1286.2654311553511     
 DEBUG T iter       79600 min   302.63709677228780      max   1286.2687318065825     
   SIMPLE iter       79600  res_p=   6.9388939039072284E-017  u(1,1,1)=   1.9458836112745159       p(1,1,1)=   123.71302557616647     
 DEBUG T iter       79650 min   302.63711603356148      max   1286.2720185369858     
 DEBUG T iter       79700 min   302.63713521359875      max   1286.2752914052724     
   SIMPLE iter       79700  res_p=   6.9388939039072284E-017  u(1,1,1)=   1.9458836112745159       p(1,1,1)=   123.71302557616647     
 DEBUG T iter       79750 min   302.63715431274233      max   1286.2785504699077     
 DEBUG T iter       79800 min   302.63717333133326      max   1286.2817957891089     
   SIMPLE iter       79800  res_p=   6.9388939039072284E-017  u(1,1,1)=   1.9458836112745159       p(1,1,1)=   123.71302557616647     
 DEBUG T iter       79850 min   302.63719226971153      max   1286.2850274208483     
 DEBUG T iter       79900 min   302.63721112821514      max   1286.2882454228529     
   SIMPLE iter       79900  res_p=   6.9388939039072284E-017  u(1,1,1)=   1.9458836112745159       p(1,1,1)=   123.71302557616647     
 DEBUG T iter       79950 min   302.63722990718105      max   1286.2914498526100     
 DEBUG T iter       80000 min   302.63724860694498      max   1286.2946407673637     
   SIMPLE iter       80000  res_p=   6.9388939039072284E-017  u(1,1,1)=   1.9458836112745159       p(1,1,1)=   123.71302557616647     
 DEBUG T iter       80050 min   302.63726722784065      max   1286.2978182241081     
 DEBUG T iter       80100 min   302.63728577020078      max   1286.3009822796112     
   SIMPLE iter       80100  res_p=   6.9388939039072284E-017  u(1,1,1)=   1.9458836112745159       p(1,1,1)=   123.71302557616647     
 DEBUG T iter       80150 min   302.63730423435675      max   1286.3041329903904     
 DEBUG T iter       80200 min   302.63732262063814      max   1286.3072704127262     
   SIMPLE iter       80200  res_p=   6.9388939039072284E-017  u(1,1,1)=   1.9458836112745159       p(1,1,1)=   123.71302557616647     
 DEBUG T iter       80250 min   302.63734092937358      max   1286.3103946026629     
 DEBUG T iter       80300 min   302.63735916089007      max   1286.3135056160136     
   SIMPLE iter       80300  res_p=   6.9388939039072284E-017  u(1,1,1)=   1.9458836112745159       p(1,1,1)=   123.71302557616647     
 DEBUG T iter       80350 min   302.63737731551333      max   1286.3166035083607     
 DEBUG T iter       80400 min   302.63739539356766      max   1286.3196883350327     
   SIMPLE iter       80400  res_p=   6.9388939039072284E-017  u(1,1,1)=   1.9458836112745159       p(1,1,1)=   123.71302557616647     
 DEBUG T iter       80450 min   302.63741339537592      max   1286.3227601511369     
 DEBUG T iter       80500 min   302.63743132125984      max   1286.3258190115484     
   SIMPLE iter       80500  res_p=   6.9388939039072284E-017  u(1,1,1)=   1.9458836112745159       p(1,1,1)=   123.71302557616647     
 DEBUG T iter       80550 min   302.63744917153940      max   1286.3288649709075     
 DEBUG T iter       80600 min   302.63746694653372      max   1286.3318980836239     
   SIMPLE iter       80600  res_p=   6.9388939039072284E-017  u(1,1,1)=   1.9458836112745159       p(1,1,1)=   123.71302557616647     
 DEBUG T iter       80650 min   302.63748464656021      max   1286.3349184038809     
 DEBUG T iter       80700 min   302.63750227193498      max   1286.3379259856320     
   SIMPLE iter       80700  res_p=   6.9388939039072284E-017  u(1,1,1)=   1.9458836112745159       p(1,1,1)=   123.71302557616647     
 DEBUG T iter       80750 min   302.63751982297288      max   1286.3409208826058     
 DEBUG T iter       80800 min   302.63753729998751      max   1286.3439031482962     
   SIMPLE iter       80800  res_p=   6.9388939039072284E-017  u(1,1,1)=   1.9458836112745159       p(1,1,1)=   123.71302557616647     
 DEBUG T iter       80850 min   302.63755470329124      max   1286.3468728359824     
 DEBUG T iter       80900 min   302.63757203319472      max   1286.3498299987109     
   SIMPLE iter       80900  res_p=   6.9388939039072284E-017  u(1,1,1)=   1.9458836112745159       p(1,1,1)=   123.71302557616647     
 DEBUG T iter       80950 min   302.63758929000750      max   1286.3527746893076     
 DEBUG T iter       81000 min   302.63760647403797      max   1286.3557069603744     
   SIMPLE iter       81000  res_p=   6.9388939039072284E-017  u(1,1,1)=   1.9458836112745159       p(1,1,1)=   123.71302557616647     
 DEBUG T iter       81050 min   302.63762358559319      max   1286.3586268642912     
 DEBUG T iter       81100 min   302.63764062497859      max   1286.3615344532202     
   SIMPLE iter       81100  res_p=   6.9388939039072284E-017  u(1,1,1)=   1.9458836112745159       p(1,1,1)=   123.71302557616647     
 DEBUG T iter       81150 min   302.63765759249856      max   1286.3644297790981     
 DEBUG T iter       81200 min   302.63767448845641      max   1286.3673128936477     
   SIMPLE iter       81200  res_p=   6.9388939039072284E-017  u(1,1,1)=   1.9458836112745159       p(1,1,1)=   123.71302557616647     
 DEBUG T iter       81250 min   302.63769131315388      max   1286.3701838483703     
 DEBUG T iter       81300 min   302.63770806689149      max   1286.3730426945519     
   SIMPLE iter       81300  res_p=   6.9388939039072284E-017  u(1,1,1)=   1.9458836112745159       p(1,1,1)=   123.71302557616647     
 DEBUG T iter       81350 min   302.63772474996847      max   1286.3758894832620     
 DEBUG T iter       81400 min   302.63774136268279      max   1286.3787242653520     
   SIMPLE iter       81400  res_p=   6.9388939039072284E-017  u(1,1,1)=   1.9458836112745159       p(1,1,1)=   123.71302557616647     
 DEBUG T iter       81450 min   302.63775790533151      max   1286.3815470914635     
 DEBUG T iter       81500 min   302.63777437820988      max   1286.3843580120240     
   SIMPLE iter       81500  res_p=   6.9388939039072284E-017  u(1,1,1)=   1.9458836112745159       p(1,1,1)=   123.71302557616647     
 DEBUG T iter       81550 min   302.63779078161213      max   1286.3871570772405     
 DEBUG T iter       81600 min   302.63780711583155      max   1286.3899443371179     
   SIMPLE iter       81600  res_p=   6.9388939039072284E-017  u(1,1,1)=   1.9458836112745159       p(1,1,1)=   123.71302557616647     
 DEBUG T iter       81650 min   302.63782338115959      max   1286.3927198414458     
 DEBUG T iter       81700 min   302.63783957788701      max   1286.3954836398059     
   SIMPLE iter       81700  res_p=   6.9388939039072284E-017  u(1,1,1)=   1.9458836112745159       p(1,1,1)=   123.71302557616647     
 DEBUG T iter       81750 min   302.63785570630313      max   1286.3982357815653     
 DEBUG T iter       81800 min   302.63787176669598      max   1286.4009763158858     
   SIMPLE iter       81800  res_p=   6.9388939039072284E-017  u(1,1,1)=   1.9458836112745159       p(1,1,1)=   123.71302557616647     
 DEBUG T iter       81850 min   302.63788775935257      max   1286.4037052917354     
 DEBUG T iter       81900 min   302.63790368455841      max   1286.4064227578474     
   SIMPLE iter       81900  res_p=   6.9388939039072284E-017  u(1,1,1)=   1.9458836112745159       p(1,1,1)=   123.71302557616647     
 DEBUG T iter       81950 min   302.63791954259824      max   1286.4091287627687     
 DEBUG T iter       82000 min   302.63793533375502      max   1286.4118233548436     
   SIMPLE iter       82000  res_p=   6.9388939039072284E-017  u(1,1,1)=   1.9458836112745159       p(1,1,1)=   123.71302557616647     
 DEBUG T iter       82050 min   302.63795105831116      max   1286.4145065822031     
 DEBUG T iter       82100 min   302.63796671654728      max   1286.4171784927821     
   SIMPLE iter       82100  res_p=   6.9388939039072284E-017  u(1,1,1)=   1.9458836112745159       p(1,1,1)=   123.71302557616647     
 DEBUG T iter       82150 min   302.63798230874323      max   1286.4198391343084     
 DEBUG T iter       82200 min   302.63799783517754      max   1286.4224885543103     
   SIMPLE iter       82200  res_p=   6.9388939039072284E-017  u(1,1,1)=   1.9458836112745159       p(1,1,1)=   123.71302557616647     
 DEBUG T iter       82250 min   302.63801329612761      max   1286.4251268001171     
 DEBUG T iter       82300 min   302.63802869186947      max   1286.4277539188536     
   SIMPLE iter       82300  res_p=   6.9388939039072284E-017  u(1,1,1)=   1.9458836112745159       p(1,1,1)=   123.71302557616647     
 DEBUG T iter       82350 min   302.63804402267829      max   1286.4303699574532     
 DEBUG T iter       82400 min   302.63805928882783      max   1286.4329749626452     
   SIMPLE iter       82400  res_p=   6.9388939039072284E-017  u(1,1,1)=   1.9458836112745159       p(1,1,1)=   123.71302557616647     
 DEBUG T iter       82450 min   302.63807449059084      max   1286.4355689809677     
 DEBUG T iter       82500 min   302.63808962823890      max   1286.4381520587522     
   SIMPLE iter       82500  res_p=   6.9388939039072284E-017  u(1,1,1)=   1.9458836112745159       p(1,1,1)=   123.71302557616647     
 DEBUG T iter       82550 min   302.63810470204243      max   1286.4407242421462     
 DEBUG T iter       82600 min   302.63811971227068      max   1286.4432855770942     
   SIMPLE iter       82600  res_p=   6.9388939039072284E-017  u(1,1,1)=   1.9458836112745159       p(1,1,1)=   123.71302557616647     
 DEBUG T iter       82650 min   302.63813465919173      max   1286.4458361093573     
 DEBUG T iter       82700 min   302.63814954307270      max   1286.4483758844883     
   SIMPLE iter       82700  res_p=   6.9388939039072284E-017  u(1,1,1)=   1.9458836112745159       p(1,1,1)=   123.71302557616647     
 DEBUG T iter       82750 min   302.63816436417932      max   1286.4509049478652     
 DEBUG T iter       82800 min   302.63817912277636      max   1286.4534233446670     
   SIMPLE iter       82800  res_p=   6.9388939039072284E-017  u(1,1,1)=   1.9458836112745159       p(1,1,1)=   123.71302557616647     
 DEBUG T iter       82850 min   302.63819381912776      max   1286.4559311198727     
 DEBUG T iter       82900 min   302.63820845349568      max   1286.4584283182826     
   SIMPLE iter       82900  res_p=   6.9388939039072284E-017  u(1,1,1)=   1.9458836112745159       p(1,1,1)=   123.71302557616647     
 DEBUG T iter       82950 min   302.63822302614170      max   1286.4609149845087     
 DEBUG T iter       83000 min   302.63823753732595      max   1286.4633911629692     
   SIMPLE iter       83000  res_p=   6.9388939039072284E-017  u(1,1,1)=   1.9458836112745159       p(1,1,1)=   123.71302557616647     
 DEBUG T iter       83050 min   302.63825198730808      max   1286.4658568978975     
 DEBUG T iter       83100 min   302.63826637634583      max   1286.4683122333392     
   SIMPLE iter       83100  res_p=   6.9388939039072284E-017  u(1,1,1)=   1.9458836112745159       p(1,1,1)=   123.71302557616647     
 DEBUG T iter       83150 min   302.63828070469640      max   1286.4707572131549     
 DEBUG T iter       83200 min   302.63829497261560      max   1286.4731918810226     
   SIMPLE iter       83200  res_p=   6.9388939039072284E-017  u(1,1,1)=   1.9458836112745159       p(1,1,1)=   123.71302557616647     
 DEBUG T iter       83250 min   302.63830918035853      max   1286.4756162804313     
 DEBUG T iter       83300 min   302.63832332817879      max   1286.4780304546946     
   SIMPLE iter       83300  res_p=   6.9388939039072284E-017  u(1,1,1)=   1.9458836112745159       p(1,1,1)=   123.71302557616647     
 DEBUG T iter       83350 min   302.63833741632925      max   1286.4804344469321     
 DEBUG T iter       83400 min   302.63835144506146      max   1286.4828283000872     
   SIMPLE iter       83400  res_p=   6.9388939039072284E-017  u(1,1,1)=   1.9458836112745159       p(1,1,1)=   123.71302557616647     
 DEBUG T iter       83450 min   302.63836541462615      max   1286.4852120569283     
 DEBUG T iter       83500 min   302.63837932527269      max   1286.4875857600334     
   SIMPLE iter       83500  res_p=   6.9388939039072284E-017  u(1,1,1)=   1.9458836112745159       p(1,1,1)=   123.71302557616647     
 DEBUG T iter       83550 min   302.63839317724984      max   1286.4899494518054     
 DEBUG T iter       83600 min   302.63840697080468      max   1286.4923031744777     
   SIMPLE iter       83600  res_p=   6.9388939039072284E-017  u(1,1,1)=   1.9458836112745159       p(1,1,1)=   123.71302557616647     
 DEBUG T iter       83650 min   302.63842070618392      max   1286.4946469700801     
 DEBUG T iter       83700 min   302.63843438363278      max   1286.4969808804869     
   SIMPLE iter       83700  res_p=   6.9388939039072284E-017  u(1,1,1)=   1.9458836112745159       p(1,1,1)=   123.71302557616647     
 DEBUG T iter       83750 min   302.63844800339569      max   1286.4993049473881     
 DEBUG T iter       83800 min   302.63846156571577      max   1286.5016192123069     
   SIMPLE iter       83800  res_p=   6.9388939039072284E-017  u(1,1,1)=   1.9458836112745159       p(1,1,1)=   123.71302557616647     
 DEBUG T iter       83850 min   302.63847507083545      max   1286.5039237165788     
 DEBUG T iter       83900 min   302.63848851899581      max   1286.5062185013717     
   SIMPLE iter       83900  res_p=   6.9388939039072284E-017  u(1,1,1)=   1.9458836112745159       p(1,1,1)=   123.71302557616647     
 DEBUG T iter       83950 min   302.63850191043741      max   1286.5085036076766     
 DEBUG T iter       84000 min   302.63851524539916      max   1286.5107790763172     
   SIMPLE iter       84000  res_p=   6.9388939039072284E-017  u(1,1,1)=   1.9458836112745159       p(1,1,1)=   123.71302557616647     
 DEBUG T iter       84050 min   302.63852852411929      max   1286.5130449479382     
 DEBUG T iter       84100 min   302.63854174683524      max   1286.5153012630160     
   SIMPLE iter       84100  res_p=   6.9388939039072284E-017  u(1,1,1)=   1.9458836112745159       p(1,1,1)=   123.71302557616647     
 DEBUG T iter       84150 min   302.63855491378285      max   1286.5175480618575     
 DEBUG T iter       84200 min   302.63856802519769      max   1286.5197853845993     
   SIMPLE iter       84200  res_p=   6.9388939039072284E-017  u(1,1,1)=   1.9458836112745159       p(1,1,1)=   123.71302557616647     
 DEBUG T iter       84250 min   302.63858108131370      max   1286.5220132712075     
 DEBUG T iter       84300 min   302.63859408236431      max   1286.5242317614795     
   SIMPLE iter       84300  res_p=   6.9388939039072284E-017  u(1,1,1)=   1.9458836112745159       p(1,1,1)=   123.71302557616647     
 DEBUG T iter       84350 min   302.63860702858165      max   1286.5264408950427     
 DEBUG T iter       84400 min   302.63861992019702      max   1286.5286407113642     
   SIMPLE iter       84400  res_p=   6.9388939039072284E-017  u(1,1,1)=   1.9458836112745159       p(1,1,1)=   123.71302557616647     
 DEBUG T iter       84450 min   302.63863275744063      max   1286.5308312497361     
 DEBUG T iter       84500 min   302.63864554054203      max   1286.5330125492944     
   SIMPLE iter       84500  res_p=   6.9388939039072284E-017  u(1,1,1)=   1.9458836112745159       p(1,1,1)=   123.71302557616647     
 DEBUG T iter       84550 min   302.63865826972926      max   1286.5351846490032     
 DEBUG T iter       84600 min   302.63867094522988      max   1286.5373475876568     
   SIMPLE iter       84600  res_p=   6.9388939039072284E-017  u(1,1,1)=   1.9458836112745159       p(1,1,1)=   123.71302557616647     
 DEBUG T iter       84650 min   302.63868356727033      max   1286.5395014039032     
 DEBUG T iter       84700 min   302.63869613607608      max   1286.5416461362061     
   SIMPLE iter       84700  res_p=   6.9388939039072284E-017  u(1,1,1)=   1.9458836112745159       p(1,1,1)=   123.71302557616647     
 DEBUG T iter       84750 min   302.63870865187153      max   1286.5437818228884     
 DEBUG T iter       84800 min   302.63872111488047      max   1286.5459085020948     
   SIMPLE iter       84800  res_p=   6.9388939039072284E-017  u(1,1,1)=   1.9458836112745159       p(1,1,1)=   123.71302557616647     
 DEBUG T iter       84850 min   302.63873352532534      max   1286.5480262118181     
 DEBUG T iter       84900 min   302.63874588342799      max   1286.5501349898882     
   SIMPLE iter       84900  res_p=   6.9388939039072284E-017  u(1,1,1)=   1.9458836112745159       p(1,1,1)=   123.71302557616647     
 DEBUG T iter       84950 min   302.63875818940892      max   1286.5522348739730     
 DEBUG T iter       85000 min   302.63877044348828      max   1286.5543259015856     
   SIMPLE iter       85000  res_p=   6.9388939039072284E-017  u(1,1,1)=   1.9458836112745159       p(1,1,1)=   123.71302557616647     
 DEBUG T iter       85050 min   302.63878264588476      max   1286.5564081100770     
 DEBUG T iter       85100 min   302.63879479681640      max   1286.5584815366431     
   SIMPLE iter       85100  res_p=   6.9388939039072284E-017  u(1,1,1)=   1.9458836112745159       p(1,1,1)=   123.71302557616647     
 DEBUG T iter       85150 min   302.63880689650028      max   1286.5605462183225     
 DEBUG T iter       85200 min   302.63881894515254      max   1286.5626021920011     
   SIMPLE iter       85200  res_p=   6.9388939039072284E-017  u(1,1,1)=   1.9458836112745159       p(1,1,1)=   123.71302557616647     
 DEBUG T iter       85250 min   302.63883094298842      max   1286.5646494944012     
 DEBUG T iter       85300 min   302.63884289022212      max   1286.5666881620991     
   SIMPLE iter       85300  res_p=   6.9388939039072284E-017  u(1,1,1)=   1.9458836112745159       p(1,1,1)=   123.71302557616647     
 DEBUG T iter       85350 min   302.63885478706720      max   1286.5687182315100     
 DEBUG T iter       85400 min   302.63886663373626      max   1286.5707397388992     
   SIMPLE iter       85400  res_p=   6.9388939039072284E-017  u(1,1,1)=   1.9458836112745159       p(1,1,1)=   123.71302557616647     
 DEBUG T iter       85450 min   302.63887843044068      max   1286.5727527203787     
 DEBUG T iter       85500 min   302.63889017739120      max   1286.5747572119014     
   SIMPLE iter       85500  res_p=   6.9388939039072284E-017  u(1,1,1)=   1.9458836112745159       p(1,1,1)=   123.71302557616647     
 DEBUG T iter       85550 min   302.63890187479791      max   1286.5767532492823     
 DEBUG T iter       85600 min   302.63891352286964      max   1286.5787408681704     
   SIMPLE iter       85600  res_p=   6.9388939039072284E-017  u(1,1,1)=   1.9458836112745159       p(1,1,1)=   123.71302557616647     
 DEBUG T iter       85650 min   302.63892512181440      max   1286.5807201040784     
 DEBUG T iter       85700 min   302.63893667183947      max   1286.5826909923621     
   SIMPLE iter       85700  res_p=   6.9388939039072284E-017  u(1,1,1)=   1.9458836112745159       p(1,1,1)=   123.71302557616647     
 DEBUG T iter       85750 min   302.63894817315111      max   1286.5846535682235     
 DEBUG T iter       85800 min   302.63895962595484      max   1286.5866078667086     
   SIMPLE iter       85800  res_p=   6.9388939039072284E-017  u(1,1,1)=   1.9458836112745159       p(1,1,1)=   123.71302557616647     
 DEBUG T iter       85850 min   302.63897103045520      max   1286.5885539227554     
 DEBUG T iter       85900 min   302.63898238685590      max   1286.5904917711164     
   SIMPLE iter       85900  res_p=   6.9388939039072284E-017  u(1,1,1)=   1.9458836112745159       p(1,1,1)=   123.71302557616647     
 DEBUG T iter       85950 min   302.63899369535983      max   1286.5924214464035     
 DEBUG T iter       86000 min   302.63900495616912      max   1286.5943429830893     
   SIMPLE iter       86000  res_p=   6.9388939039072284E-017  u(1,1,1)=   1.9458836112745159       p(1,1,1)=   123.71302557616647     
 DEBUG T iter       86050 min   302.63901616948476      max   1286.5962564155041     
 DEBUG T iter       86100 min   302.63902733550691      max   1286.5981617778216     
   SIMPLE iter       86100  res_p=   6.9388939039072284E-017  u(1,1,1)=   1.9458836112745159       p(1,1,1)=   123.71302557616647     
 DEBUG T iter       86150 min   302.63903845443548      max   1286.6000591040815     
 DEBUG T iter       86200 min   302.63904952646880      max   1286.6019484281774     
   SIMPLE iter       86200  res_p=   6.9388939039072284E-017  u(1,1,1)=   1.9458836112745159       p(1,1,1)=   123.71302557616647     
 DEBUG T iter       86250 min   302.63906055180468      max   1286.6038297838581     
 DEBUG T iter       86300 min   302.63907153064008      max   1286.6057032047302     
   SIMPLE iter       86300  res_p=   6.9388939039072284E-017  u(1,1,1)=   1.9458836112745159       p(1,1,1)=   123.71302557616647     
 DEBUG T iter       86350 min   302.63908246317106      max   1286.6075687242621     
 DEBUG T iter       86400 min   302.63909334959311      max   1286.6094263757752     
   SIMPLE iter       86400  res_p=   6.9388939039072284E-017  u(1,1,1)=   1.9458836112745159       p(1,1,1)=   123.71302557616647     
 DEBUG T iter       86450 min   302.63910419010051      max   1286.6112761924583     
 DEBUG T iter       86500 min   302.63911498488704      max   1286.6131182073509     
   SIMPLE iter       86500  res_p=   6.9388939039072284E-017  u(1,1,1)=   1.9458836112745159       p(1,1,1)=   123.71302557616647     
 DEBUG T iter       86550 min   302.63912573414547      max   1286.6149524533598     
 DEBUG T iter       86600 min   302.63913643806774      max   1286.6167789632530     
   SIMPLE iter       86600  res_p=   6.9388939039072284E-017  u(1,1,1)=   1.9458836112745159       p(1,1,1)=   123.71302557616647     
 DEBUG T iter       86650 min   302.63914709684514      max   1286.6185977696559     
 DEBUG T iter       86700 min   302.63915771066820      max   1286.6204089050589     
   SIMPLE iter       86700  res_p=   6.9388939039072284E-017  u(1,1,1)=   1.9458836112745159       p(1,1,1)=   123.71302557616647     
 DEBUG T iter       86750 min   302.63916827972628      max   1286.6222124018147     
 DEBUG T iter       86800 min   302.63917880420820      max   1286.6240082921418     
   SIMPLE iter       86800  res_p=   6.9388939039072284E-017  u(1,1,1)=   1.9458836112745159       p(1,1,1)=   123.71302557616647     
 DEBUG T iter       86850 min   302.63918928430223      max   1286.6257966081221     
 DEBUG T iter       86900 min   302.63919972019528      max   1286.6275773816960     
   SIMPLE iter       86900  res_p=   6.9388939039072284E-017  u(1,1,1)=   1.9458836112745159       p(1,1,1)=   123.71302557616647     
 DEBUG T iter       86950 min   302.63921011207401      max   1286.6293506446784     
 DEBUG T iter       87000 min   302.63922046012379      max   1286.6311164287474     
   SIMPLE iter       87000  res_p=   6.9388939039072284E-017  u(1,1,1)=   1.9458836112745159       p(1,1,1)=   123.71302557616647     
 DEBUG T iter       87050 min   302.63923076452983      max   1286.6328747654429     
 DEBUG T iter       87100 min   302.63924102547594      max   1286.6346256861711     
   SIMPLE iter       87100  res_p=   6.9388939039072284E-017  u(1,1,1)=   1.9458836112745159       p(1,1,1)=   123.71302557616647     
 DEBUG T iter       87150 min   302.63925124314540      max   1286.6363692222187     
 DEBUG T iter       87200 min   302.63926141772083      max   1286.6381054047270     
   SIMPLE iter       87200  res_p=   6.9388939039072284E-017  u(1,1,1)=   1.9458836112745159       p(1,1,1)=   123.71302557616647     
 DEBUG T iter       87250 min   302.63927154938398      max   1286.6398342647103     
 DEBUG T iter       87300 min   302.63928163831577      max   1286.6415558330536     
   SIMPLE iter       87300  res_p=   6.9388939039072284E-017  u(1,1,1)=   1.9458836112745159       p(1,1,1)=   123.71302557616647     
 DEBUG T iter       87350 min   302.63929168469656      max   1286.6432701405067     
 DEBUG T iter       87400 min   302.63930168870564      max   1286.6449772176945     
   SIMPLE iter       87400  res_p=   6.9388939039072284E-017  u(1,1,1)=   1.9458836112745159       p(1,1,1)=   123.71302557616647     
 DEBUG T iter       87450 min   302.63931165052185      max   1286.6466770951138     
 DEBUG T iter       87500 min   302.63932157032315      max   1286.6483698031288     
   SIMPLE iter       87500  res_p=   6.9388939039072284E-017  u(1,1,1)=   1.9458836112745159       p(1,1,1)=   123.71302557616647     
 DEBUG T iter       87550 min   302.63933144828650      max   1286.6500553719759     
 DEBUG T iter       87600 min   302.63934128458868      max   1286.6517338317676     
   SIMPLE iter       87600  res_p=   6.9388939039072284E-017  u(1,1,1)=   1.9458836112745159       p(1,1,1)=   123.71302557616647     
 DEBUG T iter       87650 min   302.63935107940534      max   1286.6534052124862     
 DEBUG T iter       87700 min   302.63936083291111      max   1286.6550695439905     
   SIMPLE iter       87700  res_p=   6.9388939039072284E-017  u(1,1,1)=   1.9458836112745159       p(1,1,1)=   123.71302557616647     
 DEBUG T iter       87750 min   302.63937054528077      max   1286.6567268560057     
 DEBUG T iter       87800 min   302.63938021668747      max   1286.6583771781388     
   SIMPLE iter       87800  res_p=   6.9388939039072284E-017  u(1,1,1)=   1.9458836112745159       p(1,1,1)=   123.71302557616647     
 DEBUG T iter       87850 min   302.63938984730390      max   1286.6600205398704     
 DEBUG T iter       87900 min   302.63939943730236      max   1286.6616569705623     
   SIMPLE iter       87900  res_p=   6.9388939039072284E-017  u(1,1,1)=   1.9458836112745159       p(1,1,1)=   123.71302557616647     
 DEBUG T iter       87950 min   302.63940898685399      max   1286.6632864994403     
 DEBUG T iter       88000 min   302.63941849612939      max   1286.6649091556162     
   SIMPLE iter       88000  res_p=   6.9388939039072284E-017  u(1,1,1)=   1.9458836112745159       p(1,1,1)=   123.71302557616647     
 DEBUG T iter       88050 min   302.63942796529841      max   1286.6665249680736     
 DEBUG T iter       88100 min   302.63943739453043      max   1286.6681339656816     
   SIMPLE iter       88100  res_p=   6.9388939039072284E-017  u(1,1,1)=   1.9458836112745159       p(1,1,1)=   123.71302557616647     
 DEBUG T iter       88150 min   302.63944678399355      max   1286.6697361771785     
 DEBUG T iter       88200 min   302.63945613385579      max   1286.6713316311868     
   SIMPLE iter       88200  res_p=   6.9388939039072284E-017  u(1,1,1)=   1.9458836112745159       p(1,1,1)=   123.71302557616647     
 DEBUG T iter       88250 min   302.63946544428393      max   1286.6729203562102     
 DEBUG T iter       88300 min   302.63947471544452      max   1286.6745023806266     
   SIMPLE iter       88300  res_p=   6.9388939039072284E-017  u(1,1,1)=   1.9458836112745159       p(1,1,1)=   123.71302557616647     
 DEBUG T iter       88350 min   302.63948394750304      max   1286.6760777326883     
 DEBUG T iter       88400 min   302.63949314062427      max   1286.6776464405459     
   SIMPLE iter       88400  res_p=   6.9388939039072284E-017  u(1,1,1)=   1.9458836112745159       p(1,1,1)=   123.71302557616647     
 DEBUG T iter       88450 min   302.63950229497271      max   1286.6792085322240     
 DEBUG T iter       88500 min   302.63951141071175      max   1286.6807640356151     
   SIMPLE iter       88500  res_p=   6.9388939039072284E-017  u(1,1,1)=   1.9458836112745159       p(1,1,1)=   123.71302557616647     
 DEBUG T iter       88550 min   302.63952048800417      max   1286.6823129785191     
 DEBUG T iter       88600 min   302.63952952701220      max   1286.6838553885996     
   SIMPLE iter       88600  res_p=   6.9388939039072284E-017  u(1,1,1)=   1.9458836112745159       p(1,1,1)=   123.71302557616647     
 DEBUG T iter       88650 min   302.63953852789740      max   1286.6853912934087     
 DEBUG T iter       88700 min   302.63954749082041      max   1286.6869207203877     
   SIMPLE iter       88700  res_p=   6.9388939039072284E-017  u(1,1,1)=   1.9458836112745159       p(1,1,1)=   123.71302557616647     
 DEBUG T iter       88750 min   302.63955641594140      max   1286.6884436968526     
 DEBUG T iter       88800 min   302.63956530341977      max   1286.6899602500089     
   SIMPLE iter       88800  res_p=   6.9388939039072284E-017  u(1,1,1)=   1.9458836112745159       p(1,1,1)=   123.71302557616647     
 DEBUG T iter       88850 min   302.63957415341429      max   1286.6914704069511     
 DEBUG T iter       88900 min   302.63958296608308      max   1286.6929741946542     
   SIMPLE iter       88900  res_p=   6.9388939039072284E-017  u(1,1,1)=   1.9458836112745159       p(1,1,1)=   123.71302557616647     
 DEBUG T iter       88950 min   302.63959174158356      max   1286.6944716399803     
 DEBUG T iter       89000 min   302.63960048007249      max   1286.6959627696774     
   SIMPLE iter       89000  res_p=   6.9388939039072284E-017  u(1,1,1)=   1.9458836112745159       p(1,1,1)=   123.71302557616647     
 DEBUG T iter       89050 min   302.63960918170596      max   1286.6974476103885     
 DEBUG T iter       89100 min   302.63961784663934      max   1286.6989261886322     
   SIMPLE iter       89100  res_p=   6.9388939039072284E-017  u(1,1,1)=   1.9458836112745159       p(1,1,1)=   123.71302557616647     
 DEBUG T iter       89150 min   302.63962647502763      max   1286.7003985308236     
 DEBUG T iter       89200 min   302.63963506702464      max   1286.7018646632623     
   SIMPLE iter       89200  res_p=   6.9388939039072284E-017  u(1,1,1)=   1.9458836112745159       p(1,1,1)=   123.71302557616647     
 DEBUG T iter       89250 min   302.63964362278426      max   1286.7033246121400     
 DEBUG T iter       89300 min   302.63965214245889      max   1286.7047784035369     
   SIMPLE iter       89300  res_p=   6.9388939039072284E-017  u(1,1,1)=   1.9458836112745159       p(1,1,1)=   123.71302557616647     
 DEBUG T iter       89350 min   302.63966062620102      max   1286.7062260634223     
 DEBUG T iter       89400 min   302.63966907416204      max   1286.7076676176528     
   SIMPLE iter       89400  res_p=   6.9388939039072284E-017  u(1,1,1)=   1.9458836112745159       p(1,1,1)=   123.71302557616647     
 DEBUG T iter       89450 min   302.63967748649316      max   1286.7091030919844     
 DEBUG T iter       89500 min   302.63968586334414      max   1286.7105325120558     
   SIMPLE iter       89500  res_p=   6.9388939039072284E-017  u(1,1,1)=   1.9458836112745159       p(1,1,1)=   123.71302557616647     
 DEBUG T iter       89550 min   302.63969420486512      max   1286.7119559034045     
 DEBUG T iter       89600 min   302.63970251120475      max   1286.7133732914585     
   SIMPLE iter       89600  res_p=   6.9388939039072284E-017  u(1,1,1)=   1.9458836112745159       p(1,1,1)=   123.71302557616647     
 DEBUG T iter       89650 min   302.63971078251166      max   1286.7147847015328     
 DEBUG T iter       89700 min   302.63971901893353      max   1286.7161901588447     
   SIMPLE iter       89700  res_p=   6.9388939039072284E-017  u(1,1,1)=   1.9458836112745159       p(1,1,1)=   123.71302557616647     
 DEBUG T iter       89750 min   302.63972722061732      max   1286.7175896884971     
 DEBUG T iter       89800 min   302.63973538770972      max   1286.7189833154937     
   SIMPLE iter       89800  res_p=   6.9388939039072284E-017  u(1,1,1)=   1.9458836112745159       p(1,1,1)=   123.71302557616647     
 DEBUG T iter       89850 min   302.63974352035660      max   1286.7203710647275     
 DEBUG T iter       89900 min   302.63975161870320      max   1286.7217529609886     
   SIMPLE iter       89900  res_p=   6.9388939039072284E-017  u(1,1,1)=   1.9458836112745159       p(1,1,1)=   123.71302557616647     
 DEBUG T iter       89950 min   302.63975968289424      max   1286.7231290289624     
 DEBUG T iter       90000 min   302.63976771307370      max   1286.7244992932347     
   SIMPLE iter       90000  res_p=   6.9388939039072284E-017  u(1,1,1)=   1.9458836112745159       p(1,1,1)=   123.71302557616647     
 DEBUG T iter       90050 min   302.63977570938511      max   1286.7258637782786     
 DEBUG T iter       90100 min   302.63978367197132      max   1286.7272225084691     
   SIMPLE iter       90100  res_p=   6.9388939039072284E-017  u(1,1,1)=   1.9458836112745159       p(1,1,1)=   123.71302557616647     
 DEBUG T iter       90150 min   302.63979160097438      max   1286.7285755080757     
 DEBUG T iter       90200 min   302.63979949653617      max   1286.7299228012685     
   SIMPLE iter       90200  res_p=   6.9388939039072284E-017  u(1,1,1)=   1.9458836112745159       p(1,1,1)=   123.71302557616647     
 DEBUG T iter       90250 min   302.63980735879761      max   1286.7312644121164     
 DEBUG T iter       90300 min   302.63981518789916      max   1286.7326003645862     
   SIMPLE iter       90300  res_p=   6.9388939039072284E-017  u(1,1,1)=   1.9458836112745159       p(1,1,1)=   123.71302557616647     
 DEBUG T iter       90350 min   302.63982298398071      max   1286.7339306825427     
 DEBUG T iter       90400 min   302.63983074718152      max   1286.7352553897479     
   SIMPLE iter       90400  res_p=   6.9388939039072284E-017  u(1,1,1)=   1.9458836112745159       p(1,1,1)=   123.71302557616647     
 DEBUG T iter       90450 min   302.63983847764018      max   1286.7365745098691     
 DEBUG T iter       90500 min   302.63984617549482      max   1286.7378880664664     
   SIMPLE iter       90500  res_p=   6.9388939039072284E-017  u(1,1,1)=   1.9458836112745159       p(1,1,1)=   123.71302557616647     
 DEBUG T iter       90550 min   302.63985384088318      max   1286.7391960830048     
 DEBUG T iter       90600 min   302.63986147394178      max   1286.7404985828537     
   SIMPLE iter       90600  res_p=   6.9388939039072284E-017  u(1,1,1)=   1.9458836112745159       p(1,1,1)=   123.71302557616647     
 DEBUG T iter       90650 min   302.63986907480728      max   1286.7417955892790     
 DEBUG T iter       90700 min   302.63987664361531      max   1286.7430871254471     
   SIMPLE iter       90700  res_p=   6.9388939039072284E-017  u(1,1,1)=   1.9458836112745159       p(1,1,1)=   123.71302557616647     
 DEBUG T iter       90750 min   302.63988418050116      max   1286.7443732144297     
 DEBUG T iter       90800 min   302.63989168559948      max   1286.7456538792035     
   SIMPLE iter       90800  res_p=   6.9388939039072284E-017  u(1,1,1)=   1.9458836112745159       p(1,1,1)=   123.71302557616647     
 DEBUG T iter       90850 min   302.63989915904415      max   1286.7469291426448     
 DEBUG T iter       90900 min   302.63990660096903      max   1286.7481990275312     
   SIMPLE iter       90900  res_p=   6.9388939039072284E-017  u(1,1,1)=   1.9458836112745159       p(1,1,1)=   123.71302557616647     
 DEBUG T iter       90950 min   302.63991401150668      max   1286.7494635565513     
 DEBUG T iter       91000 min   302.63992139078965      max   1286.7507227522915     
   SIMPLE iter       91000  res_p=   6.9388939039072284E-017  u(1,1,1)=   1.9458836112745159       p(1,1,1)=   123.71302557616647     
 DEBUG T iter       91050 min   302.63992873894983      max   1286.7519766372477     
 DEBUG T iter       91100 min   302.63993605611836      max   1286.7532252338187     
   SIMPLE iter       91100  res_p=   6.9388939039072284E-017  u(1,1,1)=   1.9458836112745159       p(1,1,1)=   123.71302557616647     
 DEBUG T iter       91150 min   302.63994334242608      max   1286.7544685643061     
 DEBUG T iter       91200 min   302.63995059800288      max   1286.7557066509244     
   SIMPLE iter       91200  res_p=   6.9388939039072284E-017  u(1,1,1)=   1.9458836112745159       p(1,1,1)=   123.71302557616647     
 DEBUG T iter       91250 min   302.63995782297849      max   1286.7569395157864     
 DEBUG T iter       91300 min   302.63996501748227      max   1286.7581671809160     
   SIMPLE iter       91300  res_p=   6.9388939039072284E-017  u(1,1,1)=   1.9458836112745159       p(1,1,1)=   123.71302557616647     
 DEBUG T iter       91350 min   302.63997218164241      max   1286.7593896682467     
 DEBUG T iter       91400 min   302.63997931558697      max   1286.7606069996114     
   SIMPLE iter       91400  res_p=   6.9388939039072284E-017  u(1,1,1)=   1.9458836112745159       p(1,1,1)=   123.71302557616647     
 DEBUG T iter       91450 min   302.63998641944346      max   1286.7618191967592     
 DEBUG T iter       91500 min   302.63999349333864      max   1286.7630262813429     
   SIMPLE iter       91500  res_p=   6.9388939039072284E-017  u(1,1,1)=   1.9458836112745159       p(1,1,1)=   123.71302557616647     
 DEBUG T iter       91550 min   302.64000053739903      max   1286.7642282749293     
 DEBUG T iter       91600 min   302.64000755175039      max   1286.7654251989823     
   SIMPLE iter       91600  res_p=   6.9388939039072284E-017  u(1,1,1)=   1.9458836112745159       p(1,1,1)=   123.71302557616647     
 DEBUG T iter       91650 min   302.64001453651792      max   1286.7666170748873     
 DEBUG T iter       91700 min   302.64002149182659      max   1286.7678039239333     
   SIMPLE iter       91700  res_p=   6.9388939039072284E-017  u(1,1,1)=   1.9458836112745159       p(1,1,1)=   123.71302557616647     
 DEBUG T iter       91750 min   302.64002841780041      max   1286.7689857673270     
 DEBUG T iter       91800 min   302.64003531456331      max   1286.7701626261760     
   SIMPLE iter       91800  res_p=   6.9388939039072284E-017  u(1,1,1)=   1.9458836112745159       p(1,1,1)=   123.71302557616647     
 DEBUG T iter       91850 min   302.64004218223846      max   1286.7713345215061     
 DEBUG T iter       91900 min   302.64004902094848      max   1286.7725014742584     
   SIMPLE iter       91900  res_p=   6.9388939039072284E-017  u(1,1,1)=   1.9458836112745159       p(1,1,1)=   123.71302557616647     
 DEBUG T iter       91950 min   302.64005583081553      max   1286.7736635052572     
 DEBUG T iter       92000 min   302.64006261196130      max   1286.7748206352719     
   SIMPLE iter       92000  res_p=   6.9388939039072284E-017  u(1,1,1)=   1.9458836112745159       p(1,1,1)=   123.71302557616647     
 DEBUG T iter       92050 min   302.64006936450687      max   1286.7759728849762     
 DEBUG T iter       92100 min   302.64007608857293      max   1286.7771202749484     
   SIMPLE iter       92100  res_p=   6.9388939039072284E-017  u(1,1,1)=   1.9458836112745159       p(1,1,1)=   123.71302557616647     
 DEBUG T iter       92150 min   302.64008278427963      max   1286.7782628256889     
 DEBUG T iter       92200 min   302.64008945174629      max   1286.7794005576086     
   SIMPLE iter       92200  res_p=   6.9388939039072284E-017  u(1,1,1)=   1.9458836112745159       p(1,1,1)=   123.71302557616647     
 DEBUG T iter       92250 min   302.64009609109240      max   1286.7805334910272     
 DEBUG T iter       92300 min   302.64010270243642      max   1286.7816616461848     
   SIMPLE iter       92300  res_p=   6.9388939039072284E-017  u(1,1,1)=   1.9458836112745159       p(1,1,1)=   123.71302557616647     
 DEBUG T iter       92350 min   302.64010928589641      max   1286.7827850432363     
 DEBUG T iter       92400 min   302.64011584158999      max   1286.7839037022457     
   SIMPLE iter       92400  res_p=   6.9388939039072284E-017  u(1,1,1)=   1.9458836112745159       p(1,1,1)=   123.71302557616647     
 DEBUG T iter       92450 min   302.64012236963413      max   1286.7850176431969     
 DEBUG T iter       92500 min   302.64012887014570      max   1286.7861268859904     
   SIMPLE iter       92500  res_p=   6.9388939039072284E-017  u(1,1,1)=   1.9458836112745159       p(1,1,1)=   123.71302557616647     
 DEBUG T iter       92550 min   302.64013534324073      max   1286.7872314504407     
 DEBUG T iter       92600 min   302.64014178903483      max   1286.7883313562807     
   SIMPLE iter       92600  res_p=   6.9388939039072284E-017  u(1,1,1)=   1.9458836112745159       p(1,1,1)=   123.71302557616647     
 DEBUG T iter       92650 min   302.64014820764311      max   1286.7894266231542     
 DEBUG T iter       92700 min   302.64015459918022      max   1286.7905172706312     
   SIMPLE iter       92700  res_p=   6.9388939039072284E-017  u(1,1,1)=   1.9458836112745159       p(1,1,1)=   123.71302557616647     
 DEBUG T iter       92750 min   302.64016096376042      max   1286.7916033181916     
 DEBUG T iter       92800 min   302.64016730149740      max   1286.7926847852382     
   SIMPLE iter       92800  res_p=   6.9388939039072284E-017  u(1,1,1)=   1.9458836112745159       p(1,1,1)=   123.71302557616647     
 DEBUG T iter       92850 min   302.64017361250433      max   1286.7937616910881     
 DEBUG T iter       92900 min   302.64017989689387      max   1286.7948340549788     
   SIMPLE iter       92900  res_p=   6.9388939039072284E-017  u(1,1,1)=   1.9458836112745159       p(1,1,1)=   123.71302557616647     
 DEBUG T iter       92950 min   302.64018615477852      max   1286.7959018960653     
 DEBUG T iter       93000 min   302.64019238626975      max   1286.7969652334230     
   SIMPLE iter       93000  res_p=   6.9388939039072284E-017  u(1,1,1)=   1.9458836112745159       p(1,1,1)=   123.71302557616647     
 DEBUG T iter       93050 min   302.64019859147902      max   1286.7980240860486     
 DEBUG T iter       93100 min   302.64020477051736      max   1286.7990784728568     
   SIMPLE iter       93100  res_p=   6.9388939039072284E-017  u(1,1,1)=   1.9458836112745159       p(1,1,1)=   123.71302557616647     
 DEBUG T iter       93150 min   302.64021092349486      max   1286.8001284126824     
 DEBUG T iter       93200 min   302.64021705052164      max   1286.8011739242838     
   SIMPLE iter       93200  res_p=   6.9388939039072284E-017  u(1,1,1)=   1.9458836112745159       p(1,1,1)=   123.71302557616647     
 DEBUG T iter       93250 min   302.64022315170695      max   1286.8022150263332     
 DEBUG T iter       93300 min   302.64022922715998      max   1286.8032517374284     
   SIMPLE iter       93300  res_p=   6.9388939039072284E-017  u(1,1,1)=   1.9458836112745159       p(1,1,1)=   123.71302557616647     
 DEBUG T iter       93350 min   302.64023527698919      max   1286.8042840760884     
 DEBUG T iter       93400 min   302.64024130130264      max   1286.8053120607574     
   SIMPLE iter       93400  res_p=   6.9388939039072284E-017  u(1,1,1)=   1.9458836112745159       p(1,1,1)=   123.71302557616647     
 DEBUG T iter       93450 min   302.64024730020788      max   1286.8063357097974     
 DEBUG T iter       93500 min   302.64025327381211      max   1286.8073550414924     
   SIMPLE iter       93500  res_p=   6.9388939039072284E-017  u(1,1,1)=   1.9458836112745159       p(1,1,1)=   123.71302557616647     
 DEBUG T iter       93550 min   302.64025922222214      max   1286.8083700740549     
 DEBUG T iter       93600 min   302.64026514554411      max   1286.8093808256167     
   SIMPLE iter       93600  res_p=   6.9388939039072284E-017  u(1,1,1)=   1.9458836112745159       p(1,1,1)=   123.71302557616647     
 DEBUG T iter       93650 min   302.64027104388384      max   1286.8103873142304     
 DEBUG T iter       93700 min   302.64027691734680      max   1286.8113895578795     
   SIMPLE iter       93700  res_p=   6.9388939039072284E-017  u(1,1,1)=   1.9458836112745159       p(1,1,1)=   123.71302557616647     
 DEBUG T iter       93750 min   302.64028276603784      max   1286.8123875744648     
 DEBUG T iter       93800 min   302.64028859006135      max   1286.8133813818108     
   SIMPLE iter       93800  res_p=   6.9388939039072284E-017  u(1,1,1)=   1.9458836112745159       p(1,1,1)=   123.71302557616647     
 DEBUG T iter       93850 min   302.64029438952144      max   1286.8143709976775     
 DEBUG T iter       93900 min   302.64030016452188      max   1286.8153564397337     
   SIMPLE iter       93900  res_p=   6.9388939039072284E-017  u(1,1,1)=   1.9458836112745159       p(1,1,1)=   123.71302557616647     
 DEBUG T iter       93950 min   302.64030591516553      max   1286.8163377255933     
 DEBUG T iter       94000 min   302.64031164155534      max   1286.8173148727792     
   SIMPLE iter       94000  res_p=   6.9388939039072284E-017  u(1,1,1)=   1.9458836112745159       p(1,1,1)=   123.71302557616647     
 DEBUG T iter       94050 min   302.64031734379347      max   1286.8182878987543     
 DEBUG T iter       94100 min   302.64032302198177      max   1286.8192568208865     
   SIMPLE iter       94100  res_p=   6.9388939039072284E-017  u(1,1,1)=   1.9458836112745159       p(1,1,1)=   123.71302557616647     
 DEBUG T iter       94150 min   302.64032867622188      max   1286.8202216564928     
 DEBUG T iter       94200 min   302.64033430661459      max   1286.8211824228090     
   SIMPLE iter       94200  res_p=   6.9388939039072284E-017  u(1,1,1)=   1.9458836112745159       p(1,1,1)=   123.71302557616647     
 DEBUG T iter       94250 min   302.64033991326056      max   1286.8221391369957     
 DEBUG T iter       94300 min   302.64034549625990      max   1286.8230918161432     
   SIMPLE iter       94300  res_p=   6.9388939039072284E-017  u(1,1,1)=   1.9458836112745159       p(1,1,1)=   123.71302557616647     
 DEBUG T iter       94350 min   302.64035105571242      max   1286.8240404772712     
 DEBUG T iter       94400 min   302.64035659171736      max   1286.8249851373248     
   SIMPLE iter       94400  res_p=   6.9388939039072284E-017  u(1,1,1)=   1.9458836112745159       p(1,1,1)=   123.71302557616647     
 DEBUG T iter       94450 min   302.64036210437371      max   1286.8259258131789     
 DEBUG T iter       94500 min   302.64036759377984      max   1286.8268625216388     
   SIMPLE iter       94500  res_p=   6.9388939039072284E-017  u(1,1,1)=   1.9458836112745159       p(1,1,1)=   123.71302557616647     
 DEBUG T iter       94550 min   302.64037306003388      max   1286.8277952794344     
 DEBUG T iter       94600 min   302.64037850323336      max   1286.8287241032319     
   SIMPLE iter       94600  res_p=   6.9388939039072284E-017  u(1,1,1)=   1.9458836112745159       p(1,1,1)=   123.71302557616647     
 DEBUG T iter       94650 min   302.64038392347561      max   1286.8296490096197     
 DEBUG T iter       94700 min   302.64038932085742      max   1286.8305700151245     
   SIMPLE iter       94700  res_p=   6.9388939039072284E-017  u(1,1,1)=   1.9458836112745159       p(1,1,1)=   123.71302557616647     
 DEBUG T iter       94750 min   302.64039469547538      max   1286.8314871361933     
 DEBUG T iter       94800 min   302.64040004742515      max   1286.8324003892103     
   SIMPLE iter       94800  res_p=   6.9388939039072284E-017  u(1,1,1)=   1.9458836112745159       p(1,1,1)=   123.71302557616647     
 DEBUG T iter       94850 min   302.64040537680262      max   1286.8333097904906     
 DEBUG T iter       94900 min   302.64041068370290      max   1286.8342153562814     
   SIMPLE iter       94900  res_p=   6.9388939039072284E-017  u(1,1,1)=   1.9458836112745159       p(1,1,1)=   123.71302557616647     
 DEBUG T iter       94950 min   302.64041596822091      max   1286.8351171027557     
 DEBUG T iter       95000 min   302.64042123045078      max   1286.8360150460228     
   SIMPLE iter       95000  res_p=   6.9388939039072284E-017  u(1,1,1)=   1.9458836112745159       p(1,1,1)=   123.71302557616647     
 DEBUG T iter       95050 min   302.64042647048666      max   1286.8369092021242     
 DEBUG T iter       95100 min   302.64043168842221      max   1286.8377995870333     
   SIMPLE iter       95100  res_p=   6.9388939039072284E-017  u(1,1,1)=   1.9458836112745159       p(1,1,1)=   123.71302557616647     
 DEBUG T iter       95150 min   302.64043688435061      max   1286.8386862166544     
 DEBUG T iter       95200 min   302.64044205836456      max   1286.8395691068240     
   SIMPLE iter       95200  res_p=   6.9388939039072284E-017  u(1,1,1)=   1.9458836112745159       p(1,1,1)=   123.71302557616647     
 DEBUG T iter       95250 min   302.64044721055666      max   1286.8404482733190     
 DEBUG T iter       95300 min   302.64045234101894      max   1286.8413237318359     
   SIMPLE iter       95300  res_p=   6.9388939039072284E-017  u(1,1,1)=   1.9458836112745159       p(1,1,1)=   123.71302557616647     
 DEBUG T iter       95350 min   302.64045744984293      max   1286.8421954980199     
 DEBUG T iter       95400 min   302.64046253711984      max   1286.8430635874415     
   SIMPLE iter       95400  res_p=   6.9388939039072284E-017  u(1,1,1)=   1.9458836112745159       p(1,1,1)=   123.71302557616647     
 DEBUG T iter       95450 min   302.64046760294065      max   1286.8439280156076     
 DEBUG T iter       95500 min   302.64047264739600      max   1286.8447887979614     
   SIMPLE iter       95500  res_p=   6.9388939039072284E-017  u(1,1,1)=   1.9458836112745159       p(1,1,1)=   123.71302557616647     
 DEBUG T iter       95550 min   302.64047767057571      max   1286.8456459498802     
 DEBUG T iter       95600 min   302.64048267256970      max   1286.8464994866754     
   SIMPLE iter       95600  res_p=   6.9388939039072284E-017  u(1,1,1)=   1.9458836112745159       p(1,1,1)=   123.71302557616647     
 DEBUG T iter       95650 min   302.64048765346723      max   1286.8473494235909     
 DEBUG T iter       95700 min   302.64049261335748      max   1286.8481957758122     
   SIMPLE iter       95700  res_p=   6.9388939039072284E-017  u(1,1,1)=   1.9458836112745159       p(1,1,1)=   123.71302557616647     
 DEBUG T iter       95750 min   302.64049755232884      max   1286.8490385584587     
 DEBUG T iter       95800 min   302.64050247046947      max   1286.8498777865827     
   SIMPLE iter       95800  res_p=   6.9388939039072284E-017  u(1,1,1)=   1.9458836112745159       p(1,1,1)=   123.71302557616647     
 DEBUG T iter       95850 min   302.64050736786743      max   1286.8507134751790     
 DEBUG T iter       95900 min   302.64051224461014      max   1286.8515456391729     
   SIMPLE iter       95900  res_p=   6.9388939039072284E-017  u(1,1,1)=   1.9458836112745159       p(1,1,1)=   123.71302557616647     
 DEBUG T iter       95950 min   302.64051710078456      max   1286.8523742934312     
 DEBUG T iter       96000 min   302.64052193647774      max   1286.8531994527557     
   SIMPLE iter       96000  res_p=   6.9388939039072284E-017  u(1,1,1)=   1.9458836112745159       p(1,1,1)=   123.71302557616647     
 DEBUG T iter       96050 min   302.64052675177589      max   1286.8540211318887     
 DEBUG T iter       96100 min   302.64053154676492      max   1286.8548393455071     
   SIMPLE iter       96100  res_p=   6.9388939039072284E-017  u(1,1,1)=   1.9458836112745159       p(1,1,1)=   123.71302557616647     
 DEBUG T iter       96150 min   302.64053632153076      max   1286.8556541082260     
 DEBUG T iter       96200 min   302.64054107615834      max   1286.8564654346019     
   SIMPLE iter       96200  res_p=   6.9388939039072284E-017  u(1,1,1)=   1.9458836112745159       p(1,1,1)=   123.71302557616647     
 DEBUG T iter       96250 min   302.64054581073293      max   1286.8572733391279     
 DEBUG T iter       96300 min   302.64055052533894      max   1286.8580778362361     
   SIMPLE iter       96300  res_p=   6.9388939039072284E-017  u(1,1,1)=   1.9458836112745159       p(1,1,1)=   123.71302557616647     
 DEBUG T iter       96350 min   302.64055522006061      max   1286.8588789402984     
 DEBUG T iter       96400 min   302.64055989498183      max   1286.8596766656146     
   SIMPLE iter       96400  res_p=   6.9388939039072284E-017  u(1,1,1)=   1.9458836112745159       p(1,1,1)=   123.71302557616647     
 DEBUG T iter       96450 min   302.64056455018607      max   1286.8604710264474     
 DEBUG T iter       96500 min   302.64056918575659      max   1286.8612620369881     
   SIMPLE iter       96500  res_p=   6.9388939039072284E-017  u(1,1,1)=   1.9458836112745159       p(1,1,1)=   123.71302557616647     
 DEBUG T iter       96550 min   302.64057380177610      max   1286.8620497113584     
 DEBUG T iter       96600 min   302.64057839832702      max   1286.8628340636219     
   SIMPLE iter       96600  res_p=   6.9388939039072284E-017  u(1,1,1)=   1.9458836112745159       p(1,1,1)=   123.71302557616647     
 DEBUG T iter       96650 min   302.64058297549155      max   1286.8636151078165     
 DEBUG T iter       96700 min   302.64058753335149      max   1286.8643928578842     
   SIMPLE iter       96700  res_p=   6.9388939039072284E-017  u(1,1,1)=   1.9458836112745159       p(1,1,1)=   123.71302557616647     
 DEBUG T iter       96750 min   302.64059207198818      max   1286.8651673276963     
 DEBUG T iter       96800 min   302.64059659148268      max   1286.8659385311114     
   SIMPLE iter       96800  res_p=   6.9388939039072284E-017  u(1,1,1)=   1.9458836112745159       p(1,1,1)=   123.71302557616647     
 DEBUG T iter       96850 min   302.64060109191576      max   1286.8667064818944     
 DEBUG T iter       96900 min   302.64060557336779      max   1286.8674711937706     
   SIMPLE iter       96900  res_p=   6.9388939039072284E-017  u(1,1,1)=   1.9458836112745159       p(1,1,1)=   123.71302557616647     
 DEBUG T iter       96950 min   302.64061003591883      max   1286.8682326803948     
 DEBUG T iter       97000 min   302.64061447964866      max   1286.8689909553739     
   SIMPLE iter       97000  res_p=   6.9388939039072284E-017  u(1,1,1)=   1.9458836112745159       p(1,1,1)=   123.71302557616647     
 DEBUG T iter       97050 min   302.64061890463654      max   1286.8697460322494     
 DEBUG T iter       97100 min   302.64062331096164      max   1286.8704979245128     
   SIMPLE iter       97100  res_p=   6.9388939039072284E-017  u(1,1,1)=   1.9458836112745159       p(1,1,1)=   123.71302557616647     
 DEBUG T iter       97150 min   302.64062769870270      max   1286.8712466455959     
 DEBUG T iter       97200 min   302.64063206793793      max   1286.8719922088719     
   SIMPLE iter       97200  res_p=   6.9388939039072284E-017  u(1,1,1)=   1.9458836112745159       p(1,1,1)=   123.71302557616647     
 DEBUG T iter       97250 min   302.64063641874549      max   1286.8727346276596     
 DEBUG T iter       97300 min   302.64064075120308      max   1286.8734739152223     
   SIMPLE iter       97300  res_p=   6.9388939039072284E-017  u(1,1,1)=   1.9458836112745159       p(1,1,1)=   123.71302557616647     
 DEBUG T iter       97350 min   302.64064506538801      max   1286.8742100847644     
 DEBUG T iter       97400 min   302.64064936137760      max   1286.8749431494375     
   SIMPLE iter       97400  res_p=   6.9388939039072284E-017  u(1,1,1)=   1.9458836112745159       p(1,1,1)=   123.71302557616647     
 DEBUG T iter       97450 min   302.64065363924811      max   1286.8756731223357     
 DEBUG T iter       97500 min   302.64065789907659      max   1286.8764000165002     
   SIMPLE iter       97500  res_p=   6.9388939039072284E-017  u(1,1,1)=   1.9458836112745159       p(1,1,1)=   123.71302557616647     
 DEBUG T iter       97550 min   302.64066214093867      max   1286.8771238449128     
 DEBUG T iter       97600 min   302.64066636491043      max   1286.8778446205090     
   SIMPLE iter       97600  res_p=   6.9388939039072284E-017  u(1,1,1)=   1.9458836112745159       p(1,1,1)=   123.71302557616647     
 DEBUG T iter       97650 min   302.64067057106695      max   1286.8785623561594     
 DEBUG T iter       97700 min   302.64067475948372      max   1286.8792770646878     
   SIMPLE iter       97700  res_p=   6.9388939039072284E-017  u(1,1,1)=   1.9458836112745159       p(1,1,1)=   123.71302557616647     
 DEBUG T iter       97750 min   302.64067893023531      max   1286.8799887588616     
 DEBUG T iter       97800 min   302.64068308339648      max   1286.8806974513925     
   SIMPLE iter       97800  res_p=   6.9388939039072284E-017  u(1,1,1)=   1.9458836112745159       p(1,1,1)=   123.71302557616647     
 DEBUG T iter       97850 min   302.64068721904107      max   1286.8814031549437     
 DEBUG T iter       97900 min   302.64069133724325      max   1286.8821058821150     
   SIMPLE iter       97900  res_p=   6.9388939039072284E-017  u(1,1,1)=   1.9458836112745159       p(1,1,1)=   123.71302557616647     
 DEBUG T iter       97950 min   302.64069543807665      max   1286.8828056454649     
 DEBUG T iter       98000 min   302.64069952161418      max   1286.8835024574910     
   SIMPLE iter       98000  res_p=   6.9388939039072284E-017  u(1,1,1)=   1.9458836112745159       p(1,1,1)=   123.71302557616647     
 DEBUG T iter       98050 min   302.64070358792895      max   1286.8841963306454     
 DEBUG T iter       98100 min   302.64070763709384      max   1286.8848872773165     
   SIMPLE iter       98100  res_p=   6.9388939039072284E-017  u(1,1,1)=   1.9458836112745159       p(1,1,1)=   123.71302557616647     
 DEBUG T iter       98150 min   302.64071166918080      max   1286.8855753098512     
 DEBUG T iter       98200 min   302.64071568426203      max   1286.8862604405404     
   SIMPLE iter       98200  res_p=   6.9388939039072284E-017  u(1,1,1)=   1.9458836112745159       p(1,1,1)=   123.71302557616647     
 DEBUG T iter       98250 min   302.64071968240938      max   1286.8869426816186     
 DEBUG T iter       98300 min   302.64072366369402      max   1286.8876220452798     
   SIMPLE iter       98300  res_p=   6.9388939039072284E-017  u(1,1,1)=   1.9458836112745159       p(1,1,1)=   123.71302557616647     
 DEBUG T iter       98350 min   302.64072762818722      max   1286.8882985436549     
 DEBUG T iter       98400 min   302.64073157595971      max   1286.8889721888299     
   SIMPLE iter       98400  res_p=   6.9388939039072284E-017  u(1,1,1)=   1.9458836112745159       p(1,1,1)=   123.71302557616647     
 DEBUG T iter       98450 min   302.64073550708218      max   1286.8896429928393     
 DEBUG T iter       98500 min   302.64073942162474      max   1286.8903109676646     
   SIMPLE iter       98500  res_p=   6.9388939039072284E-017  u(1,1,1)=   1.9458836112745159       p(1,1,1)=   123.71302557616647     
 DEBUG T iter       98550 min   302.64074331965719      max   1286.8909761252401     
 DEBUG T iter       98600 min   302.64074720124950      max   1286.8916384774452     
   SIMPLE iter       98600  res_p=   6.9388939039072284E-017  u(1,1,1)=   1.9458836112745159       p(1,1,1)=   123.71302557616647     
 DEBUG T iter       98650 min   302.64075106647056      max   1286.8922980361122     
 DEBUG T iter       98700 min   302.64075491538978      max   1286.8929548130266     
   SIMPLE iter       98700  res_p=   6.9388939039072284E-017  u(1,1,1)=   1.9458836112745159       p(1,1,1)=   123.71302557616647     
 DEBUG T iter       98750 min   302.64075874807577      max   1286.8936088199148     
 DEBUG T iter       98800 min   302.64076256459708      max   1286.8942600684666     
   SIMPLE iter       98800  res_p=   6.9388939039072284E-017  u(1,1,1)=   1.9458836112745159       p(1,1,1)=   123.71302557616647     
 DEBUG T iter       98850 min   302.64076636502176      max   1286.8949085703086     
 DEBUG T iter       98900 min   302.64077014941785      max   1286.8955543370312     
   SIMPLE iter       98900  res_p=   6.9388939039072284E-017  u(1,1,1)=   1.9458836112745159       p(1,1,1)=   123.71302557616647     
 DEBUG T iter       98950 min   302.64077391785287      max   1286.8961973801652     
 DEBUG T iter       99000 min   302.64077767039402      max   1286.8968377112017     
   SIMPLE iter       99000  res_p=   6.9388939039072284E-017  u(1,1,1)=   1.9458836112745159       p(1,1,1)=   123.71302557616647     
 DEBUG T iter       99050 min   302.64078140710865      max   1286.8974753415775     
 DEBUG T iter       99100 min   302.64078512806304      max   1286.8981102826810     
   SIMPLE iter       99100  res_p=   6.9388939039072284E-017  u(1,1,1)=   1.9458836112745159       p(1,1,1)=   123.71302557616647     
 DEBUG T iter       99150 min   302.64078883332405      max   1286.8987425458563     
 DEBUG T iter       99200 min   302.64079252295790      max   1286.8993721423988     
   SIMPLE iter       99200  res_p=   6.9388939039072284E-017  u(1,1,1)=   1.9458836112745159       p(1,1,1)=   123.71302557616647     
 DEBUG T iter       99250 min   302.64079619703011      max   1286.8999990835546     
 DEBUG T iter       99300 min   302.64079985560676      max   1286.9006233805228     
   SIMPLE iter       99300  res_p=   6.9388939039072284E-017  u(1,1,1)=   1.9458836112745159       p(1,1,1)=   123.71302557616647     
 DEBUG T iter       99350 min   302.64080349875292      max   1286.9012450444554     
 DEBUG T iter       99400 min   302.64080712653362      max   1286.9018640864551     
   SIMPLE iter       99400  res_p=   6.9388939039072284E-017  u(1,1,1)=   1.9458836112745159       p(1,1,1)=   123.71302557616647     
 DEBUG T iter       99450 min   302.64081073901377      max   1286.9024805175839     
 DEBUG T iter       99500 min   302.64081433625807      max   1286.9030943488533     
   SIMPLE iter       99500  res_p=   6.9388939039072284E-017  u(1,1,1)=   1.9458836112745159       p(1,1,1)=   123.71302557616647     
 DEBUG T iter       99550 min   302.64081791833064      max   1286.9037055912281     
 DEBUG T iter       99600 min   302.64082148529536      max   1286.9043142556259     
   SIMPLE iter       99600  res_p=   6.9388939039072284E-017  u(1,1,1)=   1.9458836112745159       p(1,1,1)=   123.71302557616647     
 DEBUG T iter       99650 min   302.64082503721602      max   1286.9049203529180     
 DEBUG T iter       99700 min   302.64082857415627      max   1286.9055238939350     
   SIMPLE iter       99700  res_p=   6.9388939039072284E-017  u(1,1,1)=   1.9458836112745159       p(1,1,1)=   123.71302557616647     
 DEBUG T iter       99750 min   302.64083209617900      max   1286.9061248894568     
 DEBUG T iter       99800 min   302.64083560334723      max   1286.9067233502183     
   SIMPLE iter       99800  res_p=   6.9388939039072284E-017  u(1,1,1)=   1.9458836112745159       p(1,1,1)=   123.71302557616647     
 DEBUG T iter       99850 min   302.64083909572366      max   1286.9073192869100     
 DEBUG T iter       99900 min   302.64084257337066      max   1286.9079127101777     
   SIMPLE iter       99900  res_p=   6.9388939039072284E-017  u(1,1,1)=   1.9458836112745159       p(1,1,1)=   123.71302557616647     
 DEBUG T iter       99950 min   302.64084603635024      max   1286.9085036306262     
 DEBUG T iter      100000 min   302.64084948472447      max   1286.9090920588030     
   SIMPLE iter      100000  res_p=   6.9388939039072284E-017  u(1,1,1)=   1.9458836112745159       p(1,1,1)=   123.71302557616647     
 DEBUG T iter      100050 min   302.64085291855474      max   1286.9096780052269     
 DEBUG T iter      100100 min   302.64085633790251      max   1286.9102614803671     
   SIMPLE iter      100100  res_p=   6.9388939039072284E-017  u(1,1,1)=   1.9458836112745159       p(1,1,1)=   123.71302557616647     
 DEBUG T iter      100150 min   302.64085974282887      max   1286.9108424946412     
 DEBUG T iter      100200 min   302.64086313339470      max   1286.9114210584280     
   SIMPLE iter      100200  res_p=   6.9388939039072284E-017  u(1,1,1)=   1.9458836112745159       p(1,1,1)=   123.71302557616647     
 DEBUG T iter      100250 min   302.64086650966021      max   1286.9119971820646     
 DEBUG T iter      100300 min   302.64086987168622      max   1286.9125708758424     
   SIMPLE iter      100300  res_p=   6.9388939039072284E-017  u(1,1,1)=   1.9458836112745159       p(1,1,1)=   123.71302557616647     
 DEBUG T iter      100350 min   302.64087321953252      max   1286.9131421500083     
 DEBUG T iter      100400 min   302.64087655325886      max   1286.9137110147683     
   SIMPLE iter      100400  res_p=   6.9388939039072284E-017  u(1,1,1)=   1.9458836112745159       p(1,1,1)=   123.71302557616647     
 DEBUG T iter      100450 min   302.64087987292493      max   1286.9142774802829     
 DEBUG T iter      100500 min   302.64088317858983      max   1286.9148415566726     
   SIMPLE iter      100500  res_p=   6.9388939039072284E-017  u(1,1,1)=   1.9458836112745159       p(1,1,1)=   123.71302557616647     
 DEBUG T iter      100550 min   302.64088647031286      max   1286.9154032540146     
 DEBUG T iter      100600 min   302.64088974815280      max   1286.9159625823388     
   SIMPLE iter      100600  res_p=   6.9388939039072284E-017  u(1,1,1)=   1.9458836112745159       p(1,1,1)=   123.71302557616647     
 DEBUG T iter      100650 min   302.64089301216802      max   1286.9165195516416     
 DEBUG T iter      100700 min   302.64089626241696      max   1286.9170741718683     
   SIMPLE iter      100700  res_p=   6.9388939039072284E-017  u(1,1,1)=   1.9458836112745159       p(1,1,1)=   123.71302557616647     
 DEBUG T iter      100750 min   302.64089949895754      max   1286.9176264529290     
 DEBUG T iter      100800 min   302.64090272184791      max   1286.9181764046875     
   SIMPLE iter      100800  res_p=   6.9388939039072284E-017  u(1,1,1)=   1.9458836112745159       p(1,1,1)=   123.71302557616647     
 DEBUG T iter      100850 min   302.64090593114520      max   1286.9187240369683     
 DEBUG T iter      100900 min   302.64090912690710      max   1286.9192693595555     
   SIMPLE iter      100900  res_p=   6.9388939039072284E-017  u(1,1,1)=   1.9458836112745159       p(1,1,1)=   123.71302557616647     
 DEBUG T iter      100950 min   302.64091230919036      max   1286.9198123821902     
 DEBUG T iter      101000 min   302.64091547805225      max   1286.9203531145731     
   SIMPLE iter      101000  res_p=   6.9388939039072284E-017  u(1,1,1)=   1.9458836112745159       p(1,1,1)=   123.71302557616647     
 DEBUG T iter      101050 min   302.64091863354895      max   1286.9208915663610     
 DEBUG T iter      101100 min   302.64092177573724      max   1286.9214277471740     
   SIMPLE iter      101100  res_p=   6.9388939039072284E-017  u(1,1,1)=   1.9458836112745159       p(1,1,1)=   123.71302557616647     
 DEBUG T iter      101150 min   302.64092490467289      max   1286.9219616665907     
 DEBUG T iter      101200 min   302.64092802041193      max   1286.9224933341486     
   SIMPLE iter      101200  res_p=   6.9388939039072284E-017  u(1,1,1)=   1.9458836112745159       p(1,1,1)=   123.71302557616647     
 DEBUG T iter      101250 min   302.64093112301003      max   1286.9230227593478     
 DEBUG T iter      101300 min   302.64093421252267      max   1286.9235499516383     
   SIMPLE iter      101300  res_p=   6.9388939039072284E-017  u(1,1,1)=   1.9458836112745159       p(1,1,1)=   123.71302557616647     
 DEBUG T iter      101350 min   302.64093728900491      max   1286.9240749204459     
 DEBUG T iter      101400 min   302.64094035251185      max   1286.9245976751424     
   SIMPLE iter      101400  res_p=   6.9388939039072284E-017  u(1,1,1)=   1.9458836112745159       p(1,1,1)=   123.71302557616647     
 DEBUG T iter      101450 min   302.64094340309805      max   1286.9251182250714     
 DEBUG T iter      101500 min   302.64094644081808      max   1286.9256365795270     
   SIMPLE iter      101500  res_p=   6.9388939039072284E-017  u(1,1,1)=   1.9458836112745159       p(1,1,1)=   123.71302557616647     
 DEBUG T iter      101550 min   302.64094946572641      max   1286.9261527477672     
 DEBUG T iter      101600 min   302.64095247787668      max   1286.9266667390179     
   SIMPLE iter      101600  res_p=   6.9388939039072284E-017  u(1,1,1)=   1.9458836112745159       p(1,1,1)=   123.71302557616647     
 DEBUG T iter      101650 min   302.64095547732296      max   1286.9271785624562     
 DEBUG T iter      101700 min   302.64095846411885      max   1286.9276882272277     
   SIMPLE iter      101700  res_p=   6.9388939039072284E-017  u(1,1,1)=   1.9458836112745159       p(1,1,1)=   123.71302557616647     
 DEBUG T iter      101750 min   302.64096143831756      max   1286.9281957424387     
 DEBUG T iter      101800 min   302.64096439997235      max   1286.9287011171546     
   SIMPLE iter      101800  res_p=   6.9388939039072284E-017  u(1,1,1)=   1.9458836112745159       p(1,1,1)=   123.71302557616647     
 DEBUG T iter      101850 min   302.64096734913608      max   1286.9292043603971     
 DEBUG T iter      101900 min   302.64097028586127      max   1286.9297054811645     
   SIMPLE iter      101900  res_p=   6.9388939039072284E-017  u(1,1,1)=   1.9458836112745159       p(1,1,1)=   123.71302557616647     
 DEBUG T iter      101950 min   302.64097321020057      max   1286.9302044884046     
 DEBUG T iter      102000 min   302.64097612220610      max   1286.9307013910304     
   SIMPLE iter      102000  res_p=   6.9388939039072284E-017  u(1,1,1)=   1.9458836112745159       p(1,1,1)=   123.71302557616647     
 DEBUG T iter      102050 min   302.64097902193009      max   1286.9311961979186     
 DEBUG T iter      102100 min   302.64098190942428      max   1286.9316889179092     
   SIMPLE iter      102100  res_p=   6.9388939039072284E-017  u(1,1,1)=   1.9458836112745159       p(1,1,1)=   123.71302557616647     
 DEBUG T iter      102150 min   302.64098478473994      max   1286.9321795598023     
 DEBUG T iter      102200 min   302.64098764792885      max   1286.9326681323680     
   SIMPLE iter      102200  res_p=   6.9388939039072284E-017  u(1,1,1)=   1.9458836112745159       p(1,1,1)=   123.71302557616647     
 DEBUG T iter      102250 min   302.64099049904195      max   1286.9331546443273     
 DEBUG T iter      102300 min   302.64099333813022      max   1286.9336391043719     
   SIMPLE iter      102300  res_p=   6.9388939039072284E-017  u(1,1,1)=   1.9458836112745159       p(1,1,1)=   123.71302557616647     
 DEBUG T iter      102350 min   302.64099616524425      max   1286.9341215211573     
 DEBUG T iter      102400 min   302.64099898043457      max   1286.9346019033014     
   SIMPLE iter      102400  res_p=   6.9388939039072284E-017  u(1,1,1)=   1.9458836112745159       p(1,1,1)=   123.71302557616647     
 DEBUG T iter      102450 min   302.64100178375168      max   1286.9350802593849     
 DEBUG T iter      102500 min   302.64100457524546      max   1286.9355565979552     
   SIMPLE iter      102500  res_p=   6.9388939039072284E-017  u(1,1,1)=   1.9458836112745159       p(1,1,1)=   123.71302557616647     
 DEBUG T iter      102550 min   302.64100735496589      max   1286.9360309275169     
 DEBUG T iter      102600 min   302.64101012296248      max   1286.9365032565461     
   SIMPLE iter      102600  res_p=   6.9388939039072284E-017  u(1,1,1)=   1.9458836112745159       p(1,1,1)=   123.71302557616647     
 DEBUG T iter      102650 min   302.64101287928486      max   1286.9369735934815     
 DEBUG T iter      102700 min   302.64101562398213      max   1286.9374419467197     
   SIMPLE iter      102700  res_p=   6.9388939039072284E-017  u(1,1,1)=   1.9458836112745159       p(1,1,1)=   123.71302557616647     
 DEBUG T iter      102750 min   302.64101835710335      max   1286.9379083246329     
 DEBUG T iter      102800 min   302.64102107869729      max   1286.9383727355507     
   SIMPLE iter      102800  res_p=   6.9388939039072284E-017  u(1,1,1)=   1.9458836112745159       p(1,1,1)=   123.71302557616647     
 DEBUG T iter      102850 min   302.64102378881273      max   1286.9388351877708     
 DEBUG T iter      102900 min   302.64102648749804      max   1286.9392956895522     
   SIMPLE iter      102900  res_p=   6.9388939039072284E-017  u(1,1,1)=   1.9458836112745159       p(1,1,1)=   123.71302557616647     
 DEBUG T iter      102950 min   302.64102917480125      max   1286.9397542491190     
 DEBUG T iter      103000 min   302.64103185077056      max   1286.9402108746640     
   SIMPLE iter      103000  res_p=   6.9388939039072284E-017  u(1,1,1)=   1.9458836112745159       p(1,1,1)=   123.71302557616647     
 DEBUG T iter      103050 min   302.64103451545367      max   1286.9406655743446     
 DEBUG T iter      103100 min   302.64103716889821      max   1286.9411183562859     
   SIMPLE iter      103100  res_p=   6.9388939039072284E-017  u(1,1,1)=   1.9458836112745159       p(1,1,1)=   123.71302557616647     
 DEBUG T iter      103150 min   302.64103981115153      max   1286.9415692285713     
 DEBUG T iter      103200 min   302.64104244226093      max   1286.9420181992591     
   SIMPLE iter      103200  res_p=   6.9388939039072284E-017  u(1,1,1)=   1.9458836112745159       p(1,1,1)=   123.71302557616647     
 DEBUG T iter      103250 min   302.64104506227341      max   1286.9424652763676     
 DEBUG T iter      103300 min   302.64104767123564      max   1286.9429104678834     
   SIMPLE iter      103300  res_p=   6.9388939039072284E-017  u(1,1,1)=   1.9458836112745159       p(1,1,1)=   123.71302557616647     
 DEBUG T iter      103350 min   302.64105026919435      max   1286.9433537817604     
 DEBUG T iter      103400 min   302.64105285619593      max   1286.9437952259148     
   SIMPLE iter      103400  res_p=   6.9388939039072284E-017  u(1,1,1)=   1.9458836112745159       p(1,1,1)=   123.71302557616647     
 DEBUG T iter      103450 min   302.64105543228663      max   1286.9442348082330     
 DEBUG T iter      103500 min   302.64105799751229      max   1286.9446725365692     
   SIMPLE iter      103500  res_p=   6.9388939039072284E-017  u(1,1,1)=   1.9458836112745159       p(1,1,1)=   123.71302557616647     
 DEBUG T iter      103550 min   302.64106055191877      max   1286.9451084187422     
 DEBUG T iter      103600 min   302.64106309555194      max   1286.9455424625387     
   SIMPLE iter      103600  res_p=   6.9388939039072284E-017  u(1,1,1)=   1.9458836112745159       p(1,1,1)=   123.71302557616647     
 DEBUG T iter      103650 min   302.64106562845700      max   1286.9459746757102     
 DEBUG T iter      103700 min   302.64106815067936      max   1286.9464050659783     
   SIMPLE iter      103700  res_p=   6.9388939039072284E-017  u(1,1,1)=   1.9458836112745159       p(1,1,1)=   123.71302557616647     
 DEBUG T iter      103750 min   302.64107066226399      max   1286.9468336410334     
 DEBUG T iter      103800 min   302.64107316325567      max   1286.9472604085274     
   SIMPLE iter      103800  res_p=   6.9388939039072284E-017  u(1,1,1)=   1.9458836112745159       p(1,1,1)=   123.71302557616647     
 DEBUG T iter      103850 min   302.64107565369915      max   1286.9476853760887     
 DEBUG T iter      103900 min   302.64107813363904      max   1286.9481085513071     
   SIMPLE iter      103900  res_p=   6.9388939039072284E-017  u(1,1,1)=   1.9458836112745159       p(1,1,1)=   123.71302557616647     
 DEBUG T iter      103950 min   302.64108060311946      max   1286.9485299417408     
 DEBUG T iter      104000 min   302.64108306218458      max   1286.9489495549180     
   SIMPLE iter      104000  res_p=   6.9388939039072284E-017  u(1,1,1)=   1.9458836112745159       p(1,1,1)=   123.71302557616647     
 DEBUG T iter      104050 min   302.64108551087844      max   1286.9493673983341     
 DEBUG T iter      104100 min   302.64108794924482      max   1286.9497834794531     
   SIMPLE iter      104100  res_p=   6.9388939039072284E-017  u(1,1,1)=   1.9458836112745159       p(1,1,1)=   123.71302557616647     
 DEBUG T iter      104150 min   302.64109037732680      max   1286.9501978057076     
 DEBUG T iter      104200 min   302.64109279516822      max   1286.9506103844994     
   SIMPLE iter      104200  res_p=   6.9388939039072284E-017  u(1,1,1)=   1.9458836112745159       p(1,1,1)=   123.71302557616647     
 DEBUG T iter      104250 min   302.64109520281232      max   1286.9510212231994     
 DEBUG T iter      104300 min   302.64109760030169      max   1286.9514303291464     
   SIMPLE iter      104300  res_p=   6.9388939039072284E-017  u(1,1,1)=   1.9458836112745159       p(1,1,1)=   123.71302557616647     
 DEBUG T iter      104350 min   302.64109998767958      max   1286.9518377096479     
 DEBUG T iter      104400 min   302.64110236498840      max   1286.9522433719842     
   SIMPLE iter      104400  res_p=   6.9388939039072284E-017  u(1,1,1)=   1.9458836112745159       p(1,1,1)=   123.71302557616647     
 DEBUG T iter      104450 min   302.64110473227061      max   1286.9526473233975     
 DEBUG T iter      104500 min   302.64110708956866      max   1286.9530495711062     
   SIMPLE iter      104500  res_p=   6.9388939039072284E-017  u(1,1,1)=   1.9458836112745159       p(1,1,1)=   123.71302557616647     
 DEBUG T iter      104550 min   302.64110943692458      max   1286.9534501222847     
 DEBUG T iter      104600 min   302.64111177438019      max   1286.9538489841016     
   SIMPLE iter      104600  res_p=   6.9388939039072284E-017  u(1,1,1)=   1.9458836112745159       p(1,1,1)=   123.71302557616647     
 DEBUG T iter      104650 min   302.64111410197745      max   1286.9542461636881     
 DEBUG T iter      104700 min   302.64111641975785      max   1286.9546416681335     
   SIMPLE iter      104700  res_p=   6.9388939039072284E-017  u(1,1,1)=   1.9458836112745159       p(1,1,1)=   123.71302557616647     
 DEBUG T iter      104750 min   302.64111872776260      max   1286.9550355044757     
 DEBUG T iter      104800 min   302.64112102603332      max   1286.9554276797694     
   SIMPLE iter      104800  res_p=   6.9388939039072284E-017  u(1,1,1)=   1.9458836112745159       p(1,1,1)=   123.71302557616647     
 DEBUG T iter      104850 min   302.64112331461081      max   1286.9558182010362     
 DEBUG T iter      104900 min   302.64112559353589      max   1286.9562070752522     
   SIMPLE iter      104900  res_p=   6.9388939039072284E-017  u(1,1,1)=   1.9458836112745159       p(1,1,1)=   123.71302557616647     
 DEBUG T iter      104950 min   302.64112786284937      max   1286.9565943093535     
 DEBUG T iter      105000 min   302.64113012259196      max   1286.9569799102401     
   SIMPLE iter      105000  res_p=   6.9388939039072284E-017  u(1,1,1)=   1.9458836112745159       p(1,1,1)=   123.71302557616647     
 DEBUG T iter      105050 min   302.64113237280372      max   1286.9573638848262     
 DEBUG T iter      105100 min   302.64113461352503      max   1286.9577462399550     
   SIMPLE iter      105100  res_p=   6.9388939039072284E-017  u(1,1,1)=   1.9458836112745159       p(1,1,1)=   123.71302557616647     
 DEBUG T iter      105150 min   302.64113684479571      max   1286.9581269824646     
 DEBUG T iter      105200 min   302.64113906665602      max   1286.9585061191519     
   SIMPLE iter      105200  res_p=   6.9388939039072284E-017  u(1,1,1)=   1.9458836112745159       p(1,1,1)=   123.71302557616647     
 DEBUG T iter      105250 min   302.64114127914530      max   1286.9588836567957     
 DEBUG T iter      105300 min   302.64114348230322      max   1286.9592596021328     
   SIMPLE iter      105300  res_p=   6.9388939039072284E-017  u(1,1,1)=   1.9458836112745159       p(1,1,1)=   123.71302557616647     
 DEBUG T iter      105350 min   302.64114567616900      max   1286.9596339618829     
 DEBUG T iter      105400 min   302.64114786078210      max   1286.9600067427352     
   SIMPLE iter      105400  res_p=   6.9388939039072284E-017  u(1,1,1)=   1.9458836112745159       p(1,1,1)=   123.71302557616647     
 DEBUG T iter      105450 min   302.64115003618127      max   1286.9603779513463     
 DEBUG T iter      105500 min   302.64115220240546      max   1286.9607475943446     
   SIMPLE iter      105500  res_p=   6.9388939039072284E-017  u(1,1,1)=   1.9458836112745159       p(1,1,1)=   123.71302557616647     
 DEBUG T iter      105550 min   302.64115435949344      max   1286.9611156783371     
 DEBUG T iter      105600 min   302.64115650748363      max   1286.9614822099009     
   SIMPLE iter      105600  res_p=   6.9388939039072284E-017  u(1,1,1)=   1.9458836112745159       p(1,1,1)=   123.71302557616647     
 DEBUG T iter      105650 min   302.64115864641457      max   1286.9618471955785     
 DEBUG T iter      105700 min   302.64116077632428      max   1286.9622106418933     
   SIMPLE iter      105700  res_p=   6.9388939039072284E-017  u(1,1,1)=   1.9458836112745159       p(1,1,1)=   123.71302557616647     
 DEBUG T iter      105750 min   302.64116289725075      max   1286.9625725553378     
 DEBUG T iter      105800 min   302.64116500923211      max   1286.9629329423742     
   SIMPLE iter      105800  res_p=   6.9388939039072284E-017  u(1,1,1)=   1.9458836112745159       p(1,1,1)=   123.71302557616647     
 DEBUG T iter      105850 min   302.64116711230599      max   1286.9632918094424     
 DEBUG T iter      105900 min   302.64116920650991      max   1286.9636491629522     
   SIMPLE iter      105900  res_p=   6.9388939039072284E-017  u(1,1,1)=   1.9458836112745159       p(1,1,1)=   123.71302557616647     
 DEBUG T iter      105950 min   302.64117129188134      max   1286.9640050092883     
 DEBUG T iter      106000 min   302.64117336845754      max   1286.9643593548062     
   SIMPLE iter      106000  res_p=   6.9388939039072284E-017  u(1,1,1)=   1.9458836112745159       p(1,1,1)=   123.71302557616647     
 DEBUG T iter      106050 min   302.64117543627549      max   1286.9647122058375     
 DEBUG T iter      106100 min   302.64117749537218      max   1286.9650635686824     
   SIMPLE iter      106100  res_p=   6.9388939039072284E-017  u(1,1,1)=   1.9458836112745159       p(1,1,1)=   123.71302557616647     
 DEBUG T iter      106150 min   302.64117954578455      max   1286.9654134496191     
 DEBUG T iter      106200 min   302.64118158754906      max   1286.9657618548981     
   SIMPLE iter      106200  res_p=   6.9388939039072284E-017  u(1,1,1)=   1.9458836112745159       p(1,1,1)=   123.71302557616647     
 DEBUG T iter      106250 min   302.64118362070218      max   1286.9661087907411     
 DEBUG T iter      106300 min   302.64118564528030      max   1286.9664542633482     
   SIMPLE iter      106300  res_p=   6.9388939039072284E-017  u(1,1,1)=   1.9458836112745159       p(1,1,1)=   123.71302557616647     
 DEBUG T iter      106350 min   302.64118766131958      max   1286.9667982788887     
 DEBUG T iter      106400 min   302.64118966885599      max   1286.9671408435099     
   SIMPLE iter      106400  res_p=   6.9388939039072284E-017  u(1,1,1)=   1.9458836112745159       p(1,1,1)=   123.71302557616647     
 DEBUG T iter      106450 min   302.64119166792534      max   1286.9674819633292     
 DEBUG T iter      106500 min   302.64119365856351      max   1286.9678216444422     
   SIMPLE iter      106500  res_p=   6.9388939039072284E-017  u(1,1,1)=   1.9458836112745159       p(1,1,1)=   123.71302557616647     
 DEBUG T iter      106550 min   302.64119564080590      max   1286.9681598929164     
 DEBUG T iter      106600 min   302.64119761468811      max   1286.9684967147948     
   SIMPLE iter      106600  res_p=   6.9388939039072284E-017  u(1,1,1)=   1.9458836112745159       p(1,1,1)=   123.71302557616647     
 DEBUG T iter      106650 min   302.64119958024509      max   1286.9688321160904     
 DEBUG T iter      106700 min   302.64120153751230      max   1286.9691661027975     
   SIMPLE iter      106700  res_p=   6.9388939039072284E-017  u(1,1,1)=   1.9458836112745159       p(1,1,1)=   123.71302557616647     
 DEBUG T iter      106750 min   302.64120348652438      max   1286.9694986808818     
 DEBUG T iter      106800 min   302.64120542731644      max   1286.9698298562837     
   SIMPLE iter      106800  res_p=   6.9388939039072284E-017  u(1,1,1)=   1.9458836112745159       p(1,1,1)=   123.71302557616647     
 DEBUG T iter      106850 min   302.64120735992287      max   1286.9701596349219     
 DEBUG T iter      106900 min   302.64120928437842      max   1286.9704880226848     
   SIMPLE iter      106900  res_p=   6.9388939039072284E-017  u(1,1,1)=   1.9458836112745159       p(1,1,1)=   123.71302557616647     
 DEBUG T iter      106950 min   302.64121120071746      max   1286.9708150254389     
 DEBUG T iter      107000 min   302.64121310897400      max   1286.9711406490276     
   SIMPLE iter      107000  res_p=   6.9388939039072284E-017  u(1,1,1)=   1.9458836112745159       p(1,1,1)=   123.71302557616647     
 DEBUG T iter      107050 min   302.64121500918236      max   1286.9714648992656     
 DEBUG T iter      107100 min   302.64121690137637      max   1286.9717877819464     
   SIMPLE iter      107100  res_p=   6.9388939039072284E-017  u(1,1,1)=   1.9458836112745159       p(1,1,1)=   123.71302557616647     
 DEBUG T iter      107150 min   302.64121878558990      max   1286.9721093028340     
 DEBUG T iter      107200 min   302.64122066185666      max   1286.9724294676769     
   SIMPLE iter      107200  res_p=   6.9388939039072284E-017  u(1,1,1)=   1.9458836112745159       p(1,1,1)=   123.71302557616647     
 DEBUG T iter      107250 min   302.64122253020986      max   1286.9727482821911     
 DEBUG T iter      107300 min   302.64122439068325      max   1286.9730657520731     
   SIMPLE iter      107300  res_p=   6.9388939039072284E-017  u(1,1,1)=   1.9458836112745159       p(1,1,1)=   123.71302557616647     
 DEBUG T iter      107350 min   302.64122624330997      max   1286.9733818829943     
 DEBUG T iter      107400 min   302.64122808812283      max   1286.9736966806004     
   SIMPLE iter      107400  res_p=   6.9388939039072284E-017  u(1,1,1)=   1.9458836112745159       p(1,1,1)=   123.71302557616647     
 DEBUG T iter      107450 min   302.64122992515513      max   1286.9740101505167     
 DEBUG T iter      107500 min   302.64123175443950      max   1286.9743222983411     
   SIMPLE iter      107500  res_p=   6.9388939039072284E-017  u(1,1,1)=   1.9458836112745159       p(1,1,1)=   123.71302557616647     
 DEBUG T iter      107550 min   302.64123357600880      max   1286.9746331296506     
 DEBUG T iter      107600 min   302.64123538989526      max   1286.9749426499968     
   SIMPLE iter      107600  res_p=   6.9388939039072284E-017  u(1,1,1)=   1.9458836112745159       p(1,1,1)=   123.71302557616647     
 DEBUG T iter      107650 min   302.64123719613167      max   1286.9752508649140     
 DEBUG T iter      107700 min   302.64123899474987      max   1286.9755577799008     
   SIMPLE iter      107700  res_p=   6.9388939039072284E-017  u(1,1,1)=   1.9458836112745159       p(1,1,1)=   123.71302557616647     
 DEBUG T iter      107750 min   302.64124078578249      max   1286.9758634004440     
 DEBUG T iter      107800 min   302.64124256926101      max   1286.9761677320016     
   SIMPLE iter      107800  res_p=   6.9388939039072284E-017  u(1,1,1)=   1.9458836112745159       p(1,1,1)=   123.71302557616647     
 DEBUG T iter      107850 min   302.64124434521761      max   1286.9764707800095     
 DEBUG T iter      107900 min   302.64124611368396      max   1286.9767725498816     
   SIMPLE iter      107900  res_p=   6.9388939039072284E-017  u(1,1,1)=   1.9458836112745159       p(1,1,1)=   123.71302557616647     
 DEBUG T iter      107950 min   302.64124787469166      max   1286.9770730470088     
 DEBUG T iter      108000 min   302.64124962827208      max   1286.9773722767588     
   SIMPLE iter      108000  res_p=   6.9388939039072284E-017  u(1,1,1)=   1.9458836112745159       p(1,1,1)=   123.71302557616647     
 DEBUG T iter      108050 min   302.64125137445666      max   1286.9776702444756     
 DEBUG T iter      108100 min   302.64125311327638      max   1286.9779669554850     
   SIMPLE iter      108100  res_p=   6.9388939039072284E-017  u(1,1,1)=   1.9458836112745159       p(1,1,1)=   123.71302557616647     
 DEBUG T iter      108150 min   302.64125484476261      max   1286.9782624150846     
 DEBUG T iter      108200 min   302.64125656894606      max   1286.9785566285561     
   SIMPLE iter      108200  res_p=   6.9388939039072284E-017  u(1,1,1)=   1.9458836112745159       p(1,1,1)=   123.71302557616647     
 DEBUG T iter      108250 min   302.64125828585753      max   1286.9788496011508     
 DEBUG T iter      108300 min   302.64125999552778      max   1286.9791413381045     
   SIMPLE iter      108300  res_p=   6.9388939039072284E-017  u(1,1,1)=   1.9458836112745159       p(1,1,1)=   123.71302557616647     
 DEBUG T iter      108350 min   302.64126169798743      max   1286.9794318446291     
 DEBUG T iter      108400 min   302.64126339326674      max   1286.9797211259129     
   SIMPLE iter      108400  res_p=   6.9388939039072284E-017  u(1,1,1)=   1.9458836112745159       p(1,1,1)=   123.71302557616647     
 DEBUG T iter      108450 min   302.64126508139600      max   1286.9800091871225     
 DEBUG T iter      108500 min   302.64126676240545      max   1286.9802960334057     
   SIMPLE iter      108500  res_p=   6.9388939039072284E-017  u(1,1,1)=   1.9458836112745159       p(1,1,1)=   123.71302557616647     
 DEBUG T iter      108550 min   302.64126843632494      max   1286.9805816698849     
 DEBUG T iter      108600 min   302.64127010318458      max   1286.9808661016641     
   SIMPLE iter      108600  res_p=   6.9388939039072284E-017  u(1,1,1)=   1.9458836112745159       p(1,1,1)=   123.71302557616647     
 DEBUG T iter      108650 min   302.64127176301417      max   1286.9811493338234     
 DEBUG T iter      108700 min   302.64127341584316      max   1286.9814313714232     
   SIMPLE iter      108700  res_p=   6.9388939039072284E-017  u(1,1,1)=   1.9458836112745159       p(1,1,1)=   123.71302557616647     
 DEBUG T iter      108750 min   302.64127506170121      max   1286.9817122194997     
 DEBUG T iter      108800 min   302.64127670061771      max   1286.9819918830706     
   SIMPLE iter      108800  res_p=   6.9388939039072284E-017  u(1,1,1)=   1.9458836112745159       p(1,1,1)=   123.71302557616647     
 DEBUG T iter      108850 min   302.64127833262188      max   1286.9822703671325     
 DEBUG T iter      108900 min   302.64127995774288      max   1286.9825476766609     
   SIMPLE iter      108900  res_p=   6.9388939039072284E-017  u(1,1,1)=   1.9458836112745159       p(1,1,1)=   123.71302557616647     
 DEBUG T iter      108950 min   302.64128157600982      max   1286.9828238166076     
 DEBUG T iter      109000 min   302.64128318745151      max   1286.9830987919079     
   SIMPLE iter      109000  res_p=   6.9388939039072284E-017  u(1,1,1)=   1.9458836112745159       p(1,1,1)=   123.71302557616647     
 DEBUG T iter      109050 min   302.64128479209688      max   1286.9833726074714     
 DEBUG T iter      109100 min   302.64128638997448      max   1286.9836452681889     
   SIMPLE iter      109100  res_p=   6.9388939039072284E-017  u(1,1,1)=   1.9458836112745159       p(1,1,1)=   123.71302557616647     
 DEBUG T iter      109150 min   302.64128798111273      max   1286.9839167789335     
 DEBUG T iter      109200 min   302.64128956554026      max   1286.9841871445535     
   SIMPLE iter      109200  res_p=   6.9388939039072284E-017  u(1,1,1)=   1.9458836112745159       p(1,1,1)=   123.71302557616647     
 DEBUG T iter      109250 min   302.64129114328534      max   1286.9844563698800     
 DEBUG T iter      109300 min   302.64129271437616      max   1286.9847244597197     
   SIMPLE iter      109300  res_p=   6.9388939039072284E-017  u(1,1,1)=   1.9458836112745159       p(1,1,1)=   123.71302557616647     
 DEBUG T iter      109350 min   302.64129427884063      max   1286.9849914188655     
 DEBUG T iter      109400 min   302.64129583670689      max   1286.9852572520815     
   SIMPLE iter      109400  res_p=   6.9388939039072284E-017  u(1,1,1)=   1.9458836112745159       p(1,1,1)=   123.71302557616647     
 DEBUG T iter      109450 min   302.64129738800278      max   1286.9855219641215     
 DEBUG T iter      109500 min   302.64129893275583      max   1286.9857855597120     
   SIMPLE iter      109500  res_p=   6.9388939039072284E-017  u(1,1,1)=   1.9458836112745159       p(1,1,1)=   123.71302557616647     
 DEBUG T iter      109550 min   302.64130047099366      max   1286.9860480435575     
 DEBUG T iter      109600 min   302.64130200274388      max   1286.9863094203552     
   SIMPLE iter      109600  res_p=   6.9388939039072284E-017  u(1,1,1)=   1.9458836112745159       p(1,1,1)=   123.71302557616647     
 DEBUG T iter      109650 min   302.64130352803375      max   1286.9865696947681     
 DEBUG T iter      109700 min   302.64130504689064      max   1286.9868288714488     
   SIMPLE iter      109700  res_p=   6.9388939039072284E-017  u(1,1,1)=   1.9458836112745159       p(1,1,1)=   123.71302557616647     
 DEBUG T iter      109750 min   302.64130655934161      max   1286.9870869550280     
 DEBUG T iter      109800 min   302.64130806541351      max   1286.9873439501112     
   SIMPLE iter      109800  res_p=   6.9388939039072284E-017  u(1,1,1)=   1.9458836112745159       p(1,1,1)=   123.71302557616647     
 DEBUG T iter      109850 min   302.64130956513344      max   1286.9875998612902     
 DEBUG T iter      109900 min   302.64131105852817      max   1286.9878546931391     
   SIMPLE iter      109900  res_p=   6.9388939039072284E-017  u(1,1,1)=   1.9458836112745159       p(1,1,1)=   123.71302557616647     
 DEBUG T iter      109950 min   302.64131254562454      max   1286.9881084502097     
 DEBUG T iter      110000 min   302.64131402644875      max   1286.9883611370333     
   SIMPLE iter      110000  res_p=   6.9388939039072284E-017  u(1,1,1)=   1.9458836112745159       p(1,1,1)=   123.71302557616647     
 DEBUG T iter      110050 min   302.64131550102741      max   1286.9886127581258     
 DEBUG T iter      110100 min   302.64131696938693      max   1286.9888633179794     
   SIMPLE iter      110100  res_p=   6.9388939039072284E-017  u(1,1,1)=   1.9458836112745159       p(1,1,1)=   123.71302557616647     
 DEBUG T iter      110150 min   302.64131843155354      max   1286.9891128210722     
 DEBUG T iter      110200 min   302.64131988755332      max   1286.9893612718602     
   SIMPLE iter      110200  res_p=   6.9388939039072284E-017  u(1,1,1)=   1.9458836112745159       p(1,1,1)=   123.71302557616647     
 DEBUG T iter      110250 min   302.64132133741231      max   1286.9896086747808     
 DEBUG T iter      110300 min   302.64132278115619      max   1286.9898550342559     
   SIMPLE iter      110300  res_p=   6.9388939039072284E-017  u(1,1,1)=   1.9458836112745159       p(1,1,1)=   123.71302557616647     
 DEBUG T iter      110350 min   302.64132421881106      max   1286.9901003546854     
 DEBUG T iter      110400 min   302.64132565040239      max   1286.9903446404519     
   SIMPLE iter      110400  res_p=   6.9388939039072284E-017  u(1,1,1)=   1.9458836112745159       p(1,1,1)=   123.71302557616647     
 DEBUG T iter      110450 min   302.64132707595599      max   1286.9905878959166     
 DEBUG T iter      110500 min   302.64132849549702      max   1286.9908301254272     
   SIMPLE iter      110500  res_p=   6.9388939039072284E-017  u(1,1,1)=   1.9458836112745159       p(1,1,1)=   123.71302557616647     
 DEBUG T iter      110550 min   302.64132990905108      max   1286.9910713333104     
 DEBUG T iter      110600 min   302.64133131664329      max   1286.9913115238749     
   SIMPLE iter      110600  res_p=   6.9388939039072284E-017  u(1,1,1)=   1.9458836112745159       p(1,1,1)=   123.71302557616647     
 DEBUG T iter      110650 min   302.64133271829888      max   1286.9915507014123     
 DEBUG T iter      110700 min   302.64133411404293      max   1286.9917888701943     
   SIMPLE iter      110700  res_p=   6.9388939039072284E-017  u(1,1,1)=   1.9458836112745159       p(1,1,1)=   123.71302557616647     
 DEBUG T iter      110750 min   302.64133550390017      max   1286.9920260344750     
 DEBUG T iter      110800 min   302.64133688789553      max   1286.9922621984913     
   SIMPLE iter      110800  res_p=   6.9388939039072284E-017  u(1,1,1)=   1.9458836112745159       p(1,1,1)=   123.71302557616647     
 DEBUG T iter      110850 min   302.64133826605376      max   1286.9924973664631     
 DEBUG T iter      110900 min   302.64133963839953      max   1286.9927315425862     
   SIMPLE iter      110900  res_p=   6.9388939039072284E-017  u(1,1,1)=   1.9458836112745159       p(1,1,1)=   123.71302557616647     
 DEBUG T iter      110950 min   302.64134100495721      max   1286.9929647310510     
 DEBUG T iter      111000 min   302.64134236575137      max   1286.9931969360207     
   SIMPLE iter      111000  res_p=   6.9388939039072284E-017  u(1,1,1)=   1.9458836112745159       p(1,1,1)=   123.71302557616647     
 DEBUG T iter      111050 min   302.64134372080622      max   1286.9934281616418     
 DEBUG T iter      111100 min   302.64134507014603      max   1286.9936584120453     
   SIMPLE iter      111100  res_p=   6.9388939039072284E-017  u(1,1,1)=   1.9458836112745159       p(1,1,1)=   123.71302557616647     
 DEBUG T iter      111150 min   302.64134641379479      max   1286.9938876913461     
 DEBUG T iter      111200 min   302.64134775177661      max   1286.9941160036369     
   SIMPLE iter      111200  res_p=   6.9388939039072284E-017  u(1,1,1)=   1.9458836112745159       p(1,1,1)=   123.71302557616647     
 DEBUG T iter      111250 min   302.64134908411535      max   1286.9943433529968     
 DEBUG T iter      111300 min   302.64135041083483      max   1286.9945697434875     
   SIMPLE iter      111300  res_p=   6.9388939039072284E-017  u(1,1,1)=   1.9458836112745159       p(1,1,1)=   123.71302557616647     
 DEBUG T iter      111350 min   302.64135173195871      max   1286.9947951791539     
 DEBUG T iter      111400 min   302.64135304751073      max   1286.9950196640236     
   SIMPLE iter      111400  res_p=   6.9388939039072284E-017  u(1,1,1)=   1.9458836112745159       p(1,1,1)=   123.71302557616647     
 DEBUG T iter      111450 min   302.64135435751405      max   1286.9952432021068     
 DEBUG T iter      111500 min   302.64135566199241      max   1286.9954657973958     
   SIMPLE iter      111500  res_p=   6.9388939039072284E-017  u(1,1,1)=   1.9458836112745159       p(1,1,1)=   123.71302557616647     
 DEBUG T iter      111550 min   302.64135696096906      max   1286.9956874538645     
 DEBUG T iter      111600 min   302.64135825446715      max   1286.9959081754764     
   SIMPLE iter      111600  res_p=   6.9388939039072284E-017  u(1,1,1)=   1.9458836112745159       p(1,1,1)=   123.71302557616647     
 DEBUG T iter      111650 min   302.64135954250975      max   1286.9961279661716     
 DEBUG T iter      111700 min   302.64136082511982      max   1286.9963468298779     
   SIMPLE iter      111700  res_p=   6.9388939039072284E-017  u(1,1,1)=   1.9458836112745159       p(1,1,1)=   123.71302557616647     
 DEBUG T iter      111750 min   302.64136210232050      max   1286.9965647705051     
 DEBUG T iter      111800 min   302.64136337413441      max   1286.9967817919446     
   SIMPLE iter      111800  res_p=   6.9388939039072284E-017  u(1,1,1)=   1.9458836112745159       p(1,1,1)=   123.71302557616647     
 DEBUG T iter      111850 min   302.64136464058419      max   1286.9969978980753     
 DEBUG T iter      111900 min   302.64136590169272      max   1286.9972130927549     
   SIMPLE iter      111900  res_p=   6.9388939039072284E-017  u(1,1,1)=   1.9458836112745159       p(1,1,1)=   123.71302557616647     
 DEBUG T iter      111950 min   302.64136715748236      max   1286.9974273798305     
 DEBUG T iter      112000 min   302.64136840797551      max   1286.9976407631279     
   SIMPLE iter      112000  res_p=   6.9388939039072284E-017  u(1,1,1)=   1.9458836112745159       p(1,1,1)=   123.71302557616647     
 DEBUG T iter      112050 min   302.64136965319466      max   1286.9978532464586     
 DEBUG T iter      112100 min   302.64137089316193      max   1286.9980648336207     
   SIMPLE iter      112100  res_p=   6.9388939039072284E-017  u(1,1,1)=   1.9458836112745159       p(1,1,1)=   123.71302557616647     
 DEBUG T iter      112150 min   302.64137212789956      max   1286.9982755283925     
 DEBUG T iter      112200 min   302.64137335742964      max   1286.9984853345370     
   SIMPLE iter      112200  res_p=   6.9388939039072284E-017  u(1,1,1)=   1.9458836112745159       p(1,1,1)=   123.71302557616647     
 DEBUG T iter      112250 min   302.64137458177402      max   1286.9986942558039     
 DEBUG T iter      112300 min   302.64137580095445      max   1286.9989022959232     
   SIMPLE iter      112300  res_p=   6.9388939039072284E-017  u(1,1,1)=   1.9458836112745159       p(1,1,1)=   123.71302557616647     
 DEBUG T iter      112350 min   302.64137701499288      max   1286.9991094586144     
 DEBUG T iter      112400 min   302.64137822391120      max   1286.9993157475737     
   SIMPLE iter      112400  res_p=   6.9388939039072284E-017  u(1,1,1)=   1.9458836112745159       p(1,1,1)=   123.71302557616647     
 DEBUG T iter      112450 min   302.64137942773061      max   1286.9995211664880     
 DEBUG T iter      112500 min   302.64138062647277      max   1286.9997257190282     
   SIMPLE iter      112500  res_p=   6.9388939039072284E-017  u(1,1,1)=   1.9458836112745159       p(1,1,1)=   123.71302557616647     
 DEBUG T iter      112550 min   302.64138182015921      max   1286.9999294088491     
 DEBUG T iter      112600 min   302.64138300881115      max   1287.0001322395881     
   SIMPLE iter      112600  res_p=   6.9388939039072284E-017  u(1,1,1)=   1.9458836112745159       p(1,1,1)=   123.71302557616647     
 DEBUG T iter      112650 min   302.64138419244972      max   1287.0003342148691     
 DEBUG T iter      112700 min   302.64138537109619      max   1287.0005353382953     
   SIMPLE iter      112700  res_p=   6.9388939039072284E-017  u(1,1,1)=   1.9458836112745159       p(1,1,1)=   123.71302557616647     
 DEBUG T iter      112750 min   302.64138654477171      max   1287.0007356134640     
 DEBUG T iter      112800 min   302.64138771349712      max   1287.0009350439536     
   SIMPLE iter      112800  res_p=   6.9388939039072284E-017  u(1,1,1)=   1.9458836112745159       p(1,1,1)=   123.71302557616647     
 DEBUG T iter      112850 min   302.64138887729325      max   1287.0011336333259     
 DEBUG T iter      112900 min   302.64139003618106      max   1287.0013313851227     
   SIMPLE iter      112900  res_p=   6.9388939039072284E-017  u(1,1,1)=   1.9458836112745159       p(1,1,1)=   123.71302557616647     
 DEBUG T iter      112950 min   302.64139119018097      max   1287.0015283028843     
 DEBUG T iter      113000 min   302.64139233931377      max   1287.0017243901279     
   SIMPLE iter      113000  res_p=   6.9388939039072284E-017  u(1,1,1)=   1.9458836112745159       p(1,1,1)=   123.71302557616647     
 DEBUG T iter      113050 min   302.64139348360004      max   1287.0019196503558     
 DEBUG T iter      113100 min   302.64139462306025      max   1287.0021140870442     
   SIMPLE iter      113100  res_p=   6.9388939039072284E-017  u(1,1,1)=   1.9458836112745159       p(1,1,1)=   123.71302557616647     
 DEBUG T iter      113150 min   302.64139575771463      max   1287.0023077036806     
 DEBUG T iter      113200 min   302.64139688758348      max   1287.0025005037207     
   SIMPLE iter      113200  res_p=   6.9388939039072284E-017  u(1,1,1)=   1.9458836112745159       p(1,1,1)=   123.71302557616647     
 DEBUG T iter      113250 min   302.64139801268703      max   1287.0026924906067     
 DEBUG T iter      113300 min   302.64139913304535      max   1287.0028836677689     
   SIMPLE iter      113300  res_p=   6.9388939039072284E-017  u(1,1,1)=   1.9458836112745159       p(1,1,1)=   123.71302557616647     
 DEBUG T iter      113350 min   302.64140024867845      max   1287.0030740386210     
 DEBUG T iter      113400 min   302.64140135960616      max   1287.0032636065653     
   SIMPLE iter      113400  res_p=   6.9388939039072284E-017  u(1,1,1)=   1.9458836112745159       p(1,1,1)=   123.71302557616647     
 DEBUG T iter      113450 min   302.64140246584850      max   1287.0034523749891     
 DEBUG T iter      113500 min   302.64140356742507      max   1287.0036403472607     
   SIMPLE iter      113500  res_p=   6.9388939039072284E-017  u(1,1,1)=   1.9458836112745159       p(1,1,1)=   123.71302557616647     
 DEBUG T iter      113550 min   302.64140466435578      max   1287.0038275267414     
 DEBUG T iter      113600 min   302.64140575665988      max   1287.0040139167729     
   SIMPLE iter      113600  res_p=   6.9388939039072284E-017  u(1,1,1)=   1.9458836112745159       p(1,1,1)=   123.71302557616647     
 DEBUG T iter      113650 min   302.64140684435722      max   1287.0041995206861     
 DEBUG T iter      113700 min   302.64140792746690      max   1287.0043843417973     
   SIMPLE iter      113700  res_p=   6.9388939039072284E-017  u(1,1,1)=   1.9458836112745159       p(1,1,1)=   123.71302557616647     
 DEBUG T iter      113750 min   302.64140900600864      max   1287.0045683834046     
 DEBUG T iter      113800 min   302.64141008000149      max   1287.0047516487991     
   SIMPLE iter      113800  res_p=   6.9388939039072284E-017  u(1,1,1)=   1.9458836112745159       p(1,1,1)=   123.71302557616647     
 DEBUG T iter      113850 min   302.64141114946472      max   1287.0049341412546     
 DEBUG T iter      113900 min   302.64141221441730      max   1287.0051158640283     
   SIMPLE iter      113900  res_p=   6.9388939039072284E-017  u(1,1,1)=   1.9458836112745159       p(1,1,1)=   123.71302557616647     
 DEBUG T iter      113950 min   302.64141327487835      max   1287.0052968203677     
 DEBUG T iter      114000 min   302.64141433086678      max   1287.0054770135059     
   SIMPLE iter      114000  res_p=   6.9388939039072284E-017  u(1,1,1)=   1.9458836112745159       p(1,1,1)=   123.71302557616647     
 DEBUG T iter      114050 min   302.64141538240148      max   1287.0056564466602     
 DEBUG T iter      114100 min   302.64141642950136      max   1287.0058351230407     
   SIMPLE iter      114100  res_p=   6.9388939039072284E-017  u(1,1,1)=   1.9458836112745159       p(1,1,1)=   123.71302557616647     
 DEBUG T iter      114150 min   302.64141747218480      max   1287.0060130458330     
 DEBUG T iter      114200 min   302.64141851047060      max   1287.0061902182183     
   SIMPLE iter      114200  res_p=   6.9388939039072284E-017  u(1,1,1)=   1.9458836112745159       p(1,1,1)=   123.71302557616647     
 DEBUG T iter      114250 min   302.64141954437753      max   1287.0063666433600     
 DEBUG T iter      114300 min   302.64142057392371      max   1287.0065423244134     
   SIMPLE iter      114300  res_p=   6.9388939039072284E-017  u(1,1,1)=   1.9458836112745159       p(1,1,1)=   123.71302557616647     
 DEBUG T iter      114350 min   302.64142159912763      max   1287.0067172645138     
 DEBUG T iter      114400 min   302.64142262000780      max   1287.0068914667868     
   SIMPLE iter      114400  res_p=   6.9388939039072284E-017  u(1,1,1)=   1.9458836112745159       p(1,1,1)=   123.71302557616647     
 DEBUG T iter      114450 min   302.64142363658220      max   1287.0070649343427     
 DEBUG T iter      114500 min   302.64142464886919      max   1287.0072376702810     
   SIMPLE iter      114500  res_p=   6.9388939039072284E-017  u(1,1,1)=   1.9458836112745159       p(1,1,1)=   123.71302557616647     
 DEBUG T iter      114550 min   302.64142565688667      max   1287.0074096776893     
 DEBUG T iter      114600 min   302.64142666065266      max   1287.0075809596362     
   SIMPLE iter      114600  res_p=   6.9388939039072284E-017  u(1,1,1)=   1.9458836112745159       p(1,1,1)=   123.71302557616647     
 DEBUG T iter      114650 min   302.64142766018529      max   1287.0077515191865     
 DEBUG T iter      114700 min   302.64142865550230      max   1287.0079213593831     
   SIMPLE iter      114700  res_p=   6.9388939039072284E-017  u(1,1,1)=   1.9458836112745159       p(1,1,1)=   123.71302557616647     
 DEBUG T iter      114750 min   302.64142964662136      max   1287.0080904832641     
 DEBUG T iter      114800 min   302.64143063356039      max   1287.0082588938462     
   SIMPLE iter      114800  res_p=   6.9388939039072284E-017  u(1,1,1)=   1.9458836112745159       p(1,1,1)=   123.71302557616647     
 DEBUG T iter      114850 min   302.64143161633683      max   1287.0084265941416     
 DEBUG T iter      114900 min   302.64143259496836      max   1287.0085935871416     
   SIMPLE iter      114900  res_p=   6.9388939039072284E-017  u(1,1,1)=   1.9458836112745159       p(1,1,1)=   123.71302557616647     
 DEBUG T iter      114950 min   302.64143356947238      max   1287.0087598758341     
 DEBUG T iter      115000 min   302.64143453986634      max   1287.0089254631878     
   SIMPLE iter      115000  res_p=   6.9388939039072284E-017  u(1,1,1)=   1.9458836112745159       p(1,1,1)=   123.71302557616647     
 DEBUG T iter      115050 min   302.64143550616757      max   1287.0090903521586     
 DEBUG T iter      115100 min   302.64143646839318      max   1287.0092545456944     
   SIMPLE iter      115100  res_p=   6.9388939039072284E-017  u(1,1,1)=   1.9458836112745159       p(1,1,1)=   123.71302557616647     
 DEBUG T iter      115150 min   302.64143742656069      max   1287.0094180467270     
 DEBUG T iter      115200 min   302.64143838068708      max   1287.0095808581789     
   SIMPLE iter      115200  res_p=   6.9388939039072284E-017  u(1,1,1)=   1.9458836112745159       p(1,1,1)=   123.71302557616647     
 DEBUG T iter      115250 min   302.64143933078924      max   1287.0097429829564     
 DEBUG T iter      115300 min   302.64144027688423      max   1287.0099044239550     
   SIMPLE iter      115300  res_p=   6.9388939039072284E-017  u(1,1,1)=   1.9458836112745159       p(1,1,1)=   123.71302557616647     
 DEBUG T iter      115350 min   302.64144121898892      max   1287.0100651840607     
 DEBUG T iter      115400 min   302.64144215712042      max   1287.0102252661447     
   SIMPLE iter      115400  res_p=   6.9388939039072284E-017  u(1,1,1)=   1.9458836112745159       p(1,1,1)=   123.71302557616647     
 DEBUG T iter      115450 min   302.64144309129495      max   1287.0103846730642     
 DEBUG T iter      115500 min   302.64144402152971      max   1287.0105434076722     
   SIMPLE iter      115500  res_p=   6.9388939039072284E-017  u(1,1,1)=   1.9458836112745159       p(1,1,1)=   123.71302557616647     
 DEBUG T iter      115550 min   302.64144494784114      max   1287.0107014728010     
 DEBUG T iter      115600 min   302.64144587024555      max   1287.0108588712687     
   SIMPLE iter      115600  res_p=   6.9388939039072284E-017  u(1,1,1)=   1.9458836112745159       p(1,1,1)=   123.71302557616647     
 DEBUG T iter      115650 min   302.64144678875982      max   1287.0110156058954     
 DEBUG T iter      115700 min   302.64144770340010      max   1287.0111716794754     
   SIMPLE iter      115700  res_p=   6.9388939039072284E-017  u(1,1,1)=   1.9458836112745159       p(1,1,1)=   123.71302557616647     
 DEBUG T iter      115750 min   302.64144861418276      max   1287.0113270948020     
 DEBUG T iter      115800 min   302.64144952112417      max   1287.0114818546501     
   SIMPLE iter      115800  res_p=   6.9388939039072284E-017  u(1,1,1)=   1.9458836112745159       p(1,1,1)=   123.71302557616647     
 DEBUG T iter      115850 min   302.64145042424036      max   1287.0116359617825     
 DEBUG T iter      115900 min   302.64145132354759      max   1287.0117894189520     
   SIMPLE iter      115900  res_p=   6.9388939039072284E-017  u(1,1,1)=   1.9458836112745159       p(1,1,1)=   123.71302557616647     
 DEBUG T iter      115950 min   302.64145221906199      max   1287.0119422289013     
 DEBUG T iter      116000 min   302.64145311079949      max   1287.0120943943577     
   SIMPLE iter      116000  res_p=   6.9388939039072284E-017  u(1,1,1)=   1.9458836112745159       p(1,1,1)=   123.71302557616647     
 DEBUG T iter      116050 min   302.64145399877589      max   1287.0122459180416     
 DEBUG T iter      116100 min   302.64145488300710      max   1287.0123968026589     
   SIMPLE iter      116100  res_p=   6.9388939039072284E-017  u(1,1,1)=   1.9458836112745159       p(1,1,1)=   123.71302557616647     
 DEBUG T iter      116150 min   302.64145576350916      max   1287.0125470509058     
 DEBUG T iter      116200 min   302.64145664029746      max   1287.0126966654641     
   SIMPLE iter      116200  res_p=   6.9388939039072284E-017  u(1,1,1)=   1.9458836112745159       p(1,1,1)=   123.71302557616647     
 DEBUG T iter      116250 min   302.64145751338799      max   1287.0128456490095     
 DEBUG T iter      116300 min   302.64145838279609      max   1287.0129940042004     
   SIMPLE iter      116300  res_p=   6.9388939039072284E-017  u(1,1,1)=   1.9458836112745159       p(1,1,1)=   123.71302557616647     
 DEBUG T iter      116350 min   302.64145924853722      max   1287.0131417336897     
 DEBUG T iter      116400 min   302.64146011062724      max   1287.0132888401145     
   SIMPLE iter      116400  res_p=   6.9388939039072284E-017  u(1,1,1)=   1.9458836112745159       p(1,1,1)=   123.71302557616647     
 DEBUG T iter      116450 min   302.64146096908109      max   1287.0134353261033     
 DEBUG T iter      116500 min   302.64146182391454      max   1287.0135811942719     
   SIMPLE iter      116500  res_p=   6.9388939039072284E-017  u(1,1,1)=   1.9458836112745159       p(1,1,1)=   123.71302557616647     
 DEBUG T iter      116550 min   302.64146267514252      max   1287.0137264472273     
 DEBUG T iter      116600 min   302.64146352278038      max   1287.0138710875631     
   SIMPLE iter      116600  res_p=   6.9388939039072284E-017  u(1,1,1)=   1.9458836112745159       p(1,1,1)=   123.71302557616647     
 DEBUG T iter      116650 min   302.64146436684314      max   1287.0140151178634     
 DEBUG T iter      116700 min   302.64146520734613      max   1287.0141585407034     
   SIMPLE iter      116700  res_p=   6.9388939039072284E-017  u(1,1,1)=   1.9458836112745159       p(1,1,1)=   123.71302557616647     
 DEBUG T iter      116750 min   302.64146604430420      max   1287.0143013586419     
 DEBUG T iter      116800 min   302.64146687773223      max   1287.0144435742309     
   SIMPLE iter      116800  res_p=   6.9388939039072284E-017  u(1,1,1)=   1.9458836112745159       p(1,1,1)=   123.71302557616647     
 DEBUG T iter      116850 min   302.64146770764523      max   1287.0145851900122     
 DEBUG T iter      116900 min   302.64146853405799      max   1287.0147262085127     
   SIMPLE iter      116900  res_p=   6.9388939039072284E-017  u(1,1,1)=   1.9458836112745159       p(1,1,1)=   123.71302557616647     
 DEBUG T iter      116950 min   302.64146935698528      max   1287.0148666322539     
 DEBUG T iter      117000 min   302.64147017644177      max   1287.0150064637444     
   SIMPLE iter      117000  res_p=   6.9388939039072284E-017  u(1,1,1)=   1.9458836112745159       p(1,1,1)=   123.71302557616647     
 DEBUG T iter      117050 min   302.64147099244224      max   1287.0151457054826     
 DEBUG T iter      117100 min   302.64147180500095      max   1287.0152843599531     
   SIMPLE iter      117100  res_p=   6.9388939039072284E-017  u(1,1,1)=   1.9458836112745159       p(1,1,1)=   123.71302557616647     
 DEBUG T iter      117150 min   302.64147261413274      max   1287.0154224296341     
 DEBUG T iter      117200 min   302.64147341985188      max   1287.0155599169932     
   SIMPLE iter      117200  res_p=   6.9388939039072284E-017  u(1,1,1)=   1.9458836112745159       p(1,1,1)=   123.71302557616647     
 DEBUG T iter      117250 min   302.64147422217286      max   1287.0156968244851     
 DEBUG T iter      117300 min   302.64147502110990      max   1287.0158331545563     
   SIMPLE iter      117300  res_p=   6.9388939039072284E-017  u(1,1,1)=   1.9458836112745159       p(1,1,1)=   123.71302557616647     
 DEBUG T iter      117350 min   302.64147581667743      max   1287.0159689096429     
 DEBUG T iter      117400 min   302.64147660888955      max   1287.0161040921676     
   SIMPLE iter      117400  res_p=   6.9388939039072284E-017  u(1,1,1)=   1.9458836112745159       p(1,1,1)=   123.71302557616647     
 DEBUG T iter      117450 min   302.64147739776041      max   1287.0162387045475     
 DEBUG T iter      117500 min   302.64147818330412      max   1287.0163727491840     
   SIMPLE iter      117500  res_p=   6.9388939039072284E-017  u(1,1,1)=   1.9458836112745159       p(1,1,1)=   123.71302557616647     
 DEBUG T iter      117550 min   302.64147896553470      max   1287.0165062284764     
 DEBUG T iter      117600 min   302.64147974446615      max   1287.0166391448067     
   SIMPLE iter      117600  res_p=   6.9388939039072284E-017  u(1,1,1)=   1.9458836112745159       p(1,1,1)=   123.71302557616647     
 DEBUG T iter      117650 min   302.64148052011251      max   1287.0167715005468     
 DEBUG T iter      117700 min   302.64148129248741      max   1287.0169032980646     
   SIMPLE iter      117700  res_p=   6.9388939039072284E-017  u(1,1,1)=   1.9458836112745159       p(1,1,1)=   123.71302557616647     
 DEBUG T iter      117750 min   302.64148206160468      max   1287.0170345397105     
 DEBUG T iter      117800 min   302.64148282747817      max   1287.0171652278377     
   SIMPLE iter      117800  res_p=   6.9388939039072284E-017  u(1,1,1)=   1.9458836112745159       p(1,1,1)=   123.71302557616647     
 DEBUG T iter      117850 min   302.64148359012148      max   1287.0172953647725     
 DEBUG T iter      117900 min   302.64148434954831      max   1287.0174249528368     
   SIMPLE iter      117900  res_p=   6.9388939039072284E-017  u(1,1,1)=   1.9458836112745159       p(1,1,1)=   123.71302557616647     
 DEBUG T iter      117950 min   302.64148510577223      max   1287.0175539943552     
 DEBUG T iter      118000 min   302.64148585880662      max   1287.0176824916236     
   SIMPLE iter      118000  res_p=   6.9388939039072284E-017  u(1,1,1)=   1.9458836112745159       p(1,1,1)=   123.71302557616647     
 DEBUG T iter      118050 min   302.64148660866499      max   1287.0178104469423     
 DEBUG T iter      118100 min   302.64148735536088      max   1287.0179378625987     
   SIMPLE iter      118100  res_p=   6.9388939039072284E-017  u(1,1,1)=   1.9458836112745159       p(1,1,1)=   123.71302557616647     
 DEBUG T iter      118150 min   302.64148809890736      max   1287.0180647408652     
 DEBUG T iter      118200 min   302.64148883931784      max   1287.0181910840092     
   SIMPLE iter      118200  res_p=   6.9388939039072284E-017  u(1,1,1)=   1.9458836112745159       p(1,1,1)=   123.71302557616647     
 DEBUG T iter      118250 min   302.64148957660575      max   1287.0183168942901     
 DEBUG T iter      118300 min   302.64149031078398      max   1287.0184421739530     
   SIMPLE iter      118300  res_p=   6.9388939039072284E-017  u(1,1,1)=   1.9458836112745159       p(1,1,1)=   123.71302557616647     
 DEBUG T iter      118350 min   302.64149104186572      max   1287.0185669252362     
 DEBUG T iter      118400 min   302.64149176986410      max   1287.0186911503695     
   SIMPLE iter      118400  res_p=   6.9388939039072284E-017  u(1,1,1)=   1.9458836112745159       p(1,1,1)=   123.71302557616647     
 DEBUG T iter      118450 min   302.64149249479192      max   1287.0188148515685     
 DEBUG T iter      118500 min   302.64149321666235      max   1287.0189380310474     
   SIMPLE iter      118500  res_p=   6.9388939039072284E-017  u(1,1,1)=   1.9458836112745159       p(1,1,1)=   123.71302557616647     
 DEBUG T iter      118550 min   302.64149393548831      max   1287.0190606910039     
 DEBUG T iter      118600 min   302.64149465128258      max   1287.0191828336294     
   SIMPLE iter      118600  res_p=   6.9388939039072284E-017  u(1,1,1)=   1.9458836112745159       p(1,1,1)=   123.71302557616647     
 DEBUG T iter      118650 min   302.64149536405779      max   1287.0193044611065     
 DEBUG T iter      118700 min   302.64149607382689      max   1287.0194255756062     
   SIMPLE iter      118700  res_p=   6.9388939039072284E-017  u(1,1,1)=   1.9458836112745159       p(1,1,1)=   123.71302557616647     
 DEBUG T iter      118750 min   302.64149678060244      max   1287.0195461792935     
 DEBUG T iter      118800 min   302.64149748439701      max   1287.0196662743226     
   SIMPLE iter      118800  res_p=   6.9388939039072284E-017  u(1,1,1)=   1.9458836112745159       p(1,1,1)=   123.71302557616647     
 DEBUG T iter      118850 min   302.64149818522333      max   1287.0197858628378     
 DEBUG T iter      118900 min   302.64149888309379      max   1287.0199049469777     
   SIMPLE iter      118900  res_p=   6.9388939039072284E-017  u(1,1,1)=   1.9458836112745159       p(1,1,1)=   123.71302557616647     
 DEBUG T iter      118950 min   302.64149957802084      max   1287.0200235288669     
 DEBUG T iter      119000 min   302.64150027001722      max   1287.0201416106265     
   SIMPLE iter      119000  res_p=   6.9388939039072284E-017  u(1,1,1)=   1.9458836112745159       p(1,1,1)=   123.71302557616647     
 DEBUG T iter      119050 min   302.64150095909497      max   1287.0202591943630     
 DEBUG T iter      119100 min   302.64150164526632      max   1287.0203762821793     
   SIMPLE iter      119100  res_p=   6.9388939039072284E-017  u(1,1,1)=   1.9458836112745159       p(1,1,1)=   123.71302557616647     
 DEBUG T iter      119150 min   302.64150232854371      max   1287.0204928761671     
 DEBUG T iter      119200 min   302.64150300893931      max   1287.0206089784062     
   SIMPLE iter      119200  res_p=   6.9388939039072284E-017  u(1,1,1)=   1.9458836112745159       p(1,1,1)=   123.71302557616647     
 DEBUG T iter      119250 min   302.64150368646534      max   1287.0207245909735     
 DEBUG T iter      119300 min   302.64150436113374      max   1287.0208397159317     
   SIMPLE iter      119300  res_p=   6.9388939039072284E-017  u(1,1,1)=   1.9458836112745159       p(1,1,1)=   123.71302557616647     
 DEBUG T iter      119350 min   302.64150503295679      max   1287.0209543553376     
 DEBUG T iter      119400 min   302.64150570194624      max   1287.0210685112413     
   SIMPLE iter      119400  res_p=   6.9388939039072284E-017  u(1,1,1)=   1.9458836112745159       p(1,1,1)=   123.71302557616647     
 DEBUG T iter      119450 min   302.64150636811428      max   1287.0211821856828     
 DEBUG T iter      119500 min   302.64150703147266      max   1287.0212953806911     
   SIMPLE iter      119500  res_p=   6.9388939039072284E-017  u(1,1,1)=   1.9458836112745159       p(1,1,1)=   123.71302557616647     
 DEBUG T iter      119550 min   302.64150769203309      max   1287.0214080982857     
 DEBUG T iter      119600 min   302.64150834980774      max   1287.0215203404846     
   SIMPLE iter      119600  res_p=   6.9388939039072284E-017  u(1,1,1)=   1.9458836112745159       p(1,1,1)=   123.71302557616647     
 DEBUG T iter      119650 min   302.64150900480803      max   1287.0216321092880     
 DEBUG T iter      119700 min   302.64150965704579      max   1287.0217434066954     
   SIMPLE iter      119700  res_p=   6.9388939039072284E-017  u(1,1,1)=   1.9458836112745159       p(1,1,1)=   123.71302557616647     
 DEBUG T iter      119750 min   302.64151030653284      max   1287.0218542346970     
 DEBUG T iter      119800 min   302.64151095328049      max   1287.0219645952700     
   SIMPLE iter      119800  res_p=   6.9388939039072284E-017  u(1,1,1)=   1.9458836112745159       p(1,1,1)=   123.71302557616647     
 DEBUG T iter      119850 min   302.64151159730028      max   1287.0220744903856     
 DEBUG T iter      119900 min   302.64151223860404      max   1287.0221839220078     
   SIMPLE iter      119900  res_p=   6.9388939039072284E-017  u(1,1,1)=   1.9458836112745159       p(1,1,1)=   123.71302557616647     
 DEBUG T iter      119950 min   302.64151287720307      max   1287.0222928920903     
 DEBUG T iter      120000 min   302.64151351310875      max   1287.0224014025816     
   SIMPLE iter      120000  res_p=   6.9388939039072284E-017  u(1,1,1)=   1.9458836112745159       p(1,1,1)=   123.71302557616647     
 DEBUG T iter      120050 min   302.64151414633233      max   1287.0225094554178     
 DEBUG T iter      120100 min   302.64151477688517      max   1287.0226170525323     
   SIMPLE iter      120100  res_p=   6.9388939039072284E-017  u(1,1,1)=   1.9458836112745159       p(1,1,1)=   123.71302557616647     
 DEBUG T iter      120150 min   302.64151540477866      max   1287.0227241958423     
 DEBUG T iter      120200 min   302.64151603002398      max   1287.0228308872661     
   SIMPLE iter      120200  res_p=   6.9388939039072284E-017  u(1,1,1)=   1.9458836112745159       p(1,1,1)=   123.71302557616647     
 DEBUG T iter      120250 min   302.64151665263216      max   1287.0229371287078     
 DEBUG T iter      120300 min   302.64151727261458      max   1287.0230429220655     
   SIMPLE iter      120300  res_p=   6.9388939039072284E-017  u(1,1,1)=   1.9458836112745159       p(1,1,1)=   123.71302557616647     
 DEBUG T iter      120350 min   302.64151788998208      max   1287.0231482692293     
 DEBUG T iter      120400 min   302.64151850474576      max   1287.0232531720796     
   SIMPLE iter      120400  res_p=   6.9388939039072284E-017  u(1,1,1)=   1.9458836112745159       p(1,1,1)=   123.71302557616647     
 DEBUG T iter      120450 min   302.64151911691670      max   1287.0233576324949     
 DEBUG T iter      120500 min   302.64151972650563      max   1287.0234616523369     
   SIMPLE iter      120500  res_p=   6.9388939039072284E-017  u(1,1,1)=   1.9458836112745159       p(1,1,1)=   123.71302557616647     
 DEBUG T iter      120550 min   302.64152033352360      max   1287.0235652334625     
 DEBUG T iter      120600 min   302.64152093798145      max   1287.0236683777246     
   SIMPLE iter      120600  res_p=   6.9388939039072284E-017  u(1,1,1)=   1.9458836112745159       p(1,1,1)=   123.71302557616647     
 DEBUG T iter      120650 min   302.64152153988988      max   1287.0237710869662     
 DEBUG T iter      120700 min   302.64152213925968      max   1287.0238733630231     
   SIMPLE iter      120700  res_p=   6.9388939039072284E-017  u(1,1,1)=   1.9458836112745159       p(1,1,1)=   123.71302557616647     
 DEBUG T iter      120750 min   302.64152273610159      max   1287.0239752077168     
 DEBUG T iter      120800 min   302.64152333042642      max   1287.0240766228710     
   SIMPLE iter      120800  res_p=   6.9388939039072284E-017  u(1,1,1)=   1.9458836112745159       p(1,1,1)=   123.71302557616647     
 DEBUG T iter      120850 min   302.64152392224440      max   1287.0241776102976     
 DEBUG T iter      120900 min   302.64152451156644      max   1287.0242781717984     
   SIMPLE iter      120900  res_p=   6.9388939039072284E-017  u(1,1,1)=   1.9458836112745159       p(1,1,1)=   123.71302557616647     
 DEBUG T iter      120950 min   302.64152509840289      max   1287.0243783091707     
 DEBUG T iter      121000 min   302.64152568276427      max   1287.0244780242056     
   SIMPLE iter      121000  res_p=   6.9388939039072284E-017  u(1,1,1)=   1.9458836112745159       p(1,1,1)=   123.71302557616647     
 DEBUG T iter      121050 min   302.64152626466120      max   1287.0245773186778     
 DEBUG T iter      121100 min   302.64152684410379      max   1287.0246761943727     
   SIMPLE iter      121100  res_p=   6.9388939039072284E-017  u(1,1,1)=   1.9458836112745159       p(1,1,1)=   123.71302557616647     
 DEBUG T iter      121150 min   302.64152742110258      max   1287.0247746530436     
 DEBUG T iter      121200 min   302.64152799566784      max   1287.0248726964562     
   SIMPLE iter      121200  res_p=   6.9388939039072284E-017  u(1,1,1)=   1.9458836112745159       p(1,1,1)=   123.71302557616647     
 DEBUG T iter      121250 min   302.64152856780987      max   1287.0249703263598     
 DEBUG T iter      121300 min   302.64152913753867      max   1287.0250675445006     
   SIMPLE iter      121300  res_p=   6.9388939039072284E-017  u(1,1,1)=   1.9458836112745159       p(1,1,1)=   123.71302557616647     
 DEBUG T iter      121350 min   302.64152970486464      max   1287.0251643526124     
 DEBUG T iter      121400 min   302.64153026979790      max   1287.0252607524289     
   SIMPLE iter      121400  res_p=   6.9388939039072284E-017  u(1,1,1)=   1.9458836112745159       p(1,1,1)=   123.71302557616647     
 DEBUG T iter      121450 min   302.64153083234845      max   1287.0253567456700     
 DEBUG T iter      121500 min   302.64153139252642      max   1287.0254523340498     
   SIMPLE iter      121500  res_p=   6.9388939039072284E-017  u(1,1,1)=   1.9458836112745159       p(1,1,1)=   123.71302557616647     
 DEBUG T iter      121550 min   302.64153195034180      max   1287.0255475192746     
 DEBUG T iter      121600 min   302.64153250580449      max   1287.0256423030453     
   SIMPLE iter      121600  res_p=   6.9388939039072284E-017  u(1,1,1)=   1.9458836112745159       p(1,1,1)=   123.71302557616647     
 DEBUG T iter      121650 min   302.64153305892444      max   1287.0257366870567     
 DEBUG T iter      121700 min   302.64153360971159      max   1287.0258306729961     
   SIMPLE iter      121700  res_p=   6.9388939039072284E-017  u(1,1,1)=   1.9458836112745159       p(1,1,1)=   123.71302557616647     
 DEBUG T iter      121750 min   302.64153415817572      max   1287.0259242625395     
 DEBUG T iter      121800 min   302.64153470432672      max   1287.0260174573582     
   SIMPLE iter      121800  res_p=   6.9388939039072284E-017  u(1,1,1)=   1.9458836112745159       p(1,1,1)=   123.71302557616647     
 DEBUG T iter      121850 min   302.64153524817425      max   1287.0261102591198     
 DEBUG T iter      121900 min   302.64153578972798      max   1287.0262026694793     
   SIMPLE iter      121900  res_p=   6.9388939039072284E-017  u(1,1,1)=   1.9458836112745159       p(1,1,1)=   123.71302557616647     
 DEBUG T iter      121950 min   302.64153632899774      max   1287.0262946900907     
 DEBUG T iter      122000 min   302.64153686599298      max   1287.0263863225975     
   SIMPLE iter      122000  res_p=   6.9388939039072284E-017  u(1,1,1)=   1.9458836112745159       p(1,1,1)=   123.71302557616647     
 DEBUG T iter      122050 min   302.64153740072351      max   1287.0264775686312     
 DEBUG T iter      122100 min   302.64153793319866      max   1287.0265684298270     
   SIMPLE iter      122100  res_p=   6.9388939039072284E-017  u(1,1,1)=   1.9458836112745159       p(1,1,1)=   123.71302557616647     
 DEBUG T iter      122150 min   302.64153846342811      max   1287.0266589078049     
 DEBUG T iter      122200 min   302.64153899142116      max   1287.0267490041849     
   SIMPLE iter      122200  res_p=   6.9388939039072284E-017  u(1,1,1)=   1.9458836112745159       p(1,1,1)=   123.71302557616647     
 DEBUG T iter      122250 min   302.64153951718731      max   1287.0268387205729     
 DEBUG T iter      122300 min   302.64154004073617      max   1287.0269280585733     
   SIMPLE iter      122300  res_p=   6.9388939039072284E-017  u(1,1,1)=   1.9458836112745159       p(1,1,1)=   123.71302557616647     
 DEBUG T iter      122350 min   302.64154056207684      max   1287.0270170197805     
 DEBUG T iter      122400 min   302.64154108121875      max   1287.0271056057877     
   SIMPLE iter      122400  res_p=   6.9388939039072284E-017  u(1,1,1)=   1.9458836112745159       p(1,1,1)=   123.71302557616647     
 DEBUG T iter      122450 min   302.64154159817105      max   1287.0271938181734     
 DEBUG T iter      122500 min   302.64154211294300      max   1287.0272816585145     
   SIMPLE iter      122500  res_p=   6.9388939039072284E-017  u(1,1,1)=   1.9458836112745159       p(1,1,1)=   123.71302557616647     
 DEBUG T iter      122550 min   302.64154262554399      max   1287.0273691283810     
 DEBUG T iter      122600 min   302.64154313598289      max   1287.0274562293318     
   SIMPLE iter      122600  res_p=   6.9388939039072284E-017  u(1,1,1)=   1.9458836112745159       p(1,1,1)=   123.71302557616647     
 DEBUG T iter      122650 min   302.64154364426906      max   1287.0275429629248     
 DEBUG T iter      122700 min   302.64154415041151      max   1287.0276293307113     
   SIMPLE iter      122700  res_p=   6.9388939039072284E-017  u(1,1,1)=   1.9458836112745159       p(1,1,1)=   123.71302557616647     
 DEBUG T iter      122750 min   302.64154465441914      max   1287.0277153342342     
 DEBUG T iter      122800 min   302.64154515630111      max   1287.0278009750282     
   SIMPLE iter      122800  res_p=   6.9388939039072284E-017  u(1,1,1)=   1.9458836112745159       p(1,1,1)=   123.71302557616647     
 DEBUG T iter      122850 min   302.64154565606634      max   1287.0278862546254     
 DEBUG T iter      122900 min   302.64154615372371      max   1287.0279711745454     
   SIMPLE iter      122900  res_p=   6.9388939039072284E-017  u(1,1,1)=   1.9458836112745159       p(1,1,1)=   123.71302557616647     
 DEBUG T iter      122950 min   302.64154664928225      max   1287.0280557363071     
 DEBUG T iter      123000 min   302.64154714275077      max   1287.0281399414205     
   SIMPLE iter      123000  res_p=   6.9388939039072284E-017  u(1,1,1)=   1.9458836112745159       p(1,1,1)=   123.71302557616647     
 DEBUG T iter      123050 min   302.64154763413796      max   1287.0282237913900     
 DEBUG T iter      123100 min   302.64154812345271      max   1287.0283072877157     
   SIMPLE iter      123100  res_p=   6.9388939039072284E-017  u(1,1,1)=   1.9458836112745159       p(1,1,1)=   123.71302557616647     
 DEBUG T iter      123150 min   302.64154861070364      max   1287.0283904318876     
 DEBUG T iter      123200 min   302.64154909589956      max   1287.0284732253888     
   SIMPLE iter      123200  res_p=   6.9388939039072284E-017  u(1,1,1)=   1.9458836112745159       p(1,1,1)=   123.71302557616647     
 DEBUG T iter      123250 min   302.64154957904924      max   1287.0285556697020     
 DEBUG T iter      123300 min   302.64155006016108      max   1287.0286377662962     
   SIMPLE iter      123300  res_p=   6.9388939039072284E-017  u(1,1,1)=   1.9458836112745159       p(1,1,1)=   123.71302557616647     
 DEBUG T iter      123350 min   302.64155053924378      max   1287.0287195166386     
 DEBUG T iter      123400 min   302.64155101630587      max   1287.0288009221920     
   SIMPLE iter      123400  res_p=   6.9388939039072284E-017  u(1,1,1)=   1.9458836112745159       p(1,1,1)=   123.71302557616647     
 DEBUG T iter      123450 min   302.64155149135593      max   1287.0288819844075     
 DEBUG T iter      123500 min   302.64155196440259      max   1287.0289627047373     
   SIMPLE iter      123500  res_p=   6.9388939039072284E-017  u(1,1,1)=   1.9458836112745159       p(1,1,1)=   123.71302557616647     
 DEBUG T iter      123550 min   302.64155243545383      max   1287.0290430846205     
 DEBUG T iter      123600 min   302.64155290451851      max   1287.0291231254935     
   SIMPLE iter      123600  res_p=   6.9388939039072284E-017  u(1,1,1)=   1.9458836112745159       p(1,1,1)=   123.71302557616647     
 DEBUG T iter      123650 min   302.64155337160491      max   1287.0292028287852     
 DEBUG T iter      123700 min   302.64155383672124      max   1287.0292821959208     
   SIMPLE iter      123700  res_p=   6.9388939039072284E-017  u(1,1,1)=   1.9458836112745159       p(1,1,1)=   123.71302557616647     
 DEBUG T iter      123750 min   302.64155429987596      max   1287.0293612283178     
 DEBUG T iter      123800 min   302.64155476107726      max   1287.0294399273889     
   SIMPLE iter      123800  res_p=   6.9388939039072284E-017  u(1,1,1)=   1.9458836112745159       p(1,1,1)=   123.71302557616647     
 DEBUG T iter      123850 min   302.64155522033343      max   1287.0295182945360     
 DEBUG T iter      123900 min   302.64155567765260      max   1287.0295963311598     
   SIMPLE iter      123900  res_p=   6.9388939039072284E-017  u(1,1,1)=   1.9458836112745159       p(1,1,1)=   123.71302557616647     
 DEBUG T iter      123950 min   302.64155613304297      max   1287.0296740386573     
 DEBUG T iter      124000 min   302.64155658651271      max   1287.0297514184172     
   SIMPLE iter      124000  res_p=   6.9388939039072284E-017  u(1,1,1)=   1.9458836112745159       p(1,1,1)=   123.71302557616647     
 DEBUG T iter      124050 min   302.64155703806989      max   1287.0298284718224     
 DEBUG T iter      124100 min   302.64155748772259      max   1287.0299052002454     
   SIMPLE iter      124100  res_p=   6.9388939039072284E-017  u(1,1,1)=   1.9458836112745159       p(1,1,1)=   123.71302557616647     
 DEBUG T iter      124150 min   302.64155793547877      max   1287.0299816050579     
 DEBUG T iter      124200 min   302.64155838134656      max   1287.0300576876273     
   SIMPLE iter      124200  res_p=   6.9388939039072284E-017  u(1,1,1)=   1.9458836112745159       p(1,1,1)=   123.71302557616647     
 DEBUG T iter      124250 min   302.64155882533385      max   1287.0301334493083     
 DEBUG T iter      124300 min   302.64155926744860      max   1287.0302088914596     
   SIMPLE iter      124300  res_p=   6.9388939039072284E-017  u(1,1,1)=   1.9458836112745159       p(1,1,1)=   123.71302557616647     
 DEBUG T iter      124350 min   302.64155970769860      max   1287.0302840154241     
 DEBUG T iter      124400 min   302.64156014609188      max   1287.0303588225454     
   SIMPLE iter      124400  res_p=   6.9388939039072284E-017  u(1,1,1)=   1.9458836112745159       p(1,1,1)=   123.71302557616647     
 DEBUG T iter      124450 min   302.64156058263620      max   1287.0304333141605     
 DEBUG T iter      124500 min   302.64156101733931      max   1287.0305074916007     
   SIMPLE iter      124500  res_p=   6.9388939039072284E-017  u(1,1,1)=   1.9458836112745159       p(1,1,1)=   123.71302557616647     
 DEBUG T iter      124550 min   302.64156145020905      max   1287.0305813561890     
 DEBUG T iter      124600 min   302.64156188125304      max   1287.0306549092456     
   SIMPLE iter      124600  res_p=   6.9388939039072284E-017  u(1,1,1)=   1.9458836112745159       p(1,1,1)=   123.71302557616647     
 DEBUG T iter      124650 min   302.64156231047912      max   1287.0307281520847     
 DEBUG T iter      124700 min   302.64156273789490      max   1287.0308010860133     
   SIMPLE iter      124700  res_p=   6.9388939039072284E-017  u(1,1,1)=   1.9458836112745159       p(1,1,1)=   123.71302557616647     
 DEBUG T iter      124750 min   302.64156316350795      max   1287.0308737123380     
 DEBUG T iter      124800 min   302.64156358732600      max   1287.0309460323542     
   SIMPLE iter      124800  res_p=   6.9388939039072284E-017  u(1,1,1)=   1.9458836112745159       p(1,1,1)=   123.71302557616647     
 DEBUG T iter      124850 min   302.64156400935661      max   1287.0310180473521     
 DEBUG T iter      124900 min   302.64156442960712      max   1287.0310897586212     
   SIMPLE iter      124900  res_p=   6.9388939039072284E-017  u(1,1,1)=   1.9458836112745159       p(1,1,1)=   123.71302557616647     
 DEBUG T iter      124950 min   302.64156484808524      max   1287.0311611674392     
 DEBUG T iter      125000 min   302.64156526479843      max   1287.0312322750849     
   SIMPLE iter      125000  res_p=   6.9388939039072284E-017  u(1,1,1)=   1.9458836112745159       p(1,1,1)=   123.71302557616647     
 DEBUG T iter      125050 min   302.64156567975402      max   1287.0313030828270     
 DEBUG T iter      125100 min   302.64156609295952      max   1287.0313735919297     
   SIMPLE iter      125100  res_p=   6.9388939039072284E-017  u(1,1,1)=   1.9458836112745159       p(1,1,1)=   123.71302557616647     
 DEBUG T iter      125150 min   302.64156650442237      max   1287.0314438036526     
 DEBUG T iter      125200 min   302.64156691414979      max   1287.0315137192501     
   SIMPLE iter      125200  res_p=   6.9388939039072284E-017  u(1,1,1)=   1.9458836112745159       p(1,1,1)=   123.71302557616647     
 DEBUG T iter      125250 min   302.64156732214900      max   1287.0315833399729     
 DEBUG T iter      125300 min   302.64156772842756      max   1287.0316526670631     
   SIMPLE iter      125300  res_p=   6.9388939039072284E-017  u(1,1,1)=   1.9458836112745159       p(1,1,1)=   123.71302557616647     
 DEBUG T iter      125350 min   302.64156813299252      max   1287.0317217017596     
 DEBUG T iter      125400 min   302.64156853585121      max   1287.0317904452920     
   SIMPLE iter      125400  res_p=   6.9388939039072284E-017  u(1,1,1)=   1.9458836112745159       p(1,1,1)=   123.71302557616647     
 DEBUG T iter      125450 min   302.64156893701090      max   1287.0318588988944     
 DEBUG T iter      125500 min   302.64156933647865      max   1287.0319270637867     
   SIMPLE iter      125500  res_p=   6.9388939039072284E-017  u(1,1,1)=   1.9458836112745159       p(1,1,1)=   123.71302557616647     
 DEBUG T iter      125550 min   302.64156973426151      max   1287.0319949411880     
 DEBUG T iter      125600 min   302.64157013036680      max   1287.0320625323061     
   SIMPLE iter      125600  res_p=   6.9388939039072284E-017  u(1,1,1)=   1.9458836112745159       p(1,1,1)=   123.71302557616647     
 DEBUG T iter      125650 min   302.64157052480135      max   1287.0321298383560     
 DEBUG T iter      125700 min   302.64157091757249      max   1287.0321968605331     
   SIMPLE iter      125700  res_p=   6.9388939039072284E-017  u(1,1,1)=   1.9458836112745159       p(1,1,1)=   123.71302557616647     
 DEBUG T iter      125750 min   302.64157130868682      max   1287.0322636000367     
 DEBUG T iter      125800 min   302.64157169815178      max   1287.0323300580603     
   SIMPLE iter      125800  res_p=   6.9388939039072284E-017  u(1,1,1)=   1.9458836112745159       p(1,1,1)=   123.71302557616647     
 DEBUG T iter      125850 min   302.64157208597408      max   1287.0323962357902     
 DEBUG T iter      125900 min   302.64157247216076      max   1287.0324621344112     
   SIMPLE iter      125900  res_p=   6.9388939039072284E-017  u(1,1,1)=   1.9458836112745159       p(1,1,1)=   123.71302557616647     
 DEBUG T iter      125950 min   302.64157285671854      max   1287.0325277550962     
 DEBUG T iter      126000 min   302.64157323965452      max   1287.0325930990214     
   SIMPLE iter      126000  res_p=   6.9388939039072284E-017  u(1,1,1)=   1.9458836112745159       p(1,1,1)=   123.71302557616647     
 DEBUG T iter      126050 min   302.64157362097535      max   1287.0326581673517     
 DEBUG T iter      126100 min   302.64157400068791      max   1287.0327229612492     
   SIMPLE iter      126100  res_p=   6.9388939039072284E-017  u(1,1,1)=   1.9458836112745159       p(1,1,1)=   123.71302557616647     
 DEBUG T iter      126150 min   302.64157437879913      max   1287.0327874818690     
 DEBUG T iter      126200 min   302.64157475531550      max   1287.0328517303703     
   SIMPLE iter      126200  res_p=   6.9388939039072284E-017  u(1,1,1)=   1.9458836112745159       p(1,1,1)=   123.71302557616647     
 DEBUG T iter      126250 min   302.64157513024395      max   1287.0329157078950     
 DEBUG T iter      126300 min   302.64157550359107      max   1287.0329794155871     
   SIMPLE iter      126300  res_p=   6.9388939039072284E-017  u(1,1,1)=   1.9458836112745159       p(1,1,1)=   123.71302557616647     
 DEBUG T iter      126350 min   302.64157587536351      max   1287.0330428545860     
 DEBUG T iter      126400 min   302.64157624556805      max   1287.0331060260237     
   SIMPLE iter      126400  res_p=   6.9388939039072284E-017  u(1,1,1)=   1.9458836112745159       p(1,1,1)=   123.71302557616647     
 DEBUG T iter      126450 min   302.64157661421115      max   1287.0331689310303     
 DEBUG T iter      126500 min   302.64157698129952      max   1287.0332315707296     
   SIMPLE iter      126500  res_p=   6.9388939039072284E-017  u(1,1,1)=   1.9458836112745159       p(1,1,1)=   123.71302557616647     
 DEBUG T iter      126550 min   302.64157734683960      max   1287.0332939462392     
 DEBUG T iter      126600 min   302.64157771083796      max   1287.0333560586755     
   SIMPLE iter      126600  res_p=   6.9388939039072284E-017  u(1,1,1)=   1.9458836112745159       p(1,1,1)=   123.71302557616647     
 DEBUG T iter      126650 min   302.64157807330122      max   1287.0334179091431     
 DEBUG T iter      126700 min   302.64157843423561      max   1287.0334794987543     
   SIMPLE iter      126700  res_p=   6.9388939039072284E-017  u(1,1,1)=   1.9458836112745159       p(1,1,1)=   123.71302557616647     
 DEBUG T iter      126750 min   302.64157879364785      max   1287.0335408286028     
 DEBUG T iter      126800 min   302.64157915154408      max   1287.0336018997853     
   SIMPLE iter      126800  res_p=   6.9388939039072284E-017  u(1,1,1)=   1.9458836112745159       p(1,1,1)=   123.71302557616647     
 DEBUG T iter      126850 min   302.64157950793106      max   1287.0336627133954     
 DEBUG T iter      126900 min   302.64157986281481      max   1287.0337232705178     
   SIMPLE iter      126900  res_p=   6.9388939039072284E-017  u(1,1,1)=   1.9458836112745159       p(1,1,1)=   123.71302557616647     
 DEBUG T iter      126950 min   302.64158021620187      max   1287.0337835722339     
 DEBUG T iter      127000 min   302.64158056809839      max   1287.0338436196223     
   SIMPLE iter      127000  res_p=   6.9388939039072284E-017  u(1,1,1)=   1.9458836112745159       p(1,1,1)=   123.71302557616647     
 DEBUG T iter      127050 min   302.64158091851090      max   1287.0339034137539     
 DEBUG T iter      127100 min   302.64158126744536      max   1287.0339629556993     
   SIMPLE iter      127100  res_p=   6.9388939039072284E-017  u(1,1,1)=   1.9458836112745159       p(1,1,1)=   123.71302557616647     
 DEBUG T iter      127150 min   302.64158161490826      max   1287.0340222465195     
 DEBUG T iter      127200 min   302.64158196090563      max   1287.0340812872739     
   SIMPLE iter      127200  res_p=   6.9388939039072284E-017  u(1,1,1)=   1.9458836112745159       p(1,1,1)=   123.71302557616647     
 DEBUG T iter      127250 min   302.64158230544376      max   1287.0341400790173     
 DEBUG T iter      127300 min   302.64158264852870      max   1287.0341986228029     
   SIMPLE iter      127300  res_p=   6.9388939039072284E-017  u(1,1,1)=   1.9458836112745159       p(1,1,1)=   123.71302557616647     
 DEBUG T iter      127350 min   302.64158299016668      max   1287.0342569196737     
 DEBUG T iter      127400 min   302.64158333036374      max   1287.0343149706714     
   SIMPLE iter      127400  res_p=   6.9388939039072284E-017  u(1,1,1)=   1.9458836112745159       p(1,1,1)=   123.71302557616647     
 DEBUG T iter      127450 min   302.64158366912608      max   1287.0343727768343     
 DEBUG T iter      127500 min   302.64158400645960      max   1287.0344303391921     
   SIMPLE iter      127500  res_p=   6.9388939039072284E-017  u(1,1,1)=   1.9458836112745159       p(1,1,1)=   123.71302557616647     
 DEBUG T iter      127550 min   302.64158434237038      max   1287.0344876587737     
 DEBUG T iter      127600 min   302.64158467686445      max   1287.0345447366064     
   SIMPLE iter      127600  res_p=   6.9388939039072284E-017  u(1,1,1)=   1.9458836112745159       p(1,1,1)=   123.71302557616647     
 DEBUG T iter      127650 min   302.64158500994768      max   1287.0346015737082     
 DEBUG T iter      127700 min   302.64158534162618      max   1287.0346581710924     
   SIMPLE iter      127700  res_p=   6.9388939039072284E-017  u(1,1,1)=   1.9458836112745159       p(1,1,1)=   123.71302557616647     
 DEBUG T iter      127750 min   302.64158567190577      max   1287.0347145297706     
 DEBUG T iter      127800 min   302.64158600079236      max   1287.0347706507505     
   SIMPLE iter      127800  res_p=   6.9388939039072284E-017  u(1,1,1)=   1.9458836112745159       p(1,1,1)=   123.71302557616647     
 DEBUG T iter      127850 min   302.64158632829179      max   1287.0348265350342     
 DEBUG T iter      127900 min   302.64158665441005      max   1287.0348821836194     
   SIMPLE iter      127900  res_p=   6.9388939039072284E-017  u(1,1,1)=   1.9458836112745159       p(1,1,1)=   123.71302557616647     
 DEBUG T iter      127950 min   302.64158697915281      max   1287.0349375975040     
 DEBUG T iter      128000 min   302.64158730252598      max   1287.0349927776742     
   SIMPLE iter      128000  res_p=   6.9388939039072284E-017  u(1,1,1)=   1.9458836112745159       p(1,1,1)=   123.71302557616647     
 DEBUG T iter      128050 min   302.64158762453525      max   1287.0350477251168     
 DEBUG T iter      128100 min   302.64158794518642      max   1287.0351024408130     
   SIMPLE iter      128100  res_p=   6.9388939039072284E-017  u(1,1,1)=   1.9458836112745159       p(1,1,1)=   123.71302557616647     
 DEBUG T iter      128150 min   302.64158826448522      max   1287.0351569257411     
 DEBUG T iter      128200 min   302.64158858243729      max   1287.0352111808718     
   SIMPLE iter      128200  res_p=   6.9388939039072284E-017  u(1,1,1)=   1.9458836112745159       p(1,1,1)=   123.71302557616647     
 DEBUG T iter      128250 min   302.64158889904849      max   1287.0352652071758     
 DEBUG T iter      128300 min   302.64158921432426      max   1287.0353190056178     
   SIMPLE iter      128300  res_p=   6.9388939039072284E-017  u(1,1,1)=   1.9458836112745159       p(1,1,1)=   123.71302557616647     
 DEBUG T iter      128350 min   302.64158952827034      max   1287.0353725771602     
 DEBUG T iter      128400 min   302.64158984089232      max   1287.0354259227597     
   SIMPLE iter      128400  res_p=   6.9388939039072284E-017  u(1,1,1)=   1.9458836112745159       p(1,1,1)=   123.71302557616647     
 DEBUG T iter      128450 min   302.64159015219576      max   1287.0354790433689     
 DEBUG T iter      128500 min   302.64159046218634      max   1287.0355319399350     
   SIMPLE iter      128500  res_p=   6.9388939039072284E-017  u(1,1,1)=   1.9458836112745159       p(1,1,1)=   123.71302557616647     
 DEBUG T iter      128550 min   302.64159077086947      max   1287.0355846134050     
 DEBUG T iter      128600 min   302.64159107825066      max   1287.0356370647216     
   SIMPLE iter      128600  res_p=   6.9388939039072284E-017  u(1,1,1)=   1.9458836112745159       p(1,1,1)=   123.71302557616647     
 DEBUG T iter      128650 min   302.64159138433547      max   1287.0356892948175     
 DEBUG T iter      128700 min   302.64159168912926      max   1287.0357413046286     
   SIMPLE iter      128700  res_p=   6.9388939039072284E-017  u(1,1,1)=   1.9458836112745159       p(1,1,1)=   123.71302557616647     
 DEBUG T iter      128750 min   302.64159199263770      max   1287.0357930950834     
 DEBUG T iter      128800 min   302.64159229486592      max   1287.0358446671037     
   SIMPLE iter      128800  res_p=   6.9388939039072284E-017  u(1,1,1)=   1.9458836112745159       p(1,1,1)=   123.71302557616647     
 DEBUG T iter      128850 min   302.64159259581953      max   1287.0358960216154     
 DEBUG T iter      128900 min   302.64159289550378      max   1287.0359471595345     
   SIMPLE iter      128900  res_p=   6.9388939039072284E-017  u(1,1,1)=   1.9458836112745159       p(1,1,1)=   123.71302557616647     
 DEBUG T iter      128950 min   302.64159319392405      max   1287.0359980817743     
 DEBUG T iter      129000 min   302.64159349108593      max   1287.0360487892444     
   SIMPLE iter      129000  res_p=   6.9388939039072284E-017  u(1,1,1)=   1.9458836112745159       p(1,1,1)=   123.71302557616647     
 DEBUG T iter      129050 min   302.64159378699429      max   1287.0360992828514     
 DEBUG T iter      129100 min   302.64159408165466      max   1287.0361495634970     
   SIMPLE iter      129100  res_p=   6.9388939039072284E-017  u(1,1,1)=   1.9458836112745159       p(1,1,1)=   123.71302557616647     
 DEBUG T iter      129150 min   302.64159437507232      max   1287.0361996320783     
 DEBUG T iter      129200 min   302.64159466725238      max   1287.0362494894905     
   SIMPLE iter      129200  res_p=   6.9388939039072284E-017  u(1,1,1)=   1.9458836112745159       p(1,1,1)=   123.71302557616647     
 DEBUG T iter      129250 min   302.64159495820030      max   1287.0362991366251     
 DEBUG T iter      129300 min   302.64159524792086      max   1287.0363485743651     
   SIMPLE iter      129300  res_p=   6.9388939039072284E-017  u(1,1,1)=   1.9458836112745159       p(1,1,1)=   123.71302557616647     
 DEBUG T iter      129350 min   302.64159553641974      max   1287.0363978035987     
 DEBUG T iter      129400 min   302.64159582370172      max   1287.0364468252010     
   SIMPLE iter      129400  res_p=   6.9388939039072284E-017  u(1,1,1)=   1.9458836112745159       p(1,1,1)=   123.71302557616647     
 DEBUG T iter      129450 min   302.64159610977214      max   1287.0364956400501     
 DEBUG T iter      129500 min   302.64159639463600      max   1287.0365442490206     
   SIMPLE iter      129500  res_p=   6.9388939039072284E-017  u(1,1,1)=   1.9458836112745159       p(1,1,1)=   123.71302557616647     
 DEBUG T iter      129550 min   302.64159667829824      max   1287.0365926529751     
 DEBUG T iter      129600 min   302.64159696076439      max   1287.0366408527823     
   SIMPLE iter      129600  res_p=   6.9388939039072284E-017  u(1,1,1)=   1.9458836112745159       p(1,1,1)=   123.71302557616647     
 DEBUG T iter      129650 min   302.64159724203898      max   1287.0366888492993     
 DEBUG T iter      129700 min   302.64159752212743      max   1287.0367366433870     
   SIMPLE iter      129700  res_p=   6.9388939039072284E-017  u(1,1,1)=   1.9458836112745159       p(1,1,1)=   123.71302557616647     
 DEBUG T iter      129750 min   302.64159780103449      max   1287.0367842358999     
 DEBUG T iter      129800 min   302.64159807876530      max   1287.0368316276856     
   SIMPLE iter      129800  res_p=   6.9388939039072284E-017  u(1,1,1)=   1.9458836112745159       p(1,1,1)=   123.71302557616647     
 DEBUG T iter      129850 min   302.64159835532473      max   1287.0368788195917     
 DEBUG T iter      129900 min   302.64159863071762      max   1287.0369258124629     
   SIMPLE iter      129900  res_p=   6.9388939039072284E-017  u(1,1,1)=   1.9458836112745159       p(1,1,1)=   123.71302557616647     
 DEBUG T iter      129950 min   302.64159890494921      max   1287.0369726071347     
 DEBUG T iter      130000 min   302.64159917802408      max   1287.0370192044475     
   SIMPLE iter      130000  res_p=   6.9388939039072284E-017  u(1,1,1)=   1.9458836112745159       p(1,1,1)=   123.71302557616647     
 DEBUG T iter      130050 min   302.64159944994719      max   1287.0370656052296     
 DEBUG T iter      130100 min   302.64159972072355      max   1287.0371118103133     
   SIMPLE iter      130100  res_p=   6.9388939039072284E-017  u(1,1,1)=   1.9458836112745159       p(1,1,1)=   123.71302557616647     
 DEBUG T iter      130150 min   302.64159999035780      max   1287.0371578205213     
 DEBUG T iter      130200 min   302.64160025885491      max   1287.0372036366762     
   SIMPLE iter      130200  res_p=   6.9388939039072284E-017  u(1,1,1)=   1.9458836112745159       p(1,1,1)=   123.71302557616647     
 DEBUG T iter      130250 min   302.64160052621958      max   1287.0372492595989     
 DEBUG T iter      130300 min   302.64160079245664      max   1287.0372946901000     
   SIMPLE iter      130300  res_p=   6.9388939039072284E-017  u(1,1,1)=   1.9458836112745159       p(1,1,1)=   123.71302557616647     
 DEBUG T iter      130350 min   302.64160105757077      max   1287.0373399289945     
 DEBUG T iter      130400 min   302.64160132156678      max   1287.0373849770881     
   SIMPLE iter      130400  res_p=   6.9388939039072284E-017  u(1,1,1)=   1.9458836112745159       p(1,1,1)=   123.71302557616647     
 DEBUG T iter      130450 min   302.64160158444935      max   1287.0374298351858     
 DEBUG T iter      130500 min   302.64160184622318      max   1287.0374745040911     
   SIMPLE iter      130500  res_p=   6.9388939039072284E-017  u(1,1,1)=   1.9458836112745159       p(1,1,1)=   123.71302557616647     
 DEBUG T iter      130550 min   302.64160210689295      max   1287.0375189846027     
 DEBUG T iter      130600 min   302.64160236646336      max   1287.0375632775124     
   SIMPLE iter      130600  res_p=   6.9388939039072284E-017  u(1,1,1)=   1.9458836112745159       p(1,1,1)=   123.71302557616647     
 DEBUG T iter      130650 min   302.64160262493886      max   1287.0376073836121     
 DEBUG T iter      130700 min   302.64160288232438      max   1287.0376513036897     
   SIMPLE iter      130700  res_p=   6.9388939039072284E-017  u(1,1,1)=   1.9458836112745159       p(1,1,1)=   123.71302557616647     
 DEBUG T iter      130750 min   302.64160313862436      max   1287.0376950385307     
 DEBUG T iter      130800 min   302.64160339384330      max   1287.0377385889174     
   SIMPLE iter      130800  res_p=   6.9388939039072284E-017  u(1,1,1)=   1.9458836112745159       p(1,1,1)=   123.71302557616647     
 DEBUG T iter      130850 min   302.64160364798573      max   1287.0377819556259     
 DEBUG T iter      130900 min   302.64160390105644      max   1287.0378251394288     
   SIMPLE iter      130900  res_p=   6.9388939039072284E-017  u(1,1,1)=   1.9458836112745159       p(1,1,1)=   123.71302557616647     
 DEBUG T iter      130950 min   302.64160415305975      max   1287.0378681410987     
 DEBUG T iter      131000 min   302.64160440400019      max   1287.0379109614048     
   SIMPLE iter      131000  res_p=   6.9388939039072284E-017  u(1,1,1)=   1.9458836112745159       p(1,1,1)=   123.71302557616647     
 DEBUG T iter      131050 min   302.64160465388233      max   1287.0379536011137     
 DEBUG T iter      131100 min   302.64160490271047      max   1287.0379960609839     
   SIMPLE iter      131100  res_p=   6.9388939039072284E-017  u(1,1,1)=   1.9458836112745159       p(1,1,1)=   123.71302557616647     
 DEBUG T iter      131150 min   302.64160515048928      max   1287.0380383417760     
 DEBUG T iter      131200 min   302.64160539722297      max   1287.0380804442432     
   SIMPLE iter      131200  res_p=   6.9388939039072284E-017  u(1,1,1)=   1.9458836112745159       p(1,1,1)=   123.71302557616647     
 DEBUG T iter      131250 min   302.64160564291609      max   1287.0381223691402     
 DEBUG T iter      131300 min   302.64160588757289      max   1287.0381641172141     
   SIMPLE iter      131300  res_p=   6.9388939039072284E-017  u(1,1,1)=   1.9458836112745159       p(1,1,1)=   123.71302557616647     
 DEBUG T iter      131350 min   302.64160613119793      max   1287.0382056892101     
 DEBUG T iter      131400 min   302.64160637379530      max   1287.0382470858744     
   SIMPLE iter      131400  res_p=   6.9388939039072284E-017  u(1,1,1)=   1.9458836112745159       p(1,1,1)=   123.71302557616647     
 DEBUG T iter      131450 min   302.64160661536960      max   1287.0382883079430     
 DEBUG T iter      131500 min   302.64160685592503      max   1287.0383293561531     
   SIMPLE iter      131500  res_p=   6.9388939039072284E-017  u(1,1,1)=   1.9458836112745159       p(1,1,1)=   123.71302557616647     
 DEBUG T iter      131550 min   302.64160709546593      max   1287.0383702312390     
 DEBUG T iter      131600 min   302.64160733399643      max   1287.0384109339302     
   SIMPLE iter      131600  res_p=   6.9388939039072284E-017  u(1,1,1)=   1.9458836112745159       p(1,1,1)=   123.71302557616647     
 DEBUG T iter      131650 min   302.64160757152098      max   1287.0384514649522     
 DEBUG T iter      131700 min   302.64160780804377      max   1287.0384918250329     
   SIMPLE iter      131700  res_p=   6.9388939039072284E-017  u(1,1,1)=   1.9458836112745159       p(1,1,1)=   123.71302557616647     
 DEBUG T iter      131750 min   302.64160804356891      max   1287.0385320148905     
 DEBUG T iter      131800 min   302.64160827810070      max   1287.0385720352403     
   SIMPLE iter      131800  res_p=   6.9388939039072284E-017  u(1,1,1)=   1.9458836112745159       p(1,1,1)=   123.71302557616647     
 DEBUG T iter      131850 min   302.64160851164348      max   1287.0386118868025     
 DEBUG T iter      131900 min   302.64160874420111      max   1287.0386515702878     
   SIMPLE iter      131900  res_p=   6.9388939039072284E-017  u(1,1,1)=   1.9458836112745159       p(1,1,1)=   123.71302557616647     
 DEBUG T iter      131950 min   302.64160897577801      max   1287.0386910864047     
 DEBUG T iter      132000 min   302.64160920637818      max   1287.0387304358571     
   SIMPLE iter      132000  res_p=   6.9388939039072284E-017  u(1,1,1)=   1.9458836112745159       p(1,1,1)=   123.71302557616647     
 DEBUG T iter      132050 min   302.64160943600581      max   1287.0387696193488     
 DEBUG T iter      132100 min   302.64160966466483      max   1287.0388086375795     
   SIMPLE iter      132100  res_p=   6.9388939039072284E-017  u(1,1,1)=   1.9458836112745159       p(1,1,1)=   123.71302557616647     
 DEBUG T iter      132150 min   302.64160989235955      max   1287.0388474912459     
 DEBUG T iter      132200 min   302.64161011909403      max   1287.0388861810445     
   SIMPLE iter      132200  res_p=   6.9388939039072284E-017  u(1,1,1)=   1.9458836112745159       p(1,1,1)=   123.71302557616647     
 DEBUG T iter      132250 min   302.64161034487205      max   1287.0389247076641     
 DEBUG T iter      132300 min   302.64161056969789      max   1287.0389630717953     
   SIMPLE iter      132300  res_p=   6.9388939039072284E-017  u(1,1,1)=   1.9458836112745159       p(1,1,1)=   123.71302557616647     
 DEBUG T iter      132350 min   302.64161079357558      max   1287.0390012741220     
 DEBUG T iter      132400 min   302.64161101650905      max   1287.0390393153248     
   SIMPLE iter      132400  res_p=   6.9388939039072284E-017  u(1,1,1)=   1.9458836112745159       p(1,1,1)=   123.71302557616647     
 DEBUG T iter      132450 min   302.64161123850209      max   1287.0390771960836     
 DEBUG T iter      132500 min   302.64161145955899      max   1287.0391149170787     
   SIMPLE iter      132500  res_p=   6.9388939039072284E-017  u(1,1,1)=   1.9458836112745159       p(1,1,1)=   123.71302557616647     
 DEBUG T iter      132550 min   302.64161167968359      max   1287.0391524789823     
 DEBUG T iter      132600 min   302.64161189887977      max   1287.0391898824630     
   SIMPLE iter      132600  res_p=   6.9388939039072284E-017  u(1,1,1)=   1.9458836112745159       p(1,1,1)=   123.71302557616647     
 DEBUG T iter      132650 min   302.64161211715145      max   1287.0392271281917     
 DEBUG T iter      132700 min   302.64161233450255      max   1287.0392642168326     
   SIMPLE iter      132700  res_p=   6.9388939039072284E-017  u(1,1,1)=   1.9458836112745159       p(1,1,1)=   123.71302557616647     
 DEBUG T iter      132750 min   302.64161255093694      max   1287.0393011490492     
 DEBUG T iter      132800 min   302.64161276645854      max   1287.0393379254995     
   SIMPLE iter      132800  res_p=   6.9388939039072284E-017  u(1,1,1)=   1.9458836112745159       p(1,1,1)=   123.71302557616647     
 DEBUG T iter      132850 min   302.64161298107115      max   1287.0393745468407     
 DEBUG T iter      132900 min   302.64161319477859      max   1287.0394110137299     
   SIMPLE iter      132900  res_p=   6.9388939039072284E-017  u(1,1,1)=   1.9458836112745159       p(1,1,1)=   123.71302557616647     
 DEBUG T iter      132950 min   302.64161340758466      max   1287.0394473268152     
 DEBUG T iter      133000 min   302.64161361949311      max   1287.0394834867468     
   SIMPLE iter      133000  res_p=   6.9388939039072284E-017  u(1,1,1)=   1.9458836112745159       p(1,1,1)=   123.71302557616647     
 DEBUG T iter      133050 min   302.64161383050805      max   1287.0395194941709     
 DEBUG T iter      133100 min   302.64161404063287      max   1287.0395553497283     
   SIMPLE iter      133100  res_p=   6.9388939039072284E-017  u(1,1,1)=   1.9458836112745159       p(1,1,1)=   123.71302557616647     
 DEBUG T iter      133150 min   302.64161424987157      max   1287.0395910540624     
 DEBUG T iter      133200 min   302.64161445822771      max   1287.0396266078089     
   SIMPLE iter      133200  res_p=   6.9388939039072284E-017  u(1,1,1)=   1.9458836112745159       p(1,1,1)=   123.71302557616647     
 DEBUG T iter      133250 min   302.64161466570499      max   1287.0396620116042     
 DEBUG T iter      133300 min   302.64161487230734      max   1287.0396972660801     
   SIMPLE iter      133300  res_p=   6.9388939039072284E-017  u(1,1,1)=   1.9458836112745159       p(1,1,1)=   123.71302557616647     
 DEBUG T iter      133350 min   302.64161507803834      max   1287.0397323718685     
 DEBUG T iter      133400 min   302.64161528290163      max   1287.0397673295929     
   SIMPLE iter      133400  res_p=   6.9388939039072284E-017  u(1,1,1)=   1.9458836112745159       p(1,1,1)=   123.71302557616647     
 DEBUG T iter      133450 min   302.64161548690083      max   1287.0398021398805     
 DEBUG T iter      133500 min   302.64161569003966      max   1287.0398368033518     
   SIMPLE iter      133500  res_p=   6.9388939039072284E-017  u(1,1,1)=   1.9458836112745159       p(1,1,1)=   123.71302557616647     
 DEBUG T iter      133550 min   302.64161589232174      max   1287.0398713206271     
 DEBUG T iter      133600 min   302.64161609375066      max   1287.0399056923220     
   SIMPLE iter      133600  res_p=   6.9388939039072284E-017  u(1,1,1)=   1.9458836112745159       p(1,1,1)=   123.71302557616647     
 DEBUG T iter      133650 min   302.64161629433005      max   1287.0399399190508     
 DEBUG T iter      133700 min   302.64161649406356      max   1287.0399740014252     
   SIMPLE iter      133700  res_p=   6.9388939039072284E-017  u(1,1,1)=   1.9458836112745159       p(1,1,1)=   123.71302557616647     
 DEBUG T iter      133750 min   302.64161669295441      max   1287.0400079400522     
 DEBUG T iter      133800 min   302.64161689100672      max   1287.0400417355409     
   SIMPLE iter      133800  res_p=   6.9388939039072284E-017  u(1,1,1)=   1.9458836112745159       p(1,1,1)=   123.71302557616647     
 DEBUG T iter      133850 min   302.64161708822360      max   1287.0400753884935     
 DEBUG T iter      133900 min   302.64161728460863      max   1287.0401088995106     
   SIMPLE iter      133900  res_p=   6.9388939039072284E-017  u(1,1,1)=   1.9458836112745159       p(1,1,1)=   123.71302557616647     
 DEBUG T iter      133950 min   302.64161748016556      max   1287.0401422691932     
 DEBUG T iter      134000 min   302.64161767489759      max   1287.0401754981360     
   SIMPLE iter      134000  res_p=   6.9388939039072284E-017  u(1,1,1)=   1.9458836112745159       p(1,1,1)=   123.71302557616647     
 DEBUG T iter      134050 min   302.64161786880823      max   1287.0402085869307     
 DEBUG T iter      134100 min   302.64161806190128      max   1287.0402415361705     
   SIMPLE iter      134100  res_p=   6.9388939039072284E-017  u(1,1,1)=   1.9458836112745159       p(1,1,1)=   123.71302557616647     
 DEBUG T iter      134150 min   302.64161825417978      max   1287.0402743464435     
 DEBUG T iter      134200 min   302.64161844564728      max   1287.0403070183381     
   SIMPLE iter      134200  res_p=   6.9388939039072284E-017  u(1,1,1)=   1.9458836112745159       p(1,1,1)=   123.71302557616647     
 DEBUG T iter      134250 min   302.64161863630727      max   1287.0403395524356     
 DEBUG T iter      134300 min   302.64161882616327      max   1287.0403719493152     
   SIMPLE iter      134300  res_p=   6.9388939039072284E-017  u(1,1,1)=   1.9458836112745159       p(1,1,1)=   123.71302557616647     
 DEBUG T iter      134350 min   302.64161901521845      max   1287.0404042095563     
 DEBUG T iter      134400 min   302.64161920347618      max   1287.0404363337398     
   SIMPLE iter      134400  res_p=   6.9388939039072284E-017  u(1,1,1)=   1.9458836112745159       p(1,1,1)=   123.71302557616647     
 DEBUG T iter      134450 min   302.64161939094004      max   1287.0404683224351     
 DEBUG T iter      134500 min   302.64161957761320      max   1287.0405001762149     
   SIMPLE iter      134500  res_p=   6.9388939039072284E-017  u(1,1,1)=   1.9458836112745159       p(1,1,1)=   123.71302557616647     
 DEBUG T iter      134550 min   302.64161976349908      max   1287.0405318956489     
 DEBUG T iter      134600 min   302.64161994860092      max   1287.0405634813021     
   SIMPLE iter      134600  res_p=   6.9388939039072284E-017  u(1,1,1)=   1.9458836112745159       p(1,1,1)=   123.71302557616647     
 DEBUG T iter      134650 min   302.64162013292207      max   1287.0405949337382     
 DEBUG T iter      134700 min   302.64162031646589      max   1287.0406262535207     
   SIMPLE iter      134700  res_p=   6.9388939039072284E-017  u(1,1,1)=   1.9458836112745159       p(1,1,1)=   123.71302557616647     
 DEBUG T iter      134750 min   302.64162049923550      max   1287.0406574412079     
 DEBUG T iter      134800 min   302.64162068123437      max   1287.0406884973609     
   SIMPLE iter      134800  res_p=   6.9388939039072284E-017  u(1,1,1)=   1.9458836112745159       p(1,1,1)=   123.71302557616647     
 DEBUG T iter      134850 min   302.64162086246552      max   1287.0407194225295     
 DEBUG T iter      134900 min   302.64162104293246      max   1287.0407502172686     
   SIMPLE iter      134900  res_p=   6.9388939039072284E-017  u(1,1,1)=   1.9458836112745159       p(1,1,1)=   123.71302557616647     
 DEBUG T iter      134950 min   302.64162122263809      max   1287.0407808821269     
 DEBUG T iter      135000 min   302.64162140158601      max   1287.0408114176555     
   SIMPLE iter      135000  res_p=   6.9388939039072284E-017  u(1,1,1)=   1.9458836112745159       p(1,1,1)=   123.71302557616647     
 DEBUG T iter      135050 min   302.64162157977898      max   1287.0408418243958     
 DEBUG T iter      135100 min   302.64162175722049      max   1287.0408721028937     
   SIMPLE iter      135100  res_p=   6.9388939039072284E-017  u(1,1,1)=   1.9458836112745159       p(1,1,1)=   123.71302557616647     
 DEBUG T iter      135150 min   302.64162193391365      max   1287.0409022536887     
 DEBUG T iter      135200 min   302.64162210986160      max   1287.0409322773185     
   SIMPLE iter      135200  res_p=   6.9388939039072284E-017  u(1,1,1)=   1.9458836112745159       p(1,1,1)=   123.71302557616647     
 DEBUG T iter      135250 min   302.64162228506734      max   1287.0409621743229     
 DEBUG T iter      135300 min   302.64162245953423      max   1287.0409919452329     
   SIMPLE iter      135300  res_p=   6.9388939039072284E-017  u(1,1,1)=   1.9458836112745159       p(1,1,1)=   123.71302557616647     
 DEBUG T iter      135350 min   302.64162263326534      max   1287.0410215905811     
 DEBUG T iter      135400 min   302.64162280626363      max   1287.0410511108964     
   SIMPLE iter      135400  res_p=   6.9388939039072284E-017  u(1,1,1)=   1.9458836112745159       p(1,1,1)=   123.71302557616647     
 DEBUG T iter      135450 min   302.64162297853233      max   1287.0410805067054     
 DEBUG T iter      135500 min   302.64162315007451      max   1287.0411097785363     
   SIMPLE iter      135500  res_p=   6.9388939039072284E-017  u(1,1,1)=   1.9458836112745159       p(1,1,1)=   123.71302557616647     
 DEBUG T iter      135550 min   302.64162332089313      max   1287.0411389269100     
 DEBUG T iter      135600 min   302.64162349099126      max   1287.0411679523472     
   SIMPLE iter      135600  res_p=   6.9388939039072284E-017  u(1,1,1)=   1.9458836112745159       p(1,1,1)=   123.71302557616647     
 DEBUG T iter      135650 min   302.64162366037209      max   1287.0411968553694     
 DEBUG T iter      135700 min   302.64162382903845      max   1287.0412256364887     
   SIMPLE iter      135700  res_p=   6.9388939039072284E-017  u(1,1,1)=   1.9458836112745159       p(1,1,1)=   123.71302557616647     
 DEBUG T iter      135750 min   302.64162399699353      max   1287.0412542962199     
 DEBUG T iter      135800 min   302.64162416424023      max   1287.0412828350750     
   SIMPLE iter      135800  res_p=   6.9388939039072284E-017  u(1,1,1)=   1.9458836112745159       p(1,1,1)=   123.71302557616647     
 DEBUG T iter      135850 min   302.64162433078150      max   1287.0413112535657     
 DEBUG T iter      135900 min   302.64162449662041      max   1287.0413395521982     
   SIMPLE iter      135900  res_p=   6.9388939039072284E-017  u(1,1,1)=   1.9458836112745159       p(1,1,1)=   123.71302557616647     
 DEBUG T iter      135950 min   302.64162466175986      max   1287.0413677314777     
 DEBUG T iter      136000 min   302.64162482620281      max   1287.0413957919093     
   SIMPLE iter      136000  res_p=   6.9388939039072284E-017  u(1,1,1)=   1.9458836112745159       p(1,1,1)=   123.71302557616647     
 DEBUG T iter      136050 min   302.64162498995216      max   1287.0414237339915     
 DEBUG T iter      136100 min   302.64162515301098      max   1287.0414515582247     
   SIMPLE iter      136100  res_p=   6.9388939039072284E-017  u(1,1,1)=   1.9458836112745159       p(1,1,1)=   123.71302557616647     
 DEBUG T iter      136150 min   302.64162531538199      max   1287.0414792651075     
 DEBUG T iter      136200 min   302.64162547706820      max   1287.0415068551360     
   SIMPLE iter      136200  res_p=   6.9388939039072284E-017  u(1,1,1)=   1.9458836112745159       p(1,1,1)=   123.71302557616647     
 DEBUG T iter      136250 min   302.64162563807258      max   1287.0415343287978     
 DEBUG T iter      136300 min   302.64162579839774      max   1287.0415616865885     
   SIMPLE iter      136300  res_p=   6.9388939039072284E-017  u(1,1,1)=   1.9458836112745159       p(1,1,1)=   123.71302557616647     
 DEBUG T iter      136350 min   302.64162595804692      max   1287.0415889289945     
 DEBUG T iter      136400 min   302.64162611702261      max   1287.0416160565037     
   SIMPLE iter      136400  res_p=   6.9388939039072284E-017  u(1,1,1)=   1.9458836112745159       p(1,1,1)=   123.71302557616647     
 DEBUG T iter      136450 min   302.64162627532784      max   1287.0416430695996     
 DEBUG T iter      136500 min   302.64162643296538      max   1287.0416699687644     
   SIMPLE iter      136500  res_p=   6.9388939039072284E-017  u(1,1,1)=   1.9458836112745159       p(1,1,1)=   123.71302557616647     
 DEBUG T iter      136550 min   302.64162658993808      max   1287.0416967544791     
 DEBUG T iter      136600 min   302.64162674624873      max   1287.0417234272218     
   SIMPLE iter      136600  res_p=   6.9388939039072284E-017  u(1,1,1)=   1.9458836112745159       p(1,1,1)=   123.71302557616647     
 DEBUG T iter      136650 min   302.64162690190017      max   1287.0417499874700     
 DEBUG T iter      136700 min   302.64162705689500      max   1287.0417764356973     
   SIMPLE iter      136700  res_p=   6.9388939039072284E-017  u(1,1,1)=   1.9458836112745159       p(1,1,1)=   123.71302557616647     
 DEBUG T iter      136750 min   302.64162721123625      max   1287.0418027723786     
 DEBUG T iter      136800 min   302.64162736492659      max   1287.0418289979809     
   SIMPLE iter      136800  res_p=   6.9388939039072284E-017  u(1,1,1)=   1.9458836112745159       p(1,1,1)=   123.71302557616647     
 DEBUG T iter      136850 min   302.64162751796863      max   1287.0418551129740     
 DEBUG T iter      136900 min   302.64162767036521      max   1287.0418811178261     
   SIMPLE iter      136900  res_p=   6.9388939039072284E-017  u(1,1,1)=   1.9458836112745159       p(1,1,1)=   123.71302557616647     
 DEBUG T iter      136950 min   302.64162782211918      max   1287.0419070129994     
 DEBUG T iter      137000 min   302.64162797323291      max   1287.0419327989555     
   SIMPLE iter      137000  res_p=   6.9388939039072284E-017  u(1,1,1)=   1.9458836112745159       p(1,1,1)=   123.71302557616647     
 DEBUG T iter      137050 min   302.64162812370932      max   1287.0419584761576     
 DEBUG T iter      137100 min   302.64162827355131      max   1287.0419840450634     
   SIMPLE iter      137100  res_p=   6.9388939039072284E-017  u(1,1,1)=   1.9458836112745159       p(1,1,1)=   123.71302557616647     
 DEBUG T iter      137150 min   302.64162842276113      max   1287.0420095061293     
 DEBUG T iter      137200 min   302.64162857134153      max   1287.0420348598107     
   SIMPLE iter      137200  res_p=   6.9388939039072284E-017  u(1,1,1)=   1.9458836112745159       p(1,1,1)=   123.71302557616647     
 DEBUG T iter      137250 min   302.64162871929551      max   1287.0420601065614     
 DEBUG T iter      137300 min   302.64162886662547      max   1287.0420852468299     
   SIMPLE iter      137300  res_p=   6.9388939039072284E-017  u(1,1,1)=   1.9458836112745159       p(1,1,1)=   123.71302557616647     
 DEBUG T iter      137350 min   302.64162901333395      max   1287.0421102810660     
 DEBUG T iter      137400 min   302.64162915942370      max   1287.0421352097194     
   SIMPLE iter      137400  res_p=   6.9388939039072284E-017  u(1,1,1)=   1.9458836112745159       p(1,1,1)=   123.71302557616647     
 DEBUG T iter      137450 min   302.64162930489721      max   1287.0421600332340     
 DEBUG T iter      137500 min   302.64162944975732      max   1287.0421847520515     
   SIMPLE iter      137500  res_p=   6.9388939039072284E-017  u(1,1,1)=   1.9458836112745159       p(1,1,1)=   123.71302557616647     
 DEBUG T iter      137550 min   302.64162959400636      max   1287.0422093666148     
 DEBUG T iter      137600 min   302.64162973764712      max   1287.0422338773653     
   SIMPLE iter      137600  res_p=   6.9388939039072284E-017  u(1,1,1)=   1.9458836112745159       p(1,1,1)=   123.71302557616647     
 DEBUG T iter      137650 min   302.64162988068193      max   1287.0422582847382     
 DEBUG T iter      137700 min   302.64163002311358      max   1287.0422825891710     
   SIMPLE iter      137700  res_p=   6.9388939039072284E-017  u(1,1,1)=   1.9458836112745159       p(1,1,1)=   123.71302557616647     
 DEBUG T iter      137750 min   302.64163016494456      max   1287.0423067910974     
 DEBUG T iter      137800 min   302.64163030617721      max   1287.0423308909501     
   SIMPLE iter      137800  res_p=   6.9388939039072284E-017  u(1,1,1)=   1.9458836112745159       p(1,1,1)=   123.71302557616647     
 DEBUG T iter      137850 min   302.64163044681430      max   1287.0423548891595     
 DEBUG T iter      137900 min   302.64163058685813      max   1287.0423787861528     
   SIMPLE iter      137900  res_p=   6.9388939039072284E-017  u(1,1,1)=   1.9458836112745159       p(1,1,1)=   123.71302557616647     
 DEBUG T iter      137950 min   302.64163072631140      max   1287.0424025823600     
 DEBUG T iter      138000 min   302.64163086517647      max   1287.0424262782026     
   SIMPLE iter      138000  res_p=   6.9388939039072284E-017  u(1,1,1)=   1.9458836112745159       p(1,1,1)=   123.71302557616647     
 DEBUG T iter      138050 min   302.64163100345587      max   1287.0424498741065     
 DEBUG T iter      138100 min   302.64163114115217      max   1287.0424733704920     
   SIMPLE iter      138100  res_p=   6.9388939039072284E-017  u(1,1,1)=   1.9458836112745159       p(1,1,1)=   123.71302557616647     
 DEBUG T iter      138150 min   302.64163127826760      max   1287.0424967677775     
 DEBUG T iter      138200 min   302.64163141480481      max   1287.0425200663835     
   SIMPLE iter      138200  res_p=   6.9388939039072284E-017  u(1,1,1)=   1.9458836112745159       p(1,1,1)=   123.71302557616647     
 DEBUG T iter      138250 min   302.64163155076608      max   1287.0425432667262     
 DEBUG T iter      138300 min   302.64163168615397      max   1287.0425663692176     
   SIMPLE iter      138300  res_p=   6.9388939039072284E-017  u(1,1,1)=   1.9458836112745159       p(1,1,1)=   123.71302557616647     
 DEBUG T iter      138350 min   302.64163182097076      max   1287.0425893742729     
 DEBUG T iter      138400 min   302.64163195521905      max   1287.0426122823019     
   SIMPLE iter      138400  res_p=   6.9388939039072284E-017  u(1,1,1)=   1.9458836112745159       p(1,1,1)=   123.71302557616647     
 DEBUG T iter      138450 min   302.64163208890108      max   1287.0426350937146     
 DEBUG T iter      138500 min   302.64163222201933      max   1287.0426578089191     
   SIMPLE iter      138500  res_p=   6.9388939039072284E-017  u(1,1,1)=   1.9458836112745159       p(1,1,1)=   123.71302557616647     
 DEBUG T iter      138550 min   302.64163235457607      max   1287.0426804283188     
 DEBUG T iter      138600 min   302.64163248657383      max   1287.0427029523191     
   SIMPLE iter      138600  res_p=   6.9388939039072284E-017  u(1,1,1)=   1.9458836112745159       p(1,1,1)=   123.71302557616647     
 DEBUG T iter      138650 min   302.64163261801485      max   1287.0427253813218     
 DEBUG T iter      138700 min   302.64163274890149      max   1287.0427477157273     
   SIMPLE iter      138700  res_p=   6.9388939039072284E-017  u(1,1,1)=   1.9458836112745159       p(1,1,1)=   123.71302557616647     
 DEBUG T iter      138750 min   302.64163287923600      max   1287.0427699559361     
 DEBUG T iter      138800 min   302.64163300902095      max   1287.0427921023449     
   SIMPLE iter      138800  res_p=   6.9388939039072284E-017  u(1,1,1)=   1.9458836112745159       p(1,1,1)=   123.71302557616647     
 DEBUG T iter      138850 min   302.64163313825850      max   1287.0428141553480     
 DEBUG T iter      138900 min   302.64163326695103      max   1287.0428361153413     
   SIMPLE iter      138900  res_p=   6.9388939039072284E-017  u(1,1,1)=   1.9458836112745159       p(1,1,1)=   123.71302557616647     
 DEBUG T iter      138950 min   302.64163339510065      max   1287.0428579827176     
 DEBUG T iter      139000 min   302.64163352270981      max   1287.0428797578611     
   SIMPLE iter      139000  res_p=   6.9388939039072284E-017  u(1,1,1)=   1.9458836112745159       p(1,1,1)=   123.71302557616647     
 DEBUG T iter      139050 min   302.64163364978094      max   1287.0429014411677     
 DEBUG T iter      139100 min   302.64163377631587      max   1287.0429230330235     
   SIMPLE iter      139100  res_p=   6.9388939039072284E-017  u(1,1,1)=   1.9458836112745159       p(1,1,1)=   123.71302557616647     
 DEBUG T iter      139150 min   302.64163390231738      max   1287.0429445338132     
 DEBUG T iter      139200 min   302.64163402778723      max   1287.0429659439224     
   SIMPLE iter      139200  res_p=   6.9388939039072284E-017  u(1,1,1)=   1.9458836112745159       p(1,1,1)=   123.71302557616647     
 DEBUG T iter      139250 min   302.64163415272810      max   1287.0429872637312     
 DEBUG T iter      139300 min   302.64163427714197      max   1287.0430084936215     
   SIMPLE iter      139300  res_p=   6.9388939039072284E-017  u(1,1,1)=   1.9458836112745159       p(1,1,1)=   123.71302557616647     
 DEBUG T iter      139350 min   302.64163440103101      max   1287.0430296339719     
 DEBUG T iter      139400 min   302.64163452439755      max   1287.0430506851628     
   SIMPLE iter      139400  res_p=   6.9388939039072284E-017  u(1,1,1)=   1.9458836112745159       p(1,1,1)=   123.71302557616647     
 DEBUG T iter      139450 min   302.64163464724390      max   1287.0430716475664     
 DEBUG T iter      139500 min   302.64163476957208      max   1287.0430925215603     
   SIMPLE iter      139500  res_p=   6.9388939039072284E-017  u(1,1,1)=   1.9458836112745159       p(1,1,1)=   123.71302557616647     
 DEBUG T iter      139550 min   302.64163489138434      max   1287.0431133075156     
 DEBUG T iter      139600 min   302.64163501268274      max   1287.0431340058021     
   SIMPLE iter      139600  res_p=   6.9388939039072284E-017  u(1,1,1)=   1.9458836112745159       p(1,1,1)=   123.71302557616647     
 DEBUG T iter      139650 min   302.64163513346966      max   1287.0431546167915     
 DEBUG T iter      139700 min   302.64163525374710      max   1287.0431751408539     
   SIMPLE iter      139700  res_p=   6.9388939039072284E-017  u(1,1,1)=   1.9458836112745159       p(1,1,1)=   123.71302557616647     
 DEBUG T iter      139750 min   302.64163537351732      max   1287.0431955783542     
 DEBUG T iter      139800 min   302.64163549278226      max   1287.0432159296568     
   SIMPLE iter      139800  res_p=   6.9388939039072284E-017  u(1,1,1)=   1.9458836112745159       p(1,1,1)=   123.71302557616647     
 DEBUG T iter      139850 min   302.64163561154436      max   1287.0432361951264     
 DEBUG T iter      139900 min   302.64163572980539      max   1287.0432563751219     
   SIMPLE iter      139900  res_p=   6.9388939039072284E-017  u(1,1,1)=   1.9458836112745159       p(1,1,1)=   123.71302557616647     
 DEBUG T iter      139950 min   302.64163584756778      max   1287.0432764700088     
 DEBUG T iter      140000 min   302.64163596483348      max   1287.0432964801416     
   SIMPLE iter      140000  res_p=   6.9388939039072284E-017  u(1,1,1)=   1.9458836112745159       p(1,1,1)=   123.71302557616647     
 DEBUG T iter      140050 min   302.64163608160459      max   1287.0433164058813     
 DEBUG T iter      140100 min   302.64163619788320      max   1287.0433362475796     
   SIMPLE iter      140100  res_p=   6.9388939039072284E-017  u(1,1,1)=   1.9458836112745159       p(1,1,1)=   123.71302557616647     
 DEBUG T iter      140150 min   302.64163631367137      max   1287.0433560055944     
 DEBUG T iter      140200 min   302.64163642897114      max   1287.0433756802793     
   SIMPLE iter      140200  res_p=   6.9388939039072284E-017  u(1,1,1)=   1.9458836112745159       p(1,1,1)=   123.71302557616647     
 DEBUG T iter      140250 min   302.64163654378478      max   1287.0433952719827     
 DEBUG T iter      140300 min   302.64163665811412      max   1287.0434147810574     
   SIMPLE iter      140300  res_p=   6.9388939039072284E-017  u(1,1,1)=   1.9458836112745159       p(1,1,1)=   123.71302557616647     
 DEBUG T iter      140350 min   302.64163677196115      max   1287.0434342078493     
 DEBUG T iter      140400 min   302.64163688532807      max   1287.0434535527056     
   SIMPLE iter      140400  res_p=   6.9388939039072284E-017  u(1,1,1)=   1.9458836112745159       p(1,1,1)=   123.71302557616647     
 DEBUG T iter      140450 min   302.64163699821694      max   1287.0434728159762     
 DEBUG T iter      140500 min   302.64163711062963      max   1287.0434919980000     
   SIMPLE iter      140500  res_p=   6.9388939039072284E-017  u(1,1,1)=   1.9458836112745159       p(1,1,1)=   123.71302557616647     
 DEBUG T iter      140550 min   302.64163722256814      max   1287.0435110991227     
 DEBUG T iter      140600 min   302.64163733403467      max   1287.0435301196837     
   SIMPLE iter      140600  res_p=   6.9388939039072284E-017  u(1,1,1)=   1.9458836112745159       p(1,1,1)=   123.71302557616647     
 DEBUG T iter      140650 min   302.64163744503111      max   1287.0435490600255     
 DEBUG T iter      140700 min   302.64163755555921      max   1287.0435679204818     
   SIMPLE iter      140700  res_p=   6.9388939039072284E-017  u(1,1,1)=   1.9458836112745159       p(1,1,1)=   123.71302557616647     
 DEBUG T iter      140750 min   302.64163766562137      max   1287.0435867013953     
 DEBUG T iter      140800 min   302.64163777521924      max   1287.0436054030974     
   SIMPLE iter      140800  res_p=   6.9388939039072284E-017  u(1,1,1)=   1.9458836112745159       p(1,1,1)=   123.71302557616647     
 DEBUG T iter      140850 min   302.64163788435485      max   1287.0436240259237     
 DEBUG T iter      140900 min   302.64163799303003      max   1287.0436425702069     
   SIMPLE iter      140900  res_p=   6.9388939039072284E-017  u(1,1,1)=   1.9458836112745159       p(1,1,1)=   123.71302557616647     
 DEBUG T iter      140950 min   302.64163810124711      max   1287.0436610362756     
 DEBUG T iter      141000 min   302.64163820900762      max   1287.0436794244613     
   SIMPLE iter      141000  res_p=   6.9388939039072284E-017  u(1,1,1)=   1.9458836112745159       p(1,1,1)=   123.71302557616647     
 DEBUG T iter      141050 min   302.64163831631367      max   1287.0436977350935     
 DEBUG T iter      141100 min   302.64163842316725      max   1287.0437159684982     
   SIMPLE iter      141100  res_p=   6.9388939039072284E-017  u(1,1,1)=   1.9458836112745159       p(1,1,1)=   123.71302557616647     
 DEBUG T iter      141150 min   302.64163852957006      max   1287.0437341250022     
 DEBUG T iter      141200 min   302.64163863552398      max   1287.0437522049297     
   SIMPLE iter      141200  res_p=   6.9388939039072284E-017  u(1,1,1)=   1.9458836112745159       p(1,1,1)=   123.71302557616647     
 DEBUG T iter      141250 min   302.64163874103127      max   1287.0437702086033     
 DEBUG T iter      141300 min   302.64163884609337      max   1287.0437881363443     
   SIMPLE iter      141300  res_p=   6.9388939039072284E-017  u(1,1,1)=   1.9458836112745159       p(1,1,1)=   123.71302557616647     
 DEBUG T iter      141350 min   302.64163895071255      max   1287.0438059884737     
 DEBUG T iter      141400 min   302.64163905489039      max   1287.0438237653118     
   SIMPLE iter      141400  res_p=   6.9388939039072284E-017  u(1,1,1)=   1.9458836112745159       p(1,1,1)=   123.71302557616647     
 DEBUG T iter      141450 min   302.64163915862889      max   1287.0438414671712     
 DEBUG T iter      141500 min   302.64163926192981      max   1287.0438590943734     
   SIMPLE iter      141500  res_p=   6.9388939039072284E-017  u(1,1,1)=   1.9458836112745159       p(1,1,1)=   123.71302557616647     
 DEBUG T iter      141550 min   302.64163936479514      max   1287.0438766472309     
 DEBUG T iter      141600 min   302.64163946722653      max   1287.0438941260575     
   SIMPLE iter      141600  res_p=   6.9388939039072284E-017  u(1,1,1)=   1.9458836112745159       p(1,1,1)=   123.71302557616647     
 DEBUG T iter      141650 min   302.64163956922590      max   1287.0439115311640     
 DEBUG T iter      141700 min   302.64163967079509      max   1287.0439288628625     
   SIMPLE iter      141700  res_p=   6.9388939039072284E-017  u(1,1,1)=   1.9458836112745159       p(1,1,1)=   123.71302557616647     
 DEBUG T iter      141750 min   302.64163977193590      max   1287.0439461214644     
 DEBUG T iter      141800 min   302.64163987265022      max   1287.0439633072754     
   SIMPLE iter      141800  res_p=   6.9388939039072284E-017  u(1,1,1)=   1.9458836112745159       p(1,1,1)=   123.71302557616647     
 DEBUG T iter      141850 min   302.64163997293957      max   1287.0439804206032     
 DEBUG T iter      141900 min   302.64164007280624      max   1287.0439974617539     
   SIMPLE iter      141900  res_p=   6.9388939039072284E-017  u(1,1,1)=   1.9458836112745159       p(1,1,1)=   123.71302557616647     
 DEBUG T iter      141950 min   302.64164017225147      max   1287.0440144310328     
 DEBUG T iter      142000 min   302.64164027127742      max   1287.0440313287418     
   SIMPLE iter      142000  res_p=   6.9388939039072284E-017  u(1,1,1)=   1.9458836112745159       p(1,1,1)=   123.71302557616647     
 DEBUG T iter      142050 min   302.64164036988552      max   1287.0440481551827     
 DEBUG T iter      142100 min   302.64164046807792      max   1287.0440649106554     
   SIMPLE iter      142100  res_p=   6.9388939039072284E-017  u(1,1,1)=   1.9458836112745159       p(1,1,1)=   123.71302557616647     
 DEBUG T iter      142150 min   302.64164056585622      max   1287.0440815954601     
 DEBUG T iter      142200 min   302.64164066322201      max   1287.0440982098960     
   SIMPLE iter      142200  res_p=   6.9388939039072284E-017  u(1,1,1)=   1.9458836112745159       p(1,1,1)=   123.71302557616647     
 DEBUG T iter      142250 min   302.64164076017710      max   1287.0441147542565     
 DEBUG T iter      142300 min   302.64164085672337      max   1287.0441312288435     
   SIMPLE iter      142300  res_p=   6.9388939039072284E-017  u(1,1,1)=   1.9458836112745159       p(1,1,1)=   123.71302557616647     
 DEBUG T iter      142350 min   302.64164095286242      max   1287.0441476339461     
 DEBUG T iter      142400 min   302.64164104859611      max   1287.0441639698574     
   SIMPLE iter      142400  res_p=   6.9388939039072284E-017  u(1,1,1)=   1.9458836112745159       p(1,1,1)=   123.71302557616647     
 DEBUG T iter      142450 min   302.64164114392582      max   1287.0441802368714     
 DEBUG T iter      142500 min   302.64164123885365      max   1287.0441964352781     
   SIMPLE iter      142500  res_p=   6.9388939039072284E-017  u(1,1,1)=   1.9458836112745159       p(1,1,1)=   123.71302557616647     
 DEBUG T iter      142550 min   302.64164133338107      max   1287.0442125653647     
 DEBUG T iter      142600 min   302.64164142750963      max   1287.0442286274229     
   SIMPLE iter      142600  res_p=   6.9388939039072284E-017  u(1,1,1)=   1.9458836112745159       p(1,1,1)=   123.71302557616647     
 DEBUG T iter      142650 min   302.64164152124141      max   1287.0442446217373     
 DEBUG T iter      142700 min   302.64164161457779      max   1287.0442605485925     
   SIMPLE iter      142700  res_p=   6.9388939039072284E-017  u(1,1,1)=   1.9458836112745159       p(1,1,1)=   123.71302557616647     
 DEBUG T iter      142750 min   302.64164170752053      max   1287.0442764082759     
 DEBUG T iter      142800 min   302.64164180007123      max   1287.0442922010686     
   SIMPLE iter      142800  res_p=   6.9388939039072284E-017  u(1,1,1)=   1.9458836112745159       p(1,1,1)=   123.71302557616647     
 DEBUG T iter      142850 min   302.64164189223163      max   1287.0443079272550     
 DEBUG T iter      142900 min   302.64164198400334      max   1287.0443235871137     
   SIMPLE iter      142900  res_p=   6.9388939039072284E-017  u(1,1,1)=   1.9458836112745159       p(1,1,1)=   123.71302557616647     
 DEBUG T iter      142950 min   302.64164207538806      max   1287.0443391809254     
 DEBUG T iter      143000 min   302.64164216638710      max   1287.0443547089690     
   SIMPLE iter      143000  res_p=   6.9388939039072284E-017  u(1,1,1)=   1.9458836112745159       p(1,1,1)=   123.71302557616647     
 DEBUG T iter      143050 min   302.64164225700262      max   1287.0443701715217     
 DEBUG T iter      143100 min   302.64164234723575      max   1287.0443855688582     
   SIMPLE iter      143100  res_p=   6.9388939039072284E-017  u(1,1,1)=   1.9458836112745159       p(1,1,1)=   123.71302557616647     
 DEBUG T iter      143150 min   302.64164243708854      max   1287.0444009012563     
 DEBUG T iter      143200 min   302.64164252656224      max   1287.0444161689875     
   SIMPLE iter      143200  res_p=   6.9388939039072284E-017  u(1,1,1)=   1.9458836112745159       p(1,1,1)=   123.71302557616647     
 DEBUG T iter      143250 min   302.64164261565861      max   1287.0444313723260     
 DEBUG T iter      143300 min   302.64164270437919      max   1287.0444465115429     
   SIMPLE iter      143300  res_p=   6.9388939039072284E-017  u(1,1,1)=   1.9458836112745159       p(1,1,1)=   123.71302557616647     
 DEBUG T iter      143350 min   302.64164279272558      max   1287.0444615869078     
 DEBUG T iter      143400 min   302.64164288069924      max   1287.0444765986917     
   SIMPLE iter      143400  res_p=   6.9388939039072284E-017  u(1,1,1)=   1.9458836112745159       p(1,1,1)=   123.71302557616647     
 DEBUG T iter      143450 min   302.64164296830199      max   1287.0444915471630     
 DEBUG T iter      143500 min   302.64164305553527      max   1287.0445064325875     
   SIMPLE iter      143500  res_p=   6.9388939039072284E-017  u(1,1,1)=   1.9458836112745159       p(1,1,1)=   123.71302557616647     
 DEBUG T iter      143550 min   302.64164314240060      max   1287.0445212552288     
 DEBUG T iter      143600 min   302.64164322889962      max   1287.0445360153562     
   SIMPLE iter      143600  res_p=   6.9388939039072284E-017  u(1,1,1)=   1.9458836112745159       p(1,1,1)=   123.71302557616647     
 DEBUG T iter      143650 min   302.64164331503372      max   1287.0445507132292     
 DEBUG T iter      143700 min   302.64164340080458      max   1287.0445653491133     
   SIMPLE iter      143700  res_p=   6.9388939039072284E-017  u(1,1,1)=   1.9458836112745159       p(1,1,1)=   123.71302557616647     
 DEBUG T iter      143750 min   302.64164348621381      max   1287.0445799232702     
 DEBUG T iter      143800 min   302.64164357126270      max   1287.0445944359578     
   SIMPLE iter      143800  res_p=   6.9388939039072284E-017  u(1,1,1)=   1.9458836112745159       p(1,1,1)=   123.71302557616647     
 DEBUG T iter      143850 min   302.64164365595298      max   1287.0446088874367     
 DEBUG T iter      143900 min   302.64164374028593      max   1287.0446232779666     
   SIMPLE iter      143900  res_p=   6.9388939039072284E-017  u(1,1,1)=   1.9458836112745159       p(1,1,1)=   123.71302557616647     
 DEBUG T iter      143950 min   302.64164382426333      max   1287.0446376078014     
 DEBUG T iter      144000 min   302.64164390788642      max   1287.0446518771996     
   SIMPLE iter      144000  res_p=   6.9388939039072284E-017  u(1,1,1)=   1.9458836112745159       p(1,1,1)=   123.71302557616647     
 DEBUG T iter      144050 min   302.64164399115685      max   1287.0446660864131     
 DEBUG T iter      144100 min   302.64164407407617      max   1287.0446802356980     
   SIMPLE iter      144100  res_p=   6.9388939039072284E-017  u(1,1,1)=   1.9458836112745159       p(1,1,1)=   123.71302557616647     
 DEBUG T iter      144150 min   302.64164415664567      max   1287.0446943253100     
 DEBUG T iter      144200 min   302.64164423886706      max   1287.0447083554986     
   SIMPLE iter      144200  res_p=   6.9388939039072284E-017  u(1,1,1)=   1.9458836112745159       p(1,1,1)=   123.71302557616647     
 DEBUG T iter      144250 min   302.64164432074153      max   1287.0447223265110     
 DEBUG T iter      144300 min   302.64164440227074      max   1287.0447362385960     
   SIMPLE iter      144300  res_p=   6.9388939039072284E-017  u(1,1,1)=   1.9458836112745159       p(1,1,1)=   123.71302557616647     
 DEBUG T iter      144350 min   302.64164448345610      max   1287.0447500920070     
 DEBUG T iter      144400 min   302.64164456429904      max   1287.0447638869930     
   SIMPLE iter      144400  res_p=   6.9388939039072284E-017  u(1,1,1)=   1.9458836112745159       p(1,1,1)=   123.71302557616647     
 DEBUG T iter      144450 min   302.64164464480103      max   1287.0447776237961     
 DEBUG T iter      144500 min   302.64164472496350      max   1287.0447913026615     
   SIMPLE iter      144500  res_p=   6.9388939039072284E-017  u(1,1,1)=   1.9458836112745159       p(1,1,1)=   123.71302557616647     
 DEBUG T iter      144550 min   302.64164480478786      max   1287.0448049238337     
 DEBUG T iter      144600 min   302.64164488427554      max   1287.0448184875618     
   SIMPLE iter      144600  res_p=   6.9388939039072284E-017  u(1,1,1)=   1.9458836112745159       p(1,1,1)=   123.71302557616647     
 DEBUG T iter      144650 min   302.64164496342795      max   1287.0448319940815     
 DEBUG T iter      144700 min   302.64164504224658      max   1287.0448454436334     
   SIMPLE iter      144700  res_p=   6.9388939039072284E-017  u(1,1,1)=   1.9458836112745159       p(1,1,1)=   123.71302557616647     
 DEBUG T iter      144750 min   302.64164512073273      max   1287.0448588364620     
 DEBUG T iter      144800 min   302.64164519888800      max   1287.0448721728071     
   SIMPLE iter      144800  res_p=   6.9388939039072284E-017  u(1,1,1)=   1.9458836112745159       p(1,1,1)=   123.71302557616647     
 DEBUG T iter      144850 min   302.64164527671340      max   1287.0448854529016     
 DEBUG T iter      144900 min   302.64164535421082      max   1287.0448986769852     
   SIMPLE iter      144900  res_p=   6.9388939039072284E-017  u(1,1,1)=   1.9458836112745159       p(1,1,1)=   123.71302557616647     
 DEBUG T iter      144950 min   302.64164543138122      max   1287.0449118453007     
 DEBUG T iter      145000 min   302.64164550822619      max   1287.0449249580743     
   SIMPLE iter      145000  res_p=   6.9388939039072284E-017  u(1,1,1)=   1.9458836112745159       p(1,1,1)=   123.71302557616647     
 DEBUG T iter      145050 min   302.64164558474710      max   1287.0449380155394     
 DEBUG T iter      145100 min   302.64164566094519      max   1287.0449510179412     
   SIMPLE iter      145100  res_p=   6.9388939039072284E-017  u(1,1,1)=   1.9458836112745159       p(1,1,1)=   123.71302557616647     
 DEBUG T iter      145150 min   302.64164573682200      max   1287.0449639654989     
 DEBUG T iter      145200 min   302.64164581237878      max   1287.0449768584483     
   SIMPLE iter      145200  res_p=   6.9388939039072284E-017  u(1,1,1)=   1.9458836112745159       p(1,1,1)=   123.71302557616647     
 DEBUG T iter      145250 min   302.64164588761685      max   1287.0449896970247     
 DEBUG T iter      145300 min   302.64164596253767      max   1287.0450024814481     
   SIMPLE iter      145300  res_p=   6.9388939039072284E-017  u(1,1,1)=   1.9458836112745159       p(1,1,1)=   123.71302557616647     
 DEBUG T iter      145350 min   302.64164603714238      max   1287.0450152119538     
 DEBUG T iter      145400 min   302.64164611143246      max   1287.0450278887718     
   SIMPLE iter      145400  res_p=   6.9388939039072284E-017  u(1,1,1)=   1.9458836112745159       p(1,1,1)=   123.71302557616647     
 DEBUG T iter      145450 min   302.64164618540923      max   1287.0450405121173     
 DEBUG T iter      145500 min   302.64164625907398      max   1287.0450530822277     
   SIMPLE iter      145500  res_p=   6.9388939039072284E-017  u(1,1,1)=   1.9458836112745159       p(1,1,1)=   123.71302557616647     
 DEBUG T iter      145550 min   302.64164633242814      max   1287.0450655993195     
 DEBUG T iter      145600 min   302.64164640547284      max   1287.0450780636197     
   SIMPLE iter      145600  res_p=   6.9388939039072284E-017  u(1,1,1)=   1.9458836112745159       p(1,1,1)=   123.71302557616647     
 DEBUG T iter      145650 min   302.64164647820951      max   1287.0450904753518     
 DEBUG T iter      145700 min   302.64164655063945      max   1287.0451028347322     
   SIMPLE iter      145700  res_p=   6.9388939039072284E-017  u(1,1,1)=   1.9458836112745159       p(1,1,1)=   123.71302557616647     
 DEBUG T iter      145750 min   302.64164662276374      max   1287.0451151419895     
 DEBUG T iter      145800 min   302.64164669458398      max   1287.0451273973379     
   SIMPLE iter      145800  res_p=   6.9388939039072284E-017  u(1,1,1)=   1.9458836112745159       p(1,1,1)=   123.71302557616647     
 DEBUG T iter      145850 min   302.64164676610130      max   1287.0451396009980     
 DEBUG T iter      145900 min   302.64164683731696      max   1287.0451517531912     
   SIMPLE iter      145900  res_p=   6.9388939039072284E-017  u(1,1,1)=   1.9458836112745159       p(1,1,1)=   123.71302557616647     
 DEBUG T iter      145950 min   302.64164690823219      max   1287.0451638541258     
 DEBUG T iter      146000 min   302.64164697884843      max   1287.0451759040270     
   SIMPLE iter      146000  res_p=   6.9388939039072284E-017  u(1,1,1)=   1.9458836112745159       p(1,1,1)=   123.71302557616647     
 DEBUG T iter      146050 min   302.64164704916681      max   1287.0451879031052     
 DEBUG T iter      146100 min   302.64164711918863      max   1287.0451998515780     
   SIMPLE iter      146100  res_p=   6.9388939039072284E-017  u(1,1,1)=   1.9458836112745159       p(1,1,1)=   123.71302557616647     
 DEBUG T iter      146150 min   302.64164718891504      max   1287.0452117496552     
 DEBUG T iter      146200 min   302.64164725834752      max   1287.0452235975526     
   SIMPLE iter      146200  res_p=   6.9388939039072284E-017  u(1,1,1)=   1.9458836112745159       p(1,1,1)=   123.71302557616647     
 DEBUG T iter      146250 min   302.64164732748708      max   1287.0452353954779     
 DEBUG T iter      146300 min   302.64164739633503      max   1287.0452471436479     
   SIMPLE iter      146300  res_p=   6.9388939039072284E-017  u(1,1,1)=   1.9458836112745159       p(1,1,1)=   123.71302557616647     
 DEBUG T iter      146350 min   302.64164746489257      max   1287.0452588422652     
 DEBUG T iter      146400 min   302.64164753316112      max   1287.0452704915444     
   SIMPLE iter      146400  res_p=   6.9388939039072284E-017  u(1,1,1)=   1.9458836112745159       p(1,1,1)=   123.71302557616647     
 DEBUG T iter      146450 min   302.64164760114159      max   1287.0452820916901     
 DEBUG T iter      146500 min   302.64164766883533      max   1287.0452936429112     
   SIMPLE iter      146500  res_p=   6.9388939039072284E-017  u(1,1,1)=   1.9458836112745159       p(1,1,1)=   123.71302557616647     
 DEBUG T iter      146550 min   302.64164773624356      max   1287.0453051454135     
 DEBUG T iter      146600 min   302.64164780336756      max   1287.0453165994049     
   SIMPLE iter      146600  res_p=   6.9388939039072284E-017  u(1,1,1)=   1.9458836112745159       p(1,1,1)=   123.71302557616647     
 DEBUG T iter      146650 min   302.64164787020843      max   1287.0453280050833     
 DEBUG T iter      146700 min   302.64164793676747      max   1287.0453393626644     
   SIMPLE iter      146700  res_p=   6.9388939039072284E-017  u(1,1,1)=   1.9458836112745159       p(1,1,1)=   123.71302557616647     
 DEBUG T iter      146750 min   302.64164800304570      max   1287.0453506723366     
 DEBUG T iter      146800 min   302.64164806904444      max   1287.0453619343152     
   SIMPLE iter      146800  res_p=   6.9388939039072284E-017  u(1,1,1)=   1.9458836112745159       p(1,1,1)=   123.71302557616647     
 DEBUG T iter      146850 min   302.64164813476481      max   1287.0453731487928     
 DEBUG T iter      146900 min   302.64164820020801      max   1287.0453843159721     
   SIMPLE iter      146900  res_p=   6.9388939039072284E-017  u(1,1,1)=   1.9458836112745159       p(1,1,1)=   123.71302557616647     
 DEBUG T iter      146950 min   302.64164826537518      max   1287.0453954360539     
 DEBUG T iter      147000 min   302.64164833026746      max   1287.0454065092329     
   SIMPLE iter      147000  res_p=   6.9388939039072284E-017  u(1,1,1)=   1.9458836112745159       p(1,1,1)=   123.71302557616647     
 DEBUG T iter      147050 min   302.64164839488615      max   1287.0454175357138     
 DEBUG T iter      147100 min   302.64164845923216      max   1287.0454285156827     
   SIMPLE iter      147100  res_p=   6.9388939039072284E-017  u(1,1,1)=   1.9458836112745159       p(1,1,1)=   123.71302557616647     
 DEBUG T iter      147150 min   302.64164852330691      max   1287.0454394493477     
 DEBUG T iter      147200 min   302.64164858711143      max   1287.0454503368990     
   SIMPLE iter      147200  res_p=   6.9388939039072284E-017  u(1,1,1)=   1.9458836112745159       p(1,1,1)=   123.71302557616647     
 DEBUG T iter      147250 min   302.64164865064669      max   1287.0454611785260     
 DEBUG T iter      147300 min   302.64164871391415      max   1287.0454719744355     
   SIMPLE iter      147300  res_p=   6.9388939039072284E-017  u(1,1,1)=   1.9458836112745159       p(1,1,1)=   123.71302557616647     
 DEBUG T iter      147350 min   302.64164877691479      max   1287.0454827248034     
 DEBUG T iter      147400 min   302.64164883964963      max   1287.0454934298364     
   SIMPLE iter      147400  res_p=   6.9388939039072284E-017  u(1,1,1)=   1.9458836112745159       p(1,1,1)=   123.71302557616647     
 DEBUG T iter      147450 min   302.64164890211975      max   1287.0455040897205     
 DEBUG T iter      147500 min   302.64164896432663      max   1287.0455147046400     
   SIMPLE iter      147500  res_p=   6.9388939039072284E-017  u(1,1,1)=   1.9458836112745159       p(1,1,1)=   123.71302557616647     
 DEBUG T iter      147550 min   302.64164902627101      max   1287.0455252747954     
 DEBUG T iter      147600 min   302.64164908795419      max   1287.0455358003683     
   SIMPLE iter      147600  res_p=   6.9388939039072284E-017  u(1,1,1)=   1.9458836112745159       p(1,1,1)=   123.71302557616647     
 DEBUG T iter      147650 min   302.64164914937714      max   1287.0455462815464     
 DEBUG T iter      147700 min   302.64164921054112      max   1287.0455567185227     
   SIMPLE iter      147700  res_p=   6.9388939039072284E-017  u(1,1,1)=   1.9458836112745159       p(1,1,1)=   123.71302557616647     
 DEBUG T iter      147750 min   302.64164927144708      max   1287.0455671114776     
 DEBUG T iter      147800 min   302.64164933209628      max   1287.0455774605975     
   SIMPLE iter      147800  res_p=   6.9388939039072284E-017  u(1,1,1)=   1.9458836112745159       p(1,1,1)=   123.71302557616647     
 DEBUG T iter      147850 min   302.64164939248963      max   1287.0455877660745     
 DEBUG T iter      147900 min   302.64164945262814      max   1287.0455980280842     
   SIMPLE iter      147900  res_p=   6.9388939039072284E-017  u(1,1,1)=   1.9458836112745159       p(1,1,1)=   123.71302557616647     
 DEBUG T iter      147950 min   302.64164951251320      max   1287.0456082468106     
 DEBUG T iter      148000 min   302.64164957214558      max   1287.0456184224438     
   SIMPLE iter      148000  res_p=   6.9388939039072284E-017  u(1,1,1)=   1.9458836112745159       p(1,1,1)=   123.71302557616647     
 DEBUG T iter      148050 min   302.64164963152638      max   1287.0456285551559     
 DEBUG T iter      148100 min   302.64164969065695      max   1287.0456386451312     
   SIMPLE iter      148100  res_p=   6.9388939039072284E-017  u(1,1,1)=   1.9458836112745159       p(1,1,1)=   123.71302557616647     
 DEBUG T iter      148150 min   302.64164974953792      max   1287.0456486925530     
 DEBUG T iter      148200 min   302.64164980817060      max   1287.0456586975997     
   SIMPLE iter      148200  res_p=   6.9388939039072284E-017  u(1,1,1)=   1.9458836112745159       p(1,1,1)=   123.71302557616647     
 DEBUG T iter      148250 min   302.64164986655607      max   1287.0456686604455     
 DEBUG T iter      148300 min   302.64164992469517      max   1287.0456785812737     
   SIMPLE iter      148300  res_p=   6.9388939039072284E-017  u(1,1,1)=   1.9458836112745159       p(1,1,1)=   123.71302557616647     
 DEBUG T iter      148350 min   302.64164998258923      max   1287.0456884602625     
 DEBUG T iter      148400 min   302.64165004023897      max   1287.0456982975854     
   SIMPLE iter      148400  res_p=   6.9388939039072284E-017  u(1,1,1)=   1.9458836112745159       p(1,1,1)=   123.71302557616647     
 DEBUG T iter      148450 min   302.64165009764559      max   1287.0457080934139     
 DEBUG T iter      148500 min   302.64165015481024      max   1287.0457178479280     
   SIMPLE iter      148500  res_p=   6.9388939039072284E-017  u(1,1,1)=   1.9458836112745159       p(1,1,1)=   123.71302557616647     
 DEBUG T iter      148550 min   302.64165021173363      max   1287.0457275613069     
 DEBUG T iter      148600 min   302.64165026841698      max   1287.0457372337178     
   SIMPLE iter      148600  res_p=   6.9388939039072284E-017  u(1,1,1)=   1.9458836112745159       p(1,1,1)=   123.71302557616647     
 DEBUG T iter      148650 min   302.64165032486125      max   1287.0457468653296     
 DEBUG T iter      148700 min   302.64165038106756      max   1287.0457564563187     
   SIMPLE iter      148700  res_p=   6.9388939039072284E-017  u(1,1,1)=   1.9458836112745159       p(1,1,1)=   123.71302557616647     
 DEBUG T iter      148750 min   302.64165043703667      max   1287.0457660068605     
 DEBUG T iter      148800 min   302.64165049276983      max   1287.0457755171253     
   SIMPLE iter      148800  res_p=   6.9388939039072284E-017  u(1,1,1)=   1.9458836112745159       p(1,1,1)=   123.71302557616647     
 DEBUG T iter      148850 min   302.64165054826788      max   1287.0457849872771     
 DEBUG T iter      148900 min   302.64165060353190      max   1287.0457944174839     
   SIMPLE iter      148900  res_p=   6.9388939039072284E-017  u(1,1,1)=   1.9458836112745159       p(1,1,1)=   123.71302557616647     
 DEBUG T iter      148950 min   302.64165065856275      max   1287.0458038079191     
 DEBUG T iter      149000 min   302.64165071336157      max   1287.0458131587527     
   SIMPLE iter      149000  res_p=   6.9388939039072284E-017  u(1,1,1)=   1.9458836112745159       p(1,1,1)=   123.71302557616647     
 DEBUG T iter      149050 min   302.64165076792921      max   1287.0458224701481     
 DEBUG T iter      149100 min   302.64165082226680      max   1287.0458317422688     
   SIMPLE iter      149100  res_p=   6.9388939039072284E-017  u(1,1,1)=   1.9458836112745159       p(1,1,1)=   123.71302557616647     
 DEBUG T iter      149150 min   302.64165087637508      max   1287.0458409752819     
 DEBUG T iter      149200 min   302.64165093025531      max   1287.0458501693554     
   SIMPLE iter      149200  res_p=   6.9388939039072284E-017  u(1,1,1)=   1.9458836112745159       p(1,1,1)=   123.71302557616647     
 DEBUG T iter      149250 min   302.64165098390822      max   1287.0458593246535     
 DEBUG T iter      149300 min   302.64165103733478      max   1287.0458684413395     
   SIMPLE iter      149300  res_p=   6.9388939039072284E-017  u(1,1,1)=   1.9458836112745159       p(1,1,1)=   123.71302557616647     
 DEBUG T iter      149350 min   302.64165109053613      max   1287.0458775195741     
 DEBUG T iter      149400 min   302.64165114351317      max   1287.0458865595172     
   SIMPLE iter      149400  res_p=   6.9388939039072284E-017  u(1,1,1)=   1.9458836112745159       p(1,1,1)=   123.71302557616647     
 DEBUG T iter      149450 min   302.64165119626659      max   1287.0458955613321     
 DEBUG T iter      149500 min   302.64165124879764      max   1287.0459045251837     
   SIMPLE iter      149500  res_p=   6.9388939039072284E-017  u(1,1,1)=   1.9458836112745159       p(1,1,1)=   123.71302557616647     
 DEBUG T iter      149550 min   302.64165130110700      max   1287.0459134512307     
 DEBUG T iter      149600 min   302.64165135319587      max   1287.0459223396315     
   SIMPLE iter      149600  res_p=   6.9388939039072284E-017  u(1,1,1)=   1.9458836112745159       p(1,1,1)=   123.71302557616647     
 DEBUG T iter      149650 min   302.64165140506498      max   1287.0459311905440     
 DEBUG T iter      149700 min   302.64165145671535      max   1287.0459400041275     
   SIMPLE iter      149700  res_p=   6.9388939039072284E-017  u(1,1,1)=   1.9458836112745159       p(1,1,1)=   123.71302557616647     
 DEBUG T iter      149750 min   302.64165150814790      max   1287.0459487805358     
 DEBUG T iter      149800 min   302.64165155936337      max   1287.0459575199279     
   SIMPLE iter      149800  res_p=   6.9388939039072284E-017  u(1,1,1)=   1.9458836112745159       p(1,1,1)=   123.71302557616647     
 DEBUG T iter      149850 min   302.64165161036300      max   1287.0459662224623     
 DEBUG T iter      149900 min   302.64165166114748      max   1287.0459748882947     
   SIMPLE iter      149900  res_p=   6.9388939039072284E-017  u(1,1,1)=   1.9458836112745159       p(1,1,1)=   123.71302557616647     
 DEBUG T iter      149950 min   302.64165171171777      max   1287.0459835175777     
 DEBUG T iter      150000 min   302.64165176207490      max   1287.0459921104668     
   SIMPLE iter      150000  res_p=   6.9388939039072284E-017  u(1,1,1)=   1.9458836112745159       p(1,1,1)=   123.71302557616647     
 Porous solver Block           1  SIMPLE iterations:      150001  res_p:   6.9388939039072284E-017
 --------------Force and Moment -----------------------------
 Total Force Coefficient (CL, CD, CS) =
   0.0000000000000000        0.0000000000000000        0.0000000000000000     
 Total Moment Coefficient(CMx, CMy, CMz)=
   0.0000000000000000        0.0000000000000000        0.0000000000000000     
 Kstep, t=           1   1.0000000000000000     
 ----------The Max Residuals are--------  ---Mesh---           1
    0.0000000000E+00    0.0000000000E+00    0.0000000000E+00    0.0000000000E+00    0.0000000000E+00
   The R.M.S Residuals are 
    0.0000000000E+00    0.0000000000E+00    0.0000000000E+00    0.0000000000E+00    0.0000000000E+00
 write flow3d.dat ......
 write flow3d.dat OK
 Output Ts to Ts_block_1.dat
 write VTK files ......
 write VTK files OK
