# vtk DataFile Version 3.0
OpenCFD-EC output
ASCII
DATASET STRUCTURED_GRID
DIMENSIONS     81    41     2
POINTS         6642 double
    0.000000000000000E+00    0.000000000000000E+00    0.000000000000000E+00
    1.000000000000000E-01    0.000000000000000E+00    0.000000000000000E+00
    2.000000000000000E-01    0.000000000000000E+00    0.000000000000000E+00
    3.000000000000000E-01    0.000000000000000E+00    0.000000000000000E+00
    4.000000000000000E-01    0.000000000000000E+00    0.000000000000000E+00
    5.000000000000000E-01    0.000000000000000E+00    0.000000000000000E+00
    6.000000000000001E-01    0.000000000000000E+00    0.000000000000000E+00
    7.000000000000001E-01    0.000000000000000E+00    0.000000000000000E+00
    8.000000000000000E-01    0.000000000000000E+00    0.000000000000000E+00
    9.000000000000000E-01    0.000000000000000E+00    0.000000000000000E+00
    1.000000000000000E+00    0.000000000000000E+00    0.000000000000000E+00
    1.100000000000000E+00    0.000000000000000E+00    0.000000000000000E+00
    1.200000000000000E+00    0.000000000000000E+00    0.000000000000000E+00
    1.300000000000000E+00    0.000000000000000E+00    0.000000000000000E+00
    1.400000000000000E+00    0.000000000000000E+00    0.000000000000000E+00
    1.500000000000000E+00    0.000000000000000E+00    0.000000000000000E+00
    1.600000000000000E+00    0.000000000000000E+00    0.000000000000000E+00
    1.700000000000000E+00    0.000000000000000E+00    0.000000000000000E+00
    1.800000000000000E+00    0.000000000000000E+00    0.000000000000000E+00
    1.900000000000000E+00    0.000000000000000E+00    0.000000000000000E+00
    2.000000000000000E+00    0.000000000000000E+00    0.000000000000000E+00
    2.100000000000000E+00    0.000000000000000E+00    0.000000000000000E+00
    2.200000000000000E+00    0.000000000000000E+00    0.000000000000000E+00
    2.300000000000000E+00    0.000000000000000E+00    0.000000000000000E+00
    2.400000000000000E+00    0.000000000000000E+00    0.000000000000000E+00
    2.500000000000000E+00    0.000000000000000E+00    0.000000000000000E+00
    2.600000000000000E+00    0.000000000000000E+00    0.000000000000000E+00
    2.700000000000000E+00    0.000000000000000E+00    0.000000000000000E+00
    2.800000000000000E+00    0.000000000000000E+00    0.000000000000000E+00
    2.900000000000000E+00    0.000000000000000E+00    0.000000000000000E+00
    3.000000000000000E+00    0.000000000000000E+00    0.000000000000000E+00
    3.100000000000000E+00    0.000000000000000E+00    0.000000000000000E+00
    3.200000000000000E+00    0.000000000000000E+00    0.000000000000000E+00
    3.300000000000000E+00    0.000000000000000E+00    0.000000000000000E+00
    3.400000000000000E+00    0.000000000000000E+00    0.000000000000000E+00
    3.500000000000000E+00    0.000000000000000E+00    0.000000000000000E+00
    3.600000000000000E+00    0.000000000000000E+00    0.000000000000000E+00
    3.700000000000000E+00    0.000000000000000E+00    0.000000000000000E+00
    3.800000000000000E+00    0.000000000000000E+00    0.000000000000000E+00
    3.900000000000000E+00    0.000000000000000E+00    0.000000000000000E+00
    4.000000000000000E+00    0.000000000000000E+00    0.000000000000000E+00
    4.100000000000001E+00    0.000000000000000E+00    0.000000000000000E+00
    4.200000000000000E+00    0.000000000000000E+00    0.000000000000000E+00
    4.300000000000000E+00    0.000000000000000E+00    0.000000000000000E+00
    4.400000000000000E+00    0.000000000000000E+00    0.000000000000000E+00
    4.500000000000000E+00    0.000000000000000E+00    0.000000000000000E+00
    4.600000000000001E+00    0.000000000000000E+00    0.000000000000000E+00
    4.700000000000000E+00    0.000000000000000E+00    0.000000000000000E+00
    4.800000000000001E+00    0.000000000000000E+00    0.000000000000000E+00
    4.900000000000000E+00    0.000000000000000E+00    0.000000000000000E+00
    5.000000000000000E+00    0.000000000000000E+00    0.000000000000000E+00
    5.100000000000001E+00    0.000000000000000E+00    0.000000000000000E+00
    5.200000000000000E+00    0.000000000000000E+00    0.000000000000000E+00
    5.300000000000001E+00    0.000000000000000E+00    0.000000000000000E+00
    5.400000000000000E+00    0.000000000000000E+00    0.000000000000000E+00
    5.500000000000000E+00    0.000000000000000E+00    0.000000000000000E+00
    5.600000000000001E+00    0.000000000000000E+00    0.000000000000000E+00
    5.700000000000000E+00    0.000000000000000E+00    0.000000000000000E+00
    5.800000000000001E+00    0.000000000000000E+00    0.000000000000000E+00
    5.900000000000000E+00    0.000000000000000E+00    0.000000000000000E+00
    6.000000000000000E+00    0.000000000000000E+00    0.000000000000000E+00
    6.100000000000001E+00    0.000000000000000E+00    0.000000000000000E+00
    6.200000000000000E+00    0.000000000000000E+00    0.000000000000000E+00
    6.300000000000001E+00    0.000000000000000E+00    0.000000000000000E+00
    6.400000000000000E+00    0.000000000000000E+00    0.000000000000000E+00
    6.500000000000000E+00    0.000000000000000E+00    0.000000000000000E+00
    6.600000000000001E+00    0.000000000000000E+00    0.000000000000000E+00
    6.700000000000000E+00    0.000000000000000E+00    0.000000000000000E+00
    6.800000000000001E+00    0.000000000000000E+00    0.000000000000000E+00
    6.900000000000000E+00    0.000000000000000E+00    0.000000000000000E+00
    7.000000000000000E+00    0.000000000000000E+00    0.000000000000000E+00
    7.100000000000001E+00    0.000000000000000E+00    0.000000000000000E+00
    7.200000000000000E+00    0.000000000000000E+00    0.000000000000000E+00
    7.300000000000001E+00    0.000000000000000E+00    0.000000000000000E+00
    7.400000000000000E+00    0.000000000000000E+00    0.000000000000000E+00
    7.500000000000000E+00    0.000000000000000E+00    0.000000000000000E+00
    7.600000000000001E+00    0.000000000000000E+00    0.000000000000000E+00
    7.700000000000000E+00    0.000000000000000E+00    0.000000000000000E+00
    7.800000000000001E+00    0.000000000000000E+00    0.000000000000000E+00
    7.900000000000000E+00    0.000000000000000E+00    0.000000000000000E+00
    8.000000000000000E+00    0.000000000000000E+00    0.000000000000000E+00
    0.000000000000000E+00    2.500000000000000E-02    0.000000000000000E+00
    1.000000000000000E-01    2.500000000000000E-02    0.000000000000000E+00
    2.000000000000000E-01    2.500000000000000E-02    0.000000000000000E+00
    3.000000000000000E-01    2.500000000000000E-02    0.000000000000000E+00
    4.000000000000000E-01    2.500000000000000E-02    0.000000000000000E+00
    5.000000000000000E-01    2.500000000000000E-02    0.000000000000000E+00
    6.000000000000001E-01    2.500000000000000E-02    0.000000000000000E+00
    7.000000000000001E-01    2.500000000000000E-02    0.000000000000000E+00
    8.000000000000000E-01    2.500000000000000E-02    0.000000000000000E+00
    9.000000000000000E-01    2.500000000000000E-02    0.000000000000000E+00
    1.000000000000000E+00    2.500000000000000E-02    0.000000000000000E+00
    1.100000000000000E+00    2.500000000000000E-02    0.000000000000000E+00
    1.200000000000000E+00    2.500000000000000E-02    0.000000000000000E+00
    1.300000000000000E+00    2.500000000000000E-02    0.000000000000000E+00
    1.400000000000000E+00    2.500000000000000E-02    0.000000000000000E+00
    1.500000000000000E+00    2.500000000000000E-02    0.000000000000000E+00
    1.600000000000000E+00    2.500000000000000E-02    0.000000000000000E+00
    1.700000000000000E+00    2.500000000000000E-02    0.000000000000000E+00
    1.800000000000000E+00    2.500000000000000E-02    0.000000000000000E+00
    1.900000000000000E+00    2.500000000000000E-02    0.000000000000000E+00
    2.000000000000000E+00    2.500000000000000E-02    0.000000000000000E+00
    2.100000000000000E+00    2.500000000000000E-02    0.000000000000000E+00
    2.200000000000000E+00    2.500000000000000E-02    0.000000000000000E+00
    2.300000000000000E+00    2.500000000000000E-02    0.000000000000000E+00
    2.400000000000000E+00    2.500000000000000E-02    0.000000000000000E+00
    2.500000000000000E+00    2.500000000000000E-02    0.000000000000000E+00
    2.600000000000000E+00    2.500000000000000E-02    0.000000000000000E+00
    2.700000000000000E+00    2.500000000000000E-02    0.000000000000000E+00
    2.800000000000000E+00    2.500000000000000E-02    0.000000000000000E+00
    2.900000000000000E+00    2.500000000000000E-02    0.000000000000000E+00
    3.000000000000000E+00    2.500000000000000E-02    0.000000000000000E+00
    3.100000000000000E+00    2.500000000000000E-02    0.000000000000000E+00
    3.200000000000000E+00    2.500000000000000E-02    0.000000000000000E+00
    3.300000000000000E+00    2.500000000000000E-02    0.000000000000000E+00
    3.400000000000000E+00    2.500000000000000E-02    0.000000000000000E+00
    3.500000000000000E+00    2.500000000000000E-02    0.000000000000000E+00
    3.600000000000000E+00    2.500000000000000E-02    0.000000000000000E+00
    3.700000000000000E+00    2.500000000000000E-02    0.000000000000000E+00
    3.800000000000000E+00    2.500000000000000E-02    0.000000000000000E+00
    3.900000000000000E+00    2.500000000000000E-02    0.000000000000000E+00
    4.000000000000000E+00    2.500000000000000E-02    0.000000000000000E+00
    4.100000000000001E+00    2.500000000000000E-02    0.000000000000000E+00
    4.200000000000000E+00    2.500000000000000E-02    0.000000000000000E+00
    4.300000000000000E+00    2.500000000000000E-02    0.000000000000000E+00
    4.400000000000000E+00    2.500000000000000E-02    0.000000000000000E+00
    4.500000000000000E+00    2.500000000000000E-02    0.000000000000000E+00
    4.600000000000001E+00    2.500000000000000E-02    0.000000000000000E+00
    4.700000000000000E+00    2.500000000000000E-02    0.000000000000000E+00
    4.800000000000001E+00    2.500000000000000E-02    0.000000000000000E+00
    4.900000000000000E+00    2.500000000000000E-02    0.000000000000000E+00
    5.000000000000000E+00    2.500000000000000E-02    0.000000000000000E+00
    5.100000000000001E+00    2.500000000000000E-02    0.000000000000000E+00
    5.200000000000000E+00    2.500000000000000E-02    0.000000000000000E+00
    5.300000000000001E+00    2.500000000000000E-02    0.000000000000000E+00
    5.400000000000000E+00    2.500000000000000E-02    0.000000000000000E+00
    5.500000000000000E+00    2.500000000000000E-02    0.000000000000000E+00
    5.600000000000001E+00    2.500000000000000E-02    0.000000000000000E+00
    5.700000000000000E+00    2.500000000000000E-02    0.000000000000000E+00
    5.800000000000001E+00    2.500000000000000E-02    0.000000000000000E+00
    5.900000000000000E+00    2.500000000000000E-02    0.000000000000000E+00
    6.000000000000000E+00    2.500000000000000E-02    0.000000000000000E+00
    6.100000000000001E+00    2.500000000000000E-02    0.000000000000000E+00
    6.200000000000000E+00    2.500000000000000E-02    0.000000000000000E+00
    6.300000000000001E+00    2.500000000000000E-02    0.000000000000000E+00
    6.400000000000000E+00    2.500000000000000E-02    0.000000000000000E+00
    6.500000000000000E+00    2.500000000000000E-02    0.000000000000000E+00
    6.600000000000001E+00    2.500000000000000E-02    0.000000000000000E+00
    6.700000000000000E+00    2.500000000000000E-02    0.000000000000000E+00
    6.800000000000001E+00    2.500000000000000E-02    0.000000000000000E+00
    6.900000000000000E+00    2.500000000000000E-02    0.000000000000000E+00
    7.000000000000000E+00    2.500000000000000E-02    0.000000000000000E+00
    7.100000000000001E+00    2.500000000000000E-02    0.000000000000000E+00
    7.200000000000000E+00    2.500000000000000E-02    0.000000000000000E+00
    7.300000000000001E+00    2.500000000000000E-02    0.000000000000000E+00
    7.400000000000000E+00    2.500000000000000E-02    0.000000000000000E+00
    7.500000000000000E+00    2.500000000000000E-02    0.000000000000000E+00
    7.600000000000001E+00    2.500000000000000E-02    0.000000000000000E+00
    7.700000000000000E+00    2.500000000000000E-02    0.000000000000000E+00
    7.800000000000001E+00    2.500000000000000E-02    0.000000000000000E+00
    7.900000000000000E+00    2.500000000000000E-02    0.000000000000000E+00
    8.000000000000000E+00    2.500000000000000E-02    0.000000000000000E+00
    0.000000000000000E+00    5.000000000000000E-02    0.000000000000000E+00
    1.000000000000000E-01    5.000000000000000E-02    0.000000000000000E+00
    2.000000000000000E-01    5.000000000000000E-02    0.000000000000000E+00
    3.000000000000000E-01    5.000000000000000E-02    0.000000000000000E+00
    4.000000000000000E-01    5.000000000000000E-02    0.000000000000000E+00
    5.000000000000000E-01    5.000000000000000E-02    0.000000000000000E+00
    6.000000000000001E-01    5.000000000000000E-02    0.000000000000000E+00
    7.000000000000001E-01    5.000000000000000E-02    0.000000000000000E+00
    8.000000000000000E-01    5.000000000000000E-02    0.000000000000000E+00
    9.000000000000000E-01    5.000000000000000E-02    0.000000000000000E+00
    1.000000000000000E+00    5.000000000000000E-02    0.000000000000000E+00
    1.100000000000000E+00    5.000000000000000E-02    0.000000000000000E+00
    1.200000000000000E+00    5.000000000000000E-02    0.000000000000000E+00
    1.300000000000000E+00    5.000000000000000E-02    0.000000000000000E+00
    1.400000000000000E+00    5.000000000000000E-02    0.000000000000000E+00
    1.500000000000000E+00    5.000000000000000E-02    0.000000000000000E+00
    1.600000000000000E+00    5.000000000000000E-02    0.000000000000000E+00
    1.700000000000000E+00    5.000000000000000E-02    0.000000000000000E+00
    1.800000000000000E+00    5.000000000000000E-02    0.000000000000000E+00
    1.900000000000000E+00    5.000000000000000E-02    0.000000000000000E+00
    2.000000000000000E+00    5.000000000000000E-02    0.000000000000000E+00
    2.100000000000000E+00    5.000000000000000E-02    0.000000000000000E+00
    2.200000000000000E+00    5.000000000000000E-02    0.000000000000000E+00
    2.300000000000000E+00    5.000000000000000E-02    0.000000000000000E+00
    2.400000000000000E+00    5.000000000000000E-02    0.000000000000000E+00
    2.500000000000000E+00    5.000000000000000E-02    0.000000000000000E+00
    2.600000000000000E+00    5.000000000000000E-02    0.000000000000000E+00
    2.700000000000000E+00    5.000000000000000E-02    0.000000000000000E+00
    2.800000000000000E+00    5.000000000000000E-02    0.000000000000000E+00
    2.900000000000000E+00    5.000000000000000E-02    0.000000000000000E+00
    3.000000000000000E+00    5.000000000000000E-02    0.000000000000000E+00
    3.100000000000000E+00    5.000000000000000E-02    0.000000000000000E+00
    3.200000000000000E+00    5.000000000000000E-02    0.000000000000000E+00
    3.300000000000000E+00    5.000000000000000E-02    0.000000000000000E+00
    3.400000000000000E+00    5.000000000000000E-02    0.000000000000000E+00
    3.500000000000000E+00    5.000000000000000E-02    0.000000000000000E+00
    3.600000000000000E+00    5.000000000000000E-02    0.000000000000000E+00
    3.700000000000000E+00    5.000000000000000E-02    0.000000000000000E+00
    3.800000000000000E+00    5.000000000000000E-02    0.000000000000000E+00
    3.900000000000000E+00    5.000000000000000E-02    0.000000000000000E+00
    4.000000000000000E+00    5.000000000000000E-02    0.000000000000000E+00
    4.100000000000001E+00    5.000000000000000E-02    0.000000000000000E+00
    4.200000000000000E+00    5.000000000000000E-02    0.000000000000000E+00
    4.300000000000000E+00    5.000000000000000E-02    0.000000000000000E+00
    4.400000000000000E+00    5.000000000000000E-02    0.000000000000000E+00
    4.500000000000000E+00    5.000000000000000E-02    0.000000000000000E+00
    4.600000000000001E+00    5.000000000000000E-02    0.000000000000000E+00
    4.700000000000000E+00    5.000000000000000E-02    0.000000000000000E+00
    4.800000000000001E+00    5.000000000000000E-02    0.000000000000000E+00
    4.900000000000000E+00    5.000000000000000E-02    0.000000000000000E+00
    5.000000000000000E+00    5.000000000000000E-02    0.000000000000000E+00
    5.100000000000001E+00    5.000000000000000E-02    0.000000000000000E+00
    5.200000000000000E+00    5.000000000000000E-02    0.000000000000000E+00
    5.300000000000001E+00    5.000000000000000E-02    0.000000000000000E+00
    5.400000000000000E+00    5.000000000000000E-02    0.000000000000000E+00
    5.500000000000000E+00    5.000000000000000E-02    0.000000000000000E+00
    5.600000000000001E+00    5.000000000000000E-02    0.000000000000000E+00
    5.700000000000000E+00    5.000000000000000E-02    0.000000000000000E+00
    5.800000000000001E+00    5.000000000000000E-02    0.000000000000000E+00
    5.900000000000000E+00    5.000000000000000E-02    0.000000000000000E+00
    6.000000000000000E+00    5.000000000000000E-02    0.000000000000000E+00
    6.100000000000001E+00    5.000000000000000E-02    0.000000000000000E+00
    6.200000000000000E+00    5.000000000000000E-02    0.000000000000000E+00
    6.300000000000001E+00    5.000000000000000E-02    0.000000000000000E+00
    6.400000000000000E+00    5.000000000000000E-02    0.000000000000000E+00
    6.500000000000000E+00    5.000000000000000E-02    0.000000000000000E+00
    6.600000000000001E+00    5.000000000000000E-02    0.000000000000000E+00
    6.700000000000000E+00    5.000000000000000E-02    0.000000000000000E+00
    6.800000000000001E+00    5.000000000000000E-02    0.000000000000000E+00
    6.900000000000000E+00    5.000000000000000E-02    0.000000000000000E+00
    7.000000000000000E+00    5.000000000000000E-02    0.000000000000000E+00
    7.100000000000001E+00    5.000000000000000E-02    0.000000000000000E+00
    7.200000000000000E+00    5.000000000000000E-02    0.000000000000000E+00
    7.300000000000001E+00    5.000000000000000E-02    0.000000000000000E+00
    7.400000000000000E+00    5.000000000000000E-02    0.000000000000000E+00
    7.500000000000000E+00    5.000000000000000E-02    0.000000000000000E+00
    7.600000000000001E+00    5.000000000000000E-02    0.000000000000000E+00
    7.700000000000000E+00    5.000000000000000E-02    0.000000000000000E+00
    7.800000000000001E+00    5.000000000000000E-02    0.000000000000000E+00
    7.900000000000000E+00    5.000000000000000E-02    0.000000000000000E+00
    8.000000000000000E+00    5.000000000000000E-02    0.000000000000000E+00
    0.000000000000000E+00    7.500000000000001E-02    0.000000000000000E+00
    1.000000000000000E-01    7.500000000000001E-02    0.000000000000000E+00
    2.000000000000000E-01    7.500000000000001E-02    0.000000000000000E+00
    3.000000000000000E-01    7.500000000000001E-02    0.000000000000000E+00
    4.000000000000000E-01    7.500000000000001E-02    0.000000000000000E+00
    5.000000000000000E-01    7.500000000000001E-02    0.000000000000000E+00
    6.000000000000001E-01    7.500000000000001E-02    0.000000000000000E+00
    7.000000000000001E-01    7.500000000000001E-02    0.000000000000000E+00
    8.000000000000000E-01    7.500000000000001E-02    0.000000000000000E+00
    9.000000000000000E-01    7.500000000000001E-02    0.000000000000000E+00
    1.000000000000000E+00    7.500000000000001E-02    0.000000000000000E+00
    1.100000000000000E+00    7.500000000000001E-02    0.000000000000000E+00
    1.200000000000000E+00    7.500000000000001E-02    0.000000000000000E+00
    1.300000000000000E+00    7.500000000000001E-02    0.000000000000000E+00
    1.400000000000000E+00    7.500000000000001E-02    0.000000000000000E+00
    1.500000000000000E+00    7.500000000000001E-02    0.000000000000000E+00
    1.600000000000000E+00    7.500000000000001E-02    0.000000000000000E+00
    1.700000000000000E+00    7.500000000000001E-02    0.000000000000000E+00
    1.800000000000000E+00    7.500000000000001E-02    0.000000000000000E+00
    1.900000000000000E+00    7.500000000000001E-02    0.000000000000000E+00
    2.000000000000000E+00    7.500000000000001E-02    0.000000000000000E+00
    2.100000000000000E+00    7.500000000000001E-02    0.000000000000000E+00
    2.200000000000000E+00    7.500000000000001E-02    0.000000000000000E+00
    2.300000000000000E+00    7.500000000000001E-02    0.000000000000000E+00
    2.400000000000000E+00    7.500000000000001E-02    0.000000000000000E+00
    2.500000000000000E+00    7.500000000000001E-02    0.000000000000000E+00
    2.600000000000000E+00    7.500000000000001E-02    0.000000000000000E+00
    2.700000000000000E+00    7.500000000000001E-02    0.000000000000000E+00
    2.800000000000000E+00    7.500000000000001E-02    0.000000000000000E+00
    2.900000000000000E+00    7.500000000000001E-02    0.000000000000000E+00
    3.000000000000000E+00    7.500000000000001E-02    0.000000000000000E+00
    3.100000000000000E+00    7.500000000000001E-02    0.000000000000000E+00
    3.200000000000000E+00    7.500000000000001E-02    0.000000000000000E+00
    3.300000000000000E+00    7.500000000000001E-02    0.000000000000000E+00
    3.400000000000000E+00    7.500000000000001E-02    0.000000000000000E+00
    3.500000000000000E+00    7.500000000000001E-02    0.000000000000000E+00
    3.600000000000000E+00    7.500000000000001E-02    0.000000000000000E+00
    3.700000000000000E+00    7.500000000000001E-02    0.000000000000000E+00
    3.800000000000000E+00    7.500000000000001E-02    0.000000000000000E+00
    3.900000000000000E+00    7.500000000000001E-02    0.000000000000000E+00
    4.000000000000000E+00    7.500000000000001E-02    0.000000000000000E+00
    4.100000000000001E+00    7.500000000000001E-02    0.000000000000000E+00
    4.200000000000000E+00    7.500000000000001E-02    0.000000000000000E+00
    4.300000000000000E+00    7.500000000000001E-02    0.000000000000000E+00
    4.400000000000000E+00    7.500000000000001E-02    0.000000000000000E+00
    4.500000000000000E+00    7.500000000000001E-02    0.000000000000000E+00
    4.600000000000001E+00    7.500000000000001E-02    0.000000000000000E+00
    4.700000000000000E+00    7.500000000000001E-02    0.000000000000000E+00
    4.800000000000001E+00    7.500000000000001E-02    0.000000000000000E+00
    4.900000000000000E+00    7.500000000000001E-02    0.000000000000000E+00
    5.000000000000000E+00    7.500000000000001E-02    0.000000000000000E+00
    5.100000000000001E+00    7.500000000000001E-02    0.000000000000000E+00
    5.200000000000000E+00    7.500000000000001E-02    0.000000000000000E+00
    5.300000000000001E+00    7.500000000000001E-02    0.000000000000000E+00
    5.400000000000000E+00    7.500000000000001E-02    0.000000000000000E+00
    5.500000000000000E+00    7.500000000000001E-02    0.000000000000000E+00
    5.600000000000001E+00    7.500000000000001E-02    0.000000000000000E+00
    5.700000000000000E+00    7.500000000000001E-02    0.000000000000000E+00
    5.800000000000001E+00    7.500000000000001E-02    0.000000000000000E+00
    5.900000000000000E+00    7.500000000000001E-02    0.000000000000000E+00
    6.000000000000000E+00    7.500000000000001E-02    0.000000000000000E+00
    6.100000000000001E+00    7.500000000000001E-02    0.000000000000000E+00
    6.200000000000000E+00    7.500000000000001E-02    0.000000000000000E+00
    6.300000000000001E+00    7.500000000000001E-02    0.000000000000000E+00
    6.400000000000000E+00    7.500000000000001E-02    0.000000000000000E+00
    6.500000000000000E+00    7.500000000000001E-02    0.000000000000000E+00
    6.600000000000001E+00    7.500000000000001E-02    0.000000000000000E+00
    6.700000000000000E+00    7.500000000000001E-02    0.000000000000000E+00
    6.800000000000001E+00    7.500000000000001E-02    0.000000000000000E+00
    6.900000000000000E+00    7.500000000000001E-02    0.000000000000000E+00
    7.000000000000000E+00    7.500000000000001E-02    0.000000000000000E+00
    7.100000000000001E+00    7.500000000000001E-02    0.000000000000000E+00
    7.200000000000000E+00    7.500000000000001E-02    0.000000000000000E+00
    7.300000000000001E+00    7.500000000000001E-02    0.000000000000000E+00
    7.400000000000000E+00    7.500000000000001E-02    0.000000000000000E+00
    7.500000000000000E+00    7.500000000000001E-02    0.000000000000000E+00
    7.600000000000001E+00    7.500000000000001E-02    0.000000000000000E+00
    7.700000000000000E+00    7.500000000000001E-02    0.000000000000000E+00
    7.800000000000001E+00    7.500000000000001E-02    0.000000000000000E+00
    7.900000000000000E+00    7.500000000000001E-02    0.000000000000000E+00
    8.000000000000000E+00    7.500000000000001E-02    0.000000000000000E+00
    0.000000000000000E+00    1.000000000000000E-01    0.000000000000000E+00
    1.000000000000000E-01    1.000000000000000E-01    0.000000000000000E+00
    2.000000000000000E-01    1.000000000000000E-01    0.000000000000000E+00
    3.000000000000000E-01    1.000000000000000E-01    0.000000000000000E+00
    4.000000000000000E-01    1.000000000000000E-01    0.000000000000000E+00
    5.000000000000000E-01    1.000000000000000E-01    0.000000000000000E+00
    6.000000000000001E-01    1.000000000000000E-01    0.000000000000000E+00
    7.000000000000001E-01    1.000000000000000E-01    0.000000000000000E+00
    8.000000000000000E-01    1.000000000000000E-01    0.000000000000000E+00
    9.000000000000000E-01    1.000000000000000E-01    0.000000000000000E+00
    1.000000000000000E+00    1.000000000000000E-01    0.000000000000000E+00
    1.100000000000000E+00    1.000000000000000E-01    0.000000000000000E+00
    1.200000000000000E+00    1.000000000000000E-01    0.000000000000000E+00
    1.300000000000000E+00    1.000000000000000E-01    0.000000000000000E+00
    1.400000000000000E+00    1.000000000000000E-01    0.000000000000000E+00
    1.500000000000000E+00    1.000000000000000E-01    0.000000000000000E+00
    1.600000000000000E+00    1.000000000000000E-01    0.000000000000000E+00
    1.700000000000000E+00    1.000000000000000E-01    0.000000000000000E+00
    1.800000000000000E+00    1.000000000000000E-01    0.000000000000000E+00
    1.900000000000000E+00    1.000000000000000E-01    0.000000000000000E+00
    2.000000000000000E+00    1.000000000000000E-01    0.000000000000000E+00
    2.100000000000000E+00    1.000000000000000E-01    0.000000000000000E+00
    2.200000000000000E+00    1.000000000000000E-01    0.000000000000000E+00
    2.300000000000000E+00    1.000000000000000E-01    0.000000000000000E+00
    2.400000000000000E+00    1.000000000000000E-01    0.000000000000000E+00
    2.500000000000000E+00    1.000000000000000E-01    0.000000000000000E+00
    2.600000000000000E+00    1.000000000000000E-01    0.000000000000000E+00
    2.700000000000000E+00    1.000000000000000E-01    0.000000000000000E+00
    2.800000000000000E+00    1.000000000000000E-01    0.000000000000000E+00
    2.900000000000000E+00    1.000000000000000E-01    0.000000000000000E+00
    3.000000000000000E+00    1.000000000000000E-01    0.000000000000000E+00
    3.100000000000000E+00    1.000000000000000E-01    0.000000000000000E+00
    3.200000000000000E+00    1.000000000000000E-01    0.000000000000000E+00
    3.300000000000000E+00    1.000000000000000E-01    0.000000000000000E+00
    3.400000000000000E+00    1.000000000000000E-01    0.000000000000000E+00
    3.500000000000000E+00    1.000000000000000E-01    0.000000000000000E+00
    3.600000000000000E+00    1.000000000000000E-01    0.000000000000000E+00
    3.700000000000000E+00    1.000000000000000E-01    0.000000000000000E+00
    3.800000000000000E+00    1.000000000000000E-01    0.000000000000000E+00
    3.900000000000000E+00    1.000000000000000E-01    0.000000000000000E+00
    4.000000000000000E+00    1.000000000000000E-01    0.000000000000000E+00
    4.100000000000001E+00    1.000000000000000E-01    0.000000000000000E+00
    4.200000000000000E+00    1.000000000000000E-01    0.000000000000000E+00
    4.300000000000000E+00    1.000000000000000E-01    0.000000000000000E+00
    4.400000000000000E+00    1.000000000000000E-01    0.000000000000000E+00
    4.500000000000000E+00    1.000000000000000E-01    0.000000000000000E+00
    4.600000000000001E+00    1.000000000000000E-01    0.000000000000000E+00
    4.700000000000000E+00    1.000000000000000E-01    0.000000000000000E+00
    4.800000000000001E+00    1.000000000000000E-01    0.000000000000000E+00
    4.900000000000000E+00    1.000000000000000E-01    0.000000000000000E+00
    5.000000000000000E+00    1.000000000000000E-01    0.000000000000000E+00
    5.100000000000001E+00    1.000000000000000E-01    0.000000000000000E+00
    5.200000000000000E+00    1.000000000000000E-01    0.000000000000000E+00
    5.300000000000001E+00    1.000000000000000E-01    0.000000000000000E+00
    5.400000000000000E+00    1.000000000000000E-01    0.000000000000000E+00
    5.500000000000000E+00    1.000000000000000E-01    0.000000000000000E+00
    5.600000000000001E+00    1.000000000000000E-01    0.000000000000000E+00
    5.700000000000000E+00    1.000000000000000E-01    0.000000000000000E+00
    5.800000000000001E+00    1.000000000000000E-01    0.000000000000000E+00
    5.900000000000000E+00    1.000000000000000E-01    0.000000000000000E+00
    6.000000000000000E+00    1.000000000000000E-01    0.000000000000000E+00
    6.100000000000001E+00    1.000000000000000E-01    0.000000000000000E+00
    6.200000000000000E+00    1.000000000000000E-01    0.000000000000000E+00
    6.300000000000001E+00    1.000000000000000E-01    0.000000000000000E+00
    6.400000000000000E+00    1.000000000000000E-01    0.000000000000000E+00
    6.500000000000000E+00    1.000000000000000E-01    0.000000000000000E+00
    6.600000000000001E+00    1.000000000000000E-01    0.000000000000000E+00
    6.700000000000000E+00    1.000000000000000E-01    0.000000000000000E+00
    6.800000000000001E+00    1.000000000000000E-01    0.000000000000000E+00
    6.900000000000000E+00    1.000000000000000E-01    0.000000000000000E+00
    7.000000000000000E+00    1.000000000000000E-01    0.000000000000000E+00
    7.100000000000001E+00    1.000000000000000E-01    0.000000000000000E+00
    7.200000000000000E+00    1.000000000000000E-01    0.000000000000000E+00
    7.300000000000001E+00    1.000000000000000E-01    0.000000000000000E+00
    7.400000000000000E+00    1.000000000000000E-01    0.000000000000000E+00
    7.500000000000000E+00    1.000000000000000E-01    0.000000000000000E+00
    7.600000000000001E+00    1.000000000000000E-01    0.000000000000000E+00
    7.700000000000000E+00    1.000000000000000E-01    0.000000000000000E+00
    7.800000000000001E+00    1.000000000000000E-01    0.000000000000000E+00
    7.900000000000000E+00    1.000000000000000E-01    0.000000000000000E+00
    8.000000000000000E+00    1.000000000000000E-01    0.000000000000000E+00
    0.000000000000000E+00    1.250000000000000E-01    0.000000000000000E+00
    1.000000000000000E-01    1.250000000000000E-01    0.000000000000000E+00
    2.000000000000000E-01    1.250000000000000E-01    0.000000000000000E+00
    3.000000000000000E-01    1.250000000000000E-01    0.000000000000000E+00
    4.000000000000000E-01    1.250000000000000E-01    0.000000000000000E+00
    5.000000000000000E-01    1.250000000000000E-01    0.000000000000000E+00
    6.000000000000001E-01    1.250000000000000E-01    0.000000000000000E+00
    7.000000000000001E-01    1.250000000000000E-01    0.000000000000000E+00
    8.000000000000000E-01    1.250000000000000E-01    0.000000000000000E+00
    9.000000000000000E-01    1.250000000000000E-01    0.000000000000000E+00
    1.000000000000000E+00    1.250000000000000E-01    0.000000000000000E+00
    1.100000000000000E+00    1.250000000000000E-01    0.000000000000000E+00
    1.200000000000000E+00    1.250000000000000E-01    0.000000000000000E+00
    1.300000000000000E+00    1.250000000000000E-01    0.000000000000000E+00
    1.400000000000000E+00    1.250000000000000E-01    0.000000000000000E+00
    1.500000000000000E+00    1.250000000000000E-01    0.000000000000000E+00
    1.600000000000000E+00    1.250000000000000E-01    0.000000000000000E+00
    1.700000000000000E+00    1.250000000000000E-01    0.000000000000000E+00
    1.800000000000000E+00    1.250000000000000E-01    0.000000000000000E+00
    1.900000000000000E+00    1.250000000000000E-01    0.000000000000000E+00
    2.000000000000000E+00    1.250000000000000E-01    0.000000000000000E+00
    2.100000000000000E+00    1.250000000000000E-01    0.000000000000000E+00
    2.200000000000000E+00    1.250000000000000E-01    0.000000000000000E+00
    2.300000000000000E+00    1.250000000000000E-01    0.000000000000000E+00
    2.400000000000000E+00    1.250000000000000E-01    0.000000000000000E+00
    2.500000000000000E+00    1.250000000000000E-01    0.000000000000000E+00
    2.600000000000000E+00    1.250000000000000E-01    0.000000000000000E+00
    2.700000000000000E+00    1.250000000000000E-01    0.000000000000000E+00
    2.800000000000000E+00    1.250000000000000E-01    0.000000000000000E+00
    2.900000000000000E+00    1.250000000000000E-01    0.000000000000000E+00
    3.000000000000000E+00    1.250000000000000E-01    0.000000000000000E+00
    3.100000000000000E+00    1.250000000000000E-01    0.000000000000000E+00
    3.200000000000000E+00    1.250000000000000E-01    0.000000000000000E+00
    3.300000000000000E+00    1.250000000000000E-01    0.000000000000000E+00
    3.400000000000000E+00    1.250000000000000E-01    0.000000000000000E+00
    3.500000000000000E+00    1.250000000000000E-01    0.000000000000000E+00
    3.600000000000000E+00    1.250000000000000E-01    0.000000000000000E+00
    3.700000000000000E+00    1.250000000000000E-01    0.000000000000000E+00
    3.800000000000000E+00    1.250000000000000E-01    0.000000000000000E+00
    3.900000000000000E+00    1.250000000000000E-01    0.000000000000000E+00
    4.000000000000000E+00    1.250000000000000E-01    0.000000000000000E+00
    4.100000000000001E+00    1.250000000000000E-01    0.000000000000000E+00
    4.200000000000000E+00    1.250000000000000E-01    0.000000000000000E+00
    4.300000000000000E+00    1.250000000000000E-01    0.000000000000000E+00
    4.400000000000000E+00    1.250000000000000E-01    0.000000000000000E+00
    4.500000000000000E+00    1.250000000000000E-01    0.000000000000000E+00
    4.600000000000001E+00    1.250000000000000E-01    0.000000000000000E+00
    4.700000000000000E+00    1.250000000000000E-01    0.000000000000000E+00
    4.800000000000001E+00    1.250000000000000E-01    0.000000000000000E+00
    4.900000000000000E+00    1.250000000000000E-01    0.000000000000000E+00
    5.000000000000000E+00    1.250000000000000E-01    0.000000000000000E+00
    5.100000000000001E+00    1.250000000000000E-01    0.000000000000000E+00
    5.200000000000000E+00    1.250000000000000E-01    0.000000000000000E+00
    5.300000000000001E+00    1.250000000000000E-01    0.000000000000000E+00
    5.400000000000000E+00    1.250000000000000E-01    0.000000000000000E+00
    5.500000000000000E+00    1.250000000000000E-01    0.000000000000000E+00
    5.600000000000001E+00    1.250000000000000E-01    0.000000000000000E+00
    5.700000000000000E+00    1.250000000000000E-01    0.000000000000000E+00
    5.800000000000001E+00    1.250000000000000E-01    0.000000000000000E+00
    5.900000000000000E+00    1.250000000000000E-01    0.000000000000000E+00
    6.000000000000000E+00    1.250000000000000E-01    0.000000000000000E+00
    6.100000000000001E+00    1.250000000000000E-01    0.000000000000000E+00
    6.200000000000000E+00    1.250000000000000E-01    0.000000000000000E+00
    6.300000000000001E+00    1.250000000000000E-01    0.000000000000000E+00
    6.400000000000000E+00    1.250000000000000E-01    0.000000000000000E+00
    6.500000000000000E+00    1.250000000000000E-01    0.000000000000000E+00
    6.600000000000001E+00    1.250000000000000E-01    0.000000000000000E+00
    6.700000000000000E+00    1.250000000000000E-01    0.000000000000000E+00
    6.800000000000001E+00    1.250000000000000E-01    0.000000000000000E+00
    6.900000000000000E+00    1.250000000000000E-01    0.000000000000000E+00
    7.000000000000000E+00    1.250000000000000E-01    0.000000000000000E+00
    7.100000000000001E+00    1.250000000000000E-01    0.000000000000000E+00
    7.200000000000000E+00    1.250000000000000E-01    0.000000000000000E+00
    7.300000000000001E+00    1.250000000000000E-01    0.000000000000000E+00
    7.400000000000000E+00    1.250000000000000E-01    0.000000000000000E+00
    7.500000000000000E+00    1.250000000000000E-01    0.000000000000000E+00
    7.600000000000001E+00    1.250000000000000E-01    0.000000000000000E+00
    7.700000000000000E+00    1.250000000000000E-01    0.000000000000000E+00
    7.800000000000001E+00    1.250000000000000E-01    0.000000000000000E+00
    7.900000000000000E+00    1.250000000000000E-01    0.000000000000000E+00
    8.000000000000000E+00    1.250000000000000E-01    0.000000000000000E+00
    0.000000000000000E+00    1.500000000000000E-01    0.000000000000000E+00
    1.000000000000000E-01    1.500000000000000E-01    0.000000000000000E+00
    2.000000000000000E-01    1.500000000000000E-01    0.000000000000000E+00
    3.000000000000000E-01    1.500000000000000E-01    0.000000000000000E+00
    4.000000000000000E-01    1.500000000000000E-01    0.000000000000000E+00
    5.000000000000000E-01    1.500000000000000E-01    0.000000000000000E+00
    6.000000000000001E-01    1.500000000000000E-01    0.000000000000000E+00
    7.000000000000001E-01    1.500000000000000E-01    0.000000000000000E+00
    8.000000000000000E-01    1.500000000000000E-01    0.000000000000000E+00
    9.000000000000000E-01    1.500000000000000E-01    0.000000000000000E+00
    1.000000000000000E+00    1.500000000000000E-01    0.000000000000000E+00
    1.100000000000000E+00    1.500000000000000E-01    0.000000000000000E+00
    1.200000000000000E+00    1.500000000000000E-01    0.000000000000000E+00
    1.300000000000000E+00    1.500000000000000E-01    0.000000000000000E+00
    1.400000000000000E+00    1.500000000000000E-01    0.000000000000000E+00
    1.500000000000000E+00    1.500000000000000E-01    0.000000000000000E+00
    1.600000000000000E+00    1.500000000000000E-01    0.000000000000000E+00
    1.700000000000000E+00    1.500000000000000E-01    0.000000000000000E+00
    1.800000000000000E+00    1.500000000000000E-01    0.000000000000000E+00
    1.900000000000000E+00    1.500000000000000E-01    0.000000000000000E+00
    2.000000000000000E+00    1.500000000000000E-01    0.000000000000000E+00
    2.100000000000000E+00    1.500000000000000E-01    0.000000000000000E+00
    2.200000000000000E+00    1.500000000000000E-01    0.000000000000000E+00
    2.300000000000000E+00    1.500000000000000E-01    0.000000000000000E+00
    2.400000000000000E+00    1.500000000000000E-01    0.000000000000000E+00
    2.500000000000000E+00    1.500000000000000E-01    0.000000000000000E+00
    2.600000000000000E+00    1.500000000000000E-01    0.000000000000000E+00
    2.700000000000000E+00    1.500000000000000E-01    0.000000000000000E+00
    2.800000000000000E+00    1.500000000000000E-01    0.000000000000000E+00
    2.900000000000000E+00    1.500000000000000E-01    0.000000000000000E+00
    3.000000000000000E+00    1.500000000000000E-01    0.000000000000000E+00
    3.100000000000000E+00    1.500000000000000E-01    0.000000000000000E+00
    3.200000000000000E+00    1.500000000000000E-01    0.000000000000000E+00
    3.300000000000000E+00    1.500000000000000E-01    0.000000000000000E+00
    3.400000000000000E+00    1.500000000000000E-01    0.000000000000000E+00
    3.500000000000000E+00    1.500000000000000E-01    0.000000000000000E+00
    3.600000000000000E+00    1.500000000000000E-01    0.000000000000000E+00
    3.700000000000000E+00    1.500000000000000E-01    0.000000000000000E+00
    3.800000000000000E+00    1.500000000000000E-01    0.000000000000000E+00
    3.900000000000000E+00    1.500000000000000E-01    0.000000000000000E+00
    4.000000000000000E+00    1.500000000000000E-01    0.000000000000000E+00
    4.100000000000001E+00    1.500000000000000E-01    0.000000000000000E+00
    4.200000000000000E+00    1.500000000000000E-01    0.000000000000000E+00
    4.300000000000000E+00    1.500000000000000E-01    0.000000000000000E+00
    4.400000000000000E+00    1.500000000000000E-01    0.000000000000000E+00
    4.500000000000000E+00    1.500000000000000E-01    0.000000000000000E+00
    4.600000000000001E+00    1.500000000000000E-01    0.000000000000000E+00
    4.700000000000000E+00    1.500000000000000E-01    0.000000000000000E+00
    4.800000000000001E+00    1.500000000000000E-01    0.000000000000000E+00
    4.900000000000000E+00    1.500000000000000E-01    0.000000000000000E+00
    5.000000000000000E+00    1.500000000000000E-01    0.000000000000000E+00
    5.100000000000001E+00    1.500000000000000E-01    0.000000000000000E+00
    5.200000000000000E+00    1.500000000000000E-01    0.000000000000000E+00
    5.300000000000001E+00    1.500000000000000E-01    0.000000000000000E+00
    5.400000000000000E+00    1.500000000000000E-01    0.000000000000000E+00
    5.500000000000000E+00    1.500000000000000E-01    0.000000000000000E+00
    5.600000000000001E+00    1.500000000000000E-01    0.000000000000000E+00
    5.700000000000000E+00    1.500000000000000E-01    0.000000000000000E+00
    5.800000000000001E+00    1.500000000000000E-01    0.000000000000000E+00
    5.900000000000000E+00    1.500000000000000E-01    0.000000000000000E+00
    6.000000000000000E+00    1.500000000000000E-01    0.000000000000000E+00
    6.100000000000001E+00    1.500000000000000E-01    0.000000000000000E+00
    6.200000000000000E+00    1.500000000000000E-01    0.000000000000000E+00
    6.300000000000001E+00    1.500000000000000E-01    0.000000000000000E+00
    6.400000000000000E+00    1.500000000000000E-01    0.000000000000000E+00
    6.500000000000000E+00    1.500000000000000E-01    0.000000000000000E+00
    6.600000000000001E+00    1.500000000000000E-01    0.000000000000000E+00
    6.700000000000000E+00    1.500000000000000E-01    0.000000000000000E+00
    6.800000000000001E+00    1.500000000000000E-01    0.000000000000000E+00
    6.900000000000000E+00    1.500000000000000E-01    0.000000000000000E+00
    7.000000000000000E+00    1.500000000000000E-01    0.000000000000000E+00
    7.100000000000001E+00    1.500000000000000E-01    0.000000000000000E+00
    7.200000000000000E+00    1.500000000000000E-01    0.000000000000000E+00
    7.300000000000001E+00    1.500000000000000E-01    0.000000000000000E+00
    7.400000000000000E+00    1.500000000000000E-01    0.000000000000000E+00
    7.500000000000000E+00    1.500000000000000E-01    0.000000000000000E+00
    7.600000000000001E+00    1.500000000000000E-01    0.000000000000000E+00
    7.700000000000000E+00    1.500000000000000E-01    0.000000000000000E+00
    7.800000000000001E+00    1.500000000000000E-01    0.000000000000000E+00
    7.900000000000000E+00    1.500000000000000E-01    0.000000000000000E+00
    8.000000000000000E+00    1.500000000000000E-01    0.000000000000000E+00
    0.000000000000000E+00    1.750000000000000E-01    0.000000000000000E+00
    1.000000000000000E-01    1.750000000000000E-01    0.000000000000000E+00
    2.000000000000000E-01    1.750000000000000E-01    0.000000000000000E+00
    3.000000000000000E-01    1.750000000000000E-01    0.000000000000000E+00
    4.000000000000000E-01    1.750000000000000E-01    0.000000000000000E+00
    5.000000000000000E-01    1.750000000000000E-01    0.000000000000000E+00
    6.000000000000001E-01    1.750000000000000E-01    0.000000000000000E+00
    7.000000000000001E-01    1.750000000000000E-01    0.000000000000000E+00
    8.000000000000000E-01    1.750000000000000E-01    0.000000000000000E+00
    9.000000000000000E-01    1.750000000000000E-01    0.000000000000000E+00
    1.000000000000000E+00    1.750000000000000E-01    0.000000000000000E+00
    1.100000000000000E+00    1.750000000000000E-01    0.000000000000000E+00
    1.200000000000000E+00    1.750000000000000E-01    0.000000000000000E+00
    1.300000000000000E+00    1.750000000000000E-01    0.000000000000000E+00
    1.400000000000000E+00    1.750000000000000E-01    0.000000000000000E+00
    1.500000000000000E+00    1.750000000000000E-01    0.000000000000000E+00
    1.600000000000000E+00    1.750000000000000E-01    0.000000000000000E+00
    1.700000000000000E+00    1.750000000000000E-01    0.000000000000000E+00
    1.800000000000000E+00    1.750000000000000E-01    0.000000000000000E+00
    1.900000000000000E+00    1.750000000000000E-01    0.000000000000000E+00
    2.000000000000000E+00    1.750000000000000E-01    0.000000000000000E+00
    2.100000000000000E+00    1.750000000000000E-01    0.000000000000000E+00
    2.200000000000000E+00    1.750000000000000E-01    0.000000000000000E+00
    2.300000000000000E+00    1.750000000000000E-01    0.000000000000000E+00
    2.400000000000000E+00    1.750000000000000E-01    0.000000000000000E+00
    2.500000000000000E+00    1.750000000000000E-01    0.000000000000000E+00
    2.600000000000000E+00    1.750000000000000E-01    0.000000000000000E+00
    2.700000000000000E+00    1.750000000000000E-01    0.000000000000000E+00
    2.800000000000000E+00    1.750000000000000E-01    0.000000000000000E+00
    2.900000000000000E+00    1.750000000000000E-01    0.000000000000000E+00
    3.000000000000000E+00    1.750000000000000E-01    0.000000000000000E+00
    3.100000000000000E+00    1.750000000000000E-01    0.000000000000000E+00
    3.200000000000000E+00    1.750000000000000E-01    0.000000000000000E+00
    3.300000000000000E+00    1.750000000000000E-01    0.000000000000000E+00
    3.400000000000000E+00    1.750000000000000E-01    0.000000000000000E+00
    3.500000000000000E+00    1.750000000000000E-01    0.000000000000000E+00
    3.600000000000000E+00    1.750000000000000E-01    0.000000000000000E+00
    3.700000000000000E+00    1.750000000000000E-01    0.000000000000000E+00
    3.800000000000000E+00    1.750000000000000E-01    0.000000000000000E+00
    3.900000000000000E+00    1.750000000000000E-01    0.000000000000000E+00
    4.000000000000000E+00    1.750000000000000E-01    0.000000000000000E+00
    4.100000000000001E+00    1.750000000000000E-01    0.000000000000000E+00
    4.200000000000000E+00    1.750000000000000E-01    0.000000000000000E+00
    4.300000000000000E+00    1.750000000000000E-01    0.000000000000000E+00
    4.400000000000000E+00    1.750000000000000E-01    0.000000000000000E+00
    4.500000000000000E+00    1.750000000000000E-01    0.000000000000000E+00
    4.600000000000001E+00    1.750000000000000E-01    0.000000000000000E+00
    4.700000000000000E+00    1.750000000000000E-01    0.000000000000000E+00
    4.800000000000001E+00    1.750000000000000E-01    0.000000000000000E+00
    4.900000000000000E+00    1.750000000000000E-01    0.000000000000000E+00
    5.000000000000000E+00    1.750000000000000E-01    0.000000000000000E+00
    5.100000000000001E+00    1.750000000000000E-01    0.000000000000000E+00
    5.200000000000000E+00    1.750000000000000E-01    0.000000000000000E+00
    5.300000000000001E+00    1.750000000000000E-01    0.000000000000000E+00
    5.400000000000000E+00    1.750000000000000E-01    0.000000000000000E+00
    5.500000000000000E+00    1.750000000000000E-01    0.000000000000000E+00
    5.600000000000001E+00    1.750000000000000E-01    0.000000000000000E+00
    5.700000000000000E+00    1.750000000000000E-01    0.000000000000000E+00
    5.800000000000001E+00    1.750000000000000E-01    0.000000000000000E+00
    5.900000000000000E+00    1.750000000000000E-01    0.000000000000000E+00
    6.000000000000000E+00    1.750000000000000E-01    0.000000000000000E+00
    6.100000000000001E+00    1.750000000000000E-01    0.000000000000000E+00
    6.200000000000000E+00    1.750000000000000E-01    0.000000000000000E+00
    6.300000000000001E+00    1.750000000000000E-01    0.000000000000000E+00
    6.400000000000000E+00    1.750000000000000E-01    0.000000000000000E+00
    6.500000000000000E+00    1.750000000000000E-01    0.000000000000000E+00
    6.600000000000001E+00    1.750000000000000E-01    0.000000000000000E+00
    6.700000000000000E+00    1.750000000000000E-01    0.000000000000000E+00
    6.800000000000001E+00    1.750000000000000E-01    0.000000000000000E+00
    6.900000000000000E+00    1.750000000000000E-01    0.000000000000000E+00
    7.000000000000000E+00    1.750000000000000E-01    0.000000000000000E+00
    7.100000000000001E+00    1.750000000000000E-01    0.000000000000000E+00
    7.200000000000000E+00    1.750000000000000E-01    0.000000000000000E+00
    7.300000000000001E+00    1.750000000000000E-01    0.000000000000000E+00
    7.400000000000000E+00    1.750000000000000E-01    0.000000000000000E+00
    7.500000000000000E+00    1.750000000000000E-01    0.000000000000000E+00
    7.600000000000001E+00    1.750000000000000E-01    0.000000000000000E+00
    7.700000000000000E+00    1.750000000000000E-01    0.000000000000000E+00
    7.800000000000001E+00    1.750000000000000E-01    0.000000000000000E+00
    7.900000000000000E+00    1.750000000000000E-01    0.000000000000000E+00
    8.000000000000000E+00    1.750000000000000E-01    0.000000000000000E+00
    0.000000000000000E+00    2.000000000000000E-01    0.000000000000000E+00
    1.000000000000000E-01    2.000000000000000E-01    0.000000000000000E+00
    2.000000000000000E-01    2.000000000000000E-01    0.000000000000000E+00
    3.000000000000000E-01    2.000000000000000E-01    0.000000000000000E+00
    4.000000000000000E-01    2.000000000000000E-01    0.000000000000000E+00
    5.000000000000000E-01    2.000000000000000E-01    0.000000000000000E+00
    6.000000000000001E-01    2.000000000000000E-01    0.000000000000000E+00
    7.000000000000001E-01    2.000000000000000E-01    0.000000000000000E+00
    8.000000000000000E-01    2.000000000000000E-01    0.000000000000000E+00
    9.000000000000000E-01    2.000000000000000E-01    0.000000000000000E+00
    1.000000000000000E+00    2.000000000000000E-01    0.000000000000000E+00
    1.100000000000000E+00    2.000000000000000E-01    0.000000000000000E+00
    1.200000000000000E+00    2.000000000000000E-01    0.000000000000000E+00
    1.300000000000000E+00    2.000000000000000E-01    0.000000000000000E+00
    1.400000000000000E+00    2.000000000000000E-01    0.000000000000000E+00
    1.500000000000000E+00    2.000000000000000E-01    0.000000000000000E+00
    1.600000000000000E+00    2.000000000000000E-01    0.000000000000000E+00
    1.700000000000000E+00    2.000000000000000E-01    0.000000000000000E+00
    1.800000000000000E+00    2.000000000000000E-01    0.000000000000000E+00
    1.900000000000000E+00    2.000000000000000E-01    0.000000000000000E+00
    2.000000000000000E+00    2.000000000000000E-01    0.000000000000000E+00
    2.100000000000000E+00    2.000000000000000E-01    0.000000000000000E+00
    2.200000000000000E+00    2.000000000000000E-01    0.000000000000000E+00
    2.300000000000000E+00    2.000000000000000E-01    0.000000000000000E+00
    2.400000000000000E+00    2.000000000000000E-01    0.000000000000000E+00
    2.500000000000000E+00    2.000000000000000E-01    0.000000000000000E+00
    2.600000000000000E+00    2.000000000000000E-01    0.000000000000000E+00
    2.700000000000000E+00    2.000000000000000E-01    0.000000000000000E+00
    2.800000000000000E+00    2.000000000000000E-01    0.000000000000000E+00
    2.900000000000000E+00    2.000000000000000E-01    0.000000000000000E+00
    3.000000000000000E+00    2.000000000000000E-01    0.000000000000000E+00
    3.100000000000000E+00    2.000000000000000E-01    0.000000000000000E+00
    3.200000000000000E+00    2.000000000000000E-01    0.000000000000000E+00
    3.300000000000000E+00    2.000000000000000E-01    0.000000000000000E+00
    3.400000000000000E+00    2.000000000000000E-01    0.000000000000000E+00
    3.500000000000000E+00    2.000000000000000E-01    0.000000000000000E+00
    3.600000000000000E+00    2.000000000000000E-01    0.000000000000000E+00
    3.700000000000000E+00    2.000000000000000E-01    0.000000000000000E+00
    3.800000000000000E+00    2.000000000000000E-01    0.000000000000000E+00
    3.900000000000000E+00    2.000000000000000E-01    0.000000000000000E+00
    4.000000000000000E+00    2.000000000000000E-01    0.000000000000000E+00
    4.100000000000001E+00    2.000000000000000E-01    0.000000000000000E+00
    4.200000000000000E+00    2.000000000000000E-01    0.000000000000000E+00
    4.300000000000000E+00    2.000000000000000E-01    0.000000000000000E+00
    4.400000000000000E+00    2.000000000000000E-01    0.000000000000000E+00
    4.500000000000000E+00    2.000000000000000E-01    0.000000000000000E+00
    4.600000000000001E+00    2.000000000000000E-01    0.000000000000000E+00
    4.700000000000000E+00    2.000000000000000E-01    0.000000000000000E+00
    4.800000000000001E+00    2.000000000000000E-01    0.000000000000000E+00
    4.900000000000000E+00    2.000000000000000E-01    0.000000000000000E+00
    5.000000000000000E+00    2.000000000000000E-01    0.000000000000000E+00
    5.100000000000001E+00    2.000000000000000E-01    0.000000000000000E+00
    5.200000000000000E+00    2.000000000000000E-01    0.000000000000000E+00
    5.300000000000001E+00    2.000000000000000E-01    0.000000000000000E+00
    5.400000000000000E+00    2.000000000000000E-01    0.000000000000000E+00
    5.500000000000000E+00    2.000000000000000E-01    0.000000000000000E+00
    5.600000000000001E+00    2.000000000000000E-01    0.000000000000000E+00
    5.700000000000000E+00    2.000000000000000E-01    0.000000000000000E+00
    5.800000000000001E+00    2.000000000000000E-01    0.000000000000000E+00
    5.900000000000000E+00    2.000000000000000E-01    0.000000000000000E+00
    6.000000000000000E+00    2.000000000000000E-01    0.000000000000000E+00
    6.100000000000001E+00    2.000000000000000E-01    0.000000000000000E+00
    6.200000000000000E+00    2.000000000000000E-01    0.000000000000000E+00
    6.300000000000001E+00    2.000000000000000E-01    0.000000000000000E+00
    6.400000000000000E+00    2.000000000000000E-01    0.000000000000000E+00
    6.500000000000000E+00    2.000000000000000E-01    0.000000000000000E+00
    6.600000000000001E+00    2.000000000000000E-01    0.000000000000000E+00
    6.700000000000000E+00    2.000000000000000E-01    0.000000000000000E+00
    6.800000000000001E+00    2.000000000000000E-01    0.000000000000000E+00
    6.900000000000000E+00    2.000000000000000E-01    0.000000000000000E+00
    7.000000000000000E+00    2.000000000000000E-01    0.000000000000000E+00
    7.100000000000001E+00    2.000000000000000E-01    0.000000000000000E+00
    7.200000000000000E+00    2.000000000000000E-01    0.000000000000000E+00
    7.300000000000001E+00    2.000000000000000E-01    0.000000000000000E+00
    7.400000000000000E+00    2.000000000000000E-01    0.000000000000000E+00
    7.500000000000000E+00    2.000000000000000E-01    0.000000000000000E+00
    7.600000000000001E+00    2.000000000000000E-01    0.000000000000000E+00
    7.700000000000000E+00    2.000000000000000E-01    0.000000000000000E+00
    7.800000000000001E+00    2.000000000000000E-01    0.000000000000000E+00
    7.900000000000000E+00    2.000000000000000E-01    0.000000000000000E+00
    8.000000000000000E+00    2.000000000000000E-01    0.000000000000000E+00
    0.000000000000000E+00    2.250000000000000E-01    0.000000000000000E+00
    1.000000000000000E-01    2.250000000000000E-01    0.000000000000000E+00
    2.000000000000000E-01    2.250000000000000E-01    0.000000000000000E+00
    3.000000000000000E-01    2.250000000000000E-01    0.000000000000000E+00
    4.000000000000000E-01    2.250000000000000E-01    0.000000000000000E+00
    5.000000000000000E-01    2.250000000000000E-01    0.000000000000000E+00
    6.000000000000001E-01    2.250000000000000E-01    0.000000000000000E+00
    7.000000000000001E-01    2.250000000000000E-01    0.000000000000000E+00
    8.000000000000000E-01    2.250000000000000E-01    0.000000000000000E+00
    9.000000000000000E-01    2.250000000000000E-01    0.000000000000000E+00
    1.000000000000000E+00    2.250000000000000E-01    0.000000000000000E+00
    1.100000000000000E+00    2.250000000000000E-01    0.000000000000000E+00
    1.200000000000000E+00    2.250000000000000E-01    0.000000000000000E+00
    1.300000000000000E+00    2.250000000000000E-01    0.000000000000000E+00
    1.400000000000000E+00    2.250000000000000E-01    0.000000000000000E+00
    1.500000000000000E+00    2.250000000000000E-01    0.000000000000000E+00
    1.600000000000000E+00    2.250000000000000E-01    0.000000000000000E+00
    1.700000000000000E+00    2.250000000000000E-01    0.000000000000000E+00
    1.800000000000000E+00    2.250000000000000E-01    0.000000000000000E+00
    1.900000000000000E+00    2.250000000000000E-01    0.000000000000000E+00
    2.000000000000000E+00    2.250000000000000E-01    0.000000000000000E+00
    2.100000000000000E+00    2.250000000000000E-01    0.000000000000000E+00
    2.200000000000000E+00    2.250000000000000E-01    0.000000000000000E+00
    2.300000000000000E+00    2.250000000000000E-01    0.000000000000000E+00
    2.400000000000000E+00    2.250000000000000E-01    0.000000000000000E+00
    2.500000000000000E+00    2.250000000000000E-01    0.000000000000000E+00
    2.600000000000000E+00    2.250000000000000E-01    0.000000000000000E+00
    2.700000000000000E+00    2.250000000000000E-01    0.000000000000000E+00
    2.800000000000000E+00    2.250000000000000E-01    0.000000000000000E+00
    2.900000000000000E+00    2.250000000000000E-01    0.000000000000000E+00
    3.000000000000000E+00    2.250000000000000E-01    0.000000000000000E+00
    3.100000000000000E+00    2.250000000000000E-01    0.000000000000000E+00
    3.200000000000000E+00    2.250000000000000E-01    0.000000000000000E+00
    3.300000000000000E+00    2.250000000000000E-01    0.000000000000000E+00
    3.400000000000000E+00    2.250000000000000E-01    0.000000000000000E+00
    3.500000000000000E+00    2.250000000000000E-01    0.000000000000000E+00
    3.600000000000000E+00    2.250000000000000E-01    0.000000000000000E+00
    3.700000000000000E+00    2.250000000000000E-01    0.000000000000000E+00
    3.800000000000000E+00    2.250000000000000E-01    0.000000000000000E+00
    3.900000000000000E+00    2.250000000000000E-01    0.000000000000000E+00
    4.000000000000000E+00    2.250000000000000E-01    0.000000000000000E+00
    4.100000000000001E+00    2.250000000000000E-01    0.000000000000000E+00
    4.200000000000000E+00    2.250000000000000E-01    0.000000000000000E+00
    4.300000000000000E+00    2.250000000000000E-01    0.000000000000000E+00
    4.400000000000000E+00    2.250000000000000E-01    0.000000000000000E+00
    4.500000000000000E+00    2.250000000000000E-01    0.000000000000000E+00
    4.600000000000001E+00    2.250000000000000E-01    0.000000000000000E+00
    4.700000000000000E+00    2.250000000000000E-01    0.000000000000000E+00
    4.800000000000001E+00    2.250000000000000E-01    0.000000000000000E+00
    4.900000000000000E+00    2.250000000000000E-01    0.000000000000000E+00
    5.000000000000000E+00    2.250000000000000E-01    0.000000000000000E+00
    5.100000000000001E+00    2.250000000000000E-01    0.000000000000000E+00
    5.200000000000000E+00    2.250000000000000E-01    0.000000000000000E+00
    5.300000000000001E+00    2.250000000000000E-01    0.000000000000000E+00
    5.400000000000000E+00    2.250000000000000E-01    0.000000000000000E+00
    5.500000000000000E+00    2.250000000000000E-01    0.000000000000000E+00
    5.600000000000001E+00    2.250000000000000E-01    0.000000000000000E+00
    5.700000000000000E+00    2.250000000000000E-01    0.000000000000000E+00
    5.800000000000001E+00    2.250000000000000E-01    0.000000000000000E+00
    5.900000000000000E+00    2.250000000000000E-01    0.000000000000000E+00
    6.000000000000000E+00    2.250000000000000E-01    0.000000000000000E+00
    6.100000000000001E+00    2.250000000000000E-01    0.000000000000000E+00
    6.200000000000000E+00    2.250000000000000E-01    0.000000000000000E+00
    6.300000000000001E+00    2.250000000000000E-01    0.000000000000000E+00
    6.400000000000000E+00    2.250000000000000E-01    0.000000000000000E+00
    6.500000000000000E+00    2.250000000000000E-01    0.000000000000000E+00
    6.600000000000001E+00    2.250000000000000E-01    0.000000000000000E+00
    6.700000000000000E+00    2.250000000000000E-01    0.000000000000000E+00
    6.800000000000001E+00    2.250000000000000E-01    0.000000000000000E+00
    6.900000000000000E+00    2.250000000000000E-01    0.000000000000000E+00
    7.000000000000000E+00    2.250000000000000E-01    0.000000000000000E+00
    7.100000000000001E+00    2.250000000000000E-01    0.000000000000000E+00
    7.200000000000000E+00    2.250000000000000E-01    0.000000000000000E+00
    7.300000000000001E+00    2.250000000000000E-01    0.000000000000000E+00
    7.400000000000000E+00    2.250000000000000E-01    0.000000000000000E+00
    7.500000000000000E+00    2.250000000000000E-01    0.000000000000000E+00
    7.600000000000001E+00    2.250000000000000E-01    0.000000000000000E+00
    7.700000000000000E+00    2.250000000000000E-01    0.000000000000000E+00
    7.800000000000001E+00    2.250000000000000E-01    0.000000000000000E+00
    7.900000000000000E+00    2.250000000000000E-01    0.000000000000000E+00
    8.000000000000000E+00    2.250000000000000E-01    0.000000000000000E+00
    0.000000000000000E+00    2.500000000000000E-01    0.000000000000000E+00
    1.000000000000000E-01    2.500000000000000E-01    0.000000000000000E+00
    2.000000000000000E-01    2.500000000000000E-01    0.000000000000000E+00
    3.000000000000000E-01    2.500000000000000E-01    0.000000000000000E+00
    4.000000000000000E-01    2.500000000000000E-01    0.000000000000000E+00
    5.000000000000000E-01    2.500000000000000E-01    0.000000000000000E+00
    6.000000000000001E-01    2.500000000000000E-01    0.000000000000000E+00
    7.000000000000001E-01    2.500000000000000E-01    0.000000000000000E+00
    8.000000000000000E-01    2.500000000000000E-01    0.000000000000000E+00
    9.000000000000000E-01    2.500000000000000E-01    0.000000000000000E+00
    1.000000000000000E+00    2.500000000000000E-01    0.000000000000000E+00
    1.100000000000000E+00    2.500000000000000E-01    0.000000000000000E+00
    1.200000000000000E+00    2.500000000000000E-01    0.000000000000000E+00
    1.300000000000000E+00    2.500000000000000E-01    0.000000000000000E+00
    1.400000000000000E+00    2.500000000000000E-01    0.000000000000000E+00
    1.500000000000000E+00    2.500000000000000E-01    0.000000000000000E+00
    1.600000000000000E+00    2.500000000000000E-01    0.000000000000000E+00
    1.700000000000000E+00    2.500000000000000E-01    0.000000000000000E+00
    1.800000000000000E+00    2.500000000000000E-01    0.000000000000000E+00
    1.900000000000000E+00    2.500000000000000E-01    0.000000000000000E+00
    2.000000000000000E+00    2.500000000000000E-01    0.000000000000000E+00
    2.100000000000000E+00    2.500000000000000E-01    0.000000000000000E+00
    2.200000000000000E+00    2.500000000000000E-01    0.000000000000000E+00
    2.300000000000000E+00    2.500000000000000E-01    0.000000000000000E+00
    2.400000000000000E+00    2.500000000000000E-01    0.000000000000000E+00
    2.500000000000000E+00    2.500000000000000E-01    0.000000000000000E+00
    2.600000000000000E+00    2.500000000000000E-01    0.000000000000000E+00
    2.700000000000000E+00    2.500000000000000E-01    0.000000000000000E+00
    2.800000000000000E+00    2.500000000000000E-01    0.000000000000000E+00
    2.900000000000000E+00    2.500000000000000E-01    0.000000000000000E+00
    3.000000000000000E+00    2.500000000000000E-01    0.000000000000000E+00
    3.100000000000000E+00    2.500000000000000E-01    0.000000000000000E+00
    3.200000000000000E+00    2.500000000000000E-01    0.000000000000000E+00
    3.300000000000000E+00    2.500000000000000E-01    0.000000000000000E+00
    3.400000000000000E+00    2.500000000000000E-01    0.000000000000000E+00
    3.500000000000000E+00    2.500000000000000E-01    0.000000000000000E+00
    3.600000000000000E+00    2.500000000000000E-01    0.000000000000000E+00
    3.700000000000000E+00    2.500000000000000E-01    0.000000000000000E+00
    3.800000000000000E+00    2.500000000000000E-01    0.000000000000000E+00
    3.900000000000000E+00    2.500000000000000E-01    0.000000000000000E+00
    4.000000000000000E+00    2.500000000000000E-01    0.000000000000000E+00
    4.100000000000001E+00    2.500000000000000E-01    0.000000000000000E+00
    4.200000000000000E+00    2.500000000000000E-01    0.000000000000000E+00
    4.300000000000000E+00    2.500000000000000E-01    0.000000000000000E+00
    4.400000000000000E+00    2.500000000000000E-01    0.000000000000000E+00
    4.500000000000000E+00    2.500000000000000E-01    0.000000000000000E+00
    4.600000000000001E+00    2.500000000000000E-01    0.000000000000000E+00
    4.700000000000000E+00    2.500000000000000E-01    0.000000000000000E+00
    4.800000000000001E+00    2.500000000000000E-01    0.000000000000000E+00
    4.900000000000000E+00    2.500000000000000E-01    0.000000000000000E+00
    5.000000000000000E+00    2.500000000000000E-01    0.000000000000000E+00
    5.100000000000001E+00    2.500000000000000E-01    0.000000000000000E+00
    5.200000000000000E+00    2.500000000000000E-01    0.000000000000000E+00
    5.300000000000001E+00    2.500000000000000E-01    0.000000000000000E+00
    5.400000000000000E+00    2.500000000000000E-01    0.000000000000000E+00
    5.500000000000000E+00    2.500000000000000E-01    0.000000000000000E+00
    5.600000000000001E+00    2.500000000000000E-01    0.000000000000000E+00
    5.700000000000000E+00    2.500000000000000E-01    0.000000000000000E+00
    5.800000000000001E+00    2.500000000000000E-01    0.000000000000000E+00
    5.900000000000000E+00    2.500000000000000E-01    0.000000000000000E+00
    6.000000000000000E+00    2.500000000000000E-01    0.000000000000000E+00
    6.100000000000001E+00    2.500000000000000E-01    0.000000000000000E+00
    6.200000000000000E+00    2.500000000000000E-01    0.000000000000000E+00
    6.300000000000001E+00    2.500000000000000E-01    0.000000000000000E+00
    6.400000000000000E+00    2.500000000000000E-01    0.000000000000000E+00
    6.500000000000000E+00    2.500000000000000E-01    0.000000000000000E+00
    6.600000000000001E+00    2.500000000000000E-01    0.000000000000000E+00
    6.700000000000000E+00    2.500000000000000E-01    0.000000000000000E+00
    6.800000000000001E+00    2.500000000000000E-01    0.000000000000000E+00
    6.900000000000000E+00    2.500000000000000E-01    0.000000000000000E+00
    7.000000000000000E+00    2.500000000000000E-01    0.000000000000000E+00
    7.100000000000001E+00    2.500000000000000E-01    0.000000000000000E+00
    7.200000000000000E+00    2.500000000000000E-01    0.000000000000000E+00
    7.300000000000001E+00    2.500000000000000E-01    0.000000000000000E+00
    7.400000000000000E+00    2.500000000000000E-01    0.000000000000000E+00
    7.500000000000000E+00    2.500000000000000E-01    0.000000000000000E+00
    7.600000000000001E+00    2.500000000000000E-01    0.000000000000000E+00
    7.700000000000000E+00    2.500000000000000E-01    0.000000000000000E+00
    7.800000000000001E+00    2.500000000000000E-01    0.000000000000000E+00
    7.900000000000000E+00    2.500000000000000E-01    0.000000000000000E+00
    8.000000000000000E+00    2.500000000000000E-01    0.000000000000000E+00
    0.000000000000000E+00    2.750000000000000E-01    0.000000000000000E+00
    1.000000000000000E-01    2.750000000000000E-01    0.000000000000000E+00
    2.000000000000000E-01    2.750000000000000E-01    0.000000000000000E+00
    3.000000000000000E-01    2.750000000000000E-01    0.000000000000000E+00
    4.000000000000000E-01    2.750000000000000E-01    0.000000000000000E+00
    5.000000000000000E-01    2.750000000000000E-01    0.000000000000000E+00
    6.000000000000001E-01    2.750000000000000E-01    0.000000000000000E+00
    7.000000000000001E-01    2.750000000000000E-01    0.000000000000000E+00
    8.000000000000000E-01    2.750000000000000E-01    0.000000000000000E+00
    9.000000000000000E-01    2.750000000000000E-01    0.000000000000000E+00
    1.000000000000000E+00    2.750000000000000E-01    0.000000000000000E+00
    1.100000000000000E+00    2.750000000000000E-01    0.000000000000000E+00
    1.200000000000000E+00    2.750000000000000E-01    0.000000000000000E+00
    1.300000000000000E+00    2.750000000000000E-01    0.000000000000000E+00
    1.400000000000000E+00    2.750000000000000E-01    0.000000000000000E+00
    1.500000000000000E+00    2.750000000000000E-01    0.000000000000000E+00
    1.600000000000000E+00    2.750000000000000E-01    0.000000000000000E+00
    1.700000000000000E+00    2.750000000000000E-01    0.000000000000000E+00
    1.800000000000000E+00    2.750000000000000E-01    0.000000000000000E+00
    1.900000000000000E+00    2.750000000000000E-01    0.000000000000000E+00
    2.000000000000000E+00    2.750000000000000E-01    0.000000000000000E+00
    2.100000000000000E+00    2.750000000000000E-01    0.000000000000000E+00
    2.200000000000000E+00    2.750000000000000E-01    0.000000000000000E+00
    2.300000000000000E+00    2.750000000000000E-01    0.000000000000000E+00
    2.400000000000000E+00    2.750000000000000E-01    0.000000000000000E+00
    2.500000000000000E+00    2.750000000000000E-01    0.000000000000000E+00
    2.600000000000000E+00    2.750000000000000E-01    0.000000000000000E+00
    2.700000000000000E+00    2.750000000000000E-01    0.000000000000000E+00
    2.800000000000000E+00    2.750000000000000E-01    0.000000000000000E+00
    2.900000000000000E+00    2.750000000000000E-01    0.000000000000000E+00
    3.000000000000000E+00    2.750000000000000E-01    0.000000000000000E+00
    3.100000000000000E+00    2.750000000000000E-01    0.000000000000000E+00
    3.200000000000000E+00    2.750000000000000E-01    0.000000000000000E+00
    3.300000000000000E+00    2.750000000000000E-01    0.000000000000000E+00
    3.400000000000000E+00    2.750000000000000E-01    0.000000000000000E+00
    3.500000000000000E+00    2.750000000000000E-01    0.000000000000000E+00
    3.600000000000000E+00    2.750000000000000E-01    0.000000000000000E+00
    3.700000000000000E+00    2.750000000000000E-01    0.000000000000000E+00
    3.800000000000000E+00    2.750000000000000E-01    0.000000000000000E+00
    3.900000000000000E+00    2.750000000000000E-01    0.000000000000000E+00
    4.000000000000000E+00    2.750000000000000E-01    0.000000000000000E+00
    4.100000000000001E+00    2.750000000000000E-01    0.000000000000000E+00
    4.200000000000000E+00    2.750000000000000E-01    0.000000000000000E+00
    4.300000000000000E+00    2.750000000000000E-01    0.000000000000000E+00
    4.400000000000000E+00    2.750000000000000E-01    0.000000000000000E+00
    4.500000000000000E+00    2.750000000000000E-01    0.000000000000000E+00
    4.600000000000001E+00    2.750000000000000E-01    0.000000000000000E+00
    4.700000000000000E+00    2.750000000000000E-01    0.000000000000000E+00
    4.800000000000001E+00    2.750000000000000E-01    0.000000000000000E+00
    4.900000000000000E+00    2.750000000000000E-01    0.000000000000000E+00
    5.000000000000000E+00    2.750000000000000E-01    0.000000000000000E+00
    5.100000000000001E+00    2.750000000000000E-01    0.000000000000000E+00
    5.200000000000000E+00    2.750000000000000E-01    0.000000000000000E+00
    5.300000000000001E+00    2.750000000000000E-01    0.000000000000000E+00
    5.400000000000000E+00    2.750000000000000E-01    0.000000000000000E+00
    5.500000000000000E+00    2.750000000000000E-01    0.000000000000000E+00
    5.600000000000001E+00    2.750000000000000E-01    0.000000000000000E+00
    5.700000000000000E+00    2.750000000000000E-01    0.000000000000000E+00
    5.800000000000001E+00    2.750000000000000E-01    0.000000000000000E+00
    5.900000000000000E+00    2.750000000000000E-01    0.000000000000000E+00
    6.000000000000000E+00    2.750000000000000E-01    0.000000000000000E+00
    6.100000000000001E+00    2.750000000000000E-01    0.000000000000000E+00
    6.200000000000000E+00    2.750000000000000E-01    0.000000000000000E+00
    6.300000000000001E+00    2.750000000000000E-01    0.000000000000000E+00
    6.400000000000000E+00    2.750000000000000E-01    0.000000000000000E+00
    6.500000000000000E+00    2.750000000000000E-01    0.000000000000000E+00
    6.600000000000001E+00    2.750000000000000E-01    0.000000000000000E+00
    6.700000000000000E+00    2.750000000000000E-01    0.000000000000000E+00
    6.800000000000001E+00    2.750000000000000E-01    0.000000000000000E+00
    6.900000000000000E+00    2.750000000000000E-01    0.000000000000000E+00
    7.000000000000000E+00    2.750000000000000E-01    0.000000000000000E+00
    7.100000000000001E+00    2.750000000000000E-01    0.000000000000000E+00
    7.200000000000000E+00    2.750000000000000E-01    0.000000000000000E+00
    7.300000000000001E+00    2.750000000000000E-01    0.000000000000000E+00
    7.400000000000000E+00    2.750000000000000E-01    0.000000000000000E+00
    7.500000000000000E+00    2.750000000000000E-01    0.000000000000000E+00
    7.600000000000001E+00    2.750000000000000E-01    0.000000000000000E+00
    7.700000000000000E+00    2.750000000000000E-01    0.000000000000000E+00
    7.800000000000001E+00    2.750000000000000E-01    0.000000000000000E+00
    7.900000000000000E+00    2.750000000000000E-01    0.000000000000000E+00
    8.000000000000000E+00    2.750000000000000E-01    0.000000000000000E+00
    0.000000000000000E+00    3.000000000000000E-01    0.000000000000000E+00
    1.000000000000000E-01    3.000000000000000E-01    0.000000000000000E+00
    2.000000000000000E-01    3.000000000000000E-01    0.000000000000000E+00
    3.000000000000000E-01    3.000000000000000E-01    0.000000000000000E+00
    4.000000000000000E-01    3.000000000000000E-01    0.000000000000000E+00
    5.000000000000000E-01    3.000000000000000E-01    0.000000000000000E+00
    6.000000000000001E-01    3.000000000000000E-01    0.000000000000000E+00
    7.000000000000001E-01    3.000000000000000E-01    0.000000000000000E+00
    8.000000000000000E-01    3.000000000000000E-01    0.000000000000000E+00
    9.000000000000000E-01    3.000000000000000E-01    0.000000000000000E+00
    1.000000000000000E+00    3.000000000000000E-01    0.000000000000000E+00
    1.100000000000000E+00    3.000000000000000E-01    0.000000000000000E+00
    1.200000000000000E+00    3.000000000000000E-01    0.000000000000000E+00
    1.300000000000000E+00    3.000000000000000E-01    0.000000000000000E+00
    1.400000000000000E+00    3.000000000000000E-01    0.000000000000000E+00
    1.500000000000000E+00    3.000000000000000E-01    0.000000000000000E+00
    1.600000000000000E+00    3.000000000000000E-01    0.000000000000000E+00
    1.700000000000000E+00    3.000000000000000E-01    0.000000000000000E+00
    1.800000000000000E+00    3.000000000000000E-01    0.000000000000000E+00
    1.900000000000000E+00    3.000000000000000E-01    0.000000000000000E+00
    2.000000000000000E+00    3.000000000000000E-01    0.000000000000000E+00
    2.100000000000000E+00    3.000000000000000E-01    0.000000000000000E+00
    2.200000000000000E+00    3.000000000000000E-01    0.000000000000000E+00
    2.300000000000000E+00    3.000000000000000E-01    0.000000000000000E+00
    2.400000000000000E+00    3.000000000000000E-01    0.000000000000000E+00
    2.500000000000000E+00    3.000000000000000E-01    0.000000000000000E+00
    2.600000000000000E+00    3.000000000000000E-01    0.000000000000000E+00
    2.700000000000000E+00    3.000000000000000E-01    0.000000000000000E+00
    2.800000000000000E+00    3.000000000000000E-01    0.000000000000000E+00
    2.900000000000000E+00    3.000000000000000E-01    0.000000000000000E+00
    3.000000000000000E+00    3.000000000000000E-01    0.000000000000000E+00
    3.100000000000000E+00    3.000000000000000E-01    0.000000000000000E+00
    3.200000000000000E+00    3.000000000000000E-01    0.000000000000000E+00
    3.300000000000000E+00    3.000000000000000E-01    0.000000000000000E+00
    3.400000000000000E+00    3.000000000000000E-01    0.000000000000000E+00
    3.500000000000000E+00    3.000000000000000E-01    0.000000000000000E+00
    3.600000000000000E+00    3.000000000000000E-01    0.000000000000000E+00
    3.700000000000000E+00    3.000000000000000E-01    0.000000000000000E+00
    3.800000000000000E+00    3.000000000000000E-01    0.000000000000000E+00
    3.900000000000000E+00    3.000000000000000E-01    0.000000000000000E+00
    4.000000000000000E+00    3.000000000000000E-01    0.000000000000000E+00
    4.100000000000001E+00    3.000000000000000E-01    0.000000000000000E+00
    4.200000000000000E+00    3.000000000000000E-01    0.000000000000000E+00
    4.300000000000000E+00    3.000000000000000E-01    0.000000000000000E+00
    4.400000000000000E+00    3.000000000000000E-01    0.000000000000000E+00
    4.500000000000000E+00    3.000000000000000E-01    0.000000000000000E+00
    4.600000000000001E+00    3.000000000000000E-01    0.000000000000000E+00
    4.700000000000000E+00    3.000000000000000E-01    0.000000000000000E+00
    4.800000000000001E+00    3.000000000000000E-01    0.000000000000000E+00
    4.900000000000000E+00    3.000000000000000E-01    0.000000000000000E+00
    5.000000000000000E+00    3.000000000000000E-01    0.000000000000000E+00
    5.100000000000001E+00    3.000000000000000E-01    0.000000000000000E+00
    5.200000000000000E+00    3.000000000000000E-01    0.000000000000000E+00
    5.300000000000001E+00    3.000000000000000E-01    0.000000000000000E+00
    5.400000000000000E+00    3.000000000000000E-01    0.000000000000000E+00
    5.500000000000000E+00    3.000000000000000E-01    0.000000000000000E+00
    5.600000000000001E+00    3.000000000000000E-01    0.000000000000000E+00
    5.700000000000000E+00    3.000000000000000E-01    0.000000000000000E+00
    5.800000000000001E+00    3.000000000000000E-01    0.000000000000000E+00
    5.900000000000000E+00    3.000000000000000E-01    0.000000000000000E+00
    6.000000000000000E+00    3.000000000000000E-01    0.000000000000000E+00
    6.100000000000001E+00    3.000000000000000E-01    0.000000000000000E+00
    6.200000000000000E+00    3.000000000000000E-01    0.000000000000000E+00
    6.300000000000001E+00    3.000000000000000E-01    0.000000000000000E+00
    6.400000000000000E+00    3.000000000000000E-01    0.000000000000000E+00
    6.500000000000000E+00    3.000000000000000E-01    0.000000000000000E+00
    6.600000000000001E+00    3.000000000000000E-01    0.000000000000000E+00
    6.700000000000000E+00    3.000000000000000E-01    0.000000000000000E+00
    6.800000000000001E+00    3.000000000000000E-01    0.000000000000000E+00
    6.900000000000000E+00    3.000000000000000E-01    0.000000000000000E+00
    7.000000000000000E+00    3.000000000000000E-01    0.000000000000000E+00
    7.100000000000001E+00    3.000000000000000E-01    0.000000000000000E+00
    7.200000000000000E+00    3.000000000000000E-01    0.000000000000000E+00
    7.300000000000001E+00    3.000000000000000E-01    0.000000000000000E+00
    7.400000000000000E+00    3.000000000000000E-01    0.000000000000000E+00
    7.500000000000000E+00    3.000000000000000E-01    0.000000000000000E+00
    7.600000000000001E+00    3.000000000000000E-01    0.000000000000000E+00
    7.700000000000000E+00    3.000000000000000E-01    0.000000000000000E+00
    7.800000000000001E+00    3.000000000000000E-01    0.000000000000000E+00
    7.900000000000000E+00    3.000000000000000E-01    0.000000000000000E+00
    8.000000000000000E+00    3.000000000000000E-01    0.000000000000000E+00
    0.000000000000000E+00    3.250000000000000E-01    0.000000000000000E+00
    1.000000000000000E-01    3.250000000000000E-01    0.000000000000000E+00
    2.000000000000000E-01    3.250000000000000E-01    0.000000000000000E+00
    3.000000000000000E-01    3.250000000000000E-01    0.000000000000000E+00
    4.000000000000000E-01    3.250000000000000E-01    0.000000000000000E+00
    5.000000000000000E-01    3.250000000000000E-01    0.000000000000000E+00
    6.000000000000001E-01    3.250000000000000E-01    0.000000000000000E+00
    7.000000000000001E-01    3.250000000000000E-01    0.000000000000000E+00
    8.000000000000000E-01    3.250000000000000E-01    0.000000000000000E+00
    9.000000000000000E-01    3.250000000000000E-01    0.000000000000000E+00
    1.000000000000000E+00    3.250000000000000E-01    0.000000000000000E+00
    1.100000000000000E+00    3.250000000000000E-01    0.000000000000000E+00
    1.200000000000000E+00    3.250000000000000E-01    0.000000000000000E+00
    1.300000000000000E+00    3.250000000000000E-01    0.000000000000000E+00
    1.400000000000000E+00    3.250000000000000E-01    0.000000000000000E+00
    1.500000000000000E+00    3.250000000000000E-01    0.000000000000000E+00
    1.600000000000000E+00    3.250000000000000E-01    0.000000000000000E+00
    1.700000000000000E+00    3.250000000000000E-01    0.000000000000000E+00
    1.800000000000000E+00    3.250000000000000E-01    0.000000000000000E+00
    1.900000000000000E+00    3.250000000000000E-01    0.000000000000000E+00
    2.000000000000000E+00    3.250000000000000E-01    0.000000000000000E+00
    2.100000000000000E+00    3.250000000000000E-01    0.000000000000000E+00
    2.200000000000000E+00    3.250000000000000E-01    0.000000000000000E+00
    2.300000000000000E+00    3.250000000000000E-01    0.000000000000000E+00
    2.400000000000000E+00    3.250000000000000E-01    0.000000000000000E+00
    2.500000000000000E+00    3.250000000000000E-01    0.000000000000000E+00
    2.600000000000000E+00    3.250000000000000E-01    0.000000000000000E+00
    2.700000000000000E+00    3.250000000000000E-01    0.000000000000000E+00
    2.800000000000000E+00    3.250000000000000E-01    0.000000000000000E+00
    2.900000000000000E+00    3.250000000000000E-01    0.000000000000000E+00
    3.000000000000000E+00    3.250000000000000E-01    0.000000000000000E+00
    3.100000000000000E+00    3.250000000000000E-01    0.000000000000000E+00
    3.200000000000000E+00    3.250000000000000E-01    0.000000000000000E+00
    3.300000000000000E+00    3.250000000000000E-01    0.000000000000000E+00
    3.400000000000000E+00    3.250000000000000E-01    0.000000000000000E+00
    3.500000000000000E+00    3.250000000000000E-01    0.000000000000000E+00
    3.600000000000000E+00    3.250000000000000E-01    0.000000000000000E+00
    3.700000000000000E+00    3.250000000000000E-01    0.000000000000000E+00
    3.800000000000000E+00    3.250000000000000E-01    0.000000000000000E+00
    3.900000000000000E+00    3.250000000000000E-01    0.000000000000000E+00
    4.000000000000000E+00    3.250000000000000E-01    0.000000000000000E+00
    4.100000000000001E+00    3.250000000000000E-01    0.000000000000000E+00
    4.200000000000000E+00    3.250000000000000E-01    0.000000000000000E+00
    4.300000000000000E+00    3.250000000000000E-01    0.000000000000000E+00
    4.400000000000000E+00    3.250000000000000E-01    0.000000000000000E+00
    4.500000000000000E+00    3.250000000000000E-01    0.000000000000000E+00
    4.600000000000001E+00    3.250000000000000E-01    0.000000000000000E+00
    4.700000000000000E+00    3.250000000000000E-01    0.000000000000000E+00
    4.800000000000001E+00    3.250000000000000E-01    0.000000000000000E+00
    4.900000000000000E+00    3.250000000000000E-01    0.000000000000000E+00
    5.000000000000000E+00    3.250000000000000E-01    0.000000000000000E+00
    5.100000000000001E+00    3.250000000000000E-01    0.000000000000000E+00
    5.200000000000000E+00    3.250000000000000E-01    0.000000000000000E+00
    5.300000000000001E+00    3.250000000000000E-01    0.000000000000000E+00
    5.400000000000000E+00    3.250000000000000E-01    0.000000000000000E+00
    5.500000000000000E+00    3.250000000000000E-01    0.000000000000000E+00
    5.600000000000001E+00    3.250000000000000E-01    0.000000000000000E+00
    5.700000000000000E+00    3.250000000000000E-01    0.000000000000000E+00
    5.800000000000001E+00    3.250000000000000E-01    0.000000000000000E+00
    5.900000000000000E+00    3.250000000000000E-01    0.000000000000000E+00
    6.000000000000000E+00    3.250000000000000E-01    0.000000000000000E+00
    6.100000000000001E+00    3.250000000000000E-01    0.000000000000000E+00
    6.200000000000000E+00    3.250000000000000E-01    0.000000000000000E+00
    6.300000000000001E+00    3.250000000000000E-01    0.000000000000000E+00
    6.400000000000000E+00    3.250000000000000E-01    0.000000000000000E+00
    6.500000000000000E+00    3.250000000000000E-01    0.000000000000000E+00
    6.600000000000001E+00    3.250000000000000E-01    0.000000000000000E+00
    6.700000000000000E+00    3.250000000000000E-01    0.000000000000000E+00
    6.800000000000001E+00    3.250000000000000E-01    0.000000000000000E+00
    6.900000000000000E+00    3.250000000000000E-01    0.000000000000000E+00
    7.000000000000000E+00    3.250000000000000E-01    0.000000000000000E+00
    7.100000000000001E+00    3.250000000000000E-01    0.000000000000000E+00
    7.200000000000000E+00    3.250000000000000E-01    0.000000000000000E+00
    7.300000000000001E+00    3.250000000000000E-01    0.000000000000000E+00
    7.400000000000000E+00    3.250000000000000E-01    0.000000000000000E+00
    7.500000000000000E+00    3.250000000000000E-01    0.000000000000000E+00
    7.600000000000001E+00    3.250000000000000E-01    0.000000000000000E+00
    7.700000000000000E+00    3.250000000000000E-01    0.000000000000000E+00
    7.800000000000001E+00    3.250000000000000E-01    0.000000000000000E+00
    7.900000000000000E+00    3.250000000000000E-01    0.000000000000000E+00
    8.000000000000000E+00    3.250000000000000E-01    0.000000000000000E+00
    0.000000000000000E+00    3.500000000000000E-01    0.000000000000000E+00
    1.000000000000000E-01    3.500000000000000E-01    0.000000000000000E+00
    2.000000000000000E-01    3.500000000000000E-01    0.000000000000000E+00
    3.000000000000000E-01    3.500000000000000E-01    0.000000000000000E+00
    4.000000000000000E-01    3.500000000000000E-01    0.000000000000000E+00
    5.000000000000000E-01    3.500000000000000E-01    0.000000000000000E+00
    6.000000000000001E-01    3.500000000000000E-01    0.000000000000000E+00
    7.000000000000001E-01    3.500000000000000E-01    0.000000000000000E+00
    8.000000000000000E-01    3.500000000000000E-01    0.000000000000000E+00
    9.000000000000000E-01    3.500000000000000E-01    0.000000000000000E+00
    1.000000000000000E+00    3.500000000000000E-01    0.000000000000000E+00
    1.100000000000000E+00    3.500000000000000E-01    0.000000000000000E+00
    1.200000000000000E+00    3.500000000000000E-01    0.000000000000000E+00
    1.300000000000000E+00    3.500000000000000E-01    0.000000000000000E+00
    1.400000000000000E+00    3.500000000000000E-01    0.000000000000000E+00
    1.500000000000000E+00    3.500000000000000E-01    0.000000000000000E+00
    1.600000000000000E+00    3.500000000000000E-01    0.000000000000000E+00
    1.700000000000000E+00    3.500000000000000E-01    0.000000000000000E+00
    1.800000000000000E+00    3.500000000000000E-01    0.000000000000000E+00
    1.900000000000000E+00    3.500000000000000E-01    0.000000000000000E+00
    2.000000000000000E+00    3.500000000000000E-01    0.000000000000000E+00
    2.100000000000000E+00    3.500000000000000E-01    0.000000000000000E+00
    2.200000000000000E+00    3.500000000000000E-01    0.000000000000000E+00
    2.300000000000000E+00    3.500000000000000E-01    0.000000000000000E+00
    2.400000000000000E+00    3.500000000000000E-01    0.000000000000000E+00
    2.500000000000000E+00    3.500000000000000E-01    0.000000000000000E+00
    2.600000000000000E+00    3.500000000000000E-01    0.000000000000000E+00
    2.700000000000000E+00    3.500000000000000E-01    0.000000000000000E+00
    2.800000000000000E+00    3.500000000000000E-01    0.000000000000000E+00
    2.900000000000000E+00    3.500000000000000E-01    0.000000000000000E+00
    3.000000000000000E+00    3.500000000000000E-01    0.000000000000000E+00
    3.100000000000000E+00    3.500000000000000E-01    0.000000000000000E+00
    3.200000000000000E+00    3.500000000000000E-01    0.000000000000000E+00
    3.300000000000000E+00    3.500000000000000E-01    0.000000000000000E+00
    3.400000000000000E+00    3.500000000000000E-01    0.000000000000000E+00
    3.500000000000000E+00    3.500000000000000E-01    0.000000000000000E+00
    3.600000000000000E+00    3.500000000000000E-01    0.000000000000000E+00
    3.700000000000000E+00    3.500000000000000E-01    0.000000000000000E+00
    3.800000000000000E+00    3.500000000000000E-01    0.000000000000000E+00
    3.900000000000000E+00    3.500000000000000E-01    0.000000000000000E+00
    4.000000000000000E+00    3.500000000000000E-01    0.000000000000000E+00
    4.100000000000001E+00    3.500000000000000E-01    0.000000000000000E+00
    4.200000000000000E+00    3.500000000000000E-01    0.000000000000000E+00
    4.300000000000000E+00    3.500000000000000E-01    0.000000000000000E+00
    4.400000000000000E+00    3.500000000000000E-01    0.000000000000000E+00
    4.500000000000000E+00    3.500000000000000E-01    0.000000000000000E+00
    4.600000000000001E+00    3.500000000000000E-01    0.000000000000000E+00
    4.700000000000000E+00    3.500000000000000E-01    0.000000000000000E+00
    4.800000000000001E+00    3.500000000000000E-01    0.000000000000000E+00
    4.900000000000000E+00    3.500000000000000E-01    0.000000000000000E+00
    5.000000000000000E+00    3.500000000000000E-01    0.000000000000000E+00
    5.100000000000001E+00    3.500000000000000E-01    0.000000000000000E+00
    5.200000000000000E+00    3.500000000000000E-01    0.000000000000000E+00
    5.300000000000001E+00    3.500000000000000E-01    0.000000000000000E+00
    5.400000000000000E+00    3.500000000000000E-01    0.000000000000000E+00
    5.500000000000000E+00    3.500000000000000E-01    0.000000000000000E+00
    5.600000000000001E+00    3.500000000000000E-01    0.000000000000000E+00
    5.700000000000000E+00    3.500000000000000E-01    0.000000000000000E+00
    5.800000000000001E+00    3.500000000000000E-01    0.000000000000000E+00
    5.900000000000000E+00    3.500000000000000E-01    0.000000000000000E+00
    6.000000000000000E+00    3.500000000000000E-01    0.000000000000000E+00
    6.100000000000001E+00    3.500000000000000E-01    0.000000000000000E+00
    6.200000000000000E+00    3.500000000000000E-01    0.000000000000000E+00
    6.300000000000001E+00    3.500000000000000E-01    0.000000000000000E+00
    6.400000000000000E+00    3.500000000000000E-01    0.000000000000000E+00
    6.500000000000000E+00    3.500000000000000E-01    0.000000000000000E+00
    6.600000000000001E+00    3.500000000000000E-01    0.000000000000000E+00
    6.700000000000000E+00    3.500000000000000E-01    0.000000000000000E+00
    6.800000000000001E+00    3.500000000000000E-01    0.000000000000000E+00
    6.900000000000000E+00    3.500000000000000E-01    0.000000000000000E+00
    7.000000000000000E+00    3.500000000000000E-01    0.000000000000000E+00
    7.100000000000001E+00    3.500000000000000E-01    0.000000000000000E+00
    7.200000000000000E+00    3.500000000000000E-01    0.000000000000000E+00
    7.300000000000001E+00    3.500000000000000E-01    0.000000000000000E+00
    7.400000000000000E+00    3.500000000000000E-01    0.000000000000000E+00
    7.500000000000000E+00    3.500000000000000E-01    0.000000000000000E+00
    7.600000000000001E+00    3.500000000000000E-01    0.000000000000000E+00
    7.700000000000000E+00    3.500000000000000E-01    0.000000000000000E+00
    7.800000000000001E+00    3.500000000000000E-01    0.000000000000000E+00
    7.900000000000000E+00    3.500000000000000E-01    0.000000000000000E+00
    8.000000000000000E+00    3.500000000000000E-01    0.000000000000000E+00
    0.000000000000000E+00    3.750000000000000E-01    0.000000000000000E+00
    1.000000000000000E-01    3.750000000000000E-01    0.000000000000000E+00
    2.000000000000000E-01    3.750000000000000E-01    0.000000000000000E+00
    3.000000000000000E-01    3.750000000000000E-01    0.000000000000000E+00
    4.000000000000000E-01    3.750000000000000E-01    0.000000000000000E+00
    5.000000000000000E-01    3.750000000000000E-01    0.000000000000000E+00
    6.000000000000001E-01    3.750000000000000E-01    0.000000000000000E+00
    7.000000000000001E-01    3.750000000000000E-01    0.000000000000000E+00
    8.000000000000000E-01    3.750000000000000E-01    0.000000000000000E+00
    9.000000000000000E-01    3.750000000000000E-01    0.000000000000000E+00
    1.000000000000000E+00    3.750000000000000E-01    0.000000000000000E+00
    1.100000000000000E+00    3.750000000000000E-01    0.000000000000000E+00
    1.200000000000000E+00    3.750000000000000E-01    0.000000000000000E+00
    1.300000000000000E+00    3.750000000000000E-01    0.000000000000000E+00
    1.400000000000000E+00    3.750000000000000E-01    0.000000000000000E+00
    1.500000000000000E+00    3.750000000000000E-01    0.000000000000000E+00
    1.600000000000000E+00    3.750000000000000E-01    0.000000000000000E+00
    1.700000000000000E+00    3.750000000000000E-01    0.000000000000000E+00
    1.800000000000000E+00    3.750000000000000E-01    0.000000000000000E+00
    1.900000000000000E+00    3.750000000000000E-01    0.000000000000000E+00
    2.000000000000000E+00    3.750000000000000E-01    0.000000000000000E+00
    2.100000000000000E+00    3.750000000000000E-01    0.000000000000000E+00
    2.200000000000000E+00    3.750000000000000E-01    0.000000000000000E+00
    2.300000000000000E+00    3.750000000000000E-01    0.000000000000000E+00
    2.400000000000000E+00    3.750000000000000E-01    0.000000000000000E+00
    2.500000000000000E+00    3.750000000000000E-01    0.000000000000000E+00
    2.600000000000000E+00    3.750000000000000E-01    0.000000000000000E+00
    2.700000000000000E+00    3.750000000000000E-01    0.000000000000000E+00
    2.800000000000000E+00    3.750000000000000E-01    0.000000000000000E+00
    2.900000000000000E+00    3.750000000000000E-01    0.000000000000000E+00
    3.000000000000000E+00    3.750000000000000E-01    0.000000000000000E+00
    3.100000000000000E+00    3.750000000000000E-01    0.000000000000000E+00
    3.200000000000000E+00    3.750000000000000E-01    0.000000000000000E+00
    3.300000000000000E+00    3.750000000000000E-01    0.000000000000000E+00
    3.400000000000000E+00    3.750000000000000E-01    0.000000000000000E+00
    3.500000000000000E+00    3.750000000000000E-01    0.000000000000000E+00
    3.600000000000000E+00    3.750000000000000E-01    0.000000000000000E+00
    3.700000000000000E+00    3.750000000000000E-01    0.000000000000000E+00
    3.800000000000000E+00    3.750000000000000E-01    0.000000000000000E+00
    3.900000000000000E+00    3.750000000000000E-01    0.000000000000000E+00
    4.000000000000000E+00    3.750000000000000E-01    0.000000000000000E+00
    4.100000000000001E+00    3.750000000000000E-01    0.000000000000000E+00
    4.200000000000000E+00    3.750000000000000E-01    0.000000000000000E+00
    4.300000000000000E+00    3.750000000000000E-01    0.000000000000000E+00
    4.400000000000000E+00    3.750000000000000E-01    0.000000000000000E+00
    4.500000000000000E+00    3.750000000000000E-01    0.000000000000000E+00
    4.600000000000001E+00    3.750000000000000E-01    0.000000000000000E+00
    4.700000000000000E+00    3.750000000000000E-01    0.000000000000000E+00
    4.800000000000001E+00    3.750000000000000E-01    0.000000000000000E+00
    4.900000000000000E+00    3.750000000000000E-01    0.000000000000000E+00
    5.000000000000000E+00    3.750000000000000E-01    0.000000000000000E+00
    5.100000000000001E+00    3.750000000000000E-01    0.000000000000000E+00
    5.200000000000000E+00    3.750000000000000E-01    0.000000000000000E+00
    5.300000000000001E+00    3.750000000000000E-01    0.000000000000000E+00
    5.400000000000000E+00    3.750000000000000E-01    0.000000000000000E+00
    5.500000000000000E+00    3.750000000000000E-01    0.000000000000000E+00
    5.600000000000001E+00    3.750000000000000E-01    0.000000000000000E+00
    5.700000000000000E+00    3.750000000000000E-01    0.000000000000000E+00
    5.800000000000001E+00    3.750000000000000E-01    0.000000000000000E+00
    5.900000000000000E+00    3.750000000000000E-01    0.000000000000000E+00
    6.000000000000000E+00    3.750000000000000E-01    0.000000000000000E+00
    6.100000000000001E+00    3.750000000000000E-01    0.000000000000000E+00
    6.200000000000000E+00    3.750000000000000E-01    0.000000000000000E+00
    6.300000000000001E+00    3.750000000000000E-01    0.000000000000000E+00
    6.400000000000000E+00    3.750000000000000E-01    0.000000000000000E+00
    6.500000000000000E+00    3.750000000000000E-01    0.000000000000000E+00
    6.600000000000001E+00    3.750000000000000E-01    0.000000000000000E+00
    6.700000000000000E+00    3.750000000000000E-01    0.000000000000000E+00
    6.800000000000001E+00    3.750000000000000E-01    0.000000000000000E+00
    6.900000000000000E+00    3.750000000000000E-01    0.000000000000000E+00
    7.000000000000000E+00    3.750000000000000E-01    0.000000000000000E+00
    7.100000000000001E+00    3.750000000000000E-01    0.000000000000000E+00
    7.200000000000000E+00    3.750000000000000E-01    0.000000000000000E+00
    7.300000000000001E+00    3.750000000000000E-01    0.000000000000000E+00
    7.400000000000000E+00    3.750000000000000E-01    0.000000000000000E+00
    7.500000000000000E+00    3.750000000000000E-01    0.000000000000000E+00
    7.600000000000001E+00    3.750000000000000E-01    0.000000000000000E+00
    7.700000000000000E+00    3.750000000000000E-01    0.000000000000000E+00
    7.800000000000001E+00    3.750000000000000E-01    0.000000000000000E+00
    7.900000000000000E+00    3.750000000000000E-01    0.000000000000000E+00
    8.000000000000000E+00    3.750000000000000E-01    0.000000000000000E+00
    0.000000000000000E+00    4.000000000000000E-01    0.000000000000000E+00
    1.000000000000000E-01    4.000000000000000E-01    0.000000000000000E+00
    2.000000000000000E-01    4.000000000000000E-01    0.000000000000000E+00
    3.000000000000000E-01    4.000000000000000E-01    0.000000000000000E+00
    4.000000000000000E-01    4.000000000000000E-01    0.000000000000000E+00
    5.000000000000000E-01    4.000000000000000E-01    0.000000000000000E+00
    6.000000000000001E-01    4.000000000000000E-01    0.000000000000000E+00
    7.000000000000001E-01    4.000000000000000E-01    0.000000000000000E+00
    8.000000000000000E-01    4.000000000000000E-01    0.000000000000000E+00
    9.000000000000000E-01    4.000000000000000E-01    0.000000000000000E+00
    1.000000000000000E+00    4.000000000000000E-01    0.000000000000000E+00
    1.100000000000000E+00    4.000000000000000E-01    0.000000000000000E+00
    1.200000000000000E+00    4.000000000000000E-01    0.000000000000000E+00
    1.300000000000000E+00    4.000000000000000E-01    0.000000000000000E+00
    1.400000000000000E+00    4.000000000000000E-01    0.000000000000000E+00
    1.500000000000000E+00    4.000000000000000E-01    0.000000000000000E+00
    1.600000000000000E+00    4.000000000000000E-01    0.000000000000000E+00
    1.700000000000000E+00    4.000000000000000E-01    0.000000000000000E+00
    1.800000000000000E+00    4.000000000000000E-01    0.000000000000000E+00
    1.900000000000000E+00    4.000000000000000E-01    0.000000000000000E+00
    2.000000000000000E+00    4.000000000000000E-01    0.000000000000000E+00
    2.100000000000000E+00    4.000000000000000E-01    0.000000000000000E+00
    2.200000000000000E+00    4.000000000000000E-01    0.000000000000000E+00
    2.300000000000000E+00    4.000000000000000E-01    0.000000000000000E+00
    2.400000000000000E+00    4.000000000000000E-01    0.000000000000000E+00
    2.500000000000000E+00    4.000000000000000E-01    0.000000000000000E+00
    2.600000000000000E+00    4.000000000000000E-01    0.000000000000000E+00
    2.700000000000000E+00    4.000000000000000E-01    0.000000000000000E+00
    2.800000000000000E+00    4.000000000000000E-01    0.000000000000000E+00
    2.900000000000000E+00    4.000000000000000E-01    0.000000000000000E+00
    3.000000000000000E+00    4.000000000000000E-01    0.000000000000000E+00
    3.100000000000000E+00    4.000000000000000E-01    0.000000000000000E+00
    3.200000000000000E+00    4.000000000000000E-01    0.000000000000000E+00
    3.300000000000000E+00    4.000000000000000E-01    0.000000000000000E+00
    3.400000000000000E+00    4.000000000000000E-01    0.000000000000000E+00
    3.500000000000000E+00    4.000000000000000E-01    0.000000000000000E+00
    3.600000000000000E+00    4.000000000000000E-01    0.000000000000000E+00
    3.700000000000000E+00    4.000000000000000E-01    0.000000000000000E+00
    3.800000000000000E+00    4.000000000000000E-01    0.000000000000000E+00
    3.900000000000000E+00    4.000000000000000E-01    0.000000000000000E+00
    4.000000000000000E+00    4.000000000000000E-01    0.000000000000000E+00
    4.100000000000001E+00    4.000000000000000E-01    0.000000000000000E+00
    4.200000000000000E+00    4.000000000000000E-01    0.000000000000000E+00
    4.300000000000000E+00    4.000000000000000E-01    0.000000000000000E+00
    4.400000000000000E+00    4.000000000000000E-01    0.000000000000000E+00
    4.500000000000000E+00    4.000000000000000E-01    0.000000000000000E+00
    4.600000000000001E+00    4.000000000000000E-01    0.000000000000000E+00
    4.700000000000000E+00    4.000000000000000E-01    0.000000000000000E+00
    4.800000000000001E+00    4.000000000000000E-01    0.000000000000000E+00
    4.900000000000000E+00    4.000000000000000E-01    0.000000000000000E+00
    5.000000000000000E+00    4.000000000000000E-01    0.000000000000000E+00
    5.100000000000001E+00    4.000000000000000E-01    0.000000000000000E+00
    5.200000000000000E+00    4.000000000000000E-01    0.000000000000000E+00
    5.300000000000001E+00    4.000000000000000E-01    0.000000000000000E+00
    5.400000000000000E+00    4.000000000000000E-01    0.000000000000000E+00
    5.500000000000000E+00    4.000000000000000E-01    0.000000000000000E+00
    5.600000000000001E+00    4.000000000000000E-01    0.000000000000000E+00
    5.700000000000000E+00    4.000000000000000E-01    0.000000000000000E+00
    5.800000000000001E+00    4.000000000000000E-01    0.000000000000000E+00
    5.900000000000000E+00    4.000000000000000E-01    0.000000000000000E+00
    6.000000000000000E+00    4.000000000000000E-01    0.000000000000000E+00
    6.100000000000001E+00    4.000000000000000E-01    0.000000000000000E+00
    6.200000000000000E+00    4.000000000000000E-01    0.000000000000000E+00
    6.300000000000001E+00    4.000000000000000E-01    0.000000000000000E+00
    6.400000000000000E+00    4.000000000000000E-01    0.000000000000000E+00
    6.500000000000000E+00    4.000000000000000E-01    0.000000000000000E+00
    6.600000000000001E+00    4.000000000000000E-01    0.000000000000000E+00
    6.700000000000000E+00    4.000000000000000E-01    0.000000000000000E+00
    6.800000000000001E+00    4.000000000000000E-01    0.000000000000000E+00
    6.900000000000000E+00    4.000000000000000E-01    0.000000000000000E+00
    7.000000000000000E+00    4.000000000000000E-01    0.000000000000000E+00
    7.100000000000001E+00    4.000000000000000E-01    0.000000000000000E+00
    7.200000000000000E+00    4.000000000000000E-01    0.000000000000000E+00
    7.300000000000001E+00    4.000000000000000E-01    0.000000000000000E+00
    7.400000000000000E+00    4.000000000000000E-01    0.000000000000000E+00
    7.500000000000000E+00    4.000000000000000E-01    0.000000000000000E+00
    7.600000000000001E+00    4.000000000000000E-01    0.000000000000000E+00
    7.700000000000000E+00    4.000000000000000E-01    0.000000000000000E+00
    7.800000000000001E+00    4.000000000000000E-01    0.000000000000000E+00
    7.900000000000000E+00    4.000000000000000E-01    0.000000000000000E+00
    8.000000000000000E+00    4.000000000000000E-01    0.000000000000000E+00
    0.000000000000000E+00    4.250000000000000E-01    0.000000000000000E+00
    1.000000000000000E-01    4.250000000000000E-01    0.000000000000000E+00
    2.000000000000000E-01    4.250000000000000E-01    0.000000000000000E+00
    3.000000000000000E-01    4.250000000000000E-01    0.000000000000000E+00
    4.000000000000000E-01    4.250000000000000E-01    0.000000000000000E+00
    5.000000000000000E-01    4.250000000000000E-01    0.000000000000000E+00
    6.000000000000001E-01    4.250000000000000E-01    0.000000000000000E+00
    7.000000000000001E-01    4.250000000000000E-01    0.000000000000000E+00
    8.000000000000000E-01    4.250000000000000E-01    0.000000000000000E+00
    9.000000000000000E-01    4.250000000000000E-01    0.000000000000000E+00
    1.000000000000000E+00    4.250000000000000E-01    0.000000000000000E+00
    1.100000000000000E+00    4.250000000000000E-01    0.000000000000000E+00
    1.200000000000000E+00    4.250000000000000E-01    0.000000000000000E+00
    1.300000000000000E+00    4.250000000000000E-01    0.000000000000000E+00
    1.400000000000000E+00    4.250000000000000E-01    0.000000000000000E+00
    1.500000000000000E+00    4.250000000000000E-01    0.000000000000000E+00
    1.600000000000000E+00    4.250000000000000E-01    0.000000000000000E+00
    1.700000000000000E+00    4.250000000000000E-01    0.000000000000000E+00
    1.800000000000000E+00    4.250000000000000E-01    0.000000000000000E+00
    1.900000000000000E+00    4.250000000000000E-01    0.000000000000000E+00
    2.000000000000000E+00    4.250000000000000E-01    0.000000000000000E+00
    2.100000000000000E+00    4.250000000000000E-01    0.000000000000000E+00
    2.200000000000000E+00    4.250000000000000E-01    0.000000000000000E+00
    2.300000000000000E+00    4.250000000000000E-01    0.000000000000000E+00
    2.400000000000000E+00    4.250000000000000E-01    0.000000000000000E+00
    2.500000000000000E+00    4.250000000000000E-01    0.000000000000000E+00
    2.600000000000000E+00    4.250000000000000E-01    0.000000000000000E+00
    2.700000000000000E+00    4.250000000000000E-01    0.000000000000000E+00
    2.800000000000000E+00    4.250000000000000E-01    0.000000000000000E+00
    2.900000000000000E+00    4.250000000000000E-01    0.000000000000000E+00
    3.000000000000000E+00    4.250000000000000E-01    0.000000000000000E+00
    3.100000000000000E+00    4.250000000000000E-01    0.000000000000000E+00
    3.200000000000000E+00    4.250000000000000E-01    0.000000000000000E+00
    3.300000000000000E+00    4.250000000000000E-01    0.000000000000000E+00
    3.400000000000000E+00    4.250000000000000E-01    0.000000000000000E+00
    3.500000000000000E+00    4.250000000000000E-01    0.000000000000000E+00
    3.600000000000000E+00    4.250000000000000E-01    0.000000000000000E+00
    3.700000000000000E+00    4.250000000000000E-01    0.000000000000000E+00
    3.800000000000000E+00    4.250000000000000E-01    0.000000000000000E+00
    3.900000000000000E+00    4.250000000000000E-01    0.000000000000000E+00
    4.000000000000000E+00    4.250000000000000E-01    0.000000000000000E+00
    4.100000000000001E+00    4.250000000000000E-01    0.000000000000000E+00
    4.200000000000000E+00    4.250000000000000E-01    0.000000000000000E+00
    4.300000000000000E+00    4.250000000000000E-01    0.000000000000000E+00
    4.400000000000000E+00    4.250000000000000E-01    0.000000000000000E+00
    4.500000000000000E+00    4.250000000000000E-01    0.000000000000000E+00
    4.600000000000001E+00    4.250000000000000E-01    0.000000000000000E+00
    4.700000000000000E+00    4.250000000000000E-01    0.000000000000000E+00
    4.800000000000001E+00    4.250000000000000E-01    0.000000000000000E+00
    4.900000000000000E+00    4.250000000000000E-01    0.000000000000000E+00
    5.000000000000000E+00    4.250000000000000E-01    0.000000000000000E+00
    5.100000000000001E+00    4.250000000000000E-01    0.000000000000000E+00
    5.200000000000000E+00    4.250000000000000E-01    0.000000000000000E+00
    5.300000000000001E+00    4.250000000000000E-01    0.000000000000000E+00
    5.400000000000000E+00    4.250000000000000E-01    0.000000000000000E+00
    5.500000000000000E+00    4.250000000000000E-01    0.000000000000000E+00
    5.600000000000001E+00    4.250000000000000E-01    0.000000000000000E+00
    5.700000000000000E+00    4.250000000000000E-01    0.000000000000000E+00
    5.800000000000001E+00    4.250000000000000E-01    0.000000000000000E+00
    5.900000000000000E+00    4.250000000000000E-01    0.000000000000000E+00
    6.000000000000000E+00    4.250000000000000E-01    0.000000000000000E+00
    6.100000000000001E+00    4.250000000000000E-01    0.000000000000000E+00
    6.200000000000000E+00    4.250000000000000E-01    0.000000000000000E+00
    6.300000000000001E+00    4.250000000000000E-01    0.000000000000000E+00
    6.400000000000000E+00    4.250000000000000E-01    0.000000000000000E+00
    6.500000000000000E+00    4.250000000000000E-01    0.000000000000000E+00
    6.600000000000001E+00    4.250000000000000E-01    0.000000000000000E+00
    6.700000000000000E+00    4.250000000000000E-01    0.000000000000000E+00
    6.800000000000001E+00    4.250000000000000E-01    0.000000000000000E+00
    6.900000000000000E+00    4.250000000000000E-01    0.000000000000000E+00
    7.000000000000000E+00    4.250000000000000E-01    0.000000000000000E+00
    7.100000000000001E+00    4.250000000000000E-01    0.000000000000000E+00
    7.200000000000000E+00    4.250000000000000E-01    0.000000000000000E+00
    7.300000000000001E+00    4.250000000000000E-01    0.000000000000000E+00
    7.400000000000000E+00    4.250000000000000E-01    0.000000000000000E+00
    7.500000000000000E+00    4.250000000000000E-01    0.000000000000000E+00
    7.600000000000001E+00    4.250000000000000E-01    0.000000000000000E+00
    7.700000000000000E+00    4.250000000000000E-01    0.000000000000000E+00
    7.800000000000001E+00    4.250000000000000E-01    0.000000000000000E+00
    7.900000000000000E+00    4.250000000000000E-01    0.000000000000000E+00
    8.000000000000000E+00    4.250000000000000E-01    0.000000000000000E+00
    0.000000000000000E+00    4.500000000000000E-01    0.000000000000000E+00
    1.000000000000000E-01    4.500000000000000E-01    0.000000000000000E+00
    2.000000000000000E-01    4.500000000000000E-01    0.000000000000000E+00
    3.000000000000000E-01    4.500000000000000E-01    0.000000000000000E+00
    4.000000000000000E-01    4.500000000000000E-01    0.000000000000000E+00
    5.000000000000000E-01    4.500000000000000E-01    0.000000000000000E+00
    6.000000000000001E-01    4.500000000000000E-01    0.000000000000000E+00
    7.000000000000001E-01    4.500000000000000E-01    0.000000000000000E+00
    8.000000000000000E-01    4.500000000000000E-01    0.000000000000000E+00
    9.000000000000000E-01    4.500000000000000E-01    0.000000000000000E+00
    1.000000000000000E+00    4.500000000000000E-01    0.000000000000000E+00
    1.100000000000000E+00    4.500000000000000E-01    0.000000000000000E+00
    1.200000000000000E+00    4.500000000000000E-01    0.000000000000000E+00
    1.300000000000000E+00    4.500000000000000E-01    0.000000000000000E+00
    1.400000000000000E+00    4.500000000000000E-01    0.000000000000000E+00
    1.500000000000000E+00    4.500000000000000E-01    0.000000000000000E+00
    1.600000000000000E+00    4.500000000000000E-01    0.000000000000000E+00
    1.700000000000000E+00    4.500000000000000E-01    0.000000000000000E+00
    1.800000000000000E+00    4.500000000000000E-01    0.000000000000000E+00
    1.900000000000000E+00    4.500000000000000E-01    0.000000000000000E+00
    2.000000000000000E+00    4.500000000000000E-01    0.000000000000000E+00
    2.100000000000000E+00    4.500000000000000E-01    0.000000000000000E+00
    2.200000000000000E+00    4.500000000000000E-01    0.000000000000000E+00
    2.300000000000000E+00    4.500000000000000E-01    0.000000000000000E+00
    2.400000000000000E+00    4.500000000000000E-01    0.000000000000000E+00
    2.500000000000000E+00    4.500000000000000E-01    0.000000000000000E+00
    2.600000000000000E+00    4.500000000000000E-01    0.000000000000000E+00
    2.700000000000000E+00    4.500000000000000E-01    0.000000000000000E+00
    2.800000000000000E+00    4.500000000000000E-01    0.000000000000000E+00
    2.900000000000000E+00    4.500000000000000E-01    0.000000000000000E+00
    3.000000000000000E+00    4.500000000000000E-01    0.000000000000000E+00
    3.100000000000000E+00    4.500000000000000E-01    0.000000000000000E+00
    3.200000000000000E+00    4.500000000000000E-01    0.000000000000000E+00
    3.300000000000000E+00    4.500000000000000E-01    0.000000000000000E+00
    3.400000000000000E+00    4.500000000000000E-01    0.000000000000000E+00
    3.500000000000000E+00    4.500000000000000E-01    0.000000000000000E+00
    3.600000000000000E+00    4.500000000000000E-01    0.000000000000000E+00
    3.700000000000000E+00    4.500000000000000E-01    0.000000000000000E+00
    3.800000000000000E+00    4.500000000000000E-01    0.000000000000000E+00
    3.900000000000000E+00    4.500000000000000E-01    0.000000000000000E+00
    4.000000000000000E+00    4.500000000000000E-01    0.000000000000000E+00
    4.100000000000001E+00    4.500000000000000E-01    0.000000000000000E+00
    4.200000000000000E+00    4.500000000000000E-01    0.000000000000000E+00
    4.300000000000000E+00    4.500000000000000E-01    0.000000000000000E+00
    4.400000000000000E+00    4.500000000000000E-01    0.000000000000000E+00
    4.500000000000000E+00    4.500000000000000E-01    0.000000000000000E+00
    4.600000000000001E+00    4.500000000000000E-01    0.000000000000000E+00
    4.700000000000000E+00    4.500000000000000E-01    0.000000000000000E+00
    4.800000000000001E+00    4.500000000000000E-01    0.000000000000000E+00
    4.900000000000000E+00    4.500000000000000E-01    0.000000000000000E+00
    5.000000000000000E+00    4.500000000000000E-01    0.000000000000000E+00
    5.100000000000001E+00    4.500000000000000E-01    0.000000000000000E+00
    5.200000000000000E+00    4.500000000000000E-01    0.000000000000000E+00
    5.300000000000001E+00    4.500000000000000E-01    0.000000000000000E+00
    5.400000000000000E+00    4.500000000000000E-01    0.000000000000000E+00
    5.500000000000000E+00    4.500000000000000E-01    0.000000000000000E+00
    5.600000000000001E+00    4.500000000000000E-01    0.000000000000000E+00
    5.700000000000000E+00    4.500000000000000E-01    0.000000000000000E+00
    5.800000000000001E+00    4.500000000000000E-01    0.000000000000000E+00
    5.900000000000000E+00    4.500000000000000E-01    0.000000000000000E+00
    6.000000000000000E+00    4.500000000000000E-01    0.000000000000000E+00
    6.100000000000001E+00    4.500000000000000E-01    0.000000000000000E+00
    6.200000000000000E+00    4.500000000000000E-01    0.000000000000000E+00
    6.300000000000001E+00    4.500000000000000E-01    0.000000000000000E+00
    6.400000000000000E+00    4.500000000000000E-01    0.000000000000000E+00
    6.500000000000000E+00    4.500000000000000E-01    0.000000000000000E+00
    6.600000000000001E+00    4.500000000000000E-01    0.000000000000000E+00
    6.700000000000000E+00    4.500000000000000E-01    0.000000000000000E+00
    6.800000000000001E+00    4.500000000000000E-01    0.000000000000000E+00
    6.900000000000000E+00    4.500000000000000E-01    0.000000000000000E+00
    7.000000000000000E+00    4.500000000000000E-01    0.000000000000000E+00
    7.100000000000001E+00    4.500000000000000E-01    0.000000000000000E+00
    7.200000000000000E+00    4.500000000000000E-01    0.000000000000000E+00
    7.300000000000001E+00    4.500000000000000E-01    0.000000000000000E+00
    7.400000000000000E+00    4.500000000000000E-01    0.000000000000000E+00
    7.500000000000000E+00    4.500000000000000E-01    0.000000000000000E+00
    7.600000000000001E+00    4.500000000000000E-01    0.000000000000000E+00
    7.700000000000000E+00    4.500000000000000E-01    0.000000000000000E+00
    7.800000000000001E+00    4.500000000000000E-01    0.000000000000000E+00
    7.900000000000000E+00    4.500000000000000E-01    0.000000000000000E+00
    8.000000000000000E+00    4.500000000000000E-01    0.000000000000000E+00
    0.000000000000000E+00    4.750000000000000E-01    0.000000000000000E+00
    1.000000000000000E-01    4.750000000000000E-01    0.000000000000000E+00
    2.000000000000000E-01    4.750000000000000E-01    0.000000000000000E+00
    3.000000000000000E-01    4.750000000000000E-01    0.000000000000000E+00
    4.000000000000000E-01    4.750000000000000E-01    0.000000000000000E+00
    5.000000000000000E-01    4.750000000000000E-01    0.000000000000000E+00
    6.000000000000001E-01    4.750000000000000E-01    0.000000000000000E+00
    7.000000000000001E-01    4.750000000000000E-01    0.000000000000000E+00
    8.000000000000000E-01    4.750000000000000E-01    0.000000000000000E+00
    9.000000000000000E-01    4.750000000000000E-01    0.000000000000000E+00
    1.000000000000000E+00    4.750000000000000E-01    0.000000000000000E+00
    1.100000000000000E+00    4.750000000000000E-01    0.000000000000000E+00
    1.200000000000000E+00    4.750000000000000E-01    0.000000000000000E+00
    1.300000000000000E+00    4.750000000000000E-01    0.000000000000000E+00
    1.400000000000000E+00    4.750000000000000E-01    0.000000000000000E+00
    1.500000000000000E+00    4.750000000000000E-01    0.000000000000000E+00
    1.600000000000000E+00    4.750000000000000E-01    0.000000000000000E+00
    1.700000000000000E+00    4.750000000000000E-01    0.000000000000000E+00
    1.800000000000000E+00    4.750000000000000E-01    0.000000000000000E+00
    1.900000000000000E+00    4.750000000000000E-01    0.000000000000000E+00
    2.000000000000000E+00    4.750000000000000E-01    0.000000000000000E+00
    2.100000000000000E+00    4.750000000000000E-01    0.000000000000000E+00
    2.200000000000000E+00    4.750000000000000E-01    0.000000000000000E+00
    2.300000000000000E+00    4.750000000000000E-01    0.000000000000000E+00
    2.400000000000000E+00    4.750000000000000E-01    0.000000000000000E+00
    2.500000000000000E+00    4.750000000000000E-01    0.000000000000000E+00
    2.600000000000000E+00    4.750000000000000E-01    0.000000000000000E+00
    2.700000000000000E+00    4.750000000000000E-01    0.000000000000000E+00
    2.800000000000000E+00    4.750000000000000E-01    0.000000000000000E+00
    2.900000000000000E+00    4.750000000000000E-01    0.000000000000000E+00
    3.000000000000000E+00    4.750000000000000E-01    0.000000000000000E+00
    3.100000000000000E+00    4.750000000000000E-01    0.000000000000000E+00
    3.200000000000000E+00    4.750000000000000E-01    0.000000000000000E+00
    3.300000000000000E+00    4.750000000000000E-01    0.000000000000000E+00
    3.400000000000000E+00    4.750000000000000E-01    0.000000000000000E+00
    3.500000000000000E+00    4.750000000000000E-01    0.000000000000000E+00
    3.600000000000000E+00    4.750000000000000E-01    0.000000000000000E+00
    3.700000000000000E+00    4.750000000000000E-01    0.000000000000000E+00
    3.800000000000000E+00    4.750000000000000E-01    0.000000000000000E+00
    3.900000000000000E+00    4.750000000000000E-01    0.000000000000000E+00
    4.000000000000000E+00    4.750000000000000E-01    0.000000000000000E+00
    4.100000000000001E+00    4.750000000000000E-01    0.000000000000000E+00
    4.200000000000000E+00    4.750000000000000E-01    0.000000000000000E+00
    4.300000000000000E+00    4.750000000000000E-01    0.000000000000000E+00
    4.400000000000000E+00    4.750000000000000E-01    0.000000000000000E+00
    4.500000000000000E+00    4.750000000000000E-01    0.000000000000000E+00
    4.600000000000001E+00    4.750000000000000E-01    0.000000000000000E+00
    4.700000000000000E+00    4.750000000000000E-01    0.000000000000000E+00
    4.800000000000001E+00    4.750000000000000E-01    0.000000000000000E+00
    4.900000000000000E+00    4.750000000000000E-01    0.000000000000000E+00
    5.000000000000000E+00    4.750000000000000E-01    0.000000000000000E+00
    5.100000000000001E+00    4.750000000000000E-01    0.000000000000000E+00
    5.200000000000000E+00    4.750000000000000E-01    0.000000000000000E+00
    5.300000000000001E+00    4.750000000000000E-01    0.000000000000000E+00
    5.400000000000000E+00    4.750000000000000E-01    0.000000000000000E+00
    5.500000000000000E+00    4.750000000000000E-01    0.000000000000000E+00
    5.600000000000001E+00    4.750000000000000E-01    0.000000000000000E+00
    5.700000000000000E+00    4.750000000000000E-01    0.000000000000000E+00
    5.800000000000001E+00    4.750000000000000E-01    0.000000000000000E+00
    5.900000000000000E+00    4.750000000000000E-01    0.000000000000000E+00
    6.000000000000000E+00    4.750000000000000E-01    0.000000000000000E+00
    6.100000000000001E+00    4.750000000000000E-01    0.000000000000000E+00
    6.200000000000000E+00    4.750000000000000E-01    0.000000000000000E+00
    6.300000000000001E+00    4.750000000000000E-01    0.000000000000000E+00
    6.400000000000000E+00    4.750000000000000E-01    0.000000000000000E+00
    6.500000000000000E+00    4.750000000000000E-01    0.000000000000000E+00
    6.600000000000001E+00    4.750000000000000E-01    0.000000000000000E+00
    6.700000000000000E+00    4.750000000000000E-01    0.000000000000000E+00
    6.800000000000001E+00    4.750000000000000E-01    0.000000000000000E+00
    6.900000000000000E+00    4.750000000000000E-01    0.000000000000000E+00
    7.000000000000000E+00    4.750000000000000E-01    0.000000000000000E+00
    7.100000000000001E+00    4.750000000000000E-01    0.000000000000000E+00
    7.200000000000000E+00    4.750000000000000E-01    0.000000000000000E+00
    7.300000000000001E+00    4.750000000000000E-01    0.000000000000000E+00
    7.400000000000000E+00    4.750000000000000E-01    0.000000000000000E+00
    7.500000000000000E+00    4.750000000000000E-01    0.000000000000000E+00
    7.600000000000001E+00    4.750000000000000E-01    0.000000000000000E+00
    7.700000000000000E+00    4.750000000000000E-01    0.000000000000000E+00
    7.800000000000001E+00    4.750000000000000E-01    0.000000000000000E+00
    7.900000000000000E+00    4.750000000000000E-01    0.000000000000000E+00
    8.000000000000000E+00    4.750000000000000E-01    0.000000000000000E+00
    0.000000000000000E+00    5.000000000000000E-01    0.000000000000000E+00
    1.000000000000000E-01    5.000000000000000E-01    0.000000000000000E+00
    2.000000000000000E-01    5.000000000000000E-01    0.000000000000000E+00
    3.000000000000000E-01    5.000000000000000E-01    0.000000000000000E+00
    4.000000000000000E-01    5.000000000000000E-01    0.000000000000000E+00
    5.000000000000000E-01    5.000000000000000E-01    0.000000000000000E+00
    6.000000000000001E-01    5.000000000000000E-01    0.000000000000000E+00
    7.000000000000001E-01    5.000000000000000E-01    0.000000000000000E+00
    8.000000000000000E-01    5.000000000000000E-01    0.000000000000000E+00
    9.000000000000000E-01    5.000000000000000E-01    0.000000000000000E+00
    1.000000000000000E+00    5.000000000000000E-01    0.000000000000000E+00
    1.100000000000000E+00    5.000000000000000E-01    0.000000000000000E+00
    1.200000000000000E+00    5.000000000000000E-01    0.000000000000000E+00
    1.300000000000000E+00    5.000000000000000E-01    0.000000000000000E+00
    1.400000000000000E+00    5.000000000000000E-01    0.000000000000000E+00
    1.500000000000000E+00    5.000000000000000E-01    0.000000000000000E+00
    1.600000000000000E+00    5.000000000000000E-01    0.000000000000000E+00
    1.700000000000000E+00    5.000000000000000E-01    0.000000000000000E+00
    1.800000000000000E+00    5.000000000000000E-01    0.000000000000000E+00
    1.900000000000000E+00    5.000000000000000E-01    0.000000000000000E+00
    2.000000000000000E+00    5.000000000000000E-01    0.000000000000000E+00
    2.100000000000000E+00    5.000000000000000E-01    0.000000000000000E+00
    2.200000000000000E+00    5.000000000000000E-01    0.000000000000000E+00
    2.300000000000000E+00    5.000000000000000E-01    0.000000000000000E+00
    2.400000000000000E+00    5.000000000000000E-01    0.000000000000000E+00
    2.500000000000000E+00    5.000000000000000E-01    0.000000000000000E+00
    2.600000000000000E+00    5.000000000000000E-01    0.000000000000000E+00
    2.700000000000000E+00    5.000000000000000E-01    0.000000000000000E+00
    2.800000000000000E+00    5.000000000000000E-01    0.000000000000000E+00
    2.900000000000000E+00    5.000000000000000E-01    0.000000000000000E+00
    3.000000000000000E+00    5.000000000000000E-01    0.000000000000000E+00
    3.100000000000000E+00    5.000000000000000E-01    0.000000000000000E+00
    3.200000000000000E+00    5.000000000000000E-01    0.000000000000000E+00
    3.300000000000000E+00    5.000000000000000E-01    0.000000000000000E+00
    3.400000000000000E+00    5.000000000000000E-01    0.000000000000000E+00
    3.500000000000000E+00    5.000000000000000E-01    0.000000000000000E+00
    3.600000000000000E+00    5.000000000000000E-01    0.000000000000000E+00
    3.700000000000000E+00    5.000000000000000E-01    0.000000000000000E+00
    3.800000000000000E+00    5.000000000000000E-01    0.000000000000000E+00
    3.900000000000000E+00    5.000000000000000E-01    0.000000000000000E+00
    4.000000000000000E+00    5.000000000000000E-01    0.000000000000000E+00
    4.100000000000001E+00    5.000000000000000E-01    0.000000000000000E+00
    4.200000000000000E+00    5.000000000000000E-01    0.000000000000000E+00
    4.300000000000000E+00    5.000000000000000E-01    0.000000000000000E+00
    4.400000000000000E+00    5.000000000000000E-01    0.000000000000000E+00
    4.500000000000000E+00    5.000000000000000E-01    0.000000000000000E+00
    4.600000000000001E+00    5.000000000000000E-01    0.000000000000000E+00
    4.700000000000000E+00    5.000000000000000E-01    0.000000000000000E+00
    4.800000000000001E+00    5.000000000000000E-01    0.000000000000000E+00
    4.900000000000000E+00    5.000000000000000E-01    0.000000000000000E+00
    5.000000000000000E+00    5.000000000000000E-01    0.000000000000000E+00
    5.100000000000001E+00    5.000000000000000E-01    0.000000000000000E+00
    5.200000000000000E+00    5.000000000000000E-01    0.000000000000000E+00
    5.300000000000001E+00    5.000000000000000E-01    0.000000000000000E+00
    5.400000000000000E+00    5.000000000000000E-01    0.000000000000000E+00
    5.500000000000000E+00    5.000000000000000E-01    0.000000000000000E+00
    5.600000000000001E+00    5.000000000000000E-01    0.000000000000000E+00
    5.700000000000000E+00    5.000000000000000E-01    0.000000000000000E+00
    5.800000000000001E+00    5.000000000000000E-01    0.000000000000000E+00
    5.900000000000000E+00    5.000000000000000E-01    0.000000000000000E+00
    6.000000000000000E+00    5.000000000000000E-01    0.000000000000000E+00
    6.100000000000001E+00    5.000000000000000E-01    0.000000000000000E+00
    6.200000000000000E+00    5.000000000000000E-01    0.000000000000000E+00
    6.300000000000001E+00    5.000000000000000E-01    0.000000000000000E+00
    6.400000000000000E+00    5.000000000000000E-01    0.000000000000000E+00
    6.500000000000000E+00    5.000000000000000E-01    0.000000000000000E+00
    6.600000000000001E+00    5.000000000000000E-01    0.000000000000000E+00
    6.700000000000000E+00    5.000000000000000E-01    0.000000000000000E+00
    6.800000000000001E+00    5.000000000000000E-01    0.000000000000000E+00
    6.900000000000000E+00    5.000000000000000E-01    0.000000000000000E+00
    7.000000000000000E+00    5.000000000000000E-01    0.000000000000000E+00
    7.100000000000001E+00    5.000000000000000E-01    0.000000000000000E+00
    7.200000000000000E+00    5.000000000000000E-01    0.000000000000000E+00
    7.300000000000001E+00    5.000000000000000E-01    0.000000000000000E+00
    7.400000000000000E+00    5.000000000000000E-01    0.000000000000000E+00
    7.500000000000000E+00    5.000000000000000E-01    0.000000000000000E+00
    7.600000000000001E+00    5.000000000000000E-01    0.000000000000000E+00
    7.700000000000000E+00    5.000000000000000E-01    0.000000000000000E+00
    7.800000000000001E+00    5.000000000000000E-01    0.000000000000000E+00
    7.900000000000000E+00    5.000000000000000E-01    0.000000000000000E+00
    8.000000000000000E+00    5.000000000000000E-01    0.000000000000000E+00
    0.000000000000000E+00    5.250000000000000E-01    0.000000000000000E+00
    1.000000000000000E-01    5.250000000000000E-01    0.000000000000000E+00
    2.000000000000000E-01    5.250000000000000E-01    0.000000000000000E+00
    3.000000000000000E-01    5.250000000000000E-01    0.000000000000000E+00
    4.000000000000000E-01    5.250000000000000E-01    0.000000000000000E+00
    5.000000000000000E-01    5.250000000000000E-01    0.000000000000000E+00
    6.000000000000001E-01    5.250000000000000E-01    0.000000000000000E+00
    7.000000000000001E-01    5.250000000000000E-01    0.000000000000000E+00
    8.000000000000000E-01    5.250000000000000E-01    0.000000000000000E+00
    9.000000000000000E-01    5.250000000000000E-01    0.000000000000000E+00
    1.000000000000000E+00    5.250000000000000E-01    0.000000000000000E+00
    1.100000000000000E+00    5.250000000000000E-01    0.000000000000000E+00
    1.200000000000000E+00    5.250000000000000E-01    0.000000000000000E+00
    1.300000000000000E+00    5.250000000000000E-01    0.000000000000000E+00
    1.400000000000000E+00    5.250000000000000E-01    0.000000000000000E+00
    1.500000000000000E+00    5.250000000000000E-01    0.000000000000000E+00
    1.600000000000000E+00    5.250000000000000E-01    0.000000000000000E+00
    1.700000000000000E+00    5.250000000000000E-01    0.000000000000000E+00
    1.800000000000000E+00    5.250000000000000E-01    0.000000000000000E+00
    1.900000000000000E+00    5.250000000000000E-01    0.000000000000000E+00
    2.000000000000000E+00    5.250000000000000E-01    0.000000000000000E+00
    2.100000000000000E+00    5.250000000000000E-01    0.000000000000000E+00
    2.200000000000000E+00    5.250000000000000E-01    0.000000000000000E+00
    2.300000000000000E+00    5.250000000000000E-01    0.000000000000000E+00
    2.400000000000000E+00    5.250000000000000E-01    0.000000000000000E+00
    2.500000000000000E+00    5.250000000000000E-01    0.000000000000000E+00
    2.600000000000000E+00    5.250000000000000E-01    0.000000000000000E+00
    2.700000000000000E+00    5.250000000000000E-01    0.000000000000000E+00
    2.800000000000000E+00    5.250000000000000E-01    0.000000000000000E+00
    2.900000000000000E+00    5.250000000000000E-01    0.000000000000000E+00
    3.000000000000000E+00    5.250000000000000E-01    0.000000000000000E+00
    3.100000000000000E+00    5.250000000000000E-01    0.000000000000000E+00
    3.200000000000000E+00    5.250000000000000E-01    0.000000000000000E+00
    3.300000000000000E+00    5.250000000000000E-01    0.000000000000000E+00
    3.400000000000000E+00    5.250000000000000E-01    0.000000000000000E+00
    3.500000000000000E+00    5.250000000000000E-01    0.000000000000000E+00
    3.600000000000000E+00    5.250000000000000E-01    0.000000000000000E+00
    3.700000000000000E+00    5.250000000000000E-01    0.000000000000000E+00
    3.800000000000000E+00    5.250000000000000E-01    0.000000000000000E+00
    3.900000000000000E+00    5.250000000000000E-01    0.000000000000000E+00
    4.000000000000000E+00    5.250000000000000E-01    0.000000000000000E+00
    4.100000000000001E+00    5.250000000000000E-01    0.000000000000000E+00
    4.200000000000000E+00    5.250000000000000E-01    0.000000000000000E+00
    4.300000000000000E+00    5.250000000000000E-01    0.000000000000000E+00
    4.400000000000000E+00    5.250000000000000E-01    0.000000000000000E+00
    4.500000000000000E+00    5.250000000000000E-01    0.000000000000000E+00
    4.600000000000001E+00    5.250000000000000E-01    0.000000000000000E+00
    4.700000000000000E+00    5.250000000000000E-01    0.000000000000000E+00
    4.800000000000001E+00    5.250000000000000E-01    0.000000000000000E+00
    4.900000000000000E+00    5.250000000000000E-01    0.000000000000000E+00
    5.000000000000000E+00    5.250000000000000E-01    0.000000000000000E+00
    5.100000000000001E+00    5.250000000000000E-01    0.000000000000000E+00
    5.200000000000000E+00    5.250000000000000E-01    0.000000000000000E+00
    5.300000000000001E+00    5.250000000000000E-01    0.000000000000000E+00
    5.400000000000000E+00    5.250000000000000E-01    0.000000000000000E+00
    5.500000000000000E+00    5.250000000000000E-01    0.000000000000000E+00
    5.600000000000001E+00    5.250000000000000E-01    0.000000000000000E+00
    5.700000000000000E+00    5.250000000000000E-01    0.000000000000000E+00
    5.800000000000001E+00    5.250000000000000E-01    0.000000000000000E+00
    5.900000000000000E+00    5.250000000000000E-01    0.000000000000000E+00
    6.000000000000000E+00    5.250000000000000E-01    0.000000000000000E+00
    6.100000000000001E+00    5.250000000000000E-01    0.000000000000000E+00
    6.200000000000000E+00    5.250000000000000E-01    0.000000000000000E+00
    6.300000000000001E+00    5.250000000000000E-01    0.000000000000000E+00
    6.400000000000000E+00    5.250000000000000E-01    0.000000000000000E+00
    6.500000000000000E+00    5.250000000000000E-01    0.000000000000000E+00
    6.600000000000001E+00    5.250000000000000E-01    0.000000000000000E+00
    6.700000000000000E+00    5.250000000000000E-01    0.000000000000000E+00
    6.800000000000001E+00    5.250000000000000E-01    0.000000000000000E+00
    6.900000000000000E+00    5.250000000000000E-01    0.000000000000000E+00
    7.000000000000000E+00    5.250000000000000E-01    0.000000000000000E+00
    7.100000000000001E+00    5.250000000000000E-01    0.000000000000000E+00
    7.200000000000000E+00    5.250000000000000E-01    0.000000000000000E+00
    7.300000000000001E+00    5.250000000000000E-01    0.000000000000000E+00
    7.400000000000000E+00    5.250000000000000E-01    0.000000000000000E+00
    7.500000000000000E+00    5.250000000000000E-01    0.000000000000000E+00
    7.600000000000001E+00    5.250000000000000E-01    0.000000000000000E+00
    7.700000000000000E+00    5.250000000000000E-01    0.000000000000000E+00
    7.800000000000001E+00    5.250000000000000E-01    0.000000000000000E+00
    7.900000000000000E+00    5.250000000000000E-01    0.000000000000000E+00
    8.000000000000000E+00    5.250000000000000E-01    0.000000000000000E+00
    0.000000000000000E+00    5.500000000000000E-01    0.000000000000000E+00
    1.000000000000000E-01    5.500000000000000E-01    0.000000000000000E+00
    2.000000000000000E-01    5.500000000000000E-01    0.000000000000000E+00
    3.000000000000000E-01    5.500000000000000E-01    0.000000000000000E+00
    4.000000000000000E-01    5.500000000000000E-01    0.000000000000000E+00
    5.000000000000000E-01    5.500000000000000E-01    0.000000000000000E+00
    6.000000000000001E-01    5.500000000000000E-01    0.000000000000000E+00
    7.000000000000001E-01    5.500000000000000E-01    0.000000000000000E+00
    8.000000000000000E-01    5.500000000000000E-01    0.000000000000000E+00
    9.000000000000000E-01    5.500000000000000E-01    0.000000000000000E+00
    1.000000000000000E+00    5.500000000000000E-01    0.000000000000000E+00
    1.100000000000000E+00    5.500000000000000E-01    0.000000000000000E+00
    1.200000000000000E+00    5.500000000000000E-01    0.000000000000000E+00
    1.300000000000000E+00    5.500000000000000E-01    0.000000000000000E+00
    1.400000000000000E+00    5.500000000000000E-01    0.000000000000000E+00
    1.500000000000000E+00    5.500000000000000E-01    0.000000000000000E+00
    1.600000000000000E+00    5.500000000000000E-01    0.000000000000000E+00
    1.700000000000000E+00    5.500000000000000E-01    0.000000000000000E+00
    1.800000000000000E+00    5.500000000000000E-01    0.000000000000000E+00
    1.900000000000000E+00    5.500000000000000E-01    0.000000000000000E+00
    2.000000000000000E+00    5.500000000000000E-01    0.000000000000000E+00
    2.100000000000000E+00    5.500000000000000E-01    0.000000000000000E+00
    2.200000000000000E+00    5.500000000000000E-01    0.000000000000000E+00
    2.300000000000000E+00    5.500000000000000E-01    0.000000000000000E+00
    2.400000000000000E+00    5.500000000000000E-01    0.000000000000000E+00
    2.500000000000000E+00    5.500000000000000E-01    0.000000000000000E+00
    2.600000000000000E+00    5.500000000000000E-01    0.000000000000000E+00
    2.700000000000000E+00    5.500000000000000E-01    0.000000000000000E+00
    2.800000000000000E+00    5.500000000000000E-01    0.000000000000000E+00
    2.900000000000000E+00    5.500000000000000E-01    0.000000000000000E+00
    3.000000000000000E+00    5.500000000000000E-01    0.000000000000000E+00
    3.100000000000000E+00    5.500000000000000E-01    0.000000000000000E+00
    3.200000000000000E+00    5.500000000000000E-01    0.000000000000000E+00
    3.300000000000000E+00    5.500000000000000E-01    0.000000000000000E+00
    3.400000000000000E+00    5.500000000000000E-01    0.000000000000000E+00
    3.500000000000000E+00    5.500000000000000E-01    0.000000000000000E+00
    3.600000000000000E+00    5.500000000000000E-01    0.000000000000000E+00
    3.700000000000000E+00    5.500000000000000E-01    0.000000000000000E+00
    3.800000000000000E+00    5.500000000000000E-01    0.000000000000000E+00
    3.900000000000000E+00    5.500000000000000E-01    0.000000000000000E+00
    4.000000000000000E+00    5.500000000000000E-01    0.000000000000000E+00
    4.100000000000001E+00    5.500000000000000E-01    0.000000000000000E+00
    4.200000000000000E+00    5.500000000000000E-01    0.000000000000000E+00
    4.300000000000000E+00    5.500000000000000E-01    0.000000000000000E+00
    4.400000000000000E+00    5.500000000000000E-01    0.000000000000000E+00
    4.500000000000000E+00    5.500000000000000E-01    0.000000000000000E+00
    4.600000000000001E+00    5.500000000000000E-01    0.000000000000000E+00
    4.700000000000000E+00    5.500000000000000E-01    0.000000000000000E+00
    4.800000000000001E+00    5.500000000000000E-01    0.000000000000000E+00
    4.900000000000000E+00    5.500000000000000E-01    0.000000000000000E+00
    5.000000000000000E+00    5.500000000000000E-01    0.000000000000000E+00
    5.100000000000001E+00    5.500000000000000E-01    0.000000000000000E+00
    5.200000000000000E+00    5.500000000000000E-01    0.000000000000000E+00
    5.300000000000001E+00    5.500000000000000E-01    0.000000000000000E+00
    5.400000000000000E+00    5.500000000000000E-01    0.000000000000000E+00
    5.500000000000000E+00    5.500000000000000E-01    0.000000000000000E+00
    5.600000000000001E+00    5.500000000000000E-01    0.000000000000000E+00
    5.700000000000000E+00    5.500000000000000E-01    0.000000000000000E+00
    5.800000000000001E+00    5.500000000000000E-01    0.000000000000000E+00
    5.900000000000000E+00    5.500000000000000E-01    0.000000000000000E+00
    6.000000000000000E+00    5.500000000000000E-01    0.000000000000000E+00
    6.100000000000001E+00    5.500000000000000E-01    0.000000000000000E+00
    6.200000000000000E+00    5.500000000000000E-01    0.000000000000000E+00
    6.300000000000001E+00    5.500000000000000E-01    0.000000000000000E+00
    6.400000000000000E+00    5.500000000000000E-01    0.000000000000000E+00
    6.500000000000000E+00    5.500000000000000E-01    0.000000000000000E+00
    6.600000000000001E+00    5.500000000000000E-01    0.000000000000000E+00
    6.700000000000000E+00    5.500000000000000E-01    0.000000000000000E+00
    6.800000000000001E+00    5.500000000000000E-01    0.000000000000000E+00
    6.900000000000000E+00    5.500000000000000E-01    0.000000000000000E+00
    7.000000000000000E+00    5.500000000000000E-01    0.000000000000000E+00
    7.100000000000001E+00    5.500000000000000E-01    0.000000000000000E+00
    7.200000000000000E+00    5.500000000000000E-01    0.000000000000000E+00
    7.300000000000001E+00    5.500000000000000E-01    0.000000000000000E+00
    7.400000000000000E+00    5.500000000000000E-01    0.000000000000000E+00
    7.500000000000000E+00    5.500000000000000E-01    0.000000000000000E+00
    7.600000000000001E+00    5.500000000000000E-01    0.000000000000000E+00
    7.700000000000000E+00    5.500000000000000E-01    0.000000000000000E+00
    7.800000000000001E+00    5.500000000000000E-01    0.000000000000000E+00
    7.900000000000000E+00    5.500000000000000E-01    0.000000000000000E+00
    8.000000000000000E+00    5.500000000000000E-01    0.000000000000000E+00
    0.000000000000000E+00    5.750000000000001E-01    0.000000000000000E+00
    1.000000000000000E-01    5.750000000000001E-01    0.000000000000000E+00
    2.000000000000000E-01    5.750000000000001E-01    0.000000000000000E+00
    3.000000000000000E-01    5.750000000000001E-01    0.000000000000000E+00
    4.000000000000000E-01    5.750000000000001E-01    0.000000000000000E+00
    5.000000000000000E-01    5.750000000000001E-01    0.000000000000000E+00
    6.000000000000001E-01    5.750000000000001E-01    0.000000000000000E+00
    7.000000000000001E-01    5.750000000000001E-01    0.000000000000000E+00
    8.000000000000000E-01    5.750000000000001E-01    0.000000000000000E+00
    9.000000000000000E-01    5.750000000000001E-01    0.000000000000000E+00
    1.000000000000000E+00    5.750000000000001E-01    0.000000000000000E+00
    1.100000000000000E+00    5.750000000000001E-01    0.000000000000000E+00
    1.200000000000000E+00    5.750000000000001E-01    0.000000000000000E+00
    1.300000000000000E+00    5.750000000000001E-01    0.000000000000000E+00
    1.400000000000000E+00    5.750000000000001E-01    0.000000000000000E+00
    1.500000000000000E+00    5.750000000000001E-01    0.000000000000000E+00
    1.600000000000000E+00    5.750000000000001E-01    0.000000000000000E+00
    1.700000000000000E+00    5.750000000000001E-01    0.000000000000000E+00
    1.800000000000000E+00    5.750000000000001E-01    0.000000000000000E+00
    1.900000000000000E+00    5.750000000000001E-01    0.000000000000000E+00
    2.000000000000000E+00    5.750000000000001E-01    0.000000000000000E+00
    2.100000000000000E+00    5.750000000000001E-01    0.000000000000000E+00
    2.200000000000000E+00    5.750000000000001E-01    0.000000000000000E+00
    2.300000000000000E+00    5.750000000000001E-01    0.000000000000000E+00
    2.400000000000000E+00    5.750000000000001E-01    0.000000000000000E+00
    2.500000000000000E+00    5.750000000000001E-01    0.000000000000000E+00
    2.600000000000000E+00    5.750000000000001E-01    0.000000000000000E+00
    2.700000000000000E+00    5.750000000000001E-01    0.000000000000000E+00
    2.800000000000000E+00    5.750000000000001E-01    0.000000000000000E+00
    2.900000000000000E+00    5.750000000000001E-01    0.000000000000000E+00
    3.000000000000000E+00    5.750000000000001E-01    0.000000000000000E+00
    3.100000000000000E+00    5.750000000000001E-01    0.000000000000000E+00
    3.200000000000000E+00    5.750000000000001E-01    0.000000000000000E+00
    3.300000000000000E+00    5.750000000000001E-01    0.000000000000000E+00
    3.400000000000000E+00    5.750000000000001E-01    0.000000000000000E+00
    3.500000000000000E+00    5.750000000000001E-01    0.000000000000000E+00
    3.600000000000000E+00    5.750000000000001E-01    0.000000000000000E+00
    3.700000000000000E+00    5.750000000000001E-01    0.000000000000000E+00
    3.800000000000000E+00    5.750000000000001E-01    0.000000000000000E+00
    3.900000000000000E+00    5.750000000000001E-01    0.000000000000000E+00
    4.000000000000000E+00    5.750000000000001E-01    0.000000000000000E+00
    4.100000000000001E+00    5.750000000000001E-01    0.000000000000000E+00
    4.200000000000000E+00    5.750000000000001E-01    0.000000000000000E+00
    4.300000000000000E+00    5.750000000000001E-01    0.000000000000000E+00
    4.400000000000000E+00    5.750000000000001E-01    0.000000000000000E+00
    4.500000000000000E+00    5.750000000000001E-01    0.000000000000000E+00
    4.600000000000001E+00    5.750000000000001E-01    0.000000000000000E+00
    4.700000000000000E+00    5.750000000000001E-01    0.000000000000000E+00
    4.800000000000001E+00    5.750000000000001E-01    0.000000000000000E+00
    4.900000000000000E+00    5.750000000000001E-01    0.000000000000000E+00
    5.000000000000000E+00    5.750000000000001E-01    0.000000000000000E+00
    5.100000000000001E+00    5.750000000000001E-01    0.000000000000000E+00
    5.200000000000000E+00    5.750000000000001E-01    0.000000000000000E+00
    5.300000000000001E+00    5.750000000000001E-01    0.000000000000000E+00
    5.400000000000000E+00    5.750000000000001E-01    0.000000000000000E+00
    5.500000000000000E+00    5.750000000000001E-01    0.000000000000000E+00
    5.600000000000001E+00    5.750000000000001E-01    0.000000000000000E+00
    5.700000000000000E+00    5.750000000000001E-01    0.000000000000000E+00
    5.800000000000001E+00    5.750000000000001E-01    0.000000000000000E+00
    5.900000000000000E+00    5.750000000000001E-01    0.000000000000000E+00
    6.000000000000000E+00    5.750000000000001E-01    0.000000000000000E+00
    6.100000000000001E+00    5.750000000000001E-01    0.000000000000000E+00
    6.200000000000000E+00    5.750000000000001E-01    0.000000000000000E+00
    6.300000000000001E+00    5.750000000000001E-01    0.000000000000000E+00
    6.400000000000000E+00    5.750000000000001E-01    0.000000000000000E+00
    6.500000000000000E+00    5.750000000000001E-01    0.000000000000000E+00
    6.600000000000001E+00    5.750000000000001E-01    0.000000000000000E+00
    6.700000000000000E+00    5.750000000000001E-01    0.000000000000000E+00
    6.800000000000001E+00    5.750000000000001E-01    0.000000000000000E+00
    6.900000000000000E+00    5.750000000000001E-01    0.000000000000000E+00
    7.000000000000000E+00    5.750000000000001E-01    0.000000000000000E+00
    7.100000000000001E+00    5.750000000000001E-01    0.000000000000000E+00
    7.200000000000000E+00    5.750000000000001E-01    0.000000000000000E+00
    7.300000000000001E+00    5.750000000000001E-01    0.000000000000000E+00
    7.400000000000000E+00    5.750000000000001E-01    0.000000000000000E+00
    7.500000000000000E+00    5.750000000000001E-01    0.000000000000000E+00
    7.600000000000001E+00    5.750000000000001E-01    0.000000000000000E+00
    7.700000000000000E+00    5.750000000000001E-01    0.000000000000000E+00
    7.800000000000001E+00    5.750000000000001E-01    0.000000000000000E+00
    7.900000000000000E+00    5.750000000000001E-01    0.000000000000000E+00
    8.000000000000000E+00    5.750000000000001E-01    0.000000000000000E+00
    0.000000000000000E+00    6.000000000000001E-01    0.000000000000000E+00
    1.000000000000000E-01    6.000000000000001E-01    0.000000000000000E+00
    2.000000000000000E-01    6.000000000000001E-01    0.000000000000000E+00
    3.000000000000000E-01    6.000000000000001E-01    0.000000000000000E+00
    4.000000000000000E-01    6.000000000000001E-01    0.000000000000000E+00
    5.000000000000000E-01    6.000000000000001E-01    0.000000000000000E+00
    6.000000000000001E-01    6.000000000000001E-01    0.000000000000000E+00
    7.000000000000001E-01    6.000000000000001E-01    0.000000000000000E+00
    8.000000000000000E-01    6.000000000000001E-01    0.000000000000000E+00
    9.000000000000000E-01    6.000000000000001E-01    0.000000000000000E+00
    1.000000000000000E+00    6.000000000000001E-01    0.000000000000000E+00
    1.100000000000000E+00    6.000000000000001E-01    0.000000000000000E+00
    1.200000000000000E+00    6.000000000000001E-01    0.000000000000000E+00
    1.300000000000000E+00    6.000000000000001E-01    0.000000000000000E+00
    1.400000000000000E+00    6.000000000000001E-01    0.000000000000000E+00
    1.500000000000000E+00    6.000000000000001E-01    0.000000000000000E+00
    1.600000000000000E+00    6.000000000000001E-01    0.000000000000000E+00
    1.700000000000000E+00    6.000000000000001E-01    0.000000000000000E+00
    1.800000000000000E+00    6.000000000000001E-01    0.000000000000000E+00
    1.900000000000000E+00    6.000000000000001E-01    0.000000000000000E+00
    2.000000000000000E+00    6.000000000000001E-01    0.000000000000000E+00
    2.100000000000000E+00    6.000000000000001E-01    0.000000000000000E+00
    2.200000000000000E+00    6.000000000000001E-01    0.000000000000000E+00
    2.300000000000000E+00    6.000000000000001E-01    0.000000000000000E+00
    2.400000000000000E+00    6.000000000000001E-01    0.000000000000000E+00
    2.500000000000000E+00    6.000000000000001E-01    0.000000000000000E+00
    2.600000000000000E+00    6.000000000000001E-01    0.000000000000000E+00
    2.700000000000000E+00    6.000000000000001E-01    0.000000000000000E+00
    2.800000000000000E+00    6.000000000000001E-01    0.000000000000000E+00
    2.900000000000000E+00    6.000000000000001E-01    0.000000000000000E+00
    3.000000000000000E+00    6.000000000000001E-01    0.000000000000000E+00
    3.100000000000000E+00    6.000000000000001E-01    0.000000000000000E+00
    3.200000000000000E+00    6.000000000000001E-01    0.000000000000000E+00
    3.300000000000000E+00    6.000000000000001E-01    0.000000000000000E+00
    3.400000000000000E+00    6.000000000000001E-01    0.000000000000000E+00
    3.500000000000000E+00    6.000000000000001E-01    0.000000000000000E+00
    3.600000000000000E+00    6.000000000000001E-01    0.000000000000000E+00
    3.700000000000000E+00    6.000000000000001E-01    0.000000000000000E+00
    3.800000000000000E+00    6.000000000000001E-01    0.000000000000000E+00
    3.900000000000000E+00    6.000000000000001E-01    0.000000000000000E+00
    4.000000000000000E+00    6.000000000000001E-01    0.000000000000000E+00
    4.100000000000001E+00    6.000000000000001E-01    0.000000000000000E+00
    4.200000000000000E+00    6.000000000000001E-01    0.000000000000000E+00
    4.300000000000000E+00    6.000000000000001E-01    0.000000000000000E+00
    4.400000000000000E+00    6.000000000000001E-01    0.000000000000000E+00
    4.500000000000000E+00    6.000000000000001E-01    0.000000000000000E+00
    4.600000000000001E+00    6.000000000000001E-01    0.000000000000000E+00
    4.700000000000000E+00    6.000000000000001E-01    0.000000000000000E+00
    4.800000000000001E+00    6.000000000000001E-01    0.000000000000000E+00
    4.900000000000000E+00    6.000000000000001E-01    0.000000000000000E+00
    5.000000000000000E+00    6.000000000000001E-01    0.000000000000000E+00
    5.100000000000001E+00    6.000000000000001E-01    0.000000000000000E+00
    5.200000000000000E+00    6.000000000000001E-01    0.000000000000000E+00
    5.300000000000001E+00    6.000000000000001E-01    0.000000000000000E+00
    5.400000000000000E+00    6.000000000000001E-01    0.000000000000000E+00
    5.500000000000000E+00    6.000000000000001E-01    0.000000000000000E+00
    5.600000000000001E+00    6.000000000000001E-01    0.000000000000000E+00
    5.700000000000000E+00    6.000000000000001E-01    0.000000000000000E+00
    5.800000000000001E+00    6.000000000000001E-01    0.000000000000000E+00
    5.900000000000000E+00    6.000000000000001E-01    0.000000000000000E+00
    6.000000000000000E+00    6.000000000000001E-01    0.000000000000000E+00
    6.100000000000001E+00    6.000000000000001E-01    0.000000000000000E+00
    6.200000000000000E+00    6.000000000000001E-01    0.000000000000000E+00
    6.300000000000001E+00    6.000000000000001E-01    0.000000000000000E+00
    6.400000000000000E+00    6.000000000000001E-01    0.000000000000000E+00
    6.500000000000000E+00    6.000000000000001E-01    0.000000000000000E+00
    6.600000000000001E+00    6.000000000000001E-01    0.000000000000000E+00
    6.700000000000000E+00    6.000000000000001E-01    0.000000000000000E+00
    6.800000000000001E+00    6.000000000000001E-01    0.000000000000000E+00
    6.900000000000000E+00    6.000000000000001E-01    0.000000000000000E+00
    7.000000000000000E+00    6.000000000000001E-01    0.000000000000000E+00
    7.100000000000001E+00    6.000000000000001E-01    0.000000000000000E+00
    7.200000000000000E+00    6.000000000000001E-01    0.000000000000000E+00
    7.300000000000001E+00    6.000000000000001E-01    0.000000000000000E+00
    7.400000000000000E+00    6.000000000000001E-01    0.000000000000000E+00
    7.500000000000000E+00    6.000000000000001E-01    0.000000000000000E+00
    7.600000000000001E+00    6.000000000000001E-01    0.000000000000000E+00
    7.700000000000000E+00    6.000000000000001E-01    0.000000000000000E+00
    7.800000000000001E+00    6.000000000000001E-01    0.000000000000000E+00
    7.900000000000000E+00    6.000000000000001E-01    0.000000000000000E+00
    8.000000000000000E+00    6.000000000000001E-01    0.000000000000000E+00
    0.000000000000000E+00    6.250000000000000E-01    0.000000000000000E+00
    1.000000000000000E-01    6.250000000000000E-01    0.000000000000000E+00
    2.000000000000000E-01    6.250000000000000E-01    0.000000000000000E+00
    3.000000000000000E-01    6.250000000000000E-01    0.000000000000000E+00
    4.000000000000000E-01    6.250000000000000E-01    0.000000000000000E+00
    5.000000000000000E-01    6.250000000000000E-01    0.000000000000000E+00
    6.000000000000001E-01    6.250000000000000E-01    0.000000000000000E+00
    7.000000000000001E-01    6.250000000000000E-01    0.000000000000000E+00
    8.000000000000000E-01    6.250000000000000E-01    0.000000000000000E+00
    9.000000000000000E-01    6.250000000000000E-01    0.000000000000000E+00
    1.000000000000000E+00    6.250000000000000E-01    0.000000000000000E+00
    1.100000000000000E+00    6.250000000000000E-01    0.000000000000000E+00
    1.200000000000000E+00    6.250000000000000E-01    0.000000000000000E+00
    1.300000000000000E+00    6.250000000000000E-01    0.000000000000000E+00
    1.400000000000000E+00    6.250000000000000E-01    0.000000000000000E+00
    1.500000000000000E+00    6.250000000000000E-01    0.000000000000000E+00
    1.600000000000000E+00    6.250000000000000E-01    0.000000000000000E+00
    1.700000000000000E+00    6.250000000000000E-01    0.000000000000000E+00
    1.800000000000000E+00    6.250000000000000E-01    0.000000000000000E+00
    1.900000000000000E+00    6.250000000000000E-01    0.000000000000000E+00
    2.000000000000000E+00    6.250000000000000E-01    0.000000000000000E+00
    2.100000000000000E+00    6.250000000000000E-01    0.000000000000000E+00
    2.200000000000000E+00    6.250000000000000E-01    0.000000000000000E+00
    2.300000000000000E+00    6.250000000000000E-01    0.000000000000000E+00
    2.400000000000000E+00    6.250000000000000E-01    0.000000000000000E+00
    2.500000000000000E+00    6.250000000000000E-01    0.000000000000000E+00
    2.600000000000000E+00    6.250000000000000E-01    0.000000000000000E+00
    2.700000000000000E+00    6.250000000000000E-01    0.000000000000000E+00
    2.800000000000000E+00    6.250000000000000E-01    0.000000000000000E+00
    2.900000000000000E+00    6.250000000000000E-01    0.000000000000000E+00
    3.000000000000000E+00    6.250000000000000E-01    0.000000000000000E+00
    3.100000000000000E+00    6.250000000000000E-01    0.000000000000000E+00
    3.200000000000000E+00    6.250000000000000E-01    0.000000000000000E+00
    3.300000000000000E+00    6.250000000000000E-01    0.000000000000000E+00
    3.400000000000000E+00    6.250000000000000E-01    0.000000000000000E+00
    3.500000000000000E+00    6.250000000000000E-01    0.000000000000000E+00
    3.600000000000000E+00    6.250000000000000E-01    0.000000000000000E+00
    3.700000000000000E+00    6.250000000000000E-01    0.000000000000000E+00
    3.800000000000000E+00    6.250000000000000E-01    0.000000000000000E+00
    3.900000000000000E+00    6.250000000000000E-01    0.000000000000000E+00
    4.000000000000000E+00    6.250000000000000E-01    0.000000000000000E+00
    4.100000000000001E+00    6.250000000000000E-01    0.000000000000000E+00
    4.200000000000000E+00    6.250000000000000E-01    0.000000000000000E+00
    4.300000000000000E+00    6.250000000000000E-01    0.000000000000000E+00
    4.400000000000000E+00    6.250000000000000E-01    0.000000000000000E+00
    4.500000000000000E+00    6.250000000000000E-01    0.000000000000000E+00
    4.600000000000001E+00    6.250000000000000E-01    0.000000000000000E+00
    4.700000000000000E+00    6.250000000000000E-01    0.000000000000000E+00
    4.800000000000001E+00    6.250000000000000E-01    0.000000000000000E+00
    4.900000000000000E+00    6.250000000000000E-01    0.000000000000000E+00
    5.000000000000000E+00    6.250000000000000E-01    0.000000000000000E+00
    5.100000000000001E+00    6.250000000000000E-01    0.000000000000000E+00
    5.200000000000000E+00    6.250000000000000E-01    0.000000000000000E+00
    5.300000000000001E+00    6.250000000000000E-01    0.000000000000000E+00
    5.400000000000000E+00    6.250000000000000E-01    0.000000000000000E+00
    5.500000000000000E+00    6.250000000000000E-01    0.000000000000000E+00
    5.600000000000001E+00    6.250000000000000E-01    0.000000000000000E+00
    5.700000000000000E+00    6.250000000000000E-01    0.000000000000000E+00
    5.800000000000001E+00    6.250000000000000E-01    0.000000000000000E+00
    5.900000000000000E+00    6.250000000000000E-01    0.000000000000000E+00
    6.000000000000000E+00    6.250000000000000E-01    0.000000000000000E+00
    6.100000000000001E+00    6.250000000000000E-01    0.000000000000000E+00
    6.200000000000000E+00    6.250000000000000E-01    0.000000000000000E+00
    6.300000000000001E+00    6.250000000000000E-01    0.000000000000000E+00
    6.400000000000000E+00    6.250000000000000E-01    0.000000000000000E+00
    6.500000000000000E+00    6.250000000000000E-01    0.000000000000000E+00
    6.600000000000001E+00    6.250000000000000E-01    0.000000000000000E+00
    6.700000000000000E+00    6.250000000000000E-01    0.000000000000000E+00
    6.800000000000001E+00    6.250000000000000E-01    0.000000000000000E+00
    6.900000000000000E+00    6.250000000000000E-01    0.000000000000000E+00
    7.000000000000000E+00    6.250000000000000E-01    0.000000000000000E+00
    7.100000000000001E+00    6.250000000000000E-01    0.000000000000000E+00
    7.200000000000000E+00    6.250000000000000E-01    0.000000000000000E+00
    7.300000000000001E+00    6.250000000000000E-01    0.000000000000000E+00
    7.400000000000000E+00    6.250000000000000E-01    0.000000000000000E+00
    7.500000000000000E+00    6.250000000000000E-01    0.000000000000000E+00
    7.600000000000001E+00    6.250000000000000E-01    0.000000000000000E+00
    7.700000000000000E+00    6.250000000000000E-01    0.000000000000000E+00
    7.800000000000001E+00    6.250000000000000E-01    0.000000000000000E+00
    7.900000000000000E+00    6.250000000000000E-01    0.000000000000000E+00
    8.000000000000000E+00    6.250000000000000E-01    0.000000000000000E+00
    0.000000000000000E+00    6.500000000000000E-01    0.000000000000000E+00
    1.000000000000000E-01    6.500000000000000E-01    0.000000000000000E+00
    2.000000000000000E-01    6.500000000000000E-01    0.000000000000000E+00
    3.000000000000000E-01    6.500000000000000E-01    0.000000000000000E+00
    4.000000000000000E-01    6.500000000000000E-01    0.000000000000000E+00
    5.000000000000000E-01    6.500000000000000E-01    0.000000000000000E+00
    6.000000000000001E-01    6.500000000000000E-01    0.000000000000000E+00
    7.000000000000001E-01    6.500000000000000E-01    0.000000000000000E+00
    8.000000000000000E-01    6.500000000000000E-01    0.000000000000000E+00
    9.000000000000000E-01    6.500000000000000E-01    0.000000000000000E+00
    1.000000000000000E+00    6.500000000000000E-01    0.000000000000000E+00
    1.100000000000000E+00    6.500000000000000E-01    0.000000000000000E+00
    1.200000000000000E+00    6.500000000000000E-01    0.000000000000000E+00
    1.300000000000000E+00    6.500000000000000E-01    0.000000000000000E+00
    1.400000000000000E+00    6.500000000000000E-01    0.000000000000000E+00
    1.500000000000000E+00    6.500000000000000E-01    0.000000000000000E+00
    1.600000000000000E+00    6.500000000000000E-01    0.000000000000000E+00
    1.700000000000000E+00    6.500000000000000E-01    0.000000000000000E+00
    1.800000000000000E+00    6.500000000000000E-01    0.000000000000000E+00
    1.900000000000000E+00    6.500000000000000E-01    0.000000000000000E+00
    2.000000000000000E+00    6.500000000000000E-01    0.000000000000000E+00
    2.100000000000000E+00    6.500000000000000E-01    0.000000000000000E+00
    2.200000000000000E+00    6.500000000000000E-01    0.000000000000000E+00
    2.300000000000000E+00    6.500000000000000E-01    0.000000000000000E+00
    2.400000000000000E+00    6.500000000000000E-01    0.000000000000000E+00
    2.500000000000000E+00    6.500000000000000E-01    0.000000000000000E+00
    2.600000000000000E+00    6.500000000000000E-01    0.000000000000000E+00
    2.700000000000000E+00    6.500000000000000E-01    0.000000000000000E+00
    2.800000000000000E+00    6.500000000000000E-01    0.000000000000000E+00
    2.900000000000000E+00    6.500000000000000E-01    0.000000000000000E+00
    3.000000000000000E+00    6.500000000000000E-01    0.000000000000000E+00
    3.100000000000000E+00    6.500000000000000E-01    0.000000000000000E+00
    3.200000000000000E+00    6.500000000000000E-01    0.000000000000000E+00
    3.300000000000000E+00    6.500000000000000E-01    0.000000000000000E+00
    3.400000000000000E+00    6.500000000000000E-01    0.000000000000000E+00
    3.500000000000000E+00    6.500000000000000E-01    0.000000000000000E+00
    3.600000000000000E+00    6.500000000000000E-01    0.000000000000000E+00
    3.700000000000000E+00    6.500000000000000E-01    0.000000000000000E+00
    3.800000000000000E+00    6.500000000000000E-01    0.000000000000000E+00
    3.900000000000000E+00    6.500000000000000E-01    0.000000000000000E+00
    4.000000000000000E+00    6.500000000000000E-01    0.000000000000000E+00
    4.100000000000001E+00    6.500000000000000E-01    0.000000000000000E+00
    4.200000000000000E+00    6.500000000000000E-01    0.000000000000000E+00
    4.300000000000000E+00    6.500000000000000E-01    0.000000000000000E+00
    4.400000000000000E+00    6.500000000000000E-01    0.000000000000000E+00
    4.500000000000000E+00    6.500000000000000E-01    0.000000000000000E+00
    4.600000000000001E+00    6.500000000000000E-01    0.000000000000000E+00
    4.700000000000000E+00    6.500000000000000E-01    0.000000000000000E+00
    4.800000000000001E+00    6.500000000000000E-01    0.000000000000000E+00
    4.900000000000000E+00    6.500000000000000E-01    0.000000000000000E+00
    5.000000000000000E+00    6.500000000000000E-01    0.000000000000000E+00
    5.100000000000001E+00    6.500000000000000E-01    0.000000000000000E+00
    5.200000000000000E+00    6.500000000000000E-01    0.000000000000000E+00
    5.300000000000001E+00    6.500000000000000E-01    0.000000000000000E+00
    5.400000000000000E+00    6.500000000000000E-01    0.000000000000000E+00
    5.500000000000000E+00    6.500000000000000E-01    0.000000000000000E+00
    5.600000000000001E+00    6.500000000000000E-01    0.000000000000000E+00
    5.700000000000000E+00    6.500000000000000E-01    0.000000000000000E+00
    5.800000000000001E+00    6.500000000000000E-01    0.000000000000000E+00
    5.900000000000000E+00    6.500000000000000E-01    0.000000000000000E+00
    6.000000000000000E+00    6.500000000000000E-01    0.000000000000000E+00
    6.100000000000001E+00    6.500000000000000E-01    0.000000000000000E+00
    6.200000000000000E+00    6.500000000000000E-01    0.000000000000000E+00
    6.300000000000001E+00    6.500000000000000E-01    0.000000000000000E+00
    6.400000000000000E+00    6.500000000000000E-01    0.000000000000000E+00
    6.500000000000000E+00    6.500000000000000E-01    0.000000000000000E+00
    6.600000000000001E+00    6.500000000000000E-01    0.000000000000000E+00
    6.700000000000000E+00    6.500000000000000E-01    0.000000000000000E+00
    6.800000000000001E+00    6.500000000000000E-01    0.000000000000000E+00
    6.900000000000000E+00    6.500000000000000E-01    0.000000000000000E+00
    7.000000000000000E+00    6.500000000000000E-01    0.000000000000000E+00
    7.100000000000001E+00    6.500000000000000E-01    0.000000000000000E+00
    7.200000000000000E+00    6.500000000000000E-01    0.000000000000000E+00
    7.300000000000001E+00    6.500000000000000E-01    0.000000000000000E+00
    7.400000000000000E+00    6.500000000000000E-01    0.000000000000000E+00
    7.500000000000000E+00    6.500000000000000E-01    0.000000000000000E+00
    7.600000000000001E+00    6.500000000000000E-01    0.000000000000000E+00
    7.700000000000000E+00    6.500000000000000E-01    0.000000000000000E+00
    7.800000000000001E+00    6.500000000000000E-01    0.000000000000000E+00
    7.900000000000000E+00    6.500000000000000E-01    0.000000000000000E+00
    8.000000000000000E+00    6.500000000000000E-01    0.000000000000000E+00
    0.000000000000000E+00    6.750000000000000E-01    0.000000000000000E+00
    1.000000000000000E-01    6.750000000000000E-01    0.000000000000000E+00
    2.000000000000000E-01    6.750000000000000E-01    0.000000000000000E+00
    3.000000000000000E-01    6.750000000000000E-01    0.000000000000000E+00
    4.000000000000000E-01    6.750000000000000E-01    0.000000000000000E+00
    5.000000000000000E-01    6.750000000000000E-01    0.000000000000000E+00
    6.000000000000001E-01    6.750000000000000E-01    0.000000000000000E+00
    7.000000000000001E-01    6.750000000000000E-01    0.000000000000000E+00
    8.000000000000000E-01    6.750000000000000E-01    0.000000000000000E+00
    9.000000000000000E-01    6.750000000000000E-01    0.000000000000000E+00
    1.000000000000000E+00    6.750000000000000E-01    0.000000000000000E+00
    1.100000000000000E+00    6.750000000000000E-01    0.000000000000000E+00
    1.200000000000000E+00    6.750000000000000E-01    0.000000000000000E+00
    1.300000000000000E+00    6.750000000000000E-01    0.000000000000000E+00
    1.400000000000000E+00    6.750000000000000E-01    0.000000000000000E+00
    1.500000000000000E+00    6.750000000000000E-01    0.000000000000000E+00
    1.600000000000000E+00    6.750000000000000E-01    0.000000000000000E+00
    1.700000000000000E+00    6.750000000000000E-01    0.000000000000000E+00
    1.800000000000000E+00    6.750000000000000E-01    0.000000000000000E+00
    1.900000000000000E+00    6.750000000000000E-01    0.000000000000000E+00
    2.000000000000000E+00    6.750000000000000E-01    0.000000000000000E+00
    2.100000000000000E+00    6.750000000000000E-01    0.000000000000000E+00
    2.200000000000000E+00    6.750000000000000E-01    0.000000000000000E+00
    2.300000000000000E+00    6.750000000000000E-01    0.000000000000000E+00
    2.400000000000000E+00    6.750000000000000E-01    0.000000000000000E+00
    2.500000000000000E+00    6.750000000000000E-01    0.000000000000000E+00
    2.600000000000000E+00    6.750000000000000E-01    0.000000000000000E+00
    2.700000000000000E+00    6.750000000000000E-01    0.000000000000000E+00
    2.800000000000000E+00    6.750000000000000E-01    0.000000000000000E+00
    2.900000000000000E+00    6.750000000000000E-01    0.000000000000000E+00
    3.000000000000000E+00    6.750000000000000E-01    0.000000000000000E+00
    3.100000000000000E+00    6.750000000000000E-01    0.000000000000000E+00
    3.200000000000000E+00    6.750000000000000E-01    0.000000000000000E+00
    3.300000000000000E+00    6.750000000000000E-01    0.000000000000000E+00
    3.400000000000000E+00    6.750000000000000E-01    0.000000000000000E+00
    3.500000000000000E+00    6.750000000000000E-01    0.000000000000000E+00
    3.600000000000000E+00    6.750000000000000E-01    0.000000000000000E+00
    3.700000000000000E+00    6.750000000000000E-01    0.000000000000000E+00
    3.800000000000000E+00    6.750000000000000E-01    0.000000000000000E+00
    3.900000000000000E+00    6.750000000000000E-01    0.000000000000000E+00
    4.000000000000000E+00    6.750000000000000E-01    0.000000000000000E+00
    4.100000000000001E+00    6.750000000000000E-01    0.000000000000000E+00
    4.200000000000000E+00    6.750000000000000E-01    0.000000000000000E+00
    4.300000000000000E+00    6.750000000000000E-01    0.000000000000000E+00
    4.400000000000000E+00    6.750000000000000E-01    0.000000000000000E+00
    4.500000000000000E+00    6.750000000000000E-01    0.000000000000000E+00
    4.600000000000001E+00    6.750000000000000E-01    0.000000000000000E+00
    4.700000000000000E+00    6.750000000000000E-01    0.000000000000000E+00
    4.800000000000001E+00    6.750000000000000E-01    0.000000000000000E+00
    4.900000000000000E+00    6.750000000000000E-01    0.000000000000000E+00
    5.000000000000000E+00    6.750000000000000E-01    0.000000000000000E+00
    5.100000000000001E+00    6.750000000000000E-01    0.000000000000000E+00
    5.200000000000000E+00    6.750000000000000E-01    0.000000000000000E+00
    5.300000000000001E+00    6.750000000000000E-01    0.000000000000000E+00
    5.400000000000000E+00    6.750000000000000E-01    0.000000000000000E+00
    5.500000000000000E+00    6.750000000000000E-01    0.000000000000000E+00
    5.600000000000001E+00    6.750000000000000E-01    0.000000000000000E+00
    5.700000000000000E+00    6.750000000000000E-01    0.000000000000000E+00
    5.800000000000001E+00    6.750000000000000E-01    0.000000000000000E+00
    5.900000000000000E+00    6.750000000000000E-01    0.000000000000000E+00
    6.000000000000000E+00    6.750000000000000E-01    0.000000000000000E+00
    6.100000000000001E+00    6.750000000000000E-01    0.000000000000000E+00
    6.200000000000000E+00    6.750000000000000E-01    0.000000000000000E+00
    6.300000000000001E+00    6.750000000000000E-01    0.000000000000000E+00
    6.400000000000000E+00    6.750000000000000E-01    0.000000000000000E+00
    6.500000000000000E+00    6.750000000000000E-01    0.000000000000000E+00
    6.600000000000001E+00    6.750000000000000E-01    0.000000000000000E+00
    6.700000000000000E+00    6.750000000000000E-01    0.000000000000000E+00
    6.800000000000001E+00    6.750000000000000E-01    0.000000000000000E+00
    6.900000000000000E+00    6.750000000000000E-01    0.000000000000000E+00
    7.000000000000000E+00    6.750000000000000E-01    0.000000000000000E+00
    7.100000000000001E+00    6.750000000000000E-01    0.000000000000000E+00
    7.200000000000000E+00    6.750000000000000E-01    0.000000000000000E+00
    7.300000000000001E+00    6.750000000000000E-01    0.000000000000000E+00
    7.400000000000000E+00    6.750000000000000E-01    0.000000000000000E+00
    7.500000000000000E+00    6.750000000000000E-01    0.000000000000000E+00
    7.600000000000001E+00    6.750000000000000E-01    0.000000000000000E+00
    7.700000000000000E+00    6.750000000000000E-01    0.000000000000000E+00
    7.800000000000001E+00    6.750000000000000E-01    0.000000000000000E+00
    7.900000000000000E+00    6.750000000000000E-01    0.000000000000000E+00
    8.000000000000000E+00    6.750000000000000E-01    0.000000000000000E+00
    0.000000000000000E+00    7.000000000000001E-01    0.000000000000000E+00
    1.000000000000000E-01    7.000000000000001E-01    0.000000000000000E+00
    2.000000000000000E-01    7.000000000000001E-01    0.000000000000000E+00
    3.000000000000000E-01    7.000000000000001E-01    0.000000000000000E+00
    4.000000000000000E-01    7.000000000000001E-01    0.000000000000000E+00
    5.000000000000000E-01    7.000000000000001E-01    0.000000000000000E+00
    6.000000000000001E-01    7.000000000000001E-01    0.000000000000000E+00
    7.000000000000001E-01    7.000000000000001E-01    0.000000000000000E+00
    8.000000000000000E-01    7.000000000000001E-01    0.000000000000000E+00
    9.000000000000000E-01    7.000000000000001E-01    0.000000000000000E+00
    1.000000000000000E+00    7.000000000000001E-01    0.000000000000000E+00
    1.100000000000000E+00    7.000000000000001E-01    0.000000000000000E+00
    1.200000000000000E+00    7.000000000000001E-01    0.000000000000000E+00
    1.300000000000000E+00    7.000000000000001E-01    0.000000000000000E+00
    1.400000000000000E+00    7.000000000000001E-01    0.000000000000000E+00
    1.500000000000000E+00    7.000000000000001E-01    0.000000000000000E+00
    1.600000000000000E+00    7.000000000000001E-01    0.000000000000000E+00
    1.700000000000000E+00    7.000000000000001E-01    0.000000000000000E+00
    1.800000000000000E+00    7.000000000000001E-01    0.000000000000000E+00
    1.900000000000000E+00    7.000000000000001E-01    0.000000000000000E+00
    2.000000000000000E+00    7.000000000000001E-01    0.000000000000000E+00
    2.100000000000000E+00    7.000000000000001E-01    0.000000000000000E+00
    2.200000000000000E+00    7.000000000000001E-01    0.000000000000000E+00
    2.300000000000000E+00    7.000000000000001E-01    0.000000000000000E+00
    2.400000000000000E+00    7.000000000000001E-01    0.000000000000000E+00
    2.500000000000000E+00    7.000000000000001E-01    0.000000000000000E+00
    2.600000000000000E+00    7.000000000000001E-01    0.000000000000000E+00
    2.700000000000000E+00    7.000000000000001E-01    0.000000000000000E+00
    2.800000000000000E+00    7.000000000000001E-01    0.000000000000000E+00
    2.900000000000000E+00    7.000000000000001E-01    0.000000000000000E+00
    3.000000000000000E+00    7.000000000000001E-01    0.000000000000000E+00
    3.100000000000000E+00    7.000000000000001E-01    0.000000000000000E+00
    3.200000000000000E+00    7.000000000000001E-01    0.000000000000000E+00
    3.300000000000000E+00    7.000000000000001E-01    0.000000000000000E+00
    3.400000000000000E+00    7.000000000000001E-01    0.000000000000000E+00
    3.500000000000000E+00    7.000000000000001E-01    0.000000000000000E+00
    3.600000000000000E+00    7.000000000000001E-01    0.000000000000000E+00
    3.700000000000000E+00    7.000000000000001E-01    0.000000000000000E+00
    3.800000000000000E+00    7.000000000000001E-01    0.000000000000000E+00
    3.900000000000000E+00    7.000000000000001E-01    0.000000000000000E+00
    4.000000000000000E+00    7.000000000000001E-01    0.000000000000000E+00
    4.100000000000001E+00    7.000000000000001E-01    0.000000000000000E+00
    4.200000000000000E+00    7.000000000000001E-01    0.000000000000000E+00
    4.300000000000000E+00    7.000000000000001E-01    0.000000000000000E+00
    4.400000000000000E+00    7.000000000000001E-01    0.000000000000000E+00
    4.500000000000000E+00    7.000000000000001E-01    0.000000000000000E+00
    4.600000000000001E+00    7.000000000000001E-01    0.000000000000000E+00
    4.700000000000000E+00    7.000000000000001E-01    0.000000000000000E+00
    4.800000000000001E+00    7.000000000000001E-01    0.000000000000000E+00
    4.900000000000000E+00    7.000000000000001E-01    0.000000000000000E+00
    5.000000000000000E+00    7.000000000000001E-01    0.000000000000000E+00
    5.100000000000001E+00    7.000000000000001E-01    0.000000000000000E+00
    5.200000000000000E+00    7.000000000000001E-01    0.000000000000000E+00
    5.300000000000001E+00    7.000000000000001E-01    0.000000000000000E+00
    5.400000000000000E+00    7.000000000000001E-01    0.000000000000000E+00
    5.500000000000000E+00    7.000000000000001E-01    0.000000000000000E+00
    5.600000000000001E+00    7.000000000000001E-01    0.000000000000000E+00
    5.700000000000000E+00    7.000000000000001E-01    0.000000000000000E+00
    5.800000000000001E+00    7.000000000000001E-01    0.000000000000000E+00
    5.900000000000000E+00    7.000000000000001E-01    0.000000000000000E+00
    6.000000000000000E+00    7.000000000000001E-01    0.000000000000000E+00
    6.100000000000001E+00    7.000000000000001E-01    0.000000000000000E+00
    6.200000000000000E+00    7.000000000000001E-01    0.000000000000000E+00
    6.300000000000001E+00    7.000000000000001E-01    0.000000000000000E+00
    6.400000000000000E+00    7.000000000000001E-01    0.000000000000000E+00
    6.500000000000000E+00    7.000000000000001E-01    0.000000000000000E+00
    6.600000000000001E+00    7.000000000000001E-01    0.000000000000000E+00
    6.700000000000000E+00    7.000000000000001E-01    0.000000000000000E+00
    6.800000000000001E+00    7.000000000000001E-01    0.000000000000000E+00
    6.900000000000000E+00    7.000000000000001E-01    0.000000000000000E+00
    7.000000000000000E+00    7.000000000000001E-01    0.000000000000000E+00
    7.100000000000001E+00    7.000000000000001E-01    0.000000000000000E+00
    7.200000000000000E+00    7.000000000000001E-01    0.000000000000000E+00
    7.300000000000001E+00    7.000000000000001E-01    0.000000000000000E+00
    7.400000000000000E+00    7.000000000000001E-01    0.000000000000000E+00
    7.500000000000000E+00    7.000000000000001E-01    0.000000000000000E+00
    7.600000000000001E+00    7.000000000000001E-01    0.000000000000000E+00
    7.700000000000000E+00    7.000000000000001E-01    0.000000000000000E+00
    7.800000000000001E+00    7.000000000000001E-01    0.000000000000000E+00
    7.900000000000000E+00    7.000000000000001E-01    0.000000000000000E+00
    8.000000000000000E+00    7.000000000000001E-01    0.000000000000000E+00
    0.000000000000000E+00    7.250000000000001E-01    0.000000000000000E+00
    1.000000000000000E-01    7.250000000000001E-01    0.000000000000000E+00
    2.000000000000000E-01    7.250000000000001E-01    0.000000000000000E+00
    3.000000000000000E-01    7.250000000000001E-01    0.000000000000000E+00
    4.000000000000000E-01    7.250000000000001E-01    0.000000000000000E+00
    5.000000000000000E-01    7.250000000000001E-01    0.000000000000000E+00
    6.000000000000001E-01    7.250000000000001E-01    0.000000000000000E+00
    7.000000000000001E-01    7.250000000000001E-01    0.000000000000000E+00
    8.000000000000000E-01    7.250000000000001E-01    0.000000000000000E+00
    9.000000000000000E-01    7.250000000000001E-01    0.000000000000000E+00
    1.000000000000000E+00    7.250000000000001E-01    0.000000000000000E+00
    1.100000000000000E+00    7.250000000000001E-01    0.000000000000000E+00
    1.200000000000000E+00    7.250000000000001E-01    0.000000000000000E+00
    1.300000000000000E+00    7.250000000000001E-01    0.000000000000000E+00
    1.400000000000000E+00    7.250000000000001E-01    0.000000000000000E+00
    1.500000000000000E+00    7.250000000000001E-01    0.000000000000000E+00
    1.600000000000000E+00    7.250000000000001E-01    0.000000000000000E+00
    1.700000000000000E+00    7.250000000000001E-01    0.000000000000000E+00
    1.800000000000000E+00    7.250000000000001E-01    0.000000000000000E+00
    1.900000000000000E+00    7.250000000000001E-01    0.000000000000000E+00
    2.000000000000000E+00    7.250000000000001E-01    0.000000000000000E+00
    2.100000000000000E+00    7.250000000000001E-01    0.000000000000000E+00
    2.200000000000000E+00    7.250000000000001E-01    0.000000000000000E+00
    2.300000000000000E+00    7.250000000000001E-01    0.000000000000000E+00
    2.400000000000000E+00    7.250000000000001E-01    0.000000000000000E+00
    2.500000000000000E+00    7.250000000000001E-01    0.000000000000000E+00
    2.600000000000000E+00    7.250000000000001E-01    0.000000000000000E+00
    2.700000000000000E+00    7.250000000000001E-01    0.000000000000000E+00
    2.800000000000000E+00    7.250000000000001E-01    0.000000000000000E+00
    2.900000000000000E+00    7.250000000000001E-01    0.000000000000000E+00
    3.000000000000000E+00    7.250000000000001E-01    0.000000000000000E+00
    3.100000000000000E+00    7.250000000000001E-01    0.000000000000000E+00
    3.200000000000000E+00    7.250000000000001E-01    0.000000000000000E+00
    3.300000000000000E+00    7.250000000000001E-01    0.000000000000000E+00
    3.400000000000000E+00    7.250000000000001E-01    0.000000000000000E+00
    3.500000000000000E+00    7.250000000000001E-01    0.000000000000000E+00
    3.600000000000000E+00    7.250000000000001E-01    0.000000000000000E+00
    3.700000000000000E+00    7.250000000000001E-01    0.000000000000000E+00
    3.800000000000000E+00    7.250000000000001E-01    0.000000000000000E+00
    3.900000000000000E+00    7.250000000000001E-01    0.000000000000000E+00
    4.000000000000000E+00    7.250000000000001E-01    0.000000000000000E+00
    4.100000000000001E+00    7.250000000000001E-01    0.000000000000000E+00
    4.200000000000000E+00    7.250000000000001E-01    0.000000000000000E+00
    4.300000000000000E+00    7.250000000000001E-01    0.000000000000000E+00
    4.400000000000000E+00    7.250000000000001E-01    0.000000000000000E+00
    4.500000000000000E+00    7.250000000000001E-01    0.000000000000000E+00
    4.600000000000001E+00    7.250000000000001E-01    0.000000000000000E+00
    4.700000000000000E+00    7.250000000000001E-01    0.000000000000000E+00
    4.800000000000001E+00    7.250000000000001E-01    0.000000000000000E+00
    4.900000000000000E+00    7.250000000000001E-01    0.000000000000000E+00
    5.000000000000000E+00    7.250000000000001E-01    0.000000000000000E+00
    5.100000000000001E+00    7.250000000000001E-01    0.000000000000000E+00
    5.200000000000000E+00    7.250000000000001E-01    0.000000000000000E+00
    5.300000000000001E+00    7.250000000000001E-01    0.000000000000000E+00
    5.400000000000000E+00    7.250000000000001E-01    0.000000000000000E+00
    5.500000000000000E+00    7.250000000000001E-01    0.000000000000000E+00
    5.600000000000001E+00    7.250000000000001E-01    0.000000000000000E+00
    5.700000000000000E+00    7.250000000000001E-01    0.000000000000000E+00
    5.800000000000001E+00    7.250000000000001E-01    0.000000000000000E+00
    5.900000000000000E+00    7.250000000000001E-01    0.000000000000000E+00
    6.000000000000000E+00    7.250000000000001E-01    0.000000000000000E+00
    6.100000000000001E+00    7.250000000000001E-01    0.000000000000000E+00
    6.200000000000000E+00    7.250000000000001E-01    0.000000000000000E+00
    6.300000000000001E+00    7.250000000000001E-01    0.000000000000000E+00
    6.400000000000000E+00    7.250000000000001E-01    0.000000000000000E+00
    6.500000000000000E+00    7.250000000000001E-01    0.000000000000000E+00
    6.600000000000001E+00    7.250000000000001E-01    0.000000000000000E+00
    6.700000000000000E+00    7.250000000000001E-01    0.000000000000000E+00
    6.800000000000001E+00    7.250000000000001E-01    0.000000000000000E+00
    6.900000000000000E+00    7.250000000000001E-01    0.000000000000000E+00
    7.000000000000000E+00    7.250000000000001E-01    0.000000000000000E+00
    7.100000000000001E+00    7.250000000000001E-01    0.000000000000000E+00
    7.200000000000000E+00    7.250000000000001E-01    0.000000000000000E+00
    7.300000000000001E+00    7.250000000000001E-01    0.000000000000000E+00
    7.400000000000000E+00    7.250000000000001E-01    0.000000000000000E+00
    7.500000000000000E+00    7.250000000000001E-01    0.000000000000000E+00
    7.600000000000001E+00    7.250000000000001E-01    0.000000000000000E+00
    7.700000000000000E+00    7.250000000000001E-01    0.000000000000000E+00
    7.800000000000001E+00    7.250000000000001E-01    0.000000000000000E+00
    7.900000000000000E+00    7.250000000000001E-01    0.000000000000000E+00
    8.000000000000000E+00    7.250000000000001E-01    0.000000000000000E+00
    0.000000000000000E+00    7.500000000000000E-01    0.000000000000000E+00
    1.000000000000000E-01    7.500000000000000E-01    0.000000000000000E+00
    2.000000000000000E-01    7.500000000000000E-01    0.000000000000000E+00
    3.000000000000000E-01    7.500000000000000E-01    0.000000000000000E+00
    4.000000000000000E-01    7.500000000000000E-01    0.000000000000000E+00
    5.000000000000000E-01    7.500000000000000E-01    0.000000000000000E+00
    6.000000000000001E-01    7.500000000000000E-01    0.000000000000000E+00
    7.000000000000001E-01    7.500000000000000E-01    0.000000000000000E+00
    8.000000000000000E-01    7.500000000000000E-01    0.000000000000000E+00
    9.000000000000000E-01    7.500000000000000E-01    0.000000000000000E+00
    1.000000000000000E+00    7.500000000000000E-01    0.000000000000000E+00
    1.100000000000000E+00    7.500000000000000E-01    0.000000000000000E+00
    1.200000000000000E+00    7.500000000000000E-01    0.000000000000000E+00
    1.300000000000000E+00    7.500000000000000E-01    0.000000000000000E+00
    1.400000000000000E+00    7.500000000000000E-01    0.000000000000000E+00
    1.500000000000000E+00    7.500000000000000E-01    0.000000000000000E+00
    1.600000000000000E+00    7.500000000000000E-01    0.000000000000000E+00
    1.700000000000000E+00    7.500000000000000E-01    0.000000000000000E+00
    1.800000000000000E+00    7.500000000000000E-01    0.000000000000000E+00
    1.900000000000000E+00    7.500000000000000E-01    0.000000000000000E+00
    2.000000000000000E+00    7.500000000000000E-01    0.000000000000000E+00
    2.100000000000000E+00    7.500000000000000E-01    0.000000000000000E+00
    2.200000000000000E+00    7.500000000000000E-01    0.000000000000000E+00
    2.300000000000000E+00    7.500000000000000E-01    0.000000000000000E+00
    2.400000000000000E+00    7.500000000000000E-01    0.000000000000000E+00
    2.500000000000000E+00    7.500000000000000E-01    0.000000000000000E+00
    2.600000000000000E+00    7.500000000000000E-01    0.000000000000000E+00
    2.700000000000000E+00    7.500000000000000E-01    0.000000000000000E+00
    2.800000000000000E+00    7.500000000000000E-01    0.000000000000000E+00
    2.900000000000000E+00    7.500000000000000E-01    0.000000000000000E+00
    3.000000000000000E+00    7.500000000000000E-01    0.000000000000000E+00
    3.100000000000000E+00    7.500000000000000E-01    0.000000000000000E+00
    3.200000000000000E+00    7.500000000000000E-01    0.000000000000000E+00
    3.300000000000000E+00    7.500000000000000E-01    0.000000000000000E+00
    3.400000000000000E+00    7.500000000000000E-01    0.000000000000000E+00
    3.500000000000000E+00    7.500000000000000E-01    0.000000000000000E+00
    3.600000000000000E+00    7.500000000000000E-01    0.000000000000000E+00
    3.700000000000000E+00    7.500000000000000E-01    0.000000000000000E+00
    3.800000000000000E+00    7.500000000000000E-01    0.000000000000000E+00
    3.900000000000000E+00    7.500000000000000E-01    0.000000000000000E+00
    4.000000000000000E+00    7.500000000000000E-01    0.000000000000000E+00
    4.100000000000001E+00    7.500000000000000E-01    0.000000000000000E+00
    4.200000000000000E+00    7.500000000000000E-01    0.000000000000000E+00
    4.300000000000000E+00    7.500000000000000E-01    0.000000000000000E+00
    4.400000000000000E+00    7.500000000000000E-01    0.000000000000000E+00
    4.500000000000000E+00    7.500000000000000E-01    0.000000000000000E+00
    4.600000000000001E+00    7.500000000000000E-01    0.000000000000000E+00
    4.700000000000000E+00    7.500000000000000E-01    0.000000000000000E+00
    4.800000000000001E+00    7.500000000000000E-01    0.000000000000000E+00
    4.900000000000000E+00    7.500000000000000E-01    0.000000000000000E+00
    5.000000000000000E+00    7.500000000000000E-01    0.000000000000000E+00
    5.100000000000001E+00    7.500000000000000E-01    0.000000000000000E+00
    5.200000000000000E+00    7.500000000000000E-01    0.000000000000000E+00
    5.300000000000001E+00    7.500000000000000E-01    0.000000000000000E+00
    5.400000000000000E+00    7.500000000000000E-01    0.000000000000000E+00
    5.500000000000000E+00    7.500000000000000E-01    0.000000000000000E+00
    5.600000000000001E+00    7.500000000000000E-01    0.000000000000000E+00
    5.700000000000000E+00    7.500000000000000E-01    0.000000000000000E+00
    5.800000000000001E+00    7.500000000000000E-01    0.000000000000000E+00
    5.900000000000000E+00    7.500000000000000E-01    0.000000000000000E+00
    6.000000000000000E+00    7.500000000000000E-01    0.000000000000000E+00
    6.100000000000001E+00    7.500000000000000E-01    0.000000000000000E+00
    6.200000000000000E+00    7.500000000000000E-01    0.000000000000000E+00
    6.300000000000001E+00    7.500000000000000E-01    0.000000000000000E+00
    6.400000000000000E+00    7.500000000000000E-01    0.000000000000000E+00
    6.500000000000000E+00    7.500000000000000E-01    0.000000000000000E+00
    6.600000000000001E+00    7.500000000000000E-01    0.000000000000000E+00
    6.700000000000000E+00    7.500000000000000E-01    0.000000000000000E+00
    6.800000000000001E+00    7.500000000000000E-01    0.000000000000000E+00
    6.900000000000000E+00    7.500000000000000E-01    0.000000000000000E+00
    7.000000000000000E+00    7.500000000000000E-01    0.000000000000000E+00
    7.100000000000001E+00    7.500000000000000E-01    0.000000000000000E+00
    7.200000000000000E+00    7.500000000000000E-01    0.000000000000000E+00
    7.300000000000001E+00    7.500000000000000E-01    0.000000000000000E+00
    7.400000000000000E+00    7.500000000000000E-01    0.000000000000000E+00
    7.500000000000000E+00    7.500000000000000E-01    0.000000000000000E+00
    7.600000000000001E+00    7.500000000000000E-01    0.000000000000000E+00
    7.700000000000000E+00    7.500000000000000E-01    0.000000000000000E+00
    7.800000000000001E+00    7.500000000000000E-01    0.000000000000000E+00
    7.900000000000000E+00    7.500000000000000E-01    0.000000000000000E+00
    8.000000000000000E+00    7.500000000000000E-01    0.000000000000000E+00
    0.000000000000000E+00    7.750000000000000E-01    0.000000000000000E+00
    1.000000000000000E-01    7.750000000000000E-01    0.000000000000000E+00
    2.000000000000000E-01    7.750000000000000E-01    0.000000000000000E+00
    3.000000000000000E-01    7.750000000000000E-01    0.000000000000000E+00
    4.000000000000000E-01    7.750000000000000E-01    0.000000000000000E+00
    5.000000000000000E-01    7.750000000000000E-01    0.000000000000000E+00
    6.000000000000001E-01    7.750000000000000E-01    0.000000000000000E+00
    7.000000000000001E-01    7.750000000000000E-01    0.000000000000000E+00
    8.000000000000000E-01    7.750000000000000E-01    0.000000000000000E+00
    9.000000000000000E-01    7.750000000000000E-01    0.000000000000000E+00
    1.000000000000000E+00    7.750000000000000E-01    0.000000000000000E+00
    1.100000000000000E+00    7.750000000000000E-01    0.000000000000000E+00
    1.200000000000000E+00    7.750000000000000E-01    0.000000000000000E+00
    1.300000000000000E+00    7.750000000000000E-01    0.000000000000000E+00
    1.400000000000000E+00    7.750000000000000E-01    0.000000000000000E+00
    1.500000000000000E+00    7.750000000000000E-01    0.000000000000000E+00
    1.600000000000000E+00    7.750000000000000E-01    0.000000000000000E+00
    1.700000000000000E+00    7.750000000000000E-01    0.000000000000000E+00
    1.800000000000000E+00    7.750000000000000E-01    0.000000000000000E+00
    1.900000000000000E+00    7.750000000000000E-01    0.000000000000000E+00
    2.000000000000000E+00    7.750000000000000E-01    0.000000000000000E+00
    2.100000000000000E+00    7.750000000000000E-01    0.000000000000000E+00
    2.200000000000000E+00    7.750000000000000E-01    0.000000000000000E+00
    2.300000000000000E+00    7.750000000000000E-01    0.000000000000000E+00
    2.400000000000000E+00    7.750000000000000E-01    0.000000000000000E+00
    2.500000000000000E+00    7.750000000000000E-01    0.000000000000000E+00
    2.600000000000000E+00    7.750000000000000E-01    0.000000000000000E+00
    2.700000000000000E+00    7.750000000000000E-01    0.000000000000000E+00
    2.800000000000000E+00    7.750000000000000E-01    0.000000000000000E+00
    2.900000000000000E+00    7.750000000000000E-01    0.000000000000000E+00
    3.000000000000000E+00    7.750000000000000E-01    0.000000000000000E+00
    3.100000000000000E+00    7.750000000000000E-01    0.000000000000000E+00
    3.200000000000000E+00    7.750000000000000E-01    0.000000000000000E+00
    3.300000000000000E+00    7.750000000000000E-01    0.000000000000000E+00
    3.400000000000000E+00    7.750000000000000E-01    0.000000000000000E+00
    3.500000000000000E+00    7.750000000000000E-01    0.000000000000000E+00
    3.600000000000000E+00    7.750000000000000E-01    0.000000000000000E+00
    3.700000000000000E+00    7.750000000000000E-01    0.000000000000000E+00
    3.800000000000000E+00    7.750000000000000E-01    0.000000000000000E+00
    3.900000000000000E+00    7.750000000000000E-01    0.000000000000000E+00
    4.000000000000000E+00    7.750000000000000E-01    0.000000000000000E+00
    4.100000000000001E+00    7.750000000000000E-01    0.000000000000000E+00
    4.200000000000000E+00    7.750000000000000E-01    0.000000000000000E+00
    4.300000000000000E+00    7.750000000000000E-01    0.000000000000000E+00
    4.400000000000000E+00    7.750000000000000E-01    0.000000000000000E+00
    4.500000000000000E+00    7.750000000000000E-01    0.000000000000000E+00
    4.600000000000001E+00    7.750000000000000E-01    0.000000000000000E+00
    4.700000000000000E+00    7.750000000000000E-01    0.000000000000000E+00
    4.800000000000001E+00    7.750000000000000E-01    0.000000000000000E+00
    4.900000000000000E+00    7.750000000000000E-01    0.000000000000000E+00
    5.000000000000000E+00    7.750000000000000E-01    0.000000000000000E+00
    5.100000000000001E+00    7.750000000000000E-01    0.000000000000000E+00
    5.200000000000000E+00    7.750000000000000E-01    0.000000000000000E+00
    5.300000000000001E+00    7.750000000000000E-01    0.000000000000000E+00
    5.400000000000000E+00    7.750000000000000E-01    0.000000000000000E+00
    5.500000000000000E+00    7.750000000000000E-01    0.000000000000000E+00
    5.600000000000001E+00    7.750000000000000E-01    0.000000000000000E+00
    5.700000000000000E+00    7.750000000000000E-01    0.000000000000000E+00
    5.800000000000001E+00    7.750000000000000E-01    0.000000000000000E+00
    5.900000000000000E+00    7.750000000000000E-01    0.000000000000000E+00
    6.000000000000000E+00    7.750000000000000E-01    0.000000000000000E+00
    6.100000000000001E+00    7.750000000000000E-01    0.000000000000000E+00
    6.200000000000000E+00    7.750000000000000E-01    0.000000000000000E+00
    6.300000000000001E+00    7.750000000000000E-01    0.000000000000000E+00
    6.400000000000000E+00    7.750000000000000E-01    0.000000000000000E+00
    6.500000000000000E+00    7.750000000000000E-01    0.000000000000000E+00
    6.600000000000001E+00    7.750000000000000E-01    0.000000000000000E+00
    6.700000000000000E+00    7.750000000000000E-01    0.000000000000000E+00
    6.800000000000001E+00    7.750000000000000E-01    0.000000000000000E+00
    6.900000000000000E+00    7.750000000000000E-01    0.000000000000000E+00
    7.000000000000000E+00    7.750000000000000E-01    0.000000000000000E+00
    7.100000000000001E+00    7.750000000000000E-01    0.000000000000000E+00
    7.200000000000000E+00    7.750000000000000E-01    0.000000000000000E+00
    7.300000000000001E+00    7.750000000000000E-01    0.000000000000000E+00
    7.400000000000000E+00    7.750000000000000E-01    0.000000000000000E+00
    7.500000000000000E+00    7.750000000000000E-01    0.000000000000000E+00
    7.600000000000001E+00    7.750000000000000E-01    0.000000000000000E+00
    7.700000000000000E+00    7.750000000000000E-01    0.000000000000000E+00
    7.800000000000001E+00    7.750000000000000E-01    0.000000000000000E+00
    7.900000000000000E+00    7.750000000000000E-01    0.000000000000000E+00
    8.000000000000000E+00    7.750000000000000E-01    0.000000000000000E+00
    0.000000000000000E+00    8.000000000000000E-01    0.000000000000000E+00
    1.000000000000000E-01    8.000000000000000E-01    0.000000000000000E+00
    2.000000000000000E-01    8.000000000000000E-01    0.000000000000000E+00
    3.000000000000000E-01    8.000000000000000E-01    0.000000000000000E+00
    4.000000000000000E-01    8.000000000000000E-01    0.000000000000000E+00
    5.000000000000000E-01    8.000000000000000E-01    0.000000000000000E+00
    6.000000000000001E-01    8.000000000000000E-01    0.000000000000000E+00
    7.000000000000001E-01    8.000000000000000E-01    0.000000000000000E+00
    8.000000000000000E-01    8.000000000000000E-01    0.000000000000000E+00
    9.000000000000000E-01    8.000000000000000E-01    0.000000000000000E+00
    1.000000000000000E+00    8.000000000000000E-01    0.000000000000000E+00
    1.100000000000000E+00    8.000000000000000E-01    0.000000000000000E+00
    1.200000000000000E+00    8.000000000000000E-01    0.000000000000000E+00
    1.300000000000000E+00    8.000000000000000E-01    0.000000000000000E+00
    1.400000000000000E+00    8.000000000000000E-01    0.000000000000000E+00
    1.500000000000000E+00    8.000000000000000E-01    0.000000000000000E+00
    1.600000000000000E+00    8.000000000000000E-01    0.000000000000000E+00
    1.700000000000000E+00    8.000000000000000E-01    0.000000000000000E+00
    1.800000000000000E+00    8.000000000000000E-01    0.000000000000000E+00
    1.900000000000000E+00    8.000000000000000E-01    0.000000000000000E+00
    2.000000000000000E+00    8.000000000000000E-01    0.000000000000000E+00
    2.100000000000000E+00    8.000000000000000E-01    0.000000000000000E+00
    2.200000000000000E+00    8.000000000000000E-01    0.000000000000000E+00
    2.300000000000000E+00    8.000000000000000E-01    0.000000000000000E+00
    2.400000000000000E+00    8.000000000000000E-01    0.000000000000000E+00
    2.500000000000000E+00    8.000000000000000E-01    0.000000000000000E+00
    2.600000000000000E+00    8.000000000000000E-01    0.000000000000000E+00
    2.700000000000000E+00    8.000000000000000E-01    0.000000000000000E+00
    2.800000000000000E+00    8.000000000000000E-01    0.000000000000000E+00
    2.900000000000000E+00    8.000000000000000E-01    0.000000000000000E+00
    3.000000000000000E+00    8.000000000000000E-01    0.000000000000000E+00
    3.100000000000000E+00    8.000000000000000E-01    0.000000000000000E+00
    3.200000000000000E+00    8.000000000000000E-01    0.000000000000000E+00
    3.300000000000000E+00    8.000000000000000E-01    0.000000000000000E+00
    3.400000000000000E+00    8.000000000000000E-01    0.000000000000000E+00
    3.500000000000000E+00    8.000000000000000E-01    0.000000000000000E+00
    3.600000000000000E+00    8.000000000000000E-01    0.000000000000000E+00
    3.700000000000000E+00    8.000000000000000E-01    0.000000000000000E+00
    3.800000000000000E+00    8.000000000000000E-01    0.000000000000000E+00
    3.900000000000000E+00    8.000000000000000E-01    0.000000000000000E+00
    4.000000000000000E+00    8.000000000000000E-01    0.000000000000000E+00
    4.100000000000001E+00    8.000000000000000E-01    0.000000000000000E+00
    4.200000000000000E+00    8.000000000000000E-01    0.000000000000000E+00
    4.300000000000000E+00    8.000000000000000E-01    0.000000000000000E+00
    4.400000000000000E+00    8.000000000000000E-01    0.000000000000000E+00
    4.500000000000000E+00    8.000000000000000E-01    0.000000000000000E+00
    4.600000000000001E+00    8.000000000000000E-01    0.000000000000000E+00
    4.700000000000000E+00    8.000000000000000E-01    0.000000000000000E+00
    4.800000000000001E+00    8.000000000000000E-01    0.000000000000000E+00
    4.900000000000000E+00    8.000000000000000E-01    0.000000000000000E+00
    5.000000000000000E+00    8.000000000000000E-01    0.000000000000000E+00
    5.100000000000001E+00    8.000000000000000E-01    0.000000000000000E+00
    5.200000000000000E+00    8.000000000000000E-01    0.000000000000000E+00
    5.300000000000001E+00    8.000000000000000E-01    0.000000000000000E+00
    5.400000000000000E+00    8.000000000000000E-01    0.000000000000000E+00
    5.500000000000000E+00    8.000000000000000E-01    0.000000000000000E+00
    5.600000000000001E+00    8.000000000000000E-01    0.000000000000000E+00
    5.700000000000000E+00    8.000000000000000E-01    0.000000000000000E+00
    5.800000000000001E+00    8.000000000000000E-01    0.000000000000000E+00
    5.900000000000000E+00    8.000000000000000E-01    0.000000000000000E+00
    6.000000000000000E+00    8.000000000000000E-01    0.000000000000000E+00
    6.100000000000001E+00    8.000000000000000E-01    0.000000000000000E+00
    6.200000000000000E+00    8.000000000000000E-01    0.000000000000000E+00
    6.300000000000001E+00    8.000000000000000E-01    0.000000000000000E+00
    6.400000000000000E+00    8.000000000000000E-01    0.000000000000000E+00
    6.500000000000000E+00    8.000000000000000E-01    0.000000000000000E+00
    6.600000000000001E+00    8.000000000000000E-01    0.000000000000000E+00
    6.700000000000000E+00    8.000000000000000E-01    0.000000000000000E+00
    6.800000000000001E+00    8.000000000000000E-01    0.000000000000000E+00
    6.900000000000000E+00    8.000000000000000E-01    0.000000000000000E+00
    7.000000000000000E+00    8.000000000000000E-01    0.000000000000000E+00
    7.100000000000001E+00    8.000000000000000E-01    0.000000000000000E+00
    7.200000000000000E+00    8.000000000000000E-01    0.000000000000000E+00
    7.300000000000001E+00    8.000000000000000E-01    0.000000000000000E+00
    7.400000000000000E+00    8.000000000000000E-01    0.000000000000000E+00
    7.500000000000000E+00    8.000000000000000E-01    0.000000000000000E+00
    7.600000000000001E+00    8.000000000000000E-01    0.000000000000000E+00
    7.700000000000000E+00    8.000000000000000E-01    0.000000000000000E+00
    7.800000000000001E+00    8.000000000000000E-01    0.000000000000000E+00
    7.900000000000000E+00    8.000000000000000E-01    0.000000000000000E+00
    8.000000000000000E+00    8.000000000000000E-01    0.000000000000000E+00
    0.000000000000000E+00    8.250000000000001E-01    0.000000000000000E+00
    1.000000000000000E-01    8.250000000000001E-01    0.000000000000000E+00
    2.000000000000000E-01    8.250000000000001E-01    0.000000000000000E+00
    3.000000000000000E-01    8.250000000000001E-01    0.000000000000000E+00
    4.000000000000000E-01    8.250000000000001E-01    0.000000000000000E+00
    5.000000000000000E-01    8.250000000000001E-01    0.000000000000000E+00
    6.000000000000001E-01    8.250000000000001E-01    0.000000000000000E+00
    7.000000000000001E-01    8.250000000000001E-01    0.000000000000000E+00
    8.000000000000000E-01    8.250000000000001E-01    0.000000000000000E+00
    9.000000000000000E-01    8.250000000000001E-01    0.000000000000000E+00
    1.000000000000000E+00    8.250000000000001E-01    0.000000000000000E+00
    1.100000000000000E+00    8.250000000000001E-01    0.000000000000000E+00
    1.200000000000000E+00    8.250000000000001E-01    0.000000000000000E+00
    1.300000000000000E+00    8.250000000000001E-01    0.000000000000000E+00
    1.400000000000000E+00    8.250000000000001E-01    0.000000000000000E+00
    1.500000000000000E+00    8.250000000000001E-01    0.000000000000000E+00
    1.600000000000000E+00    8.250000000000001E-01    0.000000000000000E+00
    1.700000000000000E+00    8.250000000000001E-01    0.000000000000000E+00
    1.800000000000000E+00    8.250000000000001E-01    0.000000000000000E+00
    1.900000000000000E+00    8.250000000000001E-01    0.000000000000000E+00
    2.000000000000000E+00    8.250000000000001E-01    0.000000000000000E+00
    2.100000000000000E+00    8.250000000000001E-01    0.000000000000000E+00
    2.200000000000000E+00    8.250000000000001E-01    0.000000000000000E+00
    2.300000000000000E+00    8.250000000000001E-01    0.000000000000000E+00
    2.400000000000000E+00    8.250000000000001E-01    0.000000000000000E+00
    2.500000000000000E+00    8.250000000000001E-01    0.000000000000000E+00
    2.600000000000000E+00    8.250000000000001E-01    0.000000000000000E+00
    2.700000000000000E+00    8.250000000000001E-01    0.000000000000000E+00
    2.800000000000000E+00    8.250000000000001E-01    0.000000000000000E+00
    2.900000000000000E+00    8.250000000000001E-01    0.000000000000000E+00
    3.000000000000000E+00    8.250000000000001E-01    0.000000000000000E+00
    3.100000000000000E+00    8.250000000000001E-01    0.000000000000000E+00
    3.200000000000000E+00    8.250000000000001E-01    0.000000000000000E+00
    3.300000000000000E+00    8.250000000000001E-01    0.000000000000000E+00
    3.400000000000000E+00    8.250000000000001E-01    0.000000000000000E+00
    3.500000000000000E+00    8.250000000000001E-01    0.000000000000000E+00
    3.600000000000000E+00    8.250000000000001E-01    0.000000000000000E+00
    3.700000000000000E+00    8.250000000000001E-01    0.000000000000000E+00
    3.800000000000000E+00    8.250000000000001E-01    0.000000000000000E+00
    3.900000000000000E+00    8.250000000000001E-01    0.000000000000000E+00
    4.000000000000000E+00    8.250000000000001E-01    0.000000000000000E+00
    4.100000000000001E+00    8.250000000000001E-01    0.000000000000000E+00
    4.200000000000000E+00    8.250000000000001E-01    0.000000000000000E+00
    4.300000000000000E+00    8.250000000000001E-01    0.000000000000000E+00
    4.400000000000000E+00    8.250000000000001E-01    0.000000000000000E+00
    4.500000000000000E+00    8.250000000000001E-01    0.000000000000000E+00
    4.600000000000001E+00    8.250000000000001E-01    0.000000000000000E+00
    4.700000000000000E+00    8.250000000000001E-01    0.000000000000000E+00
    4.800000000000001E+00    8.250000000000001E-01    0.000000000000000E+00
    4.900000000000000E+00    8.250000000000001E-01    0.000000000000000E+00
    5.000000000000000E+00    8.250000000000001E-01    0.000000000000000E+00
    5.100000000000001E+00    8.250000000000001E-01    0.000000000000000E+00
    5.200000000000000E+00    8.250000000000001E-01    0.000000000000000E+00
    5.300000000000001E+00    8.250000000000001E-01    0.000000000000000E+00
    5.400000000000000E+00    8.250000000000001E-01    0.000000000000000E+00
    5.500000000000000E+00    8.250000000000001E-01    0.000000000000000E+00
    5.600000000000001E+00    8.250000000000001E-01    0.000000000000000E+00
    5.700000000000000E+00    8.250000000000001E-01    0.000000000000000E+00
    5.800000000000001E+00    8.250000000000001E-01    0.000000000000000E+00
    5.900000000000000E+00    8.250000000000001E-01    0.000000000000000E+00
    6.000000000000000E+00    8.250000000000001E-01    0.000000000000000E+00
    6.100000000000001E+00    8.250000000000001E-01    0.000000000000000E+00
    6.200000000000000E+00    8.250000000000001E-01    0.000000000000000E+00
    6.300000000000001E+00    8.250000000000001E-01    0.000000000000000E+00
    6.400000000000000E+00    8.250000000000001E-01    0.000000000000000E+00
    6.500000000000000E+00    8.250000000000001E-01    0.000000000000000E+00
    6.600000000000001E+00    8.250000000000001E-01    0.000000000000000E+00
    6.700000000000000E+00    8.250000000000001E-01    0.000000000000000E+00
    6.800000000000001E+00    8.250000000000001E-01    0.000000000000000E+00
    6.900000000000000E+00    8.250000000000001E-01    0.000000000000000E+00
    7.000000000000000E+00    8.250000000000001E-01    0.000000000000000E+00
    7.100000000000001E+00    8.250000000000001E-01    0.000000000000000E+00
    7.200000000000000E+00    8.250000000000001E-01    0.000000000000000E+00
    7.300000000000001E+00    8.250000000000001E-01    0.000000000000000E+00
    7.400000000000000E+00    8.250000000000001E-01    0.000000000000000E+00
    7.500000000000000E+00    8.250000000000001E-01    0.000000000000000E+00
    7.600000000000001E+00    8.250000000000001E-01    0.000000000000000E+00
    7.700000000000000E+00    8.250000000000001E-01    0.000000000000000E+00
    7.800000000000001E+00    8.250000000000001E-01    0.000000000000000E+00
    7.900000000000000E+00    8.250000000000001E-01    0.000000000000000E+00
    8.000000000000000E+00    8.250000000000001E-01    0.000000000000000E+00
    0.000000000000000E+00    8.500000000000001E-01    0.000000000000000E+00
    1.000000000000000E-01    8.500000000000001E-01    0.000000000000000E+00
    2.000000000000000E-01    8.500000000000001E-01    0.000000000000000E+00
    3.000000000000000E-01    8.500000000000001E-01    0.000000000000000E+00
    4.000000000000000E-01    8.500000000000001E-01    0.000000000000000E+00
    5.000000000000000E-01    8.500000000000001E-01    0.000000000000000E+00
    6.000000000000001E-01    8.500000000000001E-01    0.000000000000000E+00
    7.000000000000001E-01    8.500000000000001E-01    0.000000000000000E+00
    8.000000000000000E-01    8.500000000000001E-01    0.000000000000000E+00
    9.000000000000000E-01    8.500000000000001E-01    0.000000000000000E+00
    1.000000000000000E+00    8.500000000000001E-01    0.000000000000000E+00
    1.100000000000000E+00    8.500000000000001E-01    0.000000000000000E+00
    1.200000000000000E+00    8.500000000000001E-01    0.000000000000000E+00
    1.300000000000000E+00    8.500000000000001E-01    0.000000000000000E+00
    1.400000000000000E+00    8.500000000000001E-01    0.000000000000000E+00
    1.500000000000000E+00    8.500000000000001E-01    0.000000000000000E+00
    1.600000000000000E+00    8.500000000000001E-01    0.000000000000000E+00
    1.700000000000000E+00    8.500000000000001E-01    0.000000000000000E+00
    1.800000000000000E+00    8.500000000000001E-01    0.000000000000000E+00
    1.900000000000000E+00    8.500000000000001E-01    0.000000000000000E+00
    2.000000000000000E+00    8.500000000000001E-01    0.000000000000000E+00
    2.100000000000000E+00    8.500000000000001E-01    0.000000000000000E+00
    2.200000000000000E+00    8.500000000000001E-01    0.000000000000000E+00
    2.300000000000000E+00    8.500000000000001E-01    0.000000000000000E+00
    2.400000000000000E+00    8.500000000000001E-01    0.000000000000000E+00
    2.500000000000000E+00    8.500000000000001E-01    0.000000000000000E+00
    2.600000000000000E+00    8.500000000000001E-01    0.000000000000000E+00
    2.700000000000000E+00    8.500000000000001E-01    0.000000000000000E+00
    2.800000000000000E+00    8.500000000000001E-01    0.000000000000000E+00
    2.900000000000000E+00    8.500000000000001E-01    0.000000000000000E+00
    3.000000000000000E+00    8.500000000000001E-01    0.000000000000000E+00
    3.100000000000000E+00    8.500000000000001E-01    0.000000000000000E+00
    3.200000000000000E+00    8.500000000000001E-01    0.000000000000000E+00
    3.300000000000000E+00    8.500000000000001E-01    0.000000000000000E+00
    3.400000000000000E+00    8.500000000000001E-01    0.000000000000000E+00
    3.500000000000000E+00    8.500000000000001E-01    0.000000000000000E+00
    3.600000000000000E+00    8.500000000000001E-01    0.000000000000000E+00
    3.700000000000000E+00    8.500000000000001E-01    0.000000000000000E+00
    3.800000000000000E+00    8.500000000000001E-01    0.000000000000000E+00
    3.900000000000000E+00    8.500000000000001E-01    0.000000000000000E+00
    4.000000000000000E+00    8.500000000000001E-01    0.000000000000000E+00
    4.100000000000001E+00    8.500000000000001E-01    0.000000000000000E+00
    4.200000000000000E+00    8.500000000000001E-01    0.000000000000000E+00
    4.300000000000000E+00    8.500000000000001E-01    0.000000000000000E+00
    4.400000000000000E+00    8.500000000000001E-01    0.000000000000000E+00
    4.500000000000000E+00    8.500000000000001E-01    0.000000000000000E+00
    4.600000000000001E+00    8.500000000000001E-01    0.000000000000000E+00
    4.700000000000000E+00    8.500000000000001E-01    0.000000000000000E+00
    4.800000000000001E+00    8.500000000000001E-01    0.000000000000000E+00
    4.900000000000000E+00    8.500000000000001E-01    0.000000000000000E+00
    5.000000000000000E+00    8.500000000000001E-01    0.000000000000000E+00
    5.100000000000001E+00    8.500000000000001E-01    0.000000000000000E+00
    5.200000000000000E+00    8.500000000000001E-01    0.000000000000000E+00
    5.300000000000001E+00    8.500000000000001E-01    0.000000000000000E+00
    5.400000000000000E+00    8.500000000000001E-01    0.000000000000000E+00
    5.500000000000000E+00    8.500000000000001E-01    0.000000000000000E+00
    5.600000000000001E+00    8.500000000000001E-01    0.000000000000000E+00
    5.700000000000000E+00    8.500000000000001E-01    0.000000000000000E+00
    5.800000000000001E+00    8.500000000000001E-01    0.000000000000000E+00
    5.900000000000000E+00    8.500000000000001E-01    0.000000000000000E+00
    6.000000000000000E+00    8.500000000000001E-01    0.000000000000000E+00
    6.100000000000001E+00    8.500000000000001E-01    0.000000000000000E+00
    6.200000000000000E+00    8.500000000000001E-01    0.000000000000000E+00
    6.300000000000001E+00    8.500000000000001E-01    0.000000000000000E+00
    6.400000000000000E+00    8.500000000000001E-01    0.000000000000000E+00
    6.500000000000000E+00    8.500000000000001E-01    0.000000000000000E+00
    6.600000000000001E+00    8.500000000000001E-01    0.000000000000000E+00
    6.700000000000000E+00    8.500000000000001E-01    0.000000000000000E+00
    6.800000000000001E+00    8.500000000000001E-01    0.000000000000000E+00
    6.900000000000000E+00    8.500000000000001E-01    0.000000000000000E+00
    7.000000000000000E+00    8.500000000000001E-01    0.000000000000000E+00
    7.100000000000001E+00    8.500000000000001E-01    0.000000000000000E+00
    7.200000000000000E+00    8.500000000000001E-01    0.000000000000000E+00
    7.300000000000001E+00    8.500000000000001E-01    0.000000000000000E+00
    7.400000000000000E+00    8.500000000000001E-01    0.000000000000000E+00
    7.500000000000000E+00    8.500000000000001E-01    0.000000000000000E+00
    7.600000000000001E+00    8.500000000000001E-01    0.000000000000000E+00
    7.700000000000000E+00    8.500000000000001E-01    0.000000000000000E+00
    7.800000000000001E+00    8.500000000000001E-01    0.000000000000000E+00
    7.900000000000000E+00    8.500000000000001E-01    0.000000000000000E+00
    8.000000000000000E+00    8.500000000000001E-01    0.000000000000000E+00
    0.000000000000000E+00    8.750000000000000E-01    0.000000000000000E+00
    1.000000000000000E-01    8.750000000000000E-01    0.000000000000000E+00
    2.000000000000000E-01    8.750000000000000E-01    0.000000000000000E+00
    3.000000000000000E-01    8.750000000000000E-01    0.000000000000000E+00
    4.000000000000000E-01    8.750000000000000E-01    0.000000000000000E+00
    5.000000000000000E-01    8.750000000000000E-01    0.000000000000000E+00
    6.000000000000001E-01    8.750000000000000E-01    0.000000000000000E+00
    7.000000000000001E-01    8.750000000000000E-01    0.000000000000000E+00
    8.000000000000000E-01    8.750000000000000E-01    0.000000000000000E+00
    9.000000000000000E-01    8.750000000000000E-01    0.000000000000000E+00
    1.000000000000000E+00    8.750000000000000E-01    0.000000000000000E+00
    1.100000000000000E+00    8.750000000000000E-01    0.000000000000000E+00
    1.200000000000000E+00    8.750000000000000E-01    0.000000000000000E+00
    1.300000000000000E+00    8.750000000000000E-01    0.000000000000000E+00
    1.400000000000000E+00    8.750000000000000E-01    0.000000000000000E+00
    1.500000000000000E+00    8.750000000000000E-01    0.000000000000000E+00
    1.600000000000000E+00    8.750000000000000E-01    0.000000000000000E+00
    1.700000000000000E+00    8.750000000000000E-01    0.000000000000000E+00
    1.800000000000000E+00    8.750000000000000E-01    0.000000000000000E+00
    1.900000000000000E+00    8.750000000000000E-01    0.000000000000000E+00
    2.000000000000000E+00    8.750000000000000E-01    0.000000000000000E+00
    2.100000000000000E+00    8.750000000000000E-01    0.000000000000000E+00
    2.200000000000000E+00    8.750000000000000E-01    0.000000000000000E+00
    2.300000000000000E+00    8.750000000000000E-01    0.000000000000000E+00
    2.400000000000000E+00    8.750000000000000E-01    0.000000000000000E+00
    2.500000000000000E+00    8.750000000000000E-01    0.000000000000000E+00
    2.600000000000000E+00    8.750000000000000E-01    0.000000000000000E+00
    2.700000000000000E+00    8.750000000000000E-01    0.000000000000000E+00
    2.800000000000000E+00    8.750000000000000E-01    0.000000000000000E+00
    2.900000000000000E+00    8.750000000000000E-01    0.000000000000000E+00
    3.000000000000000E+00    8.750000000000000E-01    0.000000000000000E+00
    3.100000000000000E+00    8.750000000000000E-01    0.000000000000000E+00
    3.200000000000000E+00    8.750000000000000E-01    0.000000000000000E+00
    3.300000000000000E+00    8.750000000000000E-01    0.000000000000000E+00
    3.400000000000000E+00    8.750000000000000E-01    0.000000000000000E+00
    3.500000000000000E+00    8.750000000000000E-01    0.000000000000000E+00
    3.600000000000000E+00    8.750000000000000E-01    0.000000000000000E+00
    3.700000000000000E+00    8.750000000000000E-01    0.000000000000000E+00
    3.800000000000000E+00    8.750000000000000E-01    0.000000000000000E+00
    3.900000000000000E+00    8.750000000000000E-01    0.000000000000000E+00
    4.000000000000000E+00    8.750000000000000E-01    0.000000000000000E+00
    4.100000000000001E+00    8.750000000000000E-01    0.000000000000000E+00
    4.200000000000000E+00    8.750000000000000E-01    0.000000000000000E+00
    4.300000000000000E+00    8.750000000000000E-01    0.000000000000000E+00
    4.400000000000000E+00    8.750000000000000E-01    0.000000000000000E+00
    4.500000000000000E+00    8.750000000000000E-01    0.000000000000000E+00
    4.600000000000001E+00    8.750000000000000E-01    0.000000000000000E+00
    4.700000000000000E+00    8.750000000000000E-01    0.000000000000000E+00
    4.800000000000001E+00    8.750000000000000E-01    0.000000000000000E+00
    4.900000000000000E+00    8.750000000000000E-01    0.000000000000000E+00
    5.000000000000000E+00    8.750000000000000E-01    0.000000000000000E+00
    5.100000000000001E+00    8.750000000000000E-01    0.000000000000000E+00
    5.200000000000000E+00    8.750000000000000E-01    0.000000000000000E+00
    5.300000000000001E+00    8.750000000000000E-01    0.000000000000000E+00
    5.400000000000000E+00    8.750000000000000E-01    0.000000000000000E+00
    5.500000000000000E+00    8.750000000000000E-01    0.000000000000000E+00
    5.600000000000001E+00    8.750000000000000E-01    0.000000000000000E+00
    5.700000000000000E+00    8.750000000000000E-01    0.000000000000000E+00
    5.800000000000001E+00    8.750000000000000E-01    0.000000000000000E+00
    5.900000000000000E+00    8.750000000000000E-01    0.000000000000000E+00
    6.000000000000000E+00    8.750000000000000E-01    0.000000000000000E+00
    6.100000000000001E+00    8.750000000000000E-01    0.000000000000000E+00
    6.200000000000000E+00    8.750000000000000E-01    0.000000000000000E+00
    6.300000000000001E+00    8.750000000000000E-01    0.000000000000000E+00
    6.400000000000000E+00    8.750000000000000E-01    0.000000000000000E+00
    6.500000000000000E+00    8.750000000000000E-01    0.000000000000000E+00
    6.600000000000001E+00    8.750000000000000E-01    0.000000000000000E+00
    6.700000000000000E+00    8.750000000000000E-01    0.000000000000000E+00
    6.800000000000001E+00    8.750000000000000E-01    0.000000000000000E+00
    6.900000000000000E+00    8.750000000000000E-01    0.000000000000000E+00
    7.000000000000000E+00    8.750000000000000E-01    0.000000000000000E+00
    7.100000000000001E+00    8.750000000000000E-01    0.000000000000000E+00
    7.200000000000000E+00    8.750000000000000E-01    0.000000000000000E+00
    7.300000000000001E+00    8.750000000000000E-01    0.000000000000000E+00
    7.400000000000000E+00    8.750000000000000E-01    0.000000000000000E+00
    7.500000000000000E+00    8.750000000000000E-01    0.000000000000000E+00
    7.600000000000001E+00    8.750000000000000E-01    0.000000000000000E+00
    7.700000000000000E+00    8.750000000000000E-01    0.000000000000000E+00
    7.800000000000001E+00    8.750000000000000E-01    0.000000000000000E+00
    7.900000000000000E+00    8.750000000000000E-01    0.000000000000000E+00
    8.000000000000000E+00    8.750000000000000E-01    0.000000000000000E+00
    0.000000000000000E+00    9.000000000000000E-01    0.000000000000000E+00
    1.000000000000000E-01    9.000000000000000E-01    0.000000000000000E+00
    2.000000000000000E-01    9.000000000000000E-01    0.000000000000000E+00
    3.000000000000000E-01    9.000000000000000E-01    0.000000000000000E+00
    4.000000000000000E-01    9.000000000000000E-01    0.000000000000000E+00
    5.000000000000000E-01    9.000000000000000E-01    0.000000000000000E+00
    6.000000000000001E-01    9.000000000000000E-01    0.000000000000000E+00
    7.000000000000001E-01    9.000000000000000E-01    0.000000000000000E+00
    8.000000000000000E-01    9.000000000000000E-01    0.000000000000000E+00
    9.000000000000000E-01    9.000000000000000E-01    0.000000000000000E+00
    1.000000000000000E+00    9.000000000000000E-01    0.000000000000000E+00
    1.100000000000000E+00    9.000000000000000E-01    0.000000000000000E+00
    1.200000000000000E+00    9.000000000000000E-01    0.000000000000000E+00
    1.300000000000000E+00    9.000000000000000E-01    0.000000000000000E+00
    1.400000000000000E+00    9.000000000000000E-01    0.000000000000000E+00
    1.500000000000000E+00    9.000000000000000E-01    0.000000000000000E+00
    1.600000000000000E+00    9.000000000000000E-01    0.000000000000000E+00
    1.700000000000000E+00    9.000000000000000E-01    0.000000000000000E+00
    1.800000000000000E+00    9.000000000000000E-01    0.000000000000000E+00
    1.900000000000000E+00    9.000000000000000E-01    0.000000000000000E+00
    2.000000000000000E+00    9.000000000000000E-01    0.000000000000000E+00
    2.100000000000000E+00    9.000000000000000E-01    0.000000000000000E+00
    2.200000000000000E+00    9.000000000000000E-01    0.000000000000000E+00
    2.300000000000000E+00    9.000000000000000E-01    0.000000000000000E+00
    2.400000000000000E+00    9.000000000000000E-01    0.000000000000000E+00
    2.500000000000000E+00    9.000000000000000E-01    0.000000000000000E+00
    2.600000000000000E+00    9.000000000000000E-01    0.000000000000000E+00
    2.700000000000000E+00    9.000000000000000E-01    0.000000000000000E+00
    2.800000000000000E+00    9.000000000000000E-01    0.000000000000000E+00
    2.900000000000000E+00    9.000000000000000E-01    0.000000000000000E+00
    3.000000000000000E+00    9.000000000000000E-01    0.000000000000000E+00
    3.100000000000000E+00    9.000000000000000E-01    0.000000000000000E+00
    3.200000000000000E+00    9.000000000000000E-01    0.000000000000000E+00
    3.300000000000000E+00    9.000000000000000E-01    0.000000000000000E+00
    3.400000000000000E+00    9.000000000000000E-01    0.000000000000000E+00
    3.500000000000000E+00    9.000000000000000E-01    0.000000000000000E+00
    3.600000000000000E+00    9.000000000000000E-01    0.000000000000000E+00
    3.700000000000000E+00    9.000000000000000E-01    0.000000000000000E+00
    3.800000000000000E+00    9.000000000000000E-01    0.000000000000000E+00
    3.900000000000000E+00    9.000000000000000E-01    0.000000000000000E+00
    4.000000000000000E+00    9.000000000000000E-01    0.000000000000000E+00
    4.100000000000001E+00    9.000000000000000E-01    0.000000000000000E+00
    4.200000000000000E+00    9.000000000000000E-01    0.000000000000000E+00
    4.300000000000000E+00    9.000000000000000E-01    0.000000000000000E+00
    4.400000000000000E+00    9.000000000000000E-01    0.000000000000000E+00
    4.500000000000000E+00    9.000000000000000E-01    0.000000000000000E+00
    4.600000000000001E+00    9.000000000000000E-01    0.000000000000000E+00
    4.700000000000000E+00    9.000000000000000E-01    0.000000000000000E+00
    4.800000000000001E+00    9.000000000000000E-01    0.000000000000000E+00
    4.900000000000000E+00    9.000000000000000E-01    0.000000000000000E+00
    5.000000000000000E+00    9.000000000000000E-01    0.000000000000000E+00
    5.100000000000001E+00    9.000000000000000E-01    0.000000000000000E+00
    5.200000000000000E+00    9.000000000000000E-01    0.000000000000000E+00
    5.300000000000001E+00    9.000000000000000E-01    0.000000000000000E+00
    5.400000000000000E+00    9.000000000000000E-01    0.000000000000000E+00
    5.500000000000000E+00    9.000000000000000E-01    0.000000000000000E+00
    5.600000000000001E+00    9.000000000000000E-01    0.000000000000000E+00
    5.700000000000000E+00    9.000000000000000E-01    0.000000000000000E+00
    5.800000000000001E+00    9.000000000000000E-01    0.000000000000000E+00
    5.900000000000000E+00    9.000000000000000E-01    0.000000000000000E+00
    6.000000000000000E+00    9.000000000000000E-01    0.000000000000000E+00
    6.100000000000001E+00    9.000000000000000E-01    0.000000000000000E+00
    6.200000000000000E+00    9.000000000000000E-01    0.000000000000000E+00
    6.300000000000001E+00    9.000000000000000E-01    0.000000000000000E+00
    6.400000000000000E+00    9.000000000000000E-01    0.000000000000000E+00
    6.500000000000000E+00    9.000000000000000E-01    0.000000000000000E+00
    6.600000000000001E+00    9.000000000000000E-01    0.000000000000000E+00
    6.700000000000000E+00    9.000000000000000E-01    0.000000000000000E+00
    6.800000000000001E+00    9.000000000000000E-01    0.000000000000000E+00
    6.900000000000000E+00    9.000000000000000E-01    0.000000000000000E+00
    7.000000000000000E+00    9.000000000000000E-01    0.000000000000000E+00
    7.100000000000001E+00    9.000000000000000E-01    0.000000000000000E+00
    7.200000000000000E+00    9.000000000000000E-01    0.000000000000000E+00
    7.300000000000001E+00    9.000000000000000E-01    0.000000000000000E+00
    7.400000000000000E+00    9.000000000000000E-01    0.000000000000000E+00
    7.500000000000000E+00    9.000000000000000E-01    0.000000000000000E+00
    7.600000000000001E+00    9.000000000000000E-01    0.000000000000000E+00
    7.700000000000000E+00    9.000000000000000E-01    0.000000000000000E+00
    7.800000000000001E+00    9.000000000000000E-01    0.000000000000000E+00
    7.900000000000000E+00    9.000000000000000E-01    0.000000000000000E+00
    8.000000000000000E+00    9.000000000000000E-01    0.000000000000000E+00
    0.000000000000000E+00    9.250000000000000E-01    0.000000000000000E+00
    1.000000000000000E-01    9.250000000000000E-01    0.000000000000000E+00
    2.000000000000000E-01    9.250000000000000E-01    0.000000000000000E+00
    3.000000000000000E-01    9.250000000000000E-01    0.000000000000000E+00
    4.000000000000000E-01    9.250000000000000E-01    0.000000000000000E+00
    5.000000000000000E-01    9.250000000000000E-01    0.000000000000000E+00
    6.000000000000001E-01    9.250000000000000E-01    0.000000000000000E+00
    7.000000000000001E-01    9.250000000000000E-01    0.000000000000000E+00
    8.000000000000000E-01    9.250000000000000E-01    0.000000000000000E+00
    9.000000000000000E-01    9.250000000000000E-01    0.000000000000000E+00
    1.000000000000000E+00    9.250000000000000E-01    0.000000000000000E+00
    1.100000000000000E+00    9.250000000000000E-01    0.000000000000000E+00
    1.200000000000000E+00    9.250000000000000E-01    0.000000000000000E+00
    1.300000000000000E+00    9.250000000000000E-01    0.000000000000000E+00
    1.400000000000000E+00    9.250000000000000E-01    0.000000000000000E+00
    1.500000000000000E+00    9.250000000000000E-01    0.000000000000000E+00
    1.600000000000000E+00    9.250000000000000E-01    0.000000000000000E+00
    1.700000000000000E+00    9.250000000000000E-01    0.000000000000000E+00
    1.800000000000000E+00    9.250000000000000E-01    0.000000000000000E+00
    1.900000000000000E+00    9.250000000000000E-01    0.000000000000000E+00
    2.000000000000000E+00    9.250000000000000E-01    0.000000000000000E+00
    2.100000000000000E+00    9.250000000000000E-01    0.000000000000000E+00
    2.200000000000000E+00    9.250000000000000E-01    0.000000000000000E+00
    2.300000000000000E+00    9.250000000000000E-01    0.000000000000000E+00
    2.400000000000000E+00    9.250000000000000E-01    0.000000000000000E+00
    2.500000000000000E+00    9.250000000000000E-01    0.000000000000000E+00
    2.600000000000000E+00    9.250000000000000E-01    0.000000000000000E+00
    2.700000000000000E+00    9.250000000000000E-01    0.000000000000000E+00
    2.800000000000000E+00    9.250000000000000E-01    0.000000000000000E+00
    2.900000000000000E+00    9.250000000000000E-01    0.000000000000000E+00
    3.000000000000000E+00    9.250000000000000E-01    0.000000000000000E+00
    3.100000000000000E+00    9.250000000000000E-01    0.000000000000000E+00
    3.200000000000000E+00    9.250000000000000E-01    0.000000000000000E+00
    3.300000000000000E+00    9.250000000000000E-01    0.000000000000000E+00
    3.400000000000000E+00    9.250000000000000E-01    0.000000000000000E+00
    3.500000000000000E+00    9.250000000000000E-01    0.000000000000000E+00
    3.600000000000000E+00    9.250000000000000E-01    0.000000000000000E+00
    3.700000000000000E+00    9.250000000000000E-01    0.000000000000000E+00
    3.800000000000000E+00    9.250000000000000E-01    0.000000000000000E+00
    3.900000000000000E+00    9.250000000000000E-01    0.000000000000000E+00
    4.000000000000000E+00    9.250000000000000E-01    0.000000000000000E+00
    4.100000000000001E+00    9.250000000000000E-01    0.000000000000000E+00
    4.200000000000000E+00    9.250000000000000E-01    0.000000000000000E+00
    4.300000000000000E+00    9.250000000000000E-01    0.000000000000000E+00
    4.400000000000000E+00    9.250000000000000E-01    0.000000000000000E+00
    4.500000000000000E+00    9.250000000000000E-01    0.000000000000000E+00
    4.600000000000001E+00    9.250000000000000E-01    0.000000000000000E+00
    4.700000000000000E+00    9.250000000000000E-01    0.000000000000000E+00
    4.800000000000001E+00    9.250000000000000E-01    0.000000000000000E+00
    4.900000000000000E+00    9.250000000000000E-01    0.000000000000000E+00
    5.000000000000000E+00    9.250000000000000E-01    0.000000000000000E+00
    5.100000000000001E+00    9.250000000000000E-01    0.000000000000000E+00
    5.200000000000000E+00    9.250000000000000E-01    0.000000000000000E+00
    5.300000000000001E+00    9.250000000000000E-01    0.000000000000000E+00
    5.400000000000000E+00    9.250000000000000E-01    0.000000000000000E+00
    5.500000000000000E+00    9.250000000000000E-01    0.000000000000000E+00
    5.600000000000001E+00    9.250000000000000E-01    0.000000000000000E+00
    5.700000000000000E+00    9.250000000000000E-01    0.000000000000000E+00
    5.800000000000001E+00    9.250000000000000E-01    0.000000000000000E+00
    5.900000000000000E+00    9.250000000000000E-01    0.000000000000000E+00
    6.000000000000000E+00    9.250000000000000E-01    0.000000000000000E+00
    6.100000000000001E+00    9.250000000000000E-01    0.000000000000000E+00
    6.200000000000000E+00    9.250000000000000E-01    0.000000000000000E+00
    6.300000000000001E+00    9.250000000000000E-01    0.000000000000000E+00
    6.400000000000000E+00    9.250000000000000E-01    0.000000000000000E+00
    6.500000000000000E+00    9.250000000000000E-01    0.000000000000000E+00
    6.600000000000001E+00    9.250000000000000E-01    0.000000000000000E+00
    6.700000000000000E+00    9.250000000000000E-01    0.000000000000000E+00
    6.800000000000001E+00    9.250000000000000E-01    0.000000000000000E+00
    6.900000000000000E+00    9.250000000000000E-01    0.000000000000000E+00
    7.000000000000000E+00    9.250000000000000E-01    0.000000000000000E+00
    7.100000000000001E+00    9.250000000000000E-01    0.000000000000000E+00
    7.200000000000000E+00    9.250000000000000E-01    0.000000000000000E+00
    7.300000000000001E+00    9.250000000000000E-01    0.000000000000000E+00
    7.400000000000000E+00    9.250000000000000E-01    0.000000000000000E+00
    7.500000000000000E+00    9.250000000000000E-01    0.000000000000000E+00
    7.600000000000001E+00    9.250000000000000E-01    0.000000000000000E+00
    7.700000000000000E+00    9.250000000000000E-01    0.000000000000000E+00
    7.800000000000001E+00    9.250000000000000E-01    0.000000000000000E+00
    7.900000000000000E+00    9.250000000000000E-01    0.000000000000000E+00
    8.000000000000000E+00    9.250000000000000E-01    0.000000000000000E+00
    0.000000000000000E+00    9.500000000000001E-01    0.000000000000000E+00
    1.000000000000000E-01    9.500000000000001E-01    0.000000000000000E+00
    2.000000000000000E-01    9.500000000000001E-01    0.000000000000000E+00
    3.000000000000000E-01    9.500000000000001E-01    0.000000000000000E+00
    4.000000000000000E-01    9.500000000000001E-01    0.000000000000000E+00
    5.000000000000000E-01    9.500000000000001E-01    0.000000000000000E+00
    6.000000000000001E-01    9.500000000000001E-01    0.000000000000000E+00
    7.000000000000001E-01    9.500000000000001E-01    0.000000000000000E+00
    8.000000000000000E-01    9.500000000000001E-01    0.000000000000000E+00
    9.000000000000000E-01    9.500000000000001E-01    0.000000000000000E+00
    1.000000000000000E+00    9.500000000000001E-01    0.000000000000000E+00
    1.100000000000000E+00    9.500000000000001E-01    0.000000000000000E+00
    1.200000000000000E+00    9.500000000000001E-01    0.000000000000000E+00
    1.300000000000000E+00    9.500000000000001E-01    0.000000000000000E+00
    1.400000000000000E+00    9.500000000000001E-01    0.000000000000000E+00
    1.500000000000000E+00    9.500000000000001E-01    0.000000000000000E+00
    1.600000000000000E+00    9.500000000000001E-01    0.000000000000000E+00
    1.700000000000000E+00    9.500000000000001E-01    0.000000000000000E+00
    1.800000000000000E+00    9.500000000000001E-01    0.000000000000000E+00
    1.900000000000000E+00    9.500000000000001E-01    0.000000000000000E+00
    2.000000000000000E+00    9.500000000000001E-01    0.000000000000000E+00
    2.100000000000000E+00    9.500000000000001E-01    0.000000000000000E+00
    2.200000000000000E+00    9.500000000000001E-01    0.000000000000000E+00
    2.300000000000000E+00    9.500000000000001E-01    0.000000000000000E+00
    2.400000000000000E+00    9.500000000000001E-01    0.000000000000000E+00
    2.500000000000000E+00    9.500000000000001E-01    0.000000000000000E+00
    2.600000000000000E+00    9.500000000000001E-01    0.000000000000000E+00
    2.700000000000000E+00    9.500000000000001E-01    0.000000000000000E+00
    2.800000000000000E+00    9.500000000000001E-01    0.000000000000000E+00
    2.900000000000000E+00    9.500000000000001E-01    0.000000000000000E+00
    3.000000000000000E+00    9.500000000000001E-01    0.000000000000000E+00
    3.100000000000000E+00    9.500000000000001E-01    0.000000000000000E+00
    3.200000000000000E+00    9.500000000000001E-01    0.000000000000000E+00
    3.300000000000000E+00    9.500000000000001E-01    0.000000000000000E+00
    3.400000000000000E+00    9.500000000000001E-01    0.000000000000000E+00
    3.500000000000000E+00    9.500000000000001E-01    0.000000000000000E+00
    3.600000000000000E+00    9.500000000000001E-01    0.000000000000000E+00
    3.700000000000000E+00    9.500000000000001E-01    0.000000000000000E+00
    3.800000000000000E+00    9.500000000000001E-01    0.000000000000000E+00
    3.900000000000000E+00    9.500000000000001E-01    0.000000000000000E+00
    4.000000000000000E+00    9.500000000000001E-01    0.000000000000000E+00
    4.100000000000001E+00    9.500000000000001E-01    0.000000000000000E+00
    4.200000000000000E+00    9.500000000000001E-01    0.000000000000000E+00
    4.300000000000000E+00    9.500000000000001E-01    0.000000000000000E+00
    4.400000000000000E+00    9.500000000000001E-01    0.000000000000000E+00
    4.500000000000000E+00    9.500000000000001E-01    0.000000000000000E+00
    4.600000000000001E+00    9.500000000000001E-01    0.000000000000000E+00
    4.700000000000000E+00    9.500000000000001E-01    0.000000000000000E+00
    4.800000000000001E+00    9.500000000000001E-01    0.000000000000000E+00
    4.900000000000000E+00    9.500000000000001E-01    0.000000000000000E+00
    5.000000000000000E+00    9.500000000000001E-01    0.000000000000000E+00
    5.100000000000001E+00    9.500000000000001E-01    0.000000000000000E+00
    5.200000000000000E+00    9.500000000000001E-01    0.000000000000000E+00
    5.300000000000001E+00    9.500000000000001E-01    0.000000000000000E+00
    5.400000000000000E+00    9.500000000000001E-01    0.000000000000000E+00
    5.500000000000000E+00    9.500000000000001E-01    0.000000000000000E+00
    5.600000000000001E+00    9.500000000000001E-01    0.000000000000000E+00
    5.700000000000000E+00    9.500000000000001E-01    0.000000000000000E+00
    5.800000000000001E+00    9.500000000000001E-01    0.000000000000000E+00
    5.900000000000000E+00    9.500000000000001E-01    0.000000000000000E+00
    6.000000000000000E+00    9.500000000000001E-01    0.000000000000000E+00
    6.100000000000001E+00    9.500000000000001E-01    0.000000000000000E+00
    6.200000000000000E+00    9.500000000000001E-01    0.000000000000000E+00
    6.300000000000001E+00    9.500000000000001E-01    0.000000000000000E+00
    6.400000000000000E+00    9.500000000000001E-01    0.000000000000000E+00
    6.500000000000000E+00    9.500000000000001E-01    0.000000000000000E+00
    6.600000000000001E+00    9.500000000000001E-01    0.000000000000000E+00
    6.700000000000000E+00    9.500000000000001E-01    0.000000000000000E+00
    6.800000000000001E+00    9.500000000000001E-01    0.000000000000000E+00
    6.900000000000000E+00    9.500000000000001E-01    0.000000000000000E+00
    7.000000000000000E+00    9.500000000000001E-01    0.000000000000000E+00
    7.100000000000001E+00    9.500000000000001E-01    0.000000000000000E+00
    7.200000000000000E+00    9.500000000000001E-01    0.000000000000000E+00
    7.300000000000001E+00    9.500000000000001E-01    0.000000000000000E+00
    7.400000000000000E+00    9.500000000000001E-01    0.000000000000000E+00
    7.500000000000000E+00    9.500000000000001E-01    0.000000000000000E+00
    7.600000000000001E+00    9.500000000000001E-01    0.000000000000000E+00
    7.700000000000000E+00    9.500000000000001E-01    0.000000000000000E+00
    7.800000000000001E+00    9.500000000000001E-01    0.000000000000000E+00
    7.900000000000000E+00    9.500000000000001E-01    0.000000000000000E+00
    8.000000000000000E+00    9.500000000000001E-01    0.000000000000000E+00
    0.000000000000000E+00    9.750000000000001E-01    0.000000000000000E+00
    1.000000000000000E-01    9.750000000000001E-01    0.000000000000000E+00
    2.000000000000000E-01    9.750000000000001E-01    0.000000000000000E+00
    3.000000000000000E-01    9.750000000000001E-01    0.000000000000000E+00
    4.000000000000000E-01    9.750000000000001E-01    0.000000000000000E+00
    5.000000000000000E-01    9.750000000000001E-01    0.000000000000000E+00
    6.000000000000001E-01    9.750000000000001E-01    0.000000000000000E+00
    7.000000000000001E-01    9.750000000000001E-01    0.000000000000000E+00
    8.000000000000000E-01    9.750000000000001E-01    0.000000000000000E+00
    9.000000000000000E-01    9.750000000000001E-01    0.000000000000000E+00
    1.000000000000000E+00    9.750000000000001E-01    0.000000000000000E+00
    1.100000000000000E+00    9.750000000000001E-01    0.000000000000000E+00
    1.200000000000000E+00    9.750000000000001E-01    0.000000000000000E+00
    1.300000000000000E+00    9.750000000000001E-01    0.000000000000000E+00
    1.400000000000000E+00    9.750000000000001E-01    0.000000000000000E+00
    1.500000000000000E+00    9.750000000000001E-01    0.000000000000000E+00
    1.600000000000000E+00    9.750000000000001E-01    0.000000000000000E+00
    1.700000000000000E+00    9.750000000000001E-01    0.000000000000000E+00
    1.800000000000000E+00    9.750000000000001E-01    0.000000000000000E+00
    1.900000000000000E+00    9.750000000000001E-01    0.000000000000000E+00
    2.000000000000000E+00    9.750000000000001E-01    0.000000000000000E+00
    2.100000000000000E+00    9.750000000000001E-01    0.000000000000000E+00
    2.200000000000000E+00    9.750000000000001E-01    0.000000000000000E+00
    2.300000000000000E+00    9.750000000000001E-01    0.000000000000000E+00
    2.400000000000000E+00    9.750000000000001E-01    0.000000000000000E+00
    2.500000000000000E+00    9.750000000000001E-01    0.000000000000000E+00
    2.600000000000000E+00    9.750000000000001E-01    0.000000000000000E+00
    2.700000000000000E+00    9.750000000000001E-01    0.000000000000000E+00
    2.800000000000000E+00    9.750000000000001E-01    0.000000000000000E+00
    2.900000000000000E+00    9.750000000000001E-01    0.000000000000000E+00
    3.000000000000000E+00    9.750000000000001E-01    0.000000000000000E+00
    3.100000000000000E+00    9.750000000000001E-01    0.000000000000000E+00
    3.200000000000000E+00    9.750000000000001E-01    0.000000000000000E+00
    3.300000000000000E+00    9.750000000000001E-01    0.000000000000000E+00
    3.400000000000000E+00    9.750000000000001E-01    0.000000000000000E+00
    3.500000000000000E+00    9.750000000000001E-01    0.000000000000000E+00
    3.600000000000000E+00    9.750000000000001E-01    0.000000000000000E+00
    3.700000000000000E+00    9.750000000000001E-01    0.000000000000000E+00
    3.800000000000000E+00    9.750000000000001E-01    0.000000000000000E+00
    3.900000000000000E+00    9.750000000000001E-01    0.000000000000000E+00
    4.000000000000000E+00    9.750000000000001E-01    0.000000000000000E+00
    4.100000000000001E+00    9.750000000000001E-01    0.000000000000000E+00
    4.200000000000000E+00    9.750000000000001E-01    0.000000000000000E+00
    4.300000000000000E+00    9.750000000000001E-01    0.000000000000000E+00
    4.400000000000000E+00    9.750000000000001E-01    0.000000000000000E+00
    4.500000000000000E+00    9.750000000000001E-01    0.000000000000000E+00
    4.600000000000001E+00    9.750000000000001E-01    0.000000000000000E+00
    4.700000000000000E+00    9.750000000000001E-01    0.000000000000000E+00
    4.800000000000001E+00    9.750000000000001E-01    0.000000000000000E+00
    4.900000000000000E+00    9.750000000000001E-01    0.000000000000000E+00
    5.000000000000000E+00    9.750000000000001E-01    0.000000000000000E+00
    5.100000000000001E+00    9.750000000000001E-01    0.000000000000000E+00
    5.200000000000000E+00    9.750000000000001E-01    0.000000000000000E+00
    5.300000000000001E+00    9.750000000000001E-01    0.000000000000000E+00
    5.400000000000000E+00    9.750000000000001E-01    0.000000000000000E+00
    5.500000000000000E+00    9.750000000000001E-01    0.000000000000000E+00
    5.600000000000001E+00    9.750000000000001E-01    0.000000000000000E+00
    5.700000000000000E+00    9.750000000000001E-01    0.000000000000000E+00
    5.800000000000001E+00    9.750000000000001E-01    0.000000000000000E+00
    5.900000000000000E+00    9.750000000000001E-01    0.000000000000000E+00
    6.000000000000000E+00    9.750000000000001E-01    0.000000000000000E+00
    6.100000000000001E+00    9.750000000000001E-01    0.000000000000000E+00
    6.200000000000000E+00    9.750000000000001E-01    0.000000000000000E+00
    6.300000000000001E+00    9.750000000000001E-01    0.000000000000000E+00
    6.400000000000000E+00    9.750000000000001E-01    0.000000000000000E+00
    6.500000000000000E+00    9.750000000000001E-01    0.000000000000000E+00
    6.600000000000001E+00    9.750000000000001E-01    0.000000000000000E+00
    6.700000000000000E+00    9.750000000000001E-01    0.000000000000000E+00
    6.800000000000001E+00    9.750000000000001E-01    0.000000000000000E+00
    6.900000000000000E+00    9.750000000000001E-01    0.000000000000000E+00
    7.000000000000000E+00    9.750000000000001E-01    0.000000000000000E+00
    7.100000000000001E+00    9.750000000000001E-01    0.000000000000000E+00
    7.200000000000000E+00    9.750000000000001E-01    0.000000000000000E+00
    7.300000000000001E+00    9.750000000000001E-01    0.000000000000000E+00
    7.400000000000000E+00    9.750000000000001E-01    0.000000000000000E+00
    7.500000000000000E+00    9.750000000000001E-01    0.000000000000000E+00
    7.600000000000001E+00    9.750000000000001E-01    0.000000000000000E+00
    7.700000000000000E+00    9.750000000000001E-01    0.000000000000000E+00
    7.800000000000001E+00    9.750000000000001E-01    0.000000000000000E+00
    7.900000000000000E+00    9.750000000000001E-01    0.000000000000000E+00
    8.000000000000000E+00    9.750000000000001E-01    0.000000000000000E+00
    0.000000000000000E+00    1.000000000000000E+00    0.000000000000000E+00
    1.000000000000000E-01    1.000000000000000E+00    0.000000000000000E+00
    2.000000000000000E-01    1.000000000000000E+00    0.000000000000000E+00
    3.000000000000000E-01    1.000000000000000E+00    0.000000000000000E+00
    4.000000000000000E-01    1.000000000000000E+00    0.000000000000000E+00
    5.000000000000000E-01    1.000000000000000E+00    0.000000000000000E+00
    6.000000000000001E-01    1.000000000000000E+00    0.000000000000000E+00
    7.000000000000001E-01    1.000000000000000E+00    0.000000000000000E+00
    8.000000000000000E-01    1.000000000000000E+00    0.000000000000000E+00
    9.000000000000000E-01    1.000000000000000E+00    0.000000000000000E+00
    1.000000000000000E+00    1.000000000000000E+00    0.000000000000000E+00
    1.100000000000000E+00    1.000000000000000E+00    0.000000000000000E+00
    1.200000000000000E+00    1.000000000000000E+00    0.000000000000000E+00
    1.300000000000000E+00    1.000000000000000E+00    0.000000000000000E+00
    1.400000000000000E+00    1.000000000000000E+00    0.000000000000000E+00
    1.500000000000000E+00    1.000000000000000E+00    0.000000000000000E+00
    1.600000000000000E+00    1.000000000000000E+00    0.000000000000000E+00
    1.700000000000000E+00    1.000000000000000E+00    0.000000000000000E+00
    1.800000000000000E+00    1.000000000000000E+00    0.000000000000000E+00
    1.900000000000000E+00    1.000000000000000E+00    0.000000000000000E+00
    2.000000000000000E+00    1.000000000000000E+00    0.000000000000000E+00
    2.100000000000000E+00    1.000000000000000E+00    0.000000000000000E+00
    2.200000000000000E+00    1.000000000000000E+00    0.000000000000000E+00
    2.300000000000000E+00    1.000000000000000E+00    0.000000000000000E+00
    2.400000000000000E+00    1.000000000000000E+00    0.000000000000000E+00
    2.500000000000000E+00    1.000000000000000E+00    0.000000000000000E+00
    2.600000000000000E+00    1.000000000000000E+00    0.000000000000000E+00
    2.700000000000000E+00    1.000000000000000E+00    0.000000000000000E+00
    2.800000000000000E+00    1.000000000000000E+00    0.000000000000000E+00
    2.900000000000000E+00    1.000000000000000E+00    0.000000000000000E+00
    3.000000000000000E+00    1.000000000000000E+00    0.000000000000000E+00
    3.100000000000000E+00    1.000000000000000E+00    0.000000000000000E+00
    3.200000000000000E+00    1.000000000000000E+00    0.000000000000000E+00
    3.300000000000000E+00    1.000000000000000E+00    0.000000000000000E+00
    3.400000000000000E+00    1.000000000000000E+00    0.000000000000000E+00
    3.500000000000000E+00    1.000000000000000E+00    0.000000000000000E+00
    3.600000000000000E+00    1.000000000000000E+00    0.000000000000000E+00
    3.700000000000000E+00    1.000000000000000E+00    0.000000000000000E+00
    3.800000000000000E+00    1.000000000000000E+00    0.000000000000000E+00
    3.900000000000000E+00    1.000000000000000E+00    0.000000000000000E+00
    4.000000000000000E+00    1.000000000000000E+00    0.000000000000000E+00
    4.100000000000001E+00    1.000000000000000E+00    0.000000000000000E+00
    4.200000000000000E+00    1.000000000000000E+00    0.000000000000000E+00
    4.300000000000000E+00    1.000000000000000E+00    0.000000000000000E+00
    4.400000000000000E+00    1.000000000000000E+00    0.000000000000000E+00
    4.500000000000000E+00    1.000000000000000E+00    0.000000000000000E+00
    4.600000000000001E+00    1.000000000000000E+00    0.000000000000000E+00
    4.700000000000000E+00    1.000000000000000E+00    0.000000000000000E+00
    4.800000000000001E+00    1.000000000000000E+00    0.000000000000000E+00
    4.900000000000000E+00    1.000000000000000E+00    0.000000000000000E+00
    5.000000000000000E+00    1.000000000000000E+00    0.000000000000000E+00
    5.100000000000001E+00    1.000000000000000E+00    0.000000000000000E+00
    5.200000000000000E+00    1.000000000000000E+00    0.000000000000000E+00
    5.300000000000001E+00    1.000000000000000E+00    0.000000000000000E+00
    5.400000000000000E+00    1.000000000000000E+00    0.000000000000000E+00
    5.500000000000000E+00    1.000000000000000E+00    0.000000000000000E+00
    5.600000000000001E+00    1.000000000000000E+00    0.000000000000000E+00
    5.700000000000000E+00    1.000000000000000E+00    0.000000000000000E+00
    5.800000000000001E+00    1.000000000000000E+00    0.000000000000000E+00
    5.900000000000000E+00    1.000000000000000E+00    0.000000000000000E+00
    6.000000000000000E+00    1.000000000000000E+00    0.000000000000000E+00
    6.100000000000001E+00    1.000000000000000E+00    0.000000000000000E+00
    6.200000000000000E+00    1.000000000000000E+00    0.000000000000000E+00
    6.300000000000001E+00    1.000000000000000E+00    0.000000000000000E+00
    6.400000000000000E+00    1.000000000000000E+00    0.000000000000000E+00
    6.500000000000000E+00    1.000000000000000E+00    0.000000000000000E+00
    6.600000000000001E+00    1.000000000000000E+00    0.000000000000000E+00
    6.700000000000000E+00    1.000000000000000E+00    0.000000000000000E+00
    6.800000000000001E+00    1.000000000000000E+00    0.000000000000000E+00
    6.900000000000000E+00    1.000000000000000E+00    0.000000000000000E+00
    7.000000000000000E+00    1.000000000000000E+00    0.000000000000000E+00
    7.100000000000001E+00    1.000000000000000E+00    0.000000000000000E+00
    7.200000000000000E+00    1.000000000000000E+00    0.000000000000000E+00
    7.300000000000001E+00    1.000000000000000E+00    0.000000000000000E+00
    7.400000000000000E+00    1.000000000000000E+00    0.000000000000000E+00
    7.500000000000000E+00    1.000000000000000E+00    0.000000000000000E+00
    7.600000000000001E+00    1.000000000000000E+00    0.000000000000000E+00
    7.700000000000000E+00    1.000000000000000E+00    0.000000000000000E+00
    7.800000000000001E+00    1.000000000000000E+00    0.000000000000000E+00
    7.900000000000000E+00    1.000000000000000E+00    0.000000000000000E+00
    8.000000000000000E+00    1.000000000000000E+00    0.000000000000000E+00
    0.000000000000000E+00    0.000000000000000E+00    1.000000000000000E+00
    1.000000000000000E-01    0.000000000000000E+00    1.000000000000000E+00
    2.000000000000000E-01    0.000000000000000E+00    1.000000000000000E+00
    3.000000000000000E-01    0.000000000000000E+00    1.000000000000000E+00
    4.000000000000000E-01    0.000000000000000E+00    1.000000000000000E+00
    5.000000000000000E-01    0.000000000000000E+00    1.000000000000000E+00
    6.000000000000001E-01    0.000000000000000E+00    1.000000000000000E+00
    7.000000000000001E-01    0.000000000000000E+00    1.000000000000000E+00
    8.000000000000000E-01    0.000000000000000E+00    1.000000000000000E+00
    9.000000000000000E-01    0.000000000000000E+00    1.000000000000000E+00
    1.000000000000000E+00    0.000000000000000E+00    1.000000000000000E+00
    1.100000000000000E+00    0.000000000000000E+00    1.000000000000000E+00
    1.200000000000000E+00    0.000000000000000E+00    1.000000000000000E+00
    1.300000000000000E+00    0.000000000000000E+00    1.000000000000000E+00
    1.400000000000000E+00    0.000000000000000E+00    1.000000000000000E+00
    1.500000000000000E+00    0.000000000000000E+00    1.000000000000000E+00
    1.600000000000000E+00    0.000000000000000E+00    1.000000000000000E+00
    1.700000000000000E+00    0.000000000000000E+00    1.000000000000000E+00
    1.800000000000000E+00    0.000000000000000E+00    1.000000000000000E+00
    1.900000000000000E+00    0.000000000000000E+00    1.000000000000000E+00
    2.000000000000000E+00    0.000000000000000E+00    1.000000000000000E+00
    2.100000000000000E+00    0.000000000000000E+00    1.000000000000000E+00
    2.200000000000000E+00    0.000000000000000E+00    1.000000000000000E+00
    2.300000000000000E+00    0.000000000000000E+00    1.000000000000000E+00
    2.400000000000000E+00    0.000000000000000E+00    1.000000000000000E+00
    2.500000000000000E+00    0.000000000000000E+00    1.000000000000000E+00
    2.600000000000000E+00    0.000000000000000E+00    1.000000000000000E+00
    2.700000000000000E+00    0.000000000000000E+00    1.000000000000000E+00
    2.800000000000000E+00    0.000000000000000E+00    1.000000000000000E+00
    2.900000000000000E+00    0.000000000000000E+00    1.000000000000000E+00
    3.000000000000000E+00    0.000000000000000E+00    1.000000000000000E+00
    3.100000000000000E+00    0.000000000000000E+00    1.000000000000000E+00
    3.200000000000000E+00    0.000000000000000E+00    1.000000000000000E+00
    3.300000000000000E+00    0.000000000000000E+00    1.000000000000000E+00
    3.400000000000000E+00    0.000000000000000E+00    1.000000000000000E+00
    3.500000000000000E+00    0.000000000000000E+00    1.000000000000000E+00
    3.600000000000000E+00    0.000000000000000E+00    1.000000000000000E+00
    3.700000000000000E+00    0.000000000000000E+00    1.000000000000000E+00
    3.800000000000000E+00    0.000000000000000E+00    1.000000000000000E+00
    3.900000000000000E+00    0.000000000000000E+00    1.000000000000000E+00
    4.000000000000000E+00    0.000000000000000E+00    1.000000000000000E+00
    4.100000000000001E+00    0.000000000000000E+00    1.000000000000000E+00
    4.200000000000000E+00    0.000000000000000E+00    1.000000000000000E+00
    4.300000000000000E+00    0.000000000000000E+00    1.000000000000000E+00
    4.400000000000000E+00    0.000000000000000E+00    1.000000000000000E+00
    4.500000000000000E+00    0.000000000000000E+00    1.000000000000000E+00
    4.600000000000001E+00    0.000000000000000E+00    1.000000000000000E+00
    4.700000000000000E+00    0.000000000000000E+00    1.000000000000000E+00
    4.800000000000001E+00    0.000000000000000E+00    1.000000000000000E+00
    4.900000000000000E+00    0.000000000000000E+00    1.000000000000000E+00
    5.000000000000000E+00    0.000000000000000E+00    1.000000000000000E+00
    5.100000000000001E+00    0.000000000000000E+00    1.000000000000000E+00
    5.200000000000000E+00    0.000000000000000E+00    1.000000000000000E+00
    5.300000000000001E+00    0.000000000000000E+00    1.000000000000000E+00
    5.400000000000000E+00    0.000000000000000E+00    1.000000000000000E+00
    5.500000000000000E+00    0.000000000000000E+00    1.000000000000000E+00
    5.600000000000001E+00    0.000000000000000E+00    1.000000000000000E+00
    5.700000000000000E+00    0.000000000000000E+00    1.000000000000000E+00
    5.800000000000001E+00    0.000000000000000E+00    1.000000000000000E+00
    5.900000000000000E+00    0.000000000000000E+00    1.000000000000000E+00
    6.000000000000000E+00    0.000000000000000E+00    1.000000000000000E+00
    6.100000000000001E+00    0.000000000000000E+00    1.000000000000000E+00
    6.200000000000000E+00    0.000000000000000E+00    1.000000000000000E+00
    6.300000000000001E+00    0.000000000000000E+00    1.000000000000000E+00
    6.400000000000000E+00    0.000000000000000E+00    1.000000000000000E+00
    6.500000000000000E+00    0.000000000000000E+00    1.000000000000000E+00
    6.600000000000001E+00    0.000000000000000E+00    1.000000000000000E+00
    6.700000000000000E+00    0.000000000000000E+00    1.000000000000000E+00
    6.800000000000001E+00    0.000000000000000E+00    1.000000000000000E+00
    6.900000000000000E+00    0.000000000000000E+00    1.000000000000000E+00
    7.000000000000000E+00    0.000000000000000E+00    1.000000000000000E+00
    7.100000000000001E+00    0.000000000000000E+00    1.000000000000000E+00
    7.200000000000000E+00    0.000000000000000E+00    1.000000000000000E+00
    7.300000000000001E+00    0.000000000000000E+00    1.000000000000000E+00
    7.400000000000000E+00    0.000000000000000E+00    1.000000000000000E+00
    7.500000000000000E+00    0.000000000000000E+00    1.000000000000000E+00
    7.600000000000001E+00    0.000000000000000E+00    1.000000000000000E+00
    7.700000000000000E+00    0.000000000000000E+00    1.000000000000000E+00
    7.800000000000001E+00    0.000000000000000E+00    1.000000000000000E+00
    7.900000000000000E+00    0.000000000000000E+00    1.000000000000000E+00
    8.000000000000000E+00    0.000000000000000E+00    1.000000000000000E+00
    0.000000000000000E+00    2.500000000000000E-02    1.000000000000000E+00
    1.000000000000000E-01    2.500000000000000E-02    1.000000000000000E+00
    2.000000000000000E-01    2.500000000000000E-02    1.000000000000000E+00
    3.000000000000000E-01    2.500000000000000E-02    1.000000000000000E+00
    4.000000000000000E-01    2.500000000000000E-02    1.000000000000000E+00
    5.000000000000000E-01    2.500000000000000E-02    1.000000000000000E+00
    6.000000000000001E-01    2.500000000000000E-02    1.000000000000000E+00
    7.000000000000001E-01    2.500000000000000E-02    1.000000000000000E+00
    8.000000000000000E-01    2.500000000000000E-02    1.000000000000000E+00
    9.000000000000000E-01    2.500000000000000E-02    1.000000000000000E+00
    1.000000000000000E+00    2.500000000000000E-02    1.000000000000000E+00
    1.100000000000000E+00    2.500000000000000E-02    1.000000000000000E+00
    1.200000000000000E+00    2.500000000000000E-02    1.000000000000000E+00
    1.300000000000000E+00    2.500000000000000E-02    1.000000000000000E+00
    1.400000000000000E+00    2.500000000000000E-02    1.000000000000000E+00
    1.500000000000000E+00    2.500000000000000E-02    1.000000000000000E+00
    1.600000000000000E+00    2.500000000000000E-02    1.000000000000000E+00
    1.700000000000000E+00    2.500000000000000E-02    1.000000000000000E+00
    1.800000000000000E+00    2.500000000000000E-02    1.000000000000000E+00
    1.900000000000000E+00    2.500000000000000E-02    1.000000000000000E+00
    2.000000000000000E+00    2.500000000000000E-02    1.000000000000000E+00
    2.100000000000000E+00    2.500000000000000E-02    1.000000000000000E+00
    2.200000000000000E+00    2.500000000000000E-02    1.000000000000000E+00
    2.300000000000000E+00    2.500000000000000E-02    1.000000000000000E+00
    2.400000000000000E+00    2.500000000000000E-02    1.000000000000000E+00
    2.500000000000000E+00    2.500000000000000E-02    1.000000000000000E+00
    2.600000000000000E+00    2.500000000000000E-02    1.000000000000000E+00
    2.700000000000000E+00    2.500000000000000E-02    1.000000000000000E+00
    2.800000000000000E+00    2.500000000000000E-02    1.000000000000000E+00
    2.900000000000000E+00    2.500000000000000E-02    1.000000000000000E+00
    3.000000000000000E+00    2.500000000000000E-02    1.000000000000000E+00
    3.100000000000000E+00    2.500000000000000E-02    1.000000000000000E+00
    3.200000000000000E+00    2.500000000000000E-02    1.000000000000000E+00
    3.300000000000000E+00    2.500000000000000E-02    1.000000000000000E+00
    3.400000000000000E+00    2.500000000000000E-02    1.000000000000000E+00
    3.500000000000000E+00    2.500000000000000E-02    1.000000000000000E+00
    3.600000000000000E+00    2.500000000000000E-02    1.000000000000000E+00
    3.700000000000000E+00    2.500000000000000E-02    1.000000000000000E+00
    3.800000000000000E+00    2.500000000000000E-02    1.000000000000000E+00
    3.900000000000000E+00    2.500000000000000E-02    1.000000000000000E+00
    4.000000000000000E+00    2.500000000000000E-02    1.000000000000000E+00
    4.100000000000001E+00    2.500000000000000E-02    1.000000000000000E+00
    4.200000000000000E+00    2.500000000000000E-02    1.000000000000000E+00
    4.300000000000000E+00    2.500000000000000E-02    1.000000000000000E+00
    4.400000000000000E+00    2.500000000000000E-02    1.000000000000000E+00
    4.500000000000000E+00    2.500000000000000E-02    1.000000000000000E+00
    4.600000000000001E+00    2.500000000000000E-02    1.000000000000000E+00
    4.700000000000000E+00    2.500000000000000E-02    1.000000000000000E+00
    4.800000000000001E+00    2.500000000000000E-02    1.000000000000000E+00
    4.900000000000000E+00    2.500000000000000E-02    1.000000000000000E+00
    5.000000000000000E+00    2.500000000000000E-02    1.000000000000000E+00
    5.100000000000001E+00    2.500000000000000E-02    1.000000000000000E+00
    5.200000000000000E+00    2.500000000000000E-02    1.000000000000000E+00
    5.300000000000001E+00    2.500000000000000E-02    1.000000000000000E+00
    5.400000000000000E+00    2.500000000000000E-02    1.000000000000000E+00
    5.500000000000000E+00    2.500000000000000E-02    1.000000000000000E+00
    5.600000000000001E+00    2.500000000000000E-02    1.000000000000000E+00
    5.700000000000000E+00    2.500000000000000E-02    1.000000000000000E+00
    5.800000000000001E+00    2.500000000000000E-02    1.000000000000000E+00
    5.900000000000000E+00    2.500000000000000E-02    1.000000000000000E+00
    6.000000000000000E+00    2.500000000000000E-02    1.000000000000000E+00
    6.100000000000001E+00    2.500000000000000E-02    1.000000000000000E+00
    6.200000000000000E+00    2.500000000000000E-02    1.000000000000000E+00
    6.300000000000001E+00    2.500000000000000E-02    1.000000000000000E+00
    6.400000000000000E+00    2.500000000000000E-02    1.000000000000000E+00
    6.500000000000000E+00    2.500000000000000E-02    1.000000000000000E+00
    6.600000000000001E+00    2.500000000000000E-02    1.000000000000000E+00
    6.700000000000000E+00    2.500000000000000E-02    1.000000000000000E+00
    6.800000000000001E+00    2.500000000000000E-02    1.000000000000000E+00
    6.900000000000000E+00    2.500000000000000E-02    1.000000000000000E+00
    7.000000000000000E+00    2.500000000000000E-02    1.000000000000000E+00
    7.100000000000001E+00    2.500000000000000E-02    1.000000000000000E+00
    7.200000000000000E+00    2.500000000000000E-02    1.000000000000000E+00
    7.300000000000001E+00    2.500000000000000E-02    1.000000000000000E+00
    7.400000000000000E+00    2.500000000000000E-02    1.000000000000000E+00
    7.500000000000000E+00    2.500000000000000E-02    1.000000000000000E+00
    7.600000000000001E+00    2.500000000000000E-02    1.000000000000000E+00
    7.700000000000000E+00    2.500000000000000E-02    1.000000000000000E+00
    7.800000000000001E+00    2.500000000000000E-02    1.000000000000000E+00
    7.900000000000000E+00    2.500000000000000E-02    1.000000000000000E+00
    8.000000000000000E+00    2.500000000000000E-02    1.000000000000000E+00
    0.000000000000000E+00    5.000000000000000E-02    1.000000000000000E+00
    1.000000000000000E-01    5.000000000000000E-02    1.000000000000000E+00
    2.000000000000000E-01    5.000000000000000E-02    1.000000000000000E+00
    3.000000000000000E-01    5.000000000000000E-02    1.000000000000000E+00
    4.000000000000000E-01    5.000000000000000E-02    1.000000000000000E+00
    5.000000000000000E-01    5.000000000000000E-02    1.000000000000000E+00
    6.000000000000001E-01    5.000000000000000E-02    1.000000000000000E+00
    7.000000000000001E-01    5.000000000000000E-02    1.000000000000000E+00
    8.000000000000000E-01    5.000000000000000E-02    1.000000000000000E+00
    9.000000000000000E-01    5.000000000000000E-02    1.000000000000000E+00
    1.000000000000000E+00    5.000000000000000E-02    1.000000000000000E+00
    1.100000000000000E+00    5.000000000000000E-02    1.000000000000000E+00
    1.200000000000000E+00    5.000000000000000E-02    1.000000000000000E+00
    1.300000000000000E+00    5.000000000000000E-02    1.000000000000000E+00
    1.400000000000000E+00    5.000000000000000E-02    1.000000000000000E+00
    1.500000000000000E+00    5.000000000000000E-02    1.000000000000000E+00
    1.600000000000000E+00    5.000000000000000E-02    1.000000000000000E+00
    1.700000000000000E+00    5.000000000000000E-02    1.000000000000000E+00
    1.800000000000000E+00    5.000000000000000E-02    1.000000000000000E+00
    1.900000000000000E+00    5.000000000000000E-02    1.000000000000000E+00
    2.000000000000000E+00    5.000000000000000E-02    1.000000000000000E+00
    2.100000000000000E+00    5.000000000000000E-02    1.000000000000000E+00
    2.200000000000000E+00    5.000000000000000E-02    1.000000000000000E+00
    2.300000000000000E+00    5.000000000000000E-02    1.000000000000000E+00
    2.400000000000000E+00    5.000000000000000E-02    1.000000000000000E+00
    2.500000000000000E+00    5.000000000000000E-02    1.000000000000000E+00
    2.600000000000000E+00    5.000000000000000E-02    1.000000000000000E+00
    2.700000000000000E+00    5.000000000000000E-02    1.000000000000000E+00
    2.800000000000000E+00    5.000000000000000E-02    1.000000000000000E+00
    2.900000000000000E+00    5.000000000000000E-02    1.000000000000000E+00
    3.000000000000000E+00    5.000000000000000E-02    1.000000000000000E+00
    3.100000000000000E+00    5.000000000000000E-02    1.000000000000000E+00
    3.200000000000000E+00    5.000000000000000E-02    1.000000000000000E+00
    3.300000000000000E+00    5.000000000000000E-02    1.000000000000000E+00
    3.400000000000000E+00    5.000000000000000E-02    1.000000000000000E+00
    3.500000000000000E+00    5.000000000000000E-02    1.000000000000000E+00
    3.600000000000000E+00    5.000000000000000E-02    1.000000000000000E+00
    3.700000000000000E+00    5.000000000000000E-02    1.000000000000000E+00
    3.800000000000000E+00    5.000000000000000E-02    1.000000000000000E+00
    3.900000000000000E+00    5.000000000000000E-02    1.000000000000000E+00
    4.000000000000000E+00    5.000000000000000E-02    1.000000000000000E+00
    4.100000000000001E+00    5.000000000000000E-02    1.000000000000000E+00
    4.200000000000000E+00    5.000000000000000E-02    1.000000000000000E+00
    4.300000000000000E+00    5.000000000000000E-02    1.000000000000000E+00
    4.400000000000000E+00    5.000000000000000E-02    1.000000000000000E+00
    4.500000000000000E+00    5.000000000000000E-02    1.000000000000000E+00
    4.600000000000001E+00    5.000000000000000E-02    1.000000000000000E+00
    4.700000000000000E+00    5.000000000000000E-02    1.000000000000000E+00
    4.800000000000001E+00    5.000000000000000E-02    1.000000000000000E+00
    4.900000000000000E+00    5.000000000000000E-02    1.000000000000000E+00
    5.000000000000000E+00    5.000000000000000E-02    1.000000000000000E+00
    5.100000000000001E+00    5.000000000000000E-02    1.000000000000000E+00
    5.200000000000000E+00    5.000000000000000E-02    1.000000000000000E+00
    5.300000000000001E+00    5.000000000000000E-02    1.000000000000000E+00
    5.400000000000000E+00    5.000000000000000E-02    1.000000000000000E+00
    5.500000000000000E+00    5.000000000000000E-02    1.000000000000000E+00
    5.600000000000001E+00    5.000000000000000E-02    1.000000000000000E+00
    5.700000000000000E+00    5.000000000000000E-02    1.000000000000000E+00
    5.800000000000001E+00    5.000000000000000E-02    1.000000000000000E+00
    5.900000000000000E+00    5.000000000000000E-02    1.000000000000000E+00
    6.000000000000000E+00    5.000000000000000E-02    1.000000000000000E+00
    6.100000000000001E+00    5.000000000000000E-02    1.000000000000000E+00
    6.200000000000000E+00    5.000000000000000E-02    1.000000000000000E+00
    6.300000000000001E+00    5.000000000000000E-02    1.000000000000000E+00
    6.400000000000000E+00    5.000000000000000E-02    1.000000000000000E+00
    6.500000000000000E+00    5.000000000000000E-02    1.000000000000000E+00
    6.600000000000001E+00    5.000000000000000E-02    1.000000000000000E+00
    6.700000000000000E+00    5.000000000000000E-02    1.000000000000000E+00
    6.800000000000001E+00    5.000000000000000E-02    1.000000000000000E+00
    6.900000000000000E+00    5.000000000000000E-02    1.000000000000000E+00
    7.000000000000000E+00    5.000000000000000E-02    1.000000000000000E+00
    7.100000000000001E+00    5.000000000000000E-02    1.000000000000000E+00
    7.200000000000000E+00    5.000000000000000E-02    1.000000000000000E+00
    7.300000000000001E+00    5.000000000000000E-02    1.000000000000000E+00
    7.400000000000000E+00    5.000000000000000E-02    1.000000000000000E+00
    7.500000000000000E+00    5.000000000000000E-02    1.000000000000000E+00
    7.600000000000001E+00    5.000000000000000E-02    1.000000000000000E+00
    7.700000000000000E+00    5.000000000000000E-02    1.000000000000000E+00
    7.800000000000001E+00    5.000000000000000E-02    1.000000000000000E+00
    7.900000000000000E+00    5.000000000000000E-02    1.000000000000000E+00
    8.000000000000000E+00    5.000000000000000E-02    1.000000000000000E+00
    0.000000000000000E+00    7.500000000000001E-02    1.000000000000000E+00
    1.000000000000000E-01    7.500000000000001E-02    1.000000000000000E+00
    2.000000000000000E-01    7.500000000000001E-02    1.000000000000000E+00
    3.000000000000000E-01    7.500000000000001E-02    1.000000000000000E+00
    4.000000000000000E-01    7.500000000000001E-02    1.000000000000000E+00
    5.000000000000000E-01    7.500000000000001E-02    1.000000000000000E+00
    6.000000000000001E-01    7.500000000000001E-02    1.000000000000000E+00
    7.000000000000001E-01    7.500000000000001E-02    1.000000000000000E+00
    8.000000000000000E-01    7.500000000000001E-02    1.000000000000000E+00
    9.000000000000000E-01    7.500000000000001E-02    1.000000000000000E+00
    1.000000000000000E+00    7.500000000000001E-02    1.000000000000000E+00
    1.100000000000000E+00    7.500000000000001E-02    1.000000000000000E+00
    1.200000000000000E+00    7.500000000000001E-02    1.000000000000000E+00
    1.300000000000000E+00    7.500000000000001E-02    1.000000000000000E+00
    1.400000000000000E+00    7.500000000000001E-02    1.000000000000000E+00
    1.500000000000000E+00    7.500000000000001E-02    1.000000000000000E+00
    1.600000000000000E+00    7.500000000000001E-02    1.000000000000000E+00
    1.700000000000000E+00    7.500000000000001E-02    1.000000000000000E+00
    1.800000000000000E+00    7.500000000000001E-02    1.000000000000000E+00
    1.900000000000000E+00    7.500000000000001E-02    1.000000000000000E+00
    2.000000000000000E+00    7.500000000000001E-02    1.000000000000000E+00
    2.100000000000000E+00    7.500000000000001E-02    1.000000000000000E+00
    2.200000000000000E+00    7.500000000000001E-02    1.000000000000000E+00
    2.300000000000000E+00    7.500000000000001E-02    1.000000000000000E+00
    2.400000000000000E+00    7.500000000000001E-02    1.000000000000000E+00
    2.500000000000000E+00    7.500000000000001E-02    1.000000000000000E+00
    2.600000000000000E+00    7.500000000000001E-02    1.000000000000000E+00
    2.700000000000000E+00    7.500000000000001E-02    1.000000000000000E+00
    2.800000000000000E+00    7.500000000000001E-02    1.000000000000000E+00
    2.900000000000000E+00    7.500000000000001E-02    1.000000000000000E+00
    3.000000000000000E+00    7.500000000000001E-02    1.000000000000000E+00
    3.100000000000000E+00    7.500000000000001E-02    1.000000000000000E+00
    3.200000000000000E+00    7.500000000000001E-02    1.000000000000000E+00
    3.300000000000000E+00    7.500000000000001E-02    1.000000000000000E+00
    3.400000000000000E+00    7.500000000000001E-02    1.000000000000000E+00
    3.500000000000000E+00    7.500000000000001E-02    1.000000000000000E+00
    3.600000000000000E+00    7.500000000000001E-02    1.000000000000000E+00
    3.700000000000000E+00    7.500000000000001E-02    1.000000000000000E+00
    3.800000000000000E+00    7.500000000000001E-02    1.000000000000000E+00
    3.900000000000000E+00    7.500000000000001E-02    1.000000000000000E+00
    4.000000000000000E+00    7.500000000000001E-02    1.000000000000000E+00
    4.100000000000001E+00    7.500000000000001E-02    1.000000000000000E+00
    4.200000000000000E+00    7.500000000000001E-02    1.000000000000000E+00
    4.300000000000000E+00    7.500000000000001E-02    1.000000000000000E+00
    4.400000000000000E+00    7.500000000000001E-02    1.000000000000000E+00
    4.500000000000000E+00    7.500000000000001E-02    1.000000000000000E+00
    4.600000000000001E+00    7.500000000000001E-02    1.000000000000000E+00
    4.700000000000000E+00    7.500000000000001E-02    1.000000000000000E+00
    4.800000000000001E+00    7.500000000000001E-02    1.000000000000000E+00
    4.900000000000000E+00    7.500000000000001E-02    1.000000000000000E+00
    5.000000000000000E+00    7.500000000000001E-02    1.000000000000000E+00
    5.100000000000001E+00    7.500000000000001E-02    1.000000000000000E+00
    5.200000000000000E+00    7.500000000000001E-02    1.000000000000000E+00
    5.300000000000001E+00    7.500000000000001E-02    1.000000000000000E+00
    5.400000000000000E+00    7.500000000000001E-02    1.000000000000000E+00
    5.500000000000000E+00    7.500000000000001E-02    1.000000000000000E+00
    5.600000000000001E+00    7.500000000000001E-02    1.000000000000000E+00
    5.700000000000000E+00    7.500000000000001E-02    1.000000000000000E+00
    5.800000000000001E+00    7.500000000000001E-02    1.000000000000000E+00
    5.900000000000000E+00    7.500000000000001E-02    1.000000000000000E+00
    6.000000000000000E+00    7.500000000000001E-02    1.000000000000000E+00
    6.100000000000001E+00    7.500000000000001E-02    1.000000000000000E+00
    6.200000000000000E+00    7.500000000000001E-02    1.000000000000000E+00
    6.300000000000001E+00    7.500000000000001E-02    1.000000000000000E+00
    6.400000000000000E+00    7.500000000000001E-02    1.000000000000000E+00
    6.500000000000000E+00    7.500000000000001E-02    1.000000000000000E+00
    6.600000000000001E+00    7.500000000000001E-02    1.000000000000000E+00
    6.700000000000000E+00    7.500000000000001E-02    1.000000000000000E+00
    6.800000000000001E+00    7.500000000000001E-02    1.000000000000000E+00
    6.900000000000000E+00    7.500000000000001E-02    1.000000000000000E+00
    7.000000000000000E+00    7.500000000000001E-02    1.000000000000000E+00
    7.100000000000001E+00    7.500000000000001E-02    1.000000000000000E+00
    7.200000000000000E+00    7.500000000000001E-02    1.000000000000000E+00
    7.300000000000001E+00    7.500000000000001E-02    1.000000000000000E+00
    7.400000000000000E+00    7.500000000000001E-02    1.000000000000000E+00
    7.500000000000000E+00    7.500000000000001E-02    1.000000000000000E+00
    7.600000000000001E+00    7.500000000000001E-02    1.000000000000000E+00
    7.700000000000000E+00    7.500000000000001E-02    1.000000000000000E+00
    7.800000000000001E+00    7.500000000000001E-02    1.000000000000000E+00
    7.900000000000000E+00    7.500000000000001E-02    1.000000000000000E+00
    8.000000000000000E+00    7.500000000000001E-02    1.000000000000000E+00
    0.000000000000000E+00    1.000000000000000E-01    1.000000000000000E+00
    1.000000000000000E-01    1.000000000000000E-01    1.000000000000000E+00
    2.000000000000000E-01    1.000000000000000E-01    1.000000000000000E+00
    3.000000000000000E-01    1.000000000000000E-01    1.000000000000000E+00
    4.000000000000000E-01    1.000000000000000E-01    1.000000000000000E+00
    5.000000000000000E-01    1.000000000000000E-01    1.000000000000000E+00
    6.000000000000001E-01    1.000000000000000E-01    1.000000000000000E+00
    7.000000000000001E-01    1.000000000000000E-01    1.000000000000000E+00
    8.000000000000000E-01    1.000000000000000E-01    1.000000000000000E+00
    9.000000000000000E-01    1.000000000000000E-01    1.000000000000000E+00
    1.000000000000000E+00    1.000000000000000E-01    1.000000000000000E+00
    1.100000000000000E+00    1.000000000000000E-01    1.000000000000000E+00
    1.200000000000000E+00    1.000000000000000E-01    1.000000000000000E+00
    1.300000000000000E+00    1.000000000000000E-01    1.000000000000000E+00
    1.400000000000000E+00    1.000000000000000E-01    1.000000000000000E+00
    1.500000000000000E+00    1.000000000000000E-01    1.000000000000000E+00
    1.600000000000000E+00    1.000000000000000E-01    1.000000000000000E+00
    1.700000000000000E+00    1.000000000000000E-01    1.000000000000000E+00
    1.800000000000000E+00    1.000000000000000E-01    1.000000000000000E+00
    1.900000000000000E+00    1.000000000000000E-01    1.000000000000000E+00
    2.000000000000000E+00    1.000000000000000E-01    1.000000000000000E+00
    2.100000000000000E+00    1.000000000000000E-01    1.000000000000000E+00
    2.200000000000000E+00    1.000000000000000E-01    1.000000000000000E+00
    2.300000000000000E+00    1.000000000000000E-01    1.000000000000000E+00
    2.400000000000000E+00    1.000000000000000E-01    1.000000000000000E+00
    2.500000000000000E+00    1.000000000000000E-01    1.000000000000000E+00
    2.600000000000000E+00    1.000000000000000E-01    1.000000000000000E+00
    2.700000000000000E+00    1.000000000000000E-01    1.000000000000000E+00
    2.800000000000000E+00    1.000000000000000E-01    1.000000000000000E+00
    2.900000000000000E+00    1.000000000000000E-01    1.000000000000000E+00
    3.000000000000000E+00    1.000000000000000E-01    1.000000000000000E+00
    3.100000000000000E+00    1.000000000000000E-01    1.000000000000000E+00
    3.200000000000000E+00    1.000000000000000E-01    1.000000000000000E+00
    3.300000000000000E+00    1.000000000000000E-01    1.000000000000000E+00
    3.400000000000000E+00    1.000000000000000E-01    1.000000000000000E+00
    3.500000000000000E+00    1.000000000000000E-01    1.000000000000000E+00
    3.600000000000000E+00    1.000000000000000E-01    1.000000000000000E+00
    3.700000000000000E+00    1.000000000000000E-01    1.000000000000000E+00
    3.800000000000000E+00    1.000000000000000E-01    1.000000000000000E+00
    3.900000000000000E+00    1.000000000000000E-01    1.000000000000000E+00
    4.000000000000000E+00    1.000000000000000E-01    1.000000000000000E+00
    4.100000000000001E+00    1.000000000000000E-01    1.000000000000000E+00
    4.200000000000000E+00    1.000000000000000E-01    1.000000000000000E+00
    4.300000000000000E+00    1.000000000000000E-01    1.000000000000000E+00
    4.400000000000000E+00    1.000000000000000E-01    1.000000000000000E+00
    4.500000000000000E+00    1.000000000000000E-01    1.000000000000000E+00
    4.600000000000001E+00    1.000000000000000E-01    1.000000000000000E+00
    4.700000000000000E+00    1.000000000000000E-01    1.000000000000000E+00
    4.800000000000001E+00    1.000000000000000E-01    1.000000000000000E+00
    4.900000000000000E+00    1.000000000000000E-01    1.000000000000000E+00
    5.000000000000000E+00    1.000000000000000E-01    1.000000000000000E+00
    5.100000000000001E+00    1.000000000000000E-01    1.000000000000000E+00
    5.200000000000000E+00    1.000000000000000E-01    1.000000000000000E+00
    5.300000000000001E+00    1.000000000000000E-01    1.000000000000000E+00
    5.400000000000000E+00    1.000000000000000E-01    1.000000000000000E+00
    5.500000000000000E+00    1.000000000000000E-01    1.000000000000000E+00
    5.600000000000001E+00    1.000000000000000E-01    1.000000000000000E+00
    5.700000000000000E+00    1.000000000000000E-01    1.000000000000000E+00
    5.800000000000001E+00    1.000000000000000E-01    1.000000000000000E+00
    5.900000000000000E+00    1.000000000000000E-01    1.000000000000000E+00
    6.000000000000000E+00    1.000000000000000E-01    1.000000000000000E+00
    6.100000000000001E+00    1.000000000000000E-01    1.000000000000000E+00
    6.200000000000000E+00    1.000000000000000E-01    1.000000000000000E+00
    6.300000000000001E+00    1.000000000000000E-01    1.000000000000000E+00
    6.400000000000000E+00    1.000000000000000E-01    1.000000000000000E+00
    6.500000000000000E+00    1.000000000000000E-01    1.000000000000000E+00
    6.600000000000001E+00    1.000000000000000E-01    1.000000000000000E+00
    6.700000000000000E+00    1.000000000000000E-01    1.000000000000000E+00
    6.800000000000001E+00    1.000000000000000E-01    1.000000000000000E+00
    6.900000000000000E+00    1.000000000000000E-01    1.000000000000000E+00
    7.000000000000000E+00    1.000000000000000E-01    1.000000000000000E+00
    7.100000000000001E+00    1.000000000000000E-01    1.000000000000000E+00
    7.200000000000000E+00    1.000000000000000E-01    1.000000000000000E+00
    7.300000000000001E+00    1.000000000000000E-01    1.000000000000000E+00
    7.400000000000000E+00    1.000000000000000E-01    1.000000000000000E+00
    7.500000000000000E+00    1.000000000000000E-01    1.000000000000000E+00
    7.600000000000001E+00    1.000000000000000E-01    1.000000000000000E+00
    7.700000000000000E+00    1.000000000000000E-01    1.000000000000000E+00
    7.800000000000001E+00    1.000000000000000E-01    1.000000000000000E+00
    7.900000000000000E+00    1.000000000000000E-01    1.000000000000000E+00
    8.000000000000000E+00    1.000000000000000E-01    1.000000000000000E+00
    0.000000000000000E+00    1.250000000000000E-01    1.000000000000000E+00
    1.000000000000000E-01    1.250000000000000E-01    1.000000000000000E+00
    2.000000000000000E-01    1.250000000000000E-01    1.000000000000000E+00
    3.000000000000000E-01    1.250000000000000E-01    1.000000000000000E+00
    4.000000000000000E-01    1.250000000000000E-01    1.000000000000000E+00
    5.000000000000000E-01    1.250000000000000E-01    1.000000000000000E+00
    6.000000000000001E-01    1.250000000000000E-01    1.000000000000000E+00
    7.000000000000001E-01    1.250000000000000E-01    1.000000000000000E+00
    8.000000000000000E-01    1.250000000000000E-01    1.000000000000000E+00
    9.000000000000000E-01    1.250000000000000E-01    1.000000000000000E+00
    1.000000000000000E+00    1.250000000000000E-01    1.000000000000000E+00
    1.100000000000000E+00    1.250000000000000E-01    1.000000000000000E+00
    1.200000000000000E+00    1.250000000000000E-01    1.000000000000000E+00
    1.300000000000000E+00    1.250000000000000E-01    1.000000000000000E+00
    1.400000000000000E+00    1.250000000000000E-01    1.000000000000000E+00
    1.500000000000000E+00    1.250000000000000E-01    1.000000000000000E+00
    1.600000000000000E+00    1.250000000000000E-01    1.000000000000000E+00
    1.700000000000000E+00    1.250000000000000E-01    1.000000000000000E+00
    1.800000000000000E+00    1.250000000000000E-01    1.000000000000000E+00
    1.900000000000000E+00    1.250000000000000E-01    1.000000000000000E+00
    2.000000000000000E+00    1.250000000000000E-01    1.000000000000000E+00
    2.100000000000000E+00    1.250000000000000E-01    1.000000000000000E+00
    2.200000000000000E+00    1.250000000000000E-01    1.000000000000000E+00
    2.300000000000000E+00    1.250000000000000E-01    1.000000000000000E+00
    2.400000000000000E+00    1.250000000000000E-01    1.000000000000000E+00
    2.500000000000000E+00    1.250000000000000E-01    1.000000000000000E+00
    2.600000000000000E+00    1.250000000000000E-01    1.000000000000000E+00
    2.700000000000000E+00    1.250000000000000E-01    1.000000000000000E+00
    2.800000000000000E+00    1.250000000000000E-01    1.000000000000000E+00
    2.900000000000000E+00    1.250000000000000E-01    1.000000000000000E+00
    3.000000000000000E+00    1.250000000000000E-01    1.000000000000000E+00
    3.100000000000000E+00    1.250000000000000E-01    1.000000000000000E+00
    3.200000000000000E+00    1.250000000000000E-01    1.000000000000000E+00
    3.300000000000000E+00    1.250000000000000E-01    1.000000000000000E+00
    3.400000000000000E+00    1.250000000000000E-01    1.000000000000000E+00
    3.500000000000000E+00    1.250000000000000E-01    1.000000000000000E+00
    3.600000000000000E+00    1.250000000000000E-01    1.000000000000000E+00
    3.700000000000000E+00    1.250000000000000E-01    1.000000000000000E+00
    3.800000000000000E+00    1.250000000000000E-01    1.000000000000000E+00
    3.900000000000000E+00    1.250000000000000E-01    1.000000000000000E+00
    4.000000000000000E+00    1.250000000000000E-01    1.000000000000000E+00
    4.100000000000001E+00    1.250000000000000E-01    1.000000000000000E+00
    4.200000000000000E+00    1.250000000000000E-01    1.000000000000000E+00
    4.300000000000000E+00    1.250000000000000E-01    1.000000000000000E+00
    4.400000000000000E+00    1.250000000000000E-01    1.000000000000000E+00
    4.500000000000000E+00    1.250000000000000E-01    1.000000000000000E+00
    4.600000000000001E+00    1.250000000000000E-01    1.000000000000000E+00
    4.700000000000000E+00    1.250000000000000E-01    1.000000000000000E+00
    4.800000000000001E+00    1.250000000000000E-01    1.000000000000000E+00
    4.900000000000000E+00    1.250000000000000E-01    1.000000000000000E+00
    5.000000000000000E+00    1.250000000000000E-01    1.000000000000000E+00
    5.100000000000001E+00    1.250000000000000E-01    1.000000000000000E+00
    5.200000000000000E+00    1.250000000000000E-01    1.000000000000000E+00
    5.300000000000001E+00    1.250000000000000E-01    1.000000000000000E+00
    5.400000000000000E+00    1.250000000000000E-01    1.000000000000000E+00
    5.500000000000000E+00    1.250000000000000E-01    1.000000000000000E+00
    5.600000000000001E+00    1.250000000000000E-01    1.000000000000000E+00
    5.700000000000000E+00    1.250000000000000E-01    1.000000000000000E+00
    5.800000000000001E+00    1.250000000000000E-01    1.000000000000000E+00
    5.900000000000000E+00    1.250000000000000E-01    1.000000000000000E+00
    6.000000000000000E+00    1.250000000000000E-01    1.000000000000000E+00
    6.100000000000001E+00    1.250000000000000E-01    1.000000000000000E+00
    6.200000000000000E+00    1.250000000000000E-01    1.000000000000000E+00
    6.300000000000001E+00    1.250000000000000E-01    1.000000000000000E+00
    6.400000000000000E+00    1.250000000000000E-01    1.000000000000000E+00
    6.500000000000000E+00    1.250000000000000E-01    1.000000000000000E+00
    6.600000000000001E+00    1.250000000000000E-01    1.000000000000000E+00
    6.700000000000000E+00    1.250000000000000E-01    1.000000000000000E+00
    6.800000000000001E+00    1.250000000000000E-01    1.000000000000000E+00
    6.900000000000000E+00    1.250000000000000E-01    1.000000000000000E+00
    7.000000000000000E+00    1.250000000000000E-01    1.000000000000000E+00
    7.100000000000001E+00    1.250000000000000E-01    1.000000000000000E+00
    7.200000000000000E+00    1.250000000000000E-01    1.000000000000000E+00
    7.300000000000001E+00    1.250000000000000E-01    1.000000000000000E+00
    7.400000000000000E+00    1.250000000000000E-01    1.000000000000000E+00
    7.500000000000000E+00    1.250000000000000E-01    1.000000000000000E+00
    7.600000000000001E+00    1.250000000000000E-01    1.000000000000000E+00
    7.700000000000000E+00    1.250000000000000E-01    1.000000000000000E+00
    7.800000000000001E+00    1.250000000000000E-01    1.000000000000000E+00
    7.900000000000000E+00    1.250000000000000E-01    1.000000000000000E+00
    8.000000000000000E+00    1.250000000000000E-01    1.000000000000000E+00
    0.000000000000000E+00    1.500000000000000E-01    1.000000000000000E+00
    1.000000000000000E-01    1.500000000000000E-01    1.000000000000000E+00
    2.000000000000000E-01    1.500000000000000E-01    1.000000000000000E+00
    3.000000000000000E-01    1.500000000000000E-01    1.000000000000000E+00
    4.000000000000000E-01    1.500000000000000E-01    1.000000000000000E+00
    5.000000000000000E-01    1.500000000000000E-01    1.000000000000000E+00
    6.000000000000001E-01    1.500000000000000E-01    1.000000000000000E+00
    7.000000000000001E-01    1.500000000000000E-01    1.000000000000000E+00
    8.000000000000000E-01    1.500000000000000E-01    1.000000000000000E+00
    9.000000000000000E-01    1.500000000000000E-01    1.000000000000000E+00
    1.000000000000000E+00    1.500000000000000E-01    1.000000000000000E+00
    1.100000000000000E+00    1.500000000000000E-01    1.000000000000000E+00
    1.200000000000000E+00    1.500000000000000E-01    1.000000000000000E+00
    1.300000000000000E+00    1.500000000000000E-01    1.000000000000000E+00
    1.400000000000000E+00    1.500000000000000E-01    1.000000000000000E+00
    1.500000000000000E+00    1.500000000000000E-01    1.000000000000000E+00
    1.600000000000000E+00    1.500000000000000E-01    1.000000000000000E+00
    1.700000000000000E+00    1.500000000000000E-01    1.000000000000000E+00
    1.800000000000000E+00    1.500000000000000E-01    1.000000000000000E+00
    1.900000000000000E+00    1.500000000000000E-01    1.000000000000000E+00
    2.000000000000000E+00    1.500000000000000E-01    1.000000000000000E+00
    2.100000000000000E+00    1.500000000000000E-01    1.000000000000000E+00
    2.200000000000000E+00    1.500000000000000E-01    1.000000000000000E+00
    2.300000000000000E+00    1.500000000000000E-01    1.000000000000000E+00
    2.400000000000000E+00    1.500000000000000E-01    1.000000000000000E+00
    2.500000000000000E+00    1.500000000000000E-01    1.000000000000000E+00
    2.600000000000000E+00    1.500000000000000E-01    1.000000000000000E+00
    2.700000000000000E+00    1.500000000000000E-01    1.000000000000000E+00
    2.800000000000000E+00    1.500000000000000E-01    1.000000000000000E+00
    2.900000000000000E+00    1.500000000000000E-01    1.000000000000000E+00
    3.000000000000000E+00    1.500000000000000E-01    1.000000000000000E+00
    3.100000000000000E+00    1.500000000000000E-01    1.000000000000000E+00
    3.200000000000000E+00    1.500000000000000E-01    1.000000000000000E+00
    3.300000000000000E+00    1.500000000000000E-01    1.000000000000000E+00
    3.400000000000000E+00    1.500000000000000E-01    1.000000000000000E+00
    3.500000000000000E+00    1.500000000000000E-01    1.000000000000000E+00
    3.600000000000000E+00    1.500000000000000E-01    1.000000000000000E+00
    3.700000000000000E+00    1.500000000000000E-01    1.000000000000000E+00
    3.800000000000000E+00    1.500000000000000E-01    1.000000000000000E+00
    3.900000000000000E+00    1.500000000000000E-01    1.000000000000000E+00
    4.000000000000000E+00    1.500000000000000E-01    1.000000000000000E+00
    4.100000000000001E+00    1.500000000000000E-01    1.000000000000000E+00
    4.200000000000000E+00    1.500000000000000E-01    1.000000000000000E+00
    4.300000000000000E+00    1.500000000000000E-01    1.000000000000000E+00
    4.400000000000000E+00    1.500000000000000E-01    1.000000000000000E+00
    4.500000000000000E+00    1.500000000000000E-01    1.000000000000000E+00
    4.600000000000001E+00    1.500000000000000E-01    1.000000000000000E+00
    4.700000000000000E+00    1.500000000000000E-01    1.000000000000000E+00
    4.800000000000001E+00    1.500000000000000E-01    1.000000000000000E+00
    4.900000000000000E+00    1.500000000000000E-01    1.000000000000000E+00
    5.000000000000000E+00    1.500000000000000E-01    1.000000000000000E+00
    5.100000000000001E+00    1.500000000000000E-01    1.000000000000000E+00
    5.200000000000000E+00    1.500000000000000E-01    1.000000000000000E+00
    5.300000000000001E+00    1.500000000000000E-01    1.000000000000000E+00
    5.400000000000000E+00    1.500000000000000E-01    1.000000000000000E+00
    5.500000000000000E+00    1.500000000000000E-01    1.000000000000000E+00
    5.600000000000001E+00    1.500000000000000E-01    1.000000000000000E+00
    5.700000000000000E+00    1.500000000000000E-01    1.000000000000000E+00
    5.800000000000001E+00    1.500000000000000E-01    1.000000000000000E+00
    5.900000000000000E+00    1.500000000000000E-01    1.000000000000000E+00
    6.000000000000000E+00    1.500000000000000E-01    1.000000000000000E+00
    6.100000000000001E+00    1.500000000000000E-01    1.000000000000000E+00
    6.200000000000000E+00    1.500000000000000E-01    1.000000000000000E+00
    6.300000000000001E+00    1.500000000000000E-01    1.000000000000000E+00
    6.400000000000000E+00    1.500000000000000E-01    1.000000000000000E+00
    6.500000000000000E+00    1.500000000000000E-01    1.000000000000000E+00
    6.600000000000001E+00    1.500000000000000E-01    1.000000000000000E+00
    6.700000000000000E+00    1.500000000000000E-01    1.000000000000000E+00
    6.800000000000001E+00    1.500000000000000E-01    1.000000000000000E+00
    6.900000000000000E+00    1.500000000000000E-01    1.000000000000000E+00
    7.000000000000000E+00    1.500000000000000E-01    1.000000000000000E+00
    7.100000000000001E+00    1.500000000000000E-01    1.000000000000000E+00
    7.200000000000000E+00    1.500000000000000E-01    1.000000000000000E+00
    7.300000000000001E+00    1.500000000000000E-01    1.000000000000000E+00
    7.400000000000000E+00    1.500000000000000E-01    1.000000000000000E+00
    7.500000000000000E+00    1.500000000000000E-01    1.000000000000000E+00
    7.600000000000001E+00    1.500000000000000E-01    1.000000000000000E+00
    7.700000000000000E+00    1.500000000000000E-01    1.000000000000000E+00
    7.800000000000001E+00    1.500000000000000E-01    1.000000000000000E+00
    7.900000000000000E+00    1.500000000000000E-01    1.000000000000000E+00
    8.000000000000000E+00    1.500000000000000E-01    1.000000000000000E+00
    0.000000000000000E+00    1.750000000000000E-01    1.000000000000000E+00
    1.000000000000000E-01    1.750000000000000E-01    1.000000000000000E+00
    2.000000000000000E-01    1.750000000000000E-01    1.000000000000000E+00
    3.000000000000000E-01    1.750000000000000E-01    1.000000000000000E+00
    4.000000000000000E-01    1.750000000000000E-01    1.000000000000000E+00
    5.000000000000000E-01    1.750000000000000E-01    1.000000000000000E+00
    6.000000000000001E-01    1.750000000000000E-01    1.000000000000000E+00
    7.000000000000001E-01    1.750000000000000E-01    1.000000000000000E+00
    8.000000000000000E-01    1.750000000000000E-01    1.000000000000000E+00
    9.000000000000000E-01    1.750000000000000E-01    1.000000000000000E+00
    1.000000000000000E+00    1.750000000000000E-01    1.000000000000000E+00
    1.100000000000000E+00    1.750000000000000E-01    1.000000000000000E+00
    1.200000000000000E+00    1.750000000000000E-01    1.000000000000000E+00
    1.300000000000000E+00    1.750000000000000E-01    1.000000000000000E+00
    1.400000000000000E+00    1.750000000000000E-01    1.000000000000000E+00
    1.500000000000000E+00    1.750000000000000E-01    1.000000000000000E+00
    1.600000000000000E+00    1.750000000000000E-01    1.000000000000000E+00
    1.700000000000000E+00    1.750000000000000E-01    1.000000000000000E+00
    1.800000000000000E+00    1.750000000000000E-01    1.000000000000000E+00
    1.900000000000000E+00    1.750000000000000E-01    1.000000000000000E+00
    2.000000000000000E+00    1.750000000000000E-01    1.000000000000000E+00
    2.100000000000000E+00    1.750000000000000E-01    1.000000000000000E+00
    2.200000000000000E+00    1.750000000000000E-01    1.000000000000000E+00
    2.300000000000000E+00    1.750000000000000E-01    1.000000000000000E+00
    2.400000000000000E+00    1.750000000000000E-01    1.000000000000000E+00
    2.500000000000000E+00    1.750000000000000E-01    1.000000000000000E+00
    2.600000000000000E+00    1.750000000000000E-01    1.000000000000000E+00
    2.700000000000000E+00    1.750000000000000E-01    1.000000000000000E+00
    2.800000000000000E+00    1.750000000000000E-01    1.000000000000000E+00
    2.900000000000000E+00    1.750000000000000E-01    1.000000000000000E+00
    3.000000000000000E+00    1.750000000000000E-01    1.000000000000000E+00
    3.100000000000000E+00    1.750000000000000E-01    1.000000000000000E+00
    3.200000000000000E+00    1.750000000000000E-01    1.000000000000000E+00
    3.300000000000000E+00    1.750000000000000E-01    1.000000000000000E+00
    3.400000000000000E+00    1.750000000000000E-01    1.000000000000000E+00
    3.500000000000000E+00    1.750000000000000E-01    1.000000000000000E+00
    3.600000000000000E+00    1.750000000000000E-01    1.000000000000000E+00
    3.700000000000000E+00    1.750000000000000E-01    1.000000000000000E+00
    3.800000000000000E+00    1.750000000000000E-01    1.000000000000000E+00
    3.900000000000000E+00    1.750000000000000E-01    1.000000000000000E+00
    4.000000000000000E+00    1.750000000000000E-01    1.000000000000000E+00
    4.100000000000001E+00    1.750000000000000E-01    1.000000000000000E+00
    4.200000000000000E+00    1.750000000000000E-01    1.000000000000000E+00
    4.300000000000000E+00    1.750000000000000E-01    1.000000000000000E+00
    4.400000000000000E+00    1.750000000000000E-01    1.000000000000000E+00
    4.500000000000000E+00    1.750000000000000E-01    1.000000000000000E+00
    4.600000000000001E+00    1.750000000000000E-01    1.000000000000000E+00
    4.700000000000000E+00    1.750000000000000E-01    1.000000000000000E+00
    4.800000000000001E+00    1.750000000000000E-01    1.000000000000000E+00
    4.900000000000000E+00    1.750000000000000E-01    1.000000000000000E+00
    5.000000000000000E+00    1.750000000000000E-01    1.000000000000000E+00
    5.100000000000001E+00    1.750000000000000E-01    1.000000000000000E+00
    5.200000000000000E+00    1.750000000000000E-01    1.000000000000000E+00
    5.300000000000001E+00    1.750000000000000E-01    1.000000000000000E+00
    5.400000000000000E+00    1.750000000000000E-01    1.000000000000000E+00
    5.500000000000000E+00    1.750000000000000E-01    1.000000000000000E+00
    5.600000000000001E+00    1.750000000000000E-01    1.000000000000000E+00
    5.700000000000000E+00    1.750000000000000E-01    1.000000000000000E+00
    5.800000000000001E+00    1.750000000000000E-01    1.000000000000000E+00
    5.900000000000000E+00    1.750000000000000E-01    1.000000000000000E+00
    6.000000000000000E+00    1.750000000000000E-01    1.000000000000000E+00
    6.100000000000001E+00    1.750000000000000E-01    1.000000000000000E+00
    6.200000000000000E+00    1.750000000000000E-01    1.000000000000000E+00
    6.300000000000001E+00    1.750000000000000E-01    1.000000000000000E+00
    6.400000000000000E+00    1.750000000000000E-01    1.000000000000000E+00
    6.500000000000000E+00    1.750000000000000E-01    1.000000000000000E+00
    6.600000000000001E+00    1.750000000000000E-01    1.000000000000000E+00
    6.700000000000000E+00    1.750000000000000E-01    1.000000000000000E+00
    6.800000000000001E+00    1.750000000000000E-01    1.000000000000000E+00
    6.900000000000000E+00    1.750000000000000E-01    1.000000000000000E+00
    7.000000000000000E+00    1.750000000000000E-01    1.000000000000000E+00
    7.100000000000001E+00    1.750000000000000E-01    1.000000000000000E+00
    7.200000000000000E+00    1.750000000000000E-01    1.000000000000000E+00
    7.300000000000001E+00    1.750000000000000E-01    1.000000000000000E+00
    7.400000000000000E+00    1.750000000000000E-01    1.000000000000000E+00
    7.500000000000000E+00    1.750000000000000E-01    1.000000000000000E+00
    7.600000000000001E+00    1.750000000000000E-01    1.000000000000000E+00
    7.700000000000000E+00    1.750000000000000E-01    1.000000000000000E+00
    7.800000000000001E+00    1.750000000000000E-01    1.000000000000000E+00
    7.900000000000000E+00    1.750000000000000E-01    1.000000000000000E+00
    8.000000000000000E+00    1.750000000000000E-01    1.000000000000000E+00
    0.000000000000000E+00    2.000000000000000E-01    1.000000000000000E+00
    1.000000000000000E-01    2.000000000000000E-01    1.000000000000000E+00
    2.000000000000000E-01    2.000000000000000E-01    1.000000000000000E+00
    3.000000000000000E-01    2.000000000000000E-01    1.000000000000000E+00
    4.000000000000000E-01    2.000000000000000E-01    1.000000000000000E+00
    5.000000000000000E-01    2.000000000000000E-01    1.000000000000000E+00
    6.000000000000001E-01    2.000000000000000E-01    1.000000000000000E+00
    7.000000000000001E-01    2.000000000000000E-01    1.000000000000000E+00
    8.000000000000000E-01    2.000000000000000E-01    1.000000000000000E+00
    9.000000000000000E-01    2.000000000000000E-01    1.000000000000000E+00
    1.000000000000000E+00    2.000000000000000E-01    1.000000000000000E+00
    1.100000000000000E+00    2.000000000000000E-01    1.000000000000000E+00
    1.200000000000000E+00    2.000000000000000E-01    1.000000000000000E+00
    1.300000000000000E+00    2.000000000000000E-01    1.000000000000000E+00
    1.400000000000000E+00    2.000000000000000E-01    1.000000000000000E+00
    1.500000000000000E+00    2.000000000000000E-01    1.000000000000000E+00
    1.600000000000000E+00    2.000000000000000E-01    1.000000000000000E+00
    1.700000000000000E+00    2.000000000000000E-01    1.000000000000000E+00
    1.800000000000000E+00    2.000000000000000E-01    1.000000000000000E+00
    1.900000000000000E+00    2.000000000000000E-01    1.000000000000000E+00
    2.000000000000000E+00    2.000000000000000E-01    1.000000000000000E+00
    2.100000000000000E+00    2.000000000000000E-01    1.000000000000000E+00
    2.200000000000000E+00    2.000000000000000E-01    1.000000000000000E+00
    2.300000000000000E+00    2.000000000000000E-01    1.000000000000000E+00
    2.400000000000000E+00    2.000000000000000E-01    1.000000000000000E+00
    2.500000000000000E+00    2.000000000000000E-01    1.000000000000000E+00
    2.600000000000000E+00    2.000000000000000E-01    1.000000000000000E+00
    2.700000000000000E+00    2.000000000000000E-01    1.000000000000000E+00
    2.800000000000000E+00    2.000000000000000E-01    1.000000000000000E+00
    2.900000000000000E+00    2.000000000000000E-01    1.000000000000000E+00
    3.000000000000000E+00    2.000000000000000E-01    1.000000000000000E+00
    3.100000000000000E+00    2.000000000000000E-01    1.000000000000000E+00
    3.200000000000000E+00    2.000000000000000E-01    1.000000000000000E+00
    3.300000000000000E+00    2.000000000000000E-01    1.000000000000000E+00
    3.400000000000000E+00    2.000000000000000E-01    1.000000000000000E+00
    3.500000000000000E+00    2.000000000000000E-01    1.000000000000000E+00
    3.600000000000000E+00    2.000000000000000E-01    1.000000000000000E+00
    3.700000000000000E+00    2.000000000000000E-01    1.000000000000000E+00
    3.800000000000000E+00    2.000000000000000E-01    1.000000000000000E+00
    3.900000000000000E+00    2.000000000000000E-01    1.000000000000000E+00
    4.000000000000000E+00    2.000000000000000E-01    1.000000000000000E+00
    4.100000000000001E+00    2.000000000000000E-01    1.000000000000000E+00
    4.200000000000000E+00    2.000000000000000E-01    1.000000000000000E+00
    4.300000000000000E+00    2.000000000000000E-01    1.000000000000000E+00
    4.400000000000000E+00    2.000000000000000E-01    1.000000000000000E+00
    4.500000000000000E+00    2.000000000000000E-01    1.000000000000000E+00
    4.600000000000001E+00    2.000000000000000E-01    1.000000000000000E+00
    4.700000000000000E+00    2.000000000000000E-01    1.000000000000000E+00
    4.800000000000001E+00    2.000000000000000E-01    1.000000000000000E+00
    4.900000000000000E+00    2.000000000000000E-01    1.000000000000000E+00
    5.000000000000000E+00    2.000000000000000E-01    1.000000000000000E+00
    5.100000000000001E+00    2.000000000000000E-01    1.000000000000000E+00
    5.200000000000000E+00    2.000000000000000E-01    1.000000000000000E+00
    5.300000000000001E+00    2.000000000000000E-01    1.000000000000000E+00
    5.400000000000000E+00    2.000000000000000E-01    1.000000000000000E+00
    5.500000000000000E+00    2.000000000000000E-01    1.000000000000000E+00
    5.600000000000001E+00    2.000000000000000E-01    1.000000000000000E+00
    5.700000000000000E+00    2.000000000000000E-01    1.000000000000000E+00
    5.800000000000001E+00    2.000000000000000E-01    1.000000000000000E+00
    5.900000000000000E+00    2.000000000000000E-01    1.000000000000000E+00
    6.000000000000000E+00    2.000000000000000E-01    1.000000000000000E+00
    6.100000000000001E+00    2.000000000000000E-01    1.000000000000000E+00
    6.200000000000000E+00    2.000000000000000E-01    1.000000000000000E+00
    6.300000000000001E+00    2.000000000000000E-01    1.000000000000000E+00
    6.400000000000000E+00    2.000000000000000E-01    1.000000000000000E+00
    6.500000000000000E+00    2.000000000000000E-01    1.000000000000000E+00
    6.600000000000001E+00    2.000000000000000E-01    1.000000000000000E+00
    6.700000000000000E+00    2.000000000000000E-01    1.000000000000000E+00
    6.800000000000001E+00    2.000000000000000E-01    1.000000000000000E+00
    6.900000000000000E+00    2.000000000000000E-01    1.000000000000000E+00
    7.000000000000000E+00    2.000000000000000E-01    1.000000000000000E+00
    7.100000000000001E+00    2.000000000000000E-01    1.000000000000000E+00
    7.200000000000000E+00    2.000000000000000E-01    1.000000000000000E+00
    7.300000000000001E+00    2.000000000000000E-01    1.000000000000000E+00
    7.400000000000000E+00    2.000000000000000E-01    1.000000000000000E+00
    7.500000000000000E+00    2.000000000000000E-01    1.000000000000000E+00
    7.600000000000001E+00    2.000000000000000E-01    1.000000000000000E+00
    7.700000000000000E+00    2.000000000000000E-01    1.000000000000000E+00
    7.800000000000001E+00    2.000000000000000E-01    1.000000000000000E+00
    7.900000000000000E+00    2.000000000000000E-01    1.000000000000000E+00
    8.000000000000000E+00    2.000000000000000E-01    1.000000000000000E+00
    0.000000000000000E+00    2.250000000000000E-01    1.000000000000000E+00
    1.000000000000000E-01    2.250000000000000E-01    1.000000000000000E+00
    2.000000000000000E-01    2.250000000000000E-01    1.000000000000000E+00
    3.000000000000000E-01    2.250000000000000E-01    1.000000000000000E+00
    4.000000000000000E-01    2.250000000000000E-01    1.000000000000000E+00
    5.000000000000000E-01    2.250000000000000E-01    1.000000000000000E+00
    6.000000000000001E-01    2.250000000000000E-01    1.000000000000000E+00
    7.000000000000001E-01    2.250000000000000E-01    1.000000000000000E+00
    8.000000000000000E-01    2.250000000000000E-01    1.000000000000000E+00
    9.000000000000000E-01    2.250000000000000E-01    1.000000000000000E+00
    1.000000000000000E+00    2.250000000000000E-01    1.000000000000000E+00
    1.100000000000000E+00    2.250000000000000E-01    1.000000000000000E+00
    1.200000000000000E+00    2.250000000000000E-01    1.000000000000000E+00
    1.300000000000000E+00    2.250000000000000E-01    1.000000000000000E+00
    1.400000000000000E+00    2.250000000000000E-01    1.000000000000000E+00
    1.500000000000000E+00    2.250000000000000E-01    1.000000000000000E+00
    1.600000000000000E+00    2.250000000000000E-01    1.000000000000000E+00
    1.700000000000000E+00    2.250000000000000E-01    1.000000000000000E+00
    1.800000000000000E+00    2.250000000000000E-01    1.000000000000000E+00
    1.900000000000000E+00    2.250000000000000E-01    1.000000000000000E+00
    2.000000000000000E+00    2.250000000000000E-01    1.000000000000000E+00
    2.100000000000000E+00    2.250000000000000E-01    1.000000000000000E+00
    2.200000000000000E+00    2.250000000000000E-01    1.000000000000000E+00
    2.300000000000000E+00    2.250000000000000E-01    1.000000000000000E+00
    2.400000000000000E+00    2.250000000000000E-01    1.000000000000000E+00
    2.500000000000000E+00    2.250000000000000E-01    1.000000000000000E+00
    2.600000000000000E+00    2.250000000000000E-01    1.000000000000000E+00
    2.700000000000000E+00    2.250000000000000E-01    1.000000000000000E+00
    2.800000000000000E+00    2.250000000000000E-01    1.000000000000000E+00
    2.900000000000000E+00    2.250000000000000E-01    1.000000000000000E+00
    3.000000000000000E+00    2.250000000000000E-01    1.000000000000000E+00
    3.100000000000000E+00    2.250000000000000E-01    1.000000000000000E+00
    3.200000000000000E+00    2.250000000000000E-01    1.000000000000000E+00
    3.300000000000000E+00    2.250000000000000E-01    1.000000000000000E+00
    3.400000000000000E+00    2.250000000000000E-01    1.000000000000000E+00
    3.500000000000000E+00    2.250000000000000E-01    1.000000000000000E+00
    3.600000000000000E+00    2.250000000000000E-01    1.000000000000000E+00
    3.700000000000000E+00    2.250000000000000E-01    1.000000000000000E+00
    3.800000000000000E+00    2.250000000000000E-01    1.000000000000000E+00
    3.900000000000000E+00    2.250000000000000E-01    1.000000000000000E+00
    4.000000000000000E+00    2.250000000000000E-01    1.000000000000000E+00
    4.100000000000001E+00    2.250000000000000E-01    1.000000000000000E+00
    4.200000000000000E+00    2.250000000000000E-01    1.000000000000000E+00
    4.300000000000000E+00    2.250000000000000E-01    1.000000000000000E+00
    4.400000000000000E+00    2.250000000000000E-01    1.000000000000000E+00
    4.500000000000000E+00    2.250000000000000E-01    1.000000000000000E+00
    4.600000000000001E+00    2.250000000000000E-01    1.000000000000000E+00
    4.700000000000000E+00    2.250000000000000E-01    1.000000000000000E+00
    4.800000000000001E+00    2.250000000000000E-01    1.000000000000000E+00
    4.900000000000000E+00    2.250000000000000E-01    1.000000000000000E+00
    5.000000000000000E+00    2.250000000000000E-01    1.000000000000000E+00
    5.100000000000001E+00    2.250000000000000E-01    1.000000000000000E+00
    5.200000000000000E+00    2.250000000000000E-01    1.000000000000000E+00
    5.300000000000001E+00    2.250000000000000E-01    1.000000000000000E+00
    5.400000000000000E+00    2.250000000000000E-01    1.000000000000000E+00
    5.500000000000000E+00    2.250000000000000E-01    1.000000000000000E+00
    5.600000000000001E+00    2.250000000000000E-01    1.000000000000000E+00
    5.700000000000000E+00    2.250000000000000E-01    1.000000000000000E+00
    5.800000000000001E+00    2.250000000000000E-01    1.000000000000000E+00
    5.900000000000000E+00    2.250000000000000E-01    1.000000000000000E+00
    6.000000000000000E+00    2.250000000000000E-01    1.000000000000000E+00
    6.100000000000001E+00    2.250000000000000E-01    1.000000000000000E+00
    6.200000000000000E+00    2.250000000000000E-01    1.000000000000000E+00
    6.300000000000001E+00    2.250000000000000E-01    1.000000000000000E+00
    6.400000000000000E+00    2.250000000000000E-01    1.000000000000000E+00
    6.500000000000000E+00    2.250000000000000E-01    1.000000000000000E+00
    6.600000000000001E+00    2.250000000000000E-01    1.000000000000000E+00
    6.700000000000000E+00    2.250000000000000E-01    1.000000000000000E+00
    6.800000000000001E+00    2.250000000000000E-01    1.000000000000000E+00
    6.900000000000000E+00    2.250000000000000E-01    1.000000000000000E+00
    7.000000000000000E+00    2.250000000000000E-01    1.000000000000000E+00
    7.100000000000001E+00    2.250000000000000E-01    1.000000000000000E+00
    7.200000000000000E+00    2.250000000000000E-01    1.000000000000000E+00
    7.300000000000001E+00    2.250000000000000E-01    1.000000000000000E+00
    7.400000000000000E+00    2.250000000000000E-01    1.000000000000000E+00
    7.500000000000000E+00    2.250000000000000E-01    1.000000000000000E+00
    7.600000000000001E+00    2.250000000000000E-01    1.000000000000000E+00
    7.700000000000000E+00    2.250000000000000E-01    1.000000000000000E+00
    7.800000000000001E+00    2.250000000000000E-01    1.000000000000000E+00
    7.900000000000000E+00    2.250000000000000E-01    1.000000000000000E+00
    8.000000000000000E+00    2.250000000000000E-01    1.000000000000000E+00
    0.000000000000000E+00    2.500000000000000E-01    1.000000000000000E+00
    1.000000000000000E-01    2.500000000000000E-01    1.000000000000000E+00
    2.000000000000000E-01    2.500000000000000E-01    1.000000000000000E+00
    3.000000000000000E-01    2.500000000000000E-01    1.000000000000000E+00
    4.000000000000000E-01    2.500000000000000E-01    1.000000000000000E+00
    5.000000000000000E-01    2.500000000000000E-01    1.000000000000000E+00
    6.000000000000001E-01    2.500000000000000E-01    1.000000000000000E+00
    7.000000000000001E-01    2.500000000000000E-01    1.000000000000000E+00
    8.000000000000000E-01    2.500000000000000E-01    1.000000000000000E+00
    9.000000000000000E-01    2.500000000000000E-01    1.000000000000000E+00
    1.000000000000000E+00    2.500000000000000E-01    1.000000000000000E+00
    1.100000000000000E+00    2.500000000000000E-01    1.000000000000000E+00
    1.200000000000000E+00    2.500000000000000E-01    1.000000000000000E+00
    1.300000000000000E+00    2.500000000000000E-01    1.000000000000000E+00
    1.400000000000000E+00    2.500000000000000E-01    1.000000000000000E+00
    1.500000000000000E+00    2.500000000000000E-01    1.000000000000000E+00
    1.600000000000000E+00    2.500000000000000E-01    1.000000000000000E+00
    1.700000000000000E+00    2.500000000000000E-01    1.000000000000000E+00
    1.800000000000000E+00    2.500000000000000E-01    1.000000000000000E+00
    1.900000000000000E+00    2.500000000000000E-01    1.000000000000000E+00
    2.000000000000000E+00    2.500000000000000E-01    1.000000000000000E+00
    2.100000000000000E+00    2.500000000000000E-01    1.000000000000000E+00
    2.200000000000000E+00    2.500000000000000E-01    1.000000000000000E+00
    2.300000000000000E+00    2.500000000000000E-01    1.000000000000000E+00
    2.400000000000000E+00    2.500000000000000E-01    1.000000000000000E+00
    2.500000000000000E+00    2.500000000000000E-01    1.000000000000000E+00
    2.600000000000000E+00    2.500000000000000E-01    1.000000000000000E+00
    2.700000000000000E+00    2.500000000000000E-01    1.000000000000000E+00
    2.800000000000000E+00    2.500000000000000E-01    1.000000000000000E+00
    2.900000000000000E+00    2.500000000000000E-01    1.000000000000000E+00
    3.000000000000000E+00    2.500000000000000E-01    1.000000000000000E+00
    3.100000000000000E+00    2.500000000000000E-01    1.000000000000000E+00
    3.200000000000000E+00    2.500000000000000E-01    1.000000000000000E+00
    3.300000000000000E+00    2.500000000000000E-01    1.000000000000000E+00
    3.400000000000000E+00    2.500000000000000E-01    1.000000000000000E+00
    3.500000000000000E+00    2.500000000000000E-01    1.000000000000000E+00
    3.600000000000000E+00    2.500000000000000E-01    1.000000000000000E+00
    3.700000000000000E+00    2.500000000000000E-01    1.000000000000000E+00
    3.800000000000000E+00    2.500000000000000E-01    1.000000000000000E+00
    3.900000000000000E+00    2.500000000000000E-01    1.000000000000000E+00
    4.000000000000000E+00    2.500000000000000E-01    1.000000000000000E+00
    4.100000000000001E+00    2.500000000000000E-01    1.000000000000000E+00
    4.200000000000000E+00    2.500000000000000E-01    1.000000000000000E+00
    4.300000000000000E+00    2.500000000000000E-01    1.000000000000000E+00
    4.400000000000000E+00    2.500000000000000E-01    1.000000000000000E+00
    4.500000000000000E+00    2.500000000000000E-01    1.000000000000000E+00
    4.600000000000001E+00    2.500000000000000E-01    1.000000000000000E+00
    4.700000000000000E+00    2.500000000000000E-01    1.000000000000000E+00
    4.800000000000001E+00    2.500000000000000E-01    1.000000000000000E+00
    4.900000000000000E+00    2.500000000000000E-01    1.000000000000000E+00
    5.000000000000000E+00    2.500000000000000E-01    1.000000000000000E+00
    5.100000000000001E+00    2.500000000000000E-01    1.000000000000000E+00
    5.200000000000000E+00    2.500000000000000E-01    1.000000000000000E+00
    5.300000000000001E+00    2.500000000000000E-01    1.000000000000000E+00
    5.400000000000000E+00    2.500000000000000E-01    1.000000000000000E+00
    5.500000000000000E+00    2.500000000000000E-01    1.000000000000000E+00
    5.600000000000001E+00    2.500000000000000E-01    1.000000000000000E+00
    5.700000000000000E+00    2.500000000000000E-01    1.000000000000000E+00
    5.800000000000001E+00    2.500000000000000E-01    1.000000000000000E+00
    5.900000000000000E+00    2.500000000000000E-01    1.000000000000000E+00
    6.000000000000000E+00    2.500000000000000E-01    1.000000000000000E+00
    6.100000000000001E+00    2.500000000000000E-01    1.000000000000000E+00
    6.200000000000000E+00    2.500000000000000E-01    1.000000000000000E+00
    6.300000000000001E+00    2.500000000000000E-01    1.000000000000000E+00
    6.400000000000000E+00    2.500000000000000E-01    1.000000000000000E+00
    6.500000000000000E+00    2.500000000000000E-01    1.000000000000000E+00
    6.600000000000001E+00    2.500000000000000E-01    1.000000000000000E+00
    6.700000000000000E+00    2.500000000000000E-01    1.000000000000000E+00
    6.800000000000001E+00    2.500000000000000E-01    1.000000000000000E+00
    6.900000000000000E+00    2.500000000000000E-01    1.000000000000000E+00
    7.000000000000000E+00    2.500000000000000E-01    1.000000000000000E+00
    7.100000000000001E+00    2.500000000000000E-01    1.000000000000000E+00
    7.200000000000000E+00    2.500000000000000E-01    1.000000000000000E+00
    7.300000000000001E+00    2.500000000000000E-01    1.000000000000000E+00
    7.400000000000000E+00    2.500000000000000E-01    1.000000000000000E+00
    7.500000000000000E+00    2.500000000000000E-01    1.000000000000000E+00
    7.600000000000001E+00    2.500000000000000E-01    1.000000000000000E+00
    7.700000000000000E+00    2.500000000000000E-01    1.000000000000000E+00
    7.800000000000001E+00    2.500000000000000E-01    1.000000000000000E+00
    7.900000000000000E+00    2.500000000000000E-01    1.000000000000000E+00
    8.000000000000000E+00    2.500000000000000E-01    1.000000000000000E+00
    0.000000000000000E+00    2.750000000000000E-01    1.000000000000000E+00
    1.000000000000000E-01    2.750000000000000E-01    1.000000000000000E+00
    2.000000000000000E-01    2.750000000000000E-01    1.000000000000000E+00
    3.000000000000000E-01    2.750000000000000E-01    1.000000000000000E+00
    4.000000000000000E-01    2.750000000000000E-01    1.000000000000000E+00
    5.000000000000000E-01    2.750000000000000E-01    1.000000000000000E+00
    6.000000000000001E-01    2.750000000000000E-01    1.000000000000000E+00
    7.000000000000001E-01    2.750000000000000E-01    1.000000000000000E+00
    8.000000000000000E-01    2.750000000000000E-01    1.000000000000000E+00
    9.000000000000000E-01    2.750000000000000E-01    1.000000000000000E+00
    1.000000000000000E+00    2.750000000000000E-01    1.000000000000000E+00
    1.100000000000000E+00    2.750000000000000E-01    1.000000000000000E+00
    1.200000000000000E+00    2.750000000000000E-01    1.000000000000000E+00
    1.300000000000000E+00    2.750000000000000E-01    1.000000000000000E+00
    1.400000000000000E+00    2.750000000000000E-01    1.000000000000000E+00
    1.500000000000000E+00    2.750000000000000E-01    1.000000000000000E+00
    1.600000000000000E+00    2.750000000000000E-01    1.000000000000000E+00
    1.700000000000000E+00    2.750000000000000E-01    1.000000000000000E+00
    1.800000000000000E+00    2.750000000000000E-01    1.000000000000000E+00
    1.900000000000000E+00    2.750000000000000E-01    1.000000000000000E+00
    2.000000000000000E+00    2.750000000000000E-01    1.000000000000000E+00
    2.100000000000000E+00    2.750000000000000E-01    1.000000000000000E+00
    2.200000000000000E+00    2.750000000000000E-01    1.000000000000000E+00
    2.300000000000000E+00    2.750000000000000E-01    1.000000000000000E+00
    2.400000000000000E+00    2.750000000000000E-01    1.000000000000000E+00
    2.500000000000000E+00    2.750000000000000E-01    1.000000000000000E+00
    2.600000000000000E+00    2.750000000000000E-01    1.000000000000000E+00
    2.700000000000000E+00    2.750000000000000E-01    1.000000000000000E+00
    2.800000000000000E+00    2.750000000000000E-01    1.000000000000000E+00
    2.900000000000000E+00    2.750000000000000E-01    1.000000000000000E+00
    3.000000000000000E+00    2.750000000000000E-01    1.000000000000000E+00
    3.100000000000000E+00    2.750000000000000E-01    1.000000000000000E+00
    3.200000000000000E+00    2.750000000000000E-01    1.000000000000000E+00
    3.300000000000000E+00    2.750000000000000E-01    1.000000000000000E+00
    3.400000000000000E+00    2.750000000000000E-01    1.000000000000000E+00
    3.500000000000000E+00    2.750000000000000E-01    1.000000000000000E+00
    3.600000000000000E+00    2.750000000000000E-01    1.000000000000000E+00
    3.700000000000000E+00    2.750000000000000E-01    1.000000000000000E+00
    3.800000000000000E+00    2.750000000000000E-01    1.000000000000000E+00
    3.900000000000000E+00    2.750000000000000E-01    1.000000000000000E+00
    4.000000000000000E+00    2.750000000000000E-01    1.000000000000000E+00
    4.100000000000001E+00    2.750000000000000E-01    1.000000000000000E+00
    4.200000000000000E+00    2.750000000000000E-01    1.000000000000000E+00
    4.300000000000000E+00    2.750000000000000E-01    1.000000000000000E+00
    4.400000000000000E+00    2.750000000000000E-01    1.000000000000000E+00
    4.500000000000000E+00    2.750000000000000E-01    1.000000000000000E+00
    4.600000000000001E+00    2.750000000000000E-01    1.000000000000000E+00
    4.700000000000000E+00    2.750000000000000E-01    1.000000000000000E+00
    4.800000000000001E+00    2.750000000000000E-01    1.000000000000000E+00
    4.900000000000000E+00    2.750000000000000E-01    1.000000000000000E+00
    5.000000000000000E+00    2.750000000000000E-01    1.000000000000000E+00
    5.100000000000001E+00    2.750000000000000E-01    1.000000000000000E+00
    5.200000000000000E+00    2.750000000000000E-01    1.000000000000000E+00
    5.300000000000001E+00    2.750000000000000E-01    1.000000000000000E+00
    5.400000000000000E+00    2.750000000000000E-01    1.000000000000000E+00
    5.500000000000000E+00    2.750000000000000E-01    1.000000000000000E+00
    5.600000000000001E+00    2.750000000000000E-01    1.000000000000000E+00
    5.700000000000000E+00    2.750000000000000E-01    1.000000000000000E+00
    5.800000000000001E+00    2.750000000000000E-01    1.000000000000000E+00
    5.900000000000000E+00    2.750000000000000E-01    1.000000000000000E+00
    6.000000000000000E+00    2.750000000000000E-01    1.000000000000000E+00
    6.100000000000001E+00    2.750000000000000E-01    1.000000000000000E+00
    6.200000000000000E+00    2.750000000000000E-01    1.000000000000000E+00
    6.300000000000001E+00    2.750000000000000E-01    1.000000000000000E+00
    6.400000000000000E+00    2.750000000000000E-01    1.000000000000000E+00
    6.500000000000000E+00    2.750000000000000E-01    1.000000000000000E+00
    6.600000000000001E+00    2.750000000000000E-01    1.000000000000000E+00
    6.700000000000000E+00    2.750000000000000E-01    1.000000000000000E+00
    6.800000000000001E+00    2.750000000000000E-01    1.000000000000000E+00
    6.900000000000000E+00    2.750000000000000E-01    1.000000000000000E+00
    7.000000000000000E+00    2.750000000000000E-01    1.000000000000000E+00
    7.100000000000001E+00    2.750000000000000E-01    1.000000000000000E+00
    7.200000000000000E+00    2.750000000000000E-01    1.000000000000000E+00
    7.300000000000001E+00    2.750000000000000E-01    1.000000000000000E+00
    7.400000000000000E+00    2.750000000000000E-01    1.000000000000000E+00
    7.500000000000000E+00    2.750000000000000E-01    1.000000000000000E+00
    7.600000000000001E+00    2.750000000000000E-01    1.000000000000000E+00
    7.700000000000000E+00    2.750000000000000E-01    1.000000000000000E+00
    7.800000000000001E+00    2.750000000000000E-01    1.000000000000000E+00
    7.900000000000000E+00    2.750000000000000E-01    1.000000000000000E+00
    8.000000000000000E+00    2.750000000000000E-01    1.000000000000000E+00
    0.000000000000000E+00    3.000000000000000E-01    1.000000000000000E+00
    1.000000000000000E-01    3.000000000000000E-01    1.000000000000000E+00
    2.000000000000000E-01    3.000000000000000E-01    1.000000000000000E+00
    3.000000000000000E-01    3.000000000000000E-01    1.000000000000000E+00
    4.000000000000000E-01    3.000000000000000E-01    1.000000000000000E+00
    5.000000000000000E-01    3.000000000000000E-01    1.000000000000000E+00
    6.000000000000001E-01    3.000000000000000E-01    1.000000000000000E+00
    7.000000000000001E-01    3.000000000000000E-01    1.000000000000000E+00
    8.000000000000000E-01    3.000000000000000E-01    1.000000000000000E+00
    9.000000000000000E-01    3.000000000000000E-01    1.000000000000000E+00
    1.000000000000000E+00    3.000000000000000E-01    1.000000000000000E+00
    1.100000000000000E+00    3.000000000000000E-01    1.000000000000000E+00
    1.200000000000000E+00    3.000000000000000E-01    1.000000000000000E+00
    1.300000000000000E+00    3.000000000000000E-01    1.000000000000000E+00
    1.400000000000000E+00    3.000000000000000E-01    1.000000000000000E+00
    1.500000000000000E+00    3.000000000000000E-01    1.000000000000000E+00
    1.600000000000000E+00    3.000000000000000E-01    1.000000000000000E+00
    1.700000000000000E+00    3.000000000000000E-01    1.000000000000000E+00
    1.800000000000000E+00    3.000000000000000E-01    1.000000000000000E+00
    1.900000000000000E+00    3.000000000000000E-01    1.000000000000000E+00
    2.000000000000000E+00    3.000000000000000E-01    1.000000000000000E+00
    2.100000000000000E+00    3.000000000000000E-01    1.000000000000000E+00
    2.200000000000000E+00    3.000000000000000E-01    1.000000000000000E+00
    2.300000000000000E+00    3.000000000000000E-01    1.000000000000000E+00
    2.400000000000000E+00    3.000000000000000E-01    1.000000000000000E+00
    2.500000000000000E+00    3.000000000000000E-01    1.000000000000000E+00
    2.600000000000000E+00    3.000000000000000E-01    1.000000000000000E+00
    2.700000000000000E+00    3.000000000000000E-01    1.000000000000000E+00
    2.800000000000000E+00    3.000000000000000E-01    1.000000000000000E+00
    2.900000000000000E+00    3.000000000000000E-01    1.000000000000000E+00
    3.000000000000000E+00    3.000000000000000E-01    1.000000000000000E+00
    3.100000000000000E+00    3.000000000000000E-01    1.000000000000000E+00
    3.200000000000000E+00    3.000000000000000E-01    1.000000000000000E+00
    3.300000000000000E+00    3.000000000000000E-01    1.000000000000000E+00
    3.400000000000000E+00    3.000000000000000E-01    1.000000000000000E+00
    3.500000000000000E+00    3.000000000000000E-01    1.000000000000000E+00
    3.600000000000000E+00    3.000000000000000E-01    1.000000000000000E+00
    3.700000000000000E+00    3.000000000000000E-01    1.000000000000000E+00
    3.800000000000000E+00    3.000000000000000E-01    1.000000000000000E+00
    3.900000000000000E+00    3.000000000000000E-01    1.000000000000000E+00
    4.000000000000000E+00    3.000000000000000E-01    1.000000000000000E+00
    4.100000000000001E+00    3.000000000000000E-01    1.000000000000000E+00
    4.200000000000000E+00    3.000000000000000E-01    1.000000000000000E+00
    4.300000000000000E+00    3.000000000000000E-01    1.000000000000000E+00
    4.400000000000000E+00    3.000000000000000E-01    1.000000000000000E+00
    4.500000000000000E+00    3.000000000000000E-01    1.000000000000000E+00
    4.600000000000001E+00    3.000000000000000E-01    1.000000000000000E+00
    4.700000000000000E+00    3.000000000000000E-01    1.000000000000000E+00
    4.800000000000001E+00    3.000000000000000E-01    1.000000000000000E+00
    4.900000000000000E+00    3.000000000000000E-01    1.000000000000000E+00
    5.000000000000000E+00    3.000000000000000E-01    1.000000000000000E+00
    5.100000000000001E+00    3.000000000000000E-01    1.000000000000000E+00
    5.200000000000000E+00    3.000000000000000E-01    1.000000000000000E+00
    5.300000000000001E+00    3.000000000000000E-01    1.000000000000000E+00
    5.400000000000000E+00    3.000000000000000E-01    1.000000000000000E+00
    5.500000000000000E+00    3.000000000000000E-01    1.000000000000000E+00
    5.600000000000001E+00    3.000000000000000E-01    1.000000000000000E+00
    5.700000000000000E+00    3.000000000000000E-01    1.000000000000000E+00
    5.800000000000001E+00    3.000000000000000E-01    1.000000000000000E+00
    5.900000000000000E+00    3.000000000000000E-01    1.000000000000000E+00
    6.000000000000000E+00    3.000000000000000E-01    1.000000000000000E+00
    6.100000000000001E+00    3.000000000000000E-01    1.000000000000000E+00
    6.200000000000000E+00    3.000000000000000E-01    1.000000000000000E+00
    6.300000000000001E+00    3.000000000000000E-01    1.000000000000000E+00
    6.400000000000000E+00    3.000000000000000E-01    1.000000000000000E+00
    6.500000000000000E+00    3.000000000000000E-01    1.000000000000000E+00
    6.600000000000001E+00    3.000000000000000E-01    1.000000000000000E+00
    6.700000000000000E+00    3.000000000000000E-01    1.000000000000000E+00
    6.800000000000001E+00    3.000000000000000E-01    1.000000000000000E+00
    6.900000000000000E+00    3.000000000000000E-01    1.000000000000000E+00
    7.000000000000000E+00    3.000000000000000E-01    1.000000000000000E+00
    7.100000000000001E+00    3.000000000000000E-01    1.000000000000000E+00
    7.200000000000000E+00    3.000000000000000E-01    1.000000000000000E+00
    7.300000000000001E+00    3.000000000000000E-01    1.000000000000000E+00
    7.400000000000000E+00    3.000000000000000E-01    1.000000000000000E+00
    7.500000000000000E+00    3.000000000000000E-01    1.000000000000000E+00
    7.600000000000001E+00    3.000000000000000E-01    1.000000000000000E+00
    7.700000000000000E+00    3.000000000000000E-01    1.000000000000000E+00
    7.800000000000001E+00    3.000000000000000E-01    1.000000000000000E+00
    7.900000000000000E+00    3.000000000000000E-01    1.000000000000000E+00
    8.000000000000000E+00    3.000000000000000E-01    1.000000000000000E+00
    0.000000000000000E+00    3.250000000000000E-01    1.000000000000000E+00
    1.000000000000000E-01    3.250000000000000E-01    1.000000000000000E+00
    2.000000000000000E-01    3.250000000000000E-01    1.000000000000000E+00
    3.000000000000000E-01    3.250000000000000E-01    1.000000000000000E+00
    4.000000000000000E-01    3.250000000000000E-01    1.000000000000000E+00
    5.000000000000000E-01    3.250000000000000E-01    1.000000000000000E+00
    6.000000000000001E-01    3.250000000000000E-01    1.000000000000000E+00
    7.000000000000001E-01    3.250000000000000E-01    1.000000000000000E+00
    8.000000000000000E-01    3.250000000000000E-01    1.000000000000000E+00
    9.000000000000000E-01    3.250000000000000E-01    1.000000000000000E+00
    1.000000000000000E+00    3.250000000000000E-01    1.000000000000000E+00
    1.100000000000000E+00    3.250000000000000E-01    1.000000000000000E+00
    1.200000000000000E+00    3.250000000000000E-01    1.000000000000000E+00
    1.300000000000000E+00    3.250000000000000E-01    1.000000000000000E+00
    1.400000000000000E+00    3.250000000000000E-01    1.000000000000000E+00
    1.500000000000000E+00    3.250000000000000E-01    1.000000000000000E+00
    1.600000000000000E+00    3.250000000000000E-01    1.000000000000000E+00
    1.700000000000000E+00    3.250000000000000E-01    1.000000000000000E+00
    1.800000000000000E+00    3.250000000000000E-01    1.000000000000000E+00
    1.900000000000000E+00    3.250000000000000E-01    1.000000000000000E+00
    2.000000000000000E+00    3.250000000000000E-01    1.000000000000000E+00
    2.100000000000000E+00    3.250000000000000E-01    1.000000000000000E+00
    2.200000000000000E+00    3.250000000000000E-01    1.000000000000000E+00
    2.300000000000000E+00    3.250000000000000E-01    1.000000000000000E+00
    2.400000000000000E+00    3.250000000000000E-01    1.000000000000000E+00
    2.500000000000000E+00    3.250000000000000E-01    1.000000000000000E+00
    2.600000000000000E+00    3.250000000000000E-01    1.000000000000000E+00
    2.700000000000000E+00    3.250000000000000E-01    1.000000000000000E+00
    2.800000000000000E+00    3.250000000000000E-01    1.000000000000000E+00
    2.900000000000000E+00    3.250000000000000E-01    1.000000000000000E+00
    3.000000000000000E+00    3.250000000000000E-01    1.000000000000000E+00
    3.100000000000000E+00    3.250000000000000E-01    1.000000000000000E+00
    3.200000000000000E+00    3.250000000000000E-01    1.000000000000000E+00
    3.300000000000000E+00    3.250000000000000E-01    1.000000000000000E+00
    3.400000000000000E+00    3.250000000000000E-01    1.000000000000000E+00
    3.500000000000000E+00    3.250000000000000E-01    1.000000000000000E+00
    3.600000000000000E+00    3.250000000000000E-01    1.000000000000000E+00
    3.700000000000000E+00    3.250000000000000E-01    1.000000000000000E+00
    3.800000000000000E+00    3.250000000000000E-01    1.000000000000000E+00
    3.900000000000000E+00    3.250000000000000E-01    1.000000000000000E+00
    4.000000000000000E+00    3.250000000000000E-01    1.000000000000000E+00
    4.100000000000001E+00    3.250000000000000E-01    1.000000000000000E+00
    4.200000000000000E+00    3.250000000000000E-01    1.000000000000000E+00
    4.300000000000000E+00    3.250000000000000E-01    1.000000000000000E+00
    4.400000000000000E+00    3.250000000000000E-01    1.000000000000000E+00
    4.500000000000000E+00    3.250000000000000E-01    1.000000000000000E+00
    4.600000000000001E+00    3.250000000000000E-01    1.000000000000000E+00
    4.700000000000000E+00    3.250000000000000E-01    1.000000000000000E+00
    4.800000000000001E+00    3.250000000000000E-01    1.000000000000000E+00
    4.900000000000000E+00    3.250000000000000E-01    1.000000000000000E+00
    5.000000000000000E+00    3.250000000000000E-01    1.000000000000000E+00
    5.100000000000001E+00    3.250000000000000E-01    1.000000000000000E+00
    5.200000000000000E+00    3.250000000000000E-01    1.000000000000000E+00
    5.300000000000001E+00    3.250000000000000E-01    1.000000000000000E+00
    5.400000000000000E+00    3.250000000000000E-01    1.000000000000000E+00
    5.500000000000000E+00    3.250000000000000E-01    1.000000000000000E+00
    5.600000000000001E+00    3.250000000000000E-01    1.000000000000000E+00
    5.700000000000000E+00    3.250000000000000E-01    1.000000000000000E+00
    5.800000000000001E+00    3.250000000000000E-01    1.000000000000000E+00
    5.900000000000000E+00    3.250000000000000E-01    1.000000000000000E+00
    6.000000000000000E+00    3.250000000000000E-01    1.000000000000000E+00
    6.100000000000001E+00    3.250000000000000E-01    1.000000000000000E+00
    6.200000000000000E+00    3.250000000000000E-01    1.000000000000000E+00
    6.300000000000001E+00    3.250000000000000E-01    1.000000000000000E+00
    6.400000000000000E+00    3.250000000000000E-01    1.000000000000000E+00
    6.500000000000000E+00    3.250000000000000E-01    1.000000000000000E+00
    6.600000000000001E+00    3.250000000000000E-01    1.000000000000000E+00
    6.700000000000000E+00    3.250000000000000E-01    1.000000000000000E+00
    6.800000000000001E+00    3.250000000000000E-01    1.000000000000000E+00
    6.900000000000000E+00    3.250000000000000E-01    1.000000000000000E+00
    7.000000000000000E+00    3.250000000000000E-01    1.000000000000000E+00
    7.100000000000001E+00    3.250000000000000E-01    1.000000000000000E+00
    7.200000000000000E+00    3.250000000000000E-01    1.000000000000000E+00
    7.300000000000001E+00    3.250000000000000E-01    1.000000000000000E+00
    7.400000000000000E+00    3.250000000000000E-01    1.000000000000000E+00
    7.500000000000000E+00    3.250000000000000E-01    1.000000000000000E+00
    7.600000000000001E+00    3.250000000000000E-01    1.000000000000000E+00
    7.700000000000000E+00    3.250000000000000E-01    1.000000000000000E+00
    7.800000000000001E+00    3.250000000000000E-01    1.000000000000000E+00
    7.900000000000000E+00    3.250000000000000E-01    1.000000000000000E+00
    8.000000000000000E+00    3.250000000000000E-01    1.000000000000000E+00
    0.000000000000000E+00    3.500000000000000E-01    1.000000000000000E+00
    1.000000000000000E-01    3.500000000000000E-01    1.000000000000000E+00
    2.000000000000000E-01    3.500000000000000E-01    1.000000000000000E+00
    3.000000000000000E-01    3.500000000000000E-01    1.000000000000000E+00
    4.000000000000000E-01    3.500000000000000E-01    1.000000000000000E+00
    5.000000000000000E-01    3.500000000000000E-01    1.000000000000000E+00
    6.000000000000001E-01    3.500000000000000E-01    1.000000000000000E+00
    7.000000000000001E-01    3.500000000000000E-01    1.000000000000000E+00
    8.000000000000000E-01    3.500000000000000E-01    1.000000000000000E+00
    9.000000000000000E-01    3.500000000000000E-01    1.000000000000000E+00
    1.000000000000000E+00    3.500000000000000E-01    1.000000000000000E+00
    1.100000000000000E+00    3.500000000000000E-01    1.000000000000000E+00
    1.200000000000000E+00    3.500000000000000E-01    1.000000000000000E+00
    1.300000000000000E+00    3.500000000000000E-01    1.000000000000000E+00
    1.400000000000000E+00    3.500000000000000E-01    1.000000000000000E+00
    1.500000000000000E+00    3.500000000000000E-01    1.000000000000000E+00
    1.600000000000000E+00    3.500000000000000E-01    1.000000000000000E+00
    1.700000000000000E+00    3.500000000000000E-01    1.000000000000000E+00
    1.800000000000000E+00    3.500000000000000E-01    1.000000000000000E+00
    1.900000000000000E+00    3.500000000000000E-01    1.000000000000000E+00
    2.000000000000000E+00    3.500000000000000E-01    1.000000000000000E+00
    2.100000000000000E+00    3.500000000000000E-01    1.000000000000000E+00
    2.200000000000000E+00    3.500000000000000E-01    1.000000000000000E+00
    2.300000000000000E+00    3.500000000000000E-01    1.000000000000000E+00
    2.400000000000000E+00    3.500000000000000E-01    1.000000000000000E+00
    2.500000000000000E+00    3.500000000000000E-01    1.000000000000000E+00
    2.600000000000000E+00    3.500000000000000E-01    1.000000000000000E+00
    2.700000000000000E+00    3.500000000000000E-01    1.000000000000000E+00
    2.800000000000000E+00    3.500000000000000E-01    1.000000000000000E+00
    2.900000000000000E+00    3.500000000000000E-01    1.000000000000000E+00
    3.000000000000000E+00    3.500000000000000E-01    1.000000000000000E+00
    3.100000000000000E+00    3.500000000000000E-01    1.000000000000000E+00
    3.200000000000000E+00    3.500000000000000E-01    1.000000000000000E+00
    3.300000000000000E+00    3.500000000000000E-01    1.000000000000000E+00
    3.400000000000000E+00    3.500000000000000E-01    1.000000000000000E+00
    3.500000000000000E+00    3.500000000000000E-01    1.000000000000000E+00
    3.600000000000000E+00    3.500000000000000E-01    1.000000000000000E+00
    3.700000000000000E+00    3.500000000000000E-01    1.000000000000000E+00
    3.800000000000000E+00    3.500000000000000E-01    1.000000000000000E+00
    3.900000000000000E+00    3.500000000000000E-01    1.000000000000000E+00
    4.000000000000000E+00    3.500000000000000E-01    1.000000000000000E+00
    4.100000000000001E+00    3.500000000000000E-01    1.000000000000000E+00
    4.200000000000000E+00    3.500000000000000E-01    1.000000000000000E+00
    4.300000000000000E+00    3.500000000000000E-01    1.000000000000000E+00
    4.400000000000000E+00    3.500000000000000E-01    1.000000000000000E+00
    4.500000000000000E+00    3.500000000000000E-01    1.000000000000000E+00
    4.600000000000001E+00    3.500000000000000E-01    1.000000000000000E+00
    4.700000000000000E+00    3.500000000000000E-01    1.000000000000000E+00
    4.800000000000001E+00    3.500000000000000E-01    1.000000000000000E+00
    4.900000000000000E+00    3.500000000000000E-01    1.000000000000000E+00
    5.000000000000000E+00    3.500000000000000E-01    1.000000000000000E+00
    5.100000000000001E+00    3.500000000000000E-01    1.000000000000000E+00
    5.200000000000000E+00    3.500000000000000E-01    1.000000000000000E+00
    5.300000000000001E+00    3.500000000000000E-01    1.000000000000000E+00
    5.400000000000000E+00    3.500000000000000E-01    1.000000000000000E+00
    5.500000000000000E+00    3.500000000000000E-01    1.000000000000000E+00
    5.600000000000001E+00    3.500000000000000E-01    1.000000000000000E+00
    5.700000000000000E+00    3.500000000000000E-01    1.000000000000000E+00
    5.800000000000001E+00    3.500000000000000E-01    1.000000000000000E+00
    5.900000000000000E+00    3.500000000000000E-01    1.000000000000000E+00
    6.000000000000000E+00    3.500000000000000E-01    1.000000000000000E+00
    6.100000000000001E+00    3.500000000000000E-01    1.000000000000000E+00
    6.200000000000000E+00    3.500000000000000E-01    1.000000000000000E+00
    6.300000000000001E+00    3.500000000000000E-01    1.000000000000000E+00
    6.400000000000000E+00    3.500000000000000E-01    1.000000000000000E+00
    6.500000000000000E+00    3.500000000000000E-01    1.000000000000000E+00
    6.600000000000001E+00    3.500000000000000E-01    1.000000000000000E+00
    6.700000000000000E+00    3.500000000000000E-01    1.000000000000000E+00
    6.800000000000001E+00    3.500000000000000E-01    1.000000000000000E+00
    6.900000000000000E+00    3.500000000000000E-01    1.000000000000000E+00
    7.000000000000000E+00    3.500000000000000E-01    1.000000000000000E+00
    7.100000000000001E+00    3.500000000000000E-01    1.000000000000000E+00
    7.200000000000000E+00    3.500000000000000E-01    1.000000000000000E+00
    7.300000000000001E+00    3.500000000000000E-01    1.000000000000000E+00
    7.400000000000000E+00    3.500000000000000E-01    1.000000000000000E+00
    7.500000000000000E+00    3.500000000000000E-01    1.000000000000000E+00
    7.600000000000001E+00    3.500000000000000E-01    1.000000000000000E+00
    7.700000000000000E+00    3.500000000000000E-01    1.000000000000000E+00
    7.800000000000001E+00    3.500000000000000E-01    1.000000000000000E+00
    7.900000000000000E+00    3.500000000000000E-01    1.000000000000000E+00
    8.000000000000000E+00    3.500000000000000E-01    1.000000000000000E+00
    0.000000000000000E+00    3.750000000000000E-01    1.000000000000000E+00
    1.000000000000000E-01    3.750000000000000E-01    1.000000000000000E+00
    2.000000000000000E-01    3.750000000000000E-01    1.000000000000000E+00
    3.000000000000000E-01    3.750000000000000E-01    1.000000000000000E+00
    4.000000000000000E-01    3.750000000000000E-01    1.000000000000000E+00
    5.000000000000000E-01    3.750000000000000E-01    1.000000000000000E+00
    6.000000000000001E-01    3.750000000000000E-01    1.000000000000000E+00
    7.000000000000001E-01    3.750000000000000E-01    1.000000000000000E+00
    8.000000000000000E-01    3.750000000000000E-01    1.000000000000000E+00
    9.000000000000000E-01    3.750000000000000E-01    1.000000000000000E+00
    1.000000000000000E+00    3.750000000000000E-01    1.000000000000000E+00
    1.100000000000000E+00    3.750000000000000E-01    1.000000000000000E+00
    1.200000000000000E+00    3.750000000000000E-01    1.000000000000000E+00
    1.300000000000000E+00    3.750000000000000E-01    1.000000000000000E+00
    1.400000000000000E+00    3.750000000000000E-01    1.000000000000000E+00
    1.500000000000000E+00    3.750000000000000E-01    1.000000000000000E+00
    1.600000000000000E+00    3.750000000000000E-01    1.000000000000000E+00
    1.700000000000000E+00    3.750000000000000E-01    1.000000000000000E+00
    1.800000000000000E+00    3.750000000000000E-01    1.000000000000000E+00
    1.900000000000000E+00    3.750000000000000E-01    1.000000000000000E+00
    2.000000000000000E+00    3.750000000000000E-01    1.000000000000000E+00
    2.100000000000000E+00    3.750000000000000E-01    1.000000000000000E+00
    2.200000000000000E+00    3.750000000000000E-01    1.000000000000000E+00
    2.300000000000000E+00    3.750000000000000E-01    1.000000000000000E+00
    2.400000000000000E+00    3.750000000000000E-01    1.000000000000000E+00
    2.500000000000000E+00    3.750000000000000E-01    1.000000000000000E+00
    2.600000000000000E+00    3.750000000000000E-01    1.000000000000000E+00
    2.700000000000000E+00    3.750000000000000E-01    1.000000000000000E+00
    2.800000000000000E+00    3.750000000000000E-01    1.000000000000000E+00
    2.900000000000000E+00    3.750000000000000E-01    1.000000000000000E+00
    3.000000000000000E+00    3.750000000000000E-01    1.000000000000000E+00
    3.100000000000000E+00    3.750000000000000E-01    1.000000000000000E+00
    3.200000000000000E+00    3.750000000000000E-01    1.000000000000000E+00
    3.300000000000000E+00    3.750000000000000E-01    1.000000000000000E+00
    3.400000000000000E+00    3.750000000000000E-01    1.000000000000000E+00
    3.500000000000000E+00    3.750000000000000E-01    1.000000000000000E+00
    3.600000000000000E+00    3.750000000000000E-01    1.000000000000000E+00
    3.700000000000000E+00    3.750000000000000E-01    1.000000000000000E+00
    3.800000000000000E+00    3.750000000000000E-01    1.000000000000000E+00
    3.900000000000000E+00    3.750000000000000E-01    1.000000000000000E+00
    4.000000000000000E+00    3.750000000000000E-01    1.000000000000000E+00
    4.100000000000001E+00    3.750000000000000E-01    1.000000000000000E+00
    4.200000000000000E+00    3.750000000000000E-01    1.000000000000000E+00
    4.300000000000000E+00    3.750000000000000E-01    1.000000000000000E+00
    4.400000000000000E+00    3.750000000000000E-01    1.000000000000000E+00
    4.500000000000000E+00    3.750000000000000E-01    1.000000000000000E+00
    4.600000000000001E+00    3.750000000000000E-01    1.000000000000000E+00
    4.700000000000000E+00    3.750000000000000E-01    1.000000000000000E+00
    4.800000000000001E+00    3.750000000000000E-01    1.000000000000000E+00
    4.900000000000000E+00    3.750000000000000E-01    1.000000000000000E+00
    5.000000000000000E+00    3.750000000000000E-01    1.000000000000000E+00
    5.100000000000001E+00    3.750000000000000E-01    1.000000000000000E+00
    5.200000000000000E+00    3.750000000000000E-01    1.000000000000000E+00
    5.300000000000001E+00    3.750000000000000E-01    1.000000000000000E+00
    5.400000000000000E+00    3.750000000000000E-01    1.000000000000000E+00
    5.500000000000000E+00    3.750000000000000E-01    1.000000000000000E+00
    5.600000000000001E+00    3.750000000000000E-01    1.000000000000000E+00
    5.700000000000000E+00    3.750000000000000E-01    1.000000000000000E+00
    5.800000000000001E+00    3.750000000000000E-01    1.000000000000000E+00
    5.900000000000000E+00    3.750000000000000E-01    1.000000000000000E+00
    6.000000000000000E+00    3.750000000000000E-01    1.000000000000000E+00
    6.100000000000001E+00    3.750000000000000E-01    1.000000000000000E+00
    6.200000000000000E+00    3.750000000000000E-01    1.000000000000000E+00
    6.300000000000001E+00    3.750000000000000E-01    1.000000000000000E+00
    6.400000000000000E+00    3.750000000000000E-01    1.000000000000000E+00
    6.500000000000000E+00    3.750000000000000E-01    1.000000000000000E+00
    6.600000000000001E+00    3.750000000000000E-01    1.000000000000000E+00
    6.700000000000000E+00    3.750000000000000E-01    1.000000000000000E+00
    6.800000000000001E+00    3.750000000000000E-01    1.000000000000000E+00
    6.900000000000000E+00    3.750000000000000E-01    1.000000000000000E+00
    7.000000000000000E+00    3.750000000000000E-01    1.000000000000000E+00
    7.100000000000001E+00    3.750000000000000E-01    1.000000000000000E+00
    7.200000000000000E+00    3.750000000000000E-01    1.000000000000000E+00
    7.300000000000001E+00    3.750000000000000E-01    1.000000000000000E+00
    7.400000000000000E+00    3.750000000000000E-01    1.000000000000000E+00
    7.500000000000000E+00    3.750000000000000E-01    1.000000000000000E+00
    7.600000000000001E+00    3.750000000000000E-01    1.000000000000000E+00
    7.700000000000000E+00    3.750000000000000E-01    1.000000000000000E+00
    7.800000000000001E+00    3.750000000000000E-01    1.000000000000000E+00
    7.900000000000000E+00    3.750000000000000E-01    1.000000000000000E+00
    8.000000000000000E+00    3.750000000000000E-01    1.000000000000000E+00
    0.000000000000000E+00    4.000000000000000E-01    1.000000000000000E+00
    1.000000000000000E-01    4.000000000000000E-01    1.000000000000000E+00
    2.000000000000000E-01    4.000000000000000E-01    1.000000000000000E+00
    3.000000000000000E-01    4.000000000000000E-01    1.000000000000000E+00
    4.000000000000000E-01    4.000000000000000E-01    1.000000000000000E+00
    5.000000000000000E-01    4.000000000000000E-01    1.000000000000000E+00
    6.000000000000001E-01    4.000000000000000E-01    1.000000000000000E+00
    7.000000000000001E-01    4.000000000000000E-01    1.000000000000000E+00
    8.000000000000000E-01    4.000000000000000E-01    1.000000000000000E+00
    9.000000000000000E-01    4.000000000000000E-01    1.000000000000000E+00
    1.000000000000000E+00    4.000000000000000E-01    1.000000000000000E+00
    1.100000000000000E+00    4.000000000000000E-01    1.000000000000000E+00
    1.200000000000000E+00    4.000000000000000E-01    1.000000000000000E+00
    1.300000000000000E+00    4.000000000000000E-01    1.000000000000000E+00
    1.400000000000000E+00    4.000000000000000E-01    1.000000000000000E+00
    1.500000000000000E+00    4.000000000000000E-01    1.000000000000000E+00
    1.600000000000000E+00    4.000000000000000E-01    1.000000000000000E+00
    1.700000000000000E+00    4.000000000000000E-01    1.000000000000000E+00
    1.800000000000000E+00    4.000000000000000E-01    1.000000000000000E+00
    1.900000000000000E+00    4.000000000000000E-01    1.000000000000000E+00
    2.000000000000000E+00    4.000000000000000E-01    1.000000000000000E+00
    2.100000000000000E+00    4.000000000000000E-01    1.000000000000000E+00
    2.200000000000000E+00    4.000000000000000E-01    1.000000000000000E+00
    2.300000000000000E+00    4.000000000000000E-01    1.000000000000000E+00
    2.400000000000000E+00    4.000000000000000E-01    1.000000000000000E+00
    2.500000000000000E+00    4.000000000000000E-01    1.000000000000000E+00
    2.600000000000000E+00    4.000000000000000E-01    1.000000000000000E+00
    2.700000000000000E+00    4.000000000000000E-01    1.000000000000000E+00
    2.800000000000000E+00    4.000000000000000E-01    1.000000000000000E+00
    2.900000000000000E+00    4.000000000000000E-01    1.000000000000000E+00
    3.000000000000000E+00    4.000000000000000E-01    1.000000000000000E+00
    3.100000000000000E+00    4.000000000000000E-01    1.000000000000000E+00
    3.200000000000000E+00    4.000000000000000E-01    1.000000000000000E+00
    3.300000000000000E+00    4.000000000000000E-01    1.000000000000000E+00
    3.400000000000000E+00    4.000000000000000E-01    1.000000000000000E+00
    3.500000000000000E+00    4.000000000000000E-01    1.000000000000000E+00
    3.600000000000000E+00    4.000000000000000E-01    1.000000000000000E+00
    3.700000000000000E+00    4.000000000000000E-01    1.000000000000000E+00
    3.800000000000000E+00    4.000000000000000E-01    1.000000000000000E+00
    3.900000000000000E+00    4.000000000000000E-01    1.000000000000000E+00
    4.000000000000000E+00    4.000000000000000E-01    1.000000000000000E+00
    4.100000000000001E+00    4.000000000000000E-01    1.000000000000000E+00
    4.200000000000000E+00    4.000000000000000E-01    1.000000000000000E+00
    4.300000000000000E+00    4.000000000000000E-01    1.000000000000000E+00
    4.400000000000000E+00    4.000000000000000E-01    1.000000000000000E+00
    4.500000000000000E+00    4.000000000000000E-01    1.000000000000000E+00
    4.600000000000001E+00    4.000000000000000E-01    1.000000000000000E+00
    4.700000000000000E+00    4.000000000000000E-01    1.000000000000000E+00
    4.800000000000001E+00    4.000000000000000E-01    1.000000000000000E+00
    4.900000000000000E+00    4.000000000000000E-01    1.000000000000000E+00
    5.000000000000000E+00    4.000000000000000E-01    1.000000000000000E+00
    5.100000000000001E+00    4.000000000000000E-01    1.000000000000000E+00
    5.200000000000000E+00    4.000000000000000E-01    1.000000000000000E+00
    5.300000000000001E+00    4.000000000000000E-01    1.000000000000000E+00
    5.400000000000000E+00    4.000000000000000E-01    1.000000000000000E+00
    5.500000000000000E+00    4.000000000000000E-01    1.000000000000000E+00
    5.600000000000001E+00    4.000000000000000E-01    1.000000000000000E+00
    5.700000000000000E+00    4.000000000000000E-01    1.000000000000000E+00
    5.800000000000001E+00    4.000000000000000E-01    1.000000000000000E+00
    5.900000000000000E+00    4.000000000000000E-01    1.000000000000000E+00
    6.000000000000000E+00    4.000000000000000E-01    1.000000000000000E+00
    6.100000000000001E+00    4.000000000000000E-01    1.000000000000000E+00
    6.200000000000000E+00    4.000000000000000E-01    1.000000000000000E+00
    6.300000000000001E+00    4.000000000000000E-01    1.000000000000000E+00
    6.400000000000000E+00    4.000000000000000E-01    1.000000000000000E+00
    6.500000000000000E+00    4.000000000000000E-01    1.000000000000000E+00
    6.600000000000001E+00    4.000000000000000E-01    1.000000000000000E+00
    6.700000000000000E+00    4.000000000000000E-01    1.000000000000000E+00
    6.800000000000001E+00    4.000000000000000E-01    1.000000000000000E+00
    6.900000000000000E+00    4.000000000000000E-01    1.000000000000000E+00
    7.000000000000000E+00    4.000000000000000E-01    1.000000000000000E+00
    7.100000000000001E+00    4.000000000000000E-01    1.000000000000000E+00
    7.200000000000000E+00    4.000000000000000E-01    1.000000000000000E+00
    7.300000000000001E+00    4.000000000000000E-01    1.000000000000000E+00
    7.400000000000000E+00    4.000000000000000E-01    1.000000000000000E+00
    7.500000000000000E+00    4.000000000000000E-01    1.000000000000000E+00
    7.600000000000001E+00    4.000000000000000E-01    1.000000000000000E+00
    7.700000000000000E+00    4.000000000000000E-01    1.000000000000000E+00
    7.800000000000001E+00    4.000000000000000E-01    1.000000000000000E+00
    7.900000000000000E+00    4.000000000000000E-01    1.000000000000000E+00
    8.000000000000000E+00    4.000000000000000E-01    1.000000000000000E+00
    0.000000000000000E+00    4.250000000000000E-01    1.000000000000000E+00
    1.000000000000000E-01    4.250000000000000E-01    1.000000000000000E+00
    2.000000000000000E-01    4.250000000000000E-01    1.000000000000000E+00
    3.000000000000000E-01    4.250000000000000E-01    1.000000000000000E+00
    4.000000000000000E-01    4.250000000000000E-01    1.000000000000000E+00
    5.000000000000000E-01    4.250000000000000E-01    1.000000000000000E+00
    6.000000000000001E-01    4.250000000000000E-01    1.000000000000000E+00
    7.000000000000001E-01    4.250000000000000E-01    1.000000000000000E+00
    8.000000000000000E-01    4.250000000000000E-01    1.000000000000000E+00
    9.000000000000000E-01    4.250000000000000E-01    1.000000000000000E+00
    1.000000000000000E+00    4.250000000000000E-01    1.000000000000000E+00
    1.100000000000000E+00    4.250000000000000E-01    1.000000000000000E+00
    1.200000000000000E+00    4.250000000000000E-01    1.000000000000000E+00
    1.300000000000000E+00    4.250000000000000E-01    1.000000000000000E+00
    1.400000000000000E+00    4.250000000000000E-01    1.000000000000000E+00
    1.500000000000000E+00    4.250000000000000E-01    1.000000000000000E+00
    1.600000000000000E+00    4.250000000000000E-01    1.000000000000000E+00
    1.700000000000000E+00    4.250000000000000E-01    1.000000000000000E+00
    1.800000000000000E+00    4.250000000000000E-01    1.000000000000000E+00
    1.900000000000000E+00    4.250000000000000E-01    1.000000000000000E+00
    2.000000000000000E+00    4.250000000000000E-01    1.000000000000000E+00
    2.100000000000000E+00    4.250000000000000E-01    1.000000000000000E+00
    2.200000000000000E+00    4.250000000000000E-01    1.000000000000000E+00
    2.300000000000000E+00    4.250000000000000E-01    1.000000000000000E+00
    2.400000000000000E+00    4.250000000000000E-01    1.000000000000000E+00
    2.500000000000000E+00    4.250000000000000E-01    1.000000000000000E+00
    2.600000000000000E+00    4.250000000000000E-01    1.000000000000000E+00
    2.700000000000000E+00    4.250000000000000E-01    1.000000000000000E+00
    2.800000000000000E+00    4.250000000000000E-01    1.000000000000000E+00
    2.900000000000000E+00    4.250000000000000E-01    1.000000000000000E+00
    3.000000000000000E+00    4.250000000000000E-01    1.000000000000000E+00
    3.100000000000000E+00    4.250000000000000E-01    1.000000000000000E+00
    3.200000000000000E+00    4.250000000000000E-01    1.000000000000000E+00
    3.300000000000000E+00    4.250000000000000E-01    1.000000000000000E+00
    3.400000000000000E+00    4.250000000000000E-01    1.000000000000000E+00
    3.500000000000000E+00    4.250000000000000E-01    1.000000000000000E+00
    3.600000000000000E+00    4.250000000000000E-01    1.000000000000000E+00
    3.700000000000000E+00    4.250000000000000E-01    1.000000000000000E+00
    3.800000000000000E+00    4.250000000000000E-01    1.000000000000000E+00
    3.900000000000000E+00    4.250000000000000E-01    1.000000000000000E+00
    4.000000000000000E+00    4.250000000000000E-01    1.000000000000000E+00
    4.100000000000001E+00    4.250000000000000E-01    1.000000000000000E+00
    4.200000000000000E+00    4.250000000000000E-01    1.000000000000000E+00
    4.300000000000000E+00    4.250000000000000E-01    1.000000000000000E+00
    4.400000000000000E+00    4.250000000000000E-01    1.000000000000000E+00
    4.500000000000000E+00    4.250000000000000E-01    1.000000000000000E+00
    4.600000000000001E+00    4.250000000000000E-01    1.000000000000000E+00
    4.700000000000000E+00    4.250000000000000E-01    1.000000000000000E+00
    4.800000000000001E+00    4.250000000000000E-01    1.000000000000000E+00
    4.900000000000000E+00    4.250000000000000E-01    1.000000000000000E+00
    5.000000000000000E+00    4.250000000000000E-01    1.000000000000000E+00
    5.100000000000001E+00    4.250000000000000E-01    1.000000000000000E+00
    5.200000000000000E+00    4.250000000000000E-01    1.000000000000000E+00
    5.300000000000001E+00    4.250000000000000E-01    1.000000000000000E+00
    5.400000000000000E+00    4.250000000000000E-01    1.000000000000000E+00
    5.500000000000000E+00    4.250000000000000E-01    1.000000000000000E+00
    5.600000000000001E+00    4.250000000000000E-01    1.000000000000000E+00
    5.700000000000000E+00    4.250000000000000E-01    1.000000000000000E+00
    5.800000000000001E+00    4.250000000000000E-01    1.000000000000000E+00
    5.900000000000000E+00    4.250000000000000E-01    1.000000000000000E+00
    6.000000000000000E+00    4.250000000000000E-01    1.000000000000000E+00
    6.100000000000001E+00    4.250000000000000E-01    1.000000000000000E+00
    6.200000000000000E+00    4.250000000000000E-01    1.000000000000000E+00
    6.300000000000001E+00    4.250000000000000E-01    1.000000000000000E+00
    6.400000000000000E+00    4.250000000000000E-01    1.000000000000000E+00
    6.500000000000000E+00    4.250000000000000E-01    1.000000000000000E+00
    6.600000000000001E+00    4.250000000000000E-01    1.000000000000000E+00
    6.700000000000000E+00    4.250000000000000E-01    1.000000000000000E+00
    6.800000000000001E+00    4.250000000000000E-01    1.000000000000000E+00
    6.900000000000000E+00    4.250000000000000E-01    1.000000000000000E+00
    7.000000000000000E+00    4.250000000000000E-01    1.000000000000000E+00
    7.100000000000001E+00    4.250000000000000E-01    1.000000000000000E+00
    7.200000000000000E+00    4.250000000000000E-01    1.000000000000000E+00
    7.300000000000001E+00    4.250000000000000E-01    1.000000000000000E+00
    7.400000000000000E+00    4.250000000000000E-01    1.000000000000000E+00
    7.500000000000000E+00    4.250000000000000E-01    1.000000000000000E+00
    7.600000000000001E+00    4.250000000000000E-01    1.000000000000000E+00
    7.700000000000000E+00    4.250000000000000E-01    1.000000000000000E+00
    7.800000000000001E+00    4.250000000000000E-01    1.000000000000000E+00
    7.900000000000000E+00    4.250000000000000E-01    1.000000000000000E+00
    8.000000000000000E+00    4.250000000000000E-01    1.000000000000000E+00
    0.000000000000000E+00    4.500000000000000E-01    1.000000000000000E+00
    1.000000000000000E-01    4.500000000000000E-01    1.000000000000000E+00
    2.000000000000000E-01    4.500000000000000E-01    1.000000000000000E+00
    3.000000000000000E-01    4.500000000000000E-01    1.000000000000000E+00
    4.000000000000000E-01    4.500000000000000E-01    1.000000000000000E+00
    5.000000000000000E-01    4.500000000000000E-01    1.000000000000000E+00
    6.000000000000001E-01    4.500000000000000E-01    1.000000000000000E+00
    7.000000000000001E-01    4.500000000000000E-01    1.000000000000000E+00
    8.000000000000000E-01    4.500000000000000E-01    1.000000000000000E+00
    9.000000000000000E-01    4.500000000000000E-01    1.000000000000000E+00
    1.000000000000000E+00    4.500000000000000E-01    1.000000000000000E+00
    1.100000000000000E+00    4.500000000000000E-01    1.000000000000000E+00
    1.200000000000000E+00    4.500000000000000E-01    1.000000000000000E+00
    1.300000000000000E+00    4.500000000000000E-01    1.000000000000000E+00
    1.400000000000000E+00    4.500000000000000E-01    1.000000000000000E+00
    1.500000000000000E+00    4.500000000000000E-01    1.000000000000000E+00
    1.600000000000000E+00    4.500000000000000E-01    1.000000000000000E+00
    1.700000000000000E+00    4.500000000000000E-01    1.000000000000000E+00
    1.800000000000000E+00    4.500000000000000E-01    1.000000000000000E+00
    1.900000000000000E+00    4.500000000000000E-01    1.000000000000000E+00
    2.000000000000000E+00    4.500000000000000E-01    1.000000000000000E+00
    2.100000000000000E+00    4.500000000000000E-01    1.000000000000000E+00
    2.200000000000000E+00    4.500000000000000E-01    1.000000000000000E+00
    2.300000000000000E+00    4.500000000000000E-01    1.000000000000000E+00
    2.400000000000000E+00    4.500000000000000E-01    1.000000000000000E+00
    2.500000000000000E+00    4.500000000000000E-01    1.000000000000000E+00
    2.600000000000000E+00    4.500000000000000E-01    1.000000000000000E+00
    2.700000000000000E+00    4.500000000000000E-01    1.000000000000000E+00
    2.800000000000000E+00    4.500000000000000E-01    1.000000000000000E+00
    2.900000000000000E+00    4.500000000000000E-01    1.000000000000000E+00
    3.000000000000000E+00    4.500000000000000E-01    1.000000000000000E+00
    3.100000000000000E+00    4.500000000000000E-01    1.000000000000000E+00
    3.200000000000000E+00    4.500000000000000E-01    1.000000000000000E+00
    3.300000000000000E+00    4.500000000000000E-01    1.000000000000000E+00
    3.400000000000000E+00    4.500000000000000E-01    1.000000000000000E+00
    3.500000000000000E+00    4.500000000000000E-01    1.000000000000000E+00
    3.600000000000000E+00    4.500000000000000E-01    1.000000000000000E+00
    3.700000000000000E+00    4.500000000000000E-01    1.000000000000000E+00
    3.800000000000000E+00    4.500000000000000E-01    1.000000000000000E+00
    3.900000000000000E+00    4.500000000000000E-01    1.000000000000000E+00
    4.000000000000000E+00    4.500000000000000E-01    1.000000000000000E+00
    4.100000000000001E+00    4.500000000000000E-01    1.000000000000000E+00
    4.200000000000000E+00    4.500000000000000E-01    1.000000000000000E+00
    4.300000000000000E+00    4.500000000000000E-01    1.000000000000000E+00
    4.400000000000000E+00    4.500000000000000E-01    1.000000000000000E+00
    4.500000000000000E+00    4.500000000000000E-01    1.000000000000000E+00
    4.600000000000001E+00    4.500000000000000E-01    1.000000000000000E+00
    4.700000000000000E+00    4.500000000000000E-01    1.000000000000000E+00
    4.800000000000001E+00    4.500000000000000E-01    1.000000000000000E+00
    4.900000000000000E+00    4.500000000000000E-01    1.000000000000000E+00
    5.000000000000000E+00    4.500000000000000E-01    1.000000000000000E+00
    5.100000000000001E+00    4.500000000000000E-01    1.000000000000000E+00
    5.200000000000000E+00    4.500000000000000E-01    1.000000000000000E+00
    5.300000000000001E+00    4.500000000000000E-01    1.000000000000000E+00
    5.400000000000000E+00    4.500000000000000E-01    1.000000000000000E+00
    5.500000000000000E+00    4.500000000000000E-01    1.000000000000000E+00
    5.600000000000001E+00    4.500000000000000E-01    1.000000000000000E+00
    5.700000000000000E+00    4.500000000000000E-01    1.000000000000000E+00
    5.800000000000001E+00    4.500000000000000E-01    1.000000000000000E+00
    5.900000000000000E+00    4.500000000000000E-01    1.000000000000000E+00
    6.000000000000000E+00    4.500000000000000E-01    1.000000000000000E+00
    6.100000000000001E+00    4.500000000000000E-01    1.000000000000000E+00
    6.200000000000000E+00    4.500000000000000E-01    1.000000000000000E+00
    6.300000000000001E+00    4.500000000000000E-01    1.000000000000000E+00
    6.400000000000000E+00    4.500000000000000E-01    1.000000000000000E+00
    6.500000000000000E+00    4.500000000000000E-01    1.000000000000000E+00
    6.600000000000001E+00    4.500000000000000E-01    1.000000000000000E+00
    6.700000000000000E+00    4.500000000000000E-01    1.000000000000000E+00
    6.800000000000001E+00    4.500000000000000E-01    1.000000000000000E+00
    6.900000000000000E+00    4.500000000000000E-01    1.000000000000000E+00
    7.000000000000000E+00    4.500000000000000E-01    1.000000000000000E+00
    7.100000000000001E+00    4.500000000000000E-01    1.000000000000000E+00
    7.200000000000000E+00    4.500000000000000E-01    1.000000000000000E+00
    7.300000000000001E+00    4.500000000000000E-01    1.000000000000000E+00
    7.400000000000000E+00    4.500000000000000E-01    1.000000000000000E+00
    7.500000000000000E+00    4.500000000000000E-01    1.000000000000000E+00
    7.600000000000001E+00    4.500000000000000E-01    1.000000000000000E+00
    7.700000000000000E+00    4.500000000000000E-01    1.000000000000000E+00
    7.800000000000001E+00    4.500000000000000E-01    1.000000000000000E+00
    7.900000000000000E+00    4.500000000000000E-01    1.000000000000000E+00
    8.000000000000000E+00    4.500000000000000E-01    1.000000000000000E+00
    0.000000000000000E+00    4.750000000000000E-01    1.000000000000000E+00
    1.000000000000000E-01    4.750000000000000E-01    1.000000000000000E+00
    2.000000000000000E-01    4.750000000000000E-01    1.000000000000000E+00
    3.000000000000000E-01    4.750000000000000E-01    1.000000000000000E+00
    4.000000000000000E-01    4.750000000000000E-01    1.000000000000000E+00
    5.000000000000000E-01    4.750000000000000E-01    1.000000000000000E+00
    6.000000000000001E-01    4.750000000000000E-01    1.000000000000000E+00
    7.000000000000001E-01    4.750000000000000E-01    1.000000000000000E+00
    8.000000000000000E-01    4.750000000000000E-01    1.000000000000000E+00
    9.000000000000000E-01    4.750000000000000E-01    1.000000000000000E+00
    1.000000000000000E+00    4.750000000000000E-01    1.000000000000000E+00
    1.100000000000000E+00    4.750000000000000E-01    1.000000000000000E+00
    1.200000000000000E+00    4.750000000000000E-01    1.000000000000000E+00
    1.300000000000000E+00    4.750000000000000E-01    1.000000000000000E+00
    1.400000000000000E+00    4.750000000000000E-01    1.000000000000000E+00
    1.500000000000000E+00    4.750000000000000E-01    1.000000000000000E+00
    1.600000000000000E+00    4.750000000000000E-01    1.000000000000000E+00
    1.700000000000000E+00    4.750000000000000E-01    1.000000000000000E+00
    1.800000000000000E+00    4.750000000000000E-01    1.000000000000000E+00
    1.900000000000000E+00    4.750000000000000E-01    1.000000000000000E+00
    2.000000000000000E+00    4.750000000000000E-01    1.000000000000000E+00
    2.100000000000000E+00    4.750000000000000E-01    1.000000000000000E+00
    2.200000000000000E+00    4.750000000000000E-01    1.000000000000000E+00
    2.300000000000000E+00    4.750000000000000E-01    1.000000000000000E+00
    2.400000000000000E+00    4.750000000000000E-01    1.000000000000000E+00
    2.500000000000000E+00    4.750000000000000E-01    1.000000000000000E+00
    2.600000000000000E+00    4.750000000000000E-01    1.000000000000000E+00
    2.700000000000000E+00    4.750000000000000E-01    1.000000000000000E+00
    2.800000000000000E+00    4.750000000000000E-01    1.000000000000000E+00
    2.900000000000000E+00    4.750000000000000E-01    1.000000000000000E+00
    3.000000000000000E+00    4.750000000000000E-01    1.000000000000000E+00
    3.100000000000000E+00    4.750000000000000E-01    1.000000000000000E+00
    3.200000000000000E+00    4.750000000000000E-01    1.000000000000000E+00
    3.300000000000000E+00    4.750000000000000E-01    1.000000000000000E+00
    3.400000000000000E+00    4.750000000000000E-01    1.000000000000000E+00
    3.500000000000000E+00    4.750000000000000E-01    1.000000000000000E+00
    3.600000000000000E+00    4.750000000000000E-01    1.000000000000000E+00
    3.700000000000000E+00    4.750000000000000E-01    1.000000000000000E+00
    3.800000000000000E+00    4.750000000000000E-01    1.000000000000000E+00
    3.900000000000000E+00    4.750000000000000E-01    1.000000000000000E+00
    4.000000000000000E+00    4.750000000000000E-01    1.000000000000000E+00
    4.100000000000001E+00    4.750000000000000E-01    1.000000000000000E+00
    4.200000000000000E+00    4.750000000000000E-01    1.000000000000000E+00
    4.300000000000000E+00    4.750000000000000E-01    1.000000000000000E+00
    4.400000000000000E+00    4.750000000000000E-01    1.000000000000000E+00
    4.500000000000000E+00    4.750000000000000E-01    1.000000000000000E+00
    4.600000000000001E+00    4.750000000000000E-01    1.000000000000000E+00
    4.700000000000000E+00    4.750000000000000E-01    1.000000000000000E+00
    4.800000000000001E+00    4.750000000000000E-01    1.000000000000000E+00
    4.900000000000000E+00    4.750000000000000E-01    1.000000000000000E+00
    5.000000000000000E+00    4.750000000000000E-01    1.000000000000000E+00
    5.100000000000001E+00    4.750000000000000E-01    1.000000000000000E+00
    5.200000000000000E+00    4.750000000000000E-01    1.000000000000000E+00
    5.300000000000001E+00    4.750000000000000E-01    1.000000000000000E+00
    5.400000000000000E+00    4.750000000000000E-01    1.000000000000000E+00
    5.500000000000000E+00    4.750000000000000E-01    1.000000000000000E+00
    5.600000000000001E+00    4.750000000000000E-01    1.000000000000000E+00
    5.700000000000000E+00    4.750000000000000E-01    1.000000000000000E+00
    5.800000000000001E+00    4.750000000000000E-01    1.000000000000000E+00
    5.900000000000000E+00    4.750000000000000E-01    1.000000000000000E+00
    6.000000000000000E+00    4.750000000000000E-01    1.000000000000000E+00
    6.100000000000001E+00    4.750000000000000E-01    1.000000000000000E+00
    6.200000000000000E+00    4.750000000000000E-01    1.000000000000000E+00
    6.300000000000001E+00    4.750000000000000E-01    1.000000000000000E+00
    6.400000000000000E+00    4.750000000000000E-01    1.000000000000000E+00
    6.500000000000000E+00    4.750000000000000E-01    1.000000000000000E+00
    6.600000000000001E+00    4.750000000000000E-01    1.000000000000000E+00
    6.700000000000000E+00    4.750000000000000E-01    1.000000000000000E+00
    6.800000000000001E+00    4.750000000000000E-01    1.000000000000000E+00
    6.900000000000000E+00    4.750000000000000E-01    1.000000000000000E+00
    7.000000000000000E+00    4.750000000000000E-01    1.000000000000000E+00
    7.100000000000001E+00    4.750000000000000E-01    1.000000000000000E+00
    7.200000000000000E+00    4.750000000000000E-01    1.000000000000000E+00
    7.300000000000001E+00    4.750000000000000E-01    1.000000000000000E+00
    7.400000000000000E+00    4.750000000000000E-01    1.000000000000000E+00
    7.500000000000000E+00    4.750000000000000E-01    1.000000000000000E+00
    7.600000000000001E+00    4.750000000000000E-01    1.000000000000000E+00
    7.700000000000000E+00    4.750000000000000E-01    1.000000000000000E+00
    7.800000000000001E+00    4.750000000000000E-01    1.000000000000000E+00
    7.900000000000000E+00    4.750000000000000E-01    1.000000000000000E+00
    8.000000000000000E+00    4.750000000000000E-01    1.000000000000000E+00
    0.000000000000000E+00    5.000000000000000E-01    1.000000000000000E+00
    1.000000000000000E-01    5.000000000000000E-01    1.000000000000000E+00
    2.000000000000000E-01    5.000000000000000E-01    1.000000000000000E+00
    3.000000000000000E-01    5.000000000000000E-01    1.000000000000000E+00
    4.000000000000000E-01    5.000000000000000E-01    1.000000000000000E+00
    5.000000000000000E-01    5.000000000000000E-01    1.000000000000000E+00
    6.000000000000001E-01    5.000000000000000E-01    1.000000000000000E+00
    7.000000000000001E-01    5.000000000000000E-01    1.000000000000000E+00
    8.000000000000000E-01    5.000000000000000E-01    1.000000000000000E+00
    9.000000000000000E-01    5.000000000000000E-01    1.000000000000000E+00
    1.000000000000000E+00    5.000000000000000E-01    1.000000000000000E+00
    1.100000000000000E+00    5.000000000000000E-01    1.000000000000000E+00
    1.200000000000000E+00    5.000000000000000E-01    1.000000000000000E+00
    1.300000000000000E+00    5.000000000000000E-01    1.000000000000000E+00
    1.400000000000000E+00    5.000000000000000E-01    1.000000000000000E+00
    1.500000000000000E+00    5.000000000000000E-01    1.000000000000000E+00
    1.600000000000000E+00    5.000000000000000E-01    1.000000000000000E+00
    1.700000000000000E+00    5.000000000000000E-01    1.000000000000000E+00
    1.800000000000000E+00    5.000000000000000E-01    1.000000000000000E+00
    1.900000000000000E+00    5.000000000000000E-01    1.000000000000000E+00
    2.000000000000000E+00    5.000000000000000E-01    1.000000000000000E+00
    2.100000000000000E+00    5.000000000000000E-01    1.000000000000000E+00
    2.200000000000000E+00    5.000000000000000E-01    1.000000000000000E+00
    2.300000000000000E+00    5.000000000000000E-01    1.000000000000000E+00
    2.400000000000000E+00    5.000000000000000E-01    1.000000000000000E+00
    2.500000000000000E+00    5.000000000000000E-01    1.000000000000000E+00
    2.600000000000000E+00    5.000000000000000E-01    1.000000000000000E+00
    2.700000000000000E+00    5.000000000000000E-01    1.000000000000000E+00
    2.800000000000000E+00    5.000000000000000E-01    1.000000000000000E+00
    2.900000000000000E+00    5.000000000000000E-01    1.000000000000000E+00
    3.000000000000000E+00    5.000000000000000E-01    1.000000000000000E+00
    3.100000000000000E+00    5.000000000000000E-01    1.000000000000000E+00
    3.200000000000000E+00    5.000000000000000E-01    1.000000000000000E+00
    3.300000000000000E+00    5.000000000000000E-01    1.000000000000000E+00
    3.400000000000000E+00    5.000000000000000E-01    1.000000000000000E+00
    3.500000000000000E+00    5.000000000000000E-01    1.000000000000000E+00
    3.600000000000000E+00    5.000000000000000E-01    1.000000000000000E+00
    3.700000000000000E+00    5.000000000000000E-01    1.000000000000000E+00
    3.800000000000000E+00    5.000000000000000E-01    1.000000000000000E+00
    3.900000000000000E+00    5.000000000000000E-01    1.000000000000000E+00
    4.000000000000000E+00    5.000000000000000E-01    1.000000000000000E+00
    4.100000000000001E+00    5.000000000000000E-01    1.000000000000000E+00
    4.200000000000000E+00    5.000000000000000E-01    1.000000000000000E+00
    4.300000000000000E+00    5.000000000000000E-01    1.000000000000000E+00
    4.400000000000000E+00    5.000000000000000E-01    1.000000000000000E+00
    4.500000000000000E+00    5.000000000000000E-01    1.000000000000000E+00
    4.600000000000001E+00    5.000000000000000E-01    1.000000000000000E+00
    4.700000000000000E+00    5.000000000000000E-01    1.000000000000000E+00
    4.800000000000001E+00    5.000000000000000E-01    1.000000000000000E+00
    4.900000000000000E+00    5.000000000000000E-01    1.000000000000000E+00
    5.000000000000000E+00    5.000000000000000E-01    1.000000000000000E+00
    5.100000000000001E+00    5.000000000000000E-01    1.000000000000000E+00
    5.200000000000000E+00    5.000000000000000E-01    1.000000000000000E+00
    5.300000000000001E+00    5.000000000000000E-01    1.000000000000000E+00
    5.400000000000000E+00    5.000000000000000E-01    1.000000000000000E+00
    5.500000000000000E+00    5.000000000000000E-01    1.000000000000000E+00
    5.600000000000001E+00    5.000000000000000E-01    1.000000000000000E+00
    5.700000000000000E+00    5.000000000000000E-01    1.000000000000000E+00
    5.800000000000001E+00    5.000000000000000E-01    1.000000000000000E+00
    5.900000000000000E+00    5.000000000000000E-01    1.000000000000000E+00
    6.000000000000000E+00    5.000000000000000E-01    1.000000000000000E+00
    6.100000000000001E+00    5.000000000000000E-01    1.000000000000000E+00
    6.200000000000000E+00    5.000000000000000E-01    1.000000000000000E+00
    6.300000000000001E+00    5.000000000000000E-01    1.000000000000000E+00
    6.400000000000000E+00    5.000000000000000E-01    1.000000000000000E+00
    6.500000000000000E+00    5.000000000000000E-01    1.000000000000000E+00
    6.600000000000001E+00    5.000000000000000E-01    1.000000000000000E+00
    6.700000000000000E+00    5.000000000000000E-01    1.000000000000000E+00
    6.800000000000001E+00    5.000000000000000E-01    1.000000000000000E+00
    6.900000000000000E+00    5.000000000000000E-01    1.000000000000000E+00
    7.000000000000000E+00    5.000000000000000E-01    1.000000000000000E+00
    7.100000000000001E+00    5.000000000000000E-01    1.000000000000000E+00
    7.200000000000000E+00    5.000000000000000E-01    1.000000000000000E+00
    7.300000000000001E+00    5.000000000000000E-01    1.000000000000000E+00
    7.400000000000000E+00    5.000000000000000E-01    1.000000000000000E+00
    7.500000000000000E+00    5.000000000000000E-01    1.000000000000000E+00
    7.600000000000001E+00    5.000000000000000E-01    1.000000000000000E+00
    7.700000000000000E+00    5.000000000000000E-01    1.000000000000000E+00
    7.800000000000001E+00    5.000000000000000E-01    1.000000000000000E+00
    7.900000000000000E+00    5.000000000000000E-01    1.000000000000000E+00
    8.000000000000000E+00    5.000000000000000E-01    1.000000000000000E+00
    0.000000000000000E+00    5.250000000000000E-01    1.000000000000000E+00
    1.000000000000000E-01    5.250000000000000E-01    1.000000000000000E+00
    2.000000000000000E-01    5.250000000000000E-01    1.000000000000000E+00
    3.000000000000000E-01    5.250000000000000E-01    1.000000000000000E+00
    4.000000000000000E-01    5.250000000000000E-01    1.000000000000000E+00
    5.000000000000000E-01    5.250000000000000E-01    1.000000000000000E+00
    6.000000000000001E-01    5.250000000000000E-01    1.000000000000000E+00
    7.000000000000001E-01    5.250000000000000E-01    1.000000000000000E+00
    8.000000000000000E-01    5.250000000000000E-01    1.000000000000000E+00
    9.000000000000000E-01    5.250000000000000E-01    1.000000000000000E+00
    1.000000000000000E+00    5.250000000000000E-01    1.000000000000000E+00
    1.100000000000000E+00    5.250000000000000E-01    1.000000000000000E+00
    1.200000000000000E+00    5.250000000000000E-01    1.000000000000000E+00
    1.300000000000000E+00    5.250000000000000E-01    1.000000000000000E+00
    1.400000000000000E+00    5.250000000000000E-01    1.000000000000000E+00
    1.500000000000000E+00    5.250000000000000E-01    1.000000000000000E+00
    1.600000000000000E+00    5.250000000000000E-01    1.000000000000000E+00
    1.700000000000000E+00    5.250000000000000E-01    1.000000000000000E+00
    1.800000000000000E+00    5.250000000000000E-01    1.000000000000000E+00
    1.900000000000000E+00    5.250000000000000E-01    1.000000000000000E+00
    2.000000000000000E+00    5.250000000000000E-01    1.000000000000000E+00
    2.100000000000000E+00    5.250000000000000E-01    1.000000000000000E+00
    2.200000000000000E+00    5.250000000000000E-01    1.000000000000000E+00
    2.300000000000000E+00    5.250000000000000E-01    1.000000000000000E+00
    2.400000000000000E+00    5.250000000000000E-01    1.000000000000000E+00
    2.500000000000000E+00    5.250000000000000E-01    1.000000000000000E+00
    2.600000000000000E+00    5.250000000000000E-01    1.000000000000000E+00
    2.700000000000000E+00    5.250000000000000E-01    1.000000000000000E+00
    2.800000000000000E+00    5.250000000000000E-01    1.000000000000000E+00
    2.900000000000000E+00    5.250000000000000E-01    1.000000000000000E+00
    3.000000000000000E+00    5.250000000000000E-01    1.000000000000000E+00
    3.100000000000000E+00    5.250000000000000E-01    1.000000000000000E+00
    3.200000000000000E+00    5.250000000000000E-01    1.000000000000000E+00
    3.300000000000000E+00    5.250000000000000E-01    1.000000000000000E+00
    3.400000000000000E+00    5.250000000000000E-01    1.000000000000000E+00
    3.500000000000000E+00    5.250000000000000E-01    1.000000000000000E+00
    3.600000000000000E+00    5.250000000000000E-01    1.000000000000000E+00
    3.700000000000000E+00    5.250000000000000E-01    1.000000000000000E+00
    3.800000000000000E+00    5.250000000000000E-01    1.000000000000000E+00
    3.900000000000000E+00    5.250000000000000E-01    1.000000000000000E+00
    4.000000000000000E+00    5.250000000000000E-01    1.000000000000000E+00
    4.100000000000001E+00    5.250000000000000E-01    1.000000000000000E+00
    4.200000000000000E+00    5.250000000000000E-01    1.000000000000000E+00
    4.300000000000000E+00    5.250000000000000E-01    1.000000000000000E+00
    4.400000000000000E+00    5.250000000000000E-01    1.000000000000000E+00
    4.500000000000000E+00    5.250000000000000E-01    1.000000000000000E+00
    4.600000000000001E+00    5.250000000000000E-01    1.000000000000000E+00
    4.700000000000000E+00    5.250000000000000E-01    1.000000000000000E+00
    4.800000000000001E+00    5.250000000000000E-01    1.000000000000000E+00
    4.900000000000000E+00    5.250000000000000E-01    1.000000000000000E+00
    5.000000000000000E+00    5.250000000000000E-01    1.000000000000000E+00
    5.100000000000001E+00    5.250000000000000E-01    1.000000000000000E+00
    5.200000000000000E+00    5.250000000000000E-01    1.000000000000000E+00
    5.300000000000001E+00    5.250000000000000E-01    1.000000000000000E+00
    5.400000000000000E+00    5.250000000000000E-01    1.000000000000000E+00
    5.500000000000000E+00    5.250000000000000E-01    1.000000000000000E+00
    5.600000000000001E+00    5.250000000000000E-01    1.000000000000000E+00
    5.700000000000000E+00    5.250000000000000E-01    1.000000000000000E+00
    5.800000000000001E+00    5.250000000000000E-01    1.000000000000000E+00
    5.900000000000000E+00    5.250000000000000E-01    1.000000000000000E+00
    6.000000000000000E+00    5.250000000000000E-01    1.000000000000000E+00
    6.100000000000001E+00    5.250000000000000E-01    1.000000000000000E+00
    6.200000000000000E+00    5.250000000000000E-01    1.000000000000000E+00
    6.300000000000001E+00    5.250000000000000E-01    1.000000000000000E+00
    6.400000000000000E+00    5.250000000000000E-01    1.000000000000000E+00
    6.500000000000000E+00    5.250000000000000E-01    1.000000000000000E+00
    6.600000000000001E+00    5.250000000000000E-01    1.000000000000000E+00
    6.700000000000000E+00    5.250000000000000E-01    1.000000000000000E+00
    6.800000000000001E+00    5.250000000000000E-01    1.000000000000000E+00
    6.900000000000000E+00    5.250000000000000E-01    1.000000000000000E+00
    7.000000000000000E+00    5.250000000000000E-01    1.000000000000000E+00
    7.100000000000001E+00    5.250000000000000E-01    1.000000000000000E+00
    7.200000000000000E+00    5.250000000000000E-01    1.000000000000000E+00
    7.300000000000001E+00    5.250000000000000E-01    1.000000000000000E+00
    7.400000000000000E+00    5.250000000000000E-01    1.000000000000000E+00
    7.500000000000000E+00    5.250000000000000E-01    1.000000000000000E+00
    7.600000000000001E+00    5.250000000000000E-01    1.000000000000000E+00
    7.700000000000000E+00    5.250000000000000E-01    1.000000000000000E+00
    7.800000000000001E+00    5.250000000000000E-01    1.000000000000000E+00
    7.900000000000000E+00    5.250000000000000E-01    1.000000000000000E+00
    8.000000000000000E+00    5.250000000000000E-01    1.000000000000000E+00
    0.000000000000000E+00    5.500000000000000E-01    1.000000000000000E+00
    1.000000000000000E-01    5.500000000000000E-01    1.000000000000000E+00
    2.000000000000000E-01    5.500000000000000E-01    1.000000000000000E+00
    3.000000000000000E-01    5.500000000000000E-01    1.000000000000000E+00
    4.000000000000000E-01    5.500000000000000E-01    1.000000000000000E+00
    5.000000000000000E-01    5.500000000000000E-01    1.000000000000000E+00
    6.000000000000001E-01    5.500000000000000E-01    1.000000000000000E+00
    7.000000000000001E-01    5.500000000000000E-01    1.000000000000000E+00
    8.000000000000000E-01    5.500000000000000E-01    1.000000000000000E+00
    9.000000000000000E-01    5.500000000000000E-01    1.000000000000000E+00
    1.000000000000000E+00    5.500000000000000E-01    1.000000000000000E+00
    1.100000000000000E+00    5.500000000000000E-01    1.000000000000000E+00
    1.200000000000000E+00    5.500000000000000E-01    1.000000000000000E+00
    1.300000000000000E+00    5.500000000000000E-01    1.000000000000000E+00
    1.400000000000000E+00    5.500000000000000E-01    1.000000000000000E+00
    1.500000000000000E+00    5.500000000000000E-01    1.000000000000000E+00
    1.600000000000000E+00    5.500000000000000E-01    1.000000000000000E+00
    1.700000000000000E+00    5.500000000000000E-01    1.000000000000000E+00
    1.800000000000000E+00    5.500000000000000E-01    1.000000000000000E+00
    1.900000000000000E+00    5.500000000000000E-01    1.000000000000000E+00
    2.000000000000000E+00    5.500000000000000E-01    1.000000000000000E+00
    2.100000000000000E+00    5.500000000000000E-01    1.000000000000000E+00
    2.200000000000000E+00    5.500000000000000E-01    1.000000000000000E+00
    2.300000000000000E+00    5.500000000000000E-01    1.000000000000000E+00
    2.400000000000000E+00    5.500000000000000E-01    1.000000000000000E+00
    2.500000000000000E+00    5.500000000000000E-01    1.000000000000000E+00
    2.600000000000000E+00    5.500000000000000E-01    1.000000000000000E+00
    2.700000000000000E+00    5.500000000000000E-01    1.000000000000000E+00
    2.800000000000000E+00    5.500000000000000E-01    1.000000000000000E+00
    2.900000000000000E+00    5.500000000000000E-01    1.000000000000000E+00
    3.000000000000000E+00    5.500000000000000E-01    1.000000000000000E+00
    3.100000000000000E+00    5.500000000000000E-01    1.000000000000000E+00
    3.200000000000000E+00    5.500000000000000E-01    1.000000000000000E+00
    3.300000000000000E+00    5.500000000000000E-01    1.000000000000000E+00
    3.400000000000000E+00    5.500000000000000E-01    1.000000000000000E+00
    3.500000000000000E+00    5.500000000000000E-01    1.000000000000000E+00
    3.600000000000000E+00    5.500000000000000E-01    1.000000000000000E+00
    3.700000000000000E+00    5.500000000000000E-01    1.000000000000000E+00
    3.800000000000000E+00    5.500000000000000E-01    1.000000000000000E+00
    3.900000000000000E+00    5.500000000000000E-01    1.000000000000000E+00
    4.000000000000000E+00    5.500000000000000E-01    1.000000000000000E+00
    4.100000000000001E+00    5.500000000000000E-01    1.000000000000000E+00
    4.200000000000000E+00    5.500000000000000E-01    1.000000000000000E+00
    4.300000000000000E+00    5.500000000000000E-01    1.000000000000000E+00
    4.400000000000000E+00    5.500000000000000E-01    1.000000000000000E+00
    4.500000000000000E+00    5.500000000000000E-01    1.000000000000000E+00
    4.600000000000001E+00    5.500000000000000E-01    1.000000000000000E+00
    4.700000000000000E+00    5.500000000000000E-01    1.000000000000000E+00
    4.800000000000001E+00    5.500000000000000E-01    1.000000000000000E+00
    4.900000000000000E+00    5.500000000000000E-01    1.000000000000000E+00
    5.000000000000000E+00    5.500000000000000E-01    1.000000000000000E+00
    5.100000000000001E+00    5.500000000000000E-01    1.000000000000000E+00
    5.200000000000000E+00    5.500000000000000E-01    1.000000000000000E+00
    5.300000000000001E+00    5.500000000000000E-01    1.000000000000000E+00
    5.400000000000000E+00    5.500000000000000E-01    1.000000000000000E+00
    5.500000000000000E+00    5.500000000000000E-01    1.000000000000000E+00
    5.600000000000001E+00    5.500000000000000E-01    1.000000000000000E+00
    5.700000000000000E+00    5.500000000000000E-01    1.000000000000000E+00
    5.800000000000001E+00    5.500000000000000E-01    1.000000000000000E+00
    5.900000000000000E+00    5.500000000000000E-01    1.000000000000000E+00
    6.000000000000000E+00    5.500000000000000E-01    1.000000000000000E+00
    6.100000000000001E+00    5.500000000000000E-01    1.000000000000000E+00
    6.200000000000000E+00    5.500000000000000E-01    1.000000000000000E+00
    6.300000000000001E+00    5.500000000000000E-01    1.000000000000000E+00
    6.400000000000000E+00    5.500000000000000E-01    1.000000000000000E+00
    6.500000000000000E+00    5.500000000000000E-01    1.000000000000000E+00
    6.600000000000001E+00    5.500000000000000E-01    1.000000000000000E+00
    6.700000000000000E+00    5.500000000000000E-01    1.000000000000000E+00
    6.800000000000001E+00    5.500000000000000E-01    1.000000000000000E+00
    6.900000000000000E+00    5.500000000000000E-01    1.000000000000000E+00
    7.000000000000000E+00    5.500000000000000E-01    1.000000000000000E+00
    7.100000000000001E+00    5.500000000000000E-01    1.000000000000000E+00
    7.200000000000000E+00    5.500000000000000E-01    1.000000000000000E+00
    7.300000000000001E+00    5.500000000000000E-01    1.000000000000000E+00
    7.400000000000000E+00    5.500000000000000E-01    1.000000000000000E+00
    7.500000000000000E+00    5.500000000000000E-01    1.000000000000000E+00
    7.600000000000001E+00    5.500000000000000E-01    1.000000000000000E+00
    7.700000000000000E+00    5.500000000000000E-01    1.000000000000000E+00
    7.800000000000001E+00    5.500000000000000E-01    1.000000000000000E+00
    7.900000000000000E+00    5.500000000000000E-01    1.000000000000000E+00
    8.000000000000000E+00    5.500000000000000E-01    1.000000000000000E+00
    0.000000000000000E+00    5.750000000000001E-01    1.000000000000000E+00
    1.000000000000000E-01    5.750000000000001E-01    1.000000000000000E+00
    2.000000000000000E-01    5.750000000000001E-01    1.000000000000000E+00
    3.000000000000000E-01    5.750000000000001E-01    1.000000000000000E+00
    4.000000000000000E-01    5.750000000000001E-01    1.000000000000000E+00
    5.000000000000000E-01    5.750000000000001E-01    1.000000000000000E+00
    6.000000000000001E-01    5.750000000000001E-01    1.000000000000000E+00
    7.000000000000001E-01    5.750000000000001E-01    1.000000000000000E+00
    8.000000000000000E-01    5.750000000000001E-01    1.000000000000000E+00
    9.000000000000000E-01    5.750000000000001E-01    1.000000000000000E+00
    1.000000000000000E+00    5.750000000000001E-01    1.000000000000000E+00
    1.100000000000000E+00    5.750000000000001E-01    1.000000000000000E+00
    1.200000000000000E+00    5.750000000000001E-01    1.000000000000000E+00
    1.300000000000000E+00    5.750000000000001E-01    1.000000000000000E+00
    1.400000000000000E+00    5.750000000000001E-01    1.000000000000000E+00
    1.500000000000000E+00    5.750000000000001E-01    1.000000000000000E+00
    1.600000000000000E+00    5.750000000000001E-01    1.000000000000000E+00
    1.700000000000000E+00    5.750000000000001E-01    1.000000000000000E+00
    1.800000000000000E+00    5.750000000000001E-01    1.000000000000000E+00
    1.900000000000000E+00    5.750000000000001E-01    1.000000000000000E+00
    2.000000000000000E+00    5.750000000000001E-01    1.000000000000000E+00
    2.100000000000000E+00    5.750000000000001E-01    1.000000000000000E+00
    2.200000000000000E+00    5.750000000000001E-01    1.000000000000000E+00
    2.300000000000000E+00    5.750000000000001E-01    1.000000000000000E+00
    2.400000000000000E+00    5.750000000000001E-01    1.000000000000000E+00
    2.500000000000000E+00    5.750000000000001E-01    1.000000000000000E+00
    2.600000000000000E+00    5.750000000000001E-01    1.000000000000000E+00
    2.700000000000000E+00    5.750000000000001E-01    1.000000000000000E+00
    2.800000000000000E+00    5.750000000000001E-01    1.000000000000000E+00
    2.900000000000000E+00    5.750000000000001E-01    1.000000000000000E+00
    3.000000000000000E+00    5.750000000000001E-01    1.000000000000000E+00
    3.100000000000000E+00    5.750000000000001E-01    1.000000000000000E+00
    3.200000000000000E+00    5.750000000000001E-01    1.000000000000000E+00
    3.300000000000000E+00    5.750000000000001E-01    1.000000000000000E+00
    3.400000000000000E+00    5.750000000000001E-01    1.000000000000000E+00
    3.500000000000000E+00    5.750000000000001E-01    1.000000000000000E+00
    3.600000000000000E+00    5.750000000000001E-01    1.000000000000000E+00
    3.700000000000000E+00    5.750000000000001E-01    1.000000000000000E+00
    3.800000000000000E+00    5.750000000000001E-01    1.000000000000000E+00
    3.900000000000000E+00    5.750000000000001E-01    1.000000000000000E+00
    4.000000000000000E+00    5.750000000000001E-01    1.000000000000000E+00
    4.100000000000001E+00    5.750000000000001E-01    1.000000000000000E+00
    4.200000000000000E+00    5.750000000000001E-01    1.000000000000000E+00
    4.300000000000000E+00    5.750000000000001E-01    1.000000000000000E+00
    4.400000000000000E+00    5.750000000000001E-01    1.000000000000000E+00
    4.500000000000000E+00    5.750000000000001E-01    1.000000000000000E+00
    4.600000000000001E+00    5.750000000000001E-01    1.000000000000000E+00
    4.700000000000000E+00    5.750000000000001E-01    1.000000000000000E+00
    4.800000000000001E+00    5.750000000000001E-01    1.000000000000000E+00
    4.900000000000000E+00    5.750000000000001E-01    1.000000000000000E+00
    5.000000000000000E+00    5.750000000000001E-01    1.000000000000000E+00
    5.100000000000001E+00    5.750000000000001E-01    1.000000000000000E+00
    5.200000000000000E+00    5.750000000000001E-01    1.000000000000000E+00
    5.300000000000001E+00    5.750000000000001E-01    1.000000000000000E+00
    5.400000000000000E+00    5.750000000000001E-01    1.000000000000000E+00
    5.500000000000000E+00    5.750000000000001E-01    1.000000000000000E+00
    5.600000000000001E+00    5.750000000000001E-01    1.000000000000000E+00
    5.700000000000000E+00    5.750000000000001E-01    1.000000000000000E+00
    5.800000000000001E+00    5.750000000000001E-01    1.000000000000000E+00
    5.900000000000000E+00    5.750000000000001E-01    1.000000000000000E+00
    6.000000000000000E+00    5.750000000000001E-01    1.000000000000000E+00
    6.100000000000001E+00    5.750000000000001E-01    1.000000000000000E+00
    6.200000000000000E+00    5.750000000000001E-01    1.000000000000000E+00
    6.300000000000001E+00    5.750000000000001E-01    1.000000000000000E+00
    6.400000000000000E+00    5.750000000000001E-01    1.000000000000000E+00
    6.500000000000000E+00    5.750000000000001E-01    1.000000000000000E+00
    6.600000000000001E+00    5.750000000000001E-01    1.000000000000000E+00
    6.700000000000000E+00    5.750000000000001E-01    1.000000000000000E+00
    6.800000000000001E+00    5.750000000000001E-01    1.000000000000000E+00
    6.900000000000000E+00    5.750000000000001E-01    1.000000000000000E+00
    7.000000000000000E+00    5.750000000000001E-01    1.000000000000000E+00
    7.100000000000001E+00    5.750000000000001E-01    1.000000000000000E+00
    7.200000000000000E+00    5.750000000000001E-01    1.000000000000000E+00
    7.300000000000001E+00    5.750000000000001E-01    1.000000000000000E+00
    7.400000000000000E+00    5.750000000000001E-01    1.000000000000000E+00
    7.500000000000000E+00    5.750000000000001E-01    1.000000000000000E+00
    7.600000000000001E+00    5.750000000000001E-01    1.000000000000000E+00
    7.700000000000000E+00    5.750000000000001E-01    1.000000000000000E+00
    7.800000000000001E+00    5.750000000000001E-01    1.000000000000000E+00
    7.900000000000000E+00    5.750000000000001E-01    1.000000000000000E+00
    8.000000000000000E+00    5.750000000000001E-01    1.000000000000000E+00
    0.000000000000000E+00    6.000000000000001E-01    1.000000000000000E+00
    1.000000000000000E-01    6.000000000000001E-01    1.000000000000000E+00
    2.000000000000000E-01    6.000000000000001E-01    1.000000000000000E+00
    3.000000000000000E-01    6.000000000000001E-01    1.000000000000000E+00
    4.000000000000000E-01    6.000000000000001E-01    1.000000000000000E+00
    5.000000000000000E-01    6.000000000000001E-01    1.000000000000000E+00
    6.000000000000001E-01    6.000000000000001E-01    1.000000000000000E+00
    7.000000000000001E-01    6.000000000000001E-01    1.000000000000000E+00
    8.000000000000000E-01    6.000000000000001E-01    1.000000000000000E+00
    9.000000000000000E-01    6.000000000000001E-01    1.000000000000000E+00
    1.000000000000000E+00    6.000000000000001E-01    1.000000000000000E+00
    1.100000000000000E+00    6.000000000000001E-01    1.000000000000000E+00
    1.200000000000000E+00    6.000000000000001E-01    1.000000000000000E+00
    1.300000000000000E+00    6.000000000000001E-01    1.000000000000000E+00
    1.400000000000000E+00    6.000000000000001E-01    1.000000000000000E+00
    1.500000000000000E+00    6.000000000000001E-01    1.000000000000000E+00
    1.600000000000000E+00    6.000000000000001E-01    1.000000000000000E+00
    1.700000000000000E+00    6.000000000000001E-01    1.000000000000000E+00
    1.800000000000000E+00    6.000000000000001E-01    1.000000000000000E+00
    1.900000000000000E+00    6.000000000000001E-01    1.000000000000000E+00
    2.000000000000000E+00    6.000000000000001E-01    1.000000000000000E+00
    2.100000000000000E+00    6.000000000000001E-01    1.000000000000000E+00
    2.200000000000000E+00    6.000000000000001E-01    1.000000000000000E+00
    2.300000000000000E+00    6.000000000000001E-01    1.000000000000000E+00
    2.400000000000000E+00    6.000000000000001E-01    1.000000000000000E+00
    2.500000000000000E+00    6.000000000000001E-01    1.000000000000000E+00
    2.600000000000000E+00    6.000000000000001E-01    1.000000000000000E+00
    2.700000000000000E+00    6.000000000000001E-01    1.000000000000000E+00
    2.800000000000000E+00    6.000000000000001E-01    1.000000000000000E+00
    2.900000000000000E+00    6.000000000000001E-01    1.000000000000000E+00
    3.000000000000000E+00    6.000000000000001E-01    1.000000000000000E+00
    3.100000000000000E+00    6.000000000000001E-01    1.000000000000000E+00
    3.200000000000000E+00    6.000000000000001E-01    1.000000000000000E+00
    3.300000000000000E+00    6.000000000000001E-01    1.000000000000000E+00
    3.400000000000000E+00    6.000000000000001E-01    1.000000000000000E+00
    3.500000000000000E+00    6.000000000000001E-01    1.000000000000000E+00
    3.600000000000000E+00    6.000000000000001E-01    1.000000000000000E+00
    3.700000000000000E+00    6.000000000000001E-01    1.000000000000000E+00
    3.800000000000000E+00    6.000000000000001E-01    1.000000000000000E+00
    3.900000000000000E+00    6.000000000000001E-01    1.000000000000000E+00
    4.000000000000000E+00    6.000000000000001E-01    1.000000000000000E+00
    4.100000000000001E+00    6.000000000000001E-01    1.000000000000000E+00
    4.200000000000000E+00    6.000000000000001E-01    1.000000000000000E+00
    4.300000000000000E+00    6.000000000000001E-01    1.000000000000000E+00
    4.400000000000000E+00    6.000000000000001E-01    1.000000000000000E+00
    4.500000000000000E+00    6.000000000000001E-01    1.000000000000000E+00
    4.600000000000001E+00    6.000000000000001E-01    1.000000000000000E+00
    4.700000000000000E+00    6.000000000000001E-01    1.000000000000000E+00
    4.800000000000001E+00    6.000000000000001E-01    1.000000000000000E+00
    4.900000000000000E+00    6.000000000000001E-01    1.000000000000000E+00
    5.000000000000000E+00    6.000000000000001E-01    1.000000000000000E+00
    5.100000000000001E+00    6.000000000000001E-01    1.000000000000000E+00
    5.200000000000000E+00    6.000000000000001E-01    1.000000000000000E+00
    5.300000000000001E+00    6.000000000000001E-01    1.000000000000000E+00
    5.400000000000000E+00    6.000000000000001E-01    1.000000000000000E+00
    5.500000000000000E+00    6.000000000000001E-01    1.000000000000000E+00
    5.600000000000001E+00    6.000000000000001E-01    1.000000000000000E+00
    5.700000000000000E+00    6.000000000000001E-01    1.000000000000000E+00
    5.800000000000001E+00    6.000000000000001E-01    1.000000000000000E+00
    5.900000000000000E+00    6.000000000000001E-01    1.000000000000000E+00
    6.000000000000000E+00    6.000000000000001E-01    1.000000000000000E+00
    6.100000000000001E+00    6.000000000000001E-01    1.000000000000000E+00
    6.200000000000000E+00    6.000000000000001E-01    1.000000000000000E+00
    6.300000000000001E+00    6.000000000000001E-01    1.000000000000000E+00
    6.400000000000000E+00    6.000000000000001E-01    1.000000000000000E+00
    6.500000000000000E+00    6.000000000000001E-01    1.000000000000000E+00
    6.600000000000001E+00    6.000000000000001E-01    1.000000000000000E+00
    6.700000000000000E+00    6.000000000000001E-01    1.000000000000000E+00
    6.800000000000001E+00    6.000000000000001E-01    1.000000000000000E+00
    6.900000000000000E+00    6.000000000000001E-01    1.000000000000000E+00
    7.000000000000000E+00    6.000000000000001E-01    1.000000000000000E+00
    7.100000000000001E+00    6.000000000000001E-01    1.000000000000000E+00
    7.200000000000000E+00    6.000000000000001E-01    1.000000000000000E+00
    7.300000000000001E+00    6.000000000000001E-01    1.000000000000000E+00
    7.400000000000000E+00    6.000000000000001E-01    1.000000000000000E+00
    7.500000000000000E+00    6.000000000000001E-01    1.000000000000000E+00
    7.600000000000001E+00    6.000000000000001E-01    1.000000000000000E+00
    7.700000000000000E+00    6.000000000000001E-01    1.000000000000000E+00
    7.800000000000001E+00    6.000000000000001E-01    1.000000000000000E+00
    7.900000000000000E+00    6.000000000000001E-01    1.000000000000000E+00
    8.000000000000000E+00    6.000000000000001E-01    1.000000000000000E+00
    0.000000000000000E+00    6.250000000000000E-01    1.000000000000000E+00
    1.000000000000000E-01    6.250000000000000E-01    1.000000000000000E+00
    2.000000000000000E-01    6.250000000000000E-01    1.000000000000000E+00
    3.000000000000000E-01    6.250000000000000E-01    1.000000000000000E+00
    4.000000000000000E-01    6.250000000000000E-01    1.000000000000000E+00
    5.000000000000000E-01    6.250000000000000E-01    1.000000000000000E+00
    6.000000000000001E-01    6.250000000000000E-01    1.000000000000000E+00
    7.000000000000001E-01    6.250000000000000E-01    1.000000000000000E+00
    8.000000000000000E-01    6.250000000000000E-01    1.000000000000000E+00
    9.000000000000000E-01    6.250000000000000E-01    1.000000000000000E+00
    1.000000000000000E+00    6.250000000000000E-01    1.000000000000000E+00
    1.100000000000000E+00    6.250000000000000E-01    1.000000000000000E+00
    1.200000000000000E+00    6.250000000000000E-01    1.000000000000000E+00
    1.300000000000000E+00    6.250000000000000E-01    1.000000000000000E+00
    1.400000000000000E+00    6.250000000000000E-01    1.000000000000000E+00
    1.500000000000000E+00    6.250000000000000E-01    1.000000000000000E+00
    1.600000000000000E+00    6.250000000000000E-01    1.000000000000000E+00
    1.700000000000000E+00    6.250000000000000E-01    1.000000000000000E+00
    1.800000000000000E+00    6.250000000000000E-01    1.000000000000000E+00
    1.900000000000000E+00    6.250000000000000E-01    1.000000000000000E+00
    2.000000000000000E+00    6.250000000000000E-01    1.000000000000000E+00
    2.100000000000000E+00    6.250000000000000E-01    1.000000000000000E+00
    2.200000000000000E+00    6.250000000000000E-01    1.000000000000000E+00
    2.300000000000000E+00    6.250000000000000E-01    1.000000000000000E+00
    2.400000000000000E+00    6.250000000000000E-01    1.000000000000000E+00
    2.500000000000000E+00    6.250000000000000E-01    1.000000000000000E+00
    2.600000000000000E+00    6.250000000000000E-01    1.000000000000000E+00
    2.700000000000000E+00    6.250000000000000E-01    1.000000000000000E+00
    2.800000000000000E+00    6.250000000000000E-01    1.000000000000000E+00
    2.900000000000000E+00    6.250000000000000E-01    1.000000000000000E+00
    3.000000000000000E+00    6.250000000000000E-01    1.000000000000000E+00
    3.100000000000000E+00    6.250000000000000E-01    1.000000000000000E+00
    3.200000000000000E+00    6.250000000000000E-01    1.000000000000000E+00
    3.300000000000000E+00    6.250000000000000E-01    1.000000000000000E+00
    3.400000000000000E+00    6.250000000000000E-01    1.000000000000000E+00
    3.500000000000000E+00    6.250000000000000E-01    1.000000000000000E+00
    3.600000000000000E+00    6.250000000000000E-01    1.000000000000000E+00
    3.700000000000000E+00    6.250000000000000E-01    1.000000000000000E+00
    3.800000000000000E+00    6.250000000000000E-01    1.000000000000000E+00
    3.900000000000000E+00    6.250000000000000E-01    1.000000000000000E+00
    4.000000000000000E+00    6.250000000000000E-01    1.000000000000000E+00
    4.100000000000001E+00    6.250000000000000E-01    1.000000000000000E+00
    4.200000000000000E+00    6.250000000000000E-01    1.000000000000000E+00
    4.300000000000000E+00    6.250000000000000E-01    1.000000000000000E+00
    4.400000000000000E+00    6.250000000000000E-01    1.000000000000000E+00
    4.500000000000000E+00    6.250000000000000E-01    1.000000000000000E+00
    4.600000000000001E+00    6.250000000000000E-01    1.000000000000000E+00
    4.700000000000000E+00    6.250000000000000E-01    1.000000000000000E+00
    4.800000000000001E+00    6.250000000000000E-01    1.000000000000000E+00
    4.900000000000000E+00    6.250000000000000E-01    1.000000000000000E+00
    5.000000000000000E+00    6.250000000000000E-01    1.000000000000000E+00
    5.100000000000001E+00    6.250000000000000E-01    1.000000000000000E+00
    5.200000000000000E+00    6.250000000000000E-01    1.000000000000000E+00
    5.300000000000001E+00    6.250000000000000E-01    1.000000000000000E+00
    5.400000000000000E+00    6.250000000000000E-01    1.000000000000000E+00
    5.500000000000000E+00    6.250000000000000E-01    1.000000000000000E+00
    5.600000000000001E+00    6.250000000000000E-01    1.000000000000000E+00
    5.700000000000000E+00    6.250000000000000E-01    1.000000000000000E+00
    5.800000000000001E+00    6.250000000000000E-01    1.000000000000000E+00
    5.900000000000000E+00    6.250000000000000E-01    1.000000000000000E+00
    6.000000000000000E+00    6.250000000000000E-01    1.000000000000000E+00
    6.100000000000001E+00    6.250000000000000E-01    1.000000000000000E+00
    6.200000000000000E+00    6.250000000000000E-01    1.000000000000000E+00
    6.300000000000001E+00    6.250000000000000E-01    1.000000000000000E+00
    6.400000000000000E+00    6.250000000000000E-01    1.000000000000000E+00
    6.500000000000000E+00    6.250000000000000E-01    1.000000000000000E+00
    6.600000000000001E+00    6.250000000000000E-01    1.000000000000000E+00
    6.700000000000000E+00    6.250000000000000E-01    1.000000000000000E+00
    6.800000000000001E+00    6.250000000000000E-01    1.000000000000000E+00
    6.900000000000000E+00    6.250000000000000E-01    1.000000000000000E+00
    7.000000000000000E+00    6.250000000000000E-01    1.000000000000000E+00
    7.100000000000001E+00    6.250000000000000E-01    1.000000000000000E+00
    7.200000000000000E+00    6.250000000000000E-01    1.000000000000000E+00
    7.300000000000001E+00    6.250000000000000E-01    1.000000000000000E+00
    7.400000000000000E+00    6.250000000000000E-01    1.000000000000000E+00
    7.500000000000000E+00    6.250000000000000E-01    1.000000000000000E+00
    7.600000000000001E+00    6.250000000000000E-01    1.000000000000000E+00
    7.700000000000000E+00    6.250000000000000E-01    1.000000000000000E+00
    7.800000000000001E+00    6.250000000000000E-01    1.000000000000000E+00
    7.900000000000000E+00    6.250000000000000E-01    1.000000000000000E+00
    8.000000000000000E+00    6.250000000000000E-01    1.000000000000000E+00
    0.000000000000000E+00    6.500000000000000E-01    1.000000000000000E+00
    1.000000000000000E-01    6.500000000000000E-01    1.000000000000000E+00
    2.000000000000000E-01    6.500000000000000E-01    1.000000000000000E+00
    3.000000000000000E-01    6.500000000000000E-01    1.000000000000000E+00
    4.000000000000000E-01    6.500000000000000E-01    1.000000000000000E+00
    5.000000000000000E-01    6.500000000000000E-01    1.000000000000000E+00
    6.000000000000001E-01    6.500000000000000E-01    1.000000000000000E+00
    7.000000000000001E-01    6.500000000000000E-01    1.000000000000000E+00
    8.000000000000000E-01    6.500000000000000E-01    1.000000000000000E+00
    9.000000000000000E-01    6.500000000000000E-01    1.000000000000000E+00
    1.000000000000000E+00    6.500000000000000E-01    1.000000000000000E+00
    1.100000000000000E+00    6.500000000000000E-01    1.000000000000000E+00
    1.200000000000000E+00    6.500000000000000E-01    1.000000000000000E+00
    1.300000000000000E+00    6.500000000000000E-01    1.000000000000000E+00
    1.400000000000000E+00    6.500000000000000E-01    1.000000000000000E+00
    1.500000000000000E+00    6.500000000000000E-01    1.000000000000000E+00
    1.600000000000000E+00    6.500000000000000E-01    1.000000000000000E+00
    1.700000000000000E+00    6.500000000000000E-01    1.000000000000000E+00
    1.800000000000000E+00    6.500000000000000E-01    1.000000000000000E+00
    1.900000000000000E+00    6.500000000000000E-01    1.000000000000000E+00
    2.000000000000000E+00    6.500000000000000E-01    1.000000000000000E+00
    2.100000000000000E+00    6.500000000000000E-01    1.000000000000000E+00
    2.200000000000000E+00    6.500000000000000E-01    1.000000000000000E+00
    2.300000000000000E+00    6.500000000000000E-01    1.000000000000000E+00
    2.400000000000000E+00    6.500000000000000E-01    1.000000000000000E+00
    2.500000000000000E+00    6.500000000000000E-01    1.000000000000000E+00
    2.600000000000000E+00    6.500000000000000E-01    1.000000000000000E+00
    2.700000000000000E+00    6.500000000000000E-01    1.000000000000000E+00
    2.800000000000000E+00    6.500000000000000E-01    1.000000000000000E+00
    2.900000000000000E+00    6.500000000000000E-01    1.000000000000000E+00
    3.000000000000000E+00    6.500000000000000E-01    1.000000000000000E+00
    3.100000000000000E+00    6.500000000000000E-01    1.000000000000000E+00
    3.200000000000000E+00    6.500000000000000E-01    1.000000000000000E+00
    3.300000000000000E+00    6.500000000000000E-01    1.000000000000000E+00
    3.400000000000000E+00    6.500000000000000E-01    1.000000000000000E+00
    3.500000000000000E+00    6.500000000000000E-01    1.000000000000000E+00
    3.600000000000000E+00    6.500000000000000E-01    1.000000000000000E+00
    3.700000000000000E+00    6.500000000000000E-01    1.000000000000000E+00
    3.800000000000000E+00    6.500000000000000E-01    1.000000000000000E+00
    3.900000000000000E+00    6.500000000000000E-01    1.000000000000000E+00
    4.000000000000000E+00    6.500000000000000E-01    1.000000000000000E+00
    4.100000000000001E+00    6.500000000000000E-01    1.000000000000000E+00
    4.200000000000000E+00    6.500000000000000E-01    1.000000000000000E+00
    4.300000000000000E+00    6.500000000000000E-01    1.000000000000000E+00
    4.400000000000000E+00    6.500000000000000E-01    1.000000000000000E+00
    4.500000000000000E+00    6.500000000000000E-01    1.000000000000000E+00
    4.600000000000001E+00    6.500000000000000E-01    1.000000000000000E+00
    4.700000000000000E+00    6.500000000000000E-01    1.000000000000000E+00
    4.800000000000001E+00    6.500000000000000E-01    1.000000000000000E+00
    4.900000000000000E+00    6.500000000000000E-01    1.000000000000000E+00
    5.000000000000000E+00    6.500000000000000E-01    1.000000000000000E+00
    5.100000000000001E+00    6.500000000000000E-01    1.000000000000000E+00
    5.200000000000000E+00    6.500000000000000E-01    1.000000000000000E+00
    5.300000000000001E+00    6.500000000000000E-01    1.000000000000000E+00
    5.400000000000000E+00    6.500000000000000E-01    1.000000000000000E+00
    5.500000000000000E+00    6.500000000000000E-01    1.000000000000000E+00
    5.600000000000001E+00    6.500000000000000E-01    1.000000000000000E+00
    5.700000000000000E+00    6.500000000000000E-01    1.000000000000000E+00
    5.800000000000001E+00    6.500000000000000E-01    1.000000000000000E+00
    5.900000000000000E+00    6.500000000000000E-01    1.000000000000000E+00
    6.000000000000000E+00    6.500000000000000E-01    1.000000000000000E+00
    6.100000000000001E+00    6.500000000000000E-01    1.000000000000000E+00
    6.200000000000000E+00    6.500000000000000E-01    1.000000000000000E+00
    6.300000000000001E+00    6.500000000000000E-01    1.000000000000000E+00
    6.400000000000000E+00    6.500000000000000E-01    1.000000000000000E+00
    6.500000000000000E+00    6.500000000000000E-01    1.000000000000000E+00
    6.600000000000001E+00    6.500000000000000E-01    1.000000000000000E+00
    6.700000000000000E+00    6.500000000000000E-01    1.000000000000000E+00
    6.800000000000001E+00    6.500000000000000E-01    1.000000000000000E+00
    6.900000000000000E+00    6.500000000000000E-01    1.000000000000000E+00
    7.000000000000000E+00    6.500000000000000E-01    1.000000000000000E+00
    7.100000000000001E+00    6.500000000000000E-01    1.000000000000000E+00
    7.200000000000000E+00    6.500000000000000E-01    1.000000000000000E+00
    7.300000000000001E+00    6.500000000000000E-01    1.000000000000000E+00
    7.400000000000000E+00    6.500000000000000E-01    1.000000000000000E+00
    7.500000000000000E+00    6.500000000000000E-01    1.000000000000000E+00
    7.600000000000001E+00    6.500000000000000E-01    1.000000000000000E+00
    7.700000000000000E+00    6.500000000000000E-01    1.000000000000000E+00
    7.800000000000001E+00    6.500000000000000E-01    1.000000000000000E+00
    7.900000000000000E+00    6.500000000000000E-01    1.000000000000000E+00
    8.000000000000000E+00    6.500000000000000E-01    1.000000000000000E+00
    0.000000000000000E+00    6.750000000000000E-01    1.000000000000000E+00
    1.000000000000000E-01    6.750000000000000E-01    1.000000000000000E+00
    2.000000000000000E-01    6.750000000000000E-01    1.000000000000000E+00
    3.000000000000000E-01    6.750000000000000E-01    1.000000000000000E+00
    4.000000000000000E-01    6.750000000000000E-01    1.000000000000000E+00
    5.000000000000000E-01    6.750000000000000E-01    1.000000000000000E+00
    6.000000000000001E-01    6.750000000000000E-01    1.000000000000000E+00
    7.000000000000001E-01    6.750000000000000E-01    1.000000000000000E+00
    8.000000000000000E-01    6.750000000000000E-01    1.000000000000000E+00
    9.000000000000000E-01    6.750000000000000E-01    1.000000000000000E+00
    1.000000000000000E+00    6.750000000000000E-01    1.000000000000000E+00
    1.100000000000000E+00    6.750000000000000E-01    1.000000000000000E+00
    1.200000000000000E+00    6.750000000000000E-01    1.000000000000000E+00
    1.300000000000000E+00    6.750000000000000E-01    1.000000000000000E+00
    1.400000000000000E+00    6.750000000000000E-01    1.000000000000000E+00
    1.500000000000000E+00    6.750000000000000E-01    1.000000000000000E+00
    1.600000000000000E+00    6.750000000000000E-01    1.000000000000000E+00
    1.700000000000000E+00    6.750000000000000E-01    1.000000000000000E+00
    1.800000000000000E+00    6.750000000000000E-01    1.000000000000000E+00
    1.900000000000000E+00    6.750000000000000E-01    1.000000000000000E+00
    2.000000000000000E+00    6.750000000000000E-01    1.000000000000000E+00
    2.100000000000000E+00    6.750000000000000E-01    1.000000000000000E+00
    2.200000000000000E+00    6.750000000000000E-01    1.000000000000000E+00
    2.300000000000000E+00    6.750000000000000E-01    1.000000000000000E+00
    2.400000000000000E+00    6.750000000000000E-01    1.000000000000000E+00
    2.500000000000000E+00    6.750000000000000E-01    1.000000000000000E+00
    2.600000000000000E+00    6.750000000000000E-01    1.000000000000000E+00
    2.700000000000000E+00    6.750000000000000E-01    1.000000000000000E+00
    2.800000000000000E+00    6.750000000000000E-01    1.000000000000000E+00
    2.900000000000000E+00    6.750000000000000E-01    1.000000000000000E+00
    3.000000000000000E+00    6.750000000000000E-01    1.000000000000000E+00
    3.100000000000000E+00    6.750000000000000E-01    1.000000000000000E+00
    3.200000000000000E+00    6.750000000000000E-01    1.000000000000000E+00
    3.300000000000000E+00    6.750000000000000E-01    1.000000000000000E+00
    3.400000000000000E+00    6.750000000000000E-01    1.000000000000000E+00
    3.500000000000000E+00    6.750000000000000E-01    1.000000000000000E+00
    3.600000000000000E+00    6.750000000000000E-01    1.000000000000000E+00
    3.700000000000000E+00    6.750000000000000E-01    1.000000000000000E+00
    3.800000000000000E+00    6.750000000000000E-01    1.000000000000000E+00
    3.900000000000000E+00    6.750000000000000E-01    1.000000000000000E+00
    4.000000000000000E+00    6.750000000000000E-01    1.000000000000000E+00
    4.100000000000001E+00    6.750000000000000E-01    1.000000000000000E+00
    4.200000000000000E+00    6.750000000000000E-01    1.000000000000000E+00
    4.300000000000000E+00    6.750000000000000E-01    1.000000000000000E+00
    4.400000000000000E+00    6.750000000000000E-01    1.000000000000000E+00
    4.500000000000000E+00    6.750000000000000E-01    1.000000000000000E+00
    4.600000000000001E+00    6.750000000000000E-01    1.000000000000000E+00
    4.700000000000000E+00    6.750000000000000E-01    1.000000000000000E+00
    4.800000000000001E+00    6.750000000000000E-01    1.000000000000000E+00
    4.900000000000000E+00    6.750000000000000E-01    1.000000000000000E+00
    5.000000000000000E+00    6.750000000000000E-01    1.000000000000000E+00
    5.100000000000001E+00    6.750000000000000E-01    1.000000000000000E+00
    5.200000000000000E+00    6.750000000000000E-01    1.000000000000000E+00
    5.300000000000001E+00    6.750000000000000E-01    1.000000000000000E+00
    5.400000000000000E+00    6.750000000000000E-01    1.000000000000000E+00
    5.500000000000000E+00    6.750000000000000E-01    1.000000000000000E+00
    5.600000000000001E+00    6.750000000000000E-01    1.000000000000000E+00
    5.700000000000000E+00    6.750000000000000E-01    1.000000000000000E+00
    5.800000000000001E+00    6.750000000000000E-01    1.000000000000000E+00
    5.900000000000000E+00    6.750000000000000E-01    1.000000000000000E+00
    6.000000000000000E+00    6.750000000000000E-01    1.000000000000000E+00
    6.100000000000001E+00    6.750000000000000E-01    1.000000000000000E+00
    6.200000000000000E+00    6.750000000000000E-01    1.000000000000000E+00
    6.300000000000001E+00    6.750000000000000E-01    1.000000000000000E+00
    6.400000000000000E+00    6.750000000000000E-01    1.000000000000000E+00
    6.500000000000000E+00    6.750000000000000E-01    1.000000000000000E+00
    6.600000000000001E+00    6.750000000000000E-01    1.000000000000000E+00
    6.700000000000000E+00    6.750000000000000E-01    1.000000000000000E+00
    6.800000000000001E+00    6.750000000000000E-01    1.000000000000000E+00
    6.900000000000000E+00    6.750000000000000E-01    1.000000000000000E+00
    7.000000000000000E+00    6.750000000000000E-01    1.000000000000000E+00
    7.100000000000001E+00    6.750000000000000E-01    1.000000000000000E+00
    7.200000000000000E+00    6.750000000000000E-01    1.000000000000000E+00
    7.300000000000001E+00    6.750000000000000E-01    1.000000000000000E+00
    7.400000000000000E+00    6.750000000000000E-01    1.000000000000000E+00
    7.500000000000000E+00    6.750000000000000E-01    1.000000000000000E+00
    7.600000000000001E+00    6.750000000000000E-01    1.000000000000000E+00
    7.700000000000000E+00    6.750000000000000E-01    1.000000000000000E+00
    7.800000000000001E+00    6.750000000000000E-01    1.000000000000000E+00
    7.900000000000000E+00    6.750000000000000E-01    1.000000000000000E+00
    8.000000000000000E+00    6.750000000000000E-01    1.000000000000000E+00
    0.000000000000000E+00    7.000000000000001E-01    1.000000000000000E+00
    1.000000000000000E-01    7.000000000000001E-01    1.000000000000000E+00
    2.000000000000000E-01    7.000000000000001E-01    1.000000000000000E+00
    3.000000000000000E-01    7.000000000000001E-01    1.000000000000000E+00
    4.000000000000000E-01    7.000000000000001E-01    1.000000000000000E+00
    5.000000000000000E-01    7.000000000000001E-01    1.000000000000000E+00
    6.000000000000001E-01    7.000000000000001E-01    1.000000000000000E+00
    7.000000000000001E-01    7.000000000000001E-01    1.000000000000000E+00
    8.000000000000000E-01    7.000000000000001E-01    1.000000000000000E+00
    9.000000000000000E-01    7.000000000000001E-01    1.000000000000000E+00
    1.000000000000000E+00    7.000000000000001E-01    1.000000000000000E+00
    1.100000000000000E+00    7.000000000000001E-01    1.000000000000000E+00
    1.200000000000000E+00    7.000000000000001E-01    1.000000000000000E+00
    1.300000000000000E+00    7.000000000000001E-01    1.000000000000000E+00
    1.400000000000000E+00    7.000000000000001E-01    1.000000000000000E+00
    1.500000000000000E+00    7.000000000000001E-01    1.000000000000000E+00
    1.600000000000000E+00    7.000000000000001E-01    1.000000000000000E+00
    1.700000000000000E+00    7.000000000000001E-01    1.000000000000000E+00
    1.800000000000000E+00    7.000000000000001E-01    1.000000000000000E+00
    1.900000000000000E+00    7.000000000000001E-01    1.000000000000000E+00
    2.000000000000000E+00    7.000000000000001E-01    1.000000000000000E+00
    2.100000000000000E+00    7.000000000000001E-01    1.000000000000000E+00
    2.200000000000000E+00    7.000000000000001E-01    1.000000000000000E+00
    2.300000000000000E+00    7.000000000000001E-01    1.000000000000000E+00
    2.400000000000000E+00    7.000000000000001E-01    1.000000000000000E+00
    2.500000000000000E+00    7.000000000000001E-01    1.000000000000000E+00
    2.600000000000000E+00    7.000000000000001E-01    1.000000000000000E+00
    2.700000000000000E+00    7.000000000000001E-01    1.000000000000000E+00
    2.800000000000000E+00    7.000000000000001E-01    1.000000000000000E+00
    2.900000000000000E+00    7.000000000000001E-01    1.000000000000000E+00
    3.000000000000000E+00    7.000000000000001E-01    1.000000000000000E+00
    3.100000000000000E+00    7.000000000000001E-01    1.000000000000000E+00
    3.200000000000000E+00    7.000000000000001E-01    1.000000000000000E+00
    3.300000000000000E+00    7.000000000000001E-01    1.000000000000000E+00
    3.400000000000000E+00    7.000000000000001E-01    1.000000000000000E+00
    3.500000000000000E+00    7.000000000000001E-01    1.000000000000000E+00
    3.600000000000000E+00    7.000000000000001E-01    1.000000000000000E+00
    3.700000000000000E+00    7.000000000000001E-01    1.000000000000000E+00
    3.800000000000000E+00    7.000000000000001E-01    1.000000000000000E+00
    3.900000000000000E+00    7.000000000000001E-01    1.000000000000000E+00
    4.000000000000000E+00    7.000000000000001E-01    1.000000000000000E+00
    4.100000000000001E+00    7.000000000000001E-01    1.000000000000000E+00
    4.200000000000000E+00    7.000000000000001E-01    1.000000000000000E+00
    4.300000000000000E+00    7.000000000000001E-01    1.000000000000000E+00
    4.400000000000000E+00    7.000000000000001E-01    1.000000000000000E+00
    4.500000000000000E+00    7.000000000000001E-01    1.000000000000000E+00
    4.600000000000001E+00    7.000000000000001E-01    1.000000000000000E+00
    4.700000000000000E+00    7.000000000000001E-01    1.000000000000000E+00
    4.800000000000001E+00    7.000000000000001E-01    1.000000000000000E+00
    4.900000000000000E+00    7.000000000000001E-01    1.000000000000000E+00
    5.000000000000000E+00    7.000000000000001E-01    1.000000000000000E+00
    5.100000000000001E+00    7.000000000000001E-01    1.000000000000000E+00
    5.200000000000000E+00    7.000000000000001E-01    1.000000000000000E+00
    5.300000000000001E+00    7.000000000000001E-01    1.000000000000000E+00
    5.400000000000000E+00    7.000000000000001E-01    1.000000000000000E+00
    5.500000000000000E+00    7.000000000000001E-01    1.000000000000000E+00
    5.600000000000001E+00    7.000000000000001E-01    1.000000000000000E+00
    5.700000000000000E+00    7.000000000000001E-01    1.000000000000000E+00
    5.800000000000001E+00    7.000000000000001E-01    1.000000000000000E+00
    5.900000000000000E+00    7.000000000000001E-01    1.000000000000000E+00
    6.000000000000000E+00    7.000000000000001E-01    1.000000000000000E+00
    6.100000000000001E+00    7.000000000000001E-01    1.000000000000000E+00
    6.200000000000000E+00    7.000000000000001E-01    1.000000000000000E+00
    6.300000000000001E+00    7.000000000000001E-01    1.000000000000000E+00
    6.400000000000000E+00    7.000000000000001E-01    1.000000000000000E+00
    6.500000000000000E+00    7.000000000000001E-01    1.000000000000000E+00
    6.600000000000001E+00    7.000000000000001E-01    1.000000000000000E+00
    6.700000000000000E+00    7.000000000000001E-01    1.000000000000000E+00
    6.800000000000001E+00    7.000000000000001E-01    1.000000000000000E+00
    6.900000000000000E+00    7.000000000000001E-01    1.000000000000000E+00
    7.000000000000000E+00    7.000000000000001E-01    1.000000000000000E+00
    7.100000000000001E+00    7.000000000000001E-01    1.000000000000000E+00
    7.200000000000000E+00    7.000000000000001E-01    1.000000000000000E+00
    7.300000000000001E+00    7.000000000000001E-01    1.000000000000000E+00
    7.400000000000000E+00    7.000000000000001E-01    1.000000000000000E+00
    7.500000000000000E+00    7.000000000000001E-01    1.000000000000000E+00
    7.600000000000001E+00    7.000000000000001E-01    1.000000000000000E+00
    7.700000000000000E+00    7.000000000000001E-01    1.000000000000000E+00
    7.800000000000001E+00    7.000000000000001E-01    1.000000000000000E+00
    7.900000000000000E+00    7.000000000000001E-01    1.000000000000000E+00
    8.000000000000000E+00    7.000000000000001E-01    1.000000000000000E+00
    0.000000000000000E+00    7.250000000000001E-01    1.000000000000000E+00
    1.000000000000000E-01    7.250000000000001E-01    1.000000000000000E+00
    2.000000000000000E-01    7.250000000000001E-01    1.000000000000000E+00
    3.000000000000000E-01    7.250000000000001E-01    1.000000000000000E+00
    4.000000000000000E-01    7.250000000000001E-01    1.000000000000000E+00
    5.000000000000000E-01    7.250000000000001E-01    1.000000000000000E+00
    6.000000000000001E-01    7.250000000000001E-01    1.000000000000000E+00
    7.000000000000001E-01    7.250000000000001E-01    1.000000000000000E+00
    8.000000000000000E-01    7.250000000000001E-01    1.000000000000000E+00
    9.000000000000000E-01    7.250000000000001E-01    1.000000000000000E+00
    1.000000000000000E+00    7.250000000000001E-01    1.000000000000000E+00
    1.100000000000000E+00    7.250000000000001E-01    1.000000000000000E+00
    1.200000000000000E+00    7.250000000000001E-01    1.000000000000000E+00
    1.300000000000000E+00    7.250000000000001E-01    1.000000000000000E+00
    1.400000000000000E+00    7.250000000000001E-01    1.000000000000000E+00
    1.500000000000000E+00    7.250000000000001E-01    1.000000000000000E+00
    1.600000000000000E+00    7.250000000000001E-01    1.000000000000000E+00
    1.700000000000000E+00    7.250000000000001E-01    1.000000000000000E+00
    1.800000000000000E+00    7.250000000000001E-01    1.000000000000000E+00
    1.900000000000000E+00    7.250000000000001E-01    1.000000000000000E+00
    2.000000000000000E+00    7.250000000000001E-01    1.000000000000000E+00
    2.100000000000000E+00    7.250000000000001E-01    1.000000000000000E+00
    2.200000000000000E+00    7.250000000000001E-01    1.000000000000000E+00
    2.300000000000000E+00    7.250000000000001E-01    1.000000000000000E+00
    2.400000000000000E+00    7.250000000000001E-01    1.000000000000000E+00
    2.500000000000000E+00    7.250000000000001E-01    1.000000000000000E+00
    2.600000000000000E+00    7.250000000000001E-01    1.000000000000000E+00
    2.700000000000000E+00    7.250000000000001E-01    1.000000000000000E+00
    2.800000000000000E+00    7.250000000000001E-01    1.000000000000000E+00
    2.900000000000000E+00    7.250000000000001E-01    1.000000000000000E+00
    3.000000000000000E+00    7.250000000000001E-01    1.000000000000000E+00
    3.100000000000000E+00    7.250000000000001E-01    1.000000000000000E+00
    3.200000000000000E+00    7.250000000000001E-01    1.000000000000000E+00
    3.300000000000000E+00    7.250000000000001E-01    1.000000000000000E+00
    3.400000000000000E+00    7.250000000000001E-01    1.000000000000000E+00
    3.500000000000000E+00    7.250000000000001E-01    1.000000000000000E+00
    3.600000000000000E+00    7.250000000000001E-01    1.000000000000000E+00
    3.700000000000000E+00    7.250000000000001E-01    1.000000000000000E+00
    3.800000000000000E+00    7.250000000000001E-01    1.000000000000000E+00
    3.900000000000000E+00    7.250000000000001E-01    1.000000000000000E+00
    4.000000000000000E+00    7.250000000000001E-01    1.000000000000000E+00
    4.100000000000001E+00    7.250000000000001E-01    1.000000000000000E+00
    4.200000000000000E+00    7.250000000000001E-01    1.000000000000000E+00
    4.300000000000000E+00    7.250000000000001E-01    1.000000000000000E+00
    4.400000000000000E+00    7.250000000000001E-01    1.000000000000000E+00
    4.500000000000000E+00    7.250000000000001E-01    1.000000000000000E+00
    4.600000000000001E+00    7.250000000000001E-01    1.000000000000000E+00
    4.700000000000000E+00    7.250000000000001E-01    1.000000000000000E+00
    4.800000000000001E+00    7.250000000000001E-01    1.000000000000000E+00
    4.900000000000000E+00    7.250000000000001E-01    1.000000000000000E+00
    5.000000000000000E+00    7.250000000000001E-01    1.000000000000000E+00
    5.100000000000001E+00    7.250000000000001E-01    1.000000000000000E+00
    5.200000000000000E+00    7.250000000000001E-01    1.000000000000000E+00
    5.300000000000001E+00    7.250000000000001E-01    1.000000000000000E+00
    5.400000000000000E+00    7.250000000000001E-01    1.000000000000000E+00
    5.500000000000000E+00    7.250000000000001E-01    1.000000000000000E+00
    5.600000000000001E+00    7.250000000000001E-01    1.000000000000000E+00
    5.700000000000000E+00    7.250000000000001E-01    1.000000000000000E+00
    5.800000000000001E+00    7.250000000000001E-01    1.000000000000000E+00
    5.900000000000000E+00    7.250000000000001E-01    1.000000000000000E+00
    6.000000000000000E+00    7.250000000000001E-01    1.000000000000000E+00
    6.100000000000001E+00    7.250000000000001E-01    1.000000000000000E+00
    6.200000000000000E+00    7.250000000000001E-01    1.000000000000000E+00
    6.300000000000001E+00    7.250000000000001E-01    1.000000000000000E+00
    6.400000000000000E+00    7.250000000000001E-01    1.000000000000000E+00
    6.500000000000000E+00    7.250000000000001E-01    1.000000000000000E+00
    6.600000000000001E+00    7.250000000000001E-01    1.000000000000000E+00
    6.700000000000000E+00    7.250000000000001E-01    1.000000000000000E+00
    6.800000000000001E+00    7.250000000000001E-01    1.000000000000000E+00
    6.900000000000000E+00    7.250000000000001E-01    1.000000000000000E+00
    7.000000000000000E+00    7.250000000000001E-01    1.000000000000000E+00
    7.100000000000001E+00    7.250000000000001E-01    1.000000000000000E+00
    7.200000000000000E+00    7.250000000000001E-01    1.000000000000000E+00
    7.300000000000001E+00    7.250000000000001E-01    1.000000000000000E+00
    7.400000000000000E+00    7.250000000000001E-01    1.000000000000000E+00
    7.500000000000000E+00    7.250000000000001E-01    1.000000000000000E+00
    7.600000000000001E+00    7.250000000000001E-01    1.000000000000000E+00
    7.700000000000000E+00    7.250000000000001E-01    1.000000000000000E+00
    7.800000000000001E+00    7.250000000000001E-01    1.000000000000000E+00
    7.900000000000000E+00    7.250000000000001E-01    1.000000000000000E+00
    8.000000000000000E+00    7.250000000000001E-01    1.000000000000000E+00
    0.000000000000000E+00    7.500000000000000E-01    1.000000000000000E+00
    1.000000000000000E-01    7.500000000000000E-01    1.000000000000000E+00
    2.000000000000000E-01    7.500000000000000E-01    1.000000000000000E+00
    3.000000000000000E-01    7.500000000000000E-01    1.000000000000000E+00
    4.000000000000000E-01    7.500000000000000E-01    1.000000000000000E+00
    5.000000000000000E-01    7.500000000000000E-01    1.000000000000000E+00
    6.000000000000001E-01    7.500000000000000E-01    1.000000000000000E+00
    7.000000000000001E-01    7.500000000000000E-01    1.000000000000000E+00
    8.000000000000000E-01    7.500000000000000E-01    1.000000000000000E+00
    9.000000000000000E-01    7.500000000000000E-01    1.000000000000000E+00
    1.000000000000000E+00    7.500000000000000E-01    1.000000000000000E+00
    1.100000000000000E+00    7.500000000000000E-01    1.000000000000000E+00
    1.200000000000000E+00    7.500000000000000E-01    1.000000000000000E+00
    1.300000000000000E+00    7.500000000000000E-01    1.000000000000000E+00
    1.400000000000000E+00    7.500000000000000E-01    1.000000000000000E+00
    1.500000000000000E+00    7.500000000000000E-01    1.000000000000000E+00
    1.600000000000000E+00    7.500000000000000E-01    1.000000000000000E+00
    1.700000000000000E+00    7.500000000000000E-01    1.000000000000000E+00
    1.800000000000000E+00    7.500000000000000E-01    1.000000000000000E+00
    1.900000000000000E+00    7.500000000000000E-01    1.000000000000000E+00
    2.000000000000000E+00    7.500000000000000E-01    1.000000000000000E+00
    2.100000000000000E+00    7.500000000000000E-01    1.000000000000000E+00
    2.200000000000000E+00    7.500000000000000E-01    1.000000000000000E+00
    2.300000000000000E+00    7.500000000000000E-01    1.000000000000000E+00
    2.400000000000000E+00    7.500000000000000E-01    1.000000000000000E+00
    2.500000000000000E+00    7.500000000000000E-01    1.000000000000000E+00
    2.600000000000000E+00    7.500000000000000E-01    1.000000000000000E+00
    2.700000000000000E+00    7.500000000000000E-01    1.000000000000000E+00
    2.800000000000000E+00    7.500000000000000E-01    1.000000000000000E+00
    2.900000000000000E+00    7.500000000000000E-01    1.000000000000000E+00
    3.000000000000000E+00    7.500000000000000E-01    1.000000000000000E+00
    3.100000000000000E+00    7.500000000000000E-01    1.000000000000000E+00
    3.200000000000000E+00    7.500000000000000E-01    1.000000000000000E+00
    3.300000000000000E+00    7.500000000000000E-01    1.000000000000000E+00
    3.400000000000000E+00    7.500000000000000E-01    1.000000000000000E+00
    3.500000000000000E+00    7.500000000000000E-01    1.000000000000000E+00
    3.600000000000000E+00    7.500000000000000E-01    1.000000000000000E+00
    3.700000000000000E+00    7.500000000000000E-01    1.000000000000000E+00
    3.800000000000000E+00    7.500000000000000E-01    1.000000000000000E+00
    3.900000000000000E+00    7.500000000000000E-01    1.000000000000000E+00
    4.000000000000000E+00    7.500000000000000E-01    1.000000000000000E+00
    4.100000000000001E+00    7.500000000000000E-01    1.000000000000000E+00
    4.200000000000000E+00    7.500000000000000E-01    1.000000000000000E+00
    4.300000000000000E+00    7.500000000000000E-01    1.000000000000000E+00
    4.400000000000000E+00    7.500000000000000E-01    1.000000000000000E+00
    4.500000000000000E+00    7.500000000000000E-01    1.000000000000000E+00
    4.600000000000001E+00    7.500000000000000E-01    1.000000000000000E+00
    4.700000000000000E+00    7.500000000000000E-01    1.000000000000000E+00
    4.800000000000001E+00    7.500000000000000E-01    1.000000000000000E+00
    4.900000000000000E+00    7.500000000000000E-01    1.000000000000000E+00
    5.000000000000000E+00    7.500000000000000E-01    1.000000000000000E+00
    5.100000000000001E+00    7.500000000000000E-01    1.000000000000000E+00
    5.200000000000000E+00    7.500000000000000E-01    1.000000000000000E+00
    5.300000000000001E+00    7.500000000000000E-01    1.000000000000000E+00
    5.400000000000000E+00    7.500000000000000E-01    1.000000000000000E+00
    5.500000000000000E+00    7.500000000000000E-01    1.000000000000000E+00
    5.600000000000001E+00    7.500000000000000E-01    1.000000000000000E+00
    5.700000000000000E+00    7.500000000000000E-01    1.000000000000000E+00
    5.800000000000001E+00    7.500000000000000E-01    1.000000000000000E+00
    5.900000000000000E+00    7.500000000000000E-01    1.000000000000000E+00
    6.000000000000000E+00    7.500000000000000E-01    1.000000000000000E+00
    6.100000000000001E+00    7.500000000000000E-01    1.000000000000000E+00
    6.200000000000000E+00    7.500000000000000E-01    1.000000000000000E+00
    6.300000000000001E+00    7.500000000000000E-01    1.000000000000000E+00
    6.400000000000000E+00    7.500000000000000E-01    1.000000000000000E+00
    6.500000000000000E+00    7.500000000000000E-01    1.000000000000000E+00
    6.600000000000001E+00    7.500000000000000E-01    1.000000000000000E+00
    6.700000000000000E+00    7.500000000000000E-01    1.000000000000000E+00
    6.800000000000001E+00    7.500000000000000E-01    1.000000000000000E+00
    6.900000000000000E+00    7.500000000000000E-01    1.000000000000000E+00
    7.000000000000000E+00    7.500000000000000E-01    1.000000000000000E+00
    7.100000000000001E+00    7.500000000000000E-01    1.000000000000000E+00
    7.200000000000000E+00    7.500000000000000E-01    1.000000000000000E+00
    7.300000000000001E+00    7.500000000000000E-01    1.000000000000000E+00
    7.400000000000000E+00    7.500000000000000E-01    1.000000000000000E+00
    7.500000000000000E+00    7.500000000000000E-01    1.000000000000000E+00
    7.600000000000001E+00    7.500000000000000E-01    1.000000000000000E+00
    7.700000000000000E+00    7.500000000000000E-01    1.000000000000000E+00
    7.800000000000001E+00    7.500000000000000E-01    1.000000000000000E+00
    7.900000000000000E+00    7.500000000000000E-01    1.000000000000000E+00
    8.000000000000000E+00    7.500000000000000E-01    1.000000000000000E+00
    0.000000000000000E+00    7.750000000000000E-01    1.000000000000000E+00
    1.000000000000000E-01    7.750000000000000E-01    1.000000000000000E+00
    2.000000000000000E-01    7.750000000000000E-01    1.000000000000000E+00
    3.000000000000000E-01    7.750000000000000E-01    1.000000000000000E+00
    4.000000000000000E-01    7.750000000000000E-01    1.000000000000000E+00
    5.000000000000000E-01    7.750000000000000E-01    1.000000000000000E+00
    6.000000000000001E-01    7.750000000000000E-01    1.000000000000000E+00
    7.000000000000001E-01    7.750000000000000E-01    1.000000000000000E+00
    8.000000000000000E-01    7.750000000000000E-01    1.000000000000000E+00
    9.000000000000000E-01    7.750000000000000E-01    1.000000000000000E+00
    1.000000000000000E+00    7.750000000000000E-01    1.000000000000000E+00
    1.100000000000000E+00    7.750000000000000E-01    1.000000000000000E+00
    1.200000000000000E+00    7.750000000000000E-01    1.000000000000000E+00
    1.300000000000000E+00    7.750000000000000E-01    1.000000000000000E+00
    1.400000000000000E+00    7.750000000000000E-01    1.000000000000000E+00
    1.500000000000000E+00    7.750000000000000E-01    1.000000000000000E+00
    1.600000000000000E+00    7.750000000000000E-01    1.000000000000000E+00
    1.700000000000000E+00    7.750000000000000E-01    1.000000000000000E+00
    1.800000000000000E+00    7.750000000000000E-01    1.000000000000000E+00
    1.900000000000000E+00    7.750000000000000E-01    1.000000000000000E+00
    2.000000000000000E+00    7.750000000000000E-01    1.000000000000000E+00
    2.100000000000000E+00    7.750000000000000E-01    1.000000000000000E+00
    2.200000000000000E+00    7.750000000000000E-01    1.000000000000000E+00
    2.300000000000000E+00    7.750000000000000E-01    1.000000000000000E+00
    2.400000000000000E+00    7.750000000000000E-01    1.000000000000000E+00
    2.500000000000000E+00    7.750000000000000E-01    1.000000000000000E+00
    2.600000000000000E+00    7.750000000000000E-01    1.000000000000000E+00
    2.700000000000000E+00    7.750000000000000E-01    1.000000000000000E+00
    2.800000000000000E+00    7.750000000000000E-01    1.000000000000000E+00
    2.900000000000000E+00    7.750000000000000E-01    1.000000000000000E+00
    3.000000000000000E+00    7.750000000000000E-01    1.000000000000000E+00
    3.100000000000000E+00    7.750000000000000E-01    1.000000000000000E+00
    3.200000000000000E+00    7.750000000000000E-01    1.000000000000000E+00
    3.300000000000000E+00    7.750000000000000E-01    1.000000000000000E+00
    3.400000000000000E+00    7.750000000000000E-01    1.000000000000000E+00
    3.500000000000000E+00    7.750000000000000E-01    1.000000000000000E+00
    3.600000000000000E+00    7.750000000000000E-01    1.000000000000000E+00
    3.700000000000000E+00    7.750000000000000E-01    1.000000000000000E+00
    3.800000000000000E+00    7.750000000000000E-01    1.000000000000000E+00
    3.900000000000000E+00    7.750000000000000E-01    1.000000000000000E+00
    4.000000000000000E+00    7.750000000000000E-01    1.000000000000000E+00
    4.100000000000001E+00    7.750000000000000E-01    1.000000000000000E+00
    4.200000000000000E+00    7.750000000000000E-01    1.000000000000000E+00
    4.300000000000000E+00    7.750000000000000E-01    1.000000000000000E+00
    4.400000000000000E+00    7.750000000000000E-01    1.000000000000000E+00
    4.500000000000000E+00    7.750000000000000E-01    1.000000000000000E+00
    4.600000000000001E+00    7.750000000000000E-01    1.000000000000000E+00
    4.700000000000000E+00    7.750000000000000E-01    1.000000000000000E+00
    4.800000000000001E+00    7.750000000000000E-01    1.000000000000000E+00
    4.900000000000000E+00    7.750000000000000E-01    1.000000000000000E+00
    5.000000000000000E+00    7.750000000000000E-01    1.000000000000000E+00
    5.100000000000001E+00    7.750000000000000E-01    1.000000000000000E+00
    5.200000000000000E+00    7.750000000000000E-01    1.000000000000000E+00
    5.300000000000001E+00    7.750000000000000E-01    1.000000000000000E+00
    5.400000000000000E+00    7.750000000000000E-01    1.000000000000000E+00
    5.500000000000000E+00    7.750000000000000E-01    1.000000000000000E+00
    5.600000000000001E+00    7.750000000000000E-01    1.000000000000000E+00
    5.700000000000000E+00    7.750000000000000E-01    1.000000000000000E+00
    5.800000000000001E+00    7.750000000000000E-01    1.000000000000000E+00
    5.900000000000000E+00    7.750000000000000E-01    1.000000000000000E+00
    6.000000000000000E+00    7.750000000000000E-01    1.000000000000000E+00
    6.100000000000001E+00    7.750000000000000E-01    1.000000000000000E+00
    6.200000000000000E+00    7.750000000000000E-01    1.000000000000000E+00
    6.300000000000001E+00    7.750000000000000E-01    1.000000000000000E+00
    6.400000000000000E+00    7.750000000000000E-01    1.000000000000000E+00
    6.500000000000000E+00    7.750000000000000E-01    1.000000000000000E+00
    6.600000000000001E+00    7.750000000000000E-01    1.000000000000000E+00
    6.700000000000000E+00    7.750000000000000E-01    1.000000000000000E+00
    6.800000000000001E+00    7.750000000000000E-01    1.000000000000000E+00
    6.900000000000000E+00    7.750000000000000E-01    1.000000000000000E+00
    7.000000000000000E+00    7.750000000000000E-01    1.000000000000000E+00
    7.100000000000001E+00    7.750000000000000E-01    1.000000000000000E+00
    7.200000000000000E+00    7.750000000000000E-01    1.000000000000000E+00
    7.300000000000001E+00    7.750000000000000E-01    1.000000000000000E+00
    7.400000000000000E+00    7.750000000000000E-01    1.000000000000000E+00
    7.500000000000000E+00    7.750000000000000E-01    1.000000000000000E+00
    7.600000000000001E+00    7.750000000000000E-01    1.000000000000000E+00
    7.700000000000000E+00    7.750000000000000E-01    1.000000000000000E+00
    7.800000000000001E+00    7.750000000000000E-01    1.000000000000000E+00
    7.900000000000000E+00    7.750000000000000E-01    1.000000000000000E+00
    8.000000000000000E+00    7.750000000000000E-01    1.000000000000000E+00
    0.000000000000000E+00    8.000000000000000E-01    1.000000000000000E+00
    1.000000000000000E-01    8.000000000000000E-01    1.000000000000000E+00
    2.000000000000000E-01    8.000000000000000E-01    1.000000000000000E+00
    3.000000000000000E-01    8.000000000000000E-01    1.000000000000000E+00
    4.000000000000000E-01    8.000000000000000E-01    1.000000000000000E+00
    5.000000000000000E-01    8.000000000000000E-01    1.000000000000000E+00
    6.000000000000001E-01    8.000000000000000E-01    1.000000000000000E+00
    7.000000000000001E-01    8.000000000000000E-01    1.000000000000000E+00
    8.000000000000000E-01    8.000000000000000E-01    1.000000000000000E+00
    9.000000000000000E-01    8.000000000000000E-01    1.000000000000000E+00
    1.000000000000000E+00    8.000000000000000E-01    1.000000000000000E+00
    1.100000000000000E+00    8.000000000000000E-01    1.000000000000000E+00
    1.200000000000000E+00    8.000000000000000E-01    1.000000000000000E+00
    1.300000000000000E+00    8.000000000000000E-01    1.000000000000000E+00
    1.400000000000000E+00    8.000000000000000E-01    1.000000000000000E+00
    1.500000000000000E+00    8.000000000000000E-01    1.000000000000000E+00
    1.600000000000000E+00    8.000000000000000E-01    1.000000000000000E+00
    1.700000000000000E+00    8.000000000000000E-01    1.000000000000000E+00
    1.800000000000000E+00    8.000000000000000E-01    1.000000000000000E+00
    1.900000000000000E+00    8.000000000000000E-01    1.000000000000000E+00
    2.000000000000000E+00    8.000000000000000E-01    1.000000000000000E+00
    2.100000000000000E+00    8.000000000000000E-01    1.000000000000000E+00
    2.200000000000000E+00    8.000000000000000E-01    1.000000000000000E+00
    2.300000000000000E+00    8.000000000000000E-01    1.000000000000000E+00
    2.400000000000000E+00    8.000000000000000E-01    1.000000000000000E+00
    2.500000000000000E+00    8.000000000000000E-01    1.000000000000000E+00
    2.600000000000000E+00    8.000000000000000E-01    1.000000000000000E+00
    2.700000000000000E+00    8.000000000000000E-01    1.000000000000000E+00
    2.800000000000000E+00    8.000000000000000E-01    1.000000000000000E+00
    2.900000000000000E+00    8.000000000000000E-01    1.000000000000000E+00
    3.000000000000000E+00    8.000000000000000E-01    1.000000000000000E+00
    3.100000000000000E+00    8.000000000000000E-01    1.000000000000000E+00
    3.200000000000000E+00    8.000000000000000E-01    1.000000000000000E+00
    3.300000000000000E+00    8.000000000000000E-01    1.000000000000000E+00
    3.400000000000000E+00    8.000000000000000E-01    1.000000000000000E+00
    3.500000000000000E+00    8.000000000000000E-01    1.000000000000000E+00
    3.600000000000000E+00    8.000000000000000E-01    1.000000000000000E+00
    3.700000000000000E+00    8.000000000000000E-01    1.000000000000000E+00
    3.800000000000000E+00    8.000000000000000E-01    1.000000000000000E+00
    3.900000000000000E+00    8.000000000000000E-01    1.000000000000000E+00
    4.000000000000000E+00    8.000000000000000E-01    1.000000000000000E+00
    4.100000000000001E+00    8.000000000000000E-01    1.000000000000000E+00
    4.200000000000000E+00    8.000000000000000E-01    1.000000000000000E+00
    4.300000000000000E+00    8.000000000000000E-01    1.000000000000000E+00
    4.400000000000000E+00    8.000000000000000E-01    1.000000000000000E+00
    4.500000000000000E+00    8.000000000000000E-01    1.000000000000000E+00
    4.600000000000001E+00    8.000000000000000E-01    1.000000000000000E+00
    4.700000000000000E+00    8.000000000000000E-01    1.000000000000000E+00
    4.800000000000001E+00    8.000000000000000E-01    1.000000000000000E+00
    4.900000000000000E+00    8.000000000000000E-01    1.000000000000000E+00
    5.000000000000000E+00    8.000000000000000E-01    1.000000000000000E+00
    5.100000000000001E+00    8.000000000000000E-01    1.000000000000000E+00
    5.200000000000000E+00    8.000000000000000E-01    1.000000000000000E+00
    5.300000000000001E+00    8.000000000000000E-01    1.000000000000000E+00
    5.400000000000000E+00    8.000000000000000E-01    1.000000000000000E+00
    5.500000000000000E+00    8.000000000000000E-01    1.000000000000000E+00
    5.600000000000001E+00    8.000000000000000E-01    1.000000000000000E+00
    5.700000000000000E+00    8.000000000000000E-01    1.000000000000000E+00
    5.800000000000001E+00    8.000000000000000E-01    1.000000000000000E+00
    5.900000000000000E+00    8.000000000000000E-01    1.000000000000000E+00
    6.000000000000000E+00    8.000000000000000E-01    1.000000000000000E+00
    6.100000000000001E+00    8.000000000000000E-01    1.000000000000000E+00
    6.200000000000000E+00    8.000000000000000E-01    1.000000000000000E+00
    6.300000000000001E+00    8.000000000000000E-01    1.000000000000000E+00
    6.400000000000000E+00    8.000000000000000E-01    1.000000000000000E+00
    6.500000000000000E+00    8.000000000000000E-01    1.000000000000000E+00
    6.600000000000001E+00    8.000000000000000E-01    1.000000000000000E+00
    6.700000000000000E+00    8.000000000000000E-01    1.000000000000000E+00
    6.800000000000001E+00    8.000000000000000E-01    1.000000000000000E+00
    6.900000000000000E+00    8.000000000000000E-01    1.000000000000000E+00
    7.000000000000000E+00    8.000000000000000E-01    1.000000000000000E+00
    7.100000000000001E+00    8.000000000000000E-01    1.000000000000000E+00
    7.200000000000000E+00    8.000000000000000E-01    1.000000000000000E+00
    7.300000000000001E+00    8.000000000000000E-01    1.000000000000000E+00
    7.400000000000000E+00    8.000000000000000E-01    1.000000000000000E+00
    7.500000000000000E+00    8.000000000000000E-01    1.000000000000000E+00
    7.600000000000001E+00    8.000000000000000E-01    1.000000000000000E+00
    7.700000000000000E+00    8.000000000000000E-01    1.000000000000000E+00
    7.800000000000001E+00    8.000000000000000E-01    1.000000000000000E+00
    7.900000000000000E+00    8.000000000000000E-01    1.000000000000000E+00
    8.000000000000000E+00    8.000000000000000E-01    1.000000000000000E+00
    0.000000000000000E+00    8.250000000000001E-01    1.000000000000000E+00
    1.000000000000000E-01    8.250000000000001E-01    1.000000000000000E+00
    2.000000000000000E-01    8.250000000000001E-01    1.000000000000000E+00
    3.000000000000000E-01    8.250000000000001E-01    1.000000000000000E+00
    4.000000000000000E-01    8.250000000000001E-01    1.000000000000000E+00
    5.000000000000000E-01    8.250000000000001E-01    1.000000000000000E+00
    6.000000000000001E-01    8.250000000000001E-01    1.000000000000000E+00
    7.000000000000001E-01    8.250000000000001E-01    1.000000000000000E+00
    8.000000000000000E-01    8.250000000000001E-01    1.000000000000000E+00
    9.000000000000000E-01    8.250000000000001E-01    1.000000000000000E+00
    1.000000000000000E+00    8.250000000000001E-01    1.000000000000000E+00
    1.100000000000000E+00    8.250000000000001E-01    1.000000000000000E+00
    1.200000000000000E+00    8.250000000000001E-01    1.000000000000000E+00
    1.300000000000000E+00    8.250000000000001E-01    1.000000000000000E+00
    1.400000000000000E+00    8.250000000000001E-01    1.000000000000000E+00
    1.500000000000000E+00    8.250000000000001E-01    1.000000000000000E+00
    1.600000000000000E+00    8.250000000000001E-01    1.000000000000000E+00
    1.700000000000000E+00    8.250000000000001E-01    1.000000000000000E+00
    1.800000000000000E+00    8.250000000000001E-01    1.000000000000000E+00
    1.900000000000000E+00    8.250000000000001E-01    1.000000000000000E+00
    2.000000000000000E+00    8.250000000000001E-01    1.000000000000000E+00
    2.100000000000000E+00    8.250000000000001E-01    1.000000000000000E+00
    2.200000000000000E+00    8.250000000000001E-01    1.000000000000000E+00
    2.300000000000000E+00    8.250000000000001E-01    1.000000000000000E+00
    2.400000000000000E+00    8.250000000000001E-01    1.000000000000000E+00
    2.500000000000000E+00    8.250000000000001E-01    1.000000000000000E+00
    2.600000000000000E+00    8.250000000000001E-01    1.000000000000000E+00
    2.700000000000000E+00    8.250000000000001E-01    1.000000000000000E+00
    2.800000000000000E+00    8.250000000000001E-01    1.000000000000000E+00
    2.900000000000000E+00    8.250000000000001E-01    1.000000000000000E+00
    3.000000000000000E+00    8.250000000000001E-01    1.000000000000000E+00
    3.100000000000000E+00    8.250000000000001E-01    1.000000000000000E+00
    3.200000000000000E+00    8.250000000000001E-01    1.000000000000000E+00
    3.300000000000000E+00    8.250000000000001E-01    1.000000000000000E+00
    3.400000000000000E+00    8.250000000000001E-01    1.000000000000000E+00
    3.500000000000000E+00    8.250000000000001E-01    1.000000000000000E+00
    3.600000000000000E+00    8.250000000000001E-01    1.000000000000000E+00
    3.700000000000000E+00    8.250000000000001E-01    1.000000000000000E+00
    3.800000000000000E+00    8.250000000000001E-01    1.000000000000000E+00
    3.900000000000000E+00    8.250000000000001E-01    1.000000000000000E+00
    4.000000000000000E+00    8.250000000000001E-01    1.000000000000000E+00
    4.100000000000001E+00    8.250000000000001E-01    1.000000000000000E+00
    4.200000000000000E+00    8.250000000000001E-01    1.000000000000000E+00
    4.300000000000000E+00    8.250000000000001E-01    1.000000000000000E+00
    4.400000000000000E+00    8.250000000000001E-01    1.000000000000000E+00
    4.500000000000000E+00    8.250000000000001E-01    1.000000000000000E+00
    4.600000000000001E+00    8.250000000000001E-01    1.000000000000000E+00
    4.700000000000000E+00    8.250000000000001E-01    1.000000000000000E+00
    4.800000000000001E+00    8.250000000000001E-01    1.000000000000000E+00
    4.900000000000000E+00    8.250000000000001E-01    1.000000000000000E+00
    5.000000000000000E+00    8.250000000000001E-01    1.000000000000000E+00
    5.100000000000001E+00    8.250000000000001E-01    1.000000000000000E+00
    5.200000000000000E+00    8.250000000000001E-01    1.000000000000000E+00
    5.300000000000001E+00    8.250000000000001E-01    1.000000000000000E+00
    5.400000000000000E+00    8.250000000000001E-01    1.000000000000000E+00
    5.500000000000000E+00    8.250000000000001E-01    1.000000000000000E+00
    5.600000000000001E+00    8.250000000000001E-01    1.000000000000000E+00
    5.700000000000000E+00    8.250000000000001E-01    1.000000000000000E+00
    5.800000000000001E+00    8.250000000000001E-01    1.000000000000000E+00
    5.900000000000000E+00    8.250000000000001E-01    1.000000000000000E+00
    6.000000000000000E+00    8.250000000000001E-01    1.000000000000000E+00
    6.100000000000001E+00    8.250000000000001E-01    1.000000000000000E+00
    6.200000000000000E+00    8.250000000000001E-01    1.000000000000000E+00
    6.300000000000001E+00    8.250000000000001E-01    1.000000000000000E+00
    6.400000000000000E+00    8.250000000000001E-01    1.000000000000000E+00
    6.500000000000000E+00    8.250000000000001E-01    1.000000000000000E+00
    6.600000000000001E+00    8.250000000000001E-01    1.000000000000000E+00
    6.700000000000000E+00    8.250000000000001E-01    1.000000000000000E+00
    6.800000000000001E+00    8.250000000000001E-01    1.000000000000000E+00
    6.900000000000000E+00    8.250000000000001E-01    1.000000000000000E+00
    7.000000000000000E+00    8.250000000000001E-01    1.000000000000000E+00
    7.100000000000001E+00    8.250000000000001E-01    1.000000000000000E+00
    7.200000000000000E+00    8.250000000000001E-01    1.000000000000000E+00
    7.300000000000001E+00    8.250000000000001E-01    1.000000000000000E+00
    7.400000000000000E+00    8.250000000000001E-01    1.000000000000000E+00
    7.500000000000000E+00    8.250000000000001E-01    1.000000000000000E+00
    7.600000000000001E+00    8.250000000000001E-01    1.000000000000000E+00
    7.700000000000000E+00    8.250000000000001E-01    1.000000000000000E+00
    7.800000000000001E+00    8.250000000000001E-01    1.000000000000000E+00
    7.900000000000000E+00    8.250000000000001E-01    1.000000000000000E+00
    8.000000000000000E+00    8.250000000000001E-01    1.000000000000000E+00
    0.000000000000000E+00    8.500000000000001E-01    1.000000000000000E+00
    1.000000000000000E-01    8.500000000000001E-01    1.000000000000000E+00
    2.000000000000000E-01    8.500000000000001E-01    1.000000000000000E+00
    3.000000000000000E-01    8.500000000000001E-01    1.000000000000000E+00
    4.000000000000000E-01    8.500000000000001E-01    1.000000000000000E+00
    5.000000000000000E-01    8.500000000000001E-01    1.000000000000000E+00
    6.000000000000001E-01    8.500000000000001E-01    1.000000000000000E+00
    7.000000000000001E-01    8.500000000000001E-01    1.000000000000000E+00
    8.000000000000000E-01    8.500000000000001E-01    1.000000000000000E+00
    9.000000000000000E-01    8.500000000000001E-01    1.000000000000000E+00
    1.000000000000000E+00    8.500000000000001E-01    1.000000000000000E+00
    1.100000000000000E+00    8.500000000000001E-01    1.000000000000000E+00
    1.200000000000000E+00    8.500000000000001E-01    1.000000000000000E+00
    1.300000000000000E+00    8.500000000000001E-01    1.000000000000000E+00
    1.400000000000000E+00    8.500000000000001E-01    1.000000000000000E+00
    1.500000000000000E+00    8.500000000000001E-01    1.000000000000000E+00
    1.600000000000000E+00    8.500000000000001E-01    1.000000000000000E+00
    1.700000000000000E+00    8.500000000000001E-01    1.000000000000000E+00
    1.800000000000000E+00    8.500000000000001E-01    1.000000000000000E+00
    1.900000000000000E+00    8.500000000000001E-01    1.000000000000000E+00
    2.000000000000000E+00    8.500000000000001E-01    1.000000000000000E+00
    2.100000000000000E+00    8.500000000000001E-01    1.000000000000000E+00
    2.200000000000000E+00    8.500000000000001E-01    1.000000000000000E+00
    2.300000000000000E+00    8.500000000000001E-01    1.000000000000000E+00
    2.400000000000000E+00    8.500000000000001E-01    1.000000000000000E+00
    2.500000000000000E+00    8.500000000000001E-01    1.000000000000000E+00
    2.600000000000000E+00    8.500000000000001E-01    1.000000000000000E+00
    2.700000000000000E+00    8.500000000000001E-01    1.000000000000000E+00
    2.800000000000000E+00    8.500000000000001E-01    1.000000000000000E+00
    2.900000000000000E+00    8.500000000000001E-01    1.000000000000000E+00
    3.000000000000000E+00    8.500000000000001E-01    1.000000000000000E+00
    3.100000000000000E+00    8.500000000000001E-01    1.000000000000000E+00
    3.200000000000000E+00    8.500000000000001E-01    1.000000000000000E+00
    3.300000000000000E+00    8.500000000000001E-01    1.000000000000000E+00
    3.400000000000000E+00    8.500000000000001E-01    1.000000000000000E+00
    3.500000000000000E+00    8.500000000000001E-01    1.000000000000000E+00
    3.600000000000000E+00    8.500000000000001E-01    1.000000000000000E+00
    3.700000000000000E+00    8.500000000000001E-01    1.000000000000000E+00
    3.800000000000000E+00    8.500000000000001E-01    1.000000000000000E+00
    3.900000000000000E+00    8.500000000000001E-01    1.000000000000000E+00
    4.000000000000000E+00    8.500000000000001E-01    1.000000000000000E+00
    4.100000000000001E+00    8.500000000000001E-01    1.000000000000000E+00
    4.200000000000000E+00    8.500000000000001E-01    1.000000000000000E+00
    4.300000000000000E+00    8.500000000000001E-01    1.000000000000000E+00
    4.400000000000000E+00    8.500000000000001E-01    1.000000000000000E+00
    4.500000000000000E+00    8.500000000000001E-01    1.000000000000000E+00
    4.600000000000001E+00    8.500000000000001E-01    1.000000000000000E+00
    4.700000000000000E+00    8.500000000000001E-01    1.000000000000000E+00
    4.800000000000001E+00    8.500000000000001E-01    1.000000000000000E+00
    4.900000000000000E+00    8.500000000000001E-01    1.000000000000000E+00
    5.000000000000000E+00    8.500000000000001E-01    1.000000000000000E+00
    5.100000000000001E+00    8.500000000000001E-01    1.000000000000000E+00
    5.200000000000000E+00    8.500000000000001E-01    1.000000000000000E+00
    5.300000000000001E+00    8.500000000000001E-01    1.000000000000000E+00
    5.400000000000000E+00    8.500000000000001E-01    1.000000000000000E+00
    5.500000000000000E+00    8.500000000000001E-01    1.000000000000000E+00
    5.600000000000001E+00    8.500000000000001E-01    1.000000000000000E+00
    5.700000000000000E+00    8.500000000000001E-01    1.000000000000000E+00
    5.800000000000001E+00    8.500000000000001E-01    1.000000000000000E+00
    5.900000000000000E+00    8.500000000000001E-01    1.000000000000000E+00
    6.000000000000000E+00    8.500000000000001E-01    1.000000000000000E+00
    6.100000000000001E+00    8.500000000000001E-01    1.000000000000000E+00
    6.200000000000000E+00    8.500000000000001E-01    1.000000000000000E+00
    6.300000000000001E+00    8.500000000000001E-01    1.000000000000000E+00
    6.400000000000000E+00    8.500000000000001E-01    1.000000000000000E+00
    6.500000000000000E+00    8.500000000000001E-01    1.000000000000000E+00
    6.600000000000001E+00    8.500000000000001E-01    1.000000000000000E+00
    6.700000000000000E+00    8.500000000000001E-01    1.000000000000000E+00
    6.800000000000001E+00    8.500000000000001E-01    1.000000000000000E+00
    6.900000000000000E+00    8.500000000000001E-01    1.000000000000000E+00
    7.000000000000000E+00    8.500000000000001E-01    1.000000000000000E+00
    7.100000000000001E+00    8.500000000000001E-01    1.000000000000000E+00
    7.200000000000000E+00    8.500000000000001E-01    1.000000000000000E+00
    7.300000000000001E+00    8.500000000000001E-01    1.000000000000000E+00
    7.400000000000000E+00    8.500000000000001E-01    1.000000000000000E+00
    7.500000000000000E+00    8.500000000000001E-01    1.000000000000000E+00
    7.600000000000001E+00    8.500000000000001E-01    1.000000000000000E+00
    7.700000000000000E+00    8.500000000000001E-01    1.000000000000000E+00
    7.800000000000001E+00    8.500000000000001E-01    1.000000000000000E+00
    7.900000000000000E+00    8.500000000000001E-01    1.000000000000000E+00
    8.000000000000000E+00    8.500000000000001E-01    1.000000000000000E+00
    0.000000000000000E+00    8.750000000000000E-01    1.000000000000000E+00
    1.000000000000000E-01    8.750000000000000E-01    1.000000000000000E+00
    2.000000000000000E-01    8.750000000000000E-01    1.000000000000000E+00
    3.000000000000000E-01    8.750000000000000E-01    1.000000000000000E+00
    4.000000000000000E-01    8.750000000000000E-01    1.000000000000000E+00
    5.000000000000000E-01    8.750000000000000E-01    1.000000000000000E+00
    6.000000000000001E-01    8.750000000000000E-01    1.000000000000000E+00
    7.000000000000001E-01    8.750000000000000E-01    1.000000000000000E+00
    8.000000000000000E-01    8.750000000000000E-01    1.000000000000000E+00
    9.000000000000000E-01    8.750000000000000E-01    1.000000000000000E+00
    1.000000000000000E+00    8.750000000000000E-01    1.000000000000000E+00
    1.100000000000000E+00    8.750000000000000E-01    1.000000000000000E+00
    1.200000000000000E+00    8.750000000000000E-01    1.000000000000000E+00
    1.300000000000000E+00    8.750000000000000E-01    1.000000000000000E+00
    1.400000000000000E+00    8.750000000000000E-01    1.000000000000000E+00
    1.500000000000000E+00    8.750000000000000E-01    1.000000000000000E+00
    1.600000000000000E+00    8.750000000000000E-01    1.000000000000000E+00
    1.700000000000000E+00    8.750000000000000E-01    1.000000000000000E+00
    1.800000000000000E+00    8.750000000000000E-01    1.000000000000000E+00
    1.900000000000000E+00    8.750000000000000E-01    1.000000000000000E+00
    2.000000000000000E+00    8.750000000000000E-01    1.000000000000000E+00
    2.100000000000000E+00    8.750000000000000E-01    1.000000000000000E+00
    2.200000000000000E+00    8.750000000000000E-01    1.000000000000000E+00
    2.300000000000000E+00    8.750000000000000E-01    1.000000000000000E+00
    2.400000000000000E+00    8.750000000000000E-01    1.000000000000000E+00
    2.500000000000000E+00    8.750000000000000E-01    1.000000000000000E+00
    2.600000000000000E+00    8.750000000000000E-01    1.000000000000000E+00
    2.700000000000000E+00    8.750000000000000E-01    1.000000000000000E+00
    2.800000000000000E+00    8.750000000000000E-01    1.000000000000000E+00
    2.900000000000000E+00    8.750000000000000E-01    1.000000000000000E+00
    3.000000000000000E+00    8.750000000000000E-01    1.000000000000000E+00
    3.100000000000000E+00    8.750000000000000E-01    1.000000000000000E+00
    3.200000000000000E+00    8.750000000000000E-01    1.000000000000000E+00
    3.300000000000000E+00    8.750000000000000E-01    1.000000000000000E+00
    3.400000000000000E+00    8.750000000000000E-01    1.000000000000000E+00
    3.500000000000000E+00    8.750000000000000E-01    1.000000000000000E+00
    3.600000000000000E+00    8.750000000000000E-01    1.000000000000000E+00
    3.700000000000000E+00    8.750000000000000E-01    1.000000000000000E+00
    3.800000000000000E+00    8.750000000000000E-01    1.000000000000000E+00
    3.900000000000000E+00    8.750000000000000E-01    1.000000000000000E+00
    4.000000000000000E+00    8.750000000000000E-01    1.000000000000000E+00
    4.100000000000001E+00    8.750000000000000E-01    1.000000000000000E+00
    4.200000000000000E+00    8.750000000000000E-01    1.000000000000000E+00
    4.300000000000000E+00    8.750000000000000E-01    1.000000000000000E+00
    4.400000000000000E+00    8.750000000000000E-01    1.000000000000000E+00
    4.500000000000000E+00    8.750000000000000E-01    1.000000000000000E+00
    4.600000000000001E+00    8.750000000000000E-01    1.000000000000000E+00
    4.700000000000000E+00    8.750000000000000E-01    1.000000000000000E+00
    4.800000000000001E+00    8.750000000000000E-01    1.000000000000000E+00
    4.900000000000000E+00    8.750000000000000E-01    1.000000000000000E+00
    5.000000000000000E+00    8.750000000000000E-01    1.000000000000000E+00
    5.100000000000001E+00    8.750000000000000E-01    1.000000000000000E+00
    5.200000000000000E+00    8.750000000000000E-01    1.000000000000000E+00
    5.300000000000001E+00    8.750000000000000E-01    1.000000000000000E+00
    5.400000000000000E+00    8.750000000000000E-01    1.000000000000000E+00
    5.500000000000000E+00    8.750000000000000E-01    1.000000000000000E+00
    5.600000000000001E+00    8.750000000000000E-01    1.000000000000000E+00
    5.700000000000000E+00    8.750000000000000E-01    1.000000000000000E+00
    5.800000000000001E+00    8.750000000000000E-01    1.000000000000000E+00
    5.900000000000000E+00    8.750000000000000E-01    1.000000000000000E+00
    6.000000000000000E+00    8.750000000000000E-01    1.000000000000000E+00
    6.100000000000001E+00    8.750000000000000E-01    1.000000000000000E+00
    6.200000000000000E+00    8.750000000000000E-01    1.000000000000000E+00
    6.300000000000001E+00    8.750000000000000E-01    1.000000000000000E+00
    6.400000000000000E+00    8.750000000000000E-01    1.000000000000000E+00
    6.500000000000000E+00    8.750000000000000E-01    1.000000000000000E+00
    6.600000000000001E+00    8.750000000000000E-01    1.000000000000000E+00
    6.700000000000000E+00    8.750000000000000E-01    1.000000000000000E+00
    6.800000000000001E+00    8.750000000000000E-01    1.000000000000000E+00
    6.900000000000000E+00    8.750000000000000E-01    1.000000000000000E+00
    7.000000000000000E+00    8.750000000000000E-01    1.000000000000000E+00
    7.100000000000001E+00    8.750000000000000E-01    1.000000000000000E+00
    7.200000000000000E+00    8.750000000000000E-01    1.000000000000000E+00
    7.300000000000001E+00    8.750000000000000E-01    1.000000000000000E+00
    7.400000000000000E+00    8.750000000000000E-01    1.000000000000000E+00
    7.500000000000000E+00    8.750000000000000E-01    1.000000000000000E+00
    7.600000000000001E+00    8.750000000000000E-01    1.000000000000000E+00
    7.700000000000000E+00    8.750000000000000E-01    1.000000000000000E+00
    7.800000000000001E+00    8.750000000000000E-01    1.000000000000000E+00
    7.900000000000000E+00    8.750000000000000E-01    1.000000000000000E+00
    8.000000000000000E+00    8.750000000000000E-01    1.000000000000000E+00
    0.000000000000000E+00    9.000000000000000E-01    1.000000000000000E+00
    1.000000000000000E-01    9.000000000000000E-01    1.000000000000000E+00
    2.000000000000000E-01    9.000000000000000E-01    1.000000000000000E+00
    3.000000000000000E-01    9.000000000000000E-01    1.000000000000000E+00
    4.000000000000000E-01    9.000000000000000E-01    1.000000000000000E+00
    5.000000000000000E-01    9.000000000000000E-01    1.000000000000000E+00
    6.000000000000001E-01    9.000000000000000E-01    1.000000000000000E+00
    7.000000000000001E-01    9.000000000000000E-01    1.000000000000000E+00
    8.000000000000000E-01    9.000000000000000E-01    1.000000000000000E+00
    9.000000000000000E-01    9.000000000000000E-01    1.000000000000000E+00
    1.000000000000000E+00    9.000000000000000E-01    1.000000000000000E+00
    1.100000000000000E+00    9.000000000000000E-01    1.000000000000000E+00
    1.200000000000000E+00    9.000000000000000E-01    1.000000000000000E+00
    1.300000000000000E+00    9.000000000000000E-01    1.000000000000000E+00
    1.400000000000000E+00    9.000000000000000E-01    1.000000000000000E+00
    1.500000000000000E+00    9.000000000000000E-01    1.000000000000000E+00
    1.600000000000000E+00    9.000000000000000E-01    1.000000000000000E+00
    1.700000000000000E+00    9.000000000000000E-01    1.000000000000000E+00
    1.800000000000000E+00    9.000000000000000E-01    1.000000000000000E+00
    1.900000000000000E+00    9.000000000000000E-01    1.000000000000000E+00
    2.000000000000000E+00    9.000000000000000E-01    1.000000000000000E+00
    2.100000000000000E+00    9.000000000000000E-01    1.000000000000000E+00
    2.200000000000000E+00    9.000000000000000E-01    1.000000000000000E+00
    2.300000000000000E+00    9.000000000000000E-01    1.000000000000000E+00
    2.400000000000000E+00    9.000000000000000E-01    1.000000000000000E+00
    2.500000000000000E+00    9.000000000000000E-01    1.000000000000000E+00
    2.600000000000000E+00    9.000000000000000E-01    1.000000000000000E+00
    2.700000000000000E+00    9.000000000000000E-01    1.000000000000000E+00
    2.800000000000000E+00    9.000000000000000E-01    1.000000000000000E+00
    2.900000000000000E+00    9.000000000000000E-01    1.000000000000000E+00
    3.000000000000000E+00    9.000000000000000E-01    1.000000000000000E+00
    3.100000000000000E+00    9.000000000000000E-01    1.000000000000000E+00
    3.200000000000000E+00    9.000000000000000E-01    1.000000000000000E+00
    3.300000000000000E+00    9.000000000000000E-01    1.000000000000000E+00
    3.400000000000000E+00    9.000000000000000E-01    1.000000000000000E+00
    3.500000000000000E+00    9.000000000000000E-01    1.000000000000000E+00
    3.600000000000000E+00    9.000000000000000E-01    1.000000000000000E+00
    3.700000000000000E+00    9.000000000000000E-01    1.000000000000000E+00
    3.800000000000000E+00    9.000000000000000E-01    1.000000000000000E+00
    3.900000000000000E+00    9.000000000000000E-01    1.000000000000000E+00
    4.000000000000000E+00    9.000000000000000E-01    1.000000000000000E+00
    4.100000000000001E+00    9.000000000000000E-01    1.000000000000000E+00
    4.200000000000000E+00    9.000000000000000E-01    1.000000000000000E+00
    4.300000000000000E+00    9.000000000000000E-01    1.000000000000000E+00
    4.400000000000000E+00    9.000000000000000E-01    1.000000000000000E+00
    4.500000000000000E+00    9.000000000000000E-01    1.000000000000000E+00
    4.600000000000001E+00    9.000000000000000E-01    1.000000000000000E+00
    4.700000000000000E+00    9.000000000000000E-01    1.000000000000000E+00
    4.800000000000001E+00    9.000000000000000E-01    1.000000000000000E+00
    4.900000000000000E+00    9.000000000000000E-01    1.000000000000000E+00
    5.000000000000000E+00    9.000000000000000E-01    1.000000000000000E+00
    5.100000000000001E+00    9.000000000000000E-01    1.000000000000000E+00
    5.200000000000000E+00    9.000000000000000E-01    1.000000000000000E+00
    5.300000000000001E+00    9.000000000000000E-01    1.000000000000000E+00
    5.400000000000000E+00    9.000000000000000E-01    1.000000000000000E+00
    5.500000000000000E+00    9.000000000000000E-01    1.000000000000000E+00
    5.600000000000001E+00    9.000000000000000E-01    1.000000000000000E+00
    5.700000000000000E+00    9.000000000000000E-01    1.000000000000000E+00
    5.800000000000001E+00    9.000000000000000E-01    1.000000000000000E+00
    5.900000000000000E+00    9.000000000000000E-01    1.000000000000000E+00
    6.000000000000000E+00    9.000000000000000E-01    1.000000000000000E+00
    6.100000000000001E+00    9.000000000000000E-01    1.000000000000000E+00
    6.200000000000000E+00    9.000000000000000E-01    1.000000000000000E+00
    6.300000000000001E+00    9.000000000000000E-01    1.000000000000000E+00
    6.400000000000000E+00    9.000000000000000E-01    1.000000000000000E+00
    6.500000000000000E+00    9.000000000000000E-01    1.000000000000000E+00
    6.600000000000001E+00    9.000000000000000E-01    1.000000000000000E+00
    6.700000000000000E+00    9.000000000000000E-01    1.000000000000000E+00
    6.800000000000001E+00    9.000000000000000E-01    1.000000000000000E+00
    6.900000000000000E+00    9.000000000000000E-01    1.000000000000000E+00
    7.000000000000000E+00    9.000000000000000E-01    1.000000000000000E+00
    7.100000000000001E+00    9.000000000000000E-01    1.000000000000000E+00
    7.200000000000000E+00    9.000000000000000E-01    1.000000000000000E+00
    7.300000000000001E+00    9.000000000000000E-01    1.000000000000000E+00
    7.400000000000000E+00    9.000000000000000E-01    1.000000000000000E+00
    7.500000000000000E+00    9.000000000000000E-01    1.000000000000000E+00
    7.600000000000001E+00    9.000000000000000E-01    1.000000000000000E+00
    7.700000000000000E+00    9.000000000000000E-01    1.000000000000000E+00
    7.800000000000001E+00    9.000000000000000E-01    1.000000000000000E+00
    7.900000000000000E+00    9.000000000000000E-01    1.000000000000000E+00
    8.000000000000000E+00    9.000000000000000E-01    1.000000000000000E+00
    0.000000000000000E+00    9.250000000000000E-01    1.000000000000000E+00
    1.000000000000000E-01    9.250000000000000E-01    1.000000000000000E+00
    2.000000000000000E-01    9.250000000000000E-01    1.000000000000000E+00
    3.000000000000000E-01    9.250000000000000E-01    1.000000000000000E+00
    4.000000000000000E-01    9.250000000000000E-01    1.000000000000000E+00
    5.000000000000000E-01    9.250000000000000E-01    1.000000000000000E+00
    6.000000000000001E-01    9.250000000000000E-01    1.000000000000000E+00
    7.000000000000001E-01    9.250000000000000E-01    1.000000000000000E+00
    8.000000000000000E-01    9.250000000000000E-01    1.000000000000000E+00
    9.000000000000000E-01    9.250000000000000E-01    1.000000000000000E+00
    1.000000000000000E+00    9.250000000000000E-01    1.000000000000000E+00
    1.100000000000000E+00    9.250000000000000E-01    1.000000000000000E+00
    1.200000000000000E+00    9.250000000000000E-01    1.000000000000000E+00
    1.300000000000000E+00    9.250000000000000E-01    1.000000000000000E+00
    1.400000000000000E+00    9.250000000000000E-01    1.000000000000000E+00
    1.500000000000000E+00    9.250000000000000E-01    1.000000000000000E+00
    1.600000000000000E+00    9.250000000000000E-01    1.000000000000000E+00
    1.700000000000000E+00    9.250000000000000E-01    1.000000000000000E+00
    1.800000000000000E+00    9.250000000000000E-01    1.000000000000000E+00
    1.900000000000000E+00    9.250000000000000E-01    1.000000000000000E+00
    2.000000000000000E+00    9.250000000000000E-01    1.000000000000000E+00
    2.100000000000000E+00    9.250000000000000E-01    1.000000000000000E+00
    2.200000000000000E+00    9.250000000000000E-01    1.000000000000000E+00
    2.300000000000000E+00    9.250000000000000E-01    1.000000000000000E+00
    2.400000000000000E+00    9.250000000000000E-01    1.000000000000000E+00
    2.500000000000000E+00    9.250000000000000E-01    1.000000000000000E+00
    2.600000000000000E+00    9.250000000000000E-01    1.000000000000000E+00
    2.700000000000000E+00    9.250000000000000E-01    1.000000000000000E+00
    2.800000000000000E+00    9.250000000000000E-01    1.000000000000000E+00
    2.900000000000000E+00    9.250000000000000E-01    1.000000000000000E+00
    3.000000000000000E+00    9.250000000000000E-01    1.000000000000000E+00
    3.100000000000000E+00    9.250000000000000E-01    1.000000000000000E+00
    3.200000000000000E+00    9.250000000000000E-01    1.000000000000000E+00
    3.300000000000000E+00    9.250000000000000E-01    1.000000000000000E+00
    3.400000000000000E+00    9.250000000000000E-01    1.000000000000000E+00
    3.500000000000000E+00    9.250000000000000E-01    1.000000000000000E+00
    3.600000000000000E+00    9.250000000000000E-01    1.000000000000000E+00
    3.700000000000000E+00    9.250000000000000E-01    1.000000000000000E+00
    3.800000000000000E+00    9.250000000000000E-01    1.000000000000000E+00
    3.900000000000000E+00    9.250000000000000E-01    1.000000000000000E+00
    4.000000000000000E+00    9.250000000000000E-01    1.000000000000000E+00
    4.100000000000001E+00    9.250000000000000E-01    1.000000000000000E+00
    4.200000000000000E+00    9.250000000000000E-01    1.000000000000000E+00
    4.300000000000000E+00    9.250000000000000E-01    1.000000000000000E+00
    4.400000000000000E+00    9.250000000000000E-01    1.000000000000000E+00
    4.500000000000000E+00    9.250000000000000E-01    1.000000000000000E+00
    4.600000000000001E+00    9.250000000000000E-01    1.000000000000000E+00
    4.700000000000000E+00    9.250000000000000E-01    1.000000000000000E+00
    4.800000000000001E+00    9.250000000000000E-01    1.000000000000000E+00
    4.900000000000000E+00    9.250000000000000E-01    1.000000000000000E+00
    5.000000000000000E+00    9.250000000000000E-01    1.000000000000000E+00
    5.100000000000001E+00    9.250000000000000E-01    1.000000000000000E+00
    5.200000000000000E+00    9.250000000000000E-01    1.000000000000000E+00
    5.300000000000001E+00    9.250000000000000E-01    1.000000000000000E+00
    5.400000000000000E+00    9.250000000000000E-01    1.000000000000000E+00
    5.500000000000000E+00    9.250000000000000E-01    1.000000000000000E+00
    5.600000000000001E+00    9.250000000000000E-01    1.000000000000000E+00
    5.700000000000000E+00    9.250000000000000E-01    1.000000000000000E+00
    5.800000000000001E+00    9.250000000000000E-01    1.000000000000000E+00
    5.900000000000000E+00    9.250000000000000E-01    1.000000000000000E+00
    6.000000000000000E+00    9.250000000000000E-01    1.000000000000000E+00
    6.100000000000001E+00    9.250000000000000E-01    1.000000000000000E+00
    6.200000000000000E+00    9.250000000000000E-01    1.000000000000000E+00
    6.300000000000001E+00    9.250000000000000E-01    1.000000000000000E+00
    6.400000000000000E+00    9.250000000000000E-01    1.000000000000000E+00
    6.500000000000000E+00    9.250000000000000E-01    1.000000000000000E+00
    6.600000000000001E+00    9.250000000000000E-01    1.000000000000000E+00
    6.700000000000000E+00    9.250000000000000E-01    1.000000000000000E+00
    6.800000000000001E+00    9.250000000000000E-01    1.000000000000000E+00
    6.900000000000000E+00    9.250000000000000E-01    1.000000000000000E+00
    7.000000000000000E+00    9.250000000000000E-01    1.000000000000000E+00
    7.100000000000001E+00    9.250000000000000E-01    1.000000000000000E+00
    7.200000000000000E+00    9.250000000000000E-01    1.000000000000000E+00
    7.300000000000001E+00    9.250000000000000E-01    1.000000000000000E+00
    7.400000000000000E+00    9.250000000000000E-01    1.000000000000000E+00
    7.500000000000000E+00    9.250000000000000E-01    1.000000000000000E+00
    7.600000000000001E+00    9.250000000000000E-01    1.000000000000000E+00
    7.700000000000000E+00    9.250000000000000E-01    1.000000000000000E+00
    7.800000000000001E+00    9.250000000000000E-01    1.000000000000000E+00
    7.900000000000000E+00    9.250000000000000E-01    1.000000000000000E+00
    8.000000000000000E+00    9.250000000000000E-01    1.000000000000000E+00
    0.000000000000000E+00    9.500000000000001E-01    1.000000000000000E+00
    1.000000000000000E-01    9.500000000000001E-01    1.000000000000000E+00
    2.000000000000000E-01    9.500000000000001E-01    1.000000000000000E+00
    3.000000000000000E-01    9.500000000000001E-01    1.000000000000000E+00
    4.000000000000000E-01    9.500000000000001E-01    1.000000000000000E+00
    5.000000000000000E-01    9.500000000000001E-01    1.000000000000000E+00
    6.000000000000001E-01    9.500000000000001E-01    1.000000000000000E+00
    7.000000000000001E-01    9.500000000000001E-01    1.000000000000000E+00
    8.000000000000000E-01    9.500000000000001E-01    1.000000000000000E+00
    9.000000000000000E-01    9.500000000000001E-01    1.000000000000000E+00
    1.000000000000000E+00    9.500000000000001E-01    1.000000000000000E+00
    1.100000000000000E+00    9.500000000000001E-01    1.000000000000000E+00
    1.200000000000000E+00    9.500000000000001E-01    1.000000000000000E+00
    1.300000000000000E+00    9.500000000000001E-01    1.000000000000000E+00
    1.400000000000000E+00    9.500000000000001E-01    1.000000000000000E+00
    1.500000000000000E+00    9.500000000000001E-01    1.000000000000000E+00
    1.600000000000000E+00    9.500000000000001E-01    1.000000000000000E+00
    1.700000000000000E+00    9.500000000000001E-01    1.000000000000000E+00
    1.800000000000000E+00    9.500000000000001E-01    1.000000000000000E+00
    1.900000000000000E+00    9.500000000000001E-01    1.000000000000000E+00
    2.000000000000000E+00    9.500000000000001E-01    1.000000000000000E+00
    2.100000000000000E+00    9.500000000000001E-01    1.000000000000000E+00
    2.200000000000000E+00    9.500000000000001E-01    1.000000000000000E+00
    2.300000000000000E+00    9.500000000000001E-01    1.000000000000000E+00
    2.400000000000000E+00    9.500000000000001E-01    1.000000000000000E+00
    2.500000000000000E+00    9.500000000000001E-01    1.000000000000000E+00
    2.600000000000000E+00    9.500000000000001E-01    1.000000000000000E+00
    2.700000000000000E+00    9.500000000000001E-01    1.000000000000000E+00
    2.800000000000000E+00    9.500000000000001E-01    1.000000000000000E+00
    2.900000000000000E+00    9.500000000000001E-01    1.000000000000000E+00
    3.000000000000000E+00    9.500000000000001E-01    1.000000000000000E+00
    3.100000000000000E+00    9.500000000000001E-01    1.000000000000000E+00
    3.200000000000000E+00    9.500000000000001E-01    1.000000000000000E+00
    3.300000000000000E+00    9.500000000000001E-01    1.000000000000000E+00
    3.400000000000000E+00    9.500000000000001E-01    1.000000000000000E+00
    3.500000000000000E+00    9.500000000000001E-01    1.000000000000000E+00
    3.600000000000000E+00    9.500000000000001E-01    1.000000000000000E+00
    3.700000000000000E+00    9.500000000000001E-01    1.000000000000000E+00
    3.800000000000000E+00    9.500000000000001E-01    1.000000000000000E+00
    3.900000000000000E+00    9.500000000000001E-01    1.000000000000000E+00
    4.000000000000000E+00    9.500000000000001E-01    1.000000000000000E+00
    4.100000000000001E+00    9.500000000000001E-01    1.000000000000000E+00
    4.200000000000000E+00    9.500000000000001E-01    1.000000000000000E+00
    4.300000000000000E+00    9.500000000000001E-01    1.000000000000000E+00
    4.400000000000000E+00    9.500000000000001E-01    1.000000000000000E+00
    4.500000000000000E+00    9.500000000000001E-01    1.000000000000000E+00
    4.600000000000001E+00    9.500000000000001E-01    1.000000000000000E+00
    4.700000000000000E+00    9.500000000000001E-01    1.000000000000000E+00
    4.800000000000001E+00    9.500000000000001E-01    1.000000000000000E+00
    4.900000000000000E+00    9.500000000000001E-01    1.000000000000000E+00
    5.000000000000000E+00    9.500000000000001E-01    1.000000000000000E+00
    5.100000000000001E+00    9.500000000000001E-01    1.000000000000000E+00
    5.200000000000000E+00    9.500000000000001E-01    1.000000000000000E+00
    5.300000000000001E+00    9.500000000000001E-01    1.000000000000000E+00
    5.400000000000000E+00    9.500000000000001E-01    1.000000000000000E+00
    5.500000000000000E+00    9.500000000000001E-01    1.000000000000000E+00
    5.600000000000001E+00    9.500000000000001E-01    1.000000000000000E+00
    5.700000000000000E+00    9.500000000000001E-01    1.000000000000000E+00
    5.800000000000001E+00    9.500000000000001E-01    1.000000000000000E+00
    5.900000000000000E+00    9.500000000000001E-01    1.000000000000000E+00
    6.000000000000000E+00    9.500000000000001E-01    1.000000000000000E+00
    6.100000000000001E+00    9.500000000000001E-01    1.000000000000000E+00
    6.200000000000000E+00    9.500000000000001E-01    1.000000000000000E+00
    6.300000000000001E+00    9.500000000000001E-01    1.000000000000000E+00
    6.400000000000000E+00    9.500000000000001E-01    1.000000000000000E+00
    6.500000000000000E+00    9.500000000000001E-01    1.000000000000000E+00
    6.600000000000001E+00    9.500000000000001E-01    1.000000000000000E+00
    6.700000000000000E+00    9.500000000000001E-01    1.000000000000000E+00
    6.800000000000001E+00    9.500000000000001E-01    1.000000000000000E+00
    6.900000000000000E+00    9.500000000000001E-01    1.000000000000000E+00
    7.000000000000000E+00    9.500000000000001E-01    1.000000000000000E+00
    7.100000000000001E+00    9.500000000000001E-01    1.000000000000000E+00
    7.200000000000000E+00    9.500000000000001E-01    1.000000000000000E+00
    7.300000000000001E+00    9.500000000000001E-01    1.000000000000000E+00
    7.400000000000000E+00    9.500000000000001E-01    1.000000000000000E+00
    7.500000000000000E+00    9.500000000000001E-01    1.000000000000000E+00
    7.600000000000001E+00    9.500000000000001E-01    1.000000000000000E+00
    7.700000000000000E+00    9.500000000000001E-01    1.000000000000000E+00
    7.800000000000001E+00    9.500000000000001E-01    1.000000000000000E+00
    7.900000000000000E+00    9.500000000000001E-01    1.000000000000000E+00
    8.000000000000000E+00    9.500000000000001E-01    1.000000000000000E+00
    0.000000000000000E+00    9.750000000000001E-01    1.000000000000000E+00
    1.000000000000000E-01    9.750000000000001E-01    1.000000000000000E+00
    2.000000000000000E-01    9.750000000000001E-01    1.000000000000000E+00
    3.000000000000000E-01    9.750000000000001E-01    1.000000000000000E+00
    4.000000000000000E-01    9.750000000000001E-01    1.000000000000000E+00
    5.000000000000000E-01    9.750000000000001E-01    1.000000000000000E+00
    6.000000000000001E-01    9.750000000000001E-01    1.000000000000000E+00
    7.000000000000001E-01    9.750000000000001E-01    1.000000000000000E+00
    8.000000000000000E-01    9.750000000000001E-01    1.000000000000000E+00
    9.000000000000000E-01    9.750000000000001E-01    1.000000000000000E+00
    1.000000000000000E+00    9.750000000000001E-01    1.000000000000000E+00
    1.100000000000000E+00    9.750000000000001E-01    1.000000000000000E+00
    1.200000000000000E+00    9.750000000000001E-01    1.000000000000000E+00
    1.300000000000000E+00    9.750000000000001E-01    1.000000000000000E+00
    1.400000000000000E+00    9.750000000000001E-01    1.000000000000000E+00
    1.500000000000000E+00    9.750000000000001E-01    1.000000000000000E+00
    1.600000000000000E+00    9.750000000000001E-01    1.000000000000000E+00
    1.700000000000000E+00    9.750000000000001E-01    1.000000000000000E+00
    1.800000000000000E+00    9.750000000000001E-01    1.000000000000000E+00
    1.900000000000000E+00    9.750000000000001E-01    1.000000000000000E+00
    2.000000000000000E+00    9.750000000000001E-01    1.000000000000000E+00
    2.100000000000000E+00    9.750000000000001E-01    1.000000000000000E+00
    2.200000000000000E+00    9.750000000000001E-01    1.000000000000000E+00
    2.300000000000000E+00    9.750000000000001E-01    1.000000000000000E+00
    2.400000000000000E+00    9.750000000000001E-01    1.000000000000000E+00
    2.500000000000000E+00    9.750000000000001E-01    1.000000000000000E+00
    2.600000000000000E+00    9.750000000000001E-01    1.000000000000000E+00
    2.700000000000000E+00    9.750000000000001E-01    1.000000000000000E+00
    2.800000000000000E+00    9.750000000000001E-01    1.000000000000000E+00
    2.900000000000000E+00    9.750000000000001E-01    1.000000000000000E+00
    3.000000000000000E+00    9.750000000000001E-01    1.000000000000000E+00
    3.100000000000000E+00    9.750000000000001E-01    1.000000000000000E+00
    3.200000000000000E+00    9.750000000000001E-01    1.000000000000000E+00
    3.300000000000000E+00    9.750000000000001E-01    1.000000000000000E+00
    3.400000000000000E+00    9.750000000000001E-01    1.000000000000000E+00
    3.500000000000000E+00    9.750000000000001E-01    1.000000000000000E+00
    3.600000000000000E+00    9.750000000000001E-01    1.000000000000000E+00
    3.700000000000000E+00    9.750000000000001E-01    1.000000000000000E+00
    3.800000000000000E+00    9.750000000000001E-01    1.000000000000000E+00
    3.900000000000000E+00    9.750000000000001E-01    1.000000000000000E+00
    4.000000000000000E+00    9.750000000000001E-01    1.000000000000000E+00
    4.100000000000001E+00    9.750000000000001E-01    1.000000000000000E+00
    4.200000000000000E+00    9.750000000000001E-01    1.000000000000000E+00
    4.300000000000000E+00    9.750000000000001E-01    1.000000000000000E+00
    4.400000000000000E+00    9.750000000000001E-01    1.000000000000000E+00
    4.500000000000000E+00    9.750000000000001E-01    1.000000000000000E+00
    4.600000000000001E+00    9.750000000000001E-01    1.000000000000000E+00
    4.700000000000000E+00    9.750000000000001E-01    1.000000000000000E+00
    4.800000000000001E+00    9.750000000000001E-01    1.000000000000000E+00
    4.900000000000000E+00    9.750000000000001E-01    1.000000000000000E+00
    5.000000000000000E+00    9.750000000000001E-01    1.000000000000000E+00
    5.100000000000001E+00    9.750000000000001E-01    1.000000000000000E+00
    5.200000000000000E+00    9.750000000000001E-01    1.000000000000000E+00
    5.300000000000001E+00    9.750000000000001E-01    1.000000000000000E+00
    5.400000000000000E+00    9.750000000000001E-01    1.000000000000000E+00
    5.500000000000000E+00    9.750000000000001E-01    1.000000000000000E+00
    5.600000000000001E+00    9.750000000000001E-01    1.000000000000000E+00
    5.700000000000000E+00    9.750000000000001E-01    1.000000000000000E+00
    5.800000000000001E+00    9.750000000000001E-01    1.000000000000000E+00
    5.900000000000000E+00    9.750000000000001E-01    1.000000000000000E+00
    6.000000000000000E+00    9.750000000000001E-01    1.000000000000000E+00
    6.100000000000001E+00    9.750000000000001E-01    1.000000000000000E+00
    6.200000000000000E+00    9.750000000000001E-01    1.000000000000000E+00
    6.300000000000001E+00    9.750000000000001E-01    1.000000000000000E+00
    6.400000000000000E+00    9.750000000000001E-01    1.000000000000000E+00
    6.500000000000000E+00    9.750000000000001E-01    1.000000000000000E+00
    6.600000000000001E+00    9.750000000000001E-01    1.000000000000000E+00
    6.700000000000000E+00    9.750000000000001E-01    1.000000000000000E+00
    6.800000000000001E+00    9.750000000000001E-01    1.000000000000000E+00
    6.900000000000000E+00    9.750000000000001E-01    1.000000000000000E+00
    7.000000000000000E+00    9.750000000000001E-01    1.000000000000000E+00
    7.100000000000001E+00    9.750000000000001E-01    1.000000000000000E+00
    7.200000000000000E+00    9.750000000000001E-01    1.000000000000000E+00
    7.300000000000001E+00    9.750000000000001E-01    1.000000000000000E+00
    7.400000000000000E+00    9.750000000000001E-01    1.000000000000000E+00
    7.500000000000000E+00    9.750000000000001E-01    1.000000000000000E+00
    7.600000000000001E+00    9.750000000000001E-01    1.000000000000000E+00
    7.700000000000000E+00    9.750000000000001E-01    1.000000000000000E+00
    7.800000000000001E+00    9.750000000000001E-01    1.000000000000000E+00
    7.900000000000000E+00    9.750000000000001E-01    1.000000000000000E+00
    8.000000000000000E+00    9.750000000000001E-01    1.000000000000000E+00
    0.000000000000000E+00    1.000000000000000E+00    1.000000000000000E+00
    1.000000000000000E-01    1.000000000000000E+00    1.000000000000000E+00
    2.000000000000000E-01    1.000000000000000E+00    1.000000000000000E+00
    3.000000000000000E-01    1.000000000000000E+00    1.000000000000000E+00
    4.000000000000000E-01    1.000000000000000E+00    1.000000000000000E+00
    5.000000000000000E-01    1.000000000000000E+00    1.000000000000000E+00
    6.000000000000001E-01    1.000000000000000E+00    1.000000000000000E+00
    7.000000000000001E-01    1.000000000000000E+00    1.000000000000000E+00
    8.000000000000000E-01    1.000000000000000E+00    1.000000000000000E+00
    9.000000000000000E-01    1.000000000000000E+00    1.000000000000000E+00
    1.000000000000000E+00    1.000000000000000E+00    1.000000000000000E+00
    1.100000000000000E+00    1.000000000000000E+00    1.000000000000000E+00
    1.200000000000000E+00    1.000000000000000E+00    1.000000000000000E+00
    1.300000000000000E+00    1.000000000000000E+00    1.000000000000000E+00
    1.400000000000000E+00    1.000000000000000E+00    1.000000000000000E+00
    1.500000000000000E+00    1.000000000000000E+00    1.000000000000000E+00
    1.600000000000000E+00    1.000000000000000E+00    1.000000000000000E+00
    1.700000000000000E+00    1.000000000000000E+00    1.000000000000000E+00
    1.800000000000000E+00    1.000000000000000E+00    1.000000000000000E+00
    1.900000000000000E+00    1.000000000000000E+00    1.000000000000000E+00
    2.000000000000000E+00    1.000000000000000E+00    1.000000000000000E+00
    2.100000000000000E+00    1.000000000000000E+00    1.000000000000000E+00
    2.200000000000000E+00    1.000000000000000E+00    1.000000000000000E+00
    2.300000000000000E+00    1.000000000000000E+00    1.000000000000000E+00
    2.400000000000000E+00    1.000000000000000E+00    1.000000000000000E+00
    2.500000000000000E+00    1.000000000000000E+00    1.000000000000000E+00
    2.600000000000000E+00    1.000000000000000E+00    1.000000000000000E+00
    2.700000000000000E+00    1.000000000000000E+00    1.000000000000000E+00
    2.800000000000000E+00    1.000000000000000E+00    1.000000000000000E+00
    2.900000000000000E+00    1.000000000000000E+00    1.000000000000000E+00
    3.000000000000000E+00    1.000000000000000E+00    1.000000000000000E+00
    3.100000000000000E+00    1.000000000000000E+00    1.000000000000000E+00
    3.200000000000000E+00    1.000000000000000E+00    1.000000000000000E+00
    3.300000000000000E+00    1.000000000000000E+00    1.000000000000000E+00
    3.400000000000000E+00    1.000000000000000E+00    1.000000000000000E+00
    3.500000000000000E+00    1.000000000000000E+00    1.000000000000000E+00
    3.600000000000000E+00    1.000000000000000E+00    1.000000000000000E+00
    3.700000000000000E+00    1.000000000000000E+00    1.000000000000000E+00
    3.800000000000000E+00    1.000000000000000E+00    1.000000000000000E+00
    3.900000000000000E+00    1.000000000000000E+00    1.000000000000000E+00
    4.000000000000000E+00    1.000000000000000E+00    1.000000000000000E+00
    4.100000000000001E+00    1.000000000000000E+00    1.000000000000000E+00
    4.200000000000000E+00    1.000000000000000E+00    1.000000000000000E+00
    4.300000000000000E+00    1.000000000000000E+00    1.000000000000000E+00
    4.400000000000000E+00    1.000000000000000E+00    1.000000000000000E+00
    4.500000000000000E+00    1.000000000000000E+00    1.000000000000000E+00
    4.600000000000001E+00    1.000000000000000E+00    1.000000000000000E+00
    4.700000000000000E+00    1.000000000000000E+00    1.000000000000000E+00
    4.800000000000001E+00    1.000000000000000E+00    1.000000000000000E+00
    4.900000000000000E+00    1.000000000000000E+00    1.000000000000000E+00
    5.000000000000000E+00    1.000000000000000E+00    1.000000000000000E+00
    5.100000000000001E+00    1.000000000000000E+00    1.000000000000000E+00
    5.200000000000000E+00    1.000000000000000E+00    1.000000000000000E+00
    5.300000000000001E+00    1.000000000000000E+00    1.000000000000000E+00
    5.400000000000000E+00    1.000000000000000E+00    1.000000000000000E+00
    5.500000000000000E+00    1.000000000000000E+00    1.000000000000000E+00
    5.600000000000001E+00    1.000000000000000E+00    1.000000000000000E+00
    5.700000000000000E+00    1.000000000000000E+00    1.000000000000000E+00
    5.800000000000001E+00    1.000000000000000E+00    1.000000000000000E+00
    5.900000000000000E+00    1.000000000000000E+00    1.000000000000000E+00
    6.000000000000000E+00    1.000000000000000E+00    1.000000000000000E+00
    6.100000000000001E+00    1.000000000000000E+00    1.000000000000000E+00
    6.200000000000000E+00    1.000000000000000E+00    1.000000000000000E+00
    6.300000000000001E+00    1.000000000000000E+00    1.000000000000000E+00
    6.400000000000000E+00    1.000000000000000E+00    1.000000000000000E+00
    6.500000000000000E+00    1.000000000000000E+00    1.000000000000000E+00
    6.600000000000001E+00    1.000000000000000E+00    1.000000000000000E+00
    6.700000000000000E+00    1.000000000000000E+00    1.000000000000000E+00
    6.800000000000001E+00    1.000000000000000E+00    1.000000000000000E+00
    6.900000000000000E+00    1.000000000000000E+00    1.000000000000000E+00
    7.000000000000000E+00    1.000000000000000E+00    1.000000000000000E+00
    7.100000000000001E+00    1.000000000000000E+00    1.000000000000000E+00
    7.200000000000000E+00    1.000000000000000E+00    1.000000000000000E+00
    7.300000000000001E+00    1.000000000000000E+00    1.000000000000000E+00
    7.400000000000000E+00    1.000000000000000E+00    1.000000000000000E+00
    7.500000000000000E+00    1.000000000000000E+00    1.000000000000000E+00
    7.600000000000001E+00    1.000000000000000E+00    1.000000000000000E+00
    7.700000000000000E+00    1.000000000000000E+00    1.000000000000000E+00
    7.800000000000001E+00    1.000000000000000E+00    1.000000000000000E+00
    7.900000000000000E+00    1.000000000000000E+00    1.000000000000000E+00
    8.000000000000000E+00    1.000000000000000E+00    1.000000000000000E+00
CELL_DATA         3200
SCALARS density double 1
LOOKUP_TABLE default
    1.000000000000000E+00
    1.000000000000000E+00
    1.000000000000000E+00
    1.000000000000000E+00
    1.000000000000000E+00
    1.000000000000000E+00
    1.000000000000000E+00
    1.000000000000000E+00
    1.000000000000000E+00
    1.000000000000000E+00
    1.000000000000000E+00
    1.000000000000000E+00
    1.000000000000000E+00
    1.000000000000000E+00
    1.000000000000000E+00
    1.000000000000000E+00
    1.000000000000000E+00
    1.000000000000000E+00
    1.000000000000000E+00
    1.000000000000000E+00
    1.000000000000000E+00
    1.000000000000000E+00
    1.000000000000000E+00
    1.000000000000000E+00
    1.000000000000000E+00
    1.000000000000000E+00
    1.000000000000000E+00
    1.000000000000000E+00
    1.000000000000000E+00
    1.000000000000000E+00
    1.000000000000000E+00
    1.000000000000000E+00
    1.000000000000000E+00
    1.000000000000000E+00
    1.000000000000000E+00
    1.000000000000000E+00
    1.000000000000000E+00
    1.000000000000000E+00
    1.000000000000000E+00
    1.000000000000000E+00
    1.000000000000000E+00
    1.000000000000000E+00
    1.000000000000000E+00
    1.000000000000000E+00
    1.000000000000000E+00
    1.000000000000000E+00
    1.000000000000000E+00
    1.000000000000000E+00
    1.000000000000000E+00
    1.000000000000000E+00
    1.000000000000000E+00
    1.000000000000000E+00
    1.000000000000000E+00
    1.000000000000000E+00
    1.000000000000000E+00
    1.000000000000000E+00
    1.000000000000000E+00
    1.000000000000000E+00
    1.000000000000000E+00
    1.000000000000000E+00
    1.000000000000000E+00
    1.000000000000000E+00
    1.000000000000000E+00
    1.000000000000000E+00
    1.000000000000000E+00
    1.000000000000000E+00
    1.000000000000000E+00
    1.000000000000000E+00
    1.000000000000000E+00
    1.000000000000000E+00
    1.000000000000000E+00
    1.000000000000000E+00
    1.000000000000000E+00
    1.000000000000000E+00
    1.000000000000000E+00
    1.000000000000000E+00
    1.000000000000000E+00
    1.000000000000000E+00
    1.000000000000000E+00
    1.000000000000000E+00
    1.000000000000000E+00
    1.000000000000000E+00
    1.000000000000000E+00
    1.000000000000000E+00
    1.000000000000000E+00
    1.000000000000000E+00
    1.000000000000000E+00
    1.000000000000000E+00
    1.000000000000000E+00
    1.000000000000000E+00
    1.000000000000000E+00
    1.000000000000000E+00
    1.000000000000000E+00
    1.000000000000000E+00
    1.000000000000000E+00
    1.000000000000000E+00
    1.000000000000000E+00
    1.000000000000000E+00
    1.000000000000000E+00
    1.000000000000000E+00
    1.000000000000000E+00
    1.000000000000000E+00
    1.000000000000000E+00
    1.000000000000000E+00
    1.000000000000000E+00
    1.000000000000000E+00
    1.000000000000000E+00
    1.000000000000000E+00
    1.000000000000000E+00
    1.000000000000000E+00
    1.000000000000000E+00
    1.000000000000000E+00
    1.000000000000000E+00
    1.000000000000000E+00
    1.000000000000000E+00
    1.000000000000000E+00
    1.000000000000000E+00
    1.000000000000000E+00
    1.000000000000000E+00
    1.000000000000000E+00
    1.000000000000000E+00
    1.000000000000000E+00
    1.000000000000000E+00
    1.000000000000000E+00
    1.000000000000000E+00
    1.000000000000000E+00
    1.000000000000000E+00
    1.000000000000000E+00
    1.000000000000000E+00
    1.000000000000000E+00
    1.000000000000000E+00
    1.000000000000000E+00
    1.000000000000000E+00
    1.000000000000000E+00
    1.000000000000000E+00
    1.000000000000000E+00
    1.000000000000000E+00
    1.000000000000000E+00
    1.000000000000000E+00
    1.000000000000000E+00
    1.000000000000000E+00
    1.000000000000000E+00
    1.000000000000000E+00
    1.000000000000000E+00
    1.000000000000000E+00
    1.000000000000000E+00
    1.000000000000000E+00
    1.000000000000000E+00
    1.000000000000000E+00
    1.000000000000000E+00
    1.000000000000000E+00
    1.000000000000000E+00
    1.000000000000000E+00
    1.000000000000000E+00
    1.000000000000000E+00
    1.000000000000000E+00
    1.000000000000000E+00
    1.000000000000000E+00
    1.000000000000000E+00
    1.000000000000000E+00
    1.000000000000000E+00
    1.000000000000000E+00
    1.000000000000000E+00
    1.000000000000000E+00
    1.000000000000000E+00
    1.000000000000000E+00
    1.000000000000000E+00
    1.000000000000000E+00
    1.000000000000000E+00
    1.000000000000000E+00
    1.000000000000000E+00
    1.000000000000000E+00
    1.000000000000000E+00
    1.000000000000000E+00
    1.000000000000000E+00
    1.000000000000000E+00
    1.000000000000000E+00
    1.000000000000000E+00
    1.000000000000000E+00
    1.000000000000000E+00
    1.000000000000000E+00
    1.000000000000000E+00
    1.000000000000000E+00
    1.000000000000000E+00
    1.000000000000000E+00
    1.000000000000000E+00
    1.000000000000000E+00
    1.000000000000000E+00
    1.000000000000000E+00
    1.000000000000000E+00
    1.000000000000000E+00
    1.000000000000000E+00
    1.000000000000000E+00
    1.000000000000000E+00
    1.000000000000000E+00
    1.000000000000000E+00
    1.000000000000000E+00
    1.000000000000000E+00
    1.000000000000000E+00
    1.000000000000000E+00
    1.000000000000000E+00
    1.000000000000000E+00
    1.000000000000000E+00
    1.000000000000000E+00
    1.000000000000000E+00
    1.000000000000000E+00
    1.000000000000000E+00
    1.000000000000000E+00
    1.000000000000000E+00
    1.000000000000000E+00
    1.000000000000000E+00
    1.000000000000000E+00
    1.000000000000000E+00
    1.000000000000000E+00
    1.000000000000000E+00
    1.000000000000000E+00
    1.000000000000000E+00
    1.000000000000000E+00
    1.000000000000000E+00
    1.000000000000000E+00
    1.000000000000000E+00
    1.000000000000000E+00
    1.000000000000000E+00
    1.000000000000000E+00
    1.000000000000000E+00
    1.000000000000000E+00
    1.000000000000000E+00
    1.000000000000000E+00
    1.000000000000000E+00
    1.000000000000000E+00
    1.000000000000000E+00
    1.000000000000000E+00
    1.000000000000000E+00
    1.000000000000000E+00
    1.000000000000000E+00
    1.000000000000000E+00
    1.000000000000000E+00
    1.000000000000000E+00
    1.000000000000000E+00
    1.000000000000000E+00
    1.000000000000000E+00
    1.000000000000000E+00
    1.000000000000000E+00
    1.000000000000000E+00
    1.000000000000000E+00
    1.000000000000000E+00
    1.000000000000000E+00
    1.000000000000000E+00
    1.000000000000000E+00
    1.000000000000000E+00
    1.000000000000000E+00
    1.000000000000000E+00
    1.000000000000000E+00
    1.000000000000000E+00
    1.000000000000000E+00
    1.000000000000000E+00
    1.000000000000000E+00
    1.000000000000000E+00
    1.000000000000000E+00
    1.000000000000000E+00
    1.000000000000000E+00
    1.000000000000000E+00
    1.000000000000000E+00
    1.000000000000000E+00
    1.000000000000000E+00
    1.000000000000000E+00
    1.000000000000000E+00
    1.000000000000000E+00
    1.000000000000000E+00
    1.000000000000000E+00
    1.000000000000000E+00
    1.000000000000000E+00
    1.000000000000000E+00
    1.000000000000000E+00
    1.000000000000000E+00
    1.000000000000000E+00
    1.000000000000000E+00
    1.000000000000000E+00
    1.000000000000000E+00
    1.000000000000000E+00
    1.000000000000000E+00
    1.000000000000000E+00
    1.000000000000000E+00
    1.000000000000000E+00
    1.000000000000000E+00
    1.000000000000000E+00
    1.000000000000000E+00
    1.000000000000000E+00
    1.000000000000000E+00
    1.000000000000000E+00
    1.000000000000000E+00
    1.000000000000000E+00
    1.000000000000000E+00
    1.000000000000000E+00
    1.000000000000000E+00
    1.000000000000000E+00
    1.000000000000000E+00
    1.000000000000000E+00
    1.000000000000000E+00
    1.000000000000000E+00
    1.000000000000000E+00
    1.000000000000000E+00
    1.000000000000000E+00
    1.000000000000000E+00
    1.000000000000000E+00
    1.000000000000000E+00
    1.000000000000000E+00
    1.000000000000000E+00
    1.000000000000000E+00
    1.000000000000000E+00
    1.000000000000000E+00
    1.000000000000000E+00
    1.000000000000000E+00
    1.000000000000000E+00
    1.000000000000000E+00
    1.000000000000000E+00
    1.000000000000000E+00
    1.000000000000000E+00
    1.000000000000000E+00
    1.000000000000000E+00
    1.000000000000000E+00
    1.000000000000000E+00
    1.000000000000000E+00
    1.000000000000000E+00
    1.000000000000000E+00
    1.000000000000000E+00
    1.000000000000000E+00
    1.000000000000000E+00
    1.000000000000000E+00
    1.000000000000000E+00
    1.000000000000000E+00
    1.000000000000000E+00
    1.000000000000000E+00
    1.000000000000000E+00
    1.000000000000000E+00
    1.000000000000000E+00
    1.000000000000000E+00
    1.000000000000000E+00
    1.000000000000000E+00
    1.000000000000000E+00
    1.000000000000000E+00
    1.000000000000000E+00
    1.000000000000000E+00
    1.000000000000000E+00
    1.000000000000000E+00
    1.000000000000000E+00
    1.000000000000000E+00
    1.000000000000000E+00
    1.000000000000000E+00
    1.000000000000000E+00
    1.000000000000000E+00
    1.000000000000000E+00
    1.000000000000000E+00
    1.000000000000000E+00
    1.000000000000000E+00
    1.000000000000000E+00
    1.000000000000000E+00
    1.000000000000000E+00
    1.000000000000000E+00
    1.000000000000000E+00
    1.000000000000000E+00
    1.000000000000000E+00
    1.000000000000000E+00
    1.000000000000000E+00
    1.000000000000000E+00
    1.000000000000000E+00
    1.000000000000000E+00
    1.000000000000000E+00
    1.000000000000000E+00
    1.000000000000000E+00
    1.000000000000000E+00
    1.000000000000000E+00
    1.000000000000000E+00
    1.000000000000000E+00
    1.000000000000000E+00
    1.000000000000000E+00
    1.000000000000000E+00
    1.000000000000000E+00
    1.000000000000000E+00
    1.000000000000000E+00
    1.000000000000000E+00
    1.000000000000000E+00
    1.000000000000000E+00
    1.000000000000000E+00
    1.000000000000000E+00
    1.000000000000000E+00
    1.000000000000000E+00
    1.000000000000000E+00
    1.000000000000000E+00
    1.000000000000000E+00
    1.000000000000000E+00
    1.000000000000000E+00
    1.000000000000000E+00
    1.000000000000000E+00
    1.000000000000000E+00
    1.000000000000000E+00
    1.000000000000000E+00
    1.000000000000000E+00
    1.000000000000000E+00
    1.000000000000000E+00
    1.000000000000000E+00
    1.000000000000000E+00
    1.000000000000000E+00
    1.000000000000000E+00
    1.000000000000000E+00
    1.000000000000000E+00
    1.000000000000000E+00
    1.000000000000000E+00
    1.000000000000000E+00
    1.000000000000000E+00
    1.000000000000000E+00
    1.000000000000000E+00
    1.000000000000000E+00
    1.000000000000000E+00
    1.000000000000000E+00
    1.000000000000000E+00
    1.000000000000000E+00
    1.000000000000000E+00
    1.000000000000000E+00
    1.000000000000000E+00
    1.000000000000000E+00
    1.000000000000000E+00
    1.000000000000000E+00
    1.000000000000000E+00
    1.000000000000000E+00
    1.000000000000000E+00
    1.000000000000000E+00
    1.000000000000000E+00
    1.000000000000000E+00
    1.000000000000000E+00
    1.000000000000000E+00
    1.000000000000000E+00
    1.000000000000000E+00
    1.000000000000000E+00
    1.000000000000000E+00
    1.000000000000000E+00
    1.000000000000000E+00
    1.000000000000000E+00
    1.000000000000000E+00
    1.000000000000000E+00
    1.000000000000000E+00
    1.000000000000000E+00
    1.000000000000000E+00
    1.000000000000000E+00
    1.000000000000000E+00
    1.000000000000000E+00
    1.000000000000000E+00
    1.000000000000000E+00
    1.000000000000000E+00
    1.000000000000000E+00
    1.000000000000000E+00
    1.000000000000000E+00
    1.000000000000000E+00
    1.000000000000000E+00
    1.000000000000000E+00
    1.000000000000000E+00
    1.000000000000000E+00
    1.000000000000000E+00
    1.000000000000000E+00
    1.000000000000000E+00
    1.000000000000000E+00
    1.000000000000000E+00
    1.000000000000000E+00
    1.000000000000000E+00
    1.000000000000000E+00
    1.000000000000000E+00
    1.000000000000000E+00
    1.000000000000000E+00
    1.000000000000000E+00
    1.000000000000000E+00
    1.000000000000000E+00
    1.000000000000000E+00
    1.000000000000000E+00
    1.000000000000000E+00
    1.000000000000000E+00
    1.000000000000000E+00
    1.000000000000000E+00
    1.000000000000000E+00
    1.000000000000000E+00
    1.000000000000000E+00
    1.000000000000000E+00
    1.000000000000000E+00
    1.000000000000000E+00
    1.000000000000000E+00
    1.000000000000000E+00
    1.000000000000000E+00
    1.000000000000000E+00
    1.000000000000000E+00
    1.000000000000000E+00
    1.000000000000000E+00
    1.000000000000000E+00
    1.000000000000000E+00
    1.000000000000000E+00
    1.000000000000000E+00
    1.000000000000000E+00
    1.000000000000000E+00
    1.000000000000000E+00
    1.000000000000000E+00
    1.000000000000000E+00
    1.000000000000000E+00
    1.000000000000000E+00
    1.000000000000000E+00
    1.000000000000000E+00
    1.000000000000000E+00
    1.000000000000000E+00
    1.000000000000000E+00
    1.000000000000000E+00
    1.000000000000000E+00
    1.000000000000000E+00
    1.000000000000000E+00
    1.000000000000000E+00
    1.000000000000000E+00
    1.000000000000000E+00
    1.000000000000000E+00
    1.000000000000000E+00
    1.000000000000000E+00
    1.000000000000000E+00
    1.000000000000000E+00
    1.000000000000000E+00
    1.000000000000000E+00
    1.000000000000000E+00
    1.000000000000000E+00
    1.000000000000000E+00
    1.000000000000000E+00
    1.000000000000000E+00
    1.000000000000000E+00
    1.000000000000000E+00
    1.000000000000000E+00
    1.000000000000000E+00
    1.000000000000000E+00
    1.000000000000000E+00
    1.000000000000000E+00
    1.000000000000000E+00
    1.000000000000000E+00
    1.000000000000000E+00
    1.000000000000000E+00
    1.000000000000000E+00
    1.000000000000000E+00
    1.000000000000000E+00
    1.000000000000000E+00
    1.000000000000000E+00
    1.000000000000000E+00
    1.000000000000000E+00
    1.000000000000000E+00
    1.000000000000000E+00
    1.000000000000000E+00
    1.000000000000000E+00
    1.000000000000000E+00
    1.000000000000000E+00
    1.000000000000000E+00
    1.000000000000000E+00
    1.000000000000000E+00
    1.000000000000000E+00
    1.000000000000000E+00
    1.000000000000000E+00
    1.000000000000000E+00
    1.000000000000000E+00
    1.000000000000000E+00
    1.000000000000000E+00
    1.000000000000000E+00
    1.000000000000000E+00
    1.000000000000000E+00
    1.000000000000000E+00
    1.000000000000000E+00
    1.000000000000000E+00
    1.000000000000000E+00
    1.000000000000000E+00
    1.000000000000000E+00
    1.000000000000000E+00
    1.000000000000000E+00
    1.000000000000000E+00
    1.000000000000000E+00
    1.000000000000000E+00
    1.000000000000000E+00
    1.000000000000000E+00
    1.000000000000000E+00
    1.000000000000000E+00
    1.000000000000000E+00
    1.000000000000000E+00
    1.000000000000000E+00
    1.000000000000000E+00
    1.000000000000000E+00
    1.000000000000000E+00
    1.000000000000000E+00
    1.000000000000000E+00
    1.000000000000000E+00
    1.000000000000000E+00
    1.000000000000000E+00
    1.000000000000000E+00
    1.000000000000000E+00
    1.000000000000000E+00
    1.000000000000000E+00
    1.000000000000000E+00
    1.000000000000000E+00
    1.000000000000000E+00
    1.000000000000000E+00
    1.000000000000000E+00
    1.000000000000000E+00
    1.000000000000000E+00
    1.000000000000000E+00
    1.000000000000000E+00
    1.000000000000000E+00
    1.000000000000000E+00
    1.000000000000000E+00
    1.000000000000000E+00
    1.000000000000000E+00
    1.000000000000000E+00
    1.000000000000000E+00
    1.000000000000000E+00
    1.000000000000000E+00
    1.000000000000000E+00
    1.000000000000000E+00
    1.000000000000000E+00
    1.000000000000000E+00
    1.000000000000000E+00
    1.000000000000000E+00
    1.000000000000000E+00
    1.000000000000000E+00
    1.000000000000000E+00
    1.000000000000000E+00
    1.000000000000000E+00
    1.000000000000000E+00
    1.000000000000000E+00
    1.000000000000000E+00
    1.000000000000000E+00
    1.000000000000000E+00
    1.000000000000000E+00
    1.000000000000000E+00
    1.000000000000000E+00
    1.000000000000000E+00
    1.000000000000000E+00
    1.000000000000000E+00
    1.000000000000000E+00
    1.000000000000000E+00
    1.000000000000000E+00
    1.000000000000000E+00
    1.000000000000000E+00
    1.000000000000000E+00
    1.000000000000000E+00
    1.000000000000000E+00
    1.000000000000000E+00
    1.000000000000000E+00
    1.000000000000000E+00
    1.000000000000000E+00
    1.000000000000000E+00
    1.000000000000000E+00
    1.000000000000000E+00
    1.000000000000000E+00
    1.000000000000000E+00
    1.000000000000000E+00
    1.000000000000000E+00
    1.000000000000000E+00
    1.000000000000000E+00
    1.000000000000000E+00
    1.000000000000000E+00
    1.000000000000000E+00
    1.000000000000000E+00
    1.000000000000000E+00
    1.000000000000000E+00
    1.000000000000000E+00
    1.000000000000000E+00
    1.000000000000000E+00
    1.000000000000000E+00
    1.000000000000000E+00
    1.000000000000000E+00
    1.000000000000000E+00
    1.000000000000000E+00
    1.000000000000000E+00
    1.000000000000000E+00
    1.000000000000000E+00
    1.000000000000000E+00
    1.000000000000000E+00
    1.000000000000000E+00
    1.000000000000000E+00
    1.000000000000000E+00
    1.000000000000000E+00
    1.000000000000000E+00
    1.000000000000000E+00
    1.000000000000000E+00
    1.000000000000000E+00
    1.000000000000000E+00
    1.000000000000000E+00
    1.000000000000000E+00
    1.000000000000000E+00
    1.000000000000000E+00
    1.000000000000000E+00
    1.000000000000000E+00
    1.000000000000000E+00
    1.000000000000000E+00
    1.000000000000000E+00
    1.000000000000000E+00
    1.000000000000000E+00
    1.000000000000000E+00
    1.000000000000000E+00
    1.000000000000000E+00
    1.000000000000000E+00
    1.000000000000000E+00
    1.000000000000000E+00
    1.000000000000000E+00
    1.000000000000000E+00
    1.000000000000000E+00
    1.000000000000000E+00
    1.000000000000000E+00
    1.000000000000000E+00
    1.000000000000000E+00
    1.000000000000000E+00
    1.000000000000000E+00
    1.000000000000000E+00
    1.000000000000000E+00
    1.000000000000000E+00
    1.000000000000000E+00
    1.000000000000000E+00
    1.000000000000000E+00
    1.000000000000000E+00
    1.000000000000000E+00
    1.000000000000000E+00
    1.000000000000000E+00
    1.000000000000000E+00
    1.000000000000000E+00
    1.000000000000000E+00
    1.000000000000000E+00
    1.000000000000000E+00
    1.000000000000000E+00
    1.000000000000000E+00
    1.000000000000000E+00
    1.000000000000000E+00
    1.000000000000000E+00
    1.000000000000000E+00
    1.000000000000000E+00
    1.000000000000000E+00
    1.000000000000000E+00
    1.000000000000000E+00
    1.000000000000000E+00
    1.000000000000000E+00
    1.000000000000000E+00
    1.000000000000000E+00
    1.000000000000000E+00
    1.000000000000000E+00
    1.000000000000000E+00
    1.000000000000000E+00
    1.000000000000000E+00
    1.000000000000000E+00
    1.000000000000000E+00
    1.000000000000000E+00
    1.000000000000000E+00
    1.000000000000000E+00
    1.000000000000000E+00
    1.000000000000000E+00
    1.000000000000000E+00
    1.000000000000000E+00
    1.000000000000000E+00
    1.000000000000000E+00
    1.000000000000000E+00
    1.000000000000000E+00
    1.000000000000000E+00
    1.000000000000000E+00
    1.000000000000000E+00
    1.000000000000000E+00
    1.000000000000000E+00
    1.000000000000000E+00
    1.000000000000000E+00
    1.000000000000000E+00
    1.000000000000000E+00
    1.000000000000000E+00
    1.000000000000000E+00
    1.000000000000000E+00
    1.000000000000000E+00
    1.000000000000000E+00
    1.000000000000000E+00
    1.000000000000000E+00
    1.000000000000000E+00
    1.000000000000000E+00
    1.000000000000000E+00
    1.000000000000000E+00
    1.000000000000000E+00
    1.000000000000000E+00
    1.000000000000000E+00
    1.000000000000000E+00
    1.000000000000000E+00
    1.000000000000000E+00
    1.000000000000000E+00
    1.000000000000000E+00
    1.000000000000000E+00
    1.000000000000000E+00
    1.000000000000000E+00
    1.000000000000000E+00
    1.000000000000000E+00
    1.000000000000000E+00
    1.000000000000000E+00
    1.000000000000000E+00
    1.000000000000000E+00
    1.000000000000000E+00
    1.000000000000000E+00
    1.000000000000000E+00
    1.000000000000000E+00
    1.000000000000000E+00
    1.000000000000000E+00
    1.000000000000000E+00
    1.000000000000000E+00
    1.000000000000000E+00
    1.000000000000000E+00
    1.000000000000000E+00
    1.000000000000000E+00
    1.000000000000000E+00
    1.000000000000000E+00
    1.000000000000000E+00
    1.000000000000000E+00
    1.000000000000000E+00
    1.000000000000000E+00
    1.000000000000000E+00
    1.000000000000000E+00
    1.000000000000000E+00
    1.000000000000000E+00
    1.000000000000000E+00
    1.000000000000000E+00
    1.000000000000000E+00
    1.000000000000000E+00
    1.000000000000000E+00
    1.000000000000000E+00
    1.000000000000000E+00
    1.000000000000000E+00
    1.000000000000000E+00
    1.000000000000000E+00
    1.000000000000000E+00
    1.000000000000000E+00
    1.000000000000000E+00
    1.000000000000000E+00
    1.000000000000000E+00
    1.000000000000000E+00
    1.000000000000000E+00
    1.000000000000000E+00
    1.000000000000000E+00
    1.000000000000000E+00
    1.000000000000000E+00
    1.000000000000000E+00
    1.000000000000000E+00
    1.000000000000000E+00
    1.000000000000000E+00
    1.000000000000000E+00
    1.000000000000000E+00
    1.000000000000000E+00
    1.000000000000000E+00
    1.000000000000000E+00
    1.000000000000000E+00
    1.000000000000000E+00
    1.000000000000000E+00
    1.000000000000000E+00
    1.000000000000000E+00
    1.000000000000000E+00
    1.000000000000000E+00
    1.000000000000000E+00
    1.000000000000000E+00
    1.000000000000000E+00
    1.000000000000000E+00
    1.000000000000000E+00
    1.000000000000000E+00
    1.000000000000000E+00
    1.000000000000000E+00
    1.000000000000000E+00
    1.000000000000000E+00
    1.000000000000000E+00
    1.000000000000000E+00
    1.000000000000000E+00
    1.000000000000000E+00
    1.000000000000000E+00
    1.000000000000000E+00
    1.000000000000000E+00
    1.000000000000000E+00
    1.000000000000000E+00
    1.000000000000000E+00
    1.000000000000000E+00
    1.000000000000000E+00
    1.000000000000000E+00
    1.000000000000000E+00
    1.000000000000000E+00
    1.000000000000000E+00
    1.000000000000000E+00
    1.000000000000000E+00
    1.000000000000000E+00
    1.000000000000000E+00
    1.000000000000000E+00
    1.000000000000000E+00
    1.000000000000000E+00
    1.000000000000000E+00
    1.000000000000000E+00
    1.000000000000000E+00
    1.000000000000000E+00
    1.000000000000000E+00
    1.000000000000000E+00
    1.000000000000000E+00
    1.000000000000000E+00
    1.000000000000000E+00
    1.000000000000000E+00
    1.000000000000000E+00
    1.000000000000000E+00
    1.000000000000000E+00
    1.000000000000000E+00
    1.000000000000000E+00
    1.000000000000000E+00
    1.000000000000000E+00
    1.000000000000000E+00
    1.000000000000000E+00
    1.000000000000000E+00
    1.000000000000000E+00
    1.000000000000000E+00
    1.000000000000000E+00
    1.000000000000000E+00
    1.000000000000000E+00
    1.000000000000000E+00
    1.000000000000000E+00
    1.000000000000000E+00
    1.000000000000000E+00
    1.000000000000000E+00
    1.000000000000000E+00
    1.000000000000000E+00
    1.000000000000000E+00
    1.000000000000000E+00
    1.000000000000000E+00
    1.000000000000000E+00
    1.000000000000000E+00
    1.000000000000000E+00
    1.000000000000000E+00
    1.000000000000000E+00
    1.000000000000000E+00
    1.000000000000000E+00
    1.000000000000000E+00
    1.000000000000000E+00
    1.000000000000000E+00
    1.000000000000000E+00
    1.000000000000000E+00
    1.000000000000000E+00
    1.000000000000000E+00
    1.000000000000000E+00
    1.000000000000000E+00
    1.000000000000000E+00
    1.000000000000000E+00
    1.000000000000000E+00
    1.000000000000000E+00
    1.000000000000000E+00
    1.000000000000000E+00
    1.000000000000000E+00
    1.000000000000000E+00
    1.000000000000000E+00
    1.000000000000000E+00
    1.000000000000000E+00
    1.000000000000000E+00
    1.000000000000000E+00
    1.000000000000000E+00
    1.000000000000000E+00
    1.000000000000000E+00
    1.000000000000000E+00
    1.000000000000000E+00
    1.000000000000000E+00
    1.000000000000000E+00
    1.000000000000000E+00
    1.000000000000000E+00
    1.000000000000000E+00
    1.000000000000000E+00
    1.000000000000000E+00
    1.000000000000000E+00
    1.000000000000000E+00
    1.000000000000000E+00
    1.000000000000000E+00
    1.000000000000000E+00
    1.000000000000000E+00
    1.000000000000000E+00
    1.000000000000000E+00
    1.000000000000000E+00
    1.000000000000000E+00
    1.000000000000000E+00
    1.000000000000000E+00
    1.000000000000000E+00
    1.000000000000000E+00
    1.000000000000000E+00
    1.000000000000000E+00
    1.000000000000000E+00
    1.000000000000000E+00
    1.000000000000000E+00
    1.000000000000000E+00
    1.000000000000000E+00
    1.000000000000000E+00
    1.000000000000000E+00
    1.000000000000000E+00
    1.000000000000000E+00
    1.000000000000000E+00
    1.000000000000000E+00
    1.000000000000000E+00
    1.000000000000000E+00
    1.000000000000000E+00
    1.000000000000000E+00
    1.000000000000000E+00
    1.000000000000000E+00
    1.000000000000000E+00
    1.000000000000000E+00
    1.000000000000000E+00
    1.000000000000000E+00
    1.000000000000000E+00
    1.000000000000000E+00
    1.000000000000000E+00
    1.000000000000000E+00
    1.000000000000000E+00
    1.000000000000000E+00
    1.000000000000000E+00
    1.000000000000000E+00
    1.000000000000000E+00
    1.000000000000000E+00
    1.000000000000000E+00
    1.000000000000000E+00
    1.000000000000000E+00
    1.000000000000000E+00
    1.000000000000000E+00
    1.000000000000000E+00
    1.000000000000000E+00
    1.000000000000000E+00
    1.000000000000000E+00
    1.000000000000000E+00
    1.000000000000000E+00
    1.000000000000000E+00
    1.000000000000000E+00
    1.000000000000000E+00
    1.000000000000000E+00
    1.000000000000000E+00
    1.000000000000000E+00
    1.000000000000000E+00
    1.000000000000000E+00
    1.000000000000000E+00
    1.000000000000000E+00
    1.000000000000000E+00
    1.000000000000000E+00
    1.000000000000000E+00
    1.000000000000000E+00
    1.000000000000000E+00
    1.000000000000000E+00
    1.000000000000000E+00
    1.000000000000000E+00
    1.000000000000000E+00
    1.000000000000000E+00
    1.000000000000000E+00
    1.000000000000000E+00
    1.000000000000000E+00
    1.000000000000000E+00
    1.000000000000000E+00
    1.000000000000000E+00
    1.000000000000000E+00
    1.000000000000000E+00
    1.000000000000000E+00
    1.000000000000000E+00
    1.000000000000000E+00
    1.000000000000000E+00
    1.000000000000000E+00
    1.000000000000000E+00
    1.000000000000000E+00
    1.000000000000000E+00
    1.000000000000000E+00
    1.000000000000000E+00
    1.000000000000000E+00
    1.000000000000000E+00
    1.000000000000000E+00
    1.000000000000000E+00
    1.000000000000000E+00
    1.000000000000000E+00
    1.000000000000000E+00
    1.000000000000000E+00
    1.000000000000000E+00
    1.000000000000000E+00
    1.000000000000000E+00
    1.000000000000000E+00
    1.000000000000000E+00
    1.000000000000000E+00
    1.000000000000000E+00
    1.000000000000000E+00
    1.000000000000000E+00
    1.000000000000000E+00
    1.000000000000000E+00
    1.000000000000000E+00
    1.000000000000000E+00
    1.000000000000000E+00
    1.000000000000000E+00
    1.000000000000000E+00
    1.000000000000000E+00
    1.000000000000000E+00
    1.000000000000000E+00
    1.000000000000000E+00
    1.000000000000000E+00
    1.000000000000000E+00
    1.000000000000000E+00
    1.000000000000000E+00
    1.000000000000000E+00
    1.000000000000000E+00
    1.000000000000000E+00
    1.000000000000000E+00
    1.000000000000000E+00
    1.000000000000000E+00
    1.000000000000000E+00
    1.000000000000000E+00
    1.000000000000000E+00
    1.000000000000000E+00
    1.000000000000000E+00
    1.000000000000000E+00
    1.000000000000000E+00
    1.000000000000000E+00
    1.000000000000000E+00
    1.000000000000000E+00
    1.000000000000000E+00
    1.000000000000000E+00
    1.000000000000000E+00
    1.000000000000000E+00
    1.000000000000000E+00
    1.000000000000000E+00
    1.000000000000000E+00
    1.000000000000000E+00
    1.000000000000000E+00
    1.000000000000000E+00
    1.000000000000000E+00
    1.000000000000000E+00
    1.000000000000000E+00
    1.000000000000000E+00
    1.000000000000000E+00
    1.000000000000000E+00
    1.000000000000000E+00
    1.000000000000000E+00
    1.000000000000000E+00
    1.000000000000000E+00
    1.000000000000000E+00
    1.000000000000000E+00
    1.000000000000000E+00
    1.000000000000000E+00
    1.000000000000000E+00
    1.000000000000000E+00
    1.000000000000000E+00
    1.000000000000000E+00
    1.000000000000000E+00
    1.000000000000000E+00
    1.000000000000000E+00
    1.000000000000000E+00
    1.000000000000000E+00
    1.000000000000000E+00
    1.000000000000000E+00
    1.000000000000000E+00
    1.000000000000000E+00
    1.000000000000000E+00
    1.000000000000000E+00
    1.000000000000000E+00
    1.000000000000000E+00
    1.000000000000000E+00
    1.000000000000000E+00
    1.000000000000000E+00
    1.000000000000000E+00
    1.000000000000000E+00
    1.000000000000000E+00
    1.000000000000000E+00
    1.000000000000000E+00
    1.000000000000000E+00
    1.000000000000000E+00
    1.000000000000000E+00
    1.000000000000000E+00
    1.000000000000000E+00
    1.000000000000000E+00
    1.000000000000000E+00
    1.000000000000000E+00
    1.000000000000000E+00
    1.000000000000000E+00
    1.000000000000000E+00
    1.000000000000000E+00
    1.000000000000000E+00
    1.000000000000000E+00
    1.000000000000000E+00
    1.000000000000000E+00
    1.000000000000000E+00
    1.000000000000000E+00
    1.000000000000000E+00
    1.000000000000000E+00
    1.000000000000000E+00
    1.000000000000000E+00
    1.000000000000000E+00
    1.000000000000000E+00
    1.000000000000000E+00
    1.000000000000000E+00
    1.000000000000000E+00
    1.000000000000000E+00
    1.000000000000000E+00
    1.000000000000000E+00
    1.000000000000000E+00
    1.000000000000000E+00
    1.000000000000000E+00
    1.000000000000000E+00
    1.000000000000000E+00
    1.000000000000000E+00
    1.000000000000000E+00
    1.000000000000000E+00
    1.000000000000000E+00
    1.000000000000000E+00
    1.000000000000000E+00
    1.000000000000000E+00
    1.000000000000000E+00
    1.000000000000000E+00
    1.000000000000000E+00
    1.000000000000000E+00
    1.000000000000000E+00
    1.000000000000000E+00
    1.000000000000000E+00
    1.000000000000000E+00
    1.000000000000000E+00
    1.000000000000000E+00
    1.000000000000000E+00
    1.000000000000000E+00
    1.000000000000000E+00
    1.000000000000000E+00
    1.000000000000000E+00
    1.000000000000000E+00
    1.000000000000000E+00
    1.000000000000000E+00
    1.000000000000000E+00
    1.000000000000000E+00
    1.000000000000000E+00
    1.000000000000000E+00
    1.000000000000000E+00
    1.000000000000000E+00
    1.000000000000000E+00
    1.000000000000000E+00
    1.000000000000000E+00
    1.000000000000000E+00
    1.000000000000000E+00
    1.000000000000000E+00
    1.000000000000000E+00
    1.000000000000000E+00
    1.000000000000000E+00
    1.000000000000000E+00
    1.000000000000000E+00
    1.000000000000000E+00
    1.000000000000000E+00
    1.000000000000000E+00
    1.000000000000000E+00
    1.000000000000000E+00
    1.000000000000000E+00
    1.000000000000000E+00
    1.000000000000000E+00
    1.000000000000000E+00
    1.000000000000000E+00
    1.000000000000000E+00
    1.000000000000000E+00
    1.000000000000000E+00
    1.000000000000000E+00
    1.000000000000000E+00
    1.000000000000000E+00
    1.000000000000000E+00
    1.000000000000000E+00
    1.000000000000000E+00
    1.000000000000000E+00
    1.000000000000000E+00
    1.000000000000000E+00
    1.000000000000000E+00
    1.000000000000000E+00
    1.000000000000000E+00
    1.000000000000000E+00
    1.000000000000000E+00
    1.000000000000000E+00
    1.000000000000000E+00
    1.000000000000000E+00
    1.000000000000000E+00
    1.000000000000000E+00
    1.000000000000000E+00
    1.000000000000000E+00
    1.000000000000000E+00
    1.000000000000000E+00
    1.000000000000000E+00
    1.000000000000000E+00
    1.000000000000000E+00
    1.000000000000000E+00
    1.000000000000000E+00
    1.000000000000000E+00
    1.000000000000000E+00
    1.000000000000000E+00
    1.000000000000000E+00
    1.000000000000000E+00
    1.000000000000000E+00
    1.000000000000000E+00
    1.000000000000000E+00
    1.000000000000000E+00
    1.000000000000000E+00
    1.000000000000000E+00
    1.000000000000000E+00
    1.000000000000000E+00
    1.000000000000000E+00
    1.000000000000000E+00
    1.000000000000000E+00
    1.000000000000000E+00
    1.000000000000000E+00
    1.000000000000000E+00
    1.000000000000000E+00
    1.000000000000000E+00
    1.000000000000000E+00
    1.000000000000000E+00
    1.000000000000000E+00
    1.000000000000000E+00
    1.000000000000000E+00
    1.000000000000000E+00
    1.000000000000000E+00
    1.000000000000000E+00
    1.000000000000000E+00
    1.000000000000000E+00
    1.000000000000000E+00
    1.000000000000000E+00
    1.000000000000000E+00
    1.000000000000000E+00
    1.000000000000000E+00
    1.000000000000000E+00
    1.000000000000000E+00
    1.000000000000000E+00
    1.000000000000000E+00
    1.000000000000000E+00
    1.000000000000000E+00
    1.000000000000000E+00
    1.000000000000000E+00
    1.000000000000000E+00
    1.000000000000000E+00
    1.000000000000000E+00
    1.000000000000000E+00
    1.000000000000000E+00
    1.000000000000000E+00
    1.000000000000000E+00
    1.000000000000000E+00
    1.000000000000000E+00
    1.000000000000000E+00
    1.000000000000000E+00
    1.000000000000000E+00
    1.000000000000000E+00
    1.000000000000000E+00
    1.000000000000000E+00
    1.000000000000000E+00
    1.000000000000000E+00
    1.000000000000000E+00
    1.000000000000000E+00
    1.000000000000000E+00
    1.000000000000000E+00
    1.000000000000000E+00
    1.000000000000000E+00
    1.000000000000000E+00
    1.000000000000000E+00
    1.000000000000000E+00
    1.000000000000000E+00
    1.000000000000000E+00
    1.000000000000000E+00
    1.000000000000000E+00
    1.000000000000000E+00
    1.000000000000000E+00
    1.000000000000000E+00
    1.000000000000000E+00
    1.000000000000000E+00
    1.000000000000000E+00
    1.000000000000000E+00
    1.000000000000000E+00
    1.000000000000000E+00
    1.000000000000000E+00
    1.000000000000000E+00
    1.000000000000000E+00
    1.000000000000000E+00
    1.000000000000000E+00
    1.000000000000000E+00
    1.000000000000000E+00
    1.000000000000000E+00
    1.000000000000000E+00
    1.000000000000000E+00
    1.000000000000000E+00
    1.000000000000000E+00
    1.000000000000000E+00
    1.000000000000000E+00
    1.000000000000000E+00
    1.000000000000000E+00
    1.000000000000000E+00
    1.000000000000000E+00
    1.000000000000000E+00
    1.000000000000000E+00
    1.000000000000000E+00
    1.000000000000000E+00
    1.000000000000000E+00
    1.000000000000000E+00
    1.000000000000000E+00
    1.000000000000000E+00
    1.000000000000000E+00
    1.000000000000000E+00
    1.000000000000000E+00
    1.000000000000000E+00
    1.000000000000000E+00
    1.000000000000000E+00
    1.000000000000000E+00
    1.000000000000000E+00
    1.000000000000000E+00
    1.000000000000000E+00
    1.000000000000000E+00
    1.000000000000000E+00
    1.000000000000000E+00
    1.000000000000000E+00
    1.000000000000000E+00
    1.000000000000000E+00
    1.000000000000000E+00
    1.000000000000000E+00
    1.000000000000000E+00
    1.000000000000000E+00
    1.000000000000000E+00
    1.000000000000000E+00
    1.000000000000000E+00
    1.000000000000000E+00
    1.000000000000000E+00
    1.000000000000000E+00
    1.000000000000000E+00
    1.000000000000000E+00
    1.000000000000000E+00
    1.000000000000000E+00
    1.000000000000000E+00
    1.000000000000000E+00
    1.000000000000000E+00
    1.000000000000000E+00
    1.000000000000000E+00
    1.000000000000000E+00
    1.000000000000000E+00
    1.000000000000000E+00
    1.000000000000000E+00
    1.000000000000000E+00
    1.000000000000000E+00
    1.000000000000000E+00
    1.000000000000000E+00
    1.000000000000000E+00
    1.000000000000000E+00
    1.000000000000000E+00
    1.000000000000000E+00
    1.000000000000000E+00
    1.000000000000000E+00
    1.000000000000000E+00
    1.000000000000000E+00
    1.000000000000000E+00
    1.000000000000000E+00
    1.000000000000000E+00
    1.000000000000000E+00
    1.000000000000000E+00
    1.000000000000000E+00
    1.000000000000000E+00
    1.000000000000000E+00
    1.000000000000000E+00
    1.000000000000000E+00
    1.000000000000000E+00
    1.000000000000000E+00
    1.000000000000000E+00
    1.000000000000000E+00
    1.000000000000000E+00
    1.000000000000000E+00
    1.000000000000000E+00
    1.000000000000000E+00
    1.000000000000000E+00
    1.000000000000000E+00
    1.000000000000000E+00
    1.000000000000000E+00
    1.000000000000000E+00
    1.000000000000000E+00
    1.000000000000000E+00
    1.000000000000000E+00
    1.000000000000000E+00
    1.000000000000000E+00
    1.000000000000000E+00
    1.000000000000000E+00
    1.000000000000000E+00
    1.000000000000000E+00
    1.000000000000000E+00
    1.000000000000000E+00
    1.000000000000000E+00
    1.000000000000000E+00
    1.000000000000000E+00
    1.000000000000000E+00
    1.000000000000000E+00
    1.000000000000000E+00
    1.000000000000000E+00
    1.000000000000000E+00
    1.000000000000000E+00
    1.000000000000000E+00
    1.000000000000000E+00
    1.000000000000000E+00
    1.000000000000000E+00
    1.000000000000000E+00
    1.000000000000000E+00
    1.000000000000000E+00
    1.000000000000000E+00
    1.000000000000000E+00
    1.000000000000000E+00
    1.000000000000000E+00
    1.000000000000000E+00
    1.000000000000000E+00
    1.000000000000000E+00
    1.000000000000000E+00
    1.000000000000000E+00
    1.000000000000000E+00
    1.000000000000000E+00
    1.000000000000000E+00
    1.000000000000000E+00
    1.000000000000000E+00
    1.000000000000000E+00
    1.000000000000000E+00
    1.000000000000000E+00
    1.000000000000000E+00
    1.000000000000000E+00
    1.000000000000000E+00
    1.000000000000000E+00
    1.000000000000000E+00
    1.000000000000000E+00
    1.000000000000000E+00
    1.000000000000000E+00
    1.000000000000000E+00
    1.000000000000000E+00
    1.000000000000000E+00
    1.000000000000000E+00
    1.000000000000000E+00
    1.000000000000000E+00
    1.000000000000000E+00
    1.000000000000000E+00
    1.000000000000000E+00
    1.000000000000000E+00
    1.000000000000000E+00
    1.000000000000000E+00
    1.000000000000000E+00
    1.000000000000000E+00
    1.000000000000000E+00
    1.000000000000000E+00
    1.000000000000000E+00
    1.000000000000000E+00
    1.000000000000000E+00
    1.000000000000000E+00
    1.000000000000000E+00
    1.000000000000000E+00
    1.000000000000000E+00
    1.000000000000000E+00
    1.000000000000000E+00
    1.000000000000000E+00
    1.000000000000000E+00
    1.000000000000000E+00
    1.000000000000000E+00
    1.000000000000000E+00
    1.000000000000000E+00
    1.000000000000000E+00
    1.000000000000000E+00
    1.000000000000000E+00
    1.000000000000000E+00
    1.000000000000000E+00
    1.000000000000000E+00
    1.000000000000000E+00
    1.000000000000000E+00
    1.000000000000000E+00
    1.000000000000000E+00
    1.000000000000000E+00
    1.000000000000000E+00
    1.000000000000000E+00
    1.000000000000000E+00
    1.000000000000000E+00
    1.000000000000000E+00
    1.000000000000000E+00
    1.000000000000000E+00
    1.000000000000000E+00
    1.000000000000000E+00
    1.000000000000000E+00
    1.000000000000000E+00
    1.000000000000000E+00
    1.000000000000000E+00
    1.000000000000000E+00
    1.000000000000000E+00
    1.000000000000000E+00
    1.000000000000000E+00
    1.000000000000000E+00
    1.000000000000000E+00
    1.000000000000000E+00
    1.000000000000000E+00
    1.000000000000000E+00
    1.000000000000000E+00
    1.000000000000000E+00
    1.000000000000000E+00
    1.000000000000000E+00
    1.000000000000000E+00
    1.000000000000000E+00
    1.000000000000000E+00
    1.000000000000000E+00
    1.000000000000000E+00
    1.000000000000000E+00
    1.000000000000000E+00
    1.000000000000000E+00
    1.000000000000000E+00
    1.000000000000000E+00
    1.000000000000000E+00
    1.000000000000000E+00
    1.000000000000000E+00
    1.000000000000000E+00
    1.000000000000000E+00
    1.000000000000000E+00
    1.000000000000000E+00
    1.000000000000000E+00
    1.000000000000000E+00
    1.000000000000000E+00
    1.000000000000000E+00
    1.000000000000000E+00
    1.000000000000000E+00
    1.000000000000000E+00
    1.000000000000000E+00
    1.000000000000000E+00
    1.000000000000000E+00
    1.000000000000000E+00
    1.000000000000000E+00
    1.000000000000000E+00
    1.000000000000000E+00
    1.000000000000000E+00
    1.000000000000000E+00
    1.000000000000000E+00
    1.000000000000000E+00
    1.000000000000000E+00
    1.000000000000000E+00
    1.000000000000000E+00
    1.000000000000000E+00
    1.000000000000000E+00
    1.000000000000000E+00
    1.000000000000000E+00
    1.000000000000000E+00
    1.000000000000000E+00
    1.000000000000000E+00
    1.000000000000000E+00
    1.000000000000000E+00
    1.000000000000000E+00
    1.000000000000000E+00
    1.000000000000000E+00
    1.000000000000000E+00
    1.000000000000000E+00
    1.000000000000000E+00
    1.000000000000000E+00
    1.000000000000000E+00
    1.000000000000000E+00
    1.000000000000000E+00
    1.000000000000000E+00
    1.000000000000000E+00
    1.000000000000000E+00
    1.000000000000000E+00
    1.000000000000000E+00
    1.000000000000000E+00
    1.000000000000000E+00
    1.000000000000000E+00
    1.000000000000000E+00
    1.000000000000000E+00
    1.000000000000000E+00
    1.000000000000000E+00
    1.000000000000000E+00
    1.000000000000000E+00
    1.000000000000000E+00
    1.000000000000000E+00
    1.000000000000000E+00
    1.000000000000000E+00
    1.000000000000000E+00
    1.000000000000000E+00
    1.000000000000000E+00
    1.000000000000000E+00
    1.000000000000000E+00
    1.000000000000000E+00
    1.000000000000000E+00
    1.000000000000000E+00
    1.000000000000000E+00
    1.000000000000000E+00
    1.000000000000000E+00
    1.000000000000000E+00
    1.000000000000000E+00
    1.000000000000000E+00
    1.000000000000000E+00
    1.000000000000000E+00
    1.000000000000000E+00
    1.000000000000000E+00
    1.000000000000000E+00
    1.000000000000000E+00
    1.000000000000000E+00
    1.000000000000000E+00
    1.000000000000000E+00
    1.000000000000000E+00
    1.000000000000000E+00
    1.000000000000000E+00
    1.000000000000000E+00
    1.000000000000000E+00
    1.000000000000000E+00
    1.000000000000000E+00
    1.000000000000000E+00
    1.000000000000000E+00
    1.000000000000000E+00
    1.000000000000000E+00
    1.000000000000000E+00
    1.000000000000000E+00
    1.000000000000000E+00
    1.000000000000000E+00
    1.000000000000000E+00
    1.000000000000000E+00
    1.000000000000000E+00
    1.000000000000000E+00
    1.000000000000000E+00
    1.000000000000000E+00
    1.000000000000000E+00
    1.000000000000000E+00
    1.000000000000000E+00
    1.000000000000000E+00
    1.000000000000000E+00
    1.000000000000000E+00
    1.000000000000000E+00
    1.000000000000000E+00
    1.000000000000000E+00
    1.000000000000000E+00
    1.000000000000000E+00
    1.000000000000000E+00
    1.000000000000000E+00
    1.000000000000000E+00
    1.000000000000000E+00
    1.000000000000000E+00
    1.000000000000000E+00
    1.000000000000000E+00
    1.000000000000000E+00
    1.000000000000000E+00
    1.000000000000000E+00
    1.000000000000000E+00
    1.000000000000000E+00
    1.000000000000000E+00
    1.000000000000000E+00
    1.000000000000000E+00
    1.000000000000000E+00
    1.000000000000000E+00
    1.000000000000000E+00
    1.000000000000000E+00
    1.000000000000000E+00
    1.000000000000000E+00
    1.000000000000000E+00
    1.000000000000000E+00
    1.000000000000000E+00
    1.000000000000000E+00
    1.000000000000000E+00
    1.000000000000000E+00
    1.000000000000000E+00
    1.000000000000000E+00
    1.000000000000000E+00
    1.000000000000000E+00
    1.000000000000000E+00
    1.000000000000000E+00
    1.000000000000000E+00
    1.000000000000000E+00
    1.000000000000000E+00
    1.000000000000000E+00
    1.000000000000000E+00
    1.000000000000000E+00
    1.000000000000000E+00
    1.000000000000000E+00
    1.000000000000000E+00
    1.000000000000000E+00
    1.000000000000000E+00
    1.000000000000000E+00
    1.000000000000000E+00
    1.000000000000000E+00
    1.000000000000000E+00
    1.000000000000000E+00
    1.000000000000000E+00
    1.000000000000000E+00
    1.000000000000000E+00
    1.000000000000000E+00
    1.000000000000000E+00
    1.000000000000000E+00
    1.000000000000000E+00
    1.000000000000000E+00
    1.000000000000000E+00
    1.000000000000000E+00
    1.000000000000000E+00
    1.000000000000000E+00
    1.000000000000000E+00
    1.000000000000000E+00
    1.000000000000000E+00
    1.000000000000000E+00
    1.000000000000000E+00
    1.000000000000000E+00
    1.000000000000000E+00
    1.000000000000000E+00
    1.000000000000000E+00
    1.000000000000000E+00
    1.000000000000000E+00
    1.000000000000000E+00
    1.000000000000000E+00
    1.000000000000000E+00
    1.000000000000000E+00
    1.000000000000000E+00
    1.000000000000000E+00
    1.000000000000000E+00
    1.000000000000000E+00
    1.000000000000000E+00
    1.000000000000000E+00
    1.000000000000000E+00
    1.000000000000000E+00
    1.000000000000000E+00
    1.000000000000000E+00
    1.000000000000000E+00
    1.000000000000000E+00
    1.000000000000000E+00
    1.000000000000000E+00
    1.000000000000000E+00
    1.000000000000000E+00
    1.000000000000000E+00
    1.000000000000000E+00
    1.000000000000000E+00
    1.000000000000000E+00
    1.000000000000000E+00
    1.000000000000000E+00
    1.000000000000000E+00
    1.000000000000000E+00
    1.000000000000000E+00
    1.000000000000000E+00
    1.000000000000000E+00
    1.000000000000000E+00
    1.000000000000000E+00
    1.000000000000000E+00
    1.000000000000000E+00
    1.000000000000000E+00
    1.000000000000000E+00
    1.000000000000000E+00
    1.000000000000000E+00
    1.000000000000000E+00
    1.000000000000000E+00
    1.000000000000000E+00
    1.000000000000000E+00
    1.000000000000000E+00
    1.000000000000000E+00
    1.000000000000000E+00
    1.000000000000000E+00
    1.000000000000000E+00
    1.000000000000000E+00
    1.000000000000000E+00
    1.000000000000000E+00
    1.000000000000000E+00
    1.000000000000000E+00
    1.000000000000000E+00
    1.000000000000000E+00
    1.000000000000000E+00
    1.000000000000000E+00
    1.000000000000000E+00
    1.000000000000000E+00
    1.000000000000000E+00
    1.000000000000000E+00
    1.000000000000000E+00
    1.000000000000000E+00
    1.000000000000000E+00
    1.000000000000000E+00
    1.000000000000000E+00
    1.000000000000000E+00
    1.000000000000000E+00
    1.000000000000000E+00
    1.000000000000000E+00
    1.000000000000000E+00
    1.000000000000000E+00
    1.000000000000000E+00
    1.000000000000000E+00
    1.000000000000000E+00
    1.000000000000000E+00
    1.000000000000000E+00
    1.000000000000000E+00
    1.000000000000000E+00
    1.000000000000000E+00
    1.000000000000000E+00
    1.000000000000000E+00
    1.000000000000000E+00
    1.000000000000000E+00
    1.000000000000000E+00
    1.000000000000000E+00
    1.000000000000000E+00
    1.000000000000000E+00
    1.000000000000000E+00
    1.000000000000000E+00
    1.000000000000000E+00
    1.000000000000000E+00
    1.000000000000000E+00
    1.000000000000000E+00
    1.000000000000000E+00
    1.000000000000000E+00
    1.000000000000000E+00
    1.000000000000000E+00
    1.000000000000000E+00
    1.000000000000000E+00
    1.000000000000000E+00
    1.000000000000000E+00
    1.000000000000000E+00
    1.000000000000000E+00
    1.000000000000000E+00
    1.000000000000000E+00
    1.000000000000000E+00
    1.000000000000000E+00
    1.000000000000000E+00
    1.000000000000000E+00
    1.000000000000000E+00
    1.000000000000000E+00
    1.000000000000000E+00
    1.000000000000000E+00
    1.000000000000000E+00
    1.000000000000000E+00
    1.000000000000000E+00
    1.000000000000000E+00
    1.000000000000000E+00
    1.000000000000000E+00
    1.000000000000000E+00
    1.000000000000000E+00
    1.000000000000000E+00
    1.000000000000000E+00
    1.000000000000000E+00
    1.000000000000000E+00
    1.000000000000000E+00
    1.000000000000000E+00
    1.000000000000000E+00
    1.000000000000000E+00
    1.000000000000000E+00
    1.000000000000000E+00
    1.000000000000000E+00
    1.000000000000000E+00
    1.000000000000000E+00
    1.000000000000000E+00
    1.000000000000000E+00
    1.000000000000000E+00
    1.000000000000000E+00
    1.000000000000000E+00
    1.000000000000000E+00
    1.000000000000000E+00
    1.000000000000000E+00
    1.000000000000000E+00
    1.000000000000000E+00
    1.000000000000000E+00
    1.000000000000000E+00
    1.000000000000000E+00
    1.000000000000000E+00
    1.000000000000000E+00
    1.000000000000000E+00
    1.000000000000000E+00
    1.000000000000000E+00
    1.000000000000000E+00
    1.000000000000000E+00
    1.000000000000000E+00
    1.000000000000000E+00
    1.000000000000000E+00
    1.000000000000000E+00
    1.000000000000000E+00
    1.000000000000000E+00
    1.000000000000000E+00
    1.000000000000000E+00
    1.000000000000000E+00
    1.000000000000000E+00
    1.000000000000000E+00
    1.000000000000000E+00
    1.000000000000000E+00
    1.000000000000000E+00
    1.000000000000000E+00
    1.000000000000000E+00
    1.000000000000000E+00
    1.000000000000000E+00
    1.000000000000000E+00
    1.000000000000000E+00
    1.000000000000000E+00
    1.000000000000000E+00
    1.000000000000000E+00
    1.000000000000000E+00
    1.000000000000000E+00
    1.000000000000000E+00
    1.000000000000000E+00
    1.000000000000000E+00
    1.000000000000000E+00
    1.000000000000000E+00
    1.000000000000000E+00
    1.000000000000000E+00
    1.000000000000000E+00
    1.000000000000000E+00
    1.000000000000000E+00
    1.000000000000000E+00
    1.000000000000000E+00
    1.000000000000000E+00
    1.000000000000000E+00
    1.000000000000000E+00
    1.000000000000000E+00
    1.000000000000000E+00
    1.000000000000000E+00
    1.000000000000000E+00
    1.000000000000000E+00
    1.000000000000000E+00
    1.000000000000000E+00
    1.000000000000000E+00
    1.000000000000000E+00
    1.000000000000000E+00
    1.000000000000000E+00
    1.000000000000000E+00
    1.000000000000000E+00
    1.000000000000000E+00
    1.000000000000000E+00
    1.000000000000000E+00
    1.000000000000000E+00
    1.000000000000000E+00
    1.000000000000000E+00
    1.000000000000000E+00
    1.000000000000000E+00
    1.000000000000000E+00
    1.000000000000000E+00
    1.000000000000000E+00
    1.000000000000000E+00
    1.000000000000000E+00
    1.000000000000000E+00
    1.000000000000000E+00
    1.000000000000000E+00
    1.000000000000000E+00
    1.000000000000000E+00
    1.000000000000000E+00
    1.000000000000000E+00
    1.000000000000000E+00
    1.000000000000000E+00
    1.000000000000000E+00
    1.000000000000000E+00
    1.000000000000000E+00
    1.000000000000000E+00
    1.000000000000000E+00
    1.000000000000000E+00
    1.000000000000000E+00
    1.000000000000000E+00
    1.000000000000000E+00
    1.000000000000000E+00
    1.000000000000000E+00
    1.000000000000000E+00
    1.000000000000000E+00
    1.000000000000000E+00
    1.000000000000000E+00
    1.000000000000000E+00
    1.000000000000000E+00
    1.000000000000000E+00
    1.000000000000000E+00
    1.000000000000000E+00
    1.000000000000000E+00
    1.000000000000000E+00
    1.000000000000000E+00
    1.000000000000000E+00
    1.000000000000000E+00
    1.000000000000000E+00
    1.000000000000000E+00
    1.000000000000000E+00
    1.000000000000000E+00
    1.000000000000000E+00
    1.000000000000000E+00
    1.000000000000000E+00
    1.000000000000000E+00
    1.000000000000000E+00
    1.000000000000000E+00
    1.000000000000000E+00
    1.000000000000000E+00
    1.000000000000000E+00
    1.000000000000000E+00
    1.000000000000000E+00
    1.000000000000000E+00
    1.000000000000000E+00
    1.000000000000000E+00
    1.000000000000000E+00
    1.000000000000000E+00
    1.000000000000000E+00
    1.000000000000000E+00
    1.000000000000000E+00
    1.000000000000000E+00
    1.000000000000000E+00
    1.000000000000000E+00
    1.000000000000000E+00
    1.000000000000000E+00
    1.000000000000000E+00
    1.000000000000000E+00
    1.000000000000000E+00
    1.000000000000000E+00
    1.000000000000000E+00
    1.000000000000000E+00
    1.000000000000000E+00
    1.000000000000000E+00
    1.000000000000000E+00
    1.000000000000000E+00
    1.000000000000000E+00
    1.000000000000000E+00
    1.000000000000000E+00
    1.000000000000000E+00
    1.000000000000000E+00
    1.000000000000000E+00
    1.000000000000000E+00
    1.000000000000000E+00
    1.000000000000000E+00
    1.000000000000000E+00
    1.000000000000000E+00
    1.000000000000000E+00
    1.000000000000000E+00
    1.000000000000000E+00
    1.000000000000000E+00
    1.000000000000000E+00
    1.000000000000000E+00
    1.000000000000000E+00
    1.000000000000000E+00
    1.000000000000000E+00
    1.000000000000000E+00
    1.000000000000000E+00
    1.000000000000000E+00
    1.000000000000000E+00
    1.000000000000000E+00
    1.000000000000000E+00
    1.000000000000000E+00
    1.000000000000000E+00
    1.000000000000000E+00
    1.000000000000000E+00
    1.000000000000000E+00
    1.000000000000000E+00
    1.000000000000000E+00
    1.000000000000000E+00
    1.000000000000000E+00
    1.000000000000000E+00
    1.000000000000000E+00
    1.000000000000000E+00
    1.000000000000000E+00
    1.000000000000000E+00
    1.000000000000000E+00
    1.000000000000000E+00
    1.000000000000000E+00
    1.000000000000000E+00
    1.000000000000000E+00
    1.000000000000000E+00
    1.000000000000000E+00
    1.000000000000000E+00
    1.000000000000000E+00
    1.000000000000000E+00
    1.000000000000000E+00
    1.000000000000000E+00
    1.000000000000000E+00
    1.000000000000000E+00
    1.000000000000000E+00
    1.000000000000000E+00
    1.000000000000000E+00
    1.000000000000000E+00
    1.000000000000000E+00
    1.000000000000000E+00
    1.000000000000000E+00
    1.000000000000000E+00
    1.000000000000000E+00
    1.000000000000000E+00
    1.000000000000000E+00
    1.000000000000000E+00
    1.000000000000000E+00
    1.000000000000000E+00
    1.000000000000000E+00
    1.000000000000000E+00
    1.000000000000000E+00
    1.000000000000000E+00
    1.000000000000000E+00
    1.000000000000000E+00
    1.000000000000000E+00
    1.000000000000000E+00
    1.000000000000000E+00
    1.000000000000000E+00
    1.000000000000000E+00
    1.000000000000000E+00
    1.000000000000000E+00
    1.000000000000000E+00
    1.000000000000000E+00
    1.000000000000000E+00
    1.000000000000000E+00
    1.000000000000000E+00
    1.000000000000000E+00
    1.000000000000000E+00
    1.000000000000000E+00
    1.000000000000000E+00
    1.000000000000000E+00
    1.000000000000000E+00
    1.000000000000000E+00
    1.000000000000000E+00
    1.000000000000000E+00
    1.000000000000000E+00
    1.000000000000000E+00
    1.000000000000000E+00
    1.000000000000000E+00
    1.000000000000000E+00
    1.000000000000000E+00
    1.000000000000000E+00
    1.000000000000000E+00
    1.000000000000000E+00
    1.000000000000000E+00
    1.000000000000000E+00
    1.000000000000000E+00
    1.000000000000000E+00
    1.000000000000000E+00
    1.000000000000000E+00
    1.000000000000000E+00
    1.000000000000000E+00
    1.000000000000000E+00
    1.000000000000000E+00
    1.000000000000000E+00
    1.000000000000000E+00
    1.000000000000000E+00
    1.000000000000000E+00
    1.000000000000000E+00
    1.000000000000000E+00
    1.000000000000000E+00
    1.000000000000000E+00
    1.000000000000000E+00
    1.000000000000000E+00
    1.000000000000000E+00
    1.000000000000000E+00
    1.000000000000000E+00
    1.000000000000000E+00
    1.000000000000000E+00
    1.000000000000000E+00
    1.000000000000000E+00
    1.000000000000000E+00
    1.000000000000000E+00
    1.000000000000000E+00
    1.000000000000000E+00
    1.000000000000000E+00
    1.000000000000000E+00
    1.000000000000000E+00
    1.000000000000000E+00
    1.000000000000000E+00
    1.000000000000000E+00
    1.000000000000000E+00
    1.000000000000000E+00
    1.000000000000000E+00
    1.000000000000000E+00
    1.000000000000000E+00
    1.000000000000000E+00
    1.000000000000000E+00
    1.000000000000000E+00
    1.000000000000000E+00
    1.000000000000000E+00
    1.000000000000000E+00
    1.000000000000000E+00
    1.000000000000000E+00
    1.000000000000000E+00
    1.000000000000000E+00
    1.000000000000000E+00
    1.000000000000000E+00
    1.000000000000000E+00
    1.000000000000000E+00
    1.000000000000000E+00
    1.000000000000000E+00
    1.000000000000000E+00
    1.000000000000000E+00
    1.000000000000000E+00
    1.000000000000000E+00
    1.000000000000000E+00
    1.000000000000000E+00
    1.000000000000000E+00
    1.000000000000000E+00
    1.000000000000000E+00
    1.000000000000000E+00
    1.000000000000000E+00
    1.000000000000000E+00
    1.000000000000000E+00
    1.000000000000000E+00
    1.000000000000000E+00
    1.000000000000000E+00
    1.000000000000000E+00
    1.000000000000000E+00
    1.000000000000000E+00
    1.000000000000000E+00
    1.000000000000000E+00
    1.000000000000000E+00
    1.000000000000000E+00
    1.000000000000000E+00
    1.000000000000000E+00
    1.000000000000000E+00
    1.000000000000000E+00
    1.000000000000000E+00
    1.000000000000000E+00
    1.000000000000000E+00
    1.000000000000000E+00
    1.000000000000000E+00
    1.000000000000000E+00
    1.000000000000000E+00
    1.000000000000000E+00
    1.000000000000000E+00
    1.000000000000000E+00
    1.000000000000000E+00
    1.000000000000000E+00
    1.000000000000000E+00
    1.000000000000000E+00
    1.000000000000000E+00
    1.000000000000000E+00
    1.000000000000000E+00
    1.000000000000000E+00
    1.000000000000000E+00
    1.000000000000000E+00
    1.000000000000000E+00
    1.000000000000000E+00
    1.000000000000000E+00
    1.000000000000000E+00
    1.000000000000000E+00
    1.000000000000000E+00
    1.000000000000000E+00
    1.000000000000000E+00
    1.000000000000000E+00
    1.000000000000000E+00
    1.000000000000000E+00
    1.000000000000000E+00
    1.000000000000000E+00
    1.000000000000000E+00
    1.000000000000000E+00
    1.000000000000000E+00
    1.000000000000000E+00
    1.000000000000000E+00
    1.000000000000000E+00
    1.000000000000000E+00
    1.000000000000000E+00
    1.000000000000000E+00
    1.000000000000000E+00
    1.000000000000000E+00
    1.000000000000000E+00
    1.000000000000000E+00
    1.000000000000000E+00
    1.000000000000000E+00
    1.000000000000000E+00
    1.000000000000000E+00
    1.000000000000000E+00
    1.000000000000000E+00
    1.000000000000000E+00
    1.000000000000000E+00
    1.000000000000000E+00
    1.000000000000000E+00
    1.000000000000000E+00
    1.000000000000000E+00
    1.000000000000000E+00
    1.000000000000000E+00
    1.000000000000000E+00
    1.000000000000000E+00
    1.000000000000000E+00
    1.000000000000000E+00
    1.000000000000000E+00
    1.000000000000000E+00
    1.000000000000000E+00
    1.000000000000000E+00
    1.000000000000000E+00
    1.000000000000000E+00
    1.000000000000000E+00
    1.000000000000000E+00
    1.000000000000000E+00
    1.000000000000000E+00
    1.000000000000000E+00
    1.000000000000000E+00
    1.000000000000000E+00
    1.000000000000000E+00
    1.000000000000000E+00
    1.000000000000000E+00
    1.000000000000000E+00
    1.000000000000000E+00
    1.000000000000000E+00
    1.000000000000000E+00
    1.000000000000000E+00
    1.000000000000000E+00
    1.000000000000000E+00
    1.000000000000000E+00
    1.000000000000000E+00
    1.000000000000000E+00
    1.000000000000000E+00
    1.000000000000000E+00
    1.000000000000000E+00
    1.000000000000000E+00
    1.000000000000000E+00
    1.000000000000000E+00
    1.000000000000000E+00
    1.000000000000000E+00
    1.000000000000000E+00
    1.000000000000000E+00
    1.000000000000000E+00
    1.000000000000000E+00
    1.000000000000000E+00
    1.000000000000000E+00
    1.000000000000000E+00
    1.000000000000000E+00
    1.000000000000000E+00
    1.000000000000000E+00
    1.000000000000000E+00
    1.000000000000000E+00
    1.000000000000000E+00
    1.000000000000000E+00
    1.000000000000000E+00
    1.000000000000000E+00
    1.000000000000000E+00
    1.000000000000000E+00
    1.000000000000000E+00
    1.000000000000000E+00
    1.000000000000000E+00
    1.000000000000000E+00
    1.000000000000000E+00
    1.000000000000000E+00
    1.000000000000000E+00
    1.000000000000000E+00
    1.000000000000000E+00
    1.000000000000000E+00
    1.000000000000000E+00
    1.000000000000000E+00
    1.000000000000000E+00
    1.000000000000000E+00
    1.000000000000000E+00
    1.000000000000000E+00
    1.000000000000000E+00
    1.000000000000000E+00
    1.000000000000000E+00
    1.000000000000000E+00
    1.000000000000000E+00
    1.000000000000000E+00
    1.000000000000000E+00
    1.000000000000000E+00
    1.000000000000000E+00
    1.000000000000000E+00
    1.000000000000000E+00
    1.000000000000000E+00
    1.000000000000000E+00
    1.000000000000000E+00
    1.000000000000000E+00
    1.000000000000000E+00
    1.000000000000000E+00
    1.000000000000000E+00
    1.000000000000000E+00
    1.000000000000000E+00
    1.000000000000000E+00
    1.000000000000000E+00
    1.000000000000000E+00
    1.000000000000000E+00
    1.000000000000000E+00
    1.000000000000000E+00
    1.000000000000000E+00
    1.000000000000000E+00
    1.000000000000000E+00
    1.000000000000000E+00
    1.000000000000000E+00
    1.000000000000000E+00
    1.000000000000000E+00
    1.000000000000000E+00
    1.000000000000000E+00
    1.000000000000000E+00
    1.000000000000000E+00
    1.000000000000000E+00
    1.000000000000000E+00
    1.000000000000000E+00
    1.000000000000000E+00
    1.000000000000000E+00
    1.000000000000000E+00
    1.000000000000000E+00
    1.000000000000000E+00
    1.000000000000000E+00
    1.000000000000000E+00
    1.000000000000000E+00
    1.000000000000000E+00
    1.000000000000000E+00
    1.000000000000000E+00
    1.000000000000000E+00
    1.000000000000000E+00
    1.000000000000000E+00
    1.000000000000000E+00
    1.000000000000000E+00
    1.000000000000000E+00
    1.000000000000000E+00
    1.000000000000000E+00
    1.000000000000000E+00
    1.000000000000000E+00
    1.000000000000000E+00
    1.000000000000000E+00
    1.000000000000000E+00
    1.000000000000000E+00
    1.000000000000000E+00
    1.000000000000000E+00
    1.000000000000000E+00
    1.000000000000000E+00
    1.000000000000000E+00
    1.000000000000000E+00
    1.000000000000000E+00
    1.000000000000000E+00
    1.000000000000000E+00
    1.000000000000000E+00
    1.000000000000000E+00
    1.000000000000000E+00
    1.000000000000000E+00
    1.000000000000000E+00
    1.000000000000000E+00
    1.000000000000000E+00
    1.000000000000000E+00
    1.000000000000000E+00
    1.000000000000000E+00
    1.000000000000000E+00
    1.000000000000000E+00
    1.000000000000000E+00
    1.000000000000000E+00
    1.000000000000000E+00
    1.000000000000000E+00
    1.000000000000000E+00
    1.000000000000000E+00
    1.000000000000000E+00
    1.000000000000000E+00
    1.000000000000000E+00
    1.000000000000000E+00
    1.000000000000000E+00
    1.000000000000000E+00
    1.000000000000000E+00
    1.000000000000000E+00
    1.000000000000000E+00
    1.000000000000000E+00
    1.000000000000000E+00
    1.000000000000000E+00
    1.000000000000000E+00
    1.000000000000000E+00
    1.000000000000000E+00
    1.000000000000000E+00
    1.000000000000000E+00
    1.000000000000000E+00
    1.000000000000000E+00
    1.000000000000000E+00
    1.000000000000000E+00
    1.000000000000000E+00
    1.000000000000000E+00
    1.000000000000000E+00
    1.000000000000000E+00
    1.000000000000000E+00
    1.000000000000000E+00
    1.000000000000000E+00
    1.000000000000000E+00
    1.000000000000000E+00
    1.000000000000000E+00
    1.000000000000000E+00
    1.000000000000000E+00
    1.000000000000000E+00
    1.000000000000000E+00
    1.000000000000000E+00
    1.000000000000000E+00
    1.000000000000000E+00
    1.000000000000000E+00
    1.000000000000000E+00
    1.000000000000000E+00
    1.000000000000000E+00
    1.000000000000000E+00
    1.000000000000000E+00
    1.000000000000000E+00
    1.000000000000000E+00
    1.000000000000000E+00
    1.000000000000000E+00
    1.000000000000000E+00
    1.000000000000000E+00
    1.000000000000000E+00
    1.000000000000000E+00
    1.000000000000000E+00
    1.000000000000000E+00
    1.000000000000000E+00
    1.000000000000000E+00
    1.000000000000000E+00
    1.000000000000000E+00
    1.000000000000000E+00
    1.000000000000000E+00
    1.000000000000000E+00
    1.000000000000000E+00
    1.000000000000000E+00
    1.000000000000000E+00
    1.000000000000000E+00
    1.000000000000000E+00
    1.000000000000000E+00
    1.000000000000000E+00
    1.000000000000000E+00
    1.000000000000000E+00
    1.000000000000000E+00
    1.000000000000000E+00
    1.000000000000000E+00
    1.000000000000000E+00
    1.000000000000000E+00
    1.000000000000000E+00
    1.000000000000000E+00
    1.000000000000000E+00
    1.000000000000000E+00
    1.000000000000000E+00
    1.000000000000000E+00
    1.000000000000000E+00
    1.000000000000000E+00
    1.000000000000000E+00
    1.000000000000000E+00
    1.000000000000000E+00
    1.000000000000000E+00
    1.000000000000000E+00
    1.000000000000000E+00
    1.000000000000000E+00
    1.000000000000000E+00
    1.000000000000000E+00
    1.000000000000000E+00
    1.000000000000000E+00
    1.000000000000000E+00
    1.000000000000000E+00
    1.000000000000000E+00
    1.000000000000000E+00
    1.000000000000000E+00
    1.000000000000000E+00
    1.000000000000000E+00
    1.000000000000000E+00
    1.000000000000000E+00
    1.000000000000000E+00
    1.000000000000000E+00
    1.000000000000000E+00
    1.000000000000000E+00
    1.000000000000000E+00
    1.000000000000000E+00
    1.000000000000000E+00
    1.000000000000000E+00
    1.000000000000000E+00
    1.000000000000000E+00
    1.000000000000000E+00
    1.000000000000000E+00
    1.000000000000000E+00
    1.000000000000000E+00
    1.000000000000000E+00
    1.000000000000000E+00
    1.000000000000000E+00
    1.000000000000000E+00
    1.000000000000000E+00
    1.000000000000000E+00
    1.000000000000000E+00
    1.000000000000000E+00
    1.000000000000000E+00
    1.000000000000000E+00
    1.000000000000000E+00
    1.000000000000000E+00
    1.000000000000000E+00
    1.000000000000000E+00
    1.000000000000000E+00
    1.000000000000000E+00
    1.000000000000000E+00
    1.000000000000000E+00
    1.000000000000000E+00
    1.000000000000000E+00
    1.000000000000000E+00
    1.000000000000000E+00
    1.000000000000000E+00
    1.000000000000000E+00
    1.000000000000000E+00
    1.000000000000000E+00
    1.000000000000000E+00
    1.000000000000000E+00
    1.000000000000000E+00
    1.000000000000000E+00
    1.000000000000000E+00
    1.000000000000000E+00
    1.000000000000000E+00
    1.000000000000000E+00
    1.000000000000000E+00
    1.000000000000000E+00
    1.000000000000000E+00
    1.000000000000000E+00
    1.000000000000000E+00
    1.000000000000000E+00
    1.000000000000000E+00
    1.000000000000000E+00
    1.000000000000000E+00
    1.000000000000000E+00
    1.000000000000000E+00
    1.000000000000000E+00
    1.000000000000000E+00
    1.000000000000000E+00
    1.000000000000000E+00
    1.000000000000000E+00
    1.000000000000000E+00
    1.000000000000000E+00
    1.000000000000000E+00
    1.000000000000000E+00
    1.000000000000000E+00
    1.000000000000000E+00
    1.000000000000000E+00
    1.000000000000000E+00
    1.000000000000000E+00
    1.000000000000000E+00
    1.000000000000000E+00
    1.000000000000000E+00
    1.000000000000000E+00
    1.000000000000000E+00
    1.000000000000000E+00
    1.000000000000000E+00
    1.000000000000000E+00
    1.000000000000000E+00
    1.000000000000000E+00
    1.000000000000000E+00
    1.000000000000000E+00
    1.000000000000000E+00
    1.000000000000000E+00
    1.000000000000000E+00
    1.000000000000000E+00
    1.000000000000000E+00
    1.000000000000000E+00
    1.000000000000000E+00
    1.000000000000000E+00
    1.000000000000000E+00
    1.000000000000000E+00
    1.000000000000000E+00
    1.000000000000000E+00
    1.000000000000000E+00
    1.000000000000000E+00
    1.000000000000000E+00
    1.000000000000000E+00
    1.000000000000000E+00
    1.000000000000000E+00
    1.000000000000000E+00
    1.000000000000000E+00
    1.000000000000000E+00
    1.000000000000000E+00
    1.000000000000000E+00
    1.000000000000000E+00
    1.000000000000000E+00
    1.000000000000000E+00
    1.000000000000000E+00
    1.000000000000000E+00
    1.000000000000000E+00
    1.000000000000000E+00
    1.000000000000000E+00
    1.000000000000000E+00
    1.000000000000000E+00
    1.000000000000000E+00
    1.000000000000000E+00
    1.000000000000000E+00
    1.000000000000000E+00
    1.000000000000000E+00
    1.000000000000000E+00
    1.000000000000000E+00
    1.000000000000000E+00
    1.000000000000000E+00
    1.000000000000000E+00
    1.000000000000000E+00
    1.000000000000000E+00
    1.000000000000000E+00
    1.000000000000000E+00
    1.000000000000000E+00
    1.000000000000000E+00
    1.000000000000000E+00
    1.000000000000000E+00
    1.000000000000000E+00
    1.000000000000000E+00
    1.000000000000000E+00
    1.000000000000000E+00
    1.000000000000000E+00
    1.000000000000000E+00
    1.000000000000000E+00
    1.000000000000000E+00
    1.000000000000000E+00
    1.000000000000000E+00
    1.000000000000000E+00
    1.000000000000000E+00
    1.000000000000000E+00
    1.000000000000000E+00
    1.000000000000000E+00
    1.000000000000000E+00
    1.000000000000000E+00
    1.000000000000000E+00
    1.000000000000000E+00
    1.000000000000000E+00
    1.000000000000000E+00
    1.000000000000000E+00
    1.000000000000000E+00
    1.000000000000000E+00
    1.000000000000000E+00
    1.000000000000000E+00
    1.000000000000000E+00
    1.000000000000000E+00
    1.000000000000000E+00
    1.000000000000000E+00
    1.000000000000000E+00
    1.000000000000000E+00
    1.000000000000000E+00
    1.000000000000000E+00
    1.000000000000000E+00
    1.000000000000000E+00
    1.000000000000000E+00
    1.000000000000000E+00
    1.000000000000000E+00
    1.000000000000000E+00
    1.000000000000000E+00
    1.000000000000000E+00
    1.000000000000000E+00
    1.000000000000000E+00
    1.000000000000000E+00
    1.000000000000000E+00
    1.000000000000000E+00
    1.000000000000000E+00
    1.000000000000000E+00
    1.000000000000000E+00
    1.000000000000000E+00
    1.000000000000000E+00
    1.000000000000000E+00
    1.000000000000000E+00
    1.000000000000000E+00
    1.000000000000000E+00
    1.000000000000000E+00
    1.000000000000000E+00
    1.000000000000000E+00
    1.000000000000000E+00
    1.000000000000000E+00
    1.000000000000000E+00
    1.000000000000000E+00
    1.000000000000000E+00
    1.000000000000000E+00
    1.000000000000000E+00
    1.000000000000000E+00
    1.000000000000000E+00
    1.000000000000000E+00
    1.000000000000000E+00
    1.000000000000000E+00
    1.000000000000000E+00
    1.000000000000000E+00
    1.000000000000000E+00
    1.000000000000000E+00
    1.000000000000000E+00
    1.000000000000000E+00
    1.000000000000000E+00
    1.000000000000000E+00
    1.000000000000000E+00
    1.000000000000000E+00
    1.000000000000000E+00
    1.000000000000000E+00
    1.000000000000000E+00
    1.000000000000000E+00
    1.000000000000000E+00
    1.000000000000000E+00
    1.000000000000000E+00
    1.000000000000000E+00
    1.000000000000000E+00
    1.000000000000000E+00
    1.000000000000000E+00
    1.000000000000000E+00
    1.000000000000000E+00
    1.000000000000000E+00
    1.000000000000000E+00
    1.000000000000000E+00
    1.000000000000000E+00
    1.000000000000000E+00
    1.000000000000000E+00
    1.000000000000000E+00
    1.000000000000000E+00
    1.000000000000000E+00
    1.000000000000000E+00
    1.000000000000000E+00
    1.000000000000000E+00
    1.000000000000000E+00
    1.000000000000000E+00
    1.000000000000000E+00
    1.000000000000000E+00
    1.000000000000000E+00
    1.000000000000000E+00
    1.000000000000000E+00
    1.000000000000000E+00
    1.000000000000000E+00
    1.000000000000000E+00
    1.000000000000000E+00
    1.000000000000000E+00
    1.000000000000000E+00
    1.000000000000000E+00
    1.000000000000000E+00
    1.000000000000000E+00
    1.000000000000000E+00
    1.000000000000000E+00
    1.000000000000000E+00
    1.000000000000000E+00
    1.000000000000000E+00
    1.000000000000000E+00
    1.000000000000000E+00
    1.000000000000000E+00
    1.000000000000000E+00
    1.000000000000000E+00
    1.000000000000000E+00
    1.000000000000000E+00
    1.000000000000000E+00
    1.000000000000000E+00
    1.000000000000000E+00
    1.000000000000000E+00
    1.000000000000000E+00
    1.000000000000000E+00
    1.000000000000000E+00
    1.000000000000000E+00
    1.000000000000000E+00
    1.000000000000000E+00
    1.000000000000000E+00
    1.000000000000000E+00
    1.000000000000000E+00
    1.000000000000000E+00
    1.000000000000000E+00
    1.000000000000000E+00
    1.000000000000000E+00
    1.000000000000000E+00
    1.000000000000000E+00
    1.000000000000000E+00
    1.000000000000000E+00
    1.000000000000000E+00
    1.000000000000000E+00
    1.000000000000000E+00
    1.000000000000000E+00
    1.000000000000000E+00
    1.000000000000000E+00
    1.000000000000000E+00
    1.000000000000000E+00
    1.000000000000000E+00
    1.000000000000000E+00
    1.000000000000000E+00
    1.000000000000000E+00
    1.000000000000000E+00
    1.000000000000000E+00
    1.000000000000000E+00
    1.000000000000000E+00
    1.000000000000000E+00
    1.000000000000000E+00
    1.000000000000000E+00
    1.000000000000000E+00
    1.000000000000000E+00
    1.000000000000000E+00
    1.000000000000000E+00
    1.000000000000000E+00
    1.000000000000000E+00
    1.000000000000000E+00
    1.000000000000000E+00
    1.000000000000000E+00
    1.000000000000000E+00
    1.000000000000000E+00
    1.000000000000000E+00
    1.000000000000000E+00
    1.000000000000000E+00
    1.000000000000000E+00
    1.000000000000000E+00
    1.000000000000000E+00
    1.000000000000000E+00
    1.000000000000000E+00
    1.000000000000000E+00
    1.000000000000000E+00
    1.000000000000000E+00
    1.000000000000000E+00
    1.000000000000000E+00
    1.000000000000000E+00
    1.000000000000000E+00
    1.000000000000000E+00
    1.000000000000000E+00
    1.000000000000000E+00
    1.000000000000000E+00
    1.000000000000000E+00
    1.000000000000000E+00
    1.000000000000000E+00
    1.000000000000000E+00
    1.000000000000000E+00
    1.000000000000000E+00
    1.000000000000000E+00
    1.000000000000000E+00
    1.000000000000000E+00
    1.000000000000000E+00
    1.000000000000000E+00
    1.000000000000000E+00
    1.000000000000000E+00
    1.000000000000000E+00
    1.000000000000000E+00
    1.000000000000000E+00
    1.000000000000000E+00
    1.000000000000000E+00
    1.000000000000000E+00
    1.000000000000000E+00
    1.000000000000000E+00
    1.000000000000000E+00
    1.000000000000000E+00
    1.000000000000000E+00
    1.000000000000000E+00
    1.000000000000000E+00
    1.000000000000000E+00
    1.000000000000000E+00
    1.000000000000000E+00
    1.000000000000000E+00
    1.000000000000000E+00
    1.000000000000000E+00
    1.000000000000000E+00
    1.000000000000000E+00
    1.000000000000000E+00
    1.000000000000000E+00
    1.000000000000000E+00
    1.000000000000000E+00
    1.000000000000000E+00
    1.000000000000000E+00
    1.000000000000000E+00
    1.000000000000000E+00
    1.000000000000000E+00
    1.000000000000000E+00
    1.000000000000000E+00
    1.000000000000000E+00
    1.000000000000000E+00
    1.000000000000000E+00
    1.000000000000000E+00
    1.000000000000000E+00
    1.000000000000000E+00
    1.000000000000000E+00
    1.000000000000000E+00
    1.000000000000000E+00
    1.000000000000000E+00
    1.000000000000000E+00
    1.000000000000000E+00
    1.000000000000000E+00
    1.000000000000000E+00
    1.000000000000000E+00
    1.000000000000000E+00
    1.000000000000000E+00
    1.000000000000000E+00
    1.000000000000000E+00
    1.000000000000000E+00
    1.000000000000000E+00
    1.000000000000000E+00
    1.000000000000000E+00
    1.000000000000000E+00
    1.000000000000000E+00
    1.000000000000000E+00
    1.000000000000000E+00
    1.000000000000000E+00
    1.000000000000000E+00
    1.000000000000000E+00
    1.000000000000000E+00
    1.000000000000000E+00
    1.000000000000000E+00
    1.000000000000000E+00
    1.000000000000000E+00
    1.000000000000000E+00
    1.000000000000000E+00
    1.000000000000000E+00
    1.000000000000000E+00
    1.000000000000000E+00
    1.000000000000000E+00
    1.000000000000000E+00
    1.000000000000000E+00
    1.000000000000000E+00
    1.000000000000000E+00
    1.000000000000000E+00
    1.000000000000000E+00
    1.000000000000000E+00
    1.000000000000000E+00
    1.000000000000000E+00
    1.000000000000000E+00
    1.000000000000000E+00
    1.000000000000000E+00
    1.000000000000000E+00
    1.000000000000000E+00
    1.000000000000000E+00
    1.000000000000000E+00
    1.000000000000000E+00
    1.000000000000000E+00
    1.000000000000000E+00
    1.000000000000000E+00
    1.000000000000000E+00
    1.000000000000000E+00
    1.000000000000000E+00
    1.000000000000000E+00
    1.000000000000000E+00
    1.000000000000000E+00
    1.000000000000000E+00
    1.000000000000000E+00
    1.000000000000000E+00
    1.000000000000000E+00
    1.000000000000000E+00
    1.000000000000000E+00
    1.000000000000000E+00
    1.000000000000000E+00
    1.000000000000000E+00
    1.000000000000000E+00
    1.000000000000000E+00
    1.000000000000000E+00
    1.000000000000000E+00
    1.000000000000000E+00
    1.000000000000000E+00
    1.000000000000000E+00
    1.000000000000000E+00
    1.000000000000000E+00
    1.000000000000000E+00
    1.000000000000000E+00
    1.000000000000000E+00
    1.000000000000000E+00
    1.000000000000000E+00
    1.000000000000000E+00
    1.000000000000000E+00
    1.000000000000000E+00
    1.000000000000000E+00
    1.000000000000000E+00
    1.000000000000000E+00
    1.000000000000000E+00
    1.000000000000000E+00
    1.000000000000000E+00
    1.000000000000000E+00
    1.000000000000000E+00
    1.000000000000000E+00
    1.000000000000000E+00
    1.000000000000000E+00
    1.000000000000000E+00
    1.000000000000000E+00
    1.000000000000000E+00
    1.000000000000000E+00
    1.000000000000000E+00
    1.000000000000000E+00
    1.000000000000000E+00
    1.000000000000000E+00
    1.000000000000000E+00
    1.000000000000000E+00
    1.000000000000000E+00
    1.000000000000000E+00
    1.000000000000000E+00
    1.000000000000000E+00
    1.000000000000000E+00
    1.000000000000000E+00
    1.000000000000000E+00
    1.000000000000000E+00
    1.000000000000000E+00
    1.000000000000000E+00
    1.000000000000000E+00
    1.000000000000000E+00
    1.000000000000000E+00
    1.000000000000000E+00
    1.000000000000000E+00
    1.000000000000000E+00
    1.000000000000000E+00
    1.000000000000000E+00
    1.000000000000000E+00
    1.000000000000000E+00
    1.000000000000000E+00
    1.000000000000000E+00
    1.000000000000000E+00
    1.000000000000000E+00
    1.000000000000000E+00
    1.000000000000000E+00
    1.000000000000000E+00
    1.000000000000000E+00
    1.000000000000000E+00
    1.000000000000000E+00
    1.000000000000000E+00
    1.000000000000000E+00
    1.000000000000000E+00
    1.000000000000000E+00
    1.000000000000000E+00
    1.000000000000000E+00
    1.000000000000000E+00
    1.000000000000000E+00
    1.000000000000000E+00
    1.000000000000000E+00
    1.000000000000000E+00
    1.000000000000000E+00
    1.000000000000000E+00
    1.000000000000000E+00
    1.000000000000000E+00
    1.000000000000000E+00
    1.000000000000000E+00
    1.000000000000000E+00
    1.000000000000000E+00
    1.000000000000000E+00
    1.000000000000000E+00
    1.000000000000000E+00
    1.000000000000000E+00
    1.000000000000000E+00
    1.000000000000000E+00
    1.000000000000000E+00
    1.000000000000000E+00
    1.000000000000000E+00
    1.000000000000000E+00
    1.000000000000000E+00
    1.000000000000000E+00
    1.000000000000000E+00
    1.000000000000000E+00
    1.000000000000000E+00
    1.000000000000000E+00
    1.000000000000000E+00
    1.000000000000000E+00
    1.000000000000000E+00
    1.000000000000000E+00
    1.000000000000000E+00
    1.000000000000000E+00
    1.000000000000000E+00
    1.000000000000000E+00
    1.000000000000000E+00
    1.000000000000000E+00
    1.000000000000000E+00
    1.000000000000000E+00
    1.000000000000000E+00
    1.000000000000000E+00
    1.000000000000000E+00
    1.000000000000000E+00
    1.000000000000000E+00
    1.000000000000000E+00
    1.000000000000000E+00
    1.000000000000000E+00
    1.000000000000000E+00
    1.000000000000000E+00
    1.000000000000000E+00
    1.000000000000000E+00
    1.000000000000000E+00
    1.000000000000000E+00
    1.000000000000000E+00
    1.000000000000000E+00
    1.000000000000000E+00
    1.000000000000000E+00
    1.000000000000000E+00
    1.000000000000000E+00
    1.000000000000000E+00
    1.000000000000000E+00
    1.000000000000000E+00
    1.000000000000000E+00
    1.000000000000000E+00
    1.000000000000000E+00
    1.000000000000000E+00
    1.000000000000000E+00
    1.000000000000000E+00
    1.000000000000000E+00
    1.000000000000000E+00
    1.000000000000000E+00
    1.000000000000000E+00
    1.000000000000000E+00
    1.000000000000000E+00
    1.000000000000000E+00
    1.000000000000000E+00
    1.000000000000000E+00
    1.000000000000000E+00
    1.000000000000000E+00
VECTORS velocity double
    3.459743436990189E-03   -1.722720101815458E-05    0.000000000000000E+00
    3.434597186159473E-03   -1.544164466115784E-05    0.000000000000000E+00
    3.447310774848149E-03   -2.057195823518342E-05    0.000000000000000E+00
    3.440801060553565E-03   -2.353576739744108E-05    0.000000000000000E+00
    3.443808187348621E-03   -2.708346674184333E-05    0.000000000000000E+00
    3.442076095242142E-03   -3.054923120513029E-05    0.000000000000000E+00
    3.442826897771537E-03   -3.380270244718484E-05    0.000000000000000E+00
    3.442378665761374E-03   -3.692472406159151E-05    0.000000000000000E+00
    3.442641639413735E-03   -3.970853397138178E-05    0.000000000000000E+00
    3.442618492763713E-03   -4.214752516305240E-05    0.000000000000000E+00
    3.442799203179063E-03   -4.415957669770638E-05    0.000000000000000E+00
    3.442920313193561E-03   -4.573757364453992E-05    0.000000000000000E+00
    3.443097930179049E-03   -4.686253332058968E-05    0.000000000000000E+00
    3.443259123123296E-03   -4.755062922203810E-05    0.000000000000000E+00
    3.443429125696936E-03   -4.782027195317496E-05    0.000000000000000E+00
    3.443585638564305E-03   -4.770547931119060E-05    0.000000000000000E+00
    3.443732694969238E-03   -4.724396260539970E-05    0.000000000000000E+00
    3.443863031836238E-03   -4.647925227083888E-05    0.000000000000000E+00
    3.443976910241499E-03   -4.545588771974134E-05    0.000000000000000E+00
    3.444072399754150E-03   -4.421877947557700E-05    0.000000000000000E+00
    3.444150062215267E-03   -4.281087178459574E-05    0.000000000000000E+00
    3.444210359546686E-03   -4.127221925318910E-05    0.000000000000000E+00
    3.444254731585421E-03   -3.963883147916902E-05    0.000000000000000E+00
    3.444284820374741E-03   -3.794214093875072E-05    0.000000000000000E+00
    3.444302637662724E-03   -3.620862132084496E-05    0.000000000000000E+00
    3.444310271069269E-03   -3.445976144440393E-05    0.000000000000000E+00
    3.444309844076389E-03   -3.271223267162288E-05    0.000000000000000E+00
    3.444303374501214E-03   -3.097826844041315E-05    0.000000000000000E+00
    3.444292714994174E-03   -2.926617264734265E-05    0.000000000000000E+00
    3.444279484338741E-03   -2.758092631035318E-05    0.000000000000000E+00
    3.444265033846566E-03   -2.592484005289386E-05    0.000000000000000E+00
    3.444250425422490E-03   -2.429821650733618E-05    0.000000000000000E+00
    3.444236429213292E-03   -2.269998845899539E-05    0.000000000000000E+00
    3.444223532638357E-03   -2.112831002366864E-05    0.000000000000000E+00
    3.444211960593974E-03   -1.958108395391951E-05    0.000000000000000E+00
    3.444201702499252E-03   -1.805641627405560E-05    0.000000000000000E+00
    3.444192544444641E-03   -1.655299489194159E-05    0.000000000000000E+00
    3.444184104057736E-03   -1.507039354685420E-05    0.000000000000000E+00
    3.444175866885034E-03   -1.360930515810204E-05    0.000000000000000E+00
    3.444167223295257E-03   -1.217170991105366E-05    0.000000000000000E+00
    3.444157505653890E-03   -1.076098312088307E-05    0.000000000000000E+00
    3.444146025728294E-03   -9.381946485859174E-06    0.000000000000000E+00
    3.444132112706976E-03   -8.040864032721209E-06    0.000000000000000E+00
    3.444115152171548E-03   -6.745381305674869E-06    0.000000000000000E+00
    3.444094626185702E-03   -5.504403663345011E-06    0.000000000000000E+00
    3.444070154434715E-03   -4.327907391359105E-06    0.000000000000000E+00
    3.444041535802102E-03   -3.226676074954918E-06    0.000000000000000E+00
    3.444008789323931E-03   -2.211954785788450E-06    0.000000000000000E+00
    3.443972192527973E-03   -1.295016239131915E-06    0.000000000000000E+00
    3.443932315064515E-03   -4.866367984327144E-07    0.000000000000000E+00
    3.443890043781081E-03    2.035147265270161E-07    0.000000000000000E+00
    3.443846597375655E-03    7.675648085618154E-07    0.000000000000000E+00
    3.443803523746273E-03    1.200181384503978E-06    0.000000000000000E+00
    3.443762682757562E-03    1.499348442405345E-06    0.000000000000000E+00
    3.443726198704272E-03    1.667133679442649E-06    0.000000000000000E+00
    3.443696404964447E-03    1.710395499738326E-06    0.000000000000000E+00
    3.443675730427237E-03    1.641384948638067E-06    0.000000000000000E+00
    3.443666625471371E-03    1.478158804145359E-06    0.000000000000000E+00
    3.443671336635198E-03    1.244782360433559E-06    0.000000000000000E+00
    3.443691915368049E-03    9.711755432116049E-07    0.000000000000000E+00
    3.443729709772971E-03    6.927080537233739E-07    0.000000000000000E+00
    3.443785848715415E-03    4.491885258573629E-07    0.000000000000000E+00
    3.443859762941313E-03    2.838019354369723E-07    0.000000000000000E+00
    3.443951599493097E-03    2.408562080373101E-07    0.000000000000000E+00
    3.444056995755367E-03    3.644971438158984E-07    0.000000000000000E+00
    3.444177009797727E-03    6.942971461912281E-07    0.000000000000000E+00
    3.444298270737428E-03    1.265570371594344E-06    0.000000000000000E+00
    3.444432042743340E-03    2.099810814505751E-06    0.000000000000000E+00
    3.444537079417342E-03    3.212614837885277E-06    0.000000000000000E+00
    3.444672678422988E-03    4.588730116791266E-06    0.000000000000000E+00
    3.444697410682380E-03    6.218417358888233E-06    0.000000000000000E+00
    3.444861129038057E-03    8.019104720431512E-06    0.000000000000000E+00
    3.444651633295499E-03    9.969561056590717E-06    0.000000000000000E+00
    3.445057369550002E-03    1.188310372302697E-05    0.000000000000000E+00
    3.444090664949309E-03    1.374353493996347E-05    0.000000000000000E+00
    3.445734612110995E-03    1.525605315665376E-05    0.000000000000000E+00
    3.442152430151000E-03    1.652840486961243E-05    0.000000000000000E+00
    3.448487170179170E-03    1.695444877034693E-05    0.000000000000000E+00
    3.436067391637479E-03    1.660961384600722E-05    0.000000000000000E+00
    3.459819207041750E-03    1.975110641022259E-05    0.000000000000000E+00
    3.748785068524264E-03   -3.999677680990117E-06    0.000000000000000E+00
    3.723085072618685E-03   -3.831510089374948E-06    0.000000000000000E+00
    3.735915433090689E-03   -4.642170362536772E-06    0.000000000000000E+00
    3.729469803106451E-03   -5.261711935380132E-06    0.000000000000000E+00
    3.732515018508786E-03   -5.998888624265924E-06    0.000000000000000E+00
    3.730777798057130E-03   -6.751564037915934E-06    0.000000000000000E+00
    3.731555303858054E-03   -7.454885896357495E-06    0.000000000000000E+00
    3.731116278474008E-03   -8.133071664181416E-06    0.000000000000000E+00
    3.731398020692855E-03   -8.730248610129385E-06    0.000000000000000E+00
    3.731391115417174E-03   -9.249595860660516E-06    0.000000000000000E+00
    3.731589691826997E-03   -9.671463979636988E-06    0.000000000000000E+00
    3.731726714437850E-03   -9.996797364291932E-06    0.000000000000000E+00
    3.731919371025071E-03   -1.022223346815110E-05    0.000000000000000E+00
    3.732093390403333E-03   -1.035280894552455E-05    0.000000000000000E+00
    3.732274312452574E-03   -1.039329593894088E-05    0.000000000000000E+00
    3.732439561002104E-03   -1.035186688182151E-05    0.000000000000000E+00
    3.732593394416072E-03   -1.023710200757760E-05    0.000000000000000E+00
    3.732728668460668E-03   -1.005870938246374E-05    0.000000000000000E+00
    3.732845914986176E-03   -9.826406833336912E-06    0.000000000000000E+00
    3.732943448089902E-03   -9.549882947778960E-06    0.000000000000000E+00
    3.733022104702889E-03   -9.238295219298809E-06    0.000000000000000E+00
    3.733082595466166E-03   -8.900116732279463E-06    0.000000000000000E+00
    3.733126592264202E-03   -8.542903270795355E-06    0.000000000000000E+00
    3.733155934810205E-03   -8.173203465155339E-06    0.000000000000000E+00
    3.733172800089823E-03   -7.796490710379540E-06    0.000000000000000E+00
    3.733179404954458E-03   -7.417171650302699E-06    0.000000000000000E+00
    3.733177969499678E-03   -7.038631173666945E-06    0.000000000000000E+00
    3.733170576619758E-03   -6.663321535187836E-06    0.000000000000000E+00
    3.733159117116411E-03   -6.292876130624624E-06    0.000000000000000E+00
    3.733145226042381E-03   -5.928242158788224E-06    0.000000000000000E+00
    3.733130253496751E-03   -5.569821251629727E-06    0.000000000000000E+00
    3.733115247390518E-03   -5.217610702873261E-06    0.000000000000000E+00
    3.733100955228872E-03   -4.871338118027924E-06    0.000000000000000E+00
    3.733087836767411E-03   -4.530585115003722E-06    0.000000000000000E+00
    3.733076087195392E-03   -4.194896688217288E-06    0.000000000000000E+00
    3.733065666421512E-03   -3.863874681410827E-06    0.000000000000000E+00
    3.733056332724069E-03   -3.537254931731763E-06    0.000000000000000E+00
    3.733047678411892E-03   -3.214968640532823E-06    0.000000000000000E+00
    3.733039166371160E-03   -2.897189060444013E-06    0.000000000000000E+00
    3.733030166608594E-03   -2.584364829450192E-06    0.000000000000000E+00
    3.733019992663708E-03   -2.277241174756135E-06    0.000000000000000E+00
    3.733007938004801E-03   -1.976869866644138E-06    0.000000000000000E+00
    3.732993312945425E-03   -1.684608267304096E-06    0.000000000000000E+00
    3.732975482577049E-03   -1.402107155427811E-06    0.000000000000000E+00
    3.732953906059988E-03   -1.131286403574700E-06    0.000000000000000E+00
    3.732928177369656E-03   -8.742970819797039E-07    0.000000000000000E+00
    3.732898067031135E-03   -6.334682311393207E-07    0.000000000000000E+00
    3.732863563916439E-03   -4.112365245262569E-07    0.000000000000000E+00
    3.732824915190996E-03   -2.100573264588143E-07    0.000000000000000E+00
    3.732782662394655E-03   -3.229641042858226E-08    0.000000000000000E+00
    3.732737669780752E-03    1.198973659363696E-07    0.000000000000000E+00
    3.732691143011521E-03    2.447364886452553E-07    0.000000000000000E+00
    3.732644631104520E-03    3.409528762365798E-07    0.000000000000000E+00
    3.732600014260233E-03    4.079635152245466E-07    0.000000000000000E+00
    3.732559461245512E-03    4.460366045374648E-07    0.000000000000000E+00
    3.732525378944512E-03    4.564467622566515E-07    0.000000000000000E+00
    3.732500302110359E-03    4.416106325282856E-07    0.000000000000000E+00
    3.732486822637441E-03    4.051841487405227E-07    0.000000000000000E+00
    3.732487363019966E-03    3.521190566511830E-07    0.000000000000000E+00
    3.732504185048712E-03    2.886434717422325E-07    0.000000000000000E+00
    3.732538867533464E-03    2.221957121925643E-07    0.000000000000000E+00
    3.732592795328904E-03    1.612211695462702E-07    0.000000000000000E+00
    3.732665639260776E-03    1.149802376504637E-07    0.000000000000000E+00
    3.732757799046745E-03    9.306420189800390E-08    0.000000000000000E+00
    3.732865056300070E-03    1.051911458497457E-07    0.000000000000000E+00
    3.732988660557897E-03    1.601902683086923E-07    0.000000000000000E+00
    3.733115088202595E-03    2.662596422787495E-07    0.000000000000000E+00
    3.733255749101592E-03    4.285876282261257E-07    0.000000000000000E+00
    3.733368538650051E-03    6.516742453311615E-07    0.000000000000000E+00
    3.733513250951358E-03    9.326868191626820E-07    0.000000000000000E+00
    3.733545597134369E-03    1.271600266111825E-06    0.000000000000000E+00
    3.733718854653258E-03    1.649732219023502E-06    0.000000000000000E+00
    3.733511585311948E-03    2.066126455904478E-06    0.000000000000000E+00
    3.733923689343971E-03    2.475364380116458E-06    0.000000000000000E+00
    3.732949205713794E-03    2.884074934657249E-06    0.000000000000000E+00
    3.734596748429229E-03    3.206484982255377E-06    0.000000000000000E+00
    3.730954022730649E-03    3.512732867296023E-06    0.000000000000000E+00
    3.737351813701138E-03    3.606413652509924E-06    0.000000000000000E+00
    3.724607458704678E-03    3.916531872315771E-06    0.000000000000000E+00
    3.749131786953527E-03    4.303205313487447E-06    0.000000000000000E+00
    4.018527176720353E-03   -1.862391054275279E-06    0.000000000000000E+00
    3.992312166334806E-03   -1.988081241696582E-06    0.000000000000000E+00
    4.005166320320011E-03   -2.161260425010290E-06    0.000000000000000E+00
    3.998746124174015E-03   -2.371584599841055E-06    0.000000000000000E+00
    4.001808569600539E-03   -2.723584990072826E-06    0.000000000000000E+00
    4.000066969033857E-03   -3.110503729303862E-06    0.000000000000000E+00
    4.000858488130018E-03   -3.477929287237996E-06    0.000000000000000E+00
    4.000421960912496E-03   -3.845605206194794E-06    0.000000000000000E+00
    4.000710827323859E-03   -4.167297927523075E-06    0.000000000000000E+00
    4.000708081292192E-03   -4.447900170023068E-06    0.000000000000000E+00
    4.000910756005923E-03   -4.674857206144029E-06    0.000000000000000E+00
    4.001049852637717E-03   -4.849435003147175E-06    0.000000000000000E+00
    4.001243560813268E-03   -4.970016061930036E-06    0.000000000000000E+00
    4.001417101049304E-03   -5.040020176848314E-06    0.000000000000000E+00
    4.001596506162681E-03   -5.062306308687719E-06    0.000000000000000E+00
    4.001759280700354E-03   -5.041665548613760E-06    0.000000000000000E+00
    4.001910033287054E-03   -4.982917758697125E-06    0.000000000000000E+00
    4.002041846307613E-03   -4.891464824416907E-06    0.000000000000000E+00
    4.002155521863305E-03   -4.772630070019626E-06    0.000000000000000E+00
    4.002249576407426E-03   -4.631684096134837E-06    0.000000000000000E+00
    4.002325023299134E-03   -4.473563100136339E-06    0.000000000000000E+00
    4.002382693773430E-03   -4.302801024216949E-06    0.000000000000000E+00
    4.002424338578893E-03   -4.123402606364273E-06    0.000000000000000E+00
    4.002451831358076E-03   -3.938801260166918E-06    0.000000000000000E+00
    4.002467347559651E-03   -3.751825025195560E-06    0.000000000000000E+00
    4.002473072371800E-03   -3.564706485849617E-06    0.000000000000000E+00
    4.002471171968757E-03   -3.379111746387947E-06    0.000000000000000E+00
    4.002463663487069E-03   -3.196193989447632E-06    0.000000000000000E+00
    4.002452363368513E-03   -3.016660271671705E-06    0.000000000000000E+00
    4.002438831365593E-03   -2.840847947805372E-06    0.000000000000000E+00
    4.002424346171387E-03   -2.668804553107294E-06    0.000000000000000E+00
    4.002409892299159E-03   -2.500367242085304E-06    0.000000000000000E+00
    4.002396164393797E-03   -2.335237572927792E-06    0.000000000000000E+00
    4.002383581457213E-03   -2.173049520731096E-06    0.000000000000000E+00
    4.002372310657689E-03   -2.013428870964108E-06    0.000000000000000E+00
    4.002362296419512E-03   -1.856043346075724E-06    0.000000000000000E+00
    4.002353293199961E-03   -1.700643439750694E-06    0.000000000000000E+00
    4.002344899748147E-03   -1.547094495601320E-06    0.000000000000000E+00
    4.002336593825497E-03   -1.395400846932340E-06    0.000000000000000E+00
    4.002327766637797E-03   -1.245722945905128E-06    0.000000000000000E+00
    4.002317756908229E-03   -1.098388313116847E-06    0.000000000000000E+00
    4.002305884823281E-03   -9.538969078035130E-07    0.000000000000000E+00
    4.002291486398702E-03   -8.129211657623160E-07    0.000000000000000E+00
    4.002273948832143E-03   -6.763005199635330E-07    0.000000000000000E+00
    4.002252747277525E-03   -5.450298369325285E-07    0.000000000000000E+00
    4.002227483220512E-03   -4.202408656418756E-07    0.000000000000000E+00
    4.002197924090115E-03   -3.031755602735248E-07    0.000000000000000E+00
    4.002164043315415E-03   -1.951500861209510E-07    0.000000000000000E+00
    4.002126059056699E-03   -9.750843457104686E-08    0.000000000000000E+00
    4.002084469781933E-03   -1.156498249132985E-08    0.000000000000000E+00
    4.002040082969762E-03    6.146410515669583E-08    0.000000000000000E+00
    4.001994035225232E-03    1.205397897455368E-07    0.000000000000000E+00
    4.001947796785864E-03    1.648877168620075E-07    0.000000000000000E+00
    4.001903163227711E-03    1.940911397424743E-07    0.000000000000000E+00
    4.001862217857488E-03    2.081854752287047E-07    0.000000000000000E+00
    4.001827287666166E-03    2.077479848274628E-07    0.000000000000000E+00
    4.001800839936440E-03    1.939780117044167E-07    0.000000000000000E+00
    4.001785419952249E-03    1.687566819782054E-07    0.000000000000000E+00
    4.001783431329573E-03    1.346859057726639E-07    0.000000000000000E+00
    4.001797151043082E-03    9.508440185996680E-08    0.000000000000000E+00
    4.001828214439672E-03    5.396029235128788E-08    0.000000000000000E+00
    4.001878111092525E-03    1.590304734914892E-08    0.000000000000000E+00
    4.001946648883351E-03   -1.400638074177758E-08    0.000000000000000E+00
    4.002034425182798E-03   -3.046914987778810E-08    0.000000000000000E+00
    4.002137406035619E-03   -2.804323778245411E-08    0.000000000000000E+00
    4.002257121455103E-03   -1.751604826061819E-09    0.000000000000000E+00
    4.002380165553102E-03    5.317291284545197E-08    0.000000000000000E+00
    4.002518329793711E-03    1.397848503427779E-07    0.000000000000000E+00
    4.002629276016615E-03    2.610707615442869E-07    0.000000000000000E+00
    4.002773528104761E-03    4.155025768680582E-07    0.000000000000000E+00
    4.002805346714332E-03    6.042335306325878E-07    0.000000000000000E+00
    4.002980588202645E-03    8.157037632456626E-07    0.000000000000000E+00
    4.002772340216486E-03    1.051499155730284E-06    0.000000000000000E+00
    4.003188041299943E-03    1.284209245683615E-06    0.000000000000000E+00
    4.002209842095461E-03    1.518220684583188E-06    0.000000000000000E+00
    4.003863909080834E-03    1.695120229832518E-06    0.000000000000000E+00
    4.000186482158781E-03    1.906748990634697E-06    0.000000000000000E+00
    4.006645143624146E-03    1.924345748476189E-06    0.000000000000000E+00
    3.993737235043960E-03    2.375153889929556E-06    0.000000000000000E+00
    4.018955902269634E-03    2.530714325992033E-06    0.000000000000000E+00
    4.269081374301671E-03   -6.538447721435764E-07    0.000000000000000E+00
    4.242250703231047E-03   -9.393292529150580E-07    0.000000000000000E+00
    4.255093639422202E-03   -6.748325174000178E-07    0.000000000000000E+00
    4.248640768534957E-03   -6.293339387333158E-07    0.000000000000000E+00
    4.251707510201245E-03   -7.096412542458986E-07    0.000000000000000E+00
    4.249955000265568E-03   -8.482247145351521E-07    0.000000000000000E+00
    4.250747314324379E-03   -9.884892410274286E-07    0.000000000000000E+00
    4.250303830993162E-03   -1.142514253000308E-06    0.000000000000000E+00
    4.250586154060353E-03   -1.273835903887128E-06    0.000000000000000E+00
    4.250573246558046E-03   -1.387444826056802E-06    0.000000000000000E+00
    4.250764341060971E-03   -1.476170657217103E-06    0.000000000000000E+00
    4.250889833200835E-03   -1.541841596248210E-06    0.000000000000000E+00
    4.251069060008925E-03   -1.584457116116774E-06    0.000000000000000E+00
    4.251227505021157E-03   -1.606550843947349E-06    0.000000000000000E+00
    4.251391915471968E-03   -1.609924363209453E-06    0.000000000000000E+00
    4.251540205262106E-03   -1.597160295218538E-06    0.000000000000000E+00
    4.251677440196912E-03   -1.570576100013937E-06    0.000000000000000E+00
    4.251797003156191E-03   -1.532627041963095E-06    0.000000000000000E+00
    4.251899934241267E-03   -1.485599072727351E-06    0.000000000000000E+00
    4.251984875812371E-03   -1.431680960624499E-06    0.000000000000000E+00
    4.252052887773824E-03   -1.372852465250935E-06    0.000000000000000E+00
    4.252104765301679E-03   -1.310881212132171E-06    0.000000000000000E+00
    4.252142160658799E-03   -1.247277537600625E-06    0.000000000000000E+00
    4.252166797915792E-03   -1.183288954159119E-06    0.000000000000000E+00
    4.252180669119376E-03   -1.119892785354235E-06    0.000000000000000E+00
    4.252185756232353E-03   -1.057807946354616E-06    0.000000000000000E+00
    4.252184016835766E-03   -9.975131342716318E-07    0.000000000000000E+00
    4.252177265329627E-03   -9.392747319742766E-07    0.000000000000000E+00
    4.252167129325073E-03   -8.831798376162642E-07    0.000000000000000E+00
    4.252155002816262E-03   -8.291724807496575E-07    0.000000000000000E+00
    4.252142026709850E-03   -7.770896213087954E-07    0.000000000000000E+00
    4.252129076659224E-03   -7.266962887128990E-07    0.000000000000000E+00
    4.252116768666796E-03   -6.777175398050894E-07    0.000000000000000E+00
    4.252105472442883E-03   -6.298666796508832E-07    0.000000000000000E+00
    4.252095333196153E-03   -5.828690369385308E-07    0.000000000000000E+00
    4.252086297884118E-03   -5.364812545583688E-07    0.000000000000000E+00
    4.252078144621233E-03   -4.905063348903384E-07    0.000000000000000E+00
    4.252070513283434E-03   -4.448049299268984E-07    0.000000000000000E+00
    4.252062936429984E-03   -3.993034714833249E-07    0.000000000000000E+00
    4.252054869921755E-03   -3.539997593854491E-07    0.000000000000000E+00
    4.252045723167079E-03   -3.089665404431048E-07    0.000000000000000E+00
    4.252034889257647E-03   -2.643534625162690E-07    0.000000000000000E+00
    4.252021775441876E-03   -2.203875790861843E-07    0.000000000000000E+00
    4.252005834456510E-03   -1.773723137425002E-07    0.000000000000000E+00
    4.251986597139589E-03   -1.356845726508907E-07    0.000000000000000E+00
    4.251963706501011E-03   -9.576949111567865E-08    0.000000000000000E+00
    4.251936952935445E-03   -5.813213552609211E-08    0.000000000000000E+00
    4.251906309913987E-03   -2.332541278643351E-08    0.000000000000000E+00
    4.251871968582238E-03    8.066555962691697E-09    0.000000000000000E+00
    4.251834369727469E-03    3.545017945027113E-08    0.000000000000000E+00
    4.251794229738114E-03    5.824960870970096E-08    0.000000000000000E+00
    4.251752559257504E-03    7.593933559779423E-08    0.000000000000000E+00
    4.251710667908233E-03    8.808173854937221E-08    0.000000000000000E+00
    4.251670158363329E-03    9.436832156816617E-08    0.000000000000000E+00
    4.251632893501859E-03    9.466326496096038E-08    0.000000000000000E+00
    4.251600959966755E-03    8.904637161980650E-08    0.000000000000000E+00
    4.251576574912180E-03    7.785377086476846E-08    0.000000000000000E+00
    4.251562036541041E-03    6.171091023238077E-08    0.000000000000000E+00
    4.251559519283314E-03    4.155923290105228E-08    0.000000000000000E+00
    4.251571111451279E-03    1.866410233858391E-08    0.000000000000000E+00
    4.251598307491891E-03   -5.384328852099243E-09    0.000000000000000E+00
    4.251642531762710E-03   -2.870900355112239E-08    0.000000000000000E+00
    4.251703607653689E-03   -4.916201466910272E-08    0.000000000000000E+00
    4.251782259400629E-03   -6.444233563523649E-08    0.000000000000000E+00
    4.251874664053640E-03   -7.208079318742441E-08    0.000000000000000E+00
    4.251982717756920E-03   -6.974406798882150E-08    0.000000000000000E+00
    4.252093398743088E-03   -5.499879597589554E-08    0.000000000000000E+00
    4.252219143387432E-03   -2.616170364809698E-08    0.000000000000000E+00
    4.252318010520514E-03    1.880787238953010E-08    0.000000000000000E+00
    4.252451579178512E-03    7.951095589719806E-08    0.000000000000000E+00
    4.252473999297066E-03    1.579220334965178E-07    0.000000000000000E+00
    4.252643271140276E-03    2.479504316988924E-07    0.000000000000000E+00
    4.252430076314007E-03    3.526261637524317E-07    0.000000000000000E+00
    4.252847248301728E-03    4.568037209977224E-07    0.000000000000000E+00
    4.251868851343345E-03    5.654278482424939E-07    0.000000000000000E+00
    4.253534583834084E-03    6.371883959466114E-07    0.000000000000000E+00
    4.249847681983211E-03    7.703359049816882E-07    0.000000000000000E+00
    4.256377964602354E-03    7.518045845045639E-07    0.000000000000000E+00
    4.243386562234819E-03    1.263365694604542E-06    0.000000000000000E+00
    4.269401081722940E-03    1.220174580716666E-06    0.000000000000000E+00
    4.500117404593677E-03   -3.338400306652477E-07    0.000000000000000E+00
    4.472799556023327E-03   -6.465008934146550E-07    0.000000000000000E+00
    4.485578151290024E-03   -2.742319709620267E-07    0.000000000000000E+00
    4.479060243405719E-03   -1.576007608673034E-07    0.000000000000000E+00
    4.482114370493385E-03   -1.652772049037771E-07    0.000000000000000E+00
    4.480346122741908E-03   -2.483274729113033E-07    0.000000000000000E+00
    4.481132094827936E-03   -3.414792548555043E-07    0.000000000000000E+00
    4.480678259129992E-03   -4.511373506637498E-07    0.000000000000000E+00
    4.480949955997901E-03   -5.429831850883992E-07    0.000000000000000E+00
    4.480923257712712E-03   -6.205872891580478E-07    0.000000000000000E+00
    4.481099019743178E-03   -6.786167777662885E-07    0.000000000000000E+00
    4.481207468641142E-03   -7.190292206151871E-07    0.000000000000000E+00
    4.481368952226917E-03   -7.427518434678225E-07    0.000000000000000E+00
    4.481509431157031E-03   -7.523504301837806E-07    0.000000000000000E+00
    4.481656347645880E-03   -7.497382843459187E-07    0.000000000000000E+00
    4.481788078745383E-03   -7.371826699066267E-07    0.000000000000000E+00
    4.481910124179659E-03   -7.166111069556703E-07    0.000000000000000E+00
    4.482016150624720E-03   -6.899079046524912E-07    0.000000000000000E+00
    4.482107392614197E-03   -6.587409334200853E-07    0.000000000000000E+00
    4.482182574103653E-03   -6.246300707293704E-07    0.000000000000000E+00
    4.482242750288327E-03   -5.888935738291777E-07    0.000000000000000E+00
    4.482288631295792E-03   -5.526591426828200E-07    0.000000000000000E+00
    4.482321723917673E-03   -5.168455293593814E-07    0.000000000000000E+00
    4.482343560895023E-03   -4.821674578129396E-07    0.000000000000000E+00
    4.482355914649261E-03   -4.491384777244708E-07    0.000000000000000E+00
    4.482360534064871E-03   -4.180854518219070E-07    0.000000000000000E+00
    4.482359144188762E-03   -3.891669036053184E-07    0.000000000000000E+00
    4.482353337839169E-03   -3.623967424804860E-07    0.000000000000000E+00
    4.482344543465243E-03   -3.376714047403289E-07    0.000000000000000E+00
    4.482333981866608E-03   -3.147983671374207E-07    0.000000000000000E+00
    4.482322651635159E-03   -2.935228761613033E-07    0.000000000000000E+00
    4.482311318905766E-03   -2.735535729549691E-07    0.000000000000000E+00
    4.482300522745756E-03   -2.545850542451649E-07    0.000000000000000E+00
    4.482290586969541E-03   -2.363170415146003E-07    0.000000000000000E+00
    4.482281639331368E-03   -2.184698589519133E-07    0.000000000000000E+00
    4.482273634470471E-03   -2.007963561685296E-07    0.000000000000000E+00
    4.482266379601718E-03   -1.830906415133419E-07    0.000000000000000E+00
    4.482259561226190E-03   -1.651941662347383E-07    0.000000000000000E+00
    4.482252772127458E-03   -1.469997667667814E-07    0.000000000000000E+00
    4.482245538123039E-03   -1.284542656534157E-07    0.000000000000000E+00
    4.482237344502401E-03   -1.095601389080952E-07    0.000000000000000E+00
    4.482227662392079E-03   -9.037661284242587E-08    0.000000000000000E+00
    4.482215975406409E-03   -7.102036939014753E-08    0.000000000000000E+00
    4.482201807019541E-03   -5.166578892560226E-08    0.000000000000000E+00
    4.482184749033913E-03   -3.254445592832893E-08    0.000000000000000E+00
    4.482164491294936E-03   -1.394347443700019E-08    0.000000000000000E+00
    4.482140852366465E-03    3.798027316990856E-09    0.000000000000000E+00
    4.482113810611020E-03    2.029491066548777E-08    0.000000000000000E+00
    4.482083534289858E-03    3.512529353528912E-08    0.000000000000000E+00
    4.482050409428512E-03    4.784370977495738E-08    0.000000000000000E+00
    4.482015062421471E-03    5.799864161287186E-08    0.000000000000000E+00
    4.481978376506194E-03    6.515459409391037E-08    0.000000000000000E+00
    4.481941495920934E-03    6.891860894695446E-08    0.000000000000000E+00
    4.481905821516206E-03    6.897050049206530E-08    0.000000000000000E+00
    4.481872981903923E-03    6.509596703358940E-08    0.000000000000000E+00
    4.481844803916921E-03    5.722058301288545E-08    0.000000000000000E+00
    4.481823229082828E-03    4.544356742354256E-08    0.000000000000000E+00
    4.481810277336214E-03    3.006737000392727E-08    0.000000000000000E+00
    4.481807857115579E-03    1.162430078763379E-08    0.000000000000000E+00
    4.481817821059218E-03   -9.108629338715361E-09    0.000000000000000E+00
    4.481841478657822E-03   -3.109991584618926E-08    0.000000000000000E+00
    4.481880140114315E-03   -5.307978249984452E-08    0.000000000000000E+00
    4.481933598879109E-03   -7.353837435356143E-08    0.000000000000000E+00
    4.482002661928711E-03   -9.079703249595844E-08    0.000000000000000E+00
    4.482083691181056E-03   -1.029813360647003E-07    0.000000000000000E+00
    4.482178922749796E-03   -1.082286481936641E-07    0.000000000000000E+00
    4.482275743435380E-03   -1.044988448250857E-07    0.000000000000000E+00
    4.482387230138191E-03   -9.019686329216831E-08    0.000000000000000E+00
    4.482471965101633E-03   -6.334000964394942E-08    0.000000000000000E+00
    4.482592554315603E-03   -2.373399067844950E-08    0.000000000000000E+00
    4.482603411072900E-03    3.078211971661193E-08    0.000000000000000E+00
    4.482764249239910E-03    9.585380709964548E-08    0.000000000000000E+00
    4.482544604518499E-03    1.742692657326431E-07    0.000000000000000E+00
    4.482961107896832E-03    2.541549628871730E-07    0.000000000000000E+00
    4.481981691354097E-03    3.392977761668200E-07    0.000000000000000E+00
    4.483657903604154E-03    3.931718511165028E-07    0.000000000000000E+00
    4.479967722378395E-03    5.125009209870065E-07    0.000000000000000E+00
    4.486561315124645E-03    4.901898147488158E-07    0.000000000000000E+00
    4.473538810949561E-03    9.967361528857021E-07    0.000000000000000E+00
    4.500108898963057E-03    8.987763346821985E-07    0.000000000000000E+00
    4.711616648979505E-03   -1.409929542029248E-07    0.000000000000000E+00
    4.683901989463381E-03   -4.653321171971760E-07    0.000000000000000E+00
    4.696586215892638E-03   -6.528775684729842E-08    0.000000000000000E+00
    4.689980409205398E-03    7.633998190091011E-08    0.000000000000000E+00
    4.693007008620516E-03    9.704591194585381E-08    0.000000000000000E+00
    4.691218355734692E-03    3.061357827034653E-08    0.000000000000000E+00
    4.691993137919624E-03   -5.165317747890819E-08    0.000000000000000E+00
    4.691527022668222E-03   -1.502083866765793E-07    0.000000000000000E+00
    4.691786340084211E-03   -2.323617815727210E-07    0.000000000000000E+00
    4.691744664727124E-03   -2.998507363821327E-07    0.000000000000000E+00
    4.691903988407914E-03   -3.486485897858195E-07    0.000000000000000E+00
    4.691994576892805E-03   -3.806865419657773E-07    0.000000000000000E+00
    4.692137623484441E-03   -3.976940255559954E-07    0.000000000000000E+00
    4.692259652007750E-03   -4.023841237892387E-07    0.000000000000000E+00
    4.692388742817253E-03   -3.969829506407797E-07    0.000000000000000E+00
    4.692503738569059E-03   -3.837702206557248E-07    0.000000000000000E+00
    4.692610533845495E-03   -3.646711931391912E-07    0.000000000000000E+00
    4.692703054674622E-03   -3.414404101236341E-07    0.000000000000000E+00
    4.692782696340480E-03   -3.155872309080075E-07    0.000000000000000E+00
    4.692848238422454E-03   -2.884259378603292E-07    0.000000000000000E+00
    4.692900707340545E-03   -2.610598473276398E-07    0.000000000000000E+00
    4.692940710835712E-03   -2.343945759689761E-07    0.000000000000000E+00
    4.692969597779974E-03   -2.091353190937926E-07    0.000000000000000E+00
    4.692988702702195E-03   -1.857958843362152E-07    0.000000000000000E+00
    4.692999575854250E-03   -1.647078505384674E-07    0.000000000000000E+00
    4.693003734206946E-03   -1.460370600747731E-07    0.000000000000000E+00
    4.693002673989793E-03   -1.298035742523350E-07    0.000000000000000E+00
    4.692997772350121E-03   -1.159049703273279E-07    0.000000000000000E+00
    4.692990264663992E-03   -1.041424885614778E-07    0.000000000000000E+00
    4.692981205373949E-03   -9.424772475322312E-08    0.000000000000000E+00
    4.692971457185159E-03   -8.590683604018407E-08    0.000000000000000E+00
    4.692961682323402E-03   -7.878330214124901E-08    0.000000000000000E+00
    4.692952347510807E-03   -7.253757592538686E-08    0.000000000000000E+00
    4.692943734094889E-03   -6.684328717672085E-08    0.000000000000000E+00
    4.692935954599549E-03   -6.139989001267892E-08    0.000000000000000E+00
    4.692928972398656E-03   -5.594196815608427E-08    0.000000000000000E+00
    4.692922623785354E-03   -5.024564469782763E-08    0.000000000000000E+00
    4.692916640924217E-03   -4.413268834158172E-08    0.000000000000000E+00
    4.692910675095510E-03   -3.747296414170069E-08    0.000000000000000E+00
    4.692904319763327E-03   -3.018585299224234E-08    0.000000000000000E+00
    4.692897133408518E-03   -2.224116614322951E-08    0.000000000000000E+00
    4.692888662318326E-03   -1.365992841861224E-08    0.000000000000000E+00
    4.692878463628235E-03   -4.515213551274622E-09    0.000000000000000E+00
    4.692866128961421E-03    5.067027581478481E-09    0.000000000000000E+00
    4.692851308977039E-03    1.490741502479224E-08    0.000000000000000E+00
    4.692833738949100E-03    2.477332023887653E-08    0.000000000000000E+00
    4.692813265114390E-03    3.438040893660246E-08    0.000000000000000E+00
    4.692789871327840E-03    4.339627507828090E-08    0.000000000000000E+00
    4.692763704812530E-03    5.144693735533153E-08    0.000000000000000E+00
    4.692735100010162E-03    5.812690123711902E-08    0.000000000000000E+00
    4.692704597835136E-03    6.301335200773144E-08    0.000000000000000E+00
    4.692672959863805E-03    6.568477846863518E-08    0.000000000000000E+00
    4.692641171695377E-03    6.574406115516854E-08    0.000000000000000E+00
    4.692610439717406E-03    6.284553879042647E-08    0.000000000000000E+00
    4.692582165721793E-03    5.672536097883093E-08    0.000000000000000E+00
    4.692557923556140E-03    4.723353890297864E-08    0.000000000000000E+00
    4.692539384544817E-03    3.436660548989852E-08    0.000000000000000E+00
    4.692528293353318E-03    1.829775402240103E-08    0.000000000000000E+00
    4.692526292114495E-03   -5.950221015762906E-10    0.000000000000000E+00
    4.692534993812960E-03   -2.170910798366139E-08    0.000000000000000E+00
    4.692555513869887E-03   -4.420335363112498E-08    0.000000000000000E+00
    4.692589033598859E-03   -6.700260463972570E-08    0.000000000000000E+00
    4.692635298177984E-03   -8.879093971006369E-08    0.000000000000000E+00
    4.692695171887615E-03   -1.080572453224188E-07    0.000000000000000E+00
    4.692765178694131E-03   -1.230753387770562E-07    0.000000000000000E+00
    4.692847860535128E-03   -1.320505092566643E-07    0.000000000000000E+00
    4.692931000989733E-03   -1.329933243239523E-07    0.000000000000000E+00
    4.693028272732667E-03   -1.241770793248781E-07    0.000000000000000E+00
    4.693098812894100E-03   -1.035650094728782E-07    0.000000000000000E+00
    4.693206169356879E-03   -7.049483825324513E-08    0.000000000000000E+00
    4.693205179031277E-03   -2.285049965016153E-08    0.000000000000000E+00
    4.693356918020611E-03    3.608708060339165E-08    0.000000000000000E+00
    4.693130480543066E-03    1.083106207107362E-07    0.000000000000000E+00
    4.693545074990081E-03    1.837224802845542E-07    0.000000000000000E+00
    4.692563813288092E-03    2.642575272711615E-07    0.000000000000000E+00
    4.694249080001973E-03    3.159844844389072E-07    0.000000000000000E+00
    4.690556510865499E-03    4.298977159634341E-07    0.000000000000000E+00
    4.697202746169934E-03    4.059137571977471E-07    0.000000000000000E+00
    4.684169352661412E-03    8.690091275620760E-07    0.000000000000000E+00
    4.711090001551973E-03    7.402780785033473E-07    0.000000000000000E+00
    4.903554340068640E-03    5.869090490169510E-09    0.000000000000000E+00
    4.875515358191861E-03   -3.230996515242414E-07    0.000000000000000E+00
    4.888088955124338E-03    5.732493894864873E-08    0.000000000000000E+00
    4.881382124724737E-03    1.944898517894468E-07    0.000000000000000E+00
    4.884369999091248E-03    2.168370256742747E-07    0.000000000000000E+00
    4.882557398629003E-03    1.461512443579075E-07    0.000000000000000E+00
    4.883318268784965E-03    5.619744779156150E-08    0.000000000000000E+00
    4.882839367802168E-03   -4.768509908290704E-08    0.000000000000000E+00
    4.883086266242385E-03   -1.346253309107383E-07    0.000000000000000E+00
    4.883030115150014E-03   -2.045179330622405E-07    0.000000000000000E+00
    4.883173618716210E-03   -2.544771227756130E-07    0.000000000000000E+00
    4.883247164160165E-03   -2.863693247994917E-07    0.000000000000000E+00
    4.883372629267520E-03   -3.026676516765073E-07    0.000000000000000E+00
    4.883477120663833E-03   -3.062789306007204E-07    0.000000000000000E+00
    4.883589290601092E-03   -2.998203123403522E-07    0.000000000000000E+00
    4.883688429817891E-03   -2.857237855134055E-07    0.000000000000000E+00
    4.883780789346756E-03   -2.660812440469507E-07    0.000000000000000E+00
    4.883860533692626E-03   -2.427152827844609E-07    0.000000000000000E+00
    4.883929197819509E-03   -2.171862874122125E-07    0.000000000000000E+00
    4.883985606684400E-03   -1.908178030754746E-07    0.000000000000000E+00
    4.884030753224988E-03   -1.647081853685886E-07    0.000000000000000E+00
    4.884065145875216E-03   -1.397402001977631E-07    0.000000000000000E+00
    4.884089983963438E-03   -1.165881894902279E-07    0.000000000000000E+00
    4.884106416877395E-03   -9.572777640216577E-08    0.000000000000000E+00
    4.884115788624726E-03   -7.744895147818945E-08    0.000000000000000E+00
    4.884119401809600E-03   -6.187375746194680E-08    0.000000000000000E+00
    4.884118541629706E-03   -4.897809734208922E-08    0.000000000000000E+00
    4.884114386619748E-03   -3.861599890701912E-08    0.000000000000000E+00
    4.884107994438809E-03   -3.054672205758789E-08    0.000000000000000E+00
    4.884100266264620E-03   -2.446216191590949E-08    0.000000000000000E+00
    4.884091939540418E-03   -2.001158103966827E-08    0.000000000000000E+00
    4.884083580476067E-03   -1.682456556573108E-08    0.000000000000000E+00
    4.884075588680934E-03   -1.453081336473111E-08    0.000000000000000E+00
    4.884068205776892E-03   -1.277628701278114E-08    0.000000000000000E+00
    4.884061529557621E-03   -1.123569790075466E-08    0.000000000000000E+00
    4.884055530688693E-03   -9.621551340855250E-09    0.000000000000000E+00
    4.884050071474824E-03   -7.690244795167469E-09    0.000000000000000E+00
    4.884044925369759E-03   -5.245849273746446E-09    0.000000000000000E+00
    4.884039796771898E-03   -2.142263480458596E-09    0.000000000000000E+00
    4.884034340689771E-03    1.715601627830818E-09    0.000000000000000E+00
    4.884028182235876E-03    6.371051022832435E-09    0.000000000000000E+00
    4.884020936092085E-03    1.181485323823475E-08    0.000000000000000E+00
    4.884012226196578E-03    1.798432041882036E-08    0.000000000000000E+00
    4.884001705926451E-03    2.476227302347764E-08    0.000000000000000E+00
    4.883989079024458E-03    3.197616732501657E-08    0.000000000000000E+00
    4.883974121370948E-03    3.939786873842649E-08    0.000000000000000E+00
    4.883956703365779E-03    4.674473285976657E-08    0.000000000000000E+00
    4.883936812546079E-03    5.368276349418122E-08    0.000000000000000E+00
    4.883914575384149E-03    5.983266349987988E-08    0.000000000000000E+00
    4.883890277504704E-03    6.477953375124677E-08    0.000000000000000E+00
    4.883864379921516E-03    6.808683231795517E-08    0.000000000000000E+00
    4.883837531182672E-03    6.931495054662535E-08    0.000000000000000E+00
    4.883810570041322E-03    6.804446593347822E-08    0.000000000000000E+00
    4.883784523291142E-03    6.390365726507163E-08    0.000000000000000E+00
    4.883760583548334E-03    5.659955483533235E-08    0.000000000000000E+00
    4.883740091509408E-03    4.595109173700086E-08    0.000000000000000E+00
    4.883724469497560E-03    3.192304393200644E-08    0.000000000000000E+00
    4.883715208267486E-03    1.465812986337803E-08    0.000000000000000E+00
    4.883713704103123E-03   -5.493148592793251E-09    0.000000000000000E+00
    4.883721347696697E-03   -2.794927106324369E-08    0.000000000000000E+00
    4.883739073827283E-03   -5.188245393066319E-08    0.000000000000000E+00
    4.883767941923235E-03   -7.621681657273992E-08    0.000000000000000E+00
    4.883807649673000E-03   -9.962328215864335E-08    0.000000000000000E+00
    4.883859109224275E-03   -1.205498469237890E-07    0.000000000000000E+00
    4.883918992344373E-03   -1.372177503473948E-07    0.000000000000000E+00
    4.883990116643641E-03   -1.477243355721518E-07    0.000000000000000E+00
    4.884060638729164E-03   -1.499864539326033E-07    0.000000000000000E+00
    4.884144770378264E-03   -1.420633994803503E-07    0.000000000000000E+00
    4.884202189145538E-03   -1.218326494502118E-07    0.000000000000000E+00
    4.884297278792814E-03   -8.824726340632798E-08    0.000000000000000E+00
    4.884285344637408E-03   -3.935844760896459E-08    0.000000000000000E+00
    4.884428535691559E-03    2.229381587846844E-08    0.000000000000000E+00
    4.884195858118760E-03    9.766401698226859E-08    0.000000000000000E+00
    4.884608204712433E-03    1.777202583412134E-07    0.000000000000000E+00
    4.883624714221037E-03    2.622511124164232E-07    0.000000000000000E+00
    4.885317615791850E-03    3.186925919979343E-07    0.000000000000000E+00
    4.881621346310562E-03    4.296763794220042E-07    0.000000000000000E+00
    4.888307973050622E-03    4.035024828299551E-07    0.000000000000000E+00
    4.875266161546096E-03    8.006069284377744E-07    0.000000000000000E+00
    4.902372605525345E-03    6.545353720298886E-07    0.000000000000000E+00
    5.075920808813775E-03    1.720972120826000E-07    0.000000000000000E+00
    5.047609379289201E-03   -1.604431501705904E-07    0.000000000000000E+00
    5.060066836794884E-03    1.768054681535231E-07    0.000000000000000E+00
    5.053253574982019E-03    2.924777505721955E-07    0.000000000000000E+00
    5.056195870333268E-03    3.021032226934390E-07    0.000000000000000E+00
    5.054357260475575E-03    2.184310949456939E-07    0.000000000000000E+00
    5.055103152989992E-03    1.141946356009522E-07    0.000000000000000E+00
    5.054611925274077E-03    4.612615713343514E-11    0.000000000000000E+00
    5.054847243855076E-03   -9.569829311759148E-08    0.000000000000000E+00
    5.054777852689967E-03   -1.712937933267860E-07    0.000000000000000E+00
    5.054906812718510E-03   -2.251350438786011E-07    0.000000000000000E+00
    5.054964682286897E-03   -2.590625759834614E-07    0.000000000000000E+00
    5.055073893182026E-03   -2.763046785851688E-07    0.000000000000000E+00
    5.055162140633331E-03   -2.799707554260620E-07    0.000000000000000E+00
    5.055258594294358E-03   -2.730791670630896E-07    0.000000000000000E+00
    5.055342978762742E-03   -2.582350556328659E-07    0.000000000000000E+00
    5.055421873470235E-03   -2.377260794958786E-07    0.000000000000000E+00
    5.055489669632303E-03   -2.134803115554635E-07    0.000000000000000E+00
    5.055548031709785E-03   -1.871518688262033E-07    0.000000000000000E+00
    5.055595829822113E-03   -1.601198272655297E-07    0.000000000000000E+00
    5.055634028412714E-03   -1.335250023917122E-07    0.000000000000000E+00
    5.055663048147602E-03   -1.082742482167424E-07    0.000000000000000E+00
    5.055683954464581E-03   -8.505592048762306E-08    0.000000000000000E+00
    5.055697730558251E-03   -6.434915446595988E-08    0.000000000000000E+00
    5.055705534673512E-03   -4.644002453036376E-08    0.000000000000000E+00
    5.055708475889032E-03   -3.143991591033169E-08    0.000000000000000E+00
    5.055707648347073E-03   -1.930893240740226E-08    0.000000000000000E+00
    5.055704050285288E-03   -9.881214163313980E-09    0.000000000000000E+00
    5.055698577245303E-03   -2.893138810726786E-09    0.000000000000000E+00
    5.055691990157522E-03    1.988229319862132E-09    0.000000000000000E+00
    5.055684911211814E-03    5.139272250039745E-09    0.000000000000000E+00
    5.055677817621297E-03    6.956089983034722E-09    0.000000000000000E+00
    5.055671046092797E-03    7.833935667719977E-09    0.000000000000000E+00
    5.055664800197860E-03    8.150456294314922E-09    0.000000000000000E+00
    5.055659162468949E-03    8.252734109787422E-09    0.000000000000000E+00
    5.055654108479007E-03    8.447906069204012E-09    0.000000000000000E+00
    5.055649522656098E-03    8.996843234410784E-09    0.000000000000000E+00
    5.055645214677915E-03    1.011023592310260E-08    0.000000000000000E+00
    5.055640936111429E-03    1.194636450052156E-08    0.000000000000000E+00
    5.055636396935197E-03    1.460987136798106E-08    0.000000000000000E+00
    5.055631281925918E-03    1.815095198550689E-08    0.000000000000000E+00
    5.055625267016404E-03    2.256455481006992E-08    0.000000000000000E+00
    5.055618035840290E-03    2.778940001661551E-08    0.000000000000000E+00
    5.055609296689991E-03    3.370686651687667E-08    0.000000000000000E+00
    5.055598800084943E-03    4.014003498483719E-08    0.000000000000000E+00
    5.055586357039979E-03    4.685339516136979E-08    0.000000000000000E+00
    5.055571857830760E-03    5.355390901525822E-08    0.000000000000000E+00
    5.055555290966897E-03    5.989423423001048E-08    0.000000000000000E+00
    5.055536761462648E-03    6.547895861212016E-08    0.000000000000000E+00
    5.055516507854663E-03    6.987463779395437E-08    0.000000000000000E+00
    5.055494915833212E-03    7.262427378935343E-08    0.000000000000000E+00
    5.055472528691361E-03    7.326661961077272E-08    0.000000000000000E+00
    5.055450049546314E-03    7.136036070017813E-08    0.000000000000000E+00
    5.055428340320353E-03    6.651278717034514E-08    0.000000000000000E+00
    5.055408402564741E-03    5.841214721841495E-08    0.000000000000000E+00
    5.055391364928915E-03    4.686234602563591E-08    0.000000000000000E+00
    5.055378424191848E-03    3.181840154995189E-08    0.000000000000000E+00
    5.055370841982224E-03    1.342047146441792E-08    0.000000000000000E+00
    5.055369793762666E-03   -7.974935781705061E-09    0.000000000000000E+00
    5.055376471642797E-03   -3.176918653302136E-08    0.000000000000000E+00
    5.055391650422961E-03   -5.710590101400658E-08    0.000000000000000E+00
    5.055416283339166E-03   -8.286421869748379E-08    0.000000000000000E+00
    5.055450030881529E-03   -1.076573638675795E-07    0.000000000000000E+00
    5.055493854092007E-03   -1.298500699490355E-07    0.000000000000000E+00
    5.055544568067187E-03   -1.475732137636344E-07    0.000000000000000E+00
    5.055605246518861E-03   -1.587863890844411E-07    0.000000000000000E+00
    5.055664401490923E-03   -1.612930442014154E-07    0.000000000000000E+00
    5.055736736475329E-03   -1.529331402362656E-07    0.000000000000000E+00
    5.055782451269400E-03   -1.315078059952767E-07    0.000000000000000E+00
    5.055866669404350E-03   -9.561257210231742E-08    0.000000000000000E+00
    5.055845179472804E-03   -4.350638967230176E-08    0.000000000000000E+00
    5.055980974080520E-03    2.294802346415612E-08    0.000000000000000E+00
    5.055743157854678E-03    1.036250073983376E-07    0.000000000000000E+00
    5.056153670259390E-03    1.904504089003143E-07    0.000000000000000E+00
    5.055168249542433E-03    2.809418172743622E-07    0.000000000000000E+00
    5.056867843865164E-03    3.437021654083182E-07    0.000000000000000E+00
    5.053166373176560E-03    4.512593729470331E-07    0.000000000000000E+00
    5.059881927311863E-03    4.216683683743967E-07    0.000000000000000E+00
    5.046825264622381E-03    7.459673737178310E-07    0.000000000000000E+00
    5.074004388787140E-03    5.852683399408366E-07    0.000000000000000E+00
    5.228705392519572E-03    3.696028564389071E-07    0.000000000000000E+00
    5.200161501206430E-03    3.428182694968421E-08    0.000000000000000E+00
    5.212504805249747E-03    3.130814757363312E-07    0.000000000000000E+00
    5.205585929427106E-03    3.941423389224644E-07    0.000000000000000E+00
    5.208479909133814E-03    3.796333810391764E-07    0.000000000000000E+00
    5.206614884316110E-03    2.768333269486860E-07    0.000000000000000E+00
    5.207346061346343E-03    1.544131404135637E-07    0.000000000000000E+00
    5.206843684134439E-03    2.769178337799278E-08    0.000000000000000E+00
    5.207068766049693E-03   -7.842500307421201E-08    0.000000000000000E+00
    5.206987716643195E-03   -1.608380164121326E-07    0.000000000000000E+00
    5.207103668919529E-03   -2.194487029832466E-07    0.000000000000000E+00
    5.207147405162153E-03   -2.561381000786476E-07    0.000000000000000E+00
    5.207241813463448E-03   -2.749196816701236E-07    0.000000000000000E+00
    5.207315185262193E-03   -2.791087505376826E-07    0.000000000000000E+00
    5.207397166541279E-03   -2.721195556672264E-07    0.000000000000000E+00
    5.207467907967367E-03   -2.567248115834792E-07    0.000000000000000E+00
    5.207534298067329E-03   -2.354050489996976E-07    0.000000000000000E+00
    5.207590949620217E-03   -2.101946619285950E-07    0.000000000000000E+00
    5.207639652860655E-03   -1.828457956455852E-07    0.000000000000000E+00
    5.207679327835972E-03   -1.548003910077970E-07    0.000000000000000E+00
    5.207710919508187E-03   -1.272512988338686E-07    0.000000000000000E+00
    5.207734775074926E-03   -1.011406966046560E-07    0.000000000000000E+00
    5.207751843474457E-03   -7.718320250016891E-08    0.000000000000000E+00
    5.207762961437431E-03   -5.587423131567064E-08    0.000000000000000E+00
    5.207769121965057E-03   -3.750876749874697E-08    0.000000000000000E+00
    5.207771260910339E-03   -2.220005615884651E-08    0.000000000000000E+00
    5.207770300397343E-03   -9.904301855939529E-09    0.000000000000000E+00
    5.207767075488159E-03   -4.468520558278133E-10    0.000000000000000E+00
    5.207762333950802E-03    6.448717465462709E-09    0.000000000000000E+00
    5.207756708226139E-03    1.113123652724834E-08    0.000000000000000E+00
    5.207750714095572E-03    1.399491207054218E-08    0.000000000000000E+00
    5.207744745801466E-03    1.545479723014241E-08    0.000000000000000E+00
    5.207739080559212E-03    1.592536923370530E-08    0.000000000000000E+00
    5.207733884975006E-03    1.580304001063094E-08    0.000000000000000E+00
    5.207729225407509E-03    1.545257220575589E-08    0.000000000000000E+00
    5.207725079769173E-03    1.519719667297865E-08    0.000000000000000E+00
    5.207721350717741E-03    1.531190070716417E-08    0.000000000000000E+00
    5.207717879237084E-03    1.601922072731564E-08    0.000000000000000E+00
    5.207714458384357E-03    1.748680027235701E-08    0.000000000000000E+00
    5.207710846898543E-03    1.982601097343968E-08    0.000000000000000E+00
    5.207706782679073E-03    2.309103682827999E-08    0.000000000000000E+00
    5.207701996221788E-03    2.727799984218700E-08    0.000000000000000E+00
    5.207696224202487E-03    3.232393444662757E-08    0.000000000000000E+00
    5.207689223406036E-03    3.810566018365657E-08    0.000000000000000E+00
    5.207680785163048E-03    4.443884818244790E-08    0.000000000000000E+00
    5.207670750382351E-03    5.107780868568247E-08    0.000000000000000E+00
    5.207659025014363E-03    5.771671373278138E-08    0.000000000000000E+00
    5.207645595739775E-03    6.399308521283807E-08    0.000000000000000E+00
    5.207630545109912E-03    6.949442193510425E-08    0.000000000000000E+00
    5.207614065778971E-03    7.376878158662920E-08    0.000000000000000E+00
    5.207596471934185E-03    7.633996585485638E-08    0.000000000000000E+00
    5.207578208405760E-03    7.672770709961233E-08    0.000000000000000E+00
    5.207559852709305E-03    7.447288321593535E-08    0.000000000000000E+00
    5.207542115303269E-03    6.916738881172908E-08    0.000000000000000E+00
    5.207525823413703E-03    6.048775866840484E-08    0.000000000000000E+00
    5.207511913435265E-03    4.823129516109562E-08    0.000000000000000E+00
    5.207501378947941E-03    3.235282853915774E-08    0.000000000000000E+00
    5.207495276510822E-03    1.300036002409305E-08    0.000000000000000E+00
    5.207494585594689E-03   -9.452745085233294E-09    0.000000000000000E+00
    5.207500324021110E-03   -3.438004764541517E-08    0.000000000000000E+00
    5.207513128751407E-03   -6.088650562374778E-08    0.000000000000000E+00
    5.207533865127257E-03   -8.779740053173029E-08    0.000000000000000E+00
    5.207562170430334E-03   -1.136613539010758E-07    0.000000000000000E+00
    5.207599060747985E-03   -1.367556119745358E-07    0.000000000000000E+00
    5.207641495900969E-03   -1.551198294157546E-07    0.000000000000000E+00
    5.207692793816158E-03   -1.665789046488602E-07    0.000000000000000E+00
    5.207741811111478E-03   -1.688302811969207E-07    0.000000000000000E+00
    5.207803705911277E-03   -1.595056599385658E-07    0.000000000000000E+00
    5.207839186937698E-03   -1.363454996260585E-07    0.000000000000000E+00
    5.207914036081371E-03   -9.760028790169550E-08    0.000000000000000E+00
    5.207884535797866E-03   -4.175114162273955E-08    0.000000000000000E+00
    5.208014341769188E-03    3.001375659794615E-08    0.000000000000000E+00
    5.207772763863595E-03    1.165111552652754E-07    0.000000000000000E+00
    5.208182339326789E-03    2.106538086675359E-07    0.000000000000000E+00
    5.207195809645786E-03    3.076215875823131E-07    0.000000000000000E+00
    5.208901650879384E-03    3.773035992522929E-07    0.000000000000000E+00
    5.205193972911484E-03    4.811135638154834E-07    0.000000000000000E+00
    5.211928719696488E-03    4.477971047979731E-07    0.000000000000000E+00
    5.198848499705680E-03    7.015991604161174E-07    0.000000000000000E+00
    5.226028560870073E-03    5.266945189698932E-07    0.000000000000000E+00
    5.361897884247234E-03    6.006617494279571E-07    0.000000000000000E+00
    5.333154670735381E-03    2.636223080929034E-07    0.000000000000000E+00
    5.345391265370622E-03    4.735841556182402E-07    0.000000000000000E+00
    5.338372452152771E-03    5.093830239627381E-07    0.000000000000000E+00
    5.341218987598666E-03    4.609926524031749E-07    0.000000000000000E+00
    5.339328788537504E-03    3.341081151159961E-07    0.000000000000000E+00
    5.340046568731591E-03    1.907751629716984E-07    0.000000000000000E+00
    5.339534737307011E-03    5.033273524637868E-08    0.000000000000000E+00
    5.339751188399647E-03   -6.664594093938763E-08    0.000000000000000E+00
    5.339660176337477E-03   -1.560202372220502E-07    0.000000000000000E+00
    5.339764692708770E-03   -2.194702077303745E-07    0.000000000000000E+00
    5.339795818789130E-03   -2.589947395998617E-07    0.000000000000000E+00
    5.339876830830842E-03   -2.794319666726595E-07    0.000000000000000E+00
    5.339936631830270E-03   -2.843031197884666E-07    0.000000000000000E+00
    5.340005314122635E-03   -2.774065320796392E-07    0.000000000000000E+00
    5.340063452165348E-03   -2.616653615410037E-07    0.000000000000000E+00
    5.340118229813751E-03   -2.397365703936815E-07    0.000000000000000E+00
    5.340164479746281E-03   -2.137462350817415E-07    0.000000000000000E+00
    5.340204116972535E-03   -1.855326528107672E-07    0.000000000000000E+00
    5.340236117632909E-03   -1.565915279755128E-07    0.000000000000000E+00
    5.340261416739943E-03   -1.281612948492216E-07    0.000000000000000E+00
    5.340280301926502E-03   -1.012154748512649E-07    0.000000000000000E+00
    5.340293621975437E-03   -7.649318945899056E-08    0.000000000000000E+00
    5.340302085332632E-03   -5.450635505671192E-08    0.000000000000000E+00
    5.340306538433305E-03   -3.556079028939994E-08    0.000000000000000E+00
    5.340307762232651E-03   -1.977493788145382E-08    0.000000000000000E+00
    5.340306523917038E-03   -7.105542261144930E-09    0.000000000000000E+00
    5.340303510672004E-03    2.625583967517044E-09    0.000000000000000E+00
    5.340299335257839E-03    9.701906484666013E-09    0.000000000000000E+00
    5.340294512054492E-03    1.448219544151394E-08    0.000000000000000E+00
    5.340289458246851E-03    1.737255092656487E-08    0.000000000000000E+00
    5.340284490405352E-03    1.880125561362314E-08    0.000000000000000E+00
    5.340279829221683E-03    1.919664679323279E-08    0.000000000000000E+00
    5.340275605233718E-03    1.896899889147773E-08    0.000000000000000E+00
    5.340271867747081E-03    1.849637349908703E-08    0.000000000000000E+00
    5.340268594664407E-03    1.811425706868021E-08    0.000000000000000E+00
    5.340265703347250E-03    1.810845253983685E-08    0.000000000000000E+00
    5.340263061651917E-03    1.871055664245896E-08    0.000000000000000E+00
    5.340260499019233E-03    2.009527511615353E-08    0.000000000000000E+00
    5.340257817374028E-03    2.237886457680755E-08    0.000000000000000E+00
    5.340254801873788E-03    2.561809192539128E-08    0.000000000000000E+00
    5.340251231588133E-03    2.980928306184456E-08    0.000000000000000E+00
    5.340246890284272E-03    3.488726683045796E-08    0.000000000000000E+00
    5.340241577501427E-03    4.072426479523585E-08    0.000000000000000E+00
    5.340235120057566E-03    4.712902777623587E-08    0.000000000000000E+00
    5.340227384084046E-03    5.384675820411330E-08    0.000000000000000E+00
    5.340218287466495E-03    6.056054621997528E-08    0.000000000000000E+00
    5.340207812569116E-03    6.689516523019269E-08    0.000000000000000E+00
    5.340196018597468E-03    7.242411221911019E-08    0.000000000000000E+00
    5.340183053413708E-03    7.668072053804556E-08    0.000000000000000E+00
    5.340169163126671E-03    7.917399343517237E-08    0.000000000000000E+00
    5.340154700183119E-03    7.940956126367707E-08    0.000000000000000E+00
    5.340140125477652E-03    7.691575944660766E-08    0.000000000000000E+00
    5.340126010012688E-03    7.127446788887307E-08    0.000000000000000E+00
    5.340113021702288E-03    6.215571655006294E-08    0.000000000000000E+00
    5.340101922476204E-03    4.935490407672675E-08    0.000000000000000E+00
    5.340093522865628E-03    3.283048792761299E-08    0.000000000000000E+00
    5.340088696159649E-03    1.274084528914635E-08    0.000000000000000E+00
    5.340088248473599E-03   -1.052294597108882E-08    0.000000000000000E+00
    5.340093045725314E-03   -3.630789168355620E-08    0.000000000000000E+00
    5.340103607746809E-03   -6.368389831654286E-08    0.000000000000000E+00
    5.340120729567460E-03   -9.142854919450482E-08    0.000000000000000E+00
    5.340144039394618E-03   -1.180348156796655E-07    0.000000000000000E+00
    5.340174615871580E-03   -1.417041600876578E-07    0.000000000000000E+00
    5.340209567332790E-03   -1.603994621530628E-07    0.000000000000000E+00
    5.340252448225421E-03   -1.718274096072601E-07    0.000000000000000E+00
    5.340292453589963E-03   -1.735978289881167E-07    0.000000000000000E+00
    5.340345166982058E-03   -1.631513749012774E-07    0.000000000000000E+00
    5.340371799312182E-03   -1.381856266351438E-07    0.000000000000000E+00
    5.340438723127680E-03   -9.661057313479221E-08    0.000000000000000E+00
    5.340402731981077E-03   -3.713303229905064E-08    0.000000000000000E+00
    5.340528002435701E-03    3.976222191658612E-08    0.000000000000000E+00
    5.340284127901473E-03    1.318801940383791E-07    0.000000000000000E+00
    5.340693929285696E-03    2.332246904174396E-07    0.000000000000000E+00
    5.339707468908448E-03    3.366021654916490E-07    0.000000000000000E+00
    5.341419589512138E-03    4.135103228676020E-07    0.000000000000000E+00
    5.337705477792890E-03    5.137784464066153E-07    0.000000000000000E+00
    5.344452040416984E-03    4.775308360801967E-07    0.000000000000000E+00
    5.331340915281548E-03    6.683875920043677E-07    0.000000000000000E+00
    5.358481714161573E-03    4.780773726383405E-07    0.000000000000000E+00
    5.475488686083010E-03    8.624491995243917E-07    0.000000000000000E+00
    5.446575742166121E-03    5.251008601464401E-07    0.000000000000000E+00
    5.458717007939112E-03    6.585645300249840E-07    0.000000000000000E+00
    5.451607713230376E-03    6.401240409545440E-07    0.000000000000000E+00
    5.454410703000672E-03    5.491404795704718E-07    0.000000000000000E+00
    5.452498119146508E-03    3.937478235222962E-07    0.000000000000000E+00
    5.453204685001782E-03    2.271907299505723E-07    0.000000000000000E+00
    5.452685487414316E-03    7.227912155792513E-08    0.000000000000000E+00
    5.452895051364752E-03   -5.569129473261141E-08    0.000000000000000E+00
    5.452795780338267E-03   -1.518455066716152E-07    0.000000000000000E+00
    5.452890377614318E-03   -2.199312144110826E-07    0.000000000000000E+00
    5.452910328960056E-03   -2.621420972033166E-07    0.000000000000000E+00
    5.452979254654850E-03   -2.841834291118995E-07    0.000000000000000E+00
    5.453026693123235E-03   -2.897796995851946E-07    0.000000000000000E+00
    5.453083160627202E-03   -2.830994311619262E-07    0.000000000000000E+00
    5.453129656456022E-03   -2.671954281094814E-07    0.000000000000000E+00
    5.453173648580818E-03   -2.448808845249996E-07    0.000000000000000E+00
    5.453210188923029E-03   -2.183547129221353E-07    0.000000000000000E+00
    5.453241316586241E-03   -1.895251926038838E-07    0.000000000000000E+00
    5.453266069394054E-03   -1.599283031672380E-07    0.000000000000000E+00
    5.453285380800312E-03   -1.308372797375303E-07    0.000000000000000E+00
    5.453299491118075E-03   -1.032488013428550E-07    0.000000000000000E+00
    5.453309163351680E-03   -7.792074770071099E-08    0.000000000000000E+00
    5.453314993697092E-03   -5.537806289225510E-08    0.000000000000000E+00
    5.453317698538290E-03   -3.593597987929940E-08    0.000000000000000E+00
    5.453317920195455E-03   -1.971852706130602E-08    0.000000000000000E+00
    5.453316286126596E-03   -6.684897161368564E-09    0.000000000000000E+00
    5.453313349323806E-03    3.343498255395025E-09    0.000000000000000E+00
    5.453309599045253E-03    1.065310911824384E-08    0.000000000000000E+00
    5.453305441043579E-03    1.560799849501868E-08    0.000000000000000E+00
    5.453301201042009E-03    1.862120560974784E-08    0.000000000000000E+00
    5.453297122849887E-03    2.012920765201700E-08    0.000000000000000E+00
    5.453293373465922E-03    2.056929513574721E-08    0.000000000000000E+00
    5.453290048329180E-03    2.036098848930109E-08    0.000000000000000E+00
    5.453287179053524E-03    1.989144207932650E-08    0.000000000000000E+00
    5.453284741551964E-03    1.950468196915938E-08    0.000000000000000E+00
    5.453282664828483E-03    1.949414827360976E-08    0.000000000000000E+00
    5.453280839709630E-03    2.009788022155206E-08    0.000000000000000E+00
    5.453279127491448E-03    2.149559644337206E-08    0.000000000000000E+00
    5.453277368319659E-03    2.380695835191926E-08    0.000000000000000E+00
    5.453275389376303E-03    2.709040534550364E-08    0.000000000000000E+00
    5.453273012960259E-03    3.134213238794290E-08    0.000000000000000E+00
    5.453270064631443E-03    3.649501562995958E-08    0.000000000000000E+00
    5.453266381596300E-03    4.241753804138451E-08    0.000000000000000E+00
    5.453261821473249E-03    4.891301890506662E-08    0.000000000000000E+00
    5.453256271548934E-03    5.571969150456361E-08    0.000000000000000E+00
    5.453249658450452E-03    6.251236241490083E-08    0.000000000000000E+00
    5.453241958191942E-03    6.890650409944500E-08    0.000000000000000E+00
    5.453233206071805E-03    7.446566767970340E-08    0.000000000000000E+00
    5.453223506393056E-03    7.871304559761534E-08    0.000000000000000E+00
    5.453213040524913E-03    8.114782406648117E-08    0.000000000000000E+00
    5.453202074247273E-03    8.126672714730629E-08    0.000000000000000E+00
    5.453190960131454E-03    7.859071804775796E-08    0.000000000000000E+00
    5.453180140697044E-03    7.269651334748738E-08    0.000000000000000E+00
    5.453170138158238E-03    6.325183096327108E-08    0.000000000000000E+00
    5.453161556011234E-03    5.005332649659336E-08    0.000000000000000E+00
    5.453155039808950E-03    3.306482157971995E-08    0.000000000000000E+00
    5.453151299043746E-03    1.245499205563243E-08    0.000000000000000E+00
    5.453150986631659E-03   -1.136963773821953E-08    0.000000000000000E+00
    5.453154836437320E-03   -3.773429761367274E-08    0.000000000000000E+00
    5.453163269541616E-03   -6.568132166867371E-08    0.000000000000000E+00
    5.453177026237216E-03   -9.395087280946627E-08    0.000000000000000E+00
    5.453195738286486E-03   -1.209934157402380E-07    0.000000000000000E+00
    5.453220553685844E-03   -1.449503997557329E-07    0.000000000000000E+00
    5.453248733171839E-03   -1.637261624626467E-07    0.000000000000000E+00
    5.453284061450872E-03   -1.749288096111014E-07    0.000000000000000E+00
    5.453316068117941E-03   -1.761014128217661E-07    0.000000000000000E+00
    5.453360737621670E-03   -1.645116869882135E-07    0.000000000000000E+00
    5.453379781531076E-03   -1.378321757371833E-07    0.000000000000000E+00
    5.453440105588640E-03   -9.363319802069258E-08    0.000000000000000E+00
    5.453399040996169E-03   -3.084825846763937E-08    0.000000000000000E+00
    5.453521171638863E-03    5.078446570193480E-08    0.000000000000000E+00
    5.453276451066376E-03    1.481042173371058E-07    0.000000000000000E+00
    5.453687763700859E-03    2.563507844938351E-07    0.000000000000000E+00
    5.452702784560125E-03    3.659315675817563E-07    0.000000000000000E+00
    5.454421662601290E-03    4.504010264008928E-07    0.000000000000000E+00
    5.450701757255269E-03    5.478985253661224E-07    0.000000000000000E+00
    5.457455410365351E-03    5.104520759866646E-07    0.000000000000000E+00
    5.444309073493895E-03    6.482826300324602E-07    0.000000000000000E+00
    5.471393084475011E-03    4.403868067527203E-07    0.000000000000000E+00
    5.569469343403861E-03    1.150916960075009E-06    0.000000000000000E+00
    5.540414480124558E-03    8.147107168910079E-07    0.000000000000000E+00
    5.552474613166927E-03    8.657868992121255E-07    0.000000000000000E+00
    5.545287221051473E-03    7.855846543897035E-07    0.000000000000000E+00
    5.548053045362580E-03    6.442960864203729E-07    0.000000000000000E+00
    5.546122270684564E-03    4.564874034808908E-07    0.000000000000000E+00
    5.546820527508336E-03    2.647037190511348E-07    0.000000000000000E+00
    5.546296366433818E-03    9.482549619542551E-08    0.000000000000000E+00
    5.546500862108918E-03   -4.407435506922725E-08    0.000000000000000E+00
    5.546395001000480E-03   -1.466652563585474E-07    0.000000000000000E+00
    5.546481110040758E-03   -2.190542144720848E-07    0.000000000000000E+00
    5.546491218423076E-03   -2.636982745604993E-07    0.000000000000000E+00
    5.546549264907695E-03   -2.872116934311457E-07    0.000000000000000E+00
    5.546585455019469E-03   -2.935155590377667E-07    0.000000000000000E+00
    5.546630711084610E-03   -2.871333016247142E-07    0.000000000000000E+00
    5.546666459826727E-03   -2.712246787358718E-07    0.000000000000000E+00
    5.546700442703681E-03   -2.487376856621772E-07    0.000000000000000E+00
    5.546727929810521E-03   -2.219239726298804E-07    0.000000000000000E+00
    5.546751082766563E-03   -1.927445194390928E-07    0.000000000000000E+00
    5.546769005261951E-03   -1.627609460348848E-07    0.000000000000000E+00
    5.546782635871840E-03   -1.332693483774548E-07    0.000000000000000E+00
    5.546792177880104E-03   -1.052801736923993E-07    0.000000000000000E+00
    5.546798320833758E-03   -7.956308609362919E-08    0.000000000000000E+00
    5.546801562652533E-03   -5.665134248606527E-08    0.000000000000000E+00
    5.546802504225045E-03   -3.686694462869881E-08    0.000000000000000E+00
    5.546801663720482E-03   -2.033871109830672E-08    0.000000000000000E+00
    5.546799542540050E-03   -7.029080210551477E-09    0.000000000000000E+00
    5.546796571893144E-03    3.238836888787952E-09    0.000000000000000E+00
    5.546793128118463E-03    1.075133459786070E-08    0.000000000000000E+00
    5.546789517086874E-03    1.587390500278030E-08    0.000000000000000E+00
    5.546785979785164E-03    1.902224220707375E-08    0.000000000000000E+00
    5.546782692001647E-03    2.063653383080030E-08    0.000000000000000E+00
    5.546779769902225E-03    2.115855962474547E-08    0.000000000000000E+00
    5.546777274985011E-03    2.101281878074360E-08    0.000000000000000E+00
    5.546775220841883E-03    2.059162644341630E-08    0.000000000000000E+00
    5.546773579810320E-03    2.024405178489306E-08    0.000000000000000E+00
    5.546772289926232E-03    2.026817919358359E-08    0.000000000000000E+00
    5.546771261570453E-03    2.090604381421730E-08    0.000000000000000E+00
    5.546770383873167E-03    2.234050177219435E-08    0.000000000000000E+00
    5.546769530756081E-03    2.469332915170140E-08    0.000000000000000E+00
    5.546768566721622E-03    2.802394259233363E-08    0.000000000000000E+00
    5.546767352490844E-03    3.232831525143236E-08    0.000000000000000E+00
    5.546765750663003E-03    3.753789498316946E-08    0.000000000000000E+00
    5.546763631576677E-03    4.351857784892300E-08    0.000000000000000E+00
    5.546760879517004E-03    5.007004126355966E-08    0.000000000000000E+00
    5.546757399401819E-03    5.692598072635376E-08    0.000000000000000E+00
    5.546753123920893E-03    6.375598155146381E-08    0.000000000000000E+00
    5.546748021165622E-03    7.016987481538691E-08    0.000000000000000E+00
    5.546742102339005E-03    7.572545719092046E-08    0.000000000000000E+00
    5.546735429662910E-03    7.994039813037612E-08    0.000000000000000E+00
    5.546728123177600E-03    8.230895924342999E-08    0.000000000000000E+00
    5.546720367564383E-03    8.232392268132624E-08    0.000000000000000E+00
    5.546712414955554E-03    7.950366241273026E-08    0.000000000000000E+00
    5.546704589644137E-03    7.342403303517632E-08    0.000000000000000E+00
    5.546697280709354E-03    6.375392152166036E-08    0.000000000000000E+00
    5.546690947857862E-03    5.029353769719553E-08    0.000000000000000E+00
    5.546686088018587E-03    3.301280740317754E-08    0.000000000000000E+00
    5.546683264353955E-03    1.208952596411352E-08    0.000000000000000E+00
    5.546682994502223E-03   -1.205778317541773E-08    0.000000000000000E+00
    5.546685897704298E-03   -3.873854195427678E-08    0.000000000000000E+00
    5.546692312286646E-03   -6.697616536675148E-08    0.000000000000000E+00
    5.546702937098295E-03   -9.548481267316579E-08    0.000000000000000E+00
    5.546717418054305E-03   -1.226866299496794E-07    0.000000000000000E+00
    5.546736977725352E-03   -1.466797184075142E-07    0.000000000000000E+00
    5.546759032114738E-03   -1.653288622694921E-07    0.000000000000000E+00
    5.546787589776177E-03   -1.761636770848952E-07    0.000000000000000E+00
    5.546812511671407E-03   -1.766817303815186E-07    0.000000000000000E+00
    5.546850160870752E-03   -1.639955707055123E-07    0.000000000000000E+00
    5.546862751745893E-03   -1.357705812085305E-07    0.000000000000000E+00
    5.546917672660277E-03   -8.923603384735749E-08    0.000000000000000E+00
    5.546872828511911E-03   -2.355431388320620E-08    0.000000000000000E+00
    5.546993117479516E-03    6.233573272246487E-08    0.000000000000000E+00
    5.546748942434878E-03    1.643425563759250E-07    0.000000000000000E+00
    5.547163095298973E-03    2.791205536397083E-07    0.000000000000000E+00
    5.546181173058757E-03    3.946428949436069E-07    0.000000000000000E+00
    5.547907707954946E-03    4.870674813539011E-07    0.000000000000000E+00
    5.544183526954206E-03    5.829326138651872E-07    0.000000000000000E+00
    5.550942259118370E-03    5.466090976188596E-07    0.000000000000000E+00
    5.537759912702986E-03    6.418400951400453E-07    0.000000000000000E+00
    5.564785527786584E-03    4.134829044442338E-07    0.000000000000000E+00
    5.643832740041165E-03    1.461628770989073E-06    0.000000000000000E+00
    5.614662897280867E-03    1.127748902649074E-06    0.000000000000000E+00
    5.626658095622813E-03    1.091739172074436E-06    0.000000000000000E+00
    5.619407248885039E-03    9.436012606395850E-07    0.000000000000000E+00
    5.622144287252714E-03    7.453432894568490E-07    0.000000000000000E+00
    5.620200750906453E-03    5.218170597685535E-07    0.000000000000000E+00
    5.620894211901067E-03    3.031395820731602E-07    0.000000000000000E+00
    5.620367750722690E-03    1.180288353002017E-07    0.000000000000000E+00
    5.620569040199056E-03   -3.159262770744552E-08    0.000000000000000E+00
    5.620458209903013E-03   -1.401720786828388E-07    0.000000000000000E+00
    5.620537171777638E-03   -2.164588185996798E-07    0.000000000000000E+00
    5.620538670849430E-03   -2.632267317130626E-07    0.000000000000000E+00
    5.620586952593218E-03   -2.880370502719287E-07    0.000000000000000E+00
    5.620612927995370E-03   -2.949953547294278E-07    0.000000000000000E+00
    5.620647909936796E-03   -2.889631688402210E-07    0.000000000000000E+00
    5.620673755608462E-03   -2.731831351798694E-07    0.000000000000000E+00
    5.620698468799316E-03   -2.507163363408759E-07    0.000000000000000E+00
    5.620717535652839E-03   -2.238469748545834E-07    0.000000000000000E+00
    5.620733237375927E-03   -1.945716173147438E-07    0.000000000000000E+00
    5.620744746121116E-03   -1.644630537432203E-07    0.000000000000000E+00
    5.620753010540253E-03   -1.348284340864738E-07    0.000000000000000E+00
    5.620758205365375E-03   -1.066826084917867E-07    0.000000000000000E+00
    5.620760957190968E-03   -8.079995631593057E-08    0.000000000000000E+00
    5.620761677879666E-03   -5.771710826832952E-08    0.000000000000000E+00
    5.620760865758978E-03   -3.775984958335570E-08    0.000000000000000E+00
    5.620758927894434E-03   -2.106055710653833E-08    0.000000000000000E+00
    5.620756252090992E-03   -7.585208618725854E-09    0.000000000000000E+00
    5.620753159207025E-03    2.839838931626273E-09    0.000000000000000E+00
    5.620749922568165E-03    1.049815014597569E-08    0.000000000000000E+00
    5.620746756426391E-03    1.575332649615543E-08    0.000000000000000E+00
    5.620743823503354E-03    1.901995066310366E-08    0.000000000000000E+00
    5.620741236242795E-03    2.073790967697946E-08    0.000000000000000E+00
    5.620739062931713E-03    2.134942824620270E-08    0.000000000000000E+00
    5.620737332500090E-03    2.128007932595026E-08    0.000000000000000E+00
    5.620736040490842E-03    2.092371256994120E-08    0.000000000000000E+00
    5.620735154442532E-03    2.063119752779624E-08    0.000000000000000E+00
    5.620734619211312E-03    2.070247870112561E-08    0.000000000000000E+00
    5.620734361734701E-03    2.138131221921336E-08    0.000000000000000E+00
    5.620734295383530E-03    2.285195864190207E-08    0.000000000000000E+00
    5.620734323842316E-03    2.523713820879521E-08    0.000000000000000E+00
    5.620734344665041E-03    2.859665089487915E-08    0.000000000000000E+00
    5.620734252628268E-03    3.292624192768479E-08    0.000000000000000E+00
    5.620733943064901E-03    3.815652229520753E-08    0.000000000000000E+00
    5.620733315366894E-03    4.415199810340857E-08    0.000000000000000E+00
    5.620732276815169E-03    5.071051114048539E-08    0.000000000000000E+00
    5.620730746896763E-03    5.756362939427772E-08    0.000000000000000E+00
    5.620728662133393E-03    6.437871042442687E-08    0.000000000000000E+00
    5.620725981534836E-03    7.076347693308669E-08    0.000000000000000E+00
    5.620722692372855E-03    7.627396950881835E-08    0.000000000000000E+00
    5.620718816523698E-03    8.042668683073460E-08    0.000000000000000E+00
    5.620714416233880E-03    8.271551777993806E-08    0.000000000000000E+00
    5.620709600605375E-03    8.263385444303305E-08    0.000000000000000E+00
    5.620704528953217E-03    7.970178879718734E-08    0.000000000000000E+00
    5.620699417088554E-03    7.349809103324849E-08    0.000000000000000E+00
    5.620694532732537E-03    6.369574782921585E-08    0.000000000000000E+00
    5.620690205367086E-03    5.010027036929598E-08    0.000000000000000E+00
    5.620686798282202E-03    3.268790951942102E-08    0.000000000000000E+00
    5.620684744138166E-03    1.164394726292437E-08    0.000000000000000E+00
    5.620684441351327E-03   -1.260490049611192E-08    0.000000000000000E+00
    5.620686409891526E-03   -3.935843184300160E-08    0.000000000000000E+00
    5.620690919220592E-03   -6.762986363597142E-08    0.000000000000000E+00
    5.620698637923295E-03   -9.611869134101687E-08    0.000000000000000E+00
    5.620709234663829E-03   -1.232327044883154E-07    0.000000000000000E+00
    5.620724010048380E-03   -1.470429469886919E-07    0.000000000000000E+00
    5.620740536811619E-03   -1.653932034773489E-07    0.000000000000000E+00
    5.620763040060471E-03   -1.757541257934118E-07    0.000000000000000E+00
    5.620781708779331E-03   -1.755986739109159E-07    0.000000000000000E+00
    5.620813263155907E-03   -1.619013230042889E-07    0.000000000000000E+00
    5.620820425081132E-03   -1.323384879245924E-07    0.000000000000000E+00
    5.620871019187100E-03   -8.379580253444136E-08    0.000000000000000E+00
    5.620823569122873E-03   -1.567025367953029E-08    0.000000000000000E+00
    5.620943208240077E-03    7.395811447184305E-08    0.000000000000000E+00
    5.620700898149428E-03    1.800840725144482E-07    0.000000000000000E+00
    5.621119224268074E-03    3.009851697608843E-07    0.000000000000000E+00
    5.620142061509337E-03    4.221342923498223E-07    0.000000000000000E+00
    5.621877548221328E-03    5.229242269204572E-07    0.000000000000000E+00
    5.618151454386813E-03    6.184174302697736E-07    0.000000000000000E+00
    5.624915846137861E-03    5.857594712315263E-07    0.000000000000000E+00
    5.611700021740557E-03    6.481398373280146E-07    0.000000000000000E+00
    5.638676628429051E-03    3.960307333604652E-07    0.000000000000000E+00
    5.698573181582381E-03    1.790103775432912E-06    0.000000000000000E+00
    5.669314860656774E-03    1.459211695497573E-06    0.000000000000000E+00
    5.681262730403413E-03    1.332247963784677E-06    0.000000000000000E+00
    5.673964792480128E-03    1.111290836644792E-06    0.000000000000000E+00
    5.676683000709194E-03    8.505134201918217E-07    0.000000000000000E+00
    5.674733180448110E-03    5.886959564306335E-07    0.000000000000000E+00
    5.675425856973487E-03    3.418707279380274E-07    0.000000000000000E+00
    5.674899970905228E-03    1.415288397830865E-07    0.000000000000000E+00
    5.675099936263926E-03   -1.845449650948511E-08    0.000000000000000E+00
    5.674985705086530E-03   -1.324785913030444E-07    0.000000000000000E+00
    5.675058774632787E-03   -2.122002809708000E-07    0.000000000000000E+00
    5.675052809905646E-03   -2.607428751036261E-07    0.000000000000000E+00
    5.675092360843874E-03   -2.866458650563378E-07    0.000000000000000E+00
    5.675109087785026E-03   -2.941803727388003E-07    0.000000000000000E+00
    5.675134679403142E-03   -2.885271921829334E-07    0.000000000000000E+00
    5.675151426161106E-03   -2.729863934637462E-07    0.000000000000000E+00
    5.675167581933731E-03   -2.507103895870811E-07    0.000000000000000E+00
    5.675178845533532E-03   -2.239960149265408E-07    0.000000000000000E+00
    5.675187613412797E-03   -1.948588848714892E-07    0.000000000000000E+00
    5.675193127302427E-03   -1.648690772081150E-07    0.000000000000000E+00
    5.675196349357104E-03   -1.353335438423904E-07    0.000000000000000E+00
    5.675197432689723E-03   -1.072626026104984E-07    0.000000000000000E+00
    5.675196949931410E-03   -8.142856529673977E-08    0.000000000000000E+00
    5.675195237664484E-03   -5.836662325818396E-08    0.000000000000000E+00
    5.675192703268704E-03   -3.840333344560836E-08    0.000000000000000E+00
    5.675189654591658E-03   -2.167323553527547E-08    0.000000000000000E+00
    5.675186377331074E-03   -8.145866670260127E-09    0.000000000000000E+00
    5.675183092645726E-03    2.347987066378264E-09    0.000000000000000E+00
    5.675179980223746E-03    1.008700406437339E-08    0.000000000000000E+00
    5.675177170591062E-03    1.543001410864352E-08    0.000000000000000E+00
    5.675174754492352E-03    1.878716387782924E-08    0.000000000000000E+00
    5.675172785674604E-03    2.059445426951219E-08    0.000000000000000E+00
    5.675171287599434E-03    2.129090527632135E-08    0.000000000000000E+00
    5.675170258199289E-03    2.129961215713142E-08    0.000000000000000E+00
    5.675169675209820E-03    2.101264005475693E-08    0.000000000000000E+00
    5.675169500462762E-03    2.077967581568102E-08    0.000000000000000E+00
    5.675169683766202E-03    2.089995350337297E-08    0.000000000000000E+00
    5.675170165974275E-03    2.161684616118143E-08    0.000000000000000E+00
    5.675170881468387E-03    2.311441777164521E-08    0.000000000000000E+00
    5.675171760048153E-03    2.551525912711405E-08    0.000000000000000E+00
    5.675172728417710E-03    2.887902394288249E-08    0.000000000000000E+00
    5.675173711413762E-03    3.320125590365733E-08    0.000000000000000E+00
    5.675174633174550E-03    3.841232023171639E-08    0.000000000000000E+00
    5.675175418451654E-03    4.437649397117017E-08    0.000000000000000E+00
    5.675175994242222E-03    5.089151311518427E-08    0.000000000000000E+00
    5.675176291932578E-03    5.768910601475029E-08    0.000000000000000E+00
    5.675176250027653E-03    6.443722186740379E-08    0.000000000000000E+00
    5.675175817651978E-03    7.074477739665427E-08    0.000000000000000E+00
    5.675174958616217E-03    7.616976564938225E-08    0.000000000000000E+00
    5.675173656415478E-03    8.023151827712272E-08    0.000000000000000E+00
    5.675171919157834E-03    8.242770107997871E-08    0.000000000000000E+00
    5.675169785862666E-03    8.225642204468103E-08    0.000000000000000E+00
    5.675167330450918E-03    7.924332465532935E-08    0.000000000000000E+00
    5.675164669592018E-03    7.297339219208556E-08    0.000000000000000E+00
    5.675161960792227E-03    6.312618198195717E-08    0.000000000000000E+00
    5.675159415997141E-03    4.951384523199807E-08    0.000000000000000E+00
    5.675157278723380E-03    3.211885410708770E-08    0.000000000000000E+00
    5.675155865606825E-03    1.113213797675570E-08    0.000000000000000E+00
    5.675155470350591E-03   -1.301525987898732E-08    0.000000000000000E+00
    5.675156527271210E-03   -3.961957415103059E-08    0.000000000000000E+00
    5.675159249071478E-03   -6.769224041365908E-08    0.000000000000000E+00
    5.675164283425728E-03   -9.592895291101027E-08    0.000000000000000E+00
    5.675171328569953E-03   -1.227364759341338E-07    0.000000000000000E+00
    5.675181764955906E-03   -1.461743217419773E-07    0.000000000000000E+00
    5.675193322108713E-03   -1.640830463402042E-07    0.000000000000000E+00
    5.675210433265134E-03   -1.738930250659690E-07    0.000000000000000E+00
    5.675223611593771E-03   -1.730730125566115E-07    0.000000000000000E+00
    5.675249912811204E-03   -1.584758627275004E-07    0.000000000000000E+00
    5.675252572971520E-03   -1.278079166974050E-07    0.000000000000000E+00
    5.675299808862234E-03   -7.760807736882355E-08    0.000000000000000E+00
    5.675250816479345E-03   -7.518721100466614E-09    0.000000000000000E+00
    5.675370893643813E-03    8.530324312461693E-08    0.000000000000000E+00
    5.675131694674537E-03    1.949335930272026E-07    0.000000000000000E+00
    5.675555508998303E-03    3.215089211787830E-07    0.000000000000000E+00
    5.674584911283118E-03    4.478831974887249E-07    0.000000000000000E+00
    5.676331001119499E-03    5.573950463102387E-07    0.000000000000000E+00
    5.672606131512129E-03    6.536520349878793E-07    0.000000000000000E+00
    5.679379095968430E-03    6.270951671770387E-07    0.000000000000000E+00
    5.666135172561401E-03    6.649781489861458E-07    0.000000000000000E+00
    5.693079686172290E-03    3.856479601933067E-07    0.000000000000000E+00
    5.733686431426449E-03    2.131889359189639E-06    0.000000000000000E+00
    5.704365857003493E-03    1.803937980774449E-06    0.000000000000000E+00
    5.716284979250918E-03    1.582735140513310E-06    0.000000000000000E+00
    5.708957589579225E-03    1.285321298580362E-06    0.000000000000000E+00
    5.711668121950410E-03    9.576393690910841E-07    0.000000000000000E+00
    5.709719343690520E-03    6.557936355739617E-07    0.000000000000000E+00
    5.710415628390999E-03    3.800601395214319E-07    0.000000000000000E+00
    5.709893349596035E-03    1.648006848975100E-07    0.000000000000000E+00
    5.710093867120877E-03   -5.014536213550155E-09    0.000000000000000E+00
    5.709977744657552E-03   -1.238404467126313E-07    0.000000000000000E+00
    5.710046092865730E-03   -2.064813062494697E-07    0.000000000000000E+00
    5.710033729599787E-03   -2.564165821116544E-07    0.000000000000000E+00
    5.710065512508786E-03   -2.831860646190405E-07    0.000000000000000E+00
    5.710073899479019E-03   -2.911994469908705E-07    0.000000000000000E+00
    5.710090939691673E-03   -2.859354719040283E-07    0.000000000000000E+00
    5.710099359040350E-03   -2.707246887759734E-07    0.000000000000000E+00
    5.710107647858367E-03   -2.487891030565304E-07    0.000000000000000E+00
    5.710111712986573E-03   -2.224186583596322E-07    0.000000000000000E+00
    5.710114060449490E-03   -1.936322136273305E-07    0.000000000000000E+00
    5.710114001381676E-03   -1.639840026558892E-07    0.000000000000000E+00
    5.710112513567731E-03   -1.347702428470271E-07    0.000000000000000E+00
    5.710109734149258E-03   -1.069883708886155E-07    0.000000000000000E+00
    5.710106189528815E-03   -8.140228495508565E-08    0.000000000000000E+00
    5.710102150593318E-03   -5.854119273785470E-08    0.000000000000000E+00
    5.710097944293303E-03   -3.872951850317312E-08    0.000000000000000E+00
    5.710093790176985E-03   -2.210252837552767E-08    0.000000000000000E+00
    5.710089882511075E-03   -8.633173349618253E-09    0.000000000000000E+00
    5.710086352749792E-03    1.842413556781082E-09    0.000000000000000E+00
    5.710083295866040E-03    9.596205962675299E-09    0.000000000000000E+00
    5.710080766237374E-03    1.497975832795990E-08    0.000000000000000E+00
    5.710078788760642E-03    1.839584949355033E-08    0.000000000000000E+00
    5.710077363105108E-03    2.027339893972743E-08    0.000000000000000E+00
    5.710076471041602E-03    2.104494340055121E-08    0.000000000000000E+00
    5.710076081241761E-03    2.112788863949942E-08    0.000000000000000E+00
    5.710076154104025E-03    2.090949661248625E-08    0.000000000000000E+00
    5.710076645115759E-03    2.073554543257121E-08    0.000000000000000E+00
    5.710077507464823E-03    2.090220087666306E-08    0.000000000000000E+00
    5.710078693592018E-03    2.165051810249271E-08    0.000000000000000E+00
    5.710080155975836E-03    2.316289124912929E-08    0.000000000000000E+00
    5.710081847202749E-03    2.556079635335293E-08    0.000000000000000E+00
    5.710083719547449E-03    2.890326158881040E-08    0.000000000000000E+00
    5.710085724236701E-03    3.318566813070940E-08    0.000000000000000E+00
    5.710087810615993E-03    3.833870056545540E-08    0.000000000000000E+00
    5.710089925438684E-03    4.422750093029831E-08    0.000000000000000E+00
    5.710092012478591E-03    5.065131823699543E-08    0.000000000000000E+00
    5.710094012690230E-03    5.734417006641046E-08    0.000000000000000E+00
    5.710095865041028E-03    6.397720621866798E-08    0.000000000000000E+00
    5.710097508269300E-03    7.016357586426127E-08    0.000000000000000E+00
    5.710098883452701E-03    7.546661575422722E-08    0.000000000000000E+00
    5.710099937859231E-03    7.941212722150432E-08    0.000000000000000E+00
    5.710100629208197E-03    8.150529372884151E-08    0.000000000000000E+00
    5.710100931904008E-03    8.125260718282669E-08    0.000000000000000E+00
    5.710100841716578E-03    7.818864719769896E-08    0.000000000000000E+00
    5.710100385158301E-03    7.190747107863511E-08    0.000000000000000E+00
    5.710099620114518E-03    6.209728119535338E-08    0.000000000000000E+00
    5.710098652929821E-03    4.857788181879037E-08    0.000000000000000E+00
    5.710097620256857E-03    3.133764003640587E-08    0.000000000000000E+00
    5.710096736036201E-03    1.057120574316584E-08    0.000000000000000E+00
    5.710096202453717E-03   -1.328983816770004E-08    0.000000000000000E+00
    5.710096380325294E-03   -3.954395761992866E-08    0.000000000000000E+00
    5.710097436187829E-03   -6.720877291511271E-08    0.000000000000000E+00
    5.710100004601602E-03   -9.498641034675683E-08    0.000000000000000E+00
    5.710103818670160E-03   -1.212951638058849E-07    0.000000000000000E+00
    5.710110339033404E-03   -1.441976425148955E-07    0.000000000000000E+00
    5.710117450781554E-03   -1.615480552061824E-07    0.000000000000000E+00
    5.710129785687808E-03   -1.707542863997624E-07    0.000000000000000E+00
    5.710138176668708E-03   -1.693008025204591E-07    0.000000000000000E+00
    5.710159992797396E-03   -1.539347761358551E-07    0.000000000000000E+00
    5.710158992483306E-03   -1.224124130246638E-07    0.000000000000000E+00
    5.710203741261295E-03   -7.092287803033065E-08    0.000000000000000E+00
    5.710154169240479E-03    6.290883819295458E-10    0.000000000000000E+00
    5.710275671605865E-03    9.607730420009427E-08    0.000000000000000E+00
    5.710040756492027E-03    2.085474491548589E-07    0.000000000000000E+00
    5.710471337027679E-03    3.402958532311498E-07    0.000000000000000E+00
    5.709509187616771E-03    4.713655520067916E-07    0.000000000000000E+00
    5.711267826724911E-03    5.898311875680176E-07    0.000000000000000E+00
    5.707547983948645E-03    6.876410839795987E-07    0.000000000000000E+00
    5.714334408463179E-03    6.692513419097447E-07    0.000000000000000E+00
    5.701070018835474E-03    6.891762180037434E-07    0.000000000000000E+00
    5.728004460014890E-03    3.791653966870680E-07    0.000000000000000E+00
    5.749169744114532E-03    2.482581781231958E-06    0.000000000000000E+00
    5.719812855547459E-03    2.156687546862802E-06    0.000000000000000E+00
    5.731722465357556E-03    1.838364443430300E-06    0.000000000000000E+00
    5.724384160563910E-03    1.462069204952327E-06    0.000000000000000E+00
    5.727099023158748E-03    1.064294689194534E-06    0.000000000000000E+00
    5.725159249205077E-03    7.216090974937704E-07    0.000000000000000E+00
    5.725863786820289E-03    4.167693440281164E-07    0.000000000000000E+00
    5.725348239039013E-03    1.872593108165635E-07    0.000000000000000E+00
    5.725551146359408E-03    8.331104342436401E-09    0.000000000000000E+00
    5.725434572243130E-03   -1.145493201674094E-07    0.000000000000000E+00
    5.725499284760626E-03   -1.995418476570099E-07    0.000000000000000E+00
    5.725481512206341E-03   -2.504589045305022E-07    0.000000000000000E+00
    5.725506424643463E-03   -2.778512271042684E-07    0.000000000000000E+00
    5.725507328660032E-03   -2.862311972728470E-07    0.000000000000000E+00
    5.725516616988389E-03   -2.813512906125724E-07    0.000000000000000E+00
    5.725517452126723E-03   -2.665440261494272E-07    0.000000000000000E+00
    5.725518545663351E-03   -2.450793070681180E-07    0.000000000000000E+00
    5.725516006608399E-03   -2.192211286705295E-07    0.000000000000000E+00
    5.725512443662865E-03   -1.909765893552033E-07    0.000000000000000E+00
    5.725507236078392E-03   -1.618717631239201E-07    0.000000000000000E+00
    5.725501378295274E-03   -1.331823717353585E-07    0.000000000000000E+00
    5.725494996055618E-03   -1.058852661360087E-07    0.000000000000000E+00
    5.725488576214291E-03   -8.073007928484141E-08    0.000000000000000E+00
    5.725482332540767E-03   -5.823581858453210E-08    0.000000000000000E+00
    5.725476521141275E-03   -3.872203847683441E-08    0.000000000000000E+00
    5.725471283349976E-03   -2.232331421176809E-08    0.000000000000000E+00
    5.725466731970541E-03   -9.015757492900696E-09    0.000000000000000E+00
    5.725462918169471E-03    1.358442745873234E-09    0.000000000000000E+00
    5.725459860715050E-03    9.063024184203727E-09    0.000000000000000E+00
    5.725457545125732E-03    1.444009805909964E-08    0.000000000000000E+00
    5.725455936425179E-03    1.788249998378905E-08    0.000000000000000E+00
    5.725454984783352E-03    1.980923404159920E-08    0.000000000000000E+00
    5.725454633472188E-03    2.064342435766919E-08    0.000000000000000E+00
    5.725454823773643E-03    2.079389956910402E-08    0.000000000000000E+00
    5.725455499411303E-03    2.064038995354189E-08    0.000000000000000E+00
    5.725456609123296E-03    2.052228975345598E-08    0.000000000000000E+00
    5.725458108163806E-03    2.073054773494051E-08    0.000000000000000E+00
    5.725459958504501E-03    2.150213323803195E-08    0.000000000000000E+00
    5.725462128089941E-03    2.301642258270982E-08    0.000000000000000E+00
    5.725464589252188E-03    2.539287650597709E-08    0.000000000000000E+00
    5.725467316547155E-03    2.868946337007143E-08    0.000000000000000E+00
    5.725470284215364E-03    3.290144616841528E-08    0.000000000000000E+00
    5.725473463509221E-03    3.796035865023714E-08    0.000000000000000E+00
    5.725476820127581E-03    4.373322414914193E-08    0.000000000000000E+00
    5.725480311984428E-03    5.002230086318843E-08    0.000000000000000E+00
    5.725483887570717E-03    5.656585430530487E-08    0.000000000000000E+00
    5.725487485082132E-03    6.304062413446180E-08    0.000000000000000E+00
    5.725491032630274E-03    6.906676058350687E-08    0.000000000000000E+00
    5.725494449505099E-03    7.421601725235936E-08    0.000000000000000E+00
    5.725497649054826E-03    7.802394056332576E-08    0.000000000000000E+00
    5.725500542425909E-03    8.000657703534126E-08    0.000000000000000E+00
    5.725503044830571E-03    7.968205486655231E-08    0.000000000000000E+00
    5.725505080951834E-03    7.659685704826176E-08    0.000000000000000E+00
    5.725506595796940E-03    7.035657988866056E-08    0.000000000000000E+00
    5.725507557723274E-03    6.065979766874644E-08    0.000000000000000E+00
    5.725507978733510E-03    4.733471129238173E-08    0.000000000000000E+00
    5.725507900676993E-03    3.037509542353271E-08    0.000000000000000E+00
    5.725507447117014E-03    9.977370796873277E-09    0.000000000000000E+00
    5.725506740770652E-03   -1.342998355992985E-08    0.000000000000000E+00
    5.725506079837404E-03   -3.915313147745673E-08    0.000000000000000E+00
    5.725505593972020E-03   -6.622333602364110E-08    0.000000000000000E+00
    5.725505911067911E-03   -9.335870543774089E-08    0.000000000000000E+00
    5.725506803066330E-03   -1.190007955775408E-07    0.000000000000000E+00
    5.725509809834509E-03   -1.412290094647190E-07    0.000000000000000E+00
    5.725512969644700E-03   -1.579271790671706E-07    0.000000000000000E+00
    5.725521102053659E-03   -1.664975907275732E-07    0.000000000000000E+00
    5.725525354656363E-03   -1.644598997337934E-07    0.000000000000000E+00
    5.725543386769636E-03   -1.484711637079890E-07    0.000000000000000E+00
    5.725539488615219E-03   -1.163587025124732E-07    0.000000000000000E+00
    5.725582530457881E-03   -6.395950105202500E-08    0.000000000000000E+00
    5.725533246011250E-03    8.535320407544267E-09    0.000000000000000E+00
    5.725657060056205E-03    1.060197806655177E-07    0.000000000000000E+00
    5.725427524129335E-03    2.206100646664274E-07    0.000000000000000E+00
    5.725866089157223E-03    3.569653650860066E-07    0.000000000000000E+00
    5.724914315323571E-03    4.920335801348902E-07    0.000000000000000E+00
    5.726687657438673E-03    6.194984660702777E-07    0.000000000000000E+00
    5.722977164430309E-03    7.191174773554689E-07    0.000000000000000E+00
    5.729783484541969E-03    7.103980994307914E-07    0.000000000000000E+00
    5.716507902619708E-03    7.168560090497095E-07    0.000000000000000E+00
    5.743457689286348E-03    3.728495035669133E-07    0.000000000000000E+00
    5.745021901109286E-03    2.837838953720501E-06    0.000000000000000E+00
    5.715654226396497E-03    2.512195067441836E-06    0.000000000000000E+00
    5.727573965530570E-03    2.094135870356743E-06    0.000000000000000E+00
    5.720243847434737E-03    1.637726916296425E-06    0.000000000000000E+00
    5.722975571670387E-03    1.167884650804689E-06    0.000000000000000E+00
    5.721053180396199E-03    7.845410690457633E-07    0.000000000000000E+00
    5.721770725827728E-03    4.510123302971175E-07    0.000000000000000E+00
    5.721265048384708E-03    2.083038851729659E-07    0.000000000000000E+00
    5.721472104217183E-03    2.118419053954837E-08    0.000000000000000E+00
    5.721356431675997E-03   -1.048955140142959E-07    0.000000000000000E+00
    5.721418503627398E-03   -1.916221082729651E-07    0.000000000000000E+00
    5.721396236241917E-03   -2.430847227273320E-07    0.000000000000000E+00
    5.721415113956380E-03   -2.708425953158849E-07    0.000000000000000E+00
    5.721409344641154E-03   -2.794654270943732E-07    0.000000000000000E+00
    5.721411644822636E-03   -2.749520686678493E-07    0.000000000000000E+00
    5.721405613448752E-03   -2.606069478535556E-07    0.000000000000000E+00
    5.721400166406210E-03   -2.397262602576876E-07    0.000000000000000E+00
    5.721391607830840E-03   -2.145295254367369E-07    0.000000000000000E+00
    5.721382641071015E-03   -1.869979258487921E-07    0.000000000000000E+00
    5.721372711239691E-03   -1.586179128397919E-07    0.000000000000000E+00
    5.721362829511100E-03   -1.306357533680494E-07    0.000000000000000E+00
    5.721353113882765E-03   -1.040006761040150E-07    0.000000000000000E+00
    5.721344017439298E-03   -7.944271586984821E-08    0.000000000000000E+00
    5.721335704541039E-03   -5.746681848240050E-08    0.000000000000000E+00
    5.721328369219777E-03   -3.838513033735033E-08    0.000000000000000E+00
    5.721322083945247E-03   -2.233017295540606E-08    0.000000000000000E+00
    5.721316889393079E-03   -9.280895317022433E-09    0.000000000000000E+00
    5.721312765336314E-03    9.139181640067500E-10    0.000000000000000E+00
    5.721309662465078E-03    8.508487842086227E-09    0.000000000000000E+00
    5.721307504456522E-03    1.383361642414337E-08    0.000000000000000E+00
    5.721306202281527E-03    1.726994732328116E-08    0.000000000000000E+00
    5.721305661136797E-03    1.922407114280694E-08    0.000000000000000E+00
    5.721305789023890E-03    2.010709876376318E-08    0.000000000000000E+00
    5.721306501814307E-03    2.031670269507397E-08    0.000000000000000E+00
    5.721307727382012E-03    2.022263210522385E-08    0.000000000000000E+00
    5.721309407513344E-03    2.015566564612519E-08    0.000000000000000E+00
    5.721311498444352E-03    2.039959069831383E-08    0.000000000000000E+00
    5.721313969867466E-03    2.118568668851343E-08    0.000000000000000E+00
    5.721316802818056E-03    2.268908724125686E-08    0.000000000000000E+00
    5.721319986594258E-03    2.502641992403508E-08    0.000000000000000E+00
    5.721323515009760E-03    2.825420151705116E-08    0.000000000000000E+00
    5.721327382212057E-03    3.236762329384853E-08    0.000000000000000E+00
    5.721331578332958E-03    3.729955889344536E-08    0.000000000000000E+00
    5.721336085235560E-03    4.291984751932910E-08    0.000000000000000E+00
    5.721340872612136E-03    4.903512650637381E-08    0.000000000000000E+00
    5.721345894727019E-03    5.538969556118898E-08    0.000000000000000E+00
    5.721351088024058E-03    6.166805379346721E-08    0.000000000000000E+00
    5.721356369975082E-03    6.749985476340056E-08    0.000000000000000E+00
    5.721361639212804E-03    7.246803189545464E-08    0.000000000000000E+00
    5.721366777597429E-03    7.612080411088700E-08    0.000000000000000E+00
    5.721371653561878E-03    7.798805033319505E-08    0.000000000000000E+00
    5.721376128490547E-03    7.760239734973812E-08    0.000000000000000E+00
    5.721380062863881E-03    7.452481304699867E-08    0.000000000000000E+00
    5.721383328518161E-03    6.837453878769200E-08    0.000000000000000E+00
    5.721385813908957E-03    5.886194134623700E-08    0.000000000000000E+00
    5.721387447335443E-03    4.582413616020897E-08    0.000000000000000E+00
    5.721388187133721E-03    2.925970175016266E-08    0.000000000000000E+00
    5.721388077897569E-03    9.364900236369149E-09    0.000000000000000E+00
    5.721387173897465E-03   -1.343835223564160E-08    0.000000000000000E+00
    5.721385720476823E-03   -3.846902349781979E-08    0.000000000000000E+00
    5.721383818531772E-03   -6.477894363168416E-08    0.000000000000000E+00
    5.721382094539737E-03   -9.111104859104349E-08    0.000000000000000E+00
    5.721380362072066E-03   -1.159410516836950E-07    0.000000000000000E+00
    5.721380238078532E-03   -1.373779084760877E-07    0.000000000000000E+00
    5.721379910563073E-03   -1.533501327076494E-07    0.000000000000000E+00
    5.721384374949317E-03   -1.612704323561003E-07    0.000000000000000E+00
    5.721385087760972E-03   -1.587127230502590E-07    0.000000000000000E+00
    5.721399974177171E-03   -1.422592563420298E-07    0.000000000000000E+00
    5.721393866663827E-03   -1.098312092955654E-07    0.000000000000000E+00
    5.721435894338803E-03   -5.691191016798724E-08    0.000000000000000E+00
    5.721387671549833E-03    1.598950910320018E-08    0.000000000000000E+00
    5.721514579026772E-03    1.148974306186948E-07    0.000000000000000E+00
    5.721291431498927E-03    2.308290783222008E-07    0.000000000000000E+00
    5.721739110573943E-03    3.711501775530992E-07    0.000000000000000E+00
    5.720799639784227E-03    5.093211053639202E-07    0.000000000000000E+00
    5.722589934423054E-03    6.455978791556454E-07    0.000000000000000E+00
    5.718893457874368E-03    7.466030513864185E-07    0.000000000000000E+00
    5.725727187234127E-03    7.483658956946564E-07    0.000000000000000E+00
    5.712450733997594E-03    7.436714540690667E-07    0.000000000000000E+00
    5.739443442334929E-03    3.625838344432231E-07    0.000000000000000E+00
    5.721243242198944E-03    3.193402927845745E-06    0.000000000000000E+00
    5.691889688015468E-03    2.865219440268546E-06    0.000000000000000E+00
    5.703839404161028E-03    2.344957366249134E-06    0.000000000000000E+00
    5.696536841782746E-03    1.808390031687958E-06    0.000000000000000E+00
    5.699298170244595E-03    1.265721547362030E-06    0.000000000000000E+00
    5.697401730205483E-03    8.429443225263817E-07    0.000000000000000E+00
    5.698136995907842E-03    4.817941153003394E-07    0.000000000000000E+00
    5.697644259272501E-03    2.273445917387921E-07    0.000000000000000E+00
    5.697857097779294E-03    3.316413593511905E-08    0.000000000000000E+00
    5.697743573068146E-03   -9.515202413525333E-08    0.000000000000000E+00
    5.697803901442688E-03   -1.829484002944400E-07    0.000000000000000E+00
    5.697777978313139E-03   -2.344992606350330E-07    0.000000000000000E+00
    5.697791597299363E-03   -2.623556667449972E-07    0.000000000000000E+00
    5.697779919872069E-03   -2.710895589749449E-07    0.000000000000000E+00
    5.697775962641747E-03   -2.669155903790087E-07    0.000000000000000E+00
    5.697763759152400E-03   -2.530785961628912E-07    0.000000000000000E+00
    5.697752410696297E-03   -2.328796360131981E-07    0.000000000000000E+00
    5.697738408320187E-03   -2.084758389384183E-07    0.000000000000000E+00
    5.697724540922783E-03   -1.818092128084716E-07    0.000000000000000E+00
    5.697710316364284E-03   -1.543160069067416E-07    0.000000000000000E+00
    5.697696761803610E-03   -1.272048919277423E-07    0.000000000000000E+00
    5.697683990356429E-03   -1.013911169774923E-07    0.000000000000000E+00
    5.697672426329467E-03   -7.758031540261926E-08    0.000000000000000E+00
    5.697662191621475E-03   -5.625987995439341E-08    0.000000000000000E+00
    5.697653426239620E-03   -3.773222886224076E-08    0.000000000000000E+00
    5.697646142482482E-03   -2.212654555753178E-08    0.000000000000000E+00
    5.697640317661875E-03   -9.424250088280039E-09    0.000000000000000E+00
    5.697635868575515E-03    5.188770781390963E-10    0.000000000000000E+00
    5.697632685604311E-03    7.946476680563931E-09    0.000000000000000E+00
    5.697630637344833E-03    1.317645179166653E-08    0.000000000000000E+00
    5.697629586384359E-03    1.657530495689928E-08    0.000000000000000E+00
    5.697629397412553E-03    1.853502824821466E-08    0.000000000000000E+00
    5.697629946410556E-03    1.945242833133711E-08    0.000000000000000E+00
    5.697631125906293E-03    1.971173621826502E-08    0.000000000000000E+00
    5.697632848888764E-03    1.967053840172224E-08    0.000000000000000E+00
    5.697635050167494E-03    1.964900173823182E-08    0.000000000000000E+00
    5.697637686080010E-03    1.992200690284872E-08    0.000000000000000E+00
    5.697640732451030E-03    2.071369972793201E-08    0.000000000000000E+00
    5.697644181264085E-03    2.219386709849411E-08    0.000000000000000E+00
    5.697648036243468E-03    2.447556650865897E-08    0.000000000000000E+00
    5.697652307681569E-03    2.761351232642729E-08    0.000000000000000E+00
    5.697657006774053E-03    3.160287108979901E-08    0.000000000000000E+00
    5.697662139755393E-03    3.637830638999119E-08    0.000000000000000E+00
    5.697667702123710E-03    4.181332486349406E-08    0.000000000000000E+00
    5.697673673237837E-03    4.772018627728199E-08    0.000000000000000E+00
    5.697680011615398E-03    5.385083947135062E-08    0.000000000000000E+00
    5.697686651195861E-03    5.989949644734854E-08    0.000000000000000E+00
    5.697693498999108E-03    6.550755675694237E-08    0.000000000000000E+00
    5.697700434291131E-03    7.027159723589795E-08    0.000000000000000E+00
    5.697707309978602E-03    7.375510414054711E-08    0.000000000000000E+00
    5.697713955667555E-03    7.550440252452525E-08    0.000000000000000E+00
    5.697720184212596E-03    7.506911539981100E-08    0.000000000000000E+00
    5.697725798599000E-03    7.202692131284981E-08    0.000000000000000E+00
    5.697730605524866E-03    6.601248747424137E-08    0.000000000000000E+00
    5.697734422734971E-03    5.674912352674193E-08    0.000000000000000E+00
    5.697737104891330E-03    4.408318849721603E-08    0.000000000000000E+00
    5.697738537402353E-03    2.801738053469158E-08    0.000000000000000E+00
    5.697738696473084E-03    8.745926731499867E-09    0.000000000000000E+00
    5.697737578021267E-03   -1.331906598759840E-08    0.000000000000000E+00
    5.697735383284708E-03   -3.751409432569350E-08    0.000000000000000E+00
    5.697732191479563E-03   -6.291793153511285E-08    0.000000000000000E+00
    5.697728631837302E-03   -8.830647361058414E-08    0.000000000000000E+00
    5.697724561281718E-03   -1.121996444536737E-07    0.000000000000000E+00
    5.697721670597106E-03   -1.327477723748421E-07    0.000000000000000E+00
    5.697718293053400E-03   -1.479381974664760E-07    0.000000000000000E+00
    5.697719586826208E-03   -1.552092092533581E-07    0.000000000000000E+00
    5.697717310856100E-03   -1.522076590650142E-07    0.000000000000000E+00
    5.697729630190641E-03   -1.354561252971937E-07    0.000000000000000E+00
    5.697721930604648E-03   -1.029939742472048E-07    0.000000000000000E+00
    5.697763551071157E-03   -4.995069924765610E-08    0.000000000000000E+00
    5.697717070652837E-03    2.280704978990070E-08    0.000000000000000E+00
    5.697847741796567E-03    1.225038517896573E-07    0.000000000000000E+00
    5.697631893176335E-03    2.389373702210571E-07    0.000000000000000E+00
    5.698089692364215E-03    3.825029512468819E-07    0.000000000000000E+00
    5.697164399839958E-03    5.226602848992672E-07    0.000000000000000E+00
    5.698973860158883E-03    6.673011248979231E-07    0.000000000000000E+00
    5.695296210429973E-03    7.684854451761767E-07    0.000000000000000E+00
    5.702165443627102E-03    7.807806806965263E-07    0.000000000000000E+00
    5.688898921331378E-03    7.649987528581348E-07    0.000000000000000E+00
    5.715963345244204E-03    3.440149073634429E-07    0.000000000000000E+00
    5.677835683742129E-03    3.545133021288614E-06    0.000000000000000E+00
    5.648520267881445E-03    3.210593867841974E-06    0.000000000000000E+00
    5.660519842694940E-03    2.585704564193028E-06    0.000000000000000E+00
    5.653264199792459E-03    1.970135367248824E-06    0.000000000000000E+00
    5.656067778398068E-03    1.355093862869644E-06    0.000000000000000E+00
    5.654205819688005E-03    8.951816347718515E-07    0.000000000000000E+00
    5.654963315418580E-03    5.081446277888726E-07    0.000000000000000E+00
    5.654486431425865E-03    2.438235838189148E-07    0.000000000000000E+00
    5.654706512638856E-03    4.392081568831520E-08    0.000000000000000E+00
    5.654596253135867E-03   -8.556638807108824E-08    0.000000000000000E+00
    5.654655628183842E-03   -1.737273800296873E-07    0.000000000000000E+00
    5.654626811843306E-03   -2.248934016527669E-07    0.000000000000000E+00
    5.654635890002339E-03   -2.525758785583901E-07    0.000000000000000E+00
    5.654619027998011E-03   -2.612843541334679E-07    0.000000000000000E+00
    5.654609513703325E-03   -2.574156157617488E-07    0.000000000000000E+00
    5.654591811322840E-03   -2.441221831374152E-07    0.000000000000000E+00
    5.654575186542634E-03   -2.246888651585331E-07    0.000000000000000E+00
    5.654556307936901E-03   -2.011932048115847E-07    0.000000000000000E+00
    5.654538039842154E-03   -1.755257295971931E-07    0.000000000000000E+00
    5.654519948986060E-03   -1.490628228042199E-07    0.000000000000000E+00
    5.654503077036454E-03   -1.229682482598857E-07    0.000000000000000E+00
    5.654487534403329E-03   -9.811760433906156E-08    0.000000000000000E+00
    5.654473720924164E-03   -7.518785466092808E-08    0.000000000000000E+00
    5.654461722317422E-03   -5.464572588392022E-08    0.000000000000000E+00
    5.654451631979398E-03   -3.678181918763458E-08    0.000000000000000E+00
    5.654443410146241E-03   -2.172079213299712E-08    0.000000000000000E+00
    5.654436979017200E-03   -9.446148676524097E-09    0.000000000000000E+00
    5.654432200399072E-03    1.790474816850695E-10    0.000000000000000E+00
    5.654428911810768E-03    7.386988468223253E-09    0.000000000000000E+00
    5.654426933281554E-03    1.248133615711304E-08    0.000000000000000E+00
    5.654426084542172E-03    1.581278010443199E-08    0.000000000000000E+00
    5.654426194179047E-03    1.775682131381376E-08    0.000000000000000E+00
    5.654427109414076E-03    1.869396339642816E-08    0.000000000000000E+00
    5.654428701570514E-03    1.899299001477464E-08    0.000000000000000E+00
    5.654430869837272E-03    1.899740049499081E-08    0.000000000000000E+00
    5.654433542178373E-03    1.901498137443031E-08    0.000000000000000E+00
    5.654436674334511E-03    1.931015495116509E-08    0.000000000000000E+00
    5.654440246873738E-03    2.009864660584786E-08    0.000000000000000E+00
    5.654444260796046E-03    2.154391091580422E-08    0.000000000000000E+00
    5.654448731930291E-03    2.375477772963176E-08    0.000000000000000E+00
    5.654453684491866E-03    2.678384784915802E-08    0.000000000000000E+00
    5.654459144092802E-03    3.062630954660315E-08    0.000000000000000E+00
    5.654465130522871E-03    3.521902498740454E-08    0.000000000000000E+00
    5.654471650615936E-03    4.043993654946238E-08    0.000000000000000E+00
    5.654478691513032E-03    4.610804381686943E-08    0.000000000000000E+00
    5.654486214684543E-03    5.198439072067021E-08    0.000000000000000E+00
    5.654494151017119E-03    5.777464407588475E-08    0.000000000000000E+00
    5.654502397444848E-03    6.313394013028546E-08    0.000000000000000E+00
    5.654510815297295E-03    6.767467460097936E-08    0.000000000000000E+00
    5.654519231148409E-03    7.097787872574518E-08    0.000000000000000E+00
    5.654527439680866E-03    7.260860150066905E-08    0.000000000000000E+00
    5.654535210448859E-03    7.213561905641756E-08    0.000000000000000E+00
    5.654542295480868E-03    6.915521826374604E-08    0.000000000000000E+00
    5.654548444088199E-03    6.331897820969812E-08    0.000000000000000E+00
    5.654553412094475E-03    5.436406367447286E-08    0.000000000000000E+00
    5.654556990067152E-03    4.214624964784757E-08    0.000000000000000E+00
    5.654559000430830E-03    2.667161982707198E-08    0.000000000000000E+00
    5.654559360832388E-03    8.130570235875667E-09    0.000000000000000E+00
    5.654558018090380E-03   -1.307761262994396E-08    0.000000000000000E+00
    5.654555137176668E-03   -3.631128216904611E-08    0.000000000000000E+00
    5.654550781759374E-03   -6.068197215810798E-08    0.000000000000000E+00
    5.654545587008176E-03   -8.500595084958529E-08    0.000000000000000E+00
    5.654539453936108E-03   -1.078565580988911E-07    0.000000000000000E+00
    5.654534142867792E-03   -1.274363731344471E-07    0.000000000000000E+00
    5.654528126884148E-03   -1.418047820275653E-07    0.000000000000000E+00
    5.654526712542540E-03   -1.484399538419404E-07    0.000000000000000E+00
    5.654521953813870E-03   -1.450799332589888E-07    0.000000000000000E+00
    5.654532227641756E-03   -1.282026234725532E-07    0.000000000000000E+00
    5.654523484409896E-03   -9.599150468505505E-08    0.000000000000000E+00
    5.654565219539648E-03   -4.322359788455651E-08    0.000000000000000E+00
    5.654521067196596E-03    2.882954681502830E-08    0.000000000000000E+00
    5.654656052360330E-03    1.286614266407789E-07    0.000000000000000E+00
    5.654448299497992E-03    2.446981763224976E-07    0.000000000000000E+00
    5.654917062553878E-03    3.907069572849074E-07    0.000000000000000E+00
    5.654007713340310E-03    5.315041032091413E-07    0.000000000000000E+00
    5.655838369423402E-03    6.837940641640672E-07    0.000000000000000E+00
    5.652184286214409E-03    7.831028088062062E-07    0.000000000000000E+00
    5.659097185764289E-03    8.052014077267734E-07    0.000000000000000E+00
    5.645851337258279E-03    7.760972767023809E-07    0.000000000000000E+00
    5.673016730992447E-03    3.126734096758653E-07    0.000000000000000E+00
    5.614802717494273E-03    3.889046760595956E-06    0.000000000000000E+00
    5.585548267768762E-03    3.543277763855280E-06    0.000000000000000E+00
    5.597617463095043E-03    2.811273567646898E-06    0.000000000000000E+00
    5.590427845663767E-03    2.119094236443401E-06    0.000000000000000E+00
    5.593285917038828E-03    1.433333185766668E-06    0.000000000000000E+00
    5.591466702268112E-03    9.396746808411315E-07    0.000000000000000E+00
    5.592250570375460E-03    5.291515178026069E-07    0.000000000000000E+00
    5.591792200425442E-03    2.572342337405817E-07    0.000000000000000E+00
    5.592020759752230E-03    5.314509989594345E-08    0.000000000000000E+00
    5.591914732007324E-03   -7.635524480803536E-08    0.000000000000000E+00
    5.591973828911139E-03   -1.641431939186242E-07    0.000000000000000E+00
    5.591942804471558E-03   -2.144420599808429E-07    0.000000000000000E+00
    5.591948003554094E-03   -2.416774383403699E-07    0.000000000000000E+00
    5.591926641763896E-03   -2.502228331007731E-07    0.000000000000000E+00
    5.591912243175646E-03   -2.466207212270419E-07    0.000000000000000E+00
    5.591889696269497E-03   -2.338976930750760E-07    0.000000000000000E+00
    5.591868407829841E-03   -2.153016923219752E-07    0.000000000000000E+00
    5.591845213413616E-03   -1.928143318432350E-07    0.000000000000000E+00
    5.591823041719735E-03   -1.682633717950957E-07    0.000000000000000E+00
    5.591801513785264E-03   -1.429566167444041E-07    0.000000000000000E+00
    5.591781683678573E-03   -1.180064571643078E-07    0.000000000000000E+00
    5.591763660691381E-03   -9.424386106127965E-08    0.000000000000000E+00
    5.591747823911065E-03   -7.231339212537798E-08    0.000000000000000E+00
    5.591734228579537E-03   -5.265838183298886E-08    0.000000000000000E+00
    5.591722928339870E-03   -3.555576621512799E-08    0.000000000000000E+00
    5.591713838959605E-03   -2.112459999383765E-08    0.000000000000000E+00
    5.591706835320817E-03   -9.350080247288063E-09    0.000000000000000E+00
    5.591701731830902E-03   -1.027514866547898E-10    0.000000000000000E+00
    5.591698320319285E-03    6.837433326402772E-09    0.000000000000000E+00
    5.591696378517855E-03    1.175878246304737E-08    0.000000000000000E+00
    5.591695688701135E-03    1.499475354019130E-08    0.000000000000000E+00
    5.591696047695026E-03    1.690273874429536E-08    0.000000000000000E+00
    5.591697277227965E-03    1.784521599653860E-08    0.000000000000000E+00
    5.591699229617149E-03    1.817378226264785E-08    0.000000000000000E+00
    5.591701791440059E-03    1.821617217676801E-08    0.000000000000000E+00
    5.591704884083816E-03    1.826624364107005E-08    0.000000000000000E+00
    5.591708462155513E-03    1.857659728403208E-08    0.000000000000000E+00
    5.591712509755899E-03    1.935340442547570E-08    0.000000000000000E+00
    5.591717035159263E-03    2.075291786607849E-08    0.000000000000000E+00
    5.591722064174437E-03    2.287915995958188E-08    0.000000000000000E+00
    5.591727632586146E-03    2.578234532161231E-08    0.000000000000000E+00
    5.591733777996520E-03    2.945772910055970E-08    0.000000000000000E+00
    5.591740531410891E-03    3.384473878664236E-08    0.000000000000000E+00
    5.591747908907413E-03    3.882643772721991E-08    0.000000000000000E+00
    5.591755903729852E-03    4.422955797729644E-08    0.000000000000000E+00
    5.591764479197907E-03    4.982551825056959E-08    0.000000000000000E+00
    5.591773562779206E-03    5.533297542471174E-08    0.000000000000000E+00
    5.591783041846258E-03    6.042254876901833E-08    0.000000000000000E+00
    5.591792761344862E-03    6.472435108877283E-08    0.000000000000000E+00
    5.591802524210568E-03    6.783893355461168E-08    0.000000000000000E+00
    5.591812094116624E-03    6.935202929034070E-08    0.000000000000000E+00
    5.591821202479327E-03    6.885340563154800E-08    0.000000000000000E+00
    5.591829556751705E-03    6.595955242917528E-08    0.000000000000000E+00
    5.591836856352088E-03    6.034017933493963E-08    0.000000000000000E+00
    5.591842803607940E-03    5.174700905224179E-08    0.000000000000000E+00
    5.591847134061244E-03    4.004527666054965E-08    0.000000000000000E+00
    5.591849616518418E-03    2.524369431983700E-08    0.000000000000000E+00
    5.591850119224236E-03    7.527135036318166E-09    0.000000000000000E+00
    5.591848548396339E-03   -1.272069206616011E-08    0.000000000000000E+00
    5.591845039762867E-03   -3.488391416134226E-08    0.000000000000000E+00
    5.591839646720722E-03   -5.811207407188117E-08    0.000000000000000E+00
    5.591833012662863E-03   -8.126849716021305E-08    0.000000000000000E+00
    5.591825082517661E-03   -1.029882881559219E-07    0.000000000000000E+00
    5.591817680856911E-03   -1.215362036984899E-07    0.000000000000000E+00
    5.591809414142949E-03   -1.350559475340602E-07    0.000000000000000E+00
    5.591805721622697E-03   -1.410789843984130E-07    0.000000000000000E+00
    5.591798943907662E-03   -1.374523367750123E-07    0.000000000000000E+00
    5.591807639509247E-03   -1.206240926593748E-07    0.000000000000000E+00
    5.591798334520596E-03   -8.894927192432590E-08    0.000000000000000E+00
    5.591840621692700E-03   -3.685546728023093E-08    0.000000000000000E+00
    5.591799286173892E-03    3.392585349505050E-08    0.000000000000000E+00
    5.591939006858498E-03    1.332241786862461E-07    0.000000000000000E+00
    5.591740017150014E-03    2.479114656432903E-07    0.000000000000000E+00
    5.592220384735859E-03    3.954884769959605E-07    0.000000000000000E+00
    5.591328574013693E-03    5.353515696666900E-07    0.000000000000000E+00
    5.593182117871077E-03    6.943241001079765E-07    0.000000000000000E+00
    5.589556051410553E-03    7.888318925364585E-07    0.000000000000000E+00
    5.596520325738968E-03    8.192575484610553E-07    0.000000000000000E+00
    5.583305310456936E-03    7.722514962749314E-07    0.000000000000000E+00
    5.610600735707394E-03    2.640795329306604E-07    0.000000000000000E+00
    5.532149386292531E-03    4.221364664503338E-06    0.000000000000000E+00
    5.502977230094267E-03    3.858409416071533E-06    0.000000000000000E+00
    5.515135545881040E-03    3.016628965145674E-06    0.000000000000000E+00
    5.508030565874275E-03    2.251523361204576E-06    0.000000000000000E+00
    5.510954658831958E-03    1.497880366711254E-06    0.000000000000000E+00
    5.509185955637718E-03    9.749545427771286E-07    0.000000000000000E+00
    5.509999804843053E-03    5.439925445980661E-07    0.000000000000000E+00
    5.509562269279723E-03    2.671395077965393E-07    0.000000000000000E+00
    5.509800268423598E-03    6.057829400940116E-08    0.000000000000000E+00
    5.509699267786234E-03   -6.770010764234198E-08    0.000000000000000E+00
    5.509758639642289E-03   -1.543558768270541E-07    0.000000000000000E+00
    5.509726014923950E-03   -2.033038045852864E-07    0.000000000000000E+00
    5.509727943192996E-03   -2.298233955285027E-07    0.000000000000000E+00
    5.509702731115367E-03   -2.380704251156447E-07    0.000000000000000E+00
    5.509684096616284E-03   -2.346943572772806E-07    0.000000000000000E+00
    5.509657343296860E-03   -2.225617889129635E-07    0.000000000000000E+00
    5.509631993331376E-03   -2.048639198677411E-07    0.000000000000000E+00
    5.509605037579812E-03   -1.834710962066861E-07    0.000000000000000E+00
    5.509579457128333E-03   -1.601381176587411E-07    0.000000000000000E+00
    5.509554922178144E-03   -1.360964879847268E-07    0.000000000000000E+00
    5.509532496551666E-03   -1.124016157572648E-07    0.000000000000000E+00
    5.509512289517592E-03   -8.983555522341119E-08    0.000000000000000E+00
    5.509494662635496E-03   -6.900727935634534E-08    0.000000000000000E+00
    5.509479645884314E-03   -5.033438261137807E-08    0.000000000000000E+00
    5.509467259534787E-03   -3.407853546241279E-08    0.000000000000000E+00
    5.509457382034853E-03   -2.035223490613741E-08    0.000000000000000E+00
    5.509449848347135E-03   -9.141991748206522E-09    0.000000000000000E+00
    5.509444432747657E-03   -3.259569261158789E-10    0.000000000000000E+00
    5.509440888242029E-03    6.303228087892170E-09    0.000000000000000E+00
    5.509438956379855E-03    1.101761506271309E-08    0.000000000000000E+00
    5.509438387244453E-03    1.413224573308820E-08    0.000000000000000E+00
    5.509438950186844E-03    1.598504407249471E-08    0.000000000000000E+00
    5.509440444708179E-03    1.691900158167484E-08    0.000000000000000E+00
    5.509442706367790E-03    1.726704391408575E-08    0.000000000000000E+00
    5.509445610409475E-03    1.733970120228011E-08    0.000000000000000E+00
    5.509449072031529E-03    1.741556767033909E-08    0.000000000000000E+00
    5.509453044312386E-03    1.773424239322351E-08    0.000000000000000E+00
    5.509457513832204E-03    1.849135884150420E-08    0.000000000000000E+00
    5.509462494565400E-03    1.983521235541400E-08    0.000000000000000E+00
    5.509468020351340E-03    2.186451410143382E-08    0.000000000000000E+00
    5.509474136370443E-03    2.462685735178821E-08    0.000000000000000E+00
    5.509480889971984E-03    2.811760724578855E-08    0.000000000000000E+00
    5.509488321222332E-03    3.227908119408157E-08    0.000000000000000E+00
    5.509496453537658E-03    3.700006600066498E-08    0.000000000000000E+00
    5.509505284767226E-03    4.211589541570807E-08    0.000000000000000E+00
    5.509514779151410E-03    4.740947908240269E-08    0.000000000000000E+00
    5.509524860533663E-03    5.261379718087991E-08    0.000000000000000E+00
    5.509535407388104E-03    5.741646106301248E-08    0.000000000000000E+00
    5.509546249936176E-03    6.146693158376037E-08    0.000000000000000E+00
    5.509557170232196E-03    6.438696533806191E-08    0.000000000000000E+00
    5.509567904860485E-03    6.578463868363738E-08    0.000000000000000E+00
    5.509578152199861E-03    6.527224915252651E-08    0.000000000000000E+00
    5.509587581367310E-03    6.248780364564721E-08    0.000000000000000E+00
    5.509595849151249E-03    5.712011811114158E-08    0.000000000000000E+00
    5.509602612482956E-03    4.893599181014756E-08    0.000000000000000E+00
    5.509607560527237E-03    3.781006086451916E-08    0.000000000000000E+00
    5.509610417325036E-03    2.375290938535396E-08    0.000000000000000E+00
    5.509611010277563E-03    6.942320327160954E-09    0.000000000000000E+00
    5.509609212830229E-03   -1.225606045953520E-08    0.000000000000000E+00
    5.509605137764888E-03   -3.325562770327434E-08    0.000000000000000E+00
    5.509598832720044E-03   -5.524860263234392E-08    0.000000000000000E+00
    5.509590950783834E-03   -7.715131625458083E-08    0.000000000000000E+00
    5.509581479789179E-03   -9.766811773998147E-08    0.000000000000000E+00
    5.509572302310069E-03   -1.151348991257247E-07    0.000000000000000E+00
    5.509562150800576E-03   -1.277909696703886E-07    0.000000000000000E+00
    5.509556580118410E-03   -1.332335851544118E-07    0.000000000000000E+00
    5.509548207992451E-03   -1.294359662406401E-07    0.000000000000000E+00
    5.509555741442854E-03   -1.128310592069043E-07    0.000000000000000E+00
    5.509546292724688E-03   -8.197416132773675E-08    0.000000000000000E+00
    5.509589485789191E-03   -3.094820168461408E-08    0.000000000000000E+00
    5.509551357292032E-03    3.799328156518230E-08    0.000000000000000E+00
    5.509696097473775E-03    1.360808668103468E-07    0.000000000000000E+00
    5.509506393556026E-03    2.484206803571669E-07    0.000000000000000E+00
    5.509998762541211E-03    3.966296441559468E-07    0.000000000000000E+00
    5.509125857979328E-03    5.337737476474556E-07    0.000000000000000E+00
    5.511003486449438E-03    6.982487741990966E-07    0.000000000000000E+00
    5.507409384108337E-03    7.841769410479105E-07    0.000000000000000E+00
    5.514431760130134E-03    8.207865750447206E-07    0.000000000000000E+00
    5.501256636930029E-03    7.489027025829046E-07    0.000000000000000E+00
    5.528710356612062E-03    1.938395199659358E-07    0.000000000000000E+00
    5.429882233752925E-03    4.538554769488091E-06    0.000000000000000E+00
    5.400811905301419E-03    4.151357345644420E-06    0.000000000000000E+00
    5.413078444144885E-03    3.196848183275741E-06    0.000000000000000E+00
    5.406075996784240E-03    2.363874960320464E-06    0.000000000000000E+00
    5.409076606243308E-03    1.546351759171430E-06    0.000000000000000E+00
    5.407365462924337E-03    9.997117654145969E-07    0.000000000000000E+00
    5.408212203251861E-03    5.519673306803337E-07    0.000000000000000E+00
    5.407797394921124E-03    2.731893864600511E-07    0.000000000000000E+00
    5.408045476298397E-03    6.602064085178337E-08    0.000000000000000E+00
    5.407950109523886E-03   -5.974400125462242E-08    0.000000000000000E+00
    5.408010182440256E-03   -1.445004976218362E-07    0.000000000000000E+00
    5.407976489569560E-03   -1.916211343764882E-07    0.000000000000000E+00
    5.407975705446828E-03   -2.171662892303748E-07    0.000000000000000E+00
    5.407947261400993E-03   -2.249856435559626E-07    0.000000000000000E+00
    5.407925018635641E-03   -2.217953979912291E-07    0.000000000000000E+00
    5.407894683704561E-03   -2.102681867603168E-07    0.000000000000000E+00
    5.407865865969913E-03   -1.935196018022033E-07    0.000000000000000E+00
    5.407835698833792E-03   -1.732945699825570E-07    0.000000000000000E+00
    5.407807202973087E-03   -1.512659136548973E-07    0.000000000000000E+00
    5.407780092119506E-03   -1.285821465077401E-07    0.000000000000000E+00
    5.407755436763017E-03   -1.062369585657298E-07    0.000000000000000E+00
    5.407733346850426E-03   -8.495990715864466E-08    0.000000000000000E+00
    5.407714169232278E-03   -6.532172310458683E-08    0.000000000000000E+00
    5.407697913435901E-03   -4.771231068327162E-08    0.000000000000000E+00
    5.407684572343959E-03   -3.237672667193866E-08    0.000000000000000E+00
    5.407673993860148E-03   -1.942008616845001E-08    0.000000000000000E+00
    5.407665980087954E-03   -8.829858882747944E-09    0.000000000000000E+00
    5.407660272157929E-03   -4.918668791417564E-10    0.000000000000000E+00
    5.407656590870695E-03    5.788150678644836E-09    0.000000000000000E+00
    5.407654647555869E-03    1.026527626060978E-08    0.000000000000000E+00
    5.407654165258627E-03    1.323517451606510E-08    0.000000000000000E+00
    5.407654890089842E-03    1.501518481908398E-08    0.000000000000000E+00
    5.407656602587930E-03    1.592760082735852E-08    0.000000000000000E+00
    5.407659123843721E-03    1.628543657691063E-08    0.000000000000000E+00
    5.407662319120780E-03    1.638080733475417E-08    0.000000000000000E+00
    5.407666097919099E-03    1.647591561081515E-08    0.000000000000000E+00
    5.407670411515661E-03    1.679635789955953E-08    0.000000000000000E+00
    5.407675248053088E-03    1.752639267350272E-08    0.000000000000000E+00
    5.407680625777806E-03    1.880571373217800E-08    0.000000000000000E+00
    5.407686584762929E-03    2.072729204087128E-08    0.000000000000000E+00
    5.407693177568112E-03    2.333590082674577E-08    0.000000000000000E+00
    5.407700459207064E-03    2.662705568487917E-08    0.000000000000000E+00
    5.407708476814569E-03    3.054624618042052E-08    0.000000000000000E+00
    5.407717259400397E-03    3.498850270102779E-08    0.000000000000000E+00
    5.407726808081191E-03    3.979850776382462E-08    0.000000000000000E+00
    5.407737087241776E-03    4.477161709631666E-08    0.000000000000000E+00
    5.407748017036410E-03    4.965626968751312E-08    0.000000000000000E+00
    5.407759467824634E-03    5.415834721244878E-08    0.000000000000000E+00
    5.407771256855192E-03    5.794803127135742E-08    0.000000000000000E+00
    5.407783148112222E-03    6.066969168922058E-08    0.000000000000000E+00
    5.407794855016371E-03    6.195512073495523E-08    0.000000000000000E+00
    5.407806047954456E-03    6.144040339369138E-08    0.000000000000000E+00
    5.407816363822595E-03    5.878611677796419E-08    0.000000000000000E+00
    5.407825423841300E-03    5.370093722795790E-08    0.000000000000000E+00
    5.407832847363040E-03    4.596709713838111E-08    0.000000000000000E+00
    5.407838285458435E-03    3.546849327445724E-08    0.000000000000000E+00
    5.407841425810721E-03    2.221684625812721E-08    0.000000000000000E+00
    5.407842063017889E-03    6.381425033380113E-09    0.000000000000000E+00
    5.407840045000053E-03   -1.169238793495527E-08    0.000000000000000E+00
    5.407835467259682E-03   -3.145031373612206E-08    0.000000000000000E+00
    5.407828375518999E-03   -5.213133135951803E-08    0.000000000000000E+00
    5.407819433308272E-03   -7.270997879984205E-08    0.000000000000000E+00
    5.407808669594145E-03   -9.196644255339923E-08    0.000000000000000E+00
    5.407798017807250E-03   -1.083157155092085E-07    0.000000000000000E+00
    5.407786328063702E-03   -1.201029674401248E-07    0.000000000000000E+00
    5.407779252310028E-03   -1.250027619813545E-07    0.000000000000000E+00
    5.407769674614022E-03   -1.211310473949189E-07    0.000000000000000E+00
    5.407776414351767E-03   -1.049200211425566E-07    0.000000000000000E+00
    5.407767179304613E-03   -7.515501781881566E-08    0.000000000000000E+00
    5.407811550205291E-03   -2.558073344019360E-08    0.000000000000000E+00
    5.407776919561294E-03    4.095870688956910E-08    0.000000000000000E+00
    5.407926817955362E-03    1.371579321009366E-07    0.000000000000000E+00
    5.407746763943912E-03    2.461192848893592E-07    0.000000000000000E+00
    5.408251248554058E-03    3.939808209085492E-07    0.000000000000000E+00
    5.407398338301705E-03    5.264391778360491E-07    0.000000000000000E+00
    5.409300599661300E-03    6.950833310716178E-07    0.000000000000000E+00
    5.405741708225506E-03    7.678575717640643E-07    0.000000000000000E+00
    5.412827399998747E-03    8.079721978401792E-07    0.000000000000000E+00
    5.399699607872449E-03    7.017780228320385E-07    0.000000000000000E+00
    5.427338477439255E-03    9.773958423628312E-08    0.000000000000000E+00
    5.308009223690966E-03    4.837372531574697E-06    0.000000000000000E+00
    5.279058223118012E-03    4.417767542057577E-06    0.000000000000000E+00
    5.291451555162840E-03    3.347162938487989E-06    0.000000000000000E+00
    5.284568607933883E-03    2.452867320130889E-06    0.000000000000000E+00
    5.287654858701585E-03    1.576606218126632E-06    0.000000000000000E+00
    5.286007384586428E-03    1.012845635212920E-06    0.000000000000000E+00
    5.286889065876685E-03    5.525279828878305E-07    0.000000000000000E+00
    5.286498370702060E-03    2.751369202354207E-07    0.000000000000000E+00
    5.286756817171289E-03    6.933869410939466E-08    0.000000000000000E+00
    5.286667489136751E-03   -5.258898146688451E-08    0.000000000000000E+00
    5.286728559999542E-03   -1.346869474772565E-07    0.000000000000000E+00
    5.286694258737385E-03   -1.795212294240273E-07    0.000000000000000E+00
    5.286691275529003E-03   -2.038491565034622E-07    0.000000000000000E+00
    5.286660191461679E-03   -2.111210506553923E-07    0.000000000000000E+00
    5.286634951450348E-03   -2.080789352524115E-07    0.000000000000000E+00
    5.286601649676957E-03   -1.971682477737158E-07    0.000000000000000E+00
    5.286569951969432E-03   -1.814114368326541E-07    0.000000000000000E+00
    5.286537120514264E-03   -1.624152356543603E-07    0.000000000000000E+00
    5.286506202053433E-03   -1.417627350442170E-07    0.000000000000000E+00
    5.286476947832332E-03   -1.205138457494857E-07    0.000000000000000E+00
    5.286450431581739E-03   -9.959668785220946E-08    0.000000000000000E+00
    5.286426764331859E-03   -7.968544187390900E-08    0.000000000000000E+00
    5.286406280732352E-03   -6.131048286342775E-08    0.000000000000000E+00
    5.286388974355908E-03   -4.483246012310436E-08    0.000000000000000E+00
    5.286374816365374E-03   -3.047872328176947E-08    0.000000000000000E+00
    5.286363630594168E-03   -1.834631816169532E-08    0.000000000000000E+00
    5.286355193071895E-03   -8.423352904609448E-09    0.000000000000000E+00
    5.286349218535959E-03   -6.033346199548739E-10    0.000000000000000E+00
    5.286345402001364E-03    5.294610385854687E-09    0.000000000000000E+00
    5.286343430407761E-03    9.508057273506298E-09    0.000000000000000E+00
    5.286343004824304E-03    1.231254329104806E-08    0.000000000000000E+00
    5.286343852314058E-03    1.400393728015626E-08    0.000000000000000E+00
    5.286345737716050E-03    1.488286222997007E-08    0.000000000000000E+00
    5.286348469976590E-03    1.524141559024750E-08    0.000000000000000E+00
    5.286351905796191E-03    1.535230967894370E-08    0.000000000000000E+00
    5.286355949553453E-03    1.546042877993100E-08    0.000000000000000E+00
    5.286360550554377E-03    1.577654062006043E-08    0.000000000000000E+00
    5.286365697702439E-03    1.647283531521755E-08    0.000000000000000E+00
    5.286371412211663E-03    1.767987068157049E-08    0.000000000000000E+00
    5.286377738721621E-03    1.948452179454942E-08    0.000000000000000E+00
    5.286384735288230E-03    2.192857867876010E-08    0.000000000000000E+00
    5.286392462643110E-03    2.500774463735093E-08    0.000000000000000E+00
    5.286400973134603E-03    2.867092108635125E-08    0.000000000000000E+00
    5.286410299759416E-03    3.281982012740361E-08    0.000000000000000E+00
    5.286420445698991E-03    3.730909910825997E-08    0.000000000000000E+00
    5.286431374836274E-03    4.194735627412090E-08    0.000000000000000E+00
    5.286443003690877E-03    4.649943095280674E-08    0.000000000000000E+00
    5.286455195394639E-03    5.069052818006859E-08    0.000000000000000E+00
    5.286467756054415E-03    5.421267252840964E-08    0.000000000000000E+00
    5.286480434441919E-03    5.673398734562202E-08    0.000000000000000E+00
    5.286492924744655E-03    5.791107967462422E-08    0.000000000000000E+00
    5.286504874357844E-03    5.740481238430802E-08    0.000000000000000E+00
    5.286515893968467E-03    5.489914189894757E-08    0.000000000000000E+00
    5.286525576122909E-03    5.012315563047026E-08    0.000000000000000E+00
    5.286533510175297E-03    4.287473247524379E-08    0.000000000000000E+00
    5.286539317078380E-03    3.304682669287659E-08    0.000000000000000E+00
    5.286542656191339E-03    2.065159853892215E-08    0.000000000000000E+00
    5.286543296912937E-03    5.848537662739738E-09    0.000000000000000E+00
    5.286541068393016E-03   -1.103913832264446E-08    0.000000000000000E+00
    5.286536053986684E-03   -2.949208984455357E-08    0.000000000000000E+00
    5.286528300766158E-03   -4.879953163266421E-08    0.000000000000000E+00
    5.286518482815445E-03   -6.799865005980185E-08    0.000000000000000E+00
    5.286506667783020E-03   -8.595115351400700E-08    0.000000000000000E+00
    5.286494831964147E-03   -1.011580777871003E-07    0.000000000000000E+00
    5.286481933893038E-03   -1.120796135557974E-07    0.000000000000000E+00
    5.286473702590811E-03   -1.164780947232371E-07    0.000000000000000E+00
    5.286463276322576E-03   -1.126278726159648E-07    0.000000000000000E+00
    5.286469547225742E-03   -9.697437067070775E-08    0.000000000000000E+00
    5.286460826473714E-03   -6.856334941138619E-08    0.000000000000000E+00
    5.286506567624438E-03   -2.080923547039436E-08    0.000000000000000E+00
    5.286475626464147E-03    4.277943279624092E-08    0.000000000000000E+00
    5.286630670064214E-03    1.364220747220756E-07    0.000000000000000E+00
    5.286460460067429E-03    2.409567617928552E-07    0.000000000000000E+00
    5.286976856237711E-03    3.874718045193562E-07    0.000000000000000E+00
    5.286144705864061E-03    5.131374978295630E-07    0.000000000000000E+00
    5.288071355433645E-03    6.845451646484840E-07    0.000000000000000E+00
    5.284550050202268E-03    7.388941014005066E-07    0.000000000000000E+00
    5.291702224094328E-03    7.794842871947111E-07    0.000000000000000E+00
    5.278627055087083E-03    6.270235674248903E-07    0.000000000000000E+00
    5.306475864762136E-03   -2.815598916637794E-08    0.000000000000000E+00
    5.166539620964099E-03    5.114890808141350E-06    0.000000000000000E+00
    5.137723273302345E-03    4.653602765858977E-06    0.000000000000000E+00
    5.150261290914796E-03    3.462998690525983E-06    0.000000000000000E+00
    5.143513683091530E-03    2.515557137166640E-06    0.000000000000000E+00
    5.146692969843837E-03    1.586813534775475E-06    0.000000000000000E+00
    5.145114122597875E-03    1.013512240090221E-06    0.000000000000000E+00
    5.146031779024126E-03    5.453079993549806E-07    0.000000000000000E+00
    5.145666006427846E-03    2.728524332515132E-07    0.000000000000000E+00
    5.145934707876590E-03    7.047130641252497E-08    0.000000000000000E+00
    5.145851613257345E-03   -4.629463367893020E-08    0.000000000000000E+00
    5.145913850417629E-03   -1.250003571977604E-07    0.000000000000000E+00
    5.145879333222371E-03   -1.671171103894662E-07    0.000000000000000E+00
    5.145874624793992E-03   -1.900068077817231E-07    0.000000000000000E+00
    5.145841471631926E-03   -1.966244111817907E-07    0.000000000000000E+00
    5.145813833213261E-03   -1.936972180370102E-07    0.000000000000000E+00
    5.145778172850799E-03   -1.834116922367404E-07    0.000000000000000E+00
    5.145744179623646E-03   -1.686812708610745E-07    0.000000000000000E+00
    5.145709229862029E-03   -1.509633022993751E-07    0.000000000000000E+00
    5.145676382217540E-03   -1.317447420807409E-07    0.000000000000000E+00
    5.145645419154599E-03   -1.119924051271466E-07    0.000000000000000E+00
    5.145617413972483E-03   -9.256588748306936E-08    0.000000000000000E+00
    5.145592478986860E-03   -7.408181818737576E-08    0.000000000000000E+00
    5.145570938931419E-03   -5.702863784504464E-08    0.000000000000000E+00
    5.145552775690585E-03   -4.173656246684784E-08    0.000000000000000E+00
    5.145537944137632E-03   -2.841439628825689E-08    0.000000000000000E+00
    5.145526250279476E-03   -1.715056906883363E-08    0.000000000000000E+00
    5.145517450644640E-03   -7.933548078986155E-09    0.000000000000000E+00
    5.145511240148452E-03   -6.644974273246089E-10    0.000000000000000E+00
    5.145507294284330E-03    4.823889033903630E-09    0.000000000000000E+00
    5.145505281329018E-03    8.751304306671640E-09    0.000000000000000E+00
    5.145504885368951E-03    1.137260798547690E-08    0.000000000000000E+00
    5.145505818581154E-03    1.296153296994063E-08    0.000000000000000E+00
    5.145507833370812E-03    1.379628861899015E-08    0.000000000000000E+00
    5.145510728894491E-03    1.414727876911676E-08    0.000000000000000E+00
    5.145514354760741E-03    1.426704105244405E-08    0.000000000000000E+00
    5.145518610875618E-03    1.438241198212478E-08    0.000000000000000E+00
    5.145523444489924E-03    1.468867581280592E-08    0.000000000000000E+00
    5.145528844561217E-03    1.534540234145799E-08    0.000000000000000E+00
    5.145534834068198E-03    1.647358693015610E-08    0.000000000000000E+00
    5.145541460655655E-03    1.815372524685201E-08    0.000000000000000E+00
    5.145548786102074E-03    2.042449570664616E-08    0.000000000000000E+00
    5.145556875022057E-03    2.328182286189259E-08    0.000000000000000E+00
    5.145565783235692E-03    2.667821696085935E-08    0.000000000000000E+00
    5.145575546233382E-03    3.052242822251958E-08    0.000000000000000E+00
    5.145586168170744E-03    3.467959480659593E-08    0.000000000000000E+00
    5.145597611890419E-03    3.897219704396449E-08    0.000000000000000E+00
    5.145609790431926E-03    4.318222525607457E-08    0.000000000000000E+00
    5.145622560673436E-03    4.705504031679097E-08    0.000000000000000E+00
    5.145635719478955E-03    5.030538797840512E-08    0.000000000000000E+00
    5.145649003307874E-03    5.262602632661618E-08    0.000000000000000E+00
    5.145662091054150E-03    5.369921267219196E-08    0.000000000000000E+00
    5.145674612090186E-03    5.321132372904740E-08    0.000000000000000E+00
    5.145686156826579E-03    5.087027423033899E-08    0.000000000000000E+00
    5.145696295897635E-03    4.642592503109013E-08    0.000000000000000E+00
    5.145704596051610E-03    3.969188733099431E-08    0.000000000000000E+00
    5.145710655854251E-03    3.056992246011738E-08    0.000000000000000E+00
    5.145714114072810E-03    1.907198663015292E-08    0.000000000000000E+00
    5.145714722156658E-03    5.346696816282761E-09    0.000000000000000E+00
    5.145712296837618E-03   -1.030648584105149E-08    0.000000000000000E+00
    5.145706914013734E-03   -2.740531805174272E-08    0.000000000000000E+00
    5.145698624889399E-03   -4.529211484088571E-08    0.000000000000000E+00
    5.145688113663765E-03   -6.307037774246535E-08    0.000000000000000E+00
    5.145675483609271E-03   -7.968808736280794E-08    0.000000000000000E+00
    5.145662745097443E-03   -9.373820383213023E-08    0.000000000000000E+00
    5.145648954949058E-03   -1.038039302943771E-07    0.000000000000000E+00
    5.145639897705901E-03   -1.077446867617933E-07    0.000000000000000E+00
    5.145628952235010E-03   -1.040078503558064E-07    0.000000000000000E+00
    5.145635040063962E-03   -8.906545096055483E-08    0.000000000000000E+00
    5.145627081772612E-03   -6.225419442520037E-08    0.000000000000000E+00
    5.145674309028596E-03   -1.666753942538674E-08    0.000000000000000E+00
    5.145647150863243E-03    4.344377005871280E-08    0.000000000000000E+00
    5.145807169769752E-03    1.338823486211527E-07    0.000000000000000E+00
    5.145646819109682E-03    2.329438275522853E-07    0.000000000000000E+00
    5.146174572943384E-03    3.771212985950682E-07    0.000000000000000E+00
    5.145363594420816E-03    4.938002150953402E-07    0.000000000000000E+00
    5.147313463926746E-03    6.665930175449893E-07    0.000000000000000E+00
    5.143831117773362E-03    6.966887242429140E-07    0.000000000000000E+00
    5.151050354536701E-03    7.346209248683723E-07    0.000000000000000E+00
    5.138030420417048E-03    5.213465126377460E-07    0.000000000000000E+00
    5.166111160007302E-03   -1.873926993803303E-07    0.000000000000000E+00
    5.005483819080030E-03    5.368512461014370E-06    0.000000000000000E+00
    4.976815304935019E-03    4.855168565300423E-06    0.000000000000000E+00
    4.989515047408274E-03    3.540013591362614E-06    0.000000000000000E+00
    4.982917300155688E-03    2.549414950583197E-06    0.000000000000000E+00
    4.986194894769020E-03    1.575524972263314E-06    0.000000000000000E+00
    4.984688278385275E-03    1.001170692132246E-06    0.000000000000000E+00
    4.985641781773740E-03    5.301488128860402E-07    0.000000000000000E+00
    4.985301108120465E-03    2.663353592129347E-07    0.000000000000000E+00
    4.985579536309973E-03    6.943399527038932E-08    0.000000000000000E+00
    4.985502656877394E-03   -4.087762268722740E-08    0.000000000000000E+00
    4.985566103711205E-03   -1.155021097725717E-07    0.000000000000000E+00
    4.985531702253532E-03   -1.545091254264913E-07    0.000000000000000E+00
    4.985525709231831E-03   -1.757672730938084E-07    0.000000000000000E+00
    4.985491042366303E-03   -1.816399429811781E-07    0.000000000000000E+00
    4.985461596590762E-03   -1.788006556358887E-07    0.000000000000000E+00
    4.985424182823267E-03   -1.691473689412184E-07    0.000000000000000E+00
    4.985388477768571E-03   -1.554706558278226E-07    0.000000000000000E+00
    4.985351956521127E-03   -1.390690829284796E-07    0.000000000000000E+00
    4.985317674954512E-03   -1.213285017412663E-07    0.000000000000000E+00
    4.985285440276630E-03   -1.031193006554739E-07    0.000000000000000E+00
    4.985256321516422E-03   -8.523050490990927E-08    0.000000000000000E+00
    4.985230432351040E-03   -6.821972360220689E-08    0.000000000000000E+00
    4.985208089732241E-03   -5.253241523555819E-08    0.000000000000000E+00
    4.985189267963190E-03   -3.846756784834322E-08    0.000000000000000E+00
    4.985173910887778E-03   -2.621485639408662E-08    0.000000000000000E+00
    4.985161812764097E-03   -1.585369043607274E-08    0.000000000000000E+00
    4.985152717037917E-03   -7.372662923217391E-09    0.000000000000000E+00
    4.985146305242388E-03   -6.805316400933264E-10    0.000000000000000E+00
    4.985142239503007E-03    4.376362739339691E-09    0.000000000000000E+00
    4.985140175087500E-03    7.999610439209500E-09    0.000000000000000E+00
    4.985139784048777E-03    1.042303452869413E-08    0.000000000000000E+00
    4.985140767824002E-03    1.189777944034170E-08    0.000000000000000E+00
    4.985142869659066E-03    1.267912104596698E-08    0.000000000000000E+00
    4.985145881305877E-03    1.301521477814643E-08    0.000000000000000E+00
    4.985149646799384E-03    1.313786362667143E-08    0.000000000000000E+00
    4.985154062282228E-03    1.325532027157120E-08    0.000000000000000E+00
    4.985159072935479E-03    1.354689971806385E-08    0.000000000000000E+00
    4.985164667140240E-03    1.415913908054813E-08    0.000000000000000E+00
    4.985170868517595E-03    1.520315150826540E-08    0.000000000000000E+00
    4.985177726239998E-03    1.675284103693807E-08    0.000000000000000E+00
    4.985185304120772E-03    1.884368018317677E-08    0.000000000000000E+00
    4.985193668910363E-03    2.147184414077432E-08    0.000000000000000E+00
    4.985202878248059E-03    2.459360603745810E-08    0.000000000000000E+00
    4.985212968714887E-03    2.812502897793751E-08    0.000000000000000E+00
    4.985223944440001E-03    3.194211842218590E-08    0.000000000000000E+00
    4.985235766775216E-03    3.588172079125656E-08    0.000000000000000E+00
    4.985248345517553E-03    3.974353945742914E-08    0.000000000000000E+00
    4.985261532339908E-03    4.329370655638873E-08    0.000000000000000E+00
    4.985275116823371E-03    4.627032816208535E-08    0.000000000000000E+00
    4.985288826057030E-03    4.839142578773291E-08    0.000000000000000E+00
    4.985302327597713E-03    4.936548734118016E-08    0.000000000000000E+00
    4.985315237749473E-03    4.890489463767732E-08    0.000000000000000E+00
    4.985327132528046E-03    4.674188073807680E-08    0.000000000000000E+00
    4.985337567324755E-03    4.264726611754211E-08    0.000000000000000E+00
    4.985346093536363E-03    3.645036517609507E-08    0.000000000000000E+00
    4.985352294887294E-03    2.806146127450486E-08    0.000000000000000E+00
    4.985355797052919E-03    1.749172830505923E-08    0.000000000000000E+00
    4.985356340505222E-03    4.878000425750429E-09    0.000000000000000E+00
    4.985353735588379E-03   -9.505289410683910E-09    0.000000000000000E+00
    4.985348055073792E-03   -2.521468508797824E-08    0.000000000000000E+00
    4.985339356674897E-03   -4.164783990211414E-08    0.000000000000000E+00
    4.985328333787310E-03   -5.797744598689731E-08    0.000000000000000E+00
    4.985315121704956E-03   -7.324154197110168E-08    0.000000000000000E+00
    4.985301755326742E-03   -8.612979036073620E-08    0.000000000000000E+00
    4.985287378763362E-03   -9.535514340621769E-08    0.000000000000000E+00
    4.985277808931503E-03   -9.888217104038625E-08    0.000000000000000E+00
    4.985266650188123E-03   -9.534461242351129E-08    0.000000000000000E+00
    4.985272805981524E-03   -8.125368406355951E-08    0.000000000000000E+00
    4.985265810216848E-03   -5.626708388695743E-08    0.000000000000000E+00
    4.985314565982595E-03   -1.316771015941997E-08    0.000000000000000E+00
    4.985291187908542E-03    4.297137620946883E-08    0.000000000000000E+00
    4.985455851191154E-03    1.295917489995190E-07    0.000000000000000E+00
    4.985305190631202E-03    2.221567468283903E-07    0.000000000000000E+00
    4.985843371532111E-03    3.630441683716205E-07    0.000000000000000E+00
    4.985053607504178E-03    4.685176878111944E-07    0.000000000000000E+00
    4.987024492514899E-03    6.414585674854355E-07    0.000000000000000E+00
    4.983581401503990E-03    6.411005760638494E-07    0.000000000000000E+00
    4.990865155939122E-03    6.734521264684297E-07    0.000000000000000E+00
    4.977899861003771E-03    3.821746640152449E-07    0.000000000000000E+00
    5.006230785935930E-03   -3.829963101016993E-07    0.000000000000000E+00
    4.824853092826213E-03    5.595953878213315E-06    0.000000000000000E+00
    4.796343758759852E-03    5.019118448344830E-06    0.000000000000000E+00
    4.809221169170577E-03    3.574139706304693E-06    0.000000000000000E+00
    4.802786308385319E-03    2.552404959059127E-06    0.000000000000000E+00
    4.806164924365467E-03    1.541746441046016E-06    0.000000000000000E+00
    4.804732604523260E-03    9.756265343310892E-07    0.000000000000000E+00
    4.805720530294770E-03    5.071231550197323E-07    0.000000000000000E+00
    4.805404459606221E-03    2.557231069641546E-07    0.000000000000000E+00
    4.805691652934574E-03    6.632144666478090E-08    0.000000000000000E+00
    4.805620761319893E-03   -3.631233812255697E-08    0.000000000000000E+00
    4.805685342545417E-03   -1.062313598516104E-07    0.000000000000000E+00
    4.805651335262608E-03   -1.417866282676670E-07    0.000000000000000E+00
    4.805644471109509E-03   -1.612532644413795E-07    0.000000000000000E+00
    4.805608835329761E-03   -1.663095165293114E-07    0.000000000000000E+00
    4.805578169122094E-03   -1.635387524866937E-07    0.000000000000000E+00
    4.805539606825594E-03   -1.545239688622275E-07    0.000000000000000E+00
    4.805502774881752E-03   -1.419213760322361E-07    0.000000000000000E+00
    4.805465231221598E-03   -1.268633658014900E-07    0.000000000000000E+00
    4.805430013816685E-03   -1.106312275315305E-07    0.000000000000000E+00
    4.805396948048648E-03   -9.399679346888301E-08    0.000000000000000E+00
    4.805367094726082E-03   -7.767738550244177E-08    0.000000000000000E+00
    4.805340568889620E-03   -6.217083068055213E-08    0.000000000000000E+00
    4.805317681737876E-03   -4.787908421356248E-08    0.000000000000000E+00
    4.805298403987012E-03   -3.506949202557708E-08    0.000000000000000E+00
    4.805282673587694E-03   -2.391226886783637E-08    0.000000000000000E+00
    4.805270279006417E-03   -1.447754385021438E-08    0.000000000000000E+00
    4.805260956913374E-03   -6.753851421320601E-09    0.000000000000000E+00
    4.805254381807603E-03   -6.574494908460282E-10    0.000000000000000E+00
    4.805250208526987E-03    3.951690364590567E-09    0.000000000000000E+00
    4.805248084936730E-03    7.256982323285319E-09    0.000000000000000E+00
    4.805247675983891E-03    9.471038788376230E-09    0.000000000000000E+00
    4.805248676511443E-03    1.082217045643038E-08    0.000000000000000E+00
    4.805250823897926E-03    1.154241804902744E-08    0.000000000000000E+00
    4.805253904908202E-03    1.185735197028011E-08    0.000000000000000E+00
    4.805257759566011E-03    1.197768922404514E-08    0.000000000000000E+00
    4.805262281012117E-03    1.209275372848338E-08    0.000000000000000E+00
    4.805267412401329E-03    1.236557274256458E-08    0.000000000000000E+00
    4.805273140969296E-03    1.292937681274174E-08    0.000000000000000E+00
    4.805279489920905E-03    1.388518307496906E-08    0.000000000000000E+00
    4.805286508543873E-03    1.530016245002108E-08    0.000000000000000E+00
    4.805294261065046E-03    1.720652094640008E-08    0.000000000000000E+00
    4.805302814691389E-03    1.960070925681920E-08    0.000000000000000E+00
    4.805312227298300E-03    2.244287418190819E-08    0.000000000000000E+00
    4.805322535225433E-03    2.565658468643350E-08    0.000000000000000E+00
    4.805333741647186E-03    2.912898066294983E-08    0.000000000000000E+00
    4.805345806046501E-03    3.271160368959074E-08    0.000000000000000E+00
    4.805358635286260E-03    3.622224498263156E-08    0.000000000000000E+00
    4.805372076948693E-03    3.944820857987160E-08    0.000000000000000E+00
    4.805385915349869E-03    4.215136435702296E-08    0.000000000000000E+00
    4.805399871195785E-03    4.407537810510449E-08    0.000000000000000E+00
    4.805413604689937E-03    4.495529954453553E-08    0.000000000000000E+00
    4.805426724026641E-03    4.452976953290070E-08    0.000000000000000E+00
    4.805438796683986E-03    4.255548910780622E-08    0.000000000000000E+00
    4.805449369421796E-03    3.882425793306220E-08    0.000000000000000E+00
    4.805457985444898E-03    3.318095987570012E-08    0.000000000000000E+00
    4.805464221047096E-03    2.554409122630042E-08    0.000000000000000E+00
    4.805467696135265E-03    1.592354129446994E-08    0.000000000000000E+00
    4.805468146956380E-03    4.443644760539157E-09    0.000000000000000E+00
    4.805465383235629E-03   -8.647135631617414E-09    0.000000000000000E+00
    4.805459478645025E-03   -2.294534521424442E-08    0.000000000000000E+00
    4.805450499432051E-03   -3.790557214516064E-08    0.000000000000000E+00
    4.805439146833482E-03   -5.277176441521770E-08    0.000000000000000E+00
    4.805425584057891E-03   -6.667480549567143E-08    0.000000000000000E+00
    4.805411860238698E-03   -7.840468826798673E-08    0.000000000000000E+00
    4.805397194938981E-03   -8.680949917413231E-08    0.000000000000000E+00
    4.805387412661987E-03   -8.996565679030312E-08    0.000000000000000E+00
    4.805376326625932E-03   -8.670504505978914E-08    0.000000000000000E+00
    4.805382770338650E-03   -7.358962626167565E-08    0.000000000000000E+00
    4.805376892818916E-03   -5.062694803897732E-08    0.000000000000000E+00
    4.805427148701775E-03   -1.030065355713900E-08    0.000000000000000E+00
    4.805407453442378E-03    4.141344371681944E-08    0.000000000000000E+00
    4.805576265854945E-03    1.236482934903159E-07    0.000000000000000E+00
    4.805434939535758E-03    2.087406542726767E-07    0.000000000000000E+00
    4.805982218681470E-03    3.454559788684341E-07    0.000000000000000E+00
    4.805213346173492E-03    4.375513740493503E-07    0.000000000000000E+00
    4.807201915550371E-03    6.096675490620755E-07    0.000000000000000E+00
    4.803797303098403E-03    5.725120311124132E-07    0.000000000000000E+00
    4.811139363220922E-03    5.969629051299964E-07    0.000000000000000E+00
    4.798224413148697E-03    2.078437764991229E-07    0.000000000000000E+00
    4.826818830057842E-03   -6.173090717036394E-07    0.000000000000000E+00
    4.624659250504226E-03    5.795180184376228E-06    0.000000000000000E+00
    4.596319357085635E-03    5.142428159885598E-06    0.000000000000000E+00
    4.609388898719165E-03    3.561631886081522E-06    0.000000000000000E+00
    4.603128296317238E-03    2.523070415759291E-06    0.000000000000000E+00
    4.606607597606061E-03    1.485014579045854E-06    0.000000000000000E+00
    4.605249945752225E-03    9.370706986196389E-07    0.000000000000000E+00
    4.606269457022629E-03    4.765540571972999E-07    0.000000000000000E+00
    4.605976805403845E-03    2.412960854783846E-07    0.000000000000000E+00
    4.606271366305062E-03    6.130777961629149E-08    0.000000000000000E+00
    4.606206038122177E-03   -3.253276035700956E-08    0.000000000000000E+00
    4.606271569377832E-03   -9.720699274575260E-08    0.000000000000000E+00
    4.606238190118785E-03   -1.290297026085118E-07    0.000000000000000E+00
    4.606230846633781E-03   -1.465834602736189E-07    0.000000000000000E+00
    4.606194779868127E-03   -1.507735957681357E-07    0.000000000000000E+00
    4.606163478155723E-03   -1.480607680215156E-07    0.000000000000000E+00
    4.606124373125623E-03   -1.396904910169344E-07    0.000000000000000E+00
    4.606087001058403E-03   -1.281757706340518E-07    0.000000000000000E+00
    4.606048986537091E-03   -1.144776337636327E-07    0.000000000000000E+00
    4.606013334191105E-03   -9.977091824549936E-08    0.000000000000000E+00
    4.605979881010530E-03   -8.472800394775321E-08    0.000000000000000E+00
    4.605949675563042E-03   -6.999429222650386E-08    0.000000000000000E+00
    4.605922834210512E-03   -5.600777078624309E-08    0.000000000000000E+00
    4.605899664336452E-03   -4.312689139107234E-08    0.000000000000000E+00
    4.605880136965140E-03   -3.158732136018516E-08    0.000000000000000E+00
    4.605864189178062E-03   -2.153973609658055E-08    0.000000000000000E+00
    4.605851609500536E-03   -1.304486924180789E-08    0.000000000000000E+00
    4.605842134037273E-03   -6.091065044614894E-09    0.000000000000000E+00
    4.605835436523745E-03   -6.019622351672212E-10    0.000000000000000E+00
    4.605831170532195E-03    3.548942849730079E-09    0.000000000000000E+00
    4.605828982094421E-03    6.526956669607534E-09    0.000000000000000E+00
    4.605828533967854E-03    8.523486150418102E-09    0.000000000000000E+00
    4.605829518553159E-03    9.743965965831115E-09    0.000000000000000E+00
    4.605831670674391E-03    1.039711463789968E-08    0.000000000000000E+00
    4.605834774559944E-03    1.068579625383864E-08    0.000000000000000E+00
    4.605838667826359E-03    1.079949703072108E-08    0.000000000000000E+00
    4.605843241421497E-03    1.090845692614704E-08    0.000000000000000E+00
    4.605848436568328E-03    1.115926336414388E-08    0.000000000000000E+00
    4.605854238840810E-03    1.167170439991056E-08    0.000000000000000E+00
    4.605860670022686E-03    1.253659300701692E-08    0.000000000000000E+00
    4.605867778158741E-03    1.381429600752583E-08    0.000000000000000E+00
    4.605875626322935E-03    1.553372568941232E-08    0.000000000000000E+00
    4.605884280555589E-03    1.769162819952692E-08    0.000000000000000E+00
    4.605893797443082E-03    2.025209111353647E-08    0.000000000000000E+00
    4.605904211811901E-03    2.314629999513539E-08    0.000000000000000E+00
    4.605915525015817E-03    2.627267662888833E-08    0.000000000000000E+00
    4.605927694354966E-03    2.949763186272091E-08    0.000000000000000E+00
    4.605940624130821E-03    3.265723276820050E-08    0.000000000000000E+00
    4.605954159011955E-03    3.556014233970445E-08    0.000000000000000E+00
    4.605968080124610E-03    3.799216419284774E-08    0.000000000000000E+00
    4.605982104827044E-03    3.972274462348086E-08    0.000000000000000E+00
    4.605995889987533E-03    4.051358169454123E-08    0.000000000000000E+00
    4.606009040664566E-03    4.012959762680626E-08    0.000000000000000E+00
    4.606021121646760E-03    3.835190763929903E-08    0.000000000000000E+00
    4.606031677635334E-03    3.499315157512603E-08    0.000000000000000E+00
    4.606040250730070E-03    2.991355336445447E-08    0.000000000000000E+00
    4.606046417094082E-03    2.303949866730124E-08    0.000000000000000E+00
    4.606049798037657E-03    1.437917616103173E-08    0.000000000000000E+00
    4.606050132139587E-03    4.043907922655383E-09    0.000000000000000E+00
    4.606047234039240E-03   -7.744415435736565E-09    0.000000000000000E+00
    4.606041182053227E-03   -2.062306678969157E-08    0.000000000000000E+00
    4.606032052658734E-03   -3.410450804706359E-08    0.000000000000000E+00
    4.606020553158878E-03   -4.750517830717970E-08    0.000000000000000E+00
    4.606006870095672E-03   -6.005055660717508E-08    0.000000000000000E+00
    4.605993055815465E-03   -7.063339780990715E-08    0.000000000000000E+00
    4.605978392720083E-03   -7.824085222526816E-08    0.000000000000000E+00
    4.605968686457753E-03   -8.106641043360163E-08    0.000000000000000E+00
    4.605957941111530E-03   -7.815003305162941E-08    0.000000000000000E+00
    4.605964863775540E-03   -6.611475629966551E-08    0.000000000000000E+00
    4.605960218596570E-03   -4.534480996135378E-08    0.000000000000000E+00
    4.606011877471645E-03   -8.036663503756811E-09    0.000000000000000E+00
    4.605995676252145E-03    3.885276742665519E-08    0.000000000000000E+00
    4.606167976531649E-03    1.161954594462465E-07    0.000000000000000E+00
    4.606035445781104E-03    1.929116482700795E-07    0.000000000000000E+00
    4.606590081448270E-03    3.246740872664743E-07    0.000000000000000E+00
    4.605841441244974E-03    4.013402872141020E-07    0.000000000000000E+00
    4.607843171752899E-03    5.720468062235485E-07    0.000000000000000E+00
    4.604475300609115E-03    4.918826089129216E-07    0.000000000000000E+00
    4.611865247759562E-03    5.071900882690952E-07    0.000000000000000E+00
    4.598992257307403E-03   -2.177325249156106E-09    0.000000000000000E+00
    4.627856849175750E-03   -8.917681755655692E-07    0.000000000000000E+00
    4.404914166456960E-03    5.964260938133503E-06    0.000000000000000E+00
    4.376754294526347E-03    5.222327360838010E-06    0.000000000000000E+00
    4.390028291957541E-03    3.499134684638620E-06    0.000000000000000E+00
    4.383951537387788E-03    2.460625694889366E-06    0.000000000000000E+00
    4.387527573036641E-03    1.405475712665614E-06    0.000000000000000E+00
    4.386243156650411E-03    8.861114174568078E-07    0.000000000000000E+00
    4.387289913723951E-03    4.390276963467339E-07    0.000000000000000E+00
    4.387018827238925E-03    2.234774667538847E-07    0.000000000000000E+00
    4.387318936918605E-03    5.464381015276296E-08    0.000000000000000E+00
    4.387258575507710E-03   -2.943601306538564E-08    0.000000000000000E+00
    4.387324778549422E-03   -8.843021873347489E-08    0.000000000000000E+00
    4.387292228061357E-03   -1.163109709452944E-07    0.000000000000000E+00
    4.387284781155926E-03   -1.318735264214895E-07    0.000000000000000E+00
    4.387248817347312E-03   -1.351717594250499E-07    0.000000000000000E+00
    4.387217463465086E-03   -1.325158884135499E-07    0.000000000000000E+00
    4.387178421584738E-03   -1.247962212195907E-07    0.000000000000000E+00
    4.387141096357228E-03   -1.143766042108576E-07    0.000000000000000E+00
    4.387103163080686E-03   -1.020438901879772E-07    0.000000000000000E+00
    4.387067577506097E-03   -8.886617164322253E-08    0.000000000000000E+00
    4.387034181853925E-03   -7.541673259841550E-08    0.000000000000000E+00
    4.387004008436314E-03   -6.226974144342802E-08    0.000000000000000E+00
    4.386977174896162E-03   -4.980398760387078E-08    0.000000000000000E+00
    4.386953986656433E-03   -3.833493151222795E-08    0.000000000000000E+00
    4.386934418838730E-03   -2.806689922264943E-08    0.000000000000000E+00
    4.386918412548042E-03   -1.913119796259129E-08    0.000000000000000E+00
    4.386905762088920E-03   -1.157919788373345E-08    0.000000000000000E+00
    4.386896209088196E-03   -5.398977520984859E-09    0.000000000000000E+00
    4.386889432685896E-03   -5.214161020235385E-10    0.000000000000000E+00
    4.386885091128922E-03    3.166656377387517E-09    0.000000000000000E+00
    4.386882834124961E-03    5.812642549451769E-09    0.000000000000000E+00
    4.386882327127789E-03    7.586923093256829E-09    0.000000000000000E+00
    4.386883264237101E-03    8.672213204489268E-09    0.000000000000000E+00
    4.386885381041825E-03    9.254033385050794E-09    0.000000000000000E+00
    4.386888461705390E-03    9.512632859104999E-09    0.000000000000000E+00
    4.386892343073033E-03    9.616326955031603E-09    0.000000000000000E+00
    4.386896914748576E-03    9.716305002512133E-09    0.000000000000000E+00
    4.386902116162916E-03    9.942728197320353E-09    0.000000000000000E+00
    4.386907930761069E-03    1.040194376275927E-08    0.000000000000000E+00
    4.386914377952021E-03    1.117455778479978E-08    0.000000000000000E+00
    4.386921503232479E-03    1.231413230650308E-08    0.000000000000000E+00
    4.386929367011730E-03    1.384629180679248E-08    0.000000000000000E+00
    4.386938032596519E-03    1.576809254519427E-08    0.000000000000000E+00
    4.386947553817124E-03    1.804758577643950E-08    0.000000000000000E+00
    4.386957962774954E-03    2.062360161348208E-08    0.000000000000000E+00
    4.386969258198655E-03    2.340587103815903E-08    0.000000000000000E+00
    4.386981394953545E-03    2.627569308817703E-08    0.000000000000000E+00
    4.386994275213252E-03    2.908741212032532E-08    0.000000000000000E+00
    4.387007741967002E-03    3.167102441257092E-08    0.000000000000000E+00
    4.387021575276782E-03    3.383620544682204E-08    0.000000000000000E+00
    4.387035492227870E-03    3.537807642699555E-08    0.000000000000000E+00
    4.387049150395065E-03    3.608482962386157E-08    0.000000000000000E+00
    4.387062156677546E-03    3.574746464675392E-08    0.000000000000000E+00
    4.387074078999049E-03    3.417126031077054E-08    0.000000000000000E+00
    4.387084466520108E-03    3.118940693674499E-08    0.000000000000000E+00
    4.387092867231930E-03    2.667715243915509E-08    0.000000000000000E+00
    4.387098864337330E-03    2.056844364028286E-08    0.000000000000000E+00
    4.387102087551844E-03    1.286944941097647E-08    0.000000000000000E+00
    4.387102284129796E-03    3.678179544983857E-09    0.000000000000000E+00
    4.387099278915161E-03   -6.810298424635824E-09    0.000000000000000E+00
    4.387093158322415E-03   -1.827421147301805E-08    0.000000000000000E+00
    4.387084010440107E-03   -3.028416106576616E-08    0.000000000000000E+00
    4.387072546470880E-03   -4.222946592790379E-08    0.000000000000000E+00
    4.387058971311203E-03   -5.343088019335807E-08    0.000000000000000E+00
    4.387045328852229E-03   -6.288511855926919E-08    0.000000000000000E+00
    4.387030951149801E-03   -6.972076493393058E-08    0.000000000000000E+00
    4.387021597023171E-03   -7.225203987272559E-08    0.000000000000000E+00
    4.387011442511400E-03   -6.973473699230627E-08    0.000000000000000E+00
    4.387019007127428E-03   -5.886190407301852E-08    0.000000000000000E+00
    4.387015669411515E-03   -4.041827953559185E-08    0.000000000000000E+00
    4.387068568423050E-03   -6.326089572298808E-09    0.000000000000000E+00
    4.387055587453722E-03    3.540336023417658E-08    0.000000000000000E+00
    4.387230551158802E-03    1.074213885548985E-07    0.000000000000000E+00
    4.387106109223454E-03    1.749569968923716E-07    0.000000000000000E+00
    4.387665941862594E-03    3.011140609682678E-07    0.000000000000000E+00
    4.386936602765553E-03    3.605004169664793E-07    0.000000000000000E+00
    4.388945739059225E-03    5.297128041798741E-07    0.000000000000000E+00
    4.385612168485750E-03    4.007859797186515E-07    0.000000000000000E+00
    4.393034834371317E-03    4.073410102309800E-07    0.000000000000000E+00
    4.380191180378205E-03   -2.470051703669877E-07    0.000000000000000E+00
    4.409323533047709E-03   -1.206602145020985E-06    0.000000000000000E+00
    4.165629193686260E-03    6.101098728934284E-06    0.000000000000000E+00
    4.137662605981686E-03    5.256177904719523E-06    0.000000000000000E+00
    4.151150074060666E-03    3.383786502247359E-06    0.000000000000000E+00
    4.145264899170013E-03    2.365056225373967E-06    0.000000000000000E+00
    4.148929431740108E-03    1.303967849061969E-06    0.000000000000000E+00
    4.147714974367355E-03    8.237954624571030E-07    0.000000000000000E+00
    4.148783076022873E-03    3.953976456444148E-07    0.000000000000000E+00
    4.148531094815331E-03    2.028254860136274E-07    0.000000000000000E+00
    4.148834551898726E-03    4.664985772969017E-08    0.000000000000000E+00
    4.148778433294459E-03   -2.688878278581528E-08    0.000000000000000E+00
    4.148844962270304E-03   -7.988863040988846E-08    0.000000000000000E+00
    4.148813427597375E-03   -1.036980853127958E-07    0.000000000000000E+00
    4.148806247142423E-03   -1.172372376950221E-07    0.000000000000000E+00
    4.148770921218952E-03   -1.196429847795344E-07    0.000000000000000E+00
    4.148740097547396E-03   -1.170529325780991E-07    0.000000000000000E+00
    4.148701723050472E-03   -1.099901247645102E-07    0.000000000000000E+00
    4.148665028397649E-03   -1.006662951958371E-07    0.000000000000000E+00
    4.148627724794646E-03   -8.969384170121973E-08    0.000000000000000E+00
    4.148592703926411E-03   -7.803538968337813E-08    0.000000000000000E+00
    4.148559807458882E-03   -6.616673352024043E-08    0.000000000000000E+00
    4.148530047668120E-03   -5.459236756420430E-08    0.000000000000000E+00
    4.148503543606545E-03   -4.363320347418665E-08    0.000000000000000E+00
    4.148480600589860E-03   -3.356271586038338E-08    0.000000000000000E+00
    4.148461201557863E-03   -2.455459112969006E-08    0.000000000000000E+00
    4.148445296395622E-03   -1.672118449319249E-08    0.000000000000000E+00
    4.148432690747172E-03   -1.010468145426502E-08    0.000000000000000E+00
    4.148423137677318E-03   -4.692878400473811E-09    0.000000000000000E+00
    4.148416327736416E-03   -4.237385019053715E-10    0.000000000000000E+00
    4.148411929638637E-03    2.802844821441000E-09    0.000000000000000E+00
    4.148409602151424E-03    5.116702726344087E-09    0.000000000000000E+00
    4.148409018217655E-03    6.667536321518039E-09    0.000000000000000E+00
    4.148409877709530E-03    7.615691231141377E-09    0.000000000000000E+00
    4.148411920256669E-03    8.123820549583439E-09    0.000000000000000E+00
    4.148414932408468E-03    8.349858816576086E-09    0.000000000000000E+00
    4.148418751874129E-03    8.441211866768751E-09    0.000000000000000E+00
    4.148423267778689E-03    8.530237807340600E-09    0.000000000000000E+00
    4.148428417931072E-03    8.730849075939270E-09    0.000000000000000E+00
    4.148434183221591E-03    9.136089963693371E-09    0.000000000000000E+00
    4.148440579781063E-03    9.816461384770177E-09    0.000000000000000E+00
    4.148447649309685E-03    1.081878947729623E-08    0.000000000000000E+00
    4.148455448101617E-03    1.216544935757805E-08    0.000000000000000E+00
    4.148464035227306E-03    1.385381629017786E-08    0.000000000000000E+00
    4.148473460359191E-03    1.585588357078229E-08    0.000000000000000E+00
    4.148483751726301E-03    1.811807087263228E-08    0.000000000000000E+00
    4.148494904689369E-03    2.056132567752899E-08    0.000000000000000E+00
    4.148506871483124E-03    2.308169954333749E-08    0.000000000000000E+00
    4.148519552634641E-03    2.555163019217751E-08    0.000000000000000E+00
    4.148532790723738E-03    2.782221082984462E-08    0.000000000000000E+00
    4.148546366893289E-03    2.972669816235119E-08    0.000000000000000E+00
    4.148560001029492E-03    3.108554506117253E-08    0.000000000000000E+00
    4.148573355429781E-03    3.171304863686171E-08    0.000000000000000E+00
    4.148586043755960E-03    3.142586230670497E-08    0.000000000000000E+00
    4.148597642804540E-03    3.005298899632577E-08    0.000000000000000E+00
    4.148607712591551E-03    2.744773798595325E-08    0.000000000000000E+00
    4.148615813839373E-03    2.349998804428303E-08    0.000000000000000E+00
    4.148621543770088E-03    1.815092417984058E-08    0.000000000000000E+00
    4.148624547286371E-03    1.140448316090862E-08    0.000000000000000E+00
    4.148624586417534E-03    3.345283447439054E-09    0.000000000000000E+00
    4.148621501263268E-03   -5.858322429883248E-09    0.000000000000000E+00
    4.148615389528209E-03   -1.592523672695228E-08    0.000000000000000E+00
    4.148606352075599E-03   -2.648378576613453E-08    0.000000000000000E+00
    4.148595101593014E-03   -3.699570545106697E-08    0.000000000000000E+00
    4.148581856210017E-03   -4.687660973017048E-08    0.000000000000000E+00
    4.148568639335309E-03   -5.522712383694884E-08    0.000000000000000E+00
    4.148554819439525E-03   -6.131797907290930E-08    0.000000000000000E+00
    4.148546079388992E-03   -6.358617380925065E-08    0.000000000000000E+00
    4.148536748326541E-03   -6.150855999339112E-08    0.000000000000000E+00
    4.148545092384970E-03   -5.185568917242782E-08    0.000000000000000E+00
    4.148543105012707E-03   -3.583243468653219E-08    0.000000000000000E+00
    4.148597024446831E-03   -5.101008866659001E-09    0.000000000000000E+00
    4.148586921627436E-03    3.120852172368678E-08    0.000000000000000E+00
    4.148763574621661E-03    9.755544476613004E-08    0.000000000000000E+00
    4.148646380898549E-03    1.552321525414585E-07    0.000000000000000E+00
    4.149208841004456E-03    2.752795834669759E-07    0.000000000000000E+00
    4.148497710339033E-03    3.158160392374584E-07    0.000000000000000E+00
    4.150507241650819E-03    4.840366904144808E-07    0.000000000000000E+00
    4.147205273215435E-03    3.014259236688274E-07    0.000000000000000E+00
    4.154640170891576E-03    3.018812039789777E-07    0.000000000000000E+00
    4.141809210636441E-03   -5.239726008964873E-07    0.000000000000000E+00
    4.171194102717151E-03   -1.560403252574411E-06    0.000000000000000E+00
    3.906814474720212E-03    6.202965163538569E-06    0.000000000000000E+00
    3.879060841723181E-03    5.241292163408042E-06    0.000000000000000E+00
    3.892765416896467E-03    3.213393573667707E-06    0.000000000000000E+00
    3.887077720008960E-03    2.237228025977011E-06    0.000000000000000E+00
    3.890817387672905E-03    1.182107458471552E-06    0.000000000000000E+00
    3.889667826528057E-03    7.516146965964041E-07    0.000000000000000E+00
    3.890749781144525E-03    3.467781328960001E-07    0.000000000000000E+00
    3.890513961816462E-03    1.800155750325084E-07    0.000000000000000E+00
    3.890818249789825E-03    3.770197786169778E-08    0.000000000000000E+00
    3.890765597364474E-03   -2.473870841835320E-08    0.000000000000000E+00
    3.890832084127735E-03   -7.156352655362061E-08    0.000000000000000E+00
    3.890801774877723E-03   -9.125851554092309E-08    0.000000000000000E+00
    3.890795246593888E-03   -1.027890149863326E-07    0.000000000000000E+00
    3.890761108866332E-03   -1.043267252708824E-07    0.000000000000000E+00
    3.890731403792245E-03   -1.018203288284656E-07    0.000000000000000E+00
    3.890694301534385E-03   -9.542012458867428E-08    0.000000000000000E+00
    3.890658816383999E-03   -8.718573786211095E-08    0.000000000000000E+00
    3.890622683152318E-03   -7.755747914528861E-08    0.000000000000000E+00
    3.890588715391030E-03   -6.739526321257392E-08    0.000000000000000E+00
    3.890556749818470E-03   -5.708021612995379E-08    0.000000000000000E+00
    3.890527775674342E-03   -4.704951728016995E-08    0.000000000000000E+00
    3.890501914180549E-03   -3.756815735469374E-08    0.000000000000000E+00
    3.890479472716251E-03   -2.886908268606369E-08    0.000000000000000E+00
    3.890460445920401E-03   -2.109638029675210E-08    0.000000000000000E+00
    3.890444797212813E-03   -1.434409615508038E-08    0.000000000000000E+00
    3.890432349042051E-03   -8.645547529282938E-09    0.000000000000000E+00
    3.890422871660696E-03   -3.988287665330830E-09    0.000000000000000E+00
    3.890416072835182E-03   -3.171916635916249E-10    0.000000000000000E+00
    3.890411637321614E-03    2.455129097676810E-09    0.000000000000000E+00
    3.890409238119338E-03    4.441388305502249E-09    0.000000000000000E+00
    3.890408560259786E-03    5.771114073546247E-09    0.000000000000000E+00
    3.890409313293116E-03    6.582818280021153E-09    0.000000000000000E+00
    3.890411244025963E-03    7.016816277585263E-09    0.000000000000000E+00
    3.890414143737313E-03    7.209229775492608E-09    0.000000000000000E+00
    3.890417852560564E-03    7.287011616295962E-09    0.000000000000000E+00
    3.890422259963082E-03    7.364088555004781E-09    0.000000000000000E+00
    3.890427302285951E-03    7.538460850526836E-09    0.000000000000000E+00
    3.890432957447532E-03    7.890140112733779E-09    0.000000000000000E+00
    3.890439237425659E-03    8.479725216030796E-09    0.000000000000000E+00
    3.890446178919459E-03    9.347442632467524E-09    0.000000000000000E+00
    3.890453832711447E-03    1.051248773477229E-08    0.000000000000000E+00
    3.890462252191687E-03    1.197255737582947E-08    0.000000000000000E+00
    3.890471481530826E-03    1.370352101831628E-08    0.000000000000000E+00
    3.890481543989549E-03    1.565925115765533E-08    0.000000000000000E+00
    3.890492430857147E-03    1.777170121670279E-08    0.000000000000000E+00
    3.890504091563721E-03    1.995138816083455E-08    0.000000000000000E+00
    3.890516425470080E-03    2.208847803049643E-08    0.000000000000000E+00
    3.890529275988080E-03    2.405471924921342E-08    0.000000000000000E+00
    3.890542427426686E-03    2.570643676643925E-08    0.000000000000000E+00
    3.890555605452644E-03    2.688884169521274E-08    0.000000000000000E+00
    3.890568480972213E-03    2.744171971383462E-08    0.000000000000000E+00
    3.890580679166767E-03    2.720674377893595E-08    0.000000000000000E+00
    3.890591791246632E-03    2.603602167338553E-08    0.000000000000000E+00
    3.890601394257230E-03    2.380241704354556E-08    0.000000000000000E+00
    3.890609068254666E-03    2.040997710687232E-08    0.000000000000000E+00
    3.890614431220377E-03    1.580681317362148E-08    0.000000000000000E+00
    3.890617149804597E-03    9.994527755373875E-09    0.000000000000000E+00
    3.890617006728368E-03    3.044486349863307E-09    0.000000000000000E+00
    3.890613862300241E-03   -4.901210585305443E-09    0.000000000000000E+00
    3.890607828671220E-03   -1.360136829202843E-08    0.000000000000000E+00
    3.890599020778486E-03   -2.274095609267844E-08    0.000000000000000E+00
    3.890588150581168E-03   -3.185283743919677E-08    0.000000000000000E+00
    3.890575444813474E-03   -4.044597680681407E-08    0.000000000000000E+00
    3.890562894679349E-03   -4.772364292656296E-08    0.000000000000000E+00
    3.890549892777629E-03   -5.309768983046695E-08    0.000000000000000E+00
    3.890542016444524E-03   -5.512835873995387E-08    0.000000000000000E+00
    3.890533730737173E-03   -5.351584062575689E-08    0.000000000000000E+00
    3.890542977907305E-03   -4.511435313606240E-08    0.000000000000000E+00
    3.890542371230287E-03   -3.156278294978389E-08    0.000000000000000E+00
    3.890597058388518E-03   -4.279911350588322E-09    0.000000000000000E+00
    3.890589460417764E-03    2.643527224733829E-08    0.000000000000000E+00
    3.890766710441568E-03    8.685982922416464E-08    0.000000000000000E+00
    3.890655853764466E-03    1.341529484268141E-07    0.000000000000000E+00
    3.891217979972664E-03    2.477439797787772E-07    0.000000000000000E+00
    3.890523969251543E-03    2.682233109869052E-07    0.000000000000000E+00
    3.892525593469518E-03    4.365819678246199E-07    0.000000000000000E+00
    3.889252952550216E-03    1.966294663883724E-07    0.000000000000000E+00
    3.896673621873232E-03    1.965709163423453E-07    0.000000000000000E+00
    3.883835593166558E-03   -8.281215159953490E-07    0.000000000000000E+00
    3.913439236061121E-03   -1.949507266497290E-06    0.000000000000000E+00
    3.628478135542617E-03    6.265765437493769E-06    0.000000000000000E+00
    3.600969258597411E-03    5.174688866324023E-06    0.000000000000000E+00
    3.614885649256496E-03    2.986723797397409E-06    0.000000000000000E+00
    3.609399709790631E-03    2.079009451310662E-06    0.000000000000000E+00
    3.613194915362418E-03    1.042387013780861E-06    0.000000000000000E+00
    3.612103587708421E-03    6.714952408588701E-07    0.000000000000000E+00
    3.613190290102129E-03    2.945260472672842E-07    0.000000000000000E+00
    3.612967388479472E-03    1.558106309610602E-07    0.000000000000000E+00
    3.613269765203840E-03    2.820999932072454E-08    0.000000000000000E+00
    3.613219858173911E-03   -2.283313081076081E-08    0.000000000000000E+00
    3.613285981358655E-03   -6.344304092543524E-08    0.000000000000000E+00
    3.613257192088327E-03   -7.906934596045293E-08    0.000000000000000E+00
    3.613251761586996E-03   -8.865046034677618E-08    0.000000000000000E+00
    3.613219412775876E-03   -8.936715470792675E-08    0.000000000000000E+00
    3.613191444829939E-03   -8.696840541517042E-08    0.000000000000000E+00
    3.613156236761074E-03   -8.123394354824412E-08    0.000000000000000E+00
    3.613122544448377E-03   -7.407401078698913E-08    0.000000000000000E+00
    3.613088118208227E-03   -6.576198049227986E-08    0.000000000000000E+00
    3.613055681467148E-03   -5.705912102500459E-08    0.000000000000000E+00
    3.613025064219043E-03   -4.825586676180547E-08    0.000000000000000E+00
    3.612997231403287E-03   -3.972512239787262E-08    0.000000000000000E+00
    3.612972308728278E-03   -3.167847405076069E-08    0.000000000000000E+00
    3.612950608874962E-03   -2.431017103182950E-08    0.000000000000000E+00
    3.612932142856056E-03   -1.773602369483649E-08    0.000000000000000E+00
    3.612916892863589E-03   -1.203259159957728E-08    0.000000000000000E+00
    3.612904703880360E-03   -7.224745315269506E-09    0.000000000000000E+00
    3.612895369169661E-03   -3.299866420210834E-09    0.000000000000000E+00
    3.612888619457349E-03   -2.095406825503791E-10    0.000000000000000E+00
    3.612884160948757E-03    2.121329770809899E-09    0.000000000000000E+00
    3.612881685829000E-03    3.788917471878252E-09    0.000000000000000E+00
    3.612880895555623E-03    4.903240447073901E-09    0.000000000000000E+00
    3.612881512998276E-03    5.581691990929209E-09    0.000000000000000E+00
    3.612883295021610E-03    5.942970187740193E-09    0.000000000000000E+00
    3.612886039746383E-03    6.102077912001666E-09    0.000000000000000E+00
    3.612889591091939E-03    6.166156717981743E-09    0.000000000000000E+00
    3.612893839528377E-03    6.231272711691609E-09    0.000000000000000E+00
    3.612898719960996E-03    6.380000825561340E-09    0.000000000000000E+00
    3.612904206833173E-03    6.679714960186852E-09    0.000000000000000E+00
    3.612910307040388E-03    7.181410382474587E-09    0.000000000000000E+00
    3.612917051045648E-03    7.918913144685511E-09    0.000000000000000E+00
    3.612924482708166E-03    8.908337220467098E-09    0.000000000000000E+00
    3.612932648284025E-03    1.014769689092793E-08    0.000000000000000E+00
    3.612941585084157E-03    1.161662927825268E-08    0.000000000000000E+00
    3.612951310276516E-03    1.327624483660185E-08    0.000000000000000E+00
    3.612961810323312E-03    1.506918004974329E-08    0.000000000000000E+00
    3.612973031592228E-03    1.691998601816755E-08    0.000000000000000E+00
    3.612984872636722E-03    1.873601969388434E-08    0.000000000000000E+00
    3.612997178779664E-03    2.040904754054190E-08    0.000000000000000E+00
    3.613009739377563E-03    2.181773795219246E-08    0.000000000000000E+00
    3.613022288615839E-03    2.283126721400264E-08    0.000000000000000E+00
    3.613034509624690E-03    2.331407621512800E-08    0.000000000000000E+00
    3.613046043574158E-03    2.313202066846167E-08    0.000000000000000E+00
    3.613056501343618E-03    2.215951973752677E-08    0.000000000000000E+00
    3.613065482921354E-03    2.028829541376109E-08    0.000000000000000E+00
    3.613072594095733E-03    1.743602839013803E-08    0.000000000000000E+00
    3.613077480232003E-03    1.355744564420297E-08    0.000000000000000E+00
    3.613079836305012E-03    8.651805648533399E-09    0.000000000000000E+00
    3.613079471833402E-03    2.777548766620886E-09    0.000000000000000E+00
    3.613076272697801E-03   -3.948692181370989E-09    0.000000000000000E+00
    3.613070369279409E-03   -1.132440819995700E-08    0.000000000000000E+00
    3.613061892867870E-03   -1.908951132295054E-08    0.000000000000000E+00
    3.613051553625213E-03   -2.684594323432875E-08    0.000000000000000E+00
    3.613039583915617E-03   -3.419344678844460E-08    0.000000000000000E+00
    3.613027932385217E-03   -4.043553152240345E-08    0.000000000000000E+00
    3.613016005887742E-03   -4.512232207293644E-08    0.000000000000000E+00
    3.613009246892225E-03   -4.693629522010147E-08    0.000000000000000E+00
    3.613002242836692E-03   -4.579975907921422E-08    0.000000000000000E+00
    3.613012535729751E-03   -3.865578443421736E-08    0.000000000000000E+00
    3.613013372144175E-03   -2.758321767635836E-08    0.000000000000000E+00
    3.613068589729864E-03   -3.778346504726431E-09    0.000000000000000E+00
    3.613063158029099E-03    2.126268018370592E-08    0.000000000000000E+00
    3.613239845052972E-03    7.561412093454392E-08    0.000000000000000E+00
    3.613134437904484E-03    1.121826992592617E-07    0.000000000000000E+00
    3.613692884475619E-03    2.191234278395878E-07    0.000000000000000E+00
    3.613015127964237E-03    2.187907818847257E-07    0.000000000000000E+00
    3.614999136295600E-03    3.890141104670608E-07    0.000000000000000E+00
    3.611754941203980E-03    8.982089606935325E-08    0.000000000000000E+00
    3.619128081811623E-03    9.840659344841590E-08    0.000000000000000E+00
    3.606262334937896E-03   -1.151482604199433E-06    0.000000000000000E+00
    3.636023244898652E-03   -2.367049039950908E-06    0.000000000000000E+00
    3.330625163688490E-03    6.282948025591501E-06    0.000000000000000E+00
    3.303413846597322E-03    5.052774821386246E-06    0.000000000000000E+00
    3.317521956886607E-03    2.703989148746107E-06    0.000000000000000E+00
    3.312241019691499E-03    1.893407550597054E-06    0.000000000000000E+00
    3.316064380111139E-03    8.882960684327547E-07    0.000000000000000E+00
    3.315023383542947E-03    5.857700833387529E-07    0.000000000000000E+00
    3.316104034525819E-03    2.402173486754842E-07    0.000000000000000E+00
    3.315890729673612E-03    1.310220777338032E-07    0.000000000000000E+00
    3.316188304417914E-03    1.858936307803232E-08    0.000000000000000E+00
    3.316140604988192E-03   -2.104535236283128E-08    0.000000000000000E+00
    3.316206170525908E-03   -5.554236938842927E-08    0.000000000000000E+00
    3.316179367338603E-03   -6.723453257082734E-08    0.000000000000000E+00
    3.316175609155004E-03   -7.496393457350218E-08    0.000000000000000E+00
    3.316145764255702E-03   -7.492398031548860E-08    0.000000000000000E+00
    3.316120234451953E-03   -7.265742922360298E-08    0.000000000000000E+00
    3.316087603292934E-03   -6.758478478934320E-08    0.000000000000000E+00
    3.316056325126292E-03   -6.147191895333604E-08    0.000000000000000E+00
    3.316024163084282E-03   -5.443346343485662E-08    0.000000000000000E+00
    3.315993740919360E-03   -4.713719897505651E-08    0.000000000000000E+00
    3.315964883944022E-03   -3.978796587880148E-08    0.000000000000000E+00
    3.315938534340082E-03   -3.269796787513790E-08    0.000000000000000E+00
    3.315914827465575E-03   -2.602836621292344E-08    0.000000000000000E+00
    3.315894086815851E-03   -1.993680185213011E-08    0.000000000000000E+00
    3.315876346417860E-03   -1.451231989785444E-08    0.000000000000000E+00
    3.315861613991664E-03   -9.814907982936964E-09    0.000000000000000E+00
    3.315849763946548E-03   -5.861444500995564E-09    0.000000000000000E+00
    3.315840619184326E-03   -2.639182698848678E-09    0.000000000000000E+00
    3.315833939641378E-03   -1.061415064257404E-10    0.000000000000000E+00
    3.315829458623337E-03    1.801028198015991E-09    0.000000000000000E+00
    3.315826892526536E-03    3.162680439102872E-09    0.000000000000000E+00
    3.315825963452347E-03    4.070157288447246E-09    0.000000000000000E+00
    3.315826411020264E-03    4.620632477999857E-09    0.000000000000000E+00
    3.315828004751381E-03    4.912097844801986E-09    0.000000000000000E+00
    3.315830551400857E-03    5.039318326722945E-09    0.000000000000000E+00
    3.315833899705545E-03    5.090442639831326E-09    0.000000000000000E+00
    3.315837941477022E-03    5.144407604223297E-09    0.000000000000000E+00
    3.315842609915548E-03    5.268989379608536E-09    0.000000000000000E+00
    3.315847875211011E-03    5.519434000037502E-09    0.000000000000000E+00
    3.315853737997294E-03    5.937518660907921E-09    0.000000000000000E+00
    3.315860221037192E-03    6.550925409432672E-09    0.000000000000000E+00
    3.315867359638569E-03    7.372810902623576E-09    0.000000000000000E+00
    3.315875191255902E-03    8.401496074878883E-09    0.000000000000000E+00
    3.315883744759749E-03    9.620237853723084E-09    0.000000000000000E+00
    3.315893029859027E-03    1.099709791018209E-08    0.000000000000000E+00
    3.315903027163722E-03    1.248496936619103E-08    0.000000000000000E+00
    3.315913679419106E-03    1.402187268330434E-08    0.000000000000000E+00
    3.315924884394823E-03    1.553165758956660E-08    0.000000000000000E+00
    3.315936490040546E-03    1.692528742336373E-08    0.000000000000000E+00
    3.315948292262894E-03    1.810284740107107E-08    0.000000000000000E+00
    3.315960036129086E-03    1.895647322888041E-08    0.000000000000000E+00
    3.315971420264908E-03    1.937421284924650E-08    0.000000000000000E+00
    3.315982106021352E-03    1.924506121948901E-08    0.000000000000000E+00
    3.315991729035175E-03    1.846476878841918E-08    0.000000000000000E+00
    3.315999918141442E-03    1.694306601583695E-08    0.000000000000000E+00
    3.316006311462410E-03    1.461062598479959E-08    0.000000000000000E+00
    3.316010588836314E-03    1.142843538987551E-08    0.000000000000000E+00
    3.316012480928313E-03    7.393430750157388E-09    0.000000000000000E+00
    3.316011831310299E-03    2.551574294802826E-09    0.000000000000000E+00
    3.316008558326136E-03   -3.004942989382535E-09    0.000000000000000E+00
    3.316002816275988E-03   -9.110734886997811E-09    0.000000000000000E+00
    3.315994757464096E-03   -1.555842089774684E-08    0.000000000000000E+00
    3.315985091683521E-03   -2.201631791617969E-08    0.000000000000000E+00
    3.315974057051106E-03   -2.817134487590952E-08    0.000000000000000E+00
    3.315963551620758E-03   -3.342382055733946E-08    0.000000000000000E+00
    3.315952990300527E-03   -3.745728316097187E-08    0.000000000000000E+00
    3.315947651160942E-03   -3.907412930489977E-08    0.000000000000000E+00
    3.315942235580373E-03   -3.841316826954284E-08    0.000000000000000E+00
    3.315953798855950E-03   -3.251120907535553E-08    0.000000000000000E+00
    3.315956247556102E-03   -2.388175504056385E-08    0.000000000000000E+00
    3.316011844114825E-03   -3.527435109208327E-09    0.000000000000000E+00
    3.316008362297768E-03    1.586390695177026E-08    0.000000000000000E+00
    3.316183305229478E-03    6.409391939423171E-08    0.000000000000000E+00
    3.316082588681311E-03    8.981900894983679E-08    0.000000000000000E+00
    3.316633565999694E-03    1.900474280352724E-07    0.000000000000000E+00
    3.315971671820121E-03    1.687095373998398E-07    0.000000000000000E+00
    3.317926634781621E-03    3.429866874136821E-07    0.000000000000000E+00
    3.314712735787220E-03   -1.500918655574053E-08    0.000000000000000E+00
    3.321996873884763E-03    1.539309537506528E-08    0.000000000000000E+00
    3.309086514977474E-03   -1.482049302562687E-06    0.000000000000000E+00
    3.338901248636541E-03   -2.801465102846766E-06    0.000000000000000E+00
    3.013255321118396E-03    6.243967262307185E-06    0.000000000000000E+00
    2.986429661494953E-03    4.870894590183128E-06    0.000000000000000E+00
    3.000685127706620E-03    2.367603300377341E-06    0.000000000000000E+00
    2.995612704232873E-03    1.684715338481238E-06    0.000000000000000E+00
    2.999426847361273E-03    7.244838162641651E-07    0.000000000000000E+00
    2.998427671683781E-03    4.971396678077667E-07    0.000000000000000E+00
    2.999489530449481E-03    1.856334992945002E-07    0.000000000000000E+00
    2.999282648980153E-03    1.064732298087006E-07    0.000000000000000E+00
    2.999572370627551E-03    9.237637730284712E-09    0.000000000000000E+00
    2.999526619756146E-03   -1.930113641685657E-08    0.000000000000000E+00
    2.999591604090376E-03   -4.792623456046122E-08    0.000000000000000E+00
    2.999567503092467E-03   -5.590753541095057E-08    0.000000000000000E+00
    2.999566191398698E-03   -6.191315006184548E-08    0.000000000000000E+00
    2.999539760780937E-03   -6.119155719457579E-08    0.000000000000000E+00
    2.999517529978803E-03   -5.907433165866234E-08    0.000000000000000E+00
    2.999488294494390E-03   -5.464558837047027E-08    0.000000000000000E+00
    2.999460157370657E-03   -4.953349181206674E-08    0.000000000000000E+00
    2.999430896458518E-03   -4.370577377782544E-08    0.000000000000000E+00
    2.999403026802775E-03   -3.774281624056514E-08    0.000000000000000E+00
    2.999376374771685E-03   -3.177020547862846E-08    0.000000000000000E+00
    2.999351864197861E-03   -2.604345678308329E-08    0.000000000000000E+00
    2.999329648942826E-03   -2.067670803510271E-08    0.000000000000000E+00
    2.999310072200438E-03   -1.579323006718704E-08    0.000000000000000E+00
    2.999293201010552E-03   -1.145690249698797E-08    0.000000000000000E+00
    2.999279078358510E-03   -7.712029876845477E-09    0.000000000000000E+00
    2.999267617610277E-03   -4.567874905903129E-09    0.000000000000000E+00
    2.999258680120489E-03   -2.011469935864650E-09    0.000000000000000E+00
    2.999252063035672E-03   -6.816771723865353E-12    0.000000000000000E+00
    2.999247533713430E-03    1.498421434961986E-09    0.000000000000000E+00
    2.999244838735451E-03    2.569719077088769E-09    0.000000000000000E+00
    2.999243725600637E-03    3.280804939176974E-09    0.000000000000000E+00
    2.999243954362800E-03    3.709753872477801E-09    0.000000000000000E+00
    2.999245309808042E-03    3.934980894989199E-09    0.000000000000000E+00
    2.999247608935014E-03    4.032098137841785E-09    0.000000000000000E+00
    2.999250706001361E-03    4.071265474787077E-09    0.000000000000000E+00
    2.999254494067655E-03    4.115184995583273E-09    0.000000000000000E+00
    2.999258903859050E-03    4.217598832009869E-09    0.000000000000000E+00
    2.999263899987886E-03    4.422246306139170E-09    0.000000000000000E+00
    2.999269475073877E-03    4.762155299469084E-09    0.000000000000000E+00
    2.999275642124547E-03    5.259174565979097E-09    0.000000000000000E+00
    2.999282425664830E-03    5.923652348968717E-09    0.000000000000000E+00
    2.999289852065809E-03    6.754200350816678E-09    0.000000000000000E+00
    2.999297939553218E-03    7.737512045313326E-09    0.000000000000000E+00
    2.999306688379617E-03    8.848247590699564E-09    0.000000000000000E+00
    2.999316071645417E-03    1.004903367949837E-08    0.000000000000000E+00
    2.999326027291848E-03    1.129066836824192E-08    0.000000000000000E+00
    2.999336451736481E-03    1.251263962670502E-08    0.000000000000000E+00
    2.999347195737642E-03    1.364410253272600E-08    0.000000000000000E+00
    2.999358062816245E-03    1.460542401997983E-08    0.000000000000000E+00
    2.999368810988484E-03    1.531046496155306E-08    0.000000000000000E+00
    2.999379157549538E-03    1.566959001144974E-08    0.000000000000000E+00
    2.999388788385057E-03    1.559364196104310E-08    0.000000000000000E+00
    2.999397369463727E-03    1.499847937945547E-08    0.000000000000000E+00
    2.999404565242722E-03    1.381076452768270E-08    0.000000000000000E+00
    2.999410054096126E-03    1.197332703334730E-08    0.000000000000000E+00
    2.999413559217071E-03    9.452907606336825E-09    0.000000000000000E+00
    2.999414856633056E-03    6.244058470117005E-09    0.000000000000000E+00
    2.999413834004364E-03    2.380713661447989E-09    0.000000000000000E+00
    2.999410452216176E-03   -2.068227269921547E-09    0.000000000000000E+00
    2.999404898670233E-03   -6.972714848607189E-09    0.000000000000000E+00
    2.999397355142198E-03   -1.217537239401016E-08    0.000000000000000E+00
    2.999388535877895E-03   -1.740761277924737E-08    0.000000000000000E+00
    2.999378688565287E-03   -2.243882638590693E-08    0.000000000000000E+00
    2.999369654265110E-03   -2.676171229733972E-08    0.000000000000000E+00
    2.999360852866947E-03   -3.018591601508804E-08    0.000000000000000E+00
    2.999357364600968E-03   -3.163027656131504E-08    0.000000000000000E+00
    2.999354000814991E-03   -3.143856198970975E-08    0.000000000000000E+00
    2.999367223355861E-03   -2.674706773094472E-08    0.000000000000000E+00
    2.999371644170865E-03   -2.048222210462165E-08    0.000000000000000E+00
    2.999427610923707E-03   -3.495973606841724E-09    0.000000000000000E+00
    2.999426051028172E-03    1.038969054979920E-08    0.000000000000000E+00
    2.999598026265226E-03    5.255348444030180E-08    0.000000000000000E+00
    2.999501433092028E-03    6.759526024178036E-08    0.000000000000000E+00
    3.000040479948646E-03    1.611411740234529E-07    0.000000000000000E+00
    2.999394786293770E-03    1.193161920133256E-07    0.000000000000000E+00
    3.001306868042859E-03    3.000095590044866E-07    0.000000000000000E+00
    2.998129772915573E-03   -1.133120183991911E-07    0.000000000000000E+00
    3.005272971565964E-03   -4.398347058443302E-08    0.000000000000000E+00
    2.992313865251870E-03   -1.802368772812652E-06    0.000000000000000E+00
    3.022015301163616E-03   -3.234079507357923E-06    0.000000000000000E+00
    2.676358690279170E-03    6.132130378039450E-06    0.000000000000000E+00
    2.650066150191589E-03    4.622575235956141E-06    0.000000000000000E+00
    2.664385204249393E-03    1.983326915738143E-06    0.000000000000000E+00
    2.659527766273382E-03    1.458642752784999E-06    0.000000000000000E+00
    2.663282267820910E-03    5.569732599445809E-07    0.000000000000000E+00
    2.662316928461408E-03    4.086220710533904E-07    0.000000000000000E+00
    2.663344758916791E-03    1.327834149033306E-07    0.000000000000000E+00
    2.663141471296169E-03    8.298702503992916E-08    0.000000000000000E+00
    2.663419918087420E-03    5.402729875412798E-10    0.000000000000000E+00
    2.663376116264109E-03   -1.758435817226092E-08    0.000000000000000E+00
    2.663440576567767E-03   -4.071512940639322E-08    0.000000000000000E+00
    2.663420135081901E-03   -4.530502601655265E-08    0.000000000000000E+00
    2.663422245065929E-03   -4.974026165661562E-08    0.000000000000000E+00
    2.663400377848320E-03   -4.841965801546012E-08    0.000000000000000E+00
    2.663382527656567E-03   -4.645482014585145E-08    0.000000000000000E+00
    2.663357722504751E-03   -4.263144545857225E-08    0.000000000000000E+00
    2.663333645953100E-03   -3.844727608000015E-08    0.000000000000000E+00
    2.663308092768383E-03   -3.373981690617215E-08    0.000000000000000E+00
    2.663283454259052E-03   -2.900905385063512E-08    0.000000000000000E+00
    2.663259563742466E-03   -2.430938318028129E-08    0.000000000000000E+00
    2.663237330879736E-03   -1.984419873964568E-08    0.000000000000000E+00
    2.663216939107293E-03   -1.568461910403348E-08    0.000000000000000E+00
    2.663198762926847E-03   -1.192196891695179E-08    0.000000000000000E+00
    2.663182916059625E-03   -8.596660178786599E-09    0.000000000000000E+00
    2.663169490379827E-03   -5.738119029604679E-09    0.000000000000000E+00
    2.663158451759083E-03   -3.348204335058060E-09    0.000000000000000E+00
    2.663149712639566E-03   -1.413383442931112E-09    0.000000000000000E+00
    2.663143118875741E-03    9.710820284382263E-11    0.000000000000000E+00
    2.663138481860852E-03    1.225654076212751E-09    0.000000000000000E+00
    2.663135586879975E-03    2.024128149359772E-09    0.000000000000000E+00
    2.663134213562546E-03    2.550055286123244E-09    0.000000000000000E+00
    2.663134147509573E-03    2.863855533635079E-09    0.000000000000000E+00
    2.663135192316194E-03    3.025799845338638E-09    0.000000000000000E+00
    2.663137177316374E-03    3.093707672181959E-09    0.000000000000000E+00
    2.663139963077420E-03    3.120995892760325E-09    0.000000000000000E+00
    2.663143443566590E-03    3.155232879266913E-09    0.000000000000000E+00
    2.663147545738780E-03    3.237061918428001E-09    0.000000000000000E+00
    2.663152226561182E-03    3.399471478099091E-09    0.000000000000000E+00
    2.663157467976229E-03    3.667308650865397E-09    0.000000000000000E+00
    2.663163270149954E-03    4.056965254786527E-09    0.000000000000000E+00
    2.663169643483266E-03    4.576162133538200E-09    0.000000000000000E+00
    2.663176599834068E-03    5.223784541592875E-09    0.000000000000000E+00
    2.663184143431991E-03    5.989743969808527E-09    0.000000000000000E+00
    2.663192261972095E-03    6.854876040179551E-09    0.000000000000000E+00
    2.663200918373320E-03    7.790911126743158E-09    0.000000000000000E+00
    2.663210043718328E-03    8.760588114437434E-09    0.000000000000000E+00
    2.663219531832744E-03    9.717994106570039E-09    0.000000000000000E+00
    2.663229236061685E-03    1.060924593703394E-08    0.000000000000000E+00
    2.663238968541216E-03    1.137359267650221E-08    0.000000000000000E+00
    2.663248502655588E-03    1.194508444052730E-08    0.000000000000000E+00
    2.663257578383681E-03    1.225477854639720E-08    0.000000000000000E+00
    2.663265911892363E-03    1.223371627486765E-08    0.000000000000000E+00
    2.663273207051137E-03    1.181627141609024E-08    0.000000000000000E+00
    2.663279173328085E-03    1.094459425009632E-08    0.000000000000000E+00
    2.663283540492223E-03    9.572493244758038E-09    0.000000000000000E+00
    2.663286087733381E-03    7.671660305432874E-09    0.000000000000000E+00
    2.663286650317623E-03    5.233985774297279E-09    0.000000000000000E+00
    2.663285174428409E-03    2.281722286221731E-09    0.000000000000000E+00
    2.663281677955477E-03   -1.138307176436366E-09    0.000000000000000E+00
    2.663276394613875E-03   -4.929399402059834E-09    0.000000000000000E+00
    2.663269547562973E-03   -8.980908143602202E-09    0.000000000000000E+00
    2.663261862074893E-03   -1.308337038915028E-08    0.000000000000000E+00
    2.663253600430332E-03   -1.708245727915865E-08    0.000000000000000E+00
    2.663246537102088E-03   -2.055761828445717E-08    0.000000000000000E+00
    2.663240092538828E-03   -2.343389572326576E-08    0.000000000000000E+00
    2.663239102333803E-03   -2.474205156306150E-08    0.000000000000000E+00
    2.663238484946098E-03   -2.501083456002039E-08    0.000000000000000E+00
    2.663253963468807E-03   -2.148480730538658E-08    0.000000000000000E+00
    2.663260929191686E-03   -1.745723419593347E-08    0.000000000000000E+00
    2.663317355482182E-03   -3.697784131784682E-09    0.000000000000000E+00
    2.663317834769732E-03    4.975874289006287E-09    0.000000000000000E+00
    2.663485377457686E-03    4.123583008537206E-08    0.000000000000000E+00
    2.663392484810523E-03    4.612424767801930E-08    0.000000000000000E+00
    2.663913948095549E-03    1.330419312862146E-07    0.000000000000000E+00
    2.663285803470109E-03    7.217875551314630E-08    0.000000000000000E+00
    2.665137492782556E-03    2.612999832834559E-07    0.000000000000000E+00
    2.662011205096864E-03   -1.999274906405030E-07    0.000000000000000E+00
    2.668947146079968E-03   -7.181412447291744E-08    0.000000000000000E+00
    2.655964476325158E-03   -2.087760375992930E-06    0.000000000000000E+00
    2.685289823971830E-03   -3.635289800542366E-06    0.000000000000000E+00
    2.319906595552821E-03    5.921438291666294E-06    0.000000000000000E+00
    2.294395490754345E-03    4.298101628512079E-06    0.000000000000000E+00
    2.308630321567588E-03    1.561953206876829E-06    0.000000000000000E+00
    2.304002721468547E-03    1.222339052663388E-06    0.000000000000000E+00
    2.307630037698079E-03    3.933904206251745E-07    0.000000000000000E+00
    2.306693182466725E-03    3.234691002740502E-07    0.000000000000000E+00
    2.307668279760961E-03    8.397878461829392E-08    0.000000000000000E+00
    2.307466344610530E-03    6.141665135822949E-08    0.000000000000000E+00
    2.307729228356775E-03   -7.063781826433130E-09    0.000000000000000E+00
    2.307687427060681E-03   -1.588956519587889E-08    0.000000000000000E+00
    2.307751161827860E-03   -3.404219370345987E-08    0.000000000000000E+00
    2.307735369420034E-03   -3.568095804271815E-08    0.000000000000000E+00
    2.307741889029945E-03   -3.873200004554172E-08    0.000000000000000E+00
    2.307725868429713E-03   -3.691304494732062E-08    0.000000000000000E+00
    2.307713645465604E-03   -3.509289330585190E-08    0.000000000000000E+00
    2.307694521662447E-03   -3.181720939899114E-08    0.000000000000000E+00
    2.307675657146087E-03   -2.845915972366061E-08    0.000000000000000E+00
    2.307654859349163E-03   -2.474937604752141E-08    0.000000000000000E+00
    2.307634362642648E-03   -2.111541137221671E-08    0.000000000000000E+00
    2.307614004912483E-03   -1.755125005795610E-08    0.000000000000000E+00
    2.307594677045989E-03   -1.421375150204513E-08    0.000000000000000E+00
    2.307576599063524E-03   -1.113623806806958E-08    0.000000000000000E+00
    2.307560186086686E-03   -8.381088665461495E-09    0.000000000000000E+00
    2.307545612585771E-03   -5.967380902829765E-09    0.000000000000000E+00
    2.307533034899216E-03   -3.910579761395805E-09    0.000000000000000E+00
    2.307522488307861E-03   -2.205299017756723E-09    0.000000000000000E+00
    2.307513953097385E-03   -8.368632881168336E-10    0.000000000000000E+00
    2.307507339881588E-03    2.213526282130986E-10    0.000000000000000E+00
    2.307502518662919E-03    1.003263106271364E-09    0.000000000000000E+00
    2.307499326297871E-03    1.548891672189582E-09    0.000000000000000E+00
    2.307497585217434E-03    1.901469275115165E-09    0.000000000000000E+00
    2.307497114993532E-03    2.105697029229363E-09    0.000000000000000E+00
    2.307497744208120E-03    2.205597122194370E-09    0.000000000000000E+00
    2.307499318560545E-03    2.242982188146343E-09    0.000000000000000E+00
    2.307501706960731E-03    2.256151292192595E-09    0.000000000000000E+00
    2.307504804536206E-03    2.278966838130528E-09    0.000000000000000E+00
    2.307508533190358E-03    2.340180361961800E-09    0.000000000000000E+00
    2.307512839694959E-03    2.463002046300346E-09    0.000000000000000E+00
    2.307517691768858E-03    2.664829152933909E-09    0.000000000000000E+00
    2.307523072469857E-03    2.957082173897297E-09    0.000000000000000E+00
    2.307528973363820E-03    3.345092448037596E-09    0.000000000000000E+00
    2.307535386917522E-03    3.828006128997761E-09    0.000000000000000E+00
    2.307542298600558E-03    4.398685518832726E-09    0.000000000000000E+00
    2.307549679187957E-03    5.043614882622709E-09    0.000000000000000E+00
    2.307557477751973E-03    5.742836920315625E-09    0.000000000000000E+00
    2.307565615853119E-03    6.469972713688721E-09    0.000000000000000E+00
    2.307573983372899E-03    7.192384956258236E-09    0.000000000000000E+00
    2.307582436509834E-03    7.871574452306770E-09    0.000000000000000E+00
    2.307590798194452E-03    8.463863446937328E-09    0.000000000000000E+00
    2.307598861531555E-03    8.921489618574863E-09    0.000000000000000E+00
    2.307606395918721E-03    9.194066998553009E-09    0.000000000000000E+00
    2.307613157043331E-03    9.230643300130288E-09    0.000000000000000E+00
    2.307618898440439E-03    8.981964655367009E-09    0.000000000000000E+00
    2.307623388730726E-03    8.403695494050152E-09    0.000000000000000E+00
    2.307626425324425E-03    7.458975939048444E-09    0.000000000000000E+00
    2.307627861178915E-03    6.123273763151001E-09    0.000000000000000E+00
    2.307627609483550E-03    4.385333652284893E-09    0.000000000000000E+00
    2.307625693291456E-03    2.256062998276407E-09    0.000000000000000E+00
    2.307622204594873E-03   -2.383079794522719E-10    0.000000000000000E+00
    2.307617437405834E-03   -3.031901367040437E-09    0.000000000000000E+00
    2.307611666633243E-03   -6.056430045725643E-09    0.000000000000000E+00
    2.307605629830364E-03   -9.156374554615117E-09    0.000000000000000E+00
    2.307599602081288E-03   -1.224510213123836E-08    0.000000000000000E+00
    2.307595267442047E-03   -1.498147911235507E-08    0.000000000000000E+00
    2.307592032140786E-03   -1.739024595814658E-08    0.000000000000000E+00
    2.307594411475595E-03   -1.860894213120669E-08    0.000000000000000E+00
    2.307597426452896E-03   -1.931927604686238E-08    0.000000000000000E+00
    2.307615852239661E-03   -1.689031697271096E-08    0.000000000000000E+00
    2.307625987476496E-03   -1.490016556753479E-08    0.000000000000000E+00
    2.307682786320564E-03   -4.150543094062942E-09    0.000000000000000E+00
    2.307685311607515E-03   -1.904119040921985E-10    0.000000000000000E+00
    2.307846228581120E-03    3.043911152328699E-08    0.000000000000000E+00
    2.307756584704395E-03    2.620951118568688E-08    0.000000000000000E+00
    2.308252730069383E-03    1.064591164087830E-07    0.000000000000000E+00
    2.307644981323248E-03    2.925986151414865E-08    0.000000000000000E+00
    2.309413002213952E-03    2.275648806091253E-07    0.000000000000000E+00
    2.306363816785125E-03   -2.689402851549593E-07    0.000000000000000E+00
    2.313004835058526E-03   -6.268301857830257E-08    0.000000000000000E+00
    2.300082075114004E-03   -2.304398565621977E-06    0.000000000000000E+00
    2.328627026998463E-03   -3.958968793084811E-06    0.000000000000000E+00
    1.943835210340044E-03    5.571535796217909E-06    0.000000000000000E+00
    1.919525521291292E-03    3.881888059837537E-06    0.000000000000000E+00
    1.933422873222152E-03    1.121783297188012E-06    0.000000000000000E+00
    1.929059142436226E-03    9.840630679027260E-07    0.000000000000000E+00
    1.932469382789890E-03    2.430759755757780E-07    0.000000000000000E+00
    1.931562182433818E-03    2.449542609068629E-07    0.000000000000000E+00
    1.932460966197553E-03    4.192509116986644E-08    0.000000000000000E+00
    1.932259346568957E-03    4.269011514735450E-08    0.000000000000000E+00
    1.932500750757339E-03   -1.295600311694023E-08    0.000000000000000E+00
    1.932460718684621E-03   -1.410796074133473E-08    0.000000000000000E+00
    1.932522632346635E-03   -2.793343831840814E-08    0.000000000000000E+00
    1.932512030650219E-03   -2.722618160909661E-08    0.000000000000000E+00
    1.932523466331854E-03   -2.913508698873130E-08    0.000000000000000E+00
    1.932514324827956E-03   -2.696888518032072E-08    0.000000000000000E+00
    1.932508823323396E-03   -2.529795801798408E-08    0.000000000000000E+00
    1.932496626028419E-03   -2.251386102025476E-08    0.000000000000000E+00
    1.932484212935169E-03   -1.986500145018854E-08    0.000000000000000E+00
    1.932469391472858E-03   -1.700729736947077E-08    0.000000000000000E+00
    1.932454173361480E-03   -1.430424750278842E-08    0.000000000000000E+00
    1.932438379465981E-03   -1.170416205465373E-08    0.000000000000000E+00
    1.932422854807991E-03   -9.324582077355572E-09    0.000000000000000E+00
    1.932407846980664E-03   -7.168513355695943E-09    0.000000000000000E+00
    1.932393807338175E-03   -5.273775408199181E-09    0.000000000000000E+00
    1.932380976071288E-03   -3.641501332645203E-09    0.000000000000000E+00
    1.932369583685825E-03   -2.274877002739722E-09    0.000000000000000E+00
    1.932359749272824E-03   -1.161915749851771E-09    0.000000000000000E+00
    1.932351537757386E-03   -2.863721439113417E-10    0.000000000000000E+00
    1.932344942699473E-03    3.754252046257951E-10    0.000000000000000E+00
    1.932339910848978E-03    8.507008587543820E-10    0.000000000000000E+00
    1.932336347942587E-03    1.169826114873632E-09    0.000000000000000E+00
    1.932334134745124E-03    1.364206888864161E-09    0.000000000000000E+00
    1.932333138066906E-03    1.465373362708323E-09    0.000000000000000E+00
    1.932333222123758E-03    1.503625606525016E-09    0.000000000000000E+00
    1.932334256904186E-03    1.507169206531622E-09    0.000000000000000E+00
    1.932336124857376E-03    1.501386686752456E-09    0.000000000000000E+00
    1.932338724895136E-03    1.508380443993989E-09    0.000000000000000E+00
    1.932341974166773E-03    1.546664881533719E-09    0.000000000000000E+00
    1.932345807546467E-03    1.631012009565625E-09    0.000000000000000E+00
    1.932350175212446E-03    1.772382273495154E-09    0.000000000000000E+00
    1.932355038606430E-03    1.977903482898552E-09    0.000000000000000E+00
    1.932360365212258E-03    2.250857010176227E-09    0.000000000000000E+00
    1.932366122589840E-03    2.590645607781937E-09    0.000000000000000E+00
    1.932372272146266E-03    2.992728542825758E-09    0.000000000000000E+00
    1.932378763134335E-03    3.448528824252345E-09    0.000000000000000E+00
    1.932385527361800E-03    3.945329901772655E-09    0.000000000000000E+00
    1.932392475103598E-03    4.466199863075313E-09    0.000000000000000E+00
    1.932399492629436E-03    4.989984029010246E-09    0.000000000000000E+00
    1.932406441810546E-03    5.491434477716740E-09    0.000000000000000E+00
    1.932413161995376E-03    5.941510204673701E-09    0.000000000000000E+00
    1.932419474644347E-03    6.307954168713154E-09    0.000000000000000E+00
    1.932425190292014E-03    6.556095309184277E-09    0.000000000000000E+00
    1.932430118829003E-03    6.650100304929596E-09    0.000000000000000E+00
    1.932434080787321E-03    6.554306906039643E-09    0.000000000000000E+00
    1.932436923317433E-03    6.235390130930296E-09    0.000000000000000E+00
    1.932438532096057E-03    5.663819969292125E-09    0.000000000000000E+00
    1.932438854488159E-03    4.817540128672067E-09    0.000000000000000E+00
    1.932437901050026E-03    3.681872422723651E-09    0.000000000000000E+00
    1.932435787856234E-03    2.257257941861831E-09    0.000000000000000E+00
    1.932432692716929E-03    5.518081917725684E-10    0.000000000000000E+00
    1.932428974130178E-03   -1.395544054052012E-09    0.000000000000000E+00
    1.932424956087836E-03   -3.552343699603234E-09    0.000000000000000E+00
    1.932421370448786E-03   -5.809737597481028E-09    0.000000000000000E+00
    1.932418483402757E-03   -8.136522266181216E-09    0.000000000000000E+00
    1.932417835135264E-03   -1.026158108859612E-08    0.000000000000000E+00
    1.932418783851938E-03   -1.228685064024383E-08    0.000000000000000E+00
    1.932425403927648E-03   -1.345266584725195E-08    0.000000000000000E+00
    1.932432821504452E-03   -1.454526911222169E-08    0.000000000000000E+00
    1.932454564997577E-03   -1.309101375812834E-08    0.000000000000000E+00
    1.932468085312736E-03   -1.281849338792460E-08    0.000000000000000E+00
    1.932524396599786E-03   -4.758279199771864E-09    0.000000000000000E+00
    1.932528381689636E-03   -4.729386045898289E-09    0.000000000000000E+00
    1.932678970762469E-03    2.063499877513220E-08    0.000000000000000E+00
    1.932591962964705E-03    9.002454436055006E-09    0.000000000000000E+00
    1.933051792649907E-03    8.222193583720950E-08    0.000000000000000E+00
    1.932470009964427E-03   -6.886690580871971E-09    0.000000000000000E+00
    1.934122061374221E-03    1.985570063303872E-07    0.000000000000000E+00
    1.931196979489590E-03   -3.134592956353910E-07    0.000000000000000E+00
    1.937421940440491E-03   -1.686218027638522E-08    0.000000000000000E+00
    1.924749125193093E-03   -2.407794129732138E-06    0.000000000000000E+00
    1.951902681590261E-03   -4.135118558011647E-06    0.000000000000000E+00
    1.548019898141249E-03    5.020093578110500E-06    0.000000000000000E+00
    1.525619744487244E-03    3.348571190641452E-06    0.000000000000000E+00
    1.538749916153038E-03    6.919566228358662E-07    0.000000000000000E+00
    1.534724392246994E-03    7.520144506852802E-07    0.000000000000000E+00
    1.537798255827805E-03    1.167689245685649E-07    0.000000000000000E+00
    1.536935259570299E-03    1.758395735651498E-07    0.000000000000000E+00
    1.537727495140934E-03    9.652183943670481E-09    0.000000000000000E+00
    1.537528007151586E-03    2.772833625172984E-08    0.000000000000000E+00
    1.537739580814017E-03   -1.625082828551022E-08    0.000000000000000E+00
    1.537700647126945E-03   -1.191534447662557E-08    0.000000000000000E+00
    1.537757966026395E-03   -2.214838094497939E-08    0.000000000000000E+00
    1.537751997718216E-03   -1.990288877789180E-08    0.000000000000000E+00
    1.537767579721249E-03   -2.098685343717179E-08    0.000000000000000E+00
    1.537765385079779E-03   -1.871962896463417E-08    0.000000000000000E+00
    1.537766863551147E-03   -1.725402093698582E-08    0.000000000000000E+00
    1.537762249566751E-03   -1.495001892228012E-08    0.000000000000000E+00
    1.537757127440112E-03   -1.291591189805191E-08    0.000000000000000E+00
    1.537749301212701E-03   -1.077525843018791E-08    0.000000000000000E+00
    1.537740455512846E-03   -8.833710766446881E-09    0.000000000000000E+00
    1.537730349369577E-03   -7.013028275477353E-09    0.000000000000000E+00
    1.537719719784900E-03   -5.400011262830865E-09    0.000000000000000E+00
    1.537708803520654E-03   -3.977790250895865E-09    0.000000000000000E+00
    1.537698054194247E-03   -2.766051765969528E-09    0.000000000000000E+00
    1.537687757971889E-03   -1.753580643411612E-09    0.000000000000000E+00
    1.537678208187039E-03   -9.346571882613942E-10    0.000000000000000E+00
    1.537669606043403E-03   -2.927690974018225E-10    0.000000000000000E+00
    1.537662106198352E-03    1.893243271273426E-10    0.000000000000000E+00
    1.537655795947550E-03    5.328696185200281E-10    0.000000000000000E+00
    1.537650713266592E-03    7.598805804302650E-10    0.000000000000000E+00
    1.537646849146775E-03    8.932505815917458E-10    0.000000000000000E+00
    1.537644160122153E-03    9.552586900838395E-10    0.000000000000000E+00
    1.537642576776182E-03    9.672341582703698E-10    0.000000000000000E+00
    1.537642014002144E-03    9.488228982779211E-10    0.000000000000000E+00
    1.537642378886994E-03    9.176398656254020E-10    0.000000000000000E+00
    1.537643577572198E-03    8.889935139159312E-10    0.000000000000000E+00
    1.537645520088072E-03    8.757952952575020E-10    0.000000000000000E+00
    1.537648123408496E-03    8.885483159821307E-10    0.000000000000000E+00
    1.537651312565970E-03    9.354173614550232E-10    0.000000000000000E+00
    1.537655020136070E-03    1.022326517431695E-09    0.000000000000000E+00
    1.537659184287100E-03    1.153057315834256E-09    0.000000000000000E+00
    1.537663745781010E-03    1.329317366604035E-09    0.000000000000000E+00
    1.537668644318498E-03    1.550760515681543E-09    0.000000000000000E+00
    1.537673814675378E-03    1.814947828636082E-09    0.000000000000000E+00
    1.537679183086937E-03    2.117252180779201E-09    0.000000000000000E+00
    1.537684664324976E-03    2.450717258128004E-09    0.000000000000000E+00
    1.537690159905766E-03    2.805897706190886E-09    0.000000000000000E+00
    1.537695557773360E-03    3.170707568119684E-09    0.000000000000000E+00
    1.537700733821794E-03    3.530329226990666E-09    0.000000000000000E+00
    1.537705555341091E-03    3.867203628924802E-09    0.000000000000000E+00
    1.537709886710939E-03    4.161193611152015E-09    0.000000000000000E+00
    1.537713596809009E-03    4.389868404616042E-09    0.000000000000000E+00
    1.537716568856978E-03    4.529124262235098E-09    0.000000000000000E+00
    1.537718710428239E-03    4.553807976391995E-09    0.000000000000000E+00
    1.537719966779268E-03    4.439064618402559E-09    0.000000000000000E+00
    1.537720329408823E-03    4.160995835011912E-09    0.000000000000000E+00
    1.537719853593188E-03    3.699407339255070E-09    0.000000000000000E+00
    1.537718655011235E-03    3.037069474385240E-09    0.000000000000000E+00
    1.537716942011190E-03    2.166384836818970E-09    0.000000000000000E+00
    1.537714968537719E-03    1.081944680360497E-09    0.000000000000000E+00
    1.537713133913026E-03   -1.981024400574005E-10    0.000000000000000E+00
    1.537711779239066E-03   -1.667518535031654E-09    0.000000000000000E+00
    1.537711577421394E-03   -3.254307305245546E-09    0.000000000000000E+00
    1.537712733099757E-03   -4.966102580247541E-09    0.000000000000000E+00
    1.537716548999893E-03   -6.591496007807765E-09    0.000000000000000E+00
    1.537722287345513E-03   -8.279527709681438E-09    0.000000000000000E+00
    1.537733411504936E-03   -9.375506855289850E-09    0.000000000000000E+00
    1.537745202362874E-03   -1.070106414725199E-08    0.000000000000000E+00
    1.537769534843729E-03   -1.000567244331074E-08    0.000000000000000E+00
    1.537785504769714E-03   -1.095854669275390E-08    0.000000000000000E+00
    1.537838854875810E-03   -5.157767670484031E-09    0.000000000000000E+00
    1.537842621747083E-03   -7.925341679333360E-09    0.000000000000000E+00
    1.537976817107087E-03    1.253118804503197E-08    0.000000000000000E+00
    1.537892045455721E-03   -3.940843912463561E-09    0.000000000000000E+00
    1.538300064372176E-03    6.113119045197274E-08    0.000000000000000E+00
    1.537755470255343E-03   -3.305206304868710E-08    0.000000000000000E+00
    1.539245087818327E-03    1.721915858598765E-07    0.000000000000000E+00
    1.536526419005682E-03   -3.255186900976970E-07    0.000000000000000E+00
    1.542159744078962E-03    5.505533146601671E-08    0.000000000000000E+00
    1.530111035528130E-03   -2.342883545177620E-06    0.000000000000000E+00
    1.554960765347579E-03   -4.062886984998186E-06    0.000000000000000E+00
    1.132241245715111E-03    4.171704843089947E-06    0.000000000000000E+00
    1.112928093357788E-03    2.659078019006892E-06    0.000000000000000E+00
    1.124562583107171E-03    3.169432786344188E-07    0.000000000000000E+00
    1.121031017813859E-03    5.315322560056940E-07    0.000000000000000E+00
    1.123608366836298E-03    2.567543965284402E-08    0.000000000000000E+00
    1.122828865902458E-03    1.172652739577008E-07    0.000000000000000E+00
    1.123475568265410E-03   -1.001006227201352E-08    0.000000000000000E+00
    1.123286566459101E-03    1.696486525217734E-08    0.000000000000000E+00
    1.123457099725484E-03   -1.599472469270166E-08    0.000000000000000E+00
    1.123418904953932E-03   -8.891752993961666E-09    0.000000000000000E+00
    1.123466754696060E-03   -1.617237664586162E-08    0.000000000000000E+00
    1.123463419975131E-03   -1.336578835754808E-08    0.000000000000000E+00
    1.123480344943372E-03   -1.397105972209621E-08    0.000000000000000E+00
    1.123483397506032E-03   -1.195113176322706E-08    0.000000000000000E+00
    1.123490351501808E-03   -1.081365415570589E-08    0.000000000000000E+00
    1.123492472856616E-03   -9.059282726351156E-09    0.000000000000000E+00
    1.123494188926847E-03   -7.610679366225411E-09    0.000000000000000E+00
    1.123493364444759E-03   -6.111808918641518E-09    0.000000000000000E+00
    1.123491232808561E-03   -4.808318869367563E-09    0.000000000000000E+00
    1.123487445203565E-03   -3.617059511713612E-09    0.000000000000000E+00
    1.123482538483822E-03   -2.601141153708749E-09    0.000000000000000E+00
    1.123476670821346E-03   -1.735959841498464E-09    0.000000000000000E+00
    1.123470225901932E-03   -1.030481925681886E-09    0.000000000000000E+00
    1.123463478493065E-03   -4.686903900785453E-10    0.000000000000000E+00
    1.123456735597213E-03   -4.112512107143231E-11    0.000000000000000E+00
    1.123450244379872E-03    2.692285326096522E-10    0.000000000000000E+00
    1.123444223748635E-03    4.782892263427114E-10    0.000000000000000E+00
    1.123438840067389E-03    6.038388758744065E-10    0.000000000000000E+00
    1.123434216787591E-03    6.628967345545962E-10    0.000000000000000E+00
    1.123430431814407E-03    6.720630144721300E-10    0.000000000000000E+00
    1.123427524571414E-03    6.464964652791497E-10    0.000000000000000E+00
    1.123425500613813E-03    5.998951216217250E-10    0.000000000000000E+00
    1.123424338832324E-03    5.441598859818597E-10    0.000000000000000E+00
    1.123423997473693E-03    4.893685532103562E-10    0.000000000000000E+00
    1.123424420207392E-03    4.437761580493877E-10    0.000000000000000E+00
    1.123425540965108E-03    4.139404517548674E-10    0.000000000000000E+00
    1.123427287842823E-03    4.048864032618828E-10    0.000000000000000E+00
    1.123429585663245E-03    4.203044387362069E-10    0.000000000000000E+00
    1.123432357485118E-03    4.627373017538699E-10    0.000000000000000E+00
    1.123435525071999E-03    5.337432751205525E-10    0.000000000000000E+00
    1.123439008616589E-03    6.340089669505674E-10    0.000000000000000E+00
    1.123442726001300E-03    7.633988488255227E-10    0.000000000000000E+00
    1.123446591941854E-03    9.209333334342605E-10    0.000000000000000E+00
    1.123450517367920E-03    1.104696844310258E-09    0.000000000000000E+00
    1.123454409377615E-03    1.311682375340729E-09    0.000000000000000E+00
    1.123458172082304E-03    1.537591094289753E-09    0.000000000000000E+00
    1.123461708557310E-03    1.776604793104200E-09    0.000000000000000E+00
    1.123464924105322E-03    2.021170536011591E-09    0.000000000000000E+00
    1.123467730776389E-03    2.261810747788915E-09    0.000000000000000E+00
    1.123470053267477E-03    2.487035091359760E-09    0.000000000000000E+00
    1.123471835585197E-03    2.683309371844859E-09    0.000000000000000E+00
    1.123473048907981E-03    2.835271437385444E-09    0.000000000000000E+00
    1.123473698551488E-03    2.925913918671670E-09    0.000000000000000E+00
    1.123473832595359E-03    2.937369868221487E-09    0.000000000000000E+00
    1.123473545186717E-03    2.851095389854632E-09    0.000000000000000E+00
    1.123472986217657E-03    2.649867405303912E-09    0.000000000000000E+00
    1.123472351968114E-03    2.316803814867407E-09    0.000000000000000E+00
    1.123471905012355E-03    1.840826260750058E-09    0.000000000000000E+00
    1.123471925750095E-03    1.209987865351014E-09    0.000000000000000E+00
    1.123472788849198E-03    4.297235320487324E-10    0.000000000000000E+00
    1.123474781084657E-03   -5.080498272934669E-10    0.000000000000000E+00
    1.123478424979885E-03   -1.557876501899166E-09    0.000000000000000E+00
    1.123483790516862E-03   -2.747132492530852E-09    0.000000000000000E+00
    1.123491822978682E-03   -3.917441899093440E-09    0.000000000000000E+00
    1.123501666905358E-03   -5.228721061833754E-09    0.000000000000000E+00
    1.123515977724666E-03   -6.149286500809265E-09    0.000000000000000E+00
    1.123530381065388E-03   -7.441504396856158E-09    0.000000000000000E+00
    1.123554569983845E-03   -7.202387303060448E-09    0.000000000000000E+00
    1.123570255985801E-03   -8.720890083719145E-09    0.000000000000000E+00
    1.123615926143759E-03   -4.731810546436399E-09    0.000000000000000E+00
    1.123616817788891E-03   -8.821819470457633E-09    0.000000000000000E+00
    1.123725833766466E-03    6.810616380368507E-09    0.000000000000000E+00
    1.123644826072672E-03   -1.097791747102302E-08    0.000000000000000E+00
    1.123980041873191E-03    4.329478758627239E-08    0.000000000000000E+00
    1.123495771240078E-03   -4.563842562720296E-08    0.000000000000000E+00
    1.124753660986413E-03    1.430802099092436E-07    0.000000000000000E+00
    1.122383087826408E-03   -2.962653309609770E-07    0.000000000000000E+00
    1.127159028967931E-03    1.260226878300486E-07    0.000000000000000E+00
    1.116413815933503E-03   -2.046276572766492E-06    0.000000000000000E+00
    1.137601767820101E-03   -3.606924540367967E-06    0.000000000000000E+00
    6.961464813802248E-04    2.901991796376918E-06    0.000000000000000E+00
    6.818346306418536E-04    1.767435910810113E-06    0.000000000000000E+00
    6.907393399675898E-04    5.604348552855592E-08    0.000000000000000E+00
    6.880164097334269E-04    3.213412742635876E-07    0.000000000000000E+00
    6.898741637274744E-04   -2.046780997503026E-08    0.000000000000000E+00
    6.892601684889796E-04    6.786243505047520E-08    0.000000000000000E+00
    6.897105966379484E-04   -1.526611498955444E-08    0.000000000000000E+00
    6.895537910105240E-04    9.947653188628840E-09    0.000000000000000E+00
    6.896695012358895E-04   -1.142376308099934E-08    0.000000000000000E+00
    6.896346508632593E-04   -4.655799298007551E-09    0.000000000000000E+00
    6.896667476208561E-04   -9.247886292254469E-09    0.000000000000000E+00
    6.896634075875394E-04   -6.902665119458731E-09    0.000000000000000E+00
    6.896768316019945E-04   -7.290884167781859E-09    0.000000000000000E+00
    6.896814040829801E-04   -5.919897420467501E-09    0.000000000000000E+00
    6.896898812761775E-04   -5.277081869685049E-09    0.000000000000000E+00
    6.896954884997742E-04   -4.235886709822360E-09    0.000000000000000E+00
    6.897012120740073E-04   -3.442793106129582E-09    0.000000000000000E+00
    6.897052228366621E-04   -2.623469463448137E-09    0.000000000000000E+00
    6.897082166507634E-04   -1.944933401100066E-09    0.000000000000000E+00
    6.897097588507138E-04   -1.338862655464629E-09    0.000000000000000E+00
    6.897101082956602E-04   -8.448789009601232E-10    0.000000000000000E+00
    6.897092838822870E-04   -4.407266985071962E-10    0.000000000000000E+00
    6.897075088723821E-04   -1.297579683462510E-10    0.000000000000000E+00
    6.897049607559538E-04    1.015567481353889E-10    0.000000000000000E+00
    6.897018709913642E-04    2.609261308709268E-10    0.000000000000000E+00
    6.896984515698542E-04    3.605401885109393E-10    0.000000000000000E+00
    6.896949124860110E-04    4.109346650239916E-10    0.000000000000000E+00
    6.896914378913286E-04    4.232621377927263E-10    0.000000000000000E+00
    6.896881874357722E-04    4.075351133962288E-10    0.000000000000000E+00
    6.896852891730830E-04    3.730288736761829E-10    0.000000000000000E+00
    6.896828403179805E-04    3.277015160067370E-10    0.000000000000000E+00
    6.896809070153720E-04    2.783179867416329E-10    0.000000000000000E+00
    6.896795269706529E-04    2.303480464337758E-10    0.000000000000000E+00
    6.896787121424761E-04    1.880670630488004E-10    0.000000000000000E+00
    6.896784523218419E-04    1.546522079561036E-10    0.000000000000000E+00
    6.896787186002478E-04    1.323507078612720E-10    0.000000000000000E+00
    6.896794667986199E-04    1.226565881383911E-10    0.000000000000000E+00
    6.896806405937411E-04    1.264953403802678E-10    0.000000000000000E+00
    6.896821742806929E-04    1.443875499049508E-10    0.000000000000000E+00
    6.896839951344466E-04    1.765868309817129E-10    0.000000000000000E+00
    6.896860255166527E-04    2.231730882940774E-10    0.000000000000000E+00
    6.896881848119231E-04    2.840975261586682E-10    0.000000000000000E+00
    6.896903913616219E-04    3.591726749915269E-10    0.000000000000000E+00
    6.896925645611761E-04    4.480085395411237E-10    0.000000000000000E+00
    6.896946272686800E-04    5.498978621052416E-10    0.000000000000000E+00
    6.896965086485114E-04    6.636609713599638E-10    0.000000000000000E+00
    6.896981474885433E-04    7.874592383833475E-10    0.000000000000000E+00
    6.896994960127284E-04    9.186011403619345E-10    0.000000000000000E+00
    6.897005240101772E-04    1.053346103968624E-09    0.000000000000000E+00
    6.897012232327577E-04    1.186757737366123E-09    0.000000000000000E+00
    6.897016114803974E-04    1.312571027782136E-09    0.000000000000000E+00
    6.897017365888225E-04    1.423209302569026E-09    0.000000000000000E+00
    6.897016787064017E-04    1.509750507674004E-09    0.000000000000000E+00
    6.897015527328426E-04    1.562303289462947E-09    0.000000000000000E+00
    6.897015058160413E-04    1.569928966123163E-09    0.000000000000000E+00
    6.897017186836426E-04    1.521855742195284E-09    0.000000000000000E+00
    6.897023922622052E-04    1.406543224049503E-09    0.000000000000000E+00
    6.897037555285369E-04    1.215402584003715E-09    0.000000000000000E+00
    6.897060229350060E-04    9.377475648461982E-10    0.000000000000000E+00
    6.897094446604531E-04    5.737260315393787E-10    0.000000000000000E+00
    6.897141667586666E-04    1.117798600743108E-10    0.000000000000000E+00
    6.897204660732007E-04   -4.231398818939997E-10    0.000000000000000E+00
    6.897282401304281E-04   -1.061288794576539E-09    0.000000000000000E+00
    6.897379873965948E-04   -1.701379240141656E-09    0.000000000000000E+00
    6.897488344502466E-04   -2.476052689844625E-09    0.000000000000000E+00
    6.897624600432298E-04   -3.021377700354329E-09    0.000000000000000E+00
    6.897753235670367E-04   -3.917635445383546E-09    0.000000000000000E+00
    6.897942439215503E-04   -3.816086937398291E-09    0.000000000000000E+00
    6.898053499602658E-04   -5.160319240842443E-09    0.000000000000000E+00
    6.898367494703699E-04   -2.701484583748932E-09    0.000000000000000E+00
    6.898328006505175E-04   -6.438199965079366E-09    0.000000000000000E+00
    6.899059736683391E-04    3.834302332851885E-09    0.000000000000000E+00
    6.898362436960424E-04   -1.082827496943876E-08    0.000000000000000E+00
    6.900711676353020E-04    2.754076566120878E-08    0.000000000000000E+00
    6.896940267038271E-04   -4.118100208315000E-08    0.000000000000000E+00
    6.906124412574460E-04    1.025188584918362E-07    0.000000000000000E+00
    6.888286999600135E-04   -2.175698432183682E-07    0.000000000000000E+00
    6.923300624192847E-04    1.517827943951941E-07    0.000000000000000E+00
    6.840609517531989E-04   -1.457895176719723E-06    0.000000000000000E+00
    6.995545911704642E-04   -2.621105986346372E-06    0.000000000000000E+00
    2.392124759306007E-04    1.068645893684380E-06    0.000000000000000E+00
    2.329277958902896E-04    6.302713031915552E-07    0.000000000000000E+00
    2.370511281937160E-04   -1.889955667648949E-08    0.000000000000000E+00
    2.357391074706781E-04    1.081186881526423E-07    0.000000000000000E+00
    2.365444968896966E-04   -1.618355180902421E-08    0.000000000000000E+00
    2.362488754460541E-04    2.225410430488339E-08    0.000000000000000E+00
    2.364305629997151E-04   -7.434319911285441E-09    0.000000000000000E+00
    2.363495314703814E-04    3.340760537454048E-09    0.000000000000000E+00
    2.363924620648826E-04   -4.232952438526762E-09    0.000000000000000E+00
    2.363696637400868E-04   -1.313325283527206E-09    0.000000000000000E+00
    2.363787771094349E-04   -2.905611293633392E-09    0.000000000000000E+00
    2.363734688902414E-04   -1.943244843669678E-09    0.000000000000000E+00
    2.363769417418319E-04   -2.077864967759755E-09    0.000000000000000E+00
    2.363777007338127E-04   -1.578400523680766E-09    0.000000000000000E+00
    2.363812961756356E-04   -1.377611384950716E-09    0.000000000000000E+00
    2.363845647577337E-04   -1.038764977092860E-09    0.000000000000000E+00
    2.363886801352615E-04   -8.019321087062147E-10    0.000000000000000E+00
    2.363926512890013E-04   -5.587559870579723E-10    0.000000000000000E+00
    2.363966105157698E-04   -3.695648246715017E-10    0.000000000000000E+00
    2.364001891850879E-04   -2.060020515443075E-10    0.000000000000000E+00
    2.364033403249370E-04   -8.120652004103493E-11    0.000000000000000E+00
    2.364059291557971E-04    1.469699765953765E-11    0.000000000000000E+00
    2.364079359987642E-04    8.145384380647330E-11    0.000000000000000E+00
    2.364093474302061E-04    1.248201291891960E-10    0.000000000000000E+00
    2.364102014831199E-04    1.479872937134960E-10    0.000000000000000E+00
    2.364105538432995E-04    1.555281525146498E-10    0.000000000000000E+00
    2.364104832157453E-04    1.511167028748891E-10    0.000000000000000E+00
    2.364100771448717E-04    1.384421265255116E-10    0.000000000000000E+00
    2.364094285109883E-04    1.205959510999353E-10    0.000000000000000E+00
    2.364086279297964E-04    1.002764090523657E-10    0.000000000000000E+00
    2.364077596671647E-04    7.961990358361790E-11    0.000000000000000E+00
    2.364068974240982E-04    6.029007892220572E-11    0.000000000000000E+00
    2.364061019298781E-04    4.347777833710759E-11    0.000000000000000E+00
    2.364054192541531E-04    2.997052880613019E-11    0.000000000000000E+00
    2.364048802735358E-04    2.021234637090404E-11    0.000000000000000E+00
    2.364045009059660E-04    1.438614642471830E-11    0.000000000000000E+00
    2.364042831326554E-04    1.249076376713849E-11    0.000000000000000E+00
    2.364042166043354E-04    1.441648456292336E-11    0.000000000000000E+00
    2.364042807301849E-04    2.001258610287116E-11    0.000000000000000E+00
    2.364044471631958E-04    2.914135684530152E-11    0.000000000000000E+00
    2.364046825401009E-04    4.171391463406684E-11    0.000000000000000E+00
    2.364049514072178E-04    5.770877127583009E-11    0.000000000000000E+00
    2.364052192416287E-04    7.716994190676060E-11    0.000000000000000E+00
    2.364054554793782E-04    1.001851349972789E-10    0.000000000000000E+00
    2.364056364525860E-04    1.268445767605987E-10    0.000000000000000E+00
    2.364057481296778E-04    1.571834118525789E-10    0.000000000000000E+00
    2.364057885235809E-04    1.911097656168145E-10    0.000000000000000E+00
    2.364057696413259E-04    2.283259715730703E-10    0.000000000000000E+00
    2.364057187848451E-04    2.682431901388470E-10    0.000000000000000E+00
    2.364056791030767E-04    3.099083390411145E-10    0.000000000000000E+00
    2.364057091225338E-04    3.519270048265166E-10    0.000000000000000E+00
    2.364058813526436E-04    3.924340695406131E-10    0.000000000000000E+00
    2.364062793725511E-04    4.290369700984120E-10    0.000000000000000E+00
    2.364069943842986E-04    4.589030460584864E-10    0.000000000000000E+00
    2.364081191976125E-04    4.786674184303751E-10    0.000000000000000E+00
    2.364097438683459E-04    4.848229334288436E-10    0.000000000000000E+00
    2.364119450819980E-04    4.732926567471635E-10    0.000000000000000E+00
    2.364147857166850E-04    4.407652837620313E-10    0.000000000000000E+00
    2.364182930300659E-04    3.827035694539860E-10    0.000000000000000E+00
    2.364224797988095E-04    2.981700879811052E-10    0.000000000000000E+00
    2.364272825368831E-04    1.812277956336674E-10    0.000000000000000E+00
    2.364326690441854E-04    3.915960827017942E-11    0.000000000000000E+00
    2.364384158669648E-04   -1.423634968971267E-10    0.000000000000000E+00
    2.364445529816191E-04   -3.284984572123468E-10    0.000000000000000E+00
    2.364504937704092E-04   -5.739787129723099E-10    0.000000000000000E+00
    2.364567933422281E-04   -7.460201470512699E-10    0.000000000000000E+00
    2.364616967840866E-04   -1.071722293140729E-09    0.000000000000000E+00
    2.364680982472360E-04   -1.046290593407476E-09    0.000000000000000E+00
    2.364696666267676E-04   -1.611142125695062E-09    0.000000000000000E+00
    2.364789199494674E-04   -7.778938301928284E-10    0.000000000000000E+00
    2.364710279027063E-04   -2.375714956762781E-09    0.000000000000000E+00
    2.364957799141196E-04    1.279962892263203E-09    0.000000000000000E+00
    2.364558275976473E-04   -4.708065205391629E-09    0.000000000000000E+00
    2.365516371292152E-04    9.615430233138735E-09    0.000000000000000E+00
    2.363684497332328E-04   -1.745347605410265E-08    0.000000000000000E+00
    2.367716534346799E-04    3.853252946001125E-08    0.000000000000000E+00
    2.359701963725791E-04   -8.344965229710353E-08    0.000000000000000E+00
    2.375032584379337E-04    7.341678540013962E-08    0.000000000000000E+00
    2.336873825924297E-04   -5.444026483835892E-07    0.000000000000000E+00
    2.404310394565171E-04   -9.930130628704378E-07    0.000000000000000E+00
SCALARS temperature double 1
LOOKUP_TABLE default
    3.000000000000001E+02
    3.000000000000001E+02
    3.000000000000001E+02
    3.000000000000001E+02
    3.000000000000000E+02
    3.000000000000001E+02
    3.000000000000001E+02
    3.000000000000001E+02
    2.999999999999999E+02
    2.999999999999999E+02
    2.999999999999999E+02
    2.999999999999998E+02
    2.999999999999999E+02
    2.999999999999999E+02
    2.999999999999999E+02
    2.999999999999999E+02
    2.999999999999999E+02
    3.000000000000000E+02
    3.000000000000000E+02
    2.999999999999999E+02
    2.999999999999999E+02
    2.999999999999999E+02
    2.999999999999999E+02
    2.999999999999999E+02
    3.000000000000000E+02
    3.000000000000000E+02
    3.000000000000000E+02
    3.000000000000000E+02
    3.000000000000001E+02
    3.000000000000000E+02
    3.000000000000000E+02
    3.000000000000001E+02
    3.000000000000001E+02
    3.000000000000001E+02
    3.000000000000001E+02
    3.000000000000001E+02
    3.000000000000001E+02
    2.999999999999999E+02
    2.999999999999999E+02
    2.999999999999999E+02
    2.999999999999999E+02
    2.999999999999999E+02
    2.999999999999999E+02
    2.999999999999999E+02
    2.999999999999999E+02
    2.999999999999999E+02
    2.999999999999998E+02
    2.999999999999998E+02
    2.999999999999998E+02
    2.999999999999999E+02
    3.000000000000000E+02
    3.000000000000001E+02
    2.999999999999999E+02
    3.000000000000000E+02
    3.000000000000000E+02
    3.000000000000000E+02
    2.999999999999999E+02
    2.999999999999998E+02
    2.999999999999998E+02
    2.999999999999998E+02
    2.999999999999998E+02
    2.999999999999998E+02
    2.999999999999999E+02
    3.000000000000000E+02
    2.999999999999999E+02
    2.999999999999999E+02
    2.999999999999999E+02
    3.000000000000000E+02
    3.000000000000001E+02
    3.000000000000001E+02
    3.000000000000000E+02
    2.999999999999999E+02
    2.999999999999999E+02
    2.999999999999998E+02
    2.999999999999999E+02
    2.999999999999998E+02
    2.999999999999998E+02
    2.999999999999999E+02
    3.000000000000000E+02
    2.999999999999999E+02
    3.000000000000000E+02
    3.000000000000000E+02
    3.000000000000000E+02
    2.999999999999999E+02
    3.000000000000000E+02
    2.999999999999999E+02
    2.999999999999999E+02
    2.999999999999999E+02
    2.999999999999999E+02
    2.999999999999999E+02
    2.999999999999999E+02
    3.000000000000000E+02
    2.999999999999999E+02
    3.000000000000001E+02
    3.000000000000002E+02
    3.000000000000001E+02
    3.000000000000001E+02
    3.000000000000001E+02
    3.000000000000001E+02
    3.000000000000001E+02
    3.000000000000002E+02
    3.000000000000002E+02
    3.000000000000003E+02
    3.000000000000003E+02
    3.000000000000002E+02
    3.000000000000002E+02
    3.000000000000002E+02
    3.000000000000002E+02
    3.000000000000003E+02
    3.000000000000002E+02
    3.000000000000003E+02
    3.000000000000003E+02
    3.000000000000003E+02
    3.000000000000003E+02
    3.000000000000002E+02
    3.000000000000001E+02
    3.000000000000003E+02
    3.000000000000002E+02
    3.000000000000002E+02
    3.000000000000002E+02
    3.000000000000002E+02
    3.000000000000001E+02
    3.000000000000001E+02
    3.000000000000001E+02
    3.000000000000002E+02
    3.000000000000002E+02
    3.000000000000002E+02
    3.000000000000002E+02
    3.000000000000001E+02
    3.000000000000001E+02
    3.000000000000001E+02
    3.000000000000001E+02
    3.000000000000002E+02
    3.000000000000003E+02
    3.000000000000002E+02
    3.000000000000001E+02
    3.000000000000001E+02
    3.000000000000000E+02
    3.000000000000000E+02
    3.000000000000000E+02
    2.999999999999999E+02
    2.999999999999999E+02
    2.999999999999998E+02
    2.999999999999998E+02
    2.999999999999997E+02
    2.999999999999998E+02
    2.999999999999999E+02
    2.999999999999999E+02
    3.000000000000001E+02
    3.000000000000000E+02
    3.000000000000001E+02
    3.000000000000000E+02
    2.999999999999999E+02
    3.000000000000000E+02
    2.999999999999999E+02
    3.000000000000001E+02
    3.000000000000001E+02
    3.000000000000001E+02
    3.000000000000001E+02
    3.000000000000001E+02
    3.000000000000000E+02
    3.000000000000000E+02
    3.000000000000001E+02
    2.999999999999999E+02
    2.999999999999999E+02
    2.999999999999999E+02
    3.000000000000000E+02
    3.000000000000000E+02
    3.000000000000000E+02
    2.999999999999999E+02
    2.999999999999999E+02
    2.999999999999999E+02
    2.999999999999998E+02
    2.999999999999999E+02
    3.000000000000000E+02
    3.000000000000001E+02
    3.000000000000001E+02
    3.000000000000001E+02
    3.000000000000001E+02
    3.000000000000000E+02
    3.000000000000001E+02
    3.000000000000001E+02
    3.000000000000000E+02
    2.999999999999999E+02
    2.999999999999999E+02
    2.999999999999999E+02
    3.000000000000000E+02
    3.000000000000001E+02
    3.000000000000001E+02
    3.000000000000001E+02
    3.000000000000001E+02
    3.000000000000001E+02
    3.000000000000000E+02
    3.000000000000000E+02
    3.000000000000000E+02
    3.000000000000000E+02
    3.000000000000001E+02
    3.000000000000001E+02
    3.000000000000001E+02
    3.000000000000001E+02
    3.000000000000000E+02
    2.999999999999999E+02
    2.999999999999999E+02
    2.999999999999998E+02
    2.999999999999998E+02
    2.999999999999998E+02
    2.999999999999998E+02
    2.999999999999998E+02
    2.999999999999998E+02
    2.999999999999998E+02
    2.999999999999999E+02
    2.999999999999999E+02
    3.000000000000001E+02
    3.000000000000000E+02
    3.000000000000000E+02
    3.000000000000000E+02
    3.000000000000000E+02
    2.999999999999999E+02
    2.999999999999999E+02
    3.000000000000000E+02
    2.999999999999999E+02
    2.999999999999999E+02
    2.999999999999999E+02
    2.999999999999999E+02
    2.999999999999999E+02
    2.999999999999999E+02
    2.999999999999999E+02
    2.999999999999999E+02
    2.999999999999999E+02
    2.999999999999999E+02
    2.999999999999999E+02
    2.999999999999999E+02
    3.000000000000001E+02
    3.000000000000001E+02
    3.000000000000001E+02
    3.000000000000000E+02
    3.000000000000000E+02
    3.000000000000001E+02
    2.999999999999999E+02
    2.999999999999999E+02
    2.999999999999999E+02
    2.999999999999999E+02
    3.000000000000000E+02
    3.000000000000001E+02
    3.000000000000000E+02
    3.000000000000000E+02
    3.000000000000001E+02
    3.000000000000000E+02
    3.000000000000001E+02
    3.000000000000001E+02
    3.000000000000000E+02
    2.999999999999999E+02
    3.000000000000000E+02
    2.999999999999999E+02
    3.000000000000001E+02
    3.000000000000001E+02
    3.000000000000001E+02
    3.000000000000000E+02
    3.000000000000000E+02
    3.000000000000001E+02
    3.000000000000001E+02
    3.000000000000001E+02
    3.000000000000001E+02
    3.000000000000001E+02
    3.000000000000001E+02
    3.000000000000001E+02
    3.000000000000001E+02
    3.000000000000000E+02
    3.000000000000001E+02
    3.000000000000001E+02
    3.000000000000001E+02
    3.000000000000001E+02
    3.000000000000002E+02
    3.000000000000003E+02
    3.000000000000003E+02
    3.000000000000003E+02
    3.000000000000002E+02
    3.000000000000001E+02
    3.000000000000001E+02
    3.000000000000002E+02
    3.000000000000001E+02
    3.000000000000001E+02
    3.000000000000001E+02
    3.000000000000002E+02
    3.000000000000001E+02
    3.000000000000002E+02
    3.000000000000002E+02
    3.000000000000001E+02
    3.000000000000001E+02
    3.000000000000001E+02
    2.999999999999999E+02
    2.999999999999999E+02
    2.999999999999999E+02
    2.999999999999999E+02
    3.000000000000000E+02
    3.000000000000001E+02
    3.000000000000001E+02
    3.000000000000000E+02
    3.000000000000001E+02
    3.000000000000001E+02
    3.000000000000001E+02
    3.000000000000001E+02
    3.000000000000002E+02
    3.000000000000002E+02
    3.000000000000002E+02
    3.000000000000002E+02
    3.000000000000002E+02
    3.000000000000002E+02
    3.000000000000002E+02
    3.000000000000002E+02
    3.000000000000003E+02
    3.000000000000003E+02
    3.000000000000002E+02
    3.000000000000002E+02
    3.000000000000002E+02
    3.000000000000002E+02
    3.000000000000002E+02
    3.000000000000002E+02
    3.000000000000001E+02
    3.000000000000002E+02
    3.000000000000000E+02
    2.999999999999999E+02
    3.000000000000000E+02
    3.000000000000000E+02
    3.000000000000000E+02
    3.000000000000000E+02
    2.999999999999999E+02
    2.999999999999999E+02
    2.999999999999999E+02
    2.999999999999998E+02
    2.999999999999998E+02
    2.999999999999997E+02
    2.999999999999998E+02
    2.999999999999998E+02
    2.999999999999999E+02
    2.999999999999999E+02
    2.999999999999999E+02
    3.000000000000000E+02
    2.999999999999999E+02
    2.999999999999999E+02
    3.000000000000000E+02
    3.000000000000001E+02
    3.000000000000000E+02
    3.000000000000000E+02
    3.000000000000000E+02
    3.000000000000000E+02
    3.000000000000000E+02
    3.000000000000000E+02
    3.000000000000000E+02
    3.000000000000000E+02
    3.000000000000000E+02
    3.000000000000000E+02
    3.000000000000001E+02
    3.000000000000002E+02
    3.000000000000001E+02
    3.000000000000001E+02
    3.000000000000000E+02
    3.000000000000001E+02
    3.000000000000001E+02
    3.000000000000001E+02
    3.000000000000001E+02
    3.000000000000001E+02
    3.000000000000001E+02
    3.000000000000000E+02
    2.999999999999999E+02
    2.999999999999999E+02
    2.999999999999999E+02
    2.999999999999999E+02
    2.999999999999999E+02
    2.999999999999999E+02
    2.999999999999999E+02
    2.999999999999998E+02
    2.999999999999998E+02
    2.999999999999998E+02
    2.999999999999998E+02
    2.999999999999999E+02
    2.999999999999999E+02
    2.999999999999999E+02
    3.000000000000000E+02
    3.000000000000000E+02
    2.999999999999999E+02
    2.999999999999999E+02
    2.999999999999999E+02
    2.999999999999999E+02
    2.999999999999998E+02
    2.999999999999998E+02
    2.999999999999999E+02
    2.999999999999999E+02
    2.999999999999999E+02
    2.999999999999999E+02
    2.999999999999999E+02
    2.999999999999999E+02
    2.999999999999999E+02
    2.999999999999999E+02
    2.999999999999999E+02
    3.000000000000000E+02
    3.000000000000001E+02
    3.000000000000000E+02
    3.000000000000000E+02
    3.000000000000000E+02
    3.000000000000001E+02
    3.000000000000000E+02
    3.000000000000000E+02
    2.999999999999999E+02
    2.999999999999999E+02
    2.999999999999999E+02
    3.000000000000000E+02
    2.999999999999999E+02
    3.000000000000000E+02
    2.999999999999999E+02
    2.999999999999999E+02
    2.999999999999999E+02
    2.999999999999999E+02
    2.999999999999999E+02
    2.999999999999999E+02
    2.999999999999999E+02
    2.999999999999999E+02
    3.000000000000000E+02
    2.999999999999999E+02
    2.999999999999998E+02
    2.999999999999998E+02
    2.999999999999998E+02
    2.999999999999999E+02
    3.000000000000000E+02
    2.999999999999999E+02
    2.999999999999999E+02
    2.999999999999999E+02
    2.999999999999999E+02
    2.999999999999998E+02
    2.999999999999998E+02
    2.999999999999998E+02
    2.999999999999999E+02
    2.999999999999999E+02
    2.999999999999999E+02
    2.999999999999999E+02
    2.999999999999999E+02
    2.999999999999999E+02
    2.999999999999999E+02
    2.999999999999999E+02
    3.000000000000000E+02
    3.000000000000002E+02
    3.000000000000001E+02
    3.000000000000002E+02
    3.000000000000001E+02
    3.000000000000001E+02
    3.000000000000000E+02
    3.000000000000000E+02
    3.000000000000000E+02
    3.000000000000000E+02
    3.000000000000000E+02
    3.000000000000001E+02
    3.000000000000000E+02
    3.000000000000001E+02
    3.000000000000002E+02
    3.000000000000002E+02
    3.000000000000002E+02
    3.000000000000002E+02
    3.000000000000002E+02
    3.000000000000002E+02
    3.000000000000002E+02
    3.000000000000002E+02
    3.000000000000001E+02
    3.000000000000001E+02
    3.000000000000002E+02
    3.000000000000002E+02
    3.000000000000001E+02
    3.000000000000002E+02
    3.000000000000001E+02
    3.000000000000002E+02
    3.000000000000001E+02
    3.000000000000001E+02
    3.000000000000001E+02
    3.000000000000001E+02
    3.000000000000000E+02
    2.999999999999999E+02
    2.999999999999999E+02
    2.999999999999999E+02
    2.999999999999998E+02
    2.999999999999999E+02
    2.999999999999998E+02
    3.000000000000001E+02
    2.999999999999999E+02
    2.999999999999999E+02
    2.999999999999999E+02
    2.999999999999999E+02
    3.000000000000001E+02
    3.000000000000000E+02
    3.000000000000001E+02
    3.000000000000000E+02
    3.000000000000001E+02
    3.000000000000001E+02
    3.000000000000001E+02
    3.000000000000002E+02
    3.000000000000002E+02
    3.000000000000001E+02
    3.000000000000000E+02
    2.999999999999999E+02
    2.999999999999999E+02
    2.999999999999999E+02
    2.999999999999998E+02
    2.999999999999998E+02
    2.999999999999999E+02
    2.999999999999999E+02
    2.999999999999999E+02
    2.999999999999999E+02
    2.999999999999998E+02
    2.999999999999998E+02
    2.999999999999997E+02
    2.999999999999997E+02
    2.999999999999998E+02
    2.999999999999998E+02
    2.999999999999998E+02
    2.999999999999998E+02
    2.999999999999998E+02
    2.999999999999999E+02
    3.000000000000000E+02
    3.000000000000000E+02
    2.999999999999999E+02
    2.999999999999999E+02
    3.000000000000001E+02
    3.000000000000001E+02
    3.000000000000002E+02
    3.000000000000002E+02
    3.000000000000001E+02
    3.000000000000001E+02
    3.000000000000001E+02
    3.000000000000001E+02
    3.000000000000000E+02
    3.000000000000001E+02
    2.999999999999999E+02
    2.999999999999999E+02
    3.000000000000000E+02
    3.000000000000000E+02
    2.999999999999999E+02
    2.999999999999999E+02
    2.999999999999999E+02
    2.999999999999999E+02
    3.000000000000001E+02
    3.000000000000000E+02
    3.000000000000000E+02
    2.999999999999999E+02
    2.999999999999998E+02
    2.999999999999997E+02
    2.999999999999997E+02
    2.999999999999998E+02
    2.999999999999998E+02
    2.999999999999999E+02
    2.999999999999999E+02
    2.999999999999999E+02
    2.999999999999999E+02
    2.999999999999999E+02
    2.999999999999999E+02
    2.999999999999999E+02
    2.999999999999999E+02
    2.999999999999999E+02
    2.999999999999999E+02
    2.999999999999998E+02
    2.999999999999998E+02
    2.999999999999998E+02
    2.999999999999998E+02
    3.000000000000001E+02
    3.000000000000000E+02
    2.999999999999999E+02
    3.000000000000000E+02
    3.000000000000001E+02
    3.000000000000000E+02
    2.999999999999999E+02
    3.000000000000000E+02
    3.000000000000001E+02
    3.000000000000001E+02
    3.000000000000000E+02
    3.000000000000001E+02
    3.000000000000000E+02
    2.999999999999999E+02
    3.000000000000001E+02
    3.000000000000001E+02
    3.000000000000001E+02
    3.000000000000001E+02
    3.000000000000002E+02
    3.000000000000001E+02
    3.000000000000002E+02
    3.000000000000001E+02
    3.000000000000001E+02
    3.000000000000001E+02
    3.000000000000000E+02
    3.000000000000000E+02
    2.999999999999999E+02
    3.000000000000001E+02
    3.000000000000001E+02
    3.000000000000000E+02
    3.000000000000000E+02
    2.999999999999999E+02
    3.000000000000000E+02
    3.000000000000002E+02
    3.000000000000001E+02
    3.000000000000001E+02
    3.000000000000001E+02
    3.000000000000001E+02
    3.000000000000001E+02
    3.000000000000001E+02
    3.000000000000001E+02
    3.000000000000001E+02
    3.000000000000000E+02
    3.000000000000001E+02
    3.000000000000001E+02
    3.000000000000001E+02
    3.000000000000001E+02
    3.000000000000000E+02
    3.000000000000000E+02
    3.000000000000000E+02
    3.000000000000000E+02
    3.000000000000001E+02
    3.000000000000001E+02
    3.000000000000000E+02
    2.999999999999999E+02
    2.999999999999998E+02
    2.999999999999998E+02
    2.999999999999997E+02
    2.999999999999998E+02
    2.999999999999998E+02
    2.999999999999998E+02
    2.999999999999997E+02
    2.999999999999999E+02
    3.000000000000001E+02
    3.000000000000001E+02
    3.000000000000001E+02
    3.000000000000001E+02
    3.000000000000001E+02
    3.000000000000001E+02
    3.000000000000001E+02
    3.000000000000002E+02
    3.000000000000001E+02
    3.000000000000002E+02
    3.000000000000001E+02
    3.000000000000001E+02
    3.000000000000002E+02
    3.000000000000001E+02
    3.000000000000001E+02
    3.000000000000002E+02
    3.000000000000002E+02
    3.000000000000000E+02
    3.000000000000000E+02
    2.999999999999999E+02
    2.999999999999998E+02
    2.999999999999999E+02
    2.999999999999999E+02
    2.999999999999999E+02
    2.999999999999999E+02
    3.000000000000000E+02
    3.000000000000001E+02
    3.000000000000001E+02
    3.000000000000001E+02
    3.000000000000001E+02
    3.000000000000001E+02
    3.000000000000000E+02
    3.000000000000001E+02
    3.000000000000001E+02
    3.000000000000001E+02
    3.000000000000001E+02
    3.000000000000002E+02
    3.000000000000002E+02
    3.000000000000001E+02
    3.000000000000001E+02
    3.000000000000002E+02
    3.000000000000002E+02
    3.000000000000001E+02
    3.000000000000002E+02
    3.000000000000002E+02
    3.000000000000002E+02
    3.000000000000001E+02
    3.000000000000001E+02
    3.000000000000001E+02
    3.000000000000000E+02
    3.000000000000000E+02
    3.000000000000000E+02
    2.999999999999999E+02
    2.999999999999999E+02
    2.999999999999999E+02
    2.999999999999999E+02
    2.999999999999999E+02
    2.999999999999999E+02
    2.999999999999999E+02
    2.999999999999998E+02
    2.999999999999998E+02
    2.999999999999999E+02
    2.999999999999998E+02
    2.999999999999998E+02
    2.999999999999999E+02
    2.999999999999998E+02
    2.999999999999999E+02
    3.000000000000000E+02
    3.000000000000000E+02
    2.999999999999999E+02
    2.999999999999999E+02
    2.999999999999998E+02
    2.999999999999999E+02
    2.999999999999999E+02
    2.999999999999999E+02
    2.999999999999999E+02
    2.999999999999999E+02
    2.999999999999999E+02
    3.000000000000000E+02
    3.000000000000001E+02
    3.000000000000000E+02
    3.000000000000000E+02
    3.000000000000001E+02
    3.000000000000001E+02
    3.000000000000002E+02
    3.000000000000002E+02
    3.000000000000002E+02
    3.000000000000002E+02
    3.000000000000001E+02
    3.000000000000001E+02
    3.000000000000001E+02
    3.000000000000000E+02
    3.000000000000000E+02
    2.999999999999999E+02
    2.999999999999999E+02
    3.000000000000000E+02
    3.000000000000000E+02
    3.000000000000000E+02
    3.000000000000000E+02
    3.000000000000000E+02
    3.000000000000000E+02
    3.000000000000001E+02
    3.000000000000001E+02
    2.999999999999999E+02
    2.999999999999999E+02
    2.999999999999999E+02
    2.999999999999999E+02
    2.999999999999999E+02
    2.999999999999999E+02
    3.000000000000000E+02
    2.999999999999999E+02
    3.000000000000000E+02
    3.000000000000000E+02
    2.999999999999999E+02
    2.999999999999999E+02
    3.000000000000000E+02
    2.999999999999999E+02
    2.999999999999999E+02
    2.999999999999999E+02
    3.000000000000000E+02
    2.999999999999999E+02
    2.999999999999998E+02
    2.999999999999998E+02
    2.999999999999998E+02
    2.999999999999998E+02
    2.999999999999998E+02
    2.999999999999999E+02
    2.999999999999999E+02
    2.999999999999999E+02
    3.000000000000000E+02
    2.999999999999999E+02
    2.999999999999999E+02
    2.999999999999998E+02
    2.999999999999999E+02
    2.999999999999999E+02
    2.999999999999999E+02
    3.000000000000000E+02
    3.000000000000000E+02
    2.999999999999999E+02
    3.000000000000000E+02
    3.000000000000000E+02
    2.999999999999999E+02
    2.999999999999999E+02
    2.999999999999998E+02
    2.999999999999999E+02
    2.999999999999999E+02
    2.999999999999999E+02
    2.999999999999999E+02
    2.999999999999999E+02
    3.000000000000001E+02
    3.000000000000001E+02
    3.000000000000001E+02
    3.000000000000002E+02
    3.000000000000001E+02
    3.000000000000001E+02
    3.000000000000001E+02
    3.000000000000000E+02
    3.000000000000001E+02
    3.000000000000001E+02
    3.000000000000001E+02
    3.000000000000000E+02
    3.000000000000000E+02
    2.999999999999999E+02
    2.999999999999999E+02
    2.999999999999999E+02
    2.999999999999999E+02
    2.999999999999999E+02
    2.999999999999999E+02
    2.999999999999999E+02
    2.999999999999999E+02
    3.000000000000000E+02
    2.999999999999999E+02
    2.999999999999999E+02
    2.999999999999998E+02
    2.999999999999998E+02
    2.999999999999998E+02
    2.999999999999999E+02
    3.000000000000000E+02
    3.000000000000001E+02
    3.000000000000000E+02
    3.000000000000000E+02
    3.000000000000000E+02
    3.000000000000000E+02
    3.000000000000000E+02
    3.000000000000000E+02
    2.999999999999999E+02
    2.999999999999999E+02
    3.000000000000001E+02
    3.000000000000001E+02
    3.000000000000001E+02
    3.000000000000001E+02
    3.000000000000001E+02
    3.000000000000001E+02
    3.000000000000001E+02
    3.000000000000002E+02
    3.000000000000002E+02
    3.000000000000001E+02
    2.999999999999999E+02
    3.000000000000000E+02
    3.000000000000001E+02
    3.000000000000001E+02
    3.000000000000001E+02
    3.000000000000001E+02
    3.000000000000001E+02
    3.000000000000001E+02
    2.999999999999999E+02
    2.999999999999999E+02
    2.999999999999999E+02
    3.000000000000000E+02
    3.000000000000001E+02
    3.000000000000001E+02
    3.000000000000000E+02
    2.999999999999999E+02
    3.000000000000000E+02
    2.999999999999999E+02
    2.999999999999999E+02
    2.999999999999998E+02
    2.999999999999998E+02
    2.999999999999998E+02
    2.999999999999998E+02
    2.999999999999997E+02
    2.999999999999997E+02
    2.999999999999997E+02
    2.999999999999997E+02
    2.999999999999998E+02
    2.999999999999998E+02
    2.999999999999998E+02
    2.999999999999999E+02
    2.999999999999998E+02
    2.999999999999998E+02
    2.999999999999999E+02
    2.999999999999999E+02
    2.999999999999999E+02
    2.999999999999999E+02
    2.999999999999999E+02
    2.999999999999999E+02
    2.999999999999999E+02
    2.999999999999999E+02
    2.999999999999999E+02
    2.999999999999999E+02
    2.999999999999999E+02
    3.000000000000000E+02
    2.999999999999999E+02
    3.000000000000000E+02
    3.000000000000000E+02
    3.000000000000000E+02
    3.000000000000001E+02
    3.000000000000000E+02
    3.000000000000000E+02
    2.999999999999999E+02
    2.999999999999999E+02
    2.999999999999999E+02
    2.999999999999998E+02
    2.999999999999999E+02
    2.999999999999999E+02
    2.999999999999999E+02
    3.000000000000000E+02
    3.000000000000000E+02
    2.999999999999999E+02
    3.000000000000000E+02
    3.000000000000000E+02
    3.000000000000001E+02
    3.000000000000001E+02
    3.000000000000001E+02
    3.000000000000001E+02
    3.000000000000001E+02
    3.000000000000001E+02
    3.000000000000001E+02
    3.000000000000001E+02
    3.000000000000001E+02
    3.000000000000001E+02
    3.000000000000000E+02
    3.000000000000000E+02
    3.000000000000001E+02
    3.000000000000001E+02
    3.000000000000001E+02
    3.000000000000000E+02
    3.000000000000000E+02
    3.000000000000000E+02
    3.000000000000001E+02
    3.000000000000001E+02
    3.000000000000000E+02
    3.000000000000001E+02
    3.000000000000000E+02
    3.000000000000001E+02
    3.000000000000000E+02
    2.999999999999999E+02
    2.999999999999999E+02
    3.000000000000001E+02
    3.000000000000000E+02
    3.000000000000000E+02
    2.999999999999998E+02
    2.999999999999998E+02
    2.999999999999999E+02
    2.999999999999999E+02
    2.999999999999999E+02
    2.999999999999999E+02
    2.999999999999999E+02
    2.999999999999999E+02
    2.999999999999999E+02
    2.999999999999999E+02
    2.999999999999998E+02
    2.999999999999998E+02
    2.999999999999999E+02
    2.999999999999999E+02
    2.999999999999999E+02
    2.999999999999999E+02
    2.999999999999999E+02
    2.999999999999998E+02
    2.999999999999998E+02
    2.999999999999998E+02
    2.999999999999998E+02
    2.999999999999998E+02
    2.999999999999998E+02
    2.999999999999998E+02
    2.999999999999998E+02
    2.999999999999999E+02
    2.999999999999999E+02
    3.000000000000000E+02
    3.000000000000000E+02
    3.000000000000002E+02
    3.000000000000002E+02
    3.000000000000001E+02
    3.000000000000002E+02
    3.000000000000001E+02
    3.000000000000002E+02
    3.000000000000002E+02
    3.000000000000002E+02
    3.000000000000002E+02
    3.000000000000002E+02
    3.000000000000002E+02
    3.000000000000002E+02
    3.000000000000001E+02
    3.000000000000002E+02
    3.000000000000002E+02
    3.000000000000001E+02
    3.000000000000000E+02
    3.000000000000001E+02
    3.000000000000001E+02
    3.000000000000000E+02
    2.999999999999999E+02
    2.999999999999999E+02
    2.999999999999998E+02
    3.000000000000000E+02
    3.000000000000000E+02
    2.999999999999999E+02
    3.000000000000000E+02
    3.000000000000000E+02
    3.000000000000000E+02
    3.000000000000001E+02
    3.000000000000001E+02
    3.000000000000001E+02
    3.000000000000001E+02
    3.000000000000002E+02
    3.000000000000001E+02
    3.000000000000002E+02
    3.000000000000003E+02
    3.000000000000003E+02
    3.000000000000003E+02
    3.000000000000003E+02
    3.000000000000002E+02
    3.000000000000002E+02
    3.000000000000002E+02
    3.000000000000002E+02
    3.000000000000001E+02
    3.000000000000001E+02
    3.000000000000002E+02
    3.000000000000002E+02
    3.000000000000002E+02
    3.000000000000002E+02
    3.000000000000002E+02
    3.000000000000002E+02
    3.000000000000001E+02
    3.000000000000000E+02
    2.999999999999999E+02
    3.000000000000000E+02
    3.000000000000000E+02
    3.000000000000000E+02
    3.000000000000000E+02
    3.000000000000000E+02
    3.000000000000001E+02
    3.000000000000001E+02
    3.000000000000001E+02
    3.000000000000000E+02
    3.000000000000001E+02
    3.000000000000000E+02
    3.000000000000000E+02
    3.000000000000001E+02
    3.000000000000000E+02
    3.000000000000000E+02
    3.000000000000001E+02
    3.000000000000001E+02
    3.000000000000001E+02
    3.000000000000000E+02
    3.000000000000000E+02
    3.000000000000000E+02
    2.999999999999999E+02
    2.999999999999999E+02
    2.999999999999999E+02
    2.999999999999999E+02
    3.000000000000001E+02
    3.000000000000001E+02
    3.000000000000001E+02
    3.000000000000001E+02
    3.000000000000001E+02
    3.000000000000001E+02
    3.000000000000002E+02
    3.000000000000001E+02
    3.000000000000001E+02
    3.000000000000001E+02
    3.000000000000001E+02
    3.000000000000001E+02
    3.000000000000001E+02
    3.000000000000001E+02
    3.000000000000001E+02
    3.000000000000001E+02
    3.000000000000000E+02
    3.000000000000000E+02
    3.000000000000000E+02
    3.000000000000000E+02
    3.000000000000001E+02
    3.000000000000002E+02
    3.000000000000001E+02
    3.000000000000001E+02
    3.000000000000001E+02
    2.999999999999998E+02
    2.999999999999999E+02
    2.999999999999999E+02
    2.999999999999999E+02
    2.999999999999999E+02
    2.999999999999999E+02
    2.999999999999999E+02
    2.999999999999998E+02
    2.999999999999998E+02
    2.999999999999999E+02
    2.999999999999999E+02
    2.999999999999999E+02
    2.999999999999998E+02
    2.999999999999998E+02
    2.999999999999999E+02
    2.999999999999999E+02
    2.999999999999999E+02
    3.000000000000000E+02
    3.000000000000002E+02
    3.000000000000003E+02
    3.000000000000003E+02
    3.000000000000003E+02
    3.000000000000002E+02
    3.000000000000002E+02
    3.000000000000002E+02
    3.000000000000002E+02
    3.000000000000001E+02
    3.000000000000002E+02
    3.000000000000002E+02
    3.000000000000002E+02
    3.000000000000001E+02
    3.000000000000000E+02
    2.999999999999999E+02
    2.999999999999999E+02
    3.000000000000001E+02
    3.000000000000001E+02
    3.000000000000000E+02
    3.000000000000000E+02
    2.999999999999999E+02
    2.999999999999999E+02
    3.000000000000001E+02
    3.000000000000001E+02
    3.000000000000001E+02
    3.000000000000001E+02
    3.000000000000001E+02
    3.000000000000002E+02
    3.000000000000002E+02
    3.000000000000002E+02
    3.000000000000001E+02
    3.000000000000001E+02
    3.000000000000001E+02
    3.000000000000000E+02
    3.000000000000000E+02
    3.000000000000001E+02
    3.000000000000001E+02
    3.000000000000001E+02
    3.000000000000001E+02
    3.000000000000001E+02
    3.000000000000001E+02
    3.000000000000001E+02
    3.000000000000000E+02
    2.999999999999999E+02
    3.000000000000000E+02
    2.999999999999999E+02
    2.999999999999999E+02
    2.999999999999999E+02
    2.999999999999998E+02
    2.999999999999998E+02
    2.999999999999999E+02
    2.999999999999999E+02
    2.999999999999999E+02
    3.000000000000000E+02
    2.999999999999999E+02
    2.999999999999999E+02
    2.999999999999999E+02
    2.999999999999998E+02
    2.999999999999998E+02
    2.999999999999999E+02
    2.999999999999998E+02
    3.000000000000000E+02
    2.999999999999999E+02
    2.999999999999999E+02
    2.999999999999999E+02
    3.000000000000001E+02
    3.000000000000001E+02
    3.000000000000001E+02
    3.000000000000001E+02
    2.999999999999999E+02
    2.999999999999999E+02
    2.999999999999999E+02
    2.999999999999999E+02
    2.999999999999999E+02
    2.999999999999999E+02
    3.000000000000000E+02
    3.000000000000000E+02
    3.000000000000001E+02
    3.000000000000001E+02
    3.000000000000001E+02
    3.000000000000001E+02
    3.000000000000001E+02
    3.000000000000002E+02
    3.000000000000001E+02
    3.000000000000002E+02
    3.000000000000002E+02
    3.000000000000002E+02
    3.000000000000002E+02
    3.000000000000002E+02
    3.000000000000003E+02
    3.000000000000002E+02
    3.000000000000001E+02
    3.000000000000001E+02
    3.000000000000001E+02
    3.000000000000000E+02
    3.000000000000001E+02
    3.000000000000001E+02
    3.000000000000001E+02
    3.000000000000000E+02
    3.000000000000000E+02
    3.000000000000000E+02
    3.000000000000000E+02
    3.000000000000000E+02
    3.000000000000000E+02
    3.000000000000000E+02
    2.999999999999999E+02
    3.000000000000000E+02
    2.999999999999999E+02
    2.999999999999999E+02
    2.999999999999999E+02
    2.999999999999999E+02
    3.000000000000001E+02
    3.000000000000000E+02
    3.000000000000001E+02
    3.000000000000000E+02
    3.000000000000001E+02
    3.000000000000000E+02
    3.000000000000000E+02
    3.000000000000000E+02
    3.000000000000000E+02
    2.999999999999999E+02
    2.999999999999999E+02
    2.999999999999999E+02
    2.999999999999998E+02
    2.999999999999999E+02
    2.999999999999999E+02
    2.999999999999999E+02
    2.999999999999999E+02
    2.999999999999999E+02
    3.000000000000000E+02
    3.000000000000000E+02
    2.999999999999999E+02
    2.999999999999999E+02
    2.999999999999998E+02
    2.999999999999999E+02
    2.999999999999999E+02
    2.999999999999999E+02
    3.000000000000000E+02
    3.000000000000000E+02
    3.000000000000000E+02
    3.000000000000000E+02
    3.000000000000000E+02
    2.999999999999999E+02
    2.999999999999999E+02
    2.999999999999999E+02
    2.999999999999999E+02
    2.999999999999999E+02
    3.000000000000000E+02
    3.000000000000000E+02
    2.999999999999999E+02
    2.999999999999999E+02
    2.999999999999999E+02
    2.999999999999999E+02
    2.999999999999999E+02
    3.000000000000000E+02
    3.000000000000000E+02
    3.000000000000000E+02
    2.999999999999999E+02
    2.999999999999999E+02
    2.999999999999999E+02
    2.999999999999999E+02
    2.999999999999999E+02
    2.999999999999999E+02
    2.999999999999999E+02
    3.000000000000000E+02
    3.000000000000001E+02
    3.000000000000001E+02
    3.000000000000001E+02
    3.000000000000000E+02
    3.000000000000000E+02
    3.000000000000000E+02
    3.000000000000000E+02
    3.000000000000000E+02
    2.999999999999999E+02
    2.999999999999999E+02
    2.999999999999999E+02
    2.999999999999999E+02
    2.999999999999999E+02
    2.999999999999999E+02
    2.999999999999999E+02
    2.999999999999999E+02
    3.000000000000001E+02
    3.000000000000001E+02
    3.000000000000000E+02
    2.999999999999999E+02
    2.999999999999999E+02
    2.999999999999999E+02
    2.999999999999999E+02
    2.999999999999998E+02
    2.999999999999998E+02
    2.999999999999998E+02
    2.999999999999998E+02
    2.999999999999997E+02
    2.999999999999998E+02
    2.999999999999998E+02
    2.999999999999998E+02
    2.999999999999998E+02
    2.999999999999998E+02
    2.999999999999998E+02
    2.999999999999999E+02
    3.000000000000000E+02
    2.999999999999999E+02
    2.999999999999999E+02
    2.999999999999999E+02
    2.999999999999999E+02
    2.999999999999999E+02
    2.999999999999999E+02
    2.999999999999999E+02
    2.999999999999999E+02
    2.999999999999998E+02
    2.999999999999998E+02
    2.999999999999997E+02
    2.999999999999997E+02
    2.999999999999997E+02
    3.000000000000001E+02
    3.000000000000000E+02
    3.000000000000001E+02
    3.000000000000001E+02
    2.999999999999999E+02
    3.000000000000000E+02
    2.999999999999999E+02
    2.999999999999999E+02
    3.000000000000001E+02
    3.000000000000000E+02
    3.000000000000001E+02
    3.000000000000001E+02
    3.000000000000002E+02
    3.000000000000002E+02
    3.000000000000002E+02
    3.000000000000001E+02
    3.000000000000002E+02
    3.000000000000003E+02
    3.000000000000003E+02
    3.000000000000002E+02
    3.000000000000000E+02
    2.999999999999999E+02
    2.999999999999999E+02
    2.999999999999999E+02
    2.999999999999999E+02
    2.999999999999999E+02
    2.999999999999999E+02
    2.999999999999999E+02
    2.999999999999999E+02
    3.000000000000001E+02
    3.000000000000001E+02
    3.000000000000000E+02
    3.000000000000001E+02
    3.000000000000000E+02
    3.000000000000001E+02
    3.000000000000001E+02
    3.000000000000001E+02
    3.000000000000002E+02
    3.000000000000001E+02
    3.000000000000002E+02
    3.000000000000002E+02
    3.000000000000002E+02
    3.000000000000001E+02
    3.000000000000001E+02
    3.000000000000001E+02
    3.000000000000001E+02
    3.000000000000002E+02
    3.000000000000002E+02
    3.000000000000001E+02
    3.000000000000002E+02
    3.000000000000001E+02
    3.000000000000001E+02
    3.000000000000001E+02
    3.000000000000001E+02
    3.000000000000001E+02
    3.000000000000001E+02
    3.000000000000001E+02
    3.000000000000001E+02
    3.000000000000001E+02
    3.000000000000000E+02
    3.000000000000001E+02
    3.000000000000000E+02
    3.000000000000001E+02
    3.000000000000001E+02
    3.000000000000001E+02
    3.000000000000002E+02
    3.000000000000002E+02
    3.000000000000001E+02
    3.000000000000001E+02
    3.000000000000002E+02
    3.000000000000001E+02
    3.000000000000001E+02
    3.000000000000001E+02
    3.000000000000001E+02
    3.000000000000003E+02
    3.000000000000002E+02
    3.000000000000002E+02
    3.000000000000001E+02
    3.000000000000001E+02
    3.000000000000001E+02
    3.000000000000000E+02
    2.999999999999999E+02
    2.999999999999999E+02
    2.999999999999999E+02
    3.000000000000000E+02
    3.000000000000000E+02
    3.000000000000000E+02
    3.000000000000001E+02
    3.000000000000000E+02
    2.999999999999999E+02
    2.999999999999999E+02
    2.999999999999999E+02
    3.000000000000000E+02
    3.000000000000000E+02
    2.999999999999999E+02
    2.999999999999999E+02
    2.999999999999999E+02
    3.000000000000000E+02
    3.000000000000000E+02
    3.000000000000001E+02
    3.000000000000001E+02
    3.000000000000001E+02
    3.000000000000001E+02
    3.000000000000001E+02
    3.000000000000001E+02
    3.000000000000001E+02
    3.000000000000001E+02
    3.000000000000001E+02
    3.000000000000001E+02
    3.000000000000001E+02
    3.000000000000001E+02
    3.000000000000000E+02
    3.000000000000001E+02
    2.999999999999999E+02
    3.000000000000000E+02
    3.000000000000000E+02
    3.000000000000001E+02
    3.000000000000001E+02
    3.000000000000001E+02
    3.000000000000001E+02
    3.000000000000001E+02
    3.000000000000001E+02
    3.000000000000001E+02
    3.000000000000000E+02
    2.999999999999999E+02
    2.999999999999998E+02
    2.999999999999998E+02
    2.999999999999998E+02
    2.999999999999998E+02
    2.999999999999999E+02
    2.999999999999999E+02
    2.999999999999999E+02
    2.999999999999999E+02
    2.999999999999999E+02
    3.000000000000001E+02
    3.000000000000000E+02
    3.000000000000001E+02
    3.000000000000000E+02
    3.000000000000000E+02
    3.000000000000000E+02
    2.999999999999999E+02
    2.999999999999999E+02
    3.000000000000000E+02
    2.999999999999999E+02
    2.999999999999998E+02
    2.999999999999998E+02
    2.999999999999998E+02
    2.999999999999999E+02
    2.999999999999999E+02
    2.999999999999999E+02
    2.999999999999999E+02
    2.999999999999999E+02
    2.999999999999999E+02
    2.999999999999999E+02
    2.999999999999999E+02
    2.999999999999999E+02
    2.999999999999999E+02
    2.999999999999999E+02
    3.000000000000000E+02
    3.000000000000001E+02
    2.999999999999999E+02
    3.000000000000000E+02
    3.000000000000001E+02
    2.999999999999999E+02
    2.999999999999999E+02
    2.999999999999999E+02
    2.999999999999999E+02
    2.999999999999999E+02
    2.999999999999999E+02
    2.999999999999999E+02
    2.999999999999999E+02
    2.999999999999999E+02
    2.999999999999999E+02
    2.999999999999999E+02
    2.999999999999999E+02
    2.999999999999999E+02
    2.999999999999999E+02
    2.999999999999999E+02
    2.999999999999999E+02
    3.000000000000000E+02
    2.999999999999999E+02
    3.000000000000000E+02
    3.000000000000000E+02
    2.999999999999999E+02
    2.999999999999999E+02
    2.999999999999999E+02
    2.999999999999998E+02
    2.999999999999999E+02
    2.999999999999998E+02
    2.999999999999998E+02
    2.999999999999997E+02
    2.999999999999998E+02
    2.999999999999998E+02
    2.999999999999999E+02
    2.999999999999999E+02
    2.999999999999999E+02
    2.999999999999999E+02
    3.000000000000000E+02
    3.000000000000001E+02
    3.000000000000000E+02
    3.000000000000001E+02
    3.000000000000001E+02
    3.000000000000000E+02
    2.999999999999999E+02
    3.000000000000000E+02
    3.000000000000000E+02
    2.999999999999999E+02
    3.000000000000001E+02
    3.000000000000000E+02
    2.999999999999999E+02
    2.999999999999999E+02
    2.999999999999999E+02
    2.999999999999998E+02
    2.999999999999998E+02
    2.999999999999998E+02
    2.999999999999998E+02
    2.999999999999999E+02
    2.999999999999999E+02
    2.999999999999999E+02
    2.999999999999998E+02
    2.999999999999998E+02
    2.999999999999999E+02
    2.999999999999999E+02
    2.999999999999999E+02
    3.000000000000000E+02
    2.999999999999999E+02
    2.999999999999999E+02
    3.000000000000001E+02
    3.000000000000000E+02
    2.999999999999999E+02
    3.000000000000001E+02
    3.000000000000001E+02
    3.000000000000001E+02
    2.999999999999999E+02
    2.999999999999999E+02
    2.999999999999999E+02
    2.999999999999999E+02
    2.999999999999999E+02
    2.999999999999999E+02
    2.999999999999999E+02
    2.999999999999999E+02
    2.999999999999999E+02
    2.999999999999999E+02
    2.999999999999999E+02
    2.999999999999999E+02
    2.999999999999998E+02
    2.999999999999999E+02
    3.000000000000001E+02
    3.000000000000001E+02
    3.000000000000001E+02
    3.000000000000001E+02
    3.000000000000001E+02
    3.000000000000000E+02
    2.999999999999999E+02
    2.999999999999999E+02
    3.000000000000001E+02
    3.000000000000001E+02
    2.999999999999999E+02
    3.000000000000000E+02
    3.000000000000001E+02
    3.000000000000000E+02
    3.000000000000001E+02
    2.999999999999999E+02
    3.000000000000000E+02
    3.000000000000000E+02
    3.000000000000000E+02
    2.999999999999999E+02
    3.000000000000001E+02
    3.000000000000001E+02
    3.000000000000001E+02
    3.000000000000001E+02
    3.000000000000000E+02
    2.999999999999999E+02
    3.000000000000001E+02
    3.000000000000001E+02
    3.000000000000002E+02
    3.000000000000001E+02
    3.000000000000001E+02
    3.000000000000001E+02
    3.000000000000001E+02
    3.000000000000001E+02
    3.000000000000002E+02
    3.000000000000002E+02
    3.000000000000003E+02
    3.000000000000002E+02
    3.000000000000002E+02
    3.000000000000002E+02
    3.000000000000002E+02
    3.000000000000002E+02
    3.000000000000002E+02
    3.000000000000002E+02
    3.000000000000002E+02
    3.000000000000002E+02
    3.000000000000001E+02
    3.000000000000000E+02
    3.000000000000000E+02
    2.999999999999999E+02
    2.999999999999998E+02
    2.999999999999999E+02
    2.999999999999999E+02
    2.999999999999999E+02
    2.999999999999999E+02
    2.999999999999999E+02
    2.999999999999999E+02
    2.999999999999999E+02
    2.999999999999999E+02
    2.999999999999999E+02
    2.999999999999999E+02
    2.999999999999999E+02
    3.000000000000000E+02
    3.000000000000001E+02
    3.000000000000001E+02
    3.000000000000001E+02
    3.000000000000001E+02
    3.000000000000001E+02
    3.000000000000002E+02
    3.000000000000001E+02
    3.000000000000001E+02
    3.000000000000001E+02
    3.000000000000001E+02
    3.000000000000000E+02
    3.000000000000001E+02
    3.000000000000000E+02
    2.999999999999999E+02
    2.999999999999999E+02
    3.000000000000000E+02
    2.999999999999999E+02
    2.999999999999999E+02
    3.000000000000000E+02
    3.000000000000000E+02
    3.000000000000001E+02
    3.000000000000000E+02
    2.999999999999999E+02
    2.999999999999999E+02
    2.999999999999999E+02
    2.999999999999998E+02
    2.999999999999999E+02
    3.000000000000001E+02
    3.000000000000001E+02
    3.000000000000001E+02
    3.000000000000001E+02
    3.000000000000001E+02
    3.000000000000001E+02
    3.000000000000002E+02
    3.000000000000002E+02
    3.000000000000002E+02
    3.000000000000001E+02
    3.000000000000001E+02
    3.000000000000001E+02
    3.000000000000000E+02
    2.999999999999999E+02
    2.999999999999999E+02
    2.999999999999999E+02
    2.999999999999999E+02
    2.999999999999999E+02
    2.999999999999998E+02
    2.999999999999999E+02
    2.999999999999998E+02
    2.999999999999999E+02
    2.999999999999999E+02
    2.999999999999999E+02
    2.999999999999999E+02
    2.999999999999999E+02
    2.999999999999999E+02
    2.999999999999999E+02
    2.999999999999998E+02
    2.999999999999998E+02
    2.999999999999998E+02
    2.999999999999998E+02
    2.999999999999998E+02
    2.999999999999998E+02
    2.999999999999998E+02
    2.999999999999998E+02
    2.999999999999998E+02
    2.999999999999998E+02
    2.999999999999998E+02
    2.999999999999999E+02
    2.999999999999998E+02
    2.999999999999998E+02
    2.999999999999998E+02
    2.999999999999998E+02
    2.999999999999998E+02
    2.999999999999997E+02
    2.999999999999997E+02
    2.999999999999997E+02
    2.999999999999997E+02
    2.999999999999997E+02
    2.999999999999997E+02
    2.999999999999997E+02
    2.999999999999997E+02
    2.999999999999997E+02
    2.999999999999997E+02
    2.999999999999997E+02
    2.999999999999998E+02
    2.999999999999998E+02
    2.999999999999998E+02
    2.999999999999999E+02
    2.999999999999998E+02
    2.999999999999999E+02
    2.999999999999999E+02
    3.000000000000000E+02
    3.000000000000000E+02
    2.999999999999999E+02
    3.000000000000000E+02
    3.000000000000001E+02
    3.000000000000000E+02
    2.999999999999999E+02
    2.999999999999999E+02
    2.999999999999999E+02
    2.999999999999999E+02
    2.999999999999999E+02
    2.999999999999999E+02
    2.999999999999999E+02
    2.999999999999999E+02
    2.999999999999999E+02
    3.000000000000000E+02
    3.000000000000000E+02
    3.000000000000000E+02
    3.000000000000000E+02
    2.999999999999999E+02
    3.000000000000000E+02
    3.000000000000001E+02
    3.000000000000000E+02
    3.000000000000000E+02
    3.000000000000001E+02
    3.000000000000000E+02
    3.000000000000000E+02
    3.000000000000000E+02
    3.000000000000001E+02
    3.000000000000002E+02
    3.000000000000003E+02
    3.000000000000003E+02
    3.000000000000003E+02
    3.000000000000003E+02
    3.000000000000003E+02
    3.000000000000003E+02
    3.000000000000002E+02
    3.000000000000001E+02
    3.000000000000001E+02
    3.000000000000001E+02
    3.000000000000001E+02
    3.000000000000001E+02
    3.000000000000001E+02
    3.000000000000001E+02
    3.000000000000001E+02
    3.000000000000002E+02
    3.000000000000002E+02
    3.000000000000002E+02
    3.000000000000002E+02
    3.000000000000002E+02
    3.000000000000002E+02
    3.000000000000001E+02
    3.000000000000000E+02
    2.999999999999999E+02
    2.999999999999999E+02
    2.999999999999999E+02
    2.999999999999998E+02
    2.999999999999998E+02
    2.999999999999998E+02
    2.999999999999998E+02
    2.999999999999999E+02
    2.999999999999999E+02
    2.999999999999999E+02
    2.999999999999998E+02
    2.999999999999999E+02
    2.999999999999998E+02
    2.999999999999999E+02
    2.999999999999998E+02
    2.999999999999999E+02
    3.000000000000001E+02
    3.000000000000001E+02
    3.000000000000002E+02
    3.000000000000001E+02
    3.000000000000000E+02
    3.000000000000001E+02
    3.000000000000001E+02
    3.000000000000001E+02
    3.000000000000000E+02
    3.000000000000000E+02
    3.000000000000000E+02
    3.000000000000001E+02
    3.000000000000000E+02
    3.000000000000000E+02
    2.999999999999999E+02
    3.000000000000000E+02
    3.000000000000001E+02
    3.000000000000001E+02
    3.000000000000000E+02
    2.999999999999999E+02
    3.000000000000000E+02
    3.000000000000001E+02
    3.000000000000001E+02
    3.000000000000001E+02
    3.000000000000001E+02
    3.000000000000001E+02
    3.000000000000001E+02
    3.000000000000001E+02
    3.000000000000001E+02
    3.000000000000001E+02
    3.000000000000000E+02
    2.999999999999999E+02
    2.999999999999999E+02
    2.999999999999999E+02
    2.999999999999999E+02
    2.999999999999999E+02
    2.999999999999999E+02
    2.999999999999999E+02
    3.000000000000000E+02
    3.000000000000001E+02
    3.000000000000001E+02
    3.000000000000002E+02
    3.000000000000001E+02
    3.000000000000001E+02
    3.000000000000000E+02
    3.000000000000000E+02
    2.999999999999999E+02
    3.000000000000000E+02
    3.000000000000000E+02
    3.000000000000001E+02
    2.999999999999999E+02
    3.000000000000000E+02
    3.000000000000001E+02
    3.000000000000000E+02
    3.000000000000000E+02
    3.000000000000001E+02
    3.000000000000001E+02
    3.000000000000001E+02
    3.000000000000001E+02
    3.000000000000000E+02
    3.000000000000000E+02
    3.000000000000000E+02
    2.999999999999999E+02
    2.999999999999998E+02
    2.999999999999998E+02
    2.999999999999999E+02
    2.999999999999998E+02
    2.999999999999998E+02
    2.999999999999998E+02
    2.999999999999998E+02
    2.999999999999998E+02
    2.999999999999998E+02
    2.999999999999998E+02
    2.999999999999998E+02
    2.999999999999998E+02
    2.999999999999998E+02
    2.999999999999998E+02
    2.999999999999998E+02
    2.999999999999998E+02
    2.999999999999999E+02
    2.999999999999999E+02
    2.999999999999999E+02
    2.999999999999999E+02
    2.999999999999999E+02
    2.999999999999999E+02
    2.999999999999999E+02
    2.999999999999999E+02
    2.999999999999999E+02
    2.999999999999999E+02
    2.999999999999999E+02
    2.999999999999999E+02
    2.999999999999999E+02
    3.000000000000000E+02
    2.999999999999999E+02
    3.000000000000001E+02
    3.000000000000000E+02
    2.999999999999999E+02
    3.000000000000000E+02
    3.000000000000001E+02
    3.000000000000001E+02
    3.000000000000001E+02
    3.000000000000001E+02
    3.000000000000001E+02
    3.000000000000001E+02
    3.000000000000000E+02
    2.999999999999999E+02
    2.999999999999999E+02
    2.999999999999998E+02
    2.999999999999999E+02
    3.000000000000000E+02
    3.000000000000000E+02
    3.000000000000001E+02
    3.000000000000001E+02
    3.000000000000000E+02
    2.999999999999999E+02
    3.000000000000000E+02
    3.000000000000000E+02
    3.000000000000001E+02
    3.000000000000002E+02
    3.000000000000002E+02
    3.000000000000002E+02
    3.000000000000003E+02
    3.000000000000003E+02
    3.000000000000003E+02
    3.000000000000003E+02
    3.000000000000003E+02
    3.000000000000002E+02
    3.000000000000002E+02
    3.000000000000001E+02
    3.000000000000000E+02
    2.999999999999999E+02
    2.999999999999998E+02
    2.999999999999998E+02
    2.999999999999997E+02
    2.999999999999997E+02
    2.999999999999997E+02
    2.999999999999997E+02
    2.999999999999997E+02
    2.999999999999997E+02
    2.999999999999997E+02
    2.999999999999997E+02
    2.999999999999997E+02
    2.999999999999997E+02
    2.999999999999997E+02
    2.999999999999998E+02
    2.999999999999998E+02
    2.999999999999998E+02
    2.999999999999999E+02
    2.999999999999998E+02
    2.999999999999998E+02
    2.999999999999999E+02
    2.999999999999999E+02
    2.999999999999999E+02
    2.999999999999999E+02
    2.999999999999999E+02
    3.000000000000000E+02
    2.999999999999999E+02
    2.999999999999999E+02
    2.999999999999999E+02
    3.000000000000000E+02
    3.000000000000001E+02
    3.000000000000001E+02
    3.000000000000001E+02
    3.000000000000001E+02
    3.000000000000001E+02
    3.000000000000002E+02
    3.000000000000002E+02
    3.000000000000002E+02
    3.000000000000002E+02
    3.000000000000002E+02
    3.000000000000002E+02
    3.000000000000000E+02
    3.000000000000001E+02
    3.000000000000001E+02
    3.000000000000001E+02
    3.000000000000001E+02
    3.000000000000001E+02
    3.000000000000001E+02
    3.000000000000000E+02
    2.999999999999999E+02
    2.999999999999999E+02
    2.999999999999999E+02
    3.000000000000001E+02
    3.000000000000001E+02
    3.000000000000000E+02
    3.000000000000001E+02
    3.000000000000001E+02
    3.000000000000000E+02
    3.000000000000000E+02
    3.000000000000000E+02
    3.000000000000000E+02
    3.000000000000001E+02
    3.000000000000001E+02
    3.000000000000001E+02
    3.000000000000001E+02
    3.000000000000000E+02
    3.000000000000000E+02
    3.000000000000000E+02
    3.000000000000000E+02
    2.999999999999999E+02
    3.000000000000001E+02
    3.000000000000000E+02
    2.999999999999999E+02
    2.999999999999999E+02
    2.999999999999999E+02
    2.999999999999999E+02
    2.999999999999999E+02
    2.999999999999999E+02
    3.000000000000000E+02
    3.000000000000001E+02
    3.000000000000001E+02
    3.000000000000001E+02
    3.000000000000001E+02
    3.000000000000001E+02
    2.999999999999999E+02
    3.000000000000000E+02
    3.000000000000001E+02
    3.000000000000001E+02
    3.000000000000001E+02
    3.000000000000001E+02
    3.000000000000001E+02
    3.000000000000000E+02
    3.000000000000001E+02
    3.000000000000002E+02
    3.000000000000002E+02
    3.000000000000002E+02
    3.000000000000001E+02
    3.000000000000001E+02
    3.000000000000001E+02
    3.000000000000001E+02
    3.000000000000001E+02
    3.000000000000001E+02
    3.000000000000001E+02
    3.000000000000000E+02
    3.000000000000000E+02
    3.000000000000000E+02
    3.000000000000001E+02
    3.000000000000001E+02
    3.000000000000001E+02
    3.000000000000001E+02
    3.000000000000002E+02
    3.000000000000002E+02
    3.000000000000002E+02
    3.000000000000003E+02
    3.000000000000002E+02
    3.000000000000003E+02
    3.000000000000002E+02
    3.000000000000003E+02
    3.000000000000002E+02
    3.000000000000002E+02
    3.000000000000002E+02
    3.000000000000000E+02
    3.000000000000001E+02
    2.999999999999999E+02
    3.000000000000000E+02
    3.000000000000000E+02
    2.999999999999999E+02
    2.999999999999999E+02
    2.999999999999999E+02
    2.999999999999999E+02
    2.999999999999999E+02
    2.999999999999998E+02
    2.999999999999998E+02
    2.999999999999999E+02
    2.999999999999999E+02
    2.999999999999999E+02
    2.999999999999999E+02
    3.000000000000000E+02
    3.000000000000000E+02
    3.000000000000000E+02
    3.000000000000001E+02
    3.000000000000001E+02
    3.000000000000001E+02
    3.000000000000001E+02
    3.000000000000000E+02
    2.999999999999999E+02
    3.000000000000001E+02
    3.000000000000001E+02
    3.000000000000000E+02
    3.000000000000000E+02
    2.999999999999999E+02
    2.999999999999999E+02
    2.999999999999999E+02
    2.999999999999999E+02
    3.000000000000000E+02
    3.000000000000001E+02
    3.000000000000001E+02
    3.000000000000001E+02
    3.000000000000001E+02
    3.000000000000001E+02
    3.000000000000000E+02
    3.000000000000000E+02
    2.999999999999998E+02
    2.999999999999998E+02
    2.999999999999998E+02
    2.999999999999998E+02
    2.999999999999999E+02
    3.000000000000000E+02
    2.999999999999999E+02
    2.999999999999999E+02
    2.999999999999999E+02
    3.000000000000000E+02
    3.000000000000001E+02
    2.999999999999999E+02
    2.999999999999999E+02
    2.999999999999999E+02
    2.999999999999999E+02
    2.999999999999999E+02
    3.000000000000000E+02
    2.999999999999999E+02
    2.999999999999999E+02
    2.999999999999999E+02
    2.999999999999999E+02
    2.999999999999999E+02
    2.999999999999999E+02
    2.999999999999999E+02
    2.999999999999998E+02
    2.999999999999998E+02
    2.999999999999999E+02
    2.999999999999999E+02
    2.999999999999998E+02
    2.999999999999998E+02
    2.999999999999998E+02
    2.999999999999999E+02
    2.999999999999998E+02
    2.999999999999999E+02
    2.999999999999998E+02
    2.999999999999999E+02
    2.999999999999999E+02
    2.999999999999999E+02
    3.000000000000000E+02
    3.000000000000000E+02
    3.000000000000000E+02
    2.999999999999999E+02
    2.999999999999999E+02
    3.000000000000000E+02
    3.000000000000002E+02
    3.000000000000001E+02
    3.000000000000001E+02
    3.000000000000000E+02
    2.999999999999999E+02
    3.000000000000001E+02
    3.000000000000002E+02
    3.000000000000002E+02
    3.000000000000001E+02
    3.000000000000001E+02
    3.000000000000001E+02
    3.000000000000001E+02
    3.000000000000001E+02
    3.000000000000001E+02
    3.000000000000001E+02
    3.000000000000000E+02
    2.999999999999999E+02
    2.999999999999999E+02
    3.000000000000000E+02
    3.000000000000000E+02
    2.999999999999999E+02
    2.999999999999999E+02
    2.999999999999998E+02
    2.999999999999998E+02
    2.999999999999998E+02
    2.999999999999999E+02
    3.000000000000000E+02
    2.999999999999999E+02
    2.999999999999999E+02
    2.999999999999999E+02
    3.000000000000000E+02
    2.999999999999999E+02
    2.999999999999999E+02
    2.999999999999999E+02
    2.999999999999998E+02
    2.999999999999998E+02
    2.999999999999998E+02
    2.999999999999999E+02
    2.999999999999999E+02
    2.999999999999999E+02
    2.999999999999999E+02
    2.999999999999998E+02
    2.999999999999999E+02
    2.999999999999999E+02
    2.999999999999998E+02
    2.999999999999998E+02
    2.999999999999998E+02
    2.999999999999998E+02
    2.999999999999999E+02
    3.000000000000001E+02
    3.000000000000001E+02
    3.000000000000000E+02
    3.000000000000000E+02
    2.999999999999999E+02
    2.999999999999999E+02
    2.999999999999999E+02
    2.999999999999999E+02
    2.999999999999999E+02
    2.999999999999999E+02
    3.000000000000001E+02
    3.000000000000001E+02
    3.000000000000001E+02
    3.000000000000002E+02
    3.000000000000001E+02
    3.000000000000001E+02
    3.000000000000001E+02
    3.000000000000000E+02
    3.000000000000000E+02
    3.000000000000000E+02
    3.000000000000000E+02
    2.999999999999999E+02
    2.999999999999999E+02
    2.999999999999999E+02
    2.999999999999999E+02
    3.000000000000000E+02
    3.000000000000001E+02
    3.000000000000001E+02
    3.000000000000001E+02
    3.000000000000001E+02
    3.000000000000001E+02
    3.000000000000000E+02
    3.000000000000000E+02
    3.000000000000001E+02
    3.000000000000001E+02
    3.000000000000000E+02
    2.999999999999999E+02
    2.999999999999999E+02
    2.999999999999999E+02
    3.000000000000000E+02
    3.000000000000001E+02
    3.000000000000001E+02
    3.000000000000001E+02
    3.000000000000001E+02
    3.000000000000001E+02
    3.000000000000001E+02
    3.000000000000002E+02
    3.000000000000002E+02
    3.000000000000001E+02
    3.000000000000000E+02
    3.000000000000000E+02
    3.000000000000001E+02
    3.000000000000001E+02
    3.000000000000001E+02
    3.000000000000001E+02
    3.000000000000001E+02
    3.000000000000001E+02
    2.999999999999999E+02
    2.999999999999999E+02
    2.999999999999998E+02
    2.999999999999999E+02
    2.999999999999999E+02
    3.000000000000000E+02
    2.999999999999999E+02
    2.999999999999999E+02
    2.999999999999999E+02
    2.999999999999999E+02
    3.000000000000000E+02
    3.000000000000000E+02
    2.999999999999999E+02
    2.999999999999999E+02
    2.999999999999998E+02
    2.999999999999999E+02
    2.999999999999999E+02
    3.000000000000000E+02
    2.999999999999999E+02
    2.999999999999998E+02
    2.999999999999998E+02
    2.999999999999998E+02
    2.999999999999998E+02
    2.999999999999998E+02
    2.999999999999998E+02
    2.999999999999998E+02
    2.999999999999998E+02
    2.999999999999998E+02
    2.999999999999999E+02
    2.999999999999998E+02
    2.999999999999998E+02
    2.999999999999999E+02
    3.000000000000001E+02
    3.000000000000001E+02
    3.000000000000001E+02
    2.999999999999999E+02
    3.000000000000000E+02
    3.000000000000000E+02
    3.000000000000001E+02
    3.000000000000001E+02
    3.000000000000002E+02
    3.000000000000003E+02
    3.000000000000004E+02
    3.000000000000004E+02
    3.000000000000003E+02
    3.000000000000004E+02
    3.000000000000004E+02
    3.000000000000003E+02
    3.000000000000003E+02
    3.000000000000000E+02
    2.999999999999999E+02
    2.999999999999999E+02
    3.000000000000000E+02
    2.999999999999999E+02
    3.000000000000000E+02
    3.000000000000000E+02
    3.000000000000000E+02
    2.999999999999999E+02
    2.999999999999999E+02
    3.000000000000000E+02
    3.000000000000001E+02
    3.000000000000000E+02
    2.999999999999999E+02
    2.999999999999999E+02
    2.999999999999999E+02
    2.999999999999999E+02
    2.999999999999998E+02
    2.999999999999998E+02
    2.999999999999998E+02
    2.999999999999998E+02
    2.999999999999999E+02
    2.999999999999999E+02
    2.999999999999999E+02
    2.999999999999999E+02
    3.000000000000000E+02
    2.999999999999999E+02
    2.999999999999999E+02
    2.999999999999999E+02
    2.999999999999999E+02
    2.999999999999999E+02
    2.999999999999999E+02
    3.000000000000000E+02
    3.000000000000000E+02
    3.000000000000001E+02
    3.000000000000001E+02
    3.000000000000001E+02
    3.000000000000001E+02
    3.000000000000001E+02
    3.000000000000001E+02
    3.000000000000001E+02
    3.000000000000001E+02
    3.000000000000002E+02
    3.000000000000001E+02
    3.000000000000000E+02
    3.000000000000001E+02
    3.000000000000001E+02
    3.000000000000000E+02
    2.999999999999999E+02
    2.999999999999999E+02
    2.999999999999999E+02
    2.999999999999998E+02
    2.999999999999998E+02
    2.999999999999998E+02
    2.999999999999998E+02
    2.999999999999999E+02
    2.999999999999999E+02
    2.999999999999999E+02
    2.999999999999999E+02
    2.999999999999998E+02
    2.999999999999998E+02
    2.999999999999997E+02
    2.999999999999998E+02
    2.999999999999998E+02
    2.999999999999999E+02
    3.000000000000000E+02
    3.000000000000000E+02
    3.000000000000000E+02
    3.000000000000001E+02
    3.000000000000001E+02
    3.000000000000001E+02
    3.000000000000002E+02
    3.000000000000002E+02
    3.000000000000001E+02
    3.000000000000002E+02
    3.000000000000001E+02
    3.000000000000000E+02
    2.999999999999999E+02
    3.000000000000000E+02
    3.000000000000001E+02
    2.999999999999999E+02
    3.000000000000000E+02
    2.999999999999999E+02
    2.999999999999999E+02
    2.999999999999999E+02
    2.999999999999998E+02
    2.999999999999998E+02
    2.999999999999999E+02
    2.999999999999998E+02
    2.999999999999999E+02
    2.999999999999999E+02
    3.000000000000000E+02
    3.000000000000000E+02
    3.000000000000001E+02
    3.000000000000001E+02
    3.000000000000001E+02
    2.999999999999999E+02
    2.999999999999999E+02
    2.999999999999999E+02
    2.999999999999999E+02
    2.999999999999999E+02
    2.999999999999999E+02
    2.999999999999999E+02
    2.999999999999999E+02
    2.999999999999999E+02
    2.999999999999999E+02
    2.999999999999999E+02
    2.999999999999999E+02
    2.999999999999999E+02
    2.999999999999999E+02
    3.000000000000000E+02
    2.999999999999999E+02
    3.000000000000001E+02
    3.000000000000001E+02
    3.000000000000001E+02
    2.999999999999999E+02
    3.000000000000001E+02
    3.000000000000001E+02
    3.000000000000001E+02
    3.000000000000001E+02
    3.000000000000001E+02
    3.000000000000000E+02
    3.000000000000000E+02
    3.000000000000000E+02
    3.000000000000000E+02
    3.000000000000001E+02
    3.000000000000001E+02
    3.000000000000002E+02
    3.000000000000001E+02
    3.000000000000001E+02
    3.000000000000000E+02
    2.999999999999999E+02
    2.999999999999999E+02
    2.999999999999999E+02
    2.999999999999999E+02
    2.999999999999999E+02
    2.999999999999999E+02
    3.000000000000000E+02
    3.000000000000000E+02
    3.000000000000001E+02
    3.000000000000001E+02
    3.000000000000001E+02
    3.000000000000001E+02
    3.000000000000001E+02
    3.000000000000001E+02
    3.000000000000002E+02
    3.000000000000001E+02
    3.000000000000001E+02
    3.000000000000000E+02
    3.000000000000000E+02
    3.000000000000001E+02
    3.000000000000001E+02
    3.000000000000001E+02
    3.000000000000000E+02
    3.000000000000000E+02
    2.999999999999999E+02
    3.000000000000001E+02
    3.000000000000001E+02
    3.000000000000000E+02
    3.000000000000000E+02
    3.000000000000000E+02
    3.000000000000001E+02
    3.000000000000001E+02
    3.000000000000001E+02
    3.000000000000001E+02
    3.000000000000000E+02
    2.999999999999999E+02
    2.999999999999999E+02
    3.000000000000000E+02
    3.000000000000001E+02
    3.000000000000000E+02
    3.000000000000001E+02
    3.000000000000001E+02
    3.000000000000001E+02
    3.000000000000002E+02
    3.000000000000001E+02
    3.000000000000000E+02
    2.999999999999999E+02
    3.000000000000000E+02
    2.999999999999999E+02
    3.000000000000000E+02
    3.000000000000001E+02
    3.000000000000001E+02
    3.000000000000001E+02
    3.000000000000001E+02
    3.000000000000001E+02
    3.000000000000001E+02
    3.000000000000001E+02
    3.000000000000001E+02
    2.999999999999999E+02
    2.999999999999999E+02
    2.999999999999999E+02
    2.999999999999999E+02
    3.000000000000000E+02
    2.999999999999999E+02
    3.000000000000000E+02
    2.999999999999999E+02
    2.999999999999999E+02
    2.999999999999999E+02
    3.000000000000000E+02
    3.000000000000000E+02
    3.000000000000001E+02
    3.000000000000002E+02
    3.000000000000002E+02
    3.000000000000001E+02
    3.000000000000001E+02
    3.000000000000000E+02
    3.000000000000001E+02
    3.000000000000001E+02
    3.000000000000001E+02
    2.999999999999999E+02
    2.999999999999999E+02
    3.000000000000001E+02
    3.000000000000000E+02
    2.999999999999999E+02
    3.000000000000001E+02
    3.000000000000001E+02
    3.000000000000002E+02
    3.000000000000002E+02
    3.000000000000002E+02
    3.000000000000002E+02
    3.000000000000002E+02
    3.000000000000000E+02
    3.000000000000001E+02
    3.000000000000000E+02
    3.000000000000001E+02
    3.000000000000001E+02
    3.000000000000000E+02
    3.000000000000001E+02
    3.000000000000001E+02
    3.000000000000000E+02
    2.999999999999999E+02
    3.000000000000000E+02
    2.999999999999999E+02
    2.999999999999998E+02
    2.999999999999998E+02
    2.999999999999999E+02
    2.999999999999999E+02
    2.999999999999999E+02
    2.999999999999999E+02
    2.999999999999999E+02
    2.999999999999999E+02
    2.999999999999999E+02
    2.999999999999999E+02
    2.999999999999999E+02
    2.999999999999999E+02
    2.999999999999998E+02
    2.999999999999998E+02
    2.999999999999999E+02
    2.999999999999999E+02
    2.999999999999999E+02
    2.999999999999999E+02
    3.000000000000000E+02
    3.000000000000000E+02
    3.000000000000001E+02
    3.000000000000001E+02
    3.000000000000001E+02
    3.000000000000001E+02
    2.999999999999999E+02
    3.000000000000000E+02
    2.999999999999999E+02
    2.999999999999999E+02
    2.999999999999999E+02
    3.000000000000001E+02
    3.000000000000002E+02
    3.000000000000001E+02
    3.000000000000000E+02
    3.000000000000000E+02
    3.000000000000000E+02
    3.000000000000001E+02
    3.000000000000001E+02
    3.000000000000000E+02
    2.999999999999999E+02
    2.999999999999998E+02
    2.999999999999999E+02
    2.999999999999998E+02
    2.999999999999998E+02
    2.999999999999999E+02
    3.000000000000001E+02
    3.000000000000001E+02
    3.000000000000003E+02
    3.000000000000003E+02
    3.000000000000003E+02
    3.000000000000003E+02
    3.000000000000002E+02
    3.000000000000002E+02
    3.000000000000002E+02
    3.000000000000001E+02
    3.000000000000001E+02
    3.000000000000001E+02
    3.000000000000002E+02
    3.000000000000002E+02
    3.000000000000002E+02
    3.000000000000002E+02
    3.000000000000001E+02
    3.000000000000001E+02
    3.000000000000001E+02
    3.000000000000001E+02
    3.000000000000001E+02
    3.000000000000000E+02
    3.000000000000000E+02
    3.000000000000001E+02
    3.000000000000001E+02
    2.999999999999999E+02
    2.999999999999999E+02
    2.999999999999999E+02
    2.999999999999998E+02
    2.999999999999998E+02
    2.999999999999998E+02
    2.999999999999997E+02
    2.999999999999997E+02
    2.999999999999997E+02
    2.999999999999997E+02
    2.999999999999998E+02
    3.000000000000000E+02
    3.000000000000000E+02
    3.000000000000002E+02
    3.000000000000002E+02
    3.000000000000002E+02
    3.000000000000001E+02
    3.000000000000000E+02
    2.999999999999999E+02
    3.000000000000000E+02
    2.999999999999999E+02
    3.000000000000000E+02
    3.000000000000001E+02
    3.000000000000001E+02
    3.000000000000000E+02
    2.999999999999999E+02
    3.000000000000000E+02
    3.000000000000001E+02
    3.000000000000001E+02
    3.000000000000002E+02
    3.000000000000002E+02
    3.000000000000002E+02
    3.000000000000002E+02
    3.000000000000002E+02
    3.000000000000002E+02
    3.000000000000002E+02
    3.000000000000002E+02
    3.000000000000001E+02
    3.000000000000001E+02
    3.000000000000001E+02
    3.000000000000001E+02
    3.000000000000001E+02
    3.000000000000001E+02
    3.000000000000002E+02
    3.000000000000002E+02
    3.000000000000002E+02
    3.000000000000001E+02
    3.000000000000002E+02
    3.000000000000002E+02
    3.000000000000002E+02
    3.000000000000003E+02
    3.000000000000003E+02
    3.000000000000003E+02
    3.000000000000003E+02
    3.000000000000001E+02
    3.000000000000001E+02
    3.000000000000001E+02
    3.000000000000000E+02
    2.999999999999999E+02
    2.999999999999998E+02
    2.999999999999999E+02
    2.999999999999999E+02
    2.999999999999999E+02
    3.000000000000001E+02
    3.000000000000000E+02
    2.999999999999999E+02
    2.999999999999998E+02
    2.999999999999998E+02
    2.999999999999998E+02
    2.999999999999999E+02
    2.999999999999999E+02
    2.999999999999999E+02
    2.999999999999999E+02
    2.999999999999998E+02
    2.999999999999998E+02
    2.999999999999999E+02
    2.999999999999999E+02
    2.999999999999998E+02
    2.999999999999999E+02
    2.999999999999999E+02
    2.999999999999999E+02
    2.999999999999999E+02
    3.000000000000000E+02
    2.999999999999999E+02
    3.000000000000000E+02
    3.000000000000000E+02
    2.999999999999999E+02
    3.000000000000000E+02
    3.000000000000001E+02
    2.999999999999999E+02
    2.999999999999999E+02
    2.999999999999999E+02
    2.999999999999999E+02
    2.999999999999998E+02
    2.999999999999999E+02
    2.999999999999999E+02
    2.999999999999999E+02
    3.000000000000001E+02
    3.000000000000000E+02
    3.000000000000000E+02
    3.000000000000000E+02
    3.000000000000001E+02
    3.000000000000000E+02
    3.000000000000001E+02
    3.000000000000001E+02
    3.000000000000001E+02
    3.000000000000001E+02
    3.000000000000000E+02
    3.000000000000000E+02
    3.000000000000001E+02
    3.000000000000001E+02
    2.999999999999999E+02
    2.999999999999999E+02
    2.999999999999999E+02
    2.999999999999999E+02
    2.999999999999999E+02
    3.000000000000000E+02
    3.000000000000001E+02
    3.000000000000001E+02
    3.000000000000001E+02
    3.000000000000001E+02
    3.000000000000002E+02
    3.000000000000001E+02
    3.000000000000001E+02
    3.000000000000001E+02
    3.000000000000002E+02
    3.000000000000001E+02
    3.000000000000001E+02
    3.000000000000002E+02
    3.000000000000001E+02
    3.000000000000000E+02
    2.999999999999999E+02
    2.999999999999999E+02
    3.000000000000000E+02
    3.000000000000001E+02
    3.000000000000001E+02
    3.000000000000000E+02
    2.999999999999999E+02
    2.999999999999999E+02
    2.999999999999999E+02
    2.999999999999999E+02
    3.000000000000000E+02
    3.000000000000000E+02
    3.000000000000000E+02
    2.999999999999999E+02
    2.999999999999999E+02
    2.999999999999999E+02
    2.999999999999999E+02
    2.999999999999999E+02
    3.000000000000000E+02
    2.999999999999999E+02
    3.000000000000000E+02
    3.000000000000001E+02
    2.999999999999999E+02
    2.999999999999999E+02
    2.999999999999998E+02
    2.999999999999998E+02
    2.999999999999998E+02
    2.999999999999998E+02
    2.999999999999998E+02
    2.999999999999999E+02
    2.999999999999999E+02
    2.999999999999999E+02
    2.999999999999999E+02
    2.999999999999999E+02
    2.999999999999998E+02
    2.999999999999998E+02
    2.999999999999998E+02
    2.999999999999998E+02
    2.999999999999998E+02
    2.999999999999997E+02
    2.999999999999998E+02
    2.999999999999998E+02
    2.999999999999997E+02
    2.999999999999997E+02
    2.999999999999998E+02
    2.999999999999999E+02
    3.000000000000000E+02
    3.000000000000000E+02
    3.000000000000001E+02
    3.000000000000000E+02
    3.000000000000001E+02
    3.000000000000000E+02
    2.999999999999999E+02
    2.999999999999999E+02
    2.999999999999999E+02
    3.000000000000000E+02
    3.000000000000000E+02
    3.000000000000001E+02
    3.000000000000001E+02
    3.000000000000001E+02
    3.000000000000001E+02
    3.000000000000000E+02
    3.000000000000001E+02
    3.000000000000000E+02
    3.000000000000000E+02
    3.000000000000001E+02
    3.000000000000001E+02
    3.000000000000001E+02
    3.000000000000002E+02
    3.000000000000003E+02
    3.000000000000002E+02
    3.000000000000001E+02
    3.000000000000001E+02
    3.000000000000001E+02
    3.000000000000001E+02
    3.000000000000001E+02
    3.000000000000001E+02
    3.000000000000001E+02
    3.000000000000001E+02
    3.000000000000001E+02
    3.000000000000001E+02
    3.000000000000000E+02
    3.000000000000000E+02
    2.999999999999999E+02
    2.999999999999999E+02
    2.999999999999999E+02
    3.000000000000000E+02
    3.000000000000001E+02
    3.000000000000001E+02
    3.000000000000001E+02
    3.000000000000001E+02
    3.000000000000001E+02
    3.000000000000001E+02
    3.000000000000001E+02
    3.000000000000001E+02
    3.000000000000001E+02
    3.000000000000001E+02
    3.000000000000000E+02
    2.999999999999999E+02
    2.999999999999999E+02
    2.999999999999999E+02
    2.999999999999999E+02
    2.999999999999998E+02
    2.999999999999998E+02
    2.999999999999999E+02
    2.999999999999998E+02
    2.999999999999997E+02
    2.999999999999998E+02
    2.999999999999998E+02
    2.999999999999998E+02
    2.999999999999999E+02
    2.999999999999999E+02
    2.999999999999998E+02
    2.999999999999998E+02
    2.999999999999998E+02
    2.999999999999997E+02
    2.999999999999998E+02
    2.999999999999998E+02
    2.999999999999999E+02
    2.999999999999999E+02
    2.999999999999999E+02
    2.999999999999999E+02
    2.999999999999999E+02
    3.000000000000000E+02
    3.000000000000000E+02
    3.000000000000000E+02
    2.999999999999999E+02
    2.999999999999999E+02
    2.999999999999999E+02
    2.999999999999999E+02
    3.000000000000000E+02
    3.000000000000000E+02
    3.000000000000000E+02
    2.999999999999999E+02
    2.999999999999999E+02
    3.000000000000000E+02
    2.999999999999999E+02
    2.999999999999998E+02
    2.999999999999999E+02
    2.999999999999999E+02
    2.999999999999999E+02
    2.999999999999999E+02
    2.999999999999999E+02
    2.999999999999999E+02
    2.999999999999999E+02
    2.999999999999999E+02
    2.999999999999999E+02
    2.999999999999999E+02
    2.999999999999999E+02
    2.999999999999999E+02
    2.999999999999999E+02
    2.999999999999999E+02
    2.999999999999999E+02
    2.999999999999999E+02
    2.999999999999998E+02
    2.999999999999998E+02
    2.999999999999998E+02
    2.999999999999998E+02
    2.999999999999998E+02
    2.999999999999998E+02
    2.999999999999998E+02
    2.999999999999997E+02
    2.999999999999998E+02
    2.999999999999998E+02
    2.999999999999998E+02
    2.999999999999998E+02
    2.999999999999998E+02
    2.999999999999998E+02
    2.999999999999998E+02
    2.999999999999998E+02
    2.999999999999998E+02
    2.999999999999999E+02
    2.999999999999999E+02
    2.999999999999999E+02
    2.999999999999999E+02
    3.000000000000000E+02
    3.000000000000001E+02
    3.000000000000000E+02
    2.999999999999999E+02
    2.999999999999999E+02
    2.999999999999999E+02
    2.999999999999999E+02
    2.999999999999999E+02
    2.999999999999999E+02
    2.999999999999999E+02
    2.999999999999999E+02
    2.999999999999999E+02
    2.999999999999999E+02
    3.000000000000000E+02
    2.999999999999999E+02
    2.999999999999998E+02
    2.999999999999998E+02
    2.999999999999998E+02
    2.999999999999998E+02
    2.999999999999998E+02
    2.999999999999998E+02
    2.999999999999998E+02
    2.999999999999998E+02
    2.999999999999997E+02
    2.999999999999997E+02
    2.999999999999997E+02
    2.999999999999997E+02
    2.999999999999997E+02
    2.999999999999998E+02
    2.999999999999998E+02
    2.999999999999998E+02
    3.000000000000000E+02
    3.000000000000001E+02
    2.999999999999999E+02
    2.999999999999999E+02
    2.999999999999999E+02
    3.000000000000000E+02
    2.999999999999999E+02
    2.999999999999999E+02
    2.999999999999998E+02
    2.999999999999998E+02
    2.999999999999999E+02
    2.999999999999999E+02
    3.000000000000000E+02
    3.000000000000000E+02
    2.999999999999999E+02
    2.999999999999999E+02
    3.000000000000000E+02
    3.000000000000001E+02
    3.000000000000001E+02
    3.000000000000001E+02
    3.000000000000000E+02
    3.000000000000001E+02
    3.000000000000001E+02
    3.000000000000002E+02
    3.000000000000002E+02
    3.000000000000002E+02
    3.000000000000002E+02
    3.000000000000001E+02
    3.000000000000001E+02
    3.000000000000001E+02
    3.000000000000001E+02
    3.000000000000000E+02
    3.000000000000000E+02
    2.999999999999998E+02
    2.999999999999999E+02
    2.999999999999998E+02
    2.999999999999997E+02
    2.999999999999998E+02
    2.999999999999999E+02
    2.999999999999999E+02
    2.999999999999999E+02
    2.999999999999999E+02
    2.999999999999999E+02
    2.999999999999999E+02
    3.000000000000000E+02
    2.999999999999999E+02
    3.000000000000000E+02
    2.999999999999999E+02
    2.999999999999999E+02
    2.999999999999999E+02
    2.999999999999999E+02
    2.999999999999999E+02
    2.999999999999999E+02
    2.999999999999999E+02
    3.000000000000000E+02
    3.000000000000001E+02
    3.000000000000001E+02
    3.000000000000002E+02
    3.000000000000002E+02
    3.000000000000001E+02
    3.000000000000001E+02
    3.000000000000001E+02
    3.000000000000001E+02
    3.000000000000000E+02
    2.999999999999999E+02
    2.999999999999999E+02
    2.999999999999999E+02
    2.999999999999998E+02
    2.999999999999998E+02
    2.999999999999998E+02
    2.999999999999998E+02
    2.999999999999998E+02
    2.999999999999999E+02
    2.999999999999998E+02
    2.999999999999999E+02
    2.999999999999999E+02
    2.999999999999999E+02
    2.999999999999999E+02
    2.999999999999999E+02
    2.999999999999999E+02
    2.999999999999999E+02
    2.999999999999999E+02
    3.000000000000000E+02
    3.000000000000000E+02
    2.999999999999999E+02
    2.999999999999999E+02
    2.999999999999999E+02
    2.999999999999999E+02
    2.999999999999999E+02
    2.999999999999999E+02
    2.999999999999999E+02
    2.999999999999999E+02
    3.000000000000001E+02
    3.000000000000001E+02
    3.000000000000000E+02
    3.000000000000001E+02
    3.000000000000000E+02
    3.000000000000000E+02
    3.000000000000001E+02
    3.000000000000000E+02
    2.999999999999999E+02
    2.999999999999999E+02
    2.999999999999999E+02
    3.000000000000000E+02
    2.999999999999999E+02
    3.000000000000001E+02
    3.000000000000001E+02
    3.000000000000001E+02
    3.000000000000001E+02
    3.000000000000001E+02
    3.000000000000000E+02
    3.000000000000000E+02
    3.000000000000000E+02
    3.000000000000001E+02
    3.000000000000001E+02
    3.000000000000001E+02
    3.000000000000001E+02
    3.000000000000000E+02
    2.999999999999999E+02
    3.000000000000001E+02
    3.000000000000000E+02
    3.000000000000000E+02
    3.000000000000000E+02
    3.000000000000000E+02
    3.000000000000000E+02
    3.000000000000001E+02
    3.000000000000000E+02
    3.000000000000000E+02
    2.999999999999999E+02
    2.999999999999999E+02
    3.000000000000001E+02
    3.000000000000002E+02
    3.000000000000001E+02
    3.000000000000001E+02
    3.000000000000001E+02
    3.000000000000002E+02
    3.000000000000001E+02
    3.000000000000002E+02
    3.000000000000002E+02
    3.000000000000002E+02
    3.000000000000002E+02
    3.000000000000001E+02
    3.000000000000002E+02
    3.000000000000001E+02
    3.000000000000001E+02
    3.000000000000000E+02
    3.000000000000000E+02
    2.999999999999999E+02
    2.999999999999999E+02
    2.999999999999999E+02
    2.999999999999999E+02
    2.999999999999999E+02
    3.000000000000000E+02
    3.000000000000001E+02
    3.000000000000001E+02
    3.000000000000002E+02
    3.000000000000002E+02
    3.000000000000002E+02
    3.000000000000002E+02
    3.000000000000002E+02
    3.000000000000001E+02
    3.000000000000000E+02
    3.000000000000000E+02
    2.999999999999999E+02
    2.999999999999999E+02
    2.999999999999999E+02
    2.999999999999999E+02
    2.999999999999999E+02
    2.999999999999999E+02
    3.000000000000000E+02
    3.000000000000000E+02
    3.000000000000000E+02
    3.000000000000000E+02
    2.999999999999999E+02
    2.999999999999999E+02
    3.000000000000001E+02
    3.000000000000000E+02
    3.000000000000001E+02
    3.000000000000001E+02
    2.999999999999999E+02
    2.999999999999999E+02
    2.999999999999999E+02
    2.999999999999999E+02
    2.999999999999998E+02
    2.999999999999998E+02
    2.999999999999998E+02
    2.999999999999999E+02
    2.999999999999999E+02
    2.999999999999999E+02
    3.000000000000000E+02
    3.000000000000001E+02
    3.000000000000001E+02
    3.000000000000001E+02
    3.000000000000001E+02
    3.000000000000001E+02
    3.000000000000001E+02
    3.000000000000000E+02
    2.999999999999999E+02
    2.999999999999999E+02
    2.999999999999999E+02
    2.999999999999999E+02
    2.999999999999999E+02
    3.000000000000000E+02
    3.000000000000000E+02
    3.000000000000001E+02
    3.000000000000001E+02
    3.000000000000001E+02
    3.000000000000000E+02
    3.000000000000000E+02
    3.000000000000000E+02
    3.000000000000000E+02
    2.999999999999999E+02
    2.999999999999999E+02
    2.999999999999999E+02
    2.999999999999999E+02
    2.999999999999999E+02
    3.000000000000001E+02
    3.000000000000001E+02
    2.999999999999999E+02
    2.999999999999999E+02
    3.000000000000000E+02
    2.999999999999999E+02
    3.000000000000001E+02
    3.000000000000001E+02
    3.000000000000001E+02
    3.000000000000000E+02
    2.999999999999999E+02
    2.999999999999999E+02
    2.999999999999999E+02
    2.999999999999999E+02
    3.000000000000000E+02
    2.999999999999999E+02
    3.000000000000000E+02
    3.000000000000000E+02
    2.999999999999999E+02
    2.999999999999998E+02
    2.999999999999998E+02
    2.999999999999997E+02
    2.999999999999997E+02
    2.999999999999997E+02
    3.000000000000000E+02
    3.000000000000000E+02
    3.000000000000001E+02
    3.000000000000001E+02
    3.000000000000001E+02
    3.000000000000000E+02
    3.000000000000000E+02
    3.000000000000001E+02
    3.000000000000001E+02
    3.000000000000001E+02
    3.000000000000001E+02
    3.000000000000001E+02
    3.000000000000001E+02
    3.000000000000000E+02
    2.999999999999999E+02
    2.999999999999999E+02
    2.999999999999999E+02
    3.000000000000000E+02
    3.000000000000000E+02
    3.000000000000000E+02
    2.999999999999999E+02
    2.999999999999999E+02
    3.000000000000000E+02
    3.000000000000000E+02
    3.000000000000001E+02
    3.000000000000001E+02
    3.000000000000001E+02
    3.000000000000001E+02
    3.000000000000000E+02
    3.000000000000000E+02
    3.000000000000000E+02
    2.999999999999999E+02
    3.000000000000000E+02
    3.000000000000000E+02
    3.000000000000000E+02
    3.000000000000000E+02
    3.000000000000000E+02
    3.000000000000001E+02
    3.000000000000001E+02
    3.000000000000001E+02
    3.000000000000001E+02
    3.000000000000001E+02
    3.000000000000001E+02
    3.000000000000001E+02
    3.000000000000001E+02
    3.000000000000001E+02
    3.000000000000000E+02
    2.999999999999999E+02
    2.999999999999999E+02
    2.999999999999999E+02
    2.999999999999999E+02
    2.999999999999999E+02
    2.999999999999999E+02
    3.000000000000000E+02
    3.000000000000000E+02
    2.999999999999999E+02
    2.999999999999999E+02
    2.999999999999998E+02
    2.999999999999999E+02
    2.999999999999999E+02
    3.000000000000000E+02
    3.000000000000001E+02
    3.000000000000001E+02
    3.000000000000002E+02
    3.000000000000002E+02
    3.000000000000002E+02
    3.000000000000002E+02
    3.000000000000002E+02
    3.000000000000003E+02
    3.000000000000002E+02
    3.000000000000002E+02
    3.000000000000003E+02
    3.000000000000003E+02
    3.000000000000001E+02
    3.000000000000001E+02
    3.000000000000001E+02
    3.000000000000001E+02
    3.000000000000002E+02
    3.000000000000001E+02
    3.000000000000001E+02
SCALARS pressure double 1
LOOKUP_TABLE default
    4.965974363318115E-03
    4.933633122014206E-03
    4.861957171411056E-03
    4.811039850114036E-03
    4.748846699592180E-03
    4.692695980066969E-03
    4.633152685957660E-03
    4.575085532325583E-03
    4.515802692054417E-03
    4.456528206358114E-03
    4.396535022141932E-03
    4.336124232296000E-03
    4.275109755856496E-03
    4.213588427146225E-03
    4.151539164595915E-03
    4.089022170407274E-03
    4.026071844038171E-03
    3.962746056288786E-03
    3.899096569164941E-03
    3.835180051455102E-03
    3.771049088822248E-03
    3.706753974525121E-03
    3.642339659762758E-03
    3.577845784330458E-03
    3.513305744494108E-03
    3.448746798465696E-03
    3.384190129491737E-03
    3.319651332851964E-03
    3.255140999178925E-03
    3.190665468480690E-03
    3.126227631765114E-03
    3.061827762087665E-03
    2.997464317320115E-03
    2.933134691688966E-03
    2.868835889982125E-03
    2.804565113727623E-03
    2.740320252841572E-03
    2.676100283604006E-03
    2.611905576682543E-03
    2.547738121039849E-03
    2.483601669218546E-03
    2.419501808015064E-03
    2.355445955840495E-03
    2.291443284947509E-03
    2.227504563518113E-03
    2.163641910211058E-03
    2.099868452366628E-03
    2.036197879623904E-03
    1.972643886585213E-03
    1.909219503754173E-03
    1.845936320964871E-03
    1.782803620260349E-03
    1.719827438568864E-03
    1.657009607022350E-03
    1.594346797135295E-03
    1.531829672383549E-03
    1.469442141131514E-03
    1.407160934773309E-03
    1.344955301360403E-03
    1.282787463666962E-03
    1.220612779587232E-03
    1.158381879161956E-03
    1.096040456623548E-03
    1.033535306973102E-03
    9.708097072635098E-04
    9.078213267941315E-04
    8.445173531546568E-04
    7.808946822373657E-04
    7.168944666254536E-04
    6.526217433584822E-04
    5.879266848009768E-04
    5.232386716042344E-04
    4.579486260298493E-04
    3.935382991679574E-04
    3.275649320583609E-04
    2.652792821508007E-04
    1.968359561203366E-04
    1.421785777269056E-04
    6.423884845451043E-05
    2.987208549616948E-05
    4.946848197161252E-03
    4.917009845693619E-03
    4.839460843729879E-03
    4.785272559207305E-03
    4.719244910860195E-03
    4.659351346384014E-03
    4.596292543816295E-03
    4.534869534393530E-03
    4.472590266423097E-03
    4.410694522063159E-03
    4.348539264543532E-03
    4.286434440190707E-03
    4.224213416688515E-03
    4.161956098436733E-03
    4.099621189312786E-03
    4.037232407149897E-03
    3.974783443915247E-03
    3.912285361665248E-03
    3.849741985278010E-03
    3.787161705806466E-03
    3.724550944568871E-03
    3.661916958080392E-03
    3.599266007999275E-03
    3.536603964901405E-03
    3.473935777096318E-03
    3.411265602661231E-03
    3.348596689655658E-03
    3.285931455724416E-03
    3.223271525661783E-03
    3.160617835290410E-03
    3.097970734160349E-03
    3.035330107209136E-03
    2.972695494055849E-03
    2.910066207341405E-03
    2.847441442019681E-03
    2.784820374355516E-03
    2.722202247737022E-03
    2.659586444762706E-03
    2.596972545028024E-03
    2.534360368794037E-03
    2.471750006683372E-03
    2.409141835586307E-03
    2.346536520704329E-03
    2.283935003448069E-03
    2.221338474582705E-03
    2.158748331918143E-03
    2.096166121769296E-03
    2.033593463844386E-03
    1.971031959369181E-03
    1.908483083883099E-03
    1.845948065700408E-03
    1.783427755552905E-03
    1.720922488346897E-03
    1.658431951853434E-03
    1.595955054567719E-03
    1.533489834280213E-03
    1.471033355049276E-03
    1.408581728440402E-03
    1.346130023354494E-03
    1.283672562727298E-03
    1.221202646453699E-03
    1.158713616850365E-03
    1.096197494234188E-03
    1.033648636537003E-03
    9.710576696094629E-04
    9.084248039496243E-04
    8.457350335236937E-04
    7.830085414055868E-04
    7.202028414475496E-04
    6.574074113383573E-04
    5.944602761831134E-04
    5.317053710863669E-04
    4.685065144341170E-04
    4.061501102659390E-04
    3.421704786989175E-04
    2.815260227484239E-04
    2.143978736213359E-04
    1.602943974751973E-04
    8.154993165055255E-05
    5.087278487635953E-05
    4.947248220197801E-03
    4.917325728287416E-03
    4.839860569908340E-03
    4.785693629719341E-03
    4.719705793443036E-03
    4.659840368040195E-03
    4.596802603635937E-03
    4.535402871125951E-03
    4.473139588503337E-03
    4.411258619759752E-03
    4.349113572803838E-03
    4.287016061999398E-03
    4.224798635450592E-03
    4.162541887242017E-03
    4.100204438269683E-03
    4.037810424858137E-03
    3.975353730206340E-03
    3.912845750627158E-03
    3.850290577371108E-03
    3.787696897684701E-03
    3.725071396997476E-03
    3.662421587823538E-03
    3.599753960370676E-03
    3.537074591528969E-03
    3.474388607981241E-03
    3.411700319988899E-03
    3.349013101124072E-03
    3.286329470300146E-03
    3.223651131487872E-03
    3.160979080643574E-03
    3.098313711827760E-03
    3.035654942479537E-03
    2.973002336215065E-03
    2.910355224543748E-03
    2.847712819228105E-03
    2.785074313993368E-03
    2.722438972635735E-03
    2.659806202979053E-03
    2.597175616099189E-03
    2.534547071011346E-03
    2.471920704976616E-03
    2.409296949620430E-03
    2.346676532791855E-03
    2.284060465866170E-03
    2.221450015867900E-03
    2.158846661685647E-03
    2.096252033572824E-03
    2.033667835575550E-03
    1.971095750683933E-03
    1.908537330170683E-03
    1.845993868149059E-03
    1.783466266992892E-03
    1.720954894629549E-03
    1.658459448840889E-03
    1.595978820807861E-03
    1.533511000188237E-03
    1.471052968824230E-03
    1.408600720994761E-03
    1.346149171603141E-03
    1.283692457040505E-03
    1.221223656134028E-03
    1.158735871860641E-03
    1.096220854502294E-03
    1.033672710233355E-03
    9.710817698680704E-04
    9.084480609003954E-04
    8.457562592358445E-04
    7.830266091318304E-04
    7.202161583334987E-04
    6.574151770356847E-04
    5.944604221449929E-04
    5.316986261225214E-04
    4.684901072232121E-04
    4.061279813149313E-04
    3.421370516855769E-04
    2.814964776589551E-04
    2.143526191507169E-04
    1.602657036237734E-04
    8.151996737013683E-05
    5.075135395652697E-05
    4.945883124128593E-03
    4.916156706080110E-03
    4.838250658288136E-03
    4.783855447807052E-03
    4.717611868789749E-03
    4.657493704282197E-03
    4.594213540865598E-03
    4.532585656943634E-03
    4.470115443638312E-03
    4.408053830438680E-03
    4.345758773316440E-03
    4.283543400650939E-03
    4.221241389354173E-03
    4.158932556350341E-03
    4.096574122056561E-03
    4.034187893448203E-03
    3.971764995204285E-03
    3.909313680105981E-03
    3.846834765168389E-03
    3.784333634516561E-03
    3.721813788916850E-03
    3.659279760020773E-03
    3.596735341558179E-03
    3.534184244630228E-03
    3.471629589926811E-03
    3.409074047323839E-03
    3.346519705177858E-03
    3.283968126800393E-03
    3.221420354088827E-03
    3.158876970772342E-03
    3.096338161085169E-03
    3.033803786345757E-03
    2.971273460366856E-03
    2.908746627063266E-03
    2.846222633163699E-03
    2.783700795515625E-03
    2.721180460357147E-03
    2.658661053984704E-03
    2.596142123998323E-03
    2.533623370984217E-03
    2.471104670458578E-03
    2.408586085027142E-03
    2.346067866626258E-03
    2.283550448639520E-03
    2.221034427553485E-03
    2.158520533875396E-03
    2.096009592022771E-03
    2.033502469319350E-03
    1.971000014252440E-03
    1.908502985534532E-03
    1.846011972683601E-03
    1.783527312892511E-03
    1.721049003729226E-03
    1.658576624552612E-03
    1.596109256064528E-03
    1.533645436502794E-03
    1.471183097817498E-03
    1.408719614443092E-03
    1.346251722442675E-03
    1.283775807381481E-03
    1.221287588996225E-03
    1.158783129490736E-03
    1.096257363942744E-03
    1.033707659327942E-03
    9.711275457560211E-04
    9.085199353063128E-04
    8.458719544468861E-04
    7.832054186565046E-04
    7.204781597566882E-04
    6.577795697395460E-04
    5.949446269724366E-04
    5.323152799077808E-04
    4.692478006833225E-04
    4.070242394675499E-04
    3.431635724159665E-04
    2.826352056510193E-04
    2.155568183569680E-04
    1.615308629501332E-04
    8.261726476811582E-05
    5.212264015431806E-05
    4.945707497174749E-03
    4.916055299590380E-03
    4.838034413287341E-03
    4.783608544869177E-03
    4.717332918100885E-03
    4.657181700587769E-03
    4.593867523808982E-03
    4.532210407494841E-03
    4.469711814136886E-03
    4.407626174802773E-03
    4.345310898098136E-03
    4.283079738293698E-03
    4.220766321979198E-03
    4.158450474462726E-03
    4.096089145417091E-03
    4.033703866754075E-03
    3.971285370806005E-03
    3.908841501914949E-03
    3.846372637848529E-03
    3.783883729681024E-03
    3.721377857654625E-03
    3.658859162509561E-03
    3.596331083316875E-03
    3.533797020253056E-03
    3.471259829466825E-03
    3.408721963803518E-03
    3.346185340506722E-03
    3.283651394386782E-03
    3.221121076962441E-03
    3.158594914250190E-03
    3.096073059155249E-03
    3.033555361898384E-03
    2.971041439322599E-03
    2.908530746797178E-03
    2.846022645776531E-03
    2.783516466611412E-03
    2.721011564032417E-03
    2.658507364744095E-03
    2.596003406287264E-03
    2.533499366992228E-03
    2.470995086809760E-03
    2.408490578949796E-03
    2.345986032183243E-03
    2.283481803611131E-03
    2.220978401606379E-03
    2.158476458702657E-03
    2.095976694197308E-03
    2.033479866662705E-03
    1.970986716557099E-03
    1.908497900481310E-03
    1.846013917743062E-03
    1.783535033887797E-03
    1.721061200527201E-03
    1.658591984091316E-03
    1.596126492504956E-03
    1.533663337934880E-03
    1.471200578246444E-03
    1.408735769580135E-03
    1.346265886528121E-03
    1.283787608743576E-03
    1.221296999891193E-03
    1.158790509455676E-03
    1.096263485748585E-03
    1.033713726256766E-03
    9.711351713769326E-04
    9.085311285371076E-04
    8.458890180508518E-04
    7.832309226374875E-04
    7.205146677185650E-04
    6.578297744126217E-04
    5.950105115349719E-04
    5.323990049021088E-04
    4.693498876789181E-04
    4.071450759688484E-04
    3.432999323259375E-04
    2.827917398054489E-04
    2.157061718499883E-04
    1.617120978991892E-04
    8.270013515807217E-05
    5.224915324316857E-05
    4.945578745008423E-03
    4.916004701493452E-03
    4.837885168213359E-03
    4.783440968562586E-03
    4.717142698995257E-03
    4.656969378505797E-03
    4.593631979369037E-03
    4.531955393852196E-03
    4.469437516744725E-03
    4.407335640704088E-03
    4.345006691037926E-03
    4.282764841551016E-03
    4.220443719238550E-03
    4.158123137327020E-03
    4.095759867985722E-03
    4.033375250992765E-03
    3.970959753321228E-03
    3.908520940210300E-03
    3.846058892595745E-03
    3.783578268421635E-03
    3.721081864643909E-03
    3.658573558807910E-03
    3.596056551723740E-03
    3.533534034802068E-03
    3.471008686693088E-03
    3.408482814560833E-03
    3.345958220699351E-03
    3.283436253318690E-03
    3.220917802708298E-03
    3.158403355431444E-03
    3.095893042433309E-03
    3.033386705392236E-03
    2.970883961978446E-03
    2.908384273974556E-03
    2.845887011421968E-03
    2.783391512457053E-03
    2.720897136289634E-03
    2.658403308765380E-03
    2.595909559654609E-03
    2.533415551465657E-03
    2.470921099545831E-03
    2.408426183381950E-03
    2.345930948948816E-03
    2.283435701920245E-03
    2.220940891471646E-03
    2.158447084482138E-03
    2.095954929942898E-03
    2.033465113804851E-03
    1.970978304480439E-03
    1.908495090548488E-03
    1.846015911290202E-03
    1.783540984642316E-03
    1.721070231761467E-03
    1.658603210655956E-03
    1.596139047611280E-03
    1.533676404318553E-03
    1.471213422882468E-03
    1.408747780995525E-03
    1.346276612859549E-03
    1.283796794896637E-03
    1.221304621161958E-03
    1.158796800848195E-03
    1.096268959713204E-03
    1.033719184580810E-03
    9.711416920740024E-04
    9.085400559643671E-04
    8.459018949771188E-04
    7.832494724586151E-04
    7.205406035417035E-04
    6.578649123450149E-04
    5.950561381225034E-04
    5.324565731950895E-04
    4.694197053005199E-04
    4.072272948348692E-04
    3.433917959786448E-04
    2.828981410070373E-04
    2.158017638084275E-04
    1.618344468620706E-04
    8.273492539453984E-05
    5.232585046366606E-05
    4.945536126513689E-03
    4.916032181825337E-03
    4.837847546482584E-03
    4.783401524855187E-03
    4.717097227713044E-03
    4.656918933059275E-03
    4.593574849725114E-03
    4.531894167535569E-03
    4.469371042491392E-03
    4.407265080538783E-03
    4.344932563007634E-03
    4.282687902153303E-03
    4.220364710498648E-03
    4.158042812255359E-03
    4.095678919287056E-03
    4.033294328894981E-03
    3.970879436391935E-03
    3.908441738509363E-03
    3.845981242806533E-03
    3.783502536686056E-03
    3.721008349411303E-03
    3.658502496298323E-03
    3.595988121913393E-03
    3.533468368376776E-03
    3.470945872141507E-03
    3.408422905315704E-03
    3.345901241995946E-03
    3.283382208369107E-03
    3.220866678341034E-03
    3.158355127072779E-03
    3.095847678009383E-03
    3.033344168422867E-03
    2.970844213810118E-03
    2.908347275197743E-03
    2.845852722544645E-03
    2.783359893919098E-03
    2.720868147913828E-03
    2.658376908744967E-03
    2.595885703178048E-03
    2.533394189076843E-03
    2.470902175335896E-03
    2.408409633107113E-03
    2.345916698167150E-03
    2.283423664242070E-03
    2.220930967023296E-03
    2.158439158687445E-03
    2.095948872731119E-03
    2.033460779359487E-03
    1.970975531643664E-03
    1.908493703993206E-03
    1.846015723560407E-03
    1.783541799147016E-03
    1.721071846772464E-03
    1.658605424335079E-03
    1.596141664018995E-03
    1.533679240348610E-03
    1.471216315902956E-03
    1.408750597106469E-03
    1.346279255213421E-03
    1.283799211812820E-03
    1.221306813381150E-03
    1.158798828834526E-03
    1.096270946577797E-03
    1.033721321227537E-03
    9.711442302070915E-04
    9.085433144499528E-04
    8.459062288380578E-04
    7.832552990121015E-04
    7.205482896872023E-04
    6.578749539269715E-04
    5.950686689833408E-04
    5.324721128255900E-04
    4.694380483154305E-04
    4.072486123342562E-04
    3.434138709207789E-04
    2.829269518389542E-04
    2.158150639119948E-04
    1.618691383175425E-04
    8.270026351154012E-05
    5.231619912913349E-05
    4.945504819019769E-03
    4.916068896377768E-03
    4.837832122709759E-03
    4.783387698114185E-03
    4.717079970085313E-03
    4.656899754895660E-03
    4.593552194344517E-03
    4.531870111775744E-03
    4.469344422974474E-03
    4.407236594371848E-03
    4.344902407637683E-03
    4.282656384397678E-03
    4.220332174303057E-03
    4.158009583387218E-03
    4.095645304098814E-03
    4.033260608528437E-03
    3.970845861987618E-03
    3.908408528976285E-03
    3.845948586899484E-03
    3.783470593315354E-03
    3.720977250466857E-03
    3.658472348739708E-03
    3.595959010589725E-03
    3.533440358620799E-03
    3.470919012474358E-03
    3.408397229962140E-03
    3.345876773335497E-03
    3.283358959000253E-03
    3.220844653034492E-03
    3.158334324601338E-03
    3.095828092529834E-03
    3.033325790623637E-03
    2.970827031795087E-03
    2.908331275105973E-03
    2.845837888926112E-03
    2.783346209885581E-03
    2.720855595092486E-03
    2.658365467065109E-03
    2.595875350524909E-03
    2.533384900847283E-03
    2.470893923932707E-03
    2.408402387409431E-03
    2.345910423013572E-03
    2.283418319964005E-03
    2.220926509067408E-03
    2.158435537365325E-03
    2.095946033132999E-03
    2.033458661468542E-03
    1.970974070684316E-03
    1.908492831043314E-03
    1.846015366451478E-03
    1.783541883670758E-03
    1.721072298199882E-03
    1.658606169250100E-03
    1.596142632444800E-03
    1.533680368154614E-03
    1.471217547418185E-03
    1.408751887949131E-03
    1.346280575116900E-03
    1.283800547271536E-03
    1.221308170210159E-03
    1.158800234963679E-03
    1.096272452960860E-03
    1.033723004346448E-03
    9.711461888575342E-04
    9.085456742218768E-04
    8.459091270567494E-04
    7.832589025859014E-04
    7.205527270920516E-04
    6.578804508458089E-04
    5.950751883081476E-04
    5.324799268913238E-04
    4.694469510433851E-04
    4.072586588179427E-04
    3.434231070914782E-04
    2.829410214750338E-04
    2.158138290020664E-04
    1.618861927690167E-04
    8.266096830474254E-05
    5.229807900362216E-05
    4.945478966317774E-03
    4.916107610927788E-03
    4.837828887108645E-03
    4.783387789786474E-03
    4.717077933033187E-03
    4.656897239809283E-03
    4.593547883487406E-03
    4.531865644802417E-03
    4.469338774936819E-03
    4.407230161934419E-03
    4.344895265780851E-03
    4.282648595976359E-03
    4.220323894143756E-03
    4.158000914578935E-03
    4.095636360549672E-03
    4.033251481348823E-03
    3.970836636031338E-03
    3.908399273349345E-03
    3.845939363153969E-03
    3.783461453288432E-03
    3.720968239857134E-03
    3.658463507190802E-03
    3.595950373136787E-03
    3.533431956007410E-03
    3.470910871701629E-03
    3.408389374444503E-03
    3.345869223123049E-03
    3.283351730772075E-03
    3.220837760170668E-03
    3.158327777381286E-03
    3.095821898241715E-03
    3.033319953706312E-03
    2.970821554024482E-03
    2.908326155797221E-03
    2.845833125147682E-03
    2.783341796671297E-03
    2.720851525644693E-03
    2.658361732944014E-03
    2.595871941823682E-03
    2.533381806355198E-03
    2.470891131292049E-03
    2.408399883273963E-03
    2.345908193215960E-03
    2.283416349699791E-03
    2.220924783102626E-03
    2.158434040271666E-03
    2.095944749550327E-03
    2.033457576391375E-03
    1.970973169764382E-03
    1.908492100896451E-03
    1.846014794954982E-03
    1.783541460235777E-03
    1.721072014005137E-03
    1.658606017426055E-03
    1.596142608205945E-03
    1.533680468882589E-03
    1.471217772713385E-03
    1.408752239679396E-03
    1.346281057471524E-03
    1.283801166605589E-03
    1.221308935344623E-03
    1.158801157498879E-03
    1.096273547618275E-03
    1.033724289454505E-03
    9.711476865706302E-04
    9.085474115219941E-04
    8.459111337881969E-04
    7.832612163582383E-04
    7.205553645327925E-04
    6.578834905906757E-04
    5.950785339200494E-04
    5.324836951888669E-04
    4.694509869477055E-04
    4.072629133908542E-04
    3.434258815328949E-04
    2.829474798608077E-04
    2.158059425138737E-04
    1.618941474367086E-04
    8.262333872784005E-05
    5.227861047649183E-05
    4.945454206334140E-03
    4.916143089930154E-03
    4.837829850689739E-03
    4.783392549202734E-03
    4.717080855538071E-03
    4.656899880358458E-03
    4.593549254797664E-03
    4.531866979135961E-03
    4.469339309476240E-03
    4.407230112289211E-03
    4.344894739600733E-03
    4.282647569637314E-03
    4.220322496363835E-03
    4.157999184615399E-03
    4.095634371474989E-03
    4.033249274230648E-03
    3.970834255838674E-03
    3.908396750384035E-03
    3.845936726779340E-03
    3.783458727213331E-03
    3.720965447067016E-03
    3.658460669046397E-03
    3.595947510841162E-03
    3.533429090260369E-03
    3.470908022838752E-03
    3.408386562004677E-03
    3.345866465553788E-03
    3.283349044944235E-03
    3.220835160984752E-03
    3.158325277532156E-03
    3.095819508028938E-03
    3.033317680908038E-03
    2.970819403896425E-03
    2.908324131154333E-03
    2.845831226522854E-03
    2.783340022529112E-03
    2.720849872636026E-03
    2.658360196187835E-03
    2.595870515206970E-03
    2.533380482844572E-03
    2.470889903254301E-03
    2.408398742804792E-03
    2.345907132475966E-03
    2.283415361256823E-03
    2.220923860278517E-03
    2.158433177487886E-03
    2.095943942662747E-03
    2.033456823000573E-03
    1.970972469483805E-03
    1.908491455556957E-03
    1.846014208724248E-03
    1.783540939629681E-03
    1.721071567776601E-03
    1.658605656316026E-03
    1.596142344568508E-03
    1.533680316178609E-03
    1.471217744940657E-03
    1.408752350722221E-03
    1.346281320520855E-03
    1.283801593287056E-03
    1.221309535669956E-03
    1.158801939258623E-03
    1.096274517286484E-03
    1.033725451051731E-03
    9.711490450795157E-04
    9.085489688971226E-04
    8.459128981084309E-04
    7.832631893650066E-04
    7.205575490630573E-04
    6.578859114257504E-04
    5.950811217992760E-04
    5.324864761954335E-04
    4.694538994093203E-04
    4.072658008520449E-04
    3.434272985253099E-04
    2.829519866523796E-04
    2.157975543039717E-04
    1.618996592481867E-04
    8.259155770482616E-05
    5.226365765481384E-05
    4.945431014017972E-03
    4.916174691913678E-03
    4.837833083120384E-03
    4.783399646331393E-03
    4.717086309868669E-03
    4.656904937197536E-03
    4.593553320085551E-03
    4.531870852455462E-03
    4.469342529817801E-03
    4.407232735225760E-03
    4.344896945216587E-03
    4.282649284533247E-03
    4.220323862102347E-03
    4.158000214343130E-03
    4.095635133454486E-03
    4.033249792742487E-03
    3.970834566031747E-03
    3.908396870191976E-03
    3.845936676035708E-03
    3.783458520359989E-03
    3.720965099567087E-03
    3.658460195737934E-03
    3.595946927746505E-03
    3.533428413958240E-03
    3.470907270603113E-03
    3.408385751202793E-03
    3.345865613242282E-03
    3.283348167278030E-03
    3.220834272699589E-03
    3.158324391567223E-03
    3.095818635266444E-03
    3.033316829959719E-03
    2.970818581040035E-03
    2.908323340368867E-03
    2.845830469619744E-03
    2.783339299355642E-03
    2.720849181335605E-03
    2.658359533501162E-03
    2.595869876802524E-03
    2.533379863669165E-03
    2.470889297897790E-03
    2.408398145874981E-03
    2.345906538979583E-03
    2.283414766982374E-03
    2.220923262175596E-03
    2.158432574034155E-03
    2.095943334205787E-03
    2.033456212058019E-03
    1.970971860981785E-03
    1.908490856983164E-03
    1.846013630173639E-03
    1.783540393718440E-03
    1.721071069413326E-03
    1.658605222311948E-03
    1.596141993111436E-03
    1.533680066150777E-03
    1.471217615188493E-03
    1.408752359199592E-03
    1.346281483584468E-03
    1.283801924598300E-03
    1.221310046242695E-03
    1.158802636299665E-03
    1.096275405921510E-03
    1.033726531648324E-03
    9.711503197920677E-04
    9.085504323031128E-04
    8.459145570356329E-04
    7.832650318903728E-04
    7.205595877971216E-04
    6.578881391665755E-04
    5.950835176133750E-04
    5.324889917454427E-04
    4.694565777623151E-04
    4.072683789241043E-04
    3.434286020165939E-04
    2.829559433431118E-04
    2.157901857874524E-04
    1.619045896873942E-04
    8.256552751790294E-05
    5.225428976172910E-05
    4.945410366389550E-03
    4.916202465821340E-03
    4.837837731753824E-03
    4.783407966280006E-03
    4.717093207560803E-03
    4.656911160554384E-03
    4.593558740535318E-03
    4.531875797207789E-03
    4.469346868697976E-03
    4.407236366646835E-03
    4.344900142359750E-03
    4.282651939534934E-03
    4.220326147160560E-03
    4.158002133039957E-03
    4.095636765279820E-03
    4.033251159873896E-03
    3.970835707149733E-03
    3.908397802611926E-03
    3.845937420177090E-03
    3.783459089850652E-03
    3.720965509191001E-03
    3.658460459141030E-03
    3.595947059723869E-03
    3.533428429706240E-03
    3.470907186034601E-03
    3.408385582357610E-03
    3.345865375953565E-03
    3.283347876635675E-03
    3.220833942563704E-03
    3.158324034181498E-03
    3.095818261025823E-03
    3.033316447193134E-03
    2.970818195941961E-03
    2.908322957023167E-03
    2.845830090117617E-03
    2.783338923984801E-03
    2.720848808826869E-03
    2.658359161317086E-03
    2.595869501456743E-03
    2.533379481067010E-03
    2.470888903691722E-03
    2.408397735830051E-03
    2.345906109344023E-03
    2.283414314858290E-03
    2.220922785883522E-03
    2.158432073462163E-03
    2.095942811130378E-03
    2.033455670420438E-03
    1.970971307100836E-03
    1.908490299681974E-03
    1.846013080800890E-03
    1.783539866040778E-03
    1.721070579372954E-03
    1.658604787628795E-03
    1.596141632766186E-03
    1.533679799711716E-03
    1.471217462125696E-03
    1.408752338038567E-03
    1.346281611303379E-03
    1.283802215514384E-03
    1.221310512347427E-03
    1.158803285705541E-03
    1.096276245519068E-03
    1.033727562906187E-03
    9.711515484145949E-04
    9.085518532638767E-04
    8.459161849975396E-04
    7.832668508839285E-04
    7.205616308450002E-04
    6.578903761535007E-04
    5.950859863691404E-04
    5.324915756479158E-04
    4.694594333805089E-04
    4.072711337576503E-04
    3.434303744782970E-04
    2.829600143945010E-04
    2.157845274512348E-04
    1.619099078894417E-04
    8.254460567597646E-05
    5.225109514466616E-05
    4.945393398516549E-03
    4.916226787041199E-03
    4.837843571227712E-03
    4.783417094525853E-03
    4.717101225253217E-03
    4.656918144645271E-03
    4.593565109583542E-03
    4.531881357751876E-03
    4.469351845815719E-03
    4.407240494160357E-03
    4.344903796919432E-03
    4.282654982086367E-03
    4.220328786623356E-03
    4.158004368099487E-03
    4.095638691508675E-03
    4.033252801593207E-03
    3.970837110517865E-03
    3.908398987787961E-03
    3.845938411187316E-03
    3.783459902058031E-03
    3.720966158793940E-03
    3.658460960251223E-03
    3.595947427165016E-03
    3.533428678188054E-03
    3.470907330691194E-03
    3.408385638220080E-03
    3.345865357738440E-03
    3.283347798303748E-03
    3.220833816913453E-03
    3.158323872496692E-03
    3.095818072896909E-03
    3.033316240324711E-03
    2.970817976098479E-03
    2.908322728054171E-03
    2.845829854068580E-03
    2.783338681272469E-03
    2.720848558467472E-03
    2.658358901193512E-03
    2.595869228614450E-03
    2.533379192029932E-03
    2.470888594792017E-03
    2.408397403546960E-03
    2.345905750647025E-03
    2.283413927549545E-03
    2.220922368933490E-03
    2.158431627329537E-03
    2.095942338054554E-03
    2.033455174671415E-03
    1.970970795169670E-03
    1.908489780391255E-03
    1.846012565319096E-03
    1.783539367778751E-03
    1.721070113761817E-03
    1.658604371755995E-03
    1.596141284916941E-03
    1.533679538760297E-03
    1.471217306954401E-03
    1.408752306763281E-03
    1.346281720840609E-03
    1.283802480506949E-03
    1.221310945837054E-03
    1.158803897228846E-03
    1.096277044725358E-03
    1.033728553818287E-03
    9.711527422177890E-04
    9.085532475937794E-04
    8.459178050922060E-04
    7.832686793566620E-04
    7.205637246646910E-04
    6.578926842458964E-04
    5.950886101306446E-04
    5.324943302335031E-04
    4.694625973497700E-04
    4.072742184685296E-04
    3.434328164866646E-04
    2.829644372443541E-04
    2.157807953235996E-04
    1.619160590176925E-04
    8.252795638407680E-05
    5.225441578835942E-05
    4.945381075726262E-03
    4.916248040728740E-03
    4.837850566288844E-03
    4.783426824274416E-03
    4.717110254935032E-03
    4.656925713252933E-03
    4.593572274547464E-03
    4.531887352133796E-03
    4.469357275536709E-03
    4.407244917526058E-03
    4.344907702242883E-03
    4.282658198808217E-03
    4.220331563477486E-03
    4.158006700200324E-03
    4.095640692344063E-03
    4.033254498987709E-03
    3.970838559472631E-03
    3.908400212477155E-03
    3.845939440305856E-03
    3.783460753617070E-03
    3.720966851181910E-03
    3.658461508680796E-03
    3.595947846990535E-03
    3.533428984010143E-03
    3.470907537130141E-03
    3.408385759463927E-03
    3.345865407470611E-03
    3.283347789365578E-03
    3.220833760997091E-03
    3.158323779845518E-03
    3.095817952186317E-03
    3.033316098507232E-03
    2.970817818371709E-03
    2.908322557893702E-03
    2.845829673335367E-03
    2.783338490375660E-03
    2.720848356573425E-03
    2.658358686468792E-03
    2.595868998494059E-03
    2.533378943503075E-03
    2.470888324699975E-03
    2.408397108888786E-03
    2.345905428888777E-03
    2.283413576932479E-03
    2.220921988775690E-03
    2.158431218313006E-03
    2.095941902487385E-03
    2.033454716711603E-03
    1.970970320996066E-03
    1.908489298303408E-03
    1.846012085753307E-03
    1.783538903220181E-03
    1.721069678557038E-03
    1.658603981799675E-03
    1.596140957270450E-03
    1.533679291127315E-03
    1.471217157225629E-03
    1.408752272333176E-03
    1.346281818368814E-03
    1.283802724895368E-03
    1.221311351252662E-03
    1.158804474859854E-03
    1.096277807369957E-03
    1.033729508578270E-03
    9.711539064573320E-04
    9.085546223443916E-04
    8.459194271812770E-04
    7.832705306548018E-04
    7.205658877625093E-04
    6.578950869371652E-04
    5.950914210784500E-04
    5.324972936229768E-04
    4.694661240973204E-04
    4.072776919704068E-04
    3.434360213075902E-04
    2.829693214205552E-04
    2.157790664418181E-04
    1.619233050901652E-04
    8.251483560040089E-05
    5.226459645062795E-05
    4.945374147047307E-03
    4.916266565337686E-03
    4.837858766654362E-03
    4.783437041117704E-03
    4.717120281947472E-03
    4.656933784263589E-03
    4.593580186821565E-03
    4.531893709034325E-03
    4.469363091729300E-03
    4.407249562889621E-03
    4.344911784568050E-03
    4.282661514001772E-03
    4.220334402094644E-03
    4.158009053669661E-03
    4.095642692688467E-03
    4.033256177694485E-03
    3.970839980694330E-03
    3.908401404627950E-03
    3.845940437003995E-03
    3.783461575757636E-03
    3.720967519572225E-03
    3.658462039843057E-03
    3.595948256995025E-03
    3.533429287505540E-03
    3.470907748349821E-03
    3.408385891848339E-03
    3.345865473737057E-03
    3.283347801270079E-03
    3.220833729133964E-03
    3.158323713408777E-03
    3.095817858907819E-03
    3.033315984545752E-03
    2.970817688306556E-03
    2.908322414768794E-03
    2.845829518765596E-03
    2.783338324698803E-03
    2.720848179040591E-03
    2.658358495462986E-03
    2.595868791769716E-03
    2.533378718440035E-03
    2.470888078567422E-03
    2.408396839115564E-03
    2.345905133336498E-03
    2.283413254167566E-03
    2.220921638335656E-03
    2.158430840960086E-03
    2.095941500440731E-03
    2.033454293846401E-03
    1.970969882997524E-03
    1.908488852759654E-03
    1.846011642177885E-03
    1.783538472985394E-03
    1.721069274747334E-03
    1.658603618955365E-03
    1.596140651089723E-03
    1.533679058031645E-03
    1.471217014035332E-03
    1.408752235677659E-03
    1.346281904649157E-03
    1.283802949307835E-03
    1.221311729160249E-03
    1.158805019206020E-03
    1.096278534242039E-03
    1.033730428298961E-03
    9.711550427664599E-04
    9.085559797726507E-04
    8.459210544729518E-04
    7.832724087883113E-04
    7.205681259321694E-04
    6.578975906051746E-04
    5.950944297453615E-04
    5.325004756829772E-04
    4.694700354891123E-04
    4.072815705735302E-04
    3.434400359119913E-04
    2.829747130616513E-04
    2.157793599835536E-04
    1.619318040745110E-04
    8.250463017176171E-05
    5.228197282655597E-05
    4.945373133863427E-03
    4.916282634438675E-03
    4.837868254577616E-03
    4.783447665648184E-03
    4.717131327234958E-03
    4.656942305702579E-03
    4.593588831415362E-03
    4.531900391122984E-03
    4.469369265535227E-03
    4.407254395653456E-03
    4.344916011816637E-03
    4.282664895253636E-03
    4.220337271527584E-03
    4.158011398357045E-03
    4.095644663433972E-03
    4.033257809391908E-03
    3.970841346609933E-03
    3.908402537321533E-03
    3.845941375002923E-03
    3.783462342848154E-03
    3.720968139024568E-03
    3.658462529551279E-03
    3.595948633820525E-03
    3.533429566223458E-03
    3.470907942881985E-03
    3.408386014954067E-03
    3.345865537223498E-03
    3.283347815845777E-03
    3.220833704317736E-03
    3.158323657356525E-03
    3.095817778404297E-03
    3.033315884941348E-03
    2.970817573538408E-03
    2.908322287418410E-03
    2.845829380166141E-03
    2.783338175077633E-03
    2.720848017692128E-03
    2.658358320943327E-03
    2.595868602107413E-03
    2.533378511357843E-03
    2.470887851711578E-03
    2.408396590289866E-03
    2.345904860738494E-03
    2.283412956623849E-03
    2.220921315532581E-03
    2.158430493664272E-03
    2.095941130702220E-03
    2.033453905174702E-03
    1.970969480500939E-03
    1.908488443234115E-03
    1.846011234139232E-03
    1.783538076627484E-03
    1.721068901839695E-03
    1.658603282646922E-03
    1.596140365696430E-03
    1.533678838692614E-03
    1.471216876519373E-03
    1.408752195884283E-03
    1.346281978773059E-03
    1.283803152898687E-03
    1.221312078837812E-03
    1.158805529723756E-03
    1.096279225028348E-03
    1.033731312907001E-03
    9.711561513436645E-04
    9.085573202368829E-04
    8.459226876038434E-04
    7.832743142186633E-04
    7.205704402816897E-04
    6.579001952751418E-04
    5.950976389653209E-04
    5.325038754954389E-04
    4.694743420462280E-04
    4.072858523756185E-04
    3.434448905942972E-04
    2.829806248895379E-04
    2.157816786102708E-04
    1.619416474632930E-04
    8.249686365059435E-05
    5.230684554279627E-05
    4.945378338304821E-03
    4.916296459558863E-03
    4.837879126916248E-03
    4.783458632730758E-03
    4.717143430076260E-03
    4.656951236437343E-03
    4.593598205956569E-03
    4.531907372170001E-03
    4.469375780842791E-03
    4.407259394488576E-03
    4.344920366389646E-03
    4.282668325289478E-03
    4.220340156671371E-03
    4.158013720369682E-03
    4.095646592016078E-03
    4.033259382406259E-03
    3.970842646263452E-03
    3.908403600093739E-03
    3.845942244208235E-03
    3.783463045077434E-03
    3.720968699978815E-03
    3.658462968496978E-03
    3.595948968437518E-03
    3.533429811455910E-03
    3.470908112390291E-03
    3.408386120866626E-03
    3.345865590484248E-03
    3.283347826151202E-03
    3.220833680135689E-03
    3.158323605821092E-03
    3.095817705357291E-03
    3.033315794919426E-03
    2.970817469822782E-03
    2.908322172107846E-03
    2.845829254286804E-03
    2.783338038717652E-03
    2.720847870157953E-03
    2.658358160931040E-03
    2.595868427885051E-03
    2.533378320954877E-03
    2.470887643113285E-03
    2.408396361634832E-03
    2.345904610517577E-03
    2.283412683878610E-03
    2.220921020050625E-03
    2.158430176167232E-03
    2.095940793020984E-03
    2.033453550403997E-03
    1.970969113126077E-03
    1.908488069218241E-03
    1.846010860968032E-03
    1.783537713294695E-03
    1.721068558791331E-03
    1.658602971646628E-03
    1.596140099699447E-03
    1.533678631591896E-03
    1.471216743081546E-03
    1.408752151336980E-03
    1.346282039169549E-03
    1.283803334202206E-03
    1.221312398974442E-03
    1.158806005285694E-03
    1.096279878797273E-03
    1.033732161619064E-03
    9.711572315213642E-04
    9.085586429825116E-04
    8.459243257823705E-04
    7.832762455154078E-04
    7.205728295561507E-04
    6.579028977546123E-04
    5.951010479414942E-04
    5.325074864668564E-04
    4.694790492053045E-04
    4.072905241774657E-04
    3.434506085564881E-04
    2.829870443569687E-04
    2.157860246302095E-04
    1.619528718130769E-04
    8.249118515417684E-05
    5.233944866001379E-05
    4.945389853171949E-03
    4.916308195891394E-03
    4.837891488263557E-03
    4.783469881041426E-03
    4.717156641705543E-03
    4.656960538436501E-03
    4.593608312607425E-03
    4.531914628173279E-03
    4.469382624810466E-03
    4.407264541290419E-03
    4.344924834676831E-03
    4.282671791135412E-03
    4.220343047160449E-03
    4.158016010809644E-03
    4.095648471080045E-03
    4.033260890397611E-03
    3.970843874101714E-03
    3.908404587893472E-03
    3.845943039903289E-03
    3.783463677935408E-03
    3.720969198065459E-03
    3.658463352422964E-03
    3.595949256705034E-03
    3.533430019201728E-03
    3.470908253048743E-03
    3.408386205974338E-03
    3.345865630160903E-03
    3.283347829112126E-03
    3.220833653820181E-03
    3.158323556357008E-03
    3.095817637648868E-03
    3.033315712686719E-03
    2.970817375680711E-03
    2.908322067656103E-03
    2.845829140223646E-03
    2.783337914967771E-03
    2.720847736013297E-03
    2.658358015199497E-03
    2.595868269044665E-03
    2.533378147311151E-03
    2.470887452958534E-03
    2.408396153408938E-03
    2.345904382969592E-03
    2.283412436228331E-03
    2.220920752148866E-03
    2.158429888651949E-03
    2.095940487465650E-03
    2.033453229452230E-03
    1.970968780607705E-03
    1.908487730237124E-03
    1.846010521961496E-03
    1.783537382048622E-03
    1.721068244432736E-03
    1.658602684571746E-03
    1.596139851534174E-03
    1.533678435026673E-03
    1.471216611934620E-03
    1.408752100223360E-03
    1.346282084062869E-03
    1.283803491531653E-03
    1.221312688010145E-03
    1.158806444469945E-03
    1.096280494255964E-03
    1.033732973195749E-03
    9.711582820545239E-04
    9.085599465134913E-04
    8.459259672950008E-04
    7.832782000578820E-04
    7.205752910883810E-04
    6.579056929091865E-04
    5.951046538445869E-04
    5.325112983032299E-04
    4.694841597889920E-04
    4.072955639867024E-04
    3.434572102822885E-04
    2.829939361589303E-04
    2.157924088713930E-04
    1.619654624218841E-04
    8.248735791718698E-05
    5.237992739786725E-05
    4.945407570743439E-03
    4.916317947374377E-03
    4.837905450276980E-03
    4.783481347295416E-03
    4.717171023807083E-03
    4.656970173863311E-03
    4.593619155425917E-03
    4.531922134373753E-03
    4.469389784714698E-03
    4.407269817832534E-03
    4.344929403591574E-03
    4.282675280553103E-03
    4.220345933715734E-03
    4.158018262069435E-03
    4.095650294748560E-03
    4.033262328629971E-03
    3.970845026272650E-03
    3.908405497433985E-03
    3.845943759174586E-03
    3.783464238730764E-03
    3.720969630730143E-03
    3.658463678866339E-03
    3.595949496240685E-03
    3.533430187169706E-03
    3.470908362681721E-03
    3.408386268247291E-03
    3.345865654400772E-03
    3.283347823078877E-03
    3.220833623943523E-03
    3.158323507771575E-03
    3.095817574325716E-03
    3.033315637526584E-03
    2.970817290622966E-03
    2.908321973786826E-03
    2.845829037894586E-03
    2.783337803918630E-03
    2.720847615497917E-03
    2.658357884112513E-03
    2.595868126047968E-03
    2.533377990959091E-03
    2.470887281822211E-03
    2.408395966200075E-03
    2.345904178664681E-03
    2.283412214193419E-03
    2.220920512265047E-03
    2.158429631440257E-03
    2.095940214209585E-03
    2.033452942313802E-03
    1.970968482734528E-03
    1.908487425852750E-03
    1.846010216441592E-03
    1.783537081967512E-03
    1.721067957605834E-03
    1.658602420047199E-03
    1.596139619639695E-03
    1.533678247291830E-03
    1.471216481279126E-03
    1.408752040703099E-03
    1.346282111625348E-03
    1.283803623113941E-03
    1.221312944252297E-03
    1.158806845661487E-03
    1.096281069842928E-03
    1.033733746035350E-03
    9.711593012278490E-04
    9.085612287295051E-04
    8.459276096885614E-04
    7.832801742845872E-04
    7.205778211265557E-04
    6.579085741031204E-04
    5.951084523425951E-04
    5.325152976679335E-04
    4.694896748692886E-04
    4.073009416904171E-04
    3.434647156476064E-04
    2.830012423000842E-04
    2.158008561806394E-04
    1.619793531501470E-04
    8.248525040097098E-05
    5.242832490037754E-05
    4.945431189541520E-03
    4.916325769606819E-03
    4.837921134750558E-03
    4.783492962314589E-03
    4.717186648888093E-03
    4.656980103670229E-03
    4.593630739453829E-03
    4.531929864095937E-03
    4.469397246790295E-03
    4.407275204562100E-03
    4.344934059331933E-03
    4.282678780780967E-03
    4.220348806852830E-03
    4.158020466522432E-03
    4.095652057297058E-03
    4.033263692643015E-03
    3.970846099301930E-03
    3.908406325884208E-03
    3.845944399625943E-03
    3.783464725335409E-03
    3.720969996014443E-03
    3.658463945980476E-03
    3.595949685287549E-03
    3.533430313693046E-03
    3.470908439727792E-03
    3.408386306251510E-03
    3.345865661921762E-03
    3.283347806942041E-03
    3.220833589584048E-03
    3.158323459340507E-03
    3.095817514863630E-03
    3.033315569111473E-03
    2.970817214509612E-03
    2.908321890534075E-03
    2.845828947490563E-03
    2.783337705898402E-03
    2.720847509055812E-03
    2.658357768207297E-03
    2.595867999501814E-03
    2.533377852550794E-03
    2.470887130376326E-03
    2.408395800673787E-03
    2.345903998234406E-03
    2.283412018342844E-03
    2.220920300876103E-03
    2.158429404887357E-03
    2.095939973457178E-03
    2.033452689015085E-03
    1.970968219331077E-03
    1.908487155669109E-03
    1.846009943779965E-03
    1.783536812187430E-03
    1.721067697217708E-03
    1.658602176768183E-03
    1.596139402526730E-03
    1.533678066749956E-03
    1.471216349372531E-03
    1.408751970973946E-03
    1.346282120038665E-03
    1.283803727145502E-03
    1.221313165926445E-03
    1.158807207099424E-03
    1.096281603774281E-03
    1.033734478223194E-03
    9.711602869123665E-04
    9.085624869965941E-04
    8.459292498582696E-04
    7.832821638091801E-04
    7.205804149748422E-04
    6.579115333880634E-04
    5.951124378105763E-04
    5.325194684569592E-04
    4.694955941457178E-04
    4.073066192130630E-04
    3.434731452643637E-04
    2.830088813130651E-04
    2.158114096288536E-04
    1.619944242965622E-04
    8.248483114322910E-05
    5.248457746081984E-05
    4.945460219082294E-03
    4.916331670244909E-03
    4.837938679786465E-03
    4.783504648006746E-03
    4.717203601658163E-03
    4.656990286741144E-03
    4.593643070444621E-03
    4.531937788258395E-03
    4.469404995804816E-03
    4.407280680193864E-03
    4.344938786973994E-03
    4.282682278138867E-03
    4.220351656472978E-03
    4.158022616107741E-03
    4.095653752727124E-03
    4.033264977818874E-03
    3.970847089655253E-03
    3.908407070430912E-03
    3.845944958944001E-03
    3.783465135756851E-03
    3.720970292138013E-03
    3.658464152129412E-03
    3.595949822322733E-03
    3.533430397353584E-03
    3.470908482880622E-03
    3.408386318807251E-03
    3.345865651688030E-03
    3.283347779826379E-03
    3.220833550038217E-03
    3.158323410537218E-03
    3.095817458914068E-03
    3.033315507266394E-03
    2.970817147329994E-03
    2.908321818038464E-03
    2.845828869287464E-03
    2.783337621300169E-03
    2.720847417177766E-03
    2.658357668051865E-03
    2.595867890030252E-03
    2.533377732744432E-03
    2.470886999290473E-03
    2.408395657487461E-03
    2.345903842299282E-03
    2.283411849234543E-03
    2.220920118450884E-03
    2.158429209346166E-03
    2.095939765419031E-03
    2.033452469599521E-03
    1.970967990251700E-03
    1.908486919333945E-03
    1.846009703406264E-03
    1.783536571915894E-03
    1.721067462258293E-03
    1.658601953520715E-03
    1.596139198799909E-03
    1.533677891854381E-03
    1.471216214552250E-03
    1.408751889294173E-03
    1.346282107515556E-03
    1.283803801813475E-03
    1.221313351197517E-03
    1.158807526899290E-03
    1.096282094068387E-03
    1.033735167560636E-03
    9.711612366000386E-04
    9.085637181907921E-04
    8.459308840993769E-04
    7.832841634874185E-04
    7.205830670672994E-04
    6.579145616063113E-04
    5.951166034288604E-04
    5.325237919537283E-04
    4.695019161537003E-04
    4.073125505370301E-04
    3.434825214887759E-04
    2.830167470635780E-04
    2.158241341729919E-04
    1.620104990330120E-04
    8.248616748874786E-05
    5.254851731626063E-05
    4.945493982504543E-03
    4.916335606677714E-03
    4.837958248964556E-03
    4.783516314824522E-03
    4.717221981056384E-03
    4.657000679207916E-03
    4.593656154789749E-03
    4.531945875097908E-03
    4.469413014870239E-03
    4.407286221577397E-03
    4.344943570350267E-03
    4.282685757930199E-03
    4.220354471756604E-03
    4.158024702220743E-03
    4.095655374645755E-03
    4.033266179252991E-03
    3.970847993600920E-03
    3.908407728135733E-03
    3.845945434751657E-03
    3.783465467990387E-03
    3.720970517351439E-03
    3.658464295743092E-03
    3.595949905916399E-03
    3.533430436845709E-03
    3.470908490958618E-03
    3.408386304864951E-03
    3.345865622792937E-03
    3.283347740980253E-03
    3.220833504716520E-03
    3.158323360935819E-03
    3.095817406213819E-03
    3.033315451885038E-03
    2.970817089125090E-03
    2.908321756475513E-03
    2.845828803580280E-03
    2.783337550521695E-03
    2.720847340346566E-03
    2.658357584195580E-03
    2.595867798230244E-03
    2.533377632165058E-03
    2.470886889197631E-03
    2.408395537261001E-03
    2.345903711444162E-03
    2.283411707395357E-03
    2.220919965434407E-03
    2.158429045155625E-03
    2.095939590303982E-03
    2.033452284122999E-03
    1.970967795378845E-03
    1.908486716539494E-03
    1.846009494810835E-03
    1.783536360436060E-03
    1.721067251805592E-03
    1.658601749187483E-03
    1.596139007163960E-03
    1.533677721155505E-03
    1.471216075242087E-03
    1.408751793989240E-03
    1.346282072307036E-03
    1.283803845304085E-03
    1.221313498180072E-03
    1.158807803066169E-03
    1.096282538562758E-03
    1.033735811587220E-03
    9.711621474315245E-04
    9.085649187340123E-04
    8.459325081486628E-04
    7.832861674714597E-04
    7.205857710216561E-04
    6.579176484751168E-04
    5.951209412569509E-04
    5.325282469716687E-04
    4.695086384258445E-04
    4.073186817398553E-04
    3.434928692650948E-04
    2.830247073025054E-04
    2.158391201494793E-04
    1.620273384372683E-04
    8.248942829522230E-05
    5.261988279037729E-05
    4.945531616600211E-03
    4.916337480734381E-03
    4.837980043732383E-03
    4.783527859498911E-03
    4.717241902779453E-03
    4.657011233814896E-03
    4.593669999478036E-03
    4.531954089955209E-03
    4.469421285325743E-03
    4.407291803666367E-03
    4.344948392033059E-03
    4.282689204455578E-03
    4.220357241168910E-03
    4.158026715715925E-03
    4.095656916255892E-03
    4.033267291734865E-03
    3.970848807180362E-03
    3.908408295897801E-03
    3.845945824564373E-03
    3.783465719971085E-03
    3.720970669885539E-03
    3.658464375265517E-03
    3.595949934679997E-03
    3.533430430925679E-03
    3.470908462856090E-03
    3.408386263458798E-03
    3.345865574415617E-03
    3.283347689734878E-03
    3.220833453105431E-03
    3.158323310176282E-03
    3.095817356553056E-03
    3.033315402900558E-03
    2.970817039960861E-03
    2.908321706031398E-03
    2.845828750661080E-03
    2.783337493945495E-03
    2.720847279019051E-03
    2.658357517153093E-03
    2.595867724657449E-03
    2.533377551392176E-03
    2.470886800683461E-03
    2.408395440567815E-03
    2.345903606210885E-03
    2.283411593315239E-03
    2.220919842243529E-03
    2.158428912637686E-03
    2.095939448317243E-03
    2.033452132652925E-03
    1.970967634622851E-03
    1.908486547022732E-03
    1.846009317545187E-03
    1.783536177107177E-03
    1.721067065025949E-03
    1.658601562747818E-03
    1.596138826423351E-03
    1.533677553300219E-03
    1.471215929951653E-03
    1.408751683451596E-03
    1.346282012703175E-03
    1.283803855805188E-03
    1.221313604943455E-03
    1.158808033503554E-03
    1.096282934927516E-03
    1.033736407600120E-03
    9.711630162217581E-04
    9.085660846281978E-04
    8.459341172241650E-04
    7.832881692632049E-04
    7.205885196930099E-04
    6.579207826734979E-04
    5.951254423048965E-04
    5.325328100204404E-04
    4.695157576424702E-04
    4.073249511057961E-04
    3.435042168586469E-04
    2.830326020104599E-04
    2.158564867786966E-04
    1.620446348749163E-04
    8.249489068568878E-05
    5.269833626931132E-05
    4.945572068192666E-03
    4.916337130012257E-03
    4.838004319457441E-03
    4.783539162928230E-03
    4.717263502213591E-03
    4.657021899276036E-03
    4.593684612002562E-03
    4.531962395065124E-03
    4.469429786628235E-03
    4.407297399526831E-03
    4.344953233356291E-03
    4.282692601070356E-03
    4.220359952508111E-03
    4.158028646951564E-03
    4.095658370387365E-03
    4.033268309768003E-03
    3.970849526216603E-03
    3.908408770453119E-03
    3.845946125782023E-03
    3.783465889560115E-03
    3.720970747933798E-03
    3.658464389134793E-03
    3.595949907245136E-03
    3.533430378390326E-03
    3.470908397522545E-03
    3.408386193687143E-03
    3.345865505802920E-03
    3.283347625487863E-03
    3.220833394752579E-03
    3.158323257951322E-03
    3.095817309763820E-03
    3.033315360275526E-03
    2.970816999919518E-03
    2.908321666895368E-03
    2.845828710812448E-03
    2.783337451933160E-03
    2.720847233621232E-03
    2.658357467400192E-03
    2.595867669822742E-03
    2.533377490956904E-03
    2.470886734284115E-03
    2.408395367933244E-03
    2.345903527097274E-03
    2.283411507446798E-03
    2.220919749266955E-03
    2.158428812097700E-03
    2.095939339661023E-03
    2.033452015268925E-03
    1.970967507922533E-03
    1.908486410565668E-03
    1.846009171221811E-03
    1.783536021363769E-03
    1.721066901172484E-03
    1.658601393275361E-03
    1.596138655479261E-03
    1.533677387028364E-03
    1.471215777272668E-03
    1.408751556137303E-03
    1.346281927030762E-03
    1.283803831505903E-03
    1.221313669514387E-03
    1.158808216020091E-03
    1.096283280677289E-03
    1.033736952672685E-03
    9.711638394853060E-04
    9.085672114901314E-04
    8.459357060662768E-04
    7.832901617708405E-04
    7.205913052319576E-04
    6.579239519389300E-04
    5.951300966111330E-04
    5.325374555097588E-04
    4.695232697815540E-04
    4.073312893444066E-04
    3.435165964934918E-04
    2.830402415564010E-04
    2.158763857666413E-04
    1.620620032837608E-04
    8.250295114896786E-05
    5.278349156923840E-05
    4.945614084990124E-03
    4.916334315190762E-03
    4.838031405801626E-03
    4.783550088151611E-03
    4.717286937671361E-03
    4.657032619591296E-03
    4.593700000154181E-03
    4.531970749328093E-03
    4.469438496221681E-03
    4.407302980362847E-03
    4.344958074455860E-03
    4.282695930262775E-03
    4.220362592972304E-03
    4.158030485851896E-03
    4.095659729543776E-03
    4.033269227604688E-03
    3.970850146336581E-03
    3.908409148387053E-03
    3.845946335693226E-03
    3.783465974543027E-03
    3.720970749646278E-03
    3.658464335774231E-03
    3.595949822253142E-03
    3.533430278066063E-03
    3.470908293951894E-03
    3.408386094702435E-03
    3.345865416260574E-03
    3.283347547695493E-03
    3.220833329260158E-03
    3.158323204001192E-03
    3.095817265715983E-03
    3.033315323998939E-03
    2.970816969097403E-03
    2.908321639258359E-03
    2.845828684306675E-03
    2.783337424825014E-03
    2.720847204548335E-03
    2.658357435374153E-03
    2.595867634192851E-03
    2.533377451342886E-03
    2.470886690487392E-03
    2.408395319835959E-03
    2.345903474558772E-03
    2.283411450207116E-03
    2.220919686867186E-03
    2.158428743826378E-03
    2.095939264536385E-03
    2.033451932064442E-03
    1.970967415246352E-03
    1.908486306995890E-03
    1.846009055513921E-03
    1.783535892714435E-03
    1.721066759582853E-03
    1.658601239934759E-03
    1.596138493325305E-03
    1.533677221167714E-03
    1.471215615873582E-03
    1.408751410560859E-03
    1.346281813649119E-03
    1.283803770594445E-03
    1.221313689877910E-03
    1.158808348334998E-03
    1.096283573182230E-03
    1.033737443672710E-03
    9.711646134621449E-04
    9.085682945876084E-04
    8.459372689810306E-04
    7.832921373695821E-04
    7.205941191493407E-04
    6.579271431754754E-04
    5.951348933265899E-04
    5.325421559960359E-04
    4.695311702684295E-04
    4.073376199437373E-04
    3.435300448928529E-04
    2.830474046979339E-04
    2.158990050184158E-04
    1.620789697353160E-04
    8.251414244640050E-05
    5.287495193042994E-05
    4.945656197830567E-03
    4.916328702401905E-03
    4.838061732333692E-03
    4.783560478373437E-03
    4.717312393804124E-03
    4.657043333291445E-03
    4.593716171643213E-03
    4.531979108051591E-03
    4.469447389378904E-03
    4.407308515551723E-03
    4.344962894313831E-03
    4.282699173744248E-03
    4.220365149236209E-03
    4.158032221977965E-03
    4.095660985956511E-03
    4.033270039286808E-03
    3.970850662998730E-03
    3.908409426151502E-03
    3.845946451483952E-03
    3.783465972632034E-03
    3.720970673127369E-03
    3.658464213587188E-03
    3.595949678348260E-03
    3.533430128801487E-03
    3.470908151175208E-03
    3.408385965704629E-03
    3.345865305147503E-03
    3.283347455868293E-03
    3.220833256281738E-03
    3.158323148111526E-03
    3.095817224316105E-03
    3.033315294085959E-03
    2.970816947605473E-03
    2.908321623314042E-03
    2.845828671407246E-03
    2.783337412941927E-03
    2.720847192166835E-03
    2.658357421475967E-03
    2.595867618192733E-03
    2.533377432988793E-03
    2.470886669735382E-03
    2.408395296710737E-03
    2.345903449011323E-03
    2.283411421980710E-03
    2.220919655383477E-03
    2.158428708102665E-03
    2.095939223145899E-03
    2.033451883148994E-03
    1.970967356594081E-03
    1.908486236187452E-03
    1.846008970155374E-03
    1.783535790740626E-03
    1.721066639676786E-03
    1.658601101977941E-03
    1.596138339042629E-03
    1.533677054628110E-03
    1.471215444493157E-03
    1.408751245288805E-03
    1.346281670944593E-03
    1.283803671254612E-03
    1.221313663977094E-03
    1.158808428082472E-03
    1.096283809678402E-03
    1.033737877280607E-03
    9.711653341440113E-04
    9.085693288770645E-04
    8.459387998855946E-04
    7.832940879662041E-04
    7.205969523784984E-04
    6.579303425726848E-04
    5.951398208119506E-04
    5.325468824741325E-04
    4.695394541222941E-04
    4.073438596893493E-04
    3.435446037121178E-04
    2.830538364753693E-04
    2.159245724089837E-04
    1.620949563104834E-04
    8.252915757738034E-05
    5.297236525051557E-05
    4.945696689393233E-03
    4.916319839330230E-03
    4.838095860622734E-03
    4.783570155046937E-03
    4.717340085009325E-03
    4.657053972576202E-03
    4.593733133486079E-03
    4.531987422654152E-03
    4.469456439007079E-03
    4.407313972687231E-03
    4.344967670805981E-03
    4.282702312549369E-03
    4.220367607534996E-03
    4.158033844604084E-03
    4.095662131642743E-03
    4.033270738689643E-03
    3.970851071522683E-03
    3.908409600083693E-03
    3.845946470247457E-03
    3.783465881469467E-03
    3.720970516434655E-03
    3.658464020953047E-03
    3.595949474172072E-03
    3.533429929461257E-03
    3.470907968254808E-03
    3.408385805935981E-03
    3.345865171871712E-03
    3.283347349568007E-03
    3.220833175520320E-03
    3.158323090112533E-03
    3.095817185507593E-03
    3.033315270578912E-03
    2.970816935570946E-03
    2.908321619260986E-03
    2.845828672371371E-03
    2.783337416588101E-03
    2.720847196817435E-03
    2.658357426073437E-03
    2.595867622208781E-03
    2.533377436291637E-03
    2.470886672427870E-03
    2.408395298951967E-03
    2.345903450834969E-03
    2.283411423123171E-03
    2.220919655135467E-03
    2.158428705197237E-03
    2.095939215696854E-03
    2.033451868650936E-03
    1.970967331998922E-03
    1.908486198062111E-03
    1.846008914940819E-03
    1.783535715095539E-03
    1.721066540953579E-03
    1.658600978740167E-03
    1.596138191794575E-03
    1.533676886394973E-03
    1.471215261933215E-03
    1.408751058932316E-03
    1.346281497323875E-03
    1.283803531661035E-03
    1.221313589711528E-03
    1.158808452815061E-03
    1.096283987277486E-03
    1.033738250007439E-03
    9.711659973012692E-04
    9.085703090425863E-04
    8.459402923558713E-04
    7.832960050674889E-04
    7.205997953519402E-04
    6.579335357339979E-04
    5.951448667279512E-04
    5.325516047145486E-04
    4.695481160957881E-04
    4.073499193874069E-04
    3.435603198495082E-04
    2.830592460935203E-04
    2.159533594651334E-04
    1.621092608986066E-04
    8.254888225349220E-05
    5.307550175791917E-05
    4.945733541644166E-03
    4.916307123133829E-03
    4.838134524487447E-03
    4.783578916079388E-03
    4.717370258574530E-03
    4.657064462302651E-03
    4.593750891086618E-03
    4.531995640327663E-03
    4.469465615404075E-03
    4.407319317633157E-03
    4.344972380764609E-03
    4.282705327146617E-03
    4.220369953755478E-03
    4.158035342799626E-03
    4.095663158466861E-03
    4.033271319567706E-03
    3.970851367120122E-03
    3.908409666425497E-03
    3.845946388994349E-03
    3.783465698631221E-03
    3.720970277577774E-03
    3.658463756223260E-03
    3.595949208358098E-03
    3.533429678920296E-03
    3.470907744278793E-03
    3.408385614676372E-03
    3.345865015886615E-03
    3.283347228405212E-03
    3.220833086727201E-03
    3.158323029878852E-03
    3.095817149271526E-03
    3.033315253548911E-03
    2.970816933139586E-03
    2.908321627305422E-03
    2.845828687453091E-03
    2.783337436054411E-03
    2.720847218818562E-03
    2.658357449504797E-03
    2.595867646592530E-03
    2.533377461610571E-03
    2.470886698926249E-03
    2.408395326917657E-03
    2.345903480377937E-03
    2.283411453965304E-03
    2.220919686427278E-03
    2.158428735376456E-03
    2.095939242404926E-03
    2.033451888720629E-03
    1.970967341529946E-03
    1.908486192590820E-03
    1.846008889726006E-03
    1.783535665503021E-03
    1.721066462989460E-03
    1.658600869635768E-03
    1.596138050820860E-03
    1.533676715522093E-03
    1.471215067050441E-03
    1.408750850138605E-03
    1.346281291205936E-03
    1.283803349972921E-03
    1.221313464934339E-03
    1.158808420005758E-03
    1.096284102975628E-03
    1.033738558212754E-03
    9.711665985104394E-04
    9.085712295366334E-04
    8.459417396766499E-04
    7.832978798522309E-04
    7.206026380666140E-04
    6.579367078141706E-04
    5.951500181432710E-04
    5.325562916478838E-04
    4.695571508045892E-04
    4.073557048387114E-04
    3.435772456168249E-04
    2.830633049451790E-04
    2.159856846928749E-04
    1.621210294819632E-04
    8.257443874841279E-05
    5.318436399872868E-05
    4.945764350096801E-03
    4.916289757377910E-03
    4.838178680642506E-03
    4.783586534287351E-03
    4.717403197179464E-03
    4.657074718762778E-03
    4.593769446928789E-03
    4.532003703653453E-03
    4.469474885976096E-03
    4.407324514590974E-03
    4.344977000048681E-03
    4.282708197562031E-03
    4.220372173536774E-03
    4.158036705517911E-03
    4.095664058206746E-03
    4.033271775603813E-03
    3.970851544927576E-03
    3.908409621343818E-03
    3.845946204663202E-03
    3.783465421630405E-03
    3.720969954517325E-03
    3.658463417717414E-03
    3.595948879526428E-03
    3.533429376058060E-03
    3.470907478355678E-03
    3.408385391238782E-03
    3.345864836687523E-03
    3.283347092037129E-03
    3.220832989701050E-03
    3.158322967329617E-03
    3.095817115627692E-03
    3.033315243097726E-03
    2.970816940478210E-03
    2.908321647664244E-03
    2.845828716906647E-03
    2.783337471622031E-03
    2.720847258470166E-03
    2.658357492082636E-03
    2.595867691664697E-03
    2.533377509271027E-03
    2.470886749557751E-03
    2.408395380933772E-03
    2.345903537961060E-03
    2.283411514817564E-03
    2.220919749551895E-03
    2.158428798906561E-03
    2.095939303497990E-03
    2.033451943533685E-03
    1.970967385294531E-03
    1.908486219795103E-03
    1.846008894427844E-03
    1.783535641756107E-03
    1.721066405434433E-03
    1.658600774153238E-03
    1.596137915430927E-03
    1.533676541123463E-03
    1.471214858747080E-03
    1.408750617581105E-03
    1.346281051012677E-03
    1.283803124326531E-03
    1.221313287448096E-03
    1.158808327049361E-03
    1.096284153662196E-03
    1.033738798123273E-03
    9.711671331837891E-04
    9.085720846241754E-04
    8.459431348963676E-04
    7.832997032494694E-04
    7.206054701667337E-04
    6.579398436654531E-04
    5.951552616301808E-04
    5.325609117939057E-04
    4.695665528401563E-04
    4.073611181139800E-04
    3.435954387459043E-04
    2.830656450266594E-04
    2.160219162174584E-04
    1.621292200636503E-04
    8.260724538894318E-05
    5.329934227501940E-05
    4.945786186963491E-03
    4.916266693810855E-03
    4.838229572724298E-03
    4.783592756292952E-03
    4.717439220177532E-03
    4.657084648142380E-03
    4.593788798761171E-03
    4.532011550147815E-03
    4.469484214901967E-03
    4.407329526174355E-03
    4.344981503616932E-03
    4.282710903513814E-03
    4.220374252380811E-03
    4.158037921694498E-03
    4.095664822628791E-03
    4.033272100466217E-03
    3.970851600046620E-03
    3.908409460957689E-03
    3.845945914137153E-03
    3.783465047926303E-03
    3.720969545168386E-03
    3.658463003723180E-03
    3.595948486281528E-03
    3.533429019755265E-03
    3.470907169610804E-03
    3.408385134965914E-03
    3.345864633808854E-03
    3.283346940165630E-03
    3.220832884286747E-03
    3.158322902428157E-03
    3.095817084635136E-03
    3.033315239359087E-03
    2.970816957776666E-03
    2.908321680567538E-03
    2.845828760989430E-03
    2.783337523565711E-03
    2.720847316057253E-03
    2.658357554097632E-03
    2.595867757719064E-03
    2.533377579568727E-03
    2.470886824619556E-03
    2.408395461298393E-03
    2.345903623881931E-03
    2.283411605974138E-03
    2.220919844795052E-03
    2.158428896057206E-03
    2.095939399219149E-03
    2.033452033293259E-03
    1.970967463439715E-03
    1.908486279747237E-03
    1.846008929023250E-03
    1.783535643714394E-03
    1.721066368008124E-03
    1.658600691849583E-03
    1.596137784996984E-03
    1.533676362365303E-03
    1.471214635962403E-03
    1.408750359951144E-03
    1.346280775161863E-03
    1.283802852830722E-03
    1.221313055004610E-03
    1.158808171268601E-03
    1.096284136134246E-03
    1.033738965858199E-03
    9.711675966063198E-04
    9.085728684346178E-04
    8.459444708891554E-04
    7.833014660225258E-04
    7.206082810249175E-04
    6.579429279833846E-04
    5.951605833481378E-04
    5.325654337143868E-04
    4.695763168344346E-04
    4.073660591600824E-04
    3.436149621758590E-04
    2.830658580865271E-04
    2.160624731218050E-04
    1.621325564490257E-04
    8.264909596984468E-05
    5.342143472568137E-05
    4.945795387351393E-03
    4.916236553140903E-03
    4.838288812624457E-03
    4.783597302120057E-03
    4.717478682767103E-03
    4.657094144488434E-03
    4.593808937093749E-03
    4.532019111676478E-03
    4.469493562687487E-03
    4.407334313457657E-03
    4.344985865589413E-03
    4.282713424542099E-03
    4.220376175764613E-03
    4.158038980353997E-03
    4.095665443576466E-03
    4.033272287882999E-03
    3.970851527603535E-03
    3.908409181385781E-03
    3.845945514280808E-03
    3.783464574952626E-03
    3.720969047421638E-03
    3.658462512511698E-03
    3.595948027223005E-03
    3.533428608901002E-03
    3.470906817190624E-03
    3.408384845232374E-03
    3.345864406824694E-03
    3.283346772537041E-03
    3.220832770374828E-03
    3.158322835181093E-03
    3.095817056391381E-03
    3.033315242498222E-03
    2.970816985247770E-03
    2.908321726258961E-03
    2.845828819962818E-03
    2.783337592155039E-03
    2.720847391851516E-03
    2.658357635820470E-03
    2.595867845024614E-03
    2.533377672771940E-03
    2.470886924381071E-03
    2.408395568283907E-03
    2.345903738416885E-03
    2.283411727714580E-03
    2.220919972436381E-03
    2.158429027101988E-03
    2.095939529826496E-03
    2.033452158228949E-03
    1.970967576150135E-03
    1.908486372567261E-03
    1.846008993545285E-03
    1.783535671299496E-03
    1.721066350494870E-03
    1.658600622345491E-03
    1.596137658949810E-03
    1.533676178463174E-03
    1.471214397671800E-03
    1.408750075960044E-03
    1.346280462073277E-03
    1.283802533578128E-03
    1.221312765322417E-03
    1.158807949939336E-03
    1.096284047130529E-03
    1.033739057473404E-03
    9.711679839894113E-04
    9.085735750262054E-04
    8.459457404224693E-04
    7.833031588486370E-04
    7.206110598001557E-04
    6.579459454191909E-04
    5.951659690679951E-04
    5.325698264274612E-04
    4.695864373949301E-04
    4.073704277256697E-04
    3.436358835146568E-04
    2.830634959656845E-04
    2.161078243072550E-04
    1.621294635026397E-04
    8.270226671639250E-05
    5.355256979321229E-05
    4.945787222951370E-03
    4.916197517514831E-03
    4.838358484422421E-03
    4.783599865991638E-03
    4.717521971872928E-03
    4.657103087093895E-03
    4.593829841889338E-03
    4.532026313746655E-03
    4.469502885612588E-03
    4.407338835986268E-03
    4.344990059266095E-03
    4.282715740107459E-03
    4.220377929226343E-03
    4.158039870698777E-03
    4.095665913048466E-03
    4.033272331713618E-03
    3.970851322812688E-03
    3.908408778803114E-03
    3.845945001990462E-03
    3.783464000161919E-03
    3.720968459182196E-03
    3.658461942371087E-03
    3.595947500973944E-03
    3.533428142416144E-03
    3.470906420281499E-03
    3.408384521459266E-03
    3.345864155359986E-03
    3.283346588950015E-03
    3.220832647906477E-03
    3.158322765641447E-03
    3.095817031033978E-03
    3.033315252712233E-03
    2.970817023126826E-03
    2.908321784994652E-03
    2.845828894090643E-03
    2.783337677652586E-03
    2.720847486109229E-03
    2.658357737499541E-03
    2.595867953823031E-03
    2.533377789118776E-03
    2.470887049080990E-03
    2.408395702133806E-03
    2.345903881817497E-03
    2.283411880299987E-03
    2.220920132745264E-03
    2.158429192313990E-03
    2.095939695588404E-03
    2.033452318591937E-03
    1.970967723643228E-03
    1.908486498418460E-03
    1.846009088079296E-03
    1.783535724492310E-03
    1.721066352742671E-03
    1.658600565326613E-03
    1.596137536783036E-03
    1.533675988689893E-03
    1.471214142898716E-03
    1.408749764355771E-03
    1.346280110190273E-03
    1.283802164671457E-03
    1.221312416117803E-03
    1.158807660326188E-03
    1.096283883371162E-03
    1.033739069004807E-03
    9.711682905153454E-04
    9.085741984313040E-04
    8.459469361931620E-04
    7.833047723531059E-04
    7.206137954338764E-04
    6.579488806134250E-04
    5.951714040834558E-04
    5.325740597420158E-04
    4.695969088644331E-04
    4.073741256776823E-04
    3.436582741685448E-04
    2.830580729111800E-04
    2.161584835732106E-04
    1.621179799012986E-04
    8.276965651731476E-05
    5.369607317372776E-05
    4.945755422774214E-03
    4.916147188001396E-03
    4.838441275740984E-03
    4.783600119599873E-03
    4.717569497023610E-03
    4.657111337695490E-03
    4.593851478690796E-03
    4.532033075093227E-03
    4.469512135322527E-03
    4.407343051927884E-03
    4.344994057174134E-03
    4.282717829648852E-03
    4.220379498346779E-03
    4.158040582057163E-03
    4.095666223114820E-03
    4.033272225854004E-03
    3.970850980880070E-03
    3.908408249353745E-03
    3.845944374121633E-03
    3.783463320971659E-03
    3.720967778335114E-03
    3.658461291590521E-03
    3.595946906181344E-03
    3.533427619267189E-03
    3.470905978133688E-03
    3.408384163145103E-03
    3.345863879125212E-03
    3.283346389291673E-03
    3.220832516908771E-03
    3.158322693940882E-03
    3.095817008768627E-03
    3.033315270253214E-03
    2.970817071689194E-03
    2.908321857055085E-03
    2.845828983645477E-03
    2.783337780315010E-03
    2.720847599067781E-03
    2.658357859353648E-03
    2.595868084318467E-03
    2.533377928804959E-03
    2.470887198914082E-03
    2.408395863049508E-03
    2.345904054298460E-03
    2.283412063962899E-03
    2.220920325973638E-03
    2.158429391962244E-03
    2.095939896784228E-03
    2.033452514660255E-03
    1.970967906179065E-03
    1.908486657521467E-03
    1.846009212780545E-03
    1.783535803353003E-03
    1.721066374683894E-03
    1.658600520562846E-03
    1.596137418068403E-03
    1.533675792383616E-03
    1.471213870711922E-03
    1.408749423906393E-03
    1.346279717945671E-03
    1.283801744168059E-03
    1.221312005026199E-03
    1.158807299580320E-03
    1.096283641432929E-03
    1.033738996325690E-03
    9.711685111811203E-04
    9.085747324979548E-04
    8.459480506680965E-04
    7.833062969757677E-04
    7.206164765153350E-04
    6.579517181693266E-04
    5.951768730988148E-04
    5.325781047240960E-04
    4.696077251600762E-04
    4.073770603010779E-04
    3.436822085118159E-04
    2.830490718228973E-04
    2.162149992942373E-04
    1.620956432456737E-04
    8.285496610414787E-05
    5.385734330843522E-05
    4.945691501687111E-03
    4.916082401408479E-03
    4.838540636885469E-03
    4.783597719099175E-03
    4.717621673034518E-03
    4.657118737866400E-03
    4.593873794682215E-03
    4.532039308346987E-03
    4.469521259123196E-03
    4.407346918830686E-03
    4.344997831379263E-03
    4.282719672693523E-03
    4.220380868575064E-03
    4.158041103537584E-03
    4.095666365442331E-03
    4.033271963704570E-03
    3.970850496459431E-03
    3.908407588637124E-03
    3.845943627032517E-03
    3.783462534382834E-03
    3.720967002446866E-03
    3.658460558245239E-03
    3.595946241379348E-03
    3.533427038398622E-03
    3.470905490051354E-03
    3.408383769900894E-03
    3.345863577984404E-03
    3.283346173626325E-03
    3.220832377593765E-03
    3.158322620390654E-03
    3.095816989964491E-03
    3.033315295512729E-03
    2.970817131320334E-03
    2.908321942798647E-03
    2.845829088945139E-03
    2.783337900413117E-03
    2.720847730950873E-03
    2.658358001564746E-03
    2.595868236660795E-03
    2.533378091961013E-03
    2.470887374005943E-03
    2.408396051166389E-03
    2.345904256018510E-03
    2.283412278896454E-03
    2.220920552356235E-03
    2.158429626325219E-03
    2.095940133732239E-03
    2.033452746781204E-03
    1.970968124115852E-03
    1.908486850219740E-03
    1.846009367944738E-03
    1.783535908089685E-03
    1.721066416393229E-03
    1.658600487944875E-03
    1.596137302458577E-03
    1.533675588903544E-03
    1.471213580119267E-03
    1.408749053221980E-03
    1.346279283500006E-03
    1.283801269723997E-03
    1.221311529151500E-03
    1.158806864199572E-03
    1.096283317133920E-03
    1.033738834481968E-03
    9.711686401171469E-04
    9.085751702435772E-04
    8.459490755139382E-04
    7.833077225648696E-04
    7.206190910358401E-04
    6.579544427511467E-04
    5.951823604310340E-04
    5.325819348567146E-04
    4.696188802720987E-04
    4.073791496400132E-04
    3.437077635668628E-04
    2.830359602486088E-04
    2.162779367565996E-04
    1.620593357515256E-04
    8.296291148212275E-05
    5.404482016645007E-05
    4.945583956329603E-03
    4.915999033556273E-03
    4.838660918329882E-03
    4.783592312156956E-03
    4.717678876620347E-03
    4.657125103571621E-03
    4.593896711014577E-03
    4.532044921661350E-03
    4.469530200936498E-03
    4.407350396115290E-03
    4.345001355393889E-03
    4.282721250719690E-03
    4.220382026643054E-03
    4.158041425145064E-03
    4.095666332068938E-03
    4.033271538684558E-03
    3.970849863938361E-03
    3.908406791824807E-03
    3.845942756572549E-03
    3.783461636882421E-03
    3.720966128613714E-03
    3.658459740017734E-03
    3.595945504803035E-03
    3.533426398553961E-03
    3.470904955230504E-03
    3.408383341311015E-03
    3.345863251841395E-03
    3.283345942106806E-03
    3.220832230294732E-03
    3.158322545440279E-03
    3.095816975130792E-03
    3.033315329013058E-03
    2.970817202518213E-03
    2.908322042671875E-03
    2.845829210367787E-03
    2.783338038249260E-03
    2.720847881986155E-03
    2.658358164294120E-03
    2.595868410958991E-03
    2.533378278661692E-03
    2.470887574417460E-03
    2.408396266552254E-03
    2.345904487071704E-03
    2.283412525237031E-03
    2.220920812082756E-03
    2.158429895650214E-03
    2.095940406733421E-03
    2.033453015296136E-03
    1.970968377811784E-03
    1.908487076854211E-03
    1.846009553850982E-03
    1.783536038865394E-03
    1.721066477855008E-03
    1.658600467209322E-03
    1.596137189369533E-03
    1.533675377271471E-03
    1.471213269677279E-03
    1.408748650334998E-03
    1.346278804307439E-03
    1.283800738172799E-03
    1.221310984680163E-03
    1.158806349713387E-03
    1.096282905327373E-03
    1.033738577645395E-03
    9.711686707378756E-04
    9.085755042685097E-04
    8.459500022684668E-04
    7.833090394015115E-04
    7.206216275957585E-04
    6.579570407683980E-04
    5.951878512747230E-04
    5.325855284195876E-04
    4.696303680188800E-04
    4.073803294043083E-04
    3.437350126303189E-04
    2.830182175152056E-04
    2.163478354279828E-04
    1.620050965649444E-04
    8.309939772908578E-05
    5.427123464601347E-05
    4.945417315342148E-03
    4.915891832807395E-03
    4.838807447774813E-03
    4.783583520625978E-03
    4.717741352958447E-03
    4.657130209167517E-03
    4.593920105937306E-03
    4.532049821361602E-03
    4.469538905640099E-03
    4.407353454532005E-03
    4.345004614554552E-03
    4.282722558684181E-03
    4.220382971820648E-03
    4.158041548503758E-03
    4.095666125039871E-03
    4.033270952597342E-03
    3.970849084355763E-03
    3.908405859112021E-03
    3.845941762104349E-03
    3.783460627149453E-03
    3.720965155003226E-03
    3.658458834756967E-03
    3.595944694157984E-03
    3.533425697448624E-03
    3.470904371517399E-03
    3.408382875441607E-03
    3.345862899039220E-03
    3.283345693378409E-03
    3.220832073971174E-03
    3.158322468350393E-03
    3.095816963795207E-03
    3.033315370516394E-03
    2.970817285239997E-03
    2.908322156786652E-03
    2.845829348141836E-03
    2.783338194134059E-03
    2.720848052536919E-03
    2.658358347933067E-03
    2.595868607611917E-03
    2.533378489296069E-03
    2.470887800512119E-03
    2.408396509529050E-03
    2.345904747720637E-03
    2.283412803166615E-03
    2.220921105228656E-03
    2.158430199874865E-03
    2.095940715550912E-03
    2.033453319752463E-03
    1.970968666554540E-03
    1.908487336408822E-03
    1.846009769139238E-03
    1.783536193944257E-03
    1.721066556939209E-03
    1.658600455832760E-03
    1.596137075909328E-03
    1.533675154281360E-03
    1.471212935952092E-03
    1.408748211702882E-03
    1.346278276871483E-03
    1.283800146245905E-03
    1.221310368760255E-03
    1.158805753896399E-03
    1.096282404569854E-03
    1.033738225303500E-03
    9.711686033999480E-04
    9.085757357788487E-04
    8.459508323696917E-04
    7.833102489752111E-04
    7.206240859570417E-04
    6.579595105681239E-04
    5.951933391615686E-04
    5.325888751402777E-04
    4.696421802158262E-04
    4.073805574592397E-04
    3.437640039297585E-04
    2.829953690813574E-04
    2.164251164185186E-04
    1.619279029873082E-04
    8.327156792942527E-05
    5.455507645596550E-05
    4.945172467277842E-03
    4.915754829851377E-03
    4.838985900881168E-03
    4.783570905748933E-03
    4.717808896966501E-03
    4.657133771397904E-03
    4.593943748741379E-03
    4.532053917567627E-03
    4.469547321061969E-03
    4.407356098044384E-03
    4.345007628994809E-03
    4.282723633642656E-03
    4.220383744190581E-03
    4.158041514965587E-03
    4.095665782178149E-03
    4.033270238656423E-03
    3.970848184928216E-03
    3.908404811616339E-03
    3.845940658714647E-03
    3.783459514794210E-03
    3.720964086435232E-03
    3.658457843330591E-03
    3.595943807214695E-03
    3.533424930598995E-03
    3.470903732947592E-03
    3.408382365529180E-03
    3.345862512588261E-03
    3.283345420677663E-03
    3.220831902429351E-03
    3.158322383736748E-03
    3.095816951515915E-03
    3.033315416578877E-03
    2.970817377032710E-03
    2.908322283621560E-03
    2.845829501579918E-03
    2.783338368089919E-03
    2.720848243193232E-03
    2.658358553485904E-03
    2.595868827877740E-03
    2.533378725211379E-03
    2.470888053558393E-03
    2.408396781116369E-03
    2.345905038564428E-03
    2.283413112692334E-03
    2.220921431040561E-03
    2.158430537324658E-03
    2.095941057443553E-03
    2.033453656221864E-03
    1.970968985145601E-03
    1.908487622384086E-03
    1.846010006046981E-03
    1.783536364424547E-03
    1.721066643830695E-03
    1.658600443428411E-03
    1.596136951586190E-03
    1.533674909926853E-03
    1.471212570142052E-03
    1.408747730537364E-03
    1.346277697296709E-03
    1.283799493867555E-03
    1.221309685983213E-03
    1.158805086791818E-03
    1.096281830839020E-03
    1.033737799701255E-03
    9.711684661425497E-04
    9.085758982496965E-04
    8.459516022315211E-04
    7.833113900983954E-04
    7.206265003878032E-04
    6.579618845625784E-04
    5.951988359655311E-04
    5.325919876663130E-04
    4.696542813824927E-04
    4.073798198532751E-04
    3.437946614357640E-04
    2.829670999727118E-04
    2.165097201492131E-04
    1.618220131635183E-04
    8.348660821954636E-05
    5.491978195150043E-05
    4.944826602816412E-03
    4.915581903040633E-03
    4.839201613089832E-03
    4.783553783275721E-03
    4.717880405643870E-03
    4.657135374839913E-03
    4.593967159100851E-03
    4.532057055234919E-03
    4.469555326672561E-03
    4.407358313827203E-03
    4.345010409000087E-03
    4.282724522463754E-03
    4.220384399877381E-03
    4.158041389529771E-03
    4.095665367834287E-03
    4.033269458507121E-03
    3.970847221015117E-03
    3.908403697287749E-03
    3.845939485927736E-03
    3.783458330903352E-03
    3.720962945855187E-03
    3.658456781281673E-03
    3.595942853039837E-03
    3.533424101672867E-03
    3.470903038899754E-03
    3.408381807754796E-03
    3.345862086478794E-03
    3.283345116695891E-03
    3.220831707813146E-03
    3.158322283810249E-03
    3.095816931035647E-03
    3.033315460781910E-03
    2.970817472499604E-03
    2.908322418874664E-03
    2.845829667448429E-03
    2.783338557844336E-03
    2.720848452471609E-03
    2.658358780035754E-03
    2.595869071146791E-03
    2.533378985820673E-03
    2.470888332693535E-03
    2.408397079873760E-03
    2.345905357290589E-03
    2.283413450354878E-03
    2.220921784670605E-03
    2.158430901569822E-03
    2.095941424271929E-03
    2.033454014812214E-03
    1.970969322001876E-03
    1.908487921692763E-03
    1.846010250313407E-03
    1.783536535361642E-03
    1.721066723558896E-03
    1.658600415826595E-03
    1.596136804011293E-03
    1.533674634718609E-03
    1.471212166861378E-03
    1.408747206773293E-03
    1.346277071989086E-03
    1.283798794961221E-03
    1.221308958505824E-03
    1.158804379176658E-03
    1.096281223159053E-03
    1.033737347417385E-03
    9.711683107280235E-04
    9.085760468197440E-04
    8.459523642054362E-04
    7.833125110982607E-04
    7.206288999905733E-04
    6.579641807652140E-04
    5.952043054638632E-04
    5.325948349438774E-04
    4.696665019592989E-04
    4.073780601627399E-04
    3.438266282326899E-04
    2.829333113345027E-04
    2.166006888704456E-04
    1.616815366634420E-04
    8.374966765721185E-05
    5.539160381293397E-05
    4.944384201119196E-03
    4.915377696114002E-03
    4.839445609274528E-03
    4.783532092101265E-03
    4.717950584207461E-03
    4.657134424426057E-03
    4.593988568684566E-03
    4.532058716543850E-03
    4.469562201698027E-03
    4.407359742516076E-03
    4.345012597905782E-03
    4.282725009004733E-03
    4.220384769605160E-03
    4.158041079135838E-03
    4.095664836307247E-03
    4.033268614908522E-03
    3.970846230287381E-03
    3.908402582659944E-03
    3.845938329766569E-03
    3.783457174075658E-03
    3.720961837426108E-03
    3.658455752784177E-03
    3.595941931121040E-03
    3.533423302004570E-03
    3.470902370103781E-03
    3.408381270804795E-03
    3.345861676756371E-03
    3.283344824952164E-03
    3.220831521764451E-03
    3.158322189367727E-03
    3.095816913571565E-03
    3.033315506128679E-03
    2.970817567774137E-03
    2.908322553052488E-03
    2.845829831718501E-03
    2.783338745737633E-03
    2.720848659789661E-03
    2.658359004602173E-03
    2.595869312413644E-03
    2.533379244360652E-03
    2.470888609613198E-03
    2.408397376183850E-03
    2.345905673270312E-03
    2.283413784947565E-03
    2.220922134949395E-03
    2.158431262311427E-03
    2.095941787677258E-03
    2.033454370407435E-03
    1.970969656755978E-03
    1.908488220368204E-03
    1.846010496083021E-03
    1.783536710663783E-03
    1.721066811243169E-03
    1.658600400437810E-03
    1.596136673415668E-03
    1.533674381496050E-03
    1.471211790383088E-03
    1.408746713879730E-03
    1.346276480088148E-03
    1.283798129623206E-03
    1.221308261083705E-03
    1.158803693387440E-03
    1.096280622222149E-03
    1.033736879329155E-03
    9.711681053684876E-04
    9.085761017502168E-04
    8.459529692700921E-04
    7.833134041310782E-04
    7.206309650698716E-04
    6.579660420809052E-04
    5.952091700799304E-04
    5.325969578316187E-04
    4.696777824356083E-04
    4.073750496917005E-04
    3.438577290941204E-04
    2.828955970924858E-04
    2.166921210654376E-04
    1.615108214681586E-04
    8.404466216508135E-05
    5.595972488205820E-05
    4.943871929306411E-03
    4.915161528372580E-03
    4.839697352295737E-03
    4.783504746144008E-03
    4.718010796083296E-03
    4.657128683590342E-03
    4.594004200027434E-03
    4.532056960108472E-03
    4.469565725869341E-03
    4.407358810467830E-03
    4.345012764880041E-03
    4.282724018034540E-03
    4.220384008872089E-03
    4.158040008413398E-03
    4.095663829799636E-03
    4.033267554095209E-03
    3.970845224588532E-03
    3.908401615735723E-03
    3.845937439568953E-03
    3.783456364285328E-03
    3.720961122449835E-03
    3.658455135453408E-03
    3.595941414228612E-03
    3.533422882971490E-03
    3.470902044313306E-03
    3.408381030754295E-03
    3.345861513432978E-03
    3.283344728150898E-03
    3.220831480930974E-03
    3.158322194111348E-03
    3.095816954234016E-03
    3.033315574175285E-03
    2.970817656103796E-03
    2.908322656170120E-03
    2.845829945801462E-03
    2.783338868592733E-03
    2.720848790718434E-03
    2.658359144186151E-03
    2.595869462236570E-03
    2.533379406681268E-03
    2.470888787005483E-03
    2.408397571158573E-03
    2.345905887893513E-03
    2.283414020471477E-03
    2.220922391472327E-03
    2.158431538483118E-03
    2.095942080468579E-03
    2.033454674960738E-03
    1.970969966337212E-03
    1.908488526429625E-03
    1.846010788464026E-03
    1.783536977907979E-03
    1.721067041091668E-03
    1.658600580377635E-03
    1.596136791494441E-03
    1.533674426930373E-03
    1.471211754809105E-03
    1.408746591451931E-03
    1.346276269874101E-03
    1.283797833315980E-03
    1.221307889821121E-03
    1.158803256216923E-03
    1.096280150856731E-03
    1.033736380531913E-03
    9.711676575351579E-04
    9.085756657473035E-04
    8.459527689212424E-04
    7.833131739520423E-04
    7.206314723941745E-04
    6.579660334623290E-04
    5.952115319974074E-04
    5.325964916075722E-04
    4.696853555863073E-04
    4.073692055425451E-04
    3.438833431907875E-04
    2.828559317597406E-04
    2.167750527210645E-04
    1.613178623390584E-04
    8.434474044026341E-05
    5.659451483562909E-05
