 TITLE = "Solid temperature field"
 VARIABLES = "x" "y" "z" "Ts"
 ZONE I=          80  J=          96  K=           1  DATAPACKING=POINT
    5.0000000000E-02   -1.1937500000E+00    5.0000000000E-01    2.8884981922E+02
    1.5000000000E-01   -1.1937500000E+00    5.0000000000E-01    2.8884952971E+02
    2.5000000000E-01   -1.1937500000E+00    5.0000000000E-01    2.8884926085E+02
    3.5000000000E-01   -1.1937500000E+00    5.0000000000E-01    2.8884900612E+02
    4.5000000000E-01   -1.1937500000E+00    5.0000000000E-01    2.8884876422E+02
    5.5000000000E-01   -1.1937500000E+00    5.0000000000E-01    2.8884853461E+02
    6.5000000000E-01   -1.1937500000E+00    5.0000000000E-01    2.8884831691E+02
    7.5000000000E-01   -1.1937500000E+00    5.0000000000E-01    2.8884811084E+02
    8.5000000000E-01   -1.1937500000E+00    5.0000000000E-01    2.8884791611E+02
    9.5000000000E-01   -1.1937500000E+00    5.0000000000E-01    2.8884773244E+02
    1.0500000000E+00   -1.1937500000E+00    5.0000000000E-01    2.8884755953E+02
    1.1500000000E+00   -1.1937500000E+00    5.0000000000E-01    2.8884739708E+02
    1.2500000000E+00   -1.1937500000E+00    5.0000000000E-01    2.8884724475E+02
    1.3500000000E+00   -1.1937500000E+00    5.0000000000E-01    2.8884710222E+02
    1.4500000000E+00   -1.1937500000E+00    5.0000000000E-01    2.8884696914E+02
    1.5500000000E+00   -1.1937500000E+00    5.0000000000E-01    2.8884684515E+02
    1.6500000000E+00   -1.1937500000E+00    5.0000000000E-01    2.8884672987E+02
    1.7500000000E+00   -1.1937500000E+00    5.0000000000E-01    2.8884662294E+02
    1.8500000000E+00   -1.1937500000E+00    5.0000000000E-01    2.8884652397E+02
    1.9500000000E+00   -1.1937500000E+00    5.0000000000E-01    2.8884643259E+02
    2.0500000000E+00   -1.1937500000E+00    5.0000000000E-01    2.8884634842E+02
    2.1500000000E+00   -1.1937500000E+00    5.0000000000E-01    2.8884627107E+02
    2.2500000000E+00   -1.1937500000E+00    5.0000000000E-01    2.8884620019E+02
    2.3500000000E+00   -1.1937500000E+00    5.0000000000E-01    2.8884613539E+02
    2.4500000000E+00   -1.1937500000E+00    5.0000000000E-01    2.8884607633E+02
    2.5500000000E+00   -1.1937500000E+00    5.0000000000E-01    2.8884602266E+02
    2.6500000000E+00   -1.1937500000E+00    5.0000000000E-01    2.8884597405E+02
    2.7500000000E+00   -1.1937500000E+00    5.0000000000E-01    2.8884593017E+02
    2.8500000000E+00   -1.1937500000E+00    5.0000000000E-01    2.8884589073E+02
    2.9500000000E+00   -1.1937500000E+00    5.0000000000E-01    2.8884585543E+02
    3.0500000000E+00   -1.1937500000E+00    5.0000000000E-01    2.8884582399E+02
    3.1500000000E+00   -1.1937500000E+00    5.0000000000E-01    2.8884579618E+02
    3.2500000000E+00   -1.1937500000E+00    5.0000000000E-01    2.8884577175E+02
    3.3500000000E+00   -1.1937500000E+00    5.0000000000E-01    2.8884575049E+02
    3.4500000000E+00   -1.1937500000E+00    5.0000000000E-01    2.8884573221E+02
    3.5500000000E+00   -1.1937500000E+00    5.0000000000E-01    2.8884571673E+02
    3.6500000000E+00   -1.1937500000E+00    5.0000000000E-01    2.8884570389E+02
    3.7500000000E+00   -1.1937500000E+00    5.0000000000E-01    2.8884569357E+02
    3.8500000000E+00   -1.1937500000E+00    5.0000000000E-01    2.8884568566E+02
    3.9500000000E+00   -1.1937500000E+00    5.0000000000E-01    2.8884568006E+02
    4.0500000000E+00   -1.1937500000E+00    5.0000000000E-01    2.8884567671E+02
    4.1500000000E+00   -1.1937500000E+00    5.0000000000E-01    2.8884567555E+02
    4.2500000000E+00   -1.1937500000E+00    5.0000000000E-01    2.8884567658E+02
    4.3500000000E+00   -1.1937500000E+00    5.0000000000E-01    2.8884567976E+02
    4.4500000000E+00   -1.1937500000E+00    5.0000000000E-01    2.8884568513E+02
    4.5500000000E+00   -1.1937500000E+00    5.0000000000E-01    2.8884569272E+02
    4.6500000000E+00   -1.1937500000E+00    5.0000000000E-01    2.8884570257E+02
    4.7500000000E+00   -1.1937500000E+00    5.0000000000E-01    2.8884571476E+02
    4.8500000000E+00   -1.1937500000E+00    5.0000000000E-01    2.8884572939E+02
    4.9500000000E+00   -1.1937500000E+00    5.0000000000E-01    2.8884574656E+02
    5.0500000000E+00   -1.1937500000E+00    5.0000000000E-01    2.8884576639E+02
    5.1500000000E+00   -1.1937500000E+00    5.0000000000E-01    2.8884578903E+02
    5.2500000000E+00   -1.1937500000E+00    5.0000000000E-01    2.8884581464E+02
    5.3500000000E+00   -1.1937500000E+00    5.0000000000E-01    2.8884584339E+02
    5.4500000000E+00   -1.1937500000E+00    5.0000000000E-01    2.8884587546E+02
    5.5500000000E+00   -1.1937500000E+00    5.0000000000E-01    2.8884591105E+02
    5.6500000000E+00   -1.1937500000E+00    5.0000000000E-01    2.8884595037E+02
    5.7500000000E+00   -1.1937500000E+00    5.0000000000E-01    2.8884599364E+02
    5.8500000000E+00   -1.1937500000E+00    5.0000000000E-01    2.8884604110E+02
    5.9500000000E+00   -1.1937500000E+00    5.0000000000E-01    2.8884609296E+02
    6.0500000000E+00   -1.1937500000E+00    5.0000000000E-01    2.8884614948E+02
    6.1500000000E+00   -1.1937500000E+00    5.0000000000E-01    2.8884621091E+02
    6.2500000000E+00   -1.1937500000E+00    5.0000000000E-01    2.8884627748E+02
    6.3500000000E+00   -1.1937500000E+00    5.0000000000E-01    2.8884634945E+02
    6.4500000000E+00   -1.1937500000E+00    5.0000000000E-01    2.8884642707E+02
    6.5500000000E+00   -1.1937500000E+00    5.0000000000E-01    2.8884651059E+02
    6.6500000000E+00   -1.1937500000E+00    5.0000000000E-01    2.8884660025E+02
    6.7500000000E+00   -1.1937500000E+00    5.0000000000E-01    2.8884669629E+02
    6.8500000000E+00   -1.1937500000E+00    5.0000000000E-01    2.8884679894E+02
    6.9500000000E+00   -1.1937500000E+00    5.0000000000E-01    2.8884690843E+02
    7.0500000000E+00   -1.1937500000E+00    5.0000000000E-01    2.8884702497E+02
    7.1500000000E+00   -1.1937500000E+00    5.0000000000E-01    2.8884714878E+02
    7.2500000000E+00   -1.1937500000E+00    5.0000000000E-01    2.8884728006E+02
    7.3500000000E+00   -1.1937500000E+00    5.0000000000E-01    2.8884741902E+02
    7.4500000000E+00   -1.1937500000E+00    5.0000000000E-01    2.8884756586E+02
    7.5500000000E+00   -1.1937500000E+00    5.0000000000E-01    2.8884772084E+02
    7.6500000000E+00   -1.1937500000E+00    5.0000000000E-01    2.8884788428E+02
    7.7500000000E+00   -1.1937500000E+00    5.0000000000E-01    2.8884805677E+02
    7.8500000000E+00   -1.1937500000E+00    5.0000000000E-01    2.8884823972E+02
    7.9500000000E+00   -1.1937500000E+00    5.0000000000E-01    2.8884844102E+02
    5.0000000000E-02   -1.1812500000E+00    5.0000000000E-01    2.8884923362E+02
    1.5000000000E-01   -1.1812500000E+00    5.0000000000E-01    2.8884894535E+02
    2.5000000000E-01   -1.1812500000E+00    5.0000000000E-01    2.8884867680E+02
    3.5000000000E-01   -1.1812500000E+00    5.0000000000E-01    2.8884842230E+02
    4.5000000000E-01   -1.1812500000E+00    5.0000000000E-01    2.8884818061E+02
    5.5000000000E-01   -1.1812500000E+00    5.0000000000E-01    2.8884795118E+02
    6.5000000000E-01   -1.1812500000E+00    5.0000000000E-01    2.8884773366E+02
    7.5000000000E-01   -1.1812500000E+00    5.0000000000E-01    2.8884752776E+02
    8.5000000000E-01   -1.1812500000E+00    5.0000000000E-01    2.8884733318E+02
    9.5000000000E-01   -1.1812500000E+00    5.0000000000E-01    2.8884714966E+02
    1.0500000000E+00   -1.1812500000E+00    5.0000000000E-01    2.8884697688E+02
    1.1500000000E+00   -1.1812500000E+00    5.0000000000E-01    2.8884681455E+02
    1.2500000000E+00   -1.1812500000E+00    5.0000000000E-01    2.8884666234E+02
    1.3500000000E+00   -1.1812500000E+00    5.0000000000E-01    2.8884651992E+02
    1.4500000000E+00   -1.1812500000E+00    5.0000000000E-01    2.8884638694E+02
    1.5500000000E+00   -1.1812500000E+00    5.0000000000E-01    2.8884626304E+02
    1.6500000000E+00   -1.1812500000E+00    5.0000000000E-01    2.8884614784E+02
    1.7500000000E+00   -1.1812500000E+00    5.0000000000E-01    2.8884604099E+02
    1.8500000000E+00   -1.1812500000E+00    5.0000000000E-01    2.8884594209E+02
    1.9500000000E+00   -1.1812500000E+00    5.0000000000E-01    2.8884585078E+02
    2.0500000000E+00   -1.1812500000E+00    5.0000000000E-01    2.8884576666E+02
    2.1500000000E+00   -1.1812500000E+00    5.0000000000E-01    2.8884568937E+02
    2.2500000000E+00   -1.1812500000E+00    5.0000000000E-01    2.8884561853E+02
    2.3500000000E+00   -1.1812500000E+00    5.0000000000E-01    2.8884555377E+02
    2.4500000000E+00   -1.1812500000E+00    5.0000000000E-01    2.8884549475E+02
    2.5500000000E+00   -1.1812500000E+00    5.0000000000E-01    2.8884544112E+02
    2.6500000000E+00   -1.1812500000E+00    5.0000000000E-01    2.8884539253E+02
    2.7500000000E+00   -1.1812500000E+00    5.0000000000E-01    2.8884534868E+02
    2.8500000000E+00   -1.1812500000E+00    5.0000000000E-01    2.8884530926E+02
    2.9500000000E+00   -1.1812500000E+00    5.0000000000E-01    2.8884527398E+02
    3.0500000000E+00   -1.1812500000E+00    5.0000000000E-01    2.8884524257E+02
    3.1500000000E+00   -1.1812500000E+00    5.0000000000E-01    2.8884521477E+02
    3.2500000000E+00   -1.1812500000E+00    5.0000000000E-01    2.8884519035E+02
    3.3500000000E+00   -1.1812500000E+00    5.0000000000E-01    2.8884516910E+02
    3.4500000000E+00   -1.1812500000E+00    5.0000000000E-01    2.8884515083E+02
    3.5500000000E+00   -1.1812500000E+00    5.0000000000E-01    2.8884513535E+02
    3.6500000000E+00   -1.1812500000E+00    5.0000000000E-01    2.8884512253E+02
    3.7500000000E+00   -1.1812500000E+00    5.0000000000E-01    2.8884511221E+02
    3.8500000000E+00   -1.1812500000E+00    5.0000000000E-01    2.8884510430E+02
    3.9500000000E+00   -1.1812500000E+00    5.0000000000E-01    2.8884509870E+02
    4.0500000000E+00   -1.1812500000E+00    5.0000000000E-01    2.8884509535E+02
    4.1500000000E+00   -1.1812500000E+00    5.0000000000E-01    2.8884509420E+02
    4.2500000000E+00   -1.1812500000E+00    5.0000000000E-01    2.8884509522E+02
    4.3500000000E+00   -1.1812500000E+00    5.0000000000E-01    2.8884509841E+02
    4.4500000000E+00   -1.1812500000E+00    5.0000000000E-01    2.8884510377E+02
    4.5500000000E+00   -1.1812500000E+00    5.0000000000E-01    2.8884511135E+02
    4.6500000000E+00   -1.1812500000E+00    5.0000000000E-01    2.8884512120E+02
    4.7500000000E+00   -1.1812500000E+00    5.0000000000E-01    2.8884513339E+02
    4.8500000000E+00   -1.1812500000E+00    5.0000000000E-01    2.8884514801E+02
    4.9500000000E+00   -1.1812500000E+00    5.0000000000E-01    2.8884516516E+02
    5.0500000000E+00   -1.1812500000E+00    5.0000000000E-01    2.8884518498E+02
    5.1500000000E+00   -1.1812500000E+00    5.0000000000E-01    2.8884520761E+02
    5.2500000000E+00   -1.1812500000E+00    5.0000000000E-01    2.8884523321E+02
    5.3500000000E+00   -1.1812500000E+00    5.0000000000E-01    2.8884526193E+02
    5.4500000000E+00   -1.1812500000E+00    5.0000000000E-01    2.8884529398E+02
    5.5500000000E+00   -1.1812500000E+00    5.0000000000E-01    2.8884532955E+02
    5.6500000000E+00   -1.1812500000E+00    5.0000000000E-01    2.8884536885E+02
    5.7500000000E+00   -1.1812500000E+00    5.0000000000E-01    2.8884541209E+02
    5.8500000000E+00   -1.1812500000E+00    5.0000000000E-01    2.8884545951E+02
    5.9500000000E+00   -1.1812500000E+00    5.0000000000E-01    2.8884551134E+02
    6.0500000000E+00   -1.1812500000E+00    5.0000000000E-01    2.8884556783E+02
    6.1500000000E+00   -1.1812500000E+00    5.0000000000E-01    2.8884562921E+02
    6.2500000000E+00   -1.1812500000E+00    5.0000000000E-01    2.8884569573E+02
    6.3500000000E+00   -1.1812500000E+00    5.0000000000E-01    2.8884576765E+02
    6.4500000000E+00   -1.1812500000E+00    5.0000000000E-01    2.8884584522E+02
    6.5500000000E+00   -1.1812500000E+00    5.0000000000E-01    2.8884592867E+02
    6.6500000000E+00   -1.1812500000E+00    5.0000000000E-01    2.8884601827E+02
    6.7500000000E+00   -1.1812500000E+00    5.0000000000E-01    2.8884611423E+02
    6.8500000000E+00   -1.1812500000E+00    5.0000000000E-01    2.8884621680E+02
    6.9500000000E+00   -1.1812500000E+00    5.0000000000E-01    2.8884632621E+02
    7.0500000000E+00   -1.1812500000E+00    5.0000000000E-01    2.8884644266E+02
    7.1500000000E+00   -1.1812500000E+00    5.0000000000E-01    2.8884656637E+02
    7.2500000000E+00   -1.1812500000E+00    5.0000000000E-01    2.8884669755E+02
    7.3500000000E+00   -1.1812500000E+00    5.0000000000E-01    2.8884683639E+02
    7.4500000000E+00   -1.1812500000E+00    5.0000000000E-01    2.8884698311E+02
    7.5500000000E+00   -1.1812500000E+00    5.0000000000E-01    2.8884713796E+02
    7.6500000000E+00   -1.1812500000E+00    5.0000000000E-01    2.8884730127E+02
    7.7500000000E+00   -1.1812500000E+00    5.0000000000E-01    2.8884747359E+02
    7.8500000000E+00   -1.1812500000E+00    5.0000000000E-01    2.8884765628E+02
    7.9500000000E+00   -1.1812500000E+00    5.0000000000E-01    2.8884785603E+02
    5.0000000000E-02   -1.1687500000E+00    5.0000000000E-01    2.8884849903E+02
    1.5000000000E-01   -1.1687500000E+00    5.0000000000E-01    2.8884821241E+02
    2.5000000000E-01   -1.1687500000E+00    5.0000000000E-01    2.8884794430E+02
    3.5000000000E-01   -1.1687500000E+00    5.0000000000E-01    2.8884769009E+02
    4.5000000000E-01   -1.1687500000E+00    5.0000000000E-01    2.8884744866E+02
    5.5000000000E-01   -1.1687500000E+00    5.0000000000E-01    2.8884721948E+02
    6.5000000000E-01   -1.1687500000E+00    5.0000000000E-01    2.8884700219E+02
    7.5000000000E-01   -1.1687500000E+00    5.0000000000E-01    2.8884679649E+02
    8.5000000000E-01   -1.1687500000E+00    5.0000000000E-01    2.8884660211E+02
    9.5000000000E-01   -1.1687500000E+00    5.0000000000E-01    2.8884641877E+02
    1.0500000000E+00   -1.1687500000E+00    5.0000000000E-01    2.8884624617E+02
    1.1500000000E+00   -1.1687500000E+00    5.0000000000E-01    2.8884608400E+02
    1.2500000000E+00   -1.1687500000E+00    5.0000000000E-01    2.8884593194E+02
    1.3500000000E+00   -1.1687500000E+00    5.0000000000E-01    2.8884578966E+02
    1.4500000000E+00   -1.1687500000E+00    5.0000000000E-01    2.8884565681E+02
    1.5500000000E+00   -1.1687500000E+00    5.0000000000E-01    2.8884553302E+02
    1.6500000000E+00   -1.1687500000E+00    5.0000000000E-01    2.8884541794E+02
    1.7500000000E+00   -1.1687500000E+00    5.0000000000E-01    2.8884531118E+02
    1.8500000000E+00   -1.1687500000E+00    5.0000000000E-01    2.8884521238E+02
    1.9500000000E+00   -1.1687500000E+00    5.0000000000E-01    2.8884512115E+02
    2.0500000000E+00   -1.1687500000E+00    5.0000000000E-01    2.8884503711E+02
    2.1500000000E+00   -1.1687500000E+00    5.0000000000E-01    2.8884495989E+02
    2.2500000000E+00   -1.1687500000E+00    5.0000000000E-01    2.8884488911E+02
    2.3500000000E+00   -1.1687500000E+00    5.0000000000E-01    2.8884482441E+02
    2.4500000000E+00   -1.1687500000E+00    5.0000000000E-01    2.8884476544E+02
    2.5500000000E+00   -1.1687500000E+00    5.0000000000E-01    2.8884471185E+02
    2.6500000000E+00   -1.1687500000E+00    5.0000000000E-01    2.8884466331E+02
    2.7500000000E+00   -1.1687500000E+00    5.0000000000E-01    2.8884461950E+02
    2.8500000000E+00   -1.1687500000E+00    5.0000000000E-01    2.8884458011E+02
    2.9500000000E+00   -1.1687500000E+00    5.0000000000E-01    2.8884454486E+02
    3.0500000000E+00   -1.1687500000E+00    5.0000000000E-01    2.8884451347E+02
    3.1500000000E+00   -1.1687500000E+00    5.0000000000E-01    2.8884448569E+02
    3.2500000000E+00   -1.1687500000E+00    5.0000000000E-01    2.8884446130E+02
    3.3500000000E+00   -1.1687500000E+00    5.0000000000E-01    2.8884444006E+02
    3.4500000000E+00   -1.1687500000E+00    5.0000000000E-01    2.8884442180E+02
    3.5500000000E+00   -1.1687500000E+00    5.0000000000E-01    2.8884440634E+02
    3.6500000000E+00   -1.1687500000E+00    5.0000000000E-01    2.8884439352E+02
    3.7500000000E+00   -1.1687500000E+00    5.0000000000E-01    2.8884438321E+02
    3.8500000000E+00   -1.1687500000E+00    5.0000000000E-01    2.8884437531E+02
    3.9500000000E+00   -1.1687500000E+00    5.0000000000E-01    2.8884436971E+02
    4.0500000000E+00   -1.1687500000E+00    5.0000000000E-01    2.8884436637E+02
    4.1500000000E+00   -1.1687500000E+00    5.0000000000E-01    2.8884436522E+02
    4.2500000000E+00   -1.1687500000E+00    5.0000000000E-01    2.8884436623E+02
    4.3500000000E+00   -1.1687500000E+00    5.0000000000E-01    2.8884436942E+02
    4.4500000000E+00   -1.1687500000E+00    5.0000000000E-01    2.8884437478E+02
    4.5500000000E+00   -1.1687500000E+00    5.0000000000E-01    2.8884438235E+02
    4.6500000000E+00   -1.1687500000E+00    5.0000000000E-01    2.8884439219E+02
    4.7500000000E+00   -1.1687500000E+00    5.0000000000E-01    2.8884440437E+02
    4.8500000000E+00   -1.1687500000E+00    5.0000000000E-01    2.8884441897E+02
    4.9500000000E+00   -1.1687500000E+00    5.0000000000E-01    2.8884443612E+02
    5.0500000000E+00   -1.1687500000E+00    5.0000000000E-01    2.8884445592E+02
    5.1500000000E+00   -1.1687500000E+00    5.0000000000E-01    2.8884447853E+02
    5.2500000000E+00   -1.1687500000E+00    5.0000000000E-01    2.8884450410E+02
    5.3500000000E+00   -1.1687500000E+00    5.0000000000E-01    2.8884453281E+02
    5.4500000000E+00   -1.1687500000E+00    5.0000000000E-01    2.8884456483E+02
    5.5500000000E+00   -1.1687500000E+00    5.0000000000E-01    2.8884460037E+02
    5.6500000000E+00   -1.1687500000E+00    5.0000000000E-01    2.8884463963E+02
    5.7500000000E+00   -1.1687500000E+00    5.0000000000E-01    2.8884468283E+02
    5.8500000000E+00   -1.1687500000E+00    5.0000000000E-01    2.8884473021E+02
    5.9500000000E+00   -1.1687500000E+00    5.0000000000E-01    2.8884478199E+02
    6.0500000000E+00   -1.1687500000E+00    5.0000000000E-01    2.8884483843E+02
    6.1500000000E+00   -1.1687500000E+00    5.0000000000E-01    2.8884489975E+02
    6.2500000000E+00   -1.1687500000E+00    5.0000000000E-01    2.8884496621E+02
    6.3500000000E+00   -1.1687500000E+00    5.0000000000E-01    2.8884503806E+02
    6.4500000000E+00   -1.1687500000E+00    5.0000000000E-01    2.8884511556E+02
    6.5500000000E+00   -1.1687500000E+00    5.0000000000E-01    2.8884519893E+02
    6.6500000000E+00   -1.1687500000E+00    5.0000000000E-01    2.8884528844E+02
    6.7500000000E+00   -1.1687500000E+00    5.0000000000E-01    2.8884538431E+02
    6.8500000000E+00   -1.1687500000E+00    5.0000000000E-01    2.8884548678E+02
    6.9500000000E+00   -1.1687500000E+00    5.0000000000E-01    2.8884559608E+02
    7.0500000000E+00   -1.1687500000E+00    5.0000000000E-01    2.8884571241E+02
    7.1500000000E+00   -1.1687500000E+00    5.0000000000E-01    2.8884583600E+02
    7.2500000000E+00   -1.1687500000E+00    5.0000000000E-01    2.8884596704E+02
    7.3500000000E+00   -1.1687500000E+00    5.0000000000E-01    2.8884610574E+02
    7.4500000000E+00   -1.1687500000E+00    5.0000000000E-01    2.8884625231E+02
    7.5500000000E+00   -1.1687500000E+00    5.0000000000E-01    2.8884640699E+02
    7.6500000000E+00   -1.1687500000E+00    5.0000000000E-01    2.8884657011E+02
    7.7500000000E+00   -1.1687500000E+00    5.0000000000E-01    2.8884674222E+02
    7.8500000000E+00   -1.1687500000E+00    5.0000000000E-01    2.8884692453E+02
    7.9500000000E+00   -1.1687500000E+00    5.0000000000E-01    2.8884712232E+02
    5.0000000000E-02   -1.1562500000E+00    5.0000000000E-01    2.8884759772E+02
    1.5000000000E-01   -1.1562500000E+00    5.0000000000E-01    2.8884731282E+02
    2.5000000000E-01   -1.1562500000E+00    5.0000000000E-01    2.8884704527E+02
    3.5000000000E-01   -1.1562500000E+00    5.0000000000E-01    2.8884679143E+02
    4.5000000000E-01   -1.1562500000E+00    5.0000000000E-01    2.8884655033E+02
    5.5000000000E-01   -1.1562500000E+00    5.0000000000E-01    2.8884632145E+02
    6.5000000000E-01   -1.1562500000E+00    5.0000000000E-01    2.8884610444E+02
    7.5000000000E-01   -1.1562500000E+00    5.0000000000E-01    2.8884589900E+02
    8.5000000000E-01   -1.1562500000E+00    5.0000000000E-01    2.8884570487E+02
    9.5000000000E-01   -1.1562500000E+00    5.0000000000E-01    2.8884552176E+02
    1.0500000000E+00   -1.1562500000E+00    5.0000000000E-01    2.8884534937E+02
    1.1500000000E+00   -1.1562500000E+00    5.0000000000E-01    2.8884518740E+02
    1.2500000000E+00   -1.1562500000E+00    5.0000000000E-01    2.8884503553E+02
    1.3500000000E+00   -1.1562500000E+00    5.0000000000E-01    2.8884489342E+02
    1.4500000000E+00   -1.1562500000E+00    5.0000000000E-01    2.8884476073E+02
    1.5500000000E+00   -1.1562500000E+00    5.0000000000E-01    2.8884463709E+02
    1.6500000000E+00   -1.1562500000E+00    5.0000000000E-01    2.8884452215E+02
    1.7500000000E+00   -1.1562500000E+00    5.0000000000E-01    2.8884441552E+02
    1.8500000000E+00   -1.1562500000E+00    5.0000000000E-01    2.8884431683E+02
    1.9500000000E+00   -1.1562500000E+00    5.0000000000E-01    2.8884422571E+02
    2.0500000000E+00   -1.1562500000E+00    5.0000000000E-01    2.8884414176E+02
    2.1500000000E+00   -1.1562500000E+00    5.0000000000E-01    2.8884406463E+02
    2.2500000000E+00   -1.1562500000E+00    5.0000000000E-01    2.8884399393E+02
    2.3500000000E+00   -1.1562500000E+00    5.0000000000E-01    2.8884392931E+02
    2.4500000000E+00   -1.1562500000E+00    5.0000000000E-01    2.8884387041E+02
    2.5500000000E+00   -1.1562500000E+00    5.0000000000E-01    2.8884381688E+02
    2.6500000000E+00   -1.1562500000E+00    5.0000000000E-01    2.8884376839E+02
    2.7500000000E+00   -1.1562500000E+00    5.0000000000E-01    2.8884372462E+02
    2.8500000000E+00   -1.1562500000E+00    5.0000000000E-01    2.8884368528E+02
    2.9500000000E+00   -1.1562500000E+00    5.0000000000E-01    2.8884365006E+02
    3.0500000000E+00   -1.1562500000E+00    5.0000000000E-01    2.8884361870E+02
    3.1500000000E+00   -1.1562500000E+00    5.0000000000E-01    2.8884359096E+02
    3.2500000000E+00   -1.1562500000E+00    5.0000000000E-01    2.8884356659E+02
    3.3500000000E+00   -1.1562500000E+00    5.0000000000E-01    2.8884354538E+02
    3.4500000000E+00   -1.1562500000E+00    5.0000000000E-01    2.8884352713E+02
    3.5500000000E+00   -1.1562500000E+00    5.0000000000E-01    2.8884351169E+02
    3.6500000000E+00   -1.1562500000E+00    5.0000000000E-01    2.8884349888E+02
    3.7500000000E+00   -1.1562500000E+00    5.0000000000E-01    2.8884348858E+02
    3.8500000000E+00   -1.1562500000E+00    5.0000000000E-01    2.8884348068E+02
    3.9500000000E+00   -1.1562500000E+00    5.0000000000E-01    2.8884347510E+02
    4.0500000000E+00   -1.1562500000E+00    5.0000000000E-01    2.8884347175E+02
    4.1500000000E+00   -1.1562500000E+00    5.0000000000E-01    2.8884347060E+02
    4.2500000000E+00   -1.1562500000E+00    5.0000000000E-01    2.8884347162E+02
    4.3500000000E+00   -1.1562500000E+00    5.0000000000E-01    2.8884347480E+02
    4.4500000000E+00   -1.1562500000E+00    5.0000000000E-01    2.8884348015E+02
    4.5500000000E+00   -1.1562500000E+00    5.0000000000E-01    2.8884348772E+02
    4.6500000000E+00   -1.1562500000E+00    5.0000000000E-01    2.8884349755E+02
    4.7500000000E+00   -1.1562500000E+00    5.0000000000E-01    2.8884350971E+02
    4.8500000000E+00   -1.1562500000E+00    5.0000000000E-01    2.8884352430E+02
    4.9500000000E+00   -1.1562500000E+00    5.0000000000E-01    2.8884354143E+02
    5.0500000000E+00   -1.1562500000E+00    5.0000000000E-01    2.8884356121E+02
    5.1500000000E+00   -1.1562500000E+00    5.0000000000E-01    2.8884358379E+02
    5.2500000000E+00   -1.1562500000E+00    5.0000000000E-01    2.8884360934E+02
    5.3500000000E+00   -1.1562500000E+00    5.0000000000E-01    2.8884363801E+02
    5.4500000000E+00   -1.1562500000E+00    5.0000000000E-01    2.8884367000E+02
    5.5500000000E+00   -1.1562500000E+00    5.0000000000E-01    2.8884370549E+02
    5.6500000000E+00   -1.1562500000E+00    5.0000000000E-01    2.8884374471E+02
    5.7500000000E+00   -1.1562500000E+00    5.0000000000E-01    2.8884378787E+02
    5.8500000000E+00   -1.1562500000E+00    5.0000000000E-01    2.8884383519E+02
    5.9500000000E+00   -1.1562500000E+00    5.0000000000E-01    2.8884388692E+02
    6.0500000000E+00   -1.1562500000E+00    5.0000000000E-01    2.8884394328E+02
    6.1500000000E+00   -1.1562500000E+00    5.0000000000E-01    2.8884400453E+02
    6.2500000000E+00   -1.1562500000E+00    5.0000000000E-01    2.8884407092E+02
    6.3500000000E+00   -1.1562500000E+00    5.0000000000E-01    2.8884414268E+02
    6.4500000000E+00   -1.1562500000E+00    5.0000000000E-01    2.8884422008E+02
    6.5500000000E+00   -1.1562500000E+00    5.0000000000E-01    2.8884430336E+02
    6.6500000000E+00   -1.1562500000E+00    5.0000000000E-01    2.8884439276E+02
    6.7500000000E+00   -1.1562500000E+00    5.0000000000E-01    2.8884448851E+02
    6.8500000000E+00   -1.1562500000E+00    5.0000000000E-01    2.8884459086E+02
    6.9500000000E+00   -1.1562500000E+00    5.0000000000E-01    2.8884470002E+02
    7.0500000000E+00   -1.1562500000E+00    5.0000000000E-01    2.8884481621E+02
    7.1500000000E+00   -1.1562500000E+00    5.0000000000E-01    2.8884493964E+02
    7.2500000000E+00   -1.1562500000E+00    5.0000000000E-01    2.8884507051E+02
    7.3500000000E+00   -1.1562500000E+00    5.0000000000E-01    2.8884520904E+02
    7.4500000000E+00   -1.1562500000E+00    5.0000000000E-01    2.8884535542E+02
    7.5500000000E+00   -1.1562500000E+00    5.0000000000E-01    2.8884550989E+02
    7.6500000000E+00   -1.1562500000E+00    5.0000000000E-01    2.8884567278E+02
    7.7500000000E+00   -1.1562500000E+00    5.0000000000E-01    2.8884584461E+02
    7.8500000000E+00   -1.1562500000E+00    5.0000000000E-01    2.8884602645E+02
    7.9500000000E+00   -1.1562500000E+00    5.0000000000E-01    2.8884622231E+02
    5.0000000000E-02   -1.1437500000E+00    5.0000000000E-01    2.8884652241E+02
    1.5000000000E-01   -1.1437500000E+00    5.0000000000E-01    2.8884623918E+02
    2.5000000000E-01   -1.1437500000E+00    5.0000000000E-01    2.8884597227E+02
    3.5000000000E-01   -1.1437500000E+00    5.0000000000E-01    2.8884571890E+02
    4.5000000000E-01   -1.1437500000E+00    5.0000000000E-01    2.8884547818E+02
    5.5000000000E-01   -1.1437500000E+00    5.0000000000E-01    2.8884524966E+02
    6.5000000000E-01   -1.1437500000E+00    5.0000000000E-01    2.8884503298E+02
    7.5000000000E-01   -1.1437500000E+00    5.0000000000E-01    2.8884482786E+02
    8.5000000000E-01   -1.1437500000E+00    5.0000000000E-01    2.8884463403E+02
    9.5000000000E-01   -1.1437500000E+00    5.0000000000E-01    2.8884445119E+02
    1.0500000000E+00   -1.1437500000E+00    5.0000000000E-01    2.8884427906E+02
    1.1500000000E+00   -1.1437500000E+00    5.0000000000E-01    2.8884411733E+02
    1.2500000000E+00   -1.1437500000E+00    5.0000000000E-01    2.8884396568E+02
    1.3500000000E+00   -1.1437500000E+00    5.0000000000E-01    2.8884382379E+02
    1.4500000000E+00   -1.1437500000E+00    5.0000000000E-01    2.8884369129E+02
    1.5500000000E+00   -1.1437500000E+00    5.0000000000E-01    2.8884356783E+02
    1.6500000000E+00   -1.1437500000E+00    5.0000000000E-01    2.8884345305E+02
    1.7500000000E+00   -1.1437500000E+00    5.0000000000E-01    2.8884334658E+02
    1.8500000000E+00   -1.1437500000E+00    5.0000000000E-01    2.8884324803E+02
    1.9500000000E+00   -1.1437500000E+00    5.0000000000E-01    2.8884315704E+02
    2.0500000000E+00   -1.1437500000E+00    5.0000000000E-01    2.8884307321E+02
    2.1500000000E+00   -1.1437500000E+00    5.0000000000E-01    2.8884299619E+02
    2.2500000000E+00   -1.1437500000E+00    5.0000000000E-01    2.8884292559E+02
    2.3500000000E+00   -1.1437500000E+00    5.0000000000E-01    2.8884286106E+02
    2.4500000000E+00   -1.1437500000E+00    5.0000000000E-01    2.8884280223E+02
    2.5500000000E+00   -1.1437500000E+00    5.0000000000E-01    2.8884274878E+02
    2.6500000000E+00   -1.1437500000E+00    5.0000000000E-01    2.8884270035E+02
    2.7500000000E+00   -1.1437500000E+00    5.0000000000E-01    2.8884265665E+02
    2.8500000000E+00   -1.1437500000E+00    5.0000000000E-01    2.8884261735E+02
    2.9500000000E+00   -1.1437500000E+00    5.0000000000E-01    2.8884258218E+02
    3.0500000000E+00   -1.1437500000E+00    5.0000000000E-01    2.8884255087E+02
    3.1500000000E+00   -1.1437500000E+00    5.0000000000E-01    2.8884252316E+02
    3.2500000000E+00   -1.1437500000E+00    5.0000000000E-01    2.8884249882E+02
    3.3500000000E+00   -1.1437500000E+00    5.0000000000E-01    2.8884247763E+02
    3.4500000000E+00   -1.1437500000E+00    5.0000000000E-01    2.8884245942E+02
    3.5500000000E+00   -1.1437500000E+00    5.0000000000E-01    2.8884244399E+02
    3.6500000000E+00   -1.1437500000E+00    5.0000000000E-01    2.8884243120E+02
    3.7500000000E+00   -1.1437500000E+00    5.0000000000E-01    2.8884242091E+02
    3.8500000000E+00   -1.1437500000E+00    5.0000000000E-01    2.8884241302E+02
    3.9500000000E+00   -1.1437500000E+00    5.0000000000E-01    2.8884240744E+02
    4.0500000000E+00   -1.1437500000E+00    5.0000000000E-01    2.8884240410E+02
    4.1500000000E+00   -1.1437500000E+00    5.0000000000E-01    2.8884240295E+02
    4.2500000000E+00   -1.1437500000E+00    5.0000000000E-01    2.8884240397E+02
    4.3500000000E+00   -1.1437500000E+00    5.0000000000E-01    2.8884240714E+02
    4.4500000000E+00   -1.1437500000E+00    5.0000000000E-01    2.8884241249E+02
    4.5500000000E+00   -1.1437500000E+00    5.0000000000E-01    2.8884242005E+02
    4.6500000000E+00   -1.1437500000E+00    5.0000000000E-01    2.8884242986E+02
    4.7500000000E+00   -1.1437500000E+00    5.0000000000E-01    2.8884244201E+02
    4.8500000000E+00   -1.1437500000E+00    5.0000000000E-01    2.8884245658E+02
    4.9500000000E+00   -1.1437500000E+00    5.0000000000E-01    2.8884247368E+02
    5.0500000000E+00   -1.1437500000E+00    5.0000000000E-01    2.8884249344E+02
    5.1500000000E+00   -1.1437500000E+00    5.0000000000E-01    2.8884251599E+02
    5.2500000000E+00   -1.1437500000E+00    5.0000000000E-01    2.8884254150E+02
    5.3500000000E+00   -1.1437500000E+00    5.0000000000E-01    2.8884257014E+02
    5.4500000000E+00   -1.1437500000E+00    5.0000000000E-01    2.8884260208E+02
    5.5500000000E+00   -1.1437500000E+00    5.0000000000E-01    2.8884263753E+02
    5.6500000000E+00   -1.1437500000E+00    5.0000000000E-01    2.8884267669E+02
    5.7500000000E+00   -1.1437500000E+00    5.0000000000E-01    2.8884271979E+02
    5.8500000000E+00   -1.1437500000E+00    5.0000000000E-01    2.8884276705E+02
    5.9500000000E+00   -1.1437500000E+00    5.0000000000E-01    2.8884281870E+02
    6.0500000000E+00   -1.1437500000E+00    5.0000000000E-01    2.8884287498E+02
    6.1500000000E+00   -1.1437500000E+00    5.0000000000E-01    2.8884293615E+02
    6.2500000000E+00   -1.1437500000E+00    5.0000000000E-01    2.8884300243E+02
    6.3500000000E+00   -1.1437500000E+00    5.0000000000E-01    2.8884307410E+02
    6.4500000000E+00   -1.1437500000E+00    5.0000000000E-01    2.8884315139E+02
    6.5500000000E+00   -1.1437500000E+00    5.0000000000E-01    2.8884323454E+02
    6.6500000000E+00   -1.1437500000E+00    5.0000000000E-01    2.8884332381E+02
    6.7500000000E+00   -1.1437500000E+00    5.0000000000E-01    2.8884341942E+02
    6.8500000000E+00   -1.1437500000E+00    5.0000000000E-01    2.8884352161E+02
    6.9500000000E+00   -1.1437500000E+00    5.0000000000E-01    2.8884363061E+02
    7.0500000000E+00   -1.1437500000E+00    5.0000000000E-01    2.8884374663E+02
    7.1500000000E+00   -1.1437500000E+00    5.0000000000E-01    2.8884386987E+02
    7.2500000000E+00   -1.1437500000E+00    5.0000000000E-01    2.8884400055E+02
    7.3500000000E+00   -1.1437500000E+00    5.0000000000E-01    2.8884413886E+02
    7.4500000000E+00   -1.1437500000E+00    5.0000000000E-01    2.8884428501E+02
    7.5500000000E+00   -1.1437500000E+00    5.0000000000E-01    2.8884443924E+02
    7.6500000000E+00   -1.1437500000E+00    5.0000000000E-01    2.8884460185E+02
    7.7500000000E+00   -1.1437500000E+00    5.0000000000E-01    2.8884477333E+02
    7.8500000000E+00   -1.1437500000E+00    5.0000000000E-01    2.8884495462E+02
    7.9500000000E+00   -1.1437500000E+00    5.0000000000E-01    2.8884514871E+02
    5.0000000000E-02   -1.1312500000E+00    5.0000000000E-01    2.8884527057E+02
    1.5000000000E-01   -1.1312500000E+00    5.0000000000E-01    2.8884498891E+02
    2.5000000000E-01   -1.1312500000E+00    5.0000000000E-01    2.8884472275E+02
    3.5000000000E-01   -1.1312500000E+00    5.0000000000E-01    2.8884446990E+02
    4.5000000000E-01   -1.1312500000E+00    5.0000000000E-01    2.8884422965E+02
    5.5000000000E-01   -1.1312500000E+00    5.0000000000E-01    2.8884400154E+02
    6.5000000000E-01   -1.1312500000E+00    5.0000000000E-01    2.8884378526E+02
    7.5000000000E-01   -1.1312500000E+00    5.0000000000E-01    2.8884358050E+02
    8.5000000000E-01   -1.1312500000E+00    5.0000000000E-01    2.8884338701E+02
    9.5000000000E-01   -1.1312500000E+00    5.0000000000E-01    2.8884320449E+02
    1.0500000000E+00   -1.1312500000E+00    5.0000000000E-01    2.8884303267E+02
    1.1500000000E+00   -1.1312500000E+00    5.0000000000E-01    2.8884287122E+02
    1.2500000000E+00   -1.1312500000E+00    5.0000000000E-01    2.8884271984E+02
    1.3500000000E+00   -1.1312500000E+00    5.0000000000E-01    2.8884257819E+02
    1.4500000000E+00   -1.1312500000E+00    5.0000000000E-01    2.8884244592E+02
    1.5500000000E+00   -1.1312500000E+00    5.0000000000E-01    2.8884232267E+02
    1.6500000000E+00   -1.1312500000E+00    5.0000000000E-01    2.8884220809E+02
    1.7500000000E+00   -1.1312500000E+00    5.0000000000E-01    2.8884210180E+02
    1.8500000000E+00   -1.1312500000E+00    5.0000000000E-01    2.8884200342E+02
    1.9500000000E+00   -1.1312500000E+00    5.0000000000E-01    2.8884191257E+02
    2.0500000000E+00   -1.1312500000E+00    5.0000000000E-01    2.8884182889E+02
    2.1500000000E+00   -1.1312500000E+00    5.0000000000E-01    2.8884175199E+02
    2.2500000000E+00   -1.1312500000E+00    5.0000000000E-01    2.8884168151E+02
    2.3500000000E+00   -1.1312500000E+00    5.0000000000E-01    2.8884161709E+02
    2.4500000000E+00   -1.1312500000E+00    5.0000000000E-01    2.8884155836E+02
    2.5500000000E+00   -1.1312500000E+00    5.0000000000E-01    2.8884150499E+02
    2.6500000000E+00   -1.1312500000E+00    5.0000000000E-01    2.8884145664E+02
    2.7500000000E+00   -1.1312500000E+00    5.0000000000E-01    2.8884141301E+02
    2.8500000000E+00   -1.1312500000E+00    5.0000000000E-01    2.8884137377E+02
    2.9500000000E+00   -1.1312500000E+00    5.0000000000E-01    2.8884133866E+02
    3.0500000000E+00   -1.1312500000E+00    5.0000000000E-01    2.8884130740E+02
    3.1500000000E+00   -1.1312500000E+00    5.0000000000E-01    2.8884127973E+02
    3.2500000000E+00   -1.1312500000E+00    5.0000000000E-01    2.8884125543E+02
    3.3500000000E+00   -1.1312500000E+00    5.0000000000E-01    2.8884123428E+02
    3.4500000000E+00   -1.1312500000E+00    5.0000000000E-01    2.8884121608E+02
    3.5500000000E+00   -1.1312500000E+00    5.0000000000E-01    2.8884120068E+02
    3.6500000000E+00   -1.1312500000E+00    5.0000000000E-01    2.8884118791E+02
    3.7500000000E+00   -1.1312500000E+00    5.0000000000E-01    2.8884117764E+02
    3.8500000000E+00   -1.1312500000E+00    5.0000000000E-01    2.8884116976E+02
    3.9500000000E+00   -1.1312500000E+00    5.0000000000E-01    2.8884116419E+02
    4.0500000000E+00   -1.1312500000E+00    5.0000000000E-01    2.8884116085E+02
    4.1500000000E+00   -1.1312500000E+00    5.0000000000E-01    2.8884115971E+02
    4.2500000000E+00   -1.1312500000E+00    5.0000000000E-01    2.8884116072E+02
    4.3500000000E+00   -1.1312500000E+00    5.0000000000E-01    2.8884116389E+02
    4.4500000000E+00   -1.1312500000E+00    5.0000000000E-01    2.8884116923E+02
    4.5500000000E+00   -1.1312500000E+00    5.0000000000E-01    2.8884117677E+02
    4.6500000000E+00   -1.1312500000E+00    5.0000000000E-01    2.8884118657E+02
    4.7500000000E+00   -1.1312500000E+00    5.0000000000E-01    2.8884119870E+02
    4.8500000000E+00   -1.1312500000E+00    5.0000000000E-01    2.8884121325E+02
    4.9500000000E+00   -1.1312500000E+00    5.0000000000E-01    2.8884123032E+02
    5.0500000000E+00   -1.1312500000E+00    5.0000000000E-01    2.8884125005E+02
    5.1500000000E+00   -1.1312500000E+00    5.0000000000E-01    2.8884127257E+02
    5.2500000000E+00   -1.1312500000E+00    5.0000000000E-01    2.8884129803E+02
    5.3500000000E+00   -1.1312500000E+00    5.0000000000E-01    2.8884132662E+02
    5.4500000000E+00   -1.1312500000E+00    5.0000000000E-01    2.8884135851E+02
    5.5500000000E+00   -1.1312500000E+00    5.0000000000E-01    2.8884139390E+02
    5.6500000000E+00   -1.1312500000E+00    5.0000000000E-01    2.8884143300E+02
    5.7500000000E+00   -1.1312500000E+00    5.0000000000E-01    2.8884147603E+02
    5.8500000000E+00   -1.1312500000E+00    5.0000000000E-01    2.8884152321E+02
    5.9500000000E+00   -1.1312500000E+00    5.0000000000E-01    2.8884157477E+02
    6.0500000000E+00   -1.1312500000E+00    5.0000000000E-01    2.8884163096E+02
    6.1500000000E+00   -1.1312500000E+00    5.0000000000E-01    2.8884169202E+02
    6.2500000000E+00   -1.1312500000E+00    5.0000000000E-01    2.8884175820E+02
    6.3500000000E+00   -1.1312500000E+00    5.0000000000E-01    2.8884182974E+02
    6.4500000000E+00   -1.1312500000E+00    5.0000000000E-01    2.8884190690E+02
    6.5500000000E+00   -1.1312500000E+00    5.0000000000E-01    2.8884198991E+02
    6.6500000000E+00   -1.1312500000E+00    5.0000000000E-01    2.8884207902E+02
    6.7500000000E+00   -1.1312500000E+00    5.0000000000E-01    2.8884217447E+02
    6.8500000000E+00   -1.1312500000E+00    5.0000000000E-01    2.8884227648E+02
    6.9500000000E+00   -1.1312500000E+00    5.0000000000E-01    2.8884238529E+02
    7.0500000000E+00   -1.1312500000E+00    5.0000000000E-01    2.8884250110E+02
    7.1500000000E+00   -1.1312500000E+00    5.0000000000E-01    2.8884262413E+02
    7.2500000000E+00   -1.1312500000E+00    5.0000000000E-01    2.8884275457E+02
    7.3500000000E+00   -1.1312500000E+00    5.0000000000E-01    2.8884289263E+02
    7.4500000000E+00   -1.1312500000E+00    5.0000000000E-01    2.8884303851E+02
    7.5500000000E+00   -1.1312500000E+00    5.0000000000E-01    2.8884319245E+02
    7.6500000000E+00   -1.1312500000E+00    5.0000000000E-01    2.8884335474E+02
    7.7500000000E+00   -1.1312500000E+00    5.0000000000E-01    2.8884352583E+02
    7.8500000000E+00   -1.1312500000E+00    5.0000000000E-01    2.8884370649E+02
    7.9500000000E+00   -1.1312500000E+00    5.0000000000E-01    2.8884389899E+02
    5.0000000000E-02   -1.1187500000E+00    5.0000000000E-01    2.8884384160E+02
    1.5000000000E-01   -1.1187500000E+00    5.0000000000E-01    2.8884356144E+02
    2.5000000000E-01   -1.1187500000E+00    5.0000000000E-01    2.8884329608E+02
    3.5000000000E-01   -1.1187500000E+00    5.0000000000E-01    2.8884304384E+02
    4.5000000000E-01   -1.1187500000E+00    5.0000000000E-01    2.8884280411E+02
    5.5000000000E-01   -1.1187500000E+00    5.0000000000E-01    2.8884257649E+02
    6.5000000000E-01   -1.1187500000E+00    5.0000000000E-01    2.8884236065E+02
    7.5000000000E-01   -1.1187500000E+00    5.0000000000E-01    2.8884215632E+02
    8.5000000000E-01   -1.1187500000E+00    5.0000000000E-01    2.8884196322E+02
    9.5000000000E-01   -1.1187500000E+00    5.0000000000E-01    2.8884178107E+02
    1.0500000000E+00   -1.1187500000E+00    5.0000000000E-01    2.8884160959E+02
    1.1500000000E+00   -1.1187500000E+00    5.0000000000E-01    2.8884144847E+02
    1.2500000000E+00   -1.1187500000E+00    5.0000000000E-01    2.8884129739E+02
    1.3500000000E+00   -1.1187500000E+00    5.0000000000E-01    2.8884115602E+02
    1.4500000000E+00   -1.1187500000E+00    5.0000000000E-01    2.8884102401E+02
    1.5500000000E+00   -1.1187500000E+00    5.0000000000E-01    2.8884090101E+02
    1.6500000000E+00   -1.1187500000E+00    5.0000000000E-01    2.8884078665E+02
    1.7500000000E+00   -1.1187500000E+00    5.0000000000E-01    2.8884068057E+02
    1.8500000000E+00   -1.1187500000E+00    5.0000000000E-01    2.8884058238E+02
    1.9500000000E+00   -1.1187500000E+00    5.0000000000E-01    2.8884049171E+02
    2.0500000000E+00   -1.1187500000E+00    5.0000000000E-01    2.8884040819E+02
    2.1500000000E+00   -1.1187500000E+00    5.0000000000E-01    2.8884033144E+02
    2.2500000000E+00   -1.1187500000E+00    5.0000000000E-01    2.8884026110E+02
    2.3500000000E+00   -1.1187500000E+00    5.0000000000E-01    2.8884019679E+02
    2.4500000000E+00   -1.1187500000E+00    5.0000000000E-01    2.8884013818E+02
    2.5500000000E+00   -1.1187500000E+00    5.0000000000E-01    2.8884008491E+02
    2.6500000000E+00   -1.1187500000E+00    5.0000000000E-01    2.8884003665E+02
    2.7500000000E+00   -1.1187500000E+00    5.0000000000E-01    2.8883999310E+02
    2.8500000000E+00   -1.1187500000E+00    5.0000000000E-01    2.8883995394E+02
    2.9500000000E+00   -1.1187500000E+00    5.0000000000E-01    2.8883991889E+02
    3.0500000000E+00   -1.1187500000E+00    5.0000000000E-01    2.8883988768E+02
    3.1500000000E+00   -1.1187500000E+00    5.0000000000E-01    2.8883986006E+02
    3.2500000000E+00   -1.1187500000E+00    5.0000000000E-01    2.8883983581E+02
    3.3500000000E+00   -1.1187500000E+00    5.0000000000E-01    2.8883981469E+02
    3.4500000000E+00   -1.1187500000E+00    5.0000000000E-01    2.8883979654E+02
    3.5500000000E+00   -1.1187500000E+00    5.0000000000E-01    2.8883978116E+02
    3.6500000000E+00   -1.1187500000E+00    5.0000000000E-01    2.8883976841E+02
    3.7500000000E+00   -1.1187500000E+00    5.0000000000E-01    2.8883975816E+02
    3.8500000000E+00   -1.1187500000E+00    5.0000000000E-01    2.8883975030E+02
    3.9500000000E+00   -1.1187500000E+00    5.0000000000E-01    2.8883974473E+02
    4.0500000000E+00   -1.1187500000E+00    5.0000000000E-01    2.8883974140E+02
    4.1500000000E+00   -1.1187500000E+00    5.0000000000E-01    2.8883974026E+02
    4.2500000000E+00   -1.1187500000E+00    5.0000000000E-01    2.8883974127E+02
    4.3500000000E+00   -1.1187500000E+00    5.0000000000E-01    2.8883974443E+02
    4.4500000000E+00   -1.1187500000E+00    5.0000000000E-01    2.8883974976E+02
    4.5500000000E+00   -1.1187500000E+00    5.0000000000E-01    2.8883975729E+02
    4.6500000000E+00   -1.1187500000E+00    5.0000000000E-01    2.8883976707E+02
    4.7500000000E+00   -1.1187500000E+00    5.0000000000E-01    2.8883977918E+02
    4.8500000000E+00   -1.1187500000E+00    5.0000000000E-01    2.8883979370E+02
    4.9500000000E+00   -1.1187500000E+00    5.0000000000E-01    2.8883981074E+02
    5.0500000000E+00   -1.1187500000E+00    5.0000000000E-01    2.8883983043E+02
    5.1500000000E+00   -1.1187500000E+00    5.0000000000E-01    2.8883985291E+02
    5.2500000000E+00   -1.1187500000E+00    5.0000000000E-01    2.8883987833E+02
    5.3500000000E+00   -1.1187500000E+00    5.0000000000E-01    2.8883990686E+02
    5.4500000000E+00   -1.1187500000E+00    5.0000000000E-01    2.8883993869E+02
    5.5500000000E+00   -1.1187500000E+00    5.0000000000E-01    2.8883997401E+02
    5.6500000000E+00   -1.1187500000E+00    5.0000000000E-01    2.8884001304E+02
    5.7500000000E+00   -1.1187500000E+00    5.0000000000E-01    2.8884005598E+02
    5.8500000000E+00   -1.1187500000E+00    5.0000000000E-01    2.8884010307E+02
    5.9500000000E+00   -1.1187500000E+00    5.0000000000E-01    2.8884015454E+02
    6.0500000000E+00   -1.1187500000E+00    5.0000000000E-01    2.8884021062E+02
    6.1500000000E+00   -1.1187500000E+00    5.0000000000E-01    2.8884027156E+02
    6.2500000000E+00   -1.1187500000E+00    5.0000000000E-01    2.8884033761E+02
    6.3500000000E+00   -1.1187500000E+00    5.0000000000E-01    2.8884040901E+02
    6.4500000000E+00   -1.1187500000E+00    5.0000000000E-01    2.8884048601E+02
    6.5500000000E+00   -1.1187500000E+00    5.0000000000E-01    2.8884056886E+02
    6.6500000000E+00   -1.1187500000E+00    5.0000000000E-01    2.8884065779E+02
    6.7500000000E+00   -1.1187500000E+00    5.0000000000E-01    2.8884075305E+02
    6.8500000000E+00   -1.1187500000E+00    5.0000000000E-01    2.8884085486E+02
    6.9500000000E+00   -1.1187500000E+00    5.0000000000E-01    2.8884096345E+02
    7.0500000000E+00   -1.1187500000E+00    5.0000000000E-01    2.8884107903E+02
    7.1500000000E+00   -1.1187500000E+00    5.0000000000E-01    2.8884120181E+02
    7.2500000000E+00   -1.1187500000E+00    5.0000000000E-01    2.8884133198E+02
    7.3500000000E+00   -1.1187500000E+00    5.0000000000E-01    2.8884146976E+02
    7.4500000000E+00   -1.1187500000E+00    5.0000000000E-01    2.8884161533E+02
    7.5500000000E+00   -1.1187500000E+00    5.0000000000E-01    2.8884176894E+02
    7.6500000000E+00   -1.1187500000E+00    5.0000000000E-01    2.8884193085E+02
    7.7500000000E+00   -1.1187500000E+00    5.0000000000E-01    2.8884210149E+02
    7.8500000000E+00   -1.1187500000E+00    5.0000000000E-01    2.8884228147E+02
    7.9500000000E+00   -1.1187500000E+00    5.0000000000E-01    2.8884247251E+02
    5.0000000000E-02   -1.1062500000E+00    5.0000000000E-01    2.8884223560E+02
    1.5000000000E-01   -1.1062500000E+00    5.0000000000E-01    2.8884195687E+02
    2.5000000000E-01   -1.1062500000E+00    5.0000000000E-01    2.8884169240E+02
    3.5000000000E-01   -1.1062500000E+00    5.0000000000E-01    2.8884144083E+02
    4.5000000000E-01   -1.1062500000E+00    5.0000000000E-01    2.8884120170E+02
    5.5000000000E-01   -1.1062500000E+00    5.0000000000E-01    2.8884097461E+02
    6.5000000000E-01   -1.1062500000E+00    5.0000000000E-01    2.8884075928E+02
    7.5000000000E-01   -1.1062500000E+00    5.0000000000E-01    2.8884055542E+02
    8.5000000000E-01   -1.1062500000E+00    5.0000000000E-01    2.8884036276E+02
    9.5000000000E-01   -1.1062500000E+00    5.0000000000E-01    2.8884018103E+02
    1.0500000000E+00   -1.1062500000E+00    5.0000000000E-01    2.8884000994E+02
    1.1500000000E+00   -1.1062500000E+00    5.0000000000E-01    2.8883984919E+02
    1.2500000000E+00   -1.1062500000E+00    5.0000000000E-01    2.8883969845E+02
    1.3500000000E+00   -1.1062500000E+00    5.0000000000E-01    2.8883955740E+02
    1.4500000000E+00   -1.1062500000E+00    5.0000000000E-01    2.8883942569E+02
    1.5500000000E+00   -1.1062500000E+00    5.0000000000E-01    2.8883930296E+02
    1.6500000000E+00   -1.1062500000E+00    5.0000000000E-01    2.8883918886E+02
    1.7500000000E+00   -1.1062500000E+00    5.0000000000E-01    2.8883908301E+02
    1.8500000000E+00   -1.1062500000E+00    5.0000000000E-01    2.8883898504E+02
    1.9500000000E+00   -1.1062500000E+00    5.0000000000E-01    2.8883889457E+02
    2.0500000000E+00   -1.1062500000E+00    5.0000000000E-01    2.8883881123E+02
    2.1500000000E+00   -1.1062500000E+00    5.0000000000E-01    2.8883873465E+02
    2.2500000000E+00   -1.1062500000E+00    5.0000000000E-01    2.8883866446E+02
    2.3500000000E+00   -1.1062500000E+00    5.0000000000E-01    2.8883860029E+02
    2.4500000000E+00   -1.1062500000E+00    5.0000000000E-01    2.8883854180E+02
    2.5500000000E+00   -1.1062500000E+00    5.0000000000E-01    2.8883848865E+02
    2.6500000000E+00   -1.1062500000E+00    5.0000000000E-01    2.8883844050E+02
    2.7500000000E+00   -1.1062500000E+00    5.0000000000E-01    2.8883839704E+02
    2.8500000000E+00   -1.1062500000E+00    5.0000000000E-01    2.8883835796E+02
    2.9500000000E+00   -1.1062500000E+00    5.0000000000E-01    2.8883832298E+02
    3.0500000000E+00   -1.1062500000E+00    5.0000000000E-01    2.8883829184E+02
    3.1500000000E+00   -1.1062500000E+00    5.0000000000E-01    2.8883826428E+02
    3.2500000000E+00   -1.1062500000E+00    5.0000000000E-01    2.8883824008E+02
    3.3500000000E+00   -1.1062500000E+00    5.0000000000E-01    2.8883821901E+02
    3.4500000000E+00   -1.1062500000E+00    5.0000000000E-01    2.8883820089E+02
    3.5500000000E+00   -1.1062500000E+00    5.0000000000E-01    2.8883818554E+02
    3.6500000000E+00   -1.1062500000E+00    5.0000000000E-01    2.8883817282E+02
    3.7500000000E+00   -1.1062500000E+00    5.0000000000E-01    2.8883816259E+02
    3.8500000000E+00   -1.1062500000E+00    5.0000000000E-01    2.8883815474E+02
    3.9500000000E+00   -1.1062500000E+00    5.0000000000E-01    2.8883814919E+02
    4.0500000000E+00   -1.1062500000E+00    5.0000000000E-01    2.8883814586E+02
    4.1500000000E+00   -1.1062500000E+00    5.0000000000E-01    2.8883814472E+02
    4.2500000000E+00   -1.1062500000E+00    5.0000000000E-01    2.8883814573E+02
    4.3500000000E+00   -1.1062500000E+00    5.0000000000E-01    2.8883814888E+02
    4.4500000000E+00   -1.1062500000E+00    5.0000000000E-01    2.8883815420E+02
    4.5500000000E+00   -1.1062500000E+00    5.0000000000E-01    2.8883816172E+02
    4.6500000000E+00   -1.1062500000E+00    5.0000000000E-01    2.8883817148E+02
    4.7500000000E+00   -1.1062500000E+00    5.0000000000E-01    2.8883818356E+02
    4.8500000000E+00   -1.1062500000E+00    5.0000000000E-01    2.8883819805E+02
    4.9500000000E+00   -1.1062500000E+00    5.0000000000E-01    2.8883821505E+02
    5.0500000000E+00   -1.1062500000E+00    5.0000000000E-01    2.8883823470E+02
    5.1500000000E+00   -1.1062500000E+00    5.0000000000E-01    2.8883825713E+02
    5.2500000000E+00   -1.1062500000E+00    5.0000000000E-01    2.8883828250E+02
    5.3500000000E+00   -1.1062500000E+00    5.0000000000E-01    2.8883831097E+02
    5.4500000000E+00   -1.1062500000E+00    5.0000000000E-01    2.8883834273E+02
    5.5500000000E+00   -1.1062500000E+00    5.0000000000E-01    2.8883837798E+02
    5.6500000000E+00   -1.1062500000E+00    5.0000000000E-01    2.8883841692E+02
    5.7500000000E+00   -1.1062500000E+00    5.0000000000E-01    2.8883845977E+02
    5.8500000000E+00   -1.1062500000E+00    5.0000000000E-01    2.8883850675E+02
    5.9500000000E+00   -1.1062500000E+00    5.0000000000E-01    2.8883855811E+02
    6.0500000000E+00   -1.1062500000E+00    5.0000000000E-01    2.8883861407E+02
    6.1500000000E+00   -1.1062500000E+00    5.0000000000E-01    2.8883867487E+02
    6.2500000000E+00   -1.1062500000E+00    5.0000000000E-01    2.8883874078E+02
    6.3500000000E+00   -1.1062500000E+00    5.0000000000E-01    2.8883881202E+02
    6.4500000000E+00   -1.1062500000E+00    5.0000000000E-01    2.8883888885E+02
    6.5500000000E+00   -1.1062500000E+00    5.0000000000E-01    2.8883897151E+02
    6.6500000000E+00   -1.1062500000E+00    5.0000000000E-01    2.8883906025E+02
    6.7500000000E+00   -1.1062500000E+00    5.0000000000E-01    2.8883915529E+02
    6.8500000000E+00   -1.1062500000E+00    5.0000000000E-01    2.8883925687E+02
    6.9500000000E+00   -1.1062500000E+00    5.0000000000E-01    2.8883936521E+02
    7.0500000000E+00   -1.1062500000E+00    5.0000000000E-01    2.8883948052E+02
    7.1500000000E+00   -1.1062500000E+00    5.0000000000E-01    2.8883960302E+02
    7.2500000000E+00   -1.1062500000E+00    5.0000000000E-01    2.8883973289E+02
    7.3500000000E+00   -1.1062500000E+00    5.0000000000E-01    2.8883987035E+02
    7.4500000000E+00   -1.1062500000E+00    5.0000000000E-01    2.8884001558E+02
    7.5500000000E+00   -1.1062500000E+00    5.0000000000E-01    2.8884016881E+02
    7.6500000000E+00   -1.1062500000E+00    5.0000000000E-01    2.8884033031E+02
    7.7500000000E+00   -1.1062500000E+00    5.0000000000E-01    2.8884050044E+02
    7.8500000000E+00   -1.1062500000E+00    5.0000000000E-01    2.8884067969E+02
    7.9500000000E+00   -1.1062500000E+00    5.0000000000E-01    2.8884086938E+02
    5.0000000000E-02   -1.0937500000E+00    5.0000000000E-01    2.8884045294E+02
    1.5000000000E-01   -1.0937500000E+00    5.0000000000E-01    2.8884017560E+02
    2.5000000000E-01   -1.0937500000E+00    5.0000000000E-01    2.8883991207E+02
    3.5000000000E-01   -1.0937500000E+00    5.0000000000E-01    2.8883966125E+02
    4.5000000000E-01   -1.0937500000E+00    5.0000000000E-01    2.8883942277E+02
    5.5000000000E-01   -1.0937500000E+00    5.0000000000E-01    2.8883919629E+02
    6.5000000000E-01   -1.0937500000E+00    5.0000000000E-01    2.8883898152E+02
    7.5000000000E-01   -1.0937500000E+00    5.0000000000E-01    2.8883877818E+02
    8.5000000000E-01   -1.0937500000E+00    5.0000000000E-01    2.8883858602E+02
    9.5000000000E-01   -1.0937500000E+00    5.0000000000E-01    2.8883840476E+02
    1.0500000000E+00   -1.0937500000E+00    5.0000000000E-01    2.8883823410E+02
    1.1500000000E+00   -1.0937500000E+00    5.0000000000E-01    2.8883807375E+02
    1.2500000000E+00   -1.0937500000E+00    5.0000000000E-01    2.8883792339E+02
    1.3500000000E+00   -1.0937500000E+00    5.0000000000E-01    2.8883778270E+02
    1.4500000000E+00   -1.0937500000E+00    5.0000000000E-01    2.8883765131E+02
    1.5500000000E+00   -1.0937500000E+00    5.0000000000E-01    2.8883752890E+02
    1.6500000000E+00   -1.0937500000E+00    5.0000000000E-01    2.8883741508E+02
    1.7500000000E+00   -1.0937500000E+00    5.0000000000E-01    2.8883730949E+02
    1.8500000000E+00   -1.0937500000E+00    5.0000000000E-01    2.8883721176E+02
    1.9500000000E+00   -1.0937500000E+00    5.0000000000E-01    2.8883712152E+02
    2.0500000000E+00   -1.0937500000E+00    5.0000000000E-01    2.8883703839E+02
    2.1500000000E+00   -1.0937500000E+00    5.0000000000E-01    2.8883696199E+02
    2.2500000000E+00   -1.0937500000E+00    5.0000000000E-01    2.8883689197E+02
    2.3500000000E+00   -1.0937500000E+00    5.0000000000E-01    2.8883682796E+02
    2.4500000000E+00   -1.0937500000E+00    5.0000000000E-01    2.8883676961E+02
    2.5500000000E+00   -1.0937500000E+00    5.0000000000E-01    2.8883671659E+02
    2.6500000000E+00   -1.0937500000E+00    5.0000000000E-01    2.8883666855E+02
    2.7500000000E+00   -1.0937500000E+00    5.0000000000E-01    2.8883662519E+02
    2.8500000000E+00   -1.0937500000E+00    5.0000000000E-01    2.8883658621E+02
    2.9500000000E+00   -1.0937500000E+00    5.0000000000E-01    2.8883655132E+02
    3.0500000000E+00   -1.0937500000E+00    5.0000000000E-01    2.8883652025E+02
    3.1500000000E+00   -1.0937500000E+00    5.0000000000E-01    2.8883649275E+02
    3.2500000000E+00   -1.0937500000E+00    5.0000000000E-01    2.8883646860E+02
    3.3500000000E+00   -1.0937500000E+00    5.0000000000E-01    2.8883644758E+02
    3.4500000000E+00   -1.0937500000E+00    5.0000000000E-01    2.8883642951E+02
    3.5500000000E+00   -1.0937500000E+00    5.0000000000E-01    2.8883641419E+02
    3.6500000000E+00   -1.0937500000E+00    5.0000000000E-01    2.8883640150E+02
    3.7500000000E+00   -1.0937500000E+00    5.0000000000E-01    2.8883639129E+02
    3.8500000000E+00   -1.0937500000E+00    5.0000000000E-01    2.8883638347E+02
    3.9500000000E+00   -1.0937500000E+00    5.0000000000E-01    2.8883637793E+02
    4.0500000000E+00   -1.0937500000E+00    5.0000000000E-01    2.8883637461E+02
    4.1500000000E+00   -1.0937500000E+00    5.0000000000E-01    2.8883637347E+02
    4.2500000000E+00   -1.0937500000E+00    5.0000000000E-01    2.8883637447E+02
    4.3500000000E+00   -1.0937500000E+00    5.0000000000E-01    2.8883637762E+02
    4.4500000000E+00   -1.0937500000E+00    5.0000000000E-01    2.8883638293E+02
    4.5500000000E+00   -1.0937500000E+00    5.0000000000E-01    2.8883639042E+02
    4.6500000000E+00   -1.0937500000E+00    5.0000000000E-01    2.8883640016E+02
    4.7500000000E+00   -1.0937500000E+00    5.0000000000E-01    2.8883641221E+02
    4.8500000000E+00   -1.0937500000E+00    5.0000000000E-01    2.8883642667E+02
    4.9500000000E+00   -1.0937500000E+00    5.0000000000E-01    2.8883644363E+02
    5.0500000000E+00   -1.0937500000E+00    5.0000000000E-01    2.8883646323E+02
    5.1500000000E+00   -1.0937500000E+00    5.0000000000E-01    2.8883648561E+02
    5.2500000000E+00   -1.0937500000E+00    5.0000000000E-01    2.8883651091E+02
    5.3500000000E+00   -1.0937500000E+00    5.0000000000E-01    2.8883653932E+02
    5.4500000000E+00   -1.0937500000E+00    5.0000000000E-01    2.8883657100E+02
    5.5500000000E+00   -1.0937500000E+00    5.0000000000E-01    2.8883660617E+02
    5.6500000000E+00   -1.0937500000E+00    5.0000000000E-01    2.8883664501E+02
    5.7500000000E+00   -1.0937500000E+00    5.0000000000E-01    2.8883668776E+02
    5.8500000000E+00   -1.0937500000E+00    5.0000000000E-01    2.8883673463E+02
    5.9500000000E+00   -1.0937500000E+00    5.0000000000E-01    2.8883678586E+02
    6.0500000000E+00   -1.0937500000E+00    5.0000000000E-01    2.8883684168E+02
    6.1500000000E+00   -1.0937500000E+00    5.0000000000E-01    2.8883690233E+02
    6.2500000000E+00   -1.0937500000E+00    5.0000000000E-01    2.8883696807E+02
    6.3500000000E+00   -1.0937500000E+00    5.0000000000E-01    2.8883703914E+02
    6.4500000000E+00   -1.0937500000E+00    5.0000000000E-01    2.8883711578E+02
    6.5500000000E+00   -1.0937500000E+00    5.0000000000E-01    2.8883719823E+02
    6.6500000000E+00   -1.0937500000E+00    5.0000000000E-01    2.8883728674E+02
    6.7500000000E+00   -1.0937500000E+00    5.0000000000E-01    2.8883738155E+02
    6.8500000000E+00   -1.0937500000E+00    5.0000000000E-01    2.8883748287E+02
    6.9500000000E+00   -1.0937500000E+00    5.0000000000E-01    2.8883759094E+02
    7.0500000000E+00   -1.0937500000E+00    5.0000000000E-01    2.8883770596E+02
    7.1500000000E+00   -1.0937500000E+00    5.0000000000E-01    2.8883782814E+02
    7.2500000000E+00   -1.0937500000E+00    5.0000000000E-01    2.8883795768E+02
    7.3500000000E+00   -1.0937500000E+00    5.0000000000E-01    2.8883809477E+02
    7.4500000000E+00   -1.0937500000E+00    5.0000000000E-01    2.8883823962E+02
    7.5500000000E+00   -1.0937500000E+00    5.0000000000E-01    2.8883839243E+02
    7.6500000000E+00   -1.0937500000E+00    5.0000000000E-01    2.8883855347E+02
    7.7500000000E+00   -1.0937500000E+00    5.0000000000E-01    2.8883872305E+02
    7.8500000000E+00   -1.0937500000E+00    5.0000000000E-01    2.8883890154E+02
    7.9500000000E+00   -1.0937500000E+00    5.0000000000E-01    2.8883908995E+02
    5.0000000000E-02   -1.0812500000E+00    5.0000000000E-01    2.8883849407E+02
    1.5000000000E-01   -1.0812500000E+00    5.0000000000E-01    2.8883821810E+02
    2.5000000000E-01   -1.0812500000E+00    5.0000000000E-01    2.8883795558E+02
    3.5000000000E-01   -1.0812500000E+00    5.0000000000E-01    2.8883770557E+02
    4.5000000000E-01   -1.0812500000E+00    5.0000000000E-01    2.8883746781E+02
    5.5000000000E-01   -1.0812500000E+00    5.0000000000E-01    2.8883724199E+02
    6.5000000000E-01   -1.0812500000E+00    5.0000000000E-01    2.8883702784E+02
    7.5000000000E-01   -1.0812500000E+00    5.0000000000E-01    2.8883682508E+02
    8.5000000000E-01   -1.0812500000E+00    5.0000000000E-01    2.8883663346E+02
    9.5000000000E-01   -1.0812500000E+00    5.0000000000E-01    2.8883645271E+02
    1.0500000000E+00   -1.0812500000E+00    5.0000000000E-01    2.8883628253E+02
    1.1500000000E+00   -1.0812500000E+00    5.0000000000E-01    2.8883612263E+02
    1.2500000000E+00   -1.0812500000E+00    5.0000000000E-01    2.8883597269E+02
    1.3500000000E+00   -1.0812500000E+00    5.0000000000E-01    2.8883583238E+02
    1.4500000000E+00   -1.0812500000E+00    5.0000000000E-01    2.8883570136E+02
    1.5500000000E+00   -1.0812500000E+00    5.0000000000E-01    2.8883557928E+02
    1.6500000000E+00   -1.0812500000E+00    5.0000000000E-01    2.8883546578E+02
    1.7500000000E+00   -1.0812500000E+00    5.0000000000E-01    2.8883536048E+02
    1.8500000000E+00   -1.0812500000E+00    5.0000000000E-01    2.8883526302E+02
    1.9500000000E+00   -1.0812500000E+00    5.0000000000E-01    2.8883517302E+02
    2.0500000000E+00   -1.0812500000E+00    5.0000000000E-01    2.8883509012E+02
    2.1500000000E+00   -1.0812500000E+00    5.0000000000E-01    2.8883501393E+02
    2.2500000000E+00   -1.0812500000E+00    5.0000000000E-01    2.8883494410E+02
    2.3500000000E+00   -1.0812500000E+00    5.0000000000E-01    2.8883488026E+02
    2.4500000000E+00   -1.0812500000E+00    5.0000000000E-01    2.8883482207E+02
    2.5500000000E+00   -1.0812500000E+00    5.0000000000E-01    2.8883476919E+02
    2.6500000000E+00   -1.0812500000E+00    5.0000000000E-01    2.8883472128E+02
    2.7500000000E+00   -1.0812500000E+00    5.0000000000E-01    2.8883467803E+02
    2.8500000000E+00   -1.0812500000E+00    5.0000000000E-01    2.8883463915E+02
    2.9500000000E+00   -1.0812500000E+00    5.0000000000E-01    2.8883460435E+02
    3.0500000000E+00   -1.0812500000E+00    5.0000000000E-01    2.8883457337E+02
    3.1500000000E+00   -1.0812500000E+00    5.0000000000E-01    2.8883454595E+02
    3.2500000000E+00   -1.0812500000E+00    5.0000000000E-01    2.8883452186E+02
    3.3500000000E+00   -1.0812500000E+00    5.0000000000E-01    2.8883450089E+02
    3.4500000000E+00   -1.0812500000E+00    5.0000000000E-01    2.8883448286E+02
    3.5500000000E+00   -1.0812500000E+00    5.0000000000E-01    2.8883446759E+02
    3.6500000000E+00   -1.0812500000E+00    5.0000000000E-01    2.8883445493E+02
    3.7500000000E+00   -1.0812500000E+00    5.0000000000E-01    2.8883444475E+02
    3.8500000000E+00   -1.0812500000E+00    5.0000000000E-01    2.8883443694E+02
    3.9500000000E+00   -1.0812500000E+00    5.0000000000E-01    2.8883443142E+02
    4.0500000000E+00   -1.0812500000E+00    5.0000000000E-01    2.8883442811E+02
    4.1500000000E+00   -1.0812500000E+00    5.0000000000E-01    2.8883442697E+02
    4.2500000000E+00   -1.0812500000E+00    5.0000000000E-01    2.8883442797E+02
    4.3500000000E+00   -1.0812500000E+00    5.0000000000E-01    2.8883443111E+02
    4.4500000000E+00   -1.0812500000E+00    5.0000000000E-01    2.8883443640E+02
    4.5500000000E+00   -1.0812500000E+00    5.0000000000E-01    2.8883444387E+02
    4.6500000000E+00   -1.0812500000E+00    5.0000000000E-01    2.8883445359E+02
    4.7500000000E+00   -1.0812500000E+00    5.0000000000E-01    2.8883446561E+02
    4.8500000000E+00   -1.0812500000E+00    5.0000000000E-01    2.8883448002E+02
    4.9500000000E+00   -1.0812500000E+00    5.0000000000E-01    2.8883449695E+02
    5.0500000000E+00   -1.0812500000E+00    5.0000000000E-01    2.8883451649E+02
    5.1500000000E+00   -1.0812500000E+00    5.0000000000E-01    2.8883453881E+02
    5.2500000000E+00   -1.0812500000E+00    5.0000000000E-01    2.8883456405E+02
    5.3500000000E+00   -1.0812500000E+00    5.0000000000E-01    2.8883459237E+02
    5.4500000000E+00   -1.0812500000E+00    5.0000000000E-01    2.8883462398E+02
    5.5500000000E+00   -1.0812500000E+00    5.0000000000E-01    2.8883465904E+02
    5.6500000000E+00   -1.0812500000E+00    5.0000000000E-01    2.8883469779E+02
    5.7500000000E+00   -1.0812500000E+00    5.0000000000E-01    2.8883474042E+02
    5.8500000000E+00   -1.0812500000E+00    5.0000000000E-01    2.8883478716E+02
    5.9500000000E+00   -1.0812500000E+00    5.0000000000E-01    2.8883483825E+02
    6.0500000000E+00   -1.0812500000E+00    5.0000000000E-01    2.8883489392E+02
    6.1500000000E+00   -1.0812500000E+00    5.0000000000E-01    2.8883495441E+02
    6.2500000000E+00   -1.0812500000E+00    5.0000000000E-01    2.8883501997E+02
    6.3500000000E+00   -1.0812500000E+00    5.0000000000E-01    2.8883509084E+02
    6.4500000000E+00   -1.0812500000E+00    5.0000000000E-01    2.8883516727E+02
    6.5500000000E+00   -1.0812500000E+00    5.0000000000E-01    2.8883524949E+02
    6.6500000000E+00   -1.0812500000E+00    5.0000000000E-01    2.8883533776E+02
    6.7500000000E+00   -1.0812500000E+00    5.0000000000E-01    2.8883543230E+02
    6.8500000000E+00   -1.0812500000E+00    5.0000000000E-01    2.8883553334E+02
    6.9500000000E+00   -1.0812500000E+00    5.0000000000E-01    2.8883564110E+02
    7.0500000000E+00   -1.0812500000E+00    5.0000000000E-01    2.8883575580E+02
    7.1500000000E+00   -1.0812500000E+00    5.0000000000E-01    2.8883587764E+02
    7.2500000000E+00   -1.0812500000E+00    5.0000000000E-01    2.8883600681E+02
    7.3500000000E+00   -1.0812500000E+00    5.0000000000E-01    2.8883614351E+02
    7.4500000000E+00   -1.0812500000E+00    5.0000000000E-01    2.8883628793E+02
    7.5500000000E+00   -1.0812500000E+00    5.0000000000E-01    2.8883644029E+02
    7.6500000000E+00   -1.0812500000E+00    5.0000000000E-01    2.8883660082E+02
    7.7500000000E+00   -1.0812500000E+00    5.0000000000E-01    2.8883676980E+02
    7.8500000000E+00   -1.0812500000E+00    5.0000000000E-01    2.8883694748E+02
    7.9500000000E+00   -1.0812500000E+00    5.0000000000E-01    2.8883713469E+02
    5.0000000000E-02   -1.0687500000E+00    5.0000000000E-01    2.8883635951E+02
    1.5000000000E-01   -1.0687500000E+00    5.0000000000E-01    2.8883608490E+02
    2.5000000000E-01   -1.0687500000E+00    5.0000000000E-01    2.8883582344E+02
    3.5000000000E-01   -1.0687500000E+00    5.0000000000E-01    2.8883557431E+02
    4.5000000000E-01   -1.0687500000E+00    5.0000000000E-01    2.8883533734E+02
    5.5000000000E-01   -1.0687500000E+00    5.0000000000E-01    2.8883511224E+02
    6.5000000000E-01   -1.0687500000E+00    5.0000000000E-01    2.8883489876E+02
    7.5000000000E-01   -1.0687500000E+00    5.0000000000E-01    2.8883469663E+02
    8.5000000000E-01   -1.0687500000E+00    5.0000000000E-01    2.8883450561E+02
    9.5000000000E-01   -1.0687500000E+00    5.0000000000E-01    2.8883432541E+02
    1.0500000000E+00   -1.0687500000E+00    5.0000000000E-01    2.8883415575E+02
    1.1500000000E+00   -1.0687500000E+00    5.0000000000E-01    2.8883399634E+02
    1.2500000000E+00   -1.0687500000E+00    5.0000000000E-01    2.8883384686E+02
    1.3500000000E+00   -1.0687500000E+00    5.0000000000E-01    2.8883370698E+02
    1.4500000000E+00   -1.0687500000E+00    5.0000000000E-01    2.8883357636E+02
    1.5500000000E+00   -1.0687500000E+00    5.0000000000E-01    2.8883345465E+02
    1.6500000000E+00   -1.0687500000E+00    5.0000000000E-01    2.8883334149E+02
    1.7500000000E+00   -1.0687500000E+00    5.0000000000E-01    2.8883323651E+02
    1.8500000000E+00   -1.0687500000E+00    5.0000000000E-01    2.8883313934E+02
    1.9500000000E+00   -1.0687500000E+00    5.0000000000E-01    2.8883304961E+02
    2.0500000000E+00   -1.0687500000E+00    5.0000000000E-01    2.8883296695E+02
    2.1500000000E+00   -1.0687500000E+00    5.0000000000E-01    2.8883289099E+02
    2.2500000000E+00   -1.0687500000E+00    5.0000000000E-01    2.8883282137E+02
    2.3500000000E+00   -1.0687500000E+00    5.0000000000E-01    2.8883275772E+02
    2.4500000000E+00   -1.0687500000E+00    5.0000000000E-01    2.8883269970E+02
    2.5500000000E+00   -1.0687500000E+00    5.0000000000E-01    2.8883264697E+02
    2.6500000000E+00   -1.0687500000E+00    5.0000000000E-01    2.8883259920E+02
    2.7500000000E+00   -1.0687500000E+00    5.0000000000E-01    2.8883255609E+02
    2.8500000000E+00   -1.0687500000E+00    5.0000000000E-01    2.8883251732E+02
    2.9500000000E+00   -1.0687500000E+00    5.0000000000E-01    2.8883248262E+02
    3.0500000000E+00   -1.0687500000E+00    5.0000000000E-01    2.8883245172E+02
    3.1500000000E+00   -1.0687500000E+00    5.0000000000E-01    2.8883242438E+02
    3.2500000000E+00   -1.0687500000E+00    5.0000000000E-01    2.8883240036E+02
    3.3500000000E+00   -1.0687500000E+00    5.0000000000E-01    2.8883237946E+02
    3.4500000000E+00   -1.0687500000E+00    5.0000000000E-01    2.8883236148E+02
    3.5500000000E+00   -1.0687500000E+00    5.0000000000E-01    2.8883234625E+02
    3.6500000000E+00   -1.0687500000E+00    5.0000000000E-01    2.8883233363E+02
    3.7500000000E+00   -1.0687500000E+00    5.0000000000E-01    2.8883232347E+02
    3.8500000000E+00   -1.0687500000E+00    5.0000000000E-01    2.8883231569E+02
    3.9500000000E+00   -1.0687500000E+00    5.0000000000E-01    2.8883231018E+02
    4.0500000000E+00   -1.0687500000E+00    5.0000000000E-01    2.8883230688E+02
    4.1500000000E+00   -1.0687500000E+00    5.0000000000E-01    2.8883230574E+02
    4.2500000000E+00   -1.0687500000E+00    5.0000000000E-01    2.8883230674E+02
    4.3500000000E+00   -1.0687500000E+00    5.0000000000E-01    2.8883230987E+02
    4.4500000000E+00   -1.0687500000E+00    5.0000000000E-01    2.8883231515E+02
    4.5500000000E+00   -1.0687500000E+00    5.0000000000E-01    2.8883232260E+02
    4.6500000000E+00   -1.0687500000E+00    5.0000000000E-01    2.8883233228E+02
    4.7500000000E+00   -1.0687500000E+00    5.0000000000E-01    2.8883234427E+02
    4.8500000000E+00   -1.0687500000E+00    5.0000000000E-01    2.8883235864E+02
    4.9500000000E+00   -1.0687500000E+00    5.0000000000E-01    2.8883237551E+02
    5.0500000000E+00   -1.0687500000E+00    5.0000000000E-01    2.8883239501E+02
    5.1500000000E+00   -1.0687500000E+00    5.0000000000E-01    2.8883241726E+02
    5.2500000000E+00   -1.0687500000E+00    5.0000000000E-01    2.8883244242E+02
    5.3500000000E+00   -1.0687500000E+00    5.0000000000E-01    2.8883247067E+02
    5.4500000000E+00   -1.0687500000E+00    5.0000000000E-01    2.8883250217E+02
    5.5500000000E+00   -1.0687500000E+00    5.0000000000E-01    2.8883253714E+02
    5.6500000000E+00   -1.0687500000E+00    5.0000000000E-01    2.8883257577E+02
    5.7500000000E+00   -1.0687500000E+00    5.0000000000E-01    2.8883261827E+02
    5.8500000000E+00   -1.0687500000E+00    5.0000000000E-01    2.8883266487E+02
    5.9500000000E+00   -1.0687500000E+00    5.0000000000E-01    2.8883271581E+02
    6.0500000000E+00   -1.0687500000E+00    5.0000000000E-01    2.8883277131E+02
    6.1500000000E+00   -1.0687500000E+00    5.0000000000E-01    2.8883283162E+02
    6.2500000000E+00   -1.0687500000E+00    5.0000000000E-01    2.8883289698E+02
    6.3500000000E+00   -1.0687500000E+00    5.0000000000E-01    2.8883296764E+02
    6.4500000000E+00   -1.0687500000E+00    5.0000000000E-01    2.8883304384E+02
    6.5500000000E+00   -1.0687500000E+00    5.0000000000E-01    2.8883312582E+02
    6.6500000000E+00   -1.0687500000E+00    5.0000000000E-01    2.8883321381E+02
    6.7500000000E+00   -1.0687500000E+00    5.0000000000E-01    2.8883330807E+02
    6.8500000000E+00   -1.0687500000E+00    5.0000000000E-01    2.8883340880E+02
    6.9500000000E+00   -1.0687500000E+00    5.0000000000E-01    2.8883351623E+02
    7.0500000000E+00   -1.0687500000E+00    5.0000000000E-01    2.8883363058E+02
    7.1500000000E+00   -1.0687500000E+00    5.0000000000E-01    2.8883375203E+02
    7.2500000000E+00   -1.0687500000E+00    5.0000000000E-01    2.8883388080E+02
    7.3500000000E+00   -1.0687500000E+00    5.0000000000E-01    2.8883401707E+02
    7.4500000000E+00   -1.0687500000E+00    5.0000000000E-01    2.8883416104E+02
    7.5500000000E+00   -1.0687500000E+00    5.0000000000E-01    2.8883431290E+02
    7.6500000000E+00   -1.0687500000E+00    5.0000000000E-01    2.8883447287E+02
    7.7500000000E+00   -1.0687500000E+00    5.0000000000E-01    2.8883464121E+02
    7.8500000000E+00   -1.0687500000E+00    5.0000000000E-01    2.8883481805E+02
    7.9500000000E+00   -1.0687500000E+00    5.0000000000E-01    2.8883500410E+02
    5.0000000000E-02   -1.0562500000E+00    5.0000000000E-01    2.8883404984E+02
    1.5000000000E-01   -1.0562500000E+00    5.0000000000E-01    2.8883377658E+02
    2.5000000000E-01   -1.0562500000E+00    5.0000000000E-01    2.8883351624E+02
    3.5000000000E-01   -1.0562500000E+00    5.0000000000E-01    2.8883326805E+02
    4.5000000000E-01   -1.0562500000E+00    5.0000000000E-01    2.8883303192E+02
    5.5000000000E-01   -1.0562500000E+00    5.0000000000E-01    2.8883280761E+02
    6.5000000000E-01   -1.0562500000E+00    5.0000000000E-01    2.8883259485E+02
    7.5000000000E-01   -1.0562500000E+00    5.0000000000E-01    2.8883239341E+02
    8.5000000000E-01   -1.0562500000E+00    5.0000000000E-01    2.8883220303E+02
    9.5000000000E-01   -1.0562500000E+00    5.0000000000E-01    2.8883202343E+02
    1.0500000000E+00   -1.0562500000E+00    5.0000000000E-01    2.8883185434E+02
    1.1500000000E+00   -1.0562500000E+00    5.0000000000E-01    2.8883169546E+02
    1.2500000000E+00   -1.0562500000E+00    5.0000000000E-01    2.8883154648E+02
    1.3500000000E+00   -1.0562500000E+00    5.0000000000E-01    2.8883140706E+02
    1.4500000000E+00   -1.0562500000E+00    5.0000000000E-01    2.8883127687E+02
    1.5500000000E+00   -1.0562500000E+00    5.0000000000E-01    2.8883115556E+02
    1.6500000000E+00   -1.0562500000E+00    5.0000000000E-01    2.8883104277E+02
    1.7500000000E+00   -1.0562500000E+00    5.0000000000E-01    2.8883093813E+02
    1.8500000000E+00   -1.0562500000E+00    5.0000000000E-01    2.8883084128E+02
    1.9500000000E+00   -1.0562500000E+00    5.0000000000E-01    2.8883075185E+02
    2.0500000000E+00   -1.0562500000E+00    5.0000000000E-01    2.8883066946E+02
    2.1500000000E+00   -1.0562500000E+00    5.0000000000E-01    2.8883059375E+02
    2.2500000000E+00   -1.0562500000E+00    5.0000000000E-01    2.8883052435E+02
    2.3500000000E+00   -1.0562500000E+00    5.0000000000E-01    2.8883046090E+02
    2.4500000000E+00   -1.0562500000E+00    5.0000000000E-01    2.8883040307E+02
    2.5500000000E+00   -1.0562500000E+00    5.0000000000E-01    2.8883035051E+02
    2.6500000000E+00   -1.0562500000E+00    5.0000000000E-01    2.8883030290E+02
    2.7500000000E+00   -1.0562500000E+00    5.0000000000E-01    2.8883025992E+02
    2.8500000000E+00   -1.0562500000E+00    5.0000000000E-01    2.8883022127E+02
    2.9500000000E+00   -1.0562500000E+00    5.0000000000E-01    2.8883018669E+02
    3.0500000000E+00   -1.0562500000E+00    5.0000000000E-01    2.8883015589E+02
    3.1500000000E+00   -1.0562500000E+00    5.0000000000E-01    2.8883012863E+02
    3.2500000000E+00   -1.0562500000E+00    5.0000000000E-01    2.8883010469E+02
    3.3500000000E+00   -1.0562500000E+00    5.0000000000E-01    2.8883008385E+02
    3.4500000000E+00   -1.0562500000E+00    5.0000000000E-01    2.8883006592E+02
    3.5500000000E+00   -1.0562500000E+00    5.0000000000E-01    2.8883005074E+02
    3.6500000000E+00   -1.0562500000E+00    5.0000000000E-01    2.8883003816E+02
    3.7500000000E+00   -1.0562500000E+00    5.0000000000E-01    2.8883002804E+02
    3.8500000000E+00   -1.0562500000E+00    5.0000000000E-01    2.8883002028E+02
    3.9500000000E+00   -1.0562500000E+00    5.0000000000E-01    2.8883001478E+02
    4.0500000000E+00   -1.0562500000E+00    5.0000000000E-01    2.8883001149E+02
    4.1500000000E+00   -1.0562500000E+00    5.0000000000E-01    2.8883001036E+02
    4.2500000000E+00   -1.0562500000E+00    5.0000000000E-01    2.8883001135E+02
    4.3500000000E+00   -1.0562500000E+00    5.0000000000E-01    2.8883001447E+02
    4.4500000000E+00   -1.0562500000E+00    5.0000000000E-01    2.8883001973E+02
    4.5500000000E+00   -1.0562500000E+00    5.0000000000E-01    2.8883002716E+02
    4.6500000000E+00   -1.0562500000E+00    5.0000000000E-01    2.8883003682E+02
    4.7500000000E+00   -1.0562500000E+00    5.0000000000E-01    2.8883004876E+02
    4.8500000000E+00   -1.0562500000E+00    5.0000000000E-01    2.8883006309E+02
    4.9500000000E+00   -1.0562500000E+00    5.0000000000E-01    2.8883007991E+02
    5.0500000000E+00   -1.0562500000E+00    5.0000000000E-01    2.8883009934E+02
    5.1500000000E+00   -1.0562500000E+00    5.0000000000E-01    2.8883012152E+02
    5.2500000000E+00   -1.0562500000E+00    5.0000000000E-01    2.8883014660E+02
    5.3500000000E+00   -1.0562500000E+00    5.0000000000E-01    2.8883017476E+02
    5.4500000000E+00   -1.0562500000E+00    5.0000000000E-01    2.8883020616E+02
    5.5500000000E+00   -1.0562500000E+00    5.0000000000E-01    2.8883024102E+02
    5.6500000000E+00   -1.0562500000E+00    5.0000000000E-01    2.8883027952E+02
    5.7500000000E+00   -1.0562500000E+00    5.0000000000E-01    2.8883032189E+02
    5.8500000000E+00   -1.0562500000E+00    5.0000000000E-01    2.8883036834E+02
    5.9500000000E+00   -1.0562500000E+00    5.0000000000E-01    2.8883041911E+02
    6.0500000000E+00   -1.0562500000E+00    5.0000000000E-01    2.8883047443E+02
    6.1500000000E+00   -1.0562500000E+00    5.0000000000E-01    2.8883053454E+02
    6.2500000000E+00   -1.0562500000E+00    5.0000000000E-01    2.8883059969E+02
    6.3500000000E+00   -1.0562500000E+00    5.0000000000E-01    2.8883067012E+02
    6.4500000000E+00   -1.0562500000E+00    5.0000000000E-01    2.8883074606E+02
    6.5500000000E+00   -1.0562500000E+00    5.0000000000E-01    2.8883082777E+02
    6.6500000000E+00   -1.0562500000E+00    5.0000000000E-01    2.8883091548E+02
    6.7500000000E+00   -1.0562500000E+00    5.0000000000E-01    2.8883100942E+02
    6.8500000000E+00   -1.0562500000E+00    5.0000000000E-01    2.8883110982E+02
    6.9500000000E+00   -1.0562500000E+00    5.0000000000E-01    2.8883121689E+02
    7.0500000000E+00   -1.0562500000E+00    5.0000000000E-01    2.8883133085E+02
    7.1500000000E+00   -1.0562500000E+00    5.0000000000E-01    2.8883145190E+02
    7.2500000000E+00   -1.0562500000E+00    5.0000000000E-01    2.8883158024E+02
    7.3500000000E+00   -1.0562500000E+00    5.0000000000E-01    2.8883171604E+02
    7.4500000000E+00   -1.0562500000E+00    5.0000000000E-01    2.8883185951E+02
    7.5500000000E+00   -1.0562500000E+00    5.0000000000E-01    2.8883201082E+02
    7.6500000000E+00   -1.0562500000E+00    5.0000000000E-01    2.8883217020E+02
    7.7500000000E+00   -1.0562500000E+00    5.0000000000E-01    2.8883233785E+02
    7.8500000000E+00   -1.0562500000E+00    5.0000000000E-01    2.8883251382E+02
    7.9500000000E+00   -1.0562500000E+00    5.0000000000E-01    2.8883269874E+02
    5.0000000000E-02   -1.0437500000E+00    5.0000000000E-01    2.8883156564E+02
    1.5000000000E-01   -1.0437500000E+00    5.0000000000E-01    2.8883129376E+02
    2.5000000000E-01   -1.0437500000E+00    5.0000000000E-01    2.8883103458E+02
    3.5000000000E-01   -1.0437500000E+00    5.0000000000E-01    2.8883078741E+02
    4.5000000000E-01   -1.0437500000E+00    5.0000000000E-01    2.8883055218E+02
    5.5000000000E-01   -1.0437500000E+00    5.0000000000E-01    2.8883032871E+02
    6.5000000000E-01   -1.0437500000E+00    5.0000000000E-01    2.8883011674E+02
    7.5000000000E-01   -1.0437500000E+00    5.0000000000E-01    2.8882991603E+02
    8.5000000000E-01   -1.0437500000E+00    5.0000000000E-01    2.8882972634E+02
    9.5000000000E-01   -1.0437500000E+00    5.0000000000E-01    2.8882954739E+02
    1.0500000000E+00   -1.0437500000E+00    5.0000000000E-01    2.8882937891E+02
    1.1500000000E+00   -1.0437500000E+00    5.0000000000E-01    2.8882922060E+02
    1.2500000000E+00   -1.0437500000E+00    5.0000000000E-01    2.8882907215E+02
    1.3500000000E+00   -1.0437500000E+00    5.0000000000E-01    2.8882893323E+02
    1.4500000000E+00   -1.0437500000E+00    5.0000000000E-01    2.8882880351E+02
    1.5500000000E+00   -1.0437500000E+00    5.0000000000E-01    2.8882868263E+02
    1.6500000000E+00   -1.0437500000E+00    5.0000000000E-01    2.8882857024E+02
    1.7500000000E+00   -1.0437500000E+00    5.0000000000E-01    2.8882846598E+02
    1.8500000000E+00   -1.0437500000E+00    5.0000000000E-01    2.8882836947E+02
    1.9500000000E+00   -1.0437500000E+00    5.0000000000E-01    2.8882828035E+02
    2.0500000000E+00   -1.0437500000E+00    5.0000000000E-01    2.8882819825E+02
    2.1500000000E+00   -1.0437500000E+00    5.0000000000E-01    2.8882812280E+02
    2.2500000000E+00   -1.0437500000E+00    5.0000000000E-01    2.8882805365E+02
    2.3500000000E+00   -1.0437500000E+00    5.0000000000E-01    2.8882799043E+02
    2.4500000000E+00   -1.0437500000E+00    5.0000000000E-01    2.8882793280E+02
    2.5500000000E+00   -1.0437500000E+00    5.0000000000E-01    2.8882788042E+02
    2.6500000000E+00   -1.0437500000E+00    5.0000000000E-01    2.8882783297E+02
    2.7500000000E+00   -1.0437500000E+00    5.0000000000E-01    2.8882779014E+02
    2.8500000000E+00   -1.0437500000E+00    5.0000000000E-01    2.8882775163E+02
    2.9500000000E+00   -1.0437500000E+00    5.0000000000E-01    2.8882771716E+02
    3.0500000000E+00   -1.0437500000E+00    5.0000000000E-01    2.8882768647E+02
    3.1500000000E+00   -1.0437500000E+00    5.0000000000E-01    2.8882765930E+02
    3.2500000000E+00   -1.0437500000E+00    5.0000000000E-01    2.8882763544E+02
    3.3500000000E+00   -1.0437500000E+00    5.0000000000E-01    2.8882761467E+02
    3.4500000000E+00   -1.0437500000E+00    5.0000000000E-01    2.8882759681E+02
    3.5500000000E+00   -1.0437500000E+00    5.0000000000E-01    2.8882758168E+02
    3.6500000000E+00   -1.0437500000E+00    5.0000000000E-01    2.8882756914E+02
    3.7500000000E+00   -1.0437500000E+00    5.0000000000E-01    2.8882755905E+02
    3.8500000000E+00   -1.0437500000E+00    5.0000000000E-01    2.8882755132E+02
    3.9500000000E+00   -1.0437500000E+00    5.0000000000E-01    2.8882754584E+02
    4.0500000000E+00   -1.0437500000E+00    5.0000000000E-01    2.8882754256E+02
    4.1500000000E+00   -1.0437500000E+00    5.0000000000E-01    2.8882754143E+02
    4.2500000000E+00   -1.0437500000E+00    5.0000000000E-01    2.8882754242E+02
    4.3500000000E+00   -1.0437500000E+00    5.0000000000E-01    2.8882754553E+02
    4.4500000000E+00   -1.0437500000E+00    5.0000000000E-01    2.8882755077E+02
    4.5500000000E+00   -1.0437500000E+00    5.0000000000E-01    2.8882755818E+02
    4.6500000000E+00   -1.0437500000E+00    5.0000000000E-01    2.8882756780E+02
    4.7500000000E+00   -1.0437500000E+00    5.0000000000E-01    2.8882757970E+02
    4.8500000000E+00   -1.0437500000E+00    5.0000000000E-01    2.8882759398E+02
    4.9500000000E+00   -1.0437500000E+00    5.0000000000E-01    2.8882761074E+02
    5.0500000000E+00   -1.0437500000E+00    5.0000000000E-01    2.8882763010E+02
    5.1500000000E+00   -1.0437500000E+00    5.0000000000E-01    2.8882765221E+02
    5.2500000000E+00   -1.0437500000E+00    5.0000000000E-01    2.8882767720E+02
    5.3500000000E+00   -1.0437500000E+00    5.0000000000E-01    2.8882770526E+02
    5.4500000000E+00   -1.0437500000E+00    5.0000000000E-01    2.8882773656E+02
    5.5500000000E+00   -1.0437500000E+00    5.0000000000E-01    2.8882777129E+02
    5.6500000000E+00   -1.0437500000E+00    5.0000000000E-01    2.8882780966E+02
    5.7500000000E+00   -1.0437500000E+00    5.0000000000E-01    2.8882785188E+02
    5.8500000000E+00   -1.0437500000E+00    5.0000000000E-01    2.8882789817E+02
    5.9500000000E+00   -1.0437500000E+00    5.0000000000E-01    2.8882794876E+02
    6.0500000000E+00   -1.0437500000E+00    5.0000000000E-01    2.8882800388E+02
    6.1500000000E+00   -1.0437500000E+00    5.0000000000E-01    2.8882806378E+02
    6.2500000000E+00   -1.0437500000E+00    5.0000000000E-01    2.8882812870E+02
    6.3500000000E+00   -1.0437500000E+00    5.0000000000E-01    2.8882819888E+02
    6.4500000000E+00   -1.0437500000E+00    5.0000000000E-01    2.8882827455E+02
    6.5500000000E+00   -1.0437500000E+00    5.0000000000E-01    2.8882835597E+02
    6.6500000000E+00   -1.0437500000E+00    5.0000000000E-01    2.8882844336E+02
    6.7500000000E+00   -1.0437500000E+00    5.0000000000E-01    2.8882853697E+02
    6.8500000000E+00   -1.0437500000E+00    5.0000000000E-01    2.8882863700E+02
    6.9500000000E+00   -1.0437500000E+00    5.0000000000E-01    2.8882874369E+02
    7.0500000000E+00   -1.0437500000E+00    5.0000000000E-01    2.8882885724E+02
    7.1500000000E+00   -1.0437500000E+00    5.0000000000E-01    2.8882897785E+02
    7.2500000000E+00   -1.0437500000E+00    5.0000000000E-01    2.8882910572E+02
    7.3500000000E+00   -1.0437500000E+00    5.0000000000E-01    2.8882924102E+02
    7.4500000000E+00   -1.0437500000E+00    5.0000000000E-01    2.8882938395E+02
    7.5500000000E+00   -1.0437500000E+00    5.0000000000E-01    2.8882953469E+02
    7.6500000000E+00   -1.0437500000E+00    5.0000000000E-01    2.8882969343E+02
    7.7500000000E+00   -1.0437500000E+00    5.0000000000E-01    2.8882986034E+02
    7.8500000000E+00   -1.0437500000E+00    5.0000000000E-01    2.8883003541E+02
    7.9500000000E+00   -1.0437500000E+00    5.0000000000E-01    2.8883021923E+02
    5.0000000000E-02   -1.0312500000E+00    5.0000000000E-01    2.8882890759E+02
    1.5000000000E-01   -1.0312500000E+00    5.0000000000E-01    2.8882863709E+02
    2.5000000000E-01   -1.0312500000E+00    5.0000000000E-01    2.8882837914E+02
    3.5000000000E-01   -1.0312500000E+00    5.0000000000E-01    2.8882813303E+02
    4.5000000000E-01   -1.0312500000E+00    5.0000000000E-01    2.8882789878E+02
    5.5000000000E-01   -1.0312500000E+00    5.0000000000E-01    2.8882767620E+02
    6.5000000000E-01   -1.0312500000E+00    5.0000000000E-01    2.8882746507E+02
    7.5000000000E-01   -1.0312500000E+00    5.0000000000E-01    2.8882726515E+02
    8.5000000000E-01   -1.0312500000E+00    5.0000000000E-01    2.8882707620E+02
    9.5000000000E-01   -1.0312500000E+00    5.0000000000E-01    2.8882689795E+02
    1.0500000000E+00   -1.0312500000E+00    5.0000000000E-01    2.8882673012E+02
    1.1500000000E+00   -1.0312500000E+00    5.0000000000E-01    2.8882657242E+02
    1.2500000000E+00   -1.0312500000E+00    5.0000000000E-01    2.8882642454E+02
    1.3500000000E+00   -1.0312500000E+00    5.0000000000E-01    2.8882628616E+02
    1.4500000000E+00   -1.0312500000E+00    5.0000000000E-01    2.8882615693E+02
    1.5500000000E+00   -1.0312500000E+00    5.0000000000E-01    2.8882603652E+02
    1.6500000000E+00   -1.0312500000E+00    5.0000000000E-01    2.8882592456E+02
    1.7500000000E+00   -1.0312500000E+00    5.0000000000E-01    2.8882582069E+02
    1.8500000000E+00   -1.0312500000E+00    5.0000000000E-01    2.8882572455E+02
    1.9500000000E+00   -1.0312500000E+00    5.0000000000E-01    2.8882563577E+02
    2.0500000000E+00   -1.0312500000E+00    5.0000000000E-01    2.8882555398E+02
    2.1500000000E+00   -1.0312500000E+00    5.0000000000E-01    2.8882547882E+02
    2.2500000000E+00   -1.0312500000E+00    5.0000000000E-01    2.8882540992E+02
    2.3500000000E+00   -1.0312500000E+00    5.0000000000E-01    2.8882534694E+02
    2.4500000000E+00   -1.0312500000E+00    5.0000000000E-01    2.8882528953E+02
    2.5500000000E+00   -1.0312500000E+00    5.0000000000E-01    2.8882523735E+02
    2.6500000000E+00   -1.0312500000E+00    5.0000000000E-01    2.8882519008E+02
    2.7500000000E+00   -1.0312500000E+00    5.0000000000E-01    2.8882514740E+02
    2.8500000000E+00   -1.0312500000E+00    5.0000000000E-01    2.8882510904E+02
    2.9500000000E+00   -1.0312500000E+00    5.0000000000E-01    2.8882507470E+02
    3.0500000000E+00   -1.0312500000E+00    5.0000000000E-01    2.8882504412E+02
    3.1500000000E+00   -1.0312500000E+00    5.0000000000E-01    2.8882501705E+02
    3.2500000000E+00   -1.0312500000E+00    5.0000000000E-01    2.8882499328E+02
    3.3500000000E+00   -1.0312500000E+00    5.0000000000E-01    2.8882497259E+02
    3.4500000000E+00   -1.0312500000E+00    5.0000000000E-01    2.8882495479E+02
    3.5500000000E+00   -1.0312500000E+00    5.0000000000E-01    2.8882493972E+02
    3.6500000000E+00   -1.0312500000E+00    5.0000000000E-01    2.8882492722E+02
    3.7500000000E+00   -1.0312500000E+00    5.0000000000E-01    2.8882491717E+02
    3.8500000000E+00   -1.0312500000E+00    5.0000000000E-01    2.8882490946E+02
    3.9500000000E+00   -1.0312500000E+00    5.0000000000E-01    2.8882490401E+02
    4.0500000000E+00   -1.0312500000E+00    5.0000000000E-01    2.8882490074E+02
    4.1500000000E+00   -1.0312500000E+00    5.0000000000E-01    2.8882489961E+02
    4.2500000000E+00   -1.0312500000E+00    5.0000000000E-01    2.8882490060E+02
    4.3500000000E+00   -1.0312500000E+00    5.0000000000E-01    2.8882490370E+02
    4.4500000000E+00   -1.0312500000E+00    5.0000000000E-01    2.8882490892E+02
    4.5500000000E+00   -1.0312500000E+00    5.0000000000E-01    2.8882491630E+02
    4.6500000000E+00   -1.0312500000E+00    5.0000000000E-01    2.8882492588E+02
    4.7500000000E+00   -1.0312500000E+00    5.0000000000E-01    2.8882493774E+02
    4.8500000000E+00   -1.0312500000E+00    5.0000000000E-01    2.8882495197E+02
    4.9500000000E+00   -1.0312500000E+00    5.0000000000E-01    2.8882496867E+02
    5.0500000000E+00   -1.0312500000E+00    5.0000000000E-01    2.8882498796E+02
    5.1500000000E+00   -1.0312500000E+00    5.0000000000E-01    2.8882500998E+02
    5.2500000000E+00   -1.0312500000E+00    5.0000000000E-01    2.8882503488E+02
    5.3500000000E+00   -1.0312500000E+00    5.0000000000E-01    2.8882506283E+02
    5.4500000000E+00   -1.0312500000E+00    5.0000000000E-01    2.8882509401E+02
    5.5500000000E+00   -1.0312500000E+00    5.0000000000E-01    2.8882512861E+02
    5.6500000000E+00   -1.0312500000E+00    5.0000000000E-01    2.8882516684E+02
    5.7500000000E+00   -1.0312500000E+00    5.0000000000E-01    2.8882520890E+02
    5.8500000000E+00   -1.0312500000E+00    5.0000000000E-01    2.8882525501E+02
    5.9500000000E+00   -1.0312500000E+00    5.0000000000E-01    2.8882530541E+02
    6.0500000000E+00   -1.0312500000E+00    5.0000000000E-01    2.8882536033E+02
    6.1500000000E+00   -1.0312500000E+00    5.0000000000E-01    2.8882542000E+02
    6.2500000000E+00   -1.0312500000E+00    5.0000000000E-01    2.8882548467E+02
    6.3500000000E+00   -1.0312500000E+00    5.0000000000E-01    2.8882555458E+02
    6.4500000000E+00   -1.0312500000E+00    5.0000000000E-01    2.8882562996E+02
    6.5500000000E+00   -1.0312500000E+00    5.0000000000E-01    2.8882571107E+02
    6.6500000000E+00   -1.0312500000E+00    5.0000000000E-01    2.8882579813E+02
    6.7500000000E+00   -1.0312500000E+00    5.0000000000E-01    2.8882589137E+02
    6.8500000000E+00   -1.0312500000E+00    5.0000000000E-01    2.8882599102E+02
    6.9500000000E+00   -1.0312500000E+00    5.0000000000E-01    2.8882609730E+02
    7.0500000000E+00   -1.0312500000E+00    5.0000000000E-01    2.8882621040E+02
    7.1500000000E+00   -1.0312500000E+00    5.0000000000E-01    2.8882633055E+02
    7.2500000000E+00   -1.0312500000E+00    5.0000000000E-01    2.8882645791E+02
    7.3500000000E+00   -1.0312500000E+00    5.0000000000E-01    2.8882659268E+02
    7.4500000000E+00   -1.0312500000E+00    5.0000000000E-01    2.8882673503E+02
    7.5500000000E+00   -1.0312500000E+00    5.0000000000E-01    2.8882688515E+02
    7.6500000000E+00   -1.0312500000E+00    5.0000000000E-01    2.8882704321E+02
    7.7500000000E+00   -1.0312500000E+00    5.0000000000E-01    2.8882720935E+02
    7.8500000000E+00   -1.0312500000E+00    5.0000000000E-01    2.8882738349E+02
    7.9500000000E+00   -1.0312500000E+00    5.0000000000E-01    2.8882756621E+02
    5.0000000000E-02   -1.0187500000E+00    5.0000000000E-01    2.8882607637E+02
    1.5000000000E-01   -1.0187500000E+00    5.0000000000E-01    2.8882580728E+02
    2.5000000000E-01   -1.0187500000E+00    5.0000000000E-01    2.8882555061E+02
    3.5000000000E-01   -1.0187500000E+00    5.0000000000E-01    2.8882530563E+02
    4.5000000000E-01   -1.0187500000E+00    5.0000000000E-01    2.8882507241E+02
    5.5000000000E-01   -1.0187500000E+00    5.0000000000E-01    2.8882485078E+02
    6.5000000000E-01   -1.0187500000E+00    5.0000000000E-01    2.8882464055E+02
    7.5000000000E-01   -1.0187500000E+00    5.0000000000E-01    2.8882444147E+02
    8.5000000000E-01   -1.0187500000E+00    5.0000000000E-01    2.8882425330E+02
    9.5000000000E-01   -1.0187500000E+00    5.0000000000E-01    2.8882407579E+02
    1.0500000000E+00   -1.0187500000E+00    5.0000000000E-01    2.8882390866E+02
    1.1500000000E+00   -1.0187500000E+00    5.0000000000E-01    2.8882375162E+02
    1.2500000000E+00   -1.0187500000E+00    5.0000000000E-01    2.8882360435E+02
    1.3500000000E+00   -1.0187500000E+00    5.0000000000E-01    2.8882346653E+02
    1.4500000000E+00   -1.0187500000E+00    5.0000000000E-01    2.8882333784E+02
    1.5500000000E+00   -1.0187500000E+00    5.0000000000E-01    2.8882321792E+02
    1.6500000000E+00   -1.0187500000E+00    5.0000000000E-01    2.8882310642E+02
    1.7500000000E+00   -1.0187500000E+00    5.0000000000E-01    2.8882300297E+02
    1.8500000000E+00   -1.0187500000E+00    5.0000000000E-01    2.8882290723E+02
    1.9500000000E+00   -1.0187500000E+00    5.0000000000E-01    2.8882281881E+02
    2.0500000000E+00   -1.0187500000E+00    5.0000000000E-01    2.8882273735E+02
    2.1500000000E+00   -1.0187500000E+00    5.0000000000E-01    2.8882266250E+02
    2.2500000000E+00   -1.0187500000E+00    5.0000000000E-01    2.8882259388E+02
    2.3500000000E+00   -1.0187500000E+00    5.0000000000E-01    2.8882253115E+02
    2.4500000000E+00   -1.0187500000E+00    5.0000000000E-01    2.8882247397E+02
    2.5500000000E+00   -1.0187500000E+00    5.0000000000E-01    2.8882242200E+02
    2.6500000000E+00   -1.0187500000E+00    5.0000000000E-01    2.8882237492E+02
    2.7500000000E+00   -1.0187500000E+00    5.0000000000E-01    2.8882233242E+02
    2.8500000000E+00   -1.0187500000E+00    5.0000000000E-01    2.8882229420E+02
    2.9500000000E+00   -1.0187500000E+00    5.0000000000E-01    2.8882226000E+02
    3.0500000000E+00   -1.0187500000E+00    5.0000000000E-01    2.8882222954E+02
    3.1500000000E+00   -1.0187500000E+00    5.0000000000E-01    2.8882220258E+02
    3.2500000000E+00   -1.0187500000E+00    5.0000000000E-01    2.8882217891E+02
    3.3500000000E+00   -1.0187500000E+00    5.0000000000E-01    2.8882215830E+02
    3.4500000000E+00   -1.0187500000E+00    5.0000000000E-01    2.8882214057E+02
    3.5500000000E+00   -1.0187500000E+00    5.0000000000E-01    2.8882212555E+02
    3.6500000000E+00   -1.0187500000E+00    5.0000000000E-01    2.8882211311E+02
    3.7500000000E+00   -1.0187500000E+00    5.0000000000E-01    2.8882210310E+02
    3.8500000000E+00   -1.0187500000E+00    5.0000000000E-01    2.8882209542E+02
    3.9500000000E+00   -1.0187500000E+00    5.0000000000E-01    2.8882208998E+02
    4.0500000000E+00   -1.0187500000E+00    5.0000000000E-01    2.8882208673E+02
    4.1500000000E+00   -1.0187500000E+00    5.0000000000E-01    2.8882208561E+02
    4.2500000000E+00   -1.0187500000E+00    5.0000000000E-01    2.8882208659E+02
    4.3500000000E+00   -1.0187500000E+00    5.0000000000E-01    2.8882208968E+02
    4.4500000000E+00   -1.0187500000E+00    5.0000000000E-01    2.8882209488E+02
    4.5500000000E+00   -1.0187500000E+00    5.0000000000E-01    2.8882210222E+02
    4.6500000000E+00   -1.0187500000E+00    5.0000000000E-01    2.8882211177E+02
    4.7500000000E+00   -1.0187500000E+00    5.0000000000E-01    2.8882212358E+02
    4.8500000000E+00   -1.0187500000E+00    5.0000000000E-01    2.8882213775E+02
    4.9500000000E+00   -1.0187500000E+00    5.0000000000E-01    2.8882215438E+02
    5.0500000000E+00   -1.0187500000E+00    5.0000000000E-01    2.8882217360E+02
    5.1500000000E+00   -1.0187500000E+00    5.0000000000E-01    2.8882219553E+02
    5.2500000000E+00   -1.0187500000E+00    5.0000000000E-01    2.8882222033E+02
    5.3500000000E+00   -1.0187500000E+00    5.0000000000E-01    2.8882224817E+02
    5.4500000000E+00   -1.0187500000E+00    5.0000000000E-01    2.8882227922E+02
    5.5500000000E+00   -1.0187500000E+00    5.0000000000E-01    2.8882231369E+02
    5.6500000000E+00   -1.0187500000E+00    5.0000000000E-01    2.8882235176E+02
    5.7500000000E+00   -1.0187500000E+00    5.0000000000E-01    2.8882239364E+02
    5.8500000000E+00   -1.0187500000E+00    5.0000000000E-01    2.8882243957E+02
    5.9500000000E+00   -1.0187500000E+00    5.0000000000E-01    2.8882248977E+02
    6.0500000000E+00   -1.0187500000E+00    5.0000000000E-01    2.8882254446E+02
    6.1500000000E+00   -1.0187500000E+00    5.0000000000E-01    2.8882260389E+02
    6.2500000000E+00   -1.0187500000E+00    5.0000000000E-01    2.8882266830E+02
    6.3500000000E+00   -1.0187500000E+00    5.0000000000E-01    2.8882273792E+02
    6.4500000000E+00   -1.0187500000E+00    5.0000000000E-01    2.8882281300E+02
    6.5500000000E+00   -1.0187500000E+00    5.0000000000E-01    2.8882289377E+02
    6.6500000000E+00   -1.0187500000E+00    5.0000000000E-01    2.8882298047E+02
    6.7500000000E+00   -1.0187500000E+00    5.0000000000E-01    2.8882307333E+02
    6.8500000000E+00   -1.0187500000E+00    5.0000000000E-01    2.8882317257E+02
    6.9500000000E+00   -1.0187500000E+00    5.0000000000E-01    2.8882327840E+02
    7.0500000000E+00   -1.0187500000E+00    5.0000000000E-01    2.8882339104E+02
    7.1500000000E+00   -1.0187500000E+00    5.0000000000E-01    2.8882351068E+02
    7.2500000000E+00   -1.0187500000E+00    5.0000000000E-01    2.8882363750E+02
    7.3500000000E+00   -1.0187500000E+00    5.0000000000E-01    2.8882377170E+02
    7.4500000000E+00   -1.0187500000E+00    5.0000000000E-01    2.8882391345E+02
    7.5500000000E+00   -1.0187500000E+00    5.0000000000E-01    2.8882406291E+02
    7.6500000000E+00   -1.0187500000E+00    5.0000000000E-01    2.8882422024E+02
    7.7500000000E+00   -1.0187500000E+00    5.0000000000E-01    2.8882438556E+02
    7.8500000000E+00   -1.0187500000E+00    5.0000000000E-01    2.8882455875E+02
    7.9500000000E+00   -1.0187500000E+00    5.0000000000E-01    2.8882474038E+02
    5.0000000000E-02   -1.0062500000E+00    5.0000000000E-01    2.8882307272E+02
    1.5000000000E-01   -1.0062500000E+00    5.0000000000E-01    2.8882280509E+02
    2.5000000000E-01   -1.0062500000E+00    5.0000000000E-01    2.8882254974E+02
    3.5000000000E-01   -1.0062500000E+00    5.0000000000E-01    2.8882230595E+02
    4.5000000000E-01   -1.0062500000E+00    5.0000000000E-01    2.8882207382E+02
    5.5000000000E-01   -1.0062500000E+00    5.0000000000E-01    2.8882185321E+02
    6.5000000000E-01   -1.0062500000E+00    5.0000000000E-01    2.8882164392E+02
    7.5000000000E-01   -1.0062500000E+00    5.0000000000E-01    2.8882144573E+02
    8.5000000000E-01   -1.0062500000E+00    5.0000000000E-01    2.8882125840E+02
    9.5000000000E-01   -1.0062500000E+00    5.0000000000E-01    2.8882108168E+02
    1.0500000000E+00   -1.0062500000E+00    5.0000000000E-01    2.8882091529E+02
    1.1500000000E+00   -1.0062500000E+00    5.0000000000E-01    2.8882075893E+02
    1.2500000000E+00   -1.0062500000E+00    5.0000000000E-01    2.8882061231E+02
    1.3500000000E+00   -1.0062500000E+00    5.0000000000E-01    2.8882047510E+02
    1.4500000000E+00   -1.0062500000E+00    5.0000000000E-01    2.8882034697E+02
    1.5500000000E+00   -1.0062500000E+00    5.0000000000E-01    2.8882022758E+02
    1.6500000000E+00   -1.0062500000E+00    5.0000000000E-01    2.8882011656E+02
    1.7500000000E+00   -1.0062500000E+00    5.0000000000E-01    2.8882001357E+02
    1.8500000000E+00   -1.0062500000E+00    5.0000000000E-01    2.8881991824E+02
    1.9500000000E+00   -1.0062500000E+00    5.0000000000E-01    2.8881983021E+02
    2.0500000000E+00   -1.0062500000E+00    5.0000000000E-01    2.8881974911E+02
    2.1500000000E+00   -1.0062500000E+00    5.0000000000E-01    2.8881967457E+02
    2.2500000000E+00   -1.0062500000E+00    5.0000000000E-01    2.8881960625E+02
    2.3500000000E+00   -1.0062500000E+00    5.0000000000E-01    2.8881954380E+02
    2.4500000000E+00   -1.0062500000E+00    5.0000000000E-01    2.8881948686E+02
    2.5500000000E+00   -1.0062500000E+00    5.0000000000E-01    2.8881943511E+02
    2.6500000000E+00   -1.0062500000E+00    5.0000000000E-01    2.8881938823E+02
    2.7500000000E+00   -1.0062500000E+00    5.0000000000E-01    2.8881934591E+02
    2.8500000000E+00   -1.0062500000E+00    5.0000000000E-01    2.8881930786E+02
    2.9500000000E+00   -1.0062500000E+00    5.0000000000E-01    2.8881927381E+02
    3.0500000000E+00   -1.0062500000E+00    5.0000000000E-01    2.8881924348E+02
    3.1500000000E+00   -1.0062500000E+00    5.0000000000E-01    2.8881921664E+02
    3.2500000000E+00   -1.0062500000E+00    5.0000000000E-01    2.8881919306E+02
    3.3500000000E+00   -1.0062500000E+00    5.0000000000E-01    2.8881917254E+02
    3.4500000000E+00   -1.0062500000E+00    5.0000000000E-01    2.8881915488E+02
    3.5500000000E+00   -1.0062500000E+00    5.0000000000E-01    2.8881913993E+02
    3.6500000000E+00   -1.0062500000E+00    5.0000000000E-01    2.8881912754E+02
    3.7500000000E+00   -1.0062500000E+00    5.0000000000E-01    2.8881911757E+02
    3.8500000000E+00   -1.0062500000E+00    5.0000000000E-01    2.8881910992E+02
    3.9500000000E+00   -1.0062500000E+00    5.0000000000E-01    2.8881910451E+02
    4.0500000000E+00   -1.0062500000E+00    5.0000000000E-01    2.8881910127E+02
    4.1500000000E+00   -1.0062500000E+00    5.0000000000E-01    2.8881910015E+02
    4.2500000000E+00   -1.0062500000E+00    5.0000000000E-01    2.8881910113E+02
    4.3500000000E+00   -1.0062500000E+00    5.0000000000E-01    2.8881910420E+02
    4.4500000000E+00   -1.0062500000E+00    5.0000000000E-01    2.8881910938E+02
    4.5500000000E+00   -1.0062500000E+00    5.0000000000E-01    2.8881911670E+02
    4.6500000000E+00   -1.0062500000E+00    5.0000000000E-01    2.8881912620E+02
    4.7500000000E+00   -1.0062500000E+00    5.0000000000E-01    2.8881913796E+02
    4.8500000000E+00   -1.0062500000E+00    5.0000000000E-01    2.8881915207E+02
    4.9500000000E+00   -1.0062500000E+00    5.0000000000E-01    2.8881916863E+02
    5.0500000000E+00   -1.0062500000E+00    5.0000000000E-01    2.8881918776E+02
    5.1500000000E+00   -1.0062500000E+00    5.0000000000E-01    2.8881920960E+02
    5.2500000000E+00   -1.0062500000E+00    5.0000000000E-01    2.8881923430E+02
    5.3500000000E+00   -1.0062500000E+00    5.0000000000E-01    2.8881926202E+02
    5.4500000000E+00   -1.0062500000E+00    5.0000000000E-01    2.8881929294E+02
    5.5500000000E+00   -1.0062500000E+00    5.0000000000E-01    2.8881932725E+02
    5.6500000000E+00   -1.0062500000E+00    5.0000000000E-01    2.8881936516E+02
    5.7500000000E+00   -1.0062500000E+00    5.0000000000E-01    2.8881940687E+02
    5.8500000000E+00   -1.0062500000E+00    5.0000000000E-01    2.8881945260E+02
    5.9500000000E+00   -1.0062500000E+00    5.0000000000E-01    2.8881950257E+02
    6.0500000000E+00   -1.0062500000E+00    5.0000000000E-01    2.8881955703E+02
    6.1500000000E+00   -1.0062500000E+00    5.0000000000E-01    2.8881961620E+02
    6.2500000000E+00   -1.0062500000E+00    5.0000000000E-01    2.8881968033E+02
    6.3500000000E+00   -1.0062500000E+00    5.0000000000E-01    2.8881974964E+02
    6.4500000000E+00   -1.0062500000E+00    5.0000000000E-01    2.8881982439E+02
    6.5500000000E+00   -1.0062500000E+00    5.0000000000E-01    2.8881990481E+02
    6.6500000000E+00   -1.0062500000E+00    5.0000000000E-01    2.8881999113E+02
    6.7500000000E+00   -1.0062500000E+00    5.0000000000E-01    2.8882008358E+02
    6.8500000000E+00   -1.0062500000E+00    5.0000000000E-01    2.8882018238E+02
    6.9500000000E+00   -1.0062500000E+00    5.0000000000E-01    2.8882028775E+02
    7.0500000000E+00   -1.0062500000E+00    5.0000000000E-01    2.8882039989E+02
    7.1500000000E+00   -1.0062500000E+00    5.0000000000E-01    2.8882051899E+02
    7.2500000000E+00   -1.0062500000E+00    5.0000000000E-01    2.8882064525E+02
    7.3500000000E+00   -1.0062500000E+00    5.0000000000E-01    2.8882077885E+02
    7.4500000000E+00   -1.0062500000E+00    5.0000000000E-01    2.8882091994E+02
    7.5500000000E+00   -1.0062500000E+00    5.0000000000E-01    2.8882106870E+02
    7.6500000000E+00   -1.0062500000E+00    5.0000000000E-01    2.8882122528E+02
    7.7500000000E+00   -1.0062500000E+00    5.0000000000E-01    2.8882138974E+02
    7.8500000000E+00   -1.0062500000E+00    5.0000000000E-01    2.8882156195E+02
    7.9500000000E+00   -1.0062500000E+00    5.0000000000E-01    2.8882174248E+02
    5.0000000000E-02   -9.9375000000E-01    5.0000000000E-01    2.8881989745E+02
    1.5000000000E-01   -9.9375000000E-01    5.0000000000E-01    2.8881963129E+02
    2.5000000000E-01   -9.9375000000E-01    5.0000000000E-01    2.8881937732E+02
    3.5000000000E-01   -9.9375000000E-01    5.0000000000E-01    2.8881913479E+02
    4.5000000000E-01   -9.9375000000E-01    5.0000000000E-01    2.8881890380E+02
    5.5000000000E-01   -9.9375000000E-01    5.0000000000E-01    2.8881868426E+02
    6.5000000000E-01   -9.9375000000E-01    5.0000000000E-01    2.8881847597E+02
    7.5000000000E-01   -9.9375000000E-01    5.0000000000E-01    2.8881827873E+02
    8.5000000000E-01   -9.9375000000E-01    5.0000000000E-01    2.8881809229E+02
    9.5000000000E-01   -9.9375000000E-01    5.0000000000E-01    2.8881791640E+02
    1.0500000000E+00   -9.9375000000E-01    5.0000000000E-01    2.8881775078E+02
    1.1500000000E+00   -9.9375000000E-01    5.0000000000E-01    2.8881759516E+02
    1.2500000000E+00   -9.9375000000E-01    5.0000000000E-01    2.8881744923E+02
    1.3500000000E+00   -9.9375000000E-01    5.0000000000E-01    2.8881731266E+02
    1.4500000000E+00   -9.9375000000E-01    5.0000000000E-01    2.8881718513E+02
    1.5500000000E+00   -9.9375000000E-01    5.0000000000E-01    2.8881706629E+02
    1.6500000000E+00   -9.9375000000E-01    5.0000000000E-01    2.8881695579E+02
    1.7500000000E+00   -9.9375000000E-01    5.0000000000E-01    2.8881685327E+02
    1.8500000000E+00   -9.9375000000E-01    5.0000000000E-01    2.8881675839E+02
    1.9500000000E+00   -9.9375000000E-01    5.0000000000E-01    2.8881667076E+02
    2.0500000000E+00   -9.9375000000E-01    5.0000000000E-01    2.8881659003E+02
    2.1500000000E+00   -9.9375000000E-01    5.0000000000E-01    2.8881651584E+02
    2.2500000000E+00   -9.9375000000E-01    5.0000000000E-01    2.8881644784E+02
    2.3500000000E+00   -9.9375000000E-01    5.0000000000E-01    2.8881638567E+02
    2.4500000000E+00   -9.9375000000E-01    5.0000000000E-01    2.8881632899E+02
    2.5500000000E+00   -9.9375000000E-01    5.0000000000E-01    2.8881627748E+02
    2.6500000000E+00   -9.9375000000E-01    5.0000000000E-01    2.8881623081E+02
    2.7500000000E+00   -9.9375000000E-01    5.0000000000E-01    2.8881618869E+02
    2.8500000000E+00   -9.9375000000E-01    5.0000000000E-01    2.8881615081E+02
    2.9500000000E+00   -9.9375000000E-01    5.0000000000E-01    2.8881611691E+02
    3.0500000000E+00   -9.9375000000E-01    5.0000000000E-01    2.8881608672E+02
    3.1500000000E+00   -9.9375000000E-01    5.0000000000E-01    2.8881606000E+02
    3.2500000000E+00   -9.9375000000E-01    5.0000000000E-01    2.8881603653E+02
    3.3500000000E+00   -9.9375000000E-01    5.0000000000E-01    2.8881601610E+02
    3.4500000000E+00   -9.9375000000E-01    5.0000000000E-01    2.8881599852E+02
    3.5500000000E+00   -9.9375000000E-01    5.0000000000E-01    2.8881598364E+02
    3.6500000000E+00   -9.9375000000E-01    5.0000000000E-01    2.8881597130E+02
    3.7500000000E+00   -9.9375000000E-01    5.0000000000E-01    2.8881596137E+02
    3.8500000000E+00   -9.9375000000E-01    5.0000000000E-01    2.8881595376E+02
    3.9500000000E+00   -9.9375000000E-01    5.0000000000E-01    2.8881594838E+02
    4.0500000000E+00   -9.9375000000E-01    5.0000000000E-01    2.8881594515E+02
    4.1500000000E+00   -9.9375000000E-01    5.0000000000E-01    2.8881594403E+02
    4.2500000000E+00   -9.9375000000E-01    5.0000000000E-01    2.8881594501E+02
    4.3500000000E+00   -9.9375000000E-01    5.0000000000E-01    2.8881594807E+02
    4.4500000000E+00   -9.9375000000E-01    5.0000000000E-01    2.8881595322E+02
    4.5500000000E+00   -9.9375000000E-01    5.0000000000E-01    2.8881596050E+02
    4.6500000000E+00   -9.9375000000E-01    5.0000000000E-01    2.8881596996E+02
    4.7500000000E+00   -9.9375000000E-01    5.0000000000E-01    2.8881598167E+02
    4.8500000000E+00   -9.9375000000E-01    5.0000000000E-01    2.8881599572E+02
    4.9500000000E+00   -9.9375000000E-01    5.0000000000E-01    2.8881601220E+02
    5.0500000000E+00   -9.9375000000E-01    5.0000000000E-01    2.8881603125E+02
    5.1500000000E+00   -9.9375000000E-01    5.0000000000E-01    2.8881605299E+02
    5.2500000000E+00   -9.9375000000E-01    5.0000000000E-01    2.8881607757E+02
    5.3500000000E+00   -9.9375000000E-01    5.0000000000E-01    2.8881610516E+02
    5.4500000000E+00   -9.9375000000E-01    5.0000000000E-01    2.8881613594E+02
    5.5500000000E+00   -9.9375000000E-01    5.0000000000E-01    2.8881617010E+02
    5.6500000000E+00   -9.9375000000E-01    5.0000000000E-01    2.8881620783E+02
    5.7500000000E+00   -9.9375000000E-01    5.0000000000E-01    2.8881624935E+02
    5.8500000000E+00   -9.9375000000E-01    5.0000000000E-01    2.8881629487E+02
    5.9500000000E+00   -9.9375000000E-01    5.0000000000E-01    2.8881634461E+02
    6.0500000000E+00   -9.9375000000E-01    5.0000000000E-01    2.8881639882E+02
    6.1500000000E+00   -9.9375000000E-01    5.0000000000E-01    2.8881645771E+02
    6.2500000000E+00   -9.9375000000E-01    5.0000000000E-01    2.8881652154E+02
    6.3500000000E+00   -9.9375000000E-01    5.0000000000E-01    2.8881659054E+02
    6.4500000000E+00   -9.9375000000E-01    5.0000000000E-01    2.8881666494E+02
    6.5500000000E+00   -9.9375000000E-01    5.0000000000E-01    2.8881674498E+02
    6.6500000000E+00   -9.9375000000E-01    5.0000000000E-01    2.8881683090E+02
    6.7500000000E+00   -9.9375000000E-01    5.0000000000E-01    2.8881692292E+02
    6.8500000000E+00   -9.9375000000E-01    5.0000000000E-01    2.8881702126E+02
    6.9500000000E+00   -9.9375000000E-01    5.0000000000E-01    2.8881712613E+02
    7.0500000000E+00   -9.9375000000E-01    5.0000000000E-01    2.8881723774E+02
    7.1500000000E+00   -9.9375000000E-01    5.0000000000E-01    2.8881735628E+02
    7.2500000000E+00   -9.9375000000E-01    5.0000000000E-01    2.8881748194E+02
    7.3500000000E+00   -9.9375000000E-01    5.0000000000E-01    2.8881761489E+02
    7.4500000000E+00   -9.9375000000E-01    5.0000000000E-01    2.8881775531E+02
    7.5500000000E+00   -9.9375000000E-01    5.0000000000E-01    2.8881790333E+02
    7.6500000000E+00   -9.9375000000E-01    5.0000000000E-01    2.8881805910E+02
    7.7500000000E+00   -9.9375000000E-01    5.0000000000E-01    2.8881822268E+02
    7.8500000000E+00   -9.9375000000E-01    5.0000000000E-01    2.8881839386E+02
    7.9500000000E+00   -9.9375000000E-01    5.0000000000E-01    2.8881857329E+02
    5.0000000000E-02   -9.8125000000E-01    5.0000000000E-01    2.8881655137E+02
    1.5000000000E-01   -9.8125000000E-01    5.0000000000E-01    2.8881628674E+02
    2.5000000000E-01   -9.8125000000E-01    5.0000000000E-01    2.8881603419E+02
    3.5000000000E-01   -9.8125000000E-01    5.0000000000E-01    2.8881579297E+02
    4.5000000000E-01   -9.8125000000E-01    5.0000000000E-01    2.8881556319E+02
    5.5000000000E-01   -9.8125000000E-01    5.0000000000E-01    2.8881534478E+02
    6.5000000000E-01   -9.8125000000E-01    5.0000000000E-01    2.8881513755E+02
    7.5000000000E-01   -9.8125000000E-01    5.0000000000E-01    2.8881494129E+02
    8.5000000000E-01   -9.8125000000E-01    5.0000000000E-01    2.8881475578E+02
    9.5000000000E-01   -9.8125000000E-01    5.0000000000E-01    2.8881458077E+02
    1.0500000000E+00   -9.8125000000E-01    5.0000000000E-01    2.8881441598E+02
    1.1500000000E+00   -9.8125000000E-01    5.0000000000E-01    2.8881426114E+02
    1.2500000000E+00   -9.8125000000E-01    5.0000000000E-01    2.8881411592E+02
    1.3500000000E+00   -9.8125000000E-01    5.0000000000E-01    2.8881398003E+02
    1.4500000000E+00   -9.8125000000E-01    5.0000000000E-01    2.8881385313E+02
    1.5500000000E+00   -9.8125000000E-01    5.0000000000E-01    2.8881373487E+02
    1.6500000000E+00   -9.8125000000E-01    5.0000000000E-01    2.8881362492E+02
    1.7500000000E+00   -9.8125000000E-01    5.0000000000E-01    2.8881352291E+02
    1.8500000000E+00   -9.8125000000E-01    5.0000000000E-01    2.8881342849E+02
    1.9500000000E+00   -9.8125000000E-01    5.0000000000E-01    2.8881334129E+02
    2.0500000000E+00   -9.8125000000E-01    5.0000000000E-01    2.8881326096E+02
    2.1500000000E+00   -9.8125000000E-01    5.0000000000E-01    2.8881318713E+02
    2.2500000000E+00   -9.8125000000E-01    5.0000000000E-01    2.8881311946E+02
    2.3500000000E+00   -9.8125000000E-01    5.0000000000E-01    2.8881305759E+02
    2.4500000000E+00   -9.8125000000E-01    5.0000000000E-01    2.8881300119E+02
    2.5500000000E+00   -9.8125000000E-01    5.0000000000E-01    2.8881294993E+02
    2.6500000000E+00   -9.8125000000E-01    5.0000000000E-01    2.8881290349E+02
    2.7500000000E+00   -9.8125000000E-01    5.0000000000E-01    2.8881286157E+02
    2.8500000000E+00   -9.8125000000E-01    5.0000000000E-01    2.8881282387E+02
    2.9500000000E+00   -9.8125000000E-01    5.0000000000E-01    2.8881279013E+02
    3.0500000000E+00   -9.8125000000E-01    5.0000000000E-01    2.8881276009E+02
    3.1500000000E+00   -9.8125000000E-01    5.0000000000E-01    2.8881273350E+02
    3.2500000000E+00   -9.8125000000E-01    5.0000000000E-01    2.8881271014E+02
    3.3500000000E+00   -9.8125000000E-01    5.0000000000E-01    2.8881268980E+02
    3.4500000000E+00   -9.8125000000E-01    5.0000000000E-01    2.8881267232E+02
    3.5500000000E+00   -9.8125000000E-01    5.0000000000E-01    2.8881265750E+02
    3.6500000000E+00   -9.8125000000E-01    5.0000000000E-01    2.8881264522E+02
    3.7500000000E+00   -9.8125000000E-01    5.0000000000E-01    2.8881263534E+02
    3.8500000000E+00   -9.8125000000E-01    5.0000000000E-01    2.8881262777E+02
    3.9500000000E+00   -9.8125000000E-01    5.0000000000E-01    2.8881262241E+02
    4.0500000000E+00   -9.8125000000E-01    5.0000000000E-01    2.8881261919E+02
    4.1500000000E+00   -9.8125000000E-01    5.0000000000E-01    2.8881261809E+02
    4.2500000000E+00   -9.8125000000E-01    5.0000000000E-01    2.8881261906E+02
    4.3500000000E+00   -9.8125000000E-01    5.0000000000E-01    2.8881262210E+02
    4.4500000000E+00   -9.8125000000E-01    5.0000000000E-01    2.8881262723E+02
    4.5500000000E+00   -9.8125000000E-01    5.0000000000E-01    2.8881263447E+02
    4.6500000000E+00   -9.8125000000E-01    5.0000000000E-01    2.8881264389E+02
    4.7500000000E+00   -9.8125000000E-01    5.0000000000E-01    2.8881265554E+02
    4.8500000000E+00   -9.8125000000E-01    5.0000000000E-01    2.8881266952E+02
    4.9500000000E+00   -9.8125000000E-01    5.0000000000E-01    2.8881268593E+02
    5.0500000000E+00   -9.8125000000E-01    5.0000000000E-01    2.8881270488E+02
    5.1500000000E+00   -9.8125000000E-01    5.0000000000E-01    2.8881272651E+02
    5.2500000000E+00   -9.8125000000E-01    5.0000000000E-01    2.8881275098E+02
    5.3500000000E+00   -9.8125000000E-01    5.0000000000E-01    2.8881277844E+02
    5.4500000000E+00   -9.8125000000E-01    5.0000000000E-01    2.8881280907E+02
    5.5500000000E+00   -9.8125000000E-01    5.0000000000E-01    2.8881284305E+02
    5.6500000000E+00   -9.8125000000E-01    5.0000000000E-01    2.8881288060E+02
    5.7500000000E+00   -9.8125000000E-01    5.0000000000E-01    2.8881292192E+02
    5.8500000000E+00   -9.8125000000E-01    5.0000000000E-01    2.8881296721E+02
    5.9500000000E+00   -9.8125000000E-01    5.0000000000E-01    2.8881301672E+02
    6.0500000000E+00   -9.8125000000E-01    5.0000000000E-01    2.8881307066E+02
    6.1500000000E+00   -9.8125000000E-01    5.0000000000E-01    2.8881312926E+02
    6.2500000000E+00   -9.8125000000E-01    5.0000000000E-01    2.8881319278E+02
    6.3500000000E+00   -9.8125000000E-01    5.0000000000E-01    2.8881326144E+02
    6.4500000000E+00   -9.8125000000E-01    5.0000000000E-01    2.8881333547E+02
    6.5500000000E+00   -9.8125000000E-01    5.0000000000E-01    2.8881341512E+02
    6.6500000000E+00   -9.8125000000E-01    5.0000000000E-01    2.8881350061E+02
    6.7500000000E+00   -9.8125000000E-01    5.0000000000E-01    2.8881359217E+02
    6.8500000000E+00   -9.8125000000E-01    5.0000000000E-01    2.8881369002E+02
    6.9500000000E+00   -9.8125000000E-01    5.0000000000E-01    2.8881379438E+02
    7.0500000000E+00   -9.8125000000E-01    5.0000000000E-01    2.8881390543E+02
    7.1500000000E+00   -9.8125000000E-01    5.0000000000E-01    2.8881402338E+02
    7.2500000000E+00   -9.8125000000E-01    5.0000000000E-01    2.8881414840E+02
    7.3500000000E+00   -9.8125000000E-01    5.0000000000E-01    2.8881428068E+02
    7.4500000000E+00   -9.8125000000E-01    5.0000000000E-01    2.8881442037E+02
    7.5500000000E+00   -9.8125000000E-01    5.0000000000E-01    2.8881456762E+02
    7.6500000000E+00   -9.8125000000E-01    5.0000000000E-01    2.8881472255E+02
    7.7500000000E+00   -9.8125000000E-01    5.0000000000E-01    2.8881488519E+02
    7.8500000000E+00   -9.8125000000E-01    5.0000000000E-01    2.8881505534E+02
    7.9500000000E+00   -9.8125000000E-01    5.0000000000E-01    2.8881523364E+02
    5.0000000000E-02   -9.6875000000E-01    5.0000000000E-01    2.8881303536E+02
    1.5000000000E-01   -9.6875000000E-01    5.0000000000E-01    2.8881277229E+02
    2.5000000000E-01   -9.6875000000E-01    5.0000000000E-01    2.8881252123E+02
    3.5000000000E-01   -9.6875000000E-01    5.0000000000E-01    2.8881228138E+02
    4.5000000000E-01   -9.6875000000E-01    5.0000000000E-01    2.8881205287E+02
    5.5000000000E-01   -9.6875000000E-01    5.0000000000E-01    2.8881183563E+02
    6.5000000000E-01   -9.6875000000E-01    5.0000000000E-01    2.8881162951E+02
    7.5000000000E-01   -9.6875000000E-01    5.0000000000E-01    2.8881143430E+02
    8.5000000000E-01   -9.6875000000E-01    5.0000000000E-01    2.8881124977E+02
    9.5000000000E-01   -9.6875000000E-01    5.0000000000E-01    2.8881107568E+02
    1.0500000000E+00   -9.6875000000E-01    5.0000000000E-01    2.8881091176E+02
    1.1500000000E+00   -9.6875000000E-01    5.0000000000E-01    2.8881075773E+02
    1.2500000000E+00   -9.6875000000E-01    5.0000000000E-01    2.8881061327E+02
    1.3500000000E+00   -9.6875000000E-01    5.0000000000E-01    2.8881047809E+02
    1.4500000000E+00   -9.6875000000E-01    5.0000000000E-01    2.8881035185E+02
    1.5500000000E+00   -9.6875000000E-01    5.0000000000E-01    2.8881023421E+02
    1.6500000000E+00   -9.6875000000E-01    5.0000000000E-01    2.8881012483E+02
    1.7500000000E+00   -9.6875000000E-01    5.0000000000E-01    2.8881002335E+02
    1.8500000000E+00   -9.6875000000E-01    5.0000000000E-01    2.8880992942E+02
    1.9500000000E+00   -9.6875000000E-01    5.0000000000E-01    2.8880984267E+02
    2.0500000000E+00   -9.6875000000E-01    5.0000000000E-01    2.8880976276E+02
    2.1500000000E+00   -9.6875000000E-01    5.0000000000E-01    2.8880968931E+02
    2.2500000000E+00   -9.6875000000E-01    5.0000000000E-01    2.8880962199E+02
    2.3500000000E+00   -9.6875000000E-01    5.0000000000E-01    2.8880956044E+02
    2.4500000000E+00   -9.6875000000E-01    5.0000000000E-01    2.8880950433E+02
    2.5500000000E+00   -9.6875000000E-01    5.0000000000E-01    2.8880945333E+02
    2.6500000000E+00   -9.6875000000E-01    5.0000000000E-01    2.8880940713E+02
    2.7500000000E+00   -9.6875000000E-01    5.0000000000E-01    2.8880936542E+02
    2.8500000000E+00   -9.6875000000E-01    5.0000000000E-01    2.8880932792E+02
    2.9500000000E+00   -9.6875000000E-01    5.0000000000E-01    2.8880929435E+02
    3.0500000000E+00   -9.6875000000E-01    5.0000000000E-01    2.8880926446E+02
    3.1500000000E+00   -9.6875000000E-01    5.0000000000E-01    2.8880923801E+02
    3.2500000000E+00   -9.6875000000E-01    5.0000000000E-01    2.8880921477E+02
    3.3500000000E+00   -9.6875000000E-01    5.0000000000E-01    2.8880919454E+02
    3.4500000000E+00   -9.6875000000E-01    5.0000000000E-01    2.8880917714E+02
    3.5500000000E+00   -9.6875000000E-01    5.0000000000E-01    2.8880916240E+02
    3.6500000000E+00   -9.6875000000E-01    5.0000000000E-01    2.8880915018E+02
    3.7500000000E+00   -9.6875000000E-01    5.0000000000E-01    2.8880914035E+02
    3.8500000000E+00   -9.6875000000E-01    5.0000000000E-01    2.8880913281E+02
    3.9500000000E+00   -9.6875000000E-01    5.0000000000E-01    2.8880912748E+02
    4.0500000000E+00   -9.6875000000E-01    5.0000000000E-01    2.8880912428E+02
    4.1500000000E+00   -9.6875000000E-01    5.0000000000E-01    2.8880912318E+02
    4.2500000000E+00   -9.6875000000E-01    5.0000000000E-01    2.8880912414E+02
    4.3500000000E+00   -9.6875000000E-01    5.0000000000E-01    2.8880912717E+02
    4.4500000000E+00   -9.6875000000E-01    5.0000000000E-01    2.8880913227E+02
    4.5500000000E+00   -9.6875000000E-01    5.0000000000E-01    2.8880913948E+02
    4.6500000000E+00   -9.6875000000E-01    5.0000000000E-01    2.8880914885E+02
    4.7500000000E+00   -9.6875000000E-01    5.0000000000E-01    2.8880916044E+02
    4.8500000000E+00   -9.6875000000E-01    5.0000000000E-01    2.8880917435E+02
    4.9500000000E+00   -9.6875000000E-01    5.0000000000E-01    2.8880919067E+02
    5.0500000000E+00   -9.6875000000E-01    5.0000000000E-01    2.8880920953E+02
    5.1500000000E+00   -9.6875000000E-01    5.0000000000E-01    2.8880923105E+02
    5.2500000000E+00   -9.6875000000E-01    5.0000000000E-01    2.8880925539E+02
    5.3500000000E+00   -9.6875000000E-01    5.0000000000E-01    2.8880928271E+02
    5.4500000000E+00   -9.6875000000E-01    5.0000000000E-01    2.8880931318E+02
    5.5500000000E+00   -9.6875000000E-01    5.0000000000E-01    2.8880934699E+02
    5.6500000000E+00   -9.6875000000E-01    5.0000000000E-01    2.8880938435E+02
    5.7500000000E+00   -9.6875000000E-01    5.0000000000E-01    2.8880942545E+02
    5.8500000000E+00   -9.6875000000E-01    5.0000000000E-01    2.8880947051E+02
    5.9500000000E+00   -9.6875000000E-01    5.0000000000E-01    2.8880951976E+02
    6.0500000000E+00   -9.6875000000E-01    5.0000000000E-01    2.8880957342E+02
    6.1500000000E+00   -9.6875000000E-01    5.0000000000E-01    2.8880963172E+02
    6.2500000000E+00   -9.6875000000E-01    5.0000000000E-01    2.8880969491E+02
    6.3500000000E+00   -9.6875000000E-01    5.0000000000E-01    2.8880976321E+02
    6.4500000000E+00   -9.6875000000E-01    5.0000000000E-01    2.8880983686E+02
    6.5500000000E+00   -9.6875000000E-01    5.0000000000E-01    2.8880991609E+02
    6.6500000000E+00   -9.6875000000E-01    5.0000000000E-01    2.8881000114E+02
    6.7500000000E+00   -9.6875000000E-01    5.0000000000E-01    2.8881009222E+02
    6.8500000000E+00   -9.6875000000E-01    5.0000000000E-01    2.8881018956E+02
    6.9500000000E+00   -9.6875000000E-01    5.0000000000E-01    2.8881029336E+02
    7.0500000000E+00   -9.6875000000E-01    5.0000000000E-01    2.8881040383E+02
    7.1500000000E+00   -9.6875000000E-01    5.0000000000E-01    2.8881052115E+02
    7.2500000000E+00   -9.6875000000E-01    5.0000000000E-01    2.8881064551E+02
    7.3500000000E+00   -9.6875000000E-01    5.0000000000E-01    2.8881077708E+02
    7.4500000000E+00   -9.6875000000E-01    5.0000000000E-01    2.8881091601E+02
    7.5500000000E+00   -9.6875000000E-01    5.0000000000E-01    2.8881106245E+02
    7.6500000000E+00   -9.6875000000E-01    5.0000000000E-01    2.8881121650E+02
    7.7500000000E+00   -9.6875000000E-01    5.0000000000E-01    2.8881137817E+02
    7.8500000000E+00   -9.6875000000E-01    5.0000000000E-01    2.8881154725E+02
    7.9500000000E+00   -9.6875000000E-01    5.0000000000E-01    2.8881172441E+02
    5.0000000000E-02   -9.5625000000E-01    5.0000000000E-01    2.8880935034E+02
    1.5000000000E-01   -9.5625000000E-01    5.0000000000E-01    2.8880908889E+02
    2.5000000000E-01   -9.5625000000E-01    5.0000000000E-01    2.8880883937E+02
    3.5000000000E-01   -9.5625000000E-01    5.0000000000E-01    2.8880860093E+02
    4.5000000000E-01   -9.5625000000E-01    5.0000000000E-01    2.8880837375E+02
    5.5000000000E-01   -9.5625000000E-01    5.0000000000E-01    2.8880815775E+02
    6.5000000000E-01   -9.5625000000E-01    5.0000000000E-01    2.8880795279E+02
    7.5000000000E-01   -9.5625000000E-01    5.0000000000E-01    2.8880775867E+02
    8.5000000000E-01   -9.5625000000E-01    5.0000000000E-01    2.8880757517E+02
    9.5000000000E-01   -9.5625000000E-01    5.0000000000E-01    2.8880740205E+02
    1.0500000000E+00   -9.5625000000E-01    5.0000000000E-01    2.8880723904E+02
    1.1500000000E+00   -9.5625000000E-01    5.0000000000E-01    2.8880708585E+02
    1.2500000000E+00   -9.5625000000E-01    5.0000000000E-01    2.8880694220E+02
    1.3500000000E+00   -9.5625000000E-01    5.0000000000E-01    2.8880680776E+02
    1.4500000000E+00   -9.5625000000E-01    5.0000000000E-01    2.8880668222E+02
    1.5500000000E+00   -9.5625000000E-01    5.0000000000E-01    2.8880656522E+02
    1.6500000000E+00   -9.5625000000E-01    5.0000000000E-01    2.8880645644E+02
    1.7500000000E+00   -9.5625000000E-01    5.0000000000E-01    2.8880635552E+02
    1.8500000000E+00   -9.5625000000E-01    5.0000000000E-01    2.8880626210E+02
    1.9500000000E+00   -9.5625000000E-01    5.0000000000E-01    2.8880617583E+02
    2.0500000000E+00   -9.5625000000E-01    5.0000000000E-01    2.8880609635E+02
    2.1500000000E+00   -9.5625000000E-01    5.0000000000E-01    2.8880602331E+02
    2.2500000000E+00   -9.5625000000E-01    5.0000000000E-01    2.8880595635E+02
    2.3500000000E+00   -9.5625000000E-01    5.0000000000E-01    2.8880589513E+02
    2.4500000000E+00   -9.5625000000E-01    5.0000000000E-01    2.8880583933E+02
    2.5500000000E+00   -9.5625000000E-01    5.0000000000E-01    2.8880578861E+02
    2.6500000000E+00   -9.5625000000E-01    5.0000000000E-01    2.8880574266E+02
    2.7500000000E+00   -9.5625000000E-01    5.0000000000E-01    2.8880570118E+02
    2.8500000000E+00   -9.5625000000E-01    5.0000000000E-01    2.8880566388E+02
    2.9500000000E+00   -9.5625000000E-01    5.0000000000E-01    2.8880563049E+02
    3.0500000000E+00   -9.5625000000E-01    5.0000000000E-01    2.8880560076E+02
    3.1500000000E+00   -9.5625000000E-01    5.0000000000E-01    2.8880557445E+02
    3.2500000000E+00   -9.5625000000E-01    5.0000000000E-01    2.8880555133E+02
    3.3500000000E+00   -9.5625000000E-01    5.0000000000E-01    2.8880553121E+02
    3.4500000000E+00   -9.5625000000E-01    5.0000000000E-01    2.8880551390E+02
    3.5500000000E+00   -9.5625000000E-01    5.0000000000E-01    2.8880549924E+02
    3.6500000000E+00   -9.5625000000E-01    5.0000000000E-01    2.8880548709E+02
    3.7500000000E+00   -9.5625000000E-01    5.0000000000E-01    2.8880547731E+02
    3.8500000000E+00   -9.5625000000E-01    5.0000000000E-01    2.8880546982E+02
    3.9500000000E+00   -9.5625000000E-01    5.0000000000E-01    2.8880546451E+02
    4.0500000000E+00   -9.5625000000E-01    5.0000000000E-01    2.8880546133E+02
    4.1500000000E+00   -9.5625000000E-01    5.0000000000E-01    2.8880546023E+02
    4.2500000000E+00   -9.5625000000E-01    5.0000000000E-01    2.8880546119E+02
    4.3500000000E+00   -9.5625000000E-01    5.0000000000E-01    2.8880546420E+02
    4.4500000000E+00   -9.5625000000E-01    5.0000000000E-01    2.8880546928E+02
    4.5500000000E+00   -9.5625000000E-01    5.0000000000E-01    2.8880547645E+02
    4.6500000000E+00   -9.5625000000E-01    5.0000000000E-01    2.8880548576E+02
    4.7500000000E+00   -9.5625000000E-01    5.0000000000E-01    2.8880549729E+02
    4.8500000000E+00   -9.5625000000E-01    5.0000000000E-01    2.8880551113E+02
    4.9500000000E+00   -9.5625000000E-01    5.0000000000E-01    2.8880552736E+02
    5.0500000000E+00   -9.5625000000E-01    5.0000000000E-01    2.8880554611E+02
    5.1500000000E+00   -9.5625000000E-01    5.0000000000E-01    2.8880556752E+02
    5.2500000000E+00   -9.5625000000E-01    5.0000000000E-01    2.8880559173E+02
    5.3500000000E+00   -9.5625000000E-01    5.0000000000E-01    2.8880561890E+02
    5.4500000000E+00   -9.5625000000E-01    5.0000000000E-01    2.8880564920E+02
    5.5500000000E+00   -9.5625000000E-01    5.0000000000E-01    2.8880568284E+02
    5.6500000000E+00   -9.5625000000E-01    5.0000000000E-01    2.8880571999E+02
    5.7500000000E+00   -9.5625000000E-01    5.0000000000E-01    2.8880576086E+02
    5.8500000000E+00   -9.5625000000E-01    5.0000000000E-01    2.8880580568E+02
    5.9500000000E+00   -9.5625000000E-01    5.0000000000E-01    2.8880585466E+02
    6.0500000000E+00   -9.5625000000E-01    5.0000000000E-01    2.8880590803E+02
    6.1500000000E+00   -9.5625000000E-01    5.0000000000E-01    2.8880596601E+02
    6.2500000000E+00   -9.5625000000E-01    5.0000000000E-01    2.8880602885E+02
    6.3500000000E+00   -9.5625000000E-01    5.0000000000E-01    2.8880609677E+02
    6.4500000000E+00   -9.5625000000E-01    5.0000000000E-01    2.8880617002E+02
    6.5500000000E+00   -9.5625000000E-01    5.0000000000E-01    2.8880624882E+02
    6.6500000000E+00   -9.5625000000E-01    5.0000000000E-01    2.8880633339E+02
    6.7500000000E+00   -9.5625000000E-01    5.0000000000E-01    2.8880642397E+02
    6.8500000000E+00   -9.5625000000E-01    5.0000000000E-01    2.8880652077E+02
    6.9500000000E+00   -9.5625000000E-01    5.0000000000E-01    2.8880662400E+02
    7.0500000000E+00   -9.5625000000E-01    5.0000000000E-01    2.8880673385E+02
    7.1500000000E+00   -9.5625000000E-01    5.0000000000E-01    2.8880685052E+02
    7.2500000000E+00   -9.5625000000E-01    5.0000000000E-01    2.8880697419E+02
    7.3500000000E+00   -9.5625000000E-01    5.0000000000E-01    2.8880710501E+02
    7.4500000000E+00   -9.5625000000E-01    5.0000000000E-01    2.8880724315E+02
    7.5500000000E+00   -9.5625000000E-01    5.0000000000E-01    2.8880738874E+02
    7.6500000000E+00   -9.5625000000E-01    5.0000000000E-01    2.8880754187E+02
    7.7500000000E+00   -9.5625000000E-01    5.0000000000E-01    2.8880770254E+02
    7.8500000000E+00   -9.5625000000E-01    5.0000000000E-01    2.8880787051E+02
    7.9500000000E+00   -9.5625000000E-01    5.0000000000E-01    2.8880804652E+02
    5.0000000000E-02   -9.4375000000E-01    5.0000000000E-01    2.8880549728E+02
    1.5000000000E-01   -9.4375000000E-01    5.0000000000E-01    2.8880523749E+02
    2.5000000000E-01   -9.4375000000E-01    5.0000000000E-01    2.8880498955E+02
    3.5000000000E-01   -9.4375000000E-01    5.0000000000E-01    2.8880475260E+02
    4.5000000000E-01   -9.4375000000E-01    5.0000000000E-01    2.8880452679E+02
    5.5000000000E-01   -9.4375000000E-01    5.0000000000E-01    2.8880431209E+02
    6.5000000000E-01   -9.4375000000E-01    5.0000000000E-01    2.8880410834E+02
    7.5000000000E-01   -9.4375000000E-01    5.0000000000E-01    2.8880391537E+02
    8.5000000000E-01   -9.4375000000E-01    5.0000000000E-01    2.8880373294E+02
    9.5000000000E-01   -9.4375000000E-01    5.0000000000E-01    2.8880356083E+02
    1.0500000000E+00   -9.4375000000E-01    5.0000000000E-01    2.8880339877E+02
    1.1500000000E+00   -9.4375000000E-01    5.0000000000E-01    2.8880324648E+02
    1.2500000000E+00   -9.4375000000E-01    5.0000000000E-01    2.8880310366E+02
    1.3500000000E+00   -9.4375000000E-01    5.0000000000E-01    2.8880297000E+02
    1.4500000000E+00   -9.4375000000E-01    5.0000000000E-01    2.8880284518E+02
    1.5500000000E+00   -9.4375000000E-01    5.0000000000E-01    2.8880272887E+02
    1.6500000000E+00   -9.4375000000E-01    5.0000000000E-01    2.8880262072E+02
    1.7500000000E+00   -9.4375000000E-01    5.0000000000E-01    2.8880252038E+02
    1.8500000000E+00   -9.4375000000E-01    5.0000000000E-01    2.8880242750E+02
    1.9500000000E+00   -9.4375000000E-01    5.0000000000E-01    2.8880234172E+02
    2.0500000000E+00   -9.4375000000E-01    5.0000000000E-01    2.8880226270E+02
    2.1500000000E+00   -9.4375000000E-01    5.0000000000E-01    2.8880219007E+02
    2.2500000000E+00   -9.4375000000E-01    5.0000000000E-01    2.8880212350E+02
    2.3500000000E+00   -9.4375000000E-01    5.0000000000E-01    2.8880206263E+02
    2.4500000000E+00   -9.4375000000E-01    5.0000000000E-01    2.8880200715E+02
    2.5500000000E+00   -9.4375000000E-01    5.0000000000E-01    2.8880195672E+02
    2.6500000000E+00   -9.4375000000E-01    5.0000000000E-01    2.8880191103E+02
    2.7500000000E+00   -9.4375000000E-01    5.0000000000E-01    2.8880186978E+02
    2.8500000000E+00   -9.4375000000E-01    5.0000000000E-01    2.8880183270E+02
    2.9500000000E+00   -9.4375000000E-01    5.0000000000E-01    2.8880179950E+02
    3.0500000000E+00   -9.4375000000E-01    5.0000000000E-01    2.8880176994E+02
    3.1500000000E+00   -9.4375000000E-01    5.0000000000E-01    2.8880174377E+02
    3.2500000000E+00   -9.4375000000E-01    5.0000000000E-01    2.8880172079E+02
    3.3500000000E+00   -9.4375000000E-01    5.0000000000E-01    2.8880170078E+02
    3.4500000000E+00   -9.4375000000E-01    5.0000000000E-01    2.8880168357E+02
    3.5500000000E+00   -9.4375000000E-01    5.0000000000E-01    2.8880166899E+02
    3.6500000000E+00   -9.4375000000E-01    5.0000000000E-01    2.8880165691E+02
    3.7500000000E+00   -9.4375000000E-01    5.0000000000E-01    2.8880164719E+02
    3.8500000000E+00   -9.4375000000E-01    5.0000000000E-01    2.8880163973E+02
    3.9500000000E+00   -9.4375000000E-01    5.0000000000E-01    2.8880163445E+02
    4.0500000000E+00   -9.4375000000E-01    5.0000000000E-01    2.8880163129E+02
    4.1500000000E+00   -9.4375000000E-01    5.0000000000E-01    2.8880163020E+02
    4.2500000000E+00   -9.4375000000E-01    5.0000000000E-01    2.8880163115E+02
    4.3500000000E+00   -9.4375000000E-01    5.0000000000E-01    2.8880163415E+02
    4.4500000000E+00   -9.4375000000E-01    5.0000000000E-01    2.8880163919E+02
    4.5500000000E+00   -9.4375000000E-01    5.0000000000E-01    2.8880164632E+02
    4.6500000000E+00   -9.4375000000E-01    5.0000000000E-01    2.8880165559E+02
    4.7500000000E+00   -9.4375000000E-01    5.0000000000E-01    2.8880166705E+02
    4.8500000000E+00   -9.4375000000E-01    5.0000000000E-01    2.8880168081E+02
    4.9500000000E+00   -9.4375000000E-01    5.0000000000E-01    2.8880169695E+02
    5.0500000000E+00   -9.4375000000E-01    5.0000000000E-01    2.8880171559E+02
    5.1500000000E+00   -9.4375000000E-01    5.0000000000E-01    2.8880173688E+02
    5.2500000000E+00   -9.4375000000E-01    5.0000000000E-01    2.8880176095E+02
    5.3500000000E+00   -9.4375000000E-01    5.0000000000E-01    2.8880178796E+02
    5.4500000000E+00   -9.4375000000E-01    5.0000000000E-01    2.8880181810E+02
    5.5500000000E+00   -9.4375000000E-01    5.0000000000E-01    2.8880185154E+02
    5.6500000000E+00   -9.4375000000E-01    5.0000000000E-01    2.8880188847E+02
    5.7500000000E+00   -9.4375000000E-01    5.0000000000E-01    2.8880192912E+02
    5.8500000000E+00   -9.4375000000E-01    5.0000000000E-01    2.8880197368E+02
    5.9500000000E+00   -9.4375000000E-01    5.0000000000E-01    2.8880202237E+02
    6.0500000000E+00   -9.4375000000E-01    5.0000000000E-01    2.8880207543E+02
    6.1500000000E+00   -9.4375000000E-01    5.0000000000E-01    2.8880213309E+02
    6.2500000000E+00   -9.4375000000E-01    5.0000000000E-01    2.8880219556E+02
    6.3500000000E+00   -9.4375000000E-01    5.0000000000E-01    2.8880226309E+02
    6.4500000000E+00   -9.4375000000E-01    5.0000000000E-01    2.8880233592E+02
    6.5500000000E+00   -9.4375000000E-01    5.0000000000E-01    2.8880241426E+02
    6.6500000000E+00   -9.4375000000E-01    5.0000000000E-01    2.8880249834E+02
    6.7500000000E+00   -9.4375000000E-01    5.0000000000E-01    2.8880258840E+02
    6.8500000000E+00   -9.4375000000E-01    5.0000000000E-01    2.8880268463E+02
    6.9500000000E+00   -9.4375000000E-01    5.0000000000E-01    2.8880278726E+02
    7.0500000000E+00   -9.4375000000E-01    5.0000000000E-01    2.8880289647E+02
    7.1500000000E+00   -9.4375000000E-01    5.0000000000E-01    2.8880301246E+02
    7.2500000000E+00   -9.4375000000E-01    5.0000000000E-01    2.8880313539E+02
    7.3500000000E+00   -9.4375000000E-01    5.0000000000E-01    2.8880326544E+02
    7.4500000000E+00   -9.4375000000E-01    5.0000000000E-01    2.8880340275E+02
    7.5500000000E+00   -9.4375000000E-01    5.0000000000E-01    2.8880354745E+02
    7.6500000000E+00   -9.4375000000E-01    5.0000000000E-01    2.8880369962E+02
    7.7500000000E+00   -9.4375000000E-01    5.0000000000E-01    2.8880385925E+02
    7.8500000000E+00   -9.4375000000E-01    5.0000000000E-01    2.8880402609E+02
    7.9500000000E+00   -9.4375000000E-01    5.0000000000E-01    2.8880420091E+02
    5.0000000000E-02   -9.3125000000E-01    5.0000000000E-01    2.8880147717E+02
    1.5000000000E-01   -9.3125000000E-01    5.0000000000E-01    2.8880121910E+02
    2.5000000000E-01   -9.3125000000E-01    5.0000000000E-01    2.8880097280E+02
    3.5000000000E-01   -9.3125000000E-01    5.0000000000E-01    2.8880073738E+02
    4.5000000000E-01   -9.3125000000E-01    5.0000000000E-01    2.8880051302E+02
    5.5000000000E-01   -9.3125000000E-01    5.0000000000E-01    2.8880029966E+02
    6.5000000000E-01   -9.3125000000E-01    5.0000000000E-01    2.8880009718E+02
    7.5000000000E-01   -9.3125000000E-01    5.0000000000E-01    2.8879990540E+02
    8.5000000000E-01   -9.3125000000E-01    5.0000000000E-01    2.8879972410E+02
    9.5000000000E-01   -9.3125000000E-01    5.0000000000E-01    2.8879955304E+02
    1.0500000000E+00   -9.3125000000E-01    5.0000000000E-01    2.8879939197E+02
    1.1500000000E+00   -9.3125000000E-01    5.0000000000E-01    2.8879924061E+02
    1.2500000000E+00   -9.3125000000E-01    5.0000000000E-01    2.8879909866E+02
    1.3500000000E+00   -9.3125000000E-01    5.0000000000E-01    2.8879896581E+02
    1.4500000000E+00   -9.3125000000E-01    5.0000000000E-01    2.8879884175E+02
    1.5500000000E+00   -9.3125000000E-01    5.0000000000E-01    2.8879872615E+02
    1.6500000000E+00   -9.3125000000E-01    5.0000000000E-01    2.8879861865E+02
    1.7500000000E+00   -9.3125000000E-01    5.0000000000E-01    2.8879851892E+02
    1.8500000000E+00   -9.3125000000E-01    5.0000000000E-01    2.8879842660E+02
    1.9500000000E+00   -9.3125000000E-01    5.0000000000E-01    2.8879834135E+02
    2.0500000000E+00   -9.3125000000E-01    5.0000000000E-01    2.8879826280E+02
    2.1500000000E+00   -9.3125000000E-01    5.0000000000E-01    2.8879819061E+02
    2.2500000000E+00   -9.3125000000E-01    5.0000000000E-01    2.8879812444E+02
    2.3500000000E+00   -9.3125000000E-01    5.0000000000E-01    2.8879806394E+02
    2.4500000000E+00   -9.3125000000E-01    5.0000000000E-01    2.8879800879E+02
    2.5500000000E+00   -9.3125000000E-01    5.0000000000E-01    2.8879795866E+02
    2.6500000000E+00   -9.3125000000E-01    5.0000000000E-01    2.8879791325E+02
    2.7500000000E+00   -9.3125000000E-01    5.0000000000E-01    2.8879787225E+02
    2.8500000000E+00   -9.3125000000E-01    5.0000000000E-01    2.8879783538E+02
    2.9500000000E+00   -9.3125000000E-01    5.0000000000E-01    2.8879780238E+02
    3.0500000000E+00   -9.3125000000E-01    5.0000000000E-01    2.8879777300E+02
    3.1500000000E+00   -9.3125000000E-01    5.0000000000E-01    2.8879774699E+02
    3.2500000000E+00   -9.3125000000E-01    5.0000000000E-01    2.8879772414E+02
    3.3500000000E+00   -9.3125000000E-01    5.0000000000E-01    2.8879770425E+02
    3.4500000000E+00   -9.3125000000E-01    5.0000000000E-01    2.8879768714E+02
    3.5500000000E+00   -9.3125000000E-01    5.0000000000E-01    2.8879767265E+02
    3.6500000000E+00   -9.3125000000E-01    5.0000000000E-01    2.8879766064E+02
    3.7500000000E+00   -9.3125000000E-01    5.0000000000E-01    2.8879765098E+02
    3.8500000000E+00   -9.3125000000E-01    5.0000000000E-01    2.8879764357E+02
    3.9500000000E+00   -9.3125000000E-01    5.0000000000E-01    2.8879763832E+02
    4.0500000000E+00   -9.3125000000E-01    5.0000000000E-01    2.8879763518E+02
    4.1500000000E+00   -9.3125000000E-01    5.0000000000E-01    2.8879763409E+02
    4.2500000000E+00   -9.3125000000E-01    5.0000000000E-01    2.8879763504E+02
    4.3500000000E+00   -9.3125000000E-01    5.0000000000E-01    2.8879763801E+02
    4.4500000000E+00   -9.3125000000E-01    5.0000000000E-01    2.8879764303E+02
    4.5500000000E+00   -9.3125000000E-01    5.0000000000E-01    2.8879765011E+02
    4.6500000000E+00   -9.3125000000E-01    5.0000000000E-01    2.8879765932E+02
    4.7500000000E+00   -9.3125000000E-01    5.0000000000E-01    2.8879767072E+02
    4.8500000000E+00   -9.3125000000E-01    5.0000000000E-01    2.8879768439E+02
    4.9500000000E+00   -9.3125000000E-01    5.0000000000E-01    2.8879770044E+02
    5.0500000000E+00   -9.3125000000E-01    5.0000000000E-01    2.8879771897E+02
    5.1500000000E+00   -9.3125000000E-01    5.0000000000E-01    2.8879774013E+02
    5.2500000000E+00   -9.3125000000E-01    5.0000000000E-01    2.8879776405E+02
    5.3500000000E+00   -9.3125000000E-01    5.0000000000E-01    2.8879779091E+02
    5.4500000000E+00   -9.3125000000E-01    5.0000000000E-01    2.8879782086E+02
    5.5500000000E+00   -9.3125000000E-01    5.0000000000E-01    2.8879785410E+02
    5.6500000000E+00   -9.3125000000E-01    5.0000000000E-01    2.8879789081E+02
    5.7500000000E+00   -9.3125000000E-01    5.0000000000E-01    2.8879793121E+02
    5.8500000000E+00   -9.3125000000E-01    5.0000000000E-01    2.8879797550E+02
    5.9500000000E+00   -9.3125000000E-01    5.0000000000E-01    2.8879802391E+02
    6.0500000000E+00   -9.3125000000E-01    5.0000000000E-01    2.8879807665E+02
    6.1500000000E+00   -9.3125000000E-01    5.0000000000E-01    2.8879813395E+02
    6.2500000000E+00   -9.3125000000E-01    5.0000000000E-01    2.8879819605E+02
    6.3500000000E+00   -9.3125000000E-01    5.0000000000E-01    2.8879826317E+02
    6.4500000000E+00   -9.3125000000E-01    5.0000000000E-01    2.8879833555E+02
    6.5500000000E+00   -9.3125000000E-01    5.0000000000E-01    2.8879841341E+02
    6.6500000000E+00   -9.3125000000E-01    5.0000000000E-01    2.8879849699E+02
    6.7500000000E+00   -9.3125000000E-01    5.0000000000E-01    2.8879858649E+02
    6.8500000000E+00   -9.3125000000E-01    5.0000000000E-01    2.8879868214E+02
    6.9500000000E+00   -9.3125000000E-01    5.0000000000E-01    2.8879878414E+02
    7.0500000000E+00   -9.3125000000E-01    5.0000000000E-01    2.8879889268E+02
    7.1500000000E+00   -9.3125000000E-01    5.0000000000E-01    2.8879900795E+02
    7.2500000000E+00   -9.3125000000E-01    5.0000000000E-01    2.8879913013E+02
    7.3500000000E+00   -9.3125000000E-01    5.0000000000E-01    2.8879925937E+02
    7.4500000000E+00   -9.3125000000E-01    5.0000000000E-01    2.8879939581E+02
    7.5500000000E+00   -9.3125000000E-01    5.0000000000E-01    2.8879953959E+02
    7.6500000000E+00   -9.3125000000E-01    5.0000000000E-01    2.8879969077E+02
    7.7500000000E+00   -9.3125000000E-01    5.0000000000E-01    2.8879984932E+02
    7.8500000000E+00   -9.3125000000E-01    5.0000000000E-01    2.8880001500E+02
    7.9500000000E+00   -9.3125000000E-01    5.0000000000E-01    2.8880018861E+02
    5.0000000000E-02   -9.1875000000E-01    5.0000000000E-01    2.8879729108E+02
    1.5000000000E-01   -9.1875000000E-01    5.0000000000E-01    2.8879703476E+02
    2.5000000000E-01   -9.1875000000E-01    5.0000000000E-01    2.8879679016E+02
    3.5000000000E-01   -9.1875000000E-01    5.0000000000E-01    2.8879655634E+02
    4.5000000000E-01   -9.1875000000E-01    5.0000000000E-01    2.8879633346E+02
    5.5000000000E-01   -9.1875000000E-01    5.0000000000E-01    2.8879612150E+02
    6.5000000000E-01   -9.1875000000E-01    5.0000000000E-01    2.8879592034E+02
    7.5000000000E-01   -9.1875000000E-01    5.0000000000E-01    2.8879572980E+02
    8.5000000000E-01   -9.1875000000E-01    5.0000000000E-01    2.8879554967E+02
    9.5000000000E-01   -9.1875000000E-01    5.0000000000E-01    2.8879537972E+02
    1.0500000000E+00   -9.1875000000E-01    5.0000000000E-01    2.8879521968E+02
    1.1500000000E+00   -9.1875000000E-01    5.0000000000E-01    2.8879506928E+02
    1.2500000000E+00   -9.1875000000E-01    5.0000000000E-01    2.8879492824E+02
    1.3500000000E+00   -9.1875000000E-01    5.0000000000E-01    2.8879479625E+02
    1.4500000000E+00   -9.1875000000E-01    5.0000000000E-01    2.8879467298E+02
    1.5500000000E+00   -9.1875000000E-01    5.0000000000E-01    2.8879455811E+02
    1.6500000000E+00   -9.1875000000E-01    5.0000000000E-01    2.8879445130E+02
    1.7500000000E+00   -9.1875000000E-01    5.0000000000E-01    2.8879435220E+02
    1.8500000000E+00   -9.1875000000E-01    5.0000000000E-01    2.8879426047E+02
    1.9500000000E+00   -9.1875000000E-01    5.0000000000E-01    2.8879417575E+02
    2.0500000000E+00   -9.1875000000E-01    5.0000000000E-01    2.8879409770E+02
    2.1500000000E+00   -9.1875000000E-01    5.0000000000E-01    2.8879402597E+02
    2.2500000000E+00   -9.1875000000E-01    5.0000000000E-01    2.8879396022E+02
    2.3500000000E+00   -9.1875000000E-01    5.0000000000E-01    2.8879390010E+02
    2.4500000000E+00   -9.1875000000E-01    5.0000000000E-01    2.8879384530E+02
    2.5500000000E+00   -9.1875000000E-01    5.0000000000E-01    2.8879379548E+02
    2.6500000000E+00   -9.1875000000E-01    5.0000000000E-01    2.8879375035E+02
    2.7500000000E+00   -9.1875000000E-01    5.0000000000E-01    2.8879370961E+02
    2.8500000000E+00   -9.1875000000E-01    5.0000000000E-01    2.8879367298E+02
    2.9500000000E+00   -9.1875000000E-01    5.0000000000E-01    2.8879364019E+02
    3.0500000000E+00   -9.1875000000E-01    5.0000000000E-01    2.8879361098E+02
    3.1500000000E+00   -9.1875000000E-01    5.0000000000E-01    2.8879358514E+02
    3.2500000000E+00   -9.1875000000E-01    5.0000000000E-01    2.8879356243E+02
    3.3500000000E+00   -9.1875000000E-01    5.0000000000E-01    2.8879354267E+02
    3.4500000000E+00   -9.1875000000E-01    5.0000000000E-01    2.8879352567E+02
    3.5500000000E+00   -9.1875000000E-01    5.0000000000E-01    2.8879351127E+02
    3.6500000000E+00   -9.1875000000E-01    5.0000000000E-01    2.8879349933E+02
    3.7500000000E+00   -9.1875000000E-01    5.0000000000E-01    2.8879348973E+02
    3.8500000000E+00   -9.1875000000E-01    5.0000000000E-01    2.8879348236E+02
    3.9500000000E+00   -9.1875000000E-01    5.0000000000E-01    2.8879347715E+02
    4.0500000000E+00   -9.1875000000E-01    5.0000000000E-01    2.8879347402E+02
    4.1500000000E+00   -9.1875000000E-01    5.0000000000E-01    2.8879347294E+02
    4.2500000000E+00   -9.1875000000E-01    5.0000000000E-01    2.8879347388E+02
    4.3500000000E+00   -9.1875000000E-01    5.0000000000E-01    2.8879347684E+02
    4.4500000000E+00   -9.1875000000E-01    5.0000000000E-01    2.8879348182E+02
    4.5500000000E+00   -9.1875000000E-01    5.0000000000E-01    2.8879348887E+02
    4.6500000000E+00   -9.1875000000E-01    5.0000000000E-01    2.8879349802E+02
    4.7500000000E+00   -9.1875000000E-01    5.0000000000E-01    2.8879350934E+02
    4.8500000000E+00   -9.1875000000E-01    5.0000000000E-01    2.8879352293E+02
    4.9500000000E+00   -9.1875000000E-01    5.0000000000E-01    2.8879353887E+02
    5.0500000000E+00   -9.1875000000E-01    5.0000000000E-01    2.8879355729E+02
    5.1500000000E+00   -9.1875000000E-01    5.0000000000E-01    2.8879357831E+02
    5.2500000000E+00   -9.1875000000E-01    5.0000000000E-01    2.8879360209E+02
    5.3500000000E+00   -9.1875000000E-01    5.0000000000E-01    2.8879362877E+02
    5.4500000000E+00   -9.1875000000E-01    5.0000000000E-01    2.8879365854E+02
    5.5500000000E+00   -9.1875000000E-01    5.0000000000E-01    2.8879369157E+02
    5.6500000000E+00   -9.1875000000E-01    5.0000000000E-01    2.8879372805E+02
    5.7500000000E+00   -9.1875000000E-01    5.0000000000E-01    2.8879376819E+02
    5.8500000000E+00   -9.1875000000E-01    5.0000000000E-01    2.8879381221E+02
    5.9500000000E+00   -9.1875000000E-01    5.0000000000E-01    2.8879386030E+02
    6.0500000000E+00   -9.1875000000E-01    5.0000000000E-01    2.8879391271E+02
    6.1500000000E+00   -9.1875000000E-01    5.0000000000E-01    2.8879396965E+02
    6.2500000000E+00   -9.1875000000E-01    5.0000000000E-01    2.8879403135E+02
    6.3500000000E+00   -9.1875000000E-01    5.0000000000E-01    2.8879409805E+02
    6.4500000000E+00   -9.1875000000E-01    5.0000000000E-01    2.8879416996E+02
    6.5500000000E+00   -9.1875000000E-01    5.0000000000E-01    2.8879424733E+02
    6.6500000000E+00   -9.1875000000E-01    5.0000000000E-01    2.8879433038E+02
    6.7500000000E+00   -9.1875000000E-01    5.0000000000E-01    2.8879441931E+02
    6.8500000000E+00   -9.1875000000E-01    5.0000000000E-01    2.8879451434E+02
    6.9500000000E+00   -9.1875000000E-01    5.0000000000E-01    2.8879461569E+02
    7.0500000000E+00   -9.1875000000E-01    5.0000000000E-01    2.8879472353E+02
    7.1500000000E+00   -9.1875000000E-01    5.0000000000E-01    2.8879483806E+02
    7.2500000000E+00   -9.1875000000E-01    5.0000000000E-01    2.8879495944E+02
    7.3500000000E+00   -9.1875000000E-01    5.0000000000E-01    2.8879508784E+02
    7.4500000000E+00   -9.1875000000E-01    5.0000000000E-01    2.8879522339E+02
    7.5500000000E+00   -9.1875000000E-01    5.0000000000E-01    2.8879536620E+02
    7.6500000000E+00   -9.1875000000E-01    5.0000000000E-01    2.8879551635E+02
    7.7500000000E+00   -9.1875000000E-01    5.0000000000E-01    2.8879567379E+02
    7.8500000000E+00   -9.1875000000E-01    5.0000000000E-01    2.8879583827E+02
    7.9500000000E+00   -9.1875000000E-01    5.0000000000E-01    2.8879601064E+02
    5.0000000000E-02   -9.0625000000E-01    5.0000000000E-01    2.8879294008E+02
    1.5000000000E-01   -9.0625000000E-01    5.0000000000E-01    2.8879268558E+02
    2.5000000000E-01   -9.0625000000E-01    5.0000000000E-01    2.8879244273E+02
    3.5000000000E-01   -9.0625000000E-01    5.0000000000E-01    2.8879221055E+02
    4.5000000000E-01   -9.0625000000E-01    5.0000000000E-01    2.8879198922E+02
    5.5000000000E-01   -9.0625000000E-01    5.0000000000E-01    2.8879177872E+02
    6.5000000000E-01   -9.0625000000E-01    5.0000000000E-01    2.8879157893E+02
    7.5000000000E-01   -9.0625000000E-01    5.0000000000E-01    2.8879138968E+02
    8.5000000000E-01   -9.0625000000E-01    5.0000000000E-01    2.8879121076E+02
    9.5000000000E-01   -9.0625000000E-01    5.0000000000E-01    2.8879104195E+02
    1.0500000000E+00   -9.0625000000E-01    5.0000000000E-01    2.8879088299E+02
    1.1500000000E+00   -9.0625000000E-01    5.0000000000E-01    2.8879073360E+02
    1.2500000000E+00   -9.0625000000E-01    5.0000000000E-01    2.8879059350E+02
    1.3500000000E+00   -9.0625000000E-01    5.0000000000E-01    2.8879046239E+02
    1.4500000000E+00   -9.0625000000E-01    5.0000000000E-01    2.8879033994E+02
    1.5500000000E+00   -9.0625000000E-01    5.0000000000E-01    2.8879022584E+02
    1.6500000000E+00   -9.0625000000E-01    5.0000000000E-01    2.8879011974E+02
    1.7500000000E+00   -9.0625000000E-01    5.0000000000E-01    2.8879002130E+02
    1.8500000000E+00   -9.0625000000E-01    5.0000000000E-01    2.8878993018E+02
    1.9500000000E+00   -9.0625000000E-01    5.0000000000E-01    2.8878984602E+02
    2.0500000000E+00   -9.0625000000E-01    5.0000000000E-01    2.8878976849E+02
    2.1500000000E+00   -9.0625000000E-01    5.0000000000E-01    2.8878969724E+02
    2.2500000000E+00   -9.0625000000E-01    5.0000000000E-01    2.8878963192E+02
    2.3500000000E+00   -9.0625000000E-01    5.0000000000E-01    2.8878957220E+02
    2.4500000000E+00   -9.0625000000E-01    5.0000000000E-01    2.8878951776E+02
    2.5500000000E+00   -9.0625000000E-01    5.0000000000E-01    2.8878946827E+02
    2.6500000000E+00   -9.0625000000E-01    5.0000000000E-01    2.8878942344E+02
    2.7500000000E+00   -9.0625000000E-01    5.0000000000E-01    2.8878938297E+02
    2.8500000000E+00   -9.0625000000E-01    5.0000000000E-01    2.8878934657E+02
    2.9500000000E+00   -9.0625000000E-01    5.0000000000E-01    2.8878931400E+02
    3.0500000000E+00   -9.0625000000E-01    5.0000000000E-01    2.8878928499E+02
    3.1500000000E+00   -9.0625000000E-01    5.0000000000E-01    2.8878925931E+02
    3.2500000000E+00   -9.0625000000E-01    5.0000000000E-01    2.8878923675E+02
    3.3500000000E+00   -9.0625000000E-01    5.0000000000E-01    2.8878921712E+02
    3.4500000000E+00   -9.0625000000E-01    5.0000000000E-01    2.8878920023E+02
    3.5500000000E+00   -9.0625000000E-01    5.0000000000E-01    2.8878918592E+02
    3.6500000000E+00   -9.0625000000E-01    5.0000000000E-01    2.8878917406E+02
    3.7500000000E+00   -9.0625000000E-01    5.0000000000E-01    2.8878916452E+02
    3.8500000000E+00   -9.0625000000E-01    5.0000000000E-01    2.8878915720E+02
    3.9500000000E+00   -9.0625000000E-01    5.0000000000E-01    2.8878915202E+02
    4.0500000000E+00   -9.0625000000E-01    5.0000000000E-01    2.8878914892E+02
    4.1500000000E+00   -9.0625000000E-01    5.0000000000E-01    2.8878914784E+02
    4.2500000000E+00   -9.0625000000E-01    5.0000000000E-01    2.8878914878E+02
    4.3500000000E+00   -9.0625000000E-01    5.0000000000E-01    2.8878915172E+02
    4.4500000000E+00   -9.0625000000E-01    5.0000000000E-01    2.8878915667E+02
    4.5500000000E+00   -9.0625000000E-01    5.0000000000E-01    2.8878916366E+02
    4.6500000000E+00   -9.0625000000E-01    5.0000000000E-01    2.8878917275E+02
    4.7500000000E+00   -9.0625000000E-01    5.0000000000E-01    2.8878918401E+02
    4.8500000000E+00   -9.0625000000E-01    5.0000000000E-01    2.8878919750E+02
    4.9500000000E+00   -9.0625000000E-01    5.0000000000E-01    2.8878921334E+02
    5.0500000000E+00   -9.0625000000E-01    5.0000000000E-01    2.8878923164E+02
    5.1500000000E+00   -9.0625000000E-01    5.0000000000E-01    2.8878925252E+02
    5.2500000000E+00   -9.0625000000E-01    5.0000000000E-01    2.8878927614E+02
    5.3500000000E+00   -9.0625000000E-01    5.0000000000E-01    2.8878930265E+02
    5.4500000000E+00   -9.0625000000E-01    5.0000000000E-01    2.8878933222E+02
    5.5500000000E+00   -9.0625000000E-01    5.0000000000E-01    2.8878936503E+02
    5.6500000000E+00   -9.0625000000E-01    5.0000000000E-01    2.8878940127E+02
    5.7500000000E+00   -9.0625000000E-01    5.0000000000E-01    2.8878944115E+02
    5.8500000000E+00   -9.0625000000E-01    5.0000000000E-01    2.8878948487E+02
    5.9500000000E+00   -9.0625000000E-01    5.0000000000E-01    2.8878953265E+02
    6.0500000000E+00   -9.0625000000E-01    5.0000000000E-01    2.8878958471E+02
    6.1500000000E+00   -9.0625000000E-01    5.0000000000E-01    2.8878964127E+02
    6.2500000000E+00   -9.0625000000E-01    5.0000000000E-01    2.8878970256E+02
    6.3500000000E+00   -9.0625000000E-01    5.0000000000E-01    2.8878976881E+02
    6.4500000000E+00   -9.0625000000E-01    5.0000000000E-01    2.8878984025E+02
    6.5500000000E+00   -9.0625000000E-01    5.0000000000E-01    2.8878991710E+02
    6.6500000000E+00   -9.0625000000E-01    5.0000000000E-01    2.8878999959E+02
    6.7500000000E+00   -9.0625000000E-01    5.0000000000E-01    2.8879008793E+02
    6.8500000000E+00   -9.0625000000E-01    5.0000000000E-01    2.8879018233E+02
    6.9500000000E+00   -9.0625000000E-01    5.0000000000E-01    2.8879028299E+02
    7.0500000000E+00   -9.0625000000E-01    5.0000000000E-01    2.8879039011E+02
    7.1500000000E+00   -9.0625000000E-01    5.0000000000E-01    2.8879050386E+02
    7.2500000000E+00   -9.0625000000E-01    5.0000000000E-01    2.8879062442E+02
    7.3500000000E+00   -9.0625000000E-01    5.0000000000E-01    2.8879075194E+02
    7.4500000000E+00   -9.0625000000E-01    5.0000000000E-01    2.8879088656E+02
    7.5500000000E+00   -9.0625000000E-01    5.0000000000E-01    2.8879102838E+02
    7.6500000000E+00   -9.0625000000E-01    5.0000000000E-01    2.8879117746E+02
    7.7500000000E+00   -9.0625000000E-01    5.0000000000E-01    2.8879133375E+02
    7.8500000000E+00   -9.0625000000E-01    5.0000000000E-01    2.8879149701E+02
    7.9500000000E+00   -9.0625000000E-01    5.0000000000E-01    2.8879166811E+02
    5.0000000000E-02   -8.9375000000E-01    5.0000000000E-01    2.8878842531E+02
    1.5000000000E-01   -8.9375000000E-01    5.0000000000E-01    2.8878817269E+02
    2.5000000000E-01   -8.9375000000E-01    5.0000000000E-01    2.8878793163E+02
    3.5000000000E-01   -8.9375000000E-01    5.0000000000E-01    2.8878770116E+02
    4.5000000000E-01   -8.9375000000E-01    5.0000000000E-01    2.8878748144E+02
    5.5000000000E-01   -8.9375000000E-01    5.0000000000E-01    2.8878727244E+02
    6.5000000000E-01   -8.9375000000E-01    5.0000000000E-01    2.8878707407E+02
    7.5000000000E-01   -8.9375000000E-01    5.0000000000E-01    2.8878688616E+02
    8.5000000000E-01   -8.9375000000E-01    5.0000000000E-01    2.8878670850E+02
    9.5000000000E-01   -8.9375000000E-01    5.0000000000E-01    2.8878654088E+02
    1.0500000000E+00   -8.9375000000E-01    5.0000000000E-01    2.8878638303E+02
    1.1500000000E+00   -8.9375000000E-01    5.0000000000E-01    2.8878623469E+02
    1.2500000000E+00   -8.9375000000E-01    5.0000000000E-01    2.8878609557E+02
    1.3500000000E+00   -8.9375000000E-01    5.0000000000E-01    2.8878596537E+02
    1.4500000000E+00   -8.9375000000E-01    5.0000000000E-01    2.8878584378E+02
    1.5500000000E+00   -8.9375000000E-01    5.0000000000E-01    2.8878573047E+02
    1.6500000000E+00   -8.9375000000E-01    5.0000000000E-01    2.8878562511E+02
    1.7500000000E+00   -8.9375000000E-01    5.0000000000E-01    2.8878552735E+02
    1.8500000000E+00   -8.9375000000E-01    5.0000000000E-01    2.8878543686E+02
    1.9500000000E+00   -8.9375000000E-01    5.0000000000E-01    2.8878535329E+02
    2.0500000000E+00   -8.9375000000E-01    5.0000000000E-01    2.8878527630E+02
    2.1500000000E+00   -8.9375000000E-01    5.0000000000E-01    2.8878520554E+02
    2.2500000000E+00   -8.9375000000E-01    5.0000000000E-01    2.8878514067E+02
    2.3500000000E+00   -8.9375000000E-01    5.0000000000E-01    2.8878508137E+02
    2.4500000000E+00   -8.9375000000E-01    5.0000000000E-01    2.8878502730E+02
    2.5500000000E+00   -8.9375000000E-01    5.0000000000E-01    2.8878497816E+02
    2.6500000000E+00   -8.9375000000E-01    5.0000000000E-01    2.8878493363E+02
    2.7500000000E+00   -8.9375000000E-01    5.0000000000E-01    2.8878489344E+02
    2.8500000000E+00   -8.9375000000E-01    5.0000000000E-01    2.8878485730E+02
    2.9500000000E+00   -8.9375000000E-01    5.0000000000E-01    2.8878482494E+02
    3.0500000000E+00   -8.9375000000E-01    5.0000000000E-01    2.8878479613E+02
    3.1500000000E+00   -8.9375000000E-01    5.0000000000E-01    2.8878477063E+02
    3.2500000000E+00   -8.9375000000E-01    5.0000000000E-01    2.8878474823E+02
    3.3500000000E+00   -8.9375000000E-01    5.0000000000E-01    2.8878472873E+02
    3.4500000000E+00   -8.9375000000E-01    5.0000000000E-01    2.8878471195E+02
    3.5500000000E+00   -8.9375000000E-01    5.0000000000E-01    2.8878469774E+02
    3.6500000000E+00   -8.9375000000E-01    5.0000000000E-01    2.8878468596E+02
    3.7500000000E+00   -8.9375000000E-01    5.0000000000E-01    2.8878467649E+02
    3.8500000000E+00   -8.9375000000E-01    5.0000000000E-01    2.8878466922E+02
    3.9500000000E+00   -8.9375000000E-01    5.0000000000E-01    2.8878466407E+02
    4.0500000000E+00   -8.9375000000E-01    5.0000000000E-01    2.8878466099E+02
    4.1500000000E+00   -8.9375000000E-01    5.0000000000E-01    2.8878465992E+02
    4.2500000000E+00   -8.9375000000E-01    5.0000000000E-01    2.8878466085E+02
    4.3500000000E+00   -8.9375000000E-01    5.0000000000E-01    2.8878466377E+02
    4.4500000000E+00   -8.9375000000E-01    5.0000000000E-01    2.8878466869E+02
    4.5500000000E+00   -8.9375000000E-01    5.0000000000E-01    2.8878467563E+02
    4.6500000000E+00   -8.9375000000E-01    5.0000000000E-01    2.8878468466E+02
    4.7500000000E+00   -8.9375000000E-01    5.0000000000E-01    2.8878469584E+02
    4.8500000000E+00   -8.9375000000E-01    5.0000000000E-01    2.8878470924E+02
    4.9500000000E+00   -8.9375000000E-01    5.0000000000E-01    2.8878472497E+02
    5.0500000000E+00   -8.9375000000E-01    5.0000000000E-01    2.8878474314E+02
    5.1500000000E+00   -8.9375000000E-01    5.0000000000E-01    2.8878476388E+02
    5.2500000000E+00   -8.9375000000E-01    5.0000000000E-01    2.8878478734E+02
    5.3500000000E+00   -8.9375000000E-01    5.0000000000E-01    2.8878481366E+02
    5.4500000000E+00   -8.9375000000E-01    5.0000000000E-01    2.8878484303E+02
    5.5500000000E+00   -8.9375000000E-01    5.0000000000E-01    2.8878487561E+02
    5.6500000000E+00   -8.9375000000E-01    5.0000000000E-01    2.8878491161E+02
    5.7500000000E+00   -8.9375000000E-01    5.0000000000E-01    2.8878495121E+02
    5.8500000000E+00   -8.9375000000E-01    5.0000000000E-01    2.8878499462E+02
    5.9500000000E+00   -8.9375000000E-01    5.0000000000E-01    2.8878504207E+02
    6.0500000000E+00   -8.9375000000E-01    5.0000000000E-01    2.8878509377E+02
    6.1500000000E+00   -8.9375000000E-01    5.0000000000E-01    2.8878514994E+02
    6.2500000000E+00   -8.9375000000E-01    5.0000000000E-01    2.8878521080E+02
    6.3500000000E+00   -8.9375000000E-01    5.0000000000E-01    2.8878527659E+02
    6.4500000000E+00   -8.9375000000E-01    5.0000000000E-01    2.8878534754E+02
    6.5500000000E+00   -8.9375000000E-01    5.0000000000E-01    2.8878542385E+02
    6.6500000000E+00   -8.9375000000E-01    5.0000000000E-01    2.8878550576E+02
    6.7500000000E+00   -8.9375000000E-01    5.0000000000E-01    2.8878559349E+02
    6.8500000000E+00   -8.9375000000E-01    5.0000000000E-01    2.8878568722E+02
    6.9500000000E+00   -8.9375000000E-01    5.0000000000E-01    2.8878578718E+02
    7.0500000000E+00   -8.9375000000E-01    5.0000000000E-01    2.8878589355E+02
    7.1500000000E+00   -8.9375000000E-01    5.0000000000E-01    2.8878600650E+02
    7.2500000000E+00   -8.9375000000E-01    5.0000000000E-01    2.8878612620E+02
    7.3500000000E+00   -8.9375000000E-01    5.0000000000E-01    2.8878625282E+02
    7.4500000000E+00   -8.9375000000E-01    5.0000000000E-01    2.8878638646E+02
    7.5500000000E+00   -8.9375000000E-01    5.0000000000E-01    2.8878652725E+02
    7.6500000000E+00   -8.9375000000E-01    5.0000000000E-01    2.8878667522E+02
    7.7500000000E+00   -8.9375000000E-01    5.0000000000E-01    2.8878683034E+02
    7.8500000000E+00   -8.9375000000E-01    5.0000000000E-01    2.8878699233E+02
    7.9500000000E+00   -8.9375000000E-01    5.0000000000E-01    2.8878716214E+02
    5.0000000000E-02   -8.8125000000E-01    5.0000000000E-01    2.8878374795E+02
    1.5000000000E-01   -8.8125000000E-01    5.0000000000E-01    2.8878349725E+02
    2.5000000000E-01   -8.8125000000E-01    5.0000000000E-01    2.8878325805E+02
    3.5000000000E-01   -8.8125000000E-01    5.0000000000E-01    2.8878302934E+02
    4.5000000000E-01   -8.8125000000E-01    5.0000000000E-01    2.8878281127E+02
    5.5000000000E-01   -8.8125000000E-01    5.0000000000E-01    2.8878260384E+02
    6.5000000000E-01   -8.8125000000E-01    5.0000000000E-01    2.8878240694E+02
    7.5000000000E-01   -8.8125000000E-01    5.0000000000E-01    2.8878222041E+02
    8.5000000000E-01   -8.8125000000E-01    5.0000000000E-01    2.8878204406E+02
    9.5000000000E-01   -8.8125000000E-01    5.0000000000E-01    2.8878187766E+02
    1.0500000000E+00   -8.8125000000E-01    5.0000000000E-01    2.8878172097E+02
    1.1500000000E+00   -8.8125000000E-01    5.0000000000E-01    2.8878157371E+02
    1.2500000000E+00   -8.8125000000E-01    5.0000000000E-01    2.8878143561E+02
    1.3500000000E+00   -8.8125000000E-01    5.0000000000E-01    2.8878130636E+02
    1.4500000000E+00   -8.8125000000E-01    5.0000000000E-01    2.8878118566E+02
    1.5500000000E+00   -8.8125000000E-01    5.0000000000E-01    2.8878107317E+02
    1.6500000000E+00   -8.8125000000E-01    5.0000000000E-01    2.8878096857E+02
    1.7500000000E+00   -8.8125000000E-01    5.0000000000E-01    2.8878087153E+02
    1.8500000000E+00   -8.8125000000E-01    5.0000000000E-01    2.8878078169E+02
    1.9500000000E+00   -8.8125000000E-01    5.0000000000E-01    2.8878069873E+02
    2.0500000000E+00   -8.8125000000E-01    5.0000000000E-01    2.8878062229E+02
    2.1500000000E+00   -8.8125000000E-01    5.0000000000E-01    2.8878055204E+02
    2.2500000000E+00   -8.8125000000E-01    5.0000000000E-01    2.8878048765E+02
    2.3500000000E+00   -8.8125000000E-01    5.0000000000E-01    2.8878042877E+02
    2.4500000000E+00   -8.8125000000E-01    5.0000000000E-01    2.8878037509E+02
    2.5500000000E+00   -8.8125000000E-01    5.0000000000E-01    2.8878032630E+02
    2.6500000000E+00   -8.8125000000E-01    5.0000000000E-01    2.8878028210E+02
    2.7500000000E+00   -8.8125000000E-01    5.0000000000E-01    2.8878024220E+02
    2.8500000000E+00   -8.8125000000E-01    5.0000000000E-01    2.8878020631E+02
    2.9500000000E+00   -8.8125000000E-01    5.0000000000E-01    2.8878017419E+02
    3.0500000000E+00   -8.8125000000E-01    5.0000000000E-01    2.8878014559E+02
    3.1500000000E+00   -8.8125000000E-01    5.0000000000E-01    2.8878012027E+02
    3.2500000000E+00   -8.8125000000E-01    5.0000000000E-01    2.8878009803E+02
    3.3500000000E+00   -8.8125000000E-01    5.0000000000E-01    2.8878007866E+02
    3.4500000000E+00   -8.8125000000E-01    5.0000000000E-01    2.8878006201E+02
    3.5500000000E+00   -8.8125000000E-01    5.0000000000E-01    2.8878004790E+02
    3.6500000000E+00   -8.8125000000E-01    5.0000000000E-01    2.8878003620E+02
    3.7500000000E+00   -8.8125000000E-01    5.0000000000E-01    2.8878002680E+02
    3.8500000000E+00   -8.8125000000E-01    5.0000000000E-01    2.8878001958E+02
    3.9500000000E+00   -8.8125000000E-01    5.0000000000E-01    2.8878001447E+02
    4.0500000000E+00   -8.8125000000E-01    5.0000000000E-01    2.8878001141E+02
    4.1500000000E+00   -8.8125000000E-01    5.0000000000E-01    2.8878001035E+02
    4.2500000000E+00   -8.8125000000E-01    5.0000000000E-01    2.8878001127E+02
    4.3500000000E+00   -8.8125000000E-01    5.0000000000E-01    2.8878001417E+02
    4.4500000000E+00   -8.8125000000E-01    5.0000000000E-01    2.8878001905E+02
    4.5500000000E+00   -8.8125000000E-01    5.0000000000E-01    2.8878002595E+02
    4.6500000000E+00   -8.8125000000E-01    5.0000000000E-01    2.8878003491E+02
    4.7500000000E+00   -8.8125000000E-01    5.0000000000E-01    2.8878004601E+02
    4.8500000000E+00   -8.8125000000E-01    5.0000000000E-01    2.8878005931E+02
    4.9500000000E+00   -8.8125000000E-01    5.0000000000E-01    2.8878007493E+02
    5.0500000000E+00   -8.8125000000E-01    5.0000000000E-01    2.8878009297E+02
    5.1500000000E+00   -8.8125000000E-01    5.0000000000E-01    2.8878011356E+02
    5.2500000000E+00   -8.8125000000E-01    5.0000000000E-01    2.8878013685E+02
    5.3500000000E+00   -8.8125000000E-01    5.0000000000E-01    2.8878016299E+02
    5.4500000000E+00   -8.8125000000E-01    5.0000000000E-01    2.8878019214E+02
    5.5500000000E+00   -8.8125000000E-01    5.0000000000E-01    2.8878022449E+02
    5.6500000000E+00   -8.8125000000E-01    5.0000000000E-01    2.8878026022E+02
    5.7500000000E+00   -8.8125000000E-01    5.0000000000E-01    2.8878029954E+02
    5.8500000000E+00   -8.8125000000E-01    5.0000000000E-01    2.8878034264E+02
    5.9500000000E+00   -8.8125000000E-01    5.0000000000E-01    2.8878038974E+02
    6.0500000000E+00   -8.8125000000E-01    5.0000000000E-01    2.8878044107E+02
    6.1500000000E+00   -8.8125000000E-01    5.0000000000E-01    2.8878049683E+02
    6.2500000000E+00   -8.8125000000E-01    5.0000000000E-01    2.8878055725E+02
    6.3500000000E+00   -8.8125000000E-01    5.0000000000E-01    2.8878062257E+02
    6.4500000000E+00   -8.8125000000E-01    5.0000000000E-01    2.8878069299E+02
    6.5500000000E+00   -8.8125000000E-01    5.0000000000E-01    2.8878076875E+02
    6.6500000000E+00   -8.8125000000E-01    5.0000000000E-01    2.8878085007E+02
    6.7500000000E+00   -8.8125000000E-01    5.0000000000E-01    2.8878093715E+02
    6.8500000000E+00   -8.8125000000E-01    5.0000000000E-01    2.8878103020E+02
    6.9500000000E+00   -8.8125000000E-01    5.0000000000E-01    2.8878112943E+02
    7.0500000000E+00   -8.8125000000E-01    5.0000000000E-01    2.8878123501E+02
    7.1500000000E+00   -8.8125000000E-01    5.0000000000E-01    2.8878134713E+02
    7.2500000000E+00   -8.8125000000E-01    5.0000000000E-01    2.8878146596E+02
    7.3500000000E+00   -8.8125000000E-01    5.0000000000E-01    2.8878159163E+02
    7.4500000000E+00   -8.8125000000E-01    5.0000000000E-01    2.8878172427E+02
    7.5500000000E+00   -8.8125000000E-01    5.0000000000E-01    2.8878186399E+02
    7.6500000000E+00   -8.8125000000E-01    5.0000000000E-01    2.8878201083E+02
    7.7500000000E+00   -8.8125000000E-01    5.0000000000E-01    2.8878216472E+02
    7.8500000000E+00   -8.8125000000E-01    5.0000000000E-01    2.8878232543E+02
    7.9500000000E+00   -8.8125000000E-01    5.0000000000E-01    2.8878249390E+02
    5.0000000000E-02   -8.6875000000E-01    5.0000000000E-01    2.8877890921E+02
    1.5000000000E-01   -8.6875000000E-01    5.0000000000E-01    2.8877866050E+02
    2.5000000000E-01   -8.6875000000E-01    5.0000000000E-01    2.8877842321E+02
    3.5000000000E-01   -8.6875000000E-01    5.0000000000E-01    2.8877819631E+02
    4.5000000000E-01   -8.6875000000E-01    5.0000000000E-01    2.8877797995E+02
    5.5000000000E-01   -8.6875000000E-01    5.0000000000E-01    2.8877777412E+02
    6.5000000000E-01   -8.6875000000E-01    5.0000000000E-01    2.8877757875E+02
    7.5000000000E-01   -8.6875000000E-01    5.0000000000E-01    2.8877739365E+02
    8.5000000000E-01   -8.6875000000E-01    5.0000000000E-01    2.8877721866E+02
    9.5000000000E-01   -8.6875000000E-01    5.0000000000E-01    2.8877705353E+02
    1.0500000000E+00   -8.6875000000E-01    5.0000000000E-01    2.8877689803E+02
    1.1500000000E+00   -8.6875000000E-01    5.0000000000E-01    2.8877675190E+02
    1.2500000000E+00   -8.6875000000E-01    5.0000000000E-01    2.8877661484E+02
    1.3500000000E+00   -8.6875000000E-01    5.0000000000E-01    2.8877648658E+02
    1.4500000000E+00   -8.6875000000E-01    5.0000000000E-01    2.8877636679E+02
    1.5500000000E+00   -8.6875000000E-01    5.0000000000E-01    2.8877625515E+02
    1.6500000000E+00   -8.6875000000E-01    5.0000000000E-01    2.8877615135E+02
    1.7500000000E+00   -8.6875000000E-01    5.0000000000E-01    2.8877605504E+02
    1.8500000000E+00   -8.6875000000E-01    5.0000000000E-01    2.8877596589E+02
    1.9500000000E+00   -8.6875000000E-01    5.0000000000E-01    2.8877588355E+02
    2.0500000000E+00   -8.6875000000E-01    5.0000000000E-01    2.8877580769E+02
    2.1500000000E+00   -8.6875000000E-01    5.0000000000E-01    2.8877573797E+02
    2.2500000000E+00   -8.6875000000E-01    5.0000000000E-01    2.8877567406E+02
    2.3500000000E+00   -8.6875000000E-01    5.0000000000E-01    2.8877561562E+02
    2.4500000000E+00   -8.6875000000E-01    5.0000000000E-01    2.8877556235E+02
    2.5500000000E+00   -8.6875000000E-01    5.0000000000E-01    2.8877551393E+02
    2.6500000000E+00   -8.6875000000E-01    5.0000000000E-01    2.8877547006E+02
    2.7500000000E+00   -8.6875000000E-01    5.0000000000E-01    2.8877543045E+02
    2.8500000000E+00   -8.6875000000E-01    5.0000000000E-01    2.8877539484E+02
    2.9500000000E+00   -8.6875000000E-01    5.0000000000E-01    2.8877536296E+02
    3.0500000000E+00   -8.6875000000E-01    5.0000000000E-01    2.8877533456E+02
    3.1500000000E+00   -8.6875000000E-01    5.0000000000E-01    2.8877530944E+02
    3.2500000000E+00   -8.6875000000E-01    5.0000000000E-01    2.8877528736E+02
    3.3500000000E+00   -8.6875000000E-01    5.0000000000E-01    2.8877526814E+02
    3.4500000000E+00   -8.6875000000E-01    5.0000000000E-01    2.8877525161E+02
    3.5500000000E+00   -8.6875000000E-01    5.0000000000E-01    2.8877523761E+02
    3.6500000000E+00   -8.6875000000E-01    5.0000000000E-01    2.8877522600E+02
    3.7500000000E+00   -8.6875000000E-01    5.0000000000E-01    2.8877521666E+02
    3.8500000000E+00   -8.6875000000E-01    5.0000000000E-01    2.8877520950E+02
    3.9500000000E+00   -8.6875000000E-01    5.0000000000E-01    2.8877520443E+02
    4.0500000000E+00   -8.6875000000E-01    5.0000000000E-01    2.8877520139E+02
    4.1500000000E+00   -8.6875000000E-01    5.0000000000E-01    2.8877520034E+02
    4.2500000000E+00   -8.6875000000E-01    5.0000000000E-01    2.8877520125E+02
    4.3500000000E+00   -8.6875000000E-01    5.0000000000E-01    2.8877520412E+02
    4.4500000000E+00   -8.6875000000E-01    5.0000000000E-01    2.8877520897E+02
    4.5500000000E+00   -8.6875000000E-01    5.0000000000E-01    2.8877521582E+02
    4.6500000000E+00   -8.6875000000E-01    5.0000000000E-01    2.8877522471E+02
    4.7500000000E+00   -8.6875000000E-01    5.0000000000E-01    2.8877523572E+02
    4.8500000000E+00   -8.6875000000E-01    5.0000000000E-01    2.8877524893E+02
    4.9500000000E+00   -8.6875000000E-01    5.0000000000E-01    2.8877526443E+02
    5.0500000000E+00   -8.6875000000E-01    5.0000000000E-01    2.8877528234E+02
    5.1500000000E+00   -8.6875000000E-01    5.0000000000E-01    2.8877530277E+02
    5.2500000000E+00   -8.6875000000E-01    5.0000000000E-01    2.8877532589E+02
    5.3500000000E+00   -8.6875000000E-01    5.0000000000E-01    2.8877535183E+02
    5.4500000000E+00   -8.6875000000E-01    5.0000000000E-01    2.8877538076E+02
    5.5500000000E+00   -8.6875000000E-01    5.0000000000E-01    2.8877541287E+02
    5.6500000000E+00   -8.6875000000E-01    5.0000000000E-01    2.8877544833E+02
    5.7500000000E+00   -8.6875000000E-01    5.0000000000E-01    2.8877548735E+02
    5.8500000000E+00   -8.6875000000E-01    5.0000000000E-01    2.8877553013E+02
    5.9500000000E+00   -8.6875000000E-01    5.0000000000E-01    2.8877557688E+02
    6.0500000000E+00   -8.6875000000E-01    5.0000000000E-01    2.8877562781E+02
    6.1500000000E+00   -8.6875000000E-01    5.0000000000E-01    2.8877568315E+02
    6.2500000000E+00   -8.6875000000E-01    5.0000000000E-01    2.8877574312E+02
    6.3500000000E+00   -8.6875000000E-01    5.0000000000E-01    2.8877580794E+02
    6.4500000000E+00   -8.6875000000E-01    5.0000000000E-01    2.8877587783E+02
    6.5500000000E+00   -8.6875000000E-01    5.0000000000E-01    2.8877595302E+02
    6.6500000000E+00   -8.6875000000E-01    5.0000000000E-01    2.8877603371E+02
    6.7500000000E+00   -8.6875000000E-01    5.0000000000E-01    2.8877612013E+02
    6.8500000000E+00   -8.6875000000E-01    5.0000000000E-01    2.8877621248E+02
    6.9500000000E+00   -8.6875000000E-01    5.0000000000E-01    2.8877631094E+02
    7.0500000000E+00   -8.6875000000E-01    5.0000000000E-01    2.8877641572E+02
    7.1500000000E+00   -8.6875000000E-01    5.0000000000E-01    2.8877652698E+02
    7.2500000000E+00   -8.6875000000E-01    5.0000000000E-01    2.8877664489E+02
    7.3500000000E+00   -8.6875000000E-01    5.0000000000E-01    2.8877676959E+02
    7.4500000000E+00   -8.6875000000E-01    5.0000000000E-01    2.8877690120E+02
    7.5500000000E+00   -8.6875000000E-01    5.0000000000E-01    2.8877703982E+02
    7.6500000000E+00   -8.6875000000E-01    5.0000000000E-01    2.8877718548E+02
    7.7500000000E+00   -8.6875000000E-01    5.0000000000E-01    2.8877733812E+02
    7.8500000000E+00   -8.6875000000E-01    5.0000000000E-01    2.8877749751E+02
    7.9500000000E+00   -8.6875000000E-01    5.0000000000E-01    2.8877766461E+02
    5.0000000000E-02   -8.5625000000E-01    5.0000000000E-01    2.8877391035E+02
    1.5000000000E-01   -8.5625000000E-01    5.0000000000E-01    2.8877366368E+02
    2.5000000000E-01   -8.5625000000E-01    5.0000000000E-01    2.8877342835E+02
    3.5000000000E-01   -8.5625000000E-01    5.0000000000E-01    2.8877320332E+02
    4.5000000000E-01   -8.5625000000E-01    5.0000000000E-01    2.8877298872E+02
    5.5000000000E-01   -8.5625000000E-01    5.0000000000E-01    2.8877278456E+02
    6.5000000000E-01   -8.5625000000E-01    5.0000000000E-01    2.8877259075E+02
    7.5000000000E-01   -8.5625000000E-01    5.0000000000E-01    2.8877240714E+02
    8.5000000000E-01   -8.5625000000E-01    5.0000000000E-01    2.8877223354E+02
    9.5000000000E-01   -8.5625000000E-01    5.0000000000E-01    2.8877206973E+02
    1.0500000000E+00   -8.5625000000E-01    5.0000000000E-01    2.8877191546E+02
    1.1500000000E+00   -8.5625000000E-01    5.0000000000E-01    2.8877177049E+02
    1.2500000000E+00   -8.5625000000E-01    5.0000000000E-01    2.8877163452E+02
    1.3500000000E+00   -8.5625000000E-01    5.0000000000E-01    2.8877150727E+02
    1.4500000000E+00   -8.5625000000E-01    5.0000000000E-01    2.8877138843E+02
    1.5500000000E+00   -8.5625000000E-01    5.0000000000E-01    2.8877127768E+02
    1.6500000000E+00   -8.5625000000E-01    5.0000000000E-01    2.8877117469E+02
    1.7500000000E+00   -8.5625000000E-01    5.0000000000E-01    2.8877107914E+02
    1.8500000000E+00   -8.5625000000E-01    5.0000000000E-01    2.8877099069E+02
    1.9500000000E+00   -8.5625000000E-01    5.0000000000E-01    2.8877090900E+02
    2.0500000000E+00   -8.5625000000E-01    5.0000000000E-01    2.8877083374E+02
    2.1500000000E+00   -8.5625000000E-01    5.0000000000E-01    2.8877076456E+02
    2.2500000000E+00   -8.5625000000E-01    5.0000000000E-01    2.8877070115E+02
    2.3500000000E+00   -8.5625000000E-01    5.0000000000E-01    2.8877064318E+02
    2.4500000000E+00   -8.5625000000E-01    5.0000000000E-01    2.8877059032E+02
    2.5500000000E+00   -8.5625000000E-01    5.0000000000E-01    2.8877054228E+02
    2.6500000000E+00   -8.5625000000E-01    5.0000000000E-01    2.8877049875E+02
    2.7500000000E+00   -8.5625000000E-01    5.0000000000E-01    2.8877045945E+02
    2.8500000000E+00   -8.5625000000E-01    5.0000000000E-01    2.8877042412E+02
    2.9500000000E+00   -8.5625000000E-01    5.0000000000E-01    2.8877039249E+02
    3.0500000000E+00   -8.5625000000E-01    5.0000000000E-01    2.8877036432E+02
    3.1500000000E+00   -8.5625000000E-01    5.0000000000E-01    2.8877033938E+02
    3.2500000000E+00   -8.5625000000E-01    5.0000000000E-01    2.8877031748E+02
    3.3500000000E+00   -8.5625000000E-01    5.0000000000E-01    2.8877029841E+02
    3.4500000000E+00   -8.5625000000E-01    5.0000000000E-01    2.8877028201E+02
    3.5500000000E+00   -8.5625000000E-01    5.0000000000E-01    2.8877026811E+02
    3.6500000000E+00   -8.5625000000E-01    5.0000000000E-01    2.8877025659E+02
    3.7500000000E+00   -8.5625000000E-01    5.0000000000E-01    2.8877024733E+02
    3.8500000000E+00   -8.5625000000E-01    5.0000000000E-01    2.8877024022E+02
    3.9500000000E+00   -8.5625000000E-01    5.0000000000E-01    2.8877023519E+02
    4.0500000000E+00   -8.5625000000E-01    5.0000000000E-01    2.8877023217E+02
    4.1500000000E+00   -8.5625000000E-01    5.0000000000E-01    2.8877023113E+02
    4.2500000000E+00   -8.5625000000E-01    5.0000000000E-01    2.8877023204E+02
    4.3500000000E+00   -8.5625000000E-01    5.0000000000E-01    2.8877023489E+02
    4.4500000000E+00   -8.5625000000E-01    5.0000000000E-01    2.8877023970E+02
    4.5500000000E+00   -8.5625000000E-01    5.0000000000E-01    2.8877024649E+02
    4.6500000000E+00   -8.5625000000E-01    5.0000000000E-01    2.8877025532E+02
    4.7500000000E+00   -8.5625000000E-01    5.0000000000E-01    2.8877026624E+02
    4.8500000000E+00   -8.5625000000E-01    5.0000000000E-01    2.8877027934E+02
    4.9500000000E+00   -8.5625000000E-01    5.0000000000E-01    2.8877029472E+02
    5.0500000000E+00   -8.5625000000E-01    5.0000000000E-01    2.8877031249E+02
    5.1500000000E+00   -8.5625000000E-01    5.0000000000E-01    2.8877033277E+02
    5.2500000000E+00   -8.5625000000E-01    5.0000000000E-01    2.8877035570E+02
    5.3500000000E+00   -8.5625000000E-01    5.0000000000E-01    2.8877038144E+02
    5.4500000000E+00   -8.5625000000E-01    5.0000000000E-01    2.8877041014E+02
    5.5500000000E+00   -8.5625000000E-01    5.0000000000E-01    2.8877044200E+02
    5.6500000000E+00   -8.5625000000E-01    5.0000000000E-01    2.8877047718E+02
    5.7500000000E+00   -8.5625000000E-01    5.0000000000E-01    2.8877051590E+02
    5.8500000000E+00   -8.5625000000E-01    5.0000000000E-01    2.8877055834E+02
    5.9500000000E+00   -8.5625000000E-01    5.0000000000E-01    2.8877060472E+02
    6.0500000000E+00   -8.5625000000E-01    5.0000000000E-01    2.8877065525E+02
    6.1500000000E+00   -8.5625000000E-01    5.0000000000E-01    2.8877071016E+02
    6.2500000000E+00   -8.5625000000E-01    5.0000000000E-01    2.8877076965E+02
    6.3500000000E+00   -8.5625000000E-01    5.0000000000E-01    2.8877083396E+02
    6.4500000000E+00   -8.5625000000E-01    5.0000000000E-01    2.8877090330E+02
    6.5500000000E+00   -8.5625000000E-01    5.0000000000E-01    2.8877097789E+02
    6.6500000000E+00   -8.5625000000E-01    5.0000000000E-01    2.8877105795E+02
    6.7500000000E+00   -8.5625000000E-01    5.0000000000E-01    2.8877114369E+02
    6.8500000000E+00   -8.5625000000E-01    5.0000000000E-01    2.8877123530E+02
    6.9500000000E+00   -8.5625000000E-01    5.0000000000E-01    2.8877133298E+02
    7.0500000000E+00   -8.5625000000E-01    5.0000000000E-01    2.8877143693E+02
    7.1500000000E+00   -8.5625000000E-01    5.0000000000E-01    2.8877154730E+02
    7.2500000000E+00   -8.5625000000E-01    5.0000000000E-01    2.8877166426E+02
    7.3500000000E+00   -8.5625000000E-01    5.0000000000E-01    2.8877178796E+02
    7.4500000000E+00   -8.5625000000E-01    5.0000000000E-01    2.8877191850E+02
    7.5500000000E+00   -8.5625000000E-01    5.0000000000E-01    2.8877205598E+02
    7.6500000000E+00   -8.5625000000E-01    5.0000000000E-01    2.8877220043E+02
    7.7500000000E+00   -8.5625000000E-01    5.0000000000E-01    2.8877235179E+02
    7.8500000000E+00   -8.5625000000E-01    5.0000000000E-01    2.8877250982E+02
    7.9500000000E+00   -8.5625000000E-01    5.0000000000E-01    2.8877267553E+02
    5.0000000000E-02   -8.4375000000E-01    5.0000000000E-01    2.8876875268E+02
    1.5000000000E-01   -8.4375000000E-01    5.0000000000E-01    2.8876850810E+02
    2.5000000000E-01   -8.4375000000E-01    5.0000000000E-01    2.8876827478E+02
    3.5000000000E-01   -8.4375000000E-01    5.0000000000E-01    2.8876805167E+02
    4.5000000000E-01   -8.4375000000E-01    5.0000000000E-01    2.8876783889E+02
    5.5000000000E-01   -8.4375000000E-01    5.0000000000E-01    2.8876763645E+02
    6.5000000000E-01   -8.4375000000E-01    5.0000000000E-01    2.8876744426E+02
    7.5000000000E-01   -8.4375000000E-01    5.0000000000E-01    2.8876726217E+02
    8.5000000000E-01   -8.4375000000E-01    5.0000000000E-01    2.8876709001E+02
    9.5000000000E-01   -8.4375000000E-01    5.0000000000E-01    2.8876692756E+02
    1.0500000000E+00   -8.4375000000E-01    5.0000000000E-01    2.8876677457E+02
    1.1500000000E+00   -8.4375000000E-01    5.0000000000E-01    2.8876663079E+02
    1.2500000000E+00   -8.4375000000E-01    5.0000000000E-01    2.8876649594E+02
    1.3500000000E+00   -8.4375000000E-01    5.0000000000E-01    2.8876636974E+02
    1.4500000000E+00   -8.4375000000E-01    5.0000000000E-01    2.8876625187E+02
    1.5500000000E+00   -8.4375000000E-01    5.0000000000E-01    2.8876614203E+02
    1.6500000000E+00   -8.4375000000E-01    5.0000000000E-01    2.8876603989E+02
    1.7500000000E+00   -8.4375000000E-01    5.0000000000E-01    2.8876594512E+02
    1.8500000000E+00   -8.4375000000E-01    5.0000000000E-01    2.8876585740E+02
    1.9500000000E+00   -8.4375000000E-01    5.0000000000E-01    2.8876577638E+02
    2.0500000000E+00   -8.4375000000E-01    5.0000000000E-01    2.8876570173E+02
    2.1500000000E+00   -8.4375000000E-01    5.0000000000E-01    2.8876563312E+02
    2.2500000000E+00   -8.4375000000E-01    5.0000000000E-01    2.8876557023E+02
    2.3500000000E+00   -8.4375000000E-01    5.0000000000E-01    2.8876551273E+02
    2.4500000000E+00   -8.4375000000E-01    5.0000000000E-01    2.8876546030E+02
    2.5500000000E+00   -8.4375000000E-01    5.0000000000E-01    2.8876541265E+02
    2.6500000000E+00   -8.4375000000E-01    5.0000000000E-01    2.8876536948E+02
    2.7500000000E+00   -8.4375000000E-01    5.0000000000E-01    2.8876533050E+02
    2.8500000000E+00   -8.4375000000E-01    5.0000000000E-01    2.8876529545E+02
    2.9500000000E+00   -8.4375000000E-01    5.0000000000E-01    2.8876526408E+02
    3.0500000000E+00   -8.4375000000E-01    5.0000000000E-01    2.8876523614E+02
    3.1500000000E+00   -8.4375000000E-01    5.0000000000E-01    2.8876521140E+02
    3.2500000000E+00   -8.4375000000E-01    5.0000000000E-01    2.8876518968E+02
    3.3500000000E+00   -8.4375000000E-01    5.0000000000E-01    2.8876517076E+02
    3.4500000000E+00   -8.4375000000E-01    5.0000000000E-01    2.8876515449E+02
    3.5500000000E+00   -8.4375000000E-01    5.0000000000E-01    2.8876514071E+02
    3.6500000000E+00   -8.4375000000E-01    5.0000000000E-01    2.8876512929E+02
    3.7500000000E+00   -8.4375000000E-01    5.0000000000E-01    2.8876512010E+02
    3.8500000000E+00   -8.4375000000E-01    5.0000000000E-01    2.8876511304E+02
    3.9500000000E+00   -8.4375000000E-01    5.0000000000E-01    2.8876510805E+02
    4.0500000000E+00   -8.4375000000E-01    5.0000000000E-01    2.8876510506E+02
    4.1500000000E+00   -8.4375000000E-01    5.0000000000E-01    2.8876510403E+02
    4.2500000000E+00   -8.4375000000E-01    5.0000000000E-01    2.8876510493E+02
    4.3500000000E+00   -8.4375000000E-01    5.0000000000E-01    2.8876510775E+02
    4.4500000000E+00   -8.4375000000E-01    5.0000000000E-01    2.8876511252E+02
    4.5500000000E+00   -8.4375000000E-01    5.0000000000E-01    2.8876511926E+02
    4.6500000000E+00   -8.4375000000E-01    5.0000000000E-01    2.8876512801E+02
    4.7500000000E+00   -8.4375000000E-01    5.0000000000E-01    2.8876513885E+02
    4.8500000000E+00   -8.4375000000E-01    5.0000000000E-01    2.8876515185E+02
    4.9500000000E+00   -8.4375000000E-01    5.0000000000E-01    2.8876516710E+02
    5.0500000000E+00   -8.4375000000E-01    5.0000000000E-01    2.8876518472E+02
    5.1500000000E+00   -8.4375000000E-01    5.0000000000E-01    2.8876520484E+02
    5.2500000000E+00   -8.4375000000E-01    5.0000000000E-01    2.8876522758E+02
    5.3500000000E+00   -8.4375000000E-01    5.0000000000E-01    2.8876525311E+02
    5.4500000000E+00   -8.4375000000E-01    5.0000000000E-01    2.8876528158E+02
    5.5500000000E+00   -8.4375000000E-01    5.0000000000E-01    2.8876531318E+02
    5.6500000000E+00   -8.4375000000E-01    5.0000000000E-01    2.8876534808E+02
    5.7500000000E+00   -8.4375000000E-01    5.0000000000E-01    2.8876538647E+02
    5.8500000000E+00   -8.4375000000E-01    5.0000000000E-01    2.8876542857E+02
    5.9500000000E+00   -8.4375000000E-01    5.0000000000E-01    2.8876547457E+02
    6.0500000000E+00   -8.4375000000E-01    5.0000000000E-01    2.8876552469E+02
    6.1500000000E+00   -8.4375000000E-01    5.0000000000E-01    2.8876557914E+02
    6.2500000000E+00   -8.4375000000E-01    5.0000000000E-01    2.8876563815E+02
    6.3500000000E+00   -8.4375000000E-01    5.0000000000E-01    2.8876570193E+02
    6.4500000000E+00   -8.4375000000E-01    5.0000000000E-01    2.8876577070E+02
    6.5500000000E+00   -8.4375000000E-01    5.0000000000E-01    2.8876584468E+02
    6.6500000000E+00   -8.4375000000E-01    5.0000000000E-01    2.8876592408E+02
    6.7500000000E+00   -8.4375000000E-01    5.0000000000E-01    2.8876600911E+02
    6.8500000000E+00   -8.4375000000E-01    5.0000000000E-01    2.8876609996E+02
    6.9500000000E+00   -8.4375000000E-01    5.0000000000E-01    2.8876619684E+02
    7.0500000000E+00   -8.4375000000E-01    5.0000000000E-01    2.8876629993E+02
    7.1500000000E+00   -8.4375000000E-01    5.0000000000E-01    2.8876640938E+02
    7.2500000000E+00   -8.4375000000E-01    5.0000000000E-01    2.8876652537E+02
    7.3500000000E+00   -8.4375000000E-01    5.0000000000E-01    2.8876664803E+02
    7.4500000000E+00   -8.4375000000E-01    5.0000000000E-01    2.8876677747E+02
    7.5500000000E+00   -8.4375000000E-01    5.0000000000E-01    2.8876691378E+02
    7.6500000000E+00   -8.4375000000E-01    5.0000000000E-01    2.8876705699E+02
    7.7500000000E+00   -8.4375000000E-01    5.0000000000E-01    2.8876720702E+02
    7.8500000000E+00   -8.4375000000E-01    5.0000000000E-01    2.8876736367E+02
    7.9500000000E+00   -8.4375000000E-01    5.0000000000E-01    2.8876752794E+02
    5.0000000000E-02   -8.3125000000E-01    5.0000000000E-01    2.8876343752E+02
    1.5000000000E-01   -8.3125000000E-01    5.0000000000E-01    2.8876319509E+02
    2.5000000000E-01   -8.3125000000E-01    5.0000000000E-01    2.8876296384E+02
    3.5000000000E-01   -8.3125000000E-01    5.0000000000E-01    2.8876274270E+02
    4.5000000000E-01   -8.3125000000E-01    5.0000000000E-01    2.8876253179E+02
    5.5000000000E-01   -8.3125000000E-01    5.0000000000E-01    2.8876233111E+02
    6.5000000000E-01   -8.3125000000E-01    5.0000000000E-01    2.8876214059E+02
    7.5000000000E-01   -8.3125000000E-01    5.0000000000E-01    2.8876196008E+02
    8.5000000000E-01   -8.3125000000E-01    5.0000000000E-01    2.8876178941E+02
    9.5000000000E-01   -8.3125000000E-01    5.0000000000E-01    2.8876162835E+02
    1.0500000000E+00   -8.3125000000E-01    5.0000000000E-01    2.8876147667E+02
    1.1500000000E+00   -8.3125000000E-01    5.0000000000E-01    2.8876133413E+02
    1.2500000000E+00   -8.3125000000E-01    5.0000000000E-01    2.8876120043E+02
    1.3500000000E+00   -8.3125000000E-01    5.0000000000E-01    2.8876107531E+02
    1.4500000000E+00   -8.3125000000E-01    5.0000000000E-01    2.8876095845E+02
    1.5500000000E+00   -8.3125000000E-01    5.0000000000E-01    2.8876084955E+02
    1.6500000000E+00   -8.3125000000E-01    5.0000000000E-01    2.8876074828E+02
    1.7500000000E+00   -8.3125000000E-01    5.0000000000E-01    2.8876065432E+02
    1.8500000000E+00   -8.3125000000E-01    5.0000000000E-01    2.8876056734E+02
    1.9500000000E+00   -8.3125000000E-01    5.0000000000E-01    2.8876048701E+02
    2.0500000000E+00   -8.3125000000E-01    5.0000000000E-01    2.8876041300E+02
    2.1500000000E+00   -8.3125000000E-01    5.0000000000E-01    2.8876034498E+02
    2.2500000000E+00   -8.3125000000E-01    5.0000000000E-01    2.8876028262E+02
    2.3500000000E+00   -8.3125000000E-01    5.0000000000E-01    2.8876022560E+02
    2.4500000000E+00   -8.3125000000E-01    5.0000000000E-01    2.8876017362E+02
    2.5500000000E+00   -8.3125000000E-01    5.0000000000E-01    2.8876012638E+02
    2.6500000000E+00   -8.3125000000E-01    5.0000000000E-01    2.8876008357E+02
    2.7500000000E+00   -8.3125000000E-01    5.0000000000E-01    2.8876004492E+02
    2.8500000000E+00   -8.3125000000E-01    5.0000000000E-01    2.8876001017E+02
    2.9500000000E+00   -8.3125000000E-01    5.0000000000E-01    2.8875997906E+02
    3.0500000000E+00   -8.3125000000E-01    5.0000000000E-01    2.8875995135E+02
    3.1500000000E+00   -8.3125000000E-01    5.0000000000E-01    2.8875992683E+02
    3.2500000000E+00   -8.3125000000E-01    5.0000000000E-01    2.8875990529E+02
    3.3500000000E+00   -8.3125000000E-01    5.0000000000E-01    2.8875988653E+02
    3.4500000000E+00   -8.3125000000E-01    5.0000000000E-01    2.8875987040E+02
    3.5500000000E+00   -8.3125000000E-01    5.0000000000E-01    2.8875985674E+02
    3.6500000000E+00   -8.3125000000E-01    5.0000000000E-01    2.8875984540E+02
    3.7500000000E+00   -8.3125000000E-01    5.0000000000E-01    2.8875983629E+02
    3.8500000000E+00   -8.3125000000E-01    5.0000000000E-01    2.8875982930E+02
    3.9500000000E+00   -8.3125000000E-01    5.0000000000E-01    2.8875982435E+02
    4.0500000000E+00   -8.3125000000E-01    5.0000000000E-01    2.8875982138E+02
    4.1500000000E+00   -8.3125000000E-01    5.0000000000E-01    2.8875982036E+02
    4.2500000000E+00   -8.3125000000E-01    5.0000000000E-01    2.8875982125E+02
    4.3500000000E+00   -8.3125000000E-01    5.0000000000E-01    2.8875982405E+02
    4.4500000000E+00   -8.3125000000E-01    5.0000000000E-01    2.8875982878E+02
    4.5500000000E+00   -8.3125000000E-01    5.0000000000E-01    2.8875983546E+02
    4.6500000000E+00   -8.3125000000E-01    5.0000000000E-01    2.8875984414E+02
    4.7500000000E+00   -8.3125000000E-01    5.0000000000E-01    2.8875985489E+02
    4.8500000000E+00   -8.3125000000E-01    5.0000000000E-01    2.8875986777E+02
    4.9500000000E+00   -8.3125000000E-01    5.0000000000E-01    2.8875988290E+02
    5.0500000000E+00   -8.3125000000E-01    5.0000000000E-01    2.8875990037E+02
    5.1500000000E+00   -8.3125000000E-01    5.0000000000E-01    2.8875992031E+02
    5.2500000000E+00   -8.3125000000E-01    5.0000000000E-01    2.8875994287E+02
    5.3500000000E+00   -8.3125000000E-01    5.0000000000E-01    2.8875996818E+02
    5.4500000000E+00   -8.3125000000E-01    5.0000000000E-01    2.8875999641E+02
    5.5500000000E+00   -8.3125000000E-01    5.0000000000E-01    2.8876002774E+02
    5.6500000000E+00   -8.3125000000E-01    5.0000000000E-01    2.8876006234E+02
    5.7500000000E+00   -8.3125000000E-01    5.0000000000E-01    2.8876010041E+02
    5.8500000000E+00   -8.3125000000E-01    5.0000000000E-01    2.8876014215E+02
    5.9500000000E+00   -8.3125000000E-01    5.0000000000E-01    2.8876018776E+02
    6.0500000000E+00   -8.3125000000E-01    5.0000000000E-01    2.8876023745E+02
    6.1500000000E+00   -8.3125000000E-01    5.0000000000E-01    2.8876029144E+02
    6.2500000000E+00   -8.3125000000E-01    5.0000000000E-01    2.8876034994E+02
    6.3500000000E+00   -8.3125000000E-01    5.0000000000E-01    2.8876041318E+02
    6.4500000000E+00   -8.3125000000E-01    5.0000000000E-01    2.8876048136E+02
    6.5500000000E+00   -8.3125000000E-01    5.0000000000E-01    2.8876055471E+02
    6.6500000000E+00   -8.3125000000E-01    5.0000000000E-01    2.8876063343E+02
    6.7500000000E+00   -8.3125000000E-01    5.0000000000E-01    2.8876071773E+02
    6.8500000000E+00   -8.3125000000E-01    5.0000000000E-01    2.8876080781E+02
    6.9500000000E+00   -8.3125000000E-01    5.0000000000E-01    2.8876090385E+02
    7.0500000000E+00   -8.3125000000E-01    5.0000000000E-01    2.8876100605E+02
    7.1500000000E+00   -8.3125000000E-01    5.0000000000E-01    2.8876111456E+02
    7.2500000000E+00   -8.3125000000E-01    5.0000000000E-01    2.8876122955E+02
    7.3500000000E+00   -8.3125000000E-01    5.0000000000E-01    2.8876135114E+02
    7.4500000000E+00   -8.3125000000E-01    5.0000000000E-01    2.8876147945E+02
    7.5500000000E+00   -8.3125000000E-01    5.0000000000E-01    2.8876161455E+02
    7.6500000000E+00   -8.3125000000E-01    5.0000000000E-01    2.8876175648E+02
    7.7500000000E+00   -8.3125000000E-01    5.0000000000E-01    2.8876190516E+02
    7.8500000000E+00   -8.3125000000E-01    5.0000000000E-01    2.8876206038E+02
    7.9500000000E+00   -8.3125000000E-01    5.0000000000E-01    2.8876222318E+02
    5.0000000000E-02   -8.1875000000E-01    5.0000000000E-01    2.8875796625E+02
    1.5000000000E-01   -8.1875000000E-01    5.0000000000E-01    2.8875772603E+02
    2.5000000000E-01   -8.1875000000E-01    5.0000000000E-01    2.8875749691E+02
    3.5000000000E-01   -8.1875000000E-01    5.0000000000E-01    2.8875727779E+02
    4.5000000000E-01   -8.1875000000E-01    5.0000000000E-01    2.8875706880E+02
    5.5000000000E-01   -8.1875000000E-01    5.0000000000E-01    2.8875686994E+02
    6.5000000000E-01   -8.1875000000E-01    5.0000000000E-01    2.8875668114E+02
    7.5000000000E-01   -8.1875000000E-01    5.0000000000E-01    2.8875650225E+02
    8.5000000000E-01   -8.1875000000E-01    5.0000000000E-01    2.8875633310E+02
    9.5000000000E-01   -8.1875000000E-01    5.0000000000E-01    2.8875617348E+02
    1.0500000000E+00   -8.1875000000E-01    5.0000000000E-01    2.8875602316E+02
    1.1500000000E+00   -8.1875000000E-01    5.0000000000E-01    2.8875588188E+02
    1.2500000000E+00   -8.1875000000E-01    5.0000000000E-01    2.8875574938E+02
    1.3500000000E+00   -8.1875000000E-01    5.0000000000E-01    2.8875562536E+02
    1.4500000000E+00   -8.1875000000E-01    5.0000000000E-01    2.8875550954E+02
    1.5500000000E+00   -8.1875000000E-01    5.0000000000E-01    2.8875540161E+02
    1.6500000000E+00   -8.1875000000E-01    5.0000000000E-01    2.8875530123E+02
    1.7500000000E+00   -8.1875000000E-01    5.0000000000E-01    2.8875520811E+02
    1.8500000000E+00   -8.1875000000E-01    5.0000000000E-01    2.8875512190E+02
    1.9500000000E+00   -8.1875000000E-01    5.0000000000E-01    2.8875504228E+02
    2.0500000000E+00   -8.1875000000E-01    5.0000000000E-01    2.8875496892E+02
    2.1500000000E+00   -8.1875000000E-01    5.0000000000E-01    2.8875490150E+02
    2.2500000000E+00   -8.1875000000E-01    5.0000000000E-01    2.8875483969E+02
    2.3500000000E+00   -8.1875000000E-01    5.0000000000E-01    2.8875478318E+02
    2.4500000000E+00   -8.1875000000E-01    5.0000000000E-01    2.8875473166E+02
    2.5500000000E+00   -8.1875000000E-01    5.0000000000E-01    2.8875468483E+02
    2.6500000000E+00   -8.1875000000E-01    5.0000000000E-01    2.8875464240E+02
    2.7500000000E+00   -8.1875000000E-01    5.0000000000E-01    2.8875460409E+02
    2.8500000000E+00   -8.1875000000E-01    5.0000000000E-01    2.8875456964E+02
    2.9500000000E+00   -8.1875000000E-01    5.0000000000E-01    2.8875453881E+02
    3.0500000000E+00   -8.1875000000E-01    5.0000000000E-01    2.8875451134E+02
    3.1500000000E+00   -8.1875000000E-01    5.0000000000E-01    2.8875448704E+02
    3.2500000000E+00   -8.1875000000E-01    5.0000000000E-01    2.8875446568E+02
    3.3500000000E+00   -8.1875000000E-01    5.0000000000E-01    2.8875444709E+02
    3.4500000000E+00   -8.1875000000E-01    5.0000000000E-01    2.8875443110E+02
    3.5500000000E+00   -8.1875000000E-01    5.0000000000E-01    2.8875441755E+02
    3.6500000000E+00   -8.1875000000E-01    5.0000000000E-01    2.8875440632E+02
    3.7500000000E+00   -8.1875000000E-01    5.0000000000E-01    2.8875439729E+02
    3.8500000000E+00   -8.1875000000E-01    5.0000000000E-01    2.8875439036E+02
    3.9500000000E+00   -8.1875000000E-01    5.0000000000E-01    2.8875438545E+02
    4.0500000000E+00   -8.1875000000E-01    5.0000000000E-01    2.8875438251E+02
    4.1500000000E+00   -8.1875000000E-01    5.0000000000E-01    2.8875438149E+02
    4.2500000000E+00   -8.1875000000E-01    5.0000000000E-01    2.8875438238E+02
    4.3500000000E+00   -8.1875000000E-01    5.0000000000E-01    2.8875438515E+02
    4.4500000000E+00   -8.1875000000E-01    5.0000000000E-01    2.8875438984E+02
    4.5500000000E+00   -8.1875000000E-01    5.0000000000E-01    2.8875439646E+02
    4.6500000000E+00   -8.1875000000E-01    5.0000000000E-01    2.8875440507E+02
    4.7500000000E+00   -8.1875000000E-01    5.0000000000E-01    2.8875441572E+02
    4.8500000000E+00   -8.1875000000E-01    5.0000000000E-01    2.8875442849E+02
    4.9500000000E+00   -8.1875000000E-01    5.0000000000E-01    2.8875444348E+02
    5.0500000000E+00   -8.1875000000E-01    5.0000000000E-01    2.8875446080E+02
    5.1500000000E+00   -8.1875000000E-01    5.0000000000E-01    2.8875448057E+02
    5.2500000000E+00   -8.1875000000E-01    5.0000000000E-01    2.8875450292E+02
    5.3500000000E+00   -8.1875000000E-01    5.0000000000E-01    2.8875452801E+02
    5.4500000000E+00   -8.1875000000E-01    5.0000000000E-01    2.8875455600E+02
    5.5500000000E+00   -8.1875000000E-01    5.0000000000E-01    2.8875458705E+02
    5.6500000000E+00   -8.1875000000E-01    5.0000000000E-01    2.8875462134E+02
    5.7500000000E+00   -8.1875000000E-01    5.0000000000E-01    2.8875465908E+02
    5.8500000000E+00   -8.1875000000E-01    5.0000000000E-01    2.8875470045E+02
    5.9500000000E+00   -8.1875000000E-01    5.0000000000E-01    2.8875474565E+02
    6.0500000000E+00   -8.1875000000E-01    5.0000000000E-01    2.8875479491E+02
    6.1500000000E+00   -8.1875000000E-01    5.0000000000E-01    2.8875484842E+02
    6.2500000000E+00   -8.1875000000E-01    5.0000000000E-01    2.8875490641E+02
    6.3500000000E+00   -8.1875000000E-01    5.0000000000E-01    2.8875496908E+02
    6.4500000000E+00   -8.1875000000E-01    5.0000000000E-01    2.8875503666E+02
    6.5500000000E+00   -8.1875000000E-01    5.0000000000E-01    2.8875510936E+02
    6.6500000000E+00   -8.1875000000E-01    5.0000000000E-01    2.8875518738E+02
    6.7500000000E+00   -8.1875000000E-01    5.0000000000E-01    2.8875527093E+02
    6.8500000000E+00   -8.1875000000E-01    5.0000000000E-01    2.8875536020E+02
    6.9500000000E+00   -8.1875000000E-01    5.0000000000E-01    2.8875545539E+02
    7.0500000000E+00   -8.1875000000E-01    5.0000000000E-01    2.8875555667E+02
    7.1500000000E+00   -8.1875000000E-01    5.0000000000E-01    2.8875566421E+02
    7.2500000000E+00   -8.1875000000E-01    5.0000000000E-01    2.8875577816E+02
    7.3500000000E+00   -8.1875000000E-01    5.0000000000E-01    2.8875589866E+02
    7.4500000000E+00   -8.1875000000E-01    5.0000000000E-01    2.8875602580E+02
    7.5500000000E+00   -8.1875000000E-01    5.0000000000E-01    2.8875615967E+02
    7.6500000000E+00   -8.1875000000E-01    5.0000000000E-01    2.8875630029E+02
    7.7500000000E+00   -8.1875000000E-01    5.0000000000E-01    2.8875644758E+02
    7.8500000000E+00   -8.1875000000E-01    5.0000000000E-01    2.8875660135E+02
    7.9500000000E+00   -8.1875000000E-01    5.0000000000E-01    2.8875676264E+02
    5.0000000000E-02   -8.0625000000E-01    5.0000000000E-01    2.8875234031E+02
    1.5000000000E-01   -8.0625000000E-01    5.0000000000E-01    2.8875210235E+02
    2.5000000000E-01   -8.0625000000E-01    5.0000000000E-01    2.8875187541E+02
    3.5000000000E-01   -8.0625000000E-01    5.0000000000E-01    2.8875165837E+02
    4.5000000000E-01   -8.0625000000E-01    5.0000000000E-01    2.8875145135E+02
    5.5000000000E-01   -8.0625000000E-01    5.0000000000E-01    2.8875125436E+02
    6.5000000000E-01   -8.0625000000E-01    5.0000000000E-01    2.8875106731E+02
    7.5000000000E-01   -8.0625000000E-01    5.0000000000E-01    2.8875089009E+02
    8.5000000000E-01   -8.0625000000E-01    5.0000000000E-01    2.8875072251E+02
    9.5000000000E-01   -8.0625000000E-01    5.0000000000E-01    2.8875056437E+02
    1.0500000000E+00   -8.0625000000E-01    5.0000000000E-01    2.8875041544E+02
    1.1500000000E+00   -8.0625000000E-01    5.0000000000E-01    2.8875027546E+02
    1.2500000000E+00   -8.0625000000E-01    5.0000000000E-01    2.8875014419E+02
    1.3500000000E+00   -8.0625000000E-01    5.0000000000E-01    2.8875002132E+02
    1.4500000000E+00   -8.0625000000E-01    5.0000000000E-01    2.8874990656E+02
    1.5500000000E+00   -8.0625000000E-01    5.0000000000E-01    2.8874979962E+02
    1.6500000000E+00   -8.0625000000E-01    5.0000000000E-01    2.8874970017E+02
    1.7500000000E+00   -8.0625000000E-01    5.0000000000E-01    2.8874960790E+02
    1.8500000000E+00   -8.0625000000E-01    5.0000000000E-01    2.8874952248E+02
    1.9500000000E+00   -8.0625000000E-01    5.0000000000E-01    2.8874944360E+02
    2.0500000000E+00   -8.0625000000E-01    5.0000000000E-01    2.8874937091E+02
    2.1500000000E+00   -8.0625000000E-01    5.0000000000E-01    2.8874930411E+02
    2.2500000000E+00   -8.0625000000E-01    5.0000000000E-01    2.8874924287E+02
    2.3500000000E+00   -8.0625000000E-01    5.0000000000E-01    2.8874918687E+02
    2.4500000000E+00   -8.0625000000E-01    5.0000000000E-01    2.8874913582E+02
    2.5500000000E+00   -8.0625000000E-01    5.0000000000E-01    2.8874908942E+02
    2.6500000000E+00   -8.0625000000E-01    5.0000000000E-01    2.8874904738E+02
    2.7500000000E+00   -8.0625000000E-01    5.0000000000E-01    2.8874900942E+02
    2.8500000000E+00   -8.0625000000E-01    5.0000000000E-01    2.8874897529E+02
    2.9500000000E+00   -8.0625000000E-01    5.0000000000E-01    2.8874894473E+02
    3.0500000000E+00   -8.0625000000E-01    5.0000000000E-01    2.8874891752E+02
    3.1500000000E+00   -8.0625000000E-01    5.0000000000E-01    2.8874889343E+02
    3.2500000000E+00   -8.0625000000E-01    5.0000000000E-01    2.8874887227E+02
    3.3500000000E+00   -8.0625000000E-01    5.0000000000E-01    2.8874885385E+02
    3.4500000000E+00   -8.0625000000E-01    5.0000000000E-01    2.8874883800E+02
    3.5500000000E+00   -8.0625000000E-01    5.0000000000E-01    2.8874882458E+02
    3.6500000000E+00   -8.0625000000E-01    5.0000000000E-01    2.8874881345E+02
    3.7500000000E+00   -8.0625000000E-01    5.0000000000E-01    2.8874880450E+02
    3.8500000000E+00   -8.0625000000E-01    5.0000000000E-01    2.8874879763E+02
    3.9500000000E+00   -8.0625000000E-01    5.0000000000E-01    2.8874879277E+02
    4.0500000000E+00   -8.0625000000E-01    5.0000000000E-01    2.8874878985E+02
    4.1500000000E+00   -8.0625000000E-01    5.0000000000E-01    2.8874878884E+02
    4.2500000000E+00   -8.0625000000E-01    5.0000000000E-01    2.8874878972E+02
    4.3500000000E+00   -8.0625000000E-01    5.0000000000E-01    2.8874879247E+02
    4.4500000000E+00   -8.0625000000E-01    5.0000000000E-01    2.8874879712E+02
    4.5500000000E+00   -8.0625000000E-01    5.0000000000E-01    2.8874880368E+02
    4.6500000000E+00   -8.0625000000E-01    5.0000000000E-01    2.8874881220E+02
    4.7500000000E+00   -8.0625000000E-01    5.0000000000E-01    2.8874882276E+02
    4.8500000000E+00   -8.0625000000E-01    5.0000000000E-01    2.8874883541E+02
    4.9500000000E+00   -8.0625000000E-01    5.0000000000E-01    2.8874885027E+02
    5.0500000000E+00   -8.0625000000E-01    5.0000000000E-01    2.8874886743E+02
    5.1500000000E+00   -8.0625000000E-01    5.0000000000E-01    2.8874888702E+02
    5.2500000000E+00   -8.0625000000E-01    5.0000000000E-01    2.8874890917E+02
    5.3500000000E+00   -8.0625000000E-01    5.0000000000E-01    2.8874893403E+02
    5.4500000000E+00   -8.0625000000E-01    5.0000000000E-01    2.8874896175E+02
    5.5500000000E+00   -8.0625000000E-01    5.0000000000E-01    2.8874899252E+02
    5.6500000000E+00   -8.0625000000E-01    5.0000000000E-01    2.8874902650E+02
    5.7500000000E+00   -8.0625000000E-01    5.0000000000E-01    2.8874906389E+02
    5.8500000000E+00   -8.0625000000E-01    5.0000000000E-01    2.8874910488E+02
    5.9500000000E+00   -8.0625000000E-01    5.0000000000E-01    2.8874914968E+02
    6.0500000000E+00   -8.0625000000E-01    5.0000000000E-01    2.8874919848E+02
    6.1500000000E+00   -8.0625000000E-01    5.0000000000E-01    2.8874925150E+02
    6.2500000000E+00   -8.0625000000E-01    5.0000000000E-01    2.8874930895E+02
    6.3500000000E+00   -8.0625000000E-01    5.0000000000E-01    2.8874937105E+02
    6.4500000000E+00   -8.0625000000E-01    5.0000000000E-01    2.8874943801E+02
    6.5500000000E+00   -8.0625000000E-01    5.0000000000E-01    2.8874951003E+02
    6.6500000000E+00   -8.0625000000E-01    5.0000000000E-01    2.8874958734E+02
    6.7500000000E+00   -8.0625000000E-01    5.0000000000E-01    2.8874967011E+02
    6.8500000000E+00   -8.0625000000E-01    5.0000000000E-01    2.8874975856E+02
    6.9500000000E+00   -8.0625000000E-01    5.0000000000E-01    2.8874985287E+02
    7.0500000000E+00   -8.0625000000E-01    5.0000000000E-01    2.8874995322E+02
    7.1500000000E+00   -8.0625000000E-01    5.0000000000E-01    2.8875005976E+02
    7.2500000000E+00   -8.0625000000E-01    5.0000000000E-01    2.8875017264E+02
    7.3500000000E+00   -8.0625000000E-01    5.0000000000E-01    2.8875029201E+02
    7.4500000000E+00   -8.0625000000E-01    5.0000000000E-01    2.8875041796E+02
    7.5500000000E+00   -8.0625000000E-01    5.0000000000E-01    2.8875055056E+02
    7.6500000000E+00   -8.0625000000E-01    5.0000000000E-01    2.8875068983E+02
    7.7500000000E+00   -8.0625000000E-01    5.0000000000E-01    2.8875083570E+02
    7.8500000000E+00   -8.0625000000E-01    5.0000000000E-01    2.8875098797E+02
    7.9500000000E+00   -8.0625000000E-01    5.0000000000E-01    2.8875114773E+02
    5.0000000000E-02   -7.9375000000E-01    5.0000000000E-01    2.8874656114E+02
    1.5000000000E-01   -7.9375000000E-01    5.0000000000E-01    2.8874632550E+02
    2.5000000000E-01   -7.9375000000E-01    5.0000000000E-01    2.8874610079E+02
    3.5000000000E-01   -7.9375000000E-01    5.0000000000E-01    2.8874588588E+02
    4.5000000000E-01   -7.9375000000E-01    5.0000000000E-01    2.8874568088E+02
    5.5000000000E-01   -7.9375000000E-01    5.0000000000E-01    2.8874548580E+02
    6.5000000000E-01   -7.9375000000E-01    5.0000000000E-01    2.8874530057E+02
    7.5000000000E-01   -7.9375000000E-01    5.0000000000E-01    2.8874512506E+02
    8.5000000000E-01   -7.9375000000E-01    5.0000000000E-01    2.8874495909E+02
    9.5000000000E-01   -7.9375000000E-01    5.0000000000E-01    2.8874480247E+02
    1.0500000000E+00   -7.9375000000E-01    5.0000000000E-01    2.8874465497E+02
    1.1500000000E+00   -7.9375000000E-01    5.0000000000E-01    2.8874451634E+02
    1.2500000000E+00   -7.9375000000E-01    5.0000000000E-01    2.8874438631E+02
    1.3500000000E+00   -7.9375000000E-01    5.0000000000E-01    2.8874426462E+02
    1.4500000000E+00   -7.9375000000E-01    5.0000000000E-01    2.8874415096E+02
    1.5500000000E+00   -7.9375000000E-01    5.0000000000E-01    2.8874404504E+02
    1.6500000000E+00   -7.9375000000E-01    5.0000000000E-01    2.8874394654E+02
    1.7500000000E+00   -7.9375000000E-01    5.0000000000E-01    2.8874385515E+02
    1.8500000000E+00   -7.9375000000E-01    5.0000000000E-01    2.8874377055E+02
    1.9500000000E+00   -7.9375000000E-01    5.0000000000E-01    2.8874369241E+02
    2.0500000000E+00   -7.9375000000E-01    5.0000000000E-01    2.8874362042E+02
    2.1500000000E+00   -7.9375000000E-01    5.0000000000E-01    2.8874355425E+02
    2.2500000000E+00   -7.9375000000E-01    5.0000000000E-01    2.8874349359E+02
    2.3500000000E+00   -7.9375000000E-01    5.0000000000E-01    2.8874343813E+02
    2.4500000000E+00   -7.9375000000E-01    5.0000000000E-01    2.8874338756E+02
    2.5500000000E+00   -7.9375000000E-01    5.0000000000E-01    2.8874334160E+02
    2.6500000000E+00   -7.9375000000E-01    5.0000000000E-01    2.8874329995E+02
    2.7500000000E+00   -7.9375000000E-01    5.0000000000E-01    2.8874326236E+02
    2.8500000000E+00   -7.9375000000E-01    5.0000000000E-01    2.8874322855E+02
    2.9500000000E+00   -7.9375000000E-01    5.0000000000E-01    2.8874319828E+02
    3.0500000000E+00   -7.9375000000E-01    5.0000000000E-01    2.8874317132E+02
    3.1500000000E+00   -7.9375000000E-01    5.0000000000E-01    2.8874314747E+02
    3.2500000000E+00   -7.9375000000E-01    5.0000000000E-01    2.8874312650E+02
    3.3500000000E+00   -7.9375000000E-01    5.0000000000E-01    2.8874310826E+02
    3.4500000000E+00   -7.9375000000E-01    5.0000000000E-01    2.8874309256E+02
    3.5500000000E+00   -7.9375000000E-01    5.0000000000E-01    2.8874307926E+02
    3.6500000000E+00   -7.9375000000E-01    5.0000000000E-01    2.8874306824E+02
    3.7500000000E+00   -7.9375000000E-01    5.0000000000E-01    2.8874305937E+02
    3.8500000000E+00   -7.9375000000E-01    5.0000000000E-01    2.8874305257E+02
    3.9500000000E+00   -7.9375000000E-01    5.0000000000E-01    2.8874304775E+02
    4.0500000000E+00   -7.9375000000E-01    5.0000000000E-01    2.8874304486E+02
    4.1500000000E+00   -7.9375000000E-01    5.0000000000E-01    2.8874304386E+02
    4.2500000000E+00   -7.9375000000E-01    5.0000000000E-01    2.8874304473E+02
    4.3500000000E+00   -7.9375000000E-01    5.0000000000E-01    2.8874304746E+02
    4.4500000000E+00   -7.9375000000E-01    5.0000000000E-01    2.8874305206E+02
    4.5500000000E+00   -7.9375000000E-01    5.0000000000E-01    2.8874305856E+02
    4.6500000000E+00   -7.9375000000E-01    5.0000000000E-01    2.8874306700E+02
    4.7500000000E+00   -7.9375000000E-01    5.0000000000E-01    2.8874307746E+02
    4.8500000000E+00   -7.9375000000E-01    5.0000000000E-01    2.8874308999E+02
    4.9500000000E+00   -7.9375000000E-01    5.0000000000E-01    2.8874310471E+02
    5.0500000000E+00   -7.9375000000E-01    5.0000000000E-01    2.8874312171E+02
    5.1500000000E+00   -7.9375000000E-01    5.0000000000E-01    2.8874314111E+02
    5.2500000000E+00   -7.9375000000E-01    5.0000000000E-01    2.8874316305E+02
    5.3500000000E+00   -7.9375000000E-01    5.0000000000E-01    2.8874318767E+02
    5.4500000000E+00   -7.9375000000E-01    5.0000000000E-01    2.8874321514E+02
    5.5500000000E+00   -7.9375000000E-01    5.0000000000E-01    2.8874324561E+02
    5.6500000000E+00   -7.9375000000E-01    5.0000000000E-01    2.8874327927E+02
    5.7500000000E+00   -7.9375000000E-01    5.0000000000E-01    2.8874331630E+02
    5.8500000000E+00   -7.9375000000E-01    5.0000000000E-01    2.8874335690E+02
    5.9500000000E+00   -7.9375000000E-01    5.0000000000E-01    2.8874340127E+02
    6.0500000000E+00   -7.9375000000E-01    5.0000000000E-01    2.8874344961E+02
    6.1500000000E+00   -7.9375000000E-01    5.0000000000E-01    2.8874350212E+02
    6.2500000000E+00   -7.9375000000E-01    5.0000000000E-01    2.8874355903E+02
    6.3500000000E+00   -7.9375000000E-01    5.0000000000E-01    2.8874362054E+02
    6.4500000000E+00   -7.9375000000E-01    5.0000000000E-01    2.8874368685E+02
    6.5500000000E+00   -7.9375000000E-01    5.0000000000E-01    2.8874375819E+02
    6.6500000000E+00   -7.9375000000E-01    5.0000000000E-01    2.8874383475E+02
    6.7500000000E+00   -7.9375000000E-01    5.0000000000E-01    2.8874391674E+02
    6.8500000000E+00   -7.9375000000E-01    5.0000000000E-01    2.8874400434E+02
    6.9500000000E+00   -7.9375000000E-01    5.0000000000E-01    2.8874409775E+02
    7.0500000000E+00   -7.9375000000E-01    5.0000000000E-01    2.8874419713E+02
    7.1500000000E+00   -7.9375000000E-01    5.0000000000E-01    2.8874430264E+02
    7.2500000000E+00   -7.9375000000E-01    5.0000000000E-01    2.8874441444E+02
    7.3500000000E+00   -7.9375000000E-01    5.0000000000E-01    2.8874453264E+02
    7.4500000000E+00   -7.9375000000E-01    5.0000000000E-01    2.8874465736E+02
    7.5500000000E+00   -7.9375000000E-01    5.0000000000E-01    2.8874478866E+02
    7.6500000000E+00   -7.9375000000E-01    5.0000000000E-01    2.8874492655E+02
    7.7500000000E+00   -7.9375000000E-01    5.0000000000E-01    2.8874507096E+02
    7.8500000000E+00   -7.9375000000E-01    5.0000000000E-01    2.8874522172E+02
    7.9500000000E+00   -7.9375000000E-01    5.0000000000E-01    2.8874537990E+02
    5.0000000000E-02   -7.8125000000E-01    5.0000000000E-01    2.8874063024E+02
    1.5000000000E-01   -7.8125000000E-01    5.0000000000E-01    2.8874039698E+02
    2.5000000000E-01   -7.8125000000E-01    5.0000000000E-01    2.8874017455E+02
    3.5000000000E-01   -7.8125000000E-01    5.0000000000E-01    2.8873996182E+02
    4.5000000000E-01   -7.8125000000E-01    5.0000000000E-01    2.8873975889E+02
    5.5000000000E-01   -7.8125000000E-01    5.0000000000E-01    2.8873956578E+02
    6.5000000000E-01   -7.8125000000E-01    5.0000000000E-01    2.8873938241E+02
    7.5000000000E-01   -7.8125000000E-01    5.0000000000E-01    2.8873920865E+02
    8.5000000000E-01   -7.8125000000E-01    5.0000000000E-01    2.8873904434E+02
    9.5000000000E-01   -7.8125000000E-01    5.0000000000E-01    2.8873888928E+02
    1.0500000000E+00   -7.8125000000E-01    5.0000000000E-01    2.8873874324E+02
    1.1500000000E+00   -7.8125000000E-01    5.0000000000E-01    2.8873860598E+02
    1.2500000000E+00   -7.8125000000E-01    5.0000000000E-01    2.8873847725E+02
    1.3500000000E+00   -7.8125000000E-01    5.0000000000E-01    2.8873835676E+02
    1.4500000000E+00   -7.8125000000E-01    5.0000000000E-01    2.8873824423E+02
    1.5500000000E+00   -7.8125000000E-01    5.0000000000E-01    2.8873813936E+02
    1.6500000000E+00   -7.8125000000E-01    5.0000000000E-01    2.8873804183E+02
    1.7500000000E+00   -7.8125000000E-01    5.0000000000E-01    2.8873795135E+02
    1.8500000000E+00   -7.8125000000E-01    5.0000000000E-01    2.8873786758E+02
    1.9500000000E+00   -7.8125000000E-01    5.0000000000E-01    2.8873779021E+02
    2.0500000000E+00   -7.8125000000E-01    5.0000000000E-01    2.8873771893E+02
    2.1500000000E+00   -7.8125000000E-01    5.0000000000E-01    2.8873765342E+02
    2.2500000000E+00   -7.8125000000E-01    5.0000000000E-01    2.8873759335E+02
    2.3500000000E+00   -7.8125000000E-01    5.0000000000E-01    2.8873753844E+02
    2.4500000000E+00   -7.8125000000E-01    5.0000000000E-01    2.8873748837E+02
    2.5500000000E+00   -7.8125000000E-01    5.0000000000E-01    2.8873744286E+02
    2.6500000000E+00   -7.8125000000E-01    5.0000000000E-01    2.8873740162E+02
    2.7500000000E+00   -7.8125000000E-01    5.0000000000E-01    2.8873736439E+02
    2.8500000000E+00   -7.8125000000E-01    5.0000000000E-01    2.8873733092E+02
    2.9500000000E+00   -7.8125000000E-01    5.0000000000E-01    2.8873730095E+02
    3.0500000000E+00   -7.8125000000E-01    5.0000000000E-01    2.8873727426E+02
    3.1500000000E+00   -7.8125000000E-01    5.0000000000E-01    2.8873725063E+02
    3.2500000000E+00   -7.8125000000E-01    5.0000000000E-01    2.8873722988E+02
    3.3500000000E+00   -7.8125000000E-01    5.0000000000E-01    2.8873721181E+02
    3.4500000000E+00   -7.8125000000E-01    5.0000000000E-01    2.8873719626E+02
    3.5500000000E+00   -7.8125000000E-01    5.0000000000E-01    2.8873718310E+02
    3.6500000000E+00   -7.8125000000E-01    5.0000000000E-01    2.8873717218E+02
    3.7500000000E+00   -7.8125000000E-01    5.0000000000E-01    2.8873716340E+02
    3.8500000000E+00   -7.8125000000E-01    5.0000000000E-01    2.8873715666E+02
    3.9500000000E+00   -7.8125000000E-01    5.0000000000E-01    2.8873715189E+02
    4.0500000000E+00   -7.8125000000E-01    5.0000000000E-01    2.8873714903E+02
    4.1500000000E+00   -7.8125000000E-01    5.0000000000E-01    2.8873714804E+02
    4.2500000000E+00   -7.8125000000E-01    5.0000000000E-01    2.8873714890E+02
    4.3500000000E+00   -7.8125000000E-01    5.0000000000E-01    2.8873715160E+02
    4.4500000000E+00   -7.8125000000E-01    5.0000000000E-01    2.8873715615E+02
    4.5500000000E+00   -7.8125000000E-01    5.0000000000E-01    2.8873716259E+02
    4.6500000000E+00   -7.8125000000E-01    5.0000000000E-01    2.8873717095E+02
    4.7500000000E+00   -7.8125000000E-01    5.0000000000E-01    2.8873718130E+02
    4.8500000000E+00   -7.8125000000E-01    5.0000000000E-01    2.8873719372E+02
    4.9500000000E+00   -7.8125000000E-01    5.0000000000E-01    2.8873720829E+02
    5.0500000000E+00   -7.8125000000E-01    5.0000000000E-01    2.8873722512E+02
    5.1500000000E+00   -7.8125000000E-01    5.0000000000E-01    2.8873724433E+02
    5.2500000000E+00   -7.8125000000E-01    5.0000000000E-01    2.8873726605E+02
    5.3500000000E+00   -7.8125000000E-01    5.0000000000E-01    2.8873729044E+02
    5.4500000000E+00   -7.8125000000E-01    5.0000000000E-01    2.8873731763E+02
    5.5500000000E+00   -7.8125000000E-01    5.0000000000E-01    2.8873734780E+02
    5.6500000000E+00   -7.8125000000E-01    5.0000000000E-01    2.8873738113E+02
    5.7500000000E+00   -7.8125000000E-01    5.0000000000E-01    2.8873741780E+02
    5.8500000000E+00   -7.8125000000E-01    5.0000000000E-01    2.8873745800E+02
    5.9500000000E+00   -7.8125000000E-01    5.0000000000E-01    2.8873750193E+02
    6.0500000000E+00   -7.8125000000E-01    5.0000000000E-01    2.8873754979E+02
    6.1500000000E+00   -7.8125000000E-01    5.0000000000E-01    2.8873760179E+02
    6.2500000000E+00   -7.8125000000E-01    5.0000000000E-01    2.8873765813E+02
    6.3500000000E+00   -7.8125000000E-01    5.0000000000E-01    2.8873771903E+02
    6.4500000000E+00   -7.8125000000E-01    5.0000000000E-01    2.8873778469E+02
    6.5500000000E+00   -7.8125000000E-01    5.0000000000E-01    2.8873785532E+02
    6.6500000000E+00   -7.8125000000E-01    5.0000000000E-01    2.8873793113E+02
    6.7500000000E+00   -7.8125000000E-01    5.0000000000E-01    2.8873801230E+02
    6.8500000000E+00   -7.8125000000E-01    5.0000000000E-01    2.8873809903E+02
    6.9500000000E+00   -7.8125000000E-01    5.0000000000E-01    2.8873819151E+02
    7.0500000000E+00   -7.8125000000E-01    5.0000000000E-01    2.8873828990E+02
    7.1500000000E+00   -7.8125000000E-01    5.0000000000E-01    2.8873839436E+02
    7.2500000000E+00   -7.8125000000E-01    5.0000000000E-01    2.8873850503E+02
    7.3500000000E+00   -7.8125000000E-01    5.0000000000E-01    2.8873862205E+02
    7.4500000000E+00   -7.8125000000E-01    5.0000000000E-01    2.8873874551E+02
    7.5500000000E+00   -7.8125000000E-01    5.0000000000E-01    2.8873887547E+02
    7.6500000000E+00   -7.8125000000E-01    5.0000000000E-01    2.8873901195E+02
    7.7500000000E+00   -7.8125000000E-01    5.0000000000E-01    2.8873915488E+02
    7.8500000000E+00   -7.8125000000E-01    5.0000000000E-01    2.8873930408E+02
    7.9500000000E+00   -7.8125000000E-01    5.0000000000E-01    2.8873946065E+02
    5.0000000000E-02   -7.6875000000E-01    5.0000000000E-01    2.8873454915E+02
    1.5000000000E-01   -7.6875000000E-01    5.0000000000E-01    2.8873431832E+02
    2.5000000000E-01   -7.6875000000E-01    5.0000000000E-01    2.8873409823E+02
    3.5000000000E-01   -7.6875000000E-01    5.0000000000E-01    2.8873388773E+02
    4.5000000000E-01   -7.6875000000E-01    5.0000000000E-01    2.8873368693E+02
    5.5000000000E-01   -7.6875000000E-01    5.0000000000E-01    2.8873349583E+02
    6.5000000000E-01   -7.6875000000E-01    5.0000000000E-01    2.8873331436E+02
    7.5000000000E-01   -7.6875000000E-01    5.0000000000E-01    2.8873314240E+02
    8.5000000000E-01   -7.6875000000E-01    5.0000000000E-01    2.8873297978E+02
    9.5000000000E-01   -7.6875000000E-01    5.0000000000E-01    2.8873282632E+02
    1.0500000000E+00   -7.6875000000E-01    5.0000000000E-01    2.8873268179E+02
    1.1500000000E+00   -7.6875000000E-01    5.0000000000E-01    2.8873254594E+02
    1.2500000000E+00   -7.6875000000E-01    5.0000000000E-01    2.8873241853E+02
    1.3500000000E+00   -7.6875000000E-01    5.0000000000E-01    2.8873229928E+02
    1.4500000000E+00   -7.6875000000E-01    5.0000000000E-01    2.8873218791E+02
    1.5500000000E+00   -7.6875000000E-01    5.0000000000E-01    2.8873208411E+02
    1.6500000000E+00   -7.6875000000E-01    5.0000000000E-01    2.8873198758E+02
    1.7500000000E+00   -7.6875000000E-01    5.0000000000E-01    2.8873189802E+02
    1.8500000000E+00   -7.6875000000E-01    5.0000000000E-01    2.8873181511E+02
    1.9500000000E+00   -7.6875000000E-01    5.0000000000E-01    2.8873173854E+02
    2.0500000000E+00   -7.6875000000E-01    5.0000000000E-01    2.8873166798E+02
    2.1500000000E+00   -7.6875000000E-01    5.0000000000E-01    2.8873160314E+02
    2.2500000000E+00   -7.6875000000E-01    5.0000000000E-01    2.8873154369E+02
    2.3500000000E+00   -7.6875000000E-01    5.0000000000E-01    2.8873148933E+02
    2.4500000000E+00   -7.6875000000E-01    5.0000000000E-01    2.8873143977E+02
    2.5500000000E+00   -7.6875000000E-01    5.0000000000E-01    2.8873139473E+02
    2.6500000000E+00   -7.6875000000E-01    5.0000000000E-01    2.8873135391E+02
    2.7500000000E+00   -7.6875000000E-01    5.0000000000E-01    2.8873131706E+02
    2.8500000000E+00   -7.6875000000E-01    5.0000000000E-01    2.8873128393E+02
    2.9500000000E+00   -7.6875000000E-01    5.0000000000E-01    2.8873125426E+02
    3.0500000000E+00   -7.6875000000E-01    5.0000000000E-01    2.8873122784E+02
    3.1500000000E+00   -7.6875000000E-01    5.0000000000E-01    2.8873120446E+02
    3.2500000000E+00   -7.6875000000E-01    5.0000000000E-01    2.8873118391E+02
    3.3500000000E+00   -7.6875000000E-01    5.0000000000E-01    2.8873116602E+02
    3.4500000000E+00   -7.6875000000E-01    5.0000000000E-01    2.8873115064E+02
    3.5500000000E+00   -7.6875000000E-01    5.0000000000E-01    2.8873113760E+02
    3.6500000000E+00   -7.6875000000E-01    5.0000000000E-01    2.8873112680E+02
    3.7500000000E+00   -7.6875000000E-01    5.0000000000E-01    2.8873111811E+02
    3.8500000000E+00   -7.6875000000E-01    5.0000000000E-01    2.8873111144E+02
    3.9500000000E+00   -7.6875000000E-01    5.0000000000E-01    2.8873110671E+02
    4.0500000000E+00   -7.6875000000E-01    5.0000000000E-01    2.8873110388E+02
    4.1500000000E+00   -7.6875000000E-01    5.0000000000E-01    2.8873110290E+02
    4.2500000000E+00   -7.6875000000E-01    5.0000000000E-01    2.8873110375E+02
    4.3500000000E+00   -7.6875000000E-01    5.0000000000E-01    2.8873110643E+02
    4.4500000000E+00   -7.6875000000E-01    5.0000000000E-01    2.8873111093E+02
    4.5500000000E+00   -7.6875000000E-01    5.0000000000E-01    2.8873111730E+02
    4.6500000000E+00   -7.6875000000E-01    5.0000000000E-01    2.8873112558E+02
    4.7500000000E+00   -7.6875000000E-01    5.0000000000E-01    2.8873113583E+02
    4.8500000000E+00   -7.6875000000E-01    5.0000000000E-01    2.8873114811E+02
    4.9500000000E+00   -7.6875000000E-01    5.0000000000E-01    2.8873116254E+02
    5.0500000000E+00   -7.6875000000E-01    5.0000000000E-01    2.8873117920E+02
    5.1500000000E+00   -7.6875000000E-01    5.0000000000E-01    2.8873119821E+02
    5.2500000000E+00   -7.6875000000E-01    5.0000000000E-01    2.8873121972E+02
    5.3500000000E+00   -7.6875000000E-01    5.0000000000E-01    2.8873124385E+02
    5.4500000000E+00   -7.6875000000E-01    5.0000000000E-01    2.8873127077E+02
    5.5500000000E+00   -7.6875000000E-01    5.0000000000E-01    2.8873130063E+02
    5.6500000000E+00   -7.6875000000E-01    5.0000000000E-01    2.8873133362E+02
    5.7500000000E+00   -7.6875000000E-01    5.0000000000E-01    2.8873136992E+02
    5.8500000000E+00   -7.6875000000E-01    5.0000000000E-01    2.8873140971E+02
    5.9500000000E+00   -7.6875000000E-01    5.0000000000E-01    2.8873145319E+02
    6.0500000000E+00   -7.6875000000E-01    5.0000000000E-01    2.8873150056E+02
    6.1500000000E+00   -7.6875000000E-01    5.0000000000E-01    2.8873155202E+02
    6.2500000000E+00   -7.6875000000E-01    5.0000000000E-01    2.8873160779E+02
    6.3500000000E+00   -7.6875000000E-01    5.0000000000E-01    2.8873166806E+02
    6.4500000000E+00   -7.6875000000E-01    5.0000000000E-01    2.8873173305E+02
    6.5500000000E+00   -7.6875000000E-01    5.0000000000E-01    2.8873180296E+02
    6.6500000000E+00   -7.6875000000E-01    5.0000000000E-01    2.8873187798E+02
    6.7500000000E+00   -7.6875000000E-01    5.0000000000E-01    2.8873195832E+02
    6.8500000000E+00   -7.6875000000E-01    5.0000000000E-01    2.8873204416E+02
    6.9500000000E+00   -7.6875000000E-01    5.0000000000E-01    2.8873213569E+02
    7.0500000000E+00   -7.6875000000E-01    5.0000000000E-01    2.8873223306E+02
    7.1500000000E+00   -7.6875000000E-01    5.0000000000E-01    2.8873233644E+02
    7.2500000000E+00   -7.6875000000E-01    5.0000000000E-01    2.8873244597E+02
    7.3500000000E+00   -7.6875000000E-01    5.0000000000E-01    2.8873256177E+02
    7.4500000000E+00   -7.6875000000E-01    5.0000000000E-01    2.8873268394E+02
    7.5500000000E+00   -7.6875000000E-01    5.0000000000E-01    2.8873281253E+02
    7.6500000000E+00   -7.6875000000E-01    5.0000000000E-01    2.8873294757E+02
    7.7500000000E+00   -7.6875000000E-01    5.0000000000E-01    2.8873308897E+02
    7.8500000000E+00   -7.6875000000E-01    5.0000000000E-01    2.8873323659E+02
    7.9500000000E+00   -7.6875000000E-01    5.0000000000E-01    2.8873339151E+02
    5.0000000000E-02   -7.5625000000E-01    5.0000000000E-01    2.8872831944E+02
    1.5000000000E-01   -7.5625000000E-01    5.0000000000E-01    2.8872809111E+02
    2.5000000000E-01   -7.5625000000E-01    5.0000000000E-01    2.8872787340E+02
    3.5000000000E-01   -7.5625000000E-01    5.0000000000E-01    2.8872766518E+02
    4.5000000000E-01   -7.5625000000E-01    5.0000000000E-01    2.8872746655E+02
    5.5000000000E-01   -7.5625000000E-01    5.0000000000E-01    2.8872727751E+02
    6.5000000000E-01   -7.5625000000E-01    5.0000000000E-01    2.8872709799E+02
    7.5000000000E-01   -7.5625000000E-01    5.0000000000E-01    2.8872692788E+02
    8.5000000000E-01   -7.5625000000E-01    5.0000000000E-01    2.8872676700E+02
    9.5000000000E-01   -7.5625000000E-01    5.0000000000E-01    2.8872661517E+02
    1.0500000000E+00   -7.5625000000E-01    5.0000000000E-01    2.8872647218E+02
    1.1500000000E+00   -7.5625000000E-01    5.0000000000E-01    2.8872633778E+02
    1.2500000000E+00   -7.5625000000E-01    5.0000000000E-01    2.8872621173E+02
    1.3500000000E+00   -7.5625000000E-01    5.0000000000E-01    2.8872609374E+02
    1.4500000000E+00   -7.5625000000E-01    5.0000000000E-01    2.8872598355E+02
    1.5500000000E+00   -7.5625000000E-01    5.0000000000E-01    2.8872588085E+02
    1.6500000000E+00   -7.5625000000E-01    5.0000000000E-01    2.8872578535E+02
    1.7500000000E+00   -7.5625000000E-01    5.0000000000E-01    2.8872569674E+02
    1.8500000000E+00   -7.5625000000E-01    5.0000000000E-01    2.8872561471E+02
    1.9500000000E+00   -7.5625000000E-01    5.0000000000E-01    2.8872553895E+02
    2.0500000000E+00   -7.5625000000E-01    5.0000000000E-01    2.8872546914E+02
    2.1500000000E+00   -7.5625000000E-01    5.0000000000E-01    2.8872540498E+02
    2.2500000000E+00   -7.5625000000E-01    5.0000000000E-01    2.8872534616E+02
    2.3500000000E+00   -7.5625000000E-01    5.0000000000E-01    2.8872529238E+02
    2.4500000000E+00   -7.5625000000E-01    5.0000000000E-01    2.8872524334E+02
    2.5500000000E+00   -7.5625000000E-01    5.0000000000E-01    2.8872519877E+02
    2.6500000000E+00   -7.5625000000E-01    5.0000000000E-01    2.8872515839E+02
    2.7500000000E+00   -7.5625000000E-01    5.0000000000E-01    2.8872512193E+02
    2.8500000000E+00   -7.5625000000E-01    5.0000000000E-01    2.8872508914E+02
    2.9500000000E+00   -7.5625000000E-01    5.0000000000E-01    2.8872505978E+02
    3.0500000000E+00   -7.5625000000E-01    5.0000000000E-01    2.8872503364E+02
    3.1500000000E+00   -7.5625000000E-01    5.0000000000E-01    2.8872501050E+02
    3.2500000000E+00   -7.5625000000E-01    5.0000000000E-01    2.8872499017E+02
    3.3500000000E+00   -7.5625000000E-01    5.0000000000E-01    2.8872497248E+02
    3.4500000000E+00   -7.5625000000E-01    5.0000000000E-01    2.8872495725E+02
    3.5500000000E+00   -7.5625000000E-01    5.0000000000E-01    2.8872494436E+02
    3.6500000000E+00   -7.5625000000E-01    5.0000000000E-01    2.8872493366E+02
    3.7500000000E+00   -7.5625000000E-01    5.0000000000E-01    2.8872492506E+02
    3.8500000000E+00   -7.5625000000E-01    5.0000000000E-01    2.8872491846E+02
    3.9500000000E+00   -7.5625000000E-01    5.0000000000E-01    2.8872491379E+02
    4.0500000000E+00   -7.5625000000E-01    5.0000000000E-01    2.8872491099E+02
    4.1500000000E+00   -7.5625000000E-01    5.0000000000E-01    2.8872491002E+02
    4.2500000000E+00   -7.5625000000E-01    5.0000000000E-01    2.8872491086E+02
    4.3500000000E+00   -7.5625000000E-01    5.0000000000E-01    2.8872491350E+02
    4.4500000000E+00   -7.5625000000E-01    5.0000000000E-01    2.8872491796E+02
    4.5500000000E+00   -7.5625000000E-01    5.0000000000E-01    2.8872492426E+02
    4.6500000000E+00   -7.5625000000E-01    5.0000000000E-01    2.8872493246E+02
    4.7500000000E+00   -7.5625000000E-01    5.0000000000E-01    2.8872494259E+02
    4.8500000000E+00   -7.5625000000E-01    5.0000000000E-01    2.8872495475E+02
    4.9500000000E+00   -7.5625000000E-01    5.0000000000E-01    2.8872496902E+02
    5.0500000000E+00   -7.5625000000E-01    5.0000000000E-01    2.8872498551E+02
    5.1500000000E+00   -7.5625000000E-01    5.0000000000E-01    2.8872500432E+02
    5.2500000000E+00   -7.5625000000E-01    5.0000000000E-01    2.8872502560E+02
    5.3500000000E+00   -7.5625000000E-01    5.0000000000E-01    2.8872504948E+02
    5.4500000000E+00   -7.5625000000E-01    5.0000000000E-01    2.8872507611E+02
    5.5500000000E+00   -7.5625000000E-01    5.0000000000E-01    2.8872510566E+02
    5.6500000000E+00   -7.5625000000E-01    5.0000000000E-01    2.8872513830E+02
    5.7500000000E+00   -7.5625000000E-01    5.0000000000E-01    2.8872517421E+02
    5.8500000000E+00   -7.5625000000E-01    5.0000000000E-01    2.8872521358E+02
    5.9500000000E+00   -7.5625000000E-01    5.0000000000E-01    2.8872525660E+02
    6.0500000000E+00   -7.5625000000E-01    5.0000000000E-01    2.8872530347E+02
    6.1500000000E+00   -7.5625000000E-01    5.0000000000E-01    2.8872535439E+02
    6.2500000000E+00   -7.5625000000E-01    5.0000000000E-01    2.8872540957E+02
    6.3500000000E+00   -7.5625000000E-01    5.0000000000E-01    2.8872546920E+02
    6.4500000000E+00   -7.5625000000E-01    5.0000000000E-01    2.8872553350E+02
    6.5500000000E+00   -7.5625000000E-01    5.0000000000E-01    2.8872560267E+02
    6.6500000000E+00   -7.5625000000E-01    5.0000000000E-01    2.8872567689E+02
    6.7500000000E+00   -7.5625000000E-01    5.0000000000E-01    2.8872575638E+02
    6.8500000000E+00   -7.5625000000E-01    5.0000000000E-01    2.8872584130E+02
    6.9500000000E+00   -7.5625000000E-01    5.0000000000E-01    2.8872593185E+02
    7.0500000000E+00   -7.5625000000E-01    5.0000000000E-01    2.8872602818E+02
    7.1500000000E+00   -7.5625000000E-01    5.0000000000E-01    2.8872613046E+02
    7.2500000000E+00   -7.5625000000E-01    5.0000000000E-01    2.8872623881E+02
    7.3500000000E+00   -7.5625000000E-01    5.0000000000E-01    2.8872635337E+02
    7.4500000000E+00   -7.5625000000E-01    5.0000000000E-01    2.8872647421E+02
    7.5500000000E+00   -7.5625000000E-01    5.0000000000E-01    2.8872660141E+02
    7.6500000000E+00   -7.5625000000E-01    5.0000000000E-01    2.8872673497E+02
    7.7500000000E+00   -7.5625000000E-01    5.0000000000E-01    2.8872687482E+02
    7.8500000000E+00   -7.5625000000E-01    5.0000000000E-01    2.8872702081E+02
    7.9500000000E+00   -7.5625000000E-01    5.0000000000E-01    2.8872717405E+02
    5.0000000000E-02   -7.4375000000E-01    5.0000000000E-01    2.8872194274E+02
    1.5000000000E-01   -7.4375000000E-01    5.0000000000E-01    2.8872171694E+02
    2.5000000000E-01   -7.4375000000E-01    5.0000000000E-01    2.8872150167E+02
    3.5000000000E-01   -7.4375000000E-01    5.0000000000E-01    2.8872129579E+02
    4.5000000000E-01   -7.4375000000E-01    5.0000000000E-01    2.8872109938E+02
    5.5000000000E-01   -7.4375000000E-01    5.0000000000E-01    2.8872091245E+02
    6.5000000000E-01   -7.4375000000E-01    5.0000000000E-01    2.8872073492E+02
    7.5000000000E-01   -7.4375000000E-01    5.0000000000E-01    2.8872056669E+02
    8.5000000000E-01   -7.4375000000E-01    5.0000000000E-01    2.8872040759E+02
    9.5000000000E-01   -7.4375000000E-01    5.0000000000E-01    2.8872025744E+02
    1.0500000000E+00   -7.4375000000E-01    5.0000000000E-01    2.8872011603E+02
    1.1500000000E+00   -7.4375000000E-01    5.0000000000E-01    2.8871998311E+02
    1.2500000000E+00   -7.4375000000E-01    5.0000000000E-01    2.8871985844E+02
    1.3500000000E+00   -7.4375000000E-01    5.0000000000E-01    2.8871974176E+02
    1.4500000000E+00   -7.4375000000E-01    5.0000000000E-01    2.8871963277E+02
    1.5500000000E+00   -7.4375000000E-01    5.0000000000E-01    2.8871953120E+02
    1.6500000000E+00   -7.4375000000E-01    5.0000000000E-01    2.8871943675E+02
    1.7500000000E+00   -7.4375000000E-01    5.0000000000E-01    2.8871934911E+02
    1.8500000000E+00   -7.4375000000E-01    5.0000000000E-01    2.8871926798E+02
    1.9500000000E+00   -7.4375000000E-01    5.0000000000E-01    2.8871919305E+02
    2.0500000000E+00   -7.4375000000E-01    5.0000000000E-01    2.8871912401E+02
    2.1500000000E+00   -7.4375000000E-01    5.0000000000E-01    2.8871906055E+02
    2.2500000000E+00   -7.4375000000E-01    5.0000000000E-01    2.8871900237E+02
    2.3500000000E+00   -7.4375000000E-01    5.0000000000E-01    2.8871894918E+02
    2.4500000000E+00   -7.4375000000E-01    5.0000000000E-01    2.8871890068E+02
    2.5500000000E+00   -7.4375000000E-01    5.0000000000E-01    2.8871885659E+02
    2.6500000000E+00   -7.4375000000E-01    5.0000000000E-01    2.8871881665E+02
    2.7500000000E+00   -7.4375000000E-01    5.0000000000E-01    2.8871878059E+02
    2.8500000000E+00   -7.4375000000E-01    5.0000000000E-01    2.8871874816E+02
    2.9500000000E+00   -7.4375000000E-01    5.0000000000E-01    2.8871871912E+02
    3.0500000000E+00   -7.4375000000E-01    5.0000000000E-01    2.8871869327E+02
    3.1500000000E+00   -7.4375000000E-01    5.0000000000E-01    2.8871867038E+02
    3.2500000000E+00   -7.4375000000E-01    5.0000000000E-01    2.8871865027E+02
    3.3500000000E+00   -7.4375000000E-01    5.0000000000E-01    2.8871863277E+02
    3.4500000000E+00   -7.4375000000E-01    5.0000000000E-01    2.8871861771E+02
    3.5500000000E+00   -7.4375000000E-01    5.0000000000E-01    2.8871860495E+02
    3.6500000000E+00   -7.4375000000E-01    5.0000000000E-01    2.8871859437E+02
    3.7500000000E+00   -7.4375000000E-01    5.0000000000E-01    2.8871858586E+02
    3.8500000000E+00   -7.4375000000E-01    5.0000000000E-01    2.8871857934E+02
    3.9500000000E+00   -7.4375000000E-01    5.0000000000E-01    2.8871857472E+02
    4.0500000000E+00   -7.4375000000E-01    5.0000000000E-01    2.8871857194E+02
    4.1500000000E+00   -7.4375000000E-01    5.0000000000E-01    2.8871857099E+02
    4.2500000000E+00   -7.4375000000E-01    5.0000000000E-01    2.8871857182E+02
    4.3500000000E+00   -7.4375000000E-01    5.0000000000E-01    2.8871857443E+02
    4.4500000000E+00   -7.4375000000E-01    5.0000000000E-01    2.8871857884E+02
    4.5500000000E+00   -7.4375000000E-01    5.0000000000E-01    2.8871858508E+02
    4.6500000000E+00   -7.4375000000E-01    5.0000000000E-01    2.8871859318E+02
    4.7500000000E+00   -7.4375000000E-01    5.0000000000E-01    2.8871860320E+02
    4.8500000000E+00   -7.4375000000E-01    5.0000000000E-01    2.8871861523E+02
    4.9500000000E+00   -7.4375000000E-01    5.0000000000E-01    2.8871862935E+02
    5.0500000000E+00   -7.4375000000E-01    5.0000000000E-01    2.8871864565E+02
    5.1500000000E+00   -7.4375000000E-01    5.0000000000E-01    2.8871866426E+02
    5.2500000000E+00   -7.4375000000E-01    5.0000000000E-01    2.8871868530E+02
    5.3500000000E+00   -7.4375000000E-01    5.0000000000E-01    2.8871870892E+02
    5.4500000000E+00   -7.4375000000E-01    5.0000000000E-01    2.8871873526E+02
    5.5500000000E+00   -7.4375000000E-01    5.0000000000E-01    2.8871876449E+02
    5.6500000000E+00   -7.4375000000E-01    5.0000000000E-01    2.8871879678E+02
    5.7500000000E+00   -7.4375000000E-01    5.0000000000E-01    2.8871883229E+02
    5.8500000000E+00   -7.4375000000E-01    5.0000000000E-01    2.8871887123E+02
    5.9500000000E+00   -7.4375000000E-01    5.0000000000E-01    2.8871891378E+02
    6.0500000000E+00   -7.4375000000E-01    5.0000000000E-01    2.8871896014E+02
    6.1500000000E+00   -7.4375000000E-01    5.0000000000E-01    2.8871901050E+02
    6.2500000000E+00   -7.4375000000E-01    5.0000000000E-01    2.8871906507E+02
    6.3500000000E+00   -7.4375000000E-01    5.0000000000E-01    2.8871912405E+02
    6.4500000000E+00   -7.4375000000E-01    5.0000000000E-01    2.8871918764E+02
    6.5500000000E+00   -7.4375000000E-01    5.0000000000E-01    2.8871925605E+02
    6.6500000000E+00   -7.4375000000E-01    5.0000000000E-01    2.8871932946E+02
    6.7500000000E+00   -7.4375000000E-01    5.0000000000E-01    2.8871940807E+02
    6.8500000000E+00   -7.4375000000E-01    5.0000000000E-01    2.8871949206E+02
    6.9500000000E+00   -7.4375000000E-01    5.0000000000E-01    2.8871958161E+02
    7.0500000000E+00   -7.4375000000E-01    5.0000000000E-01    2.8871967688E+02
    7.1500000000E+00   -7.4375000000E-01    5.0000000000E-01    2.8871977802E+02
    7.2500000000E+00   -7.4375000000E-01    5.0000000000E-01    2.8871988517E+02
    7.3500000000E+00   -7.4375000000E-01    5.0000000000E-01    2.8871999845E+02
    7.4500000000E+00   -7.4375000000E-01    5.0000000000E-01    2.8872011794E+02
    7.5500000000E+00   -7.4375000000E-01    5.0000000000E-01    2.8872024371E+02
    7.6500000000E+00   -7.4375000000E-01    5.0000000000E-01    2.8872037576E+02
    7.7500000000E+00   -7.4375000000E-01    5.0000000000E-01    2.8872051403E+02
    7.8500000000E+00   -7.4375000000E-01    5.0000000000E-01    2.8872065836E+02
    7.9500000000E+00   -7.4375000000E-01    5.0000000000E-01    2.8872080988E+02
    5.0000000000E-02   -7.3125000000E-01    5.0000000000E-01    2.8871542067E+02
    1.5000000000E-01   -7.3125000000E-01    5.0000000000E-01    2.8871519748E+02
    2.5000000000E-01   -7.3125000000E-01    5.0000000000E-01    2.8871498469E+02
    3.5000000000E-01   -7.3125000000E-01    5.0000000000E-01    2.8871478120E+02
    4.5000000000E-01   -7.3125000000E-01    5.0000000000E-01    2.8871458706E+02
    5.5000000000E-01   -7.3125000000E-01    5.0000000000E-01    2.8871440227E+02
    6.5000000000E-01   -7.3125000000E-01    5.0000000000E-01    2.8871422679E+02
    7.5000000000E-01   -7.3125000000E-01    5.0000000000E-01    2.8871406048E+02
    8.5000000000E-01   -7.3125000000E-01    5.0000000000E-01    2.8871390321E+02
    9.5000000000E-01   -7.3125000000E-01    5.0000000000E-01    2.8871375477E+02
    1.0500000000E+00   -7.3125000000E-01    5.0000000000E-01    2.8871361497E+02
    1.1500000000E+00   -7.3125000000E-01    5.0000000000E-01    2.8871348357E+02
    1.2500000000E+00   -7.3125000000E-01    5.0000000000E-01    2.8871336032E+02
    1.3500000000E+00   -7.3125000000E-01    5.0000000000E-01    2.8871324496E+02
    1.4500000000E+00   -7.3125000000E-01    5.0000000000E-01    2.8871313722E+02
    1.5500000000E+00   -7.3125000000E-01    5.0000000000E-01    2.8871303680E+02
    1.6500000000E+00   -7.3125000000E-01    5.0000000000E-01    2.8871294342E+02
    1.7500000000E+00   -7.3125000000E-01    5.0000000000E-01    2.8871285678E+02
    1.8500000000E+00   -7.3125000000E-01    5.0000000000E-01    2.8871277657E+02
    1.9500000000E+00   -7.3125000000E-01    5.0000000000E-01    2.8871270248E+02
    2.0500000000E+00   -7.3125000000E-01    5.0000000000E-01    2.8871263422E+02
    2.1500000000E+00   -7.3125000000E-01    5.0000000000E-01    2.8871257148E+02
    2.2500000000E+00   -7.3125000000E-01    5.0000000000E-01    2.8871251396E+02
    2.3500000000E+00   -7.3125000000E-01    5.0000000000E-01    2.8871246137E+02
    2.4500000000E+00   -7.3125000000E-01    5.0000000000E-01    2.8871241342E+02
    2.5500000000E+00   -7.3125000000E-01    5.0000000000E-01    2.8871236984E+02
    2.6500000000E+00   -7.3125000000E-01    5.0000000000E-01    2.8871233034E+02
    2.7500000000E+00   -7.3125000000E-01    5.0000000000E-01    2.8871229469E+02
    2.8500000000E+00   -7.3125000000E-01    5.0000000000E-01    2.8871226262E+02
    2.9500000000E+00   -7.3125000000E-01    5.0000000000E-01    2.8871223392E+02
    3.0500000000E+00   -7.3125000000E-01    5.0000000000E-01    2.8871220835E+02
    3.1500000000E+00   -7.3125000000E-01    5.0000000000E-01    2.8871218572E+02
    3.2500000000E+00   -7.3125000000E-01    5.0000000000E-01    2.8871216584E+02
    3.3500000000E+00   -7.3125000000E-01    5.0000000000E-01    2.8871214853E+02
    3.4500000000E+00   -7.3125000000E-01    5.0000000000E-01    2.8871213364E+02
    3.5500000000E+00   -7.3125000000E-01    5.0000000000E-01    2.8871212103E+02
    3.6500000000E+00   -7.3125000000E-01    5.0000000000E-01    2.8871211057E+02
    3.7500000000E+00   -7.3125000000E-01    5.0000000000E-01    2.8871210216E+02
    3.8500000000E+00   -7.3125000000E-01    5.0000000000E-01    2.8871209571E+02
    3.9500000000E+00   -7.3125000000E-01    5.0000000000E-01    2.8871209114E+02
    4.0500000000E+00   -7.3125000000E-01    5.0000000000E-01    2.8871208840E+02
    4.1500000000E+00   -7.3125000000E-01    5.0000000000E-01    2.8871208745E+02
    4.2500000000E+00   -7.3125000000E-01    5.0000000000E-01    2.8871208827E+02
    4.3500000000E+00   -7.3125000000E-01    5.0000000000E-01    2.8871209085E+02
    4.4500000000E+00   -7.3125000000E-01    5.0000000000E-01    2.8871209522E+02
    4.5500000000E+00   -7.3125000000E-01    5.0000000000E-01    2.8871210138E+02
    4.6500000000E+00   -7.3125000000E-01    5.0000000000E-01    2.8871210939E+02
    4.7500000000E+00   -7.3125000000E-01    5.0000000000E-01    2.8871211930E+02
    4.8500000000E+00   -7.3125000000E-01    5.0000000000E-01    2.8871213119E+02
    4.9500000000E+00   -7.3125000000E-01    5.0000000000E-01    2.8871214515E+02
    5.0500000000E+00   -7.3125000000E-01    5.0000000000E-01    2.8871216127E+02
    5.1500000000E+00   -7.3125000000E-01    5.0000000000E-01    2.8871217967E+02
    5.2500000000E+00   -7.3125000000E-01    5.0000000000E-01    2.8871220048E+02
    5.3500000000E+00   -7.3125000000E-01    5.0000000000E-01    2.8871222383E+02
    5.4500000000E+00   -7.3125000000E-01    5.0000000000E-01    2.8871224987E+02
    5.5500000000E+00   -7.3125000000E-01    5.0000000000E-01    2.8871227877E+02
    5.6500000000E+00   -7.3125000000E-01    5.0000000000E-01    2.8871231069E+02
    5.7500000000E+00   -7.3125000000E-01    5.0000000000E-01    2.8871234580E+02
    5.8500000000E+00   -7.3125000000E-01    5.0000000000E-01    2.8871238430E+02
    5.9500000000E+00   -7.3125000000E-01    5.0000000000E-01    2.8871242637E+02
    6.0500000000E+00   -7.3125000000E-01    5.0000000000E-01    2.8871247220E+02
    6.1500000000E+00   -7.3125000000E-01    5.0000000000E-01    2.8871252199E+02
    6.2500000000E+00   -7.3125000000E-01    5.0000000000E-01    2.8871257594E+02
    6.3500000000E+00   -7.3125000000E-01    5.0000000000E-01    2.8871263425E+02
    6.4500000000E+00   -7.3125000000E-01    5.0000000000E-01    2.8871269712E+02
    6.5500000000E+00   -7.3125000000E-01    5.0000000000E-01    2.8871276475E+02
    6.6500000000E+00   -7.3125000000E-01    5.0000000000E-01    2.8871283732E+02
    6.7500000000E+00   -7.3125000000E-01    5.0000000000E-01    2.8871291504E+02
    6.8500000000E+00   -7.3125000000E-01    5.0000000000E-01    2.8871299807E+02
    6.9500000000E+00   -7.3125000000E-01    5.0000000000E-01    2.8871308660E+02
    7.0500000000E+00   -7.3125000000E-01    5.0000000000E-01    2.8871318078E+02
    7.1500000000E+00   -7.3125000000E-01    5.0000000000E-01    2.8871328076E+02
    7.2500000000E+00   -7.3125000000E-01    5.0000000000E-01    2.8871338668E+02
    7.3500000000E+00   -7.3125000000E-01    5.0000000000E-01    2.8871349866E+02
    7.4500000000E+00   -7.3125000000E-01    5.0000000000E-01    2.8871361677E+02
    7.5500000000E+00   -7.3125000000E-01    5.0000000000E-01    2.8871374108E+02
    7.6500000000E+00   -7.3125000000E-01    5.0000000000E-01    2.8871387159E+02
    7.7500000000E+00   -7.3125000000E-01    5.0000000000E-01    2.8871400824E+02
    7.8500000000E+00   -7.3125000000E-01    5.0000000000E-01    2.8871415089E+02
    7.9500000000E+00   -7.3125000000E-01    5.0000000000E-01    2.8871430065E+02
    5.0000000000E-02   -7.1875000000E-01    5.0000000000E-01    2.8870875494E+02
    1.5000000000E-01   -7.1875000000E-01    5.0000000000E-01    2.8870853440E+02
    2.5000000000E-01   -7.1875000000E-01    5.0000000000E-01    2.8870832416E+02
    3.5000000000E-01   -7.1875000000E-01    5.0000000000E-01    2.8870812309E+02
    4.5000000000E-01   -7.1875000000E-01    5.0000000000E-01    2.8870793127E+02
    5.5000000000E-01   -7.1875000000E-01    5.0000000000E-01    2.8870774868E+02
    6.5000000000E-01   -7.1875000000E-01    5.0000000000E-01    2.8870757528E+02
    7.5000000000E-01   -7.1875000000E-01    5.0000000000E-01    2.8870741095E+02
    8.5000000000E-01   -7.1875000000E-01    5.0000000000E-01    2.8870725553E+02
    9.5000000000E-01   -7.1875000000E-01    5.0000000000E-01    2.8870710885E+02
    1.0500000000E+00   -7.1875000000E-01    5.0000000000E-01    2.8870697069E+02
    1.1500000000E+00   -7.1875000000E-01    5.0000000000E-01    2.8870684084E+02
    1.2500000000E+00   -7.1875000000E-01    5.0000000000E-01    2.8870671904E+02
    1.3500000000E+00   -7.1875000000E-01    5.0000000000E-01    2.8870660504E+02
    1.4500000000E+00   -7.1875000000E-01    5.0000000000E-01    2.8870649856E+02
    1.5500000000E+00   -7.1875000000E-01    5.0000000000E-01    2.8870639933E+02
    1.6500000000E+00   -7.1875000000E-01    5.0000000000E-01    2.8870630704E+02
    1.7500000000E+00   -7.1875000000E-01    5.0000000000E-01    2.8870622142E+02
    1.8500000000E+00   -7.1875000000E-01    5.0000000000E-01    2.8870614215E+02
    1.9500000000E+00   -7.1875000000E-01    5.0000000000E-01    2.8870606893E+02
    2.0500000000E+00   -7.1875000000E-01    5.0000000000E-01    2.8870600147E+02
    2.1500000000E+00   -7.1875000000E-01    5.0000000000E-01    2.8870593947E+02
    2.2500000000E+00   -7.1875000000E-01    5.0000000000E-01    2.8870588262E+02
    2.3500000000E+00   -7.1875000000E-01    5.0000000000E-01    2.8870583065E+02
    2.4500000000E+00   -7.1875000000E-01    5.0000000000E-01    2.8870578326E+02
    2.5500000000E+00   -7.1875000000E-01    5.0000000000E-01    2.8870574018E+02
    2.6500000000E+00   -7.1875000000E-01    5.0000000000E-01    2.8870570115E+02
    2.7500000000E+00   -7.1875000000E-01    5.0000000000E-01    2.8870566591E+02
    2.8500000000E+00   -7.1875000000E-01    5.0000000000E-01    2.8870563422E+02
    2.9500000000E+00   -7.1875000000E-01    5.0000000000E-01    2.8870560585E+02
    3.0500000000E+00   -7.1875000000E-01    5.0000000000E-01    2.8870558058E+02
    3.1500000000E+00   -7.1875000000E-01    5.0000000000E-01    2.8870555822E+02
    3.2500000000E+00   -7.1875000000E-01    5.0000000000E-01    2.8870553856E+02
    3.3500000000E+00   -7.1875000000E-01    5.0000000000E-01    2.8870552146E+02
    3.4500000000E+00   -7.1875000000E-01    5.0000000000E-01    2.8870550674E+02
    3.5500000000E+00   -7.1875000000E-01    5.0000000000E-01    2.8870549428E+02
    3.6500000000E+00   -7.1875000000E-01    5.0000000000E-01    2.8870548394E+02
    3.7500000000E+00   -7.1875000000E-01    5.0000000000E-01    2.8870547562E+02
    3.8500000000E+00   -7.1875000000E-01    5.0000000000E-01    2.8870546924E+02
    3.9500000000E+00   -7.1875000000E-01    5.0000000000E-01    2.8870546473E+02
    4.0500000000E+00   -7.1875000000E-01    5.0000000000E-01    2.8870546202E+02
    4.1500000000E+00   -7.1875000000E-01    5.0000000000E-01    2.8870546108E+02
    4.2500000000E+00   -7.1875000000E-01    5.0000000000E-01    2.8870546189E+02
    4.3500000000E+00   -7.1875000000E-01    5.0000000000E-01    2.8870546445E+02
    4.4500000000E+00   -7.1875000000E-01    5.0000000000E-01    2.8870546876E+02
    4.5500000000E+00   -7.1875000000E-01    5.0000000000E-01    2.8870547485E+02
    4.6500000000E+00   -7.1875000000E-01    5.0000000000E-01    2.8870548277E+02
    4.7500000000E+00   -7.1875000000E-01    5.0000000000E-01    2.8870549256E+02
    4.8500000000E+00   -7.1875000000E-01    5.0000000000E-01    2.8870550432E+02
    4.9500000000E+00   -7.1875000000E-01    5.0000000000E-01    2.8870551811E+02
    5.0500000000E+00   -7.1875000000E-01    5.0000000000E-01    2.8870553404E+02
    5.1500000000E+00   -7.1875000000E-01    5.0000000000E-01    2.8870555223E+02
    5.2500000000E+00   -7.1875000000E-01    5.0000000000E-01    2.8870557279E+02
    5.3500000000E+00   -7.1875000000E-01    5.0000000000E-01    2.8870559587E+02
    5.4500000000E+00   -7.1875000000E-01    5.0000000000E-01    2.8870562161E+02
    5.5500000000E+00   -7.1875000000E-01    5.0000000000E-01    2.8870565017E+02
    5.6500000000E+00   -7.1875000000E-01    5.0000000000E-01    2.8870568171E+02
    5.7500000000E+00   -7.1875000000E-01    5.0000000000E-01    2.8870571642E+02
    5.8500000000E+00   -7.1875000000E-01    5.0000000000E-01    2.8870575446E+02
    5.9500000000E+00   -7.1875000000E-01    5.0000000000E-01    2.8870579604E+02
    6.0500000000E+00   -7.1875000000E-01    5.0000000000E-01    2.8870584133E+02
    6.1500000000E+00   -7.1875000000E-01    5.0000000000E-01    2.8870589054E+02
    6.2500000000E+00   -7.1875000000E-01    5.0000000000E-01    2.8870594385E+02
    6.3500000000E+00   -7.1875000000E-01    5.0000000000E-01    2.8870600148E+02
    6.4500000000E+00   -7.1875000000E-01    5.0000000000E-01    2.8870606361E+02
    6.5500000000E+00   -7.1875000000E-01    5.0000000000E-01    2.8870613045E+02
    6.6500000000E+00   -7.1875000000E-01    5.0000000000E-01    2.8870620217E+02
    6.7500000000E+00   -7.1875000000E-01    5.0000000000E-01    2.8870627897E+02
    6.8500000000E+00   -7.1875000000E-01    5.0000000000E-01    2.8870636102E+02
    6.9500000000E+00   -7.1875000000E-01    5.0000000000E-01    2.8870644851E+02
    7.0500000000E+00   -7.1875000000E-01    5.0000000000E-01    2.8870654157E+02
    7.1500000000E+00   -7.1875000000E-01    5.0000000000E-01    2.8870664037E+02
    7.2500000000E+00   -7.1875000000E-01    5.0000000000E-01    2.8870674504E+02
    7.3500000000E+00   -7.1875000000E-01    5.0000000000E-01    2.8870685568E+02
    7.4500000000E+00   -7.1875000000E-01    5.0000000000E-01    2.8870697239E+02
    7.5500000000E+00   -7.1875000000E-01    5.0000000000E-01    2.8870709520E+02
    7.6500000000E+00   -7.1875000000E-01    5.0000000000E-01    2.8870722414E+02
    7.7500000000E+00   -7.1875000000E-01    5.0000000000E-01    2.8870735914E+02
    7.8500000000E+00   -7.1875000000E-01    5.0000000000E-01    2.8870750007E+02
    7.9500000000E+00   -7.1875000000E-01    5.0000000000E-01    2.8870764804E+02
    5.0000000000E-02   -7.0625000000E-01    5.0000000000E-01    2.8870194726E+02
    1.5000000000E-01   -7.0625000000E-01    5.0000000000E-01    2.8870172943E+02
    2.5000000000E-01   -7.0625000000E-01    5.0000000000E-01    2.8870152178E+02
    3.5000000000E-01   -7.0625000000E-01    5.0000000000E-01    2.8870132319E+02
    4.5000000000E-01   -7.0625000000E-01    5.0000000000E-01    2.8870113373E+02
    5.5000000000E-01   -7.0625000000E-01    5.0000000000E-01    2.8870095340E+02
    6.5000000000E-01   -7.0625000000E-01    5.0000000000E-01    2.8870078212E+02
    7.5000000000E-01   -7.0625000000E-01    5.0000000000E-01    2.8870061980E+02
    8.5000000000E-01   -7.0625000000E-01    5.0000000000E-01    2.8870046628E+02
    9.5000000000E-01   -7.0625000000E-01    5.0000000000E-01    2.8870032138E+02
    1.0500000000E+00   -7.0625000000E-01    5.0000000000E-01    2.8870018491E+02
    1.1500000000E+00   -7.0625000000E-01    5.0000000000E-01    2.8870005664E+02
    1.2500000000E+00   -7.0625000000E-01    5.0000000000E-01    2.8869993632E+02
    1.3500000000E+00   -7.0625000000E-01    5.0000000000E-01    2.8869982371E+02
    1.4500000000E+00   -7.0625000000E-01    5.0000000000E-01    2.8869971852E+02
    1.5500000000E+00   -7.0625000000E-01    5.0000000000E-01    2.8869962049E+02
    1.6500000000E+00   -7.0625000000E-01    5.0000000000E-01    2.8869952933E+02
    1.7500000000E+00   -7.0625000000E-01    5.0000000000E-01    2.8869944474E+02
    1.8500000000E+00   -7.0625000000E-01    5.0000000000E-01    2.8869936643E+02
    1.9500000000E+00   -7.0625000000E-01    5.0000000000E-01    2.8869929411E+02
    2.0500000000E+00   -7.0625000000E-01    5.0000000000E-01    2.8869922746E+02
    2.1500000000E+00   -7.0625000000E-01    5.0000000000E-01    2.8869916621E+02
    2.2500000000E+00   -7.0625000000E-01    5.0000000000E-01    2.8869911005E+02
    2.3500000000E+00   -7.0625000000E-01    5.0000000000E-01    2.8869905871E+02
    2.4500000000E+00   -7.0625000000E-01    5.0000000000E-01    2.8869901189E+02
    2.5500000000E+00   -7.0625000000E-01    5.0000000000E-01    2.8869896933E+02
    2.6500000000E+00   -7.0625000000E-01    5.0000000000E-01    2.8869893077E+02
    2.7500000000E+00   -7.0625000000E-01    5.0000000000E-01    2.8869889596E+02
    2.8500000000E+00   -7.0625000000E-01    5.0000000000E-01    2.8869886465E+02
    2.9500000000E+00   -7.0625000000E-01    5.0000000000E-01    2.8869883662E+02
    3.0500000000E+00   -7.0625000000E-01    5.0000000000E-01    2.8869881166E+02
    3.1500000000E+00   -7.0625000000E-01    5.0000000000E-01    2.8869878957E+02
    3.2500000000E+00   -7.0625000000E-01    5.0000000000E-01    2.8869877015E+02
    3.3500000000E+00   -7.0625000000E-01    5.0000000000E-01    2.8869875325E+02
    3.4500000000E+00   -7.0625000000E-01    5.0000000000E-01    2.8869873871E+02
    3.5500000000E+00   -7.0625000000E-01    5.0000000000E-01    2.8869872640E+02
    3.6500000000E+00   -7.0625000000E-01    5.0000000000E-01    2.8869871618E+02
    3.7500000000E+00   -7.0625000000E-01    5.0000000000E-01    2.8869870797E+02
    3.8500000000E+00   -7.0625000000E-01    5.0000000000E-01    2.8869870167E+02
    3.9500000000E+00   -7.0625000000E-01    5.0000000000E-01    2.8869869720E+02
    4.0500000000E+00   -7.0625000000E-01    5.0000000000E-01    2.8869869453E+02
    4.1500000000E+00   -7.0625000000E-01    5.0000000000E-01    2.8869869360E+02
    4.2500000000E+00   -7.0625000000E-01    5.0000000000E-01    2.8869869440E+02
    4.3500000000E+00   -7.0625000000E-01    5.0000000000E-01    2.8869869693E+02
    4.4500000000E+00   -7.0625000000E-01    5.0000000000E-01    2.8869870118E+02
    4.5500000000E+00   -7.0625000000E-01    5.0000000000E-01    2.8869870720E+02
    4.6500000000E+00   -7.0625000000E-01    5.0000000000E-01    2.8869871502E+02
    4.7500000000E+00   -7.0625000000E-01    5.0000000000E-01    2.8869872470E+02
    4.8500000000E+00   -7.0625000000E-01    5.0000000000E-01    2.8869873631E+02
    4.9500000000E+00   -7.0625000000E-01    5.0000000000E-01    2.8869874994E+02
    5.0500000000E+00   -7.0625000000E-01    5.0000000000E-01    2.8869876568E+02
    5.1500000000E+00   -7.0625000000E-01    5.0000000000E-01    2.8869878364E+02
    5.2500000000E+00   -7.0625000000E-01    5.0000000000E-01    2.8869880396E+02
    5.3500000000E+00   -7.0625000000E-01    5.0000000000E-01    2.8869882676E+02
    5.4500000000E+00   -7.0625000000E-01    5.0000000000E-01    2.8869885219E+02
    5.5500000000E+00   -7.0625000000E-01    5.0000000000E-01    2.8869888040E+02
    5.6500000000E+00   -7.0625000000E-01    5.0000000000E-01    2.8869891157E+02
    5.7500000000E+00   -7.0625000000E-01    5.0000000000E-01    2.8869894585E+02
    5.8500000000E+00   -7.0625000000E-01    5.0000000000E-01    2.8869898344E+02
    5.9500000000E+00   -7.0625000000E-01    5.0000000000E-01    2.8869902451E+02
    6.0500000000E+00   -7.0625000000E-01    5.0000000000E-01    2.8869906925E+02
    6.1500000000E+00   -7.0625000000E-01    5.0000000000E-01    2.8869911786E+02
    6.2500000000E+00   -7.0625000000E-01    5.0000000000E-01    2.8869917053E+02
    6.3500000000E+00   -7.0625000000E-01    5.0000000000E-01    2.8869922746E+02
    6.4500000000E+00   -7.0625000000E-01    5.0000000000E-01    2.8869928884E+02
    6.5500000000E+00   -7.0625000000E-01    5.0000000000E-01    2.8869935486E+02
    6.6500000000E+00   -7.0625000000E-01    5.0000000000E-01    2.8869942571E+02
    6.7500000000E+00   -7.0625000000E-01    5.0000000000E-01    2.8869950157E+02
    6.8500000000E+00   -7.0625000000E-01    5.0000000000E-01    2.8869958263E+02
    6.9500000000E+00   -7.0625000000E-01    5.0000000000E-01    2.8869966904E+02
    7.0500000000E+00   -7.0625000000E-01    5.0000000000E-01    2.8869976098E+02
    7.1500000000E+00   -7.0625000000E-01    5.0000000000E-01    2.8869985857E+02
    7.2500000000E+00   -7.0625000000E-01    5.0000000000E-01    2.8869996195E+02
    7.3500000000E+00   -7.0625000000E-01    5.0000000000E-01    2.8870007123E+02
    7.4500000000E+00   -7.0625000000E-01    5.0000000000E-01    2.8870018650E+02
    7.5500000000E+00   -7.0625000000E-01    5.0000000000E-01    2.8870030780E+02
    7.6500000000E+00   -7.0625000000E-01    5.0000000000E-01    2.8870043513E+02
    7.7500000000E+00   -7.0625000000E-01    5.0000000000E-01    2.8870056845E+02
    7.8500000000E+00   -7.0625000000E-01    5.0000000000E-01    2.8870070762E+02
    7.9500000000E+00   -7.0625000000E-01    5.0000000000E-01    2.8870085377E+02
    5.0000000000E-02   -6.9375000000E-01    5.0000000000E-01    2.8869499940E+02
    1.5000000000E-01   -6.9375000000E-01    5.0000000000E-01    2.8869478432E+02
    2.5000000000E-01   -6.9375000000E-01    5.0000000000E-01    2.8869457932E+02
    3.5000000000E-01   -6.9375000000E-01    5.0000000000E-01    2.8869438326E+02
    4.5000000000E-01   -6.9375000000E-01    5.0000000000E-01    2.8869419621E+02
    5.5000000000E-01   -6.9375000000E-01    5.0000000000E-01    2.8869401816E+02
    6.5000000000E-01   -6.9375000000E-01    5.0000000000E-01    2.8869384906E+02
    7.5000000000E-01   -6.9375000000E-01    5.0000000000E-01    2.8869368879E+02
    8.5000000000E-01   -6.9375000000E-01    5.0000000000E-01    2.8869353720E+02
    9.5000000000E-01   -6.9375000000E-01    5.0000000000E-01    2.8869339414E+02
    1.0500000000E+00   -6.9375000000E-01    5.0000000000E-01    2.8869325938E+02
    1.1500000000E+00   -6.9375000000E-01    5.0000000000E-01    2.8869313273E+02
    1.2500000000E+00   -6.9375000000E-01    5.0000000000E-01    2.8869301392E+02
    1.3500000000E+00   -6.9375000000E-01    5.0000000000E-01    2.8869290272E+02
    1.4500000000E+00   -6.9375000000E-01    5.0000000000E-01    2.8869279886E+02
    1.5500000000E+00   -6.9375000000E-01    5.0000000000E-01    2.8869270206E+02
    1.6500000000E+00   -6.9375000000E-01    5.0000000000E-01    2.8869261204E+02
    1.7500000000E+00   -6.9375000000E-01    5.0000000000E-01    2.8869252851E+02
    1.8500000000E+00   -6.9375000000E-01    5.0000000000E-01    2.8869245118E+02
    1.9500000000E+00   -6.9375000000E-01    5.0000000000E-01    2.8869237976E+02
    2.0500000000E+00   -6.9375000000E-01    5.0000000000E-01    2.8869231395E+02
    2.1500000000E+00   -6.9375000000E-01    5.0000000000E-01    2.8869225347E+02
    2.2500000000E+00   -6.9375000000E-01    5.0000000000E-01    2.8869219801E+02
    2.3500000000E+00   -6.9375000000E-01    5.0000000000E-01    2.8869214731E+02
    2.4500000000E+00   -6.9375000000E-01    5.0000000000E-01    2.8869210108E+02
    2.5500000000E+00   -6.9375000000E-01    5.0000000000E-01    2.8869205905E+02
    2.6500000000E+00   -6.9375000000E-01    5.0000000000E-01    2.8869202097E+02
    2.7500000000E+00   -6.9375000000E-01    5.0000000000E-01    2.8869198659E+02
    2.8500000000E+00   -6.9375000000E-01    5.0000000000E-01    2.8869195568E+02
    2.9500000000E+00   -6.9375000000E-01    5.0000000000E-01    2.8869192800E+02
    3.0500000000E+00   -6.9375000000E-01    5.0000000000E-01    2.8869190335E+02
    3.1500000000E+00   -6.9375000000E-01    5.0000000000E-01    2.8869188153E+02
    3.2500000000E+00   -6.9375000000E-01    5.0000000000E-01    2.8869186235E+02
    3.3500000000E+00   -6.9375000000E-01    5.0000000000E-01    2.8869184567E+02
    3.4500000000E+00   -6.9375000000E-01    5.0000000000E-01    2.8869183131E+02
    3.5500000000E+00   -6.9375000000E-01    5.0000000000E-01    2.8869181914E+02
    3.6500000000E+00   -6.9375000000E-01    5.0000000000E-01    2.8869180906E+02
    3.7500000000E+00   -6.9375000000E-01    5.0000000000E-01    2.8869180094E+02
    3.8500000000E+00   -6.9375000000E-01    5.0000000000E-01    2.8869179472E+02
    3.9500000000E+00   -6.9375000000E-01    5.0000000000E-01    2.8869179031E+02
    4.0500000000E+00   -6.9375000000E-01    5.0000000000E-01    2.8869178767E+02
    4.1500000000E+00   -6.9375000000E-01    5.0000000000E-01    2.8869178675E+02
    4.2500000000E+00   -6.9375000000E-01    5.0000000000E-01    2.8869178755E+02
    4.3500000000E+00   -6.9375000000E-01    5.0000000000E-01    2.8869179004E+02
    4.4500000000E+00   -6.9375000000E-01    5.0000000000E-01    2.8869179424E+02
    4.5500000000E+00   -6.9375000000E-01    5.0000000000E-01    2.8869180019E+02
    4.6500000000E+00   -6.9375000000E-01    5.0000000000E-01    2.8869180791E+02
    4.7500000000E+00   -6.9375000000E-01    5.0000000000E-01    2.8869181747E+02
    4.8500000000E+00   -6.9375000000E-01    5.0000000000E-01    2.8869182893E+02
    4.9500000000E+00   -6.9375000000E-01    5.0000000000E-01    2.8869184239E+02
    5.0500000000E+00   -6.9375000000E-01    5.0000000000E-01    2.8869185793E+02
    5.1500000000E+00   -6.9375000000E-01    5.0000000000E-01    2.8869187567E+02
    5.2500000000E+00   -6.9375000000E-01    5.0000000000E-01    2.8869189574E+02
    5.3500000000E+00   -6.9375000000E-01    5.0000000000E-01    2.8869191825E+02
    5.4500000000E+00   -6.9375000000E-01    5.0000000000E-01    2.8869194336E+02
    5.5500000000E+00   -6.9375000000E-01    5.0000000000E-01    2.8869197122E+02
    5.6500000000E+00   -6.9375000000E-01    5.0000000000E-01    2.8869200200E+02
    5.7500000000E+00   -6.9375000000E-01    5.0000000000E-01    2.8869203585E+02
    5.8500000000E+00   -6.9375000000E-01    5.0000000000E-01    2.8869207297E+02
    5.9500000000E+00   -6.9375000000E-01    5.0000000000E-01    2.8869211352E+02
    6.0500000000E+00   -6.9375000000E-01    5.0000000000E-01    2.8869215771E+02
    6.1500000000E+00   -6.9375000000E-01    5.0000000000E-01    2.8869220571E+02
    6.2500000000E+00   -6.9375000000E-01    5.0000000000E-01    2.8869225772E+02
    6.3500000000E+00   -6.9375000000E-01    5.0000000000E-01    2.8869231393E+02
    6.4500000000E+00   -6.9375000000E-01    5.0000000000E-01    2.8869237454E+02
    6.5500000000E+00   -6.9375000000E-01    5.0000000000E-01    2.8869243973E+02
    6.6500000000E+00   -6.9375000000E-01    5.0000000000E-01    2.8869250969E+02
    6.7500000000E+00   -6.9375000000E-01    5.0000000000E-01    2.8869258460E+02
    6.8500000000E+00   -6.9375000000E-01    5.0000000000E-01    2.8869266464E+02
    6.9500000000E+00   -6.9375000000E-01    5.0000000000E-01    2.8869274997E+02
    7.0500000000E+00   -6.9375000000E-01    5.0000000000E-01    2.8869284074E+02
    7.1500000000E+00   -6.9375000000E-01    5.0000000000E-01    2.8869293710E+02
    7.2500000000E+00   -6.9375000000E-01    5.0000000000E-01    2.8869303917E+02
    7.3500000000E+00   -6.9375000000E-01    5.0000000000E-01    2.8869314707E+02
    7.4500000000E+00   -6.9375000000E-01    5.0000000000E-01    2.8869326087E+02
    7.5500000000E+00   -6.9375000000E-01    5.0000000000E-01    2.8869338061E+02
    7.6500000000E+00   -6.9375000000E-01    5.0000000000E-01    2.8869350632E+02
    7.7500000000E+00   -6.9375000000E-01    5.0000000000E-01    2.8869363792E+02
    7.8500000000E+00   -6.9375000000E-01    5.0000000000E-01    2.8869377531E+02
    7.9500000000E+00   -6.9375000000E-01    5.0000000000E-01    2.8869391959E+02
    5.0000000000E-02   -6.8125000000E-01    5.0000000000E-01    2.8868791315E+02
    1.5000000000E-01   -6.8125000000E-01    5.0000000000E-01    2.8868770088E+02
    2.5000000000E-01   -6.8125000000E-01    5.0000000000E-01    2.8868749857E+02
    3.5000000000E-01   -6.8125000000E-01    5.0000000000E-01    2.8868730509E+02
    4.5000000000E-01   -6.8125000000E-01    5.0000000000E-01    2.8868712050E+02
    5.5000000000E-01   -6.8125000000E-01    5.0000000000E-01    2.8868694478E+02
    6.5000000000E-01   -6.8125000000E-01    5.0000000000E-01    2.8868677789E+02
    7.5000000000E-01   -6.8125000000E-01    5.0000000000E-01    2.8868661971E+02
    8.5000000000E-01   -6.8125000000E-01    5.0000000000E-01    2.8868647010E+02
    9.5000000000E-01   -6.8125000000E-01    5.0000000000E-01    2.8868632890E+02
    1.0500000000E+00   -6.8125000000E-01    5.0000000000E-01    2.8868619590E+02
    1.1500000000E+00   -6.8125000000E-01    5.0000000000E-01    2.8868607089E+02
    1.2500000000E+00   -6.8125000000E-01    5.0000000000E-01    2.8868595362E+02
    1.3500000000E+00   -6.8125000000E-01    5.0000000000E-01    2.8868584387E+02
    1.4500000000E+00   -6.8125000000E-01    5.0000000000E-01    2.8868574135E+02
    1.5500000000E+00   -6.8125000000E-01    5.0000000000E-01    2.8868564581E+02
    1.6500000000E+00   -6.8125000000E-01    5.0000000000E-01    2.8868555695E+02
    1.7500000000E+00   -6.8125000000E-01    5.0000000000E-01    2.8868547451E+02
    1.8500000000E+00   -6.8125000000E-01    5.0000000000E-01    2.8868539818E+02
    1.9500000000E+00   -6.8125000000E-01    5.0000000000E-01    2.8868532768E+02
    2.0500000000E+00   -6.8125000000E-01    5.0000000000E-01    2.8868526273E+02
    2.1500000000E+00   -6.8125000000E-01    5.0000000000E-01    2.8868520302E+02
    2.2500000000E+00   -6.8125000000E-01    5.0000000000E-01    2.8868514828E+02
    2.3500000000E+00   -6.8125000000E-01    5.0000000000E-01    2.8868509823E+02
    2.4500000000E+00   -6.8125000000E-01    5.0000000000E-01    2.8868505260E+02
    2.5500000000E+00   -6.8125000000E-01    5.0000000000E-01    2.8868501112E+02
    2.6500000000E+00   -6.8125000000E-01    5.0000000000E-01    2.8868497353E+02
    2.7500000000E+00   -6.8125000000E-01    5.0000000000E-01    2.8868493960E+02
    2.8500000000E+00   -6.8125000000E-01    5.0000000000E-01    2.8868490908E+02
    2.9500000000E+00   -6.8125000000E-01    5.0000000000E-01    2.8868488176E+02
    3.0500000000E+00   -6.8125000000E-01    5.0000000000E-01    2.8868485742E+02
    3.1500000000E+00   -6.8125000000E-01    5.0000000000E-01    2.8868483588E+02
    3.2500000000E+00   -6.8125000000E-01    5.0000000000E-01    2.8868481696E+02
    3.3500000000E+00   -6.8125000000E-01    5.0000000000E-01    2.8868480048E+02
    3.4500000000E+00   -6.8125000000E-01    5.0000000000E-01    2.8868478631E+02
    3.5500000000E+00   -6.8125000000E-01    5.0000000000E-01    2.8868477430E+02
    3.6500000000E+00   -6.8125000000E-01    5.0000000000E-01    2.8868476434E+02
    3.7500000000E+00   -6.8125000000E-01    5.0000000000E-01    2.8868475634E+02
    3.8500000000E+00   -6.8125000000E-01    5.0000000000E-01    2.8868475019E+02
    3.9500000000E+00   -6.8125000000E-01    5.0000000000E-01    2.8868474584E+02
    4.0500000000E+00   -6.8125000000E-01    5.0000000000E-01    2.8868474323E+02
    4.1500000000E+00   -6.8125000000E-01    5.0000000000E-01    2.8868474233E+02
    4.2500000000E+00   -6.8125000000E-01    5.0000000000E-01    2.8868474311E+02
    4.3500000000E+00   -6.8125000000E-01    5.0000000000E-01    2.8868474557E+02
    4.4500000000E+00   -6.8125000000E-01    5.0000000000E-01    2.8868474972E+02
    4.5500000000E+00   -6.8125000000E-01    5.0000000000E-01    2.8868475559E+02
    4.6500000000E+00   -6.8125000000E-01    5.0000000000E-01    2.8868476321E+02
    4.7500000000E+00   -6.8125000000E-01    5.0000000000E-01    2.8868477265E+02
    4.8500000000E+00   -6.8125000000E-01    5.0000000000E-01    2.8868478396E+02
    4.9500000000E+00   -6.8125000000E-01    5.0000000000E-01    2.8868479725E+02
    5.0500000000E+00   -6.8125000000E-01    5.0000000000E-01    2.8868481259E+02
    5.1500000000E+00   -6.8125000000E-01    5.0000000000E-01    2.8868483010E+02
    5.2500000000E+00   -6.8125000000E-01    5.0000000000E-01    2.8868484990E+02
    5.3500000000E+00   -6.8125000000E-01    5.0000000000E-01    2.8868487213E+02
    5.4500000000E+00   -6.8125000000E-01    5.0000000000E-01    2.8868489691E+02
    5.5500000000E+00   -6.8125000000E-01    5.0000000000E-01    2.8868492442E+02
    5.6500000000E+00   -6.8125000000E-01    5.0000000000E-01    2.8868495479E+02
    5.7500000000E+00   -6.8125000000E-01    5.0000000000E-01    2.8868498821E+02
    5.8500000000E+00   -6.8125000000E-01    5.0000000000E-01    2.8868502485E+02
    5.9500000000E+00   -6.8125000000E-01    5.0000000000E-01    2.8868506488E+02
    6.0500000000E+00   -6.8125000000E-01    5.0000000000E-01    2.8868510849E+02
    6.1500000000E+00   -6.8125000000E-01    5.0000000000E-01    2.8868515587E+02
    6.2500000000E+00   -6.8125000000E-01    5.0000000000E-01    2.8868520721E+02
    6.3500000000E+00   -6.8125000000E-01    5.0000000000E-01    2.8868526269E+02
    6.4500000000E+00   -6.8125000000E-01    5.0000000000E-01    2.8868532251E+02
    6.5500000000E+00   -6.8125000000E-01    5.0000000000E-01    2.8868538686E+02
    6.6500000000E+00   -6.8125000000E-01    5.0000000000E-01    2.8868545591E+02
    6.7500000000E+00   -6.8125000000E-01    5.0000000000E-01    2.8868552985E+02
    6.8500000000E+00   -6.8125000000E-01    5.0000000000E-01    2.8868560885E+02
    6.9500000000E+00   -6.8125000000E-01    5.0000000000E-01    2.8868569306E+02
    7.0500000000E+00   -6.8125000000E-01    5.0000000000E-01    2.8868578265E+02
    7.1500000000E+00   -6.8125000000E-01    5.0000000000E-01    2.8868587776E+02
    7.2500000000E+00   -6.8125000000E-01    5.0000000000E-01    2.8868597850E+02
    7.3500000000E+00   -6.8125000000E-01    5.0000000000E-01    2.8868608498E+02
    7.4500000000E+00   -6.8125000000E-01    5.0000000000E-01    2.8868619728E+02
    7.5500000000E+00   -6.8125000000E-01    5.0000000000E-01    2.8868631545E+02
    7.6500000000E+00   -6.8125000000E-01    5.0000000000E-01    2.8868643949E+02
    7.7500000000E+00   -6.8125000000E-01    5.0000000000E-01    2.8868656935E+02
    7.8500000000E+00   -6.8125000000E-01    5.0000000000E-01    2.8868670492E+02
    7.9500000000E+00   -6.8125000000E-01    5.0000000000E-01    2.8868684731E+02
    5.0000000000E-02   -6.6875000000E-01    5.0000000000E-01    2.8868069033E+02
    1.5000000000E-01   -6.6875000000E-01    5.0000000000E-01    2.8868048094E+02
    2.5000000000E-01   -6.6875000000E-01    5.0000000000E-01    2.8868028136E+02
    3.5000000000E-01   -6.6875000000E-01    5.0000000000E-01    2.8868009051E+02
    4.5000000000E-01   -6.6875000000E-01    5.0000000000E-01    2.8867990842E+02
    5.5000000000E-01   -6.6875000000E-01    5.0000000000E-01    2.8867973508E+02
    6.5000000000E-01   -6.6875000000E-01    5.0000000000E-01    2.8867957044E+02
    7.5000000000E-01   -6.6875000000E-01    5.0000000000E-01    2.8867941439E+02
    8.5000000000E-01   -6.6875000000E-01    5.0000000000E-01    2.8867926680E+02
    9.5000000000E-01   -6.6875000000E-01    5.0000000000E-01    2.8867912749E+02
    1.0500000000E+00   -6.6875000000E-01    5.0000000000E-01    2.8867899628E+02
    1.1500000000E+00   -6.6875000000E-01    5.0000000000E-01    2.8867887294E+02
    1.2500000000E+00   -6.6875000000E-01    5.0000000000E-01    2.8867875725E+02
    1.3500000000E+00   -6.6875000000E-01    5.0000000000E-01    2.8867864897E+02
    1.4500000000E+00   -6.6875000000E-01    5.0000000000E-01    2.8867854783E+02
    1.5500000000E+00   -6.6875000000E-01    5.0000000000E-01    2.8867845356E+02
    1.6500000000E+00   -6.6875000000E-01    5.0000000000E-01    2.8867836590E+02
    1.7500000000E+00   -6.6875000000E-01    5.0000000000E-01    2.8867828455E+02
    1.8500000000E+00   -6.6875000000E-01    5.0000000000E-01    2.8867820925E+02
    1.9500000000E+00   -6.6875000000E-01    5.0000000000E-01    2.8867813969E+02
    2.0500000000E+00   -6.6875000000E-01    5.0000000000E-01    2.8867807560E+02
    2.1500000000E+00   -6.6875000000E-01    5.0000000000E-01    2.8867801670E+02
    2.2500000000E+00   -6.6875000000E-01    5.0000000000E-01    2.8867796269E+02
    2.3500000000E+00   -6.6875000000E-01    5.0000000000E-01    2.8867791331E+02
    2.4500000000E+00   -6.6875000000E-01    5.0000000000E-01    2.8867786828E+02
    2.5500000000E+00   -6.6875000000E-01    5.0000000000E-01    2.8867782735E+02
    2.6500000000E+00   -6.6875000000E-01    5.0000000000E-01    2.8867779027E+02
    2.7500000000E+00   -6.6875000000E-01    5.0000000000E-01    2.8867775679E+02
    2.8500000000E+00   -6.6875000000E-01    5.0000000000E-01    2.8867772667E+02
    2.9500000000E+00   -6.6875000000E-01    5.0000000000E-01    2.8867769971E+02
    3.0500000000E+00   -6.6875000000E-01    5.0000000000E-01    2.8867767570E+02
    3.1500000000E+00   -6.6875000000E-01    5.0000000000E-01    2.8867765445E+02
    3.2500000000E+00   -6.6875000000E-01    5.0000000000E-01    2.8867763578E+02
    3.3500000000E+00   -6.6875000000E-01    5.0000000000E-01    2.8867761952E+02
    3.4500000000E+00   -6.6875000000E-01    5.0000000000E-01    2.8867760554E+02
    3.5500000000E+00   -6.6875000000E-01    5.0000000000E-01    2.8867759369E+02
    3.6500000000E+00   -6.6875000000E-01    5.0000000000E-01    2.8867758386E+02
    3.7500000000E+00   -6.6875000000E-01    5.0000000000E-01    2.8867757596E+02
    3.8500000000E+00   -6.6875000000E-01    5.0000000000E-01    2.8867756990E+02
    3.9500000000E+00   -6.6875000000E-01    5.0000000000E-01    2.8867756561E+02
    4.0500000000E+00   -6.6875000000E-01    5.0000000000E-01    2.8867756303E+02
    4.1500000000E+00   -6.6875000000E-01    5.0000000000E-01    2.8867756214E+02
    4.2500000000E+00   -6.6875000000E-01    5.0000000000E-01    2.8867756291E+02
    4.3500000000E+00   -6.6875000000E-01    5.0000000000E-01    2.8867756534E+02
    4.4500000000E+00   -6.6875000000E-01    5.0000000000E-01    2.8867756943E+02
    4.5500000000E+00   -6.6875000000E-01    5.0000000000E-01    2.8867757522E+02
    4.6500000000E+00   -6.6875000000E-01    5.0000000000E-01    2.8867758274E+02
    4.7500000000E+00   -6.6875000000E-01    5.0000000000E-01    2.8867759205E+02
    4.8500000000E+00   -6.6875000000E-01    5.0000000000E-01    2.8867760322E+02
    4.9500000000E+00   -6.6875000000E-01    5.0000000000E-01    2.8867761633E+02
    5.0500000000E+00   -6.6875000000E-01    5.0000000000E-01    2.8867763146E+02
    5.1500000000E+00   -6.6875000000E-01    5.0000000000E-01    2.8867764874E+02
    5.2500000000E+00   -6.6875000000E-01    5.0000000000E-01    2.8867766828E+02
    5.3500000000E+00   -6.6875000000E-01    5.0000000000E-01    2.8867769021E+02
    5.4500000000E+00   -6.6875000000E-01    5.0000000000E-01    2.8867771467E+02
    5.5500000000E+00   -6.6875000000E-01    5.0000000000E-01    2.8867774180E+02
    5.6500000000E+00   -6.6875000000E-01    5.0000000000E-01    2.8867777177E+02
    5.7500000000E+00   -6.6875000000E-01    5.0000000000E-01    2.8867780474E+02
    5.8500000000E+00   -6.6875000000E-01    5.0000000000E-01    2.8867784089E+02
    5.9500000000E+00   -6.6875000000E-01    5.0000000000E-01    2.8867788039E+02
    6.0500000000E+00   -6.6875000000E-01    5.0000000000E-01    2.8867792342E+02
    6.1500000000E+00   -6.6875000000E-01    5.0000000000E-01    2.8867797016E+02
    6.2500000000E+00   -6.6875000000E-01    5.0000000000E-01    2.8867802081E+02
    6.3500000000E+00   -6.6875000000E-01    5.0000000000E-01    2.8867807556E+02
    6.4500000000E+00   -6.6875000000E-01    5.0000000000E-01    2.8867813458E+02
    6.5500000000E+00   -6.6875000000E-01    5.0000000000E-01    2.8867819806E+02
    6.6500000000E+00   -6.6875000000E-01    5.0000000000E-01    2.8867826619E+02
    6.7500000000E+00   -6.6875000000E-01    5.0000000000E-01    2.8867833914E+02
    6.8500000000E+00   -6.6875000000E-01    5.0000000000E-01    2.8867841707E+02
    6.9500000000E+00   -6.6875000000E-01    5.0000000000E-01    2.8867850016E+02
    7.0500000000E+00   -6.6875000000E-01    5.0000000000E-01    2.8867858854E+02
    7.1500000000E+00   -6.6875000000E-01    5.0000000000E-01    2.8867868236E+02
    7.2500000000E+00   -6.6875000000E-01    5.0000000000E-01    2.8867878174E+02
    7.3500000000E+00   -6.6875000000E-01    5.0000000000E-01    2.8867888678E+02
    7.4500000000E+00   -6.6875000000E-01    5.0000000000E-01    2.8867899756E+02
    7.5500000000E+00   -6.6875000000E-01    5.0000000000E-01    2.8867911412E+02
    7.6500000000E+00   -6.6875000000E-01    5.0000000000E-01    2.8867923647E+02
    7.7500000000E+00   -6.6875000000E-01    5.0000000000E-01    2.8867936455E+02
    7.8500000000E+00   -6.6875000000E-01    5.0000000000E-01    2.8867949828E+02
    7.9500000000E+00   -6.6875000000E-01    5.0000000000E-01    2.8867963873E+02
    5.0000000000E-02   -6.5625000000E-01    5.0000000000E-01    2.8867333282E+02
    1.5000000000E-01   -6.5625000000E-01    5.0000000000E-01    2.8867312634E+02
    2.5000000000E-01   -6.5625000000E-01    5.0000000000E-01    2.8867292956E+02
    3.5000000000E-01   -6.5625000000E-01    5.0000000000E-01    2.8867274138E+02
    4.5000000000E-01   -6.5625000000E-01    5.0000000000E-01    2.8867256183E+02
    5.5000000000E-01   -6.5625000000E-01    5.0000000000E-01    2.8867239091E+02
    6.5000000000E-01   -6.5625000000E-01    5.0000000000E-01    2.8867222857E+02
    7.5000000000E-01   -6.5625000000E-01    5.0000000000E-01    2.8867207469E+02
    8.5000000000E-01   -6.5625000000E-01    5.0000000000E-01    2.8867192915E+02
    9.5000000000E-01   -6.5625000000E-01    5.0000000000E-01    2.8867179178E+02
    1.0500000000E+00   -6.5625000000E-01    5.0000000000E-01    2.8867166238E+02
    1.1500000000E+00   -6.5625000000E-01    5.0000000000E-01    2.8867154076E+02
    1.2500000000E+00   -6.5625000000E-01    5.0000000000E-01    2.8867142667E+02
    1.3500000000E+00   -6.5625000000E-01    5.0000000000E-01    2.8867131988E+02
    1.4500000000E+00   -6.5625000000E-01    5.0000000000E-01    2.8867122014E+02
    1.5500000000E+00   -6.5625000000E-01    5.0000000000E-01    2.8867112718E+02
    1.6500000000E+00   -6.5625000000E-01    5.0000000000E-01    2.8867104073E+02
    1.7500000000E+00   -6.5625000000E-01    5.0000000000E-01    2.8867096051E+02
    1.8500000000E+00   -6.5625000000E-01    5.0000000000E-01    2.8867088624E+02
    1.9500000000E+00   -6.5625000000E-01    5.0000000000E-01    2.8867081765E+02
    2.0500000000E+00   -6.5625000000E-01    5.0000000000E-01    2.8867075444E+02
    2.1500000000E+00   -6.5625000000E-01    5.0000000000E-01    2.8867069635E+02
    2.2500000000E+00   -6.5625000000E-01    5.0000000000E-01    2.8867064309E+02
    2.3500000000E+00   -6.5625000000E-01    5.0000000000E-01    2.8867059438E+02
    2.4500000000E+00   -6.5625000000E-01    5.0000000000E-01    2.8867054998E+02
    2.5500000000E+00   -6.5625000000E-01    5.0000000000E-01    2.8867050961E+02
    2.6500000000E+00   -6.5625000000E-01    5.0000000000E-01    2.8867047304E+02
    2.7500000000E+00   -6.5625000000E-01    5.0000000000E-01    2.8867044002E+02
    2.8500000000E+00   -6.5625000000E-01    5.0000000000E-01    2.8867041032E+02
    2.9500000000E+00   -6.5625000000E-01    5.0000000000E-01    2.8867038373E+02
    3.0500000000E+00   -6.5625000000E-01    5.0000000000E-01    2.8867036005E+02
    3.1500000000E+00   -6.5625000000E-01    5.0000000000E-01    2.8867033909E+02
    3.2500000000E+00   -6.5625000000E-01    5.0000000000E-01    2.8867032067E+02
    3.3500000000E+00   -6.5625000000E-01    5.0000000000E-01    2.8867030464E+02
    3.4500000000E+00   -6.5625000000E-01    5.0000000000E-01    2.8867029085E+02
    3.5500000000E+00   -6.5625000000E-01    5.0000000000E-01    2.8867027916E+02
    3.6500000000E+00   -6.5625000000E-01    5.0000000000E-01    2.8867026947E+02
    3.7500000000E+00   -6.5625000000E-01    5.0000000000E-01    2.8867026168E+02
    3.8500000000E+00   -6.5625000000E-01    5.0000000000E-01    2.8867025570E+02
    3.9500000000E+00   -6.5625000000E-01    5.0000000000E-01    2.8867025146E+02
    4.0500000000E+00   -6.5625000000E-01    5.0000000000E-01    2.8867024893E+02
    4.1500000000E+00   -6.5625000000E-01    5.0000000000E-01    2.8867024805E+02
    4.2500000000E+00   -6.5625000000E-01    5.0000000000E-01    2.8867024880E+02
    4.3500000000E+00   -6.5625000000E-01    5.0000000000E-01    2.8867025120E+02
    4.4500000000E+00   -6.5625000000E-01    5.0000000000E-01    2.8867025524E+02
    4.5500000000E+00   -6.5625000000E-01    5.0000000000E-01    2.8867026095E+02
    4.6500000000E+00   -6.5625000000E-01    5.0000000000E-01    2.8867026836E+02
    4.7500000000E+00   -6.5625000000E-01    5.0000000000E-01    2.8867027755E+02
    4.8500000000E+00   -6.5625000000E-01    5.0000000000E-01    2.8867028856E+02
    4.9500000000E+00   -6.5625000000E-01    5.0000000000E-01    2.8867030149E+02
    5.0500000000E+00   -6.5625000000E-01    5.0000000000E-01    2.8867031642E+02
    5.1500000000E+00   -6.5625000000E-01    5.0000000000E-01    2.8867033346E+02
    5.2500000000E+00   -6.5625000000E-01    5.0000000000E-01    2.8867035273E+02
    5.3500000000E+00   -6.5625000000E-01    5.0000000000E-01    2.8867037435E+02
    5.4500000000E+00   -6.5625000000E-01    5.0000000000E-01    2.8867039847E+02
    5.5500000000E+00   -6.5625000000E-01    5.0000000000E-01    2.8867042523E+02
    5.6500000000E+00   -6.5625000000E-01    5.0000000000E-01    2.8867045479E+02
    5.7500000000E+00   -6.5625000000E-01    5.0000000000E-01    2.8867048731E+02
    5.8500000000E+00   -6.5625000000E-01    5.0000000000E-01    2.8867052296E+02
    5.9500000000E+00   -6.5625000000E-01    5.0000000000E-01    2.8867056191E+02
    6.0500000000E+00   -6.5625000000E-01    5.0000000000E-01    2.8867060434E+02
    6.1500000000E+00   -6.5625000000E-01    5.0000000000E-01    2.8867065044E+02
    6.2500000000E+00   -6.5625000000E-01    5.0000000000E-01    2.8867070039E+02
    6.3500000000E+00   -6.5625000000E-01    5.0000000000E-01    2.8867075438E+02
    6.4500000000E+00   -6.5625000000E-01    5.0000000000E-01    2.8867081259E+02
    6.5500000000E+00   -6.5625000000E-01    5.0000000000E-01    2.8867087519E+02
    6.6500000000E+00   -6.5625000000E-01    5.0000000000E-01    2.8867094238E+02
    6.7500000000E+00   -6.5625000000E-01    5.0000000000E-01    2.8867101431E+02
    6.8500000000E+00   -6.5625000000E-01    5.0000000000E-01    2.8867109117E+02
    6.9500000000E+00   -6.5625000000E-01    5.0000000000E-01    2.8867117310E+02
    7.0500000000E+00   -6.5625000000E-01    5.0000000000E-01    2.8867126026E+02
    7.1500000000E+00   -6.5625000000E-01    5.0000000000E-01    2.8867135277E+02
    7.2500000000E+00   -6.5625000000E-01    5.0000000000E-01    2.8867145077E+02
    7.3500000000E+00   -6.5625000000E-01    5.0000000000E-01    2.8867155434E+02
    7.4500000000E+00   -6.5625000000E-01    5.0000000000E-01    2.8867166357E+02
    7.5500000000E+00   -6.5625000000E-01    5.0000000000E-01    2.8867177849E+02
    7.6500000000E+00   -6.5625000000E-01    5.0000000000E-01    2.8867189912E+02
    7.7500000000E+00   -6.5625000000E-01    5.0000000000E-01    2.8867202540E+02
    7.8500000000E+00   -6.5625000000E-01    5.0000000000E-01    2.8867215724E+02
    7.9500000000E+00   -6.5625000000E-01    5.0000000000E-01    2.8867229573E+02
    5.0000000000E-02   -6.4375000000E-01    5.0000000000E-01    2.8866584252E+02
    1.5000000000E-01   -6.4375000000E-01    5.0000000000E-01    2.8866563901E+02
    2.5000000000E-01   -6.4375000000E-01    5.0000000000E-01    2.8866544506E+02
    3.5000000000E-01   -6.4375000000E-01    5.0000000000E-01    2.8866525959E+02
    4.5000000000E-01   -6.4375000000E-01    5.0000000000E-01    2.8866508264E+02
    5.5000000000E-01   -6.4375000000E-01    5.0000000000E-01    2.8866491418E+02
    6.5000000000E-01   -6.4375000000E-01    5.0000000000E-01    2.8866475417E+02
    7.5000000000E-01   -6.4375000000E-01    5.0000000000E-01    2.8866460250E+02
    8.5000000000E-01   -6.4375000000E-01    5.0000000000E-01    2.8866445905E+02
    9.5000000000E-01   -6.4375000000E-01    5.0000000000E-01    2.8866432365E+02
    1.0500000000E+00   -6.4375000000E-01    5.0000000000E-01    2.8866419611E+02
    1.1500000000E+00   -6.4375000000E-01    5.0000000000E-01    2.8866407622E+02
    1.2500000000E+00   -6.4375000000E-01    5.0000000000E-01    2.8866396377E+02
    1.3500000000E+00   -6.4375000000E-01    5.0000000000E-01    2.8866385850E+02
    1.4500000000E+00   -6.4375000000E-01    5.0000000000E-01    2.8866376019E+02
    1.5500000000E+00   -6.4375000000E-01    5.0000000000E-01    2.8866366855E+02
    1.6500000000E+00   -6.4375000000E-01    5.0000000000E-01    2.8866358333E+02
    1.7500000000E+00   -6.4375000000E-01    5.0000000000E-01    2.8866350426E+02
    1.8500000000E+00   -6.4375000000E-01    5.0000000000E-01    2.8866343105E+02
    1.9500000000E+00   -6.4375000000E-01    5.0000000000E-01    2.8866336343E+02
    2.0500000000E+00   -6.4375000000E-01    5.0000000000E-01    2.8866330113E+02
    2.1500000000E+00   -6.4375000000E-01    5.0000000000E-01    2.8866324386E+02
    2.2500000000E+00   -6.4375000000E-01    5.0000000000E-01    2.8866319136E+02
    2.3500000000E+00   -6.4375000000E-01    5.0000000000E-01    2.8866314335E+02
    2.4500000000E+00   -6.4375000000E-01    5.0000000000E-01    2.8866309958E+02
    2.5500000000E+00   -6.4375000000E-01    5.0000000000E-01    2.8866305979E+02
    2.6500000000E+00   -6.4375000000E-01    5.0000000000E-01    2.8866302373E+02
    2.7500000000E+00   -6.4375000000E-01    5.0000000000E-01    2.8866299118E+02
    2.8500000000E+00   -6.4375000000E-01    5.0000000000E-01    2.8866296190E+02
    2.9500000000E+00   -6.4375000000E-01    5.0000000000E-01    2.8866293569E+02
    3.0500000000E+00   -6.4375000000E-01    5.0000000000E-01    2.8866291235E+02
    3.1500000000E+00   -6.4375000000E-01    5.0000000000E-01    2.8866289169E+02
    3.2500000000E+00   -6.4375000000E-01    5.0000000000E-01    2.8866287353E+02
    3.3500000000E+00   -6.4375000000E-01    5.0000000000E-01    2.8866285773E+02
    3.4500000000E+00   -6.4375000000E-01    5.0000000000E-01    2.8866284413E+02
    3.5500000000E+00   -6.4375000000E-01    5.0000000000E-01    2.8866283261E+02
    3.6500000000E+00   -6.4375000000E-01    5.0000000000E-01    2.8866282306E+02
    3.7500000000E+00   -6.4375000000E-01    5.0000000000E-01    2.8866281537E+02
    3.8500000000E+00   -6.4375000000E-01    5.0000000000E-01    2.8866280948E+02
    3.9500000000E+00   -6.4375000000E-01    5.0000000000E-01    2.8866280530E+02
    4.0500000000E+00   -6.4375000000E-01    5.0000000000E-01    2.8866280280E+02
    4.1500000000E+00   -6.4375000000E-01    5.0000000000E-01    2.8866280193E+02
    4.2500000000E+00   -6.4375000000E-01    5.0000000000E-01    2.8866280268E+02
    4.3500000000E+00   -6.4375000000E-01    5.0000000000E-01    2.8866280504E+02
    4.4500000000E+00   -6.4375000000E-01    5.0000000000E-01    2.8866280902E+02
    4.5500000000E+00   -6.4375000000E-01    5.0000000000E-01    2.8866281465E+02
    4.6500000000E+00   -6.4375000000E-01    5.0000000000E-01    2.8866282196E+02
    4.7500000000E+00   -6.4375000000E-01    5.0000000000E-01    2.8866283101E+02
    4.8500000000E+00   -6.4375000000E-01    5.0000000000E-01    2.8866284187E+02
    4.9500000000E+00   -6.4375000000E-01    5.0000000000E-01    2.8866285461E+02
    5.0500000000E+00   -6.4375000000E-01    5.0000000000E-01    2.8866286933E+02
    5.1500000000E+00   -6.4375000000E-01    5.0000000000E-01    2.8866288613E+02
    5.2500000000E+00   -6.4375000000E-01    5.0000000000E-01    2.8866290513E+02
    5.3500000000E+00   -6.4375000000E-01    5.0000000000E-01    2.8866292644E+02
    5.4500000000E+00   -6.4375000000E-01    5.0000000000E-01    2.8866295022E+02
    5.5500000000E+00   -6.4375000000E-01    5.0000000000E-01    2.8866297660E+02
    5.6500000000E+00   -6.4375000000E-01    5.0000000000E-01    2.8866300574E+02
    5.7500000000E+00   -6.4375000000E-01    5.0000000000E-01    2.8866303779E+02
    5.8500000000E+00   -6.4375000000E-01    5.0000000000E-01    2.8866307293E+02
    5.9500000000E+00   -6.4375000000E-01    5.0000000000E-01    2.8866311133E+02
    6.0500000000E+00   -6.4375000000E-01    5.0000000000E-01    2.8866315316E+02
    6.1500000000E+00   -6.4375000000E-01    5.0000000000E-01    2.8866319860E+02
    6.2500000000E+00   -6.4375000000E-01    5.0000000000E-01    2.8866324784E+02
    6.3500000000E+00   -6.4375000000E-01    5.0000000000E-01    2.8866330106E+02
    6.4500000000E+00   -6.4375000000E-01    5.0000000000E-01    2.8866335843E+02
    6.5500000000E+00   -6.4375000000E-01    5.0000000000E-01    2.8866342014E+02
    6.6500000000E+00   -6.4375000000E-01    5.0000000000E-01    2.8866348637E+02
    6.7500000000E+00   -6.4375000000E-01    5.0000000000E-01    2.8866355727E+02
    6.8500000000E+00   -6.4375000000E-01    5.0000000000E-01    2.8866363303E+02
    6.9500000000E+00   -6.4375000000E-01    5.0000000000E-01    2.8866371379E+02
    7.0500000000E+00   -6.4375000000E-01    5.0000000000E-01    2.8866379970E+02
    7.1500000000E+00   -6.4375000000E-01    5.0000000000E-01    2.8866389088E+02
    7.2500000000E+00   -6.4375000000E-01    5.0000000000E-01    2.8866398747E+02
    7.3500000000E+00   -6.4375000000E-01    5.0000000000E-01    2.8866408955E+02
    7.4500000000E+00   -6.4375000000E-01    5.0000000000E-01    2.8866419720E+02
    7.5500000000E+00   -6.4375000000E-01    5.0000000000E-01    2.8866431046E+02
    7.6500000000E+00   -6.4375000000E-01    5.0000000000E-01    2.8866442933E+02
    7.7500000000E+00   -6.4375000000E-01    5.0000000000E-01    2.8866455378E+02
    7.8500000000E+00   -6.4375000000E-01    5.0000000000E-01    2.8866468371E+02
    7.9500000000E+00   -6.4375000000E-01    5.0000000000E-01    2.8866482021E+02
    5.0000000000E-02   -6.3125000000E-01    5.0000000000E-01    2.8865822135E+02
    1.5000000000E-01   -6.3125000000E-01    5.0000000000E-01    2.8865802085E+02
    2.5000000000E-01   -6.3125000000E-01    5.0000000000E-01    2.8865782979E+02
    3.5000000000E-01   -6.3125000000E-01    5.0000000000E-01    2.8865764709E+02
    4.5000000000E-01   -6.3125000000E-01    5.0000000000E-01    2.8865747277E+02
    5.5000000000E-01   -6.3125000000E-01    5.0000000000E-01    2.8865730681E+02
    6.5000000000E-01   -6.3125000000E-01    5.0000000000E-01    2.8865714918E+02
    7.5000000000E-01   -6.3125000000E-01    5.0000000000E-01    2.8865699976E+02
    8.5000000000E-01   -6.3125000000E-01    5.0000000000E-01    2.8865685843E+02
    9.5000000000E-01   -6.3125000000E-01    5.0000000000E-01    2.8865672503E+02
    1.0500000000E+00   -6.3125000000E-01    5.0000000000E-01    2.8865659938E+02
    1.1500000000E+00   -6.3125000000E-01    5.0000000000E-01    2.8865648126E+02
    1.2500000000E+00   -6.3125000000E-01    5.0000000000E-01    2.8865637046E+02
    1.3500000000E+00   -6.3125000000E-01    5.0000000000E-01    2.8865626676E+02
    1.4500000000E+00   -6.3125000000E-01    5.0000000000E-01    2.8865616989E+02
    1.5500000000E+00   -6.3125000000E-01    5.0000000000E-01    2.8865607960E+02
    1.6500000000E+00   -6.3125000000E-01    5.0000000000E-01    2.8865599564E+02
    1.7500000000E+00   -6.3125000000E-01    5.0000000000E-01    2.8865591773E+02
    1.8500000000E+00   -6.3125000000E-01    5.0000000000E-01    2.8865584560E+02
    1.9500000000E+00   -6.3125000000E-01    5.0000000000E-01    2.8865577898E+02
    2.0500000000E+00   -6.3125000000E-01    5.0000000000E-01    2.8865571759E+02
    2.1500000000E+00   -6.3125000000E-01    5.0000000000E-01    2.8865566117E+02
    2.2500000000E+00   -6.3125000000E-01    5.0000000000E-01    2.8865560944E+02
    2.3500000000E+00   -6.3125000000E-01    5.0000000000E-01    2.8865556213E+02
    2.4500000000E+00   -6.3125000000E-01    5.0000000000E-01    2.8865551900E+02
    2.5500000000E+00   -6.3125000000E-01    5.0000000000E-01    2.8865547980E+02
    2.6500000000E+00   -6.3125000000E-01    5.0000000000E-01    2.8865544427E+02
    2.7500000000E+00   -6.3125000000E-01    5.0000000000E-01    2.8865541220E+02
    2.8500000000E+00   -6.3125000000E-01    5.0000000000E-01    2.8865538335E+02
    2.9500000000E+00   -6.3125000000E-01    5.0000000000E-01    2.8865535753E+02
    3.0500000000E+00   -6.3125000000E-01    5.0000000000E-01    2.8865533452E+02
    3.1500000000E+00   -6.3125000000E-01    5.0000000000E-01    2.8865531416E+02
    3.2500000000E+00   -6.3125000000E-01    5.0000000000E-01    2.8865529627E+02
    3.3500000000E+00   -6.3125000000E-01    5.0000000000E-01    2.8865528070E+02
    3.4500000000E+00   -6.3125000000E-01    5.0000000000E-01    2.8865526730E+02
    3.5500000000E+00   -6.3125000000E-01    5.0000000000E-01    2.8865525595E+02
    3.6500000000E+00   -6.3125000000E-01    5.0000000000E-01    2.8865524654E+02
    3.7500000000E+00   -6.3125000000E-01    5.0000000000E-01    2.8865523897E+02
    3.8500000000E+00   -6.3125000000E-01    5.0000000000E-01    2.8865523316E+02
    3.9500000000E+00   -6.3125000000E-01    5.0000000000E-01    2.8865522904E+02
    4.0500000000E+00   -6.3125000000E-01    5.0000000000E-01    2.8865522658E+02
    4.1500000000E+00   -6.3125000000E-01    5.0000000000E-01    2.8865522572E+02
    4.2500000000E+00   -6.3125000000E-01    5.0000000000E-01    2.8865522646E+02
    4.3500000000E+00   -6.3125000000E-01    5.0000000000E-01    2.8865522878E+02
    4.4500000000E+00   -6.3125000000E-01    5.0000000000E-01    2.8865523271E+02
    4.5500000000E+00   -6.3125000000E-01    5.0000000000E-01    2.8865523825E+02
    4.6500000000E+00   -6.3125000000E-01    5.0000000000E-01    2.8865524546E+02
    4.7500000000E+00   -6.3125000000E-01    5.0000000000E-01    2.8865525438E+02
    4.8500000000E+00   -6.3125000000E-01    5.0000000000E-01    2.8865526507E+02
    4.9500000000E+00   -6.3125000000E-01    5.0000000000E-01    2.8865527763E+02
    5.0500000000E+00   -6.3125000000E-01    5.0000000000E-01    2.8865529213E+02
    5.1500000000E+00   -6.3125000000E-01    5.0000000000E-01    2.8865530868E+02
    5.2500000000E+00   -6.3125000000E-01    5.0000000000E-01    2.8865532740E+02
    5.3500000000E+00   -6.3125000000E-01    5.0000000000E-01    2.8865534841E+02
    5.4500000000E+00   -6.3125000000E-01    5.0000000000E-01    2.8865537183E+02
    5.5500000000E+00   -6.3125000000E-01    5.0000000000E-01    2.8865539782E+02
    5.6500000000E+00   -6.3125000000E-01    5.0000000000E-01    2.8865542653E+02
    5.7500000000E+00   -6.3125000000E-01    5.0000000000E-01    2.8865545812E+02
    5.8500000000E+00   -6.3125000000E-01    5.0000000000E-01    2.8865549274E+02
    5.9500000000E+00   -6.3125000000E-01    5.0000000000E-01    2.8865553057E+02
    6.0500000000E+00   -6.3125000000E-01    5.0000000000E-01    2.8865557179E+02
    6.1500000000E+00   -6.3125000000E-01    5.0000000000E-01    2.8865561656E+02
    6.2500000000E+00   -6.3125000000E-01    5.0000000000E-01    2.8865566508E+02
    6.3500000000E+00   -6.3125000000E-01    5.0000000000E-01    2.8865571751E+02
    6.4500000000E+00   -6.3125000000E-01    5.0000000000E-01    2.8865577404E+02
    6.5500000000E+00   -6.3125000000E-01    5.0000000000E-01    2.8865583484E+02
    6.6500000000E+00   -6.3125000000E-01    5.0000000000E-01    2.8865590008E+02
    6.7500000000E+00   -6.3125000000E-01    5.0000000000E-01    2.8865596995E+02
    6.8500000000E+00   -6.3125000000E-01    5.0000000000E-01    2.8865604458E+02
    6.9500000000E+00   -6.3125000000E-01    5.0000000000E-01    2.8865612415E+02
    7.0500000000E+00   -6.3125000000E-01    5.0000000000E-01    2.8865620878E+02
    7.1500000000E+00   -6.3125000000E-01    5.0000000000E-01    2.8865629862E+02
    7.2500000000E+00   -6.3125000000E-01    5.0000000000E-01    2.8865639377E+02
    7.3500000000E+00   -6.3125000000E-01    5.0000000000E-01    2.8865649433E+02
    7.4500000000E+00   -6.3125000000E-01    5.0000000000E-01    2.8865660038E+02
    7.5500000000E+00   -6.3125000000E-01    5.0000000000E-01    2.8865671195E+02
    7.6500000000E+00   -6.3125000000E-01    5.0000000000E-01    2.8865682904E+02
    7.7500000000E+00   -6.3125000000E-01    5.0000000000E-01    2.8865695162E+02
    7.8500000000E+00   -6.3125000000E-01    5.0000000000E-01    2.8865707961E+02
    7.9500000000E+00   -6.3125000000E-01    5.0000000000E-01    2.8865721408E+02
    5.0000000000E-02   -6.1875000000E-01    5.0000000000E-01    2.8865047128E+02
    1.5000000000E-01   -6.1875000000E-01    5.0000000000E-01    2.8865027385E+02
    2.5000000000E-01   -6.1875000000E-01    5.0000000000E-01    2.8865008573E+02
    3.5000000000E-01   -6.1875000000E-01    5.0000000000E-01    2.8864990583E+02
    4.5000000000E-01   -6.1875000000E-01    5.0000000000E-01    2.8864973418E+02
    5.5000000000E-01   -6.1875000000E-01    5.0000000000E-01    2.8864957077E+02
    6.5000000000E-01   -6.1875000000E-01    5.0000000000E-01    2.8864941555E+02
    7.5000000000E-01   -6.1875000000E-01    5.0000000000E-01    2.8864926842E+02
    8.5000000000E-01   -6.1875000000E-01    5.0000000000E-01    2.8864912925E+02
    9.5000000000E-01   -6.1875000000E-01    5.0000000000E-01    2.8864899789E+02
    1.0500000000E+00   -6.1875000000E-01    5.0000000000E-01    2.8864887415E+02
    1.1500000000E+00   -6.1875000000E-01    5.0000000000E-01    2.8864875783E+02
    1.2500000000E+00   -6.1875000000E-01    5.0000000000E-01    2.8864864873E+02
    1.3500000000E+00   -6.1875000000E-01    5.0000000000E-01    2.8864854660E+02
    1.4500000000E+00   -6.1875000000E-01    5.0000000000E-01    2.8864845120E+02
    1.5500000000E+00   -6.1875000000E-01    5.0000000000E-01    2.8864836229E+02
    1.6500000000E+00   -6.1875000000E-01    5.0000000000E-01    2.8864827961E+02
    1.7500000000E+00   -6.1875000000E-01    5.0000000000E-01    2.8864820288E+02
    1.8500000000E+00   -6.1875000000E-01    5.0000000000E-01    2.8864813185E+02
    1.9500000000E+00   -6.1875000000E-01    5.0000000000E-01    2.8864806624E+02
    2.0500000000E+00   -6.1875000000E-01    5.0000000000E-01    2.8864800579E+02
    2.1500000000E+00   -6.1875000000E-01    5.0000000000E-01    2.8864795022E+02
    2.2500000000E+00   -6.1875000000E-01    5.0000000000E-01    2.8864789927E+02
    2.3500000000E+00   -6.1875000000E-01    5.0000000000E-01    2.8864785269E+02
    2.4500000000E+00   -6.1875000000E-01    5.0000000000E-01    2.8864781021E+02
    2.5500000000E+00   -6.1875000000E-01    5.0000000000E-01    2.8864777160E+02
    2.6500000000E+00   -6.1875000000E-01    5.0000000000E-01    2.8864773661E+02
    2.7500000000E+00   -6.1875000000E-01    5.0000000000E-01    2.8864770502E+02
    2.8500000000E+00   -6.1875000000E-01    5.0000000000E-01    2.8864767661E+02
    2.9500000000E+00   -6.1875000000E-01    5.0000000000E-01    2.8864765118E+02
    3.0500000000E+00   -6.1875000000E-01    5.0000000000E-01    2.8864762853E+02
    3.1500000000E+00   -6.1875000000E-01    5.0000000000E-01    2.8864760847E+02
    3.2500000000E+00   -6.1875000000E-01    5.0000000000E-01    2.8864759085E+02
    3.3500000000E+00   -6.1875000000E-01    5.0000000000E-01    2.8864757552E+02
    3.4500000000E+00   -6.1875000000E-01    5.0000000000E-01    2.8864756232E+02
    3.5500000000E+00   -6.1875000000E-01    5.0000000000E-01    2.8864755114E+02
    3.6500000000E+00   -6.1875000000E-01    5.0000000000E-01    2.8864754187E+02
    3.7500000000E+00   -6.1875000000E-01    5.0000000000E-01    2.8864753441E+02
    3.8500000000E+00   -6.1875000000E-01    5.0000000000E-01    2.8864752869E+02
    3.9500000000E+00   -6.1875000000E-01    5.0000000000E-01    2.8864752464E+02
    4.0500000000E+00   -6.1875000000E-01    5.0000000000E-01    2.8864752221E+02
    4.1500000000E+00   -6.1875000000E-01    5.0000000000E-01    2.8864752137E+02
    4.2500000000E+00   -6.1875000000E-01    5.0000000000E-01    2.8864752209E+02
    4.3500000000E+00   -6.1875000000E-01    5.0000000000E-01    2.8864752438E+02
    4.4500000000E+00   -6.1875000000E-01    5.0000000000E-01    2.8864752825E+02
    4.5500000000E+00   -6.1875000000E-01    5.0000000000E-01    2.8864753371E+02
    4.6500000000E+00   -6.1875000000E-01    5.0000000000E-01    2.8864754080E+02
    4.7500000000E+00   -6.1875000000E-01    5.0000000000E-01    2.8864754959E+02
    4.8500000000E+00   -6.1875000000E-01    5.0000000000E-01    2.8864756012E+02
    4.9500000000E+00   -6.1875000000E-01    5.0000000000E-01    2.8864757249E+02
    5.0500000000E+00   -6.1875000000E-01    5.0000000000E-01    2.8864758677E+02
    5.1500000000E+00   -6.1875000000E-01    5.0000000000E-01    2.8864760307E+02
    5.2500000000E+00   -6.1875000000E-01    5.0000000000E-01    2.8864762151E+02
    5.3500000000E+00   -6.1875000000E-01    5.0000000000E-01    2.8864764219E+02
    5.4500000000E+00   -6.1875000000E-01    5.0000000000E-01    2.8864766526E+02
    5.5500000000E+00   -6.1875000000E-01    5.0000000000E-01    2.8864769086E+02
    5.6500000000E+00   -6.1875000000E-01    5.0000000000E-01    2.8864771914E+02
    5.7500000000E+00   -6.1875000000E-01    5.0000000000E-01    2.8864775024E+02
    5.8500000000E+00   -6.1875000000E-01    5.0000000000E-01    2.8864778434E+02
    5.9500000000E+00   -6.1875000000E-01    5.0000000000E-01    2.8864782159E+02
    6.0500000000E+00   -6.1875000000E-01    5.0000000000E-01    2.8864786218E+02
    6.1500000000E+00   -6.1875000000E-01    5.0000000000E-01    2.8864790628E+02
    6.2500000000E+00   -6.1875000000E-01    5.0000000000E-01    2.8864795405E+02
    6.3500000000E+00   -6.1875000000E-01    5.0000000000E-01    2.8864800569E+02
    6.4500000000E+00   -6.1875000000E-01    5.0000000000E-01    2.8864806136E+02
    6.5500000000E+00   -6.1875000000E-01    5.0000000000E-01    2.8864812123E+02
    6.6500000000E+00   -6.1875000000E-01    5.0000000000E-01    2.8864818549E+02
    6.7500000000E+00   -6.1875000000E-01    5.0000000000E-01    2.8864825428E+02
    6.8500000000E+00   -6.1875000000E-01    5.0000000000E-01    2.8864832778E+02
    6.9500000000E+00   -6.1875000000E-01    5.0000000000E-01    2.8864840613E+02
    7.0500000000E+00   -6.1875000000E-01    5.0000000000E-01    2.8864848947E+02
    7.1500000000E+00   -6.1875000000E-01    5.0000000000E-01    2.8864857794E+02
    7.2500000000E+00   -6.1875000000E-01    5.0000000000E-01    2.8864867163E+02
    7.3500000000E+00   -6.1875000000E-01    5.0000000000E-01    2.8864877065E+02
    7.4500000000E+00   -6.1875000000E-01    5.0000000000E-01    2.8864887507E+02
    7.5500000000E+00   -6.1875000000E-01    5.0000000000E-01    2.8864898491E+02
    7.6500000000E+00   -6.1875000000E-01    5.0000000000E-01    2.8864910020E+02
    7.7500000000E+00   -6.1875000000E-01    5.0000000000E-01    2.8864922089E+02
    7.8500000000E+00   -6.1875000000E-01    5.0000000000E-01    2.8864934691E+02
    7.9500000000E+00   -6.1875000000E-01    5.0000000000E-01    2.8864947931E+02
    5.0000000000E-02   -6.0625000000E-01    5.0000000000E-01    2.8864259431E+02
    1.5000000000E-01   -6.0625000000E-01    5.0000000000E-01    2.8864240000E+02
    2.5000000000E-01   -6.0625000000E-01    5.0000000000E-01    2.8864221485E+02
    3.5000000000E-01   -6.0625000000E-01    5.0000000000E-01    2.8864203780E+02
    4.5000000000E-01   -6.0625000000E-01    5.0000000000E-01    2.8864186888E+02
    5.5000000000E-01   -6.0625000000E-01    5.0000000000E-01    2.8864170806E+02
    6.5000000000E-01   -6.0625000000E-01    5.0000000000E-01    2.8864155529E+02
    7.5000000000E-01   -6.0625000000E-01    5.0000000000E-01    2.8864141048E+02
    8.5000000000E-01   -6.0625000000E-01    5.0000000000E-01    2.8864127351E+02
    9.5000000000E-01   -6.0625000000E-01    5.0000000000E-01    2.8864114421E+02
    1.0500000000E+00   -6.0625000000E-01    5.0000000000E-01    2.8864102242E+02
    1.1500000000E+00   -6.0625000000E-01    5.0000000000E-01    2.8864090794E+02
    1.2500000000E+00   -6.0625000000E-01    5.0000000000E-01    2.8864080055E+02
    1.3500000000E+00   -6.0625000000E-01    5.0000000000E-01    2.8864070002E+02
    1.4500000000E+00   -6.0625000000E-01    5.0000000000E-01    2.8864060613E+02
    1.5500000000E+00   -6.0625000000E-01    5.0000000000E-01    2.8864051861E+02
    1.6500000000E+00   -6.0625000000E-01    5.0000000000E-01    2.8864043722E+02
    1.7500000000E+00   -6.0625000000E-01    5.0000000000E-01    2.8864036170E+02
    1.8500000000E+00   -6.0625000000E-01    5.0000000000E-01    2.8864029178E+02
    1.9500000000E+00   -6.0625000000E-01    5.0000000000E-01    2.8864022720E+02
    2.0500000000E+00   -6.0625000000E-01    5.0000000000E-01    2.8864016770E+02
    2.1500000000E+00   -6.0625000000E-01    5.0000000000E-01    2.8864011300E+02
    2.2500000000E+00   -6.0625000000E-01    5.0000000000E-01    2.8864006285E+02
    2.3500000000E+00   -6.0625000000E-01    5.0000000000E-01    2.8864001700E+02
    2.4500000000E+00   -6.0625000000E-01    5.0000000000E-01    2.8863997519E+02
    2.5500000000E+00   -6.0625000000E-01    5.0000000000E-01    2.8863993718E+02
    2.6500000000E+00   -6.0625000000E-01    5.0000000000E-01    2.8863990274E+02
    2.7500000000E+00   -6.0625000000E-01    5.0000000000E-01    2.8863987165E+02
    2.8500000000E+00   -6.0625000000E-01    5.0000000000E-01    2.8863984368E+02
    2.9500000000E+00   -6.0625000000E-01    5.0000000000E-01    2.8863981864E+02
    3.0500000000E+00   -6.0625000000E-01    5.0000000000E-01    2.8863979634E+02
    3.1500000000E+00   -6.0625000000E-01    5.0000000000E-01    2.8863977660E+02
    3.2500000000E+00   -6.0625000000E-01    5.0000000000E-01    2.8863975926E+02
    3.3500000000E+00   -6.0625000000E-01    5.0000000000E-01    2.8863974416E+02
    3.4500000000E+00   -6.0625000000E-01    5.0000000000E-01    2.8863973117E+02
    3.5500000000E+00   -6.0625000000E-01    5.0000000000E-01    2.8863972017E+02
    3.6500000000E+00   -6.0625000000E-01    5.0000000000E-01    2.8863971104E+02
    3.7500000000E+00   -6.0625000000E-01    5.0000000000E-01    2.8863970370E+02
    3.8500000000E+00   -6.0625000000E-01    5.0000000000E-01    2.8863969807E+02
    3.9500000000E+00   -6.0625000000E-01    5.0000000000E-01    2.8863969408E+02
    4.0500000000E+00   -6.0625000000E-01    5.0000000000E-01    2.8863969169E+02
    4.1500000000E+00   -6.0625000000E-01    5.0000000000E-01    2.8863969086E+02
    4.2500000000E+00   -6.0625000000E-01    5.0000000000E-01    2.8863969157E+02
    4.3500000000E+00   -6.0625000000E-01    5.0000000000E-01    2.8863969383E+02
    4.4500000000E+00   -6.0625000000E-01    5.0000000000E-01    2.8863969763E+02
    4.5500000000E+00   -6.0625000000E-01    5.0000000000E-01    2.8863970301E+02
    4.6500000000E+00   -6.0625000000E-01    5.0000000000E-01    2.8863970999E+02
    4.7500000000E+00   -6.0625000000E-01    5.0000000000E-01    2.8863971864E+02
    4.8500000000E+00   -6.0625000000E-01    5.0000000000E-01    2.8863972901E+02
    4.9500000000E+00   -6.0625000000E-01    5.0000000000E-01    2.8863974118E+02
    5.0500000000E+00   -6.0625000000E-01    5.0000000000E-01    2.8863975524E+02
    5.1500000000E+00   -6.0625000000E-01    5.0000000000E-01    2.8863977129E+02
    5.2500000000E+00   -6.0625000000E-01    5.0000000000E-01    2.8863978943E+02
    5.3500000000E+00   -6.0625000000E-01    5.0000000000E-01    2.8863980979E+02
    5.4500000000E+00   -6.0625000000E-01    5.0000000000E-01    2.8863983250E+02
    5.5500000000E+00   -6.0625000000E-01    5.0000000000E-01    2.8863985770E+02
    5.6500000000E+00   -6.0625000000E-01    5.0000000000E-01    2.8863988553E+02
    5.7500000000E+00   -6.0625000000E-01    5.0000000000E-01    2.8863991615E+02
    5.8500000000E+00   -6.0625000000E-01    5.0000000000E-01    2.8863994971E+02
    5.9500000000E+00   -6.0625000000E-01    5.0000000000E-01    2.8863998638E+02
    6.0500000000E+00   -6.0625000000E-01    5.0000000000E-01    2.8864002634E+02
    6.1500000000E+00   -6.0625000000E-01    5.0000000000E-01    2.8864006974E+02
    6.2500000000E+00   -6.0625000000E-01    5.0000000000E-01    2.8864011677E+02
    6.3500000000E+00   -6.0625000000E-01    5.0000000000E-01    2.8864016759E+02
    6.4500000000E+00   -6.0625000000E-01    5.0000000000E-01    2.8864022238E+02
    6.5500000000E+00   -6.0625000000E-01    5.0000000000E-01    2.8864028132E+02
    6.6500000000E+00   -6.0625000000E-01    5.0000000000E-01    2.8864034456E+02
    6.7500000000E+00   -6.0625000000E-01    5.0000000000E-01    2.8864041228E+02
    6.8500000000E+00   -6.0625000000E-01    5.0000000000E-01    2.8864048462E+02
    6.9500000000E+00   -6.0625000000E-01    5.0000000000E-01    2.8864056174E+02
    7.0500000000E+00   -6.0625000000E-01    5.0000000000E-01    2.8864064376E+02
    7.1500000000E+00   -6.0625000000E-01    5.0000000000E-01    2.8864073083E+02
    7.2500000000E+00   -6.0625000000E-01    5.0000000000E-01    2.8864082304E+02
    7.3500000000E+00   -6.0625000000E-01    5.0000000000E-01    2.8864092050E+02
    7.4500000000E+00   -6.0625000000E-01    5.0000000000E-01    2.8864102325E+02
    7.5500000000E+00   -6.0625000000E-01    5.0000000000E-01    2.8864113136E+02
    7.6500000000E+00   -6.0625000000E-01    5.0000000000E-01    2.8864124481E+02
    7.7500000000E+00   -6.0625000000E-01    5.0000000000E-01    2.8864136358E+02
    7.8500000000E+00   -6.0625000000E-01    5.0000000000E-01    2.8864148759E+02
    7.9500000000E+00   -6.0625000000E-01    5.0000000000E-01    2.8864161789E+02
    5.0000000000E-02   -5.9375000000E-01    5.0000000000E-01    2.8863459247E+02
    1.5000000000E-01   -5.9375000000E-01    5.0000000000E-01    2.8863440133E+02
    2.5000000000E-01   -5.9375000000E-01    5.0000000000E-01    2.8863421921E+02
    3.5000000000E-01   -5.9375000000E-01    5.0000000000E-01    2.8863404505E+02
    4.5000000000E-01   -5.9375000000E-01    5.0000000000E-01    2.8863387888E+02
    5.5000000000E-01   -5.9375000000E-01    5.0000000000E-01    2.8863372069E+02
    6.5000000000E-01   -5.9375000000E-01    5.0000000000E-01    2.8863357041E+02
    7.5000000000E-01   -5.9375000000E-01    5.0000000000E-01    2.8863342796E+02
    8.5000000000E-01   -5.9375000000E-01    5.0000000000E-01    2.8863329322E+02
    9.5000000000E-01   -5.9375000000E-01    5.0000000000E-01    2.8863316603E+02
    1.0500000000E+00   -5.9375000000E-01    5.0000000000E-01    2.8863304622E+02
    1.1500000000E+00   -5.9375000000E-01    5.0000000000E-01    2.8863293359E+02
    1.2500000000E+00   -5.9375000000E-01    5.0000000000E-01    2.8863282794E+02
    1.3500000000E+00   -5.9375000000E-01    5.0000000000E-01    2.8863272905E+02
    1.4500000000E+00   -5.9375000000E-01    5.0000000000E-01    2.8863263668E+02
    1.5500000000E+00   -5.9375000000E-01    5.0000000000E-01    2.8863255058E+02
    1.6500000000E+00   -5.9375000000E-01    5.0000000000E-01    2.8863247051E+02
    1.7500000000E+00   -5.9375000000E-01    5.0000000000E-01    2.8863239621E+02
    1.8500000000E+00   -5.9375000000E-01    5.0000000000E-01    2.8863232743E+02
    1.9500000000E+00   -5.9375000000E-01    5.0000000000E-01    2.8863226389E+02
    2.0500000000E+00   -5.9375000000E-01    5.0000000000E-01    2.8863220535E+02
    2.1500000000E+00   -5.9375000000E-01    5.0000000000E-01    2.8863215154E+02
    2.2500000000E+00   -5.9375000000E-01    5.0000000000E-01    2.8863210220E+02
    2.3500000000E+00   -5.9375000000E-01    5.0000000000E-01    2.8863205709E+02
    2.4500000000E+00   -5.9375000000E-01    5.0000000000E-01    2.8863201595E+02
    2.5500000000E+00   -5.9375000000E-01    5.0000000000E-01    2.8863197856E+02
    2.6500000000E+00   -5.9375000000E-01    5.0000000000E-01    2.8863194468E+02
    2.7500000000E+00   -5.9375000000E-01    5.0000000000E-01    2.8863191408E+02
    2.8500000000E+00   -5.9375000000E-01    5.0000000000E-01    2.8863188657E+02
    2.9500000000E+00   -5.9375000000E-01    5.0000000000E-01    2.8863186194E+02
    3.0500000000E+00   -5.9375000000E-01    5.0000000000E-01    2.8863184000E+02
    3.1500000000E+00   -5.9375000000E-01    5.0000000000E-01    2.8863182058E+02
    3.2500000000E+00   -5.9375000000E-01    5.0000000000E-01    2.8863180351E+02
    3.3500000000E+00   -5.9375000000E-01    5.0000000000E-01    2.8863178866E+02
    3.4500000000E+00   -5.9375000000E-01    5.0000000000E-01    2.8863177588E+02
    3.5500000000E+00   -5.9375000000E-01    5.0000000000E-01    2.8863176505E+02
    3.6500000000E+00   -5.9375000000E-01    5.0000000000E-01    2.8863175607E+02
    3.7500000000E+00   -5.9375000000E-01    5.0000000000E-01    2.8863174885E+02
    3.8500000000E+00   -5.9375000000E-01    5.0000000000E-01    2.8863174331E+02
    3.9500000000E+00   -5.9375000000E-01    5.0000000000E-01    2.8863173938E+02
    4.0500000000E+00   -5.9375000000E-01    5.0000000000E-01    2.8863173703E+02
    4.1500000000E+00   -5.9375000000E-01    5.0000000000E-01    2.8863173621E+02
    4.2500000000E+00   -5.9375000000E-01    5.0000000000E-01    2.8863173692E+02
    4.3500000000E+00   -5.9375000000E-01    5.0000000000E-01    2.8863173913E+02
    4.4500000000E+00   -5.9375000000E-01    5.0000000000E-01    2.8863174287E+02
    4.5500000000E+00   -5.9375000000E-01    5.0000000000E-01    2.8863174816E+02
    4.6500000000E+00   -5.9375000000E-01    5.0000000000E-01    2.8863175504E+02
    4.7500000000E+00   -5.9375000000E-01    5.0000000000E-01    2.8863176354E+02
    4.8500000000E+00   -5.9375000000E-01    5.0000000000E-01    2.8863177375E+02
    4.9500000000E+00   -5.9375000000E-01    5.0000000000E-01    2.8863178572E+02
    5.0500000000E+00   -5.9375000000E-01    5.0000000000E-01    2.8863179955E+02
    5.1500000000E+00   -5.9375000000E-01    5.0000000000E-01    2.8863181534E+02
    5.2500000000E+00   -5.9375000000E-01    5.0000000000E-01    2.8863183319E+02
    5.3500000000E+00   -5.9375000000E-01    5.0000000000E-01    2.8863185323E+02
    5.4500000000E+00   -5.9375000000E-01    5.0000000000E-01    2.8863187557E+02
    5.5500000000E+00   -5.9375000000E-01    5.0000000000E-01    2.8863190036E+02
    5.6500000000E+00   -5.9375000000E-01    5.0000000000E-01    2.8863192774E+02
    5.7500000000E+00   -5.9375000000E-01    5.0000000000E-01    2.8863195786E+02
    5.8500000000E+00   -5.9375000000E-01    5.0000000000E-01    2.8863199088E+02
    5.9500000000E+00   -5.9375000000E-01    5.0000000000E-01    2.8863202696E+02
    6.0500000000E+00   -5.9375000000E-01    5.0000000000E-01    2.8863206627E+02
    6.1500000000E+00   -5.9375000000E-01    5.0000000000E-01    2.8863210897E+02
    6.2500000000E+00   -5.9375000000E-01    5.0000000000E-01    2.8863215523E+02
    6.3500000000E+00   -5.9375000000E-01    5.0000000000E-01    2.8863220523E+02
    6.4500000000E+00   -5.9375000000E-01    5.0000000000E-01    2.8863225914E+02
    6.5500000000E+00   -5.9375000000E-01    5.0000000000E-01    2.8863231712E+02
    6.6500000000E+00   -5.9375000000E-01    5.0000000000E-01    2.8863237933E+02
    6.7500000000E+00   -5.9375000000E-01    5.0000000000E-01    2.8863244595E+02
    6.8500000000E+00   -5.9375000000E-01    5.0000000000E-01    2.8863251712E+02
    6.9500000000E+00   -5.9375000000E-01    5.0000000000E-01    2.8863259298E+02
    7.0500000000E+00   -5.9375000000E-01    5.0000000000E-01    2.8863267367E+02
    7.1500000000E+00   -5.9375000000E-01    5.0000000000E-01    2.8863275932E+02
    7.2500000000E+00   -5.9375000000E-01    5.0000000000E-01    2.8863285003E+02
    7.3500000000E+00   -5.9375000000E-01    5.0000000000E-01    2.8863294589E+02
    7.4500000000E+00   -5.9375000000E-01    5.0000000000E-01    2.8863304697E+02
    7.5500000000E+00   -5.9375000000E-01    5.0000000000E-01    2.8863315330E+02
    7.6500000000E+00   -5.9375000000E-01    5.0000000000E-01    2.8863326489E+02
    7.7500000000E+00   -5.9375000000E-01    5.0000000000E-01    2.8863338170E+02
    7.8500000000E+00   -5.9375000000E-01    5.0000000000E-01    2.8863350368E+02
    7.9500000000E+00   -5.9375000000E-01    5.0000000000E-01    2.8863363186E+02
    5.0000000000E-02   -5.8125000000E-01    5.0000000000E-01    2.8862646783E+02
    1.5000000000E-01   -5.8125000000E-01    5.0000000000E-01    2.8862627990E+02
    2.5000000000E-01   -5.8125000000E-01    5.0000000000E-01    2.8862610084E+02
    3.5000000000E-01   -5.8125000000E-01    5.0000000000E-01    2.8862592962E+02
    4.5000000000E-01   -5.8125000000E-01    5.0000000000E-01    2.8862576626E+02
    5.5000000000E-01   -5.8125000000E-01    5.0000000000E-01    2.8862561073E+02
    6.5000000000E-01   -5.8125000000E-01    5.0000000000E-01    2.8862546298E+02
    7.5000000000E-01   -5.8125000000E-01    5.0000000000E-01    2.8862532293E+02
    8.5000000000E-01   -5.8125000000E-01    5.0000000000E-01    2.8862519045E+02
    9.5000000000E-01   -5.8125000000E-01    5.0000000000E-01    2.8862506539E+02
    1.0500000000E+00   -5.8125000000E-01    5.0000000000E-01    2.8862494759E+02
    1.1500000000E+00   -5.8125000000E-01    5.0000000000E-01    2.8862483685E+02
    1.2500000000E+00   -5.8125000000E-01    5.0000000000E-01    2.8862473297E+02
    1.3500000000E+00   -5.8125000000E-01    5.0000000000E-01    2.8862463573E+02
    1.4500000000E+00   -5.8125000000E-01    5.0000000000E-01    2.8862454491E+02
    1.5500000000E+00   -5.8125000000E-01    5.0000000000E-01    2.8862446025E+02
    1.6500000000E+00   -5.8125000000E-01    5.0000000000E-01    2.8862438152E+02
    1.7500000000E+00   -5.8125000000E-01    5.0000000000E-01    2.8862430847E+02
    1.8500000000E+00   -5.8125000000E-01    5.0000000000E-01    2.8862424083E+02
    1.9500000000E+00   -5.8125000000E-01    5.0000000000E-01    2.8862417836E+02
    2.0500000000E+00   -5.8125000000E-01    5.0000000000E-01    2.8862412080E+02
    2.1500000000E+00   -5.8125000000E-01    5.0000000000E-01    2.8862406788E+02
    2.2500000000E+00   -5.8125000000E-01    5.0000000000E-01    2.8862401937E+02
    2.3500000000E+00   -5.8125000000E-01    5.0000000000E-01    2.8862397501E+02
    2.4500000000E+00   -5.8125000000E-01    5.0000000000E-01    2.8862393456E+02
    2.5500000000E+00   -5.8125000000E-01    5.0000000000E-01    2.8862389779E+02
    2.6500000000E+00   -5.8125000000E-01    5.0000000000E-01    2.8862386447E+02
    2.7500000000E+00   -5.8125000000E-01    5.0000000000E-01    2.8862383439E+02
    2.8500000000E+00   -5.8125000000E-01    5.0000000000E-01    2.8862380734E+02
    2.9500000000E+00   -5.8125000000E-01    5.0000000000E-01    2.8862378311E+02
    3.0500000000E+00   -5.8125000000E-01    5.0000000000E-01    2.8862376154E+02
    3.1500000000E+00   -5.8125000000E-01    5.0000000000E-01    2.8862374244E+02
    3.2500000000E+00   -5.8125000000E-01    5.0000000000E-01    2.8862372566E+02
    3.3500000000E+00   -5.8125000000E-01    5.0000000000E-01    2.8862371106E+02
    3.4500000000E+00   -5.8125000000E-01    5.0000000000E-01    2.8862369849E+02
    3.5500000000E+00   -5.8125000000E-01    5.0000000000E-01    2.8862368784E+02
    3.6500000000E+00   -5.8125000000E-01    5.0000000000E-01    2.8862367901E+02
    3.7500000000E+00   -5.8125000000E-01    5.0000000000E-01    2.8862367191E+02
    3.8500000000E+00   -5.8125000000E-01    5.0000000000E-01    2.8862366646E+02
    3.9500000000E+00   -5.8125000000E-01    5.0000000000E-01    2.8862366260E+02
    4.0500000000E+00   -5.8125000000E-01    5.0000000000E-01    2.8862366028E+02
    4.1500000000E+00   -5.8125000000E-01    5.0000000000E-01    2.8862365948E+02
    4.2500000000E+00   -5.8125000000E-01    5.0000000000E-01    2.8862366017E+02
    4.3500000000E+00   -5.8125000000E-01    5.0000000000E-01    2.8862366235E+02
    4.4500000000E+00   -5.8125000000E-01    5.0000000000E-01    2.8862366603E+02
    4.5500000000E+00   -5.8125000000E-01    5.0000000000E-01    2.8862367123E+02
    4.6500000000E+00   -5.8125000000E-01    5.0000000000E-01    2.8862367799E+02
    4.7500000000E+00   -5.8125000000E-01    5.0000000000E-01    2.8862368636E+02
    4.8500000000E+00   -5.8125000000E-01    5.0000000000E-01    2.8862369639E+02
    4.9500000000E+00   -5.8125000000E-01    5.0000000000E-01    2.8862370816E+02
    5.0500000000E+00   -5.8125000000E-01    5.0000000000E-01    2.8862372177E+02
    5.1500000000E+00   -5.8125000000E-01    5.0000000000E-01    2.8862373729E+02
    5.2500000000E+00   -5.8125000000E-01    5.0000000000E-01    2.8862375484E+02
    5.3500000000E+00   -5.8125000000E-01    5.0000000000E-01    2.8862377454E+02
    5.4500000000E+00   -5.8125000000E-01    5.0000000000E-01    2.8862379651E+02
    5.5500000000E+00   -5.8125000000E-01    5.0000000000E-01    2.8862382089E+02
    5.6500000000E+00   -5.8125000000E-01    5.0000000000E-01    2.8862384781E+02
    5.7500000000E+00   -5.8125000000E-01    5.0000000000E-01    2.8862387743E+02
    5.8500000000E+00   -5.8125000000E-01    5.0000000000E-01    2.8862390990E+02
    5.9500000000E+00   -5.8125000000E-01    5.0000000000E-01    2.8862394538E+02
    6.0500000000E+00   -5.8125000000E-01    5.0000000000E-01    2.8862398403E+02
    6.1500000000E+00   -5.8125000000E-01    5.0000000000E-01    2.8862402601E+02
    6.2500000000E+00   -5.8125000000E-01    5.0000000000E-01    2.8862407150E+02
    6.3500000000E+00   -5.8125000000E-01    5.0000000000E-01    2.8862412067E+02
    6.4500000000E+00   -5.8125000000E-01    5.0000000000E-01    2.8862417367E+02
    6.5500000000E+00   -5.8125000000E-01    5.0000000000E-01    2.8862423068E+02
    6.6500000000E+00   -5.8125000000E-01    5.0000000000E-01    2.8862429186E+02
    6.7500000000E+00   -5.8125000000E-01    5.0000000000E-01    2.8862435736E+02
    6.8500000000E+00   -5.8125000000E-01    5.0000000000E-01    2.8862442733E+02
    6.9500000000E+00   -5.8125000000E-01    5.0000000000E-01    2.8862450192E+02
    7.0500000000E+00   -5.8125000000E-01    5.0000000000E-01    2.8862458126E+02
    7.1500000000E+00   -5.8125000000E-01    5.0000000000E-01    2.8862466547E+02
    7.2500000000E+00   -5.8125000000E-01    5.0000000000E-01    2.8862475465E+02
    7.3500000000E+00   -5.8125000000E-01    5.0000000000E-01    2.8862484889E+02
    7.4500000000E+00   -5.8125000000E-01    5.0000000000E-01    2.8862494826E+02
    7.5500000000E+00   -5.8125000000E-01    5.0000000000E-01    2.8862505279E+02
    7.6500000000E+00   -5.8125000000E-01    5.0000000000E-01    2.8862516249E+02
    7.7500000000E+00   -5.8125000000E-01    5.0000000000E-01    2.8862527733E+02
    7.8500000000E+00   -5.8125000000E-01    5.0000000000E-01    2.8862539725E+02
    7.9500000000E+00   -5.8125000000E-01    5.0000000000E-01    2.8862552327E+02
    5.0000000000E-02   -5.6875000000E-01    5.0000000000E-01    2.8861822247E+02
    1.5000000000E-01   -5.6875000000E-01    5.0000000000E-01    2.8861803781E+02
    2.5000000000E-01   -5.6875000000E-01    5.0000000000E-01    2.8861786186E+02
    3.5000000000E-01   -5.6875000000E-01    5.0000000000E-01    2.8861769362E+02
    4.5000000000E-01   -5.6875000000E-01    5.0000000000E-01    2.8861753310E+02
    5.5000000000E-01   -5.6875000000E-01    5.0000000000E-01    2.8861738027E+02
    6.5000000000E-01   -5.6875000000E-01    5.0000000000E-01    2.8861723509E+02
    7.5000000000E-01   -5.6875000000E-01    5.0000000000E-01    2.8861709747E+02
    8.5000000000E-01   -5.6875000000E-01    5.0000000000E-01    2.8861696728E+02
    9.5000000000E-01   -5.6875000000E-01    5.0000000000E-01    2.8861684439E+02
    1.0500000000E+00   -5.6875000000E-01    5.0000000000E-01    2.8861672863E+02
    1.1500000000E+00   -5.6875000000E-01    5.0000000000E-01    2.8861661980E+02
    1.2500000000E+00   -5.6875000000E-01    5.0000000000E-01    2.8861651772E+02
    1.3500000000E+00   -5.6875000000E-01    5.0000000000E-01    2.8861642217E+02
    1.4500000000E+00   -5.6875000000E-01    5.0000000000E-01    2.8861633291E+02
    1.5500000000E+00   -5.6875000000E-01    5.0000000000E-01    2.8861624972E+02
    1.6500000000E+00   -5.6875000000E-01    5.0000000000E-01    2.8861617235E+02
    1.7500000000E+00   -5.6875000000E-01    5.0000000000E-01    2.8861610055E+02
    1.8500000000E+00   -5.6875000000E-01    5.0000000000E-01    2.8861603408E+02
    1.9500000000E+00   -5.6875000000E-01    5.0000000000E-01    2.8861597269E+02
    2.0500000000E+00   -5.6875000000E-01    5.0000000000E-01    2.8861591612E+02
    2.1500000000E+00   -5.6875000000E-01    5.0000000000E-01    2.8861586412E+02
    2.2500000000E+00   -5.6875000000E-01    5.0000000000E-01    2.8861581644E+02
    2.3500000000E+00   -5.6875000000E-01    5.0000000000E-01    2.8861577285E+02
    2.4500000000E+00   -5.6875000000E-01    5.0000000000E-01    2.8861573309E+02
    2.5500000000E+00   -5.6875000000E-01    5.0000000000E-01    2.8861569696E+02
    2.6500000000E+00   -5.6875000000E-01    5.0000000000E-01    2.8861566421E+02
    2.7500000000E+00   -5.6875000000E-01    5.0000000000E-01    2.8861563465E+02
    2.8500000000E+00   -5.6875000000E-01    5.0000000000E-01    2.8861560806E+02
    2.9500000000E+00   -5.6875000000E-01    5.0000000000E-01    2.8861558425E+02
    3.0500000000E+00   -5.6875000000E-01    5.0000000000E-01    2.8861556305E+02
    3.1500000000E+00   -5.6875000000E-01    5.0000000000E-01    2.8861554428E+02
    3.2500000000E+00   -5.6875000000E-01    5.0000000000E-01    2.8861552779E+02
    3.3500000000E+00   -5.6875000000E-01    5.0000000000E-01    2.8861551343E+02
    3.4500000000E+00   -5.6875000000E-01    5.0000000000E-01    2.8861550108E+02
    3.5500000000E+00   -5.6875000000E-01    5.0000000000E-01    2.8861549062E+02
    3.6500000000E+00   -5.6875000000E-01    5.0000000000E-01    2.8861548194E+02
    3.7500000000E+00   -5.6875000000E-01    5.0000000000E-01    2.8861547496E+02
    3.8500000000E+00   -5.6875000000E-01    5.0000000000E-01    2.8861546960E+02
    3.9500000000E+00   -5.6875000000E-01    5.0000000000E-01    2.8861546581E+02
    4.0500000000E+00   -5.6875000000E-01    5.0000000000E-01    2.8861546354E+02
    4.1500000000E+00   -5.6875000000E-01    5.0000000000E-01    2.8861546275E+02
    4.2500000000E+00   -5.6875000000E-01    5.0000000000E-01    2.8861546343E+02
    4.3500000000E+00   -5.6875000000E-01    5.0000000000E-01    2.8861546557E+02
    4.4500000000E+00   -5.6875000000E-01    5.0000000000E-01    2.8861546918E+02
    4.5500000000E+00   -5.6875000000E-01    5.0000000000E-01    2.8861547429E+02
    4.6500000000E+00   -5.6875000000E-01    5.0000000000E-01    2.8861548094E+02
    4.7500000000E+00   -5.6875000000E-01    5.0000000000E-01    2.8861548916E+02
    4.8500000000E+00   -5.6875000000E-01    5.0000000000E-01    2.8861549902E+02
    4.9500000000E+00   -5.6875000000E-01    5.0000000000E-01    2.8861551059E+02
    5.0500000000E+00   -5.6875000000E-01    5.0000000000E-01    2.8861552396E+02
    5.1500000000E+00   -5.6875000000E-01    5.0000000000E-01    2.8861553922E+02
    5.2500000000E+00   -5.6875000000E-01    5.0000000000E-01    2.8861555647E+02
    5.3500000000E+00   -5.6875000000E-01    5.0000000000E-01    2.8861557583E+02
    5.4500000000E+00   -5.6875000000E-01    5.0000000000E-01    2.8861559742E+02
    5.5500000000E+00   -5.6875000000E-01    5.0000000000E-01    2.8861562138E+02
    5.6500000000E+00   -5.6875000000E-01    5.0000000000E-01    2.8861564784E+02
    5.7500000000E+00   -5.6875000000E-01    5.0000000000E-01    2.8861567694E+02
    5.8500000000E+00   -5.6875000000E-01    5.0000000000E-01    2.8861570885E+02
    5.9500000000E+00   -5.6875000000E-01    5.0000000000E-01    2.8861574372E+02
    6.0500000000E+00   -5.6875000000E-01    5.0000000000E-01    2.8861578170E+02
    6.1500000000E+00   -5.6875000000E-01    5.0000000000E-01    2.8861582296E+02
    6.2500000000E+00   -5.6875000000E-01    5.0000000000E-01    2.8861586767E+02
    6.3500000000E+00   -5.6875000000E-01    5.0000000000E-01    2.8861591598E+02
    6.4500000000E+00   -5.6875000000E-01    5.0000000000E-01    2.8861596807E+02
    6.5500000000E+00   -5.6875000000E-01    5.0000000000E-01    2.8861602409E+02
    6.6500000000E+00   -5.6875000000E-01    5.0000000000E-01    2.8861608421E+02
    6.7500000000E+00   -5.6875000000E-01    5.0000000000E-01    2.8861614858E+02
    6.8500000000E+00   -5.6875000000E-01    5.0000000000E-01    2.8861621734E+02
    6.9500000000E+00   -5.6875000000E-01    5.0000000000E-01    2.8861629064E+02
    7.0500000000E+00   -5.6875000000E-01    5.0000000000E-01    2.8861636860E+02
    7.1500000000E+00   -5.6875000000E-01    5.0000000000E-01    2.8861645135E+02
    7.2500000000E+00   -5.6875000000E-01    5.0000000000E-01    2.8861653898E+02
    7.3500000000E+00   -5.6875000000E-01    5.0000000000E-01    2.8861663159E+02
    7.4500000000E+00   -5.6875000000E-01    5.0000000000E-01    2.8861672923E+02
    7.5500000000E+00   -5.6875000000E-01    5.0000000000E-01    2.8861683194E+02
    7.6500000000E+00   -5.6875000000E-01    5.0000000000E-01    2.8861693972E+02
    7.7500000000E+00   -5.6875000000E-01    5.0000000000E-01    2.8861705255E+02
    7.8500000000E+00   -5.6875000000E-01    5.0000000000E-01    2.8861717038E+02
    7.9500000000E+00   -5.6875000000E-01    5.0000000000E-01    2.8861729421E+02
    5.0000000000E-02   -5.5625000000E-01    5.0000000000E-01    2.8860985853E+02
    1.5000000000E-01   -5.5625000000E-01    5.0000000000E-01    2.8860967717E+02
    2.5000000000E-01   -5.5625000000E-01    5.0000000000E-01    2.8860950438E+02
    3.5000000000E-01   -5.5625000000E-01    5.0000000000E-01    2.8860933916E+02
    4.5000000000E-01   -5.5625000000E-01    5.0000000000E-01    2.8860918151E+02
    5.5000000000E-01   -5.5625000000E-01    5.0000000000E-01    2.8860903143E+02
    6.5000000000E-01   -5.5625000000E-01    5.0000000000E-01    2.8860888885E+02
    7.5000000000E-01   -5.5625000000E-01    5.0000000000E-01    2.8860875369E+02
    8.5000000000E-01   -5.5625000000E-01    5.0000000000E-01    2.8860862584E+02
    9.5000000000E-01   -5.5625000000E-01    5.0000000000E-01    2.8860850514E+02
    1.0500000000E+00   -5.5625000000E-01    5.0000000000E-01    2.8860839145E+02
    1.1500000000E+00   -5.5625000000E-01    5.0000000000E-01    2.8860828457E+02
    1.2500000000E+00   -5.5625000000E-01    5.0000000000E-01    2.8860818431E+02
    1.3500000000E+00   -5.5625000000E-01    5.0000000000E-01    2.8860809046E+02
    1.4500000000E+00   -5.5625000000E-01    5.0000000000E-01    2.8860800279E+02
    1.5500000000E+00   -5.5625000000E-01    5.0000000000E-01    2.8860792108E+02
    1.6500000000E+00   -5.5625000000E-01    5.0000000000E-01    2.8860784509E+02
    1.7500000000E+00   -5.5625000000E-01    5.0000000000E-01    2.8860777458E+02
    1.8500000000E+00   -5.5625000000E-01    5.0000000000E-01    2.8860770930E+02
    1.9500000000E+00   -5.5625000000E-01    5.0000000000E-01    2.8860764900E+02
    2.0500000000E+00   -5.5625000000E-01    5.0000000000E-01    2.8860759343E+02
    2.1500000000E+00   -5.5625000000E-01    5.0000000000E-01    2.8860754235E+02
    2.2500000000E+00   -5.5625000000E-01    5.0000000000E-01    2.8860749553E+02
    2.3500000000E+00   -5.5625000000E-01    5.0000000000E-01    2.8860745271E+02
    2.4500000000E+00   -5.5625000000E-01    5.0000000000E-01    2.8860741366E+02
    2.5500000000E+00   -5.5625000000E-01    5.0000000000E-01    2.8860737817E+02
    2.6500000000E+00   -5.5625000000E-01    5.0000000000E-01    2.8860734601E+02
    2.7500000000E+00   -5.5625000000E-01    5.0000000000E-01    2.8860731697E+02
    2.8500000000E+00   -5.5625000000E-01    5.0000000000E-01    2.8860729085E+02
    2.9500000000E+00   -5.5625000000E-01    5.0000000000E-01    2.8860726747E+02
    3.0500000000E+00   -5.5625000000E-01    5.0000000000E-01    2.8860724664E+02
    3.1500000000E+00   -5.5625000000E-01    5.0000000000E-01    2.8860722821E+02
    3.2500000000E+00   -5.5625000000E-01    5.0000000000E-01    2.8860721201E+02
    3.3500000000E+00   -5.5625000000E-01    5.0000000000E-01    2.8860719791E+02
    3.4500000000E+00   -5.5625000000E-01    5.0000000000E-01    2.8860718577E+02
    3.5500000000E+00   -5.5625000000E-01    5.0000000000E-01    2.8860717550E+02
    3.6500000000E+00   -5.5625000000E-01    5.0000000000E-01    2.8860716697E+02
    3.7500000000E+00   -5.5625000000E-01    5.0000000000E-01    2.8860716011E+02
    3.8500000000E+00   -5.5625000000E-01    5.0000000000E-01    2.8860715485E+02
    3.9500000000E+00   -5.5625000000E-01    5.0000000000E-01    2.8860715113E+02
    4.0500000000E+00   -5.5625000000E-01    5.0000000000E-01    2.8860714889E+02
    4.1500000000E+00   -5.5625000000E-01    5.0000000000E-01    2.8860714812E+02
    4.2500000000E+00   -5.5625000000E-01    5.0000000000E-01    2.8860714878E+02
    4.3500000000E+00   -5.5625000000E-01    5.0000000000E-01    2.8860715089E+02
    4.4500000000E+00   -5.5625000000E-01    5.0000000000E-01    2.8860715444E+02
    4.5500000000E+00   -5.5625000000E-01    5.0000000000E-01    2.8860715946E+02
    4.6500000000E+00   -5.5625000000E-01    5.0000000000E-01    2.8860716599E+02
    4.7500000000E+00   -5.5625000000E-01    5.0000000000E-01    2.8860717406E+02
    4.8500000000E+00   -5.5625000000E-01    5.0000000000E-01    2.8860718375E+02
    4.9500000000E+00   -5.5625000000E-01    5.0000000000E-01    2.8860719511E+02
    5.0500000000E+00   -5.5625000000E-01    5.0000000000E-01    2.8860720824E+02
    5.1500000000E+00   -5.5625000000E-01    5.0000000000E-01    2.8860722323E+02
    5.2500000000E+00   -5.5625000000E-01    5.0000000000E-01    2.8860724017E+02
    5.3500000000E+00   -5.5625000000E-01    5.0000000000E-01    2.8860725919E+02
    5.4500000000E+00   -5.5625000000E-01    5.0000000000E-01    2.8860728040E+02
    5.5500000000E+00   -5.5625000000E-01    5.0000000000E-01    2.8860730393E+02
    5.6500000000E+00   -5.5625000000E-01    5.0000000000E-01    2.8860732992E+02
    5.7500000000E+00   -5.5625000000E-01    5.0000000000E-01    2.8860735851E+02
    5.8500000000E+00   -5.5625000000E-01    5.0000000000E-01    2.8860738985E+02
    5.9500000000E+00   -5.5625000000E-01    5.0000000000E-01    2.8860742409E+02
    6.0500000000E+00   -5.5625000000E-01    5.0000000000E-01    2.8860746140E+02
    6.1500000000E+00   -5.5625000000E-01    5.0000000000E-01    2.8860750192E+02
    6.2500000000E+00   -5.5625000000E-01    5.0000000000E-01    2.8860754583E+02
    6.3500000000E+00   -5.5625000000E-01    5.0000000000E-01    2.8860759328E+02
    6.4500000000E+00   -5.5625000000E-01    5.0000000000E-01    2.8860764444E+02
    6.5500000000E+00   -5.5625000000E-01    5.0000000000E-01    2.8860769947E+02
    6.6500000000E+00   -5.5625000000E-01    5.0000000000E-01    2.8860775851E+02
    6.7500000000E+00   -5.5625000000E-01    5.0000000000E-01    2.8860782173E+02
    6.8500000000E+00   -5.5625000000E-01    5.0000000000E-01    2.8860788927E+02
    6.9500000000E+00   -5.5625000000E-01    5.0000000000E-01    2.8860796125E+02
    7.0500000000E+00   -5.5625000000E-01    5.0000000000E-01    2.8860803782E+02
    7.1500000000E+00   -5.5625000000E-01    5.0000000000E-01    2.8860811909E+02
    7.2500000000E+00   -5.5625000000E-01    5.0000000000E-01    2.8860820515E+02
    7.3500000000E+00   -5.5625000000E-01    5.0000000000E-01    2.8860829609E+02
    7.4500000000E+00   -5.5625000000E-01    5.0000000000E-01    2.8860839198E+02
    7.5500000000E+00   -5.5625000000E-01    5.0000000000E-01    2.8860849284E+02
    7.6500000000E+00   -5.5625000000E-01    5.0000000000E-01    2.8860859868E+02
    7.7500000000E+00   -5.5625000000E-01    5.0000000000E-01    2.8860870948E+02
    7.8500000000E+00   -5.5625000000E-01    5.0000000000E-01    2.8860882519E+02
    7.9500000000E+00   -5.5625000000E-01    5.0000000000E-01    2.8860894679E+02
    5.0000000000E-02   -5.4375000000E-01    5.0000000000E-01    2.8860137815E+02
    1.5000000000E-01   -5.4375000000E-01    5.0000000000E-01    2.8860120014E+02
    2.5000000000E-01   -5.4375000000E-01    5.0000000000E-01    2.8860103055E+02
    3.5000000000E-01   -5.4375000000E-01    5.0000000000E-01    2.8860086839E+02
    4.5000000000E-01   -5.4375000000E-01    5.0000000000E-01    2.8860071366E+02
    5.5000000000E-01   -5.4375000000E-01    5.0000000000E-01    2.8860056636E+02
    6.5000000000E-01   -5.4375000000E-01    5.0000000000E-01    2.8860042642E+02
    7.5000000000E-01   -5.4375000000E-01    5.0000000000E-01    2.8860029376E+02
    8.5000000000E-01   -5.4375000000E-01    5.0000000000E-01    2.8860016826E+02
    9.5000000000E-01   -5.4375000000E-01    5.0000000000E-01    2.8860004980E+02
    1.0500000000E+00   -5.4375000000E-01    5.0000000000E-01    2.8859993820E+02
    1.1500000000E+00   -5.4375000000E-01    5.0000000000E-01    2.8859983329E+02
    1.2500000000E+00   -5.4375000000E-01    5.0000000000E-01    2.8859973488E+02
    1.3500000000E+00   -5.4375000000E-01    5.0000000000E-01    2.8859964276E+02
    1.4500000000E+00   -5.4375000000E-01    5.0000000000E-01    2.8859955671E+02
    1.5500000000E+00   -5.4375000000E-01    5.0000000000E-01    2.8859947650E+02
    1.6500000000E+00   -5.4375000000E-01    5.0000000000E-01    2.8859940191E+02
    1.7500000000E+00   -5.4375000000E-01    5.0000000000E-01    2.8859933269E+02
    1.8500000000E+00   -5.4375000000E-01    5.0000000000E-01    2.8859926861E+02
    1.9500000000E+00   -5.4375000000E-01    5.0000000000E-01    2.8859920942E+02
    2.0500000000E+00   -5.4375000000E-01    5.0000000000E-01    2.8859915488E+02
    2.1500000000E+00   -5.4375000000E-01    5.0000000000E-01    2.8859910474E+02
    2.2500000000E+00   -5.4375000000E-01    5.0000000000E-01    2.8859905877E+02
    2.3500000000E+00   -5.4375000000E-01    5.0000000000E-01    2.8859901674E+02
    2.4500000000E+00   -5.4375000000E-01    5.0000000000E-01    2.8859897841E+02
    2.5500000000E+00   -5.4375000000E-01    5.0000000000E-01    2.8859894357E+02
    2.6500000000E+00   -5.4375000000E-01    5.0000000000E-01    2.8859891200E+02
    2.7500000000E+00   -5.4375000000E-01    5.0000000000E-01    2.8859888349E+02
    2.8500000000E+00   -5.4375000000E-01    5.0000000000E-01    2.8859885786E+02
    2.9500000000E+00   -5.4375000000E-01    5.0000000000E-01    2.8859883490E+02
    3.0500000000E+00   -5.4375000000E-01    5.0000000000E-01    2.8859881446E+02
    3.1500000000E+00   -5.4375000000E-01    5.0000000000E-01    2.8859879636E+02
    3.2500000000E+00   -5.4375000000E-01    5.0000000000E-01    2.8859878046E+02
    3.3500000000E+00   -5.4375000000E-01    5.0000000000E-01    2.8859876662E+02
    3.4500000000E+00   -5.4375000000E-01    5.0000000000E-01    2.8859875471E+02
    3.5500000000E+00   -5.4375000000E-01    5.0000000000E-01    2.8859874462E+02
    3.6500000000E+00   -5.4375000000E-01    5.0000000000E-01    2.8859873625E+02
    3.7500000000E+00   -5.4375000000E-01    5.0000000000E-01    2.8859872952E+02
    3.8500000000E+00   -5.4375000000E-01    5.0000000000E-01    2.8859872435E+02
    3.9500000000E+00   -5.4375000000E-01    5.0000000000E-01    2.8859872069E+02
    4.0500000000E+00   -5.4375000000E-01    5.0000000000E-01    2.8859871850E+02
    4.1500000000E+00   -5.4375000000E-01    5.0000000000E-01    2.8859871774E+02
    4.2500000000E+00   -5.4375000000E-01    5.0000000000E-01    2.8859871839E+02
    4.3500000000E+00   -5.4375000000E-01    5.0000000000E-01    2.8859872046E+02
    4.4500000000E+00   -5.4375000000E-01    5.0000000000E-01    2.8859872395E+02
    4.5500000000E+00   -5.4375000000E-01    5.0000000000E-01    2.8859872887E+02
    4.6500000000E+00   -5.4375000000E-01    5.0000000000E-01    2.8859873528E+02
    4.7500000000E+00   -5.4375000000E-01    5.0000000000E-01    2.8859874320E+02
    4.8500000000E+00   -5.4375000000E-01    5.0000000000E-01    2.8859875271E+02
    4.9500000000E+00   -5.4375000000E-01    5.0000000000E-01    2.8859876387E+02
    5.0500000000E+00   -5.4375000000E-01    5.0000000000E-01    2.8859877676E+02
    5.1500000000E+00   -5.4375000000E-01    5.0000000000E-01    2.8859879147E+02
    5.2500000000E+00   -5.4375000000E-01    5.0000000000E-01    2.8859880810E+02
    5.3500000000E+00   -5.4375000000E-01    5.0000000000E-01    2.8859882677E+02
    5.4500000000E+00   -5.4375000000E-01    5.0000000000E-01    2.8859884759E+02
    5.5500000000E+00   -5.4375000000E-01    5.0000000000E-01    2.8859887069E+02
    5.6500000000E+00   -5.4375000000E-01    5.0000000000E-01    2.8859889620E+02
    5.7500000000E+00   -5.4375000000E-01    5.0000000000E-01    2.8859892426E+02
    5.8500000000E+00   -5.4375000000E-01    5.0000000000E-01    2.8859895503E+02
    5.9500000000E+00   -5.4375000000E-01    5.0000000000E-01    2.8859898864E+02
    6.0500000000E+00   -5.4375000000E-01    5.0000000000E-01    2.8859902526E+02
    6.1500000000E+00   -5.4375000000E-01    5.0000000000E-01    2.8859906504E+02
    6.2500000000E+00   -5.4375000000E-01    5.0000000000E-01    2.8859910814E+02
    6.3500000000E+00   -5.4375000000E-01    5.0000000000E-01    2.8859915472E+02
    6.4500000000E+00   -5.4375000000E-01    5.0000000000E-01    2.8859920494E+02
    6.5500000000E+00   -5.4375000000E-01    5.0000000000E-01    2.8859925895E+02
    6.6500000000E+00   -5.4375000000E-01    5.0000000000E-01    2.8859931691E+02
    6.7500000000E+00   -5.4375000000E-01    5.0000000000E-01    2.8859937896E+02
    6.8500000000E+00   -5.4375000000E-01    5.0000000000E-01    2.8859944525E+02
    6.9500000000E+00   -5.4375000000E-01    5.0000000000E-01    2.8859951591E+02
    7.0500000000E+00   -5.4375000000E-01    5.0000000000E-01    2.8859959107E+02
    7.1500000000E+00   -5.4375000000E-01    5.0000000000E-01    2.8859967083E+02
    7.2500000000E+00   -5.4375000000E-01    5.0000000000E-01    2.8859975530E+02
    7.3500000000E+00   -5.4375000000E-01    5.0000000000E-01    2.8859984456E+02
    7.4500000000E+00   -5.4375000000E-01    5.0000000000E-01    2.8859993866E+02
    7.5500000000E+00   -5.4375000000E-01    5.0000000000E-01    2.8860003765E+02
    7.6500000000E+00   -5.4375000000E-01    5.0000000000E-01    2.8860014152E+02
    7.7500000000E+00   -5.4375000000E-01    5.0000000000E-01    2.8860025027E+02
    7.8500000000E+00   -5.4375000000E-01    5.0000000000E-01    2.8860036382E+02
    7.9500000000E+00   -5.4375000000E-01    5.0000000000E-01    2.8860048318E+02
    5.0000000000E-02   -5.3125000000E-01    5.0000000000E-01    2.8859278352E+02
    1.5000000000E-01   -5.3125000000E-01    5.0000000000E-01    2.8859260891E+02
    2.5000000000E-01   -5.3125000000E-01    5.0000000000E-01    2.8859244255E+02
    3.5000000000E-01   -5.3125000000E-01    5.0000000000E-01    2.8859228349E+02
    4.5000000000E-01   -5.3125000000E-01    5.0000000000E-01    2.8859213173E+02
    5.5000000000E-01   -5.3125000000E-01    5.0000000000E-01    2.8859198724E+02
    6.5000000000E-01   -5.3125000000E-01    5.0000000000E-01    2.8859184997E+02
    7.5000000000E-01   -5.3125000000E-01    5.0000000000E-01    2.8859171984E+02
    8.5000000000E-01   -5.3125000000E-01    5.0000000000E-01    2.8859159674E+02
    9.5000000000E-01   -5.3125000000E-01    5.0000000000E-01    2.8859148053E+02
    1.0500000000E+00   -5.3125000000E-01    5.0000000000E-01    2.8859137106E+02
    1.1500000000E+00   -5.3125000000E-01    5.0000000000E-01    2.8859126815E+02
    1.2500000000E+00   -5.3125000000E-01    5.0000000000E-01    2.8859117161E+02
    1.3500000000E+00   -5.3125000000E-01    5.0000000000E-01    2.8859108124E+02
    1.4500000000E+00   -5.3125000000E-01    5.0000000000E-01    2.8859099683E+02
    1.5500000000E+00   -5.3125000000E-01    5.0000000000E-01    2.8859091815E+02
    1.6500000000E+00   -5.3125000000E-01    5.0000000000E-01    2.8859084497E+02
    1.7500000000E+00   -5.3125000000E-01    5.0000000000E-01    2.8859077707E+02
    1.8500000000E+00   -5.3125000000E-01    5.0000000000E-01    2.8859071421E+02
    1.9500000000E+00   -5.3125000000E-01    5.0000000000E-01    2.8859065614E+02
    2.0500000000E+00   -5.3125000000E-01    5.0000000000E-01    2.8859060263E+02
    2.1500000000E+00   -5.3125000000E-01    5.0000000000E-01    2.8859055345E+02
    2.2500000000E+00   -5.3125000000E-01    5.0000000000E-01    2.8859050835E+02
    2.3500000000E+00   -5.3125000000E-01    5.0000000000E-01    2.8859046712E+02
    2.4500000000E+00   -5.3125000000E-01    5.0000000000E-01    2.8859042952E+02
    2.5500000000E+00   -5.3125000000E-01    5.0000000000E-01    2.8859039534E+02
    2.6500000000E+00   -5.3125000000E-01    5.0000000000E-01    2.8859036436E+02
    2.7500000000E+00   -5.3125000000E-01    5.0000000000E-01    2.8859033640E+02
    2.8500000000E+00   -5.3125000000E-01    5.0000000000E-01    2.8859031125E+02
    2.9500000000E+00   -5.3125000000E-01    5.0000000000E-01    2.8859028873E+02
    3.0500000000E+00   -5.3125000000E-01    5.0000000000E-01    2.8859026867E+02
    3.1500000000E+00   -5.3125000000E-01    5.0000000000E-01    2.8859025092E+02
    3.2500000000E+00   -5.3125000000E-01    5.0000000000E-01    2.8859023532E+02
    3.3500000000E+00   -5.3125000000E-01    5.0000000000E-01    2.8859022173E+02
    3.4500000000E+00   -5.3125000000E-01    5.0000000000E-01    2.8859021005E+02
    3.5500000000E+00   -5.3125000000E-01    5.0000000000E-01    2.8859020015E+02
    3.6500000000E+00   -5.3125000000E-01    5.0000000000E-01    2.8859019194E+02
    3.7500000000E+00   -5.3125000000E-01    5.0000000000E-01    2.8859018534E+02
    3.8500000000E+00   -5.3125000000E-01    5.0000000000E-01    2.8859018027E+02
    3.9500000000E+00   -5.3125000000E-01    5.0000000000E-01    2.8859017668E+02
    4.0500000000E+00   -5.3125000000E-01    5.0000000000E-01    2.8859017453E+02
    4.1500000000E+00   -5.3125000000E-01    5.0000000000E-01    2.8859017378E+02
    4.2500000000E+00   -5.3125000000E-01    5.0000000000E-01    2.8859017442E+02
    4.3500000000E+00   -5.3125000000E-01    5.0000000000E-01    2.8859017645E+02
    4.4500000000E+00   -5.3125000000E-01    5.0000000000E-01    2.8859017987E+02
    4.5500000000E+00   -5.3125000000E-01    5.0000000000E-01    2.8859018470E+02
    4.6500000000E+00   -5.3125000000E-01    5.0000000000E-01    2.8859019099E+02
    4.7500000000E+00   -5.3125000000E-01    5.0000000000E-01    2.8859019876E+02
    4.8500000000E+00   -5.3125000000E-01    5.0000000000E-01    2.8859020809E+02
    4.9500000000E+00   -5.3125000000E-01    5.0000000000E-01    2.8859021904E+02
    5.0500000000E+00   -5.3125000000E-01    5.0000000000E-01    2.8859023168E+02
    5.1500000000E+00   -5.3125000000E-01    5.0000000000E-01    2.8859024611E+02
    5.2500000000E+00   -5.3125000000E-01    5.0000000000E-01    2.8859026243E+02
    5.3500000000E+00   -5.3125000000E-01    5.0000000000E-01    2.8859028074E+02
    5.4500000000E+00   -5.3125000000E-01    5.0000000000E-01    2.8859030117E+02
    5.5500000000E+00   -5.3125000000E-01    5.0000000000E-01    2.8859032383E+02
    5.6500000000E+00   -5.3125000000E-01    5.0000000000E-01    2.8859034886E+02
    5.7500000000E+00   -5.3125000000E-01    5.0000000000E-01    2.8859037639E+02
    5.8500000000E+00   -5.3125000000E-01    5.0000000000E-01    2.8859040657E+02
    5.9500000000E+00   -5.3125000000E-01    5.0000000000E-01    2.8859043954E+02
    6.0500000000E+00   -5.3125000000E-01    5.0000000000E-01    2.8859047547E+02
    6.1500000000E+00   -5.3125000000E-01    5.0000000000E-01    2.8859051449E+02
    6.2500000000E+00   -5.3125000000E-01    5.0000000000E-01    2.8859055678E+02
    6.3500000000E+00   -5.3125000000E-01    5.0000000000E-01    2.8859060247E+02
    6.4500000000E+00   -5.3125000000E-01    5.0000000000E-01    2.8859065173E+02
    6.5500000000E+00   -5.3125000000E-01    5.0000000000E-01    2.8859070472E+02
    6.6500000000E+00   -5.3125000000E-01    5.0000000000E-01    2.8859076157E+02
    6.7500000000E+00   -5.3125000000E-01    5.0000000000E-01    2.8859082244E+02
    6.8500000000E+00   -5.3125000000E-01    5.0000000000E-01    2.8859088747E+02
    6.9500000000E+00   -5.3125000000E-01    5.0000000000E-01    2.8859095678E+02
    7.0500000000E+00   -5.3125000000E-01    5.0000000000E-01    2.8859103051E+02
    7.1500000000E+00   -5.3125000000E-01    5.0000000000E-01    2.8859110875E+02
    7.2500000000E+00   -5.3125000000E-01    5.0000000000E-01    2.8859119161E+02
    7.3500000000E+00   -5.3125000000E-01    5.0000000000E-01    2.8859127916E+02
    7.4500000000E+00   -5.3125000000E-01    5.0000000000E-01    2.8859137146E+02
    7.5500000000E+00   -5.3125000000E-01    5.0000000000E-01    2.8859146855E+02
    7.6500000000E+00   -5.3125000000E-01    5.0000000000E-01    2.8859157043E+02
    7.7500000000E+00   -5.3125000000E-01    5.0000000000E-01    2.8859167709E+02
    7.8500000000E+00   -5.3125000000E-01    5.0000000000E-01    2.8859178847E+02
    7.9500000000E+00   -5.3125000000E-01    5.0000000000E-01    2.8859190554E+02
    5.0000000000E-02   -5.1875000000E-01    5.0000000000E-01    2.8858407685E+02
    1.5000000000E-01   -5.1875000000E-01    5.0000000000E-01    2.8858390568E+02
    2.5000000000E-01   -5.1875000000E-01    5.0000000000E-01    2.8858374261E+02
    3.5000000000E-01   -5.1875000000E-01    5.0000000000E-01    2.8858358669E+02
    4.5000000000E-01   -5.1875000000E-01    5.0000000000E-01    2.8858343792E+02
    5.5000000000E-01   -5.1875000000E-01    5.0000000000E-01    2.8858329628E+02
    6.5000000000E-01   -5.1875000000E-01    5.0000000000E-01    2.8858316172E+02
    7.5000000000E-01   -5.1875000000E-01    5.0000000000E-01    2.8858303415E+02
    8.5000000000E-01   -5.1875000000E-01    5.0000000000E-01    2.8858291347E+02
    9.5000000000E-01   -5.1875000000E-01    5.0000000000E-01    2.8858279955E+02
    1.0500000000E+00   -5.1875000000E-01    5.0000000000E-01    2.8858269223E+02
    1.1500000000E+00   -5.1875000000E-01    5.0000000000E-01    2.8858259135E+02
    1.2500000000E+00   -5.1875000000E-01    5.0000000000E-01    2.8858249671E+02
    1.3500000000E+00   -5.1875000000E-01    5.0000000000E-01    2.8858240811E+02
    1.4500000000E+00   -5.1875000000E-01    5.0000000000E-01    2.8858232536E+02
    1.5500000000E+00   -5.1875000000E-01    5.0000000000E-01    2.8858224822E+02
    1.6500000000E+00   -5.1875000000E-01    5.0000000000E-01    2.8858217648E+02
    1.7500000000E+00   -5.1875000000E-01    5.0000000000E-01    2.8858210991E+02
    1.8500000000E+00   -5.1875000000E-01    5.0000000000E-01    2.8858204828E+02
    1.9500000000E+00   -5.1875000000E-01    5.0000000000E-01    2.8858199135E+02
    2.0500000000E+00   -5.1875000000E-01    5.0000000000E-01    2.8858193889E+02
    2.1500000000E+00   -5.1875000000E-01    5.0000000000E-01    2.8858189067E+02
    2.2500000000E+00   -5.1875000000E-01    5.0000000000E-01    2.8858184646E+02
    2.3500000000E+00   -5.1875000000E-01    5.0000000000E-01    2.8858180604E+02
    2.4500000000E+00   -5.1875000000E-01    5.0000000000E-01    2.8858176917E+02
    2.5500000000E+00   -5.1875000000E-01    5.0000000000E-01    2.8858173566E+02
    2.6500000000E+00   -5.1875000000E-01    5.0000000000E-01    2.8858170530E+02
    2.7500000000E+00   -5.1875000000E-01    5.0000000000E-01    2.8858167788E+02
    2.8500000000E+00   -5.1875000000E-01    5.0000000000E-01    2.8858165322E+02
    2.9500000000E+00   -5.1875000000E-01    5.0000000000E-01    2.8858163114E+02
    3.0500000000E+00   -5.1875000000E-01    5.0000000000E-01    2.8858161148E+02
    3.1500000000E+00   -5.1875000000E-01    5.0000000000E-01    2.8858159407E+02
    3.2500000000E+00   -5.1875000000E-01    5.0000000000E-01    2.8858157877E+02
    3.3500000000E+00   -5.1875000000E-01    5.0000000000E-01    2.8858156546E+02
    3.4500000000E+00   -5.1875000000E-01    5.0000000000E-01    2.8858155400E+02
    3.5500000000E+00   -5.1875000000E-01    5.0000000000E-01    2.8858154429E+02
    3.6500000000E+00   -5.1875000000E-01    5.0000000000E-01    2.8858153625E+02
    3.7500000000E+00   -5.1875000000E-01    5.0000000000E-01    2.8858152977E+02
    3.8500000000E+00   -5.1875000000E-01    5.0000000000E-01    2.8858152480E+02
    3.9500000000E+00   -5.1875000000E-01    5.0000000000E-01    2.8858152128E+02
    4.0500000000E+00   -5.1875000000E-01    5.0000000000E-01    2.8858151917E+02
    4.1500000000E+00   -5.1875000000E-01    5.0000000000E-01    2.8858151844E+02
    4.2500000000E+00   -5.1875000000E-01    5.0000000000E-01    2.8858151907E+02
    4.3500000000E+00   -5.1875000000E-01    5.0000000000E-01    2.8858152106E+02
    4.4500000000E+00   -5.1875000000E-01    5.0000000000E-01    2.8858152441E+02
    4.5500000000E+00   -5.1875000000E-01    5.0000000000E-01    2.8858152915E+02
    4.6500000000E+00   -5.1875000000E-01    5.0000000000E-01    2.8858153531E+02
    4.7500000000E+00   -5.1875000000E-01    5.0000000000E-01    2.8858154293E+02
    4.8500000000E+00   -5.1875000000E-01    5.0000000000E-01    2.8858155208E+02
    4.9500000000E+00   -5.1875000000E-01    5.0000000000E-01    2.8858156281E+02
    5.0500000000E+00   -5.1875000000E-01    5.0000000000E-01    2.8858157521E+02
    5.1500000000E+00   -5.1875000000E-01    5.0000000000E-01    2.8858158936E+02
    5.2500000000E+00   -5.1875000000E-01    5.0000000000E-01    2.8858160536E+02
    5.3500000000E+00   -5.1875000000E-01    5.0000000000E-01    2.8858162331E+02
    5.4500000000E+00   -5.1875000000E-01    5.0000000000E-01    2.8858164334E+02
    5.5500000000E+00   -5.1875000000E-01    5.0000000000E-01    2.8858166555E+02
    5.6500000000E+00   -5.1875000000E-01    5.0000000000E-01    2.8858169009E+02
    5.7500000000E+00   -5.1875000000E-01    5.0000000000E-01    2.8858171708E+02
    5.8500000000E+00   -5.1875000000E-01    5.0000000000E-01    2.8858174667E+02
    5.9500000000E+00   -5.1875000000E-01    5.0000000000E-01    2.8858177900E+02
    6.0500000000E+00   -5.1875000000E-01    5.0000000000E-01    2.8858181422E+02
    6.1500000000E+00   -5.1875000000E-01    5.0000000000E-01    2.8858185248E+02
    6.2500000000E+00   -5.1875000000E-01    5.0000000000E-01    2.8858189393E+02
    6.3500000000E+00   -5.1875000000E-01    5.0000000000E-01    2.8858193873E+02
    6.4500000000E+00   -5.1875000000E-01    5.0000000000E-01    2.8858198702E+02
    6.5500000000E+00   -5.1875000000E-01    5.0000000000E-01    2.8858203897E+02
    6.6500000000E+00   -5.1875000000E-01    5.0000000000E-01    2.8858209471E+02
    6.7500000000E+00   -5.1875000000E-01    5.0000000000E-01    2.8858215438E+02
    6.8500000000E+00   -5.1875000000E-01    5.0000000000E-01    2.8858221813E+02
    6.9500000000E+00   -5.1875000000E-01    5.0000000000E-01    2.8858228608E+02
    7.0500000000E+00   -5.1875000000E-01    5.0000000000E-01    2.8858235835E+02
    7.1500000000E+00   -5.1875000000E-01    5.0000000000E-01    2.8858243505E+02
    7.2500000000E+00   -5.1875000000E-01    5.0000000000E-01    2.8858251627E+02
    7.3500000000E+00   -5.1875000000E-01    5.0000000000E-01    2.8858260209E+02
    7.4500000000E+00   -5.1875000000E-01    5.0000000000E-01    2.8858269257E+02
    7.5500000000E+00   -5.1875000000E-01    5.0000000000E-01    2.8858278774E+02
    7.6500000000E+00   -5.1875000000E-01    5.0000000000E-01    2.8858288761E+02
    7.7500000000E+00   -5.1875000000E-01    5.0000000000E-01    2.8858299215E+02
    7.8500000000E+00   -5.1875000000E-01    5.0000000000E-01    2.8858310133E+02
    7.9500000000E+00   -5.1875000000E-01    5.0000000000E-01    2.8858321610E+02
    5.0000000000E-02   -5.0625000000E-01    5.0000000000E-01    2.8857526039E+02
    1.5000000000E-01   -5.0625000000E-01    5.0000000000E-01    2.8857509269E+02
    2.5000000000E-01   -5.0625000000E-01    5.0000000000E-01    2.8857493294E+02
    3.5000000000E-01   -5.0625000000E-01    5.0000000000E-01    2.8857478020E+02
    4.5000000000E-01   -5.0625000000E-01    5.0000000000E-01    2.8857463447E+02
    5.5000000000E-01   -5.0625000000E-01    5.0000000000E-01    2.8857449571E+02
    6.5000000000E-01   -5.0625000000E-01    5.0000000000E-01    2.8857436389E+02
    7.5000000000E-01   -5.0625000000E-01    5.0000000000E-01    2.8857423892E+02
    8.5000000000E-01   -5.0625000000E-01    5.0000000000E-01    2.8857412070E+02
    9.5000000000E-01   -5.0625000000E-01    5.0000000000E-01    2.8857400910E+02
    1.0500000000E+00   -5.0625000000E-01    5.0000000000E-01    2.8857390396E+02
    1.1500000000E+00   -5.0625000000E-01    5.0000000000E-01    2.8857380512E+02
    1.2500000000E+00   -5.0625000000E-01    5.0000000000E-01    2.8857371240E+02
    1.3500000000E+00   -5.0625000000E-01    5.0000000000E-01    2.8857362560E+02
    1.4500000000E+00   -5.0625000000E-01    5.0000000000E-01    2.8857354452E+02
    1.5500000000E+00   -5.0625000000E-01    5.0000000000E-01    2.8857346895E+02
    1.6500000000E+00   -5.0625000000E-01    5.0000000000E-01    2.8857339867E+02
    1.7500000000E+00   -5.0625000000E-01    5.0000000000E-01    2.8857333345E+02
    1.8500000000E+00   -5.0625000000E-01    5.0000000000E-01    2.8857327307E+02
    1.9500000000E+00   -5.0625000000E-01    5.0000000000E-01    2.8857321729E+02
    2.0500000000E+00   -5.0625000000E-01    5.0000000000E-01    2.8857316590E+02
    2.1500000000E+00   -5.0625000000E-01    5.0000000000E-01    2.8857311865E+02
    2.2500000000E+00   -5.0625000000E-01    5.0000000000E-01    2.8857307534E+02
    2.3500000000E+00   -5.0625000000E-01    5.0000000000E-01    2.8857303573E+02
    2.4500000000E+00   -5.0625000000E-01    5.0000000000E-01    2.8857299961E+02
    2.5500000000E+00   -5.0625000000E-01    5.0000000000E-01    2.8857296678E+02
    2.6500000000E+00   -5.0625000000E-01    5.0000000000E-01    2.8857293703E+02
    2.7500000000E+00   -5.0625000000E-01    5.0000000000E-01    2.8857291017E+02
    2.8500000000E+00   -5.0625000000E-01    5.0000000000E-01    2.8857288601E+02
    2.9500000000E+00   -5.0625000000E-01    5.0000000000E-01    2.8857286437E+02
    3.0500000000E+00   -5.0625000000E-01    5.0000000000E-01    2.8857284511E+02
    3.1500000000E+00   -5.0625000000E-01    5.0000000000E-01    2.8857282805E+02
    3.2500000000E+00   -5.0625000000E-01    5.0000000000E-01    2.8857281306E+02
    3.3500000000E+00   -5.0625000000E-01    5.0000000000E-01    2.8857280002E+02
    3.4500000000E+00   -5.0625000000E-01    5.0000000000E-01    2.8857278879E+02
    3.5500000000E+00   -5.0625000000E-01    5.0000000000E-01    2.8857277928E+02
    3.6500000000E+00   -5.0625000000E-01    5.0000000000E-01    2.8857277140E+02
    3.7500000000E+00   -5.0625000000E-01    5.0000000000E-01    2.8857276505E+02
    3.8500000000E+00   -5.0625000000E-01    5.0000000000E-01    2.8857276018E+02
    3.9500000000E+00   -5.0625000000E-01    5.0000000000E-01    2.8857275674E+02
    4.0500000000E+00   -5.0625000000E-01    5.0000000000E-01    2.8857275467E+02
    4.1500000000E+00   -5.0625000000E-01    5.0000000000E-01    2.8857275395E+02
    4.2500000000E+00   -5.0625000000E-01    5.0000000000E-01    2.8857275457E+02
    4.3500000000E+00   -5.0625000000E-01    5.0000000000E-01    2.8857275651E+02
    4.4500000000E+00   -5.0625000000E-01    5.0000000000E-01    2.8857275980E+02
    4.5500000000E+00   -5.0625000000E-01    5.0000000000E-01    2.8857276444E+02
    4.6500000000E+00   -5.0625000000E-01    5.0000000000E-01    2.8857277048E+02
    4.7500000000E+00   -5.0625000000E-01    5.0000000000E-01    2.8857277795E+02
    4.8500000000E+00   -5.0625000000E-01    5.0000000000E-01    2.8857278691E+02
    4.9500000000E+00   -5.0625000000E-01    5.0000000000E-01    2.8857279742E+02
    5.0500000000E+00   -5.0625000000E-01    5.0000000000E-01    2.8857280957E+02
    5.1500000000E+00   -5.0625000000E-01    5.0000000000E-01    2.8857282343E+02
    5.2500000000E+00   -5.0625000000E-01    5.0000000000E-01    2.8857283911E+02
    5.3500000000E+00   -5.0625000000E-01    5.0000000000E-01    2.8857285670E+02
    5.4500000000E+00   -5.0625000000E-01    5.0000000000E-01    2.8857287632E+02
    5.5500000000E+00   -5.0625000000E-01    5.0000000000E-01    2.8857289808E+02
    5.6500000000E+00   -5.0625000000E-01    5.0000000000E-01    2.8857292212E+02
    5.7500000000E+00   -5.0625000000E-01    5.0000000000E-01    2.8857294857E+02
    5.8500000000E+00   -5.0625000000E-01    5.0000000000E-01    2.8857297756E+02
    5.9500000000E+00   -5.0625000000E-01    5.0000000000E-01    2.8857300923E+02
    6.0500000000E+00   -5.0625000000E-01    5.0000000000E-01    2.8857304374E+02
    6.1500000000E+00   -5.0625000000E-01    5.0000000000E-01    2.8857308122E+02
    6.2500000000E+00   -5.0625000000E-01    5.0000000000E-01    2.8857312184E+02
    6.3500000000E+00   -5.0625000000E-01    5.0000000000E-01    2.8857316573E+02
    6.4500000000E+00   -5.0625000000E-01    5.0000000000E-01    2.8857321304E+02
    6.5500000000E+00   -5.0625000000E-01    5.0000000000E-01    2.8857326393E+02
    6.6500000000E+00   -5.0625000000E-01    5.0000000000E-01    2.8857331854E+02
    6.7500000000E+00   -5.0625000000E-01    5.0000000000E-01    2.8857337700E+02
    6.8500000000E+00   -5.0625000000E-01    5.0000000000E-01    2.8857343945E+02
    6.9500000000E+00   -5.0625000000E-01    5.0000000000E-01    2.8857350602E+02
    7.0500000000E+00   -5.0625000000E-01    5.0000000000E-01    2.8857357683E+02
    7.1500000000E+00   -5.0625000000E-01    5.0000000000E-01    2.8857365196E+02
    7.2500000000E+00   -5.0625000000E-01    5.0000000000E-01    2.8857373153E+02
    7.3500000000E+00   -5.0625000000E-01    5.0000000000E-01    2.8857381560E+02
    7.4500000000E+00   -5.0625000000E-01    5.0000000000E-01    2.8857390424E+02
    7.5500000000E+00   -5.0625000000E-01    5.0000000000E-01    2.8857399746E+02
    7.6500000000E+00   -5.0625000000E-01    5.0000000000E-01    2.8857409528E+02
    7.7500000000E+00   -5.0625000000E-01    5.0000000000E-01    2.8857419769E+02
    7.8500000000E+00   -5.0625000000E-01    5.0000000000E-01    2.8857430464E+02
    7.9500000000E+00   -5.0625000000E-01    5.0000000000E-01    2.8857441707E+02
    5.0000000000E-02   -4.9375000000E-01    5.0000000000E-01    2.8856633639E+02
    1.5000000000E-01   -4.9375000000E-01    5.0000000000E-01    2.8856617222E+02
    2.5000000000E-01   -4.9375000000E-01    5.0000000000E-01    2.8856601584E+02
    3.5000000000E-01   -4.9375000000E-01    5.0000000000E-01    2.8856586631E+02
    4.5000000000E-01   -4.9375000000E-01    5.0000000000E-01    2.8856572364E+02
    5.5000000000E-01   -4.9375000000E-01    5.0000000000E-01    2.8856558781E+02
    6.5000000000E-01   -4.9375000000E-01    5.0000000000E-01    2.8856545876E+02
    7.5000000000E-01   -4.9375000000E-01    5.0000000000E-01    2.8856533642E+02
    8.5000000000E-01   -4.9375000000E-01    5.0000000000E-01    2.8856522068E+02
    9.5000000000E-01   -4.9375000000E-01    5.0000000000E-01    2.8856511142E+02
    1.0500000000E+00   -4.9375000000E-01    5.0000000000E-01    2.8856500849E+02
    1.1500000000E+00   -4.9375000000E-01    5.0000000000E-01    2.8856491172E+02
    1.2500000000E+00   -4.9375000000E-01    5.0000000000E-01    2.8856482095E+02
    1.3500000000E+00   -4.9375000000E-01    5.0000000000E-01    2.8856473597E+02
    1.4500000000E+00   -4.9375000000E-01    5.0000000000E-01    2.8856465659E+02
    1.5500000000E+00   -4.9375000000E-01    5.0000000000E-01    2.8856458261E+02
    1.6500000000E+00   -4.9375000000E-01    5.0000000000E-01    2.8856451380E+02
    1.7500000000E+00   -4.9375000000E-01    5.0000000000E-01    2.8856444994E+02
    1.8500000000E+00   -4.9375000000E-01    5.0000000000E-01    2.8856439083E+02
    1.9500000000E+00   -4.9375000000E-01    5.0000000000E-01    2.8856433622E+02
    2.0500000000E+00   -4.9375000000E-01    5.0000000000E-01    2.8856428590E+02
    2.1500000000E+00   -4.9375000000E-01    5.0000000000E-01    2.8856423964E+02
    2.2500000000E+00   -4.9375000000E-01    5.0000000000E-01    2.8856419723E+02
    2.3500000000E+00   -4.9375000000E-01    5.0000000000E-01    2.8856415846E+02
    2.4500000000E+00   -4.9375000000E-01    5.0000000000E-01    2.8856412309E+02
    2.5500000000E+00   -4.9375000000E-01    5.0000000000E-01    2.8856409095E+02
    2.6500000000E+00   -4.9375000000E-01    5.0000000000E-01    2.8856406182E+02
    2.7500000000E+00   -4.9375000000E-01    5.0000000000E-01    2.8856403552E+02
    2.8500000000E+00   -4.9375000000E-01    5.0000000000E-01    2.8856401186E+02
    2.9500000000E+00   -4.9375000000E-01    5.0000000000E-01    2.8856399068E+02
    3.0500000000E+00   -4.9375000000E-01    5.0000000000E-01    2.8856397182E+02
    3.1500000000E+00   -4.9375000000E-01    5.0000000000E-01    2.8856395512E+02
    3.2500000000E+00   -4.9375000000E-01    5.0000000000E-01    2.8856394044E+02
    3.3500000000E+00   -4.9375000000E-01    5.0000000000E-01    2.8856392767E+02
    3.4500000000E+00   -4.9375000000E-01    5.0000000000E-01    2.8856391668E+02
    3.5500000000E+00   -4.9375000000E-01    5.0000000000E-01    2.8856390737E+02
    3.6500000000E+00   -4.9375000000E-01    5.0000000000E-01    2.8856389964E+02
    3.7500000000E+00   -4.9375000000E-01    5.0000000000E-01    2.8856389343E+02
    3.8500000000E+00   -4.9375000000E-01    5.0000000000E-01    2.8856388867E+02
    3.9500000000E+00   -4.9375000000E-01    5.0000000000E-01    2.8856388529E+02
    4.0500000000E+00   -4.9375000000E-01    5.0000000000E-01    2.8856388327E+02
    4.1500000000E+00   -4.9375000000E-01    5.0000000000E-01    2.8856388256E+02
    4.2500000000E+00   -4.9375000000E-01    5.0000000000E-01    2.8856388317E+02
    4.3500000000E+00   -4.9375000000E-01    5.0000000000E-01    2.8856388507E+02
    4.4500000000E+00   -4.9375000000E-01    5.0000000000E-01    2.8856388829E+02
    4.5500000000E+00   -4.9375000000E-01    5.0000000000E-01    2.8856389284E+02
    4.6500000000E+00   -4.9375000000E-01    5.0000000000E-01    2.8856389875E+02
    4.7500000000E+00   -4.9375000000E-01    5.0000000000E-01    2.8856390606E+02
    4.8500000000E+00   -4.9375000000E-01    5.0000000000E-01    2.8856391483E+02
    4.9500000000E+00   -4.9375000000E-01    5.0000000000E-01    2.8856392513E+02
    5.0500000000E+00   -4.9375000000E-01    5.0000000000E-01    2.8856393702E+02
    5.1500000000E+00   -4.9375000000E-01    5.0000000000E-01    2.8856395059E+02
    5.2500000000E+00   -4.9375000000E-01    5.0000000000E-01    2.8856396594E+02
    5.3500000000E+00   -4.9375000000E-01    5.0000000000E-01    2.8856398316E+02
    5.4500000000E+00   -4.9375000000E-01    5.0000000000E-01    2.8856400237E+02
    5.5500000000E+00   -4.9375000000E-01    5.0000000000E-01    2.8856402368E+02
    5.6500000000E+00   -4.9375000000E-01    5.0000000000E-01    2.8856404722E+02
    5.7500000000E+00   -4.9375000000E-01    5.0000000000E-01    2.8856407311E+02
    5.8500000000E+00   -4.9375000000E-01    5.0000000000E-01    2.8856410149E+02
    5.9500000000E+00   -4.9375000000E-01    5.0000000000E-01    2.8856413251E+02
    6.0500000000E+00   -4.9375000000E-01    5.0000000000E-01    2.8856416629E+02
    6.1500000000E+00   -4.9375000000E-01    5.0000000000E-01    2.8856420299E+02
    6.2500000000E+00   -4.9375000000E-01    5.0000000000E-01    2.8856424275E+02
    6.3500000000E+00   -4.9375000000E-01    5.0000000000E-01    2.8856428572E+02
    6.4500000000E+00   -4.9375000000E-01    5.0000000000E-01    2.8856433204E+02
    6.5500000000E+00   -4.9375000000E-01    5.0000000000E-01    2.8856438187E+02
    6.6500000000E+00   -4.9375000000E-01    5.0000000000E-01    2.8856443533E+02
    6.7500000000E+00   -4.9375000000E-01    5.0000000000E-01    2.8856449257E+02
    6.8500000000E+00   -4.9375000000E-01    5.0000000000E-01    2.8856455371E+02
    6.9500000000E+00   -4.9375000000E-01    5.0000000000E-01    2.8856461888E+02
    7.0500000000E+00   -4.9375000000E-01    5.0000000000E-01    2.8856468819E+02
    7.1500000000E+00   -4.9375000000E-01    5.0000000000E-01    2.8856476175E+02
    7.2500000000E+00   -4.9375000000E-01    5.0000000000E-01    2.8856483965E+02
    7.3500000000E+00   -4.9375000000E-01    5.0000000000E-01    2.8856492195E+02
    7.4500000000E+00   -4.9375000000E-01    5.0000000000E-01    2.8856500871E+02
    7.5500000000E+00   -4.9375000000E-01    5.0000000000E-01    2.8856509997E+02
    7.6500000000E+00   -4.9375000000E-01    5.0000000000E-01    2.8856519573E+02
    7.7500000000E+00   -4.9375000000E-01    5.0000000000E-01    2.8856529597E+02
    7.8500000000E+00   -4.9375000000E-01    5.0000000000E-01    2.8856540067E+02
    7.9500000000E+00   -4.9375000000E-01    5.0000000000E-01    2.8856551074E+02
    5.0000000000E-02   -4.8125000000E-01    5.0000000000E-01    2.8855730717E+02
    1.5000000000E-01   -4.8125000000E-01    5.0000000000E-01    2.8855714656E+02
    2.5000000000E-01   -4.8125000000E-01    5.0000000000E-01    2.8855699358E+02
    3.5000000000E-01   -4.8125000000E-01    5.0000000000E-01    2.8855684730E+02
    4.5000000000E-01   -4.8125000000E-01    5.0000000000E-01    2.8855670774E+02
    5.5000000000E-01   -4.8125000000E-01    5.0000000000E-01    2.8855657486E+02
    6.5000000000E-01   -4.8125000000E-01    5.0000000000E-01    2.8855644862E+02
    7.5000000000E-01   -4.8125000000E-01    5.0000000000E-01    2.8855632893E+02
    8.5000000000E-01   -4.8125000000E-01    5.0000000000E-01    2.8855621571E+02
    9.5000000000E-01   -4.8125000000E-01    5.0000000000E-01    2.8855610882E+02
    1.0500000000E+00   -4.8125000000E-01    5.0000000000E-01    2.8855600812E+02
    1.1500000000E+00   -4.8125000000E-01    5.0000000000E-01    2.8855591345E+02
    1.2500000000E+00   -4.8125000000E-01    5.0000000000E-01    2.8855582464E+02
    1.3500000000E+00   -4.8125000000E-01    5.0000000000E-01    2.8855574151E+02
    1.4500000000E+00   -4.8125000000E-01    5.0000000000E-01    2.8855566385E+02
    1.5500000000E+00   -4.8125000000E-01    5.0000000000E-01    2.8855559147E+02
    1.6500000000E+00   -4.8125000000E-01    5.0000000000E-01    2.8855552415E+02
    1.7500000000E+00   -4.8125000000E-01    5.0000000000E-01    2.8855546168E+02
    1.8500000000E+00   -4.8125000000E-01    5.0000000000E-01    2.8855540384E+02
    1.9500000000E+00   -4.8125000000E-01    5.0000000000E-01    2.8855535041E+02
    2.0500000000E+00   -4.8125000000E-01    5.0000000000E-01    2.8855530118E+02
    2.1500000000E+00   -4.8125000000E-01    5.0000000000E-01    2.8855525593E+02
    2.2500000000E+00   -4.8125000000E-01    5.0000000000E-01    2.8855521444E+02
    2.3500000000E+00   -4.8125000000E-01    5.0000000000E-01    2.8855517649E+02
    2.4500000000E+00   -4.8125000000E-01    5.0000000000E-01    2.8855514190E+02
    2.5500000000E+00   -4.8125000000E-01    5.0000000000E-01    2.8855511045E+02
    2.6500000000E+00   -4.8125000000E-01    5.0000000000E-01    2.8855508195E+02
    2.7500000000E+00   -4.8125000000E-01    5.0000000000E-01    2.8855505621E+02
    2.8500000000E+00   -4.8125000000E-01    5.0000000000E-01    2.8855503307E+02
    2.9500000000E+00   -4.8125000000E-01    5.0000000000E-01    2.8855501235E+02
    3.0500000000E+00   -4.8125000000E-01    5.0000000000E-01    2.8855499389E+02
    3.1500000000E+00   -4.8125000000E-01    5.0000000000E-01    2.8855497755E+02
    3.2500000000E+00   -4.8125000000E-01    5.0000000000E-01    2.8855496319E+02
    3.3500000000E+00   -4.8125000000E-01    5.0000000000E-01    2.8855495070E+02
    3.4500000000E+00   -4.8125000000E-01    5.0000000000E-01    2.8855493994E+02
    3.5500000000E+00   -4.8125000000E-01    5.0000000000E-01    2.8855493083E+02
    3.6500000000E+00   -4.8125000000E-01    5.0000000000E-01    2.8855492327E+02
    3.7500000000E+00   -4.8125000000E-01    5.0000000000E-01    2.8855491720E+02
    3.8500000000E+00   -4.8125000000E-01    5.0000000000E-01    2.8855491253E+02
    3.9500000000E+00   -4.8125000000E-01    5.0000000000E-01    2.8855490923E+02
    4.0500000000E+00   -4.8125000000E-01    5.0000000000E-01    2.8855490725E+02
    4.1500000000E+00   -4.8125000000E-01    5.0000000000E-01    2.8855490656E+02
    4.2500000000E+00   -4.8125000000E-01    5.0000000000E-01    2.8855490715E+02
    4.3500000000E+00   -4.8125000000E-01    5.0000000000E-01    2.8855490902E+02
    4.4500000000E+00   -4.8125000000E-01    5.0000000000E-01    2.8855491216E+02
    4.5500000000E+00   -4.8125000000E-01    5.0000000000E-01    2.8855491661E+02
    4.6500000000E+00   -4.8125000000E-01    5.0000000000E-01    2.8855492239E+02
    4.7500000000E+00   -4.8125000000E-01    5.0000000000E-01    2.8855492955E+02
    4.8500000000E+00   -4.8125000000E-01    5.0000000000E-01    2.8855493813E+02
    4.9500000000E+00   -4.8125000000E-01    5.0000000000E-01    2.8855494821E+02
    5.0500000000E+00   -4.8125000000E-01    5.0000000000E-01    2.8855495984E+02
    5.1500000000E+00   -4.8125000000E-01    5.0000000000E-01    2.8855497312E+02
    5.2500000000E+00   -4.8125000000E-01    5.0000000000E-01    2.8855498814E+02
    5.3500000000E+00   -4.8125000000E-01    5.0000000000E-01    2.8855500499E+02
    5.4500000000E+00   -4.8125000000E-01    5.0000000000E-01    2.8855502378E+02
    5.5500000000E+00   -4.8125000000E-01    5.0000000000E-01    2.8855504463E+02
    5.6500000000E+00   -4.8125000000E-01    5.0000000000E-01    2.8855506766E+02
    5.7500000000E+00   -4.8125000000E-01    5.0000000000E-01    2.8855509299E+02
    5.8500000000E+00   -4.8125000000E-01    5.0000000000E-01    2.8855512076E+02
    5.9500000000E+00   -4.8125000000E-01    5.0000000000E-01    2.8855515110E+02
    6.0500000000E+00   -4.8125000000E-01    5.0000000000E-01    2.8855518415E+02
    6.1500000000E+00   -4.8125000000E-01    5.0000000000E-01    2.8855522006E+02
    6.2500000000E+00   -4.8125000000E-01    5.0000000000E-01    2.8855525896E+02
    6.3500000000E+00   -4.8125000000E-01    5.0000000000E-01    2.8855530100E+02
    6.4500000000E+00   -4.8125000000E-01    5.0000000000E-01    2.8855534632E+02
    6.5500000000E+00   -4.8125000000E-01    5.0000000000E-01    2.8855539506E+02
    6.6500000000E+00   -4.8125000000E-01    5.0000000000E-01    2.8855544737E+02
    6.7500000000E+00   -4.8125000000E-01    5.0000000000E-01    2.8855550336E+02
    6.8500000000E+00   -4.8125000000E-01    5.0000000000E-01    2.8855556318E+02
    6.9500000000E+00   -4.8125000000E-01    5.0000000000E-01    2.8855562694E+02
    7.0500000000E+00   -4.8125000000E-01    5.0000000000E-01    2.8855569475E+02
    7.1500000000E+00   -4.8125000000E-01    5.0000000000E-01    2.8855576671E+02
    7.2500000000E+00   -4.8125000000E-01    5.0000000000E-01    2.8855584291E+02
    7.3500000000E+00   -4.8125000000E-01    5.0000000000E-01    2.8855592342E+02
    7.4500000000E+00   -4.8125000000E-01    5.0000000000E-01    2.8855600829E+02
    7.5500000000E+00   -4.8125000000E-01    5.0000000000E-01    2.8855609756E+02
    7.6500000000E+00   -4.8125000000E-01    5.0000000000E-01    2.8855619123E+02
    7.7500000000E+00   -4.8125000000E-01    5.0000000000E-01    2.8855628929E+02
    7.8500000000E+00   -4.8125000000E-01    5.0000000000E-01    2.8855639171E+02
    7.9500000000E+00   -4.8125000000E-01    5.0000000000E-01    2.8855649938E+02
    5.0000000000E-02   -4.6875000000E-01    5.0000000000E-01    2.8854817503E+02
    1.5000000000E-01   -4.6875000000E-01    5.0000000000E-01    2.8854801803E+02
    2.5000000000E-01   -4.6875000000E-01    5.0000000000E-01    2.8854786848E+02
    3.5000000000E-01   -4.6875000000E-01    5.0000000000E-01    2.8854772550E+02
    4.5000000000E-01   -4.6875000000E-01    5.0000000000E-01    2.8854758907E+02
    5.5000000000E-01   -4.6875000000E-01    5.0000000000E-01    2.8854745918E+02
    6.5000000000E-01   -4.6875000000E-01    5.0000000000E-01    2.8854733577E+02
    7.5000000000E-01   -4.6875000000E-01    5.0000000000E-01    2.8854721878E+02
    8.5000000000E-01   -4.6875000000E-01    5.0000000000E-01    2.8854710809E+02
    9.5000000000E-01   -4.6875000000E-01    5.0000000000E-01    2.8854700360E+02
    1.0500000000E+00   -4.6875000000E-01    5.0000000000E-01    2.8854690516E+02
    1.1500000000E+00   -4.6875000000E-01    5.0000000000E-01    2.8854681262E+02
    1.2500000000E+00   -4.6875000000E-01    5.0000000000E-01    2.8854672580E+02
    1.3500000000E+00   -4.6875000000E-01    5.0000000000E-01    2.8854664453E+02
    1.4500000000E+00   -4.6875000000E-01    5.0000000000E-01    2.8854656861E+02
    1.5500000000E+00   -4.6875000000E-01    5.0000000000E-01    2.8854649785E+02
    1.6500000000E+00   -4.6875000000E-01    5.0000000000E-01    2.8854643203E+02
    1.7500000000E+00   -4.6875000000E-01    5.0000000000E-01    2.8854637096E+02
    1.8500000000E+00   -4.6875000000E-01    5.0000000000E-01    2.8854631442E+02
    1.9500000000E+00   -4.6875000000E-01    5.0000000000E-01    2.8854626219E+02
    2.0500000000E+00   -4.6875000000E-01    5.0000000000E-01    2.8854621406E+02
    2.1500000000E+00   -4.6875000000E-01    5.0000000000E-01    2.8854616982E+02
    2.2500000000E+00   -4.6875000000E-01    5.0000000000E-01    2.8854612925E+02
    2.3500000000E+00   -4.6875000000E-01    5.0000000000E-01    2.8854609216E+02
    2.4500000000E+00   -4.6875000000E-01    5.0000000000E-01    2.8854605834E+02
    2.5500000000E+00   -4.6875000000E-01    5.0000000000E-01    2.8854602759E+02
    2.6500000000E+00   -4.6875000000E-01    5.0000000000E-01    2.8854599972E+02
    2.7500000000E+00   -4.6875000000E-01    5.0000000000E-01    2.8854597457E+02
    2.8500000000E+00   -4.6875000000E-01    5.0000000000E-01    2.8854595194E+02
    2.9500000000E+00   -4.6875000000E-01    5.0000000000E-01    2.8854593168E+02
    3.0500000000E+00   -4.6875000000E-01    5.0000000000E-01    2.8854591363E+02
    3.1500000000E+00   -4.6875000000E-01    5.0000000000E-01    2.8854589766E+02
    3.2500000000E+00   -4.6875000000E-01    5.0000000000E-01    2.8854588362E+02
    3.3500000000E+00   -4.6875000000E-01    5.0000000000E-01    2.8854587140E+02
    3.4500000000E+00   -4.6875000000E-01    5.0000000000E-01    2.8854586089E+02
    3.5500000000E+00   -4.6875000000E-01    5.0000000000E-01    2.8854585198E+02
    3.6500000000E+00   -4.6875000000E-01    5.0000000000E-01    2.8854584460E+02
    3.7500000000E+00   -4.6875000000E-01    5.0000000000E-01    2.8854583865E+02
    3.8500000000E+00   -4.6875000000E-01    5.0000000000E-01    2.8854583409E+02
    3.9500000000E+00   -4.6875000000E-01    5.0000000000E-01    2.8854583086E+02
    4.0500000000E+00   -4.6875000000E-01    5.0000000000E-01    2.8854582893E+02
    4.1500000000E+00   -4.6875000000E-01    5.0000000000E-01    2.8854582826E+02
    4.2500000000E+00   -4.6875000000E-01    5.0000000000E-01    2.8854582883E+02
    4.3500000000E+00   -4.6875000000E-01    5.0000000000E-01    2.8854583066E+02
    4.4500000000E+00   -4.6875000000E-01    5.0000000000E-01    2.8854583373E+02
    4.5500000000E+00   -4.6875000000E-01    5.0000000000E-01    2.8854583808E+02
    4.6500000000E+00   -4.6875000000E-01    5.0000000000E-01    2.8854584373E+02
    4.7500000000E+00   -4.6875000000E-01    5.0000000000E-01    2.8854585073E+02
    4.8500000000E+00   -4.6875000000E-01    5.0000000000E-01    2.8854585912E+02
    4.9500000000E+00   -4.6875000000E-01    5.0000000000E-01    2.8854586897E+02
    5.0500000000E+00   -4.6875000000E-01    5.0000000000E-01    2.8854588034E+02
    5.1500000000E+00   -4.6875000000E-01    5.0000000000E-01    2.8854589333E+02
    5.2500000000E+00   -4.6875000000E-01    5.0000000000E-01    2.8854590801E+02
    5.3500000000E+00   -4.6875000000E-01    5.0000000000E-01    2.8854592448E+02
    5.4500000000E+00   -4.6875000000E-01    5.0000000000E-01    2.8854594286E+02
    5.5500000000E+00   -4.6875000000E-01    5.0000000000E-01    2.8854596324E+02
    5.6500000000E+00   -4.6875000000E-01    5.0000000000E-01    2.8854598575E+02
    5.7500000000E+00   -4.6875000000E-01    5.0000000000E-01    2.8854601052E+02
    5.8500000000E+00   -4.6875000000E-01    5.0000000000E-01    2.8854603767E+02
    5.9500000000E+00   -4.6875000000E-01    5.0000000000E-01    2.8854606733E+02
    6.0500000000E+00   -4.6875000000E-01    5.0000000000E-01    2.8854609964E+02
    6.1500000000E+00   -4.6875000000E-01    5.0000000000E-01    2.8854613474E+02
    6.2500000000E+00   -4.6875000000E-01    5.0000000000E-01    2.8854617277E+02
    6.3500000000E+00   -4.6875000000E-01    5.0000000000E-01    2.8854621387E+02
    6.4500000000E+00   -4.6875000000E-01    5.0000000000E-01    2.8854625818E+02
    6.5500000000E+00   -4.6875000000E-01    5.0000000000E-01    2.8854630583E+02
    6.6500000000E+00   -4.6875000000E-01    5.0000000000E-01    2.8854635696E+02
    6.7500000000E+00   -4.6875000000E-01    5.0000000000E-01    2.8854641170E+02
    6.8500000000E+00   -4.6875000000E-01    5.0000000000E-01    2.8854647018E+02
    6.9500000000E+00   -4.6875000000E-01    5.0000000000E-01    2.8854653250E+02
    7.0500000000E+00   -4.6875000000E-01    5.0000000000E-01    2.8854659879E+02
    7.1500000000E+00   -4.6875000000E-01    5.0000000000E-01    2.8854666914E+02
    7.2500000000E+00   -4.6875000000E-01    5.0000000000E-01    2.8854674362E+02
    7.3500000000E+00   -4.6875000000E-01    5.0000000000E-01    2.8854682232E+02
    7.4500000000E+00   -4.6875000000E-01    5.0000000000E-01    2.8854690529E+02
    7.5500000000E+00   -4.6875000000E-01    5.0000000000E-01    2.8854699254E+02
    7.6500000000E+00   -4.6875000000E-01    5.0000000000E-01    2.8854708410E+02
    7.7500000000E+00   -4.6875000000E-01    5.0000000000E-01    2.8854717995E+02
    7.8500000000E+00   -4.6875000000E-01    5.0000000000E-01    2.8854728007E+02
    7.9500000000E+00   -4.6875000000E-01    5.0000000000E-01    2.8854738532E+02
    5.0000000000E-02   -4.5625000000E-01    5.0000000000E-01    2.8853894234E+02
    1.5000000000E-01   -4.5625000000E-01    5.0000000000E-01    2.8853878898E+02
    2.5000000000E-01   -4.5625000000E-01    5.0000000000E-01    2.8853864291E+02
    3.5000000000E-01   -4.5625000000E-01    5.0000000000E-01    2.8853850325E+02
    4.5000000000E-01   -4.5625000000E-01    5.0000000000E-01    2.8853836999E+02
    5.5000000000E-01   -4.5625000000E-01    5.0000000000E-01    2.8853824312E+02
    6.5000000000E-01   -4.5625000000E-01    5.0000000000E-01    2.8853812258E+02
    7.5000000000E-01   -4.5625000000E-01    5.0000000000E-01    2.8853800830E+02
    8.5000000000E-01   -4.5625000000E-01    5.0000000000E-01    2.8853790018E+02
    9.5000000000E-01   -4.5625000000E-01    5.0000000000E-01    2.8853779812E+02
    1.0500000000E+00   -4.5625000000E-01    5.0000000000E-01    2.8853770196E+02
    1.1500000000E+00   -4.5625000000E-01    5.0000000000E-01    2.8853761156E+02
    1.2500000000E+00   -4.5625000000E-01    5.0000000000E-01    2.8853752676E+02
    1.3500000000E+00   -4.5625000000E-01    5.0000000000E-01    2.8853744737E+02
    1.4500000000E+00   -4.5625000000E-01    5.0000000000E-01    2.8853737321E+02
    1.5500000000E+00   -4.5625000000E-01    5.0000000000E-01    2.8853730408E+02
    1.6500000000E+00   -4.5625000000E-01    5.0000000000E-01    2.8853723979E+02
    1.7500000000E+00   -4.5625000000E-01    5.0000000000E-01    2.8853718014E+02
    1.8500000000E+00   -4.5625000000E-01    5.0000000000E-01    2.8853712490E+02
    1.9500000000E+00   -4.5625000000E-01    5.0000000000E-01    2.8853707388E+02
    2.0500000000E+00   -4.5625000000E-01    5.0000000000E-01    2.8853702686E+02
    2.1500000000E+00   -4.5625000000E-01    5.0000000000E-01    2.8853698365E+02
    2.2500000000E+00   -4.5625000000E-01    5.0000000000E-01    2.8853694402E+02
    2.3500000000E+00   -4.5625000000E-01    5.0000000000E-01    2.8853690779E+02
    2.4500000000E+00   -4.5625000000E-01    5.0000000000E-01    2.8853687475E+02
    2.5500000000E+00   -4.5625000000E-01    5.0000000000E-01    2.8853684471E+02
    2.6500000000E+00   -4.5625000000E-01    5.0000000000E-01    2.8853681749E+02
    2.7500000000E+00   -4.5625000000E-01    5.0000000000E-01    2.8853679291E+02
    2.8500000000E+00   -4.5625000000E-01    5.0000000000E-01    2.8853677081E+02
    2.9500000000E+00   -4.5625000000E-01    5.0000000000E-01    2.8853675102E+02
    3.0500000000E+00   -4.5625000000E-01    5.0000000000E-01    2.8853673339E+02
    3.1500000000E+00   -4.5625000000E-01    5.0000000000E-01    2.8853671778E+02
    3.2500000000E+00   -4.5625000000E-01    5.0000000000E-01    2.8853670407E+02
    3.3500000000E+00   -4.5625000000E-01    5.0000000000E-01    2.8853669213E+02
    3.4500000000E+00   -4.5625000000E-01    5.0000000000E-01    2.8853668186E+02
    3.5500000000E+00   -4.5625000000E-01    5.0000000000E-01    2.8853667316E+02
    3.6500000000E+00   -4.5625000000E-01    5.0000000000E-01    2.8853666594E+02
    3.7500000000E+00   -4.5625000000E-01    5.0000000000E-01    2.8853666014E+02
    3.8500000000E+00   -4.5625000000E-01    5.0000000000E-01    2.8853665568E+02
    3.9500000000E+00   -4.5625000000E-01    5.0000000000E-01    2.8853665253E+02
    4.0500000000E+00   -4.5625000000E-01    5.0000000000E-01    2.8853665064E+02
    4.1500000000E+00   -4.5625000000E-01    5.0000000000E-01    2.8853664998E+02
    4.2500000000E+00   -4.5625000000E-01    5.0000000000E-01    2.8853665054E+02
    4.3500000000E+00   -4.5625000000E-01    5.0000000000E-01    2.8853665232E+02
    4.4500000000E+00   -4.5625000000E-01    5.0000000000E-01    2.8853665533E+02
    4.5500000000E+00   -4.5625000000E-01    5.0000000000E-01    2.8853665958E+02
    4.6500000000E+00   -4.5625000000E-01    5.0000000000E-01    2.8853666510E+02
    4.7500000000E+00   -4.5625000000E-01    5.0000000000E-01    2.8853667193E+02
    4.8500000000E+00   -4.5625000000E-01    5.0000000000E-01    2.8853668013E+02
    4.9500000000E+00   -4.5625000000E-01    5.0000000000E-01    2.8853668975E+02
    5.0500000000E+00   -4.5625000000E-01    5.0000000000E-01    2.8853670086E+02
    5.1500000000E+00   -4.5625000000E-01    5.0000000000E-01    2.8853671355E+02
    5.2500000000E+00   -4.5625000000E-01    5.0000000000E-01    2.8853672789E+02
    5.3500000000E+00   -4.5625000000E-01    5.0000000000E-01    2.8853674398E+02
    5.4500000000E+00   -4.5625000000E-01    5.0000000000E-01    2.8853676193E+02
    5.5500000000E+00   -4.5625000000E-01    5.0000000000E-01    2.8853678184E+02
    5.6500000000E+00   -4.5625000000E-01    5.0000000000E-01    2.8853680384E+02
    5.7500000000E+00   -4.5625000000E-01    5.0000000000E-01    2.8853682803E+02
    5.8500000000E+00   -4.5625000000E-01    5.0000000000E-01    2.8853685455E+02
    5.9500000000E+00   -4.5625000000E-01    5.0000000000E-01    2.8853688352E+02
    6.0500000000E+00   -4.5625000000E-01    5.0000000000E-01    2.8853691509E+02
    6.1500000000E+00   -4.5625000000E-01    5.0000000000E-01    2.8853694938E+02
    6.2500000000E+00   -4.5625000000E-01    5.0000000000E-01    2.8853698653E+02
    6.3500000000E+00   -4.5625000000E-01    5.0000000000E-01    2.8853702667E+02
    6.4500000000E+00   -4.5625000000E-01    5.0000000000E-01    2.8853706995E+02
    6.5500000000E+00   -4.5625000000E-01    5.0000000000E-01    2.8853711650E+02
    6.6500000000E+00   -4.5625000000E-01    5.0000000000E-01    2.8853716645E+02
    6.7500000000E+00   -4.5625000000E-01    5.0000000000E-01    2.8853721992E+02
    6.8500000000E+00   -4.5625000000E-01    5.0000000000E-01    2.8853727704E+02
    6.9500000000E+00   -4.5625000000E-01    5.0000000000E-01    2.8853733792E+02
    7.0500000000E+00   -4.5625000000E-01    5.0000000000E-01    2.8853740267E+02
    7.1500000000E+00   -4.5625000000E-01    5.0000000000E-01    2.8853747138E+02
    7.2500000000E+00   -4.5625000000E-01    5.0000000000E-01    2.8853754414E+02
    7.3500000000E+00   -4.5625000000E-01    5.0000000000E-01    2.8853762101E+02
    7.4500000000E+00   -4.5625000000E-01    5.0000000000E-01    2.8853770204E+02
    7.5500000000E+00   -4.5625000000E-01    5.0000000000E-01    2.8853778726E+02
    7.6500000000E+00   -4.5625000000E-01    5.0000000000E-01    2.8853787669E+02
    7.7500000000E+00   -4.5625000000E-01    5.0000000000E-01    2.8853797031E+02
    7.8500000000E+00   -4.5625000000E-01    5.0000000000E-01    2.8853806809E+02
    7.9500000000E+00   -4.5625000000E-01    5.0000000000E-01    2.8853817090E+02
    5.0000000000E-02   -4.4375000000E-01    5.0000000000E-01    2.8852961146E+02
    1.5000000000E-01   -4.4375000000E-01    5.0000000000E-01    2.8852946178E+02
    2.5000000000E-01   -4.4375000000E-01    5.0000000000E-01    2.8852931922E+02
    3.5000000000E-01   -4.4375000000E-01    5.0000000000E-01    2.8852918291E+02
    4.5000000000E-01   -4.4375000000E-01    5.0000000000E-01    2.8852905286E+02
    5.5000000000E-01   -4.4375000000E-01    5.0000000000E-01    2.8852892904E+02
    6.5000000000E-01   -4.4375000000E-01    5.0000000000E-01    2.8852881140E+02
    7.5000000000E-01   -4.4375000000E-01    5.0000000000E-01    2.8852869987E+02
    8.5000000000E-01   -4.4375000000E-01    5.0000000000E-01    2.8852859435E+02
    9.5000000000E-01   -4.4375000000E-01    5.0000000000E-01    2.8852849473E+02
    1.0500000000E+00   -4.4375000000E-01    5.0000000000E-01    2.8852840088E+02
    1.1500000000E+00   -4.4375000000E-01    5.0000000000E-01    2.8852831265E+02
    1.2500000000E+00   -4.4375000000E-01    5.0000000000E-01    2.8852822988E+02
    1.3500000000E+00   -4.4375000000E-01    5.0000000000E-01    2.8852815239E+02
    1.4500000000E+00   -4.4375000000E-01    5.0000000000E-01    2.8852808001E+02
    1.5500000000E+00   -4.4375000000E-01    5.0000000000E-01    2.8852801254E+02
    1.6500000000E+00   -4.4375000000E-01    5.0000000000E-01    2.8852794979E+02
    1.7500000000E+00   -4.4375000000E-01    5.0000000000E-01    2.8852789157E+02
    1.8500000000E+00   -4.4375000000E-01    5.0000000000E-01    2.8852783765E+02
    1.9500000000E+00   -4.4375000000E-01    5.0000000000E-01    2.8852778785E+02
    2.0500000000E+00   -4.4375000000E-01    5.0000000000E-01    2.8852774196E+02
    2.1500000000E+00   -4.4375000000E-01    5.0000000000E-01    2.8852769978E+02
    2.2500000000E+00   -4.4375000000E-01    5.0000000000E-01    2.8852766110E+02
    2.3500000000E+00   -4.4375000000E-01    5.0000000000E-01    2.8852762574E+02
    2.4500000000E+00   -4.4375000000E-01    5.0000000000E-01    2.8852759349E+02
    2.5500000000E+00   -4.4375000000E-01    5.0000000000E-01    2.8852756417E+02
    2.6500000000E+00   -4.4375000000E-01    5.0000000000E-01    2.8852753760E+02
    2.7500000000E+00   -4.4375000000E-01    5.0000000000E-01    2.8852751361E+02
    2.8500000000E+00   -4.4375000000E-01    5.0000000000E-01    2.8852749203E+02
    2.9500000000E+00   -4.4375000000E-01    5.0000000000E-01    2.8852747272E+02
    3.0500000000E+00   -4.4375000000E-01    5.0000000000E-01    2.8852745551E+02
    3.1500000000E+00   -4.4375000000E-01    5.0000000000E-01    2.8852744028E+02
    3.2500000000E+00   -4.4375000000E-01    5.0000000000E-01    2.8852742689E+02
    3.3500000000E+00   -4.4375000000E-01    5.0000000000E-01    2.8852741524E+02
    3.4500000000E+00   -4.4375000000E-01    5.0000000000E-01    2.8852740521E+02
    3.5500000000E+00   -4.4375000000E-01    5.0000000000E-01    2.8852739672E+02
    3.6500000000E+00   -4.4375000000E-01    5.0000000000E-01    2.8852738968E+02
    3.7500000000E+00   -4.4375000000E-01    5.0000000000E-01    2.8852738401E+02
    3.8500000000E+00   -4.4375000000E-01    5.0000000000E-01    2.8852737966E+02
    3.9500000000E+00   -4.4375000000E-01    5.0000000000E-01    2.8852737658E+02
    4.0500000000E+00   -4.4375000000E-01    5.0000000000E-01    2.8852737473E+02
    4.1500000000E+00   -4.4375000000E-01    5.0000000000E-01    2.8852737409E+02
    4.2500000000E+00   -4.4375000000E-01    5.0000000000E-01    2.8852737464E+02
    4.3500000000E+00   -4.4375000000E-01    5.0000000000E-01    2.8852737638E+02
    4.4500000000E+00   -4.4375000000E-01    5.0000000000E-01    2.8852737931E+02
    4.5500000000E+00   -4.4375000000E-01    5.0000000000E-01    2.8852738346E+02
    4.6500000000E+00   -4.4375000000E-01    5.0000000000E-01    2.8852738885E+02
    4.7500000000E+00   -4.4375000000E-01    5.0000000000E-01    2.8852739552E+02
    4.8500000000E+00   -4.4375000000E-01    5.0000000000E-01    2.8852740352E+02
    4.9500000000E+00   -4.4375000000E-01    5.0000000000E-01    2.8852741291E+02
    5.0500000000E+00   -4.4375000000E-01    5.0000000000E-01    2.8852742376E+02
    5.1500000000E+00   -4.4375000000E-01    5.0000000000E-01    2.8852743614E+02
    5.2500000000E+00   -4.4375000000E-01    5.0000000000E-01    2.8852745014E+02
    5.3500000000E+00   -4.4375000000E-01    5.0000000000E-01    2.8852746585E+02
    5.4500000000E+00   -4.4375000000E-01    5.0000000000E-01    2.8852748337E+02
    5.5500000000E+00   -4.4375000000E-01    5.0000000000E-01    2.8852750280E+02
    5.6500000000E+00   -4.4375000000E-01    5.0000000000E-01    2.8852752427E+02
    5.7500000000E+00   -4.4375000000E-01    5.0000000000E-01    2.8852754788E+02
    5.8500000000E+00   -4.4375000000E-01    5.0000000000E-01    2.8852757377E+02
    5.9500000000E+00   -4.4375000000E-01    5.0000000000E-01    2.8852760205E+02
    6.0500000000E+00   -4.4375000000E-01    5.0000000000E-01    2.8852763286E+02
    6.1500000000E+00   -4.4375000000E-01    5.0000000000E-01    2.8852766633E+02
    6.2500000000E+00   -4.4375000000E-01    5.0000000000E-01    2.8852770259E+02
    6.3500000000E+00   -4.4375000000E-01    5.0000000000E-01    2.8852774177E+02
    6.4500000000E+00   -4.4375000000E-01    5.0000000000E-01    2.8852778401E+02
    6.5500000000E+00   -4.4375000000E-01    5.0000000000E-01    2.8852782945E+02
    6.6500000000E+00   -4.4375000000E-01    5.0000000000E-01    2.8852787819E+02
    6.7500000000E+00   -4.4375000000E-01    5.0000000000E-01    2.8852793038E+02
    6.8500000000E+00   -4.4375000000E-01    5.0000000000E-01    2.8852798613E+02
    6.9500000000E+00   -4.4375000000E-01    5.0000000000E-01    2.8852804555E+02
    7.0500000000E+00   -4.4375000000E-01    5.0000000000E-01    2.8852810875E+02
    7.1500000000E+00   -4.4375000000E-01    5.0000000000E-01    2.8852817581E+02
    7.2500000000E+00   -4.4375000000E-01    5.0000000000E-01    2.8852824681E+02
    7.3500000000E+00   -4.4375000000E-01    5.0000000000E-01    2.8852832183E+02
    7.4500000000E+00   -4.4375000000E-01    5.0000000000E-01    2.8852840092E+02
    7.5500000000E+00   -4.4375000000E-01    5.0000000000E-01    2.8852848409E+02
    7.6500000000E+00   -4.4375000000E-01    5.0000000000E-01    2.8852857136E+02
    7.7500000000E+00   -4.4375000000E-01    5.0000000000E-01    2.8852866272E+02
    7.8500000000E+00   -4.4375000000E-01    5.0000000000E-01    2.8852875815E+02
    7.9500000000E+00   -4.4375000000E-01    5.0000000000E-01    2.8852885849E+02
    5.0000000000E-02   -4.3125000000E-01    5.0000000000E-01    2.8852018478E+02
    1.5000000000E-01   -4.3125000000E-01    5.0000000000E-01    2.8852003883E+02
    2.5000000000E-01   -4.3125000000E-01    5.0000000000E-01    2.8851989981E+02
    3.5000000000E-01   -4.3125000000E-01    5.0000000000E-01    2.8851976690E+02
    4.5000000000E-01   -4.3125000000E-01    5.0000000000E-01    2.8851964009E+02
    5.5000000000E-01   -4.3125000000E-01    5.0000000000E-01    2.8851951934E+02
    6.5000000000E-01   -4.3125000000E-01    5.0000000000E-01    2.8851940463E+02
    7.5000000000E-01   -4.3125000000E-01    5.0000000000E-01    2.8851929587E+02
    8.5000000000E-01   -4.3125000000E-01    5.0000000000E-01    2.8851919297E+02
    9.5000000000E-01   -4.3125000000E-01    5.0000000000E-01    2.8851909583E+02
    1.0500000000E+00   -4.3125000000E-01    5.0000000000E-01    2.8851900431E+02
    1.1500000000E+00   -4.3125000000E-01    5.0000000000E-01    2.8851891827E+02
    1.2500000000E+00   -4.3125000000E-01    5.0000000000E-01    2.8851883756E+02
    1.3500000000E+00   -4.3125000000E-01    5.0000000000E-01    2.8851876199E+02
    1.4500000000E+00   -4.3125000000E-01    5.0000000000E-01    2.8851869141E+02
    1.5500000000E+00   -4.3125000000E-01    5.0000000000E-01    2.8851862561E+02
    1.6500000000E+00   -4.3125000000E-01    5.0000000000E-01    2.8851856442E+02
    1.7500000000E+00   -4.3125000000E-01    5.0000000000E-01    2.8851850764E+02
    1.8500000000E+00   -4.3125000000E-01    5.0000000000E-01    2.8851845506E+02
    1.9500000000E+00   -4.3125000000E-01    5.0000000000E-01    2.8851840650E+02
    2.0500000000E+00   -4.3125000000E-01    5.0000000000E-01    2.8851836174E+02
    2.1500000000E+00   -4.3125000000E-01    5.0000000000E-01    2.8851832061E+02
    2.2500000000E+00   -4.3125000000E-01    5.0000000000E-01    2.8851828289E+02
    2.3500000000E+00   -4.3125000000E-01    5.0000000000E-01    2.8851824840E+02
    2.4500000000E+00   -4.3125000000E-01    5.0000000000E-01    2.8851821695E+02
    2.5500000000E+00   -4.3125000000E-01    5.0000000000E-01    2.8851818835E+02
    2.6500000000E+00   -4.3125000000E-01    5.0000000000E-01    2.8851816244E+02
    2.7500000000E+00   -4.3125000000E-01    5.0000000000E-01    2.8851813905E+02
    2.8500000000E+00   -4.3125000000E-01    5.0000000000E-01    2.8851811801E+02
    2.9500000000E+00   -4.3125000000E-01    5.0000000000E-01    2.8851809917E+02
    3.0500000000E+00   -4.3125000000E-01    5.0000000000E-01    2.8851808238E+02
    3.1500000000E+00   -4.3125000000E-01    5.0000000000E-01    2.8851806753E+02
    3.2500000000E+00   -4.3125000000E-01    5.0000000000E-01    2.8851805448E+02
    3.3500000000E+00   -4.3125000000E-01    5.0000000000E-01    2.8851804311E+02
    3.4500000000E+00   -4.3125000000E-01    5.0000000000E-01    2.8851803333E+02
    3.5500000000E+00   -4.3125000000E-01    5.0000000000E-01    2.8851802505E+02
    3.6500000000E+00   -4.3125000000E-01    5.0000000000E-01    2.8851801818E+02
    3.7500000000E+00   -4.3125000000E-01    5.0000000000E-01    2.8851801265E+02
    3.8500000000E+00   -4.3125000000E-01    5.0000000000E-01    2.8851800841E+02
    3.9500000000E+00   -4.3125000000E-01    5.0000000000E-01    2.8851800541E+02
    4.0500000000E+00   -4.3125000000E-01    5.0000000000E-01    2.8851800361E+02
    4.1500000000E+00   -4.3125000000E-01    5.0000000000E-01    2.8851800298E+02
    4.2500000000E+00   -4.3125000000E-01    5.0000000000E-01    2.8851800352E+02
    4.3500000000E+00   -4.3125000000E-01    5.0000000000E-01    2.8851800521E+02
    4.4500000000E+00   -4.3125000000E-01    5.0000000000E-01    2.8851800807E+02
    4.5500000000E+00   -4.3125000000E-01    5.0000000000E-01    2.8851801212E+02
    4.6500000000E+00   -4.3125000000E-01    5.0000000000E-01    2.8851801738E+02
    4.7500000000E+00   -4.3125000000E-01    5.0000000000E-01    2.8851802388E+02
    4.8500000000E+00   -4.3125000000E-01    5.0000000000E-01    2.8851803168E+02
    4.9500000000E+00   -4.3125000000E-01    5.0000000000E-01    2.8851804084E+02
    5.0500000000E+00   -4.3125000000E-01    5.0000000000E-01    2.8851805142E+02
    5.1500000000E+00   -4.3125000000E-01    5.0000000000E-01    2.8851806349E+02
    5.2500000000E+00   -4.3125000000E-01    5.0000000000E-01    2.8851807715E+02
    5.3500000000E+00   -4.3125000000E-01    5.0000000000E-01    2.8851809246E+02
    5.4500000000E+00   -4.3125000000E-01    5.0000000000E-01    2.8851810955E+02
    5.5500000000E+00   -4.3125000000E-01    5.0000000000E-01    2.8851812850E+02
    5.6500000000E+00   -4.3125000000E-01    5.0000000000E-01    2.8851814944E+02
    5.7500000000E+00   -4.3125000000E-01    5.0000000000E-01    2.8851817247E+02
    5.8500000000E+00   -4.3125000000E-01    5.0000000000E-01    2.8851819771E+02
    5.9500000000E+00   -4.3125000000E-01    5.0000000000E-01    2.8851822529E+02
    6.0500000000E+00   -4.3125000000E-01    5.0000000000E-01    2.8851825534E+02
    6.1500000000E+00   -4.3125000000E-01    5.0000000000E-01    2.8851828797E+02
    6.2500000000E+00   -4.3125000000E-01    5.0000000000E-01    2.8851832333E+02
    6.3500000000E+00   -4.3125000000E-01    5.0000000000E-01    2.8851836155E+02
    6.4500000000E+00   -4.3125000000E-01    5.0000000000E-01    2.8851840274E+02
    6.5500000000E+00   -4.3125000000E-01    5.0000000000E-01    2.8851844705E+02
    6.6500000000E+00   -4.3125000000E-01    5.0000000000E-01    2.8851849459E+02
    6.7500000000E+00   -4.3125000000E-01    5.0000000000E-01    2.8851854548E+02
    6.8500000000E+00   -4.3125000000E-01    5.0000000000E-01    2.8851859985E+02
    6.9500000000E+00   -4.3125000000E-01    5.0000000000E-01    2.8851865779E+02
    7.0500000000E+00   -4.3125000000E-01    5.0000000000E-01    2.8851871941E+02
    7.1500000000E+00   -4.3125000000E-01    5.0000000000E-01    2.8851878481E+02
    7.2500000000E+00   -4.3125000000E-01    5.0000000000E-01    2.8851885405E+02
    7.3500000000E+00   -4.3125000000E-01    5.0000000000E-01    2.8851892720E+02
    7.4500000000E+00   -4.3125000000E-01    5.0000000000E-01    2.8851900431E+02
    7.5500000000E+00   -4.3125000000E-01    5.0000000000E-01    2.8851908541E+02
    7.6500000000E+00   -4.3125000000E-01    5.0000000000E-01    2.8851917050E+02
    7.7500000000E+00   -4.3125000000E-01    5.0000000000E-01    2.8851925959E+02
    7.8500000000E+00   -4.3125000000E-01    5.0000000000E-01    2.8851935264E+02
    7.9500000000E+00   -4.3125000000E-01    5.0000000000E-01    2.8851945049E+02
    5.0000000000E-02   -4.1875000000E-01    5.0000000000E-01    2.8851066475E+02
    1.5000000000E-01   -4.1875000000E-01    5.0000000000E-01    2.8851052255E+02
    2.5000000000E-01   -4.1875000000E-01    5.0000000000E-01    2.8851038711E+02
    3.5000000000E-01   -4.1875000000E-01    5.0000000000E-01    2.8851025762E+02
    4.5000000000E-01   -4.1875000000E-01    5.0000000000E-01    2.8851013408E+02
    5.5000000000E-01   -4.1875000000E-01    5.0000000000E-01    2.8851001645E+02
    6.5000000000E-01   -4.1875000000E-01    5.0000000000E-01    2.8850990469E+02
    7.5000000000E-01   -4.1875000000E-01    5.0000000000E-01    2.8850979873E+02
    8.5000000000E-01   -4.1875000000E-01    5.0000000000E-01    2.8850969848E+02
    9.5000000000E-01   -4.1875000000E-01    5.0000000000E-01    2.8850960384E+02
    1.0500000000E+00   -4.1875000000E-01    5.0000000000E-01    2.8850951467E+02
    1.1500000000E+00   -4.1875000000E-01    5.0000000000E-01    2.8850943085E+02
    1.2500000000E+00   -4.1875000000E-01    5.0000000000E-01    2.8850935220E+02
    1.3500000000E+00   -4.1875000000E-01    5.0000000000E-01    2.8850927858E+02
    1.4500000000E+00   -4.1875000000E-01    5.0000000000E-01    2.8850920981E+02
    1.5500000000E+00   -4.1875000000E-01    5.0000000000E-01    2.8850914571E+02
    1.6500000000E+00   -4.1875000000E-01    5.0000000000E-01    2.8850908609E+02
    1.7500000000E+00   -4.1875000000E-01    5.0000000000E-01    2.8850903076E+02
    1.8500000000E+00   -4.1875000000E-01    5.0000000000E-01    2.8850897954E+02
    1.9500000000E+00   -4.1875000000E-01    5.0000000000E-01    2.8850893222E+02
    2.0500000000E+00   -4.1875000000E-01    5.0000000000E-01    2.8850888862E+02
    2.1500000000E+00   -4.1875000000E-01    5.0000000000E-01    2.8850884853E+02
    2.2500000000E+00   -4.1875000000E-01    5.0000000000E-01    2.8850881178E+02
    2.3500000000E+00   -4.1875000000E-01    5.0000000000E-01    2.8850877818E+02
    2.4500000000E+00   -4.1875000000E-01    5.0000000000E-01    2.8850874753E+02
    2.5500000000E+00   -4.1875000000E-01    5.0000000000E-01    2.8850871967E+02
    2.6500000000E+00   -4.1875000000E-01    5.0000000000E-01    2.8850869443E+02
    2.7500000000E+00   -4.1875000000E-01    5.0000000000E-01    2.8850867163E+02
    2.8500000000E+00   -4.1875000000E-01    5.0000000000E-01    2.8850865113E+02
    2.9500000000E+00   -4.1875000000E-01    5.0000000000E-01    2.8850863277E+02
    3.0500000000E+00   -4.1875000000E-01    5.0000000000E-01    2.8850861642E+02
    3.1500000000E+00   -4.1875000000E-01    5.0000000000E-01    2.8850860195E+02
    3.2500000000E+00   -4.1875000000E-01    5.0000000000E-01    2.8850858923E+02
    3.3500000000E+00   -4.1875000000E-01    5.0000000000E-01    2.8850857816E+02
    3.4500000000E+00   -4.1875000000E-01    5.0000000000E-01    2.8850856863E+02
    3.5500000000E+00   -4.1875000000E-01    5.0000000000E-01    2.8850856056E+02
    3.6500000000E+00   -4.1875000000E-01    5.0000000000E-01    2.8850855386E+02
    3.7500000000E+00   -4.1875000000E-01    5.0000000000E-01    2.8850854848E+02
    3.8500000000E+00   -4.1875000000E-01    5.0000000000E-01    2.8850854435E+02
    3.9500000000E+00   -4.1875000000E-01    5.0000000000E-01    2.8850854142E+02
    4.0500000000E+00   -4.1875000000E-01    5.0000000000E-01    2.8850853966E+02
    4.1500000000E+00   -4.1875000000E-01    5.0000000000E-01    2.8850853905E+02
    4.2500000000E+00   -4.1875000000E-01    5.0000000000E-01    2.8850853958E+02
    4.3500000000E+00   -4.1875000000E-01    5.0000000000E-01    2.8850854123E+02
    4.4500000000E+00   -4.1875000000E-01    5.0000000000E-01    2.8850854402E+02
    4.5500000000E+00   -4.1875000000E-01    5.0000000000E-01    2.8850854796E+02
    4.6500000000E+00   -4.1875000000E-01    5.0000000000E-01    2.8850855308E+02
    4.7500000000E+00   -4.1875000000E-01    5.0000000000E-01    2.8850855942E+02
    4.8500000000E+00   -4.1875000000E-01    5.0000000000E-01    2.8850856702E+02
    4.9500000000E+00   -4.1875000000E-01    5.0000000000E-01    2.8850857594E+02
    5.0500000000E+00   -4.1875000000E-01    5.0000000000E-01    2.8850858625E+02
    5.1500000000E+00   -4.1875000000E-01    5.0000000000E-01    2.8850859801E+02
    5.2500000000E+00   -4.1875000000E-01    5.0000000000E-01    2.8850861132E+02
    5.3500000000E+00   -4.1875000000E-01    5.0000000000E-01    2.8850862624E+02
    5.4500000000E+00   -4.1875000000E-01    5.0000000000E-01    2.8850864289E+02
    5.5500000000E+00   -4.1875000000E-01    5.0000000000E-01    2.8850866136E+02
    5.6500000000E+00   -4.1875000000E-01    5.0000000000E-01    2.8850868175E+02
    5.7500000000E+00   -4.1875000000E-01    5.0000000000E-01    2.8850870419E+02
    5.8500000000E+00   -4.1875000000E-01    5.0000000000E-01    2.8850872879E+02
    5.9500000000E+00   -4.1875000000E-01    5.0000000000E-01    2.8850875566E+02
    6.0500000000E+00   -4.1875000000E-01    5.0000000000E-01    2.8850878493E+02
    6.1500000000E+00   -4.1875000000E-01    5.0000000000E-01    2.8850881673E+02
    6.2500000000E+00   -4.1875000000E-01    5.0000000000E-01    2.8850885119E+02
    6.3500000000E+00   -4.1875000000E-01    5.0000000000E-01    2.8850888842E+02
    6.4500000000E+00   -4.1875000000E-01    5.0000000000E-01    2.8850892855E+02
    6.5500000000E+00   -4.1875000000E-01    5.0000000000E-01    2.8850897172E+02
    6.6500000000E+00   -4.1875000000E-01    5.0000000000E-01    2.8850901804E+02
    6.7500000000E+00   -4.1875000000E-01    5.0000000000E-01    2.8850906762E+02
    6.8500000000E+00   -4.1875000000E-01    5.0000000000E-01    2.8850912059E+02
    6.9500000000E+00   -4.1875000000E-01    5.0000000000E-01    2.8850917704E+02
    7.0500000000E+00   -4.1875000000E-01    5.0000000000E-01    2.8850923708E+02
    7.1500000000E+00   -4.1875000000E-01    5.0000000000E-01    2.8850930079E+02
    7.2500000000E+00   -4.1875000000E-01    5.0000000000E-01    2.8850936825E+02
    7.3500000000E+00   -4.1875000000E-01    5.0000000000E-01    2.8850943951E+02
    7.4500000000E+00   -4.1875000000E-01    5.0000000000E-01    2.8850951463E+02
    7.5500000000E+00   -4.1875000000E-01    5.0000000000E-01    2.8850959364E+02
    7.6500000000E+00   -4.1875000000E-01    5.0000000000E-01    2.8850967654E+02
    7.7500000000E+00   -4.1875000000E-01    5.0000000000E-01    2.8850976333E+02
    7.8500000000E+00   -4.1875000000E-01    5.0000000000E-01    2.8850985398E+02
    7.9500000000E+00   -4.1875000000E-01    5.0000000000E-01    2.8850994930E+02
    5.0000000000E-02   -4.0625000000E-01    5.0000000000E-01    2.8850105379E+02
    1.5000000000E-01   -4.0625000000E-01    5.0000000000E-01    2.8850091538E+02
    2.5000000000E-01   -4.0625000000E-01    5.0000000000E-01    2.8850078356E+02
    3.5000000000E-01   -4.0625000000E-01    5.0000000000E-01    2.8850065753E+02
    4.5000000000E-01   -4.0625000000E-01    5.0000000000E-01    2.8850053728E+02
    5.5000000000E-01   -4.0625000000E-01    5.0000000000E-01    2.8850042279E+02
    6.5000000000E-01   -4.0625000000E-01    5.0000000000E-01    2.8850031401E+02
    7.5000000000E-01   -4.0625000000E-01    5.0000000000E-01    2.8850021088E+02
    8.5000000000E-01   -4.0625000000E-01    5.0000000000E-01    2.8850011331E+02
    9.5000000000E-01   -4.0625000000E-01    5.0000000000E-01    2.8850002119E+02
    1.0500000000E+00   -4.0625000000E-01    5.0000000000E-01    2.8849993440E+02
    1.1500000000E+00   -4.0625000000E-01    5.0000000000E-01    2.8849985281E+02
    1.2500000000E+00   -4.0625000000E-01    5.0000000000E-01    2.8849977626E+02
    1.3500000000E+00   -4.0625000000E-01    5.0000000000E-01    2.8849970460E+02
    1.4500000000E+00   -4.0625000000E-01    5.0000000000E-01    2.8849963766E+02
    1.5500000000E+00   -4.0625000000E-01    5.0000000000E-01    2.8849957526E+02
    1.6500000000E+00   -4.0625000000E-01    5.0000000000E-01    2.8849951723E+02
    1.7500000000E+00   -4.0625000000E-01    5.0000000000E-01    2.8849946338E+02
    1.8500000000E+00   -4.0625000000E-01    5.0000000000E-01    2.8849941351E+02
    1.9500000000E+00   -4.0625000000E-01    5.0000000000E-01    2.8849936746E+02
    2.0500000000E+00   -4.0625000000E-01    5.0000000000E-01    2.8849932501E+02
    2.1500000000E+00   -4.0625000000E-01    5.0000000000E-01    2.8849928600E+02
    2.2500000000E+00   -4.0625000000E-01    5.0000000000E-01    2.8849925022E+02
    2.3500000000E+00   -4.0625000000E-01    5.0000000000E-01    2.8849921751E+02
    2.4500000000E+00   -4.0625000000E-01    5.0000000000E-01    2.8849918768E+02
    2.5500000000E+00   -4.0625000000E-01    5.0000000000E-01    2.8849916056E+02
    2.6500000000E+00   -4.0625000000E-01    5.0000000000E-01    2.8849913599E+02
    2.7500000000E+00   -4.0625000000E-01    5.0000000000E-01    2.8849911380E+02
    2.8500000000E+00   -4.0625000000E-01    5.0000000000E-01    2.8849909384E+02
    2.9500000000E+00   -4.0625000000E-01    5.0000000000E-01    2.8849907597E+02
    3.0500000000E+00   -4.0625000000E-01    5.0000000000E-01    2.8849906006E+02
    3.1500000000E+00   -4.0625000000E-01    5.0000000000E-01    2.8849904597E+02
    3.2500000000E+00   -4.0625000000E-01    5.0000000000E-01    2.8849903359E+02
    3.3500000000E+00   -4.0625000000E-01    5.0000000000E-01    2.8849902281E+02
    3.4500000000E+00   -4.0625000000E-01    5.0000000000E-01    2.8849901353E+02
    3.5500000000E+00   -4.0625000000E-01    5.0000000000E-01    2.8849900568E+02
    3.6500000000E+00   -4.0625000000E-01    5.0000000000E-01    2.8849899916E+02
    3.7500000000E+00   -4.0625000000E-01    5.0000000000E-01    2.8849899392E+02
    3.8500000000E+00   -4.0625000000E-01    5.0000000000E-01    2.8849898989E+02
    3.9500000000E+00   -4.0625000000E-01    5.0000000000E-01    2.8849898704E+02
    4.0500000000E+00   -4.0625000000E-01    5.0000000000E-01    2.8849898534E+02
    4.1500000000E+00   -4.0625000000E-01    5.0000000000E-01    2.8849898474E+02
    4.2500000000E+00   -4.0625000000E-01    5.0000000000E-01    2.8849898525E+02
    4.3500000000E+00   -4.0625000000E-01    5.0000000000E-01    2.8849898686E+02
    4.4500000000E+00   -4.0625000000E-01    5.0000000000E-01    2.8849898957E+02
    4.5500000000E+00   -4.0625000000E-01    5.0000000000E-01    2.8849899341E+02
    4.6500000000E+00   -4.0625000000E-01    5.0000000000E-01    2.8849899839E+02
    4.7500000000E+00   -4.0625000000E-01    5.0000000000E-01    2.8849900456E+02
    4.8500000000E+00   -4.0625000000E-01    5.0000000000E-01    2.8849901197E+02
    4.9500000000E+00   -4.0625000000E-01    5.0000000000E-01    2.8849902065E+02
    5.0500000000E+00   -4.0625000000E-01    5.0000000000E-01    2.8849903068E+02
    5.1500000000E+00   -4.0625000000E-01    5.0000000000E-01    2.8849904214E+02
    5.2500000000E+00   -4.0625000000E-01    5.0000000000E-01    2.8849905508E+02
    5.3500000000E+00   -4.0625000000E-01    5.0000000000E-01    2.8849906961E+02
    5.4500000000E+00   -4.0625000000E-01    5.0000000000E-01    2.8849908582E+02
    5.5500000000E+00   -4.0625000000E-01    5.0000000000E-01    2.8849910379E+02
    5.6500000000E+00   -4.0625000000E-01    5.0000000000E-01    2.8849912365E+02
    5.7500000000E+00   -4.0625000000E-01    5.0000000000E-01    2.8849914549E+02
    5.8500000000E+00   -4.0625000000E-01    5.0000000000E-01    2.8849916943E+02
    5.9500000000E+00   -4.0625000000E-01    5.0000000000E-01    2.8849919559E+02
    6.0500000000E+00   -4.0625000000E-01    5.0000000000E-01    2.8849922408E+02
    6.1500000000E+00   -4.0625000000E-01    5.0000000000E-01    2.8849925504E+02
    6.2500000000E+00   -4.0625000000E-01    5.0000000000E-01    2.8849928857E+02
    6.3500000000E+00   -4.0625000000E-01    5.0000000000E-01    2.8849932481E+02
    6.4500000000E+00   -4.0625000000E-01    5.0000000000E-01    2.8849936388E+02
    6.5500000000E+00   -4.0625000000E-01    5.0000000000E-01    2.8849940590E+02
    6.6500000000E+00   -4.0625000000E-01    5.0000000000E-01    2.8849945098E+02
    6.7500000000E+00   -4.0625000000E-01    5.0000000000E-01    2.8849949925E+02
    6.8500000000E+00   -4.0625000000E-01    5.0000000000E-01    2.8849955080E+02
    6.9500000000E+00   -4.0625000000E-01    5.0000000000E-01    2.8849960575E+02
    7.0500000000E+00   -4.0625000000E-01    5.0000000000E-01    2.8849966419E+02
    7.1500000000E+00   -4.0625000000E-01    5.0000000000E-01    2.8849972619E+02
    7.2500000000E+00   -4.0625000000E-01    5.0000000000E-01    2.8849979185E+02
    7.3500000000E+00   -4.0625000000E-01    5.0000000000E-01    2.8849986121E+02
    7.4500000000E+00   -4.0625000000E-01    5.0000000000E-01    2.8849993433E+02
    7.5500000000E+00   -4.0625000000E-01    5.0000000000E-01    2.8850001122E+02
    7.6500000000E+00   -4.0625000000E-01    5.0000000000E-01    2.8850009190E+02
    7.7500000000E+00   -4.0625000000E-01    5.0000000000E-01    2.8850017637E+02
    7.8500000000E+00   -4.0625000000E-01    5.0000000000E-01    2.8850026460E+02
    7.9500000000E+00   -4.0625000000E-01    5.0000000000E-01    2.8850035738E+02
    5.0000000000E-02   -3.9375000000E-01    5.0000000000E-01    2.8849135438E+02
    1.5000000000E-01   -3.9375000000E-01    5.0000000000E-01    2.8849121980E+02
    2.5000000000E-01   -3.9375000000E-01    5.0000000000E-01    2.8849109163E+02
    3.5000000000E-01   -3.9375000000E-01    5.0000000000E-01    2.8849096908E+02
    4.5000000000E-01   -3.9375000000E-01    5.0000000000E-01    2.8849085217E+02
    5.5000000000E-01   -3.9375000000E-01    5.0000000000E-01    2.8849074084E+02
    6.5000000000E-01   -3.9375000000E-01    5.0000000000E-01    2.8849063508E+02
    7.5000000000E-01   -3.9375000000E-01    5.0000000000E-01    2.8849053480E+02
    8.5000000000E-01   -3.9375000000E-01    5.0000000000E-01    2.8849043992E+02
    9.5000000000E-01   -3.9375000000E-01    5.0000000000E-01    2.8849035035E+02
    1.0500000000E+00   -3.9375000000E-01    5.0000000000E-01    2.8849026596E+02
    1.1500000000E+00   -3.9375000000E-01    5.0000000000E-01    2.8849018662E+02
    1.2500000000E+00   -3.9375000000E-01    5.0000000000E-01    2.8849011219E+02
    1.3500000000E+00   -3.9375000000E-01    5.0000000000E-01    2.8849004250E+02
    1.4500000000E+00   -3.9375000000E-01    5.0000000000E-01    2.8848997741E+02
    1.5500000000E+00   -3.9375000000E-01    5.0000000000E-01    2.8848991674E+02
    1.6500000000E+00   -3.9375000000E-01    5.0000000000E-01    2.8848986031E+02
    1.7500000000E+00   -3.9375000000E-01    5.0000000000E-01    2.8848980794E+02
    1.8500000000E+00   -3.9375000000E-01    5.0000000000E-01    2.8848975945E+02
    1.9500000000E+00   -3.9375000000E-01    5.0000000000E-01    2.8848971467E+02
    2.0500000000E+00   -3.9375000000E-01    5.0000000000E-01    2.8848967339E+02
    2.1500000000E+00   -3.9375000000E-01    5.0000000000E-01    2.8848963545E+02
    2.2500000000E+00   -3.9375000000E-01    5.0000000000E-01    2.8848960067E+02
    2.3500000000E+00   -3.9375000000E-01    5.0000000000E-01    2.8848956886E+02
    2.4500000000E+00   -3.9375000000E-01    5.0000000000E-01    2.8848953985E+02
    2.5500000000E+00   -3.9375000000E-01    5.0000000000E-01    2.8848951348E+02
    2.6500000000E+00   -3.9375000000E-01    5.0000000000E-01    2.8848948958E+02
    2.7500000000E+00   -3.9375000000E-01    5.0000000000E-01    2.8848946800E+02
    2.8500000000E+00   -3.9375000000E-01    5.0000000000E-01    2.8848944860E+02
    2.9500000000E+00   -3.9375000000E-01    5.0000000000E-01    2.8848943122E+02
    3.0500000000E+00   -3.9375000000E-01    5.0000000000E-01    2.8848941574E+02
    3.1500000000E+00   -3.9375000000E-01    5.0000000000E-01    2.8848940204E+02
    3.2500000000E+00   -3.9375000000E-01    5.0000000000E-01    2.8848939000E+02
    3.3500000000E+00   -3.9375000000E-01    5.0000000000E-01    2.8848937952E+02
    3.4500000000E+00   -3.9375000000E-01    5.0000000000E-01    2.8848937050E+02
    3.5500000000E+00   -3.9375000000E-01    5.0000000000E-01    2.8848936286E+02
    3.6500000000E+00   -3.9375000000E-01    5.0000000000E-01    2.8848935652E+02
    3.7500000000E+00   -3.9375000000E-01    5.0000000000E-01    2.8848935142E+02
    3.8500000000E+00   -3.9375000000E-01    5.0000000000E-01    2.8848934751E+02
    3.9500000000E+00   -3.9375000000E-01    5.0000000000E-01    2.8848934474E+02
    4.0500000000E+00   -3.9375000000E-01    5.0000000000E-01    2.8848934308E+02
    4.1500000000E+00   -3.9375000000E-01    5.0000000000E-01    2.8848934250E+02
    4.2500000000E+00   -3.9375000000E-01    5.0000000000E-01    2.8848934300E+02
    4.3500000000E+00   -3.9375000000E-01    5.0000000000E-01    2.8848934456E+02
    4.4500000000E+00   -3.9375000000E-01    5.0000000000E-01    2.8848934720E+02
    4.5500000000E+00   -3.9375000000E-01    5.0000000000E-01    2.8848935093E+02
    4.6500000000E+00   -3.9375000000E-01    5.0000000000E-01    2.8848935578E+02
    4.7500000000E+00   -3.9375000000E-01    5.0000000000E-01    2.8848936178E+02
    4.8500000000E+00   -3.9375000000E-01    5.0000000000E-01    2.8848936897E+02
    4.9500000000E+00   -3.9375000000E-01    5.0000000000E-01    2.8848937742E+02
    5.0500000000E+00   -3.9375000000E-01    5.0000000000E-01    2.8848938718E+02
    5.1500000000E+00   -3.9375000000E-01    5.0000000000E-01    2.8848939831E+02
    5.2500000000E+00   -3.9375000000E-01    5.0000000000E-01    2.8848941090E+02
    5.3500000000E+00   -3.9375000000E-01    5.0000000000E-01    2.8848942503E+02
    5.4500000000E+00   -3.9375000000E-01    5.0000000000E-01    2.8848944079E+02
    5.5500000000E+00   -3.9375000000E-01    5.0000000000E-01    2.8848945827E+02
    5.6500000000E+00   -3.9375000000E-01    5.0000000000E-01    2.8848947758E+02
    5.7500000000E+00   -3.9375000000E-01    5.0000000000E-01    2.8848949882E+02
    5.8500000000E+00   -3.9375000000E-01    5.0000000000E-01    2.8848952210E+02
    5.9500000000E+00   -3.9375000000E-01    5.0000000000E-01    2.8848954753E+02
    6.0500000000E+00   -3.9375000000E-01    5.0000000000E-01    2.8848957524E+02
    6.1500000000E+00   -3.9375000000E-01    5.0000000000E-01    2.8848960534E+02
    6.2500000000E+00   -3.9375000000E-01    5.0000000000E-01    2.8848963795E+02
    6.3500000000E+00   -3.9375000000E-01    5.0000000000E-01    2.8848967319E+02
    6.4500000000E+00   -3.9375000000E-01    5.0000000000E-01    2.8848971118E+02
    6.5500000000E+00   -3.9375000000E-01    5.0000000000E-01    2.8848975204E+02
    6.6500000000E+00   -3.9375000000E-01    5.0000000000E-01    2.8848979588E+02
    6.7500000000E+00   -3.9375000000E-01    5.0000000000E-01    2.8848984281E+02
    6.8500000000E+00   -3.9375000000E-01    5.0000000000E-01    2.8848989294E+02
    6.9500000000E+00   -3.9375000000E-01    5.0000000000E-01    2.8848994637E+02
    7.0500000000E+00   -3.9375000000E-01    5.0000000000E-01    2.8849000319E+02
    7.1500000000E+00   -3.9375000000E-01    5.0000000000E-01    2.8849006348E+02
    7.2500000000E+00   -3.9375000000E-01    5.0000000000E-01    2.8849012732E+02
    7.3500000000E+00   -3.9375000000E-01    5.0000000000E-01    2.8849019476E+02
    7.4500000000E+00   -3.9375000000E-01    5.0000000000E-01    2.8849026585E+02
    7.5500000000E+00   -3.9375000000E-01    5.0000000000E-01    2.8849034062E+02
    7.6500000000E+00   -3.9375000000E-01    5.0000000000E-01    2.8849041906E+02
    7.7500000000E+00   -3.9375000000E-01    5.0000000000E-01    2.8849050119E+02
    7.8500000000E+00   -3.9375000000E-01    5.0000000000E-01    2.8849058697E+02
    7.9500000000E+00   -3.9375000000E-01    5.0000000000E-01    2.8849067719E+02
    5.0000000000E-02   -3.8125000000E-01    5.0000000000E-01    2.8848156902E+02
    1.5000000000E-01   -3.8125000000E-01    5.0000000000E-01    2.8848143830E+02
    2.5000000000E-01   -3.8125000000E-01    5.0000000000E-01    2.8848131380E+02
    3.5000000000E-01   -3.8125000000E-01    5.0000000000E-01    2.8848119478E+02
    4.5000000000E-01   -3.8125000000E-01    5.0000000000E-01    2.8848108122E+02
    5.5000000000E-01   -3.8125000000E-01    5.0000000000E-01    2.8848097309E+02
    6.5000000000E-01   -3.8125000000E-01    5.0000000000E-01    2.8848087036E+02
    7.5000000000E-01   -3.8125000000E-01    5.0000000000E-01    2.8848077296E+02
    8.5000000000E-01   -3.8125000000E-01    5.0000000000E-01    2.8848068080E+02
    9.5000000000E-01   -3.8125000000E-01    5.0000000000E-01    2.8848059380E+02
    1.0500000000E+00   -3.8125000000E-01    5.0000000000E-01    2.8848051183E+02
    1.1500000000E+00   -3.8125000000E-01    5.0000000000E-01    2.8848043476E+02
    1.2500000000E+00   -3.8125000000E-01    5.0000000000E-01    2.8848036246E+02
    1.3500000000E+00   -3.8125000000E-01    5.0000000000E-01    2.8848029478E+02
    1.4500000000E+00   -3.8125000000E-01    5.0000000000E-01    2.8848023155E+02
    1.5500000000E+00   -3.8125000000E-01    5.0000000000E-01    2.8848017261E+02
    1.6500000000E+00   -3.8125000000E-01    5.0000000000E-01    2.8848011780E+02
    1.7500000000E+00   -3.8125000000E-01    5.0000000000E-01    2.8848006693E+02
    1.8500000000E+00   -3.8125000000E-01    5.0000000000E-01    2.8848001983E+02
    1.9500000000E+00   -3.8125000000E-01    5.0000000000E-01    2.8847997633E+02
    2.0500000000E+00   -3.8125000000E-01    5.0000000000E-01    2.8847993624E+02
    2.1500000000E+00   -3.8125000000E-01    5.0000000000E-01    2.8847989938E+02
    2.2500000000E+00   -3.8125000000E-01    5.0000000000E-01    2.8847986559E+02
    2.3500000000E+00   -3.8125000000E-01    5.0000000000E-01    2.8847983469E+02
    2.4500000000E+00   -3.8125000000E-01    5.0000000000E-01    2.8847980651E+02
    2.5500000000E+00   -3.8125000000E-01    5.0000000000E-01    2.8847978090E+02
    2.6500000000E+00   -3.8125000000E-01    5.0000000000E-01    2.8847975768E+02
    2.7500000000E+00   -3.8125000000E-01    5.0000000000E-01    2.8847973672E+02
    2.8500000000E+00   -3.8125000000E-01    5.0000000000E-01    2.8847971787E+02
    2.9500000000E+00   -3.8125000000E-01    5.0000000000E-01    2.8847970099E+02
    3.0500000000E+00   -3.8125000000E-01    5.0000000000E-01    2.8847968596E+02
    3.1500000000E+00   -3.8125000000E-01    5.0000000000E-01    2.8847967265E+02
    3.2500000000E+00   -3.8125000000E-01    5.0000000000E-01    2.8847966095E+02
    3.3500000000E+00   -3.8125000000E-01    5.0000000000E-01    2.8847965077E+02
    3.4500000000E+00   -3.8125000000E-01    5.0000000000E-01    2.8847964201E+02
    3.5500000000E+00   -3.8125000000E-01    5.0000000000E-01    2.8847963458E+02
    3.6500000000E+00   -3.8125000000E-01    5.0000000000E-01    2.8847962843E+02
    3.7500000000E+00   -3.8125000000E-01    5.0000000000E-01    2.8847962348E+02
    3.8500000000E+00   -3.8125000000E-01    5.0000000000E-01    2.8847961967E+02
    3.9500000000E+00   -3.8125000000E-01    5.0000000000E-01    2.8847961698E+02
    4.0500000000E+00   -3.8125000000E-01    5.0000000000E-01    2.8847961537E+02
    4.1500000000E+00   -3.8125000000E-01    5.0000000000E-01    2.8847961481E+02
    4.2500000000E+00   -3.8125000000E-01    5.0000000000E-01    2.8847961529E+02
    4.3500000000E+00   -3.8125000000E-01    5.0000000000E-01    2.8847961681E+02
    4.4500000000E+00   -3.8125000000E-01    5.0000000000E-01    2.8847961937E+02
    4.5500000000E+00   -3.8125000000E-01    5.0000000000E-01    2.8847962299E+02
    4.6500000000E+00   -3.8125000000E-01    5.0000000000E-01    2.8847962770E+02
    4.7500000000E+00   -3.8125000000E-01    5.0000000000E-01    2.8847963353E+02
    4.8500000000E+00   -3.8125000000E-01    5.0000000000E-01    2.8847964052E+02
    4.9500000000E+00   -3.8125000000E-01    5.0000000000E-01    2.8847964873E+02
    5.0500000000E+00   -3.8125000000E-01    5.0000000000E-01    2.8847965821E+02
    5.1500000000E+00   -3.8125000000E-01    5.0000000000E-01    2.8847966902E+02
    5.2500000000E+00   -3.8125000000E-01    5.0000000000E-01    2.8847968125E+02
    5.3500000000E+00   -3.8125000000E-01    5.0000000000E-01    2.8847969498E+02
    5.4500000000E+00   -3.8125000000E-01    5.0000000000E-01    2.8847971029E+02
    5.5500000000E+00   -3.8125000000E-01    5.0000000000E-01    2.8847972727E+02
    5.6500000000E+00   -3.8125000000E-01    5.0000000000E-01    2.8847974602E+02
    5.7500000000E+00   -3.8125000000E-01    5.0000000000E-01    2.8847976665E+02
    5.8500000000E+00   -3.8125000000E-01    5.0000000000E-01    2.8847978927E+02
    5.9500000000E+00   -3.8125000000E-01    5.0000000000E-01    2.8847981397E+02
    6.0500000000E+00   -3.8125000000E-01    5.0000000000E-01    2.8847984089E+02
    6.1500000000E+00   -3.8125000000E-01    5.0000000000E-01    2.8847987013E+02
    6.2500000000E+00   -3.8125000000E-01    5.0000000000E-01    2.8847990180E+02
    6.3500000000E+00   -3.8125000000E-01    5.0000000000E-01    2.8847993603E+02
    6.4500000000E+00   -3.8125000000E-01    5.0000000000E-01    2.8847997294E+02
    6.5500000000E+00   -3.8125000000E-01    5.0000000000E-01    2.8848001262E+02
    6.6500000000E+00   -3.8125000000E-01    5.0000000000E-01    2.8848005521E+02
    6.7500000000E+00   -3.8125000000E-01    5.0000000000E-01    2.8848010079E+02
    6.8500000000E+00   -3.8125000000E-01    5.0000000000E-01    2.8848014948E+02
    6.9500000000E+00   -3.8125000000E-01    5.0000000000E-01    2.8848020138E+02
    7.0500000000E+00   -3.8125000000E-01    5.0000000000E-01    2.8848025657E+02
    7.1500000000E+00   -3.8125000000E-01    5.0000000000E-01    2.8848031514E+02
    7.2500000000E+00   -3.8125000000E-01    5.0000000000E-01    2.8848037714E+02
    7.3500000000E+00   -3.8125000000E-01    5.0000000000E-01    2.8848044265E+02
    7.4500000000E+00   -3.8125000000E-01    5.0000000000E-01    2.8848051169E+02
    7.5500000000E+00   -3.8125000000E-01    5.0000000000E-01    2.8848058431E+02
    7.6500000000E+00   -3.8125000000E-01    5.0000000000E-01    2.8848066050E+02
    7.7500000000E+00   -3.8125000000E-01    5.0000000000E-01    2.8848074026E+02
    7.8500000000E+00   -3.8125000000E-01    5.0000000000E-01    2.8848082359E+02
    7.9500000000E+00   -3.8125000000E-01    5.0000000000E-01    2.8848091121E+02
    5.0000000000E-02   -3.6875000000E-01    5.0000000000E-01    2.8847170021E+02
    1.5000000000E-01   -3.6875000000E-01    5.0000000000E-01    2.8847157338E+02
    2.5000000000E-01   -3.6875000000E-01    5.0000000000E-01    2.8847145259E+02
    3.5000000000E-01   -3.6875000000E-01    5.0000000000E-01    2.8847133712E+02
    4.5000000000E-01   -3.6875000000E-01    5.0000000000E-01    2.8847122694E+02
    5.5000000000E-01   -3.6875000000E-01    5.0000000000E-01    2.8847112204E+02
    6.5000000000E-01   -3.6875000000E-01    5.0000000000E-01    2.8847102237E+02
    7.5000000000E-01   -3.6875000000E-01    5.0000000000E-01    2.8847092787E+02
    8.5000000000E-01   -3.6875000000E-01    5.0000000000E-01    2.8847083846E+02
    9.5000000000E-01   -3.6875000000E-01    5.0000000000E-01    2.8847075404E+02
    1.0500000000E+00   -3.6875000000E-01    5.0000000000E-01    2.8847067451E+02
    1.1500000000E+00   -3.6875000000E-01    5.0000000000E-01    2.8847059974E+02
    1.2500000000E+00   -3.6875000000E-01    5.0000000000E-01    2.8847052959E+02
    1.3500000000E+00   -3.6875000000E-01    5.0000000000E-01    2.8847046392E+02
    1.4500000000E+00   -3.6875000000E-01    5.0000000000E-01    2.8847040258E+02
    1.5500000000E+00   -3.6875000000E-01    5.0000000000E-01    2.8847034539E+02
    1.6500000000E+00   -3.6875000000E-01    5.0000000000E-01    2.8847029221E+02
    1.7500000000E+00   -3.6875000000E-01    5.0000000000E-01    2.8847024285E+02
    1.8500000000E+00   -3.6875000000E-01    5.0000000000E-01    2.8847019715E+02
    1.9500000000E+00   -3.6875000000E-01    5.0000000000E-01    2.8847015494E+02
    2.0500000000E+00   -3.6875000000E-01    5.0000000000E-01    2.8847011604E+02
    2.1500000000E+00   -3.6875000000E-01    5.0000000000E-01    2.8847008028E+02
    2.2500000000E+00   -3.6875000000E-01    5.0000000000E-01    2.8847004750E+02
    2.3500000000E+00   -3.6875000000E-01    5.0000000000E-01    2.8847001752E+02
    2.4500000000E+00   -3.6875000000E-01    5.0000000000E-01    2.8846999018E+02
    2.5500000000E+00   -3.6875000000E-01    5.0000000000E-01    2.8846996532E+02
    2.6500000000E+00   -3.6875000000E-01    5.0000000000E-01    2.8846994280E+02
    2.7500000000E+00   -3.6875000000E-01    5.0000000000E-01    2.8846992246E+02
    2.8500000000E+00   -3.6875000000E-01    5.0000000000E-01    2.8846990417E+02
    2.9500000000E+00   -3.6875000000E-01    5.0000000000E-01    2.8846988779E+02
    3.0500000000E+00   -3.6875000000E-01    5.0000000000E-01    2.8846987320E+02
    3.1500000000E+00   -3.6875000000E-01    5.0000000000E-01    2.8846986028E+02
    3.2500000000E+00   -3.6875000000E-01    5.0000000000E-01    2.8846984893E+02
    3.3500000000E+00   -3.6875000000E-01    5.0000000000E-01    2.8846983905E+02
    3.4500000000E+00   -3.6875000000E-01    5.0000000000E-01    2.8846983055E+02
    3.5500000000E+00   -3.6875000000E-01    5.0000000000E-01    2.8846982335E+02
    3.6500000000E+00   -3.6875000000E-01    5.0000000000E-01    2.8846981738E+02
    3.7500000000E+00   -3.6875000000E-01    5.0000000000E-01    2.8846981257E+02
    3.8500000000E+00   -3.6875000000E-01    5.0000000000E-01    2.8846980888E+02
    3.9500000000E+00   -3.6875000000E-01    5.0000000000E-01    2.8846980627E+02
    4.0500000000E+00   -3.6875000000E-01    5.0000000000E-01    2.8846980471E+02
    4.1500000000E+00   -3.6875000000E-01    5.0000000000E-01    2.8846980416E+02
    4.2500000000E+00   -3.6875000000E-01    5.0000000000E-01    2.8846980463E+02
    4.3500000000E+00   -3.6875000000E-01    5.0000000000E-01    2.8846980610E+02
    4.4500000000E+00   -3.6875000000E-01    5.0000000000E-01    2.8846980859E+02
    4.5500000000E+00   -3.6875000000E-01    5.0000000000E-01    2.8846981210E+02
    4.6500000000E+00   -3.6875000000E-01    5.0000000000E-01    2.8846981667E+02
    4.7500000000E+00   -3.6875000000E-01    5.0000000000E-01    2.8846982233E+02
    4.8500000000E+00   -3.6875000000E-01    5.0000000000E-01    2.8846982911E+02
    4.9500000000E+00   -3.6875000000E-01    5.0000000000E-01    2.8846983707E+02
    5.0500000000E+00   -3.6875000000E-01    5.0000000000E-01    2.8846984627E+02
    5.1500000000E+00   -3.6875000000E-01    5.0000000000E-01    2.8846985677E+02
    5.2500000000E+00   -3.6875000000E-01    5.0000000000E-01    2.8846986863E+02
    5.3500000000E+00   -3.6875000000E-01    5.0000000000E-01    2.8846988195E+02
    5.4500000000E+00   -3.6875000000E-01    5.0000000000E-01    2.8846989680E+02
    5.5500000000E+00   -3.6875000000E-01    5.0000000000E-01    2.8846991328E+02
    5.6500000000E+00   -3.6875000000E-01    5.0000000000E-01    2.8846993148E+02
    5.7500000000E+00   -3.6875000000E-01    5.0000000000E-01    2.8846995149E+02
    5.8500000000E+00   -3.6875000000E-01    5.0000000000E-01    2.8846997344E+02
    5.9500000000E+00   -3.6875000000E-01    5.0000000000E-01    2.8846999741E+02
    6.0500000000E+00   -3.6875000000E-01    5.0000000000E-01    2.8847002353E+02
    6.1500000000E+00   -3.6875000000E-01    5.0000000000E-01    2.8847005189E+02
    6.2500000000E+00   -3.6875000000E-01    5.0000000000E-01    2.8847008263E+02
    6.3500000000E+00   -3.6875000000E-01    5.0000000000E-01    2.8847011584E+02
    6.4500000000E+00   -3.6875000000E-01    5.0000000000E-01    2.8847015165E+02
    6.5500000000E+00   -3.6875000000E-01    5.0000000000E-01    2.8847019015E+02
    6.6500000000E+00   -3.6875000000E-01    5.0000000000E-01    2.8847023147E+02
    6.7500000000E+00   -3.6875000000E-01    5.0000000000E-01    2.8847027570E+02
    6.8500000000E+00   -3.6875000000E-01    5.0000000000E-01    2.8847032294E+02
    6.9500000000E+00   -3.6875000000E-01    5.0000000000E-01    2.8847037329E+02
    7.0500000000E+00   -3.6875000000E-01    5.0000000000E-01    2.8847042684E+02
    7.1500000000E+00   -3.6875000000E-01    5.0000000000E-01    2.8847048366E+02
    7.2500000000E+00   -3.6875000000E-01    5.0000000000E-01    2.8847054382E+02
    7.3500000000E+00   -3.6875000000E-01    5.0000000000E-01    2.8847060737E+02
    7.4500000000E+00   -3.6875000000E-01    5.0000000000E-01    2.8847067435E+02
    7.5500000000E+00   -3.6875000000E-01    5.0000000000E-01    2.8847074480E+02
    7.6500000000E+00   -3.6875000000E-01    5.0000000000E-01    2.8847081872E+02
    7.7500000000E+00   -3.6875000000E-01    5.0000000000E-01    2.8847089610E+02
    7.8500000000E+00   -3.6875000000E-01    5.0000000000E-01    2.8847097694E+02
    7.9500000000E+00   -3.6875000000E-01    5.0000000000E-01    2.8847106196E+02
    5.0000000000E-02   -3.5625000000E-01    5.0000000000E-01    2.8846175049E+02
    1.5000000000E-01   -3.5625000000E-01    5.0000000000E-01    2.8846162759E+02
    2.5000000000E-01   -3.5625000000E-01    5.0000000000E-01    2.8846151054E+02
    3.5000000000E-01   -3.5625000000E-01    5.0000000000E-01    2.8846139864E+02
    4.5000000000E-01   -3.5625000000E-01    5.0000000000E-01    2.8846129187E+02
    5.5000000000E-01   -3.5625000000E-01    5.0000000000E-01    2.8846119022E+02
    6.5000000000E-01   -3.5625000000E-01    5.0000000000E-01    2.8846109363E+02
    7.5000000000E-01   -3.5625000000E-01    5.0000000000E-01    2.8846100206E+02
    8.5000000000E-01   -3.5625000000E-01    5.0000000000E-01    2.8846091542E+02
    9.5000000000E-01   -3.5625000000E-01    5.0000000000E-01    2.8846083361E+02
    1.0500000000E+00   -3.5625000000E-01    5.0000000000E-01    2.8846075654E+02
    1.1500000000E+00   -3.5625000000E-01    5.0000000000E-01    2.8846068409E+02
    1.2500000000E+00   -3.5625000000E-01    5.0000000000E-01    2.8846061611E+02
    1.3500000000E+00   -3.5625000000E-01    5.0000000000E-01    2.8846055247E+02
    1.4500000000E+00   -3.5625000000E-01    5.0000000000E-01    2.8846049302E+02
    1.5500000000E+00   -3.5625000000E-01    5.0000000000E-01    2.8846043760E+02
    1.6500000000E+00   -3.5625000000E-01    5.0000000000E-01    2.8846038606E+02
    1.7500000000E+00   -3.5625000000E-01    5.0000000000E-01    2.8846033823E+02
    1.8500000000E+00   -3.5625000000E-01    5.0000000000E-01    2.8846029394E+02
    1.9500000000E+00   -3.5625000000E-01    5.0000000000E-01    2.8846025303E+02
    2.0500000000E+00   -3.5625000000E-01    5.0000000000E-01    2.8846021534E+02
    2.1500000000E+00   -3.5625000000E-01    5.0000000000E-01    2.8846018068E+02
    2.2500000000E+00   -3.5625000000E-01    5.0000000000E-01    2.8846014891E+02
    2.3500000000E+00   -3.5625000000E-01    5.0000000000E-01    2.8846011985E+02
    2.4500000000E+00   -3.5625000000E-01    5.0000000000E-01    2.8846009336E+02
    2.5500000000E+00   -3.5625000000E-01    5.0000000000E-01    2.8846006927E+02
    2.6500000000E+00   -3.5625000000E-01    5.0000000000E-01    2.8846004744E+02
    2.7500000000E+00   -3.5625000000E-01    5.0000000000E-01    2.8846002773E+02
    2.8500000000E+00   -3.5625000000E-01    5.0000000000E-01    2.8846001000E+02
    2.9500000000E+00   -3.5625000000E-01    5.0000000000E-01    2.8845999413E+02
    3.0500000000E+00   -3.5625000000E-01    5.0000000000E-01    2.8845997999E+02
    3.1500000000E+00   -3.5625000000E-01    5.0000000000E-01    2.8845996747E+02
    3.2500000000E+00   -3.5625000000E-01    5.0000000000E-01    2.8845995647E+02
    3.3500000000E+00   -3.5625000000E-01    5.0000000000E-01    2.8845994690E+02
    3.4500000000E+00   -3.5625000000E-01    5.0000000000E-01    2.8845993866E+02
    3.5500000000E+00   -3.5625000000E-01    5.0000000000E-01    2.8845993168E+02
    3.6500000000E+00   -3.5625000000E-01    5.0000000000E-01    2.8845992589E+02
    3.7500000000E+00   -3.5625000000E-01    5.0000000000E-01    2.8845992123E+02
    3.8500000000E+00   -3.5625000000E-01    5.0000000000E-01    2.8845991766E+02
    3.9500000000E+00   -3.5625000000E-01    5.0000000000E-01    2.8845991513E+02
    4.0500000000E+00   -3.5625000000E-01    5.0000000000E-01    2.8845991361E+02
    4.1500000000E+00   -3.5625000000E-01    5.0000000000E-01    2.8845991308E+02
    4.2500000000E+00   -3.5625000000E-01    5.0000000000E-01    2.8845991353E+02
    4.3500000000E+00   -3.5625000000E-01    5.0000000000E-01    2.8845991496E+02
    4.4500000000E+00   -3.5625000000E-01    5.0000000000E-01    2.8845991737E+02
    4.5500000000E+00   -3.5625000000E-01    5.0000000000E-01    2.8845992078E+02
    4.6500000000E+00   -3.5625000000E-01    5.0000000000E-01    2.8845992521E+02
    4.7500000000E+00   -3.5625000000E-01    5.0000000000E-01    2.8845993069E+02
    4.8500000000E+00   -3.5625000000E-01    5.0000000000E-01    2.8845993726E+02
    4.9500000000E+00   -3.5625000000E-01    5.0000000000E-01    2.8845994498E+02
    5.0500000000E+00   -3.5625000000E-01    5.0000000000E-01    2.8845995389E+02
    5.1500000000E+00   -3.5625000000E-01    5.0000000000E-01    2.8845996406E+02
    5.2500000000E+00   -3.5625000000E-01    5.0000000000E-01    2.8845997556E+02
    5.3500000000E+00   -3.5625000000E-01    5.0000000000E-01    2.8845998847E+02
    5.4500000000E+00   -3.5625000000E-01    5.0000000000E-01    2.8846000286E+02
    5.5500000000E+00   -3.5625000000E-01    5.0000000000E-01    2.8846001883E+02
    5.6500000000E+00   -3.5625000000E-01    5.0000000000E-01    2.8846003647E+02
    5.7500000000E+00   -3.5625000000E-01    5.0000000000E-01    2.8846005587E+02
    5.8500000000E+00   -3.5625000000E-01    5.0000000000E-01    2.8846007713E+02
    5.9500000000E+00   -3.5625000000E-01    5.0000000000E-01    2.8846010036E+02
    6.0500000000E+00   -3.5625000000E-01    5.0000000000E-01    2.8846012567E+02
    6.1500000000E+00   -3.5625000000E-01    5.0000000000E-01    2.8846015316E+02
    6.2500000000E+00   -3.5625000000E-01    5.0000000000E-01    2.8846018295E+02
    6.3500000000E+00   -3.5625000000E-01    5.0000000000E-01    2.8846021514E+02
    6.4500000000E+00   -3.5625000000E-01    5.0000000000E-01    2.8846024983E+02
    6.5500000000E+00   -3.5625000000E-01    5.0000000000E-01    2.8846028715E+02
    6.6500000000E+00   -3.5625000000E-01    5.0000000000E-01    2.8846032719E+02
    6.7500000000E+00   -3.5625000000E-01    5.0000000000E-01    2.8846037005E+02
    6.8500000000E+00   -3.5625000000E-01    5.0000000000E-01    2.8846041583E+02
    6.9500000000E+00   -3.5625000000E-01    5.0000000000E-01    2.8846046463E+02
    7.0500000000E+00   -3.5625000000E-01    5.0000000000E-01    2.8846051652E+02
    7.1500000000E+00   -3.5625000000E-01    5.0000000000E-01    2.8846057158E+02
    7.2500000000E+00   -3.5625000000E-01    5.0000000000E-01    2.8846062987E+02
    7.3500000000E+00   -3.5625000000E-01    5.0000000000E-01    2.8846069145E+02
    7.4500000000E+00   -3.5625000000E-01    5.0000000000E-01    2.8846075636E+02
    7.5500000000E+00   -3.5625000000E-01    5.0000000000E-01    2.8846082463E+02
    7.6500000000E+00   -3.5625000000E-01    5.0000000000E-01    2.8846089625E+02
    7.7500000000E+00   -3.5625000000E-01    5.0000000000E-01    2.8846097124E+02
    7.8500000000E+00   -3.5625000000E-01    5.0000000000E-01    2.8846104957E+02
    7.9500000000E+00   -3.5625000000E-01    5.0000000000E-01    2.8846113196E+02
    5.0000000000E-02   -3.4375000000E-01    5.0000000000E-01    2.8845172242E+02
    1.5000000000E-01   -3.4375000000E-01    5.0000000000E-01    2.8845160347E+02
    2.5000000000E-01   -3.4375000000E-01    5.0000000000E-01    2.8845149019E+02
    3.5000000000E-01   -3.4375000000E-01    5.0000000000E-01    2.8845138189E+02
    4.5000000000E-01   -3.4375000000E-01    5.0000000000E-01    2.8845127856E+02
    5.5000000000E-01   -3.4375000000E-01    5.0000000000E-01    2.8845118018E+02
    6.5000000000E-01   -3.4375000000E-01    5.0000000000E-01    2.8845108671E+02
    7.5000000000E-01   -3.4375000000E-01    5.0000000000E-01    2.8845099808E+02
    8.5000000000E-01   -3.4375000000E-01    5.0000000000E-01    2.8845091423E+02
    9.5000000000E-01   -3.4375000000E-01    5.0000000000E-01    2.8845083506E+02
    1.0500000000E+00   -3.4375000000E-01    5.0000000000E-01    2.8845076047E+02
    1.1500000000E+00   -3.4375000000E-01    5.0000000000E-01    2.8845069034E+02
    1.2500000000E+00   -3.4375000000E-01    5.0000000000E-01    2.8845062455E+02
    1.3500000000E+00   -3.4375000000E-01    5.0000000000E-01    2.8845056295E+02
    1.4500000000E+00   -3.4375000000E-01    5.0000000000E-01    2.8845050541E+02
    1.5500000000E+00   -3.4375000000E-01    5.0000000000E-01    2.8845045178E+02
    1.6500000000E+00   -3.4375000000E-01    5.0000000000E-01    2.8845040189E+02
    1.7500000000E+00   -3.4375000000E-01    5.0000000000E-01    2.8845035560E+02
    1.8500000000E+00   -3.4375000000E-01    5.0000000000E-01    2.8845031274E+02
    1.9500000000E+00   -3.4375000000E-01    5.0000000000E-01    2.8845027314E+02
    2.0500000000E+00   -3.4375000000E-01    5.0000000000E-01    2.8845023666E+02
    2.1500000000E+00   -3.4375000000E-01    5.0000000000E-01    2.8845020312E+02
    2.2500000000E+00   -3.4375000000E-01    5.0000000000E-01    2.8845017236E+02
    2.3500000000E+00   -3.4375000000E-01    5.0000000000E-01    2.8845014424E+02
    2.4500000000E+00   -3.4375000000E-01    5.0000000000E-01    2.8845011859E+02
    2.5500000000E+00   -3.4375000000E-01    5.0000000000E-01    2.8845009528E+02
    2.6500000000E+00   -3.4375000000E-01    5.0000000000E-01    2.8845007415E+02
    2.7500000000E+00   -3.4375000000E-01    5.0000000000E-01    2.8845005507E+02
    2.8500000000E+00   -3.4375000000E-01    5.0000000000E-01    2.8845003791E+02
    2.9500000000E+00   -3.4375000000E-01    5.0000000000E-01    2.8845002255E+02
    3.0500000000E+00   -3.4375000000E-01    5.0000000000E-01    2.8845000887E+02
    3.1500000000E+00   -3.4375000000E-01    5.0000000000E-01    2.8844999675E+02
    3.2500000000E+00   -3.4375000000E-01    5.0000000000E-01    2.8844998611E+02
    3.3500000000E+00   -3.4375000000E-01    5.0000000000E-01    2.8844997684E+02
    3.4500000000E+00   -3.4375000000E-01    5.0000000000E-01    2.8844996886E+02
    3.5500000000E+00   -3.4375000000E-01    5.0000000000E-01    2.8844996211E+02
    3.6500000000E+00   -3.4375000000E-01    5.0000000000E-01    2.8844995650E+02
    3.7500000000E+00   -3.4375000000E-01    5.0000000000E-01    2.8844995199E+02
    3.8500000000E+00   -3.4375000000E-01    5.0000000000E-01    2.8844994854E+02
    3.9500000000E+00   -3.4375000000E-01    5.0000000000E-01    2.8844994609E+02
    4.0500000000E+00   -3.4375000000E-01    5.0000000000E-01    2.8844994462E+02
    4.1500000000E+00   -3.4375000000E-01    5.0000000000E-01    2.8844994410E+02
    4.2500000000E+00   -3.4375000000E-01    5.0000000000E-01    2.8844994454E+02
    4.3500000000E+00   -3.4375000000E-01    5.0000000000E-01    2.8844994592E+02
    4.4500000000E+00   -3.4375000000E-01    5.0000000000E-01    2.8844994826E+02
    4.5500000000E+00   -3.4375000000E-01    5.0000000000E-01    2.8844995155E+02
    4.6500000000E+00   -3.4375000000E-01    5.0000000000E-01    2.8844995584E+02
    4.7500000000E+00   -3.4375000000E-01    5.0000000000E-01    2.8844996115E+02
    4.8500000000E+00   -3.4375000000E-01    5.0000000000E-01    2.8844996751E+02
    4.9500000000E+00   -3.4375000000E-01    5.0000000000E-01    2.8844997498E+02
    5.0500000000E+00   -3.4375000000E-01    5.0000000000E-01    2.8844998360E+02
    5.1500000000E+00   -3.4375000000E-01    5.0000000000E-01    2.8844999345E+02
    5.2500000000E+00   -3.4375000000E-01    5.0000000000E-01    2.8845000458E+02
    5.3500000000E+00   -3.4375000000E-01    5.0000000000E-01    2.8845001707E+02
    5.4500000000E+00   -3.4375000000E-01    5.0000000000E-01    2.8845003100E+02
    5.5500000000E+00   -3.4375000000E-01    5.0000000000E-01    2.8845004646E+02
    5.6500000000E+00   -3.4375000000E-01    5.0000000000E-01    2.8845006353E+02
    5.7500000000E+00   -3.4375000000E-01    5.0000000000E-01    2.8845008230E+02
    5.8500000000E+00   -3.4375000000E-01    5.0000000000E-01    2.8845010289E+02
    5.9500000000E+00   -3.4375000000E-01    5.0000000000E-01    2.8845012537E+02
    6.0500000000E+00   -3.4375000000E-01    5.0000000000E-01    2.8845014987E+02
    6.1500000000E+00   -3.4375000000E-01    5.0000000000E-01    2.8845017648E+02
    6.2500000000E+00   -3.4375000000E-01    5.0000000000E-01    2.8845020531E+02
    6.3500000000E+00   -3.4375000000E-01    5.0000000000E-01    2.8845023646E+02
    6.4500000000E+00   -3.4375000000E-01    5.0000000000E-01    2.8845027004E+02
    6.5500000000E+00   -3.4375000000E-01    5.0000000000E-01    2.8845030616E+02
    6.6500000000E+00   -3.4375000000E-01    5.0000000000E-01    2.8845034491E+02
    6.7500000000E+00   -3.4375000000E-01    5.0000000000E-01    2.8845038639E+02
    6.8500000000E+00   -3.4375000000E-01    5.0000000000E-01    2.8845043070E+02
    6.9500000000E+00   -3.4375000000E-01    5.0000000000E-01    2.8845047792E+02
    7.0500000000E+00   -3.4375000000E-01    5.0000000000E-01    2.8845052814E+02
    7.1500000000E+00   -3.4375000000E-01    5.0000000000E-01    2.8845058143E+02
    7.2500000000E+00   -3.4375000000E-01    5.0000000000E-01    2.8845063785E+02
    7.3500000000E+00   -3.4375000000E-01    5.0000000000E-01    2.8845069745E+02
    7.4500000000E+00   -3.4375000000E-01    5.0000000000E-01    2.8845076027E+02
    7.5500000000E+00   -3.4375000000E-01    5.0000000000E-01    2.8845082633E+02
    7.6500000000E+00   -3.4375000000E-01    5.0000000000E-01    2.8845089564E+02
    7.7500000000E+00   -3.4375000000E-01    5.0000000000E-01    2.8845096821E+02
    7.8500000000E+00   -3.4375000000E-01    5.0000000000E-01    2.8845104402E+02
    7.9500000000E+00   -3.4375000000E-01    5.0000000000E-01    2.8845112376E+02
    5.0000000000E-02   -3.3125000000E-01    5.0000000000E-01    2.8844161856E+02
    1.5000000000E-01   -3.3125000000E-01    5.0000000000E-01    2.8844150360E+02
    2.5000000000E-01   -3.3125000000E-01    5.0000000000E-01    2.8844139411E+02
    3.5000000000E-01   -3.3125000000E-01    5.0000000000E-01    2.8844128944E+02
    4.5000000000E-01   -3.3125000000E-01    5.0000000000E-01    2.8844118958E+02
    5.5000000000E-01   -3.3125000000E-01    5.0000000000E-01    2.8844109450E+02
    6.5000000000E-01   -3.3125000000E-01    5.0000000000E-01    2.8844100416E+02
    7.5000000000E-01   -3.3125000000E-01    5.0000000000E-01    2.8844091850E+02
    8.5000000000E-01   -3.3125000000E-01    5.0000000000E-01    2.8844083746E+02
    9.5000000000E-01   -3.3125000000E-01    5.0000000000E-01    2.8844076094E+02
    1.0500000000E+00   -3.3125000000E-01    5.0000000000E-01    2.8844068885E+02
    1.1500000000E+00   -3.3125000000E-01    5.0000000000E-01    2.8844062107E+02
    1.2500000000E+00   -3.3125000000E-01    5.0000000000E-01    2.8844055748E+02
    1.3500000000E+00   -3.3125000000E-01    5.0000000000E-01    2.8844049794E+02
    1.4500000000E+00   -3.3125000000E-01    5.0000000000E-01    2.8844044233E+02
    1.5500000000E+00   -3.3125000000E-01    5.0000000000E-01    2.8844039049E+02
    1.6500000000E+00   -3.3125000000E-01    5.0000000000E-01    2.8844034227E+02
    1.7500000000E+00   -3.3125000000E-01    5.0000000000E-01    2.8844029753E+02
    1.8500000000E+00   -3.3125000000E-01    5.0000000000E-01    2.8844025610E+02
    1.9500000000E+00   -3.3125000000E-01    5.0000000000E-01    2.8844021783E+02
    2.0500000000E+00   -3.3125000000E-01    5.0000000000E-01    2.8844018257E+02
    2.1500000000E+00   -3.3125000000E-01    5.0000000000E-01    2.8844015015E+02
    2.2500000000E+00   -3.3125000000E-01    5.0000000000E-01    2.8844012042E+02
    2.3500000000E+00   -3.3125000000E-01    5.0000000000E-01    2.8844009324E+02
    2.4500000000E+00   -3.3125000000E-01    5.0000000000E-01    2.8844006845E+02
    2.5500000000E+00   -3.3125000000E-01    5.0000000000E-01    2.8844004592E+02
    2.6500000000E+00   -3.3125000000E-01    5.0000000000E-01    2.8844002550E+02
    2.7500000000E+00   -3.3125000000E-01    5.0000000000E-01    2.8844000706E+02
    2.8500000000E+00   -3.3125000000E-01    5.0000000000E-01    2.8843999047E+02
    2.9500000000E+00   -3.3125000000E-01    5.0000000000E-01    2.8843997562E+02
    3.0500000000E+00   -3.3125000000E-01    5.0000000000E-01    2.8843996239E+02
    3.1500000000E+00   -3.3125000000E-01    5.0000000000E-01    2.8843995068E+02
    3.2500000000E+00   -3.3125000000E-01    5.0000000000E-01    2.8843994039E+02
    3.3500000000E+00   -3.3125000000E-01    5.0000000000E-01    2.8843993143E+02
    3.4500000000E+00   -3.3125000000E-01    5.0000000000E-01    2.8843992373E+02
    3.5500000000E+00   -3.3125000000E-01    5.0000000000E-01    2.8843991719E+02
    3.6500000000E+00   -3.3125000000E-01    5.0000000000E-01    2.8843991178E+02
    3.7500000000E+00   -3.3125000000E-01    5.0000000000E-01    2.8843990742E+02
    3.8500000000E+00   -3.3125000000E-01    5.0000000000E-01    2.8843990408E+02
    3.9500000000E+00   -3.3125000000E-01    5.0000000000E-01    2.8843990171E+02
    4.0500000000E+00   -3.3125000000E-01    5.0000000000E-01    2.8843990029E+02
    4.1500000000E+00   -3.3125000000E-01    5.0000000000E-01    2.8843989979E+02
    4.2500000000E+00   -3.3125000000E-01    5.0000000000E-01    2.8843990022E+02
    4.3500000000E+00   -3.3125000000E-01    5.0000000000E-01    2.8843990155E+02
    4.4500000000E+00   -3.3125000000E-01    5.0000000000E-01    2.8843990381E+02
    4.5500000000E+00   -3.3125000000E-01    5.0000000000E-01    2.8843990700E+02
    4.6500000000E+00   -3.3125000000E-01    5.0000000000E-01    2.8843991114E+02
    4.7500000000E+00   -3.3125000000E-01    5.0000000000E-01    2.8843991627E+02
    4.8500000000E+00   -3.3125000000E-01    5.0000000000E-01    2.8843992242E+02
    4.9500000000E+00   -3.3125000000E-01    5.0000000000E-01    2.8843992964E+02
    5.0500000000E+00   -3.3125000000E-01    5.0000000000E-01    2.8843993797E+02
    5.1500000000E+00   -3.3125000000E-01    5.0000000000E-01    2.8843994749E+02
    5.2500000000E+00   -3.3125000000E-01    5.0000000000E-01    2.8843995825E+02
    5.3500000000E+00   -3.3125000000E-01    5.0000000000E-01    2.8843997032E+02
    5.4500000000E+00   -3.3125000000E-01    5.0000000000E-01    2.8843998379E+02
    5.5500000000E+00   -3.3125000000E-01    5.0000000000E-01    2.8843999873E+02
    5.6500000000E+00   -3.3125000000E-01    5.0000000000E-01    2.8844001523E+02
    5.7500000000E+00   -3.3125000000E-01    5.0000000000E-01    2.8844003337E+02
    5.8500000000E+00   -3.3125000000E-01    5.0000000000E-01    2.8844005327E+02
    5.9500000000E+00   -3.3125000000E-01    5.0000000000E-01    2.8844007500E+02
    6.0500000000E+00   -3.3125000000E-01    5.0000000000E-01    2.8844009868E+02
    6.1500000000E+00   -3.3125000000E-01    5.0000000000E-01    2.8844012440E+02
    6.2500000000E+00   -3.3125000000E-01    5.0000000000E-01    2.8844015226E+02
    6.3500000000E+00   -3.3125000000E-01    5.0000000000E-01    2.8844018237E+02
    6.4500000000E+00   -3.3125000000E-01    5.0000000000E-01    2.8844021483E+02
    6.5500000000E+00   -3.3125000000E-01    5.0000000000E-01    2.8844024973E+02
    6.6500000000E+00   -3.3125000000E-01    5.0000000000E-01    2.8844028719E+02
    6.7500000000E+00   -3.3125000000E-01    5.0000000000E-01    2.8844032728E+02
    6.8500000000E+00   -3.3125000000E-01    5.0000000000E-01    2.8844037011E+02
    6.9500000000E+00   -3.3125000000E-01    5.0000000000E-01    2.8844041575E+02
    7.0500000000E+00   -3.3125000000E-01    5.0000000000E-01    2.8844046429E+02
    7.1500000000E+00   -3.3125000000E-01    5.0000000000E-01    2.8844051579E+02
    7.2500000000E+00   -3.3125000000E-01    5.0000000000E-01    2.8844057032E+02
    7.3500000000E+00   -3.3125000000E-01    5.0000000000E-01    2.8844062792E+02
    7.4500000000E+00   -3.3125000000E-01    5.0000000000E-01    2.8844068863E+02
    7.5500000000E+00   -3.3125000000E-01    5.0000000000E-01    2.8844075247E+02
    7.6500000000E+00   -3.3125000000E-01    5.0000000000E-01    2.8844081946E+02
    7.7500000000E+00   -3.3125000000E-01    5.0000000000E-01    2.8844088960E+02
    7.8500000000E+00   -3.3125000000E-01    5.0000000000E-01    2.8844096287E+02
    7.9500000000E+00   -3.3125000000E-01    5.0000000000E-01    2.8844103993E+02
    5.0000000000E-02   -3.1875000000E-01    5.0000000000E-01    2.8843144152E+02
    1.5000000000E-01   -3.1875000000E-01    5.0000000000E-01    2.8843133056E+02
    2.5000000000E-01   -3.1875000000E-01    5.0000000000E-01    2.8843122490E+02
    3.5000000000E-01   -3.1875000000E-01    5.0000000000E-01    2.8843112389E+02
    4.5000000000E-01   -3.1875000000E-01    5.0000000000E-01    2.8843102752E+02
    5.5000000000E-01   -3.1875000000E-01    5.0000000000E-01    2.8843093576E+02
    6.5000000000E-01   -3.1875000000E-01    5.0000000000E-01    2.8843084857E+02
    7.5000000000E-01   -3.1875000000E-01    5.0000000000E-01    2.8843076591E+02
    8.5000000000E-01   -3.1875000000E-01    5.0000000000E-01    2.8843068769E+02
    9.5000000000E-01   -3.1875000000E-01    5.0000000000E-01    2.8843061385E+02
    1.0500000000E+00   -3.1875000000E-01    5.0000000000E-01    2.8843054427E+02
    1.1500000000E+00   -3.1875000000E-01    5.0000000000E-01    2.8843047885E+02
    1.2500000000E+00   -3.1875000000E-01    5.0000000000E-01    2.8843041748E+02
    1.3500000000E+00   -3.1875000000E-01    5.0000000000E-01    2.8843036003E+02
    1.4500000000E+00   -3.1875000000E-01    5.0000000000E-01    2.8843030635E+02
    1.5500000000E+00   -3.1875000000E-01    5.0000000000E-01    2.8843025632E+02
    1.6500000000E+00   -3.1875000000E-01    5.0000000000E-01    2.8843020979E+02
    1.7500000000E+00   -3.1875000000E-01    5.0000000000E-01    2.8843016660E+02
    1.8500000000E+00   -3.1875000000E-01    5.0000000000E-01    2.8843012662E+02
    1.9500000000E+00   -3.1875000000E-01    5.0000000000E-01    2.8843008968E+02
    2.0500000000E+00   -3.1875000000E-01    5.0000000000E-01    2.8843005565E+02
    2.1500000000E+00   -3.1875000000E-01    5.0000000000E-01    2.8843002436E+02
    2.2500000000E+00   -3.1875000000E-01    5.0000000000E-01    2.8842999567E+02
    2.3500000000E+00   -3.1875000000E-01    5.0000000000E-01    2.8842996943E+02
    2.4500000000E+00   -3.1875000000E-01    5.0000000000E-01    2.8842994551E+02
    2.5500000000E+00   -3.1875000000E-01    5.0000000000E-01    2.8842992376E+02
    2.6500000000E+00   -3.1875000000E-01    5.0000000000E-01    2.8842990405E+02
    2.7500000000E+00   -3.1875000000E-01    5.0000000000E-01    2.8842988625E+02
    2.8500000000E+00   -3.1875000000E-01    5.0000000000E-01    2.8842987025E+02
    2.9500000000E+00   -3.1875000000E-01    5.0000000000E-01    2.8842985591E+02
    3.0500000000E+00   -3.1875000000E-01    5.0000000000E-01    2.8842984315E+02
    3.1500000000E+00   -3.1875000000E-01    5.0000000000E-01    2.8842983184E+02
    3.2500000000E+00   -3.1875000000E-01    5.0000000000E-01    2.8842982191E+02
    3.3500000000E+00   -3.1875000000E-01    5.0000000000E-01    2.8842981326E+02
    3.4500000000E+00   -3.1875000000E-01    5.0000000000E-01    2.8842980582E+02
    3.5500000000E+00   -3.1875000000E-01    5.0000000000E-01    2.8842979952E+02
    3.6500000000E+00   -3.1875000000E-01    5.0000000000E-01    2.8842979429E+02
    3.7500000000E+00   -3.1875000000E-01    5.0000000000E-01    2.8842979009E+02
    3.8500000000E+00   -3.1875000000E-01    5.0000000000E-01    2.8842978686E+02
    3.9500000000E+00   -3.1875000000E-01    5.0000000000E-01    2.8842978457E+02
    4.0500000000E+00   -3.1875000000E-01    5.0000000000E-01    2.8842978320E+02
    4.1500000000E+00   -3.1875000000E-01    5.0000000000E-01    2.8842978273E+02
    4.2500000000E+00   -3.1875000000E-01    5.0000000000E-01    2.8842978313E+02
    4.3500000000E+00   -3.1875000000E-01    5.0000000000E-01    2.8842978442E+02
    4.4500000000E+00   -3.1875000000E-01    5.0000000000E-01    2.8842978660E+02
    4.5500000000E+00   -3.1875000000E-01    5.0000000000E-01    2.8842978968E+02
    4.6500000000E+00   -3.1875000000E-01    5.0000000000E-01    2.8842979368E+02
    4.7500000000E+00   -3.1875000000E-01    5.0000000000E-01    2.8842979863E+02
    4.8500000000E+00   -3.1875000000E-01    5.0000000000E-01    2.8842980456E+02
    4.9500000000E+00   -3.1875000000E-01    5.0000000000E-01    2.8842981153E+02
    5.0500000000E+00   -3.1875000000E-01    5.0000000000E-01    2.8842981958E+02
    5.1500000000E+00   -3.1875000000E-01    5.0000000000E-01    2.8842982876E+02
    5.2500000000E+00   -3.1875000000E-01    5.0000000000E-01    2.8842983915E+02
    5.3500000000E+00   -3.1875000000E-01    5.0000000000E-01    2.8842985080E+02
    5.4500000000E+00   -3.1875000000E-01    5.0000000000E-01    2.8842986379E+02
    5.5500000000E+00   -3.1875000000E-01    5.0000000000E-01    2.8842987821E+02
    5.6500000000E+00   -3.1875000000E-01    5.0000000000E-01    2.8842989414E+02
    5.7500000000E+00   -3.1875000000E-01    5.0000000000E-01    2.8842991165E+02
    5.8500000000E+00   -3.1875000000E-01    5.0000000000E-01    2.8842993085E+02
    5.9500000000E+00   -3.1875000000E-01    5.0000000000E-01    2.8842995183E+02
    6.0500000000E+00   -3.1875000000E-01    5.0000000000E-01    2.8842997468E+02
    6.1500000000E+00   -3.1875000000E-01    5.0000000000E-01    2.8842999950E+02
    6.2500000000E+00   -3.1875000000E-01    5.0000000000E-01    2.8843002639E+02
    6.3500000000E+00   -3.1875000000E-01    5.0000000000E-01    2.8843005545E+02
    6.4500000000E+00   -3.1875000000E-01    5.0000000000E-01    2.8843008678E+02
    6.5500000000E+00   -3.1875000000E-01    5.0000000000E-01    2.8843012047E+02
    6.6500000000E+00   -3.1875000000E-01    5.0000000000E-01    2.8843015662E+02
    6.7500000000E+00   -3.1875000000E-01    5.0000000000E-01    2.8843019531E+02
    6.8500000000E+00   -3.1875000000E-01    5.0000000000E-01    2.8843023664E+02
    6.9500000000E+00   -3.1875000000E-01    5.0000000000E-01    2.8843028069E+02
    7.0500000000E+00   -3.1875000000E-01    5.0000000000E-01    2.8843032753E+02
    7.1500000000E+00   -3.1875000000E-01    5.0000000000E-01    2.8843037724E+02
    7.2500000000E+00   -3.1875000000E-01    5.0000000000E-01    2.8843042986E+02
    7.3500000000E+00   -3.1875000000E-01    5.0000000000E-01    2.8843048545E+02
    7.4500000000E+00   -3.1875000000E-01    5.0000000000E-01    2.8843054403E+02
    7.5500000000E+00   -3.1875000000E-01    5.0000000000E-01    2.8843060565E+02
    7.6500000000E+00   -3.1875000000E-01    5.0000000000E-01    2.8843067030E+02
    7.7500000000E+00   -3.1875000000E-01    5.0000000000E-01    2.8843073798E+02
    7.8500000000E+00   -3.1875000000E-01    5.0000000000E-01    2.8843080869E+02
    7.9500000000E+00   -3.1875000000E-01    5.0000000000E-01    2.8843088306E+02
    5.0000000000E-02   -3.0625000000E-01    5.0000000000E-01    2.8842119390E+02
    1.5000000000E-01   -3.0625000000E-01    5.0000000000E-01    2.8842108699E+02
    2.5000000000E-01   -3.0625000000E-01    5.0000000000E-01    2.8842098517E+02
    3.5000000000E-01   -3.0625000000E-01    5.0000000000E-01    2.8842088784E+02
    4.5000000000E-01   -3.0625000000E-01    5.0000000000E-01    2.8842079498E+02
    5.5000000000E-01   -3.0625000000E-01    5.0000000000E-01    2.8842070657E+02
    6.5000000000E-01   -3.0625000000E-01    5.0000000000E-01    2.8842062256E+02
    7.5000000000E-01   -3.0625000000E-01    5.0000000000E-01    2.8842054290E+02
    8.5000000000E-01   -3.0625000000E-01    5.0000000000E-01    2.8842046754E+02
    9.5000000000E-01   -3.0625000000E-01    5.0000000000E-01    2.8842039638E+02
    1.0500000000E+00   -3.0625000000E-01    5.0000000000E-01    2.8842032934E+02
    1.1500000000E+00   -3.0625000000E-01    5.0000000000E-01    2.8842026630E+02
    1.2500000000E+00   -3.0625000000E-01    5.0000000000E-01    2.8842020717E+02
    1.3500000000E+00   -3.0625000000E-01    5.0000000000E-01    2.8842015180E+02
    1.4500000000E+00   -3.0625000000E-01    5.0000000000E-01    2.8842010008E+02
    1.5500000000E+00   -3.0625000000E-01    5.0000000000E-01    2.8842005187E+02
    1.6500000000E+00   -3.0625000000E-01    5.0000000000E-01    2.8842000703E+02
    1.7500000000E+00   -3.0625000000E-01    5.0000000000E-01    2.8841996542E+02
    1.8500000000E+00   -3.0625000000E-01    5.0000000000E-01    2.8841992689E+02
    1.9500000000E+00   -3.0625000000E-01    5.0000000000E-01    2.8841989130E+02
    2.0500000000E+00   -3.0625000000E-01    5.0000000000E-01    2.8841985850E+02
    2.1500000000E+00   -3.0625000000E-01    5.0000000000E-01    2.8841982835E+02
    2.2500000000E+00   -3.0625000000E-01    5.0000000000E-01    2.8841980070E+02
    2.3500000000E+00   -3.0625000000E-01    5.0000000000E-01    2.8841977542E+02
    2.4500000000E+00   -3.0625000000E-01    5.0000000000E-01    2.8841975237E+02
    2.5500000000E+00   -3.0625000000E-01    5.0000000000E-01    2.8841973141E+02
    2.6500000000E+00   -3.0625000000E-01    5.0000000000E-01    2.8841971241E+02
    2.7500000000E+00   -3.0625000000E-01    5.0000000000E-01    2.8841969526E+02
    2.8500000000E+00   -3.0625000000E-01    5.0000000000E-01    2.8841967984E+02
    2.9500000000E+00   -3.0625000000E-01    5.0000000000E-01    2.8841966603E+02
    3.0500000000E+00   -3.0625000000E-01    5.0000000000E-01    2.8841965372E+02
    3.1500000000E+00   -3.0625000000E-01    5.0000000000E-01    2.8841964283E+02
    3.2500000000E+00   -3.0625000000E-01    5.0000000000E-01    2.8841963326E+02
    3.3500000000E+00   -3.0625000000E-01    5.0000000000E-01    2.8841962493E+02
    3.4500000000E+00   -3.0625000000E-01    5.0000000000E-01    2.8841961776E+02
    3.5500000000E+00   -3.0625000000E-01    5.0000000000E-01    2.8841961168E+02
    3.6500000000E+00   -3.0625000000E-01    5.0000000000E-01    2.8841960665E+02
    3.7500000000E+00   -3.0625000000E-01    5.0000000000E-01    2.8841960259E+02
    3.8500000000E+00   -3.0625000000E-01    5.0000000000E-01    2.8841959948E+02
    3.9500000000E+00   -3.0625000000E-01    5.0000000000E-01    2.8841959728E+02
    4.0500000000E+00   -3.0625000000E-01    5.0000000000E-01    2.8841959596E+02
    4.1500000000E+00   -3.0625000000E-01    5.0000000000E-01    2.8841959550E+02
    4.2500000000E+00   -3.0625000000E-01    5.0000000000E-01    2.8841959589E+02
    4.3500000000E+00   -3.0625000000E-01    5.0000000000E-01    2.8841959713E+02
    4.4500000000E+00   -3.0625000000E-01    5.0000000000E-01    2.8841959923E+02
    4.5500000000E+00   -3.0625000000E-01    5.0000000000E-01    2.8841960220E+02
    4.6500000000E+00   -3.0625000000E-01    5.0000000000E-01    2.8841960605E+02
    4.7500000000E+00   -3.0625000000E-01    5.0000000000E-01    2.8841961082E+02
    4.8500000000E+00   -3.0625000000E-01    5.0000000000E-01    2.8841961654E+02
    4.9500000000E+00   -3.0625000000E-01    5.0000000000E-01    2.8841962325E+02
    5.0500000000E+00   -3.0625000000E-01    5.0000000000E-01    2.8841963101E+02
    5.1500000000E+00   -3.0625000000E-01    5.0000000000E-01    2.8841963986E+02
    5.2500000000E+00   -3.0625000000E-01    5.0000000000E-01    2.8841964987E+02
    5.3500000000E+00   -3.0625000000E-01    5.0000000000E-01    2.8841966110E+02
    5.4500000000E+00   -3.0625000000E-01    5.0000000000E-01    2.8841967362E+02
    5.5500000000E+00   -3.0625000000E-01    5.0000000000E-01    2.8841968751E+02
    5.6500000000E+00   -3.0625000000E-01    5.0000000000E-01    2.8841970286E+02
    5.7500000000E+00   -3.0625000000E-01    5.0000000000E-01    2.8841971974E+02
    5.8500000000E+00   -3.0625000000E-01    5.0000000000E-01    2.8841973824E+02
    5.9500000000E+00   -3.0625000000E-01    5.0000000000E-01    2.8841975845E+02
    6.0500000000E+00   -3.0625000000E-01    5.0000000000E-01    2.8841978047E+02
    6.1500000000E+00   -3.0625000000E-01    5.0000000000E-01    2.8841980439E+02
    6.2500000000E+00   -3.0625000000E-01    5.0000000000E-01    2.8841983030E+02
    6.3500000000E+00   -3.0625000000E-01    5.0000000000E-01    2.8841985831E+02
    6.4500000000E+00   -3.0625000000E-01    5.0000000000E-01    2.8841988849E+02
    6.5500000000E+00   -3.0625000000E-01    5.0000000000E-01    2.8841992096E+02
    6.6500000000E+00   -3.0625000000E-01    5.0000000000E-01    2.8841995579E+02
    6.7500000000E+00   -3.0625000000E-01    5.0000000000E-01    2.8841999307E+02
    6.8500000000E+00   -3.0625000000E-01    5.0000000000E-01    2.8842003290E+02
    6.9500000000E+00   -3.0625000000E-01    5.0000000000E-01    2.8842007535E+02
    7.0500000000E+00   -3.0625000000E-01    5.0000000000E-01    2.8842012048E+02
    7.1500000000E+00   -3.0625000000E-01    5.0000000000E-01    2.8842016837E+02
    7.2500000000E+00   -3.0625000000E-01    5.0000000000E-01    2.8842021908E+02
    7.3500000000E+00   -3.0625000000E-01    5.0000000000E-01    2.8842027264E+02
    7.4500000000E+00   -3.0625000000E-01    5.0000000000E-01    2.8842032909E+02
    7.5500000000E+00   -3.0625000000E-01    5.0000000000E-01    2.8842038846E+02
    7.6500000000E+00   -3.0625000000E-01    5.0000000000E-01    2.8842045075E+02
    7.7500000000E+00   -3.0625000000E-01    5.0000000000E-01    2.8842051596E+02
    7.8500000000E+00   -3.0625000000E-01    5.0000000000E-01    2.8842058409E+02
    7.9500000000E+00   -3.0625000000E-01    5.0000000000E-01    2.8842065575E+02
    5.0000000000E-02   -2.9375000000E-01    5.0000000000E-01    2.8841087833E+02
    1.5000000000E-01   -2.9375000000E-01    5.0000000000E-01    2.8841077549E+02
    2.5000000000E-01   -2.9375000000E-01    5.0000000000E-01    2.8841067755E+02
    3.5000000000E-01   -2.9375000000E-01    5.0000000000E-01    2.8841058392E+02
    4.5000000000E-01   -2.9375000000E-01    5.0000000000E-01    2.8841049460E+02
    5.5000000000E-01   -2.9375000000E-01    5.0000000000E-01    2.8841040955E+02
    6.5000000000E-01   -2.9375000000E-01    5.0000000000E-01    2.8841032874E+02
    7.5000000000E-01   -2.9375000000E-01    5.0000000000E-01    2.8841025211E+02
    8.5000000000E-01   -2.9375000000E-01    5.0000000000E-01    2.8841017962E+02
    9.5000000000E-01   -2.9375000000E-01    5.0000000000E-01    2.8841011117E+02
    1.0500000000E+00   -2.9375000000E-01    5.0000000000E-01    2.8841004667E+02
    1.1500000000E+00   -2.9375000000E-01    5.0000000000E-01    2.8840998604E+02
    1.2500000000E+00   -2.9375000000E-01    5.0000000000E-01    2.8840992915E+02
    1.3500000000E+00   -2.9375000000E-01    5.0000000000E-01    2.8840987589E+02
    1.4500000000E+00   -2.9375000000E-01    5.0000000000E-01    2.8840982614E+02
    1.5500000000E+00   -2.9375000000E-01    5.0000000000E-01    2.8840977976E+02
    1.6500000000E+00   -2.9375000000E-01    5.0000000000E-01    2.8840973662E+02
    1.7500000000E+00   -2.9375000000E-01    5.0000000000E-01    2.8840969659E+02
    1.8500000000E+00   -2.9375000000E-01    5.0000000000E-01    2.8840965953E+02
    1.9500000000E+00   -2.9375000000E-01    5.0000000000E-01    2.8840962529E+02
    2.0500000000E+00   -2.9375000000E-01    5.0000000000E-01    2.8840959373E+02
    2.1500000000E+00   -2.9375000000E-01    5.0000000000E-01    2.8840956473E+02
    2.2500000000E+00   -2.9375000000E-01    5.0000000000E-01    2.8840953813E+02
    2.3500000000E+00   -2.9375000000E-01    5.0000000000E-01    2.8840951381E+02
    2.4500000000E+00   -2.9375000000E-01    5.0000000000E-01    2.8840949164E+02
    2.5500000000E+00   -2.9375000000E-01    5.0000000000E-01    2.8840947147E+02
    2.6500000000E+00   -2.9375000000E-01    5.0000000000E-01    2.8840945320E+02
    2.7500000000E+00   -2.9375000000E-01    5.0000000000E-01    2.8840943670E+02
    2.8500000000E+00   -2.9375000000E-01    5.0000000000E-01    2.8840942186E+02
    2.9500000000E+00   -2.9375000000E-01    5.0000000000E-01    2.8840940857E+02
    3.0500000000E+00   -2.9375000000E-01    5.0000000000E-01    2.8840939674E+02
    3.1500000000E+00   -2.9375000000E-01    5.0000000000E-01    2.8840938626E+02
    3.2500000000E+00   -2.9375000000E-01    5.0000000000E-01    2.8840937705E+02
    3.3500000000E+00   -2.9375000000E-01    5.0000000000E-01    2.8840936904E+02
    3.4500000000E+00   -2.9375000000E-01    5.0000000000E-01    2.8840936214E+02
    3.5500000000E+00   -2.9375000000E-01    5.0000000000E-01    2.8840935630E+02
    3.6500000000E+00   -2.9375000000E-01    5.0000000000E-01    2.8840935145E+02
    3.7500000000E+00   -2.9375000000E-01    5.0000000000E-01    2.8840934755E+02
    3.8500000000E+00   -2.9375000000E-01    5.0000000000E-01    2.8840934456E+02
    3.9500000000E+00   -2.9375000000E-01    5.0000000000E-01    2.8840934244E+02
    4.0500000000E+00   -2.9375000000E-01    5.0000000000E-01    2.8840934117E+02
    4.1500000000E+00   -2.9375000000E-01    5.0000000000E-01    2.8840934072E+02
    4.2500000000E+00   -2.9375000000E-01    5.0000000000E-01    2.8840934110E+02
    4.3500000000E+00   -2.9375000000E-01    5.0000000000E-01    2.8840934230E+02
    4.4500000000E+00   -2.9375000000E-01    5.0000000000E-01    2.8840934431E+02
    4.5500000000E+00   -2.9375000000E-01    5.0000000000E-01    2.8840934717E+02
    4.6500000000E+00   -2.9375000000E-01    5.0000000000E-01    2.8840935087E+02
    4.7500000000E+00   -2.9375000000E-01    5.0000000000E-01    2.8840935546E+02
    4.8500000000E+00   -2.9375000000E-01    5.0000000000E-01    2.8840936097E+02
    4.9500000000E+00   -2.9375000000E-01    5.0000000000E-01    2.8840936743E+02
    5.0500000000E+00   -2.9375000000E-01    5.0000000000E-01    2.8840937489E+02
    5.1500000000E+00   -2.9375000000E-01    5.0000000000E-01    2.8840938340E+02
    5.2500000000E+00   -2.9375000000E-01    5.0000000000E-01    2.8840939303E+02
    5.3500000000E+00   -2.9375000000E-01    5.0000000000E-01    2.8840940383E+02
    5.4500000000E+00   -2.9375000000E-01    5.0000000000E-01    2.8840941588E+02
    5.5500000000E+00   -2.9375000000E-01    5.0000000000E-01    2.8840942924E+02
    5.6500000000E+00   -2.9375000000E-01    5.0000000000E-01    2.8840944401E+02
    5.7500000000E+00   -2.9375000000E-01    5.0000000000E-01    2.8840946024E+02
    5.8500000000E+00   -2.9375000000E-01    5.0000000000E-01    2.8840947804E+02
    5.9500000000E+00   -2.9375000000E-01    5.0000000000E-01    2.8840949749E+02
    6.0500000000E+00   -2.9375000000E-01    5.0000000000E-01    2.8840951867E+02
    6.1500000000E+00   -2.9375000000E-01    5.0000000000E-01    2.8840954168E+02
    6.2500000000E+00   -2.9375000000E-01    5.0000000000E-01    2.8840956661E+02
    6.3500000000E+00   -2.9375000000E-01    5.0000000000E-01    2.8840959355E+02
    6.4500000000E+00   -2.9375000000E-01    5.0000000000E-01    2.8840962258E+02
    6.5500000000E+00   -2.9375000000E-01    5.0000000000E-01    2.8840965381E+02
    6.6500000000E+00   -2.9375000000E-01    5.0000000000E-01    2.8840968732E+02
    6.7500000000E+00   -2.9375000000E-01    5.0000000000E-01    2.8840972319E+02
    6.8500000000E+00   -2.9375000000E-01    5.0000000000E-01    2.8840976150E+02
    6.9500000000E+00   -2.9375000000E-01    5.0000000000E-01    2.8840980233E+02
    7.0500000000E+00   -2.9375000000E-01    5.0000000000E-01    2.8840984575E+02
    7.1500000000E+00   -2.9375000000E-01    5.0000000000E-01    2.8840989182E+02
    7.2500000000E+00   -2.9375000000E-01    5.0000000000E-01    2.8840994059E+02
    7.3500000000E+00   -2.9375000000E-01    5.0000000000E-01    2.8840999211E+02
    7.4500000000E+00   -2.9375000000E-01    5.0000000000E-01    2.8841004642E+02
    7.5500000000E+00   -2.9375000000E-01    5.0000000000E-01    2.8841010352E+02
    7.6500000000E+00   -2.9375000000E-01    5.0000000000E-01    2.8841016344E+02
    7.7500000000E+00   -2.9375000000E-01    5.0000000000E-01    2.8841022617E+02
    7.8500000000E+00   -2.9375000000E-01    5.0000000000E-01    2.8841029170E+02
    7.9500000000E+00   -2.9375000000E-01    5.0000000000E-01    2.8841036064E+02
    5.0000000000E-02   -2.8125000000E-01    5.0000000000E-01    2.8840049746E+02
    1.5000000000E-01   -2.8125000000E-01    5.0000000000E-01    2.8840039871E+02
    2.5000000000E-01   -2.8125000000E-01    5.0000000000E-01    2.8840030467E+02
    3.5000000000E-01   -2.8125000000E-01    5.0000000000E-01    2.8840021478E+02
    4.5000000000E-01   -2.8125000000E-01    5.0000000000E-01    2.8840012901E+02
    5.5000000000E-01   -2.8125000000E-01    5.0000000000E-01    2.8840004734E+02
    6.5000000000E-01   -2.8125000000E-01    5.0000000000E-01    2.8839996975E+02
    7.5000000000E-01   -2.8125000000E-01    5.0000000000E-01    2.8839989618E+02
    8.5000000000E-01   -2.8125000000E-01    5.0000000000E-01    2.8839982657E+02
    9.5000000000E-01   -2.8125000000E-01    5.0000000000E-01    2.8839976084E+02
    1.0500000000E+00   -2.8125000000E-01    5.0000000000E-01    2.8839969891E+02
    1.1500000000E+00   -2.8125000000E-01    5.0000000000E-01    2.8839964069E+02
    1.2500000000E+00   -2.8125000000E-01    5.0000000000E-01    2.8839958607E+02
    1.3500000000E+00   -2.8125000000E-01    5.0000000000E-01    2.8839953492E+02
    1.4500000000E+00   -2.8125000000E-01    5.0000000000E-01    2.8839948715E+02
    1.5500000000E+00   -2.8125000000E-01    5.0000000000E-01    2.8839944262E+02
    1.6500000000E+00   -2.8125000000E-01    5.0000000000E-01    2.8839940120E+02
    1.7500000000E+00   -2.8125000000E-01    5.0000000000E-01    2.8839936276E+02
    1.8500000000E+00   -2.8125000000E-01    5.0000000000E-01    2.8839932717E+02
    1.9500000000E+00   -2.8125000000E-01    5.0000000000E-01    2.8839929429E+02
    2.0500000000E+00   -2.8125000000E-01    5.0000000000E-01    2.8839926399E+02
    2.1500000000E+00   -2.8125000000E-01    5.0000000000E-01    2.8839923614E+02
    2.2500000000E+00   -2.8125000000E-01    5.0000000000E-01    2.8839921060E+02
    2.3500000000E+00   -2.8125000000E-01    5.0000000000E-01    2.8839918725E+02
    2.4500000000E+00   -2.8125000000E-01    5.0000000000E-01    2.8839916595E+02
    2.5500000000E+00   -2.8125000000E-01    5.0000000000E-01    2.8839914659E+02
    2.6500000000E+00   -2.8125000000E-01    5.0000000000E-01    2.8839912904E+02
    2.7500000000E+00   -2.8125000000E-01    5.0000000000E-01    2.8839911320E+02
    2.8500000000E+00   -2.8125000000E-01    5.0000000000E-01    2.8839909895E+02
    2.9500000000E+00   -2.8125000000E-01    5.0000000000E-01    2.8839908619E+02
    3.0500000000E+00   -2.8125000000E-01    5.0000000000E-01    2.8839907482E+02
    3.1500000000E+00   -2.8125000000E-01    5.0000000000E-01    2.8839906476E+02
    3.2500000000E+00   -2.8125000000E-01    5.0000000000E-01    2.8839905592E+02
    3.3500000000E+00   -2.8125000000E-01    5.0000000000E-01    2.8839904822E+02
    3.4500000000E+00   -2.8125000000E-01    5.0000000000E-01    2.8839904160E+02
    3.5500000000E+00   -2.8125000000E-01    5.0000000000E-01    2.8839903599E+02
    3.6500000000E+00   -2.8125000000E-01    5.0000000000E-01    2.8839903133E+02
    3.7500000000E+00   -2.8125000000E-01    5.0000000000E-01    2.8839902759E+02
    3.8500000000E+00   -2.8125000000E-01    5.0000000000E-01    2.8839902472E+02
    3.9500000000E+00   -2.8125000000E-01    5.0000000000E-01    2.8839902268E+02
    4.0500000000E+00   -2.8125000000E-01    5.0000000000E-01    2.8839902146E+02
    4.1500000000E+00   -2.8125000000E-01    5.0000000000E-01    2.8839902103E+02
    4.2500000000E+00   -2.8125000000E-01    5.0000000000E-01    2.8839902140E+02
    4.3500000000E+00   -2.8125000000E-01    5.0000000000E-01    2.8839902255E+02
    4.4500000000E+00   -2.8125000000E-01    5.0000000000E-01    2.8839902448E+02
    4.5500000000E+00   -2.8125000000E-01    5.0000000000E-01    2.8839902722E+02
    4.6500000000E+00   -2.8125000000E-01    5.0000000000E-01    2.8839903078E+02
    4.7500000000E+00   -2.8125000000E-01    5.0000000000E-01    2.8839903519E+02
    4.8500000000E+00   -2.8125000000E-01    5.0000000000E-01    2.8839904047E+02
    4.9500000000E+00   -2.8125000000E-01    5.0000000000E-01    2.8839904667E+02
    5.0500000000E+00   -2.8125000000E-01    5.0000000000E-01    2.8839905384E+02
    5.1500000000E+00   -2.8125000000E-01    5.0000000000E-01    2.8839906201E+02
    5.2500000000E+00   -2.8125000000E-01    5.0000000000E-01    2.8839907126E+02
    5.3500000000E+00   -2.8125000000E-01    5.0000000000E-01    2.8839908163E+02
    5.4500000000E+00   -2.8125000000E-01    5.0000000000E-01    2.8839909320E+02
    5.5500000000E+00   -2.8125000000E-01    5.0000000000E-01    2.8839910604E+02
    5.6500000000E+00   -2.8125000000E-01    5.0000000000E-01    2.8839912021E+02
    5.7500000000E+00   -2.8125000000E-01    5.0000000000E-01    2.8839913580E+02
    5.8500000000E+00   -2.8125000000E-01    5.0000000000E-01    2.8839915289E+02
    5.9500000000E+00   -2.8125000000E-01    5.0000000000E-01    2.8839917157E+02
    6.0500000000E+00   -2.8125000000E-01    5.0000000000E-01    2.8839919191E+02
    6.1500000000E+00   -2.8125000000E-01    5.0000000000E-01    2.8839921400E+02
    6.2500000000E+00   -2.8125000000E-01    5.0000000000E-01    2.8839923794E+02
    6.3500000000E+00   -2.8125000000E-01    5.0000000000E-01    2.8839926381E+02
    6.4500000000E+00   -2.8125000000E-01    5.0000000000E-01    2.8839929169E+02
    6.5500000000E+00   -2.8125000000E-01    5.0000000000E-01    2.8839932168E+02
    6.6500000000E+00   -2.8125000000E-01    5.0000000000E-01    2.8839935385E+02
    6.7500000000E+00   -2.8125000000E-01    5.0000000000E-01    2.8839938829E+02
    6.8500000000E+00   -2.8125000000E-01    5.0000000000E-01    2.8839942508E+02
    6.9500000000E+00   -2.8125000000E-01    5.0000000000E-01    2.8839946428E+02
    7.0500000000E+00   -2.8125000000E-01    5.0000000000E-01    2.8839950598E+02
    7.1500000000E+00   -2.8125000000E-01    5.0000000000E-01    2.8839955021E+02
    7.2500000000E+00   -2.8125000000E-01    5.0000000000E-01    2.8839959704E+02
    7.3500000000E+00   -2.8125000000E-01    5.0000000000E-01    2.8839964651E+02
    7.4500000000E+00   -2.8125000000E-01    5.0000000000E-01    2.8839969865E+02
    7.5500000000E+00   -2.8125000000E-01    5.0000000000E-01    2.8839975348E+02
    7.6500000000E+00   -2.8125000000E-01    5.0000000000E-01    2.8839981101E+02
    7.7500000000E+00   -2.8125000000E-01    5.0000000000E-01    2.8839987124E+02
    7.8500000000E+00   -2.8125000000E-01    5.0000000000E-01    2.8839993416E+02
    7.9500000000E+00   -2.8125000000E-01    5.0000000000E-01    2.8840000036E+02
    5.0000000000E-02   -2.6875000000E-01    5.0000000000E-01    2.8839005396E+02
    1.5000000000E-01   -2.6875000000E-01    5.0000000000E-01    2.8838995932E+02
    2.5000000000E-01   -2.6875000000E-01    5.0000000000E-01    2.8838986921E+02
    3.5000000000E-01   -2.6875000000E-01    5.0000000000E-01    2.8838978306E+02
    4.5000000000E-01   -2.6875000000E-01    5.0000000000E-01    2.8838970087E+02
    5.5000000000E-01   -2.6875000000E-01    5.0000000000E-01    2.8838962261E+02
    6.5000000000E-01   -2.6875000000E-01    5.0000000000E-01    2.8838954826E+02
    7.5000000000E-01   -2.6875000000E-01    5.0000000000E-01    2.8838947775E+02
    8.5000000000E-01   -2.6875000000E-01    5.0000000000E-01    2.8838941104E+02
    9.5000000000E-01   -2.6875000000E-01    5.0000000000E-01    2.8838934806E+02
    1.0500000000E+00   -2.6875000000E-01    5.0000000000E-01    2.8838928871E+02
    1.1500000000E+00   -2.6875000000E-01    5.0000000000E-01    2.8838923292E+02
    1.2500000000E+00   -2.6875000000E-01    5.0000000000E-01    2.8838918057E+02
    1.3500000000E+00   -2.6875000000E-01    5.0000000000E-01    2.8838913156E+02
    1.4500000000E+00   -2.6875000000E-01    5.0000000000E-01    2.8838908578E+02
    1.5500000000E+00   -2.6875000000E-01    5.0000000000E-01    2.8838904310E+02
    1.6500000000E+00   -2.6875000000E-01    5.0000000000E-01    2.8838900341E+02
    1.7500000000E+00   -2.6875000000E-01    5.0000000000E-01    2.8838896657E+02
    1.8500000000E+00   -2.6875000000E-01    5.0000000000E-01    2.8838893246E+02
    1.9500000000E+00   -2.6875000000E-01    5.0000000000E-01    2.8838890095E+02
    2.0500000000E+00   -2.6875000000E-01    5.0000000000E-01    2.8838887192E+02
    2.1500000000E+00   -2.6875000000E-01    5.0000000000E-01    2.8838884522E+02
    2.2500000000E+00   -2.6875000000E-01    5.0000000000E-01    2.8838882075E+02
    2.3500000000E+00   -2.6875000000E-01    5.0000000000E-01    2.8838879837E+02
    2.4500000000E+00   -2.6875000000E-01    5.0000000000E-01    2.8838877796E+02
    2.5500000000E+00   -2.6875000000E-01    5.0000000000E-01    2.8838875940E+02
    2.6500000000E+00   -2.6875000000E-01    5.0000000000E-01    2.8838874259E+02
    2.7500000000E+00   -2.6875000000E-01    5.0000000000E-01    2.8838872740E+02
    2.8500000000E+00   -2.6875000000E-01    5.0000000000E-01    2.8838871375E+02
    2.9500000000E+00   -2.6875000000E-01    5.0000000000E-01    2.8838870152E+02
    3.0500000000E+00   -2.6875000000E-01    5.0000000000E-01    2.8838869063E+02
    3.1500000000E+00   -2.6875000000E-01    5.0000000000E-01    2.8838868098E+02
    3.2500000000E+00   -2.6875000000E-01    5.0000000000E-01    2.8838867251E+02
    3.3500000000E+00   -2.6875000000E-01    5.0000000000E-01    2.8838866513E+02
    3.4500000000E+00   -2.6875000000E-01    5.0000000000E-01    2.8838865879E+02
    3.5500000000E+00   -2.6875000000E-01    5.0000000000E-01    2.8838865341E+02
    3.6500000000E+00   -2.6875000000E-01    5.0000000000E-01    2.8838864895E+02
    3.7500000000E+00   -2.6875000000E-01    5.0000000000E-01    2.8838864536E+02
    3.8500000000E+00   -2.6875000000E-01    5.0000000000E-01    2.8838864260E+02
    3.9500000000E+00   -2.6875000000E-01    5.0000000000E-01    2.8838864065E+02
    4.0500000000E+00   -2.6875000000E-01    5.0000000000E-01    2.8838863948E+02
    4.1500000000E+00   -2.6875000000E-01    5.0000000000E-01    2.8838863908E+02
    4.2500000000E+00   -2.6875000000E-01    5.0000000000E-01    2.8838863942E+02
    4.3500000000E+00   -2.6875000000E-01    5.0000000000E-01    2.8838864052E+02
    4.4500000000E+00   -2.6875000000E-01    5.0000000000E-01    2.8838864238E+02
    4.5500000000E+00   -2.6875000000E-01    5.0000000000E-01    2.8838864501E+02
    4.6500000000E+00   -2.6875000000E-01    5.0000000000E-01    2.8838864842E+02
    4.7500000000E+00   -2.6875000000E-01    5.0000000000E-01    2.8838865264E+02
    4.8500000000E+00   -2.6875000000E-01    5.0000000000E-01    2.8838865770E+02
    4.9500000000E+00   -2.6875000000E-01    5.0000000000E-01    2.8838866365E+02
    5.0500000000E+00   -2.6875000000E-01    5.0000000000E-01    2.8838867051E+02
    5.1500000000E+00   -2.6875000000E-01    5.0000000000E-01    2.8838867835E+02
    5.2500000000E+00   -2.6875000000E-01    5.0000000000E-01    2.8838868721E+02
    5.3500000000E+00   -2.6875000000E-01    5.0000000000E-01    2.8838869715E+02
    5.4500000000E+00   -2.6875000000E-01    5.0000000000E-01    2.8838870824E+02
    5.5500000000E+00   -2.6875000000E-01    5.0000000000E-01    2.8838872054E+02
    5.6500000000E+00   -2.6875000000E-01    5.0000000000E-01    2.8838873412E+02
    5.7500000000E+00   -2.6875000000E-01    5.0000000000E-01    2.8838874907E+02
    5.8500000000E+00   -2.6875000000E-01    5.0000000000E-01    2.8838876544E+02
    5.9500000000E+00   -2.6875000000E-01    5.0000000000E-01    2.8838878334E+02
    6.0500000000E+00   -2.6875000000E-01    5.0000000000E-01    2.8838880283E+02
    6.1500000000E+00   -2.6875000000E-01    5.0000000000E-01    2.8838882401E+02
    6.2500000000E+00   -2.6875000000E-01    5.0000000000E-01    2.8838884695E+02
    6.3500000000E+00   -2.6875000000E-01    5.0000000000E-01    2.8838887174E+02
    6.4500000000E+00   -2.6875000000E-01    5.0000000000E-01    2.8838889846E+02
    6.5500000000E+00   -2.6875000000E-01    5.0000000000E-01    2.8838892719E+02
    6.6500000000E+00   -2.6875000000E-01    5.0000000000E-01    2.8838895803E+02
    6.7500000000E+00   -2.6875000000E-01    5.0000000000E-01    2.8838899103E+02
    6.8500000000E+00   -2.6875000000E-01    5.0000000000E-01    2.8838902629E+02
    6.9500000000E+00   -2.6875000000E-01    5.0000000000E-01    2.8838906386E+02
    7.0500000000E+00   -2.6875000000E-01    5.0000000000E-01    2.8838910381E+02
    7.1500000000E+00   -2.6875000000E-01    5.0000000000E-01    2.8838914620E+02
    7.2500000000E+00   -2.6875000000E-01    5.0000000000E-01    2.8838919108E+02
    7.3500000000E+00   -2.6875000000E-01    5.0000000000E-01    2.8838923848E+02
    7.4500000000E+00   -2.6875000000E-01    5.0000000000E-01    2.8838928844E+02
    7.5500000000E+00   -2.6875000000E-01    5.0000000000E-01    2.8838934098E+02
    7.6500000000E+00   -2.6875000000E-01    5.0000000000E-01    2.8838939611E+02
    7.7500000000E+00   -2.6875000000E-01    5.0000000000E-01    2.8838945383E+02
    7.8500000000E+00   -2.6875000000E-01    5.0000000000E-01    2.8838951413E+02
    7.9500000000E+00   -2.6875000000E-01    5.0000000000E-01    2.8838957756E+02
    5.0000000000E-02   -2.5625000000E-01    5.0000000000E-01    2.8837955049E+02
    1.5000000000E-01   -2.5625000000E-01    5.0000000000E-01    2.8837946000E+02
    2.5000000000E-01   -2.5625000000E-01    5.0000000000E-01    2.8837937383E+02
    3.5000000000E-01   -2.5625000000E-01    5.0000000000E-01    2.8837929145E+02
    4.5000000000E-01   -2.5625000000E-01    5.0000000000E-01    2.8837921286E+02
    5.5000000000E-01   -2.5625000000E-01    5.0000000000E-01    2.8837913803E+02
    6.5000000000E-01   -2.5625000000E-01    5.0000000000E-01    2.8837906693E+02
    7.5000000000E-01   -2.5625000000E-01    5.0000000000E-01    2.8837899951E+02
    8.5000000000E-01   -2.5625000000E-01    5.0000000000E-01    2.8837893572E+02
    9.5000000000E-01   -2.5625000000E-01    5.0000000000E-01    2.8837887549E+02
    1.0500000000E+00   -2.5625000000E-01    5.0000000000E-01    2.8837881875E+02
    1.1500000000E+00   -2.5625000000E-01    5.0000000000E-01    2.8837876539E+02
    1.2500000000E+00   -2.5625000000E-01    5.0000000000E-01    2.8837871533E+02
    1.3500000000E+00   -2.5625000000E-01    5.0000000000E-01    2.8837866847E+02
    1.4500000000E+00   -2.5625000000E-01    5.0000000000E-01    2.8837862469E+02
    1.5500000000E+00   -2.5625000000E-01    5.0000000000E-01    2.8837858388E+02
    1.6500000000E+00   -2.5625000000E-01    5.0000000000E-01    2.8837854592E+02
    1.7500000000E+00   -2.5625000000E-01    5.0000000000E-01    2.8837851069E+02
    1.8500000000E+00   -2.5625000000E-01    5.0000000000E-01    2.8837847807E+02
    1.9500000000E+00   -2.5625000000E-01    5.0000000000E-01    2.8837844794E+02
    2.0500000000E+00   -2.5625000000E-01    5.0000000000E-01    2.8837842018E+02
    2.1500000000E+00   -2.5625000000E-01    5.0000000000E-01    2.8837839465E+02
    2.2500000000E+00   -2.5625000000E-01    5.0000000000E-01    2.8837837125E+02
    2.3500000000E+00   -2.5625000000E-01    5.0000000000E-01    2.8837834984E+02
    2.4500000000E+00   -2.5625000000E-01    5.0000000000E-01    2.8837833033E+02
    2.5500000000E+00   -2.5625000000E-01    5.0000000000E-01    2.8837831258E+02
    2.6500000000E+00   -2.5625000000E-01    5.0000000000E-01    2.8837829650E+02
    2.7500000000E+00   -2.5625000000E-01    5.0000000000E-01    2.8837828198E+02
    2.8500000000E+00   -2.5625000000E-01    5.0000000000E-01    2.8837826892E+02
    2.9500000000E+00   -2.5625000000E-01    5.0000000000E-01    2.8837825723E+02
    3.0500000000E+00   -2.5625000000E-01    5.0000000000E-01    2.8837824681E+02
    3.1500000000E+00   -2.5625000000E-01    5.0000000000E-01    2.8837823759E+02
    3.2500000000E+00   -2.5625000000E-01    5.0000000000E-01    2.8837822949E+02
    3.3500000000E+00   -2.5625000000E-01    5.0000000000E-01    2.8837822243E+02
    3.4500000000E+00   -2.5625000000E-01    5.0000000000E-01    2.8837821636E+02
    3.5500000000E+00   -2.5625000000E-01    5.0000000000E-01    2.8837821122E+02
    3.6500000000E+00   -2.5625000000E-01    5.0000000000E-01    2.8837820695E+02
    3.7500000000E+00   -2.5625000000E-01    5.0000000000E-01    2.8837820352E+02
    3.8500000000E+00   -2.5625000000E-01    5.0000000000E-01    2.8837820089E+02
    3.9500000000E+00   -2.5625000000E-01    5.0000000000E-01    2.8837819902E+02
    4.0500000000E+00   -2.5625000000E-01    5.0000000000E-01    2.8837819790E+02
    4.1500000000E+00   -2.5625000000E-01    5.0000000000E-01    2.8837819751E+02
    4.2500000000E+00   -2.5625000000E-01    5.0000000000E-01    2.8837819785E+02
    4.3500000000E+00   -2.5625000000E-01    5.0000000000E-01    2.8837819890E+02
    4.4500000000E+00   -2.5625000000E-01    5.0000000000E-01    2.8837820067E+02
    4.5500000000E+00   -2.5625000000E-01    5.0000000000E-01    2.8837820318E+02
    4.6500000000E+00   -2.5625000000E-01    5.0000000000E-01    2.8837820645E+02
    4.7500000000E+00   -2.5625000000E-01    5.0000000000E-01    2.8837821048E+02
    4.8500000000E+00   -2.5625000000E-01    5.0000000000E-01    2.8837821533E+02
    4.9500000000E+00   -2.5625000000E-01    5.0000000000E-01    2.8837822101E+02
    5.0500000000E+00   -2.5625000000E-01    5.0000000000E-01    2.8837822758E+02
    5.1500000000E+00   -2.5625000000E-01    5.0000000000E-01    2.8837823507E+02
    5.2500000000E+00   -2.5625000000E-01    5.0000000000E-01    2.8837824354E+02
    5.3500000000E+00   -2.5625000000E-01    5.0000000000E-01    2.8837825305E+02
    5.4500000000E+00   -2.5625000000E-01    5.0000000000E-01    2.8837826365E+02
    5.5500000000E+00   -2.5625000000E-01    5.0000000000E-01    2.8837827541E+02
    5.6500000000E+00   -2.5625000000E-01    5.0000000000E-01    2.8837828841E+02
    5.7500000000E+00   -2.5625000000E-01    5.0000000000E-01    2.8837830269E+02
    5.8500000000E+00   -2.5625000000E-01    5.0000000000E-01    2.8837831836E+02
    5.9500000000E+00   -2.5625000000E-01    5.0000000000E-01    2.8837833547E+02
    6.0500000000E+00   -2.5625000000E-01    5.0000000000E-01    2.8837835411E+02
    6.1500000000E+00   -2.5625000000E-01    5.0000000000E-01    2.8837837436E+02
    6.2500000000E+00   -2.5625000000E-01    5.0000000000E-01    2.8837839630E+02
    6.3500000000E+00   -2.5625000000E-01    5.0000000000E-01    2.8837842000E+02
    6.4500000000E+00   -2.5625000000E-01    5.0000000000E-01    2.8837844555E+02
    6.5500000000E+00   -2.5625000000E-01    5.0000000000E-01    2.8837847303E+02
    6.6500000000E+00   -2.5625000000E-01    5.0000000000E-01    2.8837850252E+02
    6.7500000000E+00   -2.5625000000E-01    5.0000000000E-01    2.8837853408E+02
    6.8500000000E+00   -2.5625000000E-01    5.0000000000E-01    2.8837856779E+02
    6.9500000000E+00   -2.5625000000E-01    5.0000000000E-01    2.8837860372E+02
    7.0500000000E+00   -2.5625000000E-01    5.0000000000E-01    2.8837864192E+02
    7.1500000000E+00   -2.5625000000E-01    5.0000000000E-01    2.8837868246E+02
    7.2500000000E+00   -2.5625000000E-01    5.0000000000E-01    2.8837872537E+02
    7.3500000000E+00   -2.5625000000E-01    5.0000000000E-01    2.8837877070E+02
    7.4500000000E+00   -2.5625000000E-01    5.0000000000E-01    2.8837881847E+02
    7.5500000000E+00   -2.5625000000E-01    5.0000000000E-01    2.8837886871E+02
    7.6500000000E+00   -2.5625000000E-01    5.0000000000E-01    2.8837892142E+02
    7.7500000000E+00   -2.5625000000E-01    5.0000000000E-01    2.8837897661E+02
    7.8500000000E+00   -2.5625000000E-01    5.0000000000E-01    2.8837903427E+02
    7.9500000000E+00   -2.5625000000E-01    5.0000000000E-01    2.8837909493E+02
    5.0000000000E-02   -2.4375000000E-01    5.0000000000E-01    2.8836898976E+02
    1.5000000000E-01   -2.4375000000E-01    5.0000000000E-01    2.8836890343E+02
    2.5000000000E-01   -2.4375000000E-01    5.0000000000E-01    2.8836882123E+02
    3.5000000000E-01   -2.4375000000E-01    5.0000000000E-01    2.8836874264E+02
    4.5000000000E-01   -2.4375000000E-01    5.0000000000E-01    2.8836866767E+02
    5.5000000000E-01   -2.4375000000E-01    5.0000000000E-01    2.8836859628E+02
    6.5000000000E-01   -2.4375000000E-01    5.0000000000E-01    2.8836852845E+02
    7.5000000000E-01   -2.4375000000E-01    5.0000000000E-01    2.8836846414E+02
    8.5000000000E-01   -2.4375000000E-01    5.0000000000E-01    2.8836840329E+02
    9.5000000000E-01   -2.4375000000E-01    5.0000000000E-01    2.8836834583E+02
    1.0500000000E+00   -2.4375000000E-01    5.0000000000E-01    2.8836829169E+02
    1.1500000000E+00   -2.4375000000E-01    5.0000000000E-01    2.8836824079E+02
    1.2500000000E+00   -2.4375000000E-01    5.0000000000E-01    2.8836819304E+02
    1.3500000000E+00   -2.4375000000E-01    5.0000000000E-01    2.8836814833E+02
    1.4500000000E+00   -2.4375000000E-01    5.0000000000E-01    2.8836810656E+02
    1.5500000000E+00   -2.4375000000E-01    5.0000000000E-01    2.8836806762E+02
    1.6500000000E+00   -2.4375000000E-01    5.0000000000E-01    2.8836803141E+02
    1.7500000000E+00   -2.4375000000E-01    5.0000000000E-01    2.8836799780E+02
    1.8500000000E+00   -2.4375000000E-01    5.0000000000E-01    2.8836796669E+02
    1.9500000000E+00   -2.4375000000E-01    5.0000000000E-01    2.8836793794E+02
    2.0500000000E+00   -2.4375000000E-01    5.0000000000E-01    2.8836791145E+02
    2.1500000000E+00   -2.4375000000E-01    5.0000000000E-01    2.8836788710E+02
    2.2500000000E+00   -2.4375000000E-01    5.0000000000E-01    2.8836786477E+02
    2.3500000000E+00   -2.4375000000E-01    5.0000000000E-01    2.8836784435E+02
    2.4500000000E+00   -2.4375000000E-01    5.0000000000E-01    2.8836782573E+02
    2.5500000000E+00   -2.4375000000E-01    5.0000000000E-01    2.8836780880E+02
    2.6500000000E+00   -2.4375000000E-01    5.0000000000E-01    2.8836779346E+02
    2.7500000000E+00   -2.4375000000E-01    5.0000000000E-01    2.8836777961E+02
    2.8500000000E+00   -2.4375000000E-01    5.0000000000E-01    2.8836776715E+02
    2.9500000000E+00   -2.4375000000E-01    5.0000000000E-01    2.8836775599E+02
    3.0500000000E+00   -2.4375000000E-01    5.0000000000E-01    2.8836774606E+02
    3.1500000000E+00   -2.4375000000E-01    5.0000000000E-01    2.8836773726E+02
    3.2500000000E+00   -2.4375000000E-01    5.0000000000E-01    2.8836772953E+02
    3.3500000000E+00   -2.4375000000E-01    5.0000000000E-01    2.8836772280E+02
    3.4500000000E+00   -2.4375000000E-01    5.0000000000E-01    2.8836771700E+02
    3.5500000000E+00   -2.4375000000E-01    5.0000000000E-01    2.8836771210E+02
    3.6500000000E+00   -2.4375000000E-01    5.0000000000E-01    2.8836770803E+02
    3.7500000000E+00   -2.4375000000E-01    5.0000000000E-01    2.8836770475E+02
    3.8500000000E+00   -2.4375000000E-01    5.0000000000E-01    2.8836770224E+02
    3.9500000000E+00   -2.4375000000E-01    5.0000000000E-01    2.8836770046E+02
    4.0500000000E+00   -2.4375000000E-01    5.0000000000E-01    2.8836769939E+02
    4.1500000000E+00   -2.4375000000E-01    5.0000000000E-01    2.8836769902E+02
    4.2500000000E+00   -2.4375000000E-01    5.0000000000E-01    2.8836769934E+02
    4.3500000000E+00   -2.4375000000E-01    5.0000000000E-01    2.8836770034E+02
    4.4500000000E+00   -2.4375000000E-01    5.0000000000E-01    2.8836770204E+02
    4.5500000000E+00   -2.4375000000E-01    5.0000000000E-01    2.8836770443E+02
    4.6500000000E+00   -2.4375000000E-01    5.0000000000E-01    2.8836770754E+02
    4.7500000000E+00   -2.4375000000E-01    5.0000000000E-01    2.8836771140E+02
    4.8500000000E+00   -2.4375000000E-01    5.0000000000E-01    2.8836771602E+02
    4.9500000000E+00   -2.4375000000E-01    5.0000000000E-01    2.8836772144E+02
    5.0500000000E+00   -2.4375000000E-01    5.0000000000E-01    2.8836772770E+02
    5.1500000000E+00   -2.4375000000E-01    5.0000000000E-01    2.8836773485E+02
    5.2500000000E+00   -2.4375000000E-01    5.0000000000E-01    2.8836774294E+02
    5.3500000000E+00   -2.4375000000E-01    5.0000000000E-01    2.8836775201E+02
    5.4500000000E+00   -2.4375000000E-01    5.0000000000E-01    2.8836776212E+02
    5.5500000000E+00   -2.4375000000E-01    5.0000000000E-01    2.8836777334E+02
    5.6500000000E+00   -2.4375000000E-01    5.0000000000E-01    2.8836778574E+02
    5.7500000000E+00   -2.4375000000E-01    5.0000000000E-01    2.8836779937E+02
    5.8500000000E+00   -2.4375000000E-01    5.0000000000E-01    2.8836781431E+02
    5.9500000000E+00   -2.4375000000E-01    5.0000000000E-01    2.8836783064E+02
    6.0500000000E+00   -2.4375000000E-01    5.0000000000E-01    2.8836784842E+02
    6.1500000000E+00   -2.4375000000E-01    5.0000000000E-01    2.8836786774E+02
    6.2500000000E+00   -2.4375000000E-01    5.0000000000E-01    2.8836788867E+02
    6.3500000000E+00   -2.4375000000E-01    5.0000000000E-01    2.8836791128E+02
    6.4500000000E+00   -2.4375000000E-01    5.0000000000E-01    2.8836793566E+02
    6.5500000000E+00   -2.4375000000E-01    5.0000000000E-01    2.8836796188E+02
    6.6500000000E+00   -2.4375000000E-01    5.0000000000E-01    2.8836799000E+02
    6.7500000000E+00   -2.4375000000E-01    5.0000000000E-01    2.8836802011E+02
    6.8500000000E+00   -2.4375000000E-01    5.0000000000E-01    2.8836805227E+02
    6.9500000000E+00   -2.4375000000E-01    5.0000000000E-01    2.8836808655E+02
    7.0500000000E+00   -2.4375000000E-01    5.0000000000E-01    2.8836812299E+02
    7.1500000000E+00   -2.4375000000E-01    5.0000000000E-01    2.8836816166E+02
    7.2500000000E+00   -2.4375000000E-01    5.0000000000E-01    2.8836820260E+02
    7.3500000000E+00   -2.4375000000E-01    5.0000000000E-01    2.8836824584E+02
    7.4500000000E+00   -2.4375000000E-01    5.0000000000E-01    2.8836829141E+02
    7.5500000000E+00   -2.4375000000E-01    5.0000000000E-01    2.8836833934E+02
    7.6500000000E+00   -2.4375000000E-01    5.0000000000E-01    2.8836838963E+02
    7.7500000000E+00   -2.4375000000E-01    5.0000000000E-01    2.8836844227E+02
    7.8500000000E+00   -2.4375000000E-01    5.0000000000E-01    2.8836849728E+02
    7.9500000000E+00   -2.4375000000E-01    5.0000000000E-01    2.8836855515E+02
    5.0000000000E-02   -2.3125000000E-01    5.0000000000E-01    2.8835837448E+02
    1.5000000000E-01   -2.3125000000E-01    5.0000000000E-01    2.8835829233E+02
    2.5000000000E-01   -2.3125000000E-01    5.0000000000E-01    2.8835821411E+02
    3.5000000000E-01   -2.3125000000E-01    5.0000000000E-01    2.8835813934E+02
    4.5000000000E-01   -2.3125000000E-01    5.0000000000E-01    2.8835806800E+02
    5.5000000000E-01   -2.3125000000E-01    5.0000000000E-01    2.8835800007E+02
    6.5000000000E-01   -2.3125000000E-01    5.0000000000E-01    2.8835793553E+02
    7.5000000000E-01   -2.3125000000E-01    5.0000000000E-01    2.8835787434E+02
    8.5000000000E-01   -2.3125000000E-01    5.0000000000E-01    2.8835781644E+02
    9.5000000000E-01   -2.3125000000E-01    5.0000000000E-01    2.8835776176E+02
    1.0500000000E+00   -2.3125000000E-01    5.0000000000E-01    2.8835771025E+02
    1.1500000000E+00   -2.3125000000E-01    5.0000000000E-01    2.8835766182E+02
    1.2500000000E+00   -2.3125000000E-01    5.0000000000E-01    2.8835761638E+02
    1.3500000000E+00   -2.3125000000E-01    5.0000000000E-01    2.8835757383E+02
    1.4500000000E+00   -2.3125000000E-01    5.0000000000E-01    2.8835753409E+02
    1.5500000000E+00   -2.3125000000E-01    5.0000000000E-01    2.8835749704E+02
    1.6500000000E+00   -2.3125000000E-01    5.0000000000E-01    2.8835746258E+02
    1.7500000000E+00   -2.3125000000E-01    5.0000000000E-01    2.8835743061E+02
    1.8500000000E+00   -2.3125000000E-01    5.0000000000E-01    2.8835740100E+02
    1.9500000000E+00   -2.3125000000E-01    5.0000000000E-01    2.8835737364E+02
    2.0500000000E+00   -2.3125000000E-01    5.0000000000E-01    2.8835734844E+02
    2.1500000000E+00   -2.3125000000E-01    5.0000000000E-01    2.8835732527E+02
    2.2500000000E+00   -2.3125000000E-01    5.0000000000E-01    2.8835730402E+02
    2.3500000000E+00   -2.3125000000E-01    5.0000000000E-01    2.8835728459E+02
    2.4500000000E+00   -2.3125000000E-01    5.0000000000E-01    2.8835726687E+02
    2.5500000000E+00   -2.3125000000E-01    5.0000000000E-01    2.8835725076E+02
    2.6500000000E+00   -2.3125000000E-01    5.0000000000E-01    2.8835723616E+02
    2.7500000000E+00   -2.3125000000E-01    5.0000000000E-01    2.8835722298E+02
    2.8500000000E+00   -2.3125000000E-01    5.0000000000E-01    2.8835721112E+02
    2.9500000000E+00   -2.3125000000E-01    5.0000000000E-01    2.8835720051E+02
    3.0500000000E+00   -2.3125000000E-01    5.0000000000E-01    2.8835719105E+02
    3.1500000000E+00   -2.3125000000E-01    5.0000000000E-01    2.8835718268E+02
    3.2500000000E+00   -2.3125000000E-01    5.0000000000E-01    2.8835717532E+02
    3.3500000000E+00   -2.3125000000E-01    5.0000000000E-01    2.8835716892E+02
    3.4500000000E+00   -2.3125000000E-01    5.0000000000E-01    2.8835716341E+02
    3.5500000000E+00   -2.3125000000E-01    5.0000000000E-01    2.8835715874E+02
    3.6500000000E+00   -2.3125000000E-01    5.0000000000E-01    2.8835715486E+02
    3.7500000000E+00   -2.3125000000E-01    5.0000000000E-01    2.8835715175E+02
    3.8500000000E+00   -2.3125000000E-01    5.0000000000E-01    2.8835714936E+02
    3.9500000000E+00   -2.3125000000E-01    5.0000000000E-01    2.8835714766E+02
    4.0500000000E+00   -2.3125000000E-01    5.0000000000E-01    2.8835714665E+02
    4.1500000000E+00   -2.3125000000E-01    5.0000000000E-01    2.8835714629E+02
    4.2500000000E+00   -2.3125000000E-01    5.0000000000E-01    2.8835714659E+02
    4.3500000000E+00   -2.3125000000E-01    5.0000000000E-01    2.8835714755E+02
    4.4500000000E+00   -2.3125000000E-01    5.0000000000E-01    2.8835714916E+02
    4.5500000000E+00   -2.3125000000E-01    5.0000000000E-01    2.8835715144E+02
    4.6500000000E+00   -2.3125000000E-01    5.0000000000E-01    2.8835715440E+02
    4.7500000000E+00   -2.3125000000E-01    5.0000000000E-01    2.8835715807E+02
    4.8500000000E+00   -2.3125000000E-01    5.0000000000E-01    2.8835716247E+02
    4.9500000000E+00   -2.3125000000E-01    5.0000000000E-01    2.8835716763E+02
    5.0500000000E+00   -2.3125000000E-01    5.0000000000E-01    2.8835717359E+02
    5.1500000000E+00   -2.3125000000E-01    5.0000000000E-01    2.8835718039E+02
    5.2500000000E+00   -2.3125000000E-01    5.0000000000E-01    2.8835718808E+02
    5.3500000000E+00   -2.3125000000E-01    5.0000000000E-01    2.8835719671E+02
    5.4500000000E+00   -2.3125000000E-01    5.0000000000E-01    2.8835720634E+02
    5.5500000000E+00   -2.3125000000E-01    5.0000000000E-01    2.8835721702E+02
    5.6500000000E+00   -2.3125000000E-01    5.0000000000E-01    2.8835722881E+02
    5.7500000000E+00   -2.3125000000E-01    5.0000000000E-01    2.8835724178E+02
    5.8500000000E+00   -2.3125000000E-01    5.0000000000E-01    2.8835725600E+02
    5.9500000000E+00   -2.3125000000E-01    5.0000000000E-01    2.8835727154E+02
    6.0500000000E+00   -2.3125000000E-01    5.0000000000E-01    2.8835728846E+02
    6.1500000000E+00   -2.3125000000E-01    5.0000000000E-01    2.8835730684E+02
    6.2500000000E+00   -2.3125000000E-01    5.0000000000E-01    2.8835732675E+02
    6.3500000000E+00   -2.3125000000E-01    5.0000000000E-01    2.8835734827E+02
    6.4500000000E+00   -2.3125000000E-01    5.0000000000E-01    2.8835737147E+02
    6.5500000000E+00   -2.3125000000E-01    5.0000000000E-01    2.8835739641E+02
    6.6500000000E+00   -2.3125000000E-01    5.0000000000E-01    2.8835742318E+02
    6.7500000000E+00   -2.3125000000E-01    5.0000000000E-01    2.8835745183E+02
    6.8500000000E+00   -2.3125000000E-01    5.0000000000E-01    2.8835748243E+02
    6.9500000000E+00   -2.3125000000E-01    5.0000000000E-01    2.8835751504E+02
    7.0500000000E+00   -2.3125000000E-01    5.0000000000E-01    2.8835754972E+02
    7.1500000000E+00   -2.3125000000E-01    5.0000000000E-01    2.8835758652E+02
    7.2500000000E+00   -2.3125000000E-01    5.0000000000E-01    2.8835762547E+02
    7.3500000000E+00   -2.3125000000E-01    5.0000000000E-01    2.8835766661E+02
    7.4500000000E+00   -2.3125000000E-01    5.0000000000E-01    2.8835770997E+02
    7.5500000000E+00   -2.3125000000E-01    5.0000000000E-01    2.8835775557E+02
    7.6500000000E+00   -2.3125000000E-01    5.0000000000E-01    2.8835780342E+02
    7.7500000000E+00   -2.3125000000E-01    5.0000000000E-01    2.8835785352E+02
    7.8500000000E+00   -2.3125000000E-01    5.0000000000E-01    2.8835790585E+02
    7.9500000000E+00   -2.3125000000E-01    5.0000000000E-01    2.8835796091E+02
    5.0000000000E-02   -2.1875000000E-01    5.0000000000E-01    2.8834770735E+02
    1.5000000000E-01   -2.1875000000E-01    5.0000000000E-01    2.8834762941E+02
    2.5000000000E-01   -2.1875000000E-01    5.0000000000E-01    2.8834755520E+02
    3.5000000000E-01   -2.1875000000E-01    5.0000000000E-01    2.8834748425E+02
    4.5000000000E-01   -2.1875000000E-01    5.0000000000E-01    2.8834741657E+02
    5.5000000000E-01   -2.1875000000E-01    5.0000000000E-01    2.8834735212E+02
    6.5000000000E-01   -2.1875000000E-01    5.0000000000E-01    2.8834729089E+02
    7.5000000000E-01   -2.1875000000E-01    5.0000000000E-01    2.8834723282E+02
    8.5000000000E-01   -2.1875000000E-01    5.0000000000E-01    2.8834717789E+02
    9.5000000000E-01   -2.1875000000E-01    5.0000000000E-01    2.8834712601E+02
    1.0500000000E+00   -2.1875000000E-01    5.0000000000E-01    2.8834707714E+02
    1.1500000000E+00   -2.1875000000E-01    5.0000000000E-01    2.8834703118E+02
    1.2500000000E+00   -2.1875000000E-01    5.0000000000E-01    2.8834698807E+02
    1.3500000000E+00   -2.1875000000E-01    5.0000000000E-01    2.8834694770E+02
    1.4500000000E+00   -2.1875000000E-01    5.0000000000E-01    2.8834690999E+02
    1.5500000000E+00   -2.1875000000E-01    5.0000000000E-01    2.8834687484E+02
    1.6500000000E+00   -2.1875000000E-01    5.0000000000E-01    2.8834684215E+02
    1.7500000000E+00   -2.1875000000E-01    5.0000000000E-01    2.8834681180E+02
    1.8500000000E+00   -2.1875000000E-01    5.0000000000E-01    2.8834678371E+02
    1.9500000000E+00   -2.1875000000E-01    5.0000000000E-01    2.8834675776E+02
    2.0500000000E+00   -2.1875000000E-01    5.0000000000E-01    2.8834673384E+02
    2.1500000000E+00   -2.1875000000E-01    5.0000000000E-01    2.8834671185E+02
    2.2500000000E+00   -2.1875000000E-01    5.0000000000E-01    2.8834669169E+02
    2.3500000000E+00   -2.1875000000E-01    5.0000000000E-01    2.8834667326E+02
    2.4500000000E+00   -2.1875000000E-01    5.0000000000E-01    2.8834665645E+02
    2.5500000000E+00   -2.1875000000E-01    5.0000000000E-01    2.8834664116E+02
    2.6500000000E+00   -2.1875000000E-01    5.0000000000E-01    2.8834662731E+02
    2.7500000000E+00   -2.1875000000E-01    5.0000000000E-01    2.8834661480E+02
    2.8500000000E+00   -2.1875000000E-01    5.0000000000E-01    2.8834660355E+02
    2.9500000000E+00   -2.1875000000E-01    5.0000000000E-01    2.8834659348E+02
    3.0500000000E+00   -2.1875000000E-01    5.0000000000E-01    2.8834658450E+02
    3.1500000000E+00   -2.1875000000E-01    5.0000000000E-01    2.8834657656E+02
    3.2500000000E+00   -2.1875000000E-01    5.0000000000E-01    2.8834656958E+02
    3.3500000000E+00   -2.1875000000E-01    5.0000000000E-01    2.8834656350E+02
    3.4500000000E+00   -2.1875000000E-01    5.0000000000E-01    2.8834655827E+02
    3.5500000000E+00   -2.1875000000E-01    5.0000000000E-01    2.8834655384E+02
    3.6500000000E+00   -2.1875000000E-01    5.0000000000E-01    2.8834655017E+02
    3.7500000000E+00   -2.1875000000E-01    5.0000000000E-01    2.8834654721E+02
    3.8500000000E+00   -2.1875000000E-01    5.0000000000E-01    2.8834654494E+02
    3.9500000000E+00   -2.1875000000E-01    5.0000000000E-01    2.8834654333E+02
    4.0500000000E+00   -2.1875000000E-01    5.0000000000E-01    2.8834654237E+02
    4.1500000000E+00   -2.1875000000E-01    5.0000000000E-01    2.8834654203E+02
    4.2500000000E+00   -2.1875000000E-01    5.0000000000E-01    2.8834654232E+02
    4.3500000000E+00   -2.1875000000E-01    5.0000000000E-01    2.8834654323E+02
    4.4500000000E+00   -2.1875000000E-01    5.0000000000E-01    2.8834654476E+02
    4.5500000000E+00   -2.1875000000E-01    5.0000000000E-01    2.8834654692E+02
    4.6500000000E+00   -2.1875000000E-01    5.0000000000E-01    2.8834654973E+02
    4.7500000000E+00   -2.1875000000E-01    5.0000000000E-01    2.8834655321E+02
    4.8500000000E+00   -2.1875000000E-01    5.0000000000E-01    2.8834655738E+02
    4.9500000000E+00   -2.1875000000E-01    5.0000000000E-01    2.8834656228E+02
    5.0500000000E+00   -2.1875000000E-01    5.0000000000E-01    2.8834656793E+02
    5.1500000000E+00   -2.1875000000E-01    5.0000000000E-01    2.8834657439E+02
    5.2500000000E+00   -2.1875000000E-01    5.0000000000E-01    2.8834658168E+02
    5.3500000000E+00   -2.1875000000E-01    5.0000000000E-01    2.8834658987E+02
    5.4500000000E+00   -2.1875000000E-01    5.0000000000E-01    2.8834659901E+02
    5.5500000000E+00   -2.1875000000E-01    5.0000000000E-01    2.8834660914E+02
    5.6500000000E+00   -2.1875000000E-01    5.0000000000E-01    2.8834662033E+02
    5.7500000000E+00   -2.1875000000E-01    5.0000000000E-01    2.8834663264E+02
    5.8500000000E+00   -2.1875000000E-01    5.0000000000E-01    2.8834664613E+02
    5.9500000000E+00   -2.1875000000E-01    5.0000000000E-01    2.8834666087E+02
    6.0500000000E+00   -2.1875000000E-01    5.0000000000E-01    2.8834667693E+02
    6.1500000000E+00   -2.1875000000E-01    5.0000000000E-01    2.8834669437E+02
    6.2500000000E+00   -2.1875000000E-01    5.0000000000E-01    2.8834671326E+02
    6.3500000000E+00   -2.1875000000E-01    5.0000000000E-01    2.8834673368E+02
    6.4500000000E+00   -2.1875000000E-01    5.0000000000E-01    2.8834675569E+02
    6.5500000000E+00   -2.1875000000E-01    5.0000000000E-01    2.8834677936E+02
    6.6500000000E+00   -2.1875000000E-01    5.0000000000E-01    2.8834680475E+02
    6.7500000000E+00   -2.1875000000E-01    5.0000000000E-01    2.8834683194E+02
    6.8500000000E+00   -2.1875000000E-01    5.0000000000E-01    2.8834686097E+02
    6.9500000000E+00   -2.1875000000E-01    5.0000000000E-01    2.8834689192E+02
    7.0500000000E+00   -2.1875000000E-01    5.0000000000E-01    2.8834692482E+02
    7.1500000000E+00   -2.1875000000E-01    5.0000000000E-01    2.8834695973E+02
    7.2500000000E+00   -2.1875000000E-01    5.0000000000E-01    2.8834699668E+02
    7.3500000000E+00   -2.1875000000E-01    5.0000000000E-01    2.8834703572E+02
    7.4500000000E+00   -2.1875000000E-01    5.0000000000E-01    2.8834707686E+02
    7.5500000000E+00   -2.1875000000E-01    5.0000000000E-01    2.8834712013E+02
    7.6500000000E+00   -2.1875000000E-01    5.0000000000E-01    2.8834716552E+02
    7.7500000000E+00   -2.1875000000E-01    5.0000000000E-01    2.8834721305E+02
    7.8500000000E+00   -2.1875000000E-01    5.0000000000E-01    2.8834726271E+02
    7.9500000000E+00   -2.1875000000E-01    5.0000000000E-01    2.8834731495E+02
    5.0000000000E-02   -2.0625000000E-01    5.0000000000E-01    2.8833699112E+02
    1.5000000000E-01   -2.0625000000E-01    5.0000000000E-01    2.8833691741E+02
    2.5000000000E-01   -2.0625000000E-01    5.0000000000E-01    2.8833684722E+02
    3.5000000000E-01   -2.0625000000E-01    5.0000000000E-01    2.8833678012E+02
    4.5000000000E-01   -2.0625000000E-01    5.0000000000E-01    2.8833671610E+02
    5.5000000000E-01   -2.0625000000E-01    5.0000000000E-01    2.8833665515E+02
    6.5000000000E-01   -2.0625000000E-01    5.0000000000E-01    2.8833659724E+02
    7.5000000000E-01   -2.0625000000E-01    5.0000000000E-01    2.8833654232E+02
    8.5000000000E-01   -2.0625000000E-01    5.0000000000E-01    2.8833649036E+02
    9.5000000000E-01   -2.0625000000E-01    5.0000000000E-01    2.8833644130E+02
    1.0500000000E+00   -2.0625000000E-01    5.0000000000E-01    2.8833639508E+02
    1.1500000000E+00   -2.0625000000E-01    5.0000000000E-01    2.8833635161E+02
    1.2500000000E+00   -2.0625000000E-01    5.0000000000E-01    2.8833631083E+02
    1.3500000000E+00   -2.0625000000E-01    5.0000000000E-01    2.8833627266E+02
    1.4500000000E+00   -2.0625000000E-01    5.0000000000E-01    2.8833623699E+02
    1.5500000000E+00   -2.0625000000E-01    5.0000000000E-01    2.8833620374E+02
    1.6500000000E+00   -2.0625000000E-01    5.0000000000E-01    2.8833617282E+02
    1.7500000000E+00   -2.0625000000E-01    5.0000000000E-01    2.8833614412E+02
    1.8500000000E+00   -2.0625000000E-01    5.0000000000E-01    2.8833611755E+02
    1.9500000000E+00   -2.0625000000E-01    5.0000000000E-01    2.8833609300E+02
    2.0500000000E+00   -2.0625000000E-01    5.0000000000E-01    2.8833607038E+02
    2.1500000000E+00   -2.0625000000E-01    5.0000000000E-01    2.8833604959E+02
    2.2500000000E+00   -2.0625000000E-01    5.0000000000E-01    2.8833603052E+02
    2.3500000000E+00   -2.0625000000E-01    5.0000000000E-01    2.8833601308E+02
    2.4500000000E+00   -2.0625000000E-01    5.0000000000E-01    2.8833599718E+02
    2.5500000000E+00   -2.0625000000E-01    5.0000000000E-01    2.8833598272E+02
    2.6500000000E+00   -2.0625000000E-01    5.0000000000E-01    2.8833596962E+02
    2.7500000000E+00   -2.0625000000E-01    5.0000000000E-01    2.8833595779E+02
    2.8500000000E+00   -2.0625000000E-01    5.0000000000E-01    2.8833594715E+02
    2.9500000000E+00   -2.0625000000E-01    5.0000000000E-01    2.8833593762E+02
    3.0500000000E+00   -2.0625000000E-01    5.0000000000E-01    2.8833592913E+02
    3.1500000000E+00   -2.0625000000E-01    5.0000000000E-01    2.8833592162E+02
    3.2500000000E+00   -2.0625000000E-01    5.0000000000E-01    2.8833591502E+02
    3.3500000000E+00   -2.0625000000E-01    5.0000000000E-01    2.8833590927E+02
    3.4500000000E+00   -2.0625000000E-01    5.0000000000E-01    2.8833590432E+02
    3.5500000000E+00   -2.0625000000E-01    5.0000000000E-01    2.8833590013E+02
    3.6500000000E+00   -2.0625000000E-01    5.0000000000E-01    2.8833589665E+02
    3.7500000000E+00   -2.0625000000E-01    5.0000000000E-01    2.8833589386E+02
    3.8500000000E+00   -2.0625000000E-01    5.0000000000E-01    2.8833589171E+02
    3.9500000000E+00   -2.0625000000E-01    5.0000000000E-01    2.8833589019E+02
    4.0500000000E+00   -2.0625000000E-01    5.0000000000E-01    2.8833588928E+02
    4.1500000000E+00   -2.0625000000E-01    5.0000000000E-01    2.8833588896E+02
    4.2500000000E+00   -2.0625000000E-01    5.0000000000E-01    2.8833588923E+02
    4.3500000000E+00   -2.0625000000E-01    5.0000000000E-01    2.8833589009E+02
    4.4500000000E+00   -2.0625000000E-01    5.0000000000E-01    2.8833589154E+02
    4.5500000000E+00   -2.0625000000E-01    5.0000000000E-01    2.8833589358E+02
    4.6500000000E+00   -2.0625000000E-01    5.0000000000E-01    2.8833589624E+02
    4.7500000000E+00   -2.0625000000E-01    5.0000000000E-01    2.8833589953E+02
    4.8500000000E+00   -2.0625000000E-01    5.0000000000E-01    2.8833590348E+02
    4.9500000000E+00   -2.0625000000E-01    5.0000000000E-01    2.8833590811E+02
    5.0500000000E+00   -2.0625000000E-01    5.0000000000E-01    2.8833591346E+02
    5.1500000000E+00   -2.0625000000E-01    5.0000000000E-01    2.8833591956E+02
    5.2500000000E+00   -2.0625000000E-01    5.0000000000E-01    2.8833592647E+02
    5.3500000000E+00   -2.0625000000E-01    5.0000000000E-01    2.8833593421E+02
    5.4500000000E+00   -2.0625000000E-01    5.0000000000E-01    2.8833594285E+02
    5.5500000000E+00   -2.0625000000E-01    5.0000000000E-01    2.8833595243E+02
    5.6500000000E+00   -2.0625000000E-01    5.0000000000E-01    2.8833596302E+02
    5.7500000000E+00   -2.0625000000E-01    5.0000000000E-01    2.8833597466E+02
    5.8500000000E+00   -2.0625000000E-01    5.0000000000E-01    2.8833598742E+02
    5.9500000000E+00   -2.0625000000E-01    5.0000000000E-01    2.8833600136E+02
    6.0500000000E+00   -2.0625000000E-01    5.0000000000E-01    2.8833601655E+02
    6.1500000000E+00   -2.0625000000E-01    5.0000000000E-01    2.8833603305E+02
    6.2500000000E+00   -2.0625000000E-01    5.0000000000E-01    2.8833605092E+02
    6.3500000000E+00   -2.0625000000E-01    5.0000000000E-01    2.8833607023E+02
    6.4500000000E+00   -2.0625000000E-01    5.0000000000E-01    2.8833609104E+02
    6.5500000000E+00   -2.0625000000E-01    5.0000000000E-01    2.8833611343E+02
    6.6500000000E+00   -2.0625000000E-01    5.0000000000E-01    2.8833613745E+02
    6.7500000000E+00   -2.0625000000E-01    5.0000000000E-01    2.8833616316E+02
    6.8500000000E+00   -2.0625000000E-01    5.0000000000E-01    2.8833619062E+02
    6.9500000000E+00   -2.0625000000E-01    5.0000000000E-01    2.8833621989E+02
    7.0500000000E+00   -2.0625000000E-01    5.0000000000E-01    2.8833625101E+02
    7.1500000000E+00   -2.0625000000E-01    5.0000000000E-01    2.8833628402E+02
    7.2500000000E+00   -2.0625000000E-01    5.0000000000E-01    2.8833631898E+02
    7.3500000000E+00   -2.0625000000E-01    5.0000000000E-01    2.8833635590E+02
    7.4500000000E+00   -2.0625000000E-01    5.0000000000E-01    2.8833639481E+02
    7.5500000000E+00   -2.0625000000E-01    5.0000000000E-01    2.8833643572E+02
    7.6500000000E+00   -2.0625000000E-01    5.0000000000E-01    2.8833647866E+02
    7.7500000000E+00   -2.0625000000E-01    5.0000000000E-01    2.8833652361E+02
    7.8500000000E+00   -2.0625000000E-01    5.0000000000E-01    2.8833657057E+02
    7.9500000000E+00   -2.0625000000E-01    5.0000000000E-01    2.8833661998E+02
    5.0000000000E-02   -1.9375000000E-01    5.0000000000E-01    2.8832622854E+02
    1.5000000000E-01   -1.9375000000E-01    5.0000000000E-01    2.8832615907E+02
    2.5000000000E-01   -1.9375000000E-01    5.0000000000E-01    2.8832609292E+02
    3.5000000000E-01   -1.9375000000E-01    5.0000000000E-01    2.8832602968E+02
    4.5000000000E-01   -1.9375000000E-01    5.0000000000E-01    2.8832596935E+02
    5.5000000000E-01   -1.9375000000E-01    5.0000000000E-01    2.8832591191E+02
    6.5000000000E-01   -1.9375000000E-01    5.0000000000E-01    2.8832585733E+02
    7.5000000000E-01   -1.9375000000E-01    5.0000000000E-01    2.8832580558E+02
    8.5000000000E-01   -1.9375000000E-01    5.0000000000E-01    2.8832575661E+02
    9.5000000000E-01   -1.9375000000E-01    5.0000000000E-01    2.8832571037E+02
    1.0500000000E+00   -1.9375000000E-01    5.0000000000E-01    2.8832566681E+02
    1.1500000000E+00   -1.9375000000E-01    5.0000000000E-01    2.8832562584E+02
    1.2500000000E+00   -1.9375000000E-01    5.0000000000E-01    2.8832558741E+02
    1.3500000000E+00   -1.9375000000E-01    5.0000000000E-01    2.8832555143E+02
    1.4500000000E+00   -1.9375000000E-01    5.0000000000E-01    2.8832551782E+02
    1.5500000000E+00   -1.9375000000E-01    5.0000000000E-01    2.8832548648E+02
    1.6500000000E+00   -1.9375000000E-01    5.0000000000E-01    2.8832545734E+02
    1.7500000000E+00   -1.9375000000E-01    5.0000000000E-01    2.8832543029E+02
    1.8500000000E+00   -1.9375000000E-01    5.0000000000E-01    2.8832540525E+02
    1.9500000000E+00   -1.9375000000E-01    5.0000000000E-01    2.8832538211E+02
    2.0500000000E+00   -1.9375000000E-01    5.0000000000E-01    2.8832536079E+02
    2.1500000000E+00   -1.9375000000E-01    5.0000000000E-01    2.8832534119E+02
    2.2500000000E+00   -1.9375000000E-01    5.0000000000E-01    2.8832532322E+02
    2.3500000000E+00   -1.9375000000E-01    5.0000000000E-01    2.8832530679E+02
    2.4500000000E+00   -1.9375000000E-01    5.0000000000E-01    2.8832529180E+02
    2.5500000000E+00   -1.9375000000E-01    5.0000000000E-01    2.8832527818E+02
    2.6500000000E+00   -1.9375000000E-01    5.0000000000E-01    2.8832526583E+02
    2.7500000000E+00   -1.9375000000E-01    5.0000000000E-01    2.8832525468E+02
    2.8500000000E+00   -1.9375000000E-01    5.0000000000E-01    2.8832524465E+02
    2.9500000000E+00   -1.9375000000E-01    5.0000000000E-01    2.8832523567E+02
    3.0500000000E+00   -1.9375000000E-01    5.0000000000E-01    2.8832522767E+02
    3.1500000000E+00   -1.9375000000E-01    5.0000000000E-01    2.8832522059E+02
    3.2500000000E+00   -1.9375000000E-01    5.0000000000E-01    2.8832521437E+02
    3.3500000000E+00   -1.9375000000E-01    5.0000000000E-01    2.8832520895E+02
    3.4500000000E+00   -1.9375000000E-01    5.0000000000E-01    2.8832520428E+02
    3.5500000000E+00   -1.9375000000E-01    5.0000000000E-01    2.8832520033E+02
    3.6500000000E+00   -1.9375000000E-01    5.0000000000E-01    2.8832519706E+02
    3.7500000000E+00   -1.9375000000E-01    5.0000000000E-01    2.8832519442E+02
    3.8500000000E+00   -1.9375000000E-01    5.0000000000E-01    2.8832519240E+02
    3.9500000000E+00   -1.9375000000E-01    5.0000000000E-01    2.8832519097E+02
    4.0500000000E+00   -1.9375000000E-01    5.0000000000E-01    2.8832519011E+02
    4.1500000000E+00   -1.9375000000E-01    5.0000000000E-01    2.8832518981E+02
    4.2500000000E+00   -1.9375000000E-01    5.0000000000E-01    2.8832519006E+02
    4.3500000000E+00   -1.9375000000E-01    5.0000000000E-01    2.8832519087E+02
    4.4500000000E+00   -1.9375000000E-01    5.0000000000E-01    2.8832519224E+02
    4.5500000000E+00   -1.9375000000E-01    5.0000000000E-01    2.8832519416E+02
    4.6500000000E+00   -1.9375000000E-01    5.0000000000E-01    2.8832519667E+02
    4.7500000000E+00   -1.9375000000E-01    5.0000000000E-01    2.8832519977E+02
    4.8500000000E+00   -1.9375000000E-01    5.0000000000E-01    2.8832520349E+02
    4.9500000000E+00   -1.9375000000E-01    5.0000000000E-01    2.8832520785E+02
    5.0500000000E+00   -1.9375000000E-01    5.0000000000E-01    2.8832521290E+02
    5.1500000000E+00   -1.9375000000E-01    5.0000000000E-01    2.8832521865E+02
    5.2500000000E+00   -1.9375000000E-01    5.0000000000E-01    2.8832522516E+02
    5.3500000000E+00   -1.9375000000E-01    5.0000000000E-01    2.8832523246E+02
    5.4500000000E+00   -1.9375000000E-01    5.0000000000E-01    2.8832524060E+02
    5.5500000000E+00   -1.9375000000E-01    5.0000000000E-01    2.8832524963E+02
    5.6500000000E+00   -1.9375000000E-01    5.0000000000E-01    2.8832525960E+02
    5.7500000000E+00   -1.9375000000E-01    5.0000000000E-01    2.8832527058E+02
    5.8500000000E+00   -1.9375000000E-01    5.0000000000E-01    2.8832528260E+02
    5.9500000000E+00   -1.9375000000E-01    5.0000000000E-01    2.8832529574E+02
    6.0500000000E+00   -1.9375000000E-01    5.0000000000E-01    2.8832531006E+02
    6.1500000000E+00   -1.9375000000E-01    5.0000000000E-01    2.8832532560E+02
    6.2500000000E+00   -1.9375000000E-01    5.0000000000E-01    2.8832534245E+02
    6.3500000000E+00   -1.9375000000E-01    5.0000000000E-01    2.8832536065E+02
    6.4500000000E+00   -1.9375000000E-01    5.0000000000E-01    2.8832538027E+02
    6.5500000000E+00   -1.9375000000E-01    5.0000000000E-01    2.8832540136E+02
    6.6500000000E+00   -1.9375000000E-01    5.0000000000E-01    2.8832542400E+02
    6.7500000000E+00   -1.9375000000E-01    5.0000000000E-01    2.8832544823E+02
    6.8500000000E+00   -1.9375000000E-01    5.0000000000E-01    2.8832547411E+02
    6.9500000000E+00   -1.9375000000E-01    5.0000000000E-01    2.8832550169E+02
    7.0500000000E+00   -1.9375000000E-01    5.0000000000E-01    2.8832553102E+02
    7.1500000000E+00   -1.9375000000E-01    5.0000000000E-01    2.8832556214E+02
    7.2500000000E+00   -1.9375000000E-01    5.0000000000E-01    2.8832559508E+02
    7.3500000000E+00   -1.9375000000E-01    5.0000000000E-01    2.8832562987E+02
    7.4500000000E+00   -1.9375000000E-01    5.0000000000E-01    2.8832566654E+02
    7.5500000000E+00   -1.9375000000E-01    5.0000000000E-01    2.8832570510E+02
    7.6500000000E+00   -1.9375000000E-01    5.0000000000E-01    2.8832574556E+02
    7.7500000000E+00   -1.9375000000E-01    5.0000000000E-01    2.8832578792E+02
    7.8500000000E+00   -1.9375000000E-01    5.0000000000E-01    2.8832583218E+02
    7.9500000000E+00   -1.9375000000E-01    5.0000000000E-01    2.8832587875E+02
    5.0000000000E-02   -1.8125000000E-01    5.0000000000E-01    2.8831542236E+02
    1.5000000000E-01   -1.8125000000E-01    5.0000000000E-01    2.8831535714E+02
    2.5000000000E-01   -1.8125000000E-01    5.0000000000E-01    2.8831529505E+02
    3.5000000000E-01   -1.8125000000E-01    5.0000000000E-01    2.8831523570E+02
    4.5000000000E-01   -1.8125000000E-01    5.0000000000E-01    2.8831517907E+02
    5.5000000000E-01   -1.8125000000E-01    5.0000000000E-01    2.8831512515E+02
    6.5000000000E-01   -1.8125000000E-01    5.0000000000E-01    2.8831507391E+02
    7.5000000000E-01   -1.8125000000E-01    5.0000000000E-01    2.8831502534E+02
    8.5000000000E-01   -1.8125000000E-01    5.0000000000E-01    2.8831497937E+02
    9.5000000000E-01   -1.8125000000E-01    5.0000000000E-01    2.8831493597E+02
    1.0500000000E+00   -1.8125000000E-01    5.0000000000E-01    2.8831489507E+02
    1.1500000000E+00   -1.8125000000E-01    5.0000000000E-01    2.8831485662E+02
    1.2500000000E+00   -1.8125000000E-01    5.0000000000E-01    2.8831482055E+02
    1.3500000000E+00   -1.8125000000E-01    5.0000000000E-01    2.8831478677E+02
    1.4500000000E+00   -1.8125000000E-01    5.0000000000E-01    2.8831475522E+02
    1.5500000000E+00   -1.8125000000E-01    5.0000000000E-01    2.8831472581E+02
    1.6500000000E+00   -1.8125000000E-01    5.0000000000E-01    2.8831469845E+02
    1.7500000000E+00   -1.8125000000E-01    5.0000000000E-01    2.8831467306E+02
    1.8500000000E+00   -1.8125000000E-01    5.0000000000E-01    2.8831464955E+02
    1.9500000000E+00   -1.8125000000E-01    5.0000000000E-01    2.8831462784E+02
    2.0500000000E+00   -1.8125000000E-01    5.0000000000E-01    2.8831460782E+02
    2.1500000000E+00   -1.8125000000E-01    5.0000000000E-01    2.8831458942E+02
    2.2500000000E+00   -1.8125000000E-01    5.0000000000E-01    2.8831457255E+02
    2.3500000000E+00   -1.8125000000E-01    5.0000000000E-01    2.8831455713E+02
    2.4500000000E+00   -1.8125000000E-01    5.0000000000E-01    2.8831454306E+02
    2.5500000000E+00   -1.8125000000E-01    5.0000000000E-01    2.8831453027E+02
    2.6500000000E+00   -1.8125000000E-01    5.0000000000E-01    2.8831451868E+02
    2.7500000000E+00   -1.8125000000E-01    5.0000000000E-01    2.8831450821E+02
    2.8500000000E+00   -1.8125000000E-01    5.0000000000E-01    2.8831449879E+02
    2.9500000000E+00   -1.8125000000E-01    5.0000000000E-01    2.8831449037E+02
    3.0500000000E+00   -1.8125000000E-01    5.0000000000E-01    2.8831448286E+02
    3.1500000000E+00   -1.8125000000E-01    5.0000000000E-01    2.8831447621E+02
    3.2500000000E+00   -1.8125000000E-01    5.0000000000E-01    2.8831447037E+02
    3.3500000000E+00   -1.8125000000E-01    5.0000000000E-01    2.8831446528E+02
    3.4500000000E+00   -1.8125000000E-01    5.0000000000E-01    2.8831446090E+02
    3.5500000000E+00   -1.8125000000E-01    5.0000000000E-01    2.8831445720E+02
    3.6500000000E+00   -1.8125000000E-01    5.0000000000E-01    2.8831445412E+02
    3.7500000000E+00   -1.8125000000E-01    5.0000000000E-01    2.8831445165E+02
    3.8500000000E+00   -1.8125000000E-01    5.0000000000E-01    2.8831444975E+02
    3.9500000000E+00   -1.8125000000E-01    5.0000000000E-01    2.8831444840E+02
    4.0500000000E+00   -1.8125000000E-01    5.0000000000E-01    2.8831444760E+02
    4.1500000000E+00   -1.8125000000E-01    5.0000000000E-01    2.8831444731E+02
    4.2500000000E+00   -1.8125000000E-01    5.0000000000E-01    2.8831444755E+02
    4.3500000000E+00   -1.8125000000E-01    5.0000000000E-01    2.8831444831E+02
    4.4500000000E+00   -1.8125000000E-01    5.0000000000E-01    2.8831444959E+02
    4.5500000000E+00   -1.8125000000E-01    5.0000000000E-01    2.8831445140E+02
    4.6500000000E+00   -1.8125000000E-01    5.0000000000E-01    2.8831445375E+02
    4.7500000000E+00   -1.8125000000E-01    5.0000000000E-01    2.8831445666E+02
    4.8500000000E+00   -1.8125000000E-01    5.0000000000E-01    2.8831446016E+02
    4.9500000000E+00   -1.8125000000E-01    5.0000000000E-01    2.8831446425E+02
    5.0500000000E+00   -1.8125000000E-01    5.0000000000E-01    2.8831446899E+02
    5.1500000000E+00   -1.8125000000E-01    5.0000000000E-01    2.8831447439E+02
    5.2500000000E+00   -1.8125000000E-01    5.0000000000E-01    2.8831448049E+02
    5.3500000000E+00   -1.8125000000E-01    5.0000000000E-01    2.8831448735E+02
    5.4500000000E+00   -1.8125000000E-01    5.0000000000E-01    2.8831449499E+02
    5.5500000000E+00   -1.8125000000E-01    5.0000000000E-01    2.8831450347E+02
    5.6500000000E+00   -1.8125000000E-01    5.0000000000E-01    2.8831451283E+02
    5.7500000000E+00   -1.8125000000E-01    5.0000000000E-01    2.8831452313E+02
    5.8500000000E+00   -1.8125000000E-01    5.0000000000E-01    2.8831453442E+02
    5.9500000000E+00   -1.8125000000E-01    5.0000000000E-01    2.8831454676E+02
    6.0500000000E+00   -1.8125000000E-01    5.0000000000E-01    2.8831456019E+02
    6.1500000000E+00   -1.8125000000E-01    5.0000000000E-01    2.8831457479E+02
    6.2500000000E+00   -1.8125000000E-01    5.0000000000E-01    2.8831459060E+02
    6.3500000000E+00   -1.8125000000E-01    5.0000000000E-01    2.8831460768E+02
    6.4500000000E+00   -1.8125000000E-01    5.0000000000E-01    2.8831462610E+02
    6.5500000000E+00   -1.8125000000E-01    5.0000000000E-01    2.8831464590E+02
    6.6500000000E+00   -1.8125000000E-01    5.0000000000E-01    2.8831466715E+02
    6.7500000000E+00   -1.8125000000E-01    5.0000000000E-01    2.8831468990E+02
    6.8500000000E+00   -1.8125000000E-01    5.0000000000E-01    2.8831471419E+02
    6.9500000000E+00   -1.8125000000E-01    5.0000000000E-01    2.8831474008E+02
    7.0500000000E+00   -1.8125000000E-01    5.0000000000E-01    2.8831476761E+02
    7.1500000000E+00   -1.8125000000E-01    5.0000000000E-01    2.8831479682E+02
    7.2500000000E+00   -1.8125000000E-01    5.0000000000E-01    2.8831482774E+02
    7.3500000000E+00   -1.8125000000E-01    5.0000000000E-01    2.8831486040E+02
    7.4500000000E+00   -1.8125000000E-01    5.0000000000E-01    2.8831489482E+02
    7.5500000000E+00   -1.8125000000E-01    5.0000000000E-01    2.8831493101E+02
    7.6500000000E+00   -1.8125000000E-01    5.0000000000E-01    2.8831496899E+02
    7.7500000000E+00   -1.8125000000E-01    5.0000000000E-01    2.8831500875E+02
    7.8500000000E+00   -1.8125000000E-01    5.0000000000E-01    2.8831505030E+02
    7.9500000000E+00   -1.8125000000E-01    5.0000000000E-01    2.8831509401E+02
    5.0000000000E-02   -1.6875000000E-01    5.0000000000E-01    2.8830457535E+02
    1.5000000000E-01   -1.6875000000E-01    5.0000000000E-01    2.8830451441E+02
    2.5000000000E-01   -1.6875000000E-01    5.0000000000E-01    2.8830445639E+02
    3.5000000000E-01   -1.6875000000E-01    5.0000000000E-01    2.8830440092E+02
    4.5000000000E-01   -1.6875000000E-01    5.0000000000E-01    2.8830434801E+02
    5.5000000000E-01   -1.6875000000E-01    5.0000000000E-01    2.8830429763E+02
    6.5000000000E-01   -1.6875000000E-01    5.0000000000E-01    2.8830424975E+02
    7.5000000000E-01   -1.6875000000E-01    5.0000000000E-01    2.8830420436E+02
    8.5000000000E-01   -1.6875000000E-01    5.0000000000E-01    2.8830416141E+02
    9.5000000000E-01   -1.6875000000E-01    5.0000000000E-01    2.8830412085E+02
    1.0500000000E+00   -1.6875000000E-01    5.0000000000E-01    2.8830408264E+02
    1.1500000000E+00   -1.6875000000E-01    5.0000000000E-01    2.8830404671E+02
    1.2500000000E+00   -1.6875000000E-01    5.0000000000E-01    2.8830401300E+02
    1.3500000000E+00   -1.6875000000E-01    5.0000000000E-01    2.8830398144E+02
    1.4500000000E+00   -1.6875000000E-01    5.0000000000E-01    2.8830395196E+02
    1.5500000000E+00   -1.6875000000E-01    5.0000000000E-01    2.8830392447E+02
    1.6500000000E+00   -1.6875000000E-01    5.0000000000E-01    2.8830389891E+02
    1.7500000000E+00   -1.6875000000E-01    5.0000000000E-01    2.8830387518E+02
    1.8500000000E+00   -1.6875000000E-01    5.0000000000E-01    2.8830385322E+02
    1.9500000000E+00   -1.6875000000E-01    5.0000000000E-01    2.8830383292E+02
    2.0500000000E+00   -1.6875000000E-01    5.0000000000E-01    2.8830381422E+02
    2.1500000000E+00   -1.6875000000E-01    5.0000000000E-01    2.8830379703E+02
    2.2500000000E+00   -1.6875000000E-01    5.0000000000E-01    2.8830378126E+02
    2.3500000000E+00   -1.6875000000E-01    5.0000000000E-01    2.8830376685E+02
    2.4500000000E+00   -1.6875000000E-01    5.0000000000E-01    2.8830375370E+02
    2.5500000000E+00   -1.6875000000E-01    5.0000000000E-01    2.8830374175E+02
    2.6500000000E+00   -1.6875000000E-01    5.0000000000E-01    2.8830373092E+02
    2.7500000000E+00   -1.6875000000E-01    5.0000000000E-01    2.8830372114E+02
    2.8500000000E+00   -1.6875000000E-01    5.0000000000E-01    2.8830371234E+02
    2.9500000000E+00   -1.6875000000E-01    5.0000000000E-01    2.8830370446E+02
    3.0500000000E+00   -1.6875000000E-01    5.0000000000E-01    2.8830369744E+02
    3.1500000000E+00   -1.6875000000E-01    5.0000000000E-01    2.8830369123E+02
    3.2500000000E+00   -1.6875000000E-01    5.0000000000E-01    2.8830368577E+02
    3.3500000000E+00   -1.6875000000E-01    5.0000000000E-01    2.8830368102E+02
    3.4500000000E+00   -1.6875000000E-01    5.0000000000E-01    2.8830367693E+02
    3.5500000000E+00   -1.6875000000E-01    5.0000000000E-01    2.8830367346E+02
    3.6500000000E+00   -1.6875000000E-01    5.0000000000E-01    2.8830367059E+02
    3.7500000000E+00   -1.6875000000E-01    5.0000000000E-01    2.8830366828E+02
    3.8500000000E+00   -1.6875000000E-01    5.0000000000E-01    2.8830366650E+02
    3.9500000000E+00   -1.6875000000E-01    5.0000000000E-01    2.8830366525E+02
    4.0500000000E+00   -1.6875000000E-01    5.0000000000E-01    2.8830366449E+02
    4.1500000000E+00   -1.6875000000E-01    5.0000000000E-01    2.8830366423E+02
    4.2500000000E+00   -1.6875000000E-01    5.0000000000E-01    2.8830366445E+02
    4.3500000000E+00   -1.6875000000E-01    5.0000000000E-01    2.8830366516E+02
    4.4500000000E+00   -1.6875000000E-01    5.0000000000E-01    2.8830366636E+02
    4.5500000000E+00   -1.6875000000E-01    5.0000000000E-01    2.8830366805E+02
    4.6500000000E+00   -1.6875000000E-01    5.0000000000E-01    2.8830367025E+02
    4.7500000000E+00   -1.6875000000E-01    5.0000000000E-01    2.8830367297E+02
    4.8500000000E+00   -1.6875000000E-01    5.0000000000E-01    2.8830367623E+02
    4.9500000000E+00   -1.6875000000E-01    5.0000000000E-01    2.8830368006E+02
    5.0500000000E+00   -1.6875000000E-01    5.0000000000E-01    2.8830368448E+02
    5.1500000000E+00   -1.6875000000E-01    5.0000000000E-01    2.8830368953E+02
    5.2500000000E+00   -1.6875000000E-01    5.0000000000E-01    2.8830369524E+02
    5.3500000000E+00   -1.6875000000E-01    5.0000000000E-01    2.8830370164E+02
    5.4500000000E+00   -1.6875000000E-01    5.0000000000E-01    2.8830370878E+02
    5.5500000000E+00   -1.6875000000E-01    5.0000000000E-01    2.8830371671E+02
    5.6500000000E+00   -1.6875000000E-01    5.0000000000E-01    2.8830372546E+02
    5.7500000000E+00   -1.6875000000E-01    5.0000000000E-01    2.8830373508E+02
    5.8500000000E+00   -1.6875000000E-01    5.0000000000E-01    2.8830374563E+02
    5.9500000000E+00   -1.6875000000E-01    5.0000000000E-01    2.8830375716E+02
    6.0500000000E+00   -1.6875000000E-01    5.0000000000E-01    2.8830376971E+02
    6.1500000000E+00   -1.6875000000E-01    5.0000000000E-01    2.8830378335E+02
    6.2500000000E+00   -1.6875000000E-01    5.0000000000E-01    2.8830379812E+02
    6.3500000000E+00   -1.6875000000E-01    5.0000000000E-01    2.8830381409E+02
    6.4500000000E+00   -1.6875000000E-01    5.0000000000E-01    2.8830383130E+02
    6.5500000000E+00   -1.6875000000E-01    5.0000000000E-01    2.8830384980E+02
    6.6500000000E+00   -1.6875000000E-01    5.0000000000E-01    2.8830386966E+02
    6.7500000000E+00   -1.6875000000E-01    5.0000000000E-01    2.8830389091E+02
    6.8500000000E+00   -1.6875000000E-01    5.0000000000E-01    2.8830391361E+02
    6.9500000000E+00   -1.6875000000E-01    5.0000000000E-01    2.8830393781E+02
    7.0500000000E+00   -1.6875000000E-01    5.0000000000E-01    2.8830396353E+02
    7.1500000000E+00   -1.6875000000E-01    5.0000000000E-01    2.8830399082E+02
    7.2500000000E+00   -1.6875000000E-01    5.0000000000E-01    2.8830401971E+02
    7.3500000000E+00   -1.6875000000E-01    5.0000000000E-01    2.8830405023E+02
    7.4500000000E+00   -1.6875000000E-01    5.0000000000E-01    2.8830408239E+02
    7.5500000000E+00   -1.6875000000E-01    5.0000000000E-01    2.8830411621E+02
    7.6500000000E+00   -1.6875000000E-01    5.0000000000E-01    2.8830415170E+02
    7.7500000000E+00   -1.6875000000E-01    5.0000000000E-01    2.8830418885E+02
    7.8500000000E+00   -1.6875000000E-01    5.0000000000E-01    2.8830422768E+02
    7.9500000000E+00   -1.6875000000E-01    5.0000000000E-01    2.8830426852E+02
    5.0000000000E-02   -1.5625000000E-01    5.0000000000E-01    2.8829369029E+02
    1.5000000000E-01   -1.5625000000E-01    5.0000000000E-01    2.8829363364E+02
    2.5000000000E-01   -1.5625000000E-01    5.0000000000E-01    2.8829357970E+02
    3.5000000000E-01   -1.5625000000E-01    5.0000000000E-01    2.8829352815E+02
    4.5000000000E-01   -1.5625000000E-01    5.0000000000E-01    2.8829347896E+02
    5.5000000000E-01   -1.5625000000E-01    5.0000000000E-01    2.8829343212E+02
    6.5000000000E-01   -1.5625000000E-01    5.0000000000E-01    2.8829338762E+02
    7.5000000000E-01   -1.5625000000E-01    5.0000000000E-01    2.8829334543E+02
    8.5000000000E-01   -1.5625000000E-01    5.0000000000E-01    2.8829330550E+02
    9.5000000000E-01   -1.5625000000E-01    5.0000000000E-01    2.8829326780E+02
    1.0500000000E+00   -1.5625000000E-01    5.0000000000E-01    2.8829323228E+02
    1.1500000000E+00   -1.5625000000E-01    5.0000000000E-01    2.8829319888E+02
    1.2500000000E+00   -1.5625000000E-01    5.0000000000E-01    2.8829316754E+02
    1.3500000000E+00   -1.5625000000E-01    5.0000000000E-01    2.8829313820E+02
    1.4500000000E+00   -1.5625000000E-01    5.0000000000E-01    2.8829311080E+02
    1.5500000000E+00   -1.5625000000E-01    5.0000000000E-01    2.8829308525E+02
    1.6500000000E+00   -1.5625000000E-01    5.0000000000E-01    2.8829306148E+02
    1.7500000000E+00   -1.5625000000E-01    5.0000000000E-01    2.8829303943E+02
    1.8500000000E+00   -1.5625000000E-01    5.0000000000E-01    2.8829301900E+02
    1.9500000000E+00   -1.5625000000E-01    5.0000000000E-01    2.8829300014E+02
    2.0500000000E+00   -1.5625000000E-01    5.0000000000E-01    2.8829298276E+02
    2.1500000000E+00   -1.5625000000E-01    5.0000000000E-01    2.8829296677E+02
    2.2500000000E+00   -1.5625000000E-01    5.0000000000E-01    2.8829295212E+02
    2.3500000000E+00   -1.5625000000E-01    5.0000000000E-01    2.8829293872E+02
    2.4500000000E+00   -1.5625000000E-01    5.0000000000E-01    2.8829292650E+02
    2.5500000000E+00   -1.5625000000E-01    5.0000000000E-01    2.8829291539E+02
    2.6500000000E+00   -1.5625000000E-01    5.0000000000E-01    2.8829290532E+02
    2.7500000000E+00   -1.5625000000E-01    5.0000000000E-01    2.8829289622E+02
    2.8500000000E+00   -1.5625000000E-01    5.0000000000E-01    2.8829288804E+02
    2.9500000000E+00   -1.5625000000E-01    5.0000000000E-01    2.8829288072E+02
    3.0500000000E+00   -1.5625000000E-01    5.0000000000E-01    2.8829287420E+02
    3.1500000000E+00   -1.5625000000E-01    5.0000000000E-01    2.8829286842E+02
    3.2500000000E+00   -1.5625000000E-01    5.0000000000E-01    2.8829286335E+02
    3.3500000000E+00   -1.5625000000E-01    5.0000000000E-01    2.8829285893E+02
    3.4500000000E+00   -1.5625000000E-01    5.0000000000E-01    2.8829285513E+02
    3.5500000000E+00   -1.5625000000E-01    5.0000000000E-01    2.8829285191E+02
    3.6500000000E+00   -1.5625000000E-01    5.0000000000E-01    2.8829284923E+02
    3.7500000000E+00   -1.5625000000E-01    5.0000000000E-01    2.8829284708E+02
    3.8500000000E+00   -1.5625000000E-01    5.0000000000E-01    2.8829284544E+02
    3.9500000000E+00   -1.5625000000E-01    5.0000000000E-01    2.8829284427E+02
    4.0500000000E+00   -1.5625000000E-01    5.0000000000E-01    2.8829284357E+02
    4.1500000000E+00   -1.5625000000E-01    5.0000000000E-01    2.8829284332E+02
    4.2500000000E+00   -1.5625000000E-01    5.0000000000E-01    2.8829284353E+02
    4.3500000000E+00   -1.5625000000E-01    5.0000000000E-01    2.8829284419E+02
    4.4500000000E+00   -1.5625000000E-01    5.0000000000E-01    2.8829284530E+02
    4.5500000000E+00   -1.5625000000E-01    5.0000000000E-01    2.8829284687E+02
    4.6500000000E+00   -1.5625000000E-01    5.0000000000E-01    2.8829284892E+02
    4.7500000000E+00   -1.5625000000E-01    5.0000000000E-01    2.8829285144E+02
    4.8500000000E+00   -1.5625000000E-01    5.0000000000E-01    2.8829285448E+02
    4.9500000000E+00   -1.5625000000E-01    5.0000000000E-01    2.8829285804E+02
    5.0500000000E+00   -1.5625000000E-01    5.0000000000E-01    2.8829286215E+02
    5.1500000000E+00   -1.5625000000E-01    5.0000000000E-01    2.8829286684E+02
    5.2500000000E+00   -1.5625000000E-01    5.0000000000E-01    2.8829287215E+02
    5.3500000000E+00   -1.5625000000E-01    5.0000000000E-01    2.8829287810E+02
    5.4500000000E+00   -1.5625000000E-01    5.0000000000E-01    2.8829288474E+02
    5.5500000000E+00   -1.5625000000E-01    5.0000000000E-01    2.8829289210E+02
    5.6500000000E+00   -1.5625000000E-01    5.0000000000E-01    2.8829290024E+02
    5.7500000000E+00   -1.5625000000E-01    5.0000000000E-01    2.8829290918E+02
    5.8500000000E+00   -1.5625000000E-01    5.0000000000E-01    2.8829291899E+02
    5.9500000000E+00   -1.5625000000E-01    5.0000000000E-01    2.8829292971E+02
    6.0500000000E+00   -1.5625000000E-01    5.0000000000E-01    2.8829294138E+02
    6.1500000000E+00   -1.5625000000E-01    5.0000000000E-01    2.8829295406E+02
    6.2500000000E+00   -1.5625000000E-01    5.0000000000E-01    2.8829296779E+02
    6.3500000000E+00   -1.5625000000E-01    5.0000000000E-01    2.8829298263E+02
    6.4500000000E+00   -1.5625000000E-01    5.0000000000E-01    2.8829299863E+02
    6.5500000000E+00   -1.5625000000E-01    5.0000000000E-01    2.8829301583E+02
    6.6500000000E+00   -1.5625000000E-01    5.0000000000E-01    2.8829303429E+02
    6.7500000000E+00   -1.5625000000E-01    5.0000000000E-01    2.8829305405E+02
    6.8500000000E+00   -1.5625000000E-01    5.0000000000E-01    2.8829307515E+02
    6.9500000000E+00   -1.5625000000E-01    5.0000000000E-01    2.8829309764E+02
    7.0500000000E+00   -1.5625000000E-01    5.0000000000E-01    2.8829312155E+02
    7.1500000000E+00   -1.5625000000E-01    5.0000000000E-01    2.8829314692E+02
    7.2500000000E+00   -1.5625000000E-01    5.0000000000E-01    2.8829317378E+02
    7.3500000000E+00   -1.5625000000E-01    5.0000000000E-01    2.8829320214E+02
    7.4500000000E+00   -1.5625000000E-01    5.0000000000E-01    2.8829323204E+02
    7.5500000000E+00   -1.5625000000E-01    5.0000000000E-01    2.8829326348E+02
    7.6500000000E+00   -1.5625000000E-01    5.0000000000E-01    2.8829329646E+02
    7.7500000000E+00   -1.5625000000E-01    5.0000000000E-01    2.8829333100E+02
    7.8500000000E+00   -1.5625000000E-01    5.0000000000E-01    2.8829336709E+02
    7.9500000000E+00   -1.5625000000E-01    5.0000000000E-01    2.8829340506E+02
    5.0000000000E-02   -1.4375000000E-01    5.0000000000E-01    2.8828276996E+02
    1.5000000000E-01   -1.4375000000E-01    5.0000000000E-01    2.8828271761E+02
    2.5000000000E-01   -1.4375000000E-01    5.0000000000E-01    2.8828266778E+02
    3.5000000000E-01   -1.4375000000E-01    5.0000000000E-01    2.8828262014E+02
    4.5000000000E-01   -1.4375000000E-01    5.0000000000E-01    2.8828257469E+02
    5.5000000000E-01   -1.4375000000E-01    5.0000000000E-01    2.8828253142E+02
    6.5000000000E-01   -1.4375000000E-01    5.0000000000E-01    2.8828249030E+02
    7.5000000000E-01   -1.4375000000E-01    5.0000000000E-01    2.8828245131E+02
    8.5000000000E-01   -1.4375000000E-01    5.0000000000E-01    2.8828241442E+02
    9.5000000000E-01   -1.4375000000E-01    5.0000000000E-01    2.8828237958E+02
    1.0500000000E+00   -1.4375000000E-01    5.0000000000E-01    2.8828234676E+02
    1.1500000000E+00   -1.4375000000E-01    5.0000000000E-01    2.8828231590E+02
    1.2500000000E+00   -1.4375000000E-01    5.0000000000E-01    2.8828228695E+02
    1.3500000000E+00   -1.4375000000E-01    5.0000000000E-01    2.8828225984E+02
    1.4500000000E+00   -1.4375000000E-01    5.0000000000E-01    2.8828223451E+02
    1.5500000000E+00   -1.4375000000E-01    5.0000000000E-01    2.8828221090E+02
    1.6500000000E+00   -1.4375000000E-01    5.0000000000E-01    2.8828218894E+02
    1.7500000000E+00   -1.4375000000E-01    5.0000000000E-01    2.8828216857E+02
    1.8500000000E+00   -1.4375000000E-01    5.0000000000E-01    2.8828214970E+02
    1.9500000000E+00   -1.4375000000E-01    5.0000000000E-01    2.8828213226E+02
    2.0500000000E+00   -1.4375000000E-01    5.0000000000E-01    2.8828211620E+02
    2.1500000000E+00   -1.4375000000E-01    5.0000000000E-01    2.8828210143E+02
    2.2500000000E+00   -1.4375000000E-01    5.0000000000E-01    2.8828208789E+02
    2.3500000000E+00   -1.4375000000E-01    5.0000000000E-01    2.8828207551E+02
    2.4500000000E+00   -1.4375000000E-01    5.0000000000E-01    2.8828206422E+02
    2.5500000000E+00   -1.4375000000E-01    5.0000000000E-01    2.8828205395E+02
    2.6500000000E+00   -1.4375000000E-01    5.0000000000E-01    2.8828204464E+02
    2.7500000000E+00   -1.4375000000E-01    5.0000000000E-01    2.8828203624E+02
    2.8500000000E+00   -1.4375000000E-01    5.0000000000E-01    2.8828202868E+02
    2.9500000000E+00   -1.4375000000E-01    5.0000000000E-01    2.8828202192E+02
    3.0500000000E+00   -1.4375000000E-01    5.0000000000E-01    2.8828201589E+02
    3.1500000000E+00   -1.4375000000E-01    5.0000000000E-01    2.8828201055E+02
    3.2500000000E+00   -1.4375000000E-01    5.0000000000E-01    2.8828200586E+02
    3.3500000000E+00   -1.4375000000E-01    5.0000000000E-01    2.8828200178E+02
    3.4500000000E+00   -1.4375000000E-01    5.0000000000E-01    2.8828199827E+02
    3.5500000000E+00   -1.4375000000E-01    5.0000000000E-01    2.8828199529E+02
    3.6500000000E+00   -1.4375000000E-01    5.0000000000E-01    2.8828199282E+02
    3.7500000000E+00   -1.4375000000E-01    5.0000000000E-01    2.8828199084E+02
    3.8500000000E+00   -1.4375000000E-01    5.0000000000E-01    2.8828198931E+02
    3.9500000000E+00   -1.4375000000E-01    5.0000000000E-01    2.8828198823E+02
    4.0500000000E+00   -1.4375000000E-01    5.0000000000E-01    2.8828198758E+02
    4.1500000000E+00   -1.4375000000E-01    5.0000000000E-01    2.8828198736E+02
    4.2500000000E+00   -1.4375000000E-01    5.0000000000E-01    2.8828198755E+02
    4.3500000000E+00   -1.4375000000E-01    5.0000000000E-01    2.8828198816E+02
    4.4500000000E+00   -1.4375000000E-01    5.0000000000E-01    2.8828198919E+02
    4.5500000000E+00   -1.4375000000E-01    5.0000000000E-01    2.8828199064E+02
    4.6500000000E+00   -1.4375000000E-01    5.0000000000E-01    2.8828199253E+02
    4.7500000000E+00   -1.4375000000E-01    5.0000000000E-01    2.8828199486E+02
    4.8500000000E+00   -1.4375000000E-01    5.0000000000E-01    2.8828199767E+02
    4.9500000000E+00   -1.4375000000E-01    5.0000000000E-01    2.8828200095E+02
    5.0500000000E+00   -1.4375000000E-01    5.0000000000E-01    2.8828200475E+02
    5.1500000000E+00   -1.4375000000E-01    5.0000000000E-01    2.8828200909E+02
    5.2500000000E+00   -1.4375000000E-01    5.0000000000E-01    2.8828201399E+02
    5.3500000000E+00   -1.4375000000E-01    5.0000000000E-01    2.8828201949E+02
    5.4500000000E+00   -1.4375000000E-01    5.0000000000E-01    2.8828202563E+02
    5.5500000000E+00   -1.4375000000E-01    5.0000000000E-01    2.8828203243E+02
    5.6500000000E+00   -1.4375000000E-01    5.0000000000E-01    2.8828203995E+02
    5.7500000000E+00   -1.4375000000E-01    5.0000000000E-01    2.8828204822E+02
    5.8500000000E+00   -1.4375000000E-01    5.0000000000E-01    2.8828205728E+02
    5.9500000000E+00   -1.4375000000E-01    5.0000000000E-01    2.8828206718E+02
    6.0500000000E+00   -1.4375000000E-01    5.0000000000E-01    2.8828207797E+02
    6.1500000000E+00   -1.4375000000E-01    5.0000000000E-01    2.8828208968E+02
    6.2500000000E+00   -1.4375000000E-01    5.0000000000E-01    2.8828210237E+02
    6.3500000000E+00   -1.4375000000E-01    5.0000000000E-01    2.8828211608E+02
    6.4500000000E+00   -1.4375000000E-01    5.0000000000E-01    2.8828213087E+02
    6.5500000000E+00   -1.4375000000E-01    5.0000000000E-01    2.8828214676E+02
    6.6500000000E+00   -1.4375000000E-01    5.0000000000E-01    2.8828216382E+02
    6.7500000000E+00   -1.4375000000E-01    5.0000000000E-01    2.8828218207E+02
    6.8500000000E+00   -1.4375000000E-01    5.0000000000E-01    2.8828220157E+02
    6.9500000000E+00   -1.4375000000E-01    5.0000000000E-01    2.8828222235E+02
    7.0500000000E+00   -1.4375000000E-01    5.0000000000E-01    2.8828224445E+02
    7.1500000000E+00   -1.4375000000E-01    5.0000000000E-01    2.8828226789E+02
    7.2500000000E+00   -1.4375000000E-01    5.0000000000E-01    2.8828229270E+02
    7.3500000000E+00   -1.4375000000E-01    5.0000000000E-01    2.8828231891E+02
    7.4500000000E+00   -1.4375000000E-01    5.0000000000E-01    2.8828234654E+02
    7.5500000000E+00   -1.4375000000E-01    5.0000000000E-01    2.8828237559E+02
    7.6500000000E+00   -1.4375000000E-01    5.0000000000E-01    2.8828240606E+02
    7.7500000000E+00   -1.4375000000E-01    5.0000000000E-01    2.8828243798E+02
    7.8500000000E+00   -1.4375000000E-01    5.0000000000E-01    2.8828247132E+02
    7.9500000000E+00   -1.4375000000E-01    5.0000000000E-01    2.8828250641E+02
    5.0000000000E-02   -1.3125000000E-01    5.0000000000E-01    2.8827181717E+02
    1.5000000000E-01   -1.3125000000E-01    5.0000000000E-01    2.8827176914E+02
    2.5000000000E-01   -1.3125000000E-01    5.0000000000E-01    2.8827172342E+02
    3.5000000000E-01   -1.3125000000E-01    5.0000000000E-01    2.8827167971E+02
    4.5000000000E-01   -1.3125000000E-01    5.0000000000E-01    2.8827163801E+02
    5.5000000000E-01   -1.3125000000E-01    5.0000000000E-01    2.8827159831E+02
    6.5000000000E-01   -1.3125000000E-01    5.0000000000E-01    2.8827156058E+02
    7.5000000000E-01   -1.3125000000E-01    5.0000000000E-01    2.8827152481E+02
    8.5000000000E-01   -1.3125000000E-01    5.0000000000E-01    2.8827149096E+02
    9.5000000000E-01   -1.3125000000E-01    5.0000000000E-01    2.8827145900E+02
    1.0500000000E+00   -1.3125000000E-01    5.0000000000E-01    2.8827142888E+02
    1.1500000000E+00   -1.3125000000E-01    5.0000000000E-01    2.8827140057E+02
    1.2500000000E+00   -1.3125000000E-01    5.0000000000E-01    2.8827137400E+02
    1.3500000000E+00   -1.3125000000E-01    5.0000000000E-01    2.8827134913E+02
    1.4500000000E+00   -1.3125000000E-01    5.0000000000E-01    2.8827132589E+02
    1.5500000000E+00   -1.3125000000E-01    5.0000000000E-01    2.8827130423E+02
    1.6500000000E+00   -1.3125000000E-01    5.0000000000E-01    2.8827128408E+02
    1.7500000000E+00   -1.3125000000E-01    5.0000000000E-01    2.8827126538E+02
    1.8500000000E+00   -1.3125000000E-01    5.0000000000E-01    2.8827124807E+02
    1.9500000000E+00   -1.3125000000E-01    5.0000000000E-01    2.8827123208E+02
    2.0500000000E+00   -1.3125000000E-01    5.0000000000E-01    2.8827121734E+02
    2.1500000000E+00   -1.3125000000E-01    5.0000000000E-01    2.8827120379E+02
    2.2500000000E+00   -1.3125000000E-01    5.0000000000E-01    2.8827119136E+02
    2.3500000000E+00   -1.3125000000E-01    5.0000000000E-01    2.8827118000E+02
    2.4500000000E+00   -1.3125000000E-01    5.0000000000E-01    2.8827116964E+02
    2.5500000000E+00   -1.3125000000E-01    5.0000000000E-01    2.8827116022E+02
    2.6500000000E+00   -1.3125000000E-01    5.0000000000E-01    2.8827115168E+02
    2.7500000000E+00   -1.3125000000E-01    5.0000000000E-01    2.8827114397E+02
    2.8500000000E+00   -1.3125000000E-01    5.0000000000E-01    2.8827113704E+02
    2.9500000000E+00   -1.3125000000E-01    5.0000000000E-01    2.8827113083E+02
    3.0500000000E+00   -1.3125000000E-01    5.0000000000E-01    2.8827112530E+02
    3.1500000000E+00   -1.3125000000E-01    5.0000000000E-01    2.8827112040E+02
    3.2500000000E+00   -1.3125000000E-01    5.0000000000E-01    2.8827111610E+02
    3.3500000000E+00   -1.3125000000E-01    5.0000000000E-01    2.8827111235E+02
    3.4500000000E+00   -1.3125000000E-01    5.0000000000E-01    2.8827110913E+02
    3.5500000000E+00   -1.3125000000E-01    5.0000000000E-01    2.8827110640E+02
    3.6500000000E+00   -1.3125000000E-01    5.0000000000E-01    2.8827110413E+02
    3.7500000000E+00   -1.3125000000E-01    5.0000000000E-01    2.8827110231E+02
    3.8500000000E+00   -1.3125000000E-01    5.0000000000E-01    2.8827110091E+02
    3.9500000000E+00   -1.3125000000E-01    5.0000000000E-01    2.8827109992E+02
    4.0500000000E+00   -1.3125000000E-01    5.0000000000E-01    2.8827109933E+02
    4.1500000000E+00   -1.3125000000E-01    5.0000000000E-01    2.8827109912E+02
    4.2500000000E+00   -1.3125000000E-01    5.0000000000E-01    2.8827109930E+02
    4.3500000000E+00   -1.3125000000E-01    5.0000000000E-01    2.8827109985E+02
    4.4500000000E+00   -1.3125000000E-01    5.0000000000E-01    2.8827110080E+02
    4.5500000000E+00   -1.3125000000E-01    5.0000000000E-01    2.8827110213E+02
    4.6500000000E+00   -1.3125000000E-01    5.0000000000E-01    2.8827110386E+02
    4.7500000000E+00   -1.3125000000E-01    5.0000000000E-01    2.8827110601E+02
    4.8500000000E+00   -1.3125000000E-01    5.0000000000E-01    2.8827110858E+02
    4.9500000000E+00   -1.3125000000E-01    5.0000000000E-01    2.8827111160E+02
    5.0500000000E+00   -1.3125000000E-01    5.0000000000E-01    2.8827111508E+02
    5.1500000000E+00   -1.3125000000E-01    5.0000000000E-01    2.8827111906E+02
    5.2500000000E+00   -1.3125000000E-01    5.0000000000E-01    2.8827112356E+02
    5.3500000000E+00   -1.3125000000E-01    5.0000000000E-01    2.8827112861E+02
    5.4500000000E+00   -1.3125000000E-01    5.0000000000E-01    2.8827113423E+02
    5.5500000000E+00   -1.3125000000E-01    5.0000000000E-01    2.8827114048E+02
    5.6500000000E+00   -1.3125000000E-01    5.0000000000E-01    2.8827114738E+02
    5.7500000000E+00   -1.3125000000E-01    5.0000000000E-01    2.8827115496E+02
    5.8500000000E+00   -1.3125000000E-01    5.0000000000E-01    2.8827116328E+02
    5.9500000000E+00   -1.3125000000E-01    5.0000000000E-01    2.8827117236E+02
    6.0500000000E+00   -1.3125000000E-01    5.0000000000E-01    2.8827118226E+02
    6.1500000000E+00   -1.3125000000E-01    5.0000000000E-01    2.8827119300E+02
    6.2500000000E+00   -1.3125000000E-01    5.0000000000E-01    2.8827120465E+02
    6.3500000000E+00   -1.3125000000E-01    5.0000000000E-01    2.8827121723E+02
    6.4500000000E+00   -1.3125000000E-01    5.0000000000E-01    2.8827123079E+02
    6.5500000000E+00   -1.3125000000E-01    5.0000000000E-01    2.8827124538E+02
    6.6500000000E+00   -1.3125000000E-01    5.0000000000E-01    2.8827126103E+02
    6.7500000000E+00   -1.3125000000E-01    5.0000000000E-01    2.8827127778E+02
    6.8500000000E+00   -1.3125000000E-01    5.0000000000E-01    2.8827129567E+02
    6.9500000000E+00   -1.3125000000E-01    5.0000000000E-01    2.8827131473E+02
    7.0500000000E+00   -1.3125000000E-01    5.0000000000E-01    2.8827133500E+02
    7.1500000000E+00   -1.3125000000E-01    5.0000000000E-01    2.8827135651E+02
    7.2500000000E+00   -1.3125000000E-01    5.0000000000E-01    2.8827137928E+02
    7.3500000000E+00   -1.3125000000E-01    5.0000000000E-01    2.8827140333E+02
    7.4500000000E+00   -1.3125000000E-01    5.0000000000E-01    2.8827142867E+02
    7.5500000000E+00   -1.3125000000E-01    5.0000000000E-01    2.8827145532E+02
    7.6500000000E+00   -1.3125000000E-01    5.0000000000E-01    2.8827148329E+02
    7.7500000000E+00   -1.3125000000E-01    5.0000000000E-01    2.8827151256E+02
    7.8500000000E+00   -1.3125000000E-01    5.0000000000E-01    2.8827154316E+02
    7.9500000000E+00   -1.3125000000E-01    5.0000000000E-01    2.8827157535E+02
    5.0000000000E-02   -1.1875000000E-01    5.0000000000E-01    2.8826083471E+02
    1.5000000000E-01   -1.1875000000E-01    5.0000000000E-01    2.8826079101E+02
    2.5000000000E-01   -1.1875000000E-01    5.0000000000E-01    2.8826074941E+02
    3.5000000000E-01   -1.1875000000E-01    5.0000000000E-01    2.8826070965E+02
    4.5000000000E-01   -1.1875000000E-01    5.0000000000E-01    2.8826067171E+02
    5.5000000000E-01   -1.1875000000E-01    5.0000000000E-01    2.8826063558E+02
    6.5000000000E-01   -1.1875000000E-01    5.0000000000E-01    2.8826060126E+02
    7.5000000000E-01   -1.1875000000E-01    5.0000000000E-01    2.8826056871E+02
    8.5000000000E-01   -1.1875000000E-01    5.0000000000E-01    2.8826053792E+02
    9.5000000000E-01   -1.1875000000E-01    5.0000000000E-01    2.8826050884E+02
    1.0500000000E+00   -1.1875000000E-01    5.0000000000E-01    2.8826048144E+02
    1.1500000000E+00   -1.1875000000E-01    5.0000000000E-01    2.8826045567E+02
    1.2500000000E+00   -1.1875000000E-01    5.0000000000E-01    2.8826043150E+02
    1.3500000000E+00   -1.1875000000E-01    5.0000000000E-01    2.8826040887E+02
    1.4500000000E+00   -1.1875000000E-01    5.0000000000E-01    2.8826038773E+02
    1.5500000000E+00   -1.1875000000E-01    5.0000000000E-01    2.8826036802E+02
    1.6500000000E+00   -1.1875000000E-01    5.0000000000E-01    2.8826034969E+02
    1.7500000000E+00   -1.1875000000E-01    5.0000000000E-01    2.8826033268E+02
    1.8500000000E+00   -1.1875000000E-01    5.0000000000E-01    2.8826031692E+02
    1.9500000000E+00   -1.1875000000E-01    5.0000000000E-01    2.8826030237E+02
    2.0500000000E+00   -1.1875000000E-01    5.0000000000E-01    2.8826028896E+02
    2.1500000000E+00   -1.1875000000E-01    5.0000000000E-01    2.8826027663E+02
    2.2500000000E+00   -1.1875000000E-01    5.0000000000E-01    2.8826026533E+02
    2.3500000000E+00   -1.1875000000E-01    5.0000000000E-01    2.8826025499E+02
    2.4500000000E+00   -1.1875000000E-01    5.0000000000E-01    2.8826024556E+02
    2.5500000000E+00   -1.1875000000E-01    5.0000000000E-01    2.8826023699E+02
    2.6500000000E+00   -1.1875000000E-01    5.0000000000E-01    2.8826022922E+02
    2.7500000000E+00   -1.1875000000E-01    5.0000000000E-01    2.8826022221E+02
    2.8500000000E+00   -1.1875000000E-01    5.0000000000E-01    2.8826021590E+02
    2.9500000000E+00   -1.1875000000E-01    5.0000000000E-01    2.8826021025E+02
    3.0500000000E+00   -1.1875000000E-01    5.0000000000E-01    2.8826020522E+02
    3.1500000000E+00   -1.1875000000E-01    5.0000000000E-01    2.8826020076E+02
    3.2500000000E+00   -1.1875000000E-01    5.0000000000E-01    2.8826019685E+02
    3.3500000000E+00   -1.1875000000E-01    5.0000000000E-01    2.8826019344E+02
    3.4500000000E+00   -1.1875000000E-01    5.0000000000E-01    2.8826019050E+02
    3.5500000000E+00   -1.1875000000E-01    5.0000000000E-01    2.8826018802E+02
    3.6500000000E+00   -1.1875000000E-01    5.0000000000E-01    2.8826018596E+02
    3.7500000000E+00   -1.1875000000E-01    5.0000000000E-01    2.8826018430E+02
    3.8500000000E+00   -1.1875000000E-01    5.0000000000E-01    2.8826018303E+02
    3.9500000000E+00   -1.1875000000E-01    5.0000000000E-01    2.8826018212E+02
    4.0500000000E+00   -1.1875000000E-01    5.0000000000E-01    2.8826018158E+02
    4.1500000000E+00   -1.1875000000E-01    5.0000000000E-01    2.8826018140E+02
    4.2500000000E+00   -1.1875000000E-01    5.0000000000E-01    2.8826018156E+02
    4.3500000000E+00   -1.1875000000E-01    5.0000000000E-01    2.8826018206E+02
    4.4500000000E+00   -1.1875000000E-01    5.0000000000E-01    2.8826018292E+02
    4.5500000000E+00   -1.1875000000E-01    5.0000000000E-01    2.8826018413E+02
    4.6500000000E+00   -1.1875000000E-01    5.0000000000E-01    2.8826018571E+02
    4.7500000000E+00   -1.1875000000E-01    5.0000000000E-01    2.8826018766E+02
    4.8500000000E+00   -1.1875000000E-01    5.0000000000E-01    2.8826019000E+02
    4.9500000000E+00   -1.1875000000E-01    5.0000000000E-01    2.8826019275E+02
    5.0500000000E+00   -1.1875000000E-01    5.0000000000E-01    2.8826019592E+02
    5.1500000000E+00   -1.1875000000E-01    5.0000000000E-01    2.8826019954E+02
    5.2500000000E+00   -1.1875000000E-01    5.0000000000E-01    2.8826020363E+02
    5.3500000000E+00   -1.1875000000E-01    5.0000000000E-01    2.8826020822E+02
    5.4500000000E+00   -1.1875000000E-01    5.0000000000E-01    2.8826021335E+02
    5.5500000000E+00   -1.1875000000E-01    5.0000000000E-01    2.8826021903E+02
    5.6500000000E+00   -1.1875000000E-01    5.0000000000E-01    2.8826022530E+02
    5.7500000000E+00   -1.1875000000E-01    5.0000000000E-01    2.8826023220E+02
    5.8500000000E+00   -1.1875000000E-01    5.0000000000E-01    2.8826023977E+02
    5.9500000000E+00   -1.1875000000E-01    5.0000000000E-01    2.8826024804E+02
    6.0500000000E+00   -1.1875000000E-01    5.0000000000E-01    2.8826025704E+02
    6.1500000000E+00   -1.1875000000E-01    5.0000000000E-01    2.8826026682E+02
    6.2500000000E+00   -1.1875000000E-01    5.0000000000E-01    2.8826027741E+02
    6.3500000000E+00   -1.1875000000E-01    5.0000000000E-01    2.8826028886E+02
    6.4500000000E+00   -1.1875000000E-01    5.0000000000E-01    2.8826030120E+02
    6.5500000000E+00   -1.1875000000E-01    5.0000000000E-01    2.8826031447E+02
    6.6500000000E+00   -1.1875000000E-01    5.0000000000E-01    2.8826032871E+02
    6.7500000000E+00   -1.1875000000E-01    5.0000000000E-01    2.8826034395E+02
    6.8500000000E+00   -1.1875000000E-01    5.0000000000E-01    2.8826036023E+02
    6.9500000000E+00   -1.1875000000E-01    5.0000000000E-01    2.8826037757E+02
    7.0500000000E+00   -1.1875000000E-01    5.0000000000E-01    2.8826039602E+02
    7.1500000000E+00   -1.1875000000E-01    5.0000000000E-01    2.8826041559E+02
    7.2500000000E+00   -1.1875000000E-01    5.0000000000E-01    2.8826043630E+02
    7.3500000000E+00   -1.1875000000E-01    5.0000000000E-01    2.8826045818E+02
    7.4500000000E+00   -1.1875000000E-01    5.0000000000E-01    2.8826048124E+02
    7.5500000000E+00   -1.1875000000E-01    5.0000000000E-01    2.8826050549E+02
    7.6500000000E+00   -1.1875000000E-01    5.0000000000E-01    2.8826053093E+02
    7.7500000000E+00   -1.1875000000E-01    5.0000000000E-01    2.8826055757E+02
    7.8500000000E+00   -1.1875000000E-01    5.0000000000E-01    2.8826058540E+02
    7.9500000000E+00   -1.1875000000E-01    5.0000000000E-01    2.8826061469E+02
    5.0000000000E-02   -1.0625000000E-01    5.0000000000E-01    2.8824982541E+02
    1.5000000000E-01   -1.0625000000E-01    5.0000000000E-01    2.8824978605E+02
    2.5000000000E-01   -1.0625000000E-01    5.0000000000E-01    2.8824974858E+02
    3.5000000000E-01   -1.0625000000E-01    5.0000000000E-01    2.8824971277E+02
    4.5000000000E-01   -1.0625000000E-01    5.0000000000E-01    2.8824967860E+02
    5.5000000000E-01   -1.0625000000E-01    5.0000000000E-01    2.8824964606E+02
    6.5000000000E-01   -1.0625000000E-01    5.0000000000E-01    2.8824961515E+02
    7.5000000000E-01   -1.0625000000E-01    5.0000000000E-01    2.8824958583E+02
    8.5000000000E-01   -1.0625000000E-01    5.0000000000E-01    2.8824955809E+02
    9.5000000000E-01   -1.0625000000E-01    5.0000000000E-01    2.8824953190E+02
    1.0500000000E+00   -1.0625000000E-01    5.0000000000E-01    2.8824950722E+02
    1.1500000000E+00   -1.0625000000E-01    5.0000000000E-01    2.8824948402E+02
    1.2500000000E+00   -1.0625000000E-01    5.0000000000E-01    2.8824946225E+02
    1.3500000000E+00   -1.0625000000E-01    5.0000000000E-01    2.8824944187E+02
    1.4500000000E+00   -1.0625000000E-01    5.0000000000E-01    2.8824942282E+02
    1.5500000000E+00   -1.0625000000E-01    5.0000000000E-01    2.8824940507E+02
    1.6500000000E+00   -1.0625000000E-01    5.0000000000E-01    2.8824938856E+02
    1.7500000000E+00   -1.0625000000E-01    5.0000000000E-01    2.8824937324E+02
    1.8500000000E+00   -1.0625000000E-01    5.0000000000E-01    2.8824935905E+02
    1.9500000000E+00   -1.0625000000E-01    5.0000000000E-01    2.8824934594E+02
    2.0500000000E+00   -1.0625000000E-01    5.0000000000E-01    2.8824933386E+02
    2.1500000000E+00   -1.0625000000E-01    5.0000000000E-01    2.8824932276E+02
    2.2500000000E+00   -1.0625000000E-01    5.0000000000E-01    2.8824931258E+02
    2.3500000000E+00   -1.0625000000E-01    5.0000000000E-01    2.8824930327E+02
    2.4500000000E+00   -1.0625000000E-01    5.0000000000E-01    2.8824929478E+02
    2.5500000000E+00   -1.0625000000E-01    5.0000000000E-01    2.8824928705E+02
    2.6500000000E+00   -1.0625000000E-01    5.0000000000E-01    2.8824928006E+02
    2.7500000000E+00   -1.0625000000E-01    5.0000000000E-01    2.8824927374E+02
    2.8500000000E+00   -1.0625000000E-01    5.0000000000E-01    2.8824926806E+02
    2.9500000000E+00   -1.0625000000E-01    5.0000000000E-01    2.8824926297E+02
    3.0500000000E+00   -1.0625000000E-01    5.0000000000E-01    2.8824925844E+02
    3.1500000000E+00   -1.0625000000E-01    5.0000000000E-01    2.8824925442E+02
    3.2500000000E+00   -1.0625000000E-01    5.0000000000E-01    2.8824925090E+02
    3.3500000000E+00   -1.0625000000E-01    5.0000000000E-01    2.8824924783E+02
    3.4500000000E+00   -1.0625000000E-01    5.0000000000E-01    2.8824924518E+02
    3.5500000000E+00   -1.0625000000E-01    5.0000000000E-01    2.8824924295E+02
    3.6500000000E+00   -1.0625000000E-01    5.0000000000E-01    2.8824924109E+02
    3.7500000000E+00   -1.0625000000E-01    5.0000000000E-01    2.8824923960E+02
    3.8500000000E+00   -1.0625000000E-01    5.0000000000E-01    2.8824923845E+02
    3.9500000000E+00   -1.0625000000E-01    5.0000000000E-01    2.8824923764E+02
    4.0500000000E+00   -1.0625000000E-01    5.0000000000E-01    2.8824923715E+02
    4.1500000000E+00   -1.0625000000E-01    5.0000000000E-01    2.8824923698E+02
    4.2500000000E+00   -1.0625000000E-01    5.0000000000E-01    2.8824923712E+02
    4.3500000000E+00   -1.0625000000E-01    5.0000000000E-01    2.8824923758E+02
    4.4500000000E+00   -1.0625000000E-01    5.0000000000E-01    2.8824923836E+02
    4.5500000000E+00   -1.0625000000E-01    5.0000000000E-01    2.8824923945E+02
    4.6500000000E+00   -1.0625000000E-01    5.0000000000E-01    2.8824924087E+02
    4.7500000000E+00   -1.0625000000E-01    5.0000000000E-01    2.8824924262E+02
    4.8500000000E+00   -1.0625000000E-01    5.0000000000E-01    2.8824924473E+02
    4.9500000000E+00   -1.0625000000E-01    5.0000000000E-01    2.8824924720E+02
    5.0500000000E+00   -1.0625000000E-01    5.0000000000E-01    2.8824925006E+02
    5.1500000000E+00   -1.0625000000E-01    5.0000000000E-01    2.8824925332E+02
    5.2500000000E+00   -1.0625000000E-01    5.0000000000E-01    2.8824925701E+02
    5.3500000000E+00   -1.0625000000E-01    5.0000000000E-01    2.8824926115E+02
    5.4500000000E+00   -1.0625000000E-01    5.0000000000E-01    2.8824926576E+02
    5.5500000000E+00   -1.0625000000E-01    5.0000000000E-01    2.8824927088E+02
    5.6500000000E+00   -1.0625000000E-01    5.0000000000E-01    2.8824927653E+02
    5.7500000000E+00   -1.0625000000E-01    5.0000000000E-01    2.8824928274E+02
    5.8500000000E+00   -1.0625000000E-01    5.0000000000E-01    2.8824928956E+02
    5.9500000000E+00   -1.0625000000E-01    5.0000000000E-01    2.8824929700E+02
    6.0500000000E+00   -1.0625000000E-01    5.0000000000E-01    2.8824930511E+02
    6.1500000000E+00   -1.0625000000E-01    5.0000000000E-01    2.8824931392E+02
    6.2500000000E+00   -1.0625000000E-01    5.0000000000E-01    2.8824932346E+02
    6.3500000000E+00   -1.0625000000E-01    5.0000000000E-01    2.8824933377E+02
    6.4500000000E+00   -1.0625000000E-01    5.0000000000E-01    2.8824934489E+02
    6.5500000000E+00   -1.0625000000E-01    5.0000000000E-01    2.8824935684E+02
    6.6500000000E+00   -1.0625000000E-01    5.0000000000E-01    2.8824936966E+02
    6.7500000000E+00   -1.0625000000E-01    5.0000000000E-01    2.8824938339E+02
    6.8500000000E+00   -1.0625000000E-01    5.0000000000E-01    2.8824939805E+02
    6.9500000000E+00   -1.0625000000E-01    5.0000000000E-01    2.8824941367E+02
    7.0500000000E+00   -1.0625000000E-01    5.0000000000E-01    2.8824943029E+02
    7.1500000000E+00   -1.0625000000E-01    5.0000000000E-01    2.8824944791E+02
    7.2500000000E+00   -1.0625000000E-01    5.0000000000E-01    2.8824946657E+02
    7.3500000000E+00   -1.0625000000E-01    5.0000000000E-01    2.8824948627E+02
    7.4500000000E+00   -1.0625000000E-01    5.0000000000E-01    2.8824950704E+02
    7.5500000000E+00   -1.0625000000E-01    5.0000000000E-01    2.8824952888E+02
    7.6500000000E+00   -1.0625000000E-01    5.0000000000E-01    2.8824955180E+02
    7.7500000000E+00   -1.0625000000E-01    5.0000000000E-01    2.8824957579E+02
    7.8500000000E+00   -1.0625000000E-01    5.0000000000E-01    2.8824960086E+02
    7.9500000000E+00   -1.0625000000E-01    5.0000000000E-01    2.8824962724E+02
    5.0000000000E-02   -9.3750000000E-02    5.0000000000E-01    2.8823879208E+02
    1.5000000000E-01   -9.3750000000E-02    5.0000000000E-01    2.8823875706E+02
    2.5000000000E-01   -9.3750000000E-02    5.0000000000E-01    2.8823872374E+02
    3.5000000000E-01   -9.3750000000E-02    5.0000000000E-01    2.8823869188E+02
    4.5000000000E-01   -9.3750000000E-02    5.0000000000E-01    2.8823866149E+02
    5.5000000000E-01   -9.3750000000E-02    5.0000000000E-01    2.8823863255E+02
    6.5000000000E-01   -9.3750000000E-02    5.0000000000E-01    2.8823860505E+02
    7.5000000000E-01   -9.3750000000E-02    5.0000000000E-01    2.8823857898E+02
    8.5000000000E-01   -9.3750000000E-02    5.0000000000E-01    2.8823855430E+02
    9.5000000000E-01   -9.3750000000E-02    5.0000000000E-01    2.8823853101E+02
    1.0500000000E+00   -9.3750000000E-02    5.0000000000E-01    2.8823850906E+02
    1.1500000000E+00   -9.3750000000E-02    5.0000000000E-01    2.8823848842E+02
    1.2500000000E+00   -9.3750000000E-02    5.0000000000E-01    2.8823846905E+02
    1.3500000000E+00   -9.3750000000E-02    5.0000000000E-01    2.8823845092E+02
    1.4500000000E+00   -9.3750000000E-02    5.0000000000E-01    2.8823843398E+02
    1.5500000000E+00   -9.3750000000E-02    5.0000000000E-01    2.8823841819E+02
    1.6500000000E+00   -9.3750000000E-02    5.0000000000E-01    2.8823840351E+02
    1.7500000000E+00   -9.3750000000E-02    5.0000000000E-01    2.8823838988E+02
    1.8500000000E+00   -9.3750000000E-02    5.0000000000E-01    2.8823837726E+02
    1.9500000000E+00   -9.3750000000E-02    5.0000000000E-01    2.8823836560E+02
    2.0500000000E+00   -9.3750000000E-02    5.0000000000E-01    2.8823835486E+02
    2.1500000000E+00   -9.3750000000E-02    5.0000000000E-01    2.8823834498E+02
    2.2500000000E+00   -9.3750000000E-02    5.0000000000E-01    2.8823833592E+02
    2.3500000000E+00   -9.3750000000E-02    5.0000000000E-01    2.8823832764E+02
    2.4500000000E+00   -9.3750000000E-02    5.0000000000E-01    2.8823832009E+02
    2.5500000000E+00   -9.3750000000E-02    5.0000000000E-01    2.8823831322E+02
    2.6500000000E+00   -9.3750000000E-02    5.0000000000E-01    2.8823830699E+02
    2.7500000000E+00   -9.3750000000E-02    5.0000000000E-01    2.8823830137E+02
    2.8500000000E+00   -9.3750000000E-02    5.0000000000E-01    2.8823829632E+02
    2.9500000000E+00   -9.3750000000E-02    5.0000000000E-01    2.8823829179E+02
    3.0500000000E+00   -9.3750000000E-02    5.0000000000E-01    2.8823828776E+02
    3.1500000000E+00   -9.3750000000E-02    5.0000000000E-01    2.8823828419E+02
    3.2500000000E+00   -9.3750000000E-02    5.0000000000E-01    2.8823828106E+02
    3.3500000000E+00   -9.3750000000E-02    5.0000000000E-01    2.8823827832E+02
    3.4500000000E+00   -9.3750000000E-02    5.0000000000E-01    2.8823827597E+02
    3.5500000000E+00   -9.3750000000E-02    5.0000000000E-01    2.8823827398E+02
    3.6500000000E+00   -9.3750000000E-02    5.0000000000E-01    2.8823827233E+02
    3.7500000000E+00   -9.3750000000E-02    5.0000000000E-01    2.8823827100E+02
    3.8500000000E+00   -9.3750000000E-02    5.0000000000E-01    2.8823826998E+02
    3.9500000000E+00   -9.3750000000E-02    5.0000000000E-01    2.8823826926E+02
    4.0500000000E+00   -9.3750000000E-02    5.0000000000E-01    2.8823826883E+02
    4.1500000000E+00   -9.3750000000E-02    5.0000000000E-01    2.8823826868E+02
    4.2500000000E+00   -9.3750000000E-02    5.0000000000E-01    2.8823826880E+02
    4.3500000000E+00   -9.3750000000E-02    5.0000000000E-01    2.8823826921E+02
    4.4500000000E+00   -9.3750000000E-02    5.0000000000E-01    2.8823826990E+02
    4.5500000000E+00   -9.3750000000E-02    5.0000000000E-01    2.8823827087E+02
    4.6500000000E+00   -9.3750000000E-02    5.0000000000E-01    2.8823827213E+02
    4.7500000000E+00   -9.3750000000E-02    5.0000000000E-01    2.8823827370E+02
    4.8500000000E+00   -9.3750000000E-02    5.0000000000E-01    2.8823827557E+02
    4.9500000000E+00   -9.3750000000E-02    5.0000000000E-01    2.8823827777E+02
    5.0500000000E+00   -9.3750000000E-02    5.0000000000E-01    2.8823828031E+02
    5.1500000000E+00   -9.3750000000E-02    5.0000000000E-01    2.8823828321E+02
    5.2500000000E+00   -9.3750000000E-02    5.0000000000E-01    2.8823828649E+02
    5.3500000000E+00   -9.3750000000E-02    5.0000000000E-01    2.8823829017E+02
    5.4500000000E+00   -9.3750000000E-02    5.0000000000E-01    2.8823829427E+02
    5.5500000000E+00   -9.3750000000E-02    5.0000000000E-01    2.8823829883E+02
    5.6500000000E+00   -9.3750000000E-02    5.0000000000E-01    2.8823830385E+02
    5.7500000000E+00   -9.3750000000E-02    5.0000000000E-01    2.8823830938E+02
    5.8500000000E+00   -9.3750000000E-02    5.0000000000E-01    2.8823831544E+02
    5.9500000000E+00   -9.3750000000E-02    5.0000000000E-01    2.8823832207E+02
    6.0500000000E+00   -9.3750000000E-02    5.0000000000E-01    2.8823832928E+02
    6.1500000000E+00   -9.3750000000E-02    5.0000000000E-01    2.8823833711E+02
    6.2500000000E+00   -9.3750000000E-02    5.0000000000E-01    2.8823834560E+02
    6.3500000000E+00   -9.3750000000E-02    5.0000000000E-01    2.8823835477E+02
    6.4500000000E+00   -9.3750000000E-02    5.0000000000E-01    2.8823836466E+02
    6.5500000000E+00   -9.3750000000E-02    5.0000000000E-01    2.8823837529E+02
    6.6500000000E+00   -9.3750000000E-02    5.0000000000E-01    2.8823838670E+02
    6.7500000000E+00   -9.3750000000E-02    5.0000000000E-01    2.8823839891E+02
    6.8500000000E+00   -9.3750000000E-02    5.0000000000E-01    2.8823841195E+02
    6.9500000000E+00   -9.3750000000E-02    5.0000000000E-01    2.8823842584E+02
    7.0500000000E+00   -9.3750000000E-02    5.0000000000E-01    2.8823844062E+02
    7.1500000000E+00   -9.3750000000E-02    5.0000000000E-01    2.8823845630E+02
    7.2500000000E+00   -9.3750000000E-02    5.0000000000E-01    2.8823847289E+02
    7.3500000000E+00   -9.3750000000E-02    5.0000000000E-01    2.8823849042E+02
    7.4500000000E+00   -9.3750000000E-02    5.0000000000E-01    2.8823850889E+02
    7.5500000000E+00   -9.3750000000E-02    5.0000000000E-01    2.8823852832E+02
    7.6500000000E+00   -9.3750000000E-02    5.0000000000E-01    2.8823854870E+02
    7.7500000000E+00   -9.3750000000E-02    5.0000000000E-01    2.8823857004E+02
    7.8500000000E+00   -9.3750000000E-02    5.0000000000E-01    2.8823859234E+02
    7.9500000000E+00   -9.3750000000E-02    5.0000000000E-01    2.8823861581E+02
    5.0000000000E-02   -8.1250000000E-02    5.0000000000E-01    2.8822773753E+02
    1.5000000000E-01   -8.1250000000E-02    5.0000000000E-01    2.8822770688E+02
    2.5000000000E-01   -8.1250000000E-02    5.0000000000E-01    2.8822767770E+02
    3.5000000000E-01   -8.1250000000E-02    5.0000000000E-01    2.8822764981E+02
    4.5000000000E-01   -8.1250000000E-02    5.0000000000E-01    2.8822762320E+02
    5.5000000000E-01   -8.1250000000E-02    5.0000000000E-01    2.8822759786E+02
    6.5000000000E-01   -8.1250000000E-02    5.0000000000E-01    2.8822757379E+02
    7.5000000000E-01   -8.1250000000E-02    5.0000000000E-01    2.8822755096E+02
    8.5000000000E-01   -8.1250000000E-02    5.0000000000E-01    2.8822752936E+02
    9.5000000000E-01   -8.1250000000E-02    5.0000000000E-01    2.8822750897E+02
    1.0500000000E+00   -8.1250000000E-02    5.0000000000E-01    2.8822748975E+02
    1.1500000000E+00   -8.1250000000E-02    5.0000000000E-01    2.8822747168E+02
    1.2500000000E+00   -8.1250000000E-02    5.0000000000E-01    2.8822745472E+02
    1.3500000000E+00   -8.1250000000E-02    5.0000000000E-01    2.8822743885E+02
    1.4500000000E+00   -8.1250000000E-02    5.0000000000E-01    2.8822742402E+02
    1.5500000000E+00   -8.1250000000E-02    5.0000000000E-01    2.8822741020E+02
    1.6500000000E+00   -8.1250000000E-02    5.0000000000E-01    2.8822739734E+02
    1.7500000000E+00   -8.1250000000E-02    5.0000000000E-01    2.8822738541E+02
    1.8500000000E+00   -8.1250000000E-02    5.0000000000E-01    2.8822737436E+02
    1.9500000000E+00   -8.1250000000E-02    5.0000000000E-01    2.8822736415E+02
    2.0500000000E+00   -8.1250000000E-02    5.0000000000E-01    2.8822735474E+02
    2.1500000000E+00   -8.1250000000E-02    5.0000000000E-01    2.8822734610E+02
    2.2500000000E+00   -8.1250000000E-02    5.0000000000E-01    2.8822733817E+02
    2.3500000000E+00   -8.1250000000E-02    5.0000000000E-01    2.8822733091E+02
    2.4500000000E+00   -8.1250000000E-02    5.0000000000E-01    2.8822732430E+02
    2.5500000000E+00   -8.1250000000E-02    5.0000000000E-01    2.8822731829E+02
    2.6500000000E+00   -8.1250000000E-02    5.0000000000E-01    2.8822731284E+02
    2.7500000000E+00   -8.1250000000E-02    5.0000000000E-01    2.8822730792E+02
    2.8500000000E+00   -8.1250000000E-02    5.0000000000E-01    2.8822730349E+02
    2.9500000000E+00   -8.1250000000E-02    5.0000000000E-01    2.8822729953E+02
    3.0500000000E+00   -8.1250000000E-02    5.0000000000E-01    2.8822729600E+02
    3.1500000000E+00   -8.1250000000E-02    5.0000000000E-01    2.8822729288E+02
    3.2500000000E+00   -8.1250000000E-02    5.0000000000E-01    2.8822729013E+02
    3.3500000000E+00   -8.1250000000E-02    5.0000000000E-01    2.8822728774E+02
    3.4500000000E+00   -8.1250000000E-02    5.0000000000E-01    2.8822728568E+02
    3.5500000000E+00   -8.1250000000E-02    5.0000000000E-01    2.8822728394E+02
    3.6500000000E+00   -8.1250000000E-02    5.0000000000E-01    2.8822728249E+02
    3.7500000000E+00   -8.1250000000E-02    5.0000000000E-01    2.8822728133E+02
    3.8500000000E+00   -8.1250000000E-02    5.0000000000E-01    2.8822728043E+02
    3.9500000000E+00   -8.1250000000E-02    5.0000000000E-01    2.8822727980E+02
    4.0500000000E+00   -8.1250000000E-02    5.0000000000E-01    2.8822727942E+02
    4.1500000000E+00   -8.1250000000E-02    5.0000000000E-01    2.8822727929E+02
    4.2500000000E+00   -8.1250000000E-02    5.0000000000E-01    2.8822727940E+02
    4.3500000000E+00   -8.1250000000E-02    5.0000000000E-01    2.8822727976E+02
    4.4500000000E+00   -8.1250000000E-02    5.0000000000E-01    2.8822728036E+02
    4.5500000000E+00   -8.1250000000E-02    5.0000000000E-01    2.8822728121E+02
    4.6500000000E+00   -8.1250000000E-02    5.0000000000E-01    2.8822728232E+02
    4.7500000000E+00   -8.1250000000E-02    5.0000000000E-01    2.8822728369E+02
    4.8500000000E+00   -8.1250000000E-02    5.0000000000E-01    2.8822728533E+02
    4.9500000000E+00   -8.1250000000E-02    5.0000000000E-01    2.8822728725E+02
    5.0500000000E+00   -8.1250000000E-02    5.0000000000E-01    2.8822728948E+02
    5.1500000000E+00   -8.1250000000E-02    5.0000000000E-01    2.8822729202E+02
    5.2500000000E+00   -8.1250000000E-02    5.0000000000E-01    2.8822729489E+02
    5.3500000000E+00   -8.1250000000E-02    5.0000000000E-01    2.8822729811E+02
    5.4500000000E+00   -8.1250000000E-02    5.0000000000E-01    2.8822730170E+02
    5.5500000000E+00   -8.1250000000E-02    5.0000000000E-01    2.8822730569E+02
    5.6500000000E+00   -8.1250000000E-02    5.0000000000E-01    2.8822731009E+02
    5.7500000000E+00   -8.1250000000E-02    5.0000000000E-01    2.8822731493E+02
    5.8500000000E+00   -8.1250000000E-02    5.0000000000E-01    2.8822732024E+02
    5.9500000000E+00   -8.1250000000E-02    5.0000000000E-01    2.8822732604E+02
    6.0500000000E+00   -8.1250000000E-02    5.0000000000E-01    2.8822733235E+02
    6.1500000000E+00   -8.1250000000E-02    5.0000000000E-01    2.8822733921E+02
    6.2500000000E+00   -8.1250000000E-02    5.0000000000E-01    2.8822734664E+02
    6.3500000000E+00   -8.1250000000E-02    5.0000000000E-01    2.8822735467E+02
    6.4500000000E+00   -8.1250000000E-02    5.0000000000E-01    2.8822736333E+02
    6.5500000000E+00   -8.1250000000E-02    5.0000000000E-01    2.8822737263E+02
    6.6500000000E+00   -8.1250000000E-02    5.0000000000E-01    2.8822738262E+02
    6.7500000000E+00   -8.1250000000E-02    5.0000000000E-01    2.8822739331E+02
    6.8500000000E+00   -8.1250000000E-02    5.0000000000E-01    2.8822740473E+02
    6.9500000000E+00   -8.1250000000E-02    5.0000000000E-01    2.8822741689E+02
    7.0500000000E+00   -8.1250000000E-02    5.0000000000E-01    2.8822742983E+02
    7.1500000000E+00   -8.1250000000E-02    5.0000000000E-01    2.8822744355E+02
    7.2500000000E+00   -8.1250000000E-02    5.0000000000E-01    2.8822745808E+02
    7.3500000000E+00   -8.1250000000E-02    5.0000000000E-01    2.8822747343E+02
    7.4500000000E+00   -8.1250000000E-02    5.0000000000E-01    2.8822748960E+02
    7.5500000000E+00   -8.1250000000E-02    5.0000000000E-01    2.8822750661E+02
    7.6500000000E+00   -8.1250000000E-02    5.0000000000E-01    2.8822752445E+02
    7.7500000000E+00   -8.1250000000E-02    5.0000000000E-01    2.8822754313E+02
    7.8500000000E+00   -8.1250000000E-02    5.0000000000E-01    2.8822756266E+02
    7.9500000000E+00   -8.1250000000E-02    5.0000000000E-01    2.8822758321E+02
    5.0000000000E-02   -6.8750000000E-02    5.0000000000E-01    2.8821666461E+02
    1.5000000000E-01   -6.8750000000E-02    5.0000000000E-01    2.8821663832E+02
    2.5000000000E-01   -6.8750000000E-02    5.0000000000E-01    2.8821661330E+02
    3.5000000000E-01   -6.8750000000E-02    5.0000000000E-01    2.8821658938E+02
    4.5000000000E-01   -6.8750000000E-02    5.0000000000E-01    2.8821656656E+02
    5.5000000000E-01   -6.8750000000E-02    5.0000000000E-01    2.8821654484E+02
    6.5000000000E-01   -6.8750000000E-02    5.0000000000E-01    2.8821652419E+02
    7.5000000000E-01   -6.8750000000E-02    5.0000000000E-01    2.8821650461E+02
    8.5000000000E-01   -6.8750000000E-02    5.0000000000E-01    2.8821648609E+02
    9.5000000000E-01   -6.8750000000E-02    5.0000000000E-01    2.8821646860E+02
    1.0500000000E+00   -6.8750000000E-02    5.0000000000E-01    2.8821645212E+02
    1.1500000000E+00   -6.8750000000E-02    5.0000000000E-01    2.8821643662E+02
    1.2500000000E+00   -6.8750000000E-02    5.0000000000E-01    2.8821642208E+02
    1.3500000000E+00   -6.8750000000E-02    5.0000000000E-01    2.8821640847E+02
    1.4500000000E+00   -6.8750000000E-02    5.0000000000E-01    2.8821639575E+02
    1.5500000000E+00   -6.8750000000E-02    5.0000000000E-01    2.8821638390E+02
    1.6500000000E+00   -6.8750000000E-02    5.0000000000E-01    2.8821637287E+02
    1.7500000000E+00   -6.8750000000E-02    5.0000000000E-01    2.8821636264E+02
    1.8500000000E+00   -6.8750000000E-02    5.0000000000E-01    2.8821635316E+02
    1.9500000000E+00   -6.8750000000E-02    5.0000000000E-01    2.8821634441E+02
    2.0500000000E+00   -6.8750000000E-02    5.0000000000E-01    2.8821633634E+02
    2.1500000000E+00   -6.8750000000E-02    5.0000000000E-01    2.8821632893E+02
    2.2500000000E+00   -6.8750000000E-02    5.0000000000E-01    2.8821632213E+02
    2.3500000000E+00   -6.8750000000E-02    5.0000000000E-01    2.8821631591E+02
    2.4500000000E+00   -6.8750000000E-02    5.0000000000E-01    2.8821631024E+02
    2.5500000000E+00   -6.8750000000E-02    5.0000000000E-01    2.8821630508E+02
    2.6500000000E+00   -6.8750000000E-02    5.0000000000E-01    2.8821630041E+02
    2.7500000000E+00   -6.8750000000E-02    5.0000000000E-01    2.8821629619E+02
    2.8500000000E+00   -6.8750000000E-02    5.0000000000E-01    2.8821629239E+02
    2.9500000000E+00   -6.8750000000E-02    5.0000000000E-01    2.8821628899E+02
    3.0500000000E+00   -6.8750000000E-02    5.0000000000E-01    2.8821628597E+02
    3.1500000000E+00   -6.8750000000E-02    5.0000000000E-01    2.8821628329E+02
    3.2500000000E+00   -6.8750000000E-02    5.0000000000E-01    2.8821628093E+02
    3.3500000000E+00   -6.8750000000E-02    5.0000000000E-01    2.8821627888E+02
    3.4500000000E+00   -6.8750000000E-02    5.0000000000E-01    2.8821627712E+02
    3.5500000000E+00   -6.8750000000E-02    5.0000000000E-01    2.8821627562E+02
    3.6500000000E+00   -6.8750000000E-02    5.0000000000E-01    2.8821627438E+02
    3.7500000000E+00   -6.8750000000E-02    5.0000000000E-01    2.8821627338E+02
    3.8500000000E+00   -6.8750000000E-02    5.0000000000E-01    2.8821627262E+02
    3.9500000000E+00   -6.8750000000E-02    5.0000000000E-01    2.8821627207E+02
    4.0500000000E+00   -6.8750000000E-02    5.0000000000E-01    2.8821627175E+02
    4.1500000000E+00   -6.8750000000E-02    5.0000000000E-01    2.8821627164E+02
    4.2500000000E+00   -6.8750000000E-02    5.0000000000E-01    2.8821627173E+02
    4.3500000000E+00   -6.8750000000E-02    5.0000000000E-01    2.8821627204E+02
    4.4500000000E+00   -6.8750000000E-02    5.0000000000E-01    2.8821627255E+02
    4.5500000000E+00   -6.8750000000E-02    5.0000000000E-01    2.8821627328E+02
    4.6500000000E+00   -6.8750000000E-02    5.0000000000E-01    2.8821627423E+02
    4.7500000000E+00   -6.8750000000E-02    5.0000000000E-01    2.8821627540E+02
    4.8500000000E+00   -6.8750000000E-02    5.0000000000E-01    2.8821627681E+02
    4.9500000000E+00   -6.8750000000E-02    5.0000000000E-01    2.8821627846E+02
    5.0500000000E+00   -6.8750000000E-02    5.0000000000E-01    2.8821628037E+02
    5.1500000000E+00   -6.8750000000E-02    5.0000000000E-01    2.8821628255E+02
    5.2500000000E+00   -6.8750000000E-02    5.0000000000E-01    2.8821628501E+02
    5.3500000000E+00   -6.8750000000E-02    5.0000000000E-01    2.8821628777E+02
    5.4500000000E+00   -6.8750000000E-02    5.0000000000E-01    2.8821629086E+02
    5.5500000000E+00   -6.8750000000E-02    5.0000000000E-01    2.8821629427E+02
    5.6500000000E+00   -6.8750000000E-02    5.0000000000E-01    2.8821629805E+02
    5.7500000000E+00   -6.8750000000E-02    5.0000000000E-01    2.8821630220E+02
    5.8500000000E+00   -6.8750000000E-02    5.0000000000E-01    2.8821630675E+02
    5.9500000000E+00   -6.8750000000E-02    5.0000000000E-01    2.8821631172E+02
    6.0500000000E+00   -6.8750000000E-02    5.0000000000E-01    2.8821631714E+02
    6.1500000000E+00   -6.8750000000E-02    5.0000000000E-01    2.8821632302E+02
    6.2500000000E+00   -6.8750000000E-02    5.0000000000E-01    2.8821632939E+02
    6.3500000000E+00   -6.8750000000E-02    5.0000000000E-01    2.8821633628E+02
    6.4500000000E+00   -6.8750000000E-02    5.0000000000E-01    2.8821634370E+02
    6.5500000000E+00   -6.8750000000E-02    5.0000000000E-01    2.8821635169E+02
    6.6500000000E+00   -6.8750000000E-02    5.0000000000E-01    2.8821636025E+02
    6.7500000000E+00   -6.8750000000E-02    5.0000000000E-01    2.8821636942E+02
    6.8500000000E+00   -6.8750000000E-02    5.0000000000E-01    2.8821637921E+02
    6.9500000000E+00   -6.8750000000E-02    5.0000000000E-01    2.8821638964E+02
    7.0500000000E+00   -6.8750000000E-02    5.0000000000E-01    2.8821640073E+02
    7.1500000000E+00   -6.8750000000E-02    5.0000000000E-01    2.8821641250E+02
    7.2500000000E+00   -6.8750000000E-02    5.0000000000E-01    2.8821642496E+02
    7.3500000000E+00   -6.8750000000E-02    5.0000000000E-01    2.8821643812E+02
    7.4500000000E+00   -6.8750000000E-02    5.0000000000E-01    2.8821645199E+02
    7.5500000000E+00   -6.8750000000E-02    5.0000000000E-01    2.8821646658E+02
    7.6500000000E+00   -6.8750000000E-02    5.0000000000E-01    2.8821648188E+02
    7.7500000000E+00   -6.8750000000E-02    5.0000000000E-01    2.8821649790E+02
    7.8500000000E+00   -6.8750000000E-02    5.0000000000E-01    2.8821651464E+02
    7.9500000000E+00   -6.8750000000E-02    5.0000000000E-01    2.8821653226E+02
    5.0000000000E-02   -5.6250000000E-02    5.0000000000E-01    2.8820557615E+02
    1.5000000000E-01   -5.6250000000E-02    5.0000000000E-01    2.8820555422E+02
    2.5000000000E-01   -5.6250000000E-02    5.0000000000E-01    2.8820553336E+02
    3.5000000000E-01   -5.6250000000E-02    5.0000000000E-01    2.8820551343E+02
    4.5000000000E-01   -5.6250000000E-02    5.0000000000E-01    2.8820549440E+02
    5.5000000000E-01   -5.6250000000E-02    5.0000000000E-01    2.8820547629E+02
    6.5000000000E-01   -5.6250000000E-02    5.0000000000E-01    2.8820545908E+02
    7.5000000000E-01   -5.6250000000E-02    5.0000000000E-01    2.8820544276E+02
    8.5000000000E-01   -5.6250000000E-02    5.0000000000E-01    2.8820542732E+02
    9.5000000000E-01   -5.6250000000E-02    5.0000000000E-01    2.8820541273E+02
    1.0500000000E+00   -5.6250000000E-02    5.0000000000E-01    2.8820539899E+02
    1.1500000000E+00   -5.6250000000E-02    5.0000000000E-01    2.8820538608E+02
    1.2500000000E+00   -5.6250000000E-02    5.0000000000E-01    2.8820537396E+02
    1.3500000000E+00   -5.6250000000E-02    5.0000000000E-01    2.8820536261E+02
    1.4500000000E+00   -5.6250000000E-02    5.0000000000E-01    2.8820535200E+02
    1.5500000000E+00   -5.6250000000E-02    5.0000000000E-01    2.8820534212E+02
    1.6500000000E+00   -5.6250000000E-02    5.0000000000E-01    2.8820533293E+02
    1.7500000000E+00   -5.6250000000E-02    5.0000000000E-01    2.8820532440E+02
    1.8500000000E+00   -5.6250000000E-02    5.0000000000E-01    2.8820531650E+02
    1.9500000000E+00   -5.6250000000E-02    5.0000000000E-01    2.8820530920E+02
    2.0500000000E+00   -5.6250000000E-02    5.0000000000E-01    2.8820530247E+02
    2.1500000000E+00   -5.6250000000E-02    5.0000000000E-01    2.8820529629E+02
    2.2500000000E+00   -5.6250000000E-02    5.0000000000E-01    2.8820529062E+02
    2.3500000000E+00   -5.6250000000E-02    5.0000000000E-01    2.8820528544E+02
    2.4500000000E+00   -5.6250000000E-02    5.0000000000E-01    2.8820528071E+02
    2.5500000000E+00   -5.6250000000E-02    5.0000000000E-01    2.8820527641E+02
    2.6500000000E+00   -5.6250000000E-02    5.0000000000E-01    2.8820527252E+02
    2.7500000000E+00   -5.6250000000E-02    5.0000000000E-01    2.8820526900E+02
    2.8500000000E+00   -5.6250000000E-02    5.0000000000E-01    2.8820526583E+02
    2.9500000000E+00   -5.6250000000E-02    5.0000000000E-01    2.8820526300E+02
    3.0500000000E+00   -5.6250000000E-02    5.0000000000E-01    2.8820526048E+02
    3.1500000000E+00   -5.6250000000E-02    5.0000000000E-01    2.8820525824E+02
    3.2500000000E+00   -5.6250000000E-02    5.0000000000E-01    2.8820525628E+02
    3.3500000000E+00   -5.6250000000E-02    5.0000000000E-01    2.8820525457E+02
    3.4500000000E+00   -5.6250000000E-02    5.0000000000E-01    2.8820525310E+02
    3.5500000000E+00   -5.6250000000E-02    5.0000000000E-01    2.8820525185E+02
    3.6500000000E+00   -5.6250000000E-02    5.0000000000E-01    2.8820525082E+02
    3.7500000000E+00   -5.6250000000E-02    5.0000000000E-01    2.8820524998E+02
    3.8500000000E+00   -5.6250000000E-02    5.0000000000E-01    2.8820524935E+02
    3.9500000000E+00   -5.6250000000E-02    5.0000000000E-01    2.8820524889E+02
    4.0500000000E+00   -5.6250000000E-02    5.0000000000E-01    2.8820524862E+02
    4.1500000000E+00   -5.6250000000E-02    5.0000000000E-01    2.8820524853E+02
    4.2500000000E+00   -5.6250000000E-02    5.0000000000E-01    2.8820524861E+02
    4.3500000000E+00   -5.6250000000E-02    5.0000000000E-01    2.8820524886E+02
    4.4500000000E+00   -5.6250000000E-02    5.0000000000E-01    2.8820524929E+02
    4.5500000000E+00   -5.6250000000E-02    5.0000000000E-01    2.8820524990E+02
    4.6500000000E+00   -5.6250000000E-02    5.0000000000E-01    2.8820525069E+02
    4.7500000000E+00   -5.6250000000E-02    5.0000000000E-01    2.8820525167E+02
    4.8500000000E+00   -5.6250000000E-02    5.0000000000E-01    2.8820525284E+02
    4.9500000000E+00   -5.6250000000E-02    5.0000000000E-01    2.8820525422E+02
    5.0500000000E+00   -5.6250000000E-02    5.0000000000E-01    2.8820525581E+02
    5.1500000000E+00   -5.6250000000E-02    5.0000000000E-01    2.8820525763E+02
    5.2500000000E+00   -5.6250000000E-02    5.0000000000E-01    2.8820525968E+02
    5.3500000000E+00   -5.6250000000E-02    5.0000000000E-01    2.8820526198E+02
    5.4500000000E+00   -5.6250000000E-02    5.0000000000E-01    2.8820526455E+02
    5.5500000000E+00   -5.6250000000E-02    5.0000000000E-01    2.8820526740E+02
    5.6500000000E+00   -5.6250000000E-02    5.0000000000E-01    2.8820527055E+02
    5.7500000000E+00   -5.6250000000E-02    5.0000000000E-01    2.8820527401E+02
    5.8500000000E+00   -5.6250000000E-02    5.0000000000E-01    2.8820527780E+02
    5.9500000000E+00   -5.6250000000E-02    5.0000000000E-01    2.8820528195E+02
    6.0500000000E+00   -5.6250000000E-02    5.0000000000E-01    2.8820528646E+02
    6.1500000000E+00   -5.6250000000E-02    5.0000000000E-01    2.8820529137E+02
    6.2500000000E+00   -5.6250000000E-02    5.0000000000E-01    2.8820529668E+02
    6.3500000000E+00   -5.6250000000E-02    5.0000000000E-01    2.8820530242E+02
    6.4500000000E+00   -5.6250000000E-02    5.0000000000E-01    2.8820530861E+02
    6.5500000000E+00   -5.6250000000E-02    5.0000000000E-01    2.8820531526E+02
    6.6500000000E+00   -5.6250000000E-02    5.0000000000E-01    2.8820532240E+02
    6.7500000000E+00   -5.6250000000E-02    5.0000000000E-01    2.8820533005E+02
    6.8500000000E+00   -5.6250000000E-02    5.0000000000E-01    2.8820533821E+02
    6.9500000000E+00   -5.6250000000E-02    5.0000000000E-01    2.8820534691E+02
    7.0500000000E+00   -5.6250000000E-02    5.0000000000E-01    2.8820535616E+02
    7.1500000000E+00   -5.6250000000E-02    5.0000000000E-01    2.8820536597E+02
    7.2500000000E+00   -5.6250000000E-02    5.0000000000E-01    2.8820537635E+02
    7.3500000000E+00   -5.6250000000E-02    5.0000000000E-01    2.8820538732E+02
    7.4500000000E+00   -5.6250000000E-02    5.0000000000E-01    2.8820539889E+02
    7.5500000000E+00   -5.6250000000E-02    5.0000000000E-01    2.8820541104E+02
    7.6500000000E+00   -5.6250000000E-02    5.0000000000E-01    2.8820542380E+02
    7.7500000000E+00   -5.6250000000E-02    5.0000000000E-01    2.8820543716E+02
    7.8500000000E+00   -5.6250000000E-02    5.0000000000E-01    2.8820545111E+02
    7.9500000000E+00   -5.6250000000E-02    5.0000000000E-01    2.8820546581E+02
    5.0000000000E-02   -4.3750000000E-02    5.0000000000E-01    2.8819447497E+02
    1.5000000000E-01   -4.3750000000E-02    5.0000000000E-01    2.8819445743E+02
    2.5000000000E-01   -4.3750000000E-02    5.0000000000E-01    2.8819444073E+02
    3.5000000000E-01   -4.3750000000E-02    5.0000000000E-01    2.8819442478E+02
    4.5000000000E-01   -4.3750000000E-02    5.0000000000E-01    2.8819440955E+02
    5.5000000000E-01   -4.3750000000E-02    5.0000000000E-01    2.8819439506E+02
    6.5000000000E-01   -4.3750000000E-02    5.0000000000E-01    2.8819438128E+02
    7.5000000000E-01   -4.3750000000E-02    5.0000000000E-01    2.8819436822E+02
    8.5000000000E-01   -4.3750000000E-02    5.0000000000E-01    2.8819435587E+02
    9.5000000000E-01   -4.3750000000E-02    5.0000000000E-01    2.8819434420E+02
    1.0500000000E+00   -4.3750000000E-02    5.0000000000E-01    2.8819433320E+02
    1.1500000000E+00   -4.3750000000E-02    5.0000000000E-01    2.8819432286E+02
    1.2500000000E+00   -4.3750000000E-02    5.0000000000E-01    2.8819431316E+02
    1.3500000000E+00   -4.3750000000E-02    5.0000000000E-01    2.8819430408E+02
    1.4500000000E+00   -4.3750000000E-02    5.0000000000E-01    2.8819429560E+02
    1.5500000000E+00   -4.3750000000E-02    5.0000000000E-01    2.8819428769E+02
    1.6500000000E+00   -4.3750000000E-02    5.0000000000E-01    2.8819428033E+02
    1.7500000000E+00   -4.3750000000E-02    5.0000000000E-01    2.8819427350E+02
    1.8500000000E+00   -4.3750000000E-02    5.0000000000E-01    2.8819426718E+02
    1.9500000000E+00   -4.3750000000E-02    5.0000000000E-01    2.8819426134E+02
    2.0500000000E+00   -4.3750000000E-02    5.0000000000E-01    2.8819425596E+02
    2.1500000000E+00   -4.3750000000E-02    5.0000000000E-01    2.8819425101E+02
    2.2500000000E+00   -4.3750000000E-02    5.0000000000E-01    2.8819424648E+02
    2.3500000000E+00   -4.3750000000E-02    5.0000000000E-01    2.8819424233E+02
    2.4500000000E+00   -4.3750000000E-02    5.0000000000E-01    2.8819423854E+02
    2.5500000000E+00   -4.3750000000E-02    5.0000000000E-01    2.8819423510E+02
    2.6500000000E+00   -4.3750000000E-02    5.0000000000E-01    2.8819423199E+02
    2.7500000000E+00   -4.3750000000E-02    5.0000000000E-01    2.8819422917E+02
    2.8500000000E+00   -4.3750000000E-02    5.0000000000E-01    2.8819422664E+02
    2.9500000000E+00   -4.3750000000E-02    5.0000000000E-01    2.8819422437E+02
    3.0500000000E+00   -4.3750000000E-02    5.0000000000E-01    2.8819422235E+02
    3.1500000000E+00   -4.3750000000E-02    5.0000000000E-01    2.8819422056E+02
    3.2500000000E+00   -4.3750000000E-02    5.0000000000E-01    2.8819421899E+02
    3.3500000000E+00   -4.3750000000E-02    5.0000000000E-01    2.8819421762E+02
    3.4500000000E+00   -4.3750000000E-02    5.0000000000E-01    2.8819421644E+02
    3.5500000000E+00   -4.3750000000E-02    5.0000000000E-01    2.8819421545E+02
    3.6500000000E+00   -4.3750000000E-02    5.0000000000E-01    2.8819421462E+02
    3.7500000000E+00   -4.3750000000E-02    5.0000000000E-01    2.8819421395E+02
    3.8500000000E+00   -4.3750000000E-02    5.0000000000E-01    2.8819421344E+02
    3.9500000000E+00   -4.3750000000E-02    5.0000000000E-01    2.8819421308E+02
    4.0500000000E+00   -4.3750000000E-02    5.0000000000E-01    2.8819421286E+02
    4.1500000000E+00   -4.3750000000E-02    5.0000000000E-01    2.8819421279E+02
    4.2500000000E+00   -4.3750000000E-02    5.0000000000E-01    2.8819421285E+02
    4.3500000000E+00   -4.3750000000E-02    5.0000000000E-01    2.8819421306E+02
    4.4500000000E+00   -4.3750000000E-02    5.0000000000E-01    2.8819421340E+02
    4.5500000000E+00   -4.3750000000E-02    5.0000000000E-01    2.8819421389E+02
    4.6500000000E+00   -4.3750000000E-02    5.0000000000E-01    2.8819421452E+02
    4.7500000000E+00   -4.3750000000E-02    5.0000000000E-01    2.8819421530E+02
    4.8500000000E+00   -4.3750000000E-02    5.0000000000E-01    2.8819421624E+02
    4.9500000000E+00   -4.3750000000E-02    5.0000000000E-01    2.8819421734E+02
    5.0500000000E+00   -4.3750000000E-02    5.0000000000E-01    2.8819421862E+02
    5.1500000000E+00   -4.3750000000E-02    5.0000000000E-01    2.8819422007E+02
    5.2500000000E+00   -4.3750000000E-02    5.0000000000E-01    2.8819422171E+02
    5.3500000000E+00   -4.3750000000E-02    5.0000000000E-01    2.8819422356E+02
    5.4500000000E+00   -4.3750000000E-02    5.0000000000E-01    2.8819422561E+02
    5.5500000000E+00   -4.3750000000E-02    5.0000000000E-01    2.8819422789E+02
    5.6500000000E+00   -4.3750000000E-02    5.0000000000E-01    2.8819423041E+02
    5.7500000000E+00   -4.3750000000E-02    5.0000000000E-01    2.8819423318E+02
    5.8500000000E+00   -4.3750000000E-02    5.0000000000E-01    2.8819423622E+02
    5.9500000000E+00   -4.3750000000E-02    5.0000000000E-01    2.8819423953E+02
    6.0500000000E+00   -4.3750000000E-02    5.0000000000E-01    2.8819424315E+02
    6.1500000000E+00   -4.3750000000E-02    5.0000000000E-01    2.8819424707E+02
    6.2500000000E+00   -4.3750000000E-02    5.0000000000E-01    2.8819425132E+02
    6.3500000000E+00   -4.3750000000E-02    5.0000000000E-01    2.8819425592E+02
    6.4500000000E+00   -4.3750000000E-02    5.0000000000E-01    2.8819426087E+02
    6.5500000000E+00   -4.3750000000E-02    5.0000000000E-01    2.8819426620E+02
    6.6500000000E+00   -4.3750000000E-02    5.0000000000E-01    2.8819427191E+02
    6.7500000000E+00   -4.3750000000E-02    5.0000000000E-01    2.8819427803E+02
    6.8500000000E+00   -4.3750000000E-02    5.0000000000E-01    2.8819428456E+02
    6.9500000000E+00   -4.3750000000E-02    5.0000000000E-01    2.8819429152E+02
    7.0500000000E+00   -4.3750000000E-02    5.0000000000E-01    2.8819429892E+02
    7.1500000000E+00   -4.3750000000E-02    5.0000000000E-01    2.8819430677E+02
    7.2500000000E+00   -4.3750000000E-02    5.0000000000E-01    2.8819431508E+02
    7.3500000000E+00   -4.3750000000E-02    5.0000000000E-01    2.8819432386E+02
    7.4500000000E+00   -4.3750000000E-02    5.0000000000E-01    2.8819433311E+02
    7.5500000000E+00   -4.3750000000E-02    5.0000000000E-01    2.8819434284E+02
    7.6500000000E+00   -4.3750000000E-02    5.0000000000E-01    2.8819435305E+02
    7.7500000000E+00   -4.3750000000E-02    5.0000000000E-01    2.8819436374E+02
    7.8500000000E+00   -4.3750000000E-02    5.0000000000E-01    2.8819437491E+02
    7.9500000000E+00   -4.3750000000E-02    5.0000000000E-01    2.8819438667E+02
    5.0000000000E-02   -3.1250000000E-02    5.0000000000E-01    2.8818336393E+02
    1.5000000000E-01   -3.1250000000E-02    5.0000000000E-01    2.8818335076E+02
    2.5000000000E-01   -3.1250000000E-02    5.0000000000E-01    2.8818333824E+02
    3.5000000000E-01   -3.1250000000E-02    5.0000000000E-01    2.8818332627E+02
    4.5000000000E-01   -3.1250000000E-02    5.0000000000E-01    2.8818331485E+02
    5.5000000000E-01   -3.1250000000E-02    5.0000000000E-01    2.8818330398E+02
    6.5000000000E-01   -3.1250000000E-02    5.0000000000E-01    2.8818329364E+02
    7.5000000000E-01   -3.1250000000E-02    5.0000000000E-01    2.8818328385E+02
    8.5000000000E-01   -3.1250000000E-02    5.0000000000E-01    2.8818327458E+02
    9.5000000000E-01   -3.1250000000E-02    5.0000000000E-01    2.8818326582E+02
    1.0500000000E+00   -3.1250000000E-02    5.0000000000E-01    2.8818325757E+02
    1.1500000000E+00   -3.1250000000E-02    5.0000000000E-01    2.8818324982E+02
    1.2500000000E+00   -3.1250000000E-02    5.0000000000E-01    2.8818324254E+02
    1.3500000000E+00   -3.1250000000E-02    5.0000000000E-01    2.8818323573E+02
    1.4500000000E+00   -3.1250000000E-02    5.0000000000E-01    2.8818322936E+02
    1.5500000000E+00   -3.1250000000E-02    5.0000000000E-01    2.8818322343E+02
    1.6500000000E+00   -3.1250000000E-02    5.0000000000E-01    2.8818321791E+02
    1.7500000000E+00   -3.1250000000E-02    5.0000000000E-01    2.8818321279E+02
    1.8500000000E+00   -3.1250000000E-02    5.0000000000E-01    2.8818320805E+02
    1.9500000000E+00   -3.1250000000E-02    5.0000000000E-01    2.8818320367E+02
    2.0500000000E+00   -3.1250000000E-02    5.0000000000E-01    2.8818319963E+02
    2.1500000000E+00   -3.1250000000E-02    5.0000000000E-01    2.8818319592E+02
    2.2500000000E+00   -3.1250000000E-02    5.0000000000E-01    2.8818319251E+02
    2.3500000000E+00   -3.1250000000E-02    5.0000000000E-01    2.8818318940E+02
    2.4500000000E+00   -3.1250000000E-02    5.0000000000E-01    2.8818318656E+02
    2.5500000000E+00   -3.1250000000E-02    5.0000000000E-01    2.8818318398E+02
    2.6500000000E+00   -3.1250000000E-02    5.0000000000E-01    2.8818318164E+02
    2.7500000000E+00   -3.1250000000E-02    5.0000000000E-01    2.8818317953E+02
    2.8500000000E+00   -3.1250000000E-02    5.0000000000E-01    2.8818317763E+02
    2.9500000000E+00   -3.1250000000E-02    5.0000000000E-01    2.8818317593E+02
    3.0500000000E+00   -3.1250000000E-02    5.0000000000E-01    2.8818317441E+02
    3.1500000000E+00   -3.1250000000E-02    5.0000000000E-01    2.8818317307E+02
    3.2500000000E+00   -3.1250000000E-02    5.0000000000E-01    2.8818317189E+02
    3.3500000000E+00   -3.1250000000E-02    5.0000000000E-01    2.8818317087E+02
    3.4500000000E+00   -3.1250000000E-02    5.0000000000E-01    2.8818316998E+02
    3.5500000000E+00   -3.1250000000E-02    5.0000000000E-01    2.8818316923E+02
    3.6500000000E+00   -3.1250000000E-02    5.0000000000E-01    2.8818316861E+02
    3.7500000000E+00   -3.1250000000E-02    5.0000000000E-01    2.8818316811E+02
    3.8500000000E+00   -3.1250000000E-02    5.0000000000E-01    2.8818316773E+02
    3.9500000000E+00   -3.1250000000E-02    5.0000000000E-01    2.8818316746E+02
    4.0500000000E+00   -3.1250000000E-02    5.0000000000E-01    2.8818316730E+02
    4.1500000000E+00   -3.1250000000E-02    5.0000000000E-01    2.8818316724E+02
    4.2500000000E+00   -3.1250000000E-02    5.0000000000E-01    2.8818316729E+02
    4.3500000000E+00   -3.1250000000E-02    5.0000000000E-01    2.8818316744E+02
    4.4500000000E+00   -3.1250000000E-02    5.0000000000E-01    2.8818316770E+02
    4.5500000000E+00   -3.1250000000E-02    5.0000000000E-01    2.8818316806E+02
    4.6500000000E+00   -3.1250000000E-02    5.0000000000E-01    2.8818316854E+02
    4.7500000000E+00   -3.1250000000E-02    5.0000000000E-01    2.8818316913E+02
    4.8500000000E+00   -3.1250000000E-02    5.0000000000E-01    2.8818316983E+02
    4.9500000000E+00   -3.1250000000E-02    5.0000000000E-01    2.8818317066E+02
    5.0500000000E+00   -3.1250000000E-02    5.0000000000E-01    2.8818317161E+02
    5.1500000000E+00   -3.1250000000E-02    5.0000000000E-01    2.8818317270E+02
    5.2500000000E+00   -3.1250000000E-02    5.0000000000E-01    2.8818317394E+02
    5.3500000000E+00   -3.1250000000E-02    5.0000000000E-01    2.8818317532E+02
    5.4500000000E+00   -3.1250000000E-02    5.0000000000E-01    2.8818317686E+02
    5.5500000000E+00   -3.1250000000E-02    5.0000000000E-01    2.8818317857E+02
    5.6500000000E+00   -3.1250000000E-02    5.0000000000E-01    2.8818318046E+02
    5.7500000000E+00   -3.1250000000E-02    5.0000000000E-01    2.8818318254E+02
    5.8500000000E+00   -3.1250000000E-02    5.0000000000E-01    2.8818318482E+02
    5.9500000000E+00   -3.1250000000E-02    5.0000000000E-01    2.8818318730E+02
    6.0500000000E+00   -3.1250000000E-02    5.0000000000E-01    2.8818319002E+02
    6.1500000000E+00   -3.1250000000E-02    5.0000000000E-01    2.8818319296E+02
    6.2500000000E+00   -3.1250000000E-02    5.0000000000E-01    2.8818319615E+02
    6.3500000000E+00   -3.1250000000E-02    5.0000000000E-01    2.8818319960E+02
    6.4500000000E+00   -3.1250000000E-02    5.0000000000E-01    2.8818320331E+02
    6.5500000000E+00   -3.1250000000E-02    5.0000000000E-01    2.8818320731E+02
    6.6500000000E+00   -3.1250000000E-02    5.0000000000E-01    2.8818321159E+02
    6.7500000000E+00   -3.1250000000E-02    5.0000000000E-01    2.8818321618E+02
    6.8500000000E+00   -3.1250000000E-02    5.0000000000E-01    2.8818322108E+02
    6.9500000000E+00   -3.1250000000E-02    5.0000000000E-01    2.8818322630E+02
    7.0500000000E+00   -3.1250000000E-02    5.0000000000E-01    2.8818323185E+02
    7.1500000000E+00   -3.1250000000E-02    5.0000000000E-01    2.8818323774E+02
    7.2500000000E+00   -3.1250000000E-02    5.0000000000E-01    2.8818324398E+02
    7.3500000000E+00   -3.1250000000E-02    5.0000000000E-01    2.8818325057E+02
    7.4500000000E+00   -3.1250000000E-02    5.0000000000E-01    2.8818325751E+02
    7.5500000000E+00   -3.1250000000E-02    5.0000000000E-01    2.8818326481E+02
    7.6500000000E+00   -3.1250000000E-02    5.0000000000E-01    2.8818327246E+02
    7.7500000000E+00   -3.1250000000E-02    5.0000000000E-01    2.8818328048E+02
    7.8500000000E+00   -3.1250000000E-02    5.0000000000E-01    2.8818328886E+02
    7.9500000000E+00   -3.1250000000E-02    5.0000000000E-01    2.8818329769E+02
    5.0000000000E-02   -1.8750000000E-02    5.0000000000E-01    2.8817224586E+02
    1.5000000000E-01   -1.8750000000E-02    5.0000000000E-01    2.8817223707E+02
    2.5000000000E-01   -1.8750000000E-02    5.0000000000E-01    2.8817222873E+02
    3.5000000000E-01   -1.8750000000E-02    5.0000000000E-01    2.8817222074E+02
    4.5000000000E-01   -1.8750000000E-02    5.0000000000E-01    2.8817221313E+02
    5.5000000000E-01   -1.8750000000E-02    5.0000000000E-01    2.8817220588E+02
    6.5000000000E-01   -1.8750000000E-02    5.0000000000E-01    2.8817219899E+02
    7.5000000000E-01   -1.8750000000E-02    5.0000000000E-01    2.8817219246E+02
    8.5000000000E-01   -1.8750000000E-02    5.0000000000E-01    2.8817218628E+02
    9.5000000000E-01   -1.8750000000E-02    5.0000000000E-01    2.8817218044E+02
    1.0500000000E+00   -1.8750000000E-02    5.0000000000E-01    2.8817217494E+02
    1.1500000000E+00   -1.8750000000E-02    5.0000000000E-01    2.8817216977E+02
    1.2500000000E+00   -1.8750000000E-02    5.0000000000E-01    2.8817216492E+02
    1.3500000000E+00   -1.8750000000E-02    5.0000000000E-01    2.8817216037E+02
    1.4500000000E+00   -1.8750000000E-02    5.0000000000E-01    2.8817215613E+02
    1.5500000000E+00   -1.8750000000E-02    5.0000000000E-01    2.8817215217E+02
    1.6500000000E+00   -1.8750000000E-02    5.0000000000E-01    2.8817214849E+02
    1.7500000000E+00   -1.8750000000E-02    5.0000000000E-01    2.8817214508E+02
    1.8500000000E+00   -1.8750000000E-02    5.0000000000E-01    2.8817214192E+02
    1.9500000000E+00   -1.8750000000E-02    5.0000000000E-01    2.8817213900E+02
    2.0500000000E+00   -1.8750000000E-02    5.0000000000E-01    2.8817213630E+02
    2.1500000000E+00   -1.8750000000E-02    5.0000000000E-01    2.8817213383E+02
    2.2500000000E+00   -1.8750000000E-02    5.0000000000E-01    2.8817213156E+02
    2.3500000000E+00   -1.8750000000E-02    5.0000000000E-01    2.8817212948E+02
    2.4500000000E+00   -1.8750000000E-02    5.0000000000E-01    2.8817212759E+02
    2.5500000000E+00   -1.8750000000E-02    5.0000000000E-01    2.8817212587E+02
    2.6500000000E+00   -1.8750000000E-02    5.0000000000E-01    2.8817212431E+02
    2.7500000000E+00   -1.8750000000E-02    5.0000000000E-01    2.8817212290E+02
    2.8500000000E+00   -1.8750000000E-02    5.0000000000E-01    2.8817212164E+02
    2.9500000000E+00   -1.8750000000E-02    5.0000000000E-01    2.8817212050E+02
    3.0500000000E+00   -1.8750000000E-02    5.0000000000E-01    2.8817211949E+02
    3.1500000000E+00   -1.8750000000E-02    5.0000000000E-01    2.8817211860E+02
    3.2500000000E+00   -1.8750000000E-02    5.0000000000E-01    2.8817211781E+02
    3.3500000000E+00   -1.8750000000E-02    5.0000000000E-01    2.8817211713E+02
    3.4500000000E+00   -1.8750000000E-02    5.0000000000E-01    2.8817211654E+02
    3.5500000000E+00   -1.8750000000E-02    5.0000000000E-01    2.8817211604E+02
    3.6500000000E+00   -1.8750000000E-02    5.0000000000E-01    2.8817211562E+02
    3.7500000000E+00   -1.8750000000E-02    5.0000000000E-01    2.8817211529E+02
    3.8500000000E+00   -1.8750000000E-02    5.0000000000E-01    2.8817211504E+02
    3.9500000000E+00   -1.8750000000E-02    5.0000000000E-01    2.8817211485E+02
    4.0500000000E+00   -1.8750000000E-02    5.0000000000E-01    2.8817211475E+02
    4.1500000000E+00   -1.8750000000E-02    5.0000000000E-01    2.8817211471E+02
    4.2500000000E+00   -1.8750000000E-02    5.0000000000E-01    2.8817211474E+02
    4.3500000000E+00   -1.8750000000E-02    5.0000000000E-01    2.8817211484E+02
    4.4500000000E+00   -1.8750000000E-02    5.0000000000E-01    2.8817211501E+02
    4.5500000000E+00   -1.8750000000E-02    5.0000000000E-01    2.8817211526E+02
    4.6500000000E+00   -1.8750000000E-02    5.0000000000E-01    2.8817211557E+02
    4.7500000000E+00   -1.8750000000E-02    5.0000000000E-01    2.8817211597E+02
    4.8500000000E+00   -1.8750000000E-02    5.0000000000E-01    2.8817211644E+02
    4.9500000000E+00   -1.8750000000E-02    5.0000000000E-01    2.8817211699E+02
    5.0500000000E+00   -1.8750000000E-02    5.0000000000E-01    2.8817211762E+02
    5.1500000000E+00   -1.8750000000E-02    5.0000000000E-01    2.8817211835E+02
    5.2500000000E+00   -1.8750000000E-02    5.0000000000E-01    2.8817211917E+02
    5.3500000000E+00   -1.8750000000E-02    5.0000000000E-01    2.8817212009E+02
    5.4500000000E+00   -1.8750000000E-02    5.0000000000E-01    2.8817212112E+02
    5.5500000000E+00   -1.8750000000E-02    5.0000000000E-01    2.8817212226E+02
    5.6500000000E+00   -1.8750000000E-02    5.0000000000E-01    2.8817212352E+02
    5.7500000000E+00   -1.8750000000E-02    5.0000000000E-01    2.8817212491E+02
    5.8500000000E+00   -1.8750000000E-02    5.0000000000E-01    2.8817212643E+02
    5.9500000000E+00   -1.8750000000E-02    5.0000000000E-01    2.8817212809E+02
    6.0500000000E+00   -1.8750000000E-02    5.0000000000E-01    2.8817212989E+02
    6.1500000000E+00   -1.8750000000E-02    5.0000000000E-01    2.8817213186E+02
    6.2500000000E+00   -1.8750000000E-02    5.0000000000E-01    2.8817213398E+02
    6.3500000000E+00   -1.8750000000E-02    5.0000000000E-01    2.8817213628E+02
    6.4500000000E+00   -1.8750000000E-02    5.0000000000E-01    2.8817213876E+02
    6.5500000000E+00   -1.8750000000E-02    5.0000000000E-01    2.8817214142E+02
    6.6500000000E+00   -1.8750000000E-02    5.0000000000E-01    2.8817214428E+02
    6.7500000000E+00   -1.8750000000E-02    5.0000000000E-01    2.8817214734E+02
    6.8500000000E+00   -1.8750000000E-02    5.0000000000E-01    2.8817215061E+02
    6.9500000000E+00   -1.8750000000E-02    5.0000000000E-01    2.8817215409E+02
    7.0500000000E+00   -1.8750000000E-02    5.0000000000E-01    2.8817215779E+02
    7.1500000000E+00   -1.8750000000E-02    5.0000000000E-01    2.8817216172E+02
    7.2500000000E+00   -1.8750000000E-02    5.0000000000E-01    2.8817216588E+02
    7.3500000000E+00   -1.8750000000E-02    5.0000000000E-01    2.8817217027E+02
    7.4500000000E+00   -1.8750000000E-02    5.0000000000E-01    2.8817217490E+02
    7.5500000000E+00   -1.8750000000E-02    5.0000000000E-01    2.8817217976E+02
    7.6500000000E+00   -1.8750000000E-02    5.0000000000E-01    2.8817218487E+02
    7.7500000000E+00   -1.8750000000E-02    5.0000000000E-01    2.8817219021E+02
    7.8500000000E+00   -1.8750000000E-02    5.0000000000E-01    2.8817219580E+02
    7.9500000000E+00   -1.8750000000E-02    5.0000000000E-01    2.8817220169E+02
    5.0000000000E-02   -6.2500000000E-03    5.0000000000E-01    2.8816112361E+02
    1.5000000000E-01   -6.2500000000E-03    5.0000000000E-01    2.8816111921E+02
    2.5000000000E-01   -6.2500000000E-03    5.0000000000E-01    2.8816111503E+02
    3.5000000000E-01   -6.2500000000E-03    5.0000000000E-01    2.8816111104E+02
    4.5000000000E-01   -6.2500000000E-03    5.0000000000E-01    2.8816110723E+02
    5.5000000000E-01   -6.2500000000E-03    5.0000000000E-01    2.8816110361E+02
    6.5000000000E-01   -6.2500000000E-03    5.0000000000E-01    2.8816110016E+02
    7.5000000000E-01   -6.2500000000E-03    5.0000000000E-01    2.8816109690E+02
    8.5000000000E-01   -6.2500000000E-03    5.0000000000E-01    2.8816109381E+02
    9.5000000000E-01   -6.2500000000E-03    5.0000000000E-01    2.8816109089E+02
    1.0500000000E+00   -6.2500000000E-03    5.0000000000E-01    2.8816108814E+02
    1.1500000000E+00   -6.2500000000E-03    5.0000000000E-01    2.8816108555E+02
    1.2500000000E+00   -6.2500000000E-03    5.0000000000E-01    2.8816108313E+02
    1.3500000000E+00   -6.2500000000E-03    5.0000000000E-01    2.8816108085E+02
    1.4500000000E+00   -6.2500000000E-03    5.0000000000E-01    2.8816107873E+02
    1.5500000000E+00   -6.2500000000E-03    5.0000000000E-01    2.8816107675E+02
    1.6500000000E+00   -6.2500000000E-03    5.0000000000E-01    2.8816107491E+02
    1.7500000000E+00   -6.2500000000E-03    5.0000000000E-01    2.8816107321E+02
    1.8500000000E+00   -6.2500000000E-03    5.0000000000E-01    2.8816107162E+02
    1.9500000000E+00   -6.2500000000E-03    5.0000000000E-01    2.8816107016E+02
    2.0500000000E+00   -6.2500000000E-03    5.0000000000E-01    2.8816106882E+02
    2.1500000000E+00   -6.2500000000E-03    5.0000000000E-01    2.8816106758E+02
    2.2500000000E+00   -6.2500000000E-03    5.0000000000E-01    2.8816106645E+02
    2.3500000000E+00   -6.2500000000E-03    5.0000000000E-01    2.8816106541E+02
    2.4500000000E+00   -6.2500000000E-03    5.0000000000E-01    2.8816106446E+02
    2.5500000000E+00   -6.2500000000E-03    5.0000000000E-01    2.8816106360E+02
    2.6500000000E+00   -6.2500000000E-03    5.0000000000E-01    2.8816106282E+02
    2.7500000000E+00   -6.2500000000E-03    5.0000000000E-01    2.8816106212E+02
    2.8500000000E+00   -6.2500000000E-03    5.0000000000E-01    2.8816106148E+02
    2.9500000000E+00   -6.2500000000E-03    5.0000000000E-01    2.8816106092E+02
    3.0500000000E+00   -6.2500000000E-03    5.0000000000E-01    2.8816106041E+02
    3.1500000000E+00   -6.2500000000E-03    5.0000000000E-01    2.8816105996E+02
    3.2500000000E+00   -6.2500000000E-03    5.0000000000E-01    2.8816105957E+02
    3.3500000000E+00   -6.2500000000E-03    5.0000000000E-01    2.8816105923E+02
    3.4500000000E+00   -6.2500000000E-03    5.0000000000E-01    2.8816105893E+02
    3.5500000000E+00   -6.2500000000E-03    5.0000000000E-01    2.8816105868E+02
    3.6500000000E+00   -6.2500000000E-03    5.0000000000E-01    2.8816105848E+02
    3.7500000000E+00   -6.2500000000E-03    5.0000000000E-01    2.8816105831E+02
    3.8500000000E+00   -6.2500000000E-03    5.0000000000E-01    2.8816105818E+02
    3.9500000000E+00   -6.2500000000E-03    5.0000000000E-01    2.8816105809E+02
    4.0500000000E+00   -6.2500000000E-03    5.0000000000E-01    2.8816105804E+02
    4.1500000000E+00   -6.2500000000E-03    5.0000000000E-01    2.8816105802E+02
    4.2500000000E+00   -6.2500000000E-03    5.0000000000E-01    2.8816105804E+02
    4.3500000000E+00   -6.2500000000E-03    5.0000000000E-01    2.8816105809E+02
    4.4500000000E+00   -6.2500000000E-03    5.0000000000E-01    2.8816105817E+02
    4.5500000000E+00   -6.2500000000E-03    5.0000000000E-01    2.8816105829E+02
    4.6500000000E+00   -6.2500000000E-03    5.0000000000E-01    2.8816105845E+02
    4.7500000000E+00   -6.2500000000E-03    5.0000000000E-01    2.8816105865E+02
    4.8500000000E+00   -6.2500000000E-03    5.0000000000E-01    2.8816105888E+02
    4.9500000000E+00   -6.2500000000E-03    5.0000000000E-01    2.8816105916E+02
    5.0500000000E+00   -6.2500000000E-03    5.0000000000E-01    2.8816105948E+02
    5.1500000000E+00   -6.2500000000E-03    5.0000000000E-01    2.8816105984E+02
    5.2500000000E+00   -6.2500000000E-03    5.0000000000E-01    2.8816106025E+02
    5.3500000000E+00   -6.2500000000E-03    5.0000000000E-01    2.8816106071E+02
    5.4500000000E+00   -6.2500000000E-03    5.0000000000E-01    2.8816106123E+02
    5.5500000000E+00   -6.2500000000E-03    5.0000000000E-01    2.8816106180E+02
    5.6500000000E+00   -6.2500000000E-03    5.0000000000E-01    2.8816106243E+02
    5.7500000000E+00   -6.2500000000E-03    5.0000000000E-01    2.8816106312E+02
    5.8500000000E+00   -6.2500000000E-03    5.0000000000E-01    2.8816106388E+02
    5.9500000000E+00   -6.2500000000E-03    5.0000000000E-01    2.8816106471E+02
    6.0500000000E+00   -6.2500000000E-03    5.0000000000E-01    2.8816106561E+02
    6.1500000000E+00   -6.2500000000E-03    5.0000000000E-01    2.8816106659E+02
    6.2500000000E+00   -6.2500000000E-03    5.0000000000E-01    2.8816106766E+02
    6.3500000000E+00   -6.2500000000E-03    5.0000000000E-01    2.8816106881E+02
    6.4500000000E+00   -6.2500000000E-03    5.0000000000E-01    2.8816107005E+02
    6.5500000000E+00   -6.2500000000E-03    5.0000000000E-01    2.8816107138E+02
    6.6500000000E+00   -6.2500000000E-03    5.0000000000E-01    2.8816107281E+02
    6.7500000000E+00   -6.2500000000E-03    5.0000000000E-01    2.8816107434E+02
    6.8500000000E+00   -6.2500000000E-03    5.0000000000E-01    2.8816107597E+02
    6.9500000000E+00   -6.2500000000E-03    5.0000000000E-01    2.8816107771E+02
    7.0500000000E+00   -6.2500000000E-03    5.0000000000E-01    2.8816107956E+02
    7.1500000000E+00   -6.2500000000E-03    5.0000000000E-01    2.8816108153E+02
    7.2500000000E+00   -6.2500000000E-03    5.0000000000E-01    2.8816108360E+02
    7.3500000000E+00   -6.2500000000E-03    5.0000000000E-01    2.8816108580E+02
    7.4500000000E+00   -6.2500000000E-03    5.0000000000E-01    2.8816108811E+02
    7.5500000000E+00   -6.2500000000E-03    5.0000000000E-01    2.8816109055E+02
    7.6500000000E+00   -6.2500000000E-03    5.0000000000E-01    2.8816109310E+02
    7.7500000000E+00   -6.2500000000E-03    5.0000000000E-01    2.8816109577E+02
    7.8500000000E+00   -6.2500000000E-03    5.0000000000E-01    2.8816109857E+02
    7.9500000000E+00   -6.2500000000E-03    5.0000000000E-01    2.8816110152E+02
