# vtk DataFile Version 3.0
OpenCFD-EC output
ASCII
DATASET STRUCTURED_GRID
DIMENSIONS     81    41     2
POINTS         6642 double
    0.000000000000000E+00    0.000000000000000E+00    0.000000000000000E+00
    1.000000000000000E-01    0.000000000000000E+00    0.000000000000000E+00
    2.000000000000000E-01    0.000000000000000E+00    0.000000000000000E+00
    3.000000000000000E-01    0.000000000000000E+00    0.000000000000000E+00
    4.000000000000000E-01    0.000000000000000E+00    0.000000000000000E+00
    5.000000000000000E-01    0.000000000000000E+00    0.000000000000000E+00
    6.000000000000001E-01    0.000000000000000E+00    0.000000000000000E+00
    7.000000000000001E-01    0.000000000000000E+00    0.000000000000000E+00
    8.000000000000000E-01    0.000000000000000E+00    0.000000000000000E+00
    9.000000000000000E-01    0.000000000000000E+00    0.000000000000000E+00
    1.000000000000000E+00    0.000000000000000E+00    0.000000000000000E+00
    1.100000000000000E+00    0.000000000000000E+00    0.000000000000000E+00
    1.200000000000000E+00    0.000000000000000E+00    0.000000000000000E+00
    1.300000000000000E+00    0.000000000000000E+00    0.000000000000000E+00
    1.400000000000000E+00    0.000000000000000E+00    0.000000000000000E+00
    1.500000000000000E+00    0.000000000000000E+00    0.000000000000000E+00
    1.600000000000000E+00    0.000000000000000E+00    0.000000000000000E+00
    1.700000000000000E+00    0.000000000000000E+00    0.000000000000000E+00
    1.800000000000000E+00    0.000000000000000E+00    0.000000000000000E+00
    1.900000000000000E+00    0.000000000000000E+00    0.000000000000000E+00
    2.000000000000000E+00    0.000000000000000E+00    0.000000000000000E+00
    2.100000000000000E+00    0.000000000000000E+00    0.000000000000000E+00
    2.200000000000000E+00    0.000000000000000E+00    0.000000000000000E+00
    2.300000000000000E+00    0.000000000000000E+00    0.000000000000000E+00
    2.400000000000000E+00    0.000000000000000E+00    0.000000000000000E+00
    2.500000000000000E+00    0.000000000000000E+00    0.000000000000000E+00
    2.600000000000000E+00    0.000000000000000E+00    0.000000000000000E+00
    2.700000000000000E+00    0.000000000000000E+00    0.000000000000000E+00
    2.800000000000000E+00    0.000000000000000E+00    0.000000000000000E+00
    2.900000000000000E+00    0.000000000000000E+00    0.000000000000000E+00
    3.000000000000000E+00    0.000000000000000E+00    0.000000000000000E+00
    3.100000000000000E+00    0.000000000000000E+00    0.000000000000000E+00
    3.200000000000000E+00    0.000000000000000E+00    0.000000000000000E+00
    3.300000000000000E+00    0.000000000000000E+00    0.000000000000000E+00
    3.400000000000000E+00    0.000000000000000E+00    0.000000000000000E+00
    3.500000000000000E+00    0.000000000000000E+00    0.000000000000000E+00
    3.600000000000000E+00    0.000000000000000E+00    0.000000000000000E+00
    3.700000000000000E+00    0.000000000000000E+00    0.000000000000000E+00
    3.800000000000000E+00    0.000000000000000E+00    0.000000000000000E+00
    3.900000000000000E+00    0.000000000000000E+00    0.000000000000000E+00
    4.000000000000000E+00    0.000000000000000E+00    0.000000000000000E+00
    4.100000000000001E+00    0.000000000000000E+00    0.000000000000000E+00
    4.200000000000000E+00    0.000000000000000E+00    0.000000000000000E+00
    4.300000000000000E+00    0.000000000000000E+00    0.000000000000000E+00
    4.400000000000000E+00    0.000000000000000E+00    0.000000000000000E+00
    4.500000000000000E+00    0.000000000000000E+00    0.000000000000000E+00
    4.600000000000001E+00    0.000000000000000E+00    0.000000000000000E+00
    4.700000000000000E+00    0.000000000000000E+00    0.000000000000000E+00
    4.800000000000001E+00    0.000000000000000E+00    0.000000000000000E+00
    4.900000000000000E+00    0.000000000000000E+00    0.000000000000000E+00
    5.000000000000000E+00    0.000000000000000E+00    0.000000000000000E+00
    5.100000000000001E+00    0.000000000000000E+00    0.000000000000000E+00
    5.200000000000000E+00    0.000000000000000E+00    0.000000000000000E+00
    5.300000000000001E+00    0.000000000000000E+00    0.000000000000000E+00
    5.400000000000000E+00    0.000000000000000E+00    0.000000000000000E+00
    5.500000000000000E+00    0.000000000000000E+00    0.000000000000000E+00
    5.600000000000001E+00    0.000000000000000E+00    0.000000000000000E+00
    5.700000000000000E+00    0.000000000000000E+00    0.000000000000000E+00
    5.800000000000001E+00    0.000000000000000E+00    0.000000000000000E+00
    5.900000000000000E+00    0.000000000000000E+00    0.000000000000000E+00
    6.000000000000000E+00    0.000000000000000E+00    0.000000000000000E+00
    6.100000000000001E+00    0.000000000000000E+00    0.000000000000000E+00
    6.200000000000000E+00    0.000000000000000E+00    0.000000000000000E+00
    6.300000000000001E+00    0.000000000000000E+00    0.000000000000000E+00
    6.400000000000000E+00    0.000000000000000E+00    0.000000000000000E+00
    6.500000000000000E+00    0.000000000000000E+00    0.000000000000000E+00
    6.600000000000001E+00    0.000000000000000E+00    0.000000000000000E+00
    6.700000000000000E+00    0.000000000000000E+00    0.000000000000000E+00
    6.800000000000001E+00    0.000000000000000E+00    0.000000000000000E+00
    6.900000000000000E+00    0.000000000000000E+00    0.000000000000000E+00
    7.000000000000000E+00    0.000000000000000E+00    0.000000000000000E+00
    7.100000000000001E+00    0.000000000000000E+00    0.000000000000000E+00
    7.200000000000000E+00    0.000000000000000E+00    0.000000000000000E+00
    7.300000000000001E+00    0.000000000000000E+00    0.000000000000000E+00
    7.400000000000000E+00    0.000000000000000E+00    0.000000000000000E+00
    7.500000000000000E+00    0.000000000000000E+00    0.000000000000000E+00
    7.600000000000001E+00    0.000000000000000E+00    0.000000000000000E+00
    7.700000000000000E+00    0.000000000000000E+00    0.000000000000000E+00
    7.800000000000001E+00    0.000000000000000E+00    0.000000000000000E+00
    7.900000000000000E+00    0.000000000000000E+00    0.000000000000000E+00
    8.000000000000000E+00    0.000000000000000E+00    0.000000000000000E+00
    0.000000000000000E+00    2.500000000000000E-02    0.000000000000000E+00
    1.000000000000000E-01    2.500000000000000E-02    0.000000000000000E+00
    2.000000000000000E-01    2.500000000000000E-02    0.000000000000000E+00
    3.000000000000000E-01    2.500000000000000E-02    0.000000000000000E+00
    4.000000000000000E-01    2.500000000000000E-02    0.000000000000000E+00
    5.000000000000000E-01    2.500000000000000E-02    0.000000000000000E+00
    6.000000000000001E-01    2.500000000000000E-02    0.000000000000000E+00
    7.000000000000001E-01    2.500000000000000E-02    0.000000000000000E+00
    8.000000000000000E-01    2.500000000000000E-02    0.000000000000000E+00
    9.000000000000000E-01    2.500000000000000E-02    0.000000000000000E+00
    1.000000000000000E+00    2.500000000000000E-02    0.000000000000000E+00
    1.100000000000000E+00    2.500000000000000E-02    0.000000000000000E+00
    1.200000000000000E+00    2.500000000000000E-02    0.000000000000000E+00
    1.300000000000000E+00    2.500000000000000E-02    0.000000000000000E+00
    1.400000000000000E+00    2.500000000000000E-02    0.000000000000000E+00
    1.500000000000000E+00    2.500000000000000E-02    0.000000000000000E+00
    1.600000000000000E+00    2.500000000000000E-02    0.000000000000000E+00
    1.700000000000000E+00    2.500000000000000E-02    0.000000000000000E+00
    1.800000000000000E+00    2.500000000000000E-02    0.000000000000000E+00
    1.900000000000000E+00    2.500000000000000E-02    0.000000000000000E+00
    2.000000000000000E+00    2.500000000000000E-02    0.000000000000000E+00
    2.100000000000000E+00    2.500000000000000E-02    0.000000000000000E+00
    2.200000000000000E+00    2.500000000000000E-02    0.000000000000000E+00
    2.300000000000000E+00    2.500000000000000E-02    0.000000000000000E+00
    2.400000000000000E+00    2.500000000000000E-02    0.000000000000000E+00
    2.500000000000000E+00    2.500000000000000E-02    0.000000000000000E+00
    2.600000000000000E+00    2.500000000000000E-02    0.000000000000000E+00
    2.700000000000000E+00    2.500000000000000E-02    0.000000000000000E+00
    2.800000000000000E+00    2.500000000000000E-02    0.000000000000000E+00
    2.900000000000000E+00    2.500000000000000E-02    0.000000000000000E+00
    3.000000000000000E+00    2.500000000000000E-02    0.000000000000000E+00
    3.100000000000000E+00    2.500000000000000E-02    0.000000000000000E+00
    3.200000000000000E+00    2.500000000000000E-02    0.000000000000000E+00
    3.300000000000000E+00    2.500000000000000E-02    0.000000000000000E+00
    3.400000000000000E+00    2.500000000000000E-02    0.000000000000000E+00
    3.500000000000000E+00    2.500000000000000E-02    0.000000000000000E+00
    3.600000000000000E+00    2.500000000000000E-02    0.000000000000000E+00
    3.700000000000000E+00    2.500000000000000E-02    0.000000000000000E+00
    3.800000000000000E+00    2.500000000000000E-02    0.000000000000000E+00
    3.900000000000000E+00    2.500000000000000E-02    0.000000000000000E+00
    4.000000000000000E+00    2.500000000000000E-02    0.000000000000000E+00
    4.100000000000001E+00    2.500000000000000E-02    0.000000000000000E+00
    4.200000000000000E+00    2.500000000000000E-02    0.000000000000000E+00
    4.300000000000000E+00    2.500000000000000E-02    0.000000000000000E+00
    4.400000000000000E+00    2.500000000000000E-02    0.000000000000000E+00
    4.500000000000000E+00    2.500000000000000E-02    0.000000000000000E+00
    4.600000000000001E+00    2.500000000000000E-02    0.000000000000000E+00
    4.700000000000000E+00    2.500000000000000E-02    0.000000000000000E+00
    4.800000000000001E+00    2.500000000000000E-02    0.000000000000000E+00
    4.900000000000000E+00    2.500000000000000E-02    0.000000000000000E+00
    5.000000000000000E+00    2.500000000000000E-02    0.000000000000000E+00
    5.100000000000001E+00    2.500000000000000E-02    0.000000000000000E+00
    5.200000000000000E+00    2.500000000000000E-02    0.000000000000000E+00
    5.300000000000001E+00    2.500000000000000E-02    0.000000000000000E+00
    5.400000000000000E+00    2.500000000000000E-02    0.000000000000000E+00
    5.500000000000000E+00    2.500000000000000E-02    0.000000000000000E+00
    5.600000000000001E+00    2.500000000000000E-02    0.000000000000000E+00
    5.700000000000000E+00    2.500000000000000E-02    0.000000000000000E+00
    5.800000000000001E+00    2.500000000000000E-02    0.000000000000000E+00
    5.900000000000000E+00    2.500000000000000E-02    0.000000000000000E+00
    6.000000000000000E+00    2.500000000000000E-02    0.000000000000000E+00
    6.100000000000001E+00    2.500000000000000E-02    0.000000000000000E+00
    6.200000000000000E+00    2.500000000000000E-02    0.000000000000000E+00
    6.300000000000001E+00    2.500000000000000E-02    0.000000000000000E+00
    6.400000000000000E+00    2.500000000000000E-02    0.000000000000000E+00
    6.500000000000000E+00    2.500000000000000E-02    0.000000000000000E+00
    6.600000000000001E+00    2.500000000000000E-02    0.000000000000000E+00
    6.700000000000000E+00    2.500000000000000E-02    0.000000000000000E+00
    6.800000000000001E+00    2.500000000000000E-02    0.000000000000000E+00
    6.900000000000000E+00    2.500000000000000E-02    0.000000000000000E+00
    7.000000000000000E+00    2.500000000000000E-02    0.000000000000000E+00
    7.100000000000001E+00    2.500000000000000E-02    0.000000000000000E+00
    7.200000000000000E+00    2.500000000000000E-02    0.000000000000000E+00
    7.300000000000001E+00    2.500000000000000E-02    0.000000000000000E+00
    7.400000000000000E+00    2.500000000000000E-02    0.000000000000000E+00
    7.500000000000000E+00    2.500000000000000E-02    0.000000000000000E+00
    7.600000000000001E+00    2.500000000000000E-02    0.000000000000000E+00
    7.700000000000000E+00    2.500000000000000E-02    0.000000000000000E+00
    7.800000000000001E+00    2.500000000000000E-02    0.000000000000000E+00
    7.900000000000000E+00    2.500000000000000E-02    0.000000000000000E+00
    8.000000000000000E+00    2.500000000000000E-02    0.000000000000000E+00
    0.000000000000000E+00    5.000000000000000E-02    0.000000000000000E+00
    1.000000000000000E-01    5.000000000000000E-02    0.000000000000000E+00
    2.000000000000000E-01    5.000000000000000E-02    0.000000000000000E+00
    3.000000000000000E-01    5.000000000000000E-02    0.000000000000000E+00
    4.000000000000000E-01    5.000000000000000E-02    0.000000000000000E+00
    5.000000000000000E-01    5.000000000000000E-02    0.000000000000000E+00
    6.000000000000001E-01    5.000000000000000E-02    0.000000000000000E+00
    7.000000000000001E-01    5.000000000000000E-02    0.000000000000000E+00
    8.000000000000000E-01    5.000000000000000E-02    0.000000000000000E+00
    9.000000000000000E-01    5.000000000000000E-02    0.000000000000000E+00
    1.000000000000000E+00    5.000000000000000E-02    0.000000000000000E+00
    1.100000000000000E+00    5.000000000000000E-02    0.000000000000000E+00
    1.200000000000000E+00    5.000000000000000E-02    0.000000000000000E+00
    1.300000000000000E+00    5.000000000000000E-02    0.000000000000000E+00
    1.400000000000000E+00    5.000000000000000E-02    0.000000000000000E+00
    1.500000000000000E+00    5.000000000000000E-02    0.000000000000000E+00
    1.600000000000000E+00    5.000000000000000E-02    0.000000000000000E+00
    1.700000000000000E+00    5.000000000000000E-02    0.000000000000000E+00
    1.800000000000000E+00    5.000000000000000E-02    0.000000000000000E+00
    1.900000000000000E+00    5.000000000000000E-02    0.000000000000000E+00
    2.000000000000000E+00    5.000000000000000E-02    0.000000000000000E+00
    2.100000000000000E+00    5.000000000000000E-02    0.000000000000000E+00
    2.200000000000000E+00    5.000000000000000E-02    0.000000000000000E+00
    2.300000000000000E+00    5.000000000000000E-02    0.000000000000000E+00
    2.400000000000000E+00    5.000000000000000E-02    0.000000000000000E+00
    2.500000000000000E+00    5.000000000000000E-02    0.000000000000000E+00
    2.600000000000000E+00    5.000000000000000E-02    0.000000000000000E+00
    2.700000000000000E+00    5.000000000000000E-02    0.000000000000000E+00
    2.800000000000000E+00    5.000000000000000E-02    0.000000000000000E+00
    2.900000000000000E+00    5.000000000000000E-02    0.000000000000000E+00
    3.000000000000000E+00    5.000000000000000E-02    0.000000000000000E+00
    3.100000000000000E+00    5.000000000000000E-02    0.000000000000000E+00
    3.200000000000000E+00    5.000000000000000E-02    0.000000000000000E+00
    3.300000000000000E+00    5.000000000000000E-02    0.000000000000000E+00
    3.400000000000000E+00    5.000000000000000E-02    0.000000000000000E+00
    3.500000000000000E+00    5.000000000000000E-02    0.000000000000000E+00
    3.600000000000000E+00    5.000000000000000E-02    0.000000000000000E+00
    3.700000000000000E+00    5.000000000000000E-02    0.000000000000000E+00
    3.800000000000000E+00    5.000000000000000E-02    0.000000000000000E+00
    3.900000000000000E+00    5.000000000000000E-02    0.000000000000000E+00
    4.000000000000000E+00    5.000000000000000E-02    0.000000000000000E+00
    4.100000000000001E+00    5.000000000000000E-02    0.000000000000000E+00
    4.200000000000000E+00    5.000000000000000E-02    0.000000000000000E+00
    4.300000000000000E+00    5.000000000000000E-02    0.000000000000000E+00
    4.400000000000000E+00    5.000000000000000E-02    0.000000000000000E+00
    4.500000000000000E+00    5.000000000000000E-02    0.000000000000000E+00
    4.600000000000001E+00    5.000000000000000E-02    0.000000000000000E+00
    4.700000000000000E+00    5.000000000000000E-02    0.000000000000000E+00
    4.800000000000001E+00    5.000000000000000E-02    0.000000000000000E+00
    4.900000000000000E+00    5.000000000000000E-02    0.000000000000000E+00
    5.000000000000000E+00    5.000000000000000E-02    0.000000000000000E+00
    5.100000000000001E+00    5.000000000000000E-02    0.000000000000000E+00
    5.200000000000000E+00    5.000000000000000E-02    0.000000000000000E+00
    5.300000000000001E+00    5.000000000000000E-02    0.000000000000000E+00
    5.400000000000000E+00    5.000000000000000E-02    0.000000000000000E+00
    5.500000000000000E+00    5.000000000000000E-02    0.000000000000000E+00
    5.600000000000001E+00    5.000000000000000E-02    0.000000000000000E+00
    5.700000000000000E+00    5.000000000000000E-02    0.000000000000000E+00
    5.800000000000001E+00    5.000000000000000E-02    0.000000000000000E+00
    5.900000000000000E+00    5.000000000000000E-02    0.000000000000000E+00
    6.000000000000000E+00    5.000000000000000E-02    0.000000000000000E+00
    6.100000000000001E+00    5.000000000000000E-02    0.000000000000000E+00
    6.200000000000000E+00    5.000000000000000E-02    0.000000000000000E+00
    6.300000000000001E+00    5.000000000000000E-02    0.000000000000000E+00
    6.400000000000000E+00    5.000000000000000E-02    0.000000000000000E+00
    6.500000000000000E+00    5.000000000000000E-02    0.000000000000000E+00
    6.600000000000001E+00    5.000000000000000E-02    0.000000000000000E+00
    6.700000000000000E+00    5.000000000000000E-02    0.000000000000000E+00
    6.800000000000001E+00    5.000000000000000E-02    0.000000000000000E+00
    6.900000000000000E+00    5.000000000000000E-02    0.000000000000000E+00
    7.000000000000000E+00    5.000000000000000E-02    0.000000000000000E+00
    7.100000000000001E+00    5.000000000000000E-02    0.000000000000000E+00
    7.200000000000000E+00    5.000000000000000E-02    0.000000000000000E+00
    7.300000000000001E+00    5.000000000000000E-02    0.000000000000000E+00
    7.400000000000000E+00    5.000000000000000E-02    0.000000000000000E+00
    7.500000000000000E+00    5.000000000000000E-02    0.000000000000000E+00
    7.600000000000001E+00    5.000000000000000E-02    0.000000000000000E+00
    7.700000000000000E+00    5.000000000000000E-02    0.000000000000000E+00
    7.800000000000001E+00    5.000000000000000E-02    0.000000000000000E+00
    7.900000000000000E+00    5.000000000000000E-02    0.000000000000000E+00
    8.000000000000000E+00    5.000000000000000E-02    0.000000000000000E+00
    0.000000000000000E+00    7.500000000000001E-02    0.000000000000000E+00
    1.000000000000000E-01    7.500000000000001E-02    0.000000000000000E+00
    2.000000000000000E-01    7.500000000000001E-02    0.000000000000000E+00
    3.000000000000000E-01    7.500000000000001E-02    0.000000000000000E+00
    4.000000000000000E-01    7.500000000000001E-02    0.000000000000000E+00
    5.000000000000000E-01    7.500000000000001E-02    0.000000000000000E+00
    6.000000000000001E-01    7.500000000000001E-02    0.000000000000000E+00
    7.000000000000001E-01    7.500000000000001E-02    0.000000000000000E+00
    8.000000000000000E-01    7.500000000000001E-02    0.000000000000000E+00
    9.000000000000000E-01    7.500000000000001E-02    0.000000000000000E+00
    1.000000000000000E+00    7.500000000000001E-02    0.000000000000000E+00
    1.100000000000000E+00    7.500000000000001E-02    0.000000000000000E+00
    1.200000000000000E+00    7.500000000000001E-02    0.000000000000000E+00
    1.300000000000000E+00    7.500000000000001E-02    0.000000000000000E+00
    1.400000000000000E+00    7.500000000000001E-02    0.000000000000000E+00
    1.500000000000000E+00    7.500000000000001E-02    0.000000000000000E+00
    1.600000000000000E+00    7.500000000000001E-02    0.000000000000000E+00
    1.700000000000000E+00    7.500000000000001E-02    0.000000000000000E+00
    1.800000000000000E+00    7.500000000000001E-02    0.000000000000000E+00
    1.900000000000000E+00    7.500000000000001E-02    0.000000000000000E+00
    2.000000000000000E+00    7.500000000000001E-02    0.000000000000000E+00
    2.100000000000000E+00    7.500000000000001E-02    0.000000000000000E+00
    2.200000000000000E+00    7.500000000000001E-02    0.000000000000000E+00
    2.300000000000000E+00    7.500000000000001E-02    0.000000000000000E+00
    2.400000000000000E+00    7.500000000000001E-02    0.000000000000000E+00
    2.500000000000000E+00    7.500000000000001E-02    0.000000000000000E+00
    2.600000000000000E+00    7.500000000000001E-02    0.000000000000000E+00
    2.700000000000000E+00    7.500000000000001E-02    0.000000000000000E+00
    2.800000000000000E+00    7.500000000000001E-02    0.000000000000000E+00
    2.900000000000000E+00    7.500000000000001E-02    0.000000000000000E+00
    3.000000000000000E+00    7.500000000000001E-02    0.000000000000000E+00
    3.100000000000000E+00    7.500000000000001E-02    0.000000000000000E+00
    3.200000000000000E+00    7.500000000000001E-02    0.000000000000000E+00
    3.300000000000000E+00    7.500000000000001E-02    0.000000000000000E+00
    3.400000000000000E+00    7.500000000000001E-02    0.000000000000000E+00
    3.500000000000000E+00    7.500000000000001E-02    0.000000000000000E+00
    3.600000000000000E+00    7.500000000000001E-02    0.000000000000000E+00
    3.700000000000000E+00    7.500000000000001E-02    0.000000000000000E+00
    3.800000000000000E+00    7.500000000000001E-02    0.000000000000000E+00
    3.900000000000000E+00    7.500000000000001E-02    0.000000000000000E+00
    4.000000000000000E+00    7.500000000000001E-02    0.000000000000000E+00
    4.100000000000001E+00    7.500000000000001E-02    0.000000000000000E+00
    4.200000000000000E+00    7.500000000000001E-02    0.000000000000000E+00
    4.300000000000000E+00    7.500000000000001E-02    0.000000000000000E+00
    4.400000000000000E+00    7.500000000000001E-02    0.000000000000000E+00
    4.500000000000000E+00    7.500000000000001E-02    0.000000000000000E+00
    4.600000000000001E+00    7.500000000000001E-02    0.000000000000000E+00
    4.700000000000000E+00    7.500000000000001E-02    0.000000000000000E+00
    4.800000000000001E+00    7.500000000000001E-02    0.000000000000000E+00
    4.900000000000000E+00    7.500000000000001E-02    0.000000000000000E+00
    5.000000000000000E+00    7.500000000000001E-02    0.000000000000000E+00
    5.100000000000001E+00    7.500000000000001E-02    0.000000000000000E+00
    5.200000000000000E+00    7.500000000000001E-02    0.000000000000000E+00
    5.300000000000001E+00    7.500000000000001E-02    0.000000000000000E+00
    5.400000000000000E+00    7.500000000000001E-02    0.000000000000000E+00
    5.500000000000000E+00    7.500000000000001E-02    0.000000000000000E+00
    5.600000000000001E+00    7.500000000000001E-02    0.000000000000000E+00
    5.700000000000000E+00    7.500000000000001E-02    0.000000000000000E+00
    5.800000000000001E+00    7.500000000000001E-02    0.000000000000000E+00
    5.900000000000000E+00    7.500000000000001E-02    0.000000000000000E+00
    6.000000000000000E+00    7.500000000000001E-02    0.000000000000000E+00
    6.100000000000001E+00    7.500000000000001E-02    0.000000000000000E+00
    6.200000000000000E+00    7.500000000000001E-02    0.000000000000000E+00
    6.300000000000001E+00    7.500000000000001E-02    0.000000000000000E+00
    6.400000000000000E+00    7.500000000000001E-02    0.000000000000000E+00
    6.500000000000000E+00    7.500000000000001E-02    0.000000000000000E+00
    6.600000000000001E+00    7.500000000000001E-02    0.000000000000000E+00
    6.700000000000000E+00    7.500000000000001E-02    0.000000000000000E+00
    6.800000000000001E+00    7.500000000000001E-02    0.000000000000000E+00
    6.900000000000000E+00    7.500000000000001E-02    0.000000000000000E+00
    7.000000000000000E+00    7.500000000000001E-02    0.000000000000000E+00
    7.100000000000001E+00    7.500000000000001E-02    0.000000000000000E+00
    7.200000000000000E+00    7.500000000000001E-02    0.000000000000000E+00
    7.300000000000001E+00    7.500000000000001E-02    0.000000000000000E+00
    7.400000000000000E+00    7.500000000000001E-02    0.000000000000000E+00
    7.500000000000000E+00    7.500000000000001E-02    0.000000000000000E+00
    7.600000000000001E+00    7.500000000000001E-02    0.000000000000000E+00
    7.700000000000000E+00    7.500000000000001E-02    0.000000000000000E+00
    7.800000000000001E+00    7.500000000000001E-02    0.000000000000000E+00
    7.900000000000000E+00    7.500000000000001E-02    0.000000000000000E+00
    8.000000000000000E+00    7.500000000000001E-02    0.000000000000000E+00
    0.000000000000000E+00    1.000000000000000E-01    0.000000000000000E+00
    1.000000000000000E-01    1.000000000000000E-01    0.000000000000000E+00
    2.000000000000000E-01    1.000000000000000E-01    0.000000000000000E+00
    3.000000000000000E-01    1.000000000000000E-01    0.000000000000000E+00
    4.000000000000000E-01    1.000000000000000E-01    0.000000000000000E+00
    5.000000000000000E-01    1.000000000000000E-01    0.000000000000000E+00
    6.000000000000001E-01    1.000000000000000E-01    0.000000000000000E+00
    7.000000000000001E-01    1.000000000000000E-01    0.000000000000000E+00
    8.000000000000000E-01    1.000000000000000E-01    0.000000000000000E+00
    9.000000000000000E-01    1.000000000000000E-01    0.000000000000000E+00
    1.000000000000000E+00    1.000000000000000E-01    0.000000000000000E+00
    1.100000000000000E+00    1.000000000000000E-01    0.000000000000000E+00
    1.200000000000000E+00    1.000000000000000E-01    0.000000000000000E+00
    1.300000000000000E+00    1.000000000000000E-01    0.000000000000000E+00
    1.400000000000000E+00    1.000000000000000E-01    0.000000000000000E+00
    1.500000000000000E+00    1.000000000000000E-01    0.000000000000000E+00
    1.600000000000000E+00    1.000000000000000E-01    0.000000000000000E+00
    1.700000000000000E+00    1.000000000000000E-01    0.000000000000000E+00
    1.800000000000000E+00    1.000000000000000E-01    0.000000000000000E+00
    1.900000000000000E+00    1.000000000000000E-01    0.000000000000000E+00
    2.000000000000000E+00    1.000000000000000E-01    0.000000000000000E+00
    2.100000000000000E+00    1.000000000000000E-01    0.000000000000000E+00
    2.200000000000000E+00    1.000000000000000E-01    0.000000000000000E+00
    2.300000000000000E+00    1.000000000000000E-01    0.000000000000000E+00
    2.400000000000000E+00    1.000000000000000E-01    0.000000000000000E+00
    2.500000000000000E+00    1.000000000000000E-01    0.000000000000000E+00
    2.600000000000000E+00    1.000000000000000E-01    0.000000000000000E+00
    2.700000000000000E+00    1.000000000000000E-01    0.000000000000000E+00
    2.800000000000000E+00    1.000000000000000E-01    0.000000000000000E+00
    2.900000000000000E+00    1.000000000000000E-01    0.000000000000000E+00
    3.000000000000000E+00    1.000000000000000E-01    0.000000000000000E+00
    3.100000000000000E+00    1.000000000000000E-01    0.000000000000000E+00
    3.200000000000000E+00    1.000000000000000E-01    0.000000000000000E+00
    3.300000000000000E+00    1.000000000000000E-01    0.000000000000000E+00
    3.400000000000000E+00    1.000000000000000E-01    0.000000000000000E+00
    3.500000000000000E+00    1.000000000000000E-01    0.000000000000000E+00
    3.600000000000000E+00    1.000000000000000E-01    0.000000000000000E+00
    3.700000000000000E+00    1.000000000000000E-01    0.000000000000000E+00
    3.800000000000000E+00    1.000000000000000E-01    0.000000000000000E+00
    3.900000000000000E+00    1.000000000000000E-01    0.000000000000000E+00
    4.000000000000000E+00    1.000000000000000E-01    0.000000000000000E+00
    4.100000000000001E+00    1.000000000000000E-01    0.000000000000000E+00
    4.200000000000000E+00    1.000000000000000E-01    0.000000000000000E+00
    4.300000000000000E+00    1.000000000000000E-01    0.000000000000000E+00
    4.400000000000000E+00    1.000000000000000E-01    0.000000000000000E+00
    4.500000000000000E+00    1.000000000000000E-01    0.000000000000000E+00
    4.600000000000001E+00    1.000000000000000E-01    0.000000000000000E+00
    4.700000000000000E+00    1.000000000000000E-01    0.000000000000000E+00
    4.800000000000001E+00    1.000000000000000E-01    0.000000000000000E+00
    4.900000000000000E+00    1.000000000000000E-01    0.000000000000000E+00
    5.000000000000000E+00    1.000000000000000E-01    0.000000000000000E+00
    5.100000000000001E+00    1.000000000000000E-01    0.000000000000000E+00
    5.200000000000000E+00    1.000000000000000E-01    0.000000000000000E+00
    5.300000000000001E+00    1.000000000000000E-01    0.000000000000000E+00
    5.400000000000000E+00    1.000000000000000E-01    0.000000000000000E+00
    5.500000000000000E+00    1.000000000000000E-01    0.000000000000000E+00
    5.600000000000001E+00    1.000000000000000E-01    0.000000000000000E+00
    5.700000000000000E+00    1.000000000000000E-01    0.000000000000000E+00
    5.800000000000001E+00    1.000000000000000E-01    0.000000000000000E+00
    5.900000000000000E+00    1.000000000000000E-01    0.000000000000000E+00
    6.000000000000000E+00    1.000000000000000E-01    0.000000000000000E+00
    6.100000000000001E+00    1.000000000000000E-01    0.000000000000000E+00
    6.200000000000000E+00    1.000000000000000E-01    0.000000000000000E+00
    6.300000000000001E+00    1.000000000000000E-01    0.000000000000000E+00
    6.400000000000000E+00    1.000000000000000E-01    0.000000000000000E+00
    6.500000000000000E+00    1.000000000000000E-01    0.000000000000000E+00
    6.600000000000001E+00    1.000000000000000E-01    0.000000000000000E+00
    6.700000000000000E+00    1.000000000000000E-01    0.000000000000000E+00
    6.800000000000001E+00    1.000000000000000E-01    0.000000000000000E+00
    6.900000000000000E+00    1.000000000000000E-01    0.000000000000000E+00
    7.000000000000000E+00    1.000000000000000E-01    0.000000000000000E+00
    7.100000000000001E+00    1.000000000000000E-01    0.000000000000000E+00
    7.200000000000000E+00    1.000000000000000E-01    0.000000000000000E+00
    7.300000000000001E+00    1.000000000000000E-01    0.000000000000000E+00
    7.400000000000000E+00    1.000000000000000E-01    0.000000000000000E+00
    7.500000000000000E+00    1.000000000000000E-01    0.000000000000000E+00
    7.600000000000001E+00    1.000000000000000E-01    0.000000000000000E+00
    7.700000000000000E+00    1.000000000000000E-01    0.000000000000000E+00
    7.800000000000001E+00    1.000000000000000E-01    0.000000000000000E+00
    7.900000000000000E+00    1.000000000000000E-01    0.000000000000000E+00
    8.000000000000000E+00    1.000000000000000E-01    0.000000000000000E+00
    0.000000000000000E+00    1.250000000000000E-01    0.000000000000000E+00
    1.000000000000000E-01    1.250000000000000E-01    0.000000000000000E+00
    2.000000000000000E-01    1.250000000000000E-01    0.000000000000000E+00
    3.000000000000000E-01    1.250000000000000E-01    0.000000000000000E+00
    4.000000000000000E-01    1.250000000000000E-01    0.000000000000000E+00
    5.000000000000000E-01    1.250000000000000E-01    0.000000000000000E+00
    6.000000000000001E-01    1.250000000000000E-01    0.000000000000000E+00
    7.000000000000001E-01    1.250000000000000E-01    0.000000000000000E+00
    8.000000000000000E-01    1.250000000000000E-01    0.000000000000000E+00
    9.000000000000000E-01    1.250000000000000E-01    0.000000000000000E+00
    1.000000000000000E+00    1.250000000000000E-01    0.000000000000000E+00
    1.100000000000000E+00    1.250000000000000E-01    0.000000000000000E+00
    1.200000000000000E+00    1.250000000000000E-01    0.000000000000000E+00
    1.300000000000000E+00    1.250000000000000E-01    0.000000000000000E+00
    1.400000000000000E+00    1.250000000000000E-01    0.000000000000000E+00
    1.500000000000000E+00    1.250000000000000E-01    0.000000000000000E+00
    1.600000000000000E+00    1.250000000000000E-01    0.000000000000000E+00
    1.700000000000000E+00    1.250000000000000E-01    0.000000000000000E+00
    1.800000000000000E+00    1.250000000000000E-01    0.000000000000000E+00
    1.900000000000000E+00    1.250000000000000E-01    0.000000000000000E+00
    2.000000000000000E+00    1.250000000000000E-01    0.000000000000000E+00
    2.100000000000000E+00    1.250000000000000E-01    0.000000000000000E+00
    2.200000000000000E+00    1.250000000000000E-01    0.000000000000000E+00
    2.300000000000000E+00    1.250000000000000E-01    0.000000000000000E+00
    2.400000000000000E+00    1.250000000000000E-01    0.000000000000000E+00
    2.500000000000000E+00    1.250000000000000E-01    0.000000000000000E+00
    2.600000000000000E+00    1.250000000000000E-01    0.000000000000000E+00
    2.700000000000000E+00    1.250000000000000E-01    0.000000000000000E+00
    2.800000000000000E+00    1.250000000000000E-01    0.000000000000000E+00
    2.900000000000000E+00    1.250000000000000E-01    0.000000000000000E+00
    3.000000000000000E+00    1.250000000000000E-01    0.000000000000000E+00
    3.100000000000000E+00    1.250000000000000E-01    0.000000000000000E+00
    3.200000000000000E+00    1.250000000000000E-01    0.000000000000000E+00
    3.300000000000000E+00    1.250000000000000E-01    0.000000000000000E+00
    3.400000000000000E+00    1.250000000000000E-01    0.000000000000000E+00
    3.500000000000000E+00    1.250000000000000E-01    0.000000000000000E+00
    3.600000000000000E+00    1.250000000000000E-01    0.000000000000000E+00
    3.700000000000000E+00    1.250000000000000E-01    0.000000000000000E+00
    3.800000000000000E+00    1.250000000000000E-01    0.000000000000000E+00
    3.900000000000000E+00    1.250000000000000E-01    0.000000000000000E+00
    4.000000000000000E+00    1.250000000000000E-01    0.000000000000000E+00
    4.100000000000001E+00    1.250000000000000E-01    0.000000000000000E+00
    4.200000000000000E+00    1.250000000000000E-01    0.000000000000000E+00
    4.300000000000000E+00    1.250000000000000E-01    0.000000000000000E+00
    4.400000000000000E+00    1.250000000000000E-01    0.000000000000000E+00
    4.500000000000000E+00    1.250000000000000E-01    0.000000000000000E+00
    4.600000000000001E+00    1.250000000000000E-01    0.000000000000000E+00
    4.700000000000000E+00    1.250000000000000E-01    0.000000000000000E+00
    4.800000000000001E+00    1.250000000000000E-01    0.000000000000000E+00
    4.900000000000000E+00    1.250000000000000E-01    0.000000000000000E+00
    5.000000000000000E+00    1.250000000000000E-01    0.000000000000000E+00
    5.100000000000001E+00    1.250000000000000E-01    0.000000000000000E+00
    5.200000000000000E+00    1.250000000000000E-01    0.000000000000000E+00
    5.300000000000001E+00    1.250000000000000E-01    0.000000000000000E+00
    5.400000000000000E+00    1.250000000000000E-01    0.000000000000000E+00
    5.500000000000000E+00    1.250000000000000E-01    0.000000000000000E+00
    5.600000000000001E+00    1.250000000000000E-01    0.000000000000000E+00
    5.700000000000000E+00    1.250000000000000E-01    0.000000000000000E+00
    5.800000000000001E+00    1.250000000000000E-01    0.000000000000000E+00
    5.900000000000000E+00    1.250000000000000E-01    0.000000000000000E+00
    6.000000000000000E+00    1.250000000000000E-01    0.000000000000000E+00
    6.100000000000001E+00    1.250000000000000E-01    0.000000000000000E+00
    6.200000000000000E+00    1.250000000000000E-01    0.000000000000000E+00
    6.300000000000001E+00    1.250000000000000E-01    0.000000000000000E+00
    6.400000000000000E+00    1.250000000000000E-01    0.000000000000000E+00
    6.500000000000000E+00    1.250000000000000E-01    0.000000000000000E+00
    6.600000000000001E+00    1.250000000000000E-01    0.000000000000000E+00
    6.700000000000000E+00    1.250000000000000E-01    0.000000000000000E+00
    6.800000000000001E+00    1.250000000000000E-01    0.000000000000000E+00
    6.900000000000000E+00    1.250000000000000E-01    0.000000000000000E+00
    7.000000000000000E+00    1.250000000000000E-01    0.000000000000000E+00
    7.100000000000001E+00    1.250000000000000E-01    0.000000000000000E+00
    7.200000000000000E+00    1.250000000000000E-01    0.000000000000000E+00
    7.300000000000001E+00    1.250000000000000E-01    0.000000000000000E+00
    7.400000000000000E+00    1.250000000000000E-01    0.000000000000000E+00
    7.500000000000000E+00    1.250000000000000E-01    0.000000000000000E+00
    7.600000000000001E+00    1.250000000000000E-01    0.000000000000000E+00
    7.700000000000000E+00    1.250000000000000E-01    0.000000000000000E+00
    7.800000000000001E+00    1.250000000000000E-01    0.000000000000000E+00
    7.900000000000000E+00    1.250000000000000E-01    0.000000000000000E+00
    8.000000000000000E+00    1.250000000000000E-01    0.000000000000000E+00
    0.000000000000000E+00    1.500000000000000E-01    0.000000000000000E+00
    1.000000000000000E-01    1.500000000000000E-01    0.000000000000000E+00
    2.000000000000000E-01    1.500000000000000E-01    0.000000000000000E+00
    3.000000000000000E-01    1.500000000000000E-01    0.000000000000000E+00
    4.000000000000000E-01    1.500000000000000E-01    0.000000000000000E+00
    5.000000000000000E-01    1.500000000000000E-01    0.000000000000000E+00
    6.000000000000001E-01    1.500000000000000E-01    0.000000000000000E+00
    7.000000000000001E-01    1.500000000000000E-01    0.000000000000000E+00
    8.000000000000000E-01    1.500000000000000E-01    0.000000000000000E+00
    9.000000000000000E-01    1.500000000000000E-01    0.000000000000000E+00
    1.000000000000000E+00    1.500000000000000E-01    0.000000000000000E+00
    1.100000000000000E+00    1.500000000000000E-01    0.000000000000000E+00
    1.200000000000000E+00    1.500000000000000E-01    0.000000000000000E+00
    1.300000000000000E+00    1.500000000000000E-01    0.000000000000000E+00
    1.400000000000000E+00    1.500000000000000E-01    0.000000000000000E+00
    1.500000000000000E+00    1.500000000000000E-01    0.000000000000000E+00
    1.600000000000000E+00    1.500000000000000E-01    0.000000000000000E+00
    1.700000000000000E+00    1.500000000000000E-01    0.000000000000000E+00
    1.800000000000000E+00    1.500000000000000E-01    0.000000000000000E+00
    1.900000000000000E+00    1.500000000000000E-01    0.000000000000000E+00
    2.000000000000000E+00    1.500000000000000E-01    0.000000000000000E+00
    2.100000000000000E+00    1.500000000000000E-01    0.000000000000000E+00
    2.200000000000000E+00    1.500000000000000E-01    0.000000000000000E+00
    2.300000000000000E+00    1.500000000000000E-01    0.000000000000000E+00
    2.400000000000000E+00    1.500000000000000E-01    0.000000000000000E+00
    2.500000000000000E+00    1.500000000000000E-01    0.000000000000000E+00
    2.600000000000000E+00    1.500000000000000E-01    0.000000000000000E+00
    2.700000000000000E+00    1.500000000000000E-01    0.000000000000000E+00
    2.800000000000000E+00    1.500000000000000E-01    0.000000000000000E+00
    2.900000000000000E+00    1.500000000000000E-01    0.000000000000000E+00
    3.000000000000000E+00    1.500000000000000E-01    0.000000000000000E+00
    3.100000000000000E+00    1.500000000000000E-01    0.000000000000000E+00
    3.200000000000000E+00    1.500000000000000E-01    0.000000000000000E+00
    3.300000000000000E+00    1.500000000000000E-01    0.000000000000000E+00
    3.400000000000000E+00    1.500000000000000E-01    0.000000000000000E+00
    3.500000000000000E+00    1.500000000000000E-01    0.000000000000000E+00
    3.600000000000000E+00    1.500000000000000E-01    0.000000000000000E+00
    3.700000000000000E+00    1.500000000000000E-01    0.000000000000000E+00
    3.800000000000000E+00    1.500000000000000E-01    0.000000000000000E+00
    3.900000000000000E+00    1.500000000000000E-01    0.000000000000000E+00
    4.000000000000000E+00    1.500000000000000E-01    0.000000000000000E+00
    4.100000000000001E+00    1.500000000000000E-01    0.000000000000000E+00
    4.200000000000000E+00    1.500000000000000E-01    0.000000000000000E+00
    4.300000000000000E+00    1.500000000000000E-01    0.000000000000000E+00
    4.400000000000000E+00    1.500000000000000E-01    0.000000000000000E+00
    4.500000000000000E+00    1.500000000000000E-01    0.000000000000000E+00
    4.600000000000001E+00    1.500000000000000E-01    0.000000000000000E+00
    4.700000000000000E+00    1.500000000000000E-01    0.000000000000000E+00
    4.800000000000001E+00    1.500000000000000E-01    0.000000000000000E+00
    4.900000000000000E+00    1.500000000000000E-01    0.000000000000000E+00
    5.000000000000000E+00    1.500000000000000E-01    0.000000000000000E+00
    5.100000000000001E+00    1.500000000000000E-01    0.000000000000000E+00
    5.200000000000000E+00    1.500000000000000E-01    0.000000000000000E+00
    5.300000000000001E+00    1.500000000000000E-01    0.000000000000000E+00
    5.400000000000000E+00    1.500000000000000E-01    0.000000000000000E+00
    5.500000000000000E+00    1.500000000000000E-01    0.000000000000000E+00
    5.600000000000001E+00    1.500000000000000E-01    0.000000000000000E+00
    5.700000000000000E+00    1.500000000000000E-01    0.000000000000000E+00
    5.800000000000001E+00    1.500000000000000E-01    0.000000000000000E+00
    5.900000000000000E+00    1.500000000000000E-01    0.000000000000000E+00
    6.000000000000000E+00    1.500000000000000E-01    0.000000000000000E+00
    6.100000000000001E+00    1.500000000000000E-01    0.000000000000000E+00
    6.200000000000000E+00    1.500000000000000E-01    0.000000000000000E+00
    6.300000000000001E+00    1.500000000000000E-01    0.000000000000000E+00
    6.400000000000000E+00    1.500000000000000E-01    0.000000000000000E+00
    6.500000000000000E+00    1.500000000000000E-01    0.000000000000000E+00
    6.600000000000001E+00    1.500000000000000E-01    0.000000000000000E+00
    6.700000000000000E+00    1.500000000000000E-01    0.000000000000000E+00
    6.800000000000001E+00    1.500000000000000E-01    0.000000000000000E+00
    6.900000000000000E+00    1.500000000000000E-01    0.000000000000000E+00
    7.000000000000000E+00    1.500000000000000E-01    0.000000000000000E+00
    7.100000000000001E+00    1.500000000000000E-01    0.000000000000000E+00
    7.200000000000000E+00    1.500000000000000E-01    0.000000000000000E+00
    7.300000000000001E+00    1.500000000000000E-01    0.000000000000000E+00
    7.400000000000000E+00    1.500000000000000E-01    0.000000000000000E+00
    7.500000000000000E+00    1.500000000000000E-01    0.000000000000000E+00
    7.600000000000001E+00    1.500000000000000E-01    0.000000000000000E+00
    7.700000000000000E+00    1.500000000000000E-01    0.000000000000000E+00
    7.800000000000001E+00    1.500000000000000E-01    0.000000000000000E+00
    7.900000000000000E+00    1.500000000000000E-01    0.000000000000000E+00
    8.000000000000000E+00    1.500000000000000E-01    0.000000000000000E+00
    0.000000000000000E+00    1.750000000000000E-01    0.000000000000000E+00
    1.000000000000000E-01    1.750000000000000E-01    0.000000000000000E+00
    2.000000000000000E-01    1.750000000000000E-01    0.000000000000000E+00
    3.000000000000000E-01    1.750000000000000E-01    0.000000000000000E+00
    4.000000000000000E-01    1.750000000000000E-01    0.000000000000000E+00
    5.000000000000000E-01    1.750000000000000E-01    0.000000000000000E+00
    6.000000000000001E-01    1.750000000000000E-01    0.000000000000000E+00
    7.000000000000001E-01    1.750000000000000E-01    0.000000000000000E+00
    8.000000000000000E-01    1.750000000000000E-01    0.000000000000000E+00
    9.000000000000000E-01    1.750000000000000E-01    0.000000000000000E+00
    1.000000000000000E+00    1.750000000000000E-01    0.000000000000000E+00
    1.100000000000000E+00    1.750000000000000E-01    0.000000000000000E+00
    1.200000000000000E+00    1.750000000000000E-01    0.000000000000000E+00
    1.300000000000000E+00    1.750000000000000E-01    0.000000000000000E+00
    1.400000000000000E+00    1.750000000000000E-01    0.000000000000000E+00
    1.500000000000000E+00    1.750000000000000E-01    0.000000000000000E+00
    1.600000000000000E+00    1.750000000000000E-01    0.000000000000000E+00
    1.700000000000000E+00    1.750000000000000E-01    0.000000000000000E+00
    1.800000000000000E+00    1.750000000000000E-01    0.000000000000000E+00
    1.900000000000000E+00    1.750000000000000E-01    0.000000000000000E+00
    2.000000000000000E+00    1.750000000000000E-01    0.000000000000000E+00
    2.100000000000000E+00    1.750000000000000E-01    0.000000000000000E+00
    2.200000000000000E+00    1.750000000000000E-01    0.000000000000000E+00
    2.300000000000000E+00    1.750000000000000E-01    0.000000000000000E+00
    2.400000000000000E+00    1.750000000000000E-01    0.000000000000000E+00
    2.500000000000000E+00    1.750000000000000E-01    0.000000000000000E+00
    2.600000000000000E+00    1.750000000000000E-01    0.000000000000000E+00
    2.700000000000000E+00    1.750000000000000E-01    0.000000000000000E+00
    2.800000000000000E+00    1.750000000000000E-01    0.000000000000000E+00
    2.900000000000000E+00    1.750000000000000E-01    0.000000000000000E+00
    3.000000000000000E+00    1.750000000000000E-01    0.000000000000000E+00
    3.100000000000000E+00    1.750000000000000E-01    0.000000000000000E+00
    3.200000000000000E+00    1.750000000000000E-01    0.000000000000000E+00
    3.300000000000000E+00    1.750000000000000E-01    0.000000000000000E+00
    3.400000000000000E+00    1.750000000000000E-01    0.000000000000000E+00
    3.500000000000000E+00    1.750000000000000E-01    0.000000000000000E+00
    3.600000000000000E+00    1.750000000000000E-01    0.000000000000000E+00
    3.700000000000000E+00    1.750000000000000E-01    0.000000000000000E+00
    3.800000000000000E+00    1.750000000000000E-01    0.000000000000000E+00
    3.900000000000000E+00    1.750000000000000E-01    0.000000000000000E+00
    4.000000000000000E+00    1.750000000000000E-01    0.000000000000000E+00
    4.100000000000001E+00    1.750000000000000E-01    0.000000000000000E+00
    4.200000000000000E+00    1.750000000000000E-01    0.000000000000000E+00
    4.300000000000000E+00    1.750000000000000E-01    0.000000000000000E+00
    4.400000000000000E+00    1.750000000000000E-01    0.000000000000000E+00
    4.500000000000000E+00    1.750000000000000E-01    0.000000000000000E+00
    4.600000000000001E+00    1.750000000000000E-01    0.000000000000000E+00
    4.700000000000000E+00    1.750000000000000E-01    0.000000000000000E+00
    4.800000000000001E+00    1.750000000000000E-01    0.000000000000000E+00
    4.900000000000000E+00    1.750000000000000E-01    0.000000000000000E+00
    5.000000000000000E+00    1.750000000000000E-01    0.000000000000000E+00
    5.100000000000001E+00    1.750000000000000E-01    0.000000000000000E+00
    5.200000000000000E+00    1.750000000000000E-01    0.000000000000000E+00
    5.300000000000001E+00    1.750000000000000E-01    0.000000000000000E+00
    5.400000000000000E+00    1.750000000000000E-01    0.000000000000000E+00
    5.500000000000000E+00    1.750000000000000E-01    0.000000000000000E+00
    5.600000000000001E+00    1.750000000000000E-01    0.000000000000000E+00
    5.700000000000000E+00    1.750000000000000E-01    0.000000000000000E+00
    5.800000000000001E+00    1.750000000000000E-01    0.000000000000000E+00
    5.900000000000000E+00    1.750000000000000E-01    0.000000000000000E+00
    6.000000000000000E+00    1.750000000000000E-01    0.000000000000000E+00
    6.100000000000001E+00    1.750000000000000E-01    0.000000000000000E+00
    6.200000000000000E+00    1.750000000000000E-01    0.000000000000000E+00
    6.300000000000001E+00    1.750000000000000E-01    0.000000000000000E+00
    6.400000000000000E+00    1.750000000000000E-01    0.000000000000000E+00
    6.500000000000000E+00    1.750000000000000E-01    0.000000000000000E+00
    6.600000000000001E+00    1.750000000000000E-01    0.000000000000000E+00
    6.700000000000000E+00    1.750000000000000E-01    0.000000000000000E+00
    6.800000000000001E+00    1.750000000000000E-01    0.000000000000000E+00
    6.900000000000000E+00    1.750000000000000E-01    0.000000000000000E+00
    7.000000000000000E+00    1.750000000000000E-01    0.000000000000000E+00
    7.100000000000001E+00    1.750000000000000E-01    0.000000000000000E+00
    7.200000000000000E+00    1.750000000000000E-01    0.000000000000000E+00
    7.300000000000001E+00    1.750000000000000E-01    0.000000000000000E+00
    7.400000000000000E+00    1.750000000000000E-01    0.000000000000000E+00
    7.500000000000000E+00    1.750000000000000E-01    0.000000000000000E+00
    7.600000000000001E+00    1.750000000000000E-01    0.000000000000000E+00
    7.700000000000000E+00    1.750000000000000E-01    0.000000000000000E+00
    7.800000000000001E+00    1.750000000000000E-01    0.000000000000000E+00
    7.900000000000000E+00    1.750000000000000E-01    0.000000000000000E+00
    8.000000000000000E+00    1.750000000000000E-01    0.000000000000000E+00
    0.000000000000000E+00    2.000000000000000E-01    0.000000000000000E+00
    1.000000000000000E-01    2.000000000000000E-01    0.000000000000000E+00
    2.000000000000000E-01    2.000000000000000E-01    0.000000000000000E+00
    3.000000000000000E-01    2.000000000000000E-01    0.000000000000000E+00
    4.000000000000000E-01    2.000000000000000E-01    0.000000000000000E+00
    5.000000000000000E-01    2.000000000000000E-01    0.000000000000000E+00
    6.000000000000001E-01    2.000000000000000E-01    0.000000000000000E+00
    7.000000000000001E-01    2.000000000000000E-01    0.000000000000000E+00
    8.000000000000000E-01    2.000000000000000E-01    0.000000000000000E+00
    9.000000000000000E-01    2.000000000000000E-01    0.000000000000000E+00
    1.000000000000000E+00    2.000000000000000E-01    0.000000000000000E+00
    1.100000000000000E+00    2.000000000000000E-01    0.000000000000000E+00
    1.200000000000000E+00    2.000000000000000E-01    0.000000000000000E+00
    1.300000000000000E+00    2.000000000000000E-01    0.000000000000000E+00
    1.400000000000000E+00    2.000000000000000E-01    0.000000000000000E+00
    1.500000000000000E+00    2.000000000000000E-01    0.000000000000000E+00
    1.600000000000000E+00    2.000000000000000E-01    0.000000000000000E+00
    1.700000000000000E+00    2.000000000000000E-01    0.000000000000000E+00
    1.800000000000000E+00    2.000000000000000E-01    0.000000000000000E+00
    1.900000000000000E+00    2.000000000000000E-01    0.000000000000000E+00
    2.000000000000000E+00    2.000000000000000E-01    0.000000000000000E+00
    2.100000000000000E+00    2.000000000000000E-01    0.000000000000000E+00
    2.200000000000000E+00    2.000000000000000E-01    0.000000000000000E+00
    2.300000000000000E+00    2.000000000000000E-01    0.000000000000000E+00
    2.400000000000000E+00    2.000000000000000E-01    0.000000000000000E+00
    2.500000000000000E+00    2.000000000000000E-01    0.000000000000000E+00
    2.600000000000000E+00    2.000000000000000E-01    0.000000000000000E+00
    2.700000000000000E+00    2.000000000000000E-01    0.000000000000000E+00
    2.800000000000000E+00    2.000000000000000E-01    0.000000000000000E+00
    2.900000000000000E+00    2.000000000000000E-01    0.000000000000000E+00
    3.000000000000000E+00    2.000000000000000E-01    0.000000000000000E+00
    3.100000000000000E+00    2.000000000000000E-01    0.000000000000000E+00
    3.200000000000000E+00    2.000000000000000E-01    0.000000000000000E+00
    3.300000000000000E+00    2.000000000000000E-01    0.000000000000000E+00
    3.400000000000000E+00    2.000000000000000E-01    0.000000000000000E+00
    3.500000000000000E+00    2.000000000000000E-01    0.000000000000000E+00
    3.600000000000000E+00    2.000000000000000E-01    0.000000000000000E+00
    3.700000000000000E+00    2.000000000000000E-01    0.000000000000000E+00
    3.800000000000000E+00    2.000000000000000E-01    0.000000000000000E+00
    3.900000000000000E+00    2.000000000000000E-01    0.000000000000000E+00
    4.000000000000000E+00    2.000000000000000E-01    0.000000000000000E+00
    4.100000000000001E+00    2.000000000000000E-01    0.000000000000000E+00
    4.200000000000000E+00    2.000000000000000E-01    0.000000000000000E+00
    4.300000000000000E+00    2.000000000000000E-01    0.000000000000000E+00
    4.400000000000000E+00    2.000000000000000E-01    0.000000000000000E+00
    4.500000000000000E+00    2.000000000000000E-01    0.000000000000000E+00
    4.600000000000001E+00    2.000000000000000E-01    0.000000000000000E+00
    4.700000000000000E+00    2.000000000000000E-01    0.000000000000000E+00
    4.800000000000001E+00    2.000000000000000E-01    0.000000000000000E+00
    4.900000000000000E+00    2.000000000000000E-01    0.000000000000000E+00
    5.000000000000000E+00    2.000000000000000E-01    0.000000000000000E+00
    5.100000000000001E+00    2.000000000000000E-01    0.000000000000000E+00
    5.200000000000000E+00    2.000000000000000E-01    0.000000000000000E+00
    5.300000000000001E+00    2.000000000000000E-01    0.000000000000000E+00
    5.400000000000000E+00    2.000000000000000E-01    0.000000000000000E+00
    5.500000000000000E+00    2.000000000000000E-01    0.000000000000000E+00
    5.600000000000001E+00    2.000000000000000E-01    0.000000000000000E+00
    5.700000000000000E+00    2.000000000000000E-01    0.000000000000000E+00
    5.800000000000001E+00    2.000000000000000E-01    0.000000000000000E+00
    5.900000000000000E+00    2.000000000000000E-01    0.000000000000000E+00
    6.000000000000000E+00    2.000000000000000E-01    0.000000000000000E+00
    6.100000000000001E+00    2.000000000000000E-01    0.000000000000000E+00
    6.200000000000000E+00    2.000000000000000E-01    0.000000000000000E+00
    6.300000000000001E+00    2.000000000000000E-01    0.000000000000000E+00
    6.400000000000000E+00    2.000000000000000E-01    0.000000000000000E+00
    6.500000000000000E+00    2.000000000000000E-01    0.000000000000000E+00
    6.600000000000001E+00    2.000000000000000E-01    0.000000000000000E+00
    6.700000000000000E+00    2.000000000000000E-01    0.000000000000000E+00
    6.800000000000001E+00    2.000000000000000E-01    0.000000000000000E+00
    6.900000000000000E+00    2.000000000000000E-01    0.000000000000000E+00
    7.000000000000000E+00    2.000000000000000E-01    0.000000000000000E+00
    7.100000000000001E+00    2.000000000000000E-01    0.000000000000000E+00
    7.200000000000000E+00    2.000000000000000E-01    0.000000000000000E+00
    7.300000000000001E+00    2.000000000000000E-01    0.000000000000000E+00
    7.400000000000000E+00    2.000000000000000E-01    0.000000000000000E+00
    7.500000000000000E+00    2.000000000000000E-01    0.000000000000000E+00
    7.600000000000001E+00    2.000000000000000E-01    0.000000000000000E+00
    7.700000000000000E+00    2.000000000000000E-01    0.000000000000000E+00
    7.800000000000001E+00    2.000000000000000E-01    0.000000000000000E+00
    7.900000000000000E+00    2.000000000000000E-01    0.000000000000000E+00
    8.000000000000000E+00    2.000000000000000E-01    0.000000000000000E+00
    0.000000000000000E+00    2.250000000000000E-01    0.000000000000000E+00
    1.000000000000000E-01    2.250000000000000E-01    0.000000000000000E+00
    2.000000000000000E-01    2.250000000000000E-01    0.000000000000000E+00
    3.000000000000000E-01    2.250000000000000E-01    0.000000000000000E+00
    4.000000000000000E-01    2.250000000000000E-01    0.000000000000000E+00
    5.000000000000000E-01    2.250000000000000E-01    0.000000000000000E+00
    6.000000000000001E-01    2.250000000000000E-01    0.000000000000000E+00
    7.000000000000001E-01    2.250000000000000E-01    0.000000000000000E+00
    8.000000000000000E-01    2.250000000000000E-01    0.000000000000000E+00
    9.000000000000000E-01    2.250000000000000E-01    0.000000000000000E+00
    1.000000000000000E+00    2.250000000000000E-01    0.000000000000000E+00
    1.100000000000000E+00    2.250000000000000E-01    0.000000000000000E+00
    1.200000000000000E+00    2.250000000000000E-01    0.000000000000000E+00
    1.300000000000000E+00    2.250000000000000E-01    0.000000000000000E+00
    1.400000000000000E+00    2.250000000000000E-01    0.000000000000000E+00
    1.500000000000000E+00    2.250000000000000E-01    0.000000000000000E+00
    1.600000000000000E+00    2.250000000000000E-01    0.000000000000000E+00
    1.700000000000000E+00    2.250000000000000E-01    0.000000000000000E+00
    1.800000000000000E+00    2.250000000000000E-01    0.000000000000000E+00
    1.900000000000000E+00    2.250000000000000E-01    0.000000000000000E+00
    2.000000000000000E+00    2.250000000000000E-01    0.000000000000000E+00
    2.100000000000000E+00    2.250000000000000E-01    0.000000000000000E+00
    2.200000000000000E+00    2.250000000000000E-01    0.000000000000000E+00
    2.300000000000000E+00    2.250000000000000E-01    0.000000000000000E+00
    2.400000000000000E+00    2.250000000000000E-01    0.000000000000000E+00
    2.500000000000000E+00    2.250000000000000E-01    0.000000000000000E+00
    2.600000000000000E+00    2.250000000000000E-01    0.000000000000000E+00
    2.700000000000000E+00    2.250000000000000E-01    0.000000000000000E+00
    2.800000000000000E+00    2.250000000000000E-01    0.000000000000000E+00
    2.900000000000000E+00    2.250000000000000E-01    0.000000000000000E+00
    3.000000000000000E+00    2.250000000000000E-01    0.000000000000000E+00
    3.100000000000000E+00    2.250000000000000E-01    0.000000000000000E+00
    3.200000000000000E+00    2.250000000000000E-01    0.000000000000000E+00
    3.300000000000000E+00    2.250000000000000E-01    0.000000000000000E+00
    3.400000000000000E+00    2.250000000000000E-01    0.000000000000000E+00
    3.500000000000000E+00    2.250000000000000E-01    0.000000000000000E+00
    3.600000000000000E+00    2.250000000000000E-01    0.000000000000000E+00
    3.700000000000000E+00    2.250000000000000E-01    0.000000000000000E+00
    3.800000000000000E+00    2.250000000000000E-01    0.000000000000000E+00
    3.900000000000000E+00    2.250000000000000E-01    0.000000000000000E+00
    4.000000000000000E+00    2.250000000000000E-01    0.000000000000000E+00
    4.100000000000001E+00    2.250000000000000E-01    0.000000000000000E+00
    4.200000000000000E+00    2.250000000000000E-01    0.000000000000000E+00
    4.300000000000000E+00    2.250000000000000E-01    0.000000000000000E+00
    4.400000000000000E+00    2.250000000000000E-01    0.000000000000000E+00
    4.500000000000000E+00    2.250000000000000E-01    0.000000000000000E+00
    4.600000000000001E+00    2.250000000000000E-01    0.000000000000000E+00
    4.700000000000000E+00    2.250000000000000E-01    0.000000000000000E+00
    4.800000000000001E+00    2.250000000000000E-01    0.000000000000000E+00
    4.900000000000000E+00    2.250000000000000E-01    0.000000000000000E+00
    5.000000000000000E+00    2.250000000000000E-01    0.000000000000000E+00
    5.100000000000001E+00    2.250000000000000E-01    0.000000000000000E+00
    5.200000000000000E+00    2.250000000000000E-01    0.000000000000000E+00
    5.300000000000001E+00    2.250000000000000E-01    0.000000000000000E+00
    5.400000000000000E+00    2.250000000000000E-01    0.000000000000000E+00
    5.500000000000000E+00    2.250000000000000E-01    0.000000000000000E+00
    5.600000000000001E+00    2.250000000000000E-01    0.000000000000000E+00
    5.700000000000000E+00    2.250000000000000E-01    0.000000000000000E+00
    5.800000000000001E+00    2.250000000000000E-01    0.000000000000000E+00
    5.900000000000000E+00    2.250000000000000E-01    0.000000000000000E+00
    6.000000000000000E+00    2.250000000000000E-01    0.000000000000000E+00
    6.100000000000001E+00    2.250000000000000E-01    0.000000000000000E+00
    6.200000000000000E+00    2.250000000000000E-01    0.000000000000000E+00
    6.300000000000001E+00    2.250000000000000E-01    0.000000000000000E+00
    6.400000000000000E+00    2.250000000000000E-01    0.000000000000000E+00
    6.500000000000000E+00    2.250000000000000E-01    0.000000000000000E+00
    6.600000000000001E+00    2.250000000000000E-01    0.000000000000000E+00
    6.700000000000000E+00    2.250000000000000E-01    0.000000000000000E+00
    6.800000000000001E+00    2.250000000000000E-01    0.000000000000000E+00
    6.900000000000000E+00    2.250000000000000E-01    0.000000000000000E+00
    7.000000000000000E+00    2.250000000000000E-01    0.000000000000000E+00
    7.100000000000001E+00    2.250000000000000E-01    0.000000000000000E+00
    7.200000000000000E+00    2.250000000000000E-01    0.000000000000000E+00
    7.300000000000001E+00    2.250000000000000E-01    0.000000000000000E+00
    7.400000000000000E+00    2.250000000000000E-01    0.000000000000000E+00
    7.500000000000000E+00    2.250000000000000E-01    0.000000000000000E+00
    7.600000000000001E+00    2.250000000000000E-01    0.000000000000000E+00
    7.700000000000000E+00    2.250000000000000E-01    0.000000000000000E+00
    7.800000000000001E+00    2.250000000000000E-01    0.000000000000000E+00
    7.900000000000000E+00    2.250000000000000E-01    0.000000000000000E+00
    8.000000000000000E+00    2.250000000000000E-01    0.000000000000000E+00
    0.000000000000000E+00    2.500000000000000E-01    0.000000000000000E+00
    1.000000000000000E-01    2.500000000000000E-01    0.000000000000000E+00
    2.000000000000000E-01    2.500000000000000E-01    0.000000000000000E+00
    3.000000000000000E-01    2.500000000000000E-01    0.000000000000000E+00
    4.000000000000000E-01    2.500000000000000E-01    0.000000000000000E+00
    5.000000000000000E-01    2.500000000000000E-01    0.000000000000000E+00
    6.000000000000001E-01    2.500000000000000E-01    0.000000000000000E+00
    7.000000000000001E-01    2.500000000000000E-01    0.000000000000000E+00
    8.000000000000000E-01    2.500000000000000E-01    0.000000000000000E+00
    9.000000000000000E-01    2.500000000000000E-01    0.000000000000000E+00
    1.000000000000000E+00    2.500000000000000E-01    0.000000000000000E+00
    1.100000000000000E+00    2.500000000000000E-01    0.000000000000000E+00
    1.200000000000000E+00    2.500000000000000E-01    0.000000000000000E+00
    1.300000000000000E+00    2.500000000000000E-01    0.000000000000000E+00
    1.400000000000000E+00    2.500000000000000E-01    0.000000000000000E+00
    1.500000000000000E+00    2.500000000000000E-01    0.000000000000000E+00
    1.600000000000000E+00    2.500000000000000E-01    0.000000000000000E+00
    1.700000000000000E+00    2.500000000000000E-01    0.000000000000000E+00
    1.800000000000000E+00    2.500000000000000E-01    0.000000000000000E+00
    1.900000000000000E+00    2.500000000000000E-01    0.000000000000000E+00
    2.000000000000000E+00    2.500000000000000E-01    0.000000000000000E+00
    2.100000000000000E+00    2.500000000000000E-01    0.000000000000000E+00
    2.200000000000000E+00    2.500000000000000E-01    0.000000000000000E+00
    2.300000000000000E+00    2.500000000000000E-01    0.000000000000000E+00
    2.400000000000000E+00    2.500000000000000E-01    0.000000000000000E+00
    2.500000000000000E+00    2.500000000000000E-01    0.000000000000000E+00
    2.600000000000000E+00    2.500000000000000E-01    0.000000000000000E+00
    2.700000000000000E+00    2.500000000000000E-01    0.000000000000000E+00
    2.800000000000000E+00    2.500000000000000E-01    0.000000000000000E+00
    2.900000000000000E+00    2.500000000000000E-01    0.000000000000000E+00
    3.000000000000000E+00    2.500000000000000E-01    0.000000000000000E+00
    3.100000000000000E+00    2.500000000000000E-01    0.000000000000000E+00
    3.200000000000000E+00    2.500000000000000E-01    0.000000000000000E+00
    3.300000000000000E+00    2.500000000000000E-01    0.000000000000000E+00
    3.400000000000000E+00    2.500000000000000E-01    0.000000000000000E+00
    3.500000000000000E+00    2.500000000000000E-01    0.000000000000000E+00
    3.600000000000000E+00    2.500000000000000E-01    0.000000000000000E+00
    3.700000000000000E+00    2.500000000000000E-01    0.000000000000000E+00
    3.800000000000000E+00    2.500000000000000E-01    0.000000000000000E+00
    3.900000000000000E+00    2.500000000000000E-01    0.000000000000000E+00
    4.000000000000000E+00    2.500000000000000E-01    0.000000000000000E+00
    4.100000000000001E+00    2.500000000000000E-01    0.000000000000000E+00
    4.200000000000000E+00    2.500000000000000E-01    0.000000000000000E+00
    4.300000000000000E+00    2.500000000000000E-01    0.000000000000000E+00
    4.400000000000000E+00    2.500000000000000E-01    0.000000000000000E+00
    4.500000000000000E+00    2.500000000000000E-01    0.000000000000000E+00
    4.600000000000001E+00    2.500000000000000E-01    0.000000000000000E+00
    4.700000000000000E+00    2.500000000000000E-01    0.000000000000000E+00
    4.800000000000001E+00    2.500000000000000E-01    0.000000000000000E+00
    4.900000000000000E+00    2.500000000000000E-01    0.000000000000000E+00
    5.000000000000000E+00    2.500000000000000E-01    0.000000000000000E+00
    5.100000000000001E+00    2.500000000000000E-01    0.000000000000000E+00
    5.200000000000000E+00    2.500000000000000E-01    0.000000000000000E+00
    5.300000000000001E+00    2.500000000000000E-01    0.000000000000000E+00
    5.400000000000000E+00    2.500000000000000E-01    0.000000000000000E+00
    5.500000000000000E+00    2.500000000000000E-01    0.000000000000000E+00
    5.600000000000001E+00    2.500000000000000E-01    0.000000000000000E+00
    5.700000000000000E+00    2.500000000000000E-01    0.000000000000000E+00
    5.800000000000001E+00    2.500000000000000E-01    0.000000000000000E+00
    5.900000000000000E+00    2.500000000000000E-01    0.000000000000000E+00
    6.000000000000000E+00    2.500000000000000E-01    0.000000000000000E+00
    6.100000000000001E+00    2.500000000000000E-01    0.000000000000000E+00
    6.200000000000000E+00    2.500000000000000E-01    0.000000000000000E+00
    6.300000000000001E+00    2.500000000000000E-01    0.000000000000000E+00
    6.400000000000000E+00    2.500000000000000E-01    0.000000000000000E+00
    6.500000000000000E+00    2.500000000000000E-01    0.000000000000000E+00
    6.600000000000001E+00    2.500000000000000E-01    0.000000000000000E+00
    6.700000000000000E+00    2.500000000000000E-01    0.000000000000000E+00
    6.800000000000001E+00    2.500000000000000E-01    0.000000000000000E+00
    6.900000000000000E+00    2.500000000000000E-01    0.000000000000000E+00
    7.000000000000000E+00    2.500000000000000E-01    0.000000000000000E+00
    7.100000000000001E+00    2.500000000000000E-01    0.000000000000000E+00
    7.200000000000000E+00    2.500000000000000E-01    0.000000000000000E+00
    7.300000000000001E+00    2.500000000000000E-01    0.000000000000000E+00
    7.400000000000000E+00    2.500000000000000E-01    0.000000000000000E+00
    7.500000000000000E+00    2.500000000000000E-01    0.000000000000000E+00
    7.600000000000001E+00    2.500000000000000E-01    0.000000000000000E+00
    7.700000000000000E+00    2.500000000000000E-01    0.000000000000000E+00
    7.800000000000001E+00    2.500000000000000E-01    0.000000000000000E+00
    7.900000000000000E+00    2.500000000000000E-01    0.000000000000000E+00
    8.000000000000000E+00    2.500000000000000E-01    0.000000000000000E+00
    0.000000000000000E+00    2.750000000000000E-01    0.000000000000000E+00
    1.000000000000000E-01    2.750000000000000E-01    0.000000000000000E+00
    2.000000000000000E-01    2.750000000000000E-01    0.000000000000000E+00
    3.000000000000000E-01    2.750000000000000E-01    0.000000000000000E+00
    4.000000000000000E-01    2.750000000000000E-01    0.000000000000000E+00
    5.000000000000000E-01    2.750000000000000E-01    0.000000000000000E+00
    6.000000000000001E-01    2.750000000000000E-01    0.000000000000000E+00
    7.000000000000001E-01    2.750000000000000E-01    0.000000000000000E+00
    8.000000000000000E-01    2.750000000000000E-01    0.000000000000000E+00
    9.000000000000000E-01    2.750000000000000E-01    0.000000000000000E+00
    1.000000000000000E+00    2.750000000000000E-01    0.000000000000000E+00
    1.100000000000000E+00    2.750000000000000E-01    0.000000000000000E+00
    1.200000000000000E+00    2.750000000000000E-01    0.000000000000000E+00
    1.300000000000000E+00    2.750000000000000E-01    0.000000000000000E+00
    1.400000000000000E+00    2.750000000000000E-01    0.000000000000000E+00
    1.500000000000000E+00    2.750000000000000E-01    0.000000000000000E+00
    1.600000000000000E+00    2.750000000000000E-01    0.000000000000000E+00
    1.700000000000000E+00    2.750000000000000E-01    0.000000000000000E+00
    1.800000000000000E+00    2.750000000000000E-01    0.000000000000000E+00
    1.900000000000000E+00    2.750000000000000E-01    0.000000000000000E+00
    2.000000000000000E+00    2.750000000000000E-01    0.000000000000000E+00
    2.100000000000000E+00    2.750000000000000E-01    0.000000000000000E+00
    2.200000000000000E+00    2.750000000000000E-01    0.000000000000000E+00
    2.300000000000000E+00    2.750000000000000E-01    0.000000000000000E+00
    2.400000000000000E+00    2.750000000000000E-01    0.000000000000000E+00
    2.500000000000000E+00    2.750000000000000E-01    0.000000000000000E+00
    2.600000000000000E+00    2.750000000000000E-01    0.000000000000000E+00
    2.700000000000000E+00    2.750000000000000E-01    0.000000000000000E+00
    2.800000000000000E+00    2.750000000000000E-01    0.000000000000000E+00
    2.900000000000000E+00    2.750000000000000E-01    0.000000000000000E+00
    3.000000000000000E+00    2.750000000000000E-01    0.000000000000000E+00
    3.100000000000000E+00    2.750000000000000E-01    0.000000000000000E+00
    3.200000000000000E+00    2.750000000000000E-01    0.000000000000000E+00
    3.300000000000000E+00    2.750000000000000E-01    0.000000000000000E+00
    3.400000000000000E+00    2.750000000000000E-01    0.000000000000000E+00
    3.500000000000000E+00    2.750000000000000E-01    0.000000000000000E+00
    3.600000000000000E+00    2.750000000000000E-01    0.000000000000000E+00
    3.700000000000000E+00    2.750000000000000E-01    0.000000000000000E+00
    3.800000000000000E+00    2.750000000000000E-01    0.000000000000000E+00
    3.900000000000000E+00    2.750000000000000E-01    0.000000000000000E+00
    4.000000000000000E+00    2.750000000000000E-01    0.000000000000000E+00
    4.100000000000001E+00    2.750000000000000E-01    0.000000000000000E+00
    4.200000000000000E+00    2.750000000000000E-01    0.000000000000000E+00
    4.300000000000000E+00    2.750000000000000E-01    0.000000000000000E+00
    4.400000000000000E+00    2.750000000000000E-01    0.000000000000000E+00
    4.500000000000000E+00    2.750000000000000E-01    0.000000000000000E+00
    4.600000000000001E+00    2.750000000000000E-01    0.000000000000000E+00
    4.700000000000000E+00    2.750000000000000E-01    0.000000000000000E+00
    4.800000000000001E+00    2.750000000000000E-01    0.000000000000000E+00
    4.900000000000000E+00    2.750000000000000E-01    0.000000000000000E+00
    5.000000000000000E+00    2.750000000000000E-01    0.000000000000000E+00
    5.100000000000001E+00    2.750000000000000E-01    0.000000000000000E+00
    5.200000000000000E+00    2.750000000000000E-01    0.000000000000000E+00
    5.300000000000001E+00    2.750000000000000E-01    0.000000000000000E+00
    5.400000000000000E+00    2.750000000000000E-01    0.000000000000000E+00
    5.500000000000000E+00    2.750000000000000E-01    0.000000000000000E+00
    5.600000000000001E+00    2.750000000000000E-01    0.000000000000000E+00
    5.700000000000000E+00    2.750000000000000E-01    0.000000000000000E+00
    5.800000000000001E+00    2.750000000000000E-01    0.000000000000000E+00
    5.900000000000000E+00    2.750000000000000E-01    0.000000000000000E+00
    6.000000000000000E+00    2.750000000000000E-01    0.000000000000000E+00
    6.100000000000001E+00    2.750000000000000E-01    0.000000000000000E+00
    6.200000000000000E+00    2.750000000000000E-01    0.000000000000000E+00
    6.300000000000001E+00    2.750000000000000E-01    0.000000000000000E+00
    6.400000000000000E+00    2.750000000000000E-01    0.000000000000000E+00
    6.500000000000000E+00    2.750000000000000E-01    0.000000000000000E+00
    6.600000000000001E+00    2.750000000000000E-01    0.000000000000000E+00
    6.700000000000000E+00    2.750000000000000E-01    0.000000000000000E+00
    6.800000000000001E+00    2.750000000000000E-01    0.000000000000000E+00
    6.900000000000000E+00    2.750000000000000E-01    0.000000000000000E+00
    7.000000000000000E+00    2.750000000000000E-01    0.000000000000000E+00
    7.100000000000001E+00    2.750000000000000E-01    0.000000000000000E+00
    7.200000000000000E+00    2.750000000000000E-01    0.000000000000000E+00
    7.300000000000001E+00    2.750000000000000E-01    0.000000000000000E+00
    7.400000000000000E+00    2.750000000000000E-01    0.000000000000000E+00
    7.500000000000000E+00    2.750000000000000E-01    0.000000000000000E+00
    7.600000000000001E+00    2.750000000000000E-01    0.000000000000000E+00
    7.700000000000000E+00    2.750000000000000E-01    0.000000000000000E+00
    7.800000000000001E+00    2.750000000000000E-01    0.000000000000000E+00
    7.900000000000000E+00    2.750000000000000E-01    0.000000000000000E+00
    8.000000000000000E+00    2.750000000000000E-01    0.000000000000000E+00
    0.000000000000000E+00    3.000000000000000E-01    0.000000000000000E+00
    1.000000000000000E-01    3.000000000000000E-01    0.000000000000000E+00
    2.000000000000000E-01    3.000000000000000E-01    0.000000000000000E+00
    3.000000000000000E-01    3.000000000000000E-01    0.000000000000000E+00
    4.000000000000000E-01    3.000000000000000E-01    0.000000000000000E+00
    5.000000000000000E-01    3.000000000000000E-01    0.000000000000000E+00
    6.000000000000001E-01    3.000000000000000E-01    0.000000000000000E+00
    7.000000000000001E-01    3.000000000000000E-01    0.000000000000000E+00
    8.000000000000000E-01    3.000000000000000E-01    0.000000000000000E+00
    9.000000000000000E-01    3.000000000000000E-01    0.000000000000000E+00
    1.000000000000000E+00    3.000000000000000E-01    0.000000000000000E+00
    1.100000000000000E+00    3.000000000000000E-01    0.000000000000000E+00
    1.200000000000000E+00    3.000000000000000E-01    0.000000000000000E+00
    1.300000000000000E+00    3.000000000000000E-01    0.000000000000000E+00
    1.400000000000000E+00    3.000000000000000E-01    0.000000000000000E+00
    1.500000000000000E+00    3.000000000000000E-01    0.000000000000000E+00
    1.600000000000000E+00    3.000000000000000E-01    0.000000000000000E+00
    1.700000000000000E+00    3.000000000000000E-01    0.000000000000000E+00
    1.800000000000000E+00    3.000000000000000E-01    0.000000000000000E+00
    1.900000000000000E+00    3.000000000000000E-01    0.000000000000000E+00
    2.000000000000000E+00    3.000000000000000E-01    0.000000000000000E+00
    2.100000000000000E+00    3.000000000000000E-01    0.000000000000000E+00
    2.200000000000000E+00    3.000000000000000E-01    0.000000000000000E+00
    2.300000000000000E+00    3.000000000000000E-01    0.000000000000000E+00
    2.400000000000000E+00    3.000000000000000E-01    0.000000000000000E+00
    2.500000000000000E+00    3.000000000000000E-01    0.000000000000000E+00
    2.600000000000000E+00    3.000000000000000E-01    0.000000000000000E+00
    2.700000000000000E+00    3.000000000000000E-01    0.000000000000000E+00
    2.800000000000000E+00    3.000000000000000E-01    0.000000000000000E+00
    2.900000000000000E+00    3.000000000000000E-01    0.000000000000000E+00
    3.000000000000000E+00    3.000000000000000E-01    0.000000000000000E+00
    3.100000000000000E+00    3.000000000000000E-01    0.000000000000000E+00
    3.200000000000000E+00    3.000000000000000E-01    0.000000000000000E+00
    3.300000000000000E+00    3.000000000000000E-01    0.000000000000000E+00
    3.400000000000000E+00    3.000000000000000E-01    0.000000000000000E+00
    3.500000000000000E+00    3.000000000000000E-01    0.000000000000000E+00
    3.600000000000000E+00    3.000000000000000E-01    0.000000000000000E+00
    3.700000000000000E+00    3.000000000000000E-01    0.000000000000000E+00
    3.800000000000000E+00    3.000000000000000E-01    0.000000000000000E+00
    3.900000000000000E+00    3.000000000000000E-01    0.000000000000000E+00
    4.000000000000000E+00    3.000000000000000E-01    0.000000000000000E+00
    4.100000000000001E+00    3.000000000000000E-01    0.000000000000000E+00
    4.200000000000000E+00    3.000000000000000E-01    0.000000000000000E+00
    4.300000000000000E+00    3.000000000000000E-01    0.000000000000000E+00
    4.400000000000000E+00    3.000000000000000E-01    0.000000000000000E+00
    4.500000000000000E+00    3.000000000000000E-01    0.000000000000000E+00
    4.600000000000001E+00    3.000000000000000E-01    0.000000000000000E+00
    4.700000000000000E+00    3.000000000000000E-01    0.000000000000000E+00
    4.800000000000001E+00    3.000000000000000E-01    0.000000000000000E+00
    4.900000000000000E+00    3.000000000000000E-01    0.000000000000000E+00
    5.000000000000000E+00    3.000000000000000E-01    0.000000000000000E+00
    5.100000000000001E+00    3.000000000000000E-01    0.000000000000000E+00
    5.200000000000000E+00    3.000000000000000E-01    0.000000000000000E+00
    5.300000000000001E+00    3.000000000000000E-01    0.000000000000000E+00
    5.400000000000000E+00    3.000000000000000E-01    0.000000000000000E+00
    5.500000000000000E+00    3.000000000000000E-01    0.000000000000000E+00
    5.600000000000001E+00    3.000000000000000E-01    0.000000000000000E+00
    5.700000000000000E+00    3.000000000000000E-01    0.000000000000000E+00
    5.800000000000001E+00    3.000000000000000E-01    0.000000000000000E+00
    5.900000000000000E+00    3.000000000000000E-01    0.000000000000000E+00
    6.000000000000000E+00    3.000000000000000E-01    0.000000000000000E+00
    6.100000000000001E+00    3.000000000000000E-01    0.000000000000000E+00
    6.200000000000000E+00    3.000000000000000E-01    0.000000000000000E+00
    6.300000000000001E+00    3.000000000000000E-01    0.000000000000000E+00
    6.400000000000000E+00    3.000000000000000E-01    0.000000000000000E+00
    6.500000000000000E+00    3.000000000000000E-01    0.000000000000000E+00
    6.600000000000001E+00    3.000000000000000E-01    0.000000000000000E+00
    6.700000000000000E+00    3.000000000000000E-01    0.000000000000000E+00
    6.800000000000001E+00    3.000000000000000E-01    0.000000000000000E+00
    6.900000000000000E+00    3.000000000000000E-01    0.000000000000000E+00
    7.000000000000000E+00    3.000000000000000E-01    0.000000000000000E+00
    7.100000000000001E+00    3.000000000000000E-01    0.000000000000000E+00
    7.200000000000000E+00    3.000000000000000E-01    0.000000000000000E+00
    7.300000000000001E+00    3.000000000000000E-01    0.000000000000000E+00
    7.400000000000000E+00    3.000000000000000E-01    0.000000000000000E+00
    7.500000000000000E+00    3.000000000000000E-01    0.000000000000000E+00
    7.600000000000001E+00    3.000000000000000E-01    0.000000000000000E+00
    7.700000000000000E+00    3.000000000000000E-01    0.000000000000000E+00
    7.800000000000001E+00    3.000000000000000E-01    0.000000000000000E+00
    7.900000000000000E+00    3.000000000000000E-01    0.000000000000000E+00
    8.000000000000000E+00    3.000000000000000E-01    0.000000000000000E+00
    0.000000000000000E+00    3.250000000000000E-01    0.000000000000000E+00
    1.000000000000000E-01    3.250000000000000E-01    0.000000000000000E+00
    2.000000000000000E-01    3.250000000000000E-01    0.000000000000000E+00
    3.000000000000000E-01    3.250000000000000E-01    0.000000000000000E+00
    4.000000000000000E-01    3.250000000000000E-01    0.000000000000000E+00
    5.000000000000000E-01    3.250000000000000E-01    0.000000000000000E+00
    6.000000000000001E-01    3.250000000000000E-01    0.000000000000000E+00
    7.000000000000001E-01    3.250000000000000E-01    0.000000000000000E+00
    8.000000000000000E-01    3.250000000000000E-01    0.000000000000000E+00
    9.000000000000000E-01    3.250000000000000E-01    0.000000000000000E+00
    1.000000000000000E+00    3.250000000000000E-01    0.000000000000000E+00
    1.100000000000000E+00    3.250000000000000E-01    0.000000000000000E+00
    1.200000000000000E+00    3.250000000000000E-01    0.000000000000000E+00
    1.300000000000000E+00    3.250000000000000E-01    0.000000000000000E+00
    1.400000000000000E+00    3.250000000000000E-01    0.000000000000000E+00
    1.500000000000000E+00    3.250000000000000E-01    0.000000000000000E+00
    1.600000000000000E+00    3.250000000000000E-01    0.000000000000000E+00
    1.700000000000000E+00    3.250000000000000E-01    0.000000000000000E+00
    1.800000000000000E+00    3.250000000000000E-01    0.000000000000000E+00
    1.900000000000000E+00    3.250000000000000E-01    0.000000000000000E+00
    2.000000000000000E+00    3.250000000000000E-01    0.000000000000000E+00
    2.100000000000000E+00    3.250000000000000E-01    0.000000000000000E+00
    2.200000000000000E+00    3.250000000000000E-01    0.000000000000000E+00
    2.300000000000000E+00    3.250000000000000E-01    0.000000000000000E+00
    2.400000000000000E+00    3.250000000000000E-01    0.000000000000000E+00
    2.500000000000000E+00    3.250000000000000E-01    0.000000000000000E+00
    2.600000000000000E+00    3.250000000000000E-01    0.000000000000000E+00
    2.700000000000000E+00    3.250000000000000E-01    0.000000000000000E+00
    2.800000000000000E+00    3.250000000000000E-01    0.000000000000000E+00
    2.900000000000000E+00    3.250000000000000E-01    0.000000000000000E+00
    3.000000000000000E+00    3.250000000000000E-01    0.000000000000000E+00
    3.100000000000000E+00    3.250000000000000E-01    0.000000000000000E+00
    3.200000000000000E+00    3.250000000000000E-01    0.000000000000000E+00
    3.300000000000000E+00    3.250000000000000E-01    0.000000000000000E+00
    3.400000000000000E+00    3.250000000000000E-01    0.000000000000000E+00
    3.500000000000000E+00    3.250000000000000E-01    0.000000000000000E+00
    3.600000000000000E+00    3.250000000000000E-01    0.000000000000000E+00
    3.700000000000000E+00    3.250000000000000E-01    0.000000000000000E+00
    3.800000000000000E+00    3.250000000000000E-01    0.000000000000000E+00
    3.900000000000000E+00    3.250000000000000E-01    0.000000000000000E+00
    4.000000000000000E+00    3.250000000000000E-01    0.000000000000000E+00
    4.100000000000001E+00    3.250000000000000E-01    0.000000000000000E+00
    4.200000000000000E+00    3.250000000000000E-01    0.000000000000000E+00
    4.300000000000000E+00    3.250000000000000E-01    0.000000000000000E+00
    4.400000000000000E+00    3.250000000000000E-01    0.000000000000000E+00
    4.500000000000000E+00    3.250000000000000E-01    0.000000000000000E+00
    4.600000000000001E+00    3.250000000000000E-01    0.000000000000000E+00
    4.700000000000000E+00    3.250000000000000E-01    0.000000000000000E+00
    4.800000000000001E+00    3.250000000000000E-01    0.000000000000000E+00
    4.900000000000000E+00    3.250000000000000E-01    0.000000000000000E+00
    5.000000000000000E+00    3.250000000000000E-01    0.000000000000000E+00
    5.100000000000001E+00    3.250000000000000E-01    0.000000000000000E+00
    5.200000000000000E+00    3.250000000000000E-01    0.000000000000000E+00
    5.300000000000001E+00    3.250000000000000E-01    0.000000000000000E+00
    5.400000000000000E+00    3.250000000000000E-01    0.000000000000000E+00
    5.500000000000000E+00    3.250000000000000E-01    0.000000000000000E+00
    5.600000000000001E+00    3.250000000000000E-01    0.000000000000000E+00
    5.700000000000000E+00    3.250000000000000E-01    0.000000000000000E+00
    5.800000000000001E+00    3.250000000000000E-01    0.000000000000000E+00
    5.900000000000000E+00    3.250000000000000E-01    0.000000000000000E+00
    6.000000000000000E+00    3.250000000000000E-01    0.000000000000000E+00
    6.100000000000001E+00    3.250000000000000E-01    0.000000000000000E+00
    6.200000000000000E+00    3.250000000000000E-01    0.000000000000000E+00
    6.300000000000001E+00    3.250000000000000E-01    0.000000000000000E+00
    6.400000000000000E+00    3.250000000000000E-01    0.000000000000000E+00
    6.500000000000000E+00    3.250000000000000E-01    0.000000000000000E+00
    6.600000000000001E+00    3.250000000000000E-01    0.000000000000000E+00
    6.700000000000000E+00    3.250000000000000E-01    0.000000000000000E+00
    6.800000000000001E+00    3.250000000000000E-01    0.000000000000000E+00
    6.900000000000000E+00    3.250000000000000E-01    0.000000000000000E+00
    7.000000000000000E+00    3.250000000000000E-01    0.000000000000000E+00
    7.100000000000001E+00    3.250000000000000E-01    0.000000000000000E+00
    7.200000000000000E+00    3.250000000000000E-01    0.000000000000000E+00
    7.300000000000001E+00    3.250000000000000E-01    0.000000000000000E+00
    7.400000000000000E+00    3.250000000000000E-01    0.000000000000000E+00
    7.500000000000000E+00    3.250000000000000E-01    0.000000000000000E+00
    7.600000000000001E+00    3.250000000000000E-01    0.000000000000000E+00
    7.700000000000000E+00    3.250000000000000E-01    0.000000000000000E+00
    7.800000000000001E+00    3.250000000000000E-01    0.000000000000000E+00
    7.900000000000000E+00    3.250000000000000E-01    0.000000000000000E+00
    8.000000000000000E+00    3.250000000000000E-01    0.000000000000000E+00
    0.000000000000000E+00    3.500000000000000E-01    0.000000000000000E+00
    1.000000000000000E-01    3.500000000000000E-01    0.000000000000000E+00
    2.000000000000000E-01    3.500000000000000E-01    0.000000000000000E+00
    3.000000000000000E-01    3.500000000000000E-01    0.000000000000000E+00
    4.000000000000000E-01    3.500000000000000E-01    0.000000000000000E+00
    5.000000000000000E-01    3.500000000000000E-01    0.000000000000000E+00
    6.000000000000001E-01    3.500000000000000E-01    0.000000000000000E+00
    7.000000000000001E-01    3.500000000000000E-01    0.000000000000000E+00
    8.000000000000000E-01    3.500000000000000E-01    0.000000000000000E+00
    9.000000000000000E-01    3.500000000000000E-01    0.000000000000000E+00
    1.000000000000000E+00    3.500000000000000E-01    0.000000000000000E+00
    1.100000000000000E+00    3.500000000000000E-01    0.000000000000000E+00
    1.200000000000000E+00    3.500000000000000E-01    0.000000000000000E+00
    1.300000000000000E+00    3.500000000000000E-01    0.000000000000000E+00
    1.400000000000000E+00    3.500000000000000E-01    0.000000000000000E+00
    1.500000000000000E+00    3.500000000000000E-01    0.000000000000000E+00
    1.600000000000000E+00    3.500000000000000E-01    0.000000000000000E+00
    1.700000000000000E+00    3.500000000000000E-01    0.000000000000000E+00
    1.800000000000000E+00    3.500000000000000E-01    0.000000000000000E+00
    1.900000000000000E+00    3.500000000000000E-01    0.000000000000000E+00
    2.000000000000000E+00    3.500000000000000E-01    0.000000000000000E+00
    2.100000000000000E+00    3.500000000000000E-01    0.000000000000000E+00
    2.200000000000000E+00    3.500000000000000E-01    0.000000000000000E+00
    2.300000000000000E+00    3.500000000000000E-01    0.000000000000000E+00
    2.400000000000000E+00    3.500000000000000E-01    0.000000000000000E+00
    2.500000000000000E+00    3.500000000000000E-01    0.000000000000000E+00
    2.600000000000000E+00    3.500000000000000E-01    0.000000000000000E+00
    2.700000000000000E+00    3.500000000000000E-01    0.000000000000000E+00
    2.800000000000000E+00    3.500000000000000E-01    0.000000000000000E+00
    2.900000000000000E+00    3.500000000000000E-01    0.000000000000000E+00
    3.000000000000000E+00    3.500000000000000E-01    0.000000000000000E+00
    3.100000000000000E+00    3.500000000000000E-01    0.000000000000000E+00
    3.200000000000000E+00    3.500000000000000E-01    0.000000000000000E+00
    3.300000000000000E+00    3.500000000000000E-01    0.000000000000000E+00
    3.400000000000000E+00    3.500000000000000E-01    0.000000000000000E+00
    3.500000000000000E+00    3.500000000000000E-01    0.000000000000000E+00
    3.600000000000000E+00    3.500000000000000E-01    0.000000000000000E+00
    3.700000000000000E+00    3.500000000000000E-01    0.000000000000000E+00
    3.800000000000000E+00    3.500000000000000E-01    0.000000000000000E+00
    3.900000000000000E+00    3.500000000000000E-01    0.000000000000000E+00
    4.000000000000000E+00    3.500000000000000E-01    0.000000000000000E+00
    4.100000000000001E+00    3.500000000000000E-01    0.000000000000000E+00
    4.200000000000000E+00    3.500000000000000E-01    0.000000000000000E+00
    4.300000000000000E+00    3.500000000000000E-01    0.000000000000000E+00
    4.400000000000000E+00    3.500000000000000E-01    0.000000000000000E+00
    4.500000000000000E+00    3.500000000000000E-01    0.000000000000000E+00
    4.600000000000001E+00    3.500000000000000E-01    0.000000000000000E+00
    4.700000000000000E+00    3.500000000000000E-01    0.000000000000000E+00
    4.800000000000001E+00    3.500000000000000E-01    0.000000000000000E+00
    4.900000000000000E+00    3.500000000000000E-01    0.000000000000000E+00
    5.000000000000000E+00    3.500000000000000E-01    0.000000000000000E+00
    5.100000000000001E+00    3.500000000000000E-01    0.000000000000000E+00
    5.200000000000000E+00    3.500000000000000E-01    0.000000000000000E+00
    5.300000000000001E+00    3.500000000000000E-01    0.000000000000000E+00
    5.400000000000000E+00    3.500000000000000E-01    0.000000000000000E+00
    5.500000000000000E+00    3.500000000000000E-01    0.000000000000000E+00
    5.600000000000001E+00    3.500000000000000E-01    0.000000000000000E+00
    5.700000000000000E+00    3.500000000000000E-01    0.000000000000000E+00
    5.800000000000001E+00    3.500000000000000E-01    0.000000000000000E+00
    5.900000000000000E+00    3.500000000000000E-01    0.000000000000000E+00
    6.000000000000000E+00    3.500000000000000E-01    0.000000000000000E+00
    6.100000000000001E+00    3.500000000000000E-01    0.000000000000000E+00
    6.200000000000000E+00    3.500000000000000E-01    0.000000000000000E+00
    6.300000000000001E+00    3.500000000000000E-01    0.000000000000000E+00
    6.400000000000000E+00    3.500000000000000E-01    0.000000000000000E+00
    6.500000000000000E+00    3.500000000000000E-01    0.000000000000000E+00
    6.600000000000001E+00    3.500000000000000E-01    0.000000000000000E+00
    6.700000000000000E+00    3.500000000000000E-01    0.000000000000000E+00
    6.800000000000001E+00    3.500000000000000E-01    0.000000000000000E+00
    6.900000000000000E+00    3.500000000000000E-01    0.000000000000000E+00
    7.000000000000000E+00    3.500000000000000E-01    0.000000000000000E+00
    7.100000000000001E+00    3.500000000000000E-01    0.000000000000000E+00
    7.200000000000000E+00    3.500000000000000E-01    0.000000000000000E+00
    7.300000000000001E+00    3.500000000000000E-01    0.000000000000000E+00
    7.400000000000000E+00    3.500000000000000E-01    0.000000000000000E+00
    7.500000000000000E+00    3.500000000000000E-01    0.000000000000000E+00
    7.600000000000001E+00    3.500000000000000E-01    0.000000000000000E+00
    7.700000000000000E+00    3.500000000000000E-01    0.000000000000000E+00
    7.800000000000001E+00    3.500000000000000E-01    0.000000000000000E+00
    7.900000000000000E+00    3.500000000000000E-01    0.000000000000000E+00
    8.000000000000000E+00    3.500000000000000E-01    0.000000000000000E+00
    0.000000000000000E+00    3.750000000000000E-01    0.000000000000000E+00
    1.000000000000000E-01    3.750000000000000E-01    0.000000000000000E+00
    2.000000000000000E-01    3.750000000000000E-01    0.000000000000000E+00
    3.000000000000000E-01    3.750000000000000E-01    0.000000000000000E+00
    4.000000000000000E-01    3.750000000000000E-01    0.000000000000000E+00
    5.000000000000000E-01    3.750000000000000E-01    0.000000000000000E+00
    6.000000000000001E-01    3.750000000000000E-01    0.000000000000000E+00
    7.000000000000001E-01    3.750000000000000E-01    0.000000000000000E+00
    8.000000000000000E-01    3.750000000000000E-01    0.000000000000000E+00
    9.000000000000000E-01    3.750000000000000E-01    0.000000000000000E+00
    1.000000000000000E+00    3.750000000000000E-01    0.000000000000000E+00
    1.100000000000000E+00    3.750000000000000E-01    0.000000000000000E+00
    1.200000000000000E+00    3.750000000000000E-01    0.000000000000000E+00
    1.300000000000000E+00    3.750000000000000E-01    0.000000000000000E+00
    1.400000000000000E+00    3.750000000000000E-01    0.000000000000000E+00
    1.500000000000000E+00    3.750000000000000E-01    0.000000000000000E+00
    1.600000000000000E+00    3.750000000000000E-01    0.000000000000000E+00
    1.700000000000000E+00    3.750000000000000E-01    0.000000000000000E+00
    1.800000000000000E+00    3.750000000000000E-01    0.000000000000000E+00
    1.900000000000000E+00    3.750000000000000E-01    0.000000000000000E+00
    2.000000000000000E+00    3.750000000000000E-01    0.000000000000000E+00
    2.100000000000000E+00    3.750000000000000E-01    0.000000000000000E+00
    2.200000000000000E+00    3.750000000000000E-01    0.000000000000000E+00
    2.300000000000000E+00    3.750000000000000E-01    0.000000000000000E+00
    2.400000000000000E+00    3.750000000000000E-01    0.000000000000000E+00
    2.500000000000000E+00    3.750000000000000E-01    0.000000000000000E+00
    2.600000000000000E+00    3.750000000000000E-01    0.000000000000000E+00
    2.700000000000000E+00    3.750000000000000E-01    0.000000000000000E+00
    2.800000000000000E+00    3.750000000000000E-01    0.000000000000000E+00
    2.900000000000000E+00    3.750000000000000E-01    0.000000000000000E+00
    3.000000000000000E+00    3.750000000000000E-01    0.000000000000000E+00
    3.100000000000000E+00    3.750000000000000E-01    0.000000000000000E+00
    3.200000000000000E+00    3.750000000000000E-01    0.000000000000000E+00
    3.300000000000000E+00    3.750000000000000E-01    0.000000000000000E+00
    3.400000000000000E+00    3.750000000000000E-01    0.000000000000000E+00
    3.500000000000000E+00    3.750000000000000E-01    0.000000000000000E+00
    3.600000000000000E+00    3.750000000000000E-01    0.000000000000000E+00
    3.700000000000000E+00    3.750000000000000E-01    0.000000000000000E+00
    3.800000000000000E+00    3.750000000000000E-01    0.000000000000000E+00
    3.900000000000000E+00    3.750000000000000E-01    0.000000000000000E+00
    4.000000000000000E+00    3.750000000000000E-01    0.000000000000000E+00
    4.100000000000001E+00    3.750000000000000E-01    0.000000000000000E+00
    4.200000000000000E+00    3.750000000000000E-01    0.000000000000000E+00
    4.300000000000000E+00    3.750000000000000E-01    0.000000000000000E+00
    4.400000000000000E+00    3.750000000000000E-01    0.000000000000000E+00
    4.500000000000000E+00    3.750000000000000E-01    0.000000000000000E+00
    4.600000000000001E+00    3.750000000000000E-01    0.000000000000000E+00
    4.700000000000000E+00    3.750000000000000E-01    0.000000000000000E+00
    4.800000000000001E+00    3.750000000000000E-01    0.000000000000000E+00
    4.900000000000000E+00    3.750000000000000E-01    0.000000000000000E+00
    5.000000000000000E+00    3.750000000000000E-01    0.000000000000000E+00
    5.100000000000001E+00    3.750000000000000E-01    0.000000000000000E+00
    5.200000000000000E+00    3.750000000000000E-01    0.000000000000000E+00
    5.300000000000001E+00    3.750000000000000E-01    0.000000000000000E+00
    5.400000000000000E+00    3.750000000000000E-01    0.000000000000000E+00
    5.500000000000000E+00    3.750000000000000E-01    0.000000000000000E+00
    5.600000000000001E+00    3.750000000000000E-01    0.000000000000000E+00
    5.700000000000000E+00    3.750000000000000E-01    0.000000000000000E+00
    5.800000000000001E+00    3.750000000000000E-01    0.000000000000000E+00
    5.900000000000000E+00    3.750000000000000E-01    0.000000000000000E+00
    6.000000000000000E+00    3.750000000000000E-01    0.000000000000000E+00
    6.100000000000001E+00    3.750000000000000E-01    0.000000000000000E+00
    6.200000000000000E+00    3.750000000000000E-01    0.000000000000000E+00
    6.300000000000001E+00    3.750000000000000E-01    0.000000000000000E+00
    6.400000000000000E+00    3.750000000000000E-01    0.000000000000000E+00
    6.500000000000000E+00    3.750000000000000E-01    0.000000000000000E+00
    6.600000000000001E+00    3.750000000000000E-01    0.000000000000000E+00
    6.700000000000000E+00    3.750000000000000E-01    0.000000000000000E+00
    6.800000000000001E+00    3.750000000000000E-01    0.000000000000000E+00
    6.900000000000000E+00    3.750000000000000E-01    0.000000000000000E+00
    7.000000000000000E+00    3.750000000000000E-01    0.000000000000000E+00
    7.100000000000001E+00    3.750000000000000E-01    0.000000000000000E+00
    7.200000000000000E+00    3.750000000000000E-01    0.000000000000000E+00
    7.300000000000001E+00    3.750000000000000E-01    0.000000000000000E+00
    7.400000000000000E+00    3.750000000000000E-01    0.000000000000000E+00
    7.500000000000000E+00    3.750000000000000E-01    0.000000000000000E+00
    7.600000000000001E+00    3.750000000000000E-01    0.000000000000000E+00
    7.700000000000000E+00    3.750000000000000E-01    0.000000000000000E+00
    7.800000000000001E+00    3.750000000000000E-01    0.000000000000000E+00
    7.900000000000000E+00    3.750000000000000E-01    0.000000000000000E+00
    8.000000000000000E+00    3.750000000000000E-01    0.000000000000000E+00
    0.000000000000000E+00    4.000000000000000E-01    0.000000000000000E+00
    1.000000000000000E-01    4.000000000000000E-01    0.000000000000000E+00
    2.000000000000000E-01    4.000000000000000E-01    0.000000000000000E+00
    3.000000000000000E-01    4.000000000000000E-01    0.000000000000000E+00
    4.000000000000000E-01    4.000000000000000E-01    0.000000000000000E+00
    5.000000000000000E-01    4.000000000000000E-01    0.000000000000000E+00
    6.000000000000001E-01    4.000000000000000E-01    0.000000000000000E+00
    7.000000000000001E-01    4.000000000000000E-01    0.000000000000000E+00
    8.000000000000000E-01    4.000000000000000E-01    0.000000000000000E+00
    9.000000000000000E-01    4.000000000000000E-01    0.000000000000000E+00
    1.000000000000000E+00    4.000000000000000E-01    0.000000000000000E+00
    1.100000000000000E+00    4.000000000000000E-01    0.000000000000000E+00
    1.200000000000000E+00    4.000000000000000E-01    0.000000000000000E+00
    1.300000000000000E+00    4.000000000000000E-01    0.000000000000000E+00
    1.400000000000000E+00    4.000000000000000E-01    0.000000000000000E+00
    1.500000000000000E+00    4.000000000000000E-01    0.000000000000000E+00
    1.600000000000000E+00    4.000000000000000E-01    0.000000000000000E+00
    1.700000000000000E+00    4.000000000000000E-01    0.000000000000000E+00
    1.800000000000000E+00    4.000000000000000E-01    0.000000000000000E+00
    1.900000000000000E+00    4.000000000000000E-01    0.000000000000000E+00
    2.000000000000000E+00    4.000000000000000E-01    0.000000000000000E+00
    2.100000000000000E+00    4.000000000000000E-01    0.000000000000000E+00
    2.200000000000000E+00    4.000000000000000E-01    0.000000000000000E+00
    2.300000000000000E+00    4.000000000000000E-01    0.000000000000000E+00
    2.400000000000000E+00    4.000000000000000E-01    0.000000000000000E+00
    2.500000000000000E+00    4.000000000000000E-01    0.000000000000000E+00
    2.600000000000000E+00    4.000000000000000E-01    0.000000000000000E+00
    2.700000000000000E+00    4.000000000000000E-01    0.000000000000000E+00
    2.800000000000000E+00    4.000000000000000E-01    0.000000000000000E+00
    2.900000000000000E+00    4.000000000000000E-01    0.000000000000000E+00
    3.000000000000000E+00    4.000000000000000E-01    0.000000000000000E+00
    3.100000000000000E+00    4.000000000000000E-01    0.000000000000000E+00
    3.200000000000000E+00    4.000000000000000E-01    0.000000000000000E+00
    3.300000000000000E+00    4.000000000000000E-01    0.000000000000000E+00
    3.400000000000000E+00    4.000000000000000E-01    0.000000000000000E+00
    3.500000000000000E+00    4.000000000000000E-01    0.000000000000000E+00
    3.600000000000000E+00    4.000000000000000E-01    0.000000000000000E+00
    3.700000000000000E+00    4.000000000000000E-01    0.000000000000000E+00
    3.800000000000000E+00    4.000000000000000E-01    0.000000000000000E+00
    3.900000000000000E+00    4.000000000000000E-01    0.000000000000000E+00
    4.000000000000000E+00    4.000000000000000E-01    0.000000000000000E+00
    4.100000000000001E+00    4.000000000000000E-01    0.000000000000000E+00
    4.200000000000000E+00    4.000000000000000E-01    0.000000000000000E+00
    4.300000000000000E+00    4.000000000000000E-01    0.000000000000000E+00
    4.400000000000000E+00    4.000000000000000E-01    0.000000000000000E+00
    4.500000000000000E+00    4.000000000000000E-01    0.000000000000000E+00
    4.600000000000001E+00    4.000000000000000E-01    0.000000000000000E+00
    4.700000000000000E+00    4.000000000000000E-01    0.000000000000000E+00
    4.800000000000001E+00    4.000000000000000E-01    0.000000000000000E+00
    4.900000000000000E+00    4.000000000000000E-01    0.000000000000000E+00
    5.000000000000000E+00    4.000000000000000E-01    0.000000000000000E+00
    5.100000000000001E+00    4.000000000000000E-01    0.000000000000000E+00
    5.200000000000000E+00    4.000000000000000E-01    0.000000000000000E+00
    5.300000000000001E+00    4.000000000000000E-01    0.000000000000000E+00
    5.400000000000000E+00    4.000000000000000E-01    0.000000000000000E+00
    5.500000000000000E+00    4.000000000000000E-01    0.000000000000000E+00
    5.600000000000001E+00    4.000000000000000E-01    0.000000000000000E+00
    5.700000000000000E+00    4.000000000000000E-01    0.000000000000000E+00
    5.800000000000001E+00    4.000000000000000E-01    0.000000000000000E+00
    5.900000000000000E+00    4.000000000000000E-01    0.000000000000000E+00
    6.000000000000000E+00    4.000000000000000E-01    0.000000000000000E+00
    6.100000000000001E+00    4.000000000000000E-01    0.000000000000000E+00
    6.200000000000000E+00    4.000000000000000E-01    0.000000000000000E+00
    6.300000000000001E+00    4.000000000000000E-01    0.000000000000000E+00
    6.400000000000000E+00    4.000000000000000E-01    0.000000000000000E+00
    6.500000000000000E+00    4.000000000000000E-01    0.000000000000000E+00
    6.600000000000001E+00    4.000000000000000E-01    0.000000000000000E+00
    6.700000000000000E+00    4.000000000000000E-01    0.000000000000000E+00
    6.800000000000001E+00    4.000000000000000E-01    0.000000000000000E+00
    6.900000000000000E+00    4.000000000000000E-01    0.000000000000000E+00
    7.000000000000000E+00    4.000000000000000E-01    0.000000000000000E+00
    7.100000000000001E+00    4.000000000000000E-01    0.000000000000000E+00
    7.200000000000000E+00    4.000000000000000E-01    0.000000000000000E+00
    7.300000000000001E+00    4.000000000000000E-01    0.000000000000000E+00
    7.400000000000000E+00    4.000000000000000E-01    0.000000000000000E+00
    7.500000000000000E+00    4.000000000000000E-01    0.000000000000000E+00
    7.600000000000001E+00    4.000000000000000E-01    0.000000000000000E+00
    7.700000000000000E+00    4.000000000000000E-01    0.000000000000000E+00
    7.800000000000001E+00    4.000000000000000E-01    0.000000000000000E+00
    7.900000000000000E+00    4.000000000000000E-01    0.000000000000000E+00
    8.000000000000000E+00    4.000000000000000E-01    0.000000000000000E+00
    0.000000000000000E+00    4.250000000000000E-01    0.000000000000000E+00
    1.000000000000000E-01    4.250000000000000E-01    0.000000000000000E+00
    2.000000000000000E-01    4.250000000000000E-01    0.000000000000000E+00
    3.000000000000000E-01    4.250000000000000E-01    0.000000000000000E+00
    4.000000000000000E-01    4.250000000000000E-01    0.000000000000000E+00
    5.000000000000000E-01    4.250000000000000E-01    0.000000000000000E+00
    6.000000000000001E-01    4.250000000000000E-01    0.000000000000000E+00
    7.000000000000001E-01    4.250000000000000E-01    0.000000000000000E+00
    8.000000000000000E-01    4.250000000000000E-01    0.000000000000000E+00
    9.000000000000000E-01    4.250000000000000E-01    0.000000000000000E+00
    1.000000000000000E+00    4.250000000000000E-01    0.000000000000000E+00
    1.100000000000000E+00    4.250000000000000E-01    0.000000000000000E+00
    1.200000000000000E+00    4.250000000000000E-01    0.000000000000000E+00
    1.300000000000000E+00    4.250000000000000E-01    0.000000000000000E+00
    1.400000000000000E+00    4.250000000000000E-01    0.000000000000000E+00
    1.500000000000000E+00    4.250000000000000E-01    0.000000000000000E+00
    1.600000000000000E+00    4.250000000000000E-01    0.000000000000000E+00
    1.700000000000000E+00    4.250000000000000E-01    0.000000000000000E+00
    1.800000000000000E+00    4.250000000000000E-01    0.000000000000000E+00
    1.900000000000000E+00    4.250000000000000E-01    0.000000000000000E+00
    2.000000000000000E+00    4.250000000000000E-01    0.000000000000000E+00
    2.100000000000000E+00    4.250000000000000E-01    0.000000000000000E+00
    2.200000000000000E+00    4.250000000000000E-01    0.000000000000000E+00
    2.300000000000000E+00    4.250000000000000E-01    0.000000000000000E+00
    2.400000000000000E+00    4.250000000000000E-01    0.000000000000000E+00
    2.500000000000000E+00    4.250000000000000E-01    0.000000000000000E+00
    2.600000000000000E+00    4.250000000000000E-01    0.000000000000000E+00
    2.700000000000000E+00    4.250000000000000E-01    0.000000000000000E+00
    2.800000000000000E+00    4.250000000000000E-01    0.000000000000000E+00
    2.900000000000000E+00    4.250000000000000E-01    0.000000000000000E+00
    3.000000000000000E+00    4.250000000000000E-01    0.000000000000000E+00
    3.100000000000000E+00    4.250000000000000E-01    0.000000000000000E+00
    3.200000000000000E+00    4.250000000000000E-01    0.000000000000000E+00
    3.300000000000000E+00    4.250000000000000E-01    0.000000000000000E+00
    3.400000000000000E+00    4.250000000000000E-01    0.000000000000000E+00
    3.500000000000000E+00    4.250000000000000E-01    0.000000000000000E+00
    3.600000000000000E+00    4.250000000000000E-01    0.000000000000000E+00
    3.700000000000000E+00    4.250000000000000E-01    0.000000000000000E+00
    3.800000000000000E+00    4.250000000000000E-01    0.000000000000000E+00
    3.900000000000000E+00    4.250000000000000E-01    0.000000000000000E+00
    4.000000000000000E+00    4.250000000000000E-01    0.000000000000000E+00
    4.100000000000001E+00    4.250000000000000E-01    0.000000000000000E+00
    4.200000000000000E+00    4.250000000000000E-01    0.000000000000000E+00
    4.300000000000000E+00    4.250000000000000E-01    0.000000000000000E+00
    4.400000000000000E+00    4.250000000000000E-01    0.000000000000000E+00
    4.500000000000000E+00    4.250000000000000E-01    0.000000000000000E+00
    4.600000000000001E+00    4.250000000000000E-01    0.000000000000000E+00
    4.700000000000000E+00    4.250000000000000E-01    0.000000000000000E+00
    4.800000000000001E+00    4.250000000000000E-01    0.000000000000000E+00
    4.900000000000000E+00    4.250000000000000E-01    0.000000000000000E+00
    5.000000000000000E+00    4.250000000000000E-01    0.000000000000000E+00
    5.100000000000001E+00    4.250000000000000E-01    0.000000000000000E+00
    5.200000000000000E+00    4.250000000000000E-01    0.000000000000000E+00
    5.300000000000001E+00    4.250000000000000E-01    0.000000000000000E+00
    5.400000000000000E+00    4.250000000000000E-01    0.000000000000000E+00
    5.500000000000000E+00    4.250000000000000E-01    0.000000000000000E+00
    5.600000000000001E+00    4.250000000000000E-01    0.000000000000000E+00
    5.700000000000000E+00    4.250000000000000E-01    0.000000000000000E+00
    5.800000000000001E+00    4.250000000000000E-01    0.000000000000000E+00
    5.900000000000000E+00    4.250000000000000E-01    0.000000000000000E+00
    6.000000000000000E+00    4.250000000000000E-01    0.000000000000000E+00
    6.100000000000001E+00    4.250000000000000E-01    0.000000000000000E+00
    6.200000000000000E+00    4.250000000000000E-01    0.000000000000000E+00
    6.300000000000001E+00    4.250000000000000E-01    0.000000000000000E+00
    6.400000000000000E+00    4.250000000000000E-01    0.000000000000000E+00
    6.500000000000000E+00    4.250000000000000E-01    0.000000000000000E+00
    6.600000000000001E+00    4.250000000000000E-01    0.000000000000000E+00
    6.700000000000000E+00    4.250000000000000E-01    0.000000000000000E+00
    6.800000000000001E+00    4.250000000000000E-01    0.000000000000000E+00
    6.900000000000000E+00    4.250000000000000E-01    0.000000000000000E+00
    7.000000000000000E+00    4.250000000000000E-01    0.000000000000000E+00
    7.100000000000001E+00    4.250000000000000E-01    0.000000000000000E+00
    7.200000000000000E+00    4.250000000000000E-01    0.000000000000000E+00
    7.300000000000001E+00    4.250000000000000E-01    0.000000000000000E+00
    7.400000000000000E+00    4.250000000000000E-01    0.000000000000000E+00
    7.500000000000000E+00    4.250000000000000E-01    0.000000000000000E+00
    7.600000000000001E+00    4.250000000000000E-01    0.000000000000000E+00
    7.700000000000000E+00    4.250000000000000E-01    0.000000000000000E+00
    7.800000000000001E+00    4.250000000000000E-01    0.000000000000000E+00
    7.900000000000000E+00    4.250000000000000E-01    0.000000000000000E+00
    8.000000000000000E+00    4.250000000000000E-01    0.000000000000000E+00
    0.000000000000000E+00    4.500000000000000E-01    0.000000000000000E+00
    1.000000000000000E-01    4.500000000000000E-01    0.000000000000000E+00
    2.000000000000000E-01    4.500000000000000E-01    0.000000000000000E+00
    3.000000000000000E-01    4.500000000000000E-01    0.000000000000000E+00
    4.000000000000000E-01    4.500000000000000E-01    0.000000000000000E+00
    5.000000000000000E-01    4.500000000000000E-01    0.000000000000000E+00
    6.000000000000001E-01    4.500000000000000E-01    0.000000000000000E+00
    7.000000000000001E-01    4.500000000000000E-01    0.000000000000000E+00
    8.000000000000000E-01    4.500000000000000E-01    0.000000000000000E+00
    9.000000000000000E-01    4.500000000000000E-01    0.000000000000000E+00
    1.000000000000000E+00    4.500000000000000E-01    0.000000000000000E+00
    1.100000000000000E+00    4.500000000000000E-01    0.000000000000000E+00
    1.200000000000000E+00    4.500000000000000E-01    0.000000000000000E+00
    1.300000000000000E+00    4.500000000000000E-01    0.000000000000000E+00
    1.400000000000000E+00    4.500000000000000E-01    0.000000000000000E+00
    1.500000000000000E+00    4.500000000000000E-01    0.000000000000000E+00
    1.600000000000000E+00    4.500000000000000E-01    0.000000000000000E+00
    1.700000000000000E+00    4.500000000000000E-01    0.000000000000000E+00
    1.800000000000000E+00    4.500000000000000E-01    0.000000000000000E+00
    1.900000000000000E+00    4.500000000000000E-01    0.000000000000000E+00
    2.000000000000000E+00    4.500000000000000E-01    0.000000000000000E+00
    2.100000000000000E+00    4.500000000000000E-01    0.000000000000000E+00
    2.200000000000000E+00    4.500000000000000E-01    0.000000000000000E+00
    2.300000000000000E+00    4.500000000000000E-01    0.000000000000000E+00
    2.400000000000000E+00    4.500000000000000E-01    0.000000000000000E+00
    2.500000000000000E+00    4.500000000000000E-01    0.000000000000000E+00
    2.600000000000000E+00    4.500000000000000E-01    0.000000000000000E+00
    2.700000000000000E+00    4.500000000000000E-01    0.000000000000000E+00
    2.800000000000000E+00    4.500000000000000E-01    0.000000000000000E+00
    2.900000000000000E+00    4.500000000000000E-01    0.000000000000000E+00
    3.000000000000000E+00    4.500000000000000E-01    0.000000000000000E+00
    3.100000000000000E+00    4.500000000000000E-01    0.000000000000000E+00
    3.200000000000000E+00    4.500000000000000E-01    0.000000000000000E+00
    3.300000000000000E+00    4.500000000000000E-01    0.000000000000000E+00
    3.400000000000000E+00    4.500000000000000E-01    0.000000000000000E+00
    3.500000000000000E+00    4.500000000000000E-01    0.000000000000000E+00
    3.600000000000000E+00    4.500000000000000E-01    0.000000000000000E+00
    3.700000000000000E+00    4.500000000000000E-01    0.000000000000000E+00
    3.800000000000000E+00    4.500000000000000E-01    0.000000000000000E+00
    3.900000000000000E+00    4.500000000000000E-01    0.000000000000000E+00
    4.000000000000000E+00    4.500000000000000E-01    0.000000000000000E+00
    4.100000000000001E+00    4.500000000000000E-01    0.000000000000000E+00
    4.200000000000000E+00    4.500000000000000E-01    0.000000000000000E+00
    4.300000000000000E+00    4.500000000000000E-01    0.000000000000000E+00
    4.400000000000000E+00    4.500000000000000E-01    0.000000000000000E+00
    4.500000000000000E+00    4.500000000000000E-01    0.000000000000000E+00
    4.600000000000001E+00    4.500000000000000E-01    0.000000000000000E+00
    4.700000000000000E+00    4.500000000000000E-01    0.000000000000000E+00
    4.800000000000001E+00    4.500000000000000E-01    0.000000000000000E+00
    4.900000000000000E+00    4.500000000000000E-01    0.000000000000000E+00
    5.000000000000000E+00    4.500000000000000E-01    0.000000000000000E+00
    5.100000000000001E+00    4.500000000000000E-01    0.000000000000000E+00
    5.200000000000000E+00    4.500000000000000E-01    0.000000000000000E+00
    5.300000000000001E+00    4.500000000000000E-01    0.000000000000000E+00
    5.400000000000000E+00    4.500000000000000E-01    0.000000000000000E+00
    5.500000000000000E+00    4.500000000000000E-01    0.000000000000000E+00
    5.600000000000001E+00    4.500000000000000E-01    0.000000000000000E+00
    5.700000000000000E+00    4.500000000000000E-01    0.000000000000000E+00
    5.800000000000001E+00    4.500000000000000E-01    0.000000000000000E+00
    5.900000000000000E+00    4.500000000000000E-01    0.000000000000000E+00
    6.000000000000000E+00    4.500000000000000E-01    0.000000000000000E+00
    6.100000000000001E+00    4.500000000000000E-01    0.000000000000000E+00
    6.200000000000000E+00    4.500000000000000E-01    0.000000000000000E+00
    6.300000000000001E+00    4.500000000000000E-01    0.000000000000000E+00
    6.400000000000000E+00    4.500000000000000E-01    0.000000000000000E+00
    6.500000000000000E+00    4.500000000000000E-01    0.000000000000000E+00
    6.600000000000001E+00    4.500000000000000E-01    0.000000000000000E+00
    6.700000000000000E+00    4.500000000000000E-01    0.000000000000000E+00
    6.800000000000001E+00    4.500000000000000E-01    0.000000000000000E+00
    6.900000000000000E+00    4.500000000000000E-01    0.000000000000000E+00
    7.000000000000000E+00    4.500000000000000E-01    0.000000000000000E+00
    7.100000000000001E+00    4.500000000000000E-01    0.000000000000000E+00
    7.200000000000000E+00    4.500000000000000E-01    0.000000000000000E+00
    7.300000000000001E+00    4.500000000000000E-01    0.000000000000000E+00
    7.400000000000000E+00    4.500000000000000E-01    0.000000000000000E+00
    7.500000000000000E+00    4.500000000000000E-01    0.000000000000000E+00
    7.600000000000001E+00    4.500000000000000E-01    0.000000000000000E+00
    7.700000000000000E+00    4.500000000000000E-01    0.000000000000000E+00
    7.800000000000001E+00    4.500000000000000E-01    0.000000000000000E+00
    7.900000000000000E+00    4.500000000000000E-01    0.000000000000000E+00
    8.000000000000000E+00    4.500000000000000E-01    0.000000000000000E+00
    0.000000000000000E+00    4.750000000000000E-01    0.000000000000000E+00
    1.000000000000000E-01    4.750000000000000E-01    0.000000000000000E+00
    2.000000000000000E-01    4.750000000000000E-01    0.000000000000000E+00
    3.000000000000000E-01    4.750000000000000E-01    0.000000000000000E+00
    4.000000000000000E-01    4.750000000000000E-01    0.000000000000000E+00
    5.000000000000000E-01    4.750000000000000E-01    0.000000000000000E+00
    6.000000000000001E-01    4.750000000000000E-01    0.000000000000000E+00
    7.000000000000001E-01    4.750000000000000E-01    0.000000000000000E+00
    8.000000000000000E-01    4.750000000000000E-01    0.000000000000000E+00
    9.000000000000000E-01    4.750000000000000E-01    0.000000000000000E+00
    1.000000000000000E+00    4.750000000000000E-01    0.000000000000000E+00
    1.100000000000000E+00    4.750000000000000E-01    0.000000000000000E+00
    1.200000000000000E+00    4.750000000000000E-01    0.000000000000000E+00
    1.300000000000000E+00    4.750000000000000E-01    0.000000000000000E+00
    1.400000000000000E+00    4.750000000000000E-01    0.000000000000000E+00
    1.500000000000000E+00    4.750000000000000E-01    0.000000000000000E+00
    1.600000000000000E+00    4.750000000000000E-01    0.000000000000000E+00
    1.700000000000000E+00    4.750000000000000E-01    0.000000000000000E+00
    1.800000000000000E+00    4.750000000000000E-01    0.000000000000000E+00
    1.900000000000000E+00    4.750000000000000E-01    0.000000000000000E+00
    2.000000000000000E+00    4.750000000000000E-01    0.000000000000000E+00
    2.100000000000000E+00    4.750000000000000E-01    0.000000000000000E+00
    2.200000000000000E+00    4.750000000000000E-01    0.000000000000000E+00
    2.300000000000000E+00    4.750000000000000E-01    0.000000000000000E+00
    2.400000000000000E+00    4.750000000000000E-01    0.000000000000000E+00
    2.500000000000000E+00    4.750000000000000E-01    0.000000000000000E+00
    2.600000000000000E+00    4.750000000000000E-01    0.000000000000000E+00
    2.700000000000000E+00    4.750000000000000E-01    0.000000000000000E+00
    2.800000000000000E+00    4.750000000000000E-01    0.000000000000000E+00
    2.900000000000000E+00    4.750000000000000E-01    0.000000000000000E+00
    3.000000000000000E+00    4.750000000000000E-01    0.000000000000000E+00
    3.100000000000000E+00    4.750000000000000E-01    0.000000000000000E+00
    3.200000000000000E+00    4.750000000000000E-01    0.000000000000000E+00
    3.300000000000000E+00    4.750000000000000E-01    0.000000000000000E+00
    3.400000000000000E+00    4.750000000000000E-01    0.000000000000000E+00
    3.500000000000000E+00    4.750000000000000E-01    0.000000000000000E+00
    3.600000000000000E+00    4.750000000000000E-01    0.000000000000000E+00
    3.700000000000000E+00    4.750000000000000E-01    0.000000000000000E+00
    3.800000000000000E+00    4.750000000000000E-01    0.000000000000000E+00
    3.900000000000000E+00    4.750000000000000E-01    0.000000000000000E+00
    4.000000000000000E+00    4.750000000000000E-01    0.000000000000000E+00
    4.100000000000001E+00    4.750000000000000E-01    0.000000000000000E+00
    4.200000000000000E+00    4.750000000000000E-01    0.000000000000000E+00
    4.300000000000000E+00    4.750000000000000E-01    0.000000000000000E+00
    4.400000000000000E+00    4.750000000000000E-01    0.000000000000000E+00
    4.500000000000000E+00    4.750000000000000E-01    0.000000000000000E+00
    4.600000000000001E+00    4.750000000000000E-01    0.000000000000000E+00
    4.700000000000000E+00    4.750000000000000E-01    0.000000000000000E+00
    4.800000000000001E+00    4.750000000000000E-01    0.000000000000000E+00
    4.900000000000000E+00    4.750000000000000E-01    0.000000000000000E+00
    5.000000000000000E+00    4.750000000000000E-01    0.000000000000000E+00
    5.100000000000001E+00    4.750000000000000E-01    0.000000000000000E+00
    5.200000000000000E+00    4.750000000000000E-01    0.000000000000000E+00
    5.300000000000001E+00    4.750000000000000E-01    0.000000000000000E+00
    5.400000000000000E+00    4.750000000000000E-01    0.000000000000000E+00
    5.500000000000000E+00    4.750000000000000E-01    0.000000000000000E+00
    5.600000000000001E+00    4.750000000000000E-01    0.000000000000000E+00
    5.700000000000000E+00    4.750000000000000E-01    0.000000000000000E+00
    5.800000000000001E+00    4.750000000000000E-01    0.000000000000000E+00
    5.900000000000000E+00    4.750000000000000E-01    0.000000000000000E+00
    6.000000000000000E+00    4.750000000000000E-01    0.000000000000000E+00
    6.100000000000001E+00    4.750000000000000E-01    0.000000000000000E+00
    6.200000000000000E+00    4.750000000000000E-01    0.000000000000000E+00
    6.300000000000001E+00    4.750000000000000E-01    0.000000000000000E+00
    6.400000000000000E+00    4.750000000000000E-01    0.000000000000000E+00
    6.500000000000000E+00    4.750000000000000E-01    0.000000000000000E+00
    6.600000000000001E+00    4.750000000000000E-01    0.000000000000000E+00
    6.700000000000000E+00    4.750000000000000E-01    0.000000000000000E+00
    6.800000000000001E+00    4.750000000000000E-01    0.000000000000000E+00
    6.900000000000000E+00    4.750000000000000E-01    0.000000000000000E+00
    7.000000000000000E+00    4.750000000000000E-01    0.000000000000000E+00
    7.100000000000001E+00    4.750000000000000E-01    0.000000000000000E+00
    7.200000000000000E+00    4.750000000000000E-01    0.000000000000000E+00
    7.300000000000001E+00    4.750000000000000E-01    0.000000000000000E+00
    7.400000000000000E+00    4.750000000000000E-01    0.000000000000000E+00
    7.500000000000000E+00    4.750000000000000E-01    0.000000000000000E+00
    7.600000000000001E+00    4.750000000000000E-01    0.000000000000000E+00
    7.700000000000000E+00    4.750000000000000E-01    0.000000000000000E+00
    7.800000000000001E+00    4.750000000000000E-01    0.000000000000000E+00
    7.900000000000000E+00    4.750000000000000E-01    0.000000000000000E+00
    8.000000000000000E+00    4.750000000000000E-01    0.000000000000000E+00
    0.000000000000000E+00    5.000000000000000E-01    0.000000000000000E+00
    1.000000000000000E-01    5.000000000000000E-01    0.000000000000000E+00
    2.000000000000000E-01    5.000000000000000E-01    0.000000000000000E+00
    3.000000000000000E-01    5.000000000000000E-01    0.000000000000000E+00
    4.000000000000000E-01    5.000000000000000E-01    0.000000000000000E+00
    5.000000000000000E-01    5.000000000000000E-01    0.000000000000000E+00
    6.000000000000001E-01    5.000000000000000E-01    0.000000000000000E+00
    7.000000000000001E-01    5.000000000000000E-01    0.000000000000000E+00
    8.000000000000000E-01    5.000000000000000E-01    0.000000000000000E+00
    9.000000000000000E-01    5.000000000000000E-01    0.000000000000000E+00
    1.000000000000000E+00    5.000000000000000E-01    0.000000000000000E+00
    1.100000000000000E+00    5.000000000000000E-01    0.000000000000000E+00
    1.200000000000000E+00    5.000000000000000E-01    0.000000000000000E+00
    1.300000000000000E+00    5.000000000000000E-01    0.000000000000000E+00
    1.400000000000000E+00    5.000000000000000E-01    0.000000000000000E+00
    1.500000000000000E+00    5.000000000000000E-01    0.000000000000000E+00
    1.600000000000000E+00    5.000000000000000E-01    0.000000000000000E+00
    1.700000000000000E+00    5.000000000000000E-01    0.000000000000000E+00
    1.800000000000000E+00    5.000000000000000E-01    0.000000000000000E+00
    1.900000000000000E+00    5.000000000000000E-01    0.000000000000000E+00
    2.000000000000000E+00    5.000000000000000E-01    0.000000000000000E+00
    2.100000000000000E+00    5.000000000000000E-01    0.000000000000000E+00
    2.200000000000000E+00    5.000000000000000E-01    0.000000000000000E+00
    2.300000000000000E+00    5.000000000000000E-01    0.000000000000000E+00
    2.400000000000000E+00    5.000000000000000E-01    0.000000000000000E+00
    2.500000000000000E+00    5.000000000000000E-01    0.000000000000000E+00
    2.600000000000000E+00    5.000000000000000E-01    0.000000000000000E+00
    2.700000000000000E+00    5.000000000000000E-01    0.000000000000000E+00
    2.800000000000000E+00    5.000000000000000E-01    0.000000000000000E+00
    2.900000000000000E+00    5.000000000000000E-01    0.000000000000000E+00
    3.000000000000000E+00    5.000000000000000E-01    0.000000000000000E+00
    3.100000000000000E+00    5.000000000000000E-01    0.000000000000000E+00
    3.200000000000000E+00    5.000000000000000E-01    0.000000000000000E+00
    3.300000000000000E+00    5.000000000000000E-01    0.000000000000000E+00
    3.400000000000000E+00    5.000000000000000E-01    0.000000000000000E+00
    3.500000000000000E+00    5.000000000000000E-01    0.000000000000000E+00
    3.600000000000000E+00    5.000000000000000E-01    0.000000000000000E+00
    3.700000000000000E+00    5.000000000000000E-01    0.000000000000000E+00
    3.800000000000000E+00    5.000000000000000E-01    0.000000000000000E+00
    3.900000000000000E+00    5.000000000000000E-01    0.000000000000000E+00
    4.000000000000000E+00    5.000000000000000E-01    0.000000000000000E+00
    4.100000000000001E+00    5.000000000000000E-01    0.000000000000000E+00
    4.200000000000000E+00    5.000000000000000E-01    0.000000000000000E+00
    4.300000000000000E+00    5.000000000000000E-01    0.000000000000000E+00
    4.400000000000000E+00    5.000000000000000E-01    0.000000000000000E+00
    4.500000000000000E+00    5.000000000000000E-01    0.000000000000000E+00
    4.600000000000001E+00    5.000000000000000E-01    0.000000000000000E+00
    4.700000000000000E+00    5.000000000000000E-01    0.000000000000000E+00
    4.800000000000001E+00    5.000000000000000E-01    0.000000000000000E+00
    4.900000000000000E+00    5.000000000000000E-01    0.000000000000000E+00
    5.000000000000000E+00    5.000000000000000E-01    0.000000000000000E+00
    5.100000000000001E+00    5.000000000000000E-01    0.000000000000000E+00
    5.200000000000000E+00    5.000000000000000E-01    0.000000000000000E+00
    5.300000000000001E+00    5.000000000000000E-01    0.000000000000000E+00
    5.400000000000000E+00    5.000000000000000E-01    0.000000000000000E+00
    5.500000000000000E+00    5.000000000000000E-01    0.000000000000000E+00
    5.600000000000001E+00    5.000000000000000E-01    0.000000000000000E+00
    5.700000000000000E+00    5.000000000000000E-01    0.000000000000000E+00
    5.800000000000001E+00    5.000000000000000E-01    0.000000000000000E+00
    5.900000000000000E+00    5.000000000000000E-01    0.000000000000000E+00
    6.000000000000000E+00    5.000000000000000E-01    0.000000000000000E+00
    6.100000000000001E+00    5.000000000000000E-01    0.000000000000000E+00
    6.200000000000000E+00    5.000000000000000E-01    0.000000000000000E+00
    6.300000000000001E+00    5.000000000000000E-01    0.000000000000000E+00
    6.400000000000000E+00    5.000000000000000E-01    0.000000000000000E+00
    6.500000000000000E+00    5.000000000000000E-01    0.000000000000000E+00
    6.600000000000001E+00    5.000000000000000E-01    0.000000000000000E+00
    6.700000000000000E+00    5.000000000000000E-01    0.000000000000000E+00
    6.800000000000001E+00    5.000000000000000E-01    0.000000000000000E+00
    6.900000000000000E+00    5.000000000000000E-01    0.000000000000000E+00
    7.000000000000000E+00    5.000000000000000E-01    0.000000000000000E+00
    7.100000000000001E+00    5.000000000000000E-01    0.000000000000000E+00
    7.200000000000000E+00    5.000000000000000E-01    0.000000000000000E+00
    7.300000000000001E+00    5.000000000000000E-01    0.000000000000000E+00
    7.400000000000000E+00    5.000000000000000E-01    0.000000000000000E+00
    7.500000000000000E+00    5.000000000000000E-01    0.000000000000000E+00
    7.600000000000001E+00    5.000000000000000E-01    0.000000000000000E+00
    7.700000000000000E+00    5.000000000000000E-01    0.000000000000000E+00
    7.800000000000001E+00    5.000000000000000E-01    0.000000000000000E+00
    7.900000000000000E+00    5.000000000000000E-01    0.000000000000000E+00
    8.000000000000000E+00    5.000000000000000E-01    0.000000000000000E+00
    0.000000000000000E+00    5.250000000000000E-01    0.000000000000000E+00
    1.000000000000000E-01    5.250000000000000E-01    0.000000000000000E+00
    2.000000000000000E-01    5.250000000000000E-01    0.000000000000000E+00
    3.000000000000000E-01    5.250000000000000E-01    0.000000000000000E+00
    4.000000000000000E-01    5.250000000000000E-01    0.000000000000000E+00
    5.000000000000000E-01    5.250000000000000E-01    0.000000000000000E+00
    6.000000000000001E-01    5.250000000000000E-01    0.000000000000000E+00
    7.000000000000001E-01    5.250000000000000E-01    0.000000000000000E+00
    8.000000000000000E-01    5.250000000000000E-01    0.000000000000000E+00
    9.000000000000000E-01    5.250000000000000E-01    0.000000000000000E+00
    1.000000000000000E+00    5.250000000000000E-01    0.000000000000000E+00
    1.100000000000000E+00    5.250000000000000E-01    0.000000000000000E+00
    1.200000000000000E+00    5.250000000000000E-01    0.000000000000000E+00
    1.300000000000000E+00    5.250000000000000E-01    0.000000000000000E+00
    1.400000000000000E+00    5.250000000000000E-01    0.000000000000000E+00
    1.500000000000000E+00    5.250000000000000E-01    0.000000000000000E+00
    1.600000000000000E+00    5.250000000000000E-01    0.000000000000000E+00
    1.700000000000000E+00    5.250000000000000E-01    0.000000000000000E+00
    1.800000000000000E+00    5.250000000000000E-01    0.000000000000000E+00
    1.900000000000000E+00    5.250000000000000E-01    0.000000000000000E+00
    2.000000000000000E+00    5.250000000000000E-01    0.000000000000000E+00
    2.100000000000000E+00    5.250000000000000E-01    0.000000000000000E+00
    2.200000000000000E+00    5.250000000000000E-01    0.000000000000000E+00
    2.300000000000000E+00    5.250000000000000E-01    0.000000000000000E+00
    2.400000000000000E+00    5.250000000000000E-01    0.000000000000000E+00
    2.500000000000000E+00    5.250000000000000E-01    0.000000000000000E+00
    2.600000000000000E+00    5.250000000000000E-01    0.000000000000000E+00
    2.700000000000000E+00    5.250000000000000E-01    0.000000000000000E+00
    2.800000000000000E+00    5.250000000000000E-01    0.000000000000000E+00
    2.900000000000000E+00    5.250000000000000E-01    0.000000000000000E+00
    3.000000000000000E+00    5.250000000000000E-01    0.000000000000000E+00
    3.100000000000000E+00    5.250000000000000E-01    0.000000000000000E+00
    3.200000000000000E+00    5.250000000000000E-01    0.000000000000000E+00
    3.300000000000000E+00    5.250000000000000E-01    0.000000000000000E+00
    3.400000000000000E+00    5.250000000000000E-01    0.000000000000000E+00
    3.500000000000000E+00    5.250000000000000E-01    0.000000000000000E+00
    3.600000000000000E+00    5.250000000000000E-01    0.000000000000000E+00
    3.700000000000000E+00    5.250000000000000E-01    0.000000000000000E+00
    3.800000000000000E+00    5.250000000000000E-01    0.000000000000000E+00
    3.900000000000000E+00    5.250000000000000E-01    0.000000000000000E+00
    4.000000000000000E+00    5.250000000000000E-01    0.000000000000000E+00
    4.100000000000001E+00    5.250000000000000E-01    0.000000000000000E+00
    4.200000000000000E+00    5.250000000000000E-01    0.000000000000000E+00
    4.300000000000000E+00    5.250000000000000E-01    0.000000000000000E+00
    4.400000000000000E+00    5.250000000000000E-01    0.000000000000000E+00
    4.500000000000000E+00    5.250000000000000E-01    0.000000000000000E+00
    4.600000000000001E+00    5.250000000000000E-01    0.000000000000000E+00
    4.700000000000000E+00    5.250000000000000E-01    0.000000000000000E+00
    4.800000000000001E+00    5.250000000000000E-01    0.000000000000000E+00
    4.900000000000000E+00    5.250000000000000E-01    0.000000000000000E+00
    5.000000000000000E+00    5.250000000000000E-01    0.000000000000000E+00
    5.100000000000001E+00    5.250000000000000E-01    0.000000000000000E+00
    5.200000000000000E+00    5.250000000000000E-01    0.000000000000000E+00
    5.300000000000001E+00    5.250000000000000E-01    0.000000000000000E+00
    5.400000000000000E+00    5.250000000000000E-01    0.000000000000000E+00
    5.500000000000000E+00    5.250000000000000E-01    0.000000000000000E+00
    5.600000000000001E+00    5.250000000000000E-01    0.000000000000000E+00
    5.700000000000000E+00    5.250000000000000E-01    0.000000000000000E+00
    5.800000000000001E+00    5.250000000000000E-01    0.000000000000000E+00
    5.900000000000000E+00    5.250000000000000E-01    0.000000000000000E+00
    6.000000000000000E+00    5.250000000000000E-01    0.000000000000000E+00
    6.100000000000001E+00    5.250000000000000E-01    0.000000000000000E+00
    6.200000000000000E+00    5.250000000000000E-01    0.000000000000000E+00
    6.300000000000001E+00    5.250000000000000E-01    0.000000000000000E+00
    6.400000000000000E+00    5.250000000000000E-01    0.000000000000000E+00
    6.500000000000000E+00    5.250000000000000E-01    0.000000000000000E+00
    6.600000000000001E+00    5.250000000000000E-01    0.000000000000000E+00
    6.700000000000000E+00    5.250000000000000E-01    0.000000000000000E+00
    6.800000000000001E+00    5.250000000000000E-01    0.000000000000000E+00
    6.900000000000000E+00    5.250000000000000E-01    0.000000000000000E+00
    7.000000000000000E+00    5.250000000000000E-01    0.000000000000000E+00
    7.100000000000001E+00    5.250000000000000E-01    0.000000000000000E+00
    7.200000000000000E+00    5.250000000000000E-01    0.000000000000000E+00
    7.300000000000001E+00    5.250000000000000E-01    0.000000000000000E+00
    7.400000000000000E+00    5.250000000000000E-01    0.000000000000000E+00
    7.500000000000000E+00    5.250000000000000E-01    0.000000000000000E+00
    7.600000000000001E+00    5.250000000000000E-01    0.000000000000000E+00
    7.700000000000000E+00    5.250000000000000E-01    0.000000000000000E+00
    7.800000000000001E+00    5.250000000000000E-01    0.000000000000000E+00
    7.900000000000000E+00    5.250000000000000E-01    0.000000000000000E+00
    8.000000000000000E+00    5.250000000000000E-01    0.000000000000000E+00
    0.000000000000000E+00    5.500000000000000E-01    0.000000000000000E+00
    1.000000000000000E-01    5.500000000000000E-01    0.000000000000000E+00
    2.000000000000000E-01    5.500000000000000E-01    0.000000000000000E+00
    3.000000000000000E-01    5.500000000000000E-01    0.000000000000000E+00
    4.000000000000000E-01    5.500000000000000E-01    0.000000000000000E+00
    5.000000000000000E-01    5.500000000000000E-01    0.000000000000000E+00
    6.000000000000001E-01    5.500000000000000E-01    0.000000000000000E+00
    7.000000000000001E-01    5.500000000000000E-01    0.000000000000000E+00
    8.000000000000000E-01    5.500000000000000E-01    0.000000000000000E+00
    9.000000000000000E-01    5.500000000000000E-01    0.000000000000000E+00
    1.000000000000000E+00    5.500000000000000E-01    0.000000000000000E+00
    1.100000000000000E+00    5.500000000000000E-01    0.000000000000000E+00
    1.200000000000000E+00    5.500000000000000E-01    0.000000000000000E+00
    1.300000000000000E+00    5.500000000000000E-01    0.000000000000000E+00
    1.400000000000000E+00    5.500000000000000E-01    0.000000000000000E+00
    1.500000000000000E+00    5.500000000000000E-01    0.000000000000000E+00
    1.600000000000000E+00    5.500000000000000E-01    0.000000000000000E+00
    1.700000000000000E+00    5.500000000000000E-01    0.000000000000000E+00
    1.800000000000000E+00    5.500000000000000E-01    0.000000000000000E+00
    1.900000000000000E+00    5.500000000000000E-01    0.000000000000000E+00
    2.000000000000000E+00    5.500000000000000E-01    0.000000000000000E+00
    2.100000000000000E+00    5.500000000000000E-01    0.000000000000000E+00
    2.200000000000000E+00    5.500000000000000E-01    0.000000000000000E+00
    2.300000000000000E+00    5.500000000000000E-01    0.000000000000000E+00
    2.400000000000000E+00    5.500000000000000E-01    0.000000000000000E+00
    2.500000000000000E+00    5.500000000000000E-01    0.000000000000000E+00
    2.600000000000000E+00    5.500000000000000E-01    0.000000000000000E+00
    2.700000000000000E+00    5.500000000000000E-01    0.000000000000000E+00
    2.800000000000000E+00    5.500000000000000E-01    0.000000000000000E+00
    2.900000000000000E+00    5.500000000000000E-01    0.000000000000000E+00
    3.000000000000000E+00    5.500000000000000E-01    0.000000000000000E+00
    3.100000000000000E+00    5.500000000000000E-01    0.000000000000000E+00
    3.200000000000000E+00    5.500000000000000E-01    0.000000000000000E+00
    3.300000000000000E+00    5.500000000000000E-01    0.000000000000000E+00
    3.400000000000000E+00    5.500000000000000E-01    0.000000000000000E+00
    3.500000000000000E+00    5.500000000000000E-01    0.000000000000000E+00
    3.600000000000000E+00    5.500000000000000E-01    0.000000000000000E+00
    3.700000000000000E+00    5.500000000000000E-01    0.000000000000000E+00
    3.800000000000000E+00    5.500000000000000E-01    0.000000000000000E+00
    3.900000000000000E+00    5.500000000000000E-01    0.000000000000000E+00
    4.000000000000000E+00    5.500000000000000E-01    0.000000000000000E+00
    4.100000000000001E+00    5.500000000000000E-01    0.000000000000000E+00
    4.200000000000000E+00    5.500000000000000E-01    0.000000000000000E+00
    4.300000000000000E+00    5.500000000000000E-01    0.000000000000000E+00
    4.400000000000000E+00    5.500000000000000E-01    0.000000000000000E+00
    4.500000000000000E+00    5.500000000000000E-01    0.000000000000000E+00
    4.600000000000001E+00    5.500000000000000E-01    0.000000000000000E+00
    4.700000000000000E+00    5.500000000000000E-01    0.000000000000000E+00
    4.800000000000001E+00    5.500000000000000E-01    0.000000000000000E+00
    4.900000000000000E+00    5.500000000000000E-01    0.000000000000000E+00
    5.000000000000000E+00    5.500000000000000E-01    0.000000000000000E+00
    5.100000000000001E+00    5.500000000000000E-01    0.000000000000000E+00
    5.200000000000000E+00    5.500000000000000E-01    0.000000000000000E+00
    5.300000000000001E+00    5.500000000000000E-01    0.000000000000000E+00
    5.400000000000000E+00    5.500000000000000E-01    0.000000000000000E+00
    5.500000000000000E+00    5.500000000000000E-01    0.000000000000000E+00
    5.600000000000001E+00    5.500000000000000E-01    0.000000000000000E+00
    5.700000000000000E+00    5.500000000000000E-01    0.000000000000000E+00
    5.800000000000001E+00    5.500000000000000E-01    0.000000000000000E+00
    5.900000000000000E+00    5.500000000000000E-01    0.000000000000000E+00
    6.000000000000000E+00    5.500000000000000E-01    0.000000000000000E+00
    6.100000000000001E+00    5.500000000000000E-01    0.000000000000000E+00
    6.200000000000000E+00    5.500000000000000E-01    0.000000000000000E+00
    6.300000000000001E+00    5.500000000000000E-01    0.000000000000000E+00
    6.400000000000000E+00    5.500000000000000E-01    0.000000000000000E+00
    6.500000000000000E+00    5.500000000000000E-01    0.000000000000000E+00
    6.600000000000001E+00    5.500000000000000E-01    0.000000000000000E+00
    6.700000000000000E+00    5.500000000000000E-01    0.000000000000000E+00
    6.800000000000001E+00    5.500000000000000E-01    0.000000000000000E+00
    6.900000000000000E+00    5.500000000000000E-01    0.000000000000000E+00
    7.000000000000000E+00    5.500000000000000E-01    0.000000000000000E+00
    7.100000000000001E+00    5.500000000000000E-01    0.000000000000000E+00
    7.200000000000000E+00    5.500000000000000E-01    0.000000000000000E+00
    7.300000000000001E+00    5.500000000000000E-01    0.000000000000000E+00
    7.400000000000000E+00    5.500000000000000E-01    0.000000000000000E+00
    7.500000000000000E+00    5.500000000000000E-01    0.000000000000000E+00
    7.600000000000001E+00    5.500000000000000E-01    0.000000000000000E+00
    7.700000000000000E+00    5.500000000000000E-01    0.000000000000000E+00
    7.800000000000001E+00    5.500000000000000E-01    0.000000000000000E+00
    7.900000000000000E+00    5.500000000000000E-01    0.000000000000000E+00
    8.000000000000000E+00    5.500000000000000E-01    0.000000000000000E+00
    0.000000000000000E+00    5.750000000000001E-01    0.000000000000000E+00
    1.000000000000000E-01    5.750000000000001E-01    0.000000000000000E+00
    2.000000000000000E-01    5.750000000000001E-01    0.000000000000000E+00
    3.000000000000000E-01    5.750000000000001E-01    0.000000000000000E+00
    4.000000000000000E-01    5.750000000000001E-01    0.000000000000000E+00
    5.000000000000000E-01    5.750000000000001E-01    0.000000000000000E+00
    6.000000000000001E-01    5.750000000000001E-01    0.000000000000000E+00
    7.000000000000001E-01    5.750000000000001E-01    0.000000000000000E+00
    8.000000000000000E-01    5.750000000000001E-01    0.000000000000000E+00
    9.000000000000000E-01    5.750000000000001E-01    0.000000000000000E+00
    1.000000000000000E+00    5.750000000000001E-01    0.000000000000000E+00
    1.100000000000000E+00    5.750000000000001E-01    0.000000000000000E+00
    1.200000000000000E+00    5.750000000000001E-01    0.000000000000000E+00
    1.300000000000000E+00    5.750000000000001E-01    0.000000000000000E+00
    1.400000000000000E+00    5.750000000000001E-01    0.000000000000000E+00
    1.500000000000000E+00    5.750000000000001E-01    0.000000000000000E+00
    1.600000000000000E+00    5.750000000000001E-01    0.000000000000000E+00
    1.700000000000000E+00    5.750000000000001E-01    0.000000000000000E+00
    1.800000000000000E+00    5.750000000000001E-01    0.000000000000000E+00
    1.900000000000000E+00    5.750000000000001E-01    0.000000000000000E+00
    2.000000000000000E+00    5.750000000000001E-01    0.000000000000000E+00
    2.100000000000000E+00    5.750000000000001E-01    0.000000000000000E+00
    2.200000000000000E+00    5.750000000000001E-01    0.000000000000000E+00
    2.300000000000000E+00    5.750000000000001E-01    0.000000000000000E+00
    2.400000000000000E+00    5.750000000000001E-01    0.000000000000000E+00
    2.500000000000000E+00    5.750000000000001E-01    0.000000000000000E+00
    2.600000000000000E+00    5.750000000000001E-01    0.000000000000000E+00
    2.700000000000000E+00    5.750000000000001E-01    0.000000000000000E+00
    2.800000000000000E+00    5.750000000000001E-01    0.000000000000000E+00
    2.900000000000000E+00    5.750000000000001E-01    0.000000000000000E+00
    3.000000000000000E+00    5.750000000000001E-01    0.000000000000000E+00
    3.100000000000000E+00    5.750000000000001E-01    0.000000000000000E+00
    3.200000000000000E+00    5.750000000000001E-01    0.000000000000000E+00
    3.300000000000000E+00    5.750000000000001E-01    0.000000000000000E+00
    3.400000000000000E+00    5.750000000000001E-01    0.000000000000000E+00
    3.500000000000000E+00    5.750000000000001E-01    0.000000000000000E+00
    3.600000000000000E+00    5.750000000000001E-01    0.000000000000000E+00
    3.700000000000000E+00    5.750000000000001E-01    0.000000000000000E+00
    3.800000000000000E+00    5.750000000000001E-01    0.000000000000000E+00
    3.900000000000000E+00    5.750000000000001E-01    0.000000000000000E+00
    4.000000000000000E+00    5.750000000000001E-01    0.000000000000000E+00
    4.100000000000001E+00    5.750000000000001E-01    0.000000000000000E+00
    4.200000000000000E+00    5.750000000000001E-01    0.000000000000000E+00
    4.300000000000000E+00    5.750000000000001E-01    0.000000000000000E+00
    4.400000000000000E+00    5.750000000000001E-01    0.000000000000000E+00
    4.500000000000000E+00    5.750000000000001E-01    0.000000000000000E+00
    4.600000000000001E+00    5.750000000000001E-01    0.000000000000000E+00
    4.700000000000000E+00    5.750000000000001E-01    0.000000000000000E+00
    4.800000000000001E+00    5.750000000000001E-01    0.000000000000000E+00
    4.900000000000000E+00    5.750000000000001E-01    0.000000000000000E+00
    5.000000000000000E+00    5.750000000000001E-01    0.000000000000000E+00
    5.100000000000001E+00    5.750000000000001E-01    0.000000000000000E+00
    5.200000000000000E+00    5.750000000000001E-01    0.000000000000000E+00
    5.300000000000001E+00    5.750000000000001E-01    0.000000000000000E+00
    5.400000000000000E+00    5.750000000000001E-01    0.000000000000000E+00
    5.500000000000000E+00    5.750000000000001E-01    0.000000000000000E+00
    5.600000000000001E+00    5.750000000000001E-01    0.000000000000000E+00
    5.700000000000000E+00    5.750000000000001E-01    0.000000000000000E+00
    5.800000000000001E+00    5.750000000000001E-01    0.000000000000000E+00
    5.900000000000000E+00    5.750000000000001E-01    0.000000000000000E+00
    6.000000000000000E+00    5.750000000000001E-01    0.000000000000000E+00
    6.100000000000001E+00    5.750000000000001E-01    0.000000000000000E+00
    6.200000000000000E+00    5.750000000000001E-01    0.000000000000000E+00
    6.300000000000001E+00    5.750000000000001E-01    0.000000000000000E+00
    6.400000000000000E+00    5.750000000000001E-01    0.000000000000000E+00
    6.500000000000000E+00    5.750000000000001E-01    0.000000000000000E+00
    6.600000000000001E+00    5.750000000000001E-01    0.000000000000000E+00
    6.700000000000000E+00    5.750000000000001E-01    0.000000000000000E+00
    6.800000000000001E+00    5.750000000000001E-01    0.000000000000000E+00
    6.900000000000000E+00    5.750000000000001E-01    0.000000000000000E+00
    7.000000000000000E+00    5.750000000000001E-01    0.000000000000000E+00
    7.100000000000001E+00    5.750000000000001E-01    0.000000000000000E+00
    7.200000000000000E+00    5.750000000000001E-01    0.000000000000000E+00
    7.300000000000001E+00    5.750000000000001E-01    0.000000000000000E+00
    7.400000000000000E+00    5.750000000000001E-01    0.000000000000000E+00
    7.500000000000000E+00    5.750000000000001E-01    0.000000000000000E+00
    7.600000000000001E+00    5.750000000000001E-01    0.000000000000000E+00
    7.700000000000000E+00    5.750000000000001E-01    0.000000000000000E+00
    7.800000000000001E+00    5.750000000000001E-01    0.000000000000000E+00
    7.900000000000000E+00    5.750000000000001E-01    0.000000000000000E+00
    8.000000000000000E+00    5.750000000000001E-01    0.000000000000000E+00
    0.000000000000000E+00    6.000000000000001E-01    0.000000000000000E+00
    1.000000000000000E-01    6.000000000000001E-01    0.000000000000000E+00
    2.000000000000000E-01    6.000000000000001E-01    0.000000000000000E+00
    3.000000000000000E-01    6.000000000000001E-01    0.000000000000000E+00
    4.000000000000000E-01    6.000000000000001E-01    0.000000000000000E+00
    5.000000000000000E-01    6.000000000000001E-01    0.000000000000000E+00
    6.000000000000001E-01    6.000000000000001E-01    0.000000000000000E+00
    7.000000000000001E-01    6.000000000000001E-01    0.000000000000000E+00
    8.000000000000000E-01    6.000000000000001E-01    0.000000000000000E+00
    9.000000000000000E-01    6.000000000000001E-01    0.000000000000000E+00
    1.000000000000000E+00    6.000000000000001E-01    0.000000000000000E+00
    1.100000000000000E+00    6.000000000000001E-01    0.000000000000000E+00
    1.200000000000000E+00    6.000000000000001E-01    0.000000000000000E+00
    1.300000000000000E+00    6.000000000000001E-01    0.000000000000000E+00
    1.400000000000000E+00    6.000000000000001E-01    0.000000000000000E+00
    1.500000000000000E+00    6.000000000000001E-01    0.000000000000000E+00
    1.600000000000000E+00    6.000000000000001E-01    0.000000000000000E+00
    1.700000000000000E+00    6.000000000000001E-01    0.000000000000000E+00
    1.800000000000000E+00    6.000000000000001E-01    0.000000000000000E+00
    1.900000000000000E+00    6.000000000000001E-01    0.000000000000000E+00
    2.000000000000000E+00    6.000000000000001E-01    0.000000000000000E+00
    2.100000000000000E+00    6.000000000000001E-01    0.000000000000000E+00
    2.200000000000000E+00    6.000000000000001E-01    0.000000000000000E+00
    2.300000000000000E+00    6.000000000000001E-01    0.000000000000000E+00
    2.400000000000000E+00    6.000000000000001E-01    0.000000000000000E+00
    2.500000000000000E+00    6.000000000000001E-01    0.000000000000000E+00
    2.600000000000000E+00    6.000000000000001E-01    0.000000000000000E+00
    2.700000000000000E+00    6.000000000000001E-01    0.000000000000000E+00
    2.800000000000000E+00    6.000000000000001E-01    0.000000000000000E+00
    2.900000000000000E+00    6.000000000000001E-01    0.000000000000000E+00
    3.000000000000000E+00    6.000000000000001E-01    0.000000000000000E+00
    3.100000000000000E+00    6.000000000000001E-01    0.000000000000000E+00
    3.200000000000000E+00    6.000000000000001E-01    0.000000000000000E+00
    3.300000000000000E+00    6.000000000000001E-01    0.000000000000000E+00
    3.400000000000000E+00    6.000000000000001E-01    0.000000000000000E+00
    3.500000000000000E+00    6.000000000000001E-01    0.000000000000000E+00
    3.600000000000000E+00    6.000000000000001E-01    0.000000000000000E+00
    3.700000000000000E+00    6.000000000000001E-01    0.000000000000000E+00
    3.800000000000000E+00    6.000000000000001E-01    0.000000000000000E+00
    3.900000000000000E+00    6.000000000000001E-01    0.000000000000000E+00
    4.000000000000000E+00    6.000000000000001E-01    0.000000000000000E+00
    4.100000000000001E+00    6.000000000000001E-01    0.000000000000000E+00
    4.200000000000000E+00    6.000000000000001E-01    0.000000000000000E+00
    4.300000000000000E+00    6.000000000000001E-01    0.000000000000000E+00
    4.400000000000000E+00    6.000000000000001E-01    0.000000000000000E+00
    4.500000000000000E+00    6.000000000000001E-01    0.000000000000000E+00
    4.600000000000001E+00    6.000000000000001E-01    0.000000000000000E+00
    4.700000000000000E+00    6.000000000000001E-01    0.000000000000000E+00
    4.800000000000001E+00    6.000000000000001E-01    0.000000000000000E+00
    4.900000000000000E+00    6.000000000000001E-01    0.000000000000000E+00
    5.000000000000000E+00    6.000000000000001E-01    0.000000000000000E+00
    5.100000000000001E+00    6.000000000000001E-01    0.000000000000000E+00
    5.200000000000000E+00    6.000000000000001E-01    0.000000000000000E+00
    5.300000000000001E+00    6.000000000000001E-01    0.000000000000000E+00
    5.400000000000000E+00    6.000000000000001E-01    0.000000000000000E+00
    5.500000000000000E+00    6.000000000000001E-01    0.000000000000000E+00
    5.600000000000001E+00    6.000000000000001E-01    0.000000000000000E+00
    5.700000000000000E+00    6.000000000000001E-01    0.000000000000000E+00
    5.800000000000001E+00    6.000000000000001E-01    0.000000000000000E+00
    5.900000000000000E+00    6.000000000000001E-01    0.000000000000000E+00
    6.000000000000000E+00    6.000000000000001E-01    0.000000000000000E+00
    6.100000000000001E+00    6.000000000000001E-01    0.000000000000000E+00
    6.200000000000000E+00    6.000000000000001E-01    0.000000000000000E+00
    6.300000000000001E+00    6.000000000000001E-01    0.000000000000000E+00
    6.400000000000000E+00    6.000000000000001E-01    0.000000000000000E+00
    6.500000000000000E+00    6.000000000000001E-01    0.000000000000000E+00
    6.600000000000001E+00    6.000000000000001E-01    0.000000000000000E+00
    6.700000000000000E+00    6.000000000000001E-01    0.000000000000000E+00
    6.800000000000001E+00    6.000000000000001E-01    0.000000000000000E+00
    6.900000000000000E+00    6.000000000000001E-01    0.000000000000000E+00
    7.000000000000000E+00    6.000000000000001E-01    0.000000000000000E+00
    7.100000000000001E+00    6.000000000000001E-01    0.000000000000000E+00
    7.200000000000000E+00    6.000000000000001E-01    0.000000000000000E+00
    7.300000000000001E+00    6.000000000000001E-01    0.000000000000000E+00
    7.400000000000000E+00    6.000000000000001E-01    0.000000000000000E+00
    7.500000000000000E+00    6.000000000000001E-01    0.000000000000000E+00
    7.600000000000001E+00    6.000000000000001E-01    0.000000000000000E+00
    7.700000000000000E+00    6.000000000000001E-01    0.000000000000000E+00
    7.800000000000001E+00    6.000000000000001E-01    0.000000000000000E+00
    7.900000000000000E+00    6.000000000000001E-01    0.000000000000000E+00
    8.000000000000000E+00    6.000000000000001E-01    0.000000000000000E+00
    0.000000000000000E+00    6.250000000000000E-01    0.000000000000000E+00
    1.000000000000000E-01    6.250000000000000E-01    0.000000000000000E+00
    2.000000000000000E-01    6.250000000000000E-01    0.000000000000000E+00
    3.000000000000000E-01    6.250000000000000E-01    0.000000000000000E+00
    4.000000000000000E-01    6.250000000000000E-01    0.000000000000000E+00
    5.000000000000000E-01    6.250000000000000E-01    0.000000000000000E+00
    6.000000000000001E-01    6.250000000000000E-01    0.000000000000000E+00
    7.000000000000001E-01    6.250000000000000E-01    0.000000000000000E+00
    8.000000000000000E-01    6.250000000000000E-01    0.000000000000000E+00
    9.000000000000000E-01    6.250000000000000E-01    0.000000000000000E+00
    1.000000000000000E+00    6.250000000000000E-01    0.000000000000000E+00
    1.100000000000000E+00    6.250000000000000E-01    0.000000000000000E+00
    1.200000000000000E+00    6.250000000000000E-01    0.000000000000000E+00
    1.300000000000000E+00    6.250000000000000E-01    0.000000000000000E+00
    1.400000000000000E+00    6.250000000000000E-01    0.000000000000000E+00
    1.500000000000000E+00    6.250000000000000E-01    0.000000000000000E+00
    1.600000000000000E+00    6.250000000000000E-01    0.000000000000000E+00
    1.700000000000000E+00    6.250000000000000E-01    0.000000000000000E+00
    1.800000000000000E+00    6.250000000000000E-01    0.000000000000000E+00
    1.900000000000000E+00    6.250000000000000E-01    0.000000000000000E+00
    2.000000000000000E+00    6.250000000000000E-01    0.000000000000000E+00
    2.100000000000000E+00    6.250000000000000E-01    0.000000000000000E+00
    2.200000000000000E+00    6.250000000000000E-01    0.000000000000000E+00
    2.300000000000000E+00    6.250000000000000E-01    0.000000000000000E+00
    2.400000000000000E+00    6.250000000000000E-01    0.000000000000000E+00
    2.500000000000000E+00    6.250000000000000E-01    0.000000000000000E+00
    2.600000000000000E+00    6.250000000000000E-01    0.000000000000000E+00
    2.700000000000000E+00    6.250000000000000E-01    0.000000000000000E+00
    2.800000000000000E+00    6.250000000000000E-01    0.000000000000000E+00
    2.900000000000000E+00    6.250000000000000E-01    0.000000000000000E+00
    3.000000000000000E+00    6.250000000000000E-01    0.000000000000000E+00
    3.100000000000000E+00    6.250000000000000E-01    0.000000000000000E+00
    3.200000000000000E+00    6.250000000000000E-01    0.000000000000000E+00
    3.300000000000000E+00    6.250000000000000E-01    0.000000000000000E+00
    3.400000000000000E+00    6.250000000000000E-01    0.000000000000000E+00
    3.500000000000000E+00    6.250000000000000E-01    0.000000000000000E+00
    3.600000000000000E+00    6.250000000000000E-01    0.000000000000000E+00
    3.700000000000000E+00    6.250000000000000E-01    0.000000000000000E+00
    3.800000000000000E+00    6.250000000000000E-01    0.000000000000000E+00
    3.900000000000000E+00    6.250000000000000E-01    0.000000000000000E+00
    4.000000000000000E+00    6.250000000000000E-01    0.000000000000000E+00
    4.100000000000001E+00    6.250000000000000E-01    0.000000000000000E+00
    4.200000000000000E+00    6.250000000000000E-01    0.000000000000000E+00
    4.300000000000000E+00    6.250000000000000E-01    0.000000000000000E+00
    4.400000000000000E+00    6.250000000000000E-01    0.000000000000000E+00
    4.500000000000000E+00    6.250000000000000E-01    0.000000000000000E+00
    4.600000000000001E+00    6.250000000000000E-01    0.000000000000000E+00
    4.700000000000000E+00    6.250000000000000E-01    0.000000000000000E+00
    4.800000000000001E+00    6.250000000000000E-01    0.000000000000000E+00
    4.900000000000000E+00    6.250000000000000E-01    0.000000000000000E+00
    5.000000000000000E+00    6.250000000000000E-01    0.000000000000000E+00
    5.100000000000001E+00    6.250000000000000E-01    0.000000000000000E+00
    5.200000000000000E+00    6.250000000000000E-01    0.000000000000000E+00
    5.300000000000001E+00    6.250000000000000E-01    0.000000000000000E+00
    5.400000000000000E+00    6.250000000000000E-01    0.000000000000000E+00
    5.500000000000000E+00    6.250000000000000E-01    0.000000000000000E+00
    5.600000000000001E+00    6.250000000000000E-01    0.000000000000000E+00
    5.700000000000000E+00    6.250000000000000E-01    0.000000000000000E+00
    5.800000000000001E+00    6.250000000000000E-01    0.000000000000000E+00
    5.900000000000000E+00    6.250000000000000E-01    0.000000000000000E+00
    6.000000000000000E+00    6.250000000000000E-01    0.000000000000000E+00
    6.100000000000001E+00    6.250000000000000E-01    0.000000000000000E+00
    6.200000000000000E+00    6.250000000000000E-01    0.000000000000000E+00
    6.300000000000001E+00    6.250000000000000E-01    0.000000000000000E+00
    6.400000000000000E+00    6.250000000000000E-01    0.000000000000000E+00
    6.500000000000000E+00    6.250000000000000E-01    0.000000000000000E+00
    6.600000000000001E+00    6.250000000000000E-01    0.000000000000000E+00
    6.700000000000000E+00    6.250000000000000E-01    0.000000000000000E+00
    6.800000000000001E+00    6.250000000000000E-01    0.000000000000000E+00
    6.900000000000000E+00    6.250000000000000E-01    0.000000000000000E+00
    7.000000000000000E+00    6.250000000000000E-01    0.000000000000000E+00
    7.100000000000001E+00    6.250000000000000E-01    0.000000000000000E+00
    7.200000000000000E+00    6.250000000000000E-01    0.000000000000000E+00
    7.300000000000001E+00    6.250000000000000E-01    0.000000000000000E+00
    7.400000000000000E+00    6.250000000000000E-01    0.000000000000000E+00
    7.500000000000000E+00    6.250000000000000E-01    0.000000000000000E+00
    7.600000000000001E+00    6.250000000000000E-01    0.000000000000000E+00
    7.700000000000000E+00    6.250000000000000E-01    0.000000000000000E+00
    7.800000000000001E+00    6.250000000000000E-01    0.000000000000000E+00
    7.900000000000000E+00    6.250000000000000E-01    0.000000000000000E+00
    8.000000000000000E+00    6.250000000000000E-01    0.000000000000000E+00
    0.000000000000000E+00    6.500000000000000E-01    0.000000000000000E+00
    1.000000000000000E-01    6.500000000000000E-01    0.000000000000000E+00
    2.000000000000000E-01    6.500000000000000E-01    0.000000000000000E+00
    3.000000000000000E-01    6.500000000000000E-01    0.000000000000000E+00
    4.000000000000000E-01    6.500000000000000E-01    0.000000000000000E+00
    5.000000000000000E-01    6.500000000000000E-01    0.000000000000000E+00
    6.000000000000001E-01    6.500000000000000E-01    0.000000000000000E+00
    7.000000000000001E-01    6.500000000000000E-01    0.000000000000000E+00
    8.000000000000000E-01    6.500000000000000E-01    0.000000000000000E+00
    9.000000000000000E-01    6.500000000000000E-01    0.000000000000000E+00
    1.000000000000000E+00    6.500000000000000E-01    0.000000000000000E+00
    1.100000000000000E+00    6.500000000000000E-01    0.000000000000000E+00
    1.200000000000000E+00    6.500000000000000E-01    0.000000000000000E+00
    1.300000000000000E+00    6.500000000000000E-01    0.000000000000000E+00
    1.400000000000000E+00    6.500000000000000E-01    0.000000000000000E+00
    1.500000000000000E+00    6.500000000000000E-01    0.000000000000000E+00
    1.600000000000000E+00    6.500000000000000E-01    0.000000000000000E+00
    1.700000000000000E+00    6.500000000000000E-01    0.000000000000000E+00
    1.800000000000000E+00    6.500000000000000E-01    0.000000000000000E+00
    1.900000000000000E+00    6.500000000000000E-01    0.000000000000000E+00
    2.000000000000000E+00    6.500000000000000E-01    0.000000000000000E+00
    2.100000000000000E+00    6.500000000000000E-01    0.000000000000000E+00
    2.200000000000000E+00    6.500000000000000E-01    0.000000000000000E+00
    2.300000000000000E+00    6.500000000000000E-01    0.000000000000000E+00
    2.400000000000000E+00    6.500000000000000E-01    0.000000000000000E+00
    2.500000000000000E+00    6.500000000000000E-01    0.000000000000000E+00
    2.600000000000000E+00    6.500000000000000E-01    0.000000000000000E+00
    2.700000000000000E+00    6.500000000000000E-01    0.000000000000000E+00
    2.800000000000000E+00    6.500000000000000E-01    0.000000000000000E+00
    2.900000000000000E+00    6.500000000000000E-01    0.000000000000000E+00
    3.000000000000000E+00    6.500000000000000E-01    0.000000000000000E+00
    3.100000000000000E+00    6.500000000000000E-01    0.000000000000000E+00
    3.200000000000000E+00    6.500000000000000E-01    0.000000000000000E+00
    3.300000000000000E+00    6.500000000000000E-01    0.000000000000000E+00
    3.400000000000000E+00    6.500000000000000E-01    0.000000000000000E+00
    3.500000000000000E+00    6.500000000000000E-01    0.000000000000000E+00
    3.600000000000000E+00    6.500000000000000E-01    0.000000000000000E+00
    3.700000000000000E+00    6.500000000000000E-01    0.000000000000000E+00
    3.800000000000000E+00    6.500000000000000E-01    0.000000000000000E+00
    3.900000000000000E+00    6.500000000000000E-01    0.000000000000000E+00
    4.000000000000000E+00    6.500000000000000E-01    0.000000000000000E+00
    4.100000000000001E+00    6.500000000000000E-01    0.000000000000000E+00
    4.200000000000000E+00    6.500000000000000E-01    0.000000000000000E+00
    4.300000000000000E+00    6.500000000000000E-01    0.000000000000000E+00
    4.400000000000000E+00    6.500000000000000E-01    0.000000000000000E+00
    4.500000000000000E+00    6.500000000000000E-01    0.000000000000000E+00
    4.600000000000001E+00    6.500000000000000E-01    0.000000000000000E+00
    4.700000000000000E+00    6.500000000000000E-01    0.000000000000000E+00
    4.800000000000001E+00    6.500000000000000E-01    0.000000000000000E+00
    4.900000000000000E+00    6.500000000000000E-01    0.000000000000000E+00
    5.000000000000000E+00    6.500000000000000E-01    0.000000000000000E+00
    5.100000000000001E+00    6.500000000000000E-01    0.000000000000000E+00
    5.200000000000000E+00    6.500000000000000E-01    0.000000000000000E+00
    5.300000000000001E+00    6.500000000000000E-01    0.000000000000000E+00
    5.400000000000000E+00    6.500000000000000E-01    0.000000000000000E+00
    5.500000000000000E+00    6.500000000000000E-01    0.000000000000000E+00
    5.600000000000001E+00    6.500000000000000E-01    0.000000000000000E+00
    5.700000000000000E+00    6.500000000000000E-01    0.000000000000000E+00
    5.800000000000001E+00    6.500000000000000E-01    0.000000000000000E+00
    5.900000000000000E+00    6.500000000000000E-01    0.000000000000000E+00
    6.000000000000000E+00    6.500000000000000E-01    0.000000000000000E+00
    6.100000000000001E+00    6.500000000000000E-01    0.000000000000000E+00
    6.200000000000000E+00    6.500000000000000E-01    0.000000000000000E+00
    6.300000000000001E+00    6.500000000000000E-01    0.000000000000000E+00
    6.400000000000000E+00    6.500000000000000E-01    0.000000000000000E+00
    6.500000000000000E+00    6.500000000000000E-01    0.000000000000000E+00
    6.600000000000001E+00    6.500000000000000E-01    0.000000000000000E+00
    6.700000000000000E+00    6.500000000000000E-01    0.000000000000000E+00
    6.800000000000001E+00    6.500000000000000E-01    0.000000000000000E+00
    6.900000000000000E+00    6.500000000000000E-01    0.000000000000000E+00
    7.000000000000000E+00    6.500000000000000E-01    0.000000000000000E+00
    7.100000000000001E+00    6.500000000000000E-01    0.000000000000000E+00
    7.200000000000000E+00    6.500000000000000E-01    0.000000000000000E+00
    7.300000000000001E+00    6.500000000000000E-01    0.000000000000000E+00
    7.400000000000000E+00    6.500000000000000E-01    0.000000000000000E+00
    7.500000000000000E+00    6.500000000000000E-01    0.000000000000000E+00
    7.600000000000001E+00    6.500000000000000E-01    0.000000000000000E+00
    7.700000000000000E+00    6.500000000000000E-01    0.000000000000000E+00
    7.800000000000001E+00    6.500000000000000E-01    0.000000000000000E+00
    7.900000000000000E+00    6.500000000000000E-01    0.000000000000000E+00
    8.000000000000000E+00    6.500000000000000E-01    0.000000000000000E+00
    0.000000000000000E+00    6.750000000000000E-01    0.000000000000000E+00
    1.000000000000000E-01    6.750000000000000E-01    0.000000000000000E+00
    2.000000000000000E-01    6.750000000000000E-01    0.000000000000000E+00
    3.000000000000000E-01    6.750000000000000E-01    0.000000000000000E+00
    4.000000000000000E-01    6.750000000000000E-01    0.000000000000000E+00
    5.000000000000000E-01    6.750000000000000E-01    0.000000000000000E+00
    6.000000000000001E-01    6.750000000000000E-01    0.000000000000000E+00
    7.000000000000001E-01    6.750000000000000E-01    0.000000000000000E+00
    8.000000000000000E-01    6.750000000000000E-01    0.000000000000000E+00
    9.000000000000000E-01    6.750000000000000E-01    0.000000000000000E+00
    1.000000000000000E+00    6.750000000000000E-01    0.000000000000000E+00
    1.100000000000000E+00    6.750000000000000E-01    0.000000000000000E+00
    1.200000000000000E+00    6.750000000000000E-01    0.000000000000000E+00
    1.300000000000000E+00    6.750000000000000E-01    0.000000000000000E+00
    1.400000000000000E+00    6.750000000000000E-01    0.000000000000000E+00
    1.500000000000000E+00    6.750000000000000E-01    0.000000000000000E+00
    1.600000000000000E+00    6.750000000000000E-01    0.000000000000000E+00
    1.700000000000000E+00    6.750000000000000E-01    0.000000000000000E+00
    1.800000000000000E+00    6.750000000000000E-01    0.000000000000000E+00
    1.900000000000000E+00    6.750000000000000E-01    0.000000000000000E+00
    2.000000000000000E+00    6.750000000000000E-01    0.000000000000000E+00
    2.100000000000000E+00    6.750000000000000E-01    0.000000000000000E+00
    2.200000000000000E+00    6.750000000000000E-01    0.000000000000000E+00
    2.300000000000000E+00    6.750000000000000E-01    0.000000000000000E+00
    2.400000000000000E+00    6.750000000000000E-01    0.000000000000000E+00
    2.500000000000000E+00    6.750000000000000E-01    0.000000000000000E+00
    2.600000000000000E+00    6.750000000000000E-01    0.000000000000000E+00
    2.700000000000000E+00    6.750000000000000E-01    0.000000000000000E+00
    2.800000000000000E+00    6.750000000000000E-01    0.000000000000000E+00
    2.900000000000000E+00    6.750000000000000E-01    0.000000000000000E+00
    3.000000000000000E+00    6.750000000000000E-01    0.000000000000000E+00
    3.100000000000000E+00    6.750000000000000E-01    0.000000000000000E+00
    3.200000000000000E+00    6.750000000000000E-01    0.000000000000000E+00
    3.300000000000000E+00    6.750000000000000E-01    0.000000000000000E+00
    3.400000000000000E+00    6.750000000000000E-01    0.000000000000000E+00
    3.500000000000000E+00    6.750000000000000E-01    0.000000000000000E+00
    3.600000000000000E+00    6.750000000000000E-01    0.000000000000000E+00
    3.700000000000000E+00    6.750000000000000E-01    0.000000000000000E+00
    3.800000000000000E+00    6.750000000000000E-01    0.000000000000000E+00
    3.900000000000000E+00    6.750000000000000E-01    0.000000000000000E+00
    4.000000000000000E+00    6.750000000000000E-01    0.000000000000000E+00
    4.100000000000001E+00    6.750000000000000E-01    0.000000000000000E+00
    4.200000000000000E+00    6.750000000000000E-01    0.000000000000000E+00
    4.300000000000000E+00    6.750000000000000E-01    0.000000000000000E+00
    4.400000000000000E+00    6.750000000000000E-01    0.000000000000000E+00
    4.500000000000000E+00    6.750000000000000E-01    0.000000000000000E+00
    4.600000000000001E+00    6.750000000000000E-01    0.000000000000000E+00
    4.700000000000000E+00    6.750000000000000E-01    0.000000000000000E+00
    4.800000000000001E+00    6.750000000000000E-01    0.000000000000000E+00
    4.900000000000000E+00    6.750000000000000E-01    0.000000000000000E+00
    5.000000000000000E+00    6.750000000000000E-01    0.000000000000000E+00
    5.100000000000001E+00    6.750000000000000E-01    0.000000000000000E+00
    5.200000000000000E+00    6.750000000000000E-01    0.000000000000000E+00
    5.300000000000001E+00    6.750000000000000E-01    0.000000000000000E+00
    5.400000000000000E+00    6.750000000000000E-01    0.000000000000000E+00
    5.500000000000000E+00    6.750000000000000E-01    0.000000000000000E+00
    5.600000000000001E+00    6.750000000000000E-01    0.000000000000000E+00
    5.700000000000000E+00    6.750000000000000E-01    0.000000000000000E+00
    5.800000000000001E+00    6.750000000000000E-01    0.000000000000000E+00
    5.900000000000000E+00    6.750000000000000E-01    0.000000000000000E+00
    6.000000000000000E+00    6.750000000000000E-01    0.000000000000000E+00
    6.100000000000001E+00    6.750000000000000E-01    0.000000000000000E+00
    6.200000000000000E+00    6.750000000000000E-01    0.000000000000000E+00
    6.300000000000001E+00    6.750000000000000E-01    0.000000000000000E+00
    6.400000000000000E+00    6.750000000000000E-01    0.000000000000000E+00
    6.500000000000000E+00    6.750000000000000E-01    0.000000000000000E+00
    6.600000000000001E+00    6.750000000000000E-01    0.000000000000000E+00
    6.700000000000000E+00    6.750000000000000E-01    0.000000000000000E+00
    6.800000000000001E+00    6.750000000000000E-01    0.000000000000000E+00
    6.900000000000000E+00    6.750000000000000E-01    0.000000000000000E+00
    7.000000000000000E+00    6.750000000000000E-01    0.000000000000000E+00
    7.100000000000001E+00    6.750000000000000E-01    0.000000000000000E+00
    7.200000000000000E+00    6.750000000000000E-01    0.000000000000000E+00
    7.300000000000001E+00    6.750000000000000E-01    0.000000000000000E+00
    7.400000000000000E+00    6.750000000000000E-01    0.000000000000000E+00
    7.500000000000000E+00    6.750000000000000E-01    0.000000000000000E+00
    7.600000000000001E+00    6.750000000000000E-01    0.000000000000000E+00
    7.700000000000000E+00    6.750000000000000E-01    0.000000000000000E+00
    7.800000000000001E+00    6.750000000000000E-01    0.000000000000000E+00
    7.900000000000000E+00    6.750000000000000E-01    0.000000000000000E+00
    8.000000000000000E+00    6.750000000000000E-01    0.000000000000000E+00
    0.000000000000000E+00    7.000000000000001E-01    0.000000000000000E+00
    1.000000000000000E-01    7.000000000000001E-01    0.000000000000000E+00
    2.000000000000000E-01    7.000000000000001E-01    0.000000000000000E+00
    3.000000000000000E-01    7.000000000000001E-01    0.000000000000000E+00
    4.000000000000000E-01    7.000000000000001E-01    0.000000000000000E+00
    5.000000000000000E-01    7.000000000000001E-01    0.000000000000000E+00
    6.000000000000001E-01    7.000000000000001E-01    0.000000000000000E+00
    7.000000000000001E-01    7.000000000000001E-01    0.000000000000000E+00
    8.000000000000000E-01    7.000000000000001E-01    0.000000000000000E+00
    9.000000000000000E-01    7.000000000000001E-01    0.000000000000000E+00
    1.000000000000000E+00    7.000000000000001E-01    0.000000000000000E+00
    1.100000000000000E+00    7.000000000000001E-01    0.000000000000000E+00
    1.200000000000000E+00    7.000000000000001E-01    0.000000000000000E+00
    1.300000000000000E+00    7.000000000000001E-01    0.000000000000000E+00
    1.400000000000000E+00    7.000000000000001E-01    0.000000000000000E+00
    1.500000000000000E+00    7.000000000000001E-01    0.000000000000000E+00
    1.600000000000000E+00    7.000000000000001E-01    0.000000000000000E+00
    1.700000000000000E+00    7.000000000000001E-01    0.000000000000000E+00
    1.800000000000000E+00    7.000000000000001E-01    0.000000000000000E+00
    1.900000000000000E+00    7.000000000000001E-01    0.000000000000000E+00
    2.000000000000000E+00    7.000000000000001E-01    0.000000000000000E+00
    2.100000000000000E+00    7.000000000000001E-01    0.000000000000000E+00
    2.200000000000000E+00    7.000000000000001E-01    0.000000000000000E+00
    2.300000000000000E+00    7.000000000000001E-01    0.000000000000000E+00
    2.400000000000000E+00    7.000000000000001E-01    0.000000000000000E+00
    2.500000000000000E+00    7.000000000000001E-01    0.000000000000000E+00
    2.600000000000000E+00    7.000000000000001E-01    0.000000000000000E+00
    2.700000000000000E+00    7.000000000000001E-01    0.000000000000000E+00
    2.800000000000000E+00    7.000000000000001E-01    0.000000000000000E+00
    2.900000000000000E+00    7.000000000000001E-01    0.000000000000000E+00
    3.000000000000000E+00    7.000000000000001E-01    0.000000000000000E+00
    3.100000000000000E+00    7.000000000000001E-01    0.000000000000000E+00
    3.200000000000000E+00    7.000000000000001E-01    0.000000000000000E+00
    3.300000000000000E+00    7.000000000000001E-01    0.000000000000000E+00
    3.400000000000000E+00    7.000000000000001E-01    0.000000000000000E+00
    3.500000000000000E+00    7.000000000000001E-01    0.000000000000000E+00
    3.600000000000000E+00    7.000000000000001E-01    0.000000000000000E+00
    3.700000000000000E+00    7.000000000000001E-01    0.000000000000000E+00
    3.800000000000000E+00    7.000000000000001E-01    0.000000000000000E+00
    3.900000000000000E+00    7.000000000000001E-01    0.000000000000000E+00
    4.000000000000000E+00    7.000000000000001E-01    0.000000000000000E+00
    4.100000000000001E+00    7.000000000000001E-01    0.000000000000000E+00
    4.200000000000000E+00    7.000000000000001E-01    0.000000000000000E+00
    4.300000000000000E+00    7.000000000000001E-01    0.000000000000000E+00
    4.400000000000000E+00    7.000000000000001E-01    0.000000000000000E+00
    4.500000000000000E+00    7.000000000000001E-01    0.000000000000000E+00
    4.600000000000001E+00    7.000000000000001E-01    0.000000000000000E+00
    4.700000000000000E+00    7.000000000000001E-01    0.000000000000000E+00
    4.800000000000001E+00    7.000000000000001E-01    0.000000000000000E+00
    4.900000000000000E+00    7.000000000000001E-01    0.000000000000000E+00
    5.000000000000000E+00    7.000000000000001E-01    0.000000000000000E+00
    5.100000000000001E+00    7.000000000000001E-01    0.000000000000000E+00
    5.200000000000000E+00    7.000000000000001E-01    0.000000000000000E+00
    5.300000000000001E+00    7.000000000000001E-01    0.000000000000000E+00
    5.400000000000000E+00    7.000000000000001E-01    0.000000000000000E+00
    5.500000000000000E+00    7.000000000000001E-01    0.000000000000000E+00
    5.600000000000001E+00    7.000000000000001E-01    0.000000000000000E+00
    5.700000000000000E+00    7.000000000000001E-01    0.000000000000000E+00
    5.800000000000001E+00    7.000000000000001E-01    0.000000000000000E+00
    5.900000000000000E+00    7.000000000000001E-01    0.000000000000000E+00
    6.000000000000000E+00    7.000000000000001E-01    0.000000000000000E+00
    6.100000000000001E+00    7.000000000000001E-01    0.000000000000000E+00
    6.200000000000000E+00    7.000000000000001E-01    0.000000000000000E+00
    6.300000000000001E+00    7.000000000000001E-01    0.000000000000000E+00
    6.400000000000000E+00    7.000000000000001E-01    0.000000000000000E+00
    6.500000000000000E+00    7.000000000000001E-01    0.000000000000000E+00
    6.600000000000001E+00    7.000000000000001E-01    0.000000000000000E+00
    6.700000000000000E+00    7.000000000000001E-01    0.000000000000000E+00
    6.800000000000001E+00    7.000000000000001E-01    0.000000000000000E+00
    6.900000000000000E+00    7.000000000000001E-01    0.000000000000000E+00
    7.000000000000000E+00    7.000000000000001E-01    0.000000000000000E+00
    7.100000000000001E+00    7.000000000000001E-01    0.000000000000000E+00
    7.200000000000000E+00    7.000000000000001E-01    0.000000000000000E+00
    7.300000000000001E+00    7.000000000000001E-01    0.000000000000000E+00
    7.400000000000000E+00    7.000000000000001E-01    0.000000000000000E+00
    7.500000000000000E+00    7.000000000000001E-01    0.000000000000000E+00
    7.600000000000001E+00    7.000000000000001E-01    0.000000000000000E+00
    7.700000000000000E+00    7.000000000000001E-01    0.000000000000000E+00
    7.800000000000001E+00    7.000000000000001E-01    0.000000000000000E+00
    7.900000000000000E+00    7.000000000000001E-01    0.000000000000000E+00
    8.000000000000000E+00    7.000000000000001E-01    0.000000000000000E+00
    0.000000000000000E+00    7.250000000000001E-01    0.000000000000000E+00
    1.000000000000000E-01    7.250000000000001E-01    0.000000000000000E+00
    2.000000000000000E-01    7.250000000000001E-01    0.000000000000000E+00
    3.000000000000000E-01    7.250000000000001E-01    0.000000000000000E+00
    4.000000000000000E-01    7.250000000000001E-01    0.000000000000000E+00
    5.000000000000000E-01    7.250000000000001E-01    0.000000000000000E+00
    6.000000000000001E-01    7.250000000000001E-01    0.000000000000000E+00
    7.000000000000001E-01    7.250000000000001E-01    0.000000000000000E+00
    8.000000000000000E-01    7.250000000000001E-01    0.000000000000000E+00
    9.000000000000000E-01    7.250000000000001E-01    0.000000000000000E+00
    1.000000000000000E+00    7.250000000000001E-01    0.000000000000000E+00
    1.100000000000000E+00    7.250000000000001E-01    0.000000000000000E+00
    1.200000000000000E+00    7.250000000000001E-01    0.000000000000000E+00
    1.300000000000000E+00    7.250000000000001E-01    0.000000000000000E+00
    1.400000000000000E+00    7.250000000000001E-01    0.000000000000000E+00
    1.500000000000000E+00    7.250000000000001E-01    0.000000000000000E+00
    1.600000000000000E+00    7.250000000000001E-01    0.000000000000000E+00
    1.700000000000000E+00    7.250000000000001E-01    0.000000000000000E+00
    1.800000000000000E+00    7.250000000000001E-01    0.000000000000000E+00
    1.900000000000000E+00    7.250000000000001E-01    0.000000000000000E+00
    2.000000000000000E+00    7.250000000000001E-01    0.000000000000000E+00
    2.100000000000000E+00    7.250000000000001E-01    0.000000000000000E+00
    2.200000000000000E+00    7.250000000000001E-01    0.000000000000000E+00
    2.300000000000000E+00    7.250000000000001E-01    0.000000000000000E+00
    2.400000000000000E+00    7.250000000000001E-01    0.000000000000000E+00
    2.500000000000000E+00    7.250000000000001E-01    0.000000000000000E+00
    2.600000000000000E+00    7.250000000000001E-01    0.000000000000000E+00
    2.700000000000000E+00    7.250000000000001E-01    0.000000000000000E+00
    2.800000000000000E+00    7.250000000000001E-01    0.000000000000000E+00
    2.900000000000000E+00    7.250000000000001E-01    0.000000000000000E+00
    3.000000000000000E+00    7.250000000000001E-01    0.000000000000000E+00
    3.100000000000000E+00    7.250000000000001E-01    0.000000000000000E+00
    3.200000000000000E+00    7.250000000000001E-01    0.000000000000000E+00
    3.300000000000000E+00    7.250000000000001E-01    0.000000000000000E+00
    3.400000000000000E+00    7.250000000000001E-01    0.000000000000000E+00
    3.500000000000000E+00    7.250000000000001E-01    0.000000000000000E+00
    3.600000000000000E+00    7.250000000000001E-01    0.000000000000000E+00
    3.700000000000000E+00    7.250000000000001E-01    0.000000000000000E+00
    3.800000000000000E+00    7.250000000000001E-01    0.000000000000000E+00
    3.900000000000000E+00    7.250000000000001E-01    0.000000000000000E+00
    4.000000000000000E+00    7.250000000000001E-01    0.000000000000000E+00
    4.100000000000001E+00    7.250000000000001E-01    0.000000000000000E+00
    4.200000000000000E+00    7.250000000000001E-01    0.000000000000000E+00
    4.300000000000000E+00    7.250000000000001E-01    0.000000000000000E+00
    4.400000000000000E+00    7.250000000000001E-01    0.000000000000000E+00
    4.500000000000000E+00    7.250000000000001E-01    0.000000000000000E+00
    4.600000000000001E+00    7.250000000000001E-01    0.000000000000000E+00
    4.700000000000000E+00    7.250000000000001E-01    0.000000000000000E+00
    4.800000000000001E+00    7.250000000000001E-01    0.000000000000000E+00
    4.900000000000000E+00    7.250000000000001E-01    0.000000000000000E+00
    5.000000000000000E+00    7.250000000000001E-01    0.000000000000000E+00
    5.100000000000001E+00    7.250000000000001E-01    0.000000000000000E+00
    5.200000000000000E+00    7.250000000000001E-01    0.000000000000000E+00
    5.300000000000001E+00    7.250000000000001E-01    0.000000000000000E+00
    5.400000000000000E+00    7.250000000000001E-01    0.000000000000000E+00
    5.500000000000000E+00    7.250000000000001E-01    0.000000000000000E+00
    5.600000000000001E+00    7.250000000000001E-01    0.000000000000000E+00
    5.700000000000000E+00    7.250000000000001E-01    0.000000000000000E+00
    5.800000000000001E+00    7.250000000000001E-01    0.000000000000000E+00
    5.900000000000000E+00    7.250000000000001E-01    0.000000000000000E+00
    6.000000000000000E+00    7.250000000000001E-01    0.000000000000000E+00
    6.100000000000001E+00    7.250000000000001E-01    0.000000000000000E+00
    6.200000000000000E+00    7.250000000000001E-01    0.000000000000000E+00
    6.300000000000001E+00    7.250000000000001E-01    0.000000000000000E+00
    6.400000000000000E+00    7.250000000000001E-01    0.000000000000000E+00
    6.500000000000000E+00    7.250000000000001E-01    0.000000000000000E+00
    6.600000000000001E+00    7.250000000000001E-01    0.000000000000000E+00
    6.700000000000000E+00    7.250000000000001E-01    0.000000000000000E+00
    6.800000000000001E+00    7.250000000000001E-01    0.000000000000000E+00
    6.900000000000000E+00    7.250000000000001E-01    0.000000000000000E+00
    7.000000000000000E+00    7.250000000000001E-01    0.000000000000000E+00
    7.100000000000001E+00    7.250000000000001E-01    0.000000000000000E+00
    7.200000000000000E+00    7.250000000000001E-01    0.000000000000000E+00
    7.300000000000001E+00    7.250000000000001E-01    0.000000000000000E+00
    7.400000000000000E+00    7.250000000000001E-01    0.000000000000000E+00
    7.500000000000000E+00    7.250000000000001E-01    0.000000000000000E+00
    7.600000000000001E+00    7.250000000000001E-01    0.000000000000000E+00
    7.700000000000000E+00    7.250000000000001E-01    0.000000000000000E+00
    7.800000000000001E+00    7.250000000000001E-01    0.000000000000000E+00
    7.900000000000000E+00    7.250000000000001E-01    0.000000000000000E+00
    8.000000000000000E+00    7.250000000000001E-01    0.000000000000000E+00
    0.000000000000000E+00    7.500000000000000E-01    0.000000000000000E+00
    1.000000000000000E-01    7.500000000000000E-01    0.000000000000000E+00
    2.000000000000000E-01    7.500000000000000E-01    0.000000000000000E+00
    3.000000000000000E-01    7.500000000000000E-01    0.000000000000000E+00
    4.000000000000000E-01    7.500000000000000E-01    0.000000000000000E+00
    5.000000000000000E-01    7.500000000000000E-01    0.000000000000000E+00
    6.000000000000001E-01    7.500000000000000E-01    0.000000000000000E+00
    7.000000000000001E-01    7.500000000000000E-01    0.000000000000000E+00
    8.000000000000000E-01    7.500000000000000E-01    0.000000000000000E+00
    9.000000000000000E-01    7.500000000000000E-01    0.000000000000000E+00
    1.000000000000000E+00    7.500000000000000E-01    0.000000000000000E+00
    1.100000000000000E+00    7.500000000000000E-01    0.000000000000000E+00
    1.200000000000000E+00    7.500000000000000E-01    0.000000000000000E+00
    1.300000000000000E+00    7.500000000000000E-01    0.000000000000000E+00
    1.400000000000000E+00    7.500000000000000E-01    0.000000000000000E+00
    1.500000000000000E+00    7.500000000000000E-01    0.000000000000000E+00
    1.600000000000000E+00    7.500000000000000E-01    0.000000000000000E+00
    1.700000000000000E+00    7.500000000000000E-01    0.000000000000000E+00
    1.800000000000000E+00    7.500000000000000E-01    0.000000000000000E+00
    1.900000000000000E+00    7.500000000000000E-01    0.000000000000000E+00
    2.000000000000000E+00    7.500000000000000E-01    0.000000000000000E+00
    2.100000000000000E+00    7.500000000000000E-01    0.000000000000000E+00
    2.200000000000000E+00    7.500000000000000E-01    0.000000000000000E+00
    2.300000000000000E+00    7.500000000000000E-01    0.000000000000000E+00
    2.400000000000000E+00    7.500000000000000E-01    0.000000000000000E+00
    2.500000000000000E+00    7.500000000000000E-01    0.000000000000000E+00
    2.600000000000000E+00    7.500000000000000E-01    0.000000000000000E+00
    2.700000000000000E+00    7.500000000000000E-01    0.000000000000000E+00
    2.800000000000000E+00    7.500000000000000E-01    0.000000000000000E+00
    2.900000000000000E+00    7.500000000000000E-01    0.000000000000000E+00
    3.000000000000000E+00    7.500000000000000E-01    0.000000000000000E+00
    3.100000000000000E+00    7.500000000000000E-01    0.000000000000000E+00
    3.200000000000000E+00    7.500000000000000E-01    0.000000000000000E+00
    3.300000000000000E+00    7.500000000000000E-01    0.000000000000000E+00
    3.400000000000000E+00    7.500000000000000E-01    0.000000000000000E+00
    3.500000000000000E+00    7.500000000000000E-01    0.000000000000000E+00
    3.600000000000000E+00    7.500000000000000E-01    0.000000000000000E+00
    3.700000000000000E+00    7.500000000000000E-01    0.000000000000000E+00
    3.800000000000000E+00    7.500000000000000E-01    0.000000000000000E+00
    3.900000000000000E+00    7.500000000000000E-01    0.000000000000000E+00
    4.000000000000000E+00    7.500000000000000E-01    0.000000000000000E+00
    4.100000000000001E+00    7.500000000000000E-01    0.000000000000000E+00
    4.200000000000000E+00    7.500000000000000E-01    0.000000000000000E+00
    4.300000000000000E+00    7.500000000000000E-01    0.000000000000000E+00
    4.400000000000000E+00    7.500000000000000E-01    0.000000000000000E+00
    4.500000000000000E+00    7.500000000000000E-01    0.000000000000000E+00
    4.600000000000001E+00    7.500000000000000E-01    0.000000000000000E+00
    4.700000000000000E+00    7.500000000000000E-01    0.000000000000000E+00
    4.800000000000001E+00    7.500000000000000E-01    0.000000000000000E+00
    4.900000000000000E+00    7.500000000000000E-01    0.000000000000000E+00
    5.000000000000000E+00    7.500000000000000E-01    0.000000000000000E+00
    5.100000000000001E+00    7.500000000000000E-01    0.000000000000000E+00
    5.200000000000000E+00    7.500000000000000E-01    0.000000000000000E+00
    5.300000000000001E+00    7.500000000000000E-01    0.000000000000000E+00
    5.400000000000000E+00    7.500000000000000E-01    0.000000000000000E+00
    5.500000000000000E+00    7.500000000000000E-01    0.000000000000000E+00
    5.600000000000001E+00    7.500000000000000E-01    0.000000000000000E+00
    5.700000000000000E+00    7.500000000000000E-01    0.000000000000000E+00
    5.800000000000001E+00    7.500000000000000E-01    0.000000000000000E+00
    5.900000000000000E+00    7.500000000000000E-01    0.000000000000000E+00
    6.000000000000000E+00    7.500000000000000E-01    0.000000000000000E+00
    6.100000000000001E+00    7.500000000000000E-01    0.000000000000000E+00
    6.200000000000000E+00    7.500000000000000E-01    0.000000000000000E+00
    6.300000000000001E+00    7.500000000000000E-01    0.000000000000000E+00
    6.400000000000000E+00    7.500000000000000E-01    0.000000000000000E+00
    6.500000000000000E+00    7.500000000000000E-01    0.000000000000000E+00
    6.600000000000001E+00    7.500000000000000E-01    0.000000000000000E+00
    6.700000000000000E+00    7.500000000000000E-01    0.000000000000000E+00
    6.800000000000001E+00    7.500000000000000E-01    0.000000000000000E+00
    6.900000000000000E+00    7.500000000000000E-01    0.000000000000000E+00
    7.000000000000000E+00    7.500000000000000E-01    0.000000000000000E+00
    7.100000000000001E+00    7.500000000000000E-01    0.000000000000000E+00
    7.200000000000000E+00    7.500000000000000E-01    0.000000000000000E+00
    7.300000000000001E+00    7.500000000000000E-01    0.000000000000000E+00
    7.400000000000000E+00    7.500000000000000E-01    0.000000000000000E+00
    7.500000000000000E+00    7.500000000000000E-01    0.000000000000000E+00
    7.600000000000001E+00    7.500000000000000E-01    0.000000000000000E+00
    7.700000000000000E+00    7.500000000000000E-01    0.000000000000000E+00
    7.800000000000001E+00    7.500000000000000E-01    0.000000000000000E+00
    7.900000000000000E+00    7.500000000000000E-01    0.000000000000000E+00
    8.000000000000000E+00    7.500000000000000E-01    0.000000000000000E+00
    0.000000000000000E+00    7.750000000000000E-01    0.000000000000000E+00
    1.000000000000000E-01    7.750000000000000E-01    0.000000000000000E+00
    2.000000000000000E-01    7.750000000000000E-01    0.000000000000000E+00
    3.000000000000000E-01    7.750000000000000E-01    0.000000000000000E+00
    4.000000000000000E-01    7.750000000000000E-01    0.000000000000000E+00
    5.000000000000000E-01    7.750000000000000E-01    0.000000000000000E+00
    6.000000000000001E-01    7.750000000000000E-01    0.000000000000000E+00
    7.000000000000001E-01    7.750000000000000E-01    0.000000000000000E+00
    8.000000000000000E-01    7.750000000000000E-01    0.000000000000000E+00
    9.000000000000000E-01    7.750000000000000E-01    0.000000000000000E+00
    1.000000000000000E+00    7.750000000000000E-01    0.000000000000000E+00
    1.100000000000000E+00    7.750000000000000E-01    0.000000000000000E+00
    1.200000000000000E+00    7.750000000000000E-01    0.000000000000000E+00
    1.300000000000000E+00    7.750000000000000E-01    0.000000000000000E+00
    1.400000000000000E+00    7.750000000000000E-01    0.000000000000000E+00
    1.500000000000000E+00    7.750000000000000E-01    0.000000000000000E+00
    1.600000000000000E+00    7.750000000000000E-01    0.000000000000000E+00
    1.700000000000000E+00    7.750000000000000E-01    0.000000000000000E+00
    1.800000000000000E+00    7.750000000000000E-01    0.000000000000000E+00
    1.900000000000000E+00    7.750000000000000E-01    0.000000000000000E+00
    2.000000000000000E+00    7.750000000000000E-01    0.000000000000000E+00
    2.100000000000000E+00    7.750000000000000E-01    0.000000000000000E+00
    2.200000000000000E+00    7.750000000000000E-01    0.000000000000000E+00
    2.300000000000000E+00    7.750000000000000E-01    0.000000000000000E+00
    2.400000000000000E+00    7.750000000000000E-01    0.000000000000000E+00
    2.500000000000000E+00    7.750000000000000E-01    0.000000000000000E+00
    2.600000000000000E+00    7.750000000000000E-01    0.000000000000000E+00
    2.700000000000000E+00    7.750000000000000E-01    0.000000000000000E+00
    2.800000000000000E+00    7.750000000000000E-01    0.000000000000000E+00
    2.900000000000000E+00    7.750000000000000E-01    0.000000000000000E+00
    3.000000000000000E+00    7.750000000000000E-01    0.000000000000000E+00
    3.100000000000000E+00    7.750000000000000E-01    0.000000000000000E+00
    3.200000000000000E+00    7.750000000000000E-01    0.000000000000000E+00
    3.300000000000000E+00    7.750000000000000E-01    0.000000000000000E+00
    3.400000000000000E+00    7.750000000000000E-01    0.000000000000000E+00
    3.500000000000000E+00    7.750000000000000E-01    0.000000000000000E+00
    3.600000000000000E+00    7.750000000000000E-01    0.000000000000000E+00
    3.700000000000000E+00    7.750000000000000E-01    0.000000000000000E+00
    3.800000000000000E+00    7.750000000000000E-01    0.000000000000000E+00
    3.900000000000000E+00    7.750000000000000E-01    0.000000000000000E+00
    4.000000000000000E+00    7.750000000000000E-01    0.000000000000000E+00
    4.100000000000001E+00    7.750000000000000E-01    0.000000000000000E+00
    4.200000000000000E+00    7.750000000000000E-01    0.000000000000000E+00
    4.300000000000000E+00    7.750000000000000E-01    0.000000000000000E+00
    4.400000000000000E+00    7.750000000000000E-01    0.000000000000000E+00
    4.500000000000000E+00    7.750000000000000E-01    0.000000000000000E+00
    4.600000000000001E+00    7.750000000000000E-01    0.000000000000000E+00
    4.700000000000000E+00    7.750000000000000E-01    0.000000000000000E+00
    4.800000000000001E+00    7.750000000000000E-01    0.000000000000000E+00
    4.900000000000000E+00    7.750000000000000E-01    0.000000000000000E+00
    5.000000000000000E+00    7.750000000000000E-01    0.000000000000000E+00
    5.100000000000001E+00    7.750000000000000E-01    0.000000000000000E+00
    5.200000000000000E+00    7.750000000000000E-01    0.000000000000000E+00
    5.300000000000001E+00    7.750000000000000E-01    0.000000000000000E+00
    5.400000000000000E+00    7.750000000000000E-01    0.000000000000000E+00
    5.500000000000000E+00    7.750000000000000E-01    0.000000000000000E+00
    5.600000000000001E+00    7.750000000000000E-01    0.000000000000000E+00
    5.700000000000000E+00    7.750000000000000E-01    0.000000000000000E+00
    5.800000000000001E+00    7.750000000000000E-01    0.000000000000000E+00
    5.900000000000000E+00    7.750000000000000E-01    0.000000000000000E+00
    6.000000000000000E+00    7.750000000000000E-01    0.000000000000000E+00
    6.100000000000001E+00    7.750000000000000E-01    0.000000000000000E+00
    6.200000000000000E+00    7.750000000000000E-01    0.000000000000000E+00
    6.300000000000001E+00    7.750000000000000E-01    0.000000000000000E+00
    6.400000000000000E+00    7.750000000000000E-01    0.000000000000000E+00
    6.500000000000000E+00    7.750000000000000E-01    0.000000000000000E+00
    6.600000000000001E+00    7.750000000000000E-01    0.000000000000000E+00
    6.700000000000000E+00    7.750000000000000E-01    0.000000000000000E+00
    6.800000000000001E+00    7.750000000000000E-01    0.000000000000000E+00
    6.900000000000000E+00    7.750000000000000E-01    0.000000000000000E+00
    7.000000000000000E+00    7.750000000000000E-01    0.000000000000000E+00
    7.100000000000001E+00    7.750000000000000E-01    0.000000000000000E+00
    7.200000000000000E+00    7.750000000000000E-01    0.000000000000000E+00
    7.300000000000001E+00    7.750000000000000E-01    0.000000000000000E+00
    7.400000000000000E+00    7.750000000000000E-01    0.000000000000000E+00
    7.500000000000000E+00    7.750000000000000E-01    0.000000000000000E+00
    7.600000000000001E+00    7.750000000000000E-01    0.000000000000000E+00
    7.700000000000000E+00    7.750000000000000E-01    0.000000000000000E+00
    7.800000000000001E+00    7.750000000000000E-01    0.000000000000000E+00
    7.900000000000000E+00    7.750000000000000E-01    0.000000000000000E+00
    8.000000000000000E+00    7.750000000000000E-01    0.000000000000000E+00
    0.000000000000000E+00    8.000000000000000E-01    0.000000000000000E+00
    1.000000000000000E-01    8.000000000000000E-01    0.000000000000000E+00
    2.000000000000000E-01    8.000000000000000E-01    0.000000000000000E+00
    3.000000000000000E-01    8.000000000000000E-01    0.000000000000000E+00
    4.000000000000000E-01    8.000000000000000E-01    0.000000000000000E+00
    5.000000000000000E-01    8.000000000000000E-01    0.000000000000000E+00
    6.000000000000001E-01    8.000000000000000E-01    0.000000000000000E+00
    7.000000000000001E-01    8.000000000000000E-01    0.000000000000000E+00
    8.000000000000000E-01    8.000000000000000E-01    0.000000000000000E+00
    9.000000000000000E-01    8.000000000000000E-01    0.000000000000000E+00
    1.000000000000000E+00    8.000000000000000E-01    0.000000000000000E+00
    1.100000000000000E+00    8.000000000000000E-01    0.000000000000000E+00
    1.200000000000000E+00    8.000000000000000E-01    0.000000000000000E+00
    1.300000000000000E+00    8.000000000000000E-01    0.000000000000000E+00
    1.400000000000000E+00    8.000000000000000E-01    0.000000000000000E+00
    1.500000000000000E+00    8.000000000000000E-01    0.000000000000000E+00
    1.600000000000000E+00    8.000000000000000E-01    0.000000000000000E+00
    1.700000000000000E+00    8.000000000000000E-01    0.000000000000000E+00
    1.800000000000000E+00    8.000000000000000E-01    0.000000000000000E+00
    1.900000000000000E+00    8.000000000000000E-01    0.000000000000000E+00
    2.000000000000000E+00    8.000000000000000E-01    0.000000000000000E+00
    2.100000000000000E+00    8.000000000000000E-01    0.000000000000000E+00
    2.200000000000000E+00    8.000000000000000E-01    0.000000000000000E+00
    2.300000000000000E+00    8.000000000000000E-01    0.000000000000000E+00
    2.400000000000000E+00    8.000000000000000E-01    0.000000000000000E+00
    2.500000000000000E+00    8.000000000000000E-01    0.000000000000000E+00
    2.600000000000000E+00    8.000000000000000E-01    0.000000000000000E+00
    2.700000000000000E+00    8.000000000000000E-01    0.000000000000000E+00
    2.800000000000000E+00    8.000000000000000E-01    0.000000000000000E+00
    2.900000000000000E+00    8.000000000000000E-01    0.000000000000000E+00
    3.000000000000000E+00    8.000000000000000E-01    0.000000000000000E+00
    3.100000000000000E+00    8.000000000000000E-01    0.000000000000000E+00
    3.200000000000000E+00    8.000000000000000E-01    0.000000000000000E+00
    3.300000000000000E+00    8.000000000000000E-01    0.000000000000000E+00
    3.400000000000000E+00    8.000000000000000E-01    0.000000000000000E+00
    3.500000000000000E+00    8.000000000000000E-01    0.000000000000000E+00
    3.600000000000000E+00    8.000000000000000E-01    0.000000000000000E+00
    3.700000000000000E+00    8.000000000000000E-01    0.000000000000000E+00
    3.800000000000000E+00    8.000000000000000E-01    0.000000000000000E+00
    3.900000000000000E+00    8.000000000000000E-01    0.000000000000000E+00
    4.000000000000000E+00    8.000000000000000E-01    0.000000000000000E+00
    4.100000000000001E+00    8.000000000000000E-01    0.000000000000000E+00
    4.200000000000000E+00    8.000000000000000E-01    0.000000000000000E+00
    4.300000000000000E+00    8.000000000000000E-01    0.000000000000000E+00
    4.400000000000000E+00    8.000000000000000E-01    0.000000000000000E+00
    4.500000000000000E+00    8.000000000000000E-01    0.000000000000000E+00
    4.600000000000001E+00    8.000000000000000E-01    0.000000000000000E+00
    4.700000000000000E+00    8.000000000000000E-01    0.000000000000000E+00
    4.800000000000001E+00    8.000000000000000E-01    0.000000000000000E+00
    4.900000000000000E+00    8.000000000000000E-01    0.000000000000000E+00
    5.000000000000000E+00    8.000000000000000E-01    0.000000000000000E+00
    5.100000000000001E+00    8.000000000000000E-01    0.000000000000000E+00
    5.200000000000000E+00    8.000000000000000E-01    0.000000000000000E+00
    5.300000000000001E+00    8.000000000000000E-01    0.000000000000000E+00
    5.400000000000000E+00    8.000000000000000E-01    0.000000000000000E+00
    5.500000000000000E+00    8.000000000000000E-01    0.000000000000000E+00
    5.600000000000001E+00    8.000000000000000E-01    0.000000000000000E+00
    5.700000000000000E+00    8.000000000000000E-01    0.000000000000000E+00
    5.800000000000001E+00    8.000000000000000E-01    0.000000000000000E+00
    5.900000000000000E+00    8.000000000000000E-01    0.000000000000000E+00
    6.000000000000000E+00    8.000000000000000E-01    0.000000000000000E+00
    6.100000000000001E+00    8.000000000000000E-01    0.000000000000000E+00
    6.200000000000000E+00    8.000000000000000E-01    0.000000000000000E+00
    6.300000000000001E+00    8.000000000000000E-01    0.000000000000000E+00
    6.400000000000000E+00    8.000000000000000E-01    0.000000000000000E+00
    6.500000000000000E+00    8.000000000000000E-01    0.000000000000000E+00
    6.600000000000001E+00    8.000000000000000E-01    0.000000000000000E+00
    6.700000000000000E+00    8.000000000000000E-01    0.000000000000000E+00
    6.800000000000001E+00    8.000000000000000E-01    0.000000000000000E+00
    6.900000000000000E+00    8.000000000000000E-01    0.000000000000000E+00
    7.000000000000000E+00    8.000000000000000E-01    0.000000000000000E+00
    7.100000000000001E+00    8.000000000000000E-01    0.000000000000000E+00
    7.200000000000000E+00    8.000000000000000E-01    0.000000000000000E+00
    7.300000000000001E+00    8.000000000000000E-01    0.000000000000000E+00
    7.400000000000000E+00    8.000000000000000E-01    0.000000000000000E+00
    7.500000000000000E+00    8.000000000000000E-01    0.000000000000000E+00
    7.600000000000001E+00    8.000000000000000E-01    0.000000000000000E+00
    7.700000000000000E+00    8.000000000000000E-01    0.000000000000000E+00
    7.800000000000001E+00    8.000000000000000E-01    0.000000000000000E+00
    7.900000000000000E+00    8.000000000000000E-01    0.000000000000000E+00
    8.000000000000000E+00    8.000000000000000E-01    0.000000000000000E+00
    0.000000000000000E+00    8.250000000000001E-01    0.000000000000000E+00
    1.000000000000000E-01    8.250000000000001E-01    0.000000000000000E+00
    2.000000000000000E-01    8.250000000000001E-01    0.000000000000000E+00
    3.000000000000000E-01    8.250000000000001E-01    0.000000000000000E+00
    4.000000000000000E-01    8.250000000000001E-01    0.000000000000000E+00
    5.000000000000000E-01    8.250000000000001E-01    0.000000000000000E+00
    6.000000000000001E-01    8.250000000000001E-01    0.000000000000000E+00
    7.000000000000001E-01    8.250000000000001E-01    0.000000000000000E+00
    8.000000000000000E-01    8.250000000000001E-01    0.000000000000000E+00
    9.000000000000000E-01    8.250000000000001E-01    0.000000000000000E+00
    1.000000000000000E+00    8.250000000000001E-01    0.000000000000000E+00
    1.100000000000000E+00    8.250000000000001E-01    0.000000000000000E+00
    1.200000000000000E+00    8.250000000000001E-01    0.000000000000000E+00
    1.300000000000000E+00    8.250000000000001E-01    0.000000000000000E+00
    1.400000000000000E+00    8.250000000000001E-01    0.000000000000000E+00
    1.500000000000000E+00    8.250000000000001E-01    0.000000000000000E+00
    1.600000000000000E+00    8.250000000000001E-01    0.000000000000000E+00
    1.700000000000000E+00    8.250000000000001E-01    0.000000000000000E+00
    1.800000000000000E+00    8.250000000000001E-01    0.000000000000000E+00
    1.900000000000000E+00    8.250000000000001E-01    0.000000000000000E+00
    2.000000000000000E+00    8.250000000000001E-01    0.000000000000000E+00
    2.100000000000000E+00    8.250000000000001E-01    0.000000000000000E+00
    2.200000000000000E+00    8.250000000000001E-01    0.000000000000000E+00
    2.300000000000000E+00    8.250000000000001E-01    0.000000000000000E+00
    2.400000000000000E+00    8.250000000000001E-01    0.000000000000000E+00
    2.500000000000000E+00    8.250000000000001E-01    0.000000000000000E+00
    2.600000000000000E+00    8.250000000000001E-01    0.000000000000000E+00
    2.700000000000000E+00    8.250000000000001E-01    0.000000000000000E+00
    2.800000000000000E+00    8.250000000000001E-01    0.000000000000000E+00
    2.900000000000000E+00    8.250000000000001E-01    0.000000000000000E+00
    3.000000000000000E+00    8.250000000000001E-01    0.000000000000000E+00
    3.100000000000000E+00    8.250000000000001E-01    0.000000000000000E+00
    3.200000000000000E+00    8.250000000000001E-01    0.000000000000000E+00
    3.300000000000000E+00    8.250000000000001E-01    0.000000000000000E+00
    3.400000000000000E+00    8.250000000000001E-01    0.000000000000000E+00
    3.500000000000000E+00    8.250000000000001E-01    0.000000000000000E+00
    3.600000000000000E+00    8.250000000000001E-01    0.000000000000000E+00
    3.700000000000000E+00    8.250000000000001E-01    0.000000000000000E+00
    3.800000000000000E+00    8.250000000000001E-01    0.000000000000000E+00
    3.900000000000000E+00    8.250000000000001E-01    0.000000000000000E+00
    4.000000000000000E+00    8.250000000000001E-01    0.000000000000000E+00
    4.100000000000001E+00    8.250000000000001E-01    0.000000000000000E+00
    4.200000000000000E+00    8.250000000000001E-01    0.000000000000000E+00
    4.300000000000000E+00    8.250000000000001E-01    0.000000000000000E+00
    4.400000000000000E+00    8.250000000000001E-01    0.000000000000000E+00
    4.500000000000000E+00    8.250000000000001E-01    0.000000000000000E+00
    4.600000000000001E+00    8.250000000000001E-01    0.000000000000000E+00
    4.700000000000000E+00    8.250000000000001E-01    0.000000000000000E+00
    4.800000000000001E+00    8.250000000000001E-01    0.000000000000000E+00
    4.900000000000000E+00    8.250000000000001E-01    0.000000000000000E+00
    5.000000000000000E+00    8.250000000000001E-01    0.000000000000000E+00
    5.100000000000001E+00    8.250000000000001E-01    0.000000000000000E+00
    5.200000000000000E+00    8.250000000000001E-01    0.000000000000000E+00
    5.300000000000001E+00    8.250000000000001E-01    0.000000000000000E+00
    5.400000000000000E+00    8.250000000000001E-01    0.000000000000000E+00
    5.500000000000000E+00    8.250000000000001E-01    0.000000000000000E+00
    5.600000000000001E+00    8.250000000000001E-01    0.000000000000000E+00
    5.700000000000000E+00    8.250000000000001E-01    0.000000000000000E+00
    5.800000000000001E+00    8.250000000000001E-01    0.000000000000000E+00
    5.900000000000000E+00    8.250000000000001E-01    0.000000000000000E+00
    6.000000000000000E+00    8.250000000000001E-01    0.000000000000000E+00
    6.100000000000001E+00    8.250000000000001E-01    0.000000000000000E+00
    6.200000000000000E+00    8.250000000000001E-01    0.000000000000000E+00
    6.300000000000001E+00    8.250000000000001E-01    0.000000000000000E+00
    6.400000000000000E+00    8.250000000000001E-01    0.000000000000000E+00
    6.500000000000000E+00    8.250000000000001E-01    0.000000000000000E+00
    6.600000000000001E+00    8.250000000000001E-01    0.000000000000000E+00
    6.700000000000000E+00    8.250000000000001E-01    0.000000000000000E+00
    6.800000000000001E+00    8.250000000000001E-01    0.000000000000000E+00
    6.900000000000000E+00    8.250000000000001E-01    0.000000000000000E+00
    7.000000000000000E+00    8.250000000000001E-01    0.000000000000000E+00
    7.100000000000001E+00    8.250000000000001E-01    0.000000000000000E+00
    7.200000000000000E+00    8.250000000000001E-01    0.000000000000000E+00
    7.300000000000001E+00    8.250000000000001E-01    0.000000000000000E+00
    7.400000000000000E+00    8.250000000000001E-01    0.000000000000000E+00
    7.500000000000000E+00    8.250000000000001E-01    0.000000000000000E+00
    7.600000000000001E+00    8.250000000000001E-01    0.000000000000000E+00
    7.700000000000000E+00    8.250000000000001E-01    0.000000000000000E+00
    7.800000000000001E+00    8.250000000000001E-01    0.000000000000000E+00
    7.900000000000000E+00    8.250000000000001E-01    0.000000000000000E+00
    8.000000000000000E+00    8.250000000000001E-01    0.000000000000000E+00
    0.000000000000000E+00    8.500000000000001E-01    0.000000000000000E+00
    1.000000000000000E-01    8.500000000000001E-01    0.000000000000000E+00
    2.000000000000000E-01    8.500000000000001E-01    0.000000000000000E+00
    3.000000000000000E-01    8.500000000000001E-01    0.000000000000000E+00
    4.000000000000000E-01    8.500000000000001E-01    0.000000000000000E+00
    5.000000000000000E-01    8.500000000000001E-01    0.000000000000000E+00
    6.000000000000001E-01    8.500000000000001E-01    0.000000000000000E+00
    7.000000000000001E-01    8.500000000000001E-01    0.000000000000000E+00
    8.000000000000000E-01    8.500000000000001E-01    0.000000000000000E+00
    9.000000000000000E-01    8.500000000000001E-01    0.000000000000000E+00
    1.000000000000000E+00    8.500000000000001E-01    0.000000000000000E+00
    1.100000000000000E+00    8.500000000000001E-01    0.000000000000000E+00
    1.200000000000000E+00    8.500000000000001E-01    0.000000000000000E+00
    1.300000000000000E+00    8.500000000000001E-01    0.000000000000000E+00
    1.400000000000000E+00    8.500000000000001E-01    0.000000000000000E+00
    1.500000000000000E+00    8.500000000000001E-01    0.000000000000000E+00
    1.600000000000000E+00    8.500000000000001E-01    0.000000000000000E+00
    1.700000000000000E+00    8.500000000000001E-01    0.000000000000000E+00
    1.800000000000000E+00    8.500000000000001E-01    0.000000000000000E+00
    1.900000000000000E+00    8.500000000000001E-01    0.000000000000000E+00
    2.000000000000000E+00    8.500000000000001E-01    0.000000000000000E+00
    2.100000000000000E+00    8.500000000000001E-01    0.000000000000000E+00
    2.200000000000000E+00    8.500000000000001E-01    0.000000000000000E+00
    2.300000000000000E+00    8.500000000000001E-01    0.000000000000000E+00
    2.400000000000000E+00    8.500000000000001E-01    0.000000000000000E+00
    2.500000000000000E+00    8.500000000000001E-01    0.000000000000000E+00
    2.600000000000000E+00    8.500000000000001E-01    0.000000000000000E+00
    2.700000000000000E+00    8.500000000000001E-01    0.000000000000000E+00
    2.800000000000000E+00    8.500000000000001E-01    0.000000000000000E+00
    2.900000000000000E+00    8.500000000000001E-01    0.000000000000000E+00
    3.000000000000000E+00    8.500000000000001E-01    0.000000000000000E+00
    3.100000000000000E+00    8.500000000000001E-01    0.000000000000000E+00
    3.200000000000000E+00    8.500000000000001E-01    0.000000000000000E+00
    3.300000000000000E+00    8.500000000000001E-01    0.000000000000000E+00
    3.400000000000000E+00    8.500000000000001E-01    0.000000000000000E+00
    3.500000000000000E+00    8.500000000000001E-01    0.000000000000000E+00
    3.600000000000000E+00    8.500000000000001E-01    0.000000000000000E+00
    3.700000000000000E+00    8.500000000000001E-01    0.000000000000000E+00
    3.800000000000000E+00    8.500000000000001E-01    0.000000000000000E+00
    3.900000000000000E+00    8.500000000000001E-01    0.000000000000000E+00
    4.000000000000000E+00    8.500000000000001E-01    0.000000000000000E+00
    4.100000000000001E+00    8.500000000000001E-01    0.000000000000000E+00
    4.200000000000000E+00    8.500000000000001E-01    0.000000000000000E+00
    4.300000000000000E+00    8.500000000000001E-01    0.000000000000000E+00
    4.400000000000000E+00    8.500000000000001E-01    0.000000000000000E+00
    4.500000000000000E+00    8.500000000000001E-01    0.000000000000000E+00
    4.600000000000001E+00    8.500000000000001E-01    0.000000000000000E+00
    4.700000000000000E+00    8.500000000000001E-01    0.000000000000000E+00
    4.800000000000001E+00    8.500000000000001E-01    0.000000000000000E+00
    4.900000000000000E+00    8.500000000000001E-01    0.000000000000000E+00
    5.000000000000000E+00    8.500000000000001E-01    0.000000000000000E+00
    5.100000000000001E+00    8.500000000000001E-01    0.000000000000000E+00
    5.200000000000000E+00    8.500000000000001E-01    0.000000000000000E+00
    5.300000000000001E+00    8.500000000000001E-01    0.000000000000000E+00
    5.400000000000000E+00    8.500000000000001E-01    0.000000000000000E+00
    5.500000000000000E+00    8.500000000000001E-01    0.000000000000000E+00
    5.600000000000001E+00    8.500000000000001E-01    0.000000000000000E+00
    5.700000000000000E+00    8.500000000000001E-01    0.000000000000000E+00
    5.800000000000001E+00    8.500000000000001E-01    0.000000000000000E+00
    5.900000000000000E+00    8.500000000000001E-01    0.000000000000000E+00
    6.000000000000000E+00    8.500000000000001E-01    0.000000000000000E+00
    6.100000000000001E+00    8.500000000000001E-01    0.000000000000000E+00
    6.200000000000000E+00    8.500000000000001E-01    0.000000000000000E+00
    6.300000000000001E+00    8.500000000000001E-01    0.000000000000000E+00
    6.400000000000000E+00    8.500000000000001E-01    0.000000000000000E+00
    6.500000000000000E+00    8.500000000000001E-01    0.000000000000000E+00
    6.600000000000001E+00    8.500000000000001E-01    0.000000000000000E+00
    6.700000000000000E+00    8.500000000000001E-01    0.000000000000000E+00
    6.800000000000001E+00    8.500000000000001E-01    0.000000000000000E+00
    6.900000000000000E+00    8.500000000000001E-01    0.000000000000000E+00
    7.000000000000000E+00    8.500000000000001E-01    0.000000000000000E+00
    7.100000000000001E+00    8.500000000000001E-01    0.000000000000000E+00
    7.200000000000000E+00    8.500000000000001E-01    0.000000000000000E+00
    7.300000000000001E+00    8.500000000000001E-01    0.000000000000000E+00
    7.400000000000000E+00    8.500000000000001E-01    0.000000000000000E+00
    7.500000000000000E+00    8.500000000000001E-01    0.000000000000000E+00
    7.600000000000001E+00    8.500000000000001E-01    0.000000000000000E+00
    7.700000000000000E+00    8.500000000000001E-01    0.000000000000000E+00
    7.800000000000001E+00    8.500000000000001E-01    0.000000000000000E+00
    7.900000000000000E+00    8.500000000000001E-01    0.000000000000000E+00
    8.000000000000000E+00    8.500000000000001E-01    0.000000000000000E+00
    0.000000000000000E+00    8.750000000000000E-01    0.000000000000000E+00
    1.000000000000000E-01    8.750000000000000E-01    0.000000000000000E+00
    2.000000000000000E-01    8.750000000000000E-01    0.000000000000000E+00
    3.000000000000000E-01    8.750000000000000E-01    0.000000000000000E+00
    4.000000000000000E-01    8.750000000000000E-01    0.000000000000000E+00
    5.000000000000000E-01    8.750000000000000E-01    0.000000000000000E+00
    6.000000000000001E-01    8.750000000000000E-01    0.000000000000000E+00
    7.000000000000001E-01    8.750000000000000E-01    0.000000000000000E+00
    8.000000000000000E-01    8.750000000000000E-01    0.000000000000000E+00
    9.000000000000000E-01    8.750000000000000E-01    0.000000000000000E+00
    1.000000000000000E+00    8.750000000000000E-01    0.000000000000000E+00
    1.100000000000000E+00    8.750000000000000E-01    0.000000000000000E+00
    1.200000000000000E+00    8.750000000000000E-01    0.000000000000000E+00
    1.300000000000000E+00    8.750000000000000E-01    0.000000000000000E+00
    1.400000000000000E+00    8.750000000000000E-01    0.000000000000000E+00
    1.500000000000000E+00    8.750000000000000E-01    0.000000000000000E+00
    1.600000000000000E+00    8.750000000000000E-01    0.000000000000000E+00
    1.700000000000000E+00    8.750000000000000E-01    0.000000000000000E+00
    1.800000000000000E+00    8.750000000000000E-01    0.000000000000000E+00
    1.900000000000000E+00    8.750000000000000E-01    0.000000000000000E+00
    2.000000000000000E+00    8.750000000000000E-01    0.000000000000000E+00
    2.100000000000000E+00    8.750000000000000E-01    0.000000000000000E+00
    2.200000000000000E+00    8.750000000000000E-01    0.000000000000000E+00
    2.300000000000000E+00    8.750000000000000E-01    0.000000000000000E+00
    2.400000000000000E+00    8.750000000000000E-01    0.000000000000000E+00
    2.500000000000000E+00    8.750000000000000E-01    0.000000000000000E+00
    2.600000000000000E+00    8.750000000000000E-01    0.000000000000000E+00
    2.700000000000000E+00    8.750000000000000E-01    0.000000000000000E+00
    2.800000000000000E+00    8.750000000000000E-01    0.000000000000000E+00
    2.900000000000000E+00    8.750000000000000E-01    0.000000000000000E+00
    3.000000000000000E+00    8.750000000000000E-01    0.000000000000000E+00
    3.100000000000000E+00    8.750000000000000E-01    0.000000000000000E+00
    3.200000000000000E+00    8.750000000000000E-01    0.000000000000000E+00
    3.300000000000000E+00    8.750000000000000E-01    0.000000000000000E+00
    3.400000000000000E+00    8.750000000000000E-01    0.000000000000000E+00
    3.500000000000000E+00    8.750000000000000E-01    0.000000000000000E+00
    3.600000000000000E+00    8.750000000000000E-01    0.000000000000000E+00
    3.700000000000000E+00    8.750000000000000E-01    0.000000000000000E+00
    3.800000000000000E+00    8.750000000000000E-01    0.000000000000000E+00
    3.900000000000000E+00    8.750000000000000E-01    0.000000000000000E+00
    4.000000000000000E+00    8.750000000000000E-01    0.000000000000000E+00
    4.100000000000001E+00    8.750000000000000E-01    0.000000000000000E+00
    4.200000000000000E+00    8.750000000000000E-01    0.000000000000000E+00
    4.300000000000000E+00    8.750000000000000E-01    0.000000000000000E+00
    4.400000000000000E+00    8.750000000000000E-01    0.000000000000000E+00
    4.500000000000000E+00    8.750000000000000E-01    0.000000000000000E+00
    4.600000000000001E+00    8.750000000000000E-01    0.000000000000000E+00
    4.700000000000000E+00    8.750000000000000E-01    0.000000000000000E+00
    4.800000000000001E+00    8.750000000000000E-01    0.000000000000000E+00
    4.900000000000000E+00    8.750000000000000E-01    0.000000000000000E+00
    5.000000000000000E+00    8.750000000000000E-01    0.000000000000000E+00
    5.100000000000001E+00    8.750000000000000E-01    0.000000000000000E+00
    5.200000000000000E+00    8.750000000000000E-01    0.000000000000000E+00
    5.300000000000001E+00    8.750000000000000E-01    0.000000000000000E+00
    5.400000000000000E+00    8.750000000000000E-01    0.000000000000000E+00
    5.500000000000000E+00    8.750000000000000E-01    0.000000000000000E+00
    5.600000000000001E+00    8.750000000000000E-01    0.000000000000000E+00
    5.700000000000000E+00    8.750000000000000E-01    0.000000000000000E+00
    5.800000000000001E+00    8.750000000000000E-01    0.000000000000000E+00
    5.900000000000000E+00    8.750000000000000E-01    0.000000000000000E+00
    6.000000000000000E+00    8.750000000000000E-01    0.000000000000000E+00
    6.100000000000001E+00    8.750000000000000E-01    0.000000000000000E+00
    6.200000000000000E+00    8.750000000000000E-01    0.000000000000000E+00
    6.300000000000001E+00    8.750000000000000E-01    0.000000000000000E+00
    6.400000000000000E+00    8.750000000000000E-01    0.000000000000000E+00
    6.500000000000000E+00    8.750000000000000E-01    0.000000000000000E+00
    6.600000000000001E+00    8.750000000000000E-01    0.000000000000000E+00
    6.700000000000000E+00    8.750000000000000E-01    0.000000000000000E+00
    6.800000000000001E+00    8.750000000000000E-01    0.000000000000000E+00
    6.900000000000000E+00    8.750000000000000E-01    0.000000000000000E+00
    7.000000000000000E+00    8.750000000000000E-01    0.000000000000000E+00
    7.100000000000001E+00    8.750000000000000E-01    0.000000000000000E+00
    7.200000000000000E+00    8.750000000000000E-01    0.000000000000000E+00
    7.300000000000001E+00    8.750000000000000E-01    0.000000000000000E+00
    7.400000000000000E+00    8.750000000000000E-01    0.000000000000000E+00
    7.500000000000000E+00    8.750000000000000E-01    0.000000000000000E+00
    7.600000000000001E+00    8.750000000000000E-01    0.000000000000000E+00
    7.700000000000000E+00    8.750000000000000E-01    0.000000000000000E+00
    7.800000000000001E+00    8.750000000000000E-01    0.000000000000000E+00
    7.900000000000000E+00    8.750000000000000E-01    0.000000000000000E+00
    8.000000000000000E+00    8.750000000000000E-01    0.000000000000000E+00
    0.000000000000000E+00    9.000000000000000E-01    0.000000000000000E+00
    1.000000000000000E-01    9.000000000000000E-01    0.000000000000000E+00
    2.000000000000000E-01    9.000000000000000E-01    0.000000000000000E+00
    3.000000000000000E-01    9.000000000000000E-01    0.000000000000000E+00
    4.000000000000000E-01    9.000000000000000E-01    0.000000000000000E+00
    5.000000000000000E-01    9.000000000000000E-01    0.000000000000000E+00
    6.000000000000001E-01    9.000000000000000E-01    0.000000000000000E+00
    7.000000000000001E-01    9.000000000000000E-01    0.000000000000000E+00
    8.000000000000000E-01    9.000000000000000E-01    0.000000000000000E+00
    9.000000000000000E-01    9.000000000000000E-01    0.000000000000000E+00
    1.000000000000000E+00    9.000000000000000E-01    0.000000000000000E+00
    1.100000000000000E+00    9.000000000000000E-01    0.000000000000000E+00
    1.200000000000000E+00    9.000000000000000E-01    0.000000000000000E+00
    1.300000000000000E+00    9.000000000000000E-01    0.000000000000000E+00
    1.400000000000000E+00    9.000000000000000E-01    0.000000000000000E+00
    1.500000000000000E+00    9.000000000000000E-01    0.000000000000000E+00
    1.600000000000000E+00    9.000000000000000E-01    0.000000000000000E+00
    1.700000000000000E+00    9.000000000000000E-01    0.000000000000000E+00
    1.800000000000000E+00    9.000000000000000E-01    0.000000000000000E+00
    1.900000000000000E+00    9.000000000000000E-01    0.000000000000000E+00
    2.000000000000000E+00    9.000000000000000E-01    0.000000000000000E+00
    2.100000000000000E+00    9.000000000000000E-01    0.000000000000000E+00
    2.200000000000000E+00    9.000000000000000E-01    0.000000000000000E+00
    2.300000000000000E+00    9.000000000000000E-01    0.000000000000000E+00
    2.400000000000000E+00    9.000000000000000E-01    0.000000000000000E+00
    2.500000000000000E+00    9.000000000000000E-01    0.000000000000000E+00
    2.600000000000000E+00    9.000000000000000E-01    0.000000000000000E+00
    2.700000000000000E+00    9.000000000000000E-01    0.000000000000000E+00
    2.800000000000000E+00    9.000000000000000E-01    0.000000000000000E+00
    2.900000000000000E+00    9.000000000000000E-01    0.000000000000000E+00
    3.000000000000000E+00    9.000000000000000E-01    0.000000000000000E+00
    3.100000000000000E+00    9.000000000000000E-01    0.000000000000000E+00
    3.200000000000000E+00    9.000000000000000E-01    0.000000000000000E+00
    3.300000000000000E+00    9.000000000000000E-01    0.000000000000000E+00
    3.400000000000000E+00    9.000000000000000E-01    0.000000000000000E+00
    3.500000000000000E+00    9.000000000000000E-01    0.000000000000000E+00
    3.600000000000000E+00    9.000000000000000E-01    0.000000000000000E+00
    3.700000000000000E+00    9.000000000000000E-01    0.000000000000000E+00
    3.800000000000000E+00    9.000000000000000E-01    0.000000000000000E+00
    3.900000000000000E+00    9.000000000000000E-01    0.000000000000000E+00
    4.000000000000000E+00    9.000000000000000E-01    0.000000000000000E+00
    4.100000000000001E+00    9.000000000000000E-01    0.000000000000000E+00
    4.200000000000000E+00    9.000000000000000E-01    0.000000000000000E+00
    4.300000000000000E+00    9.000000000000000E-01    0.000000000000000E+00
    4.400000000000000E+00    9.000000000000000E-01    0.000000000000000E+00
    4.500000000000000E+00    9.000000000000000E-01    0.000000000000000E+00
    4.600000000000001E+00    9.000000000000000E-01    0.000000000000000E+00
    4.700000000000000E+00    9.000000000000000E-01    0.000000000000000E+00
    4.800000000000001E+00    9.000000000000000E-01    0.000000000000000E+00
    4.900000000000000E+00    9.000000000000000E-01    0.000000000000000E+00
    5.000000000000000E+00    9.000000000000000E-01    0.000000000000000E+00
    5.100000000000001E+00    9.000000000000000E-01    0.000000000000000E+00
    5.200000000000000E+00    9.000000000000000E-01    0.000000000000000E+00
    5.300000000000001E+00    9.000000000000000E-01    0.000000000000000E+00
    5.400000000000000E+00    9.000000000000000E-01    0.000000000000000E+00
    5.500000000000000E+00    9.000000000000000E-01    0.000000000000000E+00
    5.600000000000001E+00    9.000000000000000E-01    0.000000000000000E+00
    5.700000000000000E+00    9.000000000000000E-01    0.000000000000000E+00
    5.800000000000001E+00    9.000000000000000E-01    0.000000000000000E+00
    5.900000000000000E+00    9.000000000000000E-01    0.000000000000000E+00
    6.000000000000000E+00    9.000000000000000E-01    0.000000000000000E+00
    6.100000000000001E+00    9.000000000000000E-01    0.000000000000000E+00
    6.200000000000000E+00    9.000000000000000E-01    0.000000000000000E+00
    6.300000000000001E+00    9.000000000000000E-01    0.000000000000000E+00
    6.400000000000000E+00    9.000000000000000E-01    0.000000000000000E+00
    6.500000000000000E+00    9.000000000000000E-01    0.000000000000000E+00
    6.600000000000001E+00    9.000000000000000E-01    0.000000000000000E+00
    6.700000000000000E+00    9.000000000000000E-01    0.000000000000000E+00
    6.800000000000001E+00    9.000000000000000E-01    0.000000000000000E+00
    6.900000000000000E+00    9.000000000000000E-01    0.000000000000000E+00
    7.000000000000000E+00    9.000000000000000E-01    0.000000000000000E+00
    7.100000000000001E+00    9.000000000000000E-01    0.000000000000000E+00
    7.200000000000000E+00    9.000000000000000E-01    0.000000000000000E+00
    7.300000000000001E+00    9.000000000000000E-01    0.000000000000000E+00
    7.400000000000000E+00    9.000000000000000E-01    0.000000000000000E+00
    7.500000000000000E+00    9.000000000000000E-01    0.000000000000000E+00
    7.600000000000001E+00    9.000000000000000E-01    0.000000000000000E+00
    7.700000000000000E+00    9.000000000000000E-01    0.000000000000000E+00
    7.800000000000001E+00    9.000000000000000E-01    0.000000000000000E+00
    7.900000000000000E+00    9.000000000000000E-01    0.000000000000000E+00
    8.000000000000000E+00    9.000000000000000E-01    0.000000000000000E+00
    0.000000000000000E+00    9.250000000000000E-01    0.000000000000000E+00
    1.000000000000000E-01    9.250000000000000E-01    0.000000000000000E+00
    2.000000000000000E-01    9.250000000000000E-01    0.000000000000000E+00
    3.000000000000000E-01    9.250000000000000E-01    0.000000000000000E+00
    4.000000000000000E-01    9.250000000000000E-01    0.000000000000000E+00
    5.000000000000000E-01    9.250000000000000E-01    0.000000000000000E+00
    6.000000000000001E-01    9.250000000000000E-01    0.000000000000000E+00
    7.000000000000001E-01    9.250000000000000E-01    0.000000000000000E+00
    8.000000000000000E-01    9.250000000000000E-01    0.000000000000000E+00
    9.000000000000000E-01    9.250000000000000E-01    0.000000000000000E+00
    1.000000000000000E+00    9.250000000000000E-01    0.000000000000000E+00
    1.100000000000000E+00    9.250000000000000E-01    0.000000000000000E+00
    1.200000000000000E+00    9.250000000000000E-01    0.000000000000000E+00
    1.300000000000000E+00    9.250000000000000E-01    0.000000000000000E+00
    1.400000000000000E+00    9.250000000000000E-01    0.000000000000000E+00
    1.500000000000000E+00    9.250000000000000E-01    0.000000000000000E+00
    1.600000000000000E+00    9.250000000000000E-01    0.000000000000000E+00
    1.700000000000000E+00    9.250000000000000E-01    0.000000000000000E+00
    1.800000000000000E+00    9.250000000000000E-01    0.000000000000000E+00
    1.900000000000000E+00    9.250000000000000E-01    0.000000000000000E+00
    2.000000000000000E+00    9.250000000000000E-01    0.000000000000000E+00
    2.100000000000000E+00    9.250000000000000E-01    0.000000000000000E+00
    2.200000000000000E+00    9.250000000000000E-01    0.000000000000000E+00
    2.300000000000000E+00    9.250000000000000E-01    0.000000000000000E+00
    2.400000000000000E+00    9.250000000000000E-01    0.000000000000000E+00
    2.500000000000000E+00    9.250000000000000E-01    0.000000000000000E+00
    2.600000000000000E+00    9.250000000000000E-01    0.000000000000000E+00
    2.700000000000000E+00    9.250000000000000E-01    0.000000000000000E+00
    2.800000000000000E+00    9.250000000000000E-01    0.000000000000000E+00
    2.900000000000000E+00    9.250000000000000E-01    0.000000000000000E+00
    3.000000000000000E+00    9.250000000000000E-01    0.000000000000000E+00
    3.100000000000000E+00    9.250000000000000E-01    0.000000000000000E+00
    3.200000000000000E+00    9.250000000000000E-01    0.000000000000000E+00
    3.300000000000000E+00    9.250000000000000E-01    0.000000000000000E+00
    3.400000000000000E+00    9.250000000000000E-01    0.000000000000000E+00
    3.500000000000000E+00    9.250000000000000E-01    0.000000000000000E+00
    3.600000000000000E+00    9.250000000000000E-01    0.000000000000000E+00
    3.700000000000000E+00    9.250000000000000E-01    0.000000000000000E+00
    3.800000000000000E+00    9.250000000000000E-01    0.000000000000000E+00
    3.900000000000000E+00    9.250000000000000E-01    0.000000000000000E+00
    4.000000000000000E+00    9.250000000000000E-01    0.000000000000000E+00
    4.100000000000001E+00    9.250000000000000E-01    0.000000000000000E+00
    4.200000000000000E+00    9.250000000000000E-01    0.000000000000000E+00
    4.300000000000000E+00    9.250000000000000E-01    0.000000000000000E+00
    4.400000000000000E+00    9.250000000000000E-01    0.000000000000000E+00
    4.500000000000000E+00    9.250000000000000E-01    0.000000000000000E+00
    4.600000000000001E+00    9.250000000000000E-01    0.000000000000000E+00
    4.700000000000000E+00    9.250000000000000E-01    0.000000000000000E+00
    4.800000000000001E+00    9.250000000000000E-01    0.000000000000000E+00
    4.900000000000000E+00    9.250000000000000E-01    0.000000000000000E+00
    5.000000000000000E+00    9.250000000000000E-01    0.000000000000000E+00
    5.100000000000001E+00    9.250000000000000E-01    0.000000000000000E+00
    5.200000000000000E+00    9.250000000000000E-01    0.000000000000000E+00
    5.300000000000001E+00    9.250000000000000E-01    0.000000000000000E+00
    5.400000000000000E+00    9.250000000000000E-01    0.000000000000000E+00
    5.500000000000000E+00    9.250000000000000E-01    0.000000000000000E+00
    5.600000000000001E+00    9.250000000000000E-01    0.000000000000000E+00
    5.700000000000000E+00    9.250000000000000E-01    0.000000000000000E+00
    5.800000000000001E+00    9.250000000000000E-01    0.000000000000000E+00
    5.900000000000000E+00    9.250000000000000E-01    0.000000000000000E+00
    6.000000000000000E+00    9.250000000000000E-01    0.000000000000000E+00
    6.100000000000001E+00    9.250000000000000E-01    0.000000000000000E+00
    6.200000000000000E+00    9.250000000000000E-01    0.000000000000000E+00
    6.300000000000001E+00    9.250000000000000E-01    0.000000000000000E+00
    6.400000000000000E+00    9.250000000000000E-01    0.000000000000000E+00
    6.500000000000000E+00    9.250000000000000E-01    0.000000000000000E+00
    6.600000000000001E+00    9.250000000000000E-01    0.000000000000000E+00
    6.700000000000000E+00    9.250000000000000E-01    0.000000000000000E+00
    6.800000000000001E+00    9.250000000000000E-01    0.000000000000000E+00
    6.900000000000000E+00    9.250000000000000E-01    0.000000000000000E+00
    7.000000000000000E+00    9.250000000000000E-01    0.000000000000000E+00
    7.100000000000001E+00    9.250000000000000E-01    0.000000000000000E+00
    7.200000000000000E+00    9.250000000000000E-01    0.000000000000000E+00
    7.300000000000001E+00    9.250000000000000E-01    0.000000000000000E+00
    7.400000000000000E+00    9.250000000000000E-01    0.000000000000000E+00
    7.500000000000000E+00    9.250000000000000E-01    0.000000000000000E+00
    7.600000000000001E+00    9.250000000000000E-01    0.000000000000000E+00
    7.700000000000000E+00    9.250000000000000E-01    0.000000000000000E+00
    7.800000000000001E+00    9.250000000000000E-01    0.000000000000000E+00
    7.900000000000000E+00    9.250000000000000E-01    0.000000000000000E+00
    8.000000000000000E+00    9.250000000000000E-01    0.000000000000000E+00
    0.000000000000000E+00    9.500000000000001E-01    0.000000000000000E+00
    1.000000000000000E-01    9.500000000000001E-01    0.000000000000000E+00
    2.000000000000000E-01    9.500000000000001E-01    0.000000000000000E+00
    3.000000000000000E-01    9.500000000000001E-01    0.000000000000000E+00
    4.000000000000000E-01    9.500000000000001E-01    0.000000000000000E+00
    5.000000000000000E-01    9.500000000000001E-01    0.000000000000000E+00
    6.000000000000001E-01    9.500000000000001E-01    0.000000000000000E+00
    7.000000000000001E-01    9.500000000000001E-01    0.000000000000000E+00
    8.000000000000000E-01    9.500000000000001E-01    0.000000000000000E+00
    9.000000000000000E-01    9.500000000000001E-01    0.000000000000000E+00
    1.000000000000000E+00    9.500000000000001E-01    0.000000000000000E+00
    1.100000000000000E+00    9.500000000000001E-01    0.000000000000000E+00
    1.200000000000000E+00    9.500000000000001E-01    0.000000000000000E+00
    1.300000000000000E+00    9.500000000000001E-01    0.000000000000000E+00
    1.400000000000000E+00    9.500000000000001E-01    0.000000000000000E+00
    1.500000000000000E+00    9.500000000000001E-01    0.000000000000000E+00
    1.600000000000000E+00    9.500000000000001E-01    0.000000000000000E+00
    1.700000000000000E+00    9.500000000000001E-01    0.000000000000000E+00
    1.800000000000000E+00    9.500000000000001E-01    0.000000000000000E+00
    1.900000000000000E+00    9.500000000000001E-01    0.000000000000000E+00
    2.000000000000000E+00    9.500000000000001E-01    0.000000000000000E+00
    2.100000000000000E+00    9.500000000000001E-01    0.000000000000000E+00
    2.200000000000000E+00    9.500000000000001E-01    0.000000000000000E+00
    2.300000000000000E+00    9.500000000000001E-01    0.000000000000000E+00
    2.400000000000000E+00    9.500000000000001E-01    0.000000000000000E+00
    2.500000000000000E+00    9.500000000000001E-01    0.000000000000000E+00
    2.600000000000000E+00    9.500000000000001E-01    0.000000000000000E+00
    2.700000000000000E+00    9.500000000000001E-01    0.000000000000000E+00
    2.800000000000000E+00    9.500000000000001E-01    0.000000000000000E+00
    2.900000000000000E+00    9.500000000000001E-01    0.000000000000000E+00
    3.000000000000000E+00    9.500000000000001E-01    0.000000000000000E+00
    3.100000000000000E+00    9.500000000000001E-01    0.000000000000000E+00
    3.200000000000000E+00    9.500000000000001E-01    0.000000000000000E+00
    3.300000000000000E+00    9.500000000000001E-01    0.000000000000000E+00
    3.400000000000000E+00    9.500000000000001E-01    0.000000000000000E+00
    3.500000000000000E+00    9.500000000000001E-01    0.000000000000000E+00
    3.600000000000000E+00    9.500000000000001E-01    0.000000000000000E+00
    3.700000000000000E+00    9.500000000000001E-01    0.000000000000000E+00
    3.800000000000000E+00    9.500000000000001E-01    0.000000000000000E+00
    3.900000000000000E+00    9.500000000000001E-01    0.000000000000000E+00
    4.000000000000000E+00    9.500000000000001E-01    0.000000000000000E+00
    4.100000000000001E+00    9.500000000000001E-01    0.000000000000000E+00
    4.200000000000000E+00    9.500000000000001E-01    0.000000000000000E+00
    4.300000000000000E+00    9.500000000000001E-01    0.000000000000000E+00
    4.400000000000000E+00    9.500000000000001E-01    0.000000000000000E+00
    4.500000000000000E+00    9.500000000000001E-01    0.000000000000000E+00
    4.600000000000001E+00    9.500000000000001E-01    0.000000000000000E+00
    4.700000000000000E+00    9.500000000000001E-01    0.000000000000000E+00
    4.800000000000001E+00    9.500000000000001E-01    0.000000000000000E+00
    4.900000000000000E+00    9.500000000000001E-01    0.000000000000000E+00
    5.000000000000000E+00    9.500000000000001E-01    0.000000000000000E+00
    5.100000000000001E+00    9.500000000000001E-01    0.000000000000000E+00
    5.200000000000000E+00    9.500000000000001E-01    0.000000000000000E+00
    5.300000000000001E+00    9.500000000000001E-01    0.000000000000000E+00
    5.400000000000000E+00    9.500000000000001E-01    0.000000000000000E+00
    5.500000000000000E+00    9.500000000000001E-01    0.000000000000000E+00
    5.600000000000001E+00    9.500000000000001E-01    0.000000000000000E+00
    5.700000000000000E+00    9.500000000000001E-01    0.000000000000000E+00
    5.800000000000001E+00    9.500000000000001E-01    0.000000000000000E+00
    5.900000000000000E+00    9.500000000000001E-01    0.000000000000000E+00
    6.000000000000000E+00    9.500000000000001E-01    0.000000000000000E+00
    6.100000000000001E+00    9.500000000000001E-01    0.000000000000000E+00
    6.200000000000000E+00    9.500000000000001E-01    0.000000000000000E+00
    6.300000000000001E+00    9.500000000000001E-01    0.000000000000000E+00
    6.400000000000000E+00    9.500000000000001E-01    0.000000000000000E+00
    6.500000000000000E+00    9.500000000000001E-01    0.000000000000000E+00
    6.600000000000001E+00    9.500000000000001E-01    0.000000000000000E+00
    6.700000000000000E+00    9.500000000000001E-01    0.000000000000000E+00
    6.800000000000001E+00    9.500000000000001E-01    0.000000000000000E+00
    6.900000000000000E+00    9.500000000000001E-01    0.000000000000000E+00
    7.000000000000000E+00    9.500000000000001E-01    0.000000000000000E+00
    7.100000000000001E+00    9.500000000000001E-01    0.000000000000000E+00
    7.200000000000000E+00    9.500000000000001E-01    0.000000000000000E+00
    7.300000000000001E+00    9.500000000000001E-01    0.000000000000000E+00
    7.400000000000000E+00    9.500000000000001E-01    0.000000000000000E+00
    7.500000000000000E+00    9.500000000000001E-01    0.000000000000000E+00
    7.600000000000001E+00    9.500000000000001E-01    0.000000000000000E+00
    7.700000000000000E+00    9.500000000000001E-01    0.000000000000000E+00
    7.800000000000001E+00    9.500000000000001E-01    0.000000000000000E+00
    7.900000000000000E+00    9.500000000000001E-01    0.000000000000000E+00
    8.000000000000000E+00    9.500000000000001E-01    0.000000000000000E+00
    0.000000000000000E+00    9.750000000000001E-01    0.000000000000000E+00
    1.000000000000000E-01    9.750000000000001E-01    0.000000000000000E+00
    2.000000000000000E-01    9.750000000000001E-01    0.000000000000000E+00
    3.000000000000000E-01    9.750000000000001E-01    0.000000000000000E+00
    4.000000000000000E-01    9.750000000000001E-01    0.000000000000000E+00
    5.000000000000000E-01    9.750000000000001E-01    0.000000000000000E+00
    6.000000000000001E-01    9.750000000000001E-01    0.000000000000000E+00
    7.000000000000001E-01    9.750000000000001E-01    0.000000000000000E+00
    8.000000000000000E-01    9.750000000000001E-01    0.000000000000000E+00
    9.000000000000000E-01    9.750000000000001E-01    0.000000000000000E+00
    1.000000000000000E+00    9.750000000000001E-01    0.000000000000000E+00
    1.100000000000000E+00    9.750000000000001E-01    0.000000000000000E+00
    1.200000000000000E+00    9.750000000000001E-01    0.000000000000000E+00
    1.300000000000000E+00    9.750000000000001E-01    0.000000000000000E+00
    1.400000000000000E+00    9.750000000000001E-01    0.000000000000000E+00
    1.500000000000000E+00    9.750000000000001E-01    0.000000000000000E+00
    1.600000000000000E+00    9.750000000000001E-01    0.000000000000000E+00
    1.700000000000000E+00    9.750000000000001E-01    0.000000000000000E+00
    1.800000000000000E+00    9.750000000000001E-01    0.000000000000000E+00
    1.900000000000000E+00    9.750000000000001E-01    0.000000000000000E+00
    2.000000000000000E+00    9.750000000000001E-01    0.000000000000000E+00
    2.100000000000000E+00    9.750000000000001E-01    0.000000000000000E+00
    2.200000000000000E+00    9.750000000000001E-01    0.000000000000000E+00
    2.300000000000000E+00    9.750000000000001E-01    0.000000000000000E+00
    2.400000000000000E+00    9.750000000000001E-01    0.000000000000000E+00
    2.500000000000000E+00    9.750000000000001E-01    0.000000000000000E+00
    2.600000000000000E+00    9.750000000000001E-01    0.000000000000000E+00
    2.700000000000000E+00    9.750000000000001E-01    0.000000000000000E+00
    2.800000000000000E+00    9.750000000000001E-01    0.000000000000000E+00
    2.900000000000000E+00    9.750000000000001E-01    0.000000000000000E+00
    3.000000000000000E+00    9.750000000000001E-01    0.000000000000000E+00
    3.100000000000000E+00    9.750000000000001E-01    0.000000000000000E+00
    3.200000000000000E+00    9.750000000000001E-01    0.000000000000000E+00
    3.300000000000000E+00    9.750000000000001E-01    0.000000000000000E+00
    3.400000000000000E+00    9.750000000000001E-01    0.000000000000000E+00
    3.500000000000000E+00    9.750000000000001E-01    0.000000000000000E+00
    3.600000000000000E+00    9.750000000000001E-01    0.000000000000000E+00
    3.700000000000000E+00    9.750000000000001E-01    0.000000000000000E+00
    3.800000000000000E+00    9.750000000000001E-01    0.000000000000000E+00
    3.900000000000000E+00    9.750000000000001E-01    0.000000000000000E+00
    4.000000000000000E+00    9.750000000000001E-01    0.000000000000000E+00
    4.100000000000001E+00    9.750000000000001E-01    0.000000000000000E+00
    4.200000000000000E+00    9.750000000000001E-01    0.000000000000000E+00
    4.300000000000000E+00    9.750000000000001E-01    0.000000000000000E+00
    4.400000000000000E+00    9.750000000000001E-01    0.000000000000000E+00
    4.500000000000000E+00    9.750000000000001E-01    0.000000000000000E+00
    4.600000000000001E+00    9.750000000000001E-01    0.000000000000000E+00
    4.700000000000000E+00    9.750000000000001E-01    0.000000000000000E+00
    4.800000000000001E+00    9.750000000000001E-01    0.000000000000000E+00
    4.900000000000000E+00    9.750000000000001E-01    0.000000000000000E+00
    5.000000000000000E+00    9.750000000000001E-01    0.000000000000000E+00
    5.100000000000001E+00    9.750000000000001E-01    0.000000000000000E+00
    5.200000000000000E+00    9.750000000000001E-01    0.000000000000000E+00
    5.300000000000001E+00    9.750000000000001E-01    0.000000000000000E+00
    5.400000000000000E+00    9.750000000000001E-01    0.000000000000000E+00
    5.500000000000000E+00    9.750000000000001E-01    0.000000000000000E+00
    5.600000000000001E+00    9.750000000000001E-01    0.000000000000000E+00
    5.700000000000000E+00    9.750000000000001E-01    0.000000000000000E+00
    5.800000000000001E+00    9.750000000000001E-01    0.000000000000000E+00
    5.900000000000000E+00    9.750000000000001E-01    0.000000000000000E+00
    6.000000000000000E+00    9.750000000000001E-01    0.000000000000000E+00
    6.100000000000001E+00    9.750000000000001E-01    0.000000000000000E+00
    6.200000000000000E+00    9.750000000000001E-01    0.000000000000000E+00
    6.300000000000001E+00    9.750000000000001E-01    0.000000000000000E+00
    6.400000000000000E+00    9.750000000000001E-01    0.000000000000000E+00
    6.500000000000000E+00    9.750000000000001E-01    0.000000000000000E+00
    6.600000000000001E+00    9.750000000000001E-01    0.000000000000000E+00
    6.700000000000000E+00    9.750000000000001E-01    0.000000000000000E+00
    6.800000000000001E+00    9.750000000000001E-01    0.000000000000000E+00
    6.900000000000000E+00    9.750000000000001E-01    0.000000000000000E+00
    7.000000000000000E+00    9.750000000000001E-01    0.000000000000000E+00
    7.100000000000001E+00    9.750000000000001E-01    0.000000000000000E+00
    7.200000000000000E+00    9.750000000000001E-01    0.000000000000000E+00
    7.300000000000001E+00    9.750000000000001E-01    0.000000000000000E+00
    7.400000000000000E+00    9.750000000000001E-01    0.000000000000000E+00
    7.500000000000000E+00    9.750000000000001E-01    0.000000000000000E+00
    7.600000000000001E+00    9.750000000000001E-01    0.000000000000000E+00
    7.700000000000000E+00    9.750000000000001E-01    0.000000000000000E+00
    7.800000000000001E+00    9.750000000000001E-01    0.000000000000000E+00
    7.900000000000000E+00    9.750000000000001E-01    0.000000000000000E+00
    8.000000000000000E+00    9.750000000000001E-01    0.000000000000000E+00
    0.000000000000000E+00    1.000000000000000E+00    0.000000000000000E+00
    1.000000000000000E-01    1.000000000000000E+00    0.000000000000000E+00
    2.000000000000000E-01    1.000000000000000E+00    0.000000000000000E+00
    3.000000000000000E-01    1.000000000000000E+00    0.000000000000000E+00
    4.000000000000000E-01    1.000000000000000E+00    0.000000000000000E+00
    5.000000000000000E-01    1.000000000000000E+00    0.000000000000000E+00
    6.000000000000001E-01    1.000000000000000E+00    0.000000000000000E+00
    7.000000000000001E-01    1.000000000000000E+00    0.000000000000000E+00
    8.000000000000000E-01    1.000000000000000E+00    0.000000000000000E+00
    9.000000000000000E-01    1.000000000000000E+00    0.000000000000000E+00
    1.000000000000000E+00    1.000000000000000E+00    0.000000000000000E+00
    1.100000000000000E+00    1.000000000000000E+00    0.000000000000000E+00
    1.200000000000000E+00    1.000000000000000E+00    0.000000000000000E+00
    1.300000000000000E+00    1.000000000000000E+00    0.000000000000000E+00
    1.400000000000000E+00    1.000000000000000E+00    0.000000000000000E+00
    1.500000000000000E+00    1.000000000000000E+00    0.000000000000000E+00
    1.600000000000000E+00    1.000000000000000E+00    0.000000000000000E+00
    1.700000000000000E+00    1.000000000000000E+00    0.000000000000000E+00
    1.800000000000000E+00    1.000000000000000E+00    0.000000000000000E+00
    1.900000000000000E+00    1.000000000000000E+00    0.000000000000000E+00
    2.000000000000000E+00    1.000000000000000E+00    0.000000000000000E+00
    2.100000000000000E+00    1.000000000000000E+00    0.000000000000000E+00
    2.200000000000000E+00    1.000000000000000E+00    0.000000000000000E+00
    2.300000000000000E+00    1.000000000000000E+00    0.000000000000000E+00
    2.400000000000000E+00    1.000000000000000E+00    0.000000000000000E+00
    2.500000000000000E+00    1.000000000000000E+00    0.000000000000000E+00
    2.600000000000000E+00    1.000000000000000E+00    0.000000000000000E+00
    2.700000000000000E+00    1.000000000000000E+00    0.000000000000000E+00
    2.800000000000000E+00    1.000000000000000E+00    0.000000000000000E+00
    2.900000000000000E+00    1.000000000000000E+00    0.000000000000000E+00
    3.000000000000000E+00    1.000000000000000E+00    0.000000000000000E+00
    3.100000000000000E+00    1.000000000000000E+00    0.000000000000000E+00
    3.200000000000000E+00    1.000000000000000E+00    0.000000000000000E+00
    3.300000000000000E+00    1.000000000000000E+00    0.000000000000000E+00
    3.400000000000000E+00    1.000000000000000E+00    0.000000000000000E+00
    3.500000000000000E+00    1.000000000000000E+00    0.000000000000000E+00
    3.600000000000000E+00    1.000000000000000E+00    0.000000000000000E+00
    3.700000000000000E+00    1.000000000000000E+00    0.000000000000000E+00
    3.800000000000000E+00    1.000000000000000E+00    0.000000000000000E+00
    3.900000000000000E+00    1.000000000000000E+00    0.000000000000000E+00
    4.000000000000000E+00    1.000000000000000E+00    0.000000000000000E+00
    4.100000000000001E+00    1.000000000000000E+00    0.000000000000000E+00
    4.200000000000000E+00    1.000000000000000E+00    0.000000000000000E+00
    4.300000000000000E+00    1.000000000000000E+00    0.000000000000000E+00
    4.400000000000000E+00    1.000000000000000E+00    0.000000000000000E+00
    4.500000000000000E+00    1.000000000000000E+00    0.000000000000000E+00
    4.600000000000001E+00    1.000000000000000E+00    0.000000000000000E+00
    4.700000000000000E+00    1.000000000000000E+00    0.000000000000000E+00
    4.800000000000001E+00    1.000000000000000E+00    0.000000000000000E+00
    4.900000000000000E+00    1.000000000000000E+00    0.000000000000000E+00
    5.000000000000000E+00    1.000000000000000E+00    0.000000000000000E+00
    5.100000000000001E+00    1.000000000000000E+00    0.000000000000000E+00
    5.200000000000000E+00    1.000000000000000E+00    0.000000000000000E+00
    5.300000000000001E+00    1.000000000000000E+00    0.000000000000000E+00
    5.400000000000000E+00    1.000000000000000E+00    0.000000000000000E+00
    5.500000000000000E+00    1.000000000000000E+00    0.000000000000000E+00
    5.600000000000001E+00    1.000000000000000E+00    0.000000000000000E+00
    5.700000000000000E+00    1.000000000000000E+00    0.000000000000000E+00
    5.800000000000001E+00    1.000000000000000E+00    0.000000000000000E+00
    5.900000000000000E+00    1.000000000000000E+00    0.000000000000000E+00
    6.000000000000000E+00    1.000000000000000E+00    0.000000000000000E+00
    6.100000000000001E+00    1.000000000000000E+00    0.000000000000000E+00
    6.200000000000000E+00    1.000000000000000E+00    0.000000000000000E+00
    6.300000000000001E+00    1.000000000000000E+00    0.000000000000000E+00
    6.400000000000000E+00    1.000000000000000E+00    0.000000000000000E+00
    6.500000000000000E+00    1.000000000000000E+00    0.000000000000000E+00
    6.600000000000001E+00    1.000000000000000E+00    0.000000000000000E+00
    6.700000000000000E+00    1.000000000000000E+00    0.000000000000000E+00
    6.800000000000001E+00    1.000000000000000E+00    0.000000000000000E+00
    6.900000000000000E+00    1.000000000000000E+00    0.000000000000000E+00
    7.000000000000000E+00    1.000000000000000E+00    0.000000000000000E+00
    7.100000000000001E+00    1.000000000000000E+00    0.000000000000000E+00
    7.200000000000000E+00    1.000000000000000E+00    0.000000000000000E+00
    7.300000000000001E+00    1.000000000000000E+00    0.000000000000000E+00
    7.400000000000000E+00    1.000000000000000E+00    0.000000000000000E+00
    7.500000000000000E+00    1.000000000000000E+00    0.000000000000000E+00
    7.600000000000001E+00    1.000000000000000E+00    0.000000000000000E+00
    7.700000000000000E+00    1.000000000000000E+00    0.000000000000000E+00
    7.800000000000001E+00    1.000000000000000E+00    0.000000000000000E+00
    7.900000000000000E+00    1.000000000000000E+00    0.000000000000000E+00
    8.000000000000000E+00    1.000000000000000E+00    0.000000000000000E+00
    0.000000000000000E+00    0.000000000000000E+00    1.000000000000000E+00
    1.000000000000000E-01    0.000000000000000E+00    1.000000000000000E+00
    2.000000000000000E-01    0.000000000000000E+00    1.000000000000000E+00
    3.000000000000000E-01    0.000000000000000E+00    1.000000000000000E+00
    4.000000000000000E-01    0.000000000000000E+00    1.000000000000000E+00
    5.000000000000000E-01    0.000000000000000E+00    1.000000000000000E+00
    6.000000000000001E-01    0.000000000000000E+00    1.000000000000000E+00
    7.000000000000001E-01    0.000000000000000E+00    1.000000000000000E+00
    8.000000000000000E-01    0.000000000000000E+00    1.000000000000000E+00
    9.000000000000000E-01    0.000000000000000E+00    1.000000000000000E+00
    1.000000000000000E+00    0.000000000000000E+00    1.000000000000000E+00
    1.100000000000000E+00    0.000000000000000E+00    1.000000000000000E+00
    1.200000000000000E+00    0.000000000000000E+00    1.000000000000000E+00
    1.300000000000000E+00    0.000000000000000E+00    1.000000000000000E+00
    1.400000000000000E+00    0.000000000000000E+00    1.000000000000000E+00
    1.500000000000000E+00    0.000000000000000E+00    1.000000000000000E+00
    1.600000000000000E+00    0.000000000000000E+00    1.000000000000000E+00
    1.700000000000000E+00    0.000000000000000E+00    1.000000000000000E+00
    1.800000000000000E+00    0.000000000000000E+00    1.000000000000000E+00
    1.900000000000000E+00    0.000000000000000E+00    1.000000000000000E+00
    2.000000000000000E+00    0.000000000000000E+00    1.000000000000000E+00
    2.100000000000000E+00    0.000000000000000E+00    1.000000000000000E+00
    2.200000000000000E+00    0.000000000000000E+00    1.000000000000000E+00
    2.300000000000000E+00    0.000000000000000E+00    1.000000000000000E+00
    2.400000000000000E+00    0.000000000000000E+00    1.000000000000000E+00
    2.500000000000000E+00    0.000000000000000E+00    1.000000000000000E+00
    2.600000000000000E+00    0.000000000000000E+00    1.000000000000000E+00
    2.700000000000000E+00    0.000000000000000E+00    1.000000000000000E+00
    2.800000000000000E+00    0.000000000000000E+00    1.000000000000000E+00
    2.900000000000000E+00    0.000000000000000E+00    1.000000000000000E+00
    3.000000000000000E+00    0.000000000000000E+00    1.000000000000000E+00
    3.100000000000000E+00    0.000000000000000E+00    1.000000000000000E+00
    3.200000000000000E+00    0.000000000000000E+00    1.000000000000000E+00
    3.300000000000000E+00    0.000000000000000E+00    1.000000000000000E+00
    3.400000000000000E+00    0.000000000000000E+00    1.000000000000000E+00
    3.500000000000000E+00    0.000000000000000E+00    1.000000000000000E+00
    3.600000000000000E+00    0.000000000000000E+00    1.000000000000000E+00
    3.700000000000000E+00    0.000000000000000E+00    1.000000000000000E+00
    3.800000000000000E+00    0.000000000000000E+00    1.000000000000000E+00
    3.900000000000000E+00    0.000000000000000E+00    1.000000000000000E+00
    4.000000000000000E+00    0.000000000000000E+00    1.000000000000000E+00
    4.100000000000001E+00    0.000000000000000E+00    1.000000000000000E+00
    4.200000000000000E+00    0.000000000000000E+00    1.000000000000000E+00
    4.300000000000000E+00    0.000000000000000E+00    1.000000000000000E+00
    4.400000000000000E+00    0.000000000000000E+00    1.000000000000000E+00
    4.500000000000000E+00    0.000000000000000E+00    1.000000000000000E+00
    4.600000000000001E+00    0.000000000000000E+00    1.000000000000000E+00
    4.700000000000000E+00    0.000000000000000E+00    1.000000000000000E+00
    4.800000000000001E+00    0.000000000000000E+00    1.000000000000000E+00
    4.900000000000000E+00    0.000000000000000E+00    1.000000000000000E+00
    5.000000000000000E+00    0.000000000000000E+00    1.000000000000000E+00
    5.100000000000001E+00    0.000000000000000E+00    1.000000000000000E+00
    5.200000000000000E+00    0.000000000000000E+00    1.000000000000000E+00
    5.300000000000001E+00    0.000000000000000E+00    1.000000000000000E+00
    5.400000000000000E+00    0.000000000000000E+00    1.000000000000000E+00
    5.500000000000000E+00    0.000000000000000E+00    1.000000000000000E+00
    5.600000000000001E+00    0.000000000000000E+00    1.000000000000000E+00
    5.700000000000000E+00    0.000000000000000E+00    1.000000000000000E+00
    5.800000000000001E+00    0.000000000000000E+00    1.000000000000000E+00
    5.900000000000000E+00    0.000000000000000E+00    1.000000000000000E+00
    6.000000000000000E+00    0.000000000000000E+00    1.000000000000000E+00
    6.100000000000001E+00    0.000000000000000E+00    1.000000000000000E+00
    6.200000000000000E+00    0.000000000000000E+00    1.000000000000000E+00
    6.300000000000001E+00    0.000000000000000E+00    1.000000000000000E+00
    6.400000000000000E+00    0.000000000000000E+00    1.000000000000000E+00
    6.500000000000000E+00    0.000000000000000E+00    1.000000000000000E+00
    6.600000000000001E+00    0.000000000000000E+00    1.000000000000000E+00
    6.700000000000000E+00    0.000000000000000E+00    1.000000000000000E+00
    6.800000000000001E+00    0.000000000000000E+00    1.000000000000000E+00
    6.900000000000000E+00    0.000000000000000E+00    1.000000000000000E+00
    7.000000000000000E+00    0.000000000000000E+00    1.000000000000000E+00
    7.100000000000001E+00    0.000000000000000E+00    1.000000000000000E+00
    7.200000000000000E+00    0.000000000000000E+00    1.000000000000000E+00
    7.300000000000001E+00    0.000000000000000E+00    1.000000000000000E+00
    7.400000000000000E+00    0.000000000000000E+00    1.000000000000000E+00
    7.500000000000000E+00    0.000000000000000E+00    1.000000000000000E+00
    7.600000000000001E+00    0.000000000000000E+00    1.000000000000000E+00
    7.700000000000000E+00    0.000000000000000E+00    1.000000000000000E+00
    7.800000000000001E+00    0.000000000000000E+00    1.000000000000000E+00
    7.900000000000000E+00    0.000000000000000E+00    1.000000000000000E+00
    8.000000000000000E+00    0.000000000000000E+00    1.000000000000000E+00
    0.000000000000000E+00    2.500000000000000E-02    1.000000000000000E+00
    1.000000000000000E-01    2.500000000000000E-02    1.000000000000000E+00
    2.000000000000000E-01    2.500000000000000E-02    1.000000000000000E+00
    3.000000000000000E-01    2.500000000000000E-02    1.000000000000000E+00
    4.000000000000000E-01    2.500000000000000E-02    1.000000000000000E+00
    5.000000000000000E-01    2.500000000000000E-02    1.000000000000000E+00
    6.000000000000001E-01    2.500000000000000E-02    1.000000000000000E+00
    7.000000000000001E-01    2.500000000000000E-02    1.000000000000000E+00
    8.000000000000000E-01    2.500000000000000E-02    1.000000000000000E+00
    9.000000000000000E-01    2.500000000000000E-02    1.000000000000000E+00
    1.000000000000000E+00    2.500000000000000E-02    1.000000000000000E+00
    1.100000000000000E+00    2.500000000000000E-02    1.000000000000000E+00
    1.200000000000000E+00    2.500000000000000E-02    1.000000000000000E+00
    1.300000000000000E+00    2.500000000000000E-02    1.000000000000000E+00
    1.400000000000000E+00    2.500000000000000E-02    1.000000000000000E+00
    1.500000000000000E+00    2.500000000000000E-02    1.000000000000000E+00
    1.600000000000000E+00    2.500000000000000E-02    1.000000000000000E+00
    1.700000000000000E+00    2.500000000000000E-02    1.000000000000000E+00
    1.800000000000000E+00    2.500000000000000E-02    1.000000000000000E+00
    1.900000000000000E+00    2.500000000000000E-02    1.000000000000000E+00
    2.000000000000000E+00    2.500000000000000E-02    1.000000000000000E+00
    2.100000000000000E+00    2.500000000000000E-02    1.000000000000000E+00
    2.200000000000000E+00    2.500000000000000E-02    1.000000000000000E+00
    2.300000000000000E+00    2.500000000000000E-02    1.000000000000000E+00
    2.400000000000000E+00    2.500000000000000E-02    1.000000000000000E+00
    2.500000000000000E+00    2.500000000000000E-02    1.000000000000000E+00
    2.600000000000000E+00    2.500000000000000E-02    1.000000000000000E+00
    2.700000000000000E+00    2.500000000000000E-02    1.000000000000000E+00
    2.800000000000000E+00    2.500000000000000E-02    1.000000000000000E+00
    2.900000000000000E+00    2.500000000000000E-02    1.000000000000000E+00
    3.000000000000000E+00    2.500000000000000E-02    1.000000000000000E+00
    3.100000000000000E+00    2.500000000000000E-02    1.000000000000000E+00
    3.200000000000000E+00    2.500000000000000E-02    1.000000000000000E+00
    3.300000000000000E+00    2.500000000000000E-02    1.000000000000000E+00
    3.400000000000000E+00    2.500000000000000E-02    1.000000000000000E+00
    3.500000000000000E+00    2.500000000000000E-02    1.000000000000000E+00
    3.600000000000000E+00    2.500000000000000E-02    1.000000000000000E+00
    3.700000000000000E+00    2.500000000000000E-02    1.000000000000000E+00
    3.800000000000000E+00    2.500000000000000E-02    1.000000000000000E+00
    3.900000000000000E+00    2.500000000000000E-02    1.000000000000000E+00
    4.000000000000000E+00    2.500000000000000E-02    1.000000000000000E+00
    4.100000000000001E+00    2.500000000000000E-02    1.000000000000000E+00
    4.200000000000000E+00    2.500000000000000E-02    1.000000000000000E+00
    4.300000000000000E+00    2.500000000000000E-02    1.000000000000000E+00
    4.400000000000000E+00    2.500000000000000E-02    1.000000000000000E+00
    4.500000000000000E+00    2.500000000000000E-02    1.000000000000000E+00
    4.600000000000001E+00    2.500000000000000E-02    1.000000000000000E+00
    4.700000000000000E+00    2.500000000000000E-02    1.000000000000000E+00
    4.800000000000001E+00    2.500000000000000E-02    1.000000000000000E+00
    4.900000000000000E+00    2.500000000000000E-02    1.000000000000000E+00
    5.000000000000000E+00    2.500000000000000E-02    1.000000000000000E+00
    5.100000000000001E+00    2.500000000000000E-02    1.000000000000000E+00
    5.200000000000000E+00    2.500000000000000E-02    1.000000000000000E+00
    5.300000000000001E+00    2.500000000000000E-02    1.000000000000000E+00
    5.400000000000000E+00    2.500000000000000E-02    1.000000000000000E+00
    5.500000000000000E+00    2.500000000000000E-02    1.000000000000000E+00
    5.600000000000001E+00    2.500000000000000E-02    1.000000000000000E+00
    5.700000000000000E+00    2.500000000000000E-02    1.000000000000000E+00
    5.800000000000001E+00    2.500000000000000E-02    1.000000000000000E+00
    5.900000000000000E+00    2.500000000000000E-02    1.000000000000000E+00
    6.000000000000000E+00    2.500000000000000E-02    1.000000000000000E+00
    6.100000000000001E+00    2.500000000000000E-02    1.000000000000000E+00
    6.200000000000000E+00    2.500000000000000E-02    1.000000000000000E+00
    6.300000000000001E+00    2.500000000000000E-02    1.000000000000000E+00
    6.400000000000000E+00    2.500000000000000E-02    1.000000000000000E+00
    6.500000000000000E+00    2.500000000000000E-02    1.000000000000000E+00
    6.600000000000001E+00    2.500000000000000E-02    1.000000000000000E+00
    6.700000000000000E+00    2.500000000000000E-02    1.000000000000000E+00
    6.800000000000001E+00    2.500000000000000E-02    1.000000000000000E+00
    6.900000000000000E+00    2.500000000000000E-02    1.000000000000000E+00
    7.000000000000000E+00    2.500000000000000E-02    1.000000000000000E+00
    7.100000000000001E+00    2.500000000000000E-02    1.000000000000000E+00
    7.200000000000000E+00    2.500000000000000E-02    1.000000000000000E+00
    7.300000000000001E+00    2.500000000000000E-02    1.000000000000000E+00
    7.400000000000000E+00    2.500000000000000E-02    1.000000000000000E+00
    7.500000000000000E+00    2.500000000000000E-02    1.000000000000000E+00
    7.600000000000001E+00    2.500000000000000E-02    1.000000000000000E+00
    7.700000000000000E+00    2.500000000000000E-02    1.000000000000000E+00
    7.800000000000001E+00    2.500000000000000E-02    1.000000000000000E+00
    7.900000000000000E+00    2.500000000000000E-02    1.000000000000000E+00
    8.000000000000000E+00    2.500000000000000E-02    1.000000000000000E+00
    0.000000000000000E+00    5.000000000000000E-02    1.000000000000000E+00
    1.000000000000000E-01    5.000000000000000E-02    1.000000000000000E+00
    2.000000000000000E-01    5.000000000000000E-02    1.000000000000000E+00
    3.000000000000000E-01    5.000000000000000E-02    1.000000000000000E+00
    4.000000000000000E-01    5.000000000000000E-02    1.000000000000000E+00
    5.000000000000000E-01    5.000000000000000E-02    1.000000000000000E+00
    6.000000000000001E-01    5.000000000000000E-02    1.000000000000000E+00
    7.000000000000001E-01    5.000000000000000E-02    1.000000000000000E+00
    8.000000000000000E-01    5.000000000000000E-02    1.000000000000000E+00
    9.000000000000000E-01    5.000000000000000E-02    1.000000000000000E+00
    1.000000000000000E+00    5.000000000000000E-02    1.000000000000000E+00
    1.100000000000000E+00    5.000000000000000E-02    1.000000000000000E+00
    1.200000000000000E+00    5.000000000000000E-02    1.000000000000000E+00
    1.300000000000000E+00    5.000000000000000E-02    1.000000000000000E+00
    1.400000000000000E+00    5.000000000000000E-02    1.000000000000000E+00
    1.500000000000000E+00    5.000000000000000E-02    1.000000000000000E+00
    1.600000000000000E+00    5.000000000000000E-02    1.000000000000000E+00
    1.700000000000000E+00    5.000000000000000E-02    1.000000000000000E+00
    1.800000000000000E+00    5.000000000000000E-02    1.000000000000000E+00
    1.900000000000000E+00    5.000000000000000E-02    1.000000000000000E+00
    2.000000000000000E+00    5.000000000000000E-02    1.000000000000000E+00
    2.100000000000000E+00    5.000000000000000E-02    1.000000000000000E+00
    2.200000000000000E+00    5.000000000000000E-02    1.000000000000000E+00
    2.300000000000000E+00    5.000000000000000E-02    1.000000000000000E+00
    2.400000000000000E+00    5.000000000000000E-02    1.000000000000000E+00
    2.500000000000000E+00    5.000000000000000E-02    1.000000000000000E+00
    2.600000000000000E+00    5.000000000000000E-02    1.000000000000000E+00
    2.700000000000000E+00    5.000000000000000E-02    1.000000000000000E+00
    2.800000000000000E+00    5.000000000000000E-02    1.000000000000000E+00
    2.900000000000000E+00    5.000000000000000E-02    1.000000000000000E+00
    3.000000000000000E+00    5.000000000000000E-02    1.000000000000000E+00
    3.100000000000000E+00    5.000000000000000E-02    1.000000000000000E+00
    3.200000000000000E+00    5.000000000000000E-02    1.000000000000000E+00
    3.300000000000000E+00    5.000000000000000E-02    1.000000000000000E+00
    3.400000000000000E+00    5.000000000000000E-02    1.000000000000000E+00
    3.500000000000000E+00    5.000000000000000E-02    1.000000000000000E+00
    3.600000000000000E+00    5.000000000000000E-02    1.000000000000000E+00
    3.700000000000000E+00    5.000000000000000E-02    1.000000000000000E+00
    3.800000000000000E+00    5.000000000000000E-02    1.000000000000000E+00
    3.900000000000000E+00    5.000000000000000E-02    1.000000000000000E+00
    4.000000000000000E+00    5.000000000000000E-02    1.000000000000000E+00
    4.100000000000001E+00    5.000000000000000E-02    1.000000000000000E+00
    4.200000000000000E+00    5.000000000000000E-02    1.000000000000000E+00
    4.300000000000000E+00    5.000000000000000E-02    1.000000000000000E+00
    4.400000000000000E+00    5.000000000000000E-02    1.000000000000000E+00
    4.500000000000000E+00    5.000000000000000E-02    1.000000000000000E+00
    4.600000000000001E+00    5.000000000000000E-02    1.000000000000000E+00
    4.700000000000000E+00    5.000000000000000E-02    1.000000000000000E+00
    4.800000000000001E+00    5.000000000000000E-02    1.000000000000000E+00
    4.900000000000000E+00    5.000000000000000E-02    1.000000000000000E+00
    5.000000000000000E+00    5.000000000000000E-02    1.000000000000000E+00
    5.100000000000001E+00    5.000000000000000E-02    1.000000000000000E+00
    5.200000000000000E+00    5.000000000000000E-02    1.000000000000000E+00
    5.300000000000001E+00    5.000000000000000E-02    1.000000000000000E+00
    5.400000000000000E+00    5.000000000000000E-02    1.000000000000000E+00
    5.500000000000000E+00    5.000000000000000E-02    1.000000000000000E+00
    5.600000000000001E+00    5.000000000000000E-02    1.000000000000000E+00
    5.700000000000000E+00    5.000000000000000E-02    1.000000000000000E+00
    5.800000000000001E+00    5.000000000000000E-02    1.000000000000000E+00
    5.900000000000000E+00    5.000000000000000E-02    1.000000000000000E+00
    6.000000000000000E+00    5.000000000000000E-02    1.000000000000000E+00
    6.100000000000001E+00    5.000000000000000E-02    1.000000000000000E+00
    6.200000000000000E+00    5.000000000000000E-02    1.000000000000000E+00
    6.300000000000001E+00    5.000000000000000E-02    1.000000000000000E+00
    6.400000000000000E+00    5.000000000000000E-02    1.000000000000000E+00
    6.500000000000000E+00    5.000000000000000E-02    1.000000000000000E+00
    6.600000000000001E+00    5.000000000000000E-02    1.000000000000000E+00
    6.700000000000000E+00    5.000000000000000E-02    1.000000000000000E+00
    6.800000000000001E+00    5.000000000000000E-02    1.000000000000000E+00
    6.900000000000000E+00    5.000000000000000E-02    1.000000000000000E+00
    7.000000000000000E+00    5.000000000000000E-02    1.000000000000000E+00
    7.100000000000001E+00    5.000000000000000E-02    1.000000000000000E+00
    7.200000000000000E+00    5.000000000000000E-02    1.000000000000000E+00
    7.300000000000001E+00    5.000000000000000E-02    1.000000000000000E+00
    7.400000000000000E+00    5.000000000000000E-02    1.000000000000000E+00
    7.500000000000000E+00    5.000000000000000E-02    1.000000000000000E+00
    7.600000000000001E+00    5.000000000000000E-02    1.000000000000000E+00
    7.700000000000000E+00    5.000000000000000E-02    1.000000000000000E+00
    7.800000000000001E+00    5.000000000000000E-02    1.000000000000000E+00
    7.900000000000000E+00    5.000000000000000E-02    1.000000000000000E+00
    8.000000000000000E+00    5.000000000000000E-02    1.000000000000000E+00
    0.000000000000000E+00    7.500000000000001E-02    1.000000000000000E+00
    1.000000000000000E-01    7.500000000000001E-02    1.000000000000000E+00
    2.000000000000000E-01    7.500000000000001E-02    1.000000000000000E+00
    3.000000000000000E-01    7.500000000000001E-02    1.000000000000000E+00
    4.000000000000000E-01    7.500000000000001E-02    1.000000000000000E+00
    5.000000000000000E-01    7.500000000000001E-02    1.000000000000000E+00
    6.000000000000001E-01    7.500000000000001E-02    1.000000000000000E+00
    7.000000000000001E-01    7.500000000000001E-02    1.000000000000000E+00
    8.000000000000000E-01    7.500000000000001E-02    1.000000000000000E+00
    9.000000000000000E-01    7.500000000000001E-02    1.000000000000000E+00
    1.000000000000000E+00    7.500000000000001E-02    1.000000000000000E+00
    1.100000000000000E+00    7.500000000000001E-02    1.000000000000000E+00
    1.200000000000000E+00    7.500000000000001E-02    1.000000000000000E+00
    1.300000000000000E+00    7.500000000000001E-02    1.000000000000000E+00
    1.400000000000000E+00    7.500000000000001E-02    1.000000000000000E+00
    1.500000000000000E+00    7.500000000000001E-02    1.000000000000000E+00
    1.600000000000000E+00    7.500000000000001E-02    1.000000000000000E+00
    1.700000000000000E+00    7.500000000000001E-02    1.000000000000000E+00
    1.800000000000000E+00    7.500000000000001E-02    1.000000000000000E+00
    1.900000000000000E+00    7.500000000000001E-02    1.000000000000000E+00
    2.000000000000000E+00    7.500000000000001E-02    1.000000000000000E+00
    2.100000000000000E+00    7.500000000000001E-02    1.000000000000000E+00
    2.200000000000000E+00    7.500000000000001E-02    1.000000000000000E+00
    2.300000000000000E+00    7.500000000000001E-02    1.000000000000000E+00
    2.400000000000000E+00    7.500000000000001E-02    1.000000000000000E+00
    2.500000000000000E+00    7.500000000000001E-02    1.000000000000000E+00
    2.600000000000000E+00    7.500000000000001E-02    1.000000000000000E+00
    2.700000000000000E+00    7.500000000000001E-02    1.000000000000000E+00
    2.800000000000000E+00    7.500000000000001E-02    1.000000000000000E+00
    2.900000000000000E+00    7.500000000000001E-02    1.000000000000000E+00
    3.000000000000000E+00    7.500000000000001E-02    1.000000000000000E+00
    3.100000000000000E+00    7.500000000000001E-02    1.000000000000000E+00
    3.200000000000000E+00    7.500000000000001E-02    1.000000000000000E+00
    3.300000000000000E+00    7.500000000000001E-02    1.000000000000000E+00
    3.400000000000000E+00    7.500000000000001E-02    1.000000000000000E+00
    3.500000000000000E+00    7.500000000000001E-02    1.000000000000000E+00
    3.600000000000000E+00    7.500000000000001E-02    1.000000000000000E+00
    3.700000000000000E+00    7.500000000000001E-02    1.000000000000000E+00
    3.800000000000000E+00    7.500000000000001E-02    1.000000000000000E+00
    3.900000000000000E+00    7.500000000000001E-02    1.000000000000000E+00
    4.000000000000000E+00    7.500000000000001E-02    1.000000000000000E+00
    4.100000000000001E+00    7.500000000000001E-02    1.000000000000000E+00
    4.200000000000000E+00    7.500000000000001E-02    1.000000000000000E+00
    4.300000000000000E+00    7.500000000000001E-02    1.000000000000000E+00
    4.400000000000000E+00    7.500000000000001E-02    1.000000000000000E+00
    4.500000000000000E+00    7.500000000000001E-02    1.000000000000000E+00
    4.600000000000001E+00    7.500000000000001E-02    1.000000000000000E+00
    4.700000000000000E+00    7.500000000000001E-02    1.000000000000000E+00
    4.800000000000001E+00    7.500000000000001E-02    1.000000000000000E+00
    4.900000000000000E+00    7.500000000000001E-02    1.000000000000000E+00
    5.000000000000000E+00    7.500000000000001E-02    1.000000000000000E+00
    5.100000000000001E+00    7.500000000000001E-02    1.000000000000000E+00
    5.200000000000000E+00    7.500000000000001E-02    1.000000000000000E+00
    5.300000000000001E+00    7.500000000000001E-02    1.000000000000000E+00
    5.400000000000000E+00    7.500000000000001E-02    1.000000000000000E+00
    5.500000000000000E+00    7.500000000000001E-02    1.000000000000000E+00
    5.600000000000001E+00    7.500000000000001E-02    1.000000000000000E+00
    5.700000000000000E+00    7.500000000000001E-02    1.000000000000000E+00
    5.800000000000001E+00    7.500000000000001E-02    1.000000000000000E+00
    5.900000000000000E+00    7.500000000000001E-02    1.000000000000000E+00
    6.000000000000000E+00    7.500000000000001E-02    1.000000000000000E+00
    6.100000000000001E+00    7.500000000000001E-02    1.000000000000000E+00
    6.200000000000000E+00    7.500000000000001E-02    1.000000000000000E+00
    6.300000000000001E+00    7.500000000000001E-02    1.000000000000000E+00
    6.400000000000000E+00    7.500000000000001E-02    1.000000000000000E+00
    6.500000000000000E+00    7.500000000000001E-02    1.000000000000000E+00
    6.600000000000001E+00    7.500000000000001E-02    1.000000000000000E+00
    6.700000000000000E+00    7.500000000000001E-02    1.000000000000000E+00
    6.800000000000001E+00    7.500000000000001E-02    1.000000000000000E+00
    6.900000000000000E+00    7.500000000000001E-02    1.000000000000000E+00
    7.000000000000000E+00    7.500000000000001E-02    1.000000000000000E+00
    7.100000000000001E+00    7.500000000000001E-02    1.000000000000000E+00
    7.200000000000000E+00    7.500000000000001E-02    1.000000000000000E+00
    7.300000000000001E+00    7.500000000000001E-02    1.000000000000000E+00
    7.400000000000000E+00    7.500000000000001E-02    1.000000000000000E+00
    7.500000000000000E+00    7.500000000000001E-02    1.000000000000000E+00
    7.600000000000001E+00    7.500000000000001E-02    1.000000000000000E+00
    7.700000000000000E+00    7.500000000000001E-02    1.000000000000000E+00
    7.800000000000001E+00    7.500000000000001E-02    1.000000000000000E+00
    7.900000000000000E+00    7.500000000000001E-02    1.000000000000000E+00
    8.000000000000000E+00    7.500000000000001E-02    1.000000000000000E+00
    0.000000000000000E+00    1.000000000000000E-01    1.000000000000000E+00
    1.000000000000000E-01    1.000000000000000E-01    1.000000000000000E+00
    2.000000000000000E-01    1.000000000000000E-01    1.000000000000000E+00
    3.000000000000000E-01    1.000000000000000E-01    1.000000000000000E+00
    4.000000000000000E-01    1.000000000000000E-01    1.000000000000000E+00
    5.000000000000000E-01    1.000000000000000E-01    1.000000000000000E+00
    6.000000000000001E-01    1.000000000000000E-01    1.000000000000000E+00
    7.000000000000001E-01    1.000000000000000E-01    1.000000000000000E+00
    8.000000000000000E-01    1.000000000000000E-01    1.000000000000000E+00
    9.000000000000000E-01    1.000000000000000E-01    1.000000000000000E+00
    1.000000000000000E+00    1.000000000000000E-01    1.000000000000000E+00
    1.100000000000000E+00    1.000000000000000E-01    1.000000000000000E+00
    1.200000000000000E+00    1.000000000000000E-01    1.000000000000000E+00
    1.300000000000000E+00    1.000000000000000E-01    1.000000000000000E+00
    1.400000000000000E+00    1.000000000000000E-01    1.000000000000000E+00
    1.500000000000000E+00    1.000000000000000E-01    1.000000000000000E+00
    1.600000000000000E+00    1.000000000000000E-01    1.000000000000000E+00
    1.700000000000000E+00    1.000000000000000E-01    1.000000000000000E+00
    1.800000000000000E+00    1.000000000000000E-01    1.000000000000000E+00
    1.900000000000000E+00    1.000000000000000E-01    1.000000000000000E+00
    2.000000000000000E+00    1.000000000000000E-01    1.000000000000000E+00
    2.100000000000000E+00    1.000000000000000E-01    1.000000000000000E+00
    2.200000000000000E+00    1.000000000000000E-01    1.000000000000000E+00
    2.300000000000000E+00    1.000000000000000E-01    1.000000000000000E+00
    2.400000000000000E+00    1.000000000000000E-01    1.000000000000000E+00
    2.500000000000000E+00    1.000000000000000E-01    1.000000000000000E+00
    2.600000000000000E+00    1.000000000000000E-01    1.000000000000000E+00
    2.700000000000000E+00    1.000000000000000E-01    1.000000000000000E+00
    2.800000000000000E+00    1.000000000000000E-01    1.000000000000000E+00
    2.900000000000000E+00    1.000000000000000E-01    1.000000000000000E+00
    3.000000000000000E+00    1.000000000000000E-01    1.000000000000000E+00
    3.100000000000000E+00    1.000000000000000E-01    1.000000000000000E+00
    3.200000000000000E+00    1.000000000000000E-01    1.000000000000000E+00
    3.300000000000000E+00    1.000000000000000E-01    1.000000000000000E+00
    3.400000000000000E+00    1.000000000000000E-01    1.000000000000000E+00
    3.500000000000000E+00    1.000000000000000E-01    1.000000000000000E+00
    3.600000000000000E+00    1.000000000000000E-01    1.000000000000000E+00
    3.700000000000000E+00    1.000000000000000E-01    1.000000000000000E+00
    3.800000000000000E+00    1.000000000000000E-01    1.000000000000000E+00
    3.900000000000000E+00    1.000000000000000E-01    1.000000000000000E+00
    4.000000000000000E+00    1.000000000000000E-01    1.000000000000000E+00
    4.100000000000001E+00    1.000000000000000E-01    1.000000000000000E+00
    4.200000000000000E+00    1.000000000000000E-01    1.000000000000000E+00
    4.300000000000000E+00    1.000000000000000E-01    1.000000000000000E+00
    4.400000000000000E+00    1.000000000000000E-01    1.000000000000000E+00
    4.500000000000000E+00    1.000000000000000E-01    1.000000000000000E+00
    4.600000000000001E+00    1.000000000000000E-01    1.000000000000000E+00
    4.700000000000000E+00    1.000000000000000E-01    1.000000000000000E+00
    4.800000000000001E+00    1.000000000000000E-01    1.000000000000000E+00
    4.900000000000000E+00    1.000000000000000E-01    1.000000000000000E+00
    5.000000000000000E+00    1.000000000000000E-01    1.000000000000000E+00
    5.100000000000001E+00    1.000000000000000E-01    1.000000000000000E+00
    5.200000000000000E+00    1.000000000000000E-01    1.000000000000000E+00
    5.300000000000001E+00    1.000000000000000E-01    1.000000000000000E+00
    5.400000000000000E+00    1.000000000000000E-01    1.000000000000000E+00
    5.500000000000000E+00    1.000000000000000E-01    1.000000000000000E+00
    5.600000000000001E+00    1.000000000000000E-01    1.000000000000000E+00
    5.700000000000000E+00    1.000000000000000E-01    1.000000000000000E+00
    5.800000000000001E+00    1.000000000000000E-01    1.000000000000000E+00
    5.900000000000000E+00    1.000000000000000E-01    1.000000000000000E+00
    6.000000000000000E+00    1.000000000000000E-01    1.000000000000000E+00
    6.100000000000001E+00    1.000000000000000E-01    1.000000000000000E+00
    6.200000000000000E+00    1.000000000000000E-01    1.000000000000000E+00
    6.300000000000001E+00    1.000000000000000E-01    1.000000000000000E+00
    6.400000000000000E+00    1.000000000000000E-01    1.000000000000000E+00
    6.500000000000000E+00    1.000000000000000E-01    1.000000000000000E+00
    6.600000000000001E+00    1.000000000000000E-01    1.000000000000000E+00
    6.700000000000000E+00    1.000000000000000E-01    1.000000000000000E+00
    6.800000000000001E+00    1.000000000000000E-01    1.000000000000000E+00
    6.900000000000000E+00    1.000000000000000E-01    1.000000000000000E+00
    7.000000000000000E+00    1.000000000000000E-01    1.000000000000000E+00
    7.100000000000001E+00    1.000000000000000E-01    1.000000000000000E+00
    7.200000000000000E+00    1.000000000000000E-01    1.000000000000000E+00
    7.300000000000001E+00    1.000000000000000E-01    1.000000000000000E+00
    7.400000000000000E+00    1.000000000000000E-01    1.000000000000000E+00
    7.500000000000000E+00    1.000000000000000E-01    1.000000000000000E+00
    7.600000000000001E+00    1.000000000000000E-01    1.000000000000000E+00
    7.700000000000000E+00    1.000000000000000E-01    1.000000000000000E+00
    7.800000000000001E+00    1.000000000000000E-01    1.000000000000000E+00
    7.900000000000000E+00    1.000000000000000E-01    1.000000000000000E+00
    8.000000000000000E+00    1.000000000000000E-01    1.000000000000000E+00
    0.000000000000000E+00    1.250000000000000E-01    1.000000000000000E+00
    1.000000000000000E-01    1.250000000000000E-01    1.000000000000000E+00
    2.000000000000000E-01    1.250000000000000E-01    1.000000000000000E+00
    3.000000000000000E-01    1.250000000000000E-01    1.000000000000000E+00
    4.000000000000000E-01    1.250000000000000E-01    1.000000000000000E+00
    5.000000000000000E-01    1.250000000000000E-01    1.000000000000000E+00
    6.000000000000001E-01    1.250000000000000E-01    1.000000000000000E+00
    7.000000000000001E-01    1.250000000000000E-01    1.000000000000000E+00
    8.000000000000000E-01    1.250000000000000E-01    1.000000000000000E+00
    9.000000000000000E-01    1.250000000000000E-01    1.000000000000000E+00
    1.000000000000000E+00    1.250000000000000E-01    1.000000000000000E+00
    1.100000000000000E+00    1.250000000000000E-01    1.000000000000000E+00
    1.200000000000000E+00    1.250000000000000E-01    1.000000000000000E+00
    1.300000000000000E+00    1.250000000000000E-01    1.000000000000000E+00
    1.400000000000000E+00    1.250000000000000E-01    1.000000000000000E+00
    1.500000000000000E+00    1.250000000000000E-01    1.000000000000000E+00
    1.600000000000000E+00    1.250000000000000E-01    1.000000000000000E+00
    1.700000000000000E+00    1.250000000000000E-01    1.000000000000000E+00
    1.800000000000000E+00    1.250000000000000E-01    1.000000000000000E+00
    1.900000000000000E+00    1.250000000000000E-01    1.000000000000000E+00
    2.000000000000000E+00    1.250000000000000E-01    1.000000000000000E+00
    2.100000000000000E+00    1.250000000000000E-01    1.000000000000000E+00
    2.200000000000000E+00    1.250000000000000E-01    1.000000000000000E+00
    2.300000000000000E+00    1.250000000000000E-01    1.000000000000000E+00
    2.400000000000000E+00    1.250000000000000E-01    1.000000000000000E+00
    2.500000000000000E+00    1.250000000000000E-01    1.000000000000000E+00
    2.600000000000000E+00    1.250000000000000E-01    1.000000000000000E+00
    2.700000000000000E+00    1.250000000000000E-01    1.000000000000000E+00
    2.800000000000000E+00    1.250000000000000E-01    1.000000000000000E+00
    2.900000000000000E+00    1.250000000000000E-01    1.000000000000000E+00
    3.000000000000000E+00    1.250000000000000E-01    1.000000000000000E+00
    3.100000000000000E+00    1.250000000000000E-01    1.000000000000000E+00
    3.200000000000000E+00    1.250000000000000E-01    1.000000000000000E+00
    3.300000000000000E+00    1.250000000000000E-01    1.000000000000000E+00
    3.400000000000000E+00    1.250000000000000E-01    1.000000000000000E+00
    3.500000000000000E+00    1.250000000000000E-01    1.000000000000000E+00
    3.600000000000000E+00    1.250000000000000E-01    1.000000000000000E+00
    3.700000000000000E+00    1.250000000000000E-01    1.000000000000000E+00
    3.800000000000000E+00    1.250000000000000E-01    1.000000000000000E+00
    3.900000000000000E+00    1.250000000000000E-01    1.000000000000000E+00
    4.000000000000000E+00    1.250000000000000E-01    1.000000000000000E+00
    4.100000000000001E+00    1.250000000000000E-01    1.000000000000000E+00
    4.200000000000000E+00    1.250000000000000E-01    1.000000000000000E+00
    4.300000000000000E+00    1.250000000000000E-01    1.000000000000000E+00
    4.400000000000000E+00    1.250000000000000E-01    1.000000000000000E+00
    4.500000000000000E+00    1.250000000000000E-01    1.000000000000000E+00
    4.600000000000001E+00    1.250000000000000E-01    1.000000000000000E+00
    4.700000000000000E+00    1.250000000000000E-01    1.000000000000000E+00
    4.800000000000001E+00    1.250000000000000E-01    1.000000000000000E+00
    4.900000000000000E+00    1.250000000000000E-01    1.000000000000000E+00
    5.000000000000000E+00    1.250000000000000E-01    1.000000000000000E+00
    5.100000000000001E+00    1.250000000000000E-01    1.000000000000000E+00
    5.200000000000000E+00    1.250000000000000E-01    1.000000000000000E+00
    5.300000000000001E+00    1.250000000000000E-01    1.000000000000000E+00
    5.400000000000000E+00    1.250000000000000E-01    1.000000000000000E+00
    5.500000000000000E+00    1.250000000000000E-01    1.000000000000000E+00
    5.600000000000001E+00    1.250000000000000E-01    1.000000000000000E+00
    5.700000000000000E+00    1.250000000000000E-01    1.000000000000000E+00
    5.800000000000001E+00    1.250000000000000E-01    1.000000000000000E+00
    5.900000000000000E+00    1.250000000000000E-01    1.000000000000000E+00
    6.000000000000000E+00    1.250000000000000E-01    1.000000000000000E+00
    6.100000000000001E+00    1.250000000000000E-01    1.000000000000000E+00
    6.200000000000000E+00    1.250000000000000E-01    1.000000000000000E+00
    6.300000000000001E+00    1.250000000000000E-01    1.000000000000000E+00
    6.400000000000000E+00    1.250000000000000E-01    1.000000000000000E+00
    6.500000000000000E+00    1.250000000000000E-01    1.000000000000000E+00
    6.600000000000001E+00    1.250000000000000E-01    1.000000000000000E+00
    6.700000000000000E+00    1.250000000000000E-01    1.000000000000000E+00
    6.800000000000001E+00    1.250000000000000E-01    1.000000000000000E+00
    6.900000000000000E+00    1.250000000000000E-01    1.000000000000000E+00
    7.000000000000000E+00    1.250000000000000E-01    1.000000000000000E+00
    7.100000000000001E+00    1.250000000000000E-01    1.000000000000000E+00
    7.200000000000000E+00    1.250000000000000E-01    1.000000000000000E+00
    7.300000000000001E+00    1.250000000000000E-01    1.000000000000000E+00
    7.400000000000000E+00    1.250000000000000E-01    1.000000000000000E+00
    7.500000000000000E+00    1.250000000000000E-01    1.000000000000000E+00
    7.600000000000001E+00    1.250000000000000E-01    1.000000000000000E+00
    7.700000000000000E+00    1.250000000000000E-01    1.000000000000000E+00
    7.800000000000001E+00    1.250000000000000E-01    1.000000000000000E+00
    7.900000000000000E+00    1.250000000000000E-01    1.000000000000000E+00
    8.000000000000000E+00    1.250000000000000E-01    1.000000000000000E+00
    0.000000000000000E+00    1.500000000000000E-01    1.000000000000000E+00
    1.000000000000000E-01    1.500000000000000E-01    1.000000000000000E+00
    2.000000000000000E-01    1.500000000000000E-01    1.000000000000000E+00
    3.000000000000000E-01    1.500000000000000E-01    1.000000000000000E+00
    4.000000000000000E-01    1.500000000000000E-01    1.000000000000000E+00
    5.000000000000000E-01    1.500000000000000E-01    1.000000000000000E+00
    6.000000000000001E-01    1.500000000000000E-01    1.000000000000000E+00
    7.000000000000001E-01    1.500000000000000E-01    1.000000000000000E+00
    8.000000000000000E-01    1.500000000000000E-01    1.000000000000000E+00
    9.000000000000000E-01    1.500000000000000E-01    1.000000000000000E+00
    1.000000000000000E+00    1.500000000000000E-01    1.000000000000000E+00
    1.100000000000000E+00    1.500000000000000E-01    1.000000000000000E+00
    1.200000000000000E+00    1.500000000000000E-01    1.000000000000000E+00
    1.300000000000000E+00    1.500000000000000E-01    1.000000000000000E+00
    1.400000000000000E+00    1.500000000000000E-01    1.000000000000000E+00
    1.500000000000000E+00    1.500000000000000E-01    1.000000000000000E+00
    1.600000000000000E+00    1.500000000000000E-01    1.000000000000000E+00
    1.700000000000000E+00    1.500000000000000E-01    1.000000000000000E+00
    1.800000000000000E+00    1.500000000000000E-01    1.000000000000000E+00
    1.900000000000000E+00    1.500000000000000E-01    1.000000000000000E+00
    2.000000000000000E+00    1.500000000000000E-01    1.000000000000000E+00
    2.100000000000000E+00    1.500000000000000E-01    1.000000000000000E+00
    2.200000000000000E+00    1.500000000000000E-01    1.000000000000000E+00
    2.300000000000000E+00    1.500000000000000E-01    1.000000000000000E+00
    2.400000000000000E+00    1.500000000000000E-01    1.000000000000000E+00
    2.500000000000000E+00    1.500000000000000E-01    1.000000000000000E+00
    2.600000000000000E+00    1.500000000000000E-01    1.000000000000000E+00
    2.700000000000000E+00    1.500000000000000E-01    1.000000000000000E+00
    2.800000000000000E+00    1.500000000000000E-01    1.000000000000000E+00
    2.900000000000000E+00    1.500000000000000E-01    1.000000000000000E+00
    3.000000000000000E+00    1.500000000000000E-01    1.000000000000000E+00
    3.100000000000000E+00    1.500000000000000E-01    1.000000000000000E+00
    3.200000000000000E+00    1.500000000000000E-01    1.000000000000000E+00
    3.300000000000000E+00    1.500000000000000E-01    1.000000000000000E+00
    3.400000000000000E+00    1.500000000000000E-01    1.000000000000000E+00
    3.500000000000000E+00    1.500000000000000E-01    1.000000000000000E+00
    3.600000000000000E+00    1.500000000000000E-01    1.000000000000000E+00
    3.700000000000000E+00    1.500000000000000E-01    1.000000000000000E+00
    3.800000000000000E+00    1.500000000000000E-01    1.000000000000000E+00
    3.900000000000000E+00    1.500000000000000E-01    1.000000000000000E+00
    4.000000000000000E+00    1.500000000000000E-01    1.000000000000000E+00
    4.100000000000001E+00    1.500000000000000E-01    1.000000000000000E+00
    4.200000000000000E+00    1.500000000000000E-01    1.000000000000000E+00
    4.300000000000000E+00    1.500000000000000E-01    1.000000000000000E+00
    4.400000000000000E+00    1.500000000000000E-01    1.000000000000000E+00
    4.500000000000000E+00    1.500000000000000E-01    1.000000000000000E+00
    4.600000000000001E+00    1.500000000000000E-01    1.000000000000000E+00
    4.700000000000000E+00    1.500000000000000E-01    1.000000000000000E+00
    4.800000000000001E+00    1.500000000000000E-01    1.000000000000000E+00
    4.900000000000000E+00    1.500000000000000E-01    1.000000000000000E+00
    5.000000000000000E+00    1.500000000000000E-01    1.000000000000000E+00
    5.100000000000001E+00    1.500000000000000E-01    1.000000000000000E+00
    5.200000000000000E+00    1.500000000000000E-01    1.000000000000000E+00
    5.300000000000001E+00    1.500000000000000E-01    1.000000000000000E+00
    5.400000000000000E+00    1.500000000000000E-01    1.000000000000000E+00
    5.500000000000000E+00    1.500000000000000E-01    1.000000000000000E+00
    5.600000000000001E+00    1.500000000000000E-01    1.000000000000000E+00
    5.700000000000000E+00    1.500000000000000E-01    1.000000000000000E+00
    5.800000000000001E+00    1.500000000000000E-01    1.000000000000000E+00
    5.900000000000000E+00    1.500000000000000E-01    1.000000000000000E+00
    6.000000000000000E+00    1.500000000000000E-01    1.000000000000000E+00
    6.100000000000001E+00    1.500000000000000E-01    1.000000000000000E+00
    6.200000000000000E+00    1.500000000000000E-01    1.000000000000000E+00
    6.300000000000001E+00    1.500000000000000E-01    1.000000000000000E+00
    6.400000000000000E+00    1.500000000000000E-01    1.000000000000000E+00
    6.500000000000000E+00    1.500000000000000E-01    1.000000000000000E+00
    6.600000000000001E+00    1.500000000000000E-01    1.000000000000000E+00
    6.700000000000000E+00    1.500000000000000E-01    1.000000000000000E+00
    6.800000000000001E+00    1.500000000000000E-01    1.000000000000000E+00
    6.900000000000000E+00    1.500000000000000E-01    1.000000000000000E+00
    7.000000000000000E+00    1.500000000000000E-01    1.000000000000000E+00
    7.100000000000001E+00    1.500000000000000E-01    1.000000000000000E+00
    7.200000000000000E+00    1.500000000000000E-01    1.000000000000000E+00
    7.300000000000001E+00    1.500000000000000E-01    1.000000000000000E+00
    7.400000000000000E+00    1.500000000000000E-01    1.000000000000000E+00
    7.500000000000000E+00    1.500000000000000E-01    1.000000000000000E+00
    7.600000000000001E+00    1.500000000000000E-01    1.000000000000000E+00
    7.700000000000000E+00    1.500000000000000E-01    1.000000000000000E+00
    7.800000000000001E+00    1.500000000000000E-01    1.000000000000000E+00
    7.900000000000000E+00    1.500000000000000E-01    1.000000000000000E+00
    8.000000000000000E+00    1.500000000000000E-01    1.000000000000000E+00
    0.000000000000000E+00    1.750000000000000E-01    1.000000000000000E+00
    1.000000000000000E-01    1.750000000000000E-01    1.000000000000000E+00
    2.000000000000000E-01    1.750000000000000E-01    1.000000000000000E+00
    3.000000000000000E-01    1.750000000000000E-01    1.000000000000000E+00
    4.000000000000000E-01    1.750000000000000E-01    1.000000000000000E+00
    5.000000000000000E-01    1.750000000000000E-01    1.000000000000000E+00
    6.000000000000001E-01    1.750000000000000E-01    1.000000000000000E+00
    7.000000000000001E-01    1.750000000000000E-01    1.000000000000000E+00
    8.000000000000000E-01    1.750000000000000E-01    1.000000000000000E+00
    9.000000000000000E-01    1.750000000000000E-01    1.000000000000000E+00
    1.000000000000000E+00    1.750000000000000E-01    1.000000000000000E+00
    1.100000000000000E+00    1.750000000000000E-01    1.000000000000000E+00
    1.200000000000000E+00    1.750000000000000E-01    1.000000000000000E+00
    1.300000000000000E+00    1.750000000000000E-01    1.000000000000000E+00
    1.400000000000000E+00    1.750000000000000E-01    1.000000000000000E+00
    1.500000000000000E+00    1.750000000000000E-01    1.000000000000000E+00
    1.600000000000000E+00    1.750000000000000E-01    1.000000000000000E+00
    1.700000000000000E+00    1.750000000000000E-01    1.000000000000000E+00
    1.800000000000000E+00    1.750000000000000E-01    1.000000000000000E+00
    1.900000000000000E+00    1.750000000000000E-01    1.000000000000000E+00
    2.000000000000000E+00    1.750000000000000E-01    1.000000000000000E+00
    2.100000000000000E+00    1.750000000000000E-01    1.000000000000000E+00
    2.200000000000000E+00    1.750000000000000E-01    1.000000000000000E+00
    2.300000000000000E+00    1.750000000000000E-01    1.000000000000000E+00
    2.400000000000000E+00    1.750000000000000E-01    1.000000000000000E+00
    2.500000000000000E+00    1.750000000000000E-01    1.000000000000000E+00
    2.600000000000000E+00    1.750000000000000E-01    1.000000000000000E+00
    2.700000000000000E+00    1.750000000000000E-01    1.000000000000000E+00
    2.800000000000000E+00    1.750000000000000E-01    1.000000000000000E+00
    2.900000000000000E+00    1.750000000000000E-01    1.000000000000000E+00
    3.000000000000000E+00    1.750000000000000E-01    1.000000000000000E+00
    3.100000000000000E+00    1.750000000000000E-01    1.000000000000000E+00
    3.200000000000000E+00    1.750000000000000E-01    1.000000000000000E+00
    3.300000000000000E+00    1.750000000000000E-01    1.000000000000000E+00
    3.400000000000000E+00    1.750000000000000E-01    1.000000000000000E+00
    3.500000000000000E+00    1.750000000000000E-01    1.000000000000000E+00
    3.600000000000000E+00    1.750000000000000E-01    1.000000000000000E+00
    3.700000000000000E+00    1.750000000000000E-01    1.000000000000000E+00
    3.800000000000000E+00    1.750000000000000E-01    1.000000000000000E+00
    3.900000000000000E+00    1.750000000000000E-01    1.000000000000000E+00
    4.000000000000000E+00    1.750000000000000E-01    1.000000000000000E+00
    4.100000000000001E+00    1.750000000000000E-01    1.000000000000000E+00
    4.200000000000000E+00    1.750000000000000E-01    1.000000000000000E+00
    4.300000000000000E+00    1.750000000000000E-01    1.000000000000000E+00
    4.400000000000000E+00    1.750000000000000E-01    1.000000000000000E+00
    4.500000000000000E+00    1.750000000000000E-01    1.000000000000000E+00
    4.600000000000001E+00    1.750000000000000E-01    1.000000000000000E+00
    4.700000000000000E+00    1.750000000000000E-01    1.000000000000000E+00
    4.800000000000001E+00    1.750000000000000E-01    1.000000000000000E+00
    4.900000000000000E+00    1.750000000000000E-01    1.000000000000000E+00
    5.000000000000000E+00    1.750000000000000E-01    1.000000000000000E+00
    5.100000000000001E+00    1.750000000000000E-01    1.000000000000000E+00
    5.200000000000000E+00    1.750000000000000E-01    1.000000000000000E+00
    5.300000000000001E+00    1.750000000000000E-01    1.000000000000000E+00
    5.400000000000000E+00    1.750000000000000E-01    1.000000000000000E+00
    5.500000000000000E+00    1.750000000000000E-01    1.000000000000000E+00
    5.600000000000001E+00    1.750000000000000E-01    1.000000000000000E+00
    5.700000000000000E+00    1.750000000000000E-01    1.000000000000000E+00
    5.800000000000001E+00    1.750000000000000E-01    1.000000000000000E+00
    5.900000000000000E+00    1.750000000000000E-01    1.000000000000000E+00
    6.000000000000000E+00    1.750000000000000E-01    1.000000000000000E+00
    6.100000000000001E+00    1.750000000000000E-01    1.000000000000000E+00
    6.200000000000000E+00    1.750000000000000E-01    1.000000000000000E+00
    6.300000000000001E+00    1.750000000000000E-01    1.000000000000000E+00
    6.400000000000000E+00    1.750000000000000E-01    1.000000000000000E+00
    6.500000000000000E+00    1.750000000000000E-01    1.000000000000000E+00
    6.600000000000001E+00    1.750000000000000E-01    1.000000000000000E+00
    6.700000000000000E+00    1.750000000000000E-01    1.000000000000000E+00
    6.800000000000001E+00    1.750000000000000E-01    1.000000000000000E+00
    6.900000000000000E+00    1.750000000000000E-01    1.000000000000000E+00
    7.000000000000000E+00    1.750000000000000E-01    1.000000000000000E+00
    7.100000000000001E+00    1.750000000000000E-01    1.000000000000000E+00
    7.200000000000000E+00    1.750000000000000E-01    1.000000000000000E+00
    7.300000000000001E+00    1.750000000000000E-01    1.000000000000000E+00
    7.400000000000000E+00    1.750000000000000E-01    1.000000000000000E+00
    7.500000000000000E+00    1.750000000000000E-01    1.000000000000000E+00
    7.600000000000001E+00    1.750000000000000E-01    1.000000000000000E+00
    7.700000000000000E+00    1.750000000000000E-01    1.000000000000000E+00
    7.800000000000001E+00    1.750000000000000E-01    1.000000000000000E+00
    7.900000000000000E+00    1.750000000000000E-01    1.000000000000000E+00
    8.000000000000000E+00    1.750000000000000E-01    1.000000000000000E+00
    0.000000000000000E+00    2.000000000000000E-01    1.000000000000000E+00
    1.000000000000000E-01    2.000000000000000E-01    1.000000000000000E+00
    2.000000000000000E-01    2.000000000000000E-01    1.000000000000000E+00
    3.000000000000000E-01    2.000000000000000E-01    1.000000000000000E+00
    4.000000000000000E-01    2.000000000000000E-01    1.000000000000000E+00
    5.000000000000000E-01    2.000000000000000E-01    1.000000000000000E+00
    6.000000000000001E-01    2.000000000000000E-01    1.000000000000000E+00
    7.000000000000001E-01    2.000000000000000E-01    1.000000000000000E+00
    8.000000000000000E-01    2.000000000000000E-01    1.000000000000000E+00
    9.000000000000000E-01    2.000000000000000E-01    1.000000000000000E+00
    1.000000000000000E+00    2.000000000000000E-01    1.000000000000000E+00
    1.100000000000000E+00    2.000000000000000E-01    1.000000000000000E+00
    1.200000000000000E+00    2.000000000000000E-01    1.000000000000000E+00
    1.300000000000000E+00    2.000000000000000E-01    1.000000000000000E+00
    1.400000000000000E+00    2.000000000000000E-01    1.000000000000000E+00
    1.500000000000000E+00    2.000000000000000E-01    1.000000000000000E+00
    1.600000000000000E+00    2.000000000000000E-01    1.000000000000000E+00
    1.700000000000000E+00    2.000000000000000E-01    1.000000000000000E+00
    1.800000000000000E+00    2.000000000000000E-01    1.000000000000000E+00
    1.900000000000000E+00    2.000000000000000E-01    1.000000000000000E+00
    2.000000000000000E+00    2.000000000000000E-01    1.000000000000000E+00
    2.100000000000000E+00    2.000000000000000E-01    1.000000000000000E+00
    2.200000000000000E+00    2.000000000000000E-01    1.000000000000000E+00
    2.300000000000000E+00    2.000000000000000E-01    1.000000000000000E+00
    2.400000000000000E+00    2.000000000000000E-01    1.000000000000000E+00
    2.500000000000000E+00    2.000000000000000E-01    1.000000000000000E+00
    2.600000000000000E+00    2.000000000000000E-01    1.000000000000000E+00
    2.700000000000000E+00    2.000000000000000E-01    1.000000000000000E+00
    2.800000000000000E+00    2.000000000000000E-01    1.000000000000000E+00
    2.900000000000000E+00    2.000000000000000E-01    1.000000000000000E+00
    3.000000000000000E+00    2.000000000000000E-01    1.000000000000000E+00
    3.100000000000000E+00    2.000000000000000E-01    1.000000000000000E+00
    3.200000000000000E+00    2.000000000000000E-01    1.000000000000000E+00
    3.300000000000000E+00    2.000000000000000E-01    1.000000000000000E+00
    3.400000000000000E+00    2.000000000000000E-01    1.000000000000000E+00
    3.500000000000000E+00    2.000000000000000E-01    1.000000000000000E+00
    3.600000000000000E+00    2.000000000000000E-01    1.000000000000000E+00
    3.700000000000000E+00    2.000000000000000E-01    1.000000000000000E+00
    3.800000000000000E+00    2.000000000000000E-01    1.000000000000000E+00
    3.900000000000000E+00    2.000000000000000E-01    1.000000000000000E+00
    4.000000000000000E+00    2.000000000000000E-01    1.000000000000000E+00
    4.100000000000001E+00    2.000000000000000E-01    1.000000000000000E+00
    4.200000000000000E+00    2.000000000000000E-01    1.000000000000000E+00
    4.300000000000000E+00    2.000000000000000E-01    1.000000000000000E+00
    4.400000000000000E+00    2.000000000000000E-01    1.000000000000000E+00
    4.500000000000000E+00    2.000000000000000E-01    1.000000000000000E+00
    4.600000000000001E+00    2.000000000000000E-01    1.000000000000000E+00
    4.700000000000000E+00    2.000000000000000E-01    1.000000000000000E+00
    4.800000000000001E+00    2.000000000000000E-01    1.000000000000000E+00
    4.900000000000000E+00    2.000000000000000E-01    1.000000000000000E+00
    5.000000000000000E+00    2.000000000000000E-01    1.000000000000000E+00
    5.100000000000001E+00    2.000000000000000E-01    1.000000000000000E+00
    5.200000000000000E+00    2.000000000000000E-01    1.000000000000000E+00
    5.300000000000001E+00    2.000000000000000E-01    1.000000000000000E+00
    5.400000000000000E+00    2.000000000000000E-01    1.000000000000000E+00
    5.500000000000000E+00    2.000000000000000E-01    1.000000000000000E+00
    5.600000000000001E+00    2.000000000000000E-01    1.000000000000000E+00
    5.700000000000000E+00    2.000000000000000E-01    1.000000000000000E+00
    5.800000000000001E+00    2.000000000000000E-01    1.000000000000000E+00
    5.900000000000000E+00    2.000000000000000E-01    1.000000000000000E+00
    6.000000000000000E+00    2.000000000000000E-01    1.000000000000000E+00
    6.100000000000001E+00    2.000000000000000E-01    1.000000000000000E+00
    6.200000000000000E+00    2.000000000000000E-01    1.000000000000000E+00
    6.300000000000001E+00    2.000000000000000E-01    1.000000000000000E+00
    6.400000000000000E+00    2.000000000000000E-01    1.000000000000000E+00
    6.500000000000000E+00    2.000000000000000E-01    1.000000000000000E+00
    6.600000000000001E+00    2.000000000000000E-01    1.000000000000000E+00
    6.700000000000000E+00    2.000000000000000E-01    1.000000000000000E+00
    6.800000000000001E+00    2.000000000000000E-01    1.000000000000000E+00
    6.900000000000000E+00    2.000000000000000E-01    1.000000000000000E+00
    7.000000000000000E+00    2.000000000000000E-01    1.000000000000000E+00
    7.100000000000001E+00    2.000000000000000E-01    1.000000000000000E+00
    7.200000000000000E+00    2.000000000000000E-01    1.000000000000000E+00
    7.300000000000001E+00    2.000000000000000E-01    1.000000000000000E+00
    7.400000000000000E+00    2.000000000000000E-01    1.000000000000000E+00
    7.500000000000000E+00    2.000000000000000E-01    1.000000000000000E+00
    7.600000000000001E+00    2.000000000000000E-01    1.000000000000000E+00
    7.700000000000000E+00    2.000000000000000E-01    1.000000000000000E+00
    7.800000000000001E+00    2.000000000000000E-01    1.000000000000000E+00
    7.900000000000000E+00    2.000000000000000E-01    1.000000000000000E+00
    8.000000000000000E+00    2.000000000000000E-01    1.000000000000000E+00
    0.000000000000000E+00    2.250000000000000E-01    1.000000000000000E+00
    1.000000000000000E-01    2.250000000000000E-01    1.000000000000000E+00
    2.000000000000000E-01    2.250000000000000E-01    1.000000000000000E+00
    3.000000000000000E-01    2.250000000000000E-01    1.000000000000000E+00
    4.000000000000000E-01    2.250000000000000E-01    1.000000000000000E+00
    5.000000000000000E-01    2.250000000000000E-01    1.000000000000000E+00
    6.000000000000001E-01    2.250000000000000E-01    1.000000000000000E+00
    7.000000000000001E-01    2.250000000000000E-01    1.000000000000000E+00
    8.000000000000000E-01    2.250000000000000E-01    1.000000000000000E+00
    9.000000000000000E-01    2.250000000000000E-01    1.000000000000000E+00
    1.000000000000000E+00    2.250000000000000E-01    1.000000000000000E+00
    1.100000000000000E+00    2.250000000000000E-01    1.000000000000000E+00
    1.200000000000000E+00    2.250000000000000E-01    1.000000000000000E+00
    1.300000000000000E+00    2.250000000000000E-01    1.000000000000000E+00
    1.400000000000000E+00    2.250000000000000E-01    1.000000000000000E+00
    1.500000000000000E+00    2.250000000000000E-01    1.000000000000000E+00
    1.600000000000000E+00    2.250000000000000E-01    1.000000000000000E+00
    1.700000000000000E+00    2.250000000000000E-01    1.000000000000000E+00
    1.800000000000000E+00    2.250000000000000E-01    1.000000000000000E+00
    1.900000000000000E+00    2.250000000000000E-01    1.000000000000000E+00
    2.000000000000000E+00    2.250000000000000E-01    1.000000000000000E+00
    2.100000000000000E+00    2.250000000000000E-01    1.000000000000000E+00
    2.200000000000000E+00    2.250000000000000E-01    1.000000000000000E+00
    2.300000000000000E+00    2.250000000000000E-01    1.000000000000000E+00
    2.400000000000000E+00    2.250000000000000E-01    1.000000000000000E+00
    2.500000000000000E+00    2.250000000000000E-01    1.000000000000000E+00
    2.600000000000000E+00    2.250000000000000E-01    1.000000000000000E+00
    2.700000000000000E+00    2.250000000000000E-01    1.000000000000000E+00
    2.800000000000000E+00    2.250000000000000E-01    1.000000000000000E+00
    2.900000000000000E+00    2.250000000000000E-01    1.000000000000000E+00
    3.000000000000000E+00    2.250000000000000E-01    1.000000000000000E+00
    3.100000000000000E+00    2.250000000000000E-01    1.000000000000000E+00
    3.200000000000000E+00    2.250000000000000E-01    1.000000000000000E+00
    3.300000000000000E+00    2.250000000000000E-01    1.000000000000000E+00
    3.400000000000000E+00    2.250000000000000E-01    1.000000000000000E+00
    3.500000000000000E+00    2.250000000000000E-01    1.000000000000000E+00
    3.600000000000000E+00    2.250000000000000E-01    1.000000000000000E+00
    3.700000000000000E+00    2.250000000000000E-01    1.000000000000000E+00
    3.800000000000000E+00    2.250000000000000E-01    1.000000000000000E+00
    3.900000000000000E+00    2.250000000000000E-01    1.000000000000000E+00
    4.000000000000000E+00    2.250000000000000E-01    1.000000000000000E+00
    4.100000000000001E+00    2.250000000000000E-01    1.000000000000000E+00
    4.200000000000000E+00    2.250000000000000E-01    1.000000000000000E+00
    4.300000000000000E+00    2.250000000000000E-01    1.000000000000000E+00
    4.400000000000000E+00    2.250000000000000E-01    1.000000000000000E+00
    4.500000000000000E+00    2.250000000000000E-01    1.000000000000000E+00
    4.600000000000001E+00    2.250000000000000E-01    1.000000000000000E+00
    4.700000000000000E+00    2.250000000000000E-01    1.000000000000000E+00
    4.800000000000001E+00    2.250000000000000E-01    1.000000000000000E+00
    4.900000000000000E+00    2.250000000000000E-01    1.000000000000000E+00
    5.000000000000000E+00    2.250000000000000E-01    1.000000000000000E+00
    5.100000000000001E+00    2.250000000000000E-01    1.000000000000000E+00
    5.200000000000000E+00    2.250000000000000E-01    1.000000000000000E+00
    5.300000000000001E+00    2.250000000000000E-01    1.000000000000000E+00
    5.400000000000000E+00    2.250000000000000E-01    1.000000000000000E+00
    5.500000000000000E+00    2.250000000000000E-01    1.000000000000000E+00
    5.600000000000001E+00    2.250000000000000E-01    1.000000000000000E+00
    5.700000000000000E+00    2.250000000000000E-01    1.000000000000000E+00
    5.800000000000001E+00    2.250000000000000E-01    1.000000000000000E+00
    5.900000000000000E+00    2.250000000000000E-01    1.000000000000000E+00
    6.000000000000000E+00    2.250000000000000E-01    1.000000000000000E+00
    6.100000000000001E+00    2.250000000000000E-01    1.000000000000000E+00
    6.200000000000000E+00    2.250000000000000E-01    1.000000000000000E+00
    6.300000000000001E+00    2.250000000000000E-01    1.000000000000000E+00
    6.400000000000000E+00    2.250000000000000E-01    1.000000000000000E+00
    6.500000000000000E+00    2.250000000000000E-01    1.000000000000000E+00
    6.600000000000001E+00    2.250000000000000E-01    1.000000000000000E+00
    6.700000000000000E+00    2.250000000000000E-01    1.000000000000000E+00
    6.800000000000001E+00    2.250000000000000E-01    1.000000000000000E+00
    6.900000000000000E+00    2.250000000000000E-01    1.000000000000000E+00
    7.000000000000000E+00    2.250000000000000E-01    1.000000000000000E+00
    7.100000000000001E+00    2.250000000000000E-01    1.000000000000000E+00
    7.200000000000000E+00    2.250000000000000E-01    1.000000000000000E+00
    7.300000000000001E+00    2.250000000000000E-01    1.000000000000000E+00
    7.400000000000000E+00    2.250000000000000E-01    1.000000000000000E+00
    7.500000000000000E+00    2.250000000000000E-01    1.000000000000000E+00
    7.600000000000001E+00    2.250000000000000E-01    1.000000000000000E+00
    7.700000000000000E+00    2.250000000000000E-01    1.000000000000000E+00
    7.800000000000001E+00    2.250000000000000E-01    1.000000000000000E+00
    7.900000000000000E+00    2.250000000000000E-01    1.000000000000000E+00
    8.000000000000000E+00    2.250000000000000E-01    1.000000000000000E+00
    0.000000000000000E+00    2.500000000000000E-01    1.000000000000000E+00
    1.000000000000000E-01    2.500000000000000E-01    1.000000000000000E+00
    2.000000000000000E-01    2.500000000000000E-01    1.000000000000000E+00
    3.000000000000000E-01    2.500000000000000E-01    1.000000000000000E+00
    4.000000000000000E-01    2.500000000000000E-01    1.000000000000000E+00
    5.000000000000000E-01    2.500000000000000E-01    1.000000000000000E+00
    6.000000000000001E-01    2.500000000000000E-01    1.000000000000000E+00
    7.000000000000001E-01    2.500000000000000E-01    1.000000000000000E+00
    8.000000000000000E-01    2.500000000000000E-01    1.000000000000000E+00
    9.000000000000000E-01    2.500000000000000E-01    1.000000000000000E+00
    1.000000000000000E+00    2.500000000000000E-01    1.000000000000000E+00
    1.100000000000000E+00    2.500000000000000E-01    1.000000000000000E+00
    1.200000000000000E+00    2.500000000000000E-01    1.000000000000000E+00
    1.300000000000000E+00    2.500000000000000E-01    1.000000000000000E+00
    1.400000000000000E+00    2.500000000000000E-01    1.000000000000000E+00
    1.500000000000000E+00    2.500000000000000E-01    1.000000000000000E+00
    1.600000000000000E+00    2.500000000000000E-01    1.000000000000000E+00
    1.700000000000000E+00    2.500000000000000E-01    1.000000000000000E+00
    1.800000000000000E+00    2.500000000000000E-01    1.000000000000000E+00
    1.900000000000000E+00    2.500000000000000E-01    1.000000000000000E+00
    2.000000000000000E+00    2.500000000000000E-01    1.000000000000000E+00
    2.100000000000000E+00    2.500000000000000E-01    1.000000000000000E+00
    2.200000000000000E+00    2.500000000000000E-01    1.000000000000000E+00
    2.300000000000000E+00    2.500000000000000E-01    1.000000000000000E+00
    2.400000000000000E+00    2.500000000000000E-01    1.000000000000000E+00
    2.500000000000000E+00    2.500000000000000E-01    1.000000000000000E+00
    2.600000000000000E+00    2.500000000000000E-01    1.000000000000000E+00
    2.700000000000000E+00    2.500000000000000E-01    1.000000000000000E+00
    2.800000000000000E+00    2.500000000000000E-01    1.000000000000000E+00
    2.900000000000000E+00    2.500000000000000E-01    1.000000000000000E+00
    3.000000000000000E+00    2.500000000000000E-01    1.000000000000000E+00
    3.100000000000000E+00    2.500000000000000E-01    1.000000000000000E+00
    3.200000000000000E+00    2.500000000000000E-01    1.000000000000000E+00
    3.300000000000000E+00    2.500000000000000E-01    1.000000000000000E+00
    3.400000000000000E+00    2.500000000000000E-01    1.000000000000000E+00
    3.500000000000000E+00    2.500000000000000E-01    1.000000000000000E+00
    3.600000000000000E+00    2.500000000000000E-01    1.000000000000000E+00
    3.700000000000000E+00    2.500000000000000E-01    1.000000000000000E+00
    3.800000000000000E+00    2.500000000000000E-01    1.000000000000000E+00
    3.900000000000000E+00    2.500000000000000E-01    1.000000000000000E+00
    4.000000000000000E+00    2.500000000000000E-01    1.000000000000000E+00
    4.100000000000001E+00    2.500000000000000E-01    1.000000000000000E+00
    4.200000000000000E+00    2.500000000000000E-01    1.000000000000000E+00
    4.300000000000000E+00    2.500000000000000E-01    1.000000000000000E+00
    4.400000000000000E+00    2.500000000000000E-01    1.000000000000000E+00
    4.500000000000000E+00    2.500000000000000E-01    1.000000000000000E+00
    4.600000000000001E+00    2.500000000000000E-01    1.000000000000000E+00
    4.700000000000000E+00    2.500000000000000E-01    1.000000000000000E+00
    4.800000000000001E+00    2.500000000000000E-01    1.000000000000000E+00
    4.900000000000000E+00    2.500000000000000E-01    1.000000000000000E+00
    5.000000000000000E+00    2.500000000000000E-01    1.000000000000000E+00
    5.100000000000001E+00    2.500000000000000E-01    1.000000000000000E+00
    5.200000000000000E+00    2.500000000000000E-01    1.000000000000000E+00
    5.300000000000001E+00    2.500000000000000E-01    1.000000000000000E+00
    5.400000000000000E+00    2.500000000000000E-01    1.000000000000000E+00
    5.500000000000000E+00    2.500000000000000E-01    1.000000000000000E+00
    5.600000000000001E+00    2.500000000000000E-01    1.000000000000000E+00
    5.700000000000000E+00    2.500000000000000E-01    1.000000000000000E+00
    5.800000000000001E+00    2.500000000000000E-01    1.000000000000000E+00
    5.900000000000000E+00    2.500000000000000E-01    1.000000000000000E+00
    6.000000000000000E+00    2.500000000000000E-01    1.000000000000000E+00
    6.100000000000001E+00    2.500000000000000E-01    1.000000000000000E+00
    6.200000000000000E+00    2.500000000000000E-01    1.000000000000000E+00
    6.300000000000001E+00    2.500000000000000E-01    1.000000000000000E+00
    6.400000000000000E+00    2.500000000000000E-01    1.000000000000000E+00
    6.500000000000000E+00    2.500000000000000E-01    1.000000000000000E+00
    6.600000000000001E+00    2.500000000000000E-01    1.000000000000000E+00
    6.700000000000000E+00    2.500000000000000E-01    1.000000000000000E+00
    6.800000000000001E+00    2.500000000000000E-01    1.000000000000000E+00
    6.900000000000000E+00    2.500000000000000E-01    1.000000000000000E+00
    7.000000000000000E+00    2.500000000000000E-01    1.000000000000000E+00
    7.100000000000001E+00    2.500000000000000E-01    1.000000000000000E+00
    7.200000000000000E+00    2.500000000000000E-01    1.000000000000000E+00
    7.300000000000001E+00    2.500000000000000E-01    1.000000000000000E+00
    7.400000000000000E+00    2.500000000000000E-01    1.000000000000000E+00
    7.500000000000000E+00    2.500000000000000E-01    1.000000000000000E+00
    7.600000000000001E+00    2.500000000000000E-01    1.000000000000000E+00
    7.700000000000000E+00    2.500000000000000E-01    1.000000000000000E+00
    7.800000000000001E+00    2.500000000000000E-01    1.000000000000000E+00
    7.900000000000000E+00    2.500000000000000E-01    1.000000000000000E+00
    8.000000000000000E+00    2.500000000000000E-01    1.000000000000000E+00
    0.000000000000000E+00    2.750000000000000E-01    1.000000000000000E+00
    1.000000000000000E-01    2.750000000000000E-01    1.000000000000000E+00
    2.000000000000000E-01    2.750000000000000E-01    1.000000000000000E+00
    3.000000000000000E-01    2.750000000000000E-01    1.000000000000000E+00
    4.000000000000000E-01    2.750000000000000E-01    1.000000000000000E+00
    5.000000000000000E-01    2.750000000000000E-01    1.000000000000000E+00
    6.000000000000001E-01    2.750000000000000E-01    1.000000000000000E+00
    7.000000000000001E-01    2.750000000000000E-01    1.000000000000000E+00
    8.000000000000000E-01    2.750000000000000E-01    1.000000000000000E+00
    9.000000000000000E-01    2.750000000000000E-01    1.000000000000000E+00
    1.000000000000000E+00    2.750000000000000E-01    1.000000000000000E+00
    1.100000000000000E+00    2.750000000000000E-01    1.000000000000000E+00
    1.200000000000000E+00    2.750000000000000E-01    1.000000000000000E+00
    1.300000000000000E+00    2.750000000000000E-01    1.000000000000000E+00
    1.400000000000000E+00    2.750000000000000E-01    1.000000000000000E+00
    1.500000000000000E+00    2.750000000000000E-01    1.000000000000000E+00
    1.600000000000000E+00    2.750000000000000E-01    1.000000000000000E+00
    1.700000000000000E+00    2.750000000000000E-01    1.000000000000000E+00
    1.800000000000000E+00    2.750000000000000E-01    1.000000000000000E+00
    1.900000000000000E+00    2.750000000000000E-01    1.000000000000000E+00
    2.000000000000000E+00    2.750000000000000E-01    1.000000000000000E+00
    2.100000000000000E+00    2.750000000000000E-01    1.000000000000000E+00
    2.200000000000000E+00    2.750000000000000E-01    1.000000000000000E+00
    2.300000000000000E+00    2.750000000000000E-01    1.000000000000000E+00
    2.400000000000000E+00    2.750000000000000E-01    1.000000000000000E+00
    2.500000000000000E+00    2.750000000000000E-01    1.000000000000000E+00
    2.600000000000000E+00    2.750000000000000E-01    1.000000000000000E+00
    2.700000000000000E+00    2.750000000000000E-01    1.000000000000000E+00
    2.800000000000000E+00    2.750000000000000E-01    1.000000000000000E+00
    2.900000000000000E+00    2.750000000000000E-01    1.000000000000000E+00
    3.000000000000000E+00    2.750000000000000E-01    1.000000000000000E+00
    3.100000000000000E+00    2.750000000000000E-01    1.000000000000000E+00
    3.200000000000000E+00    2.750000000000000E-01    1.000000000000000E+00
    3.300000000000000E+00    2.750000000000000E-01    1.000000000000000E+00
    3.400000000000000E+00    2.750000000000000E-01    1.000000000000000E+00
    3.500000000000000E+00    2.750000000000000E-01    1.000000000000000E+00
    3.600000000000000E+00    2.750000000000000E-01    1.000000000000000E+00
    3.700000000000000E+00    2.750000000000000E-01    1.000000000000000E+00
    3.800000000000000E+00    2.750000000000000E-01    1.000000000000000E+00
    3.900000000000000E+00    2.750000000000000E-01    1.000000000000000E+00
    4.000000000000000E+00    2.750000000000000E-01    1.000000000000000E+00
    4.100000000000001E+00    2.750000000000000E-01    1.000000000000000E+00
    4.200000000000000E+00    2.750000000000000E-01    1.000000000000000E+00
    4.300000000000000E+00    2.750000000000000E-01    1.000000000000000E+00
    4.400000000000000E+00    2.750000000000000E-01    1.000000000000000E+00
    4.500000000000000E+00    2.750000000000000E-01    1.000000000000000E+00
    4.600000000000001E+00    2.750000000000000E-01    1.000000000000000E+00
    4.700000000000000E+00    2.750000000000000E-01    1.000000000000000E+00
    4.800000000000001E+00    2.750000000000000E-01    1.000000000000000E+00
    4.900000000000000E+00    2.750000000000000E-01    1.000000000000000E+00
    5.000000000000000E+00    2.750000000000000E-01    1.000000000000000E+00
    5.100000000000001E+00    2.750000000000000E-01    1.000000000000000E+00
    5.200000000000000E+00    2.750000000000000E-01    1.000000000000000E+00
    5.300000000000001E+00    2.750000000000000E-01    1.000000000000000E+00
    5.400000000000000E+00    2.750000000000000E-01    1.000000000000000E+00
    5.500000000000000E+00    2.750000000000000E-01    1.000000000000000E+00
    5.600000000000001E+00    2.750000000000000E-01    1.000000000000000E+00
    5.700000000000000E+00    2.750000000000000E-01    1.000000000000000E+00
    5.800000000000001E+00    2.750000000000000E-01    1.000000000000000E+00
    5.900000000000000E+00    2.750000000000000E-01    1.000000000000000E+00
    6.000000000000000E+00    2.750000000000000E-01    1.000000000000000E+00
    6.100000000000001E+00    2.750000000000000E-01    1.000000000000000E+00
    6.200000000000000E+00    2.750000000000000E-01    1.000000000000000E+00
    6.300000000000001E+00    2.750000000000000E-01    1.000000000000000E+00
    6.400000000000000E+00    2.750000000000000E-01    1.000000000000000E+00
    6.500000000000000E+00    2.750000000000000E-01    1.000000000000000E+00
    6.600000000000001E+00    2.750000000000000E-01    1.000000000000000E+00
    6.700000000000000E+00    2.750000000000000E-01    1.000000000000000E+00
    6.800000000000001E+00    2.750000000000000E-01    1.000000000000000E+00
    6.900000000000000E+00    2.750000000000000E-01    1.000000000000000E+00
    7.000000000000000E+00    2.750000000000000E-01    1.000000000000000E+00
    7.100000000000001E+00    2.750000000000000E-01    1.000000000000000E+00
    7.200000000000000E+00    2.750000000000000E-01    1.000000000000000E+00
    7.300000000000001E+00    2.750000000000000E-01    1.000000000000000E+00
    7.400000000000000E+00    2.750000000000000E-01    1.000000000000000E+00
    7.500000000000000E+00    2.750000000000000E-01    1.000000000000000E+00
    7.600000000000001E+00    2.750000000000000E-01    1.000000000000000E+00
    7.700000000000000E+00    2.750000000000000E-01    1.000000000000000E+00
    7.800000000000001E+00    2.750000000000000E-01    1.000000000000000E+00
    7.900000000000000E+00    2.750000000000000E-01    1.000000000000000E+00
    8.000000000000000E+00    2.750000000000000E-01    1.000000000000000E+00
    0.000000000000000E+00    3.000000000000000E-01    1.000000000000000E+00
    1.000000000000000E-01    3.000000000000000E-01    1.000000000000000E+00
    2.000000000000000E-01    3.000000000000000E-01    1.000000000000000E+00
    3.000000000000000E-01    3.000000000000000E-01    1.000000000000000E+00
    4.000000000000000E-01    3.000000000000000E-01    1.000000000000000E+00
    5.000000000000000E-01    3.000000000000000E-01    1.000000000000000E+00
    6.000000000000001E-01    3.000000000000000E-01    1.000000000000000E+00
    7.000000000000001E-01    3.000000000000000E-01    1.000000000000000E+00
    8.000000000000000E-01    3.000000000000000E-01    1.000000000000000E+00
    9.000000000000000E-01    3.000000000000000E-01    1.000000000000000E+00
    1.000000000000000E+00    3.000000000000000E-01    1.000000000000000E+00
    1.100000000000000E+00    3.000000000000000E-01    1.000000000000000E+00
    1.200000000000000E+00    3.000000000000000E-01    1.000000000000000E+00
    1.300000000000000E+00    3.000000000000000E-01    1.000000000000000E+00
    1.400000000000000E+00    3.000000000000000E-01    1.000000000000000E+00
    1.500000000000000E+00    3.000000000000000E-01    1.000000000000000E+00
    1.600000000000000E+00    3.000000000000000E-01    1.000000000000000E+00
    1.700000000000000E+00    3.000000000000000E-01    1.000000000000000E+00
    1.800000000000000E+00    3.000000000000000E-01    1.000000000000000E+00
    1.900000000000000E+00    3.000000000000000E-01    1.000000000000000E+00
    2.000000000000000E+00    3.000000000000000E-01    1.000000000000000E+00
    2.100000000000000E+00    3.000000000000000E-01    1.000000000000000E+00
    2.200000000000000E+00    3.000000000000000E-01    1.000000000000000E+00
    2.300000000000000E+00    3.000000000000000E-01    1.000000000000000E+00
    2.400000000000000E+00    3.000000000000000E-01    1.000000000000000E+00
    2.500000000000000E+00    3.000000000000000E-01    1.000000000000000E+00
    2.600000000000000E+00    3.000000000000000E-01    1.000000000000000E+00
    2.700000000000000E+00    3.000000000000000E-01    1.000000000000000E+00
    2.800000000000000E+00    3.000000000000000E-01    1.000000000000000E+00
    2.900000000000000E+00    3.000000000000000E-01    1.000000000000000E+00
    3.000000000000000E+00    3.000000000000000E-01    1.000000000000000E+00
    3.100000000000000E+00    3.000000000000000E-01    1.000000000000000E+00
    3.200000000000000E+00    3.000000000000000E-01    1.000000000000000E+00
    3.300000000000000E+00    3.000000000000000E-01    1.000000000000000E+00
    3.400000000000000E+00    3.000000000000000E-01    1.000000000000000E+00
    3.500000000000000E+00    3.000000000000000E-01    1.000000000000000E+00
    3.600000000000000E+00    3.000000000000000E-01    1.000000000000000E+00
    3.700000000000000E+00    3.000000000000000E-01    1.000000000000000E+00
    3.800000000000000E+00    3.000000000000000E-01    1.000000000000000E+00
    3.900000000000000E+00    3.000000000000000E-01    1.000000000000000E+00
    4.000000000000000E+00    3.000000000000000E-01    1.000000000000000E+00
    4.100000000000001E+00    3.000000000000000E-01    1.000000000000000E+00
    4.200000000000000E+00    3.000000000000000E-01    1.000000000000000E+00
    4.300000000000000E+00    3.000000000000000E-01    1.000000000000000E+00
    4.400000000000000E+00    3.000000000000000E-01    1.000000000000000E+00
    4.500000000000000E+00    3.000000000000000E-01    1.000000000000000E+00
    4.600000000000001E+00    3.000000000000000E-01    1.000000000000000E+00
    4.700000000000000E+00    3.000000000000000E-01    1.000000000000000E+00
    4.800000000000001E+00    3.000000000000000E-01    1.000000000000000E+00
    4.900000000000000E+00    3.000000000000000E-01    1.000000000000000E+00
    5.000000000000000E+00    3.000000000000000E-01    1.000000000000000E+00
    5.100000000000001E+00    3.000000000000000E-01    1.000000000000000E+00
    5.200000000000000E+00    3.000000000000000E-01    1.000000000000000E+00
    5.300000000000001E+00    3.000000000000000E-01    1.000000000000000E+00
    5.400000000000000E+00    3.000000000000000E-01    1.000000000000000E+00
    5.500000000000000E+00    3.000000000000000E-01    1.000000000000000E+00
    5.600000000000001E+00    3.000000000000000E-01    1.000000000000000E+00
    5.700000000000000E+00    3.000000000000000E-01    1.000000000000000E+00
    5.800000000000001E+00    3.000000000000000E-01    1.000000000000000E+00
    5.900000000000000E+00    3.000000000000000E-01    1.000000000000000E+00
    6.000000000000000E+00    3.000000000000000E-01    1.000000000000000E+00
    6.100000000000001E+00    3.000000000000000E-01    1.000000000000000E+00
    6.200000000000000E+00    3.000000000000000E-01    1.000000000000000E+00
    6.300000000000001E+00    3.000000000000000E-01    1.000000000000000E+00
    6.400000000000000E+00    3.000000000000000E-01    1.000000000000000E+00
    6.500000000000000E+00    3.000000000000000E-01    1.000000000000000E+00
    6.600000000000001E+00    3.000000000000000E-01    1.000000000000000E+00
    6.700000000000000E+00    3.000000000000000E-01    1.000000000000000E+00
    6.800000000000001E+00    3.000000000000000E-01    1.000000000000000E+00
    6.900000000000000E+00    3.000000000000000E-01    1.000000000000000E+00
    7.000000000000000E+00    3.000000000000000E-01    1.000000000000000E+00
    7.100000000000001E+00    3.000000000000000E-01    1.000000000000000E+00
    7.200000000000000E+00    3.000000000000000E-01    1.000000000000000E+00
    7.300000000000001E+00    3.000000000000000E-01    1.000000000000000E+00
    7.400000000000000E+00    3.000000000000000E-01    1.000000000000000E+00
    7.500000000000000E+00    3.000000000000000E-01    1.000000000000000E+00
    7.600000000000001E+00    3.000000000000000E-01    1.000000000000000E+00
    7.700000000000000E+00    3.000000000000000E-01    1.000000000000000E+00
    7.800000000000001E+00    3.000000000000000E-01    1.000000000000000E+00
    7.900000000000000E+00    3.000000000000000E-01    1.000000000000000E+00
    8.000000000000000E+00    3.000000000000000E-01    1.000000000000000E+00
    0.000000000000000E+00    3.250000000000000E-01    1.000000000000000E+00
    1.000000000000000E-01    3.250000000000000E-01    1.000000000000000E+00
    2.000000000000000E-01    3.250000000000000E-01    1.000000000000000E+00
    3.000000000000000E-01    3.250000000000000E-01    1.000000000000000E+00
    4.000000000000000E-01    3.250000000000000E-01    1.000000000000000E+00
    5.000000000000000E-01    3.250000000000000E-01    1.000000000000000E+00
    6.000000000000001E-01    3.250000000000000E-01    1.000000000000000E+00
    7.000000000000001E-01    3.250000000000000E-01    1.000000000000000E+00
    8.000000000000000E-01    3.250000000000000E-01    1.000000000000000E+00
    9.000000000000000E-01    3.250000000000000E-01    1.000000000000000E+00
    1.000000000000000E+00    3.250000000000000E-01    1.000000000000000E+00
    1.100000000000000E+00    3.250000000000000E-01    1.000000000000000E+00
    1.200000000000000E+00    3.250000000000000E-01    1.000000000000000E+00
    1.300000000000000E+00    3.250000000000000E-01    1.000000000000000E+00
    1.400000000000000E+00    3.250000000000000E-01    1.000000000000000E+00
    1.500000000000000E+00    3.250000000000000E-01    1.000000000000000E+00
    1.600000000000000E+00    3.250000000000000E-01    1.000000000000000E+00
    1.700000000000000E+00    3.250000000000000E-01    1.000000000000000E+00
    1.800000000000000E+00    3.250000000000000E-01    1.000000000000000E+00
    1.900000000000000E+00    3.250000000000000E-01    1.000000000000000E+00
    2.000000000000000E+00    3.250000000000000E-01    1.000000000000000E+00
    2.100000000000000E+00    3.250000000000000E-01    1.000000000000000E+00
    2.200000000000000E+00    3.250000000000000E-01    1.000000000000000E+00
    2.300000000000000E+00    3.250000000000000E-01    1.000000000000000E+00
    2.400000000000000E+00    3.250000000000000E-01    1.000000000000000E+00
    2.500000000000000E+00    3.250000000000000E-01    1.000000000000000E+00
    2.600000000000000E+00    3.250000000000000E-01    1.000000000000000E+00
    2.700000000000000E+00    3.250000000000000E-01    1.000000000000000E+00
    2.800000000000000E+00    3.250000000000000E-01    1.000000000000000E+00
    2.900000000000000E+00    3.250000000000000E-01    1.000000000000000E+00
    3.000000000000000E+00    3.250000000000000E-01    1.000000000000000E+00
    3.100000000000000E+00    3.250000000000000E-01    1.000000000000000E+00
    3.200000000000000E+00    3.250000000000000E-01    1.000000000000000E+00
    3.300000000000000E+00    3.250000000000000E-01    1.000000000000000E+00
    3.400000000000000E+00    3.250000000000000E-01    1.000000000000000E+00
    3.500000000000000E+00    3.250000000000000E-01    1.000000000000000E+00
    3.600000000000000E+00    3.250000000000000E-01    1.000000000000000E+00
    3.700000000000000E+00    3.250000000000000E-01    1.000000000000000E+00
    3.800000000000000E+00    3.250000000000000E-01    1.000000000000000E+00
    3.900000000000000E+00    3.250000000000000E-01    1.000000000000000E+00
    4.000000000000000E+00    3.250000000000000E-01    1.000000000000000E+00
    4.100000000000001E+00    3.250000000000000E-01    1.000000000000000E+00
    4.200000000000000E+00    3.250000000000000E-01    1.000000000000000E+00
    4.300000000000000E+00    3.250000000000000E-01    1.000000000000000E+00
    4.400000000000000E+00    3.250000000000000E-01    1.000000000000000E+00
    4.500000000000000E+00    3.250000000000000E-01    1.000000000000000E+00
    4.600000000000001E+00    3.250000000000000E-01    1.000000000000000E+00
    4.700000000000000E+00    3.250000000000000E-01    1.000000000000000E+00
    4.800000000000001E+00    3.250000000000000E-01    1.000000000000000E+00
    4.900000000000000E+00    3.250000000000000E-01    1.000000000000000E+00
    5.000000000000000E+00    3.250000000000000E-01    1.000000000000000E+00
    5.100000000000001E+00    3.250000000000000E-01    1.000000000000000E+00
    5.200000000000000E+00    3.250000000000000E-01    1.000000000000000E+00
    5.300000000000001E+00    3.250000000000000E-01    1.000000000000000E+00
    5.400000000000000E+00    3.250000000000000E-01    1.000000000000000E+00
    5.500000000000000E+00    3.250000000000000E-01    1.000000000000000E+00
    5.600000000000001E+00    3.250000000000000E-01    1.000000000000000E+00
    5.700000000000000E+00    3.250000000000000E-01    1.000000000000000E+00
    5.800000000000001E+00    3.250000000000000E-01    1.000000000000000E+00
    5.900000000000000E+00    3.250000000000000E-01    1.000000000000000E+00
    6.000000000000000E+00    3.250000000000000E-01    1.000000000000000E+00
    6.100000000000001E+00    3.250000000000000E-01    1.000000000000000E+00
    6.200000000000000E+00    3.250000000000000E-01    1.000000000000000E+00
    6.300000000000001E+00    3.250000000000000E-01    1.000000000000000E+00
    6.400000000000000E+00    3.250000000000000E-01    1.000000000000000E+00
    6.500000000000000E+00    3.250000000000000E-01    1.000000000000000E+00
    6.600000000000001E+00    3.250000000000000E-01    1.000000000000000E+00
    6.700000000000000E+00    3.250000000000000E-01    1.000000000000000E+00
    6.800000000000001E+00    3.250000000000000E-01    1.000000000000000E+00
    6.900000000000000E+00    3.250000000000000E-01    1.000000000000000E+00
    7.000000000000000E+00    3.250000000000000E-01    1.000000000000000E+00
    7.100000000000001E+00    3.250000000000000E-01    1.000000000000000E+00
    7.200000000000000E+00    3.250000000000000E-01    1.000000000000000E+00
    7.300000000000001E+00    3.250000000000000E-01    1.000000000000000E+00
    7.400000000000000E+00    3.250000000000000E-01    1.000000000000000E+00
    7.500000000000000E+00    3.250000000000000E-01    1.000000000000000E+00
    7.600000000000001E+00    3.250000000000000E-01    1.000000000000000E+00
    7.700000000000000E+00    3.250000000000000E-01    1.000000000000000E+00
    7.800000000000001E+00    3.250000000000000E-01    1.000000000000000E+00
    7.900000000000000E+00    3.250000000000000E-01    1.000000000000000E+00
    8.000000000000000E+00    3.250000000000000E-01    1.000000000000000E+00
    0.000000000000000E+00    3.500000000000000E-01    1.000000000000000E+00
    1.000000000000000E-01    3.500000000000000E-01    1.000000000000000E+00
    2.000000000000000E-01    3.500000000000000E-01    1.000000000000000E+00
    3.000000000000000E-01    3.500000000000000E-01    1.000000000000000E+00
    4.000000000000000E-01    3.500000000000000E-01    1.000000000000000E+00
    5.000000000000000E-01    3.500000000000000E-01    1.000000000000000E+00
    6.000000000000001E-01    3.500000000000000E-01    1.000000000000000E+00
    7.000000000000001E-01    3.500000000000000E-01    1.000000000000000E+00
    8.000000000000000E-01    3.500000000000000E-01    1.000000000000000E+00
    9.000000000000000E-01    3.500000000000000E-01    1.000000000000000E+00
    1.000000000000000E+00    3.500000000000000E-01    1.000000000000000E+00
    1.100000000000000E+00    3.500000000000000E-01    1.000000000000000E+00
    1.200000000000000E+00    3.500000000000000E-01    1.000000000000000E+00
    1.300000000000000E+00    3.500000000000000E-01    1.000000000000000E+00
    1.400000000000000E+00    3.500000000000000E-01    1.000000000000000E+00
    1.500000000000000E+00    3.500000000000000E-01    1.000000000000000E+00
    1.600000000000000E+00    3.500000000000000E-01    1.000000000000000E+00
    1.700000000000000E+00    3.500000000000000E-01    1.000000000000000E+00
    1.800000000000000E+00    3.500000000000000E-01    1.000000000000000E+00
    1.900000000000000E+00    3.500000000000000E-01    1.000000000000000E+00
    2.000000000000000E+00    3.500000000000000E-01    1.000000000000000E+00
    2.100000000000000E+00    3.500000000000000E-01    1.000000000000000E+00
    2.200000000000000E+00    3.500000000000000E-01    1.000000000000000E+00
    2.300000000000000E+00    3.500000000000000E-01    1.000000000000000E+00
    2.400000000000000E+00    3.500000000000000E-01    1.000000000000000E+00
    2.500000000000000E+00    3.500000000000000E-01    1.000000000000000E+00
    2.600000000000000E+00    3.500000000000000E-01    1.000000000000000E+00
    2.700000000000000E+00    3.500000000000000E-01    1.000000000000000E+00
    2.800000000000000E+00    3.500000000000000E-01    1.000000000000000E+00
    2.900000000000000E+00    3.500000000000000E-01    1.000000000000000E+00
    3.000000000000000E+00    3.500000000000000E-01    1.000000000000000E+00
    3.100000000000000E+00    3.500000000000000E-01    1.000000000000000E+00
    3.200000000000000E+00    3.500000000000000E-01    1.000000000000000E+00
    3.300000000000000E+00    3.500000000000000E-01    1.000000000000000E+00
    3.400000000000000E+00    3.500000000000000E-01    1.000000000000000E+00
    3.500000000000000E+00    3.500000000000000E-01    1.000000000000000E+00
    3.600000000000000E+00    3.500000000000000E-01    1.000000000000000E+00
    3.700000000000000E+00    3.500000000000000E-01    1.000000000000000E+00
    3.800000000000000E+00    3.500000000000000E-01    1.000000000000000E+00
    3.900000000000000E+00    3.500000000000000E-01    1.000000000000000E+00
    4.000000000000000E+00    3.500000000000000E-01    1.000000000000000E+00
    4.100000000000001E+00    3.500000000000000E-01    1.000000000000000E+00
    4.200000000000000E+00    3.500000000000000E-01    1.000000000000000E+00
    4.300000000000000E+00    3.500000000000000E-01    1.000000000000000E+00
    4.400000000000000E+00    3.500000000000000E-01    1.000000000000000E+00
    4.500000000000000E+00    3.500000000000000E-01    1.000000000000000E+00
    4.600000000000001E+00    3.500000000000000E-01    1.000000000000000E+00
    4.700000000000000E+00    3.500000000000000E-01    1.000000000000000E+00
    4.800000000000001E+00    3.500000000000000E-01    1.000000000000000E+00
    4.900000000000000E+00    3.500000000000000E-01    1.000000000000000E+00
    5.000000000000000E+00    3.500000000000000E-01    1.000000000000000E+00
    5.100000000000001E+00    3.500000000000000E-01    1.000000000000000E+00
    5.200000000000000E+00    3.500000000000000E-01    1.000000000000000E+00
    5.300000000000001E+00    3.500000000000000E-01    1.000000000000000E+00
    5.400000000000000E+00    3.500000000000000E-01    1.000000000000000E+00
    5.500000000000000E+00    3.500000000000000E-01    1.000000000000000E+00
    5.600000000000001E+00    3.500000000000000E-01    1.000000000000000E+00
    5.700000000000000E+00    3.500000000000000E-01    1.000000000000000E+00
    5.800000000000001E+00    3.500000000000000E-01    1.000000000000000E+00
    5.900000000000000E+00    3.500000000000000E-01    1.000000000000000E+00
    6.000000000000000E+00    3.500000000000000E-01    1.000000000000000E+00
    6.100000000000001E+00    3.500000000000000E-01    1.000000000000000E+00
    6.200000000000000E+00    3.500000000000000E-01    1.000000000000000E+00
    6.300000000000001E+00    3.500000000000000E-01    1.000000000000000E+00
    6.400000000000000E+00    3.500000000000000E-01    1.000000000000000E+00
    6.500000000000000E+00    3.500000000000000E-01    1.000000000000000E+00
    6.600000000000001E+00    3.500000000000000E-01    1.000000000000000E+00
    6.700000000000000E+00    3.500000000000000E-01    1.000000000000000E+00
    6.800000000000001E+00    3.500000000000000E-01    1.000000000000000E+00
    6.900000000000000E+00    3.500000000000000E-01    1.000000000000000E+00
    7.000000000000000E+00    3.500000000000000E-01    1.000000000000000E+00
    7.100000000000001E+00    3.500000000000000E-01    1.000000000000000E+00
    7.200000000000000E+00    3.500000000000000E-01    1.000000000000000E+00
    7.300000000000001E+00    3.500000000000000E-01    1.000000000000000E+00
    7.400000000000000E+00    3.500000000000000E-01    1.000000000000000E+00
    7.500000000000000E+00    3.500000000000000E-01    1.000000000000000E+00
    7.600000000000001E+00    3.500000000000000E-01    1.000000000000000E+00
    7.700000000000000E+00    3.500000000000000E-01    1.000000000000000E+00
    7.800000000000001E+00    3.500000000000000E-01    1.000000000000000E+00
    7.900000000000000E+00    3.500000000000000E-01    1.000000000000000E+00
    8.000000000000000E+00    3.500000000000000E-01    1.000000000000000E+00
    0.000000000000000E+00    3.750000000000000E-01    1.000000000000000E+00
    1.000000000000000E-01    3.750000000000000E-01    1.000000000000000E+00
    2.000000000000000E-01    3.750000000000000E-01    1.000000000000000E+00
    3.000000000000000E-01    3.750000000000000E-01    1.000000000000000E+00
    4.000000000000000E-01    3.750000000000000E-01    1.000000000000000E+00
    5.000000000000000E-01    3.750000000000000E-01    1.000000000000000E+00
    6.000000000000001E-01    3.750000000000000E-01    1.000000000000000E+00
    7.000000000000001E-01    3.750000000000000E-01    1.000000000000000E+00
    8.000000000000000E-01    3.750000000000000E-01    1.000000000000000E+00
    9.000000000000000E-01    3.750000000000000E-01    1.000000000000000E+00
    1.000000000000000E+00    3.750000000000000E-01    1.000000000000000E+00
    1.100000000000000E+00    3.750000000000000E-01    1.000000000000000E+00
    1.200000000000000E+00    3.750000000000000E-01    1.000000000000000E+00
    1.300000000000000E+00    3.750000000000000E-01    1.000000000000000E+00
    1.400000000000000E+00    3.750000000000000E-01    1.000000000000000E+00
    1.500000000000000E+00    3.750000000000000E-01    1.000000000000000E+00
    1.600000000000000E+00    3.750000000000000E-01    1.000000000000000E+00
    1.700000000000000E+00    3.750000000000000E-01    1.000000000000000E+00
    1.800000000000000E+00    3.750000000000000E-01    1.000000000000000E+00
    1.900000000000000E+00    3.750000000000000E-01    1.000000000000000E+00
    2.000000000000000E+00    3.750000000000000E-01    1.000000000000000E+00
    2.100000000000000E+00    3.750000000000000E-01    1.000000000000000E+00
    2.200000000000000E+00    3.750000000000000E-01    1.000000000000000E+00
    2.300000000000000E+00    3.750000000000000E-01    1.000000000000000E+00
    2.400000000000000E+00    3.750000000000000E-01    1.000000000000000E+00
    2.500000000000000E+00    3.750000000000000E-01    1.000000000000000E+00
    2.600000000000000E+00    3.750000000000000E-01    1.000000000000000E+00
    2.700000000000000E+00    3.750000000000000E-01    1.000000000000000E+00
    2.800000000000000E+00    3.750000000000000E-01    1.000000000000000E+00
    2.900000000000000E+00    3.750000000000000E-01    1.000000000000000E+00
    3.000000000000000E+00    3.750000000000000E-01    1.000000000000000E+00
    3.100000000000000E+00    3.750000000000000E-01    1.000000000000000E+00
    3.200000000000000E+00    3.750000000000000E-01    1.000000000000000E+00
    3.300000000000000E+00    3.750000000000000E-01    1.000000000000000E+00
    3.400000000000000E+00    3.750000000000000E-01    1.000000000000000E+00
    3.500000000000000E+00    3.750000000000000E-01    1.000000000000000E+00
    3.600000000000000E+00    3.750000000000000E-01    1.000000000000000E+00
    3.700000000000000E+00    3.750000000000000E-01    1.000000000000000E+00
    3.800000000000000E+00    3.750000000000000E-01    1.000000000000000E+00
    3.900000000000000E+00    3.750000000000000E-01    1.000000000000000E+00
    4.000000000000000E+00    3.750000000000000E-01    1.000000000000000E+00
    4.100000000000001E+00    3.750000000000000E-01    1.000000000000000E+00
    4.200000000000000E+00    3.750000000000000E-01    1.000000000000000E+00
    4.300000000000000E+00    3.750000000000000E-01    1.000000000000000E+00
    4.400000000000000E+00    3.750000000000000E-01    1.000000000000000E+00
    4.500000000000000E+00    3.750000000000000E-01    1.000000000000000E+00
    4.600000000000001E+00    3.750000000000000E-01    1.000000000000000E+00
    4.700000000000000E+00    3.750000000000000E-01    1.000000000000000E+00
    4.800000000000001E+00    3.750000000000000E-01    1.000000000000000E+00
    4.900000000000000E+00    3.750000000000000E-01    1.000000000000000E+00
    5.000000000000000E+00    3.750000000000000E-01    1.000000000000000E+00
    5.100000000000001E+00    3.750000000000000E-01    1.000000000000000E+00
    5.200000000000000E+00    3.750000000000000E-01    1.000000000000000E+00
    5.300000000000001E+00    3.750000000000000E-01    1.000000000000000E+00
    5.400000000000000E+00    3.750000000000000E-01    1.000000000000000E+00
    5.500000000000000E+00    3.750000000000000E-01    1.000000000000000E+00
    5.600000000000001E+00    3.750000000000000E-01    1.000000000000000E+00
    5.700000000000000E+00    3.750000000000000E-01    1.000000000000000E+00
    5.800000000000001E+00    3.750000000000000E-01    1.000000000000000E+00
    5.900000000000000E+00    3.750000000000000E-01    1.000000000000000E+00
    6.000000000000000E+00    3.750000000000000E-01    1.000000000000000E+00
    6.100000000000001E+00    3.750000000000000E-01    1.000000000000000E+00
    6.200000000000000E+00    3.750000000000000E-01    1.000000000000000E+00
    6.300000000000001E+00    3.750000000000000E-01    1.000000000000000E+00
    6.400000000000000E+00    3.750000000000000E-01    1.000000000000000E+00
    6.500000000000000E+00    3.750000000000000E-01    1.000000000000000E+00
    6.600000000000001E+00    3.750000000000000E-01    1.000000000000000E+00
    6.700000000000000E+00    3.750000000000000E-01    1.000000000000000E+00
    6.800000000000001E+00    3.750000000000000E-01    1.000000000000000E+00
    6.900000000000000E+00    3.750000000000000E-01    1.000000000000000E+00
    7.000000000000000E+00    3.750000000000000E-01    1.000000000000000E+00
    7.100000000000001E+00    3.750000000000000E-01    1.000000000000000E+00
    7.200000000000000E+00    3.750000000000000E-01    1.000000000000000E+00
    7.300000000000001E+00    3.750000000000000E-01    1.000000000000000E+00
    7.400000000000000E+00    3.750000000000000E-01    1.000000000000000E+00
    7.500000000000000E+00    3.750000000000000E-01    1.000000000000000E+00
    7.600000000000001E+00    3.750000000000000E-01    1.000000000000000E+00
    7.700000000000000E+00    3.750000000000000E-01    1.000000000000000E+00
    7.800000000000001E+00    3.750000000000000E-01    1.000000000000000E+00
    7.900000000000000E+00    3.750000000000000E-01    1.000000000000000E+00
    8.000000000000000E+00    3.750000000000000E-01    1.000000000000000E+00
    0.000000000000000E+00    4.000000000000000E-01    1.000000000000000E+00
    1.000000000000000E-01    4.000000000000000E-01    1.000000000000000E+00
    2.000000000000000E-01    4.000000000000000E-01    1.000000000000000E+00
    3.000000000000000E-01    4.000000000000000E-01    1.000000000000000E+00
    4.000000000000000E-01    4.000000000000000E-01    1.000000000000000E+00
    5.000000000000000E-01    4.000000000000000E-01    1.000000000000000E+00
    6.000000000000001E-01    4.000000000000000E-01    1.000000000000000E+00
    7.000000000000001E-01    4.000000000000000E-01    1.000000000000000E+00
    8.000000000000000E-01    4.000000000000000E-01    1.000000000000000E+00
    9.000000000000000E-01    4.000000000000000E-01    1.000000000000000E+00
    1.000000000000000E+00    4.000000000000000E-01    1.000000000000000E+00
    1.100000000000000E+00    4.000000000000000E-01    1.000000000000000E+00
    1.200000000000000E+00    4.000000000000000E-01    1.000000000000000E+00
    1.300000000000000E+00    4.000000000000000E-01    1.000000000000000E+00
    1.400000000000000E+00    4.000000000000000E-01    1.000000000000000E+00
    1.500000000000000E+00    4.000000000000000E-01    1.000000000000000E+00
    1.600000000000000E+00    4.000000000000000E-01    1.000000000000000E+00
    1.700000000000000E+00    4.000000000000000E-01    1.000000000000000E+00
    1.800000000000000E+00    4.000000000000000E-01    1.000000000000000E+00
    1.900000000000000E+00    4.000000000000000E-01    1.000000000000000E+00
    2.000000000000000E+00    4.000000000000000E-01    1.000000000000000E+00
    2.100000000000000E+00    4.000000000000000E-01    1.000000000000000E+00
    2.200000000000000E+00    4.000000000000000E-01    1.000000000000000E+00
    2.300000000000000E+00    4.000000000000000E-01    1.000000000000000E+00
    2.400000000000000E+00    4.000000000000000E-01    1.000000000000000E+00
    2.500000000000000E+00    4.000000000000000E-01    1.000000000000000E+00
    2.600000000000000E+00    4.000000000000000E-01    1.000000000000000E+00
    2.700000000000000E+00    4.000000000000000E-01    1.000000000000000E+00
    2.800000000000000E+00    4.000000000000000E-01    1.000000000000000E+00
    2.900000000000000E+00    4.000000000000000E-01    1.000000000000000E+00
    3.000000000000000E+00    4.000000000000000E-01    1.000000000000000E+00
    3.100000000000000E+00    4.000000000000000E-01    1.000000000000000E+00
    3.200000000000000E+00    4.000000000000000E-01    1.000000000000000E+00
    3.300000000000000E+00    4.000000000000000E-01    1.000000000000000E+00
    3.400000000000000E+00    4.000000000000000E-01    1.000000000000000E+00
    3.500000000000000E+00    4.000000000000000E-01    1.000000000000000E+00
    3.600000000000000E+00    4.000000000000000E-01    1.000000000000000E+00
    3.700000000000000E+00    4.000000000000000E-01    1.000000000000000E+00
    3.800000000000000E+00    4.000000000000000E-01    1.000000000000000E+00
    3.900000000000000E+00    4.000000000000000E-01    1.000000000000000E+00
    4.000000000000000E+00    4.000000000000000E-01    1.000000000000000E+00
    4.100000000000001E+00    4.000000000000000E-01    1.000000000000000E+00
    4.200000000000000E+00    4.000000000000000E-01    1.000000000000000E+00
    4.300000000000000E+00    4.000000000000000E-01    1.000000000000000E+00
    4.400000000000000E+00    4.000000000000000E-01    1.000000000000000E+00
    4.500000000000000E+00    4.000000000000000E-01    1.000000000000000E+00
    4.600000000000001E+00    4.000000000000000E-01    1.000000000000000E+00
    4.700000000000000E+00    4.000000000000000E-01    1.000000000000000E+00
    4.800000000000001E+00    4.000000000000000E-01    1.000000000000000E+00
    4.900000000000000E+00    4.000000000000000E-01    1.000000000000000E+00
    5.000000000000000E+00    4.000000000000000E-01    1.000000000000000E+00
    5.100000000000001E+00    4.000000000000000E-01    1.000000000000000E+00
    5.200000000000000E+00    4.000000000000000E-01    1.000000000000000E+00
    5.300000000000001E+00    4.000000000000000E-01    1.000000000000000E+00
    5.400000000000000E+00    4.000000000000000E-01    1.000000000000000E+00
    5.500000000000000E+00    4.000000000000000E-01    1.000000000000000E+00
    5.600000000000001E+00    4.000000000000000E-01    1.000000000000000E+00
    5.700000000000000E+00    4.000000000000000E-01    1.000000000000000E+00
    5.800000000000001E+00    4.000000000000000E-01    1.000000000000000E+00
    5.900000000000000E+00    4.000000000000000E-01    1.000000000000000E+00
    6.000000000000000E+00    4.000000000000000E-01    1.000000000000000E+00
    6.100000000000001E+00    4.000000000000000E-01    1.000000000000000E+00
    6.200000000000000E+00    4.000000000000000E-01    1.000000000000000E+00
    6.300000000000001E+00    4.000000000000000E-01    1.000000000000000E+00
    6.400000000000000E+00    4.000000000000000E-01    1.000000000000000E+00
    6.500000000000000E+00    4.000000000000000E-01    1.000000000000000E+00
    6.600000000000001E+00    4.000000000000000E-01    1.000000000000000E+00
    6.700000000000000E+00    4.000000000000000E-01    1.000000000000000E+00
    6.800000000000001E+00    4.000000000000000E-01    1.000000000000000E+00
    6.900000000000000E+00    4.000000000000000E-01    1.000000000000000E+00
    7.000000000000000E+00    4.000000000000000E-01    1.000000000000000E+00
    7.100000000000001E+00    4.000000000000000E-01    1.000000000000000E+00
    7.200000000000000E+00    4.000000000000000E-01    1.000000000000000E+00
    7.300000000000001E+00    4.000000000000000E-01    1.000000000000000E+00
    7.400000000000000E+00    4.000000000000000E-01    1.000000000000000E+00
    7.500000000000000E+00    4.000000000000000E-01    1.000000000000000E+00
    7.600000000000001E+00    4.000000000000000E-01    1.000000000000000E+00
    7.700000000000000E+00    4.000000000000000E-01    1.000000000000000E+00
    7.800000000000001E+00    4.000000000000000E-01    1.000000000000000E+00
    7.900000000000000E+00    4.000000000000000E-01    1.000000000000000E+00
    8.000000000000000E+00    4.000000000000000E-01    1.000000000000000E+00
    0.000000000000000E+00    4.250000000000000E-01    1.000000000000000E+00
    1.000000000000000E-01    4.250000000000000E-01    1.000000000000000E+00
    2.000000000000000E-01    4.250000000000000E-01    1.000000000000000E+00
    3.000000000000000E-01    4.250000000000000E-01    1.000000000000000E+00
    4.000000000000000E-01    4.250000000000000E-01    1.000000000000000E+00
    5.000000000000000E-01    4.250000000000000E-01    1.000000000000000E+00
    6.000000000000001E-01    4.250000000000000E-01    1.000000000000000E+00
    7.000000000000001E-01    4.250000000000000E-01    1.000000000000000E+00
    8.000000000000000E-01    4.250000000000000E-01    1.000000000000000E+00
    9.000000000000000E-01    4.250000000000000E-01    1.000000000000000E+00
    1.000000000000000E+00    4.250000000000000E-01    1.000000000000000E+00
    1.100000000000000E+00    4.250000000000000E-01    1.000000000000000E+00
    1.200000000000000E+00    4.250000000000000E-01    1.000000000000000E+00
    1.300000000000000E+00    4.250000000000000E-01    1.000000000000000E+00
    1.400000000000000E+00    4.250000000000000E-01    1.000000000000000E+00
    1.500000000000000E+00    4.250000000000000E-01    1.000000000000000E+00
    1.600000000000000E+00    4.250000000000000E-01    1.000000000000000E+00
    1.700000000000000E+00    4.250000000000000E-01    1.000000000000000E+00
    1.800000000000000E+00    4.250000000000000E-01    1.000000000000000E+00
    1.900000000000000E+00    4.250000000000000E-01    1.000000000000000E+00
    2.000000000000000E+00    4.250000000000000E-01    1.000000000000000E+00
    2.100000000000000E+00    4.250000000000000E-01    1.000000000000000E+00
    2.200000000000000E+00    4.250000000000000E-01    1.000000000000000E+00
    2.300000000000000E+00    4.250000000000000E-01    1.000000000000000E+00
    2.400000000000000E+00    4.250000000000000E-01    1.000000000000000E+00
    2.500000000000000E+00    4.250000000000000E-01    1.000000000000000E+00
    2.600000000000000E+00    4.250000000000000E-01    1.000000000000000E+00
    2.700000000000000E+00    4.250000000000000E-01    1.000000000000000E+00
    2.800000000000000E+00    4.250000000000000E-01    1.000000000000000E+00
    2.900000000000000E+00    4.250000000000000E-01    1.000000000000000E+00
    3.000000000000000E+00    4.250000000000000E-01    1.000000000000000E+00
    3.100000000000000E+00    4.250000000000000E-01    1.000000000000000E+00
    3.200000000000000E+00    4.250000000000000E-01    1.000000000000000E+00
    3.300000000000000E+00    4.250000000000000E-01    1.000000000000000E+00
    3.400000000000000E+00    4.250000000000000E-01    1.000000000000000E+00
    3.500000000000000E+00    4.250000000000000E-01    1.000000000000000E+00
    3.600000000000000E+00    4.250000000000000E-01    1.000000000000000E+00
    3.700000000000000E+00    4.250000000000000E-01    1.000000000000000E+00
    3.800000000000000E+00    4.250000000000000E-01    1.000000000000000E+00
    3.900000000000000E+00    4.250000000000000E-01    1.000000000000000E+00
    4.000000000000000E+00    4.250000000000000E-01    1.000000000000000E+00
    4.100000000000001E+00    4.250000000000000E-01    1.000000000000000E+00
    4.200000000000000E+00    4.250000000000000E-01    1.000000000000000E+00
    4.300000000000000E+00    4.250000000000000E-01    1.000000000000000E+00
    4.400000000000000E+00    4.250000000000000E-01    1.000000000000000E+00
    4.500000000000000E+00    4.250000000000000E-01    1.000000000000000E+00
    4.600000000000001E+00    4.250000000000000E-01    1.000000000000000E+00
    4.700000000000000E+00    4.250000000000000E-01    1.000000000000000E+00
    4.800000000000001E+00    4.250000000000000E-01    1.000000000000000E+00
    4.900000000000000E+00    4.250000000000000E-01    1.000000000000000E+00
    5.000000000000000E+00    4.250000000000000E-01    1.000000000000000E+00
    5.100000000000001E+00    4.250000000000000E-01    1.000000000000000E+00
    5.200000000000000E+00    4.250000000000000E-01    1.000000000000000E+00
    5.300000000000001E+00    4.250000000000000E-01    1.000000000000000E+00
    5.400000000000000E+00    4.250000000000000E-01    1.000000000000000E+00
    5.500000000000000E+00    4.250000000000000E-01    1.000000000000000E+00
    5.600000000000001E+00    4.250000000000000E-01    1.000000000000000E+00
    5.700000000000000E+00    4.250000000000000E-01    1.000000000000000E+00
    5.800000000000001E+00    4.250000000000000E-01    1.000000000000000E+00
    5.900000000000000E+00    4.250000000000000E-01    1.000000000000000E+00
    6.000000000000000E+00    4.250000000000000E-01    1.000000000000000E+00
    6.100000000000001E+00    4.250000000000000E-01    1.000000000000000E+00
    6.200000000000000E+00    4.250000000000000E-01    1.000000000000000E+00
    6.300000000000001E+00    4.250000000000000E-01    1.000000000000000E+00
    6.400000000000000E+00    4.250000000000000E-01    1.000000000000000E+00
    6.500000000000000E+00    4.250000000000000E-01    1.000000000000000E+00
    6.600000000000001E+00    4.250000000000000E-01    1.000000000000000E+00
    6.700000000000000E+00    4.250000000000000E-01    1.000000000000000E+00
    6.800000000000001E+00    4.250000000000000E-01    1.000000000000000E+00
    6.900000000000000E+00    4.250000000000000E-01    1.000000000000000E+00
    7.000000000000000E+00    4.250000000000000E-01    1.000000000000000E+00
    7.100000000000001E+00    4.250000000000000E-01    1.000000000000000E+00
    7.200000000000000E+00    4.250000000000000E-01    1.000000000000000E+00
    7.300000000000001E+00    4.250000000000000E-01    1.000000000000000E+00
    7.400000000000000E+00    4.250000000000000E-01    1.000000000000000E+00
    7.500000000000000E+00    4.250000000000000E-01    1.000000000000000E+00
    7.600000000000001E+00    4.250000000000000E-01    1.000000000000000E+00
    7.700000000000000E+00    4.250000000000000E-01    1.000000000000000E+00
    7.800000000000001E+00    4.250000000000000E-01    1.000000000000000E+00
    7.900000000000000E+00    4.250000000000000E-01    1.000000000000000E+00
    8.000000000000000E+00    4.250000000000000E-01    1.000000000000000E+00
    0.000000000000000E+00    4.500000000000000E-01    1.000000000000000E+00
    1.000000000000000E-01    4.500000000000000E-01    1.000000000000000E+00
    2.000000000000000E-01    4.500000000000000E-01    1.000000000000000E+00
    3.000000000000000E-01    4.500000000000000E-01    1.000000000000000E+00
    4.000000000000000E-01    4.500000000000000E-01    1.000000000000000E+00
    5.000000000000000E-01    4.500000000000000E-01    1.000000000000000E+00
    6.000000000000001E-01    4.500000000000000E-01    1.000000000000000E+00
    7.000000000000001E-01    4.500000000000000E-01    1.000000000000000E+00
    8.000000000000000E-01    4.500000000000000E-01    1.000000000000000E+00
    9.000000000000000E-01    4.500000000000000E-01    1.000000000000000E+00
    1.000000000000000E+00    4.500000000000000E-01    1.000000000000000E+00
    1.100000000000000E+00    4.500000000000000E-01    1.000000000000000E+00
    1.200000000000000E+00    4.500000000000000E-01    1.000000000000000E+00
    1.300000000000000E+00    4.500000000000000E-01    1.000000000000000E+00
    1.400000000000000E+00    4.500000000000000E-01    1.000000000000000E+00
    1.500000000000000E+00    4.500000000000000E-01    1.000000000000000E+00
    1.600000000000000E+00    4.500000000000000E-01    1.000000000000000E+00
    1.700000000000000E+00    4.500000000000000E-01    1.000000000000000E+00
    1.800000000000000E+00    4.500000000000000E-01    1.000000000000000E+00
    1.900000000000000E+00    4.500000000000000E-01    1.000000000000000E+00
    2.000000000000000E+00    4.500000000000000E-01    1.000000000000000E+00
    2.100000000000000E+00    4.500000000000000E-01    1.000000000000000E+00
    2.200000000000000E+00    4.500000000000000E-01    1.000000000000000E+00
    2.300000000000000E+00    4.500000000000000E-01    1.000000000000000E+00
    2.400000000000000E+00    4.500000000000000E-01    1.000000000000000E+00
    2.500000000000000E+00    4.500000000000000E-01    1.000000000000000E+00
    2.600000000000000E+00    4.500000000000000E-01    1.000000000000000E+00
    2.700000000000000E+00    4.500000000000000E-01    1.000000000000000E+00
    2.800000000000000E+00    4.500000000000000E-01    1.000000000000000E+00
    2.900000000000000E+00    4.500000000000000E-01    1.000000000000000E+00
    3.000000000000000E+00    4.500000000000000E-01    1.000000000000000E+00
    3.100000000000000E+00    4.500000000000000E-01    1.000000000000000E+00
    3.200000000000000E+00    4.500000000000000E-01    1.000000000000000E+00
    3.300000000000000E+00    4.500000000000000E-01    1.000000000000000E+00
    3.400000000000000E+00    4.500000000000000E-01    1.000000000000000E+00
    3.500000000000000E+00    4.500000000000000E-01    1.000000000000000E+00
    3.600000000000000E+00    4.500000000000000E-01    1.000000000000000E+00
    3.700000000000000E+00    4.500000000000000E-01    1.000000000000000E+00
    3.800000000000000E+00    4.500000000000000E-01    1.000000000000000E+00
    3.900000000000000E+00    4.500000000000000E-01    1.000000000000000E+00
    4.000000000000000E+00    4.500000000000000E-01    1.000000000000000E+00
    4.100000000000001E+00    4.500000000000000E-01    1.000000000000000E+00
    4.200000000000000E+00    4.500000000000000E-01    1.000000000000000E+00
    4.300000000000000E+00    4.500000000000000E-01    1.000000000000000E+00
    4.400000000000000E+00    4.500000000000000E-01    1.000000000000000E+00
    4.500000000000000E+00    4.500000000000000E-01    1.000000000000000E+00
    4.600000000000001E+00    4.500000000000000E-01    1.000000000000000E+00
    4.700000000000000E+00    4.500000000000000E-01    1.000000000000000E+00
    4.800000000000001E+00    4.500000000000000E-01    1.000000000000000E+00
    4.900000000000000E+00    4.500000000000000E-01    1.000000000000000E+00
    5.000000000000000E+00    4.500000000000000E-01    1.000000000000000E+00
    5.100000000000001E+00    4.500000000000000E-01    1.000000000000000E+00
    5.200000000000000E+00    4.500000000000000E-01    1.000000000000000E+00
    5.300000000000001E+00    4.500000000000000E-01    1.000000000000000E+00
    5.400000000000000E+00    4.500000000000000E-01    1.000000000000000E+00
    5.500000000000000E+00    4.500000000000000E-01    1.000000000000000E+00
    5.600000000000001E+00    4.500000000000000E-01    1.000000000000000E+00
    5.700000000000000E+00    4.500000000000000E-01    1.000000000000000E+00
    5.800000000000001E+00    4.500000000000000E-01    1.000000000000000E+00
    5.900000000000000E+00    4.500000000000000E-01    1.000000000000000E+00
    6.000000000000000E+00    4.500000000000000E-01    1.000000000000000E+00
    6.100000000000001E+00    4.500000000000000E-01    1.000000000000000E+00
    6.200000000000000E+00    4.500000000000000E-01    1.000000000000000E+00
    6.300000000000001E+00    4.500000000000000E-01    1.000000000000000E+00
    6.400000000000000E+00    4.500000000000000E-01    1.000000000000000E+00
    6.500000000000000E+00    4.500000000000000E-01    1.000000000000000E+00
    6.600000000000001E+00    4.500000000000000E-01    1.000000000000000E+00
    6.700000000000000E+00    4.500000000000000E-01    1.000000000000000E+00
    6.800000000000001E+00    4.500000000000000E-01    1.000000000000000E+00
    6.900000000000000E+00    4.500000000000000E-01    1.000000000000000E+00
    7.000000000000000E+00    4.500000000000000E-01    1.000000000000000E+00
    7.100000000000001E+00    4.500000000000000E-01    1.000000000000000E+00
    7.200000000000000E+00    4.500000000000000E-01    1.000000000000000E+00
    7.300000000000001E+00    4.500000000000000E-01    1.000000000000000E+00
    7.400000000000000E+00    4.500000000000000E-01    1.000000000000000E+00
    7.500000000000000E+00    4.500000000000000E-01    1.000000000000000E+00
    7.600000000000001E+00    4.500000000000000E-01    1.000000000000000E+00
    7.700000000000000E+00    4.500000000000000E-01    1.000000000000000E+00
    7.800000000000001E+00    4.500000000000000E-01    1.000000000000000E+00
    7.900000000000000E+00    4.500000000000000E-01    1.000000000000000E+00
    8.000000000000000E+00    4.500000000000000E-01    1.000000000000000E+00
    0.000000000000000E+00    4.750000000000000E-01    1.000000000000000E+00
    1.000000000000000E-01    4.750000000000000E-01    1.000000000000000E+00
    2.000000000000000E-01    4.750000000000000E-01    1.000000000000000E+00
    3.000000000000000E-01    4.750000000000000E-01    1.000000000000000E+00
    4.000000000000000E-01    4.750000000000000E-01    1.000000000000000E+00
    5.000000000000000E-01    4.750000000000000E-01    1.000000000000000E+00
    6.000000000000001E-01    4.750000000000000E-01    1.000000000000000E+00
    7.000000000000001E-01    4.750000000000000E-01    1.000000000000000E+00
    8.000000000000000E-01    4.750000000000000E-01    1.000000000000000E+00
    9.000000000000000E-01    4.750000000000000E-01    1.000000000000000E+00
    1.000000000000000E+00    4.750000000000000E-01    1.000000000000000E+00
    1.100000000000000E+00    4.750000000000000E-01    1.000000000000000E+00
    1.200000000000000E+00    4.750000000000000E-01    1.000000000000000E+00
    1.300000000000000E+00    4.750000000000000E-01    1.000000000000000E+00
    1.400000000000000E+00    4.750000000000000E-01    1.000000000000000E+00
    1.500000000000000E+00    4.750000000000000E-01    1.000000000000000E+00
    1.600000000000000E+00    4.750000000000000E-01    1.000000000000000E+00
    1.700000000000000E+00    4.750000000000000E-01    1.000000000000000E+00
    1.800000000000000E+00    4.750000000000000E-01    1.000000000000000E+00
    1.900000000000000E+00    4.750000000000000E-01    1.000000000000000E+00
    2.000000000000000E+00    4.750000000000000E-01    1.000000000000000E+00
    2.100000000000000E+00    4.750000000000000E-01    1.000000000000000E+00
    2.200000000000000E+00    4.750000000000000E-01    1.000000000000000E+00
    2.300000000000000E+00    4.750000000000000E-01    1.000000000000000E+00
    2.400000000000000E+00    4.750000000000000E-01    1.000000000000000E+00
    2.500000000000000E+00    4.750000000000000E-01    1.000000000000000E+00
    2.600000000000000E+00    4.750000000000000E-01    1.000000000000000E+00
    2.700000000000000E+00    4.750000000000000E-01    1.000000000000000E+00
    2.800000000000000E+00    4.750000000000000E-01    1.000000000000000E+00
    2.900000000000000E+00    4.750000000000000E-01    1.000000000000000E+00
    3.000000000000000E+00    4.750000000000000E-01    1.000000000000000E+00
    3.100000000000000E+00    4.750000000000000E-01    1.000000000000000E+00
    3.200000000000000E+00    4.750000000000000E-01    1.000000000000000E+00
    3.300000000000000E+00    4.750000000000000E-01    1.000000000000000E+00
    3.400000000000000E+00    4.750000000000000E-01    1.000000000000000E+00
    3.500000000000000E+00    4.750000000000000E-01    1.000000000000000E+00
    3.600000000000000E+00    4.750000000000000E-01    1.000000000000000E+00
    3.700000000000000E+00    4.750000000000000E-01    1.000000000000000E+00
    3.800000000000000E+00    4.750000000000000E-01    1.000000000000000E+00
    3.900000000000000E+00    4.750000000000000E-01    1.000000000000000E+00
    4.000000000000000E+00    4.750000000000000E-01    1.000000000000000E+00
    4.100000000000001E+00    4.750000000000000E-01    1.000000000000000E+00
    4.200000000000000E+00    4.750000000000000E-01    1.000000000000000E+00
    4.300000000000000E+00    4.750000000000000E-01    1.000000000000000E+00
    4.400000000000000E+00    4.750000000000000E-01    1.000000000000000E+00
    4.500000000000000E+00    4.750000000000000E-01    1.000000000000000E+00
    4.600000000000001E+00    4.750000000000000E-01    1.000000000000000E+00
    4.700000000000000E+00    4.750000000000000E-01    1.000000000000000E+00
    4.800000000000001E+00    4.750000000000000E-01    1.000000000000000E+00
    4.900000000000000E+00    4.750000000000000E-01    1.000000000000000E+00
    5.000000000000000E+00    4.750000000000000E-01    1.000000000000000E+00
    5.100000000000001E+00    4.750000000000000E-01    1.000000000000000E+00
    5.200000000000000E+00    4.750000000000000E-01    1.000000000000000E+00
    5.300000000000001E+00    4.750000000000000E-01    1.000000000000000E+00
    5.400000000000000E+00    4.750000000000000E-01    1.000000000000000E+00
    5.500000000000000E+00    4.750000000000000E-01    1.000000000000000E+00
    5.600000000000001E+00    4.750000000000000E-01    1.000000000000000E+00
    5.700000000000000E+00    4.750000000000000E-01    1.000000000000000E+00
    5.800000000000001E+00    4.750000000000000E-01    1.000000000000000E+00
    5.900000000000000E+00    4.750000000000000E-01    1.000000000000000E+00
    6.000000000000000E+00    4.750000000000000E-01    1.000000000000000E+00
    6.100000000000001E+00    4.750000000000000E-01    1.000000000000000E+00
    6.200000000000000E+00    4.750000000000000E-01    1.000000000000000E+00
    6.300000000000001E+00    4.750000000000000E-01    1.000000000000000E+00
    6.400000000000000E+00    4.750000000000000E-01    1.000000000000000E+00
    6.500000000000000E+00    4.750000000000000E-01    1.000000000000000E+00
    6.600000000000001E+00    4.750000000000000E-01    1.000000000000000E+00
    6.700000000000000E+00    4.750000000000000E-01    1.000000000000000E+00
    6.800000000000001E+00    4.750000000000000E-01    1.000000000000000E+00
    6.900000000000000E+00    4.750000000000000E-01    1.000000000000000E+00
    7.000000000000000E+00    4.750000000000000E-01    1.000000000000000E+00
    7.100000000000001E+00    4.750000000000000E-01    1.000000000000000E+00
    7.200000000000000E+00    4.750000000000000E-01    1.000000000000000E+00
    7.300000000000001E+00    4.750000000000000E-01    1.000000000000000E+00
    7.400000000000000E+00    4.750000000000000E-01    1.000000000000000E+00
    7.500000000000000E+00    4.750000000000000E-01    1.000000000000000E+00
    7.600000000000001E+00    4.750000000000000E-01    1.000000000000000E+00
    7.700000000000000E+00    4.750000000000000E-01    1.000000000000000E+00
    7.800000000000001E+00    4.750000000000000E-01    1.000000000000000E+00
    7.900000000000000E+00    4.750000000000000E-01    1.000000000000000E+00
    8.000000000000000E+00    4.750000000000000E-01    1.000000000000000E+00
    0.000000000000000E+00    5.000000000000000E-01    1.000000000000000E+00
    1.000000000000000E-01    5.000000000000000E-01    1.000000000000000E+00
    2.000000000000000E-01    5.000000000000000E-01    1.000000000000000E+00
    3.000000000000000E-01    5.000000000000000E-01    1.000000000000000E+00
    4.000000000000000E-01    5.000000000000000E-01    1.000000000000000E+00
    5.000000000000000E-01    5.000000000000000E-01    1.000000000000000E+00
    6.000000000000001E-01    5.000000000000000E-01    1.000000000000000E+00
    7.000000000000001E-01    5.000000000000000E-01    1.000000000000000E+00
    8.000000000000000E-01    5.000000000000000E-01    1.000000000000000E+00
    9.000000000000000E-01    5.000000000000000E-01    1.000000000000000E+00
    1.000000000000000E+00    5.000000000000000E-01    1.000000000000000E+00
    1.100000000000000E+00    5.000000000000000E-01    1.000000000000000E+00
    1.200000000000000E+00    5.000000000000000E-01    1.000000000000000E+00
    1.300000000000000E+00    5.000000000000000E-01    1.000000000000000E+00
    1.400000000000000E+00    5.000000000000000E-01    1.000000000000000E+00
    1.500000000000000E+00    5.000000000000000E-01    1.000000000000000E+00
    1.600000000000000E+00    5.000000000000000E-01    1.000000000000000E+00
    1.700000000000000E+00    5.000000000000000E-01    1.000000000000000E+00
    1.800000000000000E+00    5.000000000000000E-01    1.000000000000000E+00
    1.900000000000000E+00    5.000000000000000E-01    1.000000000000000E+00
    2.000000000000000E+00    5.000000000000000E-01    1.000000000000000E+00
    2.100000000000000E+00    5.000000000000000E-01    1.000000000000000E+00
    2.200000000000000E+00    5.000000000000000E-01    1.000000000000000E+00
    2.300000000000000E+00    5.000000000000000E-01    1.000000000000000E+00
    2.400000000000000E+00    5.000000000000000E-01    1.000000000000000E+00
    2.500000000000000E+00    5.000000000000000E-01    1.000000000000000E+00
    2.600000000000000E+00    5.000000000000000E-01    1.000000000000000E+00
    2.700000000000000E+00    5.000000000000000E-01    1.000000000000000E+00
    2.800000000000000E+00    5.000000000000000E-01    1.000000000000000E+00
    2.900000000000000E+00    5.000000000000000E-01    1.000000000000000E+00
    3.000000000000000E+00    5.000000000000000E-01    1.000000000000000E+00
    3.100000000000000E+00    5.000000000000000E-01    1.000000000000000E+00
    3.200000000000000E+00    5.000000000000000E-01    1.000000000000000E+00
    3.300000000000000E+00    5.000000000000000E-01    1.000000000000000E+00
    3.400000000000000E+00    5.000000000000000E-01    1.000000000000000E+00
    3.500000000000000E+00    5.000000000000000E-01    1.000000000000000E+00
    3.600000000000000E+00    5.000000000000000E-01    1.000000000000000E+00
    3.700000000000000E+00    5.000000000000000E-01    1.000000000000000E+00
    3.800000000000000E+00    5.000000000000000E-01    1.000000000000000E+00
    3.900000000000000E+00    5.000000000000000E-01    1.000000000000000E+00
    4.000000000000000E+00    5.000000000000000E-01    1.000000000000000E+00
    4.100000000000001E+00    5.000000000000000E-01    1.000000000000000E+00
    4.200000000000000E+00    5.000000000000000E-01    1.000000000000000E+00
    4.300000000000000E+00    5.000000000000000E-01    1.000000000000000E+00
    4.400000000000000E+00    5.000000000000000E-01    1.000000000000000E+00
    4.500000000000000E+00    5.000000000000000E-01    1.000000000000000E+00
    4.600000000000001E+00    5.000000000000000E-01    1.000000000000000E+00
    4.700000000000000E+00    5.000000000000000E-01    1.000000000000000E+00
    4.800000000000001E+00    5.000000000000000E-01    1.000000000000000E+00
    4.900000000000000E+00    5.000000000000000E-01    1.000000000000000E+00
    5.000000000000000E+00    5.000000000000000E-01    1.000000000000000E+00
    5.100000000000001E+00    5.000000000000000E-01    1.000000000000000E+00
    5.200000000000000E+00    5.000000000000000E-01    1.000000000000000E+00
    5.300000000000001E+00    5.000000000000000E-01    1.000000000000000E+00
    5.400000000000000E+00    5.000000000000000E-01    1.000000000000000E+00
    5.500000000000000E+00    5.000000000000000E-01    1.000000000000000E+00
    5.600000000000001E+00    5.000000000000000E-01    1.000000000000000E+00
    5.700000000000000E+00    5.000000000000000E-01    1.000000000000000E+00
    5.800000000000001E+00    5.000000000000000E-01    1.000000000000000E+00
    5.900000000000000E+00    5.000000000000000E-01    1.000000000000000E+00
    6.000000000000000E+00    5.000000000000000E-01    1.000000000000000E+00
    6.100000000000001E+00    5.000000000000000E-01    1.000000000000000E+00
    6.200000000000000E+00    5.000000000000000E-01    1.000000000000000E+00
    6.300000000000001E+00    5.000000000000000E-01    1.000000000000000E+00
    6.400000000000000E+00    5.000000000000000E-01    1.000000000000000E+00
    6.500000000000000E+00    5.000000000000000E-01    1.000000000000000E+00
    6.600000000000001E+00    5.000000000000000E-01    1.000000000000000E+00
    6.700000000000000E+00    5.000000000000000E-01    1.000000000000000E+00
    6.800000000000001E+00    5.000000000000000E-01    1.000000000000000E+00
    6.900000000000000E+00    5.000000000000000E-01    1.000000000000000E+00
    7.000000000000000E+00    5.000000000000000E-01    1.000000000000000E+00
    7.100000000000001E+00    5.000000000000000E-01    1.000000000000000E+00
    7.200000000000000E+00    5.000000000000000E-01    1.000000000000000E+00
    7.300000000000001E+00    5.000000000000000E-01    1.000000000000000E+00
    7.400000000000000E+00    5.000000000000000E-01    1.000000000000000E+00
    7.500000000000000E+00    5.000000000000000E-01    1.000000000000000E+00
    7.600000000000001E+00    5.000000000000000E-01    1.000000000000000E+00
    7.700000000000000E+00    5.000000000000000E-01    1.000000000000000E+00
    7.800000000000001E+00    5.000000000000000E-01    1.000000000000000E+00
    7.900000000000000E+00    5.000000000000000E-01    1.000000000000000E+00
    8.000000000000000E+00    5.000000000000000E-01    1.000000000000000E+00
    0.000000000000000E+00    5.250000000000000E-01    1.000000000000000E+00
    1.000000000000000E-01    5.250000000000000E-01    1.000000000000000E+00
    2.000000000000000E-01    5.250000000000000E-01    1.000000000000000E+00
    3.000000000000000E-01    5.250000000000000E-01    1.000000000000000E+00
    4.000000000000000E-01    5.250000000000000E-01    1.000000000000000E+00
    5.000000000000000E-01    5.250000000000000E-01    1.000000000000000E+00
    6.000000000000001E-01    5.250000000000000E-01    1.000000000000000E+00
    7.000000000000001E-01    5.250000000000000E-01    1.000000000000000E+00
    8.000000000000000E-01    5.250000000000000E-01    1.000000000000000E+00
    9.000000000000000E-01    5.250000000000000E-01    1.000000000000000E+00
    1.000000000000000E+00    5.250000000000000E-01    1.000000000000000E+00
    1.100000000000000E+00    5.250000000000000E-01    1.000000000000000E+00
    1.200000000000000E+00    5.250000000000000E-01    1.000000000000000E+00
    1.300000000000000E+00    5.250000000000000E-01    1.000000000000000E+00
    1.400000000000000E+00    5.250000000000000E-01    1.000000000000000E+00
    1.500000000000000E+00    5.250000000000000E-01    1.000000000000000E+00
    1.600000000000000E+00    5.250000000000000E-01    1.000000000000000E+00
    1.700000000000000E+00    5.250000000000000E-01    1.000000000000000E+00
    1.800000000000000E+00    5.250000000000000E-01    1.000000000000000E+00
    1.900000000000000E+00    5.250000000000000E-01    1.000000000000000E+00
    2.000000000000000E+00    5.250000000000000E-01    1.000000000000000E+00
    2.100000000000000E+00    5.250000000000000E-01    1.000000000000000E+00
    2.200000000000000E+00    5.250000000000000E-01    1.000000000000000E+00
    2.300000000000000E+00    5.250000000000000E-01    1.000000000000000E+00
    2.400000000000000E+00    5.250000000000000E-01    1.000000000000000E+00
    2.500000000000000E+00    5.250000000000000E-01    1.000000000000000E+00
    2.600000000000000E+00    5.250000000000000E-01    1.000000000000000E+00
    2.700000000000000E+00    5.250000000000000E-01    1.000000000000000E+00
    2.800000000000000E+00    5.250000000000000E-01    1.000000000000000E+00
    2.900000000000000E+00    5.250000000000000E-01    1.000000000000000E+00
    3.000000000000000E+00    5.250000000000000E-01    1.000000000000000E+00
    3.100000000000000E+00    5.250000000000000E-01    1.000000000000000E+00
    3.200000000000000E+00    5.250000000000000E-01    1.000000000000000E+00
    3.300000000000000E+00    5.250000000000000E-01    1.000000000000000E+00
    3.400000000000000E+00    5.250000000000000E-01    1.000000000000000E+00
    3.500000000000000E+00    5.250000000000000E-01    1.000000000000000E+00
    3.600000000000000E+00    5.250000000000000E-01    1.000000000000000E+00
    3.700000000000000E+00    5.250000000000000E-01    1.000000000000000E+00
    3.800000000000000E+00    5.250000000000000E-01    1.000000000000000E+00
    3.900000000000000E+00    5.250000000000000E-01    1.000000000000000E+00
    4.000000000000000E+00    5.250000000000000E-01    1.000000000000000E+00
    4.100000000000001E+00    5.250000000000000E-01    1.000000000000000E+00
    4.200000000000000E+00    5.250000000000000E-01    1.000000000000000E+00
    4.300000000000000E+00    5.250000000000000E-01    1.000000000000000E+00
    4.400000000000000E+00    5.250000000000000E-01    1.000000000000000E+00
    4.500000000000000E+00    5.250000000000000E-01    1.000000000000000E+00
    4.600000000000001E+00    5.250000000000000E-01    1.000000000000000E+00
    4.700000000000000E+00    5.250000000000000E-01    1.000000000000000E+00
    4.800000000000001E+00    5.250000000000000E-01    1.000000000000000E+00
    4.900000000000000E+00    5.250000000000000E-01    1.000000000000000E+00
    5.000000000000000E+00    5.250000000000000E-01    1.000000000000000E+00
    5.100000000000001E+00    5.250000000000000E-01    1.000000000000000E+00
    5.200000000000000E+00    5.250000000000000E-01    1.000000000000000E+00
    5.300000000000001E+00    5.250000000000000E-01    1.000000000000000E+00
    5.400000000000000E+00    5.250000000000000E-01    1.000000000000000E+00
    5.500000000000000E+00    5.250000000000000E-01    1.000000000000000E+00
    5.600000000000001E+00    5.250000000000000E-01    1.000000000000000E+00
    5.700000000000000E+00    5.250000000000000E-01    1.000000000000000E+00
    5.800000000000001E+00    5.250000000000000E-01    1.000000000000000E+00
    5.900000000000000E+00    5.250000000000000E-01    1.000000000000000E+00
    6.000000000000000E+00    5.250000000000000E-01    1.000000000000000E+00
    6.100000000000001E+00    5.250000000000000E-01    1.000000000000000E+00
    6.200000000000000E+00    5.250000000000000E-01    1.000000000000000E+00
    6.300000000000001E+00    5.250000000000000E-01    1.000000000000000E+00
    6.400000000000000E+00    5.250000000000000E-01    1.000000000000000E+00
    6.500000000000000E+00    5.250000000000000E-01    1.000000000000000E+00
    6.600000000000001E+00    5.250000000000000E-01    1.000000000000000E+00
    6.700000000000000E+00    5.250000000000000E-01    1.000000000000000E+00
    6.800000000000001E+00    5.250000000000000E-01    1.000000000000000E+00
    6.900000000000000E+00    5.250000000000000E-01    1.000000000000000E+00
    7.000000000000000E+00    5.250000000000000E-01    1.000000000000000E+00
    7.100000000000001E+00    5.250000000000000E-01    1.000000000000000E+00
    7.200000000000000E+00    5.250000000000000E-01    1.000000000000000E+00
    7.300000000000001E+00    5.250000000000000E-01    1.000000000000000E+00
    7.400000000000000E+00    5.250000000000000E-01    1.000000000000000E+00
    7.500000000000000E+00    5.250000000000000E-01    1.000000000000000E+00
    7.600000000000001E+00    5.250000000000000E-01    1.000000000000000E+00
    7.700000000000000E+00    5.250000000000000E-01    1.000000000000000E+00
    7.800000000000001E+00    5.250000000000000E-01    1.000000000000000E+00
    7.900000000000000E+00    5.250000000000000E-01    1.000000000000000E+00
    8.000000000000000E+00    5.250000000000000E-01    1.000000000000000E+00
    0.000000000000000E+00    5.500000000000000E-01    1.000000000000000E+00
    1.000000000000000E-01    5.500000000000000E-01    1.000000000000000E+00
    2.000000000000000E-01    5.500000000000000E-01    1.000000000000000E+00
    3.000000000000000E-01    5.500000000000000E-01    1.000000000000000E+00
    4.000000000000000E-01    5.500000000000000E-01    1.000000000000000E+00
    5.000000000000000E-01    5.500000000000000E-01    1.000000000000000E+00
    6.000000000000001E-01    5.500000000000000E-01    1.000000000000000E+00
    7.000000000000001E-01    5.500000000000000E-01    1.000000000000000E+00
    8.000000000000000E-01    5.500000000000000E-01    1.000000000000000E+00
    9.000000000000000E-01    5.500000000000000E-01    1.000000000000000E+00
    1.000000000000000E+00    5.500000000000000E-01    1.000000000000000E+00
    1.100000000000000E+00    5.500000000000000E-01    1.000000000000000E+00
    1.200000000000000E+00    5.500000000000000E-01    1.000000000000000E+00
    1.300000000000000E+00    5.500000000000000E-01    1.000000000000000E+00
    1.400000000000000E+00    5.500000000000000E-01    1.000000000000000E+00
    1.500000000000000E+00    5.500000000000000E-01    1.000000000000000E+00
    1.600000000000000E+00    5.500000000000000E-01    1.000000000000000E+00
    1.700000000000000E+00    5.500000000000000E-01    1.000000000000000E+00
    1.800000000000000E+00    5.500000000000000E-01    1.000000000000000E+00
    1.900000000000000E+00    5.500000000000000E-01    1.000000000000000E+00
    2.000000000000000E+00    5.500000000000000E-01    1.000000000000000E+00
    2.100000000000000E+00    5.500000000000000E-01    1.000000000000000E+00
    2.200000000000000E+00    5.500000000000000E-01    1.000000000000000E+00
    2.300000000000000E+00    5.500000000000000E-01    1.000000000000000E+00
    2.400000000000000E+00    5.500000000000000E-01    1.000000000000000E+00
    2.500000000000000E+00    5.500000000000000E-01    1.000000000000000E+00
    2.600000000000000E+00    5.500000000000000E-01    1.000000000000000E+00
    2.700000000000000E+00    5.500000000000000E-01    1.000000000000000E+00
    2.800000000000000E+00    5.500000000000000E-01    1.000000000000000E+00
    2.900000000000000E+00    5.500000000000000E-01    1.000000000000000E+00
    3.000000000000000E+00    5.500000000000000E-01    1.000000000000000E+00
    3.100000000000000E+00    5.500000000000000E-01    1.000000000000000E+00
    3.200000000000000E+00    5.500000000000000E-01    1.000000000000000E+00
    3.300000000000000E+00    5.500000000000000E-01    1.000000000000000E+00
    3.400000000000000E+00    5.500000000000000E-01    1.000000000000000E+00
    3.500000000000000E+00    5.500000000000000E-01    1.000000000000000E+00
    3.600000000000000E+00    5.500000000000000E-01    1.000000000000000E+00
    3.700000000000000E+00    5.500000000000000E-01    1.000000000000000E+00
    3.800000000000000E+00    5.500000000000000E-01    1.000000000000000E+00
    3.900000000000000E+00    5.500000000000000E-01    1.000000000000000E+00
    4.000000000000000E+00    5.500000000000000E-01    1.000000000000000E+00
    4.100000000000001E+00    5.500000000000000E-01    1.000000000000000E+00
    4.200000000000000E+00    5.500000000000000E-01    1.000000000000000E+00
    4.300000000000000E+00    5.500000000000000E-01    1.000000000000000E+00
    4.400000000000000E+00    5.500000000000000E-01    1.000000000000000E+00
    4.500000000000000E+00    5.500000000000000E-01    1.000000000000000E+00
    4.600000000000001E+00    5.500000000000000E-01    1.000000000000000E+00
    4.700000000000000E+00    5.500000000000000E-01    1.000000000000000E+00
    4.800000000000001E+00    5.500000000000000E-01    1.000000000000000E+00
    4.900000000000000E+00    5.500000000000000E-01    1.000000000000000E+00
    5.000000000000000E+00    5.500000000000000E-01    1.000000000000000E+00
    5.100000000000001E+00    5.500000000000000E-01    1.000000000000000E+00
    5.200000000000000E+00    5.500000000000000E-01    1.000000000000000E+00
    5.300000000000001E+00    5.500000000000000E-01    1.000000000000000E+00
    5.400000000000000E+00    5.500000000000000E-01    1.000000000000000E+00
    5.500000000000000E+00    5.500000000000000E-01    1.000000000000000E+00
    5.600000000000001E+00    5.500000000000000E-01    1.000000000000000E+00
    5.700000000000000E+00    5.500000000000000E-01    1.000000000000000E+00
    5.800000000000001E+00    5.500000000000000E-01    1.000000000000000E+00
    5.900000000000000E+00    5.500000000000000E-01    1.000000000000000E+00
    6.000000000000000E+00    5.500000000000000E-01    1.000000000000000E+00
    6.100000000000001E+00    5.500000000000000E-01    1.000000000000000E+00
    6.200000000000000E+00    5.500000000000000E-01    1.000000000000000E+00
    6.300000000000001E+00    5.500000000000000E-01    1.000000000000000E+00
    6.400000000000000E+00    5.500000000000000E-01    1.000000000000000E+00
    6.500000000000000E+00    5.500000000000000E-01    1.000000000000000E+00
    6.600000000000001E+00    5.500000000000000E-01    1.000000000000000E+00
    6.700000000000000E+00    5.500000000000000E-01    1.000000000000000E+00
    6.800000000000001E+00    5.500000000000000E-01    1.000000000000000E+00
    6.900000000000000E+00    5.500000000000000E-01    1.000000000000000E+00
    7.000000000000000E+00    5.500000000000000E-01    1.000000000000000E+00
    7.100000000000001E+00    5.500000000000000E-01    1.000000000000000E+00
    7.200000000000000E+00    5.500000000000000E-01    1.000000000000000E+00
    7.300000000000001E+00    5.500000000000000E-01    1.000000000000000E+00
    7.400000000000000E+00    5.500000000000000E-01    1.000000000000000E+00
    7.500000000000000E+00    5.500000000000000E-01    1.000000000000000E+00
    7.600000000000001E+00    5.500000000000000E-01    1.000000000000000E+00
    7.700000000000000E+00    5.500000000000000E-01    1.000000000000000E+00
    7.800000000000001E+00    5.500000000000000E-01    1.000000000000000E+00
    7.900000000000000E+00    5.500000000000000E-01    1.000000000000000E+00
    8.000000000000000E+00    5.500000000000000E-01    1.000000000000000E+00
    0.000000000000000E+00    5.750000000000001E-01    1.000000000000000E+00
    1.000000000000000E-01    5.750000000000001E-01    1.000000000000000E+00
    2.000000000000000E-01    5.750000000000001E-01    1.000000000000000E+00
    3.000000000000000E-01    5.750000000000001E-01    1.000000000000000E+00
    4.000000000000000E-01    5.750000000000001E-01    1.000000000000000E+00
    5.000000000000000E-01    5.750000000000001E-01    1.000000000000000E+00
    6.000000000000001E-01    5.750000000000001E-01    1.000000000000000E+00
    7.000000000000001E-01    5.750000000000001E-01    1.000000000000000E+00
    8.000000000000000E-01    5.750000000000001E-01    1.000000000000000E+00
    9.000000000000000E-01    5.750000000000001E-01    1.000000000000000E+00
    1.000000000000000E+00    5.750000000000001E-01    1.000000000000000E+00
    1.100000000000000E+00    5.750000000000001E-01    1.000000000000000E+00
    1.200000000000000E+00    5.750000000000001E-01    1.000000000000000E+00
    1.300000000000000E+00    5.750000000000001E-01    1.000000000000000E+00
    1.400000000000000E+00    5.750000000000001E-01    1.000000000000000E+00
    1.500000000000000E+00    5.750000000000001E-01    1.000000000000000E+00
    1.600000000000000E+00    5.750000000000001E-01    1.000000000000000E+00
    1.700000000000000E+00    5.750000000000001E-01    1.000000000000000E+00
    1.800000000000000E+00    5.750000000000001E-01    1.000000000000000E+00
    1.900000000000000E+00    5.750000000000001E-01    1.000000000000000E+00
    2.000000000000000E+00    5.750000000000001E-01    1.000000000000000E+00
    2.100000000000000E+00    5.750000000000001E-01    1.000000000000000E+00
    2.200000000000000E+00    5.750000000000001E-01    1.000000000000000E+00
    2.300000000000000E+00    5.750000000000001E-01    1.000000000000000E+00
    2.400000000000000E+00    5.750000000000001E-01    1.000000000000000E+00
    2.500000000000000E+00    5.750000000000001E-01    1.000000000000000E+00
    2.600000000000000E+00    5.750000000000001E-01    1.000000000000000E+00
    2.700000000000000E+00    5.750000000000001E-01    1.000000000000000E+00
    2.800000000000000E+00    5.750000000000001E-01    1.000000000000000E+00
    2.900000000000000E+00    5.750000000000001E-01    1.000000000000000E+00
    3.000000000000000E+00    5.750000000000001E-01    1.000000000000000E+00
    3.100000000000000E+00    5.750000000000001E-01    1.000000000000000E+00
    3.200000000000000E+00    5.750000000000001E-01    1.000000000000000E+00
    3.300000000000000E+00    5.750000000000001E-01    1.000000000000000E+00
    3.400000000000000E+00    5.750000000000001E-01    1.000000000000000E+00
    3.500000000000000E+00    5.750000000000001E-01    1.000000000000000E+00
    3.600000000000000E+00    5.750000000000001E-01    1.000000000000000E+00
    3.700000000000000E+00    5.750000000000001E-01    1.000000000000000E+00
    3.800000000000000E+00    5.750000000000001E-01    1.000000000000000E+00
    3.900000000000000E+00    5.750000000000001E-01    1.000000000000000E+00
    4.000000000000000E+00    5.750000000000001E-01    1.000000000000000E+00
    4.100000000000001E+00    5.750000000000001E-01    1.000000000000000E+00
    4.200000000000000E+00    5.750000000000001E-01    1.000000000000000E+00
    4.300000000000000E+00    5.750000000000001E-01    1.000000000000000E+00
    4.400000000000000E+00    5.750000000000001E-01    1.000000000000000E+00
    4.500000000000000E+00    5.750000000000001E-01    1.000000000000000E+00
    4.600000000000001E+00    5.750000000000001E-01    1.000000000000000E+00
    4.700000000000000E+00    5.750000000000001E-01    1.000000000000000E+00
    4.800000000000001E+00    5.750000000000001E-01    1.000000000000000E+00
    4.900000000000000E+00    5.750000000000001E-01    1.000000000000000E+00
    5.000000000000000E+00    5.750000000000001E-01    1.000000000000000E+00
    5.100000000000001E+00    5.750000000000001E-01    1.000000000000000E+00
    5.200000000000000E+00    5.750000000000001E-01    1.000000000000000E+00
    5.300000000000001E+00    5.750000000000001E-01    1.000000000000000E+00
    5.400000000000000E+00    5.750000000000001E-01    1.000000000000000E+00
    5.500000000000000E+00    5.750000000000001E-01    1.000000000000000E+00
    5.600000000000001E+00    5.750000000000001E-01    1.000000000000000E+00
    5.700000000000000E+00    5.750000000000001E-01    1.000000000000000E+00
    5.800000000000001E+00    5.750000000000001E-01    1.000000000000000E+00
    5.900000000000000E+00    5.750000000000001E-01    1.000000000000000E+00
    6.000000000000000E+00    5.750000000000001E-01    1.000000000000000E+00
    6.100000000000001E+00    5.750000000000001E-01    1.000000000000000E+00
    6.200000000000000E+00    5.750000000000001E-01    1.000000000000000E+00
    6.300000000000001E+00    5.750000000000001E-01    1.000000000000000E+00
    6.400000000000000E+00    5.750000000000001E-01    1.000000000000000E+00
    6.500000000000000E+00    5.750000000000001E-01    1.000000000000000E+00
    6.600000000000001E+00    5.750000000000001E-01    1.000000000000000E+00
    6.700000000000000E+00    5.750000000000001E-01    1.000000000000000E+00
    6.800000000000001E+00    5.750000000000001E-01    1.000000000000000E+00
    6.900000000000000E+00    5.750000000000001E-01    1.000000000000000E+00
    7.000000000000000E+00    5.750000000000001E-01    1.000000000000000E+00
    7.100000000000001E+00    5.750000000000001E-01    1.000000000000000E+00
    7.200000000000000E+00    5.750000000000001E-01    1.000000000000000E+00
    7.300000000000001E+00    5.750000000000001E-01    1.000000000000000E+00
    7.400000000000000E+00    5.750000000000001E-01    1.000000000000000E+00
    7.500000000000000E+00    5.750000000000001E-01    1.000000000000000E+00
    7.600000000000001E+00    5.750000000000001E-01    1.000000000000000E+00
    7.700000000000000E+00    5.750000000000001E-01    1.000000000000000E+00
    7.800000000000001E+00    5.750000000000001E-01    1.000000000000000E+00
    7.900000000000000E+00    5.750000000000001E-01    1.000000000000000E+00
    8.000000000000000E+00    5.750000000000001E-01    1.000000000000000E+00
    0.000000000000000E+00    6.000000000000001E-01    1.000000000000000E+00
    1.000000000000000E-01    6.000000000000001E-01    1.000000000000000E+00
    2.000000000000000E-01    6.000000000000001E-01    1.000000000000000E+00
    3.000000000000000E-01    6.000000000000001E-01    1.000000000000000E+00
    4.000000000000000E-01    6.000000000000001E-01    1.000000000000000E+00
    5.000000000000000E-01    6.000000000000001E-01    1.000000000000000E+00
    6.000000000000001E-01    6.000000000000001E-01    1.000000000000000E+00
    7.000000000000001E-01    6.000000000000001E-01    1.000000000000000E+00
    8.000000000000000E-01    6.000000000000001E-01    1.000000000000000E+00
    9.000000000000000E-01    6.000000000000001E-01    1.000000000000000E+00
    1.000000000000000E+00    6.000000000000001E-01    1.000000000000000E+00
    1.100000000000000E+00    6.000000000000001E-01    1.000000000000000E+00
    1.200000000000000E+00    6.000000000000001E-01    1.000000000000000E+00
    1.300000000000000E+00    6.000000000000001E-01    1.000000000000000E+00
    1.400000000000000E+00    6.000000000000001E-01    1.000000000000000E+00
    1.500000000000000E+00    6.000000000000001E-01    1.000000000000000E+00
    1.600000000000000E+00    6.000000000000001E-01    1.000000000000000E+00
    1.700000000000000E+00    6.000000000000001E-01    1.000000000000000E+00
    1.800000000000000E+00    6.000000000000001E-01    1.000000000000000E+00
    1.900000000000000E+00    6.000000000000001E-01    1.000000000000000E+00
    2.000000000000000E+00    6.000000000000001E-01    1.000000000000000E+00
    2.100000000000000E+00    6.000000000000001E-01    1.000000000000000E+00
    2.200000000000000E+00    6.000000000000001E-01    1.000000000000000E+00
    2.300000000000000E+00    6.000000000000001E-01    1.000000000000000E+00
    2.400000000000000E+00    6.000000000000001E-01    1.000000000000000E+00
    2.500000000000000E+00    6.000000000000001E-01    1.000000000000000E+00
    2.600000000000000E+00    6.000000000000001E-01    1.000000000000000E+00
    2.700000000000000E+00    6.000000000000001E-01    1.000000000000000E+00
    2.800000000000000E+00    6.000000000000001E-01    1.000000000000000E+00
    2.900000000000000E+00    6.000000000000001E-01    1.000000000000000E+00
    3.000000000000000E+00    6.000000000000001E-01    1.000000000000000E+00
    3.100000000000000E+00    6.000000000000001E-01    1.000000000000000E+00
    3.200000000000000E+00    6.000000000000001E-01    1.000000000000000E+00
    3.300000000000000E+00    6.000000000000001E-01    1.000000000000000E+00
    3.400000000000000E+00    6.000000000000001E-01    1.000000000000000E+00
    3.500000000000000E+00    6.000000000000001E-01    1.000000000000000E+00
    3.600000000000000E+00    6.000000000000001E-01    1.000000000000000E+00
    3.700000000000000E+00    6.000000000000001E-01    1.000000000000000E+00
    3.800000000000000E+00    6.000000000000001E-01    1.000000000000000E+00
    3.900000000000000E+00    6.000000000000001E-01    1.000000000000000E+00
    4.000000000000000E+00    6.000000000000001E-01    1.000000000000000E+00
    4.100000000000001E+00    6.000000000000001E-01    1.000000000000000E+00
    4.200000000000000E+00    6.000000000000001E-01    1.000000000000000E+00
    4.300000000000000E+00    6.000000000000001E-01    1.000000000000000E+00
    4.400000000000000E+00    6.000000000000001E-01    1.000000000000000E+00
    4.500000000000000E+00    6.000000000000001E-01    1.000000000000000E+00
    4.600000000000001E+00    6.000000000000001E-01    1.000000000000000E+00
    4.700000000000000E+00    6.000000000000001E-01    1.000000000000000E+00
    4.800000000000001E+00    6.000000000000001E-01    1.000000000000000E+00
    4.900000000000000E+00    6.000000000000001E-01    1.000000000000000E+00
    5.000000000000000E+00    6.000000000000001E-01    1.000000000000000E+00
    5.100000000000001E+00    6.000000000000001E-01    1.000000000000000E+00
    5.200000000000000E+00    6.000000000000001E-01    1.000000000000000E+00
    5.300000000000001E+00    6.000000000000001E-01    1.000000000000000E+00
    5.400000000000000E+00    6.000000000000001E-01    1.000000000000000E+00
    5.500000000000000E+00    6.000000000000001E-01    1.000000000000000E+00
    5.600000000000001E+00    6.000000000000001E-01    1.000000000000000E+00
    5.700000000000000E+00    6.000000000000001E-01    1.000000000000000E+00
    5.800000000000001E+00    6.000000000000001E-01    1.000000000000000E+00
    5.900000000000000E+00    6.000000000000001E-01    1.000000000000000E+00
    6.000000000000000E+00    6.000000000000001E-01    1.000000000000000E+00
    6.100000000000001E+00    6.000000000000001E-01    1.000000000000000E+00
    6.200000000000000E+00    6.000000000000001E-01    1.000000000000000E+00
    6.300000000000001E+00    6.000000000000001E-01    1.000000000000000E+00
    6.400000000000000E+00    6.000000000000001E-01    1.000000000000000E+00
    6.500000000000000E+00    6.000000000000001E-01    1.000000000000000E+00
    6.600000000000001E+00    6.000000000000001E-01    1.000000000000000E+00
    6.700000000000000E+00    6.000000000000001E-01    1.000000000000000E+00
    6.800000000000001E+00    6.000000000000001E-01    1.000000000000000E+00
    6.900000000000000E+00    6.000000000000001E-01    1.000000000000000E+00
    7.000000000000000E+00    6.000000000000001E-01    1.000000000000000E+00
    7.100000000000001E+00    6.000000000000001E-01    1.000000000000000E+00
    7.200000000000000E+00    6.000000000000001E-01    1.000000000000000E+00
    7.300000000000001E+00    6.000000000000001E-01    1.000000000000000E+00
    7.400000000000000E+00    6.000000000000001E-01    1.000000000000000E+00
    7.500000000000000E+00    6.000000000000001E-01    1.000000000000000E+00
    7.600000000000001E+00    6.000000000000001E-01    1.000000000000000E+00
    7.700000000000000E+00    6.000000000000001E-01    1.000000000000000E+00
    7.800000000000001E+00    6.000000000000001E-01    1.000000000000000E+00
    7.900000000000000E+00    6.000000000000001E-01    1.000000000000000E+00
    8.000000000000000E+00    6.000000000000001E-01    1.000000000000000E+00
    0.000000000000000E+00    6.250000000000000E-01    1.000000000000000E+00
    1.000000000000000E-01    6.250000000000000E-01    1.000000000000000E+00
    2.000000000000000E-01    6.250000000000000E-01    1.000000000000000E+00
    3.000000000000000E-01    6.250000000000000E-01    1.000000000000000E+00
    4.000000000000000E-01    6.250000000000000E-01    1.000000000000000E+00
    5.000000000000000E-01    6.250000000000000E-01    1.000000000000000E+00
    6.000000000000001E-01    6.250000000000000E-01    1.000000000000000E+00
    7.000000000000001E-01    6.250000000000000E-01    1.000000000000000E+00
    8.000000000000000E-01    6.250000000000000E-01    1.000000000000000E+00
    9.000000000000000E-01    6.250000000000000E-01    1.000000000000000E+00
    1.000000000000000E+00    6.250000000000000E-01    1.000000000000000E+00
    1.100000000000000E+00    6.250000000000000E-01    1.000000000000000E+00
    1.200000000000000E+00    6.250000000000000E-01    1.000000000000000E+00
    1.300000000000000E+00    6.250000000000000E-01    1.000000000000000E+00
    1.400000000000000E+00    6.250000000000000E-01    1.000000000000000E+00
    1.500000000000000E+00    6.250000000000000E-01    1.000000000000000E+00
    1.600000000000000E+00    6.250000000000000E-01    1.000000000000000E+00
    1.700000000000000E+00    6.250000000000000E-01    1.000000000000000E+00
    1.800000000000000E+00    6.250000000000000E-01    1.000000000000000E+00
    1.900000000000000E+00    6.250000000000000E-01    1.000000000000000E+00
    2.000000000000000E+00    6.250000000000000E-01    1.000000000000000E+00
    2.100000000000000E+00    6.250000000000000E-01    1.000000000000000E+00
    2.200000000000000E+00    6.250000000000000E-01    1.000000000000000E+00
    2.300000000000000E+00    6.250000000000000E-01    1.000000000000000E+00
    2.400000000000000E+00    6.250000000000000E-01    1.000000000000000E+00
    2.500000000000000E+00    6.250000000000000E-01    1.000000000000000E+00
    2.600000000000000E+00    6.250000000000000E-01    1.000000000000000E+00
    2.700000000000000E+00    6.250000000000000E-01    1.000000000000000E+00
    2.800000000000000E+00    6.250000000000000E-01    1.000000000000000E+00
    2.900000000000000E+00    6.250000000000000E-01    1.000000000000000E+00
    3.000000000000000E+00    6.250000000000000E-01    1.000000000000000E+00
    3.100000000000000E+00    6.250000000000000E-01    1.000000000000000E+00
    3.200000000000000E+00    6.250000000000000E-01    1.000000000000000E+00
    3.300000000000000E+00    6.250000000000000E-01    1.000000000000000E+00
    3.400000000000000E+00    6.250000000000000E-01    1.000000000000000E+00
    3.500000000000000E+00    6.250000000000000E-01    1.000000000000000E+00
    3.600000000000000E+00    6.250000000000000E-01    1.000000000000000E+00
    3.700000000000000E+00    6.250000000000000E-01    1.000000000000000E+00
    3.800000000000000E+00    6.250000000000000E-01    1.000000000000000E+00
    3.900000000000000E+00    6.250000000000000E-01    1.000000000000000E+00
    4.000000000000000E+00    6.250000000000000E-01    1.000000000000000E+00
    4.100000000000001E+00    6.250000000000000E-01    1.000000000000000E+00
    4.200000000000000E+00    6.250000000000000E-01    1.000000000000000E+00
    4.300000000000000E+00    6.250000000000000E-01    1.000000000000000E+00
    4.400000000000000E+00    6.250000000000000E-01    1.000000000000000E+00
    4.500000000000000E+00    6.250000000000000E-01    1.000000000000000E+00
    4.600000000000001E+00    6.250000000000000E-01    1.000000000000000E+00
    4.700000000000000E+00    6.250000000000000E-01    1.000000000000000E+00
    4.800000000000001E+00    6.250000000000000E-01    1.000000000000000E+00
    4.900000000000000E+00    6.250000000000000E-01    1.000000000000000E+00
    5.000000000000000E+00    6.250000000000000E-01    1.000000000000000E+00
    5.100000000000001E+00    6.250000000000000E-01    1.000000000000000E+00
    5.200000000000000E+00    6.250000000000000E-01    1.000000000000000E+00
    5.300000000000001E+00    6.250000000000000E-01    1.000000000000000E+00
    5.400000000000000E+00    6.250000000000000E-01    1.000000000000000E+00
    5.500000000000000E+00    6.250000000000000E-01    1.000000000000000E+00
    5.600000000000001E+00    6.250000000000000E-01    1.000000000000000E+00
    5.700000000000000E+00    6.250000000000000E-01    1.000000000000000E+00
    5.800000000000001E+00    6.250000000000000E-01    1.000000000000000E+00
    5.900000000000000E+00    6.250000000000000E-01    1.000000000000000E+00
    6.000000000000000E+00    6.250000000000000E-01    1.000000000000000E+00
    6.100000000000001E+00    6.250000000000000E-01    1.000000000000000E+00
    6.200000000000000E+00    6.250000000000000E-01    1.000000000000000E+00
    6.300000000000001E+00    6.250000000000000E-01    1.000000000000000E+00
    6.400000000000000E+00    6.250000000000000E-01    1.000000000000000E+00
    6.500000000000000E+00    6.250000000000000E-01    1.000000000000000E+00
    6.600000000000001E+00    6.250000000000000E-01    1.000000000000000E+00
    6.700000000000000E+00    6.250000000000000E-01    1.000000000000000E+00
    6.800000000000001E+00    6.250000000000000E-01    1.000000000000000E+00
    6.900000000000000E+00    6.250000000000000E-01    1.000000000000000E+00
    7.000000000000000E+00    6.250000000000000E-01    1.000000000000000E+00
    7.100000000000001E+00    6.250000000000000E-01    1.000000000000000E+00
    7.200000000000000E+00    6.250000000000000E-01    1.000000000000000E+00
    7.300000000000001E+00    6.250000000000000E-01    1.000000000000000E+00
    7.400000000000000E+00    6.250000000000000E-01    1.000000000000000E+00
    7.500000000000000E+00    6.250000000000000E-01    1.000000000000000E+00
    7.600000000000001E+00    6.250000000000000E-01    1.000000000000000E+00
    7.700000000000000E+00    6.250000000000000E-01    1.000000000000000E+00
    7.800000000000001E+00    6.250000000000000E-01    1.000000000000000E+00
    7.900000000000000E+00    6.250000000000000E-01    1.000000000000000E+00
    8.000000000000000E+00    6.250000000000000E-01    1.000000000000000E+00
    0.000000000000000E+00    6.500000000000000E-01    1.000000000000000E+00
    1.000000000000000E-01    6.500000000000000E-01    1.000000000000000E+00
    2.000000000000000E-01    6.500000000000000E-01    1.000000000000000E+00
    3.000000000000000E-01    6.500000000000000E-01    1.000000000000000E+00
    4.000000000000000E-01    6.500000000000000E-01    1.000000000000000E+00
    5.000000000000000E-01    6.500000000000000E-01    1.000000000000000E+00
    6.000000000000001E-01    6.500000000000000E-01    1.000000000000000E+00
    7.000000000000001E-01    6.500000000000000E-01    1.000000000000000E+00
    8.000000000000000E-01    6.500000000000000E-01    1.000000000000000E+00
    9.000000000000000E-01    6.500000000000000E-01    1.000000000000000E+00
    1.000000000000000E+00    6.500000000000000E-01    1.000000000000000E+00
    1.100000000000000E+00    6.500000000000000E-01    1.000000000000000E+00
    1.200000000000000E+00    6.500000000000000E-01    1.000000000000000E+00
    1.300000000000000E+00    6.500000000000000E-01    1.000000000000000E+00
    1.400000000000000E+00    6.500000000000000E-01    1.000000000000000E+00
    1.500000000000000E+00    6.500000000000000E-01    1.000000000000000E+00
    1.600000000000000E+00    6.500000000000000E-01    1.000000000000000E+00
    1.700000000000000E+00    6.500000000000000E-01    1.000000000000000E+00
    1.800000000000000E+00    6.500000000000000E-01    1.000000000000000E+00
    1.900000000000000E+00    6.500000000000000E-01    1.000000000000000E+00
    2.000000000000000E+00    6.500000000000000E-01    1.000000000000000E+00
    2.100000000000000E+00    6.500000000000000E-01    1.000000000000000E+00
    2.200000000000000E+00    6.500000000000000E-01    1.000000000000000E+00
    2.300000000000000E+00    6.500000000000000E-01    1.000000000000000E+00
    2.400000000000000E+00    6.500000000000000E-01    1.000000000000000E+00
    2.500000000000000E+00    6.500000000000000E-01    1.000000000000000E+00
    2.600000000000000E+00    6.500000000000000E-01    1.000000000000000E+00
    2.700000000000000E+00    6.500000000000000E-01    1.000000000000000E+00
    2.800000000000000E+00    6.500000000000000E-01    1.000000000000000E+00
    2.900000000000000E+00    6.500000000000000E-01    1.000000000000000E+00
    3.000000000000000E+00    6.500000000000000E-01    1.000000000000000E+00
    3.100000000000000E+00    6.500000000000000E-01    1.000000000000000E+00
    3.200000000000000E+00    6.500000000000000E-01    1.000000000000000E+00
    3.300000000000000E+00    6.500000000000000E-01    1.000000000000000E+00
    3.400000000000000E+00    6.500000000000000E-01    1.000000000000000E+00
    3.500000000000000E+00    6.500000000000000E-01    1.000000000000000E+00
    3.600000000000000E+00    6.500000000000000E-01    1.000000000000000E+00
    3.700000000000000E+00    6.500000000000000E-01    1.000000000000000E+00
    3.800000000000000E+00    6.500000000000000E-01    1.000000000000000E+00
    3.900000000000000E+00    6.500000000000000E-01    1.000000000000000E+00
    4.000000000000000E+00    6.500000000000000E-01    1.000000000000000E+00
    4.100000000000001E+00    6.500000000000000E-01    1.000000000000000E+00
    4.200000000000000E+00    6.500000000000000E-01    1.000000000000000E+00
    4.300000000000000E+00    6.500000000000000E-01    1.000000000000000E+00
    4.400000000000000E+00    6.500000000000000E-01    1.000000000000000E+00
    4.500000000000000E+00    6.500000000000000E-01    1.000000000000000E+00
    4.600000000000001E+00    6.500000000000000E-01    1.000000000000000E+00
    4.700000000000000E+00    6.500000000000000E-01    1.000000000000000E+00
    4.800000000000001E+00    6.500000000000000E-01    1.000000000000000E+00
    4.900000000000000E+00    6.500000000000000E-01    1.000000000000000E+00
    5.000000000000000E+00    6.500000000000000E-01    1.000000000000000E+00
    5.100000000000001E+00    6.500000000000000E-01    1.000000000000000E+00
    5.200000000000000E+00    6.500000000000000E-01    1.000000000000000E+00
    5.300000000000001E+00    6.500000000000000E-01    1.000000000000000E+00
    5.400000000000000E+00    6.500000000000000E-01    1.000000000000000E+00
    5.500000000000000E+00    6.500000000000000E-01    1.000000000000000E+00
    5.600000000000001E+00    6.500000000000000E-01    1.000000000000000E+00
    5.700000000000000E+00    6.500000000000000E-01    1.000000000000000E+00
    5.800000000000001E+00    6.500000000000000E-01    1.000000000000000E+00
    5.900000000000000E+00    6.500000000000000E-01    1.000000000000000E+00
    6.000000000000000E+00    6.500000000000000E-01    1.000000000000000E+00
    6.100000000000001E+00    6.500000000000000E-01    1.000000000000000E+00
    6.200000000000000E+00    6.500000000000000E-01    1.000000000000000E+00
    6.300000000000001E+00    6.500000000000000E-01    1.000000000000000E+00
    6.400000000000000E+00    6.500000000000000E-01    1.000000000000000E+00
    6.500000000000000E+00    6.500000000000000E-01    1.000000000000000E+00
    6.600000000000001E+00    6.500000000000000E-01    1.000000000000000E+00
    6.700000000000000E+00    6.500000000000000E-01    1.000000000000000E+00
    6.800000000000001E+00    6.500000000000000E-01    1.000000000000000E+00
    6.900000000000000E+00    6.500000000000000E-01    1.000000000000000E+00
    7.000000000000000E+00    6.500000000000000E-01    1.000000000000000E+00
    7.100000000000001E+00    6.500000000000000E-01    1.000000000000000E+00
    7.200000000000000E+00    6.500000000000000E-01    1.000000000000000E+00
    7.300000000000001E+00    6.500000000000000E-01    1.000000000000000E+00
    7.400000000000000E+00    6.500000000000000E-01    1.000000000000000E+00
    7.500000000000000E+00    6.500000000000000E-01    1.000000000000000E+00
    7.600000000000001E+00    6.500000000000000E-01    1.000000000000000E+00
    7.700000000000000E+00    6.500000000000000E-01    1.000000000000000E+00
    7.800000000000001E+00    6.500000000000000E-01    1.000000000000000E+00
    7.900000000000000E+00    6.500000000000000E-01    1.000000000000000E+00
    8.000000000000000E+00    6.500000000000000E-01    1.000000000000000E+00
    0.000000000000000E+00    6.750000000000000E-01    1.000000000000000E+00
    1.000000000000000E-01    6.750000000000000E-01    1.000000000000000E+00
    2.000000000000000E-01    6.750000000000000E-01    1.000000000000000E+00
    3.000000000000000E-01    6.750000000000000E-01    1.000000000000000E+00
    4.000000000000000E-01    6.750000000000000E-01    1.000000000000000E+00
    5.000000000000000E-01    6.750000000000000E-01    1.000000000000000E+00
    6.000000000000001E-01    6.750000000000000E-01    1.000000000000000E+00
    7.000000000000001E-01    6.750000000000000E-01    1.000000000000000E+00
    8.000000000000000E-01    6.750000000000000E-01    1.000000000000000E+00
    9.000000000000000E-01    6.750000000000000E-01    1.000000000000000E+00
    1.000000000000000E+00    6.750000000000000E-01    1.000000000000000E+00
    1.100000000000000E+00    6.750000000000000E-01    1.000000000000000E+00
    1.200000000000000E+00    6.750000000000000E-01    1.000000000000000E+00
    1.300000000000000E+00    6.750000000000000E-01    1.000000000000000E+00
    1.400000000000000E+00    6.750000000000000E-01    1.000000000000000E+00
    1.500000000000000E+00    6.750000000000000E-01    1.000000000000000E+00
    1.600000000000000E+00    6.750000000000000E-01    1.000000000000000E+00
    1.700000000000000E+00    6.750000000000000E-01    1.000000000000000E+00
    1.800000000000000E+00    6.750000000000000E-01    1.000000000000000E+00
    1.900000000000000E+00    6.750000000000000E-01    1.000000000000000E+00
    2.000000000000000E+00    6.750000000000000E-01    1.000000000000000E+00
    2.100000000000000E+00    6.750000000000000E-01    1.000000000000000E+00
    2.200000000000000E+00    6.750000000000000E-01    1.000000000000000E+00
    2.300000000000000E+00    6.750000000000000E-01    1.000000000000000E+00
    2.400000000000000E+00    6.750000000000000E-01    1.000000000000000E+00
    2.500000000000000E+00    6.750000000000000E-01    1.000000000000000E+00
    2.600000000000000E+00    6.750000000000000E-01    1.000000000000000E+00
    2.700000000000000E+00    6.750000000000000E-01    1.000000000000000E+00
    2.800000000000000E+00    6.750000000000000E-01    1.000000000000000E+00
    2.900000000000000E+00    6.750000000000000E-01    1.000000000000000E+00
    3.000000000000000E+00    6.750000000000000E-01    1.000000000000000E+00
    3.100000000000000E+00    6.750000000000000E-01    1.000000000000000E+00
    3.200000000000000E+00    6.750000000000000E-01    1.000000000000000E+00
    3.300000000000000E+00    6.750000000000000E-01    1.000000000000000E+00
    3.400000000000000E+00    6.750000000000000E-01    1.000000000000000E+00
    3.500000000000000E+00    6.750000000000000E-01    1.000000000000000E+00
    3.600000000000000E+00    6.750000000000000E-01    1.000000000000000E+00
    3.700000000000000E+00    6.750000000000000E-01    1.000000000000000E+00
    3.800000000000000E+00    6.750000000000000E-01    1.000000000000000E+00
    3.900000000000000E+00    6.750000000000000E-01    1.000000000000000E+00
    4.000000000000000E+00    6.750000000000000E-01    1.000000000000000E+00
    4.100000000000001E+00    6.750000000000000E-01    1.000000000000000E+00
    4.200000000000000E+00    6.750000000000000E-01    1.000000000000000E+00
    4.300000000000000E+00    6.750000000000000E-01    1.000000000000000E+00
    4.400000000000000E+00    6.750000000000000E-01    1.000000000000000E+00
    4.500000000000000E+00    6.750000000000000E-01    1.000000000000000E+00
    4.600000000000001E+00    6.750000000000000E-01    1.000000000000000E+00
    4.700000000000000E+00    6.750000000000000E-01    1.000000000000000E+00
    4.800000000000001E+00    6.750000000000000E-01    1.000000000000000E+00
    4.900000000000000E+00    6.750000000000000E-01    1.000000000000000E+00
    5.000000000000000E+00    6.750000000000000E-01    1.000000000000000E+00
    5.100000000000001E+00    6.750000000000000E-01    1.000000000000000E+00
    5.200000000000000E+00    6.750000000000000E-01    1.000000000000000E+00
    5.300000000000001E+00    6.750000000000000E-01    1.000000000000000E+00
    5.400000000000000E+00    6.750000000000000E-01    1.000000000000000E+00
    5.500000000000000E+00    6.750000000000000E-01    1.000000000000000E+00
    5.600000000000001E+00    6.750000000000000E-01    1.000000000000000E+00
    5.700000000000000E+00    6.750000000000000E-01    1.000000000000000E+00
    5.800000000000001E+00    6.750000000000000E-01    1.000000000000000E+00
    5.900000000000000E+00    6.750000000000000E-01    1.000000000000000E+00
    6.000000000000000E+00    6.750000000000000E-01    1.000000000000000E+00
    6.100000000000001E+00    6.750000000000000E-01    1.000000000000000E+00
    6.200000000000000E+00    6.750000000000000E-01    1.000000000000000E+00
    6.300000000000001E+00    6.750000000000000E-01    1.000000000000000E+00
    6.400000000000000E+00    6.750000000000000E-01    1.000000000000000E+00
    6.500000000000000E+00    6.750000000000000E-01    1.000000000000000E+00
    6.600000000000001E+00    6.750000000000000E-01    1.000000000000000E+00
    6.700000000000000E+00    6.750000000000000E-01    1.000000000000000E+00
    6.800000000000001E+00    6.750000000000000E-01    1.000000000000000E+00
    6.900000000000000E+00    6.750000000000000E-01    1.000000000000000E+00
    7.000000000000000E+00    6.750000000000000E-01    1.000000000000000E+00
    7.100000000000001E+00    6.750000000000000E-01    1.000000000000000E+00
    7.200000000000000E+00    6.750000000000000E-01    1.000000000000000E+00
    7.300000000000001E+00    6.750000000000000E-01    1.000000000000000E+00
    7.400000000000000E+00    6.750000000000000E-01    1.000000000000000E+00
    7.500000000000000E+00    6.750000000000000E-01    1.000000000000000E+00
    7.600000000000001E+00    6.750000000000000E-01    1.000000000000000E+00
    7.700000000000000E+00    6.750000000000000E-01    1.000000000000000E+00
    7.800000000000001E+00    6.750000000000000E-01    1.000000000000000E+00
    7.900000000000000E+00    6.750000000000000E-01    1.000000000000000E+00
    8.000000000000000E+00    6.750000000000000E-01    1.000000000000000E+00
    0.000000000000000E+00    7.000000000000001E-01    1.000000000000000E+00
    1.000000000000000E-01    7.000000000000001E-01    1.000000000000000E+00
    2.000000000000000E-01    7.000000000000001E-01    1.000000000000000E+00
    3.000000000000000E-01    7.000000000000001E-01    1.000000000000000E+00
    4.000000000000000E-01    7.000000000000001E-01    1.000000000000000E+00
    5.000000000000000E-01    7.000000000000001E-01    1.000000000000000E+00
    6.000000000000001E-01    7.000000000000001E-01    1.000000000000000E+00
    7.000000000000001E-01    7.000000000000001E-01    1.000000000000000E+00
    8.000000000000000E-01    7.000000000000001E-01    1.000000000000000E+00
    9.000000000000000E-01    7.000000000000001E-01    1.000000000000000E+00
    1.000000000000000E+00    7.000000000000001E-01    1.000000000000000E+00
    1.100000000000000E+00    7.000000000000001E-01    1.000000000000000E+00
    1.200000000000000E+00    7.000000000000001E-01    1.000000000000000E+00
    1.300000000000000E+00    7.000000000000001E-01    1.000000000000000E+00
    1.400000000000000E+00    7.000000000000001E-01    1.000000000000000E+00
    1.500000000000000E+00    7.000000000000001E-01    1.000000000000000E+00
    1.600000000000000E+00    7.000000000000001E-01    1.000000000000000E+00
    1.700000000000000E+00    7.000000000000001E-01    1.000000000000000E+00
    1.800000000000000E+00    7.000000000000001E-01    1.000000000000000E+00
    1.900000000000000E+00    7.000000000000001E-01    1.000000000000000E+00
    2.000000000000000E+00    7.000000000000001E-01    1.000000000000000E+00
    2.100000000000000E+00    7.000000000000001E-01    1.000000000000000E+00
    2.200000000000000E+00    7.000000000000001E-01    1.000000000000000E+00
    2.300000000000000E+00    7.000000000000001E-01    1.000000000000000E+00
    2.400000000000000E+00    7.000000000000001E-01    1.000000000000000E+00
    2.500000000000000E+00    7.000000000000001E-01    1.000000000000000E+00
    2.600000000000000E+00    7.000000000000001E-01    1.000000000000000E+00
    2.700000000000000E+00    7.000000000000001E-01    1.000000000000000E+00
    2.800000000000000E+00    7.000000000000001E-01    1.000000000000000E+00
    2.900000000000000E+00    7.000000000000001E-01    1.000000000000000E+00
    3.000000000000000E+00    7.000000000000001E-01    1.000000000000000E+00
    3.100000000000000E+00    7.000000000000001E-01    1.000000000000000E+00
    3.200000000000000E+00    7.000000000000001E-01    1.000000000000000E+00
    3.300000000000000E+00    7.000000000000001E-01    1.000000000000000E+00
    3.400000000000000E+00    7.000000000000001E-01    1.000000000000000E+00
    3.500000000000000E+00    7.000000000000001E-01    1.000000000000000E+00
    3.600000000000000E+00    7.000000000000001E-01    1.000000000000000E+00
    3.700000000000000E+00    7.000000000000001E-01    1.000000000000000E+00
    3.800000000000000E+00    7.000000000000001E-01    1.000000000000000E+00
    3.900000000000000E+00    7.000000000000001E-01    1.000000000000000E+00
    4.000000000000000E+00    7.000000000000001E-01    1.000000000000000E+00
    4.100000000000001E+00    7.000000000000001E-01    1.000000000000000E+00
    4.200000000000000E+00    7.000000000000001E-01    1.000000000000000E+00
    4.300000000000000E+00    7.000000000000001E-01    1.000000000000000E+00
    4.400000000000000E+00    7.000000000000001E-01    1.000000000000000E+00
    4.500000000000000E+00    7.000000000000001E-01    1.000000000000000E+00
    4.600000000000001E+00    7.000000000000001E-01    1.000000000000000E+00
    4.700000000000000E+00    7.000000000000001E-01    1.000000000000000E+00
    4.800000000000001E+00    7.000000000000001E-01    1.000000000000000E+00
    4.900000000000000E+00    7.000000000000001E-01    1.000000000000000E+00
    5.000000000000000E+00    7.000000000000001E-01    1.000000000000000E+00
    5.100000000000001E+00    7.000000000000001E-01    1.000000000000000E+00
    5.200000000000000E+00    7.000000000000001E-01    1.000000000000000E+00
    5.300000000000001E+00    7.000000000000001E-01    1.000000000000000E+00
    5.400000000000000E+00    7.000000000000001E-01    1.000000000000000E+00
    5.500000000000000E+00    7.000000000000001E-01    1.000000000000000E+00
    5.600000000000001E+00    7.000000000000001E-01    1.000000000000000E+00
    5.700000000000000E+00    7.000000000000001E-01    1.000000000000000E+00
    5.800000000000001E+00    7.000000000000001E-01    1.000000000000000E+00
    5.900000000000000E+00    7.000000000000001E-01    1.000000000000000E+00
    6.000000000000000E+00    7.000000000000001E-01    1.000000000000000E+00
    6.100000000000001E+00    7.000000000000001E-01    1.000000000000000E+00
    6.200000000000000E+00    7.000000000000001E-01    1.000000000000000E+00
    6.300000000000001E+00    7.000000000000001E-01    1.000000000000000E+00
    6.400000000000000E+00    7.000000000000001E-01    1.000000000000000E+00
    6.500000000000000E+00    7.000000000000001E-01    1.000000000000000E+00
    6.600000000000001E+00    7.000000000000001E-01    1.000000000000000E+00
    6.700000000000000E+00    7.000000000000001E-01    1.000000000000000E+00
    6.800000000000001E+00    7.000000000000001E-01    1.000000000000000E+00
    6.900000000000000E+00    7.000000000000001E-01    1.000000000000000E+00
    7.000000000000000E+00    7.000000000000001E-01    1.000000000000000E+00
    7.100000000000001E+00    7.000000000000001E-01    1.000000000000000E+00
    7.200000000000000E+00    7.000000000000001E-01    1.000000000000000E+00
    7.300000000000001E+00    7.000000000000001E-01    1.000000000000000E+00
    7.400000000000000E+00    7.000000000000001E-01    1.000000000000000E+00
    7.500000000000000E+00    7.000000000000001E-01    1.000000000000000E+00
    7.600000000000001E+00    7.000000000000001E-01    1.000000000000000E+00
    7.700000000000000E+00    7.000000000000001E-01    1.000000000000000E+00
    7.800000000000001E+00    7.000000000000001E-01    1.000000000000000E+00
    7.900000000000000E+00    7.000000000000001E-01    1.000000000000000E+00
    8.000000000000000E+00    7.000000000000001E-01    1.000000000000000E+00
    0.000000000000000E+00    7.250000000000001E-01    1.000000000000000E+00
    1.000000000000000E-01    7.250000000000001E-01    1.000000000000000E+00
    2.000000000000000E-01    7.250000000000001E-01    1.000000000000000E+00
    3.000000000000000E-01    7.250000000000001E-01    1.000000000000000E+00
    4.000000000000000E-01    7.250000000000001E-01    1.000000000000000E+00
    5.000000000000000E-01    7.250000000000001E-01    1.000000000000000E+00
    6.000000000000001E-01    7.250000000000001E-01    1.000000000000000E+00
    7.000000000000001E-01    7.250000000000001E-01    1.000000000000000E+00
    8.000000000000000E-01    7.250000000000001E-01    1.000000000000000E+00
    9.000000000000000E-01    7.250000000000001E-01    1.000000000000000E+00
    1.000000000000000E+00    7.250000000000001E-01    1.000000000000000E+00
    1.100000000000000E+00    7.250000000000001E-01    1.000000000000000E+00
    1.200000000000000E+00    7.250000000000001E-01    1.000000000000000E+00
    1.300000000000000E+00    7.250000000000001E-01    1.000000000000000E+00
    1.400000000000000E+00    7.250000000000001E-01    1.000000000000000E+00
    1.500000000000000E+00    7.250000000000001E-01    1.000000000000000E+00
    1.600000000000000E+00    7.250000000000001E-01    1.000000000000000E+00
    1.700000000000000E+00    7.250000000000001E-01    1.000000000000000E+00
    1.800000000000000E+00    7.250000000000001E-01    1.000000000000000E+00
    1.900000000000000E+00    7.250000000000001E-01    1.000000000000000E+00
    2.000000000000000E+00    7.250000000000001E-01    1.000000000000000E+00
    2.100000000000000E+00    7.250000000000001E-01    1.000000000000000E+00
    2.200000000000000E+00    7.250000000000001E-01    1.000000000000000E+00
    2.300000000000000E+00    7.250000000000001E-01    1.000000000000000E+00
    2.400000000000000E+00    7.250000000000001E-01    1.000000000000000E+00
    2.500000000000000E+00    7.250000000000001E-01    1.000000000000000E+00
    2.600000000000000E+00    7.250000000000001E-01    1.000000000000000E+00
    2.700000000000000E+00    7.250000000000001E-01    1.000000000000000E+00
    2.800000000000000E+00    7.250000000000001E-01    1.000000000000000E+00
    2.900000000000000E+00    7.250000000000001E-01    1.000000000000000E+00
    3.000000000000000E+00    7.250000000000001E-01    1.000000000000000E+00
    3.100000000000000E+00    7.250000000000001E-01    1.000000000000000E+00
    3.200000000000000E+00    7.250000000000001E-01    1.000000000000000E+00
    3.300000000000000E+00    7.250000000000001E-01    1.000000000000000E+00
    3.400000000000000E+00    7.250000000000001E-01    1.000000000000000E+00
    3.500000000000000E+00    7.250000000000001E-01    1.000000000000000E+00
    3.600000000000000E+00    7.250000000000001E-01    1.000000000000000E+00
    3.700000000000000E+00    7.250000000000001E-01    1.000000000000000E+00
    3.800000000000000E+00    7.250000000000001E-01    1.000000000000000E+00
    3.900000000000000E+00    7.250000000000001E-01    1.000000000000000E+00
    4.000000000000000E+00    7.250000000000001E-01    1.000000000000000E+00
    4.100000000000001E+00    7.250000000000001E-01    1.000000000000000E+00
    4.200000000000000E+00    7.250000000000001E-01    1.000000000000000E+00
    4.300000000000000E+00    7.250000000000001E-01    1.000000000000000E+00
    4.400000000000000E+00    7.250000000000001E-01    1.000000000000000E+00
    4.500000000000000E+00    7.250000000000001E-01    1.000000000000000E+00
    4.600000000000001E+00    7.250000000000001E-01    1.000000000000000E+00
    4.700000000000000E+00    7.250000000000001E-01    1.000000000000000E+00
    4.800000000000001E+00    7.250000000000001E-01    1.000000000000000E+00
    4.900000000000000E+00    7.250000000000001E-01    1.000000000000000E+00
    5.000000000000000E+00    7.250000000000001E-01    1.000000000000000E+00
    5.100000000000001E+00    7.250000000000001E-01    1.000000000000000E+00
    5.200000000000000E+00    7.250000000000001E-01    1.000000000000000E+00
    5.300000000000001E+00    7.250000000000001E-01    1.000000000000000E+00
    5.400000000000000E+00    7.250000000000001E-01    1.000000000000000E+00
    5.500000000000000E+00    7.250000000000001E-01    1.000000000000000E+00
    5.600000000000001E+00    7.250000000000001E-01    1.000000000000000E+00
    5.700000000000000E+00    7.250000000000001E-01    1.000000000000000E+00
    5.800000000000001E+00    7.250000000000001E-01    1.000000000000000E+00
    5.900000000000000E+00    7.250000000000001E-01    1.000000000000000E+00
    6.000000000000000E+00    7.250000000000001E-01    1.000000000000000E+00
    6.100000000000001E+00    7.250000000000001E-01    1.000000000000000E+00
    6.200000000000000E+00    7.250000000000001E-01    1.000000000000000E+00
    6.300000000000001E+00    7.250000000000001E-01    1.000000000000000E+00
    6.400000000000000E+00    7.250000000000001E-01    1.000000000000000E+00
    6.500000000000000E+00    7.250000000000001E-01    1.000000000000000E+00
    6.600000000000001E+00    7.250000000000001E-01    1.000000000000000E+00
    6.700000000000000E+00    7.250000000000001E-01    1.000000000000000E+00
    6.800000000000001E+00    7.250000000000001E-01    1.000000000000000E+00
    6.900000000000000E+00    7.250000000000001E-01    1.000000000000000E+00
    7.000000000000000E+00    7.250000000000001E-01    1.000000000000000E+00
    7.100000000000001E+00    7.250000000000001E-01    1.000000000000000E+00
    7.200000000000000E+00    7.250000000000001E-01    1.000000000000000E+00
    7.300000000000001E+00    7.250000000000001E-01    1.000000000000000E+00
    7.400000000000000E+00    7.250000000000001E-01    1.000000000000000E+00
    7.500000000000000E+00    7.250000000000001E-01    1.000000000000000E+00
    7.600000000000001E+00    7.250000000000001E-01    1.000000000000000E+00
    7.700000000000000E+00    7.250000000000001E-01    1.000000000000000E+00
    7.800000000000001E+00    7.250000000000001E-01    1.000000000000000E+00
    7.900000000000000E+00    7.250000000000001E-01    1.000000000000000E+00
    8.000000000000000E+00    7.250000000000001E-01    1.000000000000000E+00
    0.000000000000000E+00    7.500000000000000E-01    1.000000000000000E+00
    1.000000000000000E-01    7.500000000000000E-01    1.000000000000000E+00
    2.000000000000000E-01    7.500000000000000E-01    1.000000000000000E+00
    3.000000000000000E-01    7.500000000000000E-01    1.000000000000000E+00
    4.000000000000000E-01    7.500000000000000E-01    1.000000000000000E+00
    5.000000000000000E-01    7.500000000000000E-01    1.000000000000000E+00
    6.000000000000001E-01    7.500000000000000E-01    1.000000000000000E+00
    7.000000000000001E-01    7.500000000000000E-01    1.000000000000000E+00
    8.000000000000000E-01    7.500000000000000E-01    1.000000000000000E+00
    9.000000000000000E-01    7.500000000000000E-01    1.000000000000000E+00
    1.000000000000000E+00    7.500000000000000E-01    1.000000000000000E+00
    1.100000000000000E+00    7.500000000000000E-01    1.000000000000000E+00
    1.200000000000000E+00    7.500000000000000E-01    1.000000000000000E+00
    1.300000000000000E+00    7.500000000000000E-01    1.000000000000000E+00
    1.400000000000000E+00    7.500000000000000E-01    1.000000000000000E+00
    1.500000000000000E+00    7.500000000000000E-01    1.000000000000000E+00
    1.600000000000000E+00    7.500000000000000E-01    1.000000000000000E+00
    1.700000000000000E+00    7.500000000000000E-01    1.000000000000000E+00
    1.800000000000000E+00    7.500000000000000E-01    1.000000000000000E+00
    1.900000000000000E+00    7.500000000000000E-01    1.000000000000000E+00
    2.000000000000000E+00    7.500000000000000E-01    1.000000000000000E+00
    2.100000000000000E+00    7.500000000000000E-01    1.000000000000000E+00
    2.200000000000000E+00    7.500000000000000E-01    1.000000000000000E+00
    2.300000000000000E+00    7.500000000000000E-01    1.000000000000000E+00
    2.400000000000000E+00    7.500000000000000E-01    1.000000000000000E+00
    2.500000000000000E+00    7.500000000000000E-01    1.000000000000000E+00
    2.600000000000000E+00    7.500000000000000E-01    1.000000000000000E+00
    2.700000000000000E+00    7.500000000000000E-01    1.000000000000000E+00
    2.800000000000000E+00    7.500000000000000E-01    1.000000000000000E+00
    2.900000000000000E+00    7.500000000000000E-01    1.000000000000000E+00
    3.000000000000000E+00    7.500000000000000E-01    1.000000000000000E+00
    3.100000000000000E+00    7.500000000000000E-01    1.000000000000000E+00
    3.200000000000000E+00    7.500000000000000E-01    1.000000000000000E+00
    3.300000000000000E+00    7.500000000000000E-01    1.000000000000000E+00
    3.400000000000000E+00    7.500000000000000E-01    1.000000000000000E+00
    3.500000000000000E+00    7.500000000000000E-01    1.000000000000000E+00
    3.600000000000000E+00    7.500000000000000E-01    1.000000000000000E+00
    3.700000000000000E+00    7.500000000000000E-01    1.000000000000000E+00
    3.800000000000000E+00    7.500000000000000E-01    1.000000000000000E+00
    3.900000000000000E+00    7.500000000000000E-01    1.000000000000000E+00
    4.000000000000000E+00    7.500000000000000E-01    1.000000000000000E+00
    4.100000000000001E+00    7.500000000000000E-01    1.000000000000000E+00
    4.200000000000000E+00    7.500000000000000E-01    1.000000000000000E+00
    4.300000000000000E+00    7.500000000000000E-01    1.000000000000000E+00
    4.400000000000000E+00    7.500000000000000E-01    1.000000000000000E+00
    4.500000000000000E+00    7.500000000000000E-01    1.000000000000000E+00
    4.600000000000001E+00    7.500000000000000E-01    1.000000000000000E+00
    4.700000000000000E+00    7.500000000000000E-01    1.000000000000000E+00
    4.800000000000001E+00    7.500000000000000E-01    1.000000000000000E+00
    4.900000000000000E+00    7.500000000000000E-01    1.000000000000000E+00
    5.000000000000000E+00    7.500000000000000E-01    1.000000000000000E+00
    5.100000000000001E+00    7.500000000000000E-01    1.000000000000000E+00
    5.200000000000000E+00    7.500000000000000E-01    1.000000000000000E+00
    5.300000000000001E+00    7.500000000000000E-01    1.000000000000000E+00
    5.400000000000000E+00    7.500000000000000E-01    1.000000000000000E+00
    5.500000000000000E+00    7.500000000000000E-01    1.000000000000000E+00
    5.600000000000001E+00    7.500000000000000E-01    1.000000000000000E+00
    5.700000000000000E+00    7.500000000000000E-01    1.000000000000000E+00
    5.800000000000001E+00    7.500000000000000E-01    1.000000000000000E+00
    5.900000000000000E+00    7.500000000000000E-01    1.000000000000000E+00
    6.000000000000000E+00    7.500000000000000E-01    1.000000000000000E+00
    6.100000000000001E+00    7.500000000000000E-01    1.000000000000000E+00
    6.200000000000000E+00    7.500000000000000E-01    1.000000000000000E+00
    6.300000000000001E+00    7.500000000000000E-01    1.000000000000000E+00
    6.400000000000000E+00    7.500000000000000E-01    1.000000000000000E+00
    6.500000000000000E+00    7.500000000000000E-01    1.000000000000000E+00
    6.600000000000001E+00    7.500000000000000E-01    1.000000000000000E+00
    6.700000000000000E+00    7.500000000000000E-01    1.000000000000000E+00
    6.800000000000001E+00    7.500000000000000E-01    1.000000000000000E+00
    6.900000000000000E+00    7.500000000000000E-01    1.000000000000000E+00
    7.000000000000000E+00    7.500000000000000E-01    1.000000000000000E+00
    7.100000000000001E+00    7.500000000000000E-01    1.000000000000000E+00
    7.200000000000000E+00    7.500000000000000E-01    1.000000000000000E+00
    7.300000000000001E+00    7.500000000000000E-01    1.000000000000000E+00
    7.400000000000000E+00    7.500000000000000E-01    1.000000000000000E+00
    7.500000000000000E+00    7.500000000000000E-01    1.000000000000000E+00
    7.600000000000001E+00    7.500000000000000E-01    1.000000000000000E+00
    7.700000000000000E+00    7.500000000000000E-01    1.000000000000000E+00
    7.800000000000001E+00    7.500000000000000E-01    1.000000000000000E+00
    7.900000000000000E+00    7.500000000000000E-01    1.000000000000000E+00
    8.000000000000000E+00    7.500000000000000E-01    1.000000000000000E+00
    0.000000000000000E+00    7.750000000000000E-01    1.000000000000000E+00
    1.000000000000000E-01    7.750000000000000E-01    1.000000000000000E+00
    2.000000000000000E-01    7.750000000000000E-01    1.000000000000000E+00
    3.000000000000000E-01    7.750000000000000E-01    1.000000000000000E+00
    4.000000000000000E-01    7.750000000000000E-01    1.000000000000000E+00
    5.000000000000000E-01    7.750000000000000E-01    1.000000000000000E+00
    6.000000000000001E-01    7.750000000000000E-01    1.000000000000000E+00
    7.000000000000001E-01    7.750000000000000E-01    1.000000000000000E+00
    8.000000000000000E-01    7.750000000000000E-01    1.000000000000000E+00
    9.000000000000000E-01    7.750000000000000E-01    1.000000000000000E+00
    1.000000000000000E+00    7.750000000000000E-01    1.000000000000000E+00
    1.100000000000000E+00    7.750000000000000E-01    1.000000000000000E+00
    1.200000000000000E+00    7.750000000000000E-01    1.000000000000000E+00
    1.300000000000000E+00    7.750000000000000E-01    1.000000000000000E+00
    1.400000000000000E+00    7.750000000000000E-01    1.000000000000000E+00
    1.500000000000000E+00    7.750000000000000E-01    1.000000000000000E+00
    1.600000000000000E+00    7.750000000000000E-01    1.000000000000000E+00
    1.700000000000000E+00    7.750000000000000E-01    1.000000000000000E+00
    1.800000000000000E+00    7.750000000000000E-01    1.000000000000000E+00
    1.900000000000000E+00    7.750000000000000E-01    1.000000000000000E+00
    2.000000000000000E+00    7.750000000000000E-01    1.000000000000000E+00
    2.100000000000000E+00    7.750000000000000E-01    1.000000000000000E+00
    2.200000000000000E+00    7.750000000000000E-01    1.000000000000000E+00
    2.300000000000000E+00    7.750000000000000E-01    1.000000000000000E+00
    2.400000000000000E+00    7.750000000000000E-01    1.000000000000000E+00
    2.500000000000000E+00    7.750000000000000E-01    1.000000000000000E+00
    2.600000000000000E+00    7.750000000000000E-01    1.000000000000000E+00
    2.700000000000000E+00    7.750000000000000E-01    1.000000000000000E+00
    2.800000000000000E+00    7.750000000000000E-01    1.000000000000000E+00
    2.900000000000000E+00    7.750000000000000E-01    1.000000000000000E+00
    3.000000000000000E+00    7.750000000000000E-01    1.000000000000000E+00
    3.100000000000000E+00    7.750000000000000E-01    1.000000000000000E+00
    3.200000000000000E+00    7.750000000000000E-01    1.000000000000000E+00
    3.300000000000000E+00    7.750000000000000E-01    1.000000000000000E+00
    3.400000000000000E+00    7.750000000000000E-01    1.000000000000000E+00
    3.500000000000000E+00    7.750000000000000E-01    1.000000000000000E+00
    3.600000000000000E+00    7.750000000000000E-01    1.000000000000000E+00
    3.700000000000000E+00    7.750000000000000E-01    1.000000000000000E+00
    3.800000000000000E+00    7.750000000000000E-01    1.000000000000000E+00
    3.900000000000000E+00    7.750000000000000E-01    1.000000000000000E+00
    4.000000000000000E+00    7.750000000000000E-01    1.000000000000000E+00
    4.100000000000001E+00    7.750000000000000E-01    1.000000000000000E+00
    4.200000000000000E+00    7.750000000000000E-01    1.000000000000000E+00
    4.300000000000000E+00    7.750000000000000E-01    1.000000000000000E+00
    4.400000000000000E+00    7.750000000000000E-01    1.000000000000000E+00
    4.500000000000000E+00    7.750000000000000E-01    1.000000000000000E+00
    4.600000000000001E+00    7.750000000000000E-01    1.000000000000000E+00
    4.700000000000000E+00    7.750000000000000E-01    1.000000000000000E+00
    4.800000000000001E+00    7.750000000000000E-01    1.000000000000000E+00
    4.900000000000000E+00    7.750000000000000E-01    1.000000000000000E+00
    5.000000000000000E+00    7.750000000000000E-01    1.000000000000000E+00
    5.100000000000001E+00    7.750000000000000E-01    1.000000000000000E+00
    5.200000000000000E+00    7.750000000000000E-01    1.000000000000000E+00
    5.300000000000001E+00    7.750000000000000E-01    1.000000000000000E+00
    5.400000000000000E+00    7.750000000000000E-01    1.000000000000000E+00
    5.500000000000000E+00    7.750000000000000E-01    1.000000000000000E+00
    5.600000000000001E+00    7.750000000000000E-01    1.000000000000000E+00
    5.700000000000000E+00    7.750000000000000E-01    1.000000000000000E+00
    5.800000000000001E+00    7.750000000000000E-01    1.000000000000000E+00
    5.900000000000000E+00    7.750000000000000E-01    1.000000000000000E+00
    6.000000000000000E+00    7.750000000000000E-01    1.000000000000000E+00
    6.100000000000001E+00    7.750000000000000E-01    1.000000000000000E+00
    6.200000000000000E+00    7.750000000000000E-01    1.000000000000000E+00
    6.300000000000001E+00    7.750000000000000E-01    1.000000000000000E+00
    6.400000000000000E+00    7.750000000000000E-01    1.000000000000000E+00
    6.500000000000000E+00    7.750000000000000E-01    1.000000000000000E+00
    6.600000000000001E+00    7.750000000000000E-01    1.000000000000000E+00
    6.700000000000000E+00    7.750000000000000E-01    1.000000000000000E+00
    6.800000000000001E+00    7.750000000000000E-01    1.000000000000000E+00
    6.900000000000000E+00    7.750000000000000E-01    1.000000000000000E+00
    7.000000000000000E+00    7.750000000000000E-01    1.000000000000000E+00
    7.100000000000001E+00    7.750000000000000E-01    1.000000000000000E+00
    7.200000000000000E+00    7.750000000000000E-01    1.000000000000000E+00
    7.300000000000001E+00    7.750000000000000E-01    1.000000000000000E+00
    7.400000000000000E+00    7.750000000000000E-01    1.000000000000000E+00
    7.500000000000000E+00    7.750000000000000E-01    1.000000000000000E+00
    7.600000000000001E+00    7.750000000000000E-01    1.000000000000000E+00
    7.700000000000000E+00    7.750000000000000E-01    1.000000000000000E+00
    7.800000000000001E+00    7.750000000000000E-01    1.000000000000000E+00
    7.900000000000000E+00    7.750000000000000E-01    1.000000000000000E+00
    8.000000000000000E+00    7.750000000000000E-01    1.000000000000000E+00
    0.000000000000000E+00    8.000000000000000E-01    1.000000000000000E+00
    1.000000000000000E-01    8.000000000000000E-01    1.000000000000000E+00
    2.000000000000000E-01    8.000000000000000E-01    1.000000000000000E+00
    3.000000000000000E-01    8.000000000000000E-01    1.000000000000000E+00
    4.000000000000000E-01    8.000000000000000E-01    1.000000000000000E+00
    5.000000000000000E-01    8.000000000000000E-01    1.000000000000000E+00
    6.000000000000001E-01    8.000000000000000E-01    1.000000000000000E+00
    7.000000000000001E-01    8.000000000000000E-01    1.000000000000000E+00
    8.000000000000000E-01    8.000000000000000E-01    1.000000000000000E+00
    9.000000000000000E-01    8.000000000000000E-01    1.000000000000000E+00
    1.000000000000000E+00    8.000000000000000E-01    1.000000000000000E+00
    1.100000000000000E+00    8.000000000000000E-01    1.000000000000000E+00
    1.200000000000000E+00    8.000000000000000E-01    1.000000000000000E+00
    1.300000000000000E+00    8.000000000000000E-01    1.000000000000000E+00
    1.400000000000000E+00    8.000000000000000E-01    1.000000000000000E+00
    1.500000000000000E+00    8.000000000000000E-01    1.000000000000000E+00
    1.600000000000000E+00    8.000000000000000E-01    1.000000000000000E+00
    1.700000000000000E+00    8.000000000000000E-01    1.000000000000000E+00
    1.800000000000000E+00    8.000000000000000E-01    1.000000000000000E+00
    1.900000000000000E+00    8.000000000000000E-01    1.000000000000000E+00
    2.000000000000000E+00    8.000000000000000E-01    1.000000000000000E+00
    2.100000000000000E+00    8.000000000000000E-01    1.000000000000000E+00
    2.200000000000000E+00    8.000000000000000E-01    1.000000000000000E+00
    2.300000000000000E+00    8.000000000000000E-01    1.000000000000000E+00
    2.400000000000000E+00    8.000000000000000E-01    1.000000000000000E+00
    2.500000000000000E+00    8.000000000000000E-01    1.000000000000000E+00
    2.600000000000000E+00    8.000000000000000E-01    1.000000000000000E+00
    2.700000000000000E+00    8.000000000000000E-01    1.000000000000000E+00
    2.800000000000000E+00    8.000000000000000E-01    1.000000000000000E+00
    2.900000000000000E+00    8.000000000000000E-01    1.000000000000000E+00
    3.000000000000000E+00    8.000000000000000E-01    1.000000000000000E+00
    3.100000000000000E+00    8.000000000000000E-01    1.000000000000000E+00
    3.200000000000000E+00    8.000000000000000E-01    1.000000000000000E+00
    3.300000000000000E+00    8.000000000000000E-01    1.000000000000000E+00
    3.400000000000000E+00    8.000000000000000E-01    1.000000000000000E+00
    3.500000000000000E+00    8.000000000000000E-01    1.000000000000000E+00
    3.600000000000000E+00    8.000000000000000E-01    1.000000000000000E+00
    3.700000000000000E+00    8.000000000000000E-01    1.000000000000000E+00
    3.800000000000000E+00    8.000000000000000E-01    1.000000000000000E+00
    3.900000000000000E+00    8.000000000000000E-01    1.000000000000000E+00
    4.000000000000000E+00    8.000000000000000E-01    1.000000000000000E+00
    4.100000000000001E+00    8.000000000000000E-01    1.000000000000000E+00
    4.200000000000000E+00    8.000000000000000E-01    1.000000000000000E+00
    4.300000000000000E+00    8.000000000000000E-01    1.000000000000000E+00
    4.400000000000000E+00    8.000000000000000E-01    1.000000000000000E+00
    4.500000000000000E+00    8.000000000000000E-01    1.000000000000000E+00
    4.600000000000001E+00    8.000000000000000E-01    1.000000000000000E+00
    4.700000000000000E+00    8.000000000000000E-01    1.000000000000000E+00
    4.800000000000001E+00    8.000000000000000E-01    1.000000000000000E+00
    4.900000000000000E+00    8.000000000000000E-01    1.000000000000000E+00
    5.000000000000000E+00    8.000000000000000E-01    1.000000000000000E+00
    5.100000000000001E+00    8.000000000000000E-01    1.000000000000000E+00
    5.200000000000000E+00    8.000000000000000E-01    1.000000000000000E+00
    5.300000000000001E+00    8.000000000000000E-01    1.000000000000000E+00
    5.400000000000000E+00    8.000000000000000E-01    1.000000000000000E+00
    5.500000000000000E+00    8.000000000000000E-01    1.000000000000000E+00
    5.600000000000001E+00    8.000000000000000E-01    1.000000000000000E+00
    5.700000000000000E+00    8.000000000000000E-01    1.000000000000000E+00
    5.800000000000001E+00    8.000000000000000E-01    1.000000000000000E+00
    5.900000000000000E+00    8.000000000000000E-01    1.000000000000000E+00
    6.000000000000000E+00    8.000000000000000E-01    1.000000000000000E+00
    6.100000000000001E+00    8.000000000000000E-01    1.000000000000000E+00
    6.200000000000000E+00    8.000000000000000E-01    1.000000000000000E+00
    6.300000000000001E+00    8.000000000000000E-01    1.000000000000000E+00
    6.400000000000000E+00    8.000000000000000E-01    1.000000000000000E+00
    6.500000000000000E+00    8.000000000000000E-01    1.000000000000000E+00
    6.600000000000001E+00    8.000000000000000E-01    1.000000000000000E+00
    6.700000000000000E+00    8.000000000000000E-01    1.000000000000000E+00
    6.800000000000001E+00    8.000000000000000E-01    1.000000000000000E+00
    6.900000000000000E+00    8.000000000000000E-01    1.000000000000000E+00
    7.000000000000000E+00    8.000000000000000E-01    1.000000000000000E+00
    7.100000000000001E+00    8.000000000000000E-01    1.000000000000000E+00
    7.200000000000000E+00    8.000000000000000E-01    1.000000000000000E+00
    7.300000000000001E+00    8.000000000000000E-01    1.000000000000000E+00
    7.400000000000000E+00    8.000000000000000E-01    1.000000000000000E+00
    7.500000000000000E+00    8.000000000000000E-01    1.000000000000000E+00
    7.600000000000001E+00    8.000000000000000E-01    1.000000000000000E+00
    7.700000000000000E+00    8.000000000000000E-01    1.000000000000000E+00
    7.800000000000001E+00    8.000000000000000E-01    1.000000000000000E+00
    7.900000000000000E+00    8.000000000000000E-01    1.000000000000000E+00
    8.000000000000000E+00    8.000000000000000E-01    1.000000000000000E+00
    0.000000000000000E+00    8.250000000000001E-01    1.000000000000000E+00
    1.000000000000000E-01    8.250000000000001E-01    1.000000000000000E+00
    2.000000000000000E-01    8.250000000000001E-01    1.000000000000000E+00
    3.000000000000000E-01    8.250000000000001E-01    1.000000000000000E+00
    4.000000000000000E-01    8.250000000000001E-01    1.000000000000000E+00
    5.000000000000000E-01    8.250000000000001E-01    1.000000000000000E+00
    6.000000000000001E-01    8.250000000000001E-01    1.000000000000000E+00
    7.000000000000001E-01    8.250000000000001E-01    1.000000000000000E+00
    8.000000000000000E-01    8.250000000000001E-01    1.000000000000000E+00
    9.000000000000000E-01    8.250000000000001E-01    1.000000000000000E+00
    1.000000000000000E+00    8.250000000000001E-01    1.000000000000000E+00
    1.100000000000000E+00    8.250000000000001E-01    1.000000000000000E+00
    1.200000000000000E+00    8.250000000000001E-01    1.000000000000000E+00
    1.300000000000000E+00    8.250000000000001E-01    1.000000000000000E+00
    1.400000000000000E+00    8.250000000000001E-01    1.000000000000000E+00
    1.500000000000000E+00    8.250000000000001E-01    1.000000000000000E+00
    1.600000000000000E+00    8.250000000000001E-01    1.000000000000000E+00
    1.700000000000000E+00    8.250000000000001E-01    1.000000000000000E+00
    1.800000000000000E+00    8.250000000000001E-01    1.000000000000000E+00
    1.900000000000000E+00    8.250000000000001E-01    1.000000000000000E+00
    2.000000000000000E+00    8.250000000000001E-01    1.000000000000000E+00
    2.100000000000000E+00    8.250000000000001E-01    1.000000000000000E+00
    2.200000000000000E+00    8.250000000000001E-01    1.000000000000000E+00
    2.300000000000000E+00    8.250000000000001E-01    1.000000000000000E+00
    2.400000000000000E+00    8.250000000000001E-01    1.000000000000000E+00
    2.500000000000000E+00    8.250000000000001E-01    1.000000000000000E+00
    2.600000000000000E+00    8.250000000000001E-01    1.000000000000000E+00
    2.700000000000000E+00    8.250000000000001E-01    1.000000000000000E+00
    2.800000000000000E+00    8.250000000000001E-01    1.000000000000000E+00
    2.900000000000000E+00    8.250000000000001E-01    1.000000000000000E+00
    3.000000000000000E+00    8.250000000000001E-01    1.000000000000000E+00
    3.100000000000000E+00    8.250000000000001E-01    1.000000000000000E+00
    3.200000000000000E+00    8.250000000000001E-01    1.000000000000000E+00
    3.300000000000000E+00    8.250000000000001E-01    1.000000000000000E+00
    3.400000000000000E+00    8.250000000000001E-01    1.000000000000000E+00
    3.500000000000000E+00    8.250000000000001E-01    1.000000000000000E+00
    3.600000000000000E+00    8.250000000000001E-01    1.000000000000000E+00
    3.700000000000000E+00    8.250000000000001E-01    1.000000000000000E+00
    3.800000000000000E+00    8.250000000000001E-01    1.000000000000000E+00
    3.900000000000000E+00    8.250000000000001E-01    1.000000000000000E+00
    4.000000000000000E+00    8.250000000000001E-01    1.000000000000000E+00
    4.100000000000001E+00    8.250000000000001E-01    1.000000000000000E+00
    4.200000000000000E+00    8.250000000000001E-01    1.000000000000000E+00
    4.300000000000000E+00    8.250000000000001E-01    1.000000000000000E+00
    4.400000000000000E+00    8.250000000000001E-01    1.000000000000000E+00
    4.500000000000000E+00    8.250000000000001E-01    1.000000000000000E+00
    4.600000000000001E+00    8.250000000000001E-01    1.000000000000000E+00
    4.700000000000000E+00    8.250000000000001E-01    1.000000000000000E+00
    4.800000000000001E+00    8.250000000000001E-01    1.000000000000000E+00
    4.900000000000000E+00    8.250000000000001E-01    1.000000000000000E+00
    5.000000000000000E+00    8.250000000000001E-01    1.000000000000000E+00
    5.100000000000001E+00    8.250000000000001E-01    1.000000000000000E+00
    5.200000000000000E+00    8.250000000000001E-01    1.000000000000000E+00
    5.300000000000001E+00    8.250000000000001E-01    1.000000000000000E+00
    5.400000000000000E+00    8.250000000000001E-01    1.000000000000000E+00
    5.500000000000000E+00    8.250000000000001E-01    1.000000000000000E+00
    5.600000000000001E+00    8.250000000000001E-01    1.000000000000000E+00
    5.700000000000000E+00    8.250000000000001E-01    1.000000000000000E+00
    5.800000000000001E+00    8.250000000000001E-01    1.000000000000000E+00
    5.900000000000000E+00    8.250000000000001E-01    1.000000000000000E+00
    6.000000000000000E+00    8.250000000000001E-01    1.000000000000000E+00
    6.100000000000001E+00    8.250000000000001E-01    1.000000000000000E+00
    6.200000000000000E+00    8.250000000000001E-01    1.000000000000000E+00
    6.300000000000001E+00    8.250000000000001E-01    1.000000000000000E+00
    6.400000000000000E+00    8.250000000000001E-01    1.000000000000000E+00
    6.500000000000000E+00    8.250000000000001E-01    1.000000000000000E+00
    6.600000000000001E+00    8.250000000000001E-01    1.000000000000000E+00
    6.700000000000000E+00    8.250000000000001E-01    1.000000000000000E+00
    6.800000000000001E+00    8.250000000000001E-01    1.000000000000000E+00
    6.900000000000000E+00    8.250000000000001E-01    1.000000000000000E+00
    7.000000000000000E+00    8.250000000000001E-01    1.000000000000000E+00
    7.100000000000001E+00    8.250000000000001E-01    1.000000000000000E+00
    7.200000000000000E+00    8.250000000000001E-01    1.000000000000000E+00
    7.300000000000001E+00    8.250000000000001E-01    1.000000000000000E+00
    7.400000000000000E+00    8.250000000000001E-01    1.000000000000000E+00
    7.500000000000000E+00    8.250000000000001E-01    1.000000000000000E+00
    7.600000000000001E+00    8.250000000000001E-01    1.000000000000000E+00
    7.700000000000000E+00    8.250000000000001E-01    1.000000000000000E+00
    7.800000000000001E+00    8.250000000000001E-01    1.000000000000000E+00
    7.900000000000000E+00    8.250000000000001E-01    1.000000000000000E+00
    8.000000000000000E+00    8.250000000000001E-01    1.000000000000000E+00
    0.000000000000000E+00    8.500000000000001E-01    1.000000000000000E+00
    1.000000000000000E-01    8.500000000000001E-01    1.000000000000000E+00
    2.000000000000000E-01    8.500000000000001E-01    1.000000000000000E+00
    3.000000000000000E-01    8.500000000000001E-01    1.000000000000000E+00
    4.000000000000000E-01    8.500000000000001E-01    1.000000000000000E+00
    5.000000000000000E-01    8.500000000000001E-01    1.000000000000000E+00
    6.000000000000001E-01    8.500000000000001E-01    1.000000000000000E+00
    7.000000000000001E-01    8.500000000000001E-01    1.000000000000000E+00
    8.000000000000000E-01    8.500000000000001E-01    1.000000000000000E+00
    9.000000000000000E-01    8.500000000000001E-01    1.000000000000000E+00
    1.000000000000000E+00    8.500000000000001E-01    1.000000000000000E+00
    1.100000000000000E+00    8.500000000000001E-01    1.000000000000000E+00
    1.200000000000000E+00    8.500000000000001E-01    1.000000000000000E+00
    1.300000000000000E+00    8.500000000000001E-01    1.000000000000000E+00
    1.400000000000000E+00    8.500000000000001E-01    1.000000000000000E+00
    1.500000000000000E+00    8.500000000000001E-01    1.000000000000000E+00
    1.600000000000000E+00    8.500000000000001E-01    1.000000000000000E+00
    1.700000000000000E+00    8.500000000000001E-01    1.000000000000000E+00
    1.800000000000000E+00    8.500000000000001E-01    1.000000000000000E+00
    1.900000000000000E+00    8.500000000000001E-01    1.000000000000000E+00
    2.000000000000000E+00    8.500000000000001E-01    1.000000000000000E+00
    2.100000000000000E+00    8.500000000000001E-01    1.000000000000000E+00
    2.200000000000000E+00    8.500000000000001E-01    1.000000000000000E+00
    2.300000000000000E+00    8.500000000000001E-01    1.000000000000000E+00
    2.400000000000000E+00    8.500000000000001E-01    1.000000000000000E+00
    2.500000000000000E+00    8.500000000000001E-01    1.000000000000000E+00
    2.600000000000000E+00    8.500000000000001E-01    1.000000000000000E+00
    2.700000000000000E+00    8.500000000000001E-01    1.000000000000000E+00
    2.800000000000000E+00    8.500000000000001E-01    1.000000000000000E+00
    2.900000000000000E+00    8.500000000000001E-01    1.000000000000000E+00
    3.000000000000000E+00    8.500000000000001E-01    1.000000000000000E+00
    3.100000000000000E+00    8.500000000000001E-01    1.000000000000000E+00
    3.200000000000000E+00    8.500000000000001E-01    1.000000000000000E+00
    3.300000000000000E+00    8.500000000000001E-01    1.000000000000000E+00
    3.400000000000000E+00    8.500000000000001E-01    1.000000000000000E+00
    3.500000000000000E+00    8.500000000000001E-01    1.000000000000000E+00
    3.600000000000000E+00    8.500000000000001E-01    1.000000000000000E+00
    3.700000000000000E+00    8.500000000000001E-01    1.000000000000000E+00
    3.800000000000000E+00    8.500000000000001E-01    1.000000000000000E+00
    3.900000000000000E+00    8.500000000000001E-01    1.000000000000000E+00
    4.000000000000000E+00    8.500000000000001E-01    1.000000000000000E+00
    4.100000000000001E+00    8.500000000000001E-01    1.000000000000000E+00
    4.200000000000000E+00    8.500000000000001E-01    1.000000000000000E+00
    4.300000000000000E+00    8.500000000000001E-01    1.000000000000000E+00
    4.400000000000000E+00    8.500000000000001E-01    1.000000000000000E+00
    4.500000000000000E+00    8.500000000000001E-01    1.000000000000000E+00
    4.600000000000001E+00    8.500000000000001E-01    1.000000000000000E+00
    4.700000000000000E+00    8.500000000000001E-01    1.000000000000000E+00
    4.800000000000001E+00    8.500000000000001E-01    1.000000000000000E+00
    4.900000000000000E+00    8.500000000000001E-01    1.000000000000000E+00
    5.000000000000000E+00    8.500000000000001E-01    1.000000000000000E+00
    5.100000000000001E+00    8.500000000000001E-01    1.000000000000000E+00
    5.200000000000000E+00    8.500000000000001E-01    1.000000000000000E+00
    5.300000000000001E+00    8.500000000000001E-01    1.000000000000000E+00
    5.400000000000000E+00    8.500000000000001E-01    1.000000000000000E+00
    5.500000000000000E+00    8.500000000000001E-01    1.000000000000000E+00
    5.600000000000001E+00    8.500000000000001E-01    1.000000000000000E+00
    5.700000000000000E+00    8.500000000000001E-01    1.000000000000000E+00
    5.800000000000001E+00    8.500000000000001E-01    1.000000000000000E+00
    5.900000000000000E+00    8.500000000000001E-01    1.000000000000000E+00
    6.000000000000000E+00    8.500000000000001E-01    1.000000000000000E+00
    6.100000000000001E+00    8.500000000000001E-01    1.000000000000000E+00
    6.200000000000000E+00    8.500000000000001E-01    1.000000000000000E+00
    6.300000000000001E+00    8.500000000000001E-01    1.000000000000000E+00
    6.400000000000000E+00    8.500000000000001E-01    1.000000000000000E+00
    6.500000000000000E+00    8.500000000000001E-01    1.000000000000000E+00
    6.600000000000001E+00    8.500000000000001E-01    1.000000000000000E+00
    6.700000000000000E+00    8.500000000000001E-01    1.000000000000000E+00
    6.800000000000001E+00    8.500000000000001E-01    1.000000000000000E+00
    6.900000000000000E+00    8.500000000000001E-01    1.000000000000000E+00
    7.000000000000000E+00    8.500000000000001E-01    1.000000000000000E+00
    7.100000000000001E+00    8.500000000000001E-01    1.000000000000000E+00
    7.200000000000000E+00    8.500000000000001E-01    1.000000000000000E+00
    7.300000000000001E+00    8.500000000000001E-01    1.000000000000000E+00
    7.400000000000000E+00    8.500000000000001E-01    1.000000000000000E+00
    7.500000000000000E+00    8.500000000000001E-01    1.000000000000000E+00
    7.600000000000001E+00    8.500000000000001E-01    1.000000000000000E+00
    7.700000000000000E+00    8.500000000000001E-01    1.000000000000000E+00
    7.800000000000001E+00    8.500000000000001E-01    1.000000000000000E+00
    7.900000000000000E+00    8.500000000000001E-01    1.000000000000000E+00
    8.000000000000000E+00    8.500000000000001E-01    1.000000000000000E+00
    0.000000000000000E+00    8.750000000000000E-01    1.000000000000000E+00
    1.000000000000000E-01    8.750000000000000E-01    1.000000000000000E+00
    2.000000000000000E-01    8.750000000000000E-01    1.000000000000000E+00
    3.000000000000000E-01    8.750000000000000E-01    1.000000000000000E+00
    4.000000000000000E-01    8.750000000000000E-01    1.000000000000000E+00
    5.000000000000000E-01    8.750000000000000E-01    1.000000000000000E+00
    6.000000000000001E-01    8.750000000000000E-01    1.000000000000000E+00
    7.000000000000001E-01    8.750000000000000E-01    1.000000000000000E+00
    8.000000000000000E-01    8.750000000000000E-01    1.000000000000000E+00
    9.000000000000000E-01    8.750000000000000E-01    1.000000000000000E+00
    1.000000000000000E+00    8.750000000000000E-01    1.000000000000000E+00
    1.100000000000000E+00    8.750000000000000E-01    1.000000000000000E+00
    1.200000000000000E+00    8.750000000000000E-01    1.000000000000000E+00
    1.300000000000000E+00    8.750000000000000E-01    1.000000000000000E+00
    1.400000000000000E+00    8.750000000000000E-01    1.000000000000000E+00
    1.500000000000000E+00    8.750000000000000E-01    1.000000000000000E+00
    1.600000000000000E+00    8.750000000000000E-01    1.000000000000000E+00
    1.700000000000000E+00    8.750000000000000E-01    1.000000000000000E+00
    1.800000000000000E+00    8.750000000000000E-01    1.000000000000000E+00
    1.900000000000000E+00    8.750000000000000E-01    1.000000000000000E+00
    2.000000000000000E+00    8.750000000000000E-01    1.000000000000000E+00
    2.100000000000000E+00    8.750000000000000E-01    1.000000000000000E+00
    2.200000000000000E+00    8.750000000000000E-01    1.000000000000000E+00
    2.300000000000000E+00    8.750000000000000E-01    1.000000000000000E+00
    2.400000000000000E+00    8.750000000000000E-01    1.000000000000000E+00
    2.500000000000000E+00    8.750000000000000E-01    1.000000000000000E+00
    2.600000000000000E+00    8.750000000000000E-01    1.000000000000000E+00
    2.700000000000000E+00    8.750000000000000E-01    1.000000000000000E+00
    2.800000000000000E+00    8.750000000000000E-01    1.000000000000000E+00
    2.900000000000000E+00    8.750000000000000E-01    1.000000000000000E+00
    3.000000000000000E+00    8.750000000000000E-01    1.000000000000000E+00
    3.100000000000000E+00    8.750000000000000E-01    1.000000000000000E+00
    3.200000000000000E+00    8.750000000000000E-01    1.000000000000000E+00
    3.300000000000000E+00    8.750000000000000E-01    1.000000000000000E+00
    3.400000000000000E+00    8.750000000000000E-01    1.000000000000000E+00
    3.500000000000000E+00    8.750000000000000E-01    1.000000000000000E+00
    3.600000000000000E+00    8.750000000000000E-01    1.000000000000000E+00
    3.700000000000000E+00    8.750000000000000E-01    1.000000000000000E+00
    3.800000000000000E+00    8.750000000000000E-01    1.000000000000000E+00
    3.900000000000000E+00    8.750000000000000E-01    1.000000000000000E+00
    4.000000000000000E+00    8.750000000000000E-01    1.000000000000000E+00
    4.100000000000001E+00    8.750000000000000E-01    1.000000000000000E+00
    4.200000000000000E+00    8.750000000000000E-01    1.000000000000000E+00
    4.300000000000000E+00    8.750000000000000E-01    1.000000000000000E+00
    4.400000000000000E+00    8.750000000000000E-01    1.000000000000000E+00
    4.500000000000000E+00    8.750000000000000E-01    1.000000000000000E+00
    4.600000000000001E+00    8.750000000000000E-01    1.000000000000000E+00
    4.700000000000000E+00    8.750000000000000E-01    1.000000000000000E+00
    4.800000000000001E+00    8.750000000000000E-01    1.000000000000000E+00
    4.900000000000000E+00    8.750000000000000E-01    1.000000000000000E+00
    5.000000000000000E+00    8.750000000000000E-01    1.000000000000000E+00
    5.100000000000001E+00    8.750000000000000E-01    1.000000000000000E+00
    5.200000000000000E+00    8.750000000000000E-01    1.000000000000000E+00
    5.300000000000001E+00    8.750000000000000E-01    1.000000000000000E+00
    5.400000000000000E+00    8.750000000000000E-01    1.000000000000000E+00
    5.500000000000000E+00    8.750000000000000E-01    1.000000000000000E+00
    5.600000000000001E+00    8.750000000000000E-01    1.000000000000000E+00
    5.700000000000000E+00    8.750000000000000E-01    1.000000000000000E+00
    5.800000000000001E+00    8.750000000000000E-01    1.000000000000000E+00
    5.900000000000000E+00    8.750000000000000E-01    1.000000000000000E+00
    6.000000000000000E+00    8.750000000000000E-01    1.000000000000000E+00
    6.100000000000001E+00    8.750000000000000E-01    1.000000000000000E+00
    6.200000000000000E+00    8.750000000000000E-01    1.000000000000000E+00
    6.300000000000001E+00    8.750000000000000E-01    1.000000000000000E+00
    6.400000000000000E+00    8.750000000000000E-01    1.000000000000000E+00
    6.500000000000000E+00    8.750000000000000E-01    1.000000000000000E+00
    6.600000000000001E+00    8.750000000000000E-01    1.000000000000000E+00
    6.700000000000000E+00    8.750000000000000E-01    1.000000000000000E+00
    6.800000000000001E+00    8.750000000000000E-01    1.000000000000000E+00
    6.900000000000000E+00    8.750000000000000E-01    1.000000000000000E+00
    7.000000000000000E+00    8.750000000000000E-01    1.000000000000000E+00
    7.100000000000001E+00    8.750000000000000E-01    1.000000000000000E+00
    7.200000000000000E+00    8.750000000000000E-01    1.000000000000000E+00
    7.300000000000001E+00    8.750000000000000E-01    1.000000000000000E+00
    7.400000000000000E+00    8.750000000000000E-01    1.000000000000000E+00
    7.500000000000000E+00    8.750000000000000E-01    1.000000000000000E+00
    7.600000000000001E+00    8.750000000000000E-01    1.000000000000000E+00
    7.700000000000000E+00    8.750000000000000E-01    1.000000000000000E+00
    7.800000000000001E+00    8.750000000000000E-01    1.000000000000000E+00
    7.900000000000000E+00    8.750000000000000E-01    1.000000000000000E+00
    8.000000000000000E+00    8.750000000000000E-01    1.000000000000000E+00
    0.000000000000000E+00    9.000000000000000E-01    1.000000000000000E+00
    1.000000000000000E-01    9.000000000000000E-01    1.000000000000000E+00
    2.000000000000000E-01    9.000000000000000E-01    1.000000000000000E+00
    3.000000000000000E-01    9.000000000000000E-01    1.000000000000000E+00
    4.000000000000000E-01    9.000000000000000E-01    1.000000000000000E+00
    5.000000000000000E-01    9.000000000000000E-01    1.000000000000000E+00
    6.000000000000001E-01    9.000000000000000E-01    1.000000000000000E+00
    7.000000000000001E-01    9.000000000000000E-01    1.000000000000000E+00
    8.000000000000000E-01    9.000000000000000E-01    1.000000000000000E+00
    9.000000000000000E-01    9.000000000000000E-01    1.000000000000000E+00
    1.000000000000000E+00    9.000000000000000E-01    1.000000000000000E+00
    1.100000000000000E+00    9.000000000000000E-01    1.000000000000000E+00
    1.200000000000000E+00    9.000000000000000E-01    1.000000000000000E+00
    1.300000000000000E+00    9.000000000000000E-01    1.000000000000000E+00
    1.400000000000000E+00    9.000000000000000E-01    1.000000000000000E+00
    1.500000000000000E+00    9.000000000000000E-01    1.000000000000000E+00
    1.600000000000000E+00    9.000000000000000E-01    1.000000000000000E+00
    1.700000000000000E+00    9.000000000000000E-01    1.000000000000000E+00
    1.800000000000000E+00    9.000000000000000E-01    1.000000000000000E+00
    1.900000000000000E+00    9.000000000000000E-01    1.000000000000000E+00
    2.000000000000000E+00    9.000000000000000E-01    1.000000000000000E+00
    2.100000000000000E+00    9.000000000000000E-01    1.000000000000000E+00
    2.200000000000000E+00    9.000000000000000E-01    1.000000000000000E+00
    2.300000000000000E+00    9.000000000000000E-01    1.000000000000000E+00
    2.400000000000000E+00    9.000000000000000E-01    1.000000000000000E+00
    2.500000000000000E+00    9.000000000000000E-01    1.000000000000000E+00
    2.600000000000000E+00    9.000000000000000E-01    1.000000000000000E+00
    2.700000000000000E+00    9.000000000000000E-01    1.000000000000000E+00
    2.800000000000000E+00    9.000000000000000E-01    1.000000000000000E+00
    2.900000000000000E+00    9.000000000000000E-01    1.000000000000000E+00
    3.000000000000000E+00    9.000000000000000E-01    1.000000000000000E+00
    3.100000000000000E+00    9.000000000000000E-01    1.000000000000000E+00
    3.200000000000000E+00    9.000000000000000E-01    1.000000000000000E+00
    3.300000000000000E+00    9.000000000000000E-01    1.000000000000000E+00
    3.400000000000000E+00    9.000000000000000E-01    1.000000000000000E+00
    3.500000000000000E+00    9.000000000000000E-01    1.000000000000000E+00
    3.600000000000000E+00    9.000000000000000E-01    1.000000000000000E+00
    3.700000000000000E+00    9.000000000000000E-01    1.000000000000000E+00
    3.800000000000000E+00    9.000000000000000E-01    1.000000000000000E+00
    3.900000000000000E+00    9.000000000000000E-01    1.000000000000000E+00
    4.000000000000000E+00    9.000000000000000E-01    1.000000000000000E+00
    4.100000000000001E+00    9.000000000000000E-01    1.000000000000000E+00
    4.200000000000000E+00    9.000000000000000E-01    1.000000000000000E+00
    4.300000000000000E+00    9.000000000000000E-01    1.000000000000000E+00
    4.400000000000000E+00    9.000000000000000E-01    1.000000000000000E+00
    4.500000000000000E+00    9.000000000000000E-01    1.000000000000000E+00
    4.600000000000001E+00    9.000000000000000E-01    1.000000000000000E+00
    4.700000000000000E+00    9.000000000000000E-01    1.000000000000000E+00
    4.800000000000001E+00    9.000000000000000E-01    1.000000000000000E+00
    4.900000000000000E+00    9.000000000000000E-01    1.000000000000000E+00
    5.000000000000000E+00    9.000000000000000E-01    1.000000000000000E+00
    5.100000000000001E+00    9.000000000000000E-01    1.000000000000000E+00
    5.200000000000000E+00    9.000000000000000E-01    1.000000000000000E+00
    5.300000000000001E+00    9.000000000000000E-01    1.000000000000000E+00
    5.400000000000000E+00    9.000000000000000E-01    1.000000000000000E+00
    5.500000000000000E+00    9.000000000000000E-01    1.000000000000000E+00
    5.600000000000001E+00    9.000000000000000E-01    1.000000000000000E+00
    5.700000000000000E+00    9.000000000000000E-01    1.000000000000000E+00
    5.800000000000001E+00    9.000000000000000E-01    1.000000000000000E+00
    5.900000000000000E+00    9.000000000000000E-01    1.000000000000000E+00
    6.000000000000000E+00    9.000000000000000E-01    1.000000000000000E+00
    6.100000000000001E+00    9.000000000000000E-01    1.000000000000000E+00
    6.200000000000000E+00    9.000000000000000E-01    1.000000000000000E+00
    6.300000000000001E+00    9.000000000000000E-01    1.000000000000000E+00
    6.400000000000000E+00    9.000000000000000E-01    1.000000000000000E+00
    6.500000000000000E+00    9.000000000000000E-01    1.000000000000000E+00
    6.600000000000001E+00    9.000000000000000E-01    1.000000000000000E+00
    6.700000000000000E+00    9.000000000000000E-01    1.000000000000000E+00
    6.800000000000001E+00    9.000000000000000E-01    1.000000000000000E+00
    6.900000000000000E+00    9.000000000000000E-01    1.000000000000000E+00
    7.000000000000000E+00    9.000000000000000E-01    1.000000000000000E+00
    7.100000000000001E+00    9.000000000000000E-01    1.000000000000000E+00
    7.200000000000000E+00    9.000000000000000E-01    1.000000000000000E+00
    7.300000000000001E+00    9.000000000000000E-01    1.000000000000000E+00
    7.400000000000000E+00    9.000000000000000E-01    1.000000000000000E+00
    7.500000000000000E+00    9.000000000000000E-01    1.000000000000000E+00
    7.600000000000001E+00    9.000000000000000E-01    1.000000000000000E+00
    7.700000000000000E+00    9.000000000000000E-01    1.000000000000000E+00
    7.800000000000001E+00    9.000000000000000E-01    1.000000000000000E+00
    7.900000000000000E+00    9.000000000000000E-01    1.000000000000000E+00
    8.000000000000000E+00    9.000000000000000E-01    1.000000000000000E+00
    0.000000000000000E+00    9.250000000000000E-01    1.000000000000000E+00
    1.000000000000000E-01    9.250000000000000E-01    1.000000000000000E+00
    2.000000000000000E-01    9.250000000000000E-01    1.000000000000000E+00
    3.000000000000000E-01    9.250000000000000E-01    1.000000000000000E+00
    4.000000000000000E-01    9.250000000000000E-01    1.000000000000000E+00
    5.000000000000000E-01    9.250000000000000E-01    1.000000000000000E+00
    6.000000000000001E-01    9.250000000000000E-01    1.000000000000000E+00
    7.000000000000001E-01    9.250000000000000E-01    1.000000000000000E+00
    8.000000000000000E-01    9.250000000000000E-01    1.000000000000000E+00
    9.000000000000000E-01    9.250000000000000E-01    1.000000000000000E+00
    1.000000000000000E+00    9.250000000000000E-01    1.000000000000000E+00
    1.100000000000000E+00    9.250000000000000E-01    1.000000000000000E+00
    1.200000000000000E+00    9.250000000000000E-01    1.000000000000000E+00
    1.300000000000000E+00    9.250000000000000E-01    1.000000000000000E+00
    1.400000000000000E+00    9.250000000000000E-01    1.000000000000000E+00
    1.500000000000000E+00    9.250000000000000E-01    1.000000000000000E+00
    1.600000000000000E+00    9.250000000000000E-01    1.000000000000000E+00
    1.700000000000000E+00    9.250000000000000E-01    1.000000000000000E+00
    1.800000000000000E+00    9.250000000000000E-01    1.000000000000000E+00
    1.900000000000000E+00    9.250000000000000E-01    1.000000000000000E+00
    2.000000000000000E+00    9.250000000000000E-01    1.000000000000000E+00
    2.100000000000000E+00    9.250000000000000E-01    1.000000000000000E+00
    2.200000000000000E+00    9.250000000000000E-01    1.000000000000000E+00
    2.300000000000000E+00    9.250000000000000E-01    1.000000000000000E+00
    2.400000000000000E+00    9.250000000000000E-01    1.000000000000000E+00
    2.500000000000000E+00    9.250000000000000E-01    1.000000000000000E+00
    2.600000000000000E+00    9.250000000000000E-01    1.000000000000000E+00
    2.700000000000000E+00    9.250000000000000E-01    1.000000000000000E+00
    2.800000000000000E+00    9.250000000000000E-01    1.000000000000000E+00
    2.900000000000000E+00    9.250000000000000E-01    1.000000000000000E+00
    3.000000000000000E+00    9.250000000000000E-01    1.000000000000000E+00
    3.100000000000000E+00    9.250000000000000E-01    1.000000000000000E+00
    3.200000000000000E+00    9.250000000000000E-01    1.000000000000000E+00
    3.300000000000000E+00    9.250000000000000E-01    1.000000000000000E+00
    3.400000000000000E+00    9.250000000000000E-01    1.000000000000000E+00
    3.500000000000000E+00    9.250000000000000E-01    1.000000000000000E+00
    3.600000000000000E+00    9.250000000000000E-01    1.000000000000000E+00
    3.700000000000000E+00    9.250000000000000E-01    1.000000000000000E+00
    3.800000000000000E+00    9.250000000000000E-01    1.000000000000000E+00
    3.900000000000000E+00    9.250000000000000E-01    1.000000000000000E+00
    4.000000000000000E+00    9.250000000000000E-01    1.000000000000000E+00
    4.100000000000001E+00    9.250000000000000E-01    1.000000000000000E+00
    4.200000000000000E+00    9.250000000000000E-01    1.000000000000000E+00
    4.300000000000000E+00    9.250000000000000E-01    1.000000000000000E+00
    4.400000000000000E+00    9.250000000000000E-01    1.000000000000000E+00
    4.500000000000000E+00    9.250000000000000E-01    1.000000000000000E+00
    4.600000000000001E+00    9.250000000000000E-01    1.000000000000000E+00
    4.700000000000000E+00    9.250000000000000E-01    1.000000000000000E+00
    4.800000000000001E+00    9.250000000000000E-01    1.000000000000000E+00
    4.900000000000000E+00    9.250000000000000E-01    1.000000000000000E+00
    5.000000000000000E+00    9.250000000000000E-01    1.000000000000000E+00
    5.100000000000001E+00    9.250000000000000E-01    1.000000000000000E+00
    5.200000000000000E+00    9.250000000000000E-01    1.000000000000000E+00
    5.300000000000001E+00    9.250000000000000E-01    1.000000000000000E+00
    5.400000000000000E+00    9.250000000000000E-01    1.000000000000000E+00
    5.500000000000000E+00    9.250000000000000E-01    1.000000000000000E+00
    5.600000000000001E+00    9.250000000000000E-01    1.000000000000000E+00
    5.700000000000000E+00    9.250000000000000E-01    1.000000000000000E+00
    5.800000000000001E+00    9.250000000000000E-01    1.000000000000000E+00
    5.900000000000000E+00    9.250000000000000E-01    1.000000000000000E+00
    6.000000000000000E+00    9.250000000000000E-01    1.000000000000000E+00
    6.100000000000001E+00    9.250000000000000E-01    1.000000000000000E+00
    6.200000000000000E+00    9.250000000000000E-01    1.000000000000000E+00
    6.300000000000001E+00    9.250000000000000E-01    1.000000000000000E+00
    6.400000000000000E+00    9.250000000000000E-01    1.000000000000000E+00
    6.500000000000000E+00    9.250000000000000E-01    1.000000000000000E+00
    6.600000000000001E+00    9.250000000000000E-01    1.000000000000000E+00
    6.700000000000000E+00    9.250000000000000E-01    1.000000000000000E+00
    6.800000000000001E+00    9.250000000000000E-01    1.000000000000000E+00
    6.900000000000000E+00    9.250000000000000E-01    1.000000000000000E+00
    7.000000000000000E+00    9.250000000000000E-01    1.000000000000000E+00
    7.100000000000001E+00    9.250000000000000E-01    1.000000000000000E+00
    7.200000000000000E+00    9.250000000000000E-01    1.000000000000000E+00
    7.300000000000001E+00    9.250000000000000E-01    1.000000000000000E+00
    7.400000000000000E+00    9.250000000000000E-01    1.000000000000000E+00
    7.500000000000000E+00    9.250000000000000E-01    1.000000000000000E+00
    7.600000000000001E+00    9.250000000000000E-01    1.000000000000000E+00
    7.700000000000000E+00    9.250000000000000E-01    1.000000000000000E+00
    7.800000000000001E+00    9.250000000000000E-01    1.000000000000000E+00
    7.900000000000000E+00    9.250000000000000E-01    1.000000000000000E+00
    8.000000000000000E+00    9.250000000000000E-01    1.000000000000000E+00
    0.000000000000000E+00    9.500000000000001E-01    1.000000000000000E+00
    1.000000000000000E-01    9.500000000000001E-01    1.000000000000000E+00
    2.000000000000000E-01    9.500000000000001E-01    1.000000000000000E+00
    3.000000000000000E-01    9.500000000000001E-01    1.000000000000000E+00
    4.000000000000000E-01    9.500000000000001E-01    1.000000000000000E+00
    5.000000000000000E-01    9.500000000000001E-01    1.000000000000000E+00
    6.000000000000001E-01    9.500000000000001E-01    1.000000000000000E+00
    7.000000000000001E-01    9.500000000000001E-01    1.000000000000000E+00
    8.000000000000000E-01    9.500000000000001E-01    1.000000000000000E+00
    9.000000000000000E-01    9.500000000000001E-01    1.000000000000000E+00
    1.000000000000000E+00    9.500000000000001E-01    1.000000000000000E+00
    1.100000000000000E+00    9.500000000000001E-01    1.000000000000000E+00
    1.200000000000000E+00    9.500000000000001E-01    1.000000000000000E+00
    1.300000000000000E+00    9.500000000000001E-01    1.000000000000000E+00
    1.400000000000000E+00    9.500000000000001E-01    1.000000000000000E+00
    1.500000000000000E+00    9.500000000000001E-01    1.000000000000000E+00
    1.600000000000000E+00    9.500000000000001E-01    1.000000000000000E+00
    1.700000000000000E+00    9.500000000000001E-01    1.000000000000000E+00
    1.800000000000000E+00    9.500000000000001E-01    1.000000000000000E+00
    1.900000000000000E+00    9.500000000000001E-01    1.000000000000000E+00
    2.000000000000000E+00    9.500000000000001E-01    1.000000000000000E+00
    2.100000000000000E+00    9.500000000000001E-01    1.000000000000000E+00
    2.200000000000000E+00    9.500000000000001E-01    1.000000000000000E+00
    2.300000000000000E+00    9.500000000000001E-01    1.000000000000000E+00
    2.400000000000000E+00    9.500000000000001E-01    1.000000000000000E+00
    2.500000000000000E+00    9.500000000000001E-01    1.000000000000000E+00
    2.600000000000000E+00    9.500000000000001E-01    1.000000000000000E+00
    2.700000000000000E+00    9.500000000000001E-01    1.000000000000000E+00
    2.800000000000000E+00    9.500000000000001E-01    1.000000000000000E+00
    2.900000000000000E+00    9.500000000000001E-01    1.000000000000000E+00
    3.000000000000000E+00    9.500000000000001E-01    1.000000000000000E+00
    3.100000000000000E+00    9.500000000000001E-01    1.000000000000000E+00
    3.200000000000000E+00    9.500000000000001E-01    1.000000000000000E+00
    3.300000000000000E+00    9.500000000000001E-01    1.000000000000000E+00
    3.400000000000000E+00    9.500000000000001E-01    1.000000000000000E+00
    3.500000000000000E+00    9.500000000000001E-01    1.000000000000000E+00
    3.600000000000000E+00    9.500000000000001E-01    1.000000000000000E+00
    3.700000000000000E+00    9.500000000000001E-01    1.000000000000000E+00
    3.800000000000000E+00    9.500000000000001E-01    1.000000000000000E+00
    3.900000000000000E+00    9.500000000000001E-01    1.000000000000000E+00
    4.000000000000000E+00    9.500000000000001E-01    1.000000000000000E+00
    4.100000000000001E+00    9.500000000000001E-01    1.000000000000000E+00
    4.200000000000000E+00    9.500000000000001E-01    1.000000000000000E+00
    4.300000000000000E+00    9.500000000000001E-01    1.000000000000000E+00
    4.400000000000000E+00    9.500000000000001E-01    1.000000000000000E+00
    4.500000000000000E+00    9.500000000000001E-01    1.000000000000000E+00
    4.600000000000001E+00    9.500000000000001E-01    1.000000000000000E+00
    4.700000000000000E+00    9.500000000000001E-01    1.000000000000000E+00
    4.800000000000001E+00    9.500000000000001E-01    1.000000000000000E+00
    4.900000000000000E+00    9.500000000000001E-01    1.000000000000000E+00
    5.000000000000000E+00    9.500000000000001E-01    1.000000000000000E+00
    5.100000000000001E+00    9.500000000000001E-01    1.000000000000000E+00
    5.200000000000000E+00    9.500000000000001E-01    1.000000000000000E+00
    5.300000000000001E+00    9.500000000000001E-01    1.000000000000000E+00
    5.400000000000000E+00    9.500000000000001E-01    1.000000000000000E+00
    5.500000000000000E+00    9.500000000000001E-01    1.000000000000000E+00
    5.600000000000001E+00    9.500000000000001E-01    1.000000000000000E+00
    5.700000000000000E+00    9.500000000000001E-01    1.000000000000000E+00
    5.800000000000001E+00    9.500000000000001E-01    1.000000000000000E+00
    5.900000000000000E+00    9.500000000000001E-01    1.000000000000000E+00
    6.000000000000000E+00    9.500000000000001E-01    1.000000000000000E+00
    6.100000000000001E+00    9.500000000000001E-01    1.000000000000000E+00
    6.200000000000000E+00    9.500000000000001E-01    1.000000000000000E+00
    6.300000000000001E+00    9.500000000000001E-01    1.000000000000000E+00
    6.400000000000000E+00    9.500000000000001E-01    1.000000000000000E+00
    6.500000000000000E+00    9.500000000000001E-01    1.000000000000000E+00
    6.600000000000001E+00    9.500000000000001E-01    1.000000000000000E+00
    6.700000000000000E+00    9.500000000000001E-01    1.000000000000000E+00
    6.800000000000001E+00    9.500000000000001E-01    1.000000000000000E+00
    6.900000000000000E+00    9.500000000000001E-01    1.000000000000000E+00
    7.000000000000000E+00    9.500000000000001E-01    1.000000000000000E+00
    7.100000000000001E+00    9.500000000000001E-01    1.000000000000000E+00
    7.200000000000000E+00    9.500000000000001E-01    1.000000000000000E+00
    7.300000000000001E+00    9.500000000000001E-01    1.000000000000000E+00
    7.400000000000000E+00    9.500000000000001E-01    1.000000000000000E+00
    7.500000000000000E+00    9.500000000000001E-01    1.000000000000000E+00
    7.600000000000001E+00    9.500000000000001E-01    1.000000000000000E+00
    7.700000000000000E+00    9.500000000000001E-01    1.000000000000000E+00
    7.800000000000001E+00    9.500000000000001E-01    1.000000000000000E+00
    7.900000000000000E+00    9.500000000000001E-01    1.000000000000000E+00
    8.000000000000000E+00    9.500000000000001E-01    1.000000000000000E+00
    0.000000000000000E+00    9.750000000000001E-01    1.000000000000000E+00
    1.000000000000000E-01    9.750000000000001E-01    1.000000000000000E+00
    2.000000000000000E-01    9.750000000000001E-01    1.000000000000000E+00
    3.000000000000000E-01    9.750000000000001E-01    1.000000000000000E+00
    4.000000000000000E-01    9.750000000000001E-01    1.000000000000000E+00
    5.000000000000000E-01    9.750000000000001E-01    1.000000000000000E+00
    6.000000000000001E-01    9.750000000000001E-01    1.000000000000000E+00
    7.000000000000001E-01    9.750000000000001E-01    1.000000000000000E+00
    8.000000000000000E-01    9.750000000000001E-01    1.000000000000000E+00
    9.000000000000000E-01    9.750000000000001E-01    1.000000000000000E+00
    1.000000000000000E+00    9.750000000000001E-01    1.000000000000000E+00
    1.100000000000000E+00    9.750000000000001E-01    1.000000000000000E+00
    1.200000000000000E+00    9.750000000000001E-01    1.000000000000000E+00
    1.300000000000000E+00    9.750000000000001E-01    1.000000000000000E+00
    1.400000000000000E+00    9.750000000000001E-01    1.000000000000000E+00
    1.500000000000000E+00    9.750000000000001E-01    1.000000000000000E+00
    1.600000000000000E+00    9.750000000000001E-01    1.000000000000000E+00
    1.700000000000000E+00    9.750000000000001E-01    1.000000000000000E+00
    1.800000000000000E+00    9.750000000000001E-01    1.000000000000000E+00
    1.900000000000000E+00    9.750000000000001E-01    1.000000000000000E+00
    2.000000000000000E+00    9.750000000000001E-01    1.000000000000000E+00
    2.100000000000000E+00    9.750000000000001E-01    1.000000000000000E+00
    2.200000000000000E+00    9.750000000000001E-01    1.000000000000000E+00
    2.300000000000000E+00    9.750000000000001E-01    1.000000000000000E+00
    2.400000000000000E+00    9.750000000000001E-01    1.000000000000000E+00
    2.500000000000000E+00    9.750000000000001E-01    1.000000000000000E+00
    2.600000000000000E+00    9.750000000000001E-01    1.000000000000000E+00
    2.700000000000000E+00    9.750000000000001E-01    1.000000000000000E+00
    2.800000000000000E+00    9.750000000000001E-01    1.000000000000000E+00
    2.900000000000000E+00    9.750000000000001E-01    1.000000000000000E+00
    3.000000000000000E+00    9.750000000000001E-01    1.000000000000000E+00
    3.100000000000000E+00    9.750000000000001E-01    1.000000000000000E+00
    3.200000000000000E+00    9.750000000000001E-01    1.000000000000000E+00
    3.300000000000000E+00    9.750000000000001E-01    1.000000000000000E+00
    3.400000000000000E+00    9.750000000000001E-01    1.000000000000000E+00
    3.500000000000000E+00    9.750000000000001E-01    1.000000000000000E+00
    3.600000000000000E+00    9.750000000000001E-01    1.000000000000000E+00
    3.700000000000000E+00    9.750000000000001E-01    1.000000000000000E+00
    3.800000000000000E+00    9.750000000000001E-01    1.000000000000000E+00
    3.900000000000000E+00    9.750000000000001E-01    1.000000000000000E+00
    4.000000000000000E+00    9.750000000000001E-01    1.000000000000000E+00
    4.100000000000001E+00    9.750000000000001E-01    1.000000000000000E+00
    4.200000000000000E+00    9.750000000000001E-01    1.000000000000000E+00
    4.300000000000000E+00    9.750000000000001E-01    1.000000000000000E+00
    4.400000000000000E+00    9.750000000000001E-01    1.000000000000000E+00
    4.500000000000000E+00    9.750000000000001E-01    1.000000000000000E+00
    4.600000000000001E+00    9.750000000000001E-01    1.000000000000000E+00
    4.700000000000000E+00    9.750000000000001E-01    1.000000000000000E+00
    4.800000000000001E+00    9.750000000000001E-01    1.000000000000000E+00
    4.900000000000000E+00    9.750000000000001E-01    1.000000000000000E+00
    5.000000000000000E+00    9.750000000000001E-01    1.000000000000000E+00
    5.100000000000001E+00    9.750000000000001E-01    1.000000000000000E+00
    5.200000000000000E+00    9.750000000000001E-01    1.000000000000000E+00
    5.300000000000001E+00    9.750000000000001E-01    1.000000000000000E+00
    5.400000000000000E+00    9.750000000000001E-01    1.000000000000000E+00
    5.500000000000000E+00    9.750000000000001E-01    1.000000000000000E+00
    5.600000000000001E+00    9.750000000000001E-01    1.000000000000000E+00
    5.700000000000000E+00    9.750000000000001E-01    1.000000000000000E+00
    5.800000000000001E+00    9.750000000000001E-01    1.000000000000000E+00
    5.900000000000000E+00    9.750000000000001E-01    1.000000000000000E+00
    6.000000000000000E+00    9.750000000000001E-01    1.000000000000000E+00
    6.100000000000001E+00    9.750000000000001E-01    1.000000000000000E+00
    6.200000000000000E+00    9.750000000000001E-01    1.000000000000000E+00
    6.300000000000001E+00    9.750000000000001E-01    1.000000000000000E+00
    6.400000000000000E+00    9.750000000000001E-01    1.000000000000000E+00
    6.500000000000000E+00    9.750000000000001E-01    1.000000000000000E+00
    6.600000000000001E+00    9.750000000000001E-01    1.000000000000000E+00
    6.700000000000000E+00    9.750000000000001E-01    1.000000000000000E+00
    6.800000000000001E+00    9.750000000000001E-01    1.000000000000000E+00
    6.900000000000000E+00    9.750000000000001E-01    1.000000000000000E+00
    7.000000000000000E+00    9.750000000000001E-01    1.000000000000000E+00
    7.100000000000001E+00    9.750000000000001E-01    1.000000000000000E+00
    7.200000000000000E+00    9.750000000000001E-01    1.000000000000000E+00
    7.300000000000001E+00    9.750000000000001E-01    1.000000000000000E+00
    7.400000000000000E+00    9.750000000000001E-01    1.000000000000000E+00
    7.500000000000000E+00    9.750000000000001E-01    1.000000000000000E+00
    7.600000000000001E+00    9.750000000000001E-01    1.000000000000000E+00
    7.700000000000000E+00    9.750000000000001E-01    1.000000000000000E+00
    7.800000000000001E+00    9.750000000000001E-01    1.000000000000000E+00
    7.900000000000000E+00    9.750000000000001E-01    1.000000000000000E+00
    8.000000000000000E+00    9.750000000000001E-01    1.000000000000000E+00
    0.000000000000000E+00    1.000000000000000E+00    1.000000000000000E+00
    1.000000000000000E-01    1.000000000000000E+00    1.000000000000000E+00
    2.000000000000000E-01    1.000000000000000E+00    1.000000000000000E+00
    3.000000000000000E-01    1.000000000000000E+00    1.000000000000000E+00
    4.000000000000000E-01    1.000000000000000E+00    1.000000000000000E+00
    5.000000000000000E-01    1.000000000000000E+00    1.000000000000000E+00
    6.000000000000001E-01    1.000000000000000E+00    1.000000000000000E+00
    7.000000000000001E-01    1.000000000000000E+00    1.000000000000000E+00
    8.000000000000000E-01    1.000000000000000E+00    1.000000000000000E+00
    9.000000000000000E-01    1.000000000000000E+00    1.000000000000000E+00
    1.000000000000000E+00    1.000000000000000E+00    1.000000000000000E+00
    1.100000000000000E+00    1.000000000000000E+00    1.000000000000000E+00
    1.200000000000000E+00    1.000000000000000E+00    1.000000000000000E+00
    1.300000000000000E+00    1.000000000000000E+00    1.000000000000000E+00
    1.400000000000000E+00    1.000000000000000E+00    1.000000000000000E+00
    1.500000000000000E+00    1.000000000000000E+00    1.000000000000000E+00
    1.600000000000000E+00    1.000000000000000E+00    1.000000000000000E+00
    1.700000000000000E+00    1.000000000000000E+00    1.000000000000000E+00
    1.800000000000000E+00    1.000000000000000E+00    1.000000000000000E+00
    1.900000000000000E+00    1.000000000000000E+00    1.000000000000000E+00
    2.000000000000000E+00    1.000000000000000E+00    1.000000000000000E+00
    2.100000000000000E+00    1.000000000000000E+00    1.000000000000000E+00
    2.200000000000000E+00    1.000000000000000E+00    1.000000000000000E+00
    2.300000000000000E+00    1.000000000000000E+00    1.000000000000000E+00
    2.400000000000000E+00    1.000000000000000E+00    1.000000000000000E+00
    2.500000000000000E+00    1.000000000000000E+00    1.000000000000000E+00
    2.600000000000000E+00    1.000000000000000E+00    1.000000000000000E+00
    2.700000000000000E+00    1.000000000000000E+00    1.000000000000000E+00
    2.800000000000000E+00    1.000000000000000E+00    1.000000000000000E+00
    2.900000000000000E+00    1.000000000000000E+00    1.000000000000000E+00
    3.000000000000000E+00    1.000000000000000E+00    1.000000000000000E+00
    3.100000000000000E+00    1.000000000000000E+00    1.000000000000000E+00
    3.200000000000000E+00    1.000000000000000E+00    1.000000000000000E+00
    3.300000000000000E+00    1.000000000000000E+00    1.000000000000000E+00
    3.400000000000000E+00    1.000000000000000E+00    1.000000000000000E+00
    3.500000000000000E+00    1.000000000000000E+00    1.000000000000000E+00
    3.600000000000000E+00    1.000000000000000E+00    1.000000000000000E+00
    3.700000000000000E+00    1.000000000000000E+00    1.000000000000000E+00
    3.800000000000000E+00    1.000000000000000E+00    1.000000000000000E+00
    3.900000000000000E+00    1.000000000000000E+00    1.000000000000000E+00
    4.000000000000000E+00    1.000000000000000E+00    1.000000000000000E+00
    4.100000000000001E+00    1.000000000000000E+00    1.000000000000000E+00
    4.200000000000000E+00    1.000000000000000E+00    1.000000000000000E+00
    4.300000000000000E+00    1.000000000000000E+00    1.000000000000000E+00
    4.400000000000000E+00    1.000000000000000E+00    1.000000000000000E+00
    4.500000000000000E+00    1.000000000000000E+00    1.000000000000000E+00
    4.600000000000001E+00    1.000000000000000E+00    1.000000000000000E+00
    4.700000000000000E+00    1.000000000000000E+00    1.000000000000000E+00
    4.800000000000001E+00    1.000000000000000E+00    1.000000000000000E+00
    4.900000000000000E+00    1.000000000000000E+00    1.000000000000000E+00
    5.000000000000000E+00    1.000000000000000E+00    1.000000000000000E+00
    5.100000000000001E+00    1.000000000000000E+00    1.000000000000000E+00
    5.200000000000000E+00    1.000000000000000E+00    1.000000000000000E+00
    5.300000000000001E+00    1.000000000000000E+00    1.000000000000000E+00
    5.400000000000000E+00    1.000000000000000E+00    1.000000000000000E+00
    5.500000000000000E+00    1.000000000000000E+00    1.000000000000000E+00
    5.600000000000001E+00    1.000000000000000E+00    1.000000000000000E+00
    5.700000000000000E+00    1.000000000000000E+00    1.000000000000000E+00
    5.800000000000001E+00    1.000000000000000E+00    1.000000000000000E+00
    5.900000000000000E+00    1.000000000000000E+00    1.000000000000000E+00
    6.000000000000000E+00    1.000000000000000E+00    1.000000000000000E+00
    6.100000000000001E+00    1.000000000000000E+00    1.000000000000000E+00
    6.200000000000000E+00    1.000000000000000E+00    1.000000000000000E+00
    6.300000000000001E+00    1.000000000000000E+00    1.000000000000000E+00
    6.400000000000000E+00    1.000000000000000E+00    1.000000000000000E+00
    6.500000000000000E+00    1.000000000000000E+00    1.000000000000000E+00
    6.600000000000001E+00    1.000000000000000E+00    1.000000000000000E+00
    6.700000000000000E+00    1.000000000000000E+00    1.000000000000000E+00
    6.800000000000001E+00    1.000000000000000E+00    1.000000000000000E+00
    6.900000000000000E+00    1.000000000000000E+00    1.000000000000000E+00
    7.000000000000000E+00    1.000000000000000E+00    1.000000000000000E+00
    7.100000000000001E+00    1.000000000000000E+00    1.000000000000000E+00
    7.200000000000000E+00    1.000000000000000E+00    1.000000000000000E+00
    7.300000000000001E+00    1.000000000000000E+00    1.000000000000000E+00
    7.400000000000000E+00    1.000000000000000E+00    1.000000000000000E+00
    7.500000000000000E+00    1.000000000000000E+00    1.000000000000000E+00
    7.600000000000001E+00    1.000000000000000E+00    1.000000000000000E+00
    7.700000000000000E+00    1.000000000000000E+00    1.000000000000000E+00
    7.800000000000001E+00    1.000000000000000E+00    1.000000000000000E+00
    7.900000000000000E+00    1.000000000000000E+00    1.000000000000000E+00
    8.000000000000000E+00    1.000000000000000E+00    1.000000000000000E+00
CELL_DATA         3200
SCALARS density double 1
LOOKUP_TABLE default
    1.000000000000000E+00
    1.000000000000000E+00
    1.000000000000000E+00
    1.000000000000000E+00
    1.000000000000000E+00
    1.000000000000000E+00
    1.000000000000000E+00
    1.000000000000000E+00
    1.000000000000000E+00
    1.000000000000000E+00
    1.000000000000000E+00
    1.000000000000000E+00
    1.000000000000000E+00
    1.000000000000000E+00
    1.000000000000000E+00
    1.000000000000000E+00
    1.000000000000000E+00
    1.000000000000000E+00
    1.000000000000000E+00
    1.000000000000000E+00
    1.000000000000000E+00
    1.000000000000000E+00
    1.000000000000000E+00
    1.000000000000000E+00
    1.000000000000000E+00
    1.000000000000000E+00
    1.000000000000000E+00
    1.000000000000000E+00
    1.000000000000000E+00
    1.000000000000000E+00
    1.000000000000000E+00
    1.000000000000000E+00
    1.000000000000000E+00
    1.000000000000000E+00
    1.000000000000000E+00
    1.000000000000000E+00
    1.000000000000000E+00
    1.000000000000000E+00
    1.000000000000000E+00
    1.000000000000000E+00
    1.000000000000000E+00
    1.000000000000000E+00
    1.000000000000000E+00
    1.000000000000000E+00
    1.000000000000000E+00
    1.000000000000000E+00
    1.000000000000000E+00
    1.000000000000000E+00
    1.000000000000000E+00
    1.000000000000000E+00
    1.000000000000000E+00
    1.000000000000000E+00
    1.000000000000000E+00
    1.000000000000000E+00
    1.000000000000000E+00
    1.000000000000000E+00
    1.000000000000000E+00
    1.000000000000000E+00
    1.000000000000000E+00
    1.000000000000000E+00
    1.000000000000000E+00
    1.000000000000000E+00
    1.000000000000000E+00
    1.000000000000000E+00
    1.000000000000000E+00
    1.000000000000000E+00
    1.000000000000000E+00
    1.000000000000000E+00
    1.000000000000000E+00
    1.000000000000000E+00
    1.000000000000000E+00
    1.000000000000000E+00
    1.000000000000000E+00
    1.000000000000000E+00
    1.000000000000000E+00
    1.000000000000000E+00
    1.000000000000000E+00
    1.000000000000000E+00
    1.000000000000000E+00
    1.000000000000000E+00
    1.000000000000000E+00
    1.000000000000000E+00
    1.000000000000000E+00
    1.000000000000000E+00
    1.000000000000000E+00
    1.000000000000000E+00
    1.000000000000000E+00
    1.000000000000000E+00
    1.000000000000000E+00
    1.000000000000000E+00
    1.000000000000000E+00
    1.000000000000000E+00
    1.000000000000000E+00
    1.000000000000000E+00
    1.000000000000000E+00
    1.000000000000000E+00
    1.000000000000000E+00
    1.000000000000000E+00
    1.000000000000000E+00
    1.000000000000000E+00
    1.000000000000000E+00
    1.000000000000000E+00
    1.000000000000000E+00
    1.000000000000000E+00
    1.000000000000000E+00
    1.000000000000000E+00
    1.000000000000000E+00
    1.000000000000000E+00
    1.000000000000000E+00
    1.000000000000000E+00
    1.000000000000000E+00
    1.000000000000000E+00
    1.000000000000000E+00
    1.000000000000000E+00
    1.000000000000000E+00
    1.000000000000000E+00
    1.000000000000000E+00
    1.000000000000000E+00
    1.000000000000000E+00
    1.000000000000000E+00
    1.000000000000000E+00
    1.000000000000000E+00
    1.000000000000000E+00
    1.000000000000000E+00
    1.000000000000000E+00
    1.000000000000000E+00
    1.000000000000000E+00
    1.000000000000000E+00
    1.000000000000000E+00
    1.000000000000000E+00
    1.000000000000000E+00
    1.000000000000000E+00
    1.000000000000000E+00
    1.000000000000000E+00
    1.000000000000000E+00
    1.000000000000000E+00
    1.000000000000000E+00
    1.000000000000000E+00
    1.000000000000000E+00
    1.000000000000000E+00
    1.000000000000000E+00
    1.000000000000000E+00
    1.000000000000000E+00
    1.000000000000000E+00
    1.000000000000000E+00
    1.000000000000000E+00
    1.000000000000000E+00
    1.000000000000000E+00
    1.000000000000000E+00
    1.000000000000000E+00
    1.000000000000000E+00
    1.000000000000000E+00
    1.000000000000000E+00
    1.000000000000000E+00
    1.000000000000000E+00
    1.000000000000000E+00
    1.000000000000000E+00
    1.000000000000000E+00
    1.000000000000000E+00
    1.000000000000000E+00
    1.000000000000000E+00
    1.000000000000000E+00
    1.000000000000000E+00
    1.000000000000000E+00
    1.000000000000000E+00
    1.000000000000000E+00
    1.000000000000000E+00
    1.000000000000000E+00
    1.000000000000000E+00
    1.000000000000000E+00
    1.000000000000000E+00
    1.000000000000000E+00
    1.000000000000000E+00
    1.000000000000000E+00
    1.000000000000000E+00
    1.000000000000000E+00
    1.000000000000000E+00
    1.000000000000000E+00
    1.000000000000000E+00
    1.000000000000000E+00
    1.000000000000000E+00
    1.000000000000000E+00
    1.000000000000000E+00
    1.000000000000000E+00
    1.000000000000000E+00
    1.000000000000000E+00
    1.000000000000000E+00
    1.000000000000000E+00
    1.000000000000000E+00
    1.000000000000000E+00
    1.000000000000000E+00
    1.000000000000000E+00
    1.000000000000000E+00
    1.000000000000000E+00
    1.000000000000000E+00
    1.000000000000000E+00
    1.000000000000000E+00
    1.000000000000000E+00
    1.000000000000000E+00
    1.000000000000000E+00
    1.000000000000000E+00
    1.000000000000000E+00
    1.000000000000000E+00
    1.000000000000000E+00
    1.000000000000000E+00
    1.000000000000000E+00
    1.000000000000000E+00
    1.000000000000000E+00
    1.000000000000000E+00
    1.000000000000000E+00
    1.000000000000000E+00
    1.000000000000000E+00
    1.000000000000000E+00
    1.000000000000000E+00
    1.000000000000000E+00
    1.000000000000000E+00
    1.000000000000000E+00
    1.000000000000000E+00
    1.000000000000000E+00
    1.000000000000000E+00
    1.000000000000000E+00
    1.000000000000000E+00
    1.000000000000000E+00
    1.000000000000000E+00
    1.000000000000000E+00
    1.000000000000000E+00
    1.000000000000000E+00
    1.000000000000000E+00
    1.000000000000000E+00
    1.000000000000000E+00
    1.000000000000000E+00
    1.000000000000000E+00
    1.000000000000000E+00
    1.000000000000000E+00
    1.000000000000000E+00
    1.000000000000000E+00
    1.000000000000000E+00
    1.000000000000000E+00
    1.000000000000000E+00
    1.000000000000000E+00
    1.000000000000000E+00
    1.000000000000000E+00
    1.000000000000000E+00
    1.000000000000000E+00
    1.000000000000000E+00
    1.000000000000000E+00
    1.000000000000000E+00
    1.000000000000000E+00
    1.000000000000000E+00
    1.000000000000000E+00
    1.000000000000000E+00
    1.000000000000000E+00
    1.000000000000000E+00
    1.000000000000000E+00
    1.000000000000000E+00
    1.000000000000000E+00
    1.000000000000000E+00
    1.000000000000000E+00
    1.000000000000000E+00
    1.000000000000000E+00
    1.000000000000000E+00
    1.000000000000000E+00
    1.000000000000000E+00
    1.000000000000000E+00
    1.000000000000000E+00
    1.000000000000000E+00
    1.000000000000000E+00
    1.000000000000000E+00
    1.000000000000000E+00
    1.000000000000000E+00
    1.000000000000000E+00
    1.000000000000000E+00
    1.000000000000000E+00
    1.000000000000000E+00
    1.000000000000000E+00
    1.000000000000000E+00
    1.000000000000000E+00
    1.000000000000000E+00
    1.000000000000000E+00
    1.000000000000000E+00
    1.000000000000000E+00
    1.000000000000000E+00
    1.000000000000000E+00
    1.000000000000000E+00
    1.000000000000000E+00
    1.000000000000000E+00
    1.000000000000000E+00
    1.000000000000000E+00
    1.000000000000000E+00
    1.000000000000000E+00
    1.000000000000000E+00
    1.000000000000000E+00
    1.000000000000000E+00
    1.000000000000000E+00
    1.000000000000000E+00
    1.000000000000000E+00
    1.000000000000000E+00
    1.000000000000000E+00
    1.000000000000000E+00
    1.000000000000000E+00
    1.000000000000000E+00
    1.000000000000000E+00
    1.000000000000000E+00
    1.000000000000000E+00
    1.000000000000000E+00
    1.000000000000000E+00
    1.000000000000000E+00
    1.000000000000000E+00
    1.000000000000000E+00
    1.000000000000000E+00
    1.000000000000000E+00
    1.000000000000000E+00
    1.000000000000000E+00
    1.000000000000000E+00
    1.000000000000000E+00
    1.000000000000000E+00
    1.000000000000000E+00
    1.000000000000000E+00
    1.000000000000000E+00
    1.000000000000000E+00
    1.000000000000000E+00
    1.000000000000000E+00
    1.000000000000000E+00
    1.000000000000000E+00
    1.000000000000000E+00
    1.000000000000000E+00
    1.000000000000000E+00
    1.000000000000000E+00
    1.000000000000000E+00
    1.000000000000000E+00
    1.000000000000000E+00
    1.000000000000000E+00
    1.000000000000000E+00
    1.000000000000000E+00
    1.000000000000000E+00
    1.000000000000000E+00
    1.000000000000000E+00
    1.000000000000000E+00
    1.000000000000000E+00
    1.000000000000000E+00
    1.000000000000000E+00
    1.000000000000000E+00
    1.000000000000000E+00
    1.000000000000000E+00
    1.000000000000000E+00
    1.000000000000000E+00
    1.000000000000000E+00
    1.000000000000000E+00
    1.000000000000000E+00
    1.000000000000000E+00
    1.000000000000000E+00
    1.000000000000000E+00
    1.000000000000000E+00
    1.000000000000000E+00
    1.000000000000000E+00
    1.000000000000000E+00
    1.000000000000000E+00
    1.000000000000000E+00
    1.000000000000000E+00
    1.000000000000000E+00
    1.000000000000000E+00
    1.000000000000000E+00
    1.000000000000000E+00
    1.000000000000000E+00
    1.000000000000000E+00
    1.000000000000000E+00
    1.000000000000000E+00
    1.000000000000000E+00
    1.000000000000000E+00
    1.000000000000000E+00
    1.000000000000000E+00
    1.000000000000000E+00
    1.000000000000000E+00
    1.000000000000000E+00
    1.000000000000000E+00
    1.000000000000000E+00
    1.000000000000000E+00
    1.000000000000000E+00
    1.000000000000000E+00
    1.000000000000000E+00
    1.000000000000000E+00
    1.000000000000000E+00
    1.000000000000000E+00
    1.000000000000000E+00
    1.000000000000000E+00
    1.000000000000000E+00
    1.000000000000000E+00
    1.000000000000000E+00
    1.000000000000000E+00
    1.000000000000000E+00
    1.000000000000000E+00
    1.000000000000000E+00
    1.000000000000000E+00
    1.000000000000000E+00
    1.000000000000000E+00
    1.000000000000000E+00
    1.000000000000000E+00
    1.000000000000000E+00
    1.000000000000000E+00
    1.000000000000000E+00
    1.000000000000000E+00
    1.000000000000000E+00
    1.000000000000000E+00
    1.000000000000000E+00
    1.000000000000000E+00
    1.000000000000000E+00
    1.000000000000000E+00
    1.000000000000000E+00
    1.000000000000000E+00
    1.000000000000000E+00
    1.000000000000000E+00
    1.000000000000000E+00
    1.000000000000000E+00
    1.000000000000000E+00
    1.000000000000000E+00
    1.000000000000000E+00
    1.000000000000000E+00
    1.000000000000000E+00
    1.000000000000000E+00
    1.000000000000000E+00
    1.000000000000000E+00
    1.000000000000000E+00
    1.000000000000000E+00
    1.000000000000000E+00
    1.000000000000000E+00
    1.000000000000000E+00
    1.000000000000000E+00
    1.000000000000000E+00
    1.000000000000000E+00
    1.000000000000000E+00
    1.000000000000000E+00
    1.000000000000000E+00
    1.000000000000000E+00
    1.000000000000000E+00
    1.000000000000000E+00
    1.000000000000000E+00
    1.000000000000000E+00
    1.000000000000000E+00
    1.000000000000000E+00
    1.000000000000000E+00
    1.000000000000000E+00
    1.000000000000000E+00
    1.000000000000000E+00
    1.000000000000000E+00
    1.000000000000000E+00
    1.000000000000000E+00
    1.000000000000000E+00
    1.000000000000000E+00
    1.000000000000000E+00
    1.000000000000000E+00
    1.000000000000000E+00
    1.000000000000000E+00
    1.000000000000000E+00
    1.000000000000000E+00
    1.000000000000000E+00
    1.000000000000000E+00
    1.000000000000000E+00
    1.000000000000000E+00
    1.000000000000000E+00
    1.000000000000000E+00
    1.000000000000000E+00
    1.000000000000000E+00
    1.000000000000000E+00
    1.000000000000000E+00
    1.000000000000000E+00
    1.000000000000000E+00
    1.000000000000000E+00
    1.000000000000000E+00
    1.000000000000000E+00
    1.000000000000000E+00
    1.000000000000000E+00
    1.000000000000000E+00
    1.000000000000000E+00
    1.000000000000000E+00
    1.000000000000000E+00
    1.000000000000000E+00
    1.000000000000000E+00
    1.000000000000000E+00
    1.000000000000000E+00
    1.000000000000000E+00
    1.000000000000000E+00
    1.000000000000000E+00
    1.000000000000000E+00
    1.000000000000000E+00
    1.000000000000000E+00
    1.000000000000000E+00
    1.000000000000000E+00
    1.000000000000000E+00
    1.000000000000000E+00
    1.000000000000000E+00
    1.000000000000000E+00
    1.000000000000000E+00
    1.000000000000000E+00
    1.000000000000000E+00
    1.000000000000000E+00
    1.000000000000000E+00
    1.000000000000000E+00
    1.000000000000000E+00
    1.000000000000000E+00
    1.000000000000000E+00
    1.000000000000000E+00
    1.000000000000000E+00
    1.000000000000000E+00
    1.000000000000000E+00
    1.000000000000000E+00
    1.000000000000000E+00
    1.000000000000000E+00
    1.000000000000000E+00
    1.000000000000000E+00
    1.000000000000000E+00
    1.000000000000000E+00
    1.000000000000000E+00
    1.000000000000000E+00
    1.000000000000000E+00
    1.000000000000000E+00
    1.000000000000000E+00
    1.000000000000000E+00
    1.000000000000000E+00
    1.000000000000000E+00
    1.000000000000000E+00
    1.000000000000000E+00
    1.000000000000000E+00
    1.000000000000000E+00
    1.000000000000000E+00
    1.000000000000000E+00
    1.000000000000000E+00
    1.000000000000000E+00
    1.000000000000000E+00
    1.000000000000000E+00
    1.000000000000000E+00
    1.000000000000000E+00
    1.000000000000000E+00
    1.000000000000000E+00
    1.000000000000000E+00
    1.000000000000000E+00
    1.000000000000000E+00
    1.000000000000000E+00
    1.000000000000000E+00
    1.000000000000000E+00
    1.000000000000000E+00
    1.000000000000000E+00
    1.000000000000000E+00
    1.000000000000000E+00
    1.000000000000000E+00
    1.000000000000000E+00
    1.000000000000000E+00
    1.000000000000000E+00
    1.000000000000000E+00
    1.000000000000000E+00
    1.000000000000000E+00
    1.000000000000000E+00
    1.000000000000000E+00
    1.000000000000000E+00
    1.000000000000000E+00
    1.000000000000000E+00
    1.000000000000000E+00
    1.000000000000000E+00
    1.000000000000000E+00
    1.000000000000000E+00
    1.000000000000000E+00
    1.000000000000000E+00
    1.000000000000000E+00
    1.000000000000000E+00
    1.000000000000000E+00
    1.000000000000000E+00
    1.000000000000000E+00
    1.000000000000000E+00
    1.000000000000000E+00
    1.000000000000000E+00
    1.000000000000000E+00
    1.000000000000000E+00
    1.000000000000000E+00
    1.000000000000000E+00
    1.000000000000000E+00
    1.000000000000000E+00
    1.000000000000000E+00
    1.000000000000000E+00
    1.000000000000000E+00
    1.000000000000000E+00
    1.000000000000000E+00
    1.000000000000000E+00
    1.000000000000000E+00
    1.000000000000000E+00
    1.000000000000000E+00
    1.000000000000000E+00
    1.000000000000000E+00
    1.000000000000000E+00
    1.000000000000000E+00
    1.000000000000000E+00
    1.000000000000000E+00
    1.000000000000000E+00
    1.000000000000000E+00
    1.000000000000000E+00
    1.000000000000000E+00
    1.000000000000000E+00
    1.000000000000000E+00
    1.000000000000000E+00
    1.000000000000000E+00
    1.000000000000000E+00
    1.000000000000000E+00
    1.000000000000000E+00
    1.000000000000000E+00
    1.000000000000000E+00
    1.000000000000000E+00
    1.000000000000000E+00
    1.000000000000000E+00
    1.000000000000000E+00
    1.000000000000000E+00
    1.000000000000000E+00
    1.000000000000000E+00
    1.000000000000000E+00
    1.000000000000000E+00
    1.000000000000000E+00
    1.000000000000000E+00
    1.000000000000000E+00
    1.000000000000000E+00
    1.000000000000000E+00
    1.000000000000000E+00
    1.000000000000000E+00
    1.000000000000000E+00
    1.000000000000000E+00
    1.000000000000000E+00
    1.000000000000000E+00
    1.000000000000000E+00
    1.000000000000000E+00
    1.000000000000000E+00
    1.000000000000000E+00
    1.000000000000000E+00
    1.000000000000000E+00
    1.000000000000000E+00
    1.000000000000000E+00
    1.000000000000000E+00
    1.000000000000000E+00
    1.000000000000000E+00
    1.000000000000000E+00
    1.000000000000000E+00
    1.000000000000000E+00
    1.000000000000000E+00
    1.000000000000000E+00
    1.000000000000000E+00
    1.000000000000000E+00
    1.000000000000000E+00
    1.000000000000000E+00
    1.000000000000000E+00
    1.000000000000000E+00
    1.000000000000000E+00
    1.000000000000000E+00
    1.000000000000000E+00
    1.000000000000000E+00
    1.000000000000000E+00
    1.000000000000000E+00
    1.000000000000000E+00
    1.000000000000000E+00
    1.000000000000000E+00
    1.000000000000000E+00
    1.000000000000000E+00
    1.000000000000000E+00
    1.000000000000000E+00
    1.000000000000000E+00
    1.000000000000000E+00
    1.000000000000000E+00
    1.000000000000000E+00
    1.000000000000000E+00
    1.000000000000000E+00
    1.000000000000000E+00
    1.000000000000000E+00
    1.000000000000000E+00
    1.000000000000000E+00
    1.000000000000000E+00
    1.000000000000000E+00
    1.000000000000000E+00
    1.000000000000000E+00
    1.000000000000000E+00
    1.000000000000000E+00
    1.000000000000000E+00
    1.000000000000000E+00
    1.000000000000000E+00
    1.000000000000000E+00
    1.000000000000000E+00
    1.000000000000000E+00
    1.000000000000000E+00
    1.000000000000000E+00
    1.000000000000000E+00
    1.000000000000000E+00
    1.000000000000000E+00
    1.000000000000000E+00
    1.000000000000000E+00
    1.000000000000000E+00
    1.000000000000000E+00
    1.000000000000000E+00
    1.000000000000000E+00
    1.000000000000000E+00
    1.000000000000000E+00
    1.000000000000000E+00
    1.000000000000000E+00
    1.000000000000000E+00
    1.000000000000000E+00
    1.000000000000000E+00
    1.000000000000000E+00
    1.000000000000000E+00
    1.000000000000000E+00
    1.000000000000000E+00
    1.000000000000000E+00
    1.000000000000000E+00
    1.000000000000000E+00
    1.000000000000000E+00
    1.000000000000000E+00
    1.000000000000000E+00
    1.000000000000000E+00
    1.000000000000000E+00
    1.000000000000000E+00
    1.000000000000000E+00
    1.000000000000000E+00
    1.000000000000000E+00
    1.000000000000000E+00
    1.000000000000000E+00
    1.000000000000000E+00
    1.000000000000000E+00
    1.000000000000000E+00
    1.000000000000000E+00
    1.000000000000000E+00
    1.000000000000000E+00
    1.000000000000000E+00
    1.000000000000000E+00
    1.000000000000000E+00
    1.000000000000000E+00
    1.000000000000000E+00
    1.000000000000000E+00
    1.000000000000000E+00
    1.000000000000000E+00
    1.000000000000000E+00
    1.000000000000000E+00
    1.000000000000000E+00
    1.000000000000000E+00
    1.000000000000000E+00
    1.000000000000000E+00
    1.000000000000000E+00
    1.000000000000000E+00
    1.000000000000000E+00
    1.000000000000000E+00
    1.000000000000000E+00
    1.000000000000000E+00
    1.000000000000000E+00
    1.000000000000000E+00
    1.000000000000000E+00
    1.000000000000000E+00
    1.000000000000000E+00
    1.000000000000000E+00
    1.000000000000000E+00
    1.000000000000000E+00
    1.000000000000000E+00
    1.000000000000000E+00
    1.000000000000000E+00
    1.000000000000000E+00
    1.000000000000000E+00
    1.000000000000000E+00
    1.000000000000000E+00
    1.000000000000000E+00
    1.000000000000000E+00
    1.000000000000000E+00
    1.000000000000000E+00
    1.000000000000000E+00
    1.000000000000000E+00
    1.000000000000000E+00
    1.000000000000000E+00
    1.000000000000000E+00
    1.000000000000000E+00
    1.000000000000000E+00
    1.000000000000000E+00
    1.000000000000000E+00
    1.000000000000000E+00
    1.000000000000000E+00
    1.000000000000000E+00
    1.000000000000000E+00
    1.000000000000000E+00
    1.000000000000000E+00
    1.000000000000000E+00
    1.000000000000000E+00
    1.000000000000000E+00
    1.000000000000000E+00
    1.000000000000000E+00
    1.000000000000000E+00
    1.000000000000000E+00
    1.000000000000000E+00
    1.000000000000000E+00
    1.000000000000000E+00
    1.000000000000000E+00
    1.000000000000000E+00
    1.000000000000000E+00
    1.000000000000000E+00
    1.000000000000000E+00
    1.000000000000000E+00
    1.000000000000000E+00
    1.000000000000000E+00
    1.000000000000000E+00
    1.000000000000000E+00
    1.000000000000000E+00
    1.000000000000000E+00
    1.000000000000000E+00
    1.000000000000000E+00
    1.000000000000000E+00
    1.000000000000000E+00
    1.000000000000000E+00
    1.000000000000000E+00
    1.000000000000000E+00
    1.000000000000000E+00
    1.000000000000000E+00
    1.000000000000000E+00
    1.000000000000000E+00
    1.000000000000000E+00
    1.000000000000000E+00
    1.000000000000000E+00
    1.000000000000000E+00
    1.000000000000000E+00
    1.000000000000000E+00
    1.000000000000000E+00
    1.000000000000000E+00
    1.000000000000000E+00
    1.000000000000000E+00
    1.000000000000000E+00
    1.000000000000000E+00
    1.000000000000000E+00
    1.000000000000000E+00
    1.000000000000000E+00
    1.000000000000000E+00
    1.000000000000000E+00
    1.000000000000000E+00
    1.000000000000000E+00
    1.000000000000000E+00
    1.000000000000000E+00
    1.000000000000000E+00
    1.000000000000000E+00
    1.000000000000000E+00
    1.000000000000000E+00
    1.000000000000000E+00
    1.000000000000000E+00
    1.000000000000000E+00
    1.000000000000000E+00
    1.000000000000000E+00
    1.000000000000000E+00
    1.000000000000000E+00
    1.000000000000000E+00
    1.000000000000000E+00
    1.000000000000000E+00
    1.000000000000000E+00
    1.000000000000000E+00
    1.000000000000000E+00
    1.000000000000000E+00
    1.000000000000000E+00
    1.000000000000000E+00
    1.000000000000000E+00
    1.000000000000000E+00
    1.000000000000000E+00
    1.000000000000000E+00
    1.000000000000000E+00
    1.000000000000000E+00
    1.000000000000000E+00
    1.000000000000000E+00
    1.000000000000000E+00
    1.000000000000000E+00
    1.000000000000000E+00
    1.000000000000000E+00
    1.000000000000000E+00
    1.000000000000000E+00
    1.000000000000000E+00
    1.000000000000000E+00
    1.000000000000000E+00
    1.000000000000000E+00
    1.000000000000000E+00
    1.000000000000000E+00
    1.000000000000000E+00
    1.000000000000000E+00
    1.000000000000000E+00
    1.000000000000000E+00
    1.000000000000000E+00
    1.000000000000000E+00
    1.000000000000000E+00
    1.000000000000000E+00
    1.000000000000000E+00
    1.000000000000000E+00
    1.000000000000000E+00
    1.000000000000000E+00
    1.000000000000000E+00
    1.000000000000000E+00
    1.000000000000000E+00
    1.000000000000000E+00
    1.000000000000000E+00
    1.000000000000000E+00
    1.000000000000000E+00
    1.000000000000000E+00
    1.000000000000000E+00
    1.000000000000000E+00
    1.000000000000000E+00
    1.000000000000000E+00
    1.000000000000000E+00
    1.000000000000000E+00
    1.000000000000000E+00
    1.000000000000000E+00
    1.000000000000000E+00
    1.000000000000000E+00
    1.000000000000000E+00
    1.000000000000000E+00
    1.000000000000000E+00
    1.000000000000000E+00
    1.000000000000000E+00
    1.000000000000000E+00
    1.000000000000000E+00
    1.000000000000000E+00
    1.000000000000000E+00
    1.000000000000000E+00
    1.000000000000000E+00
    1.000000000000000E+00
    1.000000000000000E+00
    1.000000000000000E+00
    1.000000000000000E+00
    1.000000000000000E+00
    1.000000000000000E+00
    1.000000000000000E+00
    1.000000000000000E+00
    1.000000000000000E+00
    1.000000000000000E+00
    1.000000000000000E+00
    1.000000000000000E+00
    1.000000000000000E+00
    1.000000000000000E+00
    1.000000000000000E+00
    1.000000000000000E+00
    1.000000000000000E+00
    1.000000000000000E+00
    1.000000000000000E+00
    1.000000000000000E+00
    1.000000000000000E+00
    1.000000000000000E+00
    1.000000000000000E+00
    1.000000000000000E+00
    1.000000000000000E+00
    1.000000000000000E+00
    1.000000000000000E+00
    1.000000000000000E+00
    1.000000000000000E+00
    1.000000000000000E+00
    1.000000000000000E+00
    1.000000000000000E+00
    1.000000000000000E+00
    1.000000000000000E+00
    1.000000000000000E+00
    1.000000000000000E+00
    1.000000000000000E+00
    1.000000000000000E+00
    1.000000000000000E+00
    1.000000000000000E+00
    1.000000000000000E+00
    1.000000000000000E+00
    1.000000000000000E+00
    1.000000000000000E+00
    1.000000000000000E+00
    1.000000000000000E+00
    1.000000000000000E+00
    1.000000000000000E+00
    1.000000000000000E+00
    1.000000000000000E+00
    1.000000000000000E+00
    1.000000000000000E+00
    1.000000000000000E+00
    1.000000000000000E+00
    1.000000000000000E+00
    1.000000000000000E+00
    1.000000000000000E+00
    1.000000000000000E+00
    1.000000000000000E+00
    1.000000000000000E+00
    1.000000000000000E+00
    1.000000000000000E+00
    1.000000000000000E+00
    1.000000000000000E+00
    1.000000000000000E+00
    1.000000000000000E+00
    1.000000000000000E+00
    1.000000000000000E+00
    1.000000000000000E+00
    1.000000000000000E+00
    1.000000000000000E+00
    1.000000000000000E+00
    1.000000000000000E+00
    1.000000000000000E+00
    1.000000000000000E+00
    1.000000000000000E+00
    1.000000000000000E+00
    1.000000000000000E+00
    1.000000000000000E+00
    1.000000000000000E+00
    1.000000000000000E+00
    1.000000000000000E+00
    1.000000000000000E+00
    1.000000000000000E+00
    1.000000000000000E+00
    1.000000000000000E+00
    1.000000000000000E+00
    1.000000000000000E+00
    1.000000000000000E+00
    1.000000000000000E+00
    1.000000000000000E+00
    1.000000000000000E+00
    1.000000000000000E+00
    1.000000000000000E+00
    1.000000000000000E+00
    1.000000000000000E+00
    1.000000000000000E+00
    1.000000000000000E+00
    1.000000000000000E+00
    1.000000000000000E+00
    1.000000000000000E+00
    1.000000000000000E+00
    1.000000000000000E+00
    1.000000000000000E+00
    1.000000000000000E+00
    1.000000000000000E+00
    1.000000000000000E+00
    1.000000000000000E+00
    1.000000000000000E+00
    1.000000000000000E+00
    1.000000000000000E+00
    1.000000000000000E+00
    1.000000000000000E+00
    1.000000000000000E+00
    1.000000000000000E+00
    1.000000000000000E+00
    1.000000000000000E+00
    1.000000000000000E+00
    1.000000000000000E+00
    1.000000000000000E+00
    1.000000000000000E+00
    1.000000000000000E+00
    1.000000000000000E+00
    1.000000000000000E+00
    1.000000000000000E+00
    1.000000000000000E+00
    1.000000000000000E+00
    1.000000000000000E+00
    1.000000000000000E+00
    1.000000000000000E+00
    1.000000000000000E+00
    1.000000000000000E+00
    1.000000000000000E+00
    1.000000000000000E+00
    1.000000000000000E+00
    1.000000000000000E+00
    1.000000000000000E+00
    1.000000000000000E+00
    1.000000000000000E+00
    1.000000000000000E+00
    1.000000000000000E+00
    1.000000000000000E+00
    1.000000000000000E+00
    1.000000000000000E+00
    1.000000000000000E+00
    1.000000000000000E+00
    1.000000000000000E+00
    1.000000000000000E+00
    1.000000000000000E+00
    1.000000000000000E+00
    1.000000000000000E+00
    1.000000000000000E+00
    1.000000000000000E+00
    1.000000000000000E+00
    1.000000000000000E+00
    1.000000000000000E+00
    1.000000000000000E+00
    1.000000000000000E+00
    1.000000000000000E+00
    1.000000000000000E+00
    1.000000000000000E+00
    1.000000000000000E+00
    1.000000000000000E+00
    1.000000000000000E+00
    1.000000000000000E+00
    1.000000000000000E+00
    1.000000000000000E+00
    1.000000000000000E+00
    1.000000000000000E+00
    1.000000000000000E+00
    1.000000000000000E+00
    1.000000000000000E+00
    1.000000000000000E+00
    1.000000000000000E+00
    1.000000000000000E+00
    1.000000000000000E+00
    1.000000000000000E+00
    1.000000000000000E+00
    1.000000000000000E+00
    1.000000000000000E+00
    1.000000000000000E+00
    1.000000000000000E+00
    1.000000000000000E+00
    1.000000000000000E+00
    1.000000000000000E+00
    1.000000000000000E+00
    1.000000000000000E+00
    1.000000000000000E+00
    1.000000000000000E+00
    1.000000000000000E+00
    1.000000000000000E+00
    1.000000000000000E+00
    1.000000000000000E+00
    1.000000000000000E+00
    1.000000000000000E+00
    1.000000000000000E+00
    1.000000000000000E+00
    1.000000000000000E+00
    1.000000000000000E+00
    1.000000000000000E+00
    1.000000000000000E+00
    1.000000000000000E+00
    1.000000000000000E+00
    1.000000000000000E+00
    1.000000000000000E+00
    1.000000000000000E+00
    1.000000000000000E+00
    1.000000000000000E+00
    1.000000000000000E+00
    1.000000000000000E+00
    1.000000000000000E+00
    1.000000000000000E+00
    1.000000000000000E+00
    1.000000000000000E+00
    1.000000000000000E+00
    1.000000000000000E+00
    1.000000000000000E+00
    1.000000000000000E+00
    1.000000000000000E+00
    1.000000000000000E+00
    1.000000000000000E+00
    1.000000000000000E+00
    1.000000000000000E+00
    1.000000000000000E+00
    1.000000000000000E+00
    1.000000000000000E+00
    1.000000000000000E+00
    1.000000000000000E+00
    1.000000000000000E+00
    1.000000000000000E+00
    1.000000000000000E+00
    1.000000000000000E+00
    1.000000000000000E+00
    1.000000000000000E+00
    1.000000000000000E+00
    1.000000000000000E+00
    1.000000000000000E+00
    1.000000000000000E+00
    1.000000000000000E+00
    1.000000000000000E+00
    1.000000000000000E+00
    1.000000000000000E+00
    1.000000000000000E+00
    1.000000000000000E+00
    1.000000000000000E+00
    1.000000000000000E+00
    1.000000000000000E+00
    1.000000000000000E+00
    1.000000000000000E+00
    1.000000000000000E+00
    1.000000000000000E+00
    1.000000000000000E+00
    1.000000000000000E+00
    1.000000000000000E+00
    1.000000000000000E+00
    1.000000000000000E+00
    1.000000000000000E+00
    1.000000000000000E+00
    1.000000000000000E+00
    1.000000000000000E+00
    1.000000000000000E+00
    1.000000000000000E+00
    1.000000000000000E+00
    1.000000000000000E+00
    1.000000000000000E+00
    1.000000000000000E+00
    1.000000000000000E+00
    1.000000000000000E+00
    1.000000000000000E+00
    1.000000000000000E+00
    1.000000000000000E+00
    1.000000000000000E+00
    1.000000000000000E+00
    1.000000000000000E+00
    1.000000000000000E+00
    1.000000000000000E+00
    1.000000000000000E+00
    1.000000000000000E+00
    1.000000000000000E+00
    1.000000000000000E+00
    1.000000000000000E+00
    1.000000000000000E+00
    1.000000000000000E+00
    1.000000000000000E+00
    1.000000000000000E+00
    1.000000000000000E+00
    1.000000000000000E+00
    1.000000000000000E+00
    1.000000000000000E+00
    1.000000000000000E+00
    1.000000000000000E+00
    1.000000000000000E+00
    1.000000000000000E+00
    1.000000000000000E+00
    1.000000000000000E+00
    1.000000000000000E+00
    1.000000000000000E+00
    1.000000000000000E+00
    1.000000000000000E+00
    1.000000000000000E+00
    1.000000000000000E+00
    1.000000000000000E+00
    1.000000000000000E+00
    1.000000000000000E+00
    1.000000000000000E+00
    1.000000000000000E+00
    1.000000000000000E+00
    1.000000000000000E+00
    1.000000000000000E+00
    1.000000000000000E+00
    1.000000000000000E+00
    1.000000000000000E+00
    1.000000000000000E+00
    1.000000000000000E+00
    1.000000000000000E+00
    1.000000000000000E+00
    1.000000000000000E+00
    1.000000000000000E+00
    1.000000000000000E+00
    1.000000000000000E+00
    1.000000000000000E+00
    1.000000000000000E+00
    1.000000000000000E+00
    1.000000000000000E+00
    1.000000000000000E+00
    1.000000000000000E+00
    1.000000000000000E+00
    1.000000000000000E+00
    1.000000000000000E+00
    1.000000000000000E+00
    1.000000000000000E+00
    1.000000000000000E+00
    1.000000000000000E+00
    1.000000000000000E+00
    1.000000000000000E+00
    1.000000000000000E+00
    1.000000000000000E+00
    1.000000000000000E+00
    1.000000000000000E+00
    1.000000000000000E+00
    1.000000000000000E+00
    1.000000000000000E+00
    1.000000000000000E+00
    1.000000000000000E+00
    1.000000000000000E+00
    1.000000000000000E+00
    1.000000000000000E+00
    1.000000000000000E+00
    1.000000000000000E+00
    1.000000000000000E+00
    1.000000000000000E+00
    1.000000000000000E+00
    1.000000000000000E+00
    1.000000000000000E+00
    1.000000000000000E+00
    1.000000000000000E+00
    1.000000000000000E+00
    1.000000000000000E+00
    1.000000000000000E+00
    1.000000000000000E+00
    1.000000000000000E+00
    1.000000000000000E+00
    1.000000000000000E+00
    1.000000000000000E+00
    1.000000000000000E+00
    1.000000000000000E+00
    1.000000000000000E+00
    1.000000000000000E+00
    1.000000000000000E+00
    1.000000000000000E+00
    1.000000000000000E+00
    1.000000000000000E+00
    1.000000000000000E+00
    1.000000000000000E+00
    1.000000000000000E+00
    1.000000000000000E+00
    1.000000000000000E+00
    1.000000000000000E+00
    1.000000000000000E+00
    1.000000000000000E+00
    1.000000000000000E+00
    1.000000000000000E+00
    1.000000000000000E+00
    1.000000000000000E+00
    1.000000000000000E+00
    1.000000000000000E+00
    1.000000000000000E+00
    1.000000000000000E+00
    1.000000000000000E+00
    1.000000000000000E+00
    1.000000000000000E+00
    1.000000000000000E+00
    1.000000000000000E+00
    1.000000000000000E+00
    1.000000000000000E+00
    1.000000000000000E+00
    1.000000000000000E+00
    1.000000000000000E+00
    1.000000000000000E+00
    1.000000000000000E+00
    1.000000000000000E+00
    1.000000000000000E+00
    1.000000000000000E+00
    1.000000000000000E+00
    1.000000000000000E+00
    1.000000000000000E+00
    1.000000000000000E+00
    1.000000000000000E+00
    1.000000000000000E+00
    1.000000000000000E+00
    1.000000000000000E+00
    1.000000000000000E+00
    1.000000000000000E+00
    1.000000000000000E+00
    1.000000000000000E+00
    1.000000000000000E+00
    1.000000000000000E+00
    1.000000000000000E+00
    1.000000000000000E+00
    1.000000000000000E+00
    1.000000000000000E+00
    1.000000000000000E+00
    1.000000000000000E+00
    1.000000000000000E+00
    1.000000000000000E+00
    1.000000000000000E+00
    1.000000000000000E+00
    1.000000000000000E+00
    1.000000000000000E+00
    1.000000000000000E+00
    1.000000000000000E+00
    1.000000000000000E+00
    1.000000000000000E+00
    1.000000000000000E+00
    1.000000000000000E+00
    1.000000000000000E+00
    1.000000000000000E+00
    1.000000000000000E+00
    1.000000000000000E+00
    1.000000000000000E+00
    1.000000000000000E+00
    1.000000000000000E+00
    1.000000000000000E+00
    1.000000000000000E+00
    1.000000000000000E+00
    1.000000000000000E+00
    1.000000000000000E+00
    1.000000000000000E+00
    1.000000000000000E+00
    1.000000000000000E+00
    1.000000000000000E+00
    1.000000000000000E+00
    1.000000000000000E+00
    1.000000000000000E+00
    1.000000000000000E+00
    1.000000000000000E+00
    1.000000000000000E+00
    1.000000000000000E+00
    1.000000000000000E+00
    1.000000000000000E+00
    1.000000000000000E+00
    1.000000000000000E+00
    1.000000000000000E+00
    1.000000000000000E+00
    1.000000000000000E+00
    1.000000000000000E+00
    1.000000000000000E+00
    1.000000000000000E+00
    1.000000000000000E+00
    1.000000000000000E+00
    1.000000000000000E+00
    1.000000000000000E+00
    1.000000000000000E+00
    1.000000000000000E+00
    1.000000000000000E+00
    1.000000000000000E+00
    1.000000000000000E+00
    1.000000000000000E+00
    1.000000000000000E+00
    1.000000000000000E+00
    1.000000000000000E+00
    1.000000000000000E+00
    1.000000000000000E+00
    1.000000000000000E+00
    1.000000000000000E+00
    1.000000000000000E+00
    1.000000000000000E+00
    1.000000000000000E+00
    1.000000000000000E+00
    1.000000000000000E+00
    1.000000000000000E+00
    1.000000000000000E+00
    1.000000000000000E+00
    1.000000000000000E+00
    1.000000000000000E+00
    1.000000000000000E+00
    1.000000000000000E+00
    1.000000000000000E+00
    1.000000000000000E+00
    1.000000000000000E+00
    1.000000000000000E+00
    1.000000000000000E+00
    1.000000000000000E+00
    1.000000000000000E+00
    1.000000000000000E+00
    1.000000000000000E+00
    1.000000000000000E+00
    1.000000000000000E+00
    1.000000000000000E+00
    1.000000000000000E+00
    1.000000000000000E+00
    1.000000000000000E+00
    1.000000000000000E+00
    1.000000000000000E+00
    1.000000000000000E+00
    1.000000000000000E+00
    1.000000000000000E+00
    1.000000000000000E+00
    1.000000000000000E+00
    1.000000000000000E+00
    1.000000000000000E+00
    1.000000000000000E+00
    1.000000000000000E+00
    1.000000000000000E+00
    1.000000000000000E+00
    1.000000000000000E+00
    1.000000000000000E+00
    1.000000000000000E+00
    1.000000000000000E+00
    1.000000000000000E+00
    1.000000000000000E+00
    1.000000000000000E+00
    1.000000000000000E+00
    1.000000000000000E+00
    1.000000000000000E+00
    1.000000000000000E+00
    1.000000000000000E+00
    1.000000000000000E+00
    1.000000000000000E+00
    1.000000000000000E+00
    1.000000000000000E+00
    1.000000000000000E+00
    1.000000000000000E+00
    1.000000000000000E+00
    1.000000000000000E+00
    1.000000000000000E+00
    1.000000000000000E+00
    1.000000000000000E+00
    1.000000000000000E+00
    1.000000000000000E+00
    1.000000000000000E+00
    1.000000000000000E+00
    1.000000000000000E+00
    1.000000000000000E+00
    1.000000000000000E+00
    1.000000000000000E+00
    1.000000000000000E+00
    1.000000000000000E+00
    1.000000000000000E+00
    1.000000000000000E+00
    1.000000000000000E+00
    1.000000000000000E+00
    1.000000000000000E+00
    1.000000000000000E+00
    1.000000000000000E+00
    1.000000000000000E+00
    1.000000000000000E+00
    1.000000000000000E+00
    1.000000000000000E+00
    1.000000000000000E+00
    1.000000000000000E+00
    1.000000000000000E+00
    1.000000000000000E+00
    1.000000000000000E+00
    1.000000000000000E+00
    1.000000000000000E+00
    1.000000000000000E+00
    1.000000000000000E+00
    1.000000000000000E+00
    1.000000000000000E+00
    1.000000000000000E+00
    1.000000000000000E+00
    1.000000000000000E+00
    1.000000000000000E+00
    1.000000000000000E+00
    1.000000000000000E+00
    1.000000000000000E+00
    1.000000000000000E+00
    1.000000000000000E+00
    1.000000000000000E+00
    1.000000000000000E+00
    1.000000000000000E+00
    1.000000000000000E+00
    1.000000000000000E+00
    1.000000000000000E+00
    1.000000000000000E+00
    1.000000000000000E+00
    1.000000000000000E+00
    1.000000000000000E+00
    1.000000000000000E+00
    1.000000000000000E+00
    1.000000000000000E+00
    1.000000000000000E+00
    1.000000000000000E+00
    1.000000000000000E+00
    1.000000000000000E+00
    1.000000000000000E+00
    1.000000000000000E+00
    1.000000000000000E+00
    1.000000000000000E+00
    1.000000000000000E+00
    1.000000000000000E+00
    1.000000000000000E+00
    1.000000000000000E+00
    1.000000000000000E+00
    1.000000000000000E+00
    1.000000000000000E+00
    1.000000000000000E+00
    1.000000000000000E+00
    1.000000000000000E+00
    1.000000000000000E+00
    1.000000000000000E+00
    1.000000000000000E+00
    1.000000000000000E+00
    1.000000000000000E+00
    1.000000000000000E+00
    1.000000000000000E+00
    1.000000000000000E+00
    1.000000000000000E+00
    1.000000000000000E+00
    1.000000000000000E+00
    1.000000000000000E+00
    1.000000000000000E+00
    1.000000000000000E+00
    1.000000000000000E+00
    1.000000000000000E+00
    1.000000000000000E+00
    1.000000000000000E+00
    1.000000000000000E+00
    1.000000000000000E+00
    1.000000000000000E+00
    1.000000000000000E+00
    1.000000000000000E+00
    1.000000000000000E+00
    1.000000000000000E+00
    1.000000000000000E+00
    1.000000000000000E+00
    1.000000000000000E+00
    1.000000000000000E+00
    1.000000000000000E+00
    1.000000000000000E+00
    1.000000000000000E+00
    1.000000000000000E+00
    1.000000000000000E+00
    1.000000000000000E+00
    1.000000000000000E+00
    1.000000000000000E+00
    1.000000000000000E+00
    1.000000000000000E+00
    1.000000000000000E+00
    1.000000000000000E+00
    1.000000000000000E+00
    1.000000000000000E+00
    1.000000000000000E+00
    1.000000000000000E+00
    1.000000000000000E+00
    1.000000000000000E+00
    1.000000000000000E+00
    1.000000000000000E+00
    1.000000000000000E+00
    1.000000000000000E+00
    1.000000000000000E+00
    1.000000000000000E+00
    1.000000000000000E+00
    1.000000000000000E+00
    1.000000000000000E+00
    1.000000000000000E+00
    1.000000000000000E+00
    1.000000000000000E+00
    1.000000000000000E+00
    1.000000000000000E+00
    1.000000000000000E+00
    1.000000000000000E+00
    1.000000000000000E+00
    1.000000000000000E+00
    1.000000000000000E+00
    1.000000000000000E+00
    1.000000000000000E+00
    1.000000000000000E+00
    1.000000000000000E+00
    1.000000000000000E+00
    1.000000000000000E+00
    1.000000000000000E+00
    1.000000000000000E+00
    1.000000000000000E+00
    1.000000000000000E+00
    1.000000000000000E+00
    1.000000000000000E+00
    1.000000000000000E+00
    1.000000000000000E+00
    1.000000000000000E+00
    1.000000000000000E+00
    1.000000000000000E+00
    1.000000000000000E+00
    1.000000000000000E+00
    1.000000000000000E+00
    1.000000000000000E+00
    1.000000000000000E+00
    1.000000000000000E+00
    1.000000000000000E+00
    1.000000000000000E+00
    1.000000000000000E+00
    1.000000000000000E+00
    1.000000000000000E+00
    1.000000000000000E+00
    1.000000000000000E+00
    1.000000000000000E+00
    1.000000000000000E+00
    1.000000000000000E+00
    1.000000000000000E+00
    1.000000000000000E+00
    1.000000000000000E+00
    1.000000000000000E+00
    1.000000000000000E+00
    1.000000000000000E+00
    1.000000000000000E+00
    1.000000000000000E+00
    1.000000000000000E+00
    1.000000000000000E+00
    1.000000000000000E+00
    1.000000000000000E+00
    1.000000000000000E+00
    1.000000000000000E+00
    1.000000000000000E+00
    1.000000000000000E+00
    1.000000000000000E+00
    1.000000000000000E+00
    1.000000000000000E+00
    1.000000000000000E+00
    1.000000000000000E+00
    1.000000000000000E+00
    1.000000000000000E+00
    1.000000000000000E+00
    1.000000000000000E+00
    1.000000000000000E+00
    1.000000000000000E+00
    1.000000000000000E+00
    1.000000000000000E+00
    1.000000000000000E+00
    1.000000000000000E+00
    1.000000000000000E+00
    1.000000000000000E+00
    1.000000000000000E+00
    1.000000000000000E+00
    1.000000000000000E+00
    1.000000000000000E+00
    1.000000000000000E+00
    1.000000000000000E+00
    1.000000000000000E+00
    1.000000000000000E+00
    1.000000000000000E+00
    1.000000000000000E+00
    1.000000000000000E+00
    1.000000000000000E+00
    1.000000000000000E+00
    1.000000000000000E+00
    1.000000000000000E+00
    1.000000000000000E+00
    1.000000000000000E+00
    1.000000000000000E+00
    1.000000000000000E+00
    1.000000000000000E+00
    1.000000000000000E+00
    1.000000000000000E+00
    1.000000000000000E+00
    1.000000000000000E+00
    1.000000000000000E+00
    1.000000000000000E+00
    1.000000000000000E+00
    1.000000000000000E+00
    1.000000000000000E+00
    1.000000000000000E+00
    1.000000000000000E+00
    1.000000000000000E+00
    1.000000000000000E+00
    1.000000000000000E+00
    1.000000000000000E+00
    1.000000000000000E+00
    1.000000000000000E+00
    1.000000000000000E+00
    1.000000000000000E+00
    1.000000000000000E+00
    1.000000000000000E+00
    1.000000000000000E+00
    1.000000000000000E+00
    1.000000000000000E+00
    1.000000000000000E+00
    1.000000000000000E+00
    1.000000000000000E+00
    1.000000000000000E+00
    1.000000000000000E+00
    1.000000000000000E+00
    1.000000000000000E+00
    1.000000000000000E+00
    1.000000000000000E+00
    1.000000000000000E+00
    1.000000000000000E+00
    1.000000000000000E+00
    1.000000000000000E+00
    1.000000000000000E+00
    1.000000000000000E+00
    1.000000000000000E+00
    1.000000000000000E+00
    1.000000000000000E+00
    1.000000000000000E+00
    1.000000000000000E+00
    1.000000000000000E+00
    1.000000000000000E+00
    1.000000000000000E+00
    1.000000000000000E+00
    1.000000000000000E+00
    1.000000000000000E+00
    1.000000000000000E+00
    1.000000000000000E+00
    1.000000000000000E+00
    1.000000000000000E+00
    1.000000000000000E+00
    1.000000000000000E+00
    1.000000000000000E+00
    1.000000000000000E+00
    1.000000000000000E+00
    1.000000000000000E+00
    1.000000000000000E+00
    1.000000000000000E+00
    1.000000000000000E+00
    1.000000000000000E+00
    1.000000000000000E+00
    1.000000000000000E+00
    1.000000000000000E+00
    1.000000000000000E+00
    1.000000000000000E+00
    1.000000000000000E+00
    1.000000000000000E+00
    1.000000000000000E+00
    1.000000000000000E+00
    1.000000000000000E+00
    1.000000000000000E+00
    1.000000000000000E+00
    1.000000000000000E+00
    1.000000000000000E+00
    1.000000000000000E+00
    1.000000000000000E+00
    1.000000000000000E+00
    1.000000000000000E+00
    1.000000000000000E+00
    1.000000000000000E+00
    1.000000000000000E+00
    1.000000000000000E+00
    1.000000000000000E+00
    1.000000000000000E+00
    1.000000000000000E+00
    1.000000000000000E+00
    1.000000000000000E+00
    1.000000000000000E+00
    1.000000000000000E+00
    1.000000000000000E+00
    1.000000000000000E+00
    1.000000000000000E+00
    1.000000000000000E+00
    1.000000000000000E+00
    1.000000000000000E+00
    1.000000000000000E+00
    1.000000000000000E+00
    1.000000000000000E+00
    1.000000000000000E+00
    1.000000000000000E+00
    1.000000000000000E+00
    1.000000000000000E+00
    1.000000000000000E+00
    1.000000000000000E+00
    1.000000000000000E+00
    1.000000000000000E+00
    1.000000000000000E+00
    1.000000000000000E+00
    1.000000000000000E+00
    1.000000000000000E+00
    1.000000000000000E+00
    1.000000000000000E+00
    1.000000000000000E+00
    1.000000000000000E+00
    1.000000000000000E+00
    1.000000000000000E+00
    1.000000000000000E+00
    1.000000000000000E+00
    1.000000000000000E+00
    1.000000000000000E+00
    1.000000000000000E+00
    1.000000000000000E+00
    1.000000000000000E+00
    1.000000000000000E+00
    1.000000000000000E+00
    1.000000000000000E+00
    1.000000000000000E+00
    1.000000000000000E+00
    1.000000000000000E+00
    1.000000000000000E+00
    1.000000000000000E+00
    1.000000000000000E+00
    1.000000000000000E+00
    1.000000000000000E+00
    1.000000000000000E+00
    1.000000000000000E+00
    1.000000000000000E+00
    1.000000000000000E+00
    1.000000000000000E+00
    1.000000000000000E+00
    1.000000000000000E+00
    1.000000000000000E+00
    1.000000000000000E+00
    1.000000000000000E+00
    1.000000000000000E+00
    1.000000000000000E+00
    1.000000000000000E+00
    1.000000000000000E+00
    1.000000000000000E+00
    1.000000000000000E+00
    1.000000000000000E+00
    1.000000000000000E+00
    1.000000000000000E+00
    1.000000000000000E+00
    1.000000000000000E+00
    1.000000000000000E+00
    1.000000000000000E+00
    1.000000000000000E+00
    1.000000000000000E+00
    1.000000000000000E+00
    1.000000000000000E+00
    1.000000000000000E+00
    1.000000000000000E+00
    1.000000000000000E+00
    1.000000000000000E+00
    1.000000000000000E+00
    1.000000000000000E+00
    1.000000000000000E+00
    1.000000000000000E+00
    1.000000000000000E+00
    1.000000000000000E+00
    1.000000000000000E+00
    1.000000000000000E+00
    1.000000000000000E+00
    1.000000000000000E+00
    1.000000000000000E+00
    1.000000000000000E+00
    1.000000000000000E+00
    1.000000000000000E+00
    1.000000000000000E+00
    1.000000000000000E+00
    1.000000000000000E+00
    1.000000000000000E+00
    1.000000000000000E+00
    1.000000000000000E+00
    1.000000000000000E+00
    1.000000000000000E+00
    1.000000000000000E+00
    1.000000000000000E+00
    1.000000000000000E+00
    1.000000000000000E+00
    1.000000000000000E+00
    1.000000000000000E+00
    1.000000000000000E+00
    1.000000000000000E+00
    1.000000000000000E+00
    1.000000000000000E+00
    1.000000000000000E+00
    1.000000000000000E+00
    1.000000000000000E+00
    1.000000000000000E+00
    1.000000000000000E+00
    1.000000000000000E+00
    1.000000000000000E+00
    1.000000000000000E+00
    1.000000000000000E+00
    1.000000000000000E+00
    1.000000000000000E+00
    1.000000000000000E+00
    1.000000000000000E+00
    1.000000000000000E+00
    1.000000000000000E+00
    1.000000000000000E+00
    1.000000000000000E+00
    1.000000000000000E+00
    1.000000000000000E+00
    1.000000000000000E+00
    1.000000000000000E+00
    1.000000000000000E+00
    1.000000000000000E+00
    1.000000000000000E+00
    1.000000000000000E+00
    1.000000000000000E+00
    1.000000000000000E+00
    1.000000000000000E+00
    1.000000000000000E+00
    1.000000000000000E+00
    1.000000000000000E+00
    1.000000000000000E+00
    1.000000000000000E+00
    1.000000000000000E+00
    1.000000000000000E+00
    1.000000000000000E+00
    1.000000000000000E+00
    1.000000000000000E+00
    1.000000000000000E+00
    1.000000000000000E+00
    1.000000000000000E+00
    1.000000000000000E+00
    1.000000000000000E+00
    1.000000000000000E+00
    1.000000000000000E+00
    1.000000000000000E+00
    1.000000000000000E+00
    1.000000000000000E+00
    1.000000000000000E+00
    1.000000000000000E+00
    1.000000000000000E+00
    1.000000000000000E+00
    1.000000000000000E+00
    1.000000000000000E+00
    1.000000000000000E+00
    1.000000000000000E+00
    1.000000000000000E+00
    1.000000000000000E+00
    1.000000000000000E+00
    1.000000000000000E+00
    1.000000000000000E+00
    1.000000000000000E+00
    1.000000000000000E+00
    1.000000000000000E+00
    1.000000000000000E+00
    1.000000000000000E+00
    1.000000000000000E+00
    1.000000000000000E+00
    1.000000000000000E+00
    1.000000000000000E+00
    1.000000000000000E+00
    1.000000000000000E+00
    1.000000000000000E+00
    1.000000000000000E+00
    1.000000000000000E+00
    1.000000000000000E+00
    1.000000000000000E+00
    1.000000000000000E+00
    1.000000000000000E+00
    1.000000000000000E+00
    1.000000000000000E+00
    1.000000000000000E+00
    1.000000000000000E+00
    1.000000000000000E+00
    1.000000000000000E+00
    1.000000000000000E+00
    1.000000000000000E+00
    1.000000000000000E+00
    1.000000000000000E+00
    1.000000000000000E+00
    1.000000000000000E+00
    1.000000000000000E+00
    1.000000000000000E+00
    1.000000000000000E+00
    1.000000000000000E+00
    1.000000000000000E+00
    1.000000000000000E+00
    1.000000000000000E+00
    1.000000000000000E+00
    1.000000000000000E+00
    1.000000000000000E+00
    1.000000000000000E+00
    1.000000000000000E+00
    1.000000000000000E+00
    1.000000000000000E+00
    1.000000000000000E+00
    1.000000000000000E+00
    1.000000000000000E+00
    1.000000000000000E+00
    1.000000000000000E+00
    1.000000000000000E+00
    1.000000000000000E+00
    1.000000000000000E+00
    1.000000000000000E+00
    1.000000000000000E+00
    1.000000000000000E+00
    1.000000000000000E+00
    1.000000000000000E+00
    1.000000000000000E+00
    1.000000000000000E+00
    1.000000000000000E+00
    1.000000000000000E+00
    1.000000000000000E+00
    1.000000000000000E+00
    1.000000000000000E+00
    1.000000000000000E+00
    1.000000000000000E+00
    1.000000000000000E+00
    1.000000000000000E+00
    1.000000000000000E+00
    1.000000000000000E+00
    1.000000000000000E+00
    1.000000000000000E+00
    1.000000000000000E+00
    1.000000000000000E+00
    1.000000000000000E+00
    1.000000000000000E+00
    1.000000000000000E+00
    1.000000000000000E+00
    1.000000000000000E+00
    1.000000000000000E+00
    1.000000000000000E+00
    1.000000000000000E+00
    1.000000000000000E+00
    1.000000000000000E+00
    1.000000000000000E+00
    1.000000000000000E+00
    1.000000000000000E+00
    1.000000000000000E+00
    1.000000000000000E+00
    1.000000000000000E+00
    1.000000000000000E+00
    1.000000000000000E+00
    1.000000000000000E+00
    1.000000000000000E+00
    1.000000000000000E+00
    1.000000000000000E+00
    1.000000000000000E+00
    1.000000000000000E+00
    1.000000000000000E+00
    1.000000000000000E+00
    1.000000000000000E+00
    1.000000000000000E+00
    1.000000000000000E+00
    1.000000000000000E+00
    1.000000000000000E+00
    1.000000000000000E+00
    1.000000000000000E+00
    1.000000000000000E+00
    1.000000000000000E+00
    1.000000000000000E+00
    1.000000000000000E+00
    1.000000000000000E+00
    1.000000000000000E+00
    1.000000000000000E+00
    1.000000000000000E+00
    1.000000000000000E+00
    1.000000000000000E+00
    1.000000000000000E+00
    1.000000000000000E+00
    1.000000000000000E+00
    1.000000000000000E+00
    1.000000000000000E+00
    1.000000000000000E+00
    1.000000000000000E+00
    1.000000000000000E+00
    1.000000000000000E+00
    1.000000000000000E+00
    1.000000000000000E+00
    1.000000000000000E+00
    1.000000000000000E+00
    1.000000000000000E+00
    1.000000000000000E+00
    1.000000000000000E+00
    1.000000000000000E+00
    1.000000000000000E+00
    1.000000000000000E+00
    1.000000000000000E+00
    1.000000000000000E+00
    1.000000000000000E+00
    1.000000000000000E+00
    1.000000000000000E+00
    1.000000000000000E+00
    1.000000000000000E+00
    1.000000000000000E+00
    1.000000000000000E+00
    1.000000000000000E+00
    1.000000000000000E+00
    1.000000000000000E+00
    1.000000000000000E+00
    1.000000000000000E+00
    1.000000000000000E+00
    1.000000000000000E+00
    1.000000000000000E+00
    1.000000000000000E+00
    1.000000000000000E+00
    1.000000000000000E+00
    1.000000000000000E+00
    1.000000000000000E+00
    1.000000000000000E+00
    1.000000000000000E+00
    1.000000000000000E+00
    1.000000000000000E+00
    1.000000000000000E+00
    1.000000000000000E+00
    1.000000000000000E+00
    1.000000000000000E+00
    1.000000000000000E+00
    1.000000000000000E+00
    1.000000000000000E+00
    1.000000000000000E+00
    1.000000000000000E+00
    1.000000000000000E+00
    1.000000000000000E+00
    1.000000000000000E+00
    1.000000000000000E+00
    1.000000000000000E+00
    1.000000000000000E+00
    1.000000000000000E+00
    1.000000000000000E+00
    1.000000000000000E+00
    1.000000000000000E+00
    1.000000000000000E+00
    1.000000000000000E+00
    1.000000000000000E+00
    1.000000000000000E+00
    1.000000000000000E+00
    1.000000000000000E+00
    1.000000000000000E+00
    1.000000000000000E+00
    1.000000000000000E+00
    1.000000000000000E+00
    1.000000000000000E+00
    1.000000000000000E+00
    1.000000000000000E+00
    1.000000000000000E+00
    1.000000000000000E+00
    1.000000000000000E+00
    1.000000000000000E+00
    1.000000000000000E+00
    1.000000000000000E+00
    1.000000000000000E+00
    1.000000000000000E+00
    1.000000000000000E+00
    1.000000000000000E+00
    1.000000000000000E+00
    1.000000000000000E+00
    1.000000000000000E+00
    1.000000000000000E+00
    1.000000000000000E+00
    1.000000000000000E+00
    1.000000000000000E+00
    1.000000000000000E+00
    1.000000000000000E+00
    1.000000000000000E+00
    1.000000000000000E+00
    1.000000000000000E+00
    1.000000000000000E+00
    1.000000000000000E+00
    1.000000000000000E+00
    1.000000000000000E+00
    1.000000000000000E+00
    1.000000000000000E+00
    1.000000000000000E+00
    1.000000000000000E+00
    1.000000000000000E+00
    1.000000000000000E+00
    1.000000000000000E+00
    1.000000000000000E+00
    1.000000000000000E+00
    1.000000000000000E+00
    1.000000000000000E+00
    1.000000000000000E+00
    1.000000000000000E+00
    1.000000000000000E+00
    1.000000000000000E+00
    1.000000000000000E+00
    1.000000000000000E+00
    1.000000000000000E+00
    1.000000000000000E+00
    1.000000000000000E+00
    1.000000000000000E+00
    1.000000000000000E+00
    1.000000000000000E+00
    1.000000000000000E+00
    1.000000000000000E+00
    1.000000000000000E+00
    1.000000000000000E+00
    1.000000000000000E+00
    1.000000000000000E+00
    1.000000000000000E+00
    1.000000000000000E+00
    1.000000000000000E+00
    1.000000000000000E+00
    1.000000000000000E+00
    1.000000000000000E+00
    1.000000000000000E+00
    1.000000000000000E+00
    1.000000000000000E+00
    1.000000000000000E+00
    1.000000000000000E+00
    1.000000000000000E+00
    1.000000000000000E+00
    1.000000000000000E+00
    1.000000000000000E+00
    1.000000000000000E+00
    1.000000000000000E+00
    1.000000000000000E+00
    1.000000000000000E+00
    1.000000000000000E+00
    1.000000000000000E+00
    1.000000000000000E+00
    1.000000000000000E+00
    1.000000000000000E+00
    1.000000000000000E+00
    1.000000000000000E+00
    1.000000000000000E+00
    1.000000000000000E+00
    1.000000000000000E+00
    1.000000000000000E+00
    1.000000000000000E+00
    1.000000000000000E+00
    1.000000000000000E+00
    1.000000000000000E+00
    1.000000000000000E+00
    1.000000000000000E+00
    1.000000000000000E+00
    1.000000000000000E+00
    1.000000000000000E+00
    1.000000000000000E+00
    1.000000000000000E+00
    1.000000000000000E+00
    1.000000000000000E+00
    1.000000000000000E+00
    1.000000000000000E+00
    1.000000000000000E+00
    1.000000000000000E+00
    1.000000000000000E+00
    1.000000000000000E+00
    1.000000000000000E+00
    1.000000000000000E+00
    1.000000000000000E+00
    1.000000000000000E+00
    1.000000000000000E+00
    1.000000000000000E+00
    1.000000000000000E+00
    1.000000000000000E+00
    1.000000000000000E+00
    1.000000000000000E+00
    1.000000000000000E+00
    1.000000000000000E+00
    1.000000000000000E+00
    1.000000000000000E+00
    1.000000000000000E+00
    1.000000000000000E+00
    1.000000000000000E+00
    1.000000000000000E+00
    1.000000000000000E+00
    1.000000000000000E+00
    1.000000000000000E+00
    1.000000000000000E+00
    1.000000000000000E+00
    1.000000000000000E+00
    1.000000000000000E+00
    1.000000000000000E+00
    1.000000000000000E+00
    1.000000000000000E+00
    1.000000000000000E+00
    1.000000000000000E+00
    1.000000000000000E+00
    1.000000000000000E+00
    1.000000000000000E+00
    1.000000000000000E+00
    1.000000000000000E+00
    1.000000000000000E+00
    1.000000000000000E+00
    1.000000000000000E+00
    1.000000000000000E+00
    1.000000000000000E+00
    1.000000000000000E+00
    1.000000000000000E+00
    1.000000000000000E+00
    1.000000000000000E+00
    1.000000000000000E+00
    1.000000000000000E+00
    1.000000000000000E+00
    1.000000000000000E+00
    1.000000000000000E+00
    1.000000000000000E+00
    1.000000000000000E+00
    1.000000000000000E+00
    1.000000000000000E+00
    1.000000000000000E+00
    1.000000000000000E+00
    1.000000000000000E+00
    1.000000000000000E+00
    1.000000000000000E+00
    1.000000000000000E+00
    1.000000000000000E+00
    1.000000000000000E+00
    1.000000000000000E+00
    1.000000000000000E+00
    1.000000000000000E+00
    1.000000000000000E+00
    1.000000000000000E+00
    1.000000000000000E+00
    1.000000000000000E+00
    1.000000000000000E+00
    1.000000000000000E+00
    1.000000000000000E+00
    1.000000000000000E+00
    1.000000000000000E+00
    1.000000000000000E+00
    1.000000000000000E+00
    1.000000000000000E+00
    1.000000000000000E+00
    1.000000000000000E+00
    1.000000000000000E+00
    1.000000000000000E+00
    1.000000000000000E+00
    1.000000000000000E+00
    1.000000000000000E+00
    1.000000000000000E+00
    1.000000000000000E+00
    1.000000000000000E+00
    1.000000000000000E+00
    1.000000000000000E+00
    1.000000000000000E+00
    1.000000000000000E+00
    1.000000000000000E+00
    1.000000000000000E+00
    1.000000000000000E+00
    1.000000000000000E+00
    1.000000000000000E+00
    1.000000000000000E+00
    1.000000000000000E+00
    1.000000000000000E+00
    1.000000000000000E+00
    1.000000000000000E+00
    1.000000000000000E+00
    1.000000000000000E+00
    1.000000000000000E+00
    1.000000000000000E+00
    1.000000000000000E+00
    1.000000000000000E+00
    1.000000000000000E+00
    1.000000000000000E+00
    1.000000000000000E+00
    1.000000000000000E+00
    1.000000000000000E+00
    1.000000000000000E+00
    1.000000000000000E+00
    1.000000000000000E+00
    1.000000000000000E+00
    1.000000000000000E+00
    1.000000000000000E+00
    1.000000000000000E+00
    1.000000000000000E+00
    1.000000000000000E+00
    1.000000000000000E+00
    1.000000000000000E+00
    1.000000000000000E+00
    1.000000000000000E+00
    1.000000000000000E+00
    1.000000000000000E+00
    1.000000000000000E+00
    1.000000000000000E+00
    1.000000000000000E+00
    1.000000000000000E+00
    1.000000000000000E+00
    1.000000000000000E+00
    1.000000000000000E+00
    1.000000000000000E+00
    1.000000000000000E+00
    1.000000000000000E+00
    1.000000000000000E+00
    1.000000000000000E+00
    1.000000000000000E+00
    1.000000000000000E+00
    1.000000000000000E+00
    1.000000000000000E+00
    1.000000000000000E+00
    1.000000000000000E+00
    1.000000000000000E+00
    1.000000000000000E+00
    1.000000000000000E+00
    1.000000000000000E+00
    1.000000000000000E+00
    1.000000000000000E+00
    1.000000000000000E+00
    1.000000000000000E+00
    1.000000000000000E+00
    1.000000000000000E+00
    1.000000000000000E+00
    1.000000000000000E+00
    1.000000000000000E+00
    1.000000000000000E+00
    1.000000000000000E+00
    1.000000000000000E+00
    1.000000000000000E+00
    1.000000000000000E+00
    1.000000000000000E+00
    1.000000000000000E+00
    1.000000000000000E+00
    1.000000000000000E+00
    1.000000000000000E+00
    1.000000000000000E+00
    1.000000000000000E+00
    1.000000000000000E+00
    1.000000000000000E+00
    1.000000000000000E+00
    1.000000000000000E+00
    1.000000000000000E+00
    1.000000000000000E+00
    1.000000000000000E+00
    1.000000000000000E+00
    1.000000000000000E+00
    1.000000000000000E+00
    1.000000000000000E+00
    1.000000000000000E+00
    1.000000000000000E+00
    1.000000000000000E+00
    1.000000000000000E+00
    1.000000000000000E+00
    1.000000000000000E+00
    1.000000000000000E+00
    1.000000000000000E+00
    1.000000000000000E+00
    1.000000000000000E+00
    1.000000000000000E+00
    1.000000000000000E+00
    1.000000000000000E+00
    1.000000000000000E+00
    1.000000000000000E+00
    1.000000000000000E+00
    1.000000000000000E+00
    1.000000000000000E+00
    1.000000000000000E+00
    1.000000000000000E+00
    1.000000000000000E+00
    1.000000000000000E+00
    1.000000000000000E+00
    1.000000000000000E+00
    1.000000000000000E+00
    1.000000000000000E+00
    1.000000000000000E+00
    1.000000000000000E+00
    1.000000000000000E+00
    1.000000000000000E+00
    1.000000000000000E+00
    1.000000000000000E+00
    1.000000000000000E+00
    1.000000000000000E+00
    1.000000000000000E+00
    1.000000000000000E+00
    1.000000000000000E+00
    1.000000000000000E+00
    1.000000000000000E+00
    1.000000000000000E+00
    1.000000000000000E+00
    1.000000000000000E+00
    1.000000000000000E+00
    1.000000000000000E+00
    1.000000000000000E+00
    1.000000000000000E+00
    1.000000000000000E+00
    1.000000000000000E+00
    1.000000000000000E+00
    1.000000000000000E+00
    1.000000000000000E+00
    1.000000000000000E+00
    1.000000000000000E+00
    1.000000000000000E+00
    1.000000000000000E+00
    1.000000000000000E+00
    1.000000000000000E+00
    1.000000000000000E+00
    1.000000000000000E+00
    1.000000000000000E+00
    1.000000000000000E+00
    1.000000000000000E+00
    1.000000000000000E+00
    1.000000000000000E+00
    1.000000000000000E+00
    1.000000000000000E+00
    1.000000000000000E+00
    1.000000000000000E+00
    1.000000000000000E+00
    1.000000000000000E+00
    1.000000000000000E+00
    1.000000000000000E+00
    1.000000000000000E+00
    1.000000000000000E+00
    1.000000000000000E+00
    1.000000000000000E+00
    1.000000000000000E+00
    1.000000000000000E+00
    1.000000000000000E+00
    1.000000000000000E+00
    1.000000000000000E+00
    1.000000000000000E+00
    1.000000000000000E+00
    1.000000000000000E+00
    1.000000000000000E+00
    1.000000000000000E+00
    1.000000000000000E+00
    1.000000000000000E+00
    1.000000000000000E+00
    1.000000000000000E+00
    1.000000000000000E+00
    1.000000000000000E+00
    1.000000000000000E+00
    1.000000000000000E+00
    1.000000000000000E+00
    1.000000000000000E+00
    1.000000000000000E+00
    1.000000000000000E+00
    1.000000000000000E+00
    1.000000000000000E+00
    1.000000000000000E+00
    1.000000000000000E+00
    1.000000000000000E+00
    1.000000000000000E+00
    1.000000000000000E+00
    1.000000000000000E+00
    1.000000000000000E+00
    1.000000000000000E+00
    1.000000000000000E+00
    1.000000000000000E+00
    1.000000000000000E+00
    1.000000000000000E+00
    1.000000000000000E+00
    1.000000000000000E+00
    1.000000000000000E+00
    1.000000000000000E+00
    1.000000000000000E+00
    1.000000000000000E+00
    1.000000000000000E+00
    1.000000000000000E+00
    1.000000000000000E+00
    1.000000000000000E+00
    1.000000000000000E+00
    1.000000000000000E+00
    1.000000000000000E+00
    1.000000000000000E+00
    1.000000000000000E+00
    1.000000000000000E+00
    1.000000000000000E+00
    1.000000000000000E+00
    1.000000000000000E+00
    1.000000000000000E+00
    1.000000000000000E+00
    1.000000000000000E+00
    1.000000000000000E+00
    1.000000000000000E+00
    1.000000000000000E+00
    1.000000000000000E+00
    1.000000000000000E+00
    1.000000000000000E+00
    1.000000000000000E+00
    1.000000000000000E+00
    1.000000000000000E+00
    1.000000000000000E+00
    1.000000000000000E+00
    1.000000000000000E+00
    1.000000000000000E+00
    1.000000000000000E+00
    1.000000000000000E+00
    1.000000000000000E+00
    1.000000000000000E+00
    1.000000000000000E+00
    1.000000000000000E+00
    1.000000000000000E+00
    1.000000000000000E+00
    1.000000000000000E+00
    1.000000000000000E+00
    1.000000000000000E+00
    1.000000000000000E+00
    1.000000000000000E+00
    1.000000000000000E+00
    1.000000000000000E+00
    1.000000000000000E+00
    1.000000000000000E+00
    1.000000000000000E+00
    1.000000000000000E+00
    1.000000000000000E+00
    1.000000000000000E+00
    1.000000000000000E+00
    1.000000000000000E+00
    1.000000000000000E+00
    1.000000000000000E+00
    1.000000000000000E+00
    1.000000000000000E+00
    1.000000000000000E+00
    1.000000000000000E+00
    1.000000000000000E+00
    1.000000000000000E+00
    1.000000000000000E+00
    1.000000000000000E+00
    1.000000000000000E+00
    1.000000000000000E+00
    1.000000000000000E+00
    1.000000000000000E+00
    1.000000000000000E+00
    1.000000000000000E+00
    1.000000000000000E+00
    1.000000000000000E+00
    1.000000000000000E+00
    1.000000000000000E+00
    1.000000000000000E+00
    1.000000000000000E+00
    1.000000000000000E+00
    1.000000000000000E+00
    1.000000000000000E+00
    1.000000000000000E+00
    1.000000000000000E+00
    1.000000000000000E+00
    1.000000000000000E+00
    1.000000000000000E+00
    1.000000000000000E+00
    1.000000000000000E+00
    1.000000000000000E+00
    1.000000000000000E+00
    1.000000000000000E+00
    1.000000000000000E+00
    1.000000000000000E+00
    1.000000000000000E+00
    1.000000000000000E+00
    1.000000000000000E+00
    1.000000000000000E+00
    1.000000000000000E+00
    1.000000000000000E+00
    1.000000000000000E+00
    1.000000000000000E+00
    1.000000000000000E+00
    1.000000000000000E+00
    1.000000000000000E+00
    1.000000000000000E+00
    1.000000000000000E+00
    1.000000000000000E+00
    1.000000000000000E+00
    1.000000000000000E+00
    1.000000000000000E+00
    1.000000000000000E+00
    1.000000000000000E+00
    1.000000000000000E+00
    1.000000000000000E+00
    1.000000000000000E+00
    1.000000000000000E+00
    1.000000000000000E+00
    1.000000000000000E+00
    1.000000000000000E+00
    1.000000000000000E+00
    1.000000000000000E+00
    1.000000000000000E+00
    1.000000000000000E+00
    1.000000000000000E+00
    1.000000000000000E+00
    1.000000000000000E+00
    1.000000000000000E+00
    1.000000000000000E+00
    1.000000000000000E+00
    1.000000000000000E+00
    1.000000000000000E+00
    1.000000000000000E+00
    1.000000000000000E+00
    1.000000000000000E+00
    1.000000000000000E+00
    1.000000000000000E+00
    1.000000000000000E+00
    1.000000000000000E+00
    1.000000000000000E+00
    1.000000000000000E+00
    1.000000000000000E+00
    1.000000000000000E+00
    1.000000000000000E+00
    1.000000000000000E+00
    1.000000000000000E+00
    1.000000000000000E+00
    1.000000000000000E+00
    1.000000000000000E+00
    1.000000000000000E+00
    1.000000000000000E+00
    1.000000000000000E+00
    1.000000000000000E+00
    1.000000000000000E+00
    1.000000000000000E+00
    1.000000000000000E+00
    1.000000000000000E+00
    1.000000000000000E+00
    1.000000000000000E+00
    1.000000000000000E+00
    1.000000000000000E+00
    1.000000000000000E+00
    1.000000000000000E+00
    1.000000000000000E+00
    1.000000000000000E+00
    1.000000000000000E+00
    1.000000000000000E+00
    1.000000000000000E+00
    1.000000000000000E+00
    1.000000000000000E+00
    1.000000000000000E+00
    1.000000000000000E+00
    1.000000000000000E+00
    1.000000000000000E+00
    1.000000000000000E+00
    1.000000000000000E+00
    1.000000000000000E+00
    1.000000000000000E+00
    1.000000000000000E+00
    1.000000000000000E+00
    1.000000000000000E+00
    1.000000000000000E+00
    1.000000000000000E+00
    1.000000000000000E+00
    1.000000000000000E+00
    1.000000000000000E+00
    1.000000000000000E+00
    1.000000000000000E+00
    1.000000000000000E+00
    1.000000000000000E+00
    1.000000000000000E+00
    1.000000000000000E+00
    1.000000000000000E+00
    1.000000000000000E+00
    1.000000000000000E+00
    1.000000000000000E+00
    1.000000000000000E+00
    1.000000000000000E+00
    1.000000000000000E+00
    1.000000000000000E+00
    1.000000000000000E+00
    1.000000000000000E+00
    1.000000000000000E+00
    1.000000000000000E+00
    1.000000000000000E+00
    1.000000000000000E+00
    1.000000000000000E+00
    1.000000000000000E+00
    1.000000000000000E+00
    1.000000000000000E+00
    1.000000000000000E+00
    1.000000000000000E+00
    1.000000000000000E+00
    1.000000000000000E+00
    1.000000000000000E+00
    1.000000000000000E+00
    1.000000000000000E+00
    1.000000000000000E+00
    1.000000000000000E+00
    1.000000000000000E+00
    1.000000000000000E+00
    1.000000000000000E+00
    1.000000000000000E+00
    1.000000000000000E+00
    1.000000000000000E+00
    1.000000000000000E+00
    1.000000000000000E+00
    1.000000000000000E+00
    1.000000000000000E+00
    1.000000000000000E+00
    1.000000000000000E+00
    1.000000000000000E+00
    1.000000000000000E+00
    1.000000000000000E+00
    1.000000000000000E+00
    1.000000000000000E+00
    1.000000000000000E+00
    1.000000000000000E+00
    1.000000000000000E+00
    1.000000000000000E+00
    1.000000000000000E+00
    1.000000000000000E+00
    1.000000000000000E+00
    1.000000000000000E+00
    1.000000000000000E+00
    1.000000000000000E+00
    1.000000000000000E+00
    1.000000000000000E+00
    1.000000000000000E+00
    1.000000000000000E+00
    1.000000000000000E+00
    1.000000000000000E+00
    1.000000000000000E+00
    1.000000000000000E+00
    1.000000000000000E+00
    1.000000000000000E+00
    1.000000000000000E+00
    1.000000000000000E+00
    1.000000000000000E+00
    1.000000000000000E+00
    1.000000000000000E+00
    1.000000000000000E+00
    1.000000000000000E+00
    1.000000000000000E+00
    1.000000000000000E+00
    1.000000000000000E+00
    1.000000000000000E+00
    1.000000000000000E+00
    1.000000000000000E+00
    1.000000000000000E+00
    1.000000000000000E+00
    1.000000000000000E+00
    1.000000000000000E+00
    1.000000000000000E+00
    1.000000000000000E+00
    1.000000000000000E+00
    1.000000000000000E+00
    1.000000000000000E+00
    1.000000000000000E+00
    1.000000000000000E+00
    1.000000000000000E+00
    1.000000000000000E+00
    1.000000000000000E+00
    1.000000000000000E+00
    1.000000000000000E+00
    1.000000000000000E+00
    1.000000000000000E+00
    1.000000000000000E+00
    1.000000000000000E+00
    1.000000000000000E+00
    1.000000000000000E+00
    1.000000000000000E+00
    1.000000000000000E+00
    1.000000000000000E+00
    1.000000000000000E+00
    1.000000000000000E+00
    1.000000000000000E+00
    1.000000000000000E+00
    1.000000000000000E+00
    1.000000000000000E+00
    1.000000000000000E+00
    1.000000000000000E+00
    1.000000000000000E+00
    1.000000000000000E+00
    1.000000000000000E+00
    1.000000000000000E+00
    1.000000000000000E+00
    1.000000000000000E+00
    1.000000000000000E+00
    1.000000000000000E+00
    1.000000000000000E+00
    1.000000000000000E+00
    1.000000000000000E+00
    1.000000000000000E+00
    1.000000000000000E+00
    1.000000000000000E+00
    1.000000000000000E+00
    1.000000000000000E+00
    1.000000000000000E+00
    1.000000000000000E+00
    1.000000000000000E+00
    1.000000000000000E+00
    1.000000000000000E+00
    1.000000000000000E+00
    1.000000000000000E+00
    1.000000000000000E+00
    1.000000000000000E+00
    1.000000000000000E+00
    1.000000000000000E+00
    1.000000000000000E+00
    1.000000000000000E+00
    1.000000000000000E+00
    1.000000000000000E+00
    1.000000000000000E+00
    1.000000000000000E+00
    1.000000000000000E+00
    1.000000000000000E+00
    1.000000000000000E+00
    1.000000000000000E+00
    1.000000000000000E+00
    1.000000000000000E+00
    1.000000000000000E+00
    1.000000000000000E+00
    1.000000000000000E+00
    1.000000000000000E+00
    1.000000000000000E+00
    1.000000000000000E+00
    1.000000000000000E+00
    1.000000000000000E+00
    1.000000000000000E+00
    1.000000000000000E+00
    1.000000000000000E+00
    1.000000000000000E+00
    1.000000000000000E+00
    1.000000000000000E+00
    1.000000000000000E+00
    1.000000000000000E+00
    1.000000000000000E+00
    1.000000000000000E+00
    1.000000000000000E+00
    1.000000000000000E+00
    1.000000000000000E+00
    1.000000000000000E+00
    1.000000000000000E+00
    1.000000000000000E+00
    1.000000000000000E+00
    1.000000000000000E+00
    1.000000000000000E+00
    1.000000000000000E+00
    1.000000000000000E+00
    1.000000000000000E+00
    1.000000000000000E+00
    1.000000000000000E+00
    1.000000000000000E+00
    1.000000000000000E+00
    1.000000000000000E+00
    1.000000000000000E+00
    1.000000000000000E+00
    1.000000000000000E+00
    1.000000000000000E+00
    1.000000000000000E+00
    1.000000000000000E+00
    1.000000000000000E+00
    1.000000000000000E+00
    1.000000000000000E+00
    1.000000000000000E+00
    1.000000000000000E+00
    1.000000000000000E+00
    1.000000000000000E+00
    1.000000000000000E+00
    1.000000000000000E+00
    1.000000000000000E+00
    1.000000000000000E+00
    1.000000000000000E+00
    1.000000000000000E+00
    1.000000000000000E+00
    1.000000000000000E+00
    1.000000000000000E+00
    1.000000000000000E+00
    1.000000000000000E+00
    1.000000000000000E+00
    1.000000000000000E+00
    1.000000000000000E+00
    1.000000000000000E+00
    1.000000000000000E+00
    1.000000000000000E+00
    1.000000000000000E+00
    1.000000000000000E+00
    1.000000000000000E+00
    1.000000000000000E+00
    1.000000000000000E+00
    1.000000000000000E+00
    1.000000000000000E+00
    1.000000000000000E+00
    1.000000000000000E+00
    1.000000000000000E+00
    1.000000000000000E+00
    1.000000000000000E+00
    1.000000000000000E+00
    1.000000000000000E+00
    1.000000000000000E+00
    1.000000000000000E+00
    1.000000000000000E+00
    1.000000000000000E+00
    1.000000000000000E+00
    1.000000000000000E+00
    1.000000000000000E+00
    1.000000000000000E+00
    1.000000000000000E+00
    1.000000000000000E+00
    1.000000000000000E+00
    1.000000000000000E+00
    1.000000000000000E+00
    1.000000000000000E+00
    1.000000000000000E+00
    1.000000000000000E+00
    1.000000000000000E+00
    1.000000000000000E+00
    1.000000000000000E+00
    1.000000000000000E+00
    1.000000000000000E+00
    1.000000000000000E+00
    1.000000000000000E+00
    1.000000000000000E+00
    1.000000000000000E+00
    1.000000000000000E+00
    1.000000000000000E+00
    1.000000000000000E+00
    1.000000000000000E+00
    1.000000000000000E+00
    1.000000000000000E+00
    1.000000000000000E+00
    1.000000000000000E+00
    1.000000000000000E+00
    1.000000000000000E+00
    1.000000000000000E+00
    1.000000000000000E+00
    1.000000000000000E+00
    1.000000000000000E+00
    1.000000000000000E+00
    1.000000000000000E+00
    1.000000000000000E+00
    1.000000000000000E+00
    1.000000000000000E+00
    1.000000000000000E+00
    1.000000000000000E+00
    1.000000000000000E+00
    1.000000000000000E+00
    1.000000000000000E+00
    1.000000000000000E+00
    1.000000000000000E+00
    1.000000000000000E+00
    1.000000000000000E+00
    1.000000000000000E+00
    1.000000000000000E+00
    1.000000000000000E+00
    1.000000000000000E+00
    1.000000000000000E+00
    1.000000000000000E+00
    1.000000000000000E+00
    1.000000000000000E+00
    1.000000000000000E+00
    1.000000000000000E+00
    1.000000000000000E+00
    1.000000000000000E+00
    1.000000000000000E+00
    1.000000000000000E+00
    1.000000000000000E+00
    1.000000000000000E+00
    1.000000000000000E+00
    1.000000000000000E+00
    1.000000000000000E+00
    1.000000000000000E+00
    1.000000000000000E+00
    1.000000000000000E+00
    1.000000000000000E+00
    1.000000000000000E+00
    1.000000000000000E+00
    1.000000000000000E+00
    1.000000000000000E+00
    1.000000000000000E+00
    1.000000000000000E+00
    1.000000000000000E+00
    1.000000000000000E+00
    1.000000000000000E+00
    1.000000000000000E+00
    1.000000000000000E+00
    1.000000000000000E+00
    1.000000000000000E+00
    1.000000000000000E+00
    1.000000000000000E+00
    1.000000000000000E+00
    1.000000000000000E+00
    1.000000000000000E+00
    1.000000000000000E+00
    1.000000000000000E+00
    1.000000000000000E+00
    1.000000000000000E+00
    1.000000000000000E+00
    1.000000000000000E+00
    1.000000000000000E+00
    1.000000000000000E+00
    1.000000000000000E+00
    1.000000000000000E+00
    1.000000000000000E+00
    1.000000000000000E+00
    1.000000000000000E+00
    1.000000000000000E+00
    1.000000000000000E+00
    1.000000000000000E+00
    1.000000000000000E+00
    1.000000000000000E+00
    1.000000000000000E+00
    1.000000000000000E+00
    1.000000000000000E+00
    1.000000000000000E+00
    1.000000000000000E+00
    1.000000000000000E+00
    1.000000000000000E+00
    1.000000000000000E+00
    1.000000000000000E+00
    1.000000000000000E+00
    1.000000000000000E+00
    1.000000000000000E+00
    1.000000000000000E+00
    1.000000000000000E+00
    1.000000000000000E+00
    1.000000000000000E+00
    1.000000000000000E+00
    1.000000000000000E+00
    1.000000000000000E+00
    1.000000000000000E+00
    1.000000000000000E+00
    1.000000000000000E+00
    1.000000000000000E+00
    1.000000000000000E+00
    1.000000000000000E+00
    1.000000000000000E+00
    1.000000000000000E+00
    1.000000000000000E+00
    1.000000000000000E+00
    1.000000000000000E+00
    1.000000000000000E+00
    1.000000000000000E+00
    1.000000000000000E+00
    1.000000000000000E+00
    1.000000000000000E+00
    1.000000000000000E+00
    1.000000000000000E+00
    1.000000000000000E+00
    1.000000000000000E+00
    1.000000000000000E+00
    1.000000000000000E+00
    1.000000000000000E+00
    1.000000000000000E+00
    1.000000000000000E+00
    1.000000000000000E+00
    1.000000000000000E+00
    1.000000000000000E+00
    1.000000000000000E+00
    1.000000000000000E+00
    1.000000000000000E+00
    1.000000000000000E+00
    1.000000000000000E+00
    1.000000000000000E+00
    1.000000000000000E+00
    1.000000000000000E+00
    1.000000000000000E+00
    1.000000000000000E+00
    1.000000000000000E+00
    1.000000000000000E+00
    1.000000000000000E+00
    1.000000000000000E+00
    1.000000000000000E+00
    1.000000000000000E+00
    1.000000000000000E+00
    1.000000000000000E+00
    1.000000000000000E+00
    1.000000000000000E+00
    1.000000000000000E+00
    1.000000000000000E+00
    1.000000000000000E+00
    1.000000000000000E+00
    1.000000000000000E+00
    1.000000000000000E+00
    1.000000000000000E+00
    1.000000000000000E+00
    1.000000000000000E+00
    1.000000000000000E+00
    1.000000000000000E+00
    1.000000000000000E+00
    1.000000000000000E+00
    1.000000000000000E+00
    1.000000000000000E+00
    1.000000000000000E+00
    1.000000000000000E+00
    1.000000000000000E+00
    1.000000000000000E+00
    1.000000000000000E+00
    1.000000000000000E+00
    1.000000000000000E+00
    1.000000000000000E+00
    1.000000000000000E+00
    1.000000000000000E+00
    1.000000000000000E+00
    1.000000000000000E+00
    1.000000000000000E+00
    1.000000000000000E+00
    1.000000000000000E+00
    1.000000000000000E+00
    1.000000000000000E+00
    1.000000000000000E+00
    1.000000000000000E+00
    1.000000000000000E+00
    1.000000000000000E+00
    1.000000000000000E+00
    1.000000000000000E+00
    1.000000000000000E+00
    1.000000000000000E+00
    1.000000000000000E+00
    1.000000000000000E+00
    1.000000000000000E+00
    1.000000000000000E+00
    1.000000000000000E+00
    1.000000000000000E+00
    1.000000000000000E+00
    1.000000000000000E+00
    1.000000000000000E+00
    1.000000000000000E+00
    1.000000000000000E+00
    1.000000000000000E+00
    1.000000000000000E+00
    1.000000000000000E+00
    1.000000000000000E+00
    1.000000000000000E+00
    1.000000000000000E+00
    1.000000000000000E+00
    1.000000000000000E+00
    1.000000000000000E+00
    1.000000000000000E+00
    1.000000000000000E+00
    1.000000000000000E+00
    1.000000000000000E+00
    1.000000000000000E+00
VECTORS velocity double
    3.459201631182095E-03   -1.999959161370897E-05    0.000000000000000E+00
    3.434419315537206E-03   -1.837762245921419E-05    0.000000000000000E+00
    3.447075566253440E-03   -2.467161866010927E-05    0.000000000000000E+00
    3.440577958546963E-03   -2.869861383637542E-05    0.000000000000000E+00
    3.443571087527208E-03   -3.347359413796377E-05    0.000000000000000E+00
    3.441836502683676E-03   -3.819818604617977E-05    0.000000000000000E+00
    3.442587650813692E-03   -4.274858427413423E-05    0.000000000000000E+00
    3.442147913024896E-03   -4.715656148836471E-05    0.000000000000000E+00
    3.442425896253851E-03   -5.118921489908155E-05    0.000000000000000E+00
    3.442424252514221E-03   -5.480906355186616E-05    0.000000000000000E+00
    3.442631452629496E-03   -5.791235609209087E-05    0.000000000000000E+00
    3.442782679762386E-03   -6.047520279052833E-05    0.000000000000000E+00
    3.442992394437777E-03   -6.246912313265892E-05    0.000000000000000E+00
    3.443186142864338E-03   -6.390680240420213E-05    0.000000000000000E+00
    3.443387742599576E-03   -6.480895025791861E-05    0.000000000000000E+00
    3.443573709962893E-03   -6.521659520247478E-05    0.000000000000000E+00
    3.443747143339362E-03   -6.517823121377582E-05    0.000000000000000E+00
    3.443900122270981E-03   -6.475083170024694E-05    0.000000000000000E+00
    3.444032518753813E-03   -6.399400845776691E-05    0.000000000000000E+00
    3.444142264106810E-03   -6.296840011034345E-05    0.000000000000000E+00
    3.444230000454931E-03   -6.173249567068155E-05    0.000000000000000E+00
    3.444296451212719E-03   -6.034101361714136E-05    0.000000000000000E+00
    3.444343457493494E-03   -5.884320835415423E-05    0.000000000000000E+00
    3.444373161838789E-03   -5.728195422197083E-05    0.000000000000000E+00
    3.444388137232989E-03   -5.569312654409006E-05    0.000000000000000E+00
    3.444391057926355E-03   -5.410546853583498E-05    0.000000000000000E+00
    3.444384630285812E-03   -5.254076423400173E-05    0.000000000000000E+00
    3.444371424540732E-03   -5.101431412571393E-05    0.000000000000000E+00
    3.444353798589695E-03   -4.953561143573613E-05    0.000000000000000E+00
    3.444333814550374E-03   -4.810917016467912E-05    0.000000000000000E+00
    3.444313196735602E-03   -4.673543112113996E-05    0.000000000000000E+00
    3.444293303988340E-03   -4.541169632028923E-05    0.000000000000000E+00
    3.444275127527142E-03   -4.413304339294349E-05    0.000000000000000E+00
    3.444259301018390E-03   -4.289318681758248E-05    0.000000000000000E+00
    3.444246125447499E-03   -4.168525991730433E-05    0.000000000000000E+00
    3.444235602426696E-03   -4.050250250842139E-05    0.000000000000000E+00
    3.444227473752055E-03   -3.933884659556611E-05    0.000000000000000E+00
    3.444221264561182E-03   -3.818939864709772E-05    0.000000000000000E+00
    3.444216328491404E-03   -3.705082098331934E-05    0.000000000000000E+00
    3.444211893778157E-03   -3.592161682497950E-05    0.000000000000000E+00
    3.444207109833604E-03   -3.480232368816963E-05    0.000000000000000E+00
    3.444201094221144E-03   -3.369561854225335E-05    0.000000000000000E+00
    3.444192980321401E-03   -3.260633570358862E-05    0.000000000000000E+00
    3.444181966084775E-03   -3.154139552692948E-05    0.000000000000000E+00
    3.444167364115542E-03   -3.050963898457599E-05    0.000000000000000E+00
    3.444148652827284E-03   -2.952156102854031E-05    0.000000000000000E+00
    3.444125527931483E-03   -2.858893464357793E-05    0.000000000000000E+00
    3.444097953133613E-03   -2.772431808619732E-05    0.000000000000000E+00
    3.444066207064268E-03   -2.694044046843986E-05    0.000000000000000E+00
    3.444030923640244E-03   -2.624946664094907E-05    0.000000000000000E+00
    3.443993124381487E-03   -2.566214786996560E-05    0.000000000000000E+00
    3.443954235872004E-03   -2.518687602103366E-05    0.000000000000000E+00
    3.443916087899835E-03   -2.482866855647463E-05    0.000000000000000E+00
    3.443880891623054E-03   -2.458812683071545E-05    0.000000000000000E+00
    3.443851182610479E-03   -2.446041811533005E-05    0.000000000000000E+00
    3.443829753482986E-03   -2.443435115163898E-05    0.000000000000000E+00
    3.443819520365190E-03   -2.449160986262832E-05    0.000000000000000E+00
    3.443823425480237E-03   -2.460625010656732E-05    0.000000000000000E+00
    3.443844177684442E-03   -2.474450060041070E-05    0.000000000000000E+00
    3.443884228052513E-03   -2.486503233115707E-05    0.000000000000000E+00
    3.443945226714099E-03   -2.491961378412835E-05    0.000000000000000E+00
    3.444028462362633E-03   -2.485451874679717E-05    0.000000000000000E+00
    3.444133343218849E-03   -2.461213574149090E-05    0.000000000000000E+00
    3.444259773059940E-03   -2.413392907644841E-05    0.000000000000000E+00
    3.444402891743435E-03   -2.336257138106619E-05    0.000000000000000E+00
    3.444562986884553E-03   -2.224734349055662E-05    0.000000000000000E+00
    3.444725631817419E-03   -2.074486464786819E-05    0.000000000000000E+00
    3.444900777150486E-03   -1.882980814299568E-05    0.000000000000000E+00
    3.445045618111846E-03   -1.648793731744656E-05    0.000000000000000E+00
    3.445217782724829E-03   -1.374224552182683E-05    0.000000000000000E+00
    3.445274038284628E-03   -1.061674442359167E-05    0.000000000000000E+00
    3.445462765424055E-03   -7.216408947337438E-06    0.000000000000000E+00
    3.445270088616517E-03   -3.589904178604042E-06    0.000000000000000E+00
    3.445684560974834E-03    3.770550471073516E-08    0.000000000000000E+00
    3.444716541761797E-03    3.618864287832278E-06    0.000000000000000E+00
    3.446355851015962E-03    6.797735315686493E-06    0.000000000000000E+00
    3.442754489718846E-03    9.693906382937314E-06    0.000000000000000E+00
    3.449103992098514E-03    1.152943797083839E-05    0.000000000000000E+00
    3.436608067609335E-03    1.272939428660819E-05    0.000000000000000E+00
    3.460835651133964E-03    1.610317741431514E-05    0.000000000000000E+00
    3.748242581344086E-03   -4.600947267960089E-06    0.000000000000000E+00
    3.722844289058709E-03   -4.511302801974515E-06    0.000000000000000E+00
    3.735640383480462E-03   -5.530178913545960E-06    0.000000000000000E+00
    3.729218286850636E-03   -6.379059522810728E-06    0.000000000000000E+00
    3.732252314859825E-03   -7.383509282348695E-06    0.000000000000000E+00
    3.730514960767913E-03   -8.413234839325001E-06    0.000000000000000E+00
    3.731293677301037E-03   -9.402971170593766E-06    0.000000000000000E+00
    3.730864090266185E-03   -1.036538218529186E-05    0.000000000000000E+00
    3.731161766946041E-03   -1.123845266571988E-05    0.000000000000000E+00
    3.731177578949129E-03   -1.201822644587823E-05    0.000000000000000E+00
    3.731404121698108E-03   -1.268016173098817E-05    0.000000000000000E+00
    3.731573011638723E-03   -1.322144365127365E-05    0.000000000000000E+00
    3.731799722904044E-03   -1.363664702560397E-05    0.000000000000000E+00
    3.732008387880048E-03   -1.393011437337272E-05    0.000000000000000E+00
    3.732223041903567E-03   -1.410723691044082E-05    0.000000000000000E+00
    3.732419841453612E-03   -1.417786033606822E-05    0.000000000000000E+00
    3.732602034016349E-03   -1.415307512946684E-05    0.000000000000000E+00
    3.732761755675027E-03   -1.404567979680429E-05    0.000000000000000E+00
    3.732899102010945E-03   -1.386882861964140E-05    0.000000000000000E+00
    3.733012218174856E-03   -1.363577269840610E-05    0.000000000000000E+00
    3.733102006559060E-03   -1.335917066916934E-05    0.000000000000000E+00
    3.733169439108134E-03   -1.305078090088826E-05    0.000000000000000E+00
    3.733216601518759E-03   -1.272111088889435E-05    0.000000000000000E+00
    3.733245856641599E-03   -1.237924482374478E-05    0.000000000000000E+00
    3.733259972954601E-03   -1.203272581940593E-05    0.000000000000000E+00
    3.733261789259410E-03   -1.168754383927206E-05    0.000000000000000E+00
    3.733254146910511E-03   -1.134818481431113E-05    0.000000000000000E+00
    3.733239718907905E-03   -1.101774426657714E-05    0.000000000000000E+00
    3.733220938573902E-03   -1.069808088794377E-05    0.000000000000000E+00
    3.733199918740095E-03   -1.039000018139771E-05    0.000000000000000E+00
    3.733178412837028E-03   -1.009345298932992E-05    0.000000000000000E+00
    3.733157792207505E-03   -9.807738229665008E-06    0.000000000000000E+00
    3.733139045690751E-03   -9.531699711017528E-06    0.000000000000000E+00
    3.733122794835690E-03   -9.263910061765773E-06    0.000000000000000E+00
    3.733109321276654E-03   -9.002836788296452E-06    0.000000000000000E+00
    3.733098602435488E-03   -8.746987310695513E-06    0.000000000000000E+00
    3.733090353084548E-03   -8.495031751481396E-06    0.000000000000000E+00
    3.733084069861319E-03   -8.245903481510892E-06    0.000000000000000E+00
    3.733079077267653E-03   -7.998878255908527E-06    0.000000000000000E+00
    3.733074574137430E-03   -7.753633151626795E-06    0.000000000000000E+00
    3.733069680253004E-03   -7.510286476866956E-06    0.000000000000000E+00
    3.733063483136207E-03   -7.269419532376788E-06    0.000000000000000E+00
    3.733055085460547E-03   -7.032080514612209E-06    0.000000000000000E+00
    3.733043653629791E-03   -6.799770164066104E-06    0.000000000000000E+00
    3.733028467889727E-03   -6.574408014590471E-06    0.000000000000000E+00
    3.733008973880173E-03   -6.358277587934783E-06    0.000000000000000E+00
    3.732984835013877E-03   -6.153948634820598E-06    0.000000000000000E+00
    3.732955984316155E-03   -5.964174523192084E-06    0.000000000000000E+00
    3.732922673962710E-03   -5.791763388229782E-06    0.000000000000000E+00
    3.732885519274291E-03   -5.639423164494880E-06    0.000000000000000E+00
    3.732845532888391E-03   -5.509581247213719E-06    0.000000000000000E+00
    3.732804146650023E-03   -5.404182176738633E-06    0.000000000000000E+00
    3.732763213197779E-03   -5.324468917251318E-06    0.000000000000000E+00
    3.732724989275585E-03   -5.270756457570079E-06    0.000000000000000E+00
    3.732692084109322E-03   -5.242208457136084E-06    0.000000000000000E+00
    3.732667393471951E-03   -5.236631546642059E-06    0.000000000000000E+00
    3.732653968669767E-03   -5.250300554462830E-06    0.000000000000000E+00
    3.732654921280002E-03   -5.277837764874866E-06    0.000000000000000E+00
    3.732673155989386E-03   -5.312154390692764E-06    0.000000000000000E+00
    3.732711347452615E-03   -5.344493446815154E-06    0.000000000000000E+00
    3.732771381426553E-03   -5.364547613900226E-06    0.000000000000000E+00
    3.732854794046644E-03   -5.360747455650077E-06    0.000000000000000E+00
    3.732961210196870E-03   -5.320573379710928E-06    0.000000000000000E+00
    3.733090746774585E-03   -5.231196054395691E-06    0.000000000000000E+00
    3.733238631467543E-03   -5.079869375412683E-06    0.000000000000000E+00
    3.733405271431071E-03   -4.855168973115831E-06    0.000000000000000E+00
    3.733576001071973E-03   -4.546971313204056E-06    0.000000000000000E+00
    3.733760823980675E-03   -4.149098893445017E-06    0.000000000000000E+00
    3.733915978504945E-03   -3.657220071451470E-06    0.000000000000000E+00
    3.734099510953804E-03   -3.075782470062085E-06    0.000000000000000E+00
    3.734165250974069E-03   -2.407910145296233E-06    0.000000000000000E+00
    3.734365030231149E-03   -1.677283038613254E-06    0.000000000000000E+00
    3.734175702878611E-03   -8.910305083127899E-07    0.000000000000000E+00
    3.734597678993424E-03   -1.034110957850185E-07    0.000000000000000E+00
    3.733622881516980E-03    6.848602667780502E-07    0.000000000000000E+00
    3.735268700391438E-03    1.373663545737682E-06    0.000000000000000E+00
    3.731610201406299E-03    2.033374496249492E-06    0.000000000000000E+00
    3.738037363880379E-03    2.431225682600836E-06    0.000000000000000E+00
    3.725246622161711E-03    3.018651016065209E-06    0.000000000000000E+00
    3.750164643880690E-03    3.513223893800504E-06    0.000000000000000E+00
    4.018028424963904E-03   -2.168892132219804E-06    0.000000000000000E+00
    3.992050408477403E-03   -2.349690256248069E-06    0.000000000000000E+00
    4.004884394521084E-03   -2.586834667945091E-06    0.000000000000000E+00
    3.998495652113956E-03   -2.900981687921153E-06    0.000000000000000E+00
    4.001550784032421E-03   -3.379320003689889E-06    0.000000000000000E+00
    3.999811764261954E-03   -3.900567424017697E-06    0.000000000000000E+00
    4.000605533883323E-03   -4.408256608153919E-06    0.000000000000000E+00
    4.000178846197335E-03   -4.915530938515904E-06    0.000000000000000E+00
    4.000483429696560E-03   -5.372728600940564E-06    0.000000000000000E+00
    4.000502879870910E-03   -5.780864461031211E-06    0.000000000000000E+00
    4.000732811508661E-03   -6.124837697417882E-06    0.000000000000000E+00
    4.000903010479275E-03   -6.403985933874028E-06    0.000000000000000E+00
    4.001130026502473E-03   -6.615697037744679E-06    0.000000000000000E+00
    4.001337546265307E-03   -6.763113063859107E-06    0.000000000000000E+00
    4.001550133041648E-03   -6.849500927497393E-06    0.000000000000000E+00
    4.001744044406395E-03   -6.880594386168358E-06    0.000000000000000E+00
    4.001922883394933E-03   -6.862574029691331E-06    0.000000000000000E+00
    4.002079007859864E-03   -6.802482190243372E-06    0.000000000000000E+00
    4.002212770763072E-03   -6.707440288823166E-06    0.000000000000000E+00
    4.002322501739476E-03   -6.584561124723476E-06    0.000000000000000E+00
    4.002409258863145E-03   -6.440572541263498E-06    0.000000000000000E+00
    4.002474113027659E-03   -6.281672847544418E-06    0.000000000000000E+00
    4.002519207777804E-03   -6.113346919511315E-06    0.000000000000000E+00
    4.002546920466443E-03   -5.940285457268369E-06    0.000000000000000E+00
    4.002560000942935E-03   -5.766329124732655E-06    0.000000000000000E+00
    4.002561242055455E-03   -5.594471392511566E-06    0.000000000000000E+00
    4.002553420262523E-03   -5.426892351506782E-06    0.000000000000000E+00
    4.002539133681077E-03   -5.265027661043138E-06    0.000000000000000E+00
    4.002520735522306E-03   -5.109657877339097E-06    0.000000000000000E+00
    4.002500259962217E-03   -4.961011888579747E-06    0.000000000000000E+00
    4.002479387970396E-03   -4.818877250829153E-06    0.000000000000000E+00
    4.002459427773558E-03   -4.682711365148006E-06    0.000000000000000E+00
    4.002441317317088E-03   -4.551748027793906E-06    0.000000000000000E+00
    4.002425640272911E-03   -4.425095817237355E-06    0.000000000000000E+00
    4.002412653847446E-03   -4.301825760950014E-06    0.000000000000000E+00
    4.002402324070736E-03   -4.181046977430968E-06    0.000000000000000E+00
    4.002394366263842E-03   -4.061969912393653E-06    0.000000000000000E+00
    4.002388288004739E-03   -3.943957506762450E-06    0.000000000000000E+00
    4.002383433253698E-03   -3.826565065587099E-06    0.000000000000000E+00
    4.002379026647730E-03   -3.709569759691532E-06    0.000000000000000E+00
    4.002374217757601E-03   -3.592990602293406E-06    0.000000000000000E+00
    4.002368125424074E-03   -3.477099530266361E-06    0.000000000000000E+00
    4.002359882659871E-03   -3.362423841745121E-06    0.000000000000000E+00
    4.002348682689263E-03   -3.249739770620804E-06    0.000000000000000E+00
    4.002333826498900E-03   -3.140056490298657E-06    0.000000000000000E+00
    4.002314771960277E-03   -3.034589491335059E-06    0.000000000000000E+00
    4.002291183976420E-03   -2.934722069414574E-06    0.000000000000000E+00
    4.002262984484316E-03   -2.841953622278619E-06    0.000000000000000E+00
    4.002230400393700E-03   -2.757833630310167E-06    0.000000000000000E+00
    4.002194006720731E-03   -2.683881064923956E-06    0.000000000000000E+00
    4.002154761077065E-03   -2.621489224856398E-06    0.000000000000000E+00
    4.002114026469130E-03   -2.571817453319446E-06    0.000000000000000E+00
    4.002073575231363E-03   -2.535672456932035E-06    0.000000000000000E+00
    4.002035575781803E-03   -2.513383805813433E-06    0.000000000000000E+00
    4.002002545327794E-03   -2.504679148993703E-06    0.000000000000000E+00
    4.001977290624289E-03   -2.508567130801073E-06    0.000000000000000E+00
    4.001962783638888E-03   -2.523235118236974E-06    0.000000000000000E+00
    4.001962073526341E-03   -2.545974230469536E-06    0.000000000000000E+00
    4.001978028952235E-03   -2.573136622005688E-06    0.000000000000000E+00
    4.002013322793569E-03   -2.600149131410055E-06    0.000000000000000E+00
    4.002069875249927E-03   -2.621562405933463E-06    0.000000000000000E+00
    4.002149306145666E-03   -2.631198406103060E-06    0.000000000000000E+00
    4.002251357296840E-03   -2.622298546961110E-06    0.000000000000000E+00
    4.002376326018586E-03   -2.587874520273026E-06    0.000000000000000E+00
    4.002519612160861E-03   -2.520877985877387E-06    0.000000000000000E+00
    4.002681899175878E-03   -2.414923393651979E-06    0.000000000000000E+00
    4.002848645309755E-03   -2.264155825379960E-06    0.000000000000000E+00
    4.003030258163733E-03   -2.064897722313101E-06    0.000000000000000E+00
    4.003182780299188E-03   -1.814122857576511E-06    0.000000000000000E+00
    4.003365061347071E-03   -1.514073525954057E-06    0.000000000000000E+00
    4.003429557668953E-03   -1.165085755517860E-06    0.000000000000000E+00
    4.003630836064710E-03   -7.812576543393355E-07    0.000000000000000E+00
    4.003440394438238E-03   -3.641842121929941E-07    0.000000000000000E+00
    4.003866585318680E-03    5.394726377191827E-08    0.000000000000000E+00
    4.002889446069942E-03    4.734417385811309E-07    0.000000000000000E+00
    4.004545264284077E-03    8.277034037660394E-07    0.000000000000000E+00
    4.000856951586217E-03    1.206302881694754E-06    0.000000000000000E+00
    4.007355086403109E-03    1.361833750940333E-06    0.000000000000000E+00
    3.994419124523843E-03    1.898557169876960E-06    0.000000000000000E+00
    4.019946243903858E-03    2.129211917305330E-06    0.000000000000000E+00
    4.268683477350159E-03   -7.766557681759570E-07    0.000000000000000E+00
    4.242006790472559E-03   -1.101345982669535E-06    0.000000000000000E+00
    4.254842245574503E-03   -8.071552227521107E-07    0.000000000000000E+00
    4.248424821169218E-03   -7.844188436767224E-07    0.000000000000000E+00
    4.251489398565928E-03   -8.999199299059367E-07    0.000000000000000E+00
    4.249742465386227E-03   -1.081715758640707E-06    0.000000000000000E+00
    4.250538249448611E-03   -1.269132536425158E-06    0.000000000000000E+00
    4.250104346196027E-03   -1.470869083497586E-06    0.000000000000000E+00
    4.250400848102403E-03   -1.648532420101165E-06    0.000000000000000E+00
    4.250407636609243E-03   -1.805270329571296E-06    0.000000000000000E+00
    4.250622783564978E-03   -1.932795265535203E-06    0.000000000000000E+00
    4.250775746528373E-03   -2.032152761193469E-06    0.000000000000000E+00
    4.250984461932401E-03   -2.103015608058019E-06    0.000000000000000E+00
    4.251173093903258E-03   -2.147909284154934E-06    0.000000000000000E+00
    4.251367094859710E-03   -2.168920549579757E-06    0.000000000000000E+00
    4.251543268504243E-03   -2.169127578196640E-06    0.000000000000000E+00
    4.251705771725844E-03   -2.151497450669097E-06    0.000000000000000E+00
    4.251847322208864E-03   -2.119224445564159E-06    0.000000000000000E+00
    4.251968536031275E-03   -2.075370354597038E-06    0.000000000000000E+00
    4.252067864528856E-03   -2.022889659115136E-06    0.000000000000000E+00
    4.252146384095702E-03   -1.964481268878493E-06    0.000000000000000E+00
    4.252205082957791E-03   -1.902557768555165E-06    0.000000000000000E+00
    4.252245946656603E-03   -1.839181847915374E-06    0.000000000000000E+00
    4.252271135536652E-03   -1.776050246867858E-06    0.000000000000000E+00
    4.252283145097942E-03   -1.714482597624610E-06    0.000000000000000E+00
    4.252284494351083E-03   -1.655435168153107E-06    0.000000000000000E+00
    4.252277684246187E-03   -1.599524520661193E-06    0.000000000000000E+00
    4.252265046714147E-03   -1.547065907237256E-06    0.000000000000000E+00
    4.252248693695298E-03   -1.498118244307058E-06    0.000000000000000E+00
    4.252230447923814E-03   -1.452532149088095E-06    0.000000000000000E+00
    4.252211814889560E-03   -1.409999622956120E-06    0.000000000000000E+00
    4.252193965764098E-03   -1.370102256287060E-06    0.000000000000000E+00
    4.252177740487981E-03   -1.332355850998880E-06    0.000000000000000E+00
    4.252163662197028E-03   -1.296250203841980E-06    0.000000000000000E+00
    4.252151962363519E-03   -1.261283243159961E-06    0.000000000000000E+00
    4.252142612394489E-03   -1.226989360159557E-06    0.000000000000000E+00
    4.252135359808121E-03   -1.192962126453668E-06    0.000000000000000E+00
    4.252129766605428E-03   -1.158871926051516E-06    0.000000000000000E+00
    4.252125248704985E-03   -1.124479194046175E-06    0.000000000000000E+00
    4.252121115480151E-03   -1.089643963324792E-06    0.000000000000000E+00
    4.252116609261318E-03   -1.054332310125983E-06    0.000000000000000E+00
    4.252110944941523E-03   -1.018620147893784E-06    0.000000000000000E+00
    4.252103350097173E-03   -9.826945726672863E-07    0.000000000000000E+00
    4.252093106106008E-03   -9.468526750776272E-07    0.000000000000000E+00
    4.252079590531842E-03   -9.114974131860457E-07    0.000000000000000E+00
    4.252062320921559E-03   -8.771299138844366E-07    0.000000000000000E+00
    4.252040999491872E-03   -8.443374153756948E-07    0.000000000000000E+00
    4.252015557709361E-03   -8.137759716486696E-07    0.000000000000000E+00
    4.251986198969298E-03   -7.861470102757383E-07    0.000000000000000E+00
    4.251953437131340E-03   -7.621673284145323E-07    0.000000000000000E+00
    4.251918127371973E-03   -7.425319875368209E-07    0.000000000000000E+00
    4.251881486873249E-03   -7.278702619622550E-07    0.000000000000000E+00
    4.251845098629699E-03   -7.186954682431880E-07    0.000000000000000E+00
    4.251810900605757E-03   -7.153503218140572E-07    0.000000000000000E+00
    4.251781143629127E-03   -7.179499625202127E-07    0.000000000000000E+00
    4.251758340958165E-03   -7.263258582318257E-07    0.000000000000000E+00
    4.251745155558451E-03   -7.399734393395637E-07    0.000000000000000E+00
    4.251744327425067E-03   -7.580086576783266E-07    0.000000000000000E+00
    4.251758437084258E-03   -7.791358765009300E-07    0.000000000000000E+00
    4.251789907632295E-03   -8.016406290170159E-07    0.000000000000000E+00
    4.251840470543639E-03   -8.233911707178816E-07    0.000000000000000E+00
    4.251911644504467E-03   -8.418864325833740E-07    0.000000000000000E+00
    4.252003169496322E-03   -8.542913233555476E-07    0.000000000000000E+00
    4.252115476660151E-03   -8.575817370225248E-07    0.000000000000000E+00
    4.252244213457206E-03   -8.485655726319339E-07    0.000000000000000E+00
    4.252390500883375E-03   -8.242336356335888E-07    0.000000000000000E+00
    4.252540291033760E-03   -7.815761649031921E-07    0.000000000000000E+00
    4.252704788240296E-03   -7.185005982638478E-07    0.000000000000000E+00
    4.252840624112347E-03   -6.327818246412581E-07    0.000000000000000E+00
    4.253007938632050E-03   -5.249544417685045E-07    0.000000000000000E+00
    4.253059343161194E-03   -3.935225055477952E-07    0.000000000000000E+00
    4.253251858786718E-03   -2.455710179633802E-07    0.000000000000000E+00
    4.253054869368263E-03   -7.942502935020192E-08    0.000000000000000E+00
    4.253482492523207E-03    8.753817021917456E-08    0.000000000000000E+00
    4.252506912264108E-03    2.579684994655725E-07    0.000000000000000E+00
    4.254178331252969E-03    3.863976435394827E-07    0.000000000000000E+00
    4.250487182520726E-03    5.659232109094676E-07    0.000000000000000E+00
    4.257061967380477E-03    5.780007951872664E-07    0.000000000000000E+00
    4.244059240551749E-03    1.051202605471740E-06    0.000000000000000E+00
    4.270273012131692E-03    1.060819357039222E-06    0.000000000000000E+00
    4.499815557697365E-03   -4.196159887370182E-07    0.000000000000000E+00
    4.472590003027487E-03   -7.626508946274582E-07    0.000000000000000E+00
    4.485367145776151E-03   -3.358163825737451E-07    0.000000000000000E+00
    4.478885324438032E-03   -2.189491444988286E-07    0.000000000000000E+00
    4.481941484076629E-03   -2.365365693791676E-07    0.000000000000000E+00
    4.480181231860237E-03   -3.390980408450623E-07    0.000000000000000E+00
    4.480971719826085E-03   -4.556382253349869E-07    0.000000000000000E+00
    4.480527057407912E-03   -5.899668491958826E-07    0.000000000000000E+00
    4.480811261783452E-03   -7.058997314133180E-07    0.000000000000000E+00
    4.480801575335546E-03   -8.055857095965984E-07    0.000000000000000E+00
    4.480997948952010E-03   -8.828326604286304E-07    0.000000000000000E+00
    4.481129944972780E-03   -9.390617714895269E-07    0.000000000000000E+00
    4.481316761364749E-03   -9.750183448851147E-07    0.000000000000000E+00
    4.481483267254411E-03   -9.933292384266817E-07    0.000000000000000E+00
    4.481655801134179E-03   -9.961768674228640E-07    0.000000000000000E+00
    4.481811782553240E-03   -9.862368735333705E-07    0.000000000000000E+00
    4.481955913713530E-03   -9.659380404455542E-07    0.000000000000000E+00
    4.482081267815560E-03   -9.377095264174660E-07    0.000000000000000E+00
    4.482188690118506E-03   -9.037696145403196E-07    0.000000000000000E+00
    4.482276715948218E-03   -8.661619837263149E-07    0.000000000000000E+00
    4.482346392374949E-03   -8.266788904025863E-07    0.000000000000000E+00
    4.482398576782165E-03   -7.868561997596199E-07    0.000000000000000E+00
    4.482435048061693E-03   -7.479459673264448E-07    0.000000000000000E+00
    4.482457704139919E-03   -7.109180394311221E-07    0.000000000000000E+00
    4.482468744727484E-03   -6.764640421572840E-07    0.000000000000000E+00
    4.482470378871369E-03   -6.450167248552545E-07    0.000000000000000E+00
    4.482464799978621E-03   -6.167743791972876E-07    0.000000000000000E+00
    4.482454051941351E-03   -5.917349348169479E-07    0.000000000000000E+00
    4.482439984911038E-03   -5.697332025635675E-07    0.000000000000000E+00
    4.482424196108080E-03   -5.504775981375882E-07    0.000000000000000E+00
    4.482408006014796E-03   -5.335872516379408E-07    0.000000000000000E+00
    4.482392443212605E-03   -5.186265309279236E-07    0.000000000000000E+00
    4.482378247310305E-03   -5.051358296142593E-07    0.000000000000000E+00
    4.482365881274448E-03   -4.926579312353084E-07    0.000000000000000E+00
    4.482355553293156E-03   -4.807595987410177E-07    0.000000000000000E+00
    4.482347244168443E-03   -4.690485713698766E-07    0.000000000000000E+00
    4.482340738785835E-03   -4.571863800076693E-07    0.000000000000000E+00
    4.482335659553228E-03   -4.448976313496349E-07    0.000000000000000E+00
    4.482331500870999E-03   -4.319765251389427E-07    0.000000000000000E+00
    4.482327663726966E-03   -4.182913145391161E-07    0.000000000000000E+00
    4.482323490325889E-03   -4.037872951416702E-07    0.000000000000000E+00
    4.482318298854380E-03   -3.884887793325784E-07    0.000000000000000E+00
    4.482311418712398E-03   -3.725002565493776E-07    0.000000000000000E+00
    4.482302226594592E-03   -3.560066991260688E-07    0.000000000000000E+00
    4.482290183583489E-03   -3.392726472327734E-07    0.000000000000000E+00
    4.482274873420597E-03   -3.226394912330999E-07    0.000000000000000E+00
    4.482256041456566E-03   -3.065202264851720E-07    0.000000000000000E+00
    4.482233633429734E-03   -2.913908145128935E-07    0.000000000000000E+00
    4.482207832468357E-03   -2.777772096060118E-07    0.000000000000000E+00
    4.482179092495490E-03   -2.662375058384681E-07    0.000000000000000E+00
    4.482148164752270E-03   -2.573384303427239E-07    0.000000000000000E+00
    4.482116115717479E-03   -2.516259622105890E-07    0.000000000000000E+00
    4.482084330038603E-03   -2.495903847362881E-07    0.000000000000000E+00
    4.482054501436788E-03   -2.516266413426134E-07    0.000000000000000E+00
    4.482028595325524E-03   -2.579913942284172E-07    0.000000000000000E+00
    4.482008806608112E-03   -2.687587275389375E-07    0.000000000000000E+00
    4.481997458822911E-03   -2.837765989328292E-07    0.000000000000000E+00
    4.481996947251824E-03   -3.026271157363042E-07    0.000000000000000E+00
    4.482009520423230E-03   -3.245932564414689E-07    0.000000000000000E+00
    4.482037307889191E-03   -3.486423800756356E-07    0.000000000000000E+00
    4.482081805970628E-03   -3.734133057049787E-07    0.000000000000000E+00
    4.482144385527041E-03   -3.972346985919089E-07    0.000000000000000E+00
    4.482224744340970E-03   -4.181332253454358E-07    0.000000000000000E+00
    4.482323411388678E-03   -4.339202054714149E-07    0.000000000000000E+00
    4.482436266844297E-03   -4.421872459378758E-07    0.000000000000000E+00
    4.482564857190954E-03   -4.405455872872498E-07    0.000000000000000E+00
    4.482695669391580E-03   -4.264746234542038E-07    0.000000000000000E+00
    4.482840717890342E-03   -3.979961950316137E-07    0.000000000000000E+00
    4.482957368038164E-03   -3.528903898790950E-07    0.000000000000000E+00
    4.483107037314033E-03   -2.909509526162773E-07    0.000000000000000E+00
    4.483142877492781E-03   -2.102677216154809E-07    0.000000000000000E+00
    4.483323928714192E-03   -1.158479301462481E-07    0.000000000000000E+00
    4.483118720101181E-03   -5.920768100424224E-09    0.000000000000000E+00
    4.483545454050839E-03    1.059453234647497E-07    0.000000000000000E+00
    4.482570405276899E-03    2.212955392969643E-07    0.000000000000000E+00
    4.484255521585173E-03    3.004442798730747E-07    0.000000000000000E+00
    4.480566561769088E-03    4.327402598036846E-07    0.000000000000000E+00
    4.487205405607826E-03    4.106538369933216E-07    0.000000000000000E+00
    4.474179717550359E-03    8.457944680818283E-07    0.000000000000000E+00
    4.500867942030974E-03    7.884843863944473E-07    0.000000000000000E+00
    4.711402202851771E-03   -2.147554349769013E-07    0.000000000000000E+00
    4.683735937178399E-03   -5.634736442906782E-07    0.000000000000000E+00
    4.696420798895940E-03   -1.003670223056069E-07    0.000000000000000E+00
    4.689849314384088E-03    5.218549966452765E-08    0.000000000000000E+00
    4.692881037784464E-03    7.488248233770815E-08    0.000000000000000E+00
    4.691102130559135E-03   -6.966647061899038E-10    0.000000000000000E+00
    4.691882238457966E-03   -9.625440902017076E-08    0.000000000000000E+00
    4.691424786249104E-03   -2.100093391897487E-07    0.000000000000000E+00
    4.691694939501123E-03   -3.072055957807734E-07    0.000000000000000E+00
    4.691667622483318E-03   -3.882722669939369E-07    0.000000000000000E+00
    4.691844158437513E-03   -4.483494640263690E-07    0.000000000000000E+00
    4.691954401328267E-03   -4.888992362951185E-07    0.000000000000000E+00
    4.692118637041043E-03   -5.115052839528966E-07    0.000000000000000E+00
    4.692262521002476E-03   -5.189657272571117E-07    0.000000000000000E+00
    4.692413220924915E-03   -5.137742630304185E-07    0.000000000000000E+00
    4.692548776937990E-03   -4.985965546018508E-07    0.000000000000000E+00
    4.692674401591934E-03   -4.758159341707096E-07    0.000000000000000E+00
    4.692783504084965E-03   -4.476721058036041E-07    0.000000000000000E+00
    4.692877130406220E-03   -4.161524892940321E-07    0.000000000000000E+00
    4.692953878912916E-03   -3.830148156535154E-07    0.000000000000000E+00
    4.693014747749275E-03   -3.497524072487671E-07    0.000000000000000E+00
    4.693060449799162E-03   -3.175955462574008E-07    0.000000000000000E+00
    4.693092547625894E-03   -2.875032506053781E-07    0.000000000000000E+00
    4.693112671715466E-03   -2.601719138096785E-07    0.000000000000000E+00
    4.693122724426672E-03   -2.360477962257803E-07    0.000000000000000E+00
    4.693124606208709E-03   -2.153498469298778E-07    0.000000000000000E+00
    4.693120206499877E-03   -1.980964493717773E-07    0.000000000000000E+00
    4.693111285289074E-03   -1.841394062198171E-07    0.000000000000000E+00
    4.693099436398751E-03   -1.731999602224217E-07    0.000000000000000E+00
    4.693086036694269E-03   -1.649027226256563E-07    0.000000000000000E+00
    4.693072226329969E-03   -1.588091851915248E-07    0.000000000000000E+00
    4.693058895243876E-03   -1.544480972023361E-07    0.000000000000000E+00
    4.693046685701745E-03   -1.513418111134382E-07    0.000000000000000E+00
    4.693036002501414E-03   -1.490281362859767E-07    0.000000000000000E+00
    4.693027031539752E-03   -1.470775463117835E-07    0.000000000000000E+00
    4.693019763063998E-03   -1.451060714202041E-07    0.000000000000000E+00
    4.693014018540026E-03   -1.427844180505673E-07    0.000000000000000E+00
    4.693009479285235E-03   -1.398440586942191E-07    0.000000000000000E+00
    4.693005716099398E-03   -1.360811149766661E-07    0.000000000000000E+00
    4.693002219072588E-03   -1.313587958739113E-07    0.000000000000000E+00
    4.692998427504999E-03   -1.256090199503669E-07    0.000000000000000E+00
    4.692993759982797E-03   -1.188336926379975E-07    0.000000000000000E+00
    4.692987644867164E-03   -1.111058546962382E-07    0.000000000000000E+00
    4.692979551494740E-03   -1.025706627756499E-07    0.000000000000000E+00
    4.692969022170078E-03   -9.344584888077049E-08    0.000000000000000E+00
    4.692955705090659E-03   -8.402107689587878E-08    0.000000000000000E+00
    4.692939387743054E-03   -7.465544102017040E-08    0.000000000000000E+00
    4.692920030050104E-03   -6.577220334455843E-08    0.000000000000000E+00
    4.692897795862211E-03   -5.784977233458871E-08    0.000000000000000E+00
    4.692873081334194E-03   -5.140826390962200E-08    0.000000000000000E+00
    4.692846537184502E-03   -4.699073995613050E-08    0.000000000000000E+00
    4.692819083790758E-03   -4.513872605923130E-08    0.000000000000000E+00
    4.692791913092787E-03   -4.636209231494579E-08    0.000000000000000E+00
    4.692766480953706E-03   -5.110384114679995E-08    0.000000000000000E+00
    4.692744474109372E-03   -5.970097401447939E-08    0.000000000000000E+00
    4.692727775571197E-03   -7.234282987260216E-08    0.000000000000000E+00
    4.692718375015106E-03   -8.902894120045909E-08    0.000000000000000E+00
    4.692718326599755E-03   -1.095283348796526E-07    0.000000000000000E+00
    4.692729548825434E-03   -1.333439237941415E-07    0.000000000000000E+00
    4.692753875271794E-03   -1.596898451630534E-07    0.000000000000000E+00
    4.692792561427776E-03   -1.874717804122537E-07    0.000000000000000E+00
    4.692846819560756E-03   -2.152903846914255E-07    0.000000000000000E+00
    4.692916291672904E-03   -2.414410058471355E-07    0.000000000000000E+00
    4.693001584460931E-03   -2.639703492487823E-07    0.000000000000000E+00
    4.693098793565029E-03   -2.806747456195625E-07    0.000000000000000E+00
    4.693209862120268E-03   -2.892737038079576E-07    0.000000000000000E+00
    4.693321804677428E-03   -2.873178230016733E-07    0.000000000000000E+00
    4.693447403613469E-03   -2.726936261757754E-07    0.000000000000000E+00
    4.693544789650035E-03   -2.431001257994277E-07    0.000000000000000E+00
    4.693676567660674E-03   -1.978074291947488E-07    0.000000000000000E+00
    4.693696580479438E-03   -1.348837176571220E-07    0.000000000000000E+00
    4.693865510233092E-03   -5.816111287700439E-08    0.000000000000000E+00
    4.693651714176164E-03    3.337751011260615E-08    0.000000000000000E+00
    4.694076170100981E-03    1.280923704246505E-07    0.000000000000000E+00
    4.693100523566808E-03    2.254099089102480E-07    0.000000000000000E+00
    4.694797065463790E-03    2.887050497617183E-07    0.000000000000000E+00
    4.691109803928550E-03    3.998936546718200E-07    0.000000000000000E+00
    4.697798983839659E-03    3.620311599323887E-07    0.000000000000000E+00
    4.684765445068008E-03    7.423709236432683E-07    0.000000000000000E+00
    4.711746550149566E-03    6.460461735605587E-07    0.000000000000000E+00
    4.903416612619443E-03   -6.695961204605859E-08    0.000000000000000E+00
    4.875396775294233E-03   -4.159994165154411E-07    0.000000000000000E+00
    4.887970792106199E-03    2.694480082173585E-08    0.000000000000000E+00
    4.881295004222097E-03    1.791288195385697E-07    0.000000000000000E+00
    4.884289989739630E-03    2.083574430160543E-07    0.000000000000000E+00
    4.882488208502261E-03    1.322120778208933E-07    0.000000000000000E+00
    4.883254944292910E-03    3.227130126524060E-08    0.000000000000000E+00
    4.882784121361560E-03   -8.405242178609530E-08    0.000000000000000E+00
    4.883040265657002E-03   -1.835320086100341E-07    0.000000000000000E+00
    4.882995985572033E-03   -2.647209034016866E-07    0.000000000000000E+00
    4.883153521058899E-03   -3.238172080380493E-07    0.000000000000000E+00
    4.883243067542543E-03   -3.621967753896284E-07    0.000000000000000E+00
    4.883385816772608E-03   -3.821680092895630E-07    0.000000000000000E+00
    4.883508213487206E-03   -3.867213774896780E-07    0.000000000000000E+00
    4.883638177494936E-03   -3.787437482610738E-07    0.000000000000000E+00
    4.883754345123262E-03   -3.610588739820275E-07    0.000000000000000E+00
    4.883862397726671E-03   -3.362218824675423E-07    0.000000000000000E+00
    4.883956059375475E-03   -3.065440218880291E-07    0.000000000000000E+00
    4.884036557772826E-03   -2.740642576642394E-07    0.000000000000000E+00
    4.884102547763168E-03   -2.405468811348175E-07    0.000000000000000E+00
    4.884154978645231E-03   -2.074743309414879E-07    0.000000000000000E+00
    4.884194427251108E-03   -1.760453206353959E-07    0.000000000000000E+00
    4.884222253722323E-03   -1.471770834668665E-07    0.000000000000000E+00
    4.884239839553061E-03   -1.215154152486383E-07    0.000000000000000E+00
    4.884248810664253E-03   -9.945185062735578E-08    0.000000000000000E+00
    4.884250780883943E-03   -8.114837034394245E-08    0.000000000000000E+00
    4.884247357358425E-03   -6.656670056132877E-08    0.000000000000000E+00
    4.884240036030208E-03   -5.550366791853987E-08    0.000000000000000E+00
    4.884230172235735E-03   -4.762868724314308E-08    0.000000000000000E+00
    4.884218937347056E-03   -4.251869938080801E-08    0.000000000000000E+00
    4.884207302857696E-03   -3.969218400322465E-08    0.000000000000000E+00
    4.884196028498461E-03   -3.863983336873420E-08    0.000000000000000E+00
    4.884185664493761E-03   -3.885091780259411E-08    0.000000000000000E+00
    4.884176559902552E-03   -3.983492814421108E-08    0.000000000000000E+00
    4.884168878203172E-03   -4.113839595944600E-08    0.000000000000000E+00
    4.884162616776572E-03   -4.235726817416085E-08    0.000000000000000E+00
    4.884157629552699E-03   -4.314544657686613E-08    0.000000000000000E+00
    4.884153651202264E-03   -4.322029542840569E-08    0.000000000000000E+00
    4.884150322259311E-03   -4.236598484898388E-08    0.000000000000000E+00
    4.884147214460576E-03   -4.043548747111549E-08    0.000000000000000E+00
    4.884143856244517E-03   -3.735190936642317E-08    0.000000000000000E+00
    4.884139758411086E-03   -3.310964407306376E-08    0.000000000000000E+00
    4.884134440137864E-03   -2.777558098067940E-08    0.000000000000000E+00
    4.884127455581629E-03   -2.149031740971688E-08    0.000000000000000E+00
    4.884118421102182E-03   -1.446902004231905E-08    0.000000000000000E+00
    4.884107043204646E-03   -7.001330795978327E-09    0.000000000000000E+00
    4.884093146789410E-03    5.504941395794283E-10    0.000000000000000E+00
    4.884076703111825E-03    7.756164912420218E-09    0.000000000000000E+00
    4.884057856231765E-03    1.412571052569002E-08    0.000000000000000E+00
    4.884036946810879E-03    1.912235326100930E-08    0.000000000000000E+00
    4.884014530551019E-03    2.218086406052239E-08    0.000000000000000E+00
    4.883991390774669E-03    2.273186652042735E-08    0.000000000000000E+00
    4.883968539495326E-03    2.023206714507583E-08    0.000000000000000E+00
    4.883947211203172E-03    1.419996162617178E-08    0.000000000000000E+00
    4.883928833885954E-03    4.255827664258934E-09    0.000000000000000E+00
    4.883915001470935E-03   -9.835207927359631E-09    0.000000000000000E+00
    4.883907394626488E-03   -2.811933185792653E-08    0.000000000000000E+00
    4.883907752071460E-03   -5.041072469197999E-08    0.000000000000000E+00
    4.883917687506567E-03   -7.625370404758057E-08    0.000000000000000E+00
    4.883938761012595E-03   -1.048960026886269E-07    0.000000000000000E+00
    4.883972005846756E-03   -1.352667236890915E-07    0.000000000000000E+00
    4.884018487603330E-03   -1.659725690092769E-07    0.000000000000000E+00
    4.884077797594494E-03   -1.952986075123813E-07    0.000000000000000E+00
    4.884150614017979E-03   -2.212491433319863E-07    0.000000000000000E+00
    4.884233235305087E-03   -2.415620161685159E-07    0.000000000000000E+00
    4.884327970348730E-03   -2.538387180569140E-07    0.000000000000000E+00
    4.884422333862923E-03   -2.555234787089009E-07    0.000000000000000E+00
    4.884529811881572E-03   -2.442747189125712E-07    0.000000000000000E+00
    4.884609274161358E-03   -2.176956054056900E-07    0.000000000000000E+00
    4.884724388686435E-03   -1.746650531160219E-07    0.000000000000000E+00
    4.884729710790472E-03   -1.134338140655041E-07    0.000000000000000E+00
    4.884887238628784E-03   -3.711106464607191E-08    0.000000000000000E+00
    4.884665472326855E-03    5.418402502839130E-08    0.000000000000000E+00
    4.885087188466126E-03    1.498462433824377E-07    0.000000000000000E+00
    4.884110204064857E-03    2.467806775736855E-07    0.000000000000000E+00
    4.885815889557616E-03    3.099449215659276E-07    0.000000000000000E+00
    4.882127622157190E-03    4.117927843190496E-07    0.000000000000000E+00
    4.888852982418036E-03    3.663416419916143E-07    0.000000000000000E+00
    4.875811057046271E-03    6.813112754865050E-07    0.000000000000000E+00
    4.902939584659702E-03    5.617310642262693E-07    0.000000000000000E+00
    5.075850631307646E-03    9.896021701793374E-08    0.000000000000000E+00
    5.047539374475987E-03   -2.503170810105096E-07    0.000000000000000E+00
    5.059996021895813E-03    1.455447943767879E-07    0.000000000000000E+00
    5.053209720646686E-03    2.779437538528862E-07    0.000000000000000E+00
    5.056160183291503E-03    2.969959992851733E-07    0.000000000000000E+00
    5.054332862885561E-03    2.096665720132528E-07    0.000000000000000E+00
    5.055084893070902E-03    9.690392967141502E-08    0.000000000000000E+00
    5.054601086806715E-03   -2.870178532961371E-08    0.000000000000000E+00
    5.054844144926667E-03   -1.362146812184929E-07    0.000000000000000E+00
    5.054784317796456E-03   -2.224875676644252E-07    0.000000000000000E+00
    5.054924372172285E-03   -2.848953421701381E-07    0.000000000000000E+00
    5.054994861416907E-03   -3.247440324186341E-07    0.000000000000000E+00
    5.055117729551603E-03   -3.450622118499119E-07    0.000000000000000E+00
    5.055220197561362E-03   -3.490313992144807E-07    0.000000000000000E+00
    5.055330869624827E-03   -3.399384365775874E-07    0.000000000000000E+00
    5.055428954987540E-03   -3.207887659208855E-07    0.000000000000000E+00
    5.055520570682472E-03   -2.943465262070131E-07    0.000000000000000E+00
    5.055599742042167E-03   -2.630443023387605E-07    0.000000000000000E+00
    5.055667869146237E-03   -2.290308232648575E-07    0.000000000000000E+00
    5.055723666004141E-03   -1.941407017772398E-07    0.000000000000000E+00
    5.055768042420366E-03   -1.599112920414072E-07    0.000000000000000E+00
    5.055801456010580E-03   -1.275749541550660E-07    0.000000000000000E+00
    5.055825085915310E-03   -9.806934993673516E-08    0.000000000000000E+00
    5.055840089438803E-03   -7.204711896919936E-08    0.000000000000000E+00
    5.055847842199836E-03   -4.989639969658780E-08    0.000000000000000E+00
    5.055849697463432E-03   -3.176659595401896E-08    0.000000000000000E+00
    5.055847004823154E-03   -1.759992182629216E-08    0.000000000000000E+00
    5.055841018029332E-03   -7.168012765084172E-09    0.000000000000000E+00
    5.055832873044745E-03   -1.111280026044339E-10    0.000000000000000E+00
    5.055823551216378E-03    4.025204995147747E-09    0.000000000000000E+00
    5.055813867145618E-03    5.754935848120055E-09    0.000000000000000E+00
    5.055804458507563E-03    5.619608465689768E-09    0.000000000000000E+00
    5.055795788245415E-03    4.160994263888038E-09    0.000000000000000E+00
    5.055788151398957E-03    1.898659499141318E-09    0.000000000000000E+00
    5.055781688108492E-03   -6.874467386908538E-10    0.000000000000000E+00
    5.055776399760761E-03   -3.169769754827787E-09    0.000000000000000E+00
    5.055772167832059E-03   -5.181940324301277E-09    0.000000000000000E+00
    5.055768774025873E-03   -6.424419933084956E-09    0.000000000000000E+00
    5.055765921231535E-03   -6.667899689995326E-09    0.000000000000000E+00
    5.055763254704570E-03   -5.755313851933076E-09    0.000000000000000E+00
    5.055760383415331E-03   -3.603189805061196E-09    0.000000000000000E+00
    5.055756901546025E-03   -2.028377350081162E-10    0.000000000000000E+00
    5.055752410285616E-03    4.378376192258713E-09    0.000000000000000E+00
    5.055746540098045E-03    9.995735580852488E-09    0.000000000000000E+00
    5.055738973486605E-03    1.642621844730955E-08    0.000000000000000E+00
    5.055729468310181E-03    2.336850817051894E-08    0.000000000000000E+00
    5.055717881299529E-03    3.044483041916509E-08    0.000000000000000E+00
    5.055704191294288E-03    3.720561079605728E-08    0.000000000000000E+00
    5.055688521155959E-03    4.313804470899212E-08    0.000000000000000E+00
    5.055671157496696E-03    4.767940256799915E-08    0.000000000000000E+00
    5.055652565814362E-03    5.023604465392229E-08    0.000000000000000E+00
    5.055633400977682E-03    5.020864595843982E-08    0.000000000000000E+00
    5.055614507784765E-03    4.702361790071617E-08    0.000000000000000E+00
    5.055596916286273E-03    4.017030496340537E-08    0.000000000000000E+00
    5.055581816767998E-03    2.924269692184325E-08    0.000000000000000E+00
    5.055570538831920E-03    1.398452444146832E-08    0.000000000000000E+00
    5.055564481912157E-03   -5.664882942618111E-09    0.000000000000000E+00
    5.055565098943858E-03   -2.952475832588311E-08    0.000000000000000E+00
    5.055573729305568E-03   -5.713336812004529E-08    0.000000000000000E+00
    5.055591688365035E-03   -8.771816479508385E-08    0.000000000000000E+00
    5.055619813170281E-03   -1.201729271438269E-07    0.000000000000000E+00
    5.055659043025075E-03   -1.530491333254954E-07    0.000000000000000E+00
    5.055708932563785E-03   -1.845604837145440E-07    0.000000000000000E+00
    5.055770234741705E-03   -2.126114718063800E-07    0.000000000000000E+00
    5.055839446483864E-03   -2.348312624704639E-07    0.000000000000000E+00
    5.055919220321559E-03   -2.486649870116615E-07    0.000000000000000E+00
    5.055997547690675E-03   -2.514273197773598E-07    0.000000000000000E+00
    5.056088560834452E-03   -2.405459323403253E-07    0.000000000000000E+00
    5.056151835858212E-03   -2.135471501871211E-07    0.000000000000000E+00
    5.056251986904031E-03   -1.689630658468478E-07    0.000000000000000E+00
    5.056244271150439E-03   -1.052912637397007E-07    0.000000000000000E+00
    5.056391735995994E-03   -2.501285844506731E-08    0.000000000000000E+00
    5.056163171431026E-03    7.054685968456147E-08    0.000000000000000E+00
    5.056582440480763E-03    1.716719499524757E-07    0.000000000000000E+00
    5.055604062082355E-03    2.726560137269046E-07    0.000000000000000E+00
    5.057317179039385E-03    3.398003346136027E-07    0.000000000000000E+00
    5.053625227911407E-03    4.349069195849690E-07    0.000000000000000E+00
    5.060374307905421E-03    3.837706436312859E-07    0.000000000000000E+00
    5.047316223914946E-03    6.310066469910109E-07    0.000000000000000E+00
    5.074492619505701E-03    4.922178019633288E-07    0.000000000000000E+00
    5.228695088503240E-03    2.966220622718793E-07    0.000000000000000E+00
    5.200139414223219E-03   -5.273282879646838E-08    0.000000000000000E+00
    5.212480390769419E-03    2.793398662249926E-07    0.000000000000000E+00
    5.205584098448344E-03    3.775753430556928E-07    0.000000000000000E+00
    5.208486564061889E-03    3.738411087236392E-07    0.000000000000000E+00
    5.206632789366569E-03    2.684242575619931E-07    0.000000000000000E+00
    5.207370125280727E-03    1.382615526796582E-07    0.000000000000000E+00
    5.206874443257400E-03    4.660974411982669E-10    0.000000000000000E+00
    5.207105835903615E-03   -1.172300392233255E-07    0.000000000000000E+00
    5.207032218688830E-03   -2.102658451329656E-07    0.000000000000000E+00
    5.207156567980703E-03   -2.774216136581610E-07    0.000000000000000E+00
    5.207209816067320E-03   -3.199946566305374E-07    0.000000000000000E+00
    5.207314538474674E-03   -3.417584040274925E-07    0.000000000000000E+00
    5.207398720818262E-03   -3.460832652173104E-07    0.000000000000000E+00
    5.207491596647047E-03   -3.366465399785576E-07    0.000000000000000E+00
    5.207572930445934E-03   -3.166270488298077E-07    0.000000000000000E+00
    5.207649249658114E-03   -2.889939985097220E-07    0.000000000000000E+00
    5.207714873025229E-03   -2.563026998073845E-07    0.000000000000000E+00
    5.207771369342282E-03   -2.208179264374712E-07    0.000000000000000E+00
    5.207817518779512E-03   -1.844551155461766E-07    0.000000000000000E+00
    5.207854204505534E-03   -1.488201739707158E-07    0.000000000000000E+00
    5.207881784153215E-03   -1.151949846568101E-07    0.000000000000000E+00
    5.207901278813970E-03   -8.455480772022888E-08    0.000000000000000E+00
    5.207913647116103E-03   -5.757681147948440E-08    0.000000000000000E+00
    5.207920040603596E-03   -3.466324066398072E-08    0.000000000000000E+00
    5.207921577646064E-03   -1.596768001118074E-08    0.000000000000000E+00
    5.207919374288520E-03   -1.428453882991190E-09    0.000000000000000E+00
    5.207914463087275E-03    9.193886066330847E-09    0.000000000000000E+00
    5.207907778735598E-03    1.627591022214924E-08    0.000000000000000E+00
    5.207900127075181E-03    2.029299078633483E-08    0.000000000000000E+00
    5.207892176735847E-03    2.178280356196835E-08    0.000000000000000E+00
    5.207884450774118E-03    2.131214326267580E-08    0.000000000000000E+00
    5.207877329060637E-03    1.944839193368104E-08    0.000000000000000E+00
    5.207871053950841E-03    1.673607957344692E-08    0.000000000000000E+00
    5.207865741108415E-03    1.367862844336966E-08    0.000000000000000E+00
    5.207861392730894E-03    1.072490321876501E-08    0.000000000000000E+00
    5.207857912989537E-03    8.259899721406700E-09    0.000000000000000E+00
    5.207855124478848E-03    6.598712396773446E-09    0.000000000000000E+00
    5.207852785336511E-03    5.982860540144814E-09    0.000000000000000E+00
    5.207850606547367E-03    6.578082945127467E-09    0.000000000000000E+00
    5.207848269388055E-03    8.472851468191638E-09    0.000000000000000E+00
    5.207845442990605E-03    1.167709005249388E-08    0.000000000000000E+00
    5.207841802145043E-03    1.612084645500511E-08    0.000000000000000E+00
    5.207837045478520E-03    2.165298829582780E-08    0.000000000000000E+00
    5.207830914038449E-03    2.804028993997236E-08    0.000000000000000E+00
    5.207823210311059E-03    3.496755561143147E-08    0.000000000000000E+00
    5.207813817387518E-03    4.203967339450659E-08    0.000000000000000E+00
    5.207802717914407E-03    4.878662524159669E-08    0.000000000000000E+00
    5.207790011948912E-03    5.467256913662780E-08    0.000000000000000E+00
    5.207775933113344E-03    5.910987175292276E-08    0.000000000000000E+00
    5.207760860925260E-03    6.147905849135843E-08    0.000000000000000E+00
    5.207745329615083E-03    6.115519504190130E-08    0.000000000000000E+00
    5.207730028510634E-03    5.754067376357589E-08    0.000000000000000E+00
    5.207715799057888E-03    5.010398851123933E-08    0.000000000000000E+00
    5.207703613725604E-03    3.842315826591656E-08    0.000000000000000E+00
    5.207694561422134E-03    2.223271453206270E-08    0.000000000000000E+00
    5.207689787146413E-03    1.471319594109721E-09    0.000000000000000E+00
    5.207690487048934E-03   -2.367032902566030E-08    0.000000000000000E+00
    5.207697756392945E-03   -5.270886203603153E-08    0.000000000000000E+00
    5.207712695061824E-03   -8.483586175177544E-08    0.000000000000000E+00
    5.207735971109370E-03   -1.188949942710179E-07    0.000000000000000E+00
    5.207768420125853E-03   -1.533695180992797E-07    0.000000000000000E+00
    5.207809577212137E-03   -1.863915575795310E-07    0.000000000000000E+00
    5.207860277739691E-03   -2.157594268146350E-07    0.000000000000000E+00
    5.207917217845179E-03   -2.389920831774352E-07    0.000000000000000E+00
    5.207983378318892E-03   -2.533824374128141E-07    0.000000000000000E+00
    5.208047209619569E-03   -2.561260294105109E-07    0.000000000000000E+00
    5.208123442121749E-03   -2.444359123960090E-07    0.000000000000000E+00
    5.208172329655541E-03   -2.157840780708992E-07    0.000000000000000E+00
    5.208259329823525E-03   -1.683766987676615E-07    0.000000000000000E+00
    5.208240386735851E-03   -1.009808745932173E-07    0.000000000000000E+00
    5.208379380636115E-03   -1.546073424072664E-08    0.000000000000000E+00
    5.208145460592451E-03    8.567660723246704E-08    0.000000000000000E+00
    5.208563063806846E-03    1.936331523414933E-07    0.000000000000000E+00
    5.207583780337301E-03    3.000963359539084E-07    0.000000000000000E+00
    5.209303231990415E-03    3.728365666964498E-07    0.000000000000000E+00
    5.205605655888170E-03    4.624553096529558E-07    0.000000000000000E+00
    5.212368370266845E-03    4.069692474665115E-07    0.000000000000000E+00
    5.199285022547042E-03    5.906801794216575E-07    0.000000000000000E+00
    5.226446796710118E-03    4.339718078249991E-07    0.000000000000000E+00
    5.361941087149978E-03    5.287528723958607E-07    0.000000000000000E+00
    5.333178792207819E-03    1.799456073507519E-07    0.000000000000000E+00
    5.345411619003854E-03    4.374576980470093E-07    0.000000000000000E+00
    5.338411052122590E-03    4.901965583401712E-07    0.000000000000000E+00
    5.341265839688003E-03    4.532737257595494E-07    0.000000000000000E+00
    5.339386441019548E-03    3.245275488006244E-07    0.000000000000000E+00
    5.340110177279144E-03    1.740502557769569E-07    0.000000000000000E+00
    5.339604247618434E-03    2.281232736901440E-08    0.000000000000000E+00
    5.339825650903776E-03   -1.056472757359338E-07    0.000000000000000E+00
    5.339740100729622E-03   -2.056815080376268E-07    0.000000000000000E+00
    5.339850542174676E-03   -2.777609167160991E-07    0.000000000000000E+00
    5.339888332234258E-03   -3.232542819110146E-07    0.000000000000000E+00
    5.339976587885289E-03   -3.467194050156491E-07    0.000000000000000E+00
    5.340044056160502E-03   -3.517127825134196E-07    0.000000000000000E+00
    5.340120556262334E-03   -3.422863979316666E-07    0.000000000000000E+00
    5.340186395651291E-03   -3.217707291862013E-07    0.000000000000000E+00
    5.340248492134428E-03   -2.933190214042322E-07    0.000000000000000E+00
    5.340301453038367E-03   -2.595904340028774E-07    0.000000000000000E+00
    5.340347014403645E-03   -2.229502868362581E-07    0.000000000000000E+00
    5.340384030398434E-03   -1.853828783019005E-07    0.000000000000000E+00
    5.340413370392631E-03   -1.485541785896994E-07    0.000000000000000E+00
    5.340435310383465E-03   -1.137903888369268E-07    0.000000000000000E+00
    5.340450734899285E-03   -8.210213594270052E-08    0.000000000000000E+00
    5.340460427519186E-03   -5.419151605767098E-08    0.000000000000000E+00
    5.340465339846679E-03   -3.047751235121250E-08    0.000000000000000E+00
    5.340466378879017E-03   -1.112233609158520E-08    0.000000000000000E+00
    5.340464449047565E-03    3.933727421005980E-09    0.000000000000000E+00
    5.340460380912577E-03    1.493439207087093E-08    0.000000000000000E+00
    5.340454924401243E-03    2.226572373253011E-08    0.000000000000000E+00
    5.340448723105623E-03    2.641648367537428E-08    0.000000000000000E+00
    5.340442309673637E-03    2.794067269752245E-08    0.000000000000000E+00
    5.340436099366087E-03    2.742329051423649E-08    0.000000000000000E+00
    5.340430392868817E-03    2.545081923982207E-08    0.000000000000000E+00
    5.340425381122737E-03    2.258689616623314E-08    0.000000000000000E+00
    5.340421154328014E-03    1.935327745219639E-08    0.000000000000000E+00
    5.340417712624682E-03    1.621573168881372E-08    0.000000000000000E+00
    5.340414978491021E-03    1.357419053926659E-08    0.000000000000000E+00
    5.340412809837840E-03    1.175629077090947E-08    0.000000000000000E+00
    5.340411013588302E-03    1.101337732489350E-08    0.000000000000000E+00
    5.340409359363529E-03    1.151806132565701E-08    0.000000000000000E+00
    5.340407593251909E-03    1.336256807207930E-08    0.000000000000000E+00
    5.340405451652551E-03    1.655735560019330E-08    0.000000000000000E+00
    5.340402675298753E-03    2.102974625438473E-08    0.000000000000000E+00
    5.340399023577121E-03    2.662264873751300E-08    0.000000000000000E+00
    5.340394289184384E-03    3.309374251146817E-08    0.000000000000000E+00
    5.340388313148850E-03    4.011578213291874E-08    0.000000000000000E+00
    5.340380999995288E-03    4.727893709912600E-08    0.000000000000000E+00
    5.340372332803691E-03    5.409621065877122E-08    0.000000000000000E+00
    5.340362387438674E-03    6.001306507382793E-08    0.000000000000000E+00
    5.340351345576076E-03    6.442217030971216E-08    0.000000000000000E+00
    5.340339504671752E-03    6.668422209270260E-08    0.000000000000000E+00
    5.340327285498010E-03    6.615534701009941E-08    0.000000000000000E+00
    5.340315232655639E-03    6.222104546941232E-08    0.000000000000000E+00
    5.340304013441095E-03    5.433625809175688E-08    0.000000000000000E+00
    5.340294400644956E-03    4.207014150284663E-08    0.000000000000000E+00
    5.340287264039860E-03    2.515451301039023E-08    0.000000000000000E+00
    5.340283518661065E-03    3.532752367429369E-09    0.000000000000000E+00
    5.340284130412968E-03   -2.259080008785672E-08    0.000000000000000E+00
    5.340289978139920E-03   -5.270959995482234E-08    0.000000000000000E+00
    5.340301973222126E-03   -8.598041897590904E-08    0.000000000000000E+00
    5.340320640058110E-03   -1.212009449186579E-07    0.000000000000000E+00
    5.340346731896023E-03   -1.567937900672364E-07    0.000000000000000E+00
    5.340379781057989E-03   -1.908207726982505E-07    0.000000000000000E+00
    5.340420713792583E-03   -2.209889821511944E-07    0.000000000000000E+00
    5.340466428022716E-03   -2.447257496944355E-07    0.000000000000000E+00
    5.340520221142126E-03   -2.591931437747130E-07    0.000000000000000E+00
    5.340570989307700E-03   -2.614913444369051E-07    0.000000000000000E+00
    5.340634020713064E-03   -2.486415301841605E-07    0.000000000000000E+00
    5.340670225051932E-03   -2.180841149570290E-07    0.000000000000000E+00
    5.340745815088520E-03   -1.677077471563730E-07    0.000000000000000E+00
    5.340717414820015E-03   -9.655324455719404E-08    0.000000000000000E+00
    5.340849562084261E-03   -5.836364158541801E-09    0.000000000000000E+00
    5.340611809472678E-03    1.008152527485080E-07    0.000000000000000E+00
    5.341028802734205E-03    2.156416046323099E-07    0.000000000000000E+00
    5.340049495332279E-03    3.277728534765207E-07    0.000000000000000E+00
    5.341774789130192E-03    4.067909788143355E-07    0.000000000000000E+00
    5.338070658421116E-03    4.919823704357436E-07    0.000000000000000E+00
    5.344839704124104E-03    4.338261724768917E-07    0.000000000000000E+00
    5.331723837104126E-03    5.620767002636148E-07    0.000000000000000E+00
    5.358836918449130E-03    3.868529443389339E-07    0.000000000000000E+00
    5.475580001528408E-03    7.923732526531000E-07    0.000000000000000E+00
    5.446643702827351E-03    4.451958910381937E-07    0.000000000000000E+00
    5.458780013260800E-03    6.206026484558942E-07    0.000000000000000E+00
    5.451684871976693E-03    6.184497205931064E-07    0.000000000000000E+00
    5.454495487380251E-03    5.391830751186079E-07    0.000000000000000E+00
    5.452592938060242E-03    3.825302517698402E-07    0.000000000000000E+00
    5.453305065079440E-03    2.093710568691003E-07    0.000000000000000E+00
    5.452790917333561E-03    4.396880387024161E-08    0.000000000000000E+00
    5.453004137567328E-03   -9.534110509842437E-08    0.000000000000000E+00
    5.452908506118674E-03   -2.021510667281297E-07    0.000000000000000E+00
    5.453006765619844E-03   -2.789277773589926E-07    0.000000000000000E+00
    5.453030776883411E-03   -3.271942855193132E-07    0.000000000000000E+00
    5.453104133788320E-03   -3.523376287245780E-07    0.000000000000000E+00
    5.453156351072760E-03   -3.580963706329290E-07    0.000000000000000E+00
    5.453217797891974E-03   -3.488800442342939E-07    0.000000000000000E+00
    5.453269315880690E-03   -3.281454298667797E-07    0.000000000000000E+00
    5.453318195598216E-03   -2.992044858860567E-07    0.000000000000000E+00
    5.453359328839395E-03   -2.647961412777998E-07    0.000000000000000E+00
    5.453394617315131E-03   -2.273651443947140E-07    0.000000000000000E+00
    5.453422995963708E-03   -1.889467659595000E-07    0.000000000000000E+00
    5.453445331542265E-03   -1.512525782347973E-07    0.000000000000000E+00
    5.453461834606995E-03   -1.156420438046613E-07    0.000000000000000E+00
    5.453473272191284E-03   -8.315337048033128E-08    0.000000000000000E+00
    5.453480273918236E-03   -5.450886034073388E-08    0.000000000000000E+00
    5.453483613102236E-03   -3.014228814535742E-08    0.000000000000000E+00
    5.453484006576101E-03   -1.022497589120936E-08    0.000000000000000E+00
    5.453482167022061E-03    5.298314718658330E-09    0.000000000000000E+00
    5.453478740544853E-03    1.667140956258922E-08    0.000000000000000E+00
    5.453474307431692E-03    2.428454045740520E-08    0.000000000000000E+00
    5.453469361289464E-03    2.863377913903267E-08    0.000000000000000E+00
    5.453464308133858E-03    3.028295730354529E-08    0.000000000000000E+00
    5.453459461927229E-03    2.982869829178285E-08    0.000000000000000E+00
    5.453455048003557E-03    2.787018364242299E-08    0.000000000000000E+00
    5.453451207325852E-03    2.498414938355535E-08    0.000000000000000E+00
    5.453448003984522E-03    2.170522367579950E-08    0.000000000000000E+00
    5.453445433663916E-03    1.851126729797234E-08    0.000000000000000E+00
    5.453443433323435E-03    1.581304811345916E-08    0.000000000000000E+00
    5.453441891240109E-03    1.394738899490942E-08    0.000000000000000E+00
    5.453440657325287E-03    1.317285765723714E-08    0.000000000000000E+00
    5.453439553434933E-03    1.366708846958167E-08    0.000000000000000E+00
    5.453438383684301E-03    1.552496615829085E-08    0.000000000000000E+00
    5.453436944779015E-03    1.875715025719258E-08    0.000000000000000E+00
    5.453435036467458E-03    2.328868172092567E-08    0.000000000000000E+00
    5.453432472222958E-03    2.895775222000161E-08    0.000000000000000E+00
    5.453429090217870E-03    3.551501117580307E-08    0.000000000000000E+00
    5.453424764629996E-03    4.262407441088001E-08    0.000000000000000E+00
    5.453419417128223E-03    4.986415852626754E-08    0.000000000000000E+00
    5.453413028398477E-03    5.673589164582920E-08    0.000000000000000E+00
    5.453405649134786E-03    6.267142771468437E-08    0.000000000000000E+00
    5.453397410333824E-03    6.704980489320033E-08    0.000000000000000E+00
    5.453388531286887E-03    6.921846443916237E-08    0.000000000000000E+00
    5.453379326166225E-03    6.852144431881639E-08    0.000000000000000E+00
    5.453370204912316E-03    6.433417220009747E-08    0.000000000000000E+00
    5.453361674058583E-03    5.610444768952637E-08    0.000000000000000E+00
    5.453354323373740E-03    4.339813489489868E-08    0.000000000000000E+00
    5.453348823157008E-03    2.594857574521710E-08    0.000000000000000E+00
    5.453345880671550E-03    3.706274888388389E-09    0.000000000000000E+00
    5.453346255527489E-03   -2.311077874857927E-08    0.000000000000000E+00
    5.453350634974029E-03   -5.397568296198845E-08    0.000000000000000E+00
    5.453359766002050E-03   -8.801639334670427E-08    0.000000000000000E+00
    5.453374051888209E-03   -1.239941561797092E-07    0.000000000000000E+00
    5.453394182420353E-03   -1.602841610035258E-07    0.000000000000000E+00
    5.453419701900202E-03   -1.948948684692368E-07    0.000000000000000E+00
    5.453451634728206E-03   -2.254625024914016E-07    0.000000000000000E+00
    5.453487082876502E-03   -2.493462063867283E-07    0.000000000000000E+00
    5.453529649826690E-03   -2.636024070065666E-07    0.000000000000000E+00
    5.453568666276360E-03   -2.652623220015700E-07    0.000000000000000E+00
    5.453619942742995E-03   -2.511783854624874E-07    0.000000000000000E+00
    5.453645028622290E-03   -2.187809391629015E-07    0.000000000000000E+00
    5.453710814837092E-03   -1.656436279535574E-07    0.000000000000000E+00
    5.453674609147917E-03   -9.107949052924303E-08    0.000000000000000E+00
    5.453801463623491E-03    4.393950037470168E-09    0.000000000000000E+00
    5.453561381311635E-03    1.160946432305327E-07    0.000000000000000E+00
    5.453978956530268E-03    2.374661119624483E-07    0.000000000000000E+00
    5.453000781537950E-03    3.551384225012285E-07    0.000000000000000E+00
    5.454731989942705E-03    4.409697249237486E-07    0.000000000000000E+00
    5.451021441596173E-03    5.230801685652827E-07    0.000000000000000E+00
    5.457792423025470E-03    4.645268585403455E-07    0.000000000000000E+00
    5.444640030975338E-03    5.470924232251132E-07    0.000000000000000E+00
    5.471690890678173E-03    3.516285404736416E-07    0.000000000000000E+00
    5.569604075452337E-03    1.083217423922719E-06    0.000000000000000E+00
    5.540523528416207E-03    7.388590995859080E-07    0.000000000000000E+00
    5.552577811241858E-03    8.266384558624451E-07    0.000000000000000E+00
    5.545400834697590E-03    7.618174895458371E-07    0.000000000000000E+00
    5.548173396186822E-03    6.321743044220762E-07    0.000000000000000E+00
    5.546251659019590E-03    4.435985648719544E-07    0.000000000000000E+00
    5.546954924163416E-03    2.457347790968774E-07    0.000000000000000E+00
    5.546434914024807E-03    6.573012834984972E-08    0.000000000000000E+00
    5.546641827809303E-03   -8.428806194867213E-08    0.000000000000000E+00
    5.546537920123527E-03   -1.974493740736265E-07    0.000000000000000E+00
    5.546625622225492E-03   -2.785264942970552E-07    0.000000000000000E+00
    5.546637414273171E-03   -3.292725975454381E-07    0.000000000000000E+00
    5.546697322711536E-03   -3.559495309019648E-07    0.000000000000000E+00
    5.546735645195862E-03   -3.624709721754139E-07    0.000000000000000E+00
    5.546783270290140E-03   -3.535862734126172E-07    0.000000000000000E+00
    5.546821566824955E-03   -3.328517686565050E-07    0.000000000000000E+00
    5.546858181068706E-03   -3.037118232635395E-07    0.000000000000000E+00
    5.546888284543630E-03   -2.689598293928794E-07    0.000000000000000E+00
    5.546913941808705E-03   -2.310975744805755E-07    0.000000000000000E+00
    5.546934173504285E-03   -1.921919608866621E-07    0.000000000000000E+00
    5.546949852779468E-03   -1.539841353905852E-07    0.000000000000000E+00
    5.546961138519326E-03   -1.178540897824314E-07    0.000000000000000E+00
    5.546968696832553E-03   -8.485809772582154E-08    0.000000000000000E+00
    5.546973022025946E-03   -5.573220903881789E-08    0.000000000000000E+00
    5.546974728483135E-03   -3.092135236999422E-08    0.000000000000000E+00
    5.546974362031646E-03   -1.060484902022195E-08    0.000000000000000E+00
    5.546972461705835E-03    5.267029028516456E-09    0.000000000000000E+00
    5.546969505351914E-03    1.693537730968789E-08    0.000000000000000E+00
    5.546965917676944E-03    2.479037298021689E-08    0.000000000000000E+00
    5.546962053855198E-03    2.933024593544297E-08    0.000000000000000E+00
    5.546958202217937E-03    3.112289943636394E-08    0.000000000000000E+00
    5.546954581794729E-03    3.077055483829034E-08    0.000000000000000E+00
    5.546951346492255E-03    2.887908762635948E-08    0.000000000000000E+00
    5.546948588999167E-03    2.603258381109469E-08    0.000000000000000E+00
    5.546946347046905E-03    2.277323503806386E-08    0.000000000000000E+00
    5.546944609953168E-03    1.958626060989290E-08    0.000000000000000E+00
    5.546943325877883E-03    1.688919850612953E-08    0.000000000000000E+00
    5.546942409093752E-03    1.502471903056023E-08    0.000000000000000E+00
    5.546941747300553E-03    1.425603661107165E-08    0.000000000000000E+00
    5.546941208794977E-03    1.476401607885651E-08    0.000000000000000E+00
    5.546940649548891E-03    1.664520679698743E-08    0.000000000000000E+00
    5.546939920236240E-03    1.991028588418555E-08    0.000000000000000E+00
    5.546938873323395E-03    2.448265408689512E-08    0.000000000000000E+00
    5.546937370336549E-03    3.019726581559149E-08    0.000000000000000E+00
    5.546935289392456E-03    3.680006896253120E-08    0.000000000000000E+00
    5.546932533060159E-03    4.394871893260122E-08    0.000000000000000E+00
    5.546929036469569E-03    5.121548910309591E-08    0.000000000000000E+00
    5.546924775634598E-03    5.809342556313147E-08    0.000000000000000E+00
    5.546919775555670E-03    6.400686287802741E-08    0.000000000000000E+00
    5.546914118132819E-03    6.832725167617266E-08    0.000000000000000E+00
    5.546907948512013E-03    7.039517916597022E-08    0.000000000000000E+00
    5.546901480998427E-03    6.954908834967439E-08    0.000000000000000E+00
    5.546895000512603E-03    6.516059319812323E-08    0.000000000000000E+00
    5.546888865439369E-03    5.667598839889953E-08    0.000000000000000E+00
    5.546883498030756E-03    4.366242010001302E-08    0.000000000000000E+00
    5.546879387228964E-03    2.585778824813681E-08    0.000000000000000E+00
    5.546877052779725E-03    3.220737761492592E-09    0.000000000000000E+00
    5.546877069669498E-03   -2.401863203597548E-08    0.000000000000000E+00
    5.546879955744983E-03   -5.531750850233216E-08    0.000000000000000E+00
    5.546886314973846E-03   -8.978269969259541E-08    0.000000000000000E+00
    5.546896449204633E-03   -1.261502148632012E-07    0.000000000000000E+00
    5.546911000907262E-03   -1.627626072346844E-07    0.000000000000000E+00
    5.546929538639904E-03   -1.975933190990101E-07    0.000000000000000E+00
    5.546953190242349E-03   -2.282291858484558E-07    0.000000000000000E+00
    5.546979262644334E-03   -2.519854131642242E-07    0.000000000000000E+00
    5.547011654553734E-03   -2.658382926942538E-07    0.000000000000000E+00
    5.547040120731507E-03   -2.667764457975523E-07    0.000000000000000E+00
    5.547080961079427E-03   -2.515056433023335E-07    0.000000000000000E+00
    5.547096352847562E-03   -2.174666288431015E-07    0.000000000000000E+00
    5.547153796221145E-03   -1.619169748232341E-07    0.000000000000000E+00
    5.547111297874887E-03   -8.443987939233886E-08    0.000000000000000E+00
    5.547234303575044E-03    1.520667882846344E-08    0.000000000000000E+00
    5.546993333910402E-03    1.313430208819356E-07    0.000000000000000E+00
    5.547412743557501E-03    2.588163357877465E-07    0.000000000000000E+00
    5.546437065108308E-03    3.817966513563136E-07    0.000000000000000E+00
    5.548174789275030E-03    4.749732809336354E-07    0.000000000000000E+00
    5.544459001820571E-03    5.555552800326955E-07    0.000000000000000E+00
    5.551230373943948E-03    4.992559612119904E-07    0.000000000000000E+00
    5.538041014339659E-03    5.460870288297365E-07    0.000000000000000E+00
    5.565030612939059E-03    3.278722882331863E-07    0.000000000000000E+00
    5.644006682773324E-03    1.396656377290053E-06    0.000000000000000E+00
    5.614810058732161E-03    1.056081441675986E-06    0.000000000000000E+00
    5.626798785584040E-03    1.052014080776082E-06    0.000000000000000E+00
    5.619555019331074E-03    9.182061301623404E-07    0.000000000000000E+00
    5.622297747426648E-03    7.312841053171401E-07    0.000000000000000E+00
    5.620362094117154E-03    5.073906465839821E-07    0.000000000000000E+00
    5.621059886821979E-03    2.831366893926794E-07    0.000000000000000E+00
    5.620536644126684E-03    8.831943305360630E-08    0.000000000000000E+00
    5.620739169031459E-03   -7.212038067160818E-08    0.000000000000000E+00
    5.620628732551701E-03   -1.911007946897686E-07    0.000000000000000E+00
    5.620707398397017E-03   -2.760016788094920E-07    0.000000000000000E+00
    5.620708418018738E-03   -3.288677009851582E-07    0.000000000000000E+00
    5.620756221527396E-03   -3.568780630433538E-07    0.000000000000000E+00
    5.620781912571209E-03   -3.641099632162344E-07    0.000000000000000E+00
    5.620816871581939E-03   -3.556340621153127E-07    0.000000000000000E+00
    5.620842988359815E-03   -3.350787680497447E-07    0.000000000000000E+00
    5.620868247356385E-03   -3.059947965546705E-07    0.000000000000000E+00
    5.620888093871517E-03   -2.712050204595872E-07    0.000000000000000E+00
    5.620904750844515E-03   -2.332463387730871E-07    0.000000000000000E+00
    5.620917327577955E-03   -1.941982930763716E-07    0.000000000000000E+00
    5.620926710464566E-03   -1.558157960232063E-07    0.000000000000000E+00
    5.620933018238797E-03   -1.194866634841447E-07    0.000000000000000E+00
    5.620936830422396E-03   -8.627556098644628E-08    0.000000000000000E+00
    5.620938522516473E-03   -5.692549164067826E-08    0.000000000000000E+00
    5.620938567386722E-03   -3.188841506951520E-08    0.000000000000000E+00
    5.620937357313407E-03   -1.134994232472096E-08    0.000000000000000E+00
    5.620935274349165E-03    4.733795292722144E-09    0.000000000000000E+00
    5.620932643215661E-03    1.659904002769988E-08    0.000000000000000E+00
    5.620929746281286E-03    2.463240235799920E-08    0.000000000000000E+00
    5.620926811323053E-03    2.932980199032497E-08    0.000000000000000E+00
    5.620924017676885E-03    3.125808719577964E-08    0.000000000000000E+00
    5.620921495769921E-03    3.101961796009951E-08    0.000000000000000E+00
    5.620919332151387E-03    2.922144833045932E-08    0.000000000000000E+00
    5.620917573223015E-03    2.644967718372471E-08    0.000000000000000E+00
    5.620916230491290E-03    2.324908730959585E-08    0.000000000000000E+00
    5.620915285445211E-03    2.010779093801987E-08    0.000000000000000E+00
    5.620914694652449E-03    1.744623995975193E-08    0.000000000000000E+00
    5.620914394518362E-03    1.560977599237127E-08    0.000000000000000E+00
    5.620914305846249E-03    1.486381024194852E-08    0.000000000000000E+00
    5.620914338096735E-03    1.539074410778498E-08    0.000000000000000E+00
    5.620914393447628E-03    1.728787447917374E-08    0.000000000000000E+00
    5.620914370727559E-03    2.056577127902228E-08    0.000000000000000E+00
    5.620914169356428E-03    2.514687544947812E-08    0.000000000000000E+00
    5.620913693421389E-03    3.086439851266360E-08    0.000000000000000E+00
    5.620912856002303E-03    3.746189712503555E-08    0.000000000000000E+00
    5.620911583851287E-03    4.459418223608581E-08    0.000000000000000E+00
    5.620909822411177E-03    5.183047450116771E-08    0.000000000000000E+00
    5.620907541242798E-03    5.866084224694436E-08    0.000000000000000E+00
    5.620904739557318E-03    6.450701953067216E-08    0.000000000000000E+00
    5.620901452060212E-03    6.873855382874295E-08    0.000000000000000E+00
    5.620897753937777E-03    7.069512520819620E-08    0.000000000000000E+00
    5.620893766326905E-03    6.971553056007690E-08    0.000000000000000E+00
    5.620889658485981E-03    6.517320275126169E-08    0.000000000000000E+00
    5.620885652693045E-03    5.651787709794269E-08    0.000000000000000E+00
    5.620882018292184E-03    4.332182676915849E-08    0.000000000000000E+00
    5.620879079745758E-03    2.532980746147522E-08    0.000000000000000E+00
    5.620877187947998E-03    2.508918066123260E-09    0.000000000000000E+00
    5.620876753024725E-03   -2.490078975782999E-08    0.000000000000000E+00
    5.620878143373810E-03   -5.634552649812823E-08    0.000000000000000E+00
    5.620881838914556E-03   -9.091894500336920E-08    0.000000000000000E+00
    5.620888057227501E-03   -1.273431545814095E-07    0.000000000000000E+00
    5.620897407070925E-03   -1.639427582241295E-07    0.000000000000000E+00
    5.620909491125799E-03   -1.986741825595038E-07    0.000000000000000E+00
    5.620925543836671E-03   -2.290957606510884E-07    0.000000000000000E+00
    5.620943076324046E-03   -2.525022389581830E-07    0.000000000000000E+00
    5.620966270644628E-03   -2.658142456475456E-07    0.000000000000000E+00
    5.620985295053750E-03   -2.660032045059762E-07    0.000000000000000E+00
    5.621016907022345E-03   -2.496488726760713E-07    0.000000000000000E+00
    5.621023903086483E-03   -2.142222904355525E-07    0.000000000000000E+00
    5.621074329317679E-03   -1.566616972161486E-07    0.000000000000000E+00
    5.621026917317138E-03   -7.682081471499897E-08    0.000000000000000E+00
    5.621147403469771E-03    2.637067275055392E-08    0.000000000000000E+00
    5.620906916673883E-03    1.462745113329829E-07    0.000000000000000E+00
    5.621329436246516E-03    2.793706977753262E-07    0.000000000000000E+00
    5.620357789253244E-03    4.073680180641076E-07    0.000000000000000E+00
    5.622103118786920E-03    5.084176957791333E-07    0.000000000000000E+00
    5.618384244493405E-03    5.890377352103347E-07    0.000000000000000E+00
    5.625157110714388E-03    5.377245460367682E-07    0.000000000000000E+00
    5.611933647810787E-03    5.579456249922788E-07    0.000000000000000E+00
    5.638872997855189E-03    3.139959937880341E-07    0.000000000000000E+00
    5.698782470270655E-03    1.728067695743955E-06    0.000000000000000E+00
    5.669497035643619E-03    1.391747081247133E-06    0.000000000000000E+00
    5.681438043032012E-03    1.292479151261499E-06    0.000000000000000E+00
    5.674144260639297E-03    1.084732865456150E-06    0.000000000000000E+00
    5.676867030814297E-03    8.348094797095578E-07    0.000000000000000E+00
    5.674923843781494E-03    5.729404751576754E-07    0.000000000000000E+00
    5.675620084381265E-03    3.210188454609033E-07    0.000000000000000E+00
    5.675096465247552E-03    1.114334226003237E-07    0.000000000000000E+00
    5.675296538794177E-03   -5.900062610334619E-08    0.000000000000000E+00
    5.675181260890422E-03   -1.831800665261877E-07    0.000000000000000E+00
    5.675252313677263E-03   -2.713747128697756E-07    0.000000000000000E+00
    5.675243906411647E-03   -3.259613901666925E-07    0.000000000000000E+00
    5.675280855120693E-03   -3.550730133226635E-07    0.000000000000000E+00
    5.675295099239178E-03   -3.629324984651239E-07    0.000000000000000E+00
    5.675318484950966E-03   -3.549119660030383E-07    0.000000000000000E+00
    5.675333416929326E-03   -3.346836687345614E-07    0.000000000000000E+00
    5.675348199278538E-03   -3.058791567149602E-07    0.000000000000000E+00
    5.675358543763643E-03   -2.713265726471315E-07    0.000000000000000E+00
    5.675366825572379E-03   -2.335769960369840E-07    0.000000000000000E+00
    5.675372243809784E-03   -1.947045328850336E-07    0.000000000000000E+00
    5.675375703046966E-03   -1.564628481132125E-07    0.000000000000000E+00
    5.675377291443367E-03   -1.202354631262133E-07    0.000000000000000E+00
    5.675377514369857E-03   -8.708612926014787E-08    0.000000000000000E+00
    5.675376643239228E-03   -5.775815273447650E-08    0.000000000000000E+00
    5.675375025184596E-03   -3.270634104637158E-08    0.000000000000000E+00
    5.675372914983909E-03   -1.212064943898955E-08    0.000000000000000E+00
    5.675370553189305E-03    4.036963864143027E-09    0.000000000000000E+00
    5.675368125658818E-03    1.599624889009162E-08    0.000000000000000E+00
    5.675365785001565E-03    2.413727763560774E-08    0.000000000000000E+00
    5.675363642222441E-03    2.894975887227156E-08    0.000000000000000E+00
    5.675361776156610E-03    3.099492629732701E-08    0.000000000000000E+00
    5.675360234952023E-03    3.087036158157296E-08    0.000000000000000E+00
    5.675359042014035E-03    2.917928158408736E-08    0.000000000000000E+00
    5.675358199704007E-03    2.650490621690445E-08    0.000000000000000E+00
    5.675357693778884E-03    2.339002200134514E-08    0.000000000000000E+00
    5.675357496832009E-03    2.032149181384103E-08    0.000000000000000E+00
    5.675357571472341E-03    1.771908908093679E-08    0.000000000000000E+00
    5.675357872816255E-03    1.592785908210741E-08    0.000000000000000E+00
    5.675358350531798E-03    1.521311815234188E-08    0.000000000000000E+00
    5.675358950413908E-03    1.575722323100093E-08    0.000000000000000E+00
    5.675359615643954E-03    1.765737216214708E-08    0.000000000000000E+00
    5.675360287843583E-03    2.092393225367292E-08    0.000000000000000E+00
    5.675360908080593E-03    2.547905186722487E-08    0.000000000000000E+00
    5.675361417978138E-03    3.115563487376736E-08    0.000000000000000E+00
    5.675361761072102E-03    3.769704654466738E-08    0.000000000000000E+00
    5.675361884564592E-03    4.475820070907489E-08    0.000000000000000E+00
    5.675361741526662E-03    5.190892209308594E-08    0.000000000000000E+00
    5.675361293717131E-03    5.864060096842733E-08    0.000000000000000E+00
    5.675360514836769E-03    6.437721092500544E-08    0.000000000000000E+00
    5.675359394582823E-03    6.849162826831725E-08    0.000000000000000E+00
    5.675357942523401E-03    7.032805286024471E-08    0.000000000000000E+00
    5.675356193313043E-03    6.923100911000221E-08    0.000000000000000E+00
    5.675354209683834E-03    6.458077027114884E-08    0.000000000000000E+00
    5.675352089382074E-03    5.583483731704446E-08    0.000000000000000E+00
    5.675349962711824E-03    4.257385836053425E-08    0.000000000000000E+00
    5.675348005501075E-03    2.455120794894802E-08    0.000000000000000E+00
    5.675346417127282E-03    1.742323261485682E-09    0.000000000000000E+00
    5.675345461013434E-03   -2.560522281660555E-08    0.000000000000000E+00
    5.675345374171767E-03   -5.693167465115435E-08    0.000000000000000E+00
    5.675346529411355E-03   -9.132538016376778E-08    0.000000000000000E+00
    5.675349075028636E-03   -1.275055017100690E-07    0.000000000000000E+00
    5.675353597464312E-03   -1.637927346116754E-07    0.000000000000000E+00
    5.675359741244100E-03   -1.981436095469194E-07    0.000000000000000E+00
    5.675368848612119E-03   -2.281077318635567E-07    0.000000000000000E+00
    5.675378632477193E-03   -2.509816403738588E-07    0.000000000000000E+00
    5.675393545150658E-03   -2.636533913922245E-07    0.000000000000000E+00
    5.675404157428160E-03   -2.631014814217365E-07    0.000000000000000E+00
    5.675427652850001E-03   -2.457989551356690E-07    0.000000000000000E+00
    5.675427441337167E-03   -2.092669808821843E-07    0.000000000000000E+00
    5.675472055038903E-03   -1.501199551220315E-07    0.000000000000000E+00
    5.675420986892765E-03   -6.848685664864550E-08    0.000000000000000E+00
    5.675540172629480E-03    3.760474890048646E-08    0.000000000000000E+00
    5.675301467997280E-03    1.605738773911324E-07    0.000000000000000E+00
    5.675728374851045E-03    2.987879599817874E-07    0.000000000000000E+00
    5.674762439071711E-03    4.314295595684823E-07    0.000000000000000E+00
    5.676516898050630E-03    5.408140482635206E-07    0.000000000000000E+00
    5.672797961840475E-03    6.228290989980305E-07    0.000000000000000E+00
    5.679575763624952E-03    5.790279681827856E-07    0.000000000000000E+00
    5.666323854558641E-03    5.803207115676860E-07    0.000000000000000E+00
    5.693230878195736E-03    3.074320478494831E-07    0.000000000000000E+00
    5.733927438265050E-03    2.072901072819276E-06    0.000000000000000E+00
    5.704579880250225E-03    1.740619981693572E-06    0.000000000000000E+00
    5.716491930835105E-03    1.543372550052032E-06    0.000000000000000E+00
    5.709166165073990E-03    1.258037470383307E-06    0.000000000000000E+00
    5.711880109703799E-03    9.406086296168874E-07    0.000000000000000E+00
    5.709936670592330E-03    6.389517779330633E-07    0.000000000000000E+00
    5.710635691056691E-03    3.585733269688855E-07    0.000000000000000E+00
    5.710114723266630E-03    1.345627311235571E-07    0.000000000000000E+00
    5.710314278811574E-03   -4.528132087924494E-08    0.000000000000000E+00
    5.710195782529915E-03   -1.739518177173562E-07    0.000000000000000E+00
    5.710260551702952E-03   -2.648647722379578E-07    0.000000000000000E+00
    5.710243971290303E-03   -3.207439005545363E-07    0.000000000000000E+00
    5.710271232569515E-03   -3.507032426142363E-07    0.000000000000000E+00
    5.710275146041256E-03   -3.590861082824845E-07    0.000000000000000E+00
    5.710287997688239E-03   -3.515443100431775E-07    0.000000000000000E+00
    5.710292700695014E-03   -3.317648156141887E-07    0.000000000000000E+00
    5.710297859021714E-03   -3.034350804009863E-07    0.000000000000000E+00
    5.710299442252829E-03   -2.693652200701682E-07    0.000000000000000E+00
    5.710299970150992E-03   -2.321007456463492E-07    0.000000000000000E+00
    5.710298731173470E-03   -1.936933756436267E-07    0.000000000000000E+00
    5.710296651356355E-03   -1.558815210502098E-07    0.000000000000000E+00
    5.710293796209969E-03   -1.200330891375253E-07    0.000000000000000E+00
    5.710290607780859E-03   -8.720218584208821E-08    0.000000000000000E+00
    5.710287266593407E-03   -5.812611096065046E-08    0.000000000000000E+00
    5.710284008452271E-03   -3.325845843478394E-08    0.000000000000000E+00
    5.710280965475125E-03   -1.279150883342245E-08    0.000000000000000E+00
    5.710278251182770E-03    3.307220727413384E-09    0.000000000000000E+00
    5.710275926075497E-03    1.525971282960542E-08    0.000000000000000E+00
    5.710274025011418E-03    2.343697689059927E-08    0.000000000000000E+00
    5.710272552490320E-03    2.831910517788626E-08    0.000000000000000E+00
    5.710271495167085E-03    3.045767399992161E-08    0.000000000000000E+00
    5.710270825221603E-03    3.044108160261995E-08    0.000000000000000E+00
    5.710270507248214E-03    2.886417777172889E-08    0.000000000000000E+00
    5.710270502035463E-03    2.630285640259207E-08    0.000000000000000E+00
    5.710270770360602E-03    2.329371428736167E-08    0.000000000000000E+00
    5.710271275197834E-03    2.031856070562267E-08    0.000000000000000E+00
    5.710271983203855E-03    1.779317883529548E-08    0.000000000000000E+00
    5.710272865172554E-03    1.605957396304283E-08    0.000000000000000E+00
    5.710273895792119E-03    1.538084559428032E-08    0.000000000000000E+00
    5.710275052758571E-03    1.593784302231963E-08    0.000000000000000E+00
    5.710276315452588E-03    1.782688608179980E-08    0.000000000000000E+00
    5.710277663328685E-03    2.105806180332988E-08    0.000000000000000E+00
    5.710279074203958E-03    2.555385981082563E-08    0.000000000000000E+00
    5.710280522625668E-03    3.114822439588353E-08    0.000000000000000E+00
    5.710281978496382E-03    3.758638452659791E-08    0.000000000000000E+00
    5.710283406151409E-03    4.452609739308907E-08    0.000000000000000E+00
    5.710284764008765E-03    5.154117572632691E-08    0.000000000000000E+00
    5.710286005049822E-03    5.812829029015294E-08    0.000000000000000E+00
    5.710287078064201E-03    6.371808524206520E-08    0.000000000000000E+00
    5.710287930166243E-03    6.769152568294758E-08    0.000000000000000E+00
    5.710288509772507E-03    6.940223322642153E-08    0.000000000000000E+00
    5.710288771718110E-03    6.820527161377638E-08    0.000000000000000E+00
    5.710288681139809E-03    6.349219998092301E-08    0.000000000000000E+00
    5.710288222410573E-03    5.473204886521283E-08    0.000000000000000E+00
    5.710287400009864E-03    4.151657759722235E-08    0.000000000000000E+00
    5.710286256075683E-03    2.360912042049970E-08    0.000000000000000E+00
    5.710284854645208E-03    9.930453372949919E-10    0.000000000000000E+00
    5.710283329212940E-03   -2.607909384276295E-08    0.000000000000000E+00
    5.710281801839339E-03   -5.704648336102157E-08    0.000000000000000E+00
    5.710280553410114E-03   -9.099968207445059E-08    0.000000000000000E+00
    5.710279676051248E-03   -1.266652698823467E-07    0.000000000000000E+00
    5.710279743370666E-03   -1.623732304853483E-07    0.000000000000000E+00
    5.710280447599732E-03   -1.960962432802017E-07    0.000000000000000E+00
    5.710283238228326E-03   -2.253936806302165E-07    0.000000000000000E+00
    5.710286026074962E-03   -2.475847705485953E-07    0.000000000000000E+00
    5.710293519390825E-03   -2.595466471524481E-07    0.000000000000000E+00
    5.710296680101717E-03   -2.582880603739097E-07    0.000000000000000E+00
    5.710313086159447E-03   -2.401934895355518E-07    0.000000000000000E+00
    5.710306757270156E-03   -2.028544569928071E-07    0.000000000000000E+00
    5.710346653880398E-03   -1.425565148254717E-07    0.000000000000000E+00
    5.710293076653485E-03   -5.971440889410013E-08    0.000000000000000E+00
    5.710412076135529E-03    4.862339150124591E-08    0.000000000000000E+00
    5.710176383669253E-03    1.739218682797934E-07    0.000000000000000E+00
    5.710608938201267E-03    3.167129699996801E-07    0.000000000000000E+00
    5.709650509812470E-03    4.535036260937147E-07    0.000000000000000E+00
    5.711415981267398E-03    5.715484968060046E-07    0.000000000000000E+00
    5.707700746691086E-03    6.558999408359205E-07    0.000000000000000E+00
    5.714488874919613E-03    6.216969156003914E-07    0.000000000000000E+00
    5.701216368383867E-03    6.099387166092511E-07    0.000000000000000E+00
    5.728113691112102E-03    3.048843004969821E-07    0.000000000000000E+00
    5.749439006140352E-03    2.426687987560313E-06    0.000000000000000E+00
    5.720055532073435E-03    2.097414274148552E-06    0.000000000000000E+00
    5.731957997078293E-03    1.799781221412277E-06    0.000000000000000E+00
    5.724619148012812E-03    1.434457792187664E-06    0.000000000000000E+00
    5.727336293477053E-03    1.046260081656058E-06    0.000000000000000E+00
    5.725400561369129E-03    7.039383078072110E-07    0.000000000000000E+00
    5.726106973179016E-03    3.948734226245019E-07    0.000000000000000E+00
    5.725591790483658E-03    1.571221426339887E-07    0.000000000000000E+00
    5.725792725570874E-03   -3.137143148700235E-08    0.000000000000000E+00
    5.725672559971110E-03   -1.637316810679016E-07    0.000000000000000E+00
    5.725732281359844E-03   -2.567439549930117E-07    0.000000000000000E+00
    5.725708695452574E-03   -3.134633728003720E-07    0.000000000000000E+00
    5.725727361087951E-03   -3.440012457898499E-07    0.000000000000000E+00
    5.725721999213552E-03   -3.527874175766329E-07    0.000000000000000E+00
    5.725725308671293E-03   -3.457292187360970E-07    0.000000000000000E+00
    5.725720704203465E-03   -3.264981692632780E-07    0.000000000000000E+00
    5.725717068391706E-03   -2.988132702810313E-07    0.000000000000000E+00
    5.725710618734287E-03   -2.654442715571629E-07    0.000000000000000E+00
    5.725704010496661E-03   -2.289126086085690E-07    0.000000000000000E+00
    5.725696619663133E-03   -1.912318519893574E-07    0.000000000000000E+00
    5.725689395607157E-03   -1.541122316579686E-07    0.000000000000000E+00
    5.725682387708795E-03   -1.188955958330944E-07    0.000000000000000E+00
    5.725675984138080E-03   -8.661832807759555E-08    0.000000000000000E+00
    5.725670286423989E-03   -5.800583481513300E-08    0.000000000000000E+00
    5.725665432247802E-03   -3.350663949072645E-08    0.000000000000000E+00
    5.725661444856490E-03   -1.331333656576134E-08    0.000000000000000E+00
    5.725658324316250E-03    2.601422139446173E-09    0.000000000000000E+00
    5.725656018595527E-03    1.445086886168619E-08    0.000000000000000E+00
    5.725654456293603E-03    2.259481410356499E-08    0.000000000000000E+00
    5.725653545339471E-03    2.750077106866127E-08    0.000000000000000E+00
    5.725653188356607E-03    2.970709093125460E-08    0.000000000000000E+00
    5.725653287840157E-03    2.978906378239332E-08    0.000000000000000E+00
    5.725653753996735E-03    2.832910665342824E-08    0.000000000000000E+00
    5.725654508693073E-03    2.589177200660348E-08    0.000000000000000E+00
    5.725655488748736E-03    2.300366118647071E-08    0.000000000000000E+00
    5.725656647094744E-03    2.013806252159005E-08    0.000000000000000E+00
    5.725657952771323E-03    1.770373974016489E-08    0.000000000000000E+00
    5.725659389562633E-03    1.603714178278298E-08    0.000000000000000E+00
    5.725660953686974E-03    1.539720197262680E-08    0.000000000000000E+00
    5.725662650666990E-03    1.596191777607462E-08    0.000000000000000E+00
    5.725664491640062E-03    1.782601818290797E-08    0.000000000000000E+00
    5.725666489298509E-03    2.099924547566160E-08    0.000000000000000E+00
    5.725668653679621E-03    2.540502344697828E-08    0.000000000000000E+00
    5.725670988016477E-03    3.087958770169952E-08    0.000000000000000E+00
    5.725673484864371E-03    3.717192972833597E-08    0.000000000000000E+00
    5.725676122746107E-03    4.394517224220991E-08    0.000000000000000E+00
    5.725678863501440E-03    5.078021739938627E-08    0.000000000000000E+00
    5.725681650684191E-03    5.718262797231183E-08    0.000000000000000E+00
    5.725684409045975E-03    6.259374071321614E-08    0.000000000000000E+00
    5.725687045741050E-03    6.640690534463830E-08    0.000000000000000E+00
    5.725689452593911E-03    6.798955970184837E-08    0.000000000000000E+00
    5.725691511241845E-03    6.671158529708075E-08    0.000000000000000E+00
    5.725693097953106E-03    6.197973679557824E-08    0.000000000000000E+00
    5.725694094493856E-03    5.327782909558818E-08    0.000000000000000E+00
    5.725694392135216E-03    4.021102066907632E-08    0.000000000000000E+00
    5.725693913453516E-03    2.255359836662251E-08    0.000000000000000E+00
    5.725692602279348E-03    2.962400806132733E-10    0.000000000000000E+00
    5.725690477738740E-03   -2.630607984178524E-08    0.000000000000000E+00
    5.725687561924959E-03   -5.669620665100678E-08    0.000000000000000E+00
    5.725684057453255E-03   -8.997401125441115E-08    0.000000000000000E+00
    5.725680011758460E-03   -1.248831862343766E-07    0.000000000000000E+00
    5.725675993432548E-03   -1.597752836300203E-07    0.000000000000000E+00
    5.725671746647927E-03   -1.926540454468954E-07    0.000000000000000E+00
    5.725668826036448E-03   -2.211057905523378E-07    0.000000000000000E+00
    5.725665335131615E-03   -2.424919685118614E-07    0.000000000000000E+00
    5.725666222629742E-03   -2.536990345450281E-07    0.000000000000000E+00
    5.725662829709077E-03   -2.517881759685746E-07    0.000000000000000E+00
    5.725673096574869E-03   -2.330725102866365E-07    0.000000000000000E+00
    5.725661651134768E-03   -1.952349096635914E-07    0.000000000000000E+00
    5.725697825034597E-03   -1.342272214393133E-07    0.000000000000000E+00
    5.725642782593459E-03   -5.076728902862551E-08    0.000000000000000E+00
    5.725762606617854E-03    5.915402293366372E-08    0.000000000000000E+00
    5.725531084311987E-03    1.860063224762705E-07    0.000000000000000E+00
    5.725970506545281E-03    3.327830732859885E-07    0.000000000000000E+00
    5.725021460668066E-03    4.730636754385283E-07    0.000000000000000E+00
    5.726800086690291E-03    5.998956764234059E-07    0.000000000000000E+00
    5.723092890443183E-03    6.869357537629231E-07    0.000000000000000E+00
    5.729898243176235E-03    6.638051346617252E-07    0.000000000000000E+00
    5.716614570929163E-03    6.428654343159192E-07    0.000000000000000E+00
    5.743527956345331E-03    3.025360611186653E-07    0.000000000000000E+00
    5.745316070763623E-03    2.785044496379934E-06    0.000000000000000E+00
    5.715922353042336E-03    2.456839712550236E-06    0.000000000000000E+00
    5.727834972171478E-03    2.056637964319328E-06    0.000000000000000E+00
    5.720502469356572E-03    1.610144278400033E-06    0.000000000000000E+00
    5.723235396945110E-03    1.149162200577488E-06    0.000000000000000E+00
    5.721315779288187E-03    7.663021647868645E-07    0.000000000000000E+00
    5.722034328319884E-03    4.289356276079893E-07    0.000000000000000E+00
    5.721528093704855E-03    1.785036676661992E-07    0.000000000000000E+00
    5.721732230614957E-03   -1.768743301449781E-08    0.000000000000000E+00
    5.721611855635889E-03   -1.528385023321654E-07    0.000000000000000E+00
    5.721667667716879E-03   -2.472889761994230E-07    0.000000000000000E+00
    5.721638160447406E-03   -3.043763234408922E-07    0.000000000000000E+00
    5.721649251222098E-03   -3.352121853903478E-07    0.000000000000000E+00
    5.721635613345606E-03   -3.442698622241999E-07    0.000000000000000E+00
    5.721630329448209E-03   -3.376852866523290E-07    0.000000000000000E+00
    5.721617307944938E-03   -3.190832812530311E-07    0.000000000000000E+00
    5.721605687206717E-03   -2.921906011840245E-07    0.000000000000000E+00
    5.721591921538966E-03   -2.597152819933398E-07    0.000000000000000E+00
    5.721578791359113E-03   -2.241374459835591E-07    0.000000000000000E+00
    5.721565757154364E-03   -1.874179739863231E-07    0.000000000000000E+00
    5.721553792281226E-03   -1.512270922566795E-07    0.000000000000000E+00
    5.721542935292816E-03   -1.168710486477397E-07    0.000000000000000E+00
    5.721533528731546E-03   -8.536111547248444E-08    0.000000000000000E+00
    5.721525605879724E-03   -5.740538135478152E-08    0.000000000000000E+00
    5.721519218441099E-03   -3.344369229989948E-08    0.000000000000000E+00
    5.721514293643357E-03   -1.366700177777684E-08    0.000000000000000E+00
    5.721510730872822E-03    1.947431491724531E-09    0.000000000000000E+00
    5.721508377767065E-03    1.360334783620816E-08    0.000000000000000E+00
    5.721507067682562E-03    2.164756423471332E-08    0.000000000000000E+00
    5.721506621596048E-03    2.653245293702316E-08    0.000000000000000E+00
    5.721506866076125E-03    2.878001081488833E-08    0.000000000000000E+00
    5.721507640173784E-03    2.894894546820488E-08    0.000000000000000E+00
    5.721508804196532E-03    2.760561655026176E-08    0.000000000000000E+00
    5.721510243892032E-03    2.529963458111778E-08    0.000000000000000E+00
    5.721511873361023E-03    2.254417639019064E-08    0.000000000000000E+00
    5.721513635330332E-03    1.980087234221407E-08    0.000000000000000E+00
    5.721515499852964E-03    1.746871686306298E-08    0.000000000000000E+00
    5.721517461328066E-03    1.587631232632527E-08    0.000000000000000E+00
    5.721519534336324E-03    1.527664883066184E-08    0.000000000000000E+00
    5.721521748480700E-03    1.584364645076376E-08    0.000000000000000E+00
    5.721524142544748E-03    1.766979549734603E-08    0.000000000000000E+00
    5.721526758199204E-03    2.076444004366368E-08    0.000000000000000E+00
    5.721529633511706E-03    2.505248688983987E-08    0.000000000000000E+00
    5.721532796504627E-03    3.037361298933578E-08    0.000000000000000E+00
    5.721536259013402E-03    3.648231146433045E-08    0.000000000000000E+00
    5.721540011137357E-03    4.304937227772104E-08    0.000000000000000E+00
    5.721544016530635E-03    4.966560639420083E-08    0.000000000000000E+00
    5.721548208955947E-03    5.584873754307499E-08    0.000000000000000E+00
    5.721552490236462E-03    6.105441790014714E-08    0.000000000000000E+00
    5.721556730353081E-03    6.469222983676273E-08    0.000000000000000E+00
    5.721560769164113E-03    6.614733814853473E-08    0.000000000000000E+00
    5.721564421673726E-03    6.480821879372125E-08    0.000000000000000E+00
    5.721567483803678E-03    6.010023512953838E-08    0.000000000000000E+00
    5.721569745105869E-03    5.152477857675644E-08    0.000000000000000E+00
    5.721570995700408E-03    3.870229864163153E-08    0.000000000000000E+00
    5.721571051978173E-03    2.141873724838324E-08    0.000000000000000E+00
    5.721569751745758E-03   -3.286978264021230E-10    0.000000000000000E+00
    5.721567014225863E-03   -2.628513285929812E-08    0.000000000000000E+00
    5.721562775226990E-03   -5.590154502135143E-08    0.000000000000000E+00
    5.721557171375426E-03   -8.829376351168653E-08    0.000000000000000E+00
    5.721550215440286E-03   -1.222315821733176E-07    0.000000000000000E+00
    5.721542477330307E-03   -1.560994609128305E-07    0.000000000000000E+00
    5.721533755948515E-03   -1.879459755137003E-07    0.000000000000000E+00
    5.721525707565738E-03   -2.154002602899365E-07    0.000000000000000E+00
    5.721516622039015E-03   -2.358841748101823E-07    0.000000000000000E+00
    5.721511671855277E-03   -2.463123875543844E-07    0.000000000000000E+00
    5.721502565069744E-03   -2.438197970059583E-07    0.000000000000000E+00
    5.721507571159792E-03   -2.246646058778192E-07    0.000000000000000E+00
    5.721491926361353E-03   -1.866430853430064E-07    0.000000000000000E+00
    5.721525275805288E-03   -1.253691880007468E-07    0.000000000000000E+00
    5.721469712398265E-03   -4.188875185617881E-08    0.000000000000000E+00
    5.721591265904976E-03    6.894363049015373E-08    0.000000000000000E+00
    5.721364991812730E-03    1.965288160734171E-07    0.000000000000000E+00
    5.721812431277949E-03    3.466368063946525E-07    0.000000000000000E+00
    5.720874674098523E-03    4.895501752601015E-07    0.000000000000000E+00
    5.722668733026533E-03    6.250503138052111E-07    0.000000000000000E+00
    5.718974292614798E-03    7.144071570979077E-07    0.000000000000000E+00
    5.725804798107748E-03    7.030992949084749E-07    0.000000000000000E+00
    5.712520390035384E-03    6.747260036912363E-07    0.000000000000000E+00
    5.739477594773845E-03    2.962183345732876E-07    0.000000000000000E+00
    5.721559053691625E-03    3.143686235254608E-06    0.000000000000000E+00
    5.692180066246738E-03    2.813644181499860E-06    0.000000000000000E+00
    5.704122755001071E-03    2.308793423730110E-06    0.000000000000000E+00
    5.696816258292090E-03    1.781150823632192E-06    0.000000000000000E+00
    5.699577780455943E-03    1.246612881353838E-06    0.000000000000000E+00
    5.697682899741866E-03    8.243938702912390E-07    0.000000000000000E+00
    5.698418310445800E-03    4.597614957420582E-07    0.000000000000000E+00
    5.697924130673993E-03    1.981065439828929E-07    0.000000000000000E+00
    5.698133170858538E-03   -4.630268733946270E-09    0.000000000000000E+00
    5.698013938196262E-03   -1.415748643145328E-07    0.000000000000000E+00
    5.698066875733398E-03   -2.367631305496980E-07    0.000000000000000E+00
    5.698032448366369E-03   -2.937299328197690E-07    0.000000000000000E+00
    5.698036917206830E-03   -3.245759409738069E-07    0.000000000000000E+00
    5.698015950611058E-03   -3.337652976993660E-07    0.000000000000000E+00
    5.698002982621182E-03   -3.276327253290303E-07    0.000000000000000E+00
    5.697982406135006E-03   -3.097240602705152E-07    0.000000000000000E+00
    5.697963590710296E-03   -2.837506274303207E-07    0.000000000000000E+00
    5.697943215185600E-03   -2.523384381330403E-07    0.000000000000000E+00
    5.697924173592765E-03   -2.179103575369043E-07    0.000000000000000E+00
    5.697906006839996E-03   -1.823612702409980E-07    0.000000000000000E+00
    5.697889711837279E-03   -1.473106901562981E-07    0.000000000000000E+00
    5.697875320553873E-03   -1.140206383647147E-07    0.000000000000000E+00
    5.697863137101285E-03   -8.347059081767677E-08    0.000000000000000E+00
    5.697853136253345E-03   -5.634637878121391E-08    0.000000000000000E+00
    5.697845294939103E-03   -3.307584298920599E-08    0.000000000000000E+00
    5.697839456376393E-03   -1.384643222231477E-08    0.000000000000000E+00
    5.697835431321444E-03    1.360580037206884E-09    0.000000000000000E+00
    5.697832978705965E-03    1.273890143052990E-08    0.000000000000000E+00
    5.697831847219581E-03    2.062086394697305E-08    0.000000000000000E+00
    5.697831780206612E-03    2.544150133862805E-08    0.000000000000000E+00
    5.697832535987310E-03    2.770373296953878E-08    0.000000000000000E+00
    5.697833896356327E-03    2.794663210254326E-08    0.000000000000000E+00
    5.697835676256860E-03    2.671729486029893E-08    0.000000000000000E+00
    5.697837728246601E-03    2.454718688660590E-08    0.000000000000000E+00
    5.697839945134130E-03    2.193299556789287E-08    0.000000000000000E+00
    5.697842259513389E-03    1.932187822393345E-08    0.000000000000000E+00
    5.697844641342045E-03    1.710058425593923E-08    0.000000000000000E+00
    5.697847093540931E-03    1.558780240484010E-08    0.000000000000000E+00
    5.697849646178900E-03    1.502897315921392E-08    0.000000000000000E+00
    5.697852349493468E-03    1.559283113928936E-08    0.000000000000000E+00
    5.697855266109001E-03    1.736904407039262E-08    0.000000000000000E+00
    5.697858462724126E-03    2.036651408266840E-08    0.000000000000000E+00
    5.697862001558813E-03    2.451213434393141E-08    0.000000000000000E+00
    5.697865931841478E-03    2.965007115471826E-08    0.000000000000000E+00
    5.697870281626491E-03    3.554189836361753E-08    0.000000000000000E+00
    5.697875050282006E-03    4.186815590115616E-08    0.000000000000000E+00
    5.697880201954776E-03    4.823210511385314E-08    0.000000000000000E+00
    5.697885660507303E-03    5.416656513942026E-08    0.000000000000000E+00
    5.697891306150101E-03    5.914474015264778E-08    0.000000000000000E+00
    5.697896974615261E-03    6.259586403355748E-08    0.000000000000000E+00
    5.697902458468001E-03    6.392628036590372E-08    0.000000000000000E+00
    5.697907512577861E-03    6.254636556344274E-08    0.000000000000000E+00
    5.697911860840985E-03    5.790304532638027E-08    0.000000000000000E+00
    5.697915210633156E-03    4.951765906729507E-08    0.000000000000000E+00
    5.697917262460256E-03    3.702748862165698E-08    0.000000000000000E+00
    5.697917739209750E-03    2.023058943854371E-08    0.000000000000000E+00
    5.697916385996190E-03   -8.701912364850064E-10    0.000000000000000E+00
    5.697913035547252E-03   -2.602252110138138E-08    0.000000000000000E+00
    5.697907549953101E-03   -5.468970383532321E-08    0.000000000000000E+00
    5.697900010873938E-03   -8.600968824751575E-08    0.000000000000000E+00
    5.697890405129463E-03   -1.187866327676712E-07    0.000000000000000E+00
    5.697879308938091E-03   -1.514482958166564E-07    0.000000000000000E+00
    5.697866577414609E-03   -1.821007167462381E-07    0.000000000000000E+00
    5.697853963675549E-03   -2.084304180791429E-07    0.000000000000000E+00
    5.697839936390206E-03   -2.279365366482863E-07    0.000000000000000E+00
    5.697829874006680E-03   -2.375795447835039E-07    0.000000000000000E+00
    5.697815838512328E-03   -2.345884770656133E-07    0.000000000000000E+00
    5.697816394504427E-03   -2.151824615359293E-07    0.000000000000000E+00
    5.697797388018217E-03   -1.772944590071133E-07    0.000000000000000E+00
    5.697828718017827E-03   -1.161974370855553E-07    0.000000000000000E+00
    5.697773479258142E-03   -3.329815137408164E-08    0.000000000000000E+00
    5.697897555610291E-03    7.776279183672244E-08    0.000000000000000E+00
    5.697677515645387E-03    2.052109565035024E-07    0.000000000000000E+00
    5.698134015173244E-03    3.579248655615740E-07    0.000000000000000E+00
    5.697209427433737E-03    5.023922249070903E-07    0.000000000000000E+00
    5.699021192389173E-03    6.461683809558417E-07    0.000000000000000E+00
    5.695344394111736E-03    7.366510958467616E-07    0.000000000000000E+00
    5.702208512560684E-03    7.371345083146278E-07    0.000000000000000E+00
    5.688934241285356E-03    7.008861993254066E-07    0.000000000000000E+00
    5.715964136070074E-03    2.815457541509793E-07    0.000000000000000E+00
    5.678169930405108E-03    3.498456260700485E-06    0.000000000000000E+00
    5.648829711400120E-03    3.162658733679339E-06    0.000000000000000E+00
    5.660822396724701E-03    2.551074923212525E-06    0.000000000000000E+00
    5.653561525374082E-03    1.943514319368818E-06    0.000000000000000E+00
    5.656364370793666E-03    1.335881288480363E-06    0.000000000000000E+00
    5.654502829744537E-03    8.765663695539043E-07    0.000000000000000E+00
    5.655259641810506E-03    4.863730206717511E-07    0.000000000000000E+00
    5.654780476463677E-03    2.153594101304541E-07    0.000000000000000E+00
    5.654995951226178E-03    7.428524136811769E-09    0.000000000000000E+00
    5.654879083203116E-03   -1.302178967581242E-07    0.000000000000000E+00
    5.654930069710444E-03   -2.254093627216774E-07    0.000000000000000E+00
    5.654891640558731E-03   -2.817560773438779E-07    0.000000000000000E+00
    5.654890375209540E-03   -3.123213829104430E-07    0.000000000000000E+00
    5.654862978689352E-03   -3.214981809377338E-07    0.000000000000000E+00
    5.654843199580522E-03   -3.157873185466138E-07    0.000000000000000E+00
    5.654815904375348E-03   -2.986224784635913E-07    0.000000000000000E+00
    5.654790667268405E-03   -2.736770688323936E-07    0.000000000000000E+00
    5.654764378208340E-03   -2.434758777460367E-07    0.000000000000000E+00
    5.654740032192573E-03   -2.103698953804619E-07    0.000000000000000E+00
    5.654717245530555E-03   -1.761759559303432E-07    0.000000000000000E+00
    5.654697037311086E-03   -1.424532719223382E-07    0.000000000000000E+00
    5.654679436237056E-03   -1.104119313162722E-07    0.000000000000000E+00
    5.654664714262208E-03   -8.099364057676614E-08    0.000000000000000E+00
    5.654652796498395E-03   -5.485753336890130E-08    0.000000000000000E+00
    5.654643595464792E-03   -3.241641754456049E-08    0.000000000000000E+00
    5.654636881625418E-03   -1.385249169876257E-08    0.000000000000000E+00
    5.654632388502914E-03    8.495806155080218E-10    0.000000000000000E+00
    5.654629797423877E-03    1.187310026663279E-08    0.000000000000000E+00
    5.654628782581440E-03    1.953469232116877E-08    0.000000000000000E+00
    5.654629018729852E-03    2.425018682165510E-08    0.000000000000000E+00
    5.654630203584355E-03    2.650107911408654E-08    0.000000000000000E+00
    5.654632067813557E-03    2.680415321439516E-08    0.000000000000000E+00
    5.654634385563557E-03    2.568443286065893E-08    0.000000000000000E+00
    5.654636979237263E-03    2.365241675713653E-08    0.000000000000000E+00
    5.654639721941050E-03    2.118558959082551E-08    0.000000000000000E+00
    5.654642536412726E-03    1.871413369413861E-08    0.000000000000000E+00
    5.654645391641262E-03    1.661034602394881E-08    0.000000000000000E+00
    5.654648297229926E-03    1.518115413873735E-08    0.000000000000000E+00
    5.654651296127700E-03    1.466301097175194E-08    0.000000000000000E+00
    5.654654456034573E-03    1.521847369534571E-08    0.000000000000000E+00
    5.654657859889105E-03    1.693386637728065E-08    0.000000000000000E+00
    5.654661595749672E-03    1.981761425832155E-08    0.000000000000000E+00
    5.654665746395556E-03    2.379905402382833E-08    0.000000000000000E+00
    5.654670378963647E-03    2.872778708070319E-08    0.000000000000000E+00
    5.654675534948989E-03    3.437388795842601E-08    0.000000000000000E+00
    5.654681220955139E-03    4.042951299023442E-08    0.000000000000000E+00
    5.654687400556221E-03    4.651264308143539E-08    0.000000000000000E+00
    5.654693987831999E-03    5.217380174038470E-08    0.000000000000000E+00
    5.654700842877228E-03    5.690660888898530E-08    0.000000000000000E+00
    5.654707770217231E-03    6.016295807316553E-08    0.000000000000000E+00
    5.654714519831278E-03    6.137338842525611E-08    0.000000000000000E+00
    5.654720792883251E-03    5.997304133136519E-08    0.000000000000000E+00
    5.654726249372488E-03    5.543293297894101E-08    0.000000000000000E+00
    5.654730524206212E-03    4.729633944173444E-08    0.000000000000000E+00
    5.654733239332916E-03    3.521860593124264E-08    0.000000000000000E+00
    5.654734036183062E-03    1.901015569728761E-08    0.000000000000000E+00
    5.654732579733122E-03   -1.321481523757187E-09    0.000000000000000E+00
    5.654728628672127E-03   -2.552884315064110E-08    0.000000000000000E+00
    5.654721982923870E-03   -5.309145008798937E-08    0.000000000000000E+00
    5.654712679069736E-03   -8.317502160848371E-08    0.000000000000000E+00
    5.654700685512703E-03   -1.146256065664860E-07    0.000000000000000E+00
    5.654686588556340E-03   -1.459236994128764E-07    0.000000000000000E+00
    5.654670299811841E-03   -1.752442941432710E-07    0.000000000000000E+00
    5.654653663240263E-03   -2.003445902197554E-07    0.000000000000000E+00
    5.654635317739359E-03   -2.188165616177177E-07    0.000000000000000E+00
    5.654620828671310E-03   -2.276828073415967E-07    0.000000000000000E+00
    5.654602598333498E-03   -2.242861021808137E-07    0.000000000000000E+00
    5.654599450742571E-03   -2.048218377716940E-07    0.000000000000000E+00
    5.654577844120241E-03   -1.673842853395179E-07    0.000000000000000E+00
    5.654607868314858E-03   -1.069037634354009E-07    0.000000000000000E+00
    5.654553700719244E-03   -2.518906517308272E-08    0.000000000000000E+00
    5.654680974009401E-03    8.540910605271516E-08    0.000000000000000E+00
    5.654468047058880E-03    2.118011018535601E-07    0.000000000000000E+00
    5.654934502323062E-03    3.663227489108403E-07    0.000000000000000E+00
    5.654024877487217E-03    5.110326724683668E-07    0.000000000000000E+00
    5.655856461947297E-03    6.624138192595280E-07    0.000000000000000E+00
    5.652202137750394E-03    7.519574962514914E-07    0.000000000000000E+00
    5.659108350663846E-03    7.634106231097981E-07    0.000000000000000E+00
    5.645855000671030E-03    7.166066760315426E-07    0.000000000000000E+00
    5.672986853151606E-03    2.540307501875864E-07    0.000000000000000E+00
    5.615152236771157E-03    3.845362380180489E-06    0.000000000000000E+00
    5.585873607103099E-03    3.498845941456014E-06    0.000000000000000E+00
    5.597936080150846E-03    2.778337965463073E-06    0.000000000000000E+00
    5.590740163376951E-03    2.093328616139704E-06    0.000000000000000E+00
    5.593596665211957E-03    1.414276464484149E-06    0.000000000000000E+00
    5.591776812740507E-03    9.212272733563708E-07    0.000000000000000E+00
    5.592559213521601E-03    5.078463174206805E-07    0.000000000000000E+00
    5.592097781939772E-03    2.297400348285662E-07    0.000000000000000E+00
    5.592321002658907E-03    1.815767895776350E-08    0.000000000000000E+00
    5.592207570182714E-03   -1.190135303447004E-07    0.000000000000000E+00
    5.592257410496530E-03   -2.134471487839954E-07    0.000000000000000E+00
    5.592215815031874E-03   -2.686693994075745E-07    0.000000000000000E+00
    5.592209640934684E-03   -2.986648432164975E-07    0.000000000000000E+00
    5.592176668546878E-03   -3.076840630032434E-07    0.000000000000000E+00
    5.592150918458819E-03   -3.023587653178966E-07    0.000000000000000E+00
    5.592117717786805E-03   -2.859767092258702E-07    0.000000000000000E+00
    5.592086816700154E-03   -2.621517411972712E-07    0.000000000000000E+00
    5.592055301704656E-03   -2.332894379436050E-07    0.000000000000000E+00
    5.592026255075429E-03   -2.016556660212859E-07    0.000000000000000E+00
    5.591999362677592E-03   -1.689784284616125E-07    0.000000000000000E+00
    5.591975663579976E-03   -1.367481723383496E-07    0.000000000000000E+00
    5.591955185736267E-03   -1.061162691484779E-07    0.000000000000000E+00
    5.591938174412467E-03   -7.798139940073546E-08    0.000000000000000E+00
    5.591924513125716E-03   -5.297206836667933E-08    0.000000000000000E+00
    5.591914059612894E-03   -3.148333988561422E-08    0.000000000000000E+00
    5.591906522172992E-03   -1.369055681944613E-08    0.000000000000000E+00
    5.591901567906499E-03    4.188570986730727E-10    0.000000000000000E+00
    5.591898811174837E-03    1.101755991070935E-08    0.000000000000000E+00
    5.591897861466903E-03    1.840548838443162E-08    0.000000000000000E+00
    5.591898333739125E-03    2.297770678938442E-08    0.000000000000000E+00
    5.591899872593130E-03    2.519229076485576E-08    0.000000000000000E+00
    5.591902163643634E-03    2.554145403157030E-08    0.000000000000000E+00
    5.591904944829578E-03    2.452571699625288E-08    0.000000000000000E+00
    5.591908011523735E-03    2.263215470245080E-08    0.000000000000000E+00
    5.591911218862032E-03    2.031667572889139E-08    0.000000000000000E+00
    5.591914480183732E-03    1.799029007699916E-08    0.000000000000000E+00
    5.591917762844264E-03    1.600889730232271E-08    0.000000000000000E+00
    5.591921081517157E-03    1.466603194406475E-08    0.000000000000000E+00
    5.591924489662514E-03    1.418788746339982E-08    0.000000000000000E+00
    5.591928069517482E-03    1.472996609785678E-08    0.000000000000000E+00
    5.591931921060024E-03    1.637478892488903E-08    0.000000000000000E+00
    5.591936150295580E-03    1.913027733969672E-08    0.000000000000000E+00
    5.591940857227405E-03    2.292862204998815E-08    0.000000000000000E+00
    5.591946123861315E-03    2.762570329036885E-08    0.000000000000000E+00
    5.591952002609660E-03    3.300135840882600E-08    0.000000000000000E+00
    5.591958505524144E-03    3.876101339099458E-08    0.000000000000000E+00
    5.591965594770253E-03    4.453937109776877E-08    0.000000000000000E+00
    5.591973174963636E-03    4.990695177377937E-08    0.000000000000000E+00
    5.591981087739345E-03    5.438029488381057E-08    0.000000000000000E+00
    5.591989109558966E-03    5.743656844994687E-08    0.000000000000000E+00
    5.591996952548221E-03    5.853311092293888E-08    0.000000000000000E+00
    5.592004270525992E-03    5.713227839391986E-08    0.000000000000000E+00
    5.592010667545156E-03    5.273131101636314E-08    0.000000000000000E+00
    5.592015715449259E-03    4.489706145396019E-08    0.000000000000000E+00
    5.592018968250210E-03    3.330389511168327E-08    0.000000000000000E+00
    5.592019997393062E-03    1.777468909509205E-08    0.000000000000000E+00
    5.592018399567321E-03   -1.679331746370674E-09    0.000000000000000E+00
    5.592013871026320E-03   -2.481776142972489E-08    0.000000000000000E+00
    5.592006160167847E-03   -5.113990165517151E-08    0.000000000000000E+00
    5.591995267361760E-03   -7.984436271376654E-08    0.000000000000000E+00
    5.591981149061058E-03   -1.098258610150529E-07    0.000000000000000E+00
    5.591964404325076E-03   -1.396261070334349E-07    0.000000000000000E+00
    5.591945000449782E-03   -1.674994014331627E-07    0.000000000000000E+00
    5.591924865101548E-03   -1.912856309392686E-07    0.000000000000000E+00
    5.591902797782779E-03   -2.086838600142905E-07    0.000000000000000E+00
    5.591884530448410E-03   -2.167938834541676E-07    0.000000000000000E+00
    5.591862791277020E-03   -2.130909905996657E-07    0.000000000000000E+00
    5.591856626060022E-03   -1.937617297061650E-07    0.000000000000000E+00
    5.591833108036489E-03   -1.570876188049407E-07    0.000000000000000E+00
    5.591862450305771E-03   -9.765630775756878E-08    0.000000000000000E+00
    5.591810000325372E-03   -1.772782690353436E-08    0.000000000000000E+00
    5.591941016879228E-03    9.171056193008450E-08    0.000000000000000E+00
    5.591735958831980E-03    2.160814654302896E-07    0.000000000000000E+00
    5.592213075843863E-03    3.715442990743182E-07    0.000000000000000E+00
    5.591320056782193E-03    5.149550232177931E-07    0.000000000000000E+00
    5.593173253318455E-03    6.730080473481263E-07    0.000000000000000E+00
    5.589545955630835E-03    7.586581632231983E-07    0.000000000000000E+00
    5.596502248078441E-03    7.795080438943430E-07    0.000000000000000E+00
    5.583280000171591E-03    7.171802115836506E-07    0.000000000000000E+00
    5.610542848039854E-03    2.091840603886176E-07    0.000000000000000E+00
    5.532511050028199E-03    4.180619506567153E-06    0.000000000000000E+00
    5.503315315485053E-03    3.817350118908762E-06    0.000000000000000E+00
    5.515467094872264E-03    2.985512924534463E-06    0.000000000000000E+00
    5.508354939354931E-03    2.226815640344014E-06    0.000000000000000E+00
    5.511276721120743E-03    1.479214666605824E-06    0.000000000000000E+00
    5.509506420834138E-03    9.568903639548606E-07    0.000000000000000E+00
    5.510318076522427E-03    5.233446366162843E-07    0.000000000000000E+00
    5.509876765885734E-03    2.407939519244090E-07    0.000000000000000E+00
    5.510108774547060E-03    2.727573612489321E-08    0.000000000000000E+00
    5.509999677422123E-03   -1.081722332892051E-07    0.000000000000000E+00
    5.510049051462990E-03   -2.010709339220190E-07    0.000000000000000E+00
    5.510005043322515E-03   -2.546669674501026E-07    0.000000000000000E+00
    5.509994727141880E-03   -2.838101938053128E-07    0.000000000000000E+00
    5.509956992419845E-03   -2.925297021782129E-07    0.000000000000000E+00
    5.509926082467716E-03   -2.875506521098899E-07    0.000000000000000E+00
    5.509887769631084E-03   -2.719808977629306E-07    0.000000000000000E+00
    5.509851949146558E-03   -2.493541163092854E-07    0.000000000000000E+00
    5.509815888428143E-03   -2.219400219339576E-07    0.000000000000000E+00
    5.509782742381321E-03   -1.919075318992714E-07    0.000000000000000E+00
    5.509752259868604E-03   -1.608863363324431E-07    0.000000000000000E+00
    5.509725497035618E-03   -1.302907839163077E-07    0.000000000000000E+00
    5.509702482926299E-03   -1.012076713921897E-07    0.000000000000000E+00
    5.509683440903790E-03   -7.448811598916209E-08    0.000000000000000E+00
    5.509668220289135E-03   -5.072658041465669E-08    0.000000000000000E+00
    5.509656633027147E-03   -3.029800246965315E-08    0.000000000000000E+00
    5.509648335259409E-03   -1.336942067810104E-08    0.000000000000000E+00
    5.509642937957466E-03    6.959057881398682E-11    0.000000000000000E+00
    5.509639998771144E-03    1.018092579169757E-08    0.000000000000000E+00
    5.509639071920640E-03    1.724706903539728E-08    0.000000000000000E+00
    5.509639721140059E-03    2.164103160281167E-08    0.000000000000000E+00
    5.509641545271327E-03    2.379580256551041E-08    0.000000000000000E+00
    5.509644190891866E-03    2.417709765922641E-08    0.000000000000000E+00
    5.509647364339320E-03    2.325886350359658E-08    0.000000000000000E+00
    5.509650837156292E-03    2.150264600885244E-08    0.000000000000000E+00
    5.509654448362301E-03    1.934073321658701E-08    0.000000000000000E+00
    5.509658102513326E-03    1.716306208396182E-08    0.000000000000000E+00
    5.509661764849439E-03    1.530744670667928E-08    0.000000000000000E+00
    5.509665453702619E-03    1.405260877000532E-08    0.000000000000000E+00
    5.509669230886901E-03    1.361337396131412E-08    0.000000000000000E+00
    5.509673190470485E-03    1.413742501832504E-08    0.000000000000000E+00
    5.509677446420200E-03    1.570308136231938E-08    0.000000000000000E+00
    5.509682119503489E-03    1.831774086257838E-08    0.000000000000000E+00
    5.509687323841954E-03    2.191681180613198E-08    0.000000000000000E+00
    5.509693153500551E-03    2.636319529924415E-08    0.000000000000000E+00
    5.509699669512216E-03    3.144759726760865E-08    0.000000000000000E+00
    5.509706887807918E-03    3.689015650260378E-08    0.000000000000000E+00
    5.509714768511187E-03    4.234403881184265E-08    0.000000000000000E+00
    5.509723207269279E-03    4.740174527034508E-08    0.000000000000000E+00
    5.509732029052793E-03    5.160489059360206E-08    0.000000000000000E+00
    5.509740985489578E-03    5.445815456725794E-08    0.000000000000000E+00
    5.509749755603631E-03    5.544788570853717E-08    0.000000000000000E+00
    5.509757952165674E-03    5.406571376127929E-08    0.000000000000000E+00
    5.509765131071018E-03    4.983686923468499E-08    0.000000000000000E+00
    5.509770810233069E-03    4.235310287538694E-08    0.000000000000000E+00
    5.509774485958925E-03    3.130851481587239E-08    0.000000000000000E+00
    5.509775670668461E-03    1.653838568417462E-08    0.000000000000000E+00
    5.509773903990190E-03   -1.943350933643252E-09    0.000000000000000E+00
    5.509768830590233E-03   -2.390536578871658E-08    0.000000000000000E+00
    5.509760157172301E-03   -4.886995706959087E-08    0.000000000000000E+00
    5.509747855856671E-03   -7.607319875790164E-08    0.000000000000000E+00
    5.509731876663143E-03   -1.044644922456874E-07    0.000000000000000E+00
    5.509712833082897E-03   -1.326542804632855E-07    0.000000000000000E+00
    5.509690746286052E-03   -1.589853788300205E-07    0.000000000000000E+00
    5.509667619434241E-03   -1.813910908517537E-07    0.000000000000000E+00
    5.509642401999752E-03   -1.976905046765869E-07    0.000000000000000E+00
    5.509620970875976E-03   -2.050744190730219E-07    0.000000000000000E+00
    5.509596364750993E-03   -2.011685346121345E-07    0.000000000000000E+00
    5.509587811202561E-03   -1.821650101662013E-07    0.000000000000000E+00
    5.509563001268653E-03   -1.465597413539747E-07    0.000000000000000E+00
    5.509592197588145E-03   -8.859944581713791E-08    0.000000000000000E+00
    5.509542010832165E-03   -1.105225675322552E-08    0.000000000000000E+00
    5.509677180828880E-03    9.652881896746897E-08    0.000000000000000E+00
    5.509480608914253E-03    2.178752826046318E-07    0.000000000000000E+00
    5.509968861590242E-03    3.733553607660401E-07    0.000000000000000E+00
    5.509093879640620E-03    5.137107241821024E-07    0.000000000000000E+00
    5.510969997833850E-03    6.772800271040770E-07    0.000000000000000E+00
    5.507373781730966E-03    7.552158804894409E-07    0.000000000000000E+00
    5.514387120046444E-03    7.832234690729769E-07    0.000000000000000E+00
    5.501205041092109E-03    6.980602336429464E-07    0.000000000000000E+00
    5.528627102293246E-03    1.426079867736419E-07    0.000000000000000E+00
    5.430252942149965E-03    4.500692566714156E-06    0.000000000000000E+00
    5.401159608670089E-03    4.113547039609498E-06    0.000000000000000E+00
    5.413419809232580E-03    3.167648172785303E-06    0.000000000000000E+00
    5.406409480399331E-03    2.340395425410463E-06    0.000000000000000E+00
    5.409407133434874E-03    1.528286444958699E-06    0.000000000000000E+00
    5.407693536123870E-03    9.822264339099810E-07    0.000000000000000E+00
    5.408537424354171E-03    5.321506346113867E-07    0.000000000000000E+00
    5.408118201967289E-03    2.481521286203217E-07    0.000000000000000E+00
    5.408359725223068E-03    3.455958015357234E-08    0.000000000000000E+00
    5.408255675146212E-03   -9.786574134435145E-08    0.000000000000000E+00
    5.408305133677770E-03   -1.884494083504487E-07    0.000000000000000E+00
    5.408259387046675E-03   -2.399286911213873E-07    0.000000000000000E+00
    5.408245641111957E-03   -2.679496190986976E-07    0.000000000000000E+00
    5.408203921899569E-03   -2.762338333161064E-07    0.000000000000000E+00
    5.408168638421401E-03   -2.715610571067018E-07    0.000000000000000E+00
    5.408125990163001E-03   -2.568255479592963E-07    0.000000000000000E+00
    5.408085984186313E-03   -2.354614861206113E-07    0.000000000000000E+00
    5.408046052126670E-03   -2.095875587799351E-07    0.000000000000000E+00
    5.408009406004960E-03   -1.812653939226252E-07    0.000000000000000E+00
    5.407975850528657E-03   -1.520182154647182E-07    0.000000000000000E+00
    5.407946455433856E-03   -1.231780786848803E-07    0.000000000000000E+00
    5.407921252139304E-03   -9.576227364220186E-08    0.000000000000000E+00
    5.407900446322690E-03   -7.057053680521870E-08    0.000000000000000E+00
    5.407883859949526E-03   -4.816039544633431E-08    0.000000000000000E+00
    5.407871267626146E-03   -2.888461794866763E-08    0.000000000000000E+00
    5.407862282850577E-03   -1.290066156229209E-08    0.000000000000000E+00
    5.407856470344656E-03   -1.996795616628452E-10    0.000000000000000E+00
    5.407853340881682E-03    9.369432029820946E-09    0.000000000000000E+00
    5.407852402625245E-03    1.607113425627762E-08    0.000000000000000E+00
    5.407853176446544E-03    2.025535234994187E-08    0.000000000000000E+00
    5.407855222661343E-03    2.232863063225942E-08    0.000000000000000E+00
    5.407858154775807E-03    2.272859456258750E-08    0.000000000000000E+00
    5.407861652143651E-03    2.190089168549052E-08    0.000000000000000E+00
    5.407865465740401E-03    2.027977204924932E-08    0.000000000000000E+00
    5.407869420427453E-03    1.827217798579896E-08    0.000000000000000E+00
    5.407873412728231E-03    1.624536210448789E-08    0.000000000000000E+00
    5.407877405443690E-03    1.451761677153287E-08    0.000000000000000E+00
    5.407881419326133E-03    1.335163951021725E-08    0.000000000000000E+00
    5.407885522570460E-03    1.294994124885841E-08    0.000000000000000E+00
    5.407889818560895E-03    1.345173205700365E-08    0.000000000000000E+00
    5.407894432398298E-03    1.493079067064275E-08    0.000000000000000E+00
    5.407899496626000E-03    1.739397837751764E-08    0.000000000000000E+00
    5.407905136579101E-03    2.078023741797151E-08    0.000000000000000E+00
    5.407911455772736E-03    2.496013053342730E-08    0.000000000000000E+00
    5.407918521761639E-03    2.973618300828427E-08    0.000000000000000E+00
    5.407926352977668E-03    3.484448237753054E-08    0.000000000000000E+00
    5.407934907045613E-03    3.995814190271472E-08    0.000000000000000E+00
    5.407944071293978E-03    4.469332683326621E-08    0.000000000000000E+00
    5.407953655944724E-03    4.861854538098436E-08    0.000000000000000E+00
    5.407963391096876E-03    5.126786293393349E-08    0.000000000000000E+00
    5.407972927440365E-03    5.215847347941693E-08    0.000000000000000E+00
    5.407981842938015E-03    5.081296973835779E-08    0.000000000000000E+00
    5.407989652974974E-03    4.678599611157469E-08    0.000000000000000E+00
    5.407995830431097E-03    3.969523104505923E-08    0.000000000000000E+00
    5.407999823801473E-03    2.925500959007821E-08    0.000000000000000E+00
    5.408001096995996E-03    1.531285710768337E-08    0.000000000000000E+00
    5.407999143263590E-03   -2.115542684387664E-09    0.000000000000000E+00
    5.407993565878744E-03   -2.280976842471250E-08    0.000000000000000E+00
    5.407984038978797E-03   -4.631796392487577E-08    0.000000000000000E+00
    5.407970513607013E-03   -7.191767605796146E-08    0.000000000000000E+00
    5.407952938034069E-03   -9.861823761208034E-08    0.000000000000000E+00
    5.407931940975857E-03   -1.251053687403849E-07    0.000000000000000E+00
    5.407907594765580E-03   -1.498184539141877E-07    0.000000000000000E+00
    5.407881968848267E-03   -1.707936514032330E-07    0.000000000000000E+00
    5.407854151052017E-03   -1.859816576259015E-07    0.000000000000000E+00
    5.407830140166885E-03   -1.926767938137669E-07    0.000000000000000E+00
    5.407803268943692E-03   -1.886721030166107E-07    0.000000000000000E+00
    5.407792904021080E-03   -1.701793254110378E-07    0.000000000000000E+00
    5.407767356476848E-03   -1.359368287998847E-07    0.000000000000000E+00
    5.407796857320377E-03   -7.985390551190823E-08    0.000000000000000E+00
    5.407749378424485E-03   -5.270597993245377E-09    0.000000000000000E+00
    5.407888968296147E-03    9.976225351845982E-08    0.000000000000000E+00
    5.407701346833414E-03    2.170536884310113E-07    0.000000000000000E+00
    5.408200936453364E-03    3.715868224957613E-07    0.000000000000000E+00
    5.407345156476182E-03    5.069455689745164E-07    0.000000000000000E+00
    5.409244865619032E-03    6.747148670624538E-07    0.000000000000000E+00
    5.405683088084993E-03    7.403121665395872E-07    0.000000000000000E+00
    5.412758893873919E-03    7.727065114848112E-07    0.000000000000000E+00
    5.399624422961601E-03    6.549877196421199E-07    0.000000000000000E+00
    5.427232497528790E-03    5.008816370804556E-08    0.000000000000000E+00
    5.308385901781535E-03    4.802335332887773E-06    0.000000000000000E+00
    5.279412439571943E-03    4.383090087619928E-06    0.000000000000000E+00
    5.291799640510383E-03    3.319950450423318E-06    0.000000000000000E+00
    5.284908255412582E-03    2.430756480456893E-06    0.000000000000000E+00
    5.287991001067006E-03    1.559324234640474E-06    0.000000000000000E+00
    5.286340322643580E-03    9.961131931407883E-07    0.000000000000000E+00
    5.287218568959294E-03    5.336974422454994E-07    0.000000000000000E+00
    5.286822901607716E-03    2.515472428732826E-07    0.000000000000000E+00
    5.287074310147333E-03    3.985184304625427E-08    0.000000000000000E+00
    5.286975817611711E-03   -8.822467412800055E-08    0.000000000000000E+00
    5.287025780561594E-03   -1.757254424611829E-07    0.000000000000000E+00
    5.286978894201436E-03   -2.246182372265785E-07    0.000000000000000E+00
    5.286962381965975E-03   -2.512647824044532E-07    0.000000000000000E+00
    5.286917425904651E-03   -2.589882673337836E-07    0.000000000000000E+00
    5.286878535150958E-03   -2.545834462077085E-07    0.000000000000000E+00
    5.286832315373168E-03   -2.406981783362387E-07    0.000000000000000E+00
    5.286788849843440E-03   -2.206493813648139E-07    0.000000000000000E+00
    5.286745716778840E-03   -1.963912069000932E-07    0.000000000000000E+00
    5.286706169036203E-03   -1.698692084634255E-07    0.000000000000000E+00
    5.286670059544116E-03   -1.424933509781695E-07    0.000000000000000E+00
    5.286638467681190E-03   -1.155083460876613E-07    0.000000000000000E+00
    5.286611428092393E-03   -8.985797213032650E-08    0.000000000000000E+00
    5.286589132536345E-03   -6.628748618573231E-08    0.000000000000000E+00
    5.286571382015567E-03   -4.531511093784412E-08    0.000000000000000E+00
    5.286557921815459E-03   -2.726974731297789E-08    0.000000000000000E+00
    5.286548331899660E-03   -1.229817871035142E-08    0.000000000000000E+00
    5.286542140271735E-03   -3.926127731873914E-10    0.000000000000000E+00
    5.286538820334403E-03    8.587310066242715E-09    0.000000000000000E+00
    5.286537843201465E-03    1.488762924225325E-08    0.000000000000000E+00
    5.286538695067288E-03    1.883439182148221E-08    0.000000000000000E+00
    5.286540904854612E-03    2.080662954618307E-08    0.000000000000000E+00
    5.286544058921947E-03    2.121260537647395E-08    0.000000000000000E+00
    5.286547814266137E-03    2.046827452670231E-08    0.000000000000000E+00
    5.286551904611794E-03    1.897915242893927E-08    0.000000000000000E+00
    5.286556142708326E-03    1.712542133735605E-08    0.000000000000000E+00
    5.286560417911658E-03    1.525032130083861E-08    0.000000000000000E+00
    5.286564690393456E-03    1.365143395348035E-08    0.000000000000000E+00
    5.286568982235274E-03    1.257442675942305E-08    0.000000000000000E+00
    5.286573366195914E-03    1.220870812886910E-08    0.000000000000000E+00
    5.286577952622752E-03    1.268447228524879E-08    0.000000000000000E+00
    5.286582875062208E-03    1.407067694035714E-08    0.000000000000000E+00
    5.286588275016581E-03    1.637363976652800E-08    0.000000000000000E+00
    5.286594286300571E-03    1.953610594394528E-08    0.000000000000000E+00
    5.286601019441653E-03    2.343683969450088E-08    0.000000000000000E+00
    5.286608546586331E-03    2.789098271680058E-08    0.000000000000000E+00
    5.286616887451552E-03    3.265160255769847E-08    0.000000000000000E+00
    5.286625996857358E-03    3.741299227341996E-08    0.000000000000000E+00
    5.286635754594840E-03    4.181637043405406E-08    0.000000000000000E+00
    5.286645958156632E-03    4.545862875386701E-08    0.000000000000000E+00
    5.286656319482664E-03    4.790474078744086E-08    0.000000000000000E+00
    5.286666465711376E-03    4.870422129531058E-08    0.000000000000000E+00
    5.286675946191528E-03    4.741196388584642E-08    0.000000000000000E+00
    5.286684243327281E-03    4.361312835784428E-08    0.000000000000000E+00
    5.286690793662442E-03    3.695208138178117E-08    0.000000000000000E+00
    5.286695007487448E-03    2.716370271988645E-08    0.000000000000000E+00
    5.286696310341797E-03    1.410751915469719E-08    0.000000000000000E+00
    5.286694159315460E-03   -2.199943537943291E-09    0.000000000000000E+00
    5.286688125938032E-03   -2.155079500519390E-08    0.000000000000000E+00
    5.286677860309413E-03   -4.352149077192767E-08    0.000000000000000E+00
    5.286663298896092E-03   -6.743448210834592E-08    0.000000000000000E+00
    5.286644392189002E-03   -9.236349695743008E-08    0.000000000000000E+00
    5.286621784149969E-03   -1.170750955407545E-07    0.000000000000000E+00
    5.286595594762843E-03   -1.401121170082240E-07    0.000000000000000E+00
    5.286567949612162E-03   -1.596217019515413E-07    0.000000000000000E+00
    5.286538062323046E-03   -1.736963477429235E-07    0.000000000000000E+00
    5.286512029102570E-03   -1.797450772375968E-07    0.000000000000000E+00
    5.286483459119877E-03   -1.757441138489330E-07    0.000000000000000E+00
    5.286471812229125E-03   -1.579381735833144E-07    0.000000000000000E+00
    5.286446020780728E-03   -1.253368130378783E-07    0.000000000000000E+00
    5.286476194170801E-03   -7.151709789396617E-08    0.000000000000000E+00
    5.286431767431041E-03   -4.607105771148801E-10    0.000000000000000E+00
    5.286575893504615E-03    1.013486115526010E-07    0.000000000000000E+00
    5.286397521840431E-03    2.135420073396683E-07    0.000000000000000E+00
    5.286908339788023E-03    3.661463992375113E-07    0.000000000000000E+00
    5.286072614517835E-03    4.944241034584291E-07    0.000000000000000E+00
    5.287995796206964E-03    6.649990005330607E-07    0.000000000000000E+00
    5.284470943287911E-03    7.129323000954363E-07    0.000000000000000E+00
    5.291612563818502E-03    7.465981756680247E-07    0.000000000000000E+00
    5.278530989509481E-03    5.841225868968376E-07    0.000000000000000E+00
    5.306349813754755E-03   -7.230930896471891E-08    0.000000000000000E+00
    5.166919216774746E-03    5.082619696790373E-06    0.000000000000000E+00
    5.138080922430140E-03    4.621948855993428E-06    0.000000000000000E+00
    5.150613024456041E-03    3.437823386961558E-06    0.000000000000000E+00
    5.143856554920297E-03    2.494927856331259E-06    0.000000000000000E+00
    5.147031883555518E-03    1.570471204143809E-06    0.000000000000000E+00
    5.145449190509868E-03    9.976838357271377E-07    0.000000000000000E+00
    5.146362911093652E-03    5.275979666994643E-07    0.000000000000000E+00
    5.145991694316171E-03    2.508280893479474E-07    0.000000000000000E+00
    5.146252969036625E-03    4.306693213926113E-08    0.000000000000000E+00
    5.146160335102496E-03   -7.933710806648856E-08    0.000000000000000E+00
    5.146211092709817E-03   -1.630166426516537E-07    0.000000000000000E+00
    5.146163595645142E-03   -2.088843516542839E-07    0.000000000000000E+00
    5.146144938038568E-03   -2.339282634488588E-07    0.000000000000000E+00
    5.146097468563711E-03   -2.409791892342933E-07    0.000000000000000E+00
    5.146055721695770E-03   -2.368077281578404E-07    0.000000000000000E+00
    5.146006685409771E-03   -2.237841177325110E-07    0.000000000000000E+00
    5.145960481211728E-03   -2.050921196266195E-07    0.000000000000000E+00
    5.145914815419909E-03   -1.825096809765294E-07    0.000000000000000E+00
    5.145872964790780E-03   -1.578591227188585E-07    0.000000000000000E+00
    5.145834822499683E-03   -1.324317520475264E-07    0.000000000000000E+00
    5.145801473273026E-03   -1.073810378543910E-07    0.000000000000000E+00
    5.145772955515326E-03   -8.357416833100452E-08    0.000000000000000E+00
    5.145749450491738E-03   -6.169953890372412E-08    0.000000000000000E+00
    5.145730744291784E-03   -4.223422269872577E-08    0.000000000000000E+00
    5.145716560559113E-03   -2.548190456111200E-08    0.000000000000000E+00
    5.145706454515560E-03   -1.157779446395333E-08    0.000000000000000E+00
    5.145699926698617E-03   -5.146864995272517E-10    0.000000000000000E+00
    5.145696422403150E-03    7.837138791776702E-09    0.000000000000000E+00
    5.145695384521085E-03    1.370505589358161E-08    0.000000000000000E+00
    5.145696272626656E-03    1.739066943965665E-08    0.000000000000000E+00
    5.145698591305634E-03    1.924470687989022E-08    0.000000000000000E+00
    5.145701905661810E-03    1.964510400338455E-08    0.000000000000000E+00
    5.145705854973333E-03    1.897705164893301E-08    0.000000000000000E+00
    5.145710159075991E-03    1.761621093205541E-08    0.000000000000000E+00
    5.145714620727092E-03    1.591489345324139E-08    0.000000000000000E+00
    5.145719123075058E-03    1.419127631248791E-08    0.000000000000000E+00
    5.145723623582399E-03    1.272128488377591E-08    0.000000000000000E+00
    5.145728144689808E-03    1.173275346632913E-08    0.000000000000000E+00
    5.145732762031186E-03    1.140135763301369E-08    0.000000000000000E+00
    5.145737590697220E-03    1.184784136908674E-08    0.000000000000000E+00
    5.145742770127801E-03    1.313611887788196E-08    0.000000000000000E+00
    5.145748448106192E-03    1.527196266431370E-08    0.000000000000000E+00
    5.145754764333358E-03    1.820214222703418E-08    0.000000000000000E+00
    5.145761834052344E-03    2.181406245772745E-08    0.000000000000000E+00
    5.145769732211062E-03    2.593612579363581E-08    0.000000000000000E+00
    5.145778478730881E-03    3.033920847978394E-08    0.000000000000000E+00
    5.145788025447255E-03    3.473976709197120E-08    0.000000000000000E+00
    5.145798245506379E-03    3.880517389744910E-08    0.000000000000000E+00
    5.145808925779650E-03    4.216187353078142E-08    0.000000000000000E+00
    5.145819763475377E-03    4.440692911623338E-08    0.000000000000000E+00
    5.145830366980475E-03    4.512330407059790E-08    0.000000000000000E+00
    5.145840263191061E-03    4.389919454092211E-08    0.000000000000000E+00
    5.145848908968427E-03    4.035107255142968E-08    0.000000000000000E+00
    5.145855713060477E-03    3.415050343686408E-08    0.000000000000000E+00
    5.145860056931816E-03    2.505305106510373E-08    0.000000000000000E+00
    5.145861337587769E-03    1.292993570170080E-08    0.000000000000000E+00
    5.145858985804969E-03   -2.202312990440868E-09    0.000000000000000E+00
    5.145852550569884E-03   -2.014973491885015E-08    0.000000000000000E+00
    5.145841665979839E-03   -4.051916608773871E-08    0.000000000000000E+00
    5.145826259866688E-03   -6.268080245389179E-08    0.000000000000000E+00
    5.145806288310327E-03   -8.577643614815686E-08    0.000000000000000E+00
    5.145782409874298E-03   -1.086580358625160E-07    0.000000000000000E+00
    5.145754787973037E-03   -1.299775923619081E-07    0.000000000000000E+00
    5.145725593318535E-03   -1.480000189990535E-07    0.000000000000000E+00
    5.145694151862506E-03   -1.609683569668251E-07    0.000000000000000E+00
    5.145666631259647E-03   -1.664161015610620E-07    0.000000000000000E+00
    5.145636898146250E-03   -1.625172331341239E-07    0.000000000000000E+00
    5.145624456253019E-03   -1.455621249374532E-07    0.000000000000000E+00
    5.145598859014564E-03   -1.148604070133241E-07    0.000000000000000E+00
    5.145629994074990E-03   -6.366366022719577E-08    0.000000000000000E+00
    5.145588865039605E-03    3.330461415982767E-09    0.000000000000000E+00
    5.145737488220968E-03    1.012671897816565E-07    0.000000000000000E+00
    5.145568491314662E-03    2.073252475542067E-07    0.000000000000000E+00
    5.146090086017407E-03    3.570286118752083E-07    0.000000000000000E+00
    5.145274922783603E-03    4.760510330435941E-07    0.000000000000000E+00
    5.147220537991531E-03    6.480598925059757E-07    0.000000000000000E+00
    5.143734092679569E-03    6.724461080691838E-07    0.000000000000000E+00
    5.150942267769473E-03    7.041716734940788E-07    0.000000000000000E+00
    5.137916198077254E-03    4.821847570887404E-07    0.000000000000000E+00
    5.165967709440588E-03   -2.281275305410939E-07    0.000000000000000E+00
    5.005863302889374E-03    5.338947800194811E-06    0.000000000000000E+00
    4.977173332023172E-03    4.826434709374732E-06    0.000000000000000E+00
    4.989867383951046E-03    3.516905656251848E-06    0.000000000000000E+00
    4.983260469986266E-03    2.530354269572247E-06    0.000000000000000E+00
    4.986533747766266E-03    1.560252072138967E-06    0.000000000000000E+00
    4.985022753767391E-03    9.863736720633511E-07    0.000000000000000E+00
    4.985971907210615E-03    5.136717847466310E-07    0.000000000000000E+00
    4.985625407672763E-03    2.459716095494849E-07    0.000000000000000E+00
    4.985896114070585E-03    4.419544486148157E-08    0.000000000000000E+00
    4.985809427685358E-03   -7.124818304935020E-08    0.000000000000000E+00
    4.985861144438277E-03   -1.504164846447684E-07    0.000000000000000E+00
    4.985813503027459E-03   -1.928624983040287E-07    0.000000000000000E+00
    4.985793285284226E-03   -2.161051613632567E-07    0.000000000000000E+00
    4.985744007721196E-03   -2.223885522071792E-07    0.000000000000000E+00
    4.985700145742313E-03   -2.184213765040334E-07    0.000000000000000E+00
    4.985649042941595E-03   -2.062673619715199E-07    0.000000000000000E+00
    4.985600818784046E-03   -1.889634174431330E-07    0.000000000000000E+00
    4.985553288506995E-03   -1.681016490106934E-07    0.000000000000000E+00
    4.985509735277221E-03   -1.453756853781051E-07    0.000000000000000E+00
    4.985470084302817E-03   -1.219542049690593E-07    0.000000000000000E+00
    4.985435421114409E-03   -9.889669114341569E-08    0.000000000000000E+00
    4.985405788189966E-03   -7.699158926759120E-08    0.000000000000000E+00
    4.985381359480552E-03   -5.686876364126584E-08    0.000000000000000E+00
    4.985361911962675E-03   -3.896281615518226E-08    0.000000000000000E+00
    4.985347155066495E-03   -2.355121841615598E-08    0.000000000000000E+00
    4.985336627828935E-03   -1.075690603711976E-08    0.000000000000000E+00
    4.985329812366071E-03   -5.728566984459032E-10    0.000000000000000E+00
    4.985326134946272E-03    7.120161146753716E-09    0.000000000000000E+00
    4.985325018937206E-03    1.253075701502203E-08    0.000000000000000E+00
    4.985325905258471E-03    1.593574470881124E-08    0.000000000000000E+00
    4.985328281163788E-03    1.765702111576313E-08    0.000000000000000E+00
    4.985331696379545E-03    1.804152800067514E-08    0.000000000000000E+00
    4.985335777119567E-03    1.744293253705070E-08    0.000000000000000E+00
    4.985340232735213E-03    1.620623393358395E-08    0.000000000000000E+00
    4.985344858174585E-03    1.465506091564220E-08    0.000000000000000E+00
    4.985349531417059E-03    1.308175101083390E-08    0.000000000000000E+00
    4.985354207225525E-03    1.173986838555728E-08    0.000000000000000E+00
    4.985358907526486E-03    1.083881186609356E-08    0.000000000000000E+00
    4.985363709241789E-03    1.054004996428964E-08    0.000000000000000E+00
    4.985368730090487E-03    1.095454988631067E-08    0.000000000000000E+00
    4.985374112961208E-03    1.214101702537826E-08    0.000000000000000E+00
    4.985380009349513E-03    1.410468216377154E-08    0.000000000000000E+00
    4.985386562360345E-03    1.679651261812758E-08    0.000000000000000E+00
    4.985393889767749E-03    2.011289254924228E-08    0.000000000000000E+00
    4.985402067642758E-03    2.389597735250413E-08    0.000000000000000E+00
    4.985411115140284E-03    2.793507953539543E-08    0.000000000000000E+00
    4.985420981035491E-03    3.196955693334164E-08    0.000000000000000E+00
    4.985431532816100E-03    3.569375123904091E-08    0.000000000000000E+00
    4.985442548918122E-03    3.876451475216644E-08    0.000000000000000E+00
    4.985453715300427E-03    4.081184833026845E-08    0.000000000000000E+00
    4.985464626422457E-03    4.145295452723664E-08    0.000000000000000E+00
    4.985474792874678E-03    4.031000949429724E-08    0.000000000000000E+00
    4.985483653353262E-03    3.703130354805549E-08    0.000000000000000E+00
    4.985490597237196E-03    3.131587640491639E-08    0.000000000000000E+00
    4.985494986373617E-03    2.293996133610141E-08    0.000000000000000E+00
    4.985496198837962E-03    1.178611589878472E-08    0.000000000000000E+00
    4.985493648646978E-03   -2.129878805604846E-09    0.000000000000000E+00
    4.985486871097797E-03   -1.862915476624726E-08    0.000000000000000E+00
    4.985475491923077E-03   -3.735058687027898E-08    0.000000000000000E+00
    4.985459435806535E-03   -5.771435210547009E-08    0.000000000000000E+00
    4.985438667285475E-03   -7.893316790405807E-08    0.000000000000000E+00
    4.985413858305739E-03   -9.994797032187764E-08    0.000000000000000E+00
    4.985385210863506E-03   -1.195243846375642E-07    0.000000000000000E+00
    4.985354928965981E-03   -1.360505164180996E-07    0.000000000000000E+00
    4.985322436536051E-03   -1.479271715935228E-07    0.000000000000000E+00
    4.985293945157608E-03   -1.528205948861665E-07    0.000000000000000E+00
    4.985263558591447E-03   -1.491156316035640E-07    0.000000000000000E+00
    4.985250771248393E-03   -1.331601081064763E-07    0.000000000000000E+00
    4.985225755730432E-03   -1.045922135256711E-07    0.000000000000000E+00
    4.985258066317831E-03   -5.634616149719841E-08    0.000000000000000E+00
    4.985220383967273E-03    6.087197666547317E-09    0.000000000000000E+00
    4.985373305305120E-03    9.954054296971140E-08    0.000000000000000E+00
    4.985213627280558E-03    1.984526836845922E-07    0.000000000000000E+00
    4.985745175925877E-03    3.443224936915960E-07    0.000000000000000E+00
    4.984950718948508E-03    4.518887166215223E-07    0.000000000000000E+00
    4.986916693740265E-03    6.240979687026217E-07    0.000000000000000E+00
    4.983469060953824E-03    6.186826071936567E-07    0.000000000000000E+00
    4.990741387012287E-03    6.454751242458749E-07    0.000000000000000E+00
    4.977770224438146E-03    3.466134559595778E-07    0.000000000000000E+00
    5.006072629086706E-03   -4.203900357899246E-07    0.000000000000000E+00
    4.825229457062673E-03    5.569035230172323E-06    0.000000000000000E+00
    4.796699135992577E-03    4.993205657281425E-06    0.000000000000000E+00
    4.809571093061606E-03    3.553111521761681E-06    0.000000000000000E+00
    4.803126868668965E-03    2.534975604823895E-06    0.000000000000000E+00
    4.806500901739879E-03    1.527646467483679E-06    0.000000000000000E+00
    4.805063781958752E-03    9.619638669526716E-07    0.000000000000000E+00
    4.806047033854825E-03    4.919688174597070E-07    0.000000000000000E+00
    4.805724849070963E-03    2.370919440246327E-07    0.000000000000000E+00
    4.806004121532345E-03    4.330673013372182E-08    0.000000000000000E+00
    4.805923263262721E-03   -6.396078853153764E-08    0.000000000000000E+00
    4.805975984519626E-03   -1.379959370437525E-07    0.000000000000000E+00
    4.805928610505686E-03   -1.766766772624829E-07    0.000000000000000E+00
    4.805907388823099E-03   -1.979547061233046E-07    0.000000000000000E+00
    4.805856995904047E-03   -2.033954168765360E-07    0.000000000000000E+00
    4.805811753844522E-03   -1.996104824220375E-07    0.000000000000000E+00
    4.805759332687282E-03   -1.883313764536661E-07    0.000000000000000E+00
    4.805709807409006E-03   -1.724369731760747E-07    0.000000000000000E+00
    4.805661082465866E-03   -1.533261277369033E-07    0.000000000000000E+00
    4.805616429492656E-03   -1.325600803637540E-07    0.000000000000000E+00
    4.805575797375612E-03   -1.111823693874475E-07    0.000000000000000E+00
    4.805540267730230E-03   -9.015690927293966E-08    0.000000000000000E+00
    4.805509887275105E-03   -7.019217435722668E-08    0.000000000000000E+00
    4.805484825647594E-03   -5.185853693900371E-08    0.000000000000000E+00
    4.805464856328876E-03   -3.554732783904427E-08    0.000000000000000E+00
    4.805449681778218E-03   -2.150916070000419E-08    0.000000000000000E+00
    4.805438833231236E-03   -9.854198619788488E-09    0.000000000000000E+00
    4.805431783276487E-03   -5.752714036385612E-10    0.000000000000000E+00
    4.805427948108296E-03    6.436556810536207E-09    0.000000000000000E+00
    4.805426740177344E-03    1.137116457051989E-08    0.000000000000000E+00
    4.805427589657072E-03    1.448043307039764E-08    0.000000000000000E+00
    4.805429973447270E-03    1.605715978480965E-08    0.000000000000000E+00
    4.805433431773898E-03    1.641691619147762E-08    0.000000000000000E+00
    4.805437582463822E-03    1.588139305613012E-08    0.000000000000000E+00
    4.805442127829954E-03    1.476442720213782E-08    0.000000000000000E+00
    4.805446857249878E-03    1.336044678510951E-08    0.000000000000000E+00
    4.805451644638217E-03    1.193544412926249E-08    0.000000000000000E+00
    4.805456442140296E-03    1.072015593083620E-08    0.000000000000000E+00
    4.805461270371699E-03    9.905142777739001E-09    0.000000000000000E+00
    4.805466206034098E-03    9.637347170523578E-09    0.000000000000000E+00
    4.805471367440615E-03    1.001774025781567E-08    0.000000000000000E+00
    4.805476898565891E-03    1.109971002460787E-08    0.000000000000000E+00
    4.805482952132719E-03    1.288795353148231E-08    0.000000000000000E+00
    4.805489672253227E-03    1.533776115648731E-08    0.000000000000000E+00
    4.805497177135284E-03    1.835473412878972E-08    0.000000000000000E+00
    4.805505542383615E-03    2.179512105009756E-08    0.000000000000000E+00
    4.805514785504802E-03    2.546709784891371E-08    0.000000000000000E+00
    4.805524852224904E-03    2.913341694529729E-08    0.000000000000000E+00
    4.805535605440892E-03    3.251592325436312E-08    0.000000000000000E+00
    4.805546817410456E-03    3.530242093289232E-08    0.000000000000000E+00
    4.805558166380780E-03    3.715636922212194E-08    0.000000000000000E+00
    4.805569237741491E-03    3.772967034761587E-08    0.000000000000000E+00
    4.805579531929336E-03    3.667884293445688E-08    0.000000000000000E+00
    4.805588476822725E-03    3.368422171524015E-08    0.000000000000000E+00
    4.805595450786493E-03    2.847237395914713E-08    0.000000000000000E+00
    4.805599805139824E-03    2.084004674602726E-08    0.000000000000000E+00
    4.805600908462130E-03    1.068074412528201E-08    0.000000000000000E+00
    4.805598167340635E-03   -1.991155131948982E-09    0.000000000000000E+00
    4.805591111966968E-03   -1.701278723481531E-08    0.000000000000000E+00
    4.805579367026735E-03   -3.405630120984768E-08    0.000000000000000E+00
    4.805562859163831E-03   -5.259347494375129E-08    0.000000000000000E+00
    4.805541563815387E-03   -7.190998935582431E-08    0.000000000000000E+00
    4.805516164577979E-03   -9.103827957126676E-08    0.000000000000000E+00
    4.805486896608534E-03   -1.088608436412650E-07    0.000000000000000E+00
    4.805455984584291E-03   -1.238929883874720E-07    0.000000000000000E+00
    4.805422935185444E-03   -1.346988983006717E-07    0.000000000000000E+00
    4.805393974797253E-03   -1.390842542618164E-07    0.000000000000000E+00
    4.805363422546195E-03   -1.356561611115020E-07    0.000000000000000E+00
    4.805350706131024E-03   -1.208306160870654E-07    0.000000000000000E+00
    4.805326613573077E-03   -9.460176896509332E-08    0.000000000000000E+00
    4.805360241397782E-03   -4.959579473722482E-08    0.000000000000000E+00
    4.805326060020169E-03    7.825180473235003E-09    0.000000000000000E+00
    4.805482917610492E-03    9.623566607627906E-08    0.000000000000000E+00
    4.805332318998142E-03    1.870414350771802E-07    0.000000000000000E+00
    4.805872604694316E-03    3.282165305953847E-07    0.000000000000000E+00
    4.805098637071570E-03    4.221698323217703E-07    0.000000000000000E+00
    4.807081770774511E-03    5.936079603653057E-07    0.000000000000000E+00
    4.803672281250603E-03    5.519958744169856E-07    0.000000000000000E+00
    4.811002674426430E-03    5.714737205745016E-07    0.000000000000000E+00
    4.798082126740151E-03    1.757540718148862E-07    0.000000000000000E+00
    4.826648689524530E-03   -6.514367413506815E-07    0.000000000000000E+00
    4.625029509924463E-03    5.770845983309803E-06    0.000000000000000E+00
    4.596669084754752E-03    5.119240416706258E-06    0.000000000000000E+00
    4.609733426231639E-03    3.542679128846090E-06    0.000000000000000E+00
    4.603463363346977E-03    2.507312004499306E-06    0.000000000000000E+00
    4.606937906578228E-03    1.472165126229157E-06    0.000000000000000E+00
    4.605575140998141E-03    9.246206677899508E-07    0.000000000000000E+00
    4.606589746861792E-03    4.627886083821837E-07    0.000000000000000E+00
    4.606290788700870E-03    2.244456364217283E-07    0.000000000000000E+00
    4.606577327417827E-03    4.054922296501288E-08    0.000000000000000E+00
    4.606501981502229E-03   -5.743745635724765E-08    0.000000000000000E+00
    4.606555643310035E-03   -1.258055148454064E-07    0.000000000000000E+00
    4.606508902911737E-03   -1.604412782091463E-07    0.000000000000000E+00
    4.606487210499804E-03   -1.796316844532102E-07    0.000000000000000E+00
    4.606436386664789E-03   -1.841770275077531E-07    0.000000000000000E+00
    4.606390496220271E-03   -1.805605308999314E-07    0.000000000000000E+00
    4.606337504674035E-03   -1.701596512766805E-07    0.000000000000000E+00
    4.606287398125295E-03   -1.556868478125713E-07    0.000000000000000E+00
    4.606238150312772E-03   -1.383427286966668E-07    0.000000000000000E+00
    4.606193003066872E-03   -1.195542626574408E-07    0.000000000000000E+00
    4.606151920566512E-03   -1.002388234397799E-07    0.000000000000000E+00
    4.606115975674364E-03   -8.126433107042171E-08    0.000000000000000E+00
    4.606085219419876E-03   -6.325898270059217E-08    0.000000000000000E+00
    4.606059819983841E-03   -4.673340135348107E-08    0.000000000000000E+00
    4.606039552821811E-03   -3.203536727043356E-08    0.000000000000000E+00
    4.606024120510257E-03   -1.938834449621525E-08    0.000000000000000E+00
    4.606013054724164E-03   -8.889431937678252E-09    0.000000000000000E+00
    4.606005827295478E-03   -5.310564963608008E-10    0.000000000000000E+00
    4.606001853194826E-03    5.785647572587130E-09    0.000000000000000E+00
    4.606000542492338E-03    1.023198792536812E-08    0.000000000000000E+00
    4.606001322484482E-03    1.303497081976742E-08    0.000000000000000E+00
    4.606003666680494E-03    1.445827667194389E-08    0.000000000000000E+00
    4.606007111689604E-03    1.478601560063258E-08    0.000000000000000E+00
    4.606011271654203E-03    1.430775129113404E-08    0.000000000000000E+00
    4.606015845333974E-03    1.330596135825463E-08    0.000000000000000E+00
    4.606020618824150E-03    1.204564772210258E-08    0.000000000000000E+00
    4.606025463135183E-03    1.076622119526917E-08    0.000000000000000E+00
    4.606030327937155E-03    9.675362397883591E-09    0.000000000000000E+00
    4.606035231800358E-03    8.944589875672931E-09    0.000000000000000E+00
    4.606040249761498E-03    8.706156090507009E-09    0.000000000000000E+00
    4.606045498757372E-03    9.050923852520781E-09    0.000000000000000E+00
    4.606051121550647E-03    1.002691152272284E-08    0.000000000000000E+00
    4.606057269672443E-03    1.163829457768629E-08    0.000000000000000E+00
    4.606064085913496E-03    1.384476293142838E-08    0.000000000000000E+00
    4.606071686889136E-03    1.656127136929421E-08    0.000000000000000E+00
    4.606080146221722E-03    1.965834961277238E-08    0.000000000000000E+00
    4.606089478962888E-03    2.296326375956972E-08    0.000000000000000E+00
    4.606099627876288E-03    2.626241032568842E-08    0.000000000000000E+00
    4.606110452408986E-03    2.930539077716950E-08    0.000000000000000E+00
    4.606121720964432E-03    3.181119735859152E-08    0.000000000000000E+00
    4.606133107671977E-03    3.347694475572594E-08    0.000000000000000E+00
    4.606144193748806E-03    3.398937086970259E-08    0.000000000000000E+00
    4.606154475646931E-03    3.303939125704754E-08    0.000000000000000E+00
    4.606163377762432E-03    3.033933979688801E-08    0.000000000000000E+00
    4.606170275753304E-03    2.564315188788512E-08    0.000000000000000E+00
    4.606174519412097E-03    1.876780312302565E-08    0.000000000000000E+00
    4.606175477121239E-03    9.617330657212116E-09    0.000000000000000E+00
    4.606172557184775E-03   -1.795832641812855E-09    0.000000000000000E+00
    4.606165293046079E-03   -1.532547790463606E-08    0.000000000000000E+00
    4.606153315383353E-03   -3.067782719993519E-08    0.000000000000000E+00
    4.606136557572218E-03   -4.737724968493803E-08    0.000000000000000E+00
    4.606115008008734E-03   -6.478358826585632E-08    0.000000000000000E+00
    4.606089359732485E-03   -8.202226243596237E-08    0.000000000000000E+00
    4.606059875113632E-03   -9.809460223397337E-08    0.000000000000000E+00
    4.606028786106125E-03   -1.116456734062245E-07    0.000000000000000E+00
    4.605995666140644E-03   -1.214069507780699E-07    0.000000000000000E+00
    4.605966725644321E-03   -1.253285507649111E-07    0.000000000000000E+00
    4.605936476055828E-03   -1.222492393175974E-07    0.000000000000000E+00
    4.605924216506230E-03   -1.086626371926323E-07    0.000000000000000E+00
    4.605901345145705E-03   -8.494435837917050E-08    0.000000000000000E+00
    4.605936362238857E-03   -4.342297868104286E-08    0.000000000000000E+00
    4.605905644521056E-03    8.591564622149005E-09    0.000000000000000E+00
    4.606065911521979E-03    9.146452601174207E-08    0.000000000000000E+00
    4.605923972357127E-03    1.732788049482431E-07    0.000000000000000E+00
    4.606471368235777E-03    3.090001139284502E-07    0.000000000000000E+00
    4.605717339802177E-03    3.873041744406541E-07    0.000000000000000E+00
    4.607713238659647E-03    5.573860959087268E-07    0.000000000000000E+00
    4.604340260888040E-03    4.733185313063106E-07    0.000000000000000E+00
    4.611718420812324E-03    4.841857551544654E-07    0.000000000000000E+00
    4.598840110460102E-03   -3.091716614785254E-08    0.000000000000000E+00
    4.627677481424427E-03   -9.227031055738933E-07    0.000000000000000E+00
    4.405275358299884E-03    5.942447944623046E-06    0.000000000000000E+00
    4.377095402268810E-03    5.201769904831902E-06    0.000000000000000E+00
    4.390364473517128E-03    3.482236917900881E-06    0.000000000000000E+00
    4.384278255904187E-03    2.446555647787389E-06    0.000000000000000E+00
    4.387849447591356E-03    1.393928924674103E-06    0.000000000000000E+00
    4.386559710690363E-03    8.749275400121723E-07    0.000000000000000E+00
    4.387601424400916E-03    4.266934183860554E-07    0.000000000000000E+00
    4.387323936104824E-03    2.084315677645962E-07    0.000000000000000E+00
    4.387616021322886E-03    3.614778222193544E-08    0.000000000000000E+00
    4.387545700316318E-03   -5.160392895094622E-08    0.000000000000000E+00
    4.387600144796742E-03   -1.138779545496403E-07    0.000000000000000E+00
    4.387554370601280E-03   -1.442630084900749E-07    0.000000000000000E+00
    4.387532723974949E-03   -1.612875955598053E-07    0.000000000000000E+00
    4.387482148789153E-03   -1.649094648541628E-07    0.000000000000000E+00
    4.387436339226278E-03   -1.614566871977861E-07    0.000000000000000E+00
    4.387383524651337E-03   -1.519357692879730E-07    0.000000000000000E+00
    4.387333556366786E-03   -1.388873949981059E-07    0.000000000000000E+00
    4.387284457715144E-03   -1.233115128085073E-07    0.000000000000000E+00
    4.387239422341055E-03   -1.065007713042273E-07    0.000000000000000E+00
    4.387198421492574E-03   -8.924685803424037E-08    0.000000000000000E+00
    4.387162514416082E-03   -7.232241866779827E-08    0.000000000000000E+00
    4.387131756490973E-03   -5.627598229351064E-08    0.000000000000000E+00
    4.387106317183466E-03   -4.155886076287462E-08    0.000000000000000E+00
    4.387085979259088E-03   -2.847552186390868E-08    0.000000000000000E+00
    4.387070452344935E-03   -1.722234142476530E-08    0.000000000000000E+00
    4.387059276646804E-03   -7.883272389005690E-09    0.000000000000000E+00
    4.387051931876285E-03   -4.501649100347083E-10    0.000000000000000E+00
    4.387047840515399E-03    5.166029268980910E-09    0.000000000000000E+00
    4.387046418702348E-03    9.118325556268788E-09    0.000000000000000E+00
    4.387047098670721E-03    1.160910567055415E-08    0.000000000000000E+00
    4.387049357471368E-03    1.287316097816259E-08    0.000000000000000E+00
    4.387052733970873E-03    1.316332958128750E-08    0.000000000000000E+00
    4.387056843339111E-03    1.273719560842200E-08    0.000000000000000E+00
    4.387061384292248E-03    1.184598138443019E-08    0.000000000000000E+00
    4.387066141967327E-03    1.072532691450295E-08    0.000000000000000E+00
    4.387070985675342E-03    9.588093212870905E-09    0.000000000000000E+00
    4.387075862803061E-03    8.618913123126838E-09    0.000000000000000E+00
    4.387080789194232E-03    7.970257910757835E-09    0.000000000000000E+00
    4.387085836831153E-03    7.759680674662906E-09    0.000000000000000E+00
    4.387091119360965E-03    8.067930392836704E-09    0.000000000000000E+00
    4.387096776094990E-03    8.937659668628463E-09    0.000000000000000E+00
    4.387102955014172E-03    1.037253821578055E-08    0.000000000000000E+00
    4.387109795321809E-03    1.233668260296458E-08    0.000000000000000E+00
    4.387117410079064E-03    1.475443569439422E-08    0.000000000000000E+00
    4.387125869476600E-03    1.751064333875948E-08    0.000000000000000E+00
    4.387135185372203E-03    2.045168783580628E-08    0.000000000000000E+00
    4.387145297720818E-03    2.338761569186392E-08    0.000000000000000E+00
    4.387156063724079E-03    2.609575872679574E-08    0.000000000000000E+00
    4.387167250311874E-03    2.832622748859619E-08    0.000000000000000E+00
    4.387178531134630E-03    2.980966875174000E-08    0.000000000000000E+00
    4.387189488162641E-03    3.026747215053823E-08    0.000000000000000E+00
    4.387199620037639E-03    2.942470272619779E-08    0.000000000000000E+00
    4.387208354985598E-03    2.702538451748750E-08    0.000000000000000E+00
    4.387215074207015E-03    2.285045818409395E-08    0.000000000000000E+00
    4.387219134871794E-03    1.673672336298138E-08    0.000000000000000E+00
    4.387219914322252E-03    8.598325862426781E-09    0.000000000000000E+00
    4.387216831537520E-03   -1.554669666298140E-09    0.000000000000000E+00
    4.387209431344191E-03   -1.359308710842719E-08    0.000000000000000E+00
    4.387197357182880E-03   -2.725757092785834E-08    0.000000000000000E+00
    4.387180553611468E-03   -4.212543007674677E-08    0.000000000000000E+00
    4.387159023695435E-03   -5.763101197014313E-08    0.000000000000000E+00
    4.387133467279440E-03   -7.299314270333600E-08    0.000000000000000E+00
    4.387104167564456E-03   -8.733263087480586E-08    0.000000000000000E+00
    4.387073349710543E-03   -9.942537358599541E-08    0.000000000000000E+00
    4.387040637303503E-03   -1.081722473823269E-07    0.000000000000000E+00
    4.387012192528650E-03   -1.116710357970512E-07    0.000000000000000E+00
    4.386982695214556E-03   -1.089992631963383E-07    0.000000000000000E+00
    4.386971249474858E-03   -9.673621940926775E-08    0.000000000000000E+00
    4.386949857708264E-03   -7.566162066796046E-08    0.000000000000000E+00
    4.386986269784981E-03   -3.781809233330554E-08    0.000000000000000E+00
    4.386958893437717E-03    8.464606339488873E-09    0.000000000000000E+00
    4.387121880614762E-03    8.538339120326044E-08    0.000000000000000E+00
    4.386988014450205E-03    1.574227231257157E-07    0.000000000000000E+00
    4.387540477595656E-03    2.870602850682385E-07    0.000000000000000E+00
    4.386805567816992E-03    3.478783599959687E-07    0.000000000000000E+00
    4.388808604242371E-03    5.165186989269160E-07    0.000000000000000E+00
    4.385469801702094E-03    3.841983393969096E-07    0.000000000000000E+00
    4.392880671867155E-03    3.868002002661591E-07    0.000000000000000E+00
    4.380031997872660E-03   -2.725118952381634E-07    0.000000000000000E+00
    4.409137732873858E-03   -1.234416410161153E-06    0.000000000000000E+00
    4.165978377521886E-03    6.081741245795320E-06    0.000000000000000E+00
    4.137992154076205E-03    5.238155310650047E-06    0.000000000000000E+00
    4.151474996396240E-03    3.368907320618655E-06    0.000000000000000E+00
    4.145580446666735E-03    2.352670419200940E-06    0.000000000000000E+00
    4.149240136981127E-03    1.293750917826158E-06    0.000000000000000E+00
    4.148020257308554E-03    8.139065965390803E-07    0.000000000000000E+00
    4.149083271440664E-03    3.845127041767521E-07    0.000000000000000E+00
    4.148824890938697E-03    1.895834213387160E-07    0.000000000000000E+00
    4.149120421114079E-03    3.039657010049747E-08    0.000000000000000E+00
    4.149054510736254E-03   -4.635558572924026E-08    0.000000000000000E+00
    4.149109512512308E-03   -1.022323381010814E-07    0.000000000000000E+00
    4.149065023250155E-03   -1.282434952318692E-07    0.000000000000000E+00
    4.149043932573026E-03   -1.430719022517086E-07    0.000000000000000E+00
    4.148994286226054E-03   -1.457680583878941E-07    0.000000000000000E+00
    4.148949285515484E-03   -1.424836162884507E-07    0.000000000000000E+00
    4.148897393341718E-03   -1.338428881047370E-07    0.000000000000000E+00
    4.148848279421058E-03   -1.222125498656552E-07    0.000000000000000E+00
    4.148799998147922E-03   -1.083922031583782E-07    0.000000000000000E+00
    4.148755676935811E-03   -9.354193566915990E-08    0.000000000000000E+00
    4.148715286455542E-03   -7.832972548302571E-08    0.000000000000000E+00
    4.148679867691583E-03   -6.343477584804167E-08    0.000000000000000E+00
    4.148649480567058E-03   -4.932745359696089E-08    0.000000000000000E+00
    4.148624298563387E-03   -3.640087471564624E-08    0.000000000000000E+00
    4.148604117015642E-03   -2.491694166817819E-08    0.000000000000000E+00
    4.148588659394635E-03   -1.504535205427851E-08    0.000000000000000E+00
    4.148577482366006E-03   -6.857041876675140E-09    0.000000000000000E+00
    4.148570081987084E-03   -3.431951096651597E-10    0.000000000000000E+00
    4.148565896822521E-03    4.575693187765372E-09    0.000000000000000E+00
    4.148564357381527E-03    8.034735969276362E-09    0.000000000000000E+00
    4.148564908533471E-03    1.021212634167794E-08    0.000000000000000E+00
    4.148567037711630E-03    1.131423413505884E-08    0.000000000000000E+00
    4.148570291847653E-03    1.156308954745810E-08    0.000000000000000E+00
    4.148574291809113E-03    1.118473797553878E-08    0.000000000000000E+00
    4.148578739758793E-03    1.039954709778078E-08    0.000000000000000E+00
    4.148583422199499E-03    9.414146150509181E-09    0.000000000000000E+00
    4.148588207963597E-03    8.415143686594460E-09    0.000000000000000E+00
    4.148593042375985E-03    7.564368217526616E-09    0.000000000000000E+00
    4.148597937912843E-03    6.995435772598671E-09    0.000000000000000E+00
    4.148602962161225E-03    6.811344522002980E-09    0.000000000000000E+00
    4.148608223620210E-03    7.082830169258010E-09    0.000000000000000E+00
    4.148613855969948E-03    7.847238898498145E-09    0.000000000000000E+00
    4.148620001345259E-03    9.107753635374589E-09    0.000000000000000E+00
    4.148626793159951E-03    1.083289493099829E-08    0.000000000000000E+00
    4.148634339023129E-03    1.295632601282692E-08    0.000000000000000E+00
    4.148642704305831E-03    1.537709096708657E-08    0.000000000000000E+00
    4.148651896989769E-03    1.796051407759150E-08    0.000000000000000E+00
    4.148661854423775E-03    2.054005521205820E-08    0.000000000000000E+00
    4.148672432806136E-03    2.292047277218126E-08    0.000000000000000E+00
    4.148683399996129E-03    2.488262280877890E-08    0.000000000000000E+00
    4.148694432806637E-03    2.619024463153708E-08    0.000000000000000E+00
    4.148705118864769E-03    2.659888128840706E-08    0.000000000000000E+00
    4.148714965125762E-03    2.586720490799657E-08    0.000000000000000E+00
    4.148723410874561E-03    2.377036530177325E-08    0.000000000000000E+00
    4.148729850984681E-03    2.011575154455140E-08    0.000000000000000E+00
    4.148733658752449E-03    1.475947414299736E-08    0.000000000000000E+00
    4.148734229444861E-03    7.625362817690998E-09    0.000000000000000E+00
    4.148731001452438E-03   -1.279177379045518E-09    0.000000000000000E+00
    4.148723538875384E-03   -1.184209932781616E-08    0.000000000000000E+00
    4.148711504435991E-03   -2.383836025717646E-08    0.000000000000000E+00
    4.148694858058574E-03   -3.689790919318235E-08    0.000000000000000E+00
    4.148673618954147E-03   -5.052907546767555E-08    0.000000000000000E+00
    4.148648490866642E-03   -6.404344630906947E-08    0.000000000000000E+00
    4.148619771280606E-03   -7.668061943087677E-08    0.000000000000000E+00
    4.148589664109788E-03   -8.734689858392038E-08    0.000000000000000E+00
    4.148557826426278E-03   -9.511278043734997E-08    0.000000000000000E+00
    4.148530338733313E-03   -9.822514060692777E-08    0.000000000000000E+00
    4.148502025396082E-03   -9.600470857657310E-08    0.000000000000000E+00
    4.148491724480236E-03   -8.512303944745006E-08    0.000000000000000E+00
    4.148472038088314E-03   -6.678254106230978E-08    0.000000000000000E+00
    4.148509793788964E-03   -3.275320306122837E-08    0.000000000000000E+00
    4.148485568301003E-03    7.551762343678418E-09    0.000000000000000E+00
    4.148650437204212E-03    7.818951836185061E-08    0.000000000000000E+00
    4.148523924621321E-03    1.397989895390065E-07    0.000000000000000E+00
    4.149079002858211E-03    2.628719419201788E-07    0.000000000000000E+00
    4.148362230085996E-03    3.046473858258552E-07    0.000000000000000E+00
    4.150365518758362E-03    4.723473151900342E-07    0.000000000000000E+00
    4.147058295606659E-03    2.868138271552148E-07    0.000000000000000E+00
    4.154481497098025E-03    2.837641923397102E-07    0.000000000000000E+00
    4.141645840749550E-03   -5.463609158152902E-07    0.000000000000000E+00
    4.171004707423247E-03   -1.585169017081648E-06    0.000000000000000E+00
    3.907148731710289E-03    6.185993942880197E-06    0.000000000000000E+00
    3.879375922517140E-03    5.225706154404051E-06    0.000000000000000E+00
    3.893076205185877E-03    3.200480347079132E-06    0.000000000000000E+00
    3.887379310865456E-03    2.226501203709638E-06    0.000000000000000E+00
    3.891114223953288E-03    1.173223158442707E-06    0.000000000000000E+00
    3.889959241346150E-03    7.430253195384023E-07    0.000000000000000E+00
    3.891036157397809E-03    3.373365892581588E-07    0.000000000000000E+00
    3.890794038916215E-03    1.685519765303751E-07    0.000000000000000E+00
    3.891090597660650E-03    2.364536648683716E-08    0.000000000000000E+00
    3.891028431300305E-03   -4.156883332459042E-08    0.000000000000000E+00
    3.891083742942653E-03   -9.088148194257964E-08    0.000000000000000E+00
    3.891040880111937E-03   -1.124841795070861E-07    0.000000000000000E+00
    3.891020871569628E-03   -1.251346935353362E-07    0.000000000000000E+00
    3.890972849794760E-03   -1.269285900681005E-07    0.000000000000000E+00
    3.890929392065012E-03   -1.238255719934781E-07    0.000000000000000E+00
    3.890879168479736E-03   -1.160631076144380E-07    0.000000000000000E+00
    3.890831620318667E-03   -1.058347120283435E-07    0.000000000000000E+00
    3.890784816965553E-03   -9.374279699488957E-08    0.000000000000000E+00
    3.890741802664455E-03   -8.081836228465297E-08    0.000000000000000E+00
    3.890702541247118E-03   -6.760911755481597E-08    0.000000000000000E+00
    3.890668051569766E-03   -5.470369707930311E-08    0.000000000000000E+00
    3.890638398929487E-03   -4.249666573433987E-08    0.000000000000000E+00
    3.890613763879775E-03   -3.132469567004629E-08    0.000000000000000E+00
    3.890593959757755E-03   -2.140835524757404E-08    0.000000000000000E+00
    3.890578730684045E-03   -1.289140454031044E-08    0.000000000000000E+00
    3.890567657632721E-03   -5.832093468915573E-09    0.000000000000000E+00
    3.890560261322163E-03   -2.209308684868116E-10    0.000000000000000E+00
    3.890556004780347E-03    4.012339806972974E-09    0.000000000000000E+00
    3.890554340985308E-03    6.985425365157330E-09    0.000000000000000E+00
    3.890554734940962E-03    8.852945455871353E-09    0.000000000000000E+00
    3.890556691116936E-03    9.793548847090621E-09    0.000000000000000E+00
    3.890559770151568E-03    9.999189642135038E-09    0.000000000000000E+00
    3.890563603141531E-03    9.665101520967411E-09    0.000000000000000E+00
    3.890567899077483E-03    8.981488161936106E-09    0.000000000000000E+00
    3.890572448073652E-03    8.126599887643558E-09    0.000000000000000E+00
    3.890577119655763E-03    7.261350378208159E-09    0.000000000000000E+00
    3.890581857286474E-03    6.525237826025922E-09    0.000000000000000E+00
    3.890586669435193E-03    6.033408597356409E-09    0.000000000000000E+00
    3.890591617974286E-03    5.874601178603036E-09    0.000000000000000E+00
    3.890596804432702E-03    6.109742454888735E-09    0.000000000000000E+00
    3.890602354725917E-03    6.770985624128554E-09    0.000000000000000E+00
    3.890608402897826E-03    7.861048355491915E-09    0.000000000000000E+00
    3.890615074421295E-03    9.352782919901869E-09    0.000000000000000E+00
    3.890622469600135E-03    1.118900400115818E-08    0.000000000000000E+00
    3.890630647631182E-03    1.328268508902677E-08    0.000000000000000E+00
    3.890639611954569E-03    1.551772090373055E-08    0.000000000000000E+00
    3.890649297510776E-03    1.775050949038870E-08    0.000000000000000E+00
    3.890659560705897E-03    1.981265952916499E-08    0.000000000000000E+00
    3.890670172670783E-03    2.151510288951964E-08    0.000000000000000E+00
    3.890680816928878E-03    2.265392282143836E-08    0.000000000000000E+00
    3.890691091540888E-03    2.301801112913817E-08    0.000000000000000E+00
    3.890700517739393E-03    2.239881834796912E-08    0.000000000000000E+00
    3.890708552907889E-03    2.060180923226961E-08    0.000000000000000E+00
    3.890714613510012E-03    1.746007911218874E-08    0.000000000000000E+00
    3.890718097490864E-03    1.284843543990128E-08    0.000000000000000E+00
    3.890718426777734E-03    6.699972511779896E-09    0.000000000000000E+00
    3.890715067703801E-03   -9.807219609522910E-10    0.000000000000000E+00
    3.890707611363453E-03   -1.009854622590951E-08    0.000000000000000E+00
    3.890695746191592E-03   -2.046220594894085E-08    0.000000000000000E+00
    3.890679451645928E-03   -3.175335365856508E-08    0.000000000000000E+00
    3.890658764697384E-03   -4.355292366506337E-08    0.000000000000000E+00
    3.890634390282471E-03   -5.526357407869765E-08    0.000000000000000E+00
    3.890606634107124E-03   -6.624166605163971E-08    0.000000000000000E+00
    3.890577664676427E-03   -7.552201699797493E-08    0.000000000000000E+00
    3.890547156811438E-03   -8.234298711687515E-08    0.000000000000000E+00
    3.890521075417569E-03   -8.510019194278019E-08    0.000000000000000E+00
    3.890494367185935E-03   -8.335895339572113E-08    0.000000000000000E+00
    3.890485528401387E-03   -7.388836119835920E-08    0.000000000000000E+00
    3.890467760738423E-03   -5.832651225920509E-08    0.000000000000000E+00
    3.890506775847470E-03   -2.818679863838797E-08    0.000000000000000E+00
    3.890485479612974E-03    5.984156220302512E-09    0.000000000000000E+00
    3.890651273832777E-03    7.011289766377353E-08    0.000000000000000E+00
    3.890531325006072E-03    1.207936934196042E-07    0.000000000000000E+00
    3.891086173959699E-03    2.369796471535364E-07    0.000000000000000E+00
    3.890386559906767E-03    2.585184466142133E-07    0.000000000000000E+00
    3.892381921337457E-03    4.264064589695015E-07    0.000000000000000E+00
    3.889104103685613E-03    1.839671275653071E-07    0.000000000000000E+00
    3.896513283557223E-03    1.808193249899290E-07    0.000000000000000E+00
    3.883670916758655E-03   -8.475072998240101E-07    0.000000000000000E+00
    3.913249130596136E-03   -1.971298848005271E-06    0.000000000000000E+00
    3.628794566792846E-03    6.251106150820065E-06    0.000000000000000E+00
    3.601266998209203E-03    5.161435755715391E-06    0.000000000000000E+00
    3.615179469335973E-03    2.975707055323975E-06    0.000000000000000E+00
    3.609684599365719E-03    2.069895420313782E-06    0.000000000000000E+00
    3.613475222246843E-03    1.034814279191186E-06    0.000000000000000E+00
    3.612378573854646E-03    6.641858862103451E-07    0.000000000000000E+00
    3.613460378206240E-03    2.864980749337373E-07    0.000000000000000E+00
    3.613231374288605E-03    1.460755382945331E-07    0.000000000000000E+00
    3.613526319335161E-03    1.627769351095368E-08    0.000000000000000E+00
    3.613467286432140E-03   -3.711985330811297E-08    0.000000000000000E+00
    3.613522707673232E-03   -7.984512842768434E-08    0.000000000000000E+00
    3.613481898276268E-03   -9.709621471784158E-08    0.000000000000000E+00
    3.613463558594389E-03   -1.076333418532016E-07    0.000000000000000E+00
    3.613417908216183E-03   -1.085716625781405E-07    0.000000000000000E+00
    3.613376758386350E-03   -1.056687987929679E-07    0.000000000000000E+00
    3.613328967226952E-03   -9.877840101639977E-08    0.000000000000000E+00
    3.613283701046895E-03   -8.992451488425981E-08    0.000000000000000E+00
    3.613239032328029E-03   -7.951849975425646E-08    0.000000000000000E+00
    3.613197907267500E-03   -6.846728628138476E-08    0.000000000000000E+00
    3.613160279213632E-03   -5.720316369290005E-08    0.000000000000000E+00
    3.613127142778537E-03   -4.622799548544237E-08    0.000000000000000E+00
    3.613098571044552E-03   -3.586368432069308E-08    0.000000000000000E+00
    3.613074755792105E-03   -2.639277000225065E-08    0.000000000000000E+00
    3.613055534619984E-03   -1.799614644382468E-08    0.000000000000000E+00
    3.613040679621633E-03   -1.079266107634219E-08    0.000000000000000E+00
    3.613029804224622E-03   -4.828377582213283E-09    0.000000000000000E+00
    3.613022462225615E-03   -9.317737778838710E-11    0.000000000000000E+00
    3.613018149454239E-03    3.474277650725147E-09    0.000000000000000E+00
    3.613016349316767E-03    5.974898185502864E-09    0.000000000000000E+00
    3.613016554237763E-03    7.540526397134200E-09    0.000000000000000E+00
    3.613018292130352E-03    8.323021014988223E-09    0.000000000000000E+00
    3.613021142719447E-03    8.485254195366420E-09    0.000000000000000E+00
    3.613024751606305E-03    8.192653460969949E-09    0.000000000000000E+00
    3.613028837755212E-03    7.606230231076816E-09    0.000000000000000E+00
    3.613033196932091E-03    6.876759089155924E-09    0.000000000000000E+00
    3.613037700358121E-03    6.140267450211255E-09    0.000000000000000E+00
    3.613042289700431E-03    5.514619229238836E-09    0.000000000000000E+00
    3.613046968684613E-03    5.097062798812752E-09    0.000000000000000E+00
    3.613051792081512E-03    4.962517027636358E-09    0.000000000000000E+00
    3.613056852584106E-03    5.162404035017258E-09    0.000000000000000E+00
    3.613062266181117E-03    5.723849109481686E-09    0.000000000000000E+00
    3.613068156557861E-03    6.649128260594745E-09    0.000000000000000E+00
    3.613074639067812E-03    7.915305121602253E-09    0.000000000000000E+00
    3.613081804815379E-03    9.474079189179627E-09    0.000000000000000E+00
    3.613089705404872E-03    1.125193888765458E-08    0.000000000000000E+00
    3.613098338975157E-03    1.315078747865563E-08    0.000000000000000E+00
    3.613107638125847E-03    1.504925583671361E-08    0.000000000000000E+00
    3.613117460512635E-03    1.680496350565404E-08    0.000000000000000E+00
    3.613127582671981E-03    1.825796157488541E-08    0.000000000000000E+00
    3.613137698143088E-03    1.923562949950640E-08    0.000000000000000E+00
    3.613147419928081E-03    1.955910594873081E-08    0.000000000000000E+00
    3.613156289219005E-03    1.905151230922926E-08    0.000000000000000E+00
    3.613163788262126E-03    1.754757577186174E-08    0.000000000000000E+00
    3.613169362782700E-03    1.490517136946412E-08    0.000000000000000E+00
    3.613172443711890E-03    1.101708501138330E-08    0.000000000000000E+00
    3.613172488279875E-03    5.825250154649277E-09    0.000000000000000E+00
    3.613168999347832E-03   -6.686042233651230E-10    0.000000000000000E+00
    3.613161602926860E-03   -8.385885913440889E-09    0.000000000000000E+00
    3.613150020047908E-03   -1.716806540027732E-08    0.000000000000000E+00
    3.613134254534471E-03   -2.674697200187728E-08    0.000000000000000E+00
    3.613114363732600E-03   -3.677395980236403E-08    0.000000000000000E+00
    3.613091052225557E-03   -4.674008883964343E-08    0.000000000000000E+00
    3.613064629539267E-03   -5.611515060494839E-08    0.000000000000000E+00
    3.613037215969911E-03   -6.405919434132231E-08    0.000000000000000E+00
    3.613008490740155E-03   -6.997462074254165E-08    0.000000000000000E+00
    3.612984269443449E-03   -7.240376480826693E-08    0.000000000000000E+00
    3.612959602488305E-03   -7.115431142407589E-08    0.000000000000000E+00
    3.612952562731128E-03   -6.309718195185151E-08    0.000000000000000E+00
    3.612936959756110E-03   -5.031138294622703E-08    0.000000000000000E+00
    3.612977165897694E-03   -2.407447319211882E-08    0.000000000000000E+00
    3.612958612156154E-03    3.904942269132155E-09    0.000000000000000E+00
    3.613124307369058E-03    6.140092491201031E-08    0.000000000000000E+00
    3.613010155552095E-03    1.008405331905817E-07    0.000000000000000E+00
    3.613561545127490E-03    2.099711130694392E-07    0.000000000000000E+00
    3.612878332263109E-03    2.105316564062490E-07    0.000000000000000E+00
    3.614856176993204E-03    3.803333063807738E-07    0.000000000000000E+00
    3.611606981760305E-03    7.905769381415514E-08    0.000000000000000E+00
    3.618968948641076E-03    8.494215202476692E-08    0.000000000000000E+00
    3.606099266363561E-03   -1.167986696202729E-06    0.000000000000000E+00
    3.635835367951788E-03   -2.385945143998650E-06    0.000000000000000E+00
    3.330920887273711E-03    6.270519097453386E-06    0.000000000000000E+00
    3.303691407160717E-03    5.041742429060492E-06    0.000000000000000E+00
    3.317796017601973E-03    2.694781652523532E-06    0.000000000000000E+00
    3.312506508535861E-03    1.885839199478185E-06    0.000000000000000E+00
    3.316325540234273E-03    8.819906351320074E-07    0.000000000000000E+00
    3.315279420448027E-03    5.796979372237138E-07    0.000000000000000E+00
    3.316355403019079E-03    2.335496540135095E-07    0.000000000000000E+00
    3.316136287799573E-03    1.229411725791463E-07    0.000000000000000E+00
    3.316426827329559E-03    8.682741582573256E-09    0.000000000000000E+00
    3.316370500513195E-03   -3.291086662945239E-08    0.000000000000000E+00
    3.316425958918043E-03   -6.917022548907026E-08    0.000000000000000E+00
    3.316387802411487E-03   -8.221782042307882E-08    0.000000000000000E+00
    3.316371848366982E-03   -9.074619835107871E-08    0.000000000000000E+00
    3.316329431691293E-03   -9.089363256294511E-08    0.000000000000000E+00
    3.316291438311494E-03   -8.820967853493753E-08    0.000000000000000E+00
    3.316246905168769E-03   -8.217638115741395E-08    0.000000000000000E+00
    3.316204675903466E-03   -7.465442612383933E-08    0.000000000000000E+00
    3.316162819570326E-03   -6.587350666801201E-08    0.000000000000000E+00
    3.316124171869148E-03   -5.662284112095442E-08    0.000000000000000E+00
    3.316088675850050E-03   -4.722552345810954E-08    0.000000000000000E+00
    3.316057302601330E-03   -3.810122500319519E-08    0.000000000000000E+00
    3.316030138291193E-03   -2.950301141443916E-08    0.000000000000000E+00
    3.316007392407428E-03   -2.166204602660576E-08    0.000000000000000E+00
    3.315988935090215E-03   -1.472154296602342E-08    0.000000000000000E+00
    3.315974575300652E-03   -8.776657213932580E-09    0.000000000000000E+00
    3.315963968276182E-03   -3.861861751654635E-09    0.000000000000000E+00
    3.315956710156046E-03    3.354725474636376E-11    0.000000000000000E+00
    3.315952338447278E-03    2.962401154602152E-09    0.000000000000000E+00
    3.315950375240962E-03    5.009574863885227E-09    0.000000000000000E+00
    3.315950347727380E-03    6.285135769944129E-09    0.000000000000000E+00
    3.315951813579488E-03    6.915328602251741E-09    0.000000000000000E+00
    3.315954376780299E-03    7.035207474186477E-09    0.000000000000000E+00
    3.315957701426466E-03    6.781678505275244E-09    0.000000000000000E+00
    3.315961519275378E-03    6.287809346935678E-09    0.000000000000000E+00
    3.315965633444173E-03    5.678065612513368E-09    0.000000000000000E+00
    3.315969917516318E-03    5.064638457837899E-09    0.000000000000000E+00
    3.315974311112963E-03    4.544665415982329E-09    0.000000000000000E+00
    3.315978812185947E-03    4.198245050398552E-09    0.000000000000000E+00
    3.315983466749449E-03    4.087053462770555E-09    0.000000000000000E+00
    3.315988356546568E-03    4.253405891918637E-09    0.000000000000000E+00
    3.315993585241542E-03    4.719613456056757E-09    0.000000000000000E+00
    3.315999263660237E-03    5.487536238921670E-09    0.000000000000000E+00
    3.316005494616673E-03    6.538283956450057E-09    0.000000000000000E+00
    3.316012357861563E-03    7.832082599943032E-09    0.000000000000000E+00
    3.316019895701525E-03    9.308383940827112E-09    0.000000000000000E+00
    3.316028099896292E-03    1.088635782786259E-08    0.000000000000000E+00
    3.316036900422716E-03    1.246594358869093E-08    0.000000000000000E+00
    3.316046156853254E-03    1.392967994953079E-08    0.000000000000000E+00
    3.316055652877036E-03    1.514550290688436E-08    0.000000000000000E+00
    3.316065094975328E-03    1.597074724342947E-08    0.000000000000000E+00
    3.316074115257223E-03    1.625740051794021E-08    0.000000000000000E+00
    3.316082280286600E-03    1.585886304826140E-08    0.000000000000000E+00
    3.316089103783468E-03    1.463781651957775E-08    0.000000000000000E+00
    3.316094068417392E-03    1.247578094695695E-08    0.000000000000000E+00
    3.316096646673294E-03    9.282662709432881E-09    0.000000000000000E+00
    3.316096340228372E-03    5.008753045569047E-09    0.000000000000000E+00
    3.316092697902857E-03   -3.470601826457306E-10    0.000000000000000E+00
    3.316085389703240E-03   -6.722079906694996E-09    0.000000000000000E+00
    3.316074177756343E-03   -1.398922240054753E-08    0.000000000000000E+00
    3.316059097037361E-03   -2.192847072752947E-08    0.000000000000000E+00
    3.316040230308870E-03   -3.025868793741293E-08    0.000000000000000E+00
    3.316018282787064E-03   -3.855579200118568E-08    0.000000000000000E+00
    3.315993566536167E-03   -4.639839323489305E-08    0.000000000000000E+00
    3.315968143162818E-03   -5.306720407577931E-08    0.000000000000000E+00
    3.315941686591494E-03   -5.812259337467507E-08    0.000000000000000E+00
    3.315919829140365E-03   -6.025008513067955E-08    0.000000000000000E+00
    3.315897711329762E-03   -5.949298505338080E-08    0.000000000000000E+00
    3.315892890720379E-03   -5.282803598639180E-08    0.000000000000000E+00
    3.315879806195137E-03   -4.276928148408972E-08    0.000000000000000E+00
    3.315921221578858E-03   -2.038746743796148E-08    0.000000000000000E+00
    3.315905345835401E-03    1.451394981645426E-09    0.000000000000000E+00
    3.316069896269769E-03    5.229717534201965E-08    0.000000000000000E+00
    3.315960901998747E-03    8.040784396514264E-08    0.000000000000000E+00
    3.316505155890205E-03    1.824479454838837E-07    0.000000000000000E+00
    3.315838057335126E-03    1.618503934237038E-07    0.000000000000000E+00
    3.317787071545587E-03    3.357536483650948E-07    0.000000000000000E+00
    3.314568449052877E-03   -2.394888893896502E-08    0.000000000000000E+00
    3.321841838349718E-03    4.116324608782045E-09    0.000000000000000E+00
    3.308928002009332E-03   -1.495802057470085E-06    0.000000000000000E+00
    3.338718600226830E-03   -2.817552099632114E-06    0.000000000000000E+00
    3.013527467155107E-03    6.233676776942764E-06    0.000000000000000E+00
    2.986684244401882E-03    4.861958416969604E-06    0.000000000000000E+00
    3.000936683489635E-03    2.360098874949192E-06    0.000000000000000E+00
    2.995856142614116E-03    1.678604510571512E-06    0.000000000000000E+00
    2.999666290255619E-03    7.193789694095092E-07    0.000000000000000E+00
    2.998662282220334E-03    4.922393366471273E-07    0.000000000000000E+00
    2.999719787882212E-03    1.802499571777691E-07    0.000000000000000E+00
    2.999507480644640E-03    9.994826764557839E-08    0.000000000000000E+00
    2.999790660792044E-03    1.231982969182162E-09    0.000000000000000E+00
    2.999736891622558E-03   -2.889664137698305E-08    0.000000000000000E+00
    2.999792485935121E-03   -5.895343169389803E-08    0.000000000000000E+00
    2.999757833038205E-03   -6.803699989934241E-08    0.000000000000000E+00
    2.999745182658970E-03   -7.469329179058641E-08    0.000000000000000E+00
    2.999707059106291E-03   -7.412583373594928E-08    0.000000000000000E+00
    2.999673232229600E-03   -7.167155316785499E-08    0.000000000000000E+00
    2.999632920155623E-03   -6.646463261309826E-08    0.000000000000000E+00
    2.999594589394151E-03   -6.021029461970171E-08    0.000000000000000E+00
    2.999556303580213E-03   -5.296981175188793E-08    0.000000000000000E+00
    2.999520775963339E-03   -4.542222835635488E-08    0.000000000000000E+00
    2.999487943193111E-03   -3.778917344621137E-08    0.000000000000000E+00
    2.999458756464888E-03   -3.041339519547616E-08    0.000000000000000E+00
    2.999433324086719E-03   -2.348359431987725E-08    0.000000000000000E+00
    2.999411883178130E-03   -1.718265142169632E-08    0.000000000000000E+00
    2.999394348133892E-03   -1.161833018579446E-08    0.000000000000000E+00
    2.999380576731954E-03   -6.863390368608871E-09    0.000000000000000E+00
    2.999370278079835E-03   -2.941292506905927E-09    0.000000000000000E+00
    2.999363102165484E-03    1.593262451272885E-10    0.000000000000000E+00
    2.999358638836047E-03    2.483378327990930E-09    0.000000000000000E+00
    2.999356458506314E-03    4.100700330300128E-09    0.000000000000000E+00
    2.999356131395691E-03    5.100868041647963E-09    0.000000000000000E+00
    2.999357251825097E-03    5.585987349819720E-09    0.000000000000000E+00
    2.999359453468998E-03    5.664870183579074E-09    0.000000000000000E+00
    2.999362422916730E-03    5.447494623517167E-09    0.000000000000000E+00
    2.999365907345337E-03    5.040528241090125E-09    0.000000000000000E+00
    2.999369718580084E-03    4.543567733500048E-09    0.000000000000000E+00
    2.999373732784258E-03    4.046262612126242E-09    0.000000000000000E+00
    2.999377886760915E-03    3.626142736521750E-09    0.000000000000000E+00
    2.999382171089884E-03    3.347078315026216E-09    0.000000000000000E+00
    2.999386620776178E-03    3.258212617118265E-09    0.000000000000000E+00
    2.999391303883369E-03    3.393242934583772E-09    0.000000000000000E+00
    2.999396308724905E-03    3.769927701169296E-09    0.000000000000000E+00
    2.999401730127115E-03    4.389740396044788E-09    0.000000000000000E+00
    2.999407655295974E-03    5.237630439051925E-09    0.000000000000000E+00
    2.999414149819078E-03    6.281906028583385E-09    0.000000000000000E+00
    2.999421244344887E-03    7.474300188562877E-09    0.000000000000000E+00
    2.999428922532984E-03    8.750333434063883E-09    0.000000000000000E+00
    2.999437110844507E-03    1.003011389115987E-08    0.000000000000000E+00
    2.999445670885838E-03    1.121975475649623E-08    0.000000000000000E+00
    2.999454394795566E-03    1.221355724290855E-08    0.000000000000000E+00
    2.999463004620841E-03    1.289716035472904E-08    0.000000000000000E+00
    2.999471155645522E-03    1.315167758363632E-08    0.000000000000000E+00
    2.999478445387015E-03    1.285906897682186E-08    0.000000000000000E+00
    2.999484426152916E-03    1.190834893908747E-08    0.000000000000000E+00
    2.999488626138003E-03    1.020326466199821E-08    0.000000000000000E+00
    2.999490569301042E-03    7.669754224907812E-09    0.000000000000000E+00
    2.999489812756597E-03    4.265821057729508E-09    0.000000000000000E+00
    2.999485963086253E-03   -1.252279948276072E-11    0.000000000000000E+00
    2.999478746165452E-03   -5.117806240414864E-09    0.000000000000000E+00
    2.999467977034717E-03   -1.095285776488487E-08    0.000000000000000E+00
    2.999453732153025E-03   -1.734340957669864E-08    0.000000000000000E+00
    2.999436128605480E-03   -2.407226497630209E-08    0.000000000000000E+00
    2.999415876675231E-03   -3.079585490127310E-08    0.000000000000000E+00
    2.999393293417141E-03   -3.719564147283092E-08    0.000000000000000E+00
    2.999370372910653E-03   -4.266716969726628E-08    0.000000000000000E+00
    2.999346777183190E-03   -4.692000233635109E-08    0.000000000000000E+00
    2.999327917332669E-03   -4.877794846307055E-08    0.000000000000000E+00
    2.999309014724704E-03   -4.850713676414610E-08    0.000000000000000E+00
    2.999306999305461E-03   -4.319496484239458E-08    0.000000000000000E+00
    2.999296979077505E-03   -3.576837741512683E-08    0.000000000000000E+00
    2.999339765645648E-03   -1.713477779207152E-08    0.000000000000000E+00
    2.999326691770519E-03   -1.261549755814229E-09    0.000000000000000E+00
    2.999489008614899E-03    4.302417437540071E-08    0.000000000000000E+00
    2.999384722058225E-03    6.000031608904151E-08    0.000000000000000E+00
    2.999917489048502E-03    1.550083038021842E-07    0.000000000000000E+00
    2.999266943413416E-03    1.137845294958109E-07    0.000000000000000E+00
    3.001173402725344E-03    2.941504332229202E-07    0.000000000000000E+00
    2.997991954371611E-03   -1.205292393052580E-07    0.000000000000000E+00
    3.005124948044098E-03   -5.319506427128916E-08    0.000000000000000E+00
    2.992162887190753E-03   -1.813515684124693E-06    0.000000000000000E+00
    3.021840952450464E-03   -3.247456060679814E-06    0.000000000000000E+00
    2.676604393044263E-03    6.123871644467322E-06    0.000000000000000E+00
    2.650295001078802E-03    4.615593599814982E-06    0.000000000000000E+00
    2.664611557961878E-03    1.977399166433921E-06    0.000000000000000E+00
    2.659746559232624E-03    1.453880027085615E-06    0.000000000000000E+00
    2.663497473777958E-03    5.529807543633069E-07    0.000000000000000E+00
    2.662527682446278E-03    4.048065489862264E-07    0.000000000000000E+00
    2.663551556243348E-03    1.285859418257413E-07    0.000000000000000E+00
    2.663343317023256E-03    7.789628278001385E-08    0.000000000000000E+00
    2.663615813883140E-03   -5.714946408099818E-09    0.000000000000000E+00
    2.663564710617954E-03   -2.508991788474100E-08    0.000000000000000E+00
    2.663620621024920E-03   -4.934736402244213E-08    0.000000000000000E+00
    2.663590565273770E-03   -5.480529980405238E-08    0.000000000000000E+00
    2.663582339716918E-03   -5.975349194833515E-08    0.000000000000000E+00
    2.663549809742396E-03   -5.855542096733352E-08    0.000000000000000E+00
    2.663521382349775E-03   -5.632689948709893E-08    0.000000000000000E+00
    2.663486472151466E-03   -5.189316949407457E-08    0.000000000000000E+00
    2.663453095516735E-03   -4.681266306754634E-08    0.000000000000000E+00
    2.663419308889716E-03   -4.099653454170995E-08    0.000000000000000E+00
    2.663387685101611E-03   -3.502236839181756E-08    0.000000000000000E+00
    2.663358158482757E-03   -2.902005394986457E-08    0.000000000000000E+00
    2.663331663796545E-03   -2.326149696534923E-08    0.000000000000000E+00
    2.663308342844724E-03   -1.787633614682727E-08    0.000000000000000E+00
    2.663288473122076E-03   -1.300263837657307E-08    0.000000000000000E+00
    2.663272028757465E-03   -8.715190333394377E-09    0.000000000000000E+00
    2.663258932273813E-03   -5.065670608335398E-09    0.000000000000000E+00
    2.663248962810900E-03   -2.066999068046730E-09    0.000000000000000E+00
    2.663241839600842E-03    2.931548880029710E-10    0.000000000000000E+00
    2.663237219041235E-03    2.052673602604259E-09    0.000000000000000E+00
    2.663234732630867E-03    3.267723446079577E-09    0.000000000000000E+00
    2.663234004421767E-03    4.009084223494696E-09    0.000000000000000E+00
    2.663234674258027E-03    4.356613333623259E-09    0.000000000000000E+00
    2.663236412385840E-03    4.394871360571184E-09    0.000000000000000E+00
    2.663238932817577E-03    4.208898401502617E-09    0.000000000000000E+00
    2.663242001247094E-03    3.880873078096136E-09    0.000000000000000E+00
    2.663245439632269E-03    3.487293813409167E-09    0.000000000000000E+00
    2.663249126661247E-03    3.096851649811818E-09    0.000000000000000E+00
    2.663252994995980E-03    2.768831020880170E-09    0.000000000000000E+00
    2.663257025474362E-03    2.551992189351976E-09    0.000000000000000E+00
    2.663261238899598E-03    2.483805320375563E-09    0.000000000000000E+00
    2.663265685864471E-03    2.589941147425187E-09    0.000000000000000E+00
    2.663270435164949E-03    2.883921927756344E-09    0.000000000000000E+00
    2.663275561308861E-03    3.366871165176259E-09    0.000000000000000E+00
    2.663281131648083E-03    4.027330532047983E-09    0.000000000000000E+00
    2.663287193663881E-03    4.841155699597115E-09    0.000000000000000E+00
    2.663293762942617E-03    5.771537895531955E-09    0.000000000000000E+00
    2.663300812422646E-03    6.769239991467328E-09    0.000000000000000E+00
    2.663308263460272E-03    7.773155193327861E-09    0.000000000000000E+00
    2.663315979388380E-03    8.711331697940584E-09    0.000000000000000E+00
    2.663323762012648E-03    9.502573725786253E-09    0.000000000000000E+00
    2.663331351912472E-03    1.005878852989940E-08    0.000000000000000E+00
    2.663338432453678E-03    1.028807425395105E-08    0.000000000000000E+00
    2.663344639090247E-03    1.009879204369285E-08    0.000000000000000E+00
    2.663349571845089E-03    9.404224211275089E-09    0.000000000000000E+00
    2.663352815665749E-03    8.128501095404692E-09    0.000000000000000E+00
    2.663353959176637E-03    6.212121941782514E-09    0.000000000000000E+00
    2.663352629747975E-03    3.619844271780725E-09    0.000000000000000E+00
    2.663348507778635E-03    3.445854556590581E-10    0.000000000000000E+00
    2.663341391371804E-03   -3.580797630099411E-09    0.000000000000000E+00
    2.663331164820461E-03   -8.087358151255856E-09    0.000000000000000E+00
    2.663317960460174E-03   -1.304380918356991E-08    0.000000000000000E+00
    2.663301942191435E-03   -1.829256544608558E-08    0.000000000000000E+00
    2.663283831619056E-03   -2.356530332270101E-08    0.000000000000000E+00
    2.663263954496637E-03   -2.863862503347828E-08    0.000000000000000E+00
    2.663244225363726E-03   -3.301560346310826E-08    0.000000000000000E+00
    2.663224286371480E-03   -3.654255324366288E-08    0.000000000000000E+00
    2.663209276011430E-03   -3.817539560106046E-08    0.000000000000000E+00
    2.663194488165617E-03   -3.838170161623335E-08    0.000000000000000E+00
    2.663196074035693E-03   -3.436735487352102E-08    0.000000000000000E+00
    2.663189878845562E-03   -2.942588995722089E-08    0.000000000000000E+00
    2.663234298050797E-03   -1.437053615648401E-08    0.000000000000000E+00
    2.663224295995437E-03   -4.133683156049513E-09    0.000000000000000E+00
    2.663383047491862E-03    3.379371297073722E-08    0.000000000000000E+00
    2.663283160296209E-03    4.020288476834435E-08    0.000000000000000E+00
    2.663798892977169E-03    1.282636002323684E-07    0.000000000000000E+00
    2.663166343124668E-03    6.787657146411234E-08    0.000000000000000E+00
    2.665012843093153E-03    2.567153186641880E-07    0.000000000000000E+00
    2.661882661289226E-03   -2.055491234387968E-07    0.000000000000000E+00
    2.668809069433819E-03   -7.910822647126709E-08    0.000000000000000E+00
    2.655824039343070E-03   -2.096469177842505E-06    0.000000000000000E+00
    2.685126930392611E-03   -3.646073457278269E-06    0.000000000000000E+00
    2.320122981057805E-03    5.915083503915766E-06    0.000000000000000E+00
    2.294595907416521E-03    4.292909395772948E-06    0.000000000000000E+00
    2.308828827493343E-03    1.557454366583814E-06    0.000000000000000E+00
    2.304194334608916E-03    1.218793515976091E-06    0.000000000000000E+00
    2.307818541658542E-03    3.904016832755659E-07    0.000000000000000E+00
    2.306877700261865E-03    3.206309981330838E-07    0.000000000000000E+00
    2.307849312555757E-03    8.084852687547860E-08    0.000000000000000E+00
    2.307642985687579E-03    5.761571975283272E-08    0.000000000000000E+00
    2.307900604419856E-03   -1.174443046388484E-08    0.000000000000000E+00
    2.307852327769264E-03   -2.151392684337027E-08    0.000000000000000E+00
    2.307908476604612E-03   -4.051738644838261E-08    0.000000000000000E+00
    2.307884145758756E-03   -4.281182973281073E-08    0.000000000000000E+00
    2.307881481566507E-03   -4.625060861737895E-08    0.000000000000000E+00
    2.307855982567595E-03   -4.452490797090324E-08    0.000000000000000E+00
    2.307834355359935E-03   -4.250680163443835E-08    0.000000000000000E+00
    2.307806246519455E-03   -3.877199051102610E-08    0.000000000000000E+00
    2.307779113312818E-03   -3.473952155741027E-08    0.000000000000000E+00
    2.307750996688051E-03   -3.019565514460018E-08    0.000000000000000E+00
    2.307724292896400E-03   -2.562646433428055E-08    0.000000000000000E+00
    2.307698929794771E-03   -2.108281847701583E-08    0.000000000000000E+00
    2.307675820471716E-03   -1.677314455918467E-08    0.000000000000000E+00
    2.307655147616263E-03   -1.277477258758942E-08    0.000000000000000E+00
    2.307637239660169E-03   -9.185191507737518E-09    0.000000000000000E+00
    2.307622146463130E-03   -6.049264586104857E-09    0.000000000000000E+00
    2.307609873285261E-03   -3.399114402155201E-09    0.000000000000000E+00
    2.307600288916328E-03   -1.237593727104464E-09    0.000000000000000E+00
    2.307593201433432E-03    4.491246590230629E-10    0.000000000000000E+00
    2.307588352620181E-03    1.693134247080284E-09    0.000000000000000E+00
    2.307585452456811E-03    2.538770340571249E-09    0.000000000000000E+00
    2.307584194058288E-03    3.040263533003028E-09    0.000000000000000E+00
    2.307584275579070E-03    3.257690144072074E-09    0.000000000000000E+00
    2.307585414040086E-03    3.253928156289321E-09    0.000000000000000E+00
    2.307587358444871E-03    3.091628815916559E-09    0.000000000000000E+00
    2.307589898024746E-03    2.830913275676995E-09    0.000000000000000E+00
    2.307592867518246E-03    2.527421317975448E-09    0.000000000000000E+00
    2.307596148651783E-03    2.230878093911496E-09    0.000000000000000E+00
    2.307599668606271E-03    1.984030103639872E-09    0.000000000000000E+00
    2.307603395591665E-03    1.821925154986845E-09    0.000000000000000E+00
    2.307607332098385E-03    1.771432488368334E-09    0.000000000000000E+00
    2.307611506240498E-03    1.850933661881122E-09    0.000000000000000E+00
    2.307615961723242E-03    2.070110976661848E-09    0.000000000000000E+00
    2.307620746932049E-03    2.429787705312389E-09    0.000000000000000E+00
    2.307625903669490E-03    2.921795756057734E-09    0.000000000000000E+00
    2.307631456069950E-03    3.528879491753182E-09    0.000000000000000E+00
    2.307637400225659E-03    4.224669546751500E-09    0.000000000000000E+00
    2.307643695090690E-03    4.973793307488894E-09    0.000000000000000E+00
    2.307650255185096E-03    5.732200950393796E-09    0.000000000000000E+00
    2.307656945723538E-03    6.447817768351443E-09    0.000000000000000E+00
    2.307663580554860E-03    7.061600313989564E-09    0.000000000000000E+00
    2.307669923678246E-03    7.509137704410984E-09    0.000000000000000E+00
    2.307675694166871E-03    7.722773071494919E-09    0.000000000000000E+00
    2.307680575896131E-03    7.634483555734703E-09    0.000000000000000E+00
    2.307684229950623E-03    7.179128342849672E-09    0.000000000000000E+00
    2.307686314049794E-03    6.298783912462141E-09    0.000000000000000E+00
    2.307686499837687E-03    4.946526895489047E-09    0.000000000000000E+00
    2.307684504959791E-03    3.092528812948480E-09    0.000000000000000E+00
    2.307680104515376E-03    7.261997015871749E-10    0.000000000000000E+00
    2.307673189341871E-03   -2.133575912379562E-09    0.000000000000000E+00
    2.307663732058228E-03   -5.444006510782781E-09    0.000000000000000E+00
    2.307651935983736E-03   -9.113346061109066E-09    0.000000000000000E+00
    2.307638023033319E-03   -1.303801041789525E-08    0.000000000000000E+00
    2.307622727152759E-03   -1.701820078398394E-08    0.000000000000000E+00
    2.307606379752839E-03   -2.091529062462586E-08    0.000000000000000E+00
    2.307590789618053E-03   -2.433058988595276E-08    0.000000000000000E+00
    2.307575560652018E-03   -2.722945806573772E-08    0.000000000000000E+00
    2.307565478385433E-03   -2.869288455993708E-08    0.000000000000000E+00
    2.307555898977608E-03   -2.935629090610099E-08    0.000000000000000E+00
    2.307561979588310E-03   -2.655929815640539E-08    0.000000000000000E+00
    2.307560424456158E-03   -2.387996431501932E-08    0.000000000000000E+00
    2.307606563114077E-03   -1.215274290180339E-08    0.000000000000000E+00
    2.307599793079086E-03   -7.013162412568368E-09    0.000000000000000E+00
    2.307752917404608E-03    2.487354169739713E-08    0.000000000000000E+00
    2.307657088533967E-03    2.179238652298424E-08    0.000000000000000E+00
    2.308148153040478E-03    1.028989704816783E-07    0.000000000000000E+00
    2.307536532412415E-03    2.606521075904433E-08    0.000000000000000E+00
    2.309299898774549E-03    2.241310719358662E-07    0.000000000000000E+00
    2.306247359521734E-03   -2.731196147590460E-07    0.000000000000000E+00
    2.312879658825483E-03   -6.823421588577934E-08    0.000000000000000E+00
    2.299955203130601E-03   -2.310868200907613E-06    0.000000000000000E+00
    2.328478846459906E-03   -3.967305322075294E-06    0.000000000000000E+00
    1.944019376984442E-03    5.566927049185994E-06    0.000000000000000E+00
    1.919694866369887E-03    3.878288589290974E-06    0.000000000000000E+00
    1.933590939697164E-03    1.118543680952801E-06    0.000000000000000E+00
    1.929221108560306E-03    9.815822207187624E-07    0.000000000000000E+00
    1.932628778081796E-03    2.409637692828349E-07    0.000000000000000E+00
    1.931718138612173E-03    2.429674107071914E-07    0.000000000000000E+00
    1.932613976722024E-03    3.972406723671375E-08    0.000000000000000E+00
    1.932408606389572E-03    4.001324789910497E-08    0.000000000000000E+00
    1.932645520663003E-03   -1.626242140176769E-08    0.000000000000000E+00
    1.932599947820279E-03   -1.808819916667995E-08    0.000000000000000E+00
    1.932655364261243E-03   -3.252152258587169E-08    0.000000000000000E+00
    1.932637440492658E-03   -3.228257032281272E-08    0.000000000000000E+00
    1.932640995846409E-03   -3.446850322543028E-08    0.000000000000000E+00
    1.932623717896647E-03   -3.236927663735666E-08    0.000000000000000E+00
    1.932610142446322E-03   -3.055776117934069E-08    0.000000000000000E+00
    1.932590231372512E-03   -2.744714088700006E-08    0.000000000000000E+00
    1.932570720917840E-03   -2.431864325898228E-08    0.000000000000000E+00
    1.932549619702677E-03   -2.086792252286651E-08    0.000000000000000E+00
    1.932529078708302E-03   -1.750019030342481E-08    0.000000000000000E+00
    1.932508996001820E-03   -1.420426311456121E-08    0.000000000000000E+00
    1.932490235356530E-03   -1.113434868772319E-08    0.000000000000000E+00
    1.932473011844795E-03   -8.324710789934832E-09    0.000000000000000E+00
    1.932457701835598E-03   -5.838071230287811E-09    0.000000000000000E+00
    1.932444437960140E-03   -3.693821996102455E-09    0.000000000000000E+00
    1.932433320468212E-03   -1.906914419554945E-09    0.000000000000000E+00
    1.932424325032946E-03   -4.711437715379560E-10    0.000000000000000E+00
    1.932417368319611E-03    6.291801548548102E-10    0.000000000000000E+00
    1.932412298572093E-03    1.421712611999718E-09    0.000000000000000E+00
    1.932408925196680E-03    1.941139166290303E-09    0.000000000000000E+00
    1.932407030172864E-03    2.227910226713784E-09    0.000000000000000E+00
    1.932406387617300E-03    2.325435476377844E-09    0.000000000000000E+00
    1.932406776358866E-03    2.278180455081778E-09    0.000000000000000E+00
    1.932407992429730E-03    2.129681409146377E-09    0.000000000000000E+00
    1.932409857496776E-03    1.921143045737436E-09    0.000000000000000E+00
    1.932412224868946E-03    1.690252192619639E-09    0.000000000000000E+00
    1.932414982163663E-03    1.470361724131454E-09    0.000000000000000E+00
    1.932418051283337E-03    1.289908092105919E-09    0.000000000000000E+00
    1.932421385733378E-03    1.172053522891567E-09    0.000000000000000E+00
    1.932424965769074E-03    1.134470063599084E-09    0.000000000000000E+00
    1.932428791734976E-03    1.189216817088959E-09    0.000000000000000E+00
    1.932432876093965E-03    1.342656526653327E-09    0.000000000000000E+00
    1.932437234624772E-03    1.595378722179340E-09    0.000000000000000E+00
    1.932441877304428E-03    1.942110987169431E-09    0.000000000000000E+00
    1.932446799398333E-03    2.371624386951421E-09    0.000000000000000E+00
    1.932451973279189E-03    2.866655853856911E-09    0.000000000000000E+00
    1.932457341515158E-03    3.403895416013024E-09    0.000000000000000E+00
    1.932462811707558E-03    3.954092839531828E-09    0.000000000000000E+00
    1.932468253629979E-03    4.482366986359211E-09    0.000000000000000E+00
    1.932473498970173E-03    4.948769109033722E-09    0.000000000000000E+00
    1.932478344302326E-03    5.309217707454733E-09    0.000000000000000E+00
    1.932482557011464E-03    5.516767622422479E-09    0.000000000000000E+00
    1.932485885332240E-03    5.523445748375174E-09    0.000000000000000E+00
    1.932488070350734E-03    5.282280614445622E-09    0.000000000000000E+00
    1.932488863854967E-03    4.750261332559371E-09    0.000000000000000E+00
    1.932488043310926E-03    3.890658280851910E-09    0.000000000000000E+00
    1.932485439598980E-03    2.677585417677633E-09    0.000000000000000E+00
    1.932480944263071E-03    1.096732261401282E-09    0.000000000000000E+00
    1.932474559260247E-03   -8.457753059734369E-10    0.000000000000000E+00
    1.932466359514891E-03   -3.130104837384490E-09    0.000000000000000E+00
    1.932456624730885E-03   -5.699112482823460E-09    0.000000000000000E+00
    1.932445632975717E-03   -8.495286081585791E-09    0.000000000000000E+00
    1.932434112562814E-03   -1.137828598790806E-08    0.000000000000000E+00
    1.932422377686644E-03   -1.427993391248400E-08    0.000000000000000E+00
    1.932412075591094E-03   -1.688812950488110E-08    0.000000000000000E+00
    1.932402734509279E-03   -1.926247387165399E-08    0.000000000000000E+00
    1.932398661544851E-03   -2.060288536813266E-08    0.000000000000000E+00
    1.932395271849144E-03   -2.166245142652859E-08    0.000000000000000E+00
    1.932406423222563E-03   -1.994627824384496E-08    0.000000000000000E+00
    1.932409917229246E-03   -1.918261962816897E-08    0.000000000000000E+00
    1.932457091269384E-03   -1.042528794624502E-08    0.000000000000000E+00
    1.932453120323639E-03   -9.554705857174496E-09    0.000000000000000E+00
    1.932597045256018E-03    1.670616171798153E-08    0.000000000000000E+00
    1.932504768068663E-03    5.895149690127509E-09    0.000000000000000E+00
    1.932960261015981E-03    7.972139019100927E-08    0.000000000000000E+00
    1.932375217724825E-03   -9.117683804039007E-09    0.000000000000000E+00
    1.934023244855536E-03    1.961284561781455E-07    0.000000000000000E+00
    1.931095418697357E-03   -3.163763460877977E-07    0.000000000000000E+00
    1.937312635239626E-03   -2.087282575865424E-08    0.000000000000000E+00
    1.924638843789726E-03   -2.412265958623347E-06    0.000000000000000E+00
    1.951772600448835E-03   -4.141194930985465E-06    0.000000000000000E+00
    1.548168887159773E-03    5.017030907127899E-06    0.000000000000000E+00
    1.525755465789191E-03    3.346326734886168E-06    0.000000000000000E+00
    1.538885006625576E-03    6.897857245039349E-07    0.000000000000000E+00
    1.534854318838440E-03    7.504246933066904E-07    0.000000000000000E+00
    1.537926197238489E-03    1.153898963388211E-07    0.000000000000000E+00
    1.537060386412110E-03    1.745612904353000E-07    0.000000000000000E+00
    1.537850274806334E-03    8.225761160550569E-09    0.000000000000000E+00
    1.537647752124980E-03    2.599056880566369E-08    0.000000000000000E+00
    1.537855697306932E-03   -1.840601754474190E-08    0.000000000000000E+00
    1.537812264958392E-03   -1.451533950038872E-08    0.000000000000000E+00
    1.537864301194924E-03   -2.514997489361427E-08    0.000000000000000E+00
    1.537852370492115E-03   -2.321362044116375E-08    0.000000000000000E+00
    1.537861531052311E-03   -2.448045666471658E-08    0.000000000000000E+00
    1.537852703518555E-03   -2.225759312859721E-08    0.000000000000000E+00
    1.537847599503983E-03   -2.069965137616610E-08    0.000000000000000E+00
    1.537836697503697E-03   -1.818104888688765E-08    0.000000000000000E+00
    1.537825791743239E-03   -1.583178950558780E-08    0.000000000000000E+00
    1.537812850832352E-03   -1.330167213225652E-08    0.000000000000000E+00
    1.537799673064053E-03   -1.092381691014473E-08    0.000000000000000E+00
    1.537786080212304E-03   -8.646625317640370E-09    0.000000000000000E+00
    1.537772824146580E-03   -6.580970627016730E-09    0.000000000000000E+00
    1.537760114571023E-03   -4.730480658153419E-09    0.000000000000000E+00
    1.537748343372981E-03   -3.131142521121322E-09    0.000000000000000E+00
    1.537737708442720E-03   -1.783669470454219E-09    0.000000000000000E+00
    1.537728396384379E-03   -6.900042969803470E-10    0.000000000000000E+00
    1.537720491022299E-03    1.626299610391842E-10    0.000000000000000E+00
    1.537714025770135E-03    7.911449979557515E-10    0.000000000000000E+00
    1.537708969128335E-03    1.219477190250559E-09    0.000000000000000E+00
    1.537705247128765E-03    1.474588091291592E-09    0.000000000000000E+00
    1.537702749797207E-03    1.585969150707885E-09    0.000000000000000E+00
    1.537701346588528E-03    1.583794922377674E-09    0.000000000000000E+00
    1.537700896521981E-03    1.497898369960450E-09    0.000000000000000E+00
    1.537701259069257E-03    1.356610454578606E-09    0.000000000000000E+00
    1.537702302099646E-03    1.186067857258417E-09    0.000000000000000E+00
    1.537703908208711E-03    1.009637903387822E-09    0.000000000000000E+00
    1.537705978438684E-03    8.475980654420916E-10    0.000000000000000E+00
    1.537708433854336E-03    7.169443101743613E-10    0.000000000000000E+00
    1.537711214894158E-03    6.313300046211921E-10    0.000000000000000E+00
    1.537714278864734E-03    6.010684712274170E-10    0.000000000000000E+00
    1.537717595853548E-03    6.331654622757114E-10    0.000000000000000E+00
    1.537721143488500E-03    7.313426382973316E-10    0.000000000000000E+00
    1.537724900972225E-03    8.960290237187565E-10    0.000000000000000E+00
    1.537728842865256E-03    1.124306337369098E-09    0.000000000000000E+00
    1.537732933100894E-03    1.409812062077198E-09    0.000000000000000E+00
    1.537737119706541E-03    1.742614638957433E-09    0.000000000000000E+00
    1.537741330708516E-03    2.109093964467942E-09    0.000000000000000E+00
    1.537745471619539E-03    2.491863362037057E-09    0.000000000000000E+00
    1.537749424944012E-03    2.869795066575023E-09    0.000000000000000E+00
    1.537753051875802E-03    3.218181658814702E-09    0.000000000000000E+00
    1.537756196630076E-03    3.509131919654097E-09    0.000000000000000E+00
    1.537758692989954E-03    3.712160127036497E-09    0.000000000000000E+00
    1.537760373942152E-03    3.795189485827300E-09    0.000000000000000E+00
    1.537761082256791E-03    3.725630280077243E-09    0.000000000000000E+00
    1.537760685333389E-03    3.472246407845610E-09    0.000000000000000E+00
    1.537759086262106E-03    3.006379120592771E-09    0.000000000000000E+00
    1.537756245062066E-03    2.305272053096982E-09    0.000000000000000E+00
    1.537752179928324E-03    1.351840952719140E-09    0.000000000000000E+00
    1.537747005428006E-03    1.422315421193520E-10    0.000000000000000E+00
    1.537740891568268E-03   -1.321285257479356E-09    0.000000000000000E+00
    1.537734172663572E-03   -3.008750828707141E-09    0.000000000000000E+00
    1.537727151378468E-03   -4.897531623018573E-09    0.000000000000000E+00
    1.537720497230649E-03   -6.894957806060668E-09    0.000000000000000E+00
    1.537714453620640E-03   -8.984382987268510E-09    0.000000000000000E+00
    1.537710410403376E-03   -1.092744233195759E-08    0.000000000000000E+00
    1.537707768532859E-03   -1.284528105828891E-08    0.000000000000000E+00
    1.537710181617773E-03   -1.405650585124336E-08    0.000000000000000E+00
    1.537713167310296E-03   -1.536077995409145E-08    0.000000000000000E+00
    1.537728870422618E-03   -1.449337537764220E-08    0.000000000000000E+00
    1.537736675366796E-03   -1.512294527525931E-08    0.000000000000000E+00
    1.537782589663557E-03   -8.862880698342831E-09    0.000000000000000E+00
    1.537779892873084E-03   -1.107507059354958E-08    0.000000000000000E+00
    1.537908681374873E-03    9.972334051190379E-09    0.000000000000000E+00
    1.537819657558423E-03   -5.955190051205011E-09    0.000000000000000E+00
    1.538224170120315E-03    5.951261923811318E-08    0.000000000000000E+00
    1.537676990744393E-03   -3.448235477473007E-08    0.000000000000000E+00
    1.539163306666069E-03    1.706039383227188E-07    0.000000000000000E+00
    1.536442553893625E-03   -3.273798487758010E-07    0.000000000000000E+00
    1.542069297589132E-03    5.235645683215423E-08    0.000000000000000E+00
    1.530020344993673E-03   -2.345654299883913E-06    0.000000000000000E+00
    1.554852336286419E-03   -4.066948173681115E-06    0.000000000000000E+00
    1.132351997564706E-03    4.169931538235515E-06    0.000000000000000E+00
    1.113027756226996E-03    2.657899858605775E-06    0.000000000000000E+00
    1.124662213239542E-03    3.156343058559123E-07    0.000000000000000E+00
    1.121126595372915E-03    5.306406902388803E-07    0.000000000000000E+00
    1.123702572530467E-03    2.487430191728805E-08    0.000000000000000E+00
    1.122920956177071E-03    1.165400224122437E-07    0.000000000000000E+00
    1.123565956208665E-03   -1.082916440623129E-08    0.000000000000000E+00
    1.123374706018801E-03    1.596575957407711E-08    0.000000000000000E+00
    1.123542553944685E-03   -1.724052926042009E-08    0.000000000000000E+00
    1.123501009223584E-03   -1.039835810814527E-08    0.000000000000000E+00
    1.123544918104382E-03   -1.791483985706584E-08    0.000000000000000E+00
    1.123537127289699E-03   -1.528949100161579E-08    0.000000000000000E+00
    1.123549249396884E-03   -1.600195114783998E-08    0.000000000000000E+00
    1.123547338880574E-03   -1.400806428017273E-08    0.000000000000000E+00
    1.123549367436475E-03   -1.281668782288843E-08    0.000000000000000E+00
    1.123546784800735E-03   -1.093704924859341E-08    0.000000000000000E+00
    1.123544176195817E-03   -9.304580509844252E-09    0.000000000000000E+00
    1.123539529861619E-03   -7.578645002852189E-09    0.000000000000000E+00
    1.123534164288626E-03   -6.020945729818863E-09    0.000000000000000E+00
    1.123527777302565E-03   -4.563884550060235E-09    0.000000000000000E+00
    1.123520916443563E-03   -3.284600404844046E-09    0.000000000000000E+00
    1.123513719110684E-03   -2.170416003382268E-09    0.000000000000000E+00
    1.123506522252633E-03   -1.239761188993970E-09    0.000000000000000E+00
    1.123499534060926E-03   -4.835278011637574E-10    0.000000000000000E+00
    1.123492981216971E-03    1.033241885539330E-10    0.000000000000000E+00
    1.123487022660808E-03    5.356757940847372E-10    0.000000000000000E+00
    1.123481786275895E-03    8.292773356512411E-10    0.000000000000000E+00
    1.123477349267605E-03    1.003525604252579E-09    0.000000000000000E+00
    1.123473751365177E-03    1.078359179426510E-09    0.000000000000000E+00
    1.123470994926924E-03    1.074213652448455E-09    0.000000000000000E+00
    1.123469054218899E-03    1.010853329408271E-09    0.000000000000000E+00
    1.123467881322671E-03    9.069374727088168E-10    0.000000000000000E+00
    1.123467413784333E-03    7.794255560032340E-10    0.000000000000000E+00
    1.123467580718995E-03    6.433516905393974E-10    0.000000000000000E+00
    1.123468308367328E-03    5.116522484909378E-10    0.000000000000000E+00
    1.123469524148026E-03    3.951641483811407E-10    0.000000000000000E+00
    1.123471159400300E-03    3.026825325078312E-10    0.000000000000000E+00
    1.123473150660844E-03    2.410816802370833E-10    0.000000000000000E+00
    1.123475439669631E-03    2.154502515199753E-10    0.000000000000000E+00
    1.123477972243191E-03    2.292162629475086E-10    0.000000000000000E+00
    1.123480696320693E-03    2.842339698770785E-10    0.000000000000000E+00
    1.123483559498442E-03    3.808169849016154E-10    0.000000000000000E+00
    1.123486506415271E-03    5.177072496931188E-10    0.000000000000000E+00
    1.123489476362631E-03    6.919820913863682E-10    0.000000000000000E+00
    1.123492401477932E-03    8.989077134763868E-10    0.000000000000000E+00
    1.123495205866105E-03    1.131761528693726E-09    0.000000000000000E+00
    1.123497805905294E-03    1.381646591004384E-09    0.000000000000000E+00
    1.123500111996877E-03    1.637343135661377E-09    0.000000000000000E+00
    1.123502031771385E-03    1.885217326931779E-09    0.000000000000000E+00
    1.123503474962246E-03    2.109267023799375E-09    0.000000000000000E+00
    1.123504359409041E-03    2.291267026772593E-09    0.000000000000000E+00
    1.123504618750226E-03    2.411207188582227E-09    0.000000000000000E+00
    1.123504209809256E-03    2.447739507198350E-09    0.000000000000000E+00
    1.123503122337482E-03    2.379264255178556E-09    0.000000000000000E+00
    1.123501384187348E-03    2.184442005615102E-09    0.000000000000000E+00
    1.123499073727713E-03    1.844521094043373E-09    0.000000000000000E+00
    1.123496313884553E-03    1.342640726978560E-09    0.000000000000000E+00
    1.123493296451269E-03    6.699061810873411E-10    0.000000000000000E+00
    1.123490238730603E-03   -1.811709423951658E-10    0.000000000000000E+00
    1.123487466322497E-03   -1.198356216880080E-09    0.000000000000000E+00
    1.123485236565574E-03   -2.380219477924535E-09    0.000000000000000E+00
    1.123484068782377E-03   -3.669273815976371E-09    0.000000000000000E+00
    1.123484061485236E-03   -5.078745874072203E-09    0.000000000000000E+00
    1.123486224742692E-03   -6.434512456197767E-09    0.000000000000000E+00
    1.123489806805374E-03   -7.880175509226594E-09    0.000000000000000E+00
    1.123497605936850E-03   -8.868383820386628E-09    0.000000000000000E+00
    1.123505425847070E-03   -1.014856793814721E-08    0.000000000000000E+00
    1.123523162792946E-03   -9.809278526808556E-09    0.000000000000000E+00
    1.123532746701230E-03   -1.113884142559046E-08    0.000000000000000E+00
    1.123572863957178E-03   -6.881111084061437E-09    0.000000000000000E+00
    1.123568938261796E-03   -1.064541420294466E-08    0.000000000000000E+00
    1.123673931417618E-03    5.332791742181217E-09    0.000000000000000E+00
    1.123589782411442E-03   -1.213399742545596E-08    0.000000000000000E+00
    1.123922402556027E-03    4.236648108084195E-08    0.000000000000000E+00
    1.123436270317370E-03   -4.644568235996034E-08    0.000000000000000E+00
    1.124691671068914E-03    1.421555523113358E-07    0.000000000000000E+00
    1.122319696255970E-03   -2.973012638185564E-07    0.000000000000000E+00
    1.127090450347310E-03    1.243862148118641E-07    0.000000000000000E+00
    1.116345647456422E-03   -2.047711361158755E-06    0.000000000000000E+00
    1.137518765240249E-03   -3.609293433705141E-06    0.000000000000000E+00
    6.962157736230975E-04    2.901188843564360E-06    0.000000000000000E+00
    6.818959692463331E-04    1.766986119992845E-06    0.000000000000000E+00
    6.908010672478386E-04    5.538676116937842E-08    0.000000000000000E+00
    6.880754212830766E-04    3.209439681990674E-07    0.000000000000000E+00
    6.899324124704762E-04   -2.084887231600420E-08    0.000000000000000E+00
    6.893170769554005E-04    6.753049265557822E-08    0.000000000000000E+00
    6.897664790798221E-04   -1.564844931622427E-08    0.000000000000000E+00
    6.896082762106160E-04    9.481501908332770E-09    0.000000000000000E+00
    6.897223205399338E-04   -1.200911208595380E-08    0.000000000000000E+00
    6.896853749745724E-04   -5.365482706552160E-09    0.000000000000000E+00
    6.897150016807180E-04   -1.007038953918990E-08    0.000000000000000E+00
    6.897088624901049E-04   -7.811595516628900E-09    0.000000000000000E+00
    6.897192669698126E-04   -8.250914492598368E-09    0.000000000000000E+00
    6.897207178859643E-04   -6.892328382074128E-09    0.000000000000000E+00
    6.897260973765860E-04   -6.223876861301425E-09    0.000000000000000E+00
    6.897287472351893E-04   -5.123156102436461E-09    0.000000000000000E+00
    6.897317535433261E-04   -4.242762126790703E-09    0.000000000000000E+00
    6.897333650534950E-04   -3.315726139066681E-09    0.000000000000000E+00
    6.897343310305777E-04   -2.516696714220143E-09    0.000000000000000E+00
    6.897342459769133E-04   -1.784735401917350E-09    0.000000000000000E+00
    6.897333751266359E-04   -1.166113488844146E-09    0.000000000000000E+00
    6.897317238855271E-04   -6.442188993129626E-10    0.000000000000000E+00
    6.897294856676931E-04   -2.268694789381863E-10    0.000000000000000E+00
    6.897267956852548E-04    9.621228325775827E-11    0.000000000000000E+00
    6.897238345126311E-04    3.306638962680546E-10    0.000000000000000E+00
    6.897207584101073E-04    4.876869706087117E-10    0.000000000000000E+00
    6.897177199267566E-04    5.777510430737893E-10    0.000000000000000E+00
    6.897148469706225E-04    6.127974113067858E-10    0.000000000000000E+00
    6.897122465315887E-04    6.042402801807929E-10    0.000000000000000E+00
    6.897099991945575E-04    5.631703883586817E-10    0.000000000000000E+00
    6.897081612295752E-04    4.997308481005077E-10    0.000000000000000E+00
    6.897067652339016E-04    4.230407762212437E-10    0.000000000000000E+00
    6.897058230312628E-04    3.409656882246986E-10    0.000000000000000E+00
    6.897053283992089E-04    2.601247320187654E-10    0.000000000000000E+00
    6.897052603124320E-04    1.859065388782615E-10    0.000000000000000E+00
    6.897055858892710E-04    1.225793693105263E-10    0.000000000000000E+00
    6.897062631541048E-04    7.341757099337391E-11    0.000000000000000E+00
    6.897072432862617E-04    4.084848769227205E-11    0.000000000000000E+00
    6.897084724513246E-04    2.659319809655684E-11    0.000000000000000E+00
    6.897098931713933E-04    3.178648712963615E-11    0.000000000000000E+00
    6.897114453700150E-04    5.705875373528696E-11    0.000000000000000E+00
    6.897130672271270E-04    1.025727997454201E-10    0.000000000000000E+00
    6.897146960096856E-04    1.680096700368064E-10    0.000000000000000E+00
    6.897162690578172E-04    2.525042369991467E-10    0.000000000000000E+00
    6.897177250874258E-04    3.545344451039427E-10    0.000000000000000E+00
    6.897190059506203E-04    4.717766015251751E-10    0.000000000000000E+00
    6.897200589169618E-04    6.009382486002868E-10    0.000000000000000E+00
    6.897208395312198E-04    7.375949045481997E-10    0.000000000000000E+00
    6.897213149160314E-04    8.760408826604223E-10    0.000000000000000E+00
    6.897214675128496E-04    1.009205066740163E-09    0.000000000000000E+00
    6.897212987448529E-04    1.128600647025593E-09    0.000000000000000E+00
    6.897208328839415E-04    1.224446765930199E-09    0.000000000000000E+00
    6.897201195967230E-04    1.285759681236778E-09    0.000000000000000E+00
    6.897192370633535E-04    1.300872310484122E-09    0.000000000000000E+00
    6.897182906431122E-04    1.257508630883070E-09    0.000000000000000E+00
    6.897174159122149E-04    1.144152477895337E-09    0.000000000000000E+00
    6.897167673674152E-04    9.492441779831868E-10    0.000000000000000E+00
    6.897165290977602E-04    6.652302087439801E-10    0.000000000000000E+00
    6.897168756072668E-04    2.835198284236474E-10    0.000000000000000E+00
    6.897180257773754E-04   -1.925579973875591E-10    0.000000000000000E+00
    6.897201066532681E-04   -7.700673415291772E-10    0.000000000000000E+00
    6.897233925969620E-04   -1.418365085400183E-09    0.000000000000000E+00
    6.897277986657489E-04   -2.160999564578953E-09    0.000000000000000E+00
    6.897338638156229E-04   -2.889198910328040E-09    0.000000000000000E+00
    6.897407799096605E-04   -3.727848502286936E-09    0.000000000000000E+00
    6.897503155647641E-04   -4.305530428613664E-09    0.000000000000000E+00
    6.897590427735834E-04   -5.196322675238323E-09    0.000000000000000E+00
    6.897739089773824E-04   -5.047386015641255E-09    0.000000000000000E+00
    6.897811823706994E-04   -6.301807169945691E-09    0.000000000000000E+00
    6.898090970612862E-04   -3.715175770201761E-09    0.000000000000000E+00
    6.898021322194206E-04   -7.296316229252035E-09    0.000000000000000E+00
    6.898727917174542E-04    3.140641870036847E-09    0.000000000000000E+00
    6.898011173250273E-04   -1.136643403842564E-08    0.000000000000000E+00
    6.900344295414454E-04    2.710791058743602E-08    0.000000000000000E+00
    6.896561784536984E-04   -4.154754903332427E-08    0.000000000000000E+00
    6.905730091519778E-04    1.020770470837151E-07    0.000000000000000E+00
    6.887885255575256E-04   -2.180254504491640E-07    0.000000000000000E+00
    6.922863962553422E-04    1.509556557504155E-07    0.000000000000000E+00
    6.840180973727725E-04   -1.458425445980092E-06    0.000000000000000E+00
    6.995010913609382E-04   -2.622190590415612E-06    0.000000000000000E+00
    2.392368410117141E-04    1.068442792627959E-06    0.000000000000000E+00
    2.329487899765433E-04    6.301831522633361E-07    0.000000000000000E+00
    2.370725258576795E-04   -1.909068836670135E-08    0.000000000000000E+00
    2.357594397312718E-04    1.080176795633843E-07    0.000000000000000E+00
    2.365646212383585E-04   -1.628863830349220E-08    0.000000000000000E+00
    2.362685181174203E-04    2.216655863557384E-08    0.000000000000000E+00
    2.364498678132204E-04   -7.537452657108272E-09    0.000000000000000E+00
    2.363683506989060E-04    3.215330847458123E-09    0.000000000000000E+00
    2.364107048281456E-04   -4.391516276646202E-09    0.000000000000000E+00
    2.363871721308687E-04   -1.505935077793070E-09    0.000000000000000E+00
    2.363954173684931E-04   -3.129249909267116E-09    0.000000000000000E+00
    2.363891223109273E-04   -2.190575212028797E-09    0.000000000000000E+00
    2.363915294964435E-04   -2.339206359273778E-09    0.000000000000000E+00
    2.363911863152596E-04   -1.843139473282231E-09    0.000000000000000E+00
    2.363936882148847E-04   -1.635341890455291E-09    0.000000000000000E+00
    2.363959133365245E-04   -1.280226689522294E-09    0.000000000000000E+00
    2.363990709241961E-04   -1.019546698142937E-09    0.000000000000000E+00
    2.364021974710557E-04   -7.469707258478224E-10    0.000000000000000E+00
    2.364054440614728E-04   -5.249120714276949E-10    0.000000000000000E+00
    2.364084522226177E-04   -3.270324533123728E-10    0.000000000000000E+00
    2.364111770303289E-04   -1.682833189839983E-10    0.000000000000000E+00
    2.364134787287268E-04   -4.032622993637449E-11    0.000000000000000E+00
    2.364153268829287E-04    5.537053977539196E-11    0.000000000000000E+00
    2.364166929529753E-04    1.236809302328318E-10    0.000000000000000E+00
    2.364175968397614E-04    1.672359468647861E-10    0.000000000000000E+00
    2.364180744290921E-04    1.903435604693721E-10    0.000000000000000E+00
    2.364181840395455E-04    1.966635301815515E-10    0.000000000000000E+00
    2.364179933224282E-04    1.901055997215730E-10    0.000000000000000E+00
    2.364175765620605E-04    1.741468648939034E-10    0.000000000000000E+00
    2.364170076379064E-04    1.519801956685168E-10    0.000000000000000E+00
    2.364163563878094E-04    1.263386245300104E-10    0.000000000000000E+00
    2.364156847195434E-04    9.952844780710518E-11    0.000000000000000E+00
    2.364150442919388E-04    7.339361674254109E-11    0.000000000000000E+00
    2.364144748269904E-04    4.935973852472136E-11    0.000000000000000E+00
    2.364140034572033E-04    2.847286804058310E-11    0.000000000000000E+00
    2.364136447697993E-04    1.146533441749683E-11    0.000000000000000E+00
    2.364134015897319E-04   -1.180308754866987E-12    0.000000000000000E+00
    2.364132662779916E-04   -9.165266530399725E-12    0.000000000000000E+00
    2.364132224988863E-04   -1.231416382738694E-11    0.000000000000000E+00
    2.364132473391495E-04   -1.052559038070877E-11    0.000000000000000E+00
    2.364133136853559E-04   -3.738862158957518E-12    0.000000000000000E+00
    2.364133927670388E-04    8.081990200531179E-12    0.000000000000000E+00
    2.364134567900055E-04    2.494526539324240E-11    0.000000000000000E+00
    2.364134815737238E-04    4.680956501190414E-11    0.000000000000000E+00
    2.364134490991269E-04    7.354366906496179E-11    0.000000000000000E+00
    2.364133498669973E-04    1.048717609329321E-10    0.000000000000000E+00
    2.364131849407460E-04    1.403066580745503E-10    0.000000000000000E+00
    2.364129675588500E-04    1.790788597591081E-10    0.000000000000000E+00
    2.364127241312060E-04    2.200648375311902E-10    0.000000000000000E+00
    2.364124945757317E-04    2.617301626042313E-10    0.000000000000000E+00
    2.364123316788545E-04    3.020745873067522E-10    0.000000000000000E+00
    2.364122996701793E-04    3.386317804597957E-10    0.000000000000000E+00
    2.364124713782894E-04    3.684455312098177E-10    0.000000000000000E+00
    2.364129250305456E-04    3.881972506837241E-10    0.000000000000000E+00
    2.364137386461509E-04    3.941546539168411E-10    0.000000000000000E+00
    2.364149862743767E-04    3.826041312915021E-10    0.000000000000000E+00
    2.364167280810055E-04    3.494564594946104E-10    0.000000000000000E+00
    2.364190109235188E-04    2.916817578614632E-10    0.000000000000000E+00
    2.364218478080827E-04    2.053110071979914E-10    0.000000000000000E+00
    2.364252402582450E-04    9.026526356064038E-11    0.000000000000000E+00
    2.364291178240766E-04   -5.816991070577943E-11    0.000000000000000E+00
    2.364334471887801E-04   -2.311613620030299E-10    0.000000000000000E+00
    2.364380108646340E-04   -4.412084214698177E-10    0.000000000000000E+00
    2.364428529621716E-04   -6.514234706907010E-10    0.000000000000000E+00
    2.364474098400572E-04   -9.144178362192669E-10    0.000000000000000E+00
    2.364522683898800E-04   -1.095348342546509E-09    0.000000000000000E+00
    2.364557138088571E-04   -1.419608565729163E-09    0.000000000000000E+00
    2.364606858263758E-04   -1.381270434322912E-09    0.000000000000000E+00
    2.364609034629090E-04   -1.921562139698722E-09    0.000000000000000E+00
    2.364689298437792E-04   -1.053355921027215E-09    0.000000000000000E+00
    2.364599795153035E-04   -2.608432922006550E-09    0.000000000000000E+00
    2.364838517962742E-04    1.092174529983107E-09    0.000000000000000E+00
    2.364432289860728E-04   -4.852596963900397E-09    0.000000000000000E+00
    2.365384786676057E-04    9.498683979967469E-09    0.000000000000000E+00
    2.363549330454529E-04   -1.754935108971539E-08    0.000000000000000E+00
    2.367575630823172E-04    3.840999800395297E-08    0.000000000000000E+00
    2.359559285096612E-04   -8.356351548794260E-08    0.000000000000000E+00
    2.374876142727572E-04    7.317436184210935E-08    0.000000000000000E+00
    2.336723853295665E-04   -5.444994028196069E-07    0.000000000000000E+00
    2.404115237835330E-04   -9.932904980089071E-07    0.000000000000000E+00
SCALARS temperature double 1
LOOKUP_TABLE default
    3.000000000000000E+02
    3.000000000000000E+02
    2.999999999999999E+02
    3.000000000000000E+02
    3.000000000000001E+02
    3.000000000000001E+02
    3.000000000000001E+02
    3.000000000000002E+02
    3.000000000000001E+02
    3.000000000000001E+02
    3.000000000000001E+02
    2.999999999999999E+02
    3.000000000000001E+02
    3.000000000000001E+02
    3.000000000000001E+02
    3.000000000000002E+02
    3.000000000000001E+02
    3.000000000000002E+02
    3.000000000000001E+02
    3.000000000000001E+02
    3.000000000000000E+02
    3.000000000000001E+02
    3.000000000000000E+02
    2.999999999999999E+02
    2.999999999999999E+02
    2.999999999999999E+02
    2.999999999999999E+02
    2.999999999999998E+02
    2.999999999999998E+02
    2.999999999999998E+02
    2.999999999999998E+02
    2.999999999999998E+02
    2.999999999999999E+02
    3.000000000000001E+02
    3.000000000000002E+02
    3.000000000000003E+02
    3.000000000000003E+02
    3.000000000000002E+02
    3.000000000000002E+02
    3.000000000000001E+02
    3.000000000000001E+02
    3.000000000000001E+02
    3.000000000000000E+02
    3.000000000000000E+02
    3.000000000000000E+02
    3.000000000000001E+02
    3.000000000000001E+02
    3.000000000000002E+02
    3.000000000000001E+02
    3.000000000000001E+02
    3.000000000000000E+02
    3.000000000000000E+02
    2.999999999999999E+02
    2.999999999999998E+02
    2.999999999999999E+02
    2.999999999999998E+02
    2.999999999999998E+02
    2.999999999999999E+02
    2.999999999999999E+02
    2.999999999999999E+02
    2.999999999999999E+02
    3.000000000000000E+02
    2.999999999999999E+02
    3.000000000000001E+02
    3.000000000000002E+02
    3.000000000000002E+02
    3.000000000000001E+02
    3.000000000000001E+02
    3.000000000000001E+02
    3.000000000000001E+02
    3.000000000000001E+02
    3.000000000000001E+02
    3.000000000000001E+02
    3.000000000000002E+02
    3.000000000000002E+02
    3.000000000000001E+02
    3.000000000000000E+02
    3.000000000000001E+02
    3.000000000000000E+02
    3.000000000000001E+02
    3.000000000000000E+02
    3.000000000000001E+02
    2.999999999999999E+02
    2.999999999999999E+02
    3.000000000000000E+02
    3.000000000000001E+02
    3.000000000000001E+02
    3.000000000000001E+02
    3.000000000000001E+02
    3.000000000000001E+02
    3.000000000000001E+02
    3.000000000000002E+02
    3.000000000000001E+02
    3.000000000000001E+02
    3.000000000000001E+02
    3.000000000000002E+02
    3.000000000000002E+02
    3.000000000000001E+02
    3.000000000000001E+02
    3.000000000000001E+02
    3.000000000000001E+02
    3.000000000000001E+02
    3.000000000000001E+02
    3.000000000000001E+02
    3.000000000000001E+02
    3.000000000000001E+02
    3.000000000000001E+02
    3.000000000000002E+02
    3.000000000000002E+02
    3.000000000000002E+02
    3.000000000000002E+02
    3.000000000000001E+02
    3.000000000000000E+02
    2.999999999999999E+02
    3.000000000000001E+02
    3.000000000000002E+02
    3.000000000000000E+02
    2.999999999999999E+02
    2.999999999999999E+02
    2.999999999999999E+02
    2.999999999999999E+02
    2.999999999999997E+02
    2.999999999999997E+02
    2.999999999999997E+02
    2.999999999999997E+02
    2.999999999999997E+02
    2.999999999999997E+02
    2.999999999999997E+02
    2.999999999999998E+02
    2.999999999999998E+02
    2.999999999999998E+02
    2.999999999999998E+02
    2.999999999999998E+02
    2.999999999999998E+02
    2.999999999999998E+02
    2.999999999999999E+02
    2.999999999999999E+02
    3.000000000000001E+02
    3.000000000000001E+02
    3.000000000000001E+02
    3.000000000000001E+02
    3.000000000000000E+02
    2.999999999999999E+02
    2.999999999999999E+02
    3.000000000000000E+02
    2.999999999999999E+02
    2.999999999999999E+02
    2.999999999999999E+02
    2.999999999999999E+02
    2.999999999999999E+02
    3.000000000000001E+02
    3.000000000000002E+02
    3.000000000000002E+02
    3.000000000000002E+02
    3.000000000000002E+02
    3.000000000000001E+02
    3.000000000000001E+02
    3.000000000000001E+02
    3.000000000000001E+02
    3.000000000000000E+02
    3.000000000000000E+02
    3.000000000000000E+02
    3.000000000000000E+02
    3.000000000000000E+02
    3.000000000000000E+02
    2.999999999999999E+02
    3.000000000000000E+02
    3.000000000000001E+02
    3.000000000000001E+02
    3.000000000000001E+02
    3.000000000000002E+02
    3.000000000000001E+02
    3.000000000000002E+02
    3.000000000000001E+02
    3.000000000000000E+02
    3.000000000000001E+02
    3.000000000000001E+02
    3.000000000000001E+02
    3.000000000000000E+02
    2.999999999999999E+02
    2.999999999999999E+02
    2.999999999999999E+02
    2.999999999999999E+02
    3.000000000000000E+02
    3.000000000000000E+02
    2.999999999999999E+02
    2.999999999999999E+02
    3.000000000000000E+02
    3.000000000000001E+02
    3.000000000000000E+02
    3.000000000000001E+02
    2.999999999999999E+02
    2.999999999999999E+02
    3.000000000000001E+02
    3.000000000000000E+02
    3.000000000000000E+02
    2.999999999999999E+02
    2.999999999999998E+02
    2.999999999999998E+02
    2.999999999999998E+02
    2.999999999999998E+02
    2.999999999999998E+02
    2.999999999999997E+02
    2.999999999999998E+02
    2.999999999999998E+02
    2.999999999999998E+02
    2.999999999999999E+02
    2.999999999999998E+02
    2.999999999999998E+02
    2.999999999999997E+02
    2.999999999999997E+02
    2.999999999999999E+02
    3.000000000000000E+02
    3.000000000000000E+02
    3.000000000000000E+02
    3.000000000000000E+02
    2.999999999999999E+02
    2.999999999999999E+02
    2.999999999999999E+02
    2.999999999999999E+02
    2.999999999999999E+02
    2.999999999999999E+02
    2.999999999999999E+02
    2.999999999999999E+02
    2.999999999999999E+02
    2.999999999999999E+02
    2.999999999999999E+02
    2.999999999999999E+02
    2.999999999999999E+02
    2.999999999999998E+02
    2.999999999999998E+02
    2.999999999999998E+02
    2.999999999999998E+02
    2.999999999999997E+02
    2.999999999999998E+02
    2.999999999999998E+02
    2.999999999999998E+02
    2.999999999999999E+02
    2.999999999999998E+02
    2.999999999999999E+02
    3.000000000000000E+02
    3.000000000000000E+02
    3.000000000000001E+02
    3.000000000000001E+02
    3.000000000000001E+02
    3.000000000000001E+02
    3.000000000000001E+02
    3.000000000000001E+02
    3.000000000000001E+02
    3.000000000000001E+02
    3.000000000000002E+02
    3.000000000000002E+02
    3.000000000000001E+02
    3.000000000000001E+02
    3.000000000000001E+02
    3.000000000000002E+02
    3.000000000000001E+02
    3.000000000000002E+02
    3.000000000000001E+02
    3.000000000000002E+02
    3.000000000000002E+02
    3.000000000000001E+02
    3.000000000000001E+02
    3.000000000000002E+02
    3.000000000000001E+02
    3.000000000000001E+02
    2.999999999999999E+02
    2.999999999999999E+02
    2.999999999999999E+02
    2.999999999999999E+02
    2.999999999999999E+02
    3.000000000000000E+02
    3.000000000000001E+02
    3.000000000000002E+02
    3.000000000000002E+02
    3.000000000000002E+02
    3.000000000000002E+02
    3.000000000000002E+02
    3.000000000000002E+02
    3.000000000000002E+02
    3.000000000000002E+02
    3.000000000000001E+02
    3.000000000000002E+02
    3.000000000000002E+02
    3.000000000000002E+02
    3.000000000000001E+02
    3.000000000000001E+02
    2.999999999999999E+02
    2.999999999999999E+02
    3.000000000000001E+02
    3.000000000000001E+02
    3.000000000000002E+02
    3.000000000000002E+02
    3.000000000000001E+02
    3.000000000000001E+02
    3.000000000000001E+02
    3.000000000000000E+02
    3.000000000000001E+02
    3.000000000000000E+02
    2.999999999999999E+02
    2.999999999999998E+02
    2.999999999999999E+02
    2.999999999999999E+02
    2.999999999999999E+02
    2.999999999999999E+02
    3.000000000000000E+02
    3.000000000000001E+02
    3.000000000000001E+02
    2.999999999999999E+02
    3.000000000000001E+02
    3.000000000000000E+02
    3.000000000000000E+02
    3.000000000000000E+02
    3.000000000000001E+02
    3.000000000000001E+02
    3.000000000000001E+02
    3.000000000000000E+02
    3.000000000000000E+02
    3.000000000000001E+02
    3.000000000000001E+02
    3.000000000000000E+02
    3.000000000000001E+02
    3.000000000000001E+02
    3.000000000000001E+02
    3.000000000000001E+02
    3.000000000000000E+02
    3.000000000000001E+02
    3.000000000000001E+02
    3.000000000000000E+02
    2.999999999999999E+02
    2.999999999999999E+02
    3.000000000000001E+02
    3.000000000000000E+02
    2.999999999999999E+02
    2.999999999999999E+02
    2.999999999999999E+02
    2.999999999999999E+02
    2.999999999999999E+02
    2.999999999999999E+02
    2.999999999999999E+02
    2.999999999999998E+02
    2.999999999999998E+02
    2.999999999999999E+02
    2.999999999999999E+02
    3.000000000000000E+02
    2.999999999999999E+02
    2.999999999999999E+02
    2.999999999999999E+02
    2.999999999999999E+02
    2.999999999999999E+02
    2.999999999999999E+02
    2.999999999999999E+02
    2.999999999999999E+02
    2.999999999999999E+02
    3.000000000000000E+02
    3.000000000000001E+02
    3.000000000000002E+02
    3.000000000000001E+02
    3.000000000000001E+02
    3.000000000000001E+02
    3.000000000000000E+02
    3.000000000000001E+02
    3.000000000000001E+02
    3.000000000000001E+02
    3.000000000000001E+02
    3.000000000000001E+02
    3.000000000000002E+02
    3.000000000000002E+02
    3.000000000000002E+02
    3.000000000000001E+02
    3.000000000000002E+02
    3.000000000000002E+02
    3.000000000000001E+02
    3.000000000000002E+02
    3.000000000000000E+02
    2.999999999999999E+02
    2.999999999999999E+02
    3.000000000000000E+02
    3.000000000000000E+02
    3.000000000000001E+02
    3.000000000000001E+02
    3.000000000000001E+02
    3.000000000000002E+02
    3.000000000000002E+02
    3.000000000000002E+02
    3.000000000000002E+02
    3.000000000000002E+02
    3.000000000000002E+02
    3.000000000000002E+02
    3.000000000000002E+02
    3.000000000000001E+02
    3.000000000000002E+02
    3.000000000000000E+02
    3.000000000000000E+02
    3.000000000000000E+02
    3.000000000000000E+02
    2.999999999999999E+02
    2.999999999999999E+02
    2.999999999999998E+02
    2.999999999999998E+02
    3.000000000000001E+02
    3.000000000000001E+02
    2.999999999999999E+02
    2.999999999999999E+02
    2.999999999999999E+02
    2.999999999999999E+02
    2.999999999999998E+02
    2.999999999999998E+02
    2.999999999999999E+02
    2.999999999999999E+02
    2.999999999999999E+02
    2.999999999999999E+02
    2.999999999999999E+02
    2.999999999999999E+02
    3.000000000000000E+02
    3.000000000000001E+02
    3.000000000000001E+02
    3.000000000000001E+02
    2.999999999999999E+02
    3.000000000000000E+02
    2.999999999999999E+02
    2.999999999999999E+02
    2.999999999999999E+02
    2.999999999999999E+02
    3.000000000000000E+02
    3.000000000000000E+02
    3.000000000000000E+02
    3.000000000000001E+02
    3.000000000000001E+02
    3.000000000000001E+02
    3.000000000000001E+02
    3.000000000000001E+02
    3.000000000000001E+02
    3.000000000000001E+02
    3.000000000000001E+02
    3.000000000000002E+02
    3.000000000000001E+02
    3.000000000000001E+02
    3.000000000000001E+02
    3.000000000000000E+02
    3.000000000000000E+02
    2.999999999999999E+02
    3.000000000000001E+02
    3.000000000000001E+02
    3.000000000000001E+02
    3.000000000000000E+02
    3.000000000000000E+02
    2.999999999999999E+02
    3.000000000000000E+02
    3.000000000000000E+02
    3.000000000000000E+02
    3.000000000000000E+02
    2.999999999999998E+02
    2.999999999999998E+02
    2.999999999999998E+02
    2.999999999999998E+02
    2.999999999999999E+02
    2.999999999999999E+02
    2.999999999999998E+02
    2.999999999999998E+02
    2.999999999999999E+02
    3.000000000000000E+02
    3.000000000000000E+02
    3.000000000000000E+02
    3.000000000000000E+02
    3.000000000000001E+02
    3.000000000000001E+02
    3.000000000000001E+02
    3.000000000000001E+02
    3.000000000000001E+02
    3.000000000000002E+02
    3.000000000000002E+02
    3.000000000000002E+02
    3.000000000000002E+02
    3.000000000000001E+02
    3.000000000000001E+02
    3.000000000000002E+02
    3.000000000000002E+02
    3.000000000000002E+02
    3.000000000000002E+02
    3.000000000000000E+02
    3.000000000000000E+02
    3.000000000000000E+02
    3.000000000000001E+02
    3.000000000000000E+02
    3.000000000000000E+02
    2.999999999999999E+02
    2.999999999999999E+02
    2.999999999999998E+02
    2.999999999999998E+02
    2.999999999999999E+02
    2.999999999999998E+02
    2.999999999999998E+02
    2.999999999999998E+02
    2.999999999999999E+02
    3.000000000000001E+02
    2.999999999999999E+02
    2.999999999999999E+02
    3.000000000000000E+02
    3.000000000000000E+02
    2.999999999999999E+02
    3.000000000000000E+02
    3.000000000000000E+02
    3.000000000000001E+02
    3.000000000000001E+02
    3.000000000000001E+02
    3.000000000000001E+02
    3.000000000000000E+02
    3.000000000000000E+02
    3.000000000000001E+02
    3.000000000000001E+02
    3.000000000000001E+02
    3.000000000000000E+02
    2.999999999999999E+02
    2.999999999999999E+02
    2.999999999999999E+02
    2.999999999999999E+02
    3.000000000000000E+02
    3.000000000000000E+02
    2.999999999999999E+02
    2.999999999999999E+02
    3.000000000000000E+02
    2.999999999999999E+02
    2.999999999999999E+02
    2.999999999999999E+02
    2.999999999999999E+02
    2.999999999999999E+02
    2.999999999999999E+02
    2.999999999999999E+02
    2.999999999999999E+02
    3.000000000000000E+02
    2.999999999999999E+02
    2.999999999999998E+02
    2.999999999999998E+02
    2.999999999999999E+02
    3.000000000000000E+02
    3.000000000000002E+02
    3.000000000000003E+02
    3.000000000000003E+02
    3.000000000000002E+02
    3.000000000000003E+02
    3.000000000000002E+02
    3.000000000000002E+02
    3.000000000000002E+02
    3.000000000000002E+02
    3.000000000000001E+02
    3.000000000000001E+02
    3.000000000000001E+02
    2.999999999999999E+02
    2.999999999999998E+02
    2.999999999999998E+02
    2.999999999999998E+02
    2.999999999999998E+02
    2.999999999999997E+02
    2.999999999999997E+02
    2.999999999999997E+02
    2.999999999999997E+02
    2.999999999999998E+02
    2.999999999999997E+02
    2.999999999999997E+02
    3.000000000000000E+02
    3.000000000000001E+02
    3.000000000000001E+02
    3.000000000000001E+02
    3.000000000000001E+02
    3.000000000000001E+02
    3.000000000000001E+02
    3.000000000000001E+02
    3.000000000000001E+02
    2.999999999999999E+02
    2.999999999999999E+02
    2.999999999999998E+02
    2.999999999999998E+02
    2.999999999999999E+02
    2.999999999999999E+02
    2.999999999999999E+02
    2.999999999999999E+02
    2.999999999999999E+02
    2.999999999999999E+02
    3.000000000000001E+02
    2.999999999999999E+02
    2.999999999999999E+02
    3.000000000000000E+02
    3.000000000000001E+02
    3.000000000000001E+02
    3.000000000000002E+02
    3.000000000000001E+02
    3.000000000000001E+02
    3.000000000000001E+02
    3.000000000000000E+02
    2.999999999999999E+02
    2.999999999999999E+02
    3.000000000000000E+02
    3.000000000000001E+02
    3.000000000000001E+02
    3.000000000000001E+02
    3.000000000000002E+02
    3.000000000000003E+02
    3.000000000000003E+02
    3.000000000000003E+02
    3.000000000000003E+02
    3.000000000000003E+02
    3.000000000000002E+02
    3.000000000000002E+02
    3.000000000000002E+02
    3.000000000000001E+02
    3.000000000000001E+02
    3.000000000000000E+02
    3.000000000000000E+02
    3.000000000000000E+02
    2.999999999999999E+02
    2.999999999999999E+02
    2.999999999999999E+02
    2.999999999999999E+02
    2.999999999999999E+02
    2.999999999999999E+02
    2.999999999999999E+02
    3.000000000000000E+02
    3.000000000000000E+02
    3.000000000000001E+02
    3.000000000000002E+02
    3.000000000000003E+02
    3.000000000000003E+02
    3.000000000000002E+02
    3.000000000000003E+02
    3.000000000000003E+02
    3.000000000000003E+02
    3.000000000000003E+02
    3.000000000000003E+02
    3.000000000000003E+02
    3.000000000000003E+02
    3.000000000000002E+02
    3.000000000000002E+02
    3.000000000000002E+02
    3.000000000000002E+02
    3.000000000000002E+02
    3.000000000000001E+02
    3.000000000000001E+02
    3.000000000000000E+02
    3.000000000000000E+02
    3.000000000000000E+02
    2.999999999999999E+02
    2.999999999999999E+02
    2.999999999999999E+02
    2.999999999999999E+02
    3.000000000000000E+02
    3.000000000000000E+02
    3.000000000000001E+02
    3.000000000000001E+02
    3.000000000000001E+02
    3.000000000000001E+02
    3.000000000000001E+02
    2.999999999999999E+02
    3.000000000000000E+02
    3.000000000000001E+02
    3.000000000000000E+02
    3.000000000000000E+02
    3.000000000000000E+02
    2.999999999999999E+02
    2.999999999999999E+02
    2.999999999999999E+02
    2.999999999999998E+02
    2.999999999999998E+02
    2.999999999999998E+02
    2.999999999999997E+02
    2.999999999999997E+02
    2.999999999999997E+02
    2.999999999999998E+02
    2.999999999999998E+02
    2.999999999999999E+02
    2.999999999999999E+02
    2.999999999999999E+02
    3.000000000000000E+02
    3.000000000000001E+02
    3.000000000000002E+02
    3.000000000000001E+02
    3.000000000000002E+02
    3.000000000000002E+02
    3.000000000000002E+02
    3.000000000000002E+02
    3.000000000000001E+02
    3.000000000000001E+02
    2.999999999999999E+02
    2.999999999999999E+02
    3.000000000000000E+02
    2.999999999999999E+02
    2.999999999999999E+02
    3.000000000000000E+02
    2.999999999999999E+02
    2.999999999999999E+02
    3.000000000000000E+02
    2.999999999999999E+02
    2.999999999999999E+02
    2.999999999999999E+02
    2.999999999999999E+02
    2.999999999999999E+02
    3.000000000000000E+02
    3.000000000000000E+02
    3.000000000000000E+02
    3.000000000000000E+02
    3.000000000000001E+02
    3.000000000000000E+02
    3.000000000000001E+02
    3.000000000000001E+02
    3.000000000000001E+02
    3.000000000000000E+02
    2.999999999999999E+02
    2.999999999999999E+02
    2.999999999999999E+02
    2.999999999999998E+02
    2.999999999999999E+02
    2.999999999999999E+02
    2.999999999999999E+02
    2.999999999999999E+02
    2.999999999999999E+02
    2.999999999999999E+02
    3.000000000000000E+02
    3.000000000000000E+02
    2.999999999999999E+02
    2.999999999999999E+02
    3.000000000000000E+02
    3.000000000000000E+02
    3.000000000000001E+02
    3.000000000000002E+02
    3.000000000000002E+02
    3.000000000000000E+02
    3.000000000000000E+02
    3.000000000000000E+02
    3.000000000000000E+02
    3.000000000000000E+02
    3.000000000000001E+02
    3.000000000000001E+02
    3.000000000000001E+02
    3.000000000000001E+02
    3.000000000000001E+02
    3.000000000000001E+02
    3.000000000000001E+02
    3.000000000000002E+02
    3.000000000000002E+02
    3.000000000000002E+02
    3.000000000000002E+02
    3.000000000000003E+02
    3.000000000000003E+02
    3.000000000000003E+02
    3.000000000000002E+02
    3.000000000000003E+02
    3.000000000000003E+02
    3.000000000000002E+02
    3.000000000000002E+02
    3.000000000000002E+02
    3.000000000000002E+02
    3.000000000000002E+02
    3.000000000000002E+02
    3.000000000000001E+02
    3.000000000000002E+02
    3.000000000000001E+02
    3.000000000000002E+02
    3.000000000000002E+02
    3.000000000000002E+02
    3.000000000000002E+02
    3.000000000000001E+02
    3.000000000000001E+02
    3.000000000000001E+02
    3.000000000000002E+02
    3.000000000000001E+02
    3.000000000000002E+02
    3.000000000000001E+02
    3.000000000000002E+02
    3.000000000000002E+02
    3.000000000000001E+02
    3.000000000000001E+02
    3.000000000000001E+02
    3.000000000000001E+02
    3.000000000000001E+02
    3.000000000000001E+02
    3.000000000000001E+02
    3.000000000000001E+02
    3.000000000000001E+02
    3.000000000000001E+02
    3.000000000000000E+02
    3.000000000000000E+02
    2.999999999999999E+02
    3.000000000000000E+02
    3.000000000000001E+02
    3.000000000000001E+02
    3.000000000000000E+02
    3.000000000000000E+02
    2.999999999999999E+02
    2.999999999999999E+02
    2.999999999999999E+02
    2.999999999999999E+02
    3.000000000000000E+02
    3.000000000000000E+02
    2.999999999999999E+02
    2.999999999999999E+02
    2.999999999999999E+02
    2.999999999999999E+02
    2.999999999999999E+02
    2.999999999999999E+02
    2.999999999999998E+02
    3.000000000000000E+02
    3.000000000000000E+02
    3.000000000000000E+02
    2.999999999999999E+02
    2.999999999999999E+02
    2.999999999999999E+02
    2.999999999999999E+02
    2.999999999999999E+02
    3.000000000000000E+02
    3.000000000000000E+02
    3.000000000000001E+02
    3.000000000000001E+02
    3.000000000000000E+02
    2.999999999999999E+02
    3.000000000000000E+02
    2.999999999999999E+02
    3.000000000000000E+02
    3.000000000000000E+02
    3.000000000000000E+02
    3.000000000000000E+02
    3.000000000000001E+02
    3.000000000000001E+02
    3.000000000000001E+02
    3.000000000000002E+02
    3.000000000000002E+02
    3.000000000000002E+02
    3.000000000000001E+02
    3.000000000000001E+02
    3.000000000000001E+02
    3.000000000000000E+02
    2.999999999999999E+02
    2.999999999999999E+02
    2.999999999999999E+02
    2.999999999999999E+02
    2.999999999999999E+02
    2.999999999999999E+02
    2.999999999999999E+02
    2.999999999999999E+02
    2.999999999999999E+02
    3.000000000000000E+02
    3.000000000000000E+02
    3.000000000000001E+02
    3.000000000000002E+02
    3.000000000000002E+02
    3.000000000000002E+02
    3.000000000000002E+02
    3.000000000000001E+02
    3.000000000000001E+02
    3.000000000000001E+02
    3.000000000000002E+02
    3.000000000000001E+02
    3.000000000000002E+02
    3.000000000000002E+02
    3.000000000000002E+02
    3.000000000000001E+02
    3.000000000000000E+02
    3.000000000000000E+02
    3.000000000000001E+02
    3.000000000000001E+02
    3.000000000000001E+02
    3.000000000000002E+02
    3.000000000000003E+02
    3.000000000000002E+02
    3.000000000000002E+02
    3.000000000000001E+02
    3.000000000000000E+02
    3.000000000000001E+02
    3.000000000000001E+02
    3.000000000000001E+02
    3.000000000000001E+02
    3.000000000000001E+02
    3.000000000000001E+02
    3.000000000000001E+02
    3.000000000000001E+02
    3.000000000000001E+02
    3.000000000000002E+02
    3.000000000000002E+02
    3.000000000000002E+02
    3.000000000000002E+02
    3.000000000000001E+02
    2.999999999999999E+02
    3.000000000000000E+02
    3.000000000000001E+02
    3.000000000000000E+02
    2.999999999999999E+02
    2.999999999999999E+02
    2.999999999999999E+02
    2.999999999999999E+02
    2.999999999999999E+02
    3.000000000000000E+02
    3.000000000000000E+02
    2.999999999999999E+02
    2.999999999999999E+02
    3.000000000000001E+02
    3.000000000000000E+02
    2.999999999999999E+02
    3.000000000000000E+02
    3.000000000000001E+02
    3.000000000000001E+02
    3.000000000000001E+02
    3.000000000000002E+02
    3.000000000000002E+02
    3.000000000000001E+02
    3.000000000000000E+02
    2.999999999999999E+02
    3.000000000000000E+02
    2.999999999999999E+02
    2.999999999999999E+02
    3.000000000000001E+02
    3.000000000000000E+02
    3.000000000000000E+02
    3.000000000000001E+02
    3.000000000000000E+02
    2.999999999999999E+02
    2.999999999999999E+02
    2.999999999999999E+02
    3.000000000000000E+02
    2.999999999999998E+02
    2.999999999999998E+02
    2.999999999999999E+02
    2.999999999999999E+02
    2.999999999999999E+02
    2.999999999999999E+02
    2.999999999999998E+02
    2.999999999999998E+02
    2.999999999999998E+02
    2.999999999999997E+02
    2.999999999999997E+02
    2.999999999999998E+02
    2.999999999999997E+02
    2.999999999999998E+02
    2.999999999999999E+02
    2.999999999999998E+02
    2.999999999999998E+02
    2.999999999999999E+02
    2.999999999999999E+02
    2.999999999999999E+02
    2.999999999999998E+02
    2.999999999999998E+02
    2.999999999999999E+02
    2.999999999999999E+02
    3.000000000000000E+02
    3.000000000000000E+02
    3.000000000000000E+02
    3.000000000000001E+02
    3.000000000000000E+02
    3.000000000000001E+02
    3.000000000000001E+02
    3.000000000000002E+02
    3.000000000000002E+02
    3.000000000000002E+02
    3.000000000000002E+02
    3.000000000000002E+02
    3.000000000000001E+02
    3.000000000000001E+02
    3.000000000000001E+02
    3.000000000000001E+02
    3.000000000000001E+02
    3.000000000000001E+02
    3.000000000000002E+02
    3.000000000000000E+02
    3.000000000000001E+02
    3.000000000000000E+02
    2.999999999999999E+02
    2.999999999999999E+02
    3.000000000000000E+02
    2.999999999999999E+02
    3.000000000000001E+02
    3.000000000000001E+02
    3.000000000000001E+02
    3.000000000000001E+02
    3.000000000000001E+02
    3.000000000000000E+02
    2.999999999999999E+02
    2.999999999999999E+02
    2.999999999999999E+02
    2.999999999999999E+02
    2.999999999999999E+02
    2.999999999999999E+02
    2.999999999999999E+02
    2.999999999999999E+02
    2.999999999999999E+02
    2.999999999999999E+02
    3.000000000000000E+02
    2.999999999999999E+02
    2.999999999999999E+02
    2.999999999999999E+02
    2.999999999999999E+02
    2.999999999999999E+02
    2.999999999999998E+02
    2.999999999999999E+02
    2.999999999999999E+02
    3.000000000000000E+02
    3.000000000000000E+02
    3.000000000000000E+02
    3.000000000000001E+02
    3.000000000000001E+02
    3.000000000000001E+02
    3.000000000000001E+02
    3.000000000000001E+02
    3.000000000000002E+02
    3.000000000000002E+02
    3.000000000000002E+02
    3.000000000000002E+02
    3.000000000000002E+02
    3.000000000000002E+02
    3.000000000000002E+02
    3.000000000000001E+02
    3.000000000000000E+02
    2.999999999999999E+02
    3.000000000000000E+02
    3.000000000000001E+02
    3.000000000000000E+02
    2.999999999999999E+02
    2.999999999999999E+02
    2.999999999999998E+02
    2.999999999999999E+02
    2.999999999999999E+02
    2.999999999999998E+02
    2.999999999999999E+02
    2.999999999999999E+02
    2.999999999999998E+02
    2.999999999999999E+02
    2.999999999999999E+02
    2.999999999999999E+02
    2.999999999999999E+02
    2.999999999999999E+02
    2.999999999999999E+02
    3.000000000000000E+02
    2.999999999999999E+02
    3.000000000000000E+02
    3.000000000000001E+02
    3.000000000000001E+02
    3.000000000000001E+02
    3.000000000000002E+02
    3.000000000000001E+02
    3.000000000000001E+02
    3.000000000000001E+02
    3.000000000000001E+02
    3.000000000000001E+02
    3.000000000000000E+02
    3.000000000000000E+02
    3.000000000000000E+02
    2.999999999999999E+02
    2.999999999999998E+02
    2.999999999999999E+02
    2.999999999999999E+02
    3.000000000000000E+02
    3.000000000000001E+02
    3.000000000000001E+02
    3.000000000000001E+02
    3.000000000000001E+02
    3.000000000000001E+02
    3.000000000000001E+02
    3.000000000000001E+02
    3.000000000000001E+02
    3.000000000000001E+02
    3.000000000000002E+02
    3.000000000000002E+02
    3.000000000000002E+02
    3.000000000000001E+02
    3.000000000000000E+02
    3.000000000000000E+02
    3.000000000000000E+02
    3.000000000000001E+02
    3.000000000000002E+02
    3.000000000000001E+02
    3.000000000000002E+02
    3.000000000000001E+02
    2.999999999999999E+02
    2.999999999999998E+02
    2.999999999999998E+02
    2.999999999999998E+02
    2.999999999999999E+02
    2.999999999999999E+02
    2.999999999999998E+02
    2.999999999999997E+02
    2.999999999999996E+02
    2.999999999999997E+02
    2.999999999999997E+02
    2.999999999999997E+02
    2.999999999999997E+02
    2.999999999999997E+02
    2.999999999999997E+02
    2.999999999999997E+02
    2.999999999999998E+02
    2.999999999999999E+02
    2.999999999999999E+02
    2.999999999999999E+02
    2.999999999999998E+02
    2.999999999999999E+02
    2.999999999999998E+02
    2.999999999999999E+02
    2.999999999999999E+02
    2.999999999999999E+02
    2.999999999999998E+02
    2.999999999999998E+02
    2.999999999999998E+02
    2.999999999999999E+02
    2.999999999999999E+02
    2.999999999999998E+02
    2.999999999999998E+02
    2.999999999999998E+02
    2.999999999999998E+02
    2.999999999999997E+02
    2.999999999999997E+02
    2.999999999999997E+02
    2.999999999999997E+02
    2.999999999999997E+02
    2.999999999999997E+02
    2.999999999999997E+02
    2.999999999999997E+02
    2.999999999999997E+02
    2.999999999999996E+02
    2.999999999999995E+02
    2.999999999999997E+02
    2.999999999999996E+02
    2.999999999999996E+02
    2.999999999999996E+02
    2.999999999999997E+02
    3.000000000000001E+02
    3.000000000000000E+02
    3.000000000000001E+02
    3.000000000000001E+02
    2.999999999999999E+02
    2.999999999999999E+02
    2.999999999999999E+02
    2.999999999999998E+02
    2.999999999999998E+02
    2.999999999999999E+02
    2.999999999999998E+02
    2.999999999999998E+02
    2.999999999999999E+02
    2.999999999999999E+02
    3.000000000000000E+02
    2.999999999999999E+02
    2.999999999999999E+02
    2.999999999999999E+02
    2.999999999999998E+02
    2.999999999999999E+02
    3.000000000000000E+02
    3.000000000000000E+02
    3.000000000000000E+02
    3.000000000000001E+02
    3.000000000000000E+02
    3.000000000000000E+02
    3.000000000000000E+02
    2.999999999999999E+02
    2.999999999999999E+02
    3.000000000000000E+02
    3.000000000000001E+02
    3.000000000000001E+02
    3.000000000000000E+02
    3.000000000000001E+02
    3.000000000000002E+02
    3.000000000000002E+02
    3.000000000000003E+02
    3.000000000000004E+02
    3.000000000000002E+02
    3.000000000000002E+02
    3.000000000000002E+02
    3.000000000000001E+02
    3.000000000000000E+02
    3.000000000000001E+02
    2.999999999999999E+02
    2.999999999999999E+02
    3.000000000000000E+02
    2.999999999999999E+02
    2.999999999999998E+02
    2.999999999999998E+02
    2.999999999999998E+02
    2.999999999999998E+02
    2.999999999999998E+02
    2.999999999999997E+02
    2.999999999999998E+02
    2.999999999999999E+02
    2.999999999999998E+02
    2.999999999999998E+02
    2.999999999999997E+02
    2.999999999999998E+02
    2.999999999999998E+02
    2.999999999999998E+02
    2.999999999999998E+02
    2.999999999999997E+02
    2.999999999999998E+02
    2.999999999999998E+02
    2.999999999999998E+02
    2.999999999999998E+02
    2.999999999999998E+02
    2.999999999999999E+02
    2.999999999999999E+02
    3.000000000000000E+02
    3.000000000000001E+02
    3.000000000000001E+02
    3.000000000000001E+02
    3.000000000000000E+02
    3.000000000000001E+02
    3.000000000000001E+02
    3.000000000000002E+02
    3.000000000000000E+02
    2.999999999999999E+02
    2.999999999999999E+02
    2.999999999999999E+02
    3.000000000000001E+02
    3.000000000000000E+02
    3.000000000000001E+02
    3.000000000000001E+02
    3.000000000000001E+02
    3.000000000000000E+02
    3.000000000000000E+02
    3.000000000000001E+02
    3.000000000000000E+02
    3.000000000000000E+02
    2.999999999999999E+02
    3.000000000000000E+02
    2.999999999999999E+02
    3.000000000000000E+02
    3.000000000000000E+02
    3.000000000000001E+02
    3.000000000000000E+02
    3.000000000000000E+02
    3.000000000000001E+02
    3.000000000000001E+02
    3.000000000000001E+02
    3.000000000000002E+02
    3.000000000000002E+02
    3.000000000000002E+02
    3.000000000000003E+02
    3.000000000000002E+02
    3.000000000000002E+02
    3.000000000000001E+02
    3.000000000000001E+02
    3.000000000000001E+02
    3.000000000000001E+02
    3.000000000000001E+02
    3.000000000000001E+02
    3.000000000000000E+02
    3.000000000000001E+02
    2.999999999999999E+02
    2.999999999999998E+02
    2.999999999999999E+02
    2.999999999999999E+02
    2.999999999999999E+02
    2.999999999999999E+02
    2.999999999999999E+02
    3.000000000000000E+02
    3.000000000000000E+02
    3.000000000000000E+02
    2.999999999999999E+02
    2.999999999999999E+02
    2.999999999999999E+02
    3.000000000000000E+02
    3.000000000000001E+02
    3.000000000000001E+02
    2.999999999999999E+02
    2.999999999999999E+02
    3.000000000000001E+02
    3.000000000000001E+02
    2.999999999999999E+02
    2.999999999999999E+02
    2.999999999999999E+02
    2.999999999999999E+02
    3.000000000000000E+02
    2.999999999999999E+02
    3.000000000000000E+02
    3.000000000000000E+02
    3.000000000000001E+02
    3.000000000000002E+02
    3.000000000000002E+02
    3.000000000000002E+02
    3.000000000000001E+02
    3.000000000000001E+02
    3.000000000000002E+02
    3.000000000000002E+02
    3.000000000000001E+02
    3.000000000000002E+02
    3.000000000000002E+02
    3.000000000000002E+02
    3.000000000000002E+02
    3.000000000000002E+02
    3.000000000000000E+02
    3.000000000000000E+02
    2.999999999999999E+02
    2.999999999999999E+02
    2.999999999999999E+02
    2.999999999999999E+02
    3.000000000000000E+02
    2.999999999999999E+02
    2.999999999999999E+02
    2.999999999999999E+02
    2.999999999999999E+02
    2.999999999999999E+02
    2.999999999999998E+02
    2.999999999999999E+02
    2.999999999999999E+02
    2.999999999999998E+02
    2.999999999999998E+02
    2.999999999999999E+02
    2.999999999999998E+02
    2.999999999999998E+02
    2.999999999999998E+02
    2.999999999999998E+02
    2.999999999999999E+02
    3.000000000000000E+02
    3.000000000000000E+02
    3.000000000000001E+02
    3.000000000000001E+02
    3.000000000000001E+02
    3.000000000000001E+02
    3.000000000000001E+02
    3.000000000000000E+02
    3.000000000000000E+02
    3.000000000000000E+02
    3.000000000000001E+02
    3.000000000000001E+02
    3.000000000000001E+02
    3.000000000000001E+02
    3.000000000000000E+02
    2.999999999999999E+02
    2.999999999999999E+02
    2.999999999999998E+02
    2.999999999999998E+02
    2.999999999999999E+02
    2.999999999999999E+02
    2.999999999999999E+02
    3.000000000000001E+02
    3.000000000000000E+02
    3.000000000000001E+02
    3.000000000000001E+02
    3.000000000000001E+02
    3.000000000000001E+02
    3.000000000000001E+02
    3.000000000000000E+02
    2.999999999999999E+02
    2.999999999999999E+02
    2.999999999999998E+02
    2.999999999999998E+02
    2.999999999999997E+02
    2.999999999999997E+02
    2.999999999999999E+02
    2.999999999999999E+02
    2.999999999999999E+02
    3.000000000000001E+02
    3.000000000000001E+02
    3.000000000000002E+02
    3.000000000000002E+02
    3.000000000000003E+02
    3.000000000000004E+02
    3.000000000000004E+02
    3.000000000000004E+02
    3.000000000000003E+02
    3.000000000000003E+02
    3.000000000000002E+02
    3.000000000000001E+02
    3.000000000000001E+02
    3.000000000000001E+02
    3.000000000000001E+02
    3.000000000000001E+02
    3.000000000000001E+02
    3.000000000000001E+02
    3.000000000000000E+02
    2.999999999999999E+02
    2.999999999999999E+02
    3.000000000000000E+02
    3.000000000000000E+02
    3.000000000000001E+02
    3.000000000000001E+02
    3.000000000000002E+02
    3.000000000000002E+02
    3.000000000000002E+02
    3.000000000000002E+02
    3.000000000000002E+02
    3.000000000000002E+02
    3.000000000000002E+02
    3.000000000000003E+02
    3.000000000000002E+02
    3.000000000000002E+02
    3.000000000000001E+02
    2.999999999999999E+02
    2.999999999999998E+02
    2.999999999999998E+02
    2.999999999999999E+02
    2.999999999999999E+02
    2.999999999999999E+02
    2.999999999999999E+02
    2.999999999999999E+02
    2.999999999999999E+02
    2.999999999999999E+02
    2.999999999999999E+02
    2.999999999999999E+02
    2.999999999999998E+02
    2.999999999999999E+02
    3.000000000000001E+02
    3.000000000000001E+02
    3.000000000000001E+02
    3.000000000000001E+02
    2.999999999999999E+02
    2.999999999999999E+02
    2.999999999999999E+02
    2.999999999999998E+02
    2.999999999999998E+02
    2.999999999999998E+02
    2.999999999999999E+02
    2.999999999999999E+02
    2.999999999999999E+02
    3.000000000000001E+02
    3.000000000000001E+02
    3.000000000000001E+02
    3.000000000000000E+02
    2.999999999999999E+02
    2.999999999999998E+02
    2.999999999999998E+02
    2.999999999999998E+02
    2.999999999999998E+02
    2.999999999999998E+02
    2.999999999999998E+02
    2.999999999999998E+02
    2.999999999999998E+02
    2.999999999999999E+02
    2.999999999999999E+02
    3.000000000000000E+02
    3.000000000000000E+02
    3.000000000000001E+02
    2.999999999999999E+02
    2.999999999999999E+02
    2.999999999999999E+02
    2.999999999999999E+02
    2.999999999999999E+02
    2.999999999999999E+02
    3.000000000000001E+02
    3.000000000000002E+02
    3.000000000000002E+02
    3.000000000000003E+02
    3.000000000000002E+02
    3.000000000000002E+02
    3.000000000000001E+02
    2.999999999999998E+02
    2.999999999999998E+02
    2.999999999999999E+02
    2.999999999999999E+02
    3.000000000000000E+02
    2.999999999999999E+02
    3.000000000000000E+02
    3.000000000000000E+02
    2.999999999999999E+02
    2.999999999999999E+02
    2.999999999999999E+02
    2.999999999999999E+02
    2.999999999999999E+02
    2.999999999999999E+02
    2.999999999999999E+02
    2.999999999999999E+02
    2.999999999999998E+02
    2.999999999999999E+02
    2.999999999999999E+02
    2.999999999999999E+02
    2.999999999999999E+02
    2.999999999999998E+02
    2.999999999999998E+02
    2.999999999999998E+02
    2.999999999999998E+02
    2.999999999999999E+02
    3.000000000000001E+02
    3.000000000000001E+02
    3.000000000000000E+02
    3.000000000000000E+02
    3.000000000000001E+02
    3.000000000000000E+02
    2.999999999999999E+02
    2.999999999999999E+02
    3.000000000000000E+02
    2.999999999999999E+02
    3.000000000000000E+02
    2.999999999999999E+02
    2.999999999999999E+02
    2.999999999999999E+02
    2.999999999999999E+02
    3.000000000000000E+02
    2.999999999999999E+02
    2.999999999999999E+02
    3.000000000000000E+02
    2.999999999999999E+02
    2.999999999999999E+02
    2.999999999999999E+02
    2.999999999999999E+02
    2.999999999999999E+02
    2.999999999999999E+02
    2.999999999999998E+02
    2.999999999999998E+02
    2.999999999999999E+02
    2.999999999999999E+02
    3.000000000000001E+02
    3.000000000000000E+02
    2.999999999999999E+02
    2.999999999999999E+02
    2.999999999999999E+02
    2.999999999999999E+02
    3.000000000000001E+02
    2.999999999999999E+02
    3.000000000000001E+02
    3.000000000000001E+02
    3.000000000000002E+02
    3.000000000000001E+02
    3.000000000000001E+02
    3.000000000000001E+02
    3.000000000000001E+02
    3.000000000000001E+02
    3.000000000000000E+02
    3.000000000000001E+02
    3.000000000000001E+02
    3.000000000000003E+02
    3.000000000000003E+02
    3.000000000000003E+02
    3.000000000000004E+02
    3.000000000000003E+02
    3.000000000000003E+02
    3.000000000000003E+02
    3.000000000000004E+02
    3.000000000000004E+02
    3.000000000000004E+02
    3.000000000000001E+02
    3.000000000000001E+02
    3.000000000000001E+02
    3.000000000000000E+02
    2.999999999999998E+02
    2.999999999999998E+02
    2.999999999999999E+02
    2.999999999999999E+02
    3.000000000000000E+02
    3.000000000000000E+02
    3.000000000000000E+02
    3.000000000000001E+02
    2.999999999999999E+02
    3.000000000000000E+02
    3.000000000000000E+02
    3.000000000000001E+02
    3.000000000000000E+02
    2.999999999999999E+02
    3.000000000000000E+02
    2.999999999999999E+02
    2.999999999999999E+02
    2.999999999999999E+02
    2.999999999999998E+02
    2.999999999999998E+02
    2.999999999999999E+02
    2.999999999999998E+02
    2.999999999999998E+02
    2.999999999999998E+02
    2.999999999999998E+02
    2.999999999999998E+02
    2.999999999999998E+02
    2.999999999999998E+02
    2.999999999999999E+02
    2.999999999999998E+02
    2.999999999999999E+02
    2.999999999999999E+02
    2.999999999999999E+02
    2.999999999999999E+02
    2.999999999999999E+02
    3.000000000000000E+02
    3.000000000000000E+02
    3.000000000000001E+02
    3.000000000000001E+02
    3.000000000000001E+02
    3.000000000000001E+02
    3.000000000000001E+02
    3.000000000000000E+02
    2.999999999999999E+02
    2.999999999999999E+02
    2.999999999999999E+02
    3.000000000000000E+02
    3.000000000000000E+02
    3.000000000000000E+02
    3.000000000000001E+02
    3.000000000000001E+02
    3.000000000000002E+02
    3.000000000000001E+02
    3.000000000000001E+02
    3.000000000000001E+02
    3.000000000000001E+02
    3.000000000000000E+02
    3.000000000000000E+02
    3.000000000000000E+02
    3.000000000000000E+02
    2.999999999999999E+02
    2.999999999999999E+02
    3.000000000000000E+02
    2.999999999999999E+02
    2.999999999999999E+02
    3.000000000000001E+02
    3.000000000000000E+02
    3.000000000000001E+02
    3.000000000000002E+02
    3.000000000000003E+02
    3.000000000000002E+02
    3.000000000000004E+02
    3.000000000000005E+02
    3.000000000000005E+02
    3.000000000000006E+02
    3.000000000000006E+02
    2.999999999999999E+02
    2.999999999999999E+02
    2.999999999999999E+02
    3.000000000000000E+02
    3.000000000000001E+02
    3.000000000000001E+02
    3.000000000000001E+02
    3.000000000000000E+02
    3.000000000000001E+02
    3.000000000000001E+02
    3.000000000000000E+02
    3.000000000000001E+02
    3.000000000000001E+02
    3.000000000000000E+02
    3.000000000000001E+02
    3.000000000000001E+02
    3.000000000000001E+02
    3.000000000000000E+02
    3.000000000000000E+02
    2.999999999999999E+02
    3.000000000000000E+02
    3.000000000000000E+02
    2.999999999999999E+02
    2.999999999999999E+02
    2.999999999999999E+02
    2.999999999999999E+02
    3.000000000000000E+02
    3.000000000000001E+02
    2.999999999999999E+02
    3.000000000000000E+02
    2.999999999999999E+02
    2.999999999999999E+02
    2.999999999999999E+02
    2.999999999999999E+02
    2.999999999999999E+02
    2.999999999999999E+02
    2.999999999999999E+02
    2.999999999999999E+02
    2.999999999999999E+02
    3.000000000000000E+02
    2.999999999999999E+02
    2.999999999999999E+02
    2.999999999999999E+02
    2.999999999999999E+02
    2.999999999999999E+02
    2.999999999999998E+02
    2.999999999999998E+02
    2.999999999999998E+02
    2.999999999999999E+02
    2.999999999999999E+02
    2.999999999999999E+02
    2.999999999999999E+02
    2.999999999999999E+02
    2.999999999999999E+02
    3.000000000000000E+02
    3.000000000000000E+02
    3.000000000000000E+02
    2.999999999999999E+02
    2.999999999999999E+02
    2.999999999999999E+02
    2.999999999999999E+02
    2.999999999999999E+02
    2.999999999999999E+02
    2.999999999999999E+02
    2.999999999999998E+02
    2.999999999999998E+02
    2.999999999999998E+02
    2.999999999999998E+02
    2.999999999999997E+02
    2.999999999999998E+02
    2.999999999999997E+02
    2.999999999999997E+02
    2.999999999999997E+02
    2.999999999999998E+02
    2.999999999999998E+02
    2.999999999999997E+02
    2.999999999999997E+02
    2.999999999999997E+02
    2.999999999999998E+02
    2.999999999999998E+02
    3.000000000000000E+02
    3.000000000000001E+02
    2.999999999999999E+02
    2.999999999999999E+02
    2.999999999999999E+02
    2.999999999999999E+02
    2.999999999999999E+02
    2.999999999999999E+02
    3.000000000000000E+02
    3.000000000000000E+02
    3.000000000000000E+02
    2.999999999999999E+02
    2.999999999999999E+02
    2.999999999999999E+02
    2.999999999999999E+02
    3.000000000000000E+02
    3.000000000000000E+02
    3.000000000000001E+02
    3.000000000000001E+02
    3.000000000000001E+02
    3.000000000000001E+02
    3.000000000000001E+02
    3.000000000000001E+02
    3.000000000000001E+02
    3.000000000000001E+02
    3.000000000000001E+02
    3.000000000000001E+02
    3.000000000000001E+02
    3.000000000000000E+02
    2.999999999999999E+02
    2.999999999999999E+02
    2.999999999999999E+02
    2.999999999999999E+02
    2.999999999999999E+02
    3.000000000000000E+02
    3.000000000000001E+02
    3.000000000000000E+02
    3.000000000000001E+02
    3.000000000000001E+02
    3.000000000000001E+02
    3.000000000000001E+02
    3.000000000000001E+02
    3.000000000000001E+02
    3.000000000000001E+02
    3.000000000000001E+02
    3.000000000000002E+02
    3.000000000000002E+02
    3.000000000000002E+02
    3.000000000000002E+02
    3.000000000000002E+02
    3.000000000000002E+02
    3.000000000000002E+02
    3.000000000000002E+02
    3.000000000000001E+02
    3.000000000000001E+02
    3.000000000000000E+02
    2.999999999999998E+02
    2.999999999999998E+02
    2.999999999999998E+02
    2.999999999999998E+02
    2.999999999999998E+02
    2.999999999999998E+02
    2.999999999999997E+02
    2.999999999999997E+02
    2.999999999999998E+02
    2.999999999999998E+02
    2.999999999999998E+02
    2.999999999999999E+02
    2.999999999999999E+02
    2.999999999999998E+02
    2.999999999999998E+02
    2.999999999999998E+02
    2.999999999999998E+02
    2.999999999999998E+02
    2.999999999999998E+02
    2.999999999999998E+02
    2.999999999999998E+02
    2.999999999999998E+02
    2.999999999999997E+02
    2.999999999999998E+02
    3.000000000000000E+02
    3.000000000000000E+02
    2.999999999999999E+02
    2.999999999999999E+02
    2.999999999999999E+02
    3.000000000000000E+02
    3.000000000000000E+02
    3.000000000000000E+02
    3.000000000000000E+02
    3.000000000000001E+02
    3.000000000000000E+02
    3.000000000000000E+02
    2.999999999999999E+02
    2.999999999999999E+02
    2.999999999999999E+02
    2.999999999999998E+02
    2.999999999999998E+02
    2.999999999999998E+02
    2.999999999999998E+02
    2.999999999999998E+02
    2.999999999999998E+02
    2.999999999999998E+02
    2.999999999999999E+02
    2.999999999999998E+02
    2.999999999999998E+02
    2.999999999999998E+02
    2.999999999999998E+02
    2.999999999999999E+02
    2.999999999999999E+02
    2.999999999999998E+02
    2.999999999999999E+02
    2.999999999999999E+02
    2.999999999999999E+02
    3.000000000000000E+02
    2.999999999999999E+02
    3.000000000000000E+02
    3.000000000000001E+02
    3.000000000000000E+02
    2.999999999999999E+02
    2.999999999999999E+02
    2.999999999999999E+02
    2.999999999999998E+02
    2.999999999999999E+02
    3.000000000000000E+02
    2.999999999999999E+02
    2.999999999999999E+02
    2.999999999999999E+02
    2.999999999999998E+02
    2.999999999999998E+02
    2.999999999999999E+02
    2.999999999999999E+02
    3.000000000000001E+02
    3.000000000000001E+02
    3.000000000000000E+02
    3.000000000000000E+02
    3.000000000000000E+02
    2.999999999999999E+02
    2.999999999999999E+02
    2.999999999999998E+02
    2.999999999999998E+02
    2.999999999999999E+02
    2.999999999999998E+02
    2.999999999999999E+02
    2.999999999999999E+02
    2.999999999999999E+02
    2.999999999999999E+02
    2.999999999999999E+02
    3.000000000000000E+02
    3.000000000000001E+02
    3.000000000000000E+02
    3.000000000000000E+02
    3.000000000000001E+02
    3.000000000000000E+02
    2.999999999999999E+02
    2.999999999999999E+02
    2.999999999999999E+02
    2.999999999999999E+02
    3.000000000000000E+02
    3.000000000000001E+02
    3.000000000000000E+02
    3.000000000000000E+02
    2.999999999999999E+02
    2.999999999999999E+02
    2.999999999999999E+02
    2.999999999999999E+02
    2.999999999999999E+02
    2.999999999999999E+02
    3.000000000000000E+02
    2.999999999999999E+02
    3.000000000000000E+02
    3.000000000000001E+02
    3.000000000000001E+02
    3.000000000000001E+02
    3.000000000000001E+02
    3.000000000000001E+02
    3.000000000000001E+02
    3.000000000000000E+02
    3.000000000000001E+02
    2.999999999999999E+02
    3.000000000000000E+02
    3.000000000000001E+02
    3.000000000000002E+02
    3.000000000000002E+02
    3.000000000000001E+02
    3.000000000000001E+02
    3.000000000000001E+02
    3.000000000000001E+02
    3.000000000000001E+02
    3.000000000000001E+02
    3.000000000000001E+02
    3.000000000000001E+02
    3.000000000000001E+02
    3.000000000000001E+02
    3.000000000000001E+02
    3.000000000000001E+02
    3.000000000000001E+02
    3.000000000000001E+02
    3.000000000000002E+02
    3.000000000000001E+02
    3.000000000000001E+02
    3.000000000000002E+02
    3.000000000000002E+02
    3.000000000000002E+02
    3.000000000000001E+02
    3.000000000000001E+02
    3.000000000000002E+02
    3.000000000000002E+02
    3.000000000000002E+02
    3.000000000000001E+02
    3.000000000000002E+02
    3.000000000000001E+02
    3.000000000000002E+02
    3.000000000000003E+02
    3.000000000000004E+02
    3.000000000000005E+02
    3.000000000000005E+02
    3.000000000000004E+02
    3.000000000000003E+02
    3.000000000000003E+02
    3.000000000000003E+02
    3.000000000000002E+02
    3.000000000000001E+02
    3.000000000000001E+02
    3.000000000000001E+02
    3.000000000000001E+02
    3.000000000000001E+02
    3.000000000000001E+02
    3.000000000000001E+02
    3.000000000000001E+02
    3.000000000000001E+02
    3.000000000000002E+02
    3.000000000000002E+02
    3.000000000000002E+02
    3.000000000000002E+02
    3.000000000000002E+02
    3.000000000000002E+02
    3.000000000000002E+02
    3.000000000000002E+02
    3.000000000000002E+02
    3.000000000000002E+02
    3.000000000000000E+02
    2.999999999999999E+02
    3.000000000000000E+02
    2.999999999999999E+02
    2.999999999999999E+02
    2.999999999999999E+02
    2.999999999999999E+02
    3.000000000000000E+02
    2.999999999999999E+02
    2.999999999999999E+02
    2.999999999999999E+02
    2.999999999999999E+02
    2.999999999999999E+02
    2.999999999999999E+02
    2.999999999999999E+02
    2.999999999999999E+02
    2.999999999999999E+02
    2.999999999999999E+02
    2.999999999999999E+02
    2.999999999999998E+02
    2.999999999999998E+02
    2.999999999999999E+02
    2.999999999999999E+02
    2.999999999999999E+02
    2.999999999999999E+02
    3.000000000000000E+02
    2.999999999999999E+02
    2.999999999999999E+02
    2.999999999999999E+02
    2.999999999999999E+02
    2.999999999999999E+02
    2.999999999999999E+02
    2.999999999999998E+02
    2.999999999999999E+02
    2.999999999999998E+02
    2.999999999999998E+02
    2.999999999999999E+02
    2.999999999999999E+02
    2.999999999999999E+02
    2.999999999999999E+02
    3.000000000000000E+02
    2.999999999999999E+02
    2.999999999999998E+02
    2.999999999999999E+02
    2.999999999999999E+02
    2.999999999999999E+02
    2.999999999999999E+02
    2.999999999999999E+02
    2.999999999999999E+02
    3.000000000000000E+02
    3.000000000000001E+02
    3.000000000000001E+02
    2.999999999999999E+02
    2.999999999999999E+02
    2.999999999999999E+02
    3.000000000000000E+02
    2.999999999999999E+02
    2.999999999999999E+02
    3.000000000000001E+02
    3.000000000000001E+02
    3.000000000000002E+02
    3.000000000000001E+02
    3.000000000000002E+02
    3.000000000000001E+02
    3.000000000000001E+02
    3.000000000000001E+02
    3.000000000000001E+02
    3.000000000000001E+02
    3.000000000000002E+02
    3.000000000000001E+02
    3.000000000000001E+02
    3.000000000000001E+02
    3.000000000000001E+02
    3.000000000000001E+02
    3.000000000000001E+02
    3.000000000000001E+02
    3.000000000000001E+02
    3.000000000000000E+02
    2.999999999999999E+02
    3.000000000000001E+02
    2.999999999999999E+02
    2.999999999999999E+02
    3.000000000000001E+02
    3.000000000000001E+02
    3.000000000000000E+02
    3.000000000000001E+02
    3.000000000000001E+02
    3.000000000000001E+02
    3.000000000000001E+02
    3.000000000000001E+02
    3.000000000000000E+02
    2.999999999999999E+02
    2.999999999999998E+02
    2.999999999999999E+02
    2.999999999999999E+02
    2.999999999999999E+02
    2.999999999999999E+02
    2.999999999999999E+02
    2.999999999999999E+02
    2.999999999999999E+02
    3.000000000000000E+02
    3.000000000000001E+02
    3.000000000000002E+02
    3.000000000000002E+02
    3.000000000000002E+02
    3.000000000000002E+02
    3.000000000000002E+02
    3.000000000000002E+02
    3.000000000000003E+02
    3.000000000000002E+02
    3.000000000000002E+02
    3.000000000000002E+02
    3.000000000000002E+02
    3.000000000000002E+02
    3.000000000000002E+02
    3.000000000000002E+02
    3.000000000000002E+02
    3.000000000000001E+02
    3.000000000000001E+02
    2.999999999999999E+02
    2.999999999999999E+02
    2.999999999999999E+02
    2.999999999999998E+02
    2.999999999999997E+02
    2.999999999999997E+02
    2.999999999999998E+02
    2.999999999999998E+02
    2.999999999999998E+02
    2.999999999999999E+02
    2.999999999999998E+02
    2.999999999999998E+02
    2.999999999999998E+02
    2.999999999999997E+02
    2.999999999999997E+02
    2.999999999999997E+02
    2.999999999999996E+02
    2.999999999999996E+02
    2.999999999999997E+02
    2.999999999999997E+02
    2.999999999999997E+02
    2.999999999999997E+02
    2.999999999999999E+02
    2.999999999999999E+02
    2.999999999999999E+02
    2.999999999999999E+02
    2.999999999999999E+02
    2.999999999999999E+02
    2.999999999999999E+02
    3.000000000000000E+02
    2.999999999999999E+02
    2.999999999999999E+02
    2.999999999999999E+02
    2.999999999999999E+02
    3.000000000000001E+02
    3.000000000000000E+02
    3.000000000000001E+02
    3.000000000000002E+02
    3.000000000000002E+02
    3.000000000000002E+02
    3.000000000000002E+02
    3.000000000000001E+02
    3.000000000000000E+02
    3.000000000000000E+02
    3.000000000000001E+02
    3.000000000000000E+02
    3.000000000000000E+02
    3.000000000000000E+02
    3.000000000000000E+02
    2.999999999999999E+02
    2.999999999999998E+02
    2.999999999999999E+02
    2.999999999999999E+02
    3.000000000000000E+02
    3.000000000000000E+02
    3.000000000000000E+02
    2.999999999999999E+02
    2.999999999999998E+02
    2.999999999999999E+02
    2.999999999999999E+02
    2.999999999999999E+02
    2.999999999999999E+02
    2.999999999999999E+02
    2.999999999999999E+02
    2.999999999999999E+02
    2.999999999999999E+02
    3.000000000000000E+02
    2.999999999999999E+02
    3.000000000000000E+02
    3.000000000000001E+02
    3.000000000000000E+02
    2.999999999999998E+02
    2.999999999999998E+02
    2.999999999999999E+02
    2.999999999999999E+02
    3.000000000000001E+02
    3.000000000000000E+02
    3.000000000000001E+02
    3.000000000000001E+02
    3.000000000000001E+02
    3.000000000000001E+02
    3.000000000000000E+02
    3.000000000000000E+02
    3.000000000000000E+02
    3.000000000000000E+02
    3.000000000000000E+02
    3.000000000000000E+02
    2.999999999999999E+02
    3.000000000000000E+02
    2.999999999999999E+02
    3.000000000000000E+02
    3.000000000000000E+02
    2.999999999999999E+02
    2.999999999999999E+02
    3.000000000000000E+02
    2.999999999999999E+02
    2.999999999999999E+02
    3.000000000000000E+02
    2.999999999999999E+02
    2.999999999999999E+02
    2.999999999999998E+02
    2.999999999999998E+02
    2.999999999999998E+02
    2.999999999999999E+02
    2.999999999999999E+02
    2.999999999999998E+02
    2.999999999999999E+02
    2.999999999999998E+02
    2.999999999999998E+02
    2.999999999999999E+02
    3.000000000000000E+02
    3.000000000000000E+02
    2.999999999999999E+02
    2.999999999999999E+02
    2.999999999999999E+02
    2.999999999999999E+02
    2.999999999999999E+02
    3.000000000000000E+02
    3.000000000000000E+02
    3.000000000000000E+02
    2.999999999999999E+02
    3.000000000000000E+02
    3.000000000000001E+02
    2.999999999999999E+02
    2.999999999999999E+02
    2.999999999999999E+02
    2.999999999999999E+02
    2.999999999999999E+02
    2.999999999999999E+02
    2.999999999999999E+02
    2.999999999999999E+02
    3.000000000000000E+02
    3.000000000000001E+02
    3.000000000000000E+02
    3.000000000000000E+02
    2.999999999999999E+02
    2.999999999999998E+02
    2.999999999999998E+02
    2.999999999999998E+02
    2.999999999999999E+02
    2.999999999999999E+02
    2.999999999999999E+02
    3.000000000000001E+02
    2.999999999999999E+02
    3.000000000000001E+02
    3.000000000000001E+02
    3.000000000000002E+02
    3.000000000000001E+02
    3.000000000000002E+02
    3.000000000000003E+02
    3.000000000000002E+02
    3.000000000000002E+02
    3.000000000000002E+02
    3.000000000000002E+02
    3.000000000000001E+02
    3.000000000000001E+02
    3.000000000000001E+02
    2.999999999999999E+02
    2.999999999999999E+02
    3.000000000000000E+02
    3.000000000000001E+02
    3.000000000000001E+02
    3.000000000000000E+02
    3.000000000000001E+02
    3.000000000000001E+02
    3.000000000000001E+02
    3.000000000000001E+02
    3.000000000000000E+02
    2.999999999999999E+02
    2.999999999999998E+02
    2.999999999999999E+02
    2.999999999999999E+02
    2.999999999999998E+02
    2.999999999999998E+02
    2.999999999999999E+02
    3.000000000000000E+02
    3.000000000000000E+02
    3.000000000000000E+02
    3.000000000000000E+02
    2.999999999999999E+02
    2.999999999999999E+02
    2.999999999999999E+02
    2.999999999999999E+02
    2.999999999999999E+02
    3.000000000000000E+02
    3.000000000000000E+02
    3.000000000000000E+02
    3.000000000000000E+02
    3.000000000000000E+02
    3.000000000000001E+02
    3.000000000000000E+02
    3.000000000000001E+02
    3.000000000000001E+02
    3.000000000000001E+02
    3.000000000000001E+02
    3.000000000000001E+02
    3.000000000000001E+02
    3.000000000000000E+02
    2.999999999999999E+02
    2.999999999999999E+02
    2.999999999999999E+02
    2.999999999999999E+02
    2.999999999999999E+02
    3.000000000000000E+02
    3.000000000000001E+02
    3.000000000000001E+02
    3.000000000000001E+02
    3.000000000000000E+02
    2.999999999999999E+02
    2.999999999999999E+02
    3.000000000000000E+02
    3.000000000000000E+02
    3.000000000000000E+02
    3.000000000000000E+02
    3.000000000000001E+02
    3.000000000000001E+02
    3.000000000000001E+02
    3.000000000000001E+02
    3.000000000000002E+02
    3.000000000000002E+02
    3.000000000000001E+02
    3.000000000000001E+02
    3.000000000000001E+02
    3.000000000000001E+02
    3.000000000000000E+02
    3.000000000000001E+02
    3.000000000000002E+02
    3.000000000000002E+02
    3.000000000000001E+02
    3.000000000000001E+02
    3.000000000000001E+02
    3.000000000000001E+02
    3.000000000000003E+02
    3.000000000000003E+02
    3.000000000000003E+02
    3.000000000000003E+02
    3.000000000000003E+02
    3.000000000000002E+02
    3.000000000000002E+02
    3.000000000000002E+02
    3.000000000000002E+02
    3.000000000000002E+02
    3.000000000000002E+02
    3.000000000000001E+02
    3.000000000000001E+02
    3.000000000000001E+02
    3.000000000000000E+02
    3.000000000000001E+02
    3.000000000000000E+02
    2.999999999999999E+02
    2.999999999999999E+02
    2.999999999999999E+02
    3.000000000000000E+02
    3.000000000000001E+02
    3.000000000000001E+02
    3.000000000000001E+02
    3.000000000000002E+02
    3.000000000000001E+02
    3.000000000000000E+02
    3.000000000000001E+02
    3.000000000000001E+02
    3.000000000000000E+02
    2.999999999999999E+02
    2.999999999999999E+02
    2.999999999999999E+02
    2.999999999999999E+02
    2.999999999999999E+02
    3.000000000000000E+02
    3.000000000000000E+02
    3.000000000000001E+02
    3.000000000000001E+02
    3.000000000000001E+02
    3.000000000000001E+02
    2.999999999999999E+02
    2.999999999999999E+02
    2.999999999999999E+02
    2.999999999999999E+02
    2.999999999999998E+02
    2.999999999999999E+02
    2.999999999999999E+02
    2.999999999999998E+02
    3.000000000000000E+02
    3.000000000000000E+02
    3.000000000000001E+02
    3.000000000000001E+02
    3.000000000000001E+02
    3.000000000000001E+02
    3.000000000000001E+02
    3.000000000000001E+02
    3.000000000000000E+02
    3.000000000000000E+02
    3.000000000000001E+02
    3.000000000000001E+02
    3.000000000000001E+02
    3.000000000000001E+02
    3.000000000000000E+02
    3.000000000000001E+02
    3.000000000000002E+02
    3.000000000000002E+02
    3.000000000000002E+02
    3.000000000000001E+02
    3.000000000000000E+02
    2.999999999999999E+02
    2.999999999999999E+02
    2.999999999999999E+02
    2.999999999999999E+02
    2.999999999999999E+02
    2.999999999999999E+02
    2.999999999999999E+02
    2.999999999999999E+02
    2.999999999999999E+02
    3.000000000000000E+02
    3.000000000000000E+02
    2.999999999999999E+02
    2.999999999999999E+02
    2.999999999999998E+02
    2.999999999999999E+02
    2.999999999999999E+02
    2.999999999999999E+02
    2.999999999999999E+02
    2.999999999999999E+02
    3.000000000000000E+02
    2.999999999999999E+02
    2.999999999999999E+02
    2.999999999999999E+02
    2.999999999999999E+02
    2.999999999999998E+02
    2.999999999999998E+02
    2.999999999999997E+02
    2.999999999999998E+02
    2.999999999999998E+02
    2.999999999999998E+02
    2.999999999999998E+02
    2.999999999999999E+02
    2.999999999999999E+02
    2.999999999999999E+02
    2.999999999999999E+02
    2.999999999999999E+02
    2.999999999999999E+02
    2.999999999999999E+02
    2.999999999999999E+02
    2.999999999999999E+02
    3.000000000000001E+02
    3.000000000000000E+02
    3.000000000000000E+02
    3.000000000000001E+02
    3.000000000000000E+02
    3.000000000000001E+02
    3.000000000000001E+02
    3.000000000000001E+02
    3.000000000000001E+02
    3.000000000000001E+02
    3.000000000000000E+02
    2.999999999999999E+02
    3.000000000000000E+02
    3.000000000000000E+02
    3.000000000000001E+02
    3.000000000000000E+02
    2.999999999999999E+02
    2.999999999999999E+02
    2.999999999999999E+02
    3.000000000000000E+02
    3.000000000000000E+02
    3.000000000000000E+02
    3.000000000000000E+02
    3.000000000000001E+02
    2.999999999999999E+02
    2.999999999999999E+02
    3.000000000000000E+02
    3.000000000000000E+02
    2.999999999999999E+02
    2.999999999999999E+02
    3.000000000000000E+02
    3.000000000000001E+02
    3.000000000000002E+02
    3.000000000000002E+02
    3.000000000000001E+02
    3.000000000000002E+02
    3.000000000000002E+02
    3.000000000000001E+02
    3.000000000000001E+02
    3.000000000000001E+02
    3.000000000000001E+02
    3.000000000000001E+02
    3.000000000000001E+02
    3.000000000000001E+02
    3.000000000000000E+02
    3.000000000000001E+02
    3.000000000000001E+02
    3.000000000000001E+02
    3.000000000000001E+02
    3.000000000000000E+02
    2.999999999999999E+02
    3.000000000000001E+02
    2.999999999999999E+02
    3.000000000000000E+02
    3.000000000000001E+02
    3.000000000000000E+02
    3.000000000000000E+02
    3.000000000000000E+02
    3.000000000000002E+02
    3.000000000000001E+02
    3.000000000000001E+02
    3.000000000000001E+02
    3.000000000000002E+02
    3.000000000000002E+02
    3.000000000000002E+02
    3.000000000000001E+02
    3.000000000000001E+02
    3.000000000000001E+02
    2.999999999999999E+02
    2.999999999999998E+02
    2.999999999999999E+02
    2.999999999999999E+02
    2.999999999999999E+02
    3.000000000000000E+02
    2.999999999999999E+02
    2.999999999999999E+02
    2.999999999999998E+02
    3.000000000000000E+02
    2.999999999999999E+02
    2.999999999999999E+02
    3.000000000000000E+02
    3.000000000000000E+02
    3.000000000000000E+02
    3.000000000000000E+02
    2.999999999999999E+02
    2.999999999999998E+02
    2.999999999999998E+02
    2.999999999999998E+02
    2.999999999999998E+02
    2.999999999999999E+02
    2.999999999999999E+02
    2.999999999999999E+02
    3.000000000000000E+02
    3.000000000000001E+02
    3.000000000000001E+02
    3.000000000000002E+02
    3.000000000000001E+02
    3.000000000000001E+02
    3.000000000000000E+02
    3.000000000000000E+02
    3.000000000000001E+02
    3.000000000000001E+02
    3.000000000000001E+02
    3.000000000000002E+02
    3.000000000000002E+02
    3.000000000000001E+02
    3.000000000000001E+02
    3.000000000000001E+02
    3.000000000000001E+02
    3.000000000000001E+02
    3.000000000000001E+02
    3.000000000000000E+02
    2.999999999999999E+02
    3.000000000000000E+02
    2.999999999999999E+02
    2.999999999999999E+02
    2.999999999999999E+02
    2.999999999999999E+02
    3.000000000000000E+02
    3.000000000000000E+02
    2.999999999999999E+02
    2.999999999999999E+02
    2.999999999999999E+02
    2.999999999999998E+02
    2.999999999999999E+02
    2.999999999999999E+02
    2.999999999999999E+02
    3.000000000000000E+02
    3.000000000000000E+02
    3.000000000000001E+02
    3.000000000000000E+02
    2.999999999999999E+02
    3.000000000000000E+02
    2.999999999999999E+02
    2.999999999999999E+02
    2.999999999999999E+02
    2.999999999999999E+02
    3.000000000000001E+02
    3.000000000000001E+02
    2.999999999999999E+02
    2.999999999999999E+02
    2.999999999999999E+02
    2.999999999999999E+02
    2.999999999999998E+02
    2.999999999999997E+02
    2.999999999999997E+02
    2.999999999999997E+02
    2.999999999999997E+02
    2.999999999999998E+02
    2.999999999999998E+02
    2.999999999999999E+02
    2.999999999999999E+02
    2.999999999999998E+02
    2.999999999999998E+02
    2.999999999999998E+02
    2.999999999999998E+02
    2.999999999999998E+02
    2.999999999999998E+02
    2.999999999999998E+02
    2.999999999999998E+02
    2.999999999999998E+02
    2.999999999999998E+02
    2.999999999999997E+02
    2.999999999999997E+02
    2.999999999999997E+02
    2.999999999999998E+02
    2.999999999999998E+02
    2.999999999999997E+02
    2.999999999999998E+02
    2.999999999999999E+02
    2.999999999999998E+02
    2.999999999999998E+02
    2.999999999999997E+02
    2.999999999999998E+02
    2.999999999999998E+02
    2.999999999999998E+02
    2.999999999999999E+02
    3.000000000000000E+02
    3.000000000000000E+02
    3.000000000000000E+02
    3.000000000000000E+02
    3.000000000000001E+02
    3.000000000000000E+02
    2.999999999999999E+02
    2.999999999999999E+02
    2.999999999999999E+02
    2.999999999999999E+02
    3.000000000000000E+02
    3.000000000000001E+02
    2.999999999999999E+02
    3.000000000000000E+02
    2.999999999999999E+02
    2.999999999999999E+02
    2.999999999999998E+02
    2.999999999999997E+02
    2.999999999999997E+02
    2.999999999999998E+02
    2.999999999999998E+02
    2.999999999999998E+02
    2.999999999999999E+02
    2.999999999999999E+02
    2.999999999999998E+02
    2.999999999999998E+02
    2.999999999999998E+02
    2.999999999999998E+02
    2.999999999999999E+02
    2.999999999999999E+02
    2.999999999999999E+02
    2.999999999999999E+02
    3.000000000000001E+02
    3.000000000000000E+02
    3.000000000000000E+02
    3.000000000000000E+02
    3.000000000000000E+02
    2.999999999999999E+02
    3.000000000000000E+02
    3.000000000000000E+02
    3.000000000000001E+02
    3.000000000000000E+02
    2.999999999999999E+02
    2.999999999999999E+02
    3.000000000000000E+02
    2.999999999999999E+02
    3.000000000000000E+02
    3.000000000000000E+02
    3.000000000000000E+02
    3.000000000000000E+02
    3.000000000000000E+02
    3.000000000000001E+02
    3.000000000000001E+02
    3.000000000000001E+02
    3.000000000000002E+02
    3.000000000000002E+02
    3.000000000000002E+02
    3.000000000000001E+02
    3.000000000000001E+02
    3.000000000000001E+02
    3.000000000000001E+02
    3.000000000000000E+02
    3.000000000000000E+02
    2.999999999999999E+02
    3.000000000000000E+02
    3.000000000000001E+02
    3.000000000000001E+02
    3.000000000000001E+02
    3.000000000000001E+02
    3.000000000000000E+02
    3.000000000000001E+02
    3.000000000000001E+02
    3.000000000000001E+02
    3.000000000000002E+02
    3.000000000000002E+02
    3.000000000000002E+02
    3.000000000000001E+02
    3.000000000000001E+02
    3.000000000000001E+02
    2.999999999999999E+02
    3.000000000000000E+02
    3.000000000000000E+02
    3.000000000000000E+02
    2.999999999999999E+02
    2.999999999999999E+02
    2.999999999999999E+02
    2.999999999999999E+02
    2.999999999999999E+02
    2.999999999999999E+02
    3.000000000000001E+02
    3.000000000000001E+02
    3.000000000000001E+02
    3.000000000000001E+02
    3.000000000000000E+02
    3.000000000000000E+02
    3.000000000000000E+02
    2.999999999999999E+02
    2.999999999999999E+02
    3.000000000000001E+02
    3.000000000000000E+02
    3.000000000000001E+02
    3.000000000000000E+02
    3.000000000000001E+02
    3.000000000000001E+02
    3.000000000000002E+02
    3.000000000000001E+02
    3.000000000000002E+02
    3.000000000000002E+02
    3.000000000000002E+02
    3.000000000000001E+02
    3.000000000000001E+02
    3.000000000000000E+02
    2.999999999999999E+02
    2.999999999999999E+02
    3.000000000000000E+02
    3.000000000000000E+02
    3.000000000000000E+02
    3.000000000000000E+02
    3.000000000000000E+02
    3.000000000000001E+02
    3.000000000000000E+02
    3.000000000000000E+02
    3.000000000000001E+02
    3.000000000000000E+02
    3.000000000000001E+02
    3.000000000000001E+02
    3.000000000000001E+02
    3.000000000000001E+02
    3.000000000000001E+02
    3.000000000000001E+02
    3.000000000000001E+02
    2.999999999999999E+02
    3.000000000000000E+02
    3.000000000000000E+02
    3.000000000000000E+02
    3.000000000000000E+02
    3.000000000000000E+02
    3.000000000000001E+02
    3.000000000000001E+02
    3.000000000000001E+02
    3.000000000000001E+02
    3.000000000000001E+02
    3.000000000000001E+02
    3.000000000000002E+02
    3.000000000000002E+02
    3.000000000000003E+02
    3.000000000000003E+02
    3.000000000000003E+02
    3.000000000000003E+02
    3.000000000000004E+02
    3.000000000000003E+02
    3.000000000000001E+02
    3.000000000000000E+02
    2.999999999999999E+02
    2.999999999999998E+02
    2.999999999999998E+02
    2.999999999999998E+02
    2.999999999999998E+02
    2.999999999999999E+02
    2.999999999999998E+02
    2.999999999999998E+02
    2.999999999999996E+02
    3.000000000000000E+02
    3.000000000000000E+02
    3.000000000000000E+02
    3.000000000000001E+02
    3.000000000000000E+02
    3.000000000000000E+02
    3.000000000000000E+02
    3.000000000000000E+02
    3.000000000000000E+02
    3.000000000000001E+02
    3.000000000000000E+02
    2.999999999999999E+02
    2.999999999999999E+02
    2.999999999999998E+02
    2.999999999999998E+02
    2.999999999999998E+02
    2.999999999999999E+02
    2.999999999999999E+02
    2.999999999999999E+02
    2.999999999999999E+02
    2.999999999999999E+02
    2.999999999999999E+02
    2.999999999999998E+02
    2.999999999999999E+02
    3.000000000000001E+02
    3.000000000000002E+02
    3.000000000000002E+02
    3.000000000000002E+02
    3.000000000000001E+02
    3.000000000000001E+02
    3.000000000000001E+02
    3.000000000000001E+02
    3.000000000000001E+02
    3.000000000000000E+02
    2.999999999999999E+02
    3.000000000000000E+02
    3.000000000000000E+02
    3.000000000000001E+02
    2.999999999999999E+02
    2.999999999999999E+02
    3.000000000000000E+02
    3.000000000000000E+02
    2.999999999999999E+02
    2.999999999999999E+02
    2.999999999999998E+02
    2.999999999999999E+02
    2.999999999999999E+02
    2.999999999999999E+02
    2.999999999999999E+02
    2.999999999999999E+02
    3.000000000000000E+02
    2.999999999999999E+02
    3.000000000000000E+02
    2.999999999999999E+02
    2.999999999999999E+02
    2.999999999999999E+02
    2.999999999999999E+02
    3.000000000000000E+02
    2.999999999999999E+02
    3.000000000000000E+02
    2.999999999999999E+02
    2.999999999999998E+02
    2.999999999999999E+02
    2.999999999999998E+02
    3.000000000000000E+02
    2.999999999999999E+02
    2.999999999999999E+02
    2.999999999999999E+02
    3.000000000000000E+02
    2.999999999999999E+02
    2.999999999999999E+02
    3.000000000000000E+02
    3.000000000000001E+02
    3.000000000000001E+02
    3.000000000000002E+02
    3.000000000000002E+02
    3.000000000000002E+02
    3.000000000000001E+02
    3.000000000000000E+02
    3.000000000000000E+02
    3.000000000000001E+02
    3.000000000000001E+02
    3.000000000000000E+02
    3.000000000000001E+02
    3.000000000000001E+02
    3.000000000000001E+02
    3.000000000000001E+02
    3.000000000000001E+02
    3.000000000000001E+02
    3.000000000000001E+02
    3.000000000000000E+02
    2.999999999999999E+02
    2.999999999999999E+02
    2.999999999999999E+02
    2.999999999999999E+02
    2.999999999999999E+02
    2.999999999999999E+02
    3.000000000000000E+02
    3.000000000000000E+02
    3.000000000000000E+02
    3.000000000000001E+02
    3.000000000000001E+02
    3.000000000000001E+02
    3.000000000000002E+02
    3.000000000000002E+02
    3.000000000000001E+02
    3.000000000000001E+02
    3.000000000000001E+02
    3.000000000000001E+02
    3.000000000000001E+02
    2.999999999999999E+02
    3.000000000000000E+02
    2.999999999999999E+02
    2.999999999999999E+02
    2.999999999999999E+02
    2.999999999999999E+02
    2.999999999999998E+02
    2.999999999999999E+02
    2.999999999999999E+02
    2.999999999999998E+02
    2.999999999999998E+02
    2.999999999999999E+02
    2.999999999999999E+02
    2.999999999999999E+02
    2.999999999999999E+02
    2.999999999999999E+02
    2.999999999999999E+02
    2.999999999999999E+02
    3.000000000000000E+02
    3.000000000000000E+02
    3.000000000000001E+02
    3.000000000000000E+02
    3.000000000000001E+02
    2.999999999999999E+02
    3.000000000000000E+02
    3.000000000000001E+02
    3.000000000000001E+02
    3.000000000000001E+02
    3.000000000000001E+02
    2.999999999999999E+02
    2.999999999999999E+02
    2.999999999999999E+02
    2.999999999999998E+02
    2.999999999999999E+02
    2.999999999999999E+02
    2.999999999999999E+02
    2.999999999999999E+02
    2.999999999999999E+02
    2.999999999999999E+02
    2.999999999999999E+02
    3.000000000000000E+02
    3.000000000000000E+02
    3.000000000000001E+02
    3.000000000000001E+02
    3.000000000000001E+02
    3.000000000000001E+02
    3.000000000000000E+02
    3.000000000000000E+02
    3.000000000000000E+02
    3.000000000000000E+02
    3.000000000000000E+02
    2.999999999999999E+02
    2.999999999999998E+02
    2.999999999999999E+02
    3.000000000000000E+02
    3.000000000000001E+02
    3.000000000000001E+02
    3.000000000000001E+02
    3.000000000000001E+02
    3.000000000000000E+02
    3.000000000000000E+02
    3.000000000000000E+02
    3.000000000000000E+02
    3.000000000000000E+02
    3.000000000000001E+02
    3.000000000000001E+02
    3.000000000000001E+02
    3.000000000000001E+02
    3.000000000000000E+02
    3.000000000000001E+02
    3.000000000000001E+02
    3.000000000000002E+02
    3.000000000000002E+02
    3.000000000000001E+02
    3.000000000000000E+02
    3.000000000000001E+02
    3.000000000000001E+02
    3.000000000000000E+02
    3.000000000000000E+02
    3.000000000000000E+02
    3.000000000000001E+02
    2.999999999999999E+02
    3.000000000000000E+02
    2.999999999999999E+02
    2.999999999999999E+02
    2.999999999999999E+02
    3.000000000000000E+02
    3.000000000000000E+02
    3.000000000000001E+02
    3.000000000000001E+02
    3.000000000000001E+02
    3.000000000000002E+02
    3.000000000000001E+02
    3.000000000000002E+02
    3.000000000000001E+02
    3.000000000000001E+02
    3.000000000000001E+02
    3.000000000000001E+02
    3.000000000000001E+02
    3.000000000000001E+02
    3.000000000000002E+02
    3.000000000000002E+02
    3.000000000000003E+02
    3.000000000000002E+02
    3.000000000000002E+02
    3.000000000000000E+02
    3.000000000000001E+02
    3.000000000000001E+02
    3.000000000000002E+02
    3.000000000000002E+02
    3.000000000000002E+02
    3.000000000000002E+02
    3.000000000000002E+02
    3.000000000000002E+02
    3.000000000000002E+02
    3.000000000000002E+02
    3.000000000000003E+02
    3.000000000000003E+02
    3.000000000000003E+02
    3.000000000000003E+02
    3.000000000000003E+02
    3.000000000000003E+02
    3.000000000000003E+02
    3.000000000000003E+02
    3.000000000000001E+02
    3.000000000000002E+02
    3.000000000000003E+02
    3.000000000000002E+02
    3.000000000000002E+02
    3.000000000000002E+02
    3.000000000000001E+02
    3.000000000000000E+02
    3.000000000000001E+02
    3.000000000000001E+02
    3.000000000000001E+02
    3.000000000000001E+02
    3.000000000000001E+02
    3.000000000000002E+02
    3.000000000000002E+02
    3.000000000000002E+02
    3.000000000000001E+02
    2.999999999999999E+02
    2.999999999999999E+02
    2.999999999999999E+02
    3.000000000000000E+02
    2.999999999999999E+02
    3.000000000000000E+02
    2.999999999999999E+02
    2.999999999999999E+02
    2.999999999999999E+02
    2.999999999999999E+02
    2.999999999999999E+02
    2.999999999999999E+02
    3.000000000000000E+02
    3.000000000000001E+02
    3.000000000000001E+02
    3.000000000000001E+02
    3.000000000000001E+02
    3.000000000000001E+02
    3.000000000000002E+02
    3.000000000000001E+02
    3.000000000000001E+02
    3.000000000000001E+02
    3.000000000000001E+02
    3.000000000000001E+02
    3.000000000000000E+02
    3.000000000000001E+02
    3.000000000000001E+02
    3.000000000000000E+02
    2.999999999999999E+02
    2.999999999999999E+02
    2.999999999999999E+02
    2.999999999999999E+02
    2.999999999999999E+02
    3.000000000000000E+02
    3.000000000000001E+02
    3.000000000000001E+02
    3.000000000000001E+02
    3.000000000000000E+02
    3.000000000000000E+02
    3.000000000000000E+02
    3.000000000000001E+02
    3.000000000000002E+02
    3.000000000000002E+02
    3.000000000000003E+02
    3.000000000000003E+02
    3.000000000000002E+02
    3.000000000000002E+02
    3.000000000000002E+02
    3.000000000000003E+02
    3.000000000000003E+02
    3.000000000000002E+02
    3.000000000000001E+02
    3.000000000000001E+02
    3.000000000000001E+02
    3.000000000000002E+02
    3.000000000000002E+02
    3.000000000000001E+02
    3.000000000000002E+02
    3.000000000000002E+02
    3.000000000000003E+02
    3.000000000000002E+02
    3.000000000000003E+02
    3.000000000000003E+02
    3.000000000000003E+02
    3.000000000000003E+02
    3.000000000000002E+02
    3.000000000000003E+02
    3.000000000000003E+02
    3.000000000000003E+02
    3.000000000000000E+02
    3.000000000000000E+02
    2.999999999999999E+02
    2.999999999999999E+02
    2.999999999999999E+02
    2.999999999999999E+02
    2.999999999999999E+02
    2.999999999999999E+02
    3.000000000000000E+02
    3.000000000000001E+02
    3.000000000000001E+02
    3.000000000000001E+02
    3.000000000000001E+02
    3.000000000000001E+02
    3.000000000000000E+02
    2.999999999999999E+02
    2.999999999999999E+02
    3.000000000000000E+02
    3.000000000000000E+02
    2.999999999999999E+02
    2.999999999999999E+02
    2.999999999999999E+02
    3.000000000000000E+02
    3.000000000000001E+02
    3.000000000000000E+02
    3.000000000000000E+02
    3.000000000000000E+02
    3.000000000000002E+02
    3.000000000000002E+02
    3.000000000000001E+02
    3.000000000000001E+02
    3.000000000000001E+02
    3.000000000000001E+02
    3.000000000000001E+02
    3.000000000000001E+02
    3.000000000000001E+02
    3.000000000000000E+02
    3.000000000000001E+02
    3.000000000000000E+02
    3.000000000000001E+02
    3.000000000000001E+02
    3.000000000000001E+02
    3.000000000000000E+02
    2.999999999999999E+02
    3.000000000000001E+02
    3.000000000000001E+02
    3.000000000000001E+02
    3.000000000000002E+02
    3.000000000000002E+02
    3.000000000000001E+02
    3.000000000000001E+02
    3.000000000000001E+02
    2.999999999999999E+02
    2.999999999999999E+02
    3.000000000000000E+02
    3.000000000000000E+02
    2.999999999999999E+02
    2.999999999999999E+02
    2.999999999999999E+02
    2.999999999999999E+02
    2.999999999999998E+02
    2.999999999999998E+02
    2.999999999999998E+02
    2.999999999999999E+02
    2.999999999999999E+02
    2.999999999999999E+02
    2.999999999999999E+02
    2.999999999999999E+02
    2.999999999999999E+02
    2.999999999999999E+02
    2.999999999999999E+02
    2.999999999999999E+02
    3.000000000000000E+02
    3.000000000000000E+02
    3.000000000000000E+02
    3.000000000000000E+02
    3.000000000000001E+02
    3.000000000000001E+02
    2.999999999999999E+02
    2.999999999999999E+02
    3.000000000000000E+02
    2.999999999999999E+02
    2.999999999999999E+02
    3.000000000000000E+02
    2.999999999999999E+02
    3.000000000000000E+02
    3.000000000000001E+02
    3.000000000000001E+02
    3.000000000000001E+02
    3.000000000000001E+02
    2.999999999999999E+02
    2.999999999999999E+02
    2.999999999999999E+02
    2.999999999999999E+02
    3.000000000000000E+02
    3.000000000000000E+02
    3.000000000000001E+02
    3.000000000000001E+02
    3.000000000000000E+02
    2.999999999999999E+02
    2.999999999999999E+02
    3.000000000000001E+02
    3.000000000000000E+02
    3.000000000000001E+02
    3.000000000000000E+02
    3.000000000000000E+02
    3.000000000000001E+02
    3.000000000000000E+02
    2.999999999999999E+02
    3.000000000000000E+02
    3.000000000000000E+02
    3.000000000000001E+02
    3.000000000000001E+02
    3.000000000000002E+02
    3.000000000000002E+02
    3.000000000000001E+02
    3.000000000000001E+02
    3.000000000000001E+02
    3.000000000000002E+02
    3.000000000000001E+02
    3.000000000000000E+02
    2.999999999999999E+02
    3.000000000000000E+02
    2.999999999999999E+02
    2.999999999999999E+02
    2.999999999999999E+02
    2.999999999999998E+02
    2.999999999999998E+02
    2.999999999999998E+02
    2.999999999999997E+02
    2.999999999999998E+02
    2.999999999999998E+02
    2.999999999999998E+02
    2.999999999999998E+02
    2.999999999999998E+02
    2.999999999999999E+02
    2.999999999999998E+02
    2.999999999999998E+02
    2.999999999999999E+02
    2.999999999999999E+02
    2.999999999999998E+02
    2.999999999999999E+02
    2.999999999999999E+02
    2.999999999999998E+02
    2.999999999999998E+02
    2.999999999999999E+02
    2.999999999999999E+02
    3.000000000000000E+02
    2.999999999999999E+02
    2.999999999999999E+02
    2.999999999999999E+02
    3.000000000000000E+02
    2.999999999999999E+02
    2.999999999999999E+02
    2.999999999999999E+02
    3.000000000000000E+02
    3.000000000000001E+02
    3.000000000000000E+02
    3.000000000000001E+02
    3.000000000000000E+02
SCALARS pressure double 1
LOOKUP_TABLE default
    4.969233082563590E-03
    4.936960079173387E-03
    4.866751606120731E-03
    4.817050869967567E-03
    4.756284337833141E-03
    4.701585726965355E-03
    4.643540898026294E-03
    4.586958526371173E-03
    4.529118796185099E-03
    4.471209685733096E-03
    4.412479536847316E-03
    4.353209894840561E-03
    4.293203625695147E-03
    4.232553317532872E-03
    4.171240337991316E-03
    4.109332759614556E-03
    4.046877229161775E-03
    3.983946958550214E-03
    3.920610967114007E-03
    3.856943973968528E-03
    3.793016440724543E-03
    3.728895553818633E-03
    3.664641549653165E-03
    3.600307296516932E-03
    3.535937083077388E-03
    3.471566594483901E-03
    3.407222977497554E-03
    3.342925432914555E-03
    3.278685988576631E-03
    3.214510506972205E-03
    3.150399776763455E-03
    3.086350656239946E-03
    3.022357194395804E-03
    2.958411693793608E-03
    2.894505678951446E-03
    2.830630752101619E-03
    2.766779324644266E-03
    2.702945221861827E-03
    2.639124162692413E-03
    2.575314119388932E-03
    2.511515562091408E-03
    2.447731592042121E-03
    2.383967964327523E-03
    2.320232997724915E-03
    2.256537365831100E-03
    2.192893761196113E-03
    2.129316423090795E-03
    2.065820520768834E-03
    2.002421387235033E-03
    1.939133605788179E-03
    1.875969958694318E-03
    1.812940262792003E-03
    1.750050123135413E-03
    1.687299666020857E-03
    1.624682298255873E-03
    1.562183611268333E-03
    1.499780448164684E-03
    1.437440383489136E-03
    1.375121425810934E-03
    1.312772612245454E-03
    1.250334465068920E-03
    1.187741592724420E-03
    1.124923115856042E-03
    1.061809524580769E-03
    9.983290371222190E-04
    9.344266516077163E-04
    8.700404666815664E-04
    8.051632049604369E-04
    7.397378239900613E-04
    6.738785532267468E-04
    6.074521505830893E-04
    5.409140882996179E-04
    4.736865385935538E-04
    4.072961069884253E-04
    3.393335872351140E-04
    2.751244989015747E-04
    2.047930060744128E-04
    1.485215149804039E-04
    6.863674057509585E-05
    3.416042159352653E-05
    4.947066091870883E-03
    4.917196167909440E-03
    4.839810394838997E-03
    4.785692322048654E-03
    4.719767830493883E-03
    4.659969629418464E-03
    4.597012218552976E-03
    4.535688475717899E-03
    4.473506530497660E-03
    4.411703060383870E-03
    4.349633727053976E-03
    4.287606982668577E-03
    4.225455452226530E-03
    4.163258643355871E-03
    4.100975350294535E-03
    4.038629728043137E-03
    3.976216216676951E-03
    3.913746841696216E-03
    3.851226535962965E-03
    3.788664865470548E-03
    3.726069429416153E-03
    3.663448608839752E-03
    3.600809693098226E-03
    3.538159451038159E-03
    3.475503579023348E-03
    3.412846821845358E-03
    3.350192852037532E-03
    3.287544353954207E-03
    3.224903072413269E-03
    3.162269933688303E-03
    3.099645166203123E-03
    3.037028442855056E-03
    2.974419021426076E-03
    2.911815883807528E-03
    2.849217865199939E-03
    2.786623771462982E-03
    2.724032481354560E-03
    2.661443032869601E-03
    2.598854692912154E-03
    2.536267010375731E-03
    2.473679852724335E-03
    2.411093426230607E-03
    2.348508279745358E-03
    2.285925291667882E-03
    2.223345639491705E-03
    2.160770751172312E-03
    2.098202237539847E-03
    2.035641805423702E-03
    1.973091151605774E-03
    1.910551838902561E-03
    1.848025156168952E-03
    1.785511968202869E-03
    1.723012557103825E-03
    1.660526471130576E-03
    1.598052373950785E-03
    1.535587937768279E-03
    1.473129729017249E-03
    1.410673225609844E-03
    1.348212728900405E-03
    1.285741669542974E-03
    1.223252353960097E-03
    1.160737063563993E-03
    1.098186733171293E-03
    1.035594668127461E-03
    9.729505390871127E-04
    9.102537782344079E-04
    8.474888494004742E-04
    7.846757548645941E-04
    7.217722094868177E-04
    6.588684328622445E-04
    5.958035576841875E-04
    5.329234868540911E-04
    4.695937073633541E-04
    4.071044847986487E-04
    3.429898419873343E-04
    2.822184135438113E-04
    2.149535349415789E-04
    1.607559291543421E-04
    8.179682204522969E-05
    5.115850836524581E-05
    4.947496425844479E-03
    4.917538614956800E-03
    4.840253665136390E-03
    4.786167945974693E-03
    4.720298596535659E-03
    4.660542322715493E-03
    4.597620669185114E-03
    4.536334425915467E-03
    4.474182342160036E-03
    4.412406679837434E-03
    4.350359592594860E-03
    4.288350992521278E-03
    4.226212601632044E-03
    4.164024578505333E-03
    4.101745667489180E-03
    4.039400522119047E-03
    3.976983896304668E-03
    3.914508300057902E-03
    3.851979100422851E-03
    3.789406333728111E-03
    3.726798034863680E-03
    3.664163002190928E-03
    3.601508898961735E-03
    3.538842825546293E-03
    3.476170759223989E-03
    3.413497675769562E-03
    3.350827428500877E-03
    3.288162835777631E-03
    3.225505733697281E-03
    3.162857102686247E-03
    3.100217194372449E-03
    3.037585680541038E-03
    2.974961800065211E-03
    2.912344504491130E-03
    2.849732593093261E-03
    2.787124835487225E-03
    2.724520078428063E-03
    2.661917335964362E-03
    2.599315862158987E-03
    2.536715206460451E-03
    2.474115251826816E-03
    2.411516235760890E-03
    2.348918754135334E-03
    2.286323747453463E-03
    2.223732468894278E-03
    2.161146433358699E-03
    2.098567346697001E-03
    2.035997014764281E-03
    1.973437232401660E-03
    1.910889653779848E-03
    1.848355645882060E-03
    1.785836131321513E-03
    1.723331422265028E-03
    1.660841061918945E-03
    1.598363666748996E-03
    1.535896813679696E-03
    1.473436920696211E-03
    1.410979262010821E-03
    1.348517878308689E-03
    1.286045888241388E-03
    1.223555235533427E-03
    1.161037808677141E-03
    1.098484112908553E-03
    1.035887044115192E-03
    9.732358310081965E-04
    9.105295982074204E-04
    8.477523991294144E-04
    7.849242531628099E-04
    7.220024159078225E-04
    6.590779875458950E-04
    5.959889647857071E-04
    5.330843275566742E-04
    4.697262548512323E-04
    4.072123525074468E-04
    3.430669015161276E-04
    2.822811201881503E-04
    2.149803121337040E-04
    1.607846847184380E-04
    8.180196993651756E-05
    5.107683705826110E-05
    4.945918307814567E-03
    4.916153068171423E-03
    4.838326752364590E-03
    4.783932935163417E-03
    4.717714952265979E-03
    4.657610442145213E-03
    4.594348142948214E-03
    4.532736139037197E-03
    4.470282296162450E-03
    4.408236197025609E-03
    4.345956026429417E-03
    4.283754476387324E-03
    4.221465141639040E-03
    4.159167682461316E-03
    4.096819288502998E-03
    4.034441769266951E-03
    3.972026318719956E-03
    3.909581297140605E-03
    3.847107664844856E-03
    3.784610969601151E-03
    3.722094887140999E-03
    3.659564124518636E-03
    3.597022643351838E-03
    3.534474307950699E-03
    3.471922372681677E-03
    3.409369617970805E-03
    3.346818218843117E-03
    3.284269799880325E-03
    3.221725439576983E-03
    3.159185736696405E-03
    3.096650870455909E-03
    3.034120680299963E-03
    2.971594744589487E-03
    2.909072461586127E-03
    2.846553125507402E-03
    2.784035997003744E-03
    2.721520365337982E-03
    2.659005601625596E-03
    2.596491202279621E-03
    2.533976822453274E-03
    2.471462299252898E-03
    2.408947664699908E-03
    2.346433148245911E-03
    2.283919168677651E-03
    2.221406315067840E-03
    2.158895316465549E-03
    2.096387000105546E-03
    2.033882238249061E-03
    1.971381884011426E-03
    1.908886697518875E-03
    1.846397263481040E-03
    1.783913904994072E-03
    1.721436593181991E-03
    1.658964865906405E-03
    1.596497744846848E-03
    1.534033690041244E-03
    1.471570535182717E-03
    1.409105537356991E-03
    1.346635298157858E-03
    1.284156052974820E-03
    1.221663361834265E-03
    1.159153125613326E-03
    1.096620123213314E-03
    1.034061582045760E-03
    9.714709180912593E-04
    9.088509712957557E-04
    8.461888392340769E-04
    7.835063842077426E-04
    7.207615194199837E-04
    6.580438635107695E-04
    5.951885230592372E-04
    5.325380029146959E-04
    4.694482983499994E-04
    4.072031472258900E-04
    3.433184091731752E-04
    2.827713470190853E-04
    2.156590171726899E-04
    1.616302583981862E-04
    8.261293135732759E-05
    5.216747084269894E-05
    4.945716821869766E-03
    4.916028814481338E-03
    4.838065520097242E-03
    4.783631765912652E-03
    4.717369317192059E-03
    4.657219379513692E-03
    4.593910253617124E-03
    4.532256222453174E-03
    4.469761531993913E-03
    4.407679542347265E-03
    4.345368130302142E-03
    4.283140780483583E-03
    4.220831146823573E-03
    4.158518941891253E-03
    4.096161073780373E-03
    4.033779016991896E-03
    3.971363475057042E-03
    3.908922273320066E-03
    3.846455788497362E-03
    3.783968982542982E-03
    3.721464958041183E-03
    3.658947885743229E-03
    3.596421240075606E-03
    3.533888458858770E-03
    3.471352435950208E-03
    3.408815659768356E-03
    3.346280080107423E-03
    3.283747159448985E-03
    3.221217871291662E-03
    3.158692758561644E-03
    3.096171985413348E-03
    3.033655408085564E-03
    2.971142644760715E-03
    2.908633148154868E-03
    2.846126273852259E-03
    2.783621343932471E-03
    2.721117703252930E-03
    2.658614767792156E-03
    2.596112064185879E-03
    2.533609260233724E-03
    2.471106186121853E-03
    2.408602846306906E-03
    2.346099421874673E-03
    2.283596263214952E-03
    2.221093872714471E-03
    2.158592877230521E-03
    2.096093990173475E-03
    2.033597963373406E-03
    1.971105529084651E-03
    1.908617333487552E-03
    1.846133862628890E-03
    1.783655365436802E-03
    1.721181773137221E-03
    1.658712627880380E-03
    1.596247009374156E-03
    1.533783497993974E-03
    1.471320116890654E-03
    1.408854386083448E-03
    1.346383244216767E-03
    1.283903335806860E-03
    1.221410693263420E-03
    1.158901742122557E-03
    1.096371815484028E-03
    1.033818708510181E-03
    9.712363723162827E-04
    9.086281450555127E-04
    8.459814881208533E-04
    7.833185582087081E-04
    7.205972346286716E-04
    6.579071776646268E-04
    5.950826239747043E-04
    5.324660331134761E-04
    4.694114568635530E-04
    4.072021561872023E-04
    3.433499989840258E-04
    2.828395490519094E-04
    2.157365285878720E-04
    1.617520017052483E-04
    8.266557203898336E-05
    5.225983158994265E-05
    4.945570928465005E-03
    4.915965148259699E-03
    4.837885134375737E-03
    4.783427253579828E-03
    4.717133331527698E-03
    4.656953001374502E-03
    4.593611950644391E-03
    4.531929804238327E-03
    4.469407382055199E-03
    4.407301109793034E-03
    4.344968536408905E-03
    4.282723682194654E-03
    4.220400276758424E-03
    4.158078052675734E-03
    4.095713735373849E-03
    4.033328568797965E-03
    3.970912926636492E-03
    3.908474271124258E-03
    3.846012585709164E-03
    3.783532436723125E-03
    3.721036540720185E-03
    3.658528707093248E-03
    3.596012082274736E-03
    3.533489816858912E-03
    3.470964561842350E-03
    3.408438608741009E-03
    3.345913755123927E-03
    3.283391353519308E-03
    3.220872305798896E-03
    3.158357116133124E-03
    3.095845937238483E-03
    3.033338635272674E-03
    2.970834853802889E-03
    2.908334080794034E-03
    2.845835711787491E-03
    2.783339108952886E-03
    2.720843653429483E-03
    2.658348790393061E-03
    2.595854065979499E-03
    2.533359155828009E-03
    2.470863884971496E-03
    2.408368239005568E-03
    2.345872366345047E-03
    2.283376571422053E-03
    2.220881298556065E-03
    2.158387106296030E-03
    2.095894632101929E-03
    2.033404547579661E-03
    1.970917504615873E-03
    1.908434073789801E-03
    1.845954675900631E-03
    1.783479511127958E-03
    1.721008484969351E-03
    1.658541143472416E-03
    1.596076606247384E-03
    1.533613535282388E-03
    1.471150081647000E-03
    1.408683942405935E-03
    1.346212282806206E-03
    1.283732022299846E-03
    1.221239510668090E-03
    1.158731525792661E-03
    1.096203772983696E-03
    1.033654428596155E-03
    9.710778030450095E-04
    9.084775686207538E-04
    8.458414303075104E-04
    7.831917413118904E-04
    7.204863495079870E-04
    6.578149560624627E-04
    5.950111581672171E-04
    5.324174266357711E-04
    4.693864702314958E-04
    4.072011390277361E-04
    3.433702243899271E-04
    2.828853376062514E-04
    2.157832405912996E-04
    1.618331987281684E-04
    8.268306274074703E-05
    5.231387765809689E-05
    4.945525252934082E-03
    4.915994038064034E-03
    4.837838384440330E-03
    4.783378348301473E-03
    4.717075772459931E-03
    4.656888748540909E-03
    4.593539024846109E-03
    4.531850845474379E-03
    4.469321239612707E-03
    4.407209008726500E-03
    4.344871089866751E-03
    4.282621772725587E-03
    4.220294795130520E-03
    4.157969913739391E-03
    4.095603798806094E-03
    4.033217648762787E-03
    3.970801756191552E-03
    3.908363499999779E-03
    3.845902771692927E-03
    3.783424046101348E-03
    3.720929950126389E-03
    3.658424209153901E-03
    3.595909892784072E-03
    3.533390083729629E-03
    3.470867374745334E-03
    3.408344009249634E-03
    3.345821746396031E-03
    3.283301909710148E-03
    3.220785380850295E-03
    3.158272651200169E-03
    3.095763867051156E-03
    3.033258893227923E-03
    2.970757375788204E-03
    2.908258807786294E-03
    2.845762591296395E-03
    2.783268095423850E-03
    2.720774707732771E-03
    2.658281878541779E-03
    2.595789157222746E-03
    2.533296220270505E-03
    2.470802890873605E-03
    2.408309149914682E-03
    2.345815138212689E-03
    2.283321149859891E-03
    2.220827616389555E-03
    2.158335081581830E-03
    2.095844166774139E-03
    2.033355526896775E-03
    1.970869797557932E-03
    1.908387534577707E-03
    1.845909146755682E-03
    1.783434826365117E-03
    1.720964476482371E-03
    1.658497647590403E-03
    1.596033471907838E-03
    1.533570633333870E-03
    1.471107315071992E-03
    1.408641256930522E-03
    1.346169677307201E-03
    1.283689559324032E-03
    1.221197325056393E-03
    1.158689832291221E-03
    1.096162868836906E-03
    1.033614697029283E-03
    9.710397032003054E-04
    9.084416374436419E-04
    8.458082453198352E-04
    7.831619395018852E-04
    7.204605053616555E-04
    6.577937521050247E-04
    5.949948832639217E-04
    5.324067139620365E-04
    4.693811874613146E-04
    4.072014499086452E-04
    3.433739754045863E-04
    2.828981462206603E-04
    2.157840521296815E-04
    1.618558825692519E-04
    8.265025768958537E-05
    5.230015337873742E-05
    4.945492998069467E-03
    4.916034106954179E-03
    4.837818303424233E-03
    4.783360437631464E-03
    4.717052896788746E-03
    4.656863447652511E-03
    4.593509481328993E-03
    4.531819217278591E-03
    4.469286325912475E-03
    4.407171514840841E-03
    4.344831224241150E-03
    4.282579869244137E-03
    4.220251235845110E-03
    4.157925071713571E-03
    4.095558033925922E-03
    4.033171298813257E-03
    3.970755129326702E-03
    3.908316869935605E-03
    3.845856377744866E-03
    3.783378091890714E-03
    3.720884605346955E-03
    3.658379611096301E-03
    3.595866149047345E-03
    3.533347275118342E-03
    3.470825558573390E-03
    3.408303222778637E-03
    3.345782010078591E-03
    3.283263230438829E-03
    3.220747755202761E-03
    3.158236068135215E-03
    3.095728310319134E-03
    3.033224343390974E-03
    2.970723811831091E-03
    2.908226208319380E-03
    2.845730935354233E-03
    2.783237362887927E-03
    2.720744879412402E-03
    2.658252935958544E-03
    2.595761082148184E-03
    2.533268994074050E-03
    2.470776493743613E-03
    2.408283560014900E-03
    2.345790330839891E-03
    2.283297096665555E-03
    2.220804284730371E-03
    2.158312434064733E-03
    2.095822161054665E-03
    2.033334115790186E-03
    1.970848929500865E-03
    1.908367154497659E-03
    1.845889197365965E-03
    1.783415249895607E-03
    1.720945216849757E-03
    1.658478652968662E-03
    1.596014697687400E-03
    1.533552045358216E-03
    1.471088893154463E-03
    1.408622998244862E-03
    1.346151599616992E-03
    1.283671704405148E-03
    1.221179761230227E-03
    1.158672656635673E-03
    1.096146207365313E-03
    1.033598705848084E-03
    9.710245634037559E-04
    9.084275572255183E-04
    8.457954419409967E-04
    7.831506540017884E-04
    7.204509309356703E-04
    6.577861663402201E-04
    5.949892861720139E-04
    5.324033936887469E-04
    4.693799508752872E-04
    4.072023042659044E-04
    3.433750743030197E-04
    2.829047879567264E-04
    2.157774518728005E-04
    1.618668471567407E-04
    8.261539892806735E-05
    5.228076258252980E-05
    4.945467143385875E-03
    4.916076774710657E-03
    4.837812866680038E-03
    4.783359308426187E-03
    4.717048686758878E-03
    4.656858876056617E-03
    4.593502973990820E-03
    4.531812518419652E-03
    4.469278353744327E-03
    4.407162649381896E-03
    4.344821508843000E-03
    4.282569343883464E-03
    4.220240036627393E-03
    4.157913290012136E-03
    4.095545778379968E-03
    4.033158661370282E-03
    3.970742200948239E-03
    3.908303730052042E-03
    3.845843101330771E-03
    3.783364746157182E-03
    3.720871252264775E-03
    3.658366306555779E-03
    3.595852943545454E-03
    3.533334213513725E-03
    3.470812680234708E-03
    3.408290561571932E-03
    3.345769594368683E-03
    3.283251083162977E-03
    3.220735894243150E-03
    3.158224506600566E-03
    3.095717056905839E-03
    3.033213402808841E-03
    2.970713185258202E-03
    2.908215893868514E-03
    2.845720928522374E-03
    2.783227656973534E-03
    2.720735465887521E-03
    2.658243804791243E-03
    2.595752222075326E-03
    2.533260392832411E-03
    2.470768138274575E-03
    2.408275436658349E-03
    2.345782425536681E-03
    2.283289395184154E-03
    2.220796772933028E-03
    2.158305098226583E-03
    2.095814988239419E-03
    2.033327094283724E-03
    1.970842049284198E-03
    1.908360407757004E-03
    1.845882579007976E-03
    1.783408758036616E-03
    1.720938853257414E-03
    1.658472423408043E-03
    1.596008612187626E-03
    1.533546118320764E-03
    1.471083143434059E-03
    1.408617448825614E-03
    1.346146277232784E-03
    1.283666639301250E-03
    1.221174986713848E-03
    1.158668208397502E-03
    1.096142122906316E-03
    1.033595023822520E-03
    9.710213226126698E-04
    9.084247963845682E-04
    8.457931965182568E-04
    7.831489601173358E-04
    7.204497961657639E-04
    6.577856518516418E-04
    5.949892730839804E-04
    5.324039650620969E-04
    4.693809380098438E-04
    4.072035896007003E-04
    3.433751007119927E-04
    2.829083822701176E-04
    2.157679893471308E-04
    1.618719592574217E-04
    8.258300280588903E-05
    5.226128824118243E-05
    4.945442428904562E-03
    4.916115833480944E-03
    4.837812479226337E-03
    4.783363715052466E-03
    4.717050469680620E-03
    4.656860642941303E-03
    4.593503480515211E-03
    4.531813120464168E-03
    4.469278227003824E-03
    4.407161992052981E-03
    4.344820387402843E-03
    4.282567701102434E-03
    4.220237968692413E-03
    4.157910809830887E-03
    4.095542938592804E-03
    4.033155489179937E-03
    3.970738733684218E-03
    3.908299996058000E-03
    3.845839132872674E-03
    3.783360573754938E-03
    3.720866908627778E-03
    3.658361824714898E-03
    3.595848357428796E-03
    3.533329556838931E-03
    3.470807986004530E-03
    3.408285861180180E-03
    3.345764916868858E-03
    3.283246454525296E-03
    3.220731336971976E-03
    3.158220039418582E-03
    3.095712694567846E-03
    3.033209156096974E-03
    2.970709061113428E-03
    2.908211895639534E-03
    2.845717056298563E-03
    2.783223907976359E-03
    2.720731834896939E-03
    2.658240284590055E-03
    2.595748803898852E-03
    2.533257066818205E-03
    2.470764893913784E-03
    2.408272263251012E-03
    2.345779312656728E-03
    2.283286333156215E-03
    2.220793753322345E-03
    2.158302114340606E-03
    2.095812035630074E-03
    2.033324171236313E-03
    1.970839157261875E-03
    1.908357551782559E-03
    1.845879767941718E-03
    1.783406004710824E-03
    1.720936174443568E-03
    1.658469839567970E-03
    1.596006147039972E-03
    1.533543798142023E-03
    1.471080996287145E-03
    1.408615503288802E-03
    1.346144561224673E-03
    1.283665178884424E-03
    1.221173805113381E-03
    1.158667324379761E-03
    1.096141550758465E-03
    1.033594771189016E-03
    9.710213929421658E-04
    9.084251840667394E-04
    8.457938954430526E-04
    7.831499507608843E-04
    7.204510537465261E-04
    6.577871665646340E-04
    5.949909402941349E-04
    5.324057660530707E-04
    4.693827975927038E-04
    4.072052774495639E-04
    3.433753387159302E-04
    2.829113936118510E-04
    2.157591714656347E-04
    1.618757485303340E-04
    8.255596424809375E-05
    5.224640910457915E-05
    4.945419213433928E-03
    4.916150513782626E-03
    4.837814795948691E-03
    4.783370832157652E-03
    4.717055242471531E-03
    4.656865324026036E-03
    4.593507221297441E-03
    4.531816857314209E-03
    4.469281436672491E-03
    4.407164716631784E-03
    4.344822763906889E-03
    4.282569620748239E-03
    4.220239536693861E-03
    4.157912008683088E-03
    4.095543811174732E-03
    4.033156040850432E-03
    3.970738986952656E-03
    3.908299962219655E-03
    3.845838830449721E-03
    3.783360020378895E-03
    3.720866126522137E-03
    3.658360838108937E-03
    3.595847193462478E-03
    3.533328244126571E-03
    3.470806554064371E-03
    3.408284339266178E-03
    3.345763333092911E-03
    3.283244834862649E-03
    3.220729704630425E-03
    3.158218414351505E-03
    3.095711093102978E-03
    3.033207590781114E-03
    2.970707540722317E-03
    2.908210425336275E-03
    2.845715637908392E-03
    2.783222540349981E-03
    2.720730514336877E-03
    2.658239005319327E-03
    2.595747558555597E-03
    2.533255846966175E-03
    2.470763690565074E-03
    2.408271067397970E-03
    2.345778115813249E-03
    2.283285127905231E-03
    2.220792533865270E-03
    2.158300877041624E-03
    2.095810779539283E-03
    2.033322898572624E-03
    1.970837873822291E-03
    1.908356267254022E-03
    1.845878496074465E-03
    1.783404763312785E-03
    1.720934985175012E-03
    1.658468727488054E-03
    1.596005139948136E-03
    1.533542925624485E-03
    1.471080288702413E-03
    1.408614990212430E-03
    1.346144270137592E-03
    1.283665133647870E-03
    1.221174025035846E-03
    1.158667822103508E-03
    1.096142333088509E-03
    1.033595835481294E-03
    9.710227328343365E-04
    9.084267794151865E-04
    8.457957318746921E-04
    7.831519883992118E-04
    7.204532718935346E-04
    6.577895184792272E-04
    5.949933674406978E-04
    5.324081730761873E-04
    4.693852192003266E-04
    4.072073758071646E-04
    3.433761241947235E-04
    2.829144607859795E-04
    2.157518634162953E-04
    1.618795280621325E-04
    8.253401451559044E-05
    5.223703788571972E-05
    4.945398457375337E-03
    4.916180866144946E-03
    4.837818760561470E-03
    4.783379311117323E-03
    4.717061651836279E-03
    4.656871356429107E-03
    4.593512499417329E-03
    4.531821853121787E-03
    4.469285958988546E-03
    4.407168655826898E-03
    4.344826351584448E-03
    4.282572715761924E-03
    4.220242275530436E-03
    4.157914364585550E-03
    4.095545837889799E-03
    4.033157740926654E-03
    3.970740385389418E-03
    3.908301068464042E-03
    3.845839662266952E-03
    3.783360593223335E-03
    3.720866460621151E-03
    3.658360955285278E-03
    3.595847118556144E-03
    3.533328003460873E-03
    3.470806175065322E-03
    3.408283849289053E-03
    3.345762758651258E-03
    3.283244200637418E-03
    3.220729032821292E-03
    3.158217724204449E-03
    3.095710400519975E-03
    3.033206908141661E-03
    2.970706876864657E-03
    2.908209785684657E-03
    2.845715024718010E-03
    2.783221953043000E-03
    2.720729949905690E-03
    2.658238458776713E-03
    2.595747023415531E-03
    2.533255315744461E-03
    2.470763155294655E-03
    2.408270520154340E-03
    2.345777549248335E-03
    2.283284535785020E-03
    2.220791911605411E-03
    2.158300222232389E-03
    2.095810092443405E-03
    2.033322182576504E-03
    1.970837135809305E-03
    1.908355517875403E-03
    1.845877749880833E-03
    1.783404038707986E-03
    1.720934304176493E-03
    1.658468115246262E-03
    1.596004624077109E-03
    1.533542535242486E-03
    1.471080053444193E-03
    1.408614938689927E-03
    1.346144428778731E-03
    1.283665525114417E-03
    1.221174667597920E-03
    1.158668727222416E-03
    1.096143507222170E-03
    1.033597275027591E-03
    9.710244330795833E-04
    9.084287189549008E-04
    8.457979029394469E-04
    7.831543462729135E-04
    7.204558163612924E-04
    6.577921803638830E-04
    5.949961494148562E-04
    5.324109131104276E-04
    4.693880721551612E-04
    4.072098959027640E-04
    3.433776246522998E-04
    2.829178973841116E-04
    2.157464463113036E-04
    1.618839978132405E-04
    8.251651201599663E-05
    5.223373850466593E-05
    4.945381327066108E-03
    4.916207330089405E-03
    4.837824066895553E-03
    4.783388654981268E-03
    4.717069287705880E-03
    4.656878234471023E-03
    4.593518798337608E-03
    4.531827527738402E-03
    4.469291175470215E-03
    4.407173145107994E-03
    4.344830451161532E-03
    4.282576256365377E-03
    4.220245432278748E-03
    4.157917107466978E-03
    4.095548237739145E-03
    4.033159803038489E-03
    3.970742142410205E-03
    3.908302532523510E-03
    3.845840854296545E-03
    3.783361529770551E-03
    3.720867162548241E-03
    3.658361444026371E-03
    3.595847418103706E-03
    3.533328138795771E-03
    3.470806172035931E-03
    3.408283733510893E-03
    3.345762554908423E-03
    3.283243931975221E-03
    3.220728719953148E-03
    3.158217385103679E-03
    3.095710050064587E-03
    3.033206557952999E-03
    2.970706535290833E-03
    2.908209457917154E-03
    2.845714713017683E-03
    2.783221657050937E-03
    2.720729667017831E-03
    2.658238184563420E-03
    2.595746752071221E-03
    2.533255040556937E-03
    2.470762869128874E-03
    2.408270215945747E-03
    2.345777220503610E-03
    2.283284177085277E-03
    2.220791519105878E-03
    2.158299794149943E-03
    2.095809629516339E-03
    2.033321688478198E-03
    1.970836617487694E-03
    1.908354985794698E-03
    1.845877218133553E-03
    1.783403524961717E-03
    1.720933829444986E-03
    1.658467703437859E-03
    1.596004301380522E-03
    1.533542329237780E-03
    1.471079992219379E-03
    1.408615049412151E-03
    1.346144736761182E-03
    1.283666052248209E-03
    1.221175432112909E-03
    1.158669741009633E-03
    1.096144778650044E-03
    1.033598802416999E-03
    9.710262168688635E-04
    9.084307404316393E-04
    8.458001654283169E-04
    7.831568046126113E-04
    7.204584960264927E-04
    6.577949932558536E-04
    5.949991653696315E-04
    5.324139045597729E-04
    4.693913220925788E-04
    4.072128449176247E-04
    3.433799082867115E-04
    2.829218260436860E-04
    2.157430272664387E-04
    1.618894963704629E-04
    8.250270492010905E-05
    5.223689194164000E-05
    4.945368817385594E-03
    4.916230359209184E-03
    4.837830636565167E-03
    4.783398619074715E-03
    4.717078004140555E-03
    4.656885740318027E-03
    4.593525922509258E-03
    4.531833651467637E-03
    4.469296848365448E-03
    4.407177927041715E-03
    4.344834793983157E-03
    4.282579962555369E-03
    4.220248719095836E-03
    4.157919943413024E-03
    4.095550713062241E-03
    4.033161927625418E-03
    3.970743958384736E-03
    3.908304056290777E-03
    3.845842111381666E-03
    3.783362539028176E-03
    3.720867946483918E-03
    3.658362024485893E-03
    3.595847818835107E-03
    3.533328383858760E-03
    3.470806285960350E-03
    3.408283740295783E-03
    3.345762477610907E-03
    3.283243791917841E-03
    3.220728536216576E-03
    3.158217174195664E-03
    3.095709825622839E-03
    3.033206330617031E-03
    2.970706312701054E-03
    2.908209244830306E-03
    2.845714511519703E-03
    2.783221466844912E-03
    2.720729485769030E-03
    2.658238008284499E-03
    2.595746575534537E-03
    2.533254857724639E-03
    2.470762673595921E-03
    2.408270001391362E-03
    2.345776981149057E-03
    2.283283908153402E-03
    2.220791217276838E-03
    2.158299458005135E-03
    2.095809259956433E-03
    2.033321289098619E-03
    1.970836194887022E-03
    1.908354549794013E-03
    1.845876781879908E-03
    1.783403104882884E-03
    1.720933445050390E-03
    1.658467376918706E-03
    1.596004057076103E-03
    1.533542192845770E-03
    1.471079990042178E-03
    1.408615207076224E-03
    1.346145078533247E-03
    1.283666599498558E-03
    1.221176203492492E-03
    1.158670749515710E-03
    1.096146035465049E-03
    1.033600308881722E-03
    9.710279798912576E-04
    9.084327453781748E-04
    8.458024283900815E-04
    7.831592813048403E-04
    7.204612398542649E-04
    6.577978975364989E-04
    5.950023710195562E-04
    5.324171160472929E-04
    4.693949599363443E-04
    4.072162248662704E-04
    3.433830132681122E-04
    2.829263061598482E-04
    2.157416334085349E-04
    1.618962289198656E-04
    8.249193909347596E-05
    5.224687997395793E-05
    4.945361699599997E-03
    4.916250354167975E-03
    4.837838493871653E-03
    4.783409071245881E-03
    4.717087769049990E-03
    4.656893774608490E-03
    4.593533808029493E-03
    4.531840136778890E-03
    4.469302894736600E-03
    4.407182909558918E-03
    4.344839286647083E-03
    4.282583737445648E-03
    4.220252037683996E-03
    4.157922772677867E-03
    4.095553163418619E-03
    4.033164013858289E-03
    3.970745732560991E-03
    3.908305539468963E-03
    3.845843334078005E-03
    3.783363522765966E-03
    3.720868715746169E-03
    3.658362601821361E-03
    3.595848227992607E-03
    3.533328648172382E-03
    3.470806428786674E-03
    3.408283784117498E-03
    3.345762443808379E-03
    3.283243700101962E-03
    3.220728403819598E-03
    3.158217016215940E-03
    3.095709654395739E-03
    3.033206155725961E-03
    2.970706140998338E-03
    2.908209080556239E-03
    2.845714356505818E-03
    2.783221320781190E-03
    2.720729346520122E-03
    2.658237872240106E-03
    2.595746437982824E-03
    2.533254713240584E-03
    2.470762516440521E-03
    2.408269825917830E-03
    2.345776782214327E-03
    2.283283681531003E-03
    2.220790960066365E-03
    2.158299169031250E-03
    2.095808940145064E-03
    2.033320941815642E-03
    1.970835826218416E-03
    1.908354168747386E-03
    1.845876400485456E-03
    1.783402738163459E-03
    1.720933110860585E-03
    1.658467095605580E-03
    1.596003851034698E-03
    1.533542085838439E-03
    1.471080006579054E-03
    1.408615371296642E-03
    1.346145413770007E-03
    1.283667126768931E-03
    1.221176942101545E-03
    1.158671713852644E-03
    1.096147239868799E-03
    1.033601758072592E-03
    9.710296876688593E-04
    9.084347015166819E-04
    8.458046622815557E-04
    7.831617495780267E-04
    7.204640249354318E-04
    6.578008730418705E-04
    5.950057523533511E-04
    5.324205348989970E-04
    4.693989859305618E-04
    4.072200317342342E-04
    3.433869637738220E-04
    2.829313608980885E-04
    2.157422606615991E-04
    1.619043200659563E-04
    8.248368332691867E-05
    5.226406596445182E-05
    4.945360509232177E-03
    4.916267641089649E-03
    4.837847703570985E-03
    4.783419922500524E-03
    4.717098592994532E-03
    4.656902276351130E-03
    4.593542433414850E-03
    4.531846940196116E-03
    4.469309280116656E-03
    4.407188052207939E-03
    4.344843890895503E-03
    4.282587541893788E-03
    4.220255349774108E-03
    4.157925557159680E-03
    4.095555551138925E-03
    4.033166024281537E-03
    3.970747427716952E-03
    3.908306945040631E-03
    3.845844485627613E-03
    3.783364444559875E-03
    3.720869434350739E-03
    3.658363140604578E-03
    3.595848610823659E-03
    3.533328897772825E-03
    3.470806567439576E-03
    3.408283832873749E-03
    3.345762422430816E-03
    3.283243626527380E-03
    3.220728293853781E-03
    3.158216883349137E-03
    3.095709509646944E-03
    3.033206007595677E-03
    2.970705995514826E-03
    2.908208941401268E-03
    2.845714225210960E-03
    2.783221196976246E-03
    2.720729228221788E-03
    2.658237756168019E-03
    2.595746319893893E-03
    2.533254588274855E-03
    2.470762379475447E-03
    2.408269671927930E-03
    2.345776606635169E-03
    2.283283480624455E-03
    2.220790731283284E-03
    2.158298911365715E-03
    2.095808654469726E-03
    2.033320631185499E-03
    1.970835496125401E-03
    1.908353827307717E-03
    1.845876058542344E-03
    1.783402409277124E-03
    1.720932811190195E-03
    1.658466843634864E-03
    1.596003667220057E-03
    1.533541992040835E-03
    1.471080025576499E-03
    1.408615525833373E-03
    1.346145726361222E-03
    1.283667618209633E-03
    1.221177632499485E-03
    1.158672619137652E-03
    1.096148377688229E-03
    1.033603136637475E-03
    9.710313277992294E-04
    9.084365973693447E-04
    8.458068567294231E-04
    7.831641997488857E-04
    7.204668430616497E-04
    6.578039112668854E-04
    5.950093041657785E-04
    5.324241525526225E-04
    4.694034023367713E-04
    4.072242549768430E-04
    3.433917782106356E-04
    2.829369893393441E-04
    2.157448992187696E-04
    1.619138383964611E-04
    8.247753048332841E-05
    5.228876770475439E-05
    4.945365556419059E-03
    4.916282474957087E-03
    4.837858349472327E-03
    4.783431102226441E-03
    4.717110507900611E-03
    4.656911198801571E-03
    4.593551793063656E-03
    4.531854033065410E-03
    4.469315986841819E-03
    4.407193332271076E-03
    4.344848587838567E-03
    4.282591357163940E-03
    4.220258638547837E-03
    4.157928280923538E-03
    4.095557861265816E-03
    4.033167944475151E-03
    3.970749029816738E-03
    3.908308259159744E-03
    3.845845552292379E-03
    3.783365290736678E-03
    3.720870088700851E-03
    3.658363627356954E-03
    3.595848954031987E-03
    3.533329119620245E-03
    3.470806689210933E-03
    3.408283874259955E-03
    3.345762401634324E-03
    3.283243559853794E-03
    3.220728195514382E-03
    3.158216765341544E-03
    3.095709381675975E-03
    3.033205877069101E-03
    2.970705867617426E-03
    2.908208819229574E-03
    2.845714109964724E-03
    2.783221088189868E-03
    2.720729124026701E-03
    2.658237653575209E-03
    2.595746215089426E-03
    2.533254476923126E-03
    2.470762257028119E-03
    2.408269533936524E-03
    2.345776449067059E-03
    2.283283300180246E-03
    2.220790525712843E-03
    2.158298679778303E-03
    2.095808397629774E-03
    2.033320351783434E-03
    1.970835199009177E-03
    1.908353519659100E-03
    1.845875749984790E-03
    1.783402111889209E-03
    1.720932539433585E-03
    1.658466614147338E-03
    1.596003498557633E-03
    1.533541904223007E-03
    1.471080039728147E-03
    1.408615663401619E-03
    1.346146009151382E-03
    1.283668066902507E-03
    1.221178268112990E-03
    1.158673459230044E-03
    1.096149443287377E-03
    1.033604439454261E-03
    9.710328956889974E-04
    9.084384287031100E-04
    8.458090079178463E-04
    7.831666278015456E-04
    7.204696907427722E-04
    6.578070070601056E-04
    5.950130236210553E-04
    5.324279601617137E-04
    4.694082112485657E-04
    4.072288770796558E-04
    3.433974723982427E-04
    2.829431693058128E-04
    2.157495443504763E-04
    1.619248034258374E-04
    8.247318709029048E-05
    5.232122852886487E-05
    4.945376937707584E-03
    4.916295046584892E-03
    4.837870525918766E-03
    4.783442545869503E-03
    4.717123559095045E-03
    4.656920499813705E-03
    4.593561887040076E-03
    4.531861390214774E-03
    4.469323001816618E-03
    4.407198731683358E-03
    4.344853364142826E-03
    4.282595170524471E-03
    4.220261893755583E-03
    4.157930934974022E-03
    4.095560086098854E-03
    4.033169767489284E-03
    3.970750532439608E-03
    3.908309475669042E-03
    3.845846528039602E-03
    3.783366055293895E-03
    3.720870672793727E-03
    3.658364056081979E-03
    3.595849251663505E-03
    3.533329307855332E-03
    3.470806788395510E-03
    3.408283902785399E-03
    3.345762376193715E-03
    3.283243495161856E-03
    3.220728104219361E-03
    3.158216657966174E-03
    3.095709266617089E-03
    3.033205760637050E-03
    2.970705754139851E-03
    2.908208711196989E-03
    2.845714008219024E-03
    2.783220992140316E-03
    2.720729031887278E-03
    2.658237562614401E-03
    2.595746121887343E-03
    2.533254377632212E-03
    2.470762147636562E-03
    2.408269410533524E-03
    2.345776308110624E-03
    2.283283138766663E-03
    2.220790341846380E-03
    2.158298472637997E-03
    2.095808167826937E-03
    2.033320101601379E-03
    1.970834932613992E-03
    1.908353243267635E-03
    1.845875471980664E-03
    1.783401842862507E-03
    1.720932292157424E-03
    1.658466403440019E-03
    1.596003341119573E-03
    1.533541818294258E-03
    1.471080044860736E-03
    1.408615779836961E-03
    1.346146258078363E-03
    1.283668468979085E-03
    1.221178845350326E-03
    1.158674230871119E-03
    1.096150433775496E-03
    1.033605663963800E-03
    9.710343890804853E-04
    9.084401933316948E-04
    8.458111137535998E-04
    7.831690310128325E-04
    7.204725653829297E-04
    6.578101554482142E-04
    5.950169077835686E-04
    5.324319469124343E-04
    4.694134138012644E-04
    4.072338732326261E-04
    3.434040614159269E-04
    2.829498577724888E-04
    2.157562028161471E-04
    1.619371871058530E-04
    8.247046352053386E-05
    5.236159747580981E-05
    4.945394546363808E-03
    4.916305489048321E-03
    4.837884336290521E-03
    4.783454188291779E-03
    4.717137803241690E-03
    4.656930138265177E-03
    4.593572717745491E-03
    4.531868986146768E-03
    4.469330312462931E-03
    4.407204232711273E-03
    4.344858207476068E-03
    4.282598970509351E-03
    4.220265106816300E-03
    4.157933512240442E-03
    4.095562220098468E-03
    4.033171488706570E-03
    3.970751931634684E-03
    3.908310590979217E-03
    3.845847409472736E-03
    3.783366734905004E-03
    3.720871183318372E-03
    3.658364423469351E-03
    3.595849500426522E-03
    3.533329459241773E-03
    3.470806861858882E-03
    3.408283915467416E-03
    3.345762343321766E-03
    3.283243429894993E-03
    3.220728017670384E-03
    3.158216559199031E-03
    3.095709162726689E-03
    3.033205656832808E-03
    2.970705653880667E-03
    2.908208616349295E-03
    2.845713919243913E-03
    2.783220908295499E-03
    2.720728951440495E-03
    2.658237483061211E-03
    2.595746040170257E-03
    2.533254290358927E-03
    2.470762051297758E-03
    2.408269301720616E-03
    2.345776183735229E-03
    2.283282996282216E-03
    2.220790179471832E-03
    2.158298289582022E-03
    2.095807964508372E-03
    2.033319879859565E-03
    1.970834695900868E-03
    1.908352996809905E-03
    1.845875222906531E-03
    1.783401600270157E-03
    1.720932067142311E-03
    1.658466209027531E-03
    1.596003192197330E-03
    1.533541731380097E-03
    1.471080038007834E-03
    1.408615872161900E-03
    1.346146470233016E-03
    1.283668821674584E-03
    1.221179361655496E-03
    1.158674931748552E-03
    1.096151347096074E-03
    1.033606808302816E-03
    9.710358062511948E-04
    9.084418894095891E-04
    8.458131722819161E-04
    7.831714065241312E-04
    7.204754640328958E-04
    6.578133506072644E-04
    5.950209528132486E-04
    5.324360994918017E-04
    4.694190099725195E-04
    4.072392110887723E-04
    3.434115608294837E-04
    2.829569901974805E-04
    2.157648972145197E-04
    1.619509125506498E-04
    8.246926686931709E-05
    5.240991803228340E-05
    4.945418080199387E-03
    4.916313881774984E-03
    4.837899895582455E-03
    4.783465959348484E-03
    4.717153308478952E-03
    4.656940072375974E-03
    4.593584288767084E-03
    4.531876793586810E-03
    4.469337905245800E-03
    4.407209816406436E-03
    4.344863104880067E-03
    4.282602745238193E-03
    4.220268269076038E-03
    4.157936005793266E-03
    4.095564258066728E-03
    4.033173104002420E-03
    3.970753224072431E-03
    3.908311602224240E-03
    3.845848194001085E-03
    3.783367327112820E-03
    3.720871617880026E-03
    3.658364727156305E-03
    3.595849697994118E-03
    3.533329571512460E-03
    3.470806907429063E-03
    3.408283910269014E-03
    3.345762301152642E-03
    3.283243362387845E-03
    3.220727934425112E-03
    3.158216467833812E-03
    3.095709069038921E-03
    3.033205564927076E-03
    2.970705566336182E-03
    2.908208534391770E-03
    2.845713842932719E-03
    2.783220836712820E-03
    2.720728882881749E-03
    2.658237415221528E-03
    2.595745970325941E-03
    2.533254215543308E-03
    2.470761968473284E-03
    2.408269207948907E-03
    2.345776076348102E-03
    2.283282873055482E-03
    2.220790038803314E-03
    2.158298130673848E-03
    2.095807787551459E-03
    2.033319686216088E-03
    1.970834488279566E-03
    1.908352779424632E-03
    1.845875001616039E-03
    1.783401382677563E-03
    1.720931862674989E-03
    1.658466028941383E-03
    1.596003049604998E-03
    1.533541641127277E-03
    1.471080016713923E-03
    1.408615937887800E-03
    1.346146643159438E-03
    1.283669122627315E-03
    1.221179814809238E-03
    1.158675559803109E-03
    1.096152181344812E-03
    1.033607870640760E-03
    9.710371453776620E-04
    9.084435148340651E-04
    8.458151811347927E-04
    7.831737508513000E-04
    7.204783829644184E-04
    6.578165855262437E-04
    5.950251537010761E-04
    5.324404019449232E-04
    4.694249985866559E-04
    4.072448506058821E-04
    3.434199876710196E-04
    2.829644794302090E-04
    2.157756695410427E-04
    1.619658512602048E-04
    8.246959732645855E-05
    5.246612472807450E-05
    4.945447047037563E-03
    4.916320251912998E-03
    4.837917336245771E-03
    4.783477780562294E-03
    4.717170155685398E-03
    4.656950258723883E-03
    4.593596604532843E-03
    4.531884782926819E-03
    4.469345765150660E-03
    4.407215462064577E-03
    4.344868042236260E-03
    4.282606481880964E-03
    4.220271371247610E-03
    4.157938408268020E-03
    4.095566194551623E-03
    4.033174609136003E-03
    3.970754406425823E-03
    3.908312506638231E-03
    3.845848879216803E-03
    3.783367829710934E-03
    3.720871974389544E-03
    3.658364965127804E-03
    3.595849842417316E-03
    3.533329642797205E-03
    3.470806923339760E-03
    3.408283885558167E-03
    3.345762248217509E-03
    3.283243291358036E-03
    3.220727853404643E-03
    3.158216383004620E-03
    3.095708984903058E-03
    3.033205484479434E-03
    2.970705491265368E-03
    2.908208465267048E-03
    2.845713779392364E-03
    2.783220777641556E-03
    2.720728826579016E-03
    2.658237359557193E-03
    2.595745912884380E-03
    2.533254153756912E-03
    2.470761899748715E-03
    2.408269129789295E-03
    2.345775986475480E-03
    2.283282769536785E-03
    2.220789920182966E-03
    2.158297996114744E-03
    2.095807636984441E-03
    2.033319520495915E-03
    1.970834309345095E-03
    1.908352590455710E-03
    1.845874807188394E-03
    1.783401188895199E-03
    1.720931677304341E-03
    1.658465861488111E-03
    1.596002911438649E-03
    1.533541545463667E-03
    1.471079978794051E-03
    1.408615974774205E-03
    1.346146774614553E-03
    1.283669369639227E-03
    1.221180202691884E-03
    1.158676112995811E-03
    1.096152934543491E-03
    1.033608848963719E-03
    9.710384043322205E-04
    9.084450670599225E-04
    8.458171373646854E-04
    7.831760597466153E-04
    7.204813175543024E-04
    6.578198519395966E-04
    5.950295042149818E-04
    5.324448356976173E-04
    4.694313774043067E-04
    4.072507439701799E-04
    3.434293612803669E-04
    2.829722143665323E-04
    2.157885844466597E-04
    1.619818191203861E-04
    8.247154819810683E-05
    5.253004689778129E-05
    4.945480767805186E-03
    4.916324572791814E-03
    4.837936817118299E-03
    4.783489562375948E-03
    4.717188440435723E-03
    4.656960651487587E-03
    4.593609670217811E-03
    4.531892921930445E-03
    4.469353875470000E-03
    4.407221147053027E-03
    4.344873004104472E-03
    4.282610166514679E-03
    4.220274403253402E-03
    4.157940711700490E-03
    4.095568023667139E-03
    4.033175999558838E-03
    3.970755475168190E-03
    3.908313301345879E-03
    3.845849462680358E-03
    3.783368240526963E-03
    3.720872250846638E-03
    3.658365135501726E-03
    3.595849931913738E-03
    3.533329671416035E-03
    3.470806908029127E-03
    3.408283839912062E-03
    3.345762183255613E-03
    3.283243215724148E-03
    3.220727773717243E-03
    3.158216304015787E-03
    3.095708909819170E-03
    3.033205415179533E-03
    2.970705428536291E-03
    2.908208409006454E-03
    2.845713728799350E-03
    2.783220731383280E-03
    2.720728782937522E-03
    2.658237316554804E-03
    2.595745868390609E-03
    2.533254105579609E-03
    2.470761845714350E-03
    2.408269067817069E-03
    2.345775914651020E-03
    2.283282686190308E-03
    2.220789823976629E-03
    2.158297886142801E-03
    2.095807512888550E-03
    2.033319382595783E-03
    1.970834158784995E-03
    1.908352429361456E-03
    1.845874638839134E-03
    1.783401017890463E-03
    1.720931509753916E-03
    1.658465705162118E-03
    1.596002775989197E-03
    1.533541442511034E-03
    1.471079922246524E-03
    1.408615980741784E-03
    1.346146862481891E-03
    1.283669560591297E-03
    1.221180523201403E-03
    1.158676589230040E-03
    1.096153604567527E-03
    1.033609741009495E-03
    9.710395806266596E-04
    9.084465430550824E-04
    8.458190374105603E-04
    7.831783281835767E-04
    7.204842622777202E-04
    6.578231403577007E-04
    5.950339969266676E-04
    5.324493796641217E-04
    4.694381432489489E-04
    4.072568356070086E-04
    3.434397040522295E-04
    2.829800584067502E-04
    2.158037324571809E-04
    1.619985711177397E-04
    8.247530959593282E-05
    5.260141939599321E-05
    4.945518376850564E-03
    4.916326759258730E-03
    4.837958535632485E-03
    4.783501201740619E-03
    4.717208275475281E-03
    4.656971201759983E-03
    4.593623491700173E-03
    4.531901175512098E-03
    4.469362217685754E-03
    4.407226846776973E-03
    4.344877973697718E-03
    4.282613784125199E-03
    4.220277354216009E-03
    4.157942907511931E-03
    4.095569739063974E-03
    4.033177270373983E-03
    3.970756426520860E-03
    3.908313983301215E-03
    3.845849941852280E-03
    3.783368557349535E-03
    3.720872445263927E-03
    3.658365236451650E-03
    3.595849964790451E-03
    3.533329655803170E-03
    3.470806860065675E-03
    3.408283772045741E-03
    3.345762105145413E-03
    3.283243134539432E-03
    3.220727694595237E-03
    3.158216230281644E-03
    3.095708843380592E-03
    3.033205356792075E-03
    2.970705378073347E-03
    2.908208365679309E-03
    2.845713691350929E-03
    2.783220698244733E-03
    2.720728752354183E-03
    2.658237286681636E-03
    2.595745837362058E-03
    2.533254071558330E-03
    2.470761806925314E-03
    2.408269022573357E-03
    2.345775861378563E-03
    2.283282623458125E-03
    2.220789750539061E-03
    2.158297800999230E-03
    2.095807415365221E-03
    2.033319272452134E-03
    1.970834036347791E-03
    1.908352295683324E-03
    1.845874495888869E-03
    1.783400868756211E-03
    1.720931358890070E-03
    1.658465558613325E-03
    1.596002641709525E-03
    1.533541330552074E-03
    1.471079845219408E-03
    1.408615953838813E-03
    1.346146904739395E-03
    1.283669693413183E-03
    1.221180774225945E-03
    1.158676986328221E-03
    1.096154189127943E-03
    1.033610544256578E-03
    9.710406714087598E-04
    9.084479393076318E-04
    8.458208771130603E-04
    7.831805503890543E-04
    7.204872107446251E-04
    6.578264401398175E-04
    5.950386232754568E-04
    5.324540104133432E-04
    4.694452921510591E-04
    4.072630622883913E-04
    3.434510421018326E-04
    2.829878477289868E-04
    2.158212332852895E-04
    1.620157944807373E-04
    8.248117597465969E-05
    5.267990100464797E-05
    4.945558818488462E-03
    4.916326659509475E-03
    4.837982743725024E-03
    4.783512579900980E-03
    4.717229793607189E-03
    4.656981856865129E-03
    4.593638075469254E-03
    4.531909505527449E-03
    4.469370771366126E-03
    4.407232534692449E-03
    4.344882932906103E-03
    4.282617318664042E-03
    4.220280212503538E-03
    4.157944986548928E-03
    4.095571333954139E-03
    4.033178416348483E-03
    3.970757256453242E-03
    3.908314549277982E-03
    3.845850314075612E-03
    3.783368777904974E-03
    3.720872555639632E-03
    3.658365266177170E-03
    3.595849939413200E-03
    3.533329594476202E-03
    3.470806778118197E-03
    3.408283680784076E-03
    3.345762012877338E-03
    3.283243046965473E-03
    3.220727615371213E-03
    3.158216161304506E-03
    3.095708785253535E-03
    3.033205309137857E-03
    2.970705339839571E-03
    2.908208335376309E-03
    2.845713667249380E-03
    2.783220678522860E-03
    2.720728735203309E-03
    2.658237270371926E-03
    2.595745820275369E-03
    2.533254052194383E-03
    2.470761783889385E-03
    2.408268994553443E-03
    2.345775827120916E-03
    2.283282581749421E-03
    2.220789700203533E-03
    2.158297740918227E-03
    2.095807344526104E-03
    2.033319190031122E-03
    1.970833941832791E-03
    1.908352189035319E-03
    1.845874377752104E-03
    1.783400740698827E-03
    1.720931223709164E-03
    1.658465420633456E-03
    1.596002507199898E-03
    1.533541208015037E-03
    1.471079745994881E-03
    1.408615892225841E-03
    1.346146899445010E-03
    1.283669766070716E-03
    1.221180953634349E-03
    1.158677302026674E-03
    1.096154685771725E-03
    1.033611255931709E-03
    9.710416734775365E-04
    9.084492518517685E-04
    8.458226517484058E-04
    7.831827198950506E-04
    7.204901557550114E-04
    6.578297395961177E-04
    5.950433736517039E-04
    5.324587023774411E-04
    4.694528194998490E-04
    4.072693533533100E-04
    3.434634058495152E-04
    2.829953893880107E-04
    2.158412392940385E-04
    1.620330997800986E-04
    8.248955795833682E-05
    5.276510176700402E-05
    4.945600837937630E-03
    4.916324042801796E-03
    4.838009768097483E-03
    4.783523560294172E-03
    4.717253150890271E-03
    4.656992559641563E-03
    4.593653428420684E-03
    4.531917870547320E-03
    4.469379514045159E-03
    4.407238182338340E-03
    4.344887862339823E-03
    4.282620753129216E-03
    4.220282965797410E-03
    4.157946939145033E-03
    4.095572801156146E-03
    4.033179431945533E-03
    3.970757960701907E-03
    3.908314995878457E-03
    3.845850576576285E-03
    3.783368899851495E-03
    3.720872579947370E-03
    3.658365222890926E-03
    3.595849854191964E-03
    3.533329486021250E-03
    3.470806660941260E-03
    3.408283565047958E-03
    3.345761905541388E-03
    3.283242952261308E-03
    3.220727535468321E-03
    3.158216096666317E-03
    3.095708735169966E-03
    3.033205272087732E-03
    2.970705313831500E-03
    2.908208318205102E-03
    2.845713656698157E-03
    2.783220672501392E-03
    2.720728731833509E-03
    2.658237268024044E-03
    2.595745817563800E-03
    2.533254047941075E-03
    2.470761777064808E-03
    2.408268984204782E-03
    2.345775812298066E-03
    2.283282561438850E-03
    2.220789673280269E-03
    2.158297706125417E-03
    2.095807300491372E-03
    2.033319135326618E-03
    1.970833875087608E-03
    1.908352109100829E-03
    1.845874283933199E-03
    1.783400633033152E-03
    1.720931103331345E-03
    1.658465290148641E-03
    1.596002371199429E-03
    1.533541073464143E-03
    1.471079622979234E-03
    1.408615794165932E-03
    1.346146844727697E-03
    1.283669776558851E-03
    1.221181059272204E-03
    1.158677533976219E-03
    1.096155091888238E-03
    1.033611873023944E-03
    9.710425833054434E-04
    9.084504763013656E-04
    8.458243560703699E-04
    7.831848296000955E-04
    7.204930893637068E-04
    6.578330261033613E-04
    5.950482374919202E-04
    5.324634281076498E-04
    4.694607201965833E-04
    4.072756310632121E-04
    3.434768305173409E-04
    2.830024592635612E-04
    2.158639391122390E-04
    1.620500093461291E-04
    8.250099994369839E-05
    5.285662140192777E-05
    4.945642963591842E-03
    4.916318582141798E-03
    4.838040035736895E-03
    4.783533986521231E-03
    4.717278530017644E-03
    4.657003247659623E-03
    4.593669557479179E-03
    4.531926225601285E-03
    4.469388421070220E-03
    4.407243759378050E-03
    4.344892741380580E-03
    4.282624069658987E-03
    4.220285601171129E-03
    4.157948755192288E-03
    4.095574133148740E-03
    4.033180311364362E-03
    3.970758534796717E-03
    3.908315319548845E-03
    3.845850726469779E-03
    3.783368920779463E-03
    3.720872516131870E-03
    3.658365104811462E-03
    3.595849707572287E-03
    3.533329329083793E-03
    3.470806507366285E-03
    3.408283423846400E-03
    3.345761782320124E-03
    3.283242849777396E-03
    3.220727454395704E-03
    3.158216036025279E-03
    3.095708692925339E-03
    3.033205245561272E-03
    2.970705300078574E-03
    2.908208314290282E-03
    2.845713659902308E-03
    2.783220680451576E-03
    2.720728742568645E-03
    2.658237280001613E-03
    2.595745829618468E-03
    2.533254059205075E-03
    2.470761786861790E-03
    2.408268991928611E-03
    2.345775817288880E-03
    2.283282562868313E-03
    2.220789670058235E-03
    2.158297696839526E-03
    2.095807283391151E-03
    2.033319108361226E-03
    1.970833836008568E-03
    1.908352055632211E-03
    1.845874214024926E-03
    1.783400545179824E-03
    1.720930996996548E-03
    1.658465166214027E-03
    1.596002232579381E-03
    1.533540925591731E-03
    1.471079474694294E-03
    1.408615658016041E-03
    1.346146738779592E-03
    1.283669722895714E-03
    1.221181088959088E-03
    1.158677679744155E-03
    1.096155404717336E-03
    1.033612392300853E-03
    9.710433970632684E-04
    9.084516078869738E-04
    8.458259843562477E-04
    7.831868718361064E-04
    7.204960029508609E-04
    6.578362862393551E-04
    5.950532033808187E-04
    5.324681585675964E-04
    4.694689888042499E-04
    4.072818111227076E-04
    3.434913565255909E-04
    2.830087999090208E-04
    2.158895613339480E-04
    1.620659420123281E-04
    8.251620424723160E-05
    5.295410440159529E-05
    4.945683475714523E-03
    4.916309830630235E-03
    4.838074105934647E-03
    4.783543680393789E-03
    4.717306143694828E-03
    4.657013852337014E-03
    4.593686468985756E-03
    4.531934521883552E-03
    4.469397465409697E-03
    4.407249233648408E-03
    4.344897548238501E-03
    4.282627249635154E-03
    4.220288105176101E-03
    4.157950424218550E-03
    4.095575322129011E-03
    4.033181048583556E-03
    3.970758974089730E-03
    3.908315516597063E-03
    3.845850760769925E-03
    3.783368838213677E-03
    3.720872362106706E-03
    3.658364910158119E-03
    3.595849498028666E-03
    3.533329122361618E-03
    3.470806316294772E-03
    3.408283256270357E-03
    3.345761642483795E-03
    3.283242738952140E-03
    3.220727371745995E-03
    3.158215979114470E-03
    3.095708658378227E-03
    3.033205229527245E-03
    2.970705298644310E-03
    2.908208323775066E-03
    2.845713677070528E-03
    2.783220702634481E-03
    2.720728767710312E-03
    2.658237306636104E-03
    2.595745856791057E-03
    2.533254086349214E-03
    2.470761813645394E-03
    2.408269018082947E-03
    2.345775842434204E-03
    2.283282586350101E-03
    2.220789690808255E-03
    2.158297713275382E-03
    2.095807293368242E-03
    2.033319109188543E-03
    1.970833824542283E-03
    1.908352028451451E-03
    1.845874167707995E-03
    1.783400476663473E-03
    1.720930904061212E-03
    1.658465048008949E-03
    1.596002090336819E-03
    1.533540763210553E-03
    1.471079299768820E-03
    1.408615482218190E-03
    1.346146579847806E-03
    1.283669603116220E-03
    1.221181040485378E-03
    1.158677736815975E-03
    1.096155621357519E-03
    1.033612810325263E-03
    9.710441106461618E-04
    9.084526414947107E-04
    8.458275304552951E-04
    7.831888384390135E-04
    7.204988872953329E-04
    6.578395059145750E-04
    5.950582591568169E-04
    5.324728634833992E-04
    4.694776196903102E-04
    4.072878034036643E-04
    3.435070297734125E-04
    2.830141183941322E-04
    2.159183781494397E-04
    1.620801927742769E-04
    8.253606397006313E-05
    5.305731778749590E-05
    4.945720353831709E-03
    4.916297189570961E-03
    4.838112710475280E-03
    4.783552440114558E-03
    4.717336237759231E-03
    4.657024297909177E-03
    4.593704167779459E-03
    4.531942706417111E-03
    4.469406617418658E-03
    4.407254571218023E-03
    4.344902260015595E-03
    4.282630273796277E-03
    4.220290463934427E-03
    4.157951935470001E-03
    4.095576360073924E-03
    4.033181637406617E-03
    3.970759273785513E-03
    3.908315583211394E-03
    3.845850676398270E-03
    3.783368649616121E-03
    3.720872115752470E-03
    3.658364637146452E-03
    3.595849224058582E-03
    3.533328864598500E-03
    3.470806086692339E-03
    3.408283061487661E-03
    3.345761485386361E-03
    3.283242619309045E-03
    3.220727287193673E-03
    3.158215925741310E-03
    3.095708631450766E-03
    3.033205224004882E-03
    2.970705309628200E-03
    2.908208346823679E-03
    2.845713708417873E-03
    2.783220739303943E-03
    2.720728807540935E-03
    2.658237348230055E-03
    2.595745899397121E-03
    2.533254129695891E-03
    2.470761857739055E-03
    2.408269062986214E-03
    2.345775888040583E-03
    2.283282632170675E-03
    2.220789735786778E-03
    2.158297755647540E-03
    2.095807330581450E-03
    2.033319137895984E-03
    1.970833840687749E-03
    1.908352027451285E-03
    1.845874144750936E-03
    1.783400427111152E-03
    1.720930823995084E-03
    1.658464934832013E-03
    1.596001943587999E-03
    1.533540585245586E-03
    1.471079096929183E-03
    1.408615265289717E-03
    1.346146366225110E-03
    1.283669415264464E-03
    1.221180911607864E-03
    1.158677702596048E-03
    1.096155738773469E-03
    1.033613123471989E-03
    9.710447197004510E-04
    9.084535717069014E-04
    8.458289878397131E-04
    7.831907208231730E-04
    7.205017326508828E-04
    6.578426705136763E-04
    5.950633920195124E-04
    5.324775117379243E-04
    4.694866071591370E-04
    4.072935129198969E-04
    3.435239017855837E-04
    2.830180842963011E-04
    2.159507086386318E-04
    1.620919048855712E-04
    8.256170710903902E-05
    5.316626110474701E-05
    4.945751190905257E-03
    4.916279865540430E-03
    4.838156804234608E-03
    4.783560038717423E-03
    4.717369093662156E-03
    4.657034500193055E-03
    4.593722655890533E-03
    4.531950721671525E-03
    4.469415844561714E-03
    4.407259736458958E-03
    4.344906852779107E-03
    4.282633122363405E-03
    4.220292663240798E-03
    4.157953278000536E-03
    4.095577238806685E-03
    4.033182071510849E-03
    3.970759428973634E-03
    3.908315515480522E-03
    3.845850470194337E-03
    3.783368352389281E-03
    3.720871774915399E-03
    3.658364283984037E-03
    3.595848884176897E-03
    3.533328554578250E-03
    3.470805817583130E-03
    3.408282838738156E-03
    3.345761310461829E-03
    3.283242490454308E-03
    3.220727200493679E-03
    3.158215875787252E-03
    3.095708612129311E-03
    3.033205229065327E-03
    2.970705333167799E-03
    2.908208383623918E-03
    2.845713754168683E-03
    2.783220790709733E-03
    2.720728862327115E-03
    2.658237405060543E-03
    2.595745957719681E-03
    2.533254189530783E-03
    2.470761919428409E-03
    2.408269126921189E-03
    2.345775954384306E-03
    2.283282700594763E-03
    2.220789805239926E-03
    2.158297824174152E-03
    2.095807395209094E-03
    2.033319194607717E-03
    1.970833884498454E-03
    1.908352052596213E-03
    1.845874145009776E-03
    1.783400396250434E-03
    1.720930756377556E-03
    1.658464826095587E-03
    1.596001791561030E-03
    1.533540390724989E-03
    1.471078864989065E-03
    1.408615005812448E-03
    1.346146096239484E-03
    1.283669157385003E-03
    1.221180700044413E-03
    1.158677574407751E-03
    1.096155753803655E-03
    1.033613327945550E-03
    9.710452196525963E-04
    9.084543928461275E-04
    8.458303496600874E-04
    7.831925100613931E-04
    7.205045288288204E-04
    6.578457650462413E-04
    5.950685886347767E-04
    5.324820718078883E-04
    4.694959455675252E-04
    4.072988411031831E-04
    3.435420297006989E-04
    2.830203280913688E-04
    2.159869214077170E-04
    1.621000341489464E-04
    8.259455622871558E-05
    5.328132129195075E-05
    4.945773056357120E-03
    4.916256812252807E-03
    4.838207629168540E-03
    4.783566222956521E-03
    4.717405029734904E-03
    4.657044365036328E-03
    4.593741930725816E-03
    4.531958505109979E-03
    4.469425111077048E-03
    4.407264692124964E-03
    4.344911301642291E-03
    4.282635775176573E-03
    4.220294688674112E-03
    4.157954440770648E-03
    4.095577950072039E-03
    4.033182344504642E-03
    3.970759434668960E-03
    3.908315309420735E-03
    3.845850138932346E-03
    3.783367943885255E-03
    3.720871337411029E-03
    3.658363848870535E-03
    3.595848476913728E-03
    3.533328191121451E-03
    3.470805508046162E-03
    3.408282587330220E-03
    3.345761117221266E-03
    3.283242352074457E-03
    3.220727111479828E-03
    3.158215829207033E-03
    3.095708600464491E-03
    3.033205244832431E-03
    2.970705369440158E-03
    2.908208434389115E-03
    2.845713814558969E-03
    2.783220857100279E-03
    2.720728932322617E-03
    2.658237477382396E-03
    2.595746032012613E-03
    2.533254266106390E-03
    2.470761998964961E-03
    2.408269210138760E-03
    2.345776041715194E-03
    2.283282791869087E-03
    2.220789899407052E-03
    2.158297919080198E-03
    2.095807487451731E-03
    2.033319279486663E-03
    1.970833956083421E-03
    1.908352103922371E-03
    1.845874168426534E-03
    1.783400383906391E-03
    1.720930700893071E-03
    1.658464721319654E-03
    1.596001633588324E-03
    1.533540178771362E-03
    1.471078602840141E-03
    1.408614702423621E-03
    1.346145768246222E-03
    1.283668827517534E-03
    1.221180403472909E-03
    1.158677349498775E-03
    1.096155663174068E-03
    1.033613419804930E-03
    9.710456057459222E-04
    9.084550990273602E-04
    8.458316088082911E-04
    7.831941969707442E-04
    7.205072652759475E-04
    6.578487742972440E-04
    5.950738352301510E-04
    5.324865122236513E-04
    4.695056293924096E-04
    4.073036874107564E-04
    3.435614760454120E-04
    2.830204402795607E-04
    2.160274359092331E-04
    1.621033024121368E-04
    8.263640793354366E-05
    5.340349275986682E-05
    4.945782282086874E-03
    4.916226651381191E-03
    4.838266795621524E-03
    4.783570712902568E-03
    4.717444400349469E-03
    4.657053786279358E-03
    4.593761982567509E-03
    4.531965988607240E-03
    4.469434377540275E-03
    4.407269399402746E-03
    4.344915580824094E-03
    4.282638211826630E-03
    4.220296525711443E-03
    4.157955412755658E-03
    4.095578485626110E-03
    4.033182450003061E-03
    3.970759285872501E-03
    3.908314961024586E-03
    3.845849679359207E-03
    3.783367421434979E-03
    3.720870801046158E-03
    3.658363330013749E-03
    3.595848000825679E-03
    3.533327773092835E-03
    3.470805157219661E-03
    3.408282306642715E-03
    3.345760905253217E-03
    3.283242203935734E-03
    3.220727020063429E-03
    3.158215786027061E-03
    3.095708596569673E-03
    3.033205271481493E-03
    2.970705418660972E-03
    2.908208499357764E-03
    2.845713889836524E-03
    2.783220938723259E-03
    2.720729017769387E-03
    2.658237565429564E-03
    2.595746122502307E-03
    2.533254359643878E-03
    2.470762096568023E-03
    2.408269312859830E-03
    2.345776150258343E-03
    2.283282906223803E-03
    2.220790018521730E-03
    2.158298040597876E-03
    2.095807607531784E-03
    2.033319392733251E-03
    1.970834055605018E-03
    1.908352181534372E-03
    1.845874215025184E-03
    1.783400389996868E-03
    1.720930657326013E-03
    1.658464620126773E-03
    1.596001469102192E-03
    1.533539948598595E-03
    1.471078309451012E-03
    1.408614353817900E-03
    1.346145380634004E-03
    1.283668423708173E-03
    1.221180019548979E-03
    1.158677025066730E-03
    1.096155463532832E-03
    1.033613395008603E-03
    9.710458730954253E-04
    9.084556842239452E-04
    8.458327579874100E-04
    7.831957721956414E-04
    7.205099311459277E-04
    6.578516829446295E-04
    5.950791176153304E-04
    5.324908019899802E-04
    4.695156531696705E-04
    4.073079512534499E-04
    3.435823081882307E-04
    2.830179717016955E-04
    2.160727212974140E-04
    1.621001327237221E-04
    8.268953999107881E-05
    5.353469982834588E-05
    4.945774135913438E-03
    4.916187565037353E-03
    4.838336386248351E-03
    4.783573202748638E-03
    4.717487591794962E-03
    4.657062643139337E-03
    4.593782791268637E-03
    4.531973097745978E-03
    4.469443600321549E-03
    4.407273817927793E-03
    4.344919663668852E-03
    4.282640411758428E-03
    4.220298159818573E-03
    4.157956183038890E-03
    4.095578837318946E-03
    4.033182381703710E-03
    3.970758977638885E-03
    3.908314466321374E-03
    3.845849088248105E-03
    3.783366782395503E-03
    3.720870163659979E-03
    3.658362725664833E-03
    3.595847454525299E-03
    3.533327299425244E-03
    3.470804764319887E-03
    3.408281996139333E-03
    3.345760674233910E-03
    3.283242045890725E-03
    3.220726926237209E-03
    3.158215746347199E-03
    3.095708600621157E-03
    3.033205309238320E-03
    2.970705481082877E-03
    2.908208578791331E-03
    2.845713980258471E-03
    2.783221035823008E-03
    2.720729118894925E-03
    2.658237669412495E-03
    2.595746229385028E-03
    2.533254470330415E-03
    2.470762212421949E-03
    2.408269435272411E-03
    2.345776280211008E-03
    2.283283043869129E-03
    2.220790162808082E-03
    2.158298188962622E-03
    2.095807755689320E-03
    2.033319534581039E-03
    1.970834183274600E-03
    1.908352285601252E-03
    1.845874284908263E-03
    1.783400414530259E-03
    1.720930625560258E-03
    1.658464522244097E-03
    1.596001297640031E-03
    1.533539699520907E-03
    1.471077983880708E-03
    1.408613958765871E-03
    1.346144931848658E-03
    1.283667944038577E-03
    1.221179545940375E-03
    1.158676598298684E-03
    1.096155151494317E-03
    1.033613249462855E-03
    9.710460167377027E-04
    9.084561423187203E-04
    8.458337897542333E-04
    7.831972262491341E-04
    7.205125152987563E-04
    6.578544756005259E-04
    5.950844211054764E-04
    5.324949109292215E-04
    4.695260112599925E-04
    4.073115343170716E-04
    3.436045974668087E-04
    2.830124358014293E-04
    2.161232915224203E-04
    1.620885620899420E-04
    8.275685147659888E-05
    5.367826318719579E-05
    4.945742341973989E-03
    4.916137153216520E-03
    4.838419087379706E-03
    4.783573364101114E-03
    4.717535013158206E-03
    4.657070797414825E-03
    4.593804322388780E-03
    4.531979751400446E-03
    4.469452731186169E-03
    4.407277905960358E-03
    4.344923522709797E-03
    4.282642354342882E-03
    4.220299576446039E-03
    4.157956740774640E-03
    4.095578997025242E-03
    4.033182133305807E-03
    3.970758504992886E-03
    3.908313821301474E-03
    3.845848362336010E-03
    3.783366024104246E-03
    3.720869423095838E-03
    3.658362034106754E-03
    3.595846836684122E-03
    3.533326769134493E-03
    3.470804328664770E-03
    3.408281655397967E-03
    3.345760423959813E-03
    3.283241877911629E-03
    3.220726830107156E-03
    3.158215710369746E-03
    3.095708612883198E-03
    3.033205358399538E-03
    2.970705557010665E-03
    2.908208672984312E-03
    2.845714086096363E-03
    2.783221148641085E-03
    2.720729235908891E-03
    2.658237789511507E-03
    2.595746352817897E-03
    2.533254598308619E-03
    2.470762346665004E-03
    2.408269577520818E-03
    2.345776431733062E-03
    2.283283204987942E-03
    2.220790332476328E-03
    2.158298364412315E-03
    2.095807932185419E-03
    2.033319705304580E-03
    1.970834339364912E-03
    1.908352416373123E-03
    1.845874378277160E-03
    1.783400457628359E-03
    1.720930605603107E-03
    1.658464427526440E-03
    1.596001118864042E-03
    1.533539430966426E-03
    1.471077625283020E-03
    1.408613516105541E-03
    1.346144420368349E-03
    1.283667386581895E-03
    1.221178980261540E-03
    1.158676066283878E-03
    1.096154723530996E-03
    1.033612978897059E-03
    9.710460314938170E-04
    9.084564669653224E-04
    8.458346963802466E-04
    7.831985494001025E-04
    7.205150061929106E-04
    6.578571367980056E-04
    5.950897304178838E-04
    5.324988101677898E-04
    4.695366977007725E-04
    4.073143438736110E-04
    3.436284183701329E-04
    2.830033149956560E-04
    2.161796950324165E-04
    1.620661265797906E-04
    8.284204196042915E-05
    5.383957490104308E-05
    4.945678408810972E-03
    4.916072250546558E-03
    4.838518348204769E-03
    4.783570853015185E-03
    4.717587079023510E-03
    4.657078090898313E-03
    4.593826523275431E-03
    4.531985862414466E-03
    4.469461717612398E-03
    4.407281621187757E-03
    4.344927130020046E-03
    4.282644019024474E-03
    4.220300760894593E-03
    4.157957074882878E-03
    4.095578956209672E-03
    4.033181698016110E-03
    3.970757862420260E-03
    3.908313021433228E-03
    3.845847497892876E-03
    3.783365143518147E-03
    3.720868576918078E-03
    3.658361253449623E-03
    3.595846145901578E-03
    3.533326181253313E-03
    3.470803849662047E-03
    3.408281284141397E-03
    3.345760154408891E-03
    3.283241700171181E-03
    3.220726731983506E-03
    3.158215678492090E-03
    3.095708633795746E-03
    3.033205419410516E-03
    2.970705646866106E-03
    2.908208782314162E-03
    2.845714207670731E-03
    2.783221277436096E-03
    2.720729369009776E-03
    2.658237925872591E-03
    2.595746492906624E-03
    2.533254743659434E-03
    2.470762499370759E-03
    2.408269739689078E-03
    2.345776604935764E-03
    2.283283389733019E-03
    2.220790527731165E-03
    2.158298567208789E-03
    2.095808137337968E-03
    2.033319905269490E-03
    1.970834524273091E-03
    1.908352574254191E-03
    1.845874495510437E-03
    1.783400519603468E-03
    1.720930597652727E-03
    1.658464336003845E-03
    1.596000932577146E-03
    1.533539142449393E-03
    1.471077232821239E-03
    1.408613024586692E-03
    1.346143844467572E-03
    1.283666749079063E-03
    1.221178319660041E-03
    1.158675425515723E-03
    1.096154175404340E-03
    1.033612578248897E-03
    9.710459113407005E-04
    9.084566509961302E-04
    8.458354693356630E-04
    7.831997313176101E-04
    7.205173916776752E-04
    6.578596511263465E-04
    5.950950299247816E-04
    5.325024733402142E-04
    4.695477067328514E-04
    4.073162981446303E-04
    3.436538482412450E-04
    2.829900766857184E-04
    2.162424971741948E-04
    1.620297070413563E-04
    8.294982482363991E-05
    5.402706657705895E-05
    4.945570824765565E-03
    4.915988729533803E-03
    4.838638518371051E-03
    4.783565317145826E-03
    4.717644166137944E-03
    4.657084339987104E-03
    4.593849315449912E-03
    4.531991339380499E-03
    4.469470503836670E-03
    4.407284923231951E-03
    4.344930459223620E-03
    4.282645387307982E-03
    4.220301699860750E-03
    4.157957175299095E-03
    4.095578706831630E-03
    4.033181069185995E-03
    3.970757044265034E-03
    3.908312061876371E-03
    3.845846490790469E-03
    3.783364137179066E-03
    3.720867622306004E-03
    3.658360381481011E-03
    3.595845380532918E-03
    3.533325534653491E-03
    3.470803326637463E-03
    3.408280882080103E-03
    3.345759865602742E-03
    3.283241512927147E-03
    3.220726632288745E-03
    3.158215651236882E-03
    3.095708663925300E-03
    3.033205492834591E-03
    2.970705751172953E-03
    2.908208907239401E-03
    2.845714345359678E-03
    2.783221422500290E-03
    2.720729518407222E-03
    2.658238078633363E-03
    2.595746649733173E-03
    2.533254906429661E-03
    2.470762670573695E-03
    2.408269921822725E-03
    2.345776799897774E-03
    2.283283598235078E-03
    2.220790748769362E-03
    2.158298797622219E-03
    2.095808371489706E-03
    2.033320134880747E-03
    1.970834738445545E-03
    1.908352759700457E-03
    1.845874637030757E-03
    1.783400600791380E-03
    1.720930601894983E-03
    1.658464247641468E-03
    1.596000738447127E-03
    1.533538833262837E-03
    1.471076805336734E-03
    1.408612482526343E-03
    1.346143201875344E-03
    1.283666028621865E-03
    1.221177560551549E-03
    1.158674671713510E-03
    1.096153502109952E-03
    1.033612041781103E-03
    9.710456497342181E-04
    9.084566870128704E-04
    8.458361001378775E-04
    7.832007622742782E-04
    7.205196603706183E-04
    6.578620050688062E-04
    5.951003050285160E-04
    5.325058790485738E-04
    4.695590326343804E-04
    4.073173332683625E-04
    3.436809609629178E-04
    2.829722003594743E-04
    2.163122375734524E-04
    1.619753416680211E-04
    8.308610104614066E-05
    5.425345800949122E-05
    4.945404107647596E-03
    4.915881334195587E-03
    4.838784925278095E-03
    4.783556378616509E-03
    4.717706520090467E-03
    4.657089319802653E-03
    4.593872577861422E-03
    4.531996089382033E-03
    4.469479035367563E-03
    4.407287783391799E-03
    4.344933496146448E-03
    4.282646454572281E-03
    4.220302392993982E-03
    4.157957044003431E-03
    4.095578251280678E-03
    4.033180248958112E-03
    3.970756051901529E-03
    3.908310943154694E-03
    3.845845340707687E-03
    3.783363004063642E-03
    3.720866557699847E-03
    3.658359416292284E-03
    3.595844538492066E-03
    3.533324827222696E-03
    3.470802757573587E-03
    3.408280447381885E-03
    3.345759555952517E-03
    3.283241314869844E-03
    3.220726530002704E-03
    3.158215627862689E-03
    3.095708702788622E-03
    3.033205578416288E-03
    2.970705869868464E-03
    2.908209047853784E-03
    2.845714499378627E-03
    2.783221584139088E-03
    2.720729684469045E-03
    2.658238248200637E-03
    2.595746823723682E-03
    2.533255087047816E-03
    2.470762860689103E-03
    2.408270124308090E-03
    2.345777016959071E-03
    2.283283830767301E-03
    2.220790995772730E-03
    2.158299055713759E-03
    2.095808634547188E-03
    2.033320393852519E-03
    1.970834981364129E-03
    1.908352971922048E-03
    1.845874801741160E-03
    1.783400699761071E-03
    1.720930616550944E-03
    1.658464160316889E-03
    1.596000534034640E-03
    1.533538500706660E-03
    1.471076339955566E-03
    1.408611886989879E-03
    1.346142489738920E-03
    1.283665222614269E-03
    1.221176700777745E-03
    1.158673803350772E-03
    1.096152702893558E-03
    1.033611369647267E-03
    9.710452476636790E-04
    9.084565768156164E-04
    8.458365907808017E-04
    7.832016443001998E-04
    7.205218125652884E-04
    6.578641975475186E-04
    5.951055499064202E-04
    5.325090177116838E-04
    4.695706680674469E-04
    4.073174079172860E-04
    3.437098057536975E-04
    2.829492120988136E-04
    2.163893378531818E-04
    1.618980075137750E-04
    8.325800826426505E-05
    5.453722426150150E-05
    4.945159133102808E-03
    4.915744091027698E-03
    4.838963245510953E-03
    4.783543599930802E-03
    4.717773937024420E-03
    4.657092748650441E-03
    4.593896081318220E-03
    4.532000024243811E-03
    4.469487261749676E-03
    4.407290207437884E-03
    4.344936262838568E-03
    4.282647259867657E-03
    4.220302882416063E-03
    4.157956724387427E-03
    4.095577629372487E-03
    4.033179272441151E-03
    3.970754914296657E-03
    3.908309687951330E-03
    3.845844064082015E-03
    3.783361754899617E-03
    3.720865388796903E-03
    3.658358359392889E-03
    3.595843617969621E-03
    3.533324054697879E-03
    3.470802136553792E-03
    3.408279973192092E-03
    3.345759218265482E-03
    3.283241098965830E-03
    3.220726418627409E-03
    3.158215602661334E-03
    3.095708745635271E-03
    3.033205672442230E-03
    2.970706000285250E-03
    2.908209202488876E-03
    2.845714668968502E-03
    2.783221762382088E-03
    2.720729867871093E-03
    2.658238435739491E-03
    2.595747016365719E-03
    2.533255287150840E-03
    2.470763071326058E-03
    2.408270348546467E-03
    2.345777257132145E-03
    2.283284087773698E-03
    2.220791268442183E-03
    2.158299340277192E-03
    2.095808924251458E-03
    2.033320678756303E-03
    1.970835248355546E-03
    1.908353204982116E-03
    1.845874982495346E-03
    1.783400808300483E-03
    1.720930632591553E-03
    1.658464064551210E-03
    1.596000309898833E-03
    1.533538136004851E-03
    1.471075829300733E-03
    1.408611232824368E-03
    1.346141706023989E-03
    1.283664333058983E-03
    1.221175747226634E-03
    1.158672832964988E-03
    1.096151796391064E-03
    1.033610586870514E-03
    9.710447360117970E-04
    9.084563567267784E-04
    8.458369804928318E-04
    7.832024188794814E-04
    7.205238850306544E-04
    6.578662633518144E-04
    5.951107786268566E-04
    5.325119039519612E-04
    4.695825795032188E-04
    4.073165099770237E-04
    3.437403085161829E-04
    2.829207984555050E-04
    2.164737401621145E-04
    1.617919640022850E-04
    8.347272739201557E-05
    5.490178407517828E-05
    4.944813077602012E-03
    4.915570876089382E-03
    4.839178817706221E-03
    4.783526300014054E-03
    4.717845316580982E-03
    4.657094214137510E-03
    4.593919348488424E-03
    4.532002992339323E-03
    4.469495066280331E-03
    4.407292186891799E-03
    4.344938774382065E-03
    4.282647855208294E-03
    4.220303229616289E-03
    4.157956286881673E-03
    4.095576910762941E-03
    4.033178206291602E-03
    3.970753691381440E-03
    3.908308348235556E-03
    3.845842703827378E-03
    3.783360423492861E-03
    3.720864140585951E-03
    3.658357227719559E-03
    3.595842628828335E-03
    3.533323221016745E-03
    3.470801462786883E-03
    3.408279455172906E-03
    3.345758845757392E-03
    3.283240856969509E-03
    3.220726289310096E-03
    3.158215566859941E-03
    3.095708784287634E-03
    3.033205767702568E-03
    2.970706136409306E-03
    2.908209366426546E-03
    2.845714850697096E-03
    2.783221954980784E-03
    2.720730067371143E-03
    2.658238640777519E-03
    2.595747227676375E-03
    2.533255506934873E-03
    2.470763302531919E-03
    2.408270594104135E-03
    2.345777519178605E-03
    2.283284366910054E-03
    2.220791563064360E-03
    2.158299646021881E-03
    2.095809233600625E-03
    2.033320980839574E-03
    1.970835528993102E-03
    1.908353446993081E-03
    1.845875166313777E-03
    1.783400912877652E-03
    1.720930636650238E-03
    1.658463948035122E-03
    1.596000055850640E-03
    1.533537732277127E-03
    1.471075271054620E-03
    1.408610523579453E-03
    1.346140861365005E-03
    1.283663378724251E-03
    1.221174727506955E-03
    1.158671797368371E-03
    1.096150828184192E-03
    1.033609747008464E-03
    9.710441738045351E-04
    9.084560892566200E-04
    8.458373288667744E-04
    7.832031412848180E-04
    7.205259134145584E-04
    6.578682264434381E-04
    5.951159602081145E-04
    5.325145112565195E-04
    4.695946013901906E-04
    4.073145864828189E-04
    3.437721159098081E-04
    2.828868637327764E-04
    2.165644908472497E-04
    1.616513247800381E-04
    8.373540480460293E-05
    5.537337068299472E-05
    4.944370423990757E-03
    4.915366350030345E-03
    4.839422677758679E-03
    4.783504430481545E-03
    4.717915372516545E-03
    4.657093130654997E-03
    4.593940620665263E-03
    4.532004487607245E-03
    4.469501742283262E-03
    4.407293379186099E-03
    4.344940693316591E-03
    4.282648045597704E-03
    4.220303287585474E-03
    4.157955660934206E-03
    4.095576071677159E-03
    4.033177073838815E-03
    3.970752439397940E-03
    3.908307006637322E-03
    3.845841359278105E-03
    3.783359118827694E-03
    3.720862924703344E-03
    3.658356130154890E-03
    3.595841672753675E-03
    3.533322417533690E-03
    3.470800815227089E-03
    3.408278958847977E-03
    3.345758490334669E-03
    3.283240627680569E-03
    3.220726168763401E-03
    3.158215536448509E-03
    3.095708825552609E-03
    3.033205863394983E-03
    2.970706271337217E-03
    2.908209528020077E-03
    2.845715029324360E-03
    2.783222144015533E-03
    2.720730263044910E-03
    2.658238841842298E-03
    2.595747434911368E-03
    2.533255722533084E-03
    2.470763529403632E-03
    2.408270835134332E-03
    2.345777776476966E-03
    2.283284641092760E-03
    2.220791852607642E-03
    2.158299946727597E-03
    2.095809538216252E-03
    2.033321278870033E-03
    1.970835806744817E-03
    1.908353687873512E-03
    1.845875351425715E-03
    1.783401021884658E-03
    1.720930648977078E-03
    1.658463844251798E-03
    1.595999819447838E-03
    1.533537351260857E-03
    1.471074740287648E-03
    1.408609845728698E-03
    1.346140050373971E-03
    1.283662457824552E-03
    1.221173737193356E-03
    1.158670782342806E-03
    1.096149864801545E-03
    1.033608888752925E-03
    9.710435584638705E-04
    9.084557245473892E-04
    8.458375165977202E-04
    7.832036323081168E-04
    7.205276046286129E-04
    6.578697534372970E-04
    5.951205373979215E-04
    5.325163971537541E-04
    4.696056878614002E-04
    4.073114196059592E-04
    3.438030635674364E-04
    2.828490115500948E-04
    2.166557040570908E-04
    1.614804511238371E-04
    8.402997915462310E-05
    5.594117132055770E-05
    4.943857856104170E-03
    4.915149864870389E-03
    4.839674306011397E-03
    4.783476924746206E-03
    4.717975481270308E-03
    4.657087275652446E-03
    4.593956134804708E-03
    4.532002586454115E-03
    4.469505091081323E-03
    4.407292236671439E-03
    4.344940618704398E-03
    4.282646788747356E-03
    4.220302246586151E-03
    4.157954306414321E-03
    4.095574788647664E-03
    4.033175753508872E-03
    3.970751199224248E-03
    3.908305836271736E-03
    3.845840300481515E-03
    3.783358176973509E-03
    3.720862113962968E-03
    3.658355451477698E-03
    3.595841125733159E-03
    3.533321995421400E-03
    3.470800508607402E-03
    3.408278755103384E-03
    3.345758375302647E-03
    3.283240586203040E-03
    3.220726185718218E-03
    3.158215597408849E-03
    3.095708917447886E-03
    3.033205974957530E-03
    2.970706393429345E-03
    2.908209653794888E-03
    2.845715154256486E-03
    2.783222265802767E-03
    2.720730381403746E-03
    2.658238958212577E-03
    2.595747552090146E-03
    2.533255844253450E-03
    2.470763659876790E-03
    2.408270978570970E-03
    2.345777936604248E-03
    2.283284820683536E-03
    2.220792053040155E-03
    2.158300167594345E-03
    2.095809777003244E-03
    2.033321530726457E-03
    1.970836064368791E-03
    1.908353941527239E-03
    1.845875589113164E-03
    1.783401229677878E-03
    1.720930811554239E-03
    1.658463945532528E-03
    1.595999843540466E-03
    1.533537283247113E-03
    1.471074567705996E-03
    1.408609558934919E-03
    1.346139645262647E-03
    1.283661933896784E-03
    1.221173104715255E-03
    1.158670051147599E-03
    1.096149069335058E-03
    1.033608040651583E-03
    9.710427432064158E-04
    9.084549121692885E-04
    8.458369417894464E-04
    7.832030415330439E-04
    7.205277770164173E-04
    6.578694462715694E-04
    5.951226439499684E-04
    5.325157226196485E-04
    4.696130924692341E-04
    4.073054428678793E-04
    3.438285468505358E-04
    2.828092312410621E-04
    2.167384397955238E-04
    1.612873591644641E-04
    8.432964158978201E-05
    5.657557605931142E-05
