# vtk DataFile Version 3.0
OpenCFD-EC output
ASCII
DATASET STRUCTURED_GRID
DIMENSIONS     41    21     2
POINTS         1722 double
    0.000000000000000E+00    0.000000000000000E+00    0.000000000000000E+00
    2.000000000000000E-01    0.000000000000000E+00    0.000000000000000E+00
    4.000000000000000E-01    0.000000000000000E+00    0.000000000000000E+00
    6.000000000000000E-01    0.000000000000000E+00    0.000000000000000E+00
    8.000000000000000E-01    0.000000000000000E+00    0.000000000000000E+00
    1.000000000000000E+00    0.000000000000000E+00    0.000000000000000E+00
    1.200000000000000E+00    0.000000000000000E+00    0.000000000000000E+00
    1.400000000000000E+00    0.000000000000000E+00    0.000000000000000E+00
    1.600000000000000E+00    0.000000000000000E+00    0.000000000000000E+00
    1.800000000000000E+00    0.000000000000000E+00    0.000000000000000E+00
    2.000000000000000E+00    0.000000000000000E+00    0.000000000000000E+00
    2.200000000000000E+00    0.000000000000000E+00    0.000000000000000E+00
    2.400000000000000E+00    0.000000000000000E+00    0.000000000000000E+00
    2.600000000000000E+00    0.000000000000000E+00    0.000000000000000E+00
    2.800000000000000E+00    0.000000000000000E+00    0.000000000000000E+00
    3.000000000000000E+00    0.000000000000000E+00    0.000000000000000E+00
    3.200000000000000E+00    0.000000000000000E+00    0.000000000000000E+00
    3.400000000000000E+00    0.000000000000000E+00    0.000000000000000E+00
    3.600000000000000E+00    0.000000000000000E+00    0.000000000000000E+00
    3.800000000000000E+00    0.000000000000000E+00    0.000000000000000E+00
    4.000000000000000E+00    0.000000000000000E+00    0.000000000000000E+00
    4.200000000000000E+00    0.000000000000000E+00    0.000000000000000E+00
    4.400000000000000E+00    0.000000000000000E+00    0.000000000000000E+00
    4.600000000000000E+00    0.000000000000000E+00    0.000000000000000E+00
    4.800000000000000E+00    0.000000000000000E+00    0.000000000000000E+00
    5.000000000000000E+00    0.000000000000000E+00    0.000000000000000E+00
    5.200000000000000E+00    0.000000000000000E+00    0.000000000000000E+00
    5.400000000000000E+00    0.000000000000000E+00    0.000000000000000E+00
    5.600000000000000E+00    0.000000000000000E+00    0.000000000000000E+00
    5.800000000000000E+00    0.000000000000000E+00    0.000000000000000E+00
    6.000000000000000E+00    0.000000000000000E+00    0.000000000000000E+00
    6.200000000000000E+00    0.000000000000000E+00    0.000000000000000E+00
    6.400000000000000E+00    0.000000000000000E+00    0.000000000000000E+00
    6.600000000000000E+00    0.000000000000000E+00    0.000000000000000E+00
    6.800000000000000E+00    0.000000000000000E+00    0.000000000000000E+00
    7.000000000000000E+00    0.000000000000000E+00    0.000000000000000E+00
    7.200000000000000E+00    0.000000000000000E+00    0.000000000000000E+00
    7.400000000000000E+00    0.000000000000000E+00    0.000000000000000E+00
    7.600000000000000E+00    0.000000000000000E+00    0.000000000000000E+00
    7.800000000000000E+00    0.000000000000000E+00    0.000000000000000E+00
    8.000000000000000E+00    0.000000000000000E+00    0.000000000000000E+00
    0.000000000000000E+00    5.000000000000000E-02    0.000000000000000E+00
    2.000000000000000E-01    5.000000000000000E-02    0.000000000000000E+00
    4.000000000000000E-01    5.000000000000000E-02    0.000000000000000E+00
    6.000000000000000E-01    5.000000000000000E-02    0.000000000000000E+00
    8.000000000000000E-01    5.000000000000000E-02    0.000000000000000E+00
    1.000000000000000E+00    5.000000000000000E-02    0.000000000000000E+00
    1.200000000000000E+00    5.000000000000000E-02    0.000000000000000E+00
    1.400000000000000E+00    5.000000000000000E-02    0.000000000000000E+00
    1.600000000000000E+00    5.000000000000000E-02    0.000000000000000E+00
    1.800000000000000E+00    5.000000000000000E-02    0.000000000000000E+00
    2.000000000000000E+00    5.000000000000000E-02    0.000000000000000E+00
    2.200000000000000E+00    5.000000000000000E-02    0.000000000000000E+00
    2.400000000000000E+00    5.000000000000000E-02    0.000000000000000E+00
    2.600000000000000E+00    5.000000000000000E-02    0.000000000000000E+00
    2.800000000000000E+00    5.000000000000000E-02    0.000000000000000E+00
    3.000000000000000E+00    5.000000000000000E-02    0.000000000000000E+00
    3.200000000000000E+00    5.000000000000000E-02    0.000000000000000E+00
    3.400000000000000E+00    5.000000000000000E-02    0.000000000000000E+00
    3.600000000000000E+00    5.000000000000000E-02    0.000000000000000E+00
    3.800000000000000E+00    5.000000000000000E-02    0.000000000000000E+00
    4.000000000000000E+00    5.000000000000000E-02    0.000000000000000E+00
    4.200000000000000E+00    5.000000000000000E-02    0.000000000000000E+00
    4.400000000000000E+00    5.000000000000000E-02    0.000000000000000E+00
    4.600000000000000E+00    5.000000000000000E-02    0.000000000000000E+00
    4.800000000000000E+00    5.000000000000000E-02    0.000000000000000E+00
    5.000000000000000E+00    5.000000000000000E-02    0.000000000000000E+00
    5.200000000000000E+00    5.000000000000000E-02    0.000000000000000E+00
    5.400000000000000E+00    5.000000000000000E-02    0.000000000000000E+00
    5.600000000000000E+00    5.000000000000000E-02    0.000000000000000E+00
    5.800000000000000E+00    5.000000000000000E-02    0.000000000000000E+00
    6.000000000000000E+00    5.000000000000000E-02    0.000000000000000E+00
    6.200000000000000E+00    5.000000000000000E-02    0.000000000000000E+00
    6.400000000000000E+00    5.000000000000000E-02    0.000000000000000E+00
    6.600000000000000E+00    5.000000000000000E-02    0.000000000000000E+00
    6.800000000000000E+00    5.000000000000000E-02    0.000000000000000E+00
    7.000000000000000E+00    5.000000000000000E-02    0.000000000000000E+00
    7.200000000000000E+00    5.000000000000000E-02    0.000000000000000E+00
    7.400000000000000E+00    5.000000000000000E-02    0.000000000000000E+00
    7.600000000000000E+00    5.000000000000000E-02    0.000000000000000E+00
    7.800000000000000E+00    5.000000000000000E-02    0.000000000000000E+00
    8.000000000000000E+00    5.000000000000000E-02    0.000000000000000E+00
    0.000000000000000E+00    1.000000000000000E-01    0.000000000000000E+00
    2.000000000000000E-01    1.000000000000000E-01    0.000000000000000E+00
    4.000000000000000E-01    1.000000000000000E-01    0.000000000000000E+00
    6.000000000000000E-01    1.000000000000000E-01    0.000000000000000E+00
    8.000000000000000E-01    1.000000000000000E-01    0.000000000000000E+00
    1.000000000000000E+00    1.000000000000000E-01    0.000000000000000E+00
    1.200000000000000E+00    1.000000000000000E-01    0.000000000000000E+00
    1.400000000000000E+00    1.000000000000000E-01    0.000000000000000E+00
    1.600000000000000E+00    1.000000000000000E-01    0.000000000000000E+00
    1.800000000000000E+00    1.000000000000000E-01    0.000000000000000E+00
    2.000000000000000E+00    1.000000000000000E-01    0.000000000000000E+00
    2.200000000000000E+00    1.000000000000000E-01    0.000000000000000E+00
    2.400000000000000E+00    1.000000000000000E-01    0.000000000000000E+00
    2.600000000000000E+00    1.000000000000000E-01    0.000000000000000E+00
    2.800000000000000E+00    1.000000000000000E-01    0.000000000000000E+00
    3.000000000000000E+00    1.000000000000000E-01    0.000000000000000E+00
    3.200000000000000E+00    1.000000000000000E-01    0.000000000000000E+00
    3.400000000000000E+00    1.000000000000000E-01    0.000000000000000E+00
    3.600000000000000E+00    1.000000000000000E-01    0.000000000000000E+00
    3.800000000000000E+00    1.000000000000000E-01    0.000000000000000E+00
    4.000000000000000E+00    1.000000000000000E-01    0.000000000000000E+00
    4.200000000000000E+00    1.000000000000000E-01    0.000000000000000E+00
    4.400000000000000E+00    1.000000000000000E-01    0.000000000000000E+00
    4.600000000000000E+00    1.000000000000000E-01    0.000000000000000E+00
    4.800000000000000E+00    1.000000000000000E-01    0.000000000000000E+00
    5.000000000000000E+00    1.000000000000000E-01    0.000000000000000E+00
    5.200000000000000E+00    1.000000000000000E-01    0.000000000000000E+00
    5.400000000000000E+00    1.000000000000000E-01    0.000000000000000E+00
    5.600000000000000E+00    1.000000000000000E-01    0.000000000000000E+00
    5.800000000000000E+00    1.000000000000000E-01    0.000000000000000E+00
    6.000000000000000E+00    1.000000000000000E-01    0.000000000000000E+00
    6.200000000000000E+00    1.000000000000000E-01    0.000000000000000E+00
    6.400000000000000E+00    1.000000000000000E-01    0.000000000000000E+00
    6.600000000000000E+00    1.000000000000000E-01    0.000000000000000E+00
    6.800000000000000E+00    1.000000000000000E-01    0.000000000000000E+00
    7.000000000000000E+00    1.000000000000000E-01    0.000000000000000E+00
    7.200000000000000E+00    1.000000000000000E-01    0.000000000000000E+00
    7.400000000000000E+00    1.000000000000000E-01    0.000000000000000E+00
    7.600000000000000E+00    1.000000000000000E-01    0.000000000000000E+00
    7.800000000000000E+00    1.000000000000000E-01    0.000000000000000E+00
    8.000000000000000E+00    1.000000000000000E-01    0.000000000000000E+00
    0.000000000000000E+00    1.500000000000000E-01    0.000000000000000E+00
    2.000000000000000E-01    1.500000000000000E-01    0.000000000000000E+00
    4.000000000000000E-01    1.500000000000000E-01    0.000000000000000E+00
    6.000000000000000E-01    1.500000000000000E-01    0.000000000000000E+00
    8.000000000000000E-01    1.500000000000000E-01    0.000000000000000E+00
    1.000000000000000E+00    1.500000000000000E-01    0.000000000000000E+00
    1.200000000000000E+00    1.500000000000000E-01    0.000000000000000E+00
    1.400000000000000E+00    1.500000000000000E-01    0.000000000000000E+00
    1.600000000000000E+00    1.500000000000000E-01    0.000000000000000E+00
    1.800000000000000E+00    1.500000000000000E-01    0.000000000000000E+00
    2.000000000000000E+00    1.500000000000000E-01    0.000000000000000E+00
    2.200000000000000E+00    1.500000000000000E-01    0.000000000000000E+00
    2.400000000000000E+00    1.500000000000000E-01    0.000000000000000E+00
    2.600000000000000E+00    1.500000000000000E-01    0.000000000000000E+00
    2.800000000000000E+00    1.500000000000000E-01    0.000000000000000E+00
    3.000000000000000E+00    1.500000000000000E-01    0.000000000000000E+00
    3.200000000000000E+00    1.500000000000000E-01    0.000000000000000E+00
    3.400000000000000E+00    1.500000000000000E-01    0.000000000000000E+00
    3.600000000000000E+00    1.500000000000000E-01    0.000000000000000E+00
    3.800000000000000E+00    1.500000000000000E-01    0.000000000000000E+00
    4.000000000000000E+00    1.500000000000000E-01    0.000000000000000E+00
    4.200000000000000E+00    1.500000000000000E-01    0.000000000000000E+00
    4.400000000000000E+00    1.500000000000000E-01    0.000000000000000E+00
    4.600000000000000E+00    1.500000000000000E-01    0.000000000000000E+00
    4.800000000000000E+00    1.500000000000000E-01    0.000000000000000E+00
    5.000000000000000E+00    1.500000000000000E-01    0.000000000000000E+00
    5.200000000000000E+00    1.500000000000000E-01    0.000000000000000E+00
    5.400000000000000E+00    1.500000000000000E-01    0.000000000000000E+00
    5.600000000000000E+00    1.500000000000000E-01    0.000000000000000E+00
    5.800000000000000E+00    1.500000000000000E-01    0.000000000000000E+00
    6.000000000000000E+00    1.500000000000000E-01    0.000000000000000E+00
    6.200000000000000E+00    1.500000000000000E-01    0.000000000000000E+00
    6.400000000000000E+00    1.500000000000000E-01    0.000000000000000E+00
    6.600000000000000E+00    1.500000000000000E-01    0.000000000000000E+00
    6.800000000000000E+00    1.500000000000000E-01    0.000000000000000E+00
    7.000000000000000E+00    1.500000000000000E-01    0.000000000000000E+00
    7.200000000000000E+00    1.500000000000000E-01    0.000000000000000E+00
    7.400000000000000E+00    1.500000000000000E-01    0.000000000000000E+00
    7.600000000000000E+00    1.500000000000000E-01    0.000000000000000E+00
    7.800000000000000E+00    1.500000000000000E-01    0.000000000000000E+00
    8.000000000000000E+00    1.500000000000000E-01    0.000000000000000E+00
    0.000000000000000E+00    2.000000000000000E-01    0.000000000000000E+00
    2.000000000000000E-01    2.000000000000000E-01    0.000000000000000E+00
    4.000000000000000E-01    2.000000000000000E-01    0.000000000000000E+00
    6.000000000000000E-01    2.000000000000000E-01    0.000000000000000E+00
    8.000000000000000E-01    2.000000000000000E-01    0.000000000000000E+00
    1.000000000000000E+00    2.000000000000000E-01    0.000000000000000E+00
    1.200000000000000E+00    2.000000000000000E-01    0.000000000000000E+00
    1.400000000000000E+00    2.000000000000000E-01    0.000000000000000E+00
    1.600000000000000E+00    2.000000000000000E-01    0.000000000000000E+00
    1.800000000000000E+00    2.000000000000000E-01    0.000000000000000E+00
    2.000000000000000E+00    2.000000000000000E-01    0.000000000000000E+00
    2.200000000000000E+00    2.000000000000000E-01    0.000000000000000E+00
    2.400000000000000E+00    2.000000000000000E-01    0.000000000000000E+00
    2.600000000000000E+00    2.000000000000000E-01    0.000000000000000E+00
    2.800000000000000E+00    2.000000000000000E-01    0.000000000000000E+00
    3.000000000000000E+00    2.000000000000000E-01    0.000000000000000E+00
    3.200000000000000E+00    2.000000000000000E-01    0.000000000000000E+00
    3.400000000000000E+00    2.000000000000000E-01    0.000000000000000E+00
    3.600000000000000E+00    2.000000000000000E-01    0.000000000000000E+00
    3.800000000000000E+00    2.000000000000000E-01    0.000000000000000E+00
    4.000000000000000E+00    2.000000000000000E-01    0.000000000000000E+00
    4.200000000000000E+00    2.000000000000000E-01    0.000000000000000E+00
    4.400000000000000E+00    2.000000000000000E-01    0.000000000000000E+00
    4.600000000000000E+00    2.000000000000000E-01    0.000000000000000E+00
    4.800000000000000E+00    2.000000000000000E-01    0.000000000000000E+00
    5.000000000000000E+00    2.000000000000000E-01    0.000000000000000E+00
    5.200000000000000E+00    2.000000000000000E-01    0.000000000000000E+00
    5.400000000000000E+00    2.000000000000000E-01    0.000000000000000E+00
    5.600000000000000E+00    2.000000000000000E-01    0.000000000000000E+00
    5.800000000000000E+00    2.000000000000000E-01    0.000000000000000E+00
    6.000000000000000E+00    2.000000000000000E-01    0.000000000000000E+00
    6.200000000000000E+00    2.000000000000000E-01    0.000000000000000E+00
    6.400000000000000E+00    2.000000000000000E-01    0.000000000000000E+00
    6.600000000000000E+00    2.000000000000000E-01    0.000000000000000E+00
    6.800000000000000E+00    2.000000000000000E-01    0.000000000000000E+00
    7.000000000000000E+00    2.000000000000000E-01    0.000000000000000E+00
    7.200000000000000E+00    2.000000000000000E-01    0.000000000000000E+00
    7.400000000000000E+00    2.000000000000000E-01    0.000000000000000E+00
    7.600000000000000E+00    2.000000000000000E-01    0.000000000000000E+00
    7.800000000000000E+00    2.000000000000000E-01    0.000000000000000E+00
    8.000000000000000E+00    2.000000000000000E-01    0.000000000000000E+00
    0.000000000000000E+00    2.500000000000000E-01    0.000000000000000E+00
    2.000000000000000E-01    2.500000000000000E-01    0.000000000000000E+00
    4.000000000000000E-01    2.500000000000000E-01    0.000000000000000E+00
    6.000000000000000E-01    2.500000000000000E-01    0.000000000000000E+00
    8.000000000000000E-01    2.500000000000000E-01    0.000000000000000E+00
    1.000000000000000E+00    2.500000000000000E-01    0.000000000000000E+00
    1.200000000000000E+00    2.500000000000000E-01    0.000000000000000E+00
    1.400000000000000E+00    2.500000000000000E-01    0.000000000000000E+00
    1.600000000000000E+00    2.500000000000000E-01    0.000000000000000E+00
    1.800000000000000E+00    2.500000000000000E-01    0.000000000000000E+00
    2.000000000000000E+00    2.500000000000000E-01    0.000000000000000E+00
    2.200000000000000E+00    2.500000000000000E-01    0.000000000000000E+00
    2.400000000000000E+00    2.500000000000000E-01    0.000000000000000E+00
    2.600000000000000E+00    2.500000000000000E-01    0.000000000000000E+00
    2.800000000000000E+00    2.500000000000000E-01    0.000000000000000E+00
    3.000000000000000E+00    2.500000000000000E-01    0.000000000000000E+00
    3.200000000000000E+00    2.500000000000000E-01    0.000000000000000E+00
    3.400000000000000E+00    2.500000000000000E-01    0.000000000000000E+00
    3.600000000000000E+00    2.500000000000000E-01    0.000000000000000E+00
    3.800000000000000E+00    2.500000000000000E-01    0.000000000000000E+00
    4.000000000000000E+00    2.500000000000000E-01    0.000000000000000E+00
    4.200000000000000E+00    2.500000000000000E-01    0.000000000000000E+00
    4.400000000000000E+00    2.500000000000000E-01    0.000000000000000E+00
    4.600000000000000E+00    2.500000000000000E-01    0.000000000000000E+00
    4.800000000000000E+00    2.500000000000000E-01    0.000000000000000E+00
    5.000000000000000E+00    2.500000000000000E-01    0.000000000000000E+00
    5.200000000000000E+00    2.500000000000000E-01    0.000000000000000E+00
    5.400000000000000E+00    2.500000000000000E-01    0.000000000000000E+00
    5.600000000000000E+00    2.500000000000000E-01    0.000000000000000E+00
    5.800000000000000E+00    2.500000000000000E-01    0.000000000000000E+00
    6.000000000000000E+00    2.500000000000000E-01    0.000000000000000E+00
    6.200000000000000E+00    2.500000000000000E-01    0.000000000000000E+00
    6.400000000000000E+00    2.500000000000000E-01    0.000000000000000E+00
    6.600000000000000E+00    2.500000000000000E-01    0.000000000000000E+00
    6.800000000000000E+00    2.500000000000000E-01    0.000000000000000E+00
    7.000000000000000E+00    2.500000000000000E-01    0.000000000000000E+00
    7.200000000000000E+00    2.500000000000000E-01    0.000000000000000E+00
    7.400000000000000E+00    2.500000000000000E-01    0.000000000000000E+00
    7.600000000000000E+00    2.500000000000000E-01    0.000000000000000E+00
    7.800000000000000E+00    2.500000000000000E-01    0.000000000000000E+00
    8.000000000000000E+00    2.500000000000000E-01    0.000000000000000E+00
    0.000000000000000E+00    3.000000000000000E-01    0.000000000000000E+00
    2.000000000000000E-01    3.000000000000000E-01    0.000000000000000E+00
    4.000000000000000E-01    3.000000000000000E-01    0.000000000000000E+00
    6.000000000000000E-01    3.000000000000000E-01    0.000000000000000E+00
    8.000000000000000E-01    3.000000000000000E-01    0.000000000000000E+00
    1.000000000000000E+00    3.000000000000000E-01    0.000000000000000E+00
    1.200000000000000E+00    3.000000000000000E-01    0.000000000000000E+00
    1.400000000000000E+00    3.000000000000000E-01    0.000000000000000E+00
    1.600000000000000E+00    3.000000000000000E-01    0.000000000000000E+00
    1.800000000000000E+00    3.000000000000000E-01    0.000000000000000E+00
    2.000000000000000E+00    3.000000000000000E-01    0.000000000000000E+00
    2.200000000000000E+00    3.000000000000000E-01    0.000000000000000E+00
    2.400000000000000E+00    3.000000000000000E-01    0.000000000000000E+00
    2.600000000000000E+00    3.000000000000000E-01    0.000000000000000E+00
    2.800000000000000E+00    3.000000000000000E-01    0.000000000000000E+00
    3.000000000000000E+00    3.000000000000000E-01    0.000000000000000E+00
    3.200000000000000E+00    3.000000000000000E-01    0.000000000000000E+00
    3.400000000000000E+00    3.000000000000000E-01    0.000000000000000E+00
    3.600000000000000E+00    3.000000000000000E-01    0.000000000000000E+00
    3.800000000000000E+00    3.000000000000000E-01    0.000000000000000E+00
    4.000000000000000E+00    3.000000000000000E-01    0.000000000000000E+00
    4.200000000000000E+00    3.000000000000000E-01    0.000000000000000E+00
    4.400000000000000E+00    3.000000000000000E-01    0.000000000000000E+00
    4.600000000000000E+00    3.000000000000000E-01    0.000000000000000E+00
    4.800000000000000E+00    3.000000000000000E-01    0.000000000000000E+00
    5.000000000000000E+00    3.000000000000000E-01    0.000000000000000E+00
    5.200000000000000E+00    3.000000000000000E-01    0.000000000000000E+00
    5.400000000000000E+00    3.000000000000000E-01    0.000000000000000E+00
    5.600000000000000E+00    3.000000000000000E-01    0.000000000000000E+00
    5.800000000000000E+00    3.000000000000000E-01    0.000000000000000E+00
    6.000000000000000E+00    3.000000000000000E-01    0.000000000000000E+00
    6.200000000000000E+00    3.000000000000000E-01    0.000000000000000E+00
    6.400000000000000E+00    3.000000000000000E-01    0.000000000000000E+00
    6.600000000000000E+00    3.000000000000000E-01    0.000000000000000E+00
    6.800000000000000E+00    3.000000000000000E-01    0.000000000000000E+00
    7.000000000000000E+00    3.000000000000000E-01    0.000000000000000E+00
    7.200000000000000E+00    3.000000000000000E-01    0.000000000000000E+00
    7.400000000000000E+00    3.000000000000000E-01    0.000000000000000E+00
    7.600000000000000E+00    3.000000000000000E-01    0.000000000000000E+00
    7.800000000000000E+00    3.000000000000000E-01    0.000000000000000E+00
    8.000000000000000E+00    3.000000000000000E-01    0.000000000000000E+00
    0.000000000000000E+00    3.500000000000000E-01    0.000000000000000E+00
    2.000000000000000E-01    3.500000000000000E-01    0.000000000000000E+00
    4.000000000000000E-01    3.500000000000000E-01    0.000000000000000E+00
    6.000000000000000E-01    3.500000000000000E-01    0.000000000000000E+00
    8.000000000000000E-01    3.500000000000000E-01    0.000000000000000E+00
    1.000000000000000E+00    3.500000000000000E-01    0.000000000000000E+00
    1.200000000000000E+00    3.500000000000000E-01    0.000000000000000E+00
    1.400000000000000E+00    3.500000000000000E-01    0.000000000000000E+00
    1.600000000000000E+00    3.500000000000000E-01    0.000000000000000E+00
    1.800000000000000E+00    3.500000000000000E-01    0.000000000000000E+00
    2.000000000000000E+00    3.500000000000000E-01    0.000000000000000E+00
    2.200000000000000E+00    3.500000000000000E-01    0.000000000000000E+00
    2.400000000000000E+00    3.500000000000000E-01    0.000000000000000E+00
    2.600000000000000E+00    3.500000000000000E-01    0.000000000000000E+00
    2.800000000000000E+00    3.500000000000000E-01    0.000000000000000E+00
    3.000000000000000E+00    3.500000000000000E-01    0.000000000000000E+00
    3.200000000000000E+00    3.500000000000000E-01    0.000000000000000E+00
    3.400000000000000E+00    3.500000000000000E-01    0.000000000000000E+00
    3.600000000000000E+00    3.500000000000000E-01    0.000000000000000E+00
    3.800000000000000E+00    3.500000000000000E-01    0.000000000000000E+00
    4.000000000000000E+00    3.500000000000000E-01    0.000000000000000E+00
    4.200000000000000E+00    3.500000000000000E-01    0.000000000000000E+00
    4.400000000000000E+00    3.500000000000000E-01    0.000000000000000E+00
    4.600000000000000E+00    3.500000000000000E-01    0.000000000000000E+00
    4.800000000000000E+00    3.500000000000000E-01    0.000000000000000E+00
    5.000000000000000E+00    3.500000000000000E-01    0.000000000000000E+00
    5.200000000000000E+00    3.500000000000000E-01    0.000000000000000E+00
    5.400000000000000E+00    3.500000000000000E-01    0.000000000000000E+00
    5.600000000000000E+00    3.500000000000000E-01    0.000000000000000E+00
    5.800000000000000E+00    3.500000000000000E-01    0.000000000000000E+00
    6.000000000000000E+00    3.500000000000000E-01    0.000000000000000E+00
    6.200000000000000E+00    3.500000000000000E-01    0.000000000000000E+00
    6.400000000000000E+00    3.500000000000000E-01    0.000000000000000E+00
    6.600000000000000E+00    3.500000000000000E-01    0.000000000000000E+00
    6.800000000000000E+00    3.500000000000000E-01    0.000000000000000E+00
    7.000000000000000E+00    3.500000000000000E-01    0.000000000000000E+00
    7.200000000000000E+00    3.500000000000000E-01    0.000000000000000E+00
    7.400000000000000E+00    3.500000000000000E-01    0.000000000000000E+00
    7.600000000000000E+00    3.500000000000000E-01    0.000000000000000E+00
    7.800000000000000E+00    3.500000000000000E-01    0.000000000000000E+00
    8.000000000000000E+00    3.500000000000000E-01    0.000000000000000E+00
    0.000000000000000E+00    4.000000000000000E-01    0.000000000000000E+00
    2.000000000000000E-01    4.000000000000000E-01    0.000000000000000E+00
    4.000000000000000E-01    4.000000000000000E-01    0.000000000000000E+00
    6.000000000000000E-01    4.000000000000000E-01    0.000000000000000E+00
    8.000000000000000E-01    4.000000000000000E-01    0.000000000000000E+00
    1.000000000000000E+00    4.000000000000000E-01    0.000000000000000E+00
    1.200000000000000E+00    4.000000000000000E-01    0.000000000000000E+00
    1.400000000000000E+00    4.000000000000000E-01    0.000000000000000E+00
    1.600000000000000E+00    4.000000000000000E-01    0.000000000000000E+00
    1.800000000000000E+00    4.000000000000000E-01    0.000000000000000E+00
    2.000000000000000E+00    4.000000000000000E-01    0.000000000000000E+00
    2.200000000000000E+00    4.000000000000000E-01    0.000000000000000E+00
    2.400000000000000E+00    4.000000000000000E-01    0.000000000000000E+00
    2.600000000000000E+00    4.000000000000000E-01    0.000000000000000E+00
    2.800000000000000E+00    4.000000000000000E-01    0.000000000000000E+00
    3.000000000000000E+00    4.000000000000000E-01    0.000000000000000E+00
    3.200000000000000E+00    4.000000000000000E-01    0.000000000000000E+00
    3.400000000000000E+00    4.000000000000000E-01    0.000000000000000E+00
    3.600000000000000E+00    4.000000000000000E-01    0.000000000000000E+00
    3.800000000000000E+00    4.000000000000000E-01    0.000000000000000E+00
    4.000000000000000E+00    4.000000000000000E-01    0.000000000000000E+00
    4.200000000000000E+00    4.000000000000000E-01    0.000000000000000E+00
    4.400000000000000E+00    4.000000000000000E-01    0.000000000000000E+00
    4.600000000000000E+00    4.000000000000000E-01    0.000000000000000E+00
    4.800000000000000E+00    4.000000000000000E-01    0.000000000000000E+00
    5.000000000000000E+00    4.000000000000000E-01    0.000000000000000E+00
    5.200000000000000E+00    4.000000000000000E-01    0.000000000000000E+00
    5.400000000000000E+00    4.000000000000000E-01    0.000000000000000E+00
    5.600000000000000E+00    4.000000000000000E-01    0.000000000000000E+00
    5.800000000000000E+00    4.000000000000000E-01    0.000000000000000E+00
    6.000000000000000E+00    4.000000000000000E-01    0.000000000000000E+00
    6.200000000000000E+00    4.000000000000000E-01    0.000000000000000E+00
    6.400000000000000E+00    4.000000000000000E-01    0.000000000000000E+00
    6.600000000000000E+00    4.000000000000000E-01    0.000000000000000E+00
    6.800000000000000E+00    4.000000000000000E-01    0.000000000000000E+00
    7.000000000000000E+00    4.000000000000000E-01    0.000000000000000E+00
    7.200000000000000E+00    4.000000000000000E-01    0.000000000000000E+00
    7.400000000000000E+00    4.000000000000000E-01    0.000000000000000E+00
    7.600000000000000E+00    4.000000000000000E-01    0.000000000000000E+00
    7.800000000000000E+00    4.000000000000000E-01    0.000000000000000E+00
    8.000000000000000E+00    4.000000000000000E-01    0.000000000000000E+00
    0.000000000000000E+00    4.500000000000000E-01    0.000000000000000E+00
    2.000000000000000E-01    4.500000000000000E-01    0.000000000000000E+00
    4.000000000000000E-01    4.500000000000000E-01    0.000000000000000E+00
    6.000000000000000E-01    4.500000000000000E-01    0.000000000000000E+00
    8.000000000000000E-01    4.500000000000000E-01    0.000000000000000E+00
    1.000000000000000E+00    4.500000000000000E-01    0.000000000000000E+00
    1.200000000000000E+00    4.500000000000000E-01    0.000000000000000E+00
    1.400000000000000E+00    4.500000000000000E-01    0.000000000000000E+00
    1.600000000000000E+00    4.500000000000000E-01    0.000000000000000E+00
    1.800000000000000E+00    4.500000000000000E-01    0.000000000000000E+00
    2.000000000000000E+00    4.500000000000000E-01    0.000000000000000E+00
    2.200000000000000E+00    4.500000000000000E-01    0.000000000000000E+00
    2.400000000000000E+00    4.500000000000000E-01    0.000000000000000E+00
    2.600000000000000E+00    4.500000000000000E-01    0.000000000000000E+00
    2.800000000000000E+00    4.500000000000000E-01    0.000000000000000E+00
    3.000000000000000E+00    4.500000000000000E-01    0.000000000000000E+00
    3.200000000000000E+00    4.500000000000000E-01    0.000000000000000E+00
    3.400000000000000E+00    4.500000000000000E-01    0.000000000000000E+00
    3.600000000000000E+00    4.500000000000000E-01    0.000000000000000E+00
    3.800000000000000E+00    4.500000000000000E-01    0.000000000000000E+00
    4.000000000000000E+00    4.500000000000000E-01    0.000000000000000E+00
    4.200000000000000E+00    4.500000000000000E-01    0.000000000000000E+00
    4.400000000000000E+00    4.500000000000000E-01    0.000000000000000E+00
    4.600000000000000E+00    4.500000000000000E-01    0.000000000000000E+00
    4.800000000000000E+00    4.500000000000000E-01    0.000000000000000E+00
    5.000000000000000E+00    4.500000000000000E-01    0.000000000000000E+00
    5.200000000000000E+00    4.500000000000000E-01    0.000000000000000E+00
    5.400000000000000E+00    4.500000000000000E-01    0.000000000000000E+00
    5.600000000000000E+00    4.500000000000000E-01    0.000000000000000E+00
    5.800000000000000E+00    4.500000000000000E-01    0.000000000000000E+00
    6.000000000000000E+00    4.500000000000000E-01    0.000000000000000E+00
    6.200000000000000E+00    4.500000000000000E-01    0.000000000000000E+00
    6.400000000000000E+00    4.500000000000000E-01    0.000000000000000E+00
    6.600000000000000E+00    4.500000000000000E-01    0.000000000000000E+00
    6.800000000000000E+00    4.500000000000000E-01    0.000000000000000E+00
    7.000000000000000E+00    4.500000000000000E-01    0.000000000000000E+00
    7.200000000000000E+00    4.500000000000000E-01    0.000000000000000E+00
    7.400000000000000E+00    4.500000000000000E-01    0.000000000000000E+00
    7.600000000000000E+00    4.500000000000000E-01    0.000000000000000E+00
    7.800000000000000E+00    4.500000000000000E-01    0.000000000000000E+00
    8.000000000000000E+00    4.500000000000000E-01    0.000000000000000E+00
    0.000000000000000E+00    5.000000000000000E-01    0.000000000000000E+00
    2.000000000000000E-01    5.000000000000000E-01    0.000000000000000E+00
    4.000000000000000E-01    5.000000000000000E-01    0.000000000000000E+00
    6.000000000000000E-01    5.000000000000000E-01    0.000000000000000E+00
    8.000000000000000E-01    5.000000000000000E-01    0.000000000000000E+00
    1.000000000000000E+00    5.000000000000000E-01    0.000000000000000E+00
    1.200000000000000E+00    5.000000000000000E-01    0.000000000000000E+00
    1.400000000000000E+00    5.000000000000000E-01    0.000000000000000E+00
    1.600000000000000E+00    5.000000000000000E-01    0.000000000000000E+00
    1.800000000000000E+00    5.000000000000000E-01    0.000000000000000E+00
    2.000000000000000E+00    5.000000000000000E-01    0.000000000000000E+00
    2.200000000000000E+00    5.000000000000000E-01    0.000000000000000E+00
    2.400000000000000E+00    5.000000000000000E-01    0.000000000000000E+00
    2.600000000000000E+00    5.000000000000000E-01    0.000000000000000E+00
    2.800000000000000E+00    5.000000000000000E-01    0.000000000000000E+00
    3.000000000000000E+00    5.000000000000000E-01    0.000000000000000E+00
    3.200000000000000E+00    5.000000000000000E-01    0.000000000000000E+00
    3.400000000000000E+00    5.000000000000000E-01    0.000000000000000E+00
    3.600000000000000E+00    5.000000000000000E-01    0.000000000000000E+00
    3.800000000000000E+00    5.000000000000000E-01    0.000000000000000E+00
    4.000000000000000E+00    5.000000000000000E-01    0.000000000000000E+00
    4.200000000000000E+00    5.000000000000000E-01    0.000000000000000E+00
    4.400000000000000E+00    5.000000000000000E-01    0.000000000000000E+00
    4.600000000000000E+00    5.000000000000000E-01    0.000000000000000E+00
    4.800000000000000E+00    5.000000000000000E-01    0.000000000000000E+00
    5.000000000000000E+00    5.000000000000000E-01    0.000000000000000E+00
    5.200000000000000E+00    5.000000000000000E-01    0.000000000000000E+00
    5.400000000000000E+00    5.000000000000000E-01    0.000000000000000E+00
    5.600000000000000E+00    5.000000000000000E-01    0.000000000000000E+00
    5.800000000000000E+00    5.000000000000000E-01    0.000000000000000E+00
    6.000000000000000E+00    5.000000000000000E-01    0.000000000000000E+00
    6.200000000000000E+00    5.000000000000000E-01    0.000000000000000E+00
    6.400000000000000E+00    5.000000000000000E-01    0.000000000000000E+00
    6.600000000000000E+00    5.000000000000000E-01    0.000000000000000E+00
    6.800000000000000E+00    5.000000000000000E-01    0.000000000000000E+00
    7.000000000000000E+00    5.000000000000000E-01    0.000000000000000E+00
    7.200000000000000E+00    5.000000000000000E-01    0.000000000000000E+00
    7.400000000000000E+00    5.000000000000000E-01    0.000000000000000E+00
    7.600000000000000E+00    5.000000000000000E-01    0.000000000000000E+00
    7.800000000000000E+00    5.000000000000000E-01    0.000000000000000E+00
    8.000000000000000E+00    5.000000000000000E-01    0.000000000000000E+00
    0.000000000000000E+00    5.500000000000000E-01    0.000000000000000E+00
    2.000000000000000E-01    5.500000000000000E-01    0.000000000000000E+00
    4.000000000000000E-01    5.500000000000000E-01    0.000000000000000E+00
    6.000000000000000E-01    5.500000000000000E-01    0.000000000000000E+00
    8.000000000000000E-01    5.500000000000000E-01    0.000000000000000E+00
    1.000000000000000E+00    5.500000000000000E-01    0.000000000000000E+00
    1.200000000000000E+00    5.500000000000000E-01    0.000000000000000E+00
    1.400000000000000E+00    5.500000000000000E-01    0.000000000000000E+00
    1.600000000000000E+00    5.500000000000000E-01    0.000000000000000E+00
    1.800000000000000E+00    5.500000000000000E-01    0.000000000000000E+00
    2.000000000000000E+00    5.500000000000000E-01    0.000000000000000E+00
    2.200000000000000E+00    5.500000000000000E-01    0.000000000000000E+00
    2.400000000000000E+00    5.500000000000000E-01    0.000000000000000E+00
    2.600000000000000E+00    5.500000000000000E-01    0.000000000000000E+00
    2.800000000000000E+00    5.500000000000000E-01    0.000000000000000E+00
    3.000000000000000E+00    5.500000000000000E-01    0.000000000000000E+00
    3.200000000000000E+00    5.500000000000000E-01    0.000000000000000E+00
    3.400000000000000E+00    5.500000000000000E-01    0.000000000000000E+00
    3.600000000000000E+00    5.500000000000000E-01    0.000000000000000E+00
    3.800000000000000E+00    5.500000000000000E-01    0.000000000000000E+00
    4.000000000000000E+00    5.500000000000000E-01    0.000000000000000E+00
    4.200000000000000E+00    5.500000000000000E-01    0.000000000000000E+00
    4.400000000000000E+00    5.500000000000000E-01    0.000000000000000E+00
    4.600000000000000E+00    5.500000000000000E-01    0.000000000000000E+00
    4.800000000000000E+00    5.500000000000000E-01    0.000000000000000E+00
    5.000000000000000E+00    5.500000000000000E-01    0.000000000000000E+00
    5.200000000000000E+00    5.500000000000000E-01    0.000000000000000E+00
    5.400000000000000E+00    5.500000000000000E-01    0.000000000000000E+00
    5.600000000000000E+00    5.500000000000000E-01    0.000000000000000E+00
    5.800000000000000E+00    5.500000000000000E-01    0.000000000000000E+00
    6.000000000000000E+00    5.500000000000000E-01    0.000000000000000E+00
    6.200000000000000E+00    5.500000000000000E-01    0.000000000000000E+00
    6.400000000000000E+00    5.500000000000000E-01    0.000000000000000E+00
    6.600000000000000E+00    5.500000000000000E-01    0.000000000000000E+00
    6.800000000000000E+00    5.500000000000000E-01    0.000000000000000E+00
    7.000000000000000E+00    5.500000000000000E-01    0.000000000000000E+00
    7.200000000000000E+00    5.500000000000000E-01    0.000000000000000E+00
    7.400000000000000E+00    5.500000000000000E-01    0.000000000000000E+00
    7.600000000000000E+00    5.500000000000000E-01    0.000000000000000E+00
    7.800000000000000E+00    5.500000000000000E-01    0.000000000000000E+00
    8.000000000000000E+00    5.500000000000000E-01    0.000000000000000E+00
    0.000000000000000E+00    6.000000000000000E-01    0.000000000000000E+00
    2.000000000000000E-01    6.000000000000000E-01    0.000000000000000E+00
    4.000000000000000E-01    6.000000000000000E-01    0.000000000000000E+00
    6.000000000000000E-01    6.000000000000000E-01    0.000000000000000E+00
    8.000000000000000E-01    6.000000000000000E-01    0.000000000000000E+00
    1.000000000000000E+00    6.000000000000000E-01    0.000000000000000E+00
    1.200000000000000E+00    6.000000000000000E-01    0.000000000000000E+00
    1.400000000000000E+00    6.000000000000000E-01    0.000000000000000E+00
    1.600000000000000E+00    6.000000000000000E-01    0.000000000000000E+00
    1.800000000000000E+00    6.000000000000000E-01    0.000000000000000E+00
    2.000000000000000E+00    6.000000000000000E-01    0.000000000000000E+00
    2.200000000000000E+00    6.000000000000000E-01    0.000000000000000E+00
    2.400000000000000E+00    6.000000000000000E-01    0.000000000000000E+00
    2.600000000000000E+00    6.000000000000000E-01    0.000000000000000E+00
    2.800000000000000E+00    6.000000000000000E-01    0.000000000000000E+00
    3.000000000000000E+00    6.000000000000000E-01    0.000000000000000E+00
    3.200000000000000E+00    6.000000000000000E-01    0.000000000000000E+00
    3.400000000000000E+00    6.000000000000000E-01    0.000000000000000E+00
    3.600000000000000E+00    6.000000000000000E-01    0.000000000000000E+00
    3.800000000000000E+00    6.000000000000000E-01    0.000000000000000E+00
    4.000000000000000E+00    6.000000000000000E-01    0.000000000000000E+00
    4.200000000000000E+00    6.000000000000000E-01    0.000000000000000E+00
    4.400000000000000E+00    6.000000000000000E-01    0.000000000000000E+00
    4.600000000000000E+00    6.000000000000000E-01    0.000000000000000E+00
    4.800000000000000E+00    6.000000000000000E-01    0.000000000000000E+00
    5.000000000000000E+00    6.000000000000000E-01    0.000000000000000E+00
    5.200000000000000E+00    6.000000000000000E-01    0.000000000000000E+00
    5.400000000000000E+00    6.000000000000000E-01    0.000000000000000E+00
    5.600000000000000E+00    6.000000000000000E-01    0.000000000000000E+00
    5.800000000000000E+00    6.000000000000000E-01    0.000000000000000E+00
    6.000000000000000E+00    6.000000000000000E-01    0.000000000000000E+00
    6.200000000000000E+00    6.000000000000000E-01    0.000000000000000E+00
    6.400000000000000E+00    6.000000000000000E-01    0.000000000000000E+00
    6.600000000000000E+00    6.000000000000000E-01    0.000000000000000E+00
    6.800000000000000E+00    6.000000000000000E-01    0.000000000000000E+00
    7.000000000000000E+00    6.000000000000000E-01    0.000000000000000E+00
    7.200000000000000E+00    6.000000000000000E-01    0.000000000000000E+00
    7.400000000000000E+00    6.000000000000000E-01    0.000000000000000E+00
    7.600000000000000E+00    6.000000000000000E-01    0.000000000000000E+00
    7.800000000000000E+00    6.000000000000000E-01    0.000000000000000E+00
    8.000000000000000E+00    6.000000000000000E-01    0.000000000000000E+00
    0.000000000000000E+00    6.500000000000000E-01    0.000000000000000E+00
    2.000000000000000E-01    6.500000000000000E-01    0.000000000000000E+00
    4.000000000000000E-01    6.500000000000000E-01    0.000000000000000E+00
    6.000000000000000E-01    6.500000000000000E-01    0.000000000000000E+00
    8.000000000000000E-01    6.500000000000000E-01    0.000000000000000E+00
    1.000000000000000E+00    6.500000000000000E-01    0.000000000000000E+00
    1.200000000000000E+00    6.500000000000000E-01    0.000000000000000E+00
    1.400000000000000E+00    6.500000000000000E-01    0.000000000000000E+00
    1.600000000000000E+00    6.500000000000000E-01    0.000000000000000E+00
    1.800000000000000E+00    6.500000000000000E-01    0.000000000000000E+00
    2.000000000000000E+00    6.500000000000000E-01    0.000000000000000E+00
    2.200000000000000E+00    6.500000000000000E-01    0.000000000000000E+00
    2.400000000000000E+00    6.500000000000000E-01    0.000000000000000E+00
    2.600000000000000E+00    6.500000000000000E-01    0.000000000000000E+00
    2.800000000000000E+00    6.500000000000000E-01    0.000000000000000E+00
    3.000000000000000E+00    6.500000000000000E-01    0.000000000000000E+00
    3.200000000000000E+00    6.500000000000000E-01    0.000000000000000E+00
    3.400000000000000E+00    6.500000000000000E-01    0.000000000000000E+00
    3.600000000000000E+00    6.500000000000000E-01    0.000000000000000E+00
    3.800000000000000E+00    6.500000000000000E-01    0.000000000000000E+00
    4.000000000000000E+00    6.500000000000000E-01    0.000000000000000E+00
    4.200000000000000E+00    6.500000000000000E-01    0.000000000000000E+00
    4.400000000000000E+00    6.500000000000000E-01    0.000000000000000E+00
    4.600000000000000E+00    6.500000000000000E-01    0.000000000000000E+00
    4.800000000000000E+00    6.500000000000000E-01    0.000000000000000E+00
    5.000000000000000E+00    6.500000000000000E-01    0.000000000000000E+00
    5.200000000000000E+00    6.500000000000000E-01    0.000000000000000E+00
    5.400000000000000E+00    6.500000000000000E-01    0.000000000000000E+00
    5.600000000000000E+00    6.500000000000000E-01    0.000000000000000E+00
    5.800000000000000E+00    6.500000000000000E-01    0.000000000000000E+00
    6.000000000000000E+00    6.500000000000000E-01    0.000000000000000E+00
    6.200000000000000E+00    6.500000000000000E-01    0.000000000000000E+00
    6.400000000000000E+00    6.500000000000000E-01    0.000000000000000E+00
    6.600000000000000E+00    6.500000000000000E-01    0.000000000000000E+00
    6.800000000000000E+00    6.500000000000000E-01    0.000000000000000E+00
    7.000000000000000E+00    6.500000000000000E-01    0.000000000000000E+00
    7.200000000000000E+00    6.500000000000000E-01    0.000000000000000E+00
    7.400000000000000E+00    6.500000000000000E-01    0.000000000000000E+00
    7.600000000000000E+00    6.500000000000000E-01    0.000000000000000E+00
    7.800000000000000E+00    6.500000000000000E-01    0.000000000000000E+00
    8.000000000000000E+00    6.500000000000000E-01    0.000000000000000E+00
    0.000000000000000E+00    7.000000000000000E-01    0.000000000000000E+00
    2.000000000000000E-01    7.000000000000000E-01    0.000000000000000E+00
    4.000000000000000E-01    7.000000000000000E-01    0.000000000000000E+00
    6.000000000000000E-01    7.000000000000000E-01    0.000000000000000E+00
    8.000000000000000E-01    7.000000000000000E-01    0.000000000000000E+00
    1.000000000000000E+00    7.000000000000000E-01    0.000000000000000E+00
    1.200000000000000E+00    7.000000000000000E-01    0.000000000000000E+00
    1.400000000000000E+00    7.000000000000000E-01    0.000000000000000E+00
    1.600000000000000E+00    7.000000000000000E-01    0.000000000000000E+00
    1.800000000000000E+00    7.000000000000000E-01    0.000000000000000E+00
    2.000000000000000E+00    7.000000000000000E-01    0.000000000000000E+00
    2.200000000000000E+00    7.000000000000000E-01    0.000000000000000E+00
    2.400000000000000E+00    7.000000000000000E-01    0.000000000000000E+00
    2.600000000000000E+00    7.000000000000000E-01    0.000000000000000E+00
    2.800000000000000E+00    7.000000000000000E-01    0.000000000000000E+00
    3.000000000000000E+00    7.000000000000000E-01    0.000000000000000E+00
    3.200000000000000E+00    7.000000000000000E-01    0.000000000000000E+00
    3.400000000000000E+00    7.000000000000000E-01    0.000000000000000E+00
    3.600000000000000E+00    7.000000000000000E-01    0.000000000000000E+00
    3.800000000000000E+00    7.000000000000000E-01    0.000000000000000E+00
    4.000000000000000E+00    7.000000000000000E-01    0.000000000000000E+00
    4.200000000000000E+00    7.000000000000000E-01    0.000000000000000E+00
    4.400000000000000E+00    7.000000000000000E-01    0.000000000000000E+00
    4.600000000000000E+00    7.000000000000000E-01    0.000000000000000E+00
    4.800000000000000E+00    7.000000000000000E-01    0.000000000000000E+00
    5.000000000000000E+00    7.000000000000000E-01    0.000000000000000E+00
    5.200000000000000E+00    7.000000000000000E-01    0.000000000000000E+00
    5.400000000000000E+00    7.000000000000000E-01    0.000000000000000E+00
    5.600000000000000E+00    7.000000000000000E-01    0.000000000000000E+00
    5.800000000000000E+00    7.000000000000000E-01    0.000000000000000E+00
    6.000000000000000E+00    7.000000000000000E-01    0.000000000000000E+00
    6.200000000000000E+00    7.000000000000000E-01    0.000000000000000E+00
    6.400000000000000E+00    7.000000000000000E-01    0.000000000000000E+00
    6.600000000000000E+00    7.000000000000000E-01    0.000000000000000E+00
    6.800000000000000E+00    7.000000000000000E-01    0.000000000000000E+00
    7.000000000000000E+00    7.000000000000000E-01    0.000000000000000E+00
    7.200000000000000E+00    7.000000000000000E-01    0.000000000000000E+00
    7.400000000000000E+00    7.000000000000000E-01    0.000000000000000E+00
    7.600000000000000E+00    7.000000000000000E-01    0.000000000000000E+00
    7.800000000000000E+00    7.000000000000000E-01    0.000000000000000E+00
    8.000000000000000E+00    7.000000000000000E-01    0.000000000000000E+00
    0.000000000000000E+00    7.500000000000000E-01    0.000000000000000E+00
    2.000000000000000E-01    7.500000000000000E-01    0.000000000000000E+00
    4.000000000000000E-01    7.500000000000000E-01    0.000000000000000E+00
    6.000000000000000E-01    7.500000000000000E-01    0.000000000000000E+00
    8.000000000000000E-01    7.500000000000000E-01    0.000000000000000E+00
    1.000000000000000E+00    7.500000000000000E-01    0.000000000000000E+00
    1.200000000000000E+00    7.500000000000000E-01    0.000000000000000E+00
    1.400000000000000E+00    7.500000000000000E-01    0.000000000000000E+00
    1.600000000000000E+00    7.500000000000000E-01    0.000000000000000E+00
    1.800000000000000E+00    7.500000000000000E-01    0.000000000000000E+00
    2.000000000000000E+00    7.500000000000000E-01    0.000000000000000E+00
    2.200000000000000E+00    7.500000000000000E-01    0.000000000000000E+00
    2.400000000000000E+00    7.500000000000000E-01    0.000000000000000E+00
    2.600000000000000E+00    7.500000000000000E-01    0.000000000000000E+00
    2.800000000000000E+00    7.500000000000000E-01    0.000000000000000E+00
    3.000000000000000E+00    7.500000000000000E-01    0.000000000000000E+00
    3.200000000000000E+00    7.500000000000000E-01    0.000000000000000E+00
    3.400000000000000E+00    7.500000000000000E-01    0.000000000000000E+00
    3.600000000000000E+00    7.500000000000000E-01    0.000000000000000E+00
    3.800000000000000E+00    7.500000000000000E-01    0.000000000000000E+00
    4.000000000000000E+00    7.500000000000000E-01    0.000000000000000E+00
    4.200000000000000E+00    7.500000000000000E-01    0.000000000000000E+00
    4.400000000000000E+00    7.500000000000000E-01    0.000000000000000E+00
    4.600000000000000E+00    7.500000000000000E-01    0.000000000000000E+00
    4.800000000000000E+00    7.500000000000000E-01    0.000000000000000E+00
    5.000000000000000E+00    7.500000000000000E-01    0.000000000000000E+00
    5.200000000000000E+00    7.500000000000000E-01    0.000000000000000E+00
    5.400000000000000E+00    7.500000000000000E-01    0.000000000000000E+00
    5.600000000000000E+00    7.500000000000000E-01    0.000000000000000E+00
    5.800000000000000E+00    7.500000000000000E-01    0.000000000000000E+00
    6.000000000000000E+00    7.500000000000000E-01    0.000000000000000E+00
    6.200000000000000E+00    7.500000000000000E-01    0.000000000000000E+00
    6.400000000000000E+00    7.500000000000000E-01    0.000000000000000E+00
    6.600000000000000E+00    7.500000000000000E-01    0.000000000000000E+00
    6.800000000000000E+00    7.500000000000000E-01    0.000000000000000E+00
    7.000000000000000E+00    7.500000000000000E-01    0.000000000000000E+00
    7.200000000000000E+00    7.500000000000000E-01    0.000000000000000E+00
    7.400000000000000E+00    7.500000000000000E-01    0.000000000000000E+00
    7.600000000000000E+00    7.500000000000000E-01    0.000000000000000E+00
    7.800000000000000E+00    7.500000000000000E-01    0.000000000000000E+00
    8.000000000000000E+00    7.500000000000000E-01    0.000000000000000E+00
    0.000000000000000E+00    8.000000000000000E-01    0.000000000000000E+00
    2.000000000000000E-01    8.000000000000000E-01    0.000000000000000E+00
    4.000000000000000E-01    8.000000000000000E-01    0.000000000000000E+00
    6.000000000000000E-01    8.000000000000000E-01    0.000000000000000E+00
    8.000000000000000E-01    8.000000000000000E-01    0.000000000000000E+00
    1.000000000000000E+00    8.000000000000000E-01    0.000000000000000E+00
    1.200000000000000E+00    8.000000000000000E-01    0.000000000000000E+00
    1.400000000000000E+00    8.000000000000000E-01    0.000000000000000E+00
    1.600000000000000E+00    8.000000000000000E-01    0.000000000000000E+00
    1.800000000000000E+00    8.000000000000000E-01    0.000000000000000E+00
    2.000000000000000E+00    8.000000000000000E-01    0.000000000000000E+00
    2.200000000000000E+00    8.000000000000000E-01    0.000000000000000E+00
    2.400000000000000E+00    8.000000000000000E-01    0.000000000000000E+00
    2.600000000000000E+00    8.000000000000000E-01    0.000000000000000E+00
    2.800000000000000E+00    8.000000000000000E-01    0.000000000000000E+00
    3.000000000000000E+00    8.000000000000000E-01    0.000000000000000E+00
    3.200000000000000E+00    8.000000000000000E-01    0.000000000000000E+00
    3.400000000000000E+00    8.000000000000000E-01    0.000000000000000E+00
    3.600000000000000E+00    8.000000000000000E-01    0.000000000000000E+00
    3.800000000000000E+00    8.000000000000000E-01    0.000000000000000E+00
    4.000000000000000E+00    8.000000000000000E-01    0.000000000000000E+00
    4.200000000000000E+00    8.000000000000000E-01    0.000000000000000E+00
    4.400000000000000E+00    8.000000000000000E-01    0.000000000000000E+00
    4.600000000000000E+00    8.000000000000000E-01    0.000000000000000E+00
    4.800000000000000E+00    8.000000000000000E-01    0.000000000000000E+00
    5.000000000000000E+00    8.000000000000000E-01    0.000000000000000E+00
    5.200000000000000E+00    8.000000000000000E-01    0.000000000000000E+00
    5.400000000000000E+00    8.000000000000000E-01    0.000000000000000E+00
    5.600000000000000E+00    8.000000000000000E-01    0.000000000000000E+00
    5.800000000000000E+00    8.000000000000000E-01    0.000000000000000E+00
    6.000000000000000E+00    8.000000000000000E-01    0.000000000000000E+00
    6.200000000000000E+00    8.000000000000000E-01    0.000000000000000E+00
    6.400000000000000E+00    8.000000000000000E-01    0.000000000000000E+00
    6.600000000000000E+00    8.000000000000000E-01    0.000000000000000E+00
    6.800000000000000E+00    8.000000000000000E-01    0.000000000000000E+00
    7.000000000000000E+00    8.000000000000000E-01    0.000000000000000E+00
    7.200000000000000E+00    8.000000000000000E-01    0.000000000000000E+00
    7.400000000000000E+00    8.000000000000000E-01    0.000000000000000E+00
    7.600000000000000E+00    8.000000000000000E-01    0.000000000000000E+00
    7.800000000000000E+00    8.000000000000000E-01    0.000000000000000E+00
    8.000000000000000E+00    8.000000000000000E-01    0.000000000000000E+00
    0.000000000000000E+00    8.500000000000000E-01    0.000000000000000E+00
    2.000000000000000E-01    8.500000000000000E-01    0.000000000000000E+00
    4.000000000000000E-01    8.500000000000000E-01    0.000000000000000E+00
    6.000000000000000E-01    8.500000000000000E-01    0.000000000000000E+00
    8.000000000000000E-01    8.500000000000000E-01    0.000000000000000E+00
    1.000000000000000E+00    8.500000000000000E-01    0.000000000000000E+00
    1.200000000000000E+00    8.500000000000000E-01    0.000000000000000E+00
    1.400000000000000E+00    8.500000000000000E-01    0.000000000000000E+00
    1.600000000000000E+00    8.500000000000000E-01    0.000000000000000E+00
    1.800000000000000E+00    8.500000000000000E-01    0.000000000000000E+00
    2.000000000000000E+00    8.500000000000000E-01    0.000000000000000E+00
    2.200000000000000E+00    8.500000000000000E-01    0.000000000000000E+00
    2.400000000000000E+00    8.500000000000000E-01    0.000000000000000E+00
    2.600000000000000E+00    8.500000000000000E-01    0.000000000000000E+00
    2.800000000000000E+00    8.500000000000000E-01    0.000000000000000E+00
    3.000000000000000E+00    8.500000000000000E-01    0.000000000000000E+00
    3.200000000000000E+00    8.500000000000000E-01    0.000000000000000E+00
    3.400000000000000E+00    8.500000000000000E-01    0.000000000000000E+00
    3.600000000000000E+00    8.500000000000000E-01    0.000000000000000E+00
    3.800000000000000E+00    8.500000000000000E-01    0.000000000000000E+00
    4.000000000000000E+00    8.500000000000000E-01    0.000000000000000E+00
    4.200000000000000E+00    8.500000000000000E-01    0.000000000000000E+00
    4.400000000000000E+00    8.500000000000000E-01    0.000000000000000E+00
    4.600000000000000E+00    8.500000000000000E-01    0.000000000000000E+00
    4.800000000000000E+00    8.500000000000000E-01    0.000000000000000E+00
    5.000000000000000E+00    8.500000000000000E-01    0.000000000000000E+00
    5.200000000000000E+00    8.500000000000000E-01    0.000000000000000E+00
    5.400000000000000E+00    8.500000000000000E-01    0.000000000000000E+00
    5.600000000000000E+00    8.500000000000000E-01    0.000000000000000E+00
    5.800000000000000E+00    8.500000000000000E-01    0.000000000000000E+00
    6.000000000000000E+00    8.500000000000000E-01    0.000000000000000E+00
    6.200000000000000E+00    8.500000000000000E-01    0.000000000000000E+00
    6.400000000000000E+00    8.500000000000000E-01    0.000000000000000E+00
    6.600000000000000E+00    8.500000000000000E-01    0.000000000000000E+00
    6.800000000000000E+00    8.500000000000000E-01    0.000000000000000E+00
    7.000000000000000E+00    8.500000000000000E-01    0.000000000000000E+00
    7.200000000000000E+00    8.500000000000000E-01    0.000000000000000E+00
    7.400000000000000E+00    8.500000000000000E-01    0.000000000000000E+00
    7.600000000000000E+00    8.500000000000000E-01    0.000000000000000E+00
    7.800000000000000E+00    8.500000000000000E-01    0.000000000000000E+00
    8.000000000000000E+00    8.500000000000000E-01    0.000000000000000E+00
    0.000000000000000E+00    9.000000000000000E-01    0.000000000000000E+00
    2.000000000000000E-01    9.000000000000000E-01    0.000000000000000E+00
    4.000000000000000E-01    9.000000000000000E-01    0.000000000000000E+00
    6.000000000000000E-01    9.000000000000000E-01    0.000000000000000E+00
    8.000000000000000E-01    9.000000000000000E-01    0.000000000000000E+00
    1.000000000000000E+00    9.000000000000000E-01    0.000000000000000E+00
    1.200000000000000E+00    9.000000000000000E-01    0.000000000000000E+00
    1.400000000000000E+00    9.000000000000000E-01    0.000000000000000E+00
    1.600000000000000E+00    9.000000000000000E-01    0.000000000000000E+00
    1.800000000000000E+00    9.000000000000000E-01    0.000000000000000E+00
    2.000000000000000E+00    9.000000000000000E-01    0.000000000000000E+00
    2.200000000000000E+00    9.000000000000000E-01    0.000000000000000E+00
    2.400000000000000E+00    9.000000000000000E-01    0.000000000000000E+00
    2.600000000000000E+00    9.000000000000000E-01    0.000000000000000E+00
    2.800000000000000E+00    9.000000000000000E-01    0.000000000000000E+00
    3.000000000000000E+00    9.000000000000000E-01    0.000000000000000E+00
    3.200000000000000E+00    9.000000000000000E-01    0.000000000000000E+00
    3.400000000000000E+00    9.000000000000000E-01    0.000000000000000E+00
    3.600000000000000E+00    9.000000000000000E-01    0.000000000000000E+00
    3.800000000000000E+00    9.000000000000000E-01    0.000000000000000E+00
    4.000000000000000E+00    9.000000000000000E-01    0.000000000000000E+00
    4.200000000000000E+00    9.000000000000000E-01    0.000000000000000E+00
    4.400000000000000E+00    9.000000000000000E-01    0.000000000000000E+00
    4.600000000000000E+00    9.000000000000000E-01    0.000000000000000E+00
    4.800000000000000E+00    9.000000000000000E-01    0.000000000000000E+00
    5.000000000000000E+00    9.000000000000000E-01    0.000000000000000E+00
    5.200000000000000E+00    9.000000000000000E-01    0.000000000000000E+00
    5.400000000000000E+00    9.000000000000000E-01    0.000000000000000E+00
    5.600000000000000E+00    9.000000000000000E-01    0.000000000000000E+00
    5.800000000000000E+00    9.000000000000000E-01    0.000000000000000E+00
    6.000000000000000E+00    9.000000000000000E-01    0.000000000000000E+00
    6.200000000000000E+00    9.000000000000000E-01    0.000000000000000E+00
    6.400000000000000E+00    9.000000000000000E-01    0.000000000000000E+00
    6.600000000000000E+00    9.000000000000000E-01    0.000000000000000E+00
    6.800000000000000E+00    9.000000000000000E-01    0.000000000000000E+00
    7.000000000000000E+00    9.000000000000000E-01    0.000000000000000E+00
    7.200000000000000E+00    9.000000000000000E-01    0.000000000000000E+00
    7.400000000000000E+00    9.000000000000000E-01    0.000000000000000E+00
    7.600000000000000E+00    9.000000000000000E-01    0.000000000000000E+00
    7.800000000000000E+00    9.000000000000000E-01    0.000000000000000E+00
    8.000000000000000E+00    9.000000000000000E-01    0.000000000000000E+00
    0.000000000000000E+00    9.500000000000000E-01    0.000000000000000E+00
    2.000000000000000E-01    9.500000000000000E-01    0.000000000000000E+00
    4.000000000000000E-01    9.500000000000000E-01    0.000000000000000E+00
    6.000000000000000E-01    9.500000000000000E-01    0.000000000000000E+00
    8.000000000000000E-01    9.500000000000000E-01    0.000000000000000E+00
    1.000000000000000E+00    9.500000000000000E-01    0.000000000000000E+00
    1.200000000000000E+00    9.500000000000000E-01    0.000000000000000E+00
    1.400000000000000E+00    9.500000000000000E-01    0.000000000000000E+00
    1.600000000000000E+00    9.500000000000000E-01    0.000000000000000E+00
    1.800000000000000E+00    9.500000000000000E-01    0.000000000000000E+00
    2.000000000000000E+00    9.500000000000000E-01    0.000000000000000E+00
    2.200000000000000E+00    9.500000000000000E-01    0.000000000000000E+00
    2.400000000000000E+00    9.500000000000000E-01    0.000000000000000E+00
    2.600000000000000E+00    9.500000000000000E-01    0.000000000000000E+00
    2.800000000000000E+00    9.500000000000000E-01    0.000000000000000E+00
    3.000000000000000E+00    9.500000000000000E-01    0.000000000000000E+00
    3.200000000000000E+00    9.500000000000000E-01    0.000000000000000E+00
    3.400000000000000E+00    9.500000000000000E-01    0.000000000000000E+00
    3.600000000000000E+00    9.500000000000000E-01    0.000000000000000E+00
    3.800000000000000E+00    9.500000000000000E-01    0.000000000000000E+00
    4.000000000000000E+00    9.500000000000000E-01    0.000000000000000E+00
    4.200000000000000E+00    9.500000000000000E-01    0.000000000000000E+00
    4.400000000000000E+00    9.500000000000000E-01    0.000000000000000E+00
    4.600000000000000E+00    9.500000000000000E-01    0.000000000000000E+00
    4.800000000000000E+00    9.500000000000000E-01    0.000000000000000E+00
    5.000000000000000E+00    9.500000000000000E-01    0.000000000000000E+00
    5.200000000000000E+00    9.500000000000000E-01    0.000000000000000E+00
    5.400000000000000E+00    9.500000000000000E-01    0.000000000000000E+00
    5.600000000000000E+00    9.500000000000000E-01    0.000000000000000E+00
    5.800000000000000E+00    9.500000000000000E-01    0.000000000000000E+00
    6.000000000000000E+00    9.500000000000000E-01    0.000000000000000E+00
    6.200000000000000E+00    9.500000000000000E-01    0.000000000000000E+00
    6.400000000000000E+00    9.500000000000000E-01    0.000000000000000E+00
    6.600000000000000E+00    9.500000000000000E-01    0.000000000000000E+00
    6.800000000000000E+00    9.500000000000000E-01    0.000000000000000E+00
    7.000000000000000E+00    9.500000000000000E-01    0.000000000000000E+00
    7.200000000000000E+00    9.500000000000000E-01    0.000000000000000E+00
    7.400000000000000E+00    9.500000000000000E-01    0.000000000000000E+00
    7.600000000000000E+00    9.500000000000000E-01    0.000000000000000E+00
    7.800000000000000E+00    9.500000000000000E-01    0.000000000000000E+00
    8.000000000000000E+00    9.500000000000000E-01    0.000000000000000E+00
    0.000000000000000E+00    1.000000000000000E+00    0.000000000000000E+00
    2.000000000000000E-01    1.000000000000000E+00    0.000000000000000E+00
    4.000000000000000E-01    1.000000000000000E+00    0.000000000000000E+00
    6.000000000000000E-01    1.000000000000000E+00    0.000000000000000E+00
    8.000000000000000E-01    1.000000000000000E+00    0.000000000000000E+00
    1.000000000000000E+00    1.000000000000000E+00    0.000000000000000E+00
    1.200000000000000E+00    1.000000000000000E+00    0.000000000000000E+00
    1.400000000000000E+00    1.000000000000000E+00    0.000000000000000E+00
    1.600000000000000E+00    1.000000000000000E+00    0.000000000000000E+00
    1.800000000000000E+00    1.000000000000000E+00    0.000000000000000E+00
    2.000000000000000E+00    1.000000000000000E+00    0.000000000000000E+00
    2.200000000000000E+00    1.000000000000000E+00    0.000000000000000E+00
    2.400000000000000E+00    1.000000000000000E+00    0.000000000000000E+00
    2.600000000000000E+00    1.000000000000000E+00    0.000000000000000E+00
    2.800000000000000E+00    1.000000000000000E+00    0.000000000000000E+00
    3.000000000000000E+00    1.000000000000000E+00    0.000000000000000E+00
    3.200000000000000E+00    1.000000000000000E+00    0.000000000000000E+00
    3.400000000000000E+00    1.000000000000000E+00    0.000000000000000E+00
    3.600000000000000E+00    1.000000000000000E+00    0.000000000000000E+00
    3.800000000000000E+00    1.000000000000000E+00    0.000000000000000E+00
    4.000000000000000E+00    1.000000000000000E+00    0.000000000000000E+00
    4.200000000000000E+00    1.000000000000000E+00    0.000000000000000E+00
    4.400000000000000E+00    1.000000000000000E+00    0.000000000000000E+00
    4.600000000000000E+00    1.000000000000000E+00    0.000000000000000E+00
    4.800000000000000E+00    1.000000000000000E+00    0.000000000000000E+00
    5.000000000000000E+00    1.000000000000000E+00    0.000000000000000E+00
    5.200000000000000E+00    1.000000000000000E+00    0.000000000000000E+00
    5.400000000000000E+00    1.000000000000000E+00    0.000000000000000E+00
    5.600000000000000E+00    1.000000000000000E+00    0.000000000000000E+00
    5.800000000000000E+00    1.000000000000000E+00    0.000000000000000E+00
    6.000000000000000E+00    1.000000000000000E+00    0.000000000000000E+00
    6.200000000000000E+00    1.000000000000000E+00    0.000000000000000E+00
    6.400000000000000E+00    1.000000000000000E+00    0.000000000000000E+00
    6.600000000000000E+00    1.000000000000000E+00    0.000000000000000E+00
    6.800000000000000E+00    1.000000000000000E+00    0.000000000000000E+00
    7.000000000000000E+00    1.000000000000000E+00    0.000000000000000E+00
    7.200000000000000E+00    1.000000000000000E+00    0.000000000000000E+00
    7.400000000000000E+00    1.000000000000000E+00    0.000000000000000E+00
    7.600000000000000E+00    1.000000000000000E+00    0.000000000000000E+00
    7.800000000000000E+00    1.000000000000000E+00    0.000000000000000E+00
    8.000000000000000E+00    1.000000000000000E+00    0.000000000000000E+00
    0.000000000000000E+00    0.000000000000000E+00    1.000000000000000E+00
    2.000000000000000E-01    0.000000000000000E+00    1.000000000000000E+00
    4.000000000000000E-01    0.000000000000000E+00    1.000000000000000E+00
    6.000000000000000E-01    0.000000000000000E+00    1.000000000000000E+00
    8.000000000000000E-01    0.000000000000000E+00    1.000000000000000E+00
    1.000000000000000E+00    0.000000000000000E+00    1.000000000000000E+00
    1.200000000000000E+00    0.000000000000000E+00    1.000000000000000E+00
    1.400000000000000E+00    0.000000000000000E+00    1.000000000000000E+00
    1.600000000000000E+00    0.000000000000000E+00    1.000000000000000E+00
    1.800000000000000E+00    0.000000000000000E+00    1.000000000000000E+00
    2.000000000000000E+00    0.000000000000000E+00    1.000000000000000E+00
    2.200000000000000E+00    0.000000000000000E+00    1.000000000000000E+00
    2.400000000000000E+00    0.000000000000000E+00    1.000000000000000E+00
    2.600000000000000E+00    0.000000000000000E+00    1.000000000000000E+00
    2.800000000000000E+00    0.000000000000000E+00    1.000000000000000E+00
    3.000000000000000E+00    0.000000000000000E+00    1.000000000000000E+00
    3.200000000000000E+00    0.000000000000000E+00    1.000000000000000E+00
    3.400000000000000E+00    0.000000000000000E+00    1.000000000000000E+00
    3.600000000000000E+00    0.000000000000000E+00    1.000000000000000E+00
    3.800000000000000E+00    0.000000000000000E+00    1.000000000000000E+00
    4.000000000000000E+00    0.000000000000000E+00    1.000000000000000E+00
    4.200000000000000E+00    0.000000000000000E+00    1.000000000000000E+00
    4.400000000000000E+00    0.000000000000000E+00    1.000000000000000E+00
    4.600000000000000E+00    0.000000000000000E+00    1.000000000000000E+00
    4.800000000000000E+00    0.000000000000000E+00    1.000000000000000E+00
    5.000000000000000E+00    0.000000000000000E+00    1.000000000000000E+00
    5.200000000000000E+00    0.000000000000000E+00    1.000000000000000E+00
    5.400000000000000E+00    0.000000000000000E+00    1.000000000000000E+00
    5.600000000000000E+00    0.000000000000000E+00    1.000000000000000E+00
    5.800000000000000E+00    0.000000000000000E+00    1.000000000000000E+00
    6.000000000000000E+00    0.000000000000000E+00    1.000000000000000E+00
    6.200000000000000E+00    0.000000000000000E+00    1.000000000000000E+00
    6.400000000000000E+00    0.000000000000000E+00    1.000000000000000E+00
    6.600000000000000E+00    0.000000000000000E+00    1.000000000000000E+00
    6.800000000000000E+00    0.000000000000000E+00    1.000000000000000E+00
    7.000000000000000E+00    0.000000000000000E+00    1.000000000000000E+00
    7.200000000000000E+00    0.000000000000000E+00    1.000000000000000E+00
    7.400000000000000E+00    0.000000000000000E+00    1.000000000000000E+00
    7.600000000000000E+00    0.000000000000000E+00    1.000000000000000E+00
    7.800000000000000E+00    0.000000000000000E+00    1.000000000000000E+00
    8.000000000000000E+00    0.000000000000000E+00    1.000000000000000E+00
    0.000000000000000E+00    5.000000000000000E-02    1.000000000000000E+00
    2.000000000000000E-01    5.000000000000000E-02    1.000000000000000E+00
    4.000000000000000E-01    5.000000000000000E-02    1.000000000000000E+00
    6.000000000000000E-01    5.000000000000000E-02    1.000000000000000E+00
    8.000000000000000E-01    5.000000000000000E-02    1.000000000000000E+00
    1.000000000000000E+00    5.000000000000000E-02    1.000000000000000E+00
    1.200000000000000E+00    5.000000000000000E-02    1.000000000000000E+00
    1.400000000000000E+00    5.000000000000000E-02    1.000000000000000E+00
    1.600000000000000E+00    5.000000000000000E-02    1.000000000000000E+00
    1.800000000000000E+00    5.000000000000000E-02    1.000000000000000E+00
    2.000000000000000E+00    5.000000000000000E-02    1.000000000000000E+00
    2.200000000000000E+00    5.000000000000000E-02    1.000000000000000E+00
    2.400000000000000E+00    5.000000000000000E-02    1.000000000000000E+00
    2.600000000000000E+00    5.000000000000000E-02    1.000000000000000E+00
    2.800000000000000E+00    5.000000000000000E-02    1.000000000000000E+00
    3.000000000000000E+00    5.000000000000000E-02    1.000000000000000E+00
    3.200000000000000E+00    5.000000000000000E-02    1.000000000000000E+00
    3.400000000000000E+00    5.000000000000000E-02    1.000000000000000E+00
    3.600000000000000E+00    5.000000000000000E-02    1.000000000000000E+00
    3.800000000000000E+00    5.000000000000000E-02    1.000000000000000E+00
    4.000000000000000E+00    5.000000000000000E-02    1.000000000000000E+00
    4.200000000000000E+00    5.000000000000000E-02    1.000000000000000E+00
    4.400000000000000E+00    5.000000000000000E-02    1.000000000000000E+00
    4.600000000000000E+00    5.000000000000000E-02    1.000000000000000E+00
    4.800000000000000E+00    5.000000000000000E-02    1.000000000000000E+00
    5.000000000000000E+00    5.000000000000000E-02    1.000000000000000E+00
    5.200000000000000E+00    5.000000000000000E-02    1.000000000000000E+00
    5.400000000000000E+00    5.000000000000000E-02    1.000000000000000E+00
    5.600000000000000E+00    5.000000000000000E-02    1.000000000000000E+00
    5.800000000000000E+00    5.000000000000000E-02    1.000000000000000E+00
    6.000000000000000E+00    5.000000000000000E-02    1.000000000000000E+00
    6.200000000000000E+00    5.000000000000000E-02    1.000000000000000E+00
    6.400000000000000E+00    5.000000000000000E-02    1.000000000000000E+00
    6.600000000000000E+00    5.000000000000000E-02    1.000000000000000E+00
    6.800000000000000E+00    5.000000000000000E-02    1.000000000000000E+00
    7.000000000000000E+00    5.000000000000000E-02    1.000000000000000E+00
    7.200000000000000E+00    5.000000000000000E-02    1.000000000000000E+00
    7.400000000000000E+00    5.000000000000000E-02    1.000000000000000E+00
    7.600000000000000E+00    5.000000000000000E-02    1.000000000000000E+00
    7.800000000000000E+00    5.000000000000000E-02    1.000000000000000E+00
    8.000000000000000E+00    5.000000000000000E-02    1.000000000000000E+00
    0.000000000000000E+00    1.000000000000000E-01    1.000000000000000E+00
    2.000000000000000E-01    1.000000000000000E-01    1.000000000000000E+00
    4.000000000000000E-01    1.000000000000000E-01    1.000000000000000E+00
    6.000000000000000E-01    1.000000000000000E-01    1.000000000000000E+00
    8.000000000000000E-01    1.000000000000000E-01    1.000000000000000E+00
    1.000000000000000E+00    1.000000000000000E-01    1.000000000000000E+00
    1.200000000000000E+00    1.000000000000000E-01    1.000000000000000E+00
    1.400000000000000E+00    1.000000000000000E-01    1.000000000000000E+00
    1.600000000000000E+00    1.000000000000000E-01    1.000000000000000E+00
    1.800000000000000E+00    1.000000000000000E-01    1.000000000000000E+00
    2.000000000000000E+00    1.000000000000000E-01    1.000000000000000E+00
    2.200000000000000E+00    1.000000000000000E-01    1.000000000000000E+00
    2.400000000000000E+00    1.000000000000000E-01    1.000000000000000E+00
    2.600000000000000E+00    1.000000000000000E-01    1.000000000000000E+00
    2.800000000000000E+00    1.000000000000000E-01    1.000000000000000E+00
    3.000000000000000E+00    1.000000000000000E-01    1.000000000000000E+00
    3.200000000000000E+00    1.000000000000000E-01    1.000000000000000E+00
    3.400000000000000E+00    1.000000000000000E-01    1.000000000000000E+00
    3.600000000000000E+00    1.000000000000000E-01    1.000000000000000E+00
    3.800000000000000E+00    1.000000000000000E-01    1.000000000000000E+00
    4.000000000000000E+00    1.000000000000000E-01    1.000000000000000E+00
    4.200000000000000E+00    1.000000000000000E-01    1.000000000000000E+00
    4.400000000000000E+00    1.000000000000000E-01    1.000000000000000E+00
    4.600000000000000E+00    1.000000000000000E-01    1.000000000000000E+00
    4.800000000000000E+00    1.000000000000000E-01    1.000000000000000E+00
    5.000000000000000E+00    1.000000000000000E-01    1.000000000000000E+00
    5.200000000000000E+00    1.000000000000000E-01    1.000000000000000E+00
    5.400000000000000E+00    1.000000000000000E-01    1.000000000000000E+00
    5.600000000000000E+00    1.000000000000000E-01    1.000000000000000E+00
    5.800000000000000E+00    1.000000000000000E-01    1.000000000000000E+00
    6.000000000000000E+00    1.000000000000000E-01    1.000000000000000E+00
    6.200000000000000E+00    1.000000000000000E-01    1.000000000000000E+00
    6.400000000000000E+00    1.000000000000000E-01    1.000000000000000E+00
    6.600000000000000E+00    1.000000000000000E-01    1.000000000000000E+00
    6.800000000000000E+00    1.000000000000000E-01    1.000000000000000E+00
    7.000000000000000E+00    1.000000000000000E-01    1.000000000000000E+00
    7.200000000000000E+00    1.000000000000000E-01    1.000000000000000E+00
    7.400000000000000E+00    1.000000000000000E-01    1.000000000000000E+00
    7.600000000000000E+00    1.000000000000000E-01    1.000000000000000E+00
    7.800000000000000E+00    1.000000000000000E-01    1.000000000000000E+00
    8.000000000000000E+00    1.000000000000000E-01    1.000000000000000E+00
    0.000000000000000E+00    1.500000000000000E-01    1.000000000000000E+00
    2.000000000000000E-01    1.500000000000000E-01    1.000000000000000E+00
    4.000000000000000E-01    1.500000000000000E-01    1.000000000000000E+00
    6.000000000000000E-01    1.500000000000000E-01    1.000000000000000E+00
    8.000000000000000E-01    1.500000000000000E-01    1.000000000000000E+00
    1.000000000000000E+00    1.500000000000000E-01    1.000000000000000E+00
    1.200000000000000E+00    1.500000000000000E-01    1.000000000000000E+00
    1.400000000000000E+00    1.500000000000000E-01    1.000000000000000E+00
    1.600000000000000E+00    1.500000000000000E-01    1.000000000000000E+00
    1.800000000000000E+00    1.500000000000000E-01    1.000000000000000E+00
    2.000000000000000E+00    1.500000000000000E-01    1.000000000000000E+00
    2.200000000000000E+00    1.500000000000000E-01    1.000000000000000E+00
    2.400000000000000E+00    1.500000000000000E-01    1.000000000000000E+00
    2.600000000000000E+00    1.500000000000000E-01    1.000000000000000E+00
    2.800000000000000E+00    1.500000000000000E-01    1.000000000000000E+00
    3.000000000000000E+00    1.500000000000000E-01    1.000000000000000E+00
    3.200000000000000E+00    1.500000000000000E-01    1.000000000000000E+00
    3.400000000000000E+00    1.500000000000000E-01    1.000000000000000E+00
    3.600000000000000E+00    1.500000000000000E-01    1.000000000000000E+00
    3.800000000000000E+00    1.500000000000000E-01    1.000000000000000E+00
    4.000000000000000E+00    1.500000000000000E-01    1.000000000000000E+00
    4.200000000000000E+00    1.500000000000000E-01    1.000000000000000E+00
    4.400000000000000E+00    1.500000000000000E-01    1.000000000000000E+00
    4.600000000000000E+00    1.500000000000000E-01    1.000000000000000E+00
    4.800000000000000E+00    1.500000000000000E-01    1.000000000000000E+00
    5.000000000000000E+00    1.500000000000000E-01    1.000000000000000E+00
    5.200000000000000E+00    1.500000000000000E-01    1.000000000000000E+00
    5.400000000000000E+00    1.500000000000000E-01    1.000000000000000E+00
    5.600000000000000E+00    1.500000000000000E-01    1.000000000000000E+00
    5.800000000000000E+00    1.500000000000000E-01    1.000000000000000E+00
    6.000000000000000E+00    1.500000000000000E-01    1.000000000000000E+00
    6.200000000000000E+00    1.500000000000000E-01    1.000000000000000E+00
    6.400000000000000E+00    1.500000000000000E-01    1.000000000000000E+00
    6.600000000000000E+00    1.500000000000000E-01    1.000000000000000E+00
    6.800000000000000E+00    1.500000000000000E-01    1.000000000000000E+00
    7.000000000000000E+00    1.500000000000000E-01    1.000000000000000E+00
    7.200000000000000E+00    1.500000000000000E-01    1.000000000000000E+00
    7.400000000000000E+00    1.500000000000000E-01    1.000000000000000E+00
    7.600000000000000E+00    1.500000000000000E-01    1.000000000000000E+00
    7.800000000000000E+00    1.500000000000000E-01    1.000000000000000E+00
    8.000000000000000E+00    1.500000000000000E-01    1.000000000000000E+00
    0.000000000000000E+00    2.000000000000000E-01    1.000000000000000E+00
    2.000000000000000E-01    2.000000000000000E-01    1.000000000000000E+00
    4.000000000000000E-01    2.000000000000000E-01    1.000000000000000E+00
    6.000000000000000E-01    2.000000000000000E-01    1.000000000000000E+00
    8.000000000000000E-01    2.000000000000000E-01    1.000000000000000E+00
    1.000000000000000E+00    2.000000000000000E-01    1.000000000000000E+00
    1.200000000000000E+00    2.000000000000000E-01    1.000000000000000E+00
    1.400000000000000E+00    2.000000000000000E-01    1.000000000000000E+00
    1.600000000000000E+00    2.000000000000000E-01    1.000000000000000E+00
    1.800000000000000E+00    2.000000000000000E-01    1.000000000000000E+00
    2.000000000000000E+00    2.000000000000000E-01    1.000000000000000E+00
    2.200000000000000E+00    2.000000000000000E-01    1.000000000000000E+00
    2.400000000000000E+00    2.000000000000000E-01    1.000000000000000E+00
    2.600000000000000E+00    2.000000000000000E-01    1.000000000000000E+00
    2.800000000000000E+00    2.000000000000000E-01    1.000000000000000E+00
    3.000000000000000E+00    2.000000000000000E-01    1.000000000000000E+00
    3.200000000000000E+00    2.000000000000000E-01    1.000000000000000E+00
    3.400000000000000E+00    2.000000000000000E-01    1.000000000000000E+00
    3.600000000000000E+00    2.000000000000000E-01    1.000000000000000E+00
    3.800000000000000E+00    2.000000000000000E-01    1.000000000000000E+00
    4.000000000000000E+00    2.000000000000000E-01    1.000000000000000E+00
    4.200000000000000E+00    2.000000000000000E-01    1.000000000000000E+00
    4.400000000000000E+00    2.000000000000000E-01    1.000000000000000E+00
    4.600000000000000E+00    2.000000000000000E-01    1.000000000000000E+00
    4.800000000000000E+00    2.000000000000000E-01    1.000000000000000E+00
    5.000000000000000E+00    2.000000000000000E-01    1.000000000000000E+00
    5.200000000000000E+00    2.000000000000000E-01    1.000000000000000E+00
    5.400000000000000E+00    2.000000000000000E-01    1.000000000000000E+00
    5.600000000000000E+00    2.000000000000000E-01    1.000000000000000E+00
    5.800000000000000E+00    2.000000000000000E-01    1.000000000000000E+00
    6.000000000000000E+00    2.000000000000000E-01    1.000000000000000E+00
    6.200000000000000E+00    2.000000000000000E-01    1.000000000000000E+00
    6.400000000000000E+00    2.000000000000000E-01    1.000000000000000E+00
    6.600000000000000E+00    2.000000000000000E-01    1.000000000000000E+00
    6.800000000000000E+00    2.000000000000000E-01    1.000000000000000E+00
    7.000000000000000E+00    2.000000000000000E-01    1.000000000000000E+00
    7.200000000000000E+00    2.000000000000000E-01    1.000000000000000E+00
    7.400000000000000E+00    2.000000000000000E-01    1.000000000000000E+00
    7.600000000000000E+00    2.000000000000000E-01    1.000000000000000E+00
    7.800000000000000E+00    2.000000000000000E-01    1.000000000000000E+00
    8.000000000000000E+00    2.000000000000000E-01    1.000000000000000E+00
    0.000000000000000E+00    2.500000000000000E-01    1.000000000000000E+00
    2.000000000000000E-01    2.500000000000000E-01    1.000000000000000E+00
    4.000000000000000E-01    2.500000000000000E-01    1.000000000000000E+00
    6.000000000000000E-01    2.500000000000000E-01    1.000000000000000E+00
    8.000000000000000E-01    2.500000000000000E-01    1.000000000000000E+00
    1.000000000000000E+00    2.500000000000000E-01    1.000000000000000E+00
    1.200000000000000E+00    2.500000000000000E-01    1.000000000000000E+00
    1.400000000000000E+00    2.500000000000000E-01    1.000000000000000E+00
    1.600000000000000E+00    2.500000000000000E-01    1.000000000000000E+00
    1.800000000000000E+00    2.500000000000000E-01    1.000000000000000E+00
    2.000000000000000E+00    2.500000000000000E-01    1.000000000000000E+00
    2.200000000000000E+00    2.500000000000000E-01    1.000000000000000E+00
    2.400000000000000E+00    2.500000000000000E-01    1.000000000000000E+00
    2.600000000000000E+00    2.500000000000000E-01    1.000000000000000E+00
    2.800000000000000E+00    2.500000000000000E-01    1.000000000000000E+00
    3.000000000000000E+00    2.500000000000000E-01    1.000000000000000E+00
    3.200000000000000E+00    2.500000000000000E-01    1.000000000000000E+00
    3.400000000000000E+00    2.500000000000000E-01    1.000000000000000E+00
    3.600000000000000E+00    2.500000000000000E-01    1.000000000000000E+00
    3.800000000000000E+00    2.500000000000000E-01    1.000000000000000E+00
    4.000000000000000E+00    2.500000000000000E-01    1.000000000000000E+00
    4.200000000000000E+00    2.500000000000000E-01    1.000000000000000E+00
    4.400000000000000E+00    2.500000000000000E-01    1.000000000000000E+00
    4.600000000000000E+00    2.500000000000000E-01    1.000000000000000E+00
    4.800000000000000E+00    2.500000000000000E-01    1.000000000000000E+00
    5.000000000000000E+00    2.500000000000000E-01    1.000000000000000E+00
    5.200000000000000E+00    2.500000000000000E-01    1.000000000000000E+00
    5.400000000000000E+00    2.500000000000000E-01    1.000000000000000E+00
    5.600000000000000E+00    2.500000000000000E-01    1.000000000000000E+00
    5.800000000000000E+00    2.500000000000000E-01    1.000000000000000E+00
    6.000000000000000E+00    2.500000000000000E-01    1.000000000000000E+00
    6.200000000000000E+00    2.500000000000000E-01    1.000000000000000E+00
    6.400000000000000E+00    2.500000000000000E-01    1.000000000000000E+00
    6.600000000000000E+00    2.500000000000000E-01    1.000000000000000E+00
    6.800000000000000E+00    2.500000000000000E-01    1.000000000000000E+00
    7.000000000000000E+00    2.500000000000000E-01    1.000000000000000E+00
    7.200000000000000E+00    2.500000000000000E-01    1.000000000000000E+00
    7.400000000000000E+00    2.500000000000000E-01    1.000000000000000E+00
    7.600000000000000E+00    2.500000000000000E-01    1.000000000000000E+00
    7.800000000000000E+00    2.500000000000000E-01    1.000000000000000E+00
    8.000000000000000E+00    2.500000000000000E-01    1.000000000000000E+00
    0.000000000000000E+00    3.000000000000000E-01    1.000000000000000E+00
    2.000000000000000E-01    3.000000000000000E-01    1.000000000000000E+00
    4.000000000000000E-01    3.000000000000000E-01    1.000000000000000E+00
    6.000000000000000E-01    3.000000000000000E-01    1.000000000000000E+00
    8.000000000000000E-01    3.000000000000000E-01    1.000000000000000E+00
    1.000000000000000E+00    3.000000000000000E-01    1.000000000000000E+00
    1.200000000000000E+00    3.000000000000000E-01    1.000000000000000E+00
    1.400000000000000E+00    3.000000000000000E-01    1.000000000000000E+00
    1.600000000000000E+00    3.000000000000000E-01    1.000000000000000E+00
    1.800000000000000E+00    3.000000000000000E-01    1.000000000000000E+00
    2.000000000000000E+00    3.000000000000000E-01    1.000000000000000E+00
    2.200000000000000E+00    3.000000000000000E-01    1.000000000000000E+00
    2.400000000000000E+00    3.000000000000000E-01    1.000000000000000E+00
    2.600000000000000E+00    3.000000000000000E-01    1.000000000000000E+00
    2.800000000000000E+00    3.000000000000000E-01    1.000000000000000E+00
    3.000000000000000E+00    3.000000000000000E-01    1.000000000000000E+00
    3.200000000000000E+00    3.000000000000000E-01    1.000000000000000E+00
    3.400000000000000E+00    3.000000000000000E-01    1.000000000000000E+00
    3.600000000000000E+00    3.000000000000000E-01    1.000000000000000E+00
    3.800000000000000E+00    3.000000000000000E-01    1.000000000000000E+00
    4.000000000000000E+00    3.000000000000000E-01    1.000000000000000E+00
    4.200000000000000E+00    3.000000000000000E-01    1.000000000000000E+00
    4.400000000000000E+00    3.000000000000000E-01    1.000000000000000E+00
    4.600000000000000E+00    3.000000000000000E-01    1.000000000000000E+00
    4.800000000000000E+00    3.000000000000000E-01    1.000000000000000E+00
    5.000000000000000E+00    3.000000000000000E-01    1.000000000000000E+00
    5.200000000000000E+00    3.000000000000000E-01    1.000000000000000E+00
    5.400000000000000E+00    3.000000000000000E-01    1.000000000000000E+00
    5.600000000000000E+00    3.000000000000000E-01    1.000000000000000E+00
    5.800000000000000E+00    3.000000000000000E-01    1.000000000000000E+00
    6.000000000000000E+00    3.000000000000000E-01    1.000000000000000E+00
    6.200000000000000E+00    3.000000000000000E-01    1.000000000000000E+00
    6.400000000000000E+00    3.000000000000000E-01    1.000000000000000E+00
    6.600000000000000E+00    3.000000000000000E-01    1.000000000000000E+00
    6.800000000000000E+00    3.000000000000000E-01    1.000000000000000E+00
    7.000000000000000E+00    3.000000000000000E-01    1.000000000000000E+00
    7.200000000000000E+00    3.000000000000000E-01    1.000000000000000E+00
    7.400000000000000E+00    3.000000000000000E-01    1.000000000000000E+00
    7.600000000000000E+00    3.000000000000000E-01    1.000000000000000E+00
    7.800000000000000E+00    3.000000000000000E-01    1.000000000000000E+00
    8.000000000000000E+00    3.000000000000000E-01    1.000000000000000E+00
    0.000000000000000E+00    3.500000000000000E-01    1.000000000000000E+00
    2.000000000000000E-01    3.500000000000000E-01    1.000000000000000E+00
    4.000000000000000E-01    3.500000000000000E-01    1.000000000000000E+00
    6.000000000000000E-01    3.500000000000000E-01    1.000000000000000E+00
    8.000000000000000E-01    3.500000000000000E-01    1.000000000000000E+00
    1.000000000000000E+00    3.500000000000000E-01    1.000000000000000E+00
    1.200000000000000E+00    3.500000000000000E-01    1.000000000000000E+00
    1.400000000000000E+00    3.500000000000000E-01    1.000000000000000E+00
    1.600000000000000E+00    3.500000000000000E-01    1.000000000000000E+00
    1.800000000000000E+00    3.500000000000000E-01    1.000000000000000E+00
    2.000000000000000E+00    3.500000000000000E-01    1.000000000000000E+00
    2.200000000000000E+00    3.500000000000000E-01    1.000000000000000E+00
    2.400000000000000E+00    3.500000000000000E-01    1.000000000000000E+00
    2.600000000000000E+00    3.500000000000000E-01    1.000000000000000E+00
    2.800000000000000E+00    3.500000000000000E-01    1.000000000000000E+00
    3.000000000000000E+00    3.500000000000000E-01    1.000000000000000E+00
    3.200000000000000E+00    3.500000000000000E-01    1.000000000000000E+00
    3.400000000000000E+00    3.500000000000000E-01    1.000000000000000E+00
    3.600000000000000E+00    3.500000000000000E-01    1.000000000000000E+00
    3.800000000000000E+00    3.500000000000000E-01    1.000000000000000E+00
    4.000000000000000E+00    3.500000000000000E-01    1.000000000000000E+00
    4.200000000000000E+00    3.500000000000000E-01    1.000000000000000E+00
    4.400000000000000E+00    3.500000000000000E-01    1.000000000000000E+00
    4.600000000000000E+00    3.500000000000000E-01    1.000000000000000E+00
    4.800000000000000E+00    3.500000000000000E-01    1.000000000000000E+00
    5.000000000000000E+00    3.500000000000000E-01    1.000000000000000E+00
    5.200000000000000E+00    3.500000000000000E-01    1.000000000000000E+00
    5.400000000000000E+00    3.500000000000000E-01    1.000000000000000E+00
    5.600000000000000E+00    3.500000000000000E-01    1.000000000000000E+00
    5.800000000000000E+00    3.500000000000000E-01    1.000000000000000E+00
    6.000000000000000E+00    3.500000000000000E-01    1.000000000000000E+00
    6.200000000000000E+00    3.500000000000000E-01    1.000000000000000E+00
    6.400000000000000E+00    3.500000000000000E-01    1.000000000000000E+00
    6.600000000000000E+00    3.500000000000000E-01    1.000000000000000E+00
    6.800000000000000E+00    3.500000000000000E-01    1.000000000000000E+00
    7.000000000000000E+00    3.500000000000000E-01    1.000000000000000E+00
    7.200000000000000E+00    3.500000000000000E-01    1.000000000000000E+00
    7.400000000000000E+00    3.500000000000000E-01    1.000000000000000E+00
    7.600000000000000E+00    3.500000000000000E-01    1.000000000000000E+00
    7.800000000000000E+00    3.500000000000000E-01    1.000000000000000E+00
    8.000000000000000E+00    3.500000000000000E-01    1.000000000000000E+00
    0.000000000000000E+00    4.000000000000000E-01    1.000000000000000E+00
    2.000000000000000E-01    4.000000000000000E-01    1.000000000000000E+00
    4.000000000000000E-01    4.000000000000000E-01    1.000000000000000E+00
    6.000000000000000E-01    4.000000000000000E-01    1.000000000000000E+00
    8.000000000000000E-01    4.000000000000000E-01    1.000000000000000E+00
    1.000000000000000E+00    4.000000000000000E-01    1.000000000000000E+00
    1.200000000000000E+00    4.000000000000000E-01    1.000000000000000E+00
    1.400000000000000E+00    4.000000000000000E-01    1.000000000000000E+00
    1.600000000000000E+00    4.000000000000000E-01    1.000000000000000E+00
    1.800000000000000E+00    4.000000000000000E-01    1.000000000000000E+00
    2.000000000000000E+00    4.000000000000000E-01    1.000000000000000E+00
    2.200000000000000E+00    4.000000000000000E-01    1.000000000000000E+00
    2.400000000000000E+00    4.000000000000000E-01    1.000000000000000E+00
    2.600000000000000E+00    4.000000000000000E-01    1.000000000000000E+00
    2.800000000000000E+00    4.000000000000000E-01    1.000000000000000E+00
    3.000000000000000E+00    4.000000000000000E-01    1.000000000000000E+00
    3.200000000000000E+00    4.000000000000000E-01    1.000000000000000E+00
    3.400000000000000E+00    4.000000000000000E-01    1.000000000000000E+00
    3.600000000000000E+00    4.000000000000000E-01    1.000000000000000E+00
    3.800000000000000E+00    4.000000000000000E-01    1.000000000000000E+00
    4.000000000000000E+00    4.000000000000000E-01    1.000000000000000E+00
    4.200000000000000E+00    4.000000000000000E-01    1.000000000000000E+00
    4.400000000000000E+00    4.000000000000000E-01    1.000000000000000E+00
    4.600000000000000E+00    4.000000000000000E-01    1.000000000000000E+00
    4.800000000000000E+00    4.000000000000000E-01    1.000000000000000E+00
    5.000000000000000E+00    4.000000000000000E-01    1.000000000000000E+00
    5.200000000000000E+00    4.000000000000000E-01    1.000000000000000E+00
    5.400000000000000E+00    4.000000000000000E-01    1.000000000000000E+00
    5.600000000000000E+00    4.000000000000000E-01    1.000000000000000E+00
    5.800000000000000E+00    4.000000000000000E-01    1.000000000000000E+00
    6.000000000000000E+00    4.000000000000000E-01    1.000000000000000E+00
    6.200000000000000E+00    4.000000000000000E-01    1.000000000000000E+00
    6.400000000000000E+00    4.000000000000000E-01    1.000000000000000E+00
    6.600000000000000E+00    4.000000000000000E-01    1.000000000000000E+00
    6.800000000000000E+00    4.000000000000000E-01    1.000000000000000E+00
    7.000000000000000E+00    4.000000000000000E-01    1.000000000000000E+00
    7.200000000000000E+00    4.000000000000000E-01    1.000000000000000E+00
    7.400000000000000E+00    4.000000000000000E-01    1.000000000000000E+00
    7.600000000000000E+00    4.000000000000000E-01    1.000000000000000E+00
    7.800000000000000E+00    4.000000000000000E-01    1.000000000000000E+00
    8.000000000000000E+00    4.000000000000000E-01    1.000000000000000E+00
    0.000000000000000E+00    4.500000000000000E-01    1.000000000000000E+00
    2.000000000000000E-01    4.500000000000000E-01    1.000000000000000E+00
    4.000000000000000E-01    4.500000000000000E-01    1.000000000000000E+00
    6.000000000000000E-01    4.500000000000000E-01    1.000000000000000E+00
    8.000000000000000E-01    4.500000000000000E-01    1.000000000000000E+00
    1.000000000000000E+00    4.500000000000000E-01    1.000000000000000E+00
    1.200000000000000E+00    4.500000000000000E-01    1.000000000000000E+00
    1.400000000000000E+00    4.500000000000000E-01    1.000000000000000E+00
    1.600000000000000E+00    4.500000000000000E-01    1.000000000000000E+00
    1.800000000000000E+00    4.500000000000000E-01    1.000000000000000E+00
    2.000000000000000E+00    4.500000000000000E-01    1.000000000000000E+00
    2.200000000000000E+00    4.500000000000000E-01    1.000000000000000E+00
    2.400000000000000E+00    4.500000000000000E-01    1.000000000000000E+00
    2.600000000000000E+00    4.500000000000000E-01    1.000000000000000E+00
    2.800000000000000E+00    4.500000000000000E-01    1.000000000000000E+00
    3.000000000000000E+00    4.500000000000000E-01    1.000000000000000E+00
    3.200000000000000E+00    4.500000000000000E-01    1.000000000000000E+00
    3.400000000000000E+00    4.500000000000000E-01    1.000000000000000E+00
    3.600000000000000E+00    4.500000000000000E-01    1.000000000000000E+00
    3.800000000000000E+00    4.500000000000000E-01    1.000000000000000E+00
    4.000000000000000E+00    4.500000000000000E-01    1.000000000000000E+00
    4.200000000000000E+00    4.500000000000000E-01    1.000000000000000E+00
    4.400000000000000E+00    4.500000000000000E-01    1.000000000000000E+00
    4.600000000000000E+00    4.500000000000000E-01    1.000000000000000E+00
    4.800000000000000E+00    4.500000000000000E-01    1.000000000000000E+00
    5.000000000000000E+00    4.500000000000000E-01    1.000000000000000E+00
    5.200000000000000E+00    4.500000000000000E-01    1.000000000000000E+00
    5.400000000000000E+00    4.500000000000000E-01    1.000000000000000E+00
    5.600000000000000E+00    4.500000000000000E-01    1.000000000000000E+00
    5.800000000000000E+00    4.500000000000000E-01    1.000000000000000E+00
    6.000000000000000E+00    4.500000000000000E-01    1.000000000000000E+00
    6.200000000000000E+00    4.500000000000000E-01    1.000000000000000E+00
    6.400000000000000E+00    4.500000000000000E-01    1.000000000000000E+00
    6.600000000000000E+00    4.500000000000000E-01    1.000000000000000E+00
    6.800000000000000E+00    4.500000000000000E-01    1.000000000000000E+00
    7.000000000000000E+00    4.500000000000000E-01    1.000000000000000E+00
    7.200000000000000E+00    4.500000000000000E-01    1.000000000000000E+00
    7.400000000000000E+00    4.500000000000000E-01    1.000000000000000E+00
    7.600000000000000E+00    4.500000000000000E-01    1.000000000000000E+00
    7.800000000000000E+00    4.500000000000000E-01    1.000000000000000E+00
    8.000000000000000E+00    4.500000000000000E-01    1.000000000000000E+00
    0.000000000000000E+00    5.000000000000000E-01    1.000000000000000E+00
    2.000000000000000E-01    5.000000000000000E-01    1.000000000000000E+00
    4.000000000000000E-01    5.000000000000000E-01    1.000000000000000E+00
    6.000000000000000E-01    5.000000000000000E-01    1.000000000000000E+00
    8.000000000000000E-01    5.000000000000000E-01    1.000000000000000E+00
    1.000000000000000E+00    5.000000000000000E-01    1.000000000000000E+00
    1.200000000000000E+00    5.000000000000000E-01    1.000000000000000E+00
    1.400000000000000E+00    5.000000000000000E-01    1.000000000000000E+00
    1.600000000000000E+00    5.000000000000000E-01    1.000000000000000E+00
    1.800000000000000E+00    5.000000000000000E-01    1.000000000000000E+00
    2.000000000000000E+00    5.000000000000000E-01    1.000000000000000E+00
    2.200000000000000E+00    5.000000000000000E-01    1.000000000000000E+00
    2.400000000000000E+00    5.000000000000000E-01    1.000000000000000E+00
    2.600000000000000E+00    5.000000000000000E-01    1.000000000000000E+00
    2.800000000000000E+00    5.000000000000000E-01    1.000000000000000E+00
    3.000000000000000E+00    5.000000000000000E-01    1.000000000000000E+00
    3.200000000000000E+00    5.000000000000000E-01    1.000000000000000E+00
    3.400000000000000E+00    5.000000000000000E-01    1.000000000000000E+00
    3.600000000000000E+00    5.000000000000000E-01    1.000000000000000E+00
    3.800000000000000E+00    5.000000000000000E-01    1.000000000000000E+00
    4.000000000000000E+00    5.000000000000000E-01    1.000000000000000E+00
    4.200000000000000E+00    5.000000000000000E-01    1.000000000000000E+00
    4.400000000000000E+00    5.000000000000000E-01    1.000000000000000E+00
    4.600000000000000E+00    5.000000000000000E-01    1.000000000000000E+00
    4.800000000000000E+00    5.000000000000000E-01    1.000000000000000E+00
    5.000000000000000E+00    5.000000000000000E-01    1.000000000000000E+00
    5.200000000000000E+00    5.000000000000000E-01    1.000000000000000E+00
    5.400000000000000E+00    5.000000000000000E-01    1.000000000000000E+00
    5.600000000000000E+00    5.000000000000000E-01    1.000000000000000E+00
    5.800000000000000E+00    5.000000000000000E-01    1.000000000000000E+00
    6.000000000000000E+00    5.000000000000000E-01    1.000000000000000E+00
    6.200000000000000E+00    5.000000000000000E-01    1.000000000000000E+00
    6.400000000000000E+00    5.000000000000000E-01    1.000000000000000E+00
    6.600000000000000E+00    5.000000000000000E-01    1.000000000000000E+00
    6.800000000000000E+00    5.000000000000000E-01    1.000000000000000E+00
    7.000000000000000E+00    5.000000000000000E-01    1.000000000000000E+00
    7.200000000000000E+00    5.000000000000000E-01    1.000000000000000E+00
    7.400000000000000E+00    5.000000000000000E-01    1.000000000000000E+00
    7.600000000000000E+00    5.000000000000000E-01    1.000000000000000E+00
    7.800000000000000E+00    5.000000000000000E-01    1.000000000000000E+00
    8.000000000000000E+00    5.000000000000000E-01    1.000000000000000E+00
    0.000000000000000E+00    5.500000000000000E-01    1.000000000000000E+00
    2.000000000000000E-01    5.500000000000000E-01    1.000000000000000E+00
    4.000000000000000E-01    5.500000000000000E-01    1.000000000000000E+00
    6.000000000000000E-01    5.500000000000000E-01    1.000000000000000E+00
    8.000000000000000E-01    5.500000000000000E-01    1.000000000000000E+00
    1.000000000000000E+00    5.500000000000000E-01    1.000000000000000E+00
    1.200000000000000E+00    5.500000000000000E-01    1.000000000000000E+00
    1.400000000000000E+00    5.500000000000000E-01    1.000000000000000E+00
    1.600000000000000E+00    5.500000000000000E-01    1.000000000000000E+00
    1.800000000000000E+00    5.500000000000000E-01    1.000000000000000E+00
    2.000000000000000E+00    5.500000000000000E-01    1.000000000000000E+00
    2.200000000000000E+00    5.500000000000000E-01    1.000000000000000E+00
    2.400000000000000E+00    5.500000000000000E-01    1.000000000000000E+00
    2.600000000000000E+00    5.500000000000000E-01    1.000000000000000E+00
    2.800000000000000E+00    5.500000000000000E-01    1.000000000000000E+00
    3.000000000000000E+00    5.500000000000000E-01    1.000000000000000E+00
    3.200000000000000E+00    5.500000000000000E-01    1.000000000000000E+00
    3.400000000000000E+00    5.500000000000000E-01    1.000000000000000E+00
    3.600000000000000E+00    5.500000000000000E-01    1.000000000000000E+00
    3.800000000000000E+00    5.500000000000000E-01    1.000000000000000E+00
    4.000000000000000E+00    5.500000000000000E-01    1.000000000000000E+00
    4.200000000000000E+00    5.500000000000000E-01    1.000000000000000E+00
    4.400000000000000E+00    5.500000000000000E-01    1.000000000000000E+00
    4.600000000000000E+00    5.500000000000000E-01    1.000000000000000E+00
    4.800000000000000E+00    5.500000000000000E-01    1.000000000000000E+00
    5.000000000000000E+00    5.500000000000000E-01    1.000000000000000E+00
    5.200000000000000E+00    5.500000000000000E-01    1.000000000000000E+00
    5.400000000000000E+00    5.500000000000000E-01    1.000000000000000E+00
    5.600000000000000E+00    5.500000000000000E-01    1.000000000000000E+00
    5.800000000000000E+00    5.500000000000000E-01    1.000000000000000E+00
    6.000000000000000E+00    5.500000000000000E-01    1.000000000000000E+00
    6.200000000000000E+00    5.500000000000000E-01    1.000000000000000E+00
    6.400000000000000E+00    5.500000000000000E-01    1.000000000000000E+00
    6.600000000000000E+00    5.500000000000000E-01    1.000000000000000E+00
    6.800000000000000E+00    5.500000000000000E-01    1.000000000000000E+00
    7.000000000000000E+00    5.500000000000000E-01    1.000000000000000E+00
    7.200000000000000E+00    5.500000000000000E-01    1.000000000000000E+00
    7.400000000000000E+00    5.500000000000000E-01    1.000000000000000E+00
    7.600000000000000E+00    5.500000000000000E-01    1.000000000000000E+00
    7.800000000000000E+00    5.500000000000000E-01    1.000000000000000E+00
    8.000000000000000E+00    5.500000000000000E-01    1.000000000000000E+00
    0.000000000000000E+00    6.000000000000000E-01    1.000000000000000E+00
    2.000000000000000E-01    6.000000000000000E-01    1.000000000000000E+00
    4.000000000000000E-01    6.000000000000000E-01    1.000000000000000E+00
    6.000000000000000E-01    6.000000000000000E-01    1.000000000000000E+00
    8.000000000000000E-01    6.000000000000000E-01    1.000000000000000E+00
    1.000000000000000E+00    6.000000000000000E-01    1.000000000000000E+00
    1.200000000000000E+00    6.000000000000000E-01    1.000000000000000E+00
    1.400000000000000E+00    6.000000000000000E-01    1.000000000000000E+00
    1.600000000000000E+00    6.000000000000000E-01    1.000000000000000E+00
    1.800000000000000E+00    6.000000000000000E-01    1.000000000000000E+00
    2.000000000000000E+00    6.000000000000000E-01    1.000000000000000E+00
    2.200000000000000E+00    6.000000000000000E-01    1.000000000000000E+00
    2.400000000000000E+00    6.000000000000000E-01    1.000000000000000E+00
    2.600000000000000E+00    6.000000000000000E-01    1.000000000000000E+00
    2.800000000000000E+00    6.000000000000000E-01    1.000000000000000E+00
    3.000000000000000E+00    6.000000000000000E-01    1.000000000000000E+00
    3.200000000000000E+00    6.000000000000000E-01    1.000000000000000E+00
    3.400000000000000E+00    6.000000000000000E-01    1.000000000000000E+00
    3.600000000000000E+00    6.000000000000000E-01    1.000000000000000E+00
    3.800000000000000E+00    6.000000000000000E-01    1.000000000000000E+00
    4.000000000000000E+00    6.000000000000000E-01    1.000000000000000E+00
    4.200000000000000E+00    6.000000000000000E-01    1.000000000000000E+00
    4.400000000000000E+00    6.000000000000000E-01    1.000000000000000E+00
    4.600000000000000E+00    6.000000000000000E-01    1.000000000000000E+00
    4.800000000000000E+00    6.000000000000000E-01    1.000000000000000E+00
    5.000000000000000E+00    6.000000000000000E-01    1.000000000000000E+00
    5.200000000000000E+00    6.000000000000000E-01    1.000000000000000E+00
    5.400000000000000E+00    6.000000000000000E-01    1.000000000000000E+00
    5.600000000000000E+00    6.000000000000000E-01    1.000000000000000E+00
    5.800000000000000E+00    6.000000000000000E-01    1.000000000000000E+00
    6.000000000000000E+00    6.000000000000000E-01    1.000000000000000E+00
    6.200000000000000E+00    6.000000000000000E-01    1.000000000000000E+00
    6.400000000000000E+00    6.000000000000000E-01    1.000000000000000E+00
    6.600000000000000E+00    6.000000000000000E-01    1.000000000000000E+00
    6.800000000000000E+00    6.000000000000000E-01    1.000000000000000E+00
    7.000000000000000E+00    6.000000000000000E-01    1.000000000000000E+00
    7.200000000000000E+00    6.000000000000000E-01    1.000000000000000E+00
    7.400000000000000E+00    6.000000000000000E-01    1.000000000000000E+00
    7.600000000000000E+00    6.000000000000000E-01    1.000000000000000E+00
    7.800000000000000E+00    6.000000000000000E-01    1.000000000000000E+00
    8.000000000000000E+00    6.000000000000000E-01    1.000000000000000E+00
    0.000000000000000E+00    6.500000000000000E-01    1.000000000000000E+00
    2.000000000000000E-01    6.500000000000000E-01    1.000000000000000E+00
    4.000000000000000E-01    6.500000000000000E-01    1.000000000000000E+00
    6.000000000000000E-01    6.500000000000000E-01    1.000000000000000E+00
    8.000000000000000E-01    6.500000000000000E-01    1.000000000000000E+00
    1.000000000000000E+00    6.500000000000000E-01    1.000000000000000E+00
    1.200000000000000E+00    6.500000000000000E-01    1.000000000000000E+00
    1.400000000000000E+00    6.500000000000000E-01    1.000000000000000E+00
    1.600000000000000E+00    6.500000000000000E-01    1.000000000000000E+00
    1.800000000000000E+00    6.500000000000000E-01    1.000000000000000E+00
    2.000000000000000E+00    6.500000000000000E-01    1.000000000000000E+00
    2.200000000000000E+00    6.500000000000000E-01    1.000000000000000E+00
    2.400000000000000E+00    6.500000000000000E-01    1.000000000000000E+00
    2.600000000000000E+00    6.500000000000000E-01    1.000000000000000E+00
    2.800000000000000E+00    6.500000000000000E-01    1.000000000000000E+00
    3.000000000000000E+00    6.500000000000000E-01    1.000000000000000E+00
    3.200000000000000E+00    6.500000000000000E-01    1.000000000000000E+00
    3.400000000000000E+00    6.500000000000000E-01    1.000000000000000E+00
    3.600000000000000E+00    6.500000000000000E-01    1.000000000000000E+00
    3.800000000000000E+00    6.500000000000000E-01    1.000000000000000E+00
    4.000000000000000E+00    6.500000000000000E-01    1.000000000000000E+00
    4.200000000000000E+00    6.500000000000000E-01    1.000000000000000E+00
    4.400000000000000E+00    6.500000000000000E-01    1.000000000000000E+00
    4.600000000000000E+00    6.500000000000000E-01    1.000000000000000E+00
    4.800000000000000E+00    6.500000000000000E-01    1.000000000000000E+00
    5.000000000000000E+00    6.500000000000000E-01    1.000000000000000E+00
    5.200000000000000E+00    6.500000000000000E-01    1.000000000000000E+00
    5.400000000000000E+00    6.500000000000000E-01    1.000000000000000E+00
    5.600000000000000E+00    6.500000000000000E-01    1.000000000000000E+00
    5.800000000000000E+00    6.500000000000000E-01    1.000000000000000E+00
    6.000000000000000E+00    6.500000000000000E-01    1.000000000000000E+00
    6.200000000000000E+00    6.500000000000000E-01    1.000000000000000E+00
    6.400000000000000E+00    6.500000000000000E-01    1.000000000000000E+00
    6.600000000000000E+00    6.500000000000000E-01    1.000000000000000E+00
    6.800000000000000E+00    6.500000000000000E-01    1.000000000000000E+00
    7.000000000000000E+00    6.500000000000000E-01    1.000000000000000E+00
    7.200000000000000E+00    6.500000000000000E-01    1.000000000000000E+00
    7.400000000000000E+00    6.500000000000000E-01    1.000000000000000E+00
    7.600000000000000E+00    6.500000000000000E-01    1.000000000000000E+00
    7.800000000000000E+00    6.500000000000000E-01    1.000000000000000E+00
    8.000000000000000E+00    6.500000000000000E-01    1.000000000000000E+00
    0.000000000000000E+00    7.000000000000000E-01    1.000000000000000E+00
    2.000000000000000E-01    7.000000000000000E-01    1.000000000000000E+00
    4.000000000000000E-01    7.000000000000000E-01    1.000000000000000E+00
    6.000000000000000E-01    7.000000000000000E-01    1.000000000000000E+00
    8.000000000000000E-01    7.000000000000000E-01    1.000000000000000E+00
    1.000000000000000E+00    7.000000000000000E-01    1.000000000000000E+00
    1.200000000000000E+00    7.000000000000000E-01    1.000000000000000E+00
    1.400000000000000E+00    7.000000000000000E-01    1.000000000000000E+00
    1.600000000000000E+00    7.000000000000000E-01    1.000000000000000E+00
    1.800000000000000E+00    7.000000000000000E-01    1.000000000000000E+00
    2.000000000000000E+00    7.000000000000000E-01    1.000000000000000E+00
    2.200000000000000E+00    7.000000000000000E-01    1.000000000000000E+00
    2.400000000000000E+00    7.000000000000000E-01    1.000000000000000E+00
    2.600000000000000E+00    7.000000000000000E-01    1.000000000000000E+00
    2.800000000000000E+00    7.000000000000000E-01    1.000000000000000E+00
    3.000000000000000E+00    7.000000000000000E-01    1.000000000000000E+00
    3.200000000000000E+00    7.000000000000000E-01    1.000000000000000E+00
    3.400000000000000E+00    7.000000000000000E-01    1.000000000000000E+00
    3.600000000000000E+00    7.000000000000000E-01    1.000000000000000E+00
    3.800000000000000E+00    7.000000000000000E-01    1.000000000000000E+00
    4.000000000000000E+00    7.000000000000000E-01    1.000000000000000E+00
    4.200000000000000E+00    7.000000000000000E-01    1.000000000000000E+00
    4.400000000000000E+00    7.000000000000000E-01    1.000000000000000E+00
    4.600000000000000E+00    7.000000000000000E-01    1.000000000000000E+00
    4.800000000000000E+00    7.000000000000000E-01    1.000000000000000E+00
    5.000000000000000E+00    7.000000000000000E-01    1.000000000000000E+00
    5.200000000000000E+00    7.000000000000000E-01    1.000000000000000E+00
    5.400000000000000E+00    7.000000000000000E-01    1.000000000000000E+00
    5.600000000000000E+00    7.000000000000000E-01    1.000000000000000E+00
    5.800000000000000E+00    7.000000000000000E-01    1.000000000000000E+00
    6.000000000000000E+00    7.000000000000000E-01    1.000000000000000E+00
    6.200000000000000E+00    7.000000000000000E-01    1.000000000000000E+00
    6.400000000000000E+00    7.000000000000000E-01    1.000000000000000E+00
    6.600000000000000E+00    7.000000000000000E-01    1.000000000000000E+00
    6.800000000000000E+00    7.000000000000000E-01    1.000000000000000E+00
    7.000000000000000E+00    7.000000000000000E-01    1.000000000000000E+00
    7.200000000000000E+00    7.000000000000000E-01    1.000000000000000E+00
    7.400000000000000E+00    7.000000000000000E-01    1.000000000000000E+00
    7.600000000000000E+00    7.000000000000000E-01    1.000000000000000E+00
    7.800000000000000E+00    7.000000000000000E-01    1.000000000000000E+00
    8.000000000000000E+00    7.000000000000000E-01    1.000000000000000E+00
    0.000000000000000E+00    7.500000000000000E-01    1.000000000000000E+00
    2.000000000000000E-01    7.500000000000000E-01    1.000000000000000E+00
    4.000000000000000E-01    7.500000000000000E-01    1.000000000000000E+00
    6.000000000000000E-01    7.500000000000000E-01    1.000000000000000E+00
    8.000000000000000E-01    7.500000000000000E-01    1.000000000000000E+00
    1.000000000000000E+00    7.500000000000000E-01    1.000000000000000E+00
    1.200000000000000E+00    7.500000000000000E-01    1.000000000000000E+00
    1.400000000000000E+00    7.500000000000000E-01    1.000000000000000E+00
    1.600000000000000E+00    7.500000000000000E-01    1.000000000000000E+00
    1.800000000000000E+00    7.500000000000000E-01    1.000000000000000E+00
    2.000000000000000E+00    7.500000000000000E-01    1.000000000000000E+00
    2.200000000000000E+00    7.500000000000000E-01    1.000000000000000E+00
    2.400000000000000E+00    7.500000000000000E-01    1.000000000000000E+00
    2.600000000000000E+00    7.500000000000000E-01    1.000000000000000E+00
    2.800000000000000E+00    7.500000000000000E-01    1.000000000000000E+00
    3.000000000000000E+00    7.500000000000000E-01    1.000000000000000E+00
    3.200000000000000E+00    7.500000000000000E-01    1.000000000000000E+00
    3.400000000000000E+00    7.500000000000000E-01    1.000000000000000E+00
    3.600000000000000E+00    7.500000000000000E-01    1.000000000000000E+00
    3.800000000000000E+00    7.500000000000000E-01    1.000000000000000E+00
    4.000000000000000E+00    7.500000000000000E-01    1.000000000000000E+00
    4.200000000000000E+00    7.500000000000000E-01    1.000000000000000E+00
    4.400000000000000E+00    7.500000000000000E-01    1.000000000000000E+00
    4.600000000000000E+00    7.500000000000000E-01    1.000000000000000E+00
    4.800000000000000E+00    7.500000000000000E-01    1.000000000000000E+00
    5.000000000000000E+00    7.500000000000000E-01    1.000000000000000E+00
    5.200000000000000E+00    7.500000000000000E-01    1.000000000000000E+00
    5.400000000000000E+00    7.500000000000000E-01    1.000000000000000E+00
    5.600000000000000E+00    7.500000000000000E-01    1.000000000000000E+00
    5.800000000000000E+00    7.500000000000000E-01    1.000000000000000E+00
    6.000000000000000E+00    7.500000000000000E-01    1.000000000000000E+00
    6.200000000000000E+00    7.500000000000000E-01    1.000000000000000E+00
    6.400000000000000E+00    7.500000000000000E-01    1.000000000000000E+00
    6.600000000000000E+00    7.500000000000000E-01    1.000000000000000E+00
    6.800000000000000E+00    7.500000000000000E-01    1.000000000000000E+00
    7.000000000000000E+00    7.500000000000000E-01    1.000000000000000E+00
    7.200000000000000E+00    7.500000000000000E-01    1.000000000000000E+00
    7.400000000000000E+00    7.500000000000000E-01    1.000000000000000E+00
    7.600000000000000E+00    7.500000000000000E-01    1.000000000000000E+00
    7.800000000000000E+00    7.500000000000000E-01    1.000000000000000E+00
    8.000000000000000E+00    7.500000000000000E-01    1.000000000000000E+00
    0.000000000000000E+00    8.000000000000000E-01    1.000000000000000E+00
    2.000000000000000E-01    8.000000000000000E-01    1.000000000000000E+00
    4.000000000000000E-01    8.000000000000000E-01    1.000000000000000E+00
    6.000000000000000E-01    8.000000000000000E-01    1.000000000000000E+00
    8.000000000000000E-01    8.000000000000000E-01    1.000000000000000E+00
    1.000000000000000E+00    8.000000000000000E-01    1.000000000000000E+00
    1.200000000000000E+00    8.000000000000000E-01    1.000000000000000E+00
    1.400000000000000E+00    8.000000000000000E-01    1.000000000000000E+00
    1.600000000000000E+00    8.000000000000000E-01    1.000000000000000E+00
    1.800000000000000E+00    8.000000000000000E-01    1.000000000000000E+00
    2.000000000000000E+00    8.000000000000000E-01    1.000000000000000E+00
    2.200000000000000E+00    8.000000000000000E-01    1.000000000000000E+00
    2.400000000000000E+00    8.000000000000000E-01    1.000000000000000E+00
    2.600000000000000E+00    8.000000000000000E-01    1.000000000000000E+00
    2.800000000000000E+00    8.000000000000000E-01    1.000000000000000E+00
    3.000000000000000E+00    8.000000000000000E-01    1.000000000000000E+00
    3.200000000000000E+00    8.000000000000000E-01    1.000000000000000E+00
    3.400000000000000E+00    8.000000000000000E-01    1.000000000000000E+00
    3.600000000000000E+00    8.000000000000000E-01    1.000000000000000E+00
    3.800000000000000E+00    8.000000000000000E-01    1.000000000000000E+00
    4.000000000000000E+00    8.000000000000000E-01    1.000000000000000E+00
    4.200000000000000E+00    8.000000000000000E-01    1.000000000000000E+00
    4.400000000000000E+00    8.000000000000000E-01    1.000000000000000E+00
    4.600000000000000E+00    8.000000000000000E-01    1.000000000000000E+00
    4.800000000000000E+00    8.000000000000000E-01    1.000000000000000E+00
    5.000000000000000E+00    8.000000000000000E-01    1.000000000000000E+00
    5.200000000000000E+00    8.000000000000000E-01    1.000000000000000E+00
    5.400000000000000E+00    8.000000000000000E-01    1.000000000000000E+00
    5.600000000000000E+00    8.000000000000000E-01    1.000000000000000E+00
    5.800000000000000E+00    8.000000000000000E-01    1.000000000000000E+00
    6.000000000000000E+00    8.000000000000000E-01    1.000000000000000E+00
    6.200000000000000E+00    8.000000000000000E-01    1.000000000000000E+00
    6.400000000000000E+00    8.000000000000000E-01    1.000000000000000E+00
    6.600000000000000E+00    8.000000000000000E-01    1.000000000000000E+00
    6.800000000000000E+00    8.000000000000000E-01    1.000000000000000E+00
    7.000000000000000E+00    8.000000000000000E-01    1.000000000000000E+00
    7.200000000000000E+00    8.000000000000000E-01    1.000000000000000E+00
    7.400000000000000E+00    8.000000000000000E-01    1.000000000000000E+00
    7.600000000000000E+00    8.000000000000000E-01    1.000000000000000E+00
    7.800000000000000E+00    8.000000000000000E-01    1.000000000000000E+00
    8.000000000000000E+00    8.000000000000000E-01    1.000000000000000E+00
    0.000000000000000E+00    8.500000000000000E-01    1.000000000000000E+00
    2.000000000000000E-01    8.500000000000000E-01    1.000000000000000E+00
    4.000000000000000E-01    8.500000000000000E-01    1.000000000000000E+00
    6.000000000000000E-01    8.500000000000000E-01    1.000000000000000E+00
    8.000000000000000E-01    8.500000000000000E-01    1.000000000000000E+00
    1.000000000000000E+00    8.500000000000000E-01    1.000000000000000E+00
    1.200000000000000E+00    8.500000000000000E-01    1.000000000000000E+00
    1.400000000000000E+00    8.500000000000000E-01    1.000000000000000E+00
    1.600000000000000E+00    8.500000000000000E-01    1.000000000000000E+00
    1.800000000000000E+00    8.500000000000000E-01    1.000000000000000E+00
    2.000000000000000E+00    8.500000000000000E-01    1.000000000000000E+00
    2.200000000000000E+00    8.500000000000000E-01    1.000000000000000E+00
    2.400000000000000E+00    8.500000000000000E-01    1.000000000000000E+00
    2.600000000000000E+00    8.500000000000000E-01    1.000000000000000E+00
    2.800000000000000E+00    8.500000000000000E-01    1.000000000000000E+00
    3.000000000000000E+00    8.500000000000000E-01    1.000000000000000E+00
    3.200000000000000E+00    8.500000000000000E-01    1.000000000000000E+00
    3.400000000000000E+00    8.500000000000000E-01    1.000000000000000E+00
    3.600000000000000E+00    8.500000000000000E-01    1.000000000000000E+00
    3.800000000000000E+00    8.500000000000000E-01    1.000000000000000E+00
    4.000000000000000E+00    8.500000000000000E-01    1.000000000000000E+00
    4.200000000000000E+00    8.500000000000000E-01    1.000000000000000E+00
    4.400000000000000E+00    8.500000000000000E-01    1.000000000000000E+00
    4.600000000000000E+00    8.500000000000000E-01    1.000000000000000E+00
    4.800000000000000E+00    8.500000000000000E-01    1.000000000000000E+00
    5.000000000000000E+00    8.500000000000000E-01    1.000000000000000E+00
    5.200000000000000E+00    8.500000000000000E-01    1.000000000000000E+00
    5.400000000000000E+00    8.500000000000000E-01    1.000000000000000E+00
    5.600000000000000E+00    8.500000000000000E-01    1.000000000000000E+00
    5.800000000000000E+00    8.500000000000000E-01    1.000000000000000E+00
    6.000000000000000E+00    8.500000000000000E-01    1.000000000000000E+00
    6.200000000000000E+00    8.500000000000000E-01    1.000000000000000E+00
    6.400000000000000E+00    8.500000000000000E-01    1.000000000000000E+00
    6.600000000000000E+00    8.500000000000000E-01    1.000000000000000E+00
    6.800000000000000E+00    8.500000000000000E-01    1.000000000000000E+00
    7.000000000000000E+00    8.500000000000000E-01    1.000000000000000E+00
    7.200000000000000E+00    8.500000000000000E-01    1.000000000000000E+00
    7.400000000000000E+00    8.500000000000000E-01    1.000000000000000E+00
    7.600000000000000E+00    8.500000000000000E-01    1.000000000000000E+00
    7.800000000000000E+00    8.500000000000000E-01    1.000000000000000E+00
    8.000000000000000E+00    8.500000000000000E-01    1.000000000000000E+00
    0.000000000000000E+00    9.000000000000000E-01    1.000000000000000E+00
    2.000000000000000E-01    9.000000000000000E-01    1.000000000000000E+00
    4.000000000000000E-01    9.000000000000000E-01    1.000000000000000E+00
    6.000000000000000E-01    9.000000000000000E-01    1.000000000000000E+00
    8.000000000000000E-01    9.000000000000000E-01    1.000000000000000E+00
    1.000000000000000E+00    9.000000000000000E-01    1.000000000000000E+00
    1.200000000000000E+00    9.000000000000000E-01    1.000000000000000E+00
    1.400000000000000E+00    9.000000000000000E-01    1.000000000000000E+00
    1.600000000000000E+00    9.000000000000000E-01    1.000000000000000E+00
    1.800000000000000E+00    9.000000000000000E-01    1.000000000000000E+00
    2.000000000000000E+00    9.000000000000000E-01    1.000000000000000E+00
    2.200000000000000E+00    9.000000000000000E-01    1.000000000000000E+00
    2.400000000000000E+00    9.000000000000000E-01    1.000000000000000E+00
    2.600000000000000E+00    9.000000000000000E-01    1.000000000000000E+00
    2.800000000000000E+00    9.000000000000000E-01    1.000000000000000E+00
    3.000000000000000E+00    9.000000000000000E-01    1.000000000000000E+00
    3.200000000000000E+00    9.000000000000000E-01    1.000000000000000E+00
    3.400000000000000E+00    9.000000000000000E-01    1.000000000000000E+00
    3.600000000000000E+00    9.000000000000000E-01    1.000000000000000E+00
    3.800000000000000E+00    9.000000000000000E-01    1.000000000000000E+00
    4.000000000000000E+00    9.000000000000000E-01    1.000000000000000E+00
    4.200000000000000E+00    9.000000000000000E-01    1.000000000000000E+00
    4.400000000000000E+00    9.000000000000000E-01    1.000000000000000E+00
    4.600000000000000E+00    9.000000000000000E-01    1.000000000000000E+00
    4.800000000000000E+00    9.000000000000000E-01    1.000000000000000E+00
    5.000000000000000E+00    9.000000000000000E-01    1.000000000000000E+00
    5.200000000000000E+00    9.000000000000000E-01    1.000000000000000E+00
    5.400000000000000E+00    9.000000000000000E-01    1.000000000000000E+00
    5.600000000000000E+00    9.000000000000000E-01    1.000000000000000E+00
    5.800000000000000E+00    9.000000000000000E-01    1.000000000000000E+00
    6.000000000000000E+00    9.000000000000000E-01    1.000000000000000E+00
    6.200000000000000E+00    9.000000000000000E-01    1.000000000000000E+00
    6.400000000000000E+00    9.000000000000000E-01    1.000000000000000E+00
    6.600000000000000E+00    9.000000000000000E-01    1.000000000000000E+00
    6.800000000000000E+00    9.000000000000000E-01    1.000000000000000E+00
    7.000000000000000E+00    9.000000000000000E-01    1.000000000000000E+00
    7.200000000000000E+00    9.000000000000000E-01    1.000000000000000E+00
    7.400000000000000E+00    9.000000000000000E-01    1.000000000000000E+00
    7.600000000000000E+00    9.000000000000000E-01    1.000000000000000E+00
    7.800000000000000E+00    9.000000000000000E-01    1.000000000000000E+00
    8.000000000000000E+00    9.000000000000000E-01    1.000000000000000E+00
    0.000000000000000E+00    9.500000000000000E-01    1.000000000000000E+00
    2.000000000000000E-01    9.500000000000000E-01    1.000000000000000E+00
    4.000000000000000E-01    9.500000000000000E-01    1.000000000000000E+00
    6.000000000000000E-01    9.500000000000000E-01    1.000000000000000E+00
    8.000000000000000E-01    9.500000000000000E-01    1.000000000000000E+00
    1.000000000000000E+00    9.500000000000000E-01    1.000000000000000E+00
    1.200000000000000E+00    9.500000000000000E-01    1.000000000000000E+00
    1.400000000000000E+00    9.500000000000000E-01    1.000000000000000E+00
    1.600000000000000E+00    9.500000000000000E-01    1.000000000000000E+00
    1.800000000000000E+00    9.500000000000000E-01    1.000000000000000E+00
    2.000000000000000E+00    9.500000000000000E-01    1.000000000000000E+00
    2.200000000000000E+00    9.500000000000000E-01    1.000000000000000E+00
    2.400000000000000E+00    9.500000000000000E-01    1.000000000000000E+00
    2.600000000000000E+00    9.500000000000000E-01    1.000000000000000E+00
    2.800000000000000E+00    9.500000000000000E-01    1.000000000000000E+00
    3.000000000000000E+00    9.500000000000000E-01    1.000000000000000E+00
    3.200000000000000E+00    9.500000000000000E-01    1.000000000000000E+00
    3.400000000000000E+00    9.500000000000000E-01    1.000000000000000E+00
    3.600000000000000E+00    9.500000000000000E-01    1.000000000000000E+00
    3.800000000000000E+00    9.500000000000000E-01    1.000000000000000E+00
    4.000000000000000E+00    9.500000000000000E-01    1.000000000000000E+00
    4.200000000000000E+00    9.500000000000000E-01    1.000000000000000E+00
    4.400000000000000E+00    9.500000000000000E-01    1.000000000000000E+00
    4.600000000000000E+00    9.500000000000000E-01    1.000000000000000E+00
    4.800000000000000E+00    9.500000000000000E-01    1.000000000000000E+00
    5.000000000000000E+00    9.500000000000000E-01    1.000000000000000E+00
    5.200000000000000E+00    9.500000000000000E-01    1.000000000000000E+00
    5.400000000000000E+00    9.500000000000000E-01    1.000000000000000E+00
    5.600000000000000E+00    9.500000000000000E-01    1.000000000000000E+00
    5.800000000000000E+00    9.500000000000000E-01    1.000000000000000E+00
    6.000000000000000E+00    9.500000000000000E-01    1.000000000000000E+00
    6.200000000000000E+00    9.500000000000000E-01    1.000000000000000E+00
    6.400000000000000E+00    9.500000000000000E-01    1.000000000000000E+00
    6.600000000000000E+00    9.500000000000000E-01    1.000000000000000E+00
    6.800000000000000E+00    9.500000000000000E-01    1.000000000000000E+00
    7.000000000000000E+00    9.500000000000000E-01    1.000000000000000E+00
    7.200000000000000E+00    9.500000000000000E-01    1.000000000000000E+00
    7.400000000000000E+00    9.500000000000000E-01    1.000000000000000E+00
    7.600000000000000E+00    9.500000000000000E-01    1.000000000000000E+00
    7.800000000000000E+00    9.500000000000000E-01    1.000000000000000E+00
    8.000000000000000E+00    9.500000000000000E-01    1.000000000000000E+00
    0.000000000000000E+00    1.000000000000000E+00    1.000000000000000E+00
    2.000000000000000E-01    1.000000000000000E+00    1.000000000000000E+00
    4.000000000000000E-01    1.000000000000000E+00    1.000000000000000E+00
    6.000000000000000E-01    1.000000000000000E+00    1.000000000000000E+00
    8.000000000000000E-01    1.000000000000000E+00    1.000000000000000E+00
    1.000000000000000E+00    1.000000000000000E+00    1.000000000000000E+00
    1.200000000000000E+00    1.000000000000000E+00    1.000000000000000E+00
    1.400000000000000E+00    1.000000000000000E+00    1.000000000000000E+00
    1.600000000000000E+00    1.000000000000000E+00    1.000000000000000E+00
    1.800000000000000E+00    1.000000000000000E+00    1.000000000000000E+00
    2.000000000000000E+00    1.000000000000000E+00    1.000000000000000E+00
    2.200000000000000E+00    1.000000000000000E+00    1.000000000000000E+00
    2.400000000000000E+00    1.000000000000000E+00    1.000000000000000E+00
    2.600000000000000E+00    1.000000000000000E+00    1.000000000000000E+00
    2.800000000000000E+00    1.000000000000000E+00    1.000000000000000E+00
    3.000000000000000E+00    1.000000000000000E+00    1.000000000000000E+00
    3.200000000000000E+00    1.000000000000000E+00    1.000000000000000E+00
    3.400000000000000E+00    1.000000000000000E+00    1.000000000000000E+00
    3.600000000000000E+00    1.000000000000000E+00    1.000000000000000E+00
    3.800000000000000E+00    1.000000000000000E+00    1.000000000000000E+00
    4.000000000000000E+00    1.000000000000000E+00    1.000000000000000E+00
    4.200000000000000E+00    1.000000000000000E+00    1.000000000000000E+00
    4.400000000000000E+00    1.000000000000000E+00    1.000000000000000E+00
    4.600000000000000E+00    1.000000000000000E+00    1.000000000000000E+00
    4.800000000000000E+00    1.000000000000000E+00    1.000000000000000E+00
    5.000000000000000E+00    1.000000000000000E+00    1.000000000000000E+00
    5.200000000000000E+00    1.000000000000000E+00    1.000000000000000E+00
    5.400000000000000E+00    1.000000000000000E+00    1.000000000000000E+00
    5.600000000000000E+00    1.000000000000000E+00    1.000000000000000E+00
    5.800000000000000E+00    1.000000000000000E+00    1.000000000000000E+00
    6.000000000000000E+00    1.000000000000000E+00    1.000000000000000E+00
    6.200000000000000E+00    1.000000000000000E+00    1.000000000000000E+00
    6.400000000000000E+00    1.000000000000000E+00    1.000000000000000E+00
    6.600000000000000E+00    1.000000000000000E+00    1.000000000000000E+00
    6.800000000000000E+00    1.000000000000000E+00    1.000000000000000E+00
    7.000000000000000E+00    1.000000000000000E+00    1.000000000000000E+00
    7.200000000000000E+00    1.000000000000000E+00    1.000000000000000E+00
    7.400000000000000E+00    1.000000000000000E+00    1.000000000000000E+00
    7.600000000000000E+00    1.000000000000000E+00    1.000000000000000E+00
    7.800000000000000E+00    1.000000000000000E+00    1.000000000000000E+00
    8.000000000000000E+00    1.000000000000000E+00    1.000000000000000E+00
CELL_DATA          800
SCALARS density double 1
LOOKUP_TABLE default
    1.000000000000000E+00
    1.000000000000000E+00
    1.000000000000000E+00
    1.000000000000000E+00
    1.000000000000000E+00
    1.000000000000000E+00
    1.000000000000000E+00
    1.000000000000000E+00
    1.000000000000000E+00
    1.000000000000000E+00
    1.000000000000000E+00
    1.000000000000000E+00
    1.000000000000000E+00
    1.000000000000000E+00
    1.000000000000000E+00
    1.000000000000000E+00
    1.000000000000000E+00
    1.000000000000000E+00
    1.000000000000000E+00
    1.000000000000000E+00
    1.000000000000000E+00
    1.000000000000000E+00
    1.000000000000000E+00
    1.000000000000000E+00
    1.000000000000000E+00
    1.000000000000000E+00
    1.000000000000000E+00
    1.000000000000000E+00
    1.000000000000000E+00
    1.000000000000000E+00
    1.000000000000000E+00
    1.000000000000000E+00
    1.000000000000000E+00
    1.000000000000000E+00
    1.000000000000000E+00
    1.000000000000000E+00
    1.000000000000000E+00
    1.000000000000000E+00
    1.000000000000000E+00
    1.000000000000000E+00
    1.000000000000000E+00
    1.000000000000000E+00
    1.000000000000000E+00
    1.000000000000000E+00
    1.000000000000000E+00
    1.000000000000000E+00
    1.000000000000000E+00
    1.000000000000000E+00
    1.000000000000000E+00
    1.000000000000000E+00
    1.000000000000000E+00
    1.000000000000000E+00
    1.000000000000000E+00
    1.000000000000000E+00
    1.000000000000000E+00
    1.000000000000000E+00
    1.000000000000000E+00
    1.000000000000000E+00
    1.000000000000000E+00
    1.000000000000000E+00
    1.000000000000000E+00
    1.000000000000000E+00
    1.000000000000000E+00
    1.000000000000000E+00
    1.000000000000000E+00
    1.000000000000000E+00
    1.000000000000000E+00
    1.000000000000000E+00
    1.000000000000000E+00
    1.000000000000000E+00
    1.000000000000000E+00
    1.000000000000000E+00
    1.000000000000000E+00
    1.000000000000000E+00
    1.000000000000000E+00
    1.000000000000000E+00
    1.000000000000000E+00
    1.000000000000000E+00
    1.000000000000000E+00
    1.000000000000000E+00
    1.000000000000000E+00
    1.000000000000000E+00
    1.000000000000000E+00
    1.000000000000000E+00
    1.000000000000000E+00
    1.000000000000000E+00
    1.000000000000000E+00
    1.000000000000000E+00
    1.000000000000000E+00
    1.000000000000000E+00
    1.000000000000000E+00
    1.000000000000000E+00
    1.000000000000000E+00
    1.000000000000000E+00
    1.000000000000000E+00
    1.000000000000000E+00
    1.000000000000000E+00
    1.000000000000000E+00
    1.000000000000000E+00
    1.000000000000000E+00
    1.000000000000000E+00
    1.000000000000000E+00
    1.000000000000000E+00
    1.000000000000000E+00
    1.000000000000000E+00
    1.000000000000000E+00
    1.000000000000000E+00
    1.000000000000000E+00
    1.000000000000000E+00
    1.000000000000000E+00
    1.000000000000000E+00
    1.000000000000000E+00
    1.000000000000000E+00
    1.000000000000000E+00
    1.000000000000000E+00
    1.000000000000000E+00
    1.000000000000000E+00
    1.000000000000000E+00
    1.000000000000000E+00
    1.000000000000000E+00
    1.000000000000000E+00
    1.000000000000000E+00
    1.000000000000000E+00
    1.000000000000000E+00
    1.000000000000000E+00
    1.000000000000000E+00
    1.000000000000000E+00
    1.000000000000000E+00
    1.000000000000000E+00
    1.000000000000000E+00
    1.000000000000000E+00
    1.000000000000000E+00
    1.000000000000000E+00
    1.000000000000000E+00
    1.000000000000000E+00
    1.000000000000000E+00
    1.000000000000000E+00
    1.000000000000000E+00
    1.000000000000000E+00
    1.000000000000000E+00
    1.000000000000000E+00
    1.000000000000000E+00
    1.000000000000000E+00
    1.000000000000000E+00
    1.000000000000000E+00
    1.000000000000000E+00
    1.000000000000000E+00
    1.000000000000000E+00
    1.000000000000000E+00
    1.000000000000000E+00
    1.000000000000000E+00
    1.000000000000000E+00
    1.000000000000000E+00
    1.000000000000000E+00
    1.000000000000000E+00
    1.000000000000000E+00
    1.000000000000000E+00
    1.000000000000000E+00
    1.000000000000000E+00
    1.000000000000000E+00
    1.000000000000000E+00
    1.000000000000000E+00
    1.000000000000000E+00
    1.000000000000000E+00
    1.000000000000000E+00
    1.000000000000000E+00
    1.000000000000000E+00
    1.000000000000000E+00
    1.000000000000000E+00
    1.000000000000000E+00
    1.000000000000000E+00
    1.000000000000000E+00
    1.000000000000000E+00
    1.000000000000000E+00
    1.000000000000000E+00
    1.000000000000000E+00
    1.000000000000000E+00
    1.000000000000000E+00
    1.000000000000000E+00
    1.000000000000000E+00
    1.000000000000000E+00
    1.000000000000000E+00
    1.000000000000000E+00
    1.000000000000000E+00
    1.000000000000000E+00
    1.000000000000000E+00
    1.000000000000000E+00
    1.000000000000000E+00
    1.000000000000000E+00
    1.000000000000000E+00
    1.000000000000000E+00
    1.000000000000000E+00
    1.000000000000000E+00
    1.000000000000000E+00
    1.000000000000000E+00
    1.000000000000000E+00
    1.000000000000000E+00
    1.000000000000000E+00
    1.000000000000000E+00
    1.000000000000000E+00
    1.000000000000000E+00
    1.000000000000000E+00
    1.000000000000000E+00
    1.000000000000000E+00
    1.000000000000000E+00
    1.000000000000000E+00
    1.000000000000000E+00
    1.000000000000000E+00
    1.000000000000000E+00
    1.000000000000000E+00
    1.000000000000000E+00
    1.000000000000000E+00
    1.000000000000000E+00
    1.000000000000000E+00
    1.000000000000000E+00
    1.000000000000000E+00
    1.000000000000000E+00
    1.000000000000000E+00
    1.000000000000000E+00
    1.000000000000000E+00
    1.000000000000000E+00
    1.000000000000000E+00
    1.000000000000000E+00
    1.000000000000000E+00
    1.000000000000000E+00
    1.000000000000000E+00
    1.000000000000000E+00
    1.000000000000000E+00
    1.000000000000000E+00
    1.000000000000000E+00
    1.000000000000000E+00
    1.000000000000000E+00
    1.000000000000000E+00
    1.000000000000000E+00
    1.000000000000000E+00
    1.000000000000000E+00
    1.000000000000000E+00
    1.000000000000000E+00
    1.000000000000000E+00
    1.000000000000000E+00
    1.000000000000000E+00
    1.000000000000000E+00
    1.000000000000000E+00
    1.000000000000000E+00
    1.000000000000000E+00
    1.000000000000000E+00
    1.000000000000000E+00
    1.000000000000000E+00
    1.000000000000000E+00
    1.000000000000000E+00
    1.000000000000000E+00
    1.000000000000000E+00
    1.000000000000000E+00
    1.000000000000000E+00
    1.000000000000000E+00
    1.000000000000000E+00
    1.000000000000000E+00
    1.000000000000000E+00
    1.000000000000000E+00
    1.000000000000000E+00
    1.000000000000000E+00
    1.000000000000000E+00
    1.000000000000000E+00
    1.000000000000000E+00
    1.000000000000000E+00
    1.000000000000000E+00
    1.000000000000000E+00
    1.000000000000000E+00
    1.000000000000000E+00
    1.000000000000000E+00
    1.000000000000000E+00
    1.000000000000000E+00
    1.000000000000000E+00
    1.000000000000000E+00
    1.000000000000000E+00
    1.000000000000000E+00
    1.000000000000000E+00
    1.000000000000000E+00
    1.000000000000000E+00
    1.000000000000000E+00
    1.000000000000000E+00
    1.000000000000000E+00
    1.000000000000000E+00
    1.000000000000000E+00
    1.000000000000000E+00
    1.000000000000000E+00
    1.000000000000000E+00
    1.000000000000000E+00
    1.000000000000000E+00
    1.000000000000000E+00
    1.000000000000000E+00
    1.000000000000000E+00
    1.000000000000000E+00
    1.000000000000000E+00
    1.000000000000000E+00
    1.000000000000000E+00
    1.000000000000000E+00
    1.000000000000000E+00
    1.000000000000000E+00
    1.000000000000000E+00
    1.000000000000000E+00
    1.000000000000000E+00
    1.000000000000000E+00
    1.000000000000000E+00
    1.000000000000000E+00
    1.000000000000000E+00
    1.000000000000000E+00
    1.000000000000000E+00
    1.000000000000000E+00
    1.000000000000000E+00
    1.000000000000000E+00
    1.000000000000000E+00
    1.000000000000000E+00
    1.000000000000000E+00
    1.000000000000000E+00
    1.000000000000000E+00
    1.000000000000000E+00
    1.000000000000000E+00
    1.000000000000000E+00
    1.000000000000000E+00
    1.000000000000000E+00
    1.000000000000000E+00
    1.000000000000000E+00
    1.000000000000000E+00
    1.000000000000000E+00
    1.000000000000000E+00
    1.000000000000000E+00
    1.000000000000000E+00
    1.000000000000000E+00
    1.000000000000000E+00
    1.000000000000000E+00
    1.000000000000000E+00
    1.000000000000000E+00
    1.000000000000000E+00
    1.000000000000000E+00
    1.000000000000000E+00
    1.000000000000000E+00
    1.000000000000000E+00
    1.000000000000000E+00
    1.000000000000000E+00
    1.000000000000000E+00
    1.000000000000000E+00
    1.000000000000000E+00
    1.000000000000000E+00
    1.000000000000000E+00
    1.000000000000000E+00
    1.000000000000000E+00
    1.000000000000000E+00
    1.000000000000000E+00
    1.000000000000000E+00
    1.000000000000000E+00
    1.000000000000000E+00
    1.000000000000000E+00
    1.000000000000000E+00
    1.000000000000000E+00
    1.000000000000000E+00
    1.000000000000000E+00
    1.000000000000000E+00
    1.000000000000000E+00
    1.000000000000000E+00
    1.000000000000000E+00
    1.000000000000000E+00
    1.000000000000000E+00
    1.000000000000000E+00
    1.000000000000000E+00
    1.000000000000000E+00
    1.000000000000000E+00
    1.000000000000000E+00
    1.000000000000000E+00
    1.000000000000000E+00
    1.000000000000000E+00
    1.000000000000000E+00
    1.000000000000000E+00
    1.000000000000000E+00
    1.000000000000000E+00
    1.000000000000000E+00
    1.000000000000000E+00
    1.000000000000000E+00
    1.000000000000000E+00
    1.000000000000000E+00
    1.000000000000000E+00
    1.000000000000000E+00
    1.000000000000000E+00
    1.000000000000000E+00
    1.000000000000000E+00
    1.000000000000000E+00
    1.000000000000000E+00
    1.000000000000000E+00
    1.000000000000000E+00
    1.000000000000000E+00
    1.000000000000000E+00
    1.000000000000000E+00
    1.000000000000000E+00
    1.000000000000000E+00
    1.000000000000000E+00
    1.000000000000000E+00
    1.000000000000000E+00
    1.000000000000000E+00
    1.000000000000000E+00
    1.000000000000000E+00
    1.000000000000000E+00
    1.000000000000000E+00
    1.000000000000000E+00
    1.000000000000000E+00
    1.000000000000000E+00
    1.000000000000000E+00
    1.000000000000000E+00
    1.000000000000000E+00
    1.000000000000000E+00
    1.000000000000000E+00
    1.000000000000000E+00
    1.000000000000000E+00
    1.000000000000000E+00
    1.000000000000000E+00
    1.000000000000000E+00
    1.000000000000000E+00
    1.000000000000000E+00
    1.000000000000000E+00
    1.000000000000000E+00
    1.000000000000000E+00
    1.000000000000000E+00
    1.000000000000000E+00
    1.000000000000000E+00
    1.000000000000000E+00
    1.000000000000000E+00
    1.000000000000000E+00
    1.000000000000000E+00
    1.000000000000000E+00
    1.000000000000000E+00
    1.000000000000000E+00
    1.000000000000000E+00
    1.000000000000000E+00
    1.000000000000000E+00
    1.000000000000000E+00
    1.000000000000000E+00
    1.000000000000000E+00
    1.000000000000000E+00
    1.000000000000000E+00
    1.000000000000000E+00
    1.000000000000000E+00
    1.000000000000000E+00
    1.000000000000000E+00
    1.000000000000000E+00
    1.000000000000000E+00
    1.000000000000000E+00
    1.000000000000000E+00
    1.000000000000000E+00
    1.000000000000000E+00
    1.000000000000000E+00
    1.000000000000000E+00
    1.000000000000000E+00
    1.000000000000000E+00
    1.000000000000000E+00
    1.000000000000000E+00
    1.000000000000000E+00
    1.000000000000000E+00
    1.000000000000000E+00
    1.000000000000000E+00
    1.000000000000000E+00
    1.000000000000000E+00
    1.000000000000000E+00
    1.000000000000000E+00
    1.000000000000000E+00
    1.000000000000000E+00
    1.000000000000000E+00
    1.000000000000000E+00
    1.000000000000000E+00
    1.000000000000000E+00
    1.000000000000000E+00
    1.000000000000000E+00
    1.000000000000000E+00
    1.000000000000000E+00
    1.000000000000000E+00
    1.000000000000000E+00
    1.000000000000000E+00
    1.000000000000000E+00
    1.000000000000000E+00
    1.000000000000000E+00
    1.000000000000000E+00
    1.000000000000000E+00
    1.000000000000000E+00
    1.000000000000000E+00
    1.000000000000000E+00
    1.000000000000000E+00
    1.000000000000000E+00
    1.000000000000000E+00
    1.000000000000000E+00
    1.000000000000000E+00
    1.000000000000000E+00
    1.000000000000000E+00
    1.000000000000000E+00
    1.000000000000000E+00
    1.000000000000000E+00
    1.000000000000000E+00
    1.000000000000000E+00
    1.000000000000000E+00
    1.000000000000000E+00
    1.000000000000000E+00
    1.000000000000000E+00
    1.000000000000000E+00
    1.000000000000000E+00
    1.000000000000000E+00
    1.000000000000000E+00
    1.000000000000000E+00
    1.000000000000000E+00
    1.000000000000000E+00
    1.000000000000000E+00
    1.000000000000000E+00
    1.000000000000000E+00
    1.000000000000000E+00
    1.000000000000000E+00
    1.000000000000000E+00
    1.000000000000000E+00
    1.000000000000000E+00
    1.000000000000000E+00
    1.000000000000000E+00
    1.000000000000000E+00
    1.000000000000000E+00
    1.000000000000000E+00
    1.000000000000000E+00
    1.000000000000000E+00
    1.000000000000000E+00
    1.000000000000000E+00
    1.000000000000000E+00
    1.000000000000000E+00
    1.000000000000000E+00
    1.000000000000000E+00
    1.000000000000000E+00
    1.000000000000000E+00
    1.000000000000000E+00
    1.000000000000000E+00
    1.000000000000000E+00
    1.000000000000000E+00
    1.000000000000000E+00
    1.000000000000000E+00
    1.000000000000000E+00
    1.000000000000000E+00
    1.000000000000000E+00
    1.000000000000000E+00
    1.000000000000000E+00
    1.000000000000000E+00
    1.000000000000000E+00
    1.000000000000000E+00
    1.000000000000000E+00
    1.000000000000000E+00
    1.000000000000000E+00
    1.000000000000000E+00
    1.000000000000000E+00
    1.000000000000000E+00
    1.000000000000000E+00
    1.000000000000000E+00
    1.000000000000000E+00
    1.000000000000000E+00
    1.000000000000000E+00
    1.000000000000000E+00
    1.000000000000000E+00
    1.000000000000000E+00
    1.000000000000000E+00
    1.000000000000000E+00
    1.000000000000000E+00
    1.000000000000000E+00
    1.000000000000000E+00
    1.000000000000000E+00
    1.000000000000000E+00
    1.000000000000000E+00
    1.000000000000000E+00
    1.000000000000000E+00
    1.000000000000000E+00
    1.000000000000000E+00
    1.000000000000000E+00
    1.000000000000000E+00
    1.000000000000000E+00
    1.000000000000000E+00
    1.000000000000000E+00
    1.000000000000000E+00
    1.000000000000000E+00
    1.000000000000000E+00
    1.000000000000000E+00
    1.000000000000000E+00
    1.000000000000000E+00
    1.000000000000000E+00
    1.000000000000000E+00
    1.000000000000000E+00
    1.000000000000000E+00
    1.000000000000000E+00
    1.000000000000000E+00
    1.000000000000000E+00
    1.000000000000000E+00
    1.000000000000000E+00
    1.000000000000000E+00
    1.000000000000000E+00
    1.000000000000000E+00
    1.000000000000000E+00
    1.000000000000000E+00
    1.000000000000000E+00
    1.000000000000000E+00
    1.000000000000000E+00
    1.000000000000000E+00
    1.000000000000000E+00
    1.000000000000000E+00
    1.000000000000000E+00
    1.000000000000000E+00
    1.000000000000000E+00
    1.000000000000000E+00
    1.000000000000000E+00
    1.000000000000000E+00
    1.000000000000000E+00
    1.000000000000000E+00
    1.000000000000000E+00
    1.000000000000000E+00
    1.000000000000000E+00
    1.000000000000000E+00
    1.000000000000000E+00
    1.000000000000000E+00
    1.000000000000000E+00
    1.000000000000000E+00
    1.000000000000000E+00
    1.000000000000000E+00
    1.000000000000000E+00
    1.000000000000000E+00
    1.000000000000000E+00
    1.000000000000000E+00
    1.000000000000000E+00
    1.000000000000000E+00
    1.000000000000000E+00
    1.000000000000000E+00
    1.000000000000000E+00
    1.000000000000000E+00
    1.000000000000000E+00
    1.000000000000000E+00
    1.000000000000000E+00
    1.000000000000000E+00
    1.000000000000000E+00
    1.000000000000000E+00
    1.000000000000000E+00
    1.000000000000000E+00
    1.000000000000000E+00
    1.000000000000000E+00
    1.000000000000000E+00
    1.000000000000000E+00
    1.000000000000000E+00
    1.000000000000000E+00
    1.000000000000000E+00
    1.000000000000000E+00
    1.000000000000000E+00
    1.000000000000000E+00
    1.000000000000000E+00
    1.000000000000000E+00
    1.000000000000000E+00
    1.000000000000000E+00
    1.000000000000000E+00
    1.000000000000000E+00
    1.000000000000000E+00
    1.000000000000000E+00
    1.000000000000000E+00
    1.000000000000000E+00
    1.000000000000000E+00
    1.000000000000000E+00
    1.000000000000000E+00
    1.000000000000000E+00
    1.000000000000000E+00
    1.000000000000000E+00
    1.000000000000000E+00
    1.000000000000000E+00
    1.000000000000000E+00
    1.000000000000000E+00
    1.000000000000000E+00
    1.000000000000000E+00
    1.000000000000000E+00
    1.000000000000000E+00
    1.000000000000000E+00
    1.000000000000000E+00
    1.000000000000000E+00
    1.000000000000000E+00
    1.000000000000000E+00
    1.000000000000000E+00
    1.000000000000000E+00
    1.000000000000000E+00
    1.000000000000000E+00
    1.000000000000000E+00
    1.000000000000000E+00
    1.000000000000000E+00
    1.000000000000000E+00
    1.000000000000000E+00
    1.000000000000000E+00
    1.000000000000000E+00
    1.000000000000000E+00
    1.000000000000000E+00
    1.000000000000000E+00
    1.000000000000000E+00
    1.000000000000000E+00
    1.000000000000000E+00
    1.000000000000000E+00
    1.000000000000000E+00
    1.000000000000000E+00
    1.000000000000000E+00
    1.000000000000000E+00
    1.000000000000000E+00
    1.000000000000000E+00
    1.000000000000000E+00
    1.000000000000000E+00
    1.000000000000000E+00
    1.000000000000000E+00
    1.000000000000000E+00
    1.000000000000000E+00
    1.000000000000000E+00
    1.000000000000000E+00
    1.000000000000000E+00
    1.000000000000000E+00
    1.000000000000000E+00
    1.000000000000000E+00
    1.000000000000000E+00
    1.000000000000000E+00
    1.000000000000000E+00
    1.000000000000000E+00
    1.000000000000000E+00
    1.000000000000000E+00
    1.000000000000000E+00
    1.000000000000000E+00
    1.000000000000000E+00
    1.000000000000000E+00
    1.000000000000000E+00
    1.000000000000000E+00
    1.000000000000000E+00
    1.000000000000000E+00
    1.000000000000000E+00
    1.000000000000000E+00
    1.000000000000000E+00
    1.000000000000000E+00
    1.000000000000000E+00
    1.000000000000000E+00
    1.000000000000000E+00
    1.000000000000000E+00
    1.000000000000000E+00
    1.000000000000000E+00
    1.000000000000000E+00
    1.000000000000000E+00
    1.000000000000000E+00
    1.000000000000000E+00
    1.000000000000000E+00
    1.000000000000000E+00
    1.000000000000000E+00
    1.000000000000000E+00
    1.000000000000000E+00
    1.000000000000000E+00
    1.000000000000000E+00
    1.000000000000000E+00
    1.000000000000000E+00
    1.000000000000000E+00
    1.000000000000000E+00
    1.000000000000000E+00
    1.000000000000000E+00
    1.000000000000000E+00
    1.000000000000000E+00
    1.000000000000000E+00
    1.000000000000000E+00
    1.000000000000000E+00
    1.000000000000000E+00
    1.000000000000000E+00
    1.000000000000000E+00
    1.000000000000000E+00
    1.000000000000000E+00
    1.000000000000000E+00
    1.000000000000000E+00
    1.000000000000000E+00
    1.000000000000000E+00
    1.000000000000000E+00
    1.000000000000000E+00
    1.000000000000000E+00
    1.000000000000000E+00
    1.000000000000000E+00
    1.000000000000000E+00
    1.000000000000000E+00
    1.000000000000000E+00
    1.000000000000000E+00
    1.000000000000000E+00
    1.000000000000000E+00
    1.000000000000000E+00
    1.000000000000000E+00
    1.000000000000000E+00
    1.000000000000000E+00
    1.000000000000000E+00
    1.000000000000000E+00
    1.000000000000000E+00
    1.000000000000000E+00
    1.000000000000000E+00
    1.000000000000000E+00
    1.000000000000000E+00
    1.000000000000000E+00
    1.000000000000000E+00
    1.000000000000000E+00
    1.000000000000000E+00
    1.000000000000000E+00
    1.000000000000000E+00
    1.000000000000000E+00
    1.000000000000000E+00
    1.000000000000000E+00
    1.000000000000000E+00
    1.000000000000000E+00
    1.000000000000000E+00
VECTORS velocity double
    3.004725252094189E-03   -3.341451167176732E-05    0.000000000000000E+00
    2.176457725277154E-03   -9.031336133582443E-06    0.000000000000000E+00
    2.800320705918750E-03    3.246352729904464E-05    0.000000000000000E+00
    2.908496374133747E-03    1.597144809674689E-05    0.000000000000000E+00
    2.915203968474994E-03    3.797788762362607E-06    0.000000000000000E+00
    2.912910457556466E-03    5.678583948969953E-07    0.000000000000000E+00
    2.912149499345001E-03    1.216553978807593E-08    0.000000000000000E+00
    2.912120261796356E-03   -2.075226009303040E-08    0.000000000000000E+00
    2.912188599064064E-03   -8.883834787760621E-09    0.000000000000000E+00
    2.912225668782522E-03   -2.270835176292605E-09    0.000000000000000E+00
    2.912239425103734E-03   -1.564288610282258E-10    0.000000000000000E+00
    2.912242837217946E-03    1.705021756795263E-10    0.000000000000000E+00
    2.912243256538786E-03    9.411970210012105E-11    0.000000000000000E+00
    2.912243138809182E-03    3.227641975451457E-11    0.000000000000000E+00
    2.912243036352715E-03    2.764269163129556E-12    0.000000000000000E+00
    2.912242994185147E-03   -3.540812010982780E-12    0.000000000000000E+00
    2.912242972848652E-03   -4.013164219952699E-12    0.000000000000000E+00
    2.912242956065125E-03   -3.850908969504087E-12    0.000000000000000E+00
    2.912242939570790E-03   -3.748200449669845E-12    0.000000000000000E+00
    2.912242922702246E-03   -3.698423145575473E-12    0.000000000000000E+00
    2.912242905508942E-03   -3.653251090433260E-12    0.000000000000000E+00
    2.912242888111817E-03   -3.555621111595035E-12    0.000000000000000E+00
    2.912242870778816E-03   -3.398158878103364E-12    0.000000000000000E+00
    2.912242854573281E-03   -3.236662146402128E-12    0.000000000000000E+00
    2.912242842802175E-03   -3.442826592948685E-12    0.000000000000000E+00
    2.912242852868909E-03   -9.652200631530940E-12    0.000000000000000E+00
    2.912242920244908E-03   -3.933368648852543E-11    0.000000000000000E+00
    2.912242980004477E-03   -1.023467064678309E-10    0.000000000000000E+00
    2.912242444702577E-03   -1.716977621394828E-10    0.000000000000000E+00
    2.912238749449922E-03    1.897205617054338E-10    0.000000000000000E+00
    2.912224375480387E-03    2.322464645817656E-09    0.000000000000000E+00
    2.912187084614845E-03    7.889072043494584E-09    0.000000000000000E+00
    2.912115949405348E-03    1.634164624962616E-08    0.000000000000000E+00
    2.912116287753275E-03   -2.071288118082373E-08    0.000000000000000E+00
    2.912723295027923E-03   -5.651300809152531E-07    0.000000000000000E+00
    2.914458264851228E-03   -3.716110299846281E-06    0.000000000000000E+00
    2.906886186623177E-03   -1.567346370770594E-05    0.000000000000000E+00
    2.800699060906963E-03   -3.247855564151521E-05    0.000000000000000E+00
    2.175225052034004E-03    8.363367260882378E-06    0.000000000000000E+00
    3.009119659796848E-03    3.318866103400824E-05    0.000000000000000E+00
    6.088681296777371E-03   -8.931421495663490E-05    0.000000000000000E+00
    4.639629183610712E-03   -2.387932902254173E-05    0.000000000000000E+00
    5.727015511116692E-03    8.775572967876911E-05    0.000000000000000E+00
    5.964314769047732E-03    4.560546596024679E-05    0.000000000000000E+00
    5.995525256675249E-03    1.159275204294061E-05    0.000000000000000E+00
    5.995038003022789E-03    1.782892143966854E-06    0.000000000000000E+00
    5.994013823540120E-03    4.833820685160254E-08    0.000000000000000E+00
    5.993932343946681E-03   -6.689320246410176E-08    0.000000000000000E+00
    5.994040778057474E-03   -3.106194326037241E-08    0.000000000000000E+00
    5.994109787289354E-03   -8.956278833932410E-09    0.000000000000000E+00
    5.994137042168206E-03   -8.915302313059839E-10    0.000000000000000E+00
    5.994144038422403E-03    4.945716217437781E-10    0.000000000000000E+00
    5.994145037455328E-03    3.004332863984386E-10    0.000000000000000E+00
    5.994144882220866E-03    1.083637460515553E-10    0.000000000000000E+00
    5.994144701875174E-03    1.347365792403161E-11    0.000000000000000E+00
    5.994144619093689E-03   -8.449173511729623E-12    0.000000000000000E+00
    5.994144574548340E-03   -1.057865138424614E-11    0.000000000000000E+00
    5.994144539562556E-03   -1.013232582722272E-11    0.000000000000000E+00
    5.994144505509982E-03   -9.759392769445015E-12    0.000000000000000E+00
    5.994144470786980E-03   -9.551443434376875E-12    0.000000000000000E+00
    5.994144435434379E-03   -9.389386818037865E-12    0.000000000000000E+00
    5.994144399698553E-03   -9.066328983230284E-12    0.000000000000000E+00
    5.994144364116041E-03   -8.565150838269708E-12    0.000000000000000E+00
    5.994144330991411E-03   -8.203315559429873E-12    0.000000000000000E+00
    5.994144307734700E-03   -9.848343787216129E-12    0.000000000000000E+00
    5.994144324266489E-03   -3.066913251964873E-11    0.000000000000000E+00
    5.994144430065088E-03   -1.259944161642298E-10    0.000000000000000E+00
    5.994144469826082E-03   -3.236792092025974E-10    0.000000000000000E+00
    5.994143257093040E-03   -4.879728412498709E-10    0.000000000000000E+00
    5.994135803205530E-03    1.008124086002729E-09    0.000000000000000E+00
    5.994107547176558E-03    9.124436764359153E-09    0.000000000000000E+00
    5.994036916510410E-03    2.844957795710480E-08    0.000000000000000E+00
    5.993917938538560E-03    5.315960806789302E-08    0.000000000000000E+00
    5.993938143135149E-03   -7.676146413134922E-08    0.000000000000000E+00
    5.994679401038738E-03   -1.757379858452859E-06    0.000000000000000E+00
    5.994282225272431E-03   -1.133406756764343E-05    0.000000000000000E+00
    5.962210343657889E-03   -4.470105558060520E-05    0.000000000000000E+00
    5.731541031721576E-03   -8.783289479005654E-05    0.000000000000000E+00
    4.636570227311464E-03    2.184744685358979E-05    0.000000000000000E+00
    6.092990395627578E-03    8.861474674611097E-05    0.000000000000000E+00
    7.677291157970837E-03   -9.610384856525751E-05    0.000000000000000E+00
    6.014251510151100E-03   -2.283786875926713E-05    0.000000000000000E+00
    7.266809704568100E-03    9.205799908108252E-05    0.000000000000000E+00
    7.565161945847052E-03    5.842285302180268E-05    0.000000000000000E+00
    7.619643312692927E-03    1.812101551899511E-05    0.000000000000000E+00
    7.624220946038999E-03    3.134345039114788E-06    0.000000000000000E+00
    7.623776460887640E-03    1.834696711742209E-07    0.000000000000000E+00
    7.623721635841010E-03   -1.019263208810075E-07    0.000000000000000E+00
    7.623834220933455E-03   -6.049003582189182E-08    0.000000000000000E+00
    7.623909317874456E-03   -1.907092215109707E-08    0.000000000000000E+00
    7.623940186039119E-03   -2.671665001793631E-09    0.000000000000000E+00
    7.623948343222958E-03    5.919652785512387E-10    0.000000000000000E+00
    7.623949632849471E-03    4.871424454042340E-10    0.000000000000000E+00
    7.623949535933113E-03    1.971369322110032E-10    0.000000000000000E+00
    7.623949352628502E-03    3.351021878580079E-11    0.000000000000000E+00
    7.623949257378101E-03   -7.145375933085374E-12    0.000000000000000E+00
    7.623949201506473E-03   -1.322617402442925E-11    0.000000000000000E+00
    7.623949156643507E-03   -1.292518178953458E-11    0.000000000000000E+00
    7.623949113145727E-03   -1.227097208454952E-11    0.000000000000000E+00
    7.623949068931983E-03   -1.185304676781828E-11    0.000000000000000E+00
    7.623949024008058E-03   -1.152537236461890E-11    0.000000000000000E+00
    7.623948978685902E-03   -1.091848312914277E-11    0.000000000000000E+00
    7.623948933626622E-03   -1.006419545893709E-11    0.000000000000000E+00
    7.623948891577100E-03   -9.959291887136183E-12    0.000000000000000E+00
    7.623948861172123E-03   -1.610081074691249E-11    0.000000000000000E+00
    7.623948872449764E-03   -5.615215814240476E-11    0.000000000000000E+00
    7.623948961972796E-03   -2.122512285344914E-10    0.000000000000000E+00
    7.623948913617945E-03   -5.128007275296344E-10    0.000000000000000E+00
    7.623947372810166E-03   -5.512167136567323E-10    0.000000000000000E+00
    7.623938758361741E-03    2.821697573490897E-09    0.000000000000000E+00
    7.623906913129395E-03    1.937687298982602E-08    0.000000000000000E+00
    7.623828633266525E-03    5.701387383363656E-08    0.000000000000000E+00
    7.623697171576983E-03    8.384044910911045E-08    0.000000000000000E+00
    7.623669799861461E-03   -2.161480451698006E-07    0.000000000000000E+00
    7.623803964262030E-03   -3.078123032408784E-06    0.000000000000000E+00
    7.618373391624121E-03   -1.763484808167870E-05    0.000000000000000E+00
    7.563378416045138E-03   -5.723707240003752E-05    0.000000000000000E+00
    7.275056726311972E-03   -9.234932163272678E-05    0.000000000000000E+00
    6.010037122364878E-03    2.011831682276160E-05    0.000000000000000E+00
    7.679568712050908E-03    9.493675050857337E-05    0.000000000000000E+00
    8.499678085313088E-03   -8.320730653676916E-05    0.000000000000000E+00
    6.771778781699854E-03   -1.720989332342436E-05    0.000000000000000E+00
    8.081395445602034E-03    7.754998175873582E-05    0.000000000000000E+00
    8.403526265042031E-03    5.807980793110703E-05    0.000000000000000E+00
    8.473609377042975E-03    2.184139993114593E-05    0.000000000000000E+00
    8.484392287281100E-03    4.482202292582885E-06    0.000000000000000E+00
    8.485201752485743E-03    3.782420011367809E-07    0.000000000000000E+00
    8.485290407818985E-03   -1.236291837611613E-07    0.000000000000000E+00
    8.485399342734380E-03   -8.738730413656612E-08    0.000000000000000E+00
    8.485464219914373E-03   -2.999485942738052E-08    0.000000000000000E+00
    8.485491286851025E-03   -4.681330394899002E-09    0.000000000000000E+00
    8.485498734952780E-03    5.258752384885267E-10    0.000000000000000E+00
    8.485500065338172E-03    6.270885954207315E-10    0.000000000000000E+00
    8.485500067267752E-03    2.681045333904241E-10    0.000000000000000E+00
    8.485499925914653E-03    5.629833756428553E-11    0.000000000000000E+00
    8.485499836383975E-03   -2.330397597252086E-12    0.000000000000000E+00
    8.485499776727431E-03   -1.324218317003559E-11    0.000000000000000E+00
    8.485499726851996E-03   -1.346621877567934E-11    0.000000000000000E+00
    8.485499678138135E-03   -1.256137294627028E-11    0.000000000000000E+00
    8.485499628817565E-03   -1.189034735374009E-11    0.000000000000000E+00
    8.485499578880399E-03   -1.139718933233635E-11    0.000000000000000E+00
    8.485499528653002E-03   -1.054885399816413E-11    0.000000000000000E+00
    8.485499478788270E-03   -9.414024612723259E-12    0.000000000000000E+00
    8.485499431803626E-03   -9.734594683424050E-12    0.000000000000000E+00
    8.485499394730452E-03   -2.167739035269340E-11    0.000000000000000E+00
    8.485499390467536E-03   -7.963788521540796E-11    0.000000000000000E+00
    8.485499431515716E-03   -2.827857336480707E-10    0.000000000000000E+00
    8.485499275495361E-03   -6.386561010530820E-10    0.000000000000000E+00
    8.485497682122129E-03   -4.393600703782366E-10    0.000000000000000E+00
    8.485489799836928E-03    4.873313585734172E-09    0.000000000000000E+00
    8.485461707571420E-03    2.999232910655372E-08    0.000000000000000E+00
    8.485391929576598E-03    8.310776749245960E-08    0.000000000000000E+00
    8.485261002201797E-03    1.064859911710085E-07    0.000000000000000E+00
    8.485087193456215E-03   -4.096802706235997E-07    0.000000000000000E+00
    8.483969113140021E-03   -4.420350335179221E-06    0.000000000000000E+00
    8.472488098127541E-03   -2.117687087213636E-05    0.000000000000000E+00
    8.402271267590300E-03   -5.691633835532296E-05    0.000000000000000E+00
    8.092118368667542E-03   -7.799700035641752E-05    0.000000000000000E+00
    6.766894351265056E-03    1.437437194348638E-05    0.000000000000000E+00
    8.500165549791546E-03    8.182177917343977E-05    0.000000000000000E+00
    8.926590175404729E-03   -6.681595603066734E-05    0.000000000000000E+00
    7.186876579067527E-03   -1.183397093120063E-05    0.000000000000000E+00
    8.513989251369760E-03    6.050256786753744E-05    0.000000000000000E+00
    8.842157289941460E-03    5.151650486482666E-05    0.000000000000000E+00
    8.921546567530131E-03    2.245862932938682E-05    0.000000000000000E+00
    8.937737000766577E-03    5.397106353946464E-06    0.000000000000000E+00
    8.940226011168534E-03    5.830577639765378E-07    0.000000000000000E+00
    8.940580808251268E-03   -1.280199147903843E-07    0.000000000000000E+00
    8.940691720424538E-03   -1.038946471893282E-07    0.000000000000000E+00
    8.940738299911540E-03   -3.801617403790716E-08    0.000000000000000E+00
    8.940756805954051E-03   -6.428907089079258E-09    0.000000000000000E+00
    8.940762233146219E-03    3.705883568646471E-10    0.000000000000000E+00
    8.940763404129031E-03    7.021196063488059E-10    0.000000000000000E+00
    8.940763514441445E-03    3.112281155503361E-10    0.000000000000000E+00
    8.940763436282835E-03    7.555968160217223E-11    0.000000000000000E+00
    8.940763365613931E-03    3.078582903546235E-12    0.000000000000000E+00
    8.940763307443370E-03   -1.196249779884629E-11    0.000000000000000E+00
    8.940763255247688E-03   -1.272931711262431E-11    0.000000000000000E+00
    8.940763203606077E-03   -1.167291710156210E-11    0.000000000000000E+00
    8.940763151441253E-03   -1.082695273096873E-11    0.000000000000000E+00
    8.940763098857154E-03   -1.022037001686872E-11    0.000000000000000E+00
    8.940763046207020E-03   -9.240261847837636E-12    0.000000000000000E+00
    8.940762994073797E-03   -7.992328194576383E-12    0.000000000000000E+00
    8.940762944152386E-03   -8.824349915156390E-12    0.000000000000000E+00
    8.940762899879787E-03   -2.499902821338265E-11    0.000000000000000E+00
    8.940762872818453E-03   -9.631640962815294E-11    0.000000000000000E+00
    8.940762845884657E-03   -3.305504562769110E-10    0.000000000000000E+00
    8.940762584783780E-03   -6.877368559076560E-10    0.000000000000000E+00
    8.940761158508528E-03   -2.449372965486584E-10    0.000000000000000E+00
    8.940755284662209E-03    6.610887367885577E-09    0.000000000000000E+00
    8.940735605279516E-03    3.773498213661630E-08    0.000000000000000E+00
    8.940682442002544E-03    9.938279096296566E-08    0.000000000000000E+00
    8.940546814644111E-03    1.107169006855477E-07    0.000000000000000E+00
    8.940103763341194E-03   -6.037986549022875E-07    0.000000000000000E+00
    8.937341037498034E-03   -5.295869334852392E-06    0.000000000000000E+00
    8.920640739302320E-03   -2.174026901711192E-05    0.000000000000000E+00
    8.841314648646239E-03   -5.052055664244320E-05    0.000000000000000E+00
    8.526220604677582E-03   -6.102521621541108E-05    0.000000000000000E+00
    7.181647533111804E-03    9.215490287066194E-06    0.000000000000000E+00
    8.925783472139714E-03    6.541255441141683E-05    0.000000000000000E+00
    9.148360643440547E-03   -5.108690530760139E-05    0.000000000000000E+00
    7.413825528352177E-03   -7.721489914221893E-06    0.000000000000000E+00
    8.744580750449930E-03    4.504816738113695E-05    0.000000000000000E+00
    9.071221127677234E-03    4.267023516631502E-05    0.000000000000000E+00
    9.155525775243568E-03    2.075575140300709E-05    0.000000000000000E+00
    9.176088844154039E-03    5.582284557381341E-06    0.000000000000000E+00
    9.180245558940835E-03    7.191203073607003E-07    0.000000000000000E+00
    9.180964956267348E-03   -1.104085262252964E-07    0.000000000000000E+00
    9.181093255741497E-03   -1.073224425266552E-07    0.000000000000000E+00
    9.181120011240187E-03   -4.146085697885228E-08    0.000000000000000E+00
    9.181127382623838E-03   -7.452265690324832E-09    0.000000000000000E+00
    9.181130036152204E-03    1.753153838455508E-10    0.000000000000000E+00
    9.181130888588041E-03    6.891273381403113E-10    0.000000000000000E+00
    9.181131098622433E-03    3.289690715509450E-10    0.000000000000000E+00
    9.181131096031473E-03    8.312473466732499E-11    0.000000000000000E+00
    9.181131051349335E-03    7.356986757660297E-12    0.000000000000000E+00
    9.181130997737088E-03   -1.004660096456592E-11    0.000000000000000E+00
    9.181130944734807E-03   -1.127810498642885E-11    0.000000000000000E+00
    9.181130891344327E-03   -1.019495658689124E-11    0.000000000000000E+00
    9.181130837538874E-03   -9.289762746067478E-12    0.000000000000000E+00
    9.181130783566714E-03   -8.632023021154945E-12    0.000000000000000E+00
    9.181130729792047E-03   -7.615027534250685E-12    0.000000000000000E+00
    9.181130676654117E-03   -6.401816128160365E-12    0.000000000000000E+00
    9.181130624641296E-03   -7.641055566616458E-12    0.000000000000000E+00
    9.181130572997831E-03   -2.545709450222270E-11    0.000000000000000E+00
    9.181130518308791E-03   -1.042946108106787E-10    0.000000000000000E+00
    9.181130415654170E-03   -3.447096721528205E-10    0.000000000000000E+00
    9.181130064387408E-03   -6.560148453304555E-10    0.000000000000000E+00
    9.181128971515786E-03   -1.386586857917564E-11    0.000000000000000E+00
    9.181125836264643E-03    7.608823079116034E-09    0.000000000000000E+00
    9.181117105374116E-03    4.076706612806270E-08    0.000000000000000E+00
    9.181082260761404E-03    1.035409339638099E-07    0.000000000000000E+00
    9.180926671604911E-03    9.277170808880788E-08    0.000000000000000E+00
    9.180119041987327E-03   -7.413048221404390E-07    0.000000000000000E+00
    9.175739207445762E-03   -5.454411647759191E-06    0.000000000000000E+00
    9.154818772504342E-03   -2.007833003761508E-05    0.000000000000000E+00
    9.070691779337685E-03   -4.188794410505278E-05    0.000000000000000E+00
    8.757617052334866E-03   -4.557000708019269E-05    0.000000000000000E+00
    7.408450220546367E-03    5.513184505087079E-06    0.000000000000000E+00
    9.146760923485616E-03    4.979934755624967E-05    0.000000000000000E+00
    9.263267279168911E-03   -3.717240802850020E-05    0.000000000000000E+00
    7.537638226499255E-03   -4.870522070345137E-06    0.000000000000000E+00
    8.867612119829614E-03    3.208703077219299E-05    0.000000000000000E+00
    9.190401252233483E-03    3.295668623890271E-05    0.000000000000000E+00
    9.276896098252087E-03    1.745711350709013E-05    0.000000000000000E+00
    9.300739082368155E-03    5.079041550353260E-06    0.000000000000000E+00
    9.306386069343043E-03    7.430264772985002E-07    0.000000000000000E+00
    9.307479171263188E-03   -8.326014607825768E-08    0.000000000000000E+00
    9.307640880499258E-03   -9.749155056275570E-08    0.000000000000000E+00
    9.307649382912689E-03   -3.915052210035067E-08    0.000000000000000E+00
    9.307645570006514E-03   -7.462923715810111E-09    0.000000000000000E+00
    9.307645198101264E-03    4.522990875805835E-11    0.000000000000000E+00
    9.307645603997742E-03    5.874233824482657E-10    0.000000000000000E+00
    9.307645899906292E-03    3.088445081586655E-10    0.000000000000000E+00
    9.307645972671438E-03    7.891854007529218E-11    0.000000000000000E+00
    9.307645954643111E-03    9.737968447676616E-12    0.000000000000000E+00
    9.307645907383597E-03   -7.744383893113921E-12    0.000000000000000E+00
    9.307645854513703E-03   -9.260227713399458E-12    0.000000000000000E+00
    9.307645800032594E-03   -8.289932350728312E-12    0.000000000000000E+00
    9.307645745236267E-03   -7.434972756176684E-12    0.000000000000000E+00
    9.307645690538668E-03   -6.809242863616429E-12    0.000000000000000E+00
    9.307645636296404E-03   -5.877375864514876E-12    0.000000000000000E+00
    9.307645582764290E-03   -4.825973357990729E-12    0.000000000000000E+00
    9.307645529186597E-03   -6.201769761050583E-12    0.000000000000000E+00
    9.307645469891613E-03   -2.332965897681656E-11    0.000000000000000E+00
    9.307645385976015E-03   -1.003079918251888E-10    0.000000000000000E+00
    9.307645211084235E-03   -3.173429862638494E-10    0.000000000000000E+00
    9.307644791470790E-03   -5.459203537556530E-10    0.000000000000000E+00
    9.307644173416492E-03    1.503579773406079E-10    0.000000000000000E+00
    9.307643951751593E-03    7.618183510617200E-09    0.000000000000000E+00
    9.307646305064069E-03    3.789120165460420E-08    0.000000000000000E+00
    9.307628315187194E-03    9.490568817624791E-08    0.000000000000000E+00
    9.307436179398552E-03    6.717195760416501E-08    0.000000000000000E+00
    9.306260939612485E-03   -7.581505269984891E-07    0.000000000000000E+00
    9.300439445150346E-03   -4.947289907531484E-06    0.000000000000000E+00
    9.276351529715718E-03   -1.690272452220529E-05    0.000000000000000E+00
    9.190065502215653E-03   -3.236972552359719E-05    0.000000000000000E+00
    8.881035071576424E-03   -3.252616082450322E-05    0.000000000000000E+00
    7.532219107761208E-03    3.124459424946519E-06    0.000000000000000E+00
    9.261229350221117E-03    3.609780605028808E-05    0.000000000000000E+00
    9.322063396050359E-03   -2.504067178321986E-05    0.000000000000000E+00
    7.604396495211726E-03   -2.945853177072429E-06    0.000000000000000E+00
    8.932611526335428E-03    2.130021358118884E-05    0.000000000000000E+00
    9.251626167331353E-03    2.316662500529741E-05    0.000000000000000E+00
    9.338860596939343E-03    1.302911726222754E-05    0.000000000000000E+00
    9.364949154983234E-03    4.027514388534219E-06    0.000000000000000E+00
    9.371795255939605E-03    6.349721022488662E-07    0.000000000000000E+00
    9.373219977161796E-03   -5.593152091630617E-08    0.000000000000000E+00
    9.373417243019773E-03   -7.654891731212970E-08    0.000000000000000E+00
    9.373411350340538E-03   -3.201274495884911E-08    0.000000000000000E+00
    9.373397664743256E-03   -6.279824297611652E-09    0.000000000000000E+00
    9.373394526635029E-03   -1.033432795723496E-11    0.000000000000000E+00
    9.373394534662998E-03    4.479134377724333E-10    0.000000000000000E+00
    9.373394879119309E-03    2.470781355981916E-10    0.000000000000000E+00
    9.373395016065255E-03    6.544362132616184E-11    0.000000000000000E+00
    9.373395022686351E-03    8.130629024844004E-12    0.000000000000000E+00
    9.373394981261962E-03   -5.264080709422641E-12    0.000000000000000E+00
    9.373394928855893E-03   -6.775838668216966E-12    0.000000000000000E+00
    9.373394873722837E-03   -6.073840085348460E-12    0.000000000000000E+00
    9.373394818324356E-03   -5.386672676787738E-12    0.000000000000000E+00
    9.373394763250954E-03   -4.874204836447887E-12    0.000000000000000E+00
    9.373394708851427E-03   -4.134006314577891E-12    0.000000000000000E+00
    9.373394655197282E-03   -3.335074168781489E-12    0.000000000000000E+00
    9.373394600428729E-03   -4.568356304368553E-12    0.000000000000000E+00
    9.373394534331879E-03   -1.873943060698802E-11    0.000000000000000E+00
    9.373394423251857E-03   -8.287839123600110E-11    0.000000000000000E+00
    9.373394189195484E-03   -2.526723872415228E-10    0.000000000000000E+00
    9.373393740600240E-03   -3.987104559898737E-10    0.000000000000000E+00
    9.373393583711939E-03    1.879288792712072E-10    0.000000000000000E+00
    9.373396066784702E-03    6.394237009939555E-09    0.000000000000000E+00
    9.373407907154224E-03    3.058502950214717E-08    0.000000000000000E+00
    9.373403058318701E-03    7.507038048100428E-08    0.000000000000000E+00
    9.373173649494046E-03    4.323214620196835E-08    0.000000000000000E+00
    9.371673020412960E-03   -6.431685110084172E-07    0.000000000000000E+00
    9.364697841579193E-03   -3.914265978311699E-06    0.000000000000000E+00
    9.338433315969136E-03   -1.262135050909999E-05    0.000000000000000E+00
    9.251394249915444E-03   -2.276970150442988E-05    0.000000000000000E+00
    8.946199682528532E-03   -2.163304516943226E-05    0.000000000000000E+00
    7.598978876216866E-03    1.701537726928743E-06    0.000000000000000E+00
    9.319803670532293E-03    2.424127998001851E-05    0.000000000000000E+00
    9.350575540026634E-03   -1.422691509079605E-05    0.000000000000000E+00
    7.638379914543558E-03   -1.574105354082732E-06    0.000000000000000E+00
    8.965120943428023E-03    1.199273625665165E-05    0.000000000000000E+00
    9.281431831279465E-03    1.352215483058994E-05    0.000000000000000E+00
    9.368785713838760E-03    7.906304994047311E-06    0.000000000000000E+00
    9.396223932442984E-03    2.545906397619999E-06    0.000000000000000E+00
    9.403886886910353E-03    4.222363809698599E-07    0.000000000000000E+00
    9.405553470971705E-03   -3.019649195630698E-08    0.000000000000000E+00
    9.405779693120416E-03   -4.767084543550702E-08    0.000000000000000E+00
    9.405764234466017E-03   -2.073098140995149E-08    0.000000000000000E+00
    9.405743261014921E-03   -4.147128695209700E-09    0.000000000000000E+00
    9.405738053692976E-03   -4.078830426391789E-11    0.000000000000000E+00
    9.405737764839189E-03    2.817843323447903E-10    0.000000000000000E+00
    9.405738149060166E-03    1.557599539997429E-10    0.000000000000000E+00
    9.405738330080640E-03    4.276786694209387E-11    0.000000000000000E+00
    9.405738354519560E-03    5.120469509072485E-12    0.000000000000000E+00
    9.405738316840082E-03   -2.928126001528483E-12    0.000000000000000E+00
    9.405738265000173E-03   -4.035929575761991E-12    0.000000000000000E+00
    9.405738209572025E-03   -3.647213148207603E-12    0.000000000000000E+00
    9.405738153836650E-03   -3.215005275230513E-12    0.000000000000000E+00
    9.405738098577041E-03   -2.884654030936537E-12    0.000000000000000E+00
    9.405738044145781E-03   -2.418349395616648E-12    0.000000000000000E+00
    9.405737990474013E-03   -1.933328362484987E-12    0.000000000000000E+00
    9.405737934897636E-03   -2.778972288991873E-12    0.000000000000000E+00
    9.405737863779016E-03   -1.200416576095426E-11    0.000000000000000E+00
    9.405737732726165E-03   -5.352588304071042E-11    0.000000000000000E+00
    9.405737458385346E-03   -1.583474995594347E-10    0.000000000000000E+00
    9.405736993513696E-03   -2.433484690535372E-10    0.000000000000000E+00
    9.405737172818151E-03    1.451326673326868E-10    0.000000000000000E+00
    9.405741612313926E-03    4.162907560025423E-09    0.000000000000000E+00
    9.405760394435927E-03    1.979441366189937E-08    0.000000000000000E+00
    9.405764325858049E-03    4.681458343257075E-08    0.000000000000000E+00
    9.405504883467707E-03    2.230079600335393E-08    0.000000000000000E+00
    9.403768296405995E-03   -4.254956080080877E-07    0.000000000000000E+00
    9.396009904089231E-03   -2.469445418237679E-06    0.000000000000000E+00
    9.368434693102948E-03   -7.659393594535852E-06    0.000000000000000E+00
    9.281253534786189E-03   -1.329688450414387E-05    0.000000000000000E+00
    8.978771105227563E-03   -1.219948976429804E-05    0.000000000000000E+00
    7.632976169584155E-03    8.408982579944981E-07    0.000000000000000E+00
    9.348210925266427E-03    1.373983678538936E-05    0.000000000000000E+00
    9.361245602897628E-03   -4.322080077880938E-06    0.000000000000000E+00
    7.651542342790188E-03   -4.838423226933858E-07    0.000000000000000E+00
    8.977558180558343E-03    3.628098119338051E-06    0.000000000000000E+00
    9.292612044055126E-03    4.167608012817119E-06    0.000000000000000E+00
    9.379937900216561E-03    2.496044212636635E-06    0.000000000000000E+00
    9.407953077643871E-03    8.243922863263428E-07    0.000000000000000E+00
    9.415991683566681E-03    1.421128370601657E-07    0.000000000000000E+00
    9.417773554233008E-03   -7.491127166084562E-09    0.000000000000000E+00
    9.418014328989826E-03   -1.485655499309543E-08    0.000000000000000E+00
    9.417994503695478E-03   -6.739620065314486E-09    0.000000000000000E+00
    9.417970063248356E-03   -1.389789628497406E-09    0.000000000000000E+00
    9.417963845615730E-03   -2.930120624144812E-11    0.000000000000000E+00
    9.417963413603063E-03    8.762466649769041E-11    0.000000000000000E+00
    9.417963817243843E-03    4.974727001747460E-11    0.000000000000000E+00
    9.417964018827964E-03    1.408679796076052E-11    0.000000000000000E+00
    9.417964051657483E-03    1.734024926696058E-12    0.000000000000000E+00
    9.417964015690533E-03   -8.748305482570304E-13    0.000000000000000E+00
    9.417963964150403E-03   -1.254505444968756E-12    0.000000000000000E+00
    9.417963908622472E-03   -1.142959540654933E-12    0.000000000000000E+00
    9.417963852749092E-03   -1.006406213224928E-12    0.000000000000000E+00
    9.417963797418410E-03   -8.992664579537204E-13    0.000000000000000E+00
    9.417963742988211E-03   -7.512530076583907E-13    0.000000000000000E+00
    9.417963689321089E-03   -6.057939152809596E-13    0.000000000000000E+00
    9.417963633367572E-03   -9.030490838235873E-13    0.000000000000000E+00
    9.417963559844377E-03   -3.940396653999048E-12    0.000000000000000E+00
    9.417963419564634E-03   -1.739028028283010E-11    0.000000000000000E+00
    9.417963127588488E-03   -5.003643686200134E-11    0.000000000000000E+00
    9.417962652720095E-03   -7.526164996542114E-11    0.000000000000000E+00
    9.417962986612596E-03    6.099761327669319E-11    0.000000000000000E+00
    9.417968354549658E-03    1.378134302402030E-09    0.000000000000000E+00
    9.417990492874145E-03    6.443580420693282E-09    0.000000000000000E+00
    9.417998388764720E-03    1.454858366048498E-08    0.000000000000000E+00
    9.417723814005245E-03    5.117632140062763E-09    0.000000000000000E+00
    9.415875381789911E-03   -1.421690039781667E-07    0.000000000000000E+00
    9.407758631451402E-03   -7.971931339179798E-07    0.000000000000000E+00
    9.379625958262297E-03   -2.416259603744637E-06    0.000000000000000E+00
    9.292463562472472E-03   -4.098680282812983E-06    0.000000000000000E+00
    8.991233529108947E-03   -3.696849065195672E-06    0.000000000000000E+00
    7.646147314002340E-03    2.519710093719780E-07    0.000000000000000E+00
    9.358833744426419E-03    4.164461281664540E-06    0.000000000000000E+00
    9.361245602899491E-03    4.322080076419521E-06    0.000000000000000E+00
    7.651542342791227E-03    4.838423225483148E-07    0.000000000000000E+00
    8.977558180559259E-03   -3.628098118096351E-06    0.000000000000000E+00
    9.292612044055834E-03   -4.167608008694343E-06    0.000000000000000E+00
    9.379937900217048E-03   -2.496044206059770E-06    0.000000000000000E+00
    9.407953077644200E-03   -8.243922777738688E-07    0.000000000000000E+00
    9.415991683566896E-03   -1.421128273882268E-07    0.000000000000000E+00
    9.417773554233145E-03    7.491136967184297E-09    0.000000000000000E+00
    9.418014328989923E-03    1.485656496861563E-08    0.000000000000000E+00
    9.417994503695543E-03    6.739630161645890E-09    0.000000000000000E+00
    9.417970063248403E-03    1.389799515047199E-09    0.000000000000000E+00
    9.417963845615718E-03    2.931088678293043E-11    0.000000000000000E+00
    9.417963413602985E-03   -8.761528626699580E-11    0.000000000000000E+00
    9.417963817243800E-03   -4.973806320811537E-11    0.000000000000000E+00
    9.417964018827829E-03   -1.407778626734695E-11    0.000000000000000E+00
    9.417964051657280E-03   -1.726545815384630E-12    0.000000000000000E+00
    9.417964015690384E-03    8.825933364689439E-13    0.000000000000000E+00
    9.417963964150190E-03    1.261792121203924E-12    0.000000000000000E+00
    9.417963908622222E-03    1.149696079626847E-12    0.000000000000000E+00
    9.417963852748812E-03    1.012436726776387E-12    0.000000000000000E+00
    9.417963797418116E-03    9.045874229033610E-13    0.000000000000000E+00
    9.417963742987890E-03    7.558054914137633E-13    0.000000000000000E+00
    9.417963689320737E-03    6.096774831727408E-13    0.000000000000000E+00
    9.417963633367211E-03    9.063055156970509E-13    0.000000000000000E+00
    9.417963559844001E-03    3.942841597641847E-12    0.000000000000000E+00
    9.417963419564244E-03    1.739193017723329E-11    0.000000000000000E+00
    9.417963127588080E-03    5.003725846736352E-11    0.000000000000000E+00
    9.417962652719660E-03    7.526177533775294E-11    0.000000000000000E+00
    9.417962986612178E-03   -6.099823838258396E-11    0.000000000000000E+00
    9.417968354549229E-03   -1.378135945127195E-09    0.000000000000000E+00
    9.417990492873717E-03   -6.443582849033371E-09    0.000000000000000E+00
    9.417998388764288E-03   -1.454858664077871E-08    0.000000000000000E+00
    9.417723814004847E-03   -5.117635628140813E-09    0.000000000000000E+00
    9.415875381789557E-03    1.421689999741063E-07    0.000000000000000E+00
    9.407758631451124E-03    7.971931300989630E-07    0.000000000000000E+00
    9.379625958262163E-03    2.416259600909808E-06    0.000000000000000E+00
    9.292463562472554E-03    4.098680281571278E-06    0.000000000000000E+00
    8.991233529109273E-03    3.696849065766783E-06    0.000000000000000E+00
    7.646147314002865E-03   -2.519710080514629E-07    0.000000000000000E+00
    9.358833744427499E-03   -4.164461281564626E-06    0.000000000000000E+00
    9.350575540032392E-03    1.422691508977479E-05    0.000000000000000E+00
    7.638379914546771E-03    1.574105354628061E-06    0.000000000000000E+00
    8.965120943430844E-03   -1.199273625482004E-05    0.000000000000000E+00
    9.281431831281630E-03   -1.352215482582489E-05    0.000000000000000E+00
    9.368785713840252E-03   -7.906304986875165E-06    0.000000000000000E+00
    9.396223932444020E-03   -2.545906388585326E-06    0.000000000000000E+00
    9.403886886911036E-03   -4.222363708079466E-07    0.000000000000000E+00
    9.405553470972133E-03    3.019650237907932E-08    0.000000000000000E+00
    9.405779693120715E-03    4.767085594058034E-08    0.000000000000000E+00
    9.405764234466239E-03    2.073099199571692E-08    0.000000000000000E+00
    9.405743261015037E-03    4.147139030616494E-09    0.000000000000000E+00
    9.405738053692979E-03    4.079849995776099E-11    0.000000000000000E+00
    9.405737764839000E-03   -2.817744662642929E-10    0.000000000000000E+00
    9.405738149060034E-03   -1.557501875990195E-10    0.000000000000000E+00
    9.405738330080326E-03   -4.275822853455101E-11    0.000000000000000E+00
    9.405738354519031E-03   -5.110171347279850E-12    0.000000000000000E+00
    9.405738316839560E-03    2.936781216356959E-12    0.000000000000000E+00
    9.405738264999523E-03    4.043798486795151E-12    0.000000000000000E+00
    9.405738209571279E-03    3.654461720364764E-12    0.000000000000000E+00
    9.405738153835830E-03    3.221588472315269E-12    0.000000000000000E+00
    9.405738098576151E-03    2.890485570620976E-12    0.000000000000000E+00
    9.405738044144810E-03    2.423389115463367E-12    0.000000000000000E+00
    9.405737990472960E-03    1.937661579565540E-12    0.000000000000000E+00
    9.405737934896539E-03    2.782593098590824E-12    0.000000000000000E+00
    9.405737863777873E-03    1.200685748447066E-11    0.000000000000000E+00
    9.405737732724979E-03    5.352772901169153E-11    0.000000000000000E+00
    9.405737458384099E-03    1.583484871237034E-10    0.000000000000000E+00
    9.405736993512374E-03    2.433486932700159E-10    0.000000000000000E+00
    9.405737172816876E-03   -1.451332416156071E-10    0.000000000000000E+00
    9.405741612312618E-03   -4.162909138941124E-09    0.000000000000000E+00
    9.405760394434613E-03   -1.979441609722019E-08    0.000000000000000E+00
    9.405764325856728E-03   -4.681458646900459E-08    0.000000000000000E+00
    9.405504883466493E-03   -2.230079960452419E-08    0.000000000000000E+00
    9.403768296404909E-03    4.254956038671871E-07    0.000000000000000E+00
    9.396009904088377E-03    2.469445414210928E-06    0.000000000000000E+00
    9.368434693102532E-03    7.659393591403023E-06    0.000000000000000E+00
    9.281253534786435E-03    1.329688450254249E-05    0.000000000000000E+00
    8.978771105228538E-03    1.219948976444914E-05    0.000000000000000E+00
    7.632976169585792E-03   -8.408982574806124E-07    0.000000000000000E+00
    9.348210925269777E-03   -1.373983678557940E-05    0.000000000000000E+00
    9.322063396060145E-03    2.504067178241502E-05    0.000000000000000E+00
    7.604396495217158E-03    2.945853178047820E-06    0.000000000000000E+00
    8.932611526340171E-03   -2.130021357916605E-05    0.000000000000000E+00
    9.251626167334994E-03   -2.316662500048605E-05    0.000000000000000E+00
    9.338860596941851E-03   -1.302911725514524E-05    0.000000000000000E+00
    9.364949154985003E-03   -4.027514379787673E-06    0.000000000000000E+00
    9.371795255940793E-03   -6.349720922590109E-07    0.000000000000000E+00
    9.373219977162542E-03    5.593153093897092E-08    0.000000000000000E+00
    9.373417243020326E-03    7.654892750034603E-08    0.000000000000000E+00
    9.373411350340951E-03    3.201275520225665E-08    0.000000000000000E+00
    9.373397664743509E-03    6.279834372660276E-09    0.000000000000000E+00
    9.373394526635064E-03    1.034415454199676E-11    0.000000000000000E+00
    9.373394534662778E-03   -4.479039866715005E-10    0.000000000000000E+00
    9.373394879119094E-03   -2.470687105600490E-10    0.000000000000000E+00
    9.373395016064996E-03   -6.543425682492811E-11    0.000000000000000E+00
    9.373395022685636E-03   -8.118894762858029E-12    0.000000000000000E+00
    9.373394981260946E-03    5.272631907163402E-12    0.000000000000000E+00
    9.373394928854861E-03    6.783442835497650E-12    0.000000000000000E+00
    9.373394873721665E-03    6.080851251485775E-12    0.000000000000000E+00
    9.373394818323048E-03    5.393036249489051E-12    0.000000000000000E+00
    9.373394763249523E-03    4.879841468852098E-12    0.000000000000000E+00
    9.373394708849859E-03    4.138876002541695E-12    0.000000000000000E+00
    9.373394655195580E-03    3.339285656891430E-12    0.000000000000000E+00
    9.373394600426939E-03    4.571844121163552E-12    0.000000000000000E+00
    9.373394534330014E-03    1.874198005046830E-11    0.000000000000000E+00
    9.373394423249909E-03    8.288010409056341E-11    0.000000000000000E+00
    9.373394189193428E-03    2.526732366744852E-10    0.000000000000000E+00
    9.373393740598084E-03    3.987106444745691E-10    0.000000000000000E+00
    9.373393583709833E-03   -1.879294737163797E-10    0.000000000000000E+00
    9.373396066782554E-03   -6.394238599517563E-09    0.000000000000000E+00
    9.373407907152033E-03   -3.058503193692460E-08    0.000000000000000E+00
    9.373403058316521E-03   -7.507038348808471E-08    0.000000000000000E+00
    9.373173649492018E-03   -4.323214973596079E-08    0.000000000000000E+00
    9.371673020411151E-03    6.431685068975229E-07    0.000000000000000E+00
    9.364697841577771E-03    3.914265974324058E-06    0.000000000000000E+00
    9.338433315968429E-03    1.262135050589526E-05    0.000000000000000E+00
    9.251394249915850E-03    2.276970150269157E-05    0.000000000000000E+00
    8.946199682530142E-03    2.163304516935058E-05    0.000000000000000E+00
    7.598978876219663E-03   -1.701537726730327E-06    0.000000000000000E+00
    9.319803670537991E-03   -2.424127998035057E-05    0.000000000000000E+00
    9.263267279182598E-03    3.717240802803774E-05    0.000000000000000E+00
    7.537638226506839E-03    4.870522071709175E-06    0.000000000000000E+00
    8.867612119836180E-03   -3.208703076983242E-05    0.000000000000000E+00
    9.190401252238517E-03   -3.295668623395269E-05    0.000000000000000E+00
    9.276896098255558E-03   -1.745711350001886E-05    0.000000000000000E+00
    9.300739082370679E-03   -5.079041541738715E-06    0.000000000000000E+00
    9.306386069344761E-03   -7.430264672185649E-07    0.000000000000000E+00
    9.307479171264288E-03    8.326015581255914E-08    0.000000000000000E+00
    9.307640880500134E-03    9.749156046711289E-08    0.000000000000000E+00
    9.307649382913365E-03    3.915053220260441E-08    0.000000000000000E+00
    9.307645570006984E-03    7.462933808658987E-09    0.000000000000000E+00
    9.307645198101388E-03   -4.522041096804045E-11    0.000000000000000E+00
    9.307645603997593E-03   -5.874139686291119E-10    0.000000000000000E+00
    9.307645899906096E-03   -3.088353105370341E-10    0.000000000000000E+00
    9.307645972671367E-03   -7.890965770284957E-11    0.000000000000000E+00
    9.307645954642325E-03   -9.730293734452625E-12    0.000000000000000E+00
    9.307645907382181E-03    7.752229202758707E-12    0.000000000000000E+00
    9.307645854512422E-03    9.267540439045100E-12    0.000000000000000E+00
    9.307645800031138E-03    8.296727687457922E-12    0.000000000000000E+00
    9.307645745234620E-03    7.441110184659919E-12    0.000000000000000E+00
    9.307645690536841E-03    6.814710208788718E-12    0.000000000000000E+00
    9.307645636294380E-03    5.882098718854239E-12    0.000000000000000E+00
    9.307645582762088E-03    4.830058384216380E-12    0.000000000000000E+00
    9.307645529184266E-03    6.205129464721307E-12    0.000000000000000E+00
    9.307645469889176E-03    2.333211198416511E-11    0.000000000000000E+00
    9.307645385973447E-03    1.003096254948742E-10    0.000000000000000E+00
    9.307645211081511E-03    3.173437603024506E-10    0.000000000000000E+00
    9.307644791467951E-03    5.459205205220402E-10    0.000000000000000E+00
    9.307644173413680E-03   -1.503585645251583E-10    0.000000000000000E+00
    9.307643951748743E-03   -7.618185073410857E-09    0.000000000000000E+00
    9.307646305061127E-03   -3.789120408944481E-08    0.000000000000000E+00
    9.307628315184288E-03   -9.490569114366202E-08    0.000000000000000E+00
    9.307436179395792E-03   -6.717196108605943E-08    0.000000000000000E+00
    9.306260939610036E-03    7.581505228389447E-07    0.000000000000000E+00
    9.300439445148429E-03    4.947289903536636E-06    0.000000000000000E+00
    9.276351529714736E-03    1.690272451880210E-05    0.000000000000000E+00
    9.190065502216200E-03    3.236972552160809E-05    0.000000000000000E+00
    8.881035071578664E-03    3.252616082407574E-05    0.000000000000000E+00
    7.532219107765150E-03   -3.124459425004571E-06    0.000000000000000E+00
    9.261229350229116E-03   -3.609780605086049E-05    0.000000000000000E+00
    9.148360643458002E-03    5.108690530771055E-05    0.000000000000000E+00
    7.413825528361789E-03    7.721489916208816E-06    0.000000000000000E+00
    8.744580750458229E-03   -4.504816737829028E-05    0.000000000000000E+00
    9.071221127683564E-03   -4.267023516103064E-05    0.000000000000000E+00
    9.155525775247950E-03   -2.075575139569779E-05    0.000000000000000E+00
    9.176088844157330E-03   -5.582284548804132E-06    0.000000000000000E+00
    9.180245558943128E-03   -7.191202975616783E-07    0.000000000000000E+00
    9.180964956268904E-03    1.104085356461853E-07    0.000000000000000E+00
    9.181093255742850E-03    1.073224523349285E-07    0.000000000000000E+00
    9.181120011241313E-03    4.146086696648638E-08    0.000000000000000E+00
    9.181127382624664E-03    7.452276045402377E-09    0.000000000000000E+00
    9.181130036152558E-03   -1.753059500264320E-10    0.000000000000000E+00
    9.181130888588162E-03   -6.891180705326341E-10    0.000000000000000E+00
    9.181131098622505E-03   -3.289599673438951E-10    0.000000000000000E+00
    9.181131096031293E-03   -8.311616213494005E-11    0.000000000000000E+00
    9.181131051348611E-03   -7.352598785696813E-12    0.000000000000000E+00
    9.181130997736013E-03    1.005405399243063E-11    0.000000000000000E+00
    9.181130944733521E-03    1.128526694732882E-11    0.000000000000000E+00
    9.181130891342827E-03    1.020163381796679E-11    0.000000000000000E+00
    9.181130837537150E-03    9.295777147198938E-12    0.000000000000000E+00
    9.181130783564750E-03    8.637393438647696E-12    0.000000000000000E+00
    9.181130729789839E-03    7.619686556610219E-12    0.000000000000000E+00
    9.181130676651670E-03    6.405825596612950E-12    0.000000000000000E+00
    9.181130624638680E-03    7.644358227982998E-12    0.000000000000000E+00
    9.181130572995081E-03    2.545952960997910E-11    0.000000000000000E+00
    9.181130518305847E-03    1.042962978813960E-10    0.000000000000000E+00
    9.181130415651037E-03    3.447104247733849E-10    0.000000000000000E+00
    9.181130064384124E-03    6.560149814342947E-10    0.000000000000000E+00
    9.181128971512506E-03    1.386530617376493E-11    0.000000000000000E+00
    9.181125836261295E-03   -7.608824582412543E-09    0.000000000000000E+00
    9.181117105370637E-03   -4.076706850631791E-08    0.000000000000000E+00
    9.181082260757966E-03   -1.035409368963562E-07    0.000000000000000E+00
    9.180926671601586E-03   -9.277171151180955E-08    0.000000000000000E+00
    9.180119041984380E-03    7.413048180905244E-07    0.000000000000000E+00
    9.175739207443459E-03    5.454411643703644E-06    0.000000000000000E+00
    9.154818772503131E-03    2.007833003396184E-05    0.000000000000000E+00
    9.070691779338372E-03    4.188794410263671E-05    0.000000000000000E+00
    8.757617052337741E-03    4.557000707919582E-05    0.000000000000000E+00
    7.408450220551418E-03   -5.513184505601220E-06    0.000000000000000E+00
    9.146760923495855E-03   -4.979934755717956E-05    0.000000000000000E+00
    8.926590175425644E-03    6.681595603151521E-05    0.000000000000000E+00
    7.186876579078922E-03    1.183397093389068E-05    0.000000000000000E+00
    8.513989251379656E-03   -6.050256786400206E-05    0.000000000000000E+00
    8.842157289948974E-03   -5.151650485908792E-05    0.000000000000000E+00
    8.921546567535439E-03   -2.245862932173146E-05    0.000000000000000E+00
    8.937737000770447E-03   -5.397106345247928E-06    0.000000000000000E+00
    8.940226011171490E-03   -5.830577578618499E-07    0.000000000000000E+00
    8.940580808253728E-03    1.280199238451331E-07    0.000000000000000E+00
    8.940691720426570E-03    1.038946570365458E-07    0.000000000000000E+00
    8.940738299913360E-03    3.801618394480621E-08    0.000000000000000E+00
    8.940756805955517E-03    6.428917271782605E-09    0.000000000000000E+00
    8.940762233147151E-03   -3.705791664089483E-10    0.000000000000000E+00
    8.940763404129753E-03   -7.021104571273165E-10    0.000000000000000E+00
    8.940763514442149E-03   -3.112192887850825E-10    0.000000000000000E+00
    8.940763436283068E-03   -7.555061403037209E-11    0.000000000000000E+00
    8.940763365613625E-03   -3.070112436074277E-12    0.000000000000000E+00
    8.940763307442964E-03    1.196996338059780E-11    0.000000000000000E+00
    8.940763255246864E-03    1.273641387488160E-11    0.000000000000000E+00
    8.940763203604995E-03    1.167953965846031E-11    0.000000000000000E+00
    8.940763151439901E-03    1.083291878044150E-11    0.000000000000000E+00
    8.940763098855524E-03    1.022566799859627E-11    0.000000000000000E+00
    8.940763046205098E-03    9.244880272083909E-12    0.000000000000000E+00
    8.940762994071578E-03    7.996311276964259E-12    0.000000000000000E+00
    8.940762944149958E-03    8.827627087973552E-12    0.000000000000000E+00
    8.940762899877195E-03    2.500150498009889E-11    0.000000000000000E+00
    8.940762872815582E-03    9.631819581243474E-11    0.000000000000000E+00
    8.940762845881543E-03    3.305513008245014E-10    0.000000000000000E+00
    8.940762584780486E-03    6.877370480534329E-10    0.000000000000000E+00
    8.940761158505187E-03    2.449367497156931E-10    0.000000000000000E+00
    8.940755284658744E-03   -6.610888804768037E-09    0.000000000000000E+00
    8.940735605275871E-03   -3.773498438575083E-08    0.000000000000000E+00
    8.940682441998903E-03   -9.938279382362433E-08    0.000000000000000E+00
    8.940546814640585E-03   -1.107169040082347E-07    0.000000000000000E+00
    8.940103763338000E-03    6.037986516926784E-07    0.000000000000000E+00
    8.937341037495486E-03    5.295869330684331E-06    0.000000000000000E+00
    8.920640739301010E-03    2.174026901313135E-05    0.000000000000000E+00
    8.841314648647102E-03    5.052055663951388E-05    0.000000000000000E+00
    8.526220604681079E-03    6.102521621371432E-05    0.000000000000000E+00
    7.181647533117866E-03   -9.215490288235557E-06    0.000000000000000E+00
    8.925783472152050E-03   -6.541255441279272E-05    0.000000000000000E+00
    8.499678085336786E-03    8.320730653842114E-05    0.000000000000000E+00
    6.771778781712551E-03    1.720989332683391E-05    0.000000000000000E+00
    8.081395445613251E-03   -7.754998175444204E-05    0.000000000000000E+00
    8.403526265050591E-03   -5.807980792488066E-05    0.000000000000000E+00
    8.473609377049253E-03   -2.184139992329002E-05    0.000000000000000E+00
    8.484392287285670E-03   -4.482202283126477E-06    0.000000000000000E+00
    8.485201752489523E-03   -3.782419920116171E-07    0.000000000000000E+00
    8.485290407822680E-03    1.236291927652305E-07    0.000000000000000E+00
    8.485399342737530E-03    8.738731382391932E-08    0.000000000000000E+00
    8.485464219917312E-03    2.999486922768676E-08    0.000000000000000E+00
    8.485491286853638E-03    4.681340312611245E-09    0.000000000000000E+00
    8.485498734954890E-03   -5.258663051814679E-10    0.000000000000000E+00
    8.485500065340124E-03   -6.270794888760396E-10    0.000000000000000E+00
    8.485500067269667E-03   -2.680959630250105E-10    0.000000000000000E+00
    8.485499925916185E-03   -5.628947234953123E-11    0.000000000000000E+00
    8.485499836384929E-03    2.338871808296381E-12    0.000000000000000E+00
    8.485499776728297E-03    1.324967880122858E-11    0.000000000000000E+00
    8.485499726852445E-03    1.347319495494559E-11    0.000000000000000E+00
    8.485499678138293E-03    1.256789196146406E-11    0.000000000000000E+00
    8.485499628817415E-03    1.189631696438767E-11    0.000000000000000E+00
    8.485499578879944E-03    1.140251057686009E-11    0.000000000000000E+00
    8.485499528652221E-03    1.055348965510959E-11    0.000000000000000E+00
    8.485499478787141E-03    9.418049146700024E-12    0.000000000000000E+00
    8.485499431802226E-03    9.738000775669698E-12    0.000000000000000E+00
    8.485499394728853E-03    2.168004145026147E-11    0.000000000000000E+00
    8.485499390465542E-03    7.963979351629903E-11    0.000000000000000E+00
    8.485499431513430E-03    2.827866827482216E-10    0.000000000000000E+00
    8.485499275492848E-03    6.386564547171262E-10    0.000000000000000E+00
    8.485497682119449E-03    4.393596170644315E-10    0.000000000000000E+00
    8.485489799834050E-03   -4.873314858395894E-09    0.000000000000000E+00
    8.485461707568280E-03   -2.999233115419989E-08    0.000000000000000E+00
    8.485391929573373E-03   -8.310777017195239E-08    0.000000000000000E+00
    8.485261002198617E-03   -1.064859943501882E-07    0.000000000000000E+00
    8.485087193453237E-03    4.096802664774525E-07    0.000000000000000E+00
    8.483969113137603E-03    4.420350330672852E-06    0.000000000000000E+00
    8.472488098126396E-03    2.117687086789796E-05    0.000000000000000E+00
    8.402271267591460E-03    5.691633835187214E-05    0.000000000000000E+00
    8.092118368671613E-03    7.799700035398628E-05    0.000000000000000E+00
    6.766894351271908E-03   -1.437437194535900E-05    0.000000000000000E+00
    8.500165549805606E-03   -8.182177917530161E-05    0.000000000000000E+00
    7.677291157995821E-03    9.610384856772697E-05    0.000000000000000E+00
    6.014251510164213E-03    2.283786876328263E-05    0.000000000000000E+00
    7.266809704580072E-03   -9.205799907624186E-05    0.000000000000000E+00
    7.565161945856392E-03   -5.842285301545023E-05    0.000000000000000E+00
    7.619643312700162E-03   -1.812101551117763E-05    0.000000000000000E+00
    7.624220946044673E-03   -3.134345030072746E-06    0.000000000000000E+00
    7.623776460892751E-03   -1.834696624125841E-07    0.000000000000000E+00
    7.623721635846371E-03    1.019263292826543E-07    0.000000000000000E+00
    7.623834220938436E-03    6.049004442082093E-08    0.000000000000000E+00
    7.623909317879135E-03    1.907093090658343E-08    0.000000000000000E+00
    7.623940186043775E-03    2.671669862301123E-09    0.000000000000000E+00
    7.623948343227500E-03   -5.919571529576930E-10    0.000000000000000E+00
    7.623949632853734E-03   -4.871335829347536E-10    0.000000000000000E+00
    7.623949535937228E-03   -1.971283773894368E-10    0.000000000000000E+00
    7.623949352632513E-03   -3.350571338638601E-11    0.000000000000000E+00
    7.623949257381813E-03    7.152734071578515E-12    0.000000000000000E+00
    7.623949201509930E-03    1.323323819085126E-11    0.000000000000000E+00
    7.623949156646624E-03    1.293176916410084E-11    0.000000000000000E+00
    7.623949113148585E-03    1.227708872286918E-11    0.000000000000000E+00
    7.623949068934557E-03    1.185863875509857E-11    0.000000000000000E+00
    7.623949024010304E-03    1.153039477801188E-11    0.000000000000000E+00
    7.623948978687771E-03    1.092291780897618E-11    0.000000000000000E+00
    7.623948933628106E-03    1.006804533730971E-11    0.000000000000000E+00
    7.623948891578228E-03    9.962520803120393E-12    0.000000000000000E+00
    7.623948861172976E-03    1.610359882013667E-11    0.000000000000000E+00
    7.623948872450162E-03    5.615394640714014E-11    0.000000000000000E+00
    7.623948961972784E-03    2.122523536060996E-10    0.000000000000000E+00
    7.623948913617591E-03    5.128013797631371E-10    0.000000000000000E+00
    7.623947372809454E-03    5.512164421176345E-10    0.000000000000000E+00
    7.623938758360723E-03   -2.821698942298903E-09    0.000000000000000E+00
    7.623906913127973E-03   -1.937687469461470E-08    0.000000000000000E+00
    7.623828633264825E-03   -5.701387612558669E-08    0.000000000000000E+00
    7.623697171575124E-03   -8.384045189326623E-08    0.000000000000000E+00
    7.623669799859558E-03    2.161480413822953E-07    0.000000000000000E+00
    7.623803964260511E-03    3.078123027538323E-06    0.000000000000000E+00
    7.618373391623673E-03    1.763484807741753E-05    0.000000000000000E+00
    7.563378416046804E-03    5.723707239635095E-05    0.000000000000000E+00
    7.275056726316511E-03    9.234932162970021E-05    0.000000000000000E+00
    6.010037122372072E-03   -2.011831682523734E-05    0.000000000000000E+00
    7.679568712065814E-03   -9.493675051086687E-05    0.000000000000000E+00
    6.088681296800405E-03    8.931421495900630E-05    0.000000000000000E+00
    4.639629183622622E-03    2.387932902595283E-05    0.000000000000000E+00
    5.727015511128227E-03   -8.775572967481616E-05    0.000000000000000E+00
    5.964314769057338E-03   -4.560546595505501E-05    0.000000000000000E+00
    5.995525256683346E-03   -1.159275203676279E-05    0.000000000000000E+00
    5.995038003029998E-03   -1.782892140795316E-06    0.000000000000000E+00
    5.994013823547450E-03   -4.833820015331519E-08    0.000000000000000E+00
    5.993932343954411E-03    6.689320891021458E-08    0.000000000000000E+00
    5.994040778065222E-03    3.106194609712342E-08    0.000000000000000E+00
    5.994109787297112E-03    8.956281447997320E-09    0.000000000000000E+00
    5.994137042176441E-03    8.915362722081574E-10    0.000000000000000E+00
    5.994144038431111E-03   -4.945652826136907E-10    0.000000000000000E+00
    5.994145037463864E-03   -3.004260436647016E-10    0.000000000000000E+00
    5.994144882229087E-03   -1.083550557679566E-10    0.000000000000000E+00
    5.994144701883719E-03   -1.346718538061986E-11    0.000000000000000E+00
    5.994144619102397E-03    8.454545281116673E-12    0.000000000000000E+00
    5.994144574556623E-03    1.058395185674092E-11    0.000000000000000E+00
    5.994144539570750E-03    1.013735580364079E-11    0.000000000000000E+00
    5.994144505518009E-03    9.764074939591650E-12    0.000000000000000E+00
    5.994144470794767E-03    9.555703487756200E-12    0.000000000000000E+00
    5.994144435441866E-03    9.393190873797196E-12    0.000000000000000E+00
    5.994144399705670E-03    9.069692930287584E-12    0.000000000000000E+00
    5.994144364122749E-03    8.568058838522795E-12    0.000000000000000E+00
    5.994144330997697E-03    8.205817446683695E-12    0.000000000000000E+00
    5.994144307740504E-03    9.850482500351423E-12    0.000000000000000E+00
    5.994144324271804E-03    3.066908823728780E-11    0.000000000000000E+00
    5.994144430069881E-03    1.259954905430994E-10    0.000000000000000E+00
    5.994144469830260E-03    3.236800113604876E-10    0.000000000000000E+00
    5.994143257096605E-03    4.879727580747908E-10    0.000000000000000E+00
    5.994135803208549E-03   -1.008124765132611E-09    0.000000000000000E+00
    5.994107547178936E-03   -9.124438115206233E-09    0.000000000000000E+00
    5.994036916512170E-03   -2.844957950764926E-08    0.000000000000000E+00
    5.993917938539796E-03   -5.315961006408192E-08    0.000000000000000E+00
    5.993938143135881E-03    7.676146125145125E-08    0.000000000000000E+00
    5.994679401039425E-03    1.757379854623092E-06    0.000000000000000E+00
    5.994282225273661E-03    1.133406756416700E-05    0.000000000000000E+00
    5.962210343660463E-03    4.470105557751428E-05    0.000000000000000E+00
    5.731541031726333E-03    8.783289478740303E-05    0.000000000000000E+00
    4.636570227318167E-03   -2.184744685581811E-05    0.000000000000000E+00
    6.092990395641334E-03   -8.861474674819306E-05    0.000000000000000E+00
    3.004725252107999E-03    3.341451167205365E-05    0.000000000000000E+00
    2.176457725284789E-03    9.031336134163666E-06    0.000000000000000E+00
    2.800320705927252E-03   -3.246352729851994E-05    0.000000000000000E+00
    2.908496374141992E-03   -1.597144809585419E-05    0.000000000000000E+00
    2.915203968483092E-03   -3.797788761390403E-06    0.000000000000000E+00
    2.912910457565048E-03   -5.678583941231716E-07    0.000000000000000E+00
    2.912149499354575E-03   -1.216553859662772E-08    0.000000000000000E+00
    2.912120261806564E-03    2.075226111841238E-08    0.000000000000000E+00
    2.912188599075017E-03    8.883835362822108E-09    0.000000000000000E+00
    2.912225668794391E-03    2.270835684328292E-09    0.000000000000000E+00
    2.912239425116445E-03    1.564298558063258E-10    0.000000000000000E+00
    2.912242837231421E-03   -1.705011889591218E-10    0.000000000000000E+00
    2.912243256552758E-03   -9.411861823266747E-11    0.000000000000000E+00
    2.912243138823294E-03   -3.227522213372335E-11    0.000000000000000E+00
    2.912243036367250E-03   -2.763205781373649E-12    0.000000000000000E+00
    2.912242994200223E-03    3.541406901409875E-12    0.000000000000000E+00
    2.912242972863780E-03    4.013753113064760E-12    0.000000000000000E+00
    2.912242956080360E-03    3.851447690300328E-12    0.000000000000000E+00
    2.912242939586054E-03    3.748668418273461E-12    0.000000000000000E+00
    2.912242922717416E-03    3.698800631624007E-12    0.000000000000000E+00
    2.912242905523929E-03    3.653542619085336E-12    0.000000000000000E+00
    2.912242888126513E-03    3.555829479415645E-12    0.000000000000000E+00
    2.912242870793129E-03    3.398284512900520E-12    0.000000000000000E+00
    2.912242854587159E-03    3.236729758003949E-12    0.000000000000000E+00
    2.912242842815409E-03    3.442790466235193E-12    0.000000000000000E+00
    2.912242852881593E-03    9.651955652081361E-12    0.000000000000000E+00
    2.912242920256939E-03    3.933347491188039E-11    0.000000000000000E+00
    2.912242980015601E-03    1.023465046906247E-10    0.000000000000000E+00
    2.912242444712857E-03    1.716973997259958E-10    0.000000000000000E+00
    2.912238749459312E-03   -1.897209891455959E-10    0.000000000000000E+00
    2.912224375488795E-03   -2.322465184001116E-09    0.000000000000000E+00
    2.912187084622236E-03   -7.889072635997177E-09    0.000000000000000E+00
    2.912115949411696E-03   -1.634164687674993E-08    0.000000000000000E+00
    2.912116287758573E-03    2.071288035951283E-08    0.000000000000000E+00
    2.912723295032415E-03    5.651300800427048E-07    0.000000000000000E+00
    2.914458264855194E-03    3.716110299024485E-06    0.000000000000000E+00
    2.906886186626989E-03    1.567346370701942E-05    0.000000000000000E+00
    2.800699060911208E-03    3.247855564100456E-05    0.000000000000000E+00
    2.175225052038552E-03   -8.363367261303391E-06    0.000000000000000E+00
    3.009119659804908E-03   -3.318866103444803E-05    0.000000000000000E+00
SCALARS temperature double 1
LOOKUP_TABLE default
    3.000000000000000E+02
    3.000000000000000E+02
    3.000000000000000E+02
    3.000000000000000E+02
    3.000000000000000E+02
    3.000000000000000E+02
    3.000000000000000E+02
    3.000000000000000E+02
    3.000000000000000E+02
    3.000000000000000E+02
    3.000000000000000E+02
    3.000000000000000E+02
    3.000000000000000E+02
    3.000000000000000E+02
    3.000000000000000E+02
    3.000000000000000E+02
    3.000000000000000E+02
    3.000000000000000E+02
    3.000000000000000E+02
    3.000000000000000E+02
    3.000000000000000E+02
    3.000000000000000E+02
    3.000000000000000E+02
    3.000000000000000E+02
    3.000000000000000E+02
    3.000000000000000E+02
    3.000000000000000E+02
    3.000000000000000E+02
    3.000000000000000E+02
    3.000000000000000E+02
    3.000000000000000E+02
    3.000000000000000E+02
    3.000000000000000E+02
    3.000000000000000E+02
    3.000000000000000E+02
    3.000000000000000E+02
    3.000000000000000E+02
    3.000000000000000E+02
    3.000000000000000E+02
    3.000000000000000E+02
    3.000000000000000E+02
    3.000000000000000E+02
    3.000000000000000E+02
    3.000000000000000E+02
    3.000000000000000E+02
    3.000000000000000E+02
    3.000000000000000E+02
    3.000000000000000E+02
    3.000000000000000E+02
    3.000000000000000E+02
    3.000000000000000E+02
    3.000000000000000E+02
    3.000000000000000E+02
    3.000000000000000E+02
    3.000000000000000E+02
    3.000000000000000E+02
    3.000000000000000E+02
    3.000000000000000E+02
    3.000000000000000E+02
    3.000000000000000E+02
    3.000000000000000E+02
    3.000000000000000E+02
    3.000000000000000E+02
    3.000000000000000E+02
    3.000000000000000E+02
    3.000000000000000E+02
    3.000000000000000E+02
    3.000000000000000E+02
    3.000000000000000E+02
    3.000000000000000E+02
    3.000000000000000E+02
    3.000000000000000E+02
    3.000000000000000E+02
    3.000000000000000E+02
    3.000000000000000E+02
    3.000000000000000E+02
    3.000000000000000E+02
    3.000000000000000E+02
    3.000000000000000E+02
    3.000000000000000E+02
    3.000000000000000E+02
    3.000000000000000E+02
    3.000000000000000E+02
    3.000000000000000E+02
    3.000000000000000E+02
    3.000000000000000E+02
    3.000000000000000E+02
    3.000000000000000E+02
    3.000000000000000E+02
    3.000000000000000E+02
    3.000000000000000E+02
    3.000000000000000E+02
    3.000000000000000E+02
    3.000000000000000E+02
    3.000000000000000E+02
    3.000000000000000E+02
    3.000000000000000E+02
    3.000000000000000E+02
    3.000000000000000E+02
    3.000000000000000E+02
    3.000000000000000E+02
    3.000000000000000E+02
    3.000000000000000E+02
    3.000000000000000E+02
    3.000000000000000E+02
    3.000000000000000E+02
    3.000000000000000E+02
    3.000000000000000E+02
    3.000000000000000E+02
    3.000000000000000E+02
    3.000000000000000E+02
    3.000000000000000E+02
    3.000000000000000E+02
    3.000000000000000E+02
    3.000000000000000E+02
    3.000000000000000E+02
    3.000000000000000E+02
    3.000000000000000E+02
    3.000000000000000E+02
    3.000000000000000E+02
    3.000000000000000E+02
    3.000000000000000E+02
    3.000000000000000E+02
    3.000000000000000E+02
    3.000000000000000E+02
    3.000000000000000E+02
    3.000000000000000E+02
    3.000000000000000E+02
    3.000000000000000E+02
    3.000000000000000E+02
    3.000000000000000E+02
    3.000000000000000E+02
    3.000000000000000E+02
    3.000000000000000E+02
    3.000000000000000E+02
    3.000000000000000E+02
    3.000000000000000E+02
    3.000000000000000E+02
    3.000000000000000E+02
    3.000000000000000E+02
    3.000000000000000E+02
    3.000000000000000E+02
    3.000000000000000E+02
    3.000000000000000E+02
    3.000000000000000E+02
    3.000000000000000E+02
    3.000000000000000E+02
    3.000000000000000E+02
    3.000000000000000E+02
    3.000000000000000E+02
    3.000000000000000E+02
    3.000000000000000E+02
    3.000000000000000E+02
    3.000000000000000E+02
    3.000000000000000E+02
    3.000000000000000E+02
    3.000000000000000E+02
    3.000000000000000E+02
    3.000000000000000E+02
    3.000000000000000E+02
    3.000000000000000E+02
    3.000000000000000E+02
    3.000000000000000E+02
    3.000000000000000E+02
    3.000000000000000E+02
    3.000000000000000E+02
    3.000000000000000E+02
    3.000000000000000E+02
    3.000000000000000E+02
    3.000000000000000E+02
    3.000000000000000E+02
    3.000000000000000E+02
    3.000000000000000E+02
    3.000000000000000E+02
    3.000000000000000E+02
    3.000000000000000E+02
    3.000000000000000E+02
    3.000000000000000E+02
    3.000000000000000E+02
    3.000000000000000E+02
    3.000000000000000E+02
    3.000000000000000E+02
    3.000000000000000E+02
    3.000000000000000E+02
    3.000000000000000E+02
    3.000000000000000E+02
    3.000000000000000E+02
    3.000000000000000E+02
    3.000000000000000E+02
    3.000000000000000E+02
    3.000000000000000E+02
    3.000000000000000E+02
    3.000000000000000E+02
    3.000000000000000E+02
    3.000000000000000E+02
    3.000000000000000E+02
    3.000000000000000E+02
    3.000000000000000E+02
    3.000000000000000E+02
    3.000000000000000E+02
    3.000000000000000E+02
    3.000000000000000E+02
    3.000000000000000E+02
    3.000000000000000E+02
    3.000000000000000E+02
    3.000000000000000E+02
    3.000000000000000E+02
    3.000000000000000E+02
    3.000000000000000E+02
    3.000000000000000E+02
    3.000000000000000E+02
    3.000000000000000E+02
    3.000000000000000E+02
    3.000000000000000E+02
    3.000000000000000E+02
    3.000000000000000E+02
    3.000000000000000E+02
    3.000000000000000E+02
    3.000000000000000E+02
    3.000000000000000E+02
    3.000000000000000E+02
    3.000000000000000E+02
    3.000000000000000E+02
    3.000000000000000E+02
    3.000000000000000E+02
    3.000000000000000E+02
    3.000000000000000E+02
    3.000000000000000E+02
    3.000000000000000E+02
    3.000000000000000E+02
    3.000000000000000E+02
    3.000000000000000E+02
    3.000000000000000E+02
    3.000000000000000E+02
    3.000000000000000E+02
    3.000000000000000E+02
    3.000000000000000E+02
    3.000000000000000E+02
    3.000000000000000E+02
    3.000000000000000E+02
    3.000000000000000E+02
    3.000000000000000E+02
    3.000000000000000E+02
    3.000000000000000E+02
    3.000000000000000E+02
    3.000000000000000E+02
    3.000000000000000E+02
    3.000000000000000E+02
    3.000000000000000E+02
    3.000000000000000E+02
    3.000000000000000E+02
    3.000000000000000E+02
    3.000000000000000E+02
    3.000000000000000E+02
    3.000000000000000E+02
    3.000000000000000E+02
    3.000000000000000E+02
    3.000000000000000E+02
    3.000000000000000E+02
    3.000000000000000E+02
    3.000000000000000E+02
    3.000000000000000E+02
    3.000000000000000E+02
    3.000000000000000E+02
    3.000000000000000E+02
    3.000000000000000E+02
    3.000000000000000E+02
    3.000000000000000E+02
    3.000000000000000E+02
    3.000000000000000E+02
    3.000000000000000E+02
    3.000000000000000E+02
    3.000000000000000E+02
    3.000000000000000E+02
    3.000000000000000E+02
    3.000000000000000E+02
    3.000000000000000E+02
    3.000000000000000E+02
    3.000000000000000E+02
    3.000000000000000E+02
    3.000000000000000E+02
    3.000000000000000E+02
    3.000000000000000E+02
    3.000000000000000E+02
    3.000000000000000E+02
    3.000000000000000E+02
    3.000000000000000E+02
    3.000000000000000E+02
    3.000000000000000E+02
    3.000000000000000E+02
    3.000000000000000E+02
    3.000000000000000E+02
    3.000000000000000E+02
    3.000000000000000E+02
    3.000000000000000E+02
    3.000000000000000E+02
    3.000000000000000E+02
    3.000000000000000E+02
    3.000000000000000E+02
    3.000000000000000E+02
    3.000000000000000E+02
    3.000000000000000E+02
    3.000000000000000E+02
    3.000000000000000E+02
    3.000000000000000E+02
    3.000000000000000E+02
    3.000000000000000E+02
    3.000000000000000E+02
    3.000000000000000E+02
    3.000000000000000E+02
    3.000000000000000E+02
    3.000000000000000E+02
    3.000000000000000E+02
    3.000000000000000E+02
    3.000000000000000E+02
    3.000000000000000E+02
    3.000000000000000E+02
    3.000000000000000E+02
    3.000000000000000E+02
    3.000000000000000E+02
    3.000000000000000E+02
    3.000000000000000E+02
    3.000000000000000E+02
    3.000000000000000E+02
    3.000000000000000E+02
    3.000000000000000E+02
    3.000000000000000E+02
    3.000000000000000E+02
    3.000000000000000E+02
    3.000000000000000E+02
    3.000000000000000E+02
    3.000000000000000E+02
    3.000000000000000E+02
    3.000000000000000E+02
    3.000000000000000E+02
    3.000000000000000E+02
    3.000000000000000E+02
    3.000000000000000E+02
    3.000000000000000E+02
    3.000000000000000E+02
    3.000000000000000E+02
    3.000000000000000E+02
    3.000000000000000E+02
    3.000000000000000E+02
    3.000000000000000E+02
    3.000000000000000E+02
    3.000000000000000E+02
    3.000000000000000E+02
    3.000000000000000E+02
    3.000000000000000E+02
    3.000000000000000E+02
    3.000000000000000E+02
    3.000000000000000E+02
    3.000000000000000E+02
    3.000000000000000E+02
    3.000000000000000E+02
    3.000000000000000E+02
    3.000000000000000E+02
    3.000000000000000E+02
    3.000000000000000E+02
    3.000000000000000E+02
    3.000000000000000E+02
    3.000000000000000E+02
    3.000000000000000E+02
    3.000000000000000E+02
    3.000000000000000E+02
    3.000000000000000E+02
    3.000000000000000E+02
    3.000000000000000E+02
    3.000000000000000E+02
    3.000000000000000E+02
    3.000000000000000E+02
    3.000000000000000E+02
    3.000000000000000E+02
    3.000000000000000E+02
    3.000000000000000E+02
    3.000000000000000E+02
    3.000000000000000E+02
    3.000000000000000E+02
    3.000000000000000E+02
    3.000000000000000E+02
    3.000000000000000E+02
    3.000000000000000E+02
    3.000000000000000E+02
    3.000000000000000E+02
    3.000000000000000E+02
    3.000000000000000E+02
    3.000000000000000E+02
    3.000000000000000E+02
    3.000000000000000E+02
    3.000000000000000E+02
    3.000000000000000E+02
    3.000000000000000E+02
    3.000000000000000E+02
    3.000000000000000E+02
    3.000000000000000E+02
    3.000000000000000E+02
    3.000000000000000E+02
    3.000000000000000E+02
    3.000000000000000E+02
    3.000000000000000E+02
    3.000000000000000E+02
    3.000000000000000E+02
    3.000000000000000E+02
    3.000000000000000E+02
    3.000000000000000E+02
    3.000000000000000E+02
    3.000000000000000E+02
    3.000000000000000E+02
    3.000000000000000E+02
    3.000000000000000E+02
    3.000000000000000E+02
    3.000000000000000E+02
    3.000000000000000E+02
    3.000000000000000E+02
    3.000000000000000E+02
    3.000000000000000E+02
    3.000000000000000E+02
    3.000000000000000E+02
    3.000000000000000E+02
    3.000000000000000E+02
    3.000000000000000E+02
    3.000000000000000E+02
    3.000000000000000E+02
    3.000000000000000E+02
    3.000000000000000E+02
    3.000000000000000E+02
    3.000000000000000E+02
    3.000000000000000E+02
    3.000000000000000E+02
    3.000000000000000E+02
    3.000000000000000E+02
    3.000000000000000E+02
    3.000000000000000E+02
    3.000000000000000E+02
    3.000000000000000E+02
    3.000000000000000E+02
    3.000000000000000E+02
    3.000000000000000E+02
    3.000000000000000E+02
    3.000000000000000E+02
    3.000000000000000E+02
    3.000000000000000E+02
    3.000000000000000E+02
    3.000000000000000E+02
    3.000000000000000E+02
    3.000000000000000E+02
    3.000000000000000E+02
    3.000000000000000E+02
    3.000000000000000E+02
    3.000000000000000E+02
    3.000000000000000E+02
    3.000000000000000E+02
    3.000000000000000E+02
    3.000000000000000E+02
    3.000000000000000E+02
    3.000000000000000E+02
    3.000000000000000E+02
    3.000000000000000E+02
    3.000000000000000E+02
    3.000000000000000E+02
    3.000000000000000E+02
    3.000000000000000E+02
    3.000000000000000E+02
    3.000000000000000E+02
    3.000000000000000E+02
    3.000000000000000E+02
    3.000000000000000E+02
    3.000000000000000E+02
    3.000000000000000E+02
    3.000000000000000E+02
    3.000000000000000E+02
    3.000000000000000E+02
    3.000000000000000E+02
    3.000000000000000E+02
    3.000000000000000E+02
    3.000000000000000E+02
    3.000000000000000E+02
    3.000000000000000E+02
    3.000000000000000E+02
    3.000000000000000E+02
    3.000000000000000E+02
    3.000000000000000E+02
    3.000000000000000E+02
    3.000000000000000E+02
    3.000000000000000E+02
    3.000000000000000E+02
    3.000000000000000E+02
    3.000000000000000E+02
    3.000000000000000E+02
    3.000000000000000E+02
    3.000000000000000E+02
    3.000000000000000E+02
    3.000000000000000E+02
    3.000000000000000E+02
    3.000000000000000E+02
    3.000000000000000E+02
    3.000000000000000E+02
    3.000000000000000E+02
    3.000000000000000E+02
    3.000000000000000E+02
    3.000000000000000E+02
    3.000000000000000E+02
    3.000000000000000E+02
    3.000000000000000E+02
    3.000000000000000E+02
    3.000000000000000E+02
    3.000000000000000E+02
    3.000000000000000E+02
    3.000000000000000E+02
    3.000000000000000E+02
    3.000000000000000E+02
    3.000000000000000E+02
    3.000000000000000E+02
    3.000000000000000E+02
    3.000000000000000E+02
    3.000000000000000E+02
    3.000000000000000E+02
    3.000000000000000E+02
    3.000000000000000E+02
    3.000000000000000E+02
    3.000000000000000E+02
    3.000000000000000E+02
    3.000000000000000E+02
    3.000000000000000E+02
    3.000000000000000E+02
    3.000000000000000E+02
    3.000000000000000E+02
    3.000000000000000E+02
    3.000000000000000E+02
    3.000000000000000E+02
    3.000000000000000E+02
    3.000000000000000E+02
    3.000000000000000E+02
    3.000000000000000E+02
    3.000000000000000E+02
    3.000000000000000E+02
    3.000000000000000E+02
    3.000000000000000E+02
    3.000000000000000E+02
    3.000000000000000E+02
    3.000000000000000E+02
    3.000000000000000E+02
    3.000000000000000E+02
    3.000000000000000E+02
    3.000000000000000E+02
    3.000000000000000E+02
    3.000000000000000E+02
    3.000000000000000E+02
    3.000000000000000E+02
    3.000000000000000E+02
    3.000000000000000E+02
    3.000000000000000E+02
    3.000000000000000E+02
    3.000000000000000E+02
    3.000000000000000E+02
    3.000000000000000E+02
    3.000000000000000E+02
    3.000000000000000E+02
    3.000000000000000E+02
    3.000000000000000E+02
    3.000000000000000E+02
    3.000000000000000E+02
    3.000000000000000E+02
    3.000000000000000E+02
    3.000000000000000E+02
    3.000000000000000E+02
    3.000000000000000E+02
    3.000000000000000E+02
    3.000000000000000E+02
    3.000000000000000E+02
    3.000000000000000E+02
    3.000000000000000E+02
    3.000000000000000E+02
    3.000000000000000E+02
    3.000000000000000E+02
    3.000000000000000E+02
    3.000000000000000E+02
    3.000000000000000E+02
    3.000000000000000E+02
    3.000000000000000E+02
    3.000000000000000E+02
    3.000000000000000E+02
    3.000000000000000E+02
    3.000000000000000E+02
    3.000000000000000E+02
    3.000000000000000E+02
    3.000000000000000E+02
    3.000000000000000E+02
    3.000000000000000E+02
    3.000000000000000E+02
    3.000000000000000E+02
    3.000000000000000E+02
    3.000000000000000E+02
    3.000000000000000E+02
    3.000000000000000E+02
    3.000000000000000E+02
    3.000000000000000E+02
    3.000000000000000E+02
    3.000000000000000E+02
    3.000000000000000E+02
    3.000000000000000E+02
    3.000000000000000E+02
    3.000000000000000E+02
    3.000000000000000E+02
    3.000000000000000E+02
    3.000000000000000E+02
    3.000000000000000E+02
    3.000000000000000E+02
    3.000000000000000E+02
    3.000000000000000E+02
    3.000000000000000E+02
    3.000000000000000E+02
    3.000000000000000E+02
    3.000000000000000E+02
    3.000000000000000E+02
    3.000000000000000E+02
    3.000000000000000E+02
    3.000000000000000E+02
    3.000000000000000E+02
    3.000000000000000E+02
    3.000000000000000E+02
    3.000000000000000E+02
    3.000000000000000E+02
    3.000000000000000E+02
    3.000000000000000E+02
    3.000000000000000E+02
    3.000000000000000E+02
    3.000000000000000E+02
    3.000000000000000E+02
    3.000000000000000E+02
    3.000000000000000E+02
    3.000000000000000E+02
    3.000000000000000E+02
    3.000000000000000E+02
    3.000000000000000E+02
    3.000000000000000E+02
    3.000000000000000E+02
    3.000000000000000E+02
    3.000000000000000E+02
    3.000000000000000E+02
    3.000000000000000E+02
    3.000000000000000E+02
    3.000000000000000E+02
    3.000000000000000E+02
    3.000000000000000E+02
    3.000000000000000E+02
    3.000000000000000E+02
    3.000000000000000E+02
    3.000000000000000E+02
    3.000000000000000E+02
    3.000000000000000E+02
    3.000000000000000E+02
    3.000000000000000E+02
    3.000000000000000E+02
    3.000000000000000E+02
    3.000000000000000E+02
    3.000000000000000E+02
    3.000000000000000E+02
    3.000000000000000E+02
    3.000000000000000E+02
    3.000000000000000E+02
    3.000000000000000E+02
    3.000000000000000E+02
    3.000000000000000E+02
    3.000000000000000E+02
    3.000000000000000E+02
    3.000000000000000E+02
    3.000000000000000E+02
    3.000000000000000E+02
    3.000000000000000E+02
    3.000000000000000E+02
    3.000000000000000E+02
    3.000000000000000E+02
    3.000000000000000E+02
    3.000000000000000E+02
    3.000000000000000E+02
    3.000000000000000E+02
    3.000000000000000E+02
    3.000000000000000E+02
    3.000000000000000E+02
    3.000000000000000E+02
    3.000000000000000E+02
    3.000000000000000E+02
    3.000000000000000E+02
    3.000000000000000E+02
    3.000000000000000E+02
    3.000000000000000E+02
    3.000000000000000E+02
    3.000000000000000E+02
    3.000000000000000E+02
    3.000000000000000E+02
    3.000000000000000E+02
    3.000000000000000E+02
    3.000000000000000E+02
    3.000000000000000E+02
    3.000000000000000E+02
    3.000000000000000E+02
    3.000000000000000E+02
    3.000000000000000E+02
    3.000000000000000E+02
    3.000000000000000E+02
    3.000000000000000E+02
    3.000000000000000E+02
    3.000000000000000E+02
    3.000000000000000E+02
    3.000000000000000E+02
    3.000000000000000E+02
    3.000000000000000E+02
    3.000000000000000E+02
    3.000000000000000E+02
    3.000000000000000E+02
    3.000000000000000E+02
    3.000000000000000E+02
    3.000000000000000E+02
    3.000000000000000E+02
    3.000000000000000E+02
    3.000000000000000E+02
    3.000000000000000E+02
    3.000000000000000E+02
    3.000000000000000E+02
    3.000000000000000E+02
    3.000000000000000E+02
    3.000000000000000E+02
    3.000000000000000E+02
    3.000000000000000E+02
    3.000000000000000E+02
    3.000000000000000E+02
    3.000000000000000E+02
    3.000000000000000E+02
    3.000000000000000E+02
    3.000000000000000E+02
    3.000000000000000E+02
    3.000000000000000E+02
    3.000000000000000E+02
    3.000000000000000E+02
    3.000000000000000E+02
    3.000000000000000E+02
    3.000000000000000E+02
    3.000000000000000E+02
    3.000000000000000E+02
    3.000000000000000E+02
    3.000000000000000E+02
    3.000000000000000E+02
    3.000000000000000E+02
    3.000000000000000E+02
    3.000000000000000E+02
    3.000000000000000E+02
    3.000000000000000E+02
    3.000000000000000E+02
    3.000000000000000E+02
    3.000000000000000E+02
    3.000000000000000E+02
    3.000000000000000E+02
    3.000000000000000E+02
    3.000000000000000E+02
    3.000000000000000E+02
    3.000000000000000E+02
    3.000000000000000E+02
    3.000000000000000E+02
    3.000000000000000E+02
    3.000000000000000E+02
    3.000000000000000E+02
    3.000000000000000E+02
    3.000000000000000E+02
    3.000000000000000E+02
    3.000000000000000E+02
    3.000000000000000E+02
    3.000000000000000E+02
    3.000000000000000E+02
    3.000000000000000E+02
    3.000000000000000E+02
    3.000000000000000E+02
    3.000000000000000E+02
    3.000000000000000E+02
    3.000000000000000E+02
    3.000000000000000E+02
    3.000000000000000E+02
    3.000000000000000E+02
    3.000000000000000E+02
    3.000000000000000E+02
    3.000000000000000E+02
    3.000000000000000E+02
    3.000000000000000E+02
    3.000000000000000E+02
    3.000000000000000E+02
    3.000000000000000E+02
    3.000000000000000E+02
    3.000000000000000E+02
    3.000000000000000E+02
    3.000000000000000E+02
    3.000000000000000E+02
    3.000000000000000E+02
    3.000000000000000E+02
    3.000000000000000E+02
    3.000000000000000E+02
    3.000000000000000E+02
    3.000000000000000E+02
    3.000000000000000E+02
    3.000000000000000E+02
SCALARS pressure double 1
LOOKUP_TABLE default
    2.433862696882299E-01
    2.410931397915196E-01
    2.356839333355098E-01
    2.294800166656809E-01
    2.231519036868534E-01
    2.168180692589453E-01
    2.104858484406657E-01
    2.041539869138844E-01
    1.978219302533350E-01
    1.914897564589277E-01
    1.851575293698633E-01
    1.788252851800533E-01
    1.724930372395654E-01
    1.661607890841318E-01
    1.598285411829357E-01
    1.534962934174738E-01
    1.471640457147395E-01
    1.408317980522605E-01
    1.344995504261049E-01
    1.281673028363782E-01
    1.218350552837722E-01
    1.155028077687752E-01
    1.091705602914879E-01
    1.028383128505135E-01
    9.650606543992060E-02
    9.017381804320009E-02
    8.384157057781773E-02
    7.750932295358338E-02
    7.117707580168374E-02
    6.484483290727983E-02
    5.851260839569026E-02
    5.218043953151849E-02
    4.584838961866633E-02
    3.951657290775169E-02
    3.318462428854751E-02
    2.685197595389248E-02
    2.052847723126319E-02
    1.433399928988137E-02
    8.933310352075063E-03
    6.639582610013809E-03
    2.434157239673069E-01
    2.411042753691580E-01
    2.356492926741287E-01
    2.294706637486448E-01
    2.231511313143163E-01
    2.168180903174420E-01
    2.104859173095822E-01
    2.041540005637840E-01
    1.978219287863781E-01
    1.914897552305062E-01
    1.851575288120809E-01
    1.788252850154637E-01
    1.724930372082815E-01
    1.661607890815663E-01
    1.598285411880666E-01
    1.534962934208451E-01
    1.471640457172877E-01
    1.408317980545872E-01
    1.344995504284095E-01
    1.281673028386864E-01
    1.218350552860789E-01
    1.155028077710478E-01
    1.091705602936871E-01
    1.028383128524941E-01
    9.650606544062271E-02
    9.017381804285168E-02
    8.384157058739117E-02
    7.750932299238635E-02
    7.117707597299580E-02
    6.484483344675611E-02
    5.851260953422414E-02
    5.218044120770509E-02
    4.584837825140604E-02
    3.951651343513164E-02
    3.318462745836187E-02
    2.685279787816310E-02
    2.053765763419572E-02
    1.436847221260628E-02
    8.922365469149417E-03
    6.610120913419970E-03
    2.434508639435711E-01
    2.411165155835734E-01
    2.356084065249577E-01
    2.294569147829875E-01
    2.231489708104422E-01
    2.168180385529166E-01
    2.104859876750470E-01
    2.041540277676594E-01
    1.978219347050038E-01
    1.914897560640536E-01
    1.851575285831886E-01
    1.788252847565436E-01
    1.724930371261561E-01
    1.661607890598855E-01
    1.598285411896099E-01
    1.534962934253148E-01
    1.471640457205616E-01
    1.408317980575174E-01
    1.344995504312236E-01
    1.281673028414415E-01
    1.218350552888457E-01
    1.155028077738255E-01
    1.091705602963893E-01
    1.028383128548129E-01
    9.650606544202316E-02
    9.017381804654391E-02
    8.384157061207309E-02
    7.750932308994185E-02
    7.117707624971117E-02
    6.484483363813766E-02
    5.851260838738123E-02
    5.218043480313354E-02
    4.584835752862351E-02
    3.951646029298213E-02
    3.318467664642646E-02
    2.685502583756866E-02
    2.055113323813695E-02
    1.440911880273792E-02
    8.910960027041557E-03
    6.574897685831001E-03
    2.434719808838974E-01
    2.411226698408994E-01
    2.355845629453605E-01
    2.294416661866326E-01
    2.231455804910233E-01
    2.168177519306946E-01
    2.104860478302136E-01
    2.041540650852693E-01
    1.978219499627990E-01
    1.914897593931062E-01
    1.851575286798350E-01
    1.788252844624068E-01
    1.724930369960370E-01
    1.661607890220201E-01
    1.598285411871657E-01
    1.534962934279293E-01
    1.471640457241299E-01
    1.408317980605824E-01
    1.344995504341230E-01
    1.281673028443494E-01
    1.218350552916604E-01
    1.155028077764145E-01
    1.091705602985933E-01
    1.028383128568614E-01
    9.650606544465454E-02
    9.017381805565577E-02
    8.384157064738104E-02
    7.750932323524201E-02
    7.117707652068701E-02
    6.484483347579034E-02
    5.851260482627061E-02
    5.218041933934423E-02
    4.584832341421773E-02
    3.951641035750545E-02
    3.318501347749759E-02
    2.685842573544146E-02
    2.056607547906297E-02
    1.443286790686615E-02
    8.905201446898634E-03
    6.553962420411383E-03
    2.434876846954980E-01
    2.411263479109102E-01
    2.355677247253803E-01
    2.294306127037372E-01
    2.231414917043802E-01
    2.168171411636565E-01
    2.104860800788253E-01
    2.041541178981390E-01
    1.978219715488984E-01
    1.914897644980278E-01
    1.851575290566799E-01
    1.788252841730325E-01
    1.724930368280360E-01
    1.661607889811701E-01
    1.598285411789020E-01
    1.534962934291660E-01
    1.471640457268802E-01
    1.408317980632040E-01
    1.344995504363859E-01
    1.281673028464219E-01
    1.218350552936635E-01
    1.155028077782776E-01
    1.091705603000822E-01
    1.028383128580417E-01
    9.650606544836306E-02
    9.017381806780814E-02
    8.384157069555090E-02
    7.750932340991722E-02
    7.117707678291109E-02
    6.484483301303991E-02
    5.851259962143574E-02
    5.218039777814522E-02
    4.584827343384163E-02
    3.951639488259676E-02
    3.318566798282942E-02
    2.686250542112986E-02
    2.057689977300483E-02
    1.444961970728109E-02
    8.901946456178651E-03
    6.538374977092619E-03
    2.434993800177895E-01
    2.411283624738695E-01
    2.355560309460517E-01
    2.294211409485457E-01
    2.231379344491976E-01
    2.168162856144142E-01
    2.104860581722978E-01
    2.041541703509598E-01
    1.978219988027557E-01
    1.914897707941140E-01
    1.851575295754427E-01
    1.788252838965990E-01
    1.724930366305580E-01
    1.661607889296761E-01
    1.598285411662143E-01
    1.534962934295250E-01
    1.471640457294315E-01
    1.408317980655321E-01
    1.344995504383606E-01
    1.281673028482339E-01
    1.218350552953749E-01
    1.155028077797963E-01
    1.091705603012030E-01
    1.028383128590281E-01
    9.650606545240829E-02
    9.017381808276322E-02
    8.384157076038770E-02
    7.750932359390396E-02
    7.117707702005821E-02
    6.484483237412135E-02
    5.851259304396342E-02
    5.218037109760777E-02
    4.584822509819568E-02
    3.951643125637451E-02
    3.318656294143141E-02
    2.686605099360606E-02
    2.058616994631776E-02
    1.446126108892246E-02
    8.900281873146476E-03
    6.526799936230946E-03
    2.435079113107538E-01
    2.411293870898887E-01
    2.355480141195926E-01
    2.294137013441280E-01
    2.231348170552614E-01
    2.168155194778585E-01
    2.104859861830411E-01
    2.041542145967550E-01
    1.978220246920366E-01
    1.914897771556904E-01
    1.851575305809002E-01
    1.788252836994345E-01
    1.724930364632323E-01
    1.661607888679767E-01
    1.598285411553992E-01
    1.534962934281717E-01
    1.471640457315105E-01
    1.408317980675452E-01
    1.344995504400072E-01
    1.281673028497054E-01
    1.218350552967399E-01
    1.155028077809686E-01
    1.091705603020102E-01
    1.028383128597573E-01
    9.650606545583081E-02
    9.017381810038230E-02
    8.384157082602221E-02
    7.750932375599449E-02
    7.117707717285014E-02
    6.484483126503389E-02
    5.851258658220094E-02
    5.218034529259028E-02
    4.584818570812266E-02
    3.951652256152428E-02
    3.318734995041597E-02
    2.686915222876772E-02
    2.059346743053405E-02
    1.446926140322691E-02
    8.899507900336581E-03
    6.518377838988659E-03
    2.435138612357730E-01
    2.411298509627520E-01
    2.355427009125823E-01
    2.294083064974455E-01
    2.231322998064358E-01
    2.168148512098037E-01
    2.104859256377547E-01
    2.041542506996007E-01
    1.978220463982587E-01
    1.914897823990815E-01
    1.851575312922712E-01
    1.788252834941525E-01
    1.724930363469365E-01
    1.661607888138519E-01
    1.598285411461259E-01
    1.534962934265165E-01
    1.471640457330982E-01
    1.408317980691231E-01
    1.344995504412766E-01
    1.281673028508165E-01
    1.218350552977546E-01
    1.155028077818163E-01
    1.091705603025610E-01
    1.028383128602879E-01
    9.650606545867216E-02
    9.017381811538698E-02
    8.384157088465924E-02
    7.750932386681121E-02
    7.117707728769238E-02
    6.484483034153132E-02
    5.851258167425111E-02
    5.218032335463787E-02
    4.584815393905464E-02
    3.951659442667233E-02
    3.318803382255987E-02
    2.687163718880468E-02
    2.059877869866126E-02
    1.447458213791716E-02
    8.899214815346597E-03
    6.512516077199602E-03
    2.435175950810299E-01
    2.411300367393538E-01
    2.355394891295889E-01
    2.294048550094442E-01
    2.231305550721903E-01
    2.168143575075830E-01
    2.104858732506978E-01
    2.041542753948028E-01
    1.978220616625573E-01
    1.914897867196027E-01
    1.851575318657453E-01
    1.788252833558701E-01
    1.724930362504326E-01
    1.661607887762203E-01
    1.598285411383632E-01
    1.534962934263850E-01
    1.471640457339200E-01
    1.408317980701391E-01
    1.344995504421285E-01
    1.281673028515532E-01
    1.218350552984190E-01
    1.155028077823600E-01
    1.091705603028980E-01
    1.028383128606243E-01
    9.650606546072915E-02
    9.017381812685861E-02
    8.384157092791916E-02
    7.750932394392337E-02
    7.117707738101606E-02
    6.484482965600975E-02
    5.851257764800714E-02
    5.218030775382419E-02
    4.584813261647486E-02
    3.951665580829169E-02
    3.318853554464640E-02
    2.687335504430124E-02
    2.060218006049904E-02
    1.447780313775811E-02
    8.899141482757717E-03
    6.508844283777721E-03
    2.435192751616662E-01
    2.411301022425593E-01
    2.355380718916330E-01
    2.294032894448479E-01
    2.231297311975148E-01
    2.168141177973922E-01
    2.104858458859060E-01
    2.041542869655247E-01
    1.978220689706787E-01
    1.914897888785069E-01
    1.851575321602271E-01
    1.788252832972431E-01
    1.724930362030639E-01
    1.661607887581588E-01
    1.598285411344787E-01
    1.534962934263586E-01
    1.471640457342731E-01
    1.408317980706027E-01
    1.344995504425234E-01
    1.281673028518927E-01
    1.218350552987234E-01
    1.155028077826062E-01
    1.091705603030476E-01
    1.028383128607797E-01
    9.650606546172319E-02
    9.017381813230849E-02
    8.384157094746314E-02
    7.750932398570375E-02
    7.117707742650296E-02
    6.484482934068099E-02
    5.851257551065352E-02
    5.218030043453038E-02
    4.584812264748517E-02
    3.951668730649076E-02
    3.318877815490616E-02
    2.687416516423079E-02
    2.060372271289227E-02
    1.447922577665476E-02
    8.899128797344001E-03
    6.507194450514787E-03
    2.435192751616647E-01
    2.411301022425576E-01
    2.355380718916306E-01
    2.294032894448450E-01
    2.231297311975115E-01
    2.168141177973886E-01
    2.104858458859022E-01
    2.041542869655208E-01
    1.978220689706748E-01
    1.914897888785029E-01
    1.851575321602230E-01
    1.788252832972390E-01
    1.724930362030599E-01
    1.661607887581549E-01
    1.598285411344748E-01
    1.534962934263551E-01
    1.471640457342695E-01
    1.408317980705993E-01
    1.344995504425201E-01
    1.281673028518896E-01
    1.218350552987206E-01
    1.155028077826037E-01
    1.091705603030453E-01
    1.028383128607777E-01
    9.650606546172141E-02
    9.017381813230702E-02
    8.384157094746193E-02
    7.750932398570287E-02
    7.117707742650241E-02
    6.484482934068075E-02
    5.851257551065359E-02
    5.218030043453077E-02
    4.584812264748587E-02
    3.951668730649174E-02
    3.318877815490735E-02
    2.687416516423215E-02
    2.060372271289363E-02
    1.447922577665598E-02
    8.899128797344953E-03
    6.507194450515687E-03
    2.435175950810253E-01
    2.411300367393485E-01
    2.355394891295817E-01
    2.294048550094353E-01
    2.231305550721802E-01
    2.168143575075721E-01
    2.104858732506863E-01
    2.041542753947909E-01
    1.978220616625452E-01
    1.914897867195905E-01
    1.851575318657331E-01
    1.788252833558578E-01
    1.724930362504205E-01
    1.661607887762085E-01
    1.598285411383514E-01
    1.534962934263741E-01
    1.471640457339091E-01
    1.408317980701287E-01
    1.344995504421187E-01
    1.281673028515439E-01
    1.218350552984105E-01
    1.155028077823521E-01
    1.091705603028909E-01
    1.028383128606180E-01
    9.650606546072374E-02
    9.017381812685409E-02
    8.384157092791553E-02
    7.750932394392072E-02
    7.117707738101439E-02
    6.484482965600902E-02
    5.851257764800735E-02
    5.218030775382539E-02
    4.584813261647699E-02
    3.951665580829466E-02
    3.318853554465005E-02
    2.687335504430538E-02
    2.060218006050322E-02
    1.447780313776188E-02
    8.899141482760838E-03
    6.508844283780484E-03
    2.435138612357652E-01
    2.411298509627429E-01
    2.355427009125703E-01
    2.294083064974306E-01
    2.231322998064188E-01
    2.168148512097853E-01
    2.104859256377353E-01
    2.041542506995808E-01
    1.978220463982384E-01
    1.914897823990611E-01
    1.851575312922507E-01
    1.788252834941319E-01
    1.724930363469162E-01
    1.661607888138318E-01
    1.598285411461063E-01
    1.534962934264972E-01
    1.471640457330798E-01
    1.408317980691056E-01
    1.344995504412601E-01
    1.281673028508009E-01
    1.218350552977402E-01
    1.155028077818031E-01
    1.091705603025491E-01
    1.028383128602774E-01
    9.650606545866308E-02
    9.017381811537936E-02
    8.384157088465315E-02
    7.750932386680676E-02
    7.117707728768956E-02
    6.484483034153009E-02
    5.851258167425147E-02
    5.218032335463988E-02
    4.584815393905819E-02
    3.951659442667732E-02
    3.318803382256600E-02
    2.687163718881166E-02
    2.059877869866831E-02
    1.447458213792354E-02
    8.899214815352028E-03
    6.512516077204249E-03
    2.435079113107428E-01
    2.411293870898757E-01
    2.355480141195757E-01
    2.294137013441072E-01
    2.231348170552375E-01
    2.168155194778329E-01
    2.104859861830139E-01
    2.041542145967272E-01
    1.978220246920083E-01
    1.914897771556618E-01
    1.851575305808716E-01
    1.788252836994058E-01
    1.724930364632040E-01
    1.661607888679488E-01
    1.598285411553717E-01
    1.534962934281430E-01
    1.471640457314848E-01
    1.408317980675207E-01
    1.344995504399841E-01
    1.281673028496836E-01
    1.218350552967197E-01
    1.155028077809501E-01
    1.091705603019936E-01
    1.028383128597426E-01
    9.650606545581811E-02
    9.017381810037167E-02
    8.384157082601371E-02
    7.750932375598825E-02
    7.117707717284619E-02
    6.484483126503217E-02
    5.851258658220144E-02
    5.218034529259309E-02
    4.584818570812763E-02
    3.951652256153127E-02
    3.318734995042454E-02
    2.686915222877749E-02
    2.059346743054398E-02
    1.446926140323595E-02
    8.899507900344283E-03
    6.518377838995194E-03
    2.434993800177753E-01
    2.411283624738527E-01
    2.355560309460296E-01
    2.294211409485187E-01
    2.231379344491669E-01
    2.168162856143813E-01
    2.104860581722623E-01
    2.041541703509242E-01
    1.978219988027194E-01
    1.914897707940773E-01
    1.851575295754057E-01
    1.788252838965621E-01
    1.724930366305216E-01
    1.661607889296402E-01
    1.598285411661791E-01
    1.534962934294912E-01
    1.471640457293986E-01
    1.408317980655006E-01
    1.344995504383309E-01
    1.281673028482060E-01
    1.218350552953490E-01
    1.155028077797726E-01
    1.091705603011817E-01
    1.028383128590092E-01
    9.650606545239200E-02
    9.017381808274957E-02
    8.384157076037682E-02
    7.750932359389592E-02
    7.117707702005309E-02
    6.484483237411907E-02
    5.851259304396409E-02
    5.218037109761136E-02
    4.584822509820203E-02
    3.951643125638363E-02
    3.318656294144239E-02
    2.686605099361865E-02
    2.058616994633067E-02
    1.446126108893427E-02
    8.900281873156451E-03
    6.526799936239419E-03
    2.434876846954804E-01
    2.411263479108895E-01
    2.355677247253532E-01
    2.294306127037040E-01
    2.231414917043429E-01
    2.168171411636164E-01
    2.104860800787833E-01
    2.041541178980956E-01
    1.978219715488541E-01
    1.914897644979832E-01
    1.851575290566347E-01
    1.788252841729876E-01
    1.724930368279915E-01
    1.661607889811264E-01
    1.598285411788588E-01
    1.534962934291249E-01
    1.471640457268401E-01
    1.408317980631656E-01
    1.344995504363496E-01
    1.281673028463878E-01
    1.218350552936319E-01
    1.155028077782487E-01
    1.091705603000561E-01
    1.028383128580186E-01
    9.650606544834317E-02
    9.017381806779140E-02
    8.384157069553762E-02
    7.750932340990742E-02
    7.117707678290480E-02
    6.484483301303709E-02
    5.851259962143652E-02
    5.218039777814956E-02
    4.584827343384935E-02
    3.951639488260755E-02
    3.318566798284285E-02
    2.686250542114524E-02
    2.057689977302080E-02
    1.444961970729577E-02
    8.901946456190996E-03
    6.538374977103097E-03
    2.434719808838764E-01
    2.411226698408747E-01
    2.355845629453281E-01
    2.294416661865931E-01
    2.231455804909790E-01
    2.168177519306469E-01
    2.104860478301644E-01
    2.041540650852182E-01
    1.978219499627465E-01
    1.914897593930533E-01
    1.851575286797811E-01
    1.788252844623539E-01
    1.724930369959845E-01
    1.661607890219687E-01
    1.598285411871143E-01
    1.534962934278802E-01
    1.471640457240826E-01
    1.408317980605371E-01
    1.344995504340800E-01
    1.281673028443091E-01
    1.218350552916231E-01
    1.155028077763803E-01
    1.091705602985624E-01
    1.028383128568342E-01
    9.650606544463096E-02
    9.017381805563587E-02
    8.384157064736528E-02
    7.750932323523037E-02
    7.117707652067951E-02
    6.484483347578690E-02
    5.851260482627146E-02
    5.218041933934926E-02
    4.584832341422674E-02
    3.951641035751811E-02
    3.318501347751352E-02
    2.685842573545986E-02
    2.056607547908211E-02
    1.443286790688383E-02
    8.905201446913463E-03
    6.553962420423950E-03
    2.434508639435466E-01
    2.411165155835448E-01
    2.356084065249198E-01
    2.294569147829415E-01
    2.231489708103910E-01
    2.168180385528609E-01
    2.104859876749900E-01
    2.041540277676004E-01
    1.978219347049431E-01
    1.914897560639922E-01
    1.851575285831272E-01
    1.788252847564824E-01
    1.724930371260954E-01
    1.661607890598261E-01
    1.598285411895514E-01
    1.534962934252582E-01
    1.471640457205069E-01
    1.408317980574651E-01
    1.344995504311740E-01
    1.281673028413949E-01
    1.218350552888023E-01
    1.155028077737857E-01
    1.091705602963534E-01
    1.028383128547812E-01
    9.650606544199569E-02
    9.017381804652069E-02
    8.384157061205474E-02
    7.750932308992822E-02
    7.117707624970240E-02
    6.484483363813361E-02
    5.851260838738202E-02
    5.218043480313917E-02
    4.584835752863375E-02
    3.951646029299680E-02
    3.318467664644500E-02
    2.685502583758998E-02
    2.055113323815936E-02
    1.440911880275873E-02
    8.910960027058936E-03
    6.574897685845772E-03
    2.434157239672782E-01
    2.411042753691245E-01
    2.356492926740850E-01
    2.294706637485923E-01
    2.231511313142578E-01
    2.168180903173796E-01
    2.104859173095180E-01
    2.041540005637172E-01
    1.978219287863100E-01
    1.914897552304372E-01
    1.851575288120129E-01
    1.788252850153944E-01
    1.724930372082125E-01
    1.661607890814983E-01
    1.598285411880015E-01
    1.534962934207800E-01
    1.471640457172253E-01
    1.408317980545276E-01
    1.344995504283530E-01
    1.281673028386333E-01
    1.218350552860295E-01
    1.155028077710025E-01
    1.091705602936462E-01
    1.028383128524578E-01
    9.650606544059122E-02
    9.017381804282543E-02
    8.384157058736998E-02
    7.750932299237041E-02
    7.117707597298542E-02
    6.484483344675129E-02
    5.851260953422469E-02
    5.218044120771109E-02
    4.584837825141726E-02
    3.951651343514800E-02
    3.318462745838297E-02
    2.685279787818730E-02
    2.053765763422146E-02
    1.436847221263053E-02
    8.922365469169816E-03
    6.610120913437301E-03
    2.433862696881980E-01
    2.410931397914828E-01
    2.356839333354616E-01
    2.294800166656230E-01
    2.231519036867888E-01
    2.168180692588776E-01
    2.104858484405942E-01
    2.041539869138108E-01
    1.978219302532611E-01
    1.914897564588529E-01
    1.851575293697874E-01
    1.788252851799771E-01
    1.724930372394892E-01
    1.661607890840560E-01
    1.598285411828628E-01
    1.534962934174029E-01
    1.471640457146710E-01
    1.408317980521949E-01
    1.344995504260427E-01
    1.281673028363196E-01
    1.218350552837177E-01
    1.155028077687251E-01
    1.091705602914426E-01
    1.028383128504732E-01
    9.650606543988551E-02
    9.017381804317116E-02
    8.384157057779383E-02
    7.750932295356529E-02
    7.117707580167190E-02
    6.484483290727396E-02
    5.851260839569041E-02
    5.218043953152457E-02
    4.584838961867818E-02
    3.951657290776953E-02
    3.318462428857055E-02
    2.685197595391896E-02
    2.052847723129156E-02
    1.433399928990826E-02
    8.933310352097504E-03
    6.639582610033237E-03
