 TITLE = "Solid temperature field"
 VARIABLES = "x" "y" "z" "Ts"
 ZONE I=         120  J=          16  K=           1  DATAPACKING=POINT
    2.0833333333E-03   -9.6875000000E-03    5.0000000000E-01    3.0231069890E+02
    6.2500000000E-03   -9.6875000000E-03    5.0000000000E-01    3.0232575331E+02
    1.0416666667E-02   -9.6875000000E-03    5.0000000000E-01    3.0234953014E+02
    1.4583333333E-02   -9.6875000000E-03    5.0000000000E-01    3.0237689415E+02
    1.8750000000E-02   -9.6875000000E-03    5.0000000000E-01    3.0240504114E+02
    2.2916666667E-02   -9.6875000000E-03    5.0000000000E-01    3.0243263598E+02
    2.7083333333E-02   -9.6875000000E-03    5.0000000000E-01    3.0245918782E+02
    3.1250000000E-02   -9.6875000000E-03    5.0000000000E-01    3.0248466188E+02
    3.5416666667E-02   -9.6875000000E-03    5.0000000000E-01    3.0250918377E+02
    3.9583333333E-02   -9.6875000000E-03    5.0000000000E-01    3.0253285104E+02
    4.3750000000E-02   -9.6875000000E-03    5.0000000000E-01    3.0255566423E+02
    4.7916666667E-02   -9.6875000000E-03    5.0000000000E-01    3.0257753892E+02
    5.2083333333E-02   -9.6875000000E-03    5.0000000000E-01    3.0259832440E+02
    5.6250000000E-02   -9.6875000000E-03    5.0000000000E-01    3.0261778753E+02
    6.0416666667E-02   -9.6875000000E-03    5.0000000000E-01    3.0263559720E+02
    6.4583333333E-02   -9.6875000000E-03    5.0000000000E-01    3.0265136853E+02
    6.8750000000E-02   -9.6875000000E-03    5.0000000000E-01    3.0266477334E+02
    7.2916666667E-02   -9.6875000000E-03    5.0000000000E-01    3.0267565664E+02
    7.7083333333E-02   -9.6875000000E-03    5.0000000000E-01    3.0268408824E+02
    8.1250000000E-02   -9.6875000000E-03    5.0000000000E-01    3.0269032992E+02
    8.5416666667E-02   -9.6875000000E-03    5.0000000000E-01    3.0269475302E+02
    8.9583333333E-02   -9.6875000000E-03    5.0000000000E-01    3.0269775400E+02
    9.3750000000E-02   -9.6875000000E-03    5.0000000000E-01    3.0269969613E+02
    9.7916666667E-02   -9.6875000000E-03    5.0000000000E-01    3.0270088211E+02
    1.0208333333E-01   -9.6875000000E-03    5.0000000000E-01    3.0270154876E+02
    1.0625000000E-01   -9.6875000000E-03    5.0000000000E-01    3.0270187277E+02
    1.1041666667E-01   -9.6875000000E-03    5.0000000000E-01    3.0270198006E+02
    1.1458333333E-01   -9.6875000000E-03    5.0000000000E-01    3.0270195557E+02
    1.1875000000E-01   -9.6875000000E-03    5.0000000000E-01    3.0270185300E+02
    1.2291666667E-01   -9.6875000000E-03    5.0000000000E-01    3.0270170391E+02
    1.2708333333E-01   -9.6875000000E-03    5.0000000000E-01    3.0270152549E+02
    1.3125000000E-01   -9.6875000000E-03    5.0000000000E-01    3.0270132642E+02
    1.3541666667E-01   -9.6875000000E-03    5.0000000000E-01    3.0270111077E+02
    1.3958333333E-01   -9.6875000000E-03    5.0000000000E-01    3.0270088031E+02
    1.4375000000E-01   -9.6875000000E-03    5.0000000000E-01    3.0270063576E+02
    1.4791666667E-01   -9.6875000000E-03    5.0000000000E-01    3.0270037738E+02
    1.5208333333E-01   -9.6875000000E-03    5.0000000000E-01    3.0270010518E+02
    1.5625000000E-01   -9.6875000000E-03    5.0000000000E-01    3.0269981907E+02
    1.6041666667E-01   -9.6875000000E-03    5.0000000000E-01    3.0269951885E+02
    1.6458333333E-01   -9.6875000000E-03    5.0000000000E-01    3.0269920426E+02
    1.6875000000E-01   -9.6875000000E-03    5.0000000000E-01    3.0269887495E+02
    1.7291666667E-01   -9.6875000000E-03    5.0000000000E-01    3.0269853056E+02
    1.7708333333E-01   -9.6875000000E-03    5.0000000000E-01    3.0269817065E+02
    1.8125000000E-01   -9.6875000000E-03    5.0000000000E-01    3.0269779479E+02
    1.8541666667E-01   -9.6875000000E-03    5.0000000000E-01    3.0269740250E+02
    1.8958333333E-01   -9.6875000000E-03    5.0000000000E-01    3.0269699332E+02
    1.9375000000E-01   -9.6875000000E-03    5.0000000000E-01    3.0269656674E+02
    1.9791666667E-01   -9.6875000000E-03    5.0000000000E-01    3.0269612227E+02
    2.0208333333E-01   -9.6875000000E-03    5.0000000000E-01    3.0269565941E+02
    2.0625000000E-01   -9.6875000000E-03    5.0000000000E-01    3.0269517765E+02
    2.1041666667E-01   -9.6875000000E-03    5.0000000000E-01    3.0269467649E+02
    2.1458333333E-01   -9.6875000000E-03    5.0000000000E-01    3.0269415540E+02
    2.1875000000E-01   -9.6875000000E-03    5.0000000000E-01    3.0269361387E+02
    2.2291666667E-01   -9.6875000000E-03    5.0000000000E-01    3.0269305138E+02
    2.2708333333E-01   -9.6875000000E-03    5.0000000000E-01    3.0269246740E+02
    2.3125000000E-01   -9.6875000000E-03    5.0000000000E-01    3.0269186143E+02
    2.3541666667E-01   -9.6875000000E-03    5.0000000000E-01    3.0269123292E+02
    2.3958333333E-01   -9.6875000000E-03    5.0000000000E-01    3.0269058135E+02
    2.4375000000E-01   -9.6875000000E-03    5.0000000000E-01    3.0268990619E+02
    2.4791666667E-01   -9.6875000000E-03    5.0000000000E-01    3.0268920692E+02
    2.5208333333E-01   -9.6875000000E-03    5.0000000000E-01    3.0268848300E+02
    2.5625000000E-01   -9.6875000000E-03    5.0000000000E-01    3.0268773389E+02
    2.6041666667E-01   -9.6875000000E-03    5.0000000000E-01    3.0268695905E+02
    2.6458333333E-01   -9.6875000000E-03    5.0000000000E-01    3.0268615796E+02
    2.6875000000E-01   -9.6875000000E-03    5.0000000000E-01    3.0268533005E+02
    2.7291666667E-01   -9.6875000000E-03    5.0000000000E-01    3.0268447479E+02
    2.7708333333E-01   -9.6875000000E-03    5.0000000000E-01    3.0268359162E+02
    2.8125000000E-01   -9.6875000000E-03    5.0000000000E-01    3.0268267998E+02
    2.8541666667E-01   -9.6875000000E-03    5.0000000000E-01    3.0268173931E+02
    2.8958333333E-01   -9.6875000000E-03    5.0000000000E-01    3.0268076902E+02
    2.9375000000E-01   -9.6875000000E-03    5.0000000000E-01    3.0267976855E+02
    2.9791666667E-01   -9.6875000000E-03    5.0000000000E-01    3.0267873730E+02
    3.0208333333E-01   -9.6875000000E-03    5.0000000000E-01    3.0267767466E+02
    3.0625000000E-01   -9.6875000000E-03    5.0000000000E-01    3.0267658000E+02
    3.1041666667E-01   -9.6875000000E-03    5.0000000000E-01    3.0267545270E+02
    3.1458333333E-01   -9.6875000000E-03    5.0000000000E-01    3.0267429210E+02
    3.1875000000E-01   -9.6875000000E-03    5.0000000000E-01    3.0267309751E+02
    3.2291666667E-01   -9.6875000000E-03    5.0000000000E-01    3.0267186823E+02
    3.2708333333E-01   -9.6875000000E-03    5.0000000000E-01    3.0267060354E+02
    3.3125000000E-01   -9.6875000000E-03    5.0000000000E-01    3.0266930266E+02
    3.3541666667E-01   -9.6875000000E-03    5.0000000000E-01    3.0266796480E+02
    3.3958333333E-01   -9.6875000000E-03    5.0000000000E-01    3.0266658911E+02
    3.4375000000E-01   -9.6875000000E-03    5.0000000000E-01    3.0266517470E+02
    3.4791666667E-01   -9.6875000000E-03    5.0000000000E-01    3.0266372064E+02
    3.5208333333E-01   -9.6875000000E-03    5.0000000000E-01    3.0266222591E+02
    3.5625000000E-01   -9.6875000000E-03    5.0000000000E-01    3.0266068945E+02
    3.6041666667E-01   -9.6875000000E-03    5.0000000000E-01    3.0265911011E+02
    3.6458333333E-01   -9.6875000000E-03    5.0000000000E-01    3.0265748667E+02
    3.6875000000E-01   -9.6875000000E-03    5.0000000000E-01    3.0265581780E+02
    3.7291666667E-01   -9.6875000000E-03    5.0000000000E-01    3.0265410206E+02
    3.7708333333E-01   -9.6875000000E-03    5.0000000000E-01    3.0265233791E+02
    3.8125000000E-01   -9.6875000000E-03    5.0000000000E-01    3.0265052364E+02
    3.8541666667E-01   -9.6875000000E-03    5.0000000000E-01    3.0264865742E+02
    3.8958333333E-01   -9.6875000000E-03    5.0000000000E-01    3.0264673722E+02
    3.9375000000E-01   -9.6875000000E-03    5.0000000000E-01    3.0264476081E+02
    3.9791666667E-01   -9.6875000000E-03    5.0000000000E-01    3.0264272576E+02
    4.0208333333E-01   -9.6875000000E-03    5.0000000000E-01    3.0264062935E+02
    4.0625000000E-01   -9.6875000000E-03    5.0000000000E-01    3.0263846858E+02
    4.1041666667E-01   -9.6875000000E-03    5.0000000000E-01    3.0263624010E+02
    4.1458333333E-01   -9.6875000000E-03    5.0000000000E-01    3.0263394018E+02
    4.1875000000E-01   -9.6875000000E-03    5.0000000000E-01    3.0263156461E+02
    4.2291666667E-01   -9.6875000000E-03    5.0000000000E-01    3.0262910868E+02
    4.2708333333E-01   -9.6875000000E-03    5.0000000000E-01    3.0262656706E+02
    4.3125000000E-01   -9.6875000000E-03    5.0000000000E-01    3.0262393374E+02
    4.3541666667E-01   -9.6875000000E-03    5.0000000000E-01    3.0262120201E+02
    4.3958333333E-01   -9.6875000000E-03    5.0000000000E-01    3.0261836466E+02
    4.4375000000E-01   -9.6875000000E-03    5.0000000000E-01    3.0261541488E+02
    4.4791666667E-01   -9.6875000000E-03    5.0000000000E-01    3.0261234750E+02
    4.5208333333E-01   -9.6875000000E-03    5.0000000000E-01    3.0260915770E+02
    4.5625000000E-01   -9.6875000000E-03    5.0000000000E-01    3.0260585289E+02
    4.6041666667E-01   -9.6875000000E-03    5.0000000000E-01    3.0260248735E+02
    4.6458333333E-01   -9.6875000000E-03    5.0000000000E-01    3.0259925790E+02
    4.6875000000E-01   -9.6875000000E-03    5.0000000000E-01    3.0259678345E+02
    4.7291666667E-01   -9.6875000000E-03    5.0000000000E-01    3.0259694628E+02
    4.7708333333E-01   -9.6875000000E-03    5.0000000000E-01    3.0260530012E+02
    4.8125000000E-01   -9.6875000000E-03    5.0000000000E-01    3.0263868636E+02
    4.8541666667E-01   -9.6875000000E-03    5.0000000000E-01    3.0274537400E+02
    4.8958333333E-01   -9.6875000000E-03    5.0000000000E-01    3.0307782795E+02
    4.9375000000E-01   -9.6875000000E-03    5.0000000000E-01    3.0391170211E+02
    4.9791666667E-01   -9.6875000000E-03    5.0000000000E-01    3.0620667906E+02
    2.0833333333E-03   -9.0625000000E-03    5.0000000000E-01    3.0245725615E+02
    6.2500000000E-03   -9.0625000000E-03    5.0000000000E-01    3.0247340909E+02
    1.0416666667E-02   -9.0625000000E-03    5.0000000000E-01    3.0249881231E+02
    1.4583333333E-02   -9.0625000000E-03    5.0000000000E-01    3.0252797826E+02
    1.8750000000E-02   -9.0625000000E-03    5.0000000000E-01    3.0255794394E+02
    2.2916666667E-02   -9.0625000000E-03    5.0000000000E-01    3.0258730341E+02
    2.7083333333E-02   -9.0625000000E-03    5.0000000000E-01    3.0261554339E+02
    3.1250000000E-02   -9.0625000000E-03    5.0000000000E-01    3.0264263349E+02
    3.5416666667E-02   -9.0625000000E-03    5.0000000000E-01    3.0266871154E+02
    3.9583333333E-02   -9.0625000000E-03    5.0000000000E-01    3.0269388284E+02
    4.3750000000E-02   -9.0625000000E-03    5.0000000000E-01    3.0271814770E+02
    4.7916666667E-02   -9.0625000000E-03    5.0000000000E-01    3.0274141592E+02
    5.2083333333E-02   -9.0625000000E-03    5.0000000000E-01    3.0276352763E+02
    5.6250000000E-02   -9.0625000000E-03    5.0000000000E-01    3.0278423523E+02
    6.0416666667E-02   -9.0625000000E-03    5.0000000000E-01    3.0280318558E+02
    6.4583333333E-02   -9.0625000000E-03    5.0000000000E-01    3.0281996693E+02
    6.8750000000E-02   -9.0625000000E-03    5.0000000000E-01    3.0283422757E+02
    7.2916666667E-02   -9.0625000000E-03    5.0000000000E-01    3.0284580149E+02
    7.7083333333E-02   -9.0625000000E-03    5.0000000000E-01    3.0285476360E+02
    8.1250000000E-02   -9.0625000000E-03    5.0000000000E-01    3.0286139411E+02
    8.5416666667E-02   -9.0625000000E-03    5.0000000000E-01    3.0286608982E+02
    8.9583333333E-02   -9.0625000000E-03    5.0000000000E-01    3.0286927364E+02
    9.3750000000E-02   -9.0625000000E-03    5.0000000000E-01    3.0287133255E+02
    9.7916666667E-02   -9.0625000000E-03    5.0000000000E-01    3.0287258861E+02
    1.0208333333E-01   -9.0625000000E-03    5.0000000000E-01    3.0287329357E+02
    1.0625000000E-01   -9.0625000000E-03    5.0000000000E-01    3.0287363516E+02
    1.1041666667E-01   -9.0625000000E-03    5.0000000000E-01    3.0287374708E+02
    1.1458333333E-01   -9.0625000000E-03    5.0000000000E-01    3.0287371949E+02
    1.1875000000E-01   -9.0625000000E-03    5.0000000000E-01    3.0287360930E+02
    1.2291666667E-01   -9.0625000000E-03    5.0000000000E-01    3.0287344992E+02
    1.2708333333E-01   -9.0625000000E-03    5.0000000000E-01    3.0287325951E+02
    1.3125000000E-01   -9.0625000000E-03    5.0000000000E-01    3.0287304721E+02
    1.3541666667E-01   -9.0625000000E-03    5.0000000000E-01    3.0287281731E+02
    1.3958333333E-01   -9.0625000000E-03    5.0000000000E-01    3.0287257168E+02
    1.4375000000E-01   -9.0625000000E-03    5.0000000000E-01    3.0287231106E+02
    1.4791666667E-01   -9.0625000000E-03    5.0000000000E-01    3.0287203571E+02
    1.5208333333E-01   -9.0625000000E-03    5.0000000000E-01    3.0287174566E+02
    1.5625000000E-01   -9.0625000000E-03    5.0000000000E-01    3.0287144080E+02
    1.6041666667E-01   -9.0625000000E-03    5.0000000000E-01    3.0287112094E+02
    1.6458333333E-01   -9.0625000000E-03    5.0000000000E-01    3.0287078577E+02
    1.6875000000E-01   -9.0625000000E-03    5.0000000000E-01    3.0287043495E+02
    1.7291666667E-01   -9.0625000000E-03    5.0000000000E-01    3.0287006807E+02
    1.7708333333E-01   -9.0625000000E-03    5.0000000000E-01    3.0286968469E+02
    1.8125000000E-01   -9.0625000000E-03    5.0000000000E-01    3.0286928433E+02
    1.8541666667E-01   -9.0625000000E-03    5.0000000000E-01    3.0286886650E+02
    1.8958333333E-01   -9.0625000000E-03    5.0000000000E-01    3.0286843069E+02
    1.9375000000E-01   -9.0625000000E-03    5.0000000000E-01    3.0286797638E+02
    1.9791666667E-01   -9.0625000000E-03    5.0000000000E-01    3.0286750303E+02
    2.0208333333E-01   -9.0625000000E-03    5.0000000000E-01    3.0286701013E+02
    2.0625000000E-01   -9.0625000000E-03    5.0000000000E-01    3.0286649712E+02
    2.1041666667E-01   -9.0625000000E-03    5.0000000000E-01    3.0286596347E+02
    2.1458333333E-01   -9.0625000000E-03    5.0000000000E-01    3.0286540862E+02
    2.1875000000E-01   -9.0625000000E-03    5.0000000000E-01    3.0286483204E+02
    2.2291666667E-01   -9.0625000000E-03    5.0000000000E-01    3.0286423317E+02
    2.2708333333E-01   -9.0625000000E-03    5.0000000000E-01    3.0286361145E+02
    2.3125000000E-01   -9.0625000000E-03    5.0000000000E-01    3.0286296633E+02
    2.3541666667E-01   -9.0625000000E-03    5.0000000000E-01    3.0286229725E+02
    2.3958333333E-01   -9.0625000000E-03    5.0000000000E-01    3.0286160365E+02
    2.4375000000E-01   -9.0625000000E-03    5.0000000000E-01    3.0286088497E+02
    2.4791666667E-01   -9.0625000000E-03    5.0000000000E-01    3.0286014064E+02
    2.5208333333E-01   -9.0625000000E-03    5.0000000000E-01    3.0285937010E+02
    2.5625000000E-01   -9.0625000000E-03    5.0000000000E-01    3.0285857278E+02
    2.6041666667E-01   -9.0625000000E-03    5.0000000000E-01    3.0285774811E+02
    2.6458333333E-01   -9.0625000000E-03    5.0000000000E-01    3.0285689552E+02
    2.6875000000E-01   -9.0625000000E-03    5.0000000000E-01    3.0285601442E+02
    2.7291666667E-01   -9.0625000000E-03    5.0000000000E-01    3.0285510423E+02
    2.7708333333E-01   -9.0625000000E-03    5.0000000000E-01    3.0285416437E+02
    2.8125000000E-01   -9.0625000000E-03    5.0000000000E-01    3.0285319424E+02
    2.8541666667E-01   -9.0625000000E-03    5.0000000000E-01    3.0285219324E+02
    2.8958333333E-01   -9.0625000000E-03    5.0000000000E-01    3.0285116076E+02
    2.9375000000E-01   -9.0625000000E-03    5.0000000000E-01    3.0285009619E+02
    2.9791666667E-01   -9.0625000000E-03    5.0000000000E-01    3.0284899888E+02
    3.0208333333E-01   -9.0625000000E-03    5.0000000000E-01    3.0284786820E+02
    3.0625000000E-01   -9.0625000000E-03    5.0000000000E-01    3.0284670348E+02
    3.1041666667E-01   -9.0625000000E-03    5.0000000000E-01    3.0284550404E+02
    3.1458333333E-01   -9.0625000000E-03    5.0000000000E-01    3.0284426920E+02
    3.1875000000E-01   -9.0625000000E-03    5.0000000000E-01    3.0284299822E+02
    3.2291666667E-01   -9.0625000000E-03    5.0000000000E-01    3.0284169036E+02
    3.2708333333E-01   -9.0625000000E-03    5.0000000000E-01    3.0284034483E+02
    3.3125000000E-01   -9.0625000000E-03    5.0000000000E-01    3.0283896083E+02
    3.3541666667E-01   -9.0625000000E-03    5.0000000000E-01    3.0283753749E+02
    3.3958333333E-01   -9.0625000000E-03    5.0000000000E-01    3.0283607393E+02
    3.4375000000E-01   -9.0625000000E-03    5.0000000000E-01    3.0283456919E+02
    3.4791666667E-01   -9.0625000000E-03    5.0000000000E-01    3.0283302227E+02
    3.5208333333E-01   -9.0625000000E-03    5.0000000000E-01    3.0283143211E+02
    3.5625000000E-01   -9.0625000000E-03    5.0000000000E-01    3.0282979756E+02
    3.6041666667E-01   -9.0625000000E-03    5.0000000000E-01    3.0282811740E+02
    3.6458333333E-01   -9.0625000000E-03    5.0000000000E-01    3.0282639033E+02
    3.6875000000E-01   -9.0625000000E-03    5.0000000000E-01    3.0282461493E+02
    3.7291666667E-01   -9.0625000000E-03    5.0000000000E-01    3.0282278968E+02
    3.7708333333E-01   -9.0625000000E-03    5.0000000000E-01    3.0282091291E+02
    3.8125000000E-01   -9.0625000000E-03    5.0000000000E-01    3.0281898284E+02
    3.8541666667E-01   -9.0625000000E-03    5.0000000000E-01    3.0281699748E+02
    3.8958333333E-01   -9.0625000000E-03    5.0000000000E-01    3.0281495469E+02
    3.9375000000E-01   -9.0625000000E-03    5.0000000000E-01    3.0281285210E+02
    3.9791666667E-01   -9.0625000000E-03    5.0000000000E-01    3.0281068710E+02
    4.0208333333E-01   -9.0625000000E-03    5.0000000000E-01    3.0280845680E+02
    4.0625000000E-01   -9.0625000000E-03    5.0000000000E-01    3.0280615800E+02
    4.1041666667E-01   -9.0625000000E-03    5.0000000000E-01    3.0280378714E+02
    4.1458333333E-01   -9.0625000000E-03    5.0000000000E-01    3.0280134024E+02
    4.1875000000E-01   -9.0625000000E-03    5.0000000000E-01    3.0279881282E+02
    4.2291666667E-01   -9.0625000000E-03    5.0000000000E-01    3.0279619985E+02
    4.2708333333E-01   -9.0625000000E-03    5.0000000000E-01    3.0279349566E+02
    4.3125000000E-01   -9.0625000000E-03    5.0000000000E-01    3.0279069384E+02
    4.3541666667E-01   -9.0625000000E-03    5.0000000000E-01    3.0278778723E+02
    4.3958333333E-01   -9.0625000000E-03    5.0000000000E-01    3.0278476812E+02
    4.4375000000E-01   -9.0625000000E-03    5.0000000000E-01    3.0278162928E+02
    4.4791666667E-01   -9.0625000000E-03    5.0000000000E-01    3.0277836522E+02
    4.5208333333E-01   -9.0625000000E-03    5.0000000000E-01    3.0277497049E+02
    4.5625000000E-01   -9.0625000000E-03    5.0000000000E-01    3.0277145227E+02
    4.6041666667E-01   -9.0625000000E-03    5.0000000000E-01    3.0276786649E+02
    4.6458333333E-01   -9.0625000000E-03    5.0000000000E-01    3.0276441732E+02
    4.6875000000E-01   -9.0625000000E-03    5.0000000000E-01    3.0276174771E+02
    4.7291666667E-01   -9.0625000000E-03    5.0000000000E-01    3.0276181657E+02
    4.7708333333E-01   -9.0625000000E-03    5.0000000000E-01    3.0277039308E+02
    4.8125000000E-01   -9.0625000000E-03    5.0000000000E-01    3.0280504296E+02
    4.8541666667E-01   -9.0625000000E-03    5.0000000000E-01    3.0291578558E+02
    4.8958333333E-01   -9.0625000000E-03    5.0000000000E-01    3.0326546573E+02
    4.9375000000E-01   -9.0625000000E-03    5.0000000000E-01    3.0412638018E+02
    4.9791666667E-01   -9.0625000000E-03    5.0000000000E-01    3.0634769345E+02
    2.0833333333E-03   -8.4375000000E-03    5.0000000000E-01    3.0269773539E+02
    6.2500000000E-03   -8.4375000000E-03    5.0000000000E-01    3.0271576389E+02
    1.0416666667E-02   -8.4375000000E-03    5.0000000000E-01    3.0274389362E+02
    1.4583333333E-02   -8.4375000000E-03    5.0000000000E-01    3.0277604889E+02
    1.8750000000E-02   -8.4375000000E-03    5.0000000000E-01    3.0280901606E+02
    2.2916666667E-02   -8.4375000000E-03    5.0000000000E-01    3.0284127945E+02
    2.7083333333E-02   -8.4375000000E-03    5.0000000000E-01    3.0287229291E+02
    3.1250000000E-02   -8.4375000000E-03    5.0000000000E-01    3.0290203652E+02
    3.5416666667E-02   -8.4375000000E-03    5.0000000000E-01    3.0293067017E+02
    3.9583333333E-02   -8.4375000000E-03    5.0000000000E-01    3.0295831261E+02
    4.3750000000E-02   -8.4375000000E-03    5.0000000000E-01    3.0298496360E+02
    4.7916666667E-02   -8.4375000000E-03    5.0000000000E-01    3.0301052323E+02
    5.2083333333E-02   -8.4375000000E-03    5.0000000000E-01    3.0303481668E+02
    5.6250000000E-02   -8.4375000000E-03    5.0000000000E-01    3.0305757277E+02
    6.0416666667E-02   -8.4375000000E-03    5.0000000000E-01    3.0307840169E+02
    6.4583333333E-02   -8.4375000000E-03    5.0000000000E-01    3.0309684619E+02
    6.8750000000E-02   -8.4375000000E-03    5.0000000000E-01    3.0311251470E+02
    7.2916666667E-02   -8.4375000000E-03    5.0000000000E-01    3.0312522257E+02
    7.7083333333E-02   -8.4375000000E-03    5.0000000000E-01    3.0313505360E+02
    8.1250000000E-02   -8.4375000000E-03    5.0000000000E-01    3.0314231930E+02
    8.5416666667E-02   -8.4375000000E-03    5.0000000000E-01    3.0314745929E+02
    8.9583333333E-02   -8.4375000000E-03    5.0000000000E-01    3.0315094066E+02
    9.3750000000E-02   -8.4375000000E-03    5.0000000000E-01    3.0315318962E+02
    9.7916666667E-02   -8.4375000000E-03    5.0000000000E-01    3.0315456007E+02
    1.0208333333E-01   -8.4375000000E-03    5.0000000000E-01    3.0315532819E+02
    1.0625000000E-01   -8.4375000000E-03    5.0000000000E-01    3.0315569974E+02
    1.1041666667E-01   -8.4375000000E-03    5.0000000000E-01    3.0315582108E+02
    1.1458333333E-01   -8.4375000000E-03    5.0000000000E-01    3.0315579078E+02
    1.1875000000E-01   -8.4375000000E-03    5.0000000000E-01    3.0315567093E+02
    1.2291666667E-01   -8.4375000000E-03    5.0000000000E-01    3.0315549784E+02
    1.2708333333E-01   -8.4375000000E-03    5.0000000000E-01    3.0315529122E+02
    1.3125000000E-01   -8.4375000000E-03    5.0000000000E-01    3.0315506093E+02
    1.3541666667E-01   -8.4375000000E-03    5.0000000000E-01    3.0315481158E+02
    1.3958333333E-01   -8.4375000000E-03    5.0000000000E-01    3.0315454516E+02
    1.4375000000E-01   -8.4375000000E-03    5.0000000000E-01    3.0315426247E+02
    1.4791666667E-01   -8.4375000000E-03    5.0000000000E-01    3.0315396380E+02
    1.5208333333E-01   -8.4375000000E-03    5.0000000000E-01    3.0315364918E+02
    1.5625000000E-01   -8.4375000000E-03    5.0000000000E-01    3.0315331849E+02
    1.6041666667E-01   -8.4375000000E-03    5.0000000000E-01    3.0315297151E+02
    1.6458333333E-01   -8.4375000000E-03    5.0000000000E-01    3.0315260794E+02
    1.6875000000E-01   -8.4375000000E-03    5.0000000000E-01    3.0315222740E+02
    1.7291666667E-01   -8.4375000000E-03    5.0000000000E-01    3.0315182944E+02
    1.7708333333E-01   -8.4375000000E-03    5.0000000000E-01    3.0315141358E+02
    1.8125000000E-01   -8.4375000000E-03    5.0000000000E-01    3.0315097931E+02
    1.8541666667E-01   -8.4375000000E-03    5.0000000000E-01    3.0315052610E+02
    1.8958333333E-01   -8.4375000000E-03    5.0000000000E-01    3.0315005337E+02
    1.9375000000E-01   -8.4375000000E-03    5.0000000000E-01    3.0314956059E+02
    1.9791666667E-01   -8.4375000000E-03    5.0000000000E-01    3.0314904716E+02
    2.0208333333E-01   -8.4375000000E-03    5.0000000000E-01    3.0314851251E+02
    2.0625000000E-01   -8.4375000000E-03    5.0000000000E-01    3.0314795606E+02
    2.1041666667E-01   -8.4375000000E-03    5.0000000000E-01    3.0314737721E+02
    2.1458333333E-01   -8.4375000000E-03    5.0000000000E-01    3.0314677538E+02
    2.1875000000E-01   -8.4375000000E-03    5.0000000000E-01    3.0314614996E+02
    2.2291666667E-01   -8.4375000000E-03    5.0000000000E-01    3.0314550036E+02
    2.2708333333E-01   -8.4375000000E-03    5.0000000000E-01    3.0314482597E+02
    2.3125000000E-01   -8.4375000000E-03    5.0000000000E-01    3.0314412619E+02
    2.3541666667E-01   -8.4375000000E-03    5.0000000000E-01    3.0314340041E+02
    2.3958333333E-01   -8.4375000000E-03    5.0000000000E-01    3.0314264802E+02
    2.4375000000E-01   -8.4375000000E-03    5.0000000000E-01    3.0314186841E+02
    2.4791666667E-01   -8.4375000000E-03    5.0000000000E-01    3.0314106097E+02
    2.5208333333E-01   -8.4375000000E-03    5.0000000000E-01    3.0314022507E+02
    2.5625000000E-01   -8.4375000000E-03    5.0000000000E-01    3.0313936010E+02
    2.6041666667E-01   -8.4375000000E-03    5.0000000000E-01    3.0313846543E+02
    2.6458333333E-01   -8.4375000000E-03    5.0000000000E-01    3.0313754044E+02
    2.6875000000E-01   -8.4375000000E-03    5.0000000000E-01    3.0313658450E+02
    2.7291666667E-01   -8.4375000000E-03    5.0000000000E-01    3.0313559696E+02
    2.7708333333E-01   -8.4375000000E-03    5.0000000000E-01    3.0313457718E+02
    2.8125000000E-01   -8.4375000000E-03    5.0000000000E-01    3.0313352452E+02
    2.8541666667E-01   -8.4375000000E-03    5.0000000000E-01    3.0313243832E+02
    2.8958333333E-01   -8.4375000000E-03    5.0000000000E-01    3.0313131790E+02
    2.9375000000E-01   -8.4375000000E-03    5.0000000000E-01    3.0313016259E+02
    2.9791666667E-01   -8.4375000000E-03    5.0000000000E-01    3.0312897170E+02
    3.0208333333E-01   -8.4375000000E-03    5.0000000000E-01    3.0312774451E+02
    3.0625000000E-01   -8.4375000000E-03    5.0000000000E-01    3.0312648030E+02
    3.1041666667E-01   -8.4375000000E-03    5.0000000000E-01    3.0312517833E+02
    3.1458333333E-01   -8.4375000000E-03    5.0000000000E-01    3.0312383782E+02
    3.1875000000E-01   -8.4375000000E-03    5.0000000000E-01    3.0312245798E+02
    3.2291666667E-01   -8.4375000000E-03    5.0000000000E-01    3.0312103799E+02
    3.2708333333E-01   -8.4375000000E-03    5.0000000000E-01    3.0311957699E+02
    3.3125000000E-01   -8.4375000000E-03    5.0000000000E-01    3.0311807407E+02
    3.3541666667E-01   -8.4375000000E-03    5.0000000000E-01    3.0311652830E+02
    3.3958333333E-01   -8.4375000000E-03    5.0000000000E-01    3.0311493869E+02
    3.4375000000E-01   -8.4375000000E-03    5.0000000000E-01    3.0311330419E+02
    3.4791666667E-01   -8.4375000000E-03    5.0000000000E-01    3.0311162370E+02
    3.5208333333E-01   -8.4375000000E-03    5.0000000000E-01    3.0310989603E+02
    3.5625000000E-01   -8.4375000000E-03    5.0000000000E-01    3.0310811992E+02
    3.6041666667E-01   -8.4375000000E-03    5.0000000000E-01    3.0310629404E+02
    3.6458333333E-01   -8.4375000000E-03    5.0000000000E-01    3.0310441693E+02
    3.6875000000E-01   -8.4375000000E-03    5.0000000000E-01    3.0310248703E+02
    3.7291666667E-01   -8.4375000000E-03    5.0000000000E-01    3.0310050266E+02
    3.7708333333E-01   -8.4375000000E-03    5.0000000000E-01    3.0309846199E+02
    3.8125000000E-01   -8.4375000000E-03    5.0000000000E-01    3.0309636303E+02
    3.8541666667E-01   -8.4375000000E-03    5.0000000000E-01    3.0309420360E+02
    3.8958333333E-01   -8.4375000000E-03    5.0000000000E-01    3.0309198133E+02
    3.9375000000E-01   -8.4375000000E-03    5.0000000000E-01    3.0308969361E+02
    3.9791666667E-01   -8.4375000000E-03    5.0000000000E-01    3.0308733755E+02
    4.0208333333E-01   -8.4375000000E-03    5.0000000000E-01    3.0308490997E+02
    4.0625000000E-01   -8.4375000000E-03    5.0000000000E-01    3.0308240734E+02
    4.1041666667E-01   -8.4375000000E-03    5.0000000000E-01    3.0307982572E+02
    4.1458333333E-01   -8.4375000000E-03    5.0000000000E-01    3.0307716072E+02
    4.1875000000E-01   -8.4375000000E-03    5.0000000000E-01    3.0307440741E+02
    4.2291666667E-01   -8.4375000000E-03    5.0000000000E-01    3.0307156025E+02
    4.2708333333E-01   -8.4375000000E-03    5.0000000000E-01    3.0306861297E+02
    4.3125000000E-01   -8.4375000000E-03    5.0000000000E-01    3.0306555850E+02
    4.3541666667E-01   -8.4375000000E-03    5.0000000000E-01    3.0306238894E+02
    4.3958333333E-01   -8.4375000000E-03    5.0000000000E-01    3.0305909576E+02
    4.4375000000E-01   -8.4375000000E-03    5.0000000000E-01    3.0305567096E+02
    4.4791666667E-01   -8.4375000000E-03    5.0000000000E-01    3.0305210862E+02
    4.5208333333E-01   -8.4375000000E-03    5.0000000000E-01    3.0304840220E+02
    4.5625000000E-01   -8.4375000000E-03    5.0000000000E-01    3.0304455822E+02
    4.6041666667E-01   -8.4375000000E-03    5.0000000000E-01    3.0304063485E+02
    4.6458333333E-01   -8.4375000000E-03    5.0000000000E-01    3.0303684714E+02
    4.6875000000E-01   -8.4375000000E-03    5.0000000000E-01    3.0303387381E+02
    4.7291666667E-01   -8.4375000000E-03    5.0000000000E-01    3.0303378758E+02
    4.7708333333E-01   -8.4375000000E-03    5.0000000000E-01    3.0304267502E+02
    4.8125000000E-01   -8.4375000000E-03    5.0000000000E-01    3.0307912966E+02
    4.8541666667E-01   -8.4375000000E-03    5.0000000000E-01    3.0319550608E+02
    4.8958333333E-01   -8.4375000000E-03    5.0000000000E-01    3.0356665498E+02
    4.9375000000E-01   -8.4375000000E-03    5.0000000000E-01    3.0444113561E+02
    4.9791666667E-01   -8.4375000000E-03    5.0000000000E-01    3.0656304229E+02
    2.0833333333E-03   -7.8125000000E-03    5.0000000000E-01    3.0300346749E+02
    6.2500000000E-03   -7.8125000000E-03    5.0000000000E-01    3.0302399749E+02
    1.0416666667E-02   -7.8125000000E-03    5.0000000000E-01    3.0305568266E+02
    1.4583333333E-02   -7.8125000000E-03    5.0000000000E-01    3.0309168743E+02
    1.8750000000E-02   -7.8125000000E-03    5.0000000000E-01    3.0312849625E+02
    2.2916666667E-02   -7.8125000000E-03    5.0000000000E-01    3.0316446373E+02
    2.7083333333E-02   -7.8125000000E-03    5.0000000000E-01    3.0319900804E+02
    3.1250000000E-02   -7.8125000000E-03    5.0000000000E-01    3.0323212739E+02
    3.5416666667E-02   -7.8125000000E-03    5.0000000000E-01    3.0326401292E+02
    3.9583333333E-02   -7.8125000000E-03    5.0000000000E-01    3.0329480156E+02
    4.3750000000E-02   -7.8125000000E-03    5.0000000000E-01    3.0332449202E+02
    4.7916666667E-02   -7.8125000000E-03    5.0000000000E-01    3.0335297164E+02
    5.2083333333E-02   -7.8125000000E-03    5.0000000000E-01    3.0338004685E+02
    5.6250000000E-02   -7.8125000000E-03    5.0000000000E-01    3.0340541675E+02
    6.0416666667E-02   -7.8125000000E-03    5.0000000000E-01    3.0342864401E+02
    6.4583333333E-02   -7.8125000000E-03    5.0000000000E-01    3.0344921149E+02
    6.8750000000E-02   -7.8125000000E-03    5.0000000000E-01    3.0346667486E+02
    7.2916666667E-02   -7.8125000000E-03    5.0000000000E-01    3.0348082495E+02
    7.7083333333E-02   -7.8125000000E-03    5.0000000000E-01    3.0349175762E+02
    8.1250000000E-02   -7.8125000000E-03    5.0000000000E-01    3.0349982582E+02
    8.5416666667E-02   -7.8125000000E-03    5.0000000000E-01    3.0350552528E+02
    8.9583333333E-02   -7.8125000000E-03    5.0000000000E-01    3.0350938033E+02
    9.3750000000E-02   -7.8125000000E-03    5.0000000000E-01    3.0351186759E+02
    9.7916666667E-02   -7.8125000000E-03    5.0000000000E-01    3.0351338156E+02
    1.0208333333E-01   -7.8125000000E-03    5.0000000000E-01    3.0351422940E+02
    1.0625000000E-01   -7.8125000000E-03    5.0000000000E-01    3.0351463959E+02
    1.1041666667E-01   -7.8125000000E-03    5.0000000000E-01    3.0351477443E+02
    1.1458333333E-01   -7.8125000000E-03    5.0000000000E-01    3.0351474298E+02
    1.1875000000E-01   -7.8125000000E-03    5.0000000000E-01    3.0351461375E+02
    1.2291666667E-01   -7.8125000000E-03    5.0000000000E-01    3.0351442663E+02
    1.2708333333E-01   -7.8125000000E-03    5.0000000000E-01    3.0351420314E+02
    1.3125000000E-01   -7.8125000000E-03    5.0000000000E-01    3.0351395399E+02
    1.3541666667E-01   -7.8125000000E-03    5.0000000000E-01    3.0351368416E+02
    1.3958333333E-01   -7.8125000000E-03    5.0000000000E-01    3.0351339580E+02
    1.4375000000E-01   -7.8125000000E-03    5.0000000000E-01    3.0351308977E+02
    1.4791666667E-01   -7.8125000000E-03    5.0000000000E-01    3.0351276638E+02
    1.5208333333E-01   -7.8125000000E-03    5.0000000000E-01    3.0351242568E+02
    1.5625000000E-01   -7.8125000000E-03    5.0000000000E-01    3.0351206754E+02
    1.6041666667E-01   -7.8125000000E-03    5.0000000000E-01    3.0351169174E+02
    1.6458333333E-01   -7.8125000000E-03    5.0000000000E-01    3.0351129795E+02
    1.6875000000E-01   -7.8125000000E-03    5.0000000000E-01    3.0351088575E+02
    1.7291666667E-01   -7.8125000000E-03    5.0000000000E-01    3.0351045467E+02
    1.7708333333E-01   -7.8125000000E-03    5.0000000000E-01    3.0351000419E+02
    1.8125000000E-01   -7.8125000000E-03    5.0000000000E-01    3.0350953374E+02
    1.8541666667E-01   -7.8125000000E-03    5.0000000000E-01    3.0350904274E+02
    1.8958333333E-01   -7.8125000000E-03    5.0000000000E-01    3.0350853059E+02
    1.9375000000E-01   -7.8125000000E-03    5.0000000000E-01    3.0350799668E+02
    1.9791666667E-01   -7.8125000000E-03    5.0000000000E-01    3.0350744038E+02
    2.0208333333E-01   -7.8125000000E-03    5.0000000000E-01    3.0350686105E+02
    2.0625000000E-01   -7.8125000000E-03    5.0000000000E-01    3.0350625807E+02
    2.1041666667E-01   -7.8125000000E-03    5.0000000000E-01    3.0350563079E+02
    2.1458333333E-01   -7.8125000000E-03    5.0000000000E-01    3.0350497855E+02
    2.1875000000E-01   -7.8125000000E-03    5.0000000000E-01    3.0350430072E+02
    2.2291666667E-01   -7.8125000000E-03    5.0000000000E-01    3.0350359663E+02
    2.2708333333E-01   -7.8125000000E-03    5.0000000000E-01    3.0350286563E+02
    2.3125000000E-01   -7.8125000000E-03    5.0000000000E-01    3.0350210705E+02
    2.3541666667E-01   -7.8125000000E-03    5.0000000000E-01    3.0350132023E+02
    2.3958333333E-01   -7.8125000000E-03    5.0000000000E-01    3.0350050450E+02
    2.4375000000E-01   -7.8125000000E-03    5.0000000000E-01    3.0349965919E+02
    2.4791666667E-01   -7.8125000000E-03    5.0000000000E-01    3.0349878363E+02
    2.5208333333E-01   -7.8125000000E-03    5.0000000000E-01    3.0349787714E+02
    2.5625000000E-01   -7.8125000000E-03    5.0000000000E-01    3.0349693903E+02
    2.6041666667E-01   -7.8125000000E-03    5.0000000000E-01    3.0349596862E+02
    2.6458333333E-01   -7.8125000000E-03    5.0000000000E-01    3.0349496522E+02
    2.6875000000E-01   -7.8125000000E-03    5.0000000000E-01    3.0349392813E+02
    2.7291666667E-01   -7.8125000000E-03    5.0000000000E-01    3.0349285665E+02
    2.7708333333E-01   -7.8125000000E-03    5.0000000000E-01    3.0349175007E+02
    2.8125000000E-01   -7.8125000000E-03    5.0000000000E-01    3.0349060767E+02
    2.8541666667E-01   -7.8125000000E-03    5.0000000000E-01    3.0348942872E+02
    2.8958333333E-01   -7.8125000000E-03    5.0000000000E-01    3.0348821247E+02
    2.9375000000E-01   -7.8125000000E-03    5.0000000000E-01    3.0348695818E+02
    2.9791666667E-01   -7.8125000000E-03    5.0000000000E-01    3.0348566507E+02
    3.0208333333E-01   -7.8125000000E-03    5.0000000000E-01    3.0348433236E+02
    3.0625000000E-01   -7.8125000000E-03    5.0000000000E-01    3.0348295923E+02
    3.1041666667E-01   -7.8125000000E-03    5.0000000000E-01    3.0348154485E+02
    3.1458333333E-01   -7.8125000000E-03    5.0000000000E-01    3.0348008837E+02
    3.1875000000E-01   -7.8125000000E-03    5.0000000000E-01    3.0347858890E+02
    3.2291666667E-01   -7.8125000000E-03    5.0000000000E-01    3.0347704551E+02
    3.2708333333E-01   -7.8125000000E-03    5.0000000000E-01    3.0347545725E+02
    3.3125000000E-01   -7.8125000000E-03    5.0000000000E-01    3.0347382310E+02
    3.3541666667E-01   -7.8125000000E-03    5.0000000000E-01    3.0347214201E+02
    3.3958333333E-01   -7.8125000000E-03    5.0000000000E-01    3.0347041287E+02
    3.4375000000E-01   -7.8125000000E-03    5.0000000000E-01    3.0346863451E+02
    3.4791666667E-01   -7.8125000000E-03    5.0000000000E-01    3.0346680569E+02
    3.5208333333E-01   -7.8125000000E-03    5.0000000000E-01    3.0346492507E+02
    3.5625000000E-01   -7.8125000000E-03    5.0000000000E-01    3.0346299125E+02
    3.6041666667E-01   -7.8125000000E-03    5.0000000000E-01    3.0346100272E+02
    3.6458333333E-01   -7.8125000000E-03    5.0000000000E-01    3.0345895785E+02
    3.6875000000E-01   -7.8125000000E-03    5.0000000000E-01    3.0345685489E+02
    3.7291666667E-01   -7.8125000000E-03    5.0000000000E-01    3.0345469194E+02
    3.7708333333E-01   -7.8125000000E-03    5.0000000000E-01    3.0345246696E+02
    3.8125000000E-01   -7.8125000000E-03    5.0000000000E-01    3.0345017771E+02
    3.8541666667E-01   -7.8125000000E-03    5.0000000000E-01    3.0344782175E+02
    3.8958333333E-01   -7.8125000000E-03    5.0000000000E-01    3.0344539642E+02
    3.9375000000E-01   -7.8125000000E-03    5.0000000000E-01    3.0344289877E+02
    3.9791666667E-01   -7.8125000000E-03    5.0000000000E-01    3.0344032559E+02
    4.0208333333E-01   -7.8125000000E-03    5.0000000000E-01    3.0343767331E+02
    4.0625000000E-01   -7.8125000000E-03    5.0000000000E-01    3.0343493796E+02
    4.1041666667E-01   -7.8125000000E-03    5.0000000000E-01    3.0343211513E+02
    4.1458333333E-01   -7.8125000000E-03    5.0000000000E-01    3.0342919992E+02
    4.1875000000E-01   -7.8125000000E-03    5.0000000000E-01    3.0342618679E+02
    4.2291666667E-01   -7.8125000000E-03    5.0000000000E-01    3.0342306954E+02
    4.2708333333E-01   -7.8125000000E-03    5.0000000000E-01    3.0341984115E+02
    4.3125000000E-01   -7.8125000000E-03    5.0000000000E-01    3.0341649371E+02
    4.3541666667E-01   -7.8125000000E-03    5.0000000000E-01    3.0341301837E+02
    4.3958333333E-01   -7.8125000000E-03    5.0000000000E-01    3.0340940554E+02
    4.4375000000E-01   -7.8125000000E-03    5.0000000000E-01    3.0340564623E+02
    4.4791666667E-01   -7.8125000000E-03    5.0000000000E-01    3.0340173412E+02
    4.5208333333E-01   -7.8125000000E-03    5.0000000000E-01    3.0339766110E+02
    4.5625000000E-01   -7.8125000000E-03    5.0000000000E-01    3.0339343250E+02
    4.6041666667E-01   -7.8125000000E-03    5.0000000000E-01    3.0338910873E+02
    4.6458333333E-01   -7.8125000000E-03    5.0000000000E-01    3.0338491690E+02
    4.6875000000E-01   -7.8125000000E-03    5.0000000000E-01    3.0338157609E+02
    4.7291666667E-01   -7.8125000000E-03    5.0000000000E-01    3.0338128682E+02
    4.7708333333E-01   -7.8125000000E-03    5.0000000000E-01    3.0339048814E+02
    4.8125000000E-01   -7.8125000000E-03    5.0000000000E-01    3.0342886145E+02
    4.8541666667E-01   -7.8125000000E-03    5.0000000000E-01    3.0355095802E+02
    4.8958333333E-01   -7.8125000000E-03    5.0000000000E-01    3.0393715476E+02
    4.9375000000E-01   -7.8125000000E-03    5.0000000000E-01    3.0481783115E+02
    4.9791666667E-01   -7.8125000000E-03    5.0000000000E-01    3.0683116660E+02
    2.0833333333E-03   -7.1875000000E-03    5.0000000000E-01    3.0335924598E+02
    6.2500000000E-03   -7.1875000000E-03    5.0000000000E-01    3.0338285290E+02
    1.0416666667E-02   -7.1875000000E-03    5.0000000000E-01    3.0341879625E+02
    1.4583333333E-02   -7.1875000000E-03    5.0000000000E-01    3.0345934555E+02
    1.8750000000E-02   -7.1875000000E-03    5.0000000000E-01    3.0350065877E+02
    2.2916666667E-02   -7.1875000000E-03    5.0000000000E-01    3.0354095268E+02
    2.7083333333E-02   -7.1875000000E-03    5.0000000000E-01    3.0357961189E+02
    3.1250000000E-02   -7.1875000000E-03    5.0000000000E-01    3.0361666230E+02
    3.5416666667E-02   -7.1875000000E-03    5.0000000000E-01    3.0365233566E+02
    3.9583333333E-02   -7.1875000000E-03    5.0000000000E-01    3.0368679146E+02
    4.3750000000E-02   -7.1875000000E-03    5.0000000000E-01    3.0372002668E+02
    4.7916666667E-02   -7.1875000000E-03    5.0000000000E-01    3.0375191320E+02
    5.2083333333E-02   -7.1875000000E-03    5.0000000000E-01    3.0378223603E+02
    5.6250000000E-02   -7.1875000000E-03    5.0000000000E-01    3.0381066004E+02
    6.0416666667E-02   -7.1875000000E-03    5.0000000000E-01    3.0383669145E+02
    6.4583333333E-02   -7.1875000000E-03    5.0000000000E-01    3.0385974057E+02
    6.8750000000E-02   -7.1875000000E-03    5.0000000000E-01    3.0387929877E+02
    7.2916666667E-02   -7.1875000000E-03    5.0000000000E-01    3.0389512724E+02
    7.7083333333E-02   -7.1875000000E-03    5.0000000000E-01    3.0390733696E+02
    8.1250000000E-02   -7.1875000000E-03    5.0000000000E-01    3.0391633140E+02
    8.5416666667E-02   -7.1875000000E-03    5.0000000000E-01    3.0392267378E+02
    8.9583333333E-02   -7.1875000000E-03    5.0000000000E-01    3.0392695662E+02
    9.3750000000E-02   -7.1875000000E-03    5.0000000000E-01    3.0392971586E+02
    9.7916666667E-02   -7.1875000000E-03    5.0000000000E-01    3.0393139339E+02
    1.0208333333E-01   -7.1875000000E-03    5.0000000000E-01    3.0393233230E+02
    1.0625000000E-01   -7.1875000000E-03    5.0000000000E-01    3.0393278724E+02
    1.1041666667E-01   -7.1875000000E-03    5.0000000000E-01    3.0393293883E+02
    1.1458333333E-01   -7.1875000000E-03    5.0000000000E-01    3.0393290812E+02
    1.1875000000E-01   -7.1875000000E-03    5.0000000000E-01    3.0393277080E+02
    1.2291666667E-01   -7.1875000000E-03    5.0000000000E-01    3.0393257074E+02
    1.2708333333E-01   -7.1875000000E-03    5.0000000000E-01    3.0393233142E+02
    1.3125000000E-01   -7.1875000000E-03    5.0000000000E-01    3.0393206447E+02
    1.3541666667E-01   -7.1875000000E-03    5.0000000000E-01    3.0393177522E+02
    1.3958333333E-01   -7.1875000000E-03    5.0000000000E-01    3.0393146597E+02
    1.4375000000E-01   -7.1875000000E-03    5.0000000000E-01    3.0393113766E+02
    1.4791666667E-01   -7.1875000000E-03    5.0000000000E-01    3.0393079062E+02
    1.5208333333E-01   -7.1875000000E-03    5.0000000000E-01    3.0393042493E+02
    1.5625000000E-01   -7.1875000000E-03    5.0000000000E-01    3.0393004045E+02
    1.6041666667E-01   -7.1875000000E-03    5.0000000000E-01    3.0392963697E+02
    1.6458333333E-01   -7.1875000000E-03    5.0000000000E-01    3.0392921412E+02
    1.6875000000E-01   -7.1875000000E-03    5.0000000000E-01    3.0392877147E+02
    1.7291666667E-01   -7.1875000000E-03    5.0000000000E-01    3.0392830850E+02
    1.7708333333E-01   -7.1875000000E-03    5.0000000000E-01    3.0392782465E+02
    1.8125000000E-01   -7.1875000000E-03    5.0000000000E-01    3.0392731931E+02
    1.8541666667E-01   -7.1875000000E-03    5.0000000000E-01    3.0392679186E+02
    1.8958333333E-01   -7.1875000000E-03    5.0000000000E-01    3.0392624163E+02
    1.9375000000E-01   -7.1875000000E-03    5.0000000000E-01    3.0392566798E+02
    1.9791666667E-01   -7.1875000000E-03    5.0000000000E-01    3.0392507021E+02
    2.0208333333E-01   -7.1875000000E-03    5.0000000000E-01    3.0392444764E+02
    2.0625000000E-01   -7.1875000000E-03    5.0000000000E-01    3.0392379959E+02
    2.1041666667E-01   -7.1875000000E-03    5.0000000000E-01    3.0392312535E+02
    2.1458333333E-01   -7.1875000000E-03    5.0000000000E-01    3.0392242421E+02
    2.1875000000E-01   -7.1875000000E-03    5.0000000000E-01    3.0392169548E+02
    2.2291666667E-01   -7.1875000000E-03    5.0000000000E-01    3.0392093844E+02
    2.2708333333E-01   -7.1875000000E-03    5.0000000000E-01    3.0392015236E+02
    2.3125000000E-01   -7.1875000000E-03    5.0000000000E-01    3.0391933653E+02
    2.3541666667E-01   -7.1875000000E-03    5.0000000000E-01    3.0391849022E+02
    2.3958333333E-01   -7.1875000000E-03    5.0000000000E-01    3.0391761271E+02
    2.4375000000E-01   -7.1875000000E-03    5.0000000000E-01    3.0391670324E+02
    2.4791666667E-01   -7.1875000000E-03    5.0000000000E-01    3.0391576110E+02
    2.5208333333E-01   -7.1875000000E-03    5.0000000000E-01    3.0391478553E+02
    2.5625000000E-01   -7.1875000000E-03    5.0000000000E-01    3.0391377578E+02
    2.6041666667E-01   -7.1875000000E-03    5.0000000000E-01    3.0391273110E+02
    2.6458333333E-01   -7.1875000000E-03    5.0000000000E-01    3.0391165073E+02
    2.6875000000E-01   -7.1875000000E-03    5.0000000000E-01    3.0391053389E+02
    2.7291666667E-01   -7.1875000000E-03    5.0000000000E-01    3.0390937982E+02
    2.7708333333E-01   -7.1875000000E-03    5.0000000000E-01    3.0390818773E+02
    2.8125000000E-01   -7.1875000000E-03    5.0000000000E-01    3.0390695681E+02
    2.8541666667E-01   -7.1875000000E-03    5.0000000000E-01    3.0390568626E+02
    2.8958333333E-01   -7.1875000000E-03    5.0000000000E-01    3.0390437525E+02
    2.9375000000E-01   -7.1875000000E-03    5.0000000000E-01    3.0390302295E+02
    2.9791666667E-01   -7.1875000000E-03    5.0000000000E-01    3.0390162849E+02
    3.0208333333E-01   -7.1875000000E-03    5.0000000000E-01    3.0390019100E+02
    3.0625000000E-01   -7.1875000000E-03    5.0000000000E-01    3.0389870956E+02
    3.1041666667E-01   -7.1875000000E-03    5.0000000000E-01    3.0389718326E+02
    3.1458333333E-01   -7.1875000000E-03    5.0000000000E-01    3.0389561111E+02
    3.1875000000E-01   -7.1875000000E-03    5.0000000000E-01    3.0389399214E+02
    3.2291666667E-01   -7.1875000000E-03    5.0000000000E-01    3.0389232530E+02
    3.2708333333E-01   -7.1875000000E-03    5.0000000000E-01    3.0389060951E+02
    3.3125000000E-01   -7.1875000000E-03    5.0000000000E-01    3.0388884364E+02
    3.3541666667E-01   -7.1875000000E-03    5.0000000000E-01    3.0388702650E+02
    3.3958333333E-01   -7.1875000000E-03    5.0000000000E-01    3.0388515683E+02
    3.4375000000E-01   -7.1875000000E-03    5.0000000000E-01    3.0388323332E+02
    3.4791666667E-01   -7.1875000000E-03    5.0000000000E-01    3.0388125456E+02
    3.5208333333E-01   -7.1875000000E-03    5.0000000000E-01    3.0387921906E+02
    3.5625000000E-01   -7.1875000000E-03    5.0000000000E-01    3.0387712522E+02
    3.6041666667E-01   -7.1875000000E-03    5.0000000000E-01    3.0387497134E+02
    3.6458333333E-01   -7.1875000000E-03    5.0000000000E-01    3.0387275558E+02
    3.6875000000E-01   -7.1875000000E-03    5.0000000000E-01    3.0387047597E+02
    3.7291666667E-01   -7.1875000000E-03    5.0000000000E-01    3.0386813037E+02
    3.7708333333E-01   -7.1875000000E-03    5.0000000000E-01    3.0386571646E+02
    3.8125000000E-01   -7.1875000000E-03    5.0000000000E-01    3.0386323173E+02
    3.8541666667E-01   -7.1875000000E-03    5.0000000000E-01    3.0386067343E+02
    3.8958333333E-01   -7.1875000000E-03    5.0000000000E-01    3.0385803854E+02
    3.9375000000E-01   -7.1875000000E-03    5.0000000000E-01    3.0385532377E+02
    3.9791666667E-01   -7.1875000000E-03    5.0000000000E-01    3.0385252548E+02
    4.0208333333E-01   -7.1875000000E-03    5.0000000000E-01    3.0384963965E+02
    4.0625000000E-01   -7.1875000000E-03    5.0000000000E-01    3.0384666182E+02
    4.1041666667E-01   -7.1875000000E-03    5.0000000000E-01    3.0384358704E+02
    4.1458333333E-01   -7.1875000000E-03    5.0000000000E-01    3.0384040977E+02
    4.1875000000E-01   -7.1875000000E-03    5.0000000000E-01    3.0383712380E+02
    4.2291666667E-01   -7.1875000000E-03    5.0000000000E-01    3.0383372216E+02
    4.2708333333E-01   -7.1875000000E-03    5.0000000000E-01    3.0383019695E+02
    4.3125000000E-01   -7.1875000000E-03    5.0000000000E-01    3.0382653927E+02
    4.3541666667E-01   -7.1875000000E-03    5.0000000000E-01    3.0382273916E+02
    4.3958333333E-01   -7.1875000000E-03    5.0000000000E-01    3.0381878579E+02
    4.4375000000E-01   -7.1875000000E-03    5.0000000000E-01    3.0381466908E+02
    4.4791666667E-01   -7.1875000000E-03    5.0000000000E-01    3.0381038238E+02
    4.5208333333E-01   -7.1875000000E-03    5.0000000000E-01    3.0380591556E+02
    4.5625000000E-01   -7.1875000000E-03    5.0000000000E-01    3.0380127213E+02
    4.6041666667E-01   -7.1875000000E-03    5.0000000000E-01    3.0379651432E+02
    4.6458333333E-01   -7.1875000000E-03    5.0000000000E-01    3.0379188113E+02
    4.6875000000E-01   -7.1875000000E-03    5.0000000000E-01    3.0378813248E+02
    4.7291666667E-01   -7.1875000000E-03    5.0000000000E-01    3.0378759737E+02
    4.7708333333E-01   -7.1875000000E-03    5.0000000000E-01    3.0379706394E+02
    4.8125000000E-01   -7.1875000000E-03    5.0000000000E-01    3.0383723734E+02
    4.8541666667E-01   -7.1875000000E-03    5.0000000000E-01    3.0396441339E+02
    4.8958333333E-01   -7.1875000000E-03    5.0000000000E-01    3.0436053283E+02
    4.9375000000E-01   -7.1875000000E-03    5.0000000000E-01    3.0523920249E+02
    4.9791666667E-01   -7.1875000000E-03    5.0000000000E-01    3.0713748023E+02
    2.0833333333E-03   -6.5625000000E-03    5.0000000000E-01    3.0375714760E+02
    6.2500000000E-03   -6.5625000000E-03    5.0000000000E-01    3.0378441642E+02
    1.0416666667E-02   -6.5625000000E-03    5.0000000000E-01    3.0382527424E+02
    1.4583333333E-02   -6.5625000000E-03    5.0000000000E-01    3.0387098570E+02
    1.8750000000E-02   -6.5625000000E-03    5.0000000000E-01    3.0391737808E+02
    2.2916666667E-02   -6.5625000000E-03    5.0000000000E-01    3.0396253017E+02
    2.7083333333E-02   -6.5625000000E-03    5.0000000000E-01    3.0400579869E+02
    3.1250000000E-02   -6.5625000000E-03    5.0000000000E-01    3.0404724878E+02
    3.5416666667E-02   -6.5625000000E-03    5.0000000000E-01    3.0408716292E+02
    3.9583333333E-02   -6.5625000000E-03    5.0000000000E-01    3.0412572755E+02
    4.3750000000E-02   -6.5625000000E-03    5.0000000000E-01    3.0416293691E+02
    4.7916666667E-02   -6.5625000000E-03    5.0000000000E-01    3.0419864477E+02
    5.2083333333E-02   -6.5625000000E-03    5.0000000000E-01    3.0423261270E+02
    5.6250000000E-02   -6.5625000000E-03    5.0000000000E-01    3.0426446786E+02
    6.0416666667E-02   -6.5625000000E-03    5.0000000000E-01    3.0429365186E+02
    6.4583333333E-02   -6.5625000000E-03    5.0000000000E-01    3.0431949021E+02
    6.8750000000E-02   -6.5625000000E-03    5.0000000000E-01    3.0434139858E+02
    7.2916666667E-02   -6.5625000000E-03    5.0000000000E-01    3.0435910362E+02
    7.7083333333E-02   -6.5625000000E-03    5.0000000000E-01    3.0437273467E+02
    8.1250000000E-02   -6.5625000000E-03    5.0000000000E-01    3.0438275465E+02
    8.5416666667E-02   -6.5625000000E-03    5.0000000000E-01    3.0438980518E+02
    8.9583333333E-02   -6.5625000000E-03    5.0000000000E-01    3.0439455690E+02
    9.3750000000E-02   -6.5625000000E-03    5.0000000000E-01    3.0439761298E+02
    9.7916666667E-02   -6.5625000000E-03    5.0000000000E-01    3.0439946845E+02
    1.0208333333E-01   -6.5625000000E-03    5.0000000000E-01    3.0440050635E+02
    1.0625000000E-01   -6.5625000000E-03    5.0000000000E-01    3.0440101037E+02
    1.1041666667E-01   -6.5625000000E-03    5.0000000000E-01    3.0440118127E+02
    1.1458333333E-01   -6.5625000000E-03    5.0000000000E-01    3.0440115317E+02
    1.1875000000E-01   -6.5625000000E-03    5.0000000000E-01    3.0440100954E+02
    1.2291666667E-01   -6.5625000000E-03    5.0000000000E-01    3.0440079841E+02
    1.2708333333E-01   -6.5625000000E-03    5.0000000000E-01    3.0440054528E+02
    1.3125000000E-01   -6.5625000000E-03    5.0000000000E-01    3.0440026264E+02
    1.3541666667E-01   -6.5625000000E-03    5.0000000000E-01    3.0439995619E+02
    1.3958333333E-01   -6.5625000000E-03    5.0000000000E-01    3.0439962837E+02
    1.4375000000E-01   -6.5625000000E-03    5.0000000000E-01    3.0439928016E+02
    1.4791666667E-01   -6.5625000000E-03    5.0000000000E-01    3.0439891195E+02
    1.5208333333E-01   -6.5625000000E-03    5.0000000000E-01    3.0439852382E+02
    1.5625000000E-01   -6.5625000000E-03    5.0000000000E-01    3.0439811567E+02
    1.6041666667E-01   -6.5625000000E-03    5.0000000000E-01    3.0439768726E+02
    1.6458333333E-01   -6.5625000000E-03    5.0000000000E-01    3.0439723822E+02
    1.6875000000E-01   -6.5625000000E-03    5.0000000000E-01    3.0439676809E+02
    1.7291666667E-01   -6.5625000000E-03    5.0000000000E-01    3.0439627632E+02
    1.7708333333E-01   -6.5625000000E-03    5.0000000000E-01    3.0439576231E+02
    1.8125000000E-01   -6.5625000000E-03    5.0000000000E-01    3.0439522541E+02
    1.8541666667E-01   -6.5625000000E-03    5.0000000000E-01    3.0439466494E+02
    1.8958333333E-01   -6.5625000000E-03    5.0000000000E-01    3.0439408021E+02
    1.9375000000E-01   -6.5625000000E-03    5.0000000000E-01    3.0439347049E+02
    1.9791666667E-01   -6.5625000000E-03    5.0000000000E-01    3.0439283507E+02
    2.0208333333E-01   -6.5625000000E-03    5.0000000000E-01    3.0439217319E+02
    2.0625000000E-01   -6.5625000000E-03    5.0000000000E-01    3.0439148412E+02
    2.1041666667E-01   -6.5625000000E-03    5.0000000000E-01    3.0439076710E+02
    2.1458333333E-01   -6.5625000000E-03    5.0000000000E-01    3.0439002138E+02
    2.1875000000E-01   -6.5625000000E-03    5.0000000000E-01    3.0438924618E+02
    2.2291666667E-01   -6.5625000000E-03    5.0000000000E-01    3.0438844073E+02
    2.2708333333E-01   -6.5625000000E-03    5.0000000000E-01    3.0438760426E+02
    2.3125000000E-01   -6.5625000000E-03    5.0000000000E-01    3.0438673598E+02
    2.3541666667E-01   -6.5625000000E-03    5.0000000000E-01    3.0438583511E+02
    2.3958333333E-01   -6.5625000000E-03    5.0000000000E-01    3.0438490085E+02
    2.4375000000E-01   -6.5625000000E-03    5.0000000000E-01    3.0438393240E+02
    2.4791666667E-01   -6.5625000000E-03    5.0000000000E-01    3.0438292895E+02
    2.5208333333E-01   -6.5625000000E-03    5.0000000000E-01    3.0438188969E+02
    2.5625000000E-01   -6.5625000000E-03    5.0000000000E-01    3.0438081381E+02
    2.6041666667E-01   -6.5625000000E-03    5.0000000000E-01    3.0437970047E+02
    2.6458333333E-01   -6.5625000000E-03    5.0000000000E-01    3.0437854884E+02
    2.6875000000E-01   -6.5625000000E-03    5.0000000000E-01    3.0437735808E+02
    2.7291666667E-01   -6.5625000000E-03    5.0000000000E-01    3.0437612732E+02
    2.7708333333E-01   -6.5625000000E-03    5.0000000000E-01    3.0437485570E+02
    2.8125000000E-01   -6.5625000000E-03    5.0000000000E-01    3.0437354235E+02
    2.8541666667E-01   -6.5625000000E-03    5.0000000000E-01    3.0437218635E+02
    2.8958333333E-01   -6.5625000000E-03    5.0000000000E-01    3.0437078680E+02
    2.9375000000E-01   -6.5625000000E-03    5.0000000000E-01    3.0436934277E+02
    2.9791666667E-01   -6.5625000000E-03    5.0000000000E-01    3.0436785330E+02
    3.0208333333E-01   -6.5625000000E-03    5.0000000000E-01    3.0436631740E+02
    3.0625000000E-01   -6.5625000000E-03    5.0000000000E-01    3.0436473408E+02
    3.1041666667E-01   -6.5625000000E-03    5.0000000000E-01    3.0436310228E+02
    3.1458333333E-01   -6.5625000000E-03    5.0000000000E-01    3.0436142093E+02
    3.1875000000E-01   -6.5625000000E-03    5.0000000000E-01    3.0435968892E+02
    3.2291666667E-01   -6.5625000000E-03    5.0000000000E-01    3.0435790507E+02
    3.2708333333E-01   -6.5625000000E-03    5.0000000000E-01    3.0435606818E+02
    3.3125000000E-01   -6.5625000000E-03    5.0000000000E-01    3.0435417697E+02
    3.3541666667E-01   -6.5625000000E-03    5.0000000000E-01    3.0435223011E+02
    3.3958333333E-01   -6.5625000000E-03    5.0000000000E-01    3.0435022618E+02
    3.4375000000E-01   -6.5625000000E-03    5.0000000000E-01    3.0434816369E+02
    3.4791666667E-01   -6.5625000000E-03    5.0000000000E-01    3.0434604107E+02
    3.5208333333E-01   -6.5625000000E-03    5.0000000000E-01    3.0434385664E+02
    3.5625000000E-01   -6.5625000000E-03    5.0000000000E-01    3.0434160859E+02
    3.6041666667E-01   -6.5625000000E-03    5.0000000000E-01    3.0433929500E+02
    3.6458333333E-01   -6.5625000000E-03    5.0000000000E-01    3.0433691380E+02
    3.6875000000E-01   -6.5625000000E-03    5.0000000000E-01    3.0433446278E+02
    3.7291666667E-01   -6.5625000000E-03    5.0000000000E-01    3.0433193952E+02
    3.7708333333E-01   -6.5625000000E-03    5.0000000000E-01    3.0432934141E+02
    3.8125000000E-01   -6.5625000000E-03    5.0000000000E-01    3.0432666562E+02
    3.8541666667E-01   -6.5625000000E-03    5.0000000000E-01    3.0432390905E+02
    3.8958333333E-01   -6.5625000000E-03    5.0000000000E-01    3.0432106833E+02
    3.9375000000E-01   -6.5625000000E-03    5.0000000000E-01    3.0431813972E+02
    3.9791666667E-01   -6.5625000000E-03    5.0000000000E-01    3.0431511916E+02
    4.0208333333E-01   -6.5625000000E-03    5.0000000000E-01    3.0431200211E+02
    4.0625000000E-01   -6.5625000000E-03    5.0000000000E-01    3.0430878358E+02
    4.1041666667E-01   -6.5625000000E-03    5.0000000000E-01    3.0430545798E+02
    4.1458333333E-01   -6.5625000000E-03    5.0000000000E-01    3.0430201912E+02
    4.1875000000E-01   -6.5625000000E-03    5.0000000000E-01    3.0429846002E+02
    4.2291666667E-01   -6.5625000000E-03    5.0000000000E-01    3.0429477283E+02
    4.2708333333E-01   -6.5625000000E-03    5.0000000000E-01    3.0429094872E+02
    4.3125000000E-01   -6.5625000000E-03    5.0000000000E-01    3.0428697769E+02
    4.3541666667E-01   -6.5625000000E-03    5.0000000000E-01    3.0428284854E+02
    4.3958333333E-01   -6.5625000000E-03    5.0000000000E-01    3.0427854904E+02
    4.4375000000E-01   -6.5625000000E-03    5.0000000000E-01    3.0427406792E+02
    4.4791666667E-01   -6.5625000000E-03    5.0000000000E-01    3.0426939848E+02
    4.5208333333E-01   -6.5625000000E-03    5.0000000000E-01    3.0426452808E+02
    4.5625000000E-01   -6.5625000000E-03    5.0000000000E-01    3.0425945756E+02
    4.6041666667E-01   -6.5625000000E-03    5.0000000000E-01    3.0425425028E+02
    4.6458333333E-01   -6.5625000000E-03    5.0000000000E-01    3.0424915598E+02
    4.6875000000E-01   -6.5625000000E-03    5.0000000000E-01    3.0424497262E+02
    4.7291666667E-01   -6.5625000000E-03    5.0000000000E-01    3.0424414857E+02
    4.7708333333E-01   -6.5625000000E-03    5.0000000000E-01    3.0425378920E+02
    4.8125000000E-01   -6.5625000000E-03    5.0000000000E-01    3.0429547880E+02
    4.8541666667E-01   -6.5625000000E-03    5.0000000000E-01    3.0442664178E+02
    4.8958333333E-01   -6.5625000000E-03    5.0000000000E-01    3.0482757410E+02
    4.9375000000E-01   -6.5625000000E-03    5.0000000000E-01    3.0569468983E+02
    4.9791666667E-01   -6.5625000000E-03    5.0000000000E-01    3.0747182760E+02
    2.0833333333E-03   -5.9375000000E-03    5.0000000000E-01    3.0419293512E+02
    6.2500000000E-03   -5.9375000000E-03    5.0000000000E-01    3.0422449812E+02
    1.0416666667E-02   -5.9375000000E-03    5.0000000000E-01    3.0427092167E+02
    1.4583333333E-02   -5.9375000000E-03    5.0000000000E-01    3.0432237967E+02
    1.8750000000E-02   -5.9375000000E-03    5.0000000000E-01    3.0437438323E+02
    2.2916666667E-02   -5.9375000000E-03    5.0000000000E-01    3.0442487875E+02
    2.7083333333E-02   -5.9375000000E-03    5.0000000000E-01    3.0447320364E+02
    3.1250000000E-02   -5.9375000000E-03    5.0000000000E-01    3.0451947590E+02
    3.5416666667E-02   -5.9375000000E-03    5.0000000000E-01    3.0456403999E+02
    3.9583333333E-02   -5.9375000000E-03    5.0000000000E-01    3.0460711380E+02
    4.3750000000E-02   -5.9375000000E-03    5.0000000000E-01    3.0464868745E+02
    4.7916666667E-02   -5.9375000000E-03    5.0000000000E-01    3.0468859374E+02
    5.2083333333E-02   -5.9375000000E-03    5.0000000000E-01    3.0472656932E+02
    5.6250000000E-02   -5.9375000000E-03    5.0000000000E-01    3.0476220087E+02
    6.0416666667E-02   -5.9375000000E-03    5.0000000000E-01    3.0479485744E+02
    6.4583333333E-02   -5.9375000000E-03    5.0000000000E-01    3.0482376710E+02
    6.8750000000E-02   -5.9375000000E-03    5.0000000000E-01    3.0484825798E+02
    7.2916666667E-02   -5.9375000000E-03    5.0000000000E-01    3.0486801714E+02
    7.7083333333E-02   -5.9375000000E-03    5.0000000000E-01    3.0488319588E+02
    8.1250000000E-02   -5.9375000000E-03    5.0000000000E-01    3.0489432597E+02
    8.5416666667E-02   -5.9375000000E-03    5.0000000000E-01    3.0490213839E+02
    8.9583333333E-02   -5.9375000000E-03    5.0000000000E-01    3.0490739163E+02
    9.3750000000E-02   -5.9375000000E-03    5.0000000000E-01    3.0491076351E+02
    9.7916666667E-02   -5.9375000000E-03    5.0000000000E-01    3.0491280740E+02
    1.0208333333E-01   -5.9375000000E-03    5.0000000000E-01    3.0491394986E+02
    1.0625000000E-01   -5.9375000000E-03    5.0000000000E-01    3.0491450598E+02
    1.1041666667E-01   -5.9375000000E-03    5.0000000000E-01    3.0491469821E+02
    1.1458333333E-01   -5.9375000000E-03    5.0000000000E-01    3.0491467463E+02
    1.1875000000E-01   -5.9375000000E-03    5.0000000000E-01    3.0491452682E+02
    1.2291666667E-01   -5.9375000000E-03    5.0000000000E-01    3.0491430707E+02
    1.2708333333E-01   -5.9375000000E-03    5.0000000000E-01    3.0491404284E+02
    1.3125000000E-01   -5.9375000000E-03    5.0000000000E-01    3.0491374747E+02
    1.3541666667E-01   -5.9375000000E-03    5.0000000000E-01    3.0491342694E+02
    1.3958333333E-01   -5.9375000000E-03    5.0000000000E-01    3.0491308380E+02
    1.4375000000E-01   -5.9375000000E-03    5.0000000000E-01    3.0491271909E+02
    1.4791666667E-01   -5.9375000000E-03    5.0000000000E-01    3.0491233324E+02
    1.5208333333E-01   -5.9375000000E-03    5.0000000000E-01    3.0491192636E+02
    1.5625000000E-01   -5.9375000000E-03    5.0000000000E-01    3.0491149836E+02
    1.6041666667E-01   -5.9375000000E-03    5.0000000000E-01    3.0491104901E+02
    1.6458333333E-01   -5.9375000000E-03    5.0000000000E-01    3.0491057794E+02
    1.6875000000E-01   -5.9375000000E-03    5.0000000000E-01    3.0491008466E+02
    1.7291666667E-01   -5.9375000000E-03    5.0000000000E-01    3.0490956859E+02
    1.7708333333E-01   -5.9375000000E-03    5.0000000000E-01    3.0490902910E+02
    1.8125000000E-01   -5.9375000000E-03    5.0000000000E-01    3.0490846550E+02
    1.8541666667E-01   -5.9375000000E-03    5.0000000000E-01    3.0490787707E+02
    1.8958333333E-01   -5.9375000000E-03    5.0000000000E-01    3.0490726307E+02
    1.9375000000E-01   -5.9375000000E-03    5.0000000000E-01    3.0490662273E+02
    1.9791666667E-01   -5.9375000000E-03    5.0000000000E-01    3.0490595528E+02
    2.0208333333E-01   -5.9375000000E-03    5.0000000000E-01    3.0490525992E+02
    2.0625000000E-01   -5.9375000000E-03    5.0000000000E-01    3.0490453587E+02
    2.1041666667E-01   -5.9375000000E-03    5.0000000000E-01    3.0490378231E+02
    2.1458333333E-01   -5.9375000000E-03    5.0000000000E-01    3.0490299844E+02
    2.1875000000E-01   -5.9375000000E-03    5.0000000000E-01    3.0490218342E+02
    2.2291666667E-01   -5.9375000000E-03    5.0000000000E-01    3.0490133644E+02
    2.2708333333E-01   -5.9375000000E-03    5.0000000000E-01    3.0490045665E+02
    2.3125000000E-01   -5.9375000000E-03    5.0000000000E-01    3.0489954322E+02
    2.3541666667E-01   -5.9375000000E-03    5.0000000000E-01    3.0489859529E+02
    2.3958333333E-01   -5.9375000000E-03    5.0000000000E-01    3.0489761201E+02
    2.4375000000E-01   -5.9375000000E-03    5.0000000000E-01    3.0489659250E+02
    2.4791666667E-01   -5.9375000000E-03    5.0000000000E-01    3.0489553591E+02
    2.5208333333E-01   -5.9375000000E-03    5.0000000000E-01    3.0489444134E+02
    2.5625000000E-01   -5.9375000000E-03    5.0000000000E-01    3.0489330790E+02
    2.6041666667E-01   -5.9375000000E-03    5.0000000000E-01    3.0489213470E+02
    2.6458333333E-01   -5.9375000000E-03    5.0000000000E-01    3.0489092082E+02
    2.6875000000E-01   -5.9375000000E-03    5.0000000000E-01    3.0488966534E+02
    2.7291666667E-01   -5.9375000000E-03    5.0000000000E-01    3.0488836732E+02
    2.7708333333E-01   -5.9375000000E-03    5.0000000000E-01    3.0488702581E+02
    2.8125000000E-01   -5.9375000000E-03    5.0000000000E-01    3.0488563984E+02
    2.8541666667E-01   -5.9375000000E-03    5.0000000000E-01    3.0488420843E+02
    2.8958333333E-01   -5.9375000000E-03    5.0000000000E-01    3.0488273056E+02
    2.9375000000E-01   -5.9375000000E-03    5.0000000000E-01    3.0488120520E+02
    2.9791666667E-01   -5.9375000000E-03    5.0000000000E-01    3.0487963131E+02
    3.0208333333E-01   -5.9375000000E-03    5.0000000000E-01    3.0487800778E+02
    3.0625000000E-01   -5.9375000000E-03    5.0000000000E-01    3.0487633350E+02
    3.1041666667E-01   -5.9375000000E-03    5.0000000000E-01    3.0487460731E+02
    3.1458333333E-01   -5.9375000000E-03    5.0000000000E-01    3.0487282801E+02
    3.1875000000E-01   -5.9375000000E-03    5.0000000000E-01    3.0487099436E+02
    3.2291666667E-01   -5.9375000000E-03    5.0000000000E-01    3.0486910506E+02
    3.2708333333E-01   -5.9375000000E-03    5.0000000000E-01    3.0486715874E+02
    3.3125000000E-01   -5.9375000000E-03    5.0000000000E-01    3.0486515400E+02
    3.3541666667E-01   -5.9375000000E-03    5.0000000000E-01    3.0486308932E+02
    3.3958333333E-01   -5.9375000000E-03    5.0000000000E-01    3.0486096315E+02
    3.4375000000E-01   -5.9375000000E-03    5.0000000000E-01    3.0485877379E+02
    3.4791666667E-01   -5.9375000000E-03    5.0000000000E-01    3.0485651949E+02
    3.5208333333E-01   -5.9375000000E-03    5.0000000000E-01    3.0485419836E+02
    3.5625000000E-01   -5.9375000000E-03    5.0000000000E-01    3.0485180839E+02
    3.6041666667E-01   -5.9375000000E-03    5.0000000000E-01    3.0484934742E+02
    3.6458333333E-01   -5.9375000000E-03    5.0000000000E-01    3.0484681314E+02
    3.6875000000E-01   -5.9375000000E-03    5.0000000000E-01    3.0484420304E+02
    3.7291666667E-01   -5.9375000000E-03    5.0000000000E-01    3.0484151445E+02
    3.7708333333E-01   -5.9375000000E-03    5.0000000000E-01    3.0483874443E+02
    3.8125000000E-01   -5.9375000000E-03    5.0000000000E-01    3.0483588981E+02
    3.8541666667E-01   -5.9375000000E-03    5.0000000000E-01    3.0483294713E+02
    3.8958333333E-01   -5.9375000000E-03    5.0000000000E-01    3.0482991260E+02
    3.9375000000E-01   -5.9375000000E-03    5.0000000000E-01    3.0482678208E+02
    3.9791666667E-01   -5.9375000000E-03    5.0000000000E-01    3.0482355098E+02
    4.0208333333E-01   -5.9375000000E-03    5.0000000000E-01    3.0482021427E+02
    4.0625000000E-01   -5.9375000000E-03    5.0000000000E-01    3.0481676635E+02
    4.1041666667E-01   -5.9375000000E-03    5.0000000000E-01    3.0481320100E+02
    4.1458333333E-01   -5.9375000000E-03    5.0000000000E-01    3.0480951128E+02
    4.1875000000E-01   -5.9375000000E-03    5.0000000000E-01    3.0480568941E+02
    4.2291666667E-01   -5.9375000000E-03    5.0000000000E-01    3.0480172665E+02
    4.2708333333E-01   -5.9375000000E-03    5.0000000000E-01    3.0479761311E+02
    4.3125000000E-01   -5.9375000000E-03    5.0000000000E-01    3.0479333764E+02
    4.3541666667E-01   -5.9375000000E-03    5.0000000000E-01    3.0478888771E+02
    4.3958333333E-01   -5.9375000000E-03    5.0000000000E-01    3.0478424962E+02
    4.4375000000E-01   -5.9375000000E-03    5.0000000000E-01    3.0477941077E+02
    4.4791666667E-01   -5.9375000000E-03    5.0000000000E-01    3.0477436494E+02
    4.5208333333E-01   -5.9375000000E-03    5.0000000000E-01    3.0476909637E+02
    4.5625000000E-01   -5.9375000000E-03    5.0000000000E-01    3.0476360223E+02
    4.6041666667E-01   -5.9375000000E-03    5.0000000000E-01    3.0475794600E+02
    4.6458333333E-01   -5.9375000000E-03    5.0000000000E-01    3.0475238592E+02
    4.6875000000E-01   -5.9375000000E-03    5.0000000000E-01    3.0474775195E+02
    4.7291666667E-01   -5.9375000000E-03    5.0000000000E-01    3.0474659269E+02
    4.7708333333E-01   -5.9375000000E-03    5.0000000000E-01    3.0475627080E+02
    4.8125000000E-01   -5.9375000000E-03    5.0000000000E-01    3.0479902771E+02
    4.8541666667E-01   -5.9375000000E-03    5.0000000000E-01    3.0493266169E+02
    4.8958333333E-01   -5.9375000000E-03    5.0000000000E-01    3.0533265612E+02
    4.9375000000E-01   -5.9375000000E-03    5.0000000000E-01    3.0617744876E+02
    4.9791666667E-01   -5.9375000000E-03    5.0000000000E-01    3.0782717969E+02
    2.0833333333E-03   -5.3125000000E-03    5.0000000000E-01    3.0466398964E+02
    6.2500000000E-03   -5.3125000000E-03    5.0000000000E-01    3.0470055227E+02
    1.0416666667E-02   -5.3125000000E-03    5.0000000000E-01    3.0475320659E+02
    1.4583333333E-02   -5.3125000000E-03    5.0000000000E-01    3.0481098108E+02
    1.8750000000E-02   -5.3125000000E-03    5.0000000000E-01    3.0486910471E+02
    2.2916666667E-02   -5.3125000000E-03    5.0000000000E-01    3.0492540174E+02
    2.7083333333E-02   -5.3125000000E-03    5.0000000000E-01    3.0497920114E+02
    3.1250000000E-02   -5.3125000000E-03    5.0000000000E-01    3.0503068971E+02
    3.5416666667E-02   -5.3125000000E-03    5.0000000000E-01    3.0508028644E+02
    3.9583333333E-02   -5.3125000000E-03    5.0000000000E-01    3.0512824533E+02
    4.3750000000E-02   -5.3125000000E-03    5.0000000000E-01    3.0517455043E+02
    4.7916666667E-02   -5.3125000000E-03    5.0000000000E-01    3.0521901046E+02
    5.2083333333E-02   -5.3125000000E-03    5.0000000000E-01    3.0526133614E+02
    5.6250000000E-02   -5.3125000000E-03    5.0000000000E-01    3.0530107149E+02
    6.0416666667E-02   -5.3125000000E-03    5.0000000000E-01    3.0533750511E+02
    6.4583333333E-02   -5.3125000000E-03    5.0000000000E-01    3.0536975416E+02
    6.8750000000E-02   -5.3125000000E-03    5.0000000000E-01    3.0539704643E+02
    7.2916666667E-02   -5.3125000000E-03    5.0000000000E-01    3.0541902420E+02
    7.7083333333E-02   -5.3125000000E-03    5.0000000000E-01    3.0543586483E+02
    8.1250000000E-02   -5.3125000000E-03    5.0000000000E-01    3.0544817899E+02
    8.5416666667E-02   -5.3125000000E-03    5.0000000000E-01    3.0545679849E+02
    8.9583333333E-02   -5.3125000000E-03    5.0000000000E-01    3.0546257945E+02
    9.3750000000E-02   -5.3125000000E-03    5.0000000000E-01    3.0546628152E+02
    9.7916666667E-02   -5.3125000000E-03    5.0000000000E-01    3.0546852128E+02
    1.0208333333E-01   -5.3125000000E-03    5.0000000000E-01    3.0546977197E+02
    1.0625000000E-01   -5.3125000000E-03    5.0000000000E-01    3.0547038221E+02
    1.1041666667E-01   -5.3125000000E-03    5.0000000000E-01    3.0547059746E+02
    1.1458333333E-01   -5.3125000000E-03    5.0000000000E-01    3.0547058038E+02
    1.1875000000E-01   -5.3125000000E-03    5.0000000000E-01    3.0547043094E+02
    1.2291666667E-01   -5.3125000000E-03    5.0000000000E-01    3.0547020562E+02
    1.2708333333E-01   -5.3125000000E-03    5.0000000000E-01    3.0546993378E+02
    1.3125000000E-01   -5.3125000000E-03    5.0000000000E-01    3.0546962945E+02
    1.3541666667E-01   -5.3125000000E-03    5.0000000000E-01    3.0546929884E+02
    1.3958333333E-01   -5.3125000000E-03    5.0000000000E-01    3.0546894459E+02
    1.4375000000E-01   -5.3125000000E-03    5.0000000000E-01    3.0546856779E+02
    1.4791666667E-01   -5.3125000000E-03    5.0000000000E-01    3.0546816889E+02
    1.5208333333E-01   -5.3125000000E-03    5.0000000000E-01    3.0546774804E+02
    1.5625000000E-01   -5.3125000000E-03    5.0000000000E-01    3.0546730519E+02
    1.6041666667E-01   -5.3125000000E-03    5.0000000000E-01    3.0546684013E+02
    1.6458333333E-01   -5.3125000000E-03    5.0000000000E-01    3.0546635246E+02
    1.6875000000E-01   -5.3125000000E-03    5.0000000000E-01    3.0546584171E+02
    1.7291666667E-01   -5.3125000000E-03    5.0000000000E-01    3.0546530726E+02
    1.7708333333E-01   -5.3125000000E-03    5.0000000000E-01    3.0546474846E+02
    1.8125000000E-01   -5.3125000000E-03    5.0000000000E-01    3.0546416457E+02
    1.8541666667E-01   -5.3125000000E-03    5.0000000000E-01    3.0546355485E+02
    1.8958333333E-01   -5.3125000000E-03    5.0000000000E-01    3.0546291850E+02
    1.9375000000E-01   -5.3125000000E-03    5.0000000000E-01    3.0546225473E+02
    1.9791666667E-01   -5.3125000000E-03    5.0000000000E-01    3.0546156271E+02
    2.0208333333E-01   -5.3125000000E-03    5.0000000000E-01    3.0546084162E+02
    2.0625000000E-01   -5.3125000000E-03    5.0000000000E-01    3.0546009061E+02
    2.1041666667E-01   -5.3125000000E-03    5.0000000000E-01    3.0545930883E+02
    2.1458333333E-01   -5.3125000000E-03    5.0000000000E-01    3.0545849541E+02
    2.1875000000E-01   -5.3125000000E-03    5.0000000000E-01    3.0545764948E+02
    2.2291666667E-01   -5.3125000000E-03    5.0000000000E-01    3.0545677016E+02
    2.2708333333E-01   -5.3125000000E-03    5.0000000000E-01    3.0545585656E+02
    2.3125000000E-01   -5.3125000000E-03    5.0000000000E-01    3.0545490778E+02
    2.3541666667E-01   -5.3125000000E-03    5.0000000000E-01    3.0545392291E+02
    2.3958333333E-01   -5.3125000000E-03    5.0000000000E-01    3.0545290104E+02
    2.4375000000E-01   -5.3125000000E-03    5.0000000000E-01    3.0545184124E+02
    2.4791666667E-01   -5.3125000000E-03    5.0000000000E-01    3.0545074257E+02
    2.5208333333E-01   -5.3125000000E-03    5.0000000000E-01    3.0544960407E+02
    2.5625000000E-01   -5.3125000000E-03    5.0000000000E-01    3.0544842480E+02
    2.6041666667E-01   -5.3125000000E-03    5.0000000000E-01    3.0544720378E+02
    2.6458333333E-01   -5.3125000000E-03    5.0000000000E-01    3.0544594001E+02
    2.6875000000E-01   -5.3125000000E-03    5.0000000000E-01    3.0544463251E+02
    2.7291666667E-01   -5.3125000000E-03    5.0000000000E-01    3.0544328026E+02
    2.7708333333E-01   -5.3125000000E-03    5.0000000000E-01    3.0544188220E+02
    2.8125000000E-01   -5.3125000000E-03    5.0000000000E-01    3.0544043731E+02
    2.8541666667E-01   -5.3125000000E-03    5.0000000000E-01    3.0543894448E+02
    2.8958333333E-01   -5.3125000000E-03    5.0000000000E-01    3.0543740262E+02
    2.9375000000E-01   -5.3125000000E-03    5.0000000000E-01    3.0543581061E+02
    2.9791666667E-01   -5.3125000000E-03    5.0000000000E-01    3.0543416727E+02
    3.0208333333E-01   -5.3125000000E-03    5.0000000000E-01    3.0543247142E+02
    3.0625000000E-01   -5.3125000000E-03    5.0000000000E-01    3.0543072181E+02
    3.1041666667E-01   -5.3125000000E-03    5.0000000000E-01    3.0542891718E+02
    3.1458333333E-01   -5.3125000000E-03    5.0000000000E-01    3.0542705619E+02
    3.1875000000E-01   -5.3125000000E-03    5.0000000000E-01    3.0542513748E+02
    3.2291666667E-01   -5.3125000000E-03    5.0000000000E-01    3.0542315960E+02
    3.2708333333E-01   -5.3125000000E-03    5.0000000000E-01    3.0542112105E+02
    3.3125000000E-01   -5.3125000000E-03    5.0000000000E-01    3.0541902026E+02
    3.3541666667E-01   -5.3125000000E-03    5.0000000000E-01    3.0541685556E+02
    3.3958333333E-01   -5.3125000000E-03    5.0000000000E-01    3.0541462520E+02
    3.4375000000E-01   -5.3125000000E-03    5.0000000000E-01    3.0541232734E+02
    3.4791666667E-01   -5.3125000000E-03    5.0000000000E-01    3.0540996001E+02
    3.5208333333E-01   -5.3125000000E-03    5.0000000000E-01    3.0540752111E+02
    3.5625000000E-01   -5.3125000000E-03    5.0000000000E-01    3.0540500841E+02
    3.6041666667E-01   -5.3125000000E-03    5.0000000000E-01    3.0540241952E+02
    3.6458333333E-01   -5.3125000000E-03    5.0000000000E-01    3.0539975186E+02
    3.6875000000E-01   -5.3125000000E-03    5.0000000000E-01    3.0539700267E+02
    3.7291666667E-01   -5.3125000000E-03    5.0000000000E-01    3.0539416895E+02
    3.7708333333E-01   -5.3125000000E-03    5.0000000000E-01    3.0539124747E+02
    3.8125000000E-01   -5.3125000000E-03    5.0000000000E-01    3.0538823470E+02
    3.8541666667E-01   -5.3125000000E-03    5.0000000000E-01    3.0538512681E+02
    3.8958333333E-01   -5.3125000000E-03    5.0000000000E-01    3.0538191961E+02
    3.9375000000E-01   -5.3125000000E-03    5.0000000000E-01    3.0537860848E+02
    3.9791666667E-01   -5.3125000000E-03    5.0000000000E-01    3.0537518836E+02
    4.0208333333E-01   -5.3125000000E-03    5.0000000000E-01    3.0537165368E+02
    4.0625000000E-01   -5.3125000000E-03    5.0000000000E-01    3.0536799823E+02
    4.1041666667E-01   -5.3125000000E-03    5.0000000000E-01    3.0536421513E+02
    4.1458333333E-01   -5.3125000000E-03    5.0000000000E-01    3.0536029670E+02
    4.1875000000E-01   -5.3125000000E-03    5.0000000000E-01    3.0535623434E+02
    4.2291666667E-01   -5.3125000000E-03    5.0000000000E-01    3.0535201836E+02
    4.2708333333E-01   -5.3125000000E-03    5.0000000000E-01    3.0534763783E+02
    4.3125000000E-01   -5.3125000000E-03    5.0000000000E-01    3.0534308041E+02
    4.3541666667E-01   -5.3125000000E-03    5.0000000000E-01    3.0533833218E+02
    4.3958333333E-01   -5.3125000000E-03    5.0000000000E-01    3.0533337790E+02
    4.4375000000E-01   -5.3125000000E-03    5.0000000000E-01    3.0532820365E+02
    4.4791666667E-01   -5.3125000000E-03    5.0000000000E-01    3.0532280441E+02
    4.5208333333E-01   -5.3125000000E-03    5.0000000000E-01    3.0531716062E+02
    4.5625000000E-01   -5.3125000000E-03    5.0000000000E-01    3.0531126455E+02
    4.6041666667E-01   -5.3125000000E-03    5.0000000000E-01    3.0530517846E+02
    4.6458333333E-01   -5.3125000000E-03    5.0000000000E-01    3.0529916569E+02
    4.6875000000E-01   -5.3125000000E-03    5.0000000000E-01    3.0529407865E+02
    4.7291666667E-01   -5.3125000000E-03    5.0000000000E-01    3.0529253579E+02
    4.7708333333E-01   -5.3125000000E-03    5.0000000000E-01    3.0530206690E+02
    4.8125000000E-01   -5.3125000000E-03    5.0000000000E-01    3.0534526558E+02
    4.8541666667E-01   -5.3125000000E-03    5.0000000000E-01    3.0547941564E+02
    4.8958333333E-01   -5.3125000000E-03    5.0000000000E-01    3.0587197740E+02
    4.9375000000E-01   -5.3125000000E-03    5.0000000000E-01    3.0668292890E+02
    4.9791666667E-01   -5.3125000000E-03    5.0000000000E-01    3.0819889366E+02
    2.0833333333E-03   -4.6875000000E-03    5.0000000000E-01    3.0516814163E+02
    6.2500000000E-03   -4.6875000000E-03    5.0000000000E-01    3.0521050289E+02
    1.0416666667E-02   -4.6875000000E-03    5.0000000000E-01    3.0527007192E+02
    1.4583333333E-02   -4.6875000000E-03    5.0000000000E-01    3.0533472240E+02
    1.8750000000E-02   -4.6875000000E-03    5.0000000000E-01    3.0539945695E+02
    2.2916666667E-02   -4.6875000000E-03    5.0000000000E-01    3.0546199153E+02
    2.7083333333E-02   -4.6875000000E-03    5.0000000000E-01    3.0552165962E+02
    3.1250000000E-02   -4.6875000000E-03    5.0000000000E-01    3.0557873519E+02
    3.5416666667E-02   -4.6875000000E-03    5.0000000000E-01    3.0563372564E+02
    3.9583333333E-02   -4.6875000000E-03    5.0000000000E-01    3.0568692588E+02
    4.3750000000E-02   -4.6875000000E-03    5.0000000000E-01    3.0573831131E+02
    4.7916666667E-02   -4.6875000000E-03    5.0000000000E-01    3.0578766308E+02
    5.2083333333E-02   -4.6875000000E-03    5.0000000000E-01    3.0583466541E+02
    5.6250000000E-02   -4.6875000000E-03    5.0000000000E-01    3.0587881829E+02
    6.0416666667E-02   -4.6875000000E-03    5.0000000000E-01    3.0591932179E+02
    6.4583333333E-02   -4.6875000000E-03    5.0000000000E-01    3.0595516772E+02
    6.8750000000E-02   -4.6875000000E-03    5.0000000000E-01    3.0598546965E+02
    7.2916666667E-02   -4.6875000000E-03    5.0000000000E-01    3.0600981956E+02
    7.7083333333E-02   -4.6875000000E-03    5.0000000000E-01    3.0602842555E+02
    8.1250000000E-02   -4.6875000000E-03    5.0000000000E-01    3.0604198819E+02
    8.5416666667E-02   -4.6875000000E-03    5.0000000000E-01    3.0605145212E+02
    8.9583333333E-02   -4.6875000000E-03    5.0000000000E-01    3.0605778110E+02
    9.3750000000E-02   -4.6875000000E-03    5.0000000000E-01    3.0606182358E+02
    9.7916666667E-02   -4.6875000000E-03    5.0000000000E-01    3.0606426386E+02
    1.0208333333E-01   -4.6875000000E-03    5.0000000000E-01    3.0606562480E+02
    1.0625000000E-01   -4.6875000000E-03    5.0000000000E-01    3.0606629034E+02
    1.1041666667E-01   -4.6875000000E-03    5.0000000000E-01    3.0606653005E+02
    1.1458333333E-01   -4.6875000000E-03    5.0000000000E-01    3.0606652170E+02
    1.1875000000E-01   -4.6875000000E-03    5.0000000000E-01    3.0606637368E+02
    1.2291666667E-01   -4.6875000000E-03    5.0000000000E-01    3.0606614658E+02
    1.2708333333E-01   -4.6875000000E-03    5.0000000000E-01    3.0606587144E+02
    1.3125000000E-01   -4.6875000000E-03    5.0000000000E-01    3.0606556284E+02
    1.3541666667E-01   -4.6875000000E-03    5.0000000000E-01    3.0606522718E+02
    1.3958333333E-01   -4.6875000000E-03    5.0000000000E-01    3.0606486709E+02
    1.4375000000E-01   -4.6875000000E-03    5.0000000000E-01    3.0606448371E+02
    1.4791666667E-01   -4.6875000000E-03    5.0000000000E-01    3.0606407753E+02
    1.5208333333E-01   -4.6875000000E-03    5.0000000000E-01    3.0606364876E+02
    1.5625000000E-01   -4.6875000000E-03    5.0000000000E-01    3.0606319738E+02
    1.6041666667E-01   -4.6875000000E-03    5.0000000000E-01    3.0606272318E+02
    1.6458333333E-01   -4.6875000000E-03    5.0000000000E-01    3.0606222582E+02
    1.6875000000E-01   -4.6875000000E-03    5.0000000000E-01    3.0606170478E+02
    1.7291666667E-01   -4.6875000000E-03    5.0000000000E-01    3.0606115944E+02
    1.7708333333E-01   -4.6875000000E-03    5.0000000000E-01    3.0606058914E+02
    1.8125000000E-01   -4.6875000000E-03    5.0000000000E-01    3.0605999310E+02
    1.8541666667E-01   -4.6875000000E-03    5.0000000000E-01    3.0605937056E+02
    1.8958333333E-01   -4.6875000000E-03    5.0000000000E-01    3.0605872068E+02
    1.9375000000E-01   -4.6875000000E-03    5.0000000000E-01    3.0605804265E+02
    1.9791666667E-01   -4.6875000000E-03    5.0000000000E-01    3.0605733559E+02
    2.0208333333E-01   -4.6875000000E-03    5.0000000000E-01    3.0605659865E+02
    2.0625000000E-01   -4.6875000000E-03    5.0000000000E-01    3.0605583095E+02
    2.1041666667E-01   -4.6875000000E-03    5.0000000000E-01    3.0605503158E+02
    2.1458333333E-01   -4.6875000000E-03    5.0000000000E-01    3.0605419964E+02
    2.1875000000E-01   -4.6875000000E-03    5.0000000000E-01    3.0605333422E+02
    2.2291666667E-01   -4.6875000000E-03    5.0000000000E-01    3.0605243439E+02
    2.2708333333E-01   -4.6875000000E-03    5.0000000000E-01    3.0605149922E+02
    2.3125000000E-01   -4.6875000000E-03    5.0000000000E-01    3.0605052775E+02
    2.3541666667E-01   -4.6875000000E-03    5.0000000000E-01    3.0604951902E+02
    2.3958333333E-01   -4.6875000000E-03    5.0000000000E-01    3.0604847207E+02
    2.4375000000E-01   -4.6875000000E-03    5.0000000000E-01    3.0604738591E+02
    2.4791666667E-01   -4.6875000000E-03    5.0000000000E-01    3.0604625954E+02
    2.5208333333E-01   -4.6875000000E-03    5.0000000000E-01    3.0604509195E+02
    2.5625000000E-01   -4.6875000000E-03    5.0000000000E-01    3.0604388212E+02
    2.6041666667E-01   -4.6875000000E-03    5.0000000000E-01    3.0604262902E+02
    2.6458333333E-01   -4.6875000000E-03    5.0000000000E-01    3.0604133157E+02
    2.6875000000E-01   -4.6875000000E-03    5.0000000000E-01    3.0603998872E+02
    2.7291666667E-01   -4.6875000000E-03    5.0000000000E-01    3.0603859936E+02
    2.7708333333E-01   -4.6875000000E-03    5.0000000000E-01    3.0603716238E+02
    2.8125000000E-01   -4.6875000000E-03    5.0000000000E-01    3.0603567665E+02
    2.8541666667E-01   -4.6875000000E-03    5.0000000000E-01    3.0603414099E+02
    2.8958333333E-01   -4.6875000000E-03    5.0000000000E-01    3.0603255421E+02
    2.9375000000E-01   -4.6875000000E-03    5.0000000000E-01    3.0603091509E+02
    2.9791666667E-01   -4.6875000000E-03    5.0000000000E-01    3.0602922237E+02
    3.0208333333E-01   -4.6875000000E-03    5.0000000000E-01    3.0602747474E+02
    3.0625000000E-01   -4.6875000000E-03    5.0000000000E-01    3.0602567087E+02
    3.1041666667E-01   -4.6875000000E-03    5.0000000000E-01    3.0602380935E+02
    3.1458333333E-01   -4.6875000000E-03    5.0000000000E-01    3.0602188875E+02
    3.1875000000E-01   -4.6875000000E-03    5.0000000000E-01    3.0601990756E+02
    3.2291666667E-01   -4.6875000000E-03    5.0000000000E-01    3.0601786420E+02
    3.2708333333E-01   -4.6875000000E-03    5.0000000000E-01    3.0601575704E+02
    3.3125000000E-01   -4.6875000000E-03    5.0000000000E-01    3.0601358434E+02
    3.3541666667E-01   -4.6875000000E-03    5.0000000000E-01    3.0601134429E+02
    3.3958333333E-01   -4.6875000000E-03    5.0000000000E-01    3.0600903496E+02
    3.4375000000E-01   -4.6875000000E-03    5.0000000000E-01    3.0600665433E+02
    3.4791666667E-01   -4.6875000000E-03    5.0000000000E-01    3.0600420024E+02
    3.5208333333E-01   -4.6875000000E-03    5.0000000000E-01    3.0600167040E+02
    3.5625000000E-01   -4.6875000000E-03    5.0000000000E-01    3.0599906234E+02
    3.6041666667E-01   -4.6875000000E-03    5.0000000000E-01    3.0599637345E+02
    3.6458333333E-01   -4.6875000000E-03    5.0000000000E-01    3.0599360092E+02
    3.6875000000E-01   -4.6875000000E-03    5.0000000000E-01    3.0599074169E+02
    3.7291666667E-01   -4.6875000000E-03    5.0000000000E-01    3.0598779250E+02
    3.7708333333E-01   -4.6875000000E-03    5.0000000000E-01    3.0598474979E+02
    3.8125000000E-01   -4.6875000000E-03    5.0000000000E-01    3.0598160971E+02
    3.8541666667E-01   -4.6875000000E-03    5.0000000000E-01    3.0597836806E+02
    3.8958333333E-01   -4.6875000000E-03    5.0000000000E-01    3.0597502023E+02
    3.9375000000E-01   -4.6875000000E-03    5.0000000000E-01    3.0597156120E+02
    3.9791666667E-01   -4.6875000000E-03    5.0000000000E-01    3.0596798542E+02
    4.0208333333E-01   -4.6875000000E-03    5.0000000000E-01    3.0596428679E+02
    4.0625000000E-01   -4.6875000000E-03    5.0000000000E-01    3.0596045851E+02
    4.1041666667E-01   -4.6875000000E-03    5.0000000000E-01    3.0595649308E+02
    4.1458333333E-01   -4.6875000000E-03    5.0000000000E-01    3.0595238209E+02
    4.1875000000E-01   -4.6875000000E-03    5.0000000000E-01    3.0594811612E+02
    4.2291666667E-01   -4.6875000000E-03    5.0000000000E-01    3.0594368459E+02
    4.2708333333E-01   -4.6875000000E-03    5.0000000000E-01    3.0593907554E+02
    4.3125000000E-01   -4.6875000000E-03    5.0000000000E-01    3.0593427546E+02
    4.3541666667E-01   -4.6875000000E-03    5.0000000000E-01    3.0592926910E+02
    4.3958333333E-01   -4.6875000000E-03    5.0000000000E-01    3.0592403965E+02
    4.4375000000E-01   -4.6875000000E-03    5.0000000000E-01    3.0591857189E+02
    4.4791666667E-01   -4.6875000000E-03    5.0000000000E-01    3.0591286312E+02
    4.5208333333E-01   -4.6875000000E-03    5.0000000000E-01    3.0590688921E+02
    4.5625000000E-01   -4.6875000000E-03    5.0000000000E-01    3.0590063601E+02
    4.6041666667E-01   -4.6875000000E-03    5.0000000000E-01    3.0589416297E+02
    4.6458333333E-01   -4.6875000000E-03    5.0000000000E-01    3.0588773395E+02
    4.6875000000E-01   -4.6875000000E-03    5.0000000000E-01    3.0588221058E+02
    4.7291666667E-01   -4.6875000000E-03    5.0000000000E-01    3.0588023925E+02
    4.7708333333E-01   -4.6875000000E-03    5.0000000000E-01    3.0588939635E+02
    4.8125000000E-01   -4.6875000000E-03    5.0000000000E-01    3.0593224134E+02
    4.8541666667E-01   -4.6875000000E-03    5.0000000000E-01    3.0606454923E+02
    4.8958333333E-01   -4.6875000000E-03    5.0000000000E-01    3.0644266266E+02
    4.9375000000E-01   -4.6875000000E-03    5.0000000000E-01    3.0720812329E+02
    4.9791666667E-01   -4.6875000000E-03    5.0000000000E-01    3.0858420726E+02
    2.0833333333E-03   -4.0625000000E-03    5.0000000000E-01    3.0570300894E+02
    6.2500000000E-03   -4.0625000000E-03    5.0000000000E-01    3.0575207988E+02
    1.0416666667E-02   -4.0625000000E-03    5.0000000000E-01    3.0581926256E+02
    1.4583333333E-02   -4.0625000000E-03    5.0000000000E-01    3.0589133313E+02
    1.8750000000E-02   -4.0625000000E-03    5.0000000000E-01    3.0596314801E+02
    2.2916666667E-02   -4.0625000000E-03    5.0000000000E-01    3.0603233121E+02
    2.7083333333E-02   -4.0625000000E-03    5.0000000000E-01    3.0609823553E+02
    3.1250000000E-02   -4.0625000000E-03    5.0000000000E-01    3.0616124287E+02
    3.5416666667E-02   -4.0625000000E-03    5.0000000000E-01    3.0622196437E+02
    3.9583333333E-02   -4.0625000000E-03    5.0000000000E-01    3.0628074070E+02
    4.3750000000E-02   -4.0625000000E-03    5.0000000000E-01    3.0633753522E+02
    4.7916666667E-02   -4.0625000000E-03    5.0000000000E-01    3.0639209750E+02
    5.2083333333E-02   -4.0625000000E-03    5.0000000000E-01    3.0644408537E+02
    5.6250000000E-02   -4.0625000000E-03    5.0000000000E-01    3.0649295420E+02
    6.0416666667E-02   -4.0625000000E-03    5.0000000000E-01    3.0653780749E+02
    6.4583333333E-02   -4.0625000000E-03    5.0000000000E-01    3.0657749609E+02
    6.8750000000E-02   -4.0625000000E-03    5.0000000000E-01    3.0661100421E+02
    7.2916666667E-02   -4.0625000000E-03    5.0000000000E-01    3.0663786774E+02
    7.7083333333E-02   -4.0625000000E-03    5.0000000000E-01    3.0665833095E+02
    8.1250000000E-02   -4.0625000000E-03    5.0000000000E-01    3.0667319620E+02
    8.5416666667E-02   -4.0625000000E-03    5.0000000000E-01    3.0668353367E+02
    8.9583333333E-02   -4.0625000000E-03    5.0000000000E-01    3.0669042479E+02
    9.3750000000E-02   -4.0625000000E-03    5.0000000000E-01    3.0669481361E+02
    9.7916666667E-02   -4.0625000000E-03    5.0000000000E-01    3.0669745632E+02
    1.0208333333E-01   -4.0625000000E-03    5.0000000000E-01    3.0669892788E+02
    1.0625000000E-01   -4.0625000000E-03    5.0000000000E-01    3.0669964915E+02
    1.1041666667E-01   -4.0625000000E-03    5.0000000000E-01    3.0669991466E+02
    1.1458333333E-01   -4.0625000000E-03    5.0000000000E-01    3.0669991760E+02
    1.1875000000E-01   -4.0625000000E-03    5.0000000000E-01    3.0669977471E+02
    1.2291666667E-01   -4.0625000000E-03    5.0000000000E-01    3.0669955047E+02
    1.2708333333E-01   -4.0625000000E-03    5.0000000000E-01    3.0669927732E+02
    1.3125000000E-01   -4.0625000000E-03    5.0000000000E-01    3.0669897027E+02
    1.3541666667E-01   -4.0625000000E-03    5.0000000000E-01    3.0669863570E+02
    1.3958333333E-01   -4.0625000000E-03    5.0000000000E-01    3.0669827628E+02
    1.4375000000E-01   -4.0625000000E-03    5.0000000000E-01    3.0669789313E+02
    1.4791666667E-01   -4.0625000000E-03    5.0000000000E-01    3.0669748681E+02
    1.5208333333E-01   -4.0625000000E-03    5.0000000000E-01    3.0669705758E+02
    1.5625000000E-01   -4.0625000000E-03    5.0000000000E-01    3.0669660547E+02
    1.6041666667E-01   -4.0625000000E-03    5.0000000000E-01    3.0669613032E+02
    1.6458333333E-01   -4.0625000000E-03    5.0000000000E-01    3.0669563180E+02
    1.6875000000E-01   -4.0625000000E-03    5.0000000000E-01    3.0669510939E+02
    1.7291666667E-01   -4.0625000000E-03    5.0000000000E-01    3.0669456249E+02
    1.7708333333E-01   -4.0625000000E-03    5.0000000000E-01    3.0669399040E+02
    1.8125000000E-01   -4.0625000000E-03    5.0000000000E-01    3.0669339235E+02
    1.8541666667E-01   -4.0625000000E-03    5.0000000000E-01    3.0669276755E+02
    1.8958333333E-01   -4.0625000000E-03    5.0000000000E-01    3.0669211514E+02
    1.9375000000E-01   -4.0625000000E-03    5.0000000000E-01    3.0669143428E+02
    1.9791666667E-01   -4.0625000000E-03    5.0000000000E-01    3.0669072409E+02
    2.0208333333E-01   -4.0625000000E-03    5.0000000000E-01    3.0668998367E+02
    2.0625000000E-01   -4.0625000000E-03    5.0000000000E-01    3.0668921211E+02
    2.1041666667E-01   -4.0625000000E-03    5.0000000000E-01    3.0668840850E+02
    2.1458333333E-01   -4.0625000000E-03    5.0000000000E-01    3.0668757189E+02
    2.1875000000E-01   -4.0625000000E-03    5.0000000000E-01    3.0668670133E+02
    2.2291666667E-01   -4.0625000000E-03    5.0000000000E-01    3.0668579587E+02
    2.2708333333E-01   -4.0625000000E-03    5.0000000000E-01    3.0668485454E+02
    2.3125000000E-01   -4.0625000000E-03    5.0000000000E-01    3.0668387633E+02
    2.3541666667E-01   -4.0625000000E-03    5.0000000000E-01    3.0668286026E+02
    2.3958333333E-01   -4.0625000000E-03    5.0000000000E-01    3.0668180530E+02
    2.4375000000E-01   -4.0625000000E-03    5.0000000000E-01    3.0668071043E+02
    2.4791666667E-01   -4.0625000000E-03    5.0000000000E-01    3.0667957460E+02
    2.5208333333E-01   -4.0625000000E-03    5.0000000000E-01    3.0667839675E+02
    2.5625000000E-01   -4.0625000000E-03    5.0000000000E-01    3.0667717581E+02
    2.6041666667E-01   -4.0625000000E-03    5.0000000000E-01    3.0667591067E+02
    2.6458333333E-01   -4.0625000000E-03    5.0000000000E-01    3.0667460022E+02
    2.6875000000E-01   -4.0625000000E-03    5.0000000000E-01    3.0667324333E+02
    2.7291666667E-01   -4.0625000000E-03    5.0000000000E-01    3.0667183884E+02
    2.7708333333E-01   -4.0625000000E-03    5.0000000000E-01    3.0667038555E+02
    2.8125000000E-01   -4.0625000000E-03    5.0000000000E-01    3.0666888226E+02
    2.8541666667E-01   -4.0625000000E-03    5.0000000000E-01    3.0666732772E+02
    2.8958333333E-01   -4.0625000000E-03    5.0000000000E-01    3.0666572067E+02
    2.9375000000E-01   -4.0625000000E-03    5.0000000000E-01    3.0666405979E+02
    2.9791666667E-01   -4.0625000000E-03    5.0000000000E-01    3.0666234372E+02
    3.0208333333E-01   -4.0625000000E-03    5.0000000000E-01    3.0666057108E+02
    3.0625000000E-01   -4.0625000000E-03    5.0000000000E-01    3.0665874042E+02
    3.1041666667E-01   -4.0625000000E-03    5.0000000000E-01    3.0665685025E+02
    3.1458333333E-01   -4.0625000000E-03    5.0000000000E-01    3.0665489900E+02
    3.1875000000E-01   -4.0625000000E-03    5.0000000000E-01    3.0665288506E+02
    3.2291666667E-01   -4.0625000000E-03    5.0000000000E-01    3.0665080674E+02
    3.2708333333E-01   -4.0625000000E-03    5.0000000000E-01    3.0664866225E+02
    3.3125000000E-01   -4.0625000000E-03    5.0000000000E-01    3.0664644974E+02
    3.3541666667E-01   -4.0625000000E-03    5.0000000000E-01    3.0664416724E+02
    3.3958333333E-01   -4.0625000000E-03    5.0000000000E-01    3.0664181268E+02
    3.4375000000E-01   -4.0625000000E-03    5.0000000000E-01    3.0663938387E+02
    3.4791666667E-01   -4.0625000000E-03    5.0000000000E-01    3.0663687847E+02
    3.5208333333E-01   -4.0625000000E-03    5.0000000000E-01    3.0663429401E+02
    3.5625000000E-01   -4.0625000000E-03    5.0000000000E-01    3.0663162784E+02
    3.6041666667E-01   -4.0625000000E-03    5.0000000000E-01    3.0662887713E+02
    3.6458333333E-01   -4.0625000000E-03    5.0000000000E-01    3.0662603883E+02
    3.6875000000E-01   -4.0625000000E-03    5.0000000000E-01    3.0662310966E+02
    3.7291666667E-01   -4.0625000000E-03    5.0000000000E-01    3.0662008609E+02
    3.7708333333E-01   -4.0625000000E-03    5.0000000000E-01    3.0661696430E+02
    3.8125000000E-01   -4.0625000000E-03    5.0000000000E-01    3.0661374011E+02
    3.8541666667E-01   -4.0625000000E-03    5.0000000000E-01    3.0661040900E+02
    3.8958333333E-01   -4.0625000000E-03    5.0000000000E-01    3.0660696601E+02
    3.9375000000E-01   -4.0625000000E-03    5.0000000000E-01    3.0660340573E+02
    3.9791666667E-01   -4.0625000000E-03    5.0000000000E-01    3.0659972218E+02
    4.0208333333E-01   -4.0625000000E-03    5.0000000000E-01    3.0659590877E+02
    4.0625000000E-01   -4.0625000000E-03    5.0000000000E-01    3.0659195821E+02
    4.1041666667E-01   -4.0625000000E-03    5.0000000000E-01    3.0658786240E+02
    4.1458333333E-01   -4.0625000000E-03    5.0000000000E-01    3.0658361227E+02
    4.1875000000E-01   -4.0625000000E-03    5.0000000000E-01    3.0657919771E+02
    4.2291666667E-01   -4.0625000000E-03    5.0000000000E-01    3.0657460729E+02
    4.2708333333E-01   -4.0625000000E-03    5.0000000000E-01    3.0656982814E+02
    4.3125000000E-01   -4.0625000000E-03    5.0000000000E-01    3.0656484568E+02
    4.3541666667E-01   -4.0625000000E-03    5.0000000000E-01    3.0655964343E+02
    4.3958333333E-01   -4.0625000000E-03    5.0000000000E-01    3.0655420315E+02
    4.4375000000E-01   -4.0625000000E-03    5.0000000000E-01    3.0654850829E+02
    4.4791666667E-01   -4.0625000000E-03    5.0000000000E-01    3.0654256031E+02
    4.5208333333E-01   -4.0625000000E-03    5.0000000000E-01    3.0653632940E+02
    4.5625000000E-01   -4.0625000000E-03    5.0000000000E-01    3.0652979322E+02
    4.6041666667E-01   -4.0625000000E-03    5.0000000000E-01    3.0652300666E+02
    4.6458333333E-01   -4.0625000000E-03    5.0000000000E-01    3.0651622850E+02
    4.6875000000E-01   -4.0625000000E-03    5.0000000000E-01    3.0651031317E+02
    4.7291666667E-01   -4.0625000000E-03    5.0000000000E-01    3.0650788257E+02
    4.7708333333E-01   -4.0625000000E-03    5.0000000000E-01    3.0651641236E+02
    4.8125000000E-01   -4.0625000000E-03    5.0000000000E-01    3.0655797465E+02
    4.8541666667E-01   -4.0625000000E-03    5.0000000000E-01    3.0668578847E+02
    4.8958333333E-01   -4.0625000000E-03    5.0000000000E-01    3.0704231139E+02
    4.9375000000E-01   -4.0625000000E-03    5.0000000000E-01    3.0775115283E+02
    4.9791666667E-01   -4.0625000000E-03    5.0000000000E-01    3.0898192597E+02
    2.0833333333E-03   -3.4375000000E-03    5.0000000000E-01    3.0626569455E+02
    6.2500000000E-03   -3.4375000000E-03    5.0000000000E-01    3.0632251791E+02
    1.0416666667E-02   -3.4375000000E-03    5.0000000000E-01    3.0639801849E+02
    1.4583333333E-02   -3.4375000000E-03    5.0000000000E-01    3.0647802809E+02
    1.8750000000E-02   -3.4375000000E-03    5.0000000000E-01    3.0655736385E+02
    2.2916666667E-02   -3.4375000000E-03    5.0000000000E-01    3.0663357516E+02
    2.7083333333E-02   -3.4375000000E-03    5.0000000000E-01    3.0670605024E+02
    3.1250000000E-02   -3.4375000000E-03    5.0000000000E-01    3.0677530238E+02
    3.5416666667E-02   -3.4375000000E-03    5.0000000000E-01    3.0684206315E+02
    3.9583333333E-02   -3.4375000000E-03    5.0000000000E-01    3.0690672375E+02
    4.3750000000E-02   -3.4375000000E-03    5.0000000000E-01    3.0696923105E+02
    4.7916666667E-02   -3.4375000000E-03    5.0000000000E-01    3.0702929855E+02
    5.2083333333E-02   -3.4375000000E-03    5.0000000000E-01    3.0708655850E+02
    5.6250000000E-02   -3.4375000000E-03    5.0000000000E-01    3.0714042219E+02
    6.0416666667E-02   -3.4375000000E-03    5.0000000000E-01    3.0718988850E+02
    6.4583333333E-02   -3.4375000000E-03    5.0000000000E-01    3.0723365052E+02
    6.8750000000E-02   -3.4375000000E-03    5.0000000000E-01    3.0727054667E+02
    7.2916666667E-02   -3.4375000000E-03    5.0000000000E-01    3.0730005070E+02
    7.7083333333E-02   -3.4375000000E-03    5.0000000000E-01    3.0732244929E+02
    8.1250000000E-02   -3.4375000000E-03    5.0000000000E-01    3.0733865950E+02
    8.5416666667E-02   -3.4375000000E-03    5.0000000000E-01    3.0734989031E+02
    8.9583333333E-02   -3.4375000000E-03    5.0000000000E-01    3.0735735090E+02
    9.3750000000E-02   -3.4375000000E-03    5.0000000000E-01    3.0736208734E+02
    9.7916666667E-02   -3.4375000000E-03    5.0000000000E-01    3.0736493142E+02
    1.0208333333E-01   -3.4375000000E-03    5.0000000000E-01    3.0736651227E+02
    1.0625000000E-01   -3.4375000000E-03    5.0000000000E-01    3.0736728888E+02
    1.1041666667E-01   -3.4375000000E-03    5.0000000000E-01    3.0736758139E+02
    1.1458333333E-01   -3.4375000000E-03    5.0000000000E-01    3.0736759853E+02
    1.1875000000E-01   -3.4375000000E-03    5.0000000000E-01    3.0736746518E+02
    1.2291666667E-01   -3.4375000000E-03    5.0000000000E-01    3.0736724928E+02
    1.2708333333E-01   -3.4375000000E-03    5.0000000000E-01    3.0736698443E+02
    1.3125000000E-01   -3.4375000000E-03    5.0000000000E-01    3.0736668577E+02
    1.3541666667E-01   -3.4375000000E-03    5.0000000000E-01    3.0736635963E+02
    1.3958333333E-01   -3.4375000000E-03    5.0000000000E-01    3.0736600858E+02
    1.4375000000E-01   -3.4375000000E-03    5.0000000000E-01    3.0736563376E+02
    1.4791666667E-01   -3.4375000000E-03    5.0000000000E-01    3.0736523579E+02
    1.5208333333E-01   -3.4375000000E-03    5.0000000000E-01    3.0736481500E+02
    1.5625000000E-01   -3.4375000000E-03    5.0000000000E-01    3.0736437148E+02
    1.6041666667E-01   -3.4375000000E-03    5.0000000000E-01    3.0736390514E+02
    1.6458333333E-01   -3.4375000000E-03    5.0000000000E-01    3.0736341565E+02
    1.6875000000E-01   -3.4375000000E-03    5.0000000000E-01    3.0736290255E+02
    1.7291666667E-01   -3.4375000000E-03    5.0000000000E-01    3.0736236523E+02
    1.7708333333E-01   -3.4375000000E-03    5.0000000000E-01    3.0736180299E+02
    1.8125000000E-01   -3.4375000000E-03    5.0000000000E-01    3.0736121507E+02
    1.8541666667E-01   -3.4375000000E-03    5.0000000000E-01    3.0736060065E+02
    1.8958333333E-01   -3.4375000000E-03    5.0000000000E-01    3.0735995891E+02
    1.9375000000E-01   -3.4375000000E-03    5.0000000000E-01    3.0735928897E+02
    1.9791666667E-01   -3.4375000000E-03    5.0000000000E-01    3.0735858993E+02
    2.0208333333E-01   -3.4375000000E-03    5.0000000000E-01    3.0735786091E+02
    2.0625000000E-01   -3.4375000000E-03    5.0000000000E-01    3.0735710097E+02
    2.1041666667E-01   -3.4375000000E-03    5.0000000000E-01    3.0735630919E+02
    2.1458333333E-01   -3.4375000000E-03    5.0000000000E-01    3.0735548460E+02
    2.1875000000E-01   -3.4375000000E-03    5.0000000000E-01    3.0735462624E+02
    2.2291666667E-01   -3.4375000000E-03    5.0000000000E-01    3.0735373313E+02
    2.2708333333E-01   -3.4375000000E-03    5.0000000000E-01    3.0735280427E+02
    2.3125000000E-01   -3.4375000000E-03    5.0000000000E-01    3.0735183866E+02
    2.3541666667E-01   -3.4375000000E-03    5.0000000000E-01    3.0735083526E+02
    2.3958333333E-01   -3.4375000000E-03    5.0000000000E-01    3.0734979303E+02
    2.4375000000E-01   -3.4375000000E-03    5.0000000000E-01    3.0734871091E+02
    2.4791666667E-01   -3.4375000000E-03    5.0000000000E-01    3.0734758783E+02
    2.5208333333E-01   -3.4375000000E-03    5.0000000000E-01    3.0734642268E+02
    2.5625000000E-01   -3.4375000000E-03    5.0000000000E-01    3.0734521435E+02
    2.6041666667E-01   -3.4375000000E-03    5.0000000000E-01    3.0734396170E+02
    2.6458333333E-01   -3.4375000000E-03    5.0000000000E-01    3.0734266357E+02
    2.6875000000E-01   -3.4375000000E-03    5.0000000000E-01    3.0734131878E+02
    2.7291666667E-01   -3.4375000000E-03    5.0000000000E-01    3.0733992612E+02
    2.7708333333E-01   -3.4375000000E-03    5.0000000000E-01    3.0733848436E+02
    2.8125000000E-01   -3.4375000000E-03    5.0000000000E-01    3.0733699221E+02
    2.8541666667E-01   -3.4375000000E-03    5.0000000000E-01    3.0733544838E+02
    2.8958333333E-01   -3.4375000000E-03    5.0000000000E-01    3.0733385154E+02
    2.9375000000E-01   -3.4375000000E-03    5.0000000000E-01    3.0733220030E+02
    2.9791666667E-01   -3.4375000000E-03    5.0000000000E-01    3.0733049324E+02
    3.0208333333E-01   -3.4375000000E-03    5.0000000000E-01    3.0732872889E+02
    3.0625000000E-01   -3.4375000000E-03    5.0000000000E-01    3.0732690574E+02
    3.1041666667E-01   -3.4375000000E-03    5.0000000000E-01    3.0732502219E+02
    3.1458333333E-01   -3.4375000000E-03    5.0000000000E-01    3.0732307661E+02
    3.1875000000E-01   -3.4375000000E-03    5.0000000000E-01    3.0732106728E+02
    3.2291666667E-01   -3.4375000000E-03    5.0000000000E-01    3.0731899240E+02
    3.2708333333E-01   -3.4375000000E-03    5.0000000000E-01    3.0731685011E+02
    3.3125000000E-01   -3.4375000000E-03    5.0000000000E-01    3.0731463842E+02
    3.3541666667E-01   -3.4375000000E-03    5.0000000000E-01    3.0731235526E+02
    3.3958333333E-01   -3.4375000000E-03    5.0000000000E-01    3.0730999842E+02
    3.4375000000E-01   -3.4375000000E-03    5.0000000000E-01    3.0730756560E+02
    3.4791666667E-01   -3.4375000000E-03    5.0000000000E-01    3.0730505431E+02
    3.5208333333E-01   -3.4375000000E-03    5.0000000000E-01    3.0730246193E+02
    3.5625000000E-01   -3.4375000000E-03    5.0000000000E-01    3.0729978566E+02
    3.6041666667E-01   -3.4375000000E-03    5.0000000000E-01    3.0729702250E+02
    3.6458333333E-01   -3.4375000000E-03    5.0000000000E-01    3.0729416922E+02
    3.6875000000E-01   -3.4375000000E-03    5.0000000000E-01    3.0729122236E+02
    3.7291666667E-01   -3.4375000000E-03    5.0000000000E-01    3.0728817817E+02
    3.7708333333E-01   -3.4375000000E-03    5.0000000000E-01    3.0728503262E+02
    3.8125000000E-01   -3.4375000000E-03    5.0000000000E-01    3.0728178128E+02
    3.8541666667E-01   -3.4375000000E-03    5.0000000000E-01    3.0727841939E+02
    3.8958333333E-01   -3.4375000000E-03    5.0000000000E-01    3.0727494169E+02
    3.9375000000E-01   -3.4375000000E-03    5.0000000000E-01    3.0727134247E+02
    3.9791666667E-01   -3.4375000000E-03    5.0000000000E-01    3.0726761541E+02
    4.0208333333E-01   -3.4375000000E-03    5.0000000000E-01    3.0726375356E+02
    4.0625000000E-01   -3.4375000000E-03    5.0000000000E-01    3.0725974921E+02
    4.1041666667E-01   -3.4375000000E-03    5.0000000000E-01    3.0725559379E+02
    4.1458333333E-01   -3.4375000000E-03    5.0000000000E-01    3.0725127774E+02
    4.1875000000E-01   -3.4375000000E-03    5.0000000000E-01    3.0724679035E+02
    4.2291666667E-01   -3.4375000000E-03    5.0000000000E-01    3.0724211957E+02
    4.2708333333E-01   -3.4375000000E-03    5.0000000000E-01    3.0723725176E+02
    4.3125000000E-01   -3.4375000000E-03    5.0000000000E-01    3.0723217149E+02
    4.3541666667E-01   -3.4375000000E-03    5.0000000000E-01    3.0722686131E+02
    4.3958333333E-01   -3.4375000000E-03    5.0000000000E-01    3.0722130170E+02
    4.4375000000E-01   -3.4375000000E-03    5.0000000000E-01    3.0721547491E+02
    4.4791666667E-01   -3.4375000000E-03    5.0000000000E-01    3.0720938904E+02
    4.5208333333E-01   -3.4375000000E-03    5.0000000000E-01    3.0720300737E+02
    4.5625000000E-01   -3.4375000000E-03    5.0000000000E-01    3.0719629723E+02
    4.6041666667E-01   -3.4375000000E-03    5.0000000000E-01    3.0718930721E+02
    4.6458333333E-01   -3.4375000000E-03    5.0000000000E-01    3.0718228485E+02
    4.6875000000E-01   -3.4375000000E-03    5.0000000000E-01    3.0717605867E+02
    4.7291666667E-01   -3.4375000000E-03    5.0000000000E-01    3.0717316593E+02
    4.7708333333E-01   -3.4375000000E-03    5.0000000000E-01    3.0718081527E+02
    4.8125000000E-01   -3.4375000000E-03    5.0000000000E-01    3.0722009774E+02
    4.8541666667E-01   -3.4375000000E-03    5.0000000000E-01    3.0734064717E+02
    4.8958333333E-01   -3.4375000000E-03    5.0000000000E-01    3.0766877388E+02
    4.9375000000E-01   -3.4375000000E-03    5.0000000000E-01    3.0831102884E+02
    4.9791666667E-01   -3.4375000000E-03    5.0000000000E-01    3.0939225025E+02
    2.0833333333E-03   -2.8125000000E-03    5.0000000000E-01    3.0685242608E+02
    6.2500000000E-03   -2.8125000000E-03    5.0000000000E-01    3.0691819534E+02
    1.0416666667E-02   -2.8125000000E-03    5.0000000000E-01    3.0700270545E+02
    1.4583333333E-02   -2.8125000000E-03    5.0000000000E-01    3.0709113232E+02
    1.8750000000E-02   -2.8125000000E-03    5.0000000000E-01    3.0717838838E+02
    2.2916666667E-02   -2.8125000000E-03    5.0000000000E-01    3.0726196444E+02
    2.7083333333E-02   -2.8125000000E-03    5.0000000000E-01    3.0734130135E+02
    3.1250000000E-02   -2.8125000000E-03    5.0000000000E-01    3.0741706986E+02
    3.5416666667E-02   -2.8125000000E-03    5.0000000000E-01    3.0749013984E+02
    3.9583333333E-02   -2.8125000000E-03    5.0000000000E-01    3.0756095760E+02
    4.3750000000E-02   -2.8125000000E-03    5.0000000000E-01    3.0762944787E+02
    4.7916666667E-02   -2.8125000000E-03    5.0000000000E-01    3.0769528291E+02
    5.2083333333E-02   -2.8125000000E-03    5.0000000000E-01    3.0775807120E+02
    5.6250000000E-02   -2.8125000000E-03    5.0000000000E-01    3.0781718179E+02
    6.0416666667E-02   -2.8125000000E-03    5.0000000000E-01    3.0787150107E+02
    6.4583333333E-02   -2.8125000000E-03    5.0000000000E-01    3.0791954645E+02
    6.8750000000E-02   -2.8125000000E-03    5.0000000000E-01    3.0795999282E+02
    7.2916666667E-02   -2.8125000000E-03    5.0000000000E-01    3.0799224559E+02
    7.7083333333E-02   -2.8125000000E-03    5.0000000000E-01    3.0801664092E+02
    8.1250000000E-02   -2.8125000000E-03    5.0000000000E-01    3.0803422454E+02
    8.5416666667E-02   -2.8125000000E-03    5.0000000000E-01    3.0804635789E+02
    8.9583333333E-02   -2.8125000000E-03    5.0000000000E-01    3.0805438780E+02
    9.3750000000E-02   -2.8125000000E-03    5.0000000000E-01    3.0805946821E+02
    9.7916666667E-02   -2.8125000000E-03    5.0000000000E-01    3.0806250960E+02
    1.0208333333E-01   -2.8125000000E-03    5.0000000000E-01    3.0806419685E+02
    1.0625000000E-01   -2.8125000000E-03    5.0000000000E-01    3.0806502788E+02
    1.1041666667E-01   -2.8125000000E-03    5.0000000000E-01    3.0806534879E+02
    1.1458333333E-01   -2.8125000000E-03    5.0000000000E-01    3.0806538375E+02
    1.1875000000E-01   -2.8125000000E-03    5.0000000000E-01    3.0806526535E+02
    1.2291666667E-01   -2.8125000000E-03    5.0000000000E-01    3.0806506455E+02
    1.2708333333E-01   -2.8125000000E-03    5.0000000000E-01    3.0806481568E+02
    1.3125000000E-01   -2.8125000000E-03    5.0000000000E-01    3.0806453378E+02
    1.3541666667E-01   -2.8125000000E-03    5.0000000000E-01    3.0806422495E+02
    1.3958333333E-01   -2.8125000000E-03    5.0000000000E-01    3.0806389167E+02
    1.4375000000E-01   -2.8125000000E-03    5.0000000000E-01    3.0806353505E+02
    1.4791666667E-01   -2.8125000000E-03    5.0000000000E-01    3.0806315578E+02
    1.5208333333E-01   -2.8125000000E-03    5.0000000000E-01    3.0806275427E+02
    1.5625000000E-01   -2.8125000000E-03    5.0000000000E-01    3.0806233072E+02
    1.6041666667E-01   -2.8125000000E-03    5.0000000000E-01    3.0806188508E+02
    1.6458333333E-01   -2.8125000000E-03    5.0000000000E-01    3.0806141711E+02
    1.6875000000E-01   -2.8125000000E-03    5.0000000000E-01    3.0806092635E+02
    1.7291666667E-01   -2.8125000000E-03    5.0000000000E-01    3.0806041224E+02
    1.7708333333E-01   -2.8125000000E-03    5.0000000000E-01    3.0805987409E+02
    1.8125000000E-01   -2.8125000000E-03    5.0000000000E-01    3.0805931116E+02
    1.8541666667E-01   -2.8125000000E-03    5.0000000000E-01    3.0805872266E+02
    1.8958333333E-01   -2.8125000000E-03    5.0000000000E-01    3.0805810776E+02
    1.9375000000E-01   -2.8125000000E-03    5.0000000000E-01    3.0805746559E+02
    1.9791666667E-01   -2.8125000000E-03    5.0000000000E-01    3.0805679529E+02
    2.0208333333E-01   -2.8125000000E-03    5.0000000000E-01    3.0805609595E+02
    2.0625000000E-01   -2.8125000000E-03    5.0000000000E-01    3.0805536666E+02
    2.1041666667E-01   -2.8125000000E-03    5.0000000000E-01    3.0805460650E+02
    2.1458333333E-01   -2.8125000000E-03    5.0000000000E-01    3.0805381450E+02
    2.1875000000E-01   -2.8125000000E-03    5.0000000000E-01    3.0805298972E+02
    2.2291666667E-01   -2.8125000000E-03    5.0000000000E-01    3.0805213116E+02
    2.2708333333E-01   -2.8125000000E-03    5.0000000000E-01    3.0805123783E+02
    2.3125000000E-01   -2.8125000000E-03    5.0000000000E-01    3.0805030872E+02
    2.3541666667E-01   -2.8125000000E-03    5.0000000000E-01    3.0804934280E+02
    2.3958333333E-01   -2.8125000000E-03    5.0000000000E-01    3.0804833900E+02
    2.4375000000E-01   -2.8125000000E-03    5.0000000000E-01    3.0804729627E+02
    2.4791666667E-01   -2.8125000000E-03    5.0000000000E-01    3.0804621351E+02
    2.5208333333E-01   -2.8125000000E-03    5.0000000000E-01    3.0804508961E+02
    2.5625000000E-01   -2.8125000000E-03    5.0000000000E-01    3.0804392345E+02
    2.6041666667E-01   -2.8125000000E-03    5.0000000000E-01    3.0804271386E+02
    2.6458333333E-01   -2.8125000000E-03    5.0000000000E-01    3.0804145967E+02
    2.6875000000E-01   -2.8125000000E-03    5.0000000000E-01    3.0804015966E+02
    2.7291666667E-01   -2.8125000000E-03    5.0000000000E-01    3.0803881260E+02
    2.7708333333E-01   -2.8125000000E-03    5.0000000000E-01    3.0803741724E+02
    2.8125000000E-01   -2.8125000000E-03    5.0000000000E-01    3.0803597225E+02
    2.8541666667E-01   -2.8125000000E-03    5.0000000000E-01    3.0803447632E+02
    2.8958333333E-01   -2.8125000000E-03    5.0000000000E-01    3.0803292807E+02
    2.9375000000E-01   -2.8125000000E-03    5.0000000000E-01    3.0803132607E+02
    2.9791666667E-01   -2.8125000000E-03    5.0000000000E-01    3.0802966887E+02
    3.0208333333E-01   -2.8125000000E-03    5.0000000000E-01    3.0802795494E+02
    3.0625000000E-01   -2.8125000000E-03    5.0000000000E-01    3.0802618273E+02
    3.1041666667E-01   -2.8125000000E-03    5.0000000000E-01    3.0802435059E+02
    3.1458333333E-01   -2.8125000000E-03    5.0000000000E-01    3.0802245683E+02
    3.1875000000E-01   -2.8125000000E-03    5.0000000000E-01    3.0802049968E+02
    3.2291666667E-01   -2.8125000000E-03    5.0000000000E-01    3.0801847727E+02
    3.2708333333E-01   -2.8125000000E-03    5.0000000000E-01    3.0801638768E+02
    3.3125000000E-01   -2.8125000000E-03    5.0000000000E-01    3.0801422885E+02
    3.3541666667E-01   -2.8125000000E-03    5.0000000000E-01    3.0801199864E+02
    3.3958333333E-01   -2.8125000000E-03    5.0000000000E-01    3.0800969477E+02
    3.4375000000E-01   -2.8125000000E-03    5.0000000000E-01    3.0800731484E+02
    3.4791666667E-01   -2.8125000000E-03    5.0000000000E-01    3.0800485630E+02
    3.5208333333E-01   -2.8125000000E-03    5.0000000000E-01    3.0800231642E+02
    3.5625000000E-01   -2.8125000000E-03    5.0000000000E-01    3.0799969232E+02
    3.6041666667E-01   -2.8125000000E-03    5.0000000000E-01    3.0799698089E+02
    3.6458333333E-01   -2.8125000000E-03    5.0000000000E-01    3.0799417881E+02
    3.6875000000E-01   -2.8125000000E-03    5.0000000000E-01    3.0799128248E+02
    3.7291666667E-01   -2.8125000000E-03    5.0000000000E-01    3.0798828806E+02
    3.7708333333E-01   -2.8125000000E-03    5.0000000000E-01    3.0798519136E+02
    3.8125000000E-01   -2.8125000000E-03    5.0000000000E-01    3.0798198785E+02
    3.8541666667E-01   -2.8125000000E-03    5.0000000000E-01    3.0797867257E+02
    3.8958333333E-01   -2.8125000000E-03    5.0000000000E-01    3.0797524015E+02
    3.9375000000E-01   -2.8125000000E-03    5.0000000000E-01    3.0797168466E+02
    3.9791666667E-01   -2.8125000000E-03    5.0000000000E-01    3.0796799960E+02
    4.0208333333E-01   -2.8125000000E-03    5.0000000000E-01    3.0796417781E+02
    4.0625000000E-01   -2.8125000000E-03    5.0000000000E-01    3.0796021134E+02
    4.1041666667E-01   -2.8125000000E-03    5.0000000000E-01    3.0795609135E+02
    4.1458333333E-01   -2.8125000000E-03    5.0000000000E-01    3.0795180799E+02
    4.1875000000E-01   -2.8125000000E-03    5.0000000000E-01    3.0794735019E+02
    4.2291666667E-01   -2.8125000000E-03    5.0000000000E-01    3.0794270551E+02
    4.2708333333E-01   -2.8125000000E-03    5.0000000000E-01    3.0793785989E+02
    4.3125000000E-01   -2.8125000000E-03    5.0000000000E-01    3.0793279736E+02
    4.3541666667E-01   -2.8125000000E-03    5.0000000000E-01    3.0792749984E+02
    4.3958333333E-01   -2.8125000000E-03    5.0000000000E-01    3.0792194695E+02
    4.4375000000E-01   -2.8125000000E-03    5.0000000000E-01    3.0791611974E+02
    4.4791666667E-01   -2.8125000000E-03    5.0000000000E-01    3.0791003648E+02
    4.5208333333E-01   -2.8125000000E-03    5.0000000000E-01    3.0790365205E+02
    4.5625000000E-01   -2.8125000000E-03    5.0000000000E-01    3.0789692096E+02
    4.6041666667E-01   -2.8125000000E-03    5.0000000000E-01    3.0788988410E+02
    4.6458333333E-01   -2.8125000000E-03    5.0000000000E-01    3.0788277141E+02
    4.6875000000E-01   -2.8125000000E-03    5.0000000000E-01    3.0787636619E+02
    4.7291666667E-01   -2.8125000000E-03    5.0000000000E-01    3.0787305711E+02
    4.7708333333E-01   -2.8125000000E-03    5.0000000000E-01    3.0787961182E+02
    4.8125000000E-01   -2.8125000000E-03    5.0000000000E-01    3.0791563977E+02
    4.8541666667E-01   -2.8125000000E-03    5.0000000000E-01    3.0802625081E+02
    4.8958333333E-01   -2.8125000000E-03    5.0000000000E-01    3.0832003687E+02
    4.9375000000E-01   -2.8125000000E-03    5.0000000000E-01    3.0888751296E+02
    4.9791666667E-01   -2.8125000000E-03    5.0000000000E-01    3.0981672078E+02
    2.0833333333E-03   -2.1875000000E-03    5.0000000000E-01    3.0745935384E+02
    6.2500000000E-03   -2.1875000000E-03    5.0000000000E-01    3.0753544828E+02
    1.0416666667E-02   -2.1875000000E-03    5.0000000000E-01    3.0762963616E+02
    1.4583333333E-02   -2.1875000000E-03    5.0000000000E-01    3.0772691208E+02
    1.8750000000E-02   -2.1875000000E-03    5.0000000000E-01    3.0782244466E+02
    2.2916666667E-02   -2.1875000000E-03    5.0000000000E-01    3.0791367769E+02
    2.7083333333E-02   -2.1875000000E-03    5.0000000000E-01    3.0800012250E+02
    3.1250000000E-02   -2.1875000000E-03    5.0000000000E-01    3.0808263616E+02
    3.5416666667E-02   -2.1875000000E-03    5.0000000000E-01    3.0816224607E+02
    3.9583333333E-02   -2.1875000000E-03    5.0000000000E-01    3.0823945772E+02
    4.3750000000E-02   -2.1875000000E-03    5.0000000000E-01    3.0831416667E+02
    4.7916666667E-02   -2.1875000000E-03    5.0000000000E-01    3.0838599801E+02
    5.2083333333E-02   -2.1875000000E-03    5.0000000000E-01    3.0845453935E+02
    5.6250000000E-02   -2.1875000000E-03    5.0000000000E-01    3.0851912089E+02
    6.0416666667E-02   -2.1875000000E-03    5.0000000000E-01    3.0857850890E+02
    6.4583333333E-02   -2.1875000000E-03    5.0000000000E-01    3.0863102586E+02
    6.8750000000E-02   -2.1875000000E-03    5.0000000000E-01    3.0867516389E+02
    7.2916666667E-02   -2.1875000000E-03    5.0000000000E-01    3.0871025369E+02
    7.7083333333E-02   -2.1875000000E-03    5.0000000000E-01    3.0873668909E+02
    8.1250000000E-02   -2.1875000000E-03    5.0000000000E-01    3.0875565950E+02
    8.5416666667E-02   -2.1875000000E-03    5.0000000000E-01    3.0876869292E+02
    8.9583333333E-02   -2.1875000000E-03    5.0000000000E-01    3.0877728348E+02
    9.3750000000E-02   -2.1875000000E-03    5.0000000000E-01    3.0878269828E+02
    9.7916666667E-02   -2.1875000000E-03    5.0000000000E-01    3.0878592888E+02
    1.0208333333E-01   -2.1875000000E-03    5.0000000000E-01    3.0878771689E+02
    1.0625000000E-01   -2.1875000000E-03    5.0000000000E-01    3.0878859965E+02
    1.1041666667E-01   -2.1875000000E-03    5.0000000000E-01    3.0878894923E+02
    1.1458333333E-01   -2.1875000000E-03    5.0000000000E-01    3.0878900491E+02
    1.1875000000E-01   -2.1875000000E-03    5.0000000000E-01    3.0878890640E+02
    1.2291666667E-01   -2.1875000000E-03    5.0000000000E-01    3.0878872709E+02
    1.2708333333E-01   -2.1875000000E-03    5.0000000000E-01    3.0878850155E+02
    1.3125000000E-01   -2.1875000000E-03    5.0000000000E-01    3.0878824446E+02
    1.3541666667E-01   -2.1875000000E-03    5.0000000000E-01    3.0878796155E+02
    1.3958333333E-01   -2.1875000000E-03    5.0000000000E-01    3.0878765509E+02
    1.4375000000E-01   -2.1875000000E-03    5.0000000000E-01    3.0878732620E+02
    1.4791666667E-01   -2.1875000000E-03    5.0000000000E-01    3.0878697563E+02
    1.5208333333E-01   -2.1875000000E-03    5.0000000000E-01    3.0878660392E+02
    1.5625000000E-01   -2.1875000000E-03    5.0000000000E-01    3.0878621136E+02
    1.6041666667E-01   -2.1875000000E-03    5.0000000000E-01    3.0878579799E+02
    1.6458333333E-01   -2.1875000000E-03    5.0000000000E-01    3.0878536363E+02
    1.6875000000E-01   -2.1875000000E-03    5.0000000000E-01    3.0878490790E+02
    1.7291666667E-01   -2.1875000000E-03    5.0000000000E-01    3.0878443026E+02
    1.7708333333E-01   -2.1875000000E-03    5.0000000000E-01    3.0878393009E+02
    1.8125000000E-01   -2.1875000000E-03    5.0000000000E-01    3.0878340666E+02
    1.8541666667E-01   -2.1875000000E-03    5.0000000000E-01    3.0878285921E+02
    1.8958333333E-01   -2.1875000000E-03    5.0000000000E-01    3.0878228696E+02
    1.9375000000E-01   -2.1875000000E-03    5.0000000000E-01    3.0878168908E+02
    1.9791666667E-01   -2.1875000000E-03    5.0000000000E-01    3.0878106471E+02
    2.0208333333E-01   -2.1875000000E-03    5.0000000000E-01    3.0878041300E+02
    2.0625000000E-01   -2.1875000000E-03    5.0000000000E-01    3.0877973305E+02
    2.1041666667E-01   -2.1875000000E-03    5.0000000000E-01    3.0877902398E+02
    2.1458333333E-01   -2.1875000000E-03    5.0000000000E-01    3.0877828484E+02
    2.1875000000E-01   -2.1875000000E-03    5.0000000000E-01    3.0877751472E+02
    2.2291666667E-01   -2.1875000000E-03    5.0000000000E-01    3.0877671264E+02
    2.2708333333E-01   -2.1875000000E-03    5.0000000000E-01    3.0877587764E+02
    2.3125000000E-01   -2.1875000000E-03    5.0000000000E-01    3.0877500872E+02
    2.3541666667E-01   -2.1875000000E-03    5.0000000000E-01    3.0877410488E+02
    2.3958333333E-01   -2.1875000000E-03    5.0000000000E-01    3.0877316507E+02
    2.4375000000E-01   -2.1875000000E-03    5.0000000000E-01    3.0877218824E+02
    2.4791666667E-01   -2.1875000000E-03    5.0000000000E-01    3.0877117333E+02
    2.5208333333E-01   -2.1875000000E-03    5.0000000000E-01    3.0877011923E+02
    2.5625000000E-01   -2.1875000000E-03    5.0000000000E-01    3.0876902483E+02
    2.6041666667E-01   -2.1875000000E-03    5.0000000000E-01    3.0876788898E+02
    2.6458333333E-01   -2.1875000000E-03    5.0000000000E-01    3.0876671051E+02
    2.6875000000E-01   -2.1875000000E-03    5.0000000000E-01    3.0876548821E+02
    2.7291666667E-01   -2.1875000000E-03    5.0000000000E-01    3.0876422087E+02
    2.7708333333E-01   -2.1875000000E-03    5.0000000000E-01    3.0876290721E+02
    2.8125000000E-01   -2.1875000000E-03    5.0000000000E-01    3.0876154594E+02
    2.8541666667E-01   -2.1875000000E-03    5.0000000000E-01    3.0876013572E+02
    2.8958333333E-01   -2.1875000000E-03    5.0000000000E-01    3.0875867519E+02
    2.9375000000E-01   -2.1875000000E-03    5.0000000000E-01    3.0875716292E+02
    2.9791666667E-01   -2.1875000000E-03    5.0000000000E-01    3.0875559745E+02
    3.0208333333E-01   -2.1875000000E-03    5.0000000000E-01    3.0875397725E+02
    3.0625000000E-01   -2.1875000000E-03    5.0000000000E-01    3.0875230075E+02
    3.1041666667E-01   -2.1875000000E-03    5.0000000000E-01    3.0875056632E+02
    3.1458333333E-01   -2.1875000000E-03    5.0000000000E-01    3.0874877225E+02
    3.1875000000E-01   -2.1875000000E-03    5.0000000000E-01    3.0874691675E+02
    3.2291666667E-01   -2.1875000000E-03    5.0000000000E-01    3.0874499798E+02
    3.2708333333E-01   -2.1875000000E-03    5.0000000000E-01    3.0874301396E+02
    3.3125000000E-01   -2.1875000000E-03    5.0000000000E-01    3.0874096267E+02
    3.3541666667E-01   -2.1875000000E-03    5.0000000000E-01    3.0873884193E+02
    3.3958333333E-01   -2.1875000000E-03    5.0000000000E-01    3.0873664948E+02
    3.4375000000E-01   -2.1875000000E-03    5.0000000000E-01    3.0873438289E+02
    3.4791666667E-01   -2.1875000000E-03    5.0000000000E-01    3.0873203960E+02
    3.5208333333E-01   -2.1875000000E-03    5.0000000000E-01    3.0872961691E+02
    3.5625000000E-01   -2.1875000000E-03    5.0000000000E-01    3.0872711190E+02
    3.6041666667E-01   -2.1875000000E-03    5.0000000000E-01    3.0872452147E+02
    3.6458333333E-01   -2.1875000000E-03    5.0000000000E-01    3.0872184229E+02
    3.6875000000E-01   -2.1875000000E-03    5.0000000000E-01    3.0871907079E+02
    3.7291666667E-01   -2.1875000000E-03    5.0000000000E-01    3.0871620309E+02
    3.7708333333E-01   -2.1875000000E-03    5.0000000000E-01    3.0871323504E+02
    3.8125000000E-01   -2.1875000000E-03    5.0000000000E-01    3.0871016208E+02
    3.8541666667E-01   -2.1875000000E-03    5.0000000000E-01    3.0870697929E+02
    3.8958333333E-01   -2.1875000000E-03    5.0000000000E-01    3.0870368129E+02
    3.9375000000E-01   -2.1875000000E-03    5.0000000000E-01    3.0870026217E+02
    3.9791666667E-01   -2.1875000000E-03    5.0000000000E-01    3.0869671544E+02
    4.0208333333E-01   -2.1875000000E-03    5.0000000000E-01    3.0869303395E+02
    4.0625000000E-01   -2.1875000000E-03    5.0000000000E-01    3.0868920974E+02
    4.1041666667E-01   -2.1875000000E-03    5.0000000000E-01    3.0868523402E+02
    4.1458333333E-01   -2.1875000000E-03    5.0000000000E-01    3.0868109690E+02
    4.1875000000E-01   -2.1875000000E-03    5.0000000000E-01    3.0867678736E+02
    4.2291666667E-01   -2.1875000000E-03    5.0000000000E-01    3.0867229291E+02
    4.2708333333E-01   -2.1875000000E-03    5.0000000000E-01    3.0866759949E+02
    4.3125000000E-01   -2.1875000000E-03    5.0000000000E-01    3.0866269107E+02
    4.3541666667E-01   -2.1875000000E-03    5.0000000000E-01    3.0865754949E+02
    4.3958333333E-01   -2.1875000000E-03    5.0000000000E-01    3.0865215409E+02
    4.4375000000E-01   -2.1875000000E-03    5.0000000000E-01    3.0864648461E+02
    4.4791666667E-01   -2.1875000000E-03    5.0000000000E-01    3.0864057444E+02
    4.5208333333E-01   -2.1875000000E-03    5.0000000000E-01    3.0863436817E+02
    4.5625000000E-01   -2.1875000000E-03    5.0000000000E-01    3.0862780459E+02
    4.6041666667E-01   -2.1875000000E-03    5.0000000000E-01    3.0862091619E+02
    4.6458333333E-01   -2.1875000000E-03    5.0000000000E-01    3.0861390963E+02
    4.6875000000E-01   -2.1875000000E-03    5.0000000000E-01    3.0860750507E+02
    4.7291666667E-01   -2.1875000000E-03    5.0000000000E-01    3.0860388084E+02
    4.7708333333E-01   -2.1875000000E-03    5.0000000000E-01    3.0860919721E+02
    4.8125000000E-01   -2.1875000000E-03    5.0000000000E-01    3.0864111901E+02
    4.8541666667E-01   -2.1875000000E-03    5.0000000000E-01    3.0873946568E+02
    4.8958333333E-01   -2.1875000000E-03    5.0000000000E-01    3.0899419666E+02
    4.9375000000E-01   -2.1875000000E-03    5.0000000000E-01    3.0948104623E+02
    4.9791666667E-01   -2.1875000000E-03    5.0000000000E-01    3.1025830663E+02
    2.0833333333E-03   -1.5625000000E-03    5.0000000000E-01    3.0807876596E+02
    6.2500000000E-03   -1.5625000000E-03    5.0000000000E-01    3.0816672701E+02
    1.0416666667E-02   -1.5625000000E-03    5.0000000000E-01    3.0827116329E+02
    1.4583333333E-02   -1.5625000000E-03    5.0000000000E-01    3.0837761320E+02
    1.8750000000E-02   -1.5625000000E-03    5.0000000000E-01    3.0848168260E+02
    2.2916666667E-02   -1.5625000000E-03    5.0000000000E-01    3.0858077215E+02
    2.7083333333E-02   -1.5625000000E-03    5.0000000000E-01    3.0867448135E+02
    3.1250000000E-02   -1.5625000000E-03    5.0000000000E-01    3.0876388445E+02
    3.5416666667E-02   -1.5625000000E-03    5.0000000000E-01    3.0885018578E+02
    3.9583333333E-02   -1.5625000000E-03    5.0000000000E-01    3.0893395334E+02
    4.3750000000E-02   -1.5625000000E-03    5.0000000000E-01    3.0901504491E+02
    4.7916666667E-02   -1.5625000000E-03    5.0000000000E-01    3.0909303187E+02
    5.2083333333E-02   -1.5625000000E-03    5.0000000000E-01    3.0916748528E+02
    5.6250000000E-02   -1.5625000000E-03    5.0000000000E-01    3.0923770199E+02
    6.0416666667E-02   -1.5625000000E-03    5.0000000000E-01    3.0930232148E+02
    6.4583333333E-02   -1.5625000000E-03    5.0000000000E-01    3.0935945174E+02
    6.8750000000E-02   -1.5625000000E-03    5.0000000000E-01    3.0940738230E+02
    7.2916666667E-02   -1.5625000000E-03    5.0000000000E-01    3.0944536314E+02
    7.7083333333E-02   -1.5625000000E-03    5.0000000000E-01    3.0947385473E+02
    8.1250000000E-02   -1.5625000000E-03    5.0000000000E-01    3.0949420558E+02
    8.5416666667E-02   -1.5625000000E-03    5.0000000000E-01    3.0950812382E+02
    8.9583333333E-02   -1.5625000000E-03    5.0000000000E-01    3.0951725925E+02
    9.3750000000E-02   -1.5625000000E-03    5.0000000000E-01    3.0952299609E+02
    9.7916666667E-02   -1.5625000000E-03    5.0000000000E-01    3.0952640812E+02
    1.0208333333E-01   -1.5625000000E-03    5.0000000000E-01    3.0952829379E+02
    1.0625000000E-01   -1.5625000000E-03    5.0000000000E-01    3.0952922961E+02
    1.1041666667E-01   -1.5625000000E-03    5.0000000000E-01    3.0952961330E+02
    1.1458333333E-01   -1.5625000000E-03    5.0000000000E-01    3.0952969856E+02
    1.1875000000E-01   -1.5625000000E-03    5.0000000000E-01    3.0952963145E+02
    1.2291666667E-01   -1.5625000000E-03    5.0000000000E-01    3.0952948702E+02
    1.2708333333E-01   -1.5625000000E-03    5.0000000000E-01    3.0952929959E+02
    1.3125000000E-01   -1.5625000000E-03    5.0000000000E-01    3.0952908315E+02
    1.3541666667E-01   -1.5625000000E-03    5.0000000000E-01    3.0952884292E+02
    1.3958333333E-01   -1.5625000000E-03    5.0000000000E-01    3.0952858094E+02
    1.4375000000E-01   -1.5625000000E-03    5.0000000000E-01    3.0952829832E+02
    1.4791666667E-01   -1.5625000000E-03    5.0000000000E-01    3.0952799591E+02
    1.5208333333E-01   -1.5625000000E-03    5.0000000000E-01    3.0952767438E+02
    1.5625000000E-01   -1.5625000000E-03    5.0000000000E-01    3.0952733417E+02
    1.6041666667E-01   -1.5625000000E-03    5.0000000000E-01    3.0952697544E+02
    1.6458333333E-01   -1.5625000000E-03    5.0000000000E-01    3.0952659811E+02
    1.6875000000E-01   -1.5625000000E-03    5.0000000000E-01    3.0952620188E+02
    1.7291666667E-01   -1.5625000000E-03    5.0000000000E-01    3.0952578630E+02
    1.7708333333E-01   -1.5625000000E-03    5.0000000000E-01    3.0952535080E+02
    1.8125000000E-01   -1.5625000000E-03    5.0000000000E-01    3.0952489475E+02
    1.8541666667E-01   -1.5625000000E-03    5.0000000000E-01    3.0952441745E+02
    1.8958333333E-01   -1.5625000000E-03    5.0000000000E-01    3.0952391818E+02
    1.9375000000E-01   -1.5625000000E-03    5.0000000000E-01    3.0952339617E+02
    1.9791666667E-01   -1.5625000000E-03    5.0000000000E-01    3.0952285066E+02
    2.0208333333E-01   -1.5625000000E-03    5.0000000000E-01    3.0952228084E+02
    2.0625000000E-01   -1.5625000000E-03    5.0000000000E-01    3.0952168589E+02
    2.1041666667E-01   -1.5625000000E-03    5.0000000000E-01    3.0952106499E+02
    2.1458333333E-01   -1.5625000000E-03    5.0000000000E-01    3.0952041726E+02
    2.1875000000E-01   -1.5625000000E-03    5.0000000000E-01    3.0951974185E+02
    2.2291666667E-01   -1.5625000000E-03    5.0000000000E-01    3.0951903786E+02
    2.2708333333E-01   -1.5625000000E-03    5.0000000000E-01    3.0951830438E+02
    2.3125000000E-01   -1.5625000000E-03    5.0000000000E-01    3.0951754048E+02
    2.3541666667E-01   -1.5625000000E-03    5.0000000000E-01    3.0951674520E+02
    2.3958333333E-01   -1.5625000000E-03    5.0000000000E-01    3.0951591758E+02
    2.4375000000E-01   -1.5625000000E-03    5.0000000000E-01    3.0951505662E+02
    2.4791666667E-01   -1.5625000000E-03    5.0000000000E-01    3.0951416132E+02
    2.5208333333E-01   -1.5625000000E-03    5.0000000000E-01    3.0951323062E+02
    2.5625000000E-01   -1.5625000000E-03    5.0000000000E-01    3.0951226347E+02
    2.6041666667E-01   -1.5625000000E-03    5.0000000000E-01    3.0951125878E+02
    2.6458333333E-01   -1.5625000000E-03    5.0000000000E-01    3.0951021543E+02
    2.6875000000E-01   -1.5625000000E-03    5.0000000000E-01    3.0950913228E+02
    2.7291666667E-01   -1.5625000000E-03    5.0000000000E-01    3.0950800816E+02
    2.7708333333E-01   -1.5625000000E-03    5.0000000000E-01    3.0950684185E+02
    2.8125000000E-01   -1.5625000000E-03    5.0000000000E-01    3.0950563211E+02
    2.8541666667E-01   -1.5625000000E-03    5.0000000000E-01    3.0950437767E+02
    2.8958333333E-01   -1.5625000000E-03    5.0000000000E-01    3.0950307720E+02
    2.9375000000E-01   -1.5625000000E-03    5.0000000000E-01    3.0950172934E+02
    2.9791666667E-01   -1.5625000000E-03    5.0000000000E-01    3.0950033267E+02
    3.0208333333E-01   -1.5625000000E-03    5.0000000000E-01    3.0949888574E+02
    3.0625000000E-01   -1.5625000000E-03    5.0000000000E-01    3.0949738702E+02
    3.1041666667E-01   -1.5625000000E-03    5.0000000000E-01    3.0949583494E+02
    3.1458333333E-01   -1.5625000000E-03    5.0000000000E-01    3.0949422785E+02
    3.1875000000E-01   -1.5625000000E-03    5.0000000000E-01    3.0949256404E+02
    3.2291666667E-01   -1.5625000000E-03    5.0000000000E-01    3.0949084171E+02
    3.2708333333E-01   -1.5625000000E-03    5.0000000000E-01    3.0948905899E+02
    3.3125000000E-01   -1.5625000000E-03    5.0000000000E-01    3.0948721388E+02
    3.3541666667E-01   -1.5625000000E-03    5.0000000000E-01    3.0948530433E+02
    3.3958333333E-01   -1.5625000000E-03    5.0000000000E-01    3.0948332812E+02
    3.4375000000E-01   -1.5625000000E-03    5.0000000000E-01    3.0948128295E+02
    3.4791666667E-01   -1.5625000000E-03    5.0000000000E-01    3.0947916634E+02
    3.5208333333E-01   -1.5625000000E-03    5.0000000000E-01    3.0947697569E+02
    3.5625000000E-01   -1.5625000000E-03    5.0000000000E-01    3.0947470820E+02
    3.6041666667E-01   -1.5625000000E-03    5.0000000000E-01    3.0947236089E+02
    3.6458333333E-01   -1.5625000000E-03    5.0000000000E-01    3.0946993058E+02
    3.6875000000E-01   -1.5625000000E-03    5.0000000000E-01    3.0946741383E+02
    3.7291666667E-01   -1.5625000000E-03    5.0000000000E-01    3.0946480693E+02
    3.7708333333E-01   -1.5625000000E-03    5.0000000000E-01    3.0946210590E+02
    3.8125000000E-01   -1.5625000000E-03    5.0000000000E-01    3.0945930638E+02
    3.8541666667E-01   -1.5625000000E-03    5.0000000000E-01    3.0945640367E+02
    3.8958333333E-01   -1.5625000000E-03    5.0000000000E-01    3.0945339260E+02
    3.9375000000E-01   -1.5625000000E-03    5.0000000000E-01    3.0945026753E+02
    3.9791666667E-01   -1.5625000000E-03    5.0000000000E-01    3.0944702225E+02
    4.0208333333E-01   -1.5625000000E-03    5.0000000000E-01    3.0944364991E+02
    4.0625000000E-01   -1.5625000000E-03    5.0000000000E-01    3.0944014291E+02
    4.1041666667E-01   -1.5625000000E-03    5.0000000000E-01    3.0943649280E+02
    4.1458333333E-01   -1.5625000000E-03    5.0000000000E-01    3.0943269012E+02
    4.1875000000E-01   -1.5625000000E-03    5.0000000000E-01    3.0942872429E+02
    4.2291666667E-01   -1.5625000000E-03    5.0000000000E-01    3.0942458335E+02
    4.2708333333E-01   -1.5625000000E-03    5.0000000000E-01    3.0942025374E+02
    4.3125000000E-01   -1.5625000000E-03    5.0000000000E-01    3.0941572007E+02
    4.3541666667E-01   -1.5625000000E-03    5.0000000000E-01    3.0941096479E+02
    4.3958333333E-01   -1.5625000000E-03    5.0000000000E-01    3.0940596778E+02
    4.4375000000E-01   -1.5625000000E-03    5.0000000000E-01    3.0940070717E+02
    4.4791666667E-01   -1.5625000000E-03    5.0000000000E-01    3.0939523760E+02
    4.5208333333E-01   -1.5625000000E-03    5.0000000000E-01    3.0938949030E+02
    4.5625000000E-01   -1.5625000000E-03    5.0000000000E-01    3.0938338480E+02
    4.6041666667E-01   -1.5625000000E-03    5.0000000000E-01    3.0937694575E+02
    4.6458333333E-01   -1.5625000000E-03    5.0000000000E-01    3.0937035228E+02
    4.6875000000E-01   -1.5625000000E-03    5.0000000000E-01    3.0936424686E+02
    4.7291666667E-01   -1.5625000000E-03    5.0000000000E-01    3.0936054213E+02
    4.7708333333E-01   -1.5625000000E-03    5.0000000000E-01    3.0936464341E+02
    4.8125000000E-01   -1.5625000000E-03    5.0000000000E-01    3.0939187097E+02
    4.8541666667E-01   -1.5625000000E-03    5.0000000000E-01    3.0947618995E+02
    4.8958333333E-01   -1.5625000000E-03    5.0000000000E-01    3.0968929887E+02
    4.9375000000E-01   -1.5625000000E-03    5.0000000000E-01    3.1009266001E+02
    4.9791666667E-01   -1.5625000000E-03    5.0000000000E-01    3.1072157401E+02
    2.0833333333E-03   -9.3750000000E-04    5.0000000000E-01    3.0869505653E+02
    6.2500000000E-03   -9.3750000000E-04    5.0000000000E-01    3.0879643628E+02
    1.0416666667E-02   -9.3750000000E-04    5.0000000000E-01    3.0891142963E+02
    1.4583333333E-02   -9.3750000000E-04    5.0000000000E-01    3.0902714405E+02
    1.8750000000E-02   -9.3750000000E-04    5.0000000000E-01    3.0913980237E+02
    2.2916666667E-02   -9.3750000000E-04    5.0000000000E-01    3.0924675432E+02
    2.7083333333E-02   -9.3750000000E-04    5.0000000000E-01    3.0934770306E+02
    3.1250000000E-02   -9.3750000000E-04    5.0000000000E-01    3.0944396923E+02
    3.5416666667E-02   -9.3750000000E-04    5.0000000000E-01    3.0953695093E+02
    3.9583333333E-02   -9.3750000000E-04    5.0000000000E-01    3.0962728005E+02
    4.3750000000E-02   -9.3750000000E-04    5.0000000000E-01    3.0971476703E+02
    4.7916666667E-02   -9.3750000000E-04    5.0000000000E-01    3.0979892319E+02
    5.2083333333E-02   -9.3750000000E-04    5.0000000000E-01    3.0987930914E+02
    5.6250000000E-02   -9.3750000000E-04    5.0000000000E-01    3.0995519635E+02
    6.0416666667E-02   -9.3750000000E-04    5.0000000000E-01    3.1002509383E+02
    6.4583333333E-02   -9.3750000000E-04    5.0000000000E-01    3.1008687829E+02
    6.8750000000E-02   -9.3750000000E-04    5.0000000000E-01    3.1013861930E+02
    7.2916666667E-02   -9.3750000000E-04    5.0000000000E-01    3.1017948157E+02
    7.7083333333E-02   -9.3750000000E-04    5.0000000000E-01    3.1021000104E+02
    8.1250000000E-02   -9.3750000000E-04    5.0000000000E-01    3.1023169859E+02
    8.5416666667E-02   -9.3750000000E-04    5.0000000000E-01    3.1024647268E+02
    8.9583333333E-02   -9.3750000000E-04    5.0000000000E-01    3.1025613378E+02
    9.3750000000E-02   -9.3750000000E-04    5.0000000000E-01    3.1026218407E+02
    9.7916666667E-02   -9.3750000000E-04    5.0000000000E-01    3.1026577856E+02
    1.0208333333E-01   -9.3750000000E-04    5.0000000000E-01    3.1026777099E+02
    1.0625000000E-01   -9.3750000000E-04    5.0000000000E-01    3.1026877582E+02
    1.1041666667E-01   -9.3750000000E-04    5.0000000000E-01    3.1026921535E+02
    1.1458333333E-01   -9.3750000000E-04    5.0000000000E-01    3.1026935667E+02
    1.1875000000E-01   -9.3750000000E-04    5.0000000000E-01    3.1026935114E+02
    1.2291666667E-01   -9.3750000000E-04    5.0000000000E-01    3.1026927469E+02
    1.2708333333E-01   -9.3750000000E-04    5.0000000000E-01    3.1026916087E+02
    1.3125000000E-01   -9.3750000000E-04    5.0000000000E-01    3.1026902272E+02
    1.3541666667E-01   -9.3750000000E-04    5.0000000000E-01    3.1026886487E+02
    1.3958333333E-01   -9.3750000000E-04    5.0000000000E-01    3.1026868914E+02
    1.4375000000E-01   -9.3750000000E-04    5.0000000000E-01    3.1026849667E+02
    1.4791666667E-01   -9.3750000000E-04    5.0000000000E-01    3.1026828850E+02
    1.5208333333E-01   -9.3750000000E-04    5.0000000000E-01    3.1026806551E+02
    1.5625000000E-01   -9.3750000000E-04    5.0000000000E-01    3.1026782837E+02
    1.6041666667E-01   -9.3750000000E-04    5.0000000000E-01    3.1026757743E+02
    1.6458333333E-01   -9.3750000000E-04    5.0000000000E-01    3.1026731281E+02
    1.6875000000E-01   -9.3750000000E-04    5.0000000000E-01    3.1026703439E+02
    1.7291666667E-01   -9.3750000000E-04    5.0000000000E-01    3.1026674188E+02
    1.7708333333E-01   -9.3750000000E-04    5.0000000000E-01    3.1026643490E+02
    1.8125000000E-01   -9.3750000000E-04    5.0000000000E-01    3.1026611297E+02
    1.8541666667E-01   -9.3750000000E-04    5.0000000000E-01    3.1026577557E+02
    1.8958333333E-01   -9.3750000000E-04    5.0000000000E-01    3.1026542214E+02
    1.9375000000E-01   -9.3750000000E-04    5.0000000000E-01    3.1026505213E+02
    1.9791666667E-01   -9.3750000000E-04    5.0000000000E-01    3.1026466492E+02
    2.0208333333E-01   -9.3750000000E-04    5.0000000000E-01    3.1026425991E+02
    2.0625000000E-01   -9.3750000000E-04    5.0000000000E-01    3.1026383646E+02
    2.1041666667E-01   -9.3750000000E-04    5.0000000000E-01    3.1026339394E+02
    2.1458333333E-01   -9.3750000000E-04    5.0000000000E-01    3.1026293169E+02
    2.1875000000E-01   -9.3750000000E-04    5.0000000000E-01    3.1026244903E+02
    2.2291666667E-01   -9.3750000000E-04    5.0000000000E-01    3.1026194528E+02
    2.2708333333E-01   -9.3750000000E-04    5.0000000000E-01    3.1026141973E+02
    2.3125000000E-01   -9.3750000000E-04    5.0000000000E-01    3.1026087166E+02
    2.3541666667E-01   -9.3750000000E-04    5.0000000000E-01    3.1026030033E+02
    2.3958333333E-01   -9.3750000000E-04    5.0000000000E-01    3.1025970501E+02
    2.4375000000E-01   -9.3750000000E-04    5.0000000000E-01    3.1025908491E+02
    2.4791666667E-01   -9.3750000000E-04    5.0000000000E-01    3.1025843926E+02
    2.5208333333E-01   -9.3750000000E-04    5.0000000000E-01    3.1025776724E+02
    2.5625000000E-01   -9.3750000000E-04    5.0000000000E-01    3.1025706805E+02
    2.6041666667E-01   -9.3750000000E-04    5.0000000000E-01    3.1025634083E+02
    2.6458333333E-01   -9.3750000000E-04    5.0000000000E-01    3.1025558473E+02
    2.6875000000E-01   -9.3750000000E-04    5.0000000000E-01    3.1025479886E+02
    2.7291666667E-01   -9.3750000000E-04    5.0000000000E-01    3.1025398232E+02
    2.7708333333E-01   -9.3750000000E-04    5.0000000000E-01    3.1025313418E+02
    2.8125000000E-01   -9.3750000000E-04    5.0000000000E-01    3.1025225349E+02
    2.8541666667E-01   -9.3750000000E-04    5.0000000000E-01    3.1025133926E+02
    2.8958333333E-01   -9.3750000000E-04    5.0000000000E-01    3.1025039049E+02
    2.9375000000E-01   -9.3750000000E-04    5.0000000000E-01    3.1024940614E+02
    2.9791666667E-01   -9.3750000000E-04    5.0000000000E-01    3.1024838513E+02
    3.0208333333E-01   -9.3750000000E-04    5.0000000000E-01    3.1024732635E+02
    3.0625000000E-01   -9.3750000000E-04    5.0000000000E-01    3.1024622865E+02
    3.1041666667E-01   -9.3750000000E-04    5.0000000000E-01    3.1024509085E+02
    3.1458333333E-01   -9.3750000000E-04    5.0000000000E-01    3.1024391170E+02
    3.1875000000E-01   -9.3750000000E-04    5.0000000000E-01    3.1024268992E+02
    3.2291666667E-01   -9.3750000000E-04    5.0000000000E-01    3.1024142416E+02
    3.2708333333E-01   -9.3750000000E-04    5.0000000000E-01    3.1024011303E+02
    3.3125000000E-01   -9.3750000000E-04    5.0000000000E-01    3.1023875506E+02
    3.3541666667E-01   -9.3750000000E-04    5.0000000000E-01    3.1023734870E+02
    3.3958333333E-01   -9.3750000000E-04    5.0000000000E-01    3.1023589235E+02
    3.4375000000E-01   -9.3750000000E-04    5.0000000000E-01    3.1023438428E+02
    3.4791666667E-01   -9.3750000000E-04    5.0000000000E-01    3.1023282270E+02
    3.5208333333E-01   -9.3750000000E-04    5.0000000000E-01    3.1023120570E+02
    3.5625000000E-01   -9.3750000000E-04    5.0000000000E-01    3.1022953124E+02
    3.6041666667E-01   -9.3750000000E-04    5.0000000000E-01    3.1022779716E+02
    3.6458333333E-01   -9.3750000000E-04    5.0000000000E-01    3.1022600114E+02
    3.6875000000E-01   -9.3750000000E-04    5.0000000000E-01    3.1022414071E+02
    3.7291666667E-01   -9.3750000000E-04    5.0000000000E-01    3.1022221318E+02
    3.7708333333E-01   -9.3750000000E-04    5.0000000000E-01    3.1022021567E+02
    3.8125000000E-01   -9.3750000000E-04    5.0000000000E-01    3.1021814507E+02
    3.8541666667E-01   -9.3750000000E-04    5.0000000000E-01    3.1021599797E+02
    3.8958333333E-01   -9.3750000000E-04    5.0000000000E-01    3.1021377066E+02
    3.9375000000E-01   -9.3750000000E-04    5.0000000000E-01    3.1021145911E+02
    3.9791666667E-01   -9.3750000000E-04    5.0000000000E-01    3.1020905882E+02
    4.0208333333E-01   -9.3750000000E-04    5.0000000000E-01    3.1020656489E+02
    4.0625000000E-01   -9.3750000000E-04    5.0000000000E-01    3.1020397183E+02
    4.1041666667E-01   -9.3750000000E-04    5.0000000000E-01    3.1020127356E+02
    4.1458333333E-01   -9.3750000000E-04    5.0000000000E-01    3.1019846325E+02
    4.1875000000E-01   -9.3750000000E-04    5.0000000000E-01    3.1019553325E+02
    4.2291666667E-01   -9.3750000000E-04    5.0000000000E-01    3.1019247486E+02
    4.2708333333E-01   -9.3750000000E-04    5.0000000000E-01    3.1018927826E+02
    4.3125000000E-01   -9.3750000000E-04    5.0000000000E-01    3.1018593222E+02
    4.3541666667E-01   -9.3750000000E-04    5.0000000000E-01    3.1018242391E+02
    4.3958333333E-01   -9.3750000000E-04    5.0000000000E-01    3.1017873855E+02
    4.4375000000E-01   -9.3750000000E-04    5.0000000000E-01    3.1017485604E+02
    4.4791666667E-01   -9.3750000000E-04    5.0000000000E-01    3.1017053606E+02
    4.5208333333E-01   -9.3750000000E-04    5.0000000000E-01    3.1016574755E+02
    4.5625000000E-01   -9.3750000000E-04    5.0000000000E-01    3.1016047606E+02
    4.6041666667E-01   -9.3750000000E-04    5.0000000000E-01    3.1015479364E+02
    4.6458333333E-01   -9.3750000000E-04    5.0000000000E-01    3.1014888168E+02
    4.6875000000E-01   -9.3750000000E-04    5.0000000000E-01    3.1014331688E+02
    4.7291666667E-01   -9.3750000000E-04    5.0000000000E-01    3.1013972016E+02
    4.7708333333E-01   -9.3750000000E-04    5.0000000000E-01    3.1014264910E+02
    4.8125000000E-01   -9.3750000000E-04    5.0000000000E-01    3.1016483439E+02
    4.8541666667E-01   -9.3750000000E-04    5.0000000000E-01    3.1023391414E+02
    4.8958333333E-01   -9.3750000000E-04    5.0000000000E-01    3.1040346305E+02
    4.9375000000E-01   -9.3750000000E-04    5.0000000000E-01    3.1072395127E+02
    4.9791666667E-01   -9.3750000000E-04    5.0000000000E-01    3.1121336044E+02
    2.0833333333E-03   -3.1250000000E-04    5.0000000000E-01    3.0930940382E+02
    6.2500000000E-03   -3.1250000000E-04    5.0000000000E-01    3.0942618910E+02
    1.0416666667E-02   -3.1250000000E-04    5.0000000000E-01    3.0955204314E+02
    1.4583333333E-02   -3.1250000000E-04    5.0000000000E-01    3.0967712096E+02
    1.8750000000E-02   -3.1250000000E-04    5.0000000000E-01    3.0979844148E+02
    2.2916666667E-02   -3.1250000000E-04    5.0000000000E-01    3.0991327455E+02
    2.7083333333E-02   -3.1250000000E-04    5.0000000000E-01    3.1002144389E+02
    3.1250000000E-02   -3.1250000000E-04    5.0000000000E-01    3.1012455207E+02
    3.5416666667E-02   -3.1250000000E-04    5.0000000000E-01    3.1022421044E+02
    3.9583333333E-02   -3.1250000000E-04    5.0000000000E-01    3.1032111595E+02
    4.3750000000E-02   -3.1250000000E-04    5.0000000000E-01    3.1041501945E+02
    4.7916666667E-02   -3.1250000000E-04    5.0000000000E-01    3.1050536400E+02
    5.2083333333E-02   -3.1250000000E-04    5.0000000000E-01    3.1059170725E+02
    5.6250000000E-02   -3.1250000000E-04    5.0000000000E-01    3.1067330549E+02
    6.0416666667E-02   -3.1250000000E-04    5.0000000000E-01    3.1074853300E+02
    6.4583333333E-02   -3.1250000000E-04    5.0000000000E-01    3.1081501507E+02
    6.8750000000E-02   -3.1250000000E-04    5.0000000000E-01    3.1087058029E+02
    7.2916666667E-02   -3.1250000000E-04    5.0000000000E-01    3.1091430271E+02
    7.7083333333E-02   -3.1250000000E-04    5.0000000000E-01    3.1094680440E+02
    8.1250000000E-02   -3.1250000000E-04    5.0000000000E-01    3.1096979426E+02
    8.5416666667E-02   -3.1250000000E-04    5.0000000000E-01    3.1098537296E+02
    8.9583333333E-02   -3.1250000000E-04    5.0000000000E-01    3.1099551721E+02
    9.3750000000E-02   -3.1250000000E-04    5.0000000000E-01    3.1100184812E+02
    9.7916666667E-02   -3.1250000000E-04    5.0000000000E-01    3.1100560072E+02
    1.0208333333E-01   -3.1250000000E-04    5.0000000000E-01    3.1100768241E+02
    1.0625000000E-01   -3.1250000000E-04    5.0000000000E-01    3.1100874427E+02
    1.1041666667E-01   -3.1250000000E-04    5.0000000000E-01    3.1100923208E+02
    1.1458333333E-01   -3.1250000000E-04    5.0000000000E-01    3.1100942520E+02
    1.1875000000E-01   -3.1250000000E-04    5.0000000000E-01    3.1100947911E+02
    1.2291666667E-01   -3.1250000000E-04    5.0000000000E-01    3.1100946968E+02
    1.2708333333E-01   -3.1250000000E-04    5.0000000000E-01    3.1100942909E+02
    1.3125000000E-01   -3.1250000000E-04    5.0000000000E-01    3.1100936910E+02
    1.3541666667E-01   -3.1250000000E-04    5.0000000000E-01    3.1100929356E+02
    1.3958333333E-01   -3.1250000000E-04    5.0000000000E-01    3.1100920402E+02
    1.4375000000E-01   -3.1250000000E-04    5.0000000000E-01    3.1100910166E+02
    1.4791666667E-01   -3.1250000000E-04    5.0000000000E-01    3.1100898768E+02
    1.5208333333E-01   -3.1250000000E-04    5.0000000000E-01    3.1100886319E+02
    1.5625000000E-01   -3.1250000000E-04    5.0000000000E-01    3.1100872907E+02
    1.6041666667E-01   -3.1250000000E-04    5.0000000000E-01    3.1100858589E+02
    1.6458333333E-01   -3.1250000000E-04    5.0000000000E-01    3.1100843395E+02
    1.6875000000E-01   -3.1250000000E-04    5.0000000000E-01    3.1100827330E+02
    1.7291666667E-01   -3.1250000000E-04    5.0000000000E-01    3.1100810382E+02
    1.7708333333E-01   -3.1250000000E-04    5.0000000000E-01    3.1100792529E+02
    1.8125000000E-01   -3.1250000000E-04    5.0000000000E-01    3.1100773740E+02
    1.8541666667E-01   -3.1250000000E-04    5.0000000000E-01    3.1100753981E+02
    1.8958333333E-01   -3.1250000000E-04    5.0000000000E-01    3.1100733213E+02
    1.9375000000E-01   -3.1250000000E-04    5.0000000000E-01    3.1100711398E+02
    1.9791666667E-01   -3.1250000000E-04    5.0000000000E-01    3.1100688493E+02
    2.0208333333E-01   -3.1250000000E-04    5.0000000000E-01    3.1100664455E+02
    2.0625000000E-01   -3.1250000000E-04    5.0000000000E-01    3.1100639241E+02
    2.1041666667E-01   -3.1250000000E-04    5.0000000000E-01    3.1100612805E+02
    2.1458333333E-01   -3.1250000000E-04    5.0000000000E-01    3.1100585101E+02
    2.1875000000E-01   -3.1250000000E-04    5.0000000000E-01    3.1100556080E+02
    2.2291666667E-01   -3.1250000000E-04    5.0000000000E-01    3.1100525694E+02
    2.2708333333E-01   -3.1250000000E-04    5.0000000000E-01    3.1100493894E+02
    2.3125000000E-01   -3.1250000000E-04    5.0000000000E-01    3.1100460627E+02
    2.3541666667E-01   -3.1250000000E-04    5.0000000000E-01    3.1100425841E+02
    2.3958333333E-01   -3.1250000000E-04    5.0000000000E-01    3.1100389484E+02
    2.4375000000E-01   -3.1250000000E-04    5.0000000000E-01    3.1100351499E+02
    2.4791666667E-01   -3.1250000000E-04    5.0000000000E-01    3.1100311831E+02
    2.5208333333E-01   -3.1250000000E-04    5.0000000000E-01    3.1100270422E+02
    2.5625000000E-01   -3.1250000000E-04    5.0000000000E-01    3.1100227214E+02
    2.6041666667E-01   -3.1250000000E-04    5.0000000000E-01    3.1100182147E+02
    2.6458333333E-01   -3.1250000000E-04    5.0000000000E-01    3.1100135160E+02
    2.6875000000E-01   -3.1250000000E-04    5.0000000000E-01    3.1100086189E+02
    2.7291666667E-01   -3.1250000000E-04    5.0000000000E-01    3.1100035170E+02
    2.7708333333E-01   -3.1250000000E-04    5.0000000000E-01    3.1099982038E+02
    2.8125000000E-01   -3.1250000000E-04    5.0000000000E-01    3.1099926725E+02
    2.8541666667E-01   -3.1250000000E-04    5.0000000000E-01    3.1099869161E+02
    2.8958333333E-01   -3.1250000000E-04    5.0000000000E-01    3.1099809277E+02
    2.9375000000E-01   -3.1250000000E-04    5.0000000000E-01    3.1099746999E+02
    2.9791666667E-01   -3.1250000000E-04    5.0000000000E-01    3.1099682252E+02
    3.0208333333E-01   -3.1250000000E-04    5.0000000000E-01    3.1099614959E+02
    3.0625000000E-01   -3.1250000000E-04    5.0000000000E-01    3.1099545041E+02
    3.1041666667E-01   -3.1250000000E-04    5.0000000000E-01    3.1099472416E+02
    3.1458333333E-01   -3.1250000000E-04    5.0000000000E-01    3.1099397000E+02
    3.1875000000E-01   -3.1250000000E-04    5.0000000000E-01    3.1099318704E+02
    3.2291666667E-01   -3.1250000000E-04    5.0000000000E-01    3.1099237438E+02
    3.2708333333E-01   -3.1250000000E-04    5.0000000000E-01    3.1099153109E+02
    3.3125000000E-01   -3.1250000000E-04    5.0000000000E-01    3.1099065617E+02
    3.3541666667E-01   -3.1250000000E-04    5.0000000000E-01    3.1098974861E+02
    3.3958333333E-01   -3.1250000000E-04    5.0000000000E-01    3.1098880733E+02
    3.4375000000E-01   -3.1250000000E-04    5.0000000000E-01    3.1098783123E+02
    3.4791666667E-01   -3.1250000000E-04    5.0000000000E-01    3.1098681912E+02
    3.5208333333E-01   -3.1250000000E-04    5.0000000000E-01    3.1098576977E+02
    3.5625000000E-01   -3.1250000000E-04    5.0000000000E-01    3.1098468186E+02
    3.6041666667E-01   -3.1250000000E-04    5.0000000000E-01    3.1098355401E+02
    3.6458333333E-01   -3.1250000000E-04    5.0000000000E-01    3.1098238474E+02
    3.6875000000E-01   -3.1250000000E-04    5.0000000000E-01    3.1098117247E+02
    3.7291666667E-01   -3.1250000000E-04    5.0000000000E-01    3.1097991551E+02
    3.7708333333E-01   -3.1250000000E-04    5.0000000000E-01    3.1097861204E+02
    3.8125000000E-01   -3.1250000000E-04    5.0000000000E-01    3.1097726010E+02
    3.8541666667E-01   -3.1250000000E-04    5.0000000000E-01    3.1097585754E+02
    3.8958333333E-01   -3.1250000000E-04    5.0000000000E-01    3.1097440205E+02
    3.9375000000E-01   -3.1250000000E-04    5.0000000000E-01    3.1097289106E+02
    3.9791666667E-01   -3.1250000000E-04    5.0000000000E-01    3.1097132177E+02
    4.0208333333E-01   -3.1250000000E-04    5.0000000000E-01    3.1096969108E+02
    4.0625000000E-01   -3.1250000000E-04    5.0000000000E-01    3.1096799552E+02
    4.1041666667E-01   -3.1250000000E-04    5.0000000000E-01    3.1096623124E+02
    4.1458333333E-01   -3.1250000000E-04    5.0000000000E-01    3.1096439388E+02
    4.1875000000E-01   -3.1250000000E-04    5.0000000000E-01    3.1096247855E+02
    4.2291666667E-01   -3.1250000000E-04    5.0000000000E-01    3.1096047966E+02
    4.2708333333E-01   -3.1250000000E-04    5.0000000000E-01    3.1095839083E+02
    4.3125000000E-01   -3.1250000000E-04    5.0000000000E-01    3.1095620475E+02
    4.3541666667E-01   -3.1250000000E-04    5.0000000000E-01    3.1095391300E+02
    4.3958333333E-01   -3.1250000000E-04    5.0000000000E-01    3.1095150586E+02
    4.4375000000E-01   -3.1250000000E-04    5.0000000000E-01    3.1094896920E+02
    4.4791666667E-01   -3.1250000000E-04    5.0000000000E-01    3.1094614720E+02
    4.5208333333E-01   -3.1250000000E-04    5.0000000000E-01    3.1094299323E+02
    4.5625000000E-01   -3.1250000000E-04    5.0000000000E-01    3.1093944608E+02
    4.6041666667E-01   -3.1250000000E-04    5.0000000000E-01    3.1093555758E+02
    4.6458333333E-01   -3.1250000000E-04    5.0000000000E-01    3.1093146333E+02
    4.6875000000E-01   -3.1250000000E-04    5.0000000000E-01    3.1092763838E+02
    4.7291666667E-01   -3.1250000000E-04    5.0000000000E-01    3.1092535487E+02
    4.7708333333E-01   -3.1250000000E-04    5.0000000000E-01    3.1092821648E+02
    4.8125000000E-01   -3.1250000000E-04    5.0000000000E-01    3.1094611392E+02
    4.8541666667E-01   -3.1250000000E-04    5.0000000000E-01    3.1100045327E+02
    4.8958333333E-01   -3.1250000000E-04    5.0000000000E-01    3.1113259112E+02
    4.9375000000E-01   -3.1250000000E-04    5.0000000000E-01    3.1137776683E+02
    4.9791666667E-01   -3.1250000000E-04    5.0000000000E-01    3.1174323705E+02
