 ----------------- OpenCFD-EC3D ver 1.14a (MPI-OpenMP version)------------------
         Copyright by Li Xinliang, lixl@imech.ac.cn                            
         Programming by Li Xinliang  2016-1                                   
 ----------------------------------------------------------------------------- 
 Check if Multi-Grid can be used ...
 Total Block number is            2 Total Cell number is         9600
 Check multigrid OK
 can not find partation.dat,  create partation ...
 Partation ......
 Total Cell number=        9600
 Total Grid number=       19724
 Max grid number is        19724  ... rato to mean grid is   1.0000000000000000     
 Min grid number is        19724  ... rato to mean grid is   1.0000000000000000     
 rato max to min is    1.0000000000000000     
 Read material.in OK, Total_block=           2
   Block           1 : Block_type=           0  rho=   0.0000000000000000       Cp=   0.0000000000000000       k=   0.0000000000000000     
   Block           2 : Block_type=           1  rho=   7800.0000000000000       Cp=   460.00000000000000       k=   50.000000000000000     
 creat main mesh OK, Num_Cell=        9600
  read main mesh ...
 read Mesh3d.dat OK
 Convert bc3d.inp to bc3d.inc ...
 Convert bc3d.inp to bc3d.inc OK
 read bc3d.inc (Link/boundary file)......
 read bc3d.inc OK
 Convert bc3d_interface.inp to bc3d_interface.inc ...
 Convert bc3d_interface.inp to bc3d_interface.inc OK
 read bc3d_interface.inc (Interface link file)......
 read bc3d_interface.inc OK
 Read solid_bc.inp OK
   Block           2  (solid):           1  thermal BC faces
     face           5  Tw=   300.00000000000000       Qw=   0.0000000000000000     
  Need not read wall_dist.dat 
 No FDM.in, Donot use hybrid FVM/FDM
 my_id, block_no, FDM, FD_Flux, FD_Scheme=           0           1           0
 my_id, block_no, FDM, FD_Flux, FD_Scheme=           0           2           0
 comput Jocabian OK ...
 Check mesh quality ......
 Check mesh quality OK
 Initial by Free-stream flow ......
  Start ......
   GS iter           1  res=   525.31819753629543       Ts(1,1,1)=   799.99999999999977       Ts(nx-1,ny-1,1)=   274.68180246370457     
   GS iter           2  res=   292.66462654543511       Ts(1,1,1)=   799.99999999999977       Ts(nx-1,ny-1,1)=   440.07916921798761     
   GS iter           3  res=   181.50652772744479       Ts(1,1,1)=   800.00000000000000       Ts(nx-1,ny-1,1)=   359.22015179530604     
   GS iter           4  res=   120.46727002159162       Ts(1,1,1)=   799.99999999999977       Ts(nx-1,ny-1,1)=   380.61030480738509     
   GS iter           5  res=   83.342882064025616       Ts(1,1,1)=   800.00000000000000       Ts(nx-1,ny-1,1)=   366.25254717652695     
 Solid solver Block           2  GS iterations:         200  final res:   1.5916157281026244E-012
   DBG: Ts(1,1,1)=   799.99500002499974       Ts(nx/2,ny/2,1)=   798.12501724812762       Ts(nx-1,ny-1,1)=   359.72744912491487     
 --------------Force and Moment -----------------------------
 Total Force Coefficient (CL, CD, CS) =
  -1.0000000000143396E-006   1.2483258856836816        0.0000000000000000     
 Total Moment Coefficient(CMx, CMy, CMz)=
  0.31208147142092035       -2.4999999998447541E-007 -0.26208115979378693     
 Kstep, t=           1   1.0000000000000000     
 ----------The Max Residuals are--------  ---Mesh---           1
    0.6250000000E-02    0.3322010752E-06    0.1041666667E-01    0.8131516294E-19    0.7031250000E-02
   The R.M.S Residuals are 
    0.4034357652E-03    0.3600286359E-08    0.6723929420E-03    0.4244049263E-20    0.4538652359E-03
 CPU wall time in this step:   4.2855003000000003E-002
 Averaged CPU wall time is:   4.2855003000000003E-002
   GS iter           1  res=   1.1368683772161603E-012  Ts(1,1,1)=   799.99500002499963       Ts(nx-1,ny-1,1)=   359.72744912491476     
   GS iter           2  res=   1.4779288903810084E-012  Ts(1,1,1)=   799.99500002499951       Ts(nx-1,ny-1,1)=   359.72744912491487     
   GS iter           3  res=   1.2505552149377763E-012  Ts(1,1,1)=   799.99500002499974       Ts(nx-1,ny-1,1)=   359.72744912491476     
   GS iter           4  res=   1.2505552149377763E-012  Ts(1,1,1)=   799.99500002499963       Ts(nx-1,ny-1,1)=   359.72744912491476     
   GS iter           5  res=   1.4779288903810084E-012  Ts(1,1,1)=   799.99500002499974       Ts(nx-1,ny-1,1)=   359.72744912491476     
 Solid solver Block           2  GS iterations:         100  final res:   1.2505552149377763E-012
   DBG: Ts(1,1,1)=   799.99500002499963       Ts(nx/2,ny/2,1)=   798.12501724812716       Ts(nx-1,ny-1,1)=   359.72744912491487     
 --------------Force and Moment -----------------------------
 Total Force Coefficient (CL, CD, CS) =
   2.9371214901278095E-007   2.6599347833299807       -1.3430964536990813E-055
 Total Moment Coefficient(CMx, CMy, CMz)=
  0.66498369583249506        7.3428037293913739E-008  -1.3250416508400937     
 Kstep, t=           2   2.0000000000000000     
 ----------The Max Residuals are--------  ---Mesh---           1
    0.6250024761E-02    0.3322010752E-06    0.1041667362E-01    0.5420785239E-19    0.7031187925E-02
   The R.M.S Residuals are 
    0.5508959453E-03    0.4557706911E-08    0.8936543694E-03    0.3717063339E-20    0.5906307850E-03
 CPU wall time in this step:   2.5850664999999995E-002
 Averaged CPU wall time is:   3.4352833999999999E-002
   GS iter           1  res=   1.1368683772161603E-012  Ts(1,1,1)=   799.99500002499951       Ts(nx-1,ny-1,1)=   359.72744912491464     
   GS iter           2  res=   1.2505552149377763E-012  Ts(1,1,1)=   799.99500002499974       Ts(nx-1,ny-1,1)=   359.72744912491487     
   GS iter           3  res=   1.3642420526593924E-012  Ts(1,1,1)=   799.99500002499963       Ts(nx-1,ny-1,1)=   359.72744912491476     
   GS iter           4  res=   1.3642420526593924E-012  Ts(1,1,1)=   799.99500002499974       Ts(nx-1,ny-1,1)=   359.72744912491476     
   GS iter           5  res=   1.0231815394945443E-012  Ts(1,1,1)=   799.99500002499963       Ts(nx-1,ny-1,1)=   359.72744912491487     
 Solid solver Block           2  GS iterations:         100  final res:   1.3642420526593924E-012
   DBG: Ts(1,1,1)=   799.99500002499974       Ts(nx/2,ny/2,1)=   798.12501724812728       Ts(nx-1,ny-1,1)=   359.72744912491464     
 --------------Force and Moment -----------------------------
 Total Force Coefficient (CL, CD, CS) =
   1.8371834062419782E-007   2.4220784403617741       -2.0401684567271794E-055
 Total Moment Coefficient(CMx, CMy, CMz)=
  0.60551961009044364        4.5929585193126839E-008  -1.2567145091116834     
 Kstep, t=           3   3.0000000000000000     
 ----------The Max Residuals are--------  ---Mesh---           1
    0.5799920818E-02    0.2589891441E-06    0.9073047364E-02    0.8130517068E-19    0.5209145136E-02
   The R.M.S Residuals are 
    0.5049735038E-03    0.3346532074E-08    0.7019231058E-03    0.3859289257E-20    0.3512156044E-03
 CPU wall time in this step:   2.5262310999999996E-002
 Averaged CPU wall time is:   3.1322659666666662E-002
   GS iter           1  res=   1.1368683772161603E-012  Ts(1,1,1)=   799.99500002499963       Ts(nx-1,ny-1,1)=   359.72744912491464     
   GS iter           2  res=   1.1368683772161603E-012  Ts(1,1,1)=   799.99500002499974       Ts(nx-1,ny-1,1)=   359.72744912491521     
   GS iter           3  res=   1.2505552149377763E-012  Ts(1,1,1)=   799.99500002499963       Ts(nx-1,ny-1,1)=   359.72744912491487     
   GS iter           4  res=   1.4779288903810084E-012  Ts(1,1,1)=   799.99500002499974       Ts(nx-1,ny-1,1)=   359.72744912491464     
   GS iter           5  res=   1.1368683772161603E-012  Ts(1,1,1)=   799.99500002499963       Ts(nx-1,ny-1,1)=   359.72744912491476     
 Solid solver Block           2  GS iterations:         100  final res:   1.5916157281026244E-012
   DBG: Ts(1,1,1)=   799.99500002499951       Ts(nx/2,ny/2,1)=   798.12501724812682       Ts(nx-1,ny-1,1)=   359.72744912491487     
 --------------Force and Moment -----------------------------
 Total Force Coefficient (CL, CD, CS) =
   1.1388127711213812E-007   1.9405121243659580       -1.9325415686676820E-055
 Total Moment Coefficient(CMx, CMy, CMz)=
  0.48512803109148972        2.8470319307740055E-008 -0.98742324788190716     
 Kstep, t=           4   4.0000000000000000     
 ----------The Max Residuals are--------  ---Mesh---           1
    0.5192345814E-02    0.1364747773E-06    0.5009869139E-02    0.5420901010E-19    0.4786400770E-02
   The R.M.S Residuals are 
    0.4574181837E-03    0.1983204498E-08    0.4013264015E-03    0.3741407870E-20    0.3277685967E-03
 CPU wall time in this step:   2.9863081000000014E-002
 Averaged CPU wall time is:   3.0957765000000002E-002
   GS iter           1  res=   1.4779288903810084E-012  Ts(1,1,1)=   799.99500002499974       Ts(nx-1,ny-1,1)=   359.72744912491476     
   GS iter           2  res=   1.2505552149377763E-012  Ts(1,1,1)=   799.99500002499963       Ts(nx-1,ny-1,1)=   359.72744912491487     
   GS iter           3  res=   1.4779288903810084E-012  Ts(1,1,1)=   799.99500002499951       Ts(nx-1,ny-1,1)=   359.72744912491487     
   GS iter           4  res=   1.2505552149377763E-012  Ts(1,1,1)=   799.99500002499974       Ts(nx-1,ny-1,1)=   359.72744912491476     
   GS iter           5  res=   1.2505552149377763E-012  Ts(1,1,1)=   799.99500002499963       Ts(nx-1,ny-1,1)=   359.72744912491487     
 Solid solver Block           2  GS iterations:         100  final res:   1.0231815394945443E-012
   DBG: Ts(1,1,1)=   799.99500002499963       Ts(nx/2,ny/2,1)=   798.12501724812705       Ts(nx-1,ny-1,1)=   359.72744912491510     
 --------------Force and Moment -----------------------------
 Total Force Coefficient (CL, CD, CS) =
   9.0284896775051304E-008   1.6017274126716328       -5.7257166724064348E-055
 Total Moment Coefficient(CMx, CMy, CMz)=
  0.40043185316790830        2.2571224218282206E-008 -0.79318783682385252     
 Kstep, t=           5   5.0000000000000000     
 ----------The Max Residuals are--------  ---Mesh---           1
    0.4723811571E-02    0.7850709444E-07    0.2315705567E-02    0.8131660515E-19    0.4446129498E-02
   The R.M.S Residuals are 
    0.4233609802E-03    0.1257509905E-08    0.2129310939E-03    0.3913096211E-20    0.3077356902E-03
 CPU wall time in this step:   2.7449231000000004E-002
 Averaged CPU wall time is:   3.0256058200000002E-002
   GS iter           1  res=   1.3642420526593924E-012  Ts(1,1,1)=   799.99500002499951       Ts(nx-1,ny-1,1)=   359.72744912491487     
   GS iter           2  res=   1.3642420526593924E-012  Ts(1,1,1)=   799.99500002499974       Ts(nx-1,ny-1,1)=   359.72744912491464     
   GS iter           3  res=   2.0463630789890885E-012  Ts(1,1,1)=   799.99500002499963       Ts(nx-1,ny-1,1)=   359.72744912491487     
   GS iter           4  res=   1.3642420526593924E-012  Ts(1,1,1)=   799.99500002499974       Ts(nx-1,ny-1,1)=   359.72744912491487     
   GS iter           5  res=   1.1368683772161603E-012  Ts(1,1,1)=   799.99500002499963       Ts(nx-1,ny-1,1)=   359.72744912491476     
 Solid solver Block           2  GS iterations:         100  final res:   1.2505552149377763E-012
   DBG: Ts(1,1,1)=   799.99500002499963       Ts(nx/2,ny/2,1)=   798.12501724812694       Ts(nx-1,ny-1,1)=   359.72744912491476     
 --------------Force and Moment -----------------------------
 Total Force Coefficient (CL, CD, CS) =
   9.5239846425231909E-008   1.3945883064808513       -9.8867702593349694E-055
 Total Moment Coefficient(CMx, CMy, CMz)=
  0.34864707662021277        2.3809961627656453E-008 -0.67431017227400813     
 Kstep, t=           6   6.0000000000000000     
 ----------The Max Residuals are--------  ---Mesh---           1
    0.4404642184E-02    0.5307064408E-07    0.1011464518E-02    0.8128902069E-19    0.4178310703E-02
   The R.M.S Residuals are 
    0.4004487318E-03    0.9976603233E-09    0.1180660265E-03    0.3683930386E-20    0.2961125054E-03
 CPU wall time in this step:   3.5411057999999995E-002
 Averaged CPU wall time is:   3.1115224833333333E-002
   GS iter           1  res=   1.3642420526593924E-012  Ts(1,1,1)=   799.99500002499974       Ts(nx-1,ny-1,1)=   359.72744912491476     
   GS iter           2  res=   1.2505552149377763E-012  Ts(1,1,1)=   799.99500002499963       Ts(nx-1,ny-1,1)=   359.72744912491476     
   GS iter           3  res=   1.2505552149377763E-012  Ts(1,1,1)=   799.99500002499974       Ts(nx-1,ny-1,1)=   359.72744912491487     
   GS iter           4  res=   1.1368683772161603E-012  Ts(1,1,1)=   799.99500002499963       Ts(nx-1,ny-1,1)=   359.72744912491487     
   GS iter           5  res=   1.0231815394945443E-012  Ts(1,1,1)=   799.99500002499974       Ts(nx-1,ny-1,1)=   359.72744912491476     
 Solid solver Block           2  GS iterations:         100  final res:   1.2505552149377763E-012
   DBG: Ts(1,1,1)=   799.99500002499974       Ts(nx/2,ny/2,1)=   798.12501724812660       Ts(nx-1,ny-1,1)=   359.72744912491476     
 --------------Force and Moment -----------------------------
 Total Force Coefficient (CL, CD, CS) =
   1.1231354481237627E-007   1.2727140517726747       -9.3697968062723625E-055
 Total Moment Coefficient(CMx, CMy, CMz)=
  0.31817851294316862        2.8078386222576881E-008 -0.60488488183159550     
 Kstep, t=           7   7.0000000000000000     
 ----------The Max Residuals are--------  ---Mesh---           1
    0.4215508622E-02    0.5741475114E-07    0.7535066744E-03    0.5420556921E-19    0.3964503725E-02
   The R.M.S Residuals are 
    0.3853760063E-03    0.9633879382E-09    0.7803904110E-04    0.3845318452E-20    0.2909936188E-03
 CPU wall time in this step:   3.4193770999999984E-002
 Averaged CPU wall time is:   3.1555017142857140E-002
   GS iter           1  res=   1.4779288903810084E-012  Ts(1,1,1)=   799.99500002499963       Ts(nx-1,ny-1,1)=   359.72744912491487     
   GS iter           2  res=   1.2505552149377763E-012  Ts(1,1,1)=   799.99500002499951       Ts(nx-1,ny-1,1)=   359.72744912491476     
   GS iter           3  res=   1.1368683772161603E-012  Ts(1,1,1)=   799.99500002499974       Ts(nx-1,ny-1,1)=   359.72744912491487     
   GS iter           4  res=   9.0949470177292824E-013  Ts(1,1,1)=   799.99500002499963       Ts(nx-1,ny-1,1)=   359.72744912491476     
   GS iter           5  res=   1.2505552149377763E-012  Ts(1,1,1)=   799.99500002499974       Ts(nx-1,ny-1,1)=   359.72744912491487     
 Solid solver Block           2  GS iterations:         100  final res:   1.0231815394945443E-012
   DBG: Ts(1,1,1)=   799.99500002499963       Ts(nx/2,ny/2,1)=   798.12501724812694       Ts(nx-1,ny-1,1)=   359.72744912491487     
 --------------Force and Moment -----------------------------
 Total Force Coefficient (CL, CD, CS) =
   1.3206354530257528E-007   1.2014143839157490       -2.2025487962880308E-054
 Total Moment Coefficient(CMx, CMy, CMz)=
  0.30035359597893713        3.3015886344035176E-008 -0.56467927508942950     
 Kstep, t=           8   8.0000000000000000     
 ----------The Max Residuals are--------  ---Mesh---           1
    0.4114092931E-02    0.6194289300E-07    0.6352616326E-03    0.5419738909E-19    0.3788570287E-02
   The R.M.S Residuals are 
    0.3752023014E-03    0.1014943930E-08    0.6350183546E-04    0.3402811943E-20    0.2889157063E-03
 CPU wall time in this step:   3.0987425000000013E-002
 Averaged CPU wall time is:   3.1484068125000000E-002
   GS iter           1  res=   1.0231815394945443E-012  Ts(1,1,1)=   799.99500002499974       Ts(nx-1,ny-1,1)=   359.72744912491464     
   GS iter           2  res=   1.1368683772161603E-012  Ts(1,1,1)=   799.99500002499963       Ts(nx-1,ny-1,1)=   359.72744912491498     
   GS iter           3  res=   1.1368683772161603E-012  Ts(1,1,1)=   799.99500002499974       Ts(nx-1,ny-1,1)=   359.72744912491470     
   GS iter           4  res=   1.1368683772161603E-012  Ts(1,1,1)=   799.99500002499963       Ts(nx-1,ny-1,1)=   359.72744912491487     
   GS iter           5  res=   1.0231815394945443E-012  Ts(1,1,1)=   799.99500002499974       Ts(nx-1,ny-1,1)=   359.72744912491487     
 Solid solver Block           2  GS iterations:         100  final res:   1.1368683772161603E-012
   DBG: Ts(1,1,1)=   799.99500002499963       Ts(nx/2,ny/2,1)=   798.12501724812694       Ts(nx-1,ny-1,1)=   359.72744912491487     
 --------------Force and Moment -----------------------------
 Total Force Coefficient (CL, CD, CS) =
   1.5010318480801481E-007   1.1602197947066479       -2.2913190870379171E-054
 Total Moment Coefficient(CMx, CMy, CMz)=
  0.29005494867666204        3.7525796219764448E-008 -0.54175157446340916     
 Kstep, t=           9   9.0000000000000000     
 ----------The Max Residuals are--------  ---Mesh---           1
    0.4069320767E-02    0.6662656495E-07    0.5485141377E-03    0.1083932687E-18    0.3638148483E-02
   The R.M.S Residuals are 
    0.3681403100E-03    0.1098579545E-08    0.5813360114E-04    0.3935335654E-20    0.2877480214E-03
 CPU wall time in this step:   2.7277390000000012E-002
 Averaged CPU wall time is:   3.1016659444444445E-002
   GS iter           1  res=   1.0231815394945443E-012  Ts(1,1,1)=   799.99500002499974       Ts(nx-1,ny-1,1)=   359.72744912491476     
   GS iter           2  res=   1.0231815394945443E-012  Ts(1,1,1)=   799.99500002499963       Ts(nx-1,ny-1,1)=   359.72744912491487     
   GS iter           3  res=   1.1368683772161603E-012  Ts(1,1,1)=   799.99500002499974       Ts(nx-1,ny-1,1)=   359.72744912491476     
   GS iter           4  res=   1.2505552149377763E-012  Ts(1,1,1)=   799.99500002499963       Ts(nx-1,ny-1,1)=   359.72744912491487     
   GS iter           5  res=   1.4779288903810084E-012  Ts(1,1,1)=   799.99500002499974       Ts(nx-1,ny-1,1)=   359.72744912491487     
 Solid solver Block           2  GS iterations:         100  final res:   1.3642420526593924E-012
   DBG: Ts(1,1,1)=   799.99500002499963       Ts(nx/2,ny/2,1)=   798.12501724812694       Ts(nx-1,ny-1,1)=   359.72744912491487     
 --------------Force and Moment -----------------------------
 Total Force Coefficient (CL, CD, CS) =
   1.6473697262556528E-007   1.1381812656956027       -4.3629436868106759E-054
 Total Moment Coefficient(CMx, CMy, CMz)=
  0.28454531642390068        4.1184243173814696E-008 -0.52985953497013993     
 Kstep, t=          10   10.000000000000000     
 ----------The Max Residuals are--------  ---Mesh---           1
    0.4058973884E-02    0.7142315676E-07    0.4940688041E-03    0.8132019779E-19    0.3503476970E-02
   The R.M.S Residuals are 
    0.3630925582E-03    0.1195001446E-08    0.5546319650E-04    0.3851028253E-20    0.2877718809E-03
 CPU wall time in this step:   2.7154110999999981E-002
 Averaged CPU wall time is:   3.0630404600000001E-002
   GS iter           1  res=   1.0231815394945443E-012  Ts(1,1,1)=   799.99500002499974       Ts(nx-1,ny-1,1)=   359.72744912491487     
   GS iter           2  res=   1.0231815394945443E-012  Ts(1,1,1)=   799.99500002499963       Ts(nx-1,ny-1,1)=   359.72744912491476     
   GS iter           3  res=   1.3642420526593924E-012  Ts(1,1,1)=   799.99500002499974       Ts(nx-1,ny-1,1)=   359.72744912491487     
   GS iter           4  res=   1.1368683772161603E-012  Ts(1,1,1)=   799.99500002499963       Ts(nx-1,ny-1,1)=   359.72744912491487     
   GS iter           5  res=   1.2505552149377763E-012  Ts(1,1,1)=   799.99500002499974       Ts(nx-1,ny-1,1)=   359.72744912491476     
 Solid solver Block           2  GS iterations:         100  final res:   1.1368683772161603E-012
   DBG: Ts(1,1,1)=   799.99500002499963       Ts(nx/2,ny/2,1)=   798.12501724812694       Ts(nx-1,ny-1,1)=   359.72744912491487     
 --------------Force and Moment -----------------------------
 Total Force Coefficient (CL, CD, CS) =
   1.7534254797838394E-007   1.1297375723995193       -2.1875992038063952E-054
 Total Moment Coefficient(CMx, CMy, CMz)=
  0.28243439309988005        4.3835637011890102E-008 -0.52599943095928936     
 Kstep, t=          11   11.000000000000000     
 ----------The Max Residuals are--------  ---Mesh---           1
    0.4066440474E-02    0.7629675586E-07    0.4642322055E-03    0.8131217170E-19    0.3376670938E-02
   The R.M.S Residuals are 
    0.3592498849E-03    0.1296348873E-08    0.5334635534E-04    0.3896340123E-20    0.2936672144E-03
 CPU wall time in this step:   2.8355387000000010E-002
 Averaged CPU wall time is:   3.0423584818181817E-002
   GS iter           1  res=   1.2505552149377763E-012  Ts(1,1,1)=   799.99500002499974       Ts(nx-1,ny-1,1)=   359.72744912491476     
   GS iter           2  res=   1.2505552149377763E-012  Ts(1,1,1)=   799.99500002499963       Ts(nx-1,ny-1,1)=   359.72744912491487     
   GS iter           3  res=   1.0231815394945443E-012  Ts(1,1,1)=   799.99500002499974       Ts(nx-1,ny-1,1)=   359.72744912491476     
   GS iter           4  res=   1.8189894035458565E-012  Ts(1,1,1)=   799.99500002499963       Ts(nx-1,ny-1,1)=   359.72744912491487     
   GS iter           5  res=   1.1368683772161603E-012  Ts(1,1,1)=   799.99500002499974       Ts(nx-1,ny-1,1)=   359.72744912491476     
 Solid solver Block           2  GS iterations:         100  final res:   1.2505552149377763E-012
   DBG: Ts(1,1,1)=   799.99500002499963       Ts(nx/2,ny/2,1)=   798.12501724812694       Ts(nx-1,ny-1,1)=   359.72744912491476     
 --------------Force and Moment -----------------------------
 Total Force Coefficient (CL, CD, CS) =
   1.8113189137473451E-007   1.1306135646295781       -1.8134376984053575E-054
 Total Moment Coefficient(CMx, CMy, CMz)=
  0.28265339115739446        4.5282972860991157E-008 -0.52767249878154865     
 Kstep, t=          12   12.000000000000000     
 ----------The Max Residuals are--------  ---Mesh---           1
    0.4076362808E-02    0.8122144923E-07    0.4528888347E-03    0.8134967248E-19    0.3252516613E-02
   The R.M.S Residuals are 
    0.3559137876E-03    0.1397978812E-08    0.5068519765E-04    0.4039263310E-20    0.2929859231E-03
 CPU wall time in this step:   3.1196200999999979E-002
 Averaged CPU wall time is:   3.0487969500000000E-002
   GS iter           1  res=   1.3642420526593924E-012  Ts(1,1,1)=   799.99500002499974       Ts(nx-1,ny-1,1)=   359.72744912491476     
   GS iter           2  res=   1.2505552149377763E-012  Ts(1,1,1)=   799.99500002499963       Ts(nx-1,ny-1,1)=   359.72744912491487     
   GS iter           3  res=   1.2505552149377763E-012  Ts(1,1,1)=   799.99500002499974       Ts(nx-1,ny-1,1)=   359.72744912491476     
   GS iter           4  res=   1.3642420526593924E-012  Ts(1,1,1)=   799.99500002499963       Ts(nx-1,ny-1,1)=   359.72744912491487     
   GS iter           5  res=   1.2505552149377763E-012  Ts(1,1,1)=   799.99500002499974       Ts(nx-1,ny-1,1)=   359.72744912491476     
 Solid solver Block           2  GS iterations:         100  final res:   1.0231815394945443E-012
   DBG: Ts(1,1,1)=   799.99500002499963       Ts(nx/2,ny/2,1)=   798.12501724812694       Ts(nx-1,ny-1,1)=   359.72744912491476     
 --------------Force and Moment -----------------------------
 Total Force Coefficient (CL, CD, CS) =
   1.8309779272785896E-007   1.1361056494541091       -1.4945681861682734E-054
 Total Moment Coefficient(CMx, CMy, CMz)=
  0.28402641236352705        4.5774448199356345E-008 -0.53179732156665427     
 Kstep, t=          13   13.000000000000000     
 ----------The Max Residuals are--------  ---Mesh---           1
    0.4079660713E-02    0.8617868161E-07    0.4552219443E-03    0.8132231320E-19    0.3127517014E-02
   The R.M.S Residuals are 
    0.3526313253E-03    0.1499572183E-08    0.4856968327E-04    0.4137500983E-20    0.2899272489E-03
 CPU wall time in this step:   2.6971495000000012E-002
 Averaged CPU wall time is:   3.0217471461538463E-002
   GS iter           1  res=   1.0231815394945443E-012  Ts(1,1,1)=   799.99500002499974       Ts(nx-1,ny-1,1)=   359.72744912491487     
   GS iter           2  res=   1.2505552149377763E-012  Ts(1,1,1)=   799.99500002499963       Ts(nx-1,ny-1,1)=   359.72744912491476     
   GS iter           3  res=   1.2505552149377763E-012  Ts(1,1,1)=   799.99500002499974       Ts(nx-1,ny-1,1)=   359.72744912491487     
   GS iter           4  res=   1.1368683772161603E-012  Ts(1,1,1)=   799.99500002499963       Ts(nx-1,ny-1,1)=   359.72744912491476     
   GS iter           5  res=   1.2505552149377763E-012  Ts(1,1,1)=   799.99500002499974       Ts(nx-1,ny-1,1)=   359.72744912491487     
 Solid solver Block           2  GS iterations:         100  final res:   1.1368683772161603E-012
   DBG: Ts(1,1,1)=   799.99500002499963       Ts(nx/2,ny/2,1)=   798.12501724812694       Ts(nx-1,ny-1,1)=   359.72744912491487     
 --------------Force and Moment -----------------------------
 Total Force Coefficient (CL, CD, CS) =
   1.8209654097836410E-007   1.1445041612199320       -2.9137230349651644E-027
 Total Moment Coefficient(CMx, CMy, CMz)=
  0.28612604030498290        4.5524135262111194E-008 -0.53738711855487065     
 Kstep, t=          14   14.000000000000000     
 ----------The Max Residuals are--------  ---Mesh---           1
    0.4072383689E-02    0.9115234571E-07    0.4674173852E-03    0.8129906179E-19    0.2999329645E-02
   The R.M.S Residuals are 
    0.3491635559E-03    0.1601521437E-08    0.4726053090E-04    0.4381674473E-20    0.2859799204E-03
 CPU wall time in this step:   2.8045790000000015E-002
 Averaged CPU wall time is:   3.0062351357142858E-002
   GS iter           1  res=   1.0231815394945443E-012  Ts(1,1,1)=   799.99500002499974       Ts(nx-1,ny-1,1)=   359.72744912491487     
   GS iter           2  res=   1.0231815394945443E-012  Ts(1,1,1)=   799.99500002499963       Ts(nx-1,ny-1,1)=   359.72744912491464     
   GS iter           3  res=   1.2505552149377763E-012  Ts(1,1,1)=   799.99500002499974       Ts(nx-1,ny-1,1)=   359.72744912491476     
   GS iter           4  res=   1.1368683772161603E-012  Ts(1,1,1)=   799.99500002499963       Ts(nx-1,ny-1,1)=   359.72744912491487     
   GS iter           5  res=   1.0231815394945443E-012  Ts(1,1,1)=   799.99500002499974       Ts(nx-1,ny-1,1)=   359.72744912491464     
 Solid solver Block           2  GS iterations:         100  final res:   1.4779288903810084E-012
   DBG: Ts(1,1,1)=   799.99500002499963       Ts(nx/2,ny/2,1)=   798.12501724812694       Ts(nx-1,ny-1,1)=   359.72744912491476     
 --------------Force and Moment -----------------------------
 Total Force Coefficient (CL, CD, CS) =
   1.7883089649371379E-007   1.1550067902647543        1.3453987924006458E-026
 Total Moment Coefficient(CMx, CMy, CMz)=
  0.28875169756618846        4.4707724141109386E-008 -0.54404636951035634     
 Kstep, t=          15   15.000000000000000     
 ----------The Max Residuals are--------  ---Mesh---           1
    0.4052167829E-02    0.9612431077E-07    0.4863958895E-03    0.8130885338E-19    0.2866434814E-02
   The R.M.S Residuals are 
    0.3453469595E-03    0.1704340998E-08    0.4678013042E-04    0.4389435392E-20    0.2815951268E-03
 CPU wall time in this step:   2.7934550999999974E-002
 Averaged CPU wall time is:   2.9920498000000000E-002
   GS iter           1  res=   1.0231815394945443E-012  Ts(1,1,1)=   799.99500002499974       Ts(nx-1,ny-1,1)=   359.72744912491487     
   GS iter           2  res=   1.2505552149377763E-012  Ts(1,1,1)=   799.99500002499963       Ts(nx-1,ny-1,1)=   359.72744912491476     
   GS iter           3  res=   1.0231815394945443E-012  Ts(1,1,1)=   799.99500002499974       Ts(nx-1,ny-1,1)=   359.72744912491476     
   GS iter           4  res=   1.3642420526593924E-012  Ts(1,1,1)=   799.99500002499963       Ts(nx-1,ny-1,1)=   359.72744912491476     
   GS iter           5  res=   9.0949470177292824E-013  Ts(1,1,1)=   799.99500002499974       Ts(nx-1,ny-1,1)=   359.72744912491510     
 Solid solver Block           2  GS iterations:         100  final res:   1.1368683772161603E-012
   DBG: Ts(1,1,1)=   799.99500002499963       Ts(nx/2,ny/2,1)=   798.12501724812694       Ts(nx-1,ny-1,1)=   359.72744912491476     
 --------------Force and Moment -----------------------------
 Total Force Coefficient (CL, CD, CS) =
   1.7386412713652513E-007   1.1671161582487066        5.8764714256618445E-027
 Total Moment Coefficient(CMx, CMy, CMz)=
  0.29177903956217699        4.3466031801997595E-008 -0.55155116502537749     
 Kstep, t=          16   16.000000000000000     
 ----------The Max Residuals are--------  ---Mesh---           1
    0.4017247926E-02    0.1010738440E-06    0.5092895273E-03    0.8130581253E-19    0.2728018545E-02
   The R.M.S Residuals are 
    0.3411058708E-03    0.1808591632E-08    0.4711453988E-04    0.4142269742E-20    0.2769390837E-03
 CPU wall time in this step:   2.8026896000000023E-002
 Averaged CPU wall time is:   2.9802147875000001E-002
   GS iter           1  res=   1.1368683772161603E-012  Ts(1,1,1)=   799.99500002499974       Ts(nx-1,ny-1,1)=   359.72744912491476     
   GS iter           2  res=   1.1368683772161603E-012  Ts(1,1,1)=   799.99500002499963       Ts(nx-1,ny-1,1)=   359.72744912491487     
   GS iter           3  res=   1.1368683772161603E-012  Ts(1,1,1)=   799.99500002499974       Ts(nx-1,ny-1,1)=   359.72744912491464     
   GS iter           4  res=   1.2505552149377763E-012  Ts(1,1,1)=   799.99500002499963       Ts(nx-1,ny-1,1)=   359.72744912491487     
   GS iter           5  res=   1.3642420526593924E-012  Ts(1,1,1)=   799.99500002499974       Ts(nx-1,ny-1,1)=   359.72744912491476     
 Solid solver Block           2  GS iterations:         100  final res:   1.4779288903810084E-012
   DBG: Ts(1,1,1)=   799.99500002499963       Ts(nx/2,ny/2,1)=   798.12501724812694       Ts(nx-1,ny-1,1)=   359.72744912491481     
 --------------Force and Moment -----------------------------
 Total Force Coefficient (CL, CD, CS) =
   1.6765944931925132E-007   1.1804397223244569        2.8694418002855268E-027
 Total Moment Coefficient(CMx, CMy, CMz)=
  0.29510993058111418        4.1914862347883099E-008 -0.55972247785538121     
 Kstep, t=          17   17.000000000000000     
 ----------The Max Residuals are--------  ---Mesh---           1
    0.3965976097E-02    0.1059657330E-06    0.5341782417E-03    0.9487631276E-19    0.2583707535E-02
   The R.M.S Residuals are 
    0.3363759559E-03    0.1914729191E-08    0.4823415892E-04    0.4581594616E-20    0.2720821801E-03
 CPU wall time in this step:   2.7559606000000014E-002
 Averaged CPU wall time is:   2.9670233647058824E-002
   GS iter           1  res=   1.1368683772161603E-012  Ts(1,1,1)=   799.99500002499974       Ts(nx-1,ny-1,1)=   359.72744912491481     
   GS iter           2  res=   1.2505552149377763E-012  Ts(1,1,1)=   799.99500002499963       Ts(nx-1,ny-1,1)=   359.72744912491493     
   GS iter           3  res=   1.2505552149377763E-012  Ts(1,1,1)=   799.99500002499974       Ts(nx-1,ny-1,1)=   359.72744912491498     
   GS iter           4  res=   1.3642420526593924E-012  Ts(1,1,1)=   799.99500002499963       Ts(nx-1,ny-1,1)=   359.72744912491504     
   GS iter           5  res=   1.4779288903810084E-012  Ts(1,1,1)=   799.99500002499974       Ts(nx-1,ny-1,1)=   359.72744912491498     
 Solid solver Block           2  GS iterations:         100  final res:   1.1368683772161603E-012
   DBG: Ts(1,1,1)=   799.99500002499963       Ts(nx/2,ny/2,1)=   798.12501724812694       Ts(nx-1,ny-1,1)=   359.72744912491476     
 --------------Force and Moment -----------------------------
 Total Force Coefficient (CL, CD, CS) =
   1.6060562110144453E-007   1.1946384353830315        3.8552537641370300E-027
 Total Moment Coefficient(CMx, CMy, CMz)=
  0.29865960884575810        4.0151405293648760E-008 -0.56839856744696737     
 Kstep, t=          18   18.000000000000000     
 ----------The Max Residuals are--------  ---Mesh---           1
    0.3897000364E-02    0.1107557227E-06    0.5592480979E-03    0.1084428514E-18    0.2433491554E-02
   The R.M.S Residuals are 
    0.3311261215E-03    0.2023131149E-08    0.5006992830E-04    0.4496196628E-20    0.2670884059E-03
 CPU wall time in this step:   2.9158467999999993E-002
 Averaged CPU wall time is:   2.9641802222222222E-002
   GS iter           1  res=   1.0231815394945443E-012  Ts(1,1,1)=   799.99500002499974       Ts(nx-1,ny-1,1)=   359.72744912491487     
   GS iter           2  res=   1.0231815394945443E-012  Ts(1,1,1)=   799.99500002499963       Ts(nx-1,ny-1,1)=   359.72744912491476     
   GS iter           3  res=   1.4779288903810084E-012  Ts(1,1,1)=   799.99500002499974       Ts(nx-1,ny-1,1)=   359.72744912491487     
   GS iter           4  res=   1.3642420526593924E-012  Ts(1,1,1)=   799.99500002499963       Ts(nx-1,ny-1,1)=   359.72744912491464     
   GS iter           5  res=   1.0231815394945443E-012  Ts(1,1,1)=   799.99500002499974       Ts(nx-1,ny-1,1)=   359.72744912491476     
 Solid solver Block           2  GS iterations:         100  final res:   1.2505552149377763E-012
   DBG: Ts(1,1,1)=   799.99500002499963       Ts(nx/2,ny/2,1)=   798.12501724812694       Ts(nx-1,ny-1,1)=   359.72744912491476     
 --------------Force and Moment -----------------------------
 Total Force Coefficient (CL, CD, CS) =
   1.5303295065863283E-007   1.2094071979572640        4.8190764699213886E-027
 Total Moment Coefficient(CMx, CMy, CMz)=
  0.30235179948931595        3.8258237683171913E-008 -0.57742659440859434     
 Kstep, t=          19   19.000000000000000     
 ----------The Max Residuals are--------  ---Mesh---           1
    0.3809237326E-02    0.1153903801E-06    0.5827287192E-03    0.6775748090E-19    0.2277717410E-02
   The R.M.S Residuals are 
    0.3253596008E-03    0.2134116478E-08    0.5251934714E-04    0.4267932934E-20    0.2620374324E-03
 CPU wall time in this step:   2.8148175999999969E-002
 Averaged CPU wall time is:   2.9563190315789474E-002
   GS iter           1  res=   1.2505552149377763E-012  Ts(1,1,1)=   799.99500002499974       Ts(nx-1,ny-1,1)=   359.72744912491487     
   GS iter           2  res=   1.2505552149377763E-012  Ts(1,1,1)=   799.99500002499963       Ts(nx-1,ny-1,1)=   359.72744912491476     
   GS iter           3  res=   1.2505552149377763E-012  Ts(1,1,1)=   799.99500002499974       Ts(nx-1,ny-1,1)=   359.72744912491487     
   GS iter           4  res=   1.1368683772161603E-012  Ts(1,1,1)=   799.99500002499963       Ts(nx-1,ny-1,1)=   359.72744912491476     
   GS iter           5  res=   1.0231815394945443E-012  Ts(1,1,1)=   799.99500002499974       Ts(nx-1,ny-1,1)=   359.72744912491487     
 Solid solver Block           2  GS iterations:         100  final res:   1.2505552149377763E-012
   DBG: Ts(1,1,1)=   799.99500002499963       Ts(nx/2,ny/2,1)=   798.12501724812694       Ts(nx-1,ny-1,1)=   359.72744912491487     
 --------------Force and Moment -----------------------------
 Total Force Coefficient (CL, CD, CS) =
   1.4522445208219859E-007   1.2244654747048533        4.6718934725836798E-027
 Total Moment Coefficient(CMx, CMy, CMz)=
  0.30611636867621356        3.6306113039293872E-008 -0.58665940866017463     
 Kstep, t=          20   20.000000000000000     
 ----------The Max Residuals are--------  ---Mesh---           1
    0.3701858971E-02    0.1198064491E-06    0.6029542571E-03    0.8134735814E-19    0.2117065943E-02
   The R.M.S Residuals are 
    0.3191141450E-03    0.2247959562E-08    0.5546024056E-04    0.4443811405E-20    0.2570293104E-03
 CPU wall time in this step:   2.7353805000000064E-002
 Averaged CPU wall time is:   2.9452721050000002E-002
   GS iter           1  res=   1.0231815394945443E-012  Ts(1,1,1)=   799.99500002499974       Ts(nx-1,ny-1,1)=   359.72744912491464     
   GS iter           2  res=   1.5916157281026244E-012  Ts(1,1,1)=   799.99500002499963       Ts(nx-1,ny-1,1)=   359.72744912491487     
   GS iter           3  res=   1.2505552149377763E-012  Ts(1,1,1)=   799.99500002499974       Ts(nx-1,ny-1,1)=   359.72744912491498     
   GS iter           4  res=   1.0231815394945443E-012  Ts(1,1,1)=   799.99500002499963       Ts(nx-1,ny-1,1)=   359.72744912491481     
   GS iter           5  res=   1.2505552149377763E-012  Ts(1,1,1)=   799.99500002499974       Ts(nx-1,ny-1,1)=   359.72744912491481     
 Solid solver Block           2  GS iterations:         100  final res:   9.0949470177292824E-013
   DBG: Ts(1,1,1)=   799.99500002499963       Ts(nx/2,ny/2,1)=   798.12501724812694       Ts(nx-1,ny-1,1)=   359.72744912491464     
 --------------Force and Moment -----------------------------
 Total Force Coefficient (CL, CD, CS) =
   1.3742253701564625E-007   1.2395520530743869        1.9381115387962538E-026
 Total Moment Coefficient(CMx, CMy, CMz)=
  0.30988801326859688        3.4355634272886728E-008 -0.59595397899922764     
 Kstep, t=          21   21.000000000000000     
 ----------The Max Residuals are--------  ---Mesh---           1
    0.3574305363E-02    0.1239314383E-06    0.6184108189E-03    0.8134006131E-19    0.2001458545E-02
   The R.M.S Residuals are 
    0.3124629236E-03    0.2364900205E-08    0.5876735275E-04    0.4411324523E-20    0.2521840895E-03
 CPU wall time in this step:   2.8897846999999977E-002
 Averaged CPU wall time is:   2.9426298476190476E-002
   GS iter           1  res=   1.2505552149377763E-012  Ts(1,1,1)=   799.99500002499974       Ts(nx-1,ny-1,1)=   359.72744912491521     
   GS iter           2  res=   1.4779288903810084E-012  Ts(1,1,1)=   799.99500002499963       Ts(nx-1,ny-1,1)=   359.72744912491476     
   GS iter           3  res=   1.2505552149377763E-012  Ts(1,1,1)=   799.99500002499974       Ts(nx-1,ny-1,1)=   359.72744912491487     
   GS iter           4  res=   1.5916157281026244E-012  Ts(1,1,1)=   799.99500002499963       Ts(nx-1,ny-1,1)=   359.72744912491476     
   GS iter           5  res=   1.3642420526593924E-012  Ts(1,1,1)=   799.99500002499974       Ts(nx-1,ny-1,1)=   359.72744912491487     
 Solid solver Block           2  GS iterations:         100  final res:   1.9326762412674725E-012
   DBG: Ts(1,1,1)=   799.99500002499963       Ts(nx/2,ny/2,1)=   798.12501724812694       Ts(nx-1,ny-1,1)=   359.72744912491487     
 --------------Force and Moment -----------------------------
 Total Force Coefficient (CL, CD, CS) =
   1.2983253460416504E-007   1.2544222738097919        9.7493597936575735E-027
 Total Moment Coefficient(CMx, CMy, CMz)=
  0.31360556845244786        3.2458133670244067E-008 -0.60517077864574376     
 Kstep, t=          22   22.000000000000000     
 ----------The Max Residuals are--------  ---Mesh---           1
    0.3426316886E-02    0.1276854729E-06    0.6277901073E-03    0.8133702348E-19    0.1981068282E-02
   The R.M.S Residuals are 
    0.3055142265E-03    0.2485140947E-08    0.6232427764E-04    0.4284269207E-20    0.2476377069E-03
 CPU wall time in this step:   3.2881352999999947E-002
 Averaged CPU wall time is:   2.9583346409090907E-002
   GS iter           1  res=   9.0949470177292824E-013  Ts(1,1,1)=   799.99500002499974       Ts(nx-1,ny-1,1)=   359.72744912491487     
   GS iter           2  res=   1.0231815394945443E-012  Ts(1,1,1)=   799.99500002499963       Ts(nx-1,ny-1,1)=   359.72744912491487     
   GS iter           3  res=   1.2505552149377763E-012  Ts(1,1,1)=   799.99500002499974       Ts(nx-1,ny-1,1)=   359.72744912491476     
   GS iter           4  res=   1.0231815394945443E-012  Ts(1,1,1)=   799.99500002499963       Ts(nx-1,ny-1,1)=   359.72744912491476     
   GS iter           5  res=   1.0231815394945443E-012  Ts(1,1,1)=   799.99500002499974       Ts(nx-1,ny-1,1)=   359.72744912491510     
 Solid solver Block           2  GS iterations:         100  final res:   9.0949470177292824E-013
   DBG: Ts(1,1,1)=   799.99500002499963       Ts(nx/2,ny/2,1)=   798.12501724812694       Ts(nx-1,ny-1,1)=   359.72744912491487     
 --------------Force and Moment -----------------------------
 Total Force Coefficient (CL, CD, CS) =
   1.2262370975174847E-007   1.2688473845877168        1.0216094732173162E-026
 Total Moment Coefficient(CMx, CMy, CMz)=
  0.31721184614692927        3.0655927457360740E-008 -0.61417408981516652     
 Kstep, t=          23   23.000000000000000     
 ----------The Max Residuals are--------  ---Mesh---           1
    0.3257986129E-02    0.1324466127E-06    0.6300462216E-03    0.1084433280E-18    0.1949247727E-02
   The R.M.S Residuals are 
    0.2984071118E-03    0.2608812398E-08    0.6602598466E-04    0.4703137485E-20    0.2435322016E-03
 CPU wall time in this step:   3.5364817000000048E-002
 Averaged CPU wall time is:   2.9834714695652177E-002
   GS iter           1  res=   1.0231815394945443E-012  Ts(1,1,1)=   799.99500002499974       Ts(nx-1,ny-1,1)=   359.72744912491476     
   GS iter           2  res=   1.2505552149377763E-012  Ts(1,1,1)=   799.99500002499963       Ts(nx-1,ny-1,1)=   359.72744912491487     
   GS iter           3  res=   1.4779288903810084E-012  Ts(1,1,1)=   799.99500002499974       Ts(nx-1,ny-1,1)=   359.72744912491476     
   GS iter           4  res=   1.2505552149377763E-012  Ts(1,1,1)=   799.99500002499963       Ts(nx-1,ny-1,1)=   359.72744912491487     
   GS iter           5  res=   1.2505552149377763E-012  Ts(1,1,1)=   799.99500002499974       Ts(nx-1,ny-1,1)=   359.72744912491487     
 Solid solver Block           2  GS iterations:         100  final res:   1.2505552149377763E-012
   DBG: Ts(1,1,1)=   799.99500002499963       Ts(nx/2,ny/2,1)=   798.12501724812694       Ts(nx-1,ny-1,1)=   359.72744912491476     
 --------------Force and Moment -----------------------------
 Total Force Coefficient (CL, CD, CS) =
   1.1592809760115948E-007   1.2826160685844654        1.0404980399105528E-025
 Total Moment Coefficient(CMx, CMy, CMz)=
  0.32065401714611663        2.8982024419924265E-008 -0.62283328099238244     
 Kstep, t=          24   24.000000000000000     
 ----------The Max Residuals are--------  ---Mesh---           1
    0.3069827495E-02    0.1407903781E-06    0.6244356739E-03    0.1084844902E-18    0.1905019536E-02
   The R.M.S Residuals are 
    0.2913276053E-03    0.2736088501E-08    0.6979939479E-04    0.4607736796E-20    0.2400208437E-03
 CPU wall time in this step:   3.1596744999999982E-002
 Averaged CPU wall time is:   2.9908132625000000E-002
   GS iter           1  res=   1.0231815394945443E-012  Ts(1,1,1)=   799.99500002499974       Ts(nx-1,ny-1,1)=   359.72744912491487     
   GS iter           2  res=   1.1368683772161603E-012  Ts(1,1,1)=   799.99500002499963       Ts(nx-1,ny-1,1)=   359.72744912491476     
   GS iter           3  res=   1.1368683772161603E-012  Ts(1,1,1)=   799.99500002499974       Ts(nx-1,ny-1,1)=   359.72744912491487     
   GS iter           4  res=   1.0231815394945443E-012  Ts(1,1,1)=   799.99500002499963       Ts(nx-1,ny-1,1)=   359.72744912491464     
   GS iter           5  res=   9.0949470177292824E-013  Ts(1,1,1)=   799.99500002499974       Ts(nx-1,ny-1,1)=   359.72744912491498     
 Solid solver Block           2  GS iterations:         100  final res:   1.1368683772161603E-012
   DBG: Ts(1,1,1)=   799.99500002499963       Ts(nx/2,ny/2,1)=   798.12501724812694       Ts(nx-1,ny-1,1)=   359.72744912491498     
 --------------Force and Moment -----------------------------
 Total Force Coefficient (CL, CD, CS) =
   1.0983955179429960E-007   1.2955351416037344        9.7871877328459303E-026
 Total Moment Coefficient(CMx, CMy, CMz)=
  0.32388378540093399        2.7459887968407060E-008 -0.63102426837820247     
 Kstep, t=          25   25.000000000000000     
 ----------The Max Residuals are--------  ---Mesh---           1
    0.2862858069E-02    0.1495095004E-06    0.6106669244E-03    0.9489211769E-19    0.1847768295E-02
   The R.M.S Residuals are 
    0.2844817245E-03    0.2867059739E-08    0.7357563532E-04    0.4612007744E-20    0.2372367720E-03
 CPU wall time in this step:   2.9687659000000033E-002
 Averaged CPU wall time is:   2.9899313680000001E-002
   GS iter           1  res=   1.0231815394945443E-012  Ts(1,1,1)=   799.99500002499974       Ts(nx-1,ny-1,1)=   359.72744912491481     
   GS iter           2  res=   1.0231815394945443E-012  Ts(1,1,1)=   799.99500002499963       Ts(nx-1,ny-1,1)=   359.72744912491481     
   GS iter           3  res=   1.0231815394945443E-012  Ts(1,1,1)=   799.99500002499974       Ts(nx-1,ny-1,1)=   359.72744912491481     
   GS iter           4  res=   1.0231815394945443E-012  Ts(1,1,1)=   799.99500002499963       Ts(nx-1,ny-1,1)=   359.72744912491481     
   GS iter           5  res=   9.0949470177292824E-013  Ts(1,1,1)=   799.99500002499974       Ts(nx-1,ny-1,1)=   359.72744912491481     
 Solid solver Block           2  GS iterations:         100  final res:   1.8189894035458565E-012
   DBG: Ts(1,1,1)=   799.99500002499963       Ts(nx/2,ny/2,1)=   798.12501724812694       Ts(nx-1,ny-1,1)=   359.72744912491487     
 --------------Force and Moment -----------------------------
 Total Force Coefficient (CL, CD, CS) =
   1.0440886108492583E-007   1.3074322026232561        4.1325482001229507E-026
 Total Moment Coefficient(CMx, CMy, CMz)=
  0.32685805065581391        2.6102215291245741E-008 -0.63863174788075250     
 Kstep, t=          26   26.000000000000000     
 ----------The Max Residuals are--------  ---Mesh---           1
    0.2638680972E-02    0.1585159370E-06    0.6265552866E-03    0.8136191575E-19    0.1812915321E-02
   The R.M.S Residuals are 
    0.2780841934E-03    0.3001750565E-08    0.7727906114E-04    0.4614086083E-20    0.2352812238E-03
 CPU wall time in this step:   2.9183332999999978E-002
 Averaged CPU wall time is:   2.9871775961538463E-002
   GS iter           1  res=   1.3642420526593924E-012  Ts(1,1,1)=   799.99500002499974       Ts(nx-1,ny-1,1)=   359.72744912491476     
   GS iter           2  res=   1.0231815394945443E-012  Ts(1,1,1)=   799.99500002499963       Ts(nx-1,ny-1,1)=   359.72744912491487     
   GS iter           3  res=   9.0949470177292824E-013  Ts(1,1,1)=   799.99500002499974       Ts(nx-1,ny-1,1)=   359.72744912491476     
   GS iter           4  res=   1.0231815394945443E-012  Ts(1,1,1)=   799.99500002499963       Ts(nx-1,ny-1,1)=   359.72744912491498     
   GS iter           5  res=   1.0231815394945443E-012  Ts(1,1,1)=   799.99500002499974       Ts(nx-1,ny-1,1)=   359.72744912491481     
 Solid solver Block           2  GS iterations:         100  final res:   1.4779288903810084E-012
   DBG: Ts(1,1,1)=   799.99500002499963       Ts(nx/2,ny/2,1)=   798.12501724812694       Ts(nx-1,ny-1,1)=   359.72744912491487     
 --------------Force and Moment -----------------------------
 Total Force Coefficient (CL, CD, CS) =
   9.9639645798963623E-008   1.3181609870437896        5.3331562353275423E-026
 Total Moment Coefficient(CMx, CMy, CMz)=
  0.32954024676094729        2.4909911469919427E-008 -0.64555343827424072     
 Kstep, t=          27   27.000000000000000     
 ----------The Max Residuals are--------  ---Mesh---           1
    0.2399591179E-02    0.1676883376E-06    0.6835883896E-03    0.6774140908E-19    0.1888722535E-02
   The R.M.S Residuals are 
    0.2723691440E-03    0.3140142368E-08    0.8082095131E-04    0.4575502655E-20    0.2342197155E-03
 CPU wall time in this step:   3.0202104000000007E-002
 Averaged CPU wall time is:   2.9884010333333336E-002
   GS iter           1  res=   1.0231815394945443E-012  Ts(1,1,1)=   799.99500002499974       Ts(nx-1,ny-1,1)=   359.72744912491487     
   GS iter           2  res=   1.1368683772161603E-012  Ts(1,1,1)=   799.99500002499963       Ts(nx-1,ny-1,1)=   359.72744912491476     
   GS iter           3  res=   1.0231815394945443E-012  Ts(1,1,1)=   799.99500002499974       Ts(nx-1,ny-1,1)=   359.72744912491487     
   GS iter           4  res=   1.2505552149377763E-012  Ts(1,1,1)=   799.99500002499963       Ts(nx-1,ny-1,1)=   359.72744912491476     
   GS iter           5  res=   1.0231815394945443E-012  Ts(1,1,1)=   799.99500002499974       Ts(nx-1,ny-1,1)=   359.72744912491487     
 Solid solver Block           2  GS iterations:         100  final res:   1.1368683772161603E-012
   DBG: Ts(1,1,1)=   799.99500002499963       Ts(nx/2,ny/2,1)=   798.12501724812762       Ts(nx-1,ny-1,1)=   359.72744912491487     
 --------------Force and Moment -----------------------------
 Total Force Coefficient (CL, CD, CS) =
   9.5490390032786000E-008   1.3276012174944869        4.1115951955493682E-026
 Total Moment Coefficient(CMx, CMy, CMz)=
  0.33190030437362150        2.3872597528519534E-008 -0.65170033537493433     
 Kstep, t=          28   28.000000000000000     
 ----------The Max Residuals are--------  ---Mesh---           1
    0.2148510839E-02    0.1768709840E-06    0.7457213019E-03    0.6775879760E-19    0.1955082659E-02
   The R.M.S Residuals are 
    0.2675488300E-03    0.3282138383E-08    0.8409393545E-04    0.4483549488E-20    0.2340630615E-03
 CPU wall time in this step:   3.3750019999999936E-002
 Averaged CPU wall time is:   3.0022082107142856E-002
   GS iter           1  res=   1.1368683772161603E-012  Ts(1,1,1)=   799.99500002499974       Ts(nx-1,ny-1,1)=   359.72744912491476     
   GS iter           2  res=   1.2505552149377763E-012  Ts(1,1,1)=   799.99500002499963       Ts(nx-1,ny-1,1)=   359.72744912491487     
   GS iter           3  res=   1.2505552149377763E-012  Ts(1,1,1)=   799.99500002499974       Ts(nx-1,ny-1,1)=   359.72744912491487     
   GS iter           4  res=   1.2505552149377763E-012  Ts(1,1,1)=   799.99500002499963       Ts(nx-1,ny-1,1)=   359.72744912491476     
   GS iter           5  res=   1.2505552149377763E-012  Ts(1,1,1)=   799.99500002499974       Ts(nx-1,ny-1,1)=   359.72744912491487     
 Solid solver Block           2  GS iterations:         100  final res:   1.1368683772161603E-012
   DBG: Ts(1,1,1)=   799.99500002499963       Ts(nx/2,ny/2,1)=   798.12501724812694       Ts(nx-1,ny-1,1)=   359.72744912491487     
 --------------Force and Moment -----------------------------
 Total Force Coefficient (CL, CD, CS) =
   9.1875249240020918E-008   1.3356616348840227        3.7137305446919463E-026
 Total Moment Coefficient(CMx, CMy, CMz)=
  0.33391540872100584        2.2968812330451652E-008 -0.65699958427156446     
 Kstep, t=          29   29.000000000000000     
 ----------The Max Residuals are--------  ---Mesh---           1
    0.1996276699E-02    0.1858760313E-06    0.7942909438E-03    0.1084476889E-18    0.2008455806E-02
   The R.M.S Residuals are 
    0.2638053110E-03    0.3427584501E-08    0.8697225591E-04    0.5108649248E-20    0.2347747451E-03
 CPU wall time in this step:   3.4372033000000024E-002
 Averaged CPU wall time is:   3.0172080413793104E-002
   GS iter           1  res=   1.2505552149377763E-012  Ts(1,1,1)=   799.99500002499974       Ts(nx-1,ny-1,1)=   359.72744912491487     
   GS iter           2  res=   1.0231815394945443E-012  Ts(1,1,1)=   799.99500002499963       Ts(nx-1,ny-1,1)=   359.72744912491476     
   GS iter           3  res=   1.0231815394945443E-012  Ts(1,1,1)=   799.99500002499974       Ts(nx-1,ny-1,1)=   359.72744912491487     
   GS iter           4  res=   9.0949470177292824E-013  Ts(1,1,1)=   799.99500002499963       Ts(nx-1,ny-1,1)=   359.72744912491476     
   GS iter           5  res=   9.0949470177292824E-013  Ts(1,1,1)=   799.99500002499974       Ts(nx-1,ny-1,1)=   359.72744912491487     
 Solid solver Block           2  GS iterations:         100  final res:   1.0231815394945443E-012
   DBG: Ts(1,1,1)=   799.99500002499963       Ts(nx/2,ny/2,1)=   798.12501724812694       Ts(nx-1,ny-1,1)=   359.72744912491487     
 --------------Force and Moment -----------------------------
 Total Force Coefficient (CL, CD, CS) =
   8.8671156419253645E-008   1.3422828806008413        3.5623187149536754E-026
 Total Moment Coefficient(CMx, CMy, CMz)=
  0.33557072015021039        2.2167789125361193E-008 -0.66139748151811506     
 Kstep, t=          30   30.000000000000000     
 ----------The Max Residuals are--------  ---Mesh---           1
    0.2022676568E-02    0.1944893927E-06    0.8248388045E-03    0.9487709252E-19    0.2045406866E-02
   The R.M.S Residuals are 
    0.2612750543E-03    0.3576282837E-08    0.8933547606E-04    0.4904452165E-20    0.2362831369E-03
 CPU wall time in this step:   3.0001362000000031E-002
 Averaged CPU wall time is:   3.0166389800000002E-002
   GS iter           1  res=   1.5916157281026244E-012  Ts(1,1,1)=   799.99500002499974       Ts(nx-1,ny-1,1)=   359.72744912491487     
   GS iter           2  res=   1.2505552149377763E-012  Ts(1,1,1)=   799.99500002499963       Ts(nx-1,ny-1,1)=   359.72744912491476     
   GS iter           3  res=   1.1368683772161603E-012  Ts(1,1,1)=   799.99500002499974       Ts(nx-1,ny-1,1)=   359.72744912491487     
   GS iter           4  res=   1.0231815394945443E-012  Ts(1,1,1)=   799.99500002499963       Ts(nx-1,ny-1,1)=   359.72744912491476     
   GS iter           5  res=   1.0231815394945443E-012  Ts(1,1,1)=   799.99500002499974       Ts(nx-1,ny-1,1)=   359.72744912491487     
 Solid solver Block           2  GS iterations:         100  final res:   1.3642420526593924E-012
   DBG: Ts(1,1,1)=   799.99500002499963       Ts(nx/2,ny/2,1)=   798.12501724812694       Ts(nx-1,ny-1,1)=   359.72744912491487     
 --------------Force and Moment -----------------------------
 Total Force Coefficient (CL, CD, CS) =
   8.5727024819687724E-008   1.3474406301325470        3.1932737025720208E-026
 Total Moment Coefficient(CMx, CMy, CMz)=
  0.33686015753313664        2.1431756225548666E-008 -0.66486280734526171     
 Kstep, t=          31   31.000000000000000     
 ----------The Max Residuals are--------  ---Mesh---           1
    0.2025590542E-02    0.2024803455E-06    0.8336956714E-03    0.1084092628E-18    0.2062876994E-02
   The R.M.S Residuals are 
    0.2600280696E-03    0.3727966373E-08    0.9110235116E-04    0.4912162494E-20    0.2384940252E-03
 CPU wall time in this step:   3.0268183999999976E-002
 Averaged CPU wall time is:   3.0169673483870969E-002
   GS iter           1  res=   1.0231815394945443E-012  Ts(1,1,1)=   799.99500002499974       Ts(nx-1,ny-1,1)=   359.72744912491476     
   GS iter           2  res=   9.0949470177292824E-013  Ts(1,1,1)=   799.99500002499963       Ts(nx-1,ny-1,1)=   359.72744912491487     
   GS iter           3  res=   1.0231815394945443E-012  Ts(1,1,1)=   799.99500002499974       Ts(nx-1,ny-1,1)=   359.72744912491476     
   GS iter           4  res=   1.3642420526593924E-012  Ts(1,1,1)=   799.99500002499963       Ts(nx-1,ny-1,1)=   359.72744912491487     
   GS iter           5  res=   1.0231815394945443E-012  Ts(1,1,1)=   799.99500002499974       Ts(nx-1,ny-1,1)=   359.72744912491476     
 Solid solver Block           2  GS iterations:         100  final res:   9.0949470177292824E-013
   DBG: Ts(1,1,1)=   799.99500002499963       Ts(nx/2,ny/2,1)=   798.12501724812694       Ts(nx-1,ny-1,1)=   359.72744912491487     
 --------------Force and Moment -----------------------------
 Total Force Coefficient (CL, CD, CS) =
   8.2874127286346981E-008   1.3511492965422378        2.3546628264324292E-026
 Total Moment Coefficient(CMx, CMy, CMz)=
  0.33778732413555979        2.0718531842270254E-008 -0.66739055360339616     
 Kstep, t=          32   32.000000000000000     
 ----------The Max Residuals are--------  ---Mesh---           1
    0.2003395902E-02    0.2096151421E-06    0.8187698916E-03    0.1219905130E-18    0.2058480131E-02
   The R.M.S Residuals are 
    0.2600716172E-03    0.3882452659E-08    0.9228327214E-04    0.5262879973E-20    0.2413169620E-03
 CPU wall time in this step:   2.8483770999999991E-002
 Averaged CPU wall time is:   3.0116989031249999E-002
   GS iter           1  res=   1.2505552149377763E-012  Ts(1,1,1)=   799.99500002499974       Ts(nx-1,ny-1,1)=   359.72744912491487     
   GS iter           2  res=   1.0231815394945443E-012  Ts(1,1,1)=   799.99500002499963       Ts(nx-1,ny-1,1)=   359.72744912491510     
   GS iter           3  res=   1.2505552149377763E-012  Ts(1,1,1)=   799.99500002499974       Ts(nx-1,ny-1,1)=   359.72744912491487     
   GS iter           4  res=   1.1368683772161603E-012  Ts(1,1,1)=   799.99500002499963       Ts(nx-1,ny-1,1)=   359.72744912491464     
   GS iter           5  res=   1.2505552149377763E-012  Ts(1,1,1)=   799.99500002499974       Ts(nx-1,ny-1,1)=   359.72744912491498     
 Solid solver Block           2  GS iterations:         100  final res:   1.4779288903810084E-012
   DBG: Ts(1,1,1)=   799.99500002499963       Ts(nx/2,ny/2,1)=   798.12501724812694       Ts(nx-1,ny-1,1)=   359.72744912491476     
 --------------Force and Moment -----------------------------
 Total Force Coefficient (CL, CD, CS) =
   7.9935245149660990E-008   1.3534650104136103        9.4903427712642170E-026
 Total Moment Coefficient(CMx, CMy, CMz)=
  0.33836625260340270        1.9983811308134206E-008 -0.66900533500881620     
 Kstep, t=          33   33.000000000000000     
 ----------The Max Residuals are--------  ---Mesh---           1
    0.1956268542E-02    0.2156697729E-06    0.7800858830E-03    0.6780092721E-19    0.2030693020E-02
   The R.M.S Residuals are 
    0.2613065744E-03    0.4039494116E-08    0.9298219468E-04    0.4865675385E-20    0.2446438327E-03
 CPU wall time in this step:   3.4500991000000036E-002
 Averaged CPU wall time is:   3.0249837575757575E-002
   GS iter           1  res=   1.3642420526593924E-012  Ts(1,1,1)=   799.99500002499974       Ts(nx-1,ny-1,1)=   359.72744912491487     
   GS iter           2  res=   1.2505552149377763E-012  Ts(1,1,1)=   799.99500002499963       Ts(nx-1,ny-1,1)=   359.72744912491487     
   GS iter           3  res=   1.4779288903810084E-012  Ts(1,1,1)=   799.99500002499974       Ts(nx-1,ny-1,1)=   359.72744912491464     
   GS iter           4  res=   1.2505552149377763E-012  Ts(1,1,1)=   799.99500002499963       Ts(nx-1,ny-1,1)=   359.72744912491476     
   GS iter           5  res=   1.2505552149377763E-012  Ts(1,1,1)=   799.99500002499974       Ts(nx-1,ny-1,1)=   359.72744912491487     
 Solid solver Block           2  GS iterations:         100  final res:   1.3642420526593924E-012
   DBG: Ts(1,1,1)=   799.99500002499963       Ts(nx/2,ny/2,1)=   798.12501724812694       Ts(nx-1,ny-1,1)=   359.72744912491487     
 --------------Force and Moment -----------------------------
 Total Force Coefficient (CL, CD, CS) =
   7.6728517676301168E-008   1.3544871538083021        1.0400270655918825E-025
 Total Moment Coefficient(CMx, CMy, CMz)=
  0.33862178845207563        1.9182129439809898E-008 -0.66976346733160774     
 Kstep, t=          34   34.000000000000000     
 ----------The Max Residuals are--------  ---Mesh---           1
    0.2111858934E-02    0.2204451325E-06    0.7199484339E-03    0.9488434263E-19    0.1979031143E-02
   The R.M.S Residuals are 
    0.2635192744E-03    0.4198806172E-08    0.9337480923E-04    0.5317293833E-20    0.2483384622E-03
 CPU wall time in this step:   2.9568038999999935E-002
 Averaged CPU wall time is:   3.0229784676470587E-002
   GS iter           1  res=   1.1368683772161603E-012  Ts(1,1,1)=   799.99500002499974       Ts(nx-1,ny-1,1)=   359.72744912491487     
   GS iter           2  res=   9.0949470177292824E-013  Ts(1,1,1)=   799.99500002499963       Ts(nx-1,ny-1,1)=   359.72744912491487     
   GS iter           3  res=   1.1368683772161603E-012  Ts(1,1,1)=   799.99500002499974       Ts(nx-1,ny-1,1)=   359.72744912491476     
   GS iter           4  res=   1.2505552149377763E-012  Ts(1,1,1)=   799.99500002499963       Ts(nx-1,ny-1,1)=   359.72744912491487     
   GS iter           5  res=   1.0231815394945443E-012  Ts(1,1,1)=   799.99500002499974       Ts(nx-1,ny-1,1)=   359.72744912491476     
 Solid solver Block           2  GS iterations:         100  final res:   1.3642420526593924E-012
   DBG: Ts(1,1,1)=   799.99500002499963       Ts(nx/2,ny/2,1)=   798.12501724812694       Ts(nx-1,ny-1,1)=   359.72744912491487     
 --------------Force and Moment -----------------------------
 Total Force Coefficient (CL, CD, CS) =
   7.3067739923139475E-008   1.3543567136191499        1.4588360062651859E-025
 Total Moment Coefficient(CMx, CMy, CMz)=
  0.33858917840478725        1.8266935001517476E-008 -0.66975239232141615     
 Kstep, t=          35   35.000000000000000     
 ----------The Max Residuals are--------  ---Mesh---           1
    0.2258664946E-02    0.2237821680E-06    0.7091226016E-03    0.8135170085E-19    0.1913157658E-02
   The R.M.S Residuals are 
    0.2663711907E-03    0.4360033713E-08    0.9364081058E-04    0.5055153633E-20    0.2522116761E-03
 CPU wall time in this step:   2.9877791999999959E-002
 Averaged CPU wall time is:   3.0219727742857139E-002
   GS iter           1  res=   9.0949470177292824E-013  Ts(1,1,1)=   799.99500002499974       Ts(nx-1,ny-1,1)=   359.72744912491476     
   GS iter           2  res=   1.2505552149377763E-012  Ts(1,1,1)=   799.99500002499963       Ts(nx-1,ny-1,1)=   359.72744912491487     
   GS iter           3  res=   1.0231815394945443E-012  Ts(1,1,1)=   799.99500002499974       Ts(nx-1,ny-1,1)=   359.72744912491476     
   GS iter           4  res=   1.0231815394945443E-012  Ts(1,1,1)=   799.99500002499963       Ts(nx-1,ny-1,1)=   359.72744912491487     
   GS iter           5  res=   1.2505552149377763E-012  Ts(1,1,1)=   799.99500002499974       Ts(nx-1,ny-1,1)=   359.72744912491476     
 Solid solver Block           2  GS iterations:         100  final res:   1.2505552149377763E-012
   DBG: Ts(1,1,1)=   799.99500002499963       Ts(nx/2,ny/2,1)=   798.12501724812694       Ts(nx-1,ny-1,1)=   359.72744912491481     
 --------------Force and Moment -----------------------------
 Total Force Coefficient (CL, CD, CS) =
   6.8758906954652881E-008   1.3532511509492768        1.0989530445363581E-025
 Total Moment Coefficient(CMx, CMy, CMz)=
  0.33831278773731932        1.7189726759378903E-008 -0.66908726273739827     
 Kstep, t=          36   36.000000000000000     
 ----------The Max Residuals are--------  ---Mesh---           1
    0.2380260717E-02    0.2303002407E-06    0.7722076901E-03    0.8137921482E-19    0.1994293421E-02
   The R.M.S Residuals are 
    0.2694672639E-03    0.4522816791E-08    0.9389732611E-04    0.5185549719E-20    0.2560333774E-03
 CPU wall time in this step:   3.0221471000000166E-002
 Averaged CPU wall time is:   3.0219776166666670E-002
   GS iter           1  res=   1.2505552149377763E-012  Ts(1,1,1)=   799.99500002499974       Ts(nx-1,ny-1,1)=   359.72744912491493     
   GS iter           2  res=   9.0949470177292824E-013  Ts(1,1,1)=   799.99500002499963       Ts(nx-1,ny-1,1)=   359.72744912491476     
   GS iter           3  res=   1.1368683772161603E-012  Ts(1,1,1)=   799.99500002499974       Ts(nx-1,ny-1,1)=   359.72744912491487     
   GS iter           4  res=   1.0231815394945443E-012  Ts(1,1,1)=   799.99500002499963       Ts(nx-1,ny-1,1)=   359.72744912491487     
   GS iter           5  res=   1.0231815394945443E-012  Ts(1,1,1)=   799.99500002499974       Ts(nx-1,ny-1,1)=   359.72744912491476     
 Solid solver Block           2  GS iterations:         100  final res:   1.2505552149377763E-012
   DBG: Ts(1,1,1)=   799.99500002499963       Ts(nx/2,ny/2,1)=   798.12501724812694       Ts(nx-1,ny-1,1)=   359.72744912491476     
 --------------Force and Moment -----------------------------
 Total Force Coefficient (CL, CD, CS) =
   6.3595425356550103E-008   1.3513753338280197       -3.8466791441563019E-025
 Total Moment Coefficient(CMx, CMy, CMz)=
  0.33784383345700458        1.5898856359824496E-008 -0.66790436392786823     
 Kstep, t=          37   37.000000000000000     
 ----------The Max Residuals are--------  ---Mesh---           1
    0.2468565756E-02    0.2440312964E-06    0.8187548326E-03    0.9487348947E-19    0.2059678266E-02
   The R.M.S Residuals are 
    0.2723791794E-03    0.4686773367E-08    0.9415113143E-04    0.5402427737E-20    0.2595365177E-03
 CPU wall time in this step:   2.7060487999999827E-002
 Averaged CPU wall time is:   3.0134389999999997E-002
   GS iter           1  res=   9.0949470177292824E-013  Ts(1,1,1)=   799.99500002499974       Ts(nx-1,ny-1,1)=   359.72744912491487     
   GS iter           2  res=   1.2505552149377763E-012  Ts(1,1,1)=   799.99500002499963       Ts(nx-1,ny-1,1)=   359.72744912491476     
   GS iter           3  res=   1.0231815394945443E-012  Ts(1,1,1)=   799.99500002499974       Ts(nx-1,ny-1,1)=   359.72744912491487     
   GS iter           4  res=   9.0949470177292824E-013  Ts(1,1,1)=   799.99500002499963       Ts(nx-1,ny-1,1)=   359.72744912491487     
   GS iter           5  res=   1.0231815394945443E-012  Ts(1,1,1)=   799.99500002499974       Ts(nx-1,ny-1,1)=   359.72744912491476     
 Solid solver Block           2  GS iterations:         100  final res:   1.0231815394945443E-012
   DBG: Ts(1,1,1)=   799.99500002499963       Ts(nx/2,ny/2,1)=   798.12501724812694       Ts(nx-1,ny-1,1)=   359.72744912491487     
 --------------Force and Moment -----------------------------
 Total Force Coefficient (CL, CD, CS) =
   5.7350320825586540E-008   1.3489600377547704       -3.3113491110057689E-025
 Total Moment Coefficient(CMx, CMy, CMz)=
  0.33724000943869281        1.4337580227046630E-008 -0.66635971286352236     
 Kstep, t=          38   38.000000000000000     
 ----------The Max Residuals are--------  ---Mesh---           1
    0.2517275827E-02    0.2571705152E-06    0.8432439398E-03    0.8133059753E-19    0.2104637369E-02
   The R.M.S Residuals are 
    0.2747029252E-03    0.4851548706E-08    0.9429367444E-04    0.4988868745E-20    0.2624563559E-03
 CPU wall time in this step:   3.0859174000000156E-002
 Averaged CPU wall time is:   3.0153463263157897E-002
   GS iter           1  res=   1.0231815394945443E-012  Ts(1,1,1)=   799.99500002499974       Ts(nx-1,ny-1,1)=   359.72744912491476     
   GS iter           2  res=   1.0231815394945443E-012  Ts(1,1,1)=   799.99500002499963       Ts(nx-1,ny-1,1)=   359.72744912491487     
   GS iter           3  res=   1.5916157281026244E-012  Ts(1,1,1)=   799.99500002499974       Ts(nx-1,ny-1,1)=   359.72744912491476     
   GS iter           4  res=   1.2505552149377763E-012  Ts(1,1,1)=   799.99500002499963       Ts(nx-1,ny-1,1)=   359.72744912491487     
   GS iter           5  res=   1.5916157281026244E-012  Ts(1,1,1)=   799.99500002499974       Ts(nx-1,ny-1,1)=   359.72744912491476     
 Solid solver Block           2  GS iterations:         100  final res:   1.1368683772161603E-012
   DBG: Ts(1,1,1)=   799.99500002499963       Ts(nx/2,ny/2,1)=   798.12501724812694       Ts(nx-1,ny-1,1)=   359.72744912491487     
 --------------Force and Moment -----------------------------
 Total Force Coefficient (CL, CD, CS) =
   4.9766523408074926E-008   1.3462906134781136       -3.1417141998430486E-025
 Total Moment Coefficient(CMx, CMy, CMz)=
  0.33657265336952846        1.2441630872627862E-008 -0.66464753405331201     
 Kstep, t=          39   39.000000000000000     
 ----------The Max Residuals are--------  ---Mesh---           1
    0.2522229543E-02    0.2693169654E-06    0.8409962936E-03    0.8134989135E-19    0.2125004085E-02
   The R.M.S Residuals are 
    0.2760403803E-03    0.5016715161E-08    0.9415072402E-04    0.5124275586E-20    0.2645362851E-03
 CPU wall time in this step:   3.2536170999999836E-002
 Averaged CPU wall time is:   3.0214558333333332E-002
   GS iter           1  res=   1.5916157281026244E-012  Ts(1,1,1)=   799.99500002499974       Ts(nx-1,ny-1,1)=   359.72744912491487     
   GS iter           2  res=   1.0231815394945443E-012  Ts(1,1,1)=   799.99500002499963       Ts(nx-1,ny-1,1)=   359.72744912491487     
   GS iter           3  res=   1.5916157281026244E-012  Ts(1,1,1)=   799.99500002499974       Ts(nx-1,ny-1,1)=   359.72744912491476     
   GS iter           4  res=   1.0231815394945443E-012  Ts(1,1,1)=   799.99500002499963       Ts(nx-1,ny-1,1)=   359.72744912491487     
   GS iter           5  res=   1.1368683772161603E-012  Ts(1,1,1)=   799.99500002499974       Ts(nx-1,ny-1,1)=   359.72744912491476     
 Solid solver Block           2  GS iterations:         100  final res:   1.1368683772161603E-012
   DBG: Ts(1,1,1)=   799.99500002499963       Ts(nx/2,ny/2,1)=   798.12501724812694       Ts(nx-1,ny-1,1)=   359.72744912491476     
 --------------Force and Moment -----------------------------
 Total Force Coefficient (CL, CD, CS) =
   4.0439071216992982E-008   1.3437428359420236       -2.5557081815395989E-025
 Total Moment Coefficient(CMx, CMy, CMz)=
  0.33593570898550584        1.0109767824818374E-008 -0.66301803326323472     
 Kstep, t=          40   40.000000000000000     
 ----------The Max Residuals are--------  ---Mesh---           1
    0.2480672333E-02    0.2800637729E-06    0.8080861427E-03    0.1355221864E-18    0.2117578534E-02
   The R.M.S Residuals are 
    0.2759975571E-03    0.5181704285E-08    0.9364653774E-04    0.5290818902E-20    0.2655498414E-03
 CPU wall time in this step:   3.1154822000000193E-002
 Averaged CPU wall time is:   3.0238064925000002E-002
   GS iter           1  res=   1.1368683772161603E-012  Ts(1,1,1)=   799.99500002499974       Ts(nx-1,ny-1,1)=   359.72744912491487     
   GS iter           2  res=   1.0231815394945443E-012  Ts(1,1,1)=   799.99500002499963       Ts(nx-1,ny-1,1)=   359.72744912491476     
   GS iter           3  res=   1.0231815394945443E-012  Ts(1,1,1)=   799.99500002499974       Ts(nx-1,ny-1,1)=   359.72744912491487     
   GS iter           4  res=   1.2505552149377763E-012  Ts(1,1,1)=   799.99500002499963       Ts(nx-1,ny-1,1)=   359.72744912491476     
   GS iter           5  res=   1.2505552149377763E-012  Ts(1,1,1)=   799.99500002499974       Ts(nx-1,ny-1,1)=   359.72744912491487     
 Solid solver Block           2  GS iterations:         100  final res:   1.3642420526593924E-012
   DBG: Ts(1,1,1)=   799.99500002499963       Ts(nx/2,ny/2,1)=   798.12501724812694       Ts(nx-1,ny-1,1)=   359.72744912491487     
 --------------Force and Moment -----------------------------
 Total Force Coefficient (CL, CD, CS) =
   2.8820853235956429E-008   1.3410827715992488       -1.8097689992749042E-025
 Total Moment Coefficient(CMx, CMy, CMz)=
  0.33527069289981259        7.2052133295185167E-009 -0.66134307047664298     
 Kstep, t=          41   41.000000000000000     
 ----------The Max Residuals are--------  ---Mesh---           1
    0.2390007191E-02    0.2890147216E-06    0.7410183039E-03    0.1084361152E-18    0.2080285148E-02
   The R.M.S Residuals are 
    0.2749733444E-03    0.5346722917E-08    0.9295481297E-04    0.5262888323E-20    0.2657437800E-03
 CPU wall time in this step:   3.3923265999999952E-002
 Averaged CPU wall time is:   3.0327947878048780E-002
   GS iter           1  res=   1.0231815394945443E-012  Ts(1,1,1)=   799.99500002499974       Ts(nx-1,ny-1,1)=   359.72744912491476     
   GS iter           2  res=   1.3642420526593924E-012  Ts(1,1,1)=   799.99500002499963       Ts(nx-1,ny-1,1)=   359.72744912491487     
   GS iter           3  res=   1.3642420526593924E-012  Ts(1,1,1)=   799.99500002499974       Ts(nx-1,ny-1,1)=   359.72744912491487     
   GS iter           4  res=   1.1368683772161603E-012  Ts(1,1,1)=   799.99500002499963       Ts(nx-1,ny-1,1)=   359.72744912491487     
   GS iter           5  res=   1.2505552149377763E-012  Ts(1,1,1)=   799.99500002499974       Ts(nx-1,ny-1,1)=   359.72744912491487     
 Solid solver Block           2  GS iterations:         100  final res:   1.0231815394945443E-012
   DBG: Ts(1,1,1)=   799.99500002499963       Ts(nx/2,ny/2,1)=   798.12501724812694       Ts(nx-1,ny-1,1)=   359.72744912491487     
 --------------Force and Moment -----------------------------
 Total Force Coefficient (CL, CD, CS) =
   1.4882296962669171E-008   1.3376886777538521       -5.6735954902788123E-025
 Total Moment Coefficient(CMx, CMy, CMz)=
  0.33442216943846287        3.7205742611447448E-009 -0.65919738105335657     
 Kstep, t=          42   42.000000000000000     
 ----------The Max Residuals are--------  ---Mesh---           1
    0.2258294049E-02    0.2957904651E-06    0.7010141560E-03    0.8131882950E-19    0.2012015578E-02
   The R.M.S Residuals are 
    0.2741037687E-03    0.5513283935E-08    0.9217065960E-04    0.5058154415E-20    0.2657943082E-03
 CPU wall time in this step:   3.7456737999999934E-002
 Averaged CPU wall time is:   3.0497680976190475E-002
   GS iter           1  res=   1.1368683772161603E-012  Ts(1,1,1)=   799.99500002499974       Ts(nx-1,ny-1,1)=   359.72744912491487     
   GS iter           2  res=   1.1368683772161603E-012  Ts(1,1,1)=   799.99500002499963       Ts(nx-1,ny-1,1)=   359.72744912491464     
   GS iter           3  res=   1.1368683772161603E-012  Ts(1,1,1)=   799.99500002499974       Ts(nx-1,ny-1,1)=   359.72744912491487     
   GS iter           4  res=   1.0231815394945443E-012  Ts(1,1,1)=   799.99500002499963       Ts(nx-1,ny-1,1)=   359.72744912491487     
   GS iter           5  res=   1.2505552149377763E-012  Ts(1,1,1)=   799.99500002499974       Ts(nx-1,ny-1,1)=   359.72744912491487     
 Solid solver Block           2  GS iterations:         100  final res:   9.0949470177292824E-013
   DBG: Ts(1,1,1)=   799.99500002499963       Ts(nx/2,ny/2,1)=   798.12501724812694       Ts(nx-1,ny-1,1)=   359.72744912491487     
 --------------Force and Moment -----------------------------
 Total Force Coefficient (CL, CD, CS) =
  -6.4678999298026852E-010   1.3342697655614095       -5.9164324098458659E-025
 Total Moment Coefficient(CMx, CMy, CMz)=
  0.33356744139035255       -1.6169747781995217E-010 -0.65698416581108454     
 Kstep, t=          43   43.000000000000000     
 ----------The Max Residuals are--------  ---Mesh---           1
    0.2109449528E-02    0.3001352024E-06    0.7212941967E-03    0.8135017174E-19    0.1969707836E-02
   The R.M.S Residuals are 
    0.2734300184E-03    0.5681816660E-08    0.9190293409E-04    0.5197487112E-20    0.2660466679E-03
 CPU wall time in this step:   3.1835441999999992E-002
 Averaged CPU wall time is:   3.0528791697674418E-002
   GS iter           1  res=   1.0231815394945443E-012  Ts(1,1,1)=   799.99500002499974       Ts(nx-1,ny-1,1)=   359.72744912491476     
   GS iter           2  res=   1.2505552149377763E-012  Ts(1,1,1)=   799.99500002499963       Ts(nx-1,ny-1,1)=   359.72744912491487     
   GS iter           3  res=   1.3642420526593924E-012  Ts(1,1,1)=   799.99500002499974       Ts(nx-1,ny-1,1)=   359.72744912491487     
   GS iter           4  res=   1.1368683772161603E-012  Ts(1,1,1)=   799.99500002499963       Ts(nx-1,ny-1,1)=   359.72744912491487     
   GS iter           5  res=   1.4779288903810084E-012  Ts(1,1,1)=   799.99500002499974       Ts(nx-1,ny-1,1)=   359.72744912491476     
 Solid solver Block           2  GS iterations:         100  final res:   1.3642420526593924E-012
   DBG: Ts(1,1,1)=   799.99500002499963       Ts(nx/2,ny/2,1)=   798.12501724812694       Ts(nx-1,ny-1,1)=   359.72744912491487     
 --------------Force and Moment -----------------------------
 Total Force Coefficient (CL, CD, CS) =
  -1.7555568160614582E-008   1.3311851538645023       -6.2269710089709505E-025
 Total Moment Coefficient(CMx, CMy, CMz)=
  0.33279628846612525       -4.3888920197757501E-009 -0.65496414038240780     
 Kstep, t=          44   44.000000000000000     
 ----------The Max Residuals are--------  ---Mesh---           1
    0.2103581061E-02    0.3020106328E-06    0.7588067412E-03    0.8133095868E-19    0.2051730903E-02
   The R.M.S Residuals are 
    0.2727386851E-03    0.5852143884E-08    0.9222007250E-04    0.5211474364E-20    0.2664416524E-03
 CPU wall time in this step:   3.5899035999999995E-002
 Averaged CPU wall time is:   3.0650842704545454E-002
   GS iter           1  res=   1.1368683772161603E-012  Ts(1,1,1)=   799.99500002499974       Ts(nx-1,ny-1,1)=   359.72744912491464     
   GS iter           2  res=   9.0949470177292824E-013  Ts(1,1,1)=   799.99500002499963       Ts(nx-1,ny-1,1)=   359.72744912491498     
   GS iter           3  res=   1.0231815394945443E-012  Ts(1,1,1)=   799.99500002499974       Ts(nx-1,ny-1,1)=   359.72744912491493     
   GS iter           4  res=   1.1368683772161603E-012  Ts(1,1,1)=   799.99500002499963       Ts(nx-1,ny-1,1)=   359.72744912491476     
   GS iter           5  res=   1.4779288903810084E-012  Ts(1,1,1)=   799.99500002499974       Ts(nx-1,ny-1,1)=   359.72744912491476     
 Solid solver Block           2  GS iterations:         100  final res:   1.4779288903810084E-012
   DBG: Ts(1,1,1)=   799.99500002499963       Ts(nx/2,ny/2,1)=   798.12501724812694       Ts(nx-1,ny-1,1)=   359.72744912491476     
 --------------Force and Moment -----------------------------
 Total Force Coefficient (CL, CD, CS) =
  -3.5728647659367959E-008   1.3285238432674720       -6.2792002328766323E-025
 Total Moment Coefficient(CMx, CMy, CMz)=
  0.33213096081686805       -8.9321618945048345E-009 -0.65321645410505025     
 Kstep, t=          45   45.000000000000000     
 ----------The Max Residuals are--------  ---Mesh---           1
    0.2174374871E-02    0.3023381642E-06    0.7882313393E-03    0.9485808769E-19    0.2112349704E-02
   The R.M.S Residuals are 
    0.2718858710E-03    0.6024040483E-08    0.9291573405E-04    0.5141022028E-20    0.2668297633E-03
 CPU wall time in this step:   3.6743630000000138E-002
 Averaged CPU wall time is:   3.0786237977777780E-002
   GS iter           1  res=   1.3642420526593924E-012  Ts(1,1,1)=   799.99500002499974       Ts(nx-1,ny-1,1)=   359.72744912491487     
   GS iter           2  res=   1.1368683772161603E-012  Ts(1,1,1)=   799.99500002499963       Ts(nx-1,ny-1,1)=   359.72744912491476     
   GS iter           3  res=   1.1368683772161603E-012  Ts(1,1,1)=   799.99500002499974       Ts(nx-1,ny-1,1)=   359.72744912491487     
   GS iter           4  res=   1.2505552149377763E-012  Ts(1,1,1)=   799.99500002499963       Ts(nx-1,ny-1,1)=   359.72744912491487     
   GS iter           5  res=   1.0231815394945443E-012  Ts(1,1,1)=   799.99500002499974       Ts(nx-1,ny-1,1)=   359.72744912491487     
 Solid solver Block           2  GS iterations:         100  final res:   1.1368683772161603E-012
   DBG: Ts(1,1,1)=   799.99500002499963       Ts(nx/2,ny/2,1)=   798.12501724812694       Ts(nx-1,ny-1,1)=   359.72744912491487     
 --------------Force and Moment -----------------------------
 Total Force Coefficient (CL, CD, CS) =
  -5.5049101389674855E-008   1.3263038543464960       -6.6243391246565306E-025
 Total Moment Coefficient(CMx, CMy, CMz)=
  0.33157596358662389       -1.3762275327115541E-008 -0.65176564802067960     
 Kstep, t=          46   46.000000000000000     
 ----------The Max Residuals are--------  ---Mesh---           1
    0.2212679678E-02    0.3191849468E-06    0.8185102158E-03    0.1084720661E-18    0.2146123289E-02
   The R.M.S Residuals are 
    0.2707897375E-03    0.6197323481E-08    0.9373518333E-04    0.5499434078E-20    0.2670827237E-03
 CPU wall time in this step:   2.8102208999999823E-002
 Averaged CPU wall time is:   3.0727889521739129E-002
   GS iter           1  res=   1.0231815394945443E-012  Ts(1,1,1)=   799.99500002499974       Ts(nx-1,ny-1,1)=   359.72744912491476     
   GS iter           2  res=   1.3642420526593924E-012  Ts(1,1,1)=   799.99500002499963       Ts(nx-1,ny-1,1)=   359.72744912491487     
   GS iter           3  res=   9.0949470177292824E-013  Ts(1,1,1)=   799.99500002499974       Ts(nx-1,ny-1,1)=   359.72744912491476     
   GS iter           4  res=   1.2505552149377763E-012  Ts(1,1,1)=   799.99500002499963       Ts(nx-1,ny-1,1)=   359.72744912491487     
   GS iter           5  res=   1.1368683772161603E-012  Ts(1,1,1)=   799.99500002499974       Ts(nx-1,ny-1,1)=   359.72744912491476     
 Solid solver Block           2  GS iterations:         100  final res:   1.0231815394945443E-012
   DBG: Ts(1,1,1)=   799.99500002499963       Ts(nx/2,ny/2,1)=   798.12501724812694       Ts(nx-1,ny-1,1)=   359.72744912491481     
 --------------Force and Moment -----------------------------
 Total Force Coefficient (CL, CD, CS) =
  -7.5409275885856440E-008   1.3245170081287003       -5.8662301582257990E-025
 Total Moment Coefficient(CMx, CMy, CMz)=
  0.33112925203217553       -1.8852318951188292E-008 -0.65061372630200498     
 Kstep, t=          47   47.000000000000000     
 ----------The Max Residuals are--------  ---Mesh---           1
    0.2215726393E-02    0.3343278874E-06    0.8281449469E-03    0.8133445210E-19    0.2148691830E-02
   The R.M.S Residuals are 
    0.2694330373E-03    0.6371861720E-08    0.9442589571E-04    0.5670062125E-20    0.2671226538E-03
 CPU wall time in this step:   2.7327413000000078E-002
 Averaged CPU wall time is:   3.0655538957446809E-002
   GS iter           1  res=   1.0231815394945443E-012  Ts(1,1,1)=   799.99500002499974       Ts(nx-1,ny-1,1)=   359.72744912491493     
   GS iter           2  res=   1.0231815394945443E-012  Ts(1,1,1)=   799.99500002499963       Ts(nx-1,ny-1,1)=   359.72744912491476     
   GS iter           3  res=   9.0949470177292824E-013  Ts(1,1,1)=   799.99500002499974       Ts(nx-1,ny-1,1)=   359.72744912491487     
   GS iter           4  res=   1.3642420526593924E-012  Ts(1,1,1)=   799.99500002499963       Ts(nx-1,ny-1,1)=   359.72744912491487     
   GS iter           5  res=   1.0231815394945443E-012  Ts(1,1,1)=   799.99500002499974       Ts(nx-1,ny-1,1)=   359.72744912491476     
 Solid solver Block           2  GS iterations:         100  final res:   1.3642420526593924E-012
   DBG: Ts(1,1,1)=   799.99500002499963       Ts(nx/2,ny/2,1)=   798.12501724812694       Ts(nx-1,ny-1,1)=   359.72744912491481     
 --------------Force and Moment -----------------------------
 Total Force Coefficient (CL, CD, CS) =
  -9.6723115113908401E-008   1.3231391025969532       -6.7637062835259216E-025
 Total Moment Coefficient(CMx, CMy, CMz)=
  0.33078477564923786       -2.4180778758222375E-008 -0.64974843202691179     
 Kstep, t=          48   48.000000000000000     
 ----------The Max Residuals are--------  ---Mesh---           1
    0.2182954303E-02    0.3472005195E-06    0.8147495367E-03    0.8135284458E-19    0.2117410321E-02
   The R.M.S Residuals are 
    0.2678988914E-03    0.6547879434E-08    0.9483131918E-04    0.5206074668E-20    0.2669718605E-03
 CPU wall time in this step:   3.4514205000000020E-002
 Averaged CPU wall time is:   3.0735927833333333E-002
   GS iter           1  res=   9.0949470177292824E-013  Ts(1,1,1)=   799.99500002499974       Ts(nx-1,ny-1,1)=   359.72744912491481     
   GS iter           2  res=   1.2505552149377763E-012  Ts(1,1,1)=   799.99500002499963       Ts(nx-1,ny-1,1)=   359.72744912491481     
   GS iter           3  res=   1.3642420526593924E-012  Ts(1,1,1)=   799.99500002499974       Ts(nx-1,ny-1,1)=   359.72744912491481     
   GS iter           4  res=   1.0231815394945443E-012  Ts(1,1,1)=   799.99500002499963       Ts(nx-1,ny-1,1)=   359.72744912491481     
   GS iter           5  res=   9.0949470177292824E-013  Ts(1,1,1)=   799.99500002499974       Ts(nx-1,ny-1,1)=   359.72744912491481     
 Solid solver Block           2  GS iterations:         100  final res:   9.0949470177292824E-013
   DBG: Ts(1,1,1)=   799.99500002499963       Ts(nx/2,ny/2,1)=   798.12501724812694       Ts(nx-1,ny-1,1)=   359.72744912491487     
 --------------Force and Moment -----------------------------
 Total Force Coefficient (CL, CD, CS) =
  -1.1892826973079474E-007   1.3221341588255413       -6.4168481348661654E-025
 Total Moment Coefficient(CMx, CMy, CMz)=
  0.33053353970638499       -2.9732067412459341E-008 -0.64914657317972613     
 Kstep, t=          49   49.000000000000000     
 ----------The Max Residuals are--------  ---Mesh---           1
    0.2116297677E-02    0.3573150334E-06    0.7782378670E-03    0.8130726173E-19    0.2051728801E-02
   The R.M.S Residuals are 
    0.2663250738E-03    0.6725745594E-08    0.9492994430E-04    0.5189914384E-20    0.2667368191E-03
 CPU wall time in this step:   3.2604421999999911E-002
 Averaged CPU wall time is:   3.0774060367346937E-002
   GS iter           1  res=   1.2505552149377763E-012  Ts(1,1,1)=   799.99500002499974       Ts(nx-1,ny-1,1)=   359.72744912491487     
   GS iter           2  res=   1.1368683772161603E-012  Ts(1,1,1)=   799.99500002499963       Ts(nx-1,ny-1,1)=   359.72744912491476     
   GS iter           3  res=   1.1368683772161603E-012  Ts(1,1,1)=   799.99500002499974       Ts(nx-1,ny-1,1)=   359.72744912491487     
   GS iter           4  res=   1.2505552149377763E-012  Ts(1,1,1)=   799.99500002499963       Ts(nx-1,ny-1,1)=   359.72744912491476     
   GS iter           5  res=   1.0231815394945443E-012  Ts(1,1,1)=   799.99500002499974       Ts(nx-1,ny-1,1)=   359.72744912491487     
 Solid solver Block           2  GS iterations:         100  final res:   1.2505552149377763E-012
   DBG: Ts(1,1,1)=   799.99500002499963       Ts(nx/2,ny/2,1)=   798.12501724812694       Ts(nx-1,ny-1,1)=   359.72744912491487     
 --------------Force and Moment -----------------------------
 Total Force Coefficient (CL, CD, CS) =
  -1.4198153408395995E-007   1.3214605882706016       -4.7341313948216659E-025
 Total Moment Coefficient(CMx, CMy, CMz)=
  0.33036514706765047       -3.5495383500760956E-008 -0.64877743907608643     
 Kstep, t=          50   50.000000000000000     
 ----------The Max Residuals are--------  ---Mesh---           1
    0.2019971294E-02    0.3643131846E-06    0.7394696495E-03    0.9486681499E-19    0.1993329787E-02
   The R.M.S Residuals are 
    0.2648729091E-03    0.6905956804E-08    0.9483343248E-04    0.5019837441E-20    0.2665792162E-03
 CPU wall time in this step:   4.6797145000000206E-002
 Averaged CPU wall time is:   3.1094522060000004E-002
   GS iter           1  res=   1.1368683772161603E-012  Ts(1,1,1)=   799.99500002499974       Ts(nx-1,ny-1,1)=   359.72744912491476     
   GS iter           2  res=   1.1368683772161603E-012  Ts(1,1,1)=   799.99500002499963       Ts(nx-1,ny-1,1)=   359.72744912491487     
   GS iter           3  res=   9.0949470177292824E-013  Ts(1,1,1)=   799.99500002499974       Ts(nx-1,ny-1,1)=   359.72744912491476     
   GS iter           4  res=   1.2505552149377763E-012  Ts(1,1,1)=   799.99500002499963       Ts(nx-1,ny-1,1)=   359.72744912491487     
   GS iter           5  res=   1.0231815394945443E-012  Ts(1,1,1)=   799.99500002499974       Ts(nx-1,ny-1,1)=   359.72744912491464     
 Solid solver Block           2  GS iterations:         100  final res:   1.0231815394945443E-012
   DBG: Ts(1,1,1)=   799.99500002499963       Ts(nx/2,ny/2,1)=   798.12501724812694       Ts(nx-1,ny-1,1)=   359.72744912491476     
 --------------Force and Moment -----------------------------
 Total Force Coefficient (CL, CD, CS) =
  -1.6585163872704825E-007   1.3210795458745828       -4.7017219642246848E-025
 Total Moment Coefficient(CMx, CMy, CMz)=
  0.33026988646864569       -4.1462909661538866E-008 -0.64860711288636252     
 Kstep, t=          51   51.000000000000000     
 ----------The Max Residuals are--------  ---Mesh---           1
    0.1899826907E-02    0.3680078089E-06    0.7838351774E-03    0.8136469568E-19    0.2088411077E-02
   The R.M.S Residuals are 
    0.2636632394E-03    0.7088921911E-08    0.9471044212E-04    0.5162432867E-20    0.2666406610E-03
 CPU wall time in this step:   4.1839261999999877E-002
 Averaged CPU wall time is:   3.1305203235294121E-002
   GS iter           1  res=   1.0231815394945443E-012  Ts(1,1,1)=   799.99500002499974       Ts(nx-1,ny-1,1)=   359.72744912491476     
   GS iter           2  res=   1.1368683772161603E-012  Ts(1,1,1)=   799.99500002499963       Ts(nx-1,ny-1,1)=   359.72744912491510     
   GS iter           3  res=   9.0949470177292824E-013  Ts(1,1,1)=   799.99500002499974       Ts(nx-1,ny-1,1)=   359.72744912491487     
   GS iter           4  res=   9.0949470177292824E-013  Ts(1,1,1)=   799.99500002499963       Ts(nx-1,ny-1,1)=   359.72744912491464     
   GS iter           5  res=   9.0949470177292824E-013  Ts(1,1,1)=   799.99500002499974       Ts(nx-1,ny-1,1)=   359.72744912491487     
 Solid solver Block           2  GS iterations:         100  final res:   1.0231815394945443E-012
   DBG: Ts(1,1,1)=   799.99500002499963       Ts(nx/2,ny/2,1)=   798.12501724812694       Ts(nx-1,ny-1,1)=   359.72744912491487     
 --------------Force and Moment -----------------------------
 Total Force Coefficient (CL, CD, CS) =
  -1.9050444416975439E-007   1.3209613018071220       -4.7840141637633739E-025
 Total Moment Coefficient(CMx, CMy, CMz)=
  0.33024032545178017       -4.7626111022217209E-008 -0.64860246537523614     
 Kstep, t=          52   52.000000000000000     
 ----------The Max Residuals are--------  ---Mesh---           1
    0.1948103889E-02    0.3683908152E-06    0.8161939256E-03    0.6776692398E-19    0.2159573442E-02
   The R.M.S Residuals are 
    0.2627470247E-03    0.7274895105E-08    0.9469078918E-04    0.5315453619E-20    0.2669817446E-03
 CPU wall time in this step:   6.4458901000000068E-002
 Averaged CPU wall time is:   3.1942774346153849E-002
   GS iter           1  res=   1.0231815394945443E-012  Ts(1,1,1)=   799.99500002499974       Ts(nx-1,ny-1,1)=   359.72744912491487     
   GS iter           2  res=   1.1368683772161603E-012  Ts(1,1,1)=   799.99500002499963       Ts(nx-1,ny-1,1)=   359.72744912491464     
   GS iter           3  res=   1.1368683772161603E-012  Ts(1,1,1)=   799.99500002499974       Ts(nx-1,ny-1,1)=   359.72744912491498     
   GS iter           4  res=   1.0231815394945443E-012  Ts(1,1,1)=   799.99500002499963       Ts(nx-1,ny-1,1)=   359.72744912491470     
   GS iter           5  res=   1.2505552149377763E-012  Ts(1,1,1)=   799.99500002499974       Ts(nx-1,ny-1,1)=   359.72744912491487     
 Solid solver Block           2  GS iterations:         100  final res:   1.0231815394945443E-012
   DBG: Ts(1,1,1)=   799.99500002499963       Ts(nx/2,ny/2,1)=   798.12501724812694       Ts(nx-1,ny-1,1)=   359.72744912491498     
 --------------Force and Moment -----------------------------
 Total Force Coefficient (CL, CD, CS) =
  -2.1589785626048314E-007   1.3210860521737715       -4.7557698691082560E-025
 Total Moment Coefficient(CMx, CMy, CMz)=
  0.33027151304344277       -5.3974464044897491E-008 -0.64873336237414925     
 Kstep, t=          53   53.000000000000000     
 ----------The Max Residuals are--------  ---Mesh---           1
    0.2027395742E-02    0.3689715374E-06    0.8324843641E-03    0.8134429237E-19    0.2199784213E-02
   The R.M.S Residuals are 
    0.2621008817E-03    0.7463832472E-08    0.9480499356E-04    0.5381169729E-20    0.2675600700E-03
 CPU wall time in this step:  0.10578387300000003     
 Averaged CPU wall time is:   3.3336002622641511E-002
   GS iter           1  res=   1.0231815394945443E-012  Ts(1,1,1)=   799.99500002499974       Ts(nx-1,ny-1,1)=   359.72744912491470     
   GS iter           2  res=   9.0949470177292824E-013  Ts(1,1,1)=   799.99500002499963       Ts(nx-1,ny-1,1)=   359.72744912491487     
   GS iter           3  res=   9.0949470177292824E-013  Ts(1,1,1)=   799.99500002499974       Ts(nx-1,ny-1,1)=   359.72744912491476     
   GS iter           4  res=   1.1368683772161603E-012  Ts(1,1,1)=   799.99500002499963       Ts(nx-1,ny-1,1)=   359.72744912491487     
   GS iter           5  res=   9.0949470177292824E-013  Ts(1,1,1)=   799.99500002499974       Ts(nx-1,ny-1,1)=   359.72744912491476     
 Solid solver Block           2  GS iterations:         100  final res:   1.0231815394945443E-012
   DBG: Ts(1,1,1)=   799.99500002499963       Ts(nx/2,ny/2,1)=   798.12501724812694       Ts(nx-1,ny-1,1)=   359.72744912491487     
 --------------Force and Moment -----------------------------
 Total Force Coefficient (CL, CD, CS) =
  -2.4198077373629615E-007   1.3214291449223379       -3.6715804571579236E-025
 Total Moment Coefficient(CMx, CMy, CMz)=
  0.33035728623058452       -6.0495193413845487E-008 -0.64897008034014114     
 Kstep, t=          54   54.000000000000000     
 ----------The Max Residuals are--------  ---Mesh---           1
    0.2078921425E-02    0.3885201595E-06    0.8296381309E-03    0.9486323708E-19    0.2203496705E-02
   The R.M.S Residuals are 
    0.2616379364E-03    0.7655445433E-08    0.9497715048E-04    0.5475887116E-20    0.2682574181E-03
 CPU wall time in this step:   4.4656869999999849E-002
 Averaged CPU wall time is:   3.3545648314814817E-002
   GS iter           1  res=   1.2505552149377763E-012  Ts(1,1,1)=   799.99500002499974       Ts(nx-1,ny-1,1)=   359.72744912491487     
   GS iter           2  res=   1.0231815394945443E-012  Ts(1,1,1)=   799.99500002499963       Ts(nx-1,ny-1,1)=   359.72744912491498     
   GS iter           3  res=   1.4779288903810084E-012  Ts(1,1,1)=   799.99500002499974       Ts(nx-1,ny-1,1)=   359.72744912491481     
   GS iter           4  res=   9.0949470177292824E-013  Ts(1,1,1)=   799.99500002499963       Ts(nx-1,ny-1,1)=   359.72744912491504     
   GS iter           5  res=   1.1368683772161603E-012  Ts(1,1,1)=   799.99500002499974       Ts(nx-1,ny-1,1)=   359.72744912491476     
 Solid solver Block           2  GS iterations:         100  final res:   1.2505552149377763E-012
   DBG: Ts(1,1,1)=   799.99500002499963       Ts(nx/2,ny/2,1)=   798.12501724812694       Ts(nx-1,ny-1,1)=   359.72744912491481     
 --------------Force and Moment -----------------------------
 Total Force Coefficient (CL, CD, CS) =
  -2.6864731493023409E-007   1.3220010097068144       -4.6762409861026668E-025
 Total Moment Coefficient(CMx, CMy, CMz)=
  0.33050025242670339       -6.7161828712321225E-008 -0.64929307872782860     
 Kstep, t=          55   55.000000000000000     
 ----------The Max Residuals are--------  ---Mesh---           1
    0.2099399940E-02    0.4051125530E-06    0.8061911325E-03    0.1084229541E-18    0.2167517990E-02
   The R.M.S Residuals are 
    0.2612608092E-03    0.7849418246E-08    0.9509425791E-04    0.5936254338E-20    0.2689469717E-03
 CPU wall time in this step:   3.3833277999999911E-002
 Averaged CPU wall time is:   3.3550877945454541E-002
   GS iter           1  res=   1.1368683772161603E-012  Ts(1,1,1)=   799.99500002499974       Ts(nx-1,ny-1,1)=   359.72744912491481     
   GS iter           2  res=   1.0231815394945443E-012  Ts(1,1,1)=   799.99500002499963       Ts(nx-1,ny-1,1)=   359.72744912491481     
   GS iter           3  res=   1.4779288903810084E-012  Ts(1,1,1)=   799.99500002499974       Ts(nx-1,ny-1,1)=   359.72744912491481     
   GS iter           4  res=   1.0231815394945443E-012  Ts(1,1,1)=   799.99500002499963       Ts(nx-1,ny-1,1)=   359.72744912491481     
   GS iter           5  res=   1.2505552149377763E-012  Ts(1,1,1)=   799.99500002499974       Ts(nx-1,ny-1,1)=   359.72744912491481     
 Solid solver Block           2  GS iterations:         100  final res:   1.2505552149377763E-012
   DBG: Ts(1,1,1)=   799.99500002499963       Ts(nx/2,ny/2,1)=   798.12501724812694       Ts(nx-1,ny-1,1)=   359.72744912491464     
 --------------Force and Moment -----------------------------
 Total Force Coefficient (CL, CD, CS) =
  -2.9577026228150923E-007   1.3226906131616700       -4.8277263834701817E-025
 Total Moment Coefficient(CMx, CMy, CMz)=
  0.33067265329041767       -7.3942565550129449E-008 -0.64965153399963860     
 Kstep, t=          56   56.000000000000000     
 ----------The Max Residuals are--------  ---Mesh---           1
    0.2087759350E-02    0.4180816731E-06    0.7630774293E-03    0.1084333866E-18    0.2091519878E-02
   The R.M.S Residuals are 
    0.2609380649E-03    0.8045888356E-08    0.9510206103E-04    0.5633744523E-20    0.2695780491E-03
 CPU wall time in this step:   3.3607967000000016E-002
 Averaged CPU wall time is:   3.3551897392857140E-002
   GS iter           1  res=   9.0949470177292824E-013  Ts(1,1,1)=   799.99500002499974       Ts(nx-1,ny-1,1)=   359.72744912491487     
   GS iter           2  res=   1.0231815394945443E-012  Ts(1,1,1)=   799.99500002499963       Ts(nx-1,ny-1,1)=   359.72744912491498     
   GS iter           3  res=   1.3642420526593924E-012  Ts(1,1,1)=   799.99500002499974       Ts(nx-1,ny-1,1)=   359.72744912491470     
   GS iter           4  res=   1.1368683772161603E-012  Ts(1,1,1)=   799.99500002499963       Ts(nx-1,ny-1,1)=   359.72744912491476     
   GS iter           5  res=   1.1368683772161603E-012  Ts(1,1,1)=   799.99500002499974       Ts(nx-1,ny-1,1)=   359.72744912491498     
 Solid solver Block           2  GS iterations:         100  final res:   1.2505552149377763E-012
   DBG: Ts(1,1,1)=   799.99500002499963       Ts(nx/2,ny/2,1)=   798.12501724812694       Ts(nx-1,ny-1,1)=   359.72744912491476     
 --------------Force and Moment -----------------------------
 Total Force Coefficient (CL, CD, CS) =
  -3.2306279734060758E-007   1.3233661761308304       -5.3559105897531416E-025
 Total Moment Coefficient(CMx, CMy, CMz)=
  0.33084154403270810       -8.0765699314893700E-008 -0.64998589460836886     
 Kstep, t=          57   57.000000000000000     
 ----------The Max Residuals are--------  ---Mesh---           1
    0.2045104405E-02    0.4269429785E-06    0.7803314980E-03    0.9485003233E-19    0.2072852727E-02
   The R.M.S Residuals are 
    0.2606719693E-03    0.8245070320E-08    0.9502880115E-04    0.5406923941E-20    0.2701604145E-03
 CPU wall time in this step:   3.9344487000000150E-002
 Averaged CPU wall time is:   3.3653521771929824E-002
   GS iter           1  res=   9.0949470177292824E-013  Ts(1,1,1)=   799.99500002499974       Ts(nx-1,ny-1,1)=   359.72744912491487     
   GS iter           2  res=   1.0231815394945443E-012  Ts(1,1,1)=   799.99500002499963       Ts(nx-1,ny-1,1)=   359.72744912491487     
   GS iter           3  res=   1.2505552149377763E-012  Ts(1,1,1)=   799.99500002499974       Ts(nx-1,ny-1,1)=   359.72744912491476     
   GS iter           4  res=   1.0231815394945443E-012  Ts(1,1,1)=   799.99500002499963       Ts(nx-1,ny-1,1)=   359.72744912491487     
   GS iter           5  res=   1.1368683772161603E-012  Ts(1,1,1)=   799.99500002499974       Ts(nx-1,ny-1,1)=   359.72744912491487     
 Solid solver Block           2  GS iterations:         100  final res:   1.1368683772161603E-012
   DBG: Ts(1,1,1)=   799.99500002499963       Ts(nx/2,ny/2,1)=   798.12501724812694       Ts(nx-1,ny-1,1)=   359.72744912491476     
 --------------Force and Moment -----------------------------
 Total Force Coefficient (CL, CD, CS) =
  -3.5024866405196825E-007   1.3239548060493234       -9.2658661936977085E-025
 Total Moment Coefficient(CMx, CMy, CMz)=
  0.33098870151233090       -8.7562165992724854E-008 -0.65027379174551425     
 Kstep, t=          58   58.000000000000000     
 ----------The Max Residuals are--------  ---Mesh---           1
    0.1974462301E-02    0.4314414914E-06    0.8307476065E-03    0.8135928768E-19    0.2177778887E-02
   The R.M.S Residuals are 
    0.2604820679E-03    0.8447452637E-08    0.9496911263E-04    0.4943479202E-20    0.2707534037E-03
 CPU wall time in this step:   3.4968689999999913E-002
 Averaged CPU wall time is:   3.3676197086206894E-002
   GS iter           1  res=   1.4779288903810084E-012  Ts(1,1,1)=   799.99500002499974       Ts(nx-1,ny-1,1)=   359.72744912491487     
   GS iter           2  res=   1.0231815394945443E-012  Ts(1,1,1)=   799.99500002499963       Ts(nx-1,ny-1,1)=   359.72744912491476     
   GS iter           3  res=   1.0231815394945443E-012  Ts(1,1,1)=   799.99500002499974       Ts(nx-1,ny-1,1)=   359.72744912491487     
   GS iter           4  res=   1.4779288903810084E-012  Ts(1,1,1)=   799.99500002499963       Ts(nx-1,ny-1,1)=   359.72744912491476     
   GS iter           5  res=   1.2505552149377763E-012  Ts(1,1,1)=   799.99500002499974       Ts(nx-1,ny-1,1)=   359.72744912491487     
 Solid solver Block           2  GS iterations:         100  final res:   1.0231815394945443E-012
   DBG: Ts(1,1,1)=   799.99500002499963       Ts(nx/2,ny/2,1)=   798.12501724812694       Ts(nx-1,ny-1,1)=   359.72744912491476     
 --------------Force and Moment -----------------------------
 Total Force Coefficient (CL, CD, CS) =
  -3.7701002756743203E-007   1.3245298138855000       -9.0926757720251202E-025
 Total Moment Coefficient(CMx, CMy, CMz)=
  0.33113245347137465       -9.4252506871581999E-008 -0.65060067184734671     
 Kstep, t=          59   59.000000000000000     
 ----------The Max Residuals are--------  ---Mesh---           1
    0.1894732463E-02    0.4315826114E-06    0.8653020070E-03    0.1084226446E-18    0.2252119820E-02
   The R.M.S Residuals are 
    0.2603501453E-03    0.8653411715E-08    0.9501362806E-04    0.5366585294E-20    0.2714065673E-03
 CPU wall time in this step:   4.1278527000000009E-002
 Averaged CPU wall time is:   3.3805050135593220E-002
   GS iter           1  res=   1.1368683772161603E-012  Ts(1,1,1)=   799.99500002499974       Ts(nx-1,ny-1,1)=   359.72744912491487     
   GS iter           2  res=   1.1368683772161603E-012  Ts(1,1,1)=   799.99500002499963       Ts(nx-1,ny-1,1)=   359.72744912491476     
   GS iter           3  res=   1.0231815394945443E-012  Ts(1,1,1)=   799.99500002499974       Ts(nx-1,ny-1,1)=   359.72744912491487     
   GS iter           4  res=   1.0231815394945443E-012  Ts(1,1,1)=   799.99500002499963       Ts(nx-1,ny-1,1)=   359.72744912491476     
   GS iter           5  res=   1.0231815394945443E-012  Ts(1,1,1)=   799.99500002499974       Ts(nx-1,ny-1,1)=   359.72744912491487     
 Solid solver Block           2  GS iterations:         100  final res:   1.2505552149377763E-012
   DBG: Ts(1,1,1)=   799.99500002499963       Ts(nx/2,ny/2,1)=   798.12501724812694       Ts(nx-1,ny-1,1)=   359.72744912491487     
 --------------Force and Moment -----------------------------
 Total Force Coefficient (CL, CD, CS) =
  -4.0330876053928484E-007   1.3251277383009370       -1.0497521600361009E-024
 Total Moment Coefficient(CMx, CMy, CMz)=
  0.33128193457523381       -1.0082719011453604E-007 -0.65099097724144672     
 Kstep, t=          60   60.000000000000000     
 ----------The Max Residuals are--------  ---Mesh---           1
    0.1912426855E-02    0.4276315799E-06    0.8787503303E-03    0.8131858516E-19    0.2286998316E-02
   The R.M.S Residuals are 
    0.2602882196E-03    0.8863014903E-08    0.9517202982E-04    0.5350137905E-20    0.2721398731E-03
 CPU wall time in this step:   4.1184139000000064E-002
 Averaged CPU wall time is:   3.3928034949999998E-002
   GS iter           1  res=   1.2505552149377763E-012  Ts(1,1,1)=   799.99500002499974       Ts(nx-1,ny-1,1)=   359.72744912491487     
   GS iter           2  res=   1.0231815394945443E-012  Ts(1,1,1)=   799.99500002499963       Ts(nx-1,ny-1,1)=   359.72744912491476     
   GS iter           3  res=   1.0231815394945443E-012  Ts(1,1,1)=   799.99500002499974       Ts(nx-1,ny-1,1)=   359.72744912491487     
   GS iter           4  res=   1.0231815394945443E-012  Ts(1,1,1)=   799.99500002499963       Ts(nx-1,ny-1,1)=   359.72744912491476     
   GS iter           5  res=   1.3642420526593924E-012  Ts(1,1,1)=   799.99500002499974       Ts(nx-1,ny-1,1)=   359.72744912491487     
 Solid solver Block           2  GS iterations:         100  final res:   1.1368683772161603E-012
   DBG: Ts(1,1,1)=   799.99500002499963       Ts(nx/2,ny/2,1)=   798.12501724812694       Ts(nx-1,ny-1,1)=   359.72744912491476     
 --------------Force and Moment -----------------------------
 Total Force Coefficient (CL, CD, CS) =
  -4.2969109028048979E-007   1.3257648525208749       -1.3993716047808439E-024
 Total Moment Coefficient(CMx, CMy, CMz)=
  0.33144121313021863       -1.0742277254982752E-007 -0.65140805991835371     
 Kstep, t=          61   61.000000000000000     
 ----------The Max Residuals are--------  ---Mesh---           1
    0.1897904797E-02    0.4482701361E-06    0.8674778117E-03    0.1083988870E-18    0.2275911996E-02
   The R.M.S Residuals are 
    0.2602897765E-03    0.9076110529E-08    0.9545440416E-04    0.5523014621E-20    0.2729039669E-03
 CPU wall time in this step:   3.2543657999999809E-002
 Averaged CPU wall time is:   3.3905340245901638E-002
   GS iter           1  res=   1.1368683772161603E-012  Ts(1,1,1)=   799.99500002499974       Ts(nx-1,ny-1,1)=   359.72744912491487     
   GS iter           2  res=   9.0949470177292824E-013  Ts(1,1,1)=   799.99500002499963       Ts(nx-1,ny-1,1)=   359.72744912491476     
   GS iter           3  res=   1.0231815394945443E-012  Ts(1,1,1)=   799.99500002499974       Ts(nx-1,ny-1,1)=   359.72744912491487     
   GS iter           4  res=   1.0231815394945443E-012  Ts(1,1,1)=   799.99500002499963       Ts(nx-1,ny-1,1)=   359.72744912491476     
   GS iter           5  res=   9.0949470177292824E-013  Ts(1,1,1)=   799.99500002499974       Ts(nx-1,ny-1,1)=   359.72744912491487     
 Solid solver Block           2  GS iterations:         100  final res:   7.9580786405131221E-013
   DBG: Ts(1,1,1)=   799.99500002499963       Ts(nx/2,ny/2,1)=   798.12501724812694       Ts(nx-1,ny-1,1)=   359.72744912491487     
 --------------Force and Moment -----------------------------
 Total Force Coefficient (CL, CD, CS) =
  -4.5596989559767192E-007   1.3263488097230784       -1.2243915258057126E-024
 Total Moment Coefficient(CMx, CMy, CMz)=
  0.33158720243076956       -1.1399247387911412E-007 -0.65176534207263970     
 Kstep, t=          62   62.000000000000000     
 ----------The Max Residuals are--------  ---Mesh---           1
    0.1947810586E-02    0.4675932107E-06    0.8304887238E-03    0.9486049228E-19    0.2216025768E-02
   The R.M.S Residuals are 
    0.2602985528E-03    0.9292434783E-08    0.9580667084E-04    0.5849104941E-20    0.2736380529E-03
 CPU wall time in this step:   3.1881011000000292E-002
 Averaged CPU wall time is:   3.3872689774193547E-002
   GS iter           1  res=   1.0231815394945443E-012  Ts(1,1,1)=   799.99500002499974       Ts(nx-1,ny-1,1)=   359.72744912491476     
   GS iter           2  res=   1.2505552149377763E-012  Ts(1,1,1)=   799.99500002499963       Ts(nx-1,ny-1,1)=   359.72744912491487     
   GS iter           3  res=   1.0231815394945443E-012  Ts(1,1,1)=   799.99500002499974       Ts(nx-1,ny-1,1)=   359.72744912491476     
   GS iter           4  res=   1.0231815394945443E-012  Ts(1,1,1)=   799.99500002499963       Ts(nx-1,ny-1,1)=   359.72744912491487     
   GS iter           5  res=   9.0949470177292824E-013  Ts(1,1,1)=   799.99500002499974       Ts(nx-1,ny-1,1)=   359.72744912491476     
 Solid solver Block           2  GS iterations:         100  final res:   1.2505552149377763E-012
   DBG: Ts(1,1,1)=   799.99500002499963       Ts(nx/2,ny/2,1)=   798.12501724812694       Ts(nx-1,ny-1,1)=   359.72744912491487     
 --------------Force and Moment -----------------------------
 Total Force Coefficient (CL, CD, CS) =
  -4.8198979718443110E-007   1.3268621797144906       -1.1561008214996787E-024
 Total Moment Coefficient(CMx, CMy, CMz)=
  0.33171554492862237       -1.2049744927579606E-007 -0.65205788902965955     
 Kstep, t=          63   63.000000000000000     
 ----------The Max Residuals are--------  ---Mesh---           1
    0.1969698348E-02    0.4818760204E-06    0.7844398737E-03    0.1084446127E-18    0.2108817776E-02
   The R.M.S Residuals are 
    0.2602939885E-03    0.9512100874E-08    0.9619236942E-04    0.5630838321E-20    0.2743427238E-03
 CPU wall time in this step:   3.3446934999999733E-002
 Averaged CPU wall time is:   3.3865931761904756E-002
   GS iter           1  res=   1.1368683772161603E-012  Ts(1,1,1)=   799.99500002499974       Ts(nx-1,ny-1,1)=   359.72744912491487     
   GS iter           2  res=   1.0231815394945443E-012  Ts(1,1,1)=   799.99500002499963       Ts(nx-1,ny-1,1)=   359.72744912491487     
   GS iter           3  res=   1.1368683772161603E-012  Ts(1,1,1)=   799.99500002499974       Ts(nx-1,ny-1,1)=   359.72744912491476     
   GS iter           4  res=   1.0231815394945443E-012  Ts(1,1,1)=   799.99500002499963       Ts(nx-1,ny-1,1)=   359.72744912491487     
   GS iter           5  res=   1.1368683772161603E-012  Ts(1,1,1)=   799.99500002499974       Ts(nx-1,ny-1,1)=   359.72744912491476     
 Solid solver Block           2  GS iterations:         100  final res:   1.2505552149377763E-012
   DBG: Ts(1,1,1)=   799.99500002499963       Ts(nx/2,ny/2,1)=   798.12501724812694       Ts(nx-1,ny-1,1)=   359.72744912491487     
 --------------Force and Moment -----------------------------
 Total Force Coefficient (CL, CD, CS) =
  -5.0767895655930965E-007   1.3273143030669248       -1.0750802060837944E-024
 Total Moment Coefficient(CMx, CMy, CMz)=
  0.33182857576673119       -1.2691973911950876E-007 -0.65230091855591388     
 Kstep, t=          64   64.000000000000000     
 ----------The Max Residuals are--------  ---Mesh---           1
    0.1961520819E-02    0.4906160419E-06    0.8531907814E-03    0.8132536110E-19    0.2217120941E-02
   The R.M.S Residuals are 
    0.2602881900E-03    0.9735718049E-08    0.9660124611E-04    0.5773342738E-20    0.2750408896E-03
 CPU wall time in this step:   4.2100593000000242E-002
 Averaged CPU wall time is:   3.3994598343750002E-002
   GS iter           1  res=   1.0231815394945443E-012  Ts(1,1,1)=   799.99500002499974       Ts(nx-1,ny-1,1)=   359.72744912491476     
   GS iter           2  res=   1.2505552149377763E-012  Ts(1,1,1)=   799.99500002499963       Ts(nx-1,ny-1,1)=   359.72744912491487     
   GS iter           3  res=   9.0949470177292824E-013  Ts(1,1,1)=   799.99500002499974       Ts(nx-1,ny-1,1)=   359.72744912491476     
   GS iter           4  res=   9.0949470177292824E-013  Ts(1,1,1)=   799.99500002499963       Ts(nx-1,ny-1,1)=   359.72744912491487     
   GS iter           5  res=   1.1368683772161603E-012  Ts(1,1,1)=   799.99500002499974       Ts(nx-1,ny-1,1)=   359.72744912491476     
 Solid solver Block           2  GS iterations:         100  final res:   1.1368683772161603E-012
   DBG: Ts(1,1,1)=   799.99500002499963       Ts(nx/2,ny/2,1)=   798.12501724812694       Ts(nx-1,ny-1,1)=   359.72744912491498     
 --------------Force and Moment -----------------------------
 Total Force Coefficient (CL, CD, CS) =
  -5.3300190309385150E-007   1.3277077970040227       -1.0205941539414811E-024
 Total Moment Coefficient(CMx, CMy, CMz)=
  0.33192694925100552       -1.3325047575313821E-007 -0.65250504829319833     
 Kstep, t=          65   65.000000000000000     
 ----------The Max Residuals are--------  ---Mesh---           1
    0.1959205919E-02    0.4936758574E-06    0.9055207177E-03    0.1219702711E-18    0.2323877351E-02
   The R.M.S Residuals are 
    0.2602949827E-03    0.9963998981E-08    0.9701256988E-04    0.5561495381E-20    0.2757443588E-03
 CPU wall time in this step:   3.1059522999999700E-002
 Averaged CPU wall time is:   3.3949443338461532E-002
   GS iter           1  res=   9.0949470177292824E-013  Ts(1,1,1)=   799.99500002499974       Ts(nx-1,ny-1,1)=   359.72744912491470     
   GS iter           2  res=   1.1368683772161603E-012  Ts(1,1,1)=   799.99500002499963       Ts(nx-1,ny-1,1)=   359.72744912491476     
   GS iter           3  res=   1.0231815394945443E-012  Ts(1,1,1)=   799.99500002499974       Ts(nx-1,ny-1,1)=   359.72744912491476     
   GS iter           4  res=   1.0231815394945443E-012  Ts(1,1,1)=   799.99500002499963       Ts(nx-1,ny-1,1)=   359.72744912491487     
   GS iter           5  res=   9.0949470177292824E-013  Ts(1,1,1)=   799.99500002499974       Ts(nx-1,ny-1,1)=   359.72744912491464     
 Solid solver Block           2  GS iterations:         100  final res:   1.2505552149377763E-012
   DBG: Ts(1,1,1)=   799.99500002499963       Ts(nx/2,ny/2,1)=   798.12501724812694       Ts(nx-1,ny-1,1)=   359.72744912491476     
 --------------Force and Moment -----------------------------
 Total Force Coefficient (CL, CD, CS) =
  -5.5793792350442889E-007   1.3280353460692604       -8.6499565738863262E-025
 Total Moment Coefficient(CMx, CMy, CMz)=
  0.33200883651731505       -1.3948448085577753E-007 -0.65267513785389364     
 Kstep, t=          66   66.000000000000000     
 ----------The Max Residuals are--------  ---Mesh---           1
    0.1995104381E-02    0.4912969367E-06    0.9337861958E-03    0.8136399692E-19    0.2386582849E-02
   The R.M.S Residuals are 
    0.2603387858E-03    0.1019729109E-07    0.9739932168E-04    0.5680199588E-20    0.2764639831E-03
 CPU wall time in this step:   3.2928425000000150E-002
 Averaged CPU wall time is:   3.3933973363636363E-002
   GS iter           1  res=   1.2505552149377763E-012  Ts(1,1,1)=   799.99500002499974       Ts(nx-1,ny-1,1)=   359.72744912491487     
   GS iter           2  res=   1.0231815394945443E-012  Ts(1,1,1)=   799.99500002499963       Ts(nx-1,ny-1,1)=   359.72744912491476     
   GS iter           3  res=   1.0231815394945443E-012  Ts(1,1,1)=   799.99500002499974       Ts(nx-1,ny-1,1)=   359.72744912491487     
   GS iter           4  res=   1.2505552149377763E-012  Ts(1,1,1)=   799.99500002499963       Ts(nx-1,ny-1,1)=   359.72744912491487     
   GS iter           5  res=   1.2505552149377763E-012  Ts(1,1,1)=   799.99500002499974       Ts(nx-1,ny-1,1)=   359.72744912491487     
 Solid solver Block           2  GS iterations:         100  final res:   1.0231815394945443E-012
   DBG: Ts(1,1,1)=   799.99500002499963       Ts(nx/2,ny/2,1)=   798.12501724812694       Ts(nx-1,ny-1,1)=   359.72744912491476     
 --------------Force and Moment -----------------------------
 Total Force Coefficient (CL, CD, CS) =
  -5.8241326028249010E-007   1.3283066398064118       -1.0671816634984910E-024
 Total Moment Coefficient(CMx, CMy, CMz)=
  0.33207665995160335       -1.4560331505028870E-007 -0.65281787673370950     
 Kstep, t=          67   67.000000000000000     
 ----------The Max Residuals are--------  ---Mesh---           1
    0.1990480615E-02    0.4922255434E-06    0.9320049471E-03    0.8135612750E-19    0.2395111508E-02
   The R.M.S Residuals are 
    0.2604503480E-03    0.1043545905E-07    0.9774936599E-04    0.5725994581E-20    0.2772224562E-03
 CPU wall time in this step:   4.0586537999999894E-002
 Averaged CPU wall time is:   3.4033265373134329E-002
   GS iter           1  res=   1.0231815394945443E-012  Ts(1,1,1)=   799.99500002499974       Ts(nx-1,ny-1,1)=   359.72744912491476     
   GS iter           2  res=   1.0231815394945443E-012  Ts(1,1,1)=   799.99500002499963       Ts(nx-1,ny-1,1)=   359.72744912491510     
   GS iter           3  res=   1.2505552149377763E-012  Ts(1,1,1)=   799.99500002499974       Ts(nx-1,ny-1,1)=   359.72744912491498     
   GS iter           4  res=   7.9580786405131221E-013  Ts(1,1,1)=   799.99500002499963       Ts(nx-1,ny-1,1)=   359.72744912491470     
   GS iter           5  res=   1.2505552149377763E-012  Ts(1,1,1)=   799.99500002499974       Ts(nx-1,ny-1,1)=   359.72744912491487     
 Solid solver Block           2  GS iterations:         100  final res:   1.2505552149377763E-012
   DBG: Ts(1,1,1)=   799.99500002499963       Ts(nx/2,ny/2,1)=   798.12501724812694       Ts(nx-1,ny-1,1)=   359.72744912491487     
 --------------Force and Moment -----------------------------
 Total Force Coefficient (CL, CD, CS) =
  -6.0635076281486246E-007   1.3285525136920289       -9.2308786804499205E-025
 Total Moment Coefficient(CMx, CMy, CMz)=
  0.33213812842300744       -1.5158769068337801E-007 -0.65294350378885380     
 Kstep, t=          68   68.000000000000000     
 ----------The Max Residuals are--------  ---Mesh---           1
    0.1942133245E-02    0.5183450166E-06    0.8975266185E-03    0.9487555462E-19    0.2343999161E-02
   The R.M.S Residuals are 
    0.2606488417E-03    0.1067830786E-07    0.9809353026E-04    0.5802347554E-20    0.2780578990E-03
 CPU wall time in this step:   4.3070875000000175E-002
 Averaged CPU wall time is:   3.4166171397058825E-002
   GS iter           1  res=   1.4779288903810084E-012  Ts(1,1,1)=   799.99500002499974       Ts(nx-1,ny-1,1)=   359.72744912491476     
   GS iter           2  res=   1.2505552149377763E-012  Ts(1,1,1)=   799.99500002499963       Ts(nx-1,ny-1,1)=   359.72744912491487     
   GS iter           3  res=   1.1368683772161603E-012  Ts(1,1,1)=   799.99500002499974       Ts(nx-1,ny-1,1)=   359.72744912491487     
   GS iter           4  res=   9.0949470177292824E-013  Ts(1,1,1)=   799.99500002499963       Ts(nx-1,ny-1,1)=   359.72744912491476     
   GS iter           5  res=   1.1368683772161603E-012  Ts(1,1,1)=   799.99500002499974       Ts(nx-1,ny-1,1)=   359.72744912491487     
 Solid solver Block           2  GS iterations:         100  final res:   1.0231815394945443E-012
   DBG: Ts(1,1,1)=   799.99500002499963       Ts(nx/2,ny/2,1)=   798.12501724812694       Ts(nx-1,ny-1,1)=   359.72744912491476     
 --------------Force and Moment -----------------------------
 Total Force Coefficient (CL, CD, CS) =
  -6.2980345731280941E-007   1.3287886595706047       -6.6498125014115906E-025
 Total Moment Coefficient(CMx, CMy, CMz)=
  0.33219716489265150       -1.5745086430786115E-007 -0.65305728812988262     
 Kstep, t=          69   69.000000000000000     
 ----------The Max Residuals are--------  ---Mesh---           1
    0.1856823951E-02    0.5382041067E-06    0.8321626483E-03    0.1084169809E-18    0.2233667491E-02
   The R.M.S Residuals are 
    0.2609681074E-03    0.1092600378E-07    0.9853126254E-04    0.5909155571E-20    0.2790370007E-03
 CPU wall time in this step:   4.0726659000000165E-002
 Averaged CPU wall time is:   3.4261250927536235E-002
   GS iter           1  res=   1.2505552149377763E-012  Ts(1,1,1)=   799.99500002499974       Ts(nx-1,ny-1,1)=   359.72744912491487     
   GS iter           2  res=   1.1368683772161603E-012  Ts(1,1,1)=   799.99500002499963       Ts(nx-1,ny-1,1)=   359.72744912491487     
   GS iter           3  res=   9.0949470177292824E-013  Ts(1,1,1)=   799.99500002499974       Ts(nx-1,ny-1,1)=   359.72744912491487     
   GS iter           4  res=   1.3642420526593924E-012  Ts(1,1,1)=   799.99500002499963       Ts(nx-1,ny-1,1)=   359.72744912491487     
   GS iter           5  res=   1.0231815394945443E-012  Ts(1,1,1)=   799.99500002499974       Ts(nx-1,ny-1,1)=   359.72744912491487     
 Solid solver Block           2  GS iterations:         100  final res:   1.0231815394945443E-012
   DBG: Ts(1,1,1)=   799.99500002499963       Ts(nx/2,ny/2,1)=   798.12501724812694       Ts(nx-1,ny-1,1)=   359.72744912491493     
 --------------Force and Moment -----------------------------
 Total Force Coefficient (CL, CD, CS) =
  -6.5284918578486913E-007   1.3290171529513823       -6.2563858854929537E-025
 Total Moment Coefficient(CMx, CMy, CMz)=
  0.33225428823784570       -1.6321229642587258E-007 -0.65316049584370173     
 Kstep, t=          70   70.000000000000000     
 ----------The Max Residuals are--------  ---Mesh---           1
    0.1961419589E-02    0.5509784569E-06    0.8919353611E-03    0.8132488458E-19    0.2292195051E-02
   The R.M.S Residuals are 
    0.2613642199E-03    0.1117894857E-07    0.9911161402E-04    0.5675707081E-20    0.2801664056E-03
 CPU wall time in this step:   4.2536499999999755E-002
 Averaged CPU wall time is:   3.4379468771428570E-002
   GS iter           1  res=   1.1368683772161603E-012  Ts(1,1,1)=   799.99500002499974       Ts(nx-1,ny-1,1)=   359.72744912491487     
   GS iter           2  res=   1.0231815394945443E-012  Ts(1,1,1)=   799.99500002499963       Ts(nx-1,ny-1,1)=   359.72744912491487     
   GS iter           3  res=   1.5916157281026244E-012  Ts(1,1,1)=   799.99500002499974       Ts(nx-1,ny-1,1)=   359.72744912491487     
   GS iter           4  res=   1.0231815394945443E-012  Ts(1,1,1)=   799.99500002499963       Ts(nx-1,ny-1,1)=   359.72744912491487     
   GS iter           5  res=   1.5916157281026244E-012  Ts(1,1,1)=   799.99500002499974       Ts(nx-1,ny-1,1)=   359.72744912491476     
 Solid solver Block           2  GS iterations:         100  final res:   9.0949470177292824E-013
   DBG: Ts(1,1,1)=   799.99500002499963       Ts(nx/2,ny/2,1)=   798.12501724812694       Ts(nx-1,ny-1,1)=   359.72744912491487     
 --------------Force and Moment -----------------------------
 Total Force Coefficient (CL, CD, CS) =
  -6.7554887282932866E-007   1.3292352387339004       -5.1085042028175703E-025
 Total Moment Coefficient(CMx, CMy, CMz)=
  0.33230880968347531       -1.6888721818698413E-007 -0.65325322906833627     
 Kstep, t=          71   71.000000000000000     
 ----------The Max Residuals are--------  ---Mesh---           1
    0.2052537383E-02    0.5563973768E-06    0.9630993743E-03    0.1084171796E-18    0.2431211637E-02
   The R.M.S Residuals are 
    0.2618269967E-03    0.1143826826E-07    0.9981381369E-04    0.5756779427E-20    0.2814123379E-03
 CPU wall time in this step:   4.0111598000000193E-002
 Averaged CPU wall time is:   3.4460202985915497E-002
   GS iter           1  res=   1.2505552149377763E-012  Ts(1,1,1)=   799.99500002499974       Ts(nx-1,ny-1,1)=   359.72744912491476     
   GS iter           2  res=   1.5916157281026244E-012  Ts(1,1,1)=   799.99500002499963       Ts(nx-1,ny-1,1)=   359.72744912491487     
   GS iter           3  res=   1.5916157281026244E-012  Ts(1,1,1)=   799.99500002499974       Ts(nx-1,ny-1,1)=   359.72744912491476     
   GS iter           4  res=   1.0231815394945443E-012  Ts(1,1,1)=   799.99500002499963       Ts(nx-1,ny-1,1)=   359.72744912491487     
   GS iter           5  res=   1.1368683772161603E-012  Ts(1,1,1)=   799.99500002499974       Ts(nx-1,ny-1,1)=   359.72744912491476     
 Solid solver Block           2  GS iterations:         100  final res:   1.3642420526593924E-012
   DBG: Ts(1,1,1)=   799.99500002499963       Ts(nx/2,ny/2,1)=   798.12501724812694       Ts(nx-1,ny-1,1)=   359.72744912491476     
 --------------Force and Moment -----------------------------
 Total Force Coefficient (CL, CD, CS) =
  -6.9796724041916748E-007   1.3294364079158163       -9.6413062058452297E-025
 Total Moment Coefficient(CMx, CMy, CMz)=
  0.33235910197895402       -1.7449181008444074E-007 -0.65333528687498288     
 Kstep, t=          72   72.000000000000000     
 ----------The Max Residuals are--------  ---Mesh---           1
    0.2102621289E-02    0.5547348146E-06    0.1004589846E-02    0.1219333621E-18    0.2517899934E-02
   The R.M.S Residuals are 
    0.2623020078E-03    0.1170428747E-07    0.1004895738E-03    0.6049633330E-20    0.2826514583E-03
 CPU wall time in this step:   4.3733258999999691E-002
 Averaged CPU wall time is:   3.4588995430555554E-002
   GS iter           1  res=   1.2505552149377763E-012  Ts(1,1,1)=   799.99500002499974       Ts(nx-1,ny-1,1)=   359.72744912491487     
   GS iter           2  res=   1.5916157281026244E-012  Ts(1,1,1)=   799.99500002499963       Ts(nx-1,ny-1,1)=   359.72744912491476     
   GS iter           3  res=   1.0231815394945443E-012  Ts(1,1,1)=   799.99500002499974       Ts(nx-1,ny-1,1)=   359.72744912491487     
   GS iter           4  res=   1.1368683772161603E-012  Ts(1,1,1)=   799.99500002499963       Ts(nx-1,ny-1,1)=   359.72744912491476     
   GS iter           5  res=   9.0949470177292824E-013  Ts(1,1,1)=   799.99500002499974       Ts(nx-1,ny-1,1)=   359.72744912491487     
 Solid solver Block           2  GS iterations:         100  final res:   1.0231815394945443E-012
   DBG: Ts(1,1,1)=   799.99500002499963       Ts(nx/2,ny/2,1)=   798.12501724812694       Ts(nx-1,ny-1,1)=   359.72744912491476     
 --------------Force and Moment -----------------------------
 Total Force Coefficient (CL, CD, CS) =
  -7.2012909994326848E-007   1.3296209228079265       -6.2917151406233593E-025
 Total Moment Coefficient(CMx, CMy, CMz)=
  0.33240523070198208       -1.8003227496546318E-007 -0.65340923999534739     
 Kstep, t=          73   73.000000000000000     
 ----------The Max Residuals are--------  ---Mesh---           1
    0.2102504902E-02    0.5467636821E-06    0.1007500385E-02    0.1084852911E-18    0.2537438945E-02
   The R.M.S Residuals are 
    0.2627743846E-03    0.1197642156E-07    0.1009813027E-03    0.5894860601E-20    0.2837934871E-03
 CPU wall time in this step:   3.2979486000000335E-002
 Averaged CPU wall time is:   3.4566947356164383E-002
   GS iter           1  res=   1.0231815394945443E-012  Ts(1,1,1)=   799.99500002499974       Ts(nx-1,ny-1,1)=   359.72744912491487     
   GS iter           2  res=   1.0231815394945443E-012  Ts(1,1,1)=   799.99500002499963       Ts(nx-1,ny-1,1)=   359.72744912491476     
   GS iter           3  res=   1.0231815394945443E-012  Ts(1,1,1)=   799.99500002499974       Ts(nx-1,ny-1,1)=   359.72744912491487     
   GS iter           4  res=   1.0231815394945443E-012  Ts(1,1,1)=   799.99500002499963       Ts(nx-1,ny-1,1)=   359.72744912491476     
   GS iter           5  res=   1.3642420526593924E-012  Ts(1,1,1)=   799.99500002499974       Ts(nx-1,ny-1,1)=   359.72744912491487     
 Solid solver Block           2  GS iterations:         100  final res:   1.0231815394945443E-012
   DBG: Ts(1,1,1)=   799.99500002499963       Ts(nx/2,ny/2,1)=   798.12501724812694       Ts(nx-1,ny-1,1)=   359.72744912491481     
 --------------Force and Moment -----------------------------
 Total Force Coefficient (CL, CD, CS) =
  -7.4201259851814140E-007   1.3298021661597625       -9.3082241593146267E-025
 Total Moment Coefficient(CMx, CMy, CMz)=
  0.33245054153994080       -1.8550314960917863E-007 -0.65348221787477867     
 Kstep, t=          74   74.000000000000000     
 ----------The Max Residuals are--------  ---Mesh---           1
    0.2047707662E-02    0.5758271481E-06    0.9676242521E-03    0.1084191793E-18    0.2481741058E-02
   The R.M.S Residuals are 
    0.2632973139E-03    0.1225426487E-07    0.1012995883E-03    0.5906932629E-20    0.2848775517E-03
 CPU wall time in this step:   3.1081917999999931E-002
 Averaged CPU wall time is:   3.4519852364864864E-002
   GS iter           1  res=   1.0231815394945443E-012  Ts(1,1,1)=   799.99500002499974       Ts(nx-1,ny-1,1)=   359.72744912491493     
   GS iter           2  res=   1.1368683772161603E-012  Ts(1,1,1)=   799.99500002499963       Ts(nx-1,ny-1,1)=   359.72744912491487     
   GS iter           3  res=   9.0949470177292824E-013  Ts(1,1,1)=   799.99500002499974       Ts(nx-1,ny-1,1)=   359.72744912491464     
   GS iter           4  res=   1.4779288903810084E-012  Ts(1,1,1)=   799.99500002499963       Ts(nx-1,ny-1,1)=   359.72744912491487     
   GS iter           5  res=   1.3642420526593924E-012  Ts(1,1,1)=   799.99500002499974       Ts(nx-1,ny-1,1)=   359.72744912491487     
 Solid solver Block           2  GS iterations:         100  final res:   1.2505552149377763E-012
   DBG: Ts(1,1,1)=   799.99500002499963       Ts(nx/2,ny/2,1)=   798.12501724812694       Ts(nx-1,ny-1,1)=   359.72744912491498     
 --------------Force and Moment -----------------------------
 Total Force Coefficient (CL, CD, CS) =
  -7.6365436966187489E-007   1.3299935952206270       -1.3039658428666849E-024
 Total Moment Coefficient(CMx, CMy, CMz)=
  0.33249839880515691       -1.9091359239510907E-007 -0.65356214945464497     
 Kstep, t=          75   75.000000000000000     
 ----------The Max Residuals are--------  ---Mesh---           1
    0.1939597041E-02    0.6008244313E-06    0.8874826357E-03    0.8132557923E-19    0.2351525144E-02
   The R.M.S Residuals are 
    0.2639616257E-03    0.1253817889E-07    0.1016823472E-03    0.5866702320E-20    0.2860756700E-03
 CPU wall time in this step:   3.2369473000000148E-002
 Averaged CPU wall time is:   3.4491180640000001E-002
   GS iter           1  res=   1.2505552149377763E-012  Ts(1,1,1)=   799.99500002499974       Ts(nx-1,ny-1,1)=   359.72744912491493     
   GS iter           2  res=   9.0949470177292824E-013  Ts(1,1,1)=   799.99500002499963       Ts(nx-1,ny-1,1)=   359.72744912491476     
   GS iter           3  res=   9.0949470177292824E-013  Ts(1,1,1)=   799.99500002499974       Ts(nx-1,ny-1,1)=   359.72744912491487     
   GS iter           4  res=   9.0949470177292824E-013  Ts(1,1,1)=   799.99500002499963       Ts(nx-1,ny-1,1)=   359.72744912491464     
   GS iter           5  res=   1.5916157281026244E-012  Ts(1,1,1)=   799.99500002499974       Ts(nx-1,ny-1,1)=   359.72744912491487     
 Solid solver Block           2  GS iterations:         100  final res:   1.0231815394945443E-012
   DBG: Ts(1,1,1)=   799.99500002499963       Ts(nx/2,ny/2,1)=   798.12501724812694       Ts(nx-1,ny-1,1)=   359.72744912491487     
 --------------Force and Moment -----------------------------
 Total Force Coefficient (CL, CD, CS) =
  -7.8513370388751506E-007   1.3302015135474763       -1.0896022467180523E-024
 Total Moment Coefficient(CMx, CMy, CMz)=
  0.33255037838686902       -1.9628342595151593E-007 -0.65365317385676469     
 Kstep, t=          76   76.000000000000000     
 ----------The Max Residuals are--------  ---Mesh---           1
    0.2074813837E-02    0.6165507953E-06    0.9562493539E-03    0.1084674382E-18    0.2419811500E-02
   The R.M.S Residuals are 
    0.2647886688E-03    0.1282956967E-07    0.1023893371E-03    0.5502853761E-20    0.2875410231E-03
 CPU wall time in this step:   3.5010711999999611E-002
 Averaged CPU wall time is:   3.4498016578947369E-002
   GS iter           1  res=   1.0231815394945443E-012  Ts(1,1,1)=   799.99500002499974       Ts(nx-1,ny-1,1)=   359.72744912491476     
   GS iter           2  res=   7.9580786405131221E-013  Ts(1,1,1)=   799.99500002499963       Ts(nx-1,ny-1,1)=   359.72744912491487     
   GS iter           3  res=   1.1368683772161603E-012  Ts(1,1,1)=   799.99500002499974       Ts(nx-1,ny-1,1)=   359.72744912491476     
   GS iter           4  res=   9.0949470177292824E-013  Ts(1,1,1)=   799.99500002499963       Ts(nx-1,ny-1,1)=   359.72744912491487     
   GS iter           5  res=   9.0949470177292824E-013  Ts(1,1,1)=   799.99500002499974       Ts(nx-1,ny-1,1)=   359.72744912491476     
 Solid solver Block           2  GS iterations:         100  final res:   1.1368683772161603E-012
   DBG: Ts(1,1,1)=   799.99500002499963       Ts(nx/2,ny/2,1)=   798.12501724812694       Ts(nx-1,ny-1,1)=   359.72744912491487     
 --------------Force and Moment -----------------------------
 Total Force Coefficient (CL, CD, CS) =
  -8.0656046036868122E-007   1.3304173050752430       -1.0506977342993919E-024
 Total Moment Coefficient(CMx, CMy, CMz)=
  0.33260432626881031       -2.0164011507180417E-007 -0.65374974782372386     
 Kstep, t=          77   77.000000000000000     
 ----------The Max Residuals are--------  ---Mesh---           1
    0.2183619356E-02    0.6226994559E-06    0.1047549062E-02    0.9487850554E-19    0.2588668573E-02
   The R.M.S Residuals are 
    0.2656829001E-03    0.1312976110E-07    0.1034013723E-03    0.5917959955E-20    0.2892310926E-03
 CPU wall time in this step:   3.0739107000000043E-002
 Averaged CPU wall time is:   3.4449199571428571E-002
   GS iter           1  res=   1.1368683772161603E-012  Ts(1,1,1)=   799.99500002499974       Ts(nx-1,ny-1,1)=   359.72744912491487     
   GS iter           2  res=   1.1368683772161603E-012  Ts(1,1,1)=   799.99500002499963       Ts(nx-1,ny-1,1)=   359.72744912491510     
   GS iter           3  res=   1.2505552149377763E-012  Ts(1,1,1)=   799.99500002499974       Ts(nx-1,ny-1,1)=   359.72744912491510     
   GS iter           4  res=   1.4779288903810084E-012  Ts(1,1,1)=   799.99500002499963       Ts(nx-1,ny-1,1)=   359.72744912491487     
   GS iter           5  res=   1.0231815394945443E-012  Ts(1,1,1)=   799.99500002499974       Ts(nx-1,ny-1,1)=   359.72744912491464     
 Solid solver Block           2  GS iterations:         100  final res:   1.2505552149377763E-012
   DBG: Ts(1,1,1)=   799.99500002499963       Ts(nx/2,ny/2,1)=   798.12501724812694       Ts(nx-1,ny-1,1)=   359.72744912491476     
 --------------Force and Moment -----------------------------
 Total Force Coefficient (CL, CD, CS) =
  -8.2799534623508320E-007   1.3306359639985534        6.8818073258987210E-025
 Total Moment Coefficient(CMx, CMy, CMz)=
  0.33265899099963864       -2.0699883653840130E-007 -0.65384949501330036     
 Kstep, t=          78   78.000000000000000     
 ----------The Max Residuals are--------  ---Mesh---           1
    0.2239430011E-02    0.6198017863E-06    0.1097926078E-02    0.8134990341E-19    0.2690135378E-02
   The R.M.S Residuals are 
    0.2665632439E-03    0.1343869722E-07    0.1044279628E-03    0.5815024764E-20    0.2909309799E-03
 CPU wall time in this step:   3.1704862000000222E-002
 Averaged CPU wall time is:   3.4414015756410260E-002
   GS iter           1  res=   1.2505552149377763E-012  Ts(1,1,1)=   799.99500002499974       Ts(nx-1,ny-1,1)=   359.72744912491476     
   GS iter           2  res=   1.4779288903810084E-012  Ts(1,1,1)=   799.99500002499963       Ts(nx-1,ny-1,1)=   359.72744912491476     
   GS iter           3  res=   1.3642420526593924E-012  Ts(1,1,1)=   799.99500002499974       Ts(nx-1,ny-1,1)=   359.72744912491487     
   GS iter           4  res=   1.4779288903810084E-012  Ts(1,1,1)=   799.99500002499963       Ts(nx-1,ny-1,1)=   359.72744912491487     
   GS iter           5  res=   1.2505552149377763E-012  Ts(1,1,1)=   799.99500002499974       Ts(nx-1,ny-1,1)=   359.72744912491487     
 Solid solver Block           2  GS iterations:         100  final res:   1.0231815394945443E-012
   DBG: Ts(1,1,1)=   799.99500002499963       Ts(nx/2,ny/2,1)=   798.12501724812694       Ts(nx-1,ny-1,1)=   359.72744912491487     
 --------------Force and Moment -----------------------------
 Total Force Coefficient (CL, CD, CS) =
  -8.4924116479425283E-007   1.3308726739841037       -5.3873132660747235E-025
 Total Moment Coefficient(CMx, CMy, CMz)=
  0.33271816849602592       -2.1231029117819011E-007 -0.65396335156740504     
 Kstep, t=          79   79.000000000000000     
 ----------The Max Residuals are--------  ---Mesh---           1
    0.2230024597E-02    0.6090870512E-06    0.1095329612E-02    0.8134138311E-19    0.2703648840E-02
   The R.M.S Residuals are 
    0.2673473787E-03    0.1375508338E-07    0.1051160448E-03    0.5500058246E-20    0.2923897798E-03
 CPU wall time in this step:   3.2197034999999818E-002
 Averaged CPU wall time is:   3.4385952708860759E-002
   GS iter           1  res=   1.3642420526593924E-012  Ts(1,1,1)=   799.99500002499974       Ts(nx-1,ny-1,1)=   359.72744912491476     
   GS iter           2  res=   1.3642420526593924E-012  Ts(1,1,1)=   799.99500002499963       Ts(nx-1,ny-1,1)=   359.72744912491487     
   GS iter           3  res=   1.0231815394945443E-012  Ts(1,1,1)=   799.99500002499974       Ts(nx-1,ny-1,1)=   359.72744912491487     
   GS iter           4  res=   1.1368683772161603E-012  Ts(1,1,1)=   799.99500002499963       Ts(nx-1,ny-1,1)=   359.72744912491476     
   GS iter           5  res=   1.4779288903810084E-012  Ts(1,1,1)=   799.99500002499974       Ts(nx-1,ny-1,1)=   359.72744912491487     
 Solid solver Block           2  GS iterations:         100  final res:   1.0231815394945443E-012
   DBG: Ts(1,1,1)=   799.99500002499963       Ts(nx/2,ny/2,1)=   798.12501724812694       Ts(nx-1,ny-1,1)=   359.72744912491487     
 --------------Force and Moment -----------------------------
 Total Force Coefficient (CL, CD, CS) =
  -8.7017159211299834E-007   1.3311370108369984       -2.1379893585781278E-025
 Total Moment Coefficient(CMx, CMy, CMz)=
  0.33278425270924961       -2.1754289800787244E-007 -0.65409789804272400     
 Kstep, t=          80   80.000000000000000     
 ----------The Max Residuals are--------  ---Mesh---           1
    0.2150946746E-02    0.6452383408E-06    0.1035409579E-02    0.9487083609E-19    0.2619755615E-02
   The R.M.S Residuals are 
    0.2680960128E-03    0.1407789910E-07    0.1054431769E-03    0.5885342296E-20    0.2936153743E-03
 CPU wall time in this step:   3.2878112000000126E-002
 Averaged CPU wall time is:   3.4367104699999998E-002
   GS iter           1  res=   1.0231815394945443E-012  Ts(1,1,1)=   799.99500002499974       Ts(nx-1,ny-1,1)=   359.72744912491476     
   GS iter           2  res=   9.0949470177292824E-013  Ts(1,1,1)=   799.99500002499963       Ts(nx-1,ny-1,1)=   359.72744912491487     
   GS iter           3  res=   1.1368683772161603E-012  Ts(1,1,1)=   799.99500002499974       Ts(nx-1,ny-1,1)=   359.72744912491476     
   GS iter           4  res=   1.3642420526593924E-012  Ts(1,1,1)=   799.99500002499963       Ts(nx-1,ny-1,1)=   359.72744912491487     
   GS iter           5  res=   1.0231815394945443E-012  Ts(1,1,1)=   799.99500002499974       Ts(nx-1,ny-1,1)=   359.72744912491476     
 Solid solver Block           2  GS iterations:         100  final res:   1.3642420526593924E-012
   DBG: Ts(1,1,1)=   799.99500002499963       Ts(nx/2,ny/2,1)=   798.12501724812694       Ts(nx-1,ny-1,1)=   359.72744912491487     
 --------------Force and Moment -----------------------------
 Total Force Coefficient (CL, CD, CS) =
  -8.9092002820170410E-007   1.3314278695370398       -3.3490794767902690E-025
 Total Moment Coefficient(CMx, CMy, CMz)=
  0.33285696738425974       -2.2273000703004443E-007 -0.65425215669564174     
 Kstep, t=          81   81.000000000000000     
 ----------The Max Residuals are--------  ---Mesh---           1
    0.2069765646E-02    0.6737664570E-06    0.9241407634E-03    0.8132513856E-19    0.2443061305E-02
   The R.M.S Residuals are 
    0.2689784507E-03    0.1440831930E-07    0.1058339051E-03    0.5667431867E-20    0.2949174155E-03
 CPU wall time in this step:   4.0307832999999960E-002
 Averaged CPU wall time is:   3.4440447024691359E-002
   GS iter           1  res=   9.0949470177292824E-013  Ts(1,1,1)=   799.99500002499974       Ts(nx-1,ny-1,1)=   359.72744912491476     
   GS iter           2  res=   1.1368683772161603E-012  Ts(1,1,1)=   799.99500002499963       Ts(nx-1,ny-1,1)=   359.72744912491487     
   GS iter           3  res=   1.1368683772161603E-012  Ts(1,1,1)=   799.99500002499974       Ts(nx-1,ny-1,1)=   359.72744912491476     
   GS iter           4  res=   1.2505552149377763E-012  Ts(1,1,1)=   799.99500002499963       Ts(nx-1,ny-1,1)=   359.72744912491487     
   GS iter           5  res=   1.1368683772161603E-012  Ts(1,1,1)=   799.99500002499974       Ts(nx-1,ny-1,1)=   359.72744912491487     
 Solid solver Block           2  GS iterations:         100  final res:   9.0949470177292824E-013
   DBG: Ts(1,1,1)=   799.99500002499963       Ts(nx/2,ny/2,1)=   798.12501724812694       Ts(nx-1,ny-1,1)=   359.72744912491487     
 --------------Force and Moment -----------------------------
 Total Force Coefficient (CL, CD, CS) =
  -9.1159888398399961E-007   1.3317433214043575       -3.3394244436035342E-025
 Total Moment Coefficient(CMx, CMy, CMz)=
  0.33293583035108942       -2.2789972097561346E-007 -0.65442496788145832     
 Kstep, t=          82   82.000000000000000     
 ----------The Max Residuals are--------  ---Mesh---           1
    0.2240329529E-02    0.6899478374E-06    0.1059102421E-02    0.9487799634E-19    0.2618369673E-02
   The R.M.S Residuals are 
    0.2701126826E-03    0.1474950236E-07    0.1067910549E-03    0.5906061837E-20    0.2966260674E-03
 CPU wall time in this step:   3.9003405999999963E-002
 Averaged CPU wall time is:   3.4496092865853659E-002
   GS iter           1  res=   1.0231815394945443E-012  Ts(1,1,1)=   799.99500002499974       Ts(nx-1,ny-1,1)=   359.72744912491487     
   GS iter           2  res=   1.2505552149377763E-012  Ts(1,1,1)=   799.99500002499963       Ts(nx-1,ny-1,1)=   359.72744912491487     
   GS iter           3  res=   1.5916157281026244E-012  Ts(1,1,1)=   799.99500002499974       Ts(nx-1,ny-1,1)=   359.72744912491476     
   GS iter           4  res=   1.2505552149377763E-012  Ts(1,1,1)=   799.99500002499963       Ts(nx-1,ny-1,1)=   359.72744912491487     
   GS iter           5  res=   1.2505552149377763E-012  Ts(1,1,1)=   799.99500002499974       Ts(nx-1,ny-1,1)=   359.72744912491487     
 Solid solver Block           2  GS iterations:         100  final res:   1.0231815394945443E-012
   DBG: Ts(1,1,1)=   799.99500002499963       Ts(nx/2,ny/2,1)=   798.12501724812694       Ts(nx-1,ny-1,1)=   359.72744912491487     
 --------------Force and Moment -----------------------------
 Total Force Coefficient (CL, CD, CS) =
  -9.3227688730557737E-007   1.3320797987691424       -8.1106900079240502E-025
 Total Moment Coefficient(CMx, CMy, CMz)=
  0.33301994969228577       -2.3306922180600274E-007 -0.65461427015202467     
 Kstep, t=          83   83.000000000000000     
 ----------The Max Residuals are--------  ---Mesh---           1
    0.2357563039E-02    0.6937996971E-06    0.1166520134E-02    0.9489831935E-19    0.2808393586E-02
   The R.M.S Residuals are 
    0.2713895359E-03    0.1510302180E-07    0.1082752420E-03    0.5915439849E-20    0.2987027272E-03
 CPU wall time in this step:   4.2944045000000042E-002
 Averaged CPU wall time is:   3.4597875421686748E-002
   GS iter           1  res=   9.0949470177292824E-013  Ts(1,1,1)=   799.99500002499974       Ts(nx-1,ny-1,1)=   359.72744912491476     
   GS iter           2  res=   9.0949470177292824E-013  Ts(1,1,1)=   799.99500002499963       Ts(nx-1,ny-1,1)=   359.72744912491487     
   GS iter           3  res=   1.0231815394945443E-012  Ts(1,1,1)=   799.99500002499974       Ts(nx-1,ny-1,1)=   359.72744912491498     
   GS iter           4  res=   1.1368683772161603E-012  Ts(1,1,1)=   799.99500002499963       Ts(nx-1,ny-1,1)=   359.72744912491470     
   GS iter           5  res=   1.2505552149377763E-012  Ts(1,1,1)=   799.99500002499974       Ts(nx-1,ny-1,1)=   359.72744912491487     
 Solid solver Block           2  GS iterations:         100  final res:   9.0949470177292824E-013
   DBG: Ts(1,1,1)=   799.99500002499963       Ts(nx/2,ny/2,1)=   798.12501724812694       Ts(nx-1,ny-1,1)=   359.72744912491487     
 --------------Force and Moment -----------------------------
 Total Force Coefficient (CL, CD, CS) =
  -9.5298151733887310E-007   1.3324337675243285       -6.6497807866566160E-025
 Total Moment Coefficient(CMx, CMy, CMz)=
  0.33310844188108207       -2.3824537931432127E-007 -0.65481743746525201     
 Kstep, t=          84   84.000000000000000     
 ----------The Max Residuals are--------  ---Mesh---           1
    0.2400398822E-02    0.6865478796E-06    0.1213806004E-02    0.8132986992E-19    0.2901975851E-02
   The R.M.S Residuals are 
    0.2725079414E-03    0.1546771741E-07    0.1095601391E-03    0.5942045386E-20    0.3006932511E-03
 CPU wall time in this step:   4.3372600999999733E-002
 Averaged CPU wall time is:   3.4702336440476191E-002
   GS iter           1  res=   1.0231815394945443E-012  Ts(1,1,1)=   799.99500002499974       Ts(nx-1,ny-1,1)=   359.72744912491487     
   GS iter           2  res=   1.0231815394945443E-012  Ts(1,1,1)=   799.99500002499963       Ts(nx-1,ny-1,1)=   359.72744912491476     
   GS iter           3  res=   9.0949470177292824E-013  Ts(1,1,1)=   799.99500002499974       Ts(nx-1,ny-1,1)=   359.72744912491487     
   GS iter           4  res=   1.2505552149377763E-012  Ts(1,1,1)=   799.99500002499963       Ts(nx-1,ny-1,1)=   359.72744912491487     
   GS iter           5  res=   1.2505552149377763E-012  Ts(1,1,1)=   799.99500002499974       Ts(nx-1,ny-1,1)=   359.72744912491487     
 Solid solver Block           2  GS iterations:         100  final res:   9.0949470177292824E-013
   DBG: Ts(1,1,1)=   799.99500002499963       Ts(nx/2,ny/2,1)=   798.12501724812694       Ts(nx-1,ny-1,1)=   359.72744912491487     
 --------------Force and Moment -----------------------------
 Total Force Coefficient (CL, CD, CS) =
  -9.7372391010096062E-007   1.3328013528708840       -3.8343891784495557E-025
 Total Moment Coefficient(CMx, CMy, CMz)=
  0.33320033821772077       -2.4343097750483751E-007 -0.65503138148607443     
 Kstep, t=          85   85.000000000000000     
 ----------The Max Residuals are--------  ---Mesh---           1
    0.2356326604E-02    0.6871325667E-06    0.1184879556E-02    0.1219681511E-18    0.2876108284E-02
   The R.M.S Residuals are 
    0.2734623515E-03    0.1584115701E-07    0.1101503217E-03    0.5916286311E-20    0.3022790666E-03
 CPU wall time in this step:   3.9532293000000163E-002
 Averaged CPU wall time is:   3.4759159458823526E-002
   GS iter           1  res=   1.1368683772161603E-012  Ts(1,1,1)=   799.99500002499974       Ts(nx-1,ny-1,1)=   359.72744912491476     
   GS iter           2  res=   1.5916157281026244E-012  Ts(1,1,1)=   799.99500002499963       Ts(nx-1,ny-1,1)=   359.72744912491487     
   GS iter           3  res=   1.0231815394945443E-012  Ts(1,1,1)=   799.99500002499974       Ts(nx-1,ny-1,1)=   359.72744912491464     
   GS iter           4  res=   1.0231815394945443E-012  Ts(1,1,1)=   799.99500002499963       Ts(nx-1,ny-1,1)=   359.72744912491498     
   GS iter           5  res=   1.1368683772161603E-012  Ts(1,1,1)=   799.99500002499974       Ts(nx-1,ny-1,1)=   359.72744912491481     
 Solid solver Block           2  GS iterations:         100  final res:   1.1368683772161603E-012
   DBG: Ts(1,1,1)=   799.99500002499963       Ts(nx/2,ny/2,1)=   798.12501724812694       Ts(nx-1,ny-1,1)=   359.72744912491487     
 --------------Force and Moment -----------------------------
 Total Force Coefficient (CL, CD, CS) =
  -9.9451344852765202E-007   1.3331779122081313       -6.6973296751242694E-025
 Total Moment Coefficient(CMx, CMy, CMz)=
  0.33329447805203277       -2.4862836211150459E-007 -0.65525258551645871     
 Kstep, t=          86   86.000000000000000     
 ----------The Max Residuals are--------  ---Mesh---           1
    0.2224841556E-02    0.7308813264E-06    0.1080108083E-02    0.8134298699E-19    0.2725054682E-02
   The R.M.S Residuals are 
    0.2744087138E-03    0.1622195595E-07    0.1102959370E-03    0.5549608525E-20    0.3036026178E-03
 CPU wall time in this step:   3.8014565000000111E-002
 Averaged CPU wall time is:   3.4797013011627909E-002
   GS iter           1  res=   9.0949470177292824E-013  Ts(1,1,1)=   799.99500002499974       Ts(nx-1,ny-1,1)=   359.72744912491498     
   GS iter           2  res=   1.1368683772161603E-012  Ts(1,1,1)=   799.99500002499963       Ts(nx-1,ny-1,1)=   359.72744912491481     
   GS iter           3  res=   9.0949470177292824E-013  Ts(1,1,1)=   799.99500002499974       Ts(nx-1,ny-1,1)=   359.72744912491504     
   GS iter           4  res=   9.0949470177292824E-013  Ts(1,1,1)=   799.99500002499963       Ts(nx-1,ny-1,1)=   359.72744912491487     
   GS iter           5  res=   7.9580786405131221E-013  Ts(1,1,1)=   799.99500002499974       Ts(nx-1,ny-1,1)=   359.72744912491487     
 Solid solver Block           2  GS iterations:         100  final res:   1.2505552149377763E-012
   DBG: Ts(1,1,1)=   799.99500002499963       Ts(nx/2,ny/2,1)=   798.12501724812694       Ts(nx-1,ny-1,1)=   359.72744912491487     
 --------------Force and Moment -----------------------------
 Total Force Coefficient (CL, CD, CS) =
  -1.0153575481866596E-006   1.3335581629310498       -1.5674722570527085E-024
 Total Moment Coefficient(CMx, CMy, CMz)=
  0.33338954073276245       -2.5383938702625066E-007 -0.65547724415216679     
 Kstep, t=          87   87.000000000000000     
 ----------The Max Residuals are--------  ---Mesh---           1
    0.2280539275E-02    0.7591241252E-06    0.1044725561E-02    0.8135636108E-19    0.2619946026E-02
   The R.M.S Residuals are 
    0.2756150271E-03    0.1661299874E-07    0.1109072280E-03    0.5602459269E-20    0.3052373522E-03
 CPU wall time in this step:   4.6813386999999818E-002
 Averaged CPU wall time is:   3.4935132252873563E-002
   GS iter           1  res=   1.3642420526593924E-012  Ts(1,1,1)=   799.99500002499974       Ts(nx-1,ny-1,1)=   359.72744912491498     
   GS iter           2  res=   7.9580786405131221E-013  Ts(1,1,1)=   799.99500002499963       Ts(nx-1,ny-1,1)=   359.72744912491493     
   GS iter           3  res=   1.0231815394945443E-012  Ts(1,1,1)=   799.99500002499974       Ts(nx-1,ny-1,1)=   359.72744912491476     
   GS iter           4  res=   1.0231815394945443E-012  Ts(1,1,1)=   799.99500002499963       Ts(nx-1,ny-1,1)=   359.72744912491476     
   GS iter           5  res=   1.0231815394945443E-012  Ts(1,1,1)=   799.99500002499974       Ts(nx-1,ny-1,1)=   359.72744912491487     
 Solid solver Block           2  GS iterations:         100  final res:   1.1368683772161603E-012
   DBG: Ts(1,1,1)=   799.99500002499963       Ts(nx/2,ny/2,1)=   798.12501724812694       Ts(nx-1,ny-1,1)=   359.72744912491481     
 --------------Force and Moment -----------------------------
 Total Force Coefficient (CL, CD, CS) =
  -1.0362637966329398E-006   1.3339365932562097       -9.4322350266063929E-025
 Total Moment Coefficient(CMx, CMy, CMz)=
  0.33348414831405249       -2.5906594913781493E-007 -0.65570148096601844     
 Kstep, t=          88   88.000000000000000     
 ----------The Max Residuals are--------  ---Mesh---           1
    0.2464493637E-02    0.7710861498E-06    0.1214122234E-02    0.8129004863E-19    0.2904557746E-02
   The R.M.S Residuals are 
    0.2771453338E-03    0.1701885118E-07    0.1125526107E-03    0.5735098191E-20    0.3075183535E-03
 CPU wall time in this step:   3.6993628000000278E-002
 Averaged CPU wall time is:   3.4958524250000005E-002
   GS iter           1  res=   9.0949470177292824E-013  Ts(1,1,1)=   799.99500002499974       Ts(nx-1,ny-1,1)=   359.72744912491481     
   GS iter           2  res=   1.2505552149377763E-012  Ts(1,1,1)=   799.99500002499963       Ts(nx-1,ny-1,1)=   359.72744912491481     
   GS iter           3  res=   1.0231815394945443E-012  Ts(1,1,1)=   799.99500002499974       Ts(nx-1,ny-1,1)=   359.72744912491481     
   GS iter           4  res=   1.1368683772161603E-012  Ts(1,1,1)=   799.99500002499963       Ts(nx-1,ny-1,1)=   359.72744912491481     
   GS iter           5  res=   1.0231815394945443E-012  Ts(1,1,1)=   799.99500002499974       Ts(nx-1,ny-1,1)=   359.72744912491481     
 Solid solver Block           2  GS iterations:         100  final res:   1.1368683772161603E-012
   DBG: Ts(1,1,1)=   799.99500002499963       Ts(nx/2,ny/2,1)=   798.12501724812694       Ts(nx-1,ny-1,1)=   359.72744912491476     
 --------------Force and Moment -----------------------------
 Total Force Coefficient (CL, CD, CS) =
  -1.0572252905171529E-006   1.3343085144701858       -2.6505750830381256E-024
 Total Moment Coefficient(CMx, CMy, CMz)=
  0.33357712861754618       -2.6430632260886249E-007 -0.65592176182394801     
 Kstep, t=          89   89.000000000000000     
 ----------The Max Residuals are--------  ---Mesh---           1
    0.2565006273E-02    0.7679512264E-06    0.1321032000E-02    0.9486410457E-19    0.3086493974E-02
   The R.M.S Residuals are 
    0.2787533310E-03    0.1744236844E-07    0.1146056195E-03    0.5947536141E-20    0.3100674716E-03
 CPU wall time in this step:   3.1888855999999688E-002
 Averaged CPU wall time is:   3.4924033595505617E-002
   GS iter           1  res=   1.1368683772161603E-012  Ts(1,1,1)=   799.99500002499974       Ts(nx-1,ny-1,1)=   359.72744912491487     
   GS iter           2  res=   1.0231815394945443E-012  Ts(1,1,1)=   799.99500002499963       Ts(nx-1,ny-1,1)=   359.72744912491487     
   GS iter           3  res=   1.0231815394945443E-012  Ts(1,1,1)=   799.99500002499951       Ts(nx-1,ny-1,1)=   359.72744912491487     
   GS iter           4  res=   1.4779288903810084E-012  Ts(1,1,1)=   799.99500002499974       Ts(nx-1,ny-1,1)=   359.72744912491487     
   GS iter           5  res=   1.3642420526593924E-012  Ts(1,1,1)=   799.99500002499963       Ts(nx-1,ny-1,1)=   359.72744912491476     
 Solid solver Block           2  GS iterations:         100  final res:   9.0949470177292824E-013
   DBG: Ts(1,1,1)=   799.99500002499963       Ts(nx/2,ny/2,1)=   798.12501724812694       Ts(nx-1,ny-1,1)=   359.72744912491498     
 --------------Force and Moment -----------------------------
 Total Force Coefficient (CL, CD, CS) =
  -1.0782307769199260E-006   1.3346699408101397       -1.4601755451006857E-024
 Total Moment Coefficient(CMx, CMy, CMz)=
  0.33366748520253486       -2.6955769420955027E-007 -0.65613506538330502     
 Kstep, t=          90   90.000000000000000     
 ----------The Max Residuals are--------  ---Mesh---           1
    0.2558175195E-02    0.7522382640E-06    0.1334497081E-02    0.8129849601E-19    0.3124122578E-02
   The R.M.S Residuals are 
    0.2800099001E-03    0.1787917865E-07    0.1156935052E-03    0.5735120896E-20    0.3120939989E-03
 CPU wall time in this step:   3.6161895000000222E-002
 Averaged CPU wall time is:   3.4937787611111111E-002
   GS iter           1  res=   9.0949470177292824E-013  Ts(1,1,1)=   799.99500002499974       Ts(nx-1,ny-1,1)=   359.72744912491481     
   GS iter           2  res=   9.0949470177292824E-013  Ts(1,1,1)=   799.99500002499963       Ts(nx-1,ny-1,1)=   359.72744912491504     
   GS iter           3  res=   1.2505552149377763E-012  Ts(1,1,1)=   799.99500002499974       Ts(nx-1,ny-1,1)=   359.72744912491464     
   GS iter           4  res=   1.2505552149377763E-012  Ts(1,1,1)=   799.99500002499963       Ts(nx-1,ny-1,1)=   359.72744912491476     
   GS iter           5  res=   1.0231815394945443E-012  Ts(1,1,1)=   799.99500002499974       Ts(nx-1,ny-1,1)=   359.72744912491476     
 Solid solver Block           2  GS iterations:         100  final res:   9.0949470177292824E-013
   DBG: Ts(1,1,1)=   799.99500002499963       Ts(nx/2,ny/2,1)=   798.12501724812694       Ts(nx-1,ny-1,1)=   359.72744912491487     
 --------------Force and Moment -----------------------------
 Total Force Coefficient (CL, CD, CS) =
  -1.0992654963612816E-006   1.3350179479939626       -1.1850537113841353E-024
 Total Moment Coefficient(CMx, CMy, CMz)=
  0.33375448699849053       -2.7481637406988382E-007 -0.65633922034758552     
 Kstep, t=          91   91.000000000000000     
 ----------The Max Residuals are--------  ---Mesh---           1
    0.2438129101E-02    0.7918524870E-06    0.1241393314E-02    0.1083995989E-18    0.3000506725E-02
   The R.M.S Residuals are 
    0.2810998583E-03    0.1832491521E-07    0.1156002490E-03    0.5706061563E-20    0.3135158434E-03
 CPU wall time in this step:   3.2020562000000030E-002
 Averaged CPU wall time is:   3.4905730186813186E-002
   GS iter           1  res=   1.3642420526593924E-012  Ts(1,1,1)=   799.99500002499974       Ts(nx-1,ny-1,1)=   359.72744912491476     
   GS iter           2  res=   1.0231815394945443E-012  Ts(1,1,1)=   799.99500002499963       Ts(nx-1,ny-1,1)=   359.72744912491487     
   GS iter           3  res=   1.1368683772161603E-012  Ts(1,1,1)=   799.99500002499974       Ts(nx-1,ny-1,1)=   359.72744912491487     
   GS iter           4  res=   1.1368683772161603E-012  Ts(1,1,1)=   799.99500002499963       Ts(nx-1,ny-1,1)=   359.72744912491476     
   GS iter           5  res=   9.0949470177292824E-013  Ts(1,1,1)=   799.99500002499974       Ts(nx-1,ny-1,1)=   359.72744912491487     
 Solid solver Block           2  GS iterations:         100  final res:   9.0949470177292824E-013
   DBG: Ts(1,1,1)=   799.99500002499963       Ts(nx/2,ny/2,1)=   798.12501724812694       Ts(nx-1,ny-1,1)=   359.72744912491487     
 --------------Force and Moment -----------------------------
 Total Force Coefficient (CL, CD, CS) =
  -1.1203129517531171E-006   1.3353509989855277       -5.4811769491412149E-025
 Total Moment Coefficient(CMx, CMy, CMz)=
  0.33383774974638147       -2.8007823791783761E-007 -0.65653318927396265     
 Kstep, t=          92   92.000000000000000     
 ----------The Max Residuals are--------  ---Mesh---           1
    0.2316494886E-02    0.8337655864E-06    0.1056307019E-02    0.9490406532E-19    0.2726308388E-02
   The R.M.S Residuals are 
    0.2824407478E-03    0.1877868065E-07    0.1157076163E-03    0.5723620660E-20    0.3151165940E-03
 CPU wall time in this step:   3.9133574000000060E-002
 Averaged CPU wall time is:   3.4951685010869565E-002
   GS iter           1  res=   1.4779288903810084E-012  Ts(1,1,1)=   799.99500002499974       Ts(nx-1,ny-1,1)=   359.72744912491476     
   GS iter           2  res=   1.3642420526593924E-012  Ts(1,1,1)=   799.99500002499963       Ts(nx-1,ny-1,1)=   359.72744912491487     
   GS iter           3  res=   1.2505552149377763E-012  Ts(1,1,1)=   799.99500002499974       Ts(nx-1,ny-1,1)=   359.72744912491487     
   GS iter           4  res=   1.2505552149377763E-012  Ts(1,1,1)=   799.99500002499963       Ts(nx-1,ny-1,1)=   359.72744912491498     
   GS iter           5  res=   1.4779288903810084E-012  Ts(1,1,1)=   799.99500002499974       Ts(nx-1,ny-1,1)=   359.72744912491481     
 Solid solver Block           2  GS iterations:         100  final res:   9.0949470177292824E-013
   DBG: Ts(1,1,1)=   799.99500002499963       Ts(nx/2,ny/2,1)=   798.12501724812694       Ts(nx-1,ny-1,1)=   359.72744912491487     
 --------------Force and Moment -----------------------------
 Total Force Coefficient (CL, CD, CS) =
  -1.1413551771028469E-006   1.3356686842696022       -7.5633352232344086E-025
 Total Moment Coefficient(CMx, CMy, CMz)=
  0.33391717106740049       -2.8533879425526519E-007 -0.65671676540532808     
 Kstep, t=          93   93.000000000000000     
 ----------The Max Residuals are--------  ---Mesh---           1
    0.2570567239E-02    0.8545197926E-06    0.1249786244E-02    0.9488586324E-19    0.2995670669E-02
   The R.M.S Residuals are 
    0.2842913337E-03    0.1924779801E-07    0.1175221405E-03    0.5479414085E-20    0.3177222551E-03
 CPU wall time in this step:   3.6190170999999882E-002
 Averaged CPU wall time is:   3.4965002064516131E-002
   GS iter           1  res=   1.3642420526593924E-012  Ts(1,1,1)=   799.99500002499974       Ts(nx-1,ny-1,1)=   359.72744912491487     
   GS iter           2  res=   1.0231815394945443E-012  Ts(1,1,1)=   799.99500002499963       Ts(nx-1,ny-1,1)=   359.72744912491476     
   GS iter           3  res=   1.1368683772161603E-012  Ts(1,1,1)=   799.99500002499974       Ts(nx-1,ny-1,1)=   359.72744912491487     
   GS iter           4  res=   1.0231815394945443E-012  Ts(1,1,1)=   799.99500002499963       Ts(nx-1,ny-1,1)=   359.72744912491476     
   GS iter           5  res=   1.1368683772161603E-012  Ts(1,1,1)=   799.99500002499974       Ts(nx-1,ny-1,1)=   359.72744912491487     
 Solid solver Block           2  GS iterations:         100  final res:   1.1368683772161603E-012
   DBG: Ts(1,1,1)=   799.99500002499963       Ts(nx/2,ny/2,1)=   798.12501724812694       Ts(nx-1,ny-1,1)=   359.72744912491481     
 --------------Force and Moment -----------------------------
 Total Force Coefficient (CL, CD, CS) =
  -1.1623800882059004E-006   1.3359740276033438       -8.2609854784223177E-025
 Total Moment Coefficient(CMx, CMy, CMz)=
  0.33399350690083557       -2.9059502203102392E-007 -0.65689222159401295     
 Kstep, t=          94   94.000000000000000     
 ----------The Max Residuals are--------  ---Mesh---           1
    0.2731375859E-02    0.8553375827E-06    0.1422276354E-02    0.8131180712E-19    0.3270586748E-02
   The R.M.S Residuals are 
    0.2862632408E-03    0.1974025998E-07    0.1205124217E-03    0.5598166408E-20    0.3209071957E-03
 CPU wall time in this step:   3.2226012000000193E-002
 Averaged CPU wall time is:   3.4935863872340427E-002
   GS iter           1  res=   9.0949470177292824E-013  Ts(1,1,1)=   799.99500002499974       Ts(nx-1,ny-1,1)=   359.72744912491481     
   GS iter           2  res=   1.0231815394945443E-012  Ts(1,1,1)=   799.99500002499963       Ts(nx-1,ny-1,1)=   359.72744912491481     
   GS iter           3  res=   1.2505552149377763E-012  Ts(1,1,1)=   799.99500002499974       Ts(nx-1,ny-1,1)=   359.72744912491493     
   GS iter           4  res=   9.0949470177292824E-013  Ts(1,1,1)=   799.99500002499963       Ts(nx-1,ny-1,1)=   359.72744912491476     
   GS iter           5  res=   1.0231815394945443E-012  Ts(1,1,1)=   799.99500002499974       Ts(nx-1,ny-1,1)=   359.72744912491487     
 Solid solver Block           2  GS iterations:         100  final res:   1.0231815394945443E-012
   DBG: Ts(1,1,1)=   799.99500002499963       Ts(nx/2,ny/2,1)=   798.12501724812694       Ts(nx-1,ny-1,1)=   359.72744912491487     
 --------------Force and Moment -----------------------------
 Total Force Coefficient (CL, CD, CS) =
  -1.1833441957087026E-006   1.3362732195894662        7.2274219006396729E-025
 Total Moment Coefficient(CMx, CMy, CMz)=
  0.33406830489736683       -2.9583604890671986E-007 -0.65706422190790303     
 Kstep, t=          95   95.000000000000000     
 ----------The Max Residuals are--------  ---Mesh---           1
    0.2760450223E-02    0.8393785244E-06    0.1482460520E-02    0.9489983196E-19    0.3372744371E-02
   The R.M.S Residuals are 
    0.2878150257E-03    0.2025434776E-07    0.1224172259E-03    0.5878820509E-20    0.3233670611E-03
 CPU wall time in this step:   2.9535767999999685E-002
 Averaged CPU wall time is:   3.4879020757894737E-002
   GS iter           1  res=   1.2505552149377763E-012  Ts(1,1,1)=   799.99500002499974       Ts(nx-1,ny-1,1)=   359.72744912491476     
   GS iter           2  res=   1.1368683772161603E-012  Ts(1,1,1)=   799.99500002499963       Ts(nx-1,ny-1,1)=   359.72744912491487     
   GS iter           3  res=   1.1368683772161603E-012  Ts(1,1,1)=   799.99500002499974       Ts(nx-1,ny-1,1)=   359.72744912491476     
   GS iter           4  res=   9.0949470177292824E-013  Ts(1,1,1)=   799.99500002499963       Ts(nx-1,ny-1,1)=   359.72744912491487     
   GS iter           5  res=   9.0949470177292824E-013  Ts(1,1,1)=   799.99500002499974       Ts(nx-1,ny-1,1)=   359.72744912491476     
 Solid solver Block           2  GS iterations:         100  final res:   1.2505552149377763E-012
   DBG: Ts(1,1,1)=   799.99500002499963       Ts(nx/2,ny/2,1)=   798.12501724812694       Ts(nx-1,ny-1,1)=   359.72744912491493     
 --------------Force and Moment -----------------------------
 Total Force Coefficient (CL, CD, CS) =
  -1.2042264442974763E-006   1.3365720097450147        6.8762008420469610E-025
 Total Moment Coefficient(CMx, CMy, CMz)=
  0.33414300243625361       -3.0105661105390874E-007 -0.65723713131564110     
 Kstep, t=          96   96.000000000000000     
 ----------The Max Residuals are--------  ---Mesh---           1
    0.2643023106E-02    0.8620793072E-06    0.1402619673E-02    0.8134296516E-19    0.3267241359E-02
   The R.M.S Residuals are 
    0.2888068818E-03    0.2077980927E-07    0.1218309282E-03    0.5447102699E-20    0.3245296589E-03
 CPU wall time in this step:   4.1237320000000022E-002
 Averaged CPU wall time is:   3.4945253041666666E-002
   GS iter           1  res=   1.2505552149377763E-012  Ts(1,1,1)=   799.99500002499974       Ts(nx-1,ny-1,1)=   359.72744912491498     
   GS iter           2  res=   1.0231815394945443E-012  Ts(1,1,1)=   799.99500002499963       Ts(nx-1,ny-1,1)=   359.72744912491481     
   GS iter           3  res=   9.0949470177292824E-013  Ts(1,1,1)=   799.99500002499974       Ts(nx-1,ny-1,1)=   359.72744912491493     
   GS iter           4  res=   1.0231815394945443E-012  Ts(1,1,1)=   799.99500002499963       Ts(nx-1,ny-1,1)=   359.72744912491487     
   GS iter           5  res=   9.0949470177292824E-013  Ts(1,1,1)=   799.99500002499974       Ts(nx-1,ny-1,1)=   359.72744912491476     
 Solid solver Block           2  GS iterations:         100  final res:   1.2505552149377763E-012
   DBG: Ts(1,1,1)=   799.99500002499963       Ts(nx/2,ny/2,1)=   798.12501724812694       Ts(nx-1,ny-1,1)=   359.72744912491498     
 --------------Force and Moment -----------------------------
 Total Force Coefficient (CL, CD, CS) =
  -1.2250334123786405E-006   1.3368745829003488        1.0078674158109118E-024
 Total Moment Coefficient(CMx, CMy, CMz)=
  0.33421864572508697       -3.0625835307419511E-007 -0.65741417710386330     
 Kstep, t=          97   97.000000000000000     
 ----------The Max Residuals are--------  ---Mesh---           1
    0.2392957697E-02    0.9183931054E-06    0.1190731815E-02    0.8133404992E-19    0.2964263396E-02
   The R.M.S Residuals are 
    0.2901864266E-03    0.2131047372E-07    0.1208285377E-03    0.6003094114E-20    0.3257593709E-03
 CPU wall time in this step:   3.1419233000000268E-002
 Averaged CPU wall time is:   3.4908902319587633E-002
   GS iter           1  res=   9.0949470177292824E-013  Ts(1,1,1)=   799.99500002499974       Ts(nx-1,ny-1,1)=   359.72744912491493     
   GS iter           2  res=   1.0231815394945443E-012  Ts(1,1,1)=   799.99500002499963       Ts(nx-1,ny-1,1)=   359.72744912491476     
   GS iter           3  res=   1.0231815394945443E-012  Ts(1,1,1)=   799.99500002499974       Ts(nx-1,ny-1,1)=   359.72744912491487     
   GS iter           4  res=   1.1368683772161603E-012  Ts(1,1,1)=   799.99500002499963       Ts(nx-1,ny-1,1)=   359.72744912491487     
   GS iter           5  res=   1.2505552149377763E-012  Ts(1,1,1)=   799.99500002499974       Ts(nx-1,ny-1,1)=   359.72744912491476     
 Solid solver Block           2  GS iterations:         100  final res:   1.5916157281026244E-012
   DBG: Ts(1,1,1)=   799.99500002499963       Ts(nx/2,ny/2,1)=   798.12501724812694       Ts(nx-1,ny-1,1)=   359.72744912491476     
 --------------Force and Moment -----------------------------
 Total Force Coefficient (CL, CD, CS) =
  -1.2457774590952199E-006   1.3371837443497707        6.1577201130273544E-025
 Total Moment Coefficient(CMx, CMy, CMz)=
  0.33429593608744257       -3.1144436475333526E-007 -0.65759750376776660     
 Kstep, t=          98   98.000000000000000     
 ----------The Max Residuals are--------  ---Mesh---           1
    0.2691833921E-02    0.9474712835E-06    0.1289626787E-02    0.1084548348E-18    0.3107377042E-02
   The R.M.S Residuals are 
    0.2925501254E-03    0.2185719918E-07    0.1227803637E-03    0.5975481858E-20    0.3287817188E-03
 CPU wall time in this step:   3.2904937999999717E-002
 Averaged CPU wall time is:   3.4888453704081633E-002
   GS iter           1  res=   1.1368683772161603E-012  Ts(1,1,1)=   799.99500002499974       Ts(nx-1,ny-1,1)=   359.72744912491487     
   GS iter           2  res=   1.0231815394945443E-012  Ts(1,1,1)=   799.99500002499963       Ts(nx-1,ny-1,1)=   359.72744912491476     
   GS iter           3  res=   1.1368683772161603E-012  Ts(1,1,1)=   799.99500002499974       Ts(nx-1,ny-1,1)=   359.72744912491476     
   GS iter           4  res=   1.0231815394945443E-012  Ts(1,1,1)=   799.99500002499963       Ts(nx-1,ny-1,1)=   359.72744912491464     
   GS iter           5  res=   9.0949470177292824E-013  Ts(1,1,1)=   799.99500002499974       Ts(nx-1,ny-1,1)=   359.72744912491521     
 Solid solver Block           2  GS iterations:         100  final res:   1.2505552149377763E-012
   DBG: Ts(1,1,1)=   799.99500002499963       Ts(nx/2,ny/2,1)=   798.12501724812694       Ts(nx-1,ny-1,1)=   359.72744912491470     
 --------------Force and Moment -----------------------------
 Total Force Coefficient (CL, CD, CS) =
  -1.2664757221582214E-006   1.3375008792534013        6.1143451773750606E-025
 Total Moment Coefficient(CMx, CMy, CMz)=
  0.33437521981335067       -3.1661893051908076E-007 -0.65778817991554916     
 Kstep, t=          99   99.000000000000000     
 ----------The Max Residuals are--------  ---Mesh---           1
    0.2910286987E-02    0.9506998418E-06    0.1529680934E-02    0.8133081776E-19    0.3473969076E-02
   The R.M.S Residuals are 
    0.2951299701E-03    0.2243405603E-07    0.1274210554E-03    0.6069160289E-20    0.3330751587E-03
 CPU wall time in this step:   3.2903203000000047E-002
 Averaged CPU wall time is:   3.4868400666666667E-002
   GS iter           1  res=   1.1368683772161603E-012  Ts(1,1,1)=   799.99500002499974       Ts(nx-1,ny-1,1)=   359.72744912491487     
   GS iter           2  res=   9.0949470177292824E-013  Ts(1,1,1)=   799.99500002499963       Ts(nx-1,ny-1,1)=   359.72744912491464     
   GS iter           3  res=   1.0231815394945443E-012  Ts(1,1,1)=   799.99500002499974       Ts(nx-1,ny-1,1)=   359.72744912491498     
   GS iter           4  res=   1.0231815394945443E-012  Ts(1,1,1)=   799.99500002499963       Ts(nx-1,ny-1,1)=   359.72744912491493     
   GS iter           5  res=   1.3642420526593924E-012  Ts(1,1,1)=   799.99500002499974       Ts(nx-1,ny-1,1)=   359.72744912491476     
 Solid solver Block           2  GS iterations:         100  final res:   1.0231815394945443E-012
   DBG: Ts(1,1,1)=   799.99500002499963       Ts(nx/2,ny/2,1)=   798.12501724812694       Ts(nx-1,ny-1,1)=   359.72744912491476     
 --------------Force and Moment -----------------------------
 Total Force Coefficient (CL, CD, CS) =
  -1.2871464132572897E-006   1.3378262069688565        1.6926711469675640E-024
 Total Moment Coefficient(CMx, CMy, CMz)=
  0.33445655174221400       -3.2178660329384286E-007 -0.65798640510352890     
 Kstep, t=         100   100.00000000000000     
 ----------The Max Residuals are--------  ---Mesh---           1
    0.2964862867E-02    0.9322956153E-06    0.1633420008E-02    0.9487821095E-19    0.3629274597E-02
   The R.M.S Residuals are 
    0.2967682552E-03    0.2304278296E-07    0.1305768776E-03    0.6106453475E-20    0.3361230184E-03
 CPU wall time in this step:   3.1245526000000190E-002
 Averaged CPU wall time is:   3.4832171920000002E-002
   GS iter           1  res=   1.1368683772161603E-012  Ts(1,1,1)=   799.99500002499974       Ts(nx-1,ny-1,1)=   359.72744912491487     
   GS iter           2  res=   1.0231815394945443E-012  Ts(1,1,1)=   799.99500002499963       Ts(nx-1,ny-1,1)=   359.72744912491476     
   GS iter           3  res=   9.0949470177292824E-013  Ts(1,1,1)=   799.99500002499974       Ts(nx-1,ny-1,1)=   359.72744912491487     
   GS iter           4  res=   1.3642420526593924E-012  Ts(1,1,1)=   799.99500002499963       Ts(nx-1,ny-1,1)=   359.72744912491487     
   GS iter           5  res=   9.0949470177292824E-013  Ts(1,1,1)=   799.99500002499974       Ts(nx-1,ny-1,1)=   359.72744912491487     
 Solid solver Block           2  GS iterations:         100  final res:   1.4779288903810084E-012
   DBG: Ts(1,1,1)=   799.99500002499963       Ts(nx/2,ny/2,1)=   798.12501724812694       Ts(nx-1,ny-1,1)=   359.72744912491487     
 --------------Force and Moment -----------------------------
 Total Force Coefficient (CL, CD, CS) =
  -1.3078071371533495E-006   1.3381590097138703        1.1689973680240801E-024
 Total Moment Coefficient(CMx, CMy, CMz)=
  0.33453975242846767       -3.2695178426785274E-007 -0.65819169302967540     
 Kstep, t=         101   101.00000000000000     
 ----------The Max Residuals are--------  ---Mesh---           1
    0.2832506495E-02    0.9485989840E-06    0.1554577130E-02    0.1084229747E-18    0.3520312272E-02
   The R.M.S Residuals are 
    0.2974807222E-03    0.2366409206E-07    0.1293806850E-03    0.5897920060E-20    0.3367060221E-03
 CPU wall time in this step:   3.4775633999999833E-002
 Averaged CPU wall time is:   3.4831612138613861E-002
   GS iter           1  res=   1.2505552149377763E-012  Ts(1,1,1)=   799.99500002499974       Ts(nx-1,ny-1,1)=   359.72744912491476     
   GS iter           2  res=   1.3642420526593924E-012  Ts(1,1,1)=   799.99500002499963       Ts(nx-1,ny-1,1)=   359.72744912491487     
   GS iter           3  res=   7.9580786405131221E-013  Ts(1,1,1)=   799.99500002499974       Ts(nx-1,ny-1,1)=   359.72744912491476     
   GS iter           4  res=   9.0949470177292824E-013  Ts(1,1,1)=   799.99500002499963       Ts(nx-1,ny-1,1)=   359.72744912491487     
   GS iter           5  res=   1.0231815394945443E-012  Ts(1,1,1)=   799.99500002499974       Ts(nx-1,ny-1,1)=   359.72744912491498     
 Solid solver Block           2  GS iterations:         100  final res:   1.0231815394945443E-012
   DBG: Ts(1,1,1)=   799.99500002499963       Ts(nx/2,ny/2,1)=   798.12501724812694       Ts(nx-1,ny-1,1)=   359.72744912491487     
 --------------Force and Moment -----------------------------
 Total Force Coefficient (CL, CD, CS) =
  -1.3284732822898082E-006   1.3384977925692887        1.8526094260680422E-025
 Total Moment Coefficient(CMx, CMy, CMz)=
  0.33462444814232228       -3.3211832055196222E-007 -0.65840296558942546     
 Kstep, t=         102   102.00000000000000     
 ----------The Max Residuals are--------  ---Mesh---           1
    0.2531751265E-02    0.1018411919E-05    0.1300933641E-02    0.1084488373E-18    0.3157360831E-02
   The R.M.S Residuals are 
    0.2985525088E-03    0.2428442422E-07    0.1262586024E-03    0.5862939051E-20    0.3369826712E-03
 CPU wall time in this step:   3.7742940999999863E-002
 Averaged CPU wall time is:   3.4860154578431370E-002
   GS iter           1  res=   1.1368683772161603E-012  Ts(1,1,1)=   799.99500002499974       Ts(nx-1,ny-1,1)=   359.72744912491487     
   GS iter           2  res=   1.5916157281026244E-012  Ts(1,1,1)=   799.99500002499963       Ts(nx-1,ny-1,1)=   359.72744912491487     
   GS iter           3  res=   1.0231815394945443E-012  Ts(1,1,1)=   799.99500002499974       Ts(nx-1,ny-1,1)=   359.72744912491487     
   GS iter           4  res=   1.5916157281026244E-012  Ts(1,1,1)=   799.99500002499963       Ts(nx-1,ny-1,1)=   359.72744912491498     
   GS iter           5  res=   9.0949470177292824E-013  Ts(1,1,1)=   799.99500002499974       Ts(nx-1,ny-1,1)=   359.72744912491470     
 Solid solver Block           2  GS iterations:         100  final res:   9.0949470177292824E-013
   DBG: Ts(1,1,1)=   799.99500002499963       Ts(nx/2,ny/2,1)=   798.12501724812694       Ts(nx-1,ny-1,1)=   359.72744912491487     
 --------------Force and Moment -----------------------------
 Total Force Coefficient (CL, CD, CS) =
  -1.3491578042903906E-006   1.3388403037039640        4.7469699472896714E-025
 Total Moment Coefficient(CMx, CMy, CMz)=
  0.33471007592599117       -3.3728945105210258E-007 -0.65861855779046374     
 Kstep, t=         103   103.00000000000000     
 ----------The Max Residuals are--------  ---Mesh---           1
    0.2848553723E-02    0.1053313633E-05    0.1357324522E-02    0.1084388771E-18    0.3271978729E-02
   The R.M.S Residuals are 
    0.3013997121E-03    0.2492227130E-07    0.1278626555E-03    0.5710378204E-20    0.3403150773E-03
 CPU wall time in this step:   3.5436651000000374E-002
 Averaged CPU wall time is:   3.4865751631067962E-002
   GS iter           1  res=   1.1368683772161603E-012  Ts(1,1,1)=   799.99500002499974       Ts(nx-1,ny-1,1)=   359.72744912491464     
   GS iter           2  res=   9.0949470177292824E-013  Ts(1,1,1)=   799.99500002499963       Ts(nx-1,ny-1,1)=   359.72744912491498     
   GS iter           3  res=   1.1368683772161603E-012  Ts(1,1,1)=   799.99500002499974       Ts(nx-1,ny-1,1)=   359.72744912491493     
   GS iter           4  res=   1.1368683772161603E-012  Ts(1,1,1)=   799.99500002499963       Ts(nx-1,ny-1,1)=   359.72744912491476     
   GS iter           5  res=   1.0231815394945443E-012  Ts(1,1,1)=   799.99500002499974       Ts(nx-1,ny-1,1)=   359.72744912491487     
 Solid solver Block           2  GS iterations:         100  final res:   1.2505552149377763E-012
   DBG: Ts(1,1,1)=   799.99500002499963       Ts(nx/2,ny/2,1)=   798.12501724812694       Ts(nx-1,ny-1,1)=   359.72744912491487     
 --------------Force and Moment -----------------------------
 Total Force Coefficient (CL, CD, CS) =
  -1.3698725225454853E-006   1.3391835500112759       -4.4161279725199778E-025
 Total Moment Coefficient(CMx, CMy, CMz)=
  0.33479588750281886       -3.4246813061587100E-007 -0.65883624563600041     
 Kstep, t=         104   104.00000000000000     
 ----------The Max Residuals are--------  ---Mesh---           1
    0.3113069763E-02    0.1055192360E-05    0.1660684326E-02    0.8137751412E-19    0.3719289342E-02
   The R.M.S Residuals are 
    0.3048806302E-03    0.2560604535E-07    0.1347985308E-03    0.5484406951E-20    0.3461441734E-03
 CPU wall time in this step:   4.3863181999999945E-002
 Averaged CPU wall time is:   3.4952265384615384E-002
   GS iter           1  res=   1.2505552149377763E-012  Ts(1,1,1)=   799.99500002499974       Ts(nx-1,ny-1,1)=   359.72744912491476     
   GS iter           2  res=   1.0231815394945443E-012  Ts(1,1,1)=   799.99500002499963       Ts(nx-1,ny-1,1)=   359.72744912491487     
   GS iter           3  res=   1.0231815394945443E-012  Ts(1,1,1)=   799.99500002499974       Ts(nx-1,ny-1,1)=   359.72744912491476     
   GS iter           4  res=   1.5916157281026244E-012  Ts(1,1,1)=   799.99500002499963       Ts(nx-1,ny-1,1)=   359.72744912491487     
   GS iter           5  res=   1.1368683772161603E-012  Ts(1,1,1)=   799.99500002499974       Ts(nx-1,ny-1,1)=   359.72744912491476     
 Solid solver Block           2  GS iterations:         100  final res:   1.0231815394945443E-012
   DBG: Ts(1,1,1)=   799.99500002499963       Ts(nx/2,ny/2,1)=   798.12501724812694       Ts(nx-1,ny-1,1)=   359.72744912491487     
 --------------Force and Moment -----------------------------
 Total Force Coefficient (CL, CD, CS) =
  -1.3906269280441128E-006   1.3395241831862768       -2.9620199259378613E-025
 Total Moment Coefficient(CMx, CMy, CMz)=
  0.33488104579656924       -3.4765673199052264E-007 -0.65905354140937200     
 Kstep, t=         105   105.00000000000000     
 ----------The Max Residuals are--------  ---Mesh---           1
    0.3168071349E-02    0.1030670585E-05    0.1790804328E-02    0.1084570282E-18    0.3896666560E-02
   The R.M.S Residuals are 
    0.3067488135E-03    0.2633605377E-07    0.1399118466E-03    0.5914209405E-20    0.3500397748E-03
 CPU wall time in this step:   4.6095035999999645E-002
 Averaged CPU wall time is:   3.5058387009523809E-002
   GS iter           1  res=   1.0231815394945443E-012  Ts(1,1,1)=   799.99500002499974       Ts(nx-1,ny-1,1)=   359.72744912491476     
   GS iter           2  res=   1.0231815394945443E-012  Ts(1,1,1)=   799.99500002499963       Ts(nx-1,ny-1,1)=   359.72744912491487     
   GS iter           3  res=   1.0231815394945443E-012  Ts(1,1,1)=   799.99500002499974       Ts(nx-1,ny-1,1)=   359.72744912491476     
   GS iter           4  res=   1.0231815394945443E-012  Ts(1,1,1)=   799.99500002499963       Ts(nx-1,ny-1,1)=   359.72744912491487     
   GS iter           5  res=   9.0949470177292824E-013  Ts(1,1,1)=   799.99500002499974       Ts(nx-1,ny-1,1)=   359.72744912491487     
 Solid solver Block           2  GS iterations:         100  final res:   1.0231815394945443E-012
   DBG: Ts(1,1,1)=   799.99500002499963       Ts(nx/2,ny/2,1)=   798.12501724812694       Ts(nx-1,ny-1,1)=   359.72744912491487     
 --------------Force and Moment -----------------------------
 Total Force Coefficient (CL, CD, CS) =
  -1.4114240113949716E-006   1.3398591632452592        4.0309860269532577E-026
 Total Moment Coefficient(CMx, CMy, CMz)=
  0.33496479081131469       -3.5285600282823220E-007 -0.65926818965869272     
 Kstep, t=         106   106.00000000000000     
 ----------The Max Residuals are--------  ---Mesh---           1
    0.2987765779E-02    0.1059304459E-05    0.1684293027E-02    0.1084656500E-18    0.3739325444E-02
   The R.M.S Residuals are 
    0.3069009404E-03    0.2707089534E-07    0.1378320263E-03    0.6201596986E-20    0.3497449756E-03
 CPU wall time in this step:   3.5357630000000029E-002
 Averaged CPU wall time is:   3.5061210056603773E-002
   GS iter           1  res=   1.0231815394945443E-012  Ts(1,1,1)=   799.99500002499974       Ts(nx-1,ny-1,1)=   359.72744912491476     
   GS iter           2  res=   7.9580786405131221E-013  Ts(1,1,1)=   799.99500002499963       Ts(nx-1,ny-1,1)=   359.72744912491487     
   GS iter           3  res=   1.0231815394945443E-012  Ts(1,1,1)=   799.99500002499974       Ts(nx-1,ny-1,1)=   359.72744912491476     
   GS iter           4  res=   1.2505552149377763E-012  Ts(1,1,1)=   799.99500002499963       Ts(nx-1,ny-1,1)=   359.72744912491487     
   GS iter           5  res=   1.0231815394945443E-012  Ts(1,1,1)=   799.99500002499974       Ts(nx-1,ny-1,1)=   359.72744912491476     
 Solid solver Block           2  GS iterations:         100  final res:   9.0949470177292824E-013
   DBG: Ts(1,1,1)=   799.99500002499963       Ts(nx/2,ny/2,1)=   798.12501724812694       Ts(nx-1,ny-1,1)=   359.72744912491487     
 --------------Force and Moment -----------------------------
 Total Force Coefficient (CL, CD, CS) =
  -1.4322581700304626E-006   1.3401862098381923        2.8555418874363136E-025
 Total Moment Coefficient(CMx, CMy, CMz)=
  0.33504655245954812       -3.5806454248709998E-007 -0.65947849178758333     
 Kstep, t=         107   107.00000000000000     
 ----------The Max Residuals are--------  ---Mesh---           1
    0.2605337480E-02    0.1139216729E-05    0.1359379474E-02    0.9486735762E-19    0.3270827561E-02
   The R.M.S Residuals are 
    0.3077180219E-03    0.2779207521E-07    0.1324183631E-03    0.6176184596E-20    0.3489271153E-03
 CPU wall time in this step:   3.5583155000000311E-002
 Averaged CPU wall time is:   3.5066088046728970E-002
   GS iter           1  res=   1.1368683772161603E-012  Ts(1,1,1)=   799.99500002499974       Ts(nx-1,ny-1,1)=   359.72744912491476     
   GS iter           2  res=   1.4779288903810084E-012  Ts(1,1,1)=   799.99500002499963       Ts(nx-1,ny-1,1)=   359.72744912491487     
   GS iter           3  res=   1.2505552149377763E-012  Ts(1,1,1)=   799.99500002499974       Ts(nx-1,ny-1,1)=   359.72744912491476     
   GS iter           4  res=   1.0231815394945443E-012  Ts(1,1,1)=   799.99500002499963       Ts(nx-1,ny-1,1)=   359.72744912491487     
   GS iter           5  res=   1.4779288903810084E-012  Ts(1,1,1)=   799.99500002499974       Ts(nx-1,ny-1,1)=   359.72744912491476     
 Solid solver Block           2  GS iterations:         100  final res:   1.0231815394945443E-012
   DBG: Ts(1,1,1)=   799.99500002499963       Ts(nx/2,ny/2,1)=   798.12501724812694       Ts(nx-1,ny-1,1)=   359.72744912491487     
 --------------Force and Moment -----------------------------
 Total Force Coefficient (CL, CD, CS) =
  -1.4531198509461990E-006   1.3405040455277066        1.8232341799405534E-024
 Total Moment Coefficient(CMx, CMy, CMz)=
  0.33512601138192627       -3.6327996271602922E-007 -0.65968349720032637     
 Kstep, t=         108   108.00000000000000     
 ----------The Max Residuals are--------  ---Mesh---           1
    0.3062129740E-02    0.1173958450E-05    0.1481613492E-02    0.9488444582E-19    0.3525569695E-02
   The R.M.S Residuals are 
    0.3112204786E-03    0.2853611792E-07    0.1338897358E-03    0.6143591870E-20    0.3529387857E-03
 CPU wall time in this step:   3.5551250000000145E-002
 Averaged CPU wall time is:   3.5070580287037037E-002
   GS iter           1  res=   1.1368683772161603E-012  Ts(1,1,1)=   799.99500002499974       Ts(nx-1,ny-1,1)=   359.72744912491476     
   GS iter           2  res=   9.0949470177292824E-013  Ts(1,1,1)=   799.99500002499963       Ts(nx-1,ny-1,1)=   359.72744912491487     
   GS iter           3  res=   9.0949470177292824E-013  Ts(1,1,1)=   799.99500002499974       Ts(nx-1,ny-1,1)=   359.72744912491476     
   GS iter           4  res=   1.2505552149377763E-012  Ts(1,1,1)=   799.99500002499963       Ts(nx-1,ny-1,1)=   359.72744912491487     
   GS iter           5  res=   1.0231815394945443E-012  Ts(1,1,1)=   799.99500002499974       Ts(nx-1,ny-1,1)=   359.72744912491476     
 Solid solver Block           2  GS iterations:         100  final res:   9.0949470177292824E-013
   DBG: Ts(1,1,1)=   799.99500002499963       Ts(nx/2,ny/2,1)=   798.12501724812694       Ts(nx-1,ny-1,1)=   359.72744912491476     
 --------------Force and Moment -----------------------------
 Total Force Coefficient (CL, CD, CS) =
  -1.4739957755706474E-006   1.3408124489530588       -2.1426303288778596E-025
 Total Moment Coefficient(CMx, CMy, CMz)=
  0.33520311223826488       -3.6849894387213660E-007 -0.65988304546175924     
 Kstep, t=         109   109.00000000000000     
 ----------The Max Residuals are--------  ---Mesh---           1
    0.3344029105E-02    0.1168002962E-05    0.1831733120E-02    0.9486291965E-19    0.4021873094E-02
   The R.M.S Residuals are 
    0.3154967946E-03    0.2935860196E-07    0.1432082236E-03    0.6337866496E-20    0.3604226630E-03
 CPU wall time in this step:   3.6632623999999669E-002
 Averaged CPU wall time is:   3.5084910963302754E-002
   GS iter           1  res=   1.0231815394945443E-012  Ts(1,1,1)=   799.99500002499974       Ts(nx-1,ny-1,1)=   359.72744912491487     
   GS iter           2  res=   9.0949470177292824E-013  Ts(1,1,1)=   799.99500002499963       Ts(nx-1,ny-1,1)=   359.72744912491487     
   GS iter           3  res=   1.0231815394945443E-012  Ts(1,1,1)=   799.99500002499974       Ts(nx-1,ny-1,1)=   359.72744912491476     
   GS iter           4  res=   9.0949470177292824E-013  Ts(1,1,1)=   799.99500002499963       Ts(nx-1,ny-1,1)=   359.72744912491487     
   GS iter           5  res=   1.1368683772161603E-012  Ts(1,1,1)=   799.99500002499974       Ts(nx-1,ny-1,1)=   359.72744912491476     
 Solid solver Block           2  GS iterations:         100  final res:   1.2505552149377763E-012
   DBG: Ts(1,1,1)=   799.99500002499963       Ts(nx/2,ny/2,1)=   798.12501724812694       Ts(nx-1,ny-1,1)=   359.72744912491476     
 --------------Force and Moment -----------------------------
 Total Force Coefficient (CL, CD, CS) =
  -1.4948735301563417E-006   1.3411120341193954        2.1562842591559692E-025
 Total Moment Coefficient(CMx, CMy, CMz)=
  0.33527800852984885       -3.7371838251855558E-007 -0.66007760324649567     
 Kstep, t=         110   110.00000000000000     
 ----------The Max Residuals are--------  ---Mesh---           1
    0.3352388447E-02    0.1133190457E-05    0.1948021605E-02    0.1084749121E-18    0.4159311550E-02
   The R.M.S Residuals are 
    0.3170726754E-03    0.3023686063E-07    0.1492227783E-03    0.6044753927E-20    0.3644117691E-03
 CPU wall time in this step:   6.4004382999999887E-002
 Averaged CPU wall time is:   3.5347815254545452E-002
   GS iter           1  res=   1.3642420526593924E-012  Ts(1,1,1)=   799.99500002499974       Ts(nx-1,ny-1,1)=   359.72744912491487     
   GS iter           2  res=   1.2505552149377763E-012  Ts(1,1,1)=   799.99500002499963       Ts(nx-1,ny-1,1)=   359.72744912491476     
   GS iter           3  res=   9.0949470177292824E-013  Ts(1,1,1)=   799.99500002499974       Ts(nx-1,ny-1,1)=   359.72744912491487     
   GS iter           4  res=   9.0949470177292824E-013  Ts(1,1,1)=   799.99500002499963       Ts(nx-1,ny-1,1)=   359.72744912491476     
   GS iter           5  res=   1.2505552149377763E-012  Ts(1,1,1)=   799.99500002499974       Ts(nx-1,ny-1,1)=   359.72744912491487     
 Solid solver Block           2  GS iterations:         100  final res:   7.9580786405131221E-013
   DBG: Ts(1,1,1)=   799.99500002499963       Ts(nx/2,ny/2,1)=   798.12501724812694       Ts(nx-1,ny-1,1)=   359.72744912491476     
 --------------Force and Moment -----------------------------
 Total Force Coefficient (CL, CD, CS) =
  -1.5157431038341660E-006   1.3414040103502156       -1.3836296702745474E-024
 Total Moment Coefficient(CMx, CMy, CMz)=
  0.33535100258755351       -3.7893577593800720E-007 -0.66026807701722445     
 Kstep, t=         111   111.00000000000000     
 ----------The Max Residuals are--------  ---Mesh---           1
    0.3074279869E-02    0.1201945689E-05    0.1763627727E-02    0.1084053921E-18    0.3881924398E-02
   The R.M.S Residuals are 
    0.3164834226E-03    0.3110500379E-07    0.1453141335E-03    0.6384973876E-20    0.3625133690E-03
 CPU wall time in this step:   3.5650684000000155E-002
 Averaged CPU wall time is:   3.5350543801801804E-002
   GS iter           1  res=   1.1368683772161603E-012  Ts(1,1,1)=   799.99500002499974       Ts(nx-1,ny-1,1)=   359.72744912491487     
   GS iter           2  res=   1.0231815394945443E-012  Ts(1,1,1)=   799.99500002499963       Ts(nx-1,ny-1,1)=   359.72744912491476     
   GS iter           3  res=   1.1368683772161603E-012  Ts(1,1,1)=   799.99500002499974       Ts(nx-1,ny-1,1)=   359.72744912491487     
   GS iter           4  res=   1.1368683772161603E-012  Ts(1,1,1)=   799.99500002499963       Ts(nx-1,ny-1,1)=   359.72744912491464     
   GS iter           5  res=   9.0949470177292824E-013  Ts(1,1,1)=   799.99500002499974       Ts(nx-1,ny-1,1)=   359.72744912491498     
 Solid solver Block           2  GS iterations:         100  final res:   1.0231815394945443E-012
   DBG: Ts(1,1,1)=   799.99500002499963       Ts(nx/2,ny/2,1)=   798.12501724812694       Ts(nx-1,ny-1,1)=   359.72744912491476     
 --------------Force and Moment -----------------------------
 Total Force Coefficient (CL, CD, CS) =
  -1.5365977018024325E-006   1.3416899147858929        2.5781131524436551E-025
 Total Moment Coefficient(CMx, CMy, CMz)=
  0.33542247869647301       -3.8414942543006943E-007 -0.66045561505168549     
 Kstep, t=         112   112.00000000000000     
 ----------The Max Residuals are--------  ---Mesh---           1
    0.2837510377E-02    0.1283516396E-05    0.1325498599E-02    0.8136616569E-19    0.3244734068E-02
   The R.M.S Residuals are 
    0.3178071845E-03    0.3193832755E-07    0.1391375209E-03    0.6195744412E-20    0.3614507181E-03
 CPU wall time in this step:   3.3200412000000235E-002
 Averaged CPU wall time is:   3.5331346196428574E-002
   GS iter           1  res=   1.2505552149377763E-012  Ts(1,1,1)=   799.99500002499974       Ts(nx-1,ny-1,1)=   359.72744912491487     
   GS iter           2  res=   1.1368683772161603E-012  Ts(1,1,1)=   799.99500002499963       Ts(nx-1,ny-1,1)=   359.72744912491476     
   GS iter           3  res=   1.3642420526593924E-012  Ts(1,1,1)=   799.99500002499974       Ts(nx-1,ny-1,1)=   359.72744912491487     
   GS iter           4  res=   1.2505552149377763E-012  Ts(1,1,1)=   799.99500002499963       Ts(nx-1,ny-1,1)=   359.72744912491487     
   GS iter           5  res=   1.2505552149377763E-012  Ts(1,1,1)=   799.99500002499974       Ts(nx-1,ny-1,1)=   359.72744912491487     
 Solid solver Block           2  GS iterations:         100  final res:   9.0949470177292824E-013
   DBG: Ts(1,1,1)=   799.99500002499963       Ts(nx/2,ny/2,1)=   798.12501724812694       Ts(nx-1,ny-1,1)=   359.72744912491476     
 --------------Force and Moment -----------------------------
 Total Force Coefficient (CL, CD, CS) =
  -1.5574341558101614E-006   1.3419712641365307       -7.5596962495901876E-025
 Total Moment Coefficient(CMx, CMy, CMz)=
  0.33549281603413267       -3.8935853893199737E-007 -0.66064134718668033     
 Kstep, t=         113   113.00000000000000     
 ----------The Max Residuals are--------  ---Mesh---           1
    0.3345482502E-02    0.1307470427E-05    0.1688115654E-02    0.9485710552E-19    0.3897321569E-02
   The R.M.S Residuals are 
    0.3224819576E-03    0.3281711696E-07    0.1430435035E-03    0.6174393365E-20    0.3676741434E-03
 CPU wall time in this step:   3.4095280999999922E-002
 Averaged CPU wall time is:   3.5320407566371684E-002
   GS iter           1  res=   1.0231815394945443E-012  Ts(1,1,1)=   799.99500002499974       Ts(nx-1,ny-1,1)=   359.72744912491487     
   GS iter           2  res=   1.1368683772161603E-012  Ts(1,1,1)=   799.99500002499963       Ts(nx-1,ny-1,1)=   359.72744912491487     
   GS iter           3  res=   9.0949470177292824E-013  Ts(1,1,1)=   799.99500002499974       Ts(nx-1,ny-1,1)=   359.72744912491487     
   GS iter           4  res=   1.0231815394945443E-012  Ts(1,1,1)=   799.99500002499963       Ts(nx-1,ny-1,1)=   359.72744912491487     
   GS iter           5  res=   1.1368683772161603E-012  Ts(1,1,1)=   799.99500002499974       Ts(nx-1,ny-1,1)=   359.72744912491487     
 Solid solver Block           2  GS iterations:         100  final res:   1.0231815394945443E-012
   DBG: Ts(1,1,1)=   799.99500002499963       Ts(nx/2,ny/2,1)=   798.12501724812694       Ts(nx-1,ny-1,1)=   359.72744912491510     
 --------------Force and Moment -----------------------------
 Total Force Coefficient (CL, CD, CS) =
  -1.5782543375034563E-006   1.3422492696734172       -2.0811574893260153E-025
 Total Moment Coefficient(CMx, CMy, CMz)=
  0.33556231741835435       -3.9456358435531681E-007 -0.66082617273787991     
 Kstep, t=         114   114.00000000000000     
 ----------The Max Residuals are--------  ---Mesh---           1
    0.3585092842E-02    0.1285839788E-05    0.2042484815E-02    0.9487971322E-19    0.4368700579E-02
   The R.M.S Residuals are 
    0.3267340253E-03    0.3380921321E-07    0.1541255189E-03    0.6442334967E-20    0.3761866569E-03
 CPU wall time in this step:   3.2486663000000249E-002
 Averaged CPU wall time is:   3.5295550157894741E-002
   GS iter           1  res=   1.0231815394945443E-012  Ts(1,1,1)=   799.99500002499974       Ts(nx-1,ny-1,1)=   359.72744912491464     
   GS iter           2  res=   9.0949470177292824E-013  Ts(1,1,1)=   799.99500002499963       Ts(nx-1,ny-1,1)=   359.72744912491498     
   GS iter           3  res=   1.1368683772161603E-012  Ts(1,1,1)=   799.99500002499974       Ts(nx-1,ny-1,1)=   359.72744912491470     
   GS iter           4  res=   1.1368683772161603E-012  Ts(1,1,1)=   799.99500002499963       Ts(nx-1,ny-1,1)=   359.72744912491487     
   GS iter           5  res=   1.0231815394945443E-012  Ts(1,1,1)=   799.99500002499974       Ts(nx-1,ny-1,1)=   359.72744912491487     
 Solid solver Block           2  GS iterations:         100  final res:   9.0949470177292824E-013
   DBG: Ts(1,1,1)=   799.99500002499963       Ts(nx/2,ny/2,1)=   798.12501724812694       Ts(nx-1,ny-1,1)=   359.72744912491487     
 --------------Force and Moment -----------------------------
 Total Force Coefficient (CL, CD, CS) =
  -1.5990629164357544E-006   1.3425247203209814       -6.3696964287046182E-025
 Total Moment Coefficient(CMx, CMy, CMz)=
  0.33563118008024534       -3.9976572908838710E-007 -0.66101067009247871     
 Kstep, t=         115   115.00000000000000     
 ----------The Max Residuals are--------  ---Mesh---           1
    0.3474385983E-02    0.1239222146E-05    0.2072947620E-02    0.9490638202E-19    0.4364657877E-02
   The R.M.S Residuals are 
    0.3267743858E-03    0.3486814580E-07    0.1570172564E-03    0.6283214303E-20    0.3777300781E-03
 CPU wall time in this step:   3.1834403999999594E-002
 Averaged CPU wall time is:   3.5265453234782605E-002
   GS iter           1  res=   1.1368683772161603E-012  Ts(1,1,1)=   799.99500002499974       Ts(nx-1,ny-1,1)=   359.72744912491476     
   GS iter           2  res=   1.2505552149377763E-012  Ts(1,1,1)=   799.99500002499963       Ts(nx-1,ny-1,1)=   359.72744912491487     
   GS iter           3  res=   1.0231815394945443E-012  Ts(1,1,1)=   799.99500002499974       Ts(nx-1,ny-1,1)=   359.72744912491476     
   GS iter           4  res=   9.0949470177292824E-013  Ts(1,1,1)=   799.99500002499963       Ts(nx-1,ny-1,1)=   359.72744912491487     
   GS iter           5  res=   1.0231815394945443E-012  Ts(1,1,1)=   799.99500002499974       Ts(nx-1,ny-1,1)=   359.72744912491476     
 Solid solver Block           2  GS iterations:         100  final res:   1.0231815394945443E-012
   DBG: Ts(1,1,1)=   799.99500002499963       Ts(nx/2,ny/2,1)=   798.12501724812694       Ts(nx-1,ny-1,1)=   359.72744912491487     
 --------------Force and Moment -----------------------------
 Total Force Coefficient (CL, CD, CS) =
  -1.6198658831559091E-006   1.3427979477362924        2.0356463671759204E-025
 Total Moment Coefficient(CMx, CMy, CMz)=
  0.33569948693407325       -4.0496647076842158E-007 -0.66119507087936558     
 Kstep, t=         116   116.00000000000000     
 ----------The Max Residuals are--------  ---Mesh---           1
    0.3033547621E-02    0.1380304232E-05    0.1737682373E-02    0.8134223059E-19    0.3866990734E-02
   The R.M.S Residuals are 
    0.3257457539E-03    0.3588119233E-07    0.1492856289E-03    0.6039903226E-20    0.3734684812E-03
 CPU wall time in this step:   3.8899756000000174E-002
 Averaged CPU wall time is:   3.5296783431034484E-002
   GS iter           1  res=   1.0231815394945443E-012  Ts(1,1,1)=   799.99500002499974       Ts(nx-1,ny-1,1)=   359.72744912491487     
   GS iter           2  res=   1.0231815394945443E-012  Ts(1,1,1)=   799.99500002499963       Ts(nx-1,ny-1,1)=   359.72744912491476     
   GS iter           3  res=   7.9580786405131221E-013  Ts(1,1,1)=   799.99500002499974       Ts(nx-1,ny-1,1)=   359.72744912491487     
   GS iter           4  res=   9.0949470177292824E-013  Ts(1,1,1)=   799.99500002499963       Ts(nx-1,ny-1,1)=   359.72744912491487     
   GS iter           5  res=   9.0949470177292824E-013  Ts(1,1,1)=   799.99500002499974       Ts(nx-1,ny-1,1)=   359.72744912491487     
 Solid solver Block           2  GS iterations:         100  final res:   1.0231815394945443E-012
   DBG: Ts(1,1,1)=   799.99500002499963       Ts(nx/2,ny/2,1)=   798.12501724812694       Ts(nx-1,ny-1,1)=   359.72744912491487     
 --------------Force and Moment -----------------------------
 Total Force Coefficient (CL, CD, CS) =
  -1.6406694187028163E-006   1.3430688775989053        1.2979597809466827E-024
 Total Moment Coefficient(CMx, CMy, CMz)=
  0.33576721939972592       -4.1016735465514426E-007 -0.66137929893015635     
 Kstep, t=         117   117.00000000000000     
 ----------The Max Residuals are--------  ---Mesh---           1
    0.3197992502E-02    0.1447354540E-05    0.1432774279E-02    0.6778017941E-19    0.3574697410E-02
   The R.M.S Residuals are 
    0.3292036186E-03    0.3685341865E-07    0.1462369030E-03    0.5376289103E-20    0.3752286023E-03
 CPU wall time in this step:   3.0627834999999770E-002
 Averaged CPU wall time is:   3.5256877888888885E-002
   GS iter           1  res=   9.0949470177292824E-013  Ts(1,1,1)=   799.99500002499974       Ts(nx-1,ny-1,1)=   359.72744912491476     
   GS iter           2  res=   7.9580786405131221E-013  Ts(1,1,1)=   799.99500002499963       Ts(nx-1,ny-1,1)=   359.72744912491487     
   GS iter           3  res=   9.0949470177292824E-013  Ts(1,1,1)=   799.99500002499974       Ts(nx-1,ny-1,1)=   359.72744912491476     
   GS iter           4  res=   1.1368683772161603E-012  Ts(1,1,1)=   799.99500002499963       Ts(nx-1,ny-1,1)=   359.72744912491487     
   GS iter           5  res=   1.0231815394945443E-012  Ts(1,1,1)=   799.99500002499974       Ts(nx-1,ny-1,1)=   359.72744912491487     
 Solid solver Block           2  GS iterations:         100  final res:   9.0949470177292824E-013
   DBG: Ts(1,1,1)=   799.99500002499963       Ts(nx/2,ny/2,1)=   798.12501724812694       Ts(nx-1,ny-1,1)=   359.72744912491487     
 --------------Force and Moment -----------------------------
 Total Force Coefficient (CL, CD, CS) =
  -1.6614789748125569E-006   1.3433371165149355        1.0384944615313425E-024
 Total Moment Coefficient(CMx, CMy, CMz)=
  0.33583427912873354       -4.1536974368257532E-007 -0.66156303631494573     
 Kstep, t=         118   118.00000000000000     
 ----------The Max Residuals are--------  ---Mesh---           1
    0.3679103544E-02    0.1446978789E-05    0.1982150707E-02    0.8134236478E-19    0.4376850468E-02
   The R.M.S Residuals are 
    0.3355387139E-03    0.3791080377E-07    0.1575029844E-03    0.5716339745E-20    0.3859413954E-03
 CPU wall time in this step:   3.1454442000000249E-002
 Averaged CPU wall time is:   3.5224653855932202E-002
   GS iter           1  res=   1.1368683772161603E-012  Ts(1,1,1)=   799.99500002499974       Ts(nx-1,ny-1,1)=   359.72744912491476     
   GS iter           2  res=   1.1368683772161603E-012  Ts(1,1,1)=   799.99500002499963       Ts(nx-1,ny-1,1)=   359.72744912491487     
   GS iter           3  res=   1.1368683772161603E-012  Ts(1,1,1)=   799.99500002499974       Ts(nx-1,ny-1,1)=   359.72744912491476     
   GS iter           4  res=   9.0949470177292824E-013  Ts(1,1,1)=   799.99500002499963       Ts(nx-1,ny-1,1)=   359.72744912491487     
   GS iter           5  res=   1.0231815394945443E-012  Ts(1,1,1)=   799.99500002499974       Ts(nx-1,ny-1,1)=   359.72744912491487     
 Solid solver Block           2  GS iterations:         100  final res:   7.9580786405131221E-013
   DBG: Ts(1,1,1)=   799.99500002499963       Ts(nx/2,ny/2,1)=   798.12501724812694       Ts(nx-1,ny-1,1)=   359.72744912491476     
 --------------Force and Moment -----------------------------
 Total Force Coefficient (CL, CD, CS) =
  -1.6822989902606631E-006   1.3436020980481747        9.6339462063585276E-025
 Total Moment Coefficient(CMx, CMy, CMz)=
  0.33590052451204355       -4.2057474754459780E-007 -0.66174583213054394     
 Kstep, t=         119   119.00000000000000     
 ----------The Max Residuals are--------  ---Mesh---           1
    0.3774579093E-02    0.1404464404E-05    0.2251808266E-02    0.1084437179E-18    0.4687143238E-02
   The R.M.S Residuals are 
    0.3376475136E-03    0.3911731204E-07    0.1673669936E-03    0.6024188746E-20    0.3925344559E-03
 CPU wall time in this step:   4.1460637000000133E-002
 Averaged CPU wall time is:   3.5277057075630253E-002
   GS iter           1  res=   9.0949470177292824E-013  Ts(1,1,1)=   799.99500002499974       Ts(nx-1,ny-1,1)=   359.72744912491487     
   GS iter           2  res=   9.0949470177292824E-013  Ts(1,1,1)=   799.99500002499963       Ts(nx-1,ny-1,1)=   359.72744912491476     
   GS iter           3  res=   1.2505552149377763E-012  Ts(1,1,1)=   799.99500002499974       Ts(nx-1,ny-1,1)=   359.72744912491487     
   GS iter           4  res=   1.2505552149377763E-012  Ts(1,1,1)=   799.99500002499963       Ts(nx-1,ny-1,1)=   359.72744912491487     
   GS iter           5  res=   1.0231815394945443E-012  Ts(1,1,1)=   799.99500002499974       Ts(nx-1,ny-1,1)=   359.72744912491476     
 Solid solver Block           2  GS iterations:         100  final res:   9.0949470177292824E-013
   DBG: Ts(1,1,1)=   799.99500002499963       Ts(nx/2,ny/2,1)=   798.12501724812694       Ts(nx-1,ny-1,1)=   359.72744912491487     
 --------------Force and Moment -----------------------------
 Total Force Coefficient (CL, CD, CS) =
  -1.7031317376007283E-006   1.3438632076041839        1.9293140087904651E-024
 Total Moment Coefficient(CMx, CMy, CMz)=
  0.33596580190104619       -4.2578293437961009E-007 -0.66192719618267493     
 Kstep, t=         120   120.00000000000000     
 ----------The Max Residuals are--------  ---Mesh---           1
    0.3451436084E-02    0.1464485272E-05    0.2090049909E-02    0.8136199860E-19    0.4403593956E-02
   The R.M.S Residuals are 
    0.3345557054E-03    0.4035838163E-07    0.1607143932E-03    0.5824979543E-20    0.3874758055E-03
 CPU wall time in this step:   3.7237771000000031E-002
 Averaged CPU wall time is:   3.5293396358333333E-002
   GS iter           1  res=   7.9580786405131221E-013  Ts(1,1,1)=   799.99500002499974       Ts(nx-1,ny-1,1)=   359.72744912491487     
   GS iter           2  res=   7.9580786405131221E-013  Ts(1,1,1)=   799.99500002499963       Ts(nx-1,ny-1,1)=   359.72744912491487     
   GS iter           3  res=   1.0231815394945443E-012  Ts(1,1,1)=   799.99500002499974       Ts(nx-1,ny-1,1)=   359.72744912491476     
   GS iter           4  res=   1.1368683772161603E-012  Ts(1,1,1)=   799.99500002499963       Ts(nx-1,ny-1,1)=   359.72744912491487     
   GS iter           5  res=   9.0949470177292824E-013  Ts(1,1,1)=   799.99500002499974       Ts(nx-1,ny-1,1)=   359.72744912491487     
 Solid solver Block           2  GS iterations:         100  final res:   1.4779288903810084E-012
   DBG: Ts(1,1,1)=   799.99500002499963       Ts(nx/2,ny/2,1)=   798.12501724812694       Ts(nx-1,ny-1,1)=   359.72744912491487     
 --------------Force and Moment -----------------------------
 Total Force Coefficient (CL, CD, CS) =
  -1.7239782541325010E-006   1.3441198659781706        2.6393969607742705E-024
 Total Moment Coefficient(CMx, CMy, CMz)=
  0.33602996649454236       -4.3099456351254933E-007 -0.66210666201872503     
 Kstep, t=         121   121.00000000000000     
 ----------The Max Residuals are--------  ---Mesh---           1
    0.2948013691E-02    0.1587309909E-05    0.1523839462E-02    0.1084502753E-18    0.3570609798E-02
   The R.M.S Residuals are 
    0.3353476637E-03    0.4153030546E-07    0.1493836560E-03    0.6396904962E-20    0.3827564501E-03
 CPU wall time in this step:   4.0992157999999890E-002
 Averaged CPU wall time is:   3.5340493561983474E-002
   GS iter           1  res=   1.1368683772161603E-012  Ts(1,1,1)=   799.99500002499974       Ts(nx-1,ny-1,1)=   359.72744912491498     
   GS iter           2  res=   9.0949470177292824E-013  Ts(1,1,1)=   799.99500002499963       Ts(nx-1,ny-1,1)=   359.72744912491481     
   GS iter           3  res=   7.9580786405131221E-013  Ts(1,1,1)=   799.99500002499974       Ts(nx-1,ny-1,1)=   359.72744912491481     
   GS iter           4  res=   7.9580786405131221E-013  Ts(1,1,1)=   799.99500002499963       Ts(nx-1,ny-1,1)=   359.72744912491493     
   GS iter           5  res=   1.0231815394945443E-012  Ts(1,1,1)=   799.99500002499974       Ts(nx-1,ny-1,1)=   359.72744912491498     
 Solid solver Block           2  GS iterations:         100  final res:   9.0949470177292824E-013
   DBG: Ts(1,1,1)=   799.99500002499963       Ts(nx/2,ny/2,1)=   798.12501724812694       Ts(nx-1,ny-1,1)=   359.72744912491476     
 --------------Force and Moment -----------------------------
 Total Force Coefficient (CL, CD, CS) =
  -1.7448382936470947E-006   1.3443716073328580        3.5966184528919028E-024
 Total Moment Coefficient(CMx, CMy, CMz)=
  0.33609290183321461       -4.3620957339119391E-007 -0.66228384592752676     
 Kstep, t=         122   122.00000000000000     
 ----------The Max Residuals are--------  ---Mesh---           1
    0.3659384809E-02    0.1617577106E-05    0.1826439847E-02    0.1084554016E-18    0.4231702474E-02
   The R.M.S Residuals are 
    0.3434601476E-03    0.4270347764E-07    0.1576114669E-03    0.6508866513E-20    0.3933636413E-03
 CPU wall time in this step:   3.8000182999999410E-002
 Averaged CPU wall time is:   3.5362294295081961E-002
   GS iter           1  res=   7.9580786405131221E-013  Ts(1,1,1)=   799.99500002499974       Ts(nx-1,ny-1,1)=   359.72744912491487     
   GS iter           2  res=   1.2505552149377763E-012  Ts(1,1,1)=   799.99500002499963       Ts(nx-1,ny-1,1)=   359.72744912491476     
   GS iter           3  res=   1.1368683772161603E-012  Ts(1,1,1)=   799.99500002499974       Ts(nx-1,ny-1,1)=   359.72744912491487     
   GS iter           4  res=   1.1368683772161603E-012  Ts(1,1,1)=   799.99500002499963       Ts(nx-1,ny-1,1)=   359.72744912491487     
   GS iter           5  res=   1.1368683772161603E-012  Ts(1,1,1)=   799.99500002499974       Ts(nx-1,ny-1,1)=   359.72744912491487     
 Solid solver Block           2  GS iterations:         100  final res:   9.0949470177292824E-013
   DBG: Ts(1,1,1)=   799.99500002499963       Ts(nx/2,ny/2,1)=   798.12501724812694       Ts(nx-1,ny-1,1)=   359.72744912491487     
 --------------Force and Moment -----------------------------
 Total Force Coefficient (CL, CD, CS) =
  -1.7657107083132112E-006   1.3446181076602730        1.4400925950195621E-024
 Total Moment Coefficient(CMx, CMy, CMz)=
  0.33615452691506881       -4.4142767705771925E-007 -0.66245846824694932     
 Kstep, t=         123   123.00000000000000     
 ----------The Max Residuals are--------  ---Mesh---           1
    0.3977778120E-02    0.1584989655E-05    0.2313027912E-02    0.1084513351E-18    0.4864321802E-02
   The R.M.S Residuals are 
    0.3493845319E-03    0.4402660007E-07    0.1765383318E-03    0.6658452757E-20    0.4072684543E-03
 CPU wall time in this step:   3.4811134999999993E-002
 Averaged CPU wall time is:   3.5357813325203248E-002
   GS iter           1  res=   1.3642420526593924E-012  Ts(1,1,1)=   799.99500002499974       Ts(nx-1,ny-1,1)=   359.72744912491476     
   GS iter           2  res=   1.1368683772161603E-012  Ts(1,1,1)=   799.99500002499963       Ts(nx-1,ny-1,1)=   359.72744912491487     
   GS iter           3  res=   1.1368683772161603E-012  Ts(1,1,1)=   799.99500002499974       Ts(nx-1,ny-1,1)=   359.72744912491487     
   GS iter           4  res=   9.0949470177292824E-013  Ts(1,1,1)=   799.99500002499963       Ts(nx-1,ny-1,1)=   359.72744912491476     
   GS iter           5  res=   9.0949470177292824E-013  Ts(1,1,1)=   799.99500002499974       Ts(nx-1,ny-1,1)=   359.72744912491487     
 Solid solver Block           2  GS iterations:         100  final res:   1.1368683772161603E-012
   DBG: Ts(1,1,1)=   799.99500002499963       Ts(nx/2,ny/2,1)=   798.12501724812694       Ts(nx-1,ny-1,1)=   359.72744912491487     
 --------------Force and Moment -----------------------------
 Total Force Coefficient (CL, CD, CS) =
  -1.7865940911607112E-006   1.3448591895998581        7.3290531428602608E-025
 Total Moment Coefficient(CMx, CMy, CMz)=
  0.33621479739996463       -4.4664852276959056E-007 -0.66263035710653440     
 Kstep, t=         124   124.00000000000000     
 ----------The Max Residuals are--------  ---Mesh---           1
    0.3800456246E-02    0.1542220456E-05    0.2352807055E-02    0.1084608109E-18    0.4824435285E-02
   The R.M.S Residuals are 
    0.3456600594E-03    0.4546064256E-07    0.1773558835E-03    0.6383264462E-20    0.4050281177E-03
 CPU wall time in this step:   3.3067928000000357E-002
 Averaged CPU wall time is:   3.5339346508064515E-002
   GS iter           1  res=   1.0231815394945443E-012  Ts(1,1,1)=   799.99500002499974       Ts(nx-1,ny-1,1)=   359.72744912491464     
   GS iter           2  res=   9.0949470177292824E-013  Ts(1,1,1)=   799.99500002499963       Ts(nx-1,ny-1,1)=   359.72744912491487     
   GS iter           3  res=   9.0949470177292824E-013  Ts(1,1,1)=   799.99500002499974       Ts(nx-1,ny-1,1)=   359.72744912491476     
   GS iter           4  res=   1.5916157281026244E-012  Ts(1,1,1)=   799.99500002499963       Ts(nx-1,ny-1,1)=   359.72744912491487     
   GS iter           5  res=   1.1368683772161603E-012  Ts(1,1,1)=   799.99500002499974       Ts(nx-1,ny-1,1)=   359.72744912491464     
 Solid solver Block           2  GS iterations:         100  final res:   9.0949470177292824E-013
   DBG: Ts(1,1,1)=   799.99500002499963       Ts(nx/2,ny/2,1)=   798.12501724812716       Ts(nx-1,ny-1,1)=   359.72744912491476     
 --------------Force and Moment -----------------------------
 Total Force Coefficient (CL, CD, CS) =
  -1.8074868508580315E-006   1.3450948010534318       -7.4741257912779800E-025
 Total Moment Coefficient(CMx, CMy, CMz)=
  0.33627370026335757       -4.5187171269391702E-007 -0.66279943270548924     
 Kstep, t=         125   125.00000000000000     
 ----------The Max Residuals are--------  ---Mesh---           1
    0.3165675217E-02    0.1729820565E-05    0.1868416424E-02    0.1084476006E-18    0.4091423798E-02
   The R.M.S Residuals are 
    0.3409162651E-03    0.4685065031E-07    0.1577399021E-03    0.6565948906E-20    0.3922905516E-03
 CPU wall time in this step:   3.0912773999999921E-002
 Averaged CPU wall time is:   3.5303933927999999E-002
   GS iter           1  res=   1.2505552149377763E-012  Ts(1,1,1)=   799.99500002499974       Ts(nx-1,ny-1,1)=   359.72744912491487     
   GS iter           2  res=   1.3642420526593924E-012  Ts(1,1,1)=   799.99500002499963       Ts(nx-1,ny-1,1)=   359.72744912491487     
   GS iter           3  res=   9.0949470177292824E-013  Ts(1,1,1)=   799.99500002499974       Ts(nx-1,ny-1,1)=   359.72744912491476     
   GS iter           4  res=   1.1368683772161603E-012  Ts(1,1,1)=   799.99500002499963       Ts(nx-1,ny-1,1)=   359.72744912491487     
   GS iter           5  res=   1.1368683772161603E-012  Ts(1,1,1)=   799.99500002499974       Ts(nx-1,ny-1,1)=   359.72744912491487     
 Solid solver Block           2  GS iterations:         100  final res:   1.8189894035458565E-012
   DBG: Ts(1,1,1)=   799.99500002499963       Ts(nx/2,ny/2,1)=   798.12501724812682       Ts(nx-1,ny-1,1)=   359.72744912491487     
 --------------Force and Moment -----------------------------
 Total Force Coefficient (CL, CD, CS) =
  -1.8283877488168173E-006   1.3453249812166603       -1.4646475560766223E-024
 Total Moment Coefficient(CMx, CMy, CMz)=
  0.33633124530416519       -4.5709693718361000E-007 -0.66296568220037444     
 Kstep, t=         126   126.00000000000000     
 ----------The Max Residuals are--------  ---Mesh---           1
    0.3567592151E-02    0.1800018128E-05    0.1640184685E-02    0.1084397821E-18    0.3998553388E-02
   The R.M.S Residuals are 
    0.3483153521E-03    0.4820365347E-07    0.1535891582E-03    0.5866589061E-20    0.3963758905E-03
 CPU wall time in this step:   3.0652642999999813E-002
 Averaged CPU wall time is:   3.5267018920634920E-002
   GS iter           1  res=   9.0949470177292824E-013  Ts(1,1,1)=   799.99500002499974       Ts(nx-1,ny-1,1)=   359.72744912491476     
   GS iter           2  res=   7.9580786405131221E-013  Ts(1,1,1)=   799.99500002499963       Ts(nx-1,ny-1,1)=   359.72744912491487     
   GS iter           3  res=   9.0949470177292824E-013  Ts(1,1,1)=   799.99500002499974       Ts(nx-1,ny-1,1)=   359.72744912491476     
   GS iter           4  res=   9.0949470177292824E-013  Ts(1,1,1)=   799.99500002499963       Ts(nx-1,ny-1,1)=   359.72744912491487     
   GS iter           5  res=   9.0949470177292824E-013  Ts(1,1,1)=   799.99500002499974       Ts(nx-1,ny-1,1)=   359.72744912491476     
 Solid solver Block           2  GS iterations:         100  final res:   9.0949470177292824E-013
   DBG: Ts(1,1,1)=   799.99500002499963       Ts(nx/2,ny/2,1)=   798.12501724812682       Ts(nx-1,ny-1,1)=   359.72744912491487     
 --------------Force and Moment -----------------------------
 Total Force Coefficient (CL, CD, CS) =
  -1.8492958232537768E-006   1.3455498277439568       -9.8338565609430471E-025
 Total Moment Coefficient(CMx, CMy, CMz)=
  0.33638745693598932       -4.6232395579284642E-007 -0.66312913521519035     
 Kstep, t=         127   127.00000000000000     
 ----------The Max Residuals are--------  ---Mesh---           1
    0.4104552580E-02    0.1780421122E-05    0.2299808354E-02    0.1084174449E-18    0.4939782527E-02
   The R.M.S Residuals are 
    0.3598758575E-03    0.4972594089E-07    0.1774972671E-03    0.6372377924E-20    0.4175285793E-03
 CPU wall time in this step:   3.1470038000000145E-002
 Averaged CPU wall time is:   3.5237121433070867E-002
   GS iter           1  res=   1.2505552149377763E-012  Ts(1,1,1)=   799.99500002499974       Ts(nx-1,ny-1,1)=   359.72744912491476     
   GS iter           2  res=   1.0231815394945443E-012  Ts(1,1,1)=   799.99500002499963       Ts(nx-1,ny-1,1)=   359.72744912491487     
   GS iter           3  res=   9.0949470177292824E-013  Ts(1,1,1)=   799.99500002499974       Ts(nx-1,ny-1,1)=   359.72744912491476     
   GS iter           4  res=   1.0231815394945443E-012  Ts(1,1,1)=   799.99500002499963       Ts(nx-1,ny-1,1)=   359.72744912491487     
   GS iter           5  res=   1.0231815394945443E-012  Ts(1,1,1)=   799.99500002499974       Ts(nx-1,ny-1,1)=   359.72744912491487     
 Solid solver Block           2  GS iterations:         100  final res:   1.0231815394945443E-012
   DBG: Ts(1,1,1)=   799.99500002499963       Ts(nx/2,ny/2,1)=   798.12501724812682       Ts(nx-1,ny-1,1)=   359.72744912491487     
 --------------Force and Moment -----------------------------
 Total Force Coefficient (CL, CD, CS) =
  -1.8702105634225161E-006   1.3457694662976816        5.0375044472639937E-025
 Total Moment Coefficient(CMx, CMy, CMz)=
  0.33644236657442056       -4.6755264083502787E-007 -0.66328984119070411     
 Kstep, t=         128   128.00000000000000     
 ----------The Max Residuals are--------  ---Mesh---           1
    0.4078479577E-02    0.1754683627E-05    0.2532780325E-02    0.8134309366E-19    0.5139916479E-02
   The R.M.S Residuals are 
    0.3595180793E-03    0.5141828949E-07    0.1921431194E-03    0.5642667425E-20    0.4241701658E-03
 CPU wall time in this step:   3.3643875000000101E-002
 Averaged CPU wall time is:   3.5224674195312500E-002
   GS iter           1  res=   1.0231815394945443E-012  Ts(1,1,1)=   799.99500002499974       Ts(nx-1,ny-1,1)=   359.72744912491476     
   GS iter           2  res=   1.2505552149377763E-012  Ts(1,1,1)=   799.99500002499963       Ts(nx-1,ny-1,1)=   359.72744912491487     
   GS iter           3  res=   9.0949470177292824E-013  Ts(1,1,1)=   799.99500002499974       Ts(nx-1,ny-1,1)=   359.72744912491476     
   GS iter           4  res=   9.0949470177292824E-013  Ts(1,1,1)=   799.99500002499963       Ts(nx-1,ny-1,1)=   359.72744912491487     
   GS iter           5  res=   9.0949470177292824E-013  Ts(1,1,1)=   799.99500002499974       Ts(nx-1,ny-1,1)=   359.72744912491476     
 Solid solver Block           2  GS iterations:         100  final res:   1.0231815394945443E-012
   DBG: Ts(1,1,1)=   799.99500002499963       Ts(nx/2,ny/2,1)=   798.12501724812682       Ts(nx-1,ny-1,1)=   359.72744912491470     
 --------------Force and Moment -----------------------------
 Total Force Coefficient (CL, CD, CS) =
  -1.8911317537313387E-006   1.3459840286479643        1.8018520248167739E-024
 Total Moment Coefficient(CMx, CMy, CMz)=
  0.33649600716199124       -4.7278293841223023E-007 -0.66344785319286059     
 Kstep, t=         129   129.00000000000000     
 ----------The Max Residuals are--------  ---Mesh---           1
    0.3492067943E-02    0.1881942206E-05    0.2154612025E-02    0.9486990755E-19    0.4528110228E-02
   The R.M.S Residuals are 
    0.3499580276E-03    0.5302465287E-07    0.1751840716E-03    0.6215064532E-20    0.4085139648E-03
 CPU wall time in this step:   4.7202096000000360E-002
 Averaged CPU wall time is:   3.5317522426356593E-002
   GS iter           1  res=   9.0949470177292824E-013  Ts(1,1,1)=   799.99500002499974       Ts(nx-1,ny-1,1)=   359.72744912491487     
   GS iter           2  res=   1.2505552149377763E-012  Ts(1,1,1)=   799.99500002499963       Ts(nx-1,ny-1,1)=   359.72744912491464     
   GS iter           3  res=   1.0231815394945443E-012  Ts(1,1,1)=   799.99500002499974       Ts(nx-1,ny-1,1)=   359.72744912491498     
   GS iter           4  res=   1.1368683772161603E-012  Ts(1,1,1)=   799.99500002499963       Ts(nx-1,ny-1,1)=   359.72744912491493     
   GS iter           5  res=   1.0231815394945443E-012  Ts(1,1,1)=   799.99500002499974       Ts(nx-1,ny-1,1)=   359.72744912491476     
 Solid solver Block           2  GS iterations:         100  final res:   1.1368683772161603E-012
   DBG: Ts(1,1,1)=   799.99500002499963       Ts(nx/2,ny/2,1)=   798.12501724812694       Ts(nx-1,ny-1,1)=   359.72744912491476     
 --------------Force and Moment -----------------------------
 Total Force Coefficient (CL, CD, CS) =
  -1.9120594549507195E-006   1.3461936323337063        1.9819142636598492E-024
 Total Moment Coefficient(CMx, CMy, CMz)=
  0.33654840808342673       -4.7801486371707219E-007 -0.66360321290716540     
 Kstep, t=         130   130.00000000000000     
 ----------The Max Residuals are--------  ---Mesh---           1
    0.3447423633E-02    0.1998283983E-05    0.1454236226E-02    0.1220022969E-18    0.3754236930E-02
   The R.M.S Residuals are 
    0.3517910360E-03    0.5448622949E-07    0.1567590684E-03    0.6492720398E-20    0.4009717149E-03
 CPU wall time in this step:   3.1308246999999234E-002
 Averaged CPU wall time is:   3.5286681846153842E-002
   GS iter           1  res=   9.0949470177292824E-013  Ts(1,1,1)=   799.99500002499974       Ts(nx-1,ny-1,1)=   359.72744912491487     
   GS iter           2  res=   1.0231815394945443E-012  Ts(1,1,1)=   799.99500002499963       Ts(nx-1,ny-1,1)=   359.72744912491487     
   GS iter           3  res=   1.2505552149377763E-012  Ts(1,1,1)=   799.99500002499974       Ts(nx-1,ny-1,1)=   359.72744912491476     
   GS iter           4  res=   1.0231815394945443E-012  Ts(1,1,1)=   799.99500002499963       Ts(nx-1,ny-1,1)=   359.72744912491487     
   GS iter           5  res=   1.0231815394945443E-012  Ts(1,1,1)=   799.99500002499974       Ts(nx-1,ny-1,1)=   359.72744912491487     
 Solid solver Block           2  GS iterations:         100  final res:   7.9580786405131221E-013
   DBG: Ts(1,1,1)=   799.99500002499963       Ts(nx/2,ny/2,1)=   798.12501724812682       Ts(nx-1,ny-1,1)=   359.72744912491487     
 --------------Force and Moment -----------------------------
 Total Force Coefficient (CL, CD, CS) =
  -1.9329939685682351E-006   1.3463983721207702        5.9642775653313539E-025
 Total Moment Coefficient(CMx, CMy, CMz)=
  0.33659959303019260       -4.8324849212144803E-007 -0.66375594435934426     
 Kstep, t=         131   131.00000000000000     
 ----------The Max Residuals are--------  ---Mesh---           1
    0.4186923359E-02    0.1993918942E-05    0.2264154193E-02    0.1626474627E-18    0.4965033648E-02
   The R.M.S Residuals are 
    0.3661990564E-03    0.5617595315E-07    0.1745289964E-03    0.6309577966E-20    0.4221637151E-03
 CPU wall time in this step:   3.2325114000000710E-002
 Averaged CPU wall time is:   3.5264074458015271E-002
   GS iter           1  res=   1.0231815394945443E-012  Ts(1,1,1)=   799.99500002499974       Ts(nx-1,ny-1,1)=   359.72744912491476     
   GS iter           2  res=   1.2505552149377763E-012  Ts(1,1,1)=   799.99500002499963       Ts(nx-1,ny-1,1)=   359.72744912491487     
   GS iter           3  res=   7.9580786405131221E-013  Ts(1,1,1)=   799.99500002499974       Ts(nx-1,ny-1,1)=   359.72744912491476     
   GS iter           4  res=   1.4779288903810084E-012  Ts(1,1,1)=   799.99500002499963       Ts(nx-1,ny-1,1)=   359.72744912491487     
   GS iter           5  res=   9.0949470177292824E-013  Ts(1,1,1)=   799.99500002499974       Ts(nx-1,ny-1,1)=   359.72744912491487     
 Solid solver Block           2  GS iterations:         100  final res:   9.0949470177292824E-013
   DBG: Ts(1,1,1)=   799.99500002499963       Ts(nx/2,ny/2,1)=   798.12501724812682       Ts(nx-1,ny-1,1)=   359.72744912491476     
 --------------Force and Moment -----------------------------
 Total Force Coefficient (CL, CD, CS) =
  -1.9539356554383187E-006   1.3465983182112655        3.2364951582847934E-025
 Total Moment Coefficient(CMx, CMy, CMz)=
  0.33664957955281627       -4.8848391383896586E-007 -0.66390605273012171     
 Kstep, t=         132   132.00000000000000     
 ----------The Max Residuals are--------  ---Mesh---           1
    0.4297677707E-02    0.2141128930E-05    0.2659146957E-02    0.1219903267E-18    0.5382618502E-02
   The R.M.S Residuals are 
    0.3712187581E-03    0.5825261461E-07    0.1974485263E-03    0.6065867347E-20    0.4374833365E-03
 CPU wall time in this step:   3.5164398999999236E-002
 Averaged CPU wall time is:   3.5263319340909087E-002
   GS iter           1  res=   9.0949470177292824E-013  Ts(1,1,1)=   799.99500002499974       Ts(nx-1,ny-1,1)=   359.72744912491487     
   GS iter           2  res=   1.0231815394945443E-012  Ts(1,1,1)=   799.99500002499963       Ts(nx-1,ny-1,1)=   359.72744912491487     
   GS iter           3  res=   1.1368683772161603E-012  Ts(1,1,1)=   799.99500002499974       Ts(nx-1,ny-1,1)=   359.72744912491487     
   GS iter           4  res=   1.1368683772161603E-012  Ts(1,1,1)=   799.99500002499963       Ts(nx-1,ny-1,1)=   359.72744912491476     
   GS iter           5  res=   9.0949470177292824E-013  Ts(1,1,1)=   799.99500002499974       Ts(nx-1,ny-1,1)=   359.72744912491487     
 Solid solver Block           2  GS iterations:         100  final res:   1.1368683772161603E-012
   DBG: Ts(1,1,1)=   799.99500002499963       Ts(nx/2,ny/2,1)=   798.12501724812682       Ts(nx-1,ny-1,1)=   359.72744912491476     
 --------------Force and Moment -----------------------------
 Total Force Coefficient (CL, CD, CS) =
  -1.9748849222915094E-006   1.3467935194124410        6.3644386720479851E-025
 Total Moment Coefficient(CMx, CMy, CMz)=
  0.33669837985311024       -4.9372123055226058E-007 -0.66405352688072850     
 Kstep, t=         133   133.00000000000000     
 ----------The Max Residuals are--------  ---Mesh---           1
    0.3752844222E-02    0.2229896891E-05    0.2375656261E-02    0.1084453789E-18    0.4870746413E-02
   The R.M.S Residuals are 
    0.3619959002E-03    0.6029883192E-07    0.1890578890E-03    0.6413384392E-20    0.4258388212E-03
 CPU wall time in this step:   3.0044656000000280E-002
 Averaged CPU wall time is:   3.5224081270676687E-002
   GS iter           1  res=   1.0231815394945443E-012  Ts(1,1,1)=   799.99500002499974       Ts(nx-1,ny-1,1)=   359.72744912491487     
   GS iter           2  res=   9.0949470177292824E-013  Ts(1,1,1)=   799.99500002499963       Ts(nx-1,ny-1,1)=   359.72744912491487     
   GS iter           3  res=   1.1368683772161603E-012  Ts(1,1,1)=   799.99500002499974       Ts(nx-1,ny-1,1)=   359.72744912491476     
   GS iter           4  res=   9.0949470177292824E-013  Ts(1,1,1)=   799.99500002499963       Ts(nx-1,ny-1,1)=   359.72744912491487     
   GS iter           5  res=   1.3642420526593924E-012  Ts(1,1,1)=   799.99500002499974       Ts(nx-1,ny-1,1)=   359.72744912491476     
 Solid solver Block           2  GS iterations:         100  final res:   9.0949470177292824E-013
   DBG: Ts(1,1,1)=   799.99500002499963       Ts(nx/2,ny/2,1)=   798.12501724812682       Ts(nx-1,ny-1,1)=   359.72744912491487     
 --------------Force and Moment -----------------------------
 Total Force Coefficient (CL, CD, CS) =
  -1.9958420993414152E-006   1.3469840087613698       -4.9368488034305800E-025
 Total Moment Coefficient(CMx, CMy, CMz)=
  0.33674600219034245       -4.9896052481473406E-007 -0.66419834372696795     
 Kstep, t=         134   134.00000000000000     
 ----------The Max Residuals are--------  ---Mesh---           1
    0.3348813343E-02    0.2219009060E-05    0.1662661798E-02    0.1219894974E-18    0.3597786970E-02
   The R.M.S Residuals are 
    0.3591041531E-03    0.6191913399E-07    0.1681549824E-03    0.6064740686E-20    0.4125087716E-03
 CPU wall time in this step:   3.4485905000000372E-002
 Averaged CPU wall time is:   3.5218572492537313E-002
   GS iter           1  res=   1.0231815394945443E-012  Ts(1,1,1)=   799.99500002499974       Ts(nx-1,ny-1,1)=   359.72744912491476     
   GS iter           2  res=   1.0231815394945443E-012  Ts(1,1,1)=   799.99500002499963       Ts(nx-1,ny-1,1)=   359.72744912491487     
   GS iter           3  res=   9.0949470177292824E-013  Ts(1,1,1)=   799.99500002499974       Ts(nx-1,ny-1,1)=   359.72744912491476     
   GS iter           4  res=   1.2505552149377763E-012  Ts(1,1,1)=   799.99500002499963       Ts(nx-1,ny-1,1)=   359.72744912491487     
   GS iter           5  res=   1.1368683772161603E-012  Ts(1,1,1)=   799.99500002499974       Ts(nx-1,ny-1,1)=   359.72744912491476     
 Solid solver Block           2  GS iterations:         100  final res:   1.0231815394945443E-012
   DBG: Ts(1,1,1)=   799.99500002499963       Ts(nx/2,ny/2,1)=   798.12501724812682       Ts(nx-1,ny-1,1)=   359.72744912491476     
 --------------Force and Moment -----------------------------
 Total Force Coefficient (CL, CD, CS) =
  -2.0168074594470847E-006   1.3471698083992061       -6.5837370180356818E-025
 Total Moment Coefficient(CMx, CMy, CMz)=
  0.33679245209980180       -5.0420186484114857E-007 -0.66434047198898249     
 Kstep, t=         135   135.00000000000000     
 ----------The Max Residuals are--------  ---Mesh---           1
    0.4261300405E-02    0.2228499100E-05    0.2246398443E-02    0.9487240014E-19    0.4995288584E-02
   The R.M.S Residuals are 
    0.3722840512E-03    0.6358936488E-07    0.1801185954E-03    0.5977576194E-20    0.4297981783E-03
 CPU wall time in this step:   3.1446144999999426E-002
 Averaged CPU wall time is:   3.5190628585185180E-002
   GS iter           1  res=   1.5916157281026244E-012  Ts(1,1,1)=   799.99500002499974       Ts(nx-1,ny-1,1)=   359.72744912491487     
   GS iter           2  res=   1.1368683772161603E-012  Ts(1,1,1)=   799.99500002499963       Ts(nx-1,ny-1,1)=   359.72744912491476     
   GS iter           3  res=   9.0949470177292824E-013  Ts(1,1,1)=   799.99500002499974       Ts(nx-1,ny-1,1)=   359.72744912491487     
   GS iter           4  res=   7.9580786405131221E-013  Ts(1,1,1)=   799.99500002499963       Ts(nx-1,ny-1,1)=   359.72744912491487     
   GS iter           5  res=   1.1368683772161603E-012  Ts(1,1,1)=   799.99500002499974       Ts(nx-1,ny-1,1)=   359.72744912491476     
 Solid solver Block           2  GS iterations:         100  final res:   9.0949470177292824E-013
   DBG: Ts(1,1,1)=   799.99500002499963       Ts(nx/2,ny/2,1)=   798.12501724812682       Ts(nx-1,ny-1,1)=   359.72744912491487     
 --------------Force and Moment -----------------------------
 Total Force Coefficient (CL, CD, CS) =
  -2.0377811942614562E-006   1.3473509355695512       -1.9313129589925297E-026
 Total Moment Coefficient(CMx, CMy, CMz)=
  0.33683773389238769       -5.0944529854473868E-007 -0.66447987680573906     
 Kstep, t=         136   136.00000000000000     
 ----------The Max Residuals are--------  ---Mesh---           1
    0.4476117127E-02    0.2330389460E-05    0.2759557918E-02    0.8133571901E-19    0.5583436275E-02
   The R.M.S Residuals are 
    0.3787210592E-03    0.6591539893E-07    0.2016639744E-03    0.6050268668E-20    0.4463024166E-03
 CPU wall time in this step:   3.6349687000000408E-002
 Averaged CPU wall time is:   3.5199151073529410E-002
   GS iter           1  res=   9.0949470177292824E-013  Ts(1,1,1)=   799.99500002499974       Ts(nx-1,ny-1,1)=   359.72744912491476     
   GS iter           2  res=   1.0231815394945443E-012  Ts(1,1,1)=   799.99500002499963       Ts(nx-1,ny-1,1)=   359.72744912491487     
   GS iter           3  res=   1.2505552149377763E-012  Ts(1,1,1)=   799.99500002499974       Ts(nx-1,ny-1,1)=   359.72744912491476     
   GS iter           4  res=   9.0949470177292824E-013  Ts(1,1,1)=   799.99500002499963       Ts(nx-1,ny-1,1)=   359.72744912491487     
   GS iter           5  res=   1.0231815394945443E-012  Ts(1,1,1)=   799.99500002499974       Ts(nx-1,ny-1,1)=   359.72744912491476     
 Solid solver Block           2  GS iterations:         100  final res:   1.2505552149377763E-012
   DBG: Ts(1,1,1)=   799.99500002499963       Ts(nx/2,ny/2,1)=   798.12501724812682       Ts(nx-1,ny-1,1)=   359.72744912491487     
 --------------Force and Moment -----------------------------
 Total Force Coefficient (CL, CD, CS) =
  -2.0587634084860062E-006   1.3475274073868988        1.5462573258651810E-024
 Total Moment Coefficient(CMx, CMy, CMz)=
  0.33688185184672442       -5.1469085210087345E-007 -0.66461652341593247     
 Kstep, t=         137   137.00000000000000     
 ----------The Max Residuals are--------  ---Mesh---           1
    0.3943355853E-02    0.2655499823E-05    0.2534542074E-02    0.1083808823E-18    0.5122195194E-02
   The R.M.S Residuals are 
    0.3702774255E-03    0.6855035975E-07    0.1929022266E-03    0.5967320618E-20    0.4357687232E-03
 CPU wall time in this step:   3.0842205999999983E-002
 Averaged CPU wall time is:   3.5167348554744522E-002
   GS iter           1  res=   1.1368683772161603E-012  Ts(1,1,1)=   799.99500002499974       Ts(nx-1,ny-1,1)=   359.72744912491487     
   GS iter           2  res=   7.9580786405131221E-013  Ts(1,1,1)=   799.99500002499963       Ts(nx-1,ny-1,1)=   359.72744912491498     
   GS iter           3  res=   9.0949470177292824E-013  Ts(1,1,1)=   799.99500002499974       Ts(nx-1,ny-1,1)=   359.72744912491470     
   GS iter           4  res=   1.1368683772161603E-012  Ts(1,1,1)=   799.99500002499963       Ts(nx-1,ny-1,1)=   359.72744912491510     
   GS iter           5  res=   1.1368683772161603E-012  Ts(1,1,1)=   799.99500002499974       Ts(nx-1,ny-1,1)=   359.72744912491510     
 Solid solver Block           2  GS iterations:         100  final res:   1.0231815394945443E-012
   DBG: Ts(1,1,1)=   799.99500002499963       Ts(nx/2,ny/2,1)=   798.12501724812682       Ts(nx-1,ny-1,1)=   359.72744912491481     
 --------------Force and Moment -----------------------------
 Total Force Coefficient (CL, CD, CS) =
  -2.0797541370887089E-006   1.3476992462873267        1.8684129462457464E-024
 Total Moment Coefficient(CMx, CMy, CMz)=
  0.33692481157183146       -5.1993853425154656E-007 -0.66475038135401854     
 Kstep, t=         138   138.00000000000000     
 ----------The Max Residuals are--------  ---Mesh---           1
    0.3325485759E-02    0.2809427848E-05    0.1745889197E-02    0.8134539194E-19    0.3828461976E-02
   The R.M.S Residuals are 
    0.3683208512E-03    0.7068190395E-07    0.1733168913E-03    0.5747742869E-20    0.4232695273E-03
 CPU wall time in this step:   3.1589415000000010E-002
 Averaged CPU wall time is:   3.5141421499999999E-002
   GS iter           1  res=   1.0231815394945443E-012  Ts(1,1,1)=   799.99500002499974       Ts(nx-1,ny-1,1)=   359.72744912491481     
   GS iter           2  res=   9.0949470177292824E-013  Ts(1,1,1)=   799.99500002499963       Ts(nx-1,ny-1,1)=   359.72744912491481     
   GS iter           3  res=   7.9580786405131221E-013  Ts(1,1,1)=   799.99500002499974       Ts(nx-1,ny-1,1)=   359.72744912491493     
   GS iter           4  res=   7.9580786405131221E-013  Ts(1,1,1)=   799.99500002499963       Ts(nx-1,ny-1,1)=   359.72744912491476     
   GS iter           5  res=   1.3642420526593924E-012  Ts(1,1,1)=   799.99500002499974       Ts(nx-1,ny-1,1)=   359.72744912491487     
 Solid solver Block           2  GS iterations:         100  final res:   1.0231815394945443E-012
   DBG: Ts(1,1,1)=   799.99500002499963       Ts(nx/2,ny/2,1)=   798.12501724812682       Ts(nx-1,ny-1,1)=   359.72744912491498     
 --------------Force and Moment -----------------------------
 Total Force Coefficient (CL, CD, CS) =
  -2.1007533145783877E-006   1.3478664833043461        3.1668382612557977E-024
 Total Moment Coefficient(CMx, CMy, CMz)=
  0.33696662082608675       -5.2518832862396362E-007 -0.66488142699464681     
 Kstep, t=         139   139.00000000000000     
 ----------The Max Residuals are--------  ---Mesh---           1
    0.4358339204E-02    0.2744735707E-05    0.2271252806E-02    0.8135020086E-19    0.5078067654E-02
   The R.M.S Residuals are 
    0.3833887685E-03    0.7250131510E-07    0.1919487681E-03    0.6097134819E-20    0.4442121064E-03
 CPU wall time in this step:   3.0167784999999725E-002
 Averaged CPU wall time is:   3.5105639942446039E-002
   GS iter           1  res=   1.0231815394945443E-012  Ts(1,1,1)=   799.99500002499974       Ts(nx-1,ny-1,1)=   359.72744912491481     
   GS iter           2  res=   9.0949470177292824E-013  Ts(1,1,1)=   799.99500002499963       Ts(nx-1,ny-1,1)=   359.72744912491481     
   GS iter           3  res=   9.0949470177292824E-013  Ts(1,1,1)=   799.99500002499974       Ts(nx-1,ny-1,1)=   359.72744912491481     
   GS iter           4  res=   9.0949470177292824E-013  Ts(1,1,1)=   799.99500002499963       Ts(nx-1,ny-1,1)=   359.72744912491481     
   GS iter           5  res=   9.0949470177292824E-013  Ts(1,1,1)=   799.99500002499974       Ts(nx-1,ny-1,1)=   359.72744912491481     
 Solid solver Block           2  GS iterations:         100  final res:   1.0231815394945443E-012
   DBG: Ts(1,1,1)=   799.99500002499963       Ts(nx/2,ny/2,1)=   798.12501724812682       Ts(nx-1,ny-1,1)=   359.72744912491476     
 --------------Force and Moment -----------------------------
 Total Force Coefficient (CL, CD, CS) =
  -2.1217608400814604E-006   1.3480291603671204        3.1421075612428471E-024
 Total Moment Coefficient(CMx, CMy, CMz)=
  0.33700729009177982       -5.3044020999972937E-007 -0.66500964537651985     
 Kstep, t=         140   140.00000000000000     
 ----------The Max Residuals are--------  ---Mesh---           1
    0.4626441021E-02    0.2460647557E-05    0.2856290328E-02    0.8134922881E-19    0.5765246299E-02
   The R.M.S Residuals are 
    0.3870431279E-03    0.7481794247E-07    0.2140218595E-03    0.5859525686E-20    0.4598164037E-03
 CPU wall time in this step:   3.5410190000000341E-002
 Averaged CPU wall time is:   3.5107815299999998E-002
   GS iter           1  res=   7.9580786405131221E-013  Ts(1,1,1)=   799.99500002499974       Ts(nx-1,ny-1,1)=   359.72744912491487     
   GS iter           2  res=   1.0231815394945443E-012  Ts(1,1,1)=   799.99500002499963       Ts(nx-1,ny-1,1)=   359.72744912491476     
   GS iter           3  res=   1.2505552149377763E-012  Ts(1,1,1)=   799.99500002499974       Ts(nx-1,ny-1,1)=   359.72744912491487     
   GS iter           4  res=   1.0231815394945443E-012  Ts(1,1,1)=   799.99500002499963       Ts(nx-1,ny-1,1)=   359.72744912491476     
   GS iter           5  res=   1.0231815394945443E-012  Ts(1,1,1)=   799.99500002499974       Ts(nx-1,ny-1,1)=   359.72744912491487     
 Solid solver Block           2  GS iterations:         100  final res:   1.2505552149377763E-012
   DBG: Ts(1,1,1)=   799.99500002499963       Ts(nx/2,ny/2,1)=   798.12501724812682       Ts(nx-1,ny-1,1)=   359.72744912491487     
 --------------Force and Moment -----------------------------
 Total Force Coefficient (CL, CD, CS) =
  -2.1427765546728740E-006   1.3481873323573825        2.8139600942231213E-024
 Total Moment Coefficient(CMx, CMy, CMz)=
  0.33704683308934530       -5.3569413864758033E-007 -0.66513503184407363     
 Kstep, t=         141   141.00000000000000     
 ----------The Max Residuals are--------  ---Mesh---           1
    0.4058703122E-02    0.2839636713E-05    0.2634904035E-02    0.8134663963E-19    0.5283682226E-02
   The R.M.S Residuals are 
    0.3736933450E-03    0.7775169365E-07    0.1963178771E-03    0.5897054925E-20    0.4409869980E-03
 CPU wall time in this step:   3.4347482000000262E-002
 Averaged CPU wall time is:   3.5102422865248228E-002
   GS iter           1  res=   1.0231815394945443E-012  Ts(1,1,1)=   799.99500002499974       Ts(nx-1,ny-1,1)=   359.72744912491498     
   GS iter           2  res=   9.0949470177292824E-013  Ts(1,1,1)=   799.99500002499963       Ts(nx-1,ny-1,1)=   359.72744912491470     
   GS iter           3  res=   9.0949470177292824E-013  Ts(1,1,1)=   799.99500002499974       Ts(nx-1,ny-1,1)=   359.72744912491476     
   GS iter           4  res=   9.0949470177292824E-013  Ts(1,1,1)=   799.99500002499963       Ts(nx-1,ny-1,1)=   359.72744912491487     
   GS iter           5  res=   9.0949470177292824E-013  Ts(1,1,1)=   799.99500002499974       Ts(nx-1,ny-1,1)=   359.72744912491476     
 Solid solver Block           2  GS iterations:         100  final res:   1.2505552149377763E-012
   DBG: Ts(1,1,1)=   799.99500002499963       Ts(nx/2,ny/2,1)=   798.12501724812682       Ts(nx-1,ny-1,1)=   359.72744912491476     
 --------------Force and Moment -----------------------------
 Total Force Coefficient (CL, CD, CS) =
  -2.1638002774231328E-006   1.3483410690833035        3.0639446871206716E-024
 Total Moment Coefficient(CMx, CMy, CMz)=
  0.33708526727082577       -5.4095006933514269E-007 -0.66525759362880055     
 Kstep, t=         142   142.00000000000000     
 ----------The Max Residuals are--------  ---Mesh---           1
    0.3365662534E-02    0.3305453173E-05    0.1664047998E-02    0.9488902477E-19    0.3822997007E-02
   The R.M.S Residuals are 
    0.3733802940E-03    0.8052277617E-07    0.1688584828E-03    0.5754864685E-20    0.4264222209E-03
 CPU wall time in this step:   2.9855479999999268E-002
 Averaged CPU wall time is:   3.5065472563380280E-002
   GS iter           1  res=   1.1368683772161603E-012  Ts(1,1,1)=   799.99500002499974       Ts(nx-1,ny-1,1)=   359.72744912491487     
   GS iter           2  res=   9.0949470177292824E-013  Ts(1,1,1)=   799.99500002499963       Ts(nx-1,ny-1,1)=   359.72744912491487     
   GS iter           3  res=   1.4779288903810084E-012  Ts(1,1,1)=   799.99500002499974       Ts(nx-1,ny-1,1)=   359.72744912491487     
   GS iter           4  res=   1.2505552149377763E-012  Ts(1,1,1)=   799.99500002499963       Ts(nx-1,ny-1,1)=   359.72744912491476     
   GS iter           5  res=   1.2505552149377763E-012  Ts(1,1,1)=   799.99500002499974       Ts(nx-1,ny-1,1)=   359.72744912491487     
 Solid solver Block           2  GS iterations:         100  final res:   1.1368683772161603E-012
   DBG: Ts(1,1,1)=   799.99500002499963       Ts(nx/2,ny/2,1)=   798.12501724812682       Ts(nx-1,ny-1,1)=   359.72744912491487     
 --------------Force and Moment -----------------------------
 Total Force Coefficient (CL, CD, CS) =
  -2.1848317838816207E-006   1.3484904581165644        2.8425523177787359E-024
 Total Moment Coefficient(CMx, CMy, CMz)=
  0.33712261452914133       -5.4620794594976235E-007 -0.66537735207878079     
 Kstep, t=         143   143.00000000000000     
 ----------The Max Residuals are--------  ---Mesh---           1
    0.4495568871E-02    0.3521696207E-05    0.2355104133E-02    0.8133447738E-19    0.5240873462E-02
   The R.M.S Residuals are 
    0.3955521210E-03    0.8299705696E-07    0.1978531881E-03    0.6030862551E-20    0.4573503701E-03
 CPU wall time in this step:   2.8244240000000254E-002
 Averaged CPU wall time is:   3.5017771636363638E-002
   GS iter           1  res=   1.1368683772161603E-012  Ts(1,1,1)=   799.99500002499974       Ts(nx-1,ny-1,1)=   359.72744912491464     
   GS iter           2  res=   1.2505552149377763E-012  Ts(1,1,1)=   799.99500002499963       Ts(nx-1,ny-1,1)=   359.72744912491476     
   GS iter           3  res=   1.1368683772161603E-012  Ts(1,1,1)=   799.99500002499974       Ts(nx-1,ny-1,1)=   359.72744912491476     
   GS iter           4  res=   1.1368683772161603E-012  Ts(1,1,1)=   799.99500002499963       Ts(nx-1,ny-1,1)=   359.72744912491510     
   GS iter           5  res=   1.0231815394945443E-012  Ts(1,1,1)=   799.99500002499974       Ts(nx-1,ny-1,1)=   359.72744912491487     
 Solid solver Block           2  GS iterations:         100  final res:   9.0949470177292824E-013
   DBG: Ts(1,1,1)=   799.99500002499963       Ts(nx/2,ny/2,1)=   798.12501724812682       Ts(nx-1,ny-1,1)=   359.72744912491476     
 --------------Force and Moment -----------------------------
 Total Force Coefficient (CL, CD, CS) =
  -2.2058708159409545E-006   1.3486356065187928        5.8815937665574753E-025
 Total Moment Coefficient(CMx, CMy, CMz)=
  0.33715890162969842       -5.5146770396459358E-007 -0.66549434406380747     
 Kstep, t=         144   144.00000000000000     
 ----------The Max Residuals are--------  ---Mesh---           1
    0.4751259155E-02    0.3423125956E-05    0.2959417815E-02    0.1219877429E-18    0.5934017851E-02
   The R.M.S Residuals are 
    0.3997474105E-03    0.8565799145E-07    0.2298575949E-03    0.6415509168E-20    0.4782102297E-03
 CPU wall time in this step:   3.4982647999999728E-002
 Averaged CPU wall time is:   3.5017527722222219E-002
   GS iter           1  res=   1.1368683772161603E-012  Ts(1,1,1)=   799.99500002499974       Ts(nx-1,ny-1,1)=   359.72744912491487     
   GS iter           2  res=   7.9580786405131221E-013  Ts(1,1,1)=   799.99500002499963       Ts(nx-1,ny-1,1)=   359.72744912491476     
   GS iter           3  res=   1.1368683772161603E-012  Ts(1,1,1)=   799.99500002499974       Ts(nx-1,ny-1,1)=   359.72744912491487     
   GS iter           4  res=   9.0949470177292824E-013  Ts(1,1,1)=   799.99500002499963       Ts(nx-1,ny-1,1)=   359.72744912491476     
   GS iter           5  res=   7.9580786405131221E-013  Ts(1,1,1)=   799.99500002499974       Ts(nx-1,ny-1,1)=   359.72744912491476     
 Solid solver Block           2  GS iterations:         100  final res:   1.0231815394945443E-012
   DBG: Ts(1,1,1)=   799.99500002499963       Ts(nx/2,ny/2,1)=   798.12501724812682       Ts(nx-1,ny-1,1)=   359.72744912491487     
 --------------Force and Moment -----------------------------
 Total Force Coefficient (CL, CD, CS) =
  -2.2269171026243427E-006   1.3487766423266387        7.5900227334968020E-025
 Total Moment Coefficient(CMx, CMy, CMz)=
  0.33719416058165991       -5.5672927563543851E-007 -0.66560862320771197     
 Kstep, t=         145   145.00000000000000     
 ----------The Max Residuals are--------  ---Mesh---           1
    0.4089880079E-02    0.3012696812E-05    0.2672425098E-02    0.1084160032E-18    0.5347526187E-02
   The R.M.S Residuals are 
    0.3781815541E-03    0.8851494466E-07    0.2060458561E-03    0.6662976693E-20    0.4502871403E-03
 CPU wall time in this step:   2.9049507000000752E-002
 Averaged CPU wall time is:   3.4976368958620691E-002
   GS iter           1  res=   1.0231815394945443E-012  Ts(1,1,1)=   799.99500002499974       Ts(nx-1,ny-1,1)=   359.72744912491476     
   GS iter           2  res=   1.0231815394945443E-012  Ts(1,1,1)=   799.99500002499963       Ts(nx-1,ny-1,1)=   359.72744912491487     
   GS iter           3  res=   1.2505552149377763E-012  Ts(1,1,1)=   799.99500002499974       Ts(nx-1,ny-1,1)=   359.72744912491487     
   GS iter           4  res=   1.0231815394945443E-012  Ts(1,1,1)=   799.99500002499963       Ts(nx-1,ny-1,1)=   359.72744912491476     
   GS iter           5  res=   9.0949470177292824E-013  Ts(1,1,1)=   799.99500002499974       Ts(nx-1,ny-1,1)=   359.72744912491487     
 Solid solver Block           2  GS iterations:         100  final res:   1.0231815394945443E-012
   DBG: Ts(1,1,1)=   799.99500002499963       Ts(nx/2,ny/2,1)=   798.12501724812682       Ts(nx-1,ny-1,1)=   359.72744912491487     
 --------------Force and Moment -----------------------------
 Total Force Coefficient (CL, CD, CS) =
  -2.2479703627639447E-006   1.3489137154757043       -1.2562359418439964E-024
 Total Moment Coefficient(CMx, CMy, CMz)=
  0.33722842886892596       -5.6199259067033689E-007 -0.66572026070762147     
 Kstep, t=         146   146.00000000000000     
 ----------The Max Residuals are--------  ---Mesh---           1
    0.3517379966E-02    0.3531222737E-05    0.1606183603E-02    0.1219860041E-18    0.3741619014E-02
   The R.M.S Residuals are 
    0.3749018601E-03    0.9140365711E-07    0.1660722798E-03    0.6324931766E-20    0.4269221660E-03
 CPU wall time in this step:   2.9236991999999518E-002
 Averaged CPU wall time is:   3.4937058157534243E-002
   GS iter           1  res=   1.1368683772161603E-012  Ts(1,1,1)=   799.99500002499974       Ts(nx-1,ny-1,1)=   359.72744912491487     
   GS iter           2  res=   9.0949470177292824E-013  Ts(1,1,1)=   799.99500002499963       Ts(nx-1,ny-1,1)=   359.72744912491498     
   GS iter           3  res=   1.2505552149377763E-012  Ts(1,1,1)=   799.99500002499974       Ts(nx-1,ny-1,1)=   359.72744912491504     
   GS iter           4  res=   1.1368683772161603E-012  Ts(1,1,1)=   799.99500002499963       Ts(nx-1,ny-1,1)=   359.72744912491487     
   GS iter           5  res=   9.0949470177292824E-013  Ts(1,1,1)=   799.99500002499974       Ts(nx-1,ny-1,1)=   359.72744912491498     
 Solid solver Block           2  GS iterations:         100  final res:   9.0949470177292824E-013
   DBG: Ts(1,1,1)=   799.99500002499963       Ts(nx/2,ny/2,1)=   798.12501724812682       Ts(nx-1,ny-1,1)=   359.72744912491487     
 --------------Force and Moment -----------------------------
 Total Force Coefficient (CL, CD, CS) =
  -2.2690303241728617E-006   1.3490469986428577       -1.6389497072447928E-024
 Total Moment Coefficient(CMx, CMy, CMz)=
  0.33726174966071432       -5.6725758102256414E-007 -0.66582934610587541     
 Kstep, t=         147   147.00000000000000     
 ----------The Max Residuals are--------  ---Mesh---           1
    0.4675158629E-02    0.4148348132E-05    0.2503709732E-02    0.8135640172E-19    0.5487618164E-02
   The R.M.S Residuals are 
    0.4038079633E-03    0.9475415804E-07    0.1986626151E-03    0.6150830616E-20    0.4650189687E-03
 CPU wall time in this step:   3.1471398999999955E-002
 Averaged CPU wall time is:   3.4913482244897959E-002
   GS iter           1  res=   1.1368683772161603E-012  Ts(1,1,1)=   799.99500002499974       Ts(nx-1,ny-1,1)=   359.72744912491476     
   GS iter           2  res=   1.2505552149377763E-012  Ts(1,1,1)=   799.99500002499963       Ts(nx-1,ny-1,1)=   359.72744912491487     
   GS iter           3  res=   1.0231815394945443E-012  Ts(1,1,1)=   799.99500002499974       Ts(nx-1,ny-1,1)=   359.72744912491487     
   GS iter           4  res=   7.9580786405131221E-013  Ts(1,1,1)=   799.99500002499963       Ts(nx-1,ny-1,1)=   359.72744912491476     
   GS iter           5  res=   1.0231815394945443E-012  Ts(1,1,1)=   799.99500002499974       Ts(nx-1,ny-1,1)=   359.72744912491487     
 Solid solver Block           2  GS iterations:         100  final res:   1.0231815394945443E-012
   DBG: Ts(1,1,1)=   799.99500002499963       Ts(nx/2,ny/2,1)=   798.12501724812682       Ts(nx-1,ny-1,1)=   359.72744912491476     
 --------------Force and Moment -----------------------------
 Total Force Coefficient (CL, CD, CS) =
  -2.2900967177172533E-006   1.3491766871776327       -9.0479414932016824E-025
 Total Moment Coefficient(CMx, CMy, CMz)=
  0.33729417179440802       -5.7252417940866000E-007 -0.66593598739488580     
 Kstep, t=         148   148.00000000000000     
 ----------The Max Residuals are--------  ---Mesh---           1
    0.4838443919E-02    0.4389782121E-05    0.3059850007E-02    0.1084025257E-18    0.6074492314E-02
   The R.M.S Residuals are 
    0.4112230205E-03    0.9850754740E-07    0.2381309701E-03    0.6393025229E-20    0.4922896166E-03
 CPU wall time in this step:   3.3153275000000093E-002
 Averaged CPU wall time is:   3.4901588952702699E-002
   GS iter           1  res=   1.5916157281026244E-012  Ts(1,1,1)=   799.99500002499974       Ts(nx-1,ny-1,1)=   359.72744912491487     
   GS iter           2  res=   1.1368683772161603E-012  Ts(1,1,1)=   799.99500002499963       Ts(nx-1,ny-1,1)=   359.72744912491487     
   GS iter           3  res=   1.2505552149377763E-012  Ts(1,1,1)=   799.99500002499974       Ts(nx-1,ny-1,1)=   359.72744912491487     
   GS iter           4  res=   1.0231815394945443E-012  Ts(1,1,1)=   799.99500002499963       Ts(nx-1,ny-1,1)=   359.72744912491464     
   GS iter           5  res=   1.1368683772161603E-012  Ts(1,1,1)=   799.99500002499974       Ts(nx-1,ny-1,1)=   359.72744912491487     
 Solid solver Block           2  GS iterations:         100  final res:   7.9580786405131221E-013
   DBG: Ts(1,1,1)=   799.99500002499963       Ts(nx/2,ny/2,1)=   798.12501724812682       Ts(nx-1,ny-1,1)=   359.72744912491487     
 --------------Force and Moment -----------------------------
 Total Force Coefficient (CL, CD, CS) =
  -2.3111693074369353E-006   1.3493029977412905        1.3194117708915519E-024
 Total Moment Coefficient(CMx, CMy, CMz)=
  0.33732574943532284       -5.7779232683857861E-007 -0.66604031017217991     
 Kstep, t=         149   149.00000000000000     
 ----------The Max Residuals are--------  ---Mesh---           1
    0.4033149096E-02    0.4182133119E-05    0.2644645215E-02    0.1219988343E-18    0.5311371073E-02
   The R.M.S Residuals are 
    0.3870207769E-03    0.1016339029E-06    0.2165519615E-03    0.6363436096E-20    0.4628515661E-03
 CPU wall time in this step:   2.8891848999999858E-002
 Averaged CPU wall time is:   3.4861255127516776E-002
   GS iter           1  res=   1.0231815394945443E-012  Ts(1,1,1)=   799.99500002499974       Ts(nx-1,ny-1,1)=   359.72744912491476     
   GS iter           2  res=   9.0949470177292824E-013  Ts(1,1,1)=   799.99500002499963       Ts(nx-1,ny-1,1)=   359.72744912491487     
   GS iter           3  res=   1.0231815394945443E-012  Ts(1,1,1)=   799.99500002499974       Ts(nx-1,ny-1,1)=   359.72744912491487     
   GS iter           4  res=   1.1368683772161603E-012  Ts(1,1,1)=   799.99500002499963       Ts(nx-1,ny-1,1)=   359.72744912491487     
   GS iter           5  res=   9.0949470177292824E-013  Ts(1,1,1)=   799.99500002499974       Ts(nx-1,ny-1,1)=   359.72744912491498     
 Solid solver Block           2  GS iterations:         100  final res:   1.0231815394945443E-012
   DBG: Ts(1,1,1)=   799.99500002499963       Ts(nx/2,ny/2,1)=   798.12501724812716       Ts(nx-1,ny-1,1)=   359.72744912491487     
 --------------Force and Moment -----------------------------
 Total Force Coefficient (CL, CD, CS) =
  -2.3322479004031004E-006   1.3494261659465030        1.2212119024920430E-025
 Total Moment Coefficient(CMx, CMy, CMz)=
  0.33735654148662592       -5.8306197508011799E-007 -0.66614245606531863     
 Kstep, t=         150   150.00000000000000     
 ----------The Max Residuals are--------  ---Mesh---           1
    0.3777185414E-02    0.3551121669E-05    0.1650629506E-02    0.9488101799E-19    0.4025838538E-02
   The R.M.S Residuals are 
    0.3806149288E-03    0.1040555619E-06    0.1749348812E-03    0.6113677055E-20    0.4357421446E-03
 CPU wall time in this step:   2.8699109000000611E-002
 Averaged CPU wall time is:   3.4820174153333334E-002
   GS iter           1  res=   9.0949470177292824E-013  Ts(1,1,1)=   799.99500002499974       Ts(nx-1,ny-1,1)=   359.72744912491487     
   GS iter           2  res=   1.1368683772161603E-012  Ts(1,1,1)=   799.99500002499963       Ts(nx-1,ny-1,1)=   359.72744912491487     
   GS iter           3  res=   7.9580786405131221E-013  Ts(1,1,1)=   799.99500002499974       Ts(nx-1,ny-1,1)=   359.72744912491476     
   GS iter           4  res=   1.0231815394945443E-012  Ts(1,1,1)=   799.99500002499963       Ts(nx-1,ny-1,1)=   359.72744912491487     
   GS iter           5  res=   9.0949470177292824E-013  Ts(1,1,1)=   799.99500002499974       Ts(nx-1,ny-1,1)=   359.72744912491487     
 Solid solver Block           2  GS iterations:         100  final res:   1.2505552149377763E-012
   DBG: Ts(1,1,1)=   799.99500002499963       Ts(nx/2,ny/2,1)=   798.12501724812682       Ts(nx-1,ny-1,1)=   359.72744912491476     
 --------------Force and Moment -----------------------------
 Total Force Coefficient (CL, CD, CS) =
  -2.3533323677160336E-006   1.3495464430940249        2.4364575918523937E-024
 Total Moment Coefficient(CMx, CMy, CMz)=
  0.33738661077350612       -5.8833309190834947E-007 -0.66624258050133511     
 Kstep, t=         151   151.00000000000000     
 ----------The Max Residuals are--------  ---Mesh---           1
    0.4880848321E-02    0.4503297342E-05    0.2709620282E-02    0.9485360126E-19    0.5799217385E-02
   The R.M.S Residuals are 
    0.4086524756E-03    0.1077269095E-06    0.2043631824E-03    0.6231078688E-20    0.4723141601E-03
 CPU wall time in this step:   3.5984792999999904E-002
 Averaged CPU wall time is:   3.4827886860927151E-002
   GS iter           1  res=   1.1368683772161603E-012  Ts(1,1,1)=   799.99500002499974       Ts(nx-1,ny-1,1)=   359.72744912491487     
   GS iter           2  res=   1.0231815394945443E-012  Ts(1,1,1)=   799.99500002499963       Ts(nx-1,ny-1,1)=   359.72744912491487     
   GS iter           3  res=   1.2505552149377763E-012  Ts(1,1,1)=   799.99500002499974       Ts(nx-1,ny-1,1)=   359.72744912491476     
   GS iter           4  res=   1.1368683772161603E-012  Ts(1,1,1)=   799.99500002499963       Ts(nx-1,ny-1,1)=   359.72744912491487     
   GS iter           5  res=   1.1368683772161603E-012  Ts(1,1,1)=   799.99500002499974       Ts(nx-1,ny-1,1)=   359.72744912491487     
 Solid solver Block           2  GS iterations:         100  final res:   7.9580786405131221E-013
   DBG: Ts(1,1,1)=   799.99500002499963       Ts(nx/2,ny/2,1)=   798.12501724812682       Ts(nx-1,ny-1,1)=   359.72744912491487     
 --------------Force and Moment -----------------------------
 Total Force Coefficient (CL, CD, CS) =
  -2.3744226501208838E-006   1.3496640922315899        1.9458449540727995E-024
 Total Moment Coefficient(CMx, CMy, CMz)=
  0.33741602305789758       -5.9360566250956022E-007 -0.66634084998695464     
 Kstep, t=         152   152.00000000000000     
 ----------The Max Residuals are--------  ---Mesh---           1
    0.4863694342E-02    0.5237795797E-05    0.3134103062E-02    0.1355336339E-18    0.6159253922E-02
   The R.M.S Residuals are 
    0.4157252583E-03    0.1130177623E-06    0.2376409427E-03    0.6054315787E-20    0.4964438779E-03
 CPU wall time in this step:   3.2038620999999878E-002
 Averaged CPU wall time is:   3.4809536427631578E-002
   GS iter           1  res=   1.0231815394945443E-012  Ts(1,1,1)=   799.99500002499974       Ts(nx-1,ny-1,1)=   359.72744912491476     
   GS iter           2  res=   9.0949470177292824E-013  Ts(1,1,1)=   799.99500002499963       Ts(nx-1,ny-1,1)=   359.72744912491487     
   GS iter           3  res=   7.9580786405131221E-013  Ts(1,1,1)=   799.99500002499974       Ts(nx-1,ny-1,1)=   359.72744912491487     
   GS iter           4  res=   1.1368683772161603E-012  Ts(1,1,1)=   799.99500002499963       Ts(nx-1,ny-1,1)=   359.72744912491487     
   GS iter           5  res=   1.0231815394945443E-012  Ts(1,1,1)=   799.99500002499974       Ts(nx-1,ny-1,1)=   359.72744912491487     
 Solid solver Block           2  GS iterations:         100  final res:   1.0231815394945443E-012
   DBG: Ts(1,1,1)=   799.99500002499963       Ts(nx/2,ny/2,1)=   798.12501724812682       Ts(nx-1,ny-1,1)=   359.72744912491481     
 --------------Force and Moment -----------------------------
 Total Force Coefficient (CL, CD, CS) =
  -2.3955187700272282E-006   1.3497793834013136        1.0112753367022368E-024
 Total Moment Coefficient(CMx, CMy, CMz)=
  0.33744484585032852       -5.9887969248614452E-007 -0.66643743879453154     
 Kstep, t=         153   153.00000000000000     
 ----------The Max Residuals are--------  ---Mesh---           1
    0.3870730810E-02    0.5407136486E-05    0.2528760612E-02    0.8130374895E-19    0.5146315363E-02
   The R.M.S Residuals are 
    0.3956108361E-03    0.1172066247E-06    0.2167715131E-03    0.5514616453E-20    0.4700362404E-03
 CPU wall time in this step:   3.6885833999999562E-002
 Averaged CPU wall time is:   3.4823106999999999E-002
   GS iter           1  res=   1.2505552149377763E-012  Ts(1,1,1)=   799.99500002499974       Ts(nx-1,ny-1,1)=   359.72744912491481     
   GS iter           2  res=   1.0231815394945443E-012  Ts(1,1,1)=   799.99500002499963       Ts(nx-1,ny-1,1)=   359.72744912491481     
   GS iter           3  res=   1.1368683772161603E-012  Ts(1,1,1)=   799.99500002499974       Ts(nx-1,ny-1,1)=   359.72744912491481     
   GS iter           4  res=   1.0231815394945443E-012  Ts(1,1,1)=   799.99500002499963       Ts(nx-1,ny-1,1)=   359.72744912491481     
   GS iter           5  res=   1.1368683772161603E-012  Ts(1,1,1)=   799.99500002499974       Ts(nx-1,ny-1,1)=   359.72744912491481     
 Solid solver Block           2  GS iterations:         100  final res:   1.0231815394945443E-012
   DBG: Ts(1,1,1)=   799.99500002499963       Ts(nx/2,ny/2,1)=   798.12501724812682       Ts(nx-1,ny-1,1)=   359.72744912491476     
 --------------Force and Moment -----------------------------
 Total Force Coefficient (CL, CD, CS) =
  -2.4166208388846796E-006   1.3498925883901540        2.7529937465245085E-025
 Total Moment Coefficient(CMx, CMy, CMz)=
  0.33747314709753806       -6.0415520970050558E-007 -0.66653252528101203     
 Kstep, t=         154   154.00000000000000     
 ----------The Max Residuals are--------  ---Mesh---           1
    0.4137615259E-02    0.4951059125E-05    0.2072089137E-02    0.9487103192E-19    0.4526958969E-02
   The R.M.S Residuals are 
    0.3949882899E-03    0.1194323780E-06    0.1930035985E-03    0.5712716357E-20    0.4551974937E-03
 CPU wall time in this step:   2.9268476000000376E-002
 Averaged CPU wall time is:   3.4787037967532471E-002
   GS iter           1  res=   9.0949470177292824E-013  Ts(1,1,1)=   799.99500002499974       Ts(nx-1,ny-1,1)=   359.72744912491487     
   GS iter           2  res=   9.0949470177292824E-013  Ts(1,1,1)=   799.99500002499963       Ts(nx-1,ny-1,1)=   359.72744912491476     
   GS iter           3  res=   9.0949470177292824E-013  Ts(1,1,1)=   799.99500002499974       Ts(nx-1,ny-1,1)=   359.72744912491487     
   GS iter           4  res=   1.1368683772161603E-012  Ts(1,1,1)=   799.99500002499963       Ts(nx-1,ny-1,1)=   359.72744912491476     
   GS iter           5  res=   1.1368683772161603E-012  Ts(1,1,1)=   799.99500002499974       Ts(nx-1,ny-1,1)=   359.72744912491487     
 Solid solver Block           2  GS iterations:         100  final res:   1.1368683772161603E-012
   DBG: Ts(1,1,1)=   799.99500002499963       Ts(nx/2,ny/2,1)=   798.12501724812682       Ts(nx-1,ny-1,1)=   359.72744912491476     
 --------------Force and Moment -----------------------------
 Total Force Coefficient (CL, CD, CS) =
  -2.4377290612440427E-006   1.3500039752846389       -1.2344938622623906E-024
 Total Moment Coefficient(CMx, CMy, CMz)=
  0.33750099382116011       -6.0943226529034467E-007 -0.66662628805408997     
 Kstep, t=         155   155.00000000000000     
 ----------The Max Residuals are--------  ---Mesh---           1
    0.5075134608E-02    0.4579750604E-05    0.2949083201E-02    0.8137335386E-19    0.6129935533E-02
   The R.M.S Residuals are 
    0.4151704528E-03    0.1227263919E-06    0.2216667922E-03    0.5849419752E-20    0.4871258450E-03
 CPU wall time in this step:   2.8558530999999832E-002
 Averaged CPU wall time is:   3.4746854051612902E-002
   GS iter           1  res=   1.0231815394945443E-012  Ts(1,1,1)=   799.99500002499974       Ts(nx-1,ny-1,1)=   359.72744912491487     
   GS iter           2  res=   1.1368683772161603E-012  Ts(1,1,1)=   799.99500002499963       Ts(nx-1,ny-1,1)=   359.72744912491476     
   GS iter           3  res=   1.0231815394945443E-012  Ts(1,1,1)=   799.99500002499974       Ts(nx-1,ny-1,1)=   359.72744912491487     
   GS iter           4  res=   1.2505552149377763E-012  Ts(1,1,1)=   799.99500002499963       Ts(nx-1,ny-1,1)=   359.72744912491498     
   GS iter           5  res=   9.0949470177292824E-013  Ts(1,1,1)=   799.99500002499974       Ts(nx-1,ny-1,1)=   359.72744912491470     
 Solid solver Block           2  GS iterations:         100  final res:   9.0949470177292824E-013
   DBG: Ts(1,1,1)=   799.99500002499963       Ts(nx/2,ny/2,1)=   798.12501724812682       Ts(nx-1,ny-1,1)=   359.72744912491487     
 --------------Force and Moment -----------------------------
 Total Force Coefficient (CL, CD, CS) =
  -2.4588437324833000E-006   1.3501138031433717        5.0527397728680572E-025
 Total Moment Coefficient(CMx, CMy, CMz)=
  0.33752845078584276       -6.1471093310015738E-007 -0.66671890220536345     
 Kstep, t=         156   156.00000000000000     
 ----------The Max Residuals are--------  ---Mesh---           1
    0.4793119403E-02    0.5857579888E-05    0.3154139553E-02    0.8133358479E-19    0.6149265282E-02
   The R.M.S Residuals are 
    0.4116990872E-03    0.1290624423E-06    0.2319874948E-03    0.5925096683E-20    0.4911586054E-03
 CPU wall time in this step:   2.9369237000000048E-002
 Averaged CPU wall time is:   3.4712382147435897E-002
   GS iter           1  res=   7.9580786405131221E-013  Ts(1,1,1)=   799.99500002499974       Ts(nx-1,ny-1,1)=   359.72744912491476     
   GS iter           2  res=   1.0231815394945443E-012  Ts(1,1,1)=   799.99500002499963       Ts(nx-1,ny-1,1)=   359.72744912491487     
   GS iter           3  res=   9.0949470177292824E-013  Ts(1,1,1)=   799.99500002499974       Ts(nx-1,ny-1,1)=   359.72744912491476     
   GS iter           4  res=   9.0949470177292824E-013  Ts(1,1,1)=   799.99500002499963       Ts(nx-1,ny-1,1)=   359.72744912491487     
   GS iter           5  res=   9.0949470177292824E-013  Ts(1,1,1)=   799.99500002499974       Ts(nx-1,ny-1,1)=   359.72744912491487     
 Solid solver Block           2  GS iterations:         100  final res:   6.8212102632969618E-013
   DBG: Ts(1,1,1)=   799.99500002499963       Ts(nx/2,ny/2,1)=   798.12501724812682       Ts(nx-1,ny-1,1)=   359.72744912491464     
 --------------Force and Moment -----------------------------
 Total Force Coefficient (CL, CD, CS) =
  -2.4799652328630902E-006   1.3502223168949701        2.1912389327834117E-024
 Total Moment Coefficient(CMx, CMy, CMz)=
  0.33755557922374257       -6.1999130819510325E-007 -0.66681053567305570     
 Kstep, t=         157   157.00000000000000     
 ----------The Max Residuals are--------  ---Mesh---           1
    0.3986822502E-02    0.6587025014E-05    0.2280039417E-02    0.8136682277E-19    0.4782296833E-02
   The R.M.S Residuals are 
    0.3998444406E-03    0.1348864517E-06    0.2042643792E-03    0.5669985874E-20    0.4670955002E-03
 CPU wall time in this step:   3.1095072000000279E-002
 Averaged CPU wall time is:   3.4689341955414017E-002
   GS iter           1  res=   1.4779288903810084E-012  Ts(1,1,1)=   799.99500002499974       Ts(nx-1,ny-1,1)=   359.72744912491487     
   GS iter           2  res=   9.0949470177292824E-013  Ts(1,1,1)=   799.99500002499963       Ts(nx-1,ny-1,1)=   359.72744912491476     
   GS iter           3  res=   1.1368683772161603E-012  Ts(1,1,1)=   799.99500002499974       Ts(nx-1,ny-1,1)=   359.72744912491487     
   GS iter           4  res=   1.3642420526593924E-012  Ts(1,1,1)=   799.99500002499963       Ts(nx-1,ny-1,1)=   359.72744912491487     
   GS iter           5  res=   1.0231815394945443E-012  Ts(1,1,1)=   799.99500002499974       Ts(nx-1,ny-1,1)=   359.72744912491464     
 Solid solver Block           2  GS iterations:         100  final res:   1.1368683772161603E-012
   DBG: Ts(1,1,1)=   799.99500002499963       Ts(nx/2,ny/2,1)=   798.12501724812682       Ts(nx-1,ny-1,1)=   359.72744912491481     
 --------------Force and Moment -----------------------------
 Total Force Coefficient (CL, CD, CS) =
  -2.5010940205448577E-006   1.3503297426565877        3.0485399417548449E-024
 Total Moment Coefficient(CMx, CMy, CMz)=
  0.33758243566414670       -6.2527350511554344E-007 -0.66690134586157745     
 Kstep, t=         158   158.00000000000000     
 ----------The Max Residuals are--------  ---Mesh---           1
    0.4559849251E-02    0.6487026767E-05    0.2298086303E-02    0.8135528517E-19    0.5142375384E-02
   The R.M.S Residuals are 
    0.4147869793E-03    0.1378823956E-06    0.2121545064E-03    0.5755283773E-20    0.4798910689E-03
 CPU wall time in this step:   2.9087119999999800E-002
 Averaged CPU wall time is:   3.4653884854430377E-002
   GS iter           1  res=   1.2505552149377763E-012  Ts(1,1,1)=   799.99500002499974       Ts(nx-1,ny-1,1)=   359.72744912491493     
   GS iter           2  res=   9.0949470177292824E-013  Ts(1,1,1)=   799.99500002499963       Ts(nx-1,ny-1,1)=   359.72744912491476     
   GS iter           3  res=   1.1368683772161603E-012  Ts(1,1,1)=   799.99500002499974       Ts(nx-1,ny-1,1)=   359.72744912491487     
   GS iter           4  res=   9.0949470177292824E-013  Ts(1,1,1)=   799.99500002499963       Ts(nx-1,ny-1,1)=   359.72744912491487     
   GS iter           5  res=   1.2505552149377763E-012  Ts(1,1,1)=   799.99500002499974       Ts(nx-1,ny-1,1)=   359.72744912491487     
 Solid solver Block           2  GS iterations:         100  final res:   1.4779288903810084E-012
   DBG: Ts(1,1,1)=   799.99500002499963       Ts(nx/2,ny/2,1)=   798.12501724812682       Ts(nx-1,ny-1,1)=   359.72744912491487     
 --------------Force and Moment -----------------------------
 Total Force Coefficient (CL, CD, CS) =
  -2.5222306207129462E-006   1.3504362836642485        5.0322345581806453E-024
 Total Moment Coefficient(CMx, CMy, CMz)=
  0.33760907091606263       -6.3055765515756398E-007 -0.66699147664253655     
 Kstep, t=         159   159.00000000000000     
 ----------The Max Residuals are--------  ---Mesh---           1
    0.5195155181E-02    0.5564467213E-05    0.3169185786E-02    0.1084190132E-18    0.6394038494E-02
   The R.M.S Residuals are 
    0.4248600970E-03    0.1410035543E-06    0.2451014510E-03    0.6220297302E-20    0.5080265273E-03
 CPU wall time in this step:   3.9316203000000272E-002
 Averaged CPU wall time is:   3.4683207610062897E-002
   GS iter           1  res=   1.1368683772161603E-012  Ts(1,1,1)=   799.99500002499974       Ts(nx-1,ny-1,1)=   359.72744912491476     
   GS iter           2  res=   9.0949470177292824E-013  Ts(1,1,1)=   799.99500002499963       Ts(nx-1,ny-1,1)=   359.72744912491487     
   GS iter           3  res=   7.9580786405131221E-013  Ts(1,1,1)=   799.99500002499974       Ts(nx-1,ny-1,1)=   359.72744912491476     
   GS iter           4  res=   1.2505552149377763E-012  Ts(1,1,1)=   799.99500002499963       Ts(nx-1,ny-1,1)=   359.72744912491487     
   GS iter           5  res=   1.1368683772161603E-012  Ts(1,1,1)=   799.99500002499974       Ts(nx-1,ny-1,1)=   359.72744912491476     
 Solid solver Block           2  GS iterations:         100  final res:   1.0231815394945443E-012
   DBG: Ts(1,1,1)=   799.99500002499963       Ts(nx/2,ny/2,1)=   798.12501724812682       Ts(nx-1,ny-1,1)=   359.72744912491481     
 --------------Force and Moment -----------------------------
 Total Force Coefficient (CL, CD, CS) =
  -2.5433756130364631E-006   1.3505421169979106        6.2020204931312067E-024
 Total Moment Coefficient(CMx, CMy, CMz)=
  0.33763552924947760       -6.3584390323844161E-007 -0.66708105585823596     
 Kstep, t=         160   160.00000000000000     
 ----------The Max Residuals are--------  ---Mesh---           1
    0.4592808827E-02    0.6217763154E-05    0.3071582133E-02    0.1084628398E-18    0.5988845868E-02
   The R.M.S Residuals are 
    0.4035358351E-03    0.1471485885E-06    0.2251187375E-03    0.6245136516E-20    0.4825791230E-03
 CPU wall time in this step:   2.9007942999999869E-002
 Averaged CPU wall time is:   3.4647737206250001E-002
   GS iter           1  res=   1.0231815394945443E-012  Ts(1,1,1)=   799.99500002499974       Ts(nx-1,ny-1,1)=   359.72744912491493     
   GS iter           2  res=   1.0231815394945443E-012  Ts(1,1,1)=   799.99500002499963       Ts(nx-1,ny-1,1)=   359.72744912491487     
   GS iter           3  res=   9.0949470177292824E-013  Ts(1,1,1)=   799.99500002499974       Ts(nx-1,ny-1,1)=   359.72744912491476     
   GS iter           4  res=   1.1368683772161603E-012  Ts(1,1,1)=   799.99500002499963       Ts(nx-1,ny-1,1)=   359.72744912491487     
   GS iter           5  res=   1.0231815394945443E-012  Ts(1,1,1)=   799.99500002499974       Ts(nx-1,ny-1,1)=   359.72744912491476     
 Solid solver Block           2  GS iterations:         100  final res:   1.2505552149377763E-012
   DBG: Ts(1,1,1)=   799.99500002499963       Ts(nx/2,ny/2,1)=   798.12501724812682       Ts(nx-1,ny-1,1)=   359.72744912491476     
 --------------Force and Moment -----------------------------
 Total Force Coefficient (CL, CD, CS) =
  -2.5645296162850025E-006   1.3506473911747718        5.5247561517620180E-024
 Total Moment Coefficient(CMx, CMy, CMz)=
  0.33766184779369290       -6.4113240405057476E-007 -0.66717019337112515     
 Kstep, t=         161   161.00000000000000     
 ----------The Max Residuals are--------  ---Mesh---           1
    0.3932915556E-02    0.7646886066E-05    0.1883268533E-02    0.1084402731E-18    0.4361065750E-02
   The R.M.S Residuals are 
    0.4013163416E-03    0.1544025106E-06    0.1861241679E-03    0.6262772348E-20    0.4586705028E-03
 CPU wall time in this step:   3.0310038999999733E-002
 Averaged CPU wall time is:   3.4620794981366457E-002
   GS iter           1  res=   1.1368683772161603E-012  Ts(1,1,1)=   799.99500002499974       Ts(nx-1,ny-1,1)=   359.72744912491487     
   GS iter           2  res=   9.0949470177292824E-013  Ts(1,1,1)=   799.99500002499963       Ts(nx-1,ny-1,1)=   359.72744912491487     
   GS iter           3  res=   1.2505552149377763E-012  Ts(1,1,1)=   799.99500002499974       Ts(nx-1,ny-1,1)=   359.72744912491476     
   GS iter           4  res=   1.0231815394945443E-012  Ts(1,1,1)=   799.99500002499963       Ts(nx-1,ny-1,1)=   359.72744912491487     
   GS iter           5  res=   1.0231815394945443E-012  Ts(1,1,1)=   799.99500002499974       Ts(nx-1,ny-1,1)=   359.72744912491487     
 Solid solver Block           2  GS iterations:         100  final res:   1.1368683772161603E-012
   DBG: Ts(1,1,1)=   799.99500002499963       Ts(nx/2,ny/2,1)=   798.12501724812694       Ts(nx-1,ny-1,1)=   359.72744912491476     
 --------------Force and Moment -----------------------------
 Total Force Coefficient (CL, CD, CS) =
  -2.5856932737752809E-006   1.3507522246571104        3.2892911506289302E-024
 Total Moment Coefficient(CMx, CMy, CMz)=
  0.33768805616427766       -6.4642331842314278E-007 -0.66725897968895387     
 Kstep, t=         162   162.00000000000000     
 ----------The Max Residuals are--------  ---Mesh---           1
    0.4975439106E-02    0.8093547750E-05    0.2618201476E-02    0.1084457695E-18    0.5787135058E-02
   The R.M.S Residuals are 
    0.4348890646E-03    0.1593888861E-06    0.2302895525E-03    0.6673285229E-20    0.5055289892E-03
 CPU wall time in this step:   2.8979784999999758E-002
 Averaged CPU wall time is:   3.4585973932098765E-002
   GS iter           1  res=   9.0949470177292824E-013  Ts(1,1,1)=   799.99500002499974       Ts(nx-1,ny-1,1)=   359.72744912491487     
   GS iter           2  res=   1.1368683772161603E-012  Ts(1,1,1)=   799.99500002499963       Ts(nx-1,ny-1,1)=   359.72744912491487     
   GS iter           3  res=   1.3642420526593924E-012  Ts(1,1,1)=   799.99500002499974       Ts(nx-1,ny-1,1)=   359.72744912491487     
   GS iter           4  res=   1.3642420526593924E-012  Ts(1,1,1)=   799.99500002499963       Ts(nx-1,ny-1,1)=   359.72744912491487     
   GS iter           5  res=   1.1368683772161603E-012  Ts(1,1,1)=   799.99500002499974       Ts(nx-1,ny-1,1)=   359.72744912491487     
 Solid solver Block           2  GS iterations:         100  final res:   1.5916157281026244E-012
   DBG: Ts(1,1,1)=   799.99500002499963       Ts(nx/2,ny/2,1)=   798.12501724812682       Ts(nx-1,ny-1,1)=   359.72744912491487     
 --------------Force and Moment -----------------------------
 Total Force Coefficient (CL, CD, CS) =
  -2.6068672385307072E-006   1.3508567053199942        2.4850749227011173E-024
 Total Moment Coefficient(CMx, CMy, CMz)=
  0.33771417632999862       -6.5171680961199775E-007 -0.66734748520275589     
 Kstep, t=         163   163.00000000000000     
 ----------The Max Residuals are--------  ---Mesh---           1
    0.5204469928E-02    0.7403214793E-05    0.3318149803E-02    0.8136978532E-19    0.6517264828E-02
   The R.M.S Residuals are 
    0.4334384357E-03    0.1632774836E-06    0.2644675512E-03    0.6423635207E-20    0.5259195972E-03
 CPU wall time in this step:   3.2913973000000318E-002
 Averaged CPU wall time is:   3.4575716257668712E-002
   GS iter           1  res=   1.0231815394945443E-012  Ts(1,1,1)=   799.99500002499974       Ts(nx-1,ny-1,1)=   359.72744912491487     
   GS iter           2  res=   9.0949470177292824E-013  Ts(1,1,1)=   799.99500002499963       Ts(nx-1,ny-1,1)=   359.72744912491476     
   GS iter           3  res=   1.2505552149377763E-012  Ts(1,1,1)=   799.99500002499974       Ts(nx-1,ny-1,1)=   359.72744912491487     
   GS iter           4  res=   9.0949470177292824E-013  Ts(1,1,1)=   799.99500002499963       Ts(nx-1,ny-1,1)=   359.72744912491476     
   GS iter           5  res=   9.0949470177292824E-013  Ts(1,1,1)=   799.99500002499974       Ts(nx-1,ny-1,1)=   359.72744912491487     
 Solid solver Block           2  GS iterations:         100  final res:   1.0231815394945443E-012
   DBG: Ts(1,1,1)=   799.99500002499963       Ts(nx/2,ny/2,1)=   798.12501724812682       Ts(nx-1,ny-1,1)=   359.72744912491464     
 --------------Force and Moment -----------------------------
 Total Force Coefficient (CL, CD, CS) =
  -2.6280521581532801E-006   1.3509608908967989        9.4080411594424328E-025
 Total Moment Coefficient(CMx, CMy, CMz)=
  0.33774022272419979       -6.5701303951763940E-007 -0.66743576006275018     
 Kstep, t=         164   164.00000000000000     
 ----------The Max Residuals are--------  ---Mesh---           1
    0.4249703024E-02    0.6411955057E-05    0.2850526110E-02    0.9487853595E-19    0.5647613417E-02
   The R.M.S Residuals are 
    0.3971349768E-03    0.1683668745E-06    0.2174843859E-03    0.6345972824E-20    0.4748215065E-03
 CPU wall time in this step:   3.1658191000000002E-002
 Averaged CPU wall time is:   3.4557926469512196E-002
   GS iter           1  res=   1.1368683772161603E-012  Ts(1,1,1)=   799.99500002499974       Ts(nx-1,ny-1,1)=   359.72744912491487     
   GS iter           2  res=   1.2505552149377763E-012  Ts(1,1,1)=   799.99500002499963       Ts(nx-1,ny-1,1)=   359.72744912491487     
   GS iter           3  res=   7.9580786405131221E-013  Ts(1,1,1)=   799.99500002499974       Ts(nx-1,ny-1,1)=   359.72744912491487     
   GS iter           4  res=   7.9580786405131221E-013  Ts(1,1,1)=   799.99500002499963       Ts(nx-1,ny-1,1)=   359.72744912491487     
   GS iter           5  res=   1.0231815394945443E-012  Ts(1,1,1)=   799.99500002499974       Ts(nx-1,ny-1,1)=   359.72744912491487     
 Solid solver Block           2  GS iterations:         100  final res:   1.0231815394945443E-012
   DBG: Ts(1,1,1)=   799.99500002499963       Ts(nx/2,ny/2,1)=   798.12501724812762       Ts(nx-1,ny-1,1)=   359.72744912491487     
 --------------Force and Moment -----------------------------
 Total Force Coefficient (CL, CD, CS) =
  -2.6492486600041046E-006   1.3510648103525140        2.6469497874135965E-024
 Total Moment Coefficient(CMx, CMy, CMz)=
  0.33776620258812878       -6.6231216498034394E-007 -0.66752383467493648     
 Kstep, t=         165   165.00000000000000     
 ----------The Max Residuals are--------  ---Mesh---           1
    0.4117024597E-02    0.8544859783E-05    0.1686175579E-02    0.1084628829E-18    0.4408449931E-02
   The R.M.S Residuals are 
    0.4059972556E-03    0.1759087552E-06    0.1767421597E-03    0.6277618454E-20    0.4575118159E-03
 CPU wall time in this step:   3.0992740000000296E-002
 Averaged CPU wall time is:   3.4536319278787878E-002
   GS iter           1  res=   1.2505552149377763E-012  Ts(1,1,1)=   799.99500002499974       Ts(nx-1,ny-1,1)=   359.72744912491476     
   GS iter           2  res=   1.2505552149377763E-012  Ts(1,1,1)=   799.99500002499963       Ts(nx-1,ny-1,1)=   359.72744912491487     
   GS iter           3  res=   1.0231815394945443E-012  Ts(1,1,1)=   799.99500002499974       Ts(nx-1,ny-1,1)=   359.72744912491476     
   GS iter           4  res=   9.0949470177292824E-013  Ts(1,1,1)=   799.99500002499963       Ts(nx-1,ny-1,1)=   359.72744912491487     
   GS iter           5  res=   1.2505552149377763E-012  Ts(1,1,1)=   799.99500002499974       Ts(nx-1,ny-1,1)=   359.72744912491487     
 Solid solver Block           2  GS iterations:         100  final res:   1.0231815394945443E-012
   DBG: Ts(1,1,1)=   799.99500002499963       Ts(nx/2,ny/2,1)=   798.12501724812796       Ts(nx-1,ny-1,1)=   359.72744912491487     
 --------------Force and Moment -----------------------------
 Total Force Coefficient (CL, CD, CS) =
  -2.6704573394753727E-006   1.3511684660861569        2.0616909314639196E-024
 Total Moment Coefficient(CMx, CMy, CMz)=
  0.33779211652153945       -6.6761433484815937E-007 -0.66761172077193154     
 Kstep, t=         166   166.00000000000000     
 ----------The Max Residuals are--------  ---Mesh---           1
    0.5294045115E-02    0.9733644079E-05    0.3037939498E-02    0.1219695742E-18    0.6346025187E-02
   The R.M.S Residuals are 
    0.4501289299E-03    0.1839698841E-06    0.2478713218E-03    0.6325118749E-20    0.5274585801E-03
 CPU wall time in this step:   4.4932531999999803E-002
 Averaged CPU wall time is:   3.4598947066265061E-002
   GS iter           1  res=   1.1368683772161603E-012  Ts(1,1,1)=   799.99500002499974       Ts(nx-1,ny-1,1)=   359.72744912491487     
   GS iter           2  res=   7.9580786405131221E-013  Ts(1,1,1)=   799.99500002499963       Ts(nx-1,ny-1,1)=   359.72744912491487     
   GS iter           3  res=   9.0949470177292824E-013  Ts(1,1,1)=   799.99500002499974       Ts(nx-1,ny-1,1)=   359.72744912491476     
   GS iter           4  res=   7.9580786405131221E-013  Ts(1,1,1)=   799.99500002499963       Ts(nx-1,ny-1,1)=   359.72744912491510     
   GS iter           5  res=   9.0949470177292824E-013  Ts(1,1,1)=   799.99500002499974       Ts(nx-1,ny-1,1)=   359.72744912491476     
 Solid solver Block           2  GS iterations:         100  final res:   1.0231815394945443E-012
   DBG: Ts(1,1,1)=   799.99500002499963       Ts(nx/2,ny/2,1)=   798.12501724812773       Ts(nx-1,ny-1,1)=   359.72744912491487     
 --------------Force and Moment -----------------------------
 Total Force Coefficient (CL, CD, CS) =
  -2.6916787488182207E-006   1.3512718368429892        2.2919319924292067E-024
 Total Moment Coefficient(CMx, CMy, CMz)=
  0.33781795921074736       -6.7291968718386978E-007 -0.66769941300157565     
 Kstep, t=         167   167.00000000000000     
 ----------The Max Residuals are--------  ---Mesh---           1
    0.5037407061E-02    0.9432528442E-05    0.3323768000E-02    0.1084434370E-18    0.6440584560E-02
   The R.M.S Residuals are 
    0.4354392214E-03    0.1897301830E-06    0.2712272735E-03    0.6116695245E-20    0.5315385311E-03
 CPU wall time in this step:   3.8948054999999648E-002
 Averaged CPU wall time is:   3.4624989628742511E-002
   GS iter           1  res=   9.0949470177292824E-013  Ts(1,1,1)=   799.99500002499974       Ts(nx-1,ny-1,1)=   359.72744912491487     
   GS iter           2  res=   1.0231815394945443E-012  Ts(1,1,1)=   799.99500002499963       Ts(nx-1,ny-1,1)=   359.72744912491464     
   GS iter           3  res=   1.1368683772161603E-012  Ts(1,1,1)=   799.99500002499974       Ts(nx-1,ny-1,1)=   359.72744912491487     
   GS iter           4  res=   1.0231815394945443E-012  Ts(1,1,1)=   799.99500002499963       Ts(nx-1,ny-1,1)=   359.72744912491498     
   GS iter           5  res=   9.0949470177292824E-013  Ts(1,1,1)=   799.99500002499974       Ts(nx-1,ny-1,1)=   359.72744912491470     
 Solid solver Block           2  GS iterations:         100  final res:   1.3642420526593924E-012
   DBG: Ts(1,1,1)=   799.99500002499963       Ts(nx/2,ny/2,1)=   798.12501724812796       Ts(nx-1,ny-1,1)=   359.72744912491481     
 --------------Force and Moment -----------------------------
 Total Force Coefficient (CL, CD, CS) =
  -2.7129133894686109E-006   1.3513748811891679        2.1085679831247651E-024
 Total Moment Coefficient(CMx, CMy, CMz)=
  0.33784372029729220       -6.7822834734646574E-007 -0.66778689095790500     
 Kstep, t=         168   168.00000000000000     
 ----------The Max Residuals are--------  ---Mesh---           1
    0.3687580031E-02    0.7770318036E-05    0.2398806903E-02    0.8132614752E-19    0.4979859831E-02
   The R.M.S Residuals are 
    0.3953598465E-03    0.1934675083E-06    0.2070349144E-03    0.5799665133E-20    0.4675826997E-03
 CPU wall time in this step:   4.1527648999999833E-002
 Averaged CPU wall time is:   3.4666076886904762E-002
   GS iter           1  res=   1.5916157281026244E-012  Ts(1,1,1)=   799.99500002499974       Ts(nx-1,ny-1,1)=   359.72744912491493     
   GS iter           2  res=   1.2505552149377763E-012  Ts(1,1,1)=   799.99500002499963       Ts(nx-1,ny-1,1)=   359.72744912491487     
   GS iter           3  res=   7.9580786405131221E-013  Ts(1,1,1)=   799.99500002499974       Ts(nx-1,ny-1,1)=   359.72744912491487     
   GS iter           4  res=   1.0231815394945443E-012  Ts(1,1,1)=   799.99500002499963       Ts(nx-1,ny-1,1)=   359.72744912491476     
   GS iter           5  res=   1.0231815394945443E-012  Ts(1,1,1)=   799.99500002499974       Ts(nx-1,ny-1,1)=   359.72744912491487     
 Solid solver Block           2  GS iterations:         100  final res:   7.9580786405131221E-013
   DBG: Ts(1,1,1)=   799.99500002499963       Ts(nx/2,ny/2,1)=   798.12501724812796       Ts(nx-1,ny-1,1)=   359.72744912491487     
 --------------Force and Moment -----------------------------
 Total Force Coefficient (CL, CD, CS) =
  -2.7341617043822490E-006   1.3514775413665834        2.3511948024094166E-024
 Total Moment Coefficient(CMx, CMy, CMz)=
  0.33786938534164551       -6.8354042607487369E-007 -0.66787412155129244     
 Kstep, t=         169   169.00000000000000     
 ----------The Max Residuals are--------  ---Mesh---           1
    0.4764619953E-02    0.9322082106E-05    0.2292716770E-02    0.1084644101E-18    0.5372692557E-02
   The R.M.S Residuals are 
    0.4182795362E-03    0.2002933591E-06    0.1895739724E-03    0.6520746523E-20    0.4735213769E-03
 CPU wall time in this step:   3.1817185000000414E-002
 Averaged CPU wall time is:   3.4649219538461541E-002
   GS iter           1  res=   9.0949470177292824E-013  Ts(1,1,1)=   799.99500002499974       Ts(nx-1,ny-1,1)=   359.72744912491476     
   GS iter           2  res=   1.0231815394945443E-012  Ts(1,1,1)=   799.99500002499963       Ts(nx-1,ny-1,1)=   359.72744912491487     
   GS iter           3  res=   1.0231815394945443E-012  Ts(1,1,1)=   799.99500002499974       Ts(nx-1,ny-1,1)=   359.72744912491487     
   GS iter           4  res=   1.4779288903810084E-012  Ts(1,1,1)=   799.99500002499963       Ts(nx-1,ny-1,1)=   359.72744912491476     
   GS iter           5  res=   1.0231815394945443E-012  Ts(1,1,1)=   799.99500002499974       Ts(nx-1,ny-1,1)=   359.72744912491487     
 Solid solver Block           2  GS iterations:         100  final res:   9.0949470177292824E-013
   DBG: Ts(1,1,1)=   799.99500002499963       Ts(nx/2,ny/2,1)=   798.12501724812773       Ts(nx-1,ny-1,1)=   359.72744912491487     
 --------------Force and Moment -----------------------------
 Total Force Coefficient (CL, CD, CS) =
  -2.7554240732871182E-006   1.3515797473214541        4.0019728030047576E-024
 Total Moment Coefficient(CMx, CMy, CMz)=
  0.33789493683036348       -6.8885601830108950E-007 -0.66796106159397250     
 Kstep, t=         170   170.00000000000000     
 ----------The Max Residuals are--------  ---Mesh---           1
    0.5403759685E-02    0.1139463531E-04    0.3341183780E-02    0.8133632925E-19    0.6666043443E-02
   The R.M.S Residuals are 
    0.4557249826E-03    0.2120456558E-06    0.2597204012E-03    0.5738364492E-20    0.5397005876E-03
 CPU wall time in this step:   3.4973834999999731E-002
 Averaged CPU wall time is:   3.4651129041176468E-002
   GS iter           1  res=   1.1368683772161603E-012  Ts(1,1,1)=   799.99500002499974       Ts(nx-1,ny-1,1)=   359.72744912491487     
   GS iter           2  res=   1.0231815394945443E-012  Ts(1,1,1)=   799.99500002499963       Ts(nx-1,ny-1,1)=   359.72744912491476     
   GS iter           3  res=   1.1368683772161603E-012  Ts(1,1,1)=   799.99500002499974       Ts(nx-1,ny-1,1)=   359.72744912491487     
   GS iter           4  res=   9.0949470177292824E-013  Ts(1,1,1)=   799.99500002499963       Ts(nx-1,ny-1,1)=   359.72744912491487     
   GS iter           5  res=   6.8212102632969618E-013  Ts(1,1,1)=   799.99500002499974       Ts(nx-1,ny-1,1)=   359.72744912491476     
 Solid solver Block           2  GS iterations:         100  final res:   1.0231815394945443E-012
   DBG: Ts(1,1,1)=   799.99500002499963       Ts(nx/2,ny/2,1)=   798.12501724812773       Ts(nx-1,ny-1,1)=   359.72744912491470     
 --------------Force and Moment -----------------------------
 Total Force Coefficient (CL, CD, CS) =
  -2.7767008107055541E-006   1.3516814206947989        4.8791552676824950E-024
 Total Moment Coefficient(CMx, CMy, CMz)=
  0.33792035517370012       -6.9417520265569689E-007 -0.66804766047138442     
 Kstep, t=         171   171.00000000000000     
 ----------The Max Residuals are--------  ---Mesh---           1
    0.4687571434E-02    0.1164016025E-04    0.3173281940E-02    0.8133341832E-19    0.6152703442E-02
   The R.M.S Residuals are 
    0.4329460328E-03    0.2203959491E-06    0.2645740197E-03    0.5937477462E-20    0.5268118191E-03
 CPU wall time in this step:   2.9988417000000211E-002
 Averaged CPU wall time is:   3.4623861719298245E-002
   GS iter           1  res=   1.0231815394945443E-012  Ts(1,1,1)=   799.99500002499974       Ts(nx-1,ny-1,1)=   359.72744912491487     
   GS iter           2  res=   9.0949470177292824E-013  Ts(1,1,1)=   799.99500002499963       Ts(nx-1,ny-1,1)=   359.72744912491476     
   GS iter           3  res=   1.0231815394945443E-012  Ts(1,1,1)=   799.99500002499974       Ts(nx-1,ny-1,1)=   359.72744912491487     
   GS iter           4  res=   9.0949470177292824E-013  Ts(1,1,1)=   799.99500002499963       Ts(nx-1,ny-1,1)=   359.72744912491476     
   GS iter           5  res=   1.0231815394945443E-012  Ts(1,1,1)=   799.99500002499974       Ts(nx-1,ny-1,1)=   359.72744912491487     
 Solid solver Block           2  GS iterations:         100  final res:   1.3642420526593924E-012
   DBG: Ts(1,1,1)=   799.99500002499963       Ts(nx/2,ny/2,1)=   798.12501724812796       Ts(nx-1,ny-1,1)=   359.72744912491464     
 --------------Force and Moment -----------------------------
 Total Force Coefficient (CL, CD, CS) =
  -2.7979921770765951E-006   1.3517824786165857        4.8078183690799383E-024
 Total Moment Coefficient(CMx, CMy, CMz)=
  0.33794561965414655       -6.9949804424845555E-007 -0.66813386278077103     
 Kstep, t=         172   172.00000000000000     
 ----------The Max Residuals are--------  ---Mesh---           1
    0.3777976061E-02    0.1003662142E-04    0.2329905922E-02    0.8130818950E-19    0.4701973493E-02
   The R.M.S Residuals are 
    0.4047983369E-03    0.2228674915E-06    0.2044800678E-03    0.5929264780E-20    0.4713095355E-03
 CPU wall time in this step:   2.9287244999999906E-002
 Averaged CPU wall time is:   3.4592834877906979E-002
   GS iter           1  res=   1.0231815394945443E-012  Ts(1,1,1)=   799.99500002499974       Ts(nx-1,ny-1,1)=   359.72744912491498     
   GS iter           2  res=   9.0949470177292824E-013  Ts(1,1,1)=   799.99500002499963       Ts(nx-1,ny-1,1)=   359.72744912491493     
   GS iter           3  res=   9.0949470177292824E-013  Ts(1,1,1)=   799.99500002499974       Ts(nx-1,ny-1,1)=   359.72744912491476     
   GS iter           4  res=   1.0231815394945443E-012  Ts(1,1,1)=   799.99500002499963       Ts(nx-1,ny-1,1)=   359.72744912491487     
   GS iter           5  res=   9.0949470177292824E-013  Ts(1,1,1)=   799.99500002499974       Ts(nx-1,ny-1,1)=   359.72744912491487     
 Solid solver Block           2  GS iterations:         100  final res:   9.0949470177292824E-013
   DBG: Ts(1,1,1)=   799.99500002499963       Ts(nx/2,ny/2,1)=   798.12501724812796       Ts(nx-1,ny-1,1)=   359.72744912491476     
 --------------Force and Moment -----------------------------
 Total Force Coefficient (CL, CD, CS) =
  -2.8192983743872055E-006   1.3518828371204621        5.0199746999643708E-024
 Total Moment Coefficient(CMx, CMy, CMz)=
  0.33797070928011580       -7.0482459357610667E-007 -0.66821961081276060     
 Kstep, t=         173   173.00000000000000     
 ----------The Max Residuals are--------  ---Mesh---           1
    0.5296346629E-02    0.1009233872E-04    0.2897643298E-02    0.1219786789E-18    0.6236403677E-02
   The R.M.S Residuals are 
    0.4351178815E-03    0.2288187405E-06    0.2211592871E-03    0.6526907705E-20    0.5032961868E-03
 CPU wall time in this step:   3.0714934000000582E-002
 Averaged CPU wall time is:   3.4570419265895956E-002
   GS iter           1  res=   1.1368683772161603E-012  Ts(1,1,1)=   799.99500002499974       Ts(nx-1,ny-1,1)=   359.72744912491487     
   GS iter           2  res=   1.2505552149377763E-012  Ts(1,1,1)=   799.99500002499963       Ts(nx-1,ny-1,1)=   359.72744912491487     
   GS iter           3  res=   9.0949470177292824E-013  Ts(1,1,1)=   799.99500002499974       Ts(nx-1,ny-1,1)=   359.72744912491498     
   GS iter           4  res=   9.0949470177292824E-013  Ts(1,1,1)=   799.99500002499963       Ts(nx-1,ny-1,1)=   359.72744912491481     
   GS iter           5  res=   9.0949470177292824E-013  Ts(1,1,1)=   799.99500002499974       Ts(nx-1,ny-1,1)=   359.72744912491493     
 Solid solver Block           2  GS iterations:         100  final res:   7.9580786405131221E-013
   DBG: Ts(1,1,1)=   799.99500002499963       Ts(nx/2,ny/2,1)=   798.12501724812762       Ts(nx-1,ny-1,1)=   359.72744912491487     
 --------------Force and Moment -----------------------------
 Total Force Coefficient (CL, CD, CS) =
  -2.8406195493010161E-006   1.3519824140523453        3.3684276573785200E-024
 Total Moment Coefficient(CMx, CMy, CMz)=
  0.33799560351308627       -7.1015488730455772E-007 -0.66830484677116941     
 Kstep, t=         174   174.00000000000000     
 ----------The Max Residuals are--------  ---Mesh---           1
    0.5301693846E-02    0.1311715557E-04    0.3442473948E-02    0.8135665984E-19    0.6686549183E-02
   The R.M.S Residuals are 
    0.4487291419E-03    0.2440246933E-06    0.2606717373E-03    0.6220618068E-20    0.5359981418E-03
 CPU wall time in this step:   2.9086172999999604E-002
 Averaged CPU wall time is:   3.4538900609195400E-002
   GS iter           1  res=   1.2505552149377763E-012  Ts(1,1,1)=   799.99500002499974       Ts(nx-1,ny-1,1)=   359.72744912491476     
   GS iter           2  res=   9.0949470177292824E-013  Ts(1,1,1)=   799.99500002499963       Ts(nx-1,ny-1,1)=   359.72744912491487     
   GS iter           3  res=   1.0231815394945443E-012  Ts(1,1,1)=   799.99500002499974       Ts(nx-1,ny-1,1)=   359.72744912491476     
   GS iter           4  res=   1.1368683772161603E-012  Ts(1,1,1)=   799.99500002499963       Ts(nx-1,ny-1,1)=   359.72744912491487     
   GS iter           5  res=   9.0949470177292824E-013  Ts(1,1,1)=   799.99500002499974       Ts(nx-1,ny-1,1)=   359.72744912491487     
 Solid solver Block           2  GS iterations:         100  final res:   1.0231815394945443E-012
   DBG: Ts(1,1,1)=   799.99500002499963       Ts(nx/2,ny/2,1)=   798.12501724812785       Ts(nx-1,ny-1,1)=   359.72744912491487     
 --------------Force and Moment -----------------------------
 Total Force Coefficient (CL, CD, CS) =
  -2.8619558028526541E-006   1.3520811313810472        5.5193398432374171E-024
 Total Moment Coefficient(CMx, CMy, CMz)=
  0.33802028284526214       -7.1548895069246575E-007 -0.66838951464849727     
 Kstep, t=         175   175.00000000000000     
 ----------The Max Residuals are--------  ---Mesh---           1
    0.4536363929E-02    0.1405356665E-04    0.2717253250E-02    0.9485189435E-19    0.5463877136E-02
   The R.M.S Residuals are 
    0.4269585324E-03    0.2553145775E-06    0.2413561878E-03    0.6374138164E-20    0.5091386195E-03
 CPU wall time in this step:   2.9465991000000358E-002
 Averaged CPU wall time is:   3.4509912554285718E-002
   GS iter           1  res=   1.0231815394945443E-012  Ts(1,1,1)=   799.99500002499974       Ts(nx-1,ny-1,1)=   359.72744912491487     
   GS iter           2  res=   9.0949470177292824E-013  Ts(1,1,1)=   799.99500002499963       Ts(nx-1,ny-1,1)=   359.72744912491476     
   GS iter           3  res=   1.1368683772161603E-012  Ts(1,1,1)=   799.99500002499974       Ts(nx-1,ny-1,1)=   359.72744912491487     
   GS iter           4  res=   9.0949470177292824E-013  Ts(1,1,1)=   799.99500002499963       Ts(nx-1,ny-1,1)=   359.72744912491487     
   GS iter           5  res=   7.9580786405131221E-013  Ts(1,1,1)=   799.99500002499974       Ts(nx-1,ny-1,1)=   359.72744912491476     
 Solid solver Block           2  GS iterations:         100  final res:   9.0949470177292824E-013
   DBG: Ts(1,1,1)=   799.99500002499963       Ts(nx/2,ny/2,1)=   798.12501724812785       Ts(nx-1,ny-1,1)=   359.72744912491464     
 --------------Force and Moment -----------------------------
 Total Force Coefficient (CL, CD, CS) =
  -2.8833071983955280E-006   1.3521789168892935        4.5354234561151079E-024
 Total Moment Coefficient(CMx, CMy, CMz)=
  0.33804472922232365       -7.2082679957818274E-007 -0.66847356170818173     
 Kstep, t=         176   176.00000000000000     
 ----------The Max Residuals are--------  ---Mesh---           1
    0.4619974656E-02    0.1256797258E-04    0.2527322020E-02    0.8133946915E-19    0.5101257432E-02
   The R.M.S Residuals are 
    0.4270810457E-03    0.2570767152E-06    0.2211392308E-03    0.5859482854E-20    0.4957318195E-03
 CPU wall time in this step:   3.0091823999999434E-002
 Averaged CPU wall time is:   3.4484809778409092E-002
   GS iter           1  res=   7.9580786405131221E-013  Ts(1,1,1)=   799.99500002499974       Ts(nx-1,ny-1,1)=   359.72744912491487     
   GS iter           2  res=   1.3642420526593924E-012  Ts(1,1,1)=   799.99500002499963       Ts(nx-1,ny-1,1)=   359.72744912491487     
   GS iter           3  res=   1.0231815394945443E-012  Ts(1,1,1)=   799.99500002499974       Ts(nx-1,ny-1,1)=   359.72744912491476     
   GS iter           4  res=   9.0949470177292824E-013  Ts(1,1,1)=   799.99500002499963       Ts(nx-1,ny-1,1)=   359.72744912491487     
   GS iter           5  res=   1.0231815394945443E-012  Ts(1,1,1)=   799.99500002499974       Ts(nx-1,ny-1,1)=   359.72744912491476     
 Solid solver Block           2  GS iterations:         100  final res:   1.0231815394945443E-012
   DBG: Ts(1,1,1)=   799.99500002499963       Ts(nx/2,ny/2,1)=   798.12501724812773       Ts(nx-1,ny-1,1)=   359.72744912491487     
 --------------Force and Moment -----------------------------
 Total Force Coefficient (CL, CD, CS) =
  -2.9046737676970668E-006   1.3522757052478116        4.3040551312425379E-024
 Total Moment Coefficient(CMx, CMy, CMz)=
  0.33806892631195284       -7.2616844190356605E-007 -0.66855693954881346     
 Kstep, t=         177   177.00000000000000     
 ----------The Max Residuals are--------  ---Mesh---           1
    0.5526681802E-02    0.1094160719E-04    0.3344184568E-02    0.1219881667E-18    0.6745754984E-02
   The R.M.S Residuals are 
    0.4459494038E-03    0.2629041239E-06    0.2520002612E-03    0.6012667696E-20    0.5296785438E-03
 CPU wall time in this step:   3.0248190000000008E-002
 Averaged CPU wall time is:   3.4460874073446328E-002
   GS iter           1  res=   1.0231815394945443E-012  Ts(1,1,1)=   799.99500002499974       Ts(nx-1,ny-1,1)=   359.72744912491487     
   GS iter           2  res=   1.3642420526593924E-012  Ts(1,1,1)=   799.99500002499963       Ts(nx-1,ny-1,1)=   359.72744912491476     
   GS iter           3  res=   1.1368683772161603E-012  Ts(1,1,1)=   799.99500002499974       Ts(nx-1,ny-1,1)=   359.72744912491487     
   GS iter           4  res=   9.0949470177292824E-013  Ts(1,1,1)=   799.99500002499963       Ts(nx-1,ny-1,1)=   359.72744912491476     
   GS iter           5  res=   1.0231815394945443E-012  Ts(1,1,1)=   799.99500002499974       Ts(nx-1,ny-1,1)=   359.72744912491487     
 Solid solver Block           2  GS iterations:         100  final res:   9.0949470177292824E-013
   DBG: Ts(1,1,1)=   799.99500002499963       Ts(nx/2,ny/2,1)=   798.12501724812796       Ts(nx-1,ny-1,1)=   359.72744912491481     
 --------------Force and Moment -----------------------------
 Total Force Coefficient (CL, CD, CS) =
  -2.9260555172354516E-006   1.3523714385207655        7.4024661039256079E-024
 Total Moment Coefficient(CMx, CMy, CMz)=
  0.33809285963019153       -7.3151387928816067E-007 -0.66863960475518236     
 Kstep, t=         178   178.00000000000000     
 ----------The Max Residuals are--------  ---Mesh---           1
    0.4938887880E-02    0.1498205612E-04    0.3338993090E-02    0.1084042517E-18    0.6428192467E-02
   The R.M.S Residuals are 
    0.4339842207E-03    0.2805811681E-06    0.2475710030E-03    0.6513992811E-20    0.5194464517E-03
 CPU wall time in this step:   3.2332826000000203E-002
 Averaged CPU wall time is:   3.4448918747191012E-002
   GS iter           1  res=   9.0949470177292824E-013  Ts(1,1,1)=   799.99500002499974       Ts(nx-1,ny-1,1)=   359.72744912491481     
   GS iter           2  res=   9.0949470177292824E-013  Ts(1,1,1)=   799.99500002499963       Ts(nx-1,ny-1,1)=   359.72744912491481     
   GS iter           3  res=   7.9580786405131221E-013  Ts(1,1,1)=   799.99500002499974       Ts(nx-1,ny-1,1)=   359.72744912491504     
   GS iter           4  res=   1.1368683772161603E-012  Ts(1,1,1)=   799.99500002499963       Ts(nx-1,ny-1,1)=   359.72744912491476     
   GS iter           5  res=   1.2505552149377763E-012  Ts(1,1,1)=   799.99500002499974       Ts(nx-1,ny-1,1)=   359.72744912491487     
 Solid solver Block           2  GS iterations:         100  final res:   1.0231815394945443E-012
   DBG: Ts(1,1,1)=   799.99500002499963       Ts(nx/2,ny/2,1)=   798.12501724812796       Ts(nx-1,ny-1,1)=   359.72744912491487     
 --------------Force and Moment -----------------------------
 Total Force Coefficient (CL, CD, CS) =
  -2.9474524341834569E-006   1.3524660661886008        8.8085918559593475E-024
 Total Moment Coefficient(CMx, CMy, CMz)=
  0.33811651654715014       -7.3686310852516053E-007 -0.66872151916944611     
 Kstep, t=         179   179.00000000000000     
 ----------The Max Residuals are--------  ---Mesh---           1
    0.4631493388E-02    0.1672749331E-04    0.2605185178E-02    0.1220120465E-18    0.5404438180E-02
   The R.M.S Residuals are 
    0.4289741005E-03    0.2946429787E-06    0.2184416559E-03    0.6904056942E-20    0.4959956606E-03
 CPU wall time in this step:   3.2512214999999678E-002
 Averaged CPU wall time is:   3.4438099173184356E-002
   GS iter           1  res=   6.8212102632969618E-013  Ts(1,1,1)=   799.99500002499974       Ts(nx-1,ny-1,1)=   359.72744912491476     
   GS iter           2  res=   9.0949470177292824E-013  Ts(1,1,1)=   799.99500002499963       Ts(nx-1,ny-1,1)=   359.72744912491487     
   GS iter           3  res=   7.9580786405131221E-013  Ts(1,1,1)=   799.99500002499974       Ts(nx-1,ny-1,1)=   359.72744912491476     
   GS iter           4  res=   9.0949470177292824E-013  Ts(1,1,1)=   799.99500002499963       Ts(nx-1,ny-1,1)=   359.72744912491487     
   GS iter           5  res=   1.2505552149377763E-012  Ts(1,1,1)=   799.99500002499974       Ts(nx-1,ny-1,1)=   359.72744912491476     
 Solid solver Block           2  GS iterations:         100  final res:   9.0949470177292824E-013
   DBG: Ts(1,1,1)=   799.99500002499963       Ts(nx/2,ny/2,1)=   798.12501724812796       Ts(nx-1,ny-1,1)=   359.72744912491487     
 --------------Force and Moment -----------------------------
 Total Force Coefficient (CL, CD, CS) =
  -2.9688644918296202E-006   1.3525595447989378        9.5200796215602368E-024
 Total Moment Coefficient(CMx, CMy, CMz)=
  0.33813988619973495       -7.4221612293669996E-007 -0.66880264983820614     
 Kstep, t=         180   180.00000000000000     
 ----------The Max Residuals are--------  ---Mesh---           1
    0.5313567519E-02    0.1538018911E-04    0.2836749516E-02    0.1084468194E-18    0.6200654596E-02
   The R.M.S Residuals are 
    0.4547687718E-03    0.2969664740E-06    0.2550673424E-03    0.6445821385E-20    0.5356206288E-03
 CPU wall time in this step:   3.9203249999999912E-002
 Averaged CPU wall time is:   3.4464572233333331E-002
   GS iter           1  res=   9.0949470177292824E-013  Ts(1,1,1)=   799.99500002499974       Ts(nx-1,ny-1,1)=   359.72744912491498     
   GS iter           2  res=   1.0231815394945443E-012  Ts(1,1,1)=   799.99500002499963       Ts(nx-1,ny-1,1)=   359.72744912491470     
   GS iter           3  res=   1.0231815394945443E-012  Ts(1,1,1)=   799.99500002499974       Ts(nx-1,ny-1,1)=   359.72744912491487     
   GS iter           4  res=   9.0949470177292824E-013  Ts(1,1,1)=   799.99500002499963       Ts(nx-1,ny-1,1)=   359.72744912491476     
   GS iter           5  res=   7.9580786405131221E-013  Ts(1,1,1)=   799.99500002499974       Ts(nx-1,ny-1,1)=   359.72744912491487     
 Solid solver Block           2  GS iterations:         100  final res:   9.0949470177292824E-013
   DBG: Ts(1,1,1)=   799.99500002499963       Ts(nx/2,ny/2,1)=   798.12501724812796       Ts(nx-1,ny-1,1)=   359.72744912491476     
 --------------Force and Moment -----------------------------
 Total Force Coefficient (CL, CD, CS) =
  -2.9902916541790674E-006   1.3526518373694398        8.8316593083271298E-024
 Total Moment Coefficient(CMx, CMy, CMz)=
  0.33816295934235968       -7.4757291352406039E-007 -0.66888296870747921     
 Kstep, t=         181   181.00000000000000     
 ----------The Max Residuals are--------  ---Mesh---           1
    0.5447837614E-02    0.1199392985E-04    0.3515505397E-02    0.9488230118E-19    0.6817335692E-02
   The R.M.S Residuals are 
    0.4426051147E-03    0.3032638276E-06    0.2675195793E-03    0.6046634164E-20    0.5370223261E-03
 CPU wall time in this step:   4.0314373000000181E-002
 Averaged CPU wall time is:   3.4496891574585631E-002
   GS iter           1  res=   1.0231815394945443E-012  Ts(1,1,1)=   799.99500002499974       Ts(nx-1,ny-1,1)=   359.72744912491487     
   GS iter           2  res=   9.0949470177292824E-013  Ts(1,1,1)=   799.99500002499963       Ts(nx-1,ny-1,1)=   359.72744912491476     
   GS iter           3  res=   9.0949470177292824E-013  Ts(1,1,1)=   799.99500002499974       Ts(nx-1,ny-1,1)=   359.72744912491487     
   GS iter           4  res=   1.4779288903810084E-012  Ts(1,1,1)=   799.99500002499963       Ts(nx-1,ny-1,1)=   359.72744912491487     
   GS iter           5  res=   1.0231815394945443E-012  Ts(1,1,1)=   799.99500002499974       Ts(nx-1,ny-1,1)=   359.72744912491476     
 Solid solver Block           2  GS iterations:         100  final res:   1.2505552149377763E-012
   DBG: Ts(1,1,1)=   799.99500002499963       Ts(nx/2,ny/2,1)=   798.12501724812796       Ts(nx-1,ny-1,1)=   359.72744912491481     
 --------------Force and Moment -----------------------------
 Total Force Coefficient (CL, CD, CS) =
  -3.0117338796928447E-006   1.3527429126681636        1.0875569832125707E-023
 Total Moment Coefficient(CMx, CMy, CMz)=
  0.33818572816704101       -7.5293346990250322E-007 -0.66896245214634209     
 Kstep, t=         182   182.00000000000000     
 ----------The Max Residuals are--------  ---Mesh---           1
    0.4255484954E-02    0.1712546120E-04    0.2876379184E-02    0.8134823516E-19    0.5706679140E-02
   The R.M.S Residuals are 
    0.4162699556E-03    0.3223472279E-06    0.2142766594E-03    0.5930570379E-20    0.4889163603E-03
 CPU wall time in this step:   3.3092971000000304E-002
 Averaged CPU wall time is:   3.4489177725274725E-002
   GS iter           1  res=   1.1368683772161603E-012  Ts(1,1,1)=   799.99500002499974       Ts(nx-1,ny-1,1)=   359.72744912491504     
   GS iter           2  res=   1.1368683772161603E-012  Ts(1,1,1)=   799.99500002499963       Ts(nx-1,ny-1,1)=   359.72744912491487     
   GS iter           3  res=   9.0949470177292824E-013  Ts(1,1,1)=   799.99500002499974       Ts(nx-1,ny-1,1)=   359.72744912491487     
   GS iter           4  res=   9.0949470177292824E-013  Ts(1,1,1)=   799.99500002499963       Ts(nx-1,ny-1,1)=   359.72744912491487     
   GS iter           5  res=   9.0949470177292824E-013  Ts(1,1,1)=   799.99500002499974       Ts(nx-1,ny-1,1)=   359.72744912491476     
 Solid solver Block           2  GS iterations:         100  final res:   9.0949470177292824E-013
   DBG: Ts(1,1,1)=   799.99500002499963       Ts(nx/2,ny/2,1)=   798.12501724812796       Ts(nx-1,ny-1,1)=   359.72744912491498     
 --------------Force and Moment -----------------------------
 Total Force Coefficient (CL, CD, CS) =
  -3.0331911241340565E-006   1.3528327444892501        1.3566415906589073E-023
 Total Moment Coefficient(CMx, CMy, CMz)=
  0.33820818612231252       -7.5829778101280481E-007 -0.66904108038241761     
 Kstep, t=         183   183.00000000000000     
 ----------The Max Residuals are--------  ---Mesh---           1
    0.4708589820E-02    0.1974468930E-04    0.2605976440E-02    0.8130302121E-19    0.5462302678E-02
   The R.M.S Residuals are 
    0.4466030993E-03    0.3392484638E-06    0.2204955383E-03    0.6464768926E-20    0.5092329348E-03
 CPU wall time in this step:   3.4024361000000169E-002
 Averaged CPU wall time is:   3.4486637743169402E-002
   GS iter           1  res=   1.2505552149377763E-012  Ts(1,1,1)=   799.99500002499974       Ts(nx-1,ny-1,1)=   359.72744912491481     
   GS iter           2  res=   1.4779288903810084E-012  Ts(1,1,1)=   799.99500002499963       Ts(nx-1,ny-1,1)=   359.72744912491493     
   GS iter           3  res=   9.0949470177292824E-013  Ts(1,1,1)=   799.99500002499974       Ts(nx-1,ny-1,1)=   359.72744912491476     
   GS iter           4  res=   6.8212102632969618E-013  Ts(1,1,1)=   799.99500002499963       Ts(nx-1,ny-1,1)=   359.72744912491487     
   GS iter           5  res=   1.2505552149377763E-012  Ts(1,1,1)=   799.99500002499974       Ts(nx-1,ny-1,1)=   359.72744912491476     
 Solid solver Block           2  GS iterations:         100  final res:   1.3642420526593924E-012
   DBG: Ts(1,1,1)=   799.99500002499963       Ts(nx/2,ny/2,1)=   798.12501724812796       Ts(nx-1,ny-1,1)=   359.72744912491464     
 --------------Force and Moment -----------------------------
 Total Force Coefficient (CL, CD, CS) =
  -3.0546633426141598E-006   1.3529213110249165        1.3955588272121536E-023
 Total Moment Coefficient(CMx, CMy, CMz)=
  0.33823032775622924       -7.6366583563282958E-007 -0.66911883692768426     
 Kstep, t=         184   184.00000000000000     
 ----------The Max Residuals are--------  ---Mesh---           1
    0.5615957439E-02    0.1850033653E-04    0.3379020051E-02    0.1084637125E-18    0.6832418007E-02
   The R.M.S Residuals are 
    0.4722328909E-03    0.3440207903E-06    0.2868775251E-03    0.6741871526E-20    0.5680507877E-03
 CPU wall time in this step:   3.2126040999999717E-002
 Averaged CPU wall time is:   3.4473808413043476E-002
   GS iter           1  res=   1.0231815394945443E-012  Ts(1,1,1)=   799.99500002499974       Ts(nx-1,ny-1,1)=   359.72744912491498     
   GS iter           2  res=   1.0231815394945443E-012  Ts(1,1,1)=   799.99500002499963       Ts(nx-1,ny-1,1)=   359.72744912491493     
   GS iter           3  res=   9.0949470177292824E-013  Ts(1,1,1)=   799.99500002499974       Ts(nx-1,ny-1,1)=   359.72744912491476     
   GS iter           4  res=   1.1368683772161603E-012  Ts(1,1,1)=   799.99500002499963       Ts(nx-1,ny-1,1)=   359.72744912491487     
   GS iter           5  res=   1.5916157281026244E-012  Ts(1,1,1)=   799.99500002499974       Ts(nx-1,ny-1,1)=   359.72744912491476     
 Solid solver Block           2  GS iterations:         100  final res:   1.0231815394945443E-012
   DBG: Ts(1,1,1)=   799.99500002499963       Ts(nx/2,ny/2,1)=   798.12501724812796       Ts(nx-1,ny-1,1)=   359.72744912491498     
 --------------Force and Moment -----------------------------
 Total Force Coefficient (CL, CD, CS) =
  -3.0761504909522070E-006   1.3530085944112207        1.5591006421803084E-023
 Total Moment Coefficient(CMx, CMy, CMz)=
  0.33825214860280495       -7.6903762271733977E-007 -0.66919570806245288     
 Kstep, t=         185   185.00000000000000     
 ----------The Max Residuals are--------  ---Mesh---           1
    0.5062240034E-02    0.1412438085E-04    0.3421798465E-02    0.1084511055E-18    0.6566283730E-02
   The R.M.S Residuals are 
    0.4294656465E-03    0.3502995599E-06    0.2625759084E-03    0.6505456048E-20    0.5266106808E-03
 CPU wall time in this step:   3.7928864000000395E-002
 Averaged CPU wall time is:   3.4492484389189192E-002
   GS iter           1  res=   7.9580786405131221E-013  Ts(1,1,1)=   799.99500002499974       Ts(nx-1,ny-1,1)=   359.72744912491481     
   GS iter           2  res=   7.9580786405131221E-013  Ts(1,1,1)=   799.99500002499963       Ts(nx-1,ny-1,1)=   359.72744912491481     
   GS iter           3  res=   1.0231815394945443E-012  Ts(1,1,1)=   799.99500002499974       Ts(nx-1,ny-1,1)=   359.72744912491470     
   GS iter           4  res=   1.0231815394945443E-012  Ts(1,1,1)=   799.99500002499963       Ts(nx-1,ny-1,1)=   359.72744912491487     
   GS iter           5  res=   9.0949470177292824E-013  Ts(1,1,1)=   799.99500002499974       Ts(nx-1,ny-1,1)=   359.72744912491476     
 Solid solver Block           2  GS iterations:         100  final res:   9.0949470177292824E-013
   DBG: Ts(1,1,1)=   799.99500002499963       Ts(nx/2,ny/2,1)=   798.12501724812796       Ts(nx-1,ny-1,1)=   359.72744912491487     
 --------------Force and Moment -----------------------------
 Total Force Coefficient (CL, CD, CS) =
  -3.0976525265374593E-006   1.3530945804967975        1.7275325190718509E-023
 Total Moment Coefficient(CMx, CMy, CMz)=
  0.33827364512419961       -7.7441313161365159E-007 -0.66927168242987833     
 Kstep, t=         186   186.00000000000000     
 ----------The Max Residuals are--------  ---Mesh---           1
    0.4030353073E-02    0.1970407761E-04    0.2051096593E-02    0.1220115204E-18    0.4474328828E-02
   The R.M.S Residuals are 
    0.4115344734E-03    0.3696968494E-06    0.1812102049E-03    0.6913063628E-20    0.4664627139E-03
 CPU wall time in this step:   3.1172891999999841E-002
 Averaged CPU wall time is:   3.4474637118279569E-002
   GS iter           1  res=   9.0949470177292824E-013  Ts(1,1,1)=   799.99500002499974       Ts(nx-1,ny-1,1)=   359.72744912491487     
   GS iter           2  res=   1.2505552149377763E-012  Ts(1,1,1)=   799.99500002499963       Ts(nx-1,ny-1,1)=   359.72744912491464     
   GS iter           3  res=   9.0949470177292824E-013  Ts(1,1,1)=   799.99500002499974       Ts(nx-1,ny-1,1)=   359.72744912491487     
   GS iter           4  res=   1.2505552149377763E-012  Ts(1,1,1)=   799.99500002499963       Ts(nx-1,ny-1,1)=   359.72744912491476     
   GS iter           5  res=   7.9580786405131221E-013  Ts(1,1,1)=   799.99500002499974       Ts(nx-1,ny-1,1)=   359.72744912491487     
 Solid solver Block           2  GS iterations:         100  final res:   1.0231815394945443E-012
   DBG: Ts(1,1,1)=   799.99500002499963       Ts(nx/2,ny/2,1)=   798.12501724812796       Ts(nx-1,ny-1,1)=   359.72744912491487     
 --------------Force and Moment -----------------------------
 Total Force Coefficient (CL, CD, CS) =
  -3.1191694088806832E-006   1.3531792588541822        1.8310573615056601E-023
 Total Moment Coefficient(CMx, CMy, CMz)=
  0.33829481471354550       -7.7979235219945617E-007 -0.66934675077513150     
 Kstep, t=         187   187.00000000000000     
 ----------The Max Residuals are--------  ---Mesh---           1
    0.5391951601E-02    0.2319974098E-04    0.2878571161E-02    0.1084054242E-18    0.6289358648E-02
   The R.M.S Residuals are 
    0.4722675303E-03    0.3907480853E-06    0.2506566533E-03    0.6557855600E-20    0.5458000939E-03
 CPU wall time in this step:   3.2629358999999525E-002
 Averaged CPU wall time is:   3.4464769320855612E-002
   GS iter           1  res=   9.0949470177292824E-013  Ts(1,1,1)=   799.99500002499974       Ts(nx-1,ny-1,1)=   359.72744912491476     
   GS iter           2  res=   1.0231815394945443E-012  Ts(1,1,1)=   799.99500002499963       Ts(nx-1,ny-1,1)=   359.72744912491487     
   GS iter           3  res=   1.0231815394945443E-012  Ts(1,1,1)=   799.99500002499974       Ts(nx-1,ny-1,1)=   359.72744912491476     
   GS iter           4  res=   9.0949470177292824E-013  Ts(1,1,1)=   799.99500002499963       Ts(nx-1,ny-1,1)=   359.72744912491487     
   GS iter           5  res=   9.0949470177292824E-013  Ts(1,1,1)=   799.99500002499974       Ts(nx-1,ny-1,1)=   359.72744912491476     
 Solid solver Block           2  GS iterations:         100  final res:   1.0231815394945443E-012
   DBG: Ts(1,1,1)=   799.99500002499963       Ts(nx/2,ny/2,1)=   798.12501724812796       Ts(nx-1,ny-1,1)=   359.72744912491481     
 --------------Force and Moment -----------------------------
 Total Force Coefficient (CL, CD, CS) =
  -3.1407011000561253E-006   1.3532626230239688        1.9650671206832581E-023
 Total Moment Coefficient(CMx, CMy, CMz)=
  0.33831565575599215       -7.8517527499331554E-007 -0.66942090584372682     
 Kstep, t=         188   188.00000000000000     
 ----------The Max Residuals are--------  ---Mesh---           1
    0.5524365252E-02    0.2195265365E-04    0.3562315433E-02    0.9486298270E-19    0.6896202377E-02
   The R.M.S Residuals are 
    0.4694475920E-03    0.3988619534E-06    0.3000542395E-03    0.6574989716E-20    0.5742952020E-03
 CPU wall time in this step:   3.3290694000000620E-002
 Averaged CPU wall time is:   3.4458524239361701E-002
   GS iter           1  res=   1.0231815394945443E-012  Ts(1,1,1)=   799.99500002499974       Ts(nx-1,ny-1,1)=   359.72744912491481     
   GS iter           2  res=   1.3642420526593924E-012  Ts(1,1,1)=   799.99500002499963       Ts(nx-1,ny-1,1)=   359.72744912491481     
   GS iter           3  res=   7.9580786405131221E-013  Ts(1,1,1)=   799.99500002499974       Ts(nx-1,ny-1,1)=   359.72744912491481     
   GS iter           4  res=   1.0231815394945443E-012  Ts(1,1,1)=   799.99500002499963       Ts(nx-1,ny-1,1)=   359.72744912491493     
   GS iter           5  res=   1.2505552149377763E-012  Ts(1,1,1)=   799.99500002499974       Ts(nx-1,ny-1,1)=   359.72744912491476     
 Solid solver Block           2  GS iterations:         100  final res:   1.0231815394945443E-012
   DBG: Ts(1,1,1)=   799.99500002499963       Ts(nx/2,ny/2,1)=   798.12501724812796       Ts(nx-1,ny-1,1)=   359.72744912491504     
 --------------Force and Moment -----------------------------
 Total Force Coefficient (CL, CD, CS) =
  -3.1622475652063940E-006   1.3533446709556254        1.9657984712458302E-023
 Total Moment Coefficient(CMx, CMy, CMz)=
  0.33833616773890662       -7.9056189128088135E-007 -0.66949414243420935     
 Kstep, t=         189   189.00000000000000     
 ----------The Max Residuals are--------  ---Mesh---           1
    0.4303261621E-02    0.1679316388E-04    0.2918361865E-02    0.1084312201E-18    0.5773038522E-02
   The R.M.S Residuals are 
    0.4122846871E-03    0.4039683668E-06    0.2323705350E-03    0.6669282347E-20    0.4975785814E-03
 CPU wall time in this step:   3.3160380999999184E-002
 Averaged CPU wall time is:   3.4451655756613755E-002
   GS iter           1  res=   7.9580786405131221E-013  Ts(1,1,1)=   799.99500002499974       Ts(nx-1,ny-1,1)=   359.72744912491476     
   GS iter           2  res=   9.0949470177292824E-013  Ts(1,1,1)=   799.99500002499963       Ts(nx-1,ny-1,1)=   359.72744912491487     
   GS iter           3  res=   7.9580786405131221E-013  Ts(1,1,1)=   799.99500002499974       Ts(nx-1,ny-1,1)=   359.72744912491487     
   GS iter           4  res=   1.2505552149377763E-012  Ts(1,1,1)=   799.99500002499963       Ts(nx-1,ny-1,1)=   359.72744912491476     
   GS iter           5  res=   1.0231815394945443E-012  Ts(1,1,1)=   799.99500002499974       Ts(nx-1,ny-1,1)=   359.72744912491487     
 Solid solver Block           2  GS iterations:         100  final res:   9.0949470177292824E-013
   DBG: Ts(1,1,1)=   799.99500002499963       Ts(nx/2,ny/2,1)=   798.12501724812796       Ts(nx-1,ny-1,1)=   359.72744912491476     
 --------------Force and Moment -----------------------------
 Total Force Coefficient (CL, CD, CS) =
  -3.1838087732612299E-006   1.3534254055866182        1.9105586488936551E-023
 Total Moment Coefficient(CMx, CMy, CMz)=
  0.33835635139665443       -7.9595219329458916E-007 -0.66956645758303490     
 Kstep, t=         190   190.00000000000000     
 ----------The Max Residuals are--------  ---Mesh---           1
    0.4716049918E-02    0.2289052237E-04    0.2114531003E-02    0.1219887315E-18    0.5182446766E-02
   The R.M.S Residuals are 
    0.4298233146E-03    0.4239687901E-06    0.1868716936E-03    0.6911042773E-20    0.4816916894E-03
 CPU wall time in this step:   3.8028133000000075E-002
 Averaged CPU wall time is:   3.4470479321052627E-002
   GS iter           1  res=   1.1368683772161603E-012  Ts(1,1,1)=   799.99500002499974       Ts(nx-1,ny-1,1)=   359.72744912491487     
   GS iter           2  res=   7.9580786405131221E-013  Ts(1,1,1)=   799.99500002499963       Ts(nx-1,ny-1,1)=   359.72744912491487     
   GS iter           3  res=   1.0231815394945443E-012  Ts(1,1,1)=   799.99500002499974       Ts(nx-1,ny-1,1)=   359.72744912491476     
   GS iter           4  res=   1.0231815394945443E-012  Ts(1,1,1)=   799.99500002499963       Ts(nx-1,ny-1,1)=   359.72744912491487     
   GS iter           5  res=   9.0949470177292824E-013  Ts(1,1,1)=   799.99500002499974       Ts(nx-1,ny-1,1)=   359.72744912491487     
 Solid solver Block           2  GS iterations:         100  final res:   9.0949470177292824E-013
   DBG: Ts(1,1,1)=   799.99500002499963       Ts(nx/2,ny/2,1)=   798.12501724812796       Ts(nx-1,ny-1,1)=   359.72744912491487     
 --------------Force and Moment -----------------------------
 Total Force Coefficient (CL, CD, CS) =
  -3.2053846979658379E-006   1.3535048354855079        2.1478918903476686E-023
 Total Moment Coefficient(CMx, CMy, CMz)=
  0.33837620887137687       -8.0134617447073989E-007 -0.66963785084543048     
 Kstep, t=         191   191.00000000000000     
 ----------The Max Residuals are--------  ---Mesh---           1
    0.5688615101E-02    0.2720287107E-04    0.3455984960E-02    0.1084701735E-18    0.6940276005E-02
   The R.M.S Residuals are 
    0.4865696027E-03    0.4518063474E-06    0.2817329058E-03    0.6909624726E-20    0.5753119704E-03
 CPU wall time in this step:   3.3696238000000100E-002
 Averaged CPU wall time is:   3.4466425701570678E-002
   GS iter           1  res=   1.0231815394945443E-012  Ts(1,1,1)=   799.99500002499974       Ts(nx-1,ny-1,1)=   359.72744912491464     
   GS iter           2  res=   1.1368683772161603E-012  Ts(1,1,1)=   799.99500002499963       Ts(nx-1,ny-1,1)=   359.72744912491498     
   GS iter           3  res=   1.1368683772161603E-012  Ts(1,1,1)=   799.99500002499974       Ts(nx-1,ny-1,1)=   359.72744912491493     
   GS iter           4  res=   9.0949470177292824E-013  Ts(1,1,1)=   799.99500002499963       Ts(nx-1,ny-1,1)=   359.72744912491476     
   GS iter           5  res=   9.0949470177292824E-013  Ts(1,1,1)=   799.99500002499974       Ts(nx-1,ny-1,1)=   359.72744912491487     
 Solid solver Block           2  GS iterations:         100  final res:   1.0231815394945443E-012
   DBG: Ts(1,1,1)=   799.99500002499963       Ts(nx/2,ny/2,1)=   798.12501724812796       Ts(nx-1,ny-1,1)=   359.72744912491487     
 --------------Force and Moment -----------------------------
 Total Force Coefficient (CL, CD, CS) =
  -3.2269753192618989E-006   1.3535829754757156        2.3324781517150696E-023
 Total Moment Coefficient(CMx, CMy, CMz)=
  0.33839574386892896       -8.0674382979475397E-007 -0.66970832462625784     
 Kstep, t=         192   192.00000000000000     
 ----------The Max Residuals are--------  ---Mesh---           1
    0.5087484235E-02    0.2575915647E-04    0.3448456032E-02    0.1219842495E-18    0.6606344795E-02
   The R.M.S Residuals are 
    0.4550334057E-03    0.4619064511E-06    0.2910957670E-03    0.6680548766E-20    0.5603923375E-03
 CPU wall time in this step:   3.3436645000000098E-002
 Averaged CPU wall time is:   3.4461062260416668E-002
   GS iter           1  res=   1.1368683772161603E-012  Ts(1,1,1)=   799.99500002499974       Ts(nx-1,ny-1,1)=   359.72744912491464     
   GS iter           2  res=   1.1368683772161603E-012  Ts(1,1,1)=   799.99500002499963       Ts(nx-1,ny-1,1)=   359.72744912491487     
   GS iter           3  res=   1.0231815394945443E-012  Ts(1,1,1)=   799.99500002499974       Ts(nx-1,ny-1,1)=   359.72744912491487     
   GS iter           4  res=   1.2505552149377763E-012  Ts(1,1,1)=   799.99500002499963       Ts(nx-1,ny-1,1)=   359.72744912491476     
   GS iter           5  res=   1.0231815394945443E-012  Ts(1,1,1)=   799.99500002499974       Ts(nx-1,ny-1,1)=   359.72744912491487     
 Solid solver Block           2  GS iterations:         100  final res:   1.1368683772161603E-012
   DBG: Ts(1,1,1)=   799.99500002499963       Ts(nx/2,ny/2,1)=   798.12501724812796       Ts(nx-1,ny-1,1)=   359.72744912491487     
 --------------Force and Moment -----------------------------
 Total Force Coefficient (CL, CD, CS) =
  -3.2485806249972781E-006   1.3536598471549763        2.0899578735762676E-023
 Total Moment Coefficient(CMx, CMy, CMz)=
  0.33841496178874370       -8.1214515622859760E-007 -0.66977788450999565     
 Kstep, t=         193   193.00000000000000     
 ----------The Max Residuals are--------  ---Mesh---           1
    0.3779003098E-02    0.1949604788E-04    0.2300436495E-02    0.1084206206E-18    0.4698533779E-02
   The R.M.S Residuals are 
    0.4112388637E-03    0.4638826089E-06    0.2049417972E-03    0.6620700810E-20    0.4791604403E-03
 CPU wall time in this step:   3.3391549000000076E-002
 Averaged CPU wall time is:   3.4455520740932645E-002
   GS iter           1  res=   1.0231815394945443E-012  Ts(1,1,1)=   799.99500002499974       Ts(nx-1,ny-1,1)=   359.72744912491487     
   GS iter           2  res=   9.0949470177292824E-013  Ts(1,1,1)=   799.99500002499963       Ts(nx-1,ny-1,1)=   359.72744912491487     
   GS iter           3  res=   9.0949470177292824E-013  Ts(1,1,1)=   799.99500002499974       Ts(nx-1,ny-1,1)=   359.72744912491476     
   GS iter           4  res=   7.9580786405131221E-013  Ts(1,1,1)=   799.99500002499963       Ts(nx-1,ny-1,1)=   359.72744912491487     
   GS iter           5  res=   1.1368683772161603E-012  Ts(1,1,1)=   799.99500002499974       Ts(nx-1,ny-1,1)=   359.72744912491476     
 Solid solver Block           2  GS iterations:         100  final res:   1.1368683772161603E-012
   DBG: Ts(1,1,1)=   799.99500002499963       Ts(nx/2,ny/2,1)=   798.12501724812796       Ts(nx-1,ny-1,1)=   359.72744912491476     
 --------------Force and Moment -----------------------------
 Total Force Coefficient (CL, CD, CS) =
  -3.2702006128822193E-006   1.3537354792312719        2.2875099235489588E-023
 Total Moment Coefficient(CMx, CMy, CMz)=
  0.33843386980781803       -8.1755015319983184E-007 -0.66984653953902629     
 Kstep, t=         194   194.00000000000000     
 ----------The Max Residuals are--------  ---Mesh---           1
    0.5525167319E-02    0.2689536242E-04    0.3010137107E-02    0.9486178459E-19    0.6487315589E-02
   The R.M.S Residuals are 
    0.4577625892E-03    0.4877619457E-06    0.2281267705E-03    0.6389610336E-20    0.5247896386E-03
 CPU wall time in this step:   3.1609955999999606E-002
 Averaged CPU wall time is:   3.4440852881443294E-002
   GS iter           1  res=   9.0949470177292824E-013  Ts(1,1,1)=   799.99500002499974       Ts(nx-1,ny-1,1)=   359.72744912491487     
   GS iter           2  res=   1.0231815394945443E-012  Ts(1,1,1)=   799.99500002499963       Ts(nx-1,ny-1,1)=   359.72744912491487     
   GS iter           3  res=   9.0949470177292824E-013  Ts(1,1,1)=   799.99500002499974       Ts(nx-1,ny-1,1)=   359.72744912491476     
   GS iter           4  res=   9.0949470177292824E-013  Ts(1,1,1)=   799.99500002499963       Ts(nx-1,ny-1,1)=   359.72744912491487     
   GS iter           5  res=   9.0949470177292824E-013  Ts(1,1,1)=   799.99500002499974       Ts(nx-1,ny-1,1)=   359.72744912491476     
 Solid solver Block           2  GS iterations:         100  final res:   1.2505552149377763E-012
   DBG: Ts(1,1,1)=   799.99500002499963       Ts(nx/2,ny/2,1)=   798.12501724812796       Ts(nx-1,ny-1,1)=   359.72744912491476     
 --------------Force and Moment -----------------------------
 Total Force Coefficient (CL, CD, CS) =
  -3.2918352925514143E-006   1.3538099076085865        2.4461867141743589E-023
 Total Moment Coefficient(CMx, CMy, CMz)=
  0.33845247690214714       -8.2295882311712933E-007 -0.66991430239429461     
 Kstep, t=         195   195.00000000000000     
 ----------The Max Residuals are--------  ---Mesh---           1
    0.5547078775E-02    0.3186316265E-04    0.3598121866E-02    0.1084080732E-18    0.6937706622E-02
   The R.M.S Residuals are 
    0.4792424208E-03    0.5236447782E-06    0.2917186470E-03    0.6464464819E-20    0.5763383105E-03
 CPU wall time in this step:   3.0664808000000932E-002
 Averaged CPU wall time is:   3.4421488548717953E-002
   GS iter           1  res=   1.0231815394945443E-012  Ts(1,1,1)=   799.99500002499974       Ts(nx-1,ny-1,1)=   359.72744912491487     
   GS iter           2  res=   1.1368683772161603E-012  Ts(1,1,1)=   799.99500002499963       Ts(nx-1,ny-1,1)=   359.72744912491498     
   GS iter           3  res=   1.1368683772161603E-012  Ts(1,1,1)=   799.99500002499974       Ts(nx-1,ny-1,1)=   359.72744912491470     
   GS iter           4  res=   1.2505552149377763E-012  Ts(1,1,1)=   799.99500002499963       Ts(nx-1,ny-1,1)=   359.72744912491487     
   GS iter           5  res=   1.0231815394945443E-012  Ts(1,1,1)=   799.99500002499974       Ts(nx-1,ny-1,1)=   359.72744912491476     
 Solid solver Block           2  GS iterations:         100  final res:   9.0949470177292824E-013
   DBG: Ts(1,1,1)=   799.99500002499963       Ts(nx/2,ny/2,1)=   798.12501724812796       Ts(nx-1,ny-1,1)=   359.72744912491476     
 --------------Force and Moment -----------------------------
 Total Force Coefficient (CL, CD, CS) =
  -3.3134846875488360E-006   1.3538831751739155        2.6513908376005632E-023
 Total Moment Coefficient(CMx, CMy, CMz)=
  0.33847079379347872       -8.2837117186648369E-007 -0.66998118944137097     
 Kstep, t=         196   196.00000000000000     
 ----------The Max Residuals are--------  ---Mesh---           1
    0.4732542737E-02    0.2991434074E-04    0.2921182052E-02    0.9486310996E-19    0.5733804817E-02
   The R.M.S Residuals are 
    0.4374346436E-03    0.5328028723E-06    0.2578932185E-03    0.6779337082E-20    0.5277694395E-03
 CPU wall time in this step:   3.0808193999999567E-002
 Averaged CPU wall time is:   3.4403053372448977E-002
   GS iter           1  res=   1.1368683772161603E-012  Ts(1,1,1)=   799.99500002499974       Ts(nx-1,ny-1,1)=   359.72744912491487     
   GS iter           2  res=   9.0949470177292824E-013  Ts(1,1,1)=   799.99500002499963       Ts(nx-1,ny-1,1)=   359.72744912491476     
   GS iter           3  res=   9.0949470177292824E-013  Ts(1,1,1)=   799.99500002499974       Ts(nx-1,ny-1,1)=   359.72744912491487     
   GS iter           4  res=   1.1368683772161603E-012  Ts(1,1,1)=   799.99500002499963       Ts(nx-1,ny-1,1)=   359.72744912491476     
   GS iter           5  res=   1.0231815394945443E-012  Ts(1,1,1)=   799.99500002499974       Ts(nx-1,ny-1,1)=   359.72744912491487     
 Solid solver Block           2  GS iterations:         100  final res:   9.0949470177292824E-013
   DBG: Ts(1,1,1)=   799.99500002499963       Ts(nx/2,ny/2,1)=   798.12501724812796       Ts(nx-1,ny-1,1)=   359.72744912491498     
 --------------Force and Moment -----------------------------
 Total Force Coefficient (CL, CD, CS) =
  -3.3351488370239465E-006   1.3539553312595125        2.6205397278269123E-023
 Total Moment Coefficient(CMx, CMy, CMz)=
  0.33848883281487818       -8.3378720923526016E-007 -0.67004722061710775     
 Kstep, t=         197   197.00000000000000     
 ----------The Max Residuals are--------  ---Mesh---           1
    0.4936274672E-02    0.2209060627E-04    0.2306643410E-02    0.1084089370E-18    0.5499482746E-02
   The R.M.S Residuals are 
    0.4346224525E-03    0.5314141024E-06    0.2175984532E-03    0.6718989338E-20    0.5023736562E-03
 CPU wall time in this step:   3.1110827000000008E-002
 Averaged CPU wall time is:   3.4386341563451779E-002
   GS iter           1  res=   6.8212102632969618E-013  Ts(1,1,1)=   799.99500002499974       Ts(nx-1,ny-1,1)=   359.72744912491493     
   GS iter           2  res=   1.0231815394945443E-012  Ts(1,1,1)=   799.99500002499963       Ts(nx-1,ny-1,1)=   359.72744912491476     
   GS iter           3  res=   1.2505552149377763E-012  Ts(1,1,1)=   799.99500002499974       Ts(nx-1,ny-1,1)=   359.72744912491464     
   GS iter           4  res=   9.0949470177292824E-013  Ts(1,1,1)=   799.99500002499963       Ts(nx-1,ny-1,1)=   359.72744912491476     
   GS iter           5  res=   1.0231815394945443E-012  Ts(1,1,1)=   799.99500002499974       Ts(nx-1,ny-1,1)=   359.72744912491510     
 Solid solver Block           2  GS iterations:         100  final res:   1.0231815394945443E-012
   DBG: Ts(1,1,1)=   799.99500002499963       Ts(nx/2,ny/2,1)=   798.12501724812796       Ts(nx-1,ny-1,1)=   359.72744912491470     
 --------------Force and Moment -----------------------------
 Total Force Coefficient (CL, CD, CS) =
  -3.3568277969232602E-006   1.3540264307789778        2.9424577888056122E-023
 Total Moment Coefficient(CMx, CMy, CMz)=
  0.33850660769474455       -8.3920694921008773E-007 -0.67011241914615416     
 Kstep, t=         198   198.00000000000000     
 ----------The Max Residuals are--------  ---Mesh---           1
    0.5730244600E-02    0.3193607648E-04    0.3554251846E-02    0.8134453834E-19    0.7040764880E-02
   The R.M.S Residuals are 
    0.4686965894E-03    0.5650043736E-06    0.2619526399E-03    0.6341736792E-20    0.5520345928E-03
 CPU wall time in this step:   3.8145113999999758E-002
 Averaged CPU wall time is:   3.4405325262626262E-002
   GS iter           1  res=   9.0949470177292824E-013  Ts(1,1,1)=   799.99500002499974       Ts(nx-1,ny-1,1)=   359.72744912491487     
   GS iter           2  res=   1.1368683772161603E-012  Ts(1,1,1)=   799.99500002499963       Ts(nx-1,ny-1,1)=   359.72744912491464     
   GS iter           3  res=   1.1368683772161603E-012  Ts(1,1,1)=   799.99500002499974       Ts(nx-1,ny-1,1)=   359.72744912491476     
   GS iter           4  res=   7.9580786405131221E-013  Ts(1,1,1)=   799.99500002499963       Ts(nx-1,ny-1,1)=   359.72744912491510     
   GS iter           5  res=   1.0231815394945443E-012  Ts(1,1,1)=   799.99500002499974       Ts(nx-1,ny-1,1)=   359.72744912491487     
 Solid solver Block           2  GS iterations:         100  final res:   1.0231815394945443E-012
   DBG: Ts(1,1,1)=   799.99500002499963       Ts(nx/2,ny/2,1)=   798.12501724812796       Ts(nx-1,ny-1,1)=   359.72744912491476     
 --------------Force and Moment -----------------------------
 Total Force Coefficient (CL, CD, CS) =
  -3.3785216404767454E-006   1.3540965330609955        2.8106664538278764E-023
 Total Moment Coefficient(CMx, CMy, CMz)=
  0.33852413326524883       -8.4463041009845775E-007 -0.67017681109138250     
 Kstep, t=         199   199.00000000000000     
 ----------The Max Residuals are--------  ---Mesh---           1
    0.5030511339E-02    0.3723843970E-04    0.3425371690E-02    0.9492850930E-19    0.6562607471E-02
   The R.M.S Residuals are 
    0.4616710104E-03    0.6069094641E-06    0.2754736389E-03    0.6513110447E-20    0.5561960565E-03
 CPU wall time in this step:   3.5300338999999958E-002
 Averaged CPU wall time is:   3.4409822819095479E-002
   GS iter           1  res=   1.1368683772161603E-012  Ts(1,1,1)=   799.99500002499974       Ts(nx-1,ny-1,1)=   359.72744912491487     
   GS iter           2  res=   1.2505552149377763E-012  Ts(1,1,1)=   799.99500002499963       Ts(nx-1,ny-1,1)=   359.72744912491510     
   GS iter           3  res=   1.1368683772161603E-012  Ts(1,1,1)=   799.99500002499974       Ts(nx-1,ny-1,1)=   359.72744912491487     
   GS iter           4  res=   9.0949470177292824E-013  Ts(1,1,1)=   799.99500002499963       Ts(nx-1,ny-1,1)=   359.72744912491476     
   GS iter           5  res=   1.2505552149377763E-012  Ts(1,1,1)=   799.99500002499974       Ts(nx-1,ny-1,1)=   359.72744912491487     
 Solid solver Block           2  GS iterations:         100  final res:   7.9580786405131221E-013
   DBG: Ts(1,1,1)=   799.99500002499963       Ts(nx/2,ny/2,1)=   798.12501724812796       Ts(nx-1,ny-1,1)=   359.72744912491487     
 --------------Force and Moment -----------------------------
 Total Force Coefficient (CL, CD, CS) =
  -3.4002304578172486E-006   1.3541657004280550        3.0178766344272548E-023
 Total Moment Coefficient(CMx, CMy, CMz)=
  0.33854142510701346       -8.5005761443358251E-007 -0.67024042475641310     
 Kstep, t=         200   200.00000000000000     
 ----------The Max Residuals are--------  ---Mesh---           1
    0.4757974581E-02    0.3432938575E-04    0.2961818494E-02    0.1083832635E-18    0.5788315751E-02
   The R.M.S Residuals are 
    0.4413597293E-03    0.6108236215E-06    0.2388798632E-03    0.6892578286E-20    0.5164262784E-03
 write flow3d.dat ......
 write flow3d.dat OK
 Output Ts to Ts_block_2.dat
 write VTK files ......
 write VTK files OK
 CPU wall time in this step:  0.18849825700000000     
 Averaged CPU wall time is:   3.5180264990000001E-002
   GS iter           1  res=   1.0231815394945443E-012  Ts(1,1,1)=   799.99500002499974       Ts(nx-1,ny-1,1)=   359.72744912491476     
   GS iter           2  res=   1.0231815394945443E-012  Ts(1,1,1)=   799.99500002499963       Ts(nx-1,ny-1,1)=   359.72744912491487     
   GS iter           3  res=   1.1368683772161603E-012  Ts(1,1,1)=   799.99500002499974       Ts(nx-1,ny-1,1)=   359.72744912491487     
   GS iter           4  res=   1.0231815394945443E-012  Ts(1,1,1)=   799.99500002499963       Ts(nx-1,ny-1,1)=   359.72744912491487     
   GS iter           5  res=   1.0231815394945443E-012  Ts(1,1,1)=   799.99500002499974       Ts(nx-1,ny-1,1)=   359.72744912491476     
 Solid solver Block           2  GS iterations:         100  final res:   1.3642420526593924E-012
   DBG: Ts(1,1,1)=   799.99500002499963       Ts(nx/2,ny/2,1)=   798.12501724812796       Ts(nx-1,ny-1,1)=   359.72744912491487     
 --------------Force and Moment -----------------------------
 Total Force Coefficient (CL, CD, CS) =
  -3.4219543546275623E-006   1.3542339965875723        3.1455093902885206E-023
 Total Moment Coefficient(CMx, CMy, CMz)=
  0.33855849914689312       -8.5548858863615987E-007 -0.67030328997079025     
 Kstep, t=         201   201.00000000000000     
 ----------The Max Residuals are--------  ---Mesh---           1
    0.5677552683E-02    0.2574091357E-04    0.3201516016E-02    0.1084293075E-18    0.6742790337E-02
   The R.M.S Residuals are 
    0.4618097748E-03    0.6101504088E-06    0.2573817105E-03    0.6923730640E-20    0.5461588982E-03
 CPU wall time in this step:   3.2049373000000436E-002
 Averaged CPU wall time is:   3.5164688412935324E-002
   GS iter           1  res=   1.2505552149377763E-012  Ts(1,1,1)=   799.99500002499974       Ts(nx-1,ny-1,1)=   359.72744912491476     
   GS iter           2  res=   1.0231815394945443E-012  Ts(1,1,1)=   799.99500002499963       Ts(nx-1,ny-1,1)=   359.72744912491487     
   GS iter           3  res=   1.7053025658242404E-012  Ts(1,1,1)=   799.99500002499974       Ts(nx-1,ny-1,1)=   359.72744912491487     
   GS iter           4  res=   9.0949470177292824E-013  Ts(1,1,1)=   799.99500002499963       Ts(nx-1,ny-1,1)=   359.72744912491476     
   GS iter           5  res=   1.0231815394945443E-012  Ts(1,1,1)=   799.99500002499974       Ts(nx-1,ny-1,1)=   359.72744912491487     
 Solid solver Block           2  GS iterations:         100  final res:   1.3642420526593924E-012
   DBG: Ts(1,1,1)=   799.99500002499963       Ts(nx/2,ny/2,1)=   798.12501724812796       Ts(nx-1,ny-1,1)=   359.72744912491487     
 --------------Force and Moment -----------------------------
 Total Force Coefficient (CL, CD, CS) =
  -3.4436934497814811E-006   1.3543014849179345        3.4772053792797427E-023
 Total Moment Coefficient(CMx, CMy, CMz)=
  0.33857537122948317       -8.6092336242463850E-007 -0.67036543729792608     
 Kstep, t=         202   202.00000000000000     
 ----------The Max Residuals are--------  ---Mesh---           1
    0.5517754613E-02    0.3824314511E-04    0.3608977306E-02    0.1355268628E-18    0.6936534738E-02
   The R.M.S Residuals are 
    0.4570765276E-03    0.6575362896E-06    0.2667668143E-03    0.6602893503E-20    0.5473862632E-03
 CPU wall time in this step:   3.1624198999999464E-002
 Averaged CPU wall time is:   3.5147161237623757E-002
   GS iter           1  res=   9.0949470177292824E-013  Ts(1,1,1)=   799.99500002499974       Ts(nx-1,ny-1,1)=   359.72744912491476     
   GS iter           2  res=   1.1368683772161603E-012  Ts(1,1,1)=   799.99500002499963       Ts(nx-1,ny-1,1)=   359.72744912491487     
   GS iter           3  res=   1.0231815394945443E-012  Ts(1,1,1)=   799.99500002499974       Ts(nx-1,ny-1,1)=   359.72744912491487     
   GS iter           4  res=   1.1368683772161603E-012  Ts(1,1,1)=   799.99500002499963       Ts(nx-1,ny-1,1)=   359.72744912491476     
   GS iter           5  res=   9.0949470177292824E-013  Ts(1,1,1)=   799.99500002499974       Ts(nx-1,ny-1,1)=   359.72744912491487     
 Solid solver Block           2  GS iterations:         100  final res:   9.0949470177292824E-013
   DBG: Ts(1,1,1)=   799.99500002499963       Ts(nx/2,ny/2,1)=   798.12501724812796       Ts(nx-1,ny-1,1)=   359.72744912491487     
 --------------Force and Moment -----------------------------
 Total Force Coefficient (CL, CD, CS) =
  -3.4654478720237168E-006   1.3543682267409167        3.5170835786882946E-023
 Total Moment Coefficient(CMx, CMy, CMz)=
  0.33859205668522890       -8.6636196798519638E-007 -0.67042689721207327     
 Kstep, t=         203   203.00000000000000     
 ----------The Max Residuals are--------  ---Mesh---           1
    0.5029611199E-02    0.4331569886E-04    0.2901236406E-02    0.1084071384E-18    0.5921159056E-02
   The R.M.S Residuals are 
    0.4475007996E-03    0.7002390467E-06    0.2388101037E-03    0.6760079255E-20    0.5237859659E-03
 CPU wall time in this step:   3.4483641000000453E-002
 Averaged CPU wall time is:   3.5143892665024629E-002
   GS iter           1  res=   1.0231815394945443E-012  Ts(1,1,1)=   799.99500002499974       Ts(nx-1,ny-1,1)=   359.72744912491476     
   GS iter           2  res=   9.0949470177292824E-013  Ts(1,1,1)=   799.99500002499963       Ts(nx-1,ny-1,1)=   359.72744912491487     
   GS iter           3  res=   6.8212102632969618E-013  Ts(1,1,1)=   799.99500002499974       Ts(nx-1,ny-1,1)=   359.72744912491487     
   GS iter           4  res=   1.3642420526593924E-012  Ts(1,1,1)=   799.99500002499963       Ts(nx-1,ny-1,1)=   359.72744912491487     
   GS iter           5  res=   9.0949470177292824E-013  Ts(1,1,1)=   799.99500002499974       Ts(nx-1,ny-1,1)=   359.72744912491498     
 Solid solver Block           2  GS iterations:         100  final res:   9.0949470177292824E-013
   DBG: Ts(1,1,1)=   799.99500002499963       Ts(nx/2,ny/2,1)=   798.12501724812796       Ts(nx-1,ny-1,1)=   359.72744912491498     
 --------------Force and Moment -----------------------------
 Total Force Coefficient (CL, CD, CS) =
  -3.4872177558126391E-006   1.3544342796744067        3.5555164837144953E-023
 Total Moment Coefficient(CMx, CMy, CMz)=
  0.33860856991860139       -8.7180443893242601E-007 -0.67048769929294294     
 Kstep, t=         204   204.00000000000000     
 ----------The Max Residuals are--------  ---Mesh---           1
    0.5225782738E-02    0.3877024588E-04    0.2991821067E-02    0.1083997542E-18    0.5938012165E-02
   The R.M.S Residuals are 
    0.4681099641E-03    0.6969781445E-06    0.2615109652E-03    0.6641801085E-20    0.5492359449E-03
 CPU wall time in this step:   3.1724301999999760E-002
 Averaged CPU wall time is:   3.5127129965686274E-002
   GS iter           1  res=   9.0949470177292824E-013  Ts(1,1,1)=   799.99500002499974       Ts(nx-1,ny-1,1)=   359.72744912491470     
   GS iter           2  res=   9.0949470177292824E-013  Ts(1,1,1)=   799.99500002499963       Ts(nx-1,ny-1,1)=   359.72744912491487     
   GS iter           3  res=   9.0949470177292824E-013  Ts(1,1,1)=   799.99500002499974       Ts(nx-1,ny-1,1)=   359.72744912491476     
   GS iter           4  res=   1.0231815394945443E-012  Ts(1,1,1)=   799.99500002499963       Ts(nx-1,ny-1,1)=   359.72744912491476     
   GS iter           5  res=   1.1368683772161603E-012  Ts(1,1,1)=   799.99500002499974       Ts(nx-1,ny-1,1)=   359.72744912491476     
 Solid solver Block           2  GS iterations:         100  final res:   1.2505552149377763E-012
   DBG: Ts(1,1,1)=   799.99500002499963       Ts(nx/2,ny/2,1)=   798.12501724812796       Ts(nx-1,ny-1,1)=   359.72744912491487     
 --------------Force and Moment -----------------------------
 Total Force Coefficient (CL, CD, CS) =
  -3.5090032365213688E-006   1.3544996961549107        3.9664034356045306E-023
 Total Moment Coefficient(CMx, CMy, CMz)=
  0.33862492403872746       -8.7725080910960735E-007 -0.67054787148517980     
 Kstep, t=         205   205.00000000000000     
 ----------The Max Residuals are--------  ---Mesh---           1
    0.5746088791E-02    0.3190074365E-04    0.3638344079E-02    0.8135789863E-19    0.7092345362E-02
   The R.M.S Residuals are 
    0.4627038314E-03    0.7047910417E-06    0.2802034091E-03    0.5887680279E-20    0.5600108215E-03
 CPU wall time in this step:   3.7221514000000511E-002
 Averaged CPU wall time is:   3.5137346473170732E-002
   GS iter           1  res=   1.1368683772161603E-012  Ts(1,1,1)=   799.99500002499974       Ts(nx-1,ny-1,1)=   359.72744912491476     
   GS iter           2  res=   9.0949470177292824E-013  Ts(1,1,1)=   799.99500002499963       Ts(nx-1,ny-1,1)=   359.72744912491510     
   GS iter           3  res=   1.0231815394945443E-012  Ts(1,1,1)=   799.99500002499974       Ts(nx-1,ny-1,1)=   359.72744912491476     
   GS iter           4  res=   9.0949470177292824E-013  Ts(1,1,1)=   799.99500002499963       Ts(nx-1,ny-1,1)=   359.72744912491510     
   GS iter           5  res=   1.2505552149377763E-012  Ts(1,1,1)=   799.99500002499974       Ts(nx-1,ny-1,1)=   359.72744912491487     
 Solid solver Block           2  GS iterations:         100  final res:   1.0231815394945443E-012
   DBG: Ts(1,1,1)=   799.99500002499963       Ts(nx/2,ny/2,1)=   798.12501724812796       Ts(nx-1,ny-1,1)=   359.72744912491487     
 --------------Force and Moment -----------------------------
 Total Force Coefficient (CL, CD, CS) =
  -3.5308044452512106E-006   1.3545645222090652        4.1380989188007119E-023
 Total Moment Coefficient(CMx, CMy, CMz)=
  0.33864113055226652       -8.8270111129206685E-007 -0.67060743946504742     
 Kstep, t=         206   206.00000000000000     
 ----------The Max Residuals are--------  ---Mesh---           1
    0.4905128460E-02    0.4589600807E-04    0.3355095191E-02    0.9487134554E-19    0.6443795201E-02
   The R.M.S Residuals are 
    0.4362615924E-03    0.7662162500E-06    0.2363224199E-03    0.6132903824E-20    0.5169473345E-03
 CPU wall time in this step:   3.1486804000000035E-002
 Averaged CPU wall time is:   3.5119625393203888E-002
   GS iter           1  res=   9.0949470177292824E-013  Ts(1,1,1)=   799.99500002499974       Ts(nx-1,ny-1,1)=   359.72744912491476     
   GS iter           2  res=   1.1368683772161603E-012  Ts(1,1,1)=   799.99500002499963       Ts(nx-1,ny-1,1)=   359.72744912491487     
   GS iter           3  res=   1.0231815394945443E-012  Ts(1,1,1)=   799.99500002499974       Ts(nx-1,ny-1,1)=   359.72744912491487     
   GS iter           4  res=   1.1368683772161603E-012  Ts(1,1,1)=   799.99500002499963       Ts(nx-1,ny-1,1)=   359.72744912491476     
   GS iter           5  res=   1.1368683772161603E-012  Ts(1,1,1)=   799.99500002499974       Ts(nx-1,ny-1,1)=   359.72744912491487     
 Solid solver Block           2  GS iterations:         100  final res:   1.0231815394945443E-012
   DBG: Ts(1,1,1)=   799.99500002499963       Ts(nx/2,ny/2,1)=   798.12501724812796       Ts(nx-1,ny-1,1)=   359.72744912491487     
 --------------Force and Moment -----------------------------
 Total Force Coefficient (CL, CD, CS) =
  -3.5526215035499385E-006   1.3546287965379187        4.2953118789411787E-023
 Total Moment Coefficient(CMx, CMy, CMz)=
  0.33865719913447939       -8.8815537586674789E-007 -0.67066642614901884     
 Kstep, t=         207   207.00000000000000     
 ----------The Max Residuals are--------  ---Mesh---           1
    0.5104248961E-02    0.4993581135E-04    0.2987946796E-02    0.9489378133E-19    0.5995406574E-02
   The R.M.S Residuals are 
    0.4616324147E-03    0.8026591655E-06    0.2335777383E-03    0.6257495466E-20    0.5281960962E-03
 CPU wall time in this step:   3.1587683999999783E-002
 Averaged CPU wall time is:   3.5102562874396136E-002
   GS iter           1  res=   9.0949470177292824E-013  Ts(1,1,1)=   799.99500002499974       Ts(nx-1,ny-1,1)=   359.72744912491476     
   GS iter           2  res=   1.3642420526593924E-012  Ts(1,1,1)=   799.99500002499963       Ts(nx-1,ny-1,1)=   359.72744912491487     
   GS iter           3  res=   1.1368683772161603E-012  Ts(1,1,1)=   799.99500002499974       Ts(nx-1,ny-1,1)=   359.72744912491487     
   GS iter           4  res=   1.0231815394945443E-012  Ts(1,1,1)=   799.99500002499963       Ts(nx-1,ny-1,1)=   359.72744912491476     
   GS iter           5  res=   9.0949470177292824E-013  Ts(1,1,1)=   799.99500002499974       Ts(nx-1,ny-1,1)=   359.72744912491476     
 Solid solver Block           2  GS iterations:         100  final res:   1.3642420526593924E-012
   DBG: Ts(1,1,1)=   799.99500002499963       Ts(nx/2,ny/2,1)=   798.12501724812796       Ts(nx-1,ny-1,1)=   359.72744912491498     
 --------------Force and Moment -----------------------------
 Total Force Coefficient (CL, CD, CS) =
  -3.5744545183441222E-006   1.3546925499586089        4.3656736702321119E-023
 Total Moment Coefficient(CMx, CMy, CMz)=
  0.33867313748965233       -8.9361362956529285E-007 -0.67072485136929139     
 Kstep, t=         208   208.00000000000000     
 ----------The Max Residuals are--------  ---Mesh---           1
    0.5794561925E-02    0.4295330195E-04    0.3406837256E-02    0.1084446092E-18    0.6978477719E-02
   The R.M.S Residuals are 
    0.4888659143E-03    0.7960494495E-06    0.2992699745E-03    0.6293277979E-20    0.5887475149E-03
 CPU wall time in this step:   3.5388310000000089E-002
 Averaged CPU wall time is:   3.5103936658653849E-002
   GS iter           1  res=   1.3642420526593924E-012  Ts(1,1,1)=   799.99500002499974       Ts(nx-1,ny-1,1)=   359.72744912491481     
   GS iter           2  res=   9.0949470177292824E-013  Ts(1,1,1)=   799.99500002499963       Ts(nx-1,ny-1,1)=   359.72744912491481     
   GS iter           3  res=   1.0231815394945443E-012  Ts(1,1,1)=   799.99500002499974       Ts(nx-1,ny-1,1)=   359.72744912491493     
   GS iter           4  res=   7.9580786405131221E-013  Ts(1,1,1)=   799.99500002499963       Ts(nx-1,ny-1,1)=   359.72744912491476     
   GS iter           5  res=   9.0949470177292824E-013  Ts(1,1,1)=   799.99500002499974       Ts(nx-1,ny-1,1)=   359.72744912491487     
 Solid solver Block           2  GS iterations:         100  final res:   9.0949470177292824E-013
   DBG: Ts(1,1,1)=   799.99500002499963       Ts(nx/2,ny/2,1)=   798.12501724812796       Ts(nx-1,ny-1,1)=   359.72744912491487     
 --------------Force and Moment -----------------------------
 Total Force Coefficient (CL, CD, CS) =
  -3.5963035773877310E-006   1.3547558052271933        4.2950574530500931E-023
 Total Moment Coefficient(CMx, CMy, CMz)=
  0.33868895130679794       -8.9907589432619399E-007 -0.67078273173046177     
 Kstep, t=         209   209.00000000000000     
 ----------The Max Residuals are--------  ---Mesh---           1
    0.5459730288E-02    0.4001286655E-04    0.3614617141E-02    0.1219882283E-18    0.6922741171E-02
   The R.M.S Residuals are 
    0.4416608821E-03    0.8182670542E-06    0.2690726640E-03    0.6457758364E-20    0.5402706716E-03
 CPU wall time in this step:   3.9323340000000151E-002
 Averaged CPU wall time is:   3.5124125191387565E-002
   GS iter           1  res=   1.3642420526593924E-012  Ts(1,1,1)=   799.99500002499974       Ts(nx-1,ny-1,1)=   359.72744912491476     
   GS iter           2  res=   9.0949470177292824E-013  Ts(1,1,1)=   799.99500002499963       Ts(nx-1,ny-1,1)=   359.72744912491487     
   GS iter           3  res=   1.0231815394945443E-012  Ts(1,1,1)=   799.99500002499974       Ts(nx-1,ny-1,1)=   359.72744912491487     
   GS iter           4  res=   9.0949470177292824E-013  Ts(1,1,1)=   799.99500002499963       Ts(nx-1,ny-1,1)=   359.72744912491476     
   GS iter           5  res=   9.0949470177292824E-013  Ts(1,1,1)=   799.99500002499974       Ts(nx-1,ny-1,1)=   359.72744912491487     
 Solid solver Block           2  GS iterations:         100  final res:   1.0231815394945443E-012
   DBG: Ts(1,1,1)=   799.99500002499963       Ts(nx/2,ny/2,1)=   798.12501724812796       Ts(nx-1,ny-1,1)=   359.72744912491487     
 --------------Force and Moment -----------------------------
 Total Force Coefficient (CL, CD, CS) =
  -3.6181687455002441E-006   1.3548185772447296        4.3980416155144322E-023
 Total Moment Coefficient(CMx, CMy, CMz)=
  0.33870464431118208       -9.0454218635432110E-007 -0.67084008065067413     
 Kstep, t=         210   210.00000000000000     
 ----------The Max Residuals are--------  ---Mesh---           1
    0.4880012678E-02    0.5499677320E-04    0.2517074358E-02    0.8131151615E-19    0.5493328372E-02
   The R.M.S Residuals are 
    0.4303621990E-03    0.8897278453E-06    0.1956724518E-03    0.6119684516E-20    0.4886608233E-03
 CPU wall time in this step:   3.2622263999999568E-002
 Averaged CPU wall time is:   3.5112211566666669E-002
   GS iter           1  res=   1.4779288903810084E-012  Ts(1,1,1)=   799.99500002499974       Ts(nx-1,ny-1,1)=   359.72744912491487     
   GS iter           2  res=   1.2505552149377763E-012  Ts(1,1,1)=   799.99500002499963       Ts(nx-1,ny-1,1)=   359.72744912491476     
   GS iter           3  res=   9.0949470177292824E-013  Ts(1,1,1)=   799.99500002499974       Ts(nx-1,ny-1,1)=   359.72744912491487     
   GS iter           4  res=   1.2505552149377763E-012  Ts(1,1,1)=   799.99500002499963       Ts(nx-1,ny-1,1)=   359.72744912491487     
   GS iter           5  res=   9.0949470177292824E-013  Ts(1,1,1)=   799.99500002499974       Ts(nx-1,ny-1,1)=   359.72744912491476     
 Solid solver Block           2  GS iterations:         100  final res:   1.0231815394945443E-012
   DBG: Ts(1,1,1)=   799.99500002499963       Ts(nx/2,ny/2,1)=   798.12501724812796       Ts(nx-1,ny-1,1)=   359.72744912491487     
 --------------Force and Moment -----------------------------
 Total Force Coefficient (CL, CD, CS) =
  -3.6400500618194270E-006   1.3548808736286759        4.6229733350605909E-023
 Total Moment Coefficient(CMx, CMy, CMz)=
  0.33872021840716854       -9.1001251543411608E-007 -0.67089690858027229     
 Kstep, t=         211   211.00000000000000     
 ----------The Max Residuals are--------  ---Mesh---           1
    0.5514126121E-02    0.5694443460E-04    0.3047335673E-02    0.9489432204E-19    0.6397335585E-02
   The R.M.S Residuals are 
    0.4928462104E-03    0.9164462145E-06    0.2724734899E-03    0.6034328427E-20    0.5736484360E-03
 CPU wall time in this step:   3.1982036999999686E-002
 Averaged CPU wall time is:   3.5097376616113743E-002
   GS iter           1  res=   1.0231815394945443E-012  Ts(1,1,1)=   799.99500002499974       Ts(nx-1,ny-1,1)=   359.72744912491498     
   GS iter           2  res=   9.0949470177292824E-013  Ts(1,1,1)=   799.99500002499963       Ts(nx-1,ny-1,1)=   359.72744912491481     
   GS iter           3  res=   9.0949470177292824E-013  Ts(1,1,1)=   799.99500002499974       Ts(nx-1,ny-1,1)=   359.72744912491504     
   GS iter           4  res=   1.0231815394945443E-012  Ts(1,1,1)=   799.99500002499963       Ts(nx-1,ny-1,1)=   359.72744912491487     
   GS iter           5  res=   9.0949470177292824E-013  Ts(1,1,1)=   799.99500002499974       Ts(nx-1,ny-1,1)=   359.72744912491464     
 Solid solver Block           2  GS iterations:         100  final res:   9.0949470177292824E-013
   DBG: Ts(1,1,1)=   799.99500002499963       Ts(nx/2,ny/2,1)=   798.12501724812796       Ts(nx-1,ny-1,1)=   359.72744912491487     
 --------------Force and Moment -----------------------------
 Total Force Coefficient (CL, CD, CS) =
  -3.6619475382321598E-006   1.3549426956138173        4.8629938555615118E-023
 Total Moment Coefficient(CMx, CMy, CMz)=
  0.33873567390345427       -9.1548688453729833E-007 -0.67095322338206231     
 Kstep, t=         212   212.00000000000000     
 ----------The Max Residuals are--------  ---Mesh---           1
    0.5745243454E-02    0.4650065310E-04    0.3671905155E-02    0.1219846080E-18    0.7064983192E-02
   The R.M.S Residuals are 
    0.4779630251E-03    0.9123510092E-06    0.3115105734E-03    0.6525038644E-20    0.5890383993E-03
 CPU wall time in this step:   3.5197648000000470E-002
 Averaged CPU wall time is:   3.5097849594339627E-002
   GS iter           1  res=   9.0949470177292824E-013  Ts(1,1,1)=   799.99500002499974       Ts(nx-1,ny-1,1)=   359.72744912491476     
   GS iter           2  res=   1.0231815394945443E-012  Ts(1,1,1)=   799.99500002499963       Ts(nx-1,ny-1,1)=   359.72744912491487     
   GS iter           3  res=   1.0231815394945443E-012  Ts(1,1,1)=   799.99500002499974       Ts(nx-1,ny-1,1)=   359.72744912491476     
   GS iter           4  res=   9.0949470177292824E-013  Ts(1,1,1)=   799.99500002499963       Ts(nx-1,ny-1,1)=   359.72744912491487     
   GS iter           5  res=   9.0949470177292824E-013  Ts(1,1,1)=   799.99500002499974       Ts(nx-1,ny-1,1)=   359.72744912491476     
 Solid solver Block           2  GS iterations:         100  final res:   7.9580786405131221E-013
   DBG: Ts(1,1,1)=   799.99500002499963       Ts(nx/2,ny/2,1)=   798.12501724812796       Ts(nx-1,ny-1,1)=   359.72744912491487     
 --------------Force and Moment -----------------------------
 Total Force Coefficient (CL, CD, CS) =
  -3.6838611590768215E-006   1.3550040392326252        5.1569589706568636E-023
 Total Moment Coefficient(CMx, CMy, CMz)=
  0.33875100980815614       -9.2096528974846280E-007 -0.67100903085016983     
 Kstep, t=         213   213.00000000000000     
 ----------The Max Residuals are--------  ---Mesh---           1
    0.4705580367E-02    0.5037869772E-04    0.3218812808E-02    0.9486752982E-19    0.6231009972E-02
   The R.M.S Residuals are 
    0.4153007823E-03    0.9523366714E-06    0.2202819115E-03    0.6229537976E-20    0.4942055771E-03
 CPU wall time in this step:   3.5527393999999823E-002
 Averaged CPU wall time is:   3.5099866234741782E-002
   GS iter           1  res=   9.0949470177292824E-013  Ts(1,1,1)=   799.99500002499974       Ts(nx-1,ny-1,1)=   359.72744912491476     
   GS iter           2  res=   1.0231815394945443E-012  Ts(1,1,1)=   799.99500002499963       Ts(nx-1,ny-1,1)=   359.72744912491487     
   GS iter           3  res=   9.0949470177292824E-013  Ts(1,1,1)=   799.99500002499974       Ts(nx-1,ny-1,1)=   359.72744912491487     
   GS iter           4  res=   9.0949470177292824E-013  Ts(1,1,1)=   799.99500002499963       Ts(nx-1,ny-1,1)=   359.72744912491476     
   GS iter           5  res=   1.0231815394945443E-012  Ts(1,1,1)=   799.99500002499974       Ts(nx-1,ny-1,1)=   359.72744912491487     
 Solid solver Block           2  GS iterations:         100  final res:   9.0949470177292824E-013
   DBG: Ts(1,1,1)=   799.99500002499963       Ts(nx/2,ny/2,1)=   798.12501724812796       Ts(nx-1,ny-1,1)=   359.72744912491487     
 --------------Force and Moment -----------------------------
 Total Force Coefficient (CL, CD, CS) =
  -3.7057908821387829E-006   1.3550648967144590        5.1627028032244169E-023
 Total Moment Coefficient(CMx, CMy, CMz)=
  0.33876622417861496       -9.2644772051395230E-007 -0.67106433533933774     
 Kstep, t=         214   214.00000000000000     
 ----------The Max Residuals are--------  ---Mesh---           1
    0.5063795413E-02    0.6532989415E-04    0.2676123414E-02    0.1490811282E-18    0.5806179964E-02
   The R.M.S Residuals are 
    0.4584552322E-03    0.1028628557E-05    0.2094333966E-03    0.6609641272E-20    0.5147049891E-03
 CPU wall time in this step:   4.0742231000000295E-002
 Averaged CPU wall time is:   3.5126232425233647E-002
   GS iter           1  res=   7.9580786405131221E-013  Ts(1,1,1)=   799.99500002499974       Ts(nx-1,ny-1,1)=   359.72744912491476     
   GS iter           2  res=   1.0231815394945443E-012  Ts(1,1,1)=   799.99500002499963       Ts(nx-1,ny-1,1)=   359.72744912491487     
   GS iter           3  res=   9.0949470177292824E-013  Ts(1,1,1)=   799.99500002499974       Ts(nx-1,ny-1,1)=   359.72744912491476     
   GS iter           4  res=   9.0949470177292824E-013  Ts(1,1,1)=   799.99500002499963       Ts(nx-1,ny-1,1)=   359.72744912491487     
   GS iter           5  res=   9.0949470177292824E-013  Ts(1,1,1)=   799.99500002499974       Ts(nx-1,ny-1,1)=   359.72744912491487     
 Solid solver Block           2  GS iterations:         100  final res:   7.9580786405131221E-013
   DBG: Ts(1,1,1)=   799.99500002499963       Ts(nx/2,ny/2,1)=   798.12501724812796       Ts(nx-1,ny-1,1)=   359.72744912491476     
 --------------Force and Moment -----------------------------
 Total Force Coefficient (CL, CD, CS) =
  -3.7277366408931084E-006   1.3551252580366180        5.4484670758969341E-023
 Total Moment Coefficient(CMx, CMy, CMz)=
  0.33878131450915444       -9.3193416020253273E-007 -0.67111914047336785     
 Kstep, t=         215   215.00000000000000     
 ----------The Max Residuals are--------  ---Mesh---           1
    0.5837500690E-02    0.6417639608E-04    0.3584104059E-02    0.1219774480E-18    0.7135409350E-02
   The R.M.S Residuals are 
    0.5065878512E-03    0.1048799567E-05    0.3114451600E-03    0.6660404013E-20    0.6073856640E-03
 CPU wall time in this step:   3.7963691999999938E-002
 Averaged CPU wall time is:   3.5139429911627905E-002
   GS iter           1  res=   9.0949470177292824E-013  Ts(1,1,1)=   799.99500002499974       Ts(nx-1,ny-1,1)=   359.72744912491487     
   GS iter           2  res=   9.0949470177292824E-013  Ts(1,1,1)=   799.99500002499963       Ts(nx-1,ny-1,1)=   359.72744912491476     
   GS iter           3  res=   9.0949470177292824E-013  Ts(1,1,1)=   799.99500002499974       Ts(nx-1,ny-1,1)=   359.72744912491487     
   GS iter           4  res=   9.0949470177292824E-013  Ts(1,1,1)=   799.99500002499963       Ts(nx-1,ny-1,1)=   359.72744912491487     
   GS iter           5  res=   1.1368683772161603E-012  Ts(1,1,1)=   799.99500002499974       Ts(nx-1,ny-1,1)=   359.72744912491476     
 Solid solver Block           2  GS iterations:         100  final res:   1.2505552149377763E-012
   DBG: Ts(1,1,1)=   799.99500002499963       Ts(nx/2,ny/2,1)=   798.12501724812796       Ts(nx-1,ny-1,1)=   359.72744912491487     
 --------------Force and Moment -----------------------------
 Total Force Coefficient (CL, CD, CS) =
  -3.7496983478894247E-006   1.3551851125573853        5.8097567945701139E-023
 Total Moment Coefficient(CMx, CMy, CMz)=
  0.33879627813934632       -9.3742458695161086E-007 -0.67117344989996863     
 Kstep, t=         216   216.00000000000000     
 ----------The Max Residuals are--------  ---Mesh---           1
    0.5343298509E-02    0.4863120695E-04    0.3581905854E-02    0.9489169226E-19    0.6834757292E-02
   The R.M.S Residuals are 
    0.4498731596E-03    0.1047593850E-05    0.2893264178E-03    0.6710020051E-20    0.5591421735E-03
 CPU wall time in this step:   3.4611767999999543E-002
 Averaged CPU wall time is:   3.5136987032407405E-002
   GS iter           1  res=   1.2505552149377763E-012  Ts(1,1,1)=   799.99500002499974       Ts(nx-1,ny-1,1)=   359.72744912491487     
   GS iter           2  res=   1.2505552149377763E-012  Ts(1,1,1)=   799.99500002499963       Ts(nx-1,ny-1,1)=   359.72744912491487     
   GS iter           3  res=   1.1368683772161603E-012  Ts(1,1,1)=   799.99500002499974       Ts(nx-1,ny-1,1)=   359.72744912491498     
   GS iter           4  res=   1.1368683772161603E-012  Ts(1,1,1)=   799.99500002499963       Ts(nx-1,ny-1,1)=   359.72744912491504     
   GS iter           5  res=   1.1368683772161603E-012  Ts(1,1,1)=   799.99500002499974       Ts(nx-1,ny-1,1)=   359.72744912491487     
 Solid solver Block           2  GS iterations:         100  final res:   1.0231815394945443E-012
   DBG: Ts(1,1,1)=   799.99500002499963       Ts(nx/2,ny/2,1)=   798.12501724812796       Ts(nx-1,ny-1,1)=   359.72744912491464     
 --------------Force and Moment -----------------------------
 Total Force Coefficient (CL, CD, CS) =
  -3.7716758991275375E-006   1.3552444506616339        5.8116303172125672E-023
 Total Moment Coefficient(CMx, CMy, CMz)=
  0.33881111266540842       -9.4291897476113800E-007 -0.67122726805919342     
 Kstep, t=         217   217.00000000000000     
 ----------The Max Residuals are--------  ---Mesh---           1
    0.4283726956E-02    0.6351246160E-04    0.2268915935E-02    0.9487983260E-19    0.4810554910E-02
   The R.M.S Residuals are 
    0.4170416571E-03    0.1107807091E-05    0.1807129520E-03    0.6421865112E-20    0.4709308840E-03
 CPU wall time in this step:   4.3416794000000536E-002
 Averaged CPU wall time is:   3.5175142824884792E-002
   GS iter           1  res=   9.0949470177292824E-013  Ts(1,1,1)=   799.99500002499974       Ts(nx-1,ny-1,1)=   359.72744912491487     
   GS iter           2  res=   9.0949470177292824E-013  Ts(1,1,1)=   799.99500002499963       Ts(nx-1,ny-1,1)=   359.72744912491487     
   GS iter           3  res=   1.0231815394945443E-012  Ts(1,1,1)=   799.99500002499974       Ts(nx-1,ny-1,1)=   359.72744912491487     
   GS iter           4  res=   1.1368683772161603E-012  Ts(1,1,1)=   799.99500002499963       Ts(nx-1,ny-1,1)=   359.72744912491476     
   GS iter           5  res=   1.1368683772161603E-012  Ts(1,1,1)=   799.99500002499974       Ts(nx-1,ny-1,1)=   359.72744912491487     
 Solid solver Block           2  GS iterations:         100  final res:   1.1368683772161603E-012
   DBG: Ts(1,1,1)=   799.99500002499963       Ts(nx/2,ny/2,1)=   798.12501724812796       Ts(nx-1,ny-1,1)=   359.72744912491510     
 --------------Force and Moment -----------------------------
 Total Force Coefficient (CL, CD, CS) =
  -3.7936691792397725E-006   1.3553032653522215        6.1637629074073808E-023
 Total Moment Coefficient(CMx, CMy, CMz)=
  0.33882581633805531       -9.4841729478919642E-007 -0.67128060093345909     
 Kstep, t=         218   218.00000000000000     
 ----------The Max Residuals are--------  ---Mesh---           1
    0.5750153303E-02    0.7661398644E-04    0.3221896532E-02    0.8136603226E-19    0.6810942895E-02
   The R.M.S Residuals are 
    0.4953562388E-03    0.1186499774E-05    0.2644343159E-03    0.6249799671E-20    0.5732561523E-03
 CPU wall time in this step:   3.8172281999999669E-002
 Averaged CPU wall time is:   3.5188891169724769E-002
   GS iter           1  res=   1.1368683772161603E-012  Ts(1,1,1)=   799.99500002499974       Ts(nx-1,ny-1,1)=   359.72744912491498     
   GS iter           2  res=   1.0231815394945443E-012  Ts(1,1,1)=   799.99500002499963       Ts(nx-1,ny-1,1)=   359.72744912491459     
   GS iter           3  res=   1.1368683772161603E-012  Ts(1,1,1)=   799.99500002499974       Ts(nx-1,ny-1,1)=   359.72744912491487     
   GS iter           4  res=   1.3642420526593924E-012  Ts(1,1,1)=   799.99500002499963       Ts(nx-1,ny-1,1)=   359.72744912491476     
   GS iter           5  res=   1.4779288903810084E-012  Ts(1,1,1)=   799.99500002499974       Ts(nx-1,ny-1,1)=   359.72744912491487     
 Solid solver Block           2  GS iterations:         100  final res:   1.1368683772161603E-012
   DBG: Ts(1,1,1)=   799.99500002499963       Ts(nx/2,ny/2,1)=   798.12501724812796       Ts(nx-1,ny-1,1)=   359.72744912491464     
 --------------Force and Moment -----------------------------
 Total Force Coefficient (CL, CD, CS) =
  -3.8156780672774743E-006   1.3553615537247288        6.3187986719979338E-023
 Total Moment Coefficient(CMx, CMy, CMz)=
  0.33884038843118186       -9.5391951679862051E-007 -0.67133345674836875     
 Kstep, t=         219   219.00000000000000     
 ----------The Max Residuals are--------  ---Mesh---           1
    0.5702300532E-02    0.7088951625E-04    0.3668724753E-02    0.1084619684E-18    0.7031510490E-02
   The R.M.S Residuals are 
    0.4899504013E-03    0.1200560859E-05    0.3191611871E-03    0.6679214818E-20    0.6011462479E-03
 CPU wall time in this step:   3.0575702000000149E-002
 Averaged CPU wall time is:   3.5167826378995432E-002
   GS iter           1  res=   1.1368683772161603E-012  Ts(1,1,1)=   799.99500002499974       Ts(nx-1,ny-1,1)=   359.72744912491498     
   GS iter           2  res=   1.0231815394945443E-012  Ts(1,1,1)=   799.99500002499963       Ts(nx-1,ny-1,1)=   359.72744912491470     
   GS iter           3  res=   1.1368683772161603E-012  Ts(1,1,1)=   799.99500002499974       Ts(nx-1,ny-1,1)=   359.72744912491487     
   GS iter           4  res=   1.1368683772161603E-012  Ts(1,1,1)=   799.99500002499963       Ts(nx-1,ny-1,1)=   359.72744912491476     
   GS iter           5  res=   1.1368683772161603E-012  Ts(1,1,1)=   799.99500002499974       Ts(nx-1,ny-1,1)=   359.72744912491487     
 Solid solver Block           2  GS iterations:         100  final res:   1.0231815394945443E-012
   DBG: Ts(1,1,1)=   799.99500002499963       Ts(nx/2,ny/2,1)=   798.12501724812796       Ts(nx-1,ny-1,1)=   359.72744912491487     
 --------------Force and Moment -----------------------------
 Total Force Coefficient (CL, CD, CS) =
  -3.8377024428931156E-006   1.3554193182683192        6.5734045114309654E-023
 Total Moment Coefficient(CMx, CMy, CMz)=
  0.33885482956707957       -9.5942561070252999E-007 -0.67138584659490519     
 Kstep, t=         220   220.00000000000000     
 ----------The Max Residuals are--------  ---Mesh---           1
    0.4472212637E-02    0.5248466571E-04    0.3046652927E-02    0.1220001889E-18    0.5967975731E-02
   The R.M.S Residuals are 
    0.4223841185E-03    0.1203874674E-05    0.2354729835E-03    0.6662902844E-20    0.5074619870E-03
 CPU wall time in this step:   3.2471973999999904E-002
 Averaged CPU wall time is:   3.5155572504545457E-002
   GS iter           1  res=   1.1368683772161603E-012  Ts(1,1,1)=   799.99500002499974       Ts(nx-1,ny-1,1)=   359.72744912491476     
   GS iter           2  res=   9.0949470177292824E-013  Ts(1,1,1)=   799.99500002499963       Ts(nx-1,ny-1,1)=   359.72744912491487     
   GS iter           3  res=   1.0231815394945443E-012  Ts(1,1,1)=   799.99500002499974       Ts(nx-1,ny-1,1)=   359.72744912491498     
   GS iter           4  res=   9.0949470177292824E-013  Ts(1,1,1)=   799.99500002499963       Ts(nx-1,ny-1,1)=   359.72744912491493     
   GS iter           5  res=   1.0231815394945443E-012  Ts(1,1,1)=   799.99500002499974       Ts(nx-1,ny-1,1)=   359.72744912491476     
 Solid solver Block           2  GS iterations:         100  final res:   1.0231815394945443E-012
   DBG: Ts(1,1,1)=   799.99500002499963       Ts(nx/2,ny/2,1)=   798.12501724812796       Ts(nx-1,ny-1,1)=   359.72744912491476     
 --------------Force and Moment -----------------------------
 Total Force Coefficient (CL, CD, CS) =
  -3.8597421927128369E-006   1.3554765679411125        7.0230564548738267E-023
 Total Moment Coefficient(CMx, CMy, CMz)=
  0.33886914198527818       -9.6493554815745946E-007 -0.67143778494480855     
 Kstep, t=         221   221.00000000000000     
 ----------The Max Residuals are--------  ---Mesh---           1
    0.5306508502E-02    0.7925257629E-04    0.2630799555E-02    0.1084527934E-18    0.6030459472E-02
   The R.M.S Residuals are 
    0.4523742638E-03    0.1289364662E-05    0.2082413809E-03    0.6588224089E-20    0.5104097167E-03
 CPU wall time in this step:   3.8266994999999859E-002
 Averaged CPU wall time is:   3.5169651339366517E-002
   GS iter           1  res=   1.1368683772161603E-012  Ts(1,1,1)=   799.99500002499974       Ts(nx-1,ny-1,1)=   359.72744912491487     
   GS iter           2  res=   1.0231815394945443E-012  Ts(1,1,1)=   799.99500002499963       Ts(nx-1,ny-1,1)=   359.72744912491487     
   GS iter           3  res=   1.0231815394945443E-012  Ts(1,1,1)=   799.99500002499974       Ts(nx-1,ny-1,1)=   359.72744912491476     
   GS iter           4  res=   9.0949470177292824E-013  Ts(1,1,1)=   799.99500002499963       Ts(nx-1,ny-1,1)=   359.72744912491487     
   GS iter           5  res=   1.0231815394945443E-012  Ts(1,1,1)=   799.99500002499974       Ts(nx-1,ny-1,1)=   359.72744912491476     
 Solid solver Block           2  GS iterations:         100  final res:   1.0231815394945443E-012
   DBG: Ts(1,1,1)=   799.99500002499963       Ts(nx/2,ny/2,1)=   798.12501724812796       Ts(nx-1,ny-1,1)=   359.72744912491498     
 --------------Force and Moment -----------------------------
 Total Force Coefficient (CL, CD, CS) =
  -3.8817972167036734E-006   1.3555333189741829        7.2250325252397524E-023
 Total Moment Coefficient(CMx, CMy, CMz)=
  0.33888332974354596       -9.7044930415516773E-007 -0.67148929003207514     
 Kstep, t=         222   222.00000000000000     
 ----------The Max Residuals are--------  ---Mesh---           1
    0.5778712853E-02    0.8787075587E-04    0.3687327112E-02    0.1084395353E-18    0.7168703569E-02
   The R.M.S Residuals are 
    0.5031825755E-03    0.1365806671E-05    0.3008849448E-03    0.6633058847E-20    0.5996526602E-03
 CPU wall time in this step:   4.6671285000000395E-002
 Averaged CPU wall time is:   3.5221460500000003E-002
   GS iter           1  res=   9.0949470177292824E-013  Ts(1,1,1)=   799.99500002499974       Ts(nx-1,ny-1,1)=   359.72744912491481     
   GS iter           2  res=   9.0949470177292824E-013  Ts(1,1,1)=   799.99500002499963       Ts(nx-1,ny-1,1)=   359.72744912491504     
   GS iter           3  res=   7.9580786405131221E-013  Ts(1,1,1)=   799.99500002499974       Ts(nx-1,ny-1,1)=   359.72744912491487     
   GS iter           4  res=   9.0949470177292824E-013  Ts(1,1,1)=   799.99500002499963       Ts(nx-1,ny-1,1)=   359.72744912491464     
   GS iter           5  res=   9.0949470177292824E-013  Ts(1,1,1)=   799.99500002499974       Ts(nx-1,ny-1,1)=   359.72744912491498     
 Solid solver Block           2  GS iterations:         100  final res:   1.0231815394945443E-012
   DBG: Ts(1,1,1)=   799.99500002499963       Ts(nx/2,ny/2,1)=   798.12501724812796       Ts(nx-1,ny-1,1)=   359.72744912491487     
 --------------Force and Moment -----------------------------
 Total Force Coefficient (CL, CD, CS) =
  -3.9038674343512970E-006   1.3555895953642656        7.2602206306110378E-023
 Total Moment Coefficient(CMx, CMy, CMz)=
  0.33889739884106640       -9.7596685856707258E-007 -0.67154038407474870     
 Kstep, t=         223   223.00000000000000     
 ----------The Max Residuals are--------  ---Mesh---           1
    0.5191729781E-02    0.7549210916E-04    0.3509765990E-02    0.1084217753E-18    0.6695960134E-02
   The R.M.S Residuals are 
    0.4605593483E-03    0.1367142143E-05    0.2907278654E-03    0.6471806200E-20    0.5651870481E-03
 CPU wall time in this step:   3.5657771999999532E-002
 Averaged CPU wall time is:   3.5223417053811656E-002
   GS iter           1  res=   9.0949470177292824E-013  Ts(1,1,1)=   799.99500002499974       Ts(nx-1,ny-1,1)=   359.72744912491487     
   GS iter           2  res=   9.0949470177292824E-013  Ts(1,1,1)=   799.99500002499963       Ts(nx-1,ny-1,1)=   359.72744912491476     
   GS iter           3  res=   9.0949470177292824E-013  Ts(1,1,1)=   799.99500002499974       Ts(nx-1,ny-1,1)=   359.72744912491487     
   GS iter           4  res=   9.0949470177292824E-013  Ts(1,1,1)=   799.99500002499963       Ts(nx-1,ny-1,1)=   359.72744912491487     
   GS iter           5  res=   9.0949470177292824E-013  Ts(1,1,1)=   799.99500002499974       Ts(nx-1,ny-1,1)=   359.72744912491487     
 Solid solver Block           2  GS iterations:         100  final res:   1.0231815394945443E-012
   DBG: Ts(1,1,1)=   799.99500002499963       Ts(nx/2,ny/2,1)=   798.12501724812796       Ts(nx-1,ny-1,1)=   359.72744912491487     
 --------------Force and Moment -----------------------------
 Total Force Coefficient (CL, CD, CS) =
  -3.9259527904743336E-006   1.3556454290215798        7.6493286147816048E-023
 Total Moment Coefficient(CMx, CMy, CMz)=
  0.33891135725539506       -9.8148819759783131E-007 -0.67159109331286582     
 Kstep, t=         224   224.00000000000000     
 ----------The Max Residuals are--------  ---Mesh---           1
    0.4581480456E-02    0.7019402549E-04    0.2420703337E-02    0.1219856400E-18    0.4924044359E-02
   The R.M.S Residuals are 
    0.4305578796E-03    0.1386686933E-05    0.2116894309E-03    0.6513699446E-20    0.4973951062E-03
 CPU wall time in this step:   3.5364228000000608E-002
 Averaged CPU wall time is:   3.5224045674107148E-002
   GS iter           1  res=   9.0949470177292824E-013  Ts(1,1,1)=   799.99500002499974       Ts(nx-1,ny-1,1)=   359.72744912491476     
   GS iter           2  res=   7.9580786405131221E-013  Ts(1,1,1)=   799.99500002499963       Ts(nx-1,ny-1,1)=   359.72744912491487     
   GS iter           3  res=   1.0231815394945443E-012  Ts(1,1,1)=   799.99500002499974       Ts(nx-1,ny-1,1)=   359.72744912491487     
   GS iter           4  res=   1.2505552149377763E-012  Ts(1,1,1)=   799.99500002499963       Ts(nx-1,ny-1,1)=   359.72744912491476     
   GS iter           5  res=   1.4779288903810084E-012  Ts(1,1,1)=   799.99500002499974       Ts(nx-1,ny-1,1)=   359.72744912491487     
 Solid solver Block           2  GS iterations:         100  final res:   1.0231815394945443E-012
   DBG: Ts(1,1,1)=   799.99500002499963       Ts(nx/2,ny/2,1)=   798.12501724812796       Ts(nx-1,ny-1,1)=   359.72744912491470     
 --------------Force and Moment -----------------------------
 Total Force Coefficient (CL, CD, CS) =
  -3.9480532605077461E-006   1.3557008595465425        8.1619582695583017E-023
 Total Moment Coefficient(CMx, CMy, CMz)=
  0.33892521488663546       -9.8701331510618337E-007 -0.67164144784107793     
 Kstep, t=         225   225.00000000000000     
 ----------The Max Residuals are--------  ---Mesh---           1
    0.5871140575E-02    0.9674796590E-04    0.3482693499E-02    0.1084518202E-18    0.7088001671E-02
   The R.M.S Residuals are 
    0.4830243661E-03    0.1505041258E-05    0.2600641475E-03    0.6543765186E-20    0.5620342405E-03
 CPU wall time in this step:   3.1236343999999860E-002
 Averaged CPU wall time is:   3.5206322555555558E-002
   GS iter           1  res=   1.1368683772161603E-012  Ts(1,1,1)=   799.99500002499974       Ts(nx-1,ny-1,1)=   359.72744912491487     
   GS iter           2  res=   1.3642420526593924E-012  Ts(1,1,1)=   799.99500002499963       Ts(nx-1,ny-1,1)=   359.72744912491476     
   GS iter           3  res=   1.1368683772161603E-012  Ts(1,1,1)=   799.99500002499974       Ts(nx-1,ny-1,1)=   359.72744912491487     
   GS iter           4  res=   7.9580786405131221E-013  Ts(1,1,1)=   799.99500002499963       Ts(nx-1,ny-1,1)=   359.72744912491476     
   GS iter           5  res=   1.0231815394945443E-012  Ts(1,1,1)=   799.99500002499974       Ts(nx-1,ny-1,1)=   359.72744912491476     
 Solid solver Block           2  GS iterations:         100  final res:   1.5916157281026244E-012
   DBG: Ts(1,1,1)=   799.99500002499963       Ts(nx/2,ny/2,1)=   798.12501724812796       Ts(nx-1,ny-1,1)=   359.72744912491476     
 --------------Force and Moment -----------------------------
 Total Force Coefficient (CL, CD, CS) =
  -3.9701688550890273E-006   1.3557559336178018        8.2220452455013878E-023
 Total Moment Coefficient(CMx, CMy, CMz)=
  0.33893898340445022       -9.9254221375150282E-007 -0.67169148121856870     
 Kstep, t=         226   226.00000000000000     
 ----------The Max Residuals are--------  ---Mesh---           1
    0.5627159656E-02    0.9838185714E-04    0.3614878450E-02    0.1491110772E-18    0.6988996094E-02
   The R.M.S Residuals are 
    0.4868396557E-03    0.1565776890E-05    0.3013748157E-03    0.6912598933E-20    0.5901901198E-03
 CPU wall time in this step:   3.2530247999999595E-002
 Averaged CPU wall time is:   3.5194481517699112E-002
   GS iter           1  res=   1.0231815394945443E-012  Ts(1,1,1)=   799.99500002499974       Ts(nx-1,ny-1,1)=   359.72744912491487     
   GS iter           2  res=   1.0231815394945443E-012  Ts(1,1,1)=   799.99500002499963       Ts(nx-1,ny-1,1)=   359.72744912491476     
   GS iter           3  res=   1.1368683772161603E-012  Ts(1,1,1)=   799.99500002499974       Ts(nx-1,ny-1,1)=   359.72744912491487     
   GS iter           4  res=   1.1368683772161603E-012  Ts(1,1,1)=   799.99500002499963       Ts(nx-1,ny-1,1)=   359.72744912491476     
   GS iter           5  res=   1.2505552149377763E-012  Ts(1,1,1)=   799.99500002499974       Ts(nx-1,ny-1,1)=   359.72744912491487     
 Solid solver Block           2  GS iterations:         100  final res:   1.1368683772161603E-012
   DBG: Ts(1,1,1)=   799.99500002499963       Ts(nx/2,ny/2,1)=   798.12501724812796       Ts(nx-1,ny-1,1)=   359.72744912491487     
 --------------Force and Moment -----------------------------
 Total Force Coefficient (CL, CD, CS) =
  -3.9922996237779658E-006   1.3558107039849814        8.4400623284227651E-023
 Total Moment Coefficient(CMx, CMy, CMz)=
  0.33895267599624529       -9.9807490592373659E-007 -0.67174122984498152     
 Kstep, t=         227   227.00000000000000     
 ----------The Max Residuals are--------  ---Mesh---           1
    0.4905844785E-02    0.7706867632E-04    0.3143672605E-02    0.1762009946E-18    0.6060557730E-02
   The R.M.S Residuals are 
    0.4446962268E-03    0.1549661725E-05    0.2517977315E-03    0.6397018482E-20    0.5285353007E-03
 CPU wall time in this step:   3.4893090999999821E-002
 Averaged CPU wall time is:   3.5193153806167402E-002
   GS iter           1  res=   1.1368683772161603E-012  Ts(1,1,1)=   799.99500002499974       Ts(nx-1,ny-1,1)=   359.72744912491487     
   GS iter           2  res=   9.0949470177292824E-013  Ts(1,1,1)=   799.99500002499963       Ts(nx-1,ny-1,1)=   359.72744912491476     
   GS iter           3  res=   1.1368683772161603E-012  Ts(1,1,1)=   799.99500002499974       Ts(nx-1,ny-1,1)=   359.72744912491487     
   GS iter           4  res=   9.0949470177292824E-013  Ts(1,1,1)=   799.99500002499963       Ts(nx-1,ny-1,1)=   359.72744912491476     
   GS iter           5  res=   7.9580786405131221E-013  Ts(1,1,1)=   799.99500002499974       Ts(nx-1,ny-1,1)=   359.72744912491487     
 Solid solver Block           2  GS iterations:         100  final res:   1.2505552149377763E-012
   DBG: Ts(1,1,1)=   799.99500002499963       Ts(nx/2,ny/2,1)=   798.12501724812796       Ts(nx-1,ny-1,1)=   359.72744912491487     
 --------------Force and Moment -----------------------------
 Total Force Coefficient (CL, CD, CS) =
  -4.0144456577344445E-006   1.3558652280725534        8.8241501207589486E-023
 Total Moment Coefficient(CMx, CMy, CMz)=
  0.33896630701813862       -1.0036114144128552E-006 -0.67179073209938256     
 Kstep, t=         228   228.00000000000000     
 ----------The Max Residuals are--------  ---Mesh---           1
    0.5643029038E-02    0.9234836371E-04    0.3025289506E-02    0.1219919324E-18    0.6584501480E-02
   The R.M.S Residuals are 
    0.4613020125E-03    0.1611380692E-05    0.2410066153E-03    0.6416204812E-20    0.5370676864E-03
 CPU wall time in this step:   3.2539879000000660E-002
 Averaged CPU wall time is:   3.5181516635964916E-002
   GS iter           1  res=   1.1368683772161603E-012  Ts(1,1,1)=   799.99500002499974       Ts(nx-1,ny-1,1)=   359.72744912491464     
   GS iter           2  res=   1.0231815394945443E-012  Ts(1,1,1)=   799.99500002499963       Ts(nx-1,ny-1,1)=   359.72744912491498     
   GS iter           3  res=   9.0949470177292824E-013  Ts(1,1,1)=   799.99500002499974       Ts(nx-1,ny-1,1)=   359.72744912491481     
   GS iter           4  res=   1.1368683772161603E-012  Ts(1,1,1)=   799.99500002499963       Ts(nx-1,ny-1,1)=   359.72744912491481     
   GS iter           5  res=   1.2505552149377763E-012  Ts(1,1,1)=   799.99500002499974       Ts(nx-1,ny-1,1)=   359.72744912491481     
 Solid solver Block           2  GS iterations:         100  final res:   1.2505552149377763E-012
   DBG: Ts(1,1,1)=   799.99500002499963       Ts(nx/2,ny/2,1)=   798.12501724812796       Ts(nx-1,ny-1,1)=   359.72744912491476     
 --------------Force and Moment -----------------------------
 Total Force Coefficient (CL, CD, CS) =
  -4.0366070911736689E-006   1.3559195662170584        9.3198535248805071E-023
 Total Moment Coefficient(CMx, CMy, CMz)=
  0.33897989155426461       -1.0091517727726607E-006 -0.67184002724995939     
 Kstep, t=         229   229.00000000000000     
 ----------The Max Residuals are--------  ---Mesh---           1
    0.5779840988E-02    0.1147176205E-03    0.3712967725E-02    0.1084955627E-18    0.7111636199E-02
   The R.M.S Residuals are 
    0.4819383189E-03    0.1755868641E-05    0.2822712754E-03    0.6541179020E-20    0.5739717170E-03
 CPU wall time in this step:   3.6251662999999823E-002
 Averaged CPU wall time is:   3.5186189764192140E-002
   GS iter           1  res=   1.0231815394945443E-012  Ts(1,1,1)=   799.99500002499974       Ts(nx-1,ny-1,1)=   359.72744912491498     
   GS iter           2  res=   7.9580786405131221E-013  Ts(1,1,1)=   799.99500002499963       Ts(nx-1,ny-1,1)=   359.72744912491493     
   GS iter           3  res=   1.3642420526593924E-012  Ts(1,1,1)=   799.99500002499974       Ts(nx-1,ny-1,1)=   359.72744912491476     
   GS iter           4  res=   1.0231815394945443E-012  Ts(1,1,1)=   799.99500002499963       Ts(nx-1,ny-1,1)=   359.72744912491476     
   GS iter           5  res=   9.0949470177292824E-013  Ts(1,1,1)=   799.99500002499974       Ts(nx-1,ny-1,1)=   359.72744912491510     
 Solid solver Block           2  GS iterations:         100  final res:   1.2505552149377763E-012
   DBG: Ts(1,1,1)=   799.99500002499963       Ts(nx/2,ny/2,1)=   798.12501724812796       Ts(nx-1,ny-1,1)=   359.72744912491487     
 --------------Force and Moment -----------------------------
 Total Force Coefficient (CL, CD, CS) =
  -4.0587841014177954E-006   1.3559737795778426        9.7342935067124351E-023
 Total Moment Coefficient(CMx, CMy, CMz)=
  0.33899344489446032       -1.0146960253336917E-006 -0.67188915415493478     
 Kstep, t=         230   230.00000000000000     
 ----------The Max Residuals are--------  ---Mesh---           1
    0.5316309299E-02    0.1074124450E-03    0.3418931350E-02    0.1084549710E-18    0.6538808761E-02
   The R.M.S Residuals are 
    0.4634049338E-03    0.1783688741E-05    0.2687711242E-03    0.6414640106E-20    0.5532879436E-03
 CPU wall time in this step:   3.1604348000000115E-002
 Averaged CPU wall time is:   3.5170616539130437E-002
   GS iter           1  res=   1.0231815394945443E-012  Ts(1,1,1)=   799.99500002499974       Ts(nx-1,ny-1,1)=   359.72744912491476     
   GS iter           2  res=   1.0231815394945443E-012  Ts(1,1,1)=   799.99500002499963       Ts(nx-1,ny-1,1)=   359.72744912491487     
   GS iter           3  res=   1.1368683772161603E-012  Ts(1,1,1)=   799.99500002499974       Ts(nx-1,ny-1,1)=   359.72744912491476     
   GS iter           4  res=   1.0231815394945443E-012  Ts(1,1,1)=   799.99500002499963       Ts(nx-1,ny-1,1)=   359.72744912491487     
   GS iter           5  res=   1.0231815394945443E-012  Ts(1,1,1)=   799.99500002499974       Ts(nx-1,ny-1,1)=   359.72744912491476     
 Solid solver Block           2  GS iterations:         100  final res:   1.0231815394945443E-012
   DBG: Ts(1,1,1)=   799.99500002499963       Ts(nx/2,ny/2,1)=   798.12501724812796       Ts(nx-1,ny-1,1)=   359.72744912491464     
 --------------Force and Moment -----------------------------
 Total Force Coefficient (CL, CD, CS) =
  -4.0809769073725562E-006   1.3560279277810776        1.0181969147651452E-022
 Total Moment Coefficient(CMx, CMy, CMz)=
  0.33900698194526968       -1.0202442268223808E-006 -0.67193814978957755     
 Kstep, t=         231   231.00000000000000     
 ----------The Max Residuals are--------  ---Mesh---           1
    0.5085072138E-02    0.7744215279E-04    0.3010834082E-02    0.9490005456E-19    0.5832183246E-02
   The R.M.S Residuals are 
    0.4612903036E-03    0.1759838928E-05    0.2536102378E-03    0.6559556926E-20    0.5416595772E-03
 CPU wall time in this step:   3.1051663999999590E-002
 Averaged CPU wall time is:   3.5152785575757572E-002
   GS iter           1  res=   7.9580786405131221E-013  Ts(1,1,1)=   799.99500002499974       Ts(nx-1,ny-1,1)=   359.72744912491498     
   GS iter           2  res=   9.0949470177292824E-013  Ts(1,1,1)=   799.99500002499963       Ts(nx-1,ny-1,1)=   359.72744912491470     
   GS iter           3  res=   7.9580786405131221E-013  Ts(1,1,1)=   799.99500002499974       Ts(nx-1,ny-1,1)=   359.72744912491487     
   GS iter           4  res=   9.0949470177292824E-013  Ts(1,1,1)=   799.99500002499963       Ts(nx-1,ny-1,1)=   359.72744912491476     
   GS iter           5  res=   1.2505552149377763E-012  Ts(1,1,1)=   799.99500002499974       Ts(nx-1,ny-1,1)=   359.72744912491487     
 Solid solver Block           2  GS iterations:         100  final res:   1.0231815394945443E-012
   DBG: Ts(1,1,1)=   799.99500002499963       Ts(nx/2,ny/2,1)=   798.12501724812796       Ts(nx-1,ny-1,1)=   359.72744912491487     
 --------------Force and Moment -----------------------------
 Total Force Coefficient (CL, CD, CS) =
  -4.1031857662814354E-006   1.3560820663771282        1.0170129673365132E-022
 Total Moment Coefficient(CMx, CMy, CMz)=
  0.33902051659428162       -1.0257964415495998E-006 -0.67198704764926886     
 Kstep, t=         232   232.00000000000000     
 ----------The Max Residuals are--------  ---Mesh---           1
    0.5873150171E-02    0.1186279292E-03    0.3657881410E-02    0.1355458097E-18    0.7206020500E-02
   The R.M.S Residuals are 
    0.4720094028E-03    0.1896269401E-05    0.2712243008E-03    0.6637970162E-20    0.5610355096E-03
 CPU wall time in this step:   3.7408244999999951E-002
 Averaged CPU wall time is:   3.5162507383620686E-002
   GS iter           1  res=   1.1368683772161603E-012  Ts(1,1,1)=   799.99500002499974       Ts(nx-1,ny-1,1)=   359.72744912491476     
   GS iter           2  res=   1.0231815394945443E-012  Ts(1,1,1)=   799.99500002499963       Ts(nx-1,ny-1,1)=   359.72744912491487     
   GS iter           3  res=   7.9580786405131221E-013  Ts(1,1,1)=   799.99500002499974       Ts(nx-1,ny-1,1)=   359.72744912491487     
   GS iter           4  res=   1.0231815394945443E-012  Ts(1,1,1)=   799.99500002499963       Ts(nx-1,ny-1,1)=   359.72744912491487     
   GS iter           5  res=   1.0231815394945443E-012  Ts(1,1,1)=   799.99500002499974       Ts(nx-1,ny-1,1)=   359.72744912491487     
 Solid solver Block           2  GS iterations:         100  final res:   1.0231815394945443E-012
   DBG: Ts(1,1,1)=   799.99500002499963       Ts(nx/2,ny/2,1)=   798.12501724812796       Ts(nx-1,ny-1,1)=   359.72744912491476     
 --------------Force and Moment -----------------------------
 Total Force Coefficient (CL, CD, CS) =
  -4.1254109686520412E-006   1.3561362442107503        1.0565182006352756E-022
 Total Moment Coefficient(CMx, CMy, CMz)=
  0.33903406105268780       -1.0313527421422510E-006 -0.67203587609338344     
 Kstep, t=         233   233.00000000000000     
 ----------The Max Residuals are--------  ---Mesh---           1
    0.5549343245E-02    0.1311448561E-03    0.3610244752E-02    0.9486193956E-19    0.6935979030E-02
   The R.M.S Residuals are 
    0.4654147503E-03    0.2025776269E-05    0.2664488516E-03    0.6639042687E-20    0.5556359937E-03
 CPU wall time in this step:   3.4220188000000817E-002
 Averaged CPU wall time is:   3.5158463094420604E-002
   GS iter           1  res=   9.0949470177292824E-013  Ts(1,1,1)=   799.99500002499974       Ts(nx-1,ny-1,1)=   359.72744912491487     
   GS iter           2  res=   1.0231815394945443E-012  Ts(1,1,1)=   799.99500002499963       Ts(nx-1,ny-1,1)=   359.72744912491464     
   GS iter           3  res=   1.1368683772161603E-012  Ts(1,1,1)=   799.99500002499974       Ts(nx-1,ny-1,1)=   359.72744912491521     
   GS iter           4  res=   1.2505552149377763E-012  Ts(1,1,1)=   799.99500002499963       Ts(nx-1,ny-1,1)=   359.72744912491476     
   GS iter           5  res=   1.0231815394945443E-012  Ts(1,1,1)=   799.99500002499974       Ts(nx-1,ny-1,1)=   359.72744912491487     
 Solid solver Block           2  GS iterations:         100  final res:   1.0231815394945443E-012
   DBG: Ts(1,1,1)=   799.99500002499963       Ts(nx/2,ny/2,1)=   798.12501724812796       Ts(nx-1,ny-1,1)=   359.72744912491498     
 --------------Force and Moment -----------------------------
 Total Force Coefficient (CL, CD, CS) =
  -4.1476528313114487E-006   1.3561905008209474        1.0704963651991126E-022
 Total Moment Coefficient(CMx, CMy, CMz)=
  0.33904762520523674       -1.0369132078071016E-006 -0.67208465670784101     
 Kstep, t=         234   234.00000000000000     
 ----------The Max Residuals are--------  ---Mesh---           1
    0.5267498053E-02    0.1111404721E-03    0.3182233020E-02    0.9488804879E-19    0.6264877526E-02
   The R.M.S Residuals are 
    0.4649383180E-03    0.2004638803E-05    0.2523459748E-03    0.6217094270E-20    0.5405467318E-03
 CPU wall time in this step:   3.6546277999999432E-002
 Averaged CPU wall time is:   3.5164393927350428E-002
   GS iter           1  res=   1.0231815394945443E-012  Ts(1,1,1)=   799.99500002499974       Ts(nx-1,ny-1,1)=   359.72744912491481     
   GS iter           2  res=   1.0231815394945443E-012  Ts(1,1,1)=   799.99500002499963       Ts(nx-1,ny-1,1)=   359.72744912491481     
   GS iter           3  res=   1.1368683772161603E-012  Ts(1,1,1)=   799.99500002499974       Ts(nx-1,ny-1,1)=   359.72744912491493     
   GS iter           4  res=   1.0231815394945443E-012  Ts(1,1,1)=   799.99500002499963       Ts(nx-1,ny-1,1)=   359.72744912491476     
   GS iter           5  res=   9.0949470177292824E-013  Ts(1,1,1)=   799.99500002499974       Ts(nx-1,ny-1,1)=   359.72744912491487     
 Solid solver Block           2  GS iterations:         100  final res:   9.0949470177292824E-013
   DBG: Ts(1,1,1)=   799.99500002499963       Ts(nx/2,ny/2,1)=   798.12501724812796       Ts(nx-1,ny-1,1)=   359.72744912491493     
 --------------Force and Moment -----------------------------
 Total Force Coefficient (CL, CD, CS) =
  -4.1699116886296357E-006   1.3562448640003115        1.1068213275235633E-022
 Total Moment Coefficient(CMx, CMy, CMz)=
  0.33906121600007766       -1.0424779221366475E-006 -0.67213340277436961     
 Kstep, t=         235   235.00000000000000     
 ----------The Max Residuals are--------  ---Mesh---           1
    0.5849878994E-02    0.1079638944E-03    0.3354318250E-02    0.1084403984E-18    0.6979876265E-02
   The R.M.S Residuals are 
    0.4816892419E-03    0.2030379266E-05    0.2840744244E-03    0.6883009691E-20    0.5772992272E-03
 CPU wall time in this step:   3.2142736000000838E-002
 Averaged CPU wall time is:   3.5151535808510645E-002
   GS iter           1  res=   1.1368683772161603E-012  Ts(1,1,1)=   799.99500002499974       Ts(nx-1,ny-1,1)=   359.72744912491487     
   GS iter           2  res=   1.0231815394945443E-012  Ts(1,1,1)=   799.99500002499963       Ts(nx-1,ny-1,1)=   359.72744912491464     
   GS iter           3  res=   1.1368683772161603E-012  Ts(1,1,1)=   799.99500002499974       Ts(nx-1,ny-1,1)=   359.72744912491498     
   GS iter           4  res=   1.3642420526593924E-012  Ts(1,1,1)=   799.99500002499963       Ts(nx-1,ny-1,1)=   359.72744912491470     
   GS iter           5  res=   1.0231815394945443E-012  Ts(1,1,1)=   799.99500002499974       Ts(nx-1,ny-1,1)=   359.72744912491487     
 Solid solver Block           2  GS iterations:         100  final res:   7.9580786405131221E-013
   DBG: Ts(1,1,1)=   799.99500002499963       Ts(nx/2,ny/2,1)=   798.12501724812796       Ts(nx-1,ny-1,1)=   359.72744912491487     
 --------------Force and Moment -----------------------------
 Total Force Coefficient (CL, CD, CS) =
  -4.1921878820499311E-006   1.3562993476513359        1.1409060513790968E-022
 Total Moment Coefficient(CMx, CMy, CMz)=
  0.33907483691283408       -1.0480469704917205E-006 -0.67218211794048066     
 Kstep, t=         236   236.00000000000000     
 ----------The Max Residuals are--------  ---Mesh---           1
    0.5766666923E-02    0.1458963206E-03    0.3656989756E-02    0.9485798029E-19    0.6963426070E-02
   The R.M.S Residuals are 
    0.4572780428E-03    0.2236603725E-05    0.2680939036E-03    0.6443206506E-20    0.5494209613E-03
 CPU wall time in this step:   3.3974572999998287E-002
 Averaged CPU wall time is:   3.5146548677966100E-002
   GS iter           1  res=   7.9580786405131221E-013  Ts(1,1,1)=   799.99500002499974       Ts(nx-1,ny-1,1)=   359.72744912491476     
   GS iter           2  res=   7.9580786405131221E-013  Ts(1,1,1)=   799.99500002499963       Ts(nx-1,ny-1,1)=   359.72744912491498     
   GS iter           3  res=   1.0231815394945443E-012  Ts(1,1,1)=   799.99500002499974       Ts(nx-1,ny-1,1)=   359.72744912491481     
   GS iter           4  res=   1.5916157281026244E-012  Ts(1,1,1)=   799.99500002499963       Ts(nx-1,ny-1,1)=   359.72744912491481     
   GS iter           5  res=   9.0949470177292824E-013  Ts(1,1,1)=   799.99500002499974       Ts(nx-1,ny-1,1)=   359.72744912491481     
 Solid solver Block           2  GS iterations:         100  final res:   1.0231815394945443E-012
   DBG: Ts(1,1,1)=   799.99500002499963       Ts(nx/2,ny/2,1)=   798.12501724812796       Ts(nx-1,ny-1,1)=   359.72744912491476     
 --------------Force and Moment -----------------------------
 Total Force Coefficient (CL, CD, CS) =
  -4.2144817481777790E-006   1.3563539500776014        1.1659811185717540E-022
 Total Moment Coefficient(CMx, CMy, CMz)=
  0.33908848751940041       -1.0536204370236816E-006 -0.67223079518486950     
 Kstep, t=         237   237.00000000000000     
 ----------The Max Residuals are--------  ---Mesh---           1
    0.5245348373E-02    0.1444683518E-03    0.3317575124E-02    0.8133920627E-19    0.6373099160E-02
   The R.M.S Residuals are 
    0.4578798815E-03    0.2304060821E-05    0.2346028113E-03    0.6304617651E-20    0.5302333885E-03
 CPU wall time in this step:   3.2081490000001267E-002
 Averaged CPU wall time is:   3.5133615940928273E-002
   GS iter           1  res=   1.0231815394945443E-012  Ts(1,1,1)=   799.99500002499974       Ts(nx-1,ny-1,1)=   359.72744912491487     
   GS iter           2  res=   1.1368683772161603E-012  Ts(1,1,1)=   799.99500002499963       Ts(nx-1,ny-1,1)=   359.72744912491487     
   GS iter           3  res=   1.1368683772161603E-012  Ts(1,1,1)=   799.99500002499974       Ts(nx-1,ny-1,1)=   359.72744912491476     
   GS iter           4  res=   1.0231815394945443E-012  Ts(1,1,1)=   799.99500002499963       Ts(nx-1,ny-1,1)=   359.72744912491487     
   GS iter           5  res=   1.0231815394945443E-012  Ts(1,1,1)=   799.99500002499974       Ts(nx-1,ny-1,1)=   359.72744912491487     
 Solid solver Block           2  GS iterations:         100  final res:   9.0949470177292824E-013
   DBG: Ts(1,1,1)=   799.99500002499963       Ts(nx/2,ny/2,1)=   798.12501724812796       Ts(nx-1,ny-1,1)=   359.72744912491487     
 --------------Force and Moment -----------------------------
 Total Force Coefficient (CL, CD, CS) =
  -4.2367936057971760E-006   1.3564086528400559        1.1586047614825290E-022
 Total Moment Coefficient(CMx, CMy, CMz)=
  0.33910216321001352       -1.0591984014285300E-006 -0.67227941616767817     
 Kstep, t=         238   238.00000000000000     
 ----------The Max Residuals are--------  ---Mesh---           1
    0.5498397357E-02    0.1074798205E-03    0.3242848356E-02    0.9491748309E-19    0.6321317707E-02
   The R.M.S Residuals are 
    0.4914226359E-03    0.2249557146E-05    0.2833483954E-03    0.6591894451E-20    0.5792264318E-03
 CPU wall time in this step:   3.5679989000000134E-002
 Averaged CPU wall time is:   3.5135911626050426E-002
   GS iter           1  res=   9.0949470177292824E-013  Ts(1,1,1)=   799.99500002499974       Ts(nx-1,ny-1,1)=   359.72744912491476     
   GS iter           2  res=   1.1368683772161603E-012  Ts(1,1,1)=   799.99500002499963       Ts(nx-1,ny-1,1)=   359.72744912491487     
   GS iter           3  res=   1.0231815394945443E-012  Ts(1,1,1)=   799.99500002499974       Ts(nx-1,ny-1,1)=   359.72744912491476     
   GS iter           4  res=   1.0231815394945443E-012  Ts(1,1,1)=   799.99500002499963       Ts(nx-1,ny-1,1)=   359.72744912491487     
   GS iter           5  res=   9.0949470177292824E-013  Ts(1,1,1)=   799.99500002499974       Ts(nx-1,ny-1,1)=   359.72744912491487     
 Solid solver Block           2  GS iterations:         100  final res:   1.1368683772161603E-012
   DBG: Ts(1,1,1)=   799.99500002499963       Ts(nx/2,ny/2,1)=   798.12501724812796       Ts(nx-1,ny-1,1)=   359.72744912491476     
 --------------Force and Moment -----------------------------
 Total Force Coefficient (CL, CD, CS) =
  -4.2591237422983804E-006   1.3564634202924735        1.1678782808024347E-022
 Total Moment Coefficient(CMx, CMy, CMz)=
  0.33911585507311831       -1.0647809355538303E-006 -0.67232795104346454     
 Kstep, t=         239   239.00000000000000     
 ----------The Max Residuals are--------  ---Mesh---           1
    0.5759155927E-02    0.1450125533E-03    0.3715701227E-02    0.9488957882E-19    0.7181589392E-02
   The R.M.S Residuals are 
    0.4698672002E-03    0.2393471441E-05    0.2921994232E-03    0.6805743353E-20    0.5733777496E-03
 CPU wall time in this step:   3.1153925999999998E-002
 Averaged CPU wall time is:   3.5119250598326365E-002
   GS iter           1  res=   1.1368683772161603E-012  Ts(1,1,1)=   799.99500002499974       Ts(nx-1,ny-1,1)=   359.72744912491487     
   GS iter           2  res=   1.1368683772161603E-012  Ts(1,1,1)=   799.99500002499963       Ts(nx-1,ny-1,1)=   359.72744912491464     
   GS iter           3  res=   1.2505552149377763E-012  Ts(1,1,1)=   799.99500002499974       Ts(nx-1,ny-1,1)=   359.72744912491487     
   GS iter           4  res=   1.0231815394945443E-012  Ts(1,1,1)=   799.99500002499963       Ts(nx-1,ny-1,1)=   359.72744912491487     
   GS iter           5  res=   1.0231815394945443E-012  Ts(1,1,1)=   799.99500002499974       Ts(nx-1,ny-1,1)=   359.72744912491476     
 Solid solver Block           2  GS iterations:         100  final res:   1.0231815394945443E-012
   DBG: Ts(1,1,1)=   799.99500002499963       Ts(nx/2,ny/2,1)=   798.12501724812796       Ts(nx-1,ny-1,1)=   359.72744912491487     
 --------------Force and Moment -----------------------------
 Total Force Coefficient (CL, CD, CS) =
  -4.2814724001016188E-006   1.3565181998852403        1.1955477369987313E-022
 Total Moment Coefficient(CMx, CMy, CMz)=
  0.33912954997131023       -1.0703681000046391E-006 -0.67237635879695201     
 Kstep, t=         240   240.00000000000000     
 ----------The Max Residuals are--------  ---Mesh---           1
    0.5479212294E-02    0.1706649553E-03    0.3586415241E-02    0.8135770625E-19    0.6869305804E-02
   The R.M.S Residuals are 
    0.4385586915E-03    0.2600659052E-05    0.2287294607E-03    0.6607599184E-20    0.5150880508E-03
 CPU wall time in this step:   3.2565361999999709E-002
 Averaged CPU wall time is:   3.5108609395833337E-002
   GS iter           1  res=   1.0231815394945443E-012  Ts(1,1,1)=   799.99500002499974       Ts(nx-1,ny-1,1)=   359.72744912491476     
   GS iter           2  res=   1.1368683772161603E-012  Ts(1,1,1)=   799.99500002499963       Ts(nx-1,ny-1,1)=   359.72744912491487     
   GS iter           3  res=   7.9580786405131221E-013  Ts(1,1,1)=   799.99500002499974       Ts(nx-1,ny-1,1)=   359.72744912491476     
   GS iter           4  res=   9.0949470177292824E-013  Ts(1,1,1)=   799.99500002499963       Ts(nx-1,ny-1,1)=   359.72744912491487     
   GS iter           5  res=   1.0231815394945443E-012  Ts(1,1,1)=   799.99500002499974       Ts(nx-1,ny-1,1)=   359.72744912491487     
 Solid solver Block           2  GS iterations:         100  final res:   1.1368683772161603E-012
   DBG: Ts(1,1,1)=   799.99500002499963       Ts(nx/2,ny/2,1)=   798.12501724812796       Ts(nx-1,ny-1,1)=   359.72744912491476     
 --------------Force and Moment -----------------------------
 Total Force Coefficient (CL, CD, CS) =
  -4.3038397637389080E-006   1.3565729232940067        1.2212435743145667E-022
 Total Moment Coefficient(CMx, CMy, CMz)=
  0.33914323082350184       -1.0759599409139605E-006 -0.67242458813829253     
 Kstep, t=         241   241.00000000000000     
 ----------The Max Residuals are--------  ---Mesh---           1
    0.5383206863E-02    0.1512595142E-03    0.2999373686E-02    0.1084816864E-18    0.6243018744E-02
   The R.M.S Residuals are 
    0.4810987575E-03    0.2581752727E-05    0.2478414233E-03    0.6468422586E-20    0.5512838861E-03
 CPU wall time in this step:   4.3258800000000264E-002
 Averaged CPU wall time is:   3.5142427614107886E-002
   GS iter           1  res=   1.2505552149377763E-012  Ts(1,1,1)=   799.99500002499974       Ts(nx-1,ny-1,1)=   359.72744912491487     
   GS iter           2  res=   1.0231815394945443E-012  Ts(1,1,1)=   799.99500002499963       Ts(nx-1,ny-1,1)=   359.72744912491476     
   GS iter           3  res=   1.1368683772161603E-012  Ts(1,1,1)=   799.99500002499974       Ts(nx-1,ny-1,1)=   359.72744912491487     
   GS iter           4  res=   1.0231815394945443E-012  Ts(1,1,1)=   799.99500002499963       Ts(nx-1,ny-1,1)=   359.72744912491487     
   GS iter           5  res=   9.0949470177292824E-013  Ts(1,1,1)=   799.99500002499974       Ts(nx-1,ny-1,1)=   359.72744912491476     
 Solid solver Block           2  GS iterations:         100  final res:   9.0949470177292824E-013
   DBG: Ts(1,1,1)=   799.99500002499963       Ts(nx/2,ny/2,1)=   798.12501724812796       Ts(nx-1,ny-1,1)=   359.72744912491487     
 --------------Force and Moment -----------------------------
 Total Force Coefficient (CL, CD, CS) =
  -4.3262259483011878E-006   1.3566275083904624        1.2103093983988921E-022
 Total Moment Coefficient(CMx, CMy, CMz)=
  0.33915687709761561       -1.0815564870545300E-006 -0.67247257896668000     
 Kstep, t=         242   242.00000000000000     
 ----------The Max Residuals are--------  ---Mesh---           1
    0.5909891330E-02    0.1295558268E-03    0.3586574680E-02    0.1355208370E-18    0.7187477782E-02
   The R.M.S Residuals are 
    0.5003762695E-03    0.2575026221E-05    0.3150334471E-03    0.6578894267E-20    0.6072905349E-03
 CPU wall time in this step:   3.1561270999999280E-002
 Averaged CPU wall time is:   3.5127629446280992E-002
   GS iter           1  res=   1.1368683772161603E-012  Ts(1,1,1)=   799.99500002499974       Ts(nx-1,ny-1,1)=   359.72744912491487     
   GS iter           2  res=   1.0231815394945443E-012  Ts(1,1,1)=   799.99500002499963       Ts(nx-1,ny-1,1)=   359.72744912491476     
   GS iter           3  res=   1.0231815394945443E-012  Ts(1,1,1)=   799.99500002499974       Ts(nx-1,ny-1,1)=   359.72744912491487     
   GS iter           4  res=   1.4779288903810084E-012  Ts(1,1,1)=   799.99500002499963       Ts(nx-1,ny-1,1)=   359.72744912491476     
   GS iter           5  res=   9.0949470177292824E-013  Ts(1,1,1)=   799.99500002499974       Ts(nx-1,ny-1,1)=   359.72744912491487     
 Solid solver Block           2  GS iterations:         100  final res:   9.0949470177292824E-013
   DBG: Ts(1,1,1)=   799.99500002499963       Ts(nx/2,ny/2,1)=   798.12501724812796       Ts(nx-1,ny-1,1)=   359.72744912491487     
 --------------Force and Moment -----------------------------
 Total Force Coefficient (CL, CD, CS) =
  -4.3486309899626782E-006   1.3566818620284757        1.2530937109790564E-022
 Total Moment Coefficient(CMx, CMy, CMz)=
  0.33917046550711893       -1.0871577474699014E-006 -0.67252026438019707     
 Kstep, t=         243   243.00000000000000     
 ----------The Max Residuals are--------  ---Mesh---           1
    0.5736818467E-02    0.1847383426E-03    0.3494693051E-02    0.9487215106E-19    0.6910480321E-02
   The R.M.S Residuals are 
    0.4413481621E-03    0.2843832177E-05    0.2634914048E-03    0.6085926037E-20    0.5384159155E-03
 CPU wall time in this step:   3.4093830999999852E-002
 Averaged CPU wall time is:   3.5123375131687243E-002
   GS iter           1  res=   9.0949470177292824E-013  Ts(1,1,1)=   799.99500002499974       Ts(nx-1,ny-1,1)=   359.72744912491487     
   GS iter           2  res=   9.0949470177292824E-013  Ts(1,1,1)=   799.99500002499963       Ts(nx-1,ny-1,1)=   359.72744912491498     
   GS iter           3  res=   9.0949470177292824E-013  Ts(1,1,1)=   799.99500002499974       Ts(nx-1,ny-1,1)=   359.72744912491470     
   GS iter           4  res=   1.0231815394945443E-012  Ts(1,1,1)=   799.99500002499963       Ts(nx-1,ny-1,1)=   359.72744912491487     
   GS iter           5  res=   9.0949470177292824E-013  Ts(1,1,1)=   799.99500002499974       Ts(nx-1,ny-1,1)=   359.72744912491464     
 Solid solver Block           2  GS iterations:         100  final res:   1.0231815394945443E-012
   DBG: Ts(1,1,1)=   799.99500002499963       Ts(nx/2,ny/2,1)=   798.12501724812796       Ts(nx-1,ny-1,1)=   359.72744912491487     
 --------------Force and Moment -----------------------------
 Total Force Coefficient (CL, CD, CS) =
  -4.3710548392541537E-006   1.3567358835724443        1.3173474960640649E-022
 Total Moment Coefficient(CMx, CMy, CMz)=
  0.33918397089311125       -1.0927637097927698E-006 -0.67256757317737359     
 Kstep, t=         244   244.00000000000000     
 ----------The Max Residuals are--------  ---Mesh---           1
    0.5069985633E-02    0.1888106983E-03    0.3239251141E-02    0.9490643841E-19    0.6268240041E-02
   The R.M.S Residuals are 
    0.4470571421E-03    0.2954323871E-05    0.2026642981E-03    0.6867247332E-20    0.5041110993E-03
 CPU wall time in this step:   3.3685652000000843E-002
 Averaged CPU wall time is:   3.5117482823770495E-002
   GS iter           1  res=   1.0231815394945443E-012  Ts(1,1,1)=   799.99500002499974       Ts(nx-1,ny-1,1)=   359.72744912491487     
   GS iter           2  res=   1.0231815394945443E-012  Ts(1,1,1)=   799.99500002499963       Ts(nx-1,ny-1,1)=   359.72744912491464     
   GS iter           3  res=   1.1368683772161603E-012  Ts(1,1,1)=   799.99500002499974       Ts(nx-1,ny-1,1)=   359.72744912491498     
   GS iter           4  res=   9.0949470177292824E-013  Ts(1,1,1)=   799.99500002499963       Ts(nx-1,ny-1,1)=   359.72744912491470     
   GS iter           5  res=   1.0231815394945443E-012  Ts(1,1,1)=   799.99500002499974       Ts(nx-1,ny-1,1)=   359.72744912491487     
 Solid solver Block           2  GS iterations:         100  final res:   1.0231815394945443E-012
   DBG: Ts(1,1,1)=   799.99500002499963       Ts(nx/2,ny/2,1)=   798.12501724812796       Ts(nx-1,ny-1,1)=   359.72744912491498     
 --------------Force and Moment -----------------------------
 Total Force Coefficient (CL, CD, CS) =
  -4.3934973576701369E-006   1.3567894690484021        1.3810056158387986E-022
 Total Moment Coefficient(CMx, CMy, CMz)=
  0.33919736726210026       -1.0983743393967648E-006 -0.67261443276410782     
 Kstep, t=         245   245.00000000000000     
 ----------The Max Residuals are--------  ---Mesh---           1
    0.5782135314E-02    0.1458309123E-03    0.3194359527E-02    0.8135702308E-19    0.6814560441E-02
   The R.M.S Residuals are 
    0.5108006483E-03    0.2874876692E-05    0.2962833083E-03    0.6163676345E-20    0.6017659268E-03
 CPU wall time in this step:   3.1555361999998865E-002
 Averaged CPU wall time is:   3.5102943555102038E-002
   GS iter           1  res=   1.4779288903810084E-012  Ts(1,1,1)=   799.99500002499974       Ts(nx-1,ny-1,1)=   359.72744912491470     
   GS iter           2  res=   1.1368683772161603E-012  Ts(1,1,1)=   799.99500002499963       Ts(nx-1,ny-1,1)=   359.72744912491487     
   GS iter           3  res=   1.0231815394945443E-012  Ts(1,1,1)=   799.99500002499974       Ts(nx-1,ny-1,1)=   359.72744912491476     
   GS iter           4  res=   9.0949470177292824E-013  Ts(1,1,1)=   799.99500002499963       Ts(nx-1,ny-1,1)=   359.72744912491487     
   GS iter           5  res=   6.8212102632969618E-013  Ts(1,1,1)=   799.99500002499974       Ts(nx-1,ny-1,1)=   359.72744912491476     
 Solid solver Block           2  GS iterations:         100  final res:   1.1368683772161603E-012
   DBG: Ts(1,1,1)=   799.99500002499963       Ts(nx/2,ny/2,1)=   798.12501724812796       Ts(nx-1,ny-1,1)=   359.72744912491481     
 --------------Force and Moment -----------------------------
 Total Force Coefficient (CL, CD, CS) =
  -4.4159583180624445E-006   1.3568425157550938        1.4103279105477824E-022
 Total Moment Coefficient(CMx, CMy, CMz)=
  0.33921062893877318       -1.1039895794948408E-006 -0.67266077235016464     
 Kstep, t=         246   246.00000000000000     
 ----------The Max Residuals are--------  ---Mesh---           1
    0.5588796750E-02    0.1806386516E-03    0.3723391642E-02    0.1084993909E-18    0.7109519636E-02
   The R.M.S Residuals are 
    0.4757857411E-03    0.3034704602E-05    0.3120121972E-03    0.6552477072E-20    0.5903159579E-03
 CPU wall time in this step:   3.8849436000001347E-002
 Averaged CPU wall time is:   3.5118173199186996E-002
   GS iter           1  res=   1.1368683772161603E-012  Ts(1,1,1)=   799.99500002499974       Ts(nx-1,ny-1,1)=   359.72744912491481     
   GS iter           2  res=   1.2505552149377763E-012  Ts(1,1,1)=   799.99500002499963       Ts(nx-1,ny-1,1)=   359.72744912491481     
   GS iter           3  res=   9.0949470177292824E-013  Ts(1,1,1)=   799.99500002499974       Ts(nx-1,ny-1,1)=   359.72744912491493     
   GS iter           4  res=   1.2505552149377763E-012  Ts(1,1,1)=   799.99500002499963       Ts(nx-1,ny-1,1)=   359.72744912491476     
   GS iter           5  res=   1.3642420526593924E-012  Ts(1,1,1)=   799.99500002499974       Ts(nx-1,ny-1,1)=   359.72744912491487     
 Solid solver Block           2  GS iterations:         100  final res:   1.0231815394945443E-012
   DBG: Ts(1,1,1)=   799.99500002499963       Ts(nx/2,ny/2,1)=   798.12501724812796       Ts(nx-1,ny-1,1)=   359.72744912491487     
 --------------Force and Moment -----------------------------
 Total Force Coefficient (CL, CD, CS) =
  -4.4384374091005803E-006   1.3568949271346220        1.4681754723636215E-022
 Total Moment Coefficient(CMx, CMy, CMz)=
  0.33922373178365550       -1.1096093522543739E-006 -0.67270652629446204     
 Kstep, t=         247   247.00000000000000     
 ----------The Max Residuals are--------  ---Mesh---           1
    0.5434760669E-02    0.2195583340E-03    0.3551399223E-02    0.1084642375E-18    0.6800814608E-02
   The R.M.S Residuals are 
    0.4195106261E-03    0.3323135611E-05    0.2037077533E-03    0.6771023932E-20    0.4876612159E-03
 CPU wall time in this step:   3.2475029999998739E-002
 Averaged CPU wall time is:   3.5107472214574893E-002
   GS iter           1  res=   7.9580786405131221E-013  Ts(1,1,1)=   799.99500002499974       Ts(nx-1,ny-1,1)=   359.72744912491487     
   GS iter           2  res=   1.1368683772161603E-012  Ts(1,1,1)=   799.99500002499963       Ts(nx-1,ny-1,1)=   359.72744912491464     
   GS iter           3  res=   1.1368683772161603E-012  Ts(1,1,1)=   799.99500002499974       Ts(nx-1,ny-1,1)=   359.72744912491487     
   GS iter           4  res=   1.1368683772161603E-012  Ts(1,1,1)=   799.99500002499963       Ts(nx-1,ny-1,1)=   359.72744912491487     
   GS iter           5  res=   9.0949470177292824E-013  Ts(1,1,1)=   799.99500002499974       Ts(nx-1,ny-1,1)=   359.72744912491476     
 Solid solver Block           2  GS iterations:         100  final res:   9.0949470177292824E-013
   DBG: Ts(1,1,1)=   799.99500002499963       Ts(nx/2,ny/2,1)=   798.12501724812796       Ts(nx-1,ny-1,1)=   359.72744912491476     
 --------------Force and Moment -----------------------------
 Total Force Coefficient (CL, CD, CS) =
  -4.4609342438748636E-006   1.3569466176728868        1.4797805516072140E-022
 Total Moment Coefficient(CMx, CMy, CMz)=
  0.33923665441822193       -1.1152335609479437E-006 -0.67275163743940203     
 Kstep, t=         248   248.00000000000000     
 ----------The Max Residuals are--------  ---Mesh---           1
    0.5299148804E-02    0.1979138527E-03    0.3051525763E-02    0.1220309442E-18    0.5986987084E-02
   The R.M.S Residuals are 
    0.4872095671E-03    0.3302020896E-05    0.2419982688E-03    0.6852717596E-20    0.5544267094E-03
 CPU wall time in this step:   4.1628038000000700E-002
 Averaged CPU wall time is:   3.5133764818548387E-002
   GS iter           1  res=   9.0949470177292824E-013  Ts(1,1,1)=   799.99500002499974       Ts(nx-1,ny-1,1)=   359.72744912491487     
   GS iter           2  res=   9.0949470177292824E-013  Ts(1,1,1)=   799.99500002499963       Ts(nx-1,ny-1,1)=   359.72744912491487     
   GS iter           3  res=   1.0231815394945443E-012  Ts(1,1,1)=   799.99500002499974       Ts(nx-1,ny-1,1)=   359.72744912491476     
   GS iter           4  res=   1.0231815394945443E-012  Ts(1,1,1)=   799.99500002499963       Ts(nx-1,ny-1,1)=   359.72744912491487     
   GS iter           5  res=   1.0231815394945443E-012  Ts(1,1,1)=   799.99500002499974       Ts(nx-1,ny-1,1)=   359.72744912491476     
 Solid solver Block           2  GS iterations:         100  final res:   7.9580786405131221E-013
   DBG: Ts(1,1,1)=   799.99500002499963       Ts(nx/2,ny/2,1)=   798.12501724812796       Ts(nx-1,ny-1,1)=   359.72744912491487     
 --------------Force and Moment -----------------------------
 Total Force Coefficient (CL, CD, CS) =
  -4.4834483724929773E-006   1.3569975175813216        1.5259385139300412E-022
 Total Moment Coefficient(CMx, CMy, CMz)=
  0.33924937939533006       -1.1208620931024717E-006 -0.67279606026317040     
 Kstep, t=         249   249.00000000000000     
 ----------The Max Residuals are--------  ---Mesh---           1
    0.5868844973E-02    0.1622739056E-03    0.3705042866E-02    0.1084805235E-18    0.7226089488E-02
   The R.M.S Residuals are 
    0.5093728559E-03    0.3273634679E-05    0.3270172517E-03    0.7091942043E-20    0.6189456157E-03
 CPU wall time in this step:   3.0529813999999433E-002
 Averaged CPU wall time is:   3.5115275056224901E-002
   GS iter           1  res=   9.0949470177292824E-013  Ts(1,1,1)=   799.99500002499974       Ts(nx-1,ny-1,1)=   359.72744912491487     
   GS iter           2  res=   1.1368683772161603E-012  Ts(1,1,1)=   799.99500002499963       Ts(nx-1,ny-1,1)=   359.72744912491476     
   GS iter           3  res=   9.0949470177292824E-013  Ts(1,1,1)=   799.99500002499974       Ts(nx-1,ny-1,1)=   359.72744912491487     
   GS iter           4  res=   1.0231815394945443E-012  Ts(1,1,1)=   799.99500002499963       Ts(nx-1,ny-1,1)=   359.72744912491476     
   GS iter           5  res=   1.0231815394945443E-012  Ts(1,1,1)=   799.99500002499974       Ts(nx-1,ny-1,1)=   359.72744912491487     
 Solid solver Block           2  GS iterations:         100  final res:   1.0231815394945443E-012
   DBG: Ts(1,1,1)=   799.99500002499963       Ts(nx/2,ny/2,1)=   798.12501724812796       Ts(nx-1,ny-1,1)=   359.72744912491470     
 --------------Force and Moment -----------------------------
 Total Force Coefficient (CL, CD, CS) =
  -4.5059792982867899E-006   1.3570475770052042        1.5288511454368287E-022
 Total Moment Coefficient(CMx, CMy, CMz)=
  0.33926189425130104       -1.1264948245509238E-006 -0.67283976367636478     
 Kstep, t=         250   250.00000000000000     
 ----------The Max Residuals are--------  ---Mesh---           1
    0.5705465921E-02    0.2360409364E-03    0.3410606903E-02    0.9488462543E-19    0.6843387498E-02
   The R.M.S Residuals are 
    0.4372675285E-03    0.3623703983E-05    0.2655822026E-03    0.6572965356E-20    0.5383995641E-03
 CPU wall time in this step:   3.2314275000000947E-002
 Averaged CPU wall time is:   3.5104071056000004E-002
   GS iter           1  res=   9.0949470177292824E-013  Ts(1,1,1)=   799.99500002499974       Ts(nx-1,ny-1,1)=   359.72744912491487     
   GS iter           2  res=   1.0231815394945443E-012  Ts(1,1,1)=   799.99500002499963       Ts(nx-1,ny-1,1)=   359.72744912491487     
   GS iter           3  res=   1.1368683772161603E-012  Ts(1,1,1)=   799.99500002499974       Ts(nx-1,ny-1,1)=   359.72744912491476     
   GS iter           4  res=   1.2505552149377763E-012  Ts(1,1,1)=   799.99500002499963       Ts(nx-1,ny-1,1)=   359.72744912491487     
   GS iter           5  res=   9.0949470177292824E-013  Ts(1,1,1)=   799.99500002499974       Ts(nx-1,ny-1,1)=   359.72744912491487     
 Solid solver Block           2  GS iterations:         100  final res:   1.0231815394945443E-012
   DBG: Ts(1,1,1)=   799.99500002499963       Ts(nx/2,ny/2,1)=   798.12501724812796       Ts(nx-1,ny-1,1)=   359.72744912491487     
 --------------Force and Moment -----------------------------
 Total Force Coefficient (CL, CD, CS) =
  -4.5285264970187480E-006   1.3570967695114031        1.5630477671080413E-022
 Total Moment Coefficient(CMx, CMy, CMz)=
  0.33927419237785078       -1.1321316242339125E-006 -0.67288273329620107     
 Kstep, t=         251   251.00000000000000     
 ----------The Max Residuals are--------  ---Mesh---           1
    0.5072708228E-02    0.2425690739E-03    0.3216447080E-02    0.9490485842E-19    0.6301267244E-02
   The R.M.S Residuals are 
    0.4404045914E-03    0.3768786673E-05    0.1884079004E-03    0.6167806074E-20    0.4912087206E-03
 CPU wall time in this step:   4.7987843999999669E-002
 Averaged CPU wall time is:   3.5155400828685263E-002
   GS iter           1  res=   1.0231815394945443E-012  Ts(1,1,1)=   799.99500002499974       Ts(nx-1,ny-1,1)=   359.72744912491476     
   GS iter           2  res=   1.0231815394945443E-012  Ts(1,1,1)=   799.99500002499963       Ts(nx-1,ny-1,1)=   359.72744912491487     
   GS iter           3  res=   1.0231815394945443E-012  Ts(1,1,1)=   799.99500002499974       Ts(nx-1,ny-1,1)=   359.72744912491476     
   GS iter           4  res=   1.0231815394945443E-012  Ts(1,1,1)=   799.99500002499963       Ts(nx-1,ny-1,1)=   359.72744912491487     
   GS iter           5  res=   7.9580786405131221E-013  Ts(1,1,1)=   799.99500002499974       Ts(nx-1,ny-1,1)=   359.72744912491476     
 Solid solver Block           2  GS iterations:         100  final res:   1.1368683772161603E-012
   DBG: Ts(1,1,1)=   799.99500002499963       Ts(nx/2,ny/2,1)=   798.12501724812796       Ts(nx-1,ny-1,1)=   359.72744912491476     
 --------------Force and Moment -----------------------------
 Total Force Coefficient (CL, CD, CS) =
  -4.5510894382694297E-006   1.3571450946303814        1.6002406084378506E-022
 Total Moment Coefficient(CMx, CMy, CMz)=
  0.33928627365759556       -1.1377723595465820E-006 -0.67292497304832166     
 Kstep, t=         252   252.00000000000000     
 ----------The Max Residuals are--------  ---Mesh---           1
    0.5910316826E-02    0.1865048727E-03    0.3465774211E-02    0.8133524534E-19    0.7103099489E-02
   The R.M.S Residuals are 
    0.5173968863E-03    0.3655768830E-05    0.2986140265E-03    0.6503409091E-20    0.6095324204E-03
 CPU wall time in this step:   3.1359356999999477E-002
 Averaged CPU wall time is:   3.5140337162698411E-002
   GS iter           1  res=   1.0231815394945443E-012  Ts(1,1,1)=   799.99500002499974       Ts(nx-1,ny-1,1)=   359.72744912491487     
   GS iter           2  res=   9.0949470177292824E-013  Ts(1,1,1)=   799.99500002499963       Ts(nx-1,ny-1,1)=   359.72744912491476     
   GS iter           3  res=   1.0231815394945443E-012  Ts(1,1,1)=   799.99500002499974       Ts(nx-1,ny-1,1)=   359.72744912491487     
   GS iter           4  res=   1.1368683772161603E-012  Ts(1,1,1)=   799.99500002499963       Ts(nx-1,ny-1,1)=   359.72744912491476     
   GS iter           5  res=   1.0231815394945443E-012  Ts(1,1,1)=   799.99500002499974       Ts(nx-1,ny-1,1)=   359.72744912491487     
 Solid solver Block           2  GS iterations:         100  final res:   9.0949470177292824E-013
   DBG: Ts(1,1,1)=   799.99500002499963       Ts(nx/2,ny/2,1)=   798.12501724812796       Ts(nx-1,ny-1,1)=   359.72744912491476     
 --------------Force and Moment -----------------------------
 Total Force Coefficient (CL, CD, CS) =
  -4.5736676080147114E-006   1.3571925792637700        1.6188125032005337E-022
 Total Moment Coefficient(CMx, CMy, CMz)=
  0.33929814481594239       -1.1434169019829018E-006 -0.67296650597258278     
 Kstep, t=         253   253.00000000000000     
 ----------The Max Residuals are--------  ---Mesh---           1
    0.5491254971E-02    0.2323378948E-03    0.3629566328E-02    0.1084566189E-18    0.6912354205E-02
   The R.M.S Residuals are 
    0.4807568139E-03    0.3865758710E-05    0.3185101089E-03    0.6493665525E-20    0.5970757029E-03
 CPU wall time in this step:   3.4792321000001181E-002
 Averaged CPU wall time is:   3.5138961604743085E-002
   GS iter           1  res=   9.0949470177292824E-013  Ts(1,1,1)=   799.99500002499974       Ts(nx-1,ny-1,1)=   359.72744912491487     
   GS iter           2  res=   1.0231815394945443E-012  Ts(1,1,1)=   799.99500002499963       Ts(nx-1,ny-1,1)=   359.72744912491487     
   GS iter           3  res=   1.2505552149377763E-012  Ts(1,1,1)=   799.99500002499974       Ts(nx-1,ny-1,1)=   359.72744912491487     
   GS iter           4  res=   1.2505552149377763E-012  Ts(1,1,1)=   799.99500002499963       Ts(nx-1,ny-1,1)=   359.72744912491498     
   GS iter           5  res=   1.0231815394945443E-012  Ts(1,1,1)=   799.99500002499974       Ts(nx-1,ny-1,1)=   359.72744912491493     
 Solid solver Block           2  GS iterations:         100  final res:   7.9580786405131221E-013
   DBG: Ts(1,1,1)=   799.99500002499963       Ts(nx/2,ny/2,1)=   798.12501724812796       Ts(nx-1,ny-1,1)=   359.72744912491487     
 --------------Force and Moment -----------------------------
 Total Force Coefficient (CL, CD, CS) =
  -4.5962605312741808E-006   1.3572392778186200        1.6645542376968491E-022
 Total Moment Coefficient(CMx, CMy, CMz)=
  0.33930981945465494       -1.1490651327977690E-006 -0.67300737414447731     
 Kstep, t=         254   254.00000000000000     
 ----------The Max Residuals are--------  ---Mesh---           1
    0.5440706232E-02    0.2808361279E-03    0.3517712853E-02    0.9489761189E-19    0.6755413426E-02
   The R.M.S Residuals are 
    0.4176711922E-03    0.4234635564E-05    0.2035591182E-03    0.5913168373E-20    0.4861282988E-03
 CPU wall time in this step:   3.7809605999999718E-002
 Averaged CPU wall time is:   3.5149475952755908E-002
   GS iter           1  res=   9.0949470177292824E-013  Ts(1,1,1)=   799.99500002499974       Ts(nx-1,ny-1,1)=   359.72744912491464     
   GS iter           2  res=   1.0231815394945443E-012  Ts(1,1,1)=   799.99500002499963       Ts(nx-1,ny-1,1)=   359.72744912491498     
   GS iter           3  res=   1.0231815394945443E-012  Ts(1,1,1)=   799.99500002499974       Ts(nx-1,ny-1,1)=   359.72744912491481     
   GS iter           4  res=   1.2505552149377763E-012  Ts(1,1,1)=   799.99500002499963       Ts(nx-1,ny-1,1)=   359.72744912491481     
   GS iter           5  res=   1.3642420526593924E-012  Ts(1,1,1)=   799.99500002499974       Ts(nx-1,ny-1,1)=   359.72744912491481     
 Solid solver Block           2  GS iterations:         100  final res:   1.0231815394945443E-012
   DBG: Ts(1,1,1)=   799.99500002499963       Ts(nx/2,ny/2,1)=   798.12501724812796       Ts(nx-1,ny-1,1)=   359.72744912491487     
 --------------Force and Moment -----------------------------
 Total Force Coefficient (CL, CD, CS) =
  -4.6188677936430516E-006   1.3572852709910421        1.6772950219800200E-022
 Total Moment Coefficient(CMx, CMy, CMz)=
  0.33932131774776048       -1.1547169483899856E-006 -0.67304763766676790     
 Kstep, t=         255   255.00000000000000     
 ----------The Max Residuals are--------  ---Mesh---           1
    0.5636068650E-02    0.2493656744E-03    0.3018047917E-02    0.8135046986E-19    0.6538501469E-02
   The R.M.S Residuals are 
    0.4857560523E-03    0.4188936849E-05    0.2406539893E-03    0.6116843520E-20    0.5535295997E-03
 CPU wall time in this step:   3.4069151999998937E-002
 Averaged CPU wall time is:   3.5145239388235293E-002
   GS iter           1  res=   1.0231815394945443E-012  Ts(1,1,1)=   799.99500002499974       Ts(nx-1,ny-1,1)=   359.72744912491476     
   GS iter           2  res=   1.1368683772161603E-012  Ts(1,1,1)=   799.99500002499963       Ts(nx-1,ny-1,1)=   359.72744912491487     
   GS iter           3  res=   1.1368683772161603E-012  Ts(1,1,1)=   799.99500002499974       Ts(nx-1,ny-1,1)=   359.72744912491487     
   GS iter           4  res=   9.0949470177292824E-013  Ts(1,1,1)=   799.99500002499963       Ts(nx-1,ny-1,1)=   359.72744912491476     
   GS iter           5  res=   9.0949470177292824E-013  Ts(1,1,1)=   799.99500002499974       Ts(nx-1,ny-1,1)=   359.72744912491487     
 Solid solver Block           2  GS iterations:         100  final res:   1.0231815394945443E-012
   DBG: Ts(1,1,1)=   799.99500002499963       Ts(nx/2,ny/2,1)=   798.12501724812796       Ts(nx-1,ny-1,1)=   359.72744912491476     
 --------------Force and Moment -----------------------------
 Total Force Coefficient (CL, CD, CS) =
  -4.6414890605150520E-006   1.3573306631925013        1.7320095784004871E-022
 Total Moment Coefficient(CMx, CMy, CMz)=
  0.33933266579812554       -1.1603722651079851E-006 -0.67308737273460983     
 Kstep, t=         256   256.00000000000000     
 ----------The Max Residuals are--------  ---Mesh---           1
    0.5738184991E-02    0.2140939401E-03    0.3732164539E-02    0.8134143450E-19    0.7179697531E-02
   The R.M.S Residuals are 
    0.5097707146E-03    0.4163032493E-05    0.3237879147E-03    0.6330223410E-20    0.6176678624E-03
 CPU wall time in this step:   2.9443920000000290E-002
 Averaged CPU wall time is:   3.5122968609374999E-002
   GS iter           1  res=   7.9580786405131221E-013  Ts(1,1,1)=   799.99500002499974       Ts(nx-1,ny-1,1)=   359.72744912491487     
   GS iter           2  res=   1.0231815394945443E-012  Ts(1,1,1)=   799.99500002499963       Ts(nx-1,ny-1,1)=   359.72744912491476     
   GS iter           3  res=   1.1368683772161603E-012  Ts(1,1,1)=   799.99500002499974       Ts(nx-1,ny-1,1)=   359.72744912491487     
   GS iter           4  res=   9.0949470177292824E-013  Ts(1,1,1)=   799.99500002499963       Ts(nx-1,ny-1,1)=   359.72744912491476     
   GS iter           5  res=   1.0231815394945443E-012  Ts(1,1,1)=   799.99500002499974       Ts(nx-1,ny-1,1)=   359.72744912491487     
 Solid solver Block           2  GS iterations:         100  final res:   1.0231815394945443E-012
   DBG: Ts(1,1,1)=   799.99500002499963       Ts(nx/2,ny/2,1)=   798.12501724812796       Ts(nx-1,ny-1,1)=   359.72744912491476     
 --------------Force and Moment -----------------------------
 Total Force Coefficient (CL, CD, CS) =
  -4.6641240928681136E-006   1.3573755786882158        1.7789270257088759E-022
 Total Moment Coefficient(CMx, CMy, CMz)=
  0.33934389467205406       -1.1660310231962498E-006 -0.67312666882959582     
 Kstep, t=         257   257.00000000000000     
 ----------The Max Residuals are--------  ---Mesh---           1
    0.5668032686E-02    0.3048498965E-03    0.3306655264E-02    0.9489877952E-19    0.6728842880E-02
   The R.M.S Residuals are 
    0.4428191174E-03    0.4626952425E-05    0.2687183490E-03    0.6148618004E-20    0.5426152692E-03
 CPU wall time in this step:   3.0093395999999828E-002
 Averaged CPU wall time is:   3.5103398287937744E-002
   GS iter           1  res=   9.0949470177292824E-013  Ts(1,1,1)=   799.99500002499974       Ts(nx-1,ny-1,1)=   359.72744912491487     
   GS iter           2  res=   1.0231815394945443E-012  Ts(1,1,1)=   799.99500002499963       Ts(nx-1,ny-1,1)=   359.72744912491476     
   GS iter           3  res=   9.0949470177292824E-013  Ts(1,1,1)=   799.99500002499974       Ts(nx-1,ny-1,1)=   359.72744912491464     
   GS iter           4  res=   6.8212102632969618E-013  Ts(1,1,1)=   799.99500002499963       Ts(nx-1,ny-1,1)=   359.72744912491487     
   GS iter           5  res=   1.0231815394945443E-012  Ts(1,1,1)=   799.99500002499974       Ts(nx-1,ny-1,1)=   359.72744912491476     
 Solid solver Block           2  GS iterations:         100  final res:   1.0231815394945443E-012
   DBG: Ts(1,1,1)=   799.99500002499963       Ts(nx/2,ny/2,1)=   798.12501724812796       Ts(nx-1,ny-1,1)=   359.72744912491476     
 --------------Force and Moment -----------------------------
 Total Force Coefficient (CL, CD, CS) =
  -4.6867727586187671E-006   1.3574201565945954        1.7989360618473563E-022
 Total Moment Coefficient(CMx, CMy, CMz)=
  0.33935503914864878       -1.1716931896339130E-006 -0.67316562515086176     
 Kstep, t=         258   258.00000000000000     
 ----------The Max Residuals are--------  ---Mesh---           1
    0.5011863167E-02    0.3053600287E-03    0.3255287607E-02    0.1084328849E-18    0.6277305835E-02
   The R.M.S Residuals are 
    0.4424916948E-03    0.4776882684E-05    0.1990809519E-03    0.6152155746E-20    0.4991582884E-03
 CPU wall time in this step:   2.9690639000000019E-002
 Averaged CPU wall time is:   3.5082418600775191E-002
   GS iter           1  res=   1.3642420526593924E-012  Ts(1,1,1)=   799.99500002499974       Ts(nx-1,ny-1,1)=   359.72744912491487     
   GS iter           2  res=   9.0949470177292824E-013  Ts(1,1,1)=   799.99500002499963       Ts(nx-1,ny-1,1)=   359.72744912491476     
   GS iter           3  res=   1.2505552149377763E-012  Ts(1,1,1)=   799.99500002499974       Ts(nx-1,ny-1,1)=   359.72744912491487     
   GS iter           4  res=   7.9580786405131221E-013  Ts(1,1,1)=   799.99500002499963       Ts(nx-1,ny-1,1)=   359.72744912491476     
   GS iter           5  res=   9.0949470177292824E-013  Ts(1,1,1)=   799.99500002499974       Ts(nx-1,ny-1,1)=   359.72744912491487     
 Solid solver Block           2  GS iterations:         100  final res:   1.0231815394945443E-012
   DBG: Ts(1,1,1)=   799.99500002499963       Ts(nx/2,ny/2,1)=   798.12501724812796       Ts(nx-1,ny-1,1)=   359.72744912491487     
 --------------Force and Moment -----------------------------
 Total Force Coefficient (CL, CD, CS) =
  -4.7094350387514872E-006   1.3574645449566749        1.8181451468784252E-022
 Total Moment Coefficient(CMx, CMy, CMz)=
  0.33936613623916856       -1.1773587596670913E-006 -0.67320434644147986     
 Kstep, t=         259   259.00000000000000     
 ----------The Max Residuals are--------  ---Mesh---           1
    0.5925320619E-02    0.2233244079E-03    0.3635099756E-02    0.9489596439E-19    0.7221209234E-02
   The R.M.S Residuals are 
    0.5097847751E-03    0.4621639816E-05    0.2921679132E-03    0.6567569442E-20    0.6003410263E-03
 CPU wall time in this step:   2.9528095999999948E-002
 Averaged CPU wall time is:   3.5060973339768341E-002
   GS iter           1  res=   1.0231815394945443E-012  Ts(1,1,1)=   799.99500002499974       Ts(nx-1,ny-1,1)=   359.72744912491487     
   GS iter           2  res=   1.0231815394945443E-012  Ts(1,1,1)=   799.99500002499963       Ts(nx-1,ny-1,1)=   359.72744912491487     
   GS iter           3  res=   7.9580786405131221E-013  Ts(1,1,1)=   799.99500002499974       Ts(nx-1,ny-1,1)=   359.72744912491498     
   GS iter           4  res=   1.0231815394945443E-012  Ts(1,1,1)=   799.99500002499963       Ts(nx-1,ny-1,1)=   359.72744912491504     
   GS iter           5  res=   7.9580786405131221E-013  Ts(1,1,1)=   799.99500002499974       Ts(nx-1,ny-1,1)=   359.72744912491464     
 Solid solver Block           2  GS iterations:         100  final res:   1.2505552149377763E-012
   DBG: Ts(1,1,1)=   799.99500002499963       Ts(nx/2,ny/2,1)=   798.12501724812796       Ts(nx-1,ny-1,1)=   359.72744912491487     
 --------------Force and Moment -----------------------------
 Total Force Coefficient (CL, CD, CS) =
  -4.7321110276880341E-006   1.3575088941920774        1.8414903149934417E-022
 Total Moment Coefficient(CMx, CMy, CMz)=
  0.33937722354801914       -1.1830277569012276E-006 -0.67324293841235361     
 Kstep, t=         260   260.00000000000000     
 ----------The Max Residuals are--------  ---Mesh---           1
    0.5345646365E-02    0.3082144855E-03    0.3477120358E-02    0.8136460007E-19    0.6658404681E-02
   The R.M.S Residuals are 
    0.4815495932E-03    0.4945415821E-05    0.3102684733E-03    0.6323531583E-20    0.5918375270E-03
 CPU wall time in this step:   3.0052945999999636E-002
 Averaged CPU wall time is:   3.5041711696153846E-002
   GS iter           1  res=   1.1368683772161603E-012  Ts(1,1,1)=   799.99500002499974       Ts(nx-1,ny-1,1)=   359.72744912491487     
   GS iter           2  res=   1.1368683772161603E-012  Ts(1,1,1)=   799.99500002499963       Ts(nx-1,ny-1,1)=   359.72744912491476     
   GS iter           3  res=   9.0949470177292824E-013  Ts(1,1,1)=   799.99500002499974       Ts(nx-1,ny-1,1)=   359.72744912491487     
   GS iter           4  res=   1.0231815394945443E-012  Ts(1,1,1)=   799.99500002499963       Ts(nx-1,ny-1,1)=   359.72744912491487     
   GS iter           5  res=   1.2505552149377763E-012  Ts(1,1,1)=   799.99500002499974       Ts(nx-1,ny-1,1)=   359.72744912491487     
 Solid solver Block           2  GS iterations:         100  final res:   1.0231815394945443E-012
   DBG: Ts(1,1,1)=   799.99500002499963       Ts(nx/2,ny/2,1)=   798.12501724812796       Ts(nx-1,ny-1,1)=   359.72744912491487     
 --------------Force and Moment -----------------------------
 Total Force Coefficient (CL, CD, CS) =
  -4.7548009276675232E-006   1.3575533502398454        1.8991263397380950E-022
 Total Moment Coefficient(CMx, CMy, CMz)=
  0.33938833755996117       -1.1887002318960993E-006 -0.67328150300030820     
 Kstep, t=         261   261.00000000000000     
 ----------The Max Residuals are--------  ---Mesh---           1
    0.5478824427E-02    0.3553041903E-03    0.3451666994E-02    0.9486932006E-19    0.6694223215E-02
   The R.M.S Residuals are 
    0.4312726915E-03    0.5368100469E-05    0.2227659150E-03    0.6029523506E-20    0.5054132544E-03
 CPU wall time in this step:   3.4352901000000102E-002
 Averaged CPU wall time is:   3.5039072574712643E-002
   GS iter           1  res=   1.1368683772161603E-012  Ts(1,1,1)=   799.99500002499974       Ts(nx-1,ny-1,1)=   359.72744912491487     
   GS iter           2  res=   1.0231815394945443E-012  Ts(1,1,1)=   799.99500002499963       Ts(nx-1,ny-1,1)=   359.72744912491476     
   GS iter           3  res=   1.0231815394945443E-012  Ts(1,1,1)=   799.99500002499974       Ts(nx-1,ny-1,1)=   359.72744912491487     
   GS iter           4  res=   9.0949470177292824E-013  Ts(1,1,1)=   799.99500002499963       Ts(nx-1,ny-1,1)=   359.72744912491476     
   GS iter           5  res=   9.0949470177292824E-013  Ts(1,1,1)=   799.99500002499974       Ts(nx-1,ny-1,1)=   359.72744912491487     
 Solid solver Block           2  GS iterations:         100  final res:   1.1368683772161603E-012
   DBG: Ts(1,1,1)=   799.99500002499963       Ts(nx/2,ny/2,1)=   798.12501724812796       Ts(nx-1,ny-1,1)=   359.72744912491487     
 --------------Force and Moment -----------------------------
 Total Force Coefficient (CL, CD, CS) =
  -4.7775050372443020E-006   1.3575980477862117        1.9277417393320586E-022
 Total Moment Coefficient(CMx, CMy, CMz)=
  0.33939951194655299       -1.1943762592902933E-006 -0.67332013371885491     
 Kstep, t=         262   262.00000000000000     
 ----------The Max Residuals are--------  ---Mesh---           1
    0.5834541723E-02    0.2994861350E-03    0.3261638219E-02    0.8134239494E-19    0.6901847503E-02
   The R.M.S Residuals are 
    0.4807056592E-03    0.5267272578E-05    0.2459997150E-03    0.6184964535E-20    0.5532584112E-03
 CPU wall time in this step:   2.8906907000001425E-002
 Averaged CPU wall time is:   3.5015667362595426E-002
   GS iter           1  res=   1.2505552149377763E-012  Ts(1,1,1)=   799.99500002499974       Ts(nx-1,ny-1,1)=   359.72744912491487     
   GS iter           2  res=   1.3642420526593924E-012  Ts(1,1,1)=   799.99500002499963       Ts(nx-1,ny-1,1)=   359.72744912491476     
   GS iter           3  res=   7.9580786405131221E-013  Ts(1,1,1)=   799.99500002499974       Ts(nx-1,ny-1,1)=   359.72744912491487     
   GS iter           4  res=   9.0949470177292824E-013  Ts(1,1,1)=   799.99500002499963       Ts(nx-1,ny-1,1)=   359.72744912491487     
   GS iter           5  res=   1.1368683772161603E-012  Ts(1,1,1)=   799.99500002499974       Ts(nx-1,ny-1,1)=   359.72744912491487     
 Solid solver Block           2  GS iterations:         100  final res:   1.1368683772161603E-012
   DBG: Ts(1,1,1)=   799.99500002499963       Ts(nx/2,ny/2,1)=   798.12501724812796       Ts(nx-1,ny-1,1)=   359.72744912491487     
 --------------Force and Moment -----------------------------
 Total Force Coefficient (CL, CD, CS) =
  -4.8002237343596867E-006   1.3576431039508388        1.9906678671161494E-022
 Total Moment Coefficient(CMx, CMy, CMz)=
  0.33941077598770969       -1.2000559335691391E-006 -0.67335891136659676     
 Kstep, t=         263   263.00000000000000     
 ----------The Max Residuals are--------  ---Mesh---           1
    0.5618302887E-02    0.2963232827E-03    0.3726857251E-02    0.8133709081E-19    0.7121825600E-02
   The R.M.S Residuals are 
    0.5027939851E-03    0.5310421721E-05    0.3101416994E-03    0.6383085996E-20    0.6065794314E-03
 CPU wall time in this step:   2.8683800999999676E-002
 Averaged CPU wall time is:   3.4991591825095057E-002
   GS iter           1  res=   1.3642420526593924E-012  Ts(1,1,1)=   799.99500002499974       Ts(nx-1,ny-1,1)=   359.72744912491487     
   GS iter           2  res=   1.1368683772161603E-012  Ts(1,1,1)=   799.99500002499963       Ts(nx-1,ny-1,1)=   359.72744912491464     
   GS iter           3  res=   1.2505552149377763E-012  Ts(1,1,1)=   799.99500002499974       Ts(nx-1,ny-1,1)=   359.72744912491498     
   GS iter           4  res=   1.1368683772161603E-012  Ts(1,1,1)=   799.99500002499963       Ts(nx-1,ny-1,1)=   359.72744912491493     
   GS iter           5  res=   1.1368683772161603E-012  Ts(1,1,1)=   799.99500002499974       Ts(nx-1,ny-1,1)=   359.72744912491476     
 Solid solver Block           2  GS iterations:         100  final res:   1.1368683772161603E-012
   DBG: Ts(1,1,1)=   799.99500002499963       Ts(nx/2,ny/2,1)=   798.12501724812796       Ts(nx-1,ny-1,1)=   359.72744912491476     
 --------------Force and Moment -----------------------------
 Total Force Coefficient (CL, CD, CS) =
  -4.8229574547819370E-006   1.3576886128040131        2.0623498959973709E-022
 Total Moment Coefficient(CMx, CMy, CMz)=
  0.33942215320100383       -1.2057393636747008E-006 -0.67339790034768898     
 Kstep, t=         264   264.00000000000000     
 ----------The Max Residuals are--------  ---Mesh---           1
    0.5587097412E-02    0.3938359701E-03    0.3304420363E-02    0.8134471253E-19    0.6514961333E-02
   The R.M.S Residuals are 
    0.4536425344E-03    0.5896493094E-05    0.2700756984E-03    0.6230852300E-20    0.5476604427E-03
 CPU wall time in this step:   2.8400924999999688E-002
 Averaged CPU wall time is:   3.4966627178030306E-002
   GS iter           1  res=   1.0231815394945443E-012  Ts(1,1,1)=   799.99500002499974       Ts(nx-1,ny-1,1)=   359.72744912491487     
   GS iter           2  res=   9.0949470177292824E-013  Ts(1,1,1)=   799.99500002499963       Ts(nx-1,ny-1,1)=   359.72744912491476     
   GS iter           3  res=   9.0949470177292824E-013  Ts(1,1,1)=   799.99500002499974       Ts(nx-1,ny-1,1)=   359.72744912491487     
   GS iter           4  res=   9.0949470177292824E-013  Ts(1,1,1)=   799.99500002499963       Ts(nx-1,ny-1,1)=   359.72744912491487     
   GS iter           5  res=   1.1368683772161603E-012  Ts(1,1,1)=   799.99500002499974       Ts(nx-1,ny-1,1)=   359.72744912491476     
 Solid solver Block           2  GS iterations:         100  final res:   1.1368683772161603E-012
   DBG: Ts(1,1,1)=   799.99500002499963       Ts(nx/2,ny/2,1)=   798.12501724812796       Ts(nx-1,ny-1,1)=   359.72744912491476     
 --------------Force and Moment -----------------------------
 Total Force Coefficient (CL, CD, CS) =
  -4.8457066670159248E-006   1.3577346410466444        2.0707297610519357E-022
 Total Moment Coefficient(CMx, CMy, CMz)=
  0.33943366026166077       -1.2114266667331973E-006 -0.67343714583052483     
 Kstep, t=         265   265.00000000000000     
 ----------The Max Residuals are--------  ---Mesh---           1
    0.5370425375E-02    0.3712310749E-03    0.3338806084E-02    0.1084254203E-18    0.6397968450E-02
   The R.M.S Residuals are 
    0.4533500972E-03    0.5995350873E-05    0.2267584685E-03    0.6430533892E-20    0.5235182891E-03
 CPU wall time in this step:   2.9159963999999761E-002
 Averaged CPU wall time is:   3.4944715241509432E-002
   GS iter           1  res=   1.0231815394945443E-012  Ts(1,1,1)=   799.99500002499974       Ts(nx-1,ny-1,1)=   359.72744912491487     
   GS iter           2  res=   1.1368683772161603E-012  Ts(1,1,1)=   799.99500002499963       Ts(nx-1,ny-1,1)=   359.72744912491498     
   GS iter           3  res=   1.2505552149377763E-012  Ts(1,1,1)=   799.99500002499974       Ts(nx-1,ny-1,1)=   359.72744912491493     
   GS iter           4  res=   9.0949470177292824E-013  Ts(1,1,1)=   799.99500002499963       Ts(nx-1,ny-1,1)=   359.72744912491487     
   GS iter           5  res=   1.0231815394945443E-012  Ts(1,1,1)=   799.99500002499974       Ts(nx-1,ny-1,1)=   359.72744912491487     
 Solid solver Block           2  GS iterations:         100  final res:   1.1368683772161603E-012
   DBG: Ts(1,1,1)=   799.99500002499963       Ts(nx/2,ny/2,1)=   798.12501724812796       Ts(nx-1,ny-1,1)=   359.72744912491487     
 --------------Force and Moment -----------------------------
 Total Force Coefficient (CL, CD, CS) =
  -4.8684718450348117E-006   1.3577812251218437        2.1082540951979048E-022
 Total Moment Coefficient(CMx, CMy, CMz)=
  0.33944530628046099       -1.2171179612379184E-006 -0.67347667192564264     
 Kstep, t=         266   266.00000000000000     
 ----------The Max Residuals are--------  ---Mesh---           1
    0.5890705938E-02    0.2741933746E-03    0.3708175894E-02    0.1084107451E-18    0.7241248612E-02
   The R.M.S Residuals are 
    0.4937184295E-03    0.5841163436E-05    0.2818255495E-03    0.6264982897E-20    0.5819120313E-03
 CPU wall time in this step:   2.9385480000000186E-002
 Averaged CPU wall time is:   3.4923815860902256E-002
   GS iter           1  res=   1.2505552149377763E-012  Ts(1,1,1)=   799.99500002499974       Ts(nx-1,ny-1,1)=   359.72744912491498     
   GS iter           2  res=   1.1368683772161603E-012  Ts(1,1,1)=   799.99500002499963       Ts(nx-1,ny-1,1)=   359.72744912491470     
   GS iter           3  res=   9.0949470177292824E-013  Ts(1,1,1)=   799.99500002499974       Ts(nx-1,ny-1,1)=   359.72744912491476     
   GS iter           4  res=   1.0231815394945443E-012  Ts(1,1,1)=   799.99500002499963       Ts(nx-1,ny-1,1)=   359.72744912491487     
   GS iter           5  res=   1.2505552149377763E-012  Ts(1,1,1)=   799.99500002499974       Ts(nx-1,ny-1,1)=   359.72744912491487     
 Solid solver Block           2  GS iterations:         100  final res:   1.2505552149377763E-012
   DBG: Ts(1,1,1)=   799.99500002499963       Ts(nx/2,ny/2,1)=   798.12501724812796       Ts(nx-1,ny-1,1)=   359.72744912491487     
 --------------Force and Moment -----------------------------
 Total Force Coefficient (CL, CD, CS) =
  -4.8912534403616718E-006   1.3578283699424356        2.1385349427689839E-022
 Total Moment Coefficient(CMx, CMy, CMz)=
  0.33945709248560857       -1.2228133600696322E-006 -0.67351648100386763     
 Kstep, t=         267   267.00000000000000     
 ----------The Max Residuals are--------  ---Mesh---           1
    0.5481055622E-02    0.4146653308E-03    0.3326346887E-02    0.1084783110E-18    0.6492268064E-02
   The R.M.S Residuals are 
    0.4792144971E-03    0.6347415873E-05    0.2922486250E-03    0.6225468671E-20    0.5797846987E-03
 CPU wall time in this step:   3.7005728000000460E-002
 Averaged CPU wall time is:   3.4931613284644197E-002
   GS iter           1  res=   1.2505552149377763E-012  Ts(1,1,1)=   799.99500002499974       Ts(nx-1,ny-1,1)=   359.72744912491498     
   GS iter           2  res=   1.0231815394945443E-012  Ts(1,1,1)=   799.99500002499963       Ts(nx-1,ny-1,1)=   359.72744912491481     
   GS iter           3  res=   1.2505552149377763E-012  Ts(1,1,1)=   799.99500002499974       Ts(nx-1,ny-1,1)=   359.72744912491515     
   GS iter           4  res=   1.0231815394945443E-012  Ts(1,1,1)=   799.99500002499963       Ts(nx-1,ny-1,1)=   359.72744912491493     
   GS iter           5  res=   9.0949470177292824E-013  Ts(1,1,1)=   799.99500002499974       Ts(nx-1,ny-1,1)=   359.72744912491510     
 Solid solver Block           2  GS iterations:         100  final res:   9.0949470177292824E-013
   DBG: Ts(1,1,1)=   799.99500002499963       Ts(nx/2,ny/2,1)=   798.12501724812796       Ts(nx-1,ny-1,1)=   359.72744912491487     
 --------------Force and Moment -----------------------------
 Total Force Coefficient (CL, CD, CS) =
  -4.9140518551114734E-006   1.3578760493180242        2.1562448990652228E-022
 Total Moment Coefficient(CMx, CMy, CMz)=
  0.33946901232950605       -1.2285129637570826E-006 -0.67355655420453087     
 Kstep, t=         268   268.00000000000000     
 ----------The Max Residuals are--------  ---Mesh---           1
    0.5542503588E-02    0.4359862885E-03    0.3329158328E-02    0.1220083784E-18    0.6619283629E-02
   The R.M.S Residuals are 
    0.4520236356E-03    0.6718720438E-05    0.2466168623E-03    0.6003335177E-20    0.5318950391E-03
 CPU wall time in this step:   2.9365970999998936E-002
 Averaged CPU wall time is:   3.4910845962686565E-002
   GS iter           1  res=   9.0949470177292824E-013  Ts(1,1,1)=   799.99500002499974       Ts(nx-1,ny-1,1)=   359.72744912491476     
   GS iter           2  res=   1.0231815394945443E-012  Ts(1,1,1)=   799.99500002499963       Ts(nx-1,ny-1,1)=   359.72744912491487     
   GS iter           3  res=   1.0231815394945443E-012  Ts(1,1,1)=   799.99500002499974       Ts(nx-1,ny-1,1)=   359.72744912491476     
   GS iter           4  res=   9.0949470177292824E-013  Ts(1,1,1)=   799.99500002499963       Ts(nx-1,ny-1,1)=   359.72744912491487     
   GS iter           5  res=   1.2505552149377763E-012  Ts(1,1,1)=   799.99500002499974       Ts(nx-1,ny-1,1)=   359.72744912491476     
 Solid solver Block           2  GS iterations:         100  final res:   1.2505552149377763E-012
   DBG: Ts(1,1,1)=   799.99500002499963       Ts(nx/2,ny/2,1)=   798.12501724812796       Ts(nx-1,ny-1,1)=   359.72744912491487     
 --------------Force and Moment -----------------------------
 Total Force Coefficient (CL, CD, CS) =
  -4.9368674175818659E-006   1.3579242080552774        2.1922718061923853E-022
 Total Moment Coefficient(CMx, CMy, CMz)=
  0.33948105201381940       -1.2342168543746796E-006 -0.67359685310600903     
 Kstep, t=         269   269.00000000000000     
 ----------The Max Residuals are--------  ---Mesh---           1
    0.5918346580E-02    0.3312145563E-03    0.3458751765E-02    0.1084437752E-18    0.7102309867E-02
   The R.M.S Residuals are 
    0.4762149575E-03    0.6573669516E-05    0.2577766709E-03    0.5837184537E-20    0.5573108294E-03
 CPU wall time in this step:   2.9742072000001230E-002
 Averaged CPU wall time is:   3.4891631189591078E-002
   GS iter           1  res=   9.0949470177292824E-013  Ts(1,1,1)=   799.99500002499974       Ts(nx-1,ny-1,1)=   359.72744912491487     
   GS iter           2  res=   1.0231815394945443E-012  Ts(1,1,1)=   799.99500002499963       Ts(nx-1,ny-1,1)=   359.72744912491476     
   GS iter           3  res=   9.0949470177292824E-013  Ts(1,1,1)=   799.99500002499974       Ts(nx-1,ny-1,1)=   359.72744912491487     
   GS iter           4  res=   1.0231815394945443E-012  Ts(1,1,1)=   799.99500002499963       Ts(nx-1,ny-1,1)=   359.72744912491487     
   GS iter           5  res=   9.0949470177292824E-013  Ts(1,1,1)=   799.99500002499974       Ts(nx-1,ny-1,1)=   359.72744912491476     
 Solid solver Block           2  GS iterations:         100  final res:   1.0231815394945443E-012
   DBG: Ts(1,1,1)=   799.99500002499963       Ts(nx/2,ny/2,1)=   798.12501724812796       Ts(nx-1,ny-1,1)=   359.72744912491487     
 --------------Force and Moment -----------------------------
 Total Force Coefficient (CL, CD, CS) =
  -4.9597003618506227E-006   1.3579727655937117        2.2290405934720999E-022
 Total Moment Coefficient(CMx, CMy, CMz)=
  0.33949319139842798       -1.2399250904418678E-006 -0.67363732245260277     
 Kstep, t=         270   270.00000000000000     
 ----------The Max Residuals are--------  ---Mesh---           1
    0.5518590312E-02    0.4205541102E-03    0.3664873714E-02    0.1084446180E-18    0.6988693156E-02
   The R.M.S Residuals are 
    0.4875467579E-03    0.6847164143E-05    0.2891060279E-03    0.6184541399E-20    0.5844637120E-03
 CPU wall time in this step:   3.0959212999999153E-002
 Averaged CPU wall time is:   3.4877066677777777E-002
   GS iter           1  res=   1.0231815394945443E-012  Ts(1,1,1)=   799.99500002499974       Ts(nx-1,ny-1,1)=   359.72744912491476     
   GS iter           2  res=   1.7053025658242404E-012  Ts(1,1,1)=   799.99500002499963       Ts(nx-1,ny-1,1)=   359.72744912491487     
   GS iter           3  res=   9.0949470177292824E-013  Ts(1,1,1)=   799.99500002499974       Ts(nx-1,ny-1,1)=   359.72744912491487     
   GS iter           4  res=   1.2505552149377763E-012  Ts(1,1,1)=   799.99500002499963       Ts(nx-1,ny-1,1)=   359.72744912491476     
   GS iter           5  res=   9.0949470177292824E-013  Ts(1,1,1)=   799.99500002499974       Ts(nx-1,ny-1,1)=   359.72744912491487     
 Solid solver Block           2  GS iterations:         100  final res:   1.2505552149377763E-012
   DBG: Ts(1,1,1)=   799.99500002499963       Ts(nx/2,ny/2,1)=   798.12501724812796       Ts(nx-1,ny-1,1)=   359.72744912491476     
 --------------Force and Moment -----------------------------
 Total Force Coefficient (CL, CD, CS) =
  -4.9825508126018781E-006   1.3580216209355271        2.2899513590653091E-022
 Total Moment Coefficient(CMx, CMy, CMz)=
  0.33950540523388173       -1.2456377031296810E-006 -0.67367789375904752     
 Kstep, t=         271   271.00000000000000     
 ----------The Max Residuals are--------  ---Mesh---           1
    0.5386582909E-02    0.4959575363E-03    0.3365160315E-02    0.9490678444E-19    0.6487038818E-02
   The R.M.S Residuals are 
    0.4636207527E-03    0.7422015133E-05    0.2652004195E-03    0.6269518798E-20    0.5492212097E-03
 CPU wall time in this step:   2.9757742000001031E-002
 Averaged CPU wall time is:   3.4858176180811815E-002
   GS iter           1  res=   9.0949470177292824E-013  Ts(1,1,1)=   799.99500002499974       Ts(nx-1,ny-1,1)=   359.72744912491487     
   GS iter           2  res=   1.2505552149377763E-012  Ts(1,1,1)=   799.99500002499963       Ts(nx-1,ny-1,1)=   359.72744912491487     
   GS iter           3  res=   9.0949470177292824E-013  Ts(1,1,1)=   799.99500002499974       Ts(nx-1,ny-1,1)=   359.72744912491476     
   GS iter           4  res=   9.0949470177292824E-013  Ts(1,1,1)=   799.99500002499963       Ts(nx-1,ny-1,1)=   359.72744912491487     
   GS iter           5  res=   9.0949470177292824E-013  Ts(1,1,1)=   799.99500002499974       Ts(nx-1,ny-1,1)=   359.72744912491476     
 Solid solver Block           2  GS iterations:         100  final res:   1.0231815394945443E-012
   DBG: Ts(1,1,1)=   799.99500002499963       Ts(nx/2,ny/2,1)=   798.12501724812796       Ts(nx-1,ny-1,1)=   359.72744912491464     
 --------------Force and Moment -----------------------------
 Total Force Coefficient (CL, CD, CS) =
  -5.0054187760750826E-006   1.3580706585404827        2.3350871525758942E-022
 Total Moment Coefficient(CMx, CMy, CMz)=
  0.33951766463512079       -1.2513546939979821E-006 -0.67371848955289804     
 Kstep, t=         272   272.00000000000000     
 ----------The Max Residuals are--------  ---Mesh---           1
    0.5612139818E-02    0.4192131062E-03    0.3357352070E-02    0.1084146330E-18    0.6491408427E-02
   The R.M.S Residuals are 
    0.4697785103E-03    0.7405764164E-05    0.2582739833E-03    0.5969389075E-20    0.5542368089E-03
 CPU wall time in this step:   2.9431037999998466E-002
 Averaged CPU wall time is:   3.4838223466911761E-002
   GS iter           1  res=   1.0231815394945443E-012  Ts(1,1,1)=   799.99500002499974       Ts(nx-1,ny-1,1)=   359.72744912491487     
   GS iter           2  res=   9.0949470177292824E-013  Ts(1,1,1)=   799.99500002499963       Ts(nx-1,ny-1,1)=   359.72744912491476     
   GS iter           3  res=   9.0949470177292824E-013  Ts(1,1,1)=   799.99500002499974       Ts(nx-1,ny-1,1)=   359.72744912491510     
   GS iter           4  res=   1.2505552149377763E-012  Ts(1,1,1)=   799.99500002499963       Ts(nx-1,ny-1,1)=   359.72744912491487     
   GS iter           5  res=   9.0949470177292824E-013  Ts(1,1,1)=   799.99500002499974       Ts(nx-1,ny-1,1)=   359.72744912491464     
 Solid solver Block           2  GS iterations:         100  final res:   1.0231815394945443E-012
   DBG: Ts(1,1,1)=   799.99500002499963       Ts(nx/2,ny/2,1)=   798.12501724812796       Ts(nx-1,ny-1,1)=   359.72744912491487     
 --------------Force and Moment -----------------------------
 Total Force Coefficient (CL, CD, CS) =
  -5.0283041376306125E-006   1.3581197547930353        2.3899144703962412E-022
 Total Moment Coefficient(CMx, CMy, CMz)=
  0.33952993869825876       -1.2570760343868633E-006 -0.67375902797103226     
 Kstep, t=         273   273.00000000000000     
 ----------The Max Residuals are--------  ---Mesh---           1
    0.5819409434E-02    0.4152457341E-03    0.3724565063E-02    0.8134309452E-19    0.7235392941E-02
   The R.M.S Residuals are 
    0.4768881386E-03    0.7492339641E-05    0.2741807654E-03    0.5848458661E-20    0.5653601655E-03
 CPU wall time in this step:   2.8850645000000341E-002
 Averaged CPU wall time is:   3.4816290945054944E-002
   GS iter           1  res=   9.0949470177292824E-013  Ts(1,1,1)=   799.99500002499974       Ts(nx-1,ny-1,1)=   359.72744912491464     
   GS iter           2  res=   1.1368683772161603E-012  Ts(1,1,1)=   799.99500002499963       Ts(nx-1,ny-1,1)=   359.72744912491498     
   GS iter           3  res=   9.0949470177292824E-013  Ts(1,1,1)=   799.99500002499974       Ts(nx-1,ny-1,1)=   359.72744912491470     
   GS iter           4  res=   1.0231815394945443E-012  Ts(1,1,1)=   799.99500002499963       Ts(nx-1,ny-1,1)=   359.72744912491487     
   GS iter           5  res=   9.0949470177292824E-013  Ts(1,1,1)=   799.99500002499974       Ts(nx-1,ny-1,1)=   359.72744912491476     
 Solid solver Block           2  GS iterations:         100  final res:   1.0231815394945443E-012
   DBG: Ts(1,1,1)=   799.99500002499963       Ts(nx/2,ny/2,1)=   798.12501724812796       Ts(nx-1,ny-1,1)=   359.72744912491510     
 --------------Force and Moment -----------------------------
 Total Force Coefficient (CL, CD, CS) =
  -5.0512066659896258E-006   1.3581687846125936        2.4343749615134689E-022
 Total Moment Coefficient(CMx, CMy, CMz)=
  0.33954219615314829       -1.2628016664766158E-006 -0.67379942740318299     
 Kstep, t=         274   274.00000000000000     
 ----------The Max Residuals are--------  ---Mesh---           1
    0.5538172276E-02    0.5438167655E-03    0.3251915902E-02    0.9485587813E-19    0.6500472993E-02
   The R.M.S Residuals are 
    0.4731890941E-03    0.8111361935E-05    0.2688598470E-03    0.5912717141E-20    0.5629451679E-03
 CPU wall time in this step:   3.1517808000000258E-002
 Averaged CPU wall time is:   3.4804252686131389E-002
   GS iter           1  res=   1.2505552149377763E-012  Ts(1,1,1)=   799.99500002499974       Ts(nx-1,ny-1,1)=   359.72744912491487     
   GS iter           2  res=   1.0231815394945443E-012  Ts(1,1,1)=   799.99500002499963       Ts(nx-1,ny-1,1)=   359.72744912491464     
   GS iter           3  res=   1.0231815394945443E-012  Ts(1,1,1)=   799.99500002499974       Ts(nx-1,ny-1,1)=   359.72744912491487     
   GS iter           4  res=   1.2505552149377763E-012  Ts(1,1,1)=   799.99500002499963       Ts(nx-1,ny-1,1)=   359.72744912491487     
   GS iter           5  res=   1.0231815394945443E-012  Ts(1,1,1)=   799.99500002499974       Ts(nx-1,ny-1,1)=   359.72744912491476     
 Solid solver Block           2  GS iterations:         100  final res:   7.9580786405131221E-013
   DBG: Ts(1,1,1)=   799.99500002499963       Ts(nx/2,ny/2,1)=   798.12501724812796       Ts(nx-1,ny-1,1)=   359.72744912491487     
 --------------Force and Moment -----------------------------
 Total Force Coefficient (CL, CD, CS) =
  -5.0741260237233656E-006   1.3582176277736757        2.4778204044683617E-022
 Total Moment Coefficient(CMx, CMy, CMz)=
  0.33955440694341904       -1.2685315059100499E-006 -0.67383961087552691     
 Kstep, t=         275   275.00000000000000     
 ----------The Max Residuals are--------  ---Mesh---           1
    0.5479160960E-02    0.5029545957E-03    0.3328515068E-02    0.9485132877E-19    0.6387170653E-02
   The R.M.S Residuals are 
    0.4723780049E-03    0.8243955200E-05    0.2653503520E-03    0.5868378753E-20    0.5553705371E-03
 CPU wall time in this step:   3.0152255000000849E-002
 Averaged CPU wall time is:   3.4787336330909094E-002
   GS iter           1  res=   9.0949470177292824E-013  Ts(1,1,1)=   799.99500002499974       Ts(nx-1,ny-1,1)=   359.72744912491487     
   GS iter           2  res=   9.0949470177292824E-013  Ts(1,1,1)=   799.99500002499963       Ts(nx-1,ny-1,1)=   359.72744912491476     
   GS iter           3  res=   9.0949470177292824E-013  Ts(1,1,1)=   799.99500002499974       Ts(nx-1,ny-1,1)=   359.72744912491487     
   GS iter           4  res=   1.0231815394945443E-012  Ts(1,1,1)=   799.99500002499963       Ts(nx-1,ny-1,1)=   359.72744912491476     
   GS iter           5  res=   9.0949470177292824E-013  Ts(1,1,1)=   799.99500002499974       Ts(nx-1,ny-1,1)=   359.72744912491487     
 Solid solver Block           2  GS iterations:         100  final res:   1.1368683772161603E-012
   DBG: Ts(1,1,1)=   799.99500002499963       Ts(nx/2,ny/2,1)=   798.12501724812796       Ts(nx-1,ny-1,1)=   359.72744912491476     
 --------------Force and Moment -----------------------------
 Total Force Coefficient (CL, CD, CS) =
  -5.0970617831568729E-006   1.3582661745481792        2.4979832587481438E-022
 Total Moment Coefficient(CMx, CMy, CMz)=
  0.33956654363704486       -1.2742654457684263E-006 -0.67387950989548595     
 Kstep, t=         276   276.00000000000000     
 ----------The Max Residuals are--------  ---Mesh---           1
    0.5933914162E-02    0.4041998645E-03    0.3571479586E-02    0.1084575466E-18    0.7182952285E-02
   The R.M.S Residuals are 
    0.4760910935E-03    0.8259447800E-05    0.2743030454E-03    0.6055157847E-20    0.5676013660E-03
 CPU wall time in this step:   3.4095669999999245E-002
 Averaged CPU wall time is:   3.4784830293478258E-002
   GS iter           1  res=   9.0949470177292824E-013  Ts(1,1,1)=   799.99500002499974       Ts(nx-1,ny-1,1)=   359.72744912491487     
   GS iter           2  res=   9.0949470177292824E-013  Ts(1,1,1)=   799.99500002499963       Ts(nx-1,ny-1,1)=   359.72744912491487     
   GS iter           3  res=   1.1368683772161603E-012  Ts(1,1,1)=   799.99500002499974       Ts(nx-1,ny-1,1)=   359.72744912491476     
   GS iter           4  res=   9.0949470177292824E-013  Ts(1,1,1)=   799.99500002499963       Ts(nx-1,ny-1,1)=   359.72744912491487     
   GS iter           5  res=   9.0949470177292824E-013  Ts(1,1,1)=   799.99500002499974       Ts(nx-1,ny-1,1)=   359.72744912491476     
 Solid solver Block           2  GS iterations:         100  final res:   1.0231815394945443E-012
   DBG: Ts(1,1,1)=   799.99500002499963       Ts(nx/2,ny/2,1)=   798.12501724812796       Ts(nx-1,ny-1,1)=   359.72744912491487     
 --------------Force and Moment -----------------------------
 Total Force Coefficient (CL, CD, CS) =
  -5.1200134465119052E-006   1.3583143303265375        2.5401048854165215E-022
 Total Moment Coefficient(CMx, CMy, CMz)=
  0.33957858258163442       -1.2800033616071838E-006 -0.67391906752123221     
 Kstep, t=         277   277.00000000000000     
 ----------The Max Residuals are--------  ---Mesh---           1
    0.5495770045E-02    0.5808063258E-03    0.3605975608E-02    0.9485380131E-19    0.6899018120E-02
   The R.M.S Residuals are 
    0.4688108772E-03    0.8895145062E-05    0.2675382582E-03    0.5909296594E-20    0.5587625688E-03
 CPU wall time in this step:   6.8364090999999405E-002
 Averaged CPU wall time is:   3.4906055061371837E-002
   GS iter           1  res=   1.0231815394945443E-012  Ts(1,1,1)=   799.99500002499974       Ts(nx-1,ny-1,1)=   359.72744912491476     
   GS iter           2  res=   1.2505552149377763E-012  Ts(1,1,1)=   799.99500002499963       Ts(nx-1,ny-1,1)=   359.72744912491487     
   GS iter           3  res=   1.0231815394945443E-012  Ts(1,1,1)=   799.99500002499974       Ts(nx-1,ny-1,1)=   359.72744912491487     
   GS iter           4  res=   1.2505552149377763E-012  Ts(1,1,1)=   799.99500002499963       Ts(nx-1,ny-1,1)=   359.72744912491476     
   GS iter           5  res=   9.0949470177292824E-013  Ts(1,1,1)=   799.99500002499974       Ts(nx-1,ny-1,1)=   359.72744912491487     
 Solid solver Block           2  GS iterations:         100  final res:   1.1368683772161603E-012
   DBG: Ts(1,1,1)=   799.99500002499963       Ts(nx/2,ny/2,1)=   798.12501724812796       Ts(nx-1,ny-1,1)=   359.72744912491487     
 --------------Force and Moment -----------------------------
 Total Force Coefficient (CL, CD, CS) =
  -5.1429804687901780E-006   1.3583620189716750        2.5652585575559380E-022
 Total Moment Coefficient(CMx, CMy, CMz)=
  0.33959050474291874       -1.2857451171767507E-006 -0.67395824048672204     
 Kstep, t=         278   278.00000000000000     
 ----------The Max Residuals are--------  ---Mesh---           1
    0.5507826380E-02    0.5803812901E-03    0.3356174248E-02    0.1220178144E-18    0.6568433163E-02
   The R.M.S Residuals are 
    0.4704350762E-03    0.9095517876E-05    0.2551856785E-03    0.6058128638E-20    0.5479018763E-03
 CPU wall time in this step:   7.8543707999999768E-002
 Averaged CPU wall time is:   3.5063025035971224E-002
   GS iter           1  res=   9.0949470177292824E-013  Ts(1,1,1)=   799.99500002499974       Ts(nx-1,ny-1,1)=   359.72744912491476     
   GS iter           2  res=   1.0231815394945443E-012  Ts(1,1,1)=   799.99500002499963       Ts(nx-1,ny-1,1)=   359.72744912491487     
   GS iter           3  res=   9.0949470177292824E-013  Ts(1,1,1)=   799.99500002499974       Ts(nx-1,ny-1,1)=   359.72744912491487     
   GS iter           4  res=   1.7053025658242404E-012  Ts(1,1,1)=   799.99500002499963       Ts(nx-1,ny-1,1)=   359.72744912491476     
   GS iter           5  res=   1.2505552149377763E-012  Ts(1,1,1)=   799.99500002499974       Ts(nx-1,ny-1,1)=   359.72744912491487     
 Solid solver Block           2  GS iterations:         100  final res:   9.0949470177292824E-013
   DBG: Ts(1,1,1)=   799.99500002499963       Ts(nx/2,ny/2,1)=   798.12501724812796       Ts(nx-1,ny-1,1)=   359.72744912491487     
 --------------Force and Moment -----------------------------
 Total Force Coefficient (CL, CD, CS) =
  -5.1659622817194080E-006   1.3584091847641941        2.5833849861440697E-022
 Total Moment Coefficient(CMx, CMy, CMz)=
  0.33960229619104848       -1.2914905704090573E-006 -0.67399700029045539     
 Kstep, t=         279   279.00000000000000     
 ----------The Max Residuals are--------  ---Mesh---           1
    0.5746117388E-02    0.4079045986E-03    0.3160199846E-02    0.1355307883E-18    0.6714471205E-02
   The R.M.S Residuals are 
    0.4865822624E-03    0.9062739315E-05    0.2833981457E-03    0.6278146428E-20    0.5804214902E-03
 CPU wall time in this step:   3.3237886000000216E-002
 Averaged CPU wall time is:   3.5056483318996412E-002
   GS iter           1  res=   1.0231815394945443E-012  Ts(1,1,1)=   799.99500002499974       Ts(nx-1,ny-1,1)=   359.72744912491487     
   GS iter           2  res=   1.0231815394945443E-012  Ts(1,1,1)=   799.99500002499963       Ts(nx-1,ny-1,1)=   359.72744912491476     
   GS iter           3  res=   1.0231815394945443E-012  Ts(1,1,1)=   799.99500002499974       Ts(nx-1,ny-1,1)=   359.72744912491487     
   GS iter           4  res=   1.0231815394945443E-012  Ts(1,1,1)=   799.99500002499963       Ts(nx-1,ny-1,1)=   359.72744912491476     
   GS iter           5  res=   1.0231815394945443E-012  Ts(1,1,1)=   799.99500002499974       Ts(nx-1,ny-1,1)=   359.72744912491487     
 Solid solver Block           2  GS iterations:         100  final res:   1.2505552149377763E-012
   DBG: Ts(1,1,1)=   799.99500002499963       Ts(nx/2,ny/2,1)=   798.12501724812796       Ts(nx-1,ny-1,1)=   359.72744912491487     
 --------------Force and Moment -----------------------------
 Total Force Coefficient (CL, CD, CS) =
  -5.1889583171072971E-006   1.3584557929109597        2.6410549144705596E-022
 Total Moment Coefficient(CMx, CMy, CMz)=
  0.33961394822773988       -1.2972395792560290E-006 -0.67403533323938958     
 Kstep, t=         280   280.00000000000000     
 ----------The Max Residuals are--------  ---Mesh---           1
    0.5778661297E-02    0.6090651416E-03    0.3740512480E-02    0.9486027447E-19    0.7219274222E-02
   The R.M.S Residuals are 
    0.4655747777E-03    0.9779868836E-05    0.2740286233E-03    0.6373669349E-20    0.5585503489E-03
 CPU wall time in this step:   3.9500716000000935E-002
 Averaged CPU wall time is:   3.5072355578571433E-002
   GS iter           1  res=   1.0231815394945443E-012  Ts(1,1,1)=   799.99500002499974       Ts(nx-1,ny-1,1)=   359.72744912491476     
   GS iter           2  res=   1.3642420526593924E-012  Ts(1,1,1)=   799.99500002499963       Ts(nx-1,ny-1,1)=   359.72744912491487     
   GS iter           3  res=   1.2505552149377763E-012  Ts(1,1,1)=   799.99500002499974       Ts(nx-1,ny-1,1)=   359.72744912491487     
   GS iter           4  res=   1.0231815394945443E-012  Ts(1,1,1)=   799.99500002499963       Ts(nx-1,ny-1,1)=   359.72744912491487     
   GS iter           5  res=   9.0949470177292824E-013  Ts(1,1,1)=   799.99500002499974       Ts(nx-1,ny-1,1)=   359.72744912491487     
 Solid solver Block           2  GS iterations:         100  final res:   1.0231815394945443E-012
   DBG: Ts(1,1,1)=   799.99500002499963       Ts(nx/2,ny/2,1)=   798.12501724812796       Ts(nx-1,ny-1,1)=   359.72744912491498     
 --------------Force and Moment -----------------------------
 Total Force Coefficient (CL, CD, CS) =
  -5.2119680280051371E-006   1.3585018287010102        2.6893746738845625E-022
 Total Moment Coefficient(CMx, CMy, CMz)=
  0.33962545717525239       -1.3029920069804884E-006 -0.67407323952091214     
 Kstep, t=         281   281.00000000000000     
 ----------The Max Residuals are--------  ---Mesh---           1
    0.5529865614E-02    0.6565262259E-03    0.3281820127E-02    0.9486056393E-19    0.6430793039E-02
   The R.M.S Residuals are 
    0.4618341546E-03    0.1013596794E-04    0.2442299761E-03    0.6067328955E-20    0.5410494617E-03
 CPU wall time in this step:   4.5987626999998810E-002
 Averaged CPU wall time is:   3.5111199960854086E-002
   GS iter           1  res=   1.1368683772161603E-012  Ts(1,1,1)=   799.99500002499974       Ts(nx-1,ny-1,1)=   359.72744912491470     
   GS iter           2  res=   9.0949470177292824E-013  Ts(1,1,1)=   799.99500002499963       Ts(nx-1,ny-1,1)=   359.72744912491487     
   GS iter           3  res=   9.0949470177292824E-013  Ts(1,1,1)=   799.99500002499974       Ts(nx-1,ny-1,1)=   359.72744912491476     
   GS iter           4  res=   1.3642420526593924E-012  Ts(1,1,1)=   799.99500002499963       Ts(nx-1,ny-1,1)=   359.72744912491487     
   GS iter           5  res=   1.0231815394945443E-012  Ts(1,1,1)=   799.99500002499974       Ts(nx-1,ny-1,1)=   359.72744912491476     
 Solid solver Block           2  GS iterations:         100  final res:   1.2505552149377763E-012
   DBG: Ts(1,1,1)=   799.99500002499963       Ts(nx/2,ny/2,1)=   798.12501724812796       Ts(nx-1,ny-1,1)=   359.72744912491487     
 --------------Force and Moment -----------------------------
 Total Force Coefficient (CL, CD, CS) =
  -5.2349909063207490E-006   1.3585472954925650        2.6903549774495944E-022
 Total Moment Coefficient(CMx, CMy, CMz)=
  0.33963682387314142       -1.3087477265593911E-006 -0.67411073144818690     
 Kstep, t=         282   282.00000000000000     
 ----------The Max Residuals are--------  ---Mesh---           1
    0.5416320971E-02    0.5019885797E-03    0.3353804536E-02    0.8134299494E-19    0.6491645097E-02
   The R.M.S Residuals are 
    0.4864240516E-03    0.9912153768E-05    0.2718175819E-03    0.6140123019E-20    0.5681664058E-03
 CPU wall time in this step:   4.1015833000001223E-002
 Averaged CPU wall time is:   3.5132138375886524E-002
   GS iter           1  res=   1.0231815394945443E-012  Ts(1,1,1)=   799.99500002499974       Ts(nx-1,ny-1,1)=   359.72744912491476     
   GS iter           2  res=   1.0231815394945443E-012  Ts(1,1,1)=   799.99500002499963       Ts(nx-1,ny-1,1)=   359.72744912491487     
   GS iter           3  res=   1.0231815394945443E-012  Ts(1,1,1)=   799.99500002499974       Ts(nx-1,ny-1,1)=   359.72744912491476     
   GS iter           4  res=   1.0231815394945443E-012  Ts(1,1,1)=   799.99500002499963       Ts(nx-1,ny-1,1)=   359.72744912491487     
   GS iter           5  res=   1.2505552149377763E-012  Ts(1,1,1)=   799.99500002499974       Ts(nx-1,ny-1,1)=   359.72744912491476     
 Solid solver Block           2  GS iterations:         100  final res:   9.0949470177292824E-013
   DBG: Ts(1,1,1)=   799.99500002499963       Ts(nx/2,ny/2,1)=   798.12501724812796       Ts(nx-1,ny-1,1)=   359.72744912491487     
 --------------Force and Moment -----------------------------
 Total Force Coefficient (CL, CD, CS) =
  -5.2580264958476263E-006   1.3585922117939448        2.7168355915002289E-022
 Total Moment Coefficient(CMx, CMy, CMz)=
  0.33964805294848616       -1.3145066239411094E-006 -0.67414783108114706     
 Kstep, t=         283   283.00000000000000     
 ----------The Max Residuals are--------  ---Mesh---           1
    0.5959624288E-02    0.6337149154E-03    0.3620923621E-02    0.1355506001E-18    0.7215245273E-02
   The R.M.S Residuals are 
    0.4822341641E-03    0.1061620936E-04    0.2930337540E-03    0.6427300737E-20    0.5834209000E-03
 CPU wall time in this step:   3.4835506000000294E-002
 Averaged CPU wall time is:   3.5131090204947001E-002
   GS iter           1  res=   7.9580786405131221E-013  Ts(1,1,1)=   799.99500002499974       Ts(nx-1,ny-1,1)=   359.72744912491464     
   GS iter           2  res=   9.0949470177292824E-013  Ts(1,1,1)=   799.99500002499963       Ts(nx-1,ny-1,1)=   359.72744912491487     
   GS iter           3  res=   1.0231815394945443E-012  Ts(1,1,1)=   799.99500002499974       Ts(nx-1,ny-1,1)=   359.72744912491476     
   GS iter           4  res=   9.0949470177292824E-013  Ts(1,1,1)=   799.99500002499963       Ts(nx-1,ny-1,1)=   359.72744912491487     
   GS iter           5  res=   1.1368683772161603E-012  Ts(1,1,1)=   799.99500002499974       Ts(nx-1,ny-1,1)=   359.72744912491464     
 Solid solver Block           2  GS iterations:         100  final res:   1.2505552149377763E-012
   DBG: Ts(1,1,1)=   799.99500002499963       Ts(nx/2,ny/2,1)=   798.12501724812796       Ts(nx-1,ny-1,1)=   359.72744912491481     
 --------------Force and Moment -----------------------------
 Total Force Coefficient (CL, CD, CS) =
  -5.2810744000808862E-006   1.3586366077531933        2.7642421268723448E-022
 Total Moment Coefficient(CMx, CMy, CMz)=
  0.33965915193829832       -1.3202685999994239E-006 -0.67418456746219446     
 Kstep, t=         284   284.00000000000000     
 ----------The Max Residuals are--------  ---Mesh---           1
    0.5557095387E-02    0.7271117254E-03    0.3550538443E-02    0.9487274897E-19    0.6852418121E-02
   The R.M.S Residuals are 
    0.4516961217E-03    0.1134566989E-04    0.2523160169E-03    0.5841485919E-20    0.5379218060E-03
 CPU wall time in this step:   3.4516754999998511E-002
 Averaged CPU wall time is:   3.5128927052816901E-002
   GS iter           1  res=   1.1368683772161603E-012  Ts(1,1,1)=   799.99500002499974       Ts(nx-1,ny-1,1)=   359.72744912491481     
   GS iter           2  res=   1.0231815394945443E-012  Ts(1,1,1)=   799.99500002499963       Ts(nx-1,ny-1,1)=   359.72744912491504     
   GS iter           3  res=   1.0231815394945443E-012  Ts(1,1,1)=   799.99500002499974       Ts(nx-1,ny-1,1)=   359.72744912491487     
   GS iter           4  res=   1.2505552149377763E-012  Ts(1,1,1)=   799.99500002499963       Ts(nx-1,ny-1,1)=   359.72744912491476     
   GS iter           5  res=   9.0949470177292824E-013  Ts(1,1,1)=   799.99500002499974       Ts(nx-1,ny-1,1)=   359.72744912491487     
 Solid solver Block           2  GS iterations:         100  final res:   9.0949470177292824E-013
   DBG: Ts(1,1,1)=   799.99500002499963       Ts(nx/2,ny/2,1)=   798.12501724812796       Ts(nx-1,ny-1,1)=   359.72744912491464     
 --------------Force and Moment -----------------------------
 Total Force Coefficient (CL, CD, CS) =
  -5.3041342846321263E-006   1.3586805213922053        2.8494062788678219E-022
 Total Moment Coefficient(CMx, CMy, CMz)=
  0.33967013034805166       -1.3260335711372325E-006 -0.67422097371959100     
 Kstep, t=         285   285.00000000000000     
 ----------The Max Residuals are--------  ---Mesh---           1
    0.5520325257E-02    0.5898810822E-03    0.3343291803E-02    0.1219681299E-18    0.6648894165E-02
   The R.M.S Residuals are 
    0.4714736145E-03    0.1097693576E-04    0.2406674312E-03    0.6391827471E-20    0.5417961031E-03
 CPU wall time in this step:   3.4112698000001274E-002
 Averaged CPU wall time is:   3.5125361336842104E-002
   GS iter           1  res=   9.0949470177292824E-013  Ts(1,1,1)=   799.99500002499974       Ts(nx-1,ny-1,1)=   359.72744912491487     
   GS iter           2  res=   1.1368683772161603E-012  Ts(1,1,1)=   799.99500002499963       Ts(nx-1,ny-1,1)=   359.72744912491487     
   GS iter           3  res=   9.0949470177292824E-013  Ts(1,1,1)=   799.99500002499974       Ts(nx-1,ny-1,1)=   359.72744912491487     
   GS iter           4  res=   1.0231815394945443E-012  Ts(1,1,1)=   799.99500002499963       Ts(nx-1,ny-1,1)=   359.72744912491487     
   GS iter           5  res=   9.0949470177292824E-013  Ts(1,1,1)=   799.99500002499974       Ts(nx-1,ny-1,1)=   359.72744912491476     
 Solid solver Block           2  GS iterations:         100  final res:   9.0949470177292824E-013
   DBG: Ts(1,1,1)=   799.99500002499963       Ts(nx/2,ny/2,1)=   798.12501724812796       Ts(nx-1,ny-1,1)=   359.72744912491487     
 --------------Force and Moment -----------------------------
 Total Force Coefficient (CL, CD, CS) =
  -5.3272058744943347E-006   1.3587239949107388        2.8773247630414658E-022
 Total Moment Coefficient(CMx, CMy, CMz)=
  0.33968099872768481       -1.3318014686027846E-006 -0.67425708428215991     
 Kstep, t=         286   286.00000000000000     
 ----------The Max Residuals are--------  ---Mesh---           1
    0.5799835136E-02    0.6571637405E-03    0.3345971905E-02    0.8135466505E-19    0.6811730123E-02
   The R.M.S Residuals are 
    0.5005410463E-03    0.1135899965E-04    0.2985146012E-03    0.6332237058E-20    0.5976727440E-03
 CPU wall time in this step:   3.0812094999999928E-002
 Averaged CPU wall time is:   3.5110279986013987E-002
   GS iter           1  res=   1.2505552149377763E-012  Ts(1,1,1)=   799.99500002499974       Ts(nx-1,ny-1,1)=   359.72744912491487     
   GS iter           2  res=   1.1368683772161603E-012  Ts(1,1,1)=   799.99500002499963       Ts(nx-1,ny-1,1)=   359.72744912491498     
   GS iter           3  res=   1.0231815394945443E-012  Ts(1,1,1)=   799.99500002499974       Ts(nx-1,ny-1,1)=   359.72744912491481     
   GS iter           4  res=   1.1368683772161603E-012  Ts(1,1,1)=   799.99500002499963       Ts(nx-1,ny-1,1)=   359.72744912491481     
   GS iter           5  res=   9.0949470177292824E-013  Ts(1,1,1)=   799.99500002499974       Ts(nx-1,ny-1,1)=   359.72744912491481     
 Solid solver Block           2  GS iterations:         100  final res:   9.0949470177292824E-013
   DBG: Ts(1,1,1)=   799.99500002499963       Ts(nx/2,ny/2,1)=   798.12501724812796       Ts(nx-1,ny-1,1)=   359.72744912491476     
 --------------Force and Moment -----------------------------
 Total Force Coefficient (CL, CD, CS) =
  -5.3502889468039162E-006   1.3587670713465494        2.9014852362791433E-022
 Total Moment Coefficient(CMx, CMy, CMz)=
  0.33969176783663718       -1.3375722366801793E-006 -0.67429293241828947     
 Kstep, t=         287   287.00000000000000     
 ----------The Max Residuals are--------  ---Mesh---           1
    0.5734571753E-02    0.7920265833E-03    0.3761634854E-02    0.8133386963E-19    0.7242753681E-02
   The R.M.S Residuals are 
    0.4624325191E-03    0.1248563235E-04    0.2815855111E-03    0.5902231243E-20    0.5625626495E-03
 CPU wall time in this step:   3.1471009999998856E-002
 Averaged CPU wall time is:   3.5097599602787452E-002
   GS iter           1  res=   9.0949470177292824E-013  Ts(1,1,1)=   799.99500002499974       Ts(nx-1,ny-1,1)=   359.72744912491487     
   GS iter           2  res=   1.0231815394945443E-012  Ts(1,1,1)=   799.99500002499963       Ts(nx-1,ny-1,1)=   359.72744912491476     
   GS iter           3  res=   1.1368683772161603E-012  Ts(1,1,1)=   799.99500002499974       Ts(nx-1,ny-1,1)=   359.72744912491487     
   GS iter           4  res=   9.0949470177292824E-013  Ts(1,1,1)=   799.99500002499963       Ts(nx-1,ny-1,1)=   359.72744912491476     
   GS iter           5  res=   1.2505552149377763E-012  Ts(1,1,1)=   799.99500002499974       Ts(nx-1,ny-1,1)=   359.72744912491487     
 Solid solver Block           2  GS iterations:         100  final res:   9.0949470177292824E-013
   DBG: Ts(1,1,1)=   799.99500002499963       Ts(nx/2,ny/2,1)=   798.12501724812796       Ts(nx-1,ny-1,1)=   359.72744912491487     
 --------------Force and Moment -----------------------------
 Total Force Coefficient (CL, CD, CS) =
  -5.3733833200652230E-006   1.3588097918153390        2.9694580928127318E-022
 Total Moment Coefficient(CMx, CMy, CMz)=
  0.33970244795383486       -1.3433458299955058E-006 -0.67432854826426269     
 Kstep, t=         288   288.00000000000000     
 ----------The Max Residuals are--------  ---Mesh---           1
    0.5497184960E-02    0.6728968327E-03    0.3393783321E-02    0.1762032703E-18    0.6510994271E-02
   The R.M.S Residuals are 
    0.4472041374E-03    0.1237224088E-04    0.2233055360E-03    0.6284215233E-20    0.5183126046E-03
 CPU wall time in this step:   3.1674578000000508E-002
 Averaged CPU wall time is:   3.5085714111111110E-002
   GS iter           1  res=   1.1368683772161603E-012  Ts(1,1,1)=   799.99500002499974       Ts(nx-1,ny-1,1)=   359.72744912491476     
   GS iter           2  res=   1.0231815394945443E-012  Ts(1,1,1)=   799.99500002499963       Ts(nx-1,ny-1,1)=   359.72744912491487     
   GS iter           3  res=   9.0949470177292824E-013  Ts(1,1,1)=   799.99500002499974       Ts(nx-1,ny-1,1)=   359.72744912491476     
   GS iter           4  res=   7.9580786405131221E-013  Ts(1,1,1)=   799.99500002499963       Ts(nx-1,ny-1,1)=   359.72744912491487     
   GS iter           5  res=   9.0949470177292824E-013  Ts(1,1,1)=   799.99500002499974       Ts(nx-1,ny-1,1)=   359.72744912491487     
 Solid solver Block           2  GS iterations:         100  final res:   1.0231815394945443E-012
   DBG: Ts(1,1,1)=   799.99500002499963       Ts(nx/2,ny/2,1)=   798.12501724812796       Ts(nx-1,ny-1,1)=   359.72744912491487     
 --------------Force and Moment -----------------------------
 Total Force Coefficient (CL, CD, CS) =
  -5.3964888410168030E-006   1.3588521934758047        2.9880411295400985E-022
 Total Moment Coefficient(CMx, CMy, CMz)=
  0.33971304836895116       -1.3491222102333997E-006 -0.67436395744727085     
 Kstep, t=         289   289.00000000000000     
 ----------The Max Residuals are--------  ---Mesh---           1
    0.5528147948E-02    0.6842418858E-03    0.3418442468E-02    0.8133354409E-19    0.6585819189E-02
   The R.M.S Residuals are 
    0.4927692540E-03    0.1230937672E-04    0.2666160231E-03    0.6051034909E-20    0.5702383172E-03
 CPU wall time in this step:   3.1556244000000788E-002
 Averaged CPU wall time is:   3.5073501411764706E-002
   GS iter           1  res=   1.1368683772161603E-012  Ts(1,1,1)=   799.99500002499974       Ts(nx-1,ny-1,1)=   359.72744912491487     
   GS iter           2  res=   9.0949470177292824E-013  Ts(1,1,1)=   799.99500002499963       Ts(nx-1,ny-1,1)=   359.72744912491476     
   GS iter           3  res=   7.9580786405131221E-013  Ts(1,1,1)=   799.99500002499974       Ts(nx-1,ny-1,1)=   359.72744912491487     
   GS iter           4  res=   1.1368683772161603E-012  Ts(1,1,1)=   799.99500002499963       Ts(nx-1,ny-1,1)=   359.72744912491487     
   GS iter           5  res=   1.1368683772161603E-012  Ts(1,1,1)=   799.99500002499974       Ts(nx-1,ny-1,1)=   359.72744912491487     
 Solid solver Block           2  GS iterations:         100  final res:   7.9580786405131221E-013
   DBG: Ts(1,1,1)=   799.99500002499963       Ts(nx/2,ny/2,1)=   798.12501724812796       Ts(nx-1,ny-1,1)=   359.72744912491476     
 --------------Force and Moment -----------------------------
 Total Force Coefficient (CL, CD, CS) =
  -5.4196053704116897E-006   1.3588943082796914        2.9921846035491714E-022
 Total Moment Coefficient(CMx, CMy, CMz)=
  0.33972357706992262       -1.3549013425821208E-006 -0.67439918034360924     
 Kstep, t=         290   290.00000000000000     
 ----------The Max Residuals are--------  ---Mesh---           1
    0.5982305254E-02    0.8549246650E-03    0.3624886733E-02    0.9487858656E-19    0.7271841749E-02
   The R.M.S Residuals are 
    0.4928074287E-03    0.1340488103E-04    0.3089941749E-03    0.6025284872E-20    0.5998846695E-03
 CPU wall time in this step:   3.7848058999999878E-002
 Averaged CPU wall time is:   3.5083068851724138E-002
   GS iter           1  res=   1.0231815394945443E-012  Ts(1,1,1)=   799.99500002499974       Ts(nx-1,ny-1,1)=   359.72744912491487     
   GS iter           2  res=   1.0231815394945443E-012  Ts(1,1,1)=   799.99500002499963       Ts(nx-1,ny-1,1)=   359.72744912491476     
   GS iter           3  res=   1.2505552149377763E-012  Ts(1,1,1)=   799.99500002499974       Ts(nx-1,ny-1,1)=   359.72744912491487     
   GS iter           4  res=   1.2505552149377763E-012  Ts(1,1,1)=   799.99500002499963       Ts(nx-1,ny-1,1)=   359.72744912491487     
   GS iter           5  res=   1.0231815394945443E-012  Ts(1,1,1)=   799.99500002499974       Ts(nx-1,ny-1,1)=   359.72744912491487     
 Solid solver Block           2  GS iterations:         100  final res:   9.0949470177292824E-013
   DBG: Ts(1,1,1)=   799.99500002499963       Ts(nx/2,ny/2,1)=   798.12501724812796       Ts(nx-1,ny-1,1)=   359.72744912491487     
 --------------Force and Moment -----------------------------
 Total Force Coefficient (CL, CD, CS) =
  -5.4427327689555369E-006   1.3589361624834948        3.0375962999312756E-022
 Total Moment Coefficient(CMx, CMy, CMz)=
  0.33973404062087359       -1.3606831922180824E-006 -0.67443423194926166     
 Kstep, t=         291   291.00000000000000     
 ----------The Max Residuals are--------  ---Mesh---           1
    0.5634570266E-02    0.7491128791E-03    0.3533481796E-02    0.9490774291E-19    0.6785612165E-02
   The R.M.S Residuals are 
    0.4413868925E-03    0.1376290005E-04    0.2492680473E-03    0.6002233471E-20    0.5295948883E-03
 CPU wall time in this step:   4.4052126000000413E-002
 Averaged CPU wall time is:   3.5113890353951890E-002
   GS iter           1  res=   1.1368683772161603E-012  Ts(1,1,1)=   799.99500002499974       Ts(nx-1,ny-1,1)=   359.72744912491464     
   GS iter           2  res=   1.0231815394945443E-012  Ts(1,1,1)=   799.99500002499963       Ts(nx-1,ny-1,1)=   359.72744912491487     
   GS iter           3  res=   9.0949470177292824E-013  Ts(1,1,1)=   799.99500002499974       Ts(nx-1,ny-1,1)=   359.72744912491487     
   GS iter           4  res=   1.0231815394945443E-012  Ts(1,1,1)=   799.99500002499963       Ts(nx-1,ny-1,1)=   359.72744912491476     
   GS iter           5  res=   1.2505552149377763E-012  Ts(1,1,1)=   799.99500002499974       Ts(nx-1,ny-1,1)=   359.72744912491487     
 Solid solver Block           2  GS iterations:         100  final res:   9.0949470177292824E-013
   DBG: Ts(1,1,1)=   799.99500002499963       Ts(nx/2,ny/2,1)=   798.12501724812796       Ts(nx-1,ny-1,1)=   359.72744912491487     
 --------------Force and Moment -----------------------------
 Total Force Coefficient (CL, CD, CS) =
  -5.4658708845039536E-006   1.3589777768255524        3.0882099108798732E-022
 Total Moment Coefficient(CMx, CMy, CMz)=
  0.33974444420638822       -1.3664677211051855E-006 -0.67446912228459577     
 Kstep, t=         292   292.00000000000000     
 ----------The Max Residuals are--------  ---Mesh---           1
    0.5556372464E-02    0.7176939350E-03    0.3359230478E-02    0.1084498508E-18    0.6736540234E-02
   The R.M.S Residuals are 
    0.4640960444E-03    0.1376347197E-04    0.2222857376E-03    0.6034435980E-20    0.5274470165E-03
 CPU wall time in this step:   3.2019521999998801E-002
 Averaged CPU wall time is:   3.5103293202054790E-002
   GS iter           1  res=   1.3642420526593924E-012  Ts(1,1,1)=   799.99500002499974       Ts(nx-1,ny-1,1)=   359.72744912491476     
   GS iter           2  res=   1.3642420526593924E-012  Ts(1,1,1)=   799.99500002499963       Ts(nx-1,ny-1,1)=   359.72744912491487     
   GS iter           3  res=   1.3642420526593924E-012  Ts(1,1,1)=   799.99500002499974       Ts(nx-1,ny-1,1)=   359.72744912491476     
   GS iter           4  res=   1.0231815394945443E-012  Ts(1,1,1)=   799.99500002499963       Ts(nx-1,ny-1,1)=   359.72744912491487     
   GS iter           5  res=   1.0231815394945443E-012  Ts(1,1,1)=   799.99500002499974       Ts(nx-1,ny-1,1)=   359.72744912491487     
 Solid solver Block           2  GS iterations:         100  final res:   9.0949470177292824E-013
   DBG: Ts(1,1,1)=   799.99500002499963       Ts(nx/2,ny/2,1)=   798.12501724812796       Ts(nx-1,ny-1,1)=   359.72744912491487     
 --------------Force and Moment -----------------------------
 Total Force Coefficient (CL, CD, CS) =
  -5.4890195413869737E-006   1.3590191672167087        3.1001250134915663E-022
 Total Moment Coefficient(CMx, CMy, CMz)=
  0.33975479180417711       -1.3722548853259395E-006 -0.67450385721224482     
 Kstep, t=         293   293.00000000000000     
 ----------The Max Residuals are--------  ---Mesh---           1
    0.5794578247E-02    0.9164012158E-03    0.3379562736E-02    0.1084380183E-18    0.6795998130E-02
   The R.M.S Residuals are 
    0.5091653280E-03    0.1441198190E-04    0.3010765066E-03    0.6156247915E-20    0.6041052133E-03
 CPU wall time in this step:   3.3935259999999801E-002
 Averaged CPU wall time is:   3.5099306740614331E-002
   GS iter           1  res=   9.0949470177292824E-013  Ts(1,1,1)=   799.99500002499974       Ts(nx-1,ny-1,1)=   359.72744912491487     
   GS iter           2  res=   9.0949470177292824E-013  Ts(1,1,1)=   799.99500002499963       Ts(nx-1,ny-1,1)=   359.72744912491476     
   GS iter           3  res=   1.1368683772161603E-012  Ts(1,1,1)=   799.99500002499974       Ts(nx-1,ny-1,1)=   359.72744912491487     
   GS iter           4  res=   1.3642420526593924E-012  Ts(1,1,1)=   799.99500002499963       Ts(nx-1,ny-1,1)=   359.72744912491476     
   GS iter           5  res=   1.2505552149377763E-012  Ts(1,1,1)=   799.99500002499974       Ts(nx-1,ny-1,1)=   359.72744912491487     
 Solid solver Block           2  GS iterations:         100  final res:   1.0231815394945443E-012
   DBG: Ts(1,1,1)=   799.99500002499963       Ts(nx/2,ny/2,1)=   798.12501724812796       Ts(nx-1,ny-1,1)=   359.72744912491487     
 --------------Force and Moment -----------------------------
 Total Force Coefficient (CL, CD, CS) =
  -5.5121785324337384E-006   1.3590603457588035        3.1229031655511377E-022
 Total Moment Coefficient(CMx, CMy, CMz)=
  0.33976508643970099       -1.3780446330876304E-006 -0.67453843952088000     
 Kstep, t=         294   294.00000000000000     
 ----------The Max Residuals are--------  ---Mesh---           1
    0.5763438593E-02    0.8186809176E-03    0.3783887106E-02    0.8131028755E-19    0.7291857290E-02
   The R.M.S Residuals are 
    0.4686729776E-03    0.1481456911E-04    0.2953280994E-03    0.6111218620E-20    0.5760928046E-03
 CPU wall time in this step:   4.5716769000000212E-002
 Averaged CPU wall time is:   3.5135420557823129E-002
   GS iter           1  res=   1.2505552149377763E-012  Ts(1,1,1)=   799.99500002499974       Ts(nx-1,ny-1,1)=   359.72744912491476     
   GS iter           2  res=   1.0231815394945443E-012  Ts(1,1,1)=   799.99500002499963       Ts(nx-1,ny-1,1)=   359.72744912491487     
   GS iter           3  res=   1.1368683772161603E-012  Ts(1,1,1)=   799.99500002499974       Ts(nx-1,ny-1,1)=   359.72744912491476     
   GS iter           4  res=   1.3642420526593924E-012  Ts(1,1,1)=   799.99500002499963       Ts(nx-1,ny-1,1)=   359.72744912491487     
   GS iter           5  res=   1.2505552149377763E-012  Ts(1,1,1)=   799.99500002499974       Ts(nx-1,ny-1,1)=   359.72744912491498     
 Solid solver Block           2  GS iterations:         100  final res:   7.9580786405131221E-013
   DBG: Ts(1,1,1)=   799.99500002499963       Ts(nx/2,ny/2,1)=   798.12501724812796       Ts(nx-1,ny-1,1)=   359.72744912491498     
 --------------Force and Moment -----------------------------
 Total Force Coefficient (CL, CD, CS) =
  -5.5353476139501694E-006   1.3591013218949701        3.1758456513190436E-022
 Total Moment Coefficient(CMx, CMy, CMz)=
  0.33977533047374237       -1.3838369034667367E-006 -0.67457287011890388     
 Kstep, t=         295   295.00000000000000     
 ----------The Max Residuals are--------  ---Mesh---           1
    0.5511276387E-02    0.7599801393E-03    0.3386904539E-02    0.1084516420E-18    0.6611864039E-02
   The R.M.S Residuals are 
    0.4341479002E-03    0.1536618342E-04    0.2128229053E-03    0.5920314820E-20    0.5028179878E-03
 CPU wall time in this step:   6.9055351999999459E-002
 Averaged CPU wall time is:   3.5250403376271180E-002
   GS iter           1  res=   9.0949470177292824E-013  Ts(1,1,1)=   799.99500002499974       Ts(nx-1,ny-1,1)=   359.72744912491459     
   GS iter           2  res=   7.9580786405131221E-013  Ts(1,1,1)=   799.99500002499963       Ts(nx-1,ny-1,1)=   359.72744912491498     
   GS iter           3  res=   9.0949470177292824E-013  Ts(1,1,1)=   799.99500002499974       Ts(nx-1,ny-1,1)=   359.72744912491493     
   GS iter           4  res=   7.9580786405131221E-013  Ts(1,1,1)=   799.99500002499963       Ts(nx-1,ny-1,1)=   359.72744912491476     
   GS iter           5  res=   7.9580786405131221E-013  Ts(1,1,1)=   799.99500002499974       Ts(nx-1,ny-1,1)=   359.72744912491487     
 Solid solver Block           2  GS iterations:         100  final res:   1.4779288903810084E-012
   DBG: Ts(1,1,1)=   799.99500002499963       Ts(nx/2,ny/2,1)=   798.12501724812796       Ts(nx-1,ny-1,1)=   359.72744912491487     
 --------------Force and Moment -----------------------------
 Total Force Coefficient (CL, CD, CS) =
  -5.5585265035923457E-006   1.3591421035080051        3.1839137439176776E-022
 Total Moment Coefficient(CMx, CMy, CMz)=
  0.33978552587700139       -1.3896316258772812E-006 -0.67460714919047626     
 Kstep, t=         296   296.00000000000000     
 ----------The Max Residuals are--------  ---Mesh---           1
    0.5552120429E-02    0.9795725610E-03    0.3438399312E-02    0.9489140056E-19    0.6667358693E-02
   The R.M.S Residuals are 
    0.4913098169E-03    0.1604227667E-04    0.2533757425E-03    0.6010623583E-20    0.5635036233E-03
 CPU wall time in this step:   9.9661483000000217E-002
 Averaged CPU wall time is:   3.5468008374999999E-002
   GS iter           1  res=   1.0231815394945443E-012  Ts(1,1,1)=   799.99500002499974       Ts(nx-1,ny-1,1)=   359.72744912491476     
   GS iter           2  res=   1.0231815394945443E-012  Ts(1,1,1)=   799.99500002499963       Ts(nx-1,ny-1,1)=   359.72744912491487     
   GS iter           3  res=   9.0949470177292824E-013  Ts(1,1,1)=   799.99500002499974       Ts(nx-1,ny-1,1)=   359.72744912491487     
   GS iter           4  res=   9.0949470177292824E-013  Ts(1,1,1)=   799.99500002499963       Ts(nx-1,ny-1,1)=   359.72744912491487     
   GS iter           5  res=   1.1368683772161603E-012  Ts(1,1,1)=   799.99500002499974       Ts(nx-1,ny-1,1)=   359.72744912491487     
 Solid solver Block           2  GS iterations:         100  final res:   1.0231815394945443E-012
   DBG: Ts(1,1,1)=   799.99500002499963       Ts(nx/2,ny/2,1)=   798.12501724812796       Ts(nx-1,ny-1,1)=   359.72744912491487     
 --------------Force and Moment -----------------------------
 Total Force Coefficient (CL, CD, CS) =
  -5.5817148807860424E-006   1.3591826978148938        3.2543035247981084E-022
 Total Moment Coefficient(CMx, CMy, CMz)=
  0.33979567445372338       -1.3954287201757049E-006 -0.67464127718948252     
 Kstep, t=         297   297.00000000000000     
 ----------The Max Residuals are--------  ---Mesh---           1
    0.6015335986E-02    0.8831774850E-03    0.3604247585E-02    0.8132406750E-19    0.7310601313E-02
   The R.M.S Residuals are 
    0.5035273303E-03    0.1583146565E-04    0.3170876173E-03    0.5845309925E-20    0.6106018993E-03
 CPU wall time in this step:   3.3304901000001053E-002
 Averaged CPU wall time is:   3.5460725185185185E-002
   GS iter           1  res=   1.0231815394945443E-012  Ts(1,1,1)=   799.99500002499974       Ts(nx-1,ny-1,1)=   359.72744912491476     
   GS iter           2  res=   1.0231815394945443E-012  Ts(1,1,1)=   799.99500002499963       Ts(nx-1,ny-1,1)=   359.72744912491487     
   GS iter           3  res=   9.0949470177292824E-013  Ts(1,1,1)=   799.99500002499974       Ts(nx-1,ny-1,1)=   359.72744912491487     
   GS iter           4  res=   1.3642420526593924E-012  Ts(1,1,1)=   799.99500002499963       Ts(nx-1,ny-1,1)=   359.72744912491476     
   GS iter           5  res=   7.9580786405131221E-013  Ts(1,1,1)=   799.99500002499974       Ts(nx-1,ny-1,1)=   359.72744912491487     
 Solid solver Block           2  GS iterations:         100  final res:   7.9580786405131221E-013
   DBG: Ts(1,1,1)=   799.99500002499963       Ts(nx/2,ny/2,1)=   798.12501724812796       Ts(nx-1,ny-1,1)=   359.72744912491487     
 --------------Force and Moment -----------------------------
 Total Force Coefficient (CL, CD, CS) =
  -5.6049123892050517E-006   1.3592231119512521        3.3022773197889780E-022
 Total Moment Coefficient(CMx, CMy, CMz)=
  0.33980577798781336       -1.4012280972804558E-006 -0.67467525558097263     
 Kstep, t=         298   298.00000000000000     
 ----------The Max Residuals are--------  ---Mesh---           1
    0.5508153455E-02    0.8134866564E-03    0.3602381709E-02    0.8136128927E-19    0.6908652617E-02
   The R.M.S Residuals are 
    0.4420575442E-03    0.1655762983E-04    0.2599329588E-03    0.6042415938E-20    0.5375269873E-03
 CPU wall time in this step:   4.0529982999998992E-002
 Averaged CPU wall time is:   3.5477736117449664E-002
   GS iter           1  res=   1.2505552149377763E-012  Ts(1,1,1)=   799.99500002499974       Ts(nx-1,ny-1,1)=   359.72744912491476     
   GS iter           2  res=   1.0231815394945443E-012  Ts(1,1,1)=   799.99500002499963       Ts(nx-1,ny-1,1)=   359.72744912491487     
   GS iter           3  res=   9.0949470177292824E-013  Ts(1,1,1)=   799.99500002499974       Ts(nx-1,ny-1,1)=   359.72744912491476     
   GS iter           4  res=   1.1368683772161603E-012  Ts(1,1,1)=   799.99500002499963       Ts(nx-1,ny-1,1)=   359.72744912491487     
   GS iter           5  res=   1.1368683772161603E-012  Ts(1,1,1)=   799.99500002499974       Ts(nx-1,ny-1,1)=   359.72744912491487     
 Solid solver Block           2  GS iterations:         100  final res:   9.0949470177292824E-013
   DBG: Ts(1,1,1)=   799.99500002499963       Ts(nx/2,ny/2,1)=   798.12501724812796       Ts(nx-1,ny-1,1)=   359.72744912491487     
 --------------Force and Moment -----------------------------
 Total Force Coefficient (CL, CD, CS) =
  -5.6281186406194397E-006   1.3592633531927742        3.3790157608892314E-022
 Total Moment Coefficient(CMx, CMy, CMz)=
  0.33981583829819362       -1.4070296601340530E-006 -0.67470908727963608     
 Kstep, t=         299   299.00000000000000     
 ----------The Max Residuals are--------  ---Mesh---           1
    0.5524264068E-02    0.1044878456E-02    0.3419059685E-02    0.8129885112E-19    0.6849205512E-02
   The R.M.S Residuals are 
    0.4494550005E-03    0.1794143698E-04    0.2051146606E-03    0.5872052175E-20    0.5075593804E-03
 CPU wall time in this step:   3.2833037000001397E-002
 Averaged CPU wall time is:   3.5468890969899670E-002
   GS iter           1  res=   1.1368683772161603E-012  Ts(1,1,1)=   799.99500002499974       Ts(nx-1,ny-1,1)=   359.72744912491476     
   GS iter           2  res=   7.9580786405131221E-013  Ts(1,1,1)=   799.99500002499963       Ts(nx-1,ny-1,1)=   359.72744912491487     
   GS iter           3  res=   7.9580786405131221E-013  Ts(1,1,1)=   799.99500002499974       Ts(nx-1,ny-1,1)=   359.72744912491476     
   GS iter           4  res=   1.0231815394945443E-012  Ts(1,1,1)=   799.99500002499963       Ts(nx-1,ny-1,1)=   359.72744912491487     
   GS iter           5  res=   1.0231815394945443E-012  Ts(1,1,1)=   799.99500002499974       Ts(nx-1,ny-1,1)=   359.72744912491487     
 Solid solver Block           2  GS iterations:         100  final res:   9.0949470177292824E-013
   DBG: Ts(1,1,1)=   799.99500002499963       Ts(nx/2,ny/2,1)=   798.12501724812796       Ts(nx-1,ny-1,1)=   359.72744912491487     
 --------------Force and Moment -----------------------------
 Total Force Coefficient (CL, CD, CS) =
  -5.6513332194353765E-006   1.3593034288146533        3.4421320408421589E-022
 Total Moment Coefficient(CMx, CMy, CMz)=
  0.33982585720366343       -1.4128333048380361E-006 -0.67474277677592664     
 Kstep, t=         300   300.00000000000000     
 ----------The Max Residuals are--------  ---Mesh---           1
    0.5712905085E-02    0.9387851029E-03    0.3317344913E-02    0.8130079431E-19    0.6637508583E-02
   The R.M.S Residuals are 
    0.5097537272E-03    0.1758807160E-04    0.2889265775E-03    0.5957973837E-20    0.5974555828E-03
 CPU wall time in this step:   3.3908346999998784E-002
 Averaged CPU wall time is:   3.5463689156666665E-002
   GS iter           1  res=   1.0231815394945443E-012  Ts(1,1,1)=   799.99500002499974       Ts(nx-1,ny-1,1)=   359.72744912491476     
   GS iter           2  res=   1.0231815394945443E-012  Ts(1,1,1)=   799.99500002499963       Ts(nx-1,ny-1,1)=   359.72744912491487     
   GS iter           3  res=   9.0949470177292824E-013  Ts(1,1,1)=   799.99500002499974       Ts(nx-1,ny-1,1)=   359.72744912491476     
   GS iter           4  res=   1.0231815394945443E-012  Ts(1,1,1)=   799.99500002499963       Ts(nx-1,ny-1,1)=   359.72744912491487     
   GS iter           5  res=   1.1368683772161603E-012  Ts(1,1,1)=   799.99500002499974       Ts(nx-1,ny-1,1)=   359.72744912491476     
 Solid solver Block           2  GS iterations:         100  final res:   1.1368683772161603E-012
   DBG: Ts(1,1,1)=   799.99500002499963       Ts(nx/2,ny/2,1)=   798.12501724812796       Ts(nx-1,ny-1,1)=   359.72744912491487     
 --------------Force and Moment -----------------------------
 Total Force Coefficient (CL, CD, CS) =
  -5.6745556873056253E-006   1.3593433456382527        3.4765872364611960E-022
 Total Moment Coefficient(CMx, CMy, CMz)=
  0.33983583640956327       -1.4186389218055983E-006 -0.67477632997769277     
 Kstep, t=         301   301.00000000000000     
 ----------The Max Residuals are--------  ---Mesh---           1
    0.5859338295E-02    0.8785373044E-03    0.3815870736E-02    0.8136397419E-19    0.7387968451E-02
   The R.M.S Residuals are 
    0.4824999325E-03    0.1755644105E-04    0.3101138945E-03    0.6141956322E-20    0.5936014549E-03
 CPU wall time in this step:   3.2188149999999638E-002
 Averaged CPU wall time is:   3.5452806966777405E-002
   GS iter           1  res=   1.0231815394945443E-012  Ts(1,1,1)=   799.99500002499974       Ts(nx-1,ny-1,1)=   359.72744912491476     
   GS iter           2  res=   9.0949470177292824E-013  Ts(1,1,1)=   799.99500002499963       Ts(nx-1,ny-1,1)=   359.72744912491487     
   GS iter           3  res=   1.0231815394945443E-012  Ts(1,1,1)=   799.99500002499974       Ts(nx-1,ny-1,1)=   359.72744912491487     
   GS iter           4  res=   7.9580786405131221E-013  Ts(1,1,1)=   799.99500002499963       Ts(nx-1,ny-1,1)=   359.72744912491476     
   GS iter           5  res=   9.0949470177292824E-013  Ts(1,1,1)=   799.99500002499974       Ts(nx-1,ny-1,1)=   359.72744912491487     
 Solid solver Block           2  GS iterations:         100  final res:   1.3642420526593924E-012
   DBG: Ts(1,1,1)=   799.99500002499963       Ts(nx/2,ny/2,1)=   798.12501724812796       Ts(nx-1,ny-1,1)=   359.72744912491521     
 --------------Force and Moment -----------------------------
 Total Force Coefficient (CL, CD, CS) =
  -5.6977855873020954E-006   1.3593831093515958        3.5518129399853813E-022
 Total Moment Coefficient(CMx, CMy, CMz)=
  0.33984577733789889       -1.4244463968047148E-006 -0.67480975382485464     
 Kstep, t=         302   302.00000000000000     
 ----------The Max Residuals are--------  ---Mesh---           1
    0.5576812839E-02    0.1110039421E-02    0.3339560750E-02    0.8135343754E-19    0.6761684325E-02
   The R.M.S Residuals are 
    0.4275946151E-03    0.1936235328E-04    0.2203651574E-03    0.6197750449E-20    0.5036882960E-03
 CPU wall time in this step:   3.9938081000000736E-002
 Averaged CPU wall time is:   3.5467658867549670E-002
   GS iter           1  res=   1.2505552149377763E-012  Ts(1,1,1)=   799.99500002499974       Ts(nx-1,ny-1,1)=   359.72744912491487     
   GS iter           2  res=   1.1368683772161603E-012  Ts(1,1,1)=   799.99500002499963       Ts(nx-1,ny-1,1)=   359.72744912491487     
   GS iter           3  res=   1.0231815394945443E-012  Ts(1,1,1)=   799.99500002499974       Ts(nx-1,ny-1,1)=   359.72744912491487     
   GS iter           4  res=   9.0949470177292824E-013  Ts(1,1,1)=   799.99500002499963       Ts(nx-1,ny-1,1)=   359.72744912491476     
   GS iter           5  res=   1.1368683772161603E-012  Ts(1,1,1)=   799.99500002499974       Ts(nx-1,ny-1,1)=   359.72744912491487     
 Solid solver Block           2  GS iterations:         100  final res:   1.2505552149377763E-012
   DBG: Ts(1,1,1)=   799.99500002499963       Ts(nx/2,ny/2,1)=   798.12501724812796       Ts(nx-1,ny-1,1)=   359.72744912491487     
 --------------Force and Moment -----------------------------
 Total Force Coefficient (CL, CD, CS) =
  -5.7210224473071618E-006   1.3594227237132077        3.5745071931063838E-022
 Total Moment Coefficient(CMx, CMy, CMz)=
  0.33985568092830215       -1.4302556118059808E-006 -0.67484305575397485     
 Kstep, t=         303   303.00000000000000     
 ----------The Max Residuals are--------  ---Mesh---           1
    0.5464420290E-02    0.9820783311E-03    0.3382770805E-02    0.1084554575E-18    0.6617711352E-02
   The R.M.S Residuals are 
    0.4772987942E-03    0.1974787907E-04    0.2293076575E-03    0.6170028926E-20    0.5407192604E-03
 CPU wall time in this step:   3.1862356999999619E-002
 Averaged CPU wall time is:   3.5455760181518151E-002
   GS iter           1  res=   1.3642420526593924E-012  Ts(1,1,1)=   799.99500002499974       Ts(nx-1,ny-1,1)=   359.72744912491476     
   GS iter           2  res=   1.2505552149377763E-012  Ts(1,1,1)=   799.99500002499963       Ts(nx-1,ny-1,1)=   359.72744912491487     
   GS iter           3  res=   9.0949470177292824E-013  Ts(1,1,1)=   799.99500002499974       Ts(nx-1,ny-1,1)=   359.72744912491476     
   GS iter           4  res=   9.0949470177292824E-013  Ts(1,1,1)=   799.99500002499963       Ts(nx-1,ny-1,1)=   359.72744912491487     
   GS iter           5  res=   1.1368683772161603E-012  Ts(1,1,1)=   799.99500002499974       Ts(nx-1,ny-1,1)=   359.72744912491476     
 Solid solver Block           2  GS iterations:         100  final res:   1.0231815394945443E-012
   DBG: Ts(1,1,1)=   799.99500002499963       Ts(nx/2,ny/2,1)=   798.12501724812796       Ts(nx-1,ny-1,1)=   359.72744912491487     
 --------------Force and Moment -----------------------------
 Total Force Coefficient (CL, CD, CS) =
  -5.7442657824585658E-006   1.3594621897559422        3.6318410325746513E-022
 Total Moment Coefficient(CMx, CMy, CMz)=
  0.33986554743898578       -1.4360664455938313E-006 -0.67487624309752670     
 Kstep, t=         304   304.00000000000000     
 ----------The Max Residuals are--------  ---Mesh---           1
    0.6036674820E-02    0.9536343458E-03    0.3537309472E-02    0.1084430506E-18    0.7295272813E-02
   The R.M.S Residuals are 
    0.5125295611E-03    0.1943344261E-04    0.3135080690E-03    0.6414860456E-20    0.6135931638E-03
 CPU wall time in this step:   3.9191136000001237E-002
 Averaged CPU wall time is:   3.5468047601973689E-002
   GS iter           1  res=   1.4779288903810084E-012  Ts(1,1,1)=   799.99500002499974       Ts(nx-1,ny-1,1)=   359.72744912491476     
   GS iter           2  res=   1.5916157281026244E-012  Ts(1,1,1)=   799.99500002499963       Ts(nx-1,ny-1,1)=   359.72744912491487     
   GS iter           3  res=   7.9580786405131221E-013  Ts(1,1,1)=   799.99500002499974       Ts(nx-1,ny-1,1)=   359.72744912491487     
   GS iter           4  res=   1.2505552149377763E-012  Ts(1,1,1)=   799.99500002499963       Ts(nx-1,ny-1,1)=   359.72744912491487     
   GS iter           5  res=   1.2505552149377763E-012  Ts(1,1,1)=   799.99500002499974       Ts(nx-1,ny-1,1)=   359.72744912491476     
 Solid solver Block           2  GS iterations:         100  final res:   9.0949470177292824E-013
   DBG: Ts(1,1,1)=   799.99500002499963       Ts(nx/2,ny/2,1)=   798.12501724812796       Ts(nx-1,ny-1,1)=   359.72744912491487     
 --------------Force and Moment -----------------------------
 Total Force Coefficient (CL, CD, CS) =
  -5.7675150966704181E-006   1.3595015050994448        3.6556613447878262E-022
 Total Moment Coefficient(CMx, CMy, CMz)=
  0.33987537627486086       -1.4418787741467931E-006 -0.67490932249949531     
 Kstep, t=         305   305.00000000000000     
 ----------The Max Residuals are--------  ---Mesh---           1
    0.5567586861E-02    0.1173513303E-02    0.3744223399E-02    0.9483186914E-19    0.7155818861E-02
   The R.M.S Residuals are 
    0.4559795475E-03    0.2048917654E-04    0.2843522980E-03    0.6193377199E-20    0.5620764992E-03
 CPU wall time in this step:   3.0780773999998345E-002
 Averaged CPU wall time is:   3.5452679491803273E-002
   GS iter           1  res=   1.1368683772161603E-012  Ts(1,1,1)=   799.99500002499974       Ts(nx-1,ny-1,1)=   359.72744912491476     
   GS iter           2  res=   1.1368683772161603E-012  Ts(1,1,1)=   799.99500002499963       Ts(nx-1,ny-1,1)=   359.72744912491487     
   GS iter           3  res=   1.1368683772161603E-012  Ts(1,1,1)=   799.99500002499974       Ts(nx-1,ny-1,1)=   359.72744912491487     
   GS iter           4  res=   1.2505552149377763E-012  Ts(1,1,1)=   799.99500002499963       Ts(nx-1,ny-1,1)=   359.72744912491476     
   GS iter           5  res=   1.2505552149377763E-012  Ts(1,1,1)=   799.99500002499974       Ts(nx-1,ny-1,1)=   359.72744912491487     
 Solid solver Block           2  GS iterations:         100  final res:   1.1368683772161603E-012
   DBG: Ts(1,1,1)=   799.99500002499963       Ts(nx/2,ny/2,1)=   798.12501724812796       Ts(nx-1,ny-1,1)=   359.72744912491487     
 --------------Force and Moment -----------------------------
 Total Force Coefficient (CL, CD, CS) =
  -5.7907698834023938E-006   1.3595406634590943        3.7168055785283023E-022
 Total Moment Coefficient(CMx, CMy, CMz)=
  0.33988516586477341       -1.4476924708297877E-006 -0.67494229941636386     
 Kstep, t=         306   306.00000000000000     
 ----------The Max Residuals are--------  ---Mesh---           1
    0.5398315586E-02    0.1011703278E-02    0.3481766664E-02    0.9489620463E-19    0.6914156710E-02
   The R.M.S Residuals are 
    0.4313115793E-03    0.2129221421E-04    0.1954251648E-03    0.6201254814E-20    0.4900438852E-03
 CPU wall time in this step:   2.9935332000000869E-002
 Averaged CPU wall time is:   3.5434648944444445E-002
   GS iter           1  res=   1.0231815394945443E-012  Ts(1,1,1)=   799.99500002499974       Ts(nx-1,ny-1,1)=   359.72744912491476     
   GS iter           2  res=   1.0231815394945443E-012  Ts(1,1,1)=   799.99500002499963       Ts(nx-1,ny-1,1)=   359.72744912491487     
   GS iter           3  res=   1.0231815394945443E-012  Ts(1,1,1)=   799.99500002499974       Ts(nx-1,ny-1,1)=   359.72744912491487     
   GS iter           4  res=   1.0231815394945443E-012  Ts(1,1,1)=   799.99500002499963       Ts(nx-1,ny-1,1)=   359.72744912491487     
   GS iter           5  res=   7.9580786405131221E-013  Ts(1,1,1)=   799.99500002499974       Ts(nx-1,ny-1,1)=   359.72744912491487     
 Solid solver Block           2  GS iterations:         100  final res:   1.2505552149377763E-012
   DBG: Ts(1,1,1)=   799.99500002499963       Ts(nx/2,ny/2,1)=   798.12501724812796       Ts(nx-1,ny-1,1)=   359.72744912491487     
 --------------Force and Moment -----------------------------
 Total Force Coefficient (CL, CD, CS) =
  -5.8140296259522013E-006   1.3595796544096170        3.7550046430479575E-022
 Total Moment Coefficient(CMx, CMy, CMz)=
  0.33989491360240415       -1.4535074064672377E-006 -0.67497517775317439     
 Kstep, t=         307   307.00000000000000     
 ----------The Max Residuals are--------  ---Mesh---           1
    0.5618600749E-02    0.1036853330E-02    0.3221203047E-02    0.8133309631E-19    0.6615650465E-02
   The R.M.S Residuals are 
    0.5012394883E-03    0.2185172121E-04    0.2631765616E-03    0.6107341978E-20    0.5772200904E-03
 CPU wall time in this step:   3.0234596999999752E-002
 Averaged CPU wall time is:   3.5417710664495117E-002
   GS iter           1  res=   1.1368683772161603E-012  Ts(1,1,1)=   799.99500002499974       Ts(nx-1,ny-1,1)=   359.72744912491476     
   GS iter           2  res=   1.2505552149377763E-012  Ts(1,1,1)=   799.99500002499963       Ts(nx-1,ny-1,1)=   359.72744912491487     
   GS iter           3  res=   9.0949470177292824E-013  Ts(1,1,1)=   799.99500002499974       Ts(nx-1,ny-1,1)=   359.72744912491476     
   GS iter           4  res=   1.0231815394945443E-012  Ts(1,1,1)=   799.99500002499963       Ts(nx-1,ny-1,1)=   359.72744912491487     
   GS iter           5  res=   1.1368683772161603E-012  Ts(1,1,1)=   799.99500002499974       Ts(nx-1,ny-1,1)=   359.72744912491487     
 Solid solver Block           2  GS iterations:         100  final res:   9.0949470177292824E-013
   DBG: Ts(1,1,1)=   799.99500002499963       Ts(nx/2,ny/2,1)=   798.12501724812796       Ts(nx-1,ny-1,1)=   359.72744912491476     
 --------------Force and Moment -----------------------------
 Total Force Coefficient (CL, CD, CS) =
  -5.8372937975950096E-006   1.3596184634273272        3.7967623797009131E-022
 Total Moment Coefficient(CMx, CMy, CMz)=
  0.33990461585683174       -1.4593234493779397E-006 -0.67500795966143468     
 Kstep, t=         308   308.00000000000000     
 ----------The Max Residuals are--------  ---Mesh---           1
    0.6020854583E-02    0.1231871093E-02    0.3842263380E-02    0.8133553773E-19    0.7524616133E-02
   The R.M.S Residuals are 
    0.5004676720E-03    0.2254553131E-04    0.3201113413E-03    0.6148615498E-20    0.6099265243E-03
 CPU wall time in this step:   3.0119561999999434E-002
 Averaged CPU wall time is:   3.5400508883116882E-002
   GS iter           1  res=   1.1368683772161603E-012  Ts(1,1,1)=   799.99500002499974       Ts(nx-1,ny-1,1)=   359.72744912491487     
   GS iter           2  res=   1.1368683772161603E-012  Ts(1,1,1)=   799.99500002499963       Ts(nx-1,ny-1,1)=   359.72744912491487     
   GS iter           3  res=   1.1368683772161603E-012  Ts(1,1,1)=   799.99500002499974       Ts(nx-1,ny-1,1)=   359.72744912491487     
   GS iter           4  res=   1.0231815394945443E-012  Ts(1,1,1)=   799.99500002499963       Ts(nx-1,ny-1,1)=   359.72744912491487     
   GS iter           5  res=   7.9580786405131221E-013  Ts(1,1,1)=   799.99500002499974       Ts(nx-1,ny-1,1)=   359.72744912491498     
 Solid solver Block           2  GS iterations:         100  final res:   9.0949470177292824E-013
   DBG: Ts(1,1,1)=   799.99500002499963       Ts(nx/2,ny/2,1)=   798.12501724812796       Ts(nx-1,ny-1,1)=   359.72744912491487     
 --------------Force and Moment -----------------------------
 Total Force Coefficient (CL, CD, CS) =
  -5.8605618618860717E-006   1.3596570722011427        3.8339238876326455E-022
 Total Moment Coefficient(CMx, CMy, CMz)=
  0.33991426805028563       -1.4651404654507042E-006 -0.67504064550246357     
 Kstep, t=         309   309.00000000000000     
 ----------The Max Residuals are--------  ---Mesh---           1
    0.5514645847E-02    0.1025501317E-02    0.3456628887E-02    0.8133076419E-19    0.7042129938E-02
   The R.M.S Residuals are 
    0.4328270632E-03    0.2255713792E-04    0.2471658373E-03    0.6218487748E-20    0.5244891838E-03
 CPU wall time in this step:   3.5910893000000499E-002
 Averaged CPU wall time is:   3.5402160611650482E-002
   GS iter           1  res=   1.0231815394945443E-012  Ts(1,1,1)=   799.99500002499974       Ts(nx-1,ny-1,1)=   359.72744912491487     
   GS iter           2  res=   1.0231815394945443E-012  Ts(1,1,1)=   799.99500002499963       Ts(nx-1,ny-1,1)=   359.72744912491487     
   GS iter           3  res=   1.1368683772161603E-012  Ts(1,1,1)=   799.99500002499974       Ts(nx-1,ny-1,1)=   359.72744912491487     
   GS iter           4  res=   1.1368683772161603E-012  Ts(1,1,1)=   799.99500002499963       Ts(nx-1,ny-1,1)=   359.72744912491487     
   GS iter           5  res=   1.0231815394945443E-012  Ts(1,1,1)=   799.99500002499974       Ts(nx-1,ny-1,1)=   359.72744912491476     
 Solid solver Block           2  GS iterations:         100  final res:   9.0949470177292824E-013
   DBG: Ts(1,1,1)=   799.99500002499963       Ts(nx/2,ny/2,1)=   798.12501724812796       Ts(nx-1,ny-1,1)=   359.72744912491487     
 --------------Force and Moment -----------------------------
 Total Force Coefficient (CL, CD, CS) =
  -5.8838332733865928E-006   1.3596954591729964        3.8308543896340731E-022
 Total Moment Coefficient(CMx, CMy, CMz)=
  0.33992386479324915       -1.4709583183258343E-006 -0.67507323395937002     
 Kstep, t=         310   310.00000000000000     
 ----------The Max Residuals are--------  ---Mesh---           1
    0.5320544539E-02    0.1124914480E-02    0.3012258722E-02    0.9490015005E-19    0.6105411682E-02
   The R.M.S Residuals are 
    0.4511720196E-03    0.2356825599E-04    0.1991930565E-03    0.6093119539E-20    0.5054152377E-03
 CPU wall time in this step:   3.1215843000000021E-002
 Averaged CPU wall time is:   3.5388656361290322E-002
   GS iter           1  res=   7.9580786405131221E-013  Ts(1,1,1)=   799.99500002499974       Ts(nx-1,ny-1,1)=   359.72744912491476     
   GS iter           2  res=   1.0231815394945443E-012  Ts(1,1,1)=   799.99500002499963       Ts(nx-1,ny-1,1)=   359.72744912491487     
   GS iter           3  res=   9.0949470177292824E-013  Ts(1,1,1)=   799.99500002499974       Ts(nx-1,ny-1,1)=   359.72744912491476     
   GS iter           4  res=   1.0231815394945443E-012  Ts(1,1,1)=   799.99500002499963       Ts(nx-1,ny-1,1)=   359.72744912491487     
   GS iter           5  res=   1.1368683772161603E-012  Ts(1,1,1)=   799.99500002499974       Ts(nx-1,ny-1,1)=   359.72744912491476     
 Solid solver Block           2  GS iterations:         100  final res:   9.0949470177292824E-013
   DBG: Ts(1,1,1)=   799.99500002499963       Ts(nx/2,ny/2,1)=   798.12501724812796       Ts(nx-1,ny-1,1)=   359.72744912491487     
 --------------Force and Moment -----------------------------
 Total Force Coefficient (CL, CD, CS) =
  -5.9071074789816044E-006   1.3597336002464409        3.8495799022998528E-022
 Total Moment Coefficient(CMx, CMy, CMz)=
  0.33993340006161021       -1.4767768697245868E-006 -0.67510572226543242     
 Kstep, t=         311   311.00000000000000     
 ----------The Max Residuals are--------  ---Mesh---           1
    0.5964900875E-02    0.1282867012E-02    0.3441768050E-02    0.9485761769E-19    0.7109305385E-02
   The R.M.S Residuals are 
    0.5141019128E-03    0.2504008652E-04    0.2931740424E-03    0.6154753051E-20    0.6032814082E-03
 CPU wall time in this step:   3.6887440000000993E-002
 Averaged CPU wall time is:   3.5393475601286174E-002
   GS iter           1  res=   1.0231815394945443E-012  Ts(1,1,1)=   799.99500002499974       Ts(nx-1,ny-1,1)=   359.72744912491476     
   GS iter           2  res=   1.3642420526593924E-012  Ts(1,1,1)=   799.99500002499963       Ts(nx-1,ny-1,1)=   359.72744912491487     
   GS iter           3  res=   9.0949470177292824E-013  Ts(1,1,1)=   799.99500002499974       Ts(nx-1,ny-1,1)=   359.72744912491487     
   GS iter           4  res=   6.8212102632969618E-013  Ts(1,1,1)=   799.99500002499963       Ts(nx-1,ny-1,1)=   359.72744912491476     
   GS iter           5  res=   9.0949470177292824E-013  Ts(1,1,1)=   799.99500002499974       Ts(nx-1,ny-1,1)=   359.72744912491487     
 Solid solver Block           2  GS iterations:         100  final res:   9.0949470177292824E-013
   DBG: Ts(1,1,1)=   799.99500002499963       Ts(nx/2,ny/2,1)=   798.12501724812796       Ts(nx-1,ny-1,1)=   359.72744912491464     
 --------------Force and Moment -----------------------------
 Total Force Coefficient (CL, CD, CS) =
  -5.9303839198504522E-006   1.3597714695899390        3.9280736479647286E-022
 Total Moment Coefficient(CMx, CMy, CMz)=
  0.33994286739748458       -1.4825959799417981E-006 -0.67513810650765504     
 Kstep, t=         312   312.00000000000000     
 ----------The Max Residuals are--------  ---Mesh---           1
    0.5777396918E-02    0.1024856462E-02    0.3899681696E-02    0.8135103008E-19    0.7460245033E-02
   The R.M.S Residuals are 
    0.4807485187E-03    0.2505213078E-04    0.3105964937E-03    0.5918629285E-20    0.5932215883E-03
 CPU wall time in this step:   3.8694893999998925E-002
 Averaged CPU wall time is:   3.5404057070512820E-002
   GS iter           1  res=   1.0231815394945443E-012  Ts(1,1,1)=   799.99500002499974       Ts(nx-1,ny-1,1)=   359.72744912491498     
   GS iter           2  res=   9.0949470177292824E-013  Ts(1,1,1)=   799.99500002499963       Ts(nx-1,ny-1,1)=   359.72744912491481     
   GS iter           3  res=   1.0231815394945443E-012  Ts(1,1,1)=   799.99500002499974       Ts(nx-1,ny-1,1)=   359.72744912491481     
   GS iter           4  res=   1.1368683772161603E-012  Ts(1,1,1)=   799.99500002499963       Ts(nx-1,ny-1,1)=   359.72744912491481     
   GS iter           5  res=   9.0949470177292824E-013  Ts(1,1,1)=   799.99500002499974       Ts(nx-1,ny-1,1)=   359.72744912491481     
 Solid solver Block           2  GS iterations:         100  final res:   7.9580786405131221E-013
   DBG: Ts(1,1,1)=   799.99500002499963       Ts(nx/2,ny/2,1)=   798.12501724812796       Ts(nx-1,ny-1,1)=   359.72744912491487     
 --------------Force and Moment -----------------------------
 Total Force Coefficient (CL, CD, CS) =
  -5.9536620340454056E-006   1.3598090404590715        4.0358265577517126E-022
 Total Moment Coefficient(CMx, CMy, CMz)=
  0.33995226011476787       -1.4884155084905360E-006 -0.67517038196199319     
 Kstep, t=         313   313.00000000000000     
 ----------The Max Residuals are--------  ---Mesh---           1
    0.5338521738E-02    0.1212216345E-02    0.3299051928E-02    0.6779640203E-19    0.6558572595E-02
   The R.M.S Residuals are 
    0.4218917399E-03    0.2514989757E-04    0.2121864325E-03    0.6118559786E-20    0.4949479747E-03
 CPU wall time in this step:   3.2752923000000322E-002
 Averaged CPU wall time is:   3.5395586993610222E-002
   GS iter           1  res=   7.9580786405131221E-013  Ts(1,1,1)=   799.99500002499974       Ts(nx-1,ny-1,1)=   359.72744912491476     
   GS iter           2  res=   1.0231815394945443E-012  Ts(1,1,1)=   799.99500002499963       Ts(nx-1,ny-1,1)=   359.72744912491487     
   GS iter           3  res=   1.0231815394945443E-012  Ts(1,1,1)=   799.99500002499974       Ts(nx-1,ny-1,1)=   359.72744912491476     
   GS iter           4  res=   9.0949470177292824E-013  Ts(1,1,1)=   799.99500002499963       Ts(nx-1,ny-1,1)=   359.72744912491487     
   GS iter           5  res=   7.9580786405131221E-013  Ts(1,1,1)=   799.99500002499974       Ts(nx-1,ny-1,1)=   359.72744912491476     
 Solid solver Block           2  GS iterations:         100  final res:   1.0231815394945443E-012
   DBG: Ts(1,1,1)=   799.99500002499963       Ts(nx/2,ny/2,1)=   798.12501724812796       Ts(nx-1,ny-1,1)=   359.72744912491464     
 --------------Force and Moment -----------------------------
 Total Force Coefficient (CL, CD, CS) =
  -5.9769412595499939E-006   1.3598462859688027        4.0735376201666625E-022
 Total Moment Coefficient(CMx, CMy, CMz)=
  0.33996157149220096       -1.4942353148666824E-006 -0.67520254342062036     
 Kstep, t=         314   314.00000000000000     
 ----------The Max Residuals are--------  ---Mesh---           1
    0.5682918909E-02    0.1323461072E-02    0.3140452352E-02    0.9488660712E-19    0.6676964381E-02
   The R.M.S Residuals are 
    0.4760977101E-03    0.2652832648E-04    0.2233780032E-03    0.6344335842E-20    0.5370847097E-03
 CPU wall time in this step:   3.8197115999999198E-002
 Averaged CPU wall time is:   3.5404509060509549E-002
   GS iter           1  res=   9.0949470177292824E-013  Ts(1,1,1)=   799.99500002499974       Ts(nx-1,ny-1,1)=   359.72744912491464     
   GS iter           2  res=   1.1368683772161603E-012  Ts(1,1,1)=   799.99500002499963       Ts(nx-1,ny-1,1)=   359.72744912491521     
   GS iter           3  res=   9.0949470177292824E-013  Ts(1,1,1)=   799.99500002499974       Ts(nx-1,ny-1,1)=   359.72744912491487     
   GS iter           4  res=   9.0949470177292824E-013  Ts(1,1,1)=   799.99500002499963       Ts(nx-1,ny-1,1)=   359.72744912491464     
   GS iter           5  res=   7.9580786405131221E-013  Ts(1,1,1)=   799.99500002499974       Ts(nx-1,ny-1,1)=   359.72744912491498     
 Solid solver Block           2  GS iterations:         100  final res:   9.0949470177292824E-013
   DBG: Ts(1,1,1)=   799.99500002499963       Ts(nx/2,ny/2,1)=   798.12501724812796       Ts(nx-1,ny-1,1)=   359.72744912491504     
 --------------Force and Moment -----------------------------
 Total Force Coefficient (CL, CD, CS) =
  -6.0002210376405794E-006   1.3598831797611119        4.0933221525612586E-022
 Total Moment Coefficient(CMx, CMy, CMz)=
  0.33997079494027815       -1.5000552593893284E-006 -0.67523458548025961     
 Kstep, t=         315   315.00000000000000     
 ----------The Max Residuals are--------  ---Mesh---           1
    0.6144662765E-02    0.1117777880E-02    0.3740865770E-02    0.9489826291E-19    0.7551958674E-02
   The R.M.S Residuals are 
    0.5138513169E-03    0.2777182290E-04    0.3118563403E-03    0.6096348516E-20    0.6132139155E-03
 CPU wall time in this step:   3.1489473000000601E-002
 Averaged CPU wall time is:   3.5392080374603174E-002
   GS iter           1  res=   1.2505552149377763E-012  Ts(1,1,1)=   799.99500002499974       Ts(nx-1,ny-1,1)=   359.72744912491487     
   GS iter           2  res=   1.0231815394945443E-012  Ts(1,1,1)=   799.99500002499963       Ts(nx-1,ny-1,1)=   359.72744912491464     
   GS iter           3  res=   1.1368683772161603E-012  Ts(1,1,1)=   799.99500002499974       Ts(nx-1,ny-1,1)=   359.72744912491487     
   GS iter           4  res=   9.0949470177292824E-013  Ts(1,1,1)=   799.99500002499963       Ts(nx-1,ny-1,1)=   359.72744912491464     
   GS iter           5  res=   1.2505552149377763E-012  Ts(1,1,1)=   799.99500002499974       Ts(nx-1,ny-1,1)=   359.72744912491487     
 Solid solver Block           2  GS iterations:         100  final res:   9.0949470177292824E-013
   DBG: Ts(1,1,1)=   799.99500002499963       Ts(nx/2,ny/2,1)=   798.12501724812796       Ts(nx-1,ny-1,1)=   359.72744912491481     
 --------------Force and Moment -----------------------------
 Total Force Coefficient (CL, CD, CS) =
  -6.0235008163721045E-006   1.3599196965320075        4.1411156946579446E-022
 Total Moment Coefficient(CMx, CMy, CMz)=
  0.33997992413300188       -1.5058752040722097E-006 -0.67526650277214162     
 Kstep, t=         316   316.00000000000000     
 ----------The Max Residuals are--------  ---Mesh---           1
    0.5612781839E-02    0.1294133016E-02    0.3770966557E-02    0.9488708200E-19    0.7207891514E-02
   The R.M.S Residuals are 
    0.4577591729E-03    0.2827156389E-04    0.2867373935E-03    0.5917467224E-20    0.5649256518E-03
 CPU wall time in this step:   3.1283500000000686E-002
 Averaged CPU wall time is:   3.5379078537974687E-002
   GS iter           1  res=   9.0949470177292824E-013  Ts(1,1,1)=   799.99500002499974       Ts(nx-1,ny-1,1)=   359.72744912491493     
   GS iter           2  res=   7.9580786405131221E-013  Ts(1,1,1)=   799.99500002499963       Ts(nx-1,ny-1,1)=   359.72744912491476     
   GS iter           3  res=   6.8212102632969618E-013  Ts(1,1,1)=   799.99500002499974       Ts(nx-1,ny-1,1)=   359.72744912491487     
   GS iter           4  res=   1.2505552149377763E-012  Ts(1,1,1)=   799.99500002499963       Ts(nx-1,ny-1,1)=   359.72744912491476     
   GS iter           5  res=   1.1368683772161603E-012  Ts(1,1,1)=   799.99500002499974       Ts(nx-1,ny-1,1)=   359.72744912491487     
 Solid solver Block           2  GS iterations:         100  final res:   1.0231815394945443E-012
   DBG: Ts(1,1,1)=   799.99500002499963       Ts(nx/2,ny/2,1)=   798.12501724812796       Ts(nx-1,ny-1,1)=   359.72744912491487     
 --------------Force and Moment -----------------------------
 Total Force Coefficient (CL, CD, CS) =
  -6.0467800540538833E-006   1.3599558124023090        4.1557696101348521E-022
 Total Moment Coefficient(CMx, CMy, CMz)=
  0.33998895310057692       -1.5116950134926524E-006 -0.67529829012660580     
 Kstep, t=         317   317.00000000000000     
 ----------The Max Residuals are--------  ---Mesh---           1
    0.5276038644E-02    0.1352177105E-02    0.3214550684E-02    0.9487777261E-19    0.6291019764E-02
   The R.M.S Residuals are 
    0.4258414136E-03    0.2816851839E-04    0.1927254530E-03    0.5972078076E-20    0.4849279694E-03
 CPU wall time in this step:   3.5645047999999235E-002
 Averaged CPU wall time is:   3.5379917558359619E-002
   GS iter           1  res=   1.3642420526593924E-012  Ts(1,1,1)=   799.99500002499974       Ts(nx-1,ny-1,1)=   359.72744912491476     
   GS iter           2  res=   1.2505552149377763E-012  Ts(1,1,1)=   799.99500002499963       Ts(nx-1,ny-1,1)=   359.72744912491487     
   GS iter           3  res=   1.0231815394945443E-012  Ts(1,1,1)=   799.99500002499974       Ts(nx-1,ny-1,1)=   359.72744912491476     
   GS iter           4  res=   9.0949470177292824E-013  Ts(1,1,1)=   799.99500002499963       Ts(nx-1,ny-1,1)=   359.72744912491487     
   GS iter           5  res=   9.0949470177292824E-013  Ts(1,1,1)=   799.99500002499974       Ts(nx-1,ny-1,1)=   359.72744912491476     
 Solid solver Block           2  GS iterations:         100  final res:   9.0949470177292824E-013
   DBG: Ts(1,1,1)=   799.99500002499963       Ts(nx/2,ny/2,1)=   798.12501724812796       Ts(nx-1,ny-1,1)=   359.72744912491487     
 --------------Force and Moment -----------------------------
 Total Force Coefficient (CL, CD, CS) =
  -6.0700582226704011E-006   1.3599915051356406        4.1591275315362977E-022
 Total Moment Coefficient(CMx, CMy, CMz)=
  0.33999787628391004       -1.5175145556467825E-006 -0.67532994267667312     
 Kstep, t=         318   318.00000000000000     
 ----------The Max Residuals are--------  ---Mesh---           1
    0.5684144699E-02    0.1251615184E-02    0.3502791253E-02    0.9486894079E-19    0.6995897338E-02
   The R.M.S Residuals are 
    0.4952240424E-03    0.2924348231E-04    0.2508928492E-03    0.6312085066E-20    0.5668299018E-03
 CPU wall time in this step:   3.2631206999999662E-002
 Averaged CPU wall time is:   3.5371273814465407E-002
   GS iter           1  res=   9.0949470177292824E-013  Ts(1,1,1)=   799.99500002499974       Ts(nx-1,ny-1,1)=   359.72744912491476     
   GS iter           2  res=   7.9580786405131221E-013  Ts(1,1,1)=   799.99500002499963       Ts(nx-1,ny-1,1)=   359.72744912491487     
   GS iter           3  res=   1.2505552149377763E-012  Ts(1,1,1)=   799.99500002499974       Ts(nx-1,ny-1,1)=   359.72744912491476     
   GS iter           4  res=   9.0949470177292824E-013  Ts(1,1,1)=   799.99500002499963       Ts(nx-1,ny-1,1)=   359.72744912491487     
   GS iter           5  res=   7.9580786405131221E-013  Ts(1,1,1)=   799.99500002499974       Ts(nx-1,ny-1,1)=   359.72744912491476     
 Solid solver Block           2  GS iterations:         100  final res:   1.1368683772161603E-012
   DBG: Ts(1,1,1)=   799.99500002499963       Ts(nx/2,ny/2,1)=   798.12501724812796       Ts(nx-1,ny-1,1)=   359.72744912491498     
 --------------Force and Moment -----------------------------
 Total Force Coefficient (CL, CD, CS) =
  -6.0933348113257400E-006   1.3600267542227016        4.2089781202144845E-022
 Total Moment Coefficient(CMx, CMy, CMz)=
  0.34000668855567534       -1.5233337028106162E-006 -0.67536145591368923     
 Kstep, t=         319   319.00000000000000     
 ----------The Max Residuals are--------  ---Mesh---           1
    0.6088480016E-02    0.1367539816E-02    0.3930091857E-02    0.1084628345E-18    0.7669851450E-02
   The R.M.S Residuals are 
    0.5049565214E-03    0.3112589263E-04    0.3172273031E-03    0.6040453175E-20    0.6106474851E-03
 CPU wall time in this step:   3.4542868000000837E-002
 Averaged CPU wall time is:   3.5368676931034480E-002
   GS iter           1  res=   9.0949470177292824E-013  Ts(1,1,1)=   799.99500002499974       Ts(nx-1,ny-1,1)=   359.72744912491493     
   GS iter           2  res=   9.0949470177292824E-013  Ts(1,1,1)=   799.99500002499963       Ts(nx-1,ny-1,1)=   359.72744912491487     
   GS iter           3  res=   9.0949470177292824E-013  Ts(1,1,1)=   799.99500002499974       Ts(nx-1,ny-1,1)=   359.72744912491464     
   GS iter           4  res=   1.1368683772161603E-012  Ts(1,1,1)=   799.99500002499963       Ts(nx-1,ny-1,1)=   359.72744912491487     
   GS iter           5  res=   1.1368683772161603E-012  Ts(1,1,1)=   799.99500002499974       Ts(nx-1,ny-1,1)=   359.72744912491487     
 Solid solver Block           2  GS iterations:         100  final res:   1.2505552149377763E-012
   DBG: Ts(1,1,1)=   799.99500002499963       Ts(nx/2,ny/2,1)=   798.12501724812796       Ts(nx-1,ny-1,1)=   359.72744912491487     
 --------------Force and Moment -----------------------------
 Total Force Coefficient (CL, CD, CS) =
  -6.1166093299333891E-006   1.3600615408612724        4.2030793346056234E-022
 Total Moment Coefficient(CMx, CMy, CMz)=
  0.34001538521531788       -1.5291523324625272E-006 -0.67539282571326198     
 Kstep, t=         320   320.00000000000000     
 ----------The Max Residuals are--------  ---Mesh---           1
    0.5540912804E-02    0.1371194893E-02    0.3525545818E-02    0.9484756111E-19    0.6823596944E-02
   The R.M.S Residuals are 
    0.4403736591E-03    0.3161323306E-04    0.2594933898E-03    0.5986303739E-20    0.5370141413E-03
 CPU wall time in this step:   3.5207421999999156E-002
 Averaged CPU wall time is:   3.5368173009374997E-002
   GS iter           1  res=   9.0949470177292824E-013  Ts(1,1,1)=   799.99500002499974       Ts(nx-1,ny-1,1)=   359.72744912491476     
   GS iter           2  res=   9.0949470177292824E-013  Ts(1,1,1)=   799.99500002499963       Ts(nx-1,ny-1,1)=   359.72744912491487     
   GS iter           3  res=   1.1368683772161603E-012  Ts(1,1,1)=   799.99500002499974       Ts(nx-1,ny-1,1)=   359.72744912491487     
   GS iter           4  res=   1.3642420526593924E-012  Ts(1,1,1)=   799.99500002499963       Ts(nx-1,ny-1,1)=   359.72744912491464     
   GS iter           5  res=   9.0949470177292824E-013  Ts(1,1,1)=   799.99500002499974       Ts(nx-1,ny-1,1)=   359.72744912491498     
 Solid solver Block           2  GS iterations:         100  final res:   9.0949470177292824E-013
   DBG: Ts(1,1,1)=   799.99500002499963       Ts(nx/2,ny/2,1)=   798.12501724812796       Ts(nx-1,ny-1,1)=   359.72744912491487     
 --------------Force and Moment -----------------------------
 Total Force Coefficient (CL, CD, CS) =
  -6.1398813135198366E-006   1.3600958478661465        4.2467749874470680E-022
 Total Moment Coefficient(CMx, CMy, CMz)=
  0.34002396196653661       -1.5349703283591389E-006 -0.67542404835096803     
 Kstep, t=         321   321.00000000000000     
 ----------The Max Residuals are--------  ---Mesh---           1
    0.5817610814E-02    0.1385401007E-02    0.3261137477E-02    0.8136577118E-19    0.6981310840E-02
   The R.M.S Residuals are 
    0.4400769056E-03    0.3159978627E-04    0.1949684522E-03    0.6255961359E-20    0.4953389066E-03
 CPU wall time in this step:   3.2730624000000930E-002
 Averaged CPU wall time is:   3.5359956345794391E-002
   GS iter           1  res=   9.0949470177292824E-013  Ts(1,1,1)=   799.99500002499974       Ts(nx-1,ny-1,1)=   359.72744912491476     
   GS iter           2  res=   1.0231815394945443E-012  Ts(1,1,1)=   799.99500002499963       Ts(nx-1,ny-1,1)=   359.72744912491487     
   GS iter           3  res=   1.0231815394945443E-012  Ts(1,1,1)=   799.99500002499974       Ts(nx-1,ny-1,1)=   359.72744912491476     
   GS iter           4  res=   9.0949470177292824E-013  Ts(1,1,1)=   799.99500002499963       Ts(nx-1,ny-1,1)=   359.72744912491487     
   GS iter           5  res=   1.0231815394945443E-012  Ts(1,1,1)=   799.99500002499974       Ts(nx-1,ny-1,1)=   359.72744912491487     
 Solid solver Block           2  GS iterations:         100  final res:   1.1368683772161603E-012
   DBG: Ts(1,1,1)=   799.99500002499963       Ts(nx/2,ny/2,1)=   798.12501724812796       Ts(nx-1,ny-1,1)=   359.72744912491487     
 --------------Force and Moment -----------------------------
 Total Force Coefficient (CL, CD, CS) =
  -6.1631503276395273E-006   1.3601296595422527        4.2748943846692174E-022
 Total Moment Coefficient(CMx, CMy, CMz)=
  0.34003241488556329       -1.5407875818890611E-006 -0.67545512052488965     
 Kstep, t=         322   322.00000000000000     
 ----------The Max Residuals are--------  ---Mesh---           1
    0.5937534982E-02    0.1433270373E-02    0.3561190353E-02    0.1084086861E-18    0.7066611388E-02
   The R.M.S Residuals are 
    0.5046699239E-03    0.3270331938E-04    0.2727974345E-03    0.6235054470E-20    0.5855287456E-03
 CPU wall time in this step:   3.2308972999999241E-002
 Averaged CPU wall time is:   3.5350481242236026E-002
   GS iter           1  res=   9.0949470177292824E-013  Ts(1,1,1)=   799.99500002499974       Ts(nx-1,ny-1,1)=   359.72744912491476     
   GS iter           2  res=   1.2505552149377763E-012  Ts(1,1,1)=   799.99500002499963       Ts(nx-1,ny-1,1)=   359.72744912491487     
   GS iter           3  res=   1.4779288903810084E-012  Ts(1,1,1)=   799.99500002499974       Ts(nx-1,ny-1,1)=   359.72744912491464     
   GS iter           4  res=   9.0949470177292824E-013  Ts(1,1,1)=   799.99500002499963       Ts(nx-1,ny-1,1)=   359.72744912491476     
   GS iter           5  res=   9.0949470177292824E-013  Ts(1,1,1)=   799.99500002499974       Ts(nx-1,ny-1,1)=   359.72744912491476     
 Solid solver Block           2  GS iterations:         100  final res:   1.3642420526593924E-012
   DBG: Ts(1,1,1)=   799.99500002499963       Ts(nx/2,ny/2,1)=   798.12501724812796       Ts(nx-1,ny-1,1)=   359.72744912491476     
 --------------Force and Moment -----------------------------
 Total Force Coefficient (CL, CD, CS) =
  -6.1864159754901701E-006   1.3601629615487731        4.3458890874710974E-022
 Total Moment Coefficient(CMx, CMy, CMz)=
  0.34004074038719317       -1.5466039938517208E-006 -0.67548603939683594     
 Kstep, t=         323   323.00000000000000     
 ----------The Max Residuals are--------  ---Mesh---           1
    0.5968275504E-02    0.1390086501E-02    0.4012647596E-02    0.1355474995E-18    0.7689549046E-02
   The R.M.S Residuals are 
    0.4909470169E-03    0.3400403277E-04    0.3098239571E-03    0.6094526267E-20    0.5977266956E-03
 CPU wall time in this step:   3.2326720000000364E-002
 Averaged CPU wall time is:   3.5341119752321980E-002
   GS iter           1  res=   1.0231815394945443E-012  Ts(1,1,1)=   799.99500002499974       Ts(nx-1,ny-1,1)=   359.72744912491487     
   GS iter           2  res=   1.0231815394945443E-012  Ts(1,1,1)=   799.99500002499963       Ts(nx-1,ny-1,1)=   359.72744912491487     
   GS iter           3  res=   9.0949470177292824E-013  Ts(1,1,1)=   799.99500002499974       Ts(nx-1,ny-1,1)=   359.72744912491464     
   GS iter           4  res=   9.0949470177292824E-013  Ts(1,1,1)=   799.99500002499963       Ts(nx-1,ny-1,1)=   359.72744912491476     
   GS iter           5  res=   9.0949470177292824E-013  Ts(1,1,1)=   799.99500002499974       Ts(nx-1,ny-1,1)=   359.72744912491487     
 Solid solver Block           2  GS iterations:         100  final res:   1.0231815394945443E-012
   DBG: Ts(1,1,1)=   799.99500002499963       Ts(nx/2,ny/2,1)=   798.12501724812796       Ts(nx-1,ny-1,1)=   359.72744912491487     
 --------------Force and Moment -----------------------------
 Total Force Coefficient (CL, CD, CS) =
  -6.2096779073450097E-006   1.3601957407734773        4.4178248603232137E-022
 Total Moment Coefficient(CMx, CMy, CMz)=
  0.34004893519336904       -1.5524194768154311E-006 -0.67551680265725178     
 Kstep, t=         324   324.00000000000000     
 ----------The Max Residuals are--------  ---Mesh---           1
    0.5587053308E-02    0.1521009903E-02    0.3292122096E-02    0.1084454782E-18    0.6589256371E-02
   The R.M.S Residuals are 
    0.4319634207E-03    0.3560105055E-04    0.2367638919E-03    0.6454239190E-20    0.5172359317E-03
 CPU wall time in this step:   3.1547787000000937E-002
 Averaged CPU wall time is:   3.5329411935185184E-002
   GS iter           1  res=   9.0949470177292824E-013  Ts(1,1,1)=   799.99500002499974       Ts(nx-1,ny-1,1)=   359.72744912491498     
   GS iter           2  res=   7.9580786405131221E-013  Ts(1,1,1)=   799.99500002499963       Ts(nx-1,ny-1,1)=   359.72744912491481     
   GS iter           3  res=   1.0231815394945443E-012  Ts(1,1,1)=   799.99500002499974       Ts(nx-1,ny-1,1)=   359.72744912491504     
   GS iter           4  res=   1.0231815394945443E-012  Ts(1,1,1)=   799.99500002499963       Ts(nx-1,ny-1,1)=   359.72744912491487     
   GS iter           5  res=   1.0231815394945443E-012  Ts(1,1,1)=   799.99500002499974       Ts(nx-1,ny-1,1)=   359.72744912491464     
 Solid solver Block           2  GS iterations:         100  final res:   9.0949470177292824E-013
   DBG: Ts(1,1,1)=   799.99500002499963       Ts(nx/2,ny/2,1)=   798.12501724812796       Ts(nx-1,ny-1,1)=   359.72744912491476     
 --------------Force and Moment -----------------------------
 Total Force Coefficient (CL, CD, CS) =
  -6.2329358328496524E-006   1.3602279852265535        4.4406503329928554E-022
 Total Moment Coefficient(CMx, CMy, CMz)=
  0.34005699630663838       -1.5582339581915909E-006 -0.67554740861158702     
 Kstep, t=         325   325.00000000000000     
 ----------The Max Residuals are--------  ---Mesh---           1
    0.5742389580E-02    0.1487303667E-02    0.3691226256E-02    0.9484786757E-19    0.7371801004E-02
   The R.M.S Residuals are 
    0.4551800607E-03    0.3606001279E-04    0.2081583670E-03    0.6413915989E-20    0.5133649571E-03
 CPU wall time in this step:   3.3365204999999065E-002
 Averaged CPU wall time is:   3.5323368221538462E-002
   GS iter           1  res=   9.0949470177292824E-013  Ts(1,1,1)=   799.99500002499974       Ts(nx-1,ny-1,1)=   359.72744912491487     
   GS iter           2  res=   1.3642420526593924E-012  Ts(1,1,1)=   799.99500002499963       Ts(nx-1,ny-1,1)=   359.72744912491487     
   GS iter           3  res=   1.0231815394945443E-012  Ts(1,1,1)=   799.99500002499974       Ts(nx-1,ny-1,1)=   359.72744912491476     
   GS iter           4  res=   1.1368683772161603E-012  Ts(1,1,1)=   799.99500002499963       Ts(nx-1,ny-1,1)=   359.72744912491487     
   GS iter           5  res=   7.9580786405131221E-013  Ts(1,1,1)=   799.99500002499974       Ts(nx-1,ny-1,1)=   359.72744912491476     
 Solid solver Block           2  GS iterations:         100  final res:   9.0949470177292824E-013
   DBG: Ts(1,1,1)=   799.99500002499963       Ts(nx/2,ny/2,1)=   798.12501724812796       Ts(nx-1,ny-1,1)=   359.72744912491487     
 --------------Force and Moment -----------------------------
 Total Force Coefficient (CL, CD, CS) =
  -6.2561895365133872E-006   1.3602596839536341        4.4623565360667701E-022
 Total Moment Coefficient(CMx, CMy, CMz)=
  0.34006492098840851       -1.5640473841075246E-006 -0.67557785627955746     
 Kstep, t=         326   326.00000000000000     
 ----------The Max Residuals are--------  ---Mesh---           1
    0.6108740802E-02    0.1413999682E-02    0.3535409819E-02    0.1083889787E-18    0.7415866622E-02
   The R.M.S Residuals are 
    0.5053422861E-03    0.3563595670E-04    0.2840705463E-03    0.6239438455E-20    0.5917859038E-03
 CPU wall time in this step:   3.4017662000000115E-002
 Averaged CPU wall time is:   3.5319362987730064E-002
   GS iter           1  res=   1.2505552149377763E-012  Ts(1,1,1)=   799.99500002499974       Ts(nx-1,ny-1,1)=   359.72744912491464     
   GS iter           2  res=   1.0231815394945443E-012  Ts(1,1,1)=   799.99500002499963       Ts(nx-1,ny-1,1)=   359.72744912491498     
   GS iter           3  res=   1.1368683772161603E-012  Ts(1,1,1)=   799.99500002499974       Ts(nx-1,ny-1,1)=   359.72744912491481     
   GS iter           4  res=   9.0949470177292824E-013  Ts(1,1,1)=   799.99500002499963       Ts(nx-1,ny-1,1)=   359.72744912491470     
   GS iter           5  res=   1.1368683772161603E-012  Ts(1,1,1)=   799.99500002499974       Ts(nx-1,ny-1,1)=   359.72744912491487     
 Solid solver Block           2  GS iterations:         100  final res:   1.0231815394945443E-012
   DBG: Ts(1,1,1)=   799.99500002499963       Ts(nx/2,ny/2,1)=   798.12501724812796       Ts(nx-1,ny-1,1)=   359.72744912491487     
 --------------Force and Moment -----------------------------
 Total Force Coefficient (CL, CD, CS) =
  -6.2794388962758304E-006   1.3602908269599376        4.5008966470184051E-022
 Total Moment Coefficient(CMx, CMy, CMz)=
  0.34007270673998452       -1.5698597240481348E-006 -0.67560814549421577     
 Kstep, t=         327   327.00000000000000     
 ----------The Max Residuals are--------  ---Mesh---           1
    0.5846086998E-02    0.1651915352E-02    0.4038425066E-02    0.8131590526E-19    0.7673314544E-02
   The R.M.S Residuals are 
    0.4789165355E-03    0.3762838281E-04    0.2987265127E-03    0.6024091501E-20    0.5843453230E-03
 CPU wall time in this step:   3.0773088000000115E-002
 Averaged CPU wall time is:   3.5305460006116209E-002
   GS iter           1  res=   9.0949470177292824E-013  Ts(1,1,1)=   799.99500002499974       Ts(nx-1,ny-1,1)=   359.72744912491464     
   GS iter           2  res=   9.0949470177292824E-013  Ts(1,1,1)=   799.99500002499963       Ts(nx-1,ny-1,1)=   359.72744912491498     
   GS iter           3  res=   1.2505552149377763E-012  Ts(1,1,1)=   799.99500002499974       Ts(nx-1,ny-1,1)=   359.72744912491493     
   GS iter           4  res=   9.0949470177292824E-013  Ts(1,1,1)=   799.99500002499963       Ts(nx-1,ny-1,1)=   359.72744912491476     
   GS iter           5  res=   1.1368683772161603E-012  Ts(1,1,1)=   799.99500002499974       Ts(nx-1,ny-1,1)=   359.72744912491487     
 Solid solver Block           2  GS iterations:         100  final res:   1.1368683772161603E-012
   DBG: Ts(1,1,1)=   799.99500002499963       Ts(nx/2,ny/2,1)=   798.12501724812796       Ts(nx-1,ny-1,1)=   359.72744912491476     
 --------------Force and Moment -----------------------------
 Total Force Coefficient (CL, CD, CS) =
  -6.3026839042073078E-006   1.3603214051324961        4.5003713001884288E-022
 Total Moment Coefficient(CMx, CMy, CMz)=
  0.34008035128312425       -1.5756709760310026E-006 -0.67563827698571621     
 Kstep, t=         328   328.00000000000000     
 ----------The Max Residuals are--------  ---Mesh---           1
    0.5968304079E-02    0.1555318147E-02    0.3668230644E-02    0.1355177984E-18    0.7597725202E-02
   The R.M.S Residuals are 
    0.4314177435E-03    0.4011421968E-04    0.2244601596E-03    0.6452431906E-20    0.5087010305E-03
 CPU wall time in this step:   3.2099473000000600E-002
 Averaged CPU wall time is:   3.5295685655487810E-002
   GS iter           1  res=   9.0949470177292824E-013  Ts(1,1,1)=   799.99500002499974       Ts(nx-1,ny-1,1)=   359.72744912491498     
   GS iter           2  res=   1.0231815394945443E-012  Ts(1,1,1)=   799.99500002499963       Ts(nx-1,ny-1,1)=   359.72744912491493     
   GS iter           3  res=   7.9580786405131221E-013  Ts(1,1,1)=   799.99500002499974       Ts(nx-1,ny-1,1)=   359.72744912491476     
   GS iter           4  res=   9.0949470177292824E-013  Ts(1,1,1)=   799.99500002499963       Ts(nx-1,ny-1,1)=   359.72744912491487     
   GS iter           5  res=   1.0231815394945443E-012  Ts(1,1,1)=   799.99500002499974       Ts(nx-1,ny-1,1)=   359.72744912491476     
 Solid solver Block           2  GS iterations:         100  final res:   1.0231815394945443E-012
   DBG: Ts(1,1,1)=   799.99500002499963       Ts(nx/2,ny/2,1)=   798.12501724812796       Ts(nx-1,ny-1,1)=   359.72744912491481     
 --------------Force and Moment -----------------------------
 Total Force Coefficient (CL, CD, CS) =
  -6.3259246869769422E-006   1.3603514101456622        4.5644553164881745E-022
 Total Moment Coefficient(CMx, CMy, CMz)=
  0.34008785253641544       -1.5814811717234113E-006 -0.67566825243523232     
 Kstep, t=         329   329.00000000000000     
 ----------The Max Residuals are--------  ---Mesh---           1
    0.5644642328E-02    0.1448949352E-02    0.3432934683E-02    0.9489937472E-19    0.6912660568E-02
   The R.M.S Residuals are 
    0.4672731020E-03    0.4002962644E-04    0.2220234715E-03    0.6617706357E-20    0.5298832915E-03
 CPU wall time in this step:   3.7032970999998582E-002
 Averaged CPU wall time is:   3.5300966158054711E-002
   GS iter           1  res=   9.0949470177292824E-013  Ts(1,1,1)=   799.99500002499974       Ts(nx-1,ny-1,1)=   359.72744912491493     
   GS iter           2  res=   9.0949470177292824E-013  Ts(1,1,1)=   799.99500002499963       Ts(nx-1,ny-1,1)=   359.72744912491476     
   GS iter           3  res=   1.1368683772161603E-012  Ts(1,1,1)=   799.99500002499974       Ts(nx-1,ny-1,1)=   359.72744912491510     
   GS iter           4  res=   1.1368683772161603E-012  Ts(1,1,1)=   799.99500002499963       Ts(nx-1,ny-1,1)=   359.72744912491487     
   GS iter           5  res=   7.9580786405131221E-013  Ts(1,1,1)=   799.99500002499974       Ts(nx-1,ny-1,1)=   359.72744912491487     
 Solid solver Block           2  GS iterations:         100  final res:   9.0949470177292824E-013
   DBG: Ts(1,1,1)=   799.99500002499963       Ts(nx/2,ny/2,1)=   798.12501724812796       Ts(nx-1,ny-1,1)=   359.72744912491481     
 --------------Force and Moment -----------------------------
 Total Force Coefficient (CL, CD, CS) =
  -6.3491615213429566E-006   1.3603808343365853        4.6181718621090168E-022
 Total Moment Coefficient(CMx, CMy, CMz)=
  0.34009520858414655       -1.5872903803149151E-006 -0.67569807448747199     
 Kstep, t=         330   330.00000000000000     
 ----------The Max Residuals are--------  ---Mesh---           1
    0.6167782352E-02    0.1771925813E-02    0.3682331180E-02    0.8134721828E-19    0.7582142712E-02
   The R.M.S Residuals are 
    0.5034055474E-03    0.4012273850E-04    0.2906827526E-03    0.6274329571E-20    0.5941787063E-03
 CPU wall time in this step:   4.6334504000000720E-002
 Averaged CPU wall time is:   3.5334401121212118E-002
   GS iter           1  res=   1.2505552149377763E-012  Ts(1,1,1)=   799.99500002499974       Ts(nx-1,ny-1,1)=   359.72744912491493     
   GS iter           2  res=   1.0231815394945443E-012  Ts(1,1,1)=   799.99500002499963       Ts(nx-1,ny-1,1)=   359.72744912491476     
   GS iter           3  res=   7.9580786405131221E-013  Ts(1,1,1)=   799.99500002499974       Ts(nx-1,ny-1,1)=   359.72744912491487     
   GS iter           4  res=   1.0231815394945443E-012  Ts(1,1,1)=   799.99500002499963       Ts(nx-1,ny-1,1)=   359.72744912491476     
   GS iter           5  res=   1.2505552149377763E-012  Ts(1,1,1)=   799.99500002499974       Ts(nx-1,ny-1,1)=   359.72744912491487     
 Solid solver Block           2  GS iterations:         100  final res:   1.1368683772161603E-012
   DBG: Ts(1,1,1)=   799.99500002499963       Ts(nx/2,ny/2,1)=   798.12501724812796       Ts(nx-1,ny-1,1)=   359.72744912491487     
 --------------Force and Moment -----------------------------
 Total Force Coefficient (CL, CD, CS) =
  -6.3723948361013099E-006   1.3604096705413518        4.7197326290750732E-022
 Total Moment Coefficient(CMx, CMy, CMz)=
  0.34010241763533799       -1.5930987090045027E-006 -0.67572774671505420     
 Kstep, t=         331   331.00000000000000     
 ----------The Max Residuals are--------  ---Mesh---           1
    0.6069655527E-02    0.1610731471E-02    0.4043744256E-02    0.9487715948E-19    0.7735621466E-02
   The R.M.S Residuals are 
    0.4683716535E-03    0.4191341528E-04    0.2855035729E-03    0.6253223731E-20    0.5701989391E-03
 CPU wall time in this step:   3.5707332999999508E-002
 Averaged CPU wall time is:   3.5335527803625373E-002
   GS iter           1  res=   1.4779288903810084E-012  Ts(1,1,1)=   799.99500002499974       Ts(nx-1,ny-1,1)=   359.72744912491476     
   GS iter           2  res=   1.1368683772161603E-012  Ts(1,1,1)=   799.99500002499963       Ts(nx-1,ny-1,1)=   359.72744912491487     
   GS iter           3  res=   9.0949470177292824E-013  Ts(1,1,1)=   799.99500002499974       Ts(nx-1,ny-1,1)=   359.72744912491476     
   GS iter           4  res=   1.0231815394945443E-012  Ts(1,1,1)=   799.99500002499963       Ts(nx-1,ny-1,1)=   359.72744912491498     
   GS iter           5  res=   9.0949470177292824E-013  Ts(1,1,1)=   799.99500002499974       Ts(nx-1,ny-1,1)=   359.72744912491470     
 Solid solver Block           2  GS iterations:         100  final res:   1.2505552149377763E-012
   DBG: Ts(1,1,1)=   799.99500002499963       Ts(nx/2,ny/2,1)=   798.12501724812796       Ts(nx-1,ny-1,1)=   359.72744912491498     
 --------------Force and Moment -----------------------------
 Total Force Coefficient (CL, CD, CS) =
  -6.3956251861580503E-006   1.3604379118882293        4.7441245958179507E-022
 Total Moment Coefficient(CMx, CMy, CMz)=
  0.34010947797205715       -1.5989062965186874E-006 -0.67575727353382853     
 Kstep, t=         332   332.00000000000000     
 ----------The Max Residuals are--------  ---Mesh---           1
    0.5482644313E-02    0.1560058057E-02    0.3719994114E-02    0.9488728055E-19    0.7515371916E-02
   The R.M.S Residuals are 
    0.4351280175E-03    0.4361098307E-04    0.2181553725E-03    0.6657430435E-20    0.5072112139E-03
 CPU wall time in this step:   3.1172836999999731E-002
 Averaged CPU wall time is:   3.5322989578313251E-002
   GS iter           1  res=   7.9580786405131221E-013  Ts(1,1,1)=   799.99500002499974       Ts(nx-1,ny-1,1)=   359.72744912491470     
   GS iter           2  res=   6.8212102632969618E-013  Ts(1,1,1)=   799.99500002499963       Ts(nx-1,ny-1,1)=   359.72744912491487     
   GS iter           3  res=   1.1368683772161603E-012  Ts(1,1,1)=   799.99500002499974       Ts(nx-1,ny-1,1)=   359.72744912491476     
   GS iter           4  res=   1.1368683772161603E-012  Ts(1,1,1)=   799.99500002499963       Ts(nx-1,ny-1,1)=   359.72744912491487     
   GS iter           5  res=   7.9580786405131221E-013  Ts(1,1,1)=   799.99500002499974       Ts(nx-1,ny-1,1)=   359.72744912491476     
 Solid solver Block           2  GS iterations:         100  final res:   9.0949470177292824E-013
   DBG: Ts(1,1,1)=   799.99500002499963       Ts(nx/2,ny/2,1)=   798.12501724812796       Ts(nx-1,ny-1,1)=   359.72744912491487     
 --------------Force and Moment -----------------------------
 Total Force Coefficient (CL, CD, CS) =
  -6.4188531765168562E-006   1.3604655515509194        4.7988654597898416E-022
 Total Moment Coefficient(CMx, CMy, CMz)=
  0.34011638788772985       -1.6047132941083880E-006 -0.67578666007417154     
 Kstep, t=         333   333.00000000000000     
 ----------The Max Residuals are--------  ---Mesh---           1
    0.5782229177E-02    0.1874363015E-02    0.3456133322E-02    0.1626857791E-18    0.7002964739E-02
   The R.M.S Residuals are 
    0.4747336244E-03    0.4507999691E-04    0.2339061141E-03    0.7180029385E-20    0.5414513251E-03
 CPU wall time in this step:   3.4780288000000326E-002
 Averaged CPU wall time is:   3.5321359843843846E-002
   GS iter           1  res=   1.2505552149377763E-012  Ts(1,1,1)=   799.99500002499974       Ts(nx-1,ny-1,1)=   359.72744912491487     
   GS iter           2  res=   9.0949470177292824E-013  Ts(1,1,1)=   799.99500002499963       Ts(nx-1,ny-1,1)=   359.72744912491476     
   GS iter           3  res=   1.2505552149377763E-012  Ts(1,1,1)=   799.99500002499974       Ts(nx-1,ny-1,1)=   359.72744912491487     
   GS iter           4  res=   1.2505552149377763E-012  Ts(1,1,1)=   799.99500002499963       Ts(nx-1,ny-1,1)=   359.72744912491487     
   GS iter           5  res=   9.0949470177292824E-013  Ts(1,1,1)=   799.99500002499974       Ts(nx-1,ny-1,1)=   359.72744912491487     
 Solid solver Block           2  GS iterations:         100  final res:   1.2505552149377763E-012
   DBG: Ts(1,1,1)=   799.99500002499963       Ts(nx/2,ny/2,1)=   798.12501724812796       Ts(nx-1,ny-1,1)=   359.72744912491476     
 --------------Force and Moment -----------------------------
 Total Force Coefficient (CL, CD, CS) =
  -6.4420793052623129E-006   1.3604925824707226        4.8233665911232834E-022
 Total Moment Coefficient(CMx, CMy, CMz)=
  0.34012314561768064       -1.6105198262947524E-006 -0.67581591201853186     
 Kstep, t=         334   334.00000000000000     
 ----------The Max Residuals are--------  ---Mesh---           1
    0.6182116366E-02    0.1668218871E-02    0.3732831549E-02    0.8137097798E-19    0.7779169445E-02
   The R.M.S Residuals are 
    0.4980095097E-03    0.4570656820E-04    0.2907805500E-03    0.6435711125E-20    0.5913891491E-03
 CPU wall time in this step:   3.1434537000000873E-002
 Averaged CPU wall time is:   3.5309722649700601E-002
   GS iter           1  res=   1.2505552149377763E-012  Ts(1,1,1)=   799.99500002499974       Ts(nx-1,ny-1,1)=   359.72744912491487     
   GS iter           2  res=   1.0231815394945443E-012  Ts(1,1,1)=   799.99500002499963       Ts(nx-1,ny-1,1)=   359.72744912491487     
   GS iter           3  res=   9.0949470177292824E-013  Ts(1,1,1)=   799.99500002499974       Ts(nx-1,ny-1,1)=   359.72744912491464     
   GS iter           4  res=   9.0949470177292824E-013  Ts(1,1,1)=   799.99500002499963       Ts(nx-1,ny-1,1)=   359.72744912491498     
   GS iter           5  res=   1.0231815394945443E-012  Ts(1,1,1)=   799.99500002499974       Ts(nx-1,ny-1,1)=   359.72744912491470     
 Solid solver Block           2  GS iterations:         100  final res:   1.1368683772161603E-012
   DBG: Ts(1,1,1)=   799.99500002499963       Ts(nx/2,ny/2,1)=   798.12501724812796       Ts(nx-1,ny-1,1)=   359.72744912491476     
 --------------Force and Moment -----------------------------
 Total Force Coefficient (CL, CD, CS) =
  -6.4653036899091153E-006   1.3605189970613158        4.8491266722433938E-022
 Total Moment Coefficient(CMx, CMy, CMz)=
  0.34012974926532880       -1.6163259224564528E-006 -0.67584503541928387     
 Kstep, t=         335   335.00000000000000     
 ----------The Max Residuals are--------  ---Mesh---           1
    0.5753588477E-02    0.1707363720E-02    0.4062910869E-02    0.1084379170E-18    0.7864638813E-02
   The R.M.S Residuals are 
    0.4609546090E-03    0.4593602012E-04    0.2720697585E-03    0.6811197588E-20    0.5566316926E-03
 CPU wall time in this step:   3.1970008000000050E-002
 Averaged CPU wall time is:   3.5299753352238811E-002
   GS iter           1  res=   1.2505552149377763E-012  Ts(1,1,1)=   799.99500002499974       Ts(nx-1,ny-1,1)=   359.72744912491487     
   GS iter           2  res=   1.0231815394945443E-012  Ts(1,1,1)=   799.99500002499963       Ts(nx-1,ny-1,1)=   359.72744912491476     
   GS iter           3  res=   9.0949470177292824E-013  Ts(1,1,1)=   799.99500002499974       Ts(nx-1,ny-1,1)=   359.72744912491487     
   GS iter           4  res=   1.2505552149377763E-012  Ts(1,1,1)=   799.99500002499963       Ts(nx-1,ny-1,1)=   359.72744912491476     
   GS iter           5  res=   1.0231815394945443E-012  Ts(1,1,1)=   799.99500002499974       Ts(nx-1,ny-1,1)=   359.72744912491487     
 Solid solver Block           2  GS iterations:         100  final res:   9.0949470177292824E-013
   DBG: Ts(1,1,1)=   799.99500002499963       Ts(nx/2,ny/2,1)=   798.12501724812796       Ts(nx-1,ny-1,1)=   359.72744912491476     
 --------------Force and Moment -----------------------------
 Total Force Coefficient (CL, CD, CS) =
  -6.4885256523576809E-006   1.3605447869127101        4.8670832292752177E-022
 Total Moment Coefficient(CMx, CMy, CMz)=
  0.34013619672817769       -1.6221314130685930E-006 -0.67587403651291067     
 Kstep, t=         336   336.00000000000000     
 ----------The Max Residuals are--------  ---Mesh---           1
    0.5803620474E-02    0.1957234557E-02    0.3265440035E-02    0.9483076494E-19    0.6850475169E-02
   The R.M.S Residuals are 
    0.4431722651E-03    0.4767589180E-04    0.2207672400E-03    0.6602090711E-20    0.5148026325E-03
 CPU wall time in this step:   3.0898500999999357E-002
 Averaged CPU wall time is:   3.5286654386904759E-002
   GS iter           1  res=   9.0949470177292824E-013  Ts(1,1,1)=   799.99500002499974       Ts(nx-1,ny-1,1)=   359.72744912491487     
   GS iter           2  res=   1.0231815394945443E-012  Ts(1,1,1)=   799.99500002499963       Ts(nx-1,ny-1,1)=   359.72744912491487     
   GS iter           3  res=   1.3642420526593924E-012  Ts(1,1,1)=   799.99500002499974       Ts(nx-1,ny-1,1)=   359.72744912491487     
   GS iter           4  res=   1.2505552149377763E-012  Ts(1,1,1)=   799.99500002499963       Ts(nx-1,ny-1,1)=   359.72744912491487     
   GS iter           5  res=   9.0949470177292824E-013  Ts(1,1,1)=   799.99500002499974       Ts(nx-1,ny-1,1)=   359.72744912491476     
 Solid solver Block           2  GS iterations:         100  final res:   7.9580786405131221E-013
   DBG: Ts(1,1,1)=   799.99500002499963       Ts(nx/2,ny/2,1)=   798.12501724812796       Ts(nx-1,ny-1,1)=   359.72744912491481     
 --------------Force and Moment -----------------------------
 Total Force Coefficient (CL, CD, CS) =
  -6.5117431839142055E-006   1.3605699425115043        4.9075899467432728E-022
 Total Moment Coefficient(CMx, CMy, CMz)=
  0.34014248562787608       -1.6279357959577231E-006 -0.67590292154639242     
 Kstep, t=         337   337.00000000000000     
 ----------The Max Residuals are--------  ---Mesh---           1
    0.6062123063E-02    0.1861265620E-02    0.3744665941E-02    0.1084743127E-18    0.7845133185E-02
   The R.M.S Residuals are 
    0.4768908421E-03    0.5035303361E-04    0.2440892533E-03    0.6606366181E-20    0.5478178768E-03
 CPU wall time in this step:   3.0872993000000903E-002
 Averaged CPU wall time is:   3.5273557468842733E-002
   GS iter           1  res=   9.0949470177292824E-013  Ts(1,1,1)=   799.99500002499974       Ts(nx-1,ny-1,1)=   359.72744912491481     
   GS iter           2  res=   1.0231815394945443E-012  Ts(1,1,1)=   799.99500002499963       Ts(nx-1,ny-1,1)=   359.72744912491481     
   GS iter           3  res=   1.0231815394945443E-012  Ts(1,1,1)=   799.99500002499974       Ts(nx-1,ny-1,1)=   359.72744912491493     
   GS iter           4  res=   1.1368683772161603E-012  Ts(1,1,1)=   799.99500002499963       Ts(nx-1,ny-1,1)=   359.72744912491476     
   GS iter           5  res=   9.0949470177292824E-013  Ts(1,1,1)=   799.99500002499974       Ts(nx-1,ny-1,1)=   359.72744912491476     
 Solid solver Block           2  GS iterations:         100  final res:   1.0231815394945443E-012
   DBG: Ts(1,1,1)=   799.99500002499963       Ts(nx/2,ny/2,1)=   798.12501724812796       Ts(nx-1,ny-1,1)=   359.72744912491487     
 --------------Force and Moment -----------------------------
 Total Force Coefficient (CL, CD, CS) =
  -6.5349524120974205E-006   1.3605944529930278        4.9545150956804338E-022
 Total Moment Coefficient(CMx, CMy, CMz)=
  0.34014861324825696       -1.6337381030035279E-006 -0.67593169662965813     
 Kstep, t=         338   338.00000000000000     
 ----------The Max Residuals are--------  ---Mesh---           1
    0.6169675029E-02    0.1846546455E-02    0.3908078484E-02    0.1084653702E-18    0.8058044727E-02
   The R.M.S Residuals are 
    0.4893335123E-03    0.5114558768E-04    0.2824544737E-03    0.6662833018E-20    0.5815099209E-03
 CPU wall time in this step:   4.3027153999998902E-002
 Averaged CPU wall time is:   3.5296497103550296E-002
   GS iter           1  res=   9.0949470177292824E-013  Ts(1,1,1)=   799.99500002499974       Ts(nx-1,ny-1,1)=   359.72744912491476     
   GS iter           2  res=   9.0949470177292824E-013  Ts(1,1,1)=   799.99500002499963       Ts(nx-1,ny-1,1)=   359.72744912491487     
   GS iter           3  res=   1.0231815394945443E-012  Ts(1,1,1)=   799.99500002499974       Ts(nx-1,ny-1,1)=   359.72744912491476     
   GS iter           4  res=   1.0231815394945443E-012  Ts(1,1,1)=   799.99500002499963       Ts(nx-1,ny-1,1)=   359.72744912491487     
   GS iter           5  res=   1.2505552149377763E-012  Ts(1,1,1)=   799.99500002499974       Ts(nx-1,ny-1,1)=   359.72744912491487     
 Solid solver Block           2  GS iterations:         100  final res:   1.1368683772161603E-012
   DBG: Ts(1,1,1)=   799.99500002499963       Ts(nx/2,ny/2,1)=   798.12501724812796       Ts(nx-1,ny-1,1)=   359.72744912491464     
 --------------Force and Moment -----------------------------
 Total Force Coefficient (CL, CD, CS) =
  -6.5581473298424861E-006   1.3606183059379260        5.0041543974206968E-022
 Total Moment Coefficient(CMx, CMy, CMz)=
  0.34015457648448116       -1.6395368324397934E-006 -0.67596036762458667     
 Kstep, t=         339   339.00000000000000     
 ----------The Max Residuals are--------  ---Mesh---           1
    0.5838443915E-02    0.2025189952E-02    0.4107787415E-02    0.1220049512E-18    0.7790243867E-02
   The R.M.S Residuals are 
    0.4594932036E-03    0.5083141103E-04    0.2613822044E-03    0.6493032342E-20    0.5484319159E-03
 CPU wall time in this step:   3.9635543000001050E-002
 Averaged CPU wall time is:   3.5309296648967557E-002
   GS iter           1  res=   9.0949470177292824E-013  Ts(1,1,1)=   799.99500002499974       Ts(nx-1,ny-1,1)=   359.72744912491487     
   GS iter           2  res=   9.0949470177292824E-013  Ts(1,1,1)=   799.99500002499963       Ts(nx-1,ny-1,1)=   359.72744912491476     
   GS iter           3  res=   1.1368683772161603E-012  Ts(1,1,1)=   799.99500002499974       Ts(nx-1,ny-1,1)=   359.72744912491487     
   GS iter           4  res=   1.4779288903810084E-012  Ts(1,1,1)=   799.99500002499963       Ts(nx-1,ny-1,1)=   359.72744912491487     
   GS iter           5  res=   1.4779288903810084E-012  Ts(1,1,1)=   799.99500002499974       Ts(nx-1,ny-1,1)=   359.72744912491476     
 Solid solver Block           2  GS iterations:         100  final res:   1.1368683772161603E-012
   DBG: Ts(1,1,1)=   799.99500002499963       Ts(nx/2,ny/2,1)=   798.12501724812796       Ts(nx-1,ny-1,1)=   359.72744912491476     
 --------------Force and Moment -----------------------------
 Total Force Coefficient (CL, CD, CS) =
  -6.5813201244453807E-006   1.3606414872218264        4.9967469359836677E-022
 Total Moment Coefficient(CMx, CMy, CMz)=
  0.34016037180545672       -1.6453300310905166E-006 -0.67598894007687937     
 Kstep, t=         340   340.00000000000000     
 ----------The Max Residuals are--------  ---Mesh---           1
    0.6121248065E-02    0.2112890133E-02    0.3804037479E-02    0.8133892836E-19    0.7934564706E-02
   The R.M.S Residuals are 
    0.4534223048E-03    0.5267601967E-04    0.2317102255E-03    0.6477061334E-20    0.5292119367E-03
 CPU wall time in this step:   3.8584101999999731E-002
 Averaged CPU wall time is:   3.5318928429411769E-002
   GS iter           1  res=   1.1368683772161603E-012  Ts(1,1,1)=   799.99500002499974       Ts(nx-1,ny-1,1)=   359.72744912491487     
   GS iter           2  res=   1.2505552149377763E-012  Ts(1,1,1)=   799.99500002499963       Ts(nx-1,ny-1,1)=   359.72744912491476     
   GS iter           3  res=   1.0231815394945443E-012  Ts(1,1,1)=   799.99500002499974       Ts(nx-1,ny-1,1)=   359.72744912491487     
   GS iter           4  res=   7.9580786405131221E-013  Ts(1,1,1)=   799.99500002499963       Ts(nx-1,ny-1,1)=   359.72744912491476     
   GS iter           5  res=   9.0949470177292824E-013  Ts(1,1,1)=   799.99500002499974       Ts(nx-1,ny-1,1)=   359.72744912491487     
 Solid solver Block           2  GS iterations:         100  final res:   1.1368683772161603E-012
   DBG: Ts(1,1,1)=   799.99500002499963       Ts(nx/2,ny/2,1)=   798.12501724812796       Ts(nx-1,ny-1,1)=   359.72744912491487     
 --------------Force and Moment -----------------------------
 Total Force Coefficient (CL, CD, CS) =
  -6.6044622797537908E-006   1.3606639809231367        5.0674937528276648E-022
 Total Moment Coefficient(CMx, CMy, CMz)=
  0.34016599523078411       -1.6511155699176181E-006 -0.67601741919289826     
 Kstep, t=         341   341.00000000000000     
 ----------The Max Residuals are--------  ---Mesh---           1
    0.5690961635E-02    0.2015371667E-02    0.3909622431E-02    0.8136088922E-19    0.8116697262E-02
   The R.M.S Residuals are 
    0.4733199745E-03    0.5504255393E-04    0.2487230609E-03    0.6277583120E-20    0.5474765614E-03
 CPU wall time in this step:   4.2781342999999694E-002
 Averaged CPU wall time is:   3.5340812343108506E-002
   GS iter           1  res=   9.0949470177292824E-013  Ts(1,1,1)=   799.99500002499974       Ts(nx-1,ny-1,1)=   359.72744912491487     
   GS iter           2  res=   1.0231815394945443E-012  Ts(1,1,1)=   799.99500002499963       Ts(nx-1,ny-1,1)=   359.72744912491476     
   GS iter           3  res=   1.2505552149377763E-012  Ts(1,1,1)=   799.99500002499974       Ts(nx-1,ny-1,1)=   359.72744912491487     
   GS iter           4  res=   1.3642420526593924E-012  Ts(1,1,1)=   799.99500002499963       Ts(nx-1,ny-1,1)=   359.72744912491476     
   GS iter           5  res=   1.2505552149377763E-012  Ts(1,1,1)=   799.99500002499974       Ts(nx-1,ny-1,1)=   359.72744912491487     
 Solid solver Block           2  GS iterations:         100  final res:   1.1368683772161603E-012
   DBG: Ts(1,1,1)=   799.99500002499963       Ts(nx/2,ny/2,1)=   798.12501724812796       Ts(nx-1,ny-1,1)=   359.72744912491476     
 --------------Force and Moment -----------------------------
 Total Force Coefficient (CL, CD, CS) =
  -6.6275661565234354E-006   1.3606857692903775        5.1145185978682654E-022
 Total Moment Coefficient(CMx, CMy, CMz)=
  0.34017144232259444       -1.6568915391100299E-006 -0.67604580985970675     
 Kstep, t=         342   342.00000000000000     
 ----------The Max Residuals are--------  ---Mesh---           1
    0.6097591569E-02    0.2089027940E-02    0.3520414110E-02    0.1084202430E-18    0.7463315603E-02
   The R.M.S Residuals are 
    0.4795889739E-03    0.5611169040E-04    0.2687321479E-03    0.6120342640E-20    0.5673396346E-03
 CPU wall time in this step:   3.7104011000000270E-002
 Averaged CPU wall time is:   3.5345967894736846E-002
   GS iter           1  res=   9.0949470177292824E-013  Ts(1,1,1)=   799.99500002499974       Ts(nx-1,ny-1,1)=   359.72744912491487     
   GS iter           2  res=   9.0949470177292824E-013  Ts(1,1,1)=   799.99500002499963       Ts(nx-1,ny-1,1)=   359.72744912491476     
   GS iter           3  res=   9.0949470177292824E-013  Ts(1,1,1)=   799.99500002499974       Ts(nx-1,ny-1,1)=   359.72744912491487     
   GS iter           4  res=   1.0231815394945443E-012  Ts(1,1,1)=   799.99500002499963       Ts(nx-1,ny-1,1)=   359.72744912491476     
   GS iter           5  res=   1.2505552149377763E-012  Ts(1,1,1)=   799.99500002499974       Ts(nx-1,ny-1,1)=   359.72744912491487     
 Solid solver Block           2  GS iterations:         100  final res:   1.3642420526593924E-012
   DBG: Ts(1,1,1)=   799.99500002499963       Ts(nx/2,ny/2,1)=   798.12501724812796       Ts(nx-1,ny-1,1)=   359.72744912491476     
 --------------Force and Moment -----------------------------
 Total Force Coefficient (CL, CD, CS) =
  -6.6506262947010419E-006   1.3607068327664968        5.1743194049695023E-022
 Total Moment Coefficient(CMx, CMy, CMz)=
  0.34017670819162404       -1.6626565736544307E-006 -0.67607411670288420     
 Kstep, t=         343   343.00000000000000     
 ----------The Max Residuals are--------  ---Mesh---           1
    0.6367295086E-02    0.2340514102E-02    0.4144235971E-02    0.1084376214E-18    0.8166061864E-02
   The R.M.S Residuals are 
    0.4622458091E-03    0.5702235737E-04    0.2544073338E-03    0.6316363426E-20    0.5458589432E-03
 CPU wall time in this step:   3.5971739999999031E-002
 Averaged CPU wall time is:   3.5347792303206997E-002
   GS iter           1  res=   1.1368683772161603E-012  Ts(1,1,1)=   799.99500002499974       Ts(nx-1,ny-1,1)=   359.72744912491487     
   GS iter           2  res=   9.0949470177292824E-013  Ts(1,1,1)=   799.99500002499963       Ts(nx-1,ny-1,1)=   359.72744912491476     
   GS iter           3  res=   9.0949470177292824E-013  Ts(1,1,1)=   799.99500002499974       Ts(nx-1,ny-1,1)=   359.72744912491487     
   GS iter           4  res=   7.9580786405131221E-013  Ts(1,1,1)=   799.99500002499963       Ts(nx-1,ny-1,1)=   359.72744912491476     
   GS iter           5  res=   9.0949470177292824E-013  Ts(1,1,1)=   799.99500002499974       Ts(nx-1,ny-1,1)=   359.72744912491487     
 Solid solver Block           2  GS iterations:         100  final res:   9.0949470177292824E-013
   DBG: Ts(1,1,1)=   799.99500002499963       Ts(nx/2,ny/2,1)=   798.12501724812796       Ts(nx-1,ny-1,1)=   359.72744912491481     
 --------------Force and Moment -----------------------------
 Total Force Coefficient (CL, CD, CS) =
  -6.6736397547994889E-006   1.3607271500633251        5.1803917609279462E-022
 Total Moment Coefficient(CMx, CMy, CMz)=
  0.34018178751583122       -1.6684099386790426E-006 -0.67610234417348558     
 Kstep, t=         344   344.00000000000000     
 ----------The Max Residuals are--------  ---Mesh---           1
    0.5661180972E-02    0.2156415282E-02    0.3913808240E-02    0.9490092653E-19    0.8080841626E-02
   The R.M.S Residuals are 
    0.4640779694E-03    0.5799428909E-04    0.2453758563E-03    0.6234984751E-20    0.5447758951E-03
 CPU wall time in this step:   4.0981771000000222E-002
 Averaged CPU wall time is:   3.5364170148255811E-002
   GS iter           1  res=   1.0231815394945443E-012  Ts(1,1,1)=   799.99500002499974       Ts(nx-1,ny-1,1)=   359.72744912491481     
   GS iter           2  res=   9.0949470177292824E-013  Ts(1,1,1)=   799.99500002499963       Ts(nx-1,ny-1,1)=   359.72744912491481     
   GS iter           3  res=   7.9580786405131221E-013  Ts(1,1,1)=   799.99500002499974       Ts(nx-1,ny-1,1)=   359.72744912491493     
   GS iter           4  res=   9.0949470177292824E-013  Ts(1,1,1)=   799.99500002499963       Ts(nx-1,ny-1,1)=   359.72744912491476     
   GS iter           5  res=   1.0231815394945443E-012  Ts(1,1,1)=   799.99500002499974       Ts(nx-1,ny-1,1)=   359.72744912491487     
 Solid solver Block           2  GS iterations:         100  final res:   7.9580786405131221E-013
   DBG: Ts(1,1,1)=   799.99500002499963       Ts(nx/2,ny/2,1)=   798.12501724812796       Ts(nx-1,ny-1,1)=   359.72744912491476     
 --------------Force and Moment -----------------------------
 Total Force Coefficient (CL, CD, CS) =
  -6.6966054719446167E-006   1.3607466982763734        5.2240669447490266E-022
 Total Moment Coefficient(CMx, CMy, CMz)=
  0.34018667456909341       -1.6741513679653235E-006 -0.67613049665353064     
 Kstep, t=         345   345.00000000000000     
 ----------The Max Residuals are--------  ---Mesh---           1
    0.5623413412E-02    0.2166720304E-02    0.3625227864E-02    0.1084656930E-18    0.7062681785E-02
   The R.M.S Residuals are 
    0.4689996011E-03    0.5945936868E-04    0.2519659067E-03    0.6507847297E-20    0.5466065442E-03
 CPU wall time in this step:   3.4278781000001146E-002
 Averaged CPU wall time is:   3.5361024092753629E-002
   GS iter           1  res=   9.0949470177292824E-013  Ts(1,1,1)=   799.99500002499974       Ts(nx-1,ny-1,1)=   359.72744912491487     
   GS iter           2  res=   9.0949470177292824E-013  Ts(1,1,1)=   799.99500002499963       Ts(nx-1,ny-1,1)=   359.72744912491464     
   GS iter           3  res=   1.0231815394945443E-012  Ts(1,1,1)=   799.99500002499974       Ts(nx-1,ny-1,1)=   359.72744912491498     
   GS iter           4  res=   9.0949470177292824E-013  Ts(1,1,1)=   799.99500002499963       Ts(nx-1,ny-1,1)=   359.72744912491481     
   GS iter           5  res=   1.1368683772161603E-012  Ts(1,1,1)=   799.99500002499974       Ts(nx-1,ny-1,1)=   359.72744912491481     
 Solid solver Block           2  GS iterations:         100  final res:   1.0231815394945443E-012
   DBG: Ts(1,1,1)=   799.99500002499963       Ts(nx/2,ny/2,1)=   798.12501724812796       Ts(nx-1,ny-1,1)=   359.72744912491498     
 --------------Force and Moment -----------------------------
 Total Force Coefficient (CL, CD, CS) =
  -6.7195231907475068E-006   1.3607654530293780        5.2521973622717274E-022
 Total Moment Coefficient(CMx, CMy, CMz)=
  0.34019136325734445       -1.6798807976660461E-006 -0.67615857856918171     
 Kstep, t=         346   346.00000000000000     
 ----------The Max Residuals are--------  ---Mesh---           1
    0.6504774200E-02    0.2534523098E-02    0.3754990655E-02    0.8135223610E-19    0.8412433353E-02
   The R.M.S Residuals are 
    0.4687816465E-03    0.6163827838E-04    0.2553534328E-03    0.6055551040E-20    0.5528235027E-03
 CPU wall time in this step:   3.3879174999999151E-002
 Averaged CPU wall time is:   3.5356741291907516E-002
   GS iter           1  res=   7.9580786405131221E-013  Ts(1,1,1)=   799.99500002499974       Ts(nx-1,ny-1,1)=   359.72744912491493     
   GS iter           2  res=   1.2505552149377763E-012  Ts(1,1,1)=   799.99500002499963       Ts(nx-1,ny-1,1)=   359.72744912491476     
   GS iter           3  res=   1.1368683772161603E-012  Ts(1,1,1)=   799.99500002499974       Ts(nx-1,ny-1,1)=   359.72744912491487     
   GS iter           4  res=   1.5916157281026244E-012  Ts(1,1,1)=   799.99500002499963       Ts(nx-1,ny-1,1)=   359.72744912491487     
   GS iter           5  res=   1.1368683772161603E-012  Ts(1,1,1)=   799.99500002499974       Ts(nx-1,ny-1,1)=   359.72744912491487     
 Solid solver Block           2  GS iterations:         100  final res:   9.0949470177292824E-013
   DBG: Ts(1,1,1)=   799.99500002499963       Ts(nx/2,ny/2,1)=   798.12501724812796       Ts(nx-1,ny-1,1)=   359.72744912491487     
 --------------Force and Moment -----------------------------
 Total Force Coefficient (CL, CD, CS) =
  -6.7423925634933961E-006   1.3607833886391265        5.2470354633871312E-022
 Total Moment Coefficient(CMx, CMy, CMz)=
  0.34019584715978168       -1.6855981408525177E-006 -0.67618659450206420     
 Kstep, t=         347   347.00000000000000     
 ----------The Max Residuals are--------  ---Mesh---           1
    0.6162903470E-02    0.2255147313E-02    0.4180735721E-02    0.9483529096E-19    0.8580359762E-02
   The R.M.S Residuals are 
    0.4642573158E-03    0.6272889567E-04    0.2443714125E-03    0.6512415180E-20    0.5419365269E-03
 CPU wall time in this step:   3.9790511999999723E-002
 Averaged CPU wall time is:   3.5369518729106625E-002
   GS iter           1  res=   1.1368683772161603E-012  Ts(1,1,1)=   799.99500002499974       Ts(nx-1,ny-1,1)=   359.72744912491487     
   GS iter           2  res=   9.0949470177292824E-013  Ts(1,1,1)=   799.99500002499963       Ts(nx-1,ny-1,1)=   359.72744912491487     
   GS iter           3  res=   9.0949470177292824E-013  Ts(1,1,1)=   799.99500002499974       Ts(nx-1,ny-1,1)=   359.72744912491464     
   GS iter           4  res=   7.9580786405131221E-013  Ts(1,1,1)=   799.99500002499963       Ts(nx-1,ny-1,1)=   359.72744912491487     
   GS iter           5  res=   1.0231815394945443E-012  Ts(1,1,1)=   799.99500002499974       Ts(nx-1,ny-1,1)=   359.72744912491476     
 Solid solver Block           2  GS iterations:         100  final res:   9.0949470177292824E-013
   DBG: Ts(1,1,1)=   799.99500002499963       Ts(nx/2,ny/2,1)=   798.12501724812796       Ts(nx-1,ny-1,1)=   359.72744912491498     
 --------------Force and Moment -----------------------------
 Total Force Coefficient (CL, CD, CS) =
  -6.7652126307348082E-006   1.3608004782927789        5.2650512511221177E-022
 Total Moment Coefficient(CMx, CMy, CMz)=
  0.34020011957319474       -1.6913031576628708E-006 -0.67621454929121227     
 Kstep, t=         348   348.00000000000000     
 ----------The Max Residuals are--------  ---Mesh---           1
    0.6029154860E-02    0.2276151522E-02    0.3932642639E-02    0.8136825702E-19    0.7447752199E-02
   The R.M.S Residuals are 
    0.4762782569E-03    0.6352121829E-04    0.2559991809E-03    0.6152726567E-20    0.5588885315E-03
 CPU wall time in this step:   3.8342093000000688E-002
 Averaged CPU wall time is:   3.5378060609195405E-002
   GS iter           1  res=   9.0949470177292824E-013  Ts(1,1,1)=   799.99500002499974       Ts(nx-1,ny-1,1)=   359.72744912491504     
   GS iter           2  res=   1.0231815394945443E-012  Ts(1,1,1)=   799.99500002499963       Ts(nx-1,ny-1,1)=   359.72744912491498     
   GS iter           3  res=   9.0949470177292824E-013  Ts(1,1,1)=   799.99500002499974       Ts(nx-1,ny-1,1)=   359.72744912491504     
   GS iter           4  res=   1.1368683772161603E-012  Ts(1,1,1)=   799.99500002499963       Ts(nx-1,ny-1,1)=   359.72744912491487     
   GS iter           5  res=   9.0949470177292824E-013  Ts(1,1,1)=   799.99500002499974       Ts(nx-1,ny-1,1)=   359.72744912491510     
 Solid solver Block           2  GS iterations:         100  final res:   1.0231815394945443E-012
   DBG: Ts(1,1,1)=   799.99500002499963       Ts(nx/2,ny/2,1)=   798.12501724812796       Ts(nx-1,ny-1,1)=   359.72744912491487     
 --------------Force and Moment -----------------------------
 Total Force Coefficient (CL, CD, CS) =
  -6.7879816230090675E-006   1.3608166942313846        5.3017848474071240E-022
 Total Moment Coefficient(CMx, CMy, CMz)=
  0.34020417355784599       -1.6969954057314360E-006 -0.67624244812038770     
 Kstep, t=         349   349.00000000000000     
 ----------The Max Residuals are--------  ---Mesh---           1
    0.6595128588E-02    0.2696123615E-02    0.3749432229E-02    0.1084130975E-18    0.8619299792E-02
   The R.M.S Residuals are 
    0.4696550808E-03    0.6568480476E-04    0.2630758921E-03    0.6479557249E-20    0.5554372637E-03
 CPU wall time in this step:   3.6612440999999052E-002
 Averaged CPU wall time is:   3.5381597515759311E-002
   GS iter           1  res=   1.0231815394945443E-012  Ts(1,1,1)=   799.99500002499974       Ts(nx-1,ny-1,1)=   359.72744912491476     
   GS iter           2  res=   7.9580786405131221E-013  Ts(1,1,1)=   799.99500002499963       Ts(nx-1,ny-1,1)=   359.72744912491487     
   GS iter           3  res=   9.0949470177292824E-013  Ts(1,1,1)=   799.99500002499974       Ts(nx-1,ny-1,1)=   359.72744912491476     
   GS iter           4  res=   1.0231815394945443E-012  Ts(1,1,1)=   799.99500002499963       Ts(nx-1,ny-1,1)=   359.72744912491487     
   GS iter           5  res=   1.1368683772161603E-012  Ts(1,1,1)=   799.99500002499974       Ts(nx-1,ny-1,1)=   359.72744912491476     
 Solid solver Block           2  GS iterations:         100  final res:   9.0949470177292824E-013
   DBG: Ts(1,1,1)=   799.99500002499963       Ts(nx/2,ny/2,1)=   798.12501724812796       Ts(nx-1,ny-1,1)=   359.72744912491476     
 --------------Force and Moment -----------------------------
 Total Force Coefficient (CL, CD, CS) =
  -6.8106969704521941E-006   1.3608320079344611        5.3369212746525349E-022
 Total Moment Coefficient(CMx, CMy, CMz)=
  0.34020800198361534       -1.7026742425922181E-006 -0.67627029658771787     
 Kstep, t=         350   350.00000000000000     
 ----------The Max Residuals are--------  ---Mesh---           1
    0.6251189234E-02    0.2341495565E-02    0.4322646480E-02    0.1084250825E-18    0.8995081772E-02
   The R.M.S Residuals are 
    0.4540632726E-03    0.6625589917E-04    0.2421263154E-03    0.6824812127E-20    0.5346977029E-03
 CPU wall time in this step:   3.2710529000000932E-002
 Averaged CPU wall time is:   3.5373965891428570E-002
   GS iter           1  res=   9.0949470177292824E-013  Ts(1,1,1)=   799.99500002499974       Ts(nx-1,ny-1,1)=   359.72744912491487     
   GS iter           2  res=   1.1368683772161603E-012  Ts(1,1,1)=   799.99500002499963       Ts(nx-1,ny-1,1)=   359.72744912491476     
   GS iter           3  res=   1.1368683772161603E-012  Ts(1,1,1)=   799.99500002499974       Ts(nx-1,ny-1,1)=   359.72744912491487     
   GS iter           4  res=   9.0949470177292824E-013  Ts(1,1,1)=   799.99500002499963       Ts(nx-1,ny-1,1)=   359.72744912491476     
   GS iter           5  res=   9.0949470177292824E-013  Ts(1,1,1)=   799.99500002499974       Ts(nx-1,ny-1,1)=   359.72744912491487     
 Solid solver Block           2  GS iterations:         100  final res:   1.0231815394945443E-012
   DBG: Ts(1,1,1)=   799.99500002499963       Ts(nx/2,ny/2,1)=   798.12501724812796       Ts(nx-1,ny-1,1)=   359.72744912491487     
 --------------Force and Moment -----------------------------
 Total Force Coefficient (CL, CD, CS) =
  -6.8333554557383471E-006   1.3608463903013284        5.3741426934409784E-022
 Total Moment Coefficient(CMx, CMy, CMz)=
  0.34021159757533231       -1.7083388639137553E-006 -0.67629810075658692     
 Kstep, t=         351   351.00000000000000     
 ----------The Max Residuals are--------  ---Mesh---           1
    0.6178249164E-02    0.2416217376E-02    0.3787904873E-02    0.1220101791E-18    0.7742750544E-02
   The R.M.S Residuals are 
    0.4616009754E-03    0.6764985625E-04    0.2250715701E-03    0.6954340618E-20    0.5305682400E-03
 CPU wall time in this step:   3.3931954999999903E-002
 Averaged CPU wall time is:   3.5369857598290602E-002
   GS iter           1  res=   9.0949470177292824E-013  Ts(1,1,1)=   799.99500002499974       Ts(nx-1,ny-1,1)=   359.72744912491498     
   GS iter           2  res=   9.0949470177292824E-013  Ts(1,1,1)=   799.99500002499963       Ts(nx-1,ny-1,1)=   359.72744912491515     
   GS iter           3  res=   6.8212102632969618E-013  Ts(1,1,1)=   799.99500002499974       Ts(nx-1,ny-1,1)=   359.72744912491481     
   GS iter           4  res=   9.0949470177292824E-013  Ts(1,1,1)=   799.99500002499963       Ts(nx-1,ny-1,1)=   359.72744912491504     
   GS iter           5  res=   1.1368683772161603E-012  Ts(1,1,1)=   799.99500002499974       Ts(nx-1,ny-1,1)=   359.72744912491487     
 Solid solver Block           2  GS iterations:         100  final res:   1.0231815394945443E-012
   DBG: Ts(1,1,1)=   799.99500002499963       Ts(nx/2,ny/2,1)=   798.12501724812796       Ts(nx-1,ny-1,1)=   359.72744912491476     
 --------------Force and Moment -----------------------------
 Total Force Coefficient (CL, CD, CS) =
  -6.8559534721806152E-006   1.3608598118254274        5.4316486363883658E-022
 Total Moment Coefficient(CMx, CMy, CMz)=
  0.34021495295635679       -1.7139883680243223E-006 -0.67632586718832122     
 Kstep, t=         352   352.00000000000000     
 ----------The Max Residuals are--------  ---Mesh---           1
    0.6699405410E-02    0.2832932926E-02    0.4182878227E-02    0.1084637986E-18    0.8843877828E-02
   The R.M.S Residuals are 
    0.4891278952E-03    0.7123296931E-04    0.2644946869E-03    0.7003073712E-20    0.5723418300E-03
 CPU wall time in this step:   3.5539264000000514E-002
 Averaged CPU wall time is:   3.5370338866477273E-002
   GS iter           1  res=   1.2505552149377763E-012  Ts(1,1,1)=   799.99500002499974       Ts(nx-1,ny-1,1)=   359.72744912491487     
   GS iter           2  res=   1.0231815394945443E-012  Ts(1,1,1)=   799.99500002499963       Ts(nx-1,ny-1,1)=   359.72744912491476     
   GS iter           3  res=   7.9580786405131221E-013  Ts(1,1,1)=   799.99500002499974       Ts(nx-1,ny-1,1)=   359.72744912491487     
   GS iter           4  res=   1.0231815394945443E-012  Ts(1,1,1)=   799.99500002499963       Ts(nx-1,ny-1,1)=   359.72744912491498     
   GS iter           5  res=   1.3642420526593924E-012  Ts(1,1,1)=   799.99500002499974       Ts(nx-1,ny-1,1)=   359.72744912491481     
 Solid solver Block           2  GS iterations:         100  final res:   1.2505552149377763E-012
   DBG: Ts(1,1,1)=   799.99500002499963       Ts(nx/2,ny/2,1)=   798.12501724812796       Ts(nx-1,ny-1,1)=   359.72744912491476     
 --------------Force and Moment -----------------------------
 Total Force Coefficient (CL, CD, CS) =
  -6.8784873357610936E-006   1.3608722427580515        5.4994850759465295E-022
 Total Moment Coefficient(CMx, CMy, CMz)=
  0.34021806068951294       -1.7196218339194413E-006 -0.67635360295837577     
 Kstep, t=         353   353.00000000000000     
 ----------The Max Residuals are--------  ---Mesh---           1
    0.6400222880E-02    0.2532148446E-02    0.4402334548E-02    0.9490516140E-19    0.9289123770E-02
   The R.M.S Residuals are 
    0.4755915044E-03    0.7097166242E-04    0.2765239518E-03    0.6839169386E-20    0.5695929659E-03
 CPU wall time in this step:   3.1620423999999758E-002
 Averaged CPU wall time is:   3.5359715878186967E-002
   GS iter           1  res=   1.4779288903810084E-012  Ts(1,1,1)=   799.99500002499974       Ts(nx-1,ny-1,1)=   359.72744912491487     
   GS iter           2  res=   7.9580786405131221E-013  Ts(1,1,1)=   799.99500002499963       Ts(nx-1,ny-1,1)=   359.72744912491476     
   GS iter           3  res=   7.9580786405131221E-013  Ts(1,1,1)=   799.99500002499974       Ts(nx-1,ny-1,1)=   359.72744912491487     
   GS iter           4  res=   9.0949470177292824E-013  Ts(1,1,1)=   799.99500002499963       Ts(nx-1,ny-1,1)=   359.72744912491498     
   GS iter           5  res=   1.0231815394945443E-012  Ts(1,1,1)=   799.99500002499974       Ts(nx-1,ny-1,1)=   359.72744912491481     
 Solid solver Block           2  GS iterations:         100  final res:   1.2505552149377763E-012
   DBG: Ts(1,1,1)=   799.99500002499963       Ts(nx/2,ny/2,1)=   798.12501724812796       Ts(nx-1,ny-1,1)=   359.72744912491498     
 --------------Force and Moment -----------------------------
 Total Force Coefficient (CL, CD, CS) =
  -6.9009535831659146E-006   1.3608836532578816        5.5164781002688237E-022
 Total Moment Coefficient(CMx, CMy, CMz)=
  0.34022091331447052       -1.7252383957706469E-006 -0.67638131565834081     
 Kstep, t=         354   354.00000000000000     
 ----------The Max Residuals are--------  ---Mesh---           1
    0.5885480243E-02    0.2548734634E-02    0.3196500163E-02    0.8135846540E-19    0.7026271219E-02
   The R.M.S Residuals are 
    0.4423116052E-03    0.7081458346E-04    0.2350517663E-03    0.6811357612E-20    0.5221180985E-03
 CPU wall time in this step:   3.2950402999999184E-002
 Averaged CPU wall time is:   3.5352909909604519E-002
   GS iter           1  res=   9.0949470177292824E-013  Ts(1,1,1)=   799.99500002499974       Ts(nx-1,ny-1,1)=   359.72744912491481     
   GS iter           2  res=   1.1368683772161603E-012  Ts(1,1,1)=   799.99500002499963       Ts(nx-1,ny-1,1)=   359.72744912491481     
   GS iter           3  res=   1.0231815394945443E-012  Ts(1,1,1)=   799.99500002499974       Ts(nx-1,ny-1,1)=   359.72744912491481     
   GS iter           4  res=   7.9580786405131221E-013  Ts(1,1,1)=   799.99500002499963       Ts(nx-1,ny-1,1)=   359.72744912491504     
   GS iter           5  res=   1.0231815394945443E-012  Ts(1,1,1)=   799.99500002499974       Ts(nx-1,ny-1,1)=   359.72744912491487     
 Solid solver Block           2  GS iterations:         100  final res:   9.0949470177292824E-013
   DBG: Ts(1,1,1)=   799.99500002499963       Ts(nx/2,ny/2,1)=   798.12501724812796       Ts(nx-1,ny-1,1)=   359.72744912491487     
 --------------Force and Moment -----------------------------
 Total Force Coefficient (CL, CD, CS) =
  -6.9233491940556397E-006   1.3608940135223646        5.5514288301902896E-022
 Total Moment Coefficient(CMx, CMy, CMz)=
  0.34022350338059099       -1.7308372984930782E-006 -0.67640901338620407     
 Kstep, t=         355   355.00000000000000     
 ----------The Max Residuals are--------  ---Mesh---           1
    0.6795550914E-02    0.2952124433E-02    0.4257036016E-02    0.1084163059E-18    0.9024195737E-02
   The R.M.S Residuals are 
    0.4530296875E-03    0.7518059656E-04    0.2082318072E-03    0.6517993422E-20    0.5171104536E-03
 CPU wall time in this step:   3.1070973000000279E-002
 Averaged CPU wall time is:   3.5340848115492957E-002
   GS iter           1  res=   9.0949470177292824E-013  Ts(1,1,1)=   799.99500002499974       Ts(nx-1,ny-1,1)=   359.72744912491487     
   GS iter           2  res=   1.2505552149377763E-012  Ts(1,1,1)=   799.99500002499963       Ts(nx-1,ny-1,1)=   359.72744912491476     
   GS iter           3  res=   1.0231815394945443E-012  Ts(1,1,1)=   799.99500002499974       Ts(nx-1,ny-1,1)=   359.72744912491487     
   GS iter           4  res=   1.0231815394945443E-012  Ts(1,1,1)=   799.99500002499963       Ts(nx-1,ny-1,1)=   359.72744912491476     
   GS iter           5  res=   9.0949470177292824E-013  Ts(1,1,1)=   799.99500002499974       Ts(nx-1,ny-1,1)=   359.72744912491487     
 Solid solver Block           2  GS iterations:         100  final res:   1.0231815394945443E-012
   DBG: Ts(1,1,1)=   799.99500002499963       Ts(nx/2,ny/2,1)=   798.12501724812796       Ts(nx-1,ny-1,1)=   359.72744912491476     
 --------------Force and Moment -----------------------------
 Total Force Coefficient (CL, CD, CS) =
  -6.9456717038781095E-006   1.3609032938966272        5.5295137283815459E-022
 Total Moment Coefficient(CMx, CMy, CMz)=
  0.34022582347415647       -1.7364179259486940E-006 -0.67643670472701145     
 Kstep, t=         356   356.00000000000000     
 ----------The Max Residuals are--------  ---Mesh---           1
    0.6511206352E-02    0.2806827215E-02    0.4442268414E-02    0.9489501709E-19    0.9482176216E-02
   The R.M.S Residuals are 
    0.4925192448E-03    0.7607554350E-04    0.2564843754E-03    0.6556612337E-20    0.5707049644E-03
 CPU wall time in this step:   3.0742151000000106E-002
 Averaged CPU wall time is:   3.5327930426966289E-002
   GS iter           1  res=   1.2505552149377763E-012  Ts(1,1,1)=   799.99500002499974       Ts(nx-1,ny-1,1)=   359.72744912491487     
   GS iter           2  res=   9.0949470177292824E-013  Ts(1,1,1)=   799.99500002499963       Ts(nx-1,ny-1,1)=   359.72744912491476     
   GS iter           3  res=   1.0231815394945443E-012  Ts(1,1,1)=   799.99500002499974       Ts(nx-1,ny-1,1)=   359.72744912491487     
   GS iter           4  res=   1.0231815394945443E-012  Ts(1,1,1)=   799.99500002499963       Ts(nx-1,ny-1,1)=   359.72744912491487     
   GS iter           5  res=   1.0231815394945443E-012  Ts(1,1,1)=   799.99500002499974       Ts(nx-1,ny-1,1)=   359.72744912491487     
 Solid solver Block           2  GS iterations:         100  final res:   1.0231815394945443E-012
   DBG: Ts(1,1,1)=   799.99500002499963       Ts(nx/2,ny/2,1)=   798.12501724812796       Ts(nx-1,ny-1,1)=   359.72744912491476     
 --------------Force and Moment -----------------------------
 Total Force Coefficient (CL, CD, CS) =
  -6.9679192074432690E-006   1.3609114649553413        5.5591822626831173E-022
 Total Moment Coefficient(CMx, CMy, CMz)=
  0.34022786623883544       -1.7419798018399840E-006 -0.67646439872549358     
 Kstep, t=         357   357.00000000000000     
 ----------The Max Residuals are--------  ---Mesh---           1
    0.5728695457E-02    0.2621570596E-02    0.4109293125E-02    0.9492573425E-19    0.7741322484E-02
   The R.M.S Residuals are 
    0.4884781230E-03    0.7572617394E-04    0.2860735423E-03    0.6919277088E-20    0.5834941338E-03
 CPU wall time in this step:   3.6542515000000719E-002
 Averaged CPU wall time is:   3.5331332624649860E-002
   GS iter           1  res=   1.0231815394945443E-012  Ts(1,1,1)=   799.99500002499974       Ts(nx-1,ny-1,1)=   359.72744912491487     
   GS iter           2  res=   7.9580786405131221E-013  Ts(1,1,1)=   799.99500002499963       Ts(nx-1,ny-1,1)=   359.72744912491476     
   GS iter           3  res=   1.0231815394945443E-012  Ts(1,1,1)=   799.99500002499974       Ts(nx-1,ny-1,1)=   359.72744912491487     
   GS iter           4  res=   1.1368683772161603E-012  Ts(1,1,1)=   799.99500002499963       Ts(nx-1,ny-1,1)=   359.72744912491476     
   GS iter           5  res=   9.0949470177292824E-013  Ts(1,1,1)=   799.99500002499974       Ts(nx-1,ny-1,1)=   359.72744912491487     
 Solid solver Block           2  GS iterations:         100  final res:   1.0231815394945443E-012
   DBG: Ts(1,1,1)=   799.99500002499963       Ts(nx/2,ny/2,1)=   798.12501724812796       Ts(nx-1,ny-1,1)=   359.72744912491476     
 --------------Force and Moment -----------------------------
 Total Force Coefficient (CL, CD, CS) =
  -6.9900902784883864E-006   1.3609184975529132        5.5902278284232553E-022
 Total Moment Coefficient(CMx, CMy, CMz)=
  0.34022962438822840       -1.7475225696012632E-006 -0.67649210485156752     
 Kstep, t=         358   358.00000000000000     
 ----------The Max Residuals are--------  ---Mesh---           1
    0.6952273818E-02    0.3048359782E-02    0.4387279985E-02    0.1626778703E-18    0.9500309390E-02
   The R.M.S Residuals are 
    0.4453513342E-03    0.7945342399E-04    0.2491230095E-03    0.7661615184E-20    0.5360338960E-03
 CPU wall time in this step:   3.4329815999999624E-002
 Averaged CPU wall time is:   3.5328535092178773E-002
   GS iter           1  res=   9.0949470177292824E-013  Ts(1,1,1)=   799.99500002499974       Ts(nx-1,ny-1,1)=   359.72744912491487     
   GS iter           2  res=   9.0949470177292824E-013  Ts(1,1,1)=   799.99500002499963       Ts(nx-1,ny-1,1)=   359.72744912491476     
   GS iter           3  res=   1.1368683772161603E-012  Ts(1,1,1)=   799.99500002499974       Ts(nx-1,ny-1,1)=   359.72744912491487     
   GS iter           4  res=   1.0231815394945443E-012  Ts(1,1,1)=   799.99500002499963       Ts(nx-1,ny-1,1)=   359.72744912491476     
   GS iter           5  res=   9.0949470177292824E-013  Ts(1,1,1)=   799.99500002499974       Ts(nx-1,ny-1,1)=   359.72744912491487     
 Solid solver Block           2  GS iterations:         100  final res:   7.9580786405131221E-013
   DBG: Ts(1,1,1)=   799.99500002499963       Ts(nx/2,ny/2,1)=   798.12501724812796       Ts(nx-1,ny-1,1)=   359.72744912491470     
 --------------Force and Moment -----------------------------
 Total Force Coefficient (CL, CD, CS) =
  -7.0121838408233806E-006   1.3609243628379104        5.6251253127377048E-022
 Total Moment Coefficient(CMx, CMy, CMz)=
  0.34023109070947732       -1.7530459601850124E-006 -0.67651983295909124     
 Kstep, t=         359   359.00000000000000     
 ----------The Max Residuals are--------  ---Mesh---           1
    0.6635045150E-02    0.3036012273E-02    0.4458477871E-02    0.1084477167E-18    0.9627978405E-02
   The R.M.S Residuals are 
    0.4361288298E-03    0.7967471620E-04    0.1975290395E-03    0.7369613724E-20    0.4981470837E-03
 CPU wall time in this step:   3.3781585999999919E-002
 Averaged CPU wall time is:   3.5324226041782730E-002
   GS iter           1  res=   9.0949470177292824E-013  Ts(1,1,1)=   799.99500002499974       Ts(nx-1,ny-1,1)=   359.72744912491487     
   GS iter           2  res=   9.0949470177292824E-013  Ts(1,1,1)=   799.99500002499963       Ts(nx-1,ny-1,1)=   359.72744912491476     
   GS iter           3  res=   1.0231815394945443E-012  Ts(1,1,1)=   799.99500002499974       Ts(nx-1,ny-1,1)=   359.72744912491487     
   GS iter           4  res=   1.2505552149377763E-012  Ts(1,1,1)=   799.99500002499963       Ts(nx-1,ny-1,1)=   359.72744912491487     
   GS iter           5  res=   7.9580786405131221E-013  Ts(1,1,1)=   799.99500002499974       Ts(nx-1,ny-1,1)=   359.72744912491487     
 Solid solver Block           2  GS iterations:         100  final res:   1.1368683772161603E-012
   DBG: Ts(1,1,1)=   799.99500002499963       Ts(nx/2,ny/2,1)=   798.12501724812796       Ts(nx-1,ny-1,1)=   359.72744912491476     
 --------------Force and Moment -----------------------------
 Total Force Coefficient (CL, CD, CS) =
  -7.0341990245446314E-006   1.3609290322287650        5.6202942690586402E-022
 Total Moment Coefficient(CMx, CMy, CMz)=
  0.34023225805719109       -1.7585497561153251E-006 -0.67654759323795732     
 Kstep, t=         360   360.00000000000000     
 ----------The Max Residuals are--------  ---Mesh---           1
    0.6298509820E-02    0.2550255876E-02    0.4026400376E-02    0.1084356527E-18    0.8177435747E-02
   The R.M.S Residuals are 
    0.4845278723E-03    0.7918114783E-04    0.2303389860E-03    0.7297820590E-20    0.5522654356E-03
 CPU wall time in this step:   3.3815390999999195E-002
 Averaged CPU wall time is:   3.5320034833333333E-002
   GS iter           1  res=   1.0231815394945443E-012  Ts(1,1,1)=   799.99500002499974       Ts(nx-1,ny-1,1)=   359.72744912491487     
   GS iter           2  res=   1.1368683772161603E-012  Ts(1,1,1)=   799.99500002499963       Ts(nx-1,ny-1,1)=   359.72744912491476     
   GS iter           3  res=   1.0231815394945443E-012  Ts(1,1,1)=   799.99500002499974       Ts(nx-1,ny-1,1)=   359.72744912491487     
   GS iter           4  res=   9.0949470177292824E-013  Ts(1,1,1)=   799.99500002499963       Ts(nx-1,ny-1,1)=   359.72744912491487     
   GS iter           5  res=   1.1368683772161603E-012  Ts(1,1,1)=   799.99500002499974       Ts(nx-1,ny-1,1)=   359.72744912491487     
 Solid solver Block           2  GS iterations:         100  final res:   9.0949470177292824E-013
   DBG: Ts(1,1,1)=   799.99500002499963       Ts(nx/2,ny/2,1)=   798.12501724812796       Ts(nx-1,ny-1,1)=   359.72744912491487     
 --------------Force and Moment -----------------------------
 Total Force Coefficient (CL, CD, CS) =
  -7.0561350318295110E-006   1.3609324773496347        5.6683970296467181E-022
 Total Moment Coefficient(CMx, CMy, CMz)=
  0.34023311933740863       -1.7640337579365452E-006 -0.67657539615974993     
 Kstep, t=         361   361.00000000000000     
 ----------The Max Residuals are--------  ---Mesh---           1
    0.7195096635E-02    0.3072318644E-02    0.4482362842E-02    0.1084453525E-18    0.9929453902E-02
   The R.M.S Residuals are 
    0.5011165598E-03    0.8472832994E-04    0.2871513840E-03    0.7323665958E-20    0.5931892097E-03
 CPU wall time in this step:   3.3018847000001017E-002
 Averaged CPU wall time is:   3.5313660351800558E-002
   GS iter           1  res=   9.0949470177292824E-013  Ts(1,1,1)=   799.99500002499974       Ts(nx-1,ny-1,1)=   359.72744912491487     
   GS iter           2  res=   9.0949470177292824E-013  Ts(1,1,1)=   799.99500002499963       Ts(nx-1,ny-1,1)=   359.72744912491476     
   GS iter           3  res=   9.0949470177292824E-013  Ts(1,1,1)=   799.99500002499974       Ts(nx-1,ny-1,1)=   359.72744912491487     
   GS iter           4  res=   1.1368683772161603E-012  Ts(1,1,1)=   799.99500002499963       Ts(nx-1,ny-1,1)=   359.72744912491476     
   GS iter           5  res=   9.0949470177292824E-013  Ts(1,1,1)=   799.99500002499974       Ts(nx-1,ny-1,1)=   359.72744912491487     
 Solid solver Block           2  GS iterations:         100  final res:   7.9580786405131221E-013
   DBG: Ts(1,1,1)=   799.99500002499963       Ts(nx/2,ny/2,1)=   798.12501724812796       Ts(nx-1,ny-1,1)=   359.72744912491498     
 --------------Force and Moment -----------------------------
 Total Force Coefficient (CL, CD, CS) =
  -7.0779910262221980E-006   1.3609346699270493        5.7164014479877384E-022
 Total Moment Coefficient(CMx, CMy, CMz)=
  0.34023366748176243       -1.7694977565347159E-006 -0.67660325241741659     
 Kstep, t=         362   362.00000000000000     
 ----------The Max Residuals are--------  ---Mesh---           1
    0.6798975434E-02    0.3239340772E-02    0.4444531919E-02    0.1084730092E-18    0.9748663561E-02
   The R.M.S Residuals are 
    0.4610670950E-03    0.8500674502E-04    0.2705435870E-03    0.7106983580E-20    0.5608953567E-03
 CPU wall time in this step:   3.4800033999999869E-002
 Averaged CPU wall time is:   3.5312241494475143E-002
   GS iter           1  res=   9.0949470177292824E-013  Ts(1,1,1)=   799.99500002499974       Ts(nx-1,ny-1,1)=   359.72744912491481     
   GS iter           2  res=   9.0949470177292824E-013  Ts(1,1,1)=   799.99500002499963       Ts(nx-1,ny-1,1)=   359.72744912491481     
   GS iter           3  res=   1.7053025658242404E-012  Ts(1,1,1)=   799.99500002499974       Ts(nx-1,ny-1,1)=   359.72744912491481     
   GS iter           4  res=   1.1368683772161603E-012  Ts(1,1,1)=   799.99500002499963       Ts(nx-1,ny-1,1)=   359.72744912491504     
   GS iter           5  res=   9.0949470177292824E-013  Ts(1,1,1)=   799.99500002499974       Ts(nx-1,ny-1,1)=   359.72744912491487     
 Solid solver Block           2  GS iterations:         100  final res:   1.0231815394945443E-012
   DBG: Ts(1,1,1)=   799.99500002499963       Ts(nx/2,ny/2,1)=   798.12501724812796       Ts(nx-1,ny-1,1)=   359.72744912491487     
 --------------Force and Moment -----------------------------
 Total Force Coefficient (CL, CD, CS) =
  -7.0997660499518484E-006   1.3609355816516582        5.7873564245896776E-022
 Total Moment Coefficient(CMx, CMy, CMz)=
  0.34023389541291449       -1.7749415124671287E-006 -0.67663117286062424     
 Kstep, t=         363   363.00000000000000     
 ----------The Max Residuals are--------  ---Mesh---           1
    0.6741187762E-02    0.2263610413E-02    0.4058400442E-02    0.9489611945E-19    0.8754937752E-02
   The R.M.S Residuals are 
    0.4276281237E-03    0.8149473767E-04    0.2019230578E-03    0.7349066825E-20    0.4951652421E-03
 CPU wall time in this step:   3.3107085999999342E-002
 Averaged CPU wall time is:   3.5306166685950414E-002
   GS iter           1  res=   1.0231815394945443E-012  Ts(1,1,1)=   799.99500002499974       Ts(nx-1,ny-1,1)=   359.72744912491498     
   GS iter           2  res=   1.1368683772161603E-012  Ts(1,1,1)=   799.99500002499963       Ts(nx-1,ny-1,1)=   359.72744912491481     
   GS iter           3  res=   1.1368683772161603E-012  Ts(1,1,1)=   799.99500002499974       Ts(nx-1,ny-1,1)=   359.72744912491481     
   GS iter           4  res=   7.9580786405131221E-013  Ts(1,1,1)=   799.99500002499963       Ts(nx-1,ny-1,1)=   359.72744912491481     
   GS iter           5  res=   9.0949470177292824E-013  Ts(1,1,1)=   799.99500002499974       Ts(nx-1,ny-1,1)=   359.72744912491504     
 Solid solver Block           2  GS iterations:         100  final res:   1.1368683772161603E-012
   DBG: Ts(1,1,1)=   799.99500002499963       Ts(nx/2,ny/2,1)=   798.12501724812796       Ts(nx-1,ny-1,1)=   359.72744912491476     
 --------------Force and Moment -----------------------------
 Total Force Coefficient (CL, CD, CS) =
  -7.1214589684511803E-006   1.3609351840117248        5.8047062302632506E-022
 Total Moment Coefficient(CMx, CMy, CMz)=
  0.34023379600293113       -1.7803647420919612E-006 -0.67665916842958362     
 Kstep, t=         364   364.00000000000000     
 ----------The Max Residuals are--------  ---Mesh---           1
    0.7338705599E-02    0.2977560995E-02    0.4479877959E-02    0.1084556337E-18    0.1012788275E-01
   The R.M.S Residuals are 
    0.4671228828E-03    0.8721461195E-04    0.2109244802E-03    0.7315480023E-20    0.5301595990E-03
 CPU wall time in this step:   3.4641243999999460E-002
 Averaged CPU wall time is:   3.5304339975274726E-002
   GS iter           1  res=   1.1368683772161603E-012  Ts(1,1,1)=   799.99500002499974       Ts(nx-1,ny-1,1)=   359.72744912491487     
   GS iter           2  res=   1.0231815394945443E-012  Ts(1,1,1)=   799.99500002499963       Ts(nx-1,ny-1,1)=   359.72744912491476     
   GS iter           3  res=   7.9580786405131221E-013  Ts(1,1,1)=   799.99500002499974       Ts(nx-1,ny-1,1)=   359.72744912491487     
   GS iter           4  res=   9.0949470177292824E-013  Ts(1,1,1)=   799.99500002499963       Ts(nx-1,ny-1,1)=   359.72744912491487     
   GS iter           5  res=   1.2505552149377763E-012  Ts(1,1,1)=   799.99500002499974       Ts(nx-1,ny-1,1)=   359.72744912491487     
 Solid solver Block           2  GS iterations:         100  final res:   1.1368683772161603E-012
   DBG: Ts(1,1,1)=   799.99500002499963       Ts(nx/2,ny/2,1)=   798.12501724812796       Ts(nx-1,ny-1,1)=   359.72744912491476     
 --------------Force and Moment -----------------------------
 Total Force Coefficient (CL, CD, CS) =
  -7.1430684374530432E-006   1.3609334481080504        5.8338077927139461E-022
 Total Moment Coefficient(CMx, CMy, CMz)=
  0.34023336202701271       -1.7857671093424287E-006 -0.67668725009107078     
 Kstep, t=         365   365.00000000000000     
 ----------The Max Residuals are--------  ---Mesh---           1
    0.7004072060E-02    0.3410991190E-02    0.4538436337E-02    0.1084456102E-18    0.9823890648E-02
   The R.M.S Residuals are 
    0.4985760852E-03    0.9092365168E-04    0.2679745791E-03    0.8042062272E-20    0.5824894363E-03
 CPU wall time in this step:   3.8458409000000415E-002
 Averaged CPU wall time is:   3.5312981260273969E-002
   GS iter           1  res=   1.0231815394945443E-012  Ts(1,1,1)=   799.99500002499974       Ts(nx-1,ny-1,1)=   359.72744912491487     
   GS iter           2  res=   1.1368683772161603E-012  Ts(1,1,1)=   799.99500002499963       Ts(nx-1,ny-1,1)=   359.72744912491464     
   GS iter           3  res=   1.2505552149377763E-012  Ts(1,1,1)=   799.99500002499974       Ts(nx-1,ny-1,1)=   359.72744912491487     
   GS iter           4  res=   1.1368683772161603E-012  Ts(1,1,1)=   799.99500002499963       Ts(nx-1,ny-1,1)=   359.72744912491476     
   GS iter           5  res=   9.0949470177292824E-013  Ts(1,1,1)=   799.99500002499974       Ts(nx-1,ny-1,1)=   359.72744912491487     
 Solid solver Block           2  GS iterations:         100  final res:   1.0231815394945443E-012
   DBG: Ts(1,1,1)=   799.99500002499963       Ts(nx/2,ny/2,1)=   798.12501724812796       Ts(nx-1,ny-1,1)=   359.72744912491498     
 --------------Force and Moment -----------------------------
 Total Force Coefficient (CL, CD, CS) =
  -7.1645928865089107E-006   1.3609303444625414        5.8636795389851835E-022
 Total Moment Coefficient(CMx, CMy, CMz)=
  0.34023258611563512       -1.7911482216063953E-006 -0.67671542878157420     
 Kstep, t=         366   366.00000000000000     
 ----------The Max Residuals are--------  ---Mesh---           1
    0.6975364425E-02    0.2818869237E-02    0.4236869325E-02    0.1084370161E-18    0.9111951903E-02
   The R.M.S Residuals are 
    0.4787815460E-03    0.8709563441E-04    0.2773505801E-03    0.7361871360E-20    0.5744463205E-03
 CPU wall time in this step:   4.0760974999999533E-002
 Averaged CPU wall time is:   3.5327866489071033E-002
   GS iter           1  res=   7.9580786405131221E-013  Ts(1,1,1)=   799.99500002499974       Ts(nx-1,ny-1,1)=   359.72744912491481     
   GS iter           2  res=   7.9580786405131221E-013  Ts(1,1,1)=   799.99500002499963       Ts(nx-1,ny-1,1)=   359.72744912491481     
   GS iter           3  res=   1.5916157281026244E-012  Ts(1,1,1)=   799.99500002499974       Ts(nx-1,ny-1,1)=   359.72744912491481     
   GS iter           4  res=   1.1368683772161603E-012  Ts(1,1,1)=   799.99500002499963       Ts(nx-1,ny-1,1)=   359.72744912491493     
   GS iter           5  res=   9.0949470177292824E-013  Ts(1,1,1)=   799.99500002499974       Ts(nx-1,ny-1,1)=   359.72744912491498     
 Solid solver Block           2  GS iterations:         100  final res:   1.1368683772161603E-012
   DBG: Ts(1,1,1)=   799.99500002499963       Ts(nx/2,ny/2,1)=   798.12501724812796       Ts(nx-1,ny-1,1)=   359.72744912491487     
 --------------Force and Moment -----------------------------
 Total Force Coefficient (CL, CD, CS) =
  -7.1860305136767704E-006   1.3609258428334230        5.8682838911144873E-022
 Total Moment Coefficient(CMx, CMy, CMz)=
  0.34023146070835575       -1.7965076283983607E-006 -0.67674371536310207     
 Kstep, t=         367   367.00000000000000     
 ----------The Max Residuals are--------  ---Mesh---           1
    0.7383989835E-02    0.3060889274E-02    0.4697799610E-02    0.9489742909E-19    0.1005123600E-01
   The R.M.S Residuals are 
    0.4429192991E-03    0.8815064959E-04    0.2300737235E-03    0.7549126890E-20    0.5249508148E-03
 CPU wall time in this step:   4.2461783000000253E-002
 Averaged CPU wall time is:   3.5347304953678473E-002
   GS iter           1  res=   1.1368683772161603E-012  Ts(1,1,1)=   799.99500002499974       Ts(nx-1,ny-1,1)=   359.72744912491476     
   GS iter           2  res=   9.0949470177292824E-013  Ts(1,1,1)=   799.99500002499963       Ts(nx-1,ny-1,1)=   359.72744912491487     
   GS iter           3  res=   9.0949470177292824E-013  Ts(1,1,1)=   799.99500002499974       Ts(nx-1,ny-1,1)=   359.72744912491476     
   GS iter           4  res=   1.1368683772161603E-012  Ts(1,1,1)=   799.99500002499963       Ts(nx-1,ny-1,1)=   359.72744912491487     
   GS iter           5  res=   1.1368683772161603E-012  Ts(1,1,1)=   799.99500002499974       Ts(nx-1,ny-1,1)=   359.72744912491476     
 Solid solver Block           2  GS iterations:         100  final res:   1.1368683772161603E-012
   DBG: Ts(1,1,1)=   799.99500002499963       Ts(nx/2,ny/2,1)=   798.12501724812796       Ts(nx-1,ny-1,1)=   359.72744912491481     
 --------------Force and Moment -----------------------------
 Total Force Coefficient (CL, CD, CS) =
  -7.2073792866630526E-006   1.3609199120505564        5.9040443764554190E-022
 Total Moment Coefficient(CMx, CMy, CMz)=
  0.34022997801263927       -1.8018448216449314E-006 -0.67677212059722325     
 Kstep, t=         368   368.00000000000000     
 ----------The Max Residuals are--------  ---Mesh---           1
    0.7143964913E-02    0.3463420740E-02    0.4650191522E-02    0.1220272493E-18    0.1007522800E-01
   The R.M.S Residuals are 
    0.4522007742E-03    0.9294905249E-04    0.2105158295E-03    0.7305377270E-20    0.5198882830E-03
 CPU wall time in this step:   3.1092806000000195E-002
 Averaged CPU wall time is:   3.5335743815217389E-002
   GS iter           1  res=   6.8212102632969618E-013  Ts(1,1,1)=   799.99500002499974       Ts(nx-1,ny-1,1)=   359.72744912491481     
   GS iter           2  res=   9.0949470177292824E-013  Ts(1,1,1)=   799.99500002499963       Ts(nx-1,ny-1,1)=   359.72744912491493     
   GS iter           3  res=   1.0231815394945443E-012  Ts(1,1,1)=   799.99500002499974       Ts(nx-1,ny-1,1)=   359.72744912491476     
   GS iter           4  res=   9.0949470177292824E-013  Ts(1,1,1)=   799.99500002499963       Ts(nx-1,ny-1,1)=   359.72744912491487     
   GS iter           5  res=   9.0949470177292824E-013  Ts(1,1,1)=   799.99500002499974       Ts(nx-1,ny-1,1)=   359.72744912491487     
 Solid solver Block           2  GS iterations:         100  final res:   1.0231815394945443E-012
   DBG: Ts(1,1,1)=   799.99500002499963       Ts(nx/2,ny/2,1)=   798.12501724812796       Ts(nx-1,ny-1,1)=   359.72744912491487     
 --------------Force and Moment -----------------------------
 Total Force Coefficient (CL, CD, CS) =
  -7.2286369469300198E-006   1.3609125198830565        5.8972613049651537E-022
 Total Moment Coefficient(CMx, CMy, CMz)=
  0.34022812997076390       -1.8071592367116732E-006 -0.67680065514219989     
 Kstep, t=         369   369.00000000000000     
 ----------The Max Residuals are--------  ---Mesh---           1
    0.7011792484E-02    0.3352819837E-02    0.3981333294E-02    0.9485388714E-19    0.9129945933E-02
   The R.M.S Residuals are 
    0.4814830032E-03    0.9389469708E-04    0.2436405412E-03    0.7298449064E-20    0.5566434563E-03
 CPU wall time in this step:   4.0660280000000881E-002
 Averaged CPU wall time is:   3.5350173452574525E-002
   GS iter           1  res=   1.0231815394945443E-012  Ts(1,1,1)=   799.99500002499974       Ts(nx-1,ny-1,1)=   359.72744912491476     
   GS iter           2  res=   1.0231815394945443E-012  Ts(1,1,1)=   799.99500002499963       Ts(nx-1,ny-1,1)=   359.72744912491487     
   GS iter           3  res=   1.2505552149377763E-012  Ts(1,1,1)=   799.99500002499974       Ts(nx-1,ny-1,1)=   359.72744912491476     
   GS iter           4  res=   1.3642420526593924E-012  Ts(1,1,1)=   799.99500002499963       Ts(nx-1,ny-1,1)=   359.72744912491487     
   GS iter           5  res=   1.1368683772161603E-012  Ts(1,1,1)=   799.99500002499974       Ts(nx-1,ny-1,1)=   359.72744912491476     
 Solid solver Block           2  GS iterations:         100  final res:   1.0231815394945443E-012
   DBG: Ts(1,1,1)=   799.99500002499963       Ts(nx/2,ny/2,1)=   798.12501724812796       Ts(nx-1,ny-1,1)=   359.72744912491487     
 --------------Force and Moment -----------------------------
 Total Force Coefficient (CL, CD, CS) =
  -7.2498010144141221E-006   1.3609036329486266        5.9279535458074756E-022
 Total Moment Coefficient(CMx, CMy, CMz)=
  0.34022590823715665       -1.8124502535826978E-006 -0.67682932957646014     
 Kstep, t=         370   370.00000000000000     
 ----------The Max Residuals are--------  ---Mesh---           1
    0.7231533689E-02    0.2954221703E-02    0.4892526886E-02    0.1084381774E-18    0.1041995582E-01
   The R.M.S Residuals are 
    0.4818947722E-03    0.9272412577E-04    0.2637337600E-03    0.7510165936E-20    0.5696722572E-03
 CPU wall time in this step:   3.1862904999998776E-002
 Averaged CPU wall time is:   3.5340748402702703E-002
   GS iter           1  res=   9.0949470177292824E-013  Ts(1,1,1)=   799.99500002499974       Ts(nx-1,ny-1,1)=   359.72744912491464     
   GS iter           2  res=   1.0231815394945443E-012  Ts(1,1,1)=   799.99500002499963       Ts(nx-1,ny-1,1)=   359.72744912491498     
   GS iter           3  res=   1.1368683772161603E-012  Ts(1,1,1)=   799.99500002499974       Ts(nx-1,ny-1,1)=   359.72744912491493     
   GS iter           4  res=   1.0231815394945443E-012  Ts(1,1,1)=   799.99500002499963       Ts(nx-1,ny-1,1)=   359.72744912491476     
   GS iter           5  res=   9.0949470177292824E-013  Ts(1,1,1)=   799.99500002499974       Ts(nx-1,ny-1,1)=   359.72744912491487     
 Solid solver Block           2  GS iterations:         100  final res:   9.0949470177292824E-013
   DBG: Ts(1,1,1)=   799.99500002499963       Ts(nx/2,ny/2,1)=   798.12501724812796       Ts(nx-1,ny-1,1)=   359.72744912491476     
 --------------Force and Moment -----------------------------
 Total Force Coefficient (CL, CD, CS) =
  -7.2708687914748044E-006   1.3608932166699514        5.9695922802676497E-022
 Total Moment Coefficient(CMx, CMy, CMz)=
  0.34022330416748797       -1.8177171978478685E-006 -0.67685815444921904     
 Kstep, t=         371   371.00000000000000     
 ----------The Max Residuals are--------  ---Mesh---           1
    0.7087606008E-02    0.3358281321E-02    0.4707210809E-02    0.1084534004E-18    0.1033851463E-01
   The R.M.S Residuals are 
    0.4600720419E-03    0.9338204975E-04    0.2430606808E-03    0.8012508375E-20    0.5432891386E-03
 CPU wall time in this step:   4.2123609000000783E-002
 Averaged CPU wall time is:   3.5359031045822102E-002
   GS iter           1  res=   1.0231815394945443E-012  Ts(1,1,1)=   799.99500002499974       Ts(nx-1,ny-1,1)=   359.72744912491487     
   GS iter           2  res=   1.0231815394945443E-012  Ts(1,1,1)=   799.99500002499963       Ts(nx-1,ny-1,1)=   359.72744912491476     
   GS iter           3  res=   1.1368683772161603E-012  Ts(1,1,1)=   799.99500002499974       Ts(nx-1,ny-1,1)=   359.72744912491487     
   GS iter           4  res=   1.0231815394945443E-012  Ts(1,1,1)=   799.99500002499963       Ts(nx-1,ny-1,1)=   359.72744912491487     
   GS iter           5  res=   1.2505552149377763E-012  Ts(1,1,1)=   799.99500002499974       Ts(nx-1,ny-1,1)=   359.72744912491476     
 Solid solver Block           2  GS iterations:         100  final res:   9.0949470177292824E-013
   DBG: Ts(1,1,1)=   799.99500002499963       Ts(nx/2,ny/2,1)=   798.12501724812796       Ts(nx-1,ny-1,1)=   359.72744912491476     
 --------------Force and Moment -----------------------------
 Total Force Coefficient (CL, CD, CS) =
  -7.2918373654604227E-006   1.3608812352781614        6.0241441212826340E-022
 Total Moment Coefficient(CMx, CMy, CMz)=
  0.34022030881954052       -1.8229593413442727E-006 -0.67688714035597342     
 Kstep, t=         372   372.00000000000000     
 ----------The Max Residuals are--------  ---Mesh---           1
    0.6849929112E-02    0.3430149514E-02    0.4596157148E-02    0.1084377794E-18    0.9566178543E-02
   The R.M.S Residuals are 
    0.4597347481E-03    0.9575394520E-04    0.2275657157E-03    0.7634519433E-20    0.5360374253E-03
 CPU wall time in this step:   3.3420590000000416E-002
 Averaged CPU wall time is:   3.5353820182795703E-002
   GS iter           1  res=   1.1368683772161603E-012  Ts(1,1,1)=   799.99500002499974       Ts(nx-1,ny-1,1)=   359.72744912491487     
   GS iter           2  res=   9.0949470177292824E-013  Ts(1,1,1)=   799.99500002499963       Ts(nx-1,ny-1,1)=   359.72744912491510     
   GS iter           3  res=   1.2505552149377763E-012  Ts(1,1,1)=   799.99500002499974       Ts(nx-1,ny-1,1)=   359.72744912491487     
   GS iter           4  res=   9.0949470177292824E-013  Ts(1,1,1)=   799.99500002499963       Ts(nx-1,ny-1,1)=   359.72744912491498     
   GS iter           5  res=   9.0949470177292824E-013  Ts(1,1,1)=   799.99500002499974       Ts(nx-1,ny-1,1)=   359.72744912491493     
 Solid solver Block           2  GS iterations:         100  final res:   9.0949470177292824E-013
   DBG: Ts(1,1,1)=   799.99500002499963       Ts(nx/2,ny/2,1)=   798.12501724812796       Ts(nx-1,ny-1,1)=   359.72744912491470     
 --------------Force and Moment -----------------------------
 Total Force Coefficient (CL, CD, CS) =
  -7.3127036098390896E-006   1.3608676518575429        5.9817195975112622E-022
 Total Moment Coefficient(CMx, CMy, CMz)=
  0.34021691296438583       -1.8281759024389375E-006 -0.67691629803305209     
 Kstep, t=         373   373.00000000000000     
 ----------The Max Residuals are--------  ---Mesh---           1
    0.7381529158E-02    0.3360895771E-02    0.4925640574E-02    0.1219740887E-18    0.1065937957E-01
   The R.M.S Residuals are 
    0.4715435740E-03    0.9795896594E-04    0.2399785159E-03    0.7825794522E-20    0.5501357506E-03
 CPU wall time in this step:   3.1002689999999333E-002
 Averaged CPU wall time is:   3.5342154954423589E-002
   GS iter           1  res=   9.0949470177292824E-013  Ts(1,1,1)=   799.99500002499974       Ts(nx-1,ny-1,1)=   359.72744912491476     
   GS iter           2  res=   1.0231815394945443E-012  Ts(1,1,1)=   799.99500002499963       Ts(nx-1,ny-1,1)=   359.72744912491510     
   GS iter           3  res=   1.0231815394945443E-012  Ts(1,1,1)=   799.99500002499974       Ts(nx-1,ny-1,1)=   359.72744912491487     
   GS iter           4  res=   7.9580786405131221E-013  Ts(1,1,1)=   799.99500002499963       Ts(nx-1,ny-1,1)=   359.72744912491464     
   GS iter           5  res=   1.1368683772161603E-012  Ts(1,1,1)=   799.99500002499974       Ts(nx-1,ny-1,1)=   359.72744912491498     
 Solid solver Block           2  GS iterations:         100  final res:   1.2505552149377763E-012
   DBG: Ts(1,1,1)=   799.99500002499963       Ts(nx/2,ny/2,1)=   798.12501724812796       Ts(nx-1,ny-1,1)=   359.72744912491487     
 --------------Force and Moment -----------------------------
 Total Force Coefficient (CL, CD, CS) =
  -7.3334641842225654E-006   1.3608524284196382        5.9998263128984429E-022
 Total Moment Coefficient(CMx, CMy, CMz)=
  0.34021310710490937       -1.8333660460348090E-006 -0.67694563846186551     
 Kstep, t=         374   374.00000000000000     
 ----------The Max Residuals are--------  ---Mesh---           1
    0.7392613424E-02    0.3375325010E-02    0.4603439576E-02    0.1219512620E-18    0.1033768037E-01
   The R.M.S Residuals are 
    0.4703760236E-03    0.9784744927E-04    0.2514467192E-03    0.8231069657E-20    0.5529011944E-03
 CPU wall time in this step:   2.9348433000000895E-002
 Averaged CPU wall time is:   3.5326128959893052E-002
   GS iter           1  res=   1.1368683772161603E-012  Ts(1,1,1)=   799.99500002499974       Ts(nx-1,ny-1,1)=   359.72744912491476     
   GS iter           2  res=   9.0949470177292824E-013  Ts(1,1,1)=   799.99500002499963       Ts(nx-1,ny-1,1)=   359.72744912491487     
   GS iter           3  res=   7.9580786405131221E-013  Ts(1,1,1)=   799.99500002499974       Ts(nx-1,ny-1,1)=   359.72744912491487     
   GS iter           4  res=   6.8212102632969618E-013  Ts(1,1,1)=   799.99500002499963       Ts(nx-1,ny-1,1)=   359.72744912491476     
   GS iter           5  res=   7.9580786405131221E-013  Ts(1,1,1)=   799.99500002499974       Ts(nx-1,ny-1,1)=   359.72744912491487     
 Solid solver Block           2  GS iterations:         100  final res:   9.0949470177292824E-013
   DBG: Ts(1,1,1)=   799.99500002499963       Ts(nx/2,ny/2,1)=   798.12501724812796       Ts(nx-1,ny-1,1)=   359.72744912491487     
 --------------Force and Moment -----------------------------
 Total Force Coefficient (CL, CD, CS) =
  -7.3541155338413103E-006   1.3608355259895435        6.0788687725710249E-022
 Total Moment Coefficient(CMx, CMy, CMz)=
  0.34020888149738593       -1.8385288834394957E-006 -0.67697517297034471     
 Kstep, t=         375   375.00000000000000     
 ----------The Max Residuals are--------  ---Mesh---           1
    0.7264550493E-02    0.3352357658E-02    0.4860604702E-02    0.1491153370E-18    0.1034441963E-01
   The R.M.S Residuals are 
    0.4587755224E-03    0.9777657680E-04    0.2311047905E-03    0.8426898527E-20    0.5382015241E-03
 CPU wall time in this step:   3.0938965999999013E-002
 Averaged CPU wall time is:   3.5314429858666667E-002
   GS iter           1  res=   1.0231815394945443E-012  Ts(1,1,1)=   799.99500002499974       Ts(nx-1,ny-1,1)=   359.72744912491476     
   GS iter           2  res=   9.0949470177292824E-013  Ts(1,1,1)=   799.99500002499963       Ts(nx-1,ny-1,1)=   359.72744912491487     
   GS iter           3  res=   9.0949470177292824E-013  Ts(1,1,1)=   799.99500002499974       Ts(nx-1,ny-1,1)=   359.72744912491487     
   GS iter           4  res=   1.1368683772161603E-012  Ts(1,1,1)=   799.99500002499963       Ts(nx-1,ny-1,1)=   359.72744912491464     
   GS iter           5  res=   9.0949470177292824E-013  Ts(1,1,1)=   799.99500002499974       Ts(nx-1,ny-1,1)=   359.72744912491498     
 Solid solver Block           2  GS iterations:         100  final res:   7.9580786405131221E-013
   DBG: Ts(1,1,1)=   799.99500002499963       Ts(nx/2,ny/2,1)=   798.12501724812796       Ts(nx-1,ny-1,1)=   359.72744912491476     
 --------------Force and Moment -----------------------------
 Total Force Coefficient (CL, CD, CS) =
  -7.3746538891400457E-006   1.3608169046832406        6.1451655908353401E-022
 Total Moment Coefficient(CMx, CMy, CMz)=
  0.34020422617081009       -1.8436634722641808E-006 -0.67700491331684476     
 Kstep, t=         376   376.00000000000000     
 ----------The Max Residuals are--------  ---Mesh---           1
    0.7563151130E-02    0.3237271876E-02    0.4794300920E-02    0.1355238846E-18    0.1057238013E-01
   The R.M.S Residuals are 
    0.4644951751E-03    0.9904775903E-04    0.2260707628E-03    0.7870710528E-20    0.5365646112E-03
 CPU wall time in this step:   3.0868355000000847E-002
 Averaged CPU wall time is:   3.5302605191489360E-002
   GS iter           1  res=   1.1368683772161603E-012  Ts(1,1,1)=   799.99500002499974       Ts(nx-1,ny-1,1)=   359.72744912491487     
   GS iter           2  res=   1.2505552149377763E-012  Ts(1,1,1)=   799.99500002499963       Ts(nx-1,ny-1,1)=   359.72744912491464     
   GS iter           3  res=   7.9580786405131221E-013  Ts(1,1,1)=   799.99500002499974       Ts(nx-1,ny-1,1)=   359.72744912491498     
   GS iter           4  res=   9.0949470177292824E-013  Ts(1,1,1)=   799.99500002499963       Ts(nx-1,ny-1,1)=   359.72744912491493     
   GS iter           5  res=   9.0949470177292824E-013  Ts(1,1,1)=   799.99500002499974       Ts(nx-1,ny-1,1)=   359.72744912491476     
 Solid solver Block           2  GS iterations:         100  final res:   1.0231815394945443E-012
   DBG: Ts(1,1,1)=   799.99500002499963       Ts(nx/2,ny/2,1)=   798.12501724812796       Ts(nx-1,ny-1,1)=   359.72744912491487     
 --------------Force and Moment -----------------------------
 Total Force Coefficient (CL, CD, CS) =
  -7.3950752661848594E-006   1.3607965237532782        6.1805836147750818E-022
 Total Moment Coefficient(CMx, CMy, CMz)=
  0.34019913093831933       -1.8487688165253844E-006 -0.67703487174109145     
 Kstep, t=         377   377.00000000000000     
 ----------The Max Residuals are--------  ---Mesh---           1
    0.7270015821E-02    0.3404613862E-02    0.4497782378E-02    0.1084717224E-18    0.9809272985E-02
   The R.M.S Residuals are 
    0.4818195487E-03    0.1002873471E-03    0.2467433904E-03    0.7678615802E-20    0.5628234288E-03
 CPU wall time in this step:   3.0714252999999303E-002
 Averaged CPU wall time is:   3.5290434496021220E-002
   GS iter           1  res=   9.0949470177292824E-013  Ts(1,1,1)=   799.99500002499974       Ts(nx-1,ny-1,1)=   359.72744912491476     
   GS iter           2  res=   9.0949470177292824E-013  Ts(1,1,1)=   799.99500002499963       Ts(nx-1,ny-1,1)=   359.72744912491487     
   GS iter           3  res=   1.2505552149377763E-012  Ts(1,1,1)=   799.99500002499974       Ts(nx-1,ny-1,1)=   359.72744912491476     
   GS iter           4  res=   1.3642420526593924E-012  Ts(1,1,1)=   799.99500002499963       Ts(nx-1,ny-1,1)=   359.72744912491487     
   GS iter           5  res=   1.1368683772161603E-012  Ts(1,1,1)=   799.99500002499974       Ts(nx-1,ny-1,1)=   359.72744912491487     
 Solid solver Block           2  GS iterations:         100  final res:   1.1368683772161603E-012
   DBG: Ts(1,1,1)=   799.99500002499963       Ts(nx/2,ny/2,1)=   798.12501724812796       Ts(nx-1,ny-1,1)=   359.72744912491487     
 --------------Force and Moment -----------------------------
 Total Force Coefficient (CL, CD, CS) =
  -7.4153754685940874E-006   1.3607743415812426        6.2339207924941060E-022
 Total Moment Coefficient(CMx, CMy, CMz)=
  0.34019358539531069       -1.8538438671276906E-006 -0.67706506096785979     
 Kstep, t=         378   378.00000000000000     
 ----------The Max Residuals are--------  ---Mesh---           1
    0.7531079258E-02    0.3283137359E-02    0.4810188358E-02    0.1084650127E-18    0.1051270279E-01
   The R.M.S Residuals are 
    0.4742341809E-03    0.1015498361E-03    0.2584125152E-03    0.7952966808E-20    0.5619010664E-03
 CPU wall time in this step:   3.3637586999999414E-002
 Averaged CPU wall time is:   3.5286061883597883E-002
   GS iter           1  res=   1.4779288903810084E-012  Ts(1,1,1)=   799.99500002499974       Ts(nx-1,ny-1,1)=   359.72744912491476     
   GS iter           2  res=   1.1368683772161603E-012  Ts(1,1,1)=   799.99500002499963       Ts(nx-1,ny-1,1)=   359.72744912491487     
   GS iter           3  res=   1.0231815394945443E-012  Ts(1,1,1)=   799.99500002499974       Ts(nx-1,ny-1,1)=   359.72744912491476     
   GS iter           4  res=   9.0949470177292824E-013  Ts(1,1,1)=   799.99500002499963       Ts(nx-1,ny-1,1)=   359.72744912491487     
   GS iter           5  res=   1.1368683772161603E-012  Ts(1,1,1)=   799.99500002499974       Ts(nx-1,ny-1,1)=   359.72744912491476     
 Solid solver Block           2  GS iterations:         100  final res:   1.3642420526593924E-012
   DBG: Ts(1,1,1)=   799.99500002499963       Ts(nx/2,ny/2,1)=   798.12501724812796       Ts(nx-1,ny-1,1)=   359.72744912491487     
 --------------Force and Moment -----------------------------
 Total Force Coefficient (CL, CD, CS) =
  -7.4355500911957026E-006   1.3607503156025831        6.2673533871681583E-022
 Total Moment Coefficient(CMx, CMy, CMz)=
  0.34018757890064566       -1.8588875227780965E-006 -0.67709549415359993     
 Kstep, t=         379   379.00000000000000     
 ----------The Max Residuals are--------  ---Mesh---           1
    0.7397127325E-02    0.3281815449E-02    0.4604766106E-02    0.1355566491E-18    0.9944246984E-02
   The R.M.S Residuals are 
    0.4508054109E-03    0.1023807887E-03    0.2360091858E-03    0.8555121322E-20    0.5341647202E-03
 CPU wall time in this step:   3.0520493000000926E-002
 Averaged CPU wall time is:   3.5273487823218999E-002
   GS iter           1  res=   1.3642420526593924E-012  Ts(1,1,1)=   799.99500002499974       Ts(nx-1,ny-1,1)=   359.72744912491476     
   GS iter           2  res=   1.0231815394945443E-012  Ts(1,1,1)=   799.99500002499963       Ts(nx-1,ny-1,1)=   359.72744912491487     
   GS iter           3  res=   7.9580786405131221E-013  Ts(1,1,1)=   799.99500002499974       Ts(nx-1,ny-1,1)=   359.72744912491487     
   GS iter           4  res=   9.0949470177292824E-013  Ts(1,1,1)=   799.99500002499963       Ts(nx-1,ny-1,1)=   359.72744912491476     
   GS iter           5  res=   1.0231815394945443E-012  Ts(1,1,1)=   799.99500002499974       Ts(nx-1,ny-1,1)=   359.72744912491487     
 Solid solver Block           2  GS iterations:         100  final res:   1.2505552149377763E-012
   DBG: Ts(1,1,1)=   799.99500002499963       Ts(nx/2,ny/2,1)=   798.12501724812796       Ts(nx-1,ny-1,1)=   359.72744912491504     
 --------------Force and Moment -----------------------------
 Total Force Coefficient (CL, CD, CS) =
  -7.4555945260961315E-006   1.3607244021635405        6.2516938573692328E-022
 Total Moment Coefficient(CMx, CMy, CMz)=
  0.34018110054088496       -1.8638986315032037E-006 -0.67712618477485675     
 Kstep, t=         380   380.00000000000000     
 ----------The Max Residuals are--------  ---Mesh---           1
    0.7238256722E-02    0.3250503915E-02    0.4783546686E-02    0.1355490165E-18    0.1035072977E-01
   The R.M.S Residuals are 
    0.4470288248E-03    0.1023841774E-03    0.2067120113E-03    0.8073094297E-20    0.5150670475E-03
 CPU wall time in this step:   3.2271413000000138E-002
 Averaged CPU wall time is:   3.5265587626315792E-002
   GS iter           1  res=   9.0949470177292824E-013  Ts(1,1,1)=   799.99500002499974       Ts(nx-1,ny-1,1)=   359.72744912491498     
   GS iter           2  res=   1.0231815394945443E-012  Ts(1,1,1)=   799.99500002499963       Ts(nx-1,ny-1,1)=   359.72744912491470     
   GS iter           3  res=   7.9580786405131221E-013  Ts(1,1,1)=   799.99500002499974       Ts(nx-1,ny-1,1)=   359.72744912491487     
   GS iter           4  res=   1.1368683772161603E-012  Ts(1,1,1)=   799.99500002499963       Ts(nx-1,ny-1,1)=   359.72744912491464     
   GS iter           5  res=   1.0231815394945443E-012  Ts(1,1,1)=   799.99500002499974       Ts(nx-1,ny-1,1)=   359.72744912491476     
 Solid solver Block           2  GS iterations:         100  final res:   1.0231815394945443E-012
   DBG: Ts(1,1,1)=   799.99500002499963       Ts(nx/2,ny/2,1)=   798.12501724812796       Ts(nx-1,ny-1,1)=   359.72744912491487     
 --------------Force and Moment -----------------------------
 Total Force Coefficient (CL, CD, CS) =
  -7.4755039714501387E-006   1.3606965563303661        6.2796736361294142E-022
 Total Moment Coefficient(CMx, CMy, CMz)=
  0.34017413908259153       -1.8688759928417055E-006 -0.67715714646989877     
 Kstep, t=         381   381.00000000000000     
 ----------The Max Residuals are--------  ---Mesh---           1
    0.7532753343E-02    0.3368761028E-02    0.4470958393E-02    0.1084114325E-18    0.1011244012E-01
   The R.M.S Residuals are 
    0.4751602369E-03    0.1026245193E-03    0.2235964521E-03    0.7757192919E-20    0.5453409203E-03
 CPU wall time in this step:   3.1814762999999857E-002
 Averaged CPU wall time is:   3.5256530343832020E-002
   GS iter           1  res=   1.0231815394945443E-012  Ts(1,1,1)=   799.99500002499974       Ts(nx-1,ny-1,1)=   359.72744912491498     
   GS iter           2  res=   9.0949470177292824E-013  Ts(1,1,1)=   799.99500002499963       Ts(nx-1,ny-1,1)=   359.72744912491493     
   GS iter           3  res=   1.0231815394945443E-012  Ts(1,1,1)=   799.99500002499974       Ts(nx-1,ny-1,1)=   359.72744912491464     
   GS iter           4  res=   1.0231815394945443E-012  Ts(1,1,1)=   799.99500002499963       Ts(nx-1,ny-1,1)=   359.72744912491498     
   GS iter           5  res=   1.0231815394945443E-012  Ts(1,1,1)=   799.99500002499974       Ts(nx-1,ny-1,1)=   359.72744912491493     
 Solid solver Block           2  GS iterations:         100  final res:   1.0231815394945443E-012
   DBG: Ts(1,1,1)=   799.99500002499963       Ts(nx/2,ny/2,1)=   798.12501724812796       Ts(nx-1,ny-1,1)=   359.72744912491487     
 --------------Force and Moment -----------------------------
 Total Force Coefficient (CL, CD, CS) =
  -7.4952734430446424E-006   1.3606667317004040        6.2585871280798196E-022
 Total Moment Coefficient(CMx, CMy, CMz)=
  0.34016668292510094       -1.8738183607403338E-006 -0.67718839286149057     
 Kstep, t=         382   382.00000000000000     
 ----------The Max Residuals are--------  ---Mesh---           1
    0.7100299201E-02    0.3222093716E-02    0.4955850194E-02    0.1084274292E-18    0.1062817979E-01
   The R.M.S Residuals are 
    0.4904164044E-03    0.1036705202E-03    0.2588141103E-03    0.8369666523E-20    0.5736302132E-03
 CPU wall time in this step:   3.8874232999999592E-002
 Averaged CPU wall time is:   3.5266000769633508E-002
   GS iter           1  res=   1.2505552149377763E-012  Ts(1,1,1)=   799.99500002499974       Ts(nx-1,ny-1,1)=   359.72744912491487     
   GS iter           2  res=   1.1368683772161603E-012  Ts(1,1,1)=   799.99500002499963       Ts(nx-1,ny-1,1)=   359.72744912491476     
   GS iter           3  res=   1.3642420526593924E-012  Ts(1,1,1)=   799.99500002499974       Ts(nx-1,ny-1,1)=   359.72744912491487     
   GS iter           4  res=   1.0231815394945443E-012  Ts(1,1,1)=   799.99500002499963       Ts(nx-1,ny-1,1)=   359.72744912491476     
   GS iter           5  res=   1.0231815394945443E-012  Ts(1,1,1)=   799.99500002499974       Ts(nx-1,ny-1,1)=   359.72744912491487     
 Solid solver Block           2  GS iterations:         100  final res:   1.0231815394945443E-012
   DBG: Ts(1,1,1)=   799.99500002499963       Ts(nx/2,ny/2,1)=   798.12501724812796       Ts(nx-1,ny-1,1)=   359.72744912491487     
 --------------Force and Moment -----------------------------
 Total Force Coefficient (CL, CD, CS) =
  -7.5148977883242534E-006   1.3606348803377566        6.2906663524259338E-022
 Total Moment Coefficient(CMx, CMy, CMz)=
  0.34015872008443909       -1.8787244470602354E-006 -0.67721993742809916     
 Kstep, t=         383   383.00000000000000     
 ----------The Max Residuals are--------  ---Mesh---           1
    0.7540570345E-02    0.3272612189E-02    0.4670746546E-02    0.1626408488E-18    0.1029496044E-01
   The R.M.S Residuals are 
    0.4720299050E-03    0.1045657776E-03    0.2607688621E-03    0.8882860907E-20    0.5631850726E-03
 CPU wall time in this step:   3.2355660000000341E-002
 Averaged CPU wall time is:   3.5258401968668411E-002
   GS iter           1  res=   9.0949470177292824E-013  Ts(1,1,1)=   799.99500002499974       Ts(nx-1,ny-1,1)=   359.72744912491464     
   GS iter           2  res=   9.0949470177292824E-013  Ts(1,1,1)=   799.99500002499963       Ts(nx-1,ny-1,1)=   359.72744912491498     
   GS iter           3  res=   1.1368683772161603E-012  Ts(1,1,1)=   799.99500002499974       Ts(nx-1,ny-1,1)=   359.72744912491493     
   GS iter           4  res=   1.1368683772161603E-012  Ts(1,1,1)=   799.99500002499963       Ts(nx-1,ny-1,1)=   359.72744912491464     
   GS iter           5  res=   1.0231815394945443E-012  Ts(1,1,1)=   799.99500002499974       Ts(nx-1,ny-1,1)=   359.72744912491498     
 Solid solver Block           2  GS iterations:         100  final res:   1.0231815394945443E-012
   DBG: Ts(1,1,1)=   799.99500002499963       Ts(nx/2,ny/2,1)=   798.12501724812796       Ts(nx-1,ny-1,1)=   359.72744912491464     
 --------------Force and Moment -----------------------------
 Total Force Coefficient (CL, CD, CS) =
  -7.5343714894026672E-006   1.3606009526770155        6.2999065878574556E-022
 Total Moment Coefficient(CMx, CMy, CMz)=
  0.34015023816925377       -1.8835928723298376E-006 -0.67725179335111507     
 Kstep, t=         384   384.00000000000000     
 ----------The Max Residuals are--------  ---Mesh---           1
    0.6969706757E-02    0.3096352838E-02    0.4768787071E-02    0.1897580499E-18    0.1028834100E-01
   The R.M.S Residuals are 
    0.4422326440E-03    0.1059493767E-03    0.2233712218E-03    0.8643435580E-20    0.5233948774E-03
 CPU wall time in this step:   3.5510289999999500E-002
 Averaged CPU wall time is:   3.5259057927083330E-002
   GS iter           1  res=   1.0231815394945443E-012  Ts(1,1,1)=   799.99500002499974       Ts(nx-1,ny-1,1)=   359.72744912491476     
   GS iter           2  res=   1.0231815394945443E-012  Ts(1,1,1)=   799.99500002499963       Ts(nx-1,ny-1,1)=   359.72744912491510     
   GS iter           3  res=   1.1368683772161603E-012  Ts(1,1,1)=   799.99500002499974       Ts(nx-1,ny-1,1)=   359.72744912491464     
   GS iter           4  res=   1.0231815394945443E-012  Ts(1,1,1)=   799.99500002499963       Ts(nx-1,ny-1,1)=   359.72744912491498     
   GS iter           5  res=   9.0949470177292824E-013  Ts(1,1,1)=   799.99500002499974       Ts(nx-1,ny-1,1)=   359.72744912491470     
 Solid solver Block           2  GS iterations:         100  final res:   9.0949470177292824E-013
   DBG: Ts(1,1,1)=   799.99500002499963       Ts(nx/2,ny/2,1)=   798.12501724812796       Ts(nx-1,ny-1,1)=   359.72744912491476     
 --------------Force and Moment -----------------------------
 Total Force Coefficient (CL, CD, CS) =
  -7.5536891113410030E-006   1.3605648975676010        6.3466082808148708E-022
 Total Moment Coefficient(CMx, CMy, CMz)=
  0.34014122439190020       -1.8884222778144233E-006 -0.67728397343191249     
 Kstep, t=         385   385.00000000000000     
 ----------The Max Residuals are--------  ---Mesh---           1
    0.7457810300E-02    0.3113147135E-02    0.4862395732E-02    0.1220110643E-18    0.1048189453E-01
   The R.M.S Residuals are 
    0.4467686858E-03    0.1058782969E-03    0.2033179765E-03    0.8639980510E-20    0.5122450351E-03
 CPU wall time in this step:   3.9466003000001137E-002
 Averaged CPU wall time is:   3.5269985057142857E-002
   GS iter           1  res=   7.9580786405131221E-013  Ts(1,1,1)=   799.99500002499974       Ts(nx-1,ny-1,1)=   359.72744912491487     
   GS iter           2  res=   7.9580786405131221E-013  Ts(1,1,1)=   799.99500002499963       Ts(nx-1,ny-1,1)=   359.72744912491487     
   GS iter           3  res=   1.1368683772161603E-012  Ts(1,1,1)=   799.99500002499974       Ts(nx-1,ny-1,1)=   359.72744912491476     
   GS iter           4  res=   1.1368683772161603E-012  Ts(1,1,1)=   799.99500002499963       Ts(nx-1,ny-1,1)=   359.72744912491487     
   GS iter           5  res=   1.0231815394945443E-012  Ts(1,1,1)=   799.99500002499974       Ts(nx-1,ny-1,1)=   359.72744912491487     
 Solid solver Block           2  GS iterations:         100  final res:   1.2505552149377763E-012
   DBG: Ts(1,1,1)=   799.99500002499963       Ts(nx/2,ny/2,1)=   798.12501724812796       Ts(nx-1,ny-1,1)=   359.72744912491487     
 --------------Force and Moment -----------------------------
 Total Force Coefficient (CL, CD, CS) =
  -7.5728451408794747E-006   1.3605266620568697        6.3515629435711779E-022
 Total Moment Coefficient(CMx, CMy, CMz)=
  0.34013166551421731       -1.8932112851990418E-006 -0.67731648987984527     
 Kstep, t=         386   386.00000000000000     
 ----------The Max Residuals are--------  ---Mesh---           1
    0.7369587695E-02    0.3234394205E-02    0.4214136446E-02    0.1897479197E-18    0.9615504970E-02
   The R.M.S Residuals are 
    0.4762696995E-03    0.1064194186E-03    0.2258412850E-03    0.8706967232E-20    0.5478386808E-03
 CPU wall time in this step:   3.0695927999998318E-002
 Averaged CPU wall time is:   3.5258135168393781E-002
   GS iter           1  res=   1.1368683772161603E-012  Ts(1,1,1)=   799.99500002499974       Ts(nx-1,ny-1,1)=   359.72744912491476     
   GS iter           2  res=   1.1368683772161603E-012  Ts(1,1,1)=   799.99500002499963       Ts(nx-1,ny-1,1)=   359.72744912491487     
   GS iter           3  res=   1.0231815394945443E-012  Ts(1,1,1)=   799.99500002499974       Ts(nx-1,ny-1,1)=   359.72744912491487     
   GS iter           4  res=   9.0949470177292824E-013  Ts(1,1,1)=   799.99500002499963       Ts(nx-1,ny-1,1)=   359.72744912491476     
   GS iter           5  res=   9.0949470177292824E-013  Ts(1,1,1)=   799.99500002499974       Ts(nx-1,ny-1,1)=   359.72744912491487     
 Solid solver Block           2  GS iterations:         100  final res:   9.0949470177292824E-013
   DBG: Ts(1,1,1)=   799.99500002499963       Ts(nx/2,ny/2,1)=   798.12501724812796       Ts(nx-1,ny-1,1)=   359.72744912491487     
 --------------Force and Moment -----------------------------
 Total Force Coefficient (CL, CD, CS) =
  -7.5918339721964582E-006   1.3604861904854879        6.4037332159181536E-022
 Total Moment Coefficient(CMx, CMy, CMz)=
  0.34012154762137198       -1.8979584930282894E-006 -0.67734935375857108     
 Kstep, t=         387   387.00000000000000     
 ----------The Max Residuals are--------  ---Mesh---           1
    0.7412923946E-02    0.3154666709E-02    0.5021482030E-02    0.1491031626E-18    0.1078607424E-01
   The R.M.S Residuals are 
    0.4850745265E-03    0.1058481734E-03    0.2543293707E-03    0.9002322529E-20    0.5665117221E-03
 CPU wall time in this step:   3.1493838000001162E-002
 Averaged CPU wall time is:   3.5248408302325583E-002
   GS iter           1  res=   7.9580786405131221E-013  Ts(1,1,1)=   799.99500002499974       Ts(nx-1,ny-1,1)=   359.72744912491487     
   GS iter           2  res=   1.0231815394945443E-012  Ts(1,1,1)=   799.99500002499963       Ts(nx-1,ny-1,1)=   359.72744912491476     
   GS iter           3  res=   9.0949470177292824E-013  Ts(1,1,1)=   799.99500002499974       Ts(nx-1,ny-1,1)=   359.72744912491487     
   GS iter           4  res=   1.0231815394945443E-012  Ts(1,1,1)=   799.99500002499963       Ts(nx-1,ny-1,1)=   359.72744912491476     
   GS iter           5  res=   1.2505552149377763E-012  Ts(1,1,1)=   799.99500002499974       Ts(nx-1,ny-1,1)=   359.72744912491487     
 Solid solver Block           2  GS iterations:         100  final res:   1.1368683772161603E-012
   DBG: Ts(1,1,1)=   799.99500002499963       Ts(nx/2,ny/2,1)=   798.12501724812796       Ts(nx-1,ny-1,1)=   359.72744912491487     
 --------------Force and Moment -----------------------------
 Total Force Coefficient (CL, CD, CS) =
  -7.6106498853977269E-006   1.3604434228164330        6.4608453826067955E-022
 Total Moment Coefficient(CMx, CMy, CMz)=
  0.34011085570410843       -1.9026624713286051E-006 -0.67738257405738256     
 Kstep, t=         388   388.00000000000000     
 ----------The Max Residuals are--------  ---Mesh---           1
    0.7524439135E-02    0.3190489412E-02    0.4601944201E-02    0.1355425797E-18    0.1015757874E-01
   The R.M.S Residuals are 
    0.4679727105E-03    0.1070272288E-03    0.2495195532E-03    0.8353257730E-20    0.5546055108E-03
 CPU wall time in this step:   3.3618197999999211E-002
 Averaged CPU wall time is:   3.5244206729381444E-002
   GS iter           1  res=   1.0231815394945443E-012  Ts(1,1,1)=   799.99500002499974       Ts(nx-1,ny-1,1)=   359.72744912491464     
   GS iter           2  res=   9.0949470177292824E-013  Ts(1,1,1)=   799.99500002499963       Ts(nx-1,ny-1,1)=   359.72744912491487     
   GS iter           3  res=   9.0949470177292824E-013  Ts(1,1,1)=   799.99500002499974       Ts(nx-1,ny-1,1)=   359.72744912491487     
   GS iter           4  res=   1.0231815394945443E-012  Ts(1,1,1)=   799.99500002499963       Ts(nx-1,ny-1,1)=   359.72744912491476     
   GS iter           5  res=   1.1368683772161603E-012  Ts(1,1,1)=   799.99500002499974       Ts(nx-1,ny-1,1)=   359.72744912491487     
 Solid solver Block           2  GS iterations:         100  final res:   7.9580786405131221E-013
   DBG: Ts(1,1,1)=   799.99500002499963       Ts(nx/2,ny/2,1)=   798.12501724812796       Ts(nx-1,ny-1,1)=   359.72744912491476     
 --------------Force and Moment -----------------------------
 Total Force Coefficient (CL, CD, CS) =
  -7.6292871035221292E-006   1.3603982925069820        6.4626990690964127E-022
 Total Moment Coefficient(CMx, CMy, CMz)=
  0.34009957312674527       -1.9073217758597097E-006 -0.67741615655566723     
 Kstep, t=         389   389.00000000000000     
 ----------The Max Residuals are--------  ---Mesh---           1
    0.7048207297E-02    0.2985244970E-02    0.4760431543E-02    0.1084345448E-18    0.1032033730E-01
   The R.M.S Residuals are 
    0.4488165841E-03    0.1083022987E-03    0.2220323225E-03    0.8614519264E-20    0.5262115040E-03
 CPU wall time in this step:   2.9408571000001160E-002
 Averaged CPU wall time is:   3.5229205095115686E-002
   GS iter           1  res=   7.9580786405131221E-013  Ts(1,1,1)=   799.99500002499974       Ts(nx-1,ny-1,1)=   359.72744912491487     
   GS iter           2  res=   1.0231815394945443E-012  Ts(1,1,1)=   799.99500002499963       Ts(nx-1,ny-1,1)=   359.72744912491487     
   GS iter           3  res=   1.2505552149377763E-012  Ts(1,1,1)=   799.99500002499974       Ts(nx-1,ny-1,1)=   359.72744912491487     
   GS iter           4  res=   9.0949470177292824E-013  Ts(1,1,1)=   799.99500002499963       Ts(nx-1,ny-1,1)=   359.72744912491487     
   GS iter           5  res=   1.0231815394945443E-012  Ts(1,1,1)=   799.99500002499974       Ts(nx-1,ny-1,1)=   359.72744912491476     
 Solid solver Block           2  GS iterations:         100  final res:   9.0949470177292824E-013
   DBG: Ts(1,1,1)=   799.99500002499963       Ts(nx/2,ny/2,1)=   798.12501724812796       Ts(nx-1,ny-1,1)=   359.72744912491476     
 --------------Force and Moment -----------------------------
 Total Force Coefficient (CL, CD, CS) =
  -7.6477398551493132E-006   1.3603507245967816        6.4780184263814213E-022
 Total Moment Coefficient(CMx, CMy, CMz)=
  0.34008768114919530       -1.9119349637665048E-006 -0.67745010283026319     
 Kstep, t=         390   390.00000000000000     
 ----------The Max Residuals are--------  ---Mesh---           1
    0.7567858600E-02    0.2934624887E-02    0.4649410828E-02    0.1084671462E-18    0.1023723977E-01
   The R.M.S Residuals are 
    0.4554523387E-03    0.1087349165E-03    0.2142973616E-03    0.8947681271E-20    0.5268635607E-03
 CPU wall time in this step:   2.9960351999999801E-002
 Averaged CPU wall time is:   3.5215695215384618E-002
   GS iter           1  res=   9.0949470177292824E-013  Ts(1,1,1)=   799.99500002499974       Ts(nx-1,ny-1,1)=   359.72744912491487     
   GS iter           2  res=   9.0949470177292824E-013  Ts(1,1,1)=   799.99500002499963       Ts(nx-1,ny-1,1)=   359.72744912491476     
   GS iter           3  res=   1.0231815394945443E-012  Ts(1,1,1)=   799.99500002499974       Ts(nx-1,ny-1,1)=   359.72744912491487     
   GS iter           4  res=   1.1368683772161603E-012  Ts(1,1,1)=   799.99500002499963       Ts(nx-1,ny-1,1)=   359.72744912491476     
   GS iter           5  res=   9.0949470177292824E-013  Ts(1,1,1)=   799.99500002499974       Ts(nx-1,ny-1,1)=   359.72744912491487     
 Solid solver Block           2  GS iterations:         100  final res:   1.0231815394945443E-012
   DBG: Ts(1,1,1)=   799.99500002499963       Ts(nx/2,ny/2,1)=   798.12501724812796       Ts(nx-1,ny-1,1)=   359.72744912491487     
 --------------Force and Moment -----------------------------
 Total Force Coefficient (CL, CD, CS) =
  -7.6660023790890005E-006   1.3603006340222614        6.5118730421582181E-022
 Total Moment Coefficient(CMx, CMy, CMz)=
  0.34007515850556547       -1.9165005947514271E-006 -0.67748440941299504     
 Kstep, t=         391   391.00000000000000     
 ----------The Max Residuals are--------  ---Mesh---           1
    0.7228585314E-02    0.3075738700E-02    0.4685615464E-02    0.1084604599E-18    0.1011306104E-01
   The R.M.S Residuals are 
    0.4705754340E-03    0.1092059954E-03    0.2315517080E-03    0.8250482347E-20    0.5451551705E-03
 CPU wall time in this step:   2.8589524999999227E-002
 Averaged CPU wall time is:   3.5198748488491048E-002
   GS iter           1  res=   1.2505552149377763E-012  Ts(1,1,1)=   799.99500002499974       Ts(nx-1,ny-1,1)=   359.72744912491498     
   GS iter           2  res=   9.0949470177292824E-013  Ts(1,1,1)=   799.99500002499963       Ts(nx-1,ny-1,1)=   359.72744912491493     
   GS iter           3  res=   1.0231815394945443E-012  Ts(1,1,1)=   799.99500002499974       Ts(nx-1,ny-1,1)=   359.72744912491498     
   GS iter           4  res=   1.2505552149377763E-012  Ts(1,1,1)=   799.99500002499963       Ts(nx-1,ny-1,1)=   359.72744912491493     
   GS iter           5  res=   1.3642420526593924E-012  Ts(1,1,1)=   799.99500002499974       Ts(nx-1,ny-1,1)=   359.72744912491498     
 Solid solver Block           2  GS iterations:         100  final res:   1.0231815394945443E-012
   DBG: Ts(1,1,1)=   799.99500002499963       Ts(nx/2,ny/2,1)=   798.12501724812796       Ts(nx-1,ny-1,1)=   359.72744912491476     
 --------------Force and Moment -----------------------------
 Total Force Coefficient (CL, CD, CS) =
  -7.6840689214965799E-006   1.3602479248088812        6.5573670179944711E-022
 Total Moment Coefficient(CMx, CMy, CMz)=
  0.34006198120222031       -1.9210172303533224E-006 -0.67751906743408119     
 Kstep, t=         392   392.00000000000000     
 ----------The Max Residuals are--------  ---Mesh---           1
    0.7533244648E-02    0.2995432610E-02    0.4954386493E-02    0.1626565414E-18    0.1069422018E-01
   The R.M.S Residuals are 
    0.4714917198E-03    0.1088966318E-03    0.2435740544E-03    0.8969060693E-20    0.5512933722E-03
 CPU wall time in this step:   2.9154596999999782E-002
 Averaged CPU wall time is:   3.5183329734693874E-002
   GS iter           1  res=   9.0949470177292824E-013  Ts(1,1,1)=   799.99500002499974       Ts(nx-1,ny-1,1)=   359.72744912491487     
   GS iter           2  res=   7.9580786405131221E-013  Ts(1,1,1)=   799.99500002499963       Ts(nx-1,ny-1,1)=   359.72744912491487     
   GS iter           3  res=   1.2505552149377763E-012  Ts(1,1,1)=   799.99500002499974       Ts(nx-1,ny-1,1)=   359.72744912491464     
   GS iter           4  res=   1.0231815394945443E-012  Ts(1,1,1)=   799.99500002499963       Ts(nx-1,ny-1,1)=   359.72744912491487     
   GS iter           5  res=   9.0949470177292824E-013  Ts(1,1,1)=   799.99500002499974       Ts(nx-1,ny-1,1)=   359.72744912491487     
 Solid solver Block           2  GS iterations:         100  final res:   7.9580786405131221E-013
   DBG: Ts(1,1,1)=   799.99500002499963       Ts(nx/2,ny/2,1)=   798.12501724812796       Ts(nx-1,ny-1,1)=   359.72744912491487     
 --------------Force and Moment -----------------------------
 Total Force Coefficient (CL, CD, CS) =
  -7.7019337273418743E-006   1.3601924918670665        6.6380498294024208E-022
 Total Moment Coefficient(CMx, CMy, CMz)=
  0.34004812296676645       -1.9254834318146472E-006 -0.67755406364137183     
 Kstep, t=         393   393.00000000000000     
 ----------The Max Residuals are--------  ---Mesh---           1
    0.7512565194E-02    0.2994594251E-02    0.4586967581E-02    0.1355213885E-18    0.1008548094E-01
   The R.M.S Residuals are 
    0.4589584622E-03    0.1088658025E-03    0.2301157343E-03    0.8861868290E-20    0.5378802707E-03
 CPU wall time in this step:   3.0195695999999828E-002
 Averaged CPU wall time is:   3.5170638554707374E-002
   GS iter           1  res=   1.1368683772161603E-012  Ts(1,1,1)=   799.99500002499974       Ts(nx-1,ny-1,1)=   359.72744912491464     
   GS iter           2  res=   1.0231815394945443E-012  Ts(1,1,1)=   799.99500002499963       Ts(nx-1,ny-1,1)=   359.72744912491487     
   GS iter           3  res=   1.0231815394945443E-012  Ts(1,1,1)=   799.99500002499974       Ts(nx-1,ny-1,1)=   359.72744912491487     
   GS iter           4  res=   7.9580786405131221E-013  Ts(1,1,1)=   799.99500002499963       Ts(nx-1,ny-1,1)=   359.72744912491476     
   GS iter           5  res=   9.0949470177292824E-013  Ts(1,1,1)=   799.99500002499974       Ts(nx-1,ny-1,1)=   359.72744912491487     
 Solid solver Block           2  GS iterations:         100  final res:   1.1368683772161603E-012
   DBG: Ts(1,1,1)=   799.99500002499963       Ts(nx/2,ny/2,1)=   798.12501724812796       Ts(nx-1,ny-1,1)=   359.72744912491476     
 --------------Force and Moment -----------------------------
 Total Force Coefficient (CL, CD, CS) =
  -7.7195910804520975E-006   1.3601342264910088        6.6735059958704012E-022
 Total Moment Coefficient(CMx, CMy, CMz)=
  0.34003355662275220       -1.9298977700922039E-006 -0.67758938335715979     
 Kstep, t=         394   394.00000000000000     
 ----------The Max Residuals are--------  ---Mesh---           1
    0.7382327802E-02    0.3027755428E-02    0.4711351830E-02    0.1355753274E-18    0.1022826892E-01
   The R.M.S Residuals are 
    0.4554119286E-03    0.1094023677E-03    0.2180327160E-03    0.9140591942E-20    0.5266446864E-03
 CPU wall time in this step:   2.8928345000000633E-002
 Averaged CPU wall time is:   3.5154795170050761E-002
   GS iter           1  res=   9.0949470177292824E-013  Ts(1,1,1)=   799.99500002499974       Ts(nx-1,ny-1,1)=   359.72744912491487     
   GS iter           2  res=   9.0949470177292824E-013  Ts(1,1,1)=   799.99500002499963       Ts(nx-1,ny-1,1)=   359.72744912491476     
   GS iter           3  res=   1.0231815394945443E-012  Ts(1,1,1)=   799.99500002499974       Ts(nx-1,ny-1,1)=   359.72744912491487     
   GS iter           4  res=   9.0949470177292824E-013  Ts(1,1,1)=   799.99500002499963       Ts(nx-1,ny-1,1)=   359.72744912491476     
   GS iter           5  res=   9.0949470177292824E-013  Ts(1,1,1)=   799.99500002499974       Ts(nx-1,ny-1,1)=   359.72744912491487     
 Solid solver Block           2  GS iterations:         100  final res:   9.0949470177292824E-013
   DBG: Ts(1,1,1)=   799.99500002499963       Ts(nx/2,ny/2,1)=   798.12501724812796       Ts(nx-1,ny-1,1)=   359.72744912491487     
 --------------Force and Moment -----------------------------
 Total Force Coefficient (CL, CD, CS) =
  -7.7370353062012327E-006   1.3600730233327860        6.6943048555821476E-022
 Total Moment Coefficient(CMx, CMy, CMz)=
  0.34001825583319656       -1.9342588265294877E-006 -0.67762501420582388     
 Kstep, t=         395   395.00000000000000     
 ----------The Max Residuals are--------  ---Mesh---           1
    0.7508443308E-02    0.2747341869E-02    0.4585071667E-02    0.1355615704E-18    0.9857523318E-02
   The R.M.S Residuals are 
    0.4679689635E-03    0.1103611168E-03    0.2245809574E-03    0.9314762646E-20    0.5413935906E-03
 CPU wall time in this step:   3.3107148000000919E-002
 Averaged CPU wall time is:   3.5149611253164556E-002
   GS iter           1  res=   9.0949470177292824E-013  Ts(1,1,1)=   799.99500002499974       Ts(nx-1,ny-1,1)=   359.72744912491476     
   GS iter           2  res=   1.1368683772161603E-012  Ts(1,1,1)=   799.99500002499963       Ts(nx-1,ny-1,1)=   359.72744912491487     
   GS iter           3  res=   9.0949470177292824E-013  Ts(1,1,1)=   799.99500002499974       Ts(nx-1,ny-1,1)=   359.72744912491476     
   GS iter           4  res=   9.0949470177292824E-013  Ts(1,1,1)=   799.99500002499963       Ts(nx-1,ny-1,1)=   359.72744912491487     
   GS iter           5  res=   1.0231815394945443E-012  Ts(1,1,1)=   799.99500002499974       Ts(nx-1,ny-1,1)=   359.72744912491476     
 Solid solver Block           2  GS iterations:         100  final res:   1.0231815394945443E-012
   DBG: Ts(1,1,1)=   799.99500002499963       Ts(nx/2,ny/2,1)=   798.12501724812796       Ts(nx-1,ny-1,1)=   359.72744912491476     
 --------------Force and Moment -----------------------------
 Total Force Coefficient (CL, CD, CS) =
  -7.7542607794604316E-006   1.3600087845076212        6.6820057119341283E-022
 Total Moment Coefficient(CMx, CMy, CMz)=
  0.34000219612690530       -1.9385651948442899E-006 -0.67766094834593427     
 Kstep, t=         396   396.00000000000000     
 ----------The Max Residuals are--------  ---Mesh---           1
    0.7214117065E-02    0.2986281115E-02    0.4818170701E-02    0.1355531469E-18    0.1038108887E-01
   The R.M.S Residuals are 
    0.4729685795E-03    0.1110816959E-03    0.2397618774E-03    0.8541597057E-20    0.5519798352E-03
 CPU wall time in this step:   3.3539312999998572E-002
 Averaged CPU wall time is:   3.5145544843434344E-002
   GS iter           1  res=   1.0231815394945443E-012  Ts(1,1,1)=   799.99500002499974       Ts(nx-1,ny-1,1)=   359.72744912491487     
   GS iter           2  res=   1.1368683772161603E-012  Ts(1,1,1)=   799.99500002499963       Ts(nx-1,ny-1,1)=   359.72744912491476     
   GS iter           3  res=   1.1368683772161603E-012  Ts(1,1,1)=   799.99500002499974       Ts(nx-1,ny-1,1)=   359.72744912491487     
   GS iter           4  res=   1.1368683772161603E-012  Ts(1,1,1)=   799.99500002499963       Ts(nx-1,ny-1,1)=   359.72744912491487     
   GS iter           5  res=   1.1368683772161603E-012  Ts(1,1,1)=   799.99500002499974       Ts(nx-1,ny-1,1)=   359.72744912491510     
 Solid solver Block           2  GS iterations:         100  final res:   1.1368683772161603E-012
   DBG: Ts(1,1,1)=   799.99500002499963       Ts(nx/2,ny/2,1)=   798.12501724812796       Ts(nx-1,ny-1,1)=   359.72744912491487     
 --------------Force and Moment -----------------------------
 Total Force Coefficient (CL, CD, CS) =
  -7.7712619145736922E-006   1.3599414193716188        6.7224101074025151E-022
 Total Moment Coefficient(CMx, CMy, CMz)=
  0.33998535484290471       -1.9428154786226059E-006 -0.67769718243781829     
 Kstep, t=         397   397.00000000000000     
 ----------The Max Residuals are--------  ---Mesh---           1
    0.7574237501E-02    0.2923512001E-02    0.4860092791E-02    0.1219914747E-18    0.1051949617E-01
   The R.M.S Residuals are 
    0.4624758429E-03    0.1113613679E-03    0.2405208078E-03    0.8503182936E-20    0.5440936705E-03
 CPU wall time in this step:   3.2460401999999888E-002
 Averaged CPU wall time is:   3.5138781259445841E-002
   GS iter           1  res=   9.0949470177292824E-013  Ts(1,1,1)=   799.99500002499974       Ts(nx-1,ny-1,1)=   359.72744912491487     
   GS iter           2  res=   1.1368683772161603E-012  Ts(1,1,1)=   799.99500002499963       Ts(nx-1,ny-1,1)=   359.72744912491476     
   GS iter           3  res=   1.1368683772161603E-012  Ts(1,1,1)=   799.99500002499974       Ts(nx-1,ny-1,1)=   359.72744912491487     
   GS iter           4  res=   7.9580786405131221E-013  Ts(1,1,1)=   799.99500002499963       Ts(nx-1,ny-1,1)=   359.72744912491476     
   GS iter           5  res=   9.0949470177292824E-013  Ts(1,1,1)=   799.99500002499974       Ts(nx-1,ny-1,1)=   359.72744912491487     
 Solid solver Block           2  GS iterations:         100  final res:   1.1368683772161603E-012
   DBG: Ts(1,1,1)=   799.99500002499963       Ts(nx/2,ny/2,1)=   798.12501724812796       Ts(nx-1,ny-1,1)=   359.72744912491487     
 --------------Force and Moment -----------------------------
 Total Force Coefficient (CL, CD, CS) =
  -7.7880331787556759E-006   1.3598708421562680        6.7614138712042560E-022
 Total Moment Coefficient(CMx, CMy, CMz)=
  0.33996771053906705       -1.9470082946681027E-006 -0.67773371646849701     
 Kstep, t=         398   398.00000000000000     
 ----------The Max Residuals are--------  ---Mesh---           1
    0.7517270216E-02    0.2809536374E-02    0.4577321667E-02    0.1355481051E-18    0.1004663507E-01
   The R.M.S Residuals are 
    0.4474424515E-03    0.1111978207E-03    0.2198305729E-03    0.9316241135E-20    0.5232167483E-03
 CPU wall time in this step:   3.2765748000000983E-002
 Averaged CPU wall time is:   3.5132818864321610E-002
   GS iter           1  res=   9.0949470177292824E-013  Ts(1,1,1)=   799.99500002499974       Ts(nx-1,ny-1,1)=   359.72744912491487     
   GS iter           2  res=   1.1368683772161603E-012  Ts(1,1,1)=   799.99500002499963       Ts(nx-1,ny-1,1)=   359.72744912491487     
   GS iter           3  res=   1.0231815394945443E-012  Ts(1,1,1)=   799.99500002499974       Ts(nx-1,ny-1,1)=   359.72744912491464     
   GS iter           4  res=   7.9580786405131221E-013  Ts(1,1,1)=   799.99500002499963       Ts(nx-1,ny-1,1)=   359.72744912491498     
   GS iter           5  res=   1.1368683772161603E-012  Ts(1,1,1)=   799.99500002499974       Ts(nx-1,ny-1,1)=   359.72744912491493     
 Solid solver Block           2  GS iterations:         100  final res:   9.0949470177292824E-013
   DBG: Ts(1,1,1)=   799.99500002499963       Ts(nx/2,ny/2,1)=   798.12501724812796       Ts(nx-1,ny-1,1)=   359.72744912491487     
 --------------Force and Moment -----------------------------
 Total Force Coefficient (CL, CD, CS) =
  -7.8045690657872228E-006   1.3597969697505563        6.7678093903172431E-022
 Total Moment Coefficient(CMx, CMy, CMz)=
  0.33994924243763902       -1.9511422664259894E-006 -0.67777055261266872     
 Kstep, t=         399   399.00000000000000     
 ----------The Max Residuals are--------  ---Mesh---           1
    0.7412748701E-02    0.2878651698E-02    0.4688731911E-02    0.1355100542E-18    0.1014439843E-01
   The R.M.S Residuals are 
    0.4499596762E-03    0.1109883070E-03    0.2079392393E-03    0.9035241470E-20    0.5173546728E-03
 CPU wall time in this step:   3.4987512999999026E-002
 Averaged CPU wall time is:   3.5132454689223054E-002
   GS iter           1  res=   1.0231815394945443E-012  Ts(1,1,1)=   799.99500002499974       Ts(nx-1,ny-1,1)=   359.72744912491487     
   GS iter           2  res=   1.1368683772161603E-012  Ts(1,1,1)=   799.99500002499963       Ts(nx-1,ny-1,1)=   359.72744912491464     
   GS iter           3  res=   1.1368683772161603E-012  Ts(1,1,1)=   799.99500002499974       Ts(nx-1,ny-1,1)=   359.72744912491498     
   GS iter           4  res=   9.0949470177292824E-013  Ts(1,1,1)=   799.99500002499963       Ts(nx-1,ny-1,1)=   359.72744912491470     
   GS iter           5  res=   9.0949470177292824E-013  Ts(1,1,1)=   799.99500002499974       Ts(nx-1,ny-1,1)=   359.72744912491487     
 Solid solver Block           2  GS iterations:         100  final res:   1.1368683772161603E-012
   DBG: Ts(1,1,1)=   799.99500002499963       Ts(nx/2,ny/2,1)=   798.12501724812796       Ts(nx-1,ny-1,1)=   359.72744912491464     
 --------------Force and Moment -----------------------------
 Total Force Coefficient (CL, CD, CS) =
  -7.8208640531635298E-006   1.3597197202656601        6.7969491704989682E-022
 Total Moment Coefficient(CMx, CMy, CMz)=
  0.33992993006641520       -1.9552160132700704E-006 -0.67780769445513089     
 Kstep, t=         400   400.00000000000000     
 ----------The Max Residuals are--------  ---Mesh---           1
    0.7286367381E-02    0.2812056967E-02    0.4575719099E-02    0.1355281687E-18    0.9850849419E-02
   The R.M.S Residuals are 
    0.4673614275E-03    0.1108416790E-03    0.2185136851E-03    0.8556003113E-20    0.5369161522E-03
 write flow3d.dat ......
 write flow3d.dat OK
 Output Ts to Ts_block_2.dat
 write VTK files ......
 write VTK files OK
