 TITLE = "Solid temperature field"
 VARIABLES = "x" "y" "z" "Ts"
 ZONE I=          40  J=          40  K=           1  DATAPACKING=POINT
    9.9375000000E-01   -5.0000000000E-07    2.5000000000E-01    7.9999500002E+02
    9.8125000000E-01   -5.0000000000E-07    2.5000000000E-01    7.9999500002E+02
    9.6875000000E-01   -5.0000000000E-07    2.5000000000E-01    7.9999500002E+02
    9.5625000000E-01   -5.0000000000E-07    2.5000000000E-01    7.9999500002E+02
    9.4375000000E-01   -5.0000000000E-07    2.5000000000E-01    7.9999500002E+02
    9.3125000000E-01   -5.0000000000E-07    2.5000000000E-01    7.9999500002E+02
    9.1875000000E-01   -5.0000000000E-07    2.5000000000E-01    7.9999500002E+02
    9.0625000000E-01   -5.0000000000E-07    2.5000000000E-01    7.9999500002E+02
    8.9375000000E-01   -5.0000000000E-07    2.5000000000E-01    7.9999500002E+02
    8.8125000000E-01   -5.0000000000E-07    2.5000000000E-01    7.9999500002E+02
    8.6875000000E-01   -5.0000000000E-07    2.5000000000E-01    7.9999500002E+02
    8.5625000000E-01   -5.0000000000E-07    2.5000000000E-01    7.9999500002E+02
    8.4375000000E-01   -5.0000000000E-07    2.5000000000E-01    7.9999500002E+02
    8.3125000000E-01   -5.0000000000E-07    2.5000000000E-01    7.9999500002E+02
    8.1875000000E-01   -5.0000000000E-07    2.5000000000E-01    7.9999500002E+02
    8.0625000000E-01   -5.0000000000E-07    2.5000000000E-01    7.9999500002E+02
    7.9375000000E-01   -5.0000000000E-07    2.5000000000E-01    7.9999500002E+02
    7.8125000000E-01   -5.0000000000E-07    2.5000000000E-01    7.9999500002E+02
    7.6875000000E-01   -5.0000000000E-07    2.5000000000E-01    7.9999500002E+02
    7.5625000000E-01   -5.0000000000E-07    2.5000000000E-01    7.9999500002E+02
    7.4375000000E-01   -5.0000000000E-07    2.5000000000E-01    7.9999500002E+02
    7.3125000000E-01   -5.0000000000E-07    2.5000000000E-01    7.9999500002E+02
    7.1875000000E-01   -5.0000000000E-07    2.5000000000E-01    7.9999500002E+02
    7.0625000000E-01   -5.0000000000E-07    2.5000000000E-01    7.9999500002E+02
    6.9375000000E-01   -5.0000000000E-07    2.5000000000E-01    7.9999500002E+02
    6.8125000000E-01   -5.0000000000E-07    2.5000000000E-01    7.9999500002E+02
    6.6875000000E-01   -5.0000000000E-07    2.5000000000E-01    7.9999500002E+02
    6.5625000000E-01   -5.0000000000E-07    2.5000000000E-01    7.9999500002E+02
    6.4375000000E-01   -5.0000000000E-07    2.5000000000E-01    7.9999500002E+02
    6.3125000000E-01   -5.0000000000E-07    2.5000000000E-01    7.9999500002E+02
    6.1875000000E-01   -5.0000000000E-07    2.5000000000E-01    7.9999500002E+02
    6.0625000000E-01   -5.0000000000E-07    2.5000000000E-01    7.9999500002E+02
    5.9375000000E-01   -5.0000000000E-07    2.5000000000E-01    7.9999500002E+02
    5.8125000000E-01   -5.0000000000E-07    2.5000000000E-01    7.9999500002E+02
    5.6875000000E-01   -5.0000000000E-07    2.5000000000E-01    7.9999500002E+02
    5.5625000000E-01   -5.0000000000E-07    2.5000000000E-01    7.9999500002E+02
    5.4375000000E-01   -5.0000000000E-07    2.5000000000E-01    7.9999500002E+02
    5.3125000000E-01   -5.0000000000E-07    2.5000000000E-01    7.9999500002E+02
    5.1875000000E-01   -5.0000000000E-07    2.5000000000E-01    7.9999500002E+02
    5.0625000000E-01   -5.0000000000E-07    2.5000000000E-01    7.9999500002E+02
    9.9375000000E-01   -1.5374978885E-06    2.5000000000E-01    7.9998981256E+02
    9.8125000000E-01   -1.5374978885E-06    2.5000000000E-01    7.9998981256E+02
    9.6875000000E-01   -1.5374978885E-06    2.5000000000E-01    7.9998981256E+02
    9.5625000000E-01   -1.5374978885E-06    2.5000000000E-01    7.9998981256E+02
    9.4375000000E-01   -1.5374978885E-06    2.5000000000E-01    7.9998981256E+02
    9.3125000000E-01   -1.5374978885E-06    2.5000000000E-01    7.9998981256E+02
    9.1875000000E-01   -1.5374978885E-06    2.5000000000E-01    7.9998981256E+02
    9.0625000000E-01   -1.5374978885E-06    2.5000000000E-01    7.9998981256E+02
    8.9375000000E-01   -1.5374978885E-06    2.5000000000E-01    7.9998981256E+02
    8.8125000000E-01   -1.5374978885E-06    2.5000000000E-01    7.9998981256E+02
    8.6875000000E-01   -1.5374978885E-06    2.5000000000E-01    7.9998981256E+02
    8.5625000000E-01   -1.5374978885E-06    2.5000000000E-01    7.9998981256E+02
    8.4375000000E-01   -1.5374978885E-06    2.5000000000E-01    7.9998981256E+02
    8.3125000000E-01   -1.5374978885E-06    2.5000000000E-01    7.9998981256E+02
    8.1875000000E-01   -1.5374978885E-06    2.5000000000E-01    7.9998981256E+02
    8.0625000000E-01   -1.5374978885E-06    2.5000000000E-01    7.9998981256E+02
    7.9375000000E-01   -1.5374978885E-06    2.5000000000E-01    7.9998981256E+02
    7.8125000000E-01   -1.5374978885E-06    2.5000000000E-01    7.9998981256E+02
    7.6875000000E-01   -1.5374978885E-06    2.5000000000E-01    7.9998981256E+02
    7.5625000000E-01   -1.5374978885E-06    2.5000000000E-01    7.9998981256E+02
    7.4375000000E-01   -1.5374978885E-06    2.5000000000E-01    7.9998981256E+02
    7.3125000000E-01   -1.5374978885E-06    2.5000000000E-01    7.9998981256E+02
    7.1875000000E-01   -1.5374978885E-06    2.5000000000E-01    7.9998981256E+02
    7.0625000000E-01   -1.5374978885E-06    2.5000000000E-01    7.9998981256E+02
    6.9375000000E-01   -1.5374978885E-06    2.5000000000E-01    7.9998981256E+02
    6.8125000000E-01   -1.5374978885E-06    2.5000000000E-01    7.9998981256E+02
    6.6875000000E-01   -1.5374978885E-06    2.5000000000E-01    7.9998981256E+02
    6.5625000000E-01   -1.5374978885E-06    2.5000000000E-01    7.9998981256E+02
    6.4375000000E-01   -1.5374978885E-06    2.5000000000E-01    7.9998981256E+02
    6.3125000000E-01   -1.5374978885E-06    2.5000000000E-01    7.9998981256E+02
    6.1875000000E-01   -1.5374978885E-06    2.5000000000E-01    7.9998981256E+02
    6.0625000000E-01   -1.5374978885E-06    2.5000000000E-01    7.9998981256E+02
    5.9375000000E-01   -1.5374978885E-06    2.5000000000E-01    7.9998981256E+02
    5.8125000000E-01   -1.5374978885E-06    2.5000000000E-01    7.9998981256E+02
    5.6875000000E-01   -1.5374978885E-06    2.5000000000E-01    7.9998981256E+02
    5.5625000000E-01   -1.5374978885E-06    2.5000000000E-01    7.9998981256E+02
    5.4375000000E-01   -1.5374978885E-06    2.5000000000E-01    7.9998981256E+02
    5.3125000000E-01   -1.5374978885E-06    2.5000000000E-01    7.9998981256E+02
    5.1875000000E-01   -1.5374978885E-06    2.5000000000E-01    7.9998981256E+02
    5.0625000000E-01   -1.5374978885E-06    2.5000000000E-01    7.9998981256E+02
    9.9375000000E-01   -2.6903016256E-06    2.5000000000E-01    7.9998404857E+02
    9.8125000000E-01   -2.6903016256E-06    2.5000000000E-01    7.9998404857E+02
    9.6875000000E-01   -2.6903016256E-06    2.5000000000E-01    7.9998404857E+02
    9.5625000000E-01   -2.6903016256E-06    2.5000000000E-01    7.9998404857E+02
    9.4375000000E-01   -2.6903016256E-06    2.5000000000E-01    7.9998404857E+02
    9.3125000000E-01   -2.6903016256E-06    2.5000000000E-01    7.9998404857E+02
    9.1875000000E-01   -2.6903016256E-06    2.5000000000E-01    7.9998404857E+02
    9.0625000000E-01   -2.6903016256E-06    2.5000000000E-01    7.9998404857E+02
    8.9375000000E-01   -2.6903016256E-06    2.5000000000E-01    7.9998404857E+02
    8.8125000000E-01   -2.6903016256E-06    2.5000000000E-01    7.9998404857E+02
    8.6875000000E-01   -2.6903016256E-06    2.5000000000E-01    7.9998404857E+02
    8.5625000000E-01   -2.6903016256E-06    2.5000000000E-01    7.9998404857E+02
    8.4375000000E-01   -2.6903016256E-06    2.5000000000E-01    7.9998404857E+02
    8.3125000000E-01   -2.6903016256E-06    2.5000000000E-01    7.9998404857E+02
    8.1875000000E-01   -2.6903016256E-06    2.5000000000E-01    7.9998404857E+02
    8.0625000000E-01   -2.6903016256E-06    2.5000000000E-01    7.9998404857E+02
    7.9375000000E-01   -2.6903016256E-06    2.5000000000E-01    7.9998404857E+02
    7.8125000000E-01   -2.6903016256E-06    2.5000000000E-01    7.9998404857E+02
    7.6875000000E-01   -2.6903016256E-06    2.5000000000E-01    7.9998404857E+02
    7.5625000000E-01   -2.6903016256E-06    2.5000000000E-01    7.9998404857E+02
    7.4375000000E-01   -2.6903016256E-06    2.5000000000E-01    7.9998404857E+02
    7.3125000000E-01   -2.6903016256E-06    2.5000000000E-01    7.9998404857E+02
    7.1875000000E-01   -2.6903016256E-06    2.5000000000E-01    7.9998404857E+02
    7.0625000000E-01   -2.6903016256E-06    2.5000000000E-01    7.9998404857E+02
    6.9375000000E-01   -2.6903016256E-06    2.5000000000E-01    7.9998404857E+02
    6.8125000000E-01   -2.6903016256E-06    2.5000000000E-01    7.9998404857E+02
    6.6875000000E-01   -2.6903016256E-06    2.5000000000E-01    7.9998404857E+02
    6.5625000000E-01   -2.6903016256E-06    2.5000000000E-01    7.9998404857E+02
    6.4375000000E-01   -2.6903016256E-06    2.5000000000E-01    7.9998404857E+02
    6.3125000000E-01   -2.6903016256E-06    2.5000000000E-01    7.9998404857E+02
    6.1875000000E-01   -2.6903016256E-06    2.5000000000E-01    7.9998404857E+02
    6.0625000000E-01   -2.6903016256E-06    2.5000000000E-01    7.9998404857E+02
    5.9375000000E-01   -2.6903016256E-06    2.5000000000E-01    7.9998404857E+02
    5.8125000000E-01   -2.6903016256E-06    2.5000000000E-01    7.9998404857E+02
    5.6875000000E-01   -2.6903016256E-06    2.5000000000E-01    7.9998404857E+02
    5.5625000000E-01   -2.6903016256E-06    2.5000000000E-01    7.9998404857E+02
    5.4375000000E-01   -2.6903016256E-06    2.5000000000E-01    7.9998404857E+02
    5.3125000000E-01   -2.6903016256E-06    2.5000000000E-01    7.9998404857E+02
    5.1875000000E-01   -2.6903016256E-06    2.5000000000E-01    7.9998404857E+02
    5.0625000000E-01   -2.6903016256E-06    2.5000000000E-01    7.9998404857E+02
    9.9375000000E-01   -4.0448666234E-06    2.5000000000E-01    7.9997727578E+02
    9.8125000000E-01   -4.0448666234E-06    2.5000000000E-01    7.9997727578E+02
    9.6875000000E-01   -4.0448666234E-06    2.5000000000E-01    7.9997727578E+02
    9.5625000000E-01   -4.0448666234E-06    2.5000000000E-01    7.9997727578E+02
    9.4375000000E-01   -4.0448666234E-06    2.5000000000E-01    7.9997727578E+02
    9.3125000000E-01   -4.0448666234E-06    2.5000000000E-01    7.9997727578E+02
    9.1875000000E-01   -4.0448666234E-06    2.5000000000E-01    7.9997727578E+02
    9.0625000000E-01   -4.0448666234E-06    2.5000000000E-01    7.9997727578E+02
    8.9375000000E-01   -4.0448666234E-06    2.5000000000E-01    7.9997727578E+02
    8.8125000000E-01   -4.0448666234E-06    2.5000000000E-01    7.9997727578E+02
    8.6875000000E-01   -4.0448666234E-06    2.5000000000E-01    7.9997727578E+02
    8.5625000000E-01   -4.0448666234E-06    2.5000000000E-01    7.9997727578E+02
    8.4375000000E-01   -4.0448666234E-06    2.5000000000E-01    7.9997727578E+02
    8.3125000000E-01   -4.0448666234E-06    2.5000000000E-01    7.9997727578E+02
    8.1875000000E-01   -4.0448666234E-06    2.5000000000E-01    7.9997727578E+02
    8.0625000000E-01   -4.0448666234E-06    2.5000000000E-01    7.9997727578E+02
    7.9375000000E-01   -4.0448666234E-06    2.5000000000E-01    7.9997727578E+02
    7.8125000000E-01   -4.0448666234E-06    2.5000000000E-01    7.9997727578E+02
    7.6875000000E-01   -4.0448666234E-06    2.5000000000E-01    7.9997727578E+02
    7.5625000000E-01   -4.0448666234E-06    2.5000000000E-01    7.9997727578E+02
    7.4375000000E-01   -4.0448666234E-06    2.5000000000E-01    7.9997727578E+02
    7.3125000000E-01   -4.0448666234E-06    2.5000000000E-01    7.9997727578E+02
    7.1875000000E-01   -4.0448666234E-06    2.5000000000E-01    7.9997727578E+02
    7.0625000000E-01   -4.0448666234E-06    2.5000000000E-01    7.9997727578E+02
    6.9375000000E-01   -4.0448666234E-06    2.5000000000E-01    7.9997727578E+02
    6.8125000000E-01   -4.0448666234E-06    2.5000000000E-01    7.9997727578E+02
    6.6875000000E-01   -4.0448666234E-06    2.5000000000E-01    7.9997727578E+02
    6.5625000000E-01   -4.0448666234E-06    2.5000000000E-01    7.9997727578E+02
    6.4375000000E-01   -4.0448666234E-06    2.5000000000E-01    7.9997727578E+02
    6.3125000000E-01   -4.0448666234E-06    2.5000000000E-01    7.9997727578E+02
    6.1875000000E-01   -4.0448666234E-06    2.5000000000E-01    7.9997727578E+02
    6.0625000000E-01   -4.0448666234E-06    2.5000000000E-01    7.9997727578E+02
    5.9375000000E-01   -4.0448666234E-06    2.5000000000E-01    7.9997727578E+02
    5.8125000000E-01   -4.0448666234E-06    2.5000000000E-01    7.9997727578E+02
    5.6875000000E-01   -4.0448666234E-06    2.5000000000E-01    7.9997727578E+02
    5.5625000000E-01   -4.0448666234E-06    2.5000000000E-01    7.9997727578E+02
    5.4375000000E-01   -4.0448666234E-06    2.5000000000E-01    7.9997727578E+02
    5.3125000000E-01   -4.0448666234E-06    2.5000000000E-01    7.9997727578E+02
    5.1875000000E-01   -4.0448666234E-06    2.5000000000E-01    7.9997727578E+02
    5.0625000000E-01   -4.0448666234E-06    2.5000000000E-01    7.9997727578E+02
    9.9375000000E-01   -5.7027795361E-06    2.5000000000E-01    7.9996898626E+02
    9.8125000000E-01   -5.7027795361E-06    2.5000000000E-01    7.9996898626E+02
    9.6875000000E-01   -5.7027795361E-06    2.5000000000E-01    7.9996898626E+02
    9.5625000000E-01   -5.7027795361E-06    2.5000000000E-01    7.9996898626E+02
    9.4375000000E-01   -5.7027795361E-06    2.5000000000E-01    7.9996898626E+02
    9.3125000000E-01   -5.7027795361E-06    2.5000000000E-01    7.9996898626E+02
    9.1875000000E-01   -5.7027795361E-06    2.5000000000E-01    7.9996898626E+02
    9.0625000000E-01   -5.7027795361E-06    2.5000000000E-01    7.9996898626E+02
    8.9375000000E-01   -5.7027795361E-06    2.5000000000E-01    7.9996898626E+02
    8.8125000000E-01   -5.7027795361E-06    2.5000000000E-01    7.9996898626E+02
    8.6875000000E-01   -5.7027795361E-06    2.5000000000E-01    7.9996898626E+02
    8.5625000000E-01   -5.7027795361E-06    2.5000000000E-01    7.9996898626E+02
    8.4375000000E-01   -5.7027795361E-06    2.5000000000E-01    7.9996898626E+02
    8.3125000000E-01   -5.7027795361E-06    2.5000000000E-01    7.9996898626E+02
    8.1875000000E-01   -5.7027795361E-06    2.5000000000E-01    7.9996898626E+02
    8.0625000000E-01   -5.7027795361E-06    2.5000000000E-01    7.9996898626E+02
    7.9375000000E-01   -5.7027795361E-06    2.5000000000E-01    7.9996898626E+02
    7.8125000000E-01   -5.7027795361E-06    2.5000000000E-01    7.9996898626E+02
    7.6875000000E-01   -5.7027795361E-06    2.5000000000E-01    7.9996898626E+02
    7.5625000000E-01   -5.7027795361E-06    2.5000000000E-01    7.9996898626E+02
    7.4375000000E-01   -5.7027795361E-06    2.5000000000E-01    7.9996898626E+02
    7.3125000000E-01   -5.7027795361E-06    2.5000000000E-01    7.9996898626E+02
    7.1875000000E-01   -5.7027795361E-06    2.5000000000E-01    7.9996898626E+02
    7.0625000000E-01   -5.7027795361E-06    2.5000000000E-01    7.9996898626E+02
    6.9375000000E-01   -5.7027795361E-06    2.5000000000E-01    7.9996898626E+02
    6.8125000000E-01   -5.7027795361E-06    2.5000000000E-01    7.9996898626E+02
    6.6875000000E-01   -5.7027795361E-06    2.5000000000E-01    7.9996898626E+02
    6.5625000000E-01   -5.7027795361E-06    2.5000000000E-01    7.9996898626E+02
    6.4375000000E-01   -5.7027795361E-06    2.5000000000E-01    7.9996898626E+02
    6.3125000000E-01   -5.7027795362E-06    2.5000000000E-01    7.9996898626E+02
    6.1875000000E-01   -5.7027795362E-06    2.5000000000E-01    7.9996898626E+02
    6.0625000000E-01   -5.7027795362E-06    2.5000000000E-01    7.9996898626E+02
    5.9375000000E-01   -5.7027795362E-06    2.5000000000E-01    7.9996898626E+02
    5.8125000000E-01   -5.7027795362E-06    2.5000000000E-01    7.9996898626E+02
    5.6875000000E-01   -5.7027795362E-06    2.5000000000E-01    7.9996898626E+02
    5.5625000000E-01   -5.7027795362E-06    2.5000000000E-01    7.9996898626E+02
    5.4375000000E-01   -5.7027795362E-06    2.5000000000E-01    7.9996898626E+02
    5.3125000000E-01   -5.7027795362E-06    2.5000000000E-01    7.9996898626E+02
    5.1875000000E-01   -5.7027795362E-06    2.5000000000E-01    7.9996898626E+02
    5.0625000000E-01   -5.7027795362E-06    2.5000000000E-01    7.9996898626E+02
    9.9375000000E-01   -7.7883768309E-06    2.5000000000E-01    7.9995855832E+02
    9.8125000000E-01   -7.7883768309E-06    2.5000000000E-01    7.9995855832E+02
    9.6875000000E-01   -7.7883768309E-06    2.5000000000E-01    7.9995855832E+02
    9.5625000000E-01   -7.7883768309E-06    2.5000000000E-01    7.9995855832E+02
    9.4375000000E-01   -7.7883768309E-06    2.5000000000E-01    7.9995855832E+02
    9.3125000000E-01   -7.7883768309E-06    2.5000000000E-01    7.9995855832E+02
    9.1875000000E-01   -7.7883768309E-06    2.5000000000E-01    7.9995855832E+02
    9.0625000000E-01   -7.7883768309E-06    2.5000000000E-01    7.9995855832E+02
    8.9375000000E-01   -7.7883768309E-06    2.5000000000E-01    7.9995855832E+02
    8.8125000000E-01   -7.7883768309E-06    2.5000000000E-01    7.9995855832E+02
    8.6875000000E-01   -7.7883768309E-06    2.5000000000E-01    7.9995855832E+02
    8.5625000000E-01   -7.7883768309E-06    2.5000000000E-01    7.9995855832E+02
    8.4375000000E-01   -7.7883768309E-06    2.5000000000E-01    7.9995855832E+02
    8.3125000000E-01   -7.7883768309E-06    2.5000000000E-01    7.9995855832E+02
    8.1875000000E-01   -7.7883768309E-06    2.5000000000E-01    7.9995855832E+02
    8.0625000000E-01   -7.7883768309E-06    2.5000000000E-01    7.9995855832E+02
    7.9375000000E-01   -7.7883768309E-06    2.5000000000E-01    7.9995855832E+02
    7.8125000000E-01   -7.7883768309E-06    2.5000000000E-01    7.9995855832E+02
    7.6875000000E-01   -7.7883768309E-06    2.5000000000E-01    7.9995855832E+02
    7.5625000000E-01   -7.7883768309E-06    2.5000000000E-01    7.9995855832E+02
    7.4375000000E-01   -7.7883768309E-06    2.5000000000E-01    7.9995855832E+02
    7.3125000000E-01   -7.7883768309E-06    2.5000000000E-01    7.9995855832E+02
    7.1875000000E-01   -7.7883768309E-06    2.5000000000E-01    7.9995855832E+02
    7.0625000000E-01   -7.7883768309E-06    2.5000000000E-01    7.9995855832E+02
    6.9375000000E-01   -7.7883768309E-06    2.5000000000E-01    7.9995855832E+02
    6.8125000000E-01   -7.7883768309E-06    2.5000000000E-01    7.9995855832E+02
    6.6875000000E-01   -7.7883768309E-06    2.5000000000E-01    7.9995855832E+02
    6.5625000000E-01   -7.7883768309E-06    2.5000000000E-01    7.9995855832E+02
    6.4375000000E-01   -7.7883768309E-06    2.5000000000E-01    7.9995855832E+02
    6.3125000000E-01   -7.7883768309E-06    2.5000000000E-01    7.9995855832E+02
    6.1875000000E-01   -7.7883768309E-06    2.5000000000E-01    7.9995855832E+02
    6.0625000000E-01   -7.7883768309E-06    2.5000000000E-01    7.9995855832E+02
    5.9375000000E-01   -7.7883768309E-06    2.5000000000E-01    7.9995855832E+02
    5.8125000000E-01   -7.7883768309E-06    2.5000000000E-01    7.9995855832E+02
    5.6875000000E-01   -7.7883768309E-06    2.5000000000E-01    7.9995855832E+02
    5.5625000000E-01   -7.7883768309E-06    2.5000000000E-01    7.9995855832E+02
    5.4375000000E-01   -7.7883768309E-06    2.5000000000E-01    7.9995855832E+02
    5.3125000000E-01   -7.7883768309E-06    2.5000000000E-01    7.9995855832E+02
    5.1875000000E-01   -7.7883768309E-06    2.5000000000E-01    7.9995855832E+02
    5.0625000000E-01   -7.7883768309E-06    2.5000000000E-01    7.9995855832E+02
    9.9375000000E-01   -1.0458069497E-05    2.5000000000E-01    7.9994520993E+02
    9.8125000000E-01   -1.0458069497E-05    2.5000000000E-01    7.9994520993E+02
    9.6875000000E-01   -1.0458069497E-05    2.5000000000E-01    7.9994520993E+02
    9.5625000000E-01   -1.0458069497E-05    2.5000000000E-01    7.9994520993E+02
    9.4375000000E-01   -1.0458069497E-05    2.5000000000E-01    7.9994520993E+02
    9.3125000000E-01   -1.0458069497E-05    2.5000000000E-01    7.9994520993E+02
    9.1875000000E-01   -1.0458069497E-05    2.5000000000E-01    7.9994520993E+02
    9.0625000000E-01   -1.0458069497E-05    2.5000000000E-01    7.9994520993E+02
    8.9375000000E-01   -1.0458069497E-05    2.5000000000E-01    7.9994520993E+02
    8.8125000000E-01   -1.0458069497E-05    2.5000000000E-01    7.9994520993E+02
    8.6875000000E-01   -1.0458069497E-05    2.5000000000E-01    7.9994520993E+02
    8.5625000000E-01   -1.0458069497E-05    2.5000000000E-01    7.9994520993E+02
    8.4375000000E-01   -1.0458069497E-05    2.5000000000E-01    7.9994520993E+02
    8.3125000000E-01   -1.0458069497E-05    2.5000000000E-01    7.9994520993E+02
    8.1875000000E-01   -1.0458069497E-05    2.5000000000E-01    7.9994520993E+02
    8.0625000000E-01   -1.0458069497E-05    2.5000000000E-01    7.9994520993E+02
    7.9375000000E-01   -1.0458069497E-05    2.5000000000E-01    7.9994520993E+02
    7.8125000000E-01   -1.0458069497E-05    2.5000000000E-01    7.9994520993E+02
    7.6875000000E-01   -1.0458069497E-05    2.5000000000E-01    7.9994520993E+02
    7.5625000000E-01   -1.0458069497E-05    2.5000000000E-01    7.9994520993E+02
    7.4375000000E-01   -1.0458069497E-05    2.5000000000E-01    7.9994520993E+02
    7.3125000000E-01   -1.0458069497E-05    2.5000000000E-01    7.9994520993E+02
    7.1875000000E-01   -1.0458069497E-05    2.5000000000E-01    7.9994520993E+02
    7.0625000000E-01   -1.0458069497E-05    2.5000000000E-01    7.9994520993E+02
    6.9375000000E-01   -1.0458069497E-05    2.5000000000E-01    7.9994520993E+02
    6.8125000000E-01   -1.0458069497E-05    2.5000000000E-01    7.9994520993E+02
    6.6875000000E-01   -1.0458069497E-05    2.5000000000E-01    7.9994520993E+02
    6.5625000000E-01   -1.0458069497E-05    2.5000000000E-01    7.9994520993E+02
    6.4375000000E-01   -1.0458069497E-05    2.5000000000E-01    7.9994520993E+02
    6.3125000000E-01   -1.0458069497E-05    2.5000000000E-01    7.9994520993E+02
    6.1875000000E-01   -1.0458069497E-05    2.5000000000E-01    7.9994520993E+02
    6.0625000000E-01   -1.0458069497E-05    2.5000000000E-01    7.9994520993E+02
    5.9375000000E-01   -1.0458069497E-05    2.5000000000E-01    7.9994520993E+02
    5.8125000000E-01   -1.0458069497E-05    2.5000000000E-01    7.9994520993E+02
    5.6875000000E-01   -1.0458069497E-05    2.5000000000E-01    7.9994520993E+02
    5.5625000000E-01   -1.0458069497E-05    2.5000000000E-01    7.9994520993E+02
    5.4375000000E-01   -1.0458069497E-05    2.5000000000E-01    7.9994520993E+02
    5.3125000000E-01   -1.0458069497E-05    2.5000000000E-01    7.9994520993E+02
    5.1875000000E-01   -1.0458069497E-05    2.5000000000E-01    7.9994520993E+02
    5.0625000000E-01   -1.0458069497E-05    2.5000000000E-01    7.9994520993E+02
    9.9375000000E-01   -1.3912073211E-05    2.5000000000E-01    7.9992793999E+02
    9.8125000000E-01   -1.3912073211E-05    2.5000000000E-01    7.9992793999E+02
    9.6875000000E-01   -1.3912073211E-05    2.5000000000E-01    7.9992793999E+02
    9.5625000000E-01   -1.3912073211E-05    2.5000000000E-01    7.9992793999E+02
    9.4375000000E-01   -1.3912073211E-05    2.5000000000E-01    7.9992793999E+02
    9.3125000000E-01   -1.3912073211E-05    2.5000000000E-01    7.9992793999E+02
    9.1875000000E-01   -1.3912073211E-05    2.5000000000E-01    7.9992793999E+02
    9.0625000000E-01   -1.3912073211E-05    2.5000000000E-01    7.9992793999E+02
    8.9375000000E-01   -1.3912073211E-05    2.5000000000E-01    7.9992793999E+02
    8.8125000000E-01   -1.3912073211E-05    2.5000000000E-01    7.9992793999E+02
    8.6875000000E-01   -1.3912073211E-05    2.5000000000E-01    7.9992793999E+02
    8.5625000000E-01   -1.3912073211E-05    2.5000000000E-01    7.9992793999E+02
    8.4375000000E-01   -1.3912073211E-05    2.5000000000E-01    7.9992793999E+02
    8.3125000000E-01   -1.3912073211E-05    2.5000000000E-01    7.9992793999E+02
    8.1875000000E-01   -1.3912073211E-05    2.5000000000E-01    7.9992793999E+02
    8.0625000000E-01   -1.3912073211E-05    2.5000000000E-01    7.9992793999E+02
    7.9375000000E-01   -1.3912073211E-05    2.5000000000E-01    7.9992793999E+02
    7.8125000000E-01   -1.3912073211E-05    2.5000000000E-01    7.9992793999E+02
    7.6875000000E-01   -1.3912073211E-05    2.5000000000E-01    7.9992793999E+02
    7.5625000000E-01   -1.3912073211E-05    2.5000000000E-01    7.9992793999E+02
    7.4375000000E-01   -1.3912073211E-05    2.5000000000E-01    7.9992793999E+02
    7.3125000000E-01   -1.3912073211E-05    2.5000000000E-01    7.9992793999E+02
    7.1875000000E-01   -1.3912073211E-05    2.5000000000E-01    7.9992793999E+02
    7.0625000000E-01   -1.3912073211E-05    2.5000000000E-01    7.9992793999E+02
    6.9375000000E-01   -1.3912073211E-05    2.5000000000E-01    7.9992793999E+02
    6.8125000000E-01   -1.3912073211E-05    2.5000000000E-01    7.9992793999E+02
    6.6875000000E-01   -1.3912073211E-05    2.5000000000E-01    7.9992793999E+02
    6.5625000000E-01   -1.3912073211E-05    2.5000000000E-01    7.9992793999E+02
    6.4375000000E-01   -1.3912073211E-05    2.5000000000E-01    7.9992793999E+02
    6.3125000000E-01   -1.3912073211E-05    2.5000000000E-01    7.9992793999E+02
    6.1875000000E-01   -1.3912073211E-05    2.5000000000E-01    7.9992793999E+02
    6.0625000000E-01   -1.3912073211E-05    2.5000000000E-01    7.9992793999E+02
    5.9375000000E-01   -1.3912073211E-05    2.5000000000E-01    7.9992793999E+02
    5.8125000000E-01   -1.3912073211E-05    2.5000000000E-01    7.9992793999E+02
    5.6875000000E-01   -1.3912073211E-05    2.5000000000E-01    7.9992793999E+02
    5.5625000000E-01   -1.3912073211E-05    2.5000000000E-01    7.9992793999E+02
    5.4375000000E-01   -1.3912073211E-05    2.5000000000E-01    7.9992793999E+02
    5.3125000000E-01   -1.3912073211E-05    2.5000000000E-01    7.9992793999E+02
    5.1875000000E-01   -1.3912073211E-05    2.5000000000E-01    7.9992793999E+02
    5.0625000000E-01   -1.3912073211E-05    2.5000000000E-01    7.9992793999E+02
    9.9375000000E-01   -1.8409423663E-05    2.5000000000E-01    7.9990545335E+02
    9.8125000000E-01   -1.8409423663E-05    2.5000000000E-01    7.9990545335E+02
    9.6875000000E-01   -1.8409423663E-05    2.5000000000E-01    7.9990545335E+02
    9.5625000000E-01   -1.8409423663E-05    2.5000000000E-01    7.9990545335E+02
    9.4375000000E-01   -1.8409423663E-05    2.5000000000E-01    7.9990545335E+02
    9.3125000000E-01   -1.8409423663E-05    2.5000000000E-01    7.9990545335E+02
    9.1875000000E-01   -1.8409423663E-05    2.5000000000E-01    7.9990545335E+02
    9.0625000000E-01   -1.8409423663E-05    2.5000000000E-01    7.9990545335E+02
    8.9375000000E-01   -1.8409423663E-05    2.5000000000E-01    7.9990545335E+02
    8.8125000000E-01   -1.8409423663E-05    2.5000000000E-01    7.9990545335E+02
    8.6875000000E-01   -1.8409423663E-05    2.5000000000E-01    7.9990545335E+02
    8.5625000000E-01   -1.8409423663E-05    2.5000000000E-01    7.9990545335E+02
    8.4375000000E-01   -1.8409423663E-05    2.5000000000E-01    7.9990545335E+02
    8.3125000000E-01   -1.8409423663E-05    2.5000000000E-01    7.9990545335E+02
    8.1875000000E-01   -1.8409423663E-05    2.5000000000E-01    7.9990545335E+02
    8.0625000000E-01   -1.8409423663E-05    2.5000000000E-01    7.9990545335E+02
    7.9375000000E-01   -1.8409423663E-05    2.5000000000E-01    7.9990545335E+02
    7.8125000000E-01   -1.8409423663E-05    2.5000000000E-01    7.9990545335E+02
    7.6875000000E-01   -1.8409423663E-05    2.5000000000E-01    7.9990545335E+02
    7.5625000000E-01   -1.8409423663E-05    2.5000000000E-01    7.9990545335E+02
    7.4375000000E-01   -1.8409423663E-05    2.5000000000E-01    7.9990545335E+02
    7.3125000000E-01   -1.8409423663E-05    2.5000000000E-01    7.9990545335E+02
    7.1875000000E-01   -1.8409423663E-05    2.5000000000E-01    7.9990545335E+02
    7.0625000000E-01   -1.8409423663E-05    2.5000000000E-01    7.9990545335E+02
    6.9375000000E-01   -1.8409423663E-05    2.5000000000E-01    7.9990545335E+02
    6.8125000000E-01   -1.8409423663E-05    2.5000000000E-01    7.9990545335E+02
    6.6875000000E-01   -1.8409423663E-05    2.5000000000E-01    7.9990545335E+02
    6.5625000000E-01   -1.8409423663E-05    2.5000000000E-01    7.9990545335E+02
    6.4375000000E-01   -1.8409423663E-05    2.5000000000E-01    7.9990545335E+02
    6.3125000000E-01   -1.8409423663E-05    2.5000000000E-01    7.9990545335E+02
    6.1875000000E-01   -1.8409423663E-05    2.5000000000E-01    7.9990545335E+02
    6.0625000000E-01   -1.8409423663E-05    2.5000000000E-01    7.9990545335E+02
    5.9375000000E-01   -1.8409423663E-05    2.5000000000E-01    7.9990545335E+02
    5.8125000000E-01   -1.8409423663E-05    2.5000000000E-01    7.9990545335E+02
    5.6875000000E-01   -1.8409423663E-05    2.5000000000E-01    7.9990545335E+02
    5.5625000000E-01   -1.8409423663E-05    2.5000000000E-01    7.9990545335E+02
    5.4375000000E-01   -1.8409423663E-05    2.5000000000E-01    7.9990545335E+02
    5.3125000000E-01   -1.8409423663E-05    2.5000000000E-01    7.9990545335E+02
    5.1875000000E-01   -1.8409423663E-05    2.5000000000E-01    7.9990545335E+02
    5.0625000000E-01   -1.8409423663E-05    2.5000000000E-01    7.9990545335E+02
    9.9375000000E-01   -2.4287403147E-05    2.5000000000E-01    7.9987606360E+02
    9.8125000000E-01   -2.4287403147E-05    2.5000000000E-01    7.9987606360E+02
    9.6875000000E-01   -2.4287403147E-05    2.5000000000E-01    7.9987606360E+02
    9.5625000000E-01   -2.4287403147E-05    2.5000000000E-01    7.9987606360E+02
    9.4375000000E-01   -2.4287403147E-05    2.5000000000E-01    7.9987606360E+02
    9.3125000000E-01   -2.4287403147E-05    2.5000000000E-01    7.9987606360E+02
    9.1875000000E-01   -2.4287403147E-05    2.5000000000E-01    7.9987606360E+02
    9.0625000000E-01   -2.4287403147E-05    2.5000000000E-01    7.9987606360E+02
    8.9375000000E-01   -2.4287403147E-05    2.5000000000E-01    7.9987606360E+02
    8.8125000000E-01   -2.4287403147E-05    2.5000000000E-01    7.9987606360E+02
    8.6875000000E-01   -2.4287403147E-05    2.5000000000E-01    7.9987606360E+02
    8.5625000000E-01   -2.4287403147E-05    2.5000000000E-01    7.9987606360E+02
    8.4375000000E-01   -2.4287403147E-05    2.5000000000E-01    7.9987606360E+02
    8.3125000000E-01   -2.4287403147E-05    2.5000000000E-01    7.9987606360E+02
    8.1875000000E-01   -2.4287403147E-05    2.5000000000E-01    7.9987606360E+02
    8.0625000000E-01   -2.4287403147E-05    2.5000000000E-01    7.9987606360E+02
    7.9375000000E-01   -2.4287403147E-05    2.5000000000E-01    7.9987606360E+02
    7.8125000000E-01   -2.4287403147E-05    2.5000000000E-01    7.9987606360E+02
    7.6875000000E-01   -2.4287403147E-05    2.5000000000E-01    7.9987606360E+02
    7.5625000000E-01   -2.4287403147E-05    2.5000000000E-01    7.9987606360E+02
    7.4375000000E-01   -2.4287403147E-05    2.5000000000E-01    7.9987606360E+02
    7.3125000000E-01   -2.4287403147E-05    2.5000000000E-01    7.9987606360E+02
    7.1875000000E-01   -2.4287403147E-05    2.5000000000E-01    7.9987606360E+02
    7.0625000000E-01   -2.4287403147E-05    2.5000000000E-01    7.9987606360E+02
    6.9375000000E-01   -2.4287403147E-05    2.5000000000E-01    7.9987606360E+02
    6.8125000000E-01   -2.4287403147E-05    2.5000000000E-01    7.9987606360E+02
    6.6875000000E-01   -2.4287403147E-05    2.5000000000E-01    7.9987606360E+02
    6.5625000000E-01   -2.4287403147E-05    2.5000000000E-01    7.9987606360E+02
    6.4375000000E-01   -2.4287403147E-05    2.5000000000E-01    7.9987606360E+02
    6.3125000000E-01   -2.4287403147E-05    2.5000000000E-01    7.9987606360E+02
    6.1875000000E-01   -2.4287403147E-05    2.5000000000E-01    7.9987606360E+02
    6.0625000000E-01   -2.4287403147E-05    2.5000000000E-01    7.9987606360E+02
    5.9375000000E-01   -2.4287403147E-05    2.5000000000E-01    7.9987606360E+02
    5.8125000000E-01   -2.4287403147E-05    2.5000000000E-01    7.9987606360E+02
    5.6875000000E-01   -2.4287403147E-05    2.5000000000E-01    7.9987606360E+02
    5.5625000000E-01   -2.4287403147E-05    2.5000000000E-01    7.9987606360E+02
    5.4375000000E-01   -2.4287403147E-05    2.5000000000E-01    7.9987606360E+02
    5.3125000000E-01   -2.4287403147E-05    2.5000000000E-01    7.9987606360E+02
    5.1875000000E-01   -2.4287403147E-05    2.5000000000E-01    7.9987606360E+02
    5.0625000000E-01   -2.4287403147E-05    2.5000000000E-01    7.9987606360E+02
    9.9375000000E-01   -3.1986835299E-05    2.5000000000E-01    7.9983756664E+02
    9.8125000000E-01   -3.1986835299E-05    2.5000000000E-01    7.9983756664E+02
    9.6875000000E-01   -3.1986835299E-05    2.5000000000E-01    7.9983756664E+02
    9.5625000000E-01   -3.1986835299E-05    2.5000000000E-01    7.9983756664E+02
    9.4375000000E-01   -3.1986835299E-05    2.5000000000E-01    7.9983756664E+02
    9.3125000000E-01   -3.1986835299E-05    2.5000000000E-01    7.9983756664E+02
    9.1875000000E-01   -3.1986835299E-05    2.5000000000E-01    7.9983756664E+02
    9.0625000000E-01   -3.1986835299E-05    2.5000000000E-01    7.9983756664E+02
    8.9375000000E-01   -3.1986835299E-05    2.5000000000E-01    7.9983756664E+02
    8.8125000000E-01   -3.1986835299E-05    2.5000000000E-01    7.9983756664E+02
    8.6875000000E-01   -3.1986835299E-05    2.5000000000E-01    7.9983756664E+02
    8.5625000000E-01   -3.1986835299E-05    2.5000000000E-01    7.9983756664E+02
    8.4375000000E-01   -3.1986835299E-05    2.5000000000E-01    7.9983756664E+02
    8.3125000000E-01   -3.1986835299E-05    2.5000000000E-01    7.9983756664E+02
    8.1875000000E-01   -3.1986835299E-05    2.5000000000E-01    7.9983756664E+02
    8.0625000000E-01   -3.1986835299E-05    2.5000000000E-01    7.9983756664E+02
    7.9375000000E-01   -3.1986835299E-05    2.5000000000E-01    7.9983756664E+02
    7.8125000000E-01   -3.1986835299E-05    2.5000000000E-01    7.9983756664E+02
    7.6875000000E-01   -3.1986835299E-05    2.5000000000E-01    7.9983756664E+02
    7.5625000000E-01   -3.1986835299E-05    2.5000000000E-01    7.9983756664E+02
    7.4375000000E-01   -3.1986835299E-05    2.5000000000E-01    7.9983756664E+02
    7.3125000000E-01   -3.1986835299E-05    2.5000000000E-01    7.9983756664E+02
    7.1875000000E-01   -3.1986835299E-05    2.5000000000E-01    7.9983756664E+02
    7.0625000000E-01   -3.1986835299E-05    2.5000000000E-01    7.9983756664E+02
    6.9375000000E-01   -3.1986835299E-05    2.5000000000E-01    7.9983756664E+02
    6.8125000000E-01   -3.1986835299E-05    2.5000000000E-01    7.9983756664E+02
    6.6875000000E-01   -3.1986835299E-05    2.5000000000E-01    7.9983756664E+02
    6.5625000000E-01   -3.1986835299E-05    2.5000000000E-01    7.9983756664E+02
    6.4375000000E-01   -3.1986835299E-05    2.5000000000E-01    7.9983756664E+02
    6.3125000000E-01   -3.1986835299E-05    2.5000000000E-01    7.9983756664E+02
    6.1875000000E-01   -3.1986835299E-05    2.5000000000E-01    7.9983756664E+02
    6.0625000000E-01   -3.1986835299E-05    2.5000000000E-01    7.9983756664E+02
    5.9375000000E-01   -3.1986835299E-05    2.5000000000E-01    7.9983756664E+02
    5.8125000000E-01   -3.1986835299E-05    2.5000000000E-01    7.9983756664E+02
    5.6875000000E-01   -3.1986835299E-05    2.5000000000E-01    7.9983756664E+02
    5.5625000000E-01   -3.1986835299E-05    2.5000000000E-01    7.9983756664E+02
    5.4375000000E-01   -3.1986835299E-05    2.5000000000E-01    7.9983756664E+02
    5.3125000000E-01   -3.1986835299E-05    2.5000000000E-01    7.9983756664E+02
    5.1875000000E-01   -3.1986835299E-05    2.5000000000E-01    7.9983756664E+02
    5.0625000000E-01   -3.1986835299E-05    2.5000000000E-01    7.9983756664E+02
    9.9375000000E-01   -4.2085145016E-05    2.5000000000E-01    7.9978707534E+02
    9.8125000000E-01   -4.2085145016E-05    2.5000000000E-01    7.9978707534E+02
    9.6875000000E-01   -4.2085145016E-05    2.5000000000E-01    7.9978707534E+02
    9.5625000000E-01   -4.2085145016E-05    2.5000000000E-01    7.9978707534E+02
    9.4375000000E-01   -4.2085145016E-05    2.5000000000E-01    7.9978707534E+02
    9.3125000000E-01   -4.2085145016E-05    2.5000000000E-01    7.9978707534E+02
    9.1875000000E-01   -4.2085145016E-05    2.5000000000E-01    7.9978707534E+02
    9.0625000000E-01   -4.2085145016E-05    2.5000000000E-01    7.9978707534E+02
    8.9375000000E-01   -4.2085145016E-05    2.5000000000E-01    7.9978707534E+02
    8.8125000000E-01   -4.2085145016E-05    2.5000000000E-01    7.9978707534E+02
    8.6875000000E-01   -4.2085145016E-05    2.5000000000E-01    7.9978707534E+02
    8.5625000000E-01   -4.2085145016E-05    2.5000000000E-01    7.9978707534E+02
    8.4375000000E-01   -4.2085145016E-05    2.5000000000E-01    7.9978707534E+02
    8.3125000000E-01   -4.2085145016E-05    2.5000000000E-01    7.9978707534E+02
    8.1875000000E-01   -4.2085145016E-05    2.5000000000E-01    7.9978707534E+02
    8.0625000000E-01   -4.2085145016E-05    2.5000000000E-01    7.9978707534E+02
    7.9375000000E-01   -4.2085145016E-05    2.5000000000E-01    7.9978707534E+02
    7.8125000000E-01   -4.2085145016E-05    2.5000000000E-01    7.9978707534E+02
    7.6875000000E-01   -4.2085145016E-05    2.5000000000E-01    7.9978707534E+02
    7.5625000000E-01   -4.2085145016E-05    2.5000000000E-01    7.9978707534E+02
    7.4375000000E-01   -4.2085145016E-05    2.5000000000E-01    7.9978707534E+02
    7.3125000000E-01   -4.2085145016E-05    2.5000000000E-01    7.9978707534E+02
    7.1875000000E-01   -4.2085145016E-05    2.5000000000E-01    7.9978707534E+02
    7.0625000000E-01   -4.2085145016E-05    2.5000000000E-01    7.9978707534E+02
    6.9375000000E-01   -4.2085145016E-05    2.5000000000E-01    7.9978707534E+02
    6.8125000000E-01   -4.2085145016E-05    2.5000000000E-01    7.9978707534E+02
    6.6875000000E-01   -4.2085145016E-05    2.5000000000E-01    7.9978707534E+02
    6.5625000000E-01   -4.2085145016E-05    2.5000000000E-01    7.9978707534E+02
    6.4375000000E-01   -4.2085145016E-05    2.5000000000E-01    7.9978707534E+02
    6.3125000000E-01   -4.2085145016E-05    2.5000000000E-01    7.9978707534E+02
    6.1875000000E-01   -4.2085145016E-05    2.5000000000E-01    7.9978707534E+02
    6.0625000000E-01   -4.2085145016E-05    2.5000000000E-01    7.9978707534E+02
    5.9375000000E-01   -4.2085145016E-05    2.5000000000E-01    7.9978707534E+02
    5.8125000000E-01   -4.2085145016E-05    2.5000000000E-01    7.9978707534E+02
    5.6875000000E-01   -4.2085145016E-05    2.5000000000E-01    7.9978707534E+02
    5.5625000000E-01   -4.2085145016E-05    2.5000000000E-01    7.9978707534E+02
    5.4375000000E-01   -4.2085145016E-05    2.5000000000E-01    7.9978707534E+02
    5.3125000000E-01   -4.2085145016E-05    2.5000000000E-01    7.9978707534E+02
    5.1875000000E-01   -4.2085145016E-05    2.5000000000E-01    7.9978707534E+02
    5.0625000000E-01   -4.2085145016E-05    2.5000000000E-01    7.9978707534E+02
    9.9375000000E-01   -5.5339662881E-05    2.5000000000E-01    7.9972080308E+02
    9.8125000000E-01   -5.5339662881E-05    2.5000000000E-01    7.9972080308E+02
    9.6875000000E-01   -5.5339662881E-05    2.5000000000E-01    7.9972080308E+02
    9.5625000000E-01   -5.5339662881E-05    2.5000000000E-01    7.9972080308E+02
    9.4375000000E-01   -5.5339662881E-05    2.5000000000E-01    7.9972080308E+02
    9.3125000000E-01   -5.5339662881E-05    2.5000000000E-01    7.9972080308E+02
    9.1875000000E-01   -5.5339662881E-05    2.5000000000E-01    7.9972080308E+02
    9.0625000000E-01   -5.5339662881E-05    2.5000000000E-01    7.9972080308E+02
    8.9375000000E-01   -5.5339662881E-05    2.5000000000E-01    7.9972080308E+02
    8.8125000000E-01   -5.5339662881E-05    2.5000000000E-01    7.9972080308E+02
    8.6875000000E-01   -5.5339662881E-05    2.5000000000E-01    7.9972080308E+02
    8.5625000000E-01   -5.5339662881E-05    2.5000000000E-01    7.9972080308E+02
    8.4375000000E-01   -5.5339662881E-05    2.5000000000E-01    7.9972080308E+02
    8.3125000000E-01   -5.5339662881E-05    2.5000000000E-01    7.9972080308E+02
    8.1875000000E-01   -5.5339662881E-05    2.5000000000E-01    7.9972080308E+02
    8.0625000000E-01   -5.5339662881E-05    2.5000000000E-01    7.9972080308E+02
    7.9375000000E-01   -5.5339662881E-05    2.5000000000E-01    7.9972080308E+02
    7.8125000000E-01   -5.5339662881E-05    2.5000000000E-01    7.9972080308E+02
    7.6875000000E-01   -5.5339662881E-05    2.5000000000E-01    7.9972080308E+02
    7.5625000000E-01   -5.5339662881E-05    2.5000000000E-01    7.9972080308E+02
    7.4375000000E-01   -5.5339662881E-05    2.5000000000E-01    7.9972080308E+02
    7.3125000000E-01   -5.5339662881E-05    2.5000000000E-01    7.9972080308E+02
    7.1875000000E-01   -5.5339662881E-05    2.5000000000E-01    7.9972080308E+02
    7.0625000000E-01   -5.5339662881E-05    2.5000000000E-01    7.9972080308E+02
    6.9375000000E-01   -5.5339662881E-05    2.5000000000E-01    7.9972080308E+02
    6.8125000000E-01   -5.5339662881E-05    2.5000000000E-01    7.9972080308E+02
    6.6875000000E-01   -5.5339662881E-05    2.5000000000E-01    7.9972080308E+02
    6.5625000000E-01   -5.5339662881E-05    2.5000000000E-01    7.9972080308E+02
    6.4375000000E-01   -5.5339662881E-05    2.5000000000E-01    7.9972080308E+02
    6.3125000000E-01   -5.5339662881E-05    2.5000000000E-01    7.9972080308E+02
    6.1875000000E-01   -5.5339662881E-05    2.5000000000E-01    7.9972080308E+02
    6.0625000000E-01   -5.5339662881E-05    2.5000000000E-01    7.9972080308E+02
    5.9375000000E-01   -5.5339662881E-05    2.5000000000E-01    7.9972080308E+02
    5.8125000000E-01   -5.5339662881E-05    2.5000000000E-01    7.9972080308E+02
    5.6875000000E-01   -5.5339662881E-05    2.5000000000E-01    7.9972080308E+02
    5.5625000000E-01   -5.5339662881E-05    2.5000000000E-01    7.9972080308E+02
    5.4375000000E-01   -5.5339662881E-05    2.5000000000E-01    7.9972080308E+02
    5.3125000000E-01   -5.5339662881E-05    2.5000000000E-01    7.9972080308E+02
    5.1875000000E-01   -5.5339662881E-05    2.5000000000E-01    7.9972080308E+02
    5.0625000000E-01   -5.5339662881E-05    2.5000000000E-01    7.9972080308E+02
    9.9375000000E-01   -7.2744421759E-05    2.5000000000E-01    7.9963377972E+02
    9.8125000000E-01   -7.2744421759E-05    2.5000000000E-01    7.9963377972E+02
    9.6875000000E-01   -7.2744421759E-05    2.5000000000E-01    7.9963377972E+02
    9.5625000000E-01   -7.2744421759E-05    2.5000000000E-01    7.9963377972E+02
    9.4375000000E-01   -7.2744421759E-05    2.5000000000E-01    7.9963377972E+02
    9.3125000000E-01   -7.2744421759E-05    2.5000000000E-01    7.9963377972E+02
    9.1875000000E-01   -7.2744421759E-05    2.5000000000E-01    7.9963377972E+02
    9.0625000000E-01   -7.2744421759E-05    2.5000000000E-01    7.9963377972E+02
    8.9375000000E-01   -7.2744421759E-05    2.5000000000E-01    7.9963377972E+02
    8.8125000000E-01   -7.2744421759E-05    2.5000000000E-01    7.9963377972E+02
    8.6875000000E-01   -7.2744421759E-05    2.5000000000E-01    7.9963377972E+02
    8.5625000000E-01   -7.2744421759E-05    2.5000000000E-01    7.9963377972E+02
    8.4375000000E-01   -7.2744421759E-05    2.5000000000E-01    7.9963377972E+02
    8.3125000000E-01   -7.2744421759E-05    2.5000000000E-01    7.9963377972E+02
    8.1875000000E-01   -7.2744421759E-05    2.5000000000E-01    7.9963377972E+02
    8.0625000000E-01   -7.2744421759E-05    2.5000000000E-01    7.9963377972E+02
    7.9375000000E-01   -7.2744421759E-05    2.5000000000E-01    7.9963377972E+02
    7.8125000000E-01   -7.2744421759E-05    2.5000000000E-01    7.9963377972E+02
    7.6875000000E-01   -7.2744421759E-05    2.5000000000E-01    7.9963377972E+02
    7.5625000000E-01   -7.2744421759E-05    2.5000000000E-01    7.9963377972E+02
    7.4375000000E-01   -7.2744421759E-05    2.5000000000E-01    7.9963377972E+02
    7.3125000000E-01   -7.2744421759E-05    2.5000000000E-01    7.9963377972E+02
    7.1875000000E-01   -7.2744421759E-05    2.5000000000E-01    7.9963377972E+02
    7.0625000000E-01   -7.2744421759E-05    2.5000000000E-01    7.9963377972E+02
    6.9375000000E-01   -7.2744421759E-05    2.5000000000E-01    7.9963377972E+02
    6.8125000000E-01   -7.2744421759E-05    2.5000000000E-01    7.9963377972E+02
    6.6875000000E-01   -7.2744421759E-05    2.5000000000E-01    7.9963377972E+02
    6.5625000000E-01   -7.2744421759E-05    2.5000000000E-01    7.9963377972E+02
    6.4375000000E-01   -7.2744421759E-05    2.5000000000E-01    7.9963377972E+02
    6.3125000000E-01   -7.2744421759E-05    2.5000000000E-01    7.9963377972E+02
    6.1875000000E-01   -7.2744421759E-05    2.5000000000E-01    7.9963377972E+02
    6.0625000000E-01   -7.2744421759E-05    2.5000000000E-01    7.9963377972E+02
    5.9375000000E-01   -7.2744421759E-05    2.5000000000E-01    7.9963377972E+02
    5.8125000000E-01   -7.2744421759E-05    2.5000000000E-01    7.9963377972E+02
    5.6875000000E-01   -7.2744421759E-05    2.5000000000E-01    7.9963377972E+02
    5.5625000000E-01   -7.2744421759E-05    2.5000000000E-01    7.9963377972E+02
    5.4375000000E-01   -7.2744421759E-05    2.5000000000E-01    7.9963377972E+02
    5.3125000000E-01   -7.2744421759E-05    2.5000000000E-01    7.9963377972E+02
    5.1875000000E-01   -7.2744421759E-05    2.5000000000E-01    7.9963377972E+02
    5.0625000000E-01   -7.2744421759E-05    2.5000000000E-01    7.9963377972E+02
    9.9375000000E-01   -9.5604705064E-05    2.5000000000E-01    7.9951947888E+02
    9.8125000000E-01   -9.5604705064E-05    2.5000000000E-01    7.9951947888E+02
    9.6875000000E-01   -9.5604705064E-05    2.5000000000E-01    7.9951947888E+02
    9.5625000000E-01   -9.5604705064E-05    2.5000000000E-01    7.9951947888E+02
    9.4375000000E-01   -9.5604705064E-05    2.5000000000E-01    7.9951947888E+02
    9.3125000000E-01   -9.5604705064E-05    2.5000000000E-01    7.9951947888E+02
    9.1875000000E-01   -9.5604705064E-05    2.5000000000E-01    7.9951947888E+02
    9.0625000000E-01   -9.5604705064E-05    2.5000000000E-01    7.9951947888E+02
    8.9375000000E-01   -9.5604705064E-05    2.5000000000E-01    7.9951947888E+02
    8.8125000000E-01   -9.5604705064E-05    2.5000000000E-01    7.9951947888E+02
    8.6875000000E-01   -9.5604705064E-05    2.5000000000E-01    7.9951947888E+02
    8.5625000000E-01   -9.5604705064E-05    2.5000000000E-01    7.9951947888E+02
    8.4375000000E-01   -9.5604705064E-05    2.5000000000E-01    7.9951947888E+02
    8.3125000000E-01   -9.5604705064E-05    2.5000000000E-01    7.9951947888E+02
    8.1875000000E-01   -9.5604705064E-05    2.5000000000E-01    7.9951947888E+02
    8.0625000000E-01   -9.5604705064E-05    2.5000000000E-01    7.9951947888E+02
    7.9375000000E-01   -9.5604705064E-05    2.5000000000E-01    7.9951947888E+02
    7.8125000000E-01   -9.5604705064E-05    2.5000000000E-01    7.9951947888E+02
    7.6875000000E-01   -9.5604705064E-05    2.5000000000E-01    7.9951947888E+02
    7.5625000000E-01   -9.5604705064E-05    2.5000000000E-01    7.9951947888E+02
    7.4375000000E-01   -9.5604705064E-05    2.5000000000E-01    7.9951947888E+02
    7.3125000000E-01   -9.5604705065E-05    2.5000000000E-01    7.9951947888E+02
    7.1875000000E-01   -9.5604705065E-05    2.5000000000E-01    7.9951947888E+02
    7.0625000000E-01   -9.5604705065E-05    2.5000000000E-01    7.9951947888E+02
    6.9375000000E-01   -9.5604705065E-05    2.5000000000E-01    7.9951947888E+02
    6.8125000000E-01   -9.5604705065E-05    2.5000000000E-01    7.9951947888E+02
    6.6875000000E-01   -9.5604705065E-05    2.5000000000E-01    7.9951947888E+02
    6.5625000000E-01   -9.5604705065E-05    2.5000000000E-01    7.9951947888E+02
    6.4375000000E-01   -9.5604705065E-05    2.5000000000E-01    7.9951947888E+02
    6.3125000000E-01   -9.5604705065E-05    2.5000000000E-01    7.9951947888E+02
    6.1875000000E-01   -9.5604705065E-05    2.5000000000E-01    7.9951947888E+02
    6.0625000000E-01   -9.5604705065E-05    2.5000000000E-01    7.9951947888E+02
    5.9375000000E-01   -9.5604705065E-05    2.5000000000E-01    7.9951947888E+02
    5.8125000000E-01   -9.5604705065E-05    2.5000000000E-01    7.9951947888E+02
    5.6875000000E-01   -9.5604705065E-05    2.5000000000E-01    7.9951947888E+02
    5.5625000000E-01   -9.5604705065E-05    2.5000000000E-01    7.9951947888E+02
    5.4375000000E-01   -9.5604705065E-05    2.5000000000E-01    7.9951947888E+02
    5.3125000000E-01   -9.5604705065E-05    2.5000000000E-01    7.9951947888E+02
    5.1875000000E-01   -9.5604705065E-05    2.5000000000E-01    7.9951947888E+02
    5.0625000000E-01   -9.5604705065E-05    2.5000000000E-01    7.9951947888E+02
    9.9375000000E-01   -1.2563493751E-04    2.5000000000E-01    7.9936932847E+02
    9.8125000000E-01   -1.2563493751E-04    2.5000000000E-01    7.9936932847E+02
    9.6875000000E-01   -1.2563493751E-04    2.5000000000E-01    7.9936932847E+02
    9.5625000000E-01   -1.2563493751E-04    2.5000000000E-01    7.9936932847E+02
    9.4375000000E-01   -1.2563493751E-04    2.5000000000E-01    7.9936932847E+02
    9.3125000000E-01   -1.2563493751E-04    2.5000000000E-01    7.9936932847E+02
    9.1875000000E-01   -1.2563493751E-04    2.5000000000E-01    7.9936932847E+02
    9.0625000000E-01   -1.2563493751E-04    2.5000000000E-01    7.9936932847E+02
    8.9375000000E-01   -1.2563493751E-04    2.5000000000E-01    7.9936932847E+02
    8.8125000000E-01   -1.2563493751E-04    2.5000000000E-01    7.9936932847E+02
    8.6875000000E-01   -1.2563493751E-04    2.5000000000E-01    7.9936932847E+02
    8.5625000000E-01   -1.2563493751E-04    2.5000000000E-01    7.9936932847E+02
    8.4375000000E-01   -1.2563493751E-04    2.5000000000E-01    7.9936932847E+02
    8.3125000000E-01   -1.2563493751E-04    2.5000000000E-01    7.9936932847E+02
    8.1875000000E-01   -1.2563493751E-04    2.5000000000E-01    7.9936932847E+02
    8.0625000000E-01   -1.2563493751E-04    2.5000000000E-01    7.9936932847E+02
    7.9375000000E-01   -1.2563493751E-04    2.5000000000E-01    7.9936932847E+02
    7.8125000000E-01   -1.2563493751E-04    2.5000000000E-01    7.9936932847E+02
    7.6875000000E-01   -1.2563493751E-04    2.5000000000E-01    7.9936932847E+02
    7.5625000000E-01   -1.2563493751E-04    2.5000000000E-01    7.9936932847E+02
    7.4375000000E-01   -1.2563493751E-04    2.5000000000E-01    7.9936932847E+02
    7.3125000000E-01   -1.2563493751E-04    2.5000000000E-01    7.9936932847E+02
    7.1875000000E-01   -1.2563493751E-04    2.5000000000E-01    7.9936932847E+02
    7.0625000000E-01   -1.2563493751E-04    2.5000000000E-01    7.9936932847E+02
    6.9375000000E-01   -1.2563493751E-04    2.5000000000E-01    7.9936932847E+02
    6.8125000000E-01   -1.2563493751E-04    2.5000000000E-01    7.9936932847E+02
    6.6875000000E-01   -1.2563493751E-04    2.5000000000E-01    7.9936932847E+02
    6.5625000000E-01   -1.2563493751E-04    2.5000000000E-01    7.9936932847E+02
    6.4375000000E-01   -1.2563493751E-04    2.5000000000E-01    7.9936932847E+02
    6.3125000000E-01   -1.2563493751E-04    2.5000000000E-01    7.9936932847E+02
    6.1875000000E-01   -1.2563493751E-04    2.5000000000E-01    7.9936932847E+02
    6.0625000000E-01   -1.2563493751E-04    2.5000000000E-01    7.9936932847E+02
    5.9375000000E-01   -1.2563493751E-04    2.5000000000E-01    7.9936932847E+02
    5.8125000000E-01   -1.2563493751E-04    2.5000000000E-01    7.9936932847E+02
    5.6875000000E-01   -1.2563493751E-04    2.5000000000E-01    7.9936932847E+02
    5.5625000000E-01   -1.2563493751E-04    2.5000000000E-01    7.9936932847E+02
    5.4375000000E-01   -1.2563493751E-04    2.5000000000E-01    7.9936932847E+02
    5.3125000000E-01   -1.2563493751E-04    2.5000000000E-01    7.9936932847E+02
    5.1875000000E-01   -1.2563493751E-04    2.5000000000E-01    7.9936932847E+02
    5.0625000000E-01   -1.2563493751E-04    2.5000000000E-01    7.9936932847E+02
    9.9375000000E-01   -1.6508725969E-04    2.5000000000E-01    7.9917206784E+02
    9.8125000000E-01   -1.6508725969E-04    2.5000000000E-01    7.9917206784E+02
    9.6875000000E-01   -1.6508725969E-04    2.5000000000E-01    7.9917206784E+02
    9.5625000000E-01   -1.6508725969E-04    2.5000000000E-01    7.9917206784E+02
    9.4375000000E-01   -1.6508725969E-04    2.5000000000E-01    7.9917206784E+02
    9.3125000000E-01   -1.6508725969E-04    2.5000000000E-01    7.9917206784E+02
    9.1875000000E-01   -1.6508725969E-04    2.5000000000E-01    7.9917206784E+02
    9.0625000000E-01   -1.6508725969E-04    2.5000000000E-01    7.9917206784E+02
    8.9375000000E-01   -1.6508725969E-04    2.5000000000E-01    7.9917206784E+02
    8.8125000000E-01   -1.6508725969E-04    2.5000000000E-01    7.9917206784E+02
    8.6875000000E-01   -1.6508725969E-04    2.5000000000E-01    7.9917206784E+02
    8.5625000000E-01   -1.6508725969E-04    2.5000000000E-01    7.9917206784E+02
    8.4375000000E-01   -1.6508725969E-04    2.5000000000E-01    7.9917206784E+02
    8.3125000000E-01   -1.6508725969E-04    2.5000000000E-01    7.9917206784E+02
    8.1875000000E-01   -1.6508725969E-04    2.5000000000E-01    7.9917206784E+02
    8.0625000000E-01   -1.6508725969E-04    2.5000000000E-01    7.9917206784E+02
    7.9375000000E-01   -1.6508725969E-04    2.5000000000E-01    7.9917206784E+02
    7.8125000000E-01   -1.6508725969E-04    2.5000000000E-01    7.9917206784E+02
    7.6875000000E-01   -1.6508725969E-04    2.5000000000E-01    7.9917206784E+02
    7.5625000000E-01   -1.6508725969E-04    2.5000000000E-01    7.9917206784E+02
    7.4375000000E-01   -1.6508725969E-04    2.5000000000E-01    7.9917206784E+02
    7.3125000000E-01   -1.6508725969E-04    2.5000000000E-01    7.9917206784E+02
    7.1875000000E-01   -1.6508725969E-04    2.5000000000E-01    7.9917206784E+02
    7.0625000000E-01   -1.6508725969E-04    2.5000000000E-01    7.9917206784E+02
    6.9375000000E-01   -1.6508725969E-04    2.5000000000E-01    7.9917206784E+02
    6.8125000000E-01   -1.6508725969E-04    2.5000000000E-01    7.9917206784E+02
    6.6875000000E-01   -1.6508725969E-04    2.5000000000E-01    7.9917206784E+02
    6.5625000000E-01   -1.6508725969E-04    2.5000000000E-01    7.9917206784E+02
    6.4375000000E-01   -1.6508725969E-04    2.5000000000E-01    7.9917206784E+02
    6.3125000000E-01   -1.6508725969E-04    2.5000000000E-01    7.9917206784E+02
    6.1875000000E-01   -1.6508725969E-04    2.5000000000E-01    7.9917206784E+02
    6.0625000000E-01   -1.6508725969E-04    2.5000000000E-01    7.9917206784E+02
    5.9375000000E-01   -1.6508725969E-04    2.5000000000E-01    7.9917206784E+02
    5.8125000000E-01   -1.6508725969E-04    2.5000000000E-01    7.9917206784E+02
    5.6875000000E-01   -1.6508725969E-04    2.5000000000E-01    7.9917206784E+02
    5.5625000000E-01   -1.6508725969E-04    2.5000000000E-01    7.9917206784E+02
    5.4375000000E-01   -1.6508725969E-04    2.5000000000E-01    7.9917206784E+02
    5.3125000000E-01   -1.6508725969E-04    2.5000000000E-01    7.9917206784E+02
    5.1875000000E-01   -1.6508725969E-04    2.5000000000E-01    7.9917206784E+02
    5.0625000000E-01   -1.6508725969E-04    2.5000000000E-01    7.9917206784E+02
    9.9375000000E-01   -2.1692042919E-04    2.5000000000E-01    7.9891290329E+02
    9.8125000000E-01   -2.1692042919E-04    2.5000000000E-01    7.9891290329E+02
    9.6875000000E-01   -2.1692042919E-04    2.5000000000E-01    7.9891290329E+02
    9.5625000000E-01   -2.1692042919E-04    2.5000000000E-01    7.9891290329E+02
    9.4375000000E-01   -2.1692042919E-04    2.5000000000E-01    7.9891290329E+02
    9.3125000000E-01   -2.1692042919E-04    2.5000000000E-01    7.9891290329E+02
    9.1875000000E-01   -2.1692042919E-04    2.5000000000E-01    7.9891290329E+02
    9.0625000000E-01   -2.1692042919E-04    2.5000000000E-01    7.9891290329E+02
    8.9375000000E-01   -2.1692042919E-04    2.5000000000E-01    7.9891290329E+02
    8.8125000000E-01   -2.1692042919E-04    2.5000000000E-01    7.9891290329E+02
    8.6875000000E-01   -2.1692042919E-04    2.5000000000E-01    7.9891290329E+02
    8.5625000000E-01   -2.1692042919E-04    2.5000000000E-01    7.9891290329E+02
    8.4375000000E-01   -2.1692042919E-04    2.5000000000E-01    7.9891290329E+02
    8.3125000000E-01   -2.1692042919E-04    2.5000000000E-01    7.9891290329E+02
    8.1875000000E-01   -2.1692042919E-04    2.5000000000E-01    7.9891290329E+02
    8.0625000000E-01   -2.1692042919E-04    2.5000000000E-01    7.9891290329E+02
    7.9375000000E-01   -2.1692042919E-04    2.5000000000E-01    7.9891290329E+02
    7.8125000000E-01   -2.1692042919E-04    2.5000000000E-01    7.9891290329E+02
    7.6875000000E-01   -2.1692042919E-04    2.5000000000E-01    7.9891290329E+02
    7.5625000000E-01   -2.1692042919E-04    2.5000000000E-01    7.9891290329E+02
    7.4375000000E-01   -2.1692042919E-04    2.5000000000E-01    7.9891290329E+02
    7.3125000000E-01   -2.1692042919E-04    2.5000000000E-01    7.9891290329E+02
    7.1875000000E-01   -2.1692042919E-04    2.5000000000E-01    7.9891290329E+02
    7.0625000000E-01   -2.1692042919E-04    2.5000000000E-01    7.9891290329E+02
    6.9375000000E-01   -2.1692042919E-04    2.5000000000E-01    7.9891290329E+02
    6.8125000000E-01   -2.1692042919E-04    2.5000000000E-01    7.9891290329E+02
    6.6875000000E-01   -2.1692042919E-04    2.5000000000E-01    7.9891290329E+02
    6.5625000000E-01   -2.1692042919E-04    2.5000000000E-01    7.9891290329E+02
    6.4375000000E-01   -2.1692042919E-04    2.5000000000E-01    7.9891290329E+02
    6.3125000000E-01   -2.1692042919E-04    2.5000000000E-01    7.9891290329E+02
    6.1875000000E-01   -2.1692042919E-04    2.5000000000E-01    7.9891290329E+02
    6.0625000000E-01   -2.1692042919E-04    2.5000000000E-01    7.9891290329E+02
    5.9375000000E-01   -2.1692042919E-04    2.5000000000E-01    7.9891290329E+02
    5.8125000000E-01   -2.1692042919E-04    2.5000000000E-01    7.9891290329E+02
    5.6875000000E-01   -2.1692042919E-04    2.5000000000E-01    7.9891290329E+02
    5.5625000000E-01   -2.1692042919E-04    2.5000000000E-01    7.9891290329E+02
    5.4375000000E-01   -2.1692042919E-04    2.5000000000E-01    7.9891290329E+02
    5.3125000000E-01   -2.1692042919E-04    2.5000000000E-01    7.9891290329E+02
    5.1875000000E-01   -2.1692042919E-04    2.5000000000E-01    7.9891290329E+02
    5.0625000000E-01   -2.1692042919E-04    2.5000000000E-01    7.9891290329E+02
    9.9375000000E-01   -2.8502171480E-04    2.5000000000E-01    7.9857239856E+02
    9.8125000000E-01   -2.8502171480E-04    2.5000000000E-01    7.9857239856E+02
    9.6875000000E-01   -2.8502171480E-04    2.5000000000E-01    7.9857239856E+02
    9.5625000000E-01   -2.8502171480E-04    2.5000000000E-01    7.9857239856E+02
    9.4375000000E-01   -2.8502171480E-04    2.5000000000E-01    7.9857239856E+02
    9.3125000000E-01   -2.8502171480E-04    2.5000000000E-01    7.9857239856E+02
    9.1875000000E-01   -2.8502171480E-04    2.5000000000E-01    7.9857239856E+02
    9.0625000000E-01   -2.8502171480E-04    2.5000000000E-01    7.9857239856E+02
    8.9375000000E-01   -2.8502171480E-04    2.5000000000E-01    7.9857239856E+02
    8.8125000000E-01   -2.8502171480E-04    2.5000000000E-01    7.9857239856E+02
    8.6875000000E-01   -2.8502171480E-04    2.5000000000E-01    7.9857239856E+02
    8.5625000000E-01   -2.8502171480E-04    2.5000000000E-01    7.9857239856E+02
    8.4375000000E-01   -2.8502171480E-04    2.5000000000E-01    7.9857239856E+02
    8.3125000000E-01   -2.8502171480E-04    2.5000000000E-01    7.9857239856E+02
    8.1875000000E-01   -2.8502171480E-04    2.5000000000E-01    7.9857239856E+02
    8.0625000000E-01   -2.8502171480E-04    2.5000000000E-01    7.9857239856E+02
    7.9375000000E-01   -2.8502171480E-04    2.5000000000E-01    7.9857239856E+02
    7.8125000000E-01   -2.8502171480E-04    2.5000000000E-01    7.9857239856E+02
    7.6875000000E-01   -2.8502171480E-04    2.5000000000E-01    7.9857239856E+02
    7.5625000000E-01   -2.8502171480E-04    2.5000000000E-01    7.9857239856E+02
    7.4375000000E-01   -2.8502171480E-04    2.5000000000E-01    7.9857239856E+02
    7.3125000000E-01   -2.8502171480E-04    2.5000000000E-01    7.9857239856E+02
    7.1875000000E-01   -2.8502171480E-04    2.5000000000E-01    7.9857239856E+02
    7.0625000000E-01   -2.8502171480E-04    2.5000000000E-01    7.9857239856E+02
    6.9375000000E-01   -2.8502171480E-04    2.5000000000E-01    7.9857239856E+02
    6.8125000000E-01   -2.8502171480E-04    2.5000000000E-01    7.9857239856E+02
    6.6875000000E-01   -2.8502171480E-04    2.5000000000E-01    7.9857239856E+02
    6.5625000000E-01   -2.8502171480E-04    2.5000000000E-01    7.9857239856E+02
    6.4375000000E-01   -2.8502171480E-04    2.5000000000E-01    7.9857239856E+02
    6.3125000000E-01   -2.8502171480E-04    2.5000000000E-01    7.9857239856E+02
    6.1875000000E-01   -2.8502171480E-04    2.5000000000E-01    7.9857239856E+02
    6.0625000000E-01   -2.8502171480E-04    2.5000000000E-01    7.9857239856E+02
    5.9375000000E-01   -2.8502171480E-04    2.5000000000E-01    7.9857239856E+02
    5.8125000000E-01   -2.8502171480E-04    2.5000000000E-01    7.9857239856E+02
    5.6875000000E-01   -2.8502171480E-04    2.5000000000E-01    7.9857239856E+02
    5.5625000000E-01   -2.8502171480E-04    2.5000000000E-01    7.9857239856E+02
    5.4375000000E-01   -2.8502171480E-04    2.5000000000E-01    7.9857239856E+02
    5.3125000000E-01   -2.8502171480E-04    2.5000000000E-01    7.9857239856E+02
    5.1875000000E-01   -2.8502171480E-04    2.5000000000E-01    7.9857239856E+02
    5.0625000000E-01   -2.8502171480E-04    2.5000000000E-01    7.9857239856E+02
    9.9375000000E-01   -3.7449842536E-04    2.5000000000E-01    7.9812501725E+02
    9.8125000000E-01   -3.7449842536E-04    2.5000000000E-01    7.9812501725E+02
    9.6875000000E-01   -3.7449842536E-04    2.5000000000E-01    7.9812501725E+02
    9.5625000000E-01   -3.7449842536E-04    2.5000000000E-01    7.9812501725E+02
    9.4375000000E-01   -3.7449842536E-04    2.5000000000E-01    7.9812501725E+02
    9.3125000000E-01   -3.7449842536E-04    2.5000000000E-01    7.9812501725E+02
    9.1875000000E-01   -3.7449842536E-04    2.5000000000E-01    7.9812501725E+02
    9.0625000000E-01   -3.7449842536E-04    2.5000000000E-01    7.9812501725E+02
    8.9375000000E-01   -3.7449842536E-04    2.5000000000E-01    7.9812501725E+02
    8.8125000000E-01   -3.7449842536E-04    2.5000000000E-01    7.9812501725E+02
    8.6875000000E-01   -3.7449842536E-04    2.5000000000E-01    7.9812501725E+02
    8.5625000000E-01   -3.7449842536E-04    2.5000000000E-01    7.9812501725E+02
    8.4375000000E-01   -3.7449842536E-04    2.5000000000E-01    7.9812501725E+02
    8.3125000000E-01   -3.7449842536E-04    2.5000000000E-01    7.9812501725E+02
    8.1875000000E-01   -3.7449842536E-04    2.5000000000E-01    7.9812501725E+02
    8.0625000000E-01   -3.7449842536E-04    2.5000000000E-01    7.9812501725E+02
    7.9375000000E-01   -3.7449842536E-04    2.5000000000E-01    7.9812501725E+02
    7.8125000000E-01   -3.7449842536E-04    2.5000000000E-01    7.9812501725E+02
    7.6875000000E-01   -3.7449842536E-04    2.5000000000E-01    7.9812501725E+02
    7.5625000000E-01   -3.7449842536E-04    2.5000000000E-01    7.9812501725E+02
    7.4375000000E-01   -3.7449842536E-04    2.5000000000E-01    7.9812501725E+02
    7.3125000000E-01   -3.7449842536E-04    2.5000000000E-01    7.9812501725E+02
    7.1875000000E-01   -3.7449842536E-04    2.5000000000E-01    7.9812501725E+02
    7.0625000000E-01   -3.7449842536E-04    2.5000000000E-01    7.9812501725E+02
    6.9375000000E-01   -3.7449842536E-04    2.5000000000E-01    7.9812501725E+02
    6.8125000000E-01   -3.7449842536E-04    2.5000000000E-01    7.9812501725E+02
    6.6875000000E-01   -3.7449842536E-04    2.5000000000E-01    7.9812501725E+02
    6.5625000000E-01   -3.7449842536E-04    2.5000000000E-01    7.9812501725E+02
    6.4375000000E-01   -3.7449842536E-04    2.5000000000E-01    7.9812501725E+02
    6.3125000000E-01   -3.7449842536E-04    2.5000000000E-01    7.9812501725E+02
    6.1875000000E-01   -3.7449842536E-04    2.5000000000E-01    7.9812501725E+02
    6.0625000000E-01   -3.7449842536E-04    2.5000000000E-01    7.9812501725E+02
    5.9375000000E-01   -3.7449842536E-04    2.5000000000E-01    7.9812501725E+02
    5.8125000000E-01   -3.7449842536E-04    2.5000000000E-01    7.9812501725E+02
    5.6875000000E-01   -3.7449842536E-04    2.5000000000E-01    7.9812501725E+02
    5.5625000000E-01   -3.7449842536E-04    2.5000000000E-01    7.9812501725E+02
    5.4375000000E-01   -3.7449842536E-04    2.5000000000E-01    7.9812501725E+02
    5.3125000000E-01   -3.7449842536E-04    2.5000000000E-01    7.9812501725E+02
    5.1875000000E-01   -3.7449842536E-04    2.5000000000E-01    7.9812501725E+02
    5.0625000000E-01   -3.7449842536E-04    2.5000000000E-01    7.9812501725E+02
    9.9375000000E-01   -4.9206093628E-04    2.5000000000E-01    7.9753720763E+02
    9.8125000000E-01   -4.9206093628E-04    2.5000000000E-01    7.9753720763E+02
    9.6875000000E-01   -4.9206093628E-04    2.5000000000E-01    7.9753720763E+02
    9.5625000000E-01   -4.9206093628E-04    2.5000000000E-01    7.9753720763E+02
    9.4375000000E-01   -4.9206093628E-04    2.5000000000E-01    7.9753720763E+02
    9.3125000000E-01   -4.9206093628E-04    2.5000000000E-01    7.9753720763E+02
    9.1875000000E-01   -4.9206093628E-04    2.5000000000E-01    7.9753720763E+02
    9.0625000000E-01   -4.9206093628E-04    2.5000000000E-01    7.9753720763E+02
    8.9375000000E-01   -4.9206093628E-04    2.5000000000E-01    7.9753720763E+02
    8.8125000000E-01   -4.9206093628E-04    2.5000000000E-01    7.9753720763E+02
    8.6875000000E-01   -4.9206093628E-04    2.5000000000E-01    7.9753720763E+02
    8.5625000000E-01   -4.9206093628E-04    2.5000000000E-01    7.9753720763E+02
    8.4375000000E-01   -4.9206093628E-04    2.5000000000E-01    7.9753720763E+02
    8.3125000000E-01   -4.9206093629E-04    2.5000000000E-01    7.9753720763E+02
    8.1875000000E-01   -4.9206093629E-04    2.5000000000E-01    7.9753720763E+02
    8.0625000000E-01   -4.9206093629E-04    2.5000000000E-01    7.9753720763E+02
    7.9375000000E-01   -4.9206093629E-04    2.5000000000E-01    7.9753720763E+02
    7.8125000000E-01   -4.9206093629E-04    2.5000000000E-01    7.9753720763E+02
    7.6875000000E-01   -4.9206093629E-04    2.5000000000E-01    7.9753720763E+02
    7.5625000000E-01   -4.9206093629E-04    2.5000000000E-01    7.9753720763E+02
    7.4375000000E-01   -4.9206093629E-04    2.5000000000E-01    7.9753720763E+02
    7.3125000000E-01   -4.9206093629E-04    2.5000000000E-01    7.9753720763E+02
    7.1875000000E-01   -4.9206093629E-04    2.5000000000E-01    7.9753720763E+02
    7.0625000000E-01   -4.9206093629E-04    2.5000000000E-01    7.9753720763E+02
    6.9375000000E-01   -4.9206093629E-04    2.5000000000E-01    7.9753720763E+02
    6.8125000000E-01   -4.9206093629E-04    2.5000000000E-01    7.9753720763E+02
    6.6875000000E-01   -4.9206093629E-04    2.5000000000E-01    7.9753720763E+02
    6.5625000000E-01   -4.9206093629E-04    2.5000000000E-01    7.9753720763E+02
    6.4375000000E-01   -4.9206093629E-04    2.5000000000E-01    7.9753720763E+02
    6.3125000000E-01   -4.9206093629E-04    2.5000000000E-01    7.9753720763E+02
    6.1875000000E-01   -4.9206093629E-04    2.5000000000E-01    7.9753720763E+02
    6.0625000000E-01   -4.9206093629E-04    2.5000000000E-01    7.9753720763E+02
    5.9375000000E-01   -4.9206093629E-04    2.5000000000E-01    7.9753720763E+02
    5.8125000000E-01   -4.9206093629E-04    2.5000000000E-01    7.9753720763E+02
    5.6875000000E-01   -4.9206093629E-04    2.5000000000E-01    7.9753720763E+02
    5.5625000000E-01   -4.9206093629E-04    2.5000000000E-01    7.9753720763E+02
    5.4375000000E-01   -4.9206093629E-04    2.5000000000E-01    7.9753720763E+02
    5.3125000000E-01   -4.9206093629E-04    2.5000000000E-01    7.9753720763E+02
    5.1875000000E-01   -4.9206093629E-04    2.5000000000E-01    7.9753720763E+02
    5.0625000000E-01   -4.9206093629E-04    2.5000000000E-01    7.9753720763E+02
    9.9375000000E-01   -6.4652593943E-04    2.5000000000E-01    7.9676488648E+02
    9.8125000000E-01   -6.4652593943E-04    2.5000000000E-01    7.9676488648E+02
    9.6875000000E-01   -6.4652593943E-04    2.5000000000E-01    7.9676488648E+02
    9.5625000000E-01   -6.4652593943E-04    2.5000000000E-01    7.9676488648E+02
    9.4375000000E-01   -6.4652593943E-04    2.5000000000E-01    7.9676488648E+02
    9.3125000000E-01   -6.4652593943E-04    2.5000000000E-01    7.9676488648E+02
    9.1875000000E-01   -6.4652593943E-04    2.5000000000E-01    7.9676488648E+02
    9.0625000000E-01   -6.4652593943E-04    2.5000000000E-01    7.9676488648E+02
    8.9375000000E-01   -6.4652593943E-04    2.5000000000E-01    7.9676488648E+02
    8.8125000000E-01   -6.4652593943E-04    2.5000000000E-01    7.9676488648E+02
    8.6875000000E-01   -6.4652593943E-04    2.5000000000E-01    7.9676488648E+02
    8.5625000000E-01   -6.4652593943E-04    2.5000000000E-01    7.9676488648E+02
    8.4375000000E-01   -6.4652593943E-04    2.5000000000E-01    7.9676488648E+02
    8.3125000000E-01   -6.4652593943E-04    2.5000000000E-01    7.9676488648E+02
    8.1875000000E-01   -6.4652593943E-04    2.5000000000E-01    7.9676488648E+02
    8.0625000000E-01   -6.4652593943E-04    2.5000000000E-01    7.9676488648E+02
    7.9375000000E-01   -6.4652593943E-04    2.5000000000E-01    7.9676488648E+02
    7.8125000000E-01   -6.4652593943E-04    2.5000000000E-01    7.9676488648E+02
    7.6875000000E-01   -6.4652593943E-04    2.5000000000E-01    7.9676488648E+02
    7.5625000000E-01   -6.4652593943E-04    2.5000000000E-01    7.9676488648E+02
    7.4375000000E-01   -6.4652593943E-04    2.5000000000E-01    7.9676488648E+02
    7.3125000000E-01   -6.4652593943E-04    2.5000000000E-01    7.9676488648E+02
    7.1875000000E-01   -6.4652593943E-04    2.5000000000E-01    7.9676488648E+02
    7.0625000000E-01   -6.4652593943E-04    2.5000000000E-01    7.9676488648E+02
    6.9375000000E-01   -6.4652593943E-04    2.5000000000E-01    7.9676488648E+02
    6.8125000000E-01   -6.4652593943E-04    2.5000000000E-01    7.9676488648E+02
    6.6875000000E-01   -6.4652593943E-04    2.5000000000E-01    7.9676488648E+02
    6.5625000000E-01   -6.4652593943E-04    2.5000000000E-01    7.9676488648E+02
    6.4375000000E-01   -6.4652593943E-04    2.5000000000E-01    7.9676488648E+02
    6.3125000000E-01   -6.4652593943E-04    2.5000000000E-01    7.9676488648E+02
    6.1875000000E-01   -6.4652593943E-04    2.5000000000E-01    7.9676488648E+02
    6.0625000000E-01   -6.4652593943E-04    2.5000000000E-01    7.9676488648E+02
    5.9375000000E-01   -6.4652593943E-04    2.5000000000E-01    7.9676488648E+02
    5.8125000000E-01   -6.4652593943E-04    2.5000000000E-01    7.9676488648E+02
    5.6875000000E-01   -6.4652593943E-04    2.5000000000E-01    7.9676488648E+02
    5.5625000000E-01   -6.4652593943E-04    2.5000000000E-01    7.9676488648E+02
    5.4375000000E-01   -6.4652593943E-04    2.5000000000E-01    7.9676488648E+02
    5.3125000000E-01   -6.4652593943E-04    2.5000000000E-01    7.9676488648E+02
    5.1875000000E-01   -6.4652593943E-04    2.5000000000E-01    7.9676488648E+02
    5.0625000000E-01   -6.4652593943E-04    2.5000000000E-01    7.9676488648E+02
    9.9375000000E-01   -8.4947765771E-04    2.5000000000E-01    7.9575013296E+02
    9.8125000000E-01   -8.4947765771E-04    2.5000000000E-01    7.9575013296E+02
    9.6875000000E-01   -8.4947765771E-04    2.5000000000E-01    7.9575013296E+02
    9.5625000000E-01   -8.4947765771E-04    2.5000000000E-01    7.9575013296E+02
    9.4375000000E-01   -8.4947765771E-04    2.5000000000E-01    7.9575013296E+02
    9.3125000000E-01   -8.4947765771E-04    2.5000000000E-01    7.9575013296E+02
    9.1875000000E-01   -8.4947765771E-04    2.5000000000E-01    7.9575013296E+02
    9.0625000000E-01   -8.4947765771E-04    2.5000000000E-01    7.9575013296E+02
    8.9375000000E-01   -8.4947765771E-04    2.5000000000E-01    7.9575013296E+02
    8.8125000000E-01   -8.4947765771E-04    2.5000000000E-01    7.9575013296E+02
    8.6875000000E-01   -8.4947765771E-04    2.5000000000E-01    7.9575013296E+02
    8.5625000000E-01   -8.4947765771E-04    2.5000000000E-01    7.9575013296E+02
    8.4375000000E-01   -8.4947765771E-04    2.5000000000E-01    7.9575013296E+02
    8.3125000000E-01   -8.4947765771E-04    2.5000000000E-01    7.9575013296E+02
    8.1875000000E-01   -8.4947765771E-04    2.5000000000E-01    7.9575013296E+02
    8.0625000000E-01   -8.4947765771E-04    2.5000000000E-01    7.9575013296E+02
    7.9375000000E-01   -8.4947765771E-04    2.5000000000E-01    7.9575013296E+02
    7.8125000000E-01   -8.4947765771E-04    2.5000000000E-01    7.9575013296E+02
    7.6875000000E-01   -8.4947765771E-04    2.5000000000E-01    7.9575013296E+02
    7.5625000000E-01   -8.4947765771E-04    2.5000000000E-01    7.9575013296E+02
    7.4375000000E-01   -8.4947765771E-04    2.5000000000E-01    7.9575013296E+02
    7.3125000000E-01   -8.4947765771E-04    2.5000000000E-01    7.9575013296E+02
    7.1875000000E-01   -8.4947765771E-04    2.5000000000E-01    7.9575013296E+02
    7.0625000000E-01   -8.4947765771E-04    2.5000000000E-01    7.9575013296E+02
    6.9375000000E-01   -8.4947765771E-04    2.5000000000E-01    7.9575013296E+02
    6.8125000000E-01   -8.4947765771E-04    2.5000000000E-01    7.9575013296E+02
    6.6875000000E-01   -8.4947765771E-04    2.5000000000E-01    7.9575013296E+02
    6.5625000000E-01   -8.4947765771E-04    2.5000000000E-01    7.9575013296E+02
    6.4375000000E-01   -8.4947765771E-04    2.5000000000E-01    7.9575013296E+02
    6.3125000000E-01   -8.4947765771E-04    2.5000000000E-01    7.9575013296E+02
    6.1875000000E-01   -8.4947765771E-04    2.5000000000E-01    7.9575013296E+02
    6.0625000000E-01   -8.4947765771E-04    2.5000000000E-01    7.9575013296E+02
    5.9375000000E-01   -8.4947765771E-04    2.5000000000E-01    7.9575013296E+02
    5.8125000000E-01   -8.4947765771E-04    2.5000000000E-01    7.9575013296E+02
    5.6875000000E-01   -8.4947765771E-04    2.5000000000E-01    7.9575013296E+02
    5.5625000000E-01   -8.4947765771E-04    2.5000000000E-01    7.9575013296E+02
    5.4375000000E-01   -8.4947765771E-04    2.5000000000E-01    7.9575013296E+02
    5.3125000000E-01   -8.4947765771E-04    2.5000000000E-01    7.9575013296E+02
    5.1875000000E-01   -8.4947765771E-04    2.5000000000E-01    7.9575013296E+02
    5.0625000000E-01   -8.4947765771E-04    2.5000000000E-01    7.9575013296E+02
    9.9375000000E-01   -1.1161366129E-03    2.5000000000E-01    7.9441684485E+02
    9.8125000000E-01   -1.1161366129E-03    2.5000000000E-01    7.9441684485E+02
    9.6875000000E-01   -1.1161366129E-03    2.5000000000E-01    7.9441684485E+02
    9.5625000000E-01   -1.1161366129E-03    2.5000000000E-01    7.9441684485E+02
    9.4375000000E-01   -1.1161366129E-03    2.5000000000E-01    7.9441684485E+02
    9.3125000000E-01   -1.1161366129E-03    2.5000000000E-01    7.9441684485E+02
    9.1875000000E-01   -1.1161366129E-03    2.5000000000E-01    7.9441684485E+02
    9.0625000000E-01   -1.1161366129E-03    2.5000000000E-01    7.9441684485E+02
    8.9375000000E-01   -1.1161366129E-03    2.5000000000E-01    7.9441684485E+02
    8.8125000000E-01   -1.1161366129E-03    2.5000000000E-01    7.9441684485E+02
    8.6875000000E-01   -1.1161366129E-03    2.5000000000E-01    7.9441684485E+02
    8.5625000000E-01   -1.1161366129E-03    2.5000000000E-01    7.9441684485E+02
    8.4375000000E-01   -1.1161366129E-03    2.5000000000E-01    7.9441684485E+02
    8.3125000000E-01   -1.1161366129E-03    2.5000000000E-01    7.9441684485E+02
    8.1875000000E-01   -1.1161366129E-03    2.5000000000E-01    7.9441684485E+02
    8.0625000000E-01   -1.1161366129E-03    2.5000000000E-01    7.9441684485E+02
    7.9375000000E-01   -1.1161366129E-03    2.5000000000E-01    7.9441684485E+02
    7.8125000000E-01   -1.1161366129E-03    2.5000000000E-01    7.9441684485E+02
    7.6875000000E-01   -1.1161366129E-03    2.5000000000E-01    7.9441684485E+02
    7.5625000000E-01   -1.1161366129E-03    2.5000000000E-01    7.9441684485E+02
    7.4375000000E-01   -1.1161366129E-03    2.5000000000E-01    7.9441684485E+02
    7.3125000000E-01   -1.1161366129E-03    2.5000000000E-01    7.9441684485E+02
    7.1875000000E-01   -1.1161366129E-03    2.5000000000E-01    7.9441684485E+02
    7.0625000000E-01   -1.1161366129E-03    2.5000000000E-01    7.9441684485E+02
    6.9375000000E-01   -1.1161366129E-03    2.5000000000E-01    7.9441684485E+02
    6.8125000000E-01   -1.1161366129E-03    2.5000000000E-01    7.9441684485E+02
    6.6875000000E-01   -1.1161366129E-03    2.5000000000E-01    7.9441684485E+02
    6.5625000000E-01   -1.1161366129E-03    2.5000000000E-01    7.9441684485E+02
    6.4375000000E-01   -1.1161366129E-03    2.5000000000E-01    7.9441684485E+02
    6.3125000000E-01   -1.1161366129E-03    2.5000000000E-01    7.9441684485E+02
    6.1875000000E-01   -1.1161366129E-03    2.5000000000E-01    7.9441684485E+02
    6.0625000000E-01   -1.1161366129E-03    2.5000000000E-01    7.9441684485E+02
    5.9375000000E-01   -1.1161366129E-03    2.5000000000E-01    7.9441684485E+02
    5.8125000000E-01   -1.1161366129E-03    2.5000000000E-01    7.9441684485E+02
    5.6875000000E-01   -1.1161366129E-03    2.5000000000E-01    7.9441684485E+02
    5.5625000000E-01   -1.1161366129E-03    2.5000000000E-01    7.9441684485E+02
    5.4375000000E-01   -1.1161366129E-03    2.5000000000E-01    7.9441684485E+02
    5.3125000000E-01   -1.1161366129E-03    2.5000000000E-01    7.9441684485E+02
    5.1875000000E-01   -1.1161366129E-03    2.5000000000E-01    7.9441684485E+02
    5.0625000000E-01   -1.1161366129E-03    2.5000000000E-01    7.9441684485E+02
    9.9375000000E-01   -1.4665011006E-03    2.5000000000E-01    7.9266503117E+02
    9.8125000000E-01   -1.4665011006E-03    2.5000000000E-01    7.9266503117E+02
    9.6875000000E-01   -1.4665011006E-03    2.5000000000E-01    7.9266503117E+02
    9.5625000000E-01   -1.4665011006E-03    2.5000000000E-01    7.9266503117E+02
    9.4375000000E-01   -1.4665011006E-03    2.5000000000E-01    7.9266503117E+02
    9.3125000000E-01   -1.4665011006E-03    2.5000000000E-01    7.9266503117E+02
    9.1875000000E-01   -1.4665011006E-03    2.5000000000E-01    7.9266503117E+02
    9.0625000000E-01   -1.4665011006E-03    2.5000000000E-01    7.9266503117E+02
    8.9375000000E-01   -1.4665011006E-03    2.5000000000E-01    7.9266503117E+02
    8.8125000000E-01   -1.4665011006E-03    2.5000000000E-01    7.9266503117E+02
    8.6875000000E-01   -1.4665011006E-03    2.5000000000E-01    7.9266503117E+02
    8.5625000000E-01   -1.4665011006E-03    2.5000000000E-01    7.9266503117E+02
    8.4375000000E-01   -1.4665011006E-03    2.5000000000E-01    7.9266503117E+02
    8.3125000000E-01   -1.4665011006E-03    2.5000000000E-01    7.9266503117E+02
    8.1875000000E-01   -1.4665011006E-03    2.5000000000E-01    7.9266503117E+02
    8.0625000000E-01   -1.4665011006E-03    2.5000000000E-01    7.9266503117E+02
    7.9375000000E-01   -1.4665011006E-03    2.5000000000E-01    7.9266503117E+02
    7.8125000000E-01   -1.4665011006E-03    2.5000000000E-01    7.9266503117E+02
    7.6875000000E-01   -1.4665011006E-03    2.5000000000E-01    7.9266503117E+02
    7.5625000000E-01   -1.4665011006E-03    2.5000000000E-01    7.9266503117E+02
    7.4375000000E-01   -1.4665011006E-03    2.5000000000E-01    7.9266503117E+02
    7.3125000000E-01   -1.4665011006E-03    2.5000000000E-01    7.9266503117E+02
    7.1875000000E-01   -1.4665011006E-03    2.5000000000E-01    7.9266503117E+02
    7.0625000000E-01   -1.4665011006E-03    2.5000000000E-01    7.9266503117E+02
    6.9375000000E-01   -1.4665011006E-03    2.5000000000E-01    7.9266503117E+02
    6.8125000000E-01   -1.4665011006E-03    2.5000000000E-01    7.9266503117E+02
    6.6875000000E-01   -1.4665011006E-03    2.5000000000E-01    7.9266503117E+02
    6.5625000000E-01   -1.4665011006E-03    2.5000000000E-01    7.9266503117E+02
    6.4375000000E-01   -1.4665011006E-03    2.5000000000E-01    7.9266503117E+02
    6.3125000000E-01   -1.4665011006E-03    2.5000000000E-01    7.9266503117E+02
    6.1875000000E-01   -1.4665011006E-03    2.5000000000E-01    7.9266503117E+02
    6.0625000000E-01   -1.4665011006E-03    2.5000000000E-01    7.9266503117E+02
    5.9375000000E-01   -1.4665011006E-03    2.5000000000E-01    7.9266503117E+02
    5.8125000000E-01   -1.4665011006E-03    2.5000000000E-01    7.9266503117E+02
    5.6875000000E-01   -1.4665011006E-03    2.5000000000E-01    7.9266503117E+02
    5.5625000000E-01   -1.4665011006E-03    2.5000000000E-01    7.9266503117E+02
    5.4375000000E-01   -1.4665011006E-03    2.5000000000E-01    7.9266503117E+02
    5.3125000000E-01   -1.4665011006E-03    2.5000000000E-01    7.9266503117E+02
    5.1875000000E-01   -1.4665011006E-03    2.5000000000E-01    7.9266503117E+02
    5.0625000000E-01   -1.4665011006E-03    2.5000000000E-01    7.9266503117E+02
    9.9375000000E-01   -1.9268469777E-03    2.5000000000E-01    7.9036331330E+02
    9.8125000000E-01   -1.9268469777E-03    2.5000000000E-01    7.9036331330E+02
    9.6875000000E-01   -1.9268469777E-03    2.5000000000E-01    7.9036331330E+02
    9.5625000000E-01   -1.9268469777E-03    2.5000000000E-01    7.9036331330E+02
    9.4375000000E-01   -1.9268469777E-03    2.5000000000E-01    7.9036331330E+02
    9.3125000000E-01   -1.9268469777E-03    2.5000000000E-01    7.9036331330E+02
    9.1875000000E-01   -1.9268469777E-03    2.5000000000E-01    7.9036331330E+02
    9.0625000000E-01   -1.9268469777E-03    2.5000000000E-01    7.9036331330E+02
    8.9375000000E-01   -1.9268469777E-03    2.5000000000E-01    7.9036331330E+02
    8.8125000000E-01   -1.9268469777E-03    2.5000000000E-01    7.9036331330E+02
    8.6875000000E-01   -1.9268469777E-03    2.5000000000E-01    7.9036331330E+02
    8.5625000000E-01   -1.9268469777E-03    2.5000000000E-01    7.9036331330E+02
    8.4375000000E-01   -1.9268469777E-03    2.5000000000E-01    7.9036331330E+02
    8.3125000000E-01   -1.9268469777E-03    2.5000000000E-01    7.9036331330E+02
    8.1875000000E-01   -1.9268469777E-03    2.5000000000E-01    7.9036331330E+02
    8.0625000000E-01   -1.9268469777E-03    2.5000000000E-01    7.9036331330E+02
    7.9375000000E-01   -1.9268469777E-03    2.5000000000E-01    7.9036331330E+02
    7.8125000000E-01   -1.9268469777E-03    2.5000000000E-01    7.9036331330E+02
    7.6875000000E-01   -1.9268469777E-03    2.5000000000E-01    7.9036331330E+02
    7.5625000000E-01   -1.9268469777E-03    2.5000000000E-01    7.9036331330E+02
    7.4375000000E-01   -1.9268469777E-03    2.5000000000E-01    7.9036331330E+02
    7.3125000000E-01   -1.9268469777E-03    2.5000000000E-01    7.9036331330E+02
    7.1875000000E-01   -1.9268469777E-03    2.5000000000E-01    7.9036331330E+02
    7.0625000000E-01   -1.9268469777E-03    2.5000000000E-01    7.9036331330E+02
    6.9375000000E-01   -1.9268469777E-03    2.5000000000E-01    7.9036331330E+02
    6.8125000000E-01   -1.9268469777E-03    2.5000000000E-01    7.9036331330E+02
    6.6875000000E-01   -1.9268469777E-03    2.5000000000E-01    7.9036331330E+02
    6.5625000000E-01   -1.9268469777E-03    2.5000000000E-01    7.9036331330E+02
    6.4375000000E-01   -1.9268469777E-03    2.5000000000E-01    7.9036331330E+02
    6.3125000000E-01   -1.9268469777E-03    2.5000000000E-01    7.9036331330E+02
    6.1875000000E-01   -1.9268469777E-03    2.5000000000E-01    7.9036331330E+02
    6.0625000000E-01   -1.9268469777E-03    2.5000000000E-01    7.9036331330E+02
    5.9375000000E-01   -1.9268469777E-03    2.5000000000E-01    7.9036331330E+02
    5.8125000000E-01   -1.9268469777E-03    2.5000000000E-01    7.9036331330E+02
    5.6875000000E-01   -1.9268469777E-03    2.5000000000E-01    7.9036331330E+02
    5.5625000000E-01   -1.9268469777E-03    2.5000000000E-01    7.9036331330E+02
    5.4375000000E-01   -1.9268469777E-03    2.5000000000E-01    7.9036331330E+02
    5.3125000000E-01   -1.9268469777E-03    2.5000000000E-01    7.9036331330E+02
    5.1875000000E-01   -1.9268469777E-03    2.5000000000E-01    7.9036331330E+02
    5.0625000000E-01   -1.9268469777E-03    2.5000000000E-01    7.9036331330E+02
    9.9375000000E-01   -2.5316982409E-03    2.5000000000E-01    7.8733907210E+02
    9.8125000000E-01   -2.5316982409E-03    2.5000000000E-01    7.8733907210E+02
    9.6875000000E-01   -2.5316982409E-03    2.5000000000E-01    7.8733907210E+02
    9.5625000000E-01   -2.5316982409E-03    2.5000000000E-01    7.8733907210E+02
    9.4375000000E-01   -2.5316982409E-03    2.5000000000E-01    7.8733907210E+02
    9.3125000000E-01   -2.5316982409E-03    2.5000000000E-01    7.8733907210E+02
    9.1875000000E-01   -2.5316982409E-03    2.5000000000E-01    7.8733907210E+02
    9.0625000000E-01   -2.5316982409E-03    2.5000000000E-01    7.8733907210E+02
    8.9375000000E-01   -2.5316982409E-03    2.5000000000E-01    7.8733907210E+02
    8.8125000000E-01   -2.5316982409E-03    2.5000000000E-01    7.8733907210E+02
    8.6875000000E-01   -2.5316982409E-03    2.5000000000E-01    7.8733907210E+02
    8.5625000000E-01   -2.5316982409E-03    2.5000000000E-01    7.8733907210E+02
    8.4375000000E-01   -2.5316982409E-03    2.5000000000E-01    7.8733907210E+02
    8.3125000000E-01   -2.5316982409E-03    2.5000000000E-01    7.8733907210E+02
    8.1875000000E-01   -2.5316982409E-03    2.5000000000E-01    7.8733907210E+02
    8.0625000000E-01   -2.5316982409E-03    2.5000000000E-01    7.8733907210E+02
    7.9375000000E-01   -2.5316982409E-03    2.5000000000E-01    7.8733907210E+02
    7.8125000000E-01   -2.5316982409E-03    2.5000000000E-01    7.8733907210E+02
    7.6875000000E-01   -2.5316982409E-03    2.5000000000E-01    7.8733907210E+02
    7.5625000000E-01   -2.5316982409E-03    2.5000000000E-01    7.8733907210E+02
    7.4375000000E-01   -2.5316982409E-03    2.5000000000E-01    7.8733907210E+02
    7.3125000000E-01   -2.5316982409E-03    2.5000000000E-01    7.8733907210E+02
    7.1875000000E-01   -2.5316982409E-03    2.5000000000E-01    7.8733907210E+02
    7.0625000000E-01   -2.5316982409E-03    2.5000000000E-01    7.8733907210E+02
    6.9375000000E-01   -2.5316982409E-03    2.5000000000E-01    7.8733907210E+02
    6.8125000000E-01   -2.5316982409E-03    2.5000000000E-01    7.8733907210E+02
    6.6875000000E-01   -2.5316982409E-03    2.5000000000E-01    7.8733907210E+02
    6.5625000000E-01   -2.5316982409E-03    2.5000000000E-01    7.8733907210E+02
    6.4375000000E-01   -2.5316982409E-03    2.5000000000E-01    7.8733907210E+02
    6.3125000000E-01   -2.5316982409E-03    2.5000000000E-01    7.8733907210E+02
    6.1875000000E-01   -2.5316982409E-03    2.5000000000E-01    7.8733907210E+02
    6.0625000000E-01   -2.5316982409E-03    2.5000000000E-01    7.8733907210E+02
    5.9375000000E-01   -2.5316982409E-03    2.5000000000E-01    7.8733907210E+02
    5.8125000000E-01   -2.5316982409E-03    2.5000000000E-01    7.8733907210E+02
    5.6875000000E-01   -2.5316982409E-03    2.5000000000E-01    7.8733907210E+02
    5.5625000000E-01   -2.5316982409E-03    2.5000000000E-01    7.8733907210E+02
    5.4375000000E-01   -2.5316982409E-03    2.5000000000E-01    7.8733907210E+02
    5.3125000000E-01   -2.5316982409E-03    2.5000000000E-01    7.8733907210E+02
    5.1875000000E-01   -2.5316982409E-03    2.5000000000E-01    7.8733907210E+02
    5.0625000000E-01   -2.5316982409E-03    2.5000000000E-01    7.8733907210E+02
    9.9375000000E-01   -3.3264161806E-03    2.5000000000E-01    7.8336550227E+02
    9.8125000000E-01   -3.3264161806E-03    2.5000000000E-01    7.8336550227E+02
    9.6875000000E-01   -3.3264161806E-03    2.5000000000E-01    7.8336550227E+02
    9.5625000000E-01   -3.3264161806E-03    2.5000000000E-01    7.8336550227E+02
    9.4375000000E-01   -3.3264161806E-03    2.5000000000E-01    7.8336550227E+02
    9.3125000000E-01   -3.3264161806E-03    2.5000000000E-01    7.8336550227E+02
    9.1875000000E-01   -3.3264161806E-03    2.5000000000E-01    7.8336550227E+02
    9.0625000000E-01   -3.3264161806E-03    2.5000000000E-01    7.8336550227E+02
    8.9375000000E-01   -3.3264161806E-03    2.5000000000E-01    7.8336550227E+02
    8.8125000000E-01   -3.3264161806E-03    2.5000000000E-01    7.8336550227E+02
    8.6875000000E-01   -3.3264161806E-03    2.5000000000E-01    7.8336550227E+02
    8.5625000000E-01   -3.3264161806E-03    2.5000000000E-01    7.8336550227E+02
    8.4375000000E-01   -3.3264161806E-03    2.5000000000E-01    7.8336550227E+02
    8.3125000000E-01   -3.3264161806E-03    2.5000000000E-01    7.8336550227E+02
    8.1875000000E-01   -3.3264161806E-03    2.5000000000E-01    7.8336550227E+02
    8.0625000000E-01   -3.3264161806E-03    2.5000000000E-01    7.8336550227E+02
    7.9375000000E-01   -3.3264161806E-03    2.5000000000E-01    7.8336550227E+02
    7.8125000000E-01   -3.3264161806E-03    2.5000000000E-01    7.8336550227E+02
    7.6875000000E-01   -3.3264161806E-03    2.5000000000E-01    7.8336550227E+02
    7.5625000000E-01   -3.3264161806E-03    2.5000000000E-01    7.8336550227E+02
    7.4375000000E-01   -3.3264161806E-03    2.5000000000E-01    7.8336550227E+02
    7.3125000000E-01   -3.3264161806E-03    2.5000000000E-01    7.8336550227E+02
    7.1875000000E-01   -3.3264161806E-03    2.5000000000E-01    7.8336550227E+02
    7.0625000000E-01   -3.3264161806E-03    2.5000000000E-01    7.8336550227E+02
    6.9375000000E-01   -3.3264161806E-03    2.5000000000E-01    7.8336550227E+02
    6.8125000000E-01   -3.3264161806E-03    2.5000000000E-01    7.8336550227E+02
    6.6875000000E-01   -3.3264161806E-03    2.5000000000E-01    7.8336550227E+02
    6.5625000000E-01   -3.3264161806E-03    2.5000000000E-01    7.8336550227E+02
    6.4375000000E-01   -3.3264161806E-03    2.5000000000E-01    7.8336550227E+02
    6.3125000000E-01   -3.3264161806E-03    2.5000000000E-01    7.8336550227E+02
    6.1875000000E-01   -3.3264161806E-03    2.5000000000E-01    7.8336550227E+02
    6.0625000000E-01   -3.3264161806E-03    2.5000000000E-01    7.8336550227E+02
    5.9375000000E-01   -3.3264161806E-03    2.5000000000E-01    7.8336550227E+02
    5.8125000000E-01   -3.3264161806E-03    2.5000000000E-01    7.8336550227E+02
    5.6875000000E-01   -3.3264161806E-03    2.5000000000E-01    7.8336550227E+02
    5.5625000000E-01   -3.3264161806E-03    2.5000000000E-01    7.8336550227E+02
    5.4375000000E-01   -3.3264161806E-03    2.5000000000E-01    7.8336550227E+02
    5.3125000000E-01   -3.3264161806E-03    2.5000000000E-01    7.8336550227E+02
    5.1875000000E-01   -3.3264161806E-03    2.5000000000E-01    7.8336550227E+02
    5.0625000000E-01   -3.3264161806E-03    2.5000000000E-01    7.8336550227E+02
    9.9375000000E-01   -4.3706012863E-03    2.5000000000E-01    7.7814460285E+02
    9.8125000000E-01   -4.3706012863E-03    2.5000000000E-01    7.7814460285E+02
    9.6875000000E-01   -4.3706012863E-03    2.5000000000E-01    7.7814460285E+02
    9.5625000000E-01   -4.3706012863E-03    2.5000000000E-01    7.7814460285E+02
    9.4375000000E-01   -4.3706012863E-03    2.5000000000E-01    7.7814460285E+02
    9.3125000000E-01   -4.3706012863E-03    2.5000000000E-01    7.7814460285E+02
    9.1875000000E-01   -4.3706012863E-03    2.5000000000E-01    7.7814460285E+02
    9.0625000000E-01   -4.3706012863E-03    2.5000000000E-01    7.7814460285E+02
    8.9375000000E-01   -4.3706012863E-03    2.5000000000E-01    7.7814460285E+02
    8.8125000000E-01   -4.3706012863E-03    2.5000000000E-01    7.7814460285E+02
    8.6875000000E-01   -4.3706012863E-03    2.5000000000E-01    7.7814460285E+02
    8.5625000000E-01   -4.3706012863E-03    2.5000000000E-01    7.7814460285E+02
    8.4375000000E-01   -4.3706012863E-03    2.5000000000E-01    7.7814460285E+02
    8.3125000000E-01   -4.3706012863E-03    2.5000000000E-01    7.7814460285E+02
    8.1875000000E-01   -4.3706012863E-03    2.5000000000E-01    7.7814460285E+02
    8.0625000000E-01   -4.3706012863E-03    2.5000000000E-01    7.7814460285E+02
    7.9375000000E-01   -4.3706012863E-03    2.5000000000E-01    7.7814460285E+02
    7.8125000000E-01   -4.3706012863E-03    2.5000000000E-01    7.7814460285E+02
    7.6875000000E-01   -4.3706012863E-03    2.5000000000E-01    7.7814460285E+02
    7.5625000000E-01   -4.3706012863E-03    2.5000000000E-01    7.7814460285E+02
    7.4375000000E-01   -4.3706012863E-03    2.5000000000E-01    7.7814460285E+02
    7.3125000000E-01   -4.3706012863E-03    2.5000000000E-01    7.7814460285E+02
    7.1875000000E-01   -4.3706012863E-03    2.5000000000E-01    7.7814460285E+02
    7.0625000000E-01   -4.3706012863E-03    2.5000000000E-01    7.7814460285E+02
    6.9375000000E-01   -4.3706012863E-03    2.5000000000E-01    7.7814460285E+02
    6.8125000000E-01   -4.3706012863E-03    2.5000000000E-01    7.7814460285E+02
    6.6875000000E-01   -4.3706012863E-03    2.5000000000E-01    7.7814460285E+02
    6.5625000000E-01   -4.3706012863E-03    2.5000000000E-01    7.7814460285E+02
    6.4375000000E-01   -4.3706012863E-03    2.5000000000E-01    7.7814460285E+02
    6.3125000000E-01   -4.3706012863E-03    2.5000000000E-01    7.7814460285E+02
    6.1875000000E-01   -4.3706012863E-03    2.5000000000E-01    7.7814460285E+02
    6.0625000000E-01   -4.3706012863E-03    2.5000000000E-01    7.7814460285E+02
    5.9375000000E-01   -4.3706012863E-03    2.5000000000E-01    7.7814460285E+02
    5.8125000000E-01   -4.3706012863E-03    2.5000000000E-01    7.7814460285E+02
    5.6875000000E-01   -4.3706012863E-03    2.5000000000E-01    7.7814460285E+02
    5.5625000000E-01   -4.3706012863E-03    2.5000000000E-01    7.7814460285E+02
    5.4375000000E-01   -4.3706012863E-03    2.5000000000E-01    7.7814460285E+02
    5.3125000000E-01   -4.3706012863E-03    2.5000000000E-01    7.7814460285E+02
    5.1875000000E-01   -4.3706012863E-03    2.5000000000E-01    7.7814460285E+02
    5.0625000000E-01   -4.3706012863E-03    2.5000000000E-01    7.7814460285E+02
    9.9375000000E-01   -5.7425630310E-03    2.5000000000E-01    7.7128482842E+02
    9.8125000000E-01   -5.7425630310E-03    2.5000000000E-01    7.7128482842E+02
    9.6875000000E-01   -5.7425630310E-03    2.5000000000E-01    7.7128482842E+02
    9.5625000000E-01   -5.7425630310E-03    2.5000000000E-01    7.7128482842E+02
    9.4375000000E-01   -5.7425630310E-03    2.5000000000E-01    7.7128482842E+02
    9.3125000000E-01   -5.7425630310E-03    2.5000000000E-01    7.7128482842E+02
    9.1875000000E-01   -5.7425630310E-03    2.5000000000E-01    7.7128482842E+02
    9.0625000000E-01   -5.7425630310E-03    2.5000000000E-01    7.7128482842E+02
    8.9375000000E-01   -5.7425630310E-03    2.5000000000E-01    7.7128482842E+02
    8.8125000000E-01   -5.7425630310E-03    2.5000000000E-01    7.7128482842E+02
    8.6875000000E-01   -5.7425630310E-03    2.5000000000E-01    7.7128482842E+02
    8.5625000000E-01   -5.7425630310E-03    2.5000000000E-01    7.7128482842E+02
    8.4375000000E-01   -5.7425630310E-03    2.5000000000E-01    7.7128482842E+02
    8.3125000000E-01   -5.7425630310E-03    2.5000000000E-01    7.7128482842E+02
    8.1875000000E-01   -5.7425630310E-03    2.5000000000E-01    7.7128482842E+02
    8.0625000000E-01   -5.7425630310E-03    2.5000000000E-01    7.7128482842E+02
    7.9375000000E-01   -5.7425630310E-03    2.5000000000E-01    7.7128482842E+02
    7.8125000000E-01   -5.7425630310E-03    2.5000000000E-01    7.7128482842E+02
    7.6875000000E-01   -5.7425630310E-03    2.5000000000E-01    7.7128482842E+02
    7.5625000000E-01   -5.7425630310E-03    2.5000000000E-01    7.7128482842E+02
    7.4375000000E-01   -5.7425630310E-03    2.5000000000E-01    7.7128482842E+02
    7.3125000000E-01   -5.7425630310E-03    2.5000000000E-01    7.7128482842E+02
    7.1875000000E-01   -5.7425630310E-03    2.5000000000E-01    7.7128482842E+02
    7.0625000000E-01   -5.7425630310E-03    2.5000000000E-01    7.7128482842E+02
    6.9375000000E-01   -5.7425630310E-03    2.5000000000E-01    7.7128482842E+02
    6.8125000000E-01   -5.7425630310E-03    2.5000000000E-01    7.7128482842E+02
    6.6875000000E-01   -5.7425630310E-03    2.5000000000E-01    7.7128482842E+02
    6.5625000000E-01   -5.7425630310E-03    2.5000000000E-01    7.7128482842E+02
    6.4375000000E-01   -5.7425630310E-03    2.5000000000E-01    7.7128482842E+02
    6.3125000000E-01   -5.7425630310E-03    2.5000000000E-01    7.7128482842E+02
    6.1875000000E-01   -5.7425630310E-03    2.5000000000E-01    7.7128482842E+02
    6.0625000000E-01   -5.7425630310E-03    2.5000000000E-01    7.7128482842E+02
    5.9375000000E-01   -5.7425630310E-03    2.5000000000E-01    7.7128482842E+02
    5.8125000000E-01   -5.7425630310E-03    2.5000000000E-01    7.7128482842E+02
    5.6875000000E-01   -5.7425630310E-03    2.5000000000E-01    7.7128482842E+02
    5.5625000000E-01   -5.7425630310E-03    2.5000000000E-01    7.7128482842E+02
    5.4375000000E-01   -5.7425630310E-03    2.5000000000E-01    7.7128482842E+02
    5.3125000000E-01   -5.7425630310E-03    2.5000000000E-01    7.7128482842E+02
    5.1875000000E-01   -5.7425630310E-03    2.5000000000E-01    7.7128482842E+02
    5.0625000000E-01   -5.7425630310E-03    2.5000000000E-01    7.7128482842E+02
    9.9375000000E-01   -7.5451927519E-03    2.5000000000E-01    7.6227172488E+02
    9.8125000000E-01   -7.5451927519E-03    2.5000000000E-01    7.6227172488E+02
    9.6875000000E-01   -7.5451927519E-03    2.5000000000E-01    7.6227172488E+02
    9.5625000000E-01   -7.5451927519E-03    2.5000000000E-01    7.6227172488E+02
    9.4375000000E-01   -7.5451927519E-03    2.5000000000E-01    7.6227172488E+02
    9.3125000000E-01   -7.5451927519E-03    2.5000000000E-01    7.6227172488E+02
    9.1875000000E-01   -7.5451927519E-03    2.5000000000E-01    7.6227172488E+02
    9.0625000000E-01   -7.5451927519E-03    2.5000000000E-01    7.6227172488E+02
    8.9375000000E-01   -7.5451927519E-03    2.5000000000E-01    7.6227172488E+02
    8.8125000000E-01   -7.5451927519E-03    2.5000000000E-01    7.6227172488E+02
    8.6875000000E-01   -7.5451927519E-03    2.5000000000E-01    7.6227172488E+02
    8.5625000000E-01   -7.5451927519E-03    2.5000000000E-01    7.6227172488E+02
    8.4375000000E-01   -7.5451927519E-03    2.5000000000E-01    7.6227172488E+02
    8.3125000000E-01   -7.5451927519E-03    2.5000000000E-01    7.6227172488E+02
    8.1875000000E-01   -7.5451927519E-03    2.5000000000E-01    7.6227172488E+02
    8.0625000000E-01   -7.5451927519E-03    2.5000000000E-01    7.6227172488E+02
    7.9375000000E-01   -7.5451927519E-03    2.5000000000E-01    7.6227172488E+02
    7.8125000000E-01   -7.5451927519E-03    2.5000000000E-01    7.6227172488E+02
    7.6875000000E-01   -7.5451927519E-03    2.5000000000E-01    7.6227172488E+02
    7.5625000000E-01   -7.5451927519E-03    2.5000000000E-01    7.6227172488E+02
    7.4375000000E-01   -7.5451927519E-03    2.5000000000E-01    7.6227172488E+02
    7.3125000000E-01   -7.5451927519E-03    2.5000000000E-01    7.6227172488E+02
    7.1875000000E-01   -7.5451927519E-03    2.5000000000E-01    7.6227172488E+02
    7.0625000000E-01   -7.5451927519E-03    2.5000000000E-01    7.6227172488E+02
    6.9375000000E-01   -7.5451927519E-03    2.5000000000E-01    7.6227172488E+02
    6.8125000000E-01   -7.5451927519E-03    2.5000000000E-01    7.6227172488E+02
    6.6875000000E-01   -7.5451927519E-03    2.5000000000E-01    7.6227172488E+02
    6.5625000000E-01   -7.5451927519E-03    2.5000000000E-01    7.6227172488E+02
    6.4375000000E-01   -7.5451927519E-03    2.5000000000E-01    7.6227172488E+02
    6.3125000000E-01   -7.5451927519E-03    2.5000000000E-01    7.6227172488E+02
    6.1875000000E-01   -7.5451927519E-03    2.5000000000E-01    7.6227172488E+02
    6.0625000000E-01   -7.5451927519E-03    2.5000000000E-01    7.6227172488E+02
    5.9375000000E-01   -7.5451927519E-03    2.5000000000E-01    7.6227172488E+02
    5.8125000000E-01   -7.5451927519E-03    2.5000000000E-01    7.6227172488E+02
    5.6875000000E-01   -7.5451927519E-03    2.5000000000E-01    7.6227172488E+02
    5.5625000000E-01   -7.5451927519E-03    2.5000000000E-01    7.6227172488E+02
    5.4375000000E-01   -7.5451927519E-03    2.5000000000E-01    7.6227172488E+02
    5.3125000000E-01   -7.5451927519E-03    2.5000000000E-01    7.6227172488E+02
    5.1875000000E-01   -7.5451927519E-03    2.5000000000E-01    7.6227172488E+02
    5.0625000000E-01   -7.5451927519E-03    2.5000000000E-01    7.6227172488E+02
    9.9375000000E-01   -9.9136800654E-03    2.5000000000E-01    7.5042934753E+02
    9.8125000000E-01   -9.9136800654E-03    2.5000000000E-01    7.5042934753E+02
    9.6875000000E-01   -9.9136800654E-03    2.5000000000E-01    7.5042934753E+02
    9.5625000000E-01   -9.9136800654E-03    2.5000000000E-01    7.5042934753E+02
    9.4375000000E-01   -9.9136800654E-03    2.5000000000E-01    7.5042934753E+02
    9.3125000000E-01   -9.9136800654E-03    2.5000000000E-01    7.5042934753E+02
    9.1875000000E-01   -9.9136800654E-03    2.5000000000E-01    7.5042934753E+02
    9.0625000000E-01   -9.9136800654E-03    2.5000000000E-01    7.5042934753E+02
    8.9375000000E-01   -9.9136800654E-03    2.5000000000E-01    7.5042934753E+02
    8.8125000000E-01   -9.9136800654E-03    2.5000000000E-01    7.5042934753E+02
    8.6875000000E-01   -9.9136800654E-03    2.5000000000E-01    7.5042934753E+02
    8.5625000000E-01   -9.9136800654E-03    2.5000000000E-01    7.5042934753E+02
    8.4375000000E-01   -9.9136800654E-03    2.5000000000E-01    7.5042934753E+02
    8.3125000000E-01   -9.9136800654E-03    2.5000000000E-01    7.5042934753E+02
    8.1875000000E-01   -9.9136800654E-03    2.5000000000E-01    7.5042934753E+02
    8.0625000000E-01   -9.9136800654E-03    2.5000000000E-01    7.5042934753E+02
    7.9375000000E-01   -9.9136800654E-03    2.5000000000E-01    7.5042934753E+02
    7.8125000000E-01   -9.9136800654E-03    2.5000000000E-01    7.5042934753E+02
    7.6875000000E-01   -9.9136800654E-03    2.5000000000E-01    7.5042934753E+02
    7.5625000000E-01   -9.9136800654E-03    2.5000000000E-01    7.5042934753E+02
    7.4375000000E-01   -9.9136800654E-03    2.5000000000E-01    7.5042934753E+02
    7.3125000000E-01   -9.9136800654E-03    2.5000000000E-01    7.5042934753E+02
    7.1875000000E-01   -9.9136800654E-03    2.5000000000E-01    7.5042934753E+02
    7.0625000000E-01   -9.9136800654E-03    2.5000000000E-01    7.5042934753E+02
    6.9375000000E-01   -9.9136800654E-03    2.5000000000E-01    7.5042934753E+02
    6.8125000000E-01   -9.9136800654E-03    2.5000000000E-01    7.5042934753E+02
    6.6875000000E-01   -9.9136800654E-03    2.5000000000E-01    7.5042934753E+02
    6.5625000000E-01   -9.9136800654E-03    2.5000000000E-01    7.5042934753E+02
    6.4375000000E-01   -9.9136800654E-03    2.5000000000E-01    7.5042934753E+02
    6.3125000000E-01   -9.9136800654E-03    2.5000000000E-01    7.5042934753E+02
    6.1875000000E-01   -9.9136800654E-03    2.5000000000E-01    7.5042934753E+02
    6.0625000000E-01   -9.9136800654E-03    2.5000000000E-01    7.5042934753E+02
    5.9375000000E-01   -9.9136800654E-03    2.5000000000E-01    7.5042934753E+02
    5.8125000000E-01   -9.9136800654E-03    2.5000000000E-01    7.5042934753E+02
    5.6875000000E-01   -9.9136800654E-03    2.5000000000E-01    7.5042934753E+02
    5.5625000000E-01   -9.9136800654E-03    2.5000000000E-01    7.5042934753E+02
    5.4375000000E-01   -9.9136800654E-03    2.5000000000E-01    7.5042934753E+02
    5.3125000000E-01   -9.9136800654E-03    2.5000000000E-01    7.5042934753E+02
    5.1875000000E-01   -9.9136800654E-03    2.5000000000E-01    7.5042934753E+02
    5.0625000000E-01   -9.9136800654E-03    2.5000000000E-01    7.5042934753E+02
    9.9375000000E-01   -1.3025651518E-02    2.5000000000E-01    7.3486956806E+02
    9.8125000000E-01   -1.3025651518E-02    2.5000000000E-01    7.3486956806E+02
    9.6875000000E-01   -1.3025651518E-02    2.5000000000E-01    7.3486956806E+02
    9.5625000000E-01   -1.3025651518E-02    2.5000000000E-01    7.3486956806E+02
    9.4375000000E-01   -1.3025651518E-02    2.5000000000E-01    7.3486956806E+02
    9.3125000000E-01   -1.3025651518E-02    2.5000000000E-01    7.3486956806E+02
    9.1875000000E-01   -1.3025651518E-02    2.5000000000E-01    7.3486956806E+02
    9.0625000000E-01   -1.3025651518E-02    2.5000000000E-01    7.3486956806E+02
    8.9375000000E-01   -1.3025651518E-02    2.5000000000E-01    7.3486956806E+02
    8.8125000000E-01   -1.3025651518E-02    2.5000000000E-01    7.3486956806E+02
    8.6875000000E-01   -1.3025651518E-02    2.5000000000E-01    7.3486956806E+02
    8.5625000000E-01   -1.3025651518E-02    2.5000000000E-01    7.3486956806E+02
    8.4375000000E-01   -1.3025651518E-02    2.5000000000E-01    7.3486956806E+02
    8.3125000000E-01   -1.3025651518E-02    2.5000000000E-01    7.3486956806E+02
    8.1875000000E-01   -1.3025651518E-02    2.5000000000E-01    7.3486956806E+02
    8.0625000000E-01   -1.3025651518E-02    2.5000000000E-01    7.3486956806E+02
    7.9375000000E-01   -1.3025651518E-02    2.5000000000E-01    7.3486956806E+02
    7.8125000000E-01   -1.3025651518E-02    2.5000000000E-01    7.3486956806E+02
    7.6875000000E-01   -1.3025651518E-02    2.5000000000E-01    7.3486956806E+02
    7.5625000000E-01   -1.3025651518E-02    2.5000000000E-01    7.3486956806E+02
    7.4375000000E-01   -1.3025651518E-02    2.5000000000E-01    7.3486956806E+02
    7.3125000000E-01   -1.3025651518E-02    2.5000000000E-01    7.3486956806E+02
    7.1875000000E-01   -1.3025651518E-02    2.5000000000E-01    7.3486956806E+02
    7.0625000000E-01   -1.3025651518E-02    2.5000000000E-01    7.3486956806E+02
    6.9375000000E-01   -1.3025651518E-02    2.5000000000E-01    7.3486956806E+02
    6.8125000000E-01   -1.3025651518E-02    2.5000000000E-01    7.3486956806E+02
    6.6875000000E-01   -1.3025651518E-02    2.5000000000E-01    7.3486956806E+02
    6.5625000000E-01   -1.3025651518E-02    2.5000000000E-01    7.3486956806E+02
    6.4375000000E-01   -1.3025651518E-02    2.5000000000E-01    7.3486956806E+02
    6.3125000000E-01   -1.3025651518E-02    2.5000000000E-01    7.3486956806E+02
    6.1875000000E-01   -1.3025651518E-02    2.5000000000E-01    7.3486956806E+02
    6.0625000000E-01   -1.3025651518E-02    2.5000000000E-01    7.3486956806E+02
    5.9375000000E-01   -1.3025651518E-02    2.5000000000E-01    7.3486956806E+02
    5.8125000000E-01   -1.3025651518E-02    2.5000000000E-01    7.3486956806E+02
    5.6875000000E-01   -1.3025651518E-02    2.5000000000E-01    7.3486956806E+02
    5.5625000000E-01   -1.3025651518E-02    2.5000000000E-01    7.3486956806E+02
    5.4375000000E-01   -1.3025651518E-02    2.5000000000E-01    7.3486956806E+02
    5.3125000000E-01   -1.3025651518E-02    2.5000000000E-01    7.3486956806E+02
    5.1875000000E-01   -1.3025651518E-02    2.5000000000E-01    7.3486956806E+02
    5.0625000000E-01   -1.3025651518E-02    2.5000000000E-01    7.3486956806E+02
    9.9375000000E-01   -1.7114491826E-02    2.5000000000E-01    7.1442546874E+02
    9.8125000000E-01   -1.7114491826E-02    2.5000000000E-01    7.1442546874E+02
    9.6875000000E-01   -1.7114491826E-02    2.5000000000E-01    7.1442546874E+02
    9.5625000000E-01   -1.7114491826E-02    2.5000000000E-01    7.1442546874E+02
    9.4375000000E-01   -1.7114491826E-02    2.5000000000E-01    7.1442546874E+02
    9.3125000000E-01   -1.7114491826E-02    2.5000000000E-01    7.1442546874E+02
    9.1875000000E-01   -1.7114491826E-02    2.5000000000E-01    7.1442546874E+02
    9.0625000000E-01   -1.7114491826E-02    2.5000000000E-01    7.1442546874E+02
    8.9375000000E-01   -1.7114491826E-02    2.5000000000E-01    7.1442546874E+02
    8.8125000000E-01   -1.7114491826E-02    2.5000000000E-01    7.1442546874E+02
    8.6875000000E-01   -1.7114491826E-02    2.5000000000E-01    7.1442546874E+02
    8.5625000000E-01   -1.7114491826E-02    2.5000000000E-01    7.1442546874E+02
    8.4375000000E-01   -1.7114491826E-02    2.5000000000E-01    7.1442546874E+02
    8.3125000000E-01   -1.7114491826E-02    2.5000000000E-01    7.1442546874E+02
    8.1875000000E-01   -1.7114491826E-02    2.5000000000E-01    7.1442546874E+02
    8.0625000000E-01   -1.7114491826E-02    2.5000000000E-01    7.1442546874E+02
    7.9375000000E-01   -1.7114491826E-02    2.5000000000E-01    7.1442546874E+02
    7.8125000000E-01   -1.7114491826E-02    2.5000000000E-01    7.1442546874E+02
    7.6875000000E-01   -1.7114491826E-02    2.5000000000E-01    7.1442546874E+02
    7.5625000000E-01   -1.7114491826E-02    2.5000000000E-01    7.1442546874E+02
    7.4375000000E-01   -1.7114491826E-02    2.5000000000E-01    7.1442546874E+02
    7.3125000000E-01   -1.7114491826E-02    2.5000000000E-01    7.1442546874E+02
    7.1875000000E-01   -1.7114491826E-02    2.5000000000E-01    7.1442546874E+02
    7.0625000000E-01   -1.7114491826E-02    2.5000000000E-01    7.1442546874E+02
    6.9375000000E-01   -1.7114491826E-02    2.5000000000E-01    7.1442546874E+02
    6.8125000000E-01   -1.7114491826E-02    2.5000000000E-01    7.1442546874E+02
    6.6875000000E-01   -1.7114491826E-02    2.5000000000E-01    7.1442546874E+02
    6.5625000000E-01   -1.7114491826E-02    2.5000000000E-01    7.1442546874E+02
    6.4375000000E-01   -1.7114491826E-02    2.5000000000E-01    7.1442546874E+02
    6.3125000000E-01   -1.7114491826E-02    2.5000000000E-01    7.1442546874E+02
    6.1875000000E-01   -1.7114491826E-02    2.5000000000E-01    7.1442546874E+02
    6.0625000000E-01   -1.7114491826E-02    2.5000000000E-01    7.1442546874E+02
    5.9375000000E-01   -1.7114491826E-02    2.5000000000E-01    7.1442546874E+02
    5.8125000000E-01   -1.7114491826E-02    2.5000000000E-01    7.1442546874E+02
    5.6875000000E-01   -1.7114491826E-02    2.5000000000E-01    7.1442546874E+02
    5.5625000000E-01   -1.7114491826E-02    2.5000000000E-01    7.1442546874E+02
    5.4375000000E-01   -1.7114491826E-02    2.5000000000E-01    7.1442546874E+02
    5.3125000000E-01   -1.7114491826E-02    2.5000000000E-01    7.1442546874E+02
    5.1875000000E-01   -1.7114491826E-02    2.5000000000E-01    7.1442546874E+02
    5.0625000000E-01   -1.7114491826E-02    2.5000000000E-01    7.1442546874E+02
    9.9375000000E-01   -2.2486846745E-02    2.5000000000E-01    6.8756382846E+02
    9.8125000000E-01   -2.2486846745E-02    2.5000000000E-01    6.8756382846E+02
    9.6875000000E-01   -2.2486846745E-02    2.5000000000E-01    6.8756382846E+02
    9.5625000000E-01   -2.2486846745E-02    2.5000000000E-01    6.8756382846E+02
    9.4375000000E-01   -2.2486846745E-02    2.5000000000E-01    6.8756382846E+02
    9.3125000000E-01   -2.2486846745E-02    2.5000000000E-01    6.8756382846E+02
    9.1875000000E-01   -2.2486846745E-02    2.5000000000E-01    6.8756382846E+02
    9.0625000000E-01   -2.2486846745E-02    2.5000000000E-01    6.8756382846E+02
    8.9375000000E-01   -2.2486846745E-02    2.5000000000E-01    6.8756382846E+02
    8.8125000000E-01   -2.2486846745E-02    2.5000000000E-01    6.8756382846E+02
    8.6875000000E-01   -2.2486846745E-02    2.5000000000E-01    6.8756382846E+02
    8.5625000000E-01   -2.2486846745E-02    2.5000000000E-01    6.8756382846E+02
    8.4375000000E-01   -2.2486846745E-02    2.5000000000E-01    6.8756382846E+02
    8.3125000000E-01   -2.2486846745E-02    2.5000000000E-01    6.8756382846E+02
    8.1875000000E-01   -2.2486846745E-02    2.5000000000E-01    6.8756382846E+02
    8.0625000000E-01   -2.2486846745E-02    2.5000000000E-01    6.8756382846E+02
    7.9375000000E-01   -2.2486846745E-02    2.5000000000E-01    6.8756382846E+02
    7.8125000000E-01   -2.2486846745E-02    2.5000000000E-01    6.8756382846E+02
    7.6875000000E-01   -2.2486846745E-02    2.5000000000E-01    6.8756382846E+02
    7.5625000000E-01   -2.2486846745E-02    2.5000000000E-01    6.8756382846E+02
    7.4375000000E-01   -2.2486846745E-02    2.5000000000E-01    6.8756382846E+02
    7.3125000000E-01   -2.2486846745E-02    2.5000000000E-01    6.8756382846E+02
    7.1875000000E-01   -2.2486846745E-02    2.5000000000E-01    6.8756382846E+02
    7.0625000000E-01   -2.2486846745E-02    2.5000000000E-01    6.8756382846E+02
    6.9375000000E-01   -2.2486846745E-02    2.5000000000E-01    6.8756382846E+02
    6.8125000000E-01   -2.2486846745E-02    2.5000000000E-01    6.8756382846E+02
    6.6875000000E-01   -2.2486846745E-02    2.5000000000E-01    6.8756382846E+02
    6.5625000000E-01   -2.2486846745E-02    2.5000000000E-01    6.8756382846E+02
    6.4375000000E-01   -2.2486846745E-02    2.5000000000E-01    6.8756382846E+02
    6.3125000000E-01   -2.2486846745E-02    2.5000000000E-01    6.8756382846E+02
    6.1875000000E-01   -2.2486846745E-02    2.5000000000E-01    6.8756382846E+02
    6.0625000000E-01   -2.2486846745E-02    2.5000000000E-01    6.8756382846E+02
    5.9375000000E-01   -2.2486846745E-02    2.5000000000E-01    6.8756382846E+02
    5.8125000000E-01   -2.2486846745E-02    2.5000000000E-01    6.8756382846E+02
    5.6875000000E-01   -2.2486846745E-02    2.5000000000E-01    6.8756382846E+02
    5.5625000000E-01   -2.2486846745E-02    2.5000000000E-01    6.8756382846E+02
    5.4375000000E-01   -2.2486846745E-02    2.5000000000E-01    6.8756382846E+02
    5.3125000000E-01   -2.2486846745E-02    2.5000000000E-01    6.8756382846E+02
    5.1875000000E-01   -2.2486846745E-02    2.5000000000E-01    6.8756382846E+02
    5.0625000000E-01   -2.2486846745E-02    2.5000000000E-01    6.8756382846E+02
    9.9375000000E-01   -2.9545620206E-02    2.5000000000E-01    6.5227013762E+02
    9.8125000000E-01   -2.9545620206E-02    2.5000000000E-01    6.5227013762E+02
    9.6875000000E-01   -2.9545620206E-02    2.5000000000E-01    6.5227013762E+02
    9.5625000000E-01   -2.9545620206E-02    2.5000000000E-01    6.5227013762E+02
    9.4375000000E-01   -2.9545620206E-02    2.5000000000E-01    6.5227013762E+02
    9.3125000000E-01   -2.9545620207E-02    2.5000000000E-01    6.5227013762E+02
    9.1875000000E-01   -2.9545620207E-02    2.5000000000E-01    6.5227013762E+02
    9.0625000000E-01   -2.9545620207E-02    2.5000000000E-01    6.5227013762E+02
    8.9375000000E-01   -2.9545620207E-02    2.5000000000E-01    6.5227013762E+02
    8.8125000000E-01   -2.9545620207E-02    2.5000000000E-01    6.5227013762E+02
    8.6875000000E-01   -2.9545620207E-02    2.5000000000E-01    6.5227013762E+02
    8.5625000000E-01   -2.9545620207E-02    2.5000000000E-01    6.5227013762E+02
    8.4375000000E-01   -2.9545620207E-02    2.5000000000E-01    6.5227013762E+02
    8.3125000000E-01   -2.9545620207E-02    2.5000000000E-01    6.5227013762E+02
    8.1875000000E-01   -2.9545620207E-02    2.5000000000E-01    6.5227013762E+02
    8.0625000000E-01   -2.9545620207E-02    2.5000000000E-01    6.5227013762E+02
    7.9375000000E-01   -2.9545620207E-02    2.5000000000E-01    6.5227013762E+02
    7.8125000000E-01   -2.9545620207E-02    2.5000000000E-01    6.5227013762E+02
    7.6875000000E-01   -2.9545620207E-02    2.5000000000E-01    6.5227013762E+02
    7.5625000000E-01   -2.9545620207E-02    2.5000000000E-01    6.5227013762E+02
    7.4375000000E-01   -2.9545620207E-02    2.5000000000E-01    6.5227013762E+02
    7.3125000000E-01   -2.9545620207E-02    2.5000000000E-01    6.5227013762E+02
    7.1875000000E-01   -2.9545620207E-02    2.5000000000E-01    6.5227013762E+02
    7.0625000000E-01   -2.9545620207E-02    2.5000000000E-01    6.5227013762E+02
    6.9375000000E-01   -2.9545620207E-02    2.5000000000E-01    6.5227013762E+02
    6.8125000000E-01   -2.9545620207E-02    2.5000000000E-01    6.5227013762E+02
    6.6875000000E-01   -2.9545620207E-02    2.5000000000E-01    6.5227013762E+02
    6.5625000000E-01   -2.9545620207E-02    2.5000000000E-01    6.5227013762E+02
    6.4375000000E-01   -2.9545620207E-02    2.5000000000E-01    6.5227013762E+02
    6.3125000000E-01   -2.9545620207E-02    2.5000000000E-01    6.5227013762E+02
    6.1875000000E-01   -2.9545620207E-02    2.5000000000E-01    6.5227013762E+02
    6.0625000000E-01   -2.9545620207E-02    2.5000000000E-01    6.5227013762E+02
    5.9375000000E-01   -2.9545620207E-02    2.5000000000E-01    6.5227013762E+02
    5.8125000000E-01   -2.9545620207E-02    2.5000000000E-01    6.5227013762E+02
    5.6875000000E-01   -2.9545620207E-02    2.5000000000E-01    6.5227013762E+02
    5.5625000000E-01   -2.9545620207E-02    2.5000000000E-01    6.5227013762E+02
    5.4375000000E-01   -2.9545620207E-02    2.5000000000E-01    6.5227013762E+02
    5.3125000000E-01   -2.9545620207E-02    2.5000000000E-01    6.5227013762E+02
    5.1875000000E-01   -2.9545620207E-02    2.5000000000E-01    6.5227013762E+02
    5.0625000000E-01   -2.9545620207E-02    2.5000000000E-01    6.5227013762E+02
    9.9375000000E-01   -3.8820190411E-02    2.5000000000E-01    6.0589751846E+02
    9.8125000000E-01   -3.8820190411E-02    2.5000000000E-01    6.0589751846E+02
    9.6875000000E-01   -3.8820190411E-02    2.5000000000E-01    6.0589751846E+02
    9.5625000000E-01   -3.8820190411E-02    2.5000000000E-01    6.0589751846E+02
    9.4375000000E-01   -3.8820190411E-02    2.5000000000E-01    6.0589751846E+02
    9.3125000000E-01   -3.8820190411E-02    2.5000000000E-01    6.0589751846E+02
    9.1875000000E-01   -3.8820190411E-02    2.5000000000E-01    6.0589751846E+02
    9.0625000000E-01   -3.8820190411E-02    2.5000000000E-01    6.0589751846E+02
    8.9375000000E-01   -3.8820190411E-02    2.5000000000E-01    6.0589751846E+02
    8.8125000000E-01   -3.8820190411E-02    2.5000000000E-01    6.0589751846E+02
    8.6875000000E-01   -3.8820190411E-02    2.5000000000E-01    6.0589751846E+02
    8.5625000000E-01   -3.8820190411E-02    2.5000000000E-01    6.0589751846E+02
    8.4375000000E-01   -3.8820190411E-02    2.5000000000E-01    6.0589751846E+02
    8.3125000000E-01   -3.8820190411E-02    2.5000000000E-01    6.0589751846E+02
    8.1875000000E-01   -3.8820190411E-02    2.5000000000E-01    6.0589751846E+02
    8.0625000000E-01   -3.8820190411E-02    2.5000000000E-01    6.0589751846E+02
    7.9375000000E-01   -3.8820190411E-02    2.5000000000E-01    6.0589751846E+02
    7.8125000000E-01   -3.8820190411E-02    2.5000000000E-01    6.0589751846E+02
    7.6875000000E-01   -3.8820190411E-02    2.5000000000E-01    6.0589751846E+02
    7.5625000000E-01   -3.8820190411E-02    2.5000000000E-01    6.0589751846E+02
    7.4375000000E-01   -3.8820190411E-02    2.5000000000E-01    6.0589751846E+02
    7.3125000000E-01   -3.8820190411E-02    2.5000000000E-01    6.0589751846E+02
    7.1875000000E-01   -3.8820190411E-02    2.5000000000E-01    6.0589751846E+02
    7.0625000000E-01   -3.8820190411E-02    2.5000000000E-01    6.0589751846E+02
    6.9375000000E-01   -3.8820190411E-02    2.5000000000E-01    6.0589751846E+02
    6.8125000000E-01   -3.8820190411E-02    2.5000000000E-01    6.0589751846E+02
    6.6875000000E-01   -3.8820190411E-02    2.5000000000E-01    6.0589751846E+02
    6.5625000000E-01   -3.8820190411E-02    2.5000000000E-01    6.0589751846E+02
    6.4375000000E-01   -3.8820190411E-02    2.5000000000E-01    6.0589751846E+02
    6.3125000000E-01   -3.8820190411E-02    2.5000000000E-01    6.0589751846E+02
    6.1875000000E-01   -3.8820190411E-02    2.5000000000E-01    6.0589751846E+02
    6.0625000000E-01   -3.8820190411E-02    2.5000000000E-01    6.0589751846E+02
    5.9375000000E-01   -3.8820190411E-02    2.5000000000E-01    6.0589751846E+02
    5.8125000000E-01   -3.8820190411E-02    2.5000000000E-01    6.0589751846E+02
    5.6875000000E-01   -3.8820190411E-02    2.5000000000E-01    6.0589751846E+02
    5.5625000000E-01   -3.8820190411E-02    2.5000000000E-01    6.0589751846E+02
    5.4375000000E-01   -3.8820190411E-02    2.5000000000E-01    6.0589751846E+02
    5.3125000000E-01   -3.8820190411E-02    2.5000000000E-01    6.0589751846E+02
    5.1875000000E-01   -3.8820190411E-02    2.5000000000E-01    6.0589751846E+02
    5.0625000000E-01   -3.8820190411E-02    2.5000000000E-01    6.0589751846E+02
    9.9375000000E-01   -5.1006110955E-02    2.5000000000E-01    5.4496822038E+02
    9.8125000000E-01   -5.1006110955E-02    2.5000000000E-01    5.4496822038E+02
    9.6875000000E-01   -5.1006110955E-02    2.5000000000E-01    5.4496822038E+02
    9.5625000000E-01   -5.1006110955E-02    2.5000000000E-01    5.4496822038E+02
    9.4375000000E-01   -5.1006110955E-02    2.5000000000E-01    5.4496822038E+02
    9.3125000000E-01   -5.1006110955E-02    2.5000000000E-01    5.4496822038E+02
    9.1875000000E-01   -5.1006110955E-02    2.5000000000E-01    5.4496822038E+02
    9.0625000000E-01   -5.1006110955E-02    2.5000000000E-01    5.4496822038E+02
    8.9375000000E-01   -5.1006110955E-02    2.5000000000E-01    5.4496822038E+02
    8.8125000000E-01   -5.1006110955E-02    2.5000000000E-01    5.4496822038E+02
    8.6875000000E-01   -5.1006110955E-02    2.5000000000E-01    5.4496822038E+02
    8.5625000000E-01   -5.1006110955E-02    2.5000000000E-01    5.4496822038E+02
    8.4375000000E-01   -5.1006110955E-02    2.5000000000E-01    5.4496822038E+02
    8.3125000000E-01   -5.1006110955E-02    2.5000000000E-01    5.4496822038E+02
    8.1875000000E-01   -5.1006110955E-02    2.5000000000E-01    5.4496822038E+02
    8.0625000000E-01   -5.1006110955E-02    2.5000000000E-01    5.4496822038E+02
    7.9375000000E-01   -5.1006110955E-02    2.5000000000E-01    5.4496822038E+02
    7.8125000000E-01   -5.1006110955E-02    2.5000000000E-01    5.4496822038E+02
    7.6875000000E-01   -5.1006110955E-02    2.5000000000E-01    5.4496822038E+02
    7.5625000000E-01   -5.1006110955E-02    2.5000000000E-01    5.4496822038E+02
    7.4375000000E-01   -5.1006110955E-02    2.5000000000E-01    5.4496822038E+02
    7.3125000000E-01   -5.1006110955E-02    2.5000000000E-01    5.4496822038E+02
    7.1875000000E-01   -5.1006110955E-02    2.5000000000E-01    5.4496822038E+02
    7.0625000000E-01   -5.1006110955E-02    2.5000000000E-01    5.4496822038E+02
    6.9375000000E-01   -5.1006110955E-02    2.5000000000E-01    5.4496822038E+02
    6.8125000000E-01   -5.1006110955E-02    2.5000000000E-01    5.4496822038E+02
    6.6875000000E-01   -5.1006110955E-02    2.5000000000E-01    5.4496822038E+02
    6.5625000000E-01   -5.1006110955E-02    2.5000000000E-01    5.4496822038E+02
    6.4375000000E-01   -5.1006110955E-02    2.5000000000E-01    5.4496822038E+02
    6.3125000000E-01   -5.1006110955E-02    2.5000000000E-01    5.4496822038E+02
    6.1875000000E-01   -5.1006110955E-02    2.5000000000E-01    5.4496822038E+02
    6.0625000000E-01   -5.1006110955E-02    2.5000000000E-01    5.4496822038E+02
    5.9375000000E-01   -5.1006110955E-02    2.5000000000E-01    5.4496822038E+02
    5.8125000000E-01   -5.1006110955E-02    2.5000000000E-01    5.4496822038E+02
    5.6875000000E-01   -5.1006110955E-02    2.5000000000E-01    5.4496822038E+02
    5.5625000000E-01   -5.1006110955E-02    2.5000000000E-01    5.4496822038E+02
    5.4375000000E-01   -5.1006110955E-02    2.5000000000E-01    5.4496822038E+02
    5.3125000000E-01   -5.1006110955E-02    2.5000000000E-01    5.4496822038E+02
    5.1875000000E-01   -5.1006110955E-02    2.5000000000E-01    5.4496822038E+02
    5.0625000000E-01   -5.1006110955E-02    2.5000000000E-01    5.4496822038E+02
    9.9375000000E-01   -6.7017274420E-02    2.5000000000E-01    4.6491280334E+02
    9.8125000000E-01   -6.7017274420E-02    2.5000000000E-01    4.6491280334E+02
    9.6875000000E-01   -6.7017274420E-02    2.5000000000E-01    4.6491280334E+02
    9.5625000000E-01   -6.7017274420E-02    2.5000000000E-01    4.6491280334E+02
    9.4375000000E-01   -6.7017274420E-02    2.5000000000E-01    4.6491280334E+02
    9.3125000000E-01   -6.7017274420E-02    2.5000000000E-01    4.6491280334E+02
    9.1875000000E-01   -6.7017274420E-02    2.5000000000E-01    4.6491280334E+02
    9.0625000000E-01   -6.7017274420E-02    2.5000000000E-01    4.6491280334E+02
    8.9375000000E-01   -6.7017274420E-02    2.5000000000E-01    4.6491280334E+02
    8.8125000000E-01   -6.7017274420E-02    2.5000000000E-01    4.6491280334E+02
    8.6875000000E-01   -6.7017274420E-02    2.5000000000E-01    4.6491280334E+02
    8.5625000000E-01   -6.7017274420E-02    2.5000000000E-01    4.6491280334E+02
    8.4375000000E-01   -6.7017274420E-02    2.5000000000E-01    4.6491280334E+02
    8.3125000000E-01   -6.7017274420E-02    2.5000000000E-01    4.6491280334E+02
    8.1875000000E-01   -6.7017274420E-02    2.5000000000E-01    4.6491280334E+02
    8.0625000000E-01   -6.7017274420E-02    2.5000000000E-01    4.6491280334E+02
    7.9375000000E-01   -6.7017274420E-02    2.5000000000E-01    4.6491280334E+02
    7.8125000000E-01   -6.7017274420E-02    2.5000000000E-01    4.6491280334E+02
    7.6875000000E-01   -6.7017274420E-02    2.5000000000E-01    4.6491280334E+02
    7.5625000000E-01   -6.7017274420E-02    2.5000000000E-01    4.6491280334E+02
    7.4375000000E-01   -6.7017274420E-02    2.5000000000E-01    4.6491280334E+02
    7.3125000000E-01   -6.7017274420E-02    2.5000000000E-01    4.6491280334E+02
    7.1875000000E-01   -6.7017274420E-02    2.5000000000E-01    4.6491280334E+02
    7.0625000000E-01   -6.7017274420E-02    2.5000000000E-01    4.6491280334E+02
    6.9375000000E-01   -6.7017274420E-02    2.5000000000E-01    4.6491280334E+02
    6.8125000000E-01   -6.7017274420E-02    2.5000000000E-01    4.6491280334E+02
    6.6875000000E-01   -6.7017274420E-02    2.5000000000E-01    4.6491280334E+02
    6.5625000000E-01   -6.7017274420E-02    2.5000000000E-01    4.6491280334E+02
    6.4375000000E-01   -6.7017274420E-02    2.5000000000E-01    4.6491280334E+02
    6.3125000000E-01   -6.7017274420E-02    2.5000000000E-01    4.6491280334E+02
    6.1875000000E-01   -6.7017274420E-02    2.5000000000E-01    4.6491280334E+02
    6.0625000000E-01   -6.7017274420E-02    2.5000000000E-01    4.6491280334E+02
    5.9375000000E-01   -6.7017274420E-02    2.5000000000E-01    4.6491280334E+02
    5.8125000000E-01   -6.7017274420E-02    2.5000000000E-01    4.6491280334E+02
    5.6875000000E-01   -6.7017274420E-02    2.5000000000E-01    4.6491280334E+02
    5.5625000000E-01   -6.7017274420E-02    2.5000000000E-01    4.6491280334E+02
    5.4375000000E-01   -6.7017274420E-02    2.5000000000E-01    4.6491280334E+02
    5.3125000000E-01   -6.7017274420E-02    2.5000000000E-01    4.6491280334E+02
    5.1875000000E-01   -6.7017274420E-02    2.5000000000E-01    4.6491280334E+02
    5.0625000000E-01   -6.7017274420E-02    2.5000000000E-01    4.6491280334E+02
    9.9375000000E-01   -8.8054450448E-02    2.5000000000E-01    3.5972744912E+02
    9.8125000000E-01   -8.8054450448E-02    2.5000000000E-01    3.5972744912E+02
    9.6875000000E-01   -8.8054450448E-02    2.5000000000E-01    3.5972744912E+02
    9.5625000000E-01   -8.8054450448E-02    2.5000000000E-01    3.5972744912E+02
    9.4375000000E-01   -8.8054450448E-02    2.5000000000E-01    3.5972744912E+02
    9.3125000000E-01   -8.8054450448E-02    2.5000000000E-01    3.5972744912E+02
    9.1875000000E-01   -8.8054450448E-02    2.5000000000E-01    3.5972744912E+02
    9.0625000000E-01   -8.8054450448E-02    2.5000000000E-01    3.5972744912E+02
    8.9375000000E-01   -8.8054450448E-02    2.5000000000E-01    3.5972744912E+02
    8.8125000000E-01   -8.8054450448E-02    2.5000000000E-01    3.5972744912E+02
    8.6875000000E-01   -8.8054450448E-02    2.5000000000E-01    3.5972744912E+02
    8.5625000000E-01   -8.8054450448E-02    2.5000000000E-01    3.5972744912E+02
    8.4375000000E-01   -8.8054450448E-02    2.5000000000E-01    3.5972744912E+02
    8.3125000000E-01   -8.8054450448E-02    2.5000000000E-01    3.5972744912E+02
    8.1875000000E-01   -8.8054450448E-02    2.5000000000E-01    3.5972744912E+02
    8.0625000000E-01   -8.8054450448E-02    2.5000000000E-01    3.5972744912E+02
    7.9375000000E-01   -8.8054450448E-02    2.5000000000E-01    3.5972744912E+02
    7.8125000000E-01   -8.8054450448E-02    2.5000000000E-01    3.5972744912E+02
    7.6875000000E-01   -8.8054450448E-02    2.5000000000E-01    3.5972744912E+02
    7.5625000000E-01   -8.8054450448E-02    2.5000000000E-01    3.5972744912E+02
    7.4375000000E-01   -8.8054450448E-02    2.5000000000E-01    3.5972744912E+02
    7.3125000000E-01   -8.8054450448E-02    2.5000000000E-01    3.5972744912E+02
    7.1875000000E-01   -8.8054450448E-02    2.5000000000E-01    3.5972744912E+02
    7.0625000000E-01   -8.8054450448E-02    2.5000000000E-01    3.5972744912E+02
    6.9375000000E-01   -8.8054450448E-02    2.5000000000E-01    3.5972744912E+02
    6.8125000000E-01   -8.8054450448E-02    2.5000000000E-01    3.5972744912E+02
    6.6875000000E-01   -8.8054450448E-02    2.5000000000E-01    3.5972744912E+02
    6.5625000000E-01   -8.8054450448E-02    2.5000000000E-01    3.5972744912E+02
    6.4375000000E-01   -8.8054450448E-02    2.5000000000E-01    3.5972744912E+02
    6.3125000000E-01   -8.8054450448E-02    2.5000000000E-01    3.5972744912E+02
    6.1875000000E-01   -8.8054450448E-02    2.5000000000E-01    3.5972744912E+02
    6.0625000000E-01   -8.8054450448E-02    2.5000000000E-01    3.5972744912E+02
    5.9375000000E-01   -8.8054450448E-02    2.5000000000E-01    3.5972744912E+02
    5.8125000000E-01   -8.8054450448E-02    2.5000000000E-01    3.5972744912E+02
    5.6875000000E-01   -8.8054450448E-02    2.5000000000E-01    3.5972744912E+02
    5.5625000000E-01   -8.8054450448E-02    2.5000000000E-01    3.5972744912E+02
    5.4375000000E-01   -8.8054450448E-02    2.5000000000E-01    3.5972744912E+02
    5.3125000000E-01   -8.8054450448E-02    2.5000000000E-01    3.5972744912E+02
    5.1875000000E-01   -8.8054450448E-02    2.5000000000E-01    3.5972744912E+02
    5.0625000000E-01   -8.8054450448E-02    2.5000000000E-01    3.5972744912E+02
