# vtk DataFile Version 3.0
OpenCFD-EC output
ASCII
DATASET STRUCTURED_GRID
DIMENSIONS     22   101     2
POINTS         4444 double
    7.375000000000000E-01    0.000000000000000E+00    0.000000000000000E+00
    7.500000000000000E-01    0.000000000000000E+00    0.000000000000000E+00
    7.625000000000000E-01    0.000000000000000E+00    0.000000000000000E+00
    7.750000000000001E-01    0.000000000000000E+00    0.000000000000000E+00
    7.875000000000001E-01    0.000000000000000E+00    0.000000000000000E+00
    8.000000000000000E-01    0.000000000000000E+00    0.000000000000000E+00
    8.125000000000000E-01    0.000000000000000E+00    0.000000000000000E+00
    8.250000000000000E-01    0.000000000000000E+00    0.000000000000000E+00
    8.375000000000001E-01    0.000000000000000E+00    0.000000000000000E+00
    8.499999999999999E-01    0.000000000000000E+00    0.000000000000000E+00
    8.625000000000000E-01    0.000000000000000E+00    0.000000000000000E+00
    8.750000000000000E-01    0.000000000000000E+00    0.000000000000000E+00
    8.875000000000000E-01    0.000000000000000E+00    0.000000000000000E+00
    9.000000000000001E-01    0.000000000000000E+00    0.000000000000000E+00
    9.124999999999999E-01    0.000000000000000E+00    0.000000000000000E+00
    9.250000000000000E-01    0.000000000000000E+00    0.000000000000000E+00
    9.375000000000000E-01    0.000000000000000E+00    0.000000000000000E+00
    9.500000000000000E-01    0.000000000000000E+00    0.000000000000000E+00
    9.625000000000001E-01    0.000000000000000E+00    0.000000000000000E+00
    9.749999999999999E-01    0.000000000000000E+00    0.000000000000000E+00
    9.875000000000000E-01    0.000000000000000E+00    0.000000000000000E+00
    1.000000000000000E+00    0.000000000000000E+00    0.000000000000000E+00
    7.375000000000000E-01    1.000000000000000E-06    0.000000000000000E+00
    7.500000000000000E-01    1.000000000000000E-06    0.000000000000000E+00
    7.625000000000000E-01    1.000000000000000E-06    0.000000000000000E+00
    7.749999999999999E-01    1.000000000000000E-06    0.000000000000000E+00
    7.875000000000001E-01    1.000000000000000E-06    0.000000000000000E+00
    8.000000000000002E-01    1.000000000000000E-06    0.000000000000000E+00
    8.124999999999999E-01    1.000000000000000E-06    0.000000000000000E+00
    8.249999999999998E-01    1.000000000000000E-06    0.000000000000000E+00
    8.375000000000001E-01    1.000000000000000E-06    0.000000000000000E+00
    8.500000000000001E-01    1.000000000000000E-06    0.000000000000000E+00
    8.625000000000000E-01    1.000000000000000E-06    0.000000000000000E+00
    8.750000000000002E-01    1.000000000000000E-06    0.000000000000000E+00
    8.875000000000000E-01    1.000000000000000E-06    0.000000000000000E+00
    9.000000000000001E-01    1.000000000000000E-06    0.000000000000000E+00
    9.125000000000002E-01    1.000000000000000E-06    0.000000000000000E+00
    9.250000000000002E-01    1.000000000000000E-06    0.000000000000000E+00
    9.375000000000001E-01    1.000000000000000E-06    0.000000000000000E+00
    9.500000000000001E-01    1.000000000000000E-06    0.000000000000000E+00
    9.625000000000000E-01    9.999999999999997E-07    0.000000000000000E+00
    9.750000000000001E-01    9.999999999999995E-07    0.000000000000000E+00
    9.875000000000000E-01    1.000000000000000E-06    0.000000000000000E+00
    1.000000000000000E+00    1.000000000000000E-06    0.000000000000000E+00
    7.375000000000000E-01    2.013633407695898E-06    0.000000000000000E+00
    7.500000000000000E-01    2.013633407695898E-06    0.000000000000000E+00
    7.625000000000000E-01    2.013633407695898E-06    0.000000000000000E+00
    7.749999999999999E-01    2.013633407695898E-06    0.000000000000000E+00
    7.875000000000001E-01    2.013633407695898E-06    0.000000000000000E+00
    8.000000000000002E-01    2.013633407695898E-06    0.000000000000000E+00
    8.124999999999999E-01    2.013633407695898E-06    0.000000000000000E+00
    8.249999999999998E-01    2.013633407695898E-06    0.000000000000000E+00
    8.374999999999999E-01    2.013633407695898E-06    0.000000000000000E+00
    8.500000000000003E-01    2.013633407695898E-06    0.000000000000000E+00
    8.625000000000000E-01    2.013633407695898E-06    0.000000000000000E+00
    8.750000000000000E-01    2.013633407695898E-06    0.000000000000000E+00
    8.875000000000000E-01    2.013633407695898E-06    0.000000000000000E+00
    8.999999999999999E-01    2.013633407695898E-06    0.000000000000000E+00
    9.125000000000002E-01    2.013633407695898E-06    0.000000000000000E+00
    9.250000000000002E-01    2.013633407695898E-06    0.000000000000000E+00
    9.375000000000001E-01    2.013633407695898E-06    0.000000000000000E+00
    9.500000000000001E-01    2.013633407695899E-06    0.000000000000000E+00
    9.625000000000000E-01    2.013633407695898E-06    0.000000000000000E+00
    9.750000000000001E-01    2.013633407695898E-06    0.000000000000000E+00
    9.875000000000000E-01    2.013633407695898E-06    0.000000000000000E+00
    1.000000000000000E+00    2.013633407695898E-06    0.000000000000000E+00
    7.375000000000000E-01    3.054719500588991E-06    0.000000000000000E+00
    7.500000000000000E-01    3.054719500588991E-06    0.000000000000000E+00
    7.625000000000000E-01    3.054719500588990E-06    0.000000000000000E+00
    7.749999999999999E-01    3.054719500588990E-06    0.000000000000000E+00
    7.875000000000001E-01    3.054719500588991E-06    0.000000000000000E+00
    8.000000000000002E-01    3.054719500588992E-06    0.000000000000000E+00
    8.124999999999999E-01    3.054719500588991E-06    0.000000000000000E+00
    8.249999999999998E-01    3.054719500588991E-06    0.000000000000000E+00
    8.374999999999999E-01    3.054719500588991E-06    0.000000000000000E+00
    8.500000000000003E-01    3.054719500588990E-06    0.000000000000000E+00
    8.625000000000000E-01    3.054719500588991E-06    0.000000000000000E+00
    8.750000000000000E-01    3.054719500588992E-06    0.000000000000000E+00
    8.875000000000000E-01    3.054719500588992E-06    0.000000000000000E+00
    8.999999999999999E-01    3.054719500588991E-06    0.000000000000000E+00
    9.125000000000002E-01    3.054719500588991E-06    0.000000000000000E+00
    9.250000000000002E-01    3.054719500588991E-06    0.000000000000000E+00
    9.375000000000001E-01    3.054719500588991E-06    0.000000000000000E+00
    9.500000000000001E-01    3.054719500588991E-06    0.000000000000000E+00
    9.625000000000000E-01    3.054719500588991E-06    0.000000000000000E+00
    9.750000000000001E-01    3.054719500588990E-06    0.000000000000000E+00
    9.875000000000000E-01    3.054719500588991E-06    0.000000000000000E+00
    1.000000000000000E+00    3.054719500588991E-06    0.000000000000000E+00
    7.375000000000000E-01    4.137451829830218E-06    0.000000000000000E+00
    7.500000000000000E-01    4.137451829830218E-06    0.000000000000000E+00
    7.625000000000000E-01    4.137451829830218E-06    0.000000000000000E+00
    7.749999999999999E-01    4.137451829830218E-06    0.000000000000000E+00
    7.875000000000001E-01    4.137451829830218E-06    0.000000000000000E+00
    7.999999999999999E-01    4.137451829830218E-06    0.000000000000000E+00
    8.124999999999999E-01    4.137451829830218E-06    0.000000000000000E+00
    8.249999999999998E-01    4.137451829830218E-06    0.000000000000000E+00
    8.374999999999999E-01    4.137451829830218E-06    0.000000000000000E+00
    8.500000000000001E-01    4.137451829830218E-06    0.000000000000000E+00
    8.625000000000000E-01    4.137451829830218E-06    0.000000000000000E+00
    8.750000000000002E-01    4.137451829830218E-06    0.000000000000000E+00
    8.875000000000002E-01    4.137451829830218E-06    0.000000000000000E+00
    9.000000000000001E-01    4.137451829830218E-06    0.000000000000000E+00
    9.125000000000002E-01    4.137451829830218E-06    0.000000000000000E+00
    9.250000000000002E-01    4.137451829830220E-06    0.000000000000000E+00
    9.375000000000001E-01    4.137451829830218E-06    0.000000000000000E+00
    9.500000000000001E-01    4.137451829830217E-06    0.000000000000000E+00
    9.625000000000000E-01    4.137451829830218E-06    0.000000000000000E+00
    9.750000000000001E-01    4.137451829830217E-06    0.000000000000000E+00
    9.875000000000000E-01    4.137451829830218E-06    0.000000000000000E+00
    1.000000000000000E+00    4.137451829830218E-06    0.000000000000000E+00
    7.375000000000000E-01    5.276591726689654E-06    0.000000000000000E+00
    7.500000000000000E-01    5.276591726689654E-06    0.000000000000000E+00
    7.625000000000000E-01    5.276591726689654E-06    0.000000000000000E+00
    7.749999999999999E-01    5.276591726689654E-06    0.000000000000000E+00
    7.875000000000001E-01    5.276591726689654E-06    0.000000000000000E+00
    7.999999999999999E-01    5.276591726689654E-06    0.000000000000000E+00
    8.124999999999999E-01    5.276591726689654E-06    0.000000000000000E+00
    8.250000000000001E-01    5.276591726689654E-06    0.000000000000000E+00
    8.374999999999999E-01    5.276591726689655E-06    0.000000000000000E+00
    8.500000000000001E-01    5.276591726689654E-06    0.000000000000000E+00
    8.625000000000003E-01    5.276591726689654E-06    0.000000000000000E+00
    8.750000000000000E-01    5.276591726689654E-06    0.000000000000000E+00
    8.875000000000000E-01    5.276591726689654E-06    0.000000000000000E+00
    9.000000000000001E-01    5.276591726689654E-06    0.000000000000000E+00
    9.125000000000002E-01    5.276591726689654E-06    0.000000000000000E+00
    9.250000000000002E-01    5.276591726689654E-06    0.000000000000000E+00
    9.375000000000001E-01    5.276591726689654E-06    0.000000000000000E+00
    9.500000000000001E-01    5.276591726689654E-06    0.000000000000000E+00
    9.625000000000000E-01    5.276591726689653E-06    0.000000000000000E+00
    9.750000000000001E-01    5.276591726689654E-06    0.000000000000000E+00
    9.875000000000000E-01    5.276591726689655E-06    0.000000000000000E+00
    1.000000000000000E+00    5.276591726689654E-06    0.000000000000000E+00
    7.375000000000000E-01    6.487669549803841E-06    0.000000000000000E+00
    7.500000000000000E-01    6.487669549803841E-06    0.000000000000000E+00
    7.625000000000000E-01    6.487669549803842E-06    0.000000000000000E+00
    7.749999999999999E-01    6.487669549803842E-06    0.000000000000000E+00
    7.875000000000001E-01    6.487669549803842E-06    0.000000000000000E+00
    7.999999999999999E-01    6.487669549803840E-06    0.000000000000000E+00
    8.124999999999999E-01    6.487669549803842E-06    0.000000000000000E+00
    8.249999999999998E-01    6.487669549803841E-06    0.000000000000000E+00
    8.374999999999999E-01    6.487669549803841E-06    0.000000000000000E+00
    8.500000000000001E-01    6.487669549803840E-06    0.000000000000000E+00
    8.625000000000000E-01    6.487669549803839E-06    0.000000000000000E+00
    8.750000000000000E-01    6.487669549803841E-06    0.000000000000000E+00
    8.875000000000000E-01    6.487669549803841E-06    0.000000000000000E+00
    8.999999999999999E-01    6.487669549803842E-06    0.000000000000000E+00
    9.125000000000002E-01    6.487669549803841E-06    0.000000000000000E+00
    9.250000000000002E-01    6.487669549803841E-06    0.000000000000000E+00
    9.375000000000001E-01    6.487669549803839E-06    0.000000000000000E+00
    9.500000000000001E-01    6.487669549803839E-06    0.000000000000000E+00
    9.625000000000000E-01    6.487669549803839E-06    0.000000000000000E+00
    9.750000000000001E-01    6.487669549803842E-06    0.000000000000000E+00
    9.875000000000000E-01    6.487669549803841E-06    0.000000000000000E+00
    1.000000000000000E+00    6.487669549803841E-06    0.000000000000000E+00
    7.375000000000000E-01    7.787196416886758E-06    0.000000000000000E+00
    7.500000000000000E-01    7.787196416886758E-06    0.000000000000000E+00
    7.625000000000000E-01    7.787196416886758E-06    0.000000000000000E+00
    7.749999999999999E-01    7.787196416886758E-06    0.000000000000000E+00
    7.875000000000001E-01    7.787196416886758E-06    0.000000000000000E+00
    7.999999999999999E-01    7.787196416886758E-06    0.000000000000000E+00
    8.124999999999999E-01    7.787196416886758E-06    0.000000000000000E+00
    8.249999999999998E-01    7.787196416886758E-06    0.000000000000000E+00
    8.375000000000001E-01    7.787196416886758E-06    0.000000000000000E+00
    8.500000000000003E-01    7.787196416886758E-06    0.000000000000000E+00
    8.625000000000003E-01    7.787196416886758E-06    0.000000000000000E+00
    8.750000000000002E-01    7.787196416886758E-06    0.000000000000000E+00
    8.875000000000002E-01    7.787196416886758E-06    0.000000000000000E+00
    9.000000000000001E-01    7.787196416886758E-06    0.000000000000000E+00
    9.125000000000002E-01    7.787196416886758E-06    0.000000000000000E+00
    9.250000000000002E-01    7.787196416886758E-06    0.000000000000000E+00
    9.375000000000001E-01    7.787196416886758E-06    0.000000000000000E+00
    9.500000000000001E-01    7.787196416886758E-06    0.000000000000000E+00
    9.625000000000000E-01    7.787196416886758E-06    0.000000000000000E+00
    9.750000000000001E-01    7.787196416886758E-06    0.000000000000000E+00
    9.875000000000000E-01    7.787196416886758E-06    0.000000000000000E+00
    1.000000000000000E+00    7.787196416886758E-06    0.000000000000000E+00
    7.375000000000000E-01    9.192889307529118E-06    0.000000000000000E+00
    7.500000000000000E-01    9.192889307529118E-06    0.000000000000000E+00
    7.625000000000000E-01    9.192889307529118E-06    0.000000000000000E+00
    7.749999999999999E-01    9.192889307529114E-06    0.000000000000000E+00
    7.875000000000001E-01    9.192889307529114E-06    0.000000000000000E+00
    8.000000000000002E-01    9.192889307529114E-06    0.000000000000000E+00
    8.125000000000001E-01    9.192889307529114E-06    0.000000000000000E+00
    8.249999999999998E-01    9.192889307529114E-06    0.000000000000000E+00
    8.374999999999999E-01    9.192889307529114E-06    0.000000000000000E+00
    8.500000000000001E-01    9.192889307529114E-06    0.000000000000000E+00
    8.625000000000000E-01    9.192889307529114E-06    0.000000000000000E+00
    8.750000000000000E-01    9.192889307529114E-06    0.000000000000000E+00
    8.875000000000000E-01    9.192889307529116E-06    0.000000000000000E+00
    8.999999999999999E-01    9.192889307529116E-06    0.000000000000000E+00
    9.125000000000002E-01    9.192889307529114E-06    0.000000000000000E+00
    9.250000000000002E-01    9.192889307529114E-06    0.000000000000000E+00
    9.375000000000001E-01    9.192889307529114E-06    0.000000000000000E+00
    9.500000000000001E-01    9.192889307529114E-06    0.000000000000000E+00
    9.625000000000000E-01    9.192889307529114E-06    0.000000000000000E+00
    9.750000000000001E-01    9.192889307529114E-06    0.000000000000000E+00
    9.875000000000000E-01    9.192889307529114E-06    0.000000000000000E+00
    1.000000000000000E+00    9.192889307529114E-06    0.000000000000000E+00
    7.375000000000000E-01    1.072391260600426E-05    0.000000000000000E+00
    7.500000000000000E-01    1.072391260600426E-05    0.000000000000000E+00
    7.625000000000000E-01    1.072391260600426E-05    0.000000000000000E+00
    7.749999999999999E-01    1.072391260600426E-05    0.000000000000000E+00
    7.875000000000001E-01    1.072391260600426E-05    0.000000000000000E+00
    7.999999999999999E-01    1.072391260600426E-05    0.000000000000000E+00
    8.124999999999999E-01    1.072391260600426E-05    0.000000000000000E+00
    8.249999999999998E-01    1.072391260600426E-05    0.000000000000000E+00
    8.375000000000001E-01    1.072391260600426E-05    0.000000000000000E+00
    8.500000000000003E-01    1.072391260600426E-05    0.000000000000000E+00
    8.625000000000000E-01    1.072391260600426E-05    0.000000000000000E+00
    8.750000000000000E-01    1.072391260600426E-05    0.000000000000000E+00
    8.875000000000000E-01    1.072391260600426E-05    0.000000000000000E+00
    9.000000000000001E-01    1.072391260600426E-05    0.000000000000000E+00
    9.125000000000002E-01    1.072391260600426E-05    0.000000000000000E+00
    9.250000000000002E-01    1.072391260600426E-05    0.000000000000000E+00
    9.375000000000001E-01    1.072391260600426E-05    0.000000000000000E+00
    9.500000000000001E-01    1.072391260600426E-05    0.000000000000000E+00
    9.625000000000000E-01    1.072391260600426E-05    0.000000000000000E+00
    9.750000000000001E-01    1.072391260600426E-05    0.000000000000000E+00
    9.875000000000000E-01    1.072391260600426E-05    0.000000000000000E+00
    1.000000000000000E+00    1.072391260600426E-05    0.000000000000000E+00
    7.375000000000000E-01    1.240113937713223E-05    0.000000000000000E+00
    7.500000000000000E-01    1.240113937713223E-05    0.000000000000000E+00
    7.625000000000000E-01    1.240113937713223E-05    0.000000000000000E+00
    7.749999999999999E-01    1.240113937713223E-05    0.000000000000000E+00
    7.875000000000001E-01    1.240113937713223E-05    0.000000000000000E+00
    7.999999999999999E-01    1.240113937713223E-05    0.000000000000000E+00
    8.124999999999999E-01    1.240113937713223E-05    0.000000000000000E+00
    8.249999999999998E-01    1.240113937713223E-05    0.000000000000000E+00
    8.375000000000001E-01    1.240113937713223E-05    0.000000000000000E+00
    8.500000000000003E-01    1.240113937713223E-05    0.000000000000000E+00
    8.625000000000000E-01    1.240113937713223E-05    0.000000000000000E+00
    8.750000000000000E-01    1.240113937713223E-05    0.000000000000000E+00
    8.875000000000000E-01    1.240113937713223E-05    0.000000000000000E+00
    8.999999999999999E-01    1.240113937713223E-05    0.000000000000000E+00
    9.125000000000002E-01    1.240113937713223E-05    0.000000000000000E+00
    9.250000000000002E-01    1.240113937713222E-05    0.000000000000000E+00
    9.375000000000001E-01    1.240113937713222E-05    0.000000000000000E+00
    9.500000000000001E-01    1.240113937713223E-05    0.000000000000000E+00
    9.625000000000000E-01    1.240113937713223E-05    0.000000000000000E+00
    9.750000000000001E-01    1.240113937713223E-05    0.000000000000000E+00
    9.875000000000000E-01    1.240113937713223E-05    0.000000000000000E+00
    1.000000000000000E+00    1.240113937713223E-05    0.000000000000000E+00
    7.375000000000000E-01    1.424743593728227E-05    0.000000000000000E+00
    7.500000000000000E-01    1.424743593728227E-05    0.000000000000000E+00
    7.625000000000000E-01    1.424743593728227E-05    0.000000000000000E+00
    7.749999999999999E-01    1.424743593728227E-05    0.000000000000000E+00
    7.875000000000001E-01    1.424743593728227E-05    0.000000000000000E+00
    7.999999999999999E-01    1.424743593728227E-05    0.000000000000000E+00
    8.124999999999999E-01    1.424743593728227E-05    0.000000000000000E+00
    8.249999999999998E-01    1.424743593728227E-05    0.000000000000000E+00
    8.374999999999999E-01    1.424743593728227E-05    0.000000000000000E+00
    8.500000000000001E-01    1.424743593728227E-05    0.000000000000000E+00
    8.625000000000000E-01    1.424743593728227E-05    0.000000000000000E+00
    8.749999999999998E-01    1.424743593728227E-05    0.000000000000000E+00
    8.874999999999997E-01    1.424743593728227E-05    0.000000000000000E+00
    8.999999999999997E-01    1.424743593728227E-05    0.000000000000000E+00
    9.125000000000000E-01    1.424743593728227E-05    0.000000000000000E+00
    9.249999999999999E-01    1.424743593728227E-05    0.000000000000000E+00
    9.375000000000001E-01    1.424743593728227E-05    0.000000000000000E+00
    9.500000000000001E-01    1.424743593728227E-05    0.000000000000000E+00
    9.625000000000000E-01    1.424743593728227E-05    0.000000000000000E+00
    9.750000000000001E-01    1.424743593728227E-05    0.000000000000000E+00
    9.875000000000000E-01    1.424743593728227E-05    0.000000000000000E+00
    1.000000000000000E+00    1.424743593728227E-05    0.000000000000000E+00
    7.375000000000000E-01    1.628797360018645E-05    0.000000000000000E+00
    7.500000000000000E-01    1.628797360018645E-05    0.000000000000000E+00
    7.625000000000000E-01    1.628797360018645E-05    0.000000000000000E+00
    7.749999999999999E-01    1.628797360018645E-05    0.000000000000000E+00
    7.875000000000001E-01    1.628797360018644E-05    0.000000000000000E+00
    7.999999999999999E-01    1.628797360018645E-05    0.000000000000000E+00
    8.124999999999999E-01    1.628797360018645E-05    0.000000000000000E+00
    8.249999999999998E-01    1.628797360018645E-05    0.000000000000000E+00
    8.374999999999999E-01    1.628797360018645E-05    0.000000000000000E+00
    8.500000000000001E-01    1.628797360018645E-05    0.000000000000000E+00
    8.625000000000000E-01    1.628797360018645E-05    0.000000000000000E+00
    8.749999999999998E-01    1.628797360018645E-05    0.000000000000000E+00
    8.874999999999997E-01    1.628797360018645E-05    0.000000000000000E+00
    8.999999999999999E-01    1.628797360018645E-05    0.000000000000000E+00
    9.125000000000002E-01    1.628797360018645E-05    0.000000000000000E+00
    9.250000000000002E-01    1.628797360018645E-05    0.000000000000000E+00
    9.375000000000001E-01    1.628797360018644E-05    0.000000000000000E+00
    9.499999999999998E-01    1.628797360018645E-05    0.000000000000000E+00
    9.624999999999998E-01    1.628797360018645E-05    0.000000000000000E+00
    9.750000000000001E-01    1.628797360018644E-05    0.000000000000000E+00
    9.875000000000000E-01    1.628797360018645E-05    0.000000000000000E+00
    1.000000000000000E+00    1.628797360018645E-05    0.000000000000000E+00
    7.375000000000000E-01    1.855057184772196E-05    0.000000000000000E+00
    7.500000000000000E-01    1.855057184772196E-05    0.000000000000000E+00
    7.625000000000000E-01    1.855057184772196E-05    0.000000000000000E+00
    7.749999999999999E-01    1.855057184772196E-05    0.000000000000000E+00
    7.875000000000001E-01    1.855057184772196E-05    0.000000000000000E+00
    7.999999999999999E-01    1.855057184772196E-05    0.000000000000000E+00
    8.124999999999999E-01    1.855057184772196E-05    0.000000000000000E+00
    8.249999999999998E-01    1.855057184772197E-05    0.000000000000000E+00
    8.374999999999999E-01    1.855057184772196E-05    0.000000000000000E+00
    8.500000000000001E-01    1.855057184772197E-05    0.000000000000000E+00
    8.625000000000000E-01    1.855057184772196E-05    0.000000000000000E+00
    8.749999999999998E-01    1.855057184772196E-05    0.000000000000000E+00
    8.874999999999997E-01    1.855057184772197E-05    0.000000000000000E+00
    8.999999999999997E-01    1.855057184772196E-05    0.000000000000000E+00
    9.125000000000000E-01    1.855057184772196E-05    0.000000000000000E+00
    9.249999999999999E-01    1.855057184772196E-05    0.000000000000000E+00
    9.374999999999999E-01    1.855057184772196E-05    0.000000000000000E+00
    9.499999999999998E-01    1.855057184772197E-05    0.000000000000000E+00
    9.625000000000000E-01    1.855057184772196E-05    0.000000000000000E+00
    9.750000000000001E-01    1.855057184772196E-05    0.000000000000000E+00
    9.875000000000000E-01    1.855057184772197E-05    0.000000000000000E+00
    1.000000000000000E+00    1.855057184772196E-05    0.000000000000000E+00
    7.375000000000000E-01    2.106607760424948E-05    0.000000000000000E+00
    7.500000000000000E-01    2.106607760424949E-05    0.000000000000000E+00
    7.625000000000000E-01    2.106607760424950E-05    0.000000000000000E+00
    7.749999999999999E-01    2.106607760424949E-05    0.000000000000000E+00
    7.875000000000001E-01    2.106607760424949E-05    0.000000000000000E+00
    7.999999999999999E-01    2.106607760424949E-05    0.000000000000000E+00
    8.124999999999999E-01    2.106607760424949E-05    0.000000000000000E+00
    8.249999999999998E-01    2.106607760424949E-05    0.000000000000000E+00
    8.374999999999999E-01    2.106607760424949E-05    0.000000000000000E+00
    8.499999999999999E-01    2.106607760424949E-05    0.000000000000000E+00
    8.625000000000000E-01    2.106607760424949E-05    0.000000000000000E+00
    8.749999999999998E-01    2.106607760424950E-05    0.000000000000000E+00
    8.875000000000000E-01    2.106607760424949E-05    0.000000000000000E+00
    8.999999999999999E-01    2.106607760424949E-05    0.000000000000000E+00
    9.125000000000002E-01    2.106607760424949E-05    0.000000000000000E+00
    9.250000000000002E-01    2.106607760424949E-05    0.000000000000000E+00
    9.374999999999999E-01    2.106607760424949E-05    0.000000000000000E+00
    9.500000000000001E-01    2.106607760424948E-05    0.000000000000000E+00
    9.624999999999998E-01    2.106607760424949E-05    0.000000000000000E+00
    9.750000000000001E-01    2.106607760424949E-05    0.000000000000000E+00
    9.875000000000000E-01    2.106607760424949E-05    0.000000000000000E+00
    1.000000000000000E+00    2.106607760424949E-05    0.000000000000000E+00
    7.375000000000000E-01    2.386878578530913E-05    0.000000000000000E+00
    7.500000000000000E-01    2.386878578530913E-05    0.000000000000000E+00
    7.625000000000000E-01    2.386878578530913E-05    0.000000000000000E+00
    7.749999999999999E-01    2.386878578530913E-05    0.000000000000000E+00
    7.875000000000001E-01    2.386878578530913E-05    0.000000000000000E+00
    7.999999999999999E-01    2.386878578530913E-05    0.000000000000000E+00
    8.124999999999999E-01    2.386878578530913E-05    0.000000000000000E+00
    8.249999999999998E-01    2.386878578530913E-05    0.000000000000000E+00
    8.374999999999999E-01    2.386878578530912E-05    0.000000000000000E+00
    8.500000000000001E-01    2.386878578530912E-05    0.000000000000000E+00
    8.625000000000000E-01    2.386878578530913E-05    0.000000000000000E+00
    8.750000000000000E-01    2.386878578530912E-05    0.000000000000000E+00
    8.875000000000000E-01    2.386878578530913E-05    0.000000000000000E+00
    8.999999999999999E-01    2.386878578530913E-05    0.000000000000000E+00
    9.125000000000002E-01    2.386878578530913E-05    0.000000000000000E+00
    9.250000000000002E-01    2.386878578530913E-05    0.000000000000000E+00
    9.375000000000001E-01    2.386878578530913E-05    0.000000000000000E+00
    9.500000000000001E-01    2.386878578530913E-05    0.000000000000000E+00
    9.625000000000000E-01    2.386878578530913E-05    0.000000000000000E+00
    9.750000000000001E-01    2.386878578530913E-05    0.000000000000000E+00
    9.875000000000000E-01    2.386878578530912E-05    0.000000000000000E+00
    1.000000000000000E+00    2.386878578530913E-05    0.000000000000000E+00
    7.375000000000000E-01    2.699690685418592E-05    0.000000000000000E+00
    7.500000000000000E-01    2.699690685418592E-05    0.000000000000000E+00
    7.625000000000000E-01    2.699690685418592E-05    0.000000000000000E+00
    7.749999999999999E-01    2.699690685418592E-05    0.000000000000000E+00
    7.875000000000001E-01    2.699690685418592E-05    0.000000000000000E+00
    7.999999999999999E-01    2.699690685418592E-05    0.000000000000000E+00
    8.124999999999999E-01    2.699690685418592E-05    0.000000000000000E+00
    8.249999999999998E-01    2.699690685418592E-05    0.000000000000000E+00
    8.374999999999999E-01    2.699690685418592E-05    0.000000000000000E+00
    8.499999999999999E-01    2.699690685418592E-05    0.000000000000000E+00
    8.625000000000000E-01    2.699690685418592E-05    0.000000000000000E+00
    8.749999999999998E-01    2.699690685418592E-05    0.000000000000000E+00
    8.875000000000000E-01    2.699690685418592E-05    0.000000000000000E+00
    8.999999999999999E-01    2.699690685418592E-05    0.000000000000000E+00
    9.125000000000002E-01    2.699690685418591E-05    0.000000000000000E+00
    9.250000000000002E-01    2.699690685418592E-05    0.000000000000000E+00
    9.375000000000001E-01    2.699690685418592E-05    0.000000000000000E+00
    9.500000000000001E-01    2.699690685418592E-05    0.000000000000000E+00
    9.624999999999998E-01    2.699690685418592E-05    0.000000000000000E+00
    9.750000000000001E-01    2.699690685418591E-05    0.000000000000000E+00
    9.875000000000000E-01    2.699690685418592E-05    0.000000000000000E+00
    1.000000000000000E+00    2.699690685418592E-05    0.000000000000000E+00
    7.375000000000000E-01    3.049308776073396E-05    0.000000000000000E+00
    7.500000000000000E-01    3.049308776073396E-05    0.000000000000000E+00
    7.625000000000000E-01    3.049308776073395E-05    0.000000000000000E+00
    7.749999999999999E-01    3.049308776073396E-05    0.000000000000000E+00
    7.875000000000001E-01    3.049308776073396E-05    0.000000000000000E+00
    7.999999999999999E-01    3.049308776073395E-05    0.000000000000000E+00
    8.124999999999999E-01    3.049308776073396E-05    0.000000000000000E+00
    8.250000000000001E-01    3.049308776073396E-05    0.000000000000000E+00
    8.375000000000001E-01    3.049308776073396E-05    0.000000000000000E+00
    8.500000000000001E-01    3.049308776073396E-05    0.000000000000000E+00
    8.625000000000000E-01    3.049308776073396E-05    0.000000000000000E+00
    8.750000000000000E-01    3.049308776073396E-05    0.000000000000000E+00
    8.875000000000000E-01    3.049308776073396E-05    0.000000000000000E+00
    9.000000000000001E-01    3.049308776073396E-05    0.000000000000000E+00
    9.125000000000002E-01    3.049308776073396E-05    0.000000000000000E+00
    9.250000000000002E-01    3.049308776073396E-05    0.000000000000000E+00
    9.375000000000001E-01    3.049308776073396E-05    0.000000000000000E+00
    9.500000000000001E-01    3.049308776073395E-05    0.000000000000000E+00
    9.625000000000000E-01    3.049308776073396E-05    0.000000000000000E+00
    9.750000000000001E-01    3.049308776073396E-05    0.000000000000000E+00
    9.875000000000000E-01    3.049308776073396E-05    0.000000000000000E+00
    1.000000000000000E+00    3.049308776073396E-05    0.000000000000000E+00
    7.375000000000000E-01    3.440499336463083E-05    0.000000000000000E+00
    7.500000000000000E-01    3.440499336463083E-05    0.000000000000000E+00
    7.625000000000000E-01    3.440499336463083E-05    0.000000000000000E+00
    7.749999999999999E-01    3.440499336463083E-05    0.000000000000000E+00
    7.875000000000001E-01    3.440499336463083E-05    0.000000000000000E+00
    7.999999999999999E-01    3.440499336463083E-05    0.000000000000000E+00
    8.124999999999999E-01    3.440499336463083E-05    0.000000000000000E+00
    8.249999999999998E-01    3.440499336463083E-05    0.000000000000000E+00
    8.374999999999999E-01    3.440499336463082E-05    0.000000000000000E+00
    8.500000000000001E-01    3.440499336463083E-05    0.000000000000000E+00
    8.624999999999998E-01    3.440499336463084E-05    0.000000000000000E+00
    8.749999999999998E-01    3.440499336463083E-05    0.000000000000000E+00
    8.875000000000000E-01    3.440499336463084E-05    0.000000000000000E+00
    8.999999999999999E-01    3.440499336463083E-05    0.000000000000000E+00
    9.125000000000002E-01    3.440499336463083E-05    0.000000000000000E+00
    9.250000000000002E-01    3.440499336463082E-05    0.000000000000000E+00
    9.374999999999999E-01    3.440499336463083E-05    0.000000000000000E+00
    9.499999999999998E-01    3.440499336463081E-05    0.000000000000000E+00
    9.625000000000000E-01    3.440499336463083E-05    0.000000000000000E+00
    9.750000000000001E-01    3.440499336463083E-05    0.000000000000000E+00
    9.875000000000000E-01    3.440499336463083E-05    0.000000000000000E+00
    1.000000000000000E+00    3.440499336463083E-05    0.000000000000000E+00
    7.375000000000000E-01    3.878595626984232E-05    0.000000000000000E+00
    7.500000000000000E-01    3.878595626984232E-05    0.000000000000000E+00
    7.625000000000000E-01    3.878595626984232E-05    0.000000000000000E+00
    7.749999999999999E-01    3.878595626984232E-05    0.000000000000000E+00
    7.875000000000001E-01    3.878595626984233E-05    0.000000000000000E+00
    7.999999999999999E-01    3.878595626984231E-05    0.000000000000000E+00
    8.124999999999999E-01    3.878595626984232E-05    0.000000000000000E+00
    8.249999999999998E-01    3.878595626984232E-05    0.000000000000000E+00
    8.375000000000001E-01    3.878595626984233E-05    0.000000000000000E+00
    8.500000000000001E-01    3.878595626984233E-05    0.000000000000000E+00
    8.625000000000000E-01    3.878595626984232E-05    0.000000000000000E+00
    8.750000000000000E-01    3.878595626984231E-05    0.000000000000000E+00
    8.875000000000000E-01    3.878595626984232E-05    0.000000000000000E+00
    9.000000000000001E-01    3.878595626984232E-05    0.000000000000000E+00
    9.125000000000002E-01    3.878595626984231E-05    0.000000000000000E+00
    9.250000000000002E-01    3.878595626984233E-05    0.000000000000000E+00
    9.375000000000001E-01    3.878595626984232E-05    0.000000000000000E+00
    9.500000000000001E-01    3.878595626984233E-05    0.000000000000000E+00
    9.625000000000000E-01    3.878595626984233E-05    0.000000000000000E+00
    9.750000000000001E-01    3.878595626984232E-05    0.000000000000000E+00
    9.875000000000000E-01    3.878595626984233E-05    0.000000000000000E+00
    1.000000000000000E+00    3.878595626984232E-05    0.000000000000000E+00
    7.375000000000000E-01    4.369570392975577E-05    0.000000000000000E+00
    7.500000000000000E-01    4.369570392975578E-05    0.000000000000000E+00
    7.625000000000000E-01    4.369570392975579E-05    0.000000000000000E+00
    7.749999999999999E-01    4.369570392975577E-05    0.000000000000000E+00
    7.875000000000001E-01    4.369570392975577E-05    0.000000000000000E+00
    7.999999999999999E-01    4.369570392975577E-05    0.000000000000000E+00
    8.124999999999999E-01    4.369570392975579E-05    0.000000000000000E+00
    8.249999999999998E-01    4.369570392975578E-05    0.000000000000000E+00
    8.374999999999999E-01    4.369570392975577E-05    0.000000000000000E+00
    8.500000000000001E-01    4.369570392975577E-05    0.000000000000000E+00
    8.625000000000000E-01    4.369570392975578E-05    0.000000000000000E+00
    8.750000000000000E-01    4.369570392975579E-05    0.000000000000000E+00
    8.875000000000000E-01    4.369570392975578E-05    0.000000000000000E+00
    8.999999999999999E-01    4.369570392975579E-05    0.000000000000000E+00
    9.125000000000002E-01    4.369570392975578E-05    0.000000000000000E+00
    9.250000000000002E-01    4.369570392975578E-05    0.000000000000000E+00
    9.375000000000001E-01    4.369570392975579E-05    0.000000000000000E+00
    9.500000000000001E-01    4.369570392975577E-05    0.000000000000000E+00
    9.625000000000000E-01    4.369570392975578E-05    0.000000000000000E+00
    9.750000000000001E-01    4.369570392975577E-05    0.000000000000000E+00
    9.875000000000000E-01    4.369570392975578E-05    0.000000000000000E+00
    1.000000000000000E+00    4.369570392975578E-05    0.000000000000000E+00
    7.375000000000000E-01    4.920117293590276E-05    0.000000000000000E+00
    7.500000000000000E-01    4.920117293590276E-05    0.000000000000000E+00
    7.625000000000000E-01    4.920117293590277E-05    0.000000000000000E+00
    7.749999999999999E-01    4.920117293590275E-05    0.000000000000000E+00
    7.875000000000001E-01    4.920117293590277E-05    0.000000000000000E+00
    7.999999999999999E-01    4.920117293590278E-05    0.000000000000000E+00
    8.124999999999999E-01    4.920117293590278E-05    0.000000000000000E+00
    8.249999999999998E-01    4.920117293590278E-05    0.000000000000000E+00
    8.374999999999999E-01    4.920117293590276E-05    0.000000000000000E+00
    8.500000000000001E-01    4.920117293590277E-05    0.000000000000000E+00
    8.625000000000000E-01    4.920117293590275E-05    0.000000000000000E+00
    8.750000000000000E-01    4.920117293590275E-05    0.000000000000000E+00
    8.875000000000000E-01    4.920117293590276E-05    0.000000000000000E+00
    8.999999999999999E-01    4.920117293590276E-05    0.000000000000000E+00
    9.125000000000002E-01    4.920117293590276E-05    0.000000000000000E+00
    9.250000000000002E-01    4.920117293590276E-05    0.000000000000000E+00
    9.375000000000001E-01    4.920117293590277E-05    0.000000000000000E+00
    9.500000000000001E-01    4.920117293590277E-05    0.000000000000000E+00
    9.625000000000000E-01    4.920117293590277E-05    0.000000000000000E+00
    9.750000000000001E-01    4.920117293590277E-05    0.000000000000000E+00
    9.875000000000000E-01    4.920117293590277E-05    0.000000000000000E+00
    1.000000000000000E+00    4.920117293590277E-05    0.000000000000000E+00
    7.375000000000000E-01    5.537742159180123E-05    0.000000000000000E+00
    7.500000000000000E-01    5.537742159180125E-05    0.000000000000000E+00
    7.625000000000000E-01    5.537742159180123E-05    0.000000000000000E+00
    7.749999999999999E-01    5.537742159180122E-05    0.000000000000000E+00
    7.875000000000001E-01    5.537742159180123E-05    0.000000000000000E+00
    7.999999999999999E-01    5.537742159180123E-05    0.000000000000000E+00
    8.124999999999999E-01    5.537742159180122E-05    0.000000000000000E+00
    8.249999999999998E-01    5.537742159180123E-05    0.000000000000000E+00
    8.375000000000001E-01    5.537742159180123E-05    0.000000000000000E+00
    8.500000000000001E-01    5.537742159180123E-05    0.000000000000000E+00
    8.625000000000000E-01    5.537742159180123E-05    0.000000000000000E+00
    8.750000000000002E-01    5.537742159180123E-05    0.000000000000000E+00
    8.875000000000000E-01    5.537742159180125E-05    0.000000000000000E+00
    8.999999999999999E-01    5.537742159180123E-05    0.000000000000000E+00
    9.125000000000002E-01    5.537742159180123E-05    0.000000000000000E+00
    9.250000000000002E-01    5.537742159180124E-05    0.000000000000000E+00
    9.375000000000001E-01    5.537742159180123E-05    0.000000000000000E+00
    9.500000000000001E-01    5.537742159180123E-05    0.000000000000000E+00
    9.625000000000000E-01    5.537742159180123E-05    0.000000000000000E+00
    9.750000000000001E-01    5.537742159180123E-05    0.000000000000000E+00
    9.875000000000000E-01    5.537742159180123E-05    0.000000000000000E+00
    1.000000000000000E+00    5.537742159180123E-05    0.000000000000000E+00
    7.375000000000000E-01    6.230865321340825E-05    0.000000000000000E+00
    7.500000000000000E-01    6.230865321340825E-05    0.000000000000000E+00
    7.625000000000000E-01    6.230865321340825E-05    0.000000000000000E+00
    7.749999999999999E-01    6.230865321340825E-05    0.000000000000000E+00
    7.875000000000001E-01    6.230865321340825E-05    0.000000000000000E+00
    7.999999999999999E-01    6.230865321340825E-05    0.000000000000000E+00
    8.124999999999999E-01    6.230865321340825E-05    0.000000000000000E+00
    8.250000000000001E-01    6.230865321340825E-05    0.000000000000000E+00
    8.374999999999999E-01    6.230865321340825E-05    0.000000000000000E+00
    8.500000000000001E-01    6.230865321340825E-05    0.000000000000000E+00
    8.625000000000003E-01    6.230865321340825E-05    0.000000000000000E+00
    8.750000000000002E-01    6.230865321340825E-05    0.000000000000000E+00
    8.875000000000000E-01    6.230865321340825E-05    0.000000000000000E+00
    9.000000000000001E-01    6.230865321340825E-05    0.000000000000000E+00
    9.125000000000002E-01    6.230865321340825E-05    0.000000000000000E+00
    9.250000000000002E-01    6.230865321340825E-05    0.000000000000000E+00
    9.375000000000001E-01    6.230865321340825E-05    0.000000000000000E+00
    9.500000000000001E-01    6.230865321340825E-05    0.000000000000000E+00
    9.625000000000000E-01    6.230865321340825E-05    0.000000000000000E+00
    9.750000000000001E-01    6.230865321340825E-05    0.000000000000000E+00
    9.875000000000000E-01    6.230865321340828E-05    0.000000000000000E+00
    1.000000000000000E+00    6.230865321340825E-05    0.000000000000000E+00
    7.375000000000000E-01    7.008936410725586E-05    0.000000000000000E+00
    7.500000000000000E-01    7.008936410725586E-05    0.000000000000000E+00
    7.625000000000000E-01    7.008936410725586E-05    0.000000000000000E+00
    7.749999999999999E-01    7.008936410725586E-05    0.000000000000000E+00
    7.875000000000001E-01    7.008936410725586E-05    0.000000000000000E+00
    7.999999999999999E-01    7.008936410725586E-05    0.000000000000000E+00
    8.124999999999999E-01    7.008936410725586E-05    0.000000000000000E+00
    8.249999999999998E-01    7.008936410725586E-05    0.000000000000000E+00
    8.374999999999999E-01    7.008936410725589E-05    0.000000000000000E+00
    8.500000000000003E-01    7.008936410725586E-05    0.000000000000000E+00
    8.625000000000000E-01    7.008936410725589E-05    0.000000000000000E+00
    8.750000000000000E-01    7.008936410725586E-05    0.000000000000000E+00
    8.875000000000000E-01    7.008936410725586E-05    0.000000000000000E+00
    8.999999999999999E-01    7.008936410725583E-05    0.000000000000000E+00
    9.125000000000002E-01    7.008936410725586E-05    0.000000000000000E+00
    9.250000000000002E-01    7.008936410725586E-05    0.000000000000000E+00
    9.375000000000001E-01    7.008936410725583E-05    0.000000000000000E+00
    9.500000000000001E-01    7.008936410725586E-05    0.000000000000000E+00
    9.625000000000000E-01    7.008936410725586E-05    0.000000000000000E+00
    9.750000000000001E-01    7.008936410725586E-05    0.000000000000000E+00
    9.875000000000000E-01    7.008936410725585E-05    0.000000000000000E+00
    1.000000000000000E+00    7.008936410725586E-05    0.000000000000000E+00
    7.375000000000000E-01    7.882563187712386E-05    0.000000000000000E+00
    7.500000000000000E-01    7.882563187712386E-05    0.000000000000000E+00
    7.625000000000000E-01    7.882563187712383E-05    0.000000000000000E+00
    7.749999999999999E-01    7.882563187712387E-05    0.000000000000000E+00
    7.875000000000001E-01    7.882563187712387E-05    0.000000000000000E+00
    7.999999999999999E-01    7.882563187712386E-05    0.000000000000000E+00
    8.124999999999999E-01    7.882563187712386E-05    0.000000000000000E+00
    8.249999999999998E-01    7.882563187712386E-05    0.000000000000000E+00
    8.374999999999999E-01    7.882563187712384E-05    0.000000000000000E+00
    8.500000000000001E-01    7.882563187712386E-05    0.000000000000000E+00
    8.625000000000000E-01    7.882563187712386E-05    0.000000000000000E+00
    8.750000000000000E-01    7.882563187712386E-05    0.000000000000000E+00
    8.875000000000000E-01    7.882563187712386E-05    0.000000000000000E+00
    9.000000000000001E-01    7.882563187712386E-05    0.000000000000000E+00
    9.125000000000002E-01    7.882563187712389E-05    0.000000000000000E+00
    9.250000000000002E-01    7.882563187712386E-05    0.000000000000000E+00
    9.375000000000001E-01    7.882563187712383E-05    0.000000000000000E+00
    9.500000000000001E-01    7.882563187712386E-05    0.000000000000000E+00
    9.625000000000000E-01    7.882563187712386E-05    0.000000000000000E+00
    9.750000000000001E-01    7.882563187712386E-05    0.000000000000000E+00
    9.875000000000000E-01    7.882563187712389E-05    0.000000000000000E+00
    1.000000000000000E+00    7.882563187712386E-05    0.000000000000000E+00
    7.375000000000000E-01    8.863656162325930E-05    0.000000000000000E+00
    7.500000000000000E-01    8.863656162325930E-05    0.000000000000000E+00
    7.625000000000000E-01    8.863656162325930E-05    0.000000000000000E+00
    7.749999999999999E-01    8.863656162325930E-05    0.000000000000000E+00
    7.875000000000001E-01    8.863656162325927E-05    0.000000000000000E+00
    7.999999999999999E-01    8.863656162325930E-05    0.000000000000000E+00
    8.124999999999999E-01    8.863656162325930E-05    0.000000000000000E+00
    8.249999999999998E-01    8.863656162325933E-05    0.000000000000000E+00
    8.374999999999999E-01    8.863656162325930E-05    0.000000000000000E+00
    8.500000000000001E-01    8.863656162325930E-05    0.000000000000000E+00
    8.625000000000000E-01    8.863656162325927E-05    0.000000000000000E+00
    8.750000000000000E-01    8.863656162325930E-05    0.000000000000000E+00
    8.875000000000000E-01    8.863656162325930E-05    0.000000000000000E+00
    8.999999999999997E-01    8.863656162325930E-05    0.000000000000000E+00
    9.125000000000000E-01    8.863656162325930E-05    0.000000000000000E+00
    9.249999999999999E-01    8.863656162325929E-05    0.000000000000000E+00
    9.374999999999999E-01    8.863656162325930E-05    0.000000000000000E+00
    9.500000000000001E-01    8.863656162325927E-05    0.000000000000000E+00
    9.625000000000000E-01    8.863656162325927E-05    0.000000000000000E+00
    9.750000000000001E-01    8.863656162325929E-05    0.000000000000000E+00
    9.875000000000000E-01    8.863656162325930E-05    0.000000000000000E+00
    1.000000000000000E+00    8.863656162325930E-05    0.000000000000000E+00
    7.375000000000000E-01    9.965590975076708E-05    0.000000000000000E+00
    7.500000000000000E-01    9.965590975076710E-05    0.000000000000000E+00
    7.625000000000000E-01    9.965590975076710E-05    0.000000000000000E+00
    7.749999999999999E-01    9.965590975076708E-05    0.000000000000000E+00
    7.875000000000001E-01    9.965590975076708E-05    0.000000000000000E+00
    7.999999999999999E-01    9.965590975076710E-05    0.000000000000000E+00
    8.124999999999999E-01    9.965590975076713E-05    0.000000000000000E+00
    8.249999999999998E-01    9.965590975076708E-05    0.000000000000000E+00
    8.374999999999999E-01    9.965590975076709E-05    0.000000000000000E+00
    8.500000000000001E-01    9.965590975076709E-05    0.000000000000000E+00
    8.625000000000000E-01    9.965590975076710E-05    0.000000000000000E+00
    8.750000000000000E-01    9.965590975076710E-05    0.000000000000000E+00
    8.875000000000000E-01    9.965590975076712E-05    0.000000000000000E+00
    9.000000000000001E-01    9.965590975076710E-05    0.000000000000000E+00
    9.125000000000002E-01    9.965590975076710E-05    0.000000000000000E+00
    9.250000000000002E-01    9.965590975076710E-05    0.000000000000000E+00
    9.375000000000001E-01    9.965590975076710E-05    0.000000000000000E+00
    9.500000000000001E-01    9.965590975076712E-05    0.000000000000000E+00
    9.625000000000000E-01    9.965590975076710E-05    0.000000000000000E+00
    9.750000000000001E-01    9.965590975076713E-05    0.000000000000000E+00
    9.875000000000000E-01    9.965590975076708E-05    0.000000000000000E+00
    1.000000000000000E+00    9.965590975076710E-05    0.000000000000000E+00
    7.375000000000000E-01    1.120339075252125E-04    0.000000000000000E+00
    7.500000000000000E-01    1.120339075252125E-04    0.000000000000000E+00
    7.625000000000000E-01    1.120339075252125E-04    0.000000000000000E+00
    7.749999999999999E-01    1.120339075252125E-04    0.000000000000000E+00
    7.875000000000001E-01    1.120339075252126E-04    0.000000000000000E+00
    7.999999999999999E-01    1.120339075252126E-04    0.000000000000000E+00
    8.124999999999999E-01    1.120339075252125E-04    0.000000000000000E+00
    8.249999999999998E-01    1.120339075252125E-04    0.000000000000000E+00
    8.374999999999997E-01    1.120339075252125E-04    0.000000000000000E+00
    8.500000000000001E-01    1.120339075252125E-04    0.000000000000000E+00
    8.625000000000000E-01    1.120339075252125E-04    0.000000000000000E+00
    8.750000000000000E-01    1.120339075252126E-04    0.000000000000000E+00
    8.875000000000000E-01    1.120339075252126E-04    0.000000000000000E+00
    8.999999999999997E-01    1.120339075252125E-04    0.000000000000000E+00
    9.125000000000000E-01    1.120339075252125E-04    0.000000000000000E+00
    9.250000000000002E-01    1.120339075252125E-04    0.000000000000000E+00
    9.375000000000001E-01    1.120339075252125E-04    0.000000000000000E+00
    9.500000000000001E-01    1.120339075252125E-04    0.000000000000000E+00
    9.625000000000000E-01    1.120339075252125E-04    0.000000000000000E+00
    9.750000000000001E-01    1.120339075252125E-04    0.000000000000000E+00
    9.875000000000000E-01    1.120339075252125E-04    0.000000000000000E+00
    1.000000000000000E+00    1.120339075252125E-04    0.000000000000000E+00
    7.375000000000000E-01    1.259393092367135E-04    0.000000000000000E+00
    7.500000000000000E-01    1.259393092367135E-04    0.000000000000000E+00
    7.625000000000000E-01    1.259393092367135E-04    0.000000000000000E+00
    7.749999999999999E-01    1.259393092367135E-04    0.000000000000000E+00
    7.875000000000001E-01    1.259393092367135E-04    0.000000000000000E+00
    7.999999999999999E-01    1.259393092367135E-04    0.000000000000000E+00
    8.124999999999999E-01    1.259393092367135E-04    0.000000000000000E+00
    8.249999999999998E-01    1.259393092367135E-04    0.000000000000000E+00
    8.374999999999999E-01    1.259393092367135E-04    0.000000000000000E+00
    8.500000000000001E-01    1.259393092367135E-04    0.000000000000000E+00
    8.625000000000000E-01    1.259393092367135E-04    0.000000000000000E+00
    8.750000000000000E-01    1.259393092367135E-04    0.000000000000000E+00
    8.875000000000000E-01    1.259393092367135E-04    0.000000000000000E+00
    8.999999999999999E-01    1.259393092367135E-04    0.000000000000000E+00
    9.125000000000002E-01    1.259393092367135E-04    0.000000000000000E+00
    9.250000000000002E-01    1.259393092367135E-04    0.000000000000000E+00
    9.375000000000001E-01    1.259393092367135E-04    0.000000000000000E+00
    9.500000000000001E-01    1.259393092367135E-04    0.000000000000000E+00
    9.625000000000000E-01    1.259393092367135E-04    0.000000000000000E+00
    9.750000000000001E-01    1.259393092367135E-04    0.000000000000000E+00
    9.875000000000000E-01    1.259393092367135E-04    0.000000000000000E+00
    1.000000000000000E+00    1.259393092367135E-04    0.000000000000000E+00
    7.375000000000000E-01    1.415616928959782E-04    0.000000000000000E+00
    7.500000000000000E-01    1.415616928959782E-04    0.000000000000000E+00
    7.625000000000000E-01    1.415616928959782E-04    0.000000000000000E+00
    7.749999999999999E-01    1.415616928959782E-04    0.000000000000000E+00
    7.875000000000001E-01    1.415616928959782E-04    0.000000000000000E+00
    7.999999999999999E-01    1.415616928959782E-04    0.000000000000000E+00
    8.124999999999999E-01    1.415616928959782E-04    0.000000000000000E+00
    8.249999999999998E-01    1.415616928959782E-04    0.000000000000000E+00
    8.374999999999999E-01    1.415616928959782E-04    0.000000000000000E+00
    8.500000000000001E-01    1.415616928959782E-04    0.000000000000000E+00
    8.625000000000000E-01    1.415616928959781E-04    0.000000000000000E+00
    8.750000000000000E-01    1.415616928959782E-04    0.000000000000000E+00
    8.875000000000000E-01    1.415616928959782E-04    0.000000000000000E+00
    9.000000000000001E-01    1.415616928959781E-04    0.000000000000000E+00
    9.125000000000002E-01    1.415616928959782E-04    0.000000000000000E+00
    9.250000000000002E-01    1.415616928959781E-04    0.000000000000000E+00
    9.375000000000001E-01    1.415616928959782E-04    0.000000000000000E+00
    9.500000000000001E-01    1.415616928959782E-04    0.000000000000000E+00
    9.625000000000000E-01    1.415616928959782E-04    0.000000000000000E+00
    9.750000000000001E-01    1.415616928959781E-04    0.000000000000000E+00
    9.875000000000000E-01    1.415616928959782E-04    0.000000000000000E+00
    1.000000000000000E+00    1.415616928959782E-04    0.000000000000000E+00
    7.375000000000000E-01    1.591140448286150E-04    0.000000000000000E+00
    7.500000000000000E-01    1.591140448286150E-04    0.000000000000000E+00
    7.625000000000000E-01    1.591140448286150E-04    0.000000000000000E+00
    7.749999999999999E-01    1.591140448286150E-04    0.000000000000000E+00
    7.875000000000001E-01    1.591140448286150E-04    0.000000000000000E+00
    8.000000000000002E-01    1.591140448286150E-04    0.000000000000000E+00
    8.125000000000001E-01    1.591140448286150E-04    0.000000000000000E+00
    8.250000000000001E-01    1.591140448286150E-04    0.000000000000000E+00
    8.375000000000001E-01    1.591140448286150E-04    0.000000000000000E+00
    8.500000000000003E-01    1.591140448286150E-04    0.000000000000000E+00
    8.625000000000000E-01    1.591140448286150E-04    0.000000000000000E+00
    8.750000000000000E-01    1.591140448286150E-04    0.000000000000000E+00
    8.875000000000000E-01    1.591140448286150E-04    0.000000000000000E+00
    8.999999999999999E-01    1.591140448286150E-04    0.000000000000000E+00
    9.125000000000002E-01    1.591140448286150E-04    0.000000000000000E+00
    9.250000000000002E-01    1.591140448286150E-04    0.000000000000000E+00
    9.375000000000001E-01    1.591140448286150E-04    0.000000000000000E+00
    9.500000000000001E-01    1.591140448286150E-04    0.000000000000000E+00
    9.625000000000000E-01    1.591140448286150E-04    0.000000000000000E+00
    9.750000000000001E-01    1.591140448286150E-04    0.000000000000000E+00
    9.875000000000000E-01    1.591140448286150E-04    0.000000000000000E+00
    1.000000000000000E+00    1.591140448286150E-04    0.000000000000000E+00
    7.375000000000000E-01    1.788356634045435E-04    0.000000000000000E+00
    7.500000000000000E-01    1.788356634045435E-04    0.000000000000000E+00
    7.625000000000000E-01    1.788356634045435E-04    0.000000000000000E+00
    7.749999999999999E-01    1.788356634045435E-04    0.000000000000000E+00
    7.875000000000001E-01    1.788356634045435E-04    0.000000000000000E+00
    7.999999999999999E-01    1.788356634045434E-04    0.000000000000000E+00
    8.124999999999999E-01    1.788356634045435E-04    0.000000000000000E+00
    8.249999999999998E-01    1.788356634045435E-04    0.000000000000000E+00
    8.374999999999999E-01    1.788356634045435E-04    0.000000000000000E+00
    8.500000000000001E-01    1.788356634045434E-04    0.000000000000000E+00
    8.625000000000000E-01    1.788356634045434E-04    0.000000000000000E+00
    8.750000000000000E-01    1.788356634045435E-04    0.000000000000000E+00
    8.875000000000000E-01    1.788356634045435E-04    0.000000000000000E+00
    8.999999999999999E-01    1.788356634045435E-04    0.000000000000000E+00
    9.125000000000002E-01    1.788356634045435E-04    0.000000000000000E+00
    9.250000000000002E-01    1.788356634045435E-04    0.000000000000000E+00
    9.375000000000001E-01    1.788356634045434E-04    0.000000000000000E+00
    9.500000000000001E-01    1.788356634045434E-04    0.000000000000000E+00
    9.625000000000000E-01    1.788356634045434E-04    0.000000000000000E+00
    9.750000000000001E-01    1.788356634045435E-04    0.000000000000000E+00
    9.875000000000000E-01    1.788356634045435E-04    0.000000000000000E+00
    1.000000000000000E+00    1.788356634045435E-04    0.000000000000000E+00
    7.375000000000000E-01    2.009954214902322E-04    0.000000000000000E+00
    7.500000000000000E-01    2.009954214902322E-04    0.000000000000000E+00
    7.625000000000000E-01    2.009954214902322E-04    0.000000000000000E+00
    7.749999999999999E-01    2.009954214902322E-04    0.000000000000000E+00
    7.875000000000001E-01    2.009954214902322E-04    0.000000000000000E+00
    7.999999999999999E-01    2.009954214902322E-04    0.000000000000000E+00
    8.124999999999999E-01    2.009954214902322E-04    0.000000000000000E+00
    8.250000000000001E-01    2.009954214902322E-04    0.000000000000000E+00
    8.374999999999999E-01    2.009954214902322E-04    0.000000000000000E+00
    8.500000000000001E-01    2.009954214902322E-04    0.000000000000000E+00
    8.625000000000003E-01    2.009954214902322E-04    0.000000000000000E+00
    8.750000000000000E-01    2.009954214902322E-04    0.000000000000000E+00
    8.875000000000000E-01    2.009954214902321E-04    0.000000000000000E+00
    9.000000000000001E-01    2.009954214902322E-04    0.000000000000000E+00
    9.125000000000002E-01    2.009954214902322E-04    0.000000000000000E+00
    9.250000000000002E-01    2.009954214902321E-04    0.000000000000000E+00
    9.375000000000001E-01    2.009954214902322E-04    0.000000000000000E+00
    9.500000000000001E-01    2.009954214902322E-04    0.000000000000000E+00
    9.625000000000000E-01    2.009954214902322E-04    0.000000000000000E+00
    9.750000000000001E-01    2.009954214902322E-04    0.000000000000000E+00
    9.875000000000000E-01    2.009954214902322E-04    0.000000000000000E+00
    1.000000000000000E+00    2.009954214902322E-04    0.000000000000000E+00
    7.375000000000000E-01    2.258954321021058E-04    0.000000000000000E+00
    7.500000000000000E-01    2.258954321021057E-04    0.000000000000000E+00
    7.625000000000000E-01    2.258954321021058E-04    0.000000000000000E+00
    7.749999999999999E-01    2.258954321021057E-04    0.000000000000000E+00
    7.875000000000001E-01    2.258954321021058E-04    0.000000000000000E+00
    7.999999999999999E-01    2.258954321021057E-04    0.000000000000000E+00
    8.124999999999999E-01    2.258954321021057E-04    0.000000000000000E+00
    8.249999999999998E-01    2.258954321021058E-04    0.000000000000000E+00
    8.374999999999999E-01    2.258954321021057E-04    0.000000000000000E+00
    8.500000000000001E-01    2.258954321021057E-04    0.000000000000000E+00
    8.625000000000000E-01    2.258954321021057E-04    0.000000000000000E+00
    8.750000000000000E-01    2.258954321021057E-04    0.000000000000000E+00
    8.875000000000000E-01    2.258954321021057E-04    0.000000000000000E+00
    8.999999999999999E-01    2.258954321021057E-04    0.000000000000000E+00
    9.125000000000002E-01    2.258954321021057E-04    0.000000000000000E+00
    9.250000000000002E-01    2.258954321021057E-04    0.000000000000000E+00
    9.375000000000001E-01    2.258954321021057E-04    0.000000000000000E+00
    9.500000000000001E-01    2.258954321021057E-04    0.000000000000000E+00
    9.625000000000000E-01    2.258954321021057E-04    0.000000000000000E+00
    9.750000000000001E-01    2.258954321021057E-04    0.000000000000000E+00
    9.875000000000000E-01    2.258954321021057E-04    0.000000000000000E+00
    1.000000000000000E+00    2.258954321021057E-04    0.000000000000000E+00
    7.375000000000000E-01    2.538751672364679E-04    0.000000000000000E+00
    7.500000000000000E-01    2.538751672364679E-04    0.000000000000000E+00
    7.625000000000000E-01    2.538751672364679E-04    0.000000000000000E+00
    7.749999999999999E-01    2.538751672364679E-04    0.000000000000000E+00
    7.875000000000001E-01    2.538751672364679E-04    0.000000000000000E+00
    7.999999999999999E-01    2.538751672364679E-04    0.000000000000000E+00
    8.125000000000001E-01    2.538751672364679E-04    0.000000000000000E+00
    8.249999999999998E-01    2.538751672364679E-04    0.000000000000000E+00
    8.374999999999999E-01    2.538751672364679E-04    0.000000000000000E+00
    8.500000000000001E-01    2.538751672364679E-04    0.000000000000000E+00
    8.625000000000000E-01    2.538751672364679E-04    0.000000000000000E+00
    8.750000000000000E-01    2.538751672364679E-04    0.000000000000000E+00
    8.875000000000000E-01    2.538751672364679E-04    0.000000000000000E+00
    8.999999999999999E-01    2.538751672364679E-04    0.000000000000000E+00
    9.125000000000002E-01    2.538751672364679E-04    0.000000000000000E+00
    9.250000000000002E-01    2.538751672364679E-04    0.000000000000000E+00
    9.375000000000001E-01    2.538751672364679E-04    0.000000000000000E+00
    9.500000000000001E-01    2.538751672364679E-04    0.000000000000000E+00
    9.625000000000000E-01    2.538751672364679E-04    0.000000000000000E+00
    9.750000000000001E-01    2.538751672364679E-04    0.000000000000000E+00
    9.875000000000000E-01    2.538751672364678E-04    0.000000000000000E+00
    1.000000000000000E+00    2.538751672364679E-04    0.000000000000000E+00
    7.375000000000000E-01    2.853160860296288E-04    0.000000000000000E+00
    7.500000000000000E-01    2.853160860296289E-04    0.000000000000000E+00
    7.625000000000000E-01    2.853160860296288E-04    0.000000000000000E+00
    7.749999999999999E-01    2.853160860296287E-04    0.000000000000000E+00
    7.875000000000001E-01    2.853160860296287E-04    0.000000000000000E+00
    8.000000000000002E-01    2.853160860296288E-04    0.000000000000000E+00
    8.124999999999999E-01    2.853160860296288E-04    0.000000000000000E+00
    8.249999999999998E-01    2.853160860296288E-04    0.000000000000000E+00
    8.375000000000001E-01    2.853160860296287E-04    0.000000000000000E+00
    8.500000000000001E-01    2.853160860296288E-04    0.000000000000000E+00
    8.625000000000000E-01    2.853160860296287E-04    0.000000000000000E+00
    8.750000000000000E-01    2.853160860296288E-04    0.000000000000000E+00
    8.875000000000002E-01    2.853160860296288E-04    0.000000000000000E+00
    8.999999999999999E-01    2.853160860296288E-04    0.000000000000000E+00
    9.125000000000002E-01    2.853160860296289E-04    0.000000000000000E+00
    9.250000000000002E-01    2.853160860296288E-04    0.000000000000000E+00
    9.375000000000001E-01    2.853160860296287E-04    0.000000000000000E+00
    9.500000000000001E-01    2.853160860296288E-04    0.000000000000000E+00
    9.625000000000000E-01    2.853160860296288E-04    0.000000000000000E+00
    9.750000000000001E-01    2.853160860296288E-04    0.000000000000000E+00
    9.875000000000000E-01    2.853160860296289E-04    0.000000000000000E+00
    1.000000000000000E+00    2.853160860296288E-04    0.000000000000000E+00
    7.375000000000000E-01    3.206468353458290E-04    0.000000000000000E+00
    7.500000000000000E-01    3.206468353458291E-04    0.000000000000000E+00
    7.625000000000000E-01    3.206468353458290E-04    0.000000000000000E+00
    7.749999999999999E-01    3.206468353458289E-04    0.000000000000000E+00
    7.875000000000001E-01    3.206468353458290E-04    0.000000000000000E+00
    7.999999999999999E-01    3.206468353458289E-04    0.000000000000000E+00
    8.124999999999999E-01    3.206468353458290E-04    0.000000000000000E+00
    8.249999999999998E-01    3.206468353458290E-04    0.000000000000000E+00
    8.374999999999999E-01    3.206468353458289E-04    0.000000000000000E+00
    8.500000000000001E-01    3.206468353458290E-04    0.000000000000000E+00
    8.625000000000000E-01    3.206468353458290E-04    0.000000000000000E+00
    8.750000000000000E-01    3.206468353458290E-04    0.000000000000000E+00
    8.875000000000000E-01    3.206468353458290E-04    0.000000000000000E+00
    8.999999999999999E-01    3.206468353458289E-04    0.000000000000000E+00
    9.125000000000002E-01    3.206468353458290E-04    0.000000000000000E+00
    9.250000000000002E-01    3.206468353458290E-04    0.000000000000000E+00
    9.375000000000001E-01    3.206468353458290E-04    0.000000000000000E+00
    9.500000000000001E-01    3.206468353458290E-04    0.000000000000000E+00
    9.625000000000000E-01    3.206468353458291E-04    0.000000000000000E+00
    9.750000000000001E-01    3.206468353458289E-04    0.000000000000000E+00
    9.875000000000000E-01    3.206468353458291E-04    0.000000000000000E+00
    1.000000000000000E+00    3.206468353458290E-04    0.000000000000000E+00
    7.375000000000000E-01    3.603490936946979E-04    0.000000000000000E+00
    7.500000000000000E-01    3.603490936946979E-04    0.000000000000000E+00
    7.625000000000000E-01    3.603490936946980E-04    0.000000000000000E+00
    7.749999999999999E-01    3.603490936946979E-04    0.000000000000000E+00
    7.875000000000001E-01    3.603490936946980E-04    0.000000000000000E+00
    7.999999999999999E-01    3.603490936946979E-04    0.000000000000000E+00
    8.124999999999999E-01    3.603490936946978E-04    0.000000000000000E+00
    8.249999999999998E-01    3.603490936946979E-04    0.000000000000000E+00
    8.374999999999999E-01    3.603490936946980E-04    0.000000000000000E+00
    8.500000000000001E-01    3.603490936946979E-04    0.000000000000000E+00
    8.625000000000000E-01    3.603490936946979E-04    0.000000000000000E+00
    8.750000000000000E-01    3.603490936946980E-04    0.000000000000000E+00
    8.875000000000000E-01    3.603490936946979E-04    0.000000000000000E+00
    8.999999999999999E-01    3.603490936946980E-04    0.000000000000000E+00
    9.125000000000002E-01    3.603490936946980E-04    0.000000000000000E+00
    9.250000000000002E-01    3.603490936946979E-04    0.000000000000000E+00
    9.375000000000001E-01    3.603490936946979E-04    0.000000000000000E+00
    9.500000000000001E-01    3.603490936946978E-04    0.000000000000000E+00
    9.625000000000000E-01    3.603490936946979E-04    0.000000000000000E+00
    9.750000000000001E-01    3.603490936946979E-04    0.000000000000000E+00
    9.875000000000000E-01    3.603490936946978E-04    0.000000000000000E+00
    1.000000000000000E+00    3.603490936946979E-04    0.000000000000000E+00
    7.375000000000000E-01    4.049641381507534E-04    0.000000000000000E+00
    7.500000000000000E-01    4.049641381507534E-04    0.000000000000000E+00
    7.625000000000000E-01    4.049641381507534E-04    0.000000000000000E+00
    7.749999999999999E-01    4.049641381507534E-04    0.000000000000000E+00
    7.875000000000001E-01    4.049641381507534E-04    0.000000000000000E+00
    7.999999999999999E-01    4.049641381507534E-04    0.000000000000000E+00
    8.124999999999999E-01    4.049641381507534E-04    0.000000000000000E+00
    8.249999999999998E-01    4.049641381507534E-04    0.000000000000000E+00
    8.374999999999997E-01    4.049641381507533E-04    0.000000000000000E+00
    8.500000000000001E-01    4.049641381507533E-04    0.000000000000000E+00
    8.625000000000000E-01    4.049641381507532E-04    0.000000000000000E+00
    8.750000000000000E-01    4.049641381507532E-04    0.000000000000000E+00
    8.874999999999997E-01    4.049641381507532E-04    0.000000000000000E+00
    8.999999999999999E-01    4.049641381507533E-04    0.000000000000000E+00
    9.125000000000002E-01    4.049641381507533E-04    0.000000000000000E+00
    9.249999999999999E-01    4.049641381507533E-04    0.000000000000000E+00
    9.375000000000001E-01    4.049641381507533E-04    0.000000000000000E+00
    9.500000000000001E-01    4.049641381507533E-04    0.000000000000000E+00
    9.624999999999998E-01    4.049641381507533E-04    0.000000000000000E+00
    9.750000000000001E-01    4.049641381507533E-04    0.000000000000000E+00
    9.875000000000000E-01    4.049641381507533E-04    0.000000000000000E+00
    1.000000000000000E+00    4.049641381507533E-04    0.000000000000000E+00
    7.375000000000000E-01    4.551002238044352E-04    0.000000000000000E+00
    7.500000000000000E-01    4.551002238044352E-04    0.000000000000000E+00
    7.625000000000000E-01    4.551002238044352E-04    0.000000000000000E+00
    7.749999999999999E-01    4.551002238044352E-04    0.000000000000000E+00
    7.875000000000001E-01    4.551002238044353E-04    0.000000000000000E+00
    7.999999999999999E-01    4.551002238044353E-04    0.000000000000000E+00
    8.124999999999999E-01    4.551002238044353E-04    0.000000000000000E+00
    8.249999999999998E-01    4.551002238044353E-04    0.000000000000000E+00
    8.374999999999997E-01    4.551002238044352E-04    0.000000000000000E+00
    8.499999999999999E-01    4.551002238044354E-04    0.000000000000000E+00
    8.625000000000000E-01    4.551002238044353E-04    0.000000000000000E+00
    8.750000000000000E-01    4.551002238044352E-04    0.000000000000000E+00
    8.875000000000000E-01    4.551002238044353E-04    0.000000000000000E+00
    8.999999999999999E-01    4.551002238044353E-04    0.000000000000000E+00
    9.125000000000002E-01    4.551002238044353E-04    0.000000000000000E+00
    9.250000000000002E-01    4.551002238044353E-04    0.000000000000000E+00
    9.375000000000001E-01    4.551002238044354E-04    0.000000000000000E+00
    9.499999999999998E-01    4.551002238044354E-04    0.000000000000000E+00
    9.624999999999998E-01    4.551002238044353E-04    0.000000000000000E+00
    9.750000000000001E-01    4.551002238044352E-04    0.000000000000000E+00
    9.875000000000000E-01    4.551002238044353E-04    0.000000000000000E+00
    1.000000000000000E+00    4.551002238044353E-04    0.000000000000000E+00
    7.375000000000000E-01    5.114408763517363E-04    0.000000000000000E+00
    7.500000000000000E-01    5.114408763517363E-04    0.000000000000000E+00
    7.625000000000000E-01    5.114408763517363E-04    0.000000000000000E+00
    7.749999999999999E-01    5.114408763517363E-04    0.000000000000000E+00
    7.875000000000001E-01    5.114408763517363E-04    0.000000000000000E+00
    7.999999999999999E-01    5.114408763517363E-04    0.000000000000000E+00
    8.124999999999999E-01    5.114408763517363E-04    0.000000000000000E+00
    8.249999999999998E-01    5.114408763517363E-04    0.000000000000000E+00
    8.374999999999999E-01    5.114408763517363E-04    0.000000000000000E+00
    8.500000000000001E-01    5.114408763517363E-04    0.000000000000000E+00
    8.625000000000000E-01    5.114408763517363E-04    0.000000000000000E+00
    8.750000000000000E-01    5.114408763517363E-04    0.000000000000000E+00
    8.875000000000000E-01    5.114408763517363E-04    0.000000000000000E+00
    8.999999999999999E-01    5.114408763517363E-04    0.000000000000000E+00
    9.125000000000002E-01    5.114408763517363E-04    0.000000000000000E+00
    9.250000000000002E-01    5.114408763517363E-04    0.000000000000000E+00
    9.375000000000001E-01    5.114408763517363E-04    0.000000000000000E+00
    9.500000000000001E-01    5.114408763517363E-04    0.000000000000000E+00
    9.625000000000000E-01    5.114408763517363E-04    0.000000000000000E+00
    9.750000000000001E-01    5.114408763517366E-04    0.000000000000000E+00
    9.875000000000000E-01    5.114408763517363E-04    0.000000000000000E+00
    1.000000000000000E+00    5.114408763517363E-04    0.000000000000000E+00
    7.375000000000000E-01    5.747542108786874E-04    0.000000000000000E+00
    7.500000000000000E-01    5.747542108786876E-04    0.000000000000000E+00
    7.625000000000000E-01    5.747542108786876E-04    0.000000000000000E+00
    7.749999999999999E-01    5.747542108786876E-04    0.000000000000000E+00
    7.875000000000001E-01    5.747542108786876E-04    0.000000000000000E+00
    7.999999999999999E-01    5.747542108786876E-04    0.000000000000000E+00
    8.124999999999999E-01    5.747542108786876E-04    0.000000000000000E+00
    8.249999999999998E-01    5.747542108786876E-04    0.000000000000000E+00
    8.374999999999999E-01    5.747542108786876E-04    0.000000000000000E+00
    8.500000000000001E-01    5.747542108786876E-04    0.000000000000000E+00
    8.625000000000000E-01    5.747542108786876E-04    0.000000000000000E+00
    8.750000000000000E-01    5.747542108786874E-04    0.000000000000000E+00
    8.874999999999997E-01    5.747542108786876E-04    0.000000000000000E+00
    8.999999999999997E-01    5.747542108786877E-04    0.000000000000000E+00
    9.125000000000002E-01    5.747542108786875E-04    0.000000000000000E+00
    9.250000000000002E-01    5.747542108786876E-04    0.000000000000000E+00
    9.375000000000001E-01    5.747542108786878E-04    0.000000000000000E+00
    9.500000000000001E-01    5.747542108786876E-04    0.000000000000000E+00
    9.624999999999998E-01    5.747542108786876E-04    0.000000000000000E+00
    9.750000000000001E-01    5.747542108786876E-04    0.000000000000000E+00
    9.875000000000000E-01    5.747542108786876E-04    0.000000000000000E+00
    1.000000000000000E+00    5.747542108786876E-04    0.000000000000000E+00
    7.375000000000000E-01    6.459034038874810E-04    0.000000000000000E+00
    7.500000000000000E-01    6.459034038874810E-04    0.000000000000000E+00
    7.625000000000000E-01    6.459034038874810E-04    0.000000000000000E+00
    7.749999999999999E-01    6.459034038874809E-04    0.000000000000000E+00
    7.875000000000001E-01    6.459034038874812E-04    0.000000000000000E+00
    7.999999999999999E-01    6.459034038874810E-04    0.000000000000000E+00
    8.124999999999999E-01    6.459034038874810E-04    0.000000000000000E+00
    8.249999999999998E-01    6.459034038874810E-04    0.000000000000000E+00
    8.374999999999999E-01    6.459034038874810E-04    0.000000000000000E+00
    8.500000000000001E-01    6.459034038874812E-04    0.000000000000000E+00
    8.625000000000000E-01    6.459034038874810E-04    0.000000000000000E+00
    8.749999999999998E-01    6.459034038874810E-04    0.000000000000000E+00
    8.875000000000000E-01    6.459034038874810E-04    0.000000000000000E+00
    8.999999999999999E-01    6.459034038874809E-04    0.000000000000000E+00
    9.125000000000002E-01    6.459034038874813E-04    0.000000000000000E+00
    9.249999999999999E-01    6.459034038874810E-04    0.000000000000000E+00
    9.375000000000001E-01    6.459034038874810E-04    0.000000000000000E+00
    9.500000000000001E-01    6.459034038874810E-04    0.000000000000000E+00
    9.625000000000000E-01    6.459034038874808E-04    0.000000000000000E+00
    9.750000000000001E-01    6.459034038874813E-04    0.000000000000000E+00
    9.875000000000000E-01    6.459034038874810E-04    0.000000000000000E+00
    1.000000000000000E+00    6.459034038874810E-04    0.000000000000000E+00
    7.375000000000000E-01    7.258584613336399E-04    0.000000000000000E+00
    7.500000000000000E-01    7.258584613336396E-04    0.000000000000000E+00
    7.625000000000000E-01    7.258584613336398E-04    0.000000000000000E+00
    7.749999999999999E-01    7.258584613336398E-04    0.000000000000000E+00
    7.875000000000001E-01    7.258584613336399E-04    0.000000000000000E+00
    7.999999999999999E-01    7.258584613336399E-04    0.000000000000000E+00
    8.124999999999999E-01    7.258584613336397E-04    0.000000000000000E+00
    8.249999999999998E-01    7.258584613336399E-04    0.000000000000000E+00
    8.374999999999999E-01    7.258584613336397E-04    0.000000000000000E+00
    8.500000000000001E-01    7.258584613336398E-04    0.000000000000000E+00
    8.624999999999998E-01    7.258584613336400E-04    0.000000000000000E+00
    8.750000000000000E-01    7.258584613336398E-04    0.000000000000000E+00
    8.875000000000000E-01    7.258584613336399E-04    0.000000000000000E+00
    8.999999999999997E-01    7.258584613336399E-04    0.000000000000000E+00
    9.125000000000002E-01    7.258584613336398E-04    0.000000000000000E+00
    9.250000000000002E-01    7.258584613336400E-04    0.000000000000000E+00
    9.374999999999999E-01    7.258584613336398E-04    0.000000000000000E+00
    9.499999999999998E-01    7.258584613336398E-04    0.000000000000000E+00
    9.625000000000000E-01    7.258584613336399E-04    0.000000000000000E+00
    9.750000000000001E-01    7.258584613336398E-04    0.000000000000000E+00
    9.875000000000000E-01    7.258584613336398E-04    0.000000000000000E+00
    1.000000000000000E+00    7.258584613336398E-04    0.000000000000000E+00
    7.375000000000000E-01    8.157094431126762E-04    0.000000000000000E+00
    7.500000000000000E-01    8.157094431126764E-04    0.000000000000000E+00
    7.625000000000000E-01    8.157094431126764E-04    0.000000000000000E+00
    7.749999999999999E-01    8.157094431126763E-04    0.000000000000000E+00
    7.875000000000001E-01    8.157094431126762E-04    0.000000000000000E+00
    7.999999999999999E-01    8.157094431126762E-04    0.000000000000000E+00
    8.125000000000001E-01    8.157094431126762E-04    0.000000000000000E+00
    8.249999999999998E-01    8.157094431126763E-04    0.000000000000000E+00
    8.374999999999999E-01    8.157094431126761E-04    0.000000000000000E+00
    8.500000000000001E-01    8.157094431126762E-04    0.000000000000000E+00
    8.625000000000003E-01    8.157094431126762E-04    0.000000000000000E+00
    8.750000000000000E-01    8.157094431126763E-04    0.000000000000000E+00
    8.875000000000000E-01    8.157094431126762E-04    0.000000000000000E+00
    8.999999999999999E-01    8.157094431126762E-04    0.000000000000000E+00
    9.125000000000002E-01    8.157094431126762E-04    0.000000000000000E+00
    9.250000000000002E-01    8.157094431126761E-04    0.000000000000000E+00
    9.375000000000001E-01    8.157094431126760E-04    0.000000000000000E+00
    9.500000000000001E-01    8.157094431126760E-04    0.000000000000000E+00
    9.625000000000000E-01    8.157094431126762E-04    0.000000000000000E+00
    9.750000000000001E-01    8.157094431126763E-04    0.000000000000000E+00
    9.875000000000000E-01    8.157094431126762E-04    0.000000000000000E+00
    1.000000000000000E+00    8.157094431126762E-04    0.000000000000000E+00
    7.375000000000000E-01    9.166813242910602E-04    0.000000000000000E+00
    7.500000000000000E-01    9.166813242910602E-04    0.000000000000000E+00
    7.625000000000000E-01    9.166813242910603E-04    0.000000000000000E+00
    7.749999999999999E-01    9.166813242910601E-04    0.000000000000000E+00
    7.875000000000001E-01    9.166813242910600E-04    0.000000000000000E+00
    7.999999999999999E-01    9.166813242910601E-04    0.000000000000000E+00
    8.124999999999999E-01    9.166813242910602E-04    0.000000000000000E+00
    8.249999999999998E-01    9.166813242910603E-04    0.000000000000000E+00
    8.374999999999999E-01    9.166813242910604E-04    0.000000000000000E+00
    8.500000000000001E-01    9.166813242910603E-04    0.000000000000000E+00
    8.625000000000000E-01    9.166813242910601E-04    0.000000000000000E+00
    8.749999999999998E-01    9.166813242910602E-04    0.000000000000000E+00
    8.875000000000000E-01    9.166813242910603E-04    0.000000000000000E+00
    8.999999999999999E-01    9.166813242910603E-04    0.000000000000000E+00
    9.125000000000002E-01    9.166813242910601E-04    0.000000000000000E+00
    9.249999999999999E-01    9.166813242910601E-04    0.000000000000000E+00
    9.375000000000001E-01    9.166813242910602E-04    0.000000000000000E+00
    9.500000000000001E-01    9.166813242910602E-04    0.000000000000000E+00
    9.625000000000000E-01    9.166813242910603E-04    0.000000000000000E+00
    9.750000000000001E-01    9.166813242910601E-04    0.000000000000000E+00
    9.875000000000000E-01    9.166813242910602E-04    0.000000000000000E+00
    1.000000000000000E+00    9.166813242910602E-04    0.000000000000000E+00
    7.375000000000000E-01    1.030150695690717E-03    0.000000000000000E+00
    7.500000000000000E-01    1.030150695690717E-03    0.000000000000000E+00
    7.625000000000000E-01    1.030150695690717E-03    0.000000000000000E+00
    7.749999999999999E-01    1.030150695690717E-03    0.000000000000000E+00
    7.875000000000001E-01    1.030150695690717E-03    0.000000000000000E+00
    7.999999999999999E-01    1.030150695690717E-03    0.000000000000000E+00
    8.124999999999999E-01    1.030150695690717E-03    0.000000000000000E+00
    8.249999999999998E-01    1.030150695690717E-03    0.000000000000000E+00
    8.374999999999997E-01    1.030150695690717E-03    0.000000000000000E+00
    8.500000000000001E-01    1.030150695690717E-03    0.000000000000000E+00
    8.625000000000000E-01    1.030150695690717E-03    0.000000000000000E+00
    8.750000000000000E-01    1.030150695690717E-03    0.000000000000000E+00
    8.875000000000000E-01    1.030150695690717E-03    0.000000000000000E+00
    8.999999999999997E-01    1.030150695690717E-03    0.000000000000000E+00
    9.125000000000002E-01    1.030150695690717E-03    0.000000000000000E+00
    9.249999999999999E-01    1.030150695690717E-03    0.000000000000000E+00
    9.375000000000001E-01    1.030150695690717E-03    0.000000000000000E+00
    9.500000000000001E-01    1.030150695690717E-03    0.000000000000000E+00
    9.624999999999998E-01    1.030150695690717E-03    0.000000000000000E+00
    9.750000000000001E-01    1.030150695690717E-03    0.000000000000000E+00
    9.875000000000000E-01    1.030150695690717E-03    0.000000000000000E+00
    1.000000000000000E+00    1.030150695690717E-03    0.000000000000000E+00
    7.375000000000000E-01    1.157664531512938E-03    0.000000000000000E+00
    7.500000000000000E-01    1.157664531512938E-03    0.000000000000000E+00
    7.625000000000000E-01    1.157664531512938E-03    0.000000000000000E+00
    7.749999999999999E-01    1.157664531512938E-03    0.000000000000000E+00
    7.875000000000001E-01    1.157664531512938E-03    0.000000000000000E+00
    7.999999999999999E-01    1.157664531512938E-03    0.000000000000000E+00
    8.124999999999999E-01    1.157664531512938E-03    0.000000000000000E+00
    8.249999999999998E-01    1.157664531512938E-03    0.000000000000000E+00
    8.374999999999999E-01    1.157664531512938E-03    0.000000000000000E+00
    8.500000000000001E-01    1.157664531512939E-03    0.000000000000000E+00
    8.625000000000000E-01    1.157664531512938E-03    0.000000000000000E+00
    8.750000000000000E-01    1.157664531512938E-03    0.000000000000000E+00
    8.875000000000000E-01    1.157664531512938E-03    0.000000000000000E+00
    8.999999999999999E-01    1.157664531512938E-03    0.000000000000000E+00
    9.125000000000002E-01    1.157664531512938E-03    0.000000000000000E+00
    9.250000000000002E-01    1.157664531512938E-03    0.000000000000000E+00
    9.374999999999999E-01    1.157664531512938E-03    0.000000000000000E+00
    9.499999999999998E-01    1.157664531512938E-03    0.000000000000000E+00
    9.625000000000000E-01    1.157664531512938E-03    0.000000000000000E+00
    9.750000000000001E-01    1.157664531512939E-03    0.000000000000000E+00
    9.875000000000000E-01    1.157664531512938E-03    0.000000000000000E+00
    1.000000000000000E+00    1.157664531512938E-03    0.000000000000000E+00
    7.375000000000000E-01    1.300961279868354E-03    0.000000000000000E+00
    7.500000000000000E-01    1.300961279868354E-03    0.000000000000000E+00
    7.625000000000000E-01    1.300961279868354E-03    0.000000000000000E+00
    7.749999999999999E-01    1.300961279868354E-03    0.000000000000000E+00
    7.875000000000001E-01    1.300961279868354E-03    0.000000000000000E+00
    7.999999999999999E-01    1.300961279868354E-03    0.000000000000000E+00
    8.124999999999999E-01    1.300961279868354E-03    0.000000000000000E+00
    8.249999999999998E-01    1.300961279868354E-03    0.000000000000000E+00
    8.374999999999999E-01    1.300961279868354E-03    0.000000000000000E+00
    8.500000000000001E-01    1.300961279868354E-03    0.000000000000000E+00
    8.625000000000000E-01    1.300961279868354E-03    0.000000000000000E+00
    8.750000000000000E-01    1.300961279868354E-03    0.000000000000000E+00
    8.875000000000000E-01    1.300961279868354E-03    0.000000000000000E+00
    8.999999999999999E-01    1.300961279868354E-03    0.000000000000000E+00
    9.125000000000002E-01    1.300961279868354E-03    0.000000000000000E+00
    9.250000000000002E-01    1.300961279868354E-03    0.000000000000000E+00
    9.375000000000001E-01    1.300961279868354E-03    0.000000000000000E+00
    9.500000000000001E-01    1.300961279868354E-03    0.000000000000000E+00
    9.625000000000000E-01    1.300961279868354E-03    0.000000000000000E+00
    9.750000000000001E-01    1.300961279868354E-03    0.000000000000000E+00
    9.875000000000000E-01    1.300961279868354E-03    0.000000000000000E+00
    1.000000000000000E+00    1.300961279868354E-03    0.000000000000000E+00
    7.375000000000000E-01    1.461994563748790E-03    0.000000000000000E+00
    7.500000000000000E-01    1.461994563748790E-03    0.000000000000000E+00
    7.625000000000000E-01    1.461994563748790E-03    0.000000000000000E+00
    7.749999999999999E-01    1.461994563748790E-03    0.000000000000000E+00
    7.875000000000001E-01    1.461994563748790E-03    0.000000000000000E+00
    7.999999999999999E-01    1.461994563748790E-03    0.000000000000000E+00
    8.124999999999999E-01    1.461994563748790E-03    0.000000000000000E+00
    8.249999999999998E-01    1.461994563748790E-03    0.000000000000000E+00
    8.374999999999999E-01    1.461994563748790E-03    0.000000000000000E+00
    8.500000000000001E-01    1.461994563748790E-03    0.000000000000000E+00
    8.625000000000000E-01    1.461994563748790E-03    0.000000000000000E+00
    8.750000000000000E-01    1.461994563748790E-03    0.000000000000000E+00
    8.875000000000000E-01    1.461994563748790E-03    0.000000000000000E+00
    8.999999999999999E-01    1.461994563748790E-03    0.000000000000000E+00
    9.125000000000002E-01    1.461994563748790E-03    0.000000000000000E+00
    9.250000000000002E-01    1.461994563748790E-03    0.000000000000000E+00
    9.375000000000001E-01    1.461994563748790E-03    0.000000000000000E+00
    9.500000000000001E-01    1.461994563748790E-03    0.000000000000000E+00
    9.625000000000000E-01    1.461994563748790E-03    0.000000000000000E+00
    9.750000000000001E-01    1.461994563748790E-03    0.000000000000000E+00
    9.875000000000000E-01    1.461994563748790E-03    0.000000000000000E+00
    1.000000000000000E+00    1.461994563748790E-03    0.000000000000000E+00
    7.375000000000000E-01    1.642959815565998E-03    0.000000000000000E+00
    7.500000000000000E-01    1.642959815565997E-03    0.000000000000000E+00
    7.625000000000000E-01    1.642959815565997E-03    0.000000000000000E+00
    7.749999999999999E-01    1.642959815565997E-03    0.000000000000000E+00
    7.875000000000001E-01    1.642959815565998E-03    0.000000000000000E+00
    7.999999999999999E-01    1.642959815565997E-03    0.000000000000000E+00
    8.124999999999999E-01    1.642959815565997E-03    0.000000000000000E+00
    8.249999999999998E-01    1.642959815565997E-03    0.000000000000000E+00
    8.374999999999999E-01    1.642959815565997E-03    0.000000000000000E+00
    8.500000000000001E-01    1.642959815565997E-03    0.000000000000000E+00
    8.625000000000000E-01    1.642959815565997E-03    0.000000000000000E+00
    8.750000000000000E-01    1.642959815565997E-03    0.000000000000000E+00
    8.874999999999997E-01    1.642959815565997E-03    0.000000000000000E+00
    8.999999999999999E-01    1.642959815565997E-03    0.000000000000000E+00
    9.125000000000002E-01    1.642959815565997E-03    0.000000000000000E+00
    9.250000000000002E-01    1.642959815565997E-03    0.000000000000000E+00
    9.375000000000001E-01    1.642959815565998E-03    0.000000000000000E+00
    9.500000000000001E-01    1.642959815565997E-03    0.000000000000000E+00
    9.625000000000000E-01    1.642959815565997E-03    0.000000000000000E+00
    9.750000000000001E-01    1.642959815565997E-03    0.000000000000000E+00
    9.875000000000000E-01    1.642959815565997E-03    0.000000000000000E+00
    1.000000000000000E+00    1.642959815565997E-03    0.000000000000000E+00
    7.375000000000000E-01    1.846324208376791E-03    0.000000000000000E+00
    7.500000000000000E-01    1.846324208376790E-03    0.000000000000000E+00
    7.625000000000000E-01    1.846324208376791E-03    0.000000000000000E+00
    7.749999999999999E-01    1.846324208376791E-03    0.000000000000000E+00
    7.875000000000001E-01    1.846324208376791E-03    0.000000000000000E+00
    8.000000000000002E-01    1.846324208376790E-03    0.000000000000000E+00
    8.124999999999999E-01    1.846324208376791E-03    0.000000000000000E+00
    8.250000000000001E-01    1.846324208376791E-03    0.000000000000000E+00
    8.374999999999999E-01    1.846324208376790E-03    0.000000000000000E+00
    8.500000000000001E-01    1.846324208376791E-03    0.000000000000000E+00
    8.625000000000000E-01    1.846324208376791E-03    0.000000000000000E+00
    8.750000000000000E-01    1.846324208376791E-03    0.000000000000000E+00
    8.875000000000000E-01    1.846324208376790E-03    0.000000000000000E+00
    8.999999999999999E-01    1.846324208376791E-03    0.000000000000000E+00
    9.125000000000002E-01    1.846324208376790E-03    0.000000000000000E+00
    9.250000000000002E-01    1.846324208376791E-03    0.000000000000000E+00
    9.375000000000001E-01    1.846324208376790E-03    0.000000000000000E+00
    9.500000000000001E-01    1.846324208376791E-03    0.000000000000000E+00
    9.625000000000000E-01    1.846324208376791E-03    0.000000000000000E+00
    9.750000000000001E-01    1.846324208376791E-03    0.000000000000000E+00
    9.875000000000000E-01    1.846324208376790E-03    0.000000000000000E+00
    1.000000000000000E+00    1.846324208376791E-03    0.000000000000000E+00
    7.375000000000000E-01    2.074860291859188E-03    0.000000000000000E+00
    7.500000000000000E-01    2.074860291859188E-03    0.000000000000000E+00
    7.625000000000000E-01    2.074860291859188E-03    0.000000000000000E+00
    7.749999999999999E-01    2.074860291859188E-03    0.000000000000000E+00
    7.875000000000001E-01    2.074860291859188E-03    0.000000000000000E+00
    7.999999999999999E-01    2.074860291859188E-03    0.000000000000000E+00
    8.124999999999999E-01    2.074860291859188E-03    0.000000000000000E+00
    8.249999999999998E-01    2.074860291859188E-03    0.000000000000000E+00
    8.374999999999999E-01    2.074860291859188E-03    0.000000000000000E+00
    8.500000000000001E-01    2.074860291859188E-03    0.000000000000000E+00
    8.625000000000000E-01    2.074860291859188E-03    0.000000000000000E+00
    8.750000000000000E-01    2.074860291859188E-03    0.000000000000000E+00
    8.874999999999997E-01    2.074860291859188E-03    0.000000000000000E+00
    8.999999999999997E-01    2.074860291859187E-03    0.000000000000000E+00
    9.125000000000002E-01    2.074860291859188E-03    0.000000000000000E+00
    9.250000000000002E-01    2.074860291859188E-03    0.000000000000000E+00
    9.375000000000001E-01    2.074860291859188E-03    0.000000000000000E+00
    9.500000000000001E-01    2.074860291859188E-03    0.000000000000000E+00
    9.624999999999998E-01    2.074860291859188E-03    0.000000000000000E+00
    9.750000000000001E-01    2.074860291859187E-03    0.000000000000000E+00
    9.875000000000000E-01    2.074860291859188E-03    0.000000000000000E+00
    1.000000000000000E+00    2.074860291859188E-03    0.000000000000000E+00
    7.375000000000000E-01    2.331683791612528E-03    0.000000000000000E+00
    7.500000000000000E-01    2.331683791612529E-03    0.000000000000000E+00
    7.625000000000000E-01    2.331683791612528E-03    0.000000000000000E+00
    7.749999999999999E-01    2.331683791612528E-03    0.000000000000000E+00
    7.875000000000001E-01    2.331683791612528E-03    0.000000000000000E+00
    7.999999999999999E-01    2.331683791612529E-03    0.000000000000000E+00
    8.124999999999999E-01    2.331683791612528E-03    0.000000000000000E+00
    8.249999999999998E-01    2.331683791612528E-03    0.000000000000000E+00
    8.374999999999999E-01    2.331683791612528E-03    0.000000000000000E+00
    8.500000000000001E-01    2.331683791612529E-03    0.000000000000000E+00
    8.625000000000000E-01    2.331683791612528E-03    0.000000000000000E+00
    8.750000000000000E-01    2.331683791612528E-03    0.000000000000000E+00
    8.875000000000000E-01    2.331683791612527E-03    0.000000000000000E+00
    8.999999999999999E-01    2.331683791612528E-03    0.000000000000000E+00
    9.125000000000002E-01    2.331683791612528E-03    0.000000000000000E+00
    9.250000000000002E-01    2.331683791612527E-03    0.000000000000000E+00
    9.375000000000001E-01    2.331683791612527E-03    0.000000000000000E+00
    9.500000000000001E-01    2.331683791612528E-03    0.000000000000000E+00
    9.625000000000000E-01    2.331683791612528E-03    0.000000000000000E+00
    9.750000000000001E-01    2.331683791612528E-03    0.000000000000000E+00
    9.875000000000000E-01    2.331683791612527E-03    0.000000000000000E+00
    1.000000000000000E+00    2.331683791612528E-03    0.000000000000000E+00
    7.375000000000000E-01    2.620296087114835E-03    0.000000000000000E+00
    7.500000000000000E-01    2.620296087114836E-03    0.000000000000000E+00
    7.625000000000000E-01    2.620296087114835E-03    0.000000000000000E+00
    7.749999999999999E-01    2.620296087114835E-03    0.000000000000000E+00
    7.875000000000001E-01    2.620296087114835E-03    0.000000000000000E+00
    7.999999999999999E-01    2.620296087114836E-03    0.000000000000000E+00
    8.124999999999999E-01    2.620296087114835E-03    0.000000000000000E+00
    8.249999999999998E-01    2.620296087114835E-03    0.000000000000000E+00
    8.374999999999999E-01    2.620296087114834E-03    0.000000000000000E+00
    8.500000000000001E-01    2.620296087114835E-03    0.000000000000000E+00
    8.625000000000000E-01    2.620296087114836E-03    0.000000000000000E+00
    8.750000000000000E-01    2.620296087114835E-03    0.000000000000000E+00
    8.875000000000000E-01    2.620296087114835E-03    0.000000000000000E+00
    8.999999999999999E-01    2.620296087114835E-03    0.000000000000000E+00
    9.125000000000002E-01    2.620296087114836E-03    0.000000000000000E+00
    9.250000000000002E-01    2.620296087114835E-03    0.000000000000000E+00
    9.375000000000001E-01    2.620296087114835E-03    0.000000000000000E+00
    9.500000000000001E-01    2.620296087114835E-03    0.000000000000000E+00
    9.625000000000000E-01    2.620296087114835E-03    0.000000000000000E+00
    9.750000000000001E-01    2.620296087114836E-03    0.000000000000000E+00
    9.875000000000000E-01    2.620296087114834E-03    0.000000000000000E+00
    1.000000000000000E+00    2.620296087114835E-03    0.000000000000000E+00
    7.375000000000000E-01    2.944631947456739E-03    0.000000000000000E+00
    7.500000000000000E-01    2.944631947456739E-03    0.000000000000000E+00
    7.625000000000000E-01    2.944631947456740E-03    0.000000000000000E+00
    7.749999999999999E-01    2.944631947456740E-03    0.000000000000000E+00
    7.875000000000001E-01    2.944631947456740E-03    0.000000000000000E+00
    7.999999999999999E-01    2.944631947456740E-03    0.000000000000000E+00
    8.124999999999999E-01    2.944631947456740E-03    0.000000000000000E+00
    8.249999999999998E-01    2.944631947456740E-03    0.000000000000000E+00
    8.374999999999999E-01    2.944631947456740E-03    0.000000000000000E+00
    8.500000000000001E-01    2.944631947456741E-03    0.000000000000000E+00
    8.625000000000000E-01    2.944631947456741E-03    0.000000000000000E+00
    8.750000000000000E-01    2.944631947456741E-03    0.000000000000000E+00
    8.874999999999997E-01    2.944631947456740E-03    0.000000000000000E+00
    8.999999999999999E-01    2.944631947456740E-03    0.000000000000000E+00
    9.125000000000000E-01    2.944631947456740E-03    0.000000000000000E+00
    9.250000000000002E-01    2.944631947456739E-03    0.000000000000000E+00
    9.374999999999999E-01    2.944631947456739E-03    0.000000000000000E+00
    9.500000000000001E-01    2.944631947456740E-03    0.000000000000000E+00
    9.624999999999998E-01    2.944631947456740E-03    0.000000000000000E+00
    9.750000000000001E-01    2.944631947456740E-03    0.000000000000000E+00
    9.875000000000000E-01    2.944631947456740E-03    0.000000000000000E+00
    1.000000000000000E+00    2.944631947456740E-03    0.000000000000000E+00
    7.375000000000000E-01    3.309113175652678E-03    0.000000000000000E+00
    7.500000000000000E-01    3.309113175652679E-03    0.000000000000000E+00
    7.625000000000000E-01    3.309113175652679E-03    0.000000000000000E+00
    7.749999999999999E-01    3.309113175652680E-03    0.000000000000000E+00
    7.875000000000001E-01    3.309113175652680E-03    0.000000000000000E+00
    7.999999999999999E-01    3.309113175652679E-03    0.000000000000000E+00
    8.124999999999999E-01    3.309113175652679E-03    0.000000000000000E+00
    8.249999999999998E-01    3.309113175652679E-03    0.000000000000000E+00
    8.374999999999999E-01    3.309113175652680E-03    0.000000000000000E+00
    8.500000000000001E-01    3.309113175652679E-03    0.000000000000000E+00
    8.625000000000000E-01    3.309113175652679E-03    0.000000000000000E+00
    8.750000000000000E-01    3.309113175652679E-03    0.000000000000000E+00
    8.875000000000000E-01    3.309113175652680E-03    0.000000000000000E+00
    8.999999999999999E-01    3.309113175652679E-03    0.000000000000000E+00
    9.125000000000002E-01    3.309113175652679E-03    0.000000000000000E+00
    9.250000000000002E-01    3.309113175652680E-03    0.000000000000000E+00
    9.375000000000001E-01    3.309113175652680E-03    0.000000000000000E+00
    9.500000000000001E-01    3.309113175652679E-03    0.000000000000000E+00
    9.624999999999998E-01    3.309113175652679E-03    0.000000000000000E+00
    9.750000000000001E-01    3.309113175652680E-03    0.000000000000000E+00
    9.875000000000000E-01    3.309113175652680E-03    0.000000000000000E+00
    1.000000000000000E+00    3.309113175652679E-03    0.000000000000000E+00
    7.375000000000000E-01    3.718708892884158E-03    0.000000000000000E+00
    7.500000000000000E-01    3.718708892884158E-03    0.000000000000000E+00
    7.625000000000000E-01    3.718708892884159E-03    0.000000000000000E+00
    7.749999999999999E-01    3.718708892884158E-03    0.000000000000000E+00
    7.875000000000001E-01    3.718708892884158E-03    0.000000000000000E+00
    7.999999999999999E-01    3.718708892884158E-03    0.000000000000000E+00
    8.124999999999999E-01    3.718708892884158E-03    0.000000000000000E+00
    8.249999999999998E-01    3.718708892884158E-03    0.000000000000000E+00
    8.374999999999999E-01    3.718708892884158E-03    0.000000000000000E+00
    8.499999999999999E-01    3.718708892884159E-03    0.000000000000000E+00
    8.625000000000000E-01    3.718708892884158E-03    0.000000000000000E+00
    8.750000000000000E-01    3.718708892884158E-03    0.000000000000000E+00
    8.875000000000000E-01    3.718708892884157E-03    0.000000000000000E+00
    8.999999999999999E-01    3.718708892884158E-03    0.000000000000000E+00
    9.125000000000000E-01    3.718708892884158E-03    0.000000000000000E+00
    9.250000000000002E-01    3.718708892884158E-03    0.000000000000000E+00
    9.375000000000001E-01    3.718708892884158E-03    0.000000000000000E+00
    9.500000000000001E-01    3.718708892884158E-03    0.000000000000000E+00
    9.625000000000000E-01    3.718708892884159E-03    0.000000000000000E+00
    9.750000000000001E-01    3.718708892884157E-03    0.000000000000000E+00
    9.875000000000000E-01    3.718708892884158E-03    0.000000000000000E+00
    1.000000000000000E+00    3.718708892884158E-03    0.000000000000000E+00
    7.375000000000000E-01    4.179003284554682E-03    0.000000000000000E+00
    7.500000000000000E-01    4.179003284554682E-03    0.000000000000000E+00
    7.625000000000000E-01    4.179003284554682E-03    0.000000000000000E+00
    7.749999999999999E-01    4.179003284554682E-03    0.000000000000000E+00
    7.875000000000001E-01    4.179003284554682E-03    0.000000000000000E+00
    7.999999999999999E-01    4.179003284554682E-03    0.000000000000000E+00
    8.124999999999999E-01    4.179003284554682E-03    0.000000000000000E+00
    8.249999999999998E-01    4.179003284554682E-03    0.000000000000000E+00
    8.374999999999999E-01    4.179003284554682E-03    0.000000000000000E+00
    8.500000000000001E-01    4.179003284554682E-03    0.000000000000000E+00
    8.625000000000000E-01    4.179003284554682E-03    0.000000000000000E+00
    8.750000000000000E-01    4.179003284554682E-03    0.000000000000000E+00
    8.875000000000000E-01    4.179003284554682E-03    0.000000000000000E+00
    8.999999999999999E-01    4.179003284554682E-03    0.000000000000000E+00
    9.125000000000002E-01    4.179003284554682E-03    0.000000000000000E+00
    9.250000000000002E-01    4.179003284554681E-03    0.000000000000000E+00
    9.375000000000001E-01    4.179003284554684E-03    0.000000000000000E+00
    9.500000000000001E-01    4.179003284554682E-03    0.000000000000000E+00
    9.625000000000000E-01    4.179003284554682E-03    0.000000000000000E+00
    9.750000000000001E-01    4.179003284554682E-03    0.000000000000000E+00
    9.875000000000000E-01    4.179003284554682E-03    0.000000000000000E+00
    1.000000000000000E+00    4.179003284554682E-03    0.000000000000000E+00
    7.375000000000000E-01    4.696271731766031E-03    0.000000000000000E+00
    7.500000000000000E-01    4.696271731766031E-03    0.000000000000000E+00
    7.625000000000000E-01    4.696271731766031E-03    0.000000000000000E+00
    7.749999999999999E-01    4.696271731766030E-03    0.000000000000000E+00
    7.875000000000001E-01    4.696271731766031E-03    0.000000000000000E+00
    8.000000000000002E-01    4.696271731766031E-03    0.000000000000000E+00
    8.124999999999999E-01    4.696271731766031E-03    0.000000000000000E+00
    8.249999999999998E-01    4.696271731766031E-03    0.000000000000000E+00
    8.374999999999999E-01    4.696271731766029E-03    0.000000000000000E+00
    8.500000000000001E-01    4.696271731766031E-03    0.000000000000000E+00
    8.625000000000003E-01    4.696271731766031E-03    0.000000000000000E+00
    8.750000000000000E-01    4.696271731766031E-03    0.000000000000000E+00
    8.875000000000000E-01    4.696271731766032E-03    0.000000000000000E+00
    9.000000000000001E-01    4.696271731766031E-03    0.000000000000000E+00
    9.125000000000002E-01    4.696271731766032E-03    0.000000000000000E+00
    9.250000000000002E-01    4.696271731766030E-03    0.000000000000000E+00
    9.375000000000001E-01    4.696271731766031E-03    0.000000000000000E+00
    9.500000000000001E-01    4.696271731766032E-03    0.000000000000000E+00
    9.625000000000000E-01    4.696271731766029E-03    0.000000000000000E+00
    9.750000000000001E-01    4.696271731766031E-03    0.000000000000000E+00
    9.875000000000000E-01    4.696271731766030E-03    0.000000000000000E+00
    1.000000000000000E+00    4.696271731766031E-03    0.000000000000000E+00
    7.375000000000000E-01    5.277566366147258E-03    0.000000000000000E+00
    7.500000000000000E-01    5.277566366147259E-03    0.000000000000000E+00
    7.625000000000000E-01    5.277566366147258E-03    0.000000000000000E+00
    7.749999999999999E-01    5.277566366147258E-03    0.000000000000000E+00
    7.875000000000001E-01    5.277566366147258E-03    0.000000000000000E+00
    7.999999999999999E-01    5.277566366147258E-03    0.000000000000000E+00
    8.125000000000001E-01    5.277566366147258E-03    0.000000000000000E+00
    8.250000000000001E-01    5.277566366147256E-03    0.000000000000000E+00
    8.374999999999999E-01    5.277566366147258E-03    0.000000000000000E+00
    8.500000000000001E-01    5.277566366147258E-03    0.000000000000000E+00
    8.625000000000000E-01    5.277566366147258E-03    0.000000000000000E+00
    8.750000000000000E-01    5.277566366147258E-03    0.000000000000000E+00
    8.875000000000002E-01    5.277566366147258E-03    0.000000000000000E+00
    9.000000000000001E-01    5.277566366147258E-03    0.000000000000000E+00
    9.125000000000002E-01    5.277566366147257E-03    0.000000000000000E+00
    9.250000000000002E-01    5.277566366147258E-03    0.000000000000000E+00
    9.375000000000001E-01    5.277566366147258E-03    0.000000000000000E+00
    9.500000000000001E-01    5.277566366147258E-03    0.000000000000000E+00
    9.625000000000000E-01    5.277566366147258E-03    0.000000000000000E+00
    9.750000000000001E-01    5.277566366147258E-03    0.000000000000000E+00
    9.875000000000000E-01    5.277566366147258E-03    0.000000000000000E+00
    1.000000000000000E+00    5.277566366147258E-03    0.000000000000000E+00
    7.375000000000000E-01    5.930812214440322E-03    0.000000000000000E+00
    7.500000000000000E-01    5.930812214440322E-03    0.000000000000000E+00
    7.625000000000000E-01    5.930812214440320E-03    0.000000000000000E+00
    7.749999999999999E-01    5.930812214440322E-03    0.000000000000000E+00
    7.875000000000001E-01    5.930812214440322E-03    0.000000000000000E+00
    7.999999999999999E-01    5.930812214440322E-03    0.000000000000000E+00
    8.124999999999999E-01    5.930812214440322E-03    0.000000000000000E+00
    8.249999999999998E-01    5.930812214440322E-03    0.000000000000000E+00
    8.375000000000001E-01    5.930812214440321E-03    0.000000000000000E+00
    8.500000000000003E-01    5.930812214440323E-03    0.000000000000000E+00
    8.625000000000000E-01    5.930812214440321E-03    0.000000000000000E+00
    8.750000000000000E-01    5.930812214440322E-03    0.000000000000000E+00
    8.875000000000000E-01    5.930812214440320E-03    0.000000000000000E+00
    8.999999999999999E-01    5.930812214440322E-03    0.000000000000000E+00
    9.125000000000002E-01    5.930812214440321E-03    0.000000000000000E+00
    9.250000000000002E-01    5.930812214440320E-03    0.000000000000000E+00
    9.375000000000001E-01    5.930812214440322E-03    0.000000000000000E+00
    9.500000000000001E-01    5.930812214440322E-03    0.000000000000000E+00
    9.625000000000000E-01    5.930812214440322E-03    0.000000000000000E+00
    9.750000000000001E-01    5.930812214440323E-03    0.000000000000000E+00
    9.875000000000000E-01    5.930812214440322E-03    0.000000000000000E+00
    1.000000000000000E+00    5.930812214440322E-03    0.000000000000000E+00
    7.375000000000000E-01    6.664915243620652E-03    0.000000000000000E+00
    7.500000000000000E-01    6.664915243620654E-03    0.000000000000000E+00
    7.625000000000000E-01    6.664915243620650E-03    0.000000000000000E+00
    7.749999999999999E-01    6.664915243620652E-03    0.000000000000000E+00
    7.875000000000001E-01    6.664915243620652E-03    0.000000000000000E+00
    7.999999999999999E-01    6.664915243620652E-03    0.000000000000000E+00
    8.124999999999999E-01    6.664915243620652E-03    0.000000000000000E+00
    8.249999999999998E-01    6.664915243620653E-03    0.000000000000000E+00
    8.374999999999999E-01    6.664915243620652E-03    0.000000000000000E+00
    8.500000000000001E-01    6.664915243620652E-03    0.000000000000000E+00
    8.624999999999998E-01    6.664915243620654E-03    0.000000000000000E+00
    8.750000000000000E-01    6.664915243620650E-03    0.000000000000000E+00
    8.875000000000000E-01    6.664915243620652E-03    0.000000000000000E+00
    8.999999999999997E-01    6.664915243620653E-03    0.000000000000000E+00
    9.125000000000002E-01    6.664915243620651E-03    0.000000000000000E+00
    9.250000000000002E-01    6.664915243620652E-03    0.000000000000000E+00
    9.374999999999999E-01    6.664915243620652E-03    0.000000000000000E+00
    9.499999999999998E-01    6.664915243620652E-03    0.000000000000000E+00
    9.625000000000000E-01    6.664915243620652E-03    0.000000000000000E+00
    9.750000000000001E-01    6.664915243620654E-03    0.000000000000000E+00
    9.875000000000000E-01    6.664915243620650E-03    0.000000000000000E+00
    1.000000000000000E+00    6.664915243620652E-03    0.000000000000000E+00
    7.375000000000000E-01    7.489883779575856E-03    0.000000000000000E+00
    7.500000000000000E-01    7.489883779575858E-03    0.000000000000000E+00
    7.625000000000000E-01    7.489883779575856E-03    0.000000000000000E+00
    7.749999999999999E-01    7.489883779575855E-03    0.000000000000000E+00
    7.875000000000001E-01    7.489883779575857E-03    0.000000000000000E+00
    7.999999999999999E-01    7.489883779575858E-03    0.000000000000000E+00
    8.124999999999999E-01    7.489883779575856E-03    0.000000000000000E+00
    8.249999999999998E-01    7.489883779575855E-03    0.000000000000000E+00
    8.374999999999999E-01    7.489883779575855E-03    0.000000000000000E+00
    8.500000000000001E-01    7.489883779575857E-03    0.000000000000000E+00
    8.624999999999998E-01    7.489883779575856E-03    0.000000000000000E+00
    8.750000000000000E-01    7.489883779575855E-03    0.000000000000000E+00
    8.875000000000000E-01    7.489883779575856E-03    0.000000000000000E+00
    8.999999999999999E-01    7.489883779575856E-03    0.000000000000000E+00
    9.125000000000000E-01    7.489883779575856E-03    0.000000000000000E+00
    9.250000000000002E-01    7.489883779575855E-03    0.000000000000000E+00
    9.375000000000001E-01    7.489883779575856E-03    0.000000000000000E+00
    9.499999999999998E-01    7.489883779575856E-03    0.000000000000000E+00
    9.625000000000000E-01    7.489883779575857E-03    0.000000000000000E+00
    9.750000000000001E-01    7.489883779575855E-03    0.000000000000000E+00
    9.875000000000000E-01    7.489883779575856E-03    0.000000000000000E+00
    1.000000000000000E+00    7.489883779575856E-03    0.000000000000000E+00
    7.375000000000000E-01    8.416964954692900E-03    0.000000000000000E+00
    7.500000000000000E-01    8.416964954692900E-03    0.000000000000000E+00
    7.625000000000000E-01    8.416964954692900E-03    0.000000000000000E+00
    7.749999999999999E-01    8.416964954692900E-03    0.000000000000000E+00
    7.875000000000001E-01    8.416964954692900E-03    0.000000000000000E+00
    7.999999999999999E-01    8.416964954692900E-03    0.000000000000000E+00
    8.124999999999999E-01    8.416964954692900E-03    0.000000000000000E+00
    8.249999999999998E-01    8.416964954692900E-03    0.000000000000000E+00
    8.374999999999999E-01    8.416964954692900E-03    0.000000000000000E+00
    8.500000000000001E-01    8.416964954692900E-03    0.000000000000000E+00
    8.625000000000000E-01    8.416964954692904E-03    0.000000000000000E+00
    8.750000000000000E-01    8.416964954692900E-03    0.000000000000000E+00
    8.874999999999997E-01    8.416964954692900E-03    0.000000000000000E+00
    8.999999999999999E-01    8.416964954692900E-03    0.000000000000000E+00
    9.125000000000002E-01    8.416964954692900E-03    0.000000000000000E+00
    9.250000000000002E-01    8.416964954692900E-03    0.000000000000000E+00
    9.375000000000001E-01    8.416964954692900E-03    0.000000000000000E+00
    9.500000000000001E-01    8.416964954692900E-03    0.000000000000000E+00
    9.625000000000000E-01    8.416964954692900E-03    0.000000000000000E+00
    9.750000000000001E-01    8.416964954692904E-03    0.000000000000000E+00
    9.875000000000000E-01    8.416964954692900E-03    0.000000000000000E+00
    1.000000000000000E+00    8.416964954692900E-03    0.000000000000000E+00
    7.375000000000000E-01    9.458798044599348E-03    0.000000000000000E+00
    7.500000000000000E-01    9.458798044599344E-03    0.000000000000000E+00
    7.625000000000000E-01    9.458798044599344E-03    0.000000000000000E+00
    7.749999999999999E-01    9.458798044599344E-03    0.000000000000000E+00
    7.875000000000001E-01    9.458798044599346E-03    0.000000000000000E+00
    7.999999999999999E-01    9.458798044599344E-03    0.000000000000000E+00
    8.124999999999999E-01    9.458798044599348E-03    0.000000000000000E+00
    8.249999999999998E-01    9.458798044599344E-03    0.000000000000000E+00
    8.374999999999999E-01    9.458798044599344E-03    0.000000000000000E+00
    8.499999999999999E-01    9.458798044599344E-03    0.000000000000000E+00
    8.625000000000000E-01    9.458798044599344E-03    0.000000000000000E+00
    8.749999999999998E-01    9.458798044599348E-03    0.000000000000000E+00
    8.875000000000000E-01    9.458798044599344E-03    0.000000000000000E+00
    8.999999999999997E-01    9.458798044599346E-03    0.000000000000000E+00
    9.125000000000002E-01    9.458798044599342E-03    0.000000000000000E+00
    9.249999999999999E-01    9.458798044599344E-03    0.000000000000000E+00
    9.375000000000001E-01    9.458798044599344E-03    0.000000000000000E+00
    9.499999999999998E-01    9.458798044599348E-03    0.000000000000000E+00
    9.625000000000000E-01    9.458798044599344E-03    0.000000000000000E+00
    9.750000000000001E-01    9.458798044599341E-03    0.000000000000000E+00
    9.875000000000000E-01    9.458798044599344E-03    0.000000000000000E+00
    1.000000000000000E+00    9.458798044599344E-03    0.000000000000000E+00
    7.375000000000000E-01    1.062958678456096E-02    0.000000000000000E+00
    7.500000000000000E-01    1.062958678456096E-02    0.000000000000000E+00
    7.625000000000000E-01    1.062958678456096E-02    0.000000000000000E+00
    7.749999999999999E-01    1.062958678456096E-02    0.000000000000000E+00
    7.875000000000001E-01    1.062958678456096E-02    0.000000000000000E+00
    7.999999999999999E-01    1.062958678456096E-02    0.000000000000000E+00
    8.124999999999999E-01    1.062958678456096E-02    0.000000000000000E+00
    8.250000000000001E-01    1.062958678456096E-02    0.000000000000000E+00
    8.374999999999999E-01    1.062958678456096E-02    0.000000000000000E+00
    8.500000000000003E-01    1.062958678456096E-02    0.000000000000000E+00
    8.625000000000000E-01    1.062958678456096E-02    0.000000000000000E+00
    8.750000000000002E-01    1.062958678456096E-02    0.000000000000000E+00
    8.875000000000000E-01    1.062958678456096E-02    0.000000000000000E+00
    8.999999999999999E-01    1.062958678456096E-02    0.000000000000000E+00
    9.125000000000002E-01    1.062958678456096E-02    0.000000000000000E+00
    9.250000000000002E-01    1.062958678456096E-02    0.000000000000000E+00
    9.375000000000001E-01    1.062958678456096E-02    0.000000000000000E+00
    9.500000000000001E-01    1.062958678456096E-02    0.000000000000000E+00
    9.625000000000000E-01    1.062958678456096E-02    0.000000000000000E+00
    9.750000000000001E-01    1.062958678456096E-02    0.000000000000000E+00
    9.875000000000000E-01    1.062958678456096E-02    0.000000000000000E+00
    1.000000000000000E+00    1.062958678456096E-02    0.000000000000000E+00
    7.375000000000000E-01    1.194529301479540E-02    0.000000000000000E+00
    7.500000000000000E-01    1.194529301479540E-02    0.000000000000000E+00
    7.625000000000000E-01    1.194529301479540E-02    0.000000000000000E+00
    7.749999999999999E-01    1.194529301479540E-02    0.000000000000000E+00
    7.875000000000001E-01    1.194529301479540E-02    0.000000000000000E+00
    7.999999999999999E-01    1.194529301479540E-02    0.000000000000000E+00
    8.124999999999999E-01    1.194529301479540E-02    0.000000000000000E+00
    8.249999999999998E-01    1.194529301479540E-02    0.000000000000000E+00
    8.374999999999999E-01    1.194529301479541E-02    0.000000000000000E+00
    8.500000000000001E-01    1.194529301479541E-02    0.000000000000000E+00
    8.625000000000000E-01    1.194529301479540E-02    0.000000000000000E+00
    8.750000000000000E-01    1.194529301479540E-02    0.000000000000000E+00
    8.875000000000000E-01    1.194529301479540E-02    0.000000000000000E+00
    8.999999999999999E-01    1.194529301479540E-02    0.000000000000000E+00
    9.125000000000002E-01    1.194529301479540E-02    0.000000000000000E+00
    9.250000000000002E-01    1.194529301479540E-02    0.000000000000000E+00
    9.375000000000001E-01    1.194529301479540E-02    0.000000000000000E+00
    9.500000000000001E-01    1.194529301479540E-02    0.000000000000000E+00
    9.625000000000000E-01    1.194529301479540E-02    0.000000000000000E+00
    9.750000000000001E-01    1.194529301479540E-02    0.000000000000000E+00
    9.875000000000000E-01    1.194529301479540E-02    0.000000000000000E+00
    1.000000000000000E+00    1.194529301479540E-02    0.000000000000000E+00
    7.375000000000000E-01    1.342385429474747E-02    0.000000000000000E+00
    7.500000000000000E-01    1.342385429474747E-02    0.000000000000000E+00
    7.625000000000000E-01    1.342385429474747E-02    0.000000000000000E+00
    7.749999999999999E-01    1.342385429474747E-02    0.000000000000000E+00
    7.875000000000001E-01    1.342385429474748E-02    0.000000000000000E+00
    7.999999999999999E-01    1.342385429474747E-02    0.000000000000000E+00
    8.124999999999999E-01    1.342385429474747E-02    0.000000000000000E+00
    8.249999999999998E-01    1.342385429474748E-02    0.000000000000000E+00
    8.374999999999999E-01    1.342385429474747E-02    0.000000000000000E+00
    8.500000000000001E-01    1.342385429474747E-02    0.000000000000000E+00
    8.625000000000000E-01    1.342385429474748E-02    0.000000000000000E+00
    8.750000000000000E-01    1.342385429474747E-02    0.000000000000000E+00
    8.875000000000000E-01    1.342385429474747E-02    0.000000000000000E+00
    8.999999999999999E-01    1.342385429474748E-02    0.000000000000000E+00
    9.125000000000002E-01    1.342385429474747E-02    0.000000000000000E+00
    9.250000000000002E-01    1.342385429474747E-02    0.000000000000000E+00
    9.375000000000001E-01    1.342385429474747E-02    0.000000000000000E+00
    9.500000000000001E-01    1.342385429474747E-02    0.000000000000000E+00
    9.625000000000000E-01    1.342385429474747E-02    0.000000000000000E+00
    9.750000000000001E-01    1.342385429474747E-02    0.000000000000000E+00
    9.875000000000000E-01    1.342385429474747E-02    0.000000000000000E+00
    1.000000000000000E+00    1.342385429474747E-02    0.000000000000000E+00
    7.375000000000000E-01    1.508542845315018E-02    0.000000000000000E+00
    7.500000000000000E-01    1.508542845315018E-02    0.000000000000000E+00
    7.625000000000000E-01    1.508542845315018E-02    0.000000000000000E+00
    7.749999999999999E-01    1.508542845315018E-02    0.000000000000000E+00
    7.875000000000001E-01    1.508542845315018E-02    0.000000000000000E+00
    7.999999999999999E-01    1.508542845315018E-02    0.000000000000000E+00
    8.124999999999999E-01    1.508542845315018E-02    0.000000000000000E+00
    8.249999999999998E-01    1.508542845315018E-02    0.000000000000000E+00
    8.374999999999997E-01    1.508542845315018E-02    0.000000000000000E+00
    8.500000000000001E-01    1.508542845315018E-02    0.000000000000000E+00
    8.624999999999998E-01    1.508542845315018E-02    0.000000000000000E+00
    8.750000000000000E-01    1.508542845315018E-02    0.000000000000000E+00
    8.875000000000000E-01    1.508542845315018E-02    0.000000000000000E+00
    8.999999999999999E-01    1.508542845315018E-02    0.000000000000000E+00
    9.125000000000002E-01    1.508542845315018E-02    0.000000000000000E+00
    9.249999999999999E-01    1.508542845315018E-02    0.000000000000000E+00
    9.375000000000001E-01    1.508542845315018E-02    0.000000000000000E+00
    9.499999999999998E-01    1.508542845315018E-02    0.000000000000000E+00
    9.625000000000000E-01    1.508542845315018E-02    0.000000000000000E+00
    9.750000000000001E-01    1.508542845315018E-02    0.000000000000000E+00
    9.875000000000000E-01    1.508542845315018E-02    0.000000000000000E+00
    1.000000000000000E+00    1.508542845315018E-02    0.000000000000000E+00
    7.375000000000000E-01    1.695266840792193E-02    0.000000000000000E+00
    7.500000000000000E-01    1.695266840792193E-02    0.000000000000000E+00
    7.625000000000000E-01    1.695266840792193E-02    0.000000000000000E+00
    7.749999999999999E-01    1.695266840792193E-02    0.000000000000000E+00
    7.875000000000001E-01    1.695266840792193E-02    0.000000000000000E+00
    7.999999999999999E-01    1.695266840792193E-02    0.000000000000000E+00
    8.125000000000001E-01    1.695266840792193E-02    0.000000000000000E+00
    8.249999999999998E-01    1.695266840792193E-02    0.000000000000000E+00
    8.374999999999999E-01    1.695266840792193E-02    0.000000000000000E+00
    8.500000000000001E-01    1.695266840792193E-02    0.000000000000000E+00
    8.625000000000000E-01    1.695266840792193E-02    0.000000000000000E+00
    8.750000000000000E-01    1.695266840792193E-02    0.000000000000000E+00
    8.875000000000000E-01    1.695266840792193E-02    0.000000000000000E+00
    8.999999999999999E-01    1.695266840792193E-02    0.000000000000000E+00
    9.125000000000002E-01    1.695266840792193E-02    0.000000000000000E+00
    9.250000000000002E-01    1.695266840792193E-02    0.000000000000000E+00
    9.375000000000001E-01    1.695266840792193E-02    0.000000000000000E+00
    9.500000000000001E-01    1.695266840792193E-02    0.000000000000000E+00
    9.625000000000000E-01    1.695266840792193E-02    0.000000000000000E+00
    9.750000000000001E-01    1.695266840792193E-02    0.000000000000000E+00
    9.875000000000000E-01    1.695266840792193E-02    0.000000000000000E+00
    1.000000000000000E+00    1.695266840792193E-02    0.000000000000000E+00
    7.375000000000000E-01    1.905103100263226E-02    0.000000000000000E+00
    7.500000000000000E-01    1.905103100263226E-02    0.000000000000000E+00
    7.625000000000000E-01    1.905103100263226E-02    0.000000000000000E+00
    7.749999999999999E-01    1.905103100263226E-02    0.000000000000000E+00
    7.875000000000001E-01    1.905103100263226E-02    0.000000000000000E+00
    7.999999999999999E-01    1.905103100263226E-02    0.000000000000000E+00
    8.124999999999999E-01    1.905103100263226E-02    0.000000000000000E+00
    8.249999999999998E-01    1.905103100263226E-02    0.000000000000000E+00
    8.374999999999999E-01    1.905103100263226E-02    0.000000000000000E+00
    8.500000000000001E-01    1.905103100263225E-02    0.000000000000000E+00
    8.624999999999998E-01    1.905103100263226E-02    0.000000000000000E+00
    8.749999999999998E-01    1.905103100263226E-02    0.000000000000000E+00
    8.874999999999997E-01    1.905103100263226E-02    0.000000000000000E+00
    8.999999999999997E-01    1.905103100263226E-02    0.000000000000000E+00
    9.125000000000000E-01    1.905103100263226E-02    0.000000000000000E+00
    9.250000000000002E-01    1.905103100263225E-02    0.000000000000000E+00
    9.375000000000001E-01    1.905103100263226E-02    0.000000000000000E+00
    9.500000000000001E-01    1.905103100263226E-02    0.000000000000000E+00
    9.625000000000000E-01    1.905103100263225E-02    0.000000000000000E+00
    9.750000000000001E-01    1.905103100263226E-02    0.000000000000000E+00
    9.875000000000000E-01    1.905103100263225E-02    0.000000000000000E+00
    1.000000000000000E+00    1.905103100263226E-02    0.000000000000000E+00
    7.375000000000000E-01    2.140912407002859E-02    0.000000000000000E+00
    7.500000000000000E-01    2.140912407002859E-02    0.000000000000000E+00
    7.625000000000000E-01    2.140912407002859E-02    0.000000000000000E+00
    7.749999999999999E-01    2.140912407002859E-02    0.000000000000000E+00
    7.875000000000001E-01    2.140912407002859E-02    0.000000000000000E+00
    7.999999999999999E-01    2.140912407002859E-02    0.000000000000000E+00
    8.124999999999999E-01    2.140912407002859E-02    0.000000000000000E+00
    8.249999999999998E-01    2.140912407002859E-02    0.000000000000000E+00
    8.374999999999999E-01    2.140912407002858E-02    0.000000000000000E+00
    8.500000000000001E-01    2.140912407002859E-02    0.000000000000000E+00
    8.625000000000000E-01    2.140912407002858E-02    0.000000000000000E+00
    8.750000000000000E-01    2.140912407002858E-02    0.000000000000000E+00
    8.875000000000000E-01    2.140912407002859E-02    0.000000000000000E+00
    8.999999999999999E-01    2.140912407002859E-02    0.000000000000000E+00
    9.125000000000002E-01    2.140912407002859E-02    0.000000000000000E+00
    9.250000000000002E-01    2.140912407002859E-02    0.000000000000000E+00
    9.374999999999999E-01    2.140912407002858E-02    0.000000000000000E+00
    9.500000000000001E-01    2.140912407002859E-02    0.000000000000000E+00
    9.624999999999998E-01    2.140912407002859E-02    0.000000000000000E+00
    9.750000000000001E-01    2.140912407002859E-02    0.000000000000000E+00
    9.875000000000000E-01    2.140912407002859E-02    0.000000000000000E+00
    1.000000000000000E+00    2.140912407002859E-02    0.000000000000000E+00
    7.375000000000000E-01    2.405909645428368E-02    0.000000000000000E+00
    7.500000000000000E-01    2.405909645428369E-02    0.000000000000000E+00
    7.625000000000000E-01    2.405909645428368E-02    0.000000000000000E+00
    7.749999999999999E-01    2.405909645428369E-02    0.000000000000000E+00
    7.875000000000001E-01    2.405909645428369E-02    0.000000000000000E+00
    7.999999999999999E-01    2.405909645428369E-02    0.000000000000000E+00
    8.124999999999999E-01    2.405909645428369E-02    0.000000000000000E+00
    8.249999999999998E-01    2.405909645428369E-02    0.000000000000000E+00
    8.375000000000001E-01    2.405909645428369E-02    0.000000000000000E+00
    8.500000000000003E-01    2.405909645428369E-02    0.000000000000000E+00
    8.625000000000000E-01    2.405909645428369E-02    0.000000000000000E+00
    8.750000000000000E-01    2.405909645428369E-02    0.000000000000000E+00
    8.875000000000000E-01    2.405909645428369E-02    0.000000000000000E+00
    8.999999999999999E-01    2.405909645428369E-02    0.000000000000000E+00
    9.125000000000002E-01    2.405909645428369E-02    0.000000000000000E+00
    9.250000000000002E-01    2.405909645428369E-02    0.000000000000000E+00
    9.375000000000001E-01    2.405909645428369E-02    0.000000000000000E+00
    9.500000000000001E-01    2.405909645428369E-02    0.000000000000000E+00
    9.625000000000000E-01    2.405909645428369E-02    0.000000000000000E+00
    9.750000000000001E-01    2.405909645428369E-02    0.000000000000000E+00
    9.875000000000000E-01    2.405909645428369E-02    0.000000000000000E+00
    1.000000000000000E+00    2.405909645428369E-02    0.000000000000000E+00
    7.375000000000000E-01    2.703707630929489E-02    0.000000000000000E+00
    7.500000000000000E-01    2.703707630929489E-02    0.000000000000000E+00
    7.625000000000000E-01    2.703707630929490E-02    0.000000000000000E+00
    7.749999999999999E-01    2.703707630929489E-02    0.000000000000000E+00
    7.875000000000001E-01    2.703707630929489E-02    0.000000000000000E+00
    7.999999999999999E-01    2.703707630929489E-02    0.000000000000000E+00
    8.124999999999999E-01    2.703707630929489E-02    0.000000000000000E+00
    8.249999999999998E-01    2.703707630929489E-02    0.000000000000000E+00
    8.374999999999997E-01    2.703707630929490E-02    0.000000000000000E+00
    8.500000000000001E-01    2.703707630929490E-02    0.000000000000000E+00
    8.625000000000000E-01    2.703707630929489E-02    0.000000000000000E+00
    8.750000000000000E-01    2.703707630929489E-02    0.000000000000000E+00
    8.875000000000000E-01    2.703707630929489E-02    0.000000000000000E+00
    8.999999999999997E-01    2.703707630929490E-02    0.000000000000000E+00
    9.125000000000002E-01    2.703707630929489E-02    0.000000000000000E+00
    9.249999999999999E-01    2.703707630929489E-02    0.000000000000000E+00
    9.375000000000001E-01    2.703707630929489E-02    0.000000000000000E+00
    9.500000000000001E-01    2.703707630929490E-02    0.000000000000000E+00
    9.624999999999998E-01    2.703707630929489E-02    0.000000000000000E+00
    9.750000000000001E-01    2.703707630929489E-02    0.000000000000000E+00
    9.875000000000000E-01    2.703707630929489E-02    0.000000000000000E+00
    1.000000000000000E+00    2.703707630929489E-02    0.000000000000000E+00
    7.375000000000000E-01    3.038366364853582E-02    0.000000000000000E+00
    7.500000000000000E-01    3.038366364853582E-02    0.000000000000000E+00
    7.625000000000000E-01    3.038366364853582E-02    0.000000000000000E+00
    7.749999999999999E-01    3.038366364853582E-02    0.000000000000000E+00
    7.875000000000001E-01    3.038366364853582E-02    0.000000000000000E+00
    7.999999999999999E-01    3.038366364853582E-02    0.000000000000000E+00
    8.124999999999999E-01    3.038366364853582E-02    0.000000000000000E+00
    8.249999999999998E-01    3.038366364853581E-02    0.000000000000000E+00
    8.374999999999999E-01    3.038366364853582E-02    0.000000000000000E+00
    8.500000000000001E-01    3.038366364853582E-02    0.000000000000000E+00
    8.625000000000000E-01    3.038366364853582E-02    0.000000000000000E+00
    8.749999999999998E-01    3.038366364853583E-02    0.000000000000000E+00
    8.874999999999997E-01    3.038366364853582E-02    0.000000000000000E+00
    8.999999999999999E-01    3.038366364853582E-02    0.000000000000000E+00
    9.125000000000002E-01    3.038366364853582E-02    0.000000000000000E+00
    9.250000000000002E-01    3.038366364853582E-02    0.000000000000000E+00
    9.375000000000001E-01    3.038366364853581E-02    0.000000000000000E+00
    9.499999999999998E-01    3.038366364853582E-02    0.000000000000000E+00
    9.625000000000000E-01    3.038366364853582E-02    0.000000000000000E+00
    9.750000000000001E-01    3.038366364853582E-02    0.000000000000000E+00
    9.875000000000000E-01    3.038366364853582E-02    0.000000000000000E+00
    1.000000000000000E+00    3.038366364853582E-02    0.000000000000000E+00
    7.375000000000000E-01    3.414448386159217E-02    0.000000000000000E+00
    7.500000000000000E-01    3.414448386159217E-02    0.000000000000000E+00
    7.625000000000000E-01    3.414448386159217E-02    0.000000000000000E+00
    7.749999999999999E-01    3.414448386159217E-02    0.000000000000000E+00
    7.875000000000001E-01    3.414448386159217E-02    0.000000000000000E+00
    7.999999999999999E-01    3.414448386159217E-02    0.000000000000000E+00
    8.124999999999999E-01    3.414448386159217E-02    0.000000000000000E+00
    8.249999999999998E-01    3.414448386159217E-02    0.000000000000000E+00
    8.374999999999999E-01    3.414448386159217E-02    0.000000000000000E+00
    8.500000000000001E-01    3.414448386159217E-02    0.000000000000000E+00
    8.624999999999998E-01    3.414448386159217E-02    0.000000000000000E+00
    8.749999999999998E-01    3.414448386159217E-02    0.000000000000000E+00
    8.875000000000000E-01    3.414448386159216E-02    0.000000000000000E+00
    8.999999999999999E-01    3.414448386159217E-02    0.000000000000000E+00
    9.125000000000002E-01    3.414448386159217E-02    0.000000000000000E+00
    9.249999999999999E-01    3.414448386159218E-02    0.000000000000000E+00
    9.375000000000001E-01    3.414448386159217E-02    0.000000000000000E+00
    9.500000000000001E-01    3.414448386159217E-02    0.000000000000000E+00
    9.625000000000000E-01    3.414448386159217E-02    0.000000000000000E+00
    9.750000000000001E-01    3.414448386159218E-02    0.000000000000000E+00
    9.875000000000000E-01    3.414448386159217E-02    0.000000000000000E+00
    1.000000000000000E+00    3.414448386159217E-02    0.000000000000000E+00
    7.375000000000000E-01    3.837080974369962E-02    0.000000000000000E+00
    7.500000000000000E-01    3.837080974369962E-02    0.000000000000000E+00
    7.625000000000000E-01    3.837080974369962E-02    0.000000000000000E+00
    7.749999999999999E-01    3.837080974369962E-02    0.000000000000000E+00
    7.875000000000001E-01    3.837080974369962E-02    0.000000000000000E+00
    7.999999999999999E-01    3.837080974369962E-02    0.000000000000000E+00
    8.124999999999999E-01    3.837080974369962E-02    0.000000000000000E+00
    8.249999999999998E-01    3.837080974369962E-02    0.000000000000000E+00
    8.374999999999999E-01    3.837080974369962E-02    0.000000000000000E+00
    8.500000000000001E-01    3.837080974369962E-02    0.000000000000000E+00
    8.625000000000000E-01    3.837080974369962E-02    0.000000000000000E+00
    8.750000000000000E-01    3.837080974369962E-02    0.000000000000000E+00
    8.875000000000000E-01    3.837080974369962E-02    0.000000000000000E+00
    8.999999999999999E-01    3.837080974369962E-02    0.000000000000000E+00
    9.125000000000002E-01    3.837080974369962E-02    0.000000000000000E+00
    9.250000000000002E-01    3.837080974369962E-02    0.000000000000000E+00
    9.375000000000001E-01    3.837080974369962E-02    0.000000000000000E+00
    9.500000000000001E-01    3.837080974369963E-02    0.000000000000000E+00
    9.625000000000000E-01    3.837080974369962E-02    0.000000000000000E+00
    9.750000000000001E-01    3.837080974369961E-02    0.000000000000000E+00
    9.875000000000000E-01    3.837080974369962E-02    0.000000000000000E+00
    1.000000000000000E+00    3.837080974369962E-02    0.000000000000000E+00
    7.375000000000000E-01    4.312026051866454E-02    0.000000000000000E+00
    7.500000000000000E-01    4.312026051866451E-02    0.000000000000000E+00
    7.625000000000000E-01    4.312026051866454E-02    0.000000000000000E+00
    7.749999999999999E-01    4.312026051866452E-02    0.000000000000000E+00
    7.875000000000001E-01    4.312026051866452E-02    0.000000000000000E+00
    7.999999999999999E-01    4.312026051866453E-02    0.000000000000000E+00
    8.124999999999999E-01    4.312026051866453E-02    0.000000000000000E+00
    8.249999999999998E-01    4.312026051866454E-02    0.000000000000000E+00
    8.374999999999999E-01    4.312026051866454E-02    0.000000000000000E+00
    8.500000000000001E-01    4.312026051866454E-02    0.000000000000000E+00
    8.625000000000000E-01    4.312026051866451E-02    0.000000000000000E+00
    8.750000000000000E-01    4.312026051866454E-02    0.000000000000000E+00
    8.875000000000000E-01    4.312026051866453E-02    0.000000000000000E+00
    9.000000000000001E-01    4.312026051866453E-02    0.000000000000000E+00
    9.125000000000002E-01    4.312026051866453E-02    0.000000000000000E+00
    9.250000000000002E-01    4.312026051866454E-02    0.000000000000000E+00
    9.375000000000001E-01    4.312026051866453E-02    0.000000000000000E+00
    9.500000000000001E-01    4.312026051866453E-02    0.000000000000000E+00
    9.625000000000000E-01    4.312026051866452E-02    0.000000000000000E+00
    9.750000000000001E-01    4.312026051866452E-02    0.000000000000000E+00
    9.875000000000000E-01    4.312026051866453E-02    0.000000000000000E+00
    1.000000000000000E+00    4.312026051866453E-02    0.000000000000000E+00
    7.375000000000000E-01    4.845758738523372E-02    0.000000000000000E+00
    7.500000000000000E-01    4.845758738523373E-02    0.000000000000000E+00
    7.625000000000000E-01    4.845758738523373E-02    0.000000000000000E+00
    7.749999999999999E-01    4.845758738523373E-02    0.000000000000000E+00
    7.875000000000001E-01    4.845758738523372E-02    0.000000000000000E+00
    7.999999999999999E-01    4.845758738523373E-02    0.000000000000000E+00
    8.124999999999999E-01    4.845758738523373E-02    0.000000000000000E+00
    8.249999999999998E-01    4.845758738523373E-02    0.000000000000000E+00
    8.374999999999999E-01    4.845758738523373E-02    0.000000000000000E+00
    8.500000000000001E-01    4.845758738523373E-02    0.000000000000000E+00
    8.625000000000000E-01    4.845758738523374E-02    0.000000000000000E+00
    8.750000000000000E-01    4.845758738523373E-02    0.000000000000000E+00
    8.874999999999997E-01    4.845758738523374E-02    0.000000000000000E+00
    8.999999999999999E-01    4.845758738523373E-02    0.000000000000000E+00
    9.125000000000000E-01    4.845758738523374E-02    0.000000000000000E+00
    9.250000000000002E-01    4.845758738523374E-02    0.000000000000000E+00
    9.375000000000001E-01    4.845758738523373E-02    0.000000000000000E+00
    9.499999999999998E-01    4.845758738523373E-02    0.000000000000000E+00
    9.624999999999999E-01    4.845758738523373E-02    0.000000000000000E+00
    9.750000000000001E-01    4.845758738523374E-02    0.000000000000000E+00
    9.875000000000000E-01    4.845758738523372E-02    0.000000000000000E+00
    1.000000000000000E+00    4.845758738523373E-02    0.000000000000000E+00
    7.375000000000000E-01    5.445555629658525E-02    0.000000000000000E+00
    7.500000000000000E-01    5.445555629658528E-02    0.000000000000000E+00
    7.625000000000000E-01    5.445555629658527E-02    0.000000000000000E+00
    7.749999999999999E-01    5.445555629658527E-02    0.000000000000000E+00
    7.875000000000001E-01    5.445555629658525E-02    0.000000000000000E+00
    7.999999999999999E-01    5.445555629658528E-02    0.000000000000000E+00
    8.124999999999999E-01    5.445555629658526E-02    0.000000000000000E+00
    8.249999999999998E-01    5.445555629658527E-02    0.000000000000000E+00
    8.374999999999999E-01    5.445555629658527E-02    0.000000000000000E+00
    8.500000000000001E-01    5.445555629658527E-02    0.000000000000000E+00
    8.625000000000000E-01    5.445555629658527E-02    0.000000000000000E+00
    8.750000000000000E-01    5.445555629658527E-02    0.000000000000000E+00
    8.875000000000000E-01    5.445555629658527E-02    0.000000000000000E+00
    8.999999999999999E-01    5.445555629658526E-02    0.000000000000000E+00
    9.125000000000002E-01    5.445555629658525E-02    0.000000000000000E+00
    9.250000000000002E-01    5.445555629658527E-02    0.000000000000000E+00
    9.375000000000001E-01    5.445555629658527E-02    0.000000000000000E+00
    9.500000000000001E-01    5.445555629658527E-02    0.000000000000000E+00
    9.624999999999999E-01    5.445555629658526E-02    0.000000000000000E+00
    9.750000000000001E-01    5.445555629658528E-02    0.000000000000000E+00
    9.875000000000000E-01    5.445555629658526E-02    0.000000000000000E+00
    1.000000000000000E+00    5.445555629658527E-02    0.000000000000000E+00
    7.375000000000000E-01    6.119594000823497E-02    0.000000000000000E+00
    7.500000000000000E-01    6.119594000823497E-02    0.000000000000000E+00
    7.625000000000000E-01    6.119594000823498E-02    0.000000000000000E+00
    7.749999999999999E-01    6.119594000823496E-02    0.000000000000000E+00
    7.875000000000001E-01    6.119594000823497E-02    0.000000000000000E+00
    7.999999999999999E-01    6.119594000823497E-02    0.000000000000000E+00
    8.124999999999999E-01    6.119594000823497E-02    0.000000000000000E+00
    8.249999999999998E-01    6.119594000823497E-02    0.000000000000000E+00
    8.374999999999999E-01    6.119594000823499E-02    0.000000000000000E+00
    8.500000000000001E-01    6.119594000823497E-02    0.000000000000000E+00
    8.625000000000000E-01    6.119594000823497E-02    0.000000000000000E+00
    8.750000000000000E-01    6.119594000823497E-02    0.000000000000000E+00
    8.875000000000000E-01    6.119594000823498E-02    0.000000000000000E+00
    8.999999999999999E-01    6.119594000823497E-02    0.000000000000000E+00
    9.125000000000002E-01    6.119594000823497E-02    0.000000000000000E+00
    9.250000000000002E-01    6.119594000823497E-02    0.000000000000000E+00
    9.375000000000001E-01    6.119594000823499E-02    0.000000000000000E+00
    9.500000000000001E-01    6.119594000823497E-02    0.000000000000000E+00
    9.624999999999999E-01    6.119594000823497E-02    0.000000000000000E+00
    9.750000000000001E-01    6.119594000823497E-02    0.000000000000000E+00
    9.875000000000000E-01    6.119594000823499E-02    0.000000000000000E+00
    1.000000000000000E+00    6.119594000823497E-02    0.000000000000000E+00
    7.375000000000000E-01    6.877063291935055E-02    0.000000000000000E+00
    7.500000000000000E-01    6.877063291935055E-02    0.000000000000000E+00
    7.625000000000000E-01    6.877063291935055E-02    0.000000000000000E+00
    7.749999999999998E-01    6.877063291935055E-02    0.000000000000000E+00
    7.875000000000001E-01    6.877063291935057E-02    0.000000000000000E+00
    7.999999999999999E-01    6.877063291935055E-02    0.000000000000000E+00
    8.124999999999999E-01    6.877063291935055E-02    0.000000000000000E+00
    8.250000000000000E-01    6.877063291935054E-02    0.000000000000000E+00
    8.374999999999999E-01    6.877063291935055E-02    0.000000000000000E+00
    8.500000000000001E-01    6.877063291935055E-02    0.000000000000000E+00
    8.625000000000000E-01    6.877063291935055E-02    0.000000000000000E+00
    8.750000000000000E-01    6.877063291935055E-02    0.000000000000000E+00
    8.875000000000000E-01    6.877063291935055E-02    0.000000000000000E+00
    8.999999999999999E-01    6.877063291935055E-02    0.000000000000000E+00
    9.125000000000002E-01    6.877063291935052E-02    0.000000000000000E+00
    9.250000000000002E-01    6.877063291935052E-02    0.000000000000000E+00
    9.375000000000001E-01    6.877063291935052E-02    0.000000000000000E+00
    9.500000000000001E-01    6.877063291935052E-02    0.000000000000000E+00
    9.624999999999999E-01    6.877063291935052E-02    0.000000000000000E+00
    9.750000000000001E-01    6.877063291935055E-02    0.000000000000000E+00
    9.875000000000000E-01    6.877063291935055E-02    0.000000000000000E+00
    1.000000000000000E+00    6.877063291935055E-02    0.000000000000000E+00
    7.375000000000000E-01    7.728290390656059E-02    0.000000000000000E+00
    7.500000000000000E-01    7.728290390656059E-02    0.000000000000000E+00
    7.625000000000000E-01    7.728290390656059E-02    0.000000000000000E+00
    7.750000000000000E-01    7.728290390656059E-02    0.000000000000000E+00
    7.875000000000001E-01    7.728290390656059E-02    0.000000000000000E+00
    8.000000000000002E-01    7.728290390656062E-02    0.000000000000000E+00
    8.124999999999999E-01    7.728290390656059E-02    0.000000000000000E+00
    8.250000000000000E-01    7.728290390656059E-02    0.000000000000000E+00
    8.375000000000001E-01    7.728290390656059E-02    0.000000000000000E+00
    8.500000000000001E-01    7.728290390656058E-02    0.000000000000000E+00
    8.625000000000003E-01    7.728290390656058E-02    0.000000000000000E+00
    8.750000000000000E-01    7.728290390656062E-02    0.000000000000000E+00
    8.875000000000000E-01    7.728290390656058E-02    0.000000000000000E+00
    9.000000000000001E-01    7.728290390656060E-02    0.000000000000000E+00
    9.125000000000002E-01    7.728290390656056E-02    0.000000000000000E+00
    9.250000000000002E-01    7.728290390656059E-02    0.000000000000000E+00
    9.375000000000001E-01    7.728290390656059E-02    0.000000000000000E+00
    9.500000000000001E-01    7.728290390656059E-02    0.000000000000000E+00
    9.624999999999999E-01    7.728290390656059E-02    0.000000000000000E+00
    9.750000000000001E-01    7.728290390656059E-02    0.000000000000000E+00
    9.875000000000000E-01    7.728290390656059E-02    0.000000000000000E+00
    1.000000000000000E+00    7.728290390656059E-02    0.000000000000000E+00
    7.375000000000000E-01    8.684880423065137E-02    0.000000000000000E+00
    7.500000000000000E-01    8.684880423065140E-02    0.000000000000000E+00
    7.625000000000000E-01    8.684880423065143E-02    0.000000000000000E+00
    7.749999999999998E-01    8.684880423065140E-02    0.000000000000000E+00
    7.875000000000001E-01    8.684880423065139E-02    0.000000000000000E+00
    7.999999999999999E-01    8.684880423065139E-02    0.000000000000000E+00
    8.124999999999999E-01    8.684880423065142E-02    0.000000000000000E+00
    8.250000000000000E-01    8.684880423065142E-02    0.000000000000000E+00
    8.375000000000001E-01    8.684880423065139E-02    0.000000000000000E+00
    8.500000000000001E-01    8.684880423065139E-02    0.000000000000000E+00
    8.625000000000000E-01    8.684880423065140E-02    0.000000000000000E+00
    8.750000000000000E-01    8.684880423065143E-02    0.000000000000000E+00
    8.875000000000002E-01    8.684880423065140E-02    0.000000000000000E+00
    8.999999999999999E-01    8.684880423065142E-02    0.000000000000000E+00
    9.125000000000002E-01    8.684880423065140E-02    0.000000000000000E+00
    9.250000000000002E-01    8.684880423065140E-02    0.000000000000000E+00
    9.375000000000001E-01    8.684880423065142E-02    0.000000000000000E+00
    9.500000000000001E-01    8.684880423065137E-02    0.000000000000000E+00
    9.624999999999999E-01    8.684880423065139E-02    0.000000000000000E+00
    9.750000000000001E-01    8.684880423065139E-02    0.000000000000000E+00
    9.875000000000000E-01    8.684880423065140E-02    0.000000000000000E+00
    1.000000000000000E+00    8.684880423065140E-02    0.000000000000000E+00
    7.375000000000000E-01    9.759874971071994E-02    0.000000000000000E+00
    7.500000000000000E-01    9.759874971071994E-02    0.000000000000000E+00
    7.625000000000000E-01    9.759874971071994E-02    0.000000000000000E+00
    7.749999999999998E-01    9.759874971071994E-02    0.000000000000000E+00
    7.875000000000001E-01    9.759874971071994E-02    0.000000000000000E+00
    8.000000000000002E-01    9.759874971071994E-02    0.000000000000000E+00
    8.124999999999999E-01    9.759874971071994E-02    0.000000000000000E+00
    8.250000000000000E-01    9.759874971071994E-02    0.000000000000000E+00
    8.374999999999999E-01    9.759874971071994E-02    0.000000000000000E+00
    8.500000000000003E-01    9.759874971071994E-02    0.000000000000000E+00
    8.625000000000000E-01    9.759874971071993E-02    0.000000000000000E+00
    8.750000000000000E-01    9.759874971071991E-02    0.000000000000000E+00
    8.875000000000000E-01    9.759874971071994E-02    0.000000000000000E+00
    9.000000000000000E-01    9.759874971071997E-02    0.000000000000000E+00
    9.125000000000002E-01    9.759874971071991E-02    0.000000000000000E+00
    9.250000000000002E-01    9.759874971071994E-02    0.000000000000000E+00
    9.375000000000001E-01    9.759874971071997E-02    0.000000000000000E+00
    9.500000000000001E-01    9.759874971071994E-02    0.000000000000000E+00
    9.624999999999999E-01    9.759874971071993E-02    0.000000000000000E+00
    9.750000000000001E-01    9.759874971071995E-02    0.000000000000000E+00
    9.875000000000000E-01    9.759874971071994E-02    0.000000000000000E+00
    1.000000000000000E+00    9.759874971071994E-02    0.000000000000000E+00
    7.375000000000000E-01    1.096792987362043E-01    0.000000000000000E+00
    7.500000000000000E-01    1.096792987362043E-01    0.000000000000000E+00
    7.625000000000000E-01    1.096792987362043E-01    0.000000000000000E+00
    7.749999999999998E-01    1.096792987362043E-01    0.000000000000000E+00
    7.875000000000001E-01    1.096792987362043E-01    0.000000000000000E+00
    7.999999999999999E-01    1.096792987362043E-01    0.000000000000000E+00
    8.124999999999999E-01    1.096792987362043E-01    0.000000000000000E+00
    8.250000000000000E-01    1.096792987362043E-01    0.000000000000000E+00
    8.374999999999999E-01    1.096792987362043E-01    0.000000000000000E+00
    8.500000000000001E-01    1.096792987362043E-01    0.000000000000000E+00
    8.625000000000000E-01    1.096792987362043E-01    0.000000000000000E+00
    8.750000000000000E-01    1.096792987362043E-01    0.000000000000000E+00
    8.875000000000000E-01    1.096792987362043E-01    0.000000000000000E+00
    9.000000000000000E-01    1.096792987362043E-01    0.000000000000000E+00
    9.125000000000000E-01    1.096792987362043E-01    0.000000000000000E+00
    9.250000000000002E-01    1.096792987362043E-01    0.000000000000000E+00
    9.375000000000001E-01    1.096792987362043E-01    0.000000000000000E+00
    9.499999999999998E-01    1.096792987362043E-01    0.000000000000000E+00
    9.624999999999999E-01    1.096792987362043E-01    0.000000000000000E+00
    9.750000000000001E-01    1.096792987362043E-01    0.000000000000000E+00
    9.875000000000000E-01    1.096792987362043E-01    0.000000000000000E+00
    1.000000000000000E+00    1.096792987362043E-01    0.000000000000000E+00
    7.375000000000000E-01    1.232551503571595E-01    0.000000000000000E+00
    7.500000000000000E-01    1.232551503571595E-01    0.000000000000000E+00
    7.625000000000000E-01    1.232551503571595E-01    0.000000000000000E+00
    7.749999999999998E-01    1.232551503571595E-01    0.000000000000000E+00
    7.875000000000001E-01    1.232551503571595E-01    0.000000000000000E+00
    7.999999999999999E-01    1.232551503571595E-01    0.000000000000000E+00
    8.124999999999999E-01    1.232551503571595E-01    0.000000000000000E+00
    8.250000000000000E-01    1.232551503571595E-01    0.000000000000000E+00
    8.374999999999999E-01    1.232551503571595E-01    0.000000000000000E+00
    8.500000000000001E-01    1.232551503571595E-01    0.000000000000000E+00
    8.625000000000000E-01    1.232551503571595E-01    0.000000000000000E+00
    8.750000000000000E-01    1.232551503571595E-01    0.000000000000000E+00
    8.875000000000000E-01    1.232551503571595E-01    0.000000000000000E+00
    9.000000000000000E-01    1.232551503571595E-01    0.000000000000000E+00
    9.125000000000002E-01    1.232551503571595E-01    0.000000000000000E+00
    9.250000000000002E-01    1.232551503571595E-01    0.000000000000000E+00
    9.375000000000001E-01    1.232551503571595E-01    0.000000000000000E+00
    9.500000000000001E-01    1.232551503571595E-01    0.000000000000000E+00
    9.624999999999999E-01    1.232551503571595E-01    0.000000000000000E+00
    9.750000000000001E-01    1.232551503571595E-01    0.000000000000000E+00
    9.875000000000000E-01    1.232551503571595E-01    0.000000000000000E+00
    1.000000000000000E+00    1.232551503571595E-01    0.000000000000000E+00
    7.375000000000000E-01    1.385113896935527E-01    0.000000000000000E+00
    7.500000000000000E-01    1.385113896935527E-01    0.000000000000000E+00
    7.625000000000000E-01    1.385113896935527E-01    0.000000000000000E+00
    7.749999999999998E-01    1.385113896935527E-01    0.000000000000000E+00
    7.875000000000001E-01    1.385113896935527E-01    0.000000000000000E+00
    7.999999999999999E-01    1.385113896935527E-01    0.000000000000000E+00
    8.124999999999999E-01    1.385113896935527E-01    0.000000000000000E+00
    8.250000000000000E-01    1.385113896935527E-01    0.000000000000000E+00
    8.374999999999999E-01    1.385113896935527E-01    0.000000000000000E+00
    8.500000000000001E-01    1.385113896935527E-01    0.000000000000000E+00
    8.624999999999998E-01    1.385113896935527E-01    0.000000000000000E+00
    8.750000000000000E-01    1.385113896935527E-01    0.000000000000000E+00
    8.875000000000000E-01    1.385113896935527E-01    0.000000000000000E+00
    9.000000000000000E-01    1.385113896935527E-01    0.000000000000000E+00
    9.125000000000002E-01    1.385113896935526E-01    0.000000000000000E+00
    9.250000000000002E-01    1.385113896935526E-01    0.000000000000000E+00
    9.374999999999999E-01    1.385113896935527E-01    0.000000000000000E+00
    9.500000000000001E-01    1.385113896935527E-01    0.000000000000000E+00
    9.624999999999999E-01    1.385113896935526E-01    0.000000000000000E+00
    9.750000000000001E-01    1.385113896935527E-01    0.000000000000000E+00
    9.875000000000000E-01    1.385113896935527E-01    0.000000000000000E+00
    1.000000000000000E+00    1.385113896935527E-01    0.000000000000000E+00
    7.375000000000000E-01    1.556560112761635E-01    0.000000000000000E+00
    7.500000000000000E-01    1.556560112761635E-01    0.000000000000000E+00
    7.625000000000000E-01    1.556560112761634E-01    0.000000000000000E+00
    7.749999999999998E-01    1.556560112761635E-01    0.000000000000000E+00
    7.875000000000001E-01    1.556560112761635E-01    0.000000000000000E+00
    7.999999999999999E-01    1.556560112761635E-01    0.000000000000000E+00
    8.124999999999999E-01    1.556560112761635E-01    0.000000000000000E+00
    8.250000000000000E-01    1.556560112761635E-01    0.000000000000000E+00
    8.374999999999999E-01    1.556560112761635E-01    0.000000000000000E+00
    8.500000000000001E-01    1.556560112761635E-01    0.000000000000000E+00
    8.625000000000000E-01    1.556560112761635E-01    0.000000000000000E+00
    8.750000000000000E-01    1.556560112761635E-01    0.000000000000000E+00
    8.875000000000000E-01    1.556560112761635E-01    0.000000000000000E+00
    9.000000000000000E-01    1.556560112761635E-01    0.000000000000000E+00
    9.125000000000002E-01    1.556560112761634E-01    0.000000000000000E+00
    9.250000000000002E-01    1.556560112761635E-01    0.000000000000000E+00
    9.375000000000001E-01    1.556560112761635E-01    0.000000000000000E+00
    9.500000000000000E-01    1.556560112761634E-01    0.000000000000000E+00
    9.624999999999999E-01    1.556560112761635E-01    0.000000000000000E+00
    9.750000000000001E-01    1.556560112761635E-01    0.000000000000000E+00
    9.875000000000000E-01    1.556560112761634E-01    0.000000000000000E+00
    1.000000000000000E+00    1.556560112761635E-01    0.000000000000000E+00
    7.375000000000000E-01    1.749227547208189E-01    0.000000000000000E+00
    7.500000000000000E-01    1.749227547208189E-01    0.000000000000000E+00
    7.625000000000000E-01    1.749227547208189E-01    0.000000000000000E+00
    7.749999999999998E-01    1.749227547208189E-01    0.000000000000000E+00
    7.875000000000001E-01    1.749227547208189E-01    0.000000000000000E+00
    7.999999999999999E-01    1.749227547208189E-01    0.000000000000000E+00
    8.124999999999999E-01    1.749227547208190E-01    0.000000000000000E+00
    8.250000000000000E-01    1.749227547208189E-01    0.000000000000000E+00
    8.374999999999999E-01    1.749227547208190E-01    0.000000000000000E+00
    8.500000000000001E-01    1.749227547208189E-01    0.000000000000000E+00
    8.625000000000000E-01    1.749227547208189E-01    0.000000000000000E+00
    8.750000000000000E-01    1.749227547208189E-01    0.000000000000000E+00
    8.875000000000001E-01    1.749227547208189E-01    0.000000000000000E+00
    9.000000000000000E-01    1.749227547208189E-01    0.000000000000000E+00
    9.125000000000002E-01    1.749227547208189E-01    0.000000000000000E+00
    9.250000000000002E-01    1.749227547208190E-01    0.000000000000000E+00
    9.375000000000001E-01    1.749227547208189E-01    0.000000000000000E+00
    9.500000000000000E-01    1.749227547208189E-01    0.000000000000000E+00
    9.624999999999999E-01    1.749227547208189E-01    0.000000000000000E+00
    9.750000000000001E-01    1.749227547208189E-01    0.000000000000000E+00
    9.875000000000000E-01    1.749227547208189E-01    0.000000000000000E+00
    1.000000000000000E+00    1.749227547208189E-01    0.000000000000000E+00
    7.375000000000000E-01    1.965742913958730E-01    0.000000000000000E+00
    7.500000000000000E-01    1.965742913958730E-01    0.000000000000000E+00
    7.624999999999998E-01    1.965742913958730E-01    0.000000000000000E+00
    7.749999999999998E-01    1.965742913958730E-01    0.000000000000000E+00
    7.875000000000001E-01    1.965742913958730E-01    0.000000000000000E+00
    7.999999999999999E-01    1.965742913958729E-01    0.000000000000000E+00
    8.124999999999999E-01    1.965742913958730E-01    0.000000000000000E+00
    8.250000000000000E-01    1.965742913958730E-01    0.000000000000000E+00
    8.375000000000001E-01    1.965742913958730E-01    0.000000000000000E+00
    8.500000000000001E-01    1.965742913958729E-01    0.000000000000000E+00
    8.625000000000000E-01    1.965742913958730E-01    0.000000000000000E+00
    8.750000000000000E-01    1.965742913958730E-01    0.000000000000000E+00
    8.875000000000001E-01    1.965742913958729E-01    0.000000000000000E+00
    9.000000000000000E-01    1.965742913958730E-01    0.000000000000000E+00
    9.125000000000002E-01    1.965742913958730E-01    0.000000000000000E+00
    9.250000000000002E-01    1.965742913958730E-01    0.000000000000000E+00
    9.375000000000001E-01    1.965742913958730E-01    0.000000000000000E+00
    9.500000000000000E-01    1.965742913958730E-01    0.000000000000000E+00
    9.624999999999999E-01    1.965742913958729E-01    0.000000000000000E+00
    9.750000000000001E-01    1.965742913958730E-01    0.000000000000000E+00
    9.875000000000000E-01    1.965742913958730E-01    0.000000000000000E+00
    1.000000000000000E+00    1.965742913958730E-01    0.000000000000000E+00
    7.375000000000000E-01    2.209058055280585E-01    0.000000000000000E+00
    7.500000000000000E-01    2.209058055280585E-01    0.000000000000000E+00
    7.624999999999998E-01    2.209058055280585E-01    0.000000000000000E+00
    7.749999999999998E-01    2.209058055280584E-01    0.000000000000000E+00
    7.875000000000001E-01    2.209058055280585E-01    0.000000000000000E+00
    7.999999999999999E-01    2.209058055280585E-01    0.000000000000000E+00
    8.124999999999999E-01    2.209058055280585E-01    0.000000000000000E+00
    8.250000000000000E-01    2.209058055280585E-01    0.000000000000000E+00
    8.374999999999999E-01    2.209058055280584E-01    0.000000000000000E+00
    8.500000000000001E-01    2.209058055280584E-01    0.000000000000000E+00
    8.625000000000000E-01    2.209058055280585E-01    0.000000000000000E+00
    8.750000000000000E-01    2.209058055280585E-01    0.000000000000000E+00
    8.875000000000001E-01    2.209058055280584E-01    0.000000000000000E+00
    9.000000000000000E-01    2.209058055280585E-01    0.000000000000000E+00
    9.125000000000002E-01    2.209058055280584E-01    0.000000000000000E+00
    9.250000000000002E-01    2.209058055280585E-01    0.000000000000000E+00
    9.375000000000001E-01    2.209058055280584E-01    0.000000000000000E+00
    9.500000000000000E-01    2.209058055280585E-01    0.000000000000000E+00
    9.624999999999999E-01    2.209058055280585E-01    0.000000000000000E+00
    9.750000000000001E-01    2.209058055280585E-01    0.000000000000000E+00
    9.875000000000000E-01    2.209058055280585E-01    0.000000000000000E+00
    1.000000000000000E+00    2.209058055280585E-01    0.000000000000000E+00
    7.375000000000000E-01    2.482490185693984E-01    0.000000000000000E+00
    7.500000000000000E-01    2.482490185693984E-01    0.000000000000000E+00
    7.624999999999998E-01    2.482490185693984E-01    0.000000000000000E+00
    7.749999999999998E-01    2.482490185693983E-01    0.000000000000000E+00
    7.875000000000001E-01    2.482490185693983E-01    0.000000000000000E+00
    7.999999999999999E-01    2.482490185693983E-01    0.000000000000000E+00
    8.124999999999999E-01    2.482490185693984E-01    0.000000000000000E+00
    8.250000000000000E-01    2.482490185693984E-01    0.000000000000000E+00
    8.374999999999999E-01    2.482490185693984E-01    0.000000000000000E+00
    8.500000000000001E-01    2.482490185693984E-01    0.000000000000000E+00
    8.625000000000000E-01    2.482490185693984E-01    0.000000000000000E+00
    8.750000000000000E-01    2.482490185693984E-01    0.000000000000000E+00
    8.875000000000001E-01    2.482490185693984E-01    0.000000000000000E+00
    9.000000000000000E-01    2.482490185693983E-01    0.000000000000000E+00
    9.125000000000002E-01    2.482490185693984E-01    0.000000000000000E+00
    9.250000000000002E-01    2.482490185693984E-01    0.000000000000000E+00
    9.375000000000001E-01    2.482490185693984E-01    0.000000000000000E+00
    9.500000000000000E-01    2.482490185693984E-01    0.000000000000000E+00
    9.624999999999999E-01    2.482490185693984E-01    0.000000000000000E+00
    9.750000000000001E-01    2.482490185693984E-01    0.000000000000000E+00
    9.875000000000000E-01    2.482490185693984E-01    0.000000000000000E+00
    1.000000000000000E+00    2.482490185693984E-01    0.000000000000000E+00
    7.375000000000000E-01    2.789767116910015E-01    0.000000000000000E+00
    7.500000000000000E-01    2.789767116910015E-01    0.000000000000000E+00
    7.624999999999998E-01    2.789767116910015E-01    0.000000000000000E+00
    7.749999999999998E-01    2.789767116910015E-01    0.000000000000000E+00
    7.875000000000001E-01    2.789767116910015E-01    0.000000000000000E+00
    7.999999999999999E-01    2.789767116910015E-01    0.000000000000000E+00
    8.124999999999999E-01    2.789767116910015E-01    0.000000000000000E+00
    8.250000000000000E-01    2.789767116910015E-01    0.000000000000000E+00
    8.375000000000001E-01    2.789767116910015E-01    0.000000000000000E+00
    8.500000000000001E-01    2.789767116910016E-01    0.000000000000000E+00
    8.625000000000000E-01    2.789767116910016E-01    0.000000000000000E+00
    8.750000000000000E-01    2.789767116910015E-01    0.000000000000000E+00
    8.875000000000001E-01    2.789767116910016E-01    0.000000000000000E+00
    9.000000000000000E-01    2.789767116910016E-01    0.000000000000000E+00
    9.125000000000002E-01    2.789767116910015E-01    0.000000000000000E+00
    9.250000000000002E-01    2.789767116910014E-01    0.000000000000000E+00
    9.375000000000001E-01    2.789767116910015E-01    0.000000000000000E+00
    9.500000000000000E-01    2.789767116910015E-01    0.000000000000000E+00
    9.624999999999999E-01    2.789767116910015E-01    0.000000000000000E+00
    9.750000000000001E-01    2.789767116910015E-01    0.000000000000000E+00
    9.875000000000000E-01    2.789767116910015E-01    0.000000000000000E+00
    1.000000000000000E+00    2.789767116910015E-01    0.000000000000000E+00
    7.375000000000000E-01    3.135078080607480E-01    0.000000000000000E+00
    7.500000000000000E-01    3.135078080607480E-01    0.000000000000000E+00
    7.624999999999998E-01    3.135078080607480E-01    0.000000000000000E+00
    7.749999999999998E-01    3.135078080607480E-01    0.000000000000000E+00
    7.875000000000001E-01    3.135078080607480E-01    0.000000000000000E+00
    7.999999999999999E-01    3.135078080607480E-01    0.000000000000000E+00
    8.124999999999999E-01    3.135078080607480E-01    0.000000000000000E+00
    8.250000000000000E-01    3.135078080607481E-01    0.000000000000000E+00
    8.374999999999999E-01    3.135078080607481E-01    0.000000000000000E+00
    8.500000000000001E-01    3.135078080607480E-01    0.000000000000000E+00
    8.625000000000000E-01    3.135078080607480E-01    0.000000000000000E+00
    8.750000000000000E-01    3.135078080607480E-01    0.000000000000000E+00
    8.875000000000001E-01    3.135078080607480E-01    0.000000000000000E+00
    9.000000000000000E-01    3.135078080607481E-01    0.000000000000000E+00
    9.125000000000002E-01    3.135078080607480E-01    0.000000000000000E+00
    9.250000000000002E-01    3.135078080607480E-01    0.000000000000000E+00
    9.375000000000001E-01    3.135078080607480E-01    0.000000000000000E+00
    9.500000000000000E-01    3.135078080607480E-01    0.000000000000000E+00
    9.624999999999999E-01    3.135078080607481E-01    0.000000000000000E+00
    9.750000000000001E-01    3.135078080607480E-01    0.000000000000000E+00
    9.875000000000000E-01    3.135078080607480E-01    0.000000000000000E+00
    1.000000000000000E+00    3.135078080607480E-01    0.000000000000000E+00
    7.375000000000000E-01    3.523130841936341E-01    0.000000000000000E+00
    7.500000000000000E-01    3.523130841936342E-01    0.000000000000000E+00
    7.625000000000001E-01    3.523130841936340E-01    0.000000000000000E+00
    7.749999999999998E-01    3.523130841936342E-01    0.000000000000000E+00
    7.875000000000001E-01    3.523130841936341E-01    0.000000000000000E+00
    7.999999999999999E-01    3.523130841936341E-01    0.000000000000000E+00
    8.124999999999999E-01    3.523130841936340E-01    0.000000000000000E+00
    8.250000000000002E-01    3.523130841936341E-01    0.000000000000000E+00
    8.375000000000001E-01    3.523130841936341E-01    0.000000000000000E+00
    8.500000000000001E-01    3.523130841936341E-01    0.000000000000000E+00
    8.625000000000000E-01    3.523130841936341E-01    0.000000000000000E+00
    8.750000000000000E-01    3.523130841936341E-01    0.000000000000000E+00
    8.875000000000001E-01    3.523130841936342E-01    0.000000000000000E+00
    9.000000000000000E-01    3.523130841936342E-01    0.000000000000000E+00
    9.125000000000002E-01    3.523130841936341E-01    0.000000000000000E+00
    9.250000000000002E-01    3.523130841936340E-01    0.000000000000000E+00
    9.375000000000001E-01    3.523130841936341E-01    0.000000000000000E+00
    9.500000000000000E-01    3.523130841936341E-01    0.000000000000000E+00
    9.624999999999999E-01    3.523130841936341E-01    0.000000000000000E+00
    9.750000000000001E-01    3.523130841936341E-01    0.000000000000000E+00
    9.875000000000000E-01    3.523130841936341E-01    0.000000000000000E+00
    1.000000000000000E+00    3.523130841936341E-01    0.000000000000000E+00
    7.375000000000000E-01    3.959215882399302E-01    0.000000000000000E+00
    7.500000000000000E-01    3.959215882399302E-01    0.000000000000000E+00
    7.624999999999998E-01    3.959215882399301E-01    0.000000000000000E+00
    7.749999999999998E-01    3.959215882399301E-01    0.000000000000000E+00
    7.875000000000001E-01    3.959215882399301E-01    0.000000000000000E+00
    7.999999999999999E-01    3.959215882399301E-01    0.000000000000000E+00
    8.124999999999999E-01    3.959215882399302E-01    0.000000000000000E+00
    8.250000000000002E-01    3.959215882399300E-01    0.000000000000000E+00
    8.374999999999999E-01    3.959215882399300E-01    0.000000000000000E+00
    8.500000000000001E-01    3.959215882399301E-01    0.000000000000000E+00
    8.625000000000000E-01    3.959215882399301E-01    0.000000000000000E+00
    8.750000000000000E-01    3.959215882399301E-01    0.000000000000000E+00
    8.875000000000001E-01    3.959215882399302E-01    0.000000000000000E+00
    9.000000000000000E-01    3.959215882399302E-01    0.000000000000000E+00
    9.125000000000002E-01    3.959215882399301E-01    0.000000000000000E+00
    9.250000000000002E-01    3.959215882399301E-01    0.000000000000000E+00
    9.375000000000001E-01    3.959215882399301E-01    0.000000000000000E+00
    9.500000000000000E-01    3.959215882399301E-01    0.000000000000000E+00
    9.624999999999999E-01    3.959215882399301E-01    0.000000000000000E+00
    9.750000000000001E-01    3.959215882399301E-01    0.000000000000000E+00
    9.875000000000000E-01    3.959215882399301E-01    0.000000000000000E+00
    1.000000000000000E+00    3.959215882399301E-01    0.000000000000000E+00
    7.375000000000000E-01    4.449278527143085E-01    0.000000000000000E+00
    7.500000000000000E-01    4.449278527143085E-01    0.000000000000000E+00
    7.625000000000001E-01    4.449278527143085E-01    0.000000000000000E+00
    7.750000000000001E-01    4.449278527143085E-01    0.000000000000000E+00
    7.875000000000001E-01    4.449278527143085E-01    0.000000000000000E+00
    7.999999999999999E-01    4.449278527143085E-01    0.000000000000000E+00
    8.124999999999999E-01    4.449278527143084E-01    0.000000000000000E+00
    8.250000000000002E-01    4.449278527143085E-01    0.000000000000000E+00
    8.375000000000001E-01    4.449278527143084E-01    0.000000000000000E+00
    8.500000000000001E-01    4.449278527143085E-01    0.000000000000000E+00
    8.625000000000000E-01    4.449278527143084E-01    0.000000000000000E+00
    8.750000000000000E-01    4.449278527143086E-01    0.000000000000000E+00
    8.875000000000001E-01    4.449278527143084E-01    0.000000000000000E+00
    9.000000000000000E-01    4.449278527143086E-01    0.000000000000000E+00
    9.125000000000002E-01    4.449278527143085E-01    0.000000000000000E+00
    9.250000000000002E-01    4.449278527143086E-01    0.000000000000000E+00
    9.375000000000001E-01    4.449278527143085E-01    0.000000000000000E+00
    9.500000000000000E-01    4.449278527143086E-01    0.000000000000000E+00
    9.624999999999999E-01    4.449278527143085E-01    0.000000000000000E+00
    9.750000000000001E-01    4.449278527143086E-01    0.000000000000000E+00
    9.875000000000000E-01    4.449278527143085E-01    0.000000000000000E+00
    1.000000000000000E+00    4.449278527143085E-01    0.000000000000000E+00
    7.375000000000000E-01    5.000000000000000E-01    0.000000000000000E+00
    7.500000000000000E-01    5.000000000000000E-01    0.000000000000000E+00
    7.625000000000000E-01    5.000000000000000E-01    0.000000000000000E+00
    7.750000000000001E-01    5.000000000000000E-01    0.000000000000000E+00
    7.875000000000001E-01    5.000000000000000E-01    0.000000000000000E+00
    8.000000000000000E-01    5.000000000000000E-01    0.000000000000000E+00
    8.125000000000000E-01    5.000000000000000E-01    0.000000000000000E+00
    8.250000000000000E-01    5.000000000000000E-01    0.000000000000000E+00
    8.375000000000001E-01    5.000000000000000E-01    0.000000000000000E+00
    8.499999999999999E-01    5.000000000000000E-01    0.000000000000000E+00
    8.625000000000000E-01    5.000000000000000E-01    0.000000000000000E+00
    8.750000000000000E-01    5.000000000000000E-01    0.000000000000000E+00
    8.875000000000000E-01    5.000000000000000E-01    0.000000000000000E+00
    9.000000000000001E-01    5.000000000000000E-01    0.000000000000000E+00
    9.124999999999999E-01    5.000000000000000E-01    0.000000000000000E+00
    9.250000000000000E-01    5.000000000000000E-01    0.000000000000000E+00
    9.375000000000000E-01    5.000000000000000E-01    0.000000000000000E+00
    9.500000000000000E-01    5.000000000000000E-01    0.000000000000000E+00
    9.625000000000001E-01    5.000000000000000E-01    0.000000000000000E+00
    9.749999999999999E-01    5.000000000000000E-01    0.000000000000000E+00
    9.875000000000000E-01    5.000000000000000E-01    0.000000000000000E+00
    1.000000000000000E+00    5.000000000000000E-01    0.000000000000000E+00
    7.375000000000000E-01    0.000000000000000E+00    5.000000000000000E-01
    7.500000000000000E-01    0.000000000000000E+00    5.000000000000000E-01
    7.625000000000000E-01    0.000000000000000E+00    5.000000000000000E-01
    7.749999999999999E-01    0.000000000000000E+00    5.000000000000000E-01
    7.875000000000001E-01    0.000000000000000E+00    5.000000000000000E-01
    8.000000000000000E-01    0.000000000000000E+00    5.000000000000000E-01
    8.125000000000000E-01    0.000000000000000E+00    5.000000000000000E-01
    8.250000000000000E-01    0.000000000000000E+00    5.000000000000000E-01
    8.374999999999999E-01    0.000000000000000E+00    5.000000000000000E-01
    8.500000000000001E-01    0.000000000000000E+00    5.000000000000000E-01
    8.625000000000000E-01    0.000000000000000E+00    5.000000000000000E-01
    8.750000000000000E-01    0.000000000000000E+00    5.000000000000000E-01
    8.875000000000000E-01    0.000000000000000E+00    5.000000000000000E-01
    8.999999999999999E-01    0.000000000000000E+00    5.000000000000000E-01
    9.125000000000001E-01    0.000000000000000E+00    5.000000000000000E-01
    9.250000000000000E-01    0.000000000000000E+00    5.000000000000000E-01
    9.375000000000000E-01    0.000000000000000E+00    5.000000000000000E-01
    9.500000000000000E-01    0.000000000000000E+00    5.000000000000000E-01
    9.624999999999999E-01    0.000000000000000E+00    5.000000000000000E-01
    9.750000000000001E-01    0.000000000000000E+00    5.000000000000000E-01
    9.875000000000000E-01    0.000000000000000E+00    5.000000000000000E-01
    1.000000000000000E+00    0.000000000000000E+00    5.000000000000000E-01
    7.375000000000000E-01    1.000000000000000E-06    5.000000000000000E-01
    7.500000000000000E-01    1.000000000000000E-06    5.000000000000000E-01
    7.625000000000000E-01    1.000000000000000E-06    5.000000000000000E-01
    7.749999999999999E-01    1.000000000000000E-06    5.000000000000000E-01
    7.875000000000001E-01    1.000000000000000E-06    5.000000000000000E-01
    8.000000000000002E-01    1.000000000000000E-06    5.000000000000000E-01
    8.124999999999999E-01    1.000000000000000E-06    5.000000000000000E-01
    8.249999999999998E-01    1.000000000000000E-06    5.000000000000000E-01
    8.375000000000001E-01    1.000000000000000E-06    5.000000000000000E-01
    8.500000000000001E-01    1.000000000000000E-06    5.000000000000000E-01
    8.625000000000000E-01    1.000000000000000E-06    5.000000000000000E-01
    8.750000000000002E-01    1.000000000000000E-06    5.000000000000000E-01
    8.875000000000000E-01    1.000000000000000E-06    5.000000000000000E-01
    9.000000000000001E-01    1.000000000000000E-06    5.000000000000000E-01
    9.125000000000002E-01    1.000000000000000E-06    5.000000000000000E-01
    9.250000000000002E-01    1.000000000000000E-06    5.000000000000000E-01
    9.375000000000001E-01    1.000000000000000E-06    5.000000000000000E-01
    9.500000000000001E-01    1.000000000000000E-06    5.000000000000000E-01
    9.625000000000000E-01    9.999999999999997E-07    5.000000000000000E-01
    9.750000000000001E-01    9.999999999999995E-07    5.000000000000000E-01
    9.875000000000000E-01    1.000000000000000E-06    5.000000000000000E-01
    1.000000000000000E+00    1.000000000000000E-06    5.000000000000000E-01
    7.375000000000000E-01    2.013633407695898E-06    5.000000000000000E-01
    7.500000000000000E-01    2.013633407695898E-06    5.000000000000000E-01
    7.625000000000000E-01    2.013633407695898E-06    5.000000000000000E-01
    7.749999999999999E-01    2.013633407695898E-06    5.000000000000000E-01
    7.875000000000001E-01    2.013633407695898E-06    5.000000000000000E-01
    8.000000000000002E-01    2.013633407695898E-06    5.000000000000000E-01
    8.124999999999999E-01    2.013633407695898E-06    5.000000000000000E-01
    8.249999999999998E-01    2.013633407695898E-06    5.000000000000000E-01
    8.374999999999999E-01    2.013633407695898E-06    5.000000000000000E-01
    8.500000000000003E-01    2.013633407695898E-06    5.000000000000000E-01
    8.625000000000000E-01    2.013633407695898E-06    5.000000000000000E-01
    8.750000000000000E-01    2.013633407695898E-06    5.000000000000000E-01
    8.875000000000000E-01    2.013633407695898E-06    5.000000000000000E-01
    8.999999999999999E-01    2.013633407695898E-06    5.000000000000000E-01
    9.125000000000002E-01    2.013633407695898E-06    5.000000000000000E-01
    9.250000000000002E-01    2.013633407695898E-06    5.000000000000000E-01
    9.375000000000001E-01    2.013633407695898E-06    5.000000000000000E-01
    9.500000000000001E-01    2.013633407695899E-06    5.000000000000000E-01
    9.625000000000000E-01    2.013633407695898E-06    5.000000000000000E-01
    9.750000000000001E-01    2.013633407695898E-06    5.000000000000000E-01
    9.875000000000000E-01    2.013633407695898E-06    5.000000000000000E-01
    1.000000000000000E+00    2.013633407695898E-06    5.000000000000000E-01
    7.375000000000000E-01    3.054719500588991E-06    5.000000000000000E-01
    7.500000000000000E-01    3.054719500588991E-06    5.000000000000000E-01
    7.625000000000000E-01    3.054719500588990E-06    5.000000000000000E-01
    7.749999999999999E-01    3.054719500588990E-06    5.000000000000000E-01
    7.875000000000001E-01    3.054719500588991E-06    5.000000000000000E-01
    8.000000000000002E-01    3.054719500588992E-06    5.000000000000000E-01
    8.124999999999999E-01    3.054719500588991E-06    5.000000000000000E-01
    8.249999999999998E-01    3.054719500588991E-06    5.000000000000000E-01
    8.374999999999999E-01    3.054719500588991E-06    5.000000000000000E-01
    8.500000000000003E-01    3.054719500588990E-06    5.000000000000000E-01
    8.625000000000000E-01    3.054719500588991E-06    5.000000000000000E-01
    8.750000000000000E-01    3.054719500588992E-06    5.000000000000000E-01
    8.875000000000000E-01    3.054719500588992E-06    5.000000000000000E-01
    8.999999999999999E-01    3.054719500588991E-06    5.000000000000000E-01
    9.125000000000002E-01    3.054719500588991E-06    5.000000000000000E-01
    9.250000000000002E-01    3.054719500588991E-06    5.000000000000000E-01
    9.375000000000001E-01    3.054719500588991E-06    5.000000000000000E-01
    9.500000000000001E-01    3.054719500588991E-06    5.000000000000000E-01
    9.625000000000000E-01    3.054719500588991E-06    5.000000000000000E-01
    9.750000000000001E-01    3.054719500588990E-06    5.000000000000000E-01
    9.875000000000000E-01    3.054719500588991E-06    5.000000000000000E-01
    1.000000000000000E+00    3.054719500588991E-06    5.000000000000000E-01
    7.375000000000000E-01    4.137451829830218E-06    5.000000000000000E-01
    7.500000000000000E-01    4.137451829830218E-06    5.000000000000000E-01
    7.625000000000000E-01    4.137451829830218E-06    5.000000000000000E-01
    7.749999999999999E-01    4.137451829830218E-06    5.000000000000000E-01
    7.875000000000001E-01    4.137451829830218E-06    5.000000000000000E-01
    7.999999999999999E-01    4.137451829830218E-06    5.000000000000000E-01
    8.124999999999999E-01    4.137451829830218E-06    5.000000000000000E-01
    8.249999999999998E-01    4.137451829830218E-06    5.000000000000000E-01
    8.374999999999999E-01    4.137451829830218E-06    5.000000000000000E-01
    8.500000000000001E-01    4.137451829830218E-06    5.000000000000000E-01
    8.625000000000000E-01    4.137451829830218E-06    5.000000000000000E-01
    8.750000000000002E-01    4.137451829830218E-06    5.000000000000000E-01
    8.875000000000002E-01    4.137451829830218E-06    5.000000000000000E-01
    9.000000000000001E-01    4.137451829830218E-06    5.000000000000000E-01
    9.125000000000002E-01    4.137451829830218E-06    5.000000000000000E-01
    9.250000000000002E-01    4.137451829830220E-06    5.000000000000000E-01
    9.375000000000001E-01    4.137451829830218E-06    5.000000000000000E-01
    9.500000000000001E-01    4.137451829830217E-06    5.000000000000000E-01
    9.625000000000000E-01    4.137451829830218E-06    5.000000000000000E-01
    9.750000000000001E-01    4.137451829830217E-06    5.000000000000000E-01
    9.875000000000000E-01    4.137451829830218E-06    5.000000000000000E-01
    1.000000000000000E+00    4.137451829830218E-06    5.000000000000000E-01
    7.375000000000000E-01    5.276591726689654E-06    5.000000000000000E-01
    7.500000000000000E-01    5.276591726689654E-06    5.000000000000000E-01
    7.625000000000000E-01    5.276591726689654E-06    5.000000000000000E-01
    7.749999999999999E-01    5.276591726689654E-06    5.000000000000000E-01
    7.875000000000001E-01    5.276591726689654E-06    5.000000000000000E-01
    7.999999999999999E-01    5.276591726689654E-06    5.000000000000000E-01
    8.124999999999999E-01    5.276591726689654E-06    5.000000000000000E-01
    8.250000000000001E-01    5.276591726689654E-06    5.000000000000000E-01
    8.374999999999999E-01    5.276591726689655E-06    5.000000000000000E-01
    8.500000000000001E-01    5.276591726689654E-06    5.000000000000000E-01
    8.625000000000003E-01    5.276591726689654E-06    5.000000000000000E-01
    8.750000000000000E-01    5.276591726689654E-06    5.000000000000000E-01
    8.875000000000000E-01    5.276591726689654E-06    5.000000000000000E-01
    9.000000000000001E-01    5.276591726689654E-06    5.000000000000000E-01
    9.125000000000002E-01    5.276591726689654E-06    5.000000000000000E-01
    9.250000000000002E-01    5.276591726689654E-06    5.000000000000000E-01
    9.375000000000001E-01    5.276591726689654E-06    5.000000000000000E-01
    9.500000000000001E-01    5.276591726689654E-06    5.000000000000000E-01
    9.625000000000000E-01    5.276591726689653E-06    5.000000000000000E-01
    9.750000000000001E-01    5.276591726689654E-06    5.000000000000000E-01
    9.875000000000000E-01    5.276591726689655E-06    5.000000000000000E-01
    1.000000000000000E+00    5.276591726689654E-06    5.000000000000000E-01
    7.375000000000000E-01    6.487669549803841E-06    5.000000000000000E-01
    7.500000000000000E-01    6.487669549803841E-06    5.000000000000000E-01
    7.625000000000000E-01    6.487669549803842E-06    5.000000000000000E-01
    7.749999999999999E-01    6.487669549803842E-06    5.000000000000000E-01
    7.875000000000001E-01    6.487669549803842E-06    5.000000000000000E-01
    7.999999999999999E-01    6.487669549803840E-06    5.000000000000000E-01
    8.124999999999999E-01    6.487669549803842E-06    5.000000000000000E-01
    8.249999999999998E-01    6.487669549803841E-06    5.000000000000000E-01
    8.374999999999999E-01    6.487669549803841E-06    5.000000000000000E-01
    8.500000000000001E-01    6.487669549803840E-06    5.000000000000000E-01
    8.625000000000000E-01    6.487669549803839E-06    5.000000000000000E-01
    8.750000000000000E-01    6.487669549803841E-06    5.000000000000000E-01
    8.875000000000000E-01    6.487669549803841E-06    5.000000000000000E-01
    8.999999999999999E-01    6.487669549803842E-06    5.000000000000000E-01
    9.125000000000002E-01    6.487669549803841E-06    5.000000000000000E-01
    9.250000000000002E-01    6.487669549803841E-06    5.000000000000000E-01
    9.375000000000001E-01    6.487669549803839E-06    5.000000000000000E-01
    9.500000000000001E-01    6.487669549803839E-06    5.000000000000000E-01
    9.625000000000000E-01    6.487669549803839E-06    5.000000000000000E-01
    9.750000000000001E-01    6.487669549803842E-06    5.000000000000000E-01
    9.875000000000000E-01    6.487669549803841E-06    5.000000000000000E-01
    1.000000000000000E+00    6.487669549803841E-06    5.000000000000000E-01
    7.375000000000000E-01    7.787196416886758E-06    5.000000000000000E-01
    7.500000000000000E-01    7.787196416886758E-06    5.000000000000000E-01
    7.625000000000000E-01    7.787196416886758E-06    5.000000000000000E-01
    7.749999999999999E-01    7.787196416886758E-06    5.000000000000000E-01
    7.875000000000001E-01    7.787196416886758E-06    5.000000000000000E-01
    7.999999999999999E-01    7.787196416886758E-06    5.000000000000000E-01
    8.124999999999999E-01    7.787196416886758E-06    5.000000000000000E-01
    8.249999999999998E-01    7.787196416886758E-06    5.000000000000000E-01
    8.375000000000001E-01    7.787196416886758E-06    5.000000000000000E-01
    8.500000000000003E-01    7.787196416886758E-06    5.000000000000000E-01
    8.625000000000003E-01    7.787196416886758E-06    5.000000000000000E-01
    8.750000000000002E-01    7.787196416886758E-06    5.000000000000000E-01
    8.875000000000002E-01    7.787196416886758E-06    5.000000000000000E-01
    9.000000000000001E-01    7.787196416886758E-06    5.000000000000000E-01
    9.125000000000002E-01    7.787196416886758E-06    5.000000000000000E-01
    9.250000000000002E-01    7.787196416886758E-06    5.000000000000000E-01
    9.375000000000001E-01    7.787196416886758E-06    5.000000000000000E-01
    9.500000000000001E-01    7.787196416886758E-06    5.000000000000000E-01
    9.625000000000000E-01    7.787196416886758E-06    5.000000000000000E-01
    9.750000000000001E-01    7.787196416886758E-06    5.000000000000000E-01
    9.875000000000000E-01    7.787196416886758E-06    5.000000000000000E-01
    1.000000000000000E+00    7.787196416886758E-06    5.000000000000000E-01
    7.375000000000000E-01    9.192889307529118E-06    5.000000000000000E-01
    7.500000000000000E-01    9.192889307529118E-06    5.000000000000000E-01
    7.625000000000000E-01    9.192889307529118E-06    5.000000000000000E-01
    7.749999999999999E-01    9.192889307529114E-06    5.000000000000000E-01
    7.875000000000001E-01    9.192889307529114E-06    5.000000000000000E-01
    8.000000000000002E-01    9.192889307529114E-06    5.000000000000000E-01
    8.125000000000001E-01    9.192889307529114E-06    5.000000000000000E-01
    8.249999999999998E-01    9.192889307529114E-06    5.000000000000000E-01
    8.374999999999999E-01    9.192889307529114E-06    5.000000000000000E-01
    8.500000000000001E-01    9.192889307529114E-06    5.000000000000000E-01
    8.625000000000000E-01    9.192889307529114E-06    5.000000000000000E-01
    8.750000000000000E-01    9.192889307529114E-06    5.000000000000000E-01
    8.875000000000000E-01    9.192889307529116E-06    5.000000000000000E-01
    8.999999999999999E-01    9.192889307529116E-06    5.000000000000000E-01
    9.125000000000002E-01    9.192889307529114E-06    5.000000000000000E-01
    9.250000000000002E-01    9.192889307529114E-06    5.000000000000000E-01
    9.375000000000001E-01    9.192889307529114E-06    5.000000000000000E-01
    9.500000000000001E-01    9.192889307529114E-06    5.000000000000000E-01
    9.625000000000000E-01    9.192889307529114E-06    5.000000000000000E-01
    9.750000000000001E-01    9.192889307529114E-06    5.000000000000000E-01
    9.875000000000000E-01    9.192889307529114E-06    5.000000000000000E-01
    1.000000000000000E+00    9.192889307529114E-06    5.000000000000000E-01
    7.375000000000000E-01    1.072391260600426E-05    5.000000000000000E-01
    7.500000000000000E-01    1.072391260600426E-05    5.000000000000000E-01
    7.625000000000000E-01    1.072391260600426E-05    5.000000000000000E-01
    7.749999999999999E-01    1.072391260600426E-05    5.000000000000000E-01
    7.875000000000001E-01    1.072391260600426E-05    5.000000000000000E-01
    7.999999999999999E-01    1.072391260600426E-05    5.000000000000000E-01
    8.124999999999999E-01    1.072391260600426E-05    5.000000000000000E-01
    8.249999999999998E-01    1.072391260600426E-05    5.000000000000000E-01
    8.375000000000001E-01    1.072391260600426E-05    5.000000000000000E-01
    8.500000000000003E-01    1.072391260600426E-05    5.000000000000000E-01
    8.625000000000000E-01    1.072391260600426E-05    5.000000000000000E-01
    8.750000000000000E-01    1.072391260600426E-05    5.000000000000000E-01
    8.875000000000000E-01    1.072391260600426E-05    5.000000000000000E-01
    9.000000000000001E-01    1.072391260600426E-05    5.000000000000000E-01
    9.125000000000002E-01    1.072391260600426E-05    5.000000000000000E-01
    9.250000000000002E-01    1.072391260600426E-05    5.000000000000000E-01
    9.375000000000001E-01    1.072391260600426E-05    5.000000000000000E-01
    9.500000000000001E-01    1.072391260600426E-05    5.000000000000000E-01
    9.625000000000000E-01    1.072391260600426E-05    5.000000000000000E-01
    9.750000000000001E-01    1.072391260600426E-05    5.000000000000000E-01
    9.875000000000000E-01    1.072391260600426E-05    5.000000000000000E-01
    1.000000000000000E+00    1.072391260600426E-05    5.000000000000000E-01
    7.375000000000000E-01    1.240113937713223E-05    5.000000000000000E-01
    7.500000000000000E-01    1.240113937713223E-05    5.000000000000000E-01
    7.625000000000000E-01    1.240113937713223E-05    5.000000000000000E-01
    7.749999999999999E-01    1.240113937713223E-05    5.000000000000000E-01
    7.875000000000001E-01    1.240113937713223E-05    5.000000000000000E-01
    7.999999999999999E-01    1.240113937713223E-05    5.000000000000000E-01
    8.124999999999999E-01    1.240113937713223E-05    5.000000000000000E-01
    8.249999999999998E-01    1.240113937713223E-05    5.000000000000000E-01
    8.375000000000001E-01    1.240113937713223E-05    5.000000000000000E-01
    8.500000000000003E-01    1.240113937713223E-05    5.000000000000000E-01
    8.625000000000000E-01    1.240113937713223E-05    5.000000000000000E-01
    8.750000000000000E-01    1.240113937713223E-05    5.000000000000000E-01
    8.875000000000000E-01    1.240113937713223E-05    5.000000000000000E-01
    8.999999999999999E-01    1.240113937713223E-05    5.000000000000000E-01
    9.125000000000002E-01    1.240113937713223E-05    5.000000000000000E-01
    9.250000000000002E-01    1.240113937713222E-05    5.000000000000000E-01
    9.375000000000001E-01    1.240113937713222E-05    5.000000000000000E-01
    9.500000000000001E-01    1.240113937713223E-05    5.000000000000000E-01
    9.625000000000000E-01    1.240113937713223E-05    5.000000000000000E-01
    9.750000000000001E-01    1.240113937713223E-05    5.000000000000000E-01
    9.875000000000000E-01    1.240113937713223E-05    5.000000000000000E-01
    1.000000000000000E+00    1.240113937713223E-05    5.000000000000000E-01
    7.375000000000000E-01    1.424743593728227E-05    5.000000000000000E-01
    7.500000000000000E-01    1.424743593728227E-05    5.000000000000000E-01
    7.625000000000000E-01    1.424743593728227E-05    5.000000000000000E-01
    7.749999999999999E-01    1.424743593728227E-05    5.000000000000000E-01
    7.875000000000001E-01    1.424743593728227E-05    5.000000000000000E-01
    7.999999999999999E-01    1.424743593728227E-05    5.000000000000000E-01
    8.124999999999999E-01    1.424743593728227E-05    5.000000000000000E-01
    8.249999999999998E-01    1.424743593728227E-05    5.000000000000000E-01
    8.374999999999999E-01    1.424743593728227E-05    5.000000000000000E-01
    8.500000000000001E-01    1.424743593728227E-05    5.000000000000000E-01
    8.625000000000000E-01    1.424743593728227E-05    5.000000000000000E-01
    8.749999999999998E-01    1.424743593728227E-05    5.000000000000000E-01
    8.874999999999997E-01    1.424743593728227E-05    5.000000000000000E-01
    8.999999999999997E-01    1.424743593728227E-05    5.000000000000000E-01
    9.125000000000000E-01    1.424743593728227E-05    5.000000000000000E-01
    9.249999999999999E-01    1.424743593728227E-05    5.000000000000000E-01
    9.375000000000001E-01    1.424743593728227E-05    5.000000000000000E-01
    9.500000000000001E-01    1.424743593728227E-05    5.000000000000000E-01
    9.625000000000000E-01    1.424743593728227E-05    5.000000000000000E-01
    9.750000000000001E-01    1.424743593728227E-05    5.000000000000000E-01
    9.875000000000000E-01    1.424743593728227E-05    5.000000000000000E-01
    1.000000000000000E+00    1.424743593728227E-05    5.000000000000000E-01
    7.375000000000000E-01    1.628797360018645E-05    5.000000000000000E-01
    7.500000000000000E-01    1.628797360018645E-05    5.000000000000000E-01
    7.625000000000000E-01    1.628797360018645E-05    5.000000000000000E-01
    7.749999999999999E-01    1.628797360018645E-05    5.000000000000000E-01
    7.875000000000001E-01    1.628797360018644E-05    5.000000000000000E-01
    7.999999999999999E-01    1.628797360018645E-05    5.000000000000000E-01
    8.124999999999999E-01    1.628797360018645E-05    5.000000000000000E-01
    8.249999999999998E-01    1.628797360018645E-05    5.000000000000000E-01
    8.374999999999999E-01    1.628797360018645E-05    5.000000000000000E-01
    8.500000000000001E-01    1.628797360018645E-05    5.000000000000000E-01
    8.625000000000000E-01    1.628797360018645E-05    5.000000000000000E-01
    8.749999999999998E-01    1.628797360018645E-05    5.000000000000000E-01
    8.874999999999997E-01    1.628797360018645E-05    5.000000000000000E-01
    8.999999999999999E-01    1.628797360018645E-05    5.000000000000000E-01
    9.125000000000002E-01    1.628797360018645E-05    5.000000000000000E-01
    9.250000000000002E-01    1.628797360018645E-05    5.000000000000000E-01
    9.375000000000001E-01    1.628797360018644E-05    5.000000000000000E-01
    9.499999999999998E-01    1.628797360018645E-05    5.000000000000000E-01
    9.624999999999998E-01    1.628797360018645E-05    5.000000000000000E-01
    9.750000000000001E-01    1.628797360018644E-05    5.000000000000000E-01
    9.875000000000000E-01    1.628797360018645E-05    5.000000000000000E-01
    1.000000000000000E+00    1.628797360018645E-05    5.000000000000000E-01
    7.375000000000000E-01    1.855057184772196E-05    5.000000000000000E-01
    7.500000000000000E-01    1.855057184772196E-05    5.000000000000000E-01
    7.625000000000000E-01    1.855057184772196E-05    5.000000000000000E-01
    7.749999999999999E-01    1.855057184772196E-05    5.000000000000000E-01
    7.875000000000001E-01    1.855057184772196E-05    5.000000000000000E-01
    7.999999999999999E-01    1.855057184772196E-05    5.000000000000000E-01
    8.124999999999999E-01    1.855057184772196E-05    5.000000000000000E-01
    8.249999999999998E-01    1.855057184772197E-05    5.000000000000000E-01
    8.374999999999999E-01    1.855057184772196E-05    5.000000000000000E-01
    8.500000000000001E-01    1.855057184772197E-05    5.000000000000000E-01
    8.625000000000000E-01    1.855057184772196E-05    5.000000000000000E-01
    8.749999999999998E-01    1.855057184772196E-05    5.000000000000000E-01
    8.874999999999997E-01    1.855057184772197E-05    5.000000000000000E-01
    8.999999999999997E-01    1.855057184772196E-05    5.000000000000000E-01
    9.125000000000000E-01    1.855057184772196E-05    5.000000000000000E-01
    9.249999999999999E-01    1.855057184772196E-05    5.000000000000000E-01
    9.374999999999999E-01    1.855057184772196E-05    5.000000000000000E-01
    9.499999999999998E-01    1.855057184772197E-05    5.000000000000000E-01
    9.625000000000000E-01    1.855057184772196E-05    5.000000000000000E-01
    9.750000000000001E-01    1.855057184772196E-05    5.000000000000000E-01
    9.875000000000000E-01    1.855057184772197E-05    5.000000000000000E-01
    1.000000000000000E+00    1.855057184772196E-05    5.000000000000000E-01
    7.375000000000000E-01    2.106607760424948E-05    5.000000000000000E-01
    7.500000000000000E-01    2.106607760424949E-05    5.000000000000000E-01
    7.625000000000000E-01    2.106607760424950E-05    5.000000000000000E-01
    7.749999999999999E-01    2.106607760424949E-05    5.000000000000000E-01
    7.875000000000001E-01    2.106607760424949E-05    5.000000000000000E-01
    7.999999999999999E-01    2.106607760424949E-05    5.000000000000000E-01
    8.124999999999999E-01    2.106607760424949E-05    5.000000000000000E-01
    8.249999999999998E-01    2.106607760424949E-05    5.000000000000000E-01
    8.374999999999999E-01    2.106607760424949E-05    5.000000000000000E-01
    8.499999999999999E-01    2.106607760424949E-05    5.000000000000000E-01
    8.625000000000000E-01    2.106607760424949E-05    5.000000000000000E-01
    8.749999999999998E-01    2.106607760424950E-05    5.000000000000000E-01
    8.875000000000000E-01    2.106607760424949E-05    5.000000000000000E-01
    8.999999999999999E-01    2.106607760424949E-05    5.000000000000000E-01
    9.125000000000002E-01    2.106607760424949E-05    5.000000000000000E-01
    9.250000000000002E-01    2.106607760424949E-05    5.000000000000000E-01
    9.374999999999999E-01    2.106607760424949E-05    5.000000000000000E-01
    9.500000000000001E-01    2.106607760424948E-05    5.000000000000000E-01
    9.624999999999998E-01    2.106607760424949E-05    5.000000000000000E-01
    9.750000000000001E-01    2.106607760424949E-05    5.000000000000000E-01
    9.875000000000000E-01    2.106607760424949E-05    5.000000000000000E-01
    1.000000000000000E+00    2.106607760424949E-05    5.000000000000000E-01
    7.375000000000000E-01    2.386878578530913E-05    5.000000000000000E-01
    7.500000000000000E-01    2.386878578530913E-05    5.000000000000000E-01
    7.625000000000000E-01    2.386878578530913E-05    5.000000000000000E-01
    7.749999999999999E-01    2.386878578530913E-05    5.000000000000000E-01
    7.875000000000001E-01    2.386878578530913E-05    5.000000000000000E-01
    7.999999999999999E-01    2.386878578530913E-05    5.000000000000000E-01
    8.124999999999999E-01    2.386878578530913E-05    5.000000000000000E-01
    8.249999999999998E-01    2.386878578530913E-05    5.000000000000000E-01
    8.374999999999999E-01    2.386878578530912E-05    5.000000000000000E-01
    8.500000000000001E-01    2.386878578530912E-05    5.000000000000000E-01
    8.625000000000000E-01    2.386878578530913E-05    5.000000000000000E-01
    8.750000000000000E-01    2.386878578530912E-05    5.000000000000000E-01
    8.875000000000000E-01    2.386878578530913E-05    5.000000000000000E-01
    8.999999999999999E-01    2.386878578530913E-05    5.000000000000000E-01
    9.125000000000002E-01    2.386878578530913E-05    5.000000000000000E-01
    9.250000000000002E-01    2.386878578530913E-05    5.000000000000000E-01
    9.375000000000001E-01    2.386878578530913E-05    5.000000000000000E-01
    9.500000000000001E-01    2.386878578530913E-05    5.000000000000000E-01
    9.625000000000000E-01    2.386878578530913E-05    5.000000000000000E-01
    9.750000000000001E-01    2.386878578530913E-05    5.000000000000000E-01
    9.875000000000000E-01    2.386878578530912E-05    5.000000000000000E-01
    1.000000000000000E+00    2.386878578530913E-05    5.000000000000000E-01
    7.375000000000000E-01    2.699690685418592E-05    5.000000000000000E-01
    7.500000000000000E-01    2.699690685418592E-05    5.000000000000000E-01
    7.625000000000000E-01    2.699690685418592E-05    5.000000000000000E-01
    7.749999999999999E-01    2.699690685418592E-05    5.000000000000000E-01
    7.875000000000001E-01    2.699690685418592E-05    5.000000000000000E-01
    7.999999999999999E-01    2.699690685418592E-05    5.000000000000000E-01
    8.124999999999999E-01    2.699690685418592E-05    5.000000000000000E-01
    8.249999999999998E-01    2.699690685418592E-05    5.000000000000000E-01
    8.374999999999999E-01    2.699690685418592E-05    5.000000000000000E-01
    8.499999999999999E-01    2.699690685418592E-05    5.000000000000000E-01
    8.625000000000000E-01    2.699690685418592E-05    5.000000000000000E-01
    8.749999999999998E-01    2.699690685418592E-05    5.000000000000000E-01
    8.875000000000000E-01    2.699690685418592E-05    5.000000000000000E-01
    8.999999999999999E-01    2.699690685418592E-05    5.000000000000000E-01
    9.125000000000002E-01    2.699690685418591E-05    5.000000000000000E-01
    9.250000000000002E-01    2.699690685418592E-05    5.000000000000000E-01
    9.375000000000001E-01    2.699690685418592E-05    5.000000000000000E-01
    9.500000000000001E-01    2.699690685418592E-05    5.000000000000000E-01
    9.624999999999998E-01    2.699690685418592E-05    5.000000000000000E-01
    9.750000000000001E-01    2.699690685418591E-05    5.000000000000000E-01
    9.875000000000000E-01    2.699690685418592E-05    5.000000000000000E-01
    1.000000000000000E+00    2.699690685418592E-05    5.000000000000000E-01
    7.375000000000000E-01    3.049308776073396E-05    5.000000000000000E-01
    7.500000000000000E-01    3.049308776073396E-05    5.000000000000000E-01
    7.625000000000000E-01    3.049308776073395E-05    5.000000000000000E-01
    7.749999999999999E-01    3.049308776073396E-05    5.000000000000000E-01
    7.875000000000001E-01    3.049308776073396E-05    5.000000000000000E-01
    7.999999999999999E-01    3.049308776073395E-05    5.000000000000000E-01
    8.124999999999999E-01    3.049308776073396E-05    5.000000000000000E-01
    8.250000000000001E-01    3.049308776073396E-05    5.000000000000000E-01
    8.375000000000001E-01    3.049308776073396E-05    5.000000000000000E-01
    8.500000000000001E-01    3.049308776073396E-05    5.000000000000000E-01
    8.625000000000000E-01    3.049308776073396E-05    5.000000000000000E-01
    8.750000000000000E-01    3.049308776073396E-05    5.000000000000000E-01
    8.875000000000000E-01    3.049308776073396E-05    5.000000000000000E-01
    9.000000000000001E-01    3.049308776073396E-05    5.000000000000000E-01
    9.125000000000002E-01    3.049308776073396E-05    5.000000000000000E-01
    9.250000000000002E-01    3.049308776073396E-05    5.000000000000000E-01
    9.375000000000001E-01    3.049308776073396E-05    5.000000000000000E-01
    9.500000000000001E-01    3.049308776073395E-05    5.000000000000000E-01
    9.625000000000000E-01    3.049308776073396E-05    5.000000000000000E-01
    9.750000000000001E-01    3.049308776073396E-05    5.000000000000000E-01
    9.875000000000000E-01    3.049308776073396E-05    5.000000000000000E-01
    1.000000000000000E+00    3.049308776073396E-05    5.000000000000000E-01
    7.375000000000000E-01    3.440499336463083E-05    5.000000000000000E-01
    7.500000000000000E-01    3.440499336463083E-05    5.000000000000000E-01
    7.625000000000000E-01    3.440499336463083E-05    5.000000000000000E-01
    7.749999999999999E-01    3.440499336463083E-05    5.000000000000000E-01
    7.875000000000001E-01    3.440499336463083E-05    5.000000000000000E-01
    7.999999999999999E-01    3.440499336463083E-05    5.000000000000000E-01
    8.124999999999999E-01    3.440499336463083E-05    5.000000000000000E-01
    8.249999999999998E-01    3.440499336463083E-05    5.000000000000000E-01
    8.374999999999999E-01    3.440499336463082E-05    5.000000000000000E-01
    8.500000000000001E-01    3.440499336463083E-05    5.000000000000000E-01
    8.624999999999998E-01    3.440499336463084E-05    5.000000000000000E-01
    8.749999999999998E-01    3.440499336463083E-05    5.000000000000000E-01
    8.875000000000000E-01    3.440499336463084E-05    5.000000000000000E-01
    8.999999999999999E-01    3.440499336463083E-05    5.000000000000000E-01
    9.125000000000002E-01    3.440499336463083E-05    5.000000000000000E-01
    9.250000000000002E-01    3.440499336463082E-05    5.000000000000000E-01
    9.374999999999999E-01    3.440499336463083E-05    5.000000000000000E-01
    9.499999999999998E-01    3.440499336463081E-05    5.000000000000000E-01
    9.625000000000000E-01    3.440499336463083E-05    5.000000000000000E-01
    9.750000000000001E-01    3.440499336463083E-05    5.000000000000000E-01
    9.875000000000000E-01    3.440499336463083E-05    5.000000000000000E-01
    1.000000000000000E+00    3.440499336463083E-05    5.000000000000000E-01
    7.375000000000000E-01    3.878595626984232E-05    5.000000000000000E-01
    7.500000000000000E-01    3.878595626984232E-05    5.000000000000000E-01
    7.625000000000000E-01    3.878595626984232E-05    5.000000000000000E-01
    7.749999999999999E-01    3.878595626984232E-05    5.000000000000000E-01
    7.875000000000001E-01    3.878595626984233E-05    5.000000000000000E-01
    7.999999999999999E-01    3.878595626984231E-05    5.000000000000000E-01
    8.124999999999999E-01    3.878595626984232E-05    5.000000000000000E-01
    8.249999999999998E-01    3.878595626984232E-05    5.000000000000000E-01
    8.375000000000001E-01    3.878595626984233E-05    5.000000000000000E-01
    8.500000000000001E-01    3.878595626984233E-05    5.000000000000000E-01
    8.625000000000000E-01    3.878595626984232E-05    5.000000000000000E-01
    8.750000000000000E-01    3.878595626984231E-05    5.000000000000000E-01
    8.875000000000000E-01    3.878595626984232E-05    5.000000000000000E-01
    9.000000000000001E-01    3.878595626984232E-05    5.000000000000000E-01
    9.125000000000002E-01    3.878595626984231E-05    5.000000000000000E-01
    9.250000000000002E-01    3.878595626984233E-05    5.000000000000000E-01
    9.375000000000001E-01    3.878595626984232E-05    5.000000000000000E-01
    9.500000000000001E-01    3.878595626984233E-05    5.000000000000000E-01
    9.625000000000000E-01    3.878595626984233E-05    5.000000000000000E-01
    9.750000000000001E-01    3.878595626984232E-05    5.000000000000000E-01
    9.875000000000000E-01    3.878595626984233E-05    5.000000000000000E-01
    1.000000000000000E+00    3.878595626984232E-05    5.000000000000000E-01
    7.375000000000000E-01    4.369570392975577E-05    5.000000000000000E-01
    7.500000000000000E-01    4.369570392975578E-05    5.000000000000000E-01
    7.625000000000000E-01    4.369570392975579E-05    5.000000000000000E-01
    7.749999999999999E-01    4.369570392975577E-05    5.000000000000000E-01
    7.875000000000001E-01    4.369570392975577E-05    5.000000000000000E-01
    7.999999999999999E-01    4.369570392975577E-05    5.000000000000000E-01
    8.124999999999999E-01    4.369570392975579E-05    5.000000000000000E-01
    8.249999999999998E-01    4.369570392975578E-05    5.000000000000000E-01
    8.374999999999999E-01    4.369570392975577E-05    5.000000000000000E-01
    8.500000000000001E-01    4.369570392975577E-05    5.000000000000000E-01
    8.625000000000000E-01    4.369570392975578E-05    5.000000000000000E-01
    8.750000000000000E-01    4.369570392975579E-05    5.000000000000000E-01
    8.875000000000000E-01    4.369570392975578E-05    5.000000000000000E-01
    8.999999999999999E-01    4.369570392975579E-05    5.000000000000000E-01
    9.125000000000002E-01    4.369570392975578E-05    5.000000000000000E-01
    9.250000000000002E-01    4.369570392975578E-05    5.000000000000000E-01
    9.375000000000001E-01    4.369570392975579E-05    5.000000000000000E-01
    9.500000000000001E-01    4.369570392975577E-05    5.000000000000000E-01
    9.625000000000000E-01    4.369570392975578E-05    5.000000000000000E-01
    9.750000000000001E-01    4.369570392975577E-05    5.000000000000000E-01
    9.875000000000000E-01    4.369570392975578E-05    5.000000000000000E-01
    1.000000000000000E+00    4.369570392975578E-05    5.000000000000000E-01
    7.375000000000000E-01    4.920117293590276E-05    5.000000000000000E-01
    7.500000000000000E-01    4.920117293590276E-05    5.000000000000000E-01
    7.625000000000000E-01    4.920117293590277E-05    5.000000000000000E-01
    7.749999999999999E-01    4.920117293590275E-05    5.000000000000000E-01
    7.875000000000001E-01    4.920117293590277E-05    5.000000000000000E-01
    7.999999999999999E-01    4.920117293590278E-05    5.000000000000000E-01
    8.124999999999999E-01    4.920117293590278E-05    5.000000000000000E-01
    8.249999999999998E-01    4.920117293590278E-05    5.000000000000000E-01
    8.374999999999999E-01    4.920117293590276E-05    5.000000000000000E-01
    8.500000000000001E-01    4.920117293590277E-05    5.000000000000000E-01
    8.625000000000000E-01    4.920117293590275E-05    5.000000000000000E-01
    8.750000000000000E-01    4.920117293590275E-05    5.000000000000000E-01
    8.875000000000000E-01    4.920117293590276E-05    5.000000000000000E-01
    8.999999999999999E-01    4.920117293590276E-05    5.000000000000000E-01
    9.125000000000002E-01    4.920117293590276E-05    5.000000000000000E-01
    9.250000000000002E-01    4.920117293590276E-05    5.000000000000000E-01
    9.375000000000001E-01    4.920117293590277E-05    5.000000000000000E-01
    9.500000000000001E-01    4.920117293590277E-05    5.000000000000000E-01
    9.625000000000000E-01    4.920117293590277E-05    5.000000000000000E-01
    9.750000000000001E-01    4.920117293590277E-05    5.000000000000000E-01
    9.875000000000000E-01    4.920117293590277E-05    5.000000000000000E-01
    1.000000000000000E+00    4.920117293590277E-05    5.000000000000000E-01
    7.375000000000000E-01    5.537742159180123E-05    5.000000000000000E-01
    7.500000000000000E-01    5.537742159180125E-05    5.000000000000000E-01
    7.625000000000000E-01    5.537742159180123E-05    5.000000000000000E-01
    7.749999999999999E-01    5.537742159180122E-05    5.000000000000000E-01
    7.875000000000001E-01    5.537742159180123E-05    5.000000000000000E-01
    7.999999999999999E-01    5.537742159180123E-05    5.000000000000000E-01
    8.124999999999999E-01    5.537742159180122E-05    5.000000000000000E-01
    8.249999999999998E-01    5.537742159180123E-05    5.000000000000000E-01
    8.375000000000001E-01    5.537742159180123E-05    5.000000000000000E-01
    8.500000000000001E-01    5.537742159180123E-05    5.000000000000000E-01
    8.625000000000000E-01    5.537742159180123E-05    5.000000000000000E-01
    8.750000000000002E-01    5.537742159180123E-05    5.000000000000000E-01
    8.875000000000000E-01    5.537742159180125E-05    5.000000000000000E-01
    8.999999999999999E-01    5.537742159180123E-05    5.000000000000000E-01
    9.125000000000002E-01    5.537742159180123E-05    5.000000000000000E-01
    9.250000000000002E-01    5.537742159180124E-05    5.000000000000000E-01
    9.375000000000001E-01    5.537742159180123E-05    5.000000000000000E-01
    9.500000000000001E-01    5.537742159180123E-05    5.000000000000000E-01
    9.625000000000000E-01    5.537742159180123E-05    5.000000000000000E-01
    9.750000000000001E-01    5.537742159180123E-05    5.000000000000000E-01
    9.875000000000000E-01    5.537742159180123E-05    5.000000000000000E-01
    1.000000000000000E+00    5.537742159180123E-05    5.000000000000000E-01
    7.375000000000000E-01    6.230865321340825E-05    5.000000000000000E-01
    7.500000000000000E-01    6.230865321340825E-05    5.000000000000000E-01
    7.625000000000000E-01    6.230865321340825E-05    5.000000000000000E-01
    7.749999999999999E-01    6.230865321340825E-05    5.000000000000000E-01
    7.875000000000001E-01    6.230865321340825E-05    5.000000000000000E-01
    7.999999999999999E-01    6.230865321340825E-05    5.000000000000000E-01
    8.124999999999999E-01    6.230865321340825E-05    5.000000000000000E-01
    8.250000000000001E-01    6.230865321340825E-05    5.000000000000000E-01
    8.374999999999999E-01    6.230865321340825E-05    5.000000000000000E-01
    8.500000000000001E-01    6.230865321340825E-05    5.000000000000000E-01
    8.625000000000003E-01    6.230865321340825E-05    5.000000000000000E-01
    8.750000000000002E-01    6.230865321340825E-05    5.000000000000000E-01
    8.875000000000000E-01    6.230865321340825E-05    5.000000000000000E-01
    9.000000000000001E-01    6.230865321340825E-05    5.000000000000000E-01
    9.125000000000002E-01    6.230865321340825E-05    5.000000000000000E-01
    9.250000000000002E-01    6.230865321340825E-05    5.000000000000000E-01
    9.375000000000001E-01    6.230865321340825E-05    5.000000000000000E-01
    9.500000000000001E-01    6.230865321340825E-05    5.000000000000000E-01
    9.625000000000000E-01    6.230865321340825E-05    5.000000000000000E-01
    9.750000000000001E-01    6.230865321340825E-05    5.000000000000000E-01
    9.875000000000000E-01    6.230865321340828E-05    5.000000000000000E-01
    1.000000000000000E+00    6.230865321340825E-05    5.000000000000000E-01
    7.375000000000000E-01    7.008936410725586E-05    5.000000000000000E-01
    7.500000000000000E-01    7.008936410725586E-05    5.000000000000000E-01
    7.625000000000000E-01    7.008936410725586E-05    5.000000000000000E-01
    7.749999999999999E-01    7.008936410725586E-05    5.000000000000000E-01
    7.875000000000001E-01    7.008936410725586E-05    5.000000000000000E-01
    7.999999999999999E-01    7.008936410725586E-05    5.000000000000000E-01
    8.124999999999999E-01    7.008936410725586E-05    5.000000000000000E-01
    8.249999999999998E-01    7.008936410725586E-05    5.000000000000000E-01
    8.374999999999999E-01    7.008936410725589E-05    5.000000000000000E-01
    8.500000000000003E-01    7.008936410725586E-05    5.000000000000000E-01
    8.625000000000000E-01    7.008936410725589E-05    5.000000000000000E-01
    8.750000000000000E-01    7.008936410725586E-05    5.000000000000000E-01
    8.875000000000000E-01    7.008936410725586E-05    5.000000000000000E-01
    8.999999999999999E-01    7.008936410725583E-05    5.000000000000000E-01
    9.125000000000002E-01    7.008936410725586E-05    5.000000000000000E-01
    9.250000000000002E-01    7.008936410725586E-05    5.000000000000000E-01
    9.375000000000001E-01    7.008936410725583E-05    5.000000000000000E-01
    9.500000000000001E-01    7.008936410725586E-05    5.000000000000000E-01
    9.625000000000000E-01    7.008936410725586E-05    5.000000000000000E-01
    9.750000000000001E-01    7.008936410725586E-05    5.000000000000000E-01
    9.875000000000000E-01    7.008936410725585E-05    5.000000000000000E-01
    1.000000000000000E+00    7.008936410725586E-05    5.000000000000000E-01
    7.375000000000000E-01    7.882563187712386E-05    5.000000000000000E-01
    7.500000000000000E-01    7.882563187712386E-05    5.000000000000000E-01
    7.625000000000000E-01    7.882563187712383E-05    5.000000000000000E-01
    7.749999999999999E-01    7.882563187712387E-05    5.000000000000000E-01
    7.875000000000001E-01    7.882563187712387E-05    5.000000000000000E-01
    7.999999999999999E-01    7.882563187712386E-05    5.000000000000000E-01
    8.124999999999999E-01    7.882563187712386E-05    5.000000000000000E-01
    8.249999999999998E-01    7.882563187712386E-05    5.000000000000000E-01
    8.374999999999999E-01    7.882563187712384E-05    5.000000000000000E-01
    8.500000000000001E-01    7.882563187712386E-05    5.000000000000000E-01
    8.625000000000000E-01    7.882563187712386E-05    5.000000000000000E-01
    8.750000000000000E-01    7.882563187712386E-05    5.000000000000000E-01
    8.875000000000000E-01    7.882563187712386E-05    5.000000000000000E-01
    9.000000000000001E-01    7.882563187712386E-05    5.000000000000000E-01
    9.125000000000002E-01    7.882563187712389E-05    5.000000000000000E-01
    9.250000000000002E-01    7.882563187712386E-05    5.000000000000000E-01
    9.375000000000001E-01    7.882563187712383E-05    5.000000000000000E-01
    9.500000000000001E-01    7.882563187712386E-05    5.000000000000000E-01
    9.625000000000000E-01    7.882563187712386E-05    5.000000000000000E-01
    9.750000000000001E-01    7.882563187712386E-05    5.000000000000000E-01
    9.875000000000000E-01    7.882563187712389E-05    5.000000000000000E-01
    1.000000000000000E+00    7.882563187712386E-05    5.000000000000000E-01
    7.375000000000000E-01    8.863656162325930E-05    5.000000000000000E-01
    7.500000000000000E-01    8.863656162325930E-05    5.000000000000000E-01
    7.625000000000000E-01    8.863656162325930E-05    5.000000000000000E-01
    7.749999999999999E-01    8.863656162325930E-05    5.000000000000000E-01
    7.875000000000001E-01    8.863656162325927E-05    5.000000000000000E-01
    7.999999999999999E-01    8.863656162325930E-05    5.000000000000000E-01
    8.124999999999999E-01    8.863656162325930E-05    5.000000000000000E-01
    8.249999999999998E-01    8.863656162325933E-05    5.000000000000000E-01
    8.374999999999999E-01    8.863656162325930E-05    5.000000000000000E-01
    8.500000000000001E-01    8.863656162325930E-05    5.000000000000000E-01
    8.625000000000000E-01    8.863656162325927E-05    5.000000000000000E-01
    8.750000000000000E-01    8.863656162325930E-05    5.000000000000000E-01
    8.875000000000000E-01    8.863656162325930E-05    5.000000000000000E-01
    8.999999999999997E-01    8.863656162325930E-05    5.000000000000000E-01
    9.125000000000000E-01    8.863656162325930E-05    5.000000000000000E-01
    9.249999999999999E-01    8.863656162325929E-05    5.000000000000000E-01
    9.374999999999999E-01    8.863656162325930E-05    5.000000000000000E-01
    9.500000000000001E-01    8.863656162325927E-05    5.000000000000000E-01
    9.625000000000000E-01    8.863656162325927E-05    5.000000000000000E-01
    9.750000000000001E-01    8.863656162325929E-05    5.000000000000000E-01
    9.875000000000000E-01    8.863656162325930E-05    5.000000000000000E-01
    1.000000000000000E+00    8.863656162325930E-05    5.000000000000000E-01
    7.375000000000000E-01    9.965590975076708E-05    5.000000000000000E-01
    7.500000000000000E-01    9.965590975076710E-05    5.000000000000000E-01
    7.625000000000000E-01    9.965590975076710E-05    5.000000000000000E-01
    7.749999999999999E-01    9.965590975076708E-05    5.000000000000000E-01
    7.875000000000001E-01    9.965590975076708E-05    5.000000000000000E-01
    7.999999999999999E-01    9.965590975076710E-05    5.000000000000000E-01
    8.124999999999999E-01    9.965590975076713E-05    5.000000000000000E-01
    8.249999999999998E-01    9.965590975076708E-05    5.000000000000000E-01
    8.374999999999999E-01    9.965590975076709E-05    5.000000000000000E-01
    8.500000000000001E-01    9.965590975076709E-05    5.000000000000000E-01
    8.625000000000000E-01    9.965590975076710E-05    5.000000000000000E-01
    8.750000000000000E-01    9.965590975076710E-05    5.000000000000000E-01
    8.875000000000000E-01    9.965590975076712E-05    5.000000000000000E-01
    9.000000000000001E-01    9.965590975076710E-05    5.000000000000000E-01
    9.125000000000002E-01    9.965590975076710E-05    5.000000000000000E-01
    9.250000000000002E-01    9.965590975076710E-05    5.000000000000000E-01
    9.375000000000001E-01    9.965590975076710E-05    5.000000000000000E-01
    9.500000000000001E-01    9.965590975076712E-05    5.000000000000000E-01
    9.625000000000000E-01    9.965590975076710E-05    5.000000000000000E-01
    9.750000000000001E-01    9.965590975076713E-05    5.000000000000000E-01
    9.875000000000000E-01    9.965590975076708E-05    5.000000000000000E-01
    1.000000000000000E+00    9.965590975076710E-05    5.000000000000000E-01
    7.375000000000000E-01    1.120339075252125E-04    5.000000000000000E-01
    7.500000000000000E-01    1.120339075252125E-04    5.000000000000000E-01
    7.625000000000000E-01    1.120339075252125E-04    5.000000000000000E-01
    7.749999999999999E-01    1.120339075252125E-04    5.000000000000000E-01
    7.875000000000001E-01    1.120339075252126E-04    5.000000000000000E-01
    7.999999999999999E-01    1.120339075252126E-04    5.000000000000000E-01
    8.124999999999999E-01    1.120339075252125E-04    5.000000000000000E-01
    8.249999999999998E-01    1.120339075252125E-04    5.000000000000000E-01
    8.374999999999997E-01    1.120339075252125E-04    5.000000000000000E-01
    8.500000000000001E-01    1.120339075252125E-04    5.000000000000000E-01
    8.625000000000000E-01    1.120339075252125E-04    5.000000000000000E-01
    8.750000000000000E-01    1.120339075252126E-04    5.000000000000000E-01
    8.875000000000000E-01    1.120339075252126E-04    5.000000000000000E-01
    8.999999999999997E-01    1.120339075252125E-04    5.000000000000000E-01
    9.125000000000000E-01    1.120339075252125E-04    5.000000000000000E-01
    9.250000000000002E-01    1.120339075252125E-04    5.000000000000000E-01
    9.375000000000001E-01    1.120339075252125E-04    5.000000000000000E-01
    9.500000000000001E-01    1.120339075252125E-04    5.000000000000000E-01
    9.625000000000000E-01    1.120339075252125E-04    5.000000000000000E-01
    9.750000000000001E-01    1.120339075252125E-04    5.000000000000000E-01
    9.875000000000000E-01    1.120339075252125E-04    5.000000000000000E-01
    1.000000000000000E+00    1.120339075252125E-04    5.000000000000000E-01
    7.375000000000000E-01    1.259393092367135E-04    5.000000000000000E-01
    7.500000000000000E-01    1.259393092367135E-04    5.000000000000000E-01
    7.625000000000000E-01    1.259393092367135E-04    5.000000000000000E-01
    7.749999999999999E-01    1.259393092367135E-04    5.000000000000000E-01
    7.875000000000001E-01    1.259393092367135E-04    5.000000000000000E-01
    7.999999999999999E-01    1.259393092367135E-04    5.000000000000000E-01
    8.124999999999999E-01    1.259393092367135E-04    5.000000000000000E-01
    8.249999999999998E-01    1.259393092367135E-04    5.000000000000000E-01
    8.374999999999999E-01    1.259393092367135E-04    5.000000000000000E-01
    8.500000000000001E-01    1.259393092367135E-04    5.000000000000000E-01
    8.625000000000000E-01    1.259393092367135E-04    5.000000000000000E-01
    8.750000000000000E-01    1.259393092367135E-04    5.000000000000000E-01
    8.875000000000000E-01    1.259393092367135E-04    5.000000000000000E-01
    8.999999999999999E-01    1.259393092367135E-04    5.000000000000000E-01
    9.125000000000002E-01    1.259393092367135E-04    5.000000000000000E-01
    9.250000000000002E-01    1.259393092367135E-04    5.000000000000000E-01
    9.375000000000001E-01    1.259393092367135E-04    5.000000000000000E-01
    9.500000000000001E-01    1.259393092367135E-04    5.000000000000000E-01
    9.625000000000000E-01    1.259393092367135E-04    5.000000000000000E-01
    9.750000000000001E-01    1.259393092367135E-04    5.000000000000000E-01
    9.875000000000000E-01    1.259393092367135E-04    5.000000000000000E-01
    1.000000000000000E+00    1.259393092367135E-04    5.000000000000000E-01
    7.375000000000000E-01    1.415616928959782E-04    5.000000000000000E-01
    7.500000000000000E-01    1.415616928959782E-04    5.000000000000000E-01
    7.625000000000000E-01    1.415616928959782E-04    5.000000000000000E-01
    7.749999999999999E-01    1.415616928959782E-04    5.000000000000000E-01
    7.875000000000001E-01    1.415616928959782E-04    5.000000000000000E-01
    7.999999999999999E-01    1.415616928959782E-04    5.000000000000000E-01
    8.124999999999999E-01    1.415616928959782E-04    5.000000000000000E-01
    8.249999999999998E-01    1.415616928959782E-04    5.000000000000000E-01
    8.374999999999999E-01    1.415616928959782E-04    5.000000000000000E-01
    8.500000000000001E-01    1.415616928959782E-04    5.000000000000000E-01
    8.625000000000000E-01    1.415616928959781E-04    5.000000000000000E-01
    8.750000000000000E-01    1.415616928959782E-04    5.000000000000000E-01
    8.875000000000000E-01    1.415616928959782E-04    5.000000000000000E-01
    9.000000000000001E-01    1.415616928959781E-04    5.000000000000000E-01
    9.125000000000002E-01    1.415616928959782E-04    5.000000000000000E-01
    9.250000000000002E-01    1.415616928959781E-04    5.000000000000000E-01
    9.375000000000001E-01    1.415616928959782E-04    5.000000000000000E-01
    9.500000000000001E-01    1.415616928959782E-04    5.000000000000000E-01
    9.625000000000000E-01    1.415616928959782E-04    5.000000000000000E-01
    9.750000000000001E-01    1.415616928959781E-04    5.000000000000000E-01
    9.875000000000000E-01    1.415616928959782E-04    5.000000000000000E-01
    1.000000000000000E+00    1.415616928959782E-04    5.000000000000000E-01
    7.375000000000000E-01    1.591140448286150E-04    5.000000000000000E-01
    7.500000000000000E-01    1.591140448286150E-04    5.000000000000000E-01
    7.625000000000000E-01    1.591140448286150E-04    5.000000000000000E-01
    7.749999999999999E-01    1.591140448286150E-04    5.000000000000000E-01
    7.875000000000001E-01    1.591140448286150E-04    5.000000000000000E-01
    8.000000000000002E-01    1.591140448286150E-04    5.000000000000000E-01
    8.125000000000001E-01    1.591140448286150E-04    5.000000000000000E-01
    8.250000000000001E-01    1.591140448286150E-04    5.000000000000000E-01
    8.375000000000001E-01    1.591140448286150E-04    5.000000000000000E-01
    8.500000000000003E-01    1.591140448286150E-04    5.000000000000000E-01
    8.625000000000000E-01    1.591140448286150E-04    5.000000000000000E-01
    8.750000000000000E-01    1.591140448286150E-04    5.000000000000000E-01
    8.875000000000000E-01    1.591140448286150E-04    5.000000000000000E-01
    8.999999999999999E-01    1.591140448286150E-04    5.000000000000000E-01
    9.125000000000002E-01    1.591140448286150E-04    5.000000000000000E-01
    9.250000000000002E-01    1.591140448286150E-04    5.000000000000000E-01
    9.375000000000001E-01    1.591140448286150E-04    5.000000000000000E-01
    9.500000000000001E-01    1.591140448286150E-04    5.000000000000000E-01
    9.625000000000000E-01    1.591140448286150E-04    5.000000000000000E-01
    9.750000000000001E-01    1.591140448286150E-04    5.000000000000000E-01
    9.875000000000000E-01    1.591140448286150E-04    5.000000000000000E-01
    1.000000000000000E+00    1.591140448286150E-04    5.000000000000000E-01
    7.375000000000000E-01    1.788356634045435E-04    5.000000000000000E-01
    7.500000000000000E-01    1.788356634045435E-04    5.000000000000000E-01
    7.625000000000000E-01    1.788356634045435E-04    5.000000000000000E-01
    7.749999999999999E-01    1.788356634045435E-04    5.000000000000000E-01
    7.875000000000001E-01    1.788356634045435E-04    5.000000000000000E-01
    7.999999999999999E-01    1.788356634045434E-04    5.000000000000000E-01
    8.124999999999999E-01    1.788356634045435E-04    5.000000000000000E-01
    8.249999999999998E-01    1.788356634045435E-04    5.000000000000000E-01
    8.374999999999999E-01    1.788356634045435E-04    5.000000000000000E-01
    8.500000000000001E-01    1.788356634045434E-04    5.000000000000000E-01
    8.625000000000000E-01    1.788356634045434E-04    5.000000000000000E-01
    8.750000000000000E-01    1.788356634045435E-04    5.000000000000000E-01
    8.875000000000000E-01    1.788356634045435E-04    5.000000000000000E-01
    8.999999999999999E-01    1.788356634045435E-04    5.000000000000000E-01
    9.125000000000002E-01    1.788356634045435E-04    5.000000000000000E-01
    9.250000000000002E-01    1.788356634045435E-04    5.000000000000000E-01
    9.375000000000001E-01    1.788356634045434E-04    5.000000000000000E-01
    9.500000000000001E-01    1.788356634045434E-04    5.000000000000000E-01
    9.625000000000000E-01    1.788356634045434E-04    5.000000000000000E-01
    9.750000000000001E-01    1.788356634045435E-04    5.000000000000000E-01
    9.875000000000000E-01    1.788356634045435E-04    5.000000000000000E-01
    1.000000000000000E+00    1.788356634045435E-04    5.000000000000000E-01
    7.375000000000000E-01    2.009954214902322E-04    5.000000000000000E-01
    7.500000000000000E-01    2.009954214902322E-04    5.000000000000000E-01
    7.625000000000000E-01    2.009954214902322E-04    5.000000000000000E-01
    7.749999999999999E-01    2.009954214902322E-04    5.000000000000000E-01
    7.875000000000001E-01    2.009954214902322E-04    5.000000000000000E-01
    7.999999999999999E-01    2.009954214902322E-04    5.000000000000000E-01
    8.124999999999999E-01    2.009954214902322E-04    5.000000000000000E-01
    8.250000000000001E-01    2.009954214902322E-04    5.000000000000000E-01
    8.374999999999999E-01    2.009954214902322E-04    5.000000000000000E-01
    8.500000000000001E-01    2.009954214902322E-04    5.000000000000000E-01
    8.625000000000003E-01    2.009954214902322E-04    5.000000000000000E-01
    8.750000000000000E-01    2.009954214902322E-04    5.000000000000000E-01
    8.875000000000000E-01    2.009954214902321E-04    5.000000000000000E-01
    9.000000000000001E-01    2.009954214902322E-04    5.000000000000000E-01
    9.125000000000002E-01    2.009954214902322E-04    5.000000000000000E-01
    9.250000000000002E-01    2.009954214902321E-04    5.000000000000000E-01
    9.375000000000001E-01    2.009954214902322E-04    5.000000000000000E-01
    9.500000000000001E-01    2.009954214902322E-04    5.000000000000000E-01
    9.625000000000000E-01    2.009954214902322E-04    5.000000000000000E-01
    9.750000000000001E-01    2.009954214902322E-04    5.000000000000000E-01
    9.875000000000000E-01    2.009954214902322E-04    5.000000000000000E-01
    1.000000000000000E+00    2.009954214902322E-04    5.000000000000000E-01
    7.375000000000000E-01    2.258954321021058E-04    5.000000000000000E-01
    7.500000000000000E-01    2.258954321021057E-04    5.000000000000000E-01
    7.625000000000000E-01    2.258954321021058E-04    5.000000000000000E-01
    7.749999999999999E-01    2.258954321021057E-04    5.000000000000000E-01
    7.875000000000001E-01    2.258954321021058E-04    5.000000000000000E-01
    7.999999999999999E-01    2.258954321021057E-04    5.000000000000000E-01
    8.124999999999999E-01    2.258954321021057E-04    5.000000000000000E-01
    8.249999999999998E-01    2.258954321021058E-04    5.000000000000000E-01
    8.374999999999999E-01    2.258954321021057E-04    5.000000000000000E-01
    8.500000000000001E-01    2.258954321021057E-04    5.000000000000000E-01
    8.625000000000000E-01    2.258954321021057E-04    5.000000000000000E-01
    8.750000000000000E-01    2.258954321021057E-04    5.000000000000000E-01
    8.875000000000000E-01    2.258954321021057E-04    5.000000000000000E-01
    8.999999999999999E-01    2.258954321021057E-04    5.000000000000000E-01
    9.125000000000002E-01    2.258954321021057E-04    5.000000000000000E-01
    9.250000000000002E-01    2.258954321021057E-04    5.000000000000000E-01
    9.375000000000001E-01    2.258954321021057E-04    5.000000000000000E-01
    9.500000000000001E-01    2.258954321021057E-04    5.000000000000000E-01
    9.625000000000000E-01    2.258954321021057E-04    5.000000000000000E-01
    9.750000000000001E-01    2.258954321021057E-04    5.000000000000000E-01
    9.875000000000000E-01    2.258954321021057E-04    5.000000000000000E-01
    1.000000000000000E+00    2.258954321021057E-04    5.000000000000000E-01
    7.375000000000000E-01    2.538751672364679E-04    5.000000000000000E-01
    7.500000000000000E-01    2.538751672364679E-04    5.000000000000000E-01
    7.625000000000000E-01    2.538751672364679E-04    5.000000000000000E-01
    7.749999999999999E-01    2.538751672364679E-04    5.000000000000000E-01
    7.875000000000001E-01    2.538751672364679E-04    5.000000000000000E-01
    7.999999999999999E-01    2.538751672364679E-04    5.000000000000000E-01
    8.125000000000001E-01    2.538751672364679E-04    5.000000000000000E-01
    8.249999999999998E-01    2.538751672364679E-04    5.000000000000000E-01
    8.374999999999999E-01    2.538751672364679E-04    5.000000000000000E-01
    8.500000000000001E-01    2.538751672364679E-04    5.000000000000000E-01
    8.625000000000000E-01    2.538751672364679E-04    5.000000000000000E-01
    8.750000000000000E-01    2.538751672364679E-04    5.000000000000000E-01
    8.875000000000000E-01    2.538751672364679E-04    5.000000000000000E-01
    8.999999999999999E-01    2.538751672364679E-04    5.000000000000000E-01
    9.125000000000002E-01    2.538751672364679E-04    5.000000000000000E-01
    9.250000000000002E-01    2.538751672364679E-04    5.000000000000000E-01
    9.375000000000001E-01    2.538751672364679E-04    5.000000000000000E-01
    9.500000000000001E-01    2.538751672364679E-04    5.000000000000000E-01
    9.625000000000000E-01    2.538751672364679E-04    5.000000000000000E-01
    9.750000000000001E-01    2.538751672364679E-04    5.000000000000000E-01
    9.875000000000000E-01    2.538751672364678E-04    5.000000000000000E-01
    1.000000000000000E+00    2.538751672364679E-04    5.000000000000000E-01
    7.375000000000000E-01    2.853160860296288E-04    5.000000000000000E-01
    7.500000000000000E-01    2.853160860296289E-04    5.000000000000000E-01
    7.625000000000000E-01    2.853160860296288E-04    5.000000000000000E-01
    7.749999999999999E-01    2.853160860296287E-04    5.000000000000000E-01
    7.875000000000001E-01    2.853160860296287E-04    5.000000000000000E-01
    8.000000000000002E-01    2.853160860296288E-04    5.000000000000000E-01
    8.124999999999999E-01    2.853160860296288E-04    5.000000000000000E-01
    8.249999999999998E-01    2.853160860296288E-04    5.000000000000000E-01
    8.375000000000001E-01    2.853160860296287E-04    5.000000000000000E-01
    8.500000000000001E-01    2.853160860296288E-04    5.000000000000000E-01
    8.625000000000000E-01    2.853160860296287E-04    5.000000000000000E-01
    8.750000000000000E-01    2.853160860296288E-04    5.000000000000000E-01
    8.875000000000002E-01    2.853160860296288E-04    5.000000000000000E-01
    8.999999999999999E-01    2.853160860296288E-04    5.000000000000000E-01
    9.125000000000002E-01    2.853160860296289E-04    5.000000000000000E-01
    9.250000000000002E-01    2.853160860296288E-04    5.000000000000000E-01
    9.375000000000001E-01    2.853160860296287E-04    5.000000000000000E-01
    9.500000000000001E-01    2.853160860296288E-04    5.000000000000000E-01
    9.625000000000000E-01    2.853160860296288E-04    5.000000000000000E-01
    9.750000000000001E-01    2.853160860296288E-04    5.000000000000000E-01
    9.875000000000000E-01    2.853160860296289E-04    5.000000000000000E-01
    1.000000000000000E+00    2.853160860296288E-04    5.000000000000000E-01
    7.375000000000000E-01    3.206468353458290E-04    5.000000000000000E-01
    7.500000000000000E-01    3.206468353458291E-04    5.000000000000000E-01
    7.625000000000000E-01    3.206468353458290E-04    5.000000000000000E-01
    7.749999999999999E-01    3.206468353458289E-04    5.000000000000000E-01
    7.875000000000001E-01    3.206468353458290E-04    5.000000000000000E-01
    7.999999999999999E-01    3.206468353458289E-04    5.000000000000000E-01
    8.124999999999999E-01    3.206468353458290E-04    5.000000000000000E-01
    8.249999999999998E-01    3.206468353458290E-04    5.000000000000000E-01
    8.374999999999999E-01    3.206468353458289E-04    5.000000000000000E-01
    8.500000000000001E-01    3.206468353458290E-04    5.000000000000000E-01
    8.625000000000000E-01    3.206468353458290E-04    5.000000000000000E-01
    8.750000000000000E-01    3.206468353458290E-04    5.000000000000000E-01
    8.875000000000000E-01    3.206468353458290E-04    5.000000000000000E-01
    8.999999999999999E-01    3.206468353458289E-04    5.000000000000000E-01
    9.125000000000002E-01    3.206468353458290E-04    5.000000000000000E-01
    9.250000000000002E-01    3.206468353458290E-04    5.000000000000000E-01
    9.375000000000001E-01    3.206468353458290E-04    5.000000000000000E-01
    9.500000000000001E-01    3.206468353458290E-04    5.000000000000000E-01
    9.625000000000000E-01    3.206468353458291E-04    5.000000000000000E-01
    9.750000000000001E-01    3.206468353458289E-04    5.000000000000000E-01
    9.875000000000000E-01    3.206468353458291E-04    5.000000000000000E-01
    1.000000000000000E+00    3.206468353458290E-04    5.000000000000000E-01
    7.375000000000000E-01    3.603490936946979E-04    5.000000000000000E-01
    7.500000000000000E-01    3.603490936946979E-04    5.000000000000000E-01
    7.625000000000000E-01    3.603490936946980E-04    5.000000000000000E-01
    7.749999999999999E-01    3.603490936946979E-04    5.000000000000000E-01
    7.875000000000001E-01    3.603490936946980E-04    5.000000000000000E-01
    7.999999999999999E-01    3.603490936946979E-04    5.000000000000000E-01
    8.124999999999999E-01    3.603490936946978E-04    5.000000000000000E-01
    8.249999999999998E-01    3.603490936946979E-04    5.000000000000000E-01
    8.374999999999999E-01    3.603490936946980E-04    5.000000000000000E-01
    8.500000000000001E-01    3.603490936946979E-04    5.000000000000000E-01
    8.625000000000000E-01    3.603490936946979E-04    5.000000000000000E-01
    8.750000000000000E-01    3.603490936946980E-04    5.000000000000000E-01
    8.875000000000000E-01    3.603490936946979E-04    5.000000000000000E-01
    8.999999999999999E-01    3.603490936946980E-04    5.000000000000000E-01
    9.125000000000002E-01    3.603490936946980E-04    5.000000000000000E-01
    9.250000000000002E-01    3.603490936946979E-04    5.000000000000000E-01
    9.375000000000001E-01    3.603490936946979E-04    5.000000000000000E-01
    9.500000000000001E-01    3.603490936946978E-04    5.000000000000000E-01
    9.625000000000000E-01    3.603490936946979E-04    5.000000000000000E-01
    9.750000000000001E-01    3.603490936946979E-04    5.000000000000000E-01
    9.875000000000000E-01    3.603490936946978E-04    5.000000000000000E-01
    1.000000000000000E+00    3.603490936946979E-04    5.000000000000000E-01
    7.375000000000000E-01    4.049641381507534E-04    5.000000000000000E-01
    7.500000000000000E-01    4.049641381507534E-04    5.000000000000000E-01
    7.625000000000000E-01    4.049641381507534E-04    5.000000000000000E-01
    7.749999999999999E-01    4.049641381507534E-04    5.000000000000000E-01
    7.875000000000001E-01    4.049641381507534E-04    5.000000000000000E-01
    7.999999999999999E-01    4.049641381507534E-04    5.000000000000000E-01
    8.124999999999999E-01    4.049641381507534E-04    5.000000000000000E-01
    8.249999999999998E-01    4.049641381507534E-04    5.000000000000000E-01
    8.374999999999997E-01    4.049641381507533E-04    5.000000000000000E-01
    8.500000000000001E-01    4.049641381507533E-04    5.000000000000000E-01
    8.625000000000000E-01    4.049641381507532E-04    5.000000000000000E-01
    8.750000000000000E-01    4.049641381507532E-04    5.000000000000000E-01
    8.874999999999997E-01    4.049641381507532E-04    5.000000000000000E-01
    8.999999999999999E-01    4.049641381507533E-04    5.000000000000000E-01
    9.125000000000002E-01    4.049641381507533E-04    5.000000000000000E-01
    9.249999999999999E-01    4.049641381507533E-04    5.000000000000000E-01
    9.375000000000001E-01    4.049641381507533E-04    5.000000000000000E-01
    9.500000000000001E-01    4.049641381507533E-04    5.000000000000000E-01
    9.624999999999998E-01    4.049641381507533E-04    5.000000000000000E-01
    9.750000000000001E-01    4.049641381507533E-04    5.000000000000000E-01
    9.875000000000000E-01    4.049641381507533E-04    5.000000000000000E-01
    1.000000000000000E+00    4.049641381507533E-04    5.000000000000000E-01
    7.375000000000000E-01    4.551002238044352E-04    5.000000000000000E-01
    7.500000000000000E-01    4.551002238044352E-04    5.000000000000000E-01
    7.625000000000000E-01    4.551002238044352E-04    5.000000000000000E-01
    7.749999999999999E-01    4.551002238044352E-04    5.000000000000000E-01
    7.875000000000001E-01    4.551002238044353E-04    5.000000000000000E-01
    7.999999999999999E-01    4.551002238044353E-04    5.000000000000000E-01
    8.124999999999999E-01    4.551002238044353E-04    5.000000000000000E-01
    8.249999999999998E-01    4.551002238044353E-04    5.000000000000000E-01
    8.374999999999997E-01    4.551002238044352E-04    5.000000000000000E-01
    8.499999999999999E-01    4.551002238044354E-04    5.000000000000000E-01
    8.625000000000000E-01    4.551002238044353E-04    5.000000000000000E-01
    8.750000000000000E-01    4.551002238044352E-04    5.000000000000000E-01
    8.875000000000000E-01    4.551002238044353E-04    5.000000000000000E-01
    8.999999999999999E-01    4.551002238044353E-04    5.000000000000000E-01
    9.125000000000002E-01    4.551002238044353E-04    5.000000000000000E-01
    9.250000000000002E-01    4.551002238044353E-04    5.000000000000000E-01
    9.375000000000001E-01    4.551002238044354E-04    5.000000000000000E-01
    9.499999999999998E-01    4.551002238044354E-04    5.000000000000000E-01
    9.624999999999998E-01    4.551002238044353E-04    5.000000000000000E-01
    9.750000000000001E-01    4.551002238044352E-04    5.000000000000000E-01
    9.875000000000000E-01    4.551002238044353E-04    5.000000000000000E-01
    1.000000000000000E+00    4.551002238044353E-04    5.000000000000000E-01
    7.375000000000000E-01    5.114408763517363E-04    5.000000000000000E-01
    7.500000000000000E-01    5.114408763517363E-04    5.000000000000000E-01
    7.625000000000000E-01    5.114408763517363E-04    5.000000000000000E-01
    7.749999999999999E-01    5.114408763517363E-04    5.000000000000000E-01
    7.875000000000001E-01    5.114408763517363E-04    5.000000000000000E-01
    7.999999999999999E-01    5.114408763517363E-04    5.000000000000000E-01
    8.124999999999999E-01    5.114408763517363E-04    5.000000000000000E-01
    8.249999999999998E-01    5.114408763517363E-04    5.000000000000000E-01
    8.374999999999999E-01    5.114408763517363E-04    5.000000000000000E-01
    8.500000000000001E-01    5.114408763517363E-04    5.000000000000000E-01
    8.625000000000000E-01    5.114408763517363E-04    5.000000000000000E-01
    8.750000000000000E-01    5.114408763517363E-04    5.000000000000000E-01
    8.875000000000000E-01    5.114408763517363E-04    5.000000000000000E-01
    8.999999999999999E-01    5.114408763517363E-04    5.000000000000000E-01
    9.125000000000002E-01    5.114408763517363E-04    5.000000000000000E-01
    9.250000000000002E-01    5.114408763517363E-04    5.000000000000000E-01
    9.375000000000001E-01    5.114408763517363E-04    5.000000000000000E-01
    9.500000000000001E-01    5.114408763517363E-04    5.000000000000000E-01
    9.625000000000000E-01    5.114408763517363E-04    5.000000000000000E-01
    9.750000000000001E-01    5.114408763517366E-04    5.000000000000000E-01
    9.875000000000000E-01    5.114408763517363E-04    5.000000000000000E-01
    1.000000000000000E+00    5.114408763517363E-04    5.000000000000000E-01
    7.375000000000000E-01    5.747542108786874E-04    5.000000000000000E-01
    7.500000000000000E-01    5.747542108786876E-04    5.000000000000000E-01
    7.625000000000000E-01    5.747542108786876E-04    5.000000000000000E-01
    7.749999999999999E-01    5.747542108786876E-04    5.000000000000000E-01
    7.875000000000001E-01    5.747542108786876E-04    5.000000000000000E-01
    7.999999999999999E-01    5.747542108786876E-04    5.000000000000000E-01
    8.124999999999999E-01    5.747542108786876E-04    5.000000000000000E-01
    8.249999999999998E-01    5.747542108786876E-04    5.000000000000000E-01
    8.374999999999999E-01    5.747542108786876E-04    5.000000000000000E-01
    8.500000000000001E-01    5.747542108786876E-04    5.000000000000000E-01
    8.625000000000000E-01    5.747542108786876E-04    5.000000000000000E-01
    8.750000000000000E-01    5.747542108786874E-04    5.000000000000000E-01
    8.874999999999997E-01    5.747542108786876E-04    5.000000000000000E-01
    8.999999999999997E-01    5.747542108786877E-04    5.000000000000000E-01
    9.125000000000002E-01    5.747542108786875E-04    5.000000000000000E-01
    9.250000000000002E-01    5.747542108786876E-04    5.000000000000000E-01
    9.375000000000001E-01    5.747542108786878E-04    5.000000000000000E-01
    9.500000000000001E-01    5.747542108786876E-04    5.000000000000000E-01
    9.624999999999998E-01    5.747542108786876E-04    5.000000000000000E-01
    9.750000000000001E-01    5.747542108786876E-04    5.000000000000000E-01
    9.875000000000000E-01    5.747542108786876E-04    5.000000000000000E-01
    1.000000000000000E+00    5.747542108786876E-04    5.000000000000000E-01
    7.375000000000000E-01    6.459034038874810E-04    5.000000000000000E-01
    7.500000000000000E-01    6.459034038874810E-04    5.000000000000000E-01
    7.625000000000000E-01    6.459034038874810E-04    5.000000000000000E-01
    7.749999999999999E-01    6.459034038874809E-04    5.000000000000000E-01
    7.875000000000001E-01    6.459034038874812E-04    5.000000000000000E-01
    7.999999999999999E-01    6.459034038874810E-04    5.000000000000000E-01
    8.124999999999999E-01    6.459034038874810E-04    5.000000000000000E-01
    8.249999999999998E-01    6.459034038874810E-04    5.000000000000000E-01
    8.374999999999999E-01    6.459034038874810E-04    5.000000000000000E-01
    8.500000000000001E-01    6.459034038874812E-04    5.000000000000000E-01
    8.625000000000000E-01    6.459034038874810E-04    5.000000000000000E-01
    8.749999999999998E-01    6.459034038874810E-04    5.000000000000000E-01
    8.875000000000000E-01    6.459034038874810E-04    5.000000000000000E-01
    8.999999999999999E-01    6.459034038874809E-04    5.000000000000000E-01
    9.125000000000002E-01    6.459034038874813E-04    5.000000000000000E-01
    9.249999999999999E-01    6.459034038874810E-04    5.000000000000000E-01
    9.375000000000001E-01    6.459034038874810E-04    5.000000000000000E-01
    9.500000000000001E-01    6.459034038874810E-04    5.000000000000000E-01
    9.625000000000000E-01    6.459034038874808E-04    5.000000000000000E-01
    9.750000000000001E-01    6.459034038874813E-04    5.000000000000000E-01
    9.875000000000000E-01    6.459034038874810E-04    5.000000000000000E-01
    1.000000000000000E+00    6.459034038874810E-04    5.000000000000000E-01
    7.375000000000000E-01    7.258584613336399E-04    5.000000000000000E-01
    7.500000000000000E-01    7.258584613336396E-04    5.000000000000000E-01
    7.625000000000000E-01    7.258584613336398E-04    5.000000000000000E-01
    7.749999999999999E-01    7.258584613336398E-04    5.000000000000000E-01
    7.875000000000001E-01    7.258584613336399E-04    5.000000000000000E-01
    7.999999999999999E-01    7.258584613336399E-04    5.000000000000000E-01
    8.124999999999999E-01    7.258584613336397E-04    5.000000000000000E-01
    8.249999999999998E-01    7.258584613336399E-04    5.000000000000000E-01
    8.374999999999999E-01    7.258584613336397E-04    5.000000000000000E-01
    8.500000000000001E-01    7.258584613336398E-04    5.000000000000000E-01
    8.624999999999998E-01    7.258584613336400E-04    5.000000000000000E-01
    8.750000000000000E-01    7.258584613336398E-04    5.000000000000000E-01
    8.875000000000000E-01    7.258584613336399E-04    5.000000000000000E-01
    8.999999999999997E-01    7.258584613336399E-04    5.000000000000000E-01
    9.125000000000002E-01    7.258584613336398E-04    5.000000000000000E-01
    9.250000000000002E-01    7.258584613336400E-04    5.000000000000000E-01
    9.374999999999999E-01    7.258584613336398E-04    5.000000000000000E-01
    9.499999999999998E-01    7.258584613336398E-04    5.000000000000000E-01
    9.625000000000000E-01    7.258584613336399E-04    5.000000000000000E-01
    9.750000000000001E-01    7.258584613336398E-04    5.000000000000000E-01
    9.875000000000000E-01    7.258584613336398E-04    5.000000000000000E-01
    1.000000000000000E+00    7.258584613336398E-04    5.000000000000000E-01
    7.375000000000000E-01    8.157094431126762E-04    5.000000000000000E-01
    7.500000000000000E-01    8.157094431126764E-04    5.000000000000000E-01
    7.625000000000000E-01    8.157094431126764E-04    5.000000000000000E-01
    7.749999999999999E-01    8.157094431126763E-04    5.000000000000000E-01
    7.875000000000001E-01    8.157094431126762E-04    5.000000000000000E-01
    7.999999999999999E-01    8.157094431126762E-04    5.000000000000000E-01
    8.125000000000001E-01    8.157094431126762E-04    5.000000000000000E-01
    8.249999999999998E-01    8.157094431126763E-04    5.000000000000000E-01
    8.374999999999999E-01    8.157094431126761E-04    5.000000000000000E-01
    8.500000000000001E-01    8.157094431126762E-04    5.000000000000000E-01
    8.625000000000003E-01    8.157094431126762E-04    5.000000000000000E-01
    8.750000000000000E-01    8.157094431126763E-04    5.000000000000000E-01
    8.875000000000000E-01    8.157094431126762E-04    5.000000000000000E-01
    8.999999999999999E-01    8.157094431126762E-04    5.000000000000000E-01
    9.125000000000002E-01    8.157094431126762E-04    5.000000000000000E-01
    9.250000000000002E-01    8.157094431126761E-04    5.000000000000000E-01
    9.375000000000001E-01    8.157094431126760E-04    5.000000000000000E-01
    9.500000000000001E-01    8.157094431126760E-04    5.000000000000000E-01
    9.625000000000000E-01    8.157094431126762E-04    5.000000000000000E-01
    9.750000000000001E-01    8.157094431126763E-04    5.000000000000000E-01
    9.875000000000000E-01    8.157094431126762E-04    5.000000000000000E-01
    1.000000000000000E+00    8.157094431126762E-04    5.000000000000000E-01
    7.375000000000000E-01    9.166813242910602E-04    5.000000000000000E-01
    7.500000000000000E-01    9.166813242910602E-04    5.000000000000000E-01
    7.625000000000000E-01    9.166813242910603E-04    5.000000000000000E-01
    7.749999999999999E-01    9.166813242910601E-04    5.000000000000000E-01
    7.875000000000001E-01    9.166813242910600E-04    5.000000000000000E-01
    7.999999999999999E-01    9.166813242910601E-04    5.000000000000000E-01
    8.124999999999999E-01    9.166813242910602E-04    5.000000000000000E-01
    8.249999999999998E-01    9.166813242910603E-04    5.000000000000000E-01
    8.374999999999999E-01    9.166813242910604E-04    5.000000000000000E-01
    8.500000000000001E-01    9.166813242910603E-04    5.000000000000000E-01
    8.625000000000000E-01    9.166813242910601E-04    5.000000000000000E-01
    8.749999999999998E-01    9.166813242910602E-04    5.000000000000000E-01
    8.875000000000000E-01    9.166813242910603E-04    5.000000000000000E-01
    8.999999999999999E-01    9.166813242910603E-04    5.000000000000000E-01
    9.125000000000002E-01    9.166813242910601E-04    5.000000000000000E-01
    9.249999999999999E-01    9.166813242910601E-04    5.000000000000000E-01
    9.375000000000001E-01    9.166813242910602E-04    5.000000000000000E-01
    9.500000000000001E-01    9.166813242910602E-04    5.000000000000000E-01
    9.625000000000000E-01    9.166813242910603E-04    5.000000000000000E-01
    9.750000000000001E-01    9.166813242910601E-04    5.000000000000000E-01
    9.875000000000000E-01    9.166813242910602E-04    5.000000000000000E-01
    1.000000000000000E+00    9.166813242910602E-04    5.000000000000000E-01
    7.375000000000000E-01    1.030150695690717E-03    5.000000000000000E-01
    7.500000000000000E-01    1.030150695690717E-03    5.000000000000000E-01
    7.625000000000000E-01    1.030150695690717E-03    5.000000000000000E-01
    7.749999999999999E-01    1.030150695690717E-03    5.000000000000000E-01
    7.875000000000001E-01    1.030150695690717E-03    5.000000000000000E-01
    7.999999999999999E-01    1.030150695690717E-03    5.000000000000000E-01
    8.124999999999999E-01    1.030150695690717E-03    5.000000000000000E-01
    8.249999999999998E-01    1.030150695690717E-03    5.000000000000000E-01
    8.374999999999997E-01    1.030150695690717E-03    5.000000000000000E-01
    8.500000000000001E-01    1.030150695690717E-03    5.000000000000000E-01
    8.625000000000000E-01    1.030150695690717E-03    5.000000000000000E-01
    8.750000000000000E-01    1.030150695690717E-03    5.000000000000000E-01
    8.875000000000000E-01    1.030150695690717E-03    5.000000000000000E-01
    8.999999999999997E-01    1.030150695690717E-03    5.000000000000000E-01
    9.125000000000002E-01    1.030150695690717E-03    5.000000000000000E-01
    9.249999999999999E-01    1.030150695690717E-03    5.000000000000000E-01
    9.375000000000001E-01    1.030150695690717E-03    5.000000000000000E-01
    9.500000000000001E-01    1.030150695690717E-03    5.000000000000000E-01
    9.624999999999998E-01    1.030150695690717E-03    5.000000000000000E-01
    9.750000000000001E-01    1.030150695690717E-03    5.000000000000000E-01
    9.875000000000000E-01    1.030150695690717E-03    5.000000000000000E-01
    1.000000000000000E+00    1.030150695690717E-03    5.000000000000000E-01
    7.375000000000000E-01    1.157664531512938E-03    5.000000000000000E-01
    7.500000000000000E-01    1.157664531512938E-03    5.000000000000000E-01
    7.625000000000000E-01    1.157664531512938E-03    5.000000000000000E-01
    7.749999999999999E-01    1.157664531512938E-03    5.000000000000000E-01
    7.875000000000001E-01    1.157664531512938E-03    5.000000000000000E-01
    7.999999999999999E-01    1.157664531512938E-03    5.000000000000000E-01
    8.124999999999999E-01    1.157664531512938E-03    5.000000000000000E-01
    8.249999999999998E-01    1.157664531512938E-03    5.000000000000000E-01
    8.374999999999999E-01    1.157664531512938E-03    5.000000000000000E-01
    8.500000000000001E-01    1.157664531512939E-03    5.000000000000000E-01
    8.625000000000000E-01    1.157664531512938E-03    5.000000000000000E-01
    8.750000000000000E-01    1.157664531512938E-03    5.000000000000000E-01
    8.875000000000000E-01    1.157664531512938E-03    5.000000000000000E-01
    8.999999999999999E-01    1.157664531512938E-03    5.000000000000000E-01
    9.125000000000002E-01    1.157664531512938E-03    5.000000000000000E-01
    9.250000000000002E-01    1.157664531512938E-03    5.000000000000000E-01
    9.374999999999999E-01    1.157664531512938E-03    5.000000000000000E-01
    9.499999999999998E-01    1.157664531512938E-03    5.000000000000000E-01
    9.625000000000000E-01    1.157664531512938E-03    5.000000000000000E-01
    9.750000000000001E-01    1.157664531512939E-03    5.000000000000000E-01
    9.875000000000000E-01    1.157664531512938E-03    5.000000000000000E-01
    1.000000000000000E+00    1.157664531512938E-03    5.000000000000000E-01
    7.375000000000000E-01    1.300961279868354E-03    5.000000000000000E-01
    7.500000000000000E-01    1.300961279868354E-03    5.000000000000000E-01
    7.625000000000000E-01    1.300961279868354E-03    5.000000000000000E-01
    7.749999999999999E-01    1.300961279868354E-03    5.000000000000000E-01
    7.875000000000001E-01    1.300961279868354E-03    5.000000000000000E-01
    7.999999999999999E-01    1.300961279868354E-03    5.000000000000000E-01
    8.124999999999999E-01    1.300961279868354E-03    5.000000000000000E-01
    8.249999999999998E-01    1.300961279868354E-03    5.000000000000000E-01
    8.374999999999999E-01    1.300961279868354E-03    5.000000000000000E-01
    8.500000000000001E-01    1.300961279868354E-03    5.000000000000000E-01
    8.625000000000000E-01    1.300961279868354E-03    5.000000000000000E-01
    8.750000000000000E-01    1.300961279868354E-03    5.000000000000000E-01
    8.875000000000000E-01    1.300961279868354E-03    5.000000000000000E-01
    8.999999999999999E-01    1.300961279868354E-03    5.000000000000000E-01
    9.125000000000002E-01    1.300961279868354E-03    5.000000000000000E-01
    9.250000000000002E-01    1.300961279868354E-03    5.000000000000000E-01
    9.375000000000001E-01    1.300961279868354E-03    5.000000000000000E-01
    9.500000000000001E-01    1.300961279868354E-03    5.000000000000000E-01
    9.625000000000000E-01    1.300961279868354E-03    5.000000000000000E-01
    9.750000000000001E-01    1.300961279868354E-03    5.000000000000000E-01
    9.875000000000000E-01    1.300961279868354E-03    5.000000000000000E-01
    1.000000000000000E+00    1.300961279868354E-03    5.000000000000000E-01
    7.375000000000000E-01    1.461994563748790E-03    5.000000000000000E-01
    7.500000000000000E-01    1.461994563748790E-03    5.000000000000000E-01
    7.625000000000000E-01    1.461994563748790E-03    5.000000000000000E-01
    7.749999999999999E-01    1.461994563748790E-03    5.000000000000000E-01
    7.875000000000001E-01    1.461994563748790E-03    5.000000000000000E-01
    7.999999999999999E-01    1.461994563748790E-03    5.000000000000000E-01
    8.124999999999999E-01    1.461994563748790E-03    5.000000000000000E-01
    8.249999999999998E-01    1.461994563748790E-03    5.000000000000000E-01
    8.374999999999999E-01    1.461994563748790E-03    5.000000000000000E-01
    8.500000000000001E-01    1.461994563748790E-03    5.000000000000000E-01
    8.625000000000000E-01    1.461994563748790E-03    5.000000000000000E-01
    8.750000000000000E-01    1.461994563748790E-03    5.000000000000000E-01
    8.875000000000000E-01    1.461994563748790E-03    5.000000000000000E-01
    8.999999999999999E-01    1.461994563748790E-03    5.000000000000000E-01
    9.125000000000002E-01    1.461994563748790E-03    5.000000000000000E-01
    9.250000000000002E-01    1.461994563748790E-03    5.000000000000000E-01
    9.375000000000001E-01    1.461994563748790E-03    5.000000000000000E-01
    9.500000000000001E-01    1.461994563748790E-03    5.000000000000000E-01
    9.625000000000000E-01    1.461994563748790E-03    5.000000000000000E-01
    9.750000000000001E-01    1.461994563748790E-03    5.000000000000000E-01
    9.875000000000000E-01    1.461994563748790E-03    5.000000000000000E-01
    1.000000000000000E+00    1.461994563748790E-03    5.000000000000000E-01
    7.375000000000000E-01    1.642959815565998E-03    5.000000000000000E-01
    7.500000000000000E-01    1.642959815565997E-03    5.000000000000000E-01
    7.625000000000000E-01    1.642959815565997E-03    5.000000000000000E-01
    7.749999999999999E-01    1.642959815565997E-03    5.000000000000000E-01
    7.875000000000001E-01    1.642959815565998E-03    5.000000000000000E-01
    7.999999999999999E-01    1.642959815565997E-03    5.000000000000000E-01
    8.124999999999999E-01    1.642959815565997E-03    5.000000000000000E-01
    8.249999999999998E-01    1.642959815565997E-03    5.000000000000000E-01
    8.374999999999999E-01    1.642959815565997E-03    5.000000000000000E-01
    8.500000000000001E-01    1.642959815565997E-03    5.000000000000000E-01
    8.625000000000000E-01    1.642959815565997E-03    5.000000000000000E-01
    8.750000000000000E-01    1.642959815565997E-03    5.000000000000000E-01
    8.874999999999997E-01    1.642959815565997E-03    5.000000000000000E-01
    8.999999999999999E-01    1.642959815565997E-03    5.000000000000000E-01
    9.125000000000002E-01    1.642959815565997E-03    5.000000000000000E-01
    9.250000000000002E-01    1.642959815565997E-03    5.000000000000000E-01
    9.375000000000001E-01    1.642959815565998E-03    5.000000000000000E-01
    9.500000000000001E-01    1.642959815565997E-03    5.000000000000000E-01
    9.625000000000000E-01    1.642959815565997E-03    5.000000000000000E-01
    9.750000000000001E-01    1.642959815565997E-03    5.000000000000000E-01
    9.875000000000000E-01    1.642959815565997E-03    5.000000000000000E-01
    1.000000000000000E+00    1.642959815565997E-03    5.000000000000000E-01
    7.375000000000000E-01    1.846324208376791E-03    5.000000000000000E-01
    7.500000000000000E-01    1.846324208376790E-03    5.000000000000000E-01
    7.625000000000000E-01    1.846324208376791E-03    5.000000000000000E-01
    7.749999999999999E-01    1.846324208376791E-03    5.000000000000000E-01
    7.875000000000001E-01    1.846324208376791E-03    5.000000000000000E-01
    8.000000000000002E-01    1.846324208376790E-03    5.000000000000000E-01
    8.124999999999999E-01    1.846324208376791E-03    5.000000000000000E-01
    8.250000000000001E-01    1.846324208376791E-03    5.000000000000000E-01
    8.374999999999999E-01    1.846324208376790E-03    5.000000000000000E-01
    8.500000000000001E-01    1.846324208376791E-03    5.000000000000000E-01
    8.625000000000000E-01    1.846324208376791E-03    5.000000000000000E-01
    8.750000000000000E-01    1.846324208376791E-03    5.000000000000000E-01
    8.875000000000000E-01    1.846324208376790E-03    5.000000000000000E-01
    8.999999999999999E-01    1.846324208376791E-03    5.000000000000000E-01
    9.125000000000002E-01    1.846324208376790E-03    5.000000000000000E-01
    9.250000000000002E-01    1.846324208376791E-03    5.000000000000000E-01
    9.375000000000001E-01    1.846324208376790E-03    5.000000000000000E-01
    9.500000000000001E-01    1.846324208376791E-03    5.000000000000000E-01
    9.625000000000000E-01    1.846324208376791E-03    5.000000000000000E-01
    9.750000000000001E-01    1.846324208376791E-03    5.000000000000000E-01
    9.875000000000000E-01    1.846324208376790E-03    5.000000000000000E-01
    1.000000000000000E+00    1.846324208376791E-03    5.000000000000000E-01
    7.375000000000000E-01    2.074860291859188E-03    5.000000000000000E-01
    7.500000000000000E-01    2.074860291859188E-03    5.000000000000000E-01
    7.625000000000000E-01    2.074860291859188E-03    5.000000000000000E-01
    7.749999999999999E-01    2.074860291859188E-03    5.000000000000000E-01
    7.875000000000001E-01    2.074860291859188E-03    5.000000000000000E-01
    7.999999999999999E-01    2.074860291859188E-03    5.000000000000000E-01
    8.124999999999999E-01    2.074860291859188E-03    5.000000000000000E-01
    8.249999999999998E-01    2.074860291859188E-03    5.000000000000000E-01
    8.374999999999999E-01    2.074860291859188E-03    5.000000000000000E-01
    8.500000000000001E-01    2.074860291859188E-03    5.000000000000000E-01
    8.625000000000000E-01    2.074860291859188E-03    5.000000000000000E-01
    8.750000000000000E-01    2.074860291859188E-03    5.000000000000000E-01
    8.874999999999997E-01    2.074860291859188E-03    5.000000000000000E-01
    8.999999999999997E-01    2.074860291859187E-03    5.000000000000000E-01
    9.125000000000002E-01    2.074860291859188E-03    5.000000000000000E-01
    9.250000000000002E-01    2.074860291859188E-03    5.000000000000000E-01
    9.375000000000001E-01    2.074860291859188E-03    5.000000000000000E-01
    9.500000000000001E-01    2.074860291859188E-03    5.000000000000000E-01
    9.624999999999998E-01    2.074860291859188E-03    5.000000000000000E-01
    9.750000000000001E-01    2.074860291859187E-03    5.000000000000000E-01
    9.875000000000000E-01    2.074860291859188E-03    5.000000000000000E-01
    1.000000000000000E+00    2.074860291859188E-03    5.000000000000000E-01
    7.375000000000000E-01    2.331683791612528E-03    5.000000000000000E-01
    7.500000000000000E-01    2.331683791612529E-03    5.000000000000000E-01
    7.625000000000000E-01    2.331683791612528E-03    5.000000000000000E-01
    7.749999999999999E-01    2.331683791612528E-03    5.000000000000000E-01
    7.875000000000001E-01    2.331683791612528E-03    5.000000000000000E-01
    7.999999999999999E-01    2.331683791612529E-03    5.000000000000000E-01
    8.124999999999999E-01    2.331683791612528E-03    5.000000000000000E-01
    8.249999999999998E-01    2.331683791612528E-03    5.000000000000000E-01
    8.374999999999999E-01    2.331683791612528E-03    5.000000000000000E-01
    8.500000000000001E-01    2.331683791612529E-03    5.000000000000000E-01
    8.625000000000000E-01    2.331683791612528E-03    5.000000000000000E-01
    8.750000000000000E-01    2.331683791612528E-03    5.000000000000000E-01
    8.875000000000000E-01    2.331683791612527E-03    5.000000000000000E-01
    8.999999999999999E-01    2.331683791612528E-03    5.000000000000000E-01
    9.125000000000002E-01    2.331683791612528E-03    5.000000000000000E-01
    9.250000000000002E-01    2.331683791612527E-03    5.000000000000000E-01
    9.375000000000001E-01    2.331683791612527E-03    5.000000000000000E-01
    9.500000000000001E-01    2.331683791612528E-03    5.000000000000000E-01
    9.625000000000000E-01    2.331683791612528E-03    5.000000000000000E-01
    9.750000000000001E-01    2.331683791612528E-03    5.000000000000000E-01
    9.875000000000000E-01    2.331683791612527E-03    5.000000000000000E-01
    1.000000000000000E+00    2.331683791612528E-03    5.000000000000000E-01
    7.375000000000000E-01    2.620296087114835E-03    5.000000000000000E-01
    7.500000000000000E-01    2.620296087114836E-03    5.000000000000000E-01
    7.625000000000000E-01    2.620296087114835E-03    5.000000000000000E-01
    7.749999999999999E-01    2.620296087114835E-03    5.000000000000000E-01
    7.875000000000001E-01    2.620296087114835E-03    5.000000000000000E-01
    7.999999999999999E-01    2.620296087114836E-03    5.000000000000000E-01
    8.124999999999999E-01    2.620296087114835E-03    5.000000000000000E-01
    8.249999999999998E-01    2.620296087114835E-03    5.000000000000000E-01
    8.374999999999999E-01    2.620296087114834E-03    5.000000000000000E-01
    8.500000000000001E-01    2.620296087114835E-03    5.000000000000000E-01
    8.625000000000000E-01    2.620296087114836E-03    5.000000000000000E-01
    8.750000000000000E-01    2.620296087114835E-03    5.000000000000000E-01
    8.875000000000000E-01    2.620296087114835E-03    5.000000000000000E-01
    8.999999999999999E-01    2.620296087114835E-03    5.000000000000000E-01
    9.125000000000002E-01    2.620296087114836E-03    5.000000000000000E-01
    9.250000000000002E-01    2.620296087114835E-03    5.000000000000000E-01
    9.375000000000001E-01    2.620296087114835E-03    5.000000000000000E-01
    9.500000000000001E-01    2.620296087114835E-03    5.000000000000000E-01
    9.625000000000000E-01    2.620296087114835E-03    5.000000000000000E-01
    9.750000000000001E-01    2.620296087114836E-03    5.000000000000000E-01
    9.875000000000000E-01    2.620296087114834E-03    5.000000000000000E-01
    1.000000000000000E+00    2.620296087114835E-03    5.000000000000000E-01
    7.375000000000000E-01    2.944631947456739E-03    5.000000000000000E-01
    7.500000000000000E-01    2.944631947456739E-03    5.000000000000000E-01
    7.625000000000000E-01    2.944631947456740E-03    5.000000000000000E-01
    7.749999999999999E-01    2.944631947456740E-03    5.000000000000000E-01
    7.875000000000001E-01    2.944631947456740E-03    5.000000000000000E-01
    7.999999999999999E-01    2.944631947456740E-03    5.000000000000000E-01
    8.124999999999999E-01    2.944631947456740E-03    5.000000000000000E-01
    8.249999999999998E-01    2.944631947456740E-03    5.000000000000000E-01
    8.374999999999999E-01    2.944631947456740E-03    5.000000000000000E-01
    8.500000000000001E-01    2.944631947456741E-03    5.000000000000000E-01
    8.625000000000000E-01    2.944631947456741E-03    5.000000000000000E-01
    8.750000000000000E-01    2.944631947456741E-03    5.000000000000000E-01
    8.874999999999997E-01    2.944631947456740E-03    5.000000000000000E-01
    8.999999999999999E-01    2.944631947456740E-03    5.000000000000000E-01
    9.125000000000000E-01    2.944631947456740E-03    5.000000000000000E-01
    9.250000000000002E-01    2.944631947456739E-03    5.000000000000000E-01
    9.374999999999999E-01    2.944631947456739E-03    5.000000000000000E-01
    9.500000000000001E-01    2.944631947456740E-03    5.000000000000000E-01
    9.624999999999998E-01    2.944631947456740E-03    5.000000000000000E-01
    9.750000000000001E-01    2.944631947456740E-03    5.000000000000000E-01
    9.875000000000000E-01    2.944631947456740E-03    5.000000000000000E-01
    1.000000000000000E+00    2.944631947456740E-03    5.000000000000000E-01
    7.375000000000000E-01    3.309113175652678E-03    5.000000000000000E-01
    7.500000000000000E-01    3.309113175652679E-03    5.000000000000000E-01
    7.625000000000000E-01    3.309113175652679E-03    5.000000000000000E-01
    7.749999999999999E-01    3.309113175652680E-03    5.000000000000000E-01
    7.875000000000001E-01    3.309113175652680E-03    5.000000000000000E-01
    7.999999999999999E-01    3.309113175652679E-03    5.000000000000000E-01
    8.124999999999999E-01    3.309113175652679E-03    5.000000000000000E-01
    8.249999999999998E-01    3.309113175652679E-03    5.000000000000000E-01
    8.374999999999999E-01    3.309113175652680E-03    5.000000000000000E-01
    8.500000000000001E-01    3.309113175652679E-03    5.000000000000000E-01
    8.625000000000000E-01    3.309113175652679E-03    5.000000000000000E-01
    8.750000000000000E-01    3.309113175652679E-03    5.000000000000000E-01
    8.875000000000000E-01    3.309113175652680E-03    5.000000000000000E-01
    8.999999999999999E-01    3.309113175652679E-03    5.000000000000000E-01
    9.125000000000002E-01    3.309113175652679E-03    5.000000000000000E-01
    9.250000000000002E-01    3.309113175652680E-03    5.000000000000000E-01
    9.375000000000001E-01    3.309113175652680E-03    5.000000000000000E-01
    9.500000000000001E-01    3.309113175652679E-03    5.000000000000000E-01
    9.624999999999998E-01    3.309113175652679E-03    5.000000000000000E-01
    9.750000000000001E-01    3.309113175652680E-03    5.000000000000000E-01
    9.875000000000000E-01    3.309113175652680E-03    5.000000000000000E-01
    1.000000000000000E+00    3.309113175652679E-03    5.000000000000000E-01
    7.375000000000000E-01    3.718708892884158E-03    5.000000000000000E-01
    7.500000000000000E-01    3.718708892884158E-03    5.000000000000000E-01
    7.625000000000000E-01    3.718708892884159E-03    5.000000000000000E-01
    7.749999999999999E-01    3.718708892884158E-03    5.000000000000000E-01
    7.875000000000001E-01    3.718708892884158E-03    5.000000000000000E-01
    7.999999999999999E-01    3.718708892884158E-03    5.000000000000000E-01
    8.124999999999999E-01    3.718708892884158E-03    5.000000000000000E-01
    8.249999999999998E-01    3.718708892884158E-03    5.000000000000000E-01
    8.374999999999999E-01    3.718708892884158E-03    5.000000000000000E-01
    8.499999999999999E-01    3.718708892884159E-03    5.000000000000000E-01
    8.625000000000000E-01    3.718708892884158E-03    5.000000000000000E-01
    8.750000000000000E-01    3.718708892884158E-03    5.000000000000000E-01
    8.875000000000000E-01    3.718708892884157E-03    5.000000000000000E-01
    8.999999999999999E-01    3.718708892884158E-03    5.000000000000000E-01
    9.125000000000000E-01    3.718708892884158E-03    5.000000000000000E-01
    9.250000000000002E-01    3.718708892884158E-03    5.000000000000000E-01
    9.375000000000001E-01    3.718708892884158E-03    5.000000000000000E-01
    9.500000000000001E-01    3.718708892884158E-03    5.000000000000000E-01
    9.625000000000000E-01    3.718708892884159E-03    5.000000000000000E-01
    9.750000000000001E-01    3.718708892884157E-03    5.000000000000000E-01
    9.875000000000000E-01    3.718708892884158E-03    5.000000000000000E-01
    1.000000000000000E+00    3.718708892884158E-03    5.000000000000000E-01
    7.375000000000000E-01    4.179003284554682E-03    5.000000000000000E-01
    7.500000000000000E-01    4.179003284554682E-03    5.000000000000000E-01
    7.625000000000000E-01    4.179003284554682E-03    5.000000000000000E-01
    7.749999999999999E-01    4.179003284554682E-03    5.000000000000000E-01
    7.875000000000001E-01    4.179003284554682E-03    5.000000000000000E-01
    7.999999999999999E-01    4.179003284554682E-03    5.000000000000000E-01
    8.124999999999999E-01    4.179003284554682E-03    5.000000000000000E-01
    8.249999999999998E-01    4.179003284554682E-03    5.000000000000000E-01
    8.374999999999999E-01    4.179003284554682E-03    5.000000000000000E-01
    8.500000000000001E-01    4.179003284554682E-03    5.000000000000000E-01
    8.625000000000000E-01    4.179003284554682E-03    5.000000000000000E-01
    8.750000000000000E-01    4.179003284554682E-03    5.000000000000000E-01
    8.875000000000000E-01    4.179003284554682E-03    5.000000000000000E-01
    8.999999999999999E-01    4.179003284554682E-03    5.000000000000000E-01
    9.125000000000002E-01    4.179003284554682E-03    5.000000000000000E-01
    9.250000000000002E-01    4.179003284554681E-03    5.000000000000000E-01
    9.375000000000001E-01    4.179003284554684E-03    5.000000000000000E-01
    9.500000000000001E-01    4.179003284554682E-03    5.000000000000000E-01
    9.625000000000000E-01    4.179003284554682E-03    5.000000000000000E-01
    9.750000000000001E-01    4.179003284554682E-03    5.000000000000000E-01
    9.875000000000000E-01    4.179003284554682E-03    5.000000000000000E-01
    1.000000000000000E+00    4.179003284554682E-03    5.000000000000000E-01
    7.375000000000000E-01    4.696271731766031E-03    5.000000000000000E-01
    7.500000000000000E-01    4.696271731766031E-03    5.000000000000000E-01
    7.625000000000000E-01    4.696271731766031E-03    5.000000000000000E-01
    7.749999999999999E-01    4.696271731766030E-03    5.000000000000000E-01
    7.875000000000001E-01    4.696271731766031E-03    5.000000000000000E-01
    8.000000000000002E-01    4.696271731766031E-03    5.000000000000000E-01
    8.124999999999999E-01    4.696271731766031E-03    5.000000000000000E-01
    8.249999999999998E-01    4.696271731766031E-03    5.000000000000000E-01
    8.374999999999999E-01    4.696271731766029E-03    5.000000000000000E-01
    8.500000000000001E-01    4.696271731766031E-03    5.000000000000000E-01
    8.625000000000003E-01    4.696271731766031E-03    5.000000000000000E-01
    8.750000000000000E-01    4.696271731766031E-03    5.000000000000000E-01
    8.875000000000000E-01    4.696271731766032E-03    5.000000000000000E-01
    9.000000000000001E-01    4.696271731766031E-03    5.000000000000000E-01
    9.125000000000002E-01    4.696271731766032E-03    5.000000000000000E-01
    9.250000000000002E-01    4.696271731766030E-03    5.000000000000000E-01
    9.375000000000001E-01    4.696271731766031E-03    5.000000000000000E-01
    9.500000000000001E-01    4.696271731766032E-03    5.000000000000000E-01
    9.625000000000000E-01    4.696271731766029E-03    5.000000000000000E-01
    9.750000000000001E-01    4.696271731766031E-03    5.000000000000000E-01
    9.875000000000000E-01    4.696271731766030E-03    5.000000000000000E-01
    1.000000000000000E+00    4.696271731766031E-03    5.000000000000000E-01
    7.375000000000000E-01    5.277566366147258E-03    5.000000000000000E-01
    7.500000000000000E-01    5.277566366147259E-03    5.000000000000000E-01
    7.625000000000000E-01    5.277566366147258E-03    5.000000000000000E-01
    7.749999999999999E-01    5.277566366147258E-03    5.000000000000000E-01
    7.875000000000001E-01    5.277566366147258E-03    5.000000000000000E-01
    7.999999999999999E-01    5.277566366147258E-03    5.000000000000000E-01
    8.125000000000001E-01    5.277566366147258E-03    5.000000000000000E-01
    8.250000000000001E-01    5.277566366147256E-03    5.000000000000000E-01
    8.374999999999999E-01    5.277566366147258E-03    5.000000000000000E-01
    8.500000000000001E-01    5.277566366147258E-03    5.000000000000000E-01
    8.625000000000000E-01    5.277566366147258E-03    5.000000000000000E-01
    8.750000000000000E-01    5.277566366147258E-03    5.000000000000000E-01
    8.875000000000002E-01    5.277566366147258E-03    5.000000000000000E-01
    9.000000000000001E-01    5.277566366147258E-03    5.000000000000000E-01
    9.125000000000002E-01    5.277566366147257E-03    5.000000000000000E-01
    9.250000000000002E-01    5.277566366147258E-03    5.000000000000000E-01
    9.375000000000001E-01    5.277566366147258E-03    5.000000000000000E-01
    9.500000000000001E-01    5.277566366147258E-03    5.000000000000000E-01
    9.625000000000000E-01    5.277566366147258E-03    5.000000000000000E-01
    9.750000000000001E-01    5.277566366147258E-03    5.000000000000000E-01
    9.875000000000000E-01    5.277566366147258E-03    5.000000000000000E-01
    1.000000000000000E+00    5.277566366147258E-03    5.000000000000000E-01
    7.375000000000000E-01    5.930812214440322E-03    5.000000000000000E-01
    7.500000000000000E-01    5.930812214440322E-03    5.000000000000000E-01
    7.625000000000000E-01    5.930812214440320E-03    5.000000000000000E-01
    7.749999999999999E-01    5.930812214440322E-03    5.000000000000000E-01
    7.875000000000001E-01    5.930812214440322E-03    5.000000000000000E-01
    7.999999999999999E-01    5.930812214440322E-03    5.000000000000000E-01
    8.124999999999999E-01    5.930812214440322E-03    5.000000000000000E-01
    8.249999999999998E-01    5.930812214440322E-03    5.000000000000000E-01
    8.375000000000001E-01    5.930812214440321E-03    5.000000000000000E-01
    8.500000000000003E-01    5.930812214440323E-03    5.000000000000000E-01
    8.625000000000000E-01    5.930812214440321E-03    5.000000000000000E-01
    8.750000000000000E-01    5.930812214440322E-03    5.000000000000000E-01
    8.875000000000000E-01    5.930812214440320E-03    5.000000000000000E-01
    8.999999999999999E-01    5.930812214440322E-03    5.000000000000000E-01
    9.125000000000002E-01    5.930812214440321E-03    5.000000000000000E-01
    9.250000000000002E-01    5.930812214440320E-03    5.000000000000000E-01
    9.375000000000001E-01    5.930812214440322E-03    5.000000000000000E-01
    9.500000000000001E-01    5.930812214440322E-03    5.000000000000000E-01
    9.625000000000000E-01    5.930812214440322E-03    5.000000000000000E-01
    9.750000000000001E-01    5.930812214440323E-03    5.000000000000000E-01
    9.875000000000000E-01    5.930812214440322E-03    5.000000000000000E-01
    1.000000000000000E+00    5.930812214440322E-03    5.000000000000000E-01
    7.375000000000000E-01    6.664915243620652E-03    5.000000000000000E-01
    7.500000000000000E-01    6.664915243620654E-03    5.000000000000000E-01
    7.625000000000000E-01    6.664915243620650E-03    5.000000000000000E-01
    7.749999999999999E-01    6.664915243620652E-03    5.000000000000000E-01
    7.875000000000001E-01    6.664915243620652E-03    5.000000000000000E-01
    7.999999999999999E-01    6.664915243620652E-03    5.000000000000000E-01
    8.124999999999999E-01    6.664915243620652E-03    5.000000000000000E-01
    8.249999999999998E-01    6.664915243620653E-03    5.000000000000000E-01
    8.374999999999999E-01    6.664915243620652E-03    5.000000000000000E-01
    8.500000000000001E-01    6.664915243620652E-03    5.000000000000000E-01
    8.624999999999998E-01    6.664915243620654E-03    5.000000000000000E-01
    8.750000000000000E-01    6.664915243620650E-03    5.000000000000000E-01
    8.875000000000000E-01    6.664915243620652E-03    5.000000000000000E-01
    8.999999999999997E-01    6.664915243620653E-03    5.000000000000000E-01
    9.125000000000002E-01    6.664915243620651E-03    5.000000000000000E-01
    9.250000000000002E-01    6.664915243620652E-03    5.000000000000000E-01
    9.374999999999999E-01    6.664915243620652E-03    5.000000000000000E-01
    9.499999999999998E-01    6.664915243620652E-03    5.000000000000000E-01
    9.625000000000000E-01    6.664915243620652E-03    5.000000000000000E-01
    9.750000000000001E-01    6.664915243620654E-03    5.000000000000000E-01
    9.875000000000000E-01    6.664915243620650E-03    5.000000000000000E-01
    1.000000000000000E+00    6.664915243620652E-03    5.000000000000000E-01
    7.375000000000000E-01    7.489883779575856E-03    5.000000000000000E-01
    7.500000000000000E-01    7.489883779575858E-03    5.000000000000000E-01
    7.625000000000000E-01    7.489883779575856E-03    5.000000000000000E-01
    7.749999999999999E-01    7.489883779575855E-03    5.000000000000000E-01
    7.875000000000001E-01    7.489883779575857E-03    5.000000000000000E-01
    7.999999999999999E-01    7.489883779575858E-03    5.000000000000000E-01
    8.124999999999999E-01    7.489883779575856E-03    5.000000000000000E-01
    8.249999999999998E-01    7.489883779575855E-03    5.000000000000000E-01
    8.374999999999999E-01    7.489883779575855E-03    5.000000000000000E-01
    8.500000000000001E-01    7.489883779575857E-03    5.000000000000000E-01
    8.624999999999998E-01    7.489883779575856E-03    5.000000000000000E-01
    8.750000000000000E-01    7.489883779575855E-03    5.000000000000000E-01
    8.875000000000000E-01    7.489883779575856E-03    5.000000000000000E-01
    8.999999999999999E-01    7.489883779575856E-03    5.000000000000000E-01
    9.125000000000000E-01    7.489883779575856E-03    5.000000000000000E-01
    9.250000000000002E-01    7.489883779575855E-03    5.000000000000000E-01
    9.375000000000001E-01    7.489883779575856E-03    5.000000000000000E-01
    9.499999999999998E-01    7.489883779575856E-03    5.000000000000000E-01
    9.625000000000000E-01    7.489883779575857E-03    5.000000000000000E-01
    9.750000000000001E-01    7.489883779575855E-03    5.000000000000000E-01
    9.875000000000000E-01    7.489883779575856E-03    5.000000000000000E-01
    1.000000000000000E+00    7.489883779575856E-03    5.000000000000000E-01
    7.375000000000000E-01    8.416964954692900E-03    5.000000000000000E-01
    7.500000000000000E-01    8.416964954692900E-03    5.000000000000000E-01
    7.625000000000000E-01    8.416964954692900E-03    5.000000000000000E-01
    7.749999999999999E-01    8.416964954692900E-03    5.000000000000000E-01
    7.875000000000001E-01    8.416964954692900E-03    5.000000000000000E-01
    7.999999999999999E-01    8.416964954692900E-03    5.000000000000000E-01
    8.124999999999999E-01    8.416964954692900E-03    5.000000000000000E-01
    8.249999999999998E-01    8.416964954692900E-03    5.000000000000000E-01
    8.374999999999999E-01    8.416964954692900E-03    5.000000000000000E-01
    8.500000000000001E-01    8.416964954692900E-03    5.000000000000000E-01
    8.625000000000000E-01    8.416964954692904E-03    5.000000000000000E-01
    8.750000000000000E-01    8.416964954692900E-03    5.000000000000000E-01
    8.874999999999997E-01    8.416964954692900E-03    5.000000000000000E-01
    8.999999999999999E-01    8.416964954692900E-03    5.000000000000000E-01
    9.125000000000002E-01    8.416964954692900E-03    5.000000000000000E-01
    9.250000000000002E-01    8.416964954692900E-03    5.000000000000000E-01
    9.375000000000001E-01    8.416964954692900E-03    5.000000000000000E-01
    9.500000000000001E-01    8.416964954692900E-03    5.000000000000000E-01
    9.625000000000000E-01    8.416964954692900E-03    5.000000000000000E-01
    9.750000000000001E-01    8.416964954692904E-03    5.000000000000000E-01
    9.875000000000000E-01    8.416964954692900E-03    5.000000000000000E-01
    1.000000000000000E+00    8.416964954692900E-03    5.000000000000000E-01
    7.375000000000000E-01    9.458798044599348E-03    5.000000000000000E-01
    7.500000000000000E-01    9.458798044599344E-03    5.000000000000000E-01
    7.625000000000000E-01    9.458798044599344E-03    5.000000000000000E-01
    7.749999999999999E-01    9.458798044599344E-03    5.000000000000000E-01
    7.875000000000001E-01    9.458798044599346E-03    5.000000000000000E-01
    7.999999999999999E-01    9.458798044599344E-03    5.000000000000000E-01
    8.124999999999999E-01    9.458798044599348E-03    5.000000000000000E-01
    8.249999999999998E-01    9.458798044599344E-03    5.000000000000000E-01
    8.374999999999999E-01    9.458798044599344E-03    5.000000000000000E-01
    8.499999999999999E-01    9.458798044599344E-03    5.000000000000000E-01
    8.625000000000000E-01    9.458798044599344E-03    5.000000000000000E-01
    8.749999999999998E-01    9.458798044599348E-03    5.000000000000000E-01
    8.875000000000000E-01    9.458798044599344E-03    5.000000000000000E-01
    8.999999999999997E-01    9.458798044599346E-03    5.000000000000000E-01
    9.125000000000002E-01    9.458798044599342E-03    5.000000000000000E-01
    9.249999999999999E-01    9.458798044599344E-03    5.000000000000000E-01
    9.375000000000001E-01    9.458798044599344E-03    5.000000000000000E-01
    9.499999999999998E-01    9.458798044599348E-03    5.000000000000000E-01
    9.625000000000000E-01    9.458798044599344E-03    5.000000000000000E-01
    9.750000000000001E-01    9.458798044599341E-03    5.000000000000000E-01
    9.875000000000000E-01    9.458798044599344E-03    5.000000000000000E-01
    1.000000000000000E+00    9.458798044599344E-03    5.000000000000000E-01
    7.375000000000000E-01    1.062958678456096E-02    5.000000000000000E-01
    7.500000000000000E-01    1.062958678456096E-02    5.000000000000000E-01
    7.625000000000000E-01    1.062958678456096E-02    5.000000000000000E-01
    7.749999999999999E-01    1.062958678456096E-02    5.000000000000000E-01
    7.875000000000001E-01    1.062958678456096E-02    5.000000000000000E-01
    7.999999999999999E-01    1.062958678456096E-02    5.000000000000000E-01
    8.124999999999999E-01    1.062958678456096E-02    5.000000000000000E-01
    8.250000000000001E-01    1.062958678456096E-02    5.000000000000000E-01
    8.374999999999999E-01    1.062958678456096E-02    5.000000000000000E-01
    8.500000000000003E-01    1.062958678456096E-02    5.000000000000000E-01
    8.625000000000000E-01    1.062958678456096E-02    5.000000000000000E-01
    8.750000000000002E-01    1.062958678456096E-02    5.000000000000000E-01
    8.875000000000000E-01    1.062958678456096E-02    5.000000000000000E-01
    8.999999999999999E-01    1.062958678456096E-02    5.000000000000000E-01
    9.125000000000002E-01    1.062958678456096E-02    5.000000000000000E-01
    9.250000000000002E-01    1.062958678456096E-02    5.000000000000000E-01
    9.375000000000001E-01    1.062958678456096E-02    5.000000000000000E-01
    9.500000000000001E-01    1.062958678456096E-02    5.000000000000000E-01
    9.625000000000000E-01    1.062958678456096E-02    5.000000000000000E-01
    9.750000000000001E-01    1.062958678456096E-02    5.000000000000000E-01
    9.875000000000000E-01    1.062958678456096E-02    5.000000000000000E-01
    1.000000000000000E+00    1.062958678456096E-02    5.000000000000000E-01
    7.375000000000000E-01    1.194529301479540E-02    5.000000000000000E-01
    7.500000000000000E-01    1.194529301479540E-02    5.000000000000000E-01
    7.625000000000000E-01    1.194529301479540E-02    5.000000000000000E-01
    7.749999999999999E-01    1.194529301479540E-02    5.000000000000000E-01
    7.875000000000001E-01    1.194529301479540E-02    5.000000000000000E-01
    7.999999999999999E-01    1.194529301479540E-02    5.000000000000000E-01
    8.124999999999999E-01    1.194529301479540E-02    5.000000000000000E-01
    8.249999999999998E-01    1.194529301479540E-02    5.000000000000000E-01
    8.374999999999999E-01    1.194529301479541E-02    5.000000000000000E-01
    8.500000000000001E-01    1.194529301479541E-02    5.000000000000000E-01
    8.625000000000000E-01    1.194529301479540E-02    5.000000000000000E-01
    8.750000000000000E-01    1.194529301479540E-02    5.000000000000000E-01
    8.875000000000000E-01    1.194529301479540E-02    5.000000000000000E-01
    8.999999999999999E-01    1.194529301479540E-02    5.000000000000000E-01
    9.125000000000002E-01    1.194529301479540E-02    5.000000000000000E-01
    9.250000000000002E-01    1.194529301479540E-02    5.000000000000000E-01
    9.375000000000001E-01    1.194529301479540E-02    5.000000000000000E-01
    9.500000000000001E-01    1.194529301479540E-02    5.000000000000000E-01
    9.625000000000000E-01    1.194529301479540E-02    5.000000000000000E-01
    9.750000000000001E-01    1.194529301479540E-02    5.000000000000000E-01
    9.875000000000000E-01    1.194529301479540E-02    5.000000000000000E-01
    1.000000000000000E+00    1.194529301479540E-02    5.000000000000000E-01
    7.375000000000000E-01    1.342385429474747E-02    5.000000000000000E-01
    7.500000000000000E-01    1.342385429474747E-02    5.000000000000000E-01
    7.625000000000000E-01    1.342385429474747E-02    5.000000000000000E-01
    7.749999999999999E-01    1.342385429474747E-02    5.000000000000000E-01
    7.875000000000001E-01    1.342385429474748E-02    5.000000000000000E-01
    7.999999999999999E-01    1.342385429474747E-02    5.000000000000000E-01
    8.124999999999999E-01    1.342385429474747E-02    5.000000000000000E-01
    8.249999999999998E-01    1.342385429474748E-02    5.000000000000000E-01
    8.374999999999999E-01    1.342385429474747E-02    5.000000000000000E-01
    8.500000000000001E-01    1.342385429474747E-02    5.000000000000000E-01
    8.625000000000000E-01    1.342385429474748E-02    5.000000000000000E-01
    8.750000000000000E-01    1.342385429474747E-02    5.000000000000000E-01
    8.875000000000000E-01    1.342385429474747E-02    5.000000000000000E-01
    8.999999999999999E-01    1.342385429474748E-02    5.000000000000000E-01
    9.125000000000002E-01    1.342385429474747E-02    5.000000000000000E-01
    9.250000000000002E-01    1.342385429474747E-02    5.000000000000000E-01
    9.375000000000001E-01    1.342385429474747E-02    5.000000000000000E-01
    9.500000000000001E-01    1.342385429474747E-02    5.000000000000000E-01
    9.625000000000000E-01    1.342385429474747E-02    5.000000000000000E-01
    9.750000000000001E-01    1.342385429474747E-02    5.000000000000000E-01
    9.875000000000000E-01    1.342385429474747E-02    5.000000000000000E-01
    1.000000000000000E+00    1.342385429474747E-02    5.000000000000000E-01
    7.375000000000000E-01    1.508542845315018E-02    5.000000000000000E-01
    7.500000000000000E-01    1.508542845315018E-02    5.000000000000000E-01
    7.625000000000000E-01    1.508542845315018E-02    5.000000000000000E-01
    7.749999999999999E-01    1.508542845315018E-02    5.000000000000000E-01
    7.875000000000001E-01    1.508542845315018E-02    5.000000000000000E-01
    7.999999999999999E-01    1.508542845315018E-02    5.000000000000000E-01
    8.124999999999999E-01    1.508542845315018E-02    5.000000000000000E-01
    8.249999999999998E-01    1.508542845315018E-02    5.000000000000000E-01
    8.374999999999997E-01    1.508542845315018E-02    5.000000000000000E-01
    8.500000000000001E-01    1.508542845315018E-02    5.000000000000000E-01
    8.624999999999998E-01    1.508542845315018E-02    5.000000000000000E-01
    8.750000000000000E-01    1.508542845315018E-02    5.000000000000000E-01
    8.875000000000000E-01    1.508542845315018E-02    5.000000000000000E-01
    8.999999999999999E-01    1.508542845315018E-02    5.000000000000000E-01
    9.125000000000002E-01    1.508542845315018E-02    5.000000000000000E-01
    9.249999999999999E-01    1.508542845315018E-02    5.000000000000000E-01
    9.375000000000001E-01    1.508542845315018E-02    5.000000000000000E-01
    9.499999999999998E-01    1.508542845315018E-02    5.000000000000000E-01
    9.625000000000000E-01    1.508542845315018E-02    5.000000000000000E-01
    9.750000000000001E-01    1.508542845315018E-02    5.000000000000000E-01
    9.875000000000000E-01    1.508542845315018E-02    5.000000000000000E-01
    1.000000000000000E+00    1.508542845315018E-02    5.000000000000000E-01
    7.375000000000000E-01    1.695266840792193E-02    5.000000000000000E-01
    7.500000000000000E-01    1.695266840792193E-02    5.000000000000000E-01
    7.625000000000000E-01    1.695266840792193E-02    5.000000000000000E-01
    7.749999999999999E-01    1.695266840792193E-02    5.000000000000000E-01
    7.875000000000001E-01    1.695266840792193E-02    5.000000000000000E-01
    7.999999999999999E-01    1.695266840792193E-02    5.000000000000000E-01
    8.125000000000001E-01    1.695266840792193E-02    5.000000000000000E-01
    8.249999999999998E-01    1.695266840792193E-02    5.000000000000000E-01
    8.374999999999999E-01    1.695266840792193E-02    5.000000000000000E-01
    8.500000000000001E-01    1.695266840792193E-02    5.000000000000000E-01
    8.625000000000000E-01    1.695266840792193E-02    5.000000000000000E-01
    8.750000000000000E-01    1.695266840792193E-02    5.000000000000000E-01
    8.875000000000000E-01    1.695266840792193E-02    5.000000000000000E-01
    8.999999999999999E-01    1.695266840792193E-02    5.000000000000000E-01
    9.125000000000002E-01    1.695266840792193E-02    5.000000000000000E-01
    9.250000000000002E-01    1.695266840792193E-02    5.000000000000000E-01
    9.375000000000001E-01    1.695266840792193E-02    5.000000000000000E-01
    9.500000000000001E-01    1.695266840792193E-02    5.000000000000000E-01
    9.625000000000000E-01    1.695266840792193E-02    5.000000000000000E-01
    9.750000000000001E-01    1.695266840792193E-02    5.000000000000000E-01
    9.875000000000000E-01    1.695266840792193E-02    5.000000000000000E-01
    1.000000000000000E+00    1.695266840792193E-02    5.000000000000000E-01
    7.375000000000000E-01    1.905103100263226E-02    5.000000000000000E-01
    7.500000000000000E-01    1.905103100263226E-02    5.000000000000000E-01
    7.625000000000000E-01    1.905103100263226E-02    5.000000000000000E-01
    7.749999999999999E-01    1.905103100263226E-02    5.000000000000000E-01
    7.875000000000001E-01    1.905103100263226E-02    5.000000000000000E-01
    7.999999999999999E-01    1.905103100263226E-02    5.000000000000000E-01
    8.124999999999999E-01    1.905103100263226E-02    5.000000000000000E-01
    8.249999999999998E-01    1.905103100263226E-02    5.000000000000000E-01
    8.374999999999999E-01    1.905103100263226E-02    5.000000000000000E-01
    8.500000000000001E-01    1.905103100263225E-02    5.000000000000000E-01
    8.624999999999998E-01    1.905103100263226E-02    5.000000000000000E-01
    8.749999999999998E-01    1.905103100263226E-02    5.000000000000000E-01
    8.874999999999997E-01    1.905103100263226E-02    5.000000000000000E-01
    8.999999999999997E-01    1.905103100263226E-02    5.000000000000000E-01
    9.125000000000000E-01    1.905103100263226E-02    5.000000000000000E-01
    9.250000000000002E-01    1.905103100263225E-02    5.000000000000000E-01
    9.375000000000001E-01    1.905103100263226E-02    5.000000000000000E-01
    9.500000000000001E-01    1.905103100263226E-02    5.000000000000000E-01
    9.625000000000000E-01    1.905103100263225E-02    5.000000000000000E-01
    9.750000000000001E-01    1.905103100263226E-02    5.000000000000000E-01
    9.875000000000000E-01    1.905103100263225E-02    5.000000000000000E-01
    1.000000000000000E+00    1.905103100263226E-02    5.000000000000000E-01
    7.375000000000000E-01    2.140912407002859E-02    5.000000000000000E-01
    7.500000000000000E-01    2.140912407002859E-02    5.000000000000000E-01
    7.625000000000000E-01    2.140912407002859E-02    5.000000000000000E-01
    7.749999999999999E-01    2.140912407002859E-02    5.000000000000000E-01
    7.875000000000001E-01    2.140912407002859E-02    5.000000000000000E-01
    7.999999999999999E-01    2.140912407002859E-02    5.000000000000000E-01
    8.124999999999999E-01    2.140912407002859E-02    5.000000000000000E-01
    8.249999999999998E-01    2.140912407002859E-02    5.000000000000000E-01
    8.374999999999999E-01    2.140912407002858E-02    5.000000000000000E-01
    8.500000000000001E-01    2.140912407002859E-02    5.000000000000000E-01
    8.625000000000000E-01    2.140912407002858E-02    5.000000000000000E-01
    8.750000000000000E-01    2.140912407002858E-02    5.000000000000000E-01
    8.875000000000000E-01    2.140912407002859E-02    5.000000000000000E-01
    8.999999999999999E-01    2.140912407002859E-02    5.000000000000000E-01
    9.125000000000002E-01    2.140912407002859E-02    5.000000000000000E-01
    9.250000000000002E-01    2.140912407002859E-02    5.000000000000000E-01
    9.374999999999999E-01    2.140912407002858E-02    5.000000000000000E-01
    9.500000000000001E-01    2.140912407002859E-02    5.000000000000000E-01
    9.624999999999998E-01    2.140912407002859E-02    5.000000000000000E-01
    9.750000000000001E-01    2.140912407002859E-02    5.000000000000000E-01
    9.875000000000000E-01    2.140912407002859E-02    5.000000000000000E-01
    1.000000000000000E+00    2.140912407002859E-02    5.000000000000000E-01
    7.375000000000000E-01    2.405909645428368E-02    5.000000000000000E-01
    7.500000000000000E-01    2.405909645428369E-02    5.000000000000000E-01
    7.625000000000000E-01    2.405909645428368E-02    5.000000000000000E-01
    7.749999999999999E-01    2.405909645428369E-02    5.000000000000000E-01
    7.875000000000001E-01    2.405909645428369E-02    5.000000000000000E-01
    7.999999999999999E-01    2.405909645428369E-02    5.000000000000000E-01
    8.124999999999999E-01    2.405909645428369E-02    5.000000000000000E-01
    8.249999999999998E-01    2.405909645428369E-02    5.000000000000000E-01
    8.375000000000001E-01    2.405909645428369E-02    5.000000000000000E-01
    8.500000000000003E-01    2.405909645428369E-02    5.000000000000000E-01
    8.625000000000000E-01    2.405909645428369E-02    5.000000000000000E-01
    8.750000000000000E-01    2.405909645428369E-02    5.000000000000000E-01
    8.875000000000000E-01    2.405909645428369E-02    5.000000000000000E-01
    8.999999999999999E-01    2.405909645428369E-02    5.000000000000000E-01
    9.125000000000002E-01    2.405909645428369E-02    5.000000000000000E-01
    9.250000000000002E-01    2.405909645428369E-02    5.000000000000000E-01
    9.375000000000001E-01    2.405909645428369E-02    5.000000000000000E-01
    9.500000000000001E-01    2.405909645428369E-02    5.000000000000000E-01
    9.625000000000000E-01    2.405909645428369E-02    5.000000000000000E-01
    9.750000000000001E-01    2.405909645428369E-02    5.000000000000000E-01
    9.875000000000000E-01    2.405909645428369E-02    5.000000000000000E-01
    1.000000000000000E+00    2.405909645428369E-02    5.000000000000000E-01
    7.375000000000000E-01    2.703707630929489E-02    5.000000000000000E-01
    7.500000000000000E-01    2.703707630929489E-02    5.000000000000000E-01
    7.625000000000000E-01    2.703707630929490E-02    5.000000000000000E-01
    7.749999999999999E-01    2.703707630929489E-02    5.000000000000000E-01
    7.875000000000001E-01    2.703707630929489E-02    5.000000000000000E-01
    7.999999999999999E-01    2.703707630929489E-02    5.000000000000000E-01
    8.124999999999999E-01    2.703707630929489E-02    5.000000000000000E-01
    8.249999999999998E-01    2.703707630929489E-02    5.000000000000000E-01
    8.374999999999997E-01    2.703707630929490E-02    5.000000000000000E-01
    8.500000000000001E-01    2.703707630929490E-02    5.000000000000000E-01
    8.625000000000000E-01    2.703707630929489E-02    5.000000000000000E-01
    8.750000000000000E-01    2.703707630929489E-02    5.000000000000000E-01
    8.875000000000000E-01    2.703707630929489E-02    5.000000000000000E-01
    8.999999999999997E-01    2.703707630929490E-02    5.000000000000000E-01
    9.125000000000002E-01    2.703707630929489E-02    5.000000000000000E-01
    9.249999999999999E-01    2.703707630929489E-02    5.000000000000000E-01
    9.375000000000001E-01    2.703707630929489E-02    5.000000000000000E-01
    9.500000000000001E-01    2.703707630929490E-02    5.000000000000000E-01
    9.624999999999998E-01    2.703707630929489E-02    5.000000000000000E-01
    9.750000000000001E-01    2.703707630929489E-02    5.000000000000000E-01
    9.875000000000000E-01    2.703707630929489E-02    5.000000000000000E-01
    1.000000000000000E+00    2.703707630929489E-02    5.000000000000000E-01
    7.375000000000000E-01    3.038366364853582E-02    5.000000000000000E-01
    7.500000000000000E-01    3.038366364853582E-02    5.000000000000000E-01
    7.625000000000000E-01    3.038366364853582E-02    5.000000000000000E-01
    7.749999999999999E-01    3.038366364853582E-02    5.000000000000000E-01
    7.875000000000001E-01    3.038366364853582E-02    5.000000000000000E-01
    7.999999999999999E-01    3.038366364853582E-02    5.000000000000000E-01
    8.124999999999999E-01    3.038366364853582E-02    5.000000000000000E-01
    8.249999999999998E-01    3.038366364853581E-02    5.000000000000000E-01
    8.374999999999999E-01    3.038366364853582E-02    5.000000000000000E-01
    8.500000000000001E-01    3.038366364853582E-02    5.000000000000000E-01
    8.625000000000000E-01    3.038366364853582E-02    5.000000000000000E-01
    8.749999999999998E-01    3.038366364853583E-02    5.000000000000000E-01
    8.874999999999997E-01    3.038366364853582E-02    5.000000000000000E-01
    8.999999999999999E-01    3.038366364853582E-02    5.000000000000000E-01
    9.125000000000002E-01    3.038366364853582E-02    5.000000000000000E-01
    9.250000000000002E-01    3.038366364853582E-02    5.000000000000000E-01
    9.375000000000001E-01    3.038366364853581E-02    5.000000000000000E-01
    9.499999999999998E-01    3.038366364853582E-02    5.000000000000000E-01
    9.625000000000000E-01    3.038366364853582E-02    5.000000000000000E-01
    9.750000000000001E-01    3.038366364853582E-02    5.000000000000000E-01
    9.875000000000000E-01    3.038366364853582E-02    5.000000000000000E-01
    1.000000000000000E+00    3.038366364853582E-02    5.000000000000000E-01
    7.375000000000000E-01    3.414448386159217E-02    5.000000000000000E-01
    7.500000000000000E-01    3.414448386159217E-02    5.000000000000000E-01
    7.625000000000000E-01    3.414448386159217E-02    5.000000000000000E-01
    7.749999999999999E-01    3.414448386159217E-02    5.000000000000000E-01
    7.875000000000001E-01    3.414448386159217E-02    5.000000000000000E-01
    7.999999999999999E-01    3.414448386159217E-02    5.000000000000000E-01
    8.124999999999999E-01    3.414448386159217E-02    5.000000000000000E-01
    8.249999999999998E-01    3.414448386159217E-02    5.000000000000000E-01
    8.374999999999999E-01    3.414448386159217E-02    5.000000000000000E-01
    8.500000000000001E-01    3.414448386159217E-02    5.000000000000000E-01
    8.624999999999998E-01    3.414448386159217E-02    5.000000000000000E-01
    8.749999999999998E-01    3.414448386159217E-02    5.000000000000000E-01
    8.875000000000000E-01    3.414448386159216E-02    5.000000000000000E-01
    8.999999999999999E-01    3.414448386159217E-02    5.000000000000000E-01
    9.125000000000002E-01    3.414448386159217E-02    5.000000000000000E-01
    9.249999999999999E-01    3.414448386159218E-02    5.000000000000000E-01
    9.375000000000001E-01    3.414448386159217E-02    5.000000000000000E-01
    9.500000000000001E-01    3.414448386159217E-02    5.000000000000000E-01
    9.625000000000000E-01    3.414448386159217E-02    5.000000000000000E-01
    9.750000000000001E-01    3.414448386159218E-02    5.000000000000000E-01
    9.875000000000000E-01    3.414448386159217E-02    5.000000000000000E-01
    1.000000000000000E+00    3.414448386159217E-02    5.000000000000000E-01
    7.375000000000000E-01    3.837080974369962E-02    5.000000000000000E-01
    7.500000000000000E-01    3.837080974369962E-02    5.000000000000000E-01
    7.625000000000000E-01    3.837080974369962E-02    5.000000000000000E-01
    7.749999999999999E-01    3.837080974369962E-02    5.000000000000000E-01
    7.875000000000001E-01    3.837080974369962E-02    5.000000000000000E-01
    7.999999999999999E-01    3.837080974369962E-02    5.000000000000000E-01
    8.124999999999999E-01    3.837080974369962E-02    5.000000000000000E-01
    8.249999999999998E-01    3.837080974369962E-02    5.000000000000000E-01
    8.374999999999999E-01    3.837080974369962E-02    5.000000000000000E-01
    8.500000000000001E-01    3.837080974369962E-02    5.000000000000000E-01
    8.625000000000000E-01    3.837080974369962E-02    5.000000000000000E-01
    8.750000000000000E-01    3.837080974369962E-02    5.000000000000000E-01
    8.875000000000000E-01    3.837080974369962E-02    5.000000000000000E-01
    8.999999999999999E-01    3.837080974369962E-02    5.000000000000000E-01
    9.125000000000002E-01    3.837080974369962E-02    5.000000000000000E-01
    9.250000000000002E-01    3.837080974369962E-02    5.000000000000000E-01
    9.375000000000001E-01    3.837080974369962E-02    5.000000000000000E-01
    9.500000000000001E-01    3.837080974369963E-02    5.000000000000000E-01
    9.625000000000000E-01    3.837080974369962E-02    5.000000000000000E-01
    9.750000000000001E-01    3.837080974369961E-02    5.000000000000000E-01
    9.875000000000000E-01    3.837080974369962E-02    5.000000000000000E-01
    1.000000000000000E+00    3.837080974369962E-02    5.000000000000000E-01
    7.375000000000000E-01    4.312026051866454E-02    5.000000000000000E-01
    7.500000000000000E-01    4.312026051866451E-02    5.000000000000000E-01
    7.625000000000000E-01    4.312026051866454E-02    5.000000000000000E-01
    7.749999999999999E-01    4.312026051866452E-02    5.000000000000000E-01
    7.875000000000001E-01    4.312026051866452E-02    5.000000000000000E-01
    7.999999999999999E-01    4.312026051866453E-02    5.000000000000000E-01
    8.124999999999999E-01    4.312026051866453E-02    5.000000000000000E-01
    8.249999999999998E-01    4.312026051866454E-02    5.000000000000000E-01
    8.374999999999999E-01    4.312026051866454E-02    5.000000000000000E-01
    8.500000000000001E-01    4.312026051866454E-02    5.000000000000000E-01
    8.625000000000000E-01    4.312026051866451E-02    5.000000000000000E-01
    8.750000000000000E-01    4.312026051866454E-02    5.000000000000000E-01
    8.875000000000000E-01    4.312026051866453E-02    5.000000000000000E-01
    9.000000000000001E-01    4.312026051866453E-02    5.000000000000000E-01
    9.125000000000002E-01    4.312026051866453E-02    5.000000000000000E-01
    9.250000000000002E-01    4.312026051866454E-02    5.000000000000000E-01
    9.375000000000001E-01    4.312026051866453E-02    5.000000000000000E-01
    9.500000000000001E-01    4.312026051866453E-02    5.000000000000000E-01
    9.625000000000000E-01    4.312026051866452E-02    5.000000000000000E-01
    9.750000000000001E-01    4.312026051866452E-02    5.000000000000000E-01
    9.875000000000000E-01    4.312026051866453E-02    5.000000000000000E-01
    1.000000000000000E+00    4.312026051866453E-02    5.000000000000000E-01
    7.375000000000000E-01    4.845758738523372E-02    5.000000000000000E-01
    7.500000000000000E-01    4.845758738523373E-02    5.000000000000000E-01
    7.625000000000000E-01    4.845758738523373E-02    5.000000000000000E-01
    7.749999999999999E-01    4.845758738523373E-02    5.000000000000000E-01
    7.875000000000001E-01    4.845758738523372E-02    5.000000000000000E-01
    7.999999999999999E-01    4.845758738523373E-02    5.000000000000000E-01
    8.124999999999999E-01    4.845758738523373E-02    5.000000000000000E-01
    8.249999999999998E-01    4.845758738523373E-02    5.000000000000000E-01
    8.374999999999999E-01    4.845758738523373E-02    5.000000000000000E-01
    8.500000000000001E-01    4.845758738523373E-02    5.000000000000000E-01
    8.625000000000000E-01    4.845758738523374E-02    5.000000000000000E-01
    8.750000000000000E-01    4.845758738523373E-02    5.000000000000000E-01
    8.874999999999997E-01    4.845758738523374E-02    5.000000000000000E-01
    8.999999999999999E-01    4.845758738523373E-02    5.000000000000000E-01
    9.125000000000000E-01    4.845758738523374E-02    5.000000000000000E-01
    9.250000000000002E-01    4.845758738523374E-02    5.000000000000000E-01
    9.375000000000001E-01    4.845758738523373E-02    5.000000000000000E-01
    9.499999999999998E-01    4.845758738523373E-02    5.000000000000000E-01
    9.624999999999999E-01    4.845758738523373E-02    5.000000000000000E-01
    9.750000000000001E-01    4.845758738523374E-02    5.000000000000000E-01
    9.875000000000000E-01    4.845758738523372E-02    5.000000000000000E-01
    1.000000000000000E+00    4.845758738523373E-02    5.000000000000000E-01
    7.375000000000000E-01    5.445555629658525E-02    5.000000000000000E-01
    7.500000000000000E-01    5.445555629658528E-02    5.000000000000000E-01
    7.625000000000000E-01    5.445555629658527E-02    5.000000000000000E-01
    7.749999999999999E-01    5.445555629658527E-02    5.000000000000000E-01
    7.875000000000001E-01    5.445555629658525E-02    5.000000000000000E-01
    7.999999999999999E-01    5.445555629658528E-02    5.000000000000000E-01
    8.124999999999999E-01    5.445555629658526E-02    5.000000000000000E-01
    8.249999999999998E-01    5.445555629658527E-02    5.000000000000000E-01
    8.374999999999999E-01    5.445555629658527E-02    5.000000000000000E-01
    8.500000000000001E-01    5.445555629658527E-02    5.000000000000000E-01
    8.625000000000000E-01    5.445555629658527E-02    5.000000000000000E-01
    8.750000000000000E-01    5.445555629658527E-02    5.000000000000000E-01
    8.875000000000000E-01    5.445555629658527E-02    5.000000000000000E-01
    8.999999999999999E-01    5.445555629658526E-02    5.000000000000000E-01
    9.125000000000002E-01    5.445555629658525E-02    5.000000000000000E-01
    9.250000000000002E-01    5.445555629658527E-02    5.000000000000000E-01
    9.375000000000001E-01    5.445555629658527E-02    5.000000000000000E-01
    9.500000000000001E-01    5.445555629658527E-02    5.000000000000000E-01
    9.624999999999999E-01    5.445555629658526E-02    5.000000000000000E-01
    9.750000000000001E-01    5.445555629658528E-02    5.000000000000000E-01
    9.875000000000000E-01    5.445555629658526E-02    5.000000000000000E-01
    1.000000000000000E+00    5.445555629658527E-02    5.000000000000000E-01
    7.375000000000000E-01    6.119594000823497E-02    5.000000000000000E-01
    7.500000000000000E-01    6.119594000823497E-02    5.000000000000000E-01
    7.625000000000000E-01    6.119594000823498E-02    5.000000000000000E-01
    7.749999999999999E-01    6.119594000823496E-02    5.000000000000000E-01
    7.875000000000001E-01    6.119594000823497E-02    5.000000000000000E-01
    7.999999999999999E-01    6.119594000823497E-02    5.000000000000000E-01
    8.124999999999999E-01    6.119594000823497E-02    5.000000000000000E-01
    8.249999999999998E-01    6.119594000823497E-02    5.000000000000000E-01
    8.374999999999999E-01    6.119594000823499E-02    5.000000000000000E-01
    8.500000000000001E-01    6.119594000823497E-02    5.000000000000000E-01
    8.625000000000000E-01    6.119594000823497E-02    5.000000000000000E-01
    8.750000000000000E-01    6.119594000823497E-02    5.000000000000000E-01
    8.875000000000000E-01    6.119594000823498E-02    5.000000000000000E-01
    8.999999999999999E-01    6.119594000823497E-02    5.000000000000000E-01
    9.125000000000002E-01    6.119594000823497E-02    5.000000000000000E-01
    9.250000000000002E-01    6.119594000823497E-02    5.000000000000000E-01
    9.375000000000001E-01    6.119594000823499E-02    5.000000000000000E-01
    9.500000000000001E-01    6.119594000823497E-02    5.000000000000000E-01
    9.624999999999999E-01    6.119594000823497E-02    5.000000000000000E-01
    9.750000000000001E-01    6.119594000823497E-02    5.000000000000000E-01
    9.875000000000000E-01    6.119594000823499E-02    5.000000000000000E-01
    1.000000000000000E+00    6.119594000823497E-02    5.000000000000000E-01
    7.375000000000000E-01    6.877063291935055E-02    5.000000000000000E-01
    7.500000000000000E-01    6.877063291935055E-02    5.000000000000000E-01
    7.625000000000000E-01    6.877063291935055E-02    5.000000000000000E-01
    7.749999999999998E-01    6.877063291935055E-02    5.000000000000000E-01
    7.875000000000001E-01    6.877063291935057E-02    5.000000000000000E-01
    7.999999999999999E-01    6.877063291935055E-02    5.000000000000000E-01
    8.124999999999999E-01    6.877063291935055E-02    5.000000000000000E-01
    8.250000000000000E-01    6.877063291935054E-02    5.000000000000000E-01
    8.374999999999999E-01    6.877063291935055E-02    5.000000000000000E-01
    8.500000000000001E-01    6.877063291935055E-02    5.000000000000000E-01
    8.625000000000000E-01    6.877063291935055E-02    5.000000000000000E-01
    8.750000000000000E-01    6.877063291935055E-02    5.000000000000000E-01
    8.875000000000000E-01    6.877063291935055E-02    5.000000000000000E-01
    8.999999999999999E-01    6.877063291935055E-02    5.000000000000000E-01
    9.125000000000002E-01    6.877063291935052E-02    5.000000000000000E-01
    9.250000000000002E-01    6.877063291935052E-02    5.000000000000000E-01
    9.375000000000001E-01    6.877063291935052E-02    5.000000000000000E-01
    9.500000000000001E-01    6.877063291935052E-02    5.000000000000000E-01
    9.624999999999999E-01    6.877063291935052E-02    5.000000000000000E-01
    9.750000000000001E-01    6.877063291935055E-02    5.000000000000000E-01
    9.875000000000000E-01    6.877063291935055E-02    5.000000000000000E-01
    1.000000000000000E+00    6.877063291935055E-02    5.000000000000000E-01
    7.375000000000000E-01    7.728290390656059E-02    5.000000000000000E-01
    7.500000000000000E-01    7.728290390656059E-02    5.000000000000000E-01
    7.625000000000000E-01    7.728290390656059E-02    5.000000000000000E-01
    7.750000000000000E-01    7.728290390656059E-02    5.000000000000000E-01
    7.875000000000001E-01    7.728290390656059E-02    5.000000000000000E-01
    8.000000000000002E-01    7.728290390656062E-02    5.000000000000000E-01
    8.124999999999999E-01    7.728290390656059E-02    5.000000000000000E-01
    8.250000000000000E-01    7.728290390656059E-02    5.000000000000000E-01
    8.375000000000001E-01    7.728290390656059E-02    5.000000000000000E-01
    8.500000000000001E-01    7.728290390656058E-02    5.000000000000000E-01
    8.625000000000003E-01    7.728290390656058E-02    5.000000000000000E-01
    8.750000000000000E-01    7.728290390656062E-02    5.000000000000000E-01
    8.875000000000000E-01    7.728290390656058E-02    5.000000000000000E-01
    9.000000000000001E-01    7.728290390656060E-02    5.000000000000000E-01
    9.125000000000002E-01    7.728290390656056E-02    5.000000000000000E-01
    9.250000000000002E-01    7.728290390656059E-02    5.000000000000000E-01
    9.375000000000001E-01    7.728290390656059E-02    5.000000000000000E-01
    9.500000000000001E-01    7.728290390656059E-02    5.000000000000000E-01
    9.624999999999999E-01    7.728290390656059E-02    5.000000000000000E-01
    9.750000000000001E-01    7.728290390656059E-02    5.000000000000000E-01
    9.875000000000000E-01    7.728290390656059E-02    5.000000000000000E-01
    1.000000000000000E+00    7.728290390656059E-02    5.000000000000000E-01
    7.375000000000000E-01    8.684880423065137E-02    5.000000000000000E-01
    7.500000000000000E-01    8.684880423065140E-02    5.000000000000000E-01
    7.625000000000000E-01    8.684880423065143E-02    5.000000000000000E-01
    7.749999999999998E-01    8.684880423065140E-02    5.000000000000000E-01
    7.875000000000001E-01    8.684880423065139E-02    5.000000000000000E-01
    7.999999999999999E-01    8.684880423065139E-02    5.000000000000000E-01
    8.124999999999999E-01    8.684880423065142E-02    5.000000000000000E-01
    8.250000000000000E-01    8.684880423065142E-02    5.000000000000000E-01
    8.375000000000001E-01    8.684880423065139E-02    5.000000000000000E-01
    8.500000000000001E-01    8.684880423065139E-02    5.000000000000000E-01
    8.625000000000000E-01    8.684880423065140E-02    5.000000000000000E-01
    8.750000000000000E-01    8.684880423065143E-02    5.000000000000000E-01
    8.875000000000002E-01    8.684880423065140E-02    5.000000000000000E-01
    8.999999999999999E-01    8.684880423065142E-02    5.000000000000000E-01
    9.125000000000002E-01    8.684880423065140E-02    5.000000000000000E-01
    9.250000000000002E-01    8.684880423065140E-02    5.000000000000000E-01
    9.375000000000001E-01    8.684880423065142E-02    5.000000000000000E-01
    9.500000000000001E-01    8.684880423065137E-02    5.000000000000000E-01
    9.624999999999999E-01    8.684880423065139E-02    5.000000000000000E-01
    9.750000000000001E-01    8.684880423065139E-02    5.000000000000000E-01
    9.875000000000000E-01    8.684880423065140E-02    5.000000000000000E-01
    1.000000000000000E+00    8.684880423065140E-02    5.000000000000000E-01
    7.375000000000000E-01    9.759874971071994E-02    5.000000000000000E-01
    7.500000000000000E-01    9.759874971071994E-02    5.000000000000000E-01
    7.625000000000000E-01    9.759874971071994E-02    5.000000000000000E-01
    7.749999999999998E-01    9.759874971071994E-02    5.000000000000000E-01
    7.875000000000001E-01    9.759874971071994E-02    5.000000000000000E-01
    8.000000000000002E-01    9.759874971071994E-02    5.000000000000000E-01
    8.124999999999999E-01    9.759874971071994E-02    5.000000000000000E-01
    8.250000000000000E-01    9.759874971071994E-02    5.000000000000000E-01
    8.374999999999999E-01    9.759874971071994E-02    5.000000000000000E-01
    8.500000000000003E-01    9.759874971071994E-02    5.000000000000000E-01
    8.625000000000000E-01    9.759874971071993E-02    5.000000000000000E-01
    8.750000000000000E-01    9.759874971071991E-02    5.000000000000000E-01
    8.875000000000000E-01    9.759874971071994E-02    5.000000000000000E-01
    9.000000000000000E-01    9.759874971071997E-02    5.000000000000000E-01
    9.125000000000002E-01    9.759874971071991E-02    5.000000000000000E-01
    9.250000000000002E-01    9.759874971071994E-02    5.000000000000000E-01
    9.375000000000001E-01    9.759874971071997E-02    5.000000000000000E-01
    9.500000000000001E-01    9.759874971071994E-02    5.000000000000000E-01
    9.624999999999999E-01    9.759874971071993E-02    5.000000000000000E-01
    9.750000000000001E-01    9.759874971071995E-02    5.000000000000000E-01
    9.875000000000000E-01    9.759874971071994E-02    5.000000000000000E-01
    1.000000000000000E+00    9.759874971071994E-02    5.000000000000000E-01
    7.375000000000000E-01    1.096792987362043E-01    5.000000000000000E-01
    7.500000000000000E-01    1.096792987362043E-01    5.000000000000000E-01
    7.625000000000000E-01    1.096792987362043E-01    5.000000000000000E-01
    7.749999999999998E-01    1.096792987362043E-01    5.000000000000000E-01
    7.875000000000001E-01    1.096792987362043E-01    5.000000000000000E-01
    7.999999999999999E-01    1.096792987362043E-01    5.000000000000000E-01
    8.124999999999999E-01    1.096792987362043E-01    5.000000000000000E-01
    8.250000000000000E-01    1.096792987362043E-01    5.000000000000000E-01
    8.374999999999999E-01    1.096792987362043E-01    5.000000000000000E-01
    8.500000000000001E-01    1.096792987362043E-01    5.000000000000000E-01
    8.625000000000000E-01    1.096792987362043E-01    5.000000000000000E-01
    8.750000000000000E-01    1.096792987362043E-01    5.000000000000000E-01
    8.875000000000000E-01    1.096792987362043E-01    5.000000000000000E-01
    9.000000000000000E-01    1.096792987362043E-01    5.000000000000000E-01
    9.125000000000000E-01    1.096792987362043E-01    5.000000000000000E-01
    9.250000000000002E-01    1.096792987362043E-01    5.000000000000000E-01
    9.375000000000001E-01    1.096792987362043E-01    5.000000000000000E-01
    9.499999999999998E-01    1.096792987362043E-01    5.000000000000000E-01
    9.624999999999999E-01    1.096792987362043E-01    5.000000000000000E-01
    9.750000000000001E-01    1.096792987362043E-01    5.000000000000000E-01
    9.875000000000000E-01    1.096792987362043E-01    5.000000000000000E-01
    1.000000000000000E+00    1.096792987362043E-01    5.000000000000000E-01
    7.375000000000000E-01    1.232551503571595E-01    5.000000000000000E-01
    7.500000000000000E-01    1.232551503571595E-01    5.000000000000000E-01
    7.625000000000000E-01    1.232551503571595E-01    5.000000000000000E-01
    7.749999999999998E-01    1.232551503571595E-01    5.000000000000000E-01
    7.875000000000001E-01    1.232551503571595E-01    5.000000000000000E-01
    7.999999999999999E-01    1.232551503571595E-01    5.000000000000000E-01
    8.124999999999999E-01    1.232551503571595E-01    5.000000000000000E-01
    8.250000000000000E-01    1.232551503571595E-01    5.000000000000000E-01
    8.374999999999999E-01    1.232551503571595E-01    5.000000000000000E-01
    8.500000000000001E-01    1.232551503571595E-01    5.000000000000000E-01
    8.625000000000000E-01    1.232551503571595E-01    5.000000000000000E-01
    8.750000000000000E-01    1.232551503571595E-01    5.000000000000000E-01
    8.875000000000000E-01    1.232551503571595E-01    5.000000000000000E-01
    9.000000000000000E-01    1.232551503571595E-01    5.000000000000000E-01
    9.125000000000002E-01    1.232551503571595E-01    5.000000000000000E-01
    9.250000000000002E-01    1.232551503571595E-01    5.000000000000000E-01
    9.375000000000001E-01    1.232551503571595E-01    5.000000000000000E-01
    9.500000000000001E-01    1.232551503571595E-01    5.000000000000000E-01
    9.624999999999999E-01    1.232551503571595E-01    5.000000000000000E-01
    9.750000000000001E-01    1.232551503571595E-01    5.000000000000000E-01
    9.875000000000000E-01    1.232551503571595E-01    5.000000000000000E-01
    1.000000000000000E+00    1.232551503571595E-01    5.000000000000000E-01
    7.375000000000000E-01    1.385113896935527E-01    5.000000000000000E-01
    7.500000000000000E-01    1.385113896935527E-01    5.000000000000000E-01
    7.625000000000000E-01    1.385113896935527E-01    5.000000000000000E-01
    7.749999999999998E-01    1.385113896935527E-01    5.000000000000000E-01
    7.875000000000001E-01    1.385113896935527E-01    5.000000000000000E-01
    7.999999999999999E-01    1.385113896935527E-01    5.000000000000000E-01
    8.124999999999999E-01    1.385113896935527E-01    5.000000000000000E-01
    8.250000000000000E-01    1.385113896935527E-01    5.000000000000000E-01
    8.374999999999999E-01    1.385113896935527E-01    5.000000000000000E-01
    8.500000000000001E-01    1.385113896935527E-01    5.000000000000000E-01
    8.624999999999998E-01    1.385113896935527E-01    5.000000000000000E-01
    8.750000000000000E-01    1.385113896935527E-01    5.000000000000000E-01
    8.875000000000000E-01    1.385113896935527E-01    5.000000000000000E-01
    9.000000000000000E-01    1.385113896935527E-01    5.000000000000000E-01
    9.125000000000002E-01    1.385113896935526E-01    5.000000000000000E-01
    9.250000000000002E-01    1.385113896935526E-01    5.000000000000000E-01
    9.374999999999999E-01    1.385113896935527E-01    5.000000000000000E-01
    9.500000000000001E-01    1.385113896935527E-01    5.000000000000000E-01
    9.624999999999999E-01    1.385113896935526E-01    5.000000000000000E-01
    9.750000000000001E-01    1.385113896935527E-01    5.000000000000000E-01
    9.875000000000000E-01    1.385113896935527E-01    5.000000000000000E-01
    1.000000000000000E+00    1.385113896935527E-01    5.000000000000000E-01
    7.375000000000000E-01    1.556560112761635E-01    5.000000000000000E-01
    7.500000000000000E-01    1.556560112761635E-01    5.000000000000000E-01
    7.625000000000000E-01    1.556560112761634E-01    5.000000000000000E-01
    7.749999999999998E-01    1.556560112761635E-01    5.000000000000000E-01
    7.875000000000001E-01    1.556560112761635E-01    5.000000000000000E-01
    7.999999999999999E-01    1.556560112761635E-01    5.000000000000000E-01
    8.124999999999999E-01    1.556560112761635E-01    5.000000000000000E-01
    8.250000000000000E-01    1.556560112761635E-01    5.000000000000000E-01
    8.374999999999999E-01    1.556560112761635E-01    5.000000000000000E-01
    8.500000000000001E-01    1.556560112761635E-01    5.000000000000000E-01
    8.625000000000000E-01    1.556560112761635E-01    5.000000000000000E-01
    8.750000000000000E-01    1.556560112761635E-01    5.000000000000000E-01
    8.875000000000000E-01    1.556560112761635E-01    5.000000000000000E-01
    9.000000000000000E-01    1.556560112761635E-01    5.000000000000000E-01
    9.125000000000002E-01    1.556560112761634E-01    5.000000000000000E-01
    9.250000000000002E-01    1.556560112761635E-01    5.000000000000000E-01
    9.375000000000001E-01    1.556560112761635E-01    5.000000000000000E-01
    9.500000000000000E-01    1.556560112761634E-01    5.000000000000000E-01
    9.624999999999999E-01    1.556560112761635E-01    5.000000000000000E-01
    9.750000000000001E-01    1.556560112761635E-01    5.000000000000000E-01
    9.875000000000000E-01    1.556560112761634E-01    5.000000000000000E-01
    1.000000000000000E+00    1.556560112761635E-01    5.000000000000000E-01
    7.375000000000000E-01    1.749227547208189E-01    5.000000000000000E-01
    7.500000000000000E-01    1.749227547208189E-01    5.000000000000000E-01
    7.625000000000000E-01    1.749227547208189E-01    5.000000000000000E-01
    7.749999999999998E-01    1.749227547208189E-01    5.000000000000000E-01
    7.875000000000001E-01    1.749227547208189E-01    5.000000000000000E-01
    7.999999999999999E-01    1.749227547208189E-01    5.000000000000000E-01
    8.124999999999999E-01    1.749227547208190E-01    5.000000000000000E-01
    8.250000000000000E-01    1.749227547208189E-01    5.000000000000000E-01
    8.374999999999999E-01    1.749227547208190E-01    5.000000000000000E-01
    8.500000000000001E-01    1.749227547208189E-01    5.000000000000000E-01
    8.625000000000000E-01    1.749227547208189E-01    5.000000000000000E-01
    8.750000000000000E-01    1.749227547208189E-01    5.000000000000000E-01
    8.875000000000001E-01    1.749227547208189E-01    5.000000000000000E-01
    9.000000000000000E-01    1.749227547208189E-01    5.000000000000000E-01
    9.125000000000002E-01    1.749227547208189E-01    5.000000000000000E-01
    9.250000000000002E-01    1.749227547208190E-01    5.000000000000000E-01
    9.375000000000001E-01    1.749227547208189E-01    5.000000000000000E-01
    9.500000000000000E-01    1.749227547208189E-01    5.000000000000000E-01
    9.624999999999999E-01    1.749227547208189E-01    5.000000000000000E-01
    9.750000000000001E-01    1.749227547208189E-01    5.000000000000000E-01
    9.875000000000000E-01    1.749227547208189E-01    5.000000000000000E-01
    1.000000000000000E+00    1.749227547208189E-01    5.000000000000000E-01
    7.375000000000000E-01    1.965742913958730E-01    5.000000000000000E-01
    7.500000000000000E-01    1.965742913958730E-01    5.000000000000000E-01
    7.624999999999998E-01    1.965742913958730E-01    5.000000000000000E-01
    7.749999999999998E-01    1.965742913958730E-01    5.000000000000000E-01
    7.875000000000001E-01    1.965742913958730E-01    5.000000000000000E-01
    7.999999999999999E-01    1.965742913958729E-01    5.000000000000000E-01
    8.124999999999999E-01    1.965742913958730E-01    5.000000000000000E-01
    8.250000000000000E-01    1.965742913958730E-01    5.000000000000000E-01
    8.375000000000001E-01    1.965742913958730E-01    5.000000000000000E-01
    8.500000000000001E-01    1.965742913958729E-01    5.000000000000000E-01
    8.625000000000000E-01    1.965742913958730E-01    5.000000000000000E-01
    8.750000000000000E-01    1.965742913958730E-01    5.000000000000000E-01
    8.875000000000001E-01    1.965742913958729E-01    5.000000000000000E-01
    9.000000000000000E-01    1.965742913958730E-01    5.000000000000000E-01
    9.125000000000002E-01    1.965742913958730E-01    5.000000000000000E-01
    9.250000000000002E-01    1.965742913958730E-01    5.000000000000000E-01
    9.375000000000001E-01    1.965742913958730E-01    5.000000000000000E-01
    9.500000000000000E-01    1.965742913958730E-01    5.000000000000000E-01
    9.624999999999999E-01    1.965742913958729E-01    5.000000000000000E-01
    9.750000000000001E-01    1.965742913958730E-01    5.000000000000000E-01
    9.875000000000000E-01    1.965742913958730E-01    5.000000000000000E-01
    1.000000000000000E+00    1.965742913958730E-01    5.000000000000000E-01
    7.375000000000000E-01    2.209058055280585E-01    5.000000000000000E-01
    7.500000000000000E-01    2.209058055280585E-01    5.000000000000000E-01
    7.624999999999998E-01    2.209058055280585E-01    5.000000000000000E-01
    7.749999999999998E-01    2.209058055280584E-01    5.000000000000000E-01
    7.875000000000001E-01    2.209058055280585E-01    5.000000000000000E-01
    7.999999999999999E-01    2.209058055280585E-01    5.000000000000000E-01
    8.124999999999999E-01    2.209058055280585E-01    5.000000000000000E-01
    8.250000000000000E-01    2.209058055280585E-01    5.000000000000000E-01
    8.374999999999999E-01    2.209058055280584E-01    5.000000000000000E-01
    8.500000000000001E-01    2.209058055280584E-01    5.000000000000000E-01
    8.625000000000000E-01    2.209058055280585E-01    5.000000000000000E-01
    8.750000000000000E-01    2.209058055280585E-01    5.000000000000000E-01
    8.875000000000001E-01    2.209058055280584E-01    5.000000000000000E-01
    9.000000000000000E-01    2.209058055280585E-01    5.000000000000000E-01
    9.125000000000002E-01    2.209058055280584E-01    5.000000000000000E-01
    9.250000000000002E-01    2.209058055280585E-01    5.000000000000000E-01
    9.375000000000001E-01    2.209058055280584E-01    5.000000000000000E-01
    9.500000000000000E-01    2.209058055280585E-01    5.000000000000000E-01
    9.624999999999999E-01    2.209058055280585E-01    5.000000000000000E-01
    9.750000000000001E-01    2.209058055280585E-01    5.000000000000000E-01
    9.875000000000000E-01    2.209058055280585E-01    5.000000000000000E-01
    1.000000000000000E+00    2.209058055280585E-01    5.000000000000000E-01
    7.375000000000000E-01    2.482490185693984E-01    5.000000000000000E-01
    7.500000000000000E-01    2.482490185693984E-01    5.000000000000000E-01
    7.624999999999998E-01    2.482490185693984E-01    5.000000000000000E-01
    7.749999999999998E-01    2.482490185693983E-01    5.000000000000000E-01
    7.875000000000001E-01    2.482490185693983E-01    5.000000000000000E-01
    7.999999999999999E-01    2.482490185693983E-01    5.000000000000000E-01
    8.124999999999999E-01    2.482490185693984E-01    5.000000000000000E-01
    8.250000000000000E-01    2.482490185693984E-01    5.000000000000000E-01
    8.374999999999999E-01    2.482490185693984E-01    5.000000000000000E-01
    8.500000000000001E-01    2.482490185693984E-01    5.000000000000000E-01
    8.625000000000000E-01    2.482490185693984E-01    5.000000000000000E-01
    8.750000000000000E-01    2.482490185693984E-01    5.000000000000000E-01
    8.875000000000001E-01    2.482490185693984E-01    5.000000000000000E-01
    9.000000000000000E-01    2.482490185693983E-01    5.000000000000000E-01
    9.125000000000002E-01    2.482490185693984E-01    5.000000000000000E-01
    9.250000000000002E-01    2.482490185693984E-01    5.000000000000000E-01
    9.375000000000001E-01    2.482490185693984E-01    5.000000000000000E-01
    9.500000000000000E-01    2.482490185693984E-01    5.000000000000000E-01
    9.624999999999999E-01    2.482490185693984E-01    5.000000000000000E-01
    9.750000000000001E-01    2.482490185693984E-01    5.000000000000000E-01
    9.875000000000000E-01    2.482490185693984E-01    5.000000000000000E-01
    1.000000000000000E+00    2.482490185693984E-01    5.000000000000000E-01
    7.375000000000000E-01    2.789767116910015E-01    5.000000000000000E-01
    7.500000000000000E-01    2.789767116910015E-01    5.000000000000000E-01
    7.624999999999998E-01    2.789767116910015E-01    5.000000000000000E-01
    7.749999999999998E-01    2.789767116910015E-01    5.000000000000000E-01
    7.875000000000001E-01    2.789767116910015E-01    5.000000000000000E-01
    7.999999999999999E-01    2.789767116910015E-01    5.000000000000000E-01
    8.124999999999999E-01    2.789767116910015E-01    5.000000000000000E-01
    8.250000000000000E-01    2.789767116910015E-01    5.000000000000000E-01
    8.375000000000001E-01    2.789767116910015E-01    5.000000000000000E-01
    8.500000000000001E-01    2.789767116910016E-01    5.000000000000000E-01
    8.625000000000000E-01    2.789767116910016E-01    5.000000000000000E-01
    8.750000000000000E-01    2.789767116910015E-01    5.000000000000000E-01
    8.875000000000001E-01    2.789767116910016E-01    5.000000000000000E-01
    9.000000000000000E-01    2.789767116910016E-01    5.000000000000000E-01
    9.125000000000002E-01    2.789767116910015E-01    5.000000000000000E-01
    9.250000000000002E-01    2.789767116910014E-01    5.000000000000000E-01
    9.375000000000001E-01    2.789767116910015E-01    5.000000000000000E-01
    9.500000000000000E-01    2.789767116910015E-01    5.000000000000000E-01
    9.624999999999999E-01    2.789767116910015E-01    5.000000000000000E-01
    9.750000000000001E-01    2.789767116910015E-01    5.000000000000000E-01
    9.875000000000000E-01    2.789767116910015E-01    5.000000000000000E-01
    1.000000000000000E+00    2.789767116910015E-01    5.000000000000000E-01
    7.375000000000000E-01    3.135078080607480E-01    5.000000000000000E-01
    7.500000000000000E-01    3.135078080607480E-01    5.000000000000000E-01
    7.624999999999998E-01    3.135078080607480E-01    5.000000000000000E-01
    7.749999999999998E-01    3.135078080607480E-01    5.000000000000000E-01
    7.875000000000001E-01    3.135078080607480E-01    5.000000000000000E-01
    7.999999999999999E-01    3.135078080607480E-01    5.000000000000000E-01
    8.124999999999999E-01    3.135078080607480E-01    5.000000000000000E-01
    8.250000000000000E-01    3.135078080607481E-01    5.000000000000000E-01
    8.374999999999999E-01    3.135078080607481E-01    5.000000000000000E-01
    8.500000000000001E-01    3.135078080607480E-01    5.000000000000000E-01
    8.625000000000000E-01    3.135078080607480E-01    5.000000000000000E-01
    8.750000000000000E-01    3.135078080607480E-01    5.000000000000000E-01
    8.875000000000001E-01    3.135078080607480E-01    5.000000000000000E-01
    9.000000000000000E-01    3.135078080607481E-01    5.000000000000000E-01
    9.125000000000002E-01    3.135078080607480E-01    5.000000000000000E-01
    9.250000000000002E-01    3.135078080607480E-01    5.000000000000000E-01
    9.375000000000001E-01    3.135078080607480E-01    5.000000000000000E-01
    9.500000000000000E-01    3.135078080607480E-01    5.000000000000000E-01
    9.624999999999999E-01    3.135078080607481E-01    5.000000000000000E-01
    9.750000000000001E-01    3.135078080607480E-01    5.000000000000000E-01
    9.875000000000000E-01    3.135078080607480E-01    5.000000000000000E-01
    1.000000000000000E+00    3.135078080607480E-01    5.000000000000000E-01
    7.375000000000000E-01    3.523130841936341E-01    5.000000000000000E-01
    7.500000000000000E-01    3.523130841936342E-01    5.000000000000000E-01
    7.625000000000001E-01    3.523130841936340E-01    5.000000000000000E-01
    7.749999999999998E-01    3.523130841936342E-01    5.000000000000000E-01
    7.875000000000001E-01    3.523130841936341E-01    5.000000000000000E-01
    7.999999999999999E-01    3.523130841936341E-01    5.000000000000000E-01
    8.124999999999999E-01    3.523130841936340E-01    5.000000000000000E-01
    8.250000000000002E-01    3.523130841936341E-01    5.000000000000000E-01
    8.375000000000001E-01    3.523130841936341E-01    5.000000000000000E-01
    8.500000000000001E-01    3.523130841936341E-01    5.000000000000000E-01
    8.625000000000000E-01    3.523130841936341E-01    5.000000000000000E-01
    8.750000000000000E-01    3.523130841936341E-01    5.000000000000000E-01
    8.875000000000001E-01    3.523130841936342E-01    5.000000000000000E-01
    9.000000000000000E-01    3.523130841936342E-01    5.000000000000000E-01
    9.125000000000002E-01    3.523130841936341E-01    5.000000000000000E-01
    9.250000000000002E-01    3.523130841936340E-01    5.000000000000000E-01
    9.375000000000001E-01    3.523130841936341E-01    5.000000000000000E-01
    9.500000000000000E-01    3.523130841936341E-01    5.000000000000000E-01
    9.624999999999999E-01    3.523130841936341E-01    5.000000000000000E-01
    9.750000000000001E-01    3.523130841936341E-01    5.000000000000000E-01
    9.875000000000000E-01    3.523130841936341E-01    5.000000000000000E-01
    1.000000000000000E+00    3.523130841936341E-01    5.000000000000000E-01
    7.375000000000000E-01    3.959215882399302E-01    5.000000000000000E-01
    7.500000000000000E-01    3.959215882399302E-01    5.000000000000000E-01
    7.624999999999998E-01    3.959215882399301E-01    5.000000000000000E-01
    7.749999999999998E-01    3.959215882399301E-01    5.000000000000000E-01
    7.875000000000001E-01    3.959215882399301E-01    5.000000000000000E-01
    7.999999999999999E-01    3.959215882399301E-01    5.000000000000000E-01
    8.124999999999999E-01    3.959215882399302E-01    5.000000000000000E-01
    8.250000000000002E-01    3.959215882399300E-01    5.000000000000000E-01
    8.374999999999999E-01    3.959215882399300E-01    5.000000000000000E-01
    8.500000000000001E-01    3.959215882399301E-01    5.000000000000000E-01
    8.625000000000000E-01    3.959215882399301E-01    5.000000000000000E-01
    8.750000000000000E-01    3.959215882399301E-01    5.000000000000000E-01
    8.875000000000001E-01    3.959215882399302E-01    5.000000000000000E-01
    9.000000000000000E-01    3.959215882399302E-01    5.000000000000000E-01
    9.125000000000002E-01    3.959215882399301E-01    5.000000000000000E-01
    9.250000000000002E-01    3.959215882399301E-01    5.000000000000000E-01
    9.375000000000001E-01    3.959215882399301E-01    5.000000000000000E-01
    9.500000000000000E-01    3.959215882399301E-01    5.000000000000000E-01
    9.624999999999999E-01    3.959215882399301E-01    5.000000000000000E-01
    9.750000000000001E-01    3.959215882399301E-01    5.000000000000000E-01
    9.875000000000000E-01    3.959215882399301E-01    5.000000000000000E-01
    1.000000000000000E+00    3.959215882399301E-01    5.000000000000000E-01
    7.375000000000000E-01    4.449278527143085E-01    5.000000000000000E-01
    7.500000000000000E-01    4.449278527143085E-01    5.000000000000000E-01
    7.625000000000001E-01    4.449278527143085E-01    5.000000000000000E-01
    7.750000000000001E-01    4.449278527143085E-01    5.000000000000000E-01
    7.875000000000001E-01    4.449278527143085E-01    5.000000000000000E-01
    7.999999999999999E-01    4.449278527143085E-01    5.000000000000000E-01
    8.124999999999999E-01    4.449278527143084E-01    5.000000000000000E-01
    8.250000000000002E-01    4.449278527143085E-01    5.000000000000000E-01
    8.375000000000001E-01    4.449278527143084E-01    5.000000000000000E-01
    8.500000000000001E-01    4.449278527143085E-01    5.000000000000000E-01
    8.625000000000000E-01    4.449278527143084E-01    5.000000000000000E-01
    8.750000000000000E-01    4.449278527143086E-01    5.000000000000000E-01
    8.875000000000001E-01    4.449278527143084E-01    5.000000000000000E-01
    9.000000000000000E-01    4.449278527143086E-01    5.000000000000000E-01
    9.125000000000002E-01    4.449278527143085E-01    5.000000000000000E-01
    9.250000000000002E-01    4.449278527143086E-01    5.000000000000000E-01
    9.375000000000001E-01    4.449278527143085E-01    5.000000000000000E-01
    9.500000000000000E-01    4.449278527143086E-01    5.000000000000000E-01
    9.624999999999999E-01    4.449278527143085E-01    5.000000000000000E-01
    9.750000000000001E-01    4.449278527143086E-01    5.000000000000000E-01
    9.875000000000000E-01    4.449278527143085E-01    5.000000000000000E-01
    1.000000000000000E+00    4.449278527143085E-01    5.000000000000000E-01
    7.375000000000000E-01    5.000000000000000E-01    5.000000000000000E-01
    7.500000000000000E-01    5.000000000000000E-01    5.000000000000000E-01
    7.625000000000001E-01    5.000000000000000E-01    5.000000000000000E-01
    7.750000000000000E-01    5.000000000000000E-01    5.000000000000000E-01
    7.875000000000001E-01    5.000000000000000E-01    5.000000000000000E-01
    8.000000000000000E-01    5.000000000000000E-01    5.000000000000000E-01
    8.125000000000000E-01    5.000000000000000E-01    5.000000000000000E-01
    8.250000000000001E-01    5.000000000000000E-01    5.000000000000000E-01
    8.375000000000000E-01    5.000000000000000E-01    5.000000000000000E-01
    8.500000000000001E-01    5.000000000000000E-01    5.000000000000000E-01
    8.625000000000000E-01    5.000000000000000E-01    5.000000000000000E-01
    8.750000000000000E-01    5.000000000000000E-01    5.000000000000000E-01
    8.875000000000001E-01    5.000000000000000E-01    5.000000000000000E-01
    9.000000000000000E-01    5.000000000000000E-01    5.000000000000000E-01
    9.125000000000001E-01    5.000000000000000E-01    5.000000000000000E-01
    9.250000000000000E-01    5.000000000000000E-01    5.000000000000000E-01
    9.375000000000000E-01    5.000000000000000E-01    5.000000000000000E-01
    9.500000000000001E-01    5.000000000000000E-01    5.000000000000000E-01
    9.625000000000000E-01    5.000000000000000E-01    5.000000000000000E-01
    9.750000000000001E-01    5.000000000000000E-01    5.000000000000000E-01
    9.875000000000000E-01    5.000000000000000E-01    5.000000000000000E-01
    1.000000000000000E+00    5.000000000000000E-01    5.000000000000000E-01
CELL_DATA         2100
SCALARS density double 1
LOOKUP_TABLE default
    5.642056055658053E-02
    5.624458915159300E-02
    5.624804803845284E-02
    5.624815907904002E-02
    5.624796952065395E-02
    5.624793995422053E-02
    5.624793821000636E-02
    5.624793875725017E-02
    5.624793912788371E-02
    5.624793927634933E-02
    5.624793933227841E-02
    5.624793935536793E-02
    5.624793936551990E-02
    5.624793937009412E-02
    5.624793937229155E-02
    5.624793936985033E-02
    5.624793943237767E-02
    5.624793847075847E-02
    5.624795133241465E-02
    5.624783431459331E-02
    5.624718919006667E-02
    5.632249378332779E-02
    5.613315606535291E-02
    5.613709211021531E-02
    5.613734469622848E-02
    5.613715209883727E-02
    5.613711831214046E-02
    5.613711583953395E-02
    5.613711654914345E-02
    5.613711709046092E-02
    5.613711731781434E-02
    5.613711740607962E-02
    5.613711744307564E-02
    5.613711745946789E-02
    5.613711746689940E-02
    5.613711747049691E-02
    5.613711746707462E-02
    5.613711755405395E-02
    5.613711628943372E-02
    5.613713220627559E-02
    5.613699752318374E-02
    5.613600313965305E-02
    5.649246461505463E-02
    5.629226588928649E-02
    5.629661145752939E-02
    5.629709062654486E-02
    5.629691954201472E-02
    5.629688343672837E-02
    5.629688010476706E-02
    5.629688108806828E-02
    5.629688191874118E-02
    5.629688228469080E-02
    5.629688243138886E-02
    5.629688249390129E-02
    5.629688252183919E-02
    5.629688253459185E-02
    5.629688254081287E-02
    5.629688253588464E-02
    5.629688266105715E-02
    5.629688096221448E-02
    5.629690075681514E-02
    5.629674826375267E-02
    5.629566629498181E-02
    5.685852717307114E-02
    5.664129811937560E-02
    5.664625957360293E-02
    5.664712476097267E-02
    5.664700167100457E-02
    5.664696452129270E-02
    5.664696014986911E-02
    5.664696170667684E-02
    5.664696308937846E-02
    5.664696372229511E-02
    5.664696398330823E-02
    5.664696409624481E-02
    5.664696414713859E-02
    5.664696417052294E-02
    5.664696418200621E-02
    5.664696417445617E-02
    5.664696436839975E-02
    5.664696191632738E-02
    5.664698817670203E-02
    5.664680755826327E-02
    5.664560688508671E-02
    5.736578854995046E-02
    5.712704043575206E-02
    5.713270292090337E-02
    5.713415766465969E-02
    5.713413828895997E-02
    5.713410725400059E-02
    5.713410245124671E-02
    5.713410517557223E-02
    5.713410755693184E-02
    5.713410867855560E-02
    5.713410915313780E-02
    5.713410936153770E-02
    5.713410945624747E-02
    5.713410950005732E-02
    5.713410952170160E-02
    5.713410951006075E-02
    5.713410981807259E-02
    5.713410618953722E-02
    5.713414185612823E-02
    5.713392495767211E-02
    5.713259073532644E-02
    5.800399214441309E-02
    5.773806279235244E-02
    5.774444281236359E-02
    5.774675396709474E-02
    5.774693192509417E-02
    5.774692347543538E-02
    5.774692055225687E-02
    5.774692566669679E-02
    5.774692984344763E-02
    5.774693184964994E-02
    5.774693271858750E-02
    5.774693310572877E-02
    5.774693328321579E-02
    5.774693336589429E-02
    5.774693340697738E-02
    5.774693338934807E-02
    5.774693388240877E-02
    5.774692846760250E-02
    5.774697735091919E-02
    5.774671592590133E-02
    5.774520184031622E-02
    5.878455588346491E-02
    5.848494210179301E-02
    5.849192591378204E-02
    5.849542877307900E-02
    5.849595350655758E-02
    5.849600060066123E-02
    5.849600548763037E-02
    5.849601546158680E-02
    5.849602285777659E-02
    5.849602645307978E-02
    5.849602804393456E-02
    5.849602876295532E-02
    5.849602909562436E-02
    5.849602925174663E-02
    5.849602932976335E-02
    5.849602930411858E-02
    5.849603009208536E-02
    5.849602203045487E-02
    5.849608888197581E-02
    5.849577612794886E-02
    5.849402057939384E-02
    5.971678846877481E-02
    5.937628678067875E-02
    5.938355890272738E-02
    5.938865255527507E-02
    5.938975004875251E-02
    5.938991286416582E-02
    5.938993853853364E-02
    5.938995823386520E-02
    5.938997138794530E-02
    5.938997781813100E-02
    5.938998071934463E-02
    5.938998204937466E-02
    5.938998267066488E-02
    5.938998296454810E-02
    5.938998311224093E-02
    5.938998307747996E-02
    5.938998432773625E-02
    5.938997243424539E-02
    5.939006292709771E-02
    5.938969556269716E-02
    5.938762338336939E-02
    6.080900919898132E-02
    6.041968790945545E-02
    6.042666185985411E-02
    6.043378434669747E-02
    6.043577520713674E-02
    6.043615545212020E-02
    6.043622755113763E-02
    6.043626620705465E-02
    6.043628958561090E-02
    6.043630102065674E-02
    6.043630627164907E-02
    6.043630871290601E-02
    6.043630986475768E-02
    6.043631041419579E-02
    6.043631069192013E-02
    6.043631065065827E-02
    6.043631261158160E-02
    6.043629531579078E-02
    6.043641580303696E-02
    6.043599662339782E-02
    6.043351744438732E-02
    6.206962187230780E-02
    6.162279705768541E-02
    6.162855222765304E-02
    6.163813734826599E-02
    6.164144828062170E-02
    6.164220639466707E-02
    6.164237160412052E-02
    6.164244606790430E-02
    6.164248738560524E-02
    6.164250753580224E-02
    6.164251693589791E-02
    6.164252136673311E-02
    6.164252347924020E-02
    6.164252449591487E-02
    6.164252501288942E-02
    6.164252497765658E-02
    6.164252800705882E-02
    6.164250331937118E-02
    6.164266033394149E-02
    6.164220106182726E-02
    6.163920927240932E-02
    6.350674355388229E-02
    6.299297629917654E-02
    6.299620637028958E-02
    6.300862615608346E-02
    6.301379000760107E-02
    6.301516328875852E-02
    6.301550076512638E-02
    6.301564039656861E-02
    6.301571266756670E-02
    6.301574774217999E-02
    6.301576433616553E-02
    6.301577226392427E-02
    6.301577608475642E-02
    6.301577794094734E-02
    6.301577889070131E-02
    6.301577889637636E-02
    6.301578349400613E-02
    6.301574901977983E-02
    6.301594850042246E-02
    6.301547256060294E-02
    6.301184896023163E-02
    6.512771707913818E-02
    6.453682714764686E-02
    6.453580186850029E-02
    6.455130258538816E-02
    6.455894351444187E-02
    6.456126204037985E-02
    6.456189746710214E-02
    6.456215103916187E-02
    6.456227560796235E-02
    6.456233575037684E-02
    6.456236456407841E-02
    6.456237851151006E-02
    6.456238530892727E-02
    6.456238864397555E-02
    6.456239036158633E-02
    6.456239048846488E-02
    6.456239733106622E-02
    6.456235035254637E-02
    6.456259663696551E-02
    6.456214138394488E-02
    6.455775643449109E-02
    6.693869823343096E-02
    6.625979912978910E-02
    6.625233481024594E-02
    6.627097589081045E-02
    6.628177971646972E-02
    6.628547662015376E-02
    6.628659769898203E-02
    6.628704236377980E-02
    6.628725314420372E-02
    6.628735449462769E-02
    6.628740360857875E-02
    6.628742768782099E-02
    6.628743955810547E-02
    6.628744544265100E-02
    6.628744849420296E-02
    6.628744890809818E-02
    6.628745888582423E-02
    6.628739652457062E-02
    6.628769121279039E-02
    6.628730922085546E-02
    6.628202762450359E-02
    6.894428944819486E-02
    6.816584716410848E-02
    6.814928295141393E-02
    6.817088630596332E-02
    6.818555971135426E-02
    6.819117326815768E-02
    6.819304483147490E-02
    6.819379686284634E-02
    6.819414593862423E-02
    6.819431347776296E-02
    6.819439553849788E-02
    6.819443627451158E-02
    6.819445659204974E-02
    6.819446677324689E-02
    6.819447209133518E-02
    6.819447310945224E-02
    6.819448736457560E-02
    6.819440682256268E-02
    6.819474765120064E-02
    6.819450689848737E-02
    6.818819301595781E-02
    7.114719161294504E-02
    7.025713268397515E-02
    7.022830309802135E-02
    7.025241448109254E-02
    7.027163860297675E-02
    7.027980533810402E-02
    7.028278213900184E-02
    7.028400881634433E-02
    7.028457343607962E-02
    7.028484474781393E-02
    7.028497902363176E-02
    7.028504649826954E-02
    7.028508055434007E-02
    7.028509781110603E-02
    7.028510689423179E-02
    7.028510908835670E-02
    7.028512905988217E-02
    7.028502793027937E-02
    7.028540777562729E-02
    7.028539082631605E-02
    7.027791442291983E-02
    7.354786384558518E-02
    7.253375916763323E-02
    7.248895874462144E-02
    7.251481779244237E-02
    7.253920092769570E-02
    7.255064073196073E-02
    7.255517638980748E-02
    7.255710817893528E-02
    7.255799904261362E-02
    7.255842910324949E-02
    7.255864419489987E-02
    7.255875359216833E-02
    7.255880947718719E-02
    7.255883812135193E-02
    7.255885331992740E-02
    7.255885767179734E-02
    7.255888515329413E-02
    7.255876178808769E-02
    7.255916786818133E-02
    7.255947032538967E-02
    7.255071230808716E-02
    7.614418360070382E-02
    7.499353597949918E-02
    7.492847636902092E-02
    7.495498916586445E-02
    7.498502053688272E-02
    7.500051567140806E-02
    7.500716695661874E-02
    7.501010912050449E-02
    7.501147973785713E-02
    7.501214679980232E-02
    7.501248411717976E-02
    7.501265776036978E-02
    7.501274755452542E-02
    7.501279412197878E-02
    7.501281903970923E-02
    7.501282716760696E-02
    7.501286438933719E-02
    7.501271831552166E-02
    7.501313160524729E-02
    7.501386012440214E-02
    7.500371819427790E-02
    7.893110777407132E-02
    7.763176606031172E-02
    7.754153130909060E-02
    7.756723949188180E-02
    7.760324301272245E-02
    7.762361258132075E-02
    7.763303879303277E-02
    7.763738165911210E-02
    7.763943847299427E-02
    7.764045106509453E-02
    7.764096917792025E-02
    7.764123915984990E-02
    7.764138050897841E-02
    7.764145469492659E-02
    7.764149474188935E-02
    7.764150922288819E-02
    7.764155897305358E-02
    7.764139135806299E-02
    7.764178620001991E-02
    7.764305623453385E-02
    7.763145058828948E-02
    8.190034201439426E-02
    8.044105516162184E-02
    8.032006559012821E-02
    8.034310784763463E-02
    8.038519324732801E-02
    8.041126361262532E-02
    8.042422095019980E-02
    8.043044813469638E-02
    8.043346102400011E-02
    8.043496603460139E-02
    8.043574599426641E-02
    8.043615751076147E-02
    8.043637567728014E-02
    8.043649158148866E-02
    8.043655472447070E-02
    8.043657954364476E-02
    8.043664534775444E-02
    8.043645952323389E-02
    8.043680342238088E-02
    8.043873670482053E-02
    8.042561597525816E-02
    8.504003060755162E-02
    8.341114310215242E-02
    8.325314187252551E-02
    8.327120586263752E-02
    8.331921482639827E-02
    8.335178524584007E-02
    8.336911580116205E-02
    8.337780963571824E-02
    8.338212230211188E-02
    8.338431403061020E-02
    8.338546573402303E-02
    8.338608123353240E-02
    8.338641172425619E-02
    8.338658948496852E-02
    8.338668725141248E-02
    8.338672841781460E-02
    8.338681480057092E-02
    8.338661685805904E-02
    8.338687048192504E-02
    8.338959210948944E-02
    8.337493961990319E-02
    8.833448082159440E-02
    8.652875750454436E-02
    8.632683655360571E-02
    8.633710148063743E-02
    8.639054791798266E-02
    8.643034990580191E-02
    8.645296442586825E-02
    8.646480762670419E-02
    8.647084719380378E-02
    8.647397713386049E-02
    8.647564674722340E-02
    8.647655099946944E-02
    8.647704287969127E-02
    8.647731078716675E-02
    8.647745959080304E-02
    8.647752596991100E-02
    8.647763883131747E-02
    8.647743830327698E-02
    8.647755575391250E-02
    8.648119069144619E-02
    8.646503088200276E-02
    9.176393497564404E-02
    8.977749103957343E-02
    8.952417394442148E-02
    8.952324655703203E-02
    8.958125178558714E-02
    8.962890050580727E-02
    8.965775364787058E-02
    8.967352597217609E-02
    8.968181087446842E-02
    8.968619781097534E-02
    8.968857617893954E-02
    8.968988233396562E-02
    8.969060233513312E-02
    8.969099952475822E-02
    8.969122239241062E-02
    8.969132681546206E-02
    8.969147396234969E-02
    8.969128459872817E-02
    8.969121406176969E-02
    8.969588290101826E-02
    8.967828755058786E-02
    9.530439538323233E-02
    9.313770918380229E-02
    9.282510166747825E-02
    9.280895081520900E-02
    9.287017627555917E-02
    9.292611248147656E-02
    9.296216908087472E-02
    9.298273743090305E-02
    9.299388236291614E-02
    9.299992211814363E-02
    9.300325393960499E-02
    9.300511058533315E-02
    9.300614809527029E-02
    9.300672792203976E-02
    9.300705671011905E-02
    9.300721743122074E-02
    9.300740931682622E-02
    9.300724996305910E-02
    9.300693486406117E-02
    9.301274876569297E-02
    9.299384245033626E-02
    9.892752491934105E-02
    9.658648532483556E-02
    9.620651077852531E-02
    9.617040737735529E-02
    9.623298989472875E-02
    9.629741130505702E-02
    9.634160227495855E-02
    9.636790254542647E-02
    9.638261892686016E-02
    9.639079278664194E-02
    9.639538613456977E-02
    9.639798525564366E-02
    9.639945823746922E-02
    9.640029242308615E-02
    9.640077061590366E-02
    9.640101319628716E-02
    9.640126393310523E-02
    9.640115951201136E-02
    9.640054031667833E-02
    9.640759519105196E-02
    9.638755930373903E-02
    1.026005991390654E-01
    1.000976311729117E-01
    9.964231293088006E-02
    9.958078365589901E-02
    9.964228088793151E-02
    9.971506244835932E-02
    9.976822936017486E-02
    9.980123838406345E-02
    9.982032855134672E-02
    9.983120907056048E-02
    9.983744457278815E-02
    9.984103015909387E-02
    9.984309196995926E-02
    9.984427558497488E-02
    9.984496176143935E-02
    9.984532146442050E-02
    9.984565018796727E-02
    9.984563278676795E-02
    9.984464956793028E-02
    9.985301970790694E-02
    9.983209431349362E-02
    1.062863059767864E-01
    1.036421234008616E-01
    1.031036070882631E-01
    1.030104115238175E-01
    1.030677665141996E-01
    1.031483705425166E-01
    1.032111987061195E-01
    1.032518950222519E-01
    1.032762382820712E-01
    1.032904908681377E-01
    1.032988295691943E-01
    1.033037064196521E-01
    1.033065533877711E-01
    1.033082106785119E-01
    1.033091827149073E-01
    1.033097074922227E-01
    1.033101401637078E-01
    1.033102502297450E-01
    1.033088460882418E-01
    1.033185776429598E-01
    1.032970604510733E-01
    1.099429251877614E-01
    1.071885726419870E-01
    1.065589883252090E-01
    1.064271380137733E-01
    1.064766683858027E-01
    1.065640494151879E-01
    1.066369903973661E-01
    1.066863032973065E-01
    1.067168321891772E-01
    1.067352106819688E-01
    1.067461993178632E-01
    1.067527413486376E-01
    1.067566208179308E-01
    1.067589118084575E-01
    1.067602718495801E-01
    1.067610259872444E-01
    1.067615977292080E-01
    1.067618853855031E-01
    1.067600107527058E-01
    1.067711156152517E-01
    1.067493574505089E-01
    1.135247159594847E-01
    1.107043039341794E-01
    1.099750752496544E-01
    1.097969202087060E-01
    1.098343332909894E-01
    1.099268473720759E-01
    1.100100332771894E-01
    1.100687806821923E-01
    1.101064463851900E-01
    1.101297808958405E-01
    1.101440531010793E-01
    1.101527102278913E-01
    1.101579286036365E-01
    1.101610562976445E-01
    1.101629364749770E-01
    1.101640049427399E-01
    1.101647630009318E-01
    1.101652895074549E-01
    1.101629072742706E-01
    1.101753581280572E-01
    1.101537545170623E-01
    1.169849541618945E-01
    1.141545548478903E-01
    1.133173323316544E-01
    1.130847469881919E-01
    1.131051825051287E-01
    1.132005125622732E-01
    1.132936657459089E-01
    1.133624828284594E-01
    1.134082096336950E-01
    1.134373852706664E-01
    1.134556571816081E-01
    1.134669596502649E-01
    1.134738897969779E-01
    1.134781076802084E-01
    1.134806764852372E-01
    1.134821699976761E-01
    1.134831774124395E-01
    1.134840168227628E-01
    1.134811081385749E-01
    1.134948355306056E-01
    1.134738144515607E-01
    1.202938515327370E-01
    1.174872283055089E-01
    1.165512278846296E-01
    1.162559368465198E-01
    1.162540384240258E-01
    1.163491465665183E-01
    1.164514890234201E-01
    1.165307508958089E-01
    1.165853809398876E-01
    1.166213067759781E-01
    1.166443656679646E-01
    1.166589246076491E-01
    1.166680117893883E-01
    1.166736312010864E-01
    1.166771003378167E-01
    1.166791610879195E-01
    1.166805011369041E-01
    1.166817422330269E-01
    1.166783127130815E-01
    1.166932050414298E-01
    1.166732114296621E-01
    1.234101480491967E-01
    1.206647692227023E-01
    1.196438167570680E-01
    1.192777706409476E-01
    1.192477883807334E-01
    1.193389082693088E-01
    1.194490738037953E-01
    1.195388166996603E-01
    1.196030474672005E-01
    1.196466161249840E-01
    1.196753011606810E-01
    1.196938041785590E-01
    1.197055696232436E-01
    1.197129664408749E-01
    1.197175978901028E-01
    1.197204058602227E-01
    1.197221873002861E-01
    1.197239359275520E-01
    1.197200219252091E-01
    1.197359290824688E-01
    1.197174072507931E-01
    1.262879046549894E-01
    1.236626646323037E-01
    1.225654332031677E-01
    1.221213099571588E-01
    1.220572303239526E-01
    1.221399154366626E-01
    1.222558658707595E-01
    1.223557116454173E-01
    1.224300297484678E-01
    1.224820691093744E-01
    1.225172439507762E-01
    1.225404447951903E-01
    1.225554859314833E-01
    1.225651059095941E-01
    1.225712188437505E-01
    1.225749985358043E-01
    1.225773616251946E-01
    1.225797435848520E-01
    1.225754181596523E-01
    1.225921592265550E-01
    1.225755350209678E-01
    1.288964211396840E-01
    1.264539794527213E-01
    1.252912944147569E-01
    1.247631648326414E-01
    1.246588619813285E-01
    1.247280932264058E-01
    1.248470438650527E-01
    1.249561320736525E-01
    1.250407471727411E-01
    1.251019666634726E-01
    1.251444844999691E-01
    1.251731861783693E-01
    1.251921726450396E-01
    1.252045346744491E-01
    1.252125117681238E-01
    1.252175391243162E-01
    1.252206623467609E-01
    1.252238270212276E-01
    1.252192052896436E-01
    1.252365801553623E-01
    1.252222454170663E-01
    1.312166971808499E-01
    1.290163089964501E-01
    1.278028088335540E-01
    1.271869474013181E-01
    1.270363647559056E-01
    1.270866855737586E-01
    1.272050592872888E-01
    1.273219894715010E-01
    1.274167716985887E-01
    1.274877060697149E-01
    1.275383683475884E-01
    1.275733995305722E-01
    1.275970641785825E-01
    1.276127606811864E-01
    1.276230532637411E-01
    1.276296624649474E-01
    1.276337698028301E-01
    1.276378946714350E-01
    1.276331383655940E-01
    1.276509425826779E-01
    1.276392446858318E-01
    1.332404764366715E-01
    1.313350659733784E-01
    1.300883480070993E-01
    1.293841794661629E-01
    1.291815574599734E-01
    1.292071924815970E-01
    1.293206251677457E-01
    1.294434091746956E-01
    1.295478320927850E-01
    1.296287853867729E-01
    1.296882959940610E-01
    1.297304809842701E-01
    1.297596052599386E-01
    1.297792989019419E-01
    1.297924302901430E-01
    1.298010200145379E-01
    1.298063885257919E-01
    1.298116846646055E-01
    1.298070059156537E-01
    1.298250476457876E-01
    1.298162857567875E-01
    1.349699715672864E-01
    1.334043005542146E-01
    1.321435203525639E-01
    1.313544900091831E-01
    1.310946373741673E-01
    1.310895910057526E-01
    1.311929928984228E-01
    1.313190124879644E-01
    1.314321018740070E-01
    1.315230934271975E-01
    1.315920101853608E-01
    1.316421331134018E-01
    1.316775264222052E-01
    1.317019423247458E-01
    1.317185085613957E-01
    1.317295471603182E-01
    1.317365145023724E-01
    1.317432330479445E-01
    1.317388976010168E-01
    1.317570152854526E-01
    1.317514432504696E-01
    1.364169888870379E-01
    1.352262906028853E-01
    1.339708069607752E-01
    1.331050462956362E-01
    1.327836484375570E-01
    1.327417956532935E-01
    1.328294735845751E-01
    1.329554324170806E-01
    1.330757196061148E-01
    1.331764327229810E-01
    1.332551177848904E-01
    1.333138819814276E-01
    1.333563548983638E-01
    1.333862675783388E-01
    1.334069347085942E-01
    1.334209636187249E-01
    1.334299350356670E-01
    1.334383744365305E-01
    1.334347046321013E-01
    1.334527840249679E-01
    1.334506192771639E-01
    1.376012851051936E-01
    1.368099959715312E-01
    1.355790206943404E-01
    1.346493238474153E-01
    1.342632919602166E-01
    1.341784601441725E-01
    1.342443141754428E-01
    1.343661757102598E-01
    1.344916531729616E-01
    1.346013858443847E-01
    1.346899560136967E-01
    1.347579396187778E-01
    1.348082710893632E-01
    1.348444854744541E-01
    1.348699824208959E-01
    1.348876169807750E-01
    1.348990711202104E-01
    1.349095848061561E-01
    1.349069626806218E-01
    1.349249520677633E-01
    1.349263908161407E-01
    1.385484243831940E-01
    1.381686918383233E-01
    1.369828179224472E-01
    1.360054608442650E-01
    1.355533220807227E-01
    1.354193961369520E-01
    1.354571419395820E-01
    1.355700830665379E-01
    1.356981588268892E-01
    1.358157747772670E-01
    1.359140518435985E-01
    1.359916605343187E-01
    1.360505593943246E-01
    1.360938853805680E-01
    1.361249914144024E-01
    1.361469180737697E-01
    1.361614108075539E-01
    1.361744146691216E-01
    1.361732854032299E-01
    1.361912082160278E-01
    1.361964470676758E-01
    1.392876861760260E-01
    1.393186830685154E-01
    1.382009078984578E-01
    1.371944664644385E-01
    1.366767823034599E-01
    1.364879108082515E-01
    1.364912152594711E-01
    1.365896678885699E-01
    1.367171125596927E-01
    1.368409904029637E-01
    1.369484505574622E-01
    1.370358678448041E-01
    1.371039290574274E-01
    1.371551492203741E-01
    1.371926749972733E-01
    1.372196437193100E-01
    1.372378089076853E-01
    1.372537877047222E-01
    1.372546633637035E-01
    1.372726279853182E-01
    1.372818896735896E-01
    1.398503838735542E-01
    1.402812333342843E-01
    1.392511930584984E-01
    1.382384547511057E-01
    1.376582589975968E-01
    1.374091818931619E-01
    1.373717264591479E-01
    1.374495370066346E-01
    1.375724102322302E-01
    1.377003890656090E-01
    1.378161099189094E-01
    1.379132451134496E-01
    1.379909012772217E-01
    1.380507316648913E-01
    1.380954929526673E-01
    1.381283035366468E-01
    1.381508494755204E-01
    1.381703610428000E-01
    1.381738241494075E-01
    1.381920312493997E-01
    1.382055896542395E-01
    1.402665546983462E-01
    1.410807962841714E-01
    1.401497530588563E-01
    1.391590361127581E-01
    1.385222510909187E-01
    1.382087253925970E-01
    1.381242861285328E-01
    1.381749929948790E-01
    1.382885410980437E-01
    1.384178619412900E-01
    1.385404660808202E-01
    1.386469000167986E-01
    1.387343691022186E-01
    1.388034136754654E-01
    1.388561974147213E-01
    1.388956786805439E-01
    1.389233789407724E-01
    1.389470549165125E-01
    1.389537610133267E-01
    1.389725088089751E-01
    1.389907094938306E-01
    1.405578025685628E-01
    1.417368866510661E-01
    1.409165747811590E-01
    1.399760230460460E-01
    1.392917374821998E-01
    1.389110660576217E-01
    1.387736770720350E-01
    1.387908135920547E-01
    1.388894112438105E-01
    1.390166525960030E-01
    1.391442477480870E-01
    1.392591764310857E-01
    1.393564070790238E-01
    1.394351071180948E-01
    1.394966302328269E-01
    1.395436115167335E-01
    1.395772890776672E-01
    1.396058308675559E-01
    1.396165089819714E-01
    1.396361962768455E-01
    1.396594731794289E-01
    1.407399001384406E-01
    1.422660178802523E-01
    1.415728272663462E-01
    1.407063180621967E-01
    1.399870188505819E-01
    1.395386975689736E-01
    1.393429954500818E-01
    1.393202166523547E-01
    1.393975062551950E-01
    1.395185043905984E-01
    1.396486213336307E-01
    1.397707974811573E-01
    1.398774130203858E-01
    1.399659931919759E-01
    1.400368552296045E-01
    1.400921302154784E-01
    1.401326341101118E-01
    1.401668028405400E-01
    1.401822526395758E-01
    1.402033787627933E-01
    1.402322709707391E-01
    1.408399692961561E-01
    1.426894185472272E-01
    1.421339991006812E-01
    1.413628529518614E-01
    1.406248981883310E-01
    1.401113736246950E-01
    1.398530839397343E-01
    1.397841997468383E-01
    1.398334509580403E-01
    1.399431911584757E-01
    1.400727205733649E-01
    1.402003930707917E-01
    1.403156347738024E-01
    1.404140474095815E-01
    1.404946784441744E-01
    1.405589618421284E-01
    1.406071358858866E-01
    1.406477351713764E-01
    1.406688195037533E-01
    1.406919799937232E-01
    1.407271507072142E-01
    1.408821895157484E-01
    1.430318467357165E-01
    1.426109816587053E-01
    1.419543751773973E-01
    1.412182612241507E-01
    1.406457080018462E-01
    1.403222042682835E-01
    1.402013052480474E-01
    1.402158548286459E-01
    1.403084002363175E-01
    1.404335260967868E-01
    1.405643786602790E-01
    1.406870484670308E-01
    1.407949174049479E-01
    1.408855229571292E-01
    1.409594011291644E-01
    1.410160448532063E-01
    1.410638954777688E-01
    1.410915270441648E-01
    1.411174043283102E-01
    1.411596583228961E-01
    1.408705855545510E-01
    1.433137663336791E-01
    1.430157584614002E-01
    1.424867585946513E-01
    1.417760398311295E-01
    1.411549940191747E-01
    1.407659234742731E-01
    1.405877248286682E-01
    1.405611743550434E-01
    1.406298539728351E-01
    1.407459691577869E-01
    1.408770608556320E-01
    1.410054641417688E-01
    1.411220294053435E-01
    1.412225345457259E-01
    1.413064120002010E-01
    1.413722348016295E-01
    1.414281410827093E-01
    1.414632623382588E-01
    1.414926113749749E-01
    1.415429031417546E-01
    1.408014457927467E-01
    1.435463935509865E-01
    1.433632624232528E-01
    1.429649601133160E-01
    1.423034868155529E-01
    1.416491371129448E-01
    1.411970781892129E-01
    1.409574286497207E-01
    1.408836226124613E-01
    1.409215272852107E-01
    1.410231168667319E-01
    1.411508240113971E-01
    1.412827131804312E-01
    1.414067770737614E-01
    1.415167716760098E-01
    1.416108158467400E-01
    1.416863862134274E-01
    1.417510946808671E-01
    1.417946506290931E-01
    1.418282796680594E-01
    1.418877067026532E-01
    1.406690308256683E-01
    1.437327925252076E-01
    1.436688546463109E-01
    1.433943655476990E-01
    1.428027576408333E-01
    1.421346559053938E-01
    1.416257239255130E-01
    1.413221495292422E-01
    1.411952744436000E-01
    1.411957600360465E-01
    1.412763738646694E-01
    1.413963210477412E-01
    1.415288404861344E-01
    1.416587141184886E-01
    1.417773997319622E-01
    1.418814858202187E-01
    1.419671775455262E-01
    1.420413290754881E-01
    1.420942328969383E-01
    1.421329785747196E-01
    1.422027618873018E-01
    1.404699460015472E-01
    1.438720111153411E-01
    1.439450165802372E-01
    1.437809342270550E-01
    1.432739177050679E-01
    1.426148184699772E-01
    1.420590805056552E-01
    1.416913727077732E-01
    1.415063604097173E-01
    1.414631285627758E-01
    1.415157389243721E-01
    1.416226929929736E-01
    1.417523250188463E-01
    1.418857738340273E-01
    1.420119108966355E-01
    1.421255671591339E-01
    1.422215037457870E-01
    1.423055802865859E-01
    1.423686716211947E-01
    1.424133663968125E-01
    1.424948254340219E-01
    1.402008892637922E-01
    1.439633554420974E-01
    1.442013427025324E-01
    1.441284874080853E-01
    1.437162817355585E-01
    1.430900734819333E-01
    1.425015470823866E-01
    1.420723795319479E-01
    1.418254691900137E-01
    1.417324567993080E-01
    1.417501267898180E-01
    1.418378849503343E-01
    1.419603901547863E-01
    1.420945798942525E-01
    1.422264342137811E-01
    1.423487875301831E-01
    1.424547856479189E-01
    1.425490528564609E-01
    1.426230486411738E-01
    1.426744795301150E-01
    1.427690035532378E-01
    1.398576762548882E-01
    1.440115084812678E-01
    1.444431302907004E-01
    1.444390291817453E-01
    1.441293466452797E-01
    1.435589125190010E-01
    1.429548488649483E-01
    1.424703230156621E-01
    1.421596334253006E-01
    1.420112134367516E-01
    1.419874948942437E-01
    1.420490693300399E-01
    1.421593985054501E-01
    1.422908459512039E-01
    1.424261358809497E-01
    1.425558583154612E-01
    1.426713719300270E-01
    1.427758200133624E-01
    1.428612587005149E-01
    1.429201203971101E-01
    1.430291262744943E-01
    1.394370141809496E-01
    1.440242958468239E-01
    1.446685740514203E-01
    1.447163609541795E-01
    1.445131333528999E-01
    1.440188920326352E-01
    1.434183287274001E-01
    1.428882731057172E-01
    1.425144027627435E-01
    1.423059412600279E-01
    1.422347276716050E-01
    1.422630619754471E-01
    1.423552298189960E-01
    1.424797544110245E-01
    1.426156023820130E-01
    1.427508600983800E-01
    1.428749274199600E-01
    1.429892134250340E-01
    1.430863947351076E-01
    1.431532436776881E-01
    1.432781067355449E-01
    1.389380927244119E-01
    1.440018586806429E-01
    1.448724367215288E-01
    1.449640055217729E-01
    1.448678703047220E-01
    1.444672989891380E-01
    1.438894117712170E-01
    1.433271819414353E-01
    1.428937902199554E-01
    1.426222407233412E-01
    1.424977467312547E-01
    1.424864018762366E-01
    1.425535465222485E-01
    1.426661938358383E-01
    1.427990848982962E-01
    1.429374901039563E-01
    1.430686840759711E-01
    1.431920781862978E-01
    1.433010010282226E-01
    1.433762142098642E-01
    1.435181738355218E-01
    1.383618633715063E-01
    1.439387143120265E-01
    1.450470180094581E-01
    1.451843171387636E-01
    1.451939523347296E-01
    1.449011120619514E-01
    1.443643797149237E-01
    1.437858653918682E-01
    1.433000767474930E-01
    1.429645565017039E-01
    1.427818094012664E-01
    1.427249006219564E-01
    1.427599621987829E-01
    1.428548696263854E-01
    1.429806106077781E-01
    1.431191776470835E-01
    1.432555586636540E-01
    1.433868949864071E-01
    1.435071953221380E-01
    1.435909307882664E-01
    1.437509906287485E-01
    1.377109978515122E-01
    1.438270253439223E-01
    1.451817351085619E-01
    1.453771175326686E-01
    1.454947130951373E-01
    1.453154663921963E-01
    1.448393052899562E-01
    1.442612861127943E-01
    1.437336291108762E-01
    1.433359990487613E-01
    1.430914907462824E-01
    1.429834511596171E-01
    1.429800628763958E-01
    1.430504482122350E-01
    1.431640979473056E-01
    1.432992073400575E-01
    1.434382781334261E-01
    1.435759095698563E-01
    1.437067987231825E-01
    1.437989545386368E-01
    1.439777926981162E-01
    1.369972394222618E-01
    1.436558853519970E-01
    1.452708928765208E-01
    1.455429168644462E-01
    1.457750269548891E-01
    1.457009489998035E-01
    1.453096846995066E-01
    1.447493534956136E-01
    1.441929215953181E-01
    1.437382583744086E-01
    1.434305235279374E-01
    1.432664665841943E-01
    1.432190229047915E-01
    1.432578353378202E-01
    1.433535724919560E-01
    1.434809400223440E-01
    1.436196073109916E-01
    1.437613654940296E-01
    1.439015686682415E-01
    1.440017460049360E-01
    1.441996292030433E-01
    1.362522860748125E-01
    1.434132716295184E-01
    1.453176027212579E-01
    1.456888415287423E-01
    1.460326538364457E-01
    1.460512339059302E-01
    1.457678784694118E-01
    1.452457606144106E-01
    1.446748445586625E-01
    1.441715696344209E-01
    1.438017287935336E-01
    1.435781102387083E-01
    1.434813484101948E-01
    1.434823279343551E-01
    1.435534172684507E-01
    1.436680328295508E-01
    1.438025809377527E-01
    1.439457436235796E-01
    1.440934385798634E-01
    1.442009160748536E-01
    1.444176096365827E-01
    1.355257566653947E-01
    1.430927974468551E-01
    1.453248141575990E-01
    1.458274582144628E-01
    1.462621601766040E-01
    1.463660091980699E-01
    1.462014554444833E-01
    1.457454706700992E-01
    1.451752535158284E-01
    1.446346709705110E-01
    1.442068645272294E-01
    1.439220155216292E-01
    1.437712254597452E-01
    1.437290787375506E-01
    1.437685282314351E-01
    1.438645201696037E-01
    1.439905869646729E-01
    1.441318559515430E-01
    1.442846138767689E-01
    1.443983257360670E-01
    1.446330142017943E-01
    1.348664061390416E-01
    1.427015459236067E-01
    1.452831641940104E-01
    1.459674065453848E-01
    1.464612493397373E-01
    1.466494949357658E-01
    1.465963325007853E-01
    1.462401432417214E-01
    1.456896118523497E-01
    1.451249000260885E-01
    1.446463968881991E-01
    1.443009664960296E-01
    1.440926577202126E-01
    1.440024808448391E-01
    1.440042273623593E-01
    1.440748322499165E-01
    1.441873420748397E-01
    1.443228351587636E-01
    1.444775697516397E-01
    1.445960725842011E-01
    1.448473110946360E-01
    1.342866330602556E-01
    1.422536776654613E-01
    1.452042842151397E-01
    1.461124770125052E-01
    1.466247098251052E-01
    1.469034750071705E-01
    1.469493835926131E-01
    1.467161974090476E-01
    1.462132058567044E-01
    1.456387125386892E-01
    1.451193956355710E-01
    1.447166822968968E-01
    1.444491202447114E-01
    1.443064946769155E-01
    1.442656113056441E-01
    1.443039171694374E-01
    1.443969328467476E-01
    1.445221800161077E-01
    1.446751141825751E-01
    1.447965423348860E-01
    1.450622363192283E-01
    1.336925793820270E-01
    1.419524984646822E-01
    1.451019926094365E-01
    1.462601434003495E-01
    1.467422415525299E-01
    1.471261535331118E-01
    1.472686343408133E-01
    1.471570548123081E-01
    1.467395369548088E-01
    1.461725591000562E-01
    1.456237110714855E-01
    1.451697089339744E-01
    1.448433211974398E-01
    1.446449919929198E-01
    1.445569603543901E-01
    1.445572268745786E-01
    1.446239616189163E-01
    1.447338517171090E-01
    1.448805092943292E-01
    1.450025272450260E-01
    1.452799275373536E-01
    1.328499258411716E-01
    1.419823502503240E-01
    1.450963236062703E-01
    1.464065564785861E-01
    1.468306447446870E-01
    1.473105191369725E-01
    1.475590585051045E-01
    1.475508639733296E-01
    1.472563966795937E-01
    1.467232483399042E-01
    1.461565104976885E-01
    1.456594070358637E-01
    1.452770485525514E-01
    1.450214261511137E-01
    1.448821607558746E-01
    1.448399427794853E-01
    1.448736736021059E-01
    1.449623198457503E-01
    1.450975313222407E-01
    1.452172823149149E-01
    1.455029885654247E-01
    1.314954761215662E-01
    1.420725524748510E-01
    1.452714799513117E-01
    1.465606815797084E-01
    1.469512634571126E-01
    1.474509616586768E-01
    1.478118052380193E-01
    1.478996235613962E-01
    1.477435253391752E-01
    1.472854629209529E-01
    1.467149455926488E-01
    1.461841454619910E-01
    1.457510601827003E-01
    1.454385101267060E-01
    1.452450290152729E-01
    1.451562873549083E-01
    1.451517706355411E-01
    1.452126315120215E-01
    1.453305052905912E-01
    1.454445501644211E-01
    1.457345066380321E-01
    1.295197621908671E-01
    1.419774668379565E-01
    1.455791532847175E-01
    1.468077846353258E-01
    1.471816236498701E-01
    1.475712111017379E-01
    1.480211134227026E-01
    1.482115140289253E-01
    1.481761411579053E-01
    1.478437152609050E-01
    1.472955040634213E-01
    1.467416571477400E-01
    1.462650522595660E-01
    1.458980324877982E-01
    1.456489264030815E-01
    1.455100863688633E-01
    1.454634804718805E-01
    1.454905049986299E-01
    1.455844002336923E-01
    1.456886211601485E-01
    1.459780764886674E-01
    1.273255658398927E-01
    1.412210129532011E-01
    1.460809135890524E-01
    1.471666308310935E-01
    1.475641285480674E-01
    1.477837159243857E-01
    1.481883580284636E-01
    1.484940038476507E-01
    1.485518872114453E-01
    1.483666910878101E-01
    1.478897988303446E-01
    1.473287200581290E-01
    1.468176317831484E-01
    1.464007265194517E-01
    1.460964601328945E-01
    1.459051469527594E-01
    1.458130426827982E-01
    1.458020006526385E-01
    1.458650064515035E-01
    1.459544205415838E-01
    1.462378257843789E-01
    1.253672681654919E-01
    1.394245030952549E-01
    1.463844616936687E-01
    1.477062469953387E-01
    1.481761740707382E-01
    1.482130197388847E-01
    1.483810138270262E-01
    1.487402052954974E-01
    1.488895488574169E-01
    1.488270032992559E-01
    1.484779611087533E-01
    1.479392040834243E-01
    1.474056491117036E-01
    1.469460110299700E-01
    1.465893027966642E-01
    1.463449020502502E-01
    1.462045108139463E-01
    1.461524945854256E-01
    1.461790306817245E-01
    1.462476417617301E-01
    1.465184805503882E-01
    1.237337266151729E-01
    1.365515245063479E-01
    1.459252400106361E-01
    1.483864696318045E-01
    1.488988822298508E-01
    1.488818590107908E-01
    1.487998033497361E-01
    1.489780768803972E-01
    1.492151049637724E-01
    1.492385291869488E-01
    1.490322461646849E-01
    1.485624596210815E-01
    1.480227733230891E-01
    1.475312642478142E-01
    1.471279094604954E-01
    1.468320987906204E-01
    1.466420400024103E-01
    1.465465150036598E-01
    1.465334615543500E-01
    1.465748534805371E-01
    1.468254705989262E-01
    1.223840056703225E-01
    1.327708905922976E-01
    1.446794970168141E-01
    1.488531657748566E-01
    1.496661553922468E-01
    1.496316397273513E-01
    1.494806797489130E-01
    1.494066265453978E-01
    1.495397937843888E-01
    1.496396699964616E-01
    1.495437192385535E-01
    1.491799005047515E-01
    1.486613028769397E-01
    1.481508775042086E-01
    1.477108084302864E-01
    1.473683646461763E-01
    1.471293315483425E-01
    1.469886750212583E-01
    1.469342884817284E-01
    1.469433754972119E-01
    1.471652097386993E-01
    1.213048062596657E-01
    1.289722889566407E-01
    1.425592983568021E-01
    1.486726239793416E-01
    1.503584814378631E-01
    1.503617289675994E-01
    1.502956660537369E-01
    1.500298147493037E-01
    1.499920119472337E-01
    1.500474552723707E-01
    1.500233469238868E-01
    1.497741135919904E-01
    1.493131950392686E-01
    1.488004798944463E-01
    1.483341897173807E-01
    1.479535723008719E-01
    1.476690326872721E-01
    1.474834695886794E-01
    1.473864684129994E-01
    1.473603140344860E-01
    1.475453653474310E-01
    1.204882107916362E-01
    1.257744455379849E-01
    1.391174402434250E-01
    1.479317100401250E-01
    1.507012965873539E-01
    1.511203810855123E-01
    1.510044256332056E-01
    1.508916267509333E-01
    1.505917387426766E-01
    1.505338298961836E-01
    1.504924839566637E-01
    1.503414538795177E-01
    1.499712875447848E-01
    1.494802766073586E-01
    1.489971153854653E-01
    1.485856764335911E-01
    1.482618901177996E-01
    1.480342738677058E-01
    1.478945926582283E-01
    1.478311300203572E-01
    1.479746936773434E-01
    1.199092259767612E-01
    1.232900333447010E-01
    1.341301872309512E-01
    1.460505994835527E-01
    1.506191881924446E-01
    1.518455899841964E-01
    1.517737623483860E-01
    1.516709140901494E-01
    1.514764688006923E-01
    1.511456686300620E-01
    1.510157765212763E-01
    1.508813371940910E-01
    1.506269352044868E-01
    1.501934721454835E-01
    1.497056528166086E-01
    1.492671919297298E-01
    1.489072200081627E-01
    1.486423117223504E-01
    1.484624091742031E-01
    1.483594604499920E-01
    1.484622821847275E-01
    1.195291563169072E-01
    1.215372905006134E-01
    1.289252990951916E-01
    1.425622179830407E-01
    1.497449056342070E-01
    1.522423185610322E-01
    1.525934200111398E-01
    1.524020581362222E-01
    1.522765063684667E-01
    1.519886020080662E-01
    1.516579379902771E-01
    1.514656973928706E-01
    1.512512082542095E-01
    1.509276976242292E-01
    1.504684876990385E-01
    1.500085691271779E-01
    1.496110757909086E-01
    1.493094723485699E-01
    1.490920232646785E-01
    1.489480316030545E-01
    1.490156923015074E-01
    1.192941622156772E-01
    1.204113879990284E-01
    1.247814049604051E-01
    1.371751216886717E-01
    1.479260616639237E-01
    1.523204994164785E-01
    1.534159345856502E-01
    1.532693402400809E-01
    1.529951098332506E-01
    1.528449008412873E-01
    1.524992843900169E-01
    1.521674939240555E-01
    1.519177455241206E-01
    1.516331215227434E-01
    1.512689851643014E-01
    1.508216193609347E-01
    1.503871527654258E-01
    1.500475869965633E-01
    1.497893017254774E-01
    1.496014375455544E-01
    1.496394153089081E-01
    1.191438025516286E-01
    1.197304265479559E-01
    1.220354768899641E-01
    1.303075446017727E-01
    1.440724444328703E-01
    1.510637801116839E-01
    1.539228524086352E-01
    1.541176949253279E-01
    1.538960763486442E-01
    1.536138192058251E-01
    1.534539805942329E-01
    1.530749571386635E-01
    1.526916929893828E-01
    1.523797580655063E-01
    1.520434331170762E-01
    1.516818217982395E-01
    1.512472289208529E-01
    1.508722358156437E-01
    1.505691073462562E-01
    1.503332866569981E-01
    1.503396797615514E-01
    1.190350322833287E-01
    1.193240420601347E-01
    1.204416978363305E-01
    1.247964623988481E-01
    1.370454307027043E-01
    1.483533520879978E-01
    1.535485150156726E-01
    1.548264816890252E-01
    1.548184320317679E-01
    1.545644073397914E-01
    1.542947077155095E-01
    1.541078454228481E-01
    1.536865125011509E-01
    1.532145752468427E-01
    1.528635649093804E-01
    1.525242518755996E-01
    1.521642115272167E-01
    1.517924367304515E-01
    1.514468149268448E-01
    1.511577772754268E-01
    1.511305685362503E-01
    1.189610637391939E-01
    1.190853819099206E-01
    1.195941128045901E-01
    1.215710130834656E-01
    1.288381465220562E-01
    1.429669120424615E-01
    1.511659931990706E-01
    1.554918056159793E-01
    1.557895834615131E-01
    1.556764830751080E-01
    1.553583189474204E-01
    1.550290829981557E-01
    1.547796897296722E-01
    1.543445450703085E-01
    1.537844108808100E-01
    1.534363137895594E-01
    1.530790373995306E-01
    1.527726860691964E-01
    1.524353361778834E-01
    1.520850252853883E-01
    1.520282911478056E-01
    1.189351760005447E-01
    1.189613634503239E-01
    1.191728434106862E-01
    1.199971840062918E-01
    1.231591272585996E-01
    1.333969605777239E-01
    1.471526293261826E-01
    1.534737606817942E-01
    1.571007011596796E-01
    1.569039786036926E-01
    1.565555055033893E-01
    1.561308984158150E-01
    1.557429241383888E-01
    1.554505918822942E-01
    1.550753423814204E-01
    1.545210108621256E-01
    1.540950789113913E-01
    1.537702370348342E-01
    1.534912464511675E-01
    1.531284563220058E-01
    1.530459656221907E-01
    1.189599068792859E-01
    1.189256280007548E-01
    1.189849537210852E-01
    1.192983346405206E-01
    1.205022575685334E-01
    1.250498561825507E-01
    1.372217133355390E-01
    1.499685628884709E-01
    1.552696922067865E-01
    1.585467887921685E-01
    1.580222347391386E-01
    1.574689934681940E-01
    1.569147922919041E-01
    1.564965173059332E-01
    1.562071379895318E-01
    1.559071339816329E-01
    1.554146315106088E-01
    1.549429459045413E-01
    1.546148792288221E-01
    1.542435425122691E-01
    1.541706652344602E-01
    1.189696889175860E-01
    1.189532217603140E-01
    1.189231438409444E-01
    1.190139993677535E-01
    1.194320235200009E-01
    1.210137570504107E-01
    1.268538280504508E-01
    1.400056904211519E-01
    1.517938082518095E-01
    1.566687041481559E-01
    1.599431732632616E-01
    1.593461681058123E-01
    1.585276805414022E-01
    1.578373174313834E-01
    1.574139020137213E-01
    1.571185712292648E-01
    1.568124085757389E-01
    1.564286579514622E-01
    1.560106795899618E-01
    1.555379413750843E-01
    1.554041344291918E-01
    1.189644986686004E-01
    1.189710737855413E-01
    1.189416129288106E-01
    1.189216942084262E-01
    1.190373229254147E-01
    1.195379526957769E-01
    1.213971339106082E-01
    1.280203763061615E-01
    1.414992647910403E-01
    1.529139558727901E-01
    1.581319661518648E-01
    1.610921268942314E-01
    1.608656054221927E-01
    1.600384712465988E-01
    1.592019773274583E-01
    1.585457154469143E-01
    1.581438150306289E-01
    1.578555086255015E-01
    1.575639522423724E-01
    1.571466967216629E-01
    1.568749872663662E-01
    1.189633187447240E-01
    1.189662389066824E-01
    1.189710705532096E-01
    1.189336601050145E-01
    1.189210424902113E-01
    1.190488243745701E-01
    1.195845793583186E-01
    1.215200753760657E-01
    1.281956671819336E-01
    1.415009965982396E-01
    1.532720461787525E-01
    1.592584070767529E-01
    1.612171823583304E-01
    1.627752537516762E-01
    1.619456298509633E-01
    1.607918338416532E-01
    1.599027642617953E-01
    1.594037453922445E-01
    1.591420954843734E-01
    1.588324482944579E-01
    1.585905212123722E-01
    1.189633610555494E-01
    1.189631466234760E-01
    1.189676477823148E-01
    1.189705694856266E-01
    1.189312600040138E-01
    1.189202253552231E-01
    1.190439819338286E-01
    1.195531973321397E-01
    1.213329018639500E-01
    1.272859304289951E-01
    1.399166591823523E-01
    1.526987482831628E-01
    1.592335776735785E-01
    1.621254886215298E-01
    1.639841754379990E-01
    1.639815919481643E-01
    1.632487354503414E-01
    1.621294216075358E-01
    1.612892827533333E-01
    1.607205399142198E-01
    1.605358090768475E-01
    1.189636630764157E-01
    1.189631390015392E-01
    1.189631754876106E-01
    1.189683002926104E-01
    1.189704141944933E-01
    1.189340918435897E-01
    1.189189507860751E-01
    1.190230547327788E-01
    1.194516121075487E-01
    1.208961698594302E-01
    1.255292180184508E-01
    1.366479119523868E-01
    1.500474375238093E-01
    1.586389421191723E-01
    1.625074474588690E-01
    1.644143835373229E-01
    1.655641961143466E-01
    1.655344000012113E-01
    1.649531200164238E-01
    1.640364682063159E-01
    1.632061796910006E-01
    1.189637543116077E-01
    1.189636779603086E-01
    1.189630313525811E-01
    1.189632340813021E-01
    1.189681233098841E-01
    1.189704294507535E-01
    1.189408468592928E-01
    1.189183070320391E-01
    1.189924228739781E-01
    1.193105899536438E-01
    1.203465137251925E-01
    1.234794515905920E-01
    1.318610616128972E-01
    1.449975850230500E-01
    1.556702599602579E-01
    1.619786556050824E-01
    1.644721433531540E-01
    1.661984508292793E-01
    1.669295394959987E-01
    1.671752309770888E-01
    1.668023210253070E-01
    1.189636830673998E-01
    1.189637757006931E-01
    1.189636738066945E-01
    1.189630063634449E-01
    1.189632966603568E-01
    1.189673390759417E-01
    1.189702292550996E-01
    1.189493411048393E-01
    1.189208505378596E-01
    1.189619049575524E-01
    1.191680901124677E-01
    1.198244840829725E-01
    1.217101815295279E-01
    1.268752034360427E-01
    1.371484500286555E-01
    1.495976623218607E-01
    1.583421844886291E-01
    1.636442898833738E-01
    1.658766672334694E-01
    1.673452998388332E-01
    1.681665133340429E-01
    1.189636706713760E-01
    1.189636856578636E-01
    1.189637764217765E-01
    1.189636794541313E-01
    1.189630788946301E-01
    1.189633394274811E-01
    1.189662381798231E-01
    1.189695871659421E-01
    1.189569285981932E-01
    1.189287603425483E-01
    1.189400747093822E-01
    1.190535244958966E-01
    1.194220112915294E-01
    1.204499389336384E-01
    1.230319215007909E-01
    1.290885527578884E-01
    1.392682859766615E-01
    1.502461854974190E-01
    1.587490347821972E-01
    1.633632511951326E-01
    1.669489541025557E-01
    1.189636784859028E-01
    1.189636678137113E-01
    1.189636870808658E-01
    1.189637594519061E-01
    1.189636827268751E-01
    1.189632345017599E-01
    1.189633030462953E-01
    1.189652513070798E-01
    1.189683246527608E-01
    1.189624635170613E-01
    1.189408738906228E-01
    1.189314846793082E-01
    1.189803311116595E-01
    1.191612135024140E-01
    1.196504556620140E-01
    1.208495874102915E-01
    1.235074440840041E-01
    1.288860154118476E-01
    1.376884725431396E-01
    1.467465359043788E-01
    1.575769706905357E-01
    1.189636809324795E-01
    1.189636785093178E-01
    1.189636698370257E-01
    1.189636863583448E-01
    1.189637357737188E-01
    1.189636936298703E-01
    1.189633993929454E-01
    1.189632787010226E-01
    1.189645381716315E-01
    1.189667279818661E-01
    1.189655008703987E-01
    1.189523812665147E-01
    1.189362481286429E-01
    1.189461810356662E-01
    1.190185219505906E-01
    1.192261596119039E-01
    1.197190705581191E-01
    1.207830253147295E-01
    1.229088457084409E-01
    1.265536262545856E-01
    1.357269560792353E-01
    1.189636801715404E-01
    1.189636809727480E-01
    1.189636786887220E-01
    1.189636733729832E-01
    1.189636827957413E-01
    1.189637156036188E-01
    1.189637035121668E-01
    1.189635171828383E-01
    1.189633715378827E-01
    1.189639591739903E-01
    1.189655063555656E-01
    1.189659602586288E-01
    1.189605270579446E-01
    1.189472223215196E-01
    1.189396857611544E-01
    1.189587362695772E-01
    1.190315783907591E-01
    1.192121690645290E-01
    1.195977206199149E-01
    1.203326756551964E-01
    1.226802373710222E-01
    1.189636798973542E-01
    1.189636801361337E-01
    1.189636806204715E-01
    1.189636792516958E-01
    1.189636760527595E-01
    1.189636798696927E-01
    1.189637016612692E-01
    1.189637008667488E-01
    1.189636059520506E-01
    1.189634755616368E-01
    1.189636737913718E-01
    1.189645459389835E-01
    1.189654372739506E-01
    1.189640809176329E-01
    1.189575545347917E-01
    1.189471513227473E-01
    1.189441547220900E-01
    1.189622654792210E-01
    1.190156899939449E-01
    1.191409328483162E-01
    1.196005047059551E-01
    1.189636799400124E-01
    1.189636799045103E-01
    1.189636800603925E-01
    1.189636803315077E-01
    1.189636797358056E-01
    1.189636776424308E-01
    1.189636791468769E-01
    1.189636907316307E-01
    1.189636960005037E-01
    1.189636546832328E-01
    1.189635695981080E-01
    1.189635878525464E-01
    1.189639677980162E-01
    1.189646425207933E-01
    1.189648883491678E-01
    1.189627159549937E-01
    1.189576632434074E-01
    1.189488044685029E-01
    1.189492965679306E-01
    1.189516915979529E-01
    1.190305004901721E-01
    1.189636799593830E-01
    1.189636799461363E-01
    1.189636799265724E-01
    1.189636799969723E-01
    1.189636801696277E-01
    1.189636799235451E-01
    1.189636787644831E-01
    1.189636791136893E-01
    1.189636843020358E-01
    1.189636898190913E-01
    1.189636765066527E-01
    1.189636316375275E-01
    1.189636037953994E-01
    1.189637044766347E-01
    1.189640710991018E-01
    1.189644370776213E-01
    1.189645073213718E-01
    1.189623187966359E-01
    1.189599142717595E-01
    1.189508939503055E-01
    1.189540265666064E-01
    1.189636799580326E-01
    1.189636799591664E-01
    1.189636799525480E-01
    1.189636799401819E-01
    1.189636799687956E-01
    1.189636800672959E-01
    1.189636799732309E-01
    1.189636794596734E-01
    1.189636793090571E-01
    1.189636813087191E-01
    1.189636847943796E-01
    1.189636826233654E-01
    1.189636649399094E-01
    1.189636384642049E-01
    1.189636450129159E-01
    1.189637600286650E-01
    1.189639967212387E-01
    1.189642912994847E-01
    1.189640624735625E-01
    1.189636976576139E-01
    1.189593443792757E-01
    1.189636799571926E-01
    1.189636799576599E-01
    1.189636799584073E-01
    1.189636799557042E-01
    1.189636799484602E-01
    1.189636799598676E-01
    1.189636800037929E-01
    1.189636799858952E-01
    1.189636797808773E-01
    1.189636796006664E-01
    1.189636801597887E-01
    1.189636818641298E-01
    1.189636824540652E-01
    1.189636780622217E-01
    1.189636636519504E-01
    1.189636557312948E-01
    1.189636596057814E-01
    1.189637722064131E-01
    1.189638354968389E-01
    1.189642298386373E-01
    1.189638138268821E-01
    1.189636799572281E-01
    1.189636799571909E-01
    1.189636799573994E-01
    1.189636799578620E-01
    1.189636799567995E-01
    1.189636799534922E-01
    1.189636799569385E-01
    1.189636799739320E-01
    1.189636799775422E-01
    1.189636799108648E-01
    1.189636797991665E-01
    1.189636798962592E-01
    1.189636804673628E-01
    1.189636813113020E-01
    1.189636806201755E-01
    1.189636769638155E-01
    1.189636683279696E-01
    1.189636646347697E-01
    1.189636724150792E-01
    1.189637093192377E-01
    1.189638398641488E-01
    1.189636799572528E-01
    1.189636799572405E-01
    1.189636799572154E-01
    1.189636799572977E-01
    1.189636799575157E-01
    1.189636799571600E-01
    1.189636799559205E-01
    1.189636799564230E-01
    1.189636799622722E-01
    1.189636799672060E-01
    1.189636799510594E-01
    1.189636799035641E-01
    1.189636798908198E-01
    1.189636800240951E-01
    1.189636804211146E-01
    1.189636805749014E-01
    1.189636802843606E-01
    1.189636768317357E-01
    1.189636754590696E-01
    1.189636646366005E-01
    1.189636834317599E-01
    1.189636799572516E-01
    1.189636799572527E-01
    1.189636799572475E-01
    1.189636799572350E-01
    1.189636799572633E-01
    1.189636799573445E-01
    1.189636799572626E-01
    1.189636799568427E-01
    1.189636799567469E-01
    1.189636799583337E-01
    1.189636799611174E-01
    1.189636799586100E-01
    1.189636799452032E-01
    1.189636799240089E-01
    1.189636799471002E-01
    1.189636800286784E-01
    1.189636802574992E-01
    1.189636802390537E-01
    1.189636800879461E-01
    1.189636787292013E-01
    1.189636760290306E-01
    1.189636799572510E-01
    1.189636799572513E-01
    1.189636799572519E-01
    1.189636799572501E-01
    1.189636799572453E-01
    1.189636799572527E-01
    1.189636799572792E-01
    1.189636799572707E-01
    1.189636799571493E-01
    1.189636799570358E-01
    1.189636799573630E-01
    1.189636799583485E-01
    1.189636799586885E-01
    1.189636799558357E-01
    1.189636799478107E-01
    1.189636799444835E-01
    1.189636799529468E-01
    1.189636800256217E-01
    1.189636800517383E-01
    1.189636802680624E-01
    1.189636797805199E-01
    1.189636799572510E-01
    1.189636799572510E-01
    1.189636799572511E-01
    1.189636799572513E-01
    1.189636799572508E-01
    1.189636799572494E-01
    1.189636799572504E-01
    1.189636799572577E-01
    1.189636799572610E-01
    1.189636799572365E-01
    1.189636799571849E-01
    1.189636799572143E-01
    1.189636799574263E-01
    1.189636799578265E-01
    1.189636799574823E-01
    1.189636799562753E-01
    1.189636799521247E-01
    1.189636799528550E-01
    1.189636799541892E-01
    1.189636799800359E-01
    1.189636800225765E-01
VECTORS velocity double
    4.204476336307941E+01    3.021078497553781E+00    1.920735044710900E-17
    4.175856970447547E+01    3.144342323775057E+00    2.578792927875471E-19
    4.176299767888457E+01    3.134807689829993E+00   -2.022913374074864E-17
    4.176370775812365E+01    3.131977080255793E+00   -2.225513590022786E-17
    4.176353939794186E+01    3.132068853276204E+00   -5.960573046104968E-18
    4.176349779482994E+01    3.132163783955811E+00   -2.467424567132758E-17
    4.176349348693109E+01    3.132179927020682E+00   -4.714747390716955E-17
    4.176349457575100E+01    3.132177180238529E+00   -2.343550605179038E-18
    4.176349554384048E+01    3.132174081017750E+00    3.263689723367423E-17
    4.176349597160917E+01    3.132172664475748E+00    4.861377140581523E-18
    4.176349614279877E+01    3.132172092295670E+00    1.699466744421372E-17
    4.176349621563558E+01    3.132171848510091E+00    3.135925135903864E-17
    4.176349624815841E+01    3.132171739721750E+00   -7.038588414612390E-18
    4.176349626299368E+01    3.132171690131730E+00   -2.132313712094524E-17
    4.176349627023425E+01    3.132171665926990E+00    4.189647449911059E-18
    4.176349626433460E+01    3.132171684751688E+00   -1.518177029942385E-17
    4.176349641209255E+01    3.132171223172465E+00   -1.203483496924545E-18
    4.176349442534186E+01    3.132177073649361E+00    9.643359695765757E-18
    4.176351688503939E+01    3.132117137001468E+00   -3.540381238974288E-17
    4.176335361430065E+01    3.132463720150974E+00    7.545540754723528E-18
    4.176322235294815E+01    3.132379007774382E+00    3.205652619016254E-18
    1.269811033703681E+02    8.099563399201951E+00    1.575529368502883E-17
    1.262131203714416E+02    8.459001834661851E+00   -6.430117753924416E-17
    1.262252416619544E+02    8.432409317125581E+00   -5.949208216364300E-17
    1.262269738146062E+02    8.424352858492330E+00   -6.517349321130663E-17
    1.262264783938032E+02    8.424568261865732E+00   -6.230497044249263E-18
    1.262263661779407E+02    8.424830641025526E+00   -7.490421242859487E-17
    1.262263554179245E+02    8.424876103807666E+00   -1.197888689535571E-16
    1.262263583150965E+02    8.424868264819052E+00   -1.210606383492183E-17
    1.262263608024432E+02    8.424859405153898E+00    7.523207391723489E-17
    1.262263618949129E+02    8.424855346178754E+00    1.749345582610416E-17
    1.262263623312940E+02    8.424853703817082E+00    3.157163989740298E-17
    1.262263625168876E+02    8.424853003459997E+00    7.732031464094329E-17
    1.262263625997570E+02    8.424852690798554E+00   -3.864819961561525E-17
    1.262263626375586E+02    8.424852548231325E+00   -5.951783534102172E-17
    1.262263626560006E+02    8.424852478620625E+00   -2.634802730619566E-18
    1.262263626409120E+02    8.424852532240974E+00   -7.802136230670113E-17
    1.262263630209835E+02    8.424851217655764E+00    1.022057267462692E-18
    1.262263578570496E+02    8.424867808878989E+00    3.602898988080965E-17
    1.262264172577037E+02    8.424698723535142E+00   -5.802404770760255E-17
    1.262259722425920E+02    8.425668866359651E+00    2.243534166132686E-17
    1.262254685016745E+02    8.428930957673606E+00    2.766009411039007E-17
    2.118714255723748E+02    1.213798809579474E+01    4.015813724909977E-17
    2.106735742570406E+02    1.270551238832058E+01   -5.015936000672477E-17
    2.106933979196477E+02    1.266363944371848E+01   -8.588043172565442E-17
    2.106964503700434E+02    1.264949686067273E+01   -1.719711967525868E-17
    2.106957128677924E+02    1.264941501955729E+01   -1.644688508779467E-17
    2.106955387204374E+02    1.264978316833864E+01   -1.294100799725213E-16
    2.106955216787544E+02    1.264985410548017E+01   -1.425165944758808E-16
    2.106955270190786E+02    1.264983882378682E+01   -1.496072746499492E-17
    2.106955315741424E+02    1.264982222601311E+01    1.392530851968157E-16
    2.106955336053070E+02    1.264981450461531E+01   -2.032393081715785E-18
    2.106955344281576E+02    1.264981133156820E+01    6.811146876236059E-18
    2.106955347810287E+02    1.264980996610533E+01    6.508245715160099E-17
    2.106955349393366E+02    1.264980935340002E+01   -2.281204380131570E-17
    2.106955350118247E+02    1.264980907289474E+01   -1.198118683138945E-16
    2.106955350473106E+02    1.264980893543030E+01    3.020594663076937E-17
    2.106955350209432E+02    1.264980903079545E+01   -1.808125569317634E-16
    2.106955356923808E+02    1.264980666605818E+01    4.811078262877148E-17
    2.106955267936201E+02    1.264983558625672E+01    1.077055841455858E-16
    2.106956269524014E+02    1.264955053705176E+01   -8.557609434109227E-17
    2.106948923608392E+02    1.265111715881016E+01    8.491817896557261E-17
    2.106940170232802E+02    1.265660608463885E+01    5.429837254157518E-17
    2.965493183428532E+02    1.605327015502954E+01   -5.051797795843567E-17
    2.949557095554521E+02    1.683700897222334E+01   -7.455480164279409E-17
    2.949834803556733E+02    1.678089983267679E+01   -1.230219578990296E-16
    2.949884202422995E+02    1.675885967067514E+01   -1.039914339543819E-16
    2.949875821548961E+02    1.675779184192165E+01   -1.925702713853617E-16
    2.949873608469542E+02    1.675816313526495E+01   -9.945821625352249E-17
    2.949873382430409E+02    1.675825111414693E+01   -2.819525982769390E-16
    2.949873474002391E+02    1.675822273107915E+01    5.386340131566265E-17
    2.949873551193529E+02    1.675819404589674E+01    2.229767601531559E-16
    2.949873586321368E+02    1.675818046336539E+01   -3.477496856735827E-17
    2.949873600825890E+02    1.675817476925512E+01   -2.585162386859632E-17
    2.949873607116247E+02    1.675817228925901E+01    4.340236802373850E-17
    2.949873609956657E+02    1.675817116872785E+01   -1.093770419507728E-16
    2.949873611264053E+02    1.675817065292612E+01   -8.988097663798019E-17
    2.949873611907074E+02    1.675817039895270E+01    7.708394150017842E-17
    2.949873611491454E+02    1.675817055060581E+01   -1.532735283464582E-16
    2.949873622277011E+02    1.675816670261746E+01    8.807353595530183E-17
    2.949873484836028E+02    1.675821171671003E+01    6.994956070929882E-17
    2.949874973718698E+02    1.675778866265605E+01   -1.322514816926491E-16
    2.949864508998617E+02    1.675997356810225E+01    1.499889502048731E-16
    2.949851600965733E+02    1.676776971161079E+01    3.291630535885167E-17
    3.808331368158768E+02    2.009263934522943E+01    2.445617186969567E-16
    3.788641488090147E+02    2.110684666630976E+01   -1.968614986106194E-16
    3.789001742017723E+02    2.103832026491608E+01   -2.279644244293692E-16
    3.789078302204911E+02    2.100581097519542E+01    3.981466563486856E-17
    3.789071171334637E+02    2.100265401368355E+01   -1.865845704941326E-16
    3.789068787586376E+02    2.100283182908559E+01   -1.008647752498946E-16
    3.789068537949778E+02    2.100291276468007E+01   -4.667600818801557E-16
    3.789068694300006E+02    2.100285966446388E+01    6.197345224516467E-17
    3.789068822129281E+02    2.100281106745342E+01    2.309509937971554E-16
    3.789068881468162E+02    2.100278768805650E+01   -3.974548052161189E-17
    3.789068906478029E+02    2.100277767477343E+01    4.839824325903378E-17
    3.789068917460556E+02    2.100277325472149E+01    1.814111508688114E-16
    3.789068922456700E+02    2.100277124161789E+01   -2.114232853210045E-16
    3.789068924770173E+02    2.100277030905180E+01   -1.219548231798941E-16
    3.789068925913850E+02    2.100276984747978E+01    1.061099075835804E-16
    3.789068925290397E+02    2.100277007593958E+01   -2.420917731148831E-18
    3.789068941997069E+02    2.100276403897744E+01    4.297993301656748E-17
    3.789068739035733E+02    2.100283095929490E+01    1.976333046368784E-16
    3.789070833229244E+02    2.100223796951719E+01   -1.508749041816257E-16
    3.789056930980151E+02    2.100506390743371E+01    2.736335694623418E-16
    3.789038942869307E+02    2.101543897119868E+01    1.594119286030276E-18
    4.644911328072123E+02    2.422857345614550E+01   -1.375359645355328E-17
    4.621564142204252E+02    2.549615107222042E+01   -8.645950427782689E-17
    4.622008924660420E+02    2.541821708043725E+01   -2.575195770171423E-16
    4.622123672047976E+02    2.537199839581871E+01   -1.003104507842605E-16
    4.622121267452774E+02    2.536511080357548E+01   -4.956854802756603E-16
    4.622119298749535E+02    2.536474105903133E+01   -2.507615406865149E-16
    4.622119113848773E+02    2.536475749129225E+01   -5.765031726710679E-16
    4.622119384486175E+02    2.536465676407627E+01    5.593780515576638E-17
    4.622119594637871E+02    2.536457467756347E+01    3.252587229358104E-16
    4.622119693828242E+02    2.536453472405227E+01    1.244227056298474E-16
    4.622119736493826E+02    2.536451724675570E+01   -1.596534441857972E-17
    4.622119755473466E+02    2.536450942330812E+01    1.219580562589147E-16
    4.622119764177090E+02    2.536450582902888E+01   -2.251838432101434E-16
    4.622119768233654E+02    2.536450415232559E+01   -2.041562173254999E-16
    4.622119770249618E+02    2.536450331796895E+01    3.030159760066807E-17
    4.622119769349649E+02    2.536450364701962E+01   -6.621239308715809E-17
    4.622119794752031E+02    2.536449434258926E+01   -1.189860314837499E-16
    4.622119502125987E+02    2.536459142434597E+01    1.825980706499427E-16
    4.622122358054456E+02    2.536378721565434E+01    4.307956150883644E-17
    4.622104646720707E+02    2.536726465855121E+01    4.601016287041200E-16
    4.622080204703179E+02    2.538070924156925E+01    2.925837398937056E-16
    5.472413703308303E+02    2.840432622498023E+01   -7.477232128854285E-17
    5.445422373611666E+02    2.995129672245611E+01   -2.554325812522284E-17
    5.445950644046669E+02    2.986883887890796E+01   -2.779107848029210E-16
    5.446117357449511E+02    2.980521307985221E+01    1.942078496963415E-16
    5.446124812994414E+02    2.979227628419489E+01   -3.096363610959014E-16
    5.446124311767308E+02    2.979075775742329E+01   -2.263293705330617E-16
    5.446124387396021E+02    2.979058948555934E+01   -7.217049540267316E-16
    5.446124861589018E+02    2.979039766730025E+01    1.827136662595807E-16
    5.446125205870350E+02    2.979025900243971E+01    4.484233911932574E-16
    5.446125370390066E+02    2.979019106662659E+01    3.592732856226293E-16
    5.446125442537455E+02    2.979016075032433E+01   -2.244415023865262E-17
    5.446125475052177E+02    2.979014698665274E+01   -1.395640171994895E-16
    5.446125490088756E+02    2.979014060464146E+01   -1.575356498495353E-16
    5.446125497145637E+02    2.979013760503543E+01   -3.755662660343443E-16
    5.446125500671297E+02    2.979013610417246E+01    7.008585923406714E-17
    5.446125499426603E+02    2.979013655209139E+01   -4.309797872077706E-16
    5.446125537537291E+02    2.979012240160727E+01   -3.502731959150671E-16
    5.446125122707526E+02    2.979026065865711E+01   -2.061878564366061E-17
    5.446128934361025E+02    2.978919714252215E+01   -1.796425071935397E-16
    5.446107040792657E+02    2.979329936430867E+01    5.227554313810625E-16
    5.446074314909841E+02    2.981042029510600E+01    2.317614182947838E-16
    6.287584760319476E+02    3.258556266794007E+01   -5.159089771866545E-18
    6.256901395718343E+02    3.443885665611965E+01   -5.090487633658706E-16
    6.257506921861063E+02    3.435918534527423E+01   -2.764775098734370E-16
    6.257741874928720E+02    3.427434624179719E+01    6.946181628470683E-17
    6.257766425562313E+02    3.425226184141466E+01   -7.084370141339935E-16
    6.257769146874220E+02    3.424863428510167E+01    1.131019557445663E-17
    6.257769864393222E+02    3.424805320623682E+01   -7.346337278044493E-16
    6.257770697934673E+02    3.424769089812914E+01    1.118638921619844E-16
    6.257771259621260E+02    3.424745696739200E+01    7.574797083886366E-16
    6.257771530198130E+02    3.424734216081937E+01    2.770647389377695E-16
    6.257771651002779E+02    3.424728998134039E+01    1.167891381103151E-16
    6.257771706151240E+02    3.424726595670445E+01    3.952425467014725E-16
    6.257771731878773E+02    3.424725470831953E+01   -1.519903560343260E-16
    6.257771744041236E+02    3.424724937894285E+01   -4.407109618212338E-16
    6.257771750150172E+02    3.424724669740641E+01    6.748888200859325E-17
    6.257771748525696E+02    3.424724725591553E+01   -2.329093631791799E-16
    6.257771804977647E+02    3.424722602229844E+01   -4.373711148222519E-16
    6.257771225807019E+02    3.424741943674596E+01    5.670003030135468E-19
    6.257776220588593E+02    3.424604563535452E+01   -3.514654475755438E-16
    6.257749834936471E+02    3.425068363001578E+01    3.145992665832148E-16
    6.257706547920118E+02    3.427219051356916E+01    1.220263419048303E-16
    7.086844565973668E+02    3.673624813214981E+01    2.172828163129629E-16
    7.052382840911737E+02    3.892222689357728E+01   -1.099685541072978E-16
    7.053051916726230E+02    3.885547055750317E+01   -9.923145117443257E-17
    7.053373208329310E+02    3.874600621027518E+01    3.713635022859656E-16
    7.053424555401809E+02    3.871087338570251E+01   -4.778830631573036E-16
    7.053433236991642E+02    3.870369311775974E+01   -1.636931740610646E-16
    7.053435274000445E+02    3.870229916857639E+01   -7.460065079581470E-16
    7.053436729225076E+02    3.870162707738540E+01    1.280812287342023E-16
    7.053437639642387E+02    3.870123414128422E+01    6.018654688965219E-16
    7.053438080092577E+02    3.870104172049088E+01    2.131610054704397E-16
    7.053438279995738E+02    3.870095280608852E+01   -1.558621938527873E-16
    7.053438372412892E+02    3.870091129740195E+01    9.998492790800635E-16
    7.053438415916810E+02    3.870089166540076E+01    1.225096729920862E-16
    7.053438436639940E+02    3.870088228448326E+01   -3.763724320436746E-16
    7.053438447104946E+02    3.870087753712908E+01    5.523136062483362E-16
    7.053438445166687E+02    3.870087812688319E+01   -1.890951472197572E-16
    7.053438527638365E+02    3.870084673769987E+01   -6.488401026506899E-17
    7.053437731698651E+02    3.870111216713751E+01    1.761213294810527E-16
    7.053444160918161E+02    3.869938023846606E+01   -3.818233117386651E-16
    7.053413115189973E+02    3.870437800424440E+01    5.761114484397963E-16
    7.053356588383560E+02    3.873106494868058E+01   -1.314963924921414E-16
    7.866429472222907E+02    4.081521915327856E+01    3.568774130021882E-17
    7.828088404416887E+02    4.335816139892808E+01    2.950293573926239E-17
    7.828797694601304E+02    4.331742385625012E+01   -8.895752359066098E-17
    7.829224083612543E+02    4.318093148705590E+01   -8.000179014238033E-17
    7.829314570945756E+02    4.312815365967233E+01   -2.555281187910548E-16
    7.829333228578020E+02    4.311537943136219E+01   -1.452273074630367E-16
    7.829337702968534E+02    4.311251858371566E+01   -3.996093940964891E-16
    7.829340204759075E+02    4.311130291608619E+01    2.779962621585337E-16
    7.829341666398525E+02    4.311064822213802E+01    4.184313393385960E-16
    7.829342374510046E+02    4.311032914497829E+01    4.472123811427682E-16
    7.829342700722059E+02    4.311017950709102E+01   -5.225003405536854E-17
    7.829342853402042E+02    4.311010869717673E+01    4.996451868878816E-16
    7.829342925940397E+02    4.311007485337730E+01    5.862153415747930E-16
    7.829342960768929E+02    4.311005853532358E+01   -1.122719020705899E-16
    7.829342978453690E+02    4.311005022790592E+01    2.774887381693271E-16
    7.829342976494781E+02    4.311005061304373E+01   -6.926667191316995E-16
    7.829343095131883E+02    4.311000498724186E+01    3.719590533460596E-17
    7.829342019990299E+02    4.311036156760748E+01    4.129285123586482E-16
    7.829350142570643E+02    4.310823501933019E+01   -1.502988959301809E-16
    7.829314497474094E+02    4.311330911002386E+01    5.198638423800111E-17
    7.829241747879892E+02    4.314601612963122E+01   -1.772476400029835E-16
    8.622553120356524E+02    4.478000522538174E+01    3.194884111569980E-16
    8.580242059555700E+02    4.770072081364491E+01   -1.856009286752058E-16
    8.580956877956313E+02    4.770196495964453E+01   -2.197777152773116E-16
    8.581506125160874E+02    4.753768358754232E+01    1.890567556382098E-16
    8.581650605576236E+02    4.746223225074254E+01   -4.508406592506839E-16
    8.581684792947653E+02    4.744115305112793E+01   -4.361518555806442E-16
    8.581693432511324E+02    4.743582441710502E+01   -1.829199421460962E-16
    8.581697640957243E+02    4.743369092883346E+01    1.549110285788128E-16
    8.581699957958308E+02    4.743261319753003E+01    7.663742054372347E-16
    8.581701079891249E+02    4.743209102492887E+01    4.097695287642180E-16
    8.581701603772111E+02    4.743184288949098E+01    3.109314430758668E-16
    8.581701851923658E+02    4.743172390752533E+01   -4.302329093511573E-17
    8.581701970937559E+02    4.743166641948477E+01    9.211488951583804E-17
    8.581702028552698E+02    4.743163843701392E+01    2.279502870573698E-18
    8.581702057972238E+02    4.743162410223368E+01   -5.225738226370636E-17
    8.581702056727879E+02    4.743162373890699E+01   -3.769974351794925E-16
    8.581702224491347E+02    4.743155864244397E+01    1.873855276779218E-16
    8.581700799473361E+02    4.743202654489428E+01    1.486687890929934E-16
    8.581710858443884E+02    4.742948993709503E+01   -1.621203924475394E-16
    8.581670988087139E+02    4.743423843144588E+01    2.555677147334278E-16
    8.581578885378195E+02    4.747379746268051E+01   -2.199604508692499E-16
    9.351569139556110E+02    4.859017191092457E+01   -2.565871939951444E-16
    9.305233301935351E+02    5.190493715541349E+01   -7.113990814327796E-16
    9.305906668174713E+02    5.196661679991408E+01   -4.651897861549081E-16
    9.306593503549308E+02    5.177595550176669E+01    9.997622233287087E-16
    9.306808798610473E+02    5.167278054029006E+01   -7.510700983447750E-16
    9.306865763281154E+02    5.164001835941065E+01   -6.741785723345878E-16
    9.306881081297913E+02    5.163078468138642E+01   -9.252820481455282E-16
    9.306887977844775E+02    5.162716331730915E+01    8.830836196829542E-17
    9.306891593609619E+02    5.162541714815389E+01    6.394617341284974E-16
    9.306893341915535E+02    5.162457578483671E+01    4.053968503826335E-16
    9.306894168366041E+02    5.162417120479567E+01    2.598849166981898E-16
    9.306894564420046E+02    5.162397469564490E+01   -1.240048325657830E-17
    9.306894756200400E+02    5.162387868362346E+01   -3.365766940328558E-16
    9.306894849835578E+02    5.162383148197534E+01    1.570454544169116E-17
    9.306894897924269E+02    5.162380714277072E+01   -6.009345102556757E-17
    9.306894898912158E+02    5.162380492853806E+01   -2.155180239316120E-17
    9.306895131764351E+02    5.162371388076189E+01    9.084429329773891E-16
    9.306893281594799E+02    5.162431239508611E+01    1.407059487739603E-16
    9.306905474488677E+02    5.162138111869100E+01   -3.170105443312305E-16
    9.306862134657717E+02    5.162528631821428E+01    9.674848554738394E-16
    9.306747618135877E+02    5.167245806156488E+01    5.200038633895189E-16
    1.005012175028934E+03    5.220980751364453E+01    1.725515348894884E-17
    9.999765908851753E+02    5.592975157061957E+01   -5.424564461721251E-16
    1.000033918118826E+03    5.607225905132833E+01    1.359661584250316E-17
    1.000117317286298E+03    5.585911407829636E+01    1.483101016479176E-15
    1.000147708537613E+03    5.572364574300738E+01   -3.910912888951477E-16
    1.000156574750066E+03    5.567525536831304E+01   -2.049853249513119E-16
    1.000159119260740E+03    5.566017642271645E+01    1.615552307578232E-16
    1.000160217121825E+03    5.565424192210155E+01    4.869047150376015E-16
    1.000160771119159E+03    5.565146658593073E+01    3.810065929828258E-16
    1.000161038591946E+03    5.565013459113319E+01    5.305563745800761E-16
    1.000161166463365E+03    5.564948708951260E+01    1.756528032422237E-16
    1.000161228439169E+03    5.564916862715528E+01    4.081771560996031E-17
    1.000161258743536E+03    5.564901124154283E+01   -3.829896045746344E-16
    1.000161273669898E+03    5.564893305866961E+01    1.020220983588484E-15
    1.000161281381507E+03    5.564889246493859E+01    1.164700249211084E-15
    1.000161281983483E+03    5.564888634902213E+01    9.755992756829380E-17
    1.000161313671902E+03    5.564876158623286E+01    9.902284711010704E-16
    1.000161078691230E+03    5.564950666259509E+01    4.158914023685509E-16
    1.000162523357627E+03    5.564623498686120E+01   -3.606903148402060E-16
    1.000157959779225E+03    5.564868145715700E+01   -4.228570046353530E-17
    1.000143994110303E+03    5.570409165168614E+01    7.924146521820595E-17
    1.071527203114442E+03    5.560932131380008E+01   -2.713353426763142E-16
    1.066098241304524E+03    5.974026611905933E+01    9.673353417894062E-17
    1.066138690188652E+03    5.998530634524161E+01    4.919940182105532E-17
    1.066237048743648E+03    5.975611770077059E+01    8.157216824503335E-16
    1.066278041316255E+03    5.958477508288357E+01    9.610022024322105E-16
    1.066291110516454E+03    5.951644068740873E+01   -7.843610494655927E-17
    1.066295114510319E+03    5.949304889050174E+01   -9.991367712375755E-16
    1.066296809419993E+03    5.948366573459035E+01    1.132048661836100E-15
    1.066297640963003E+03    5.947935011032969E+01    8.458905574665733E-16
    1.066298042112190E+03    5.947728169022865E+01    9.580576664243653E-16
    1.066298235915293E+03    5.947626580404027E+01    8.352369692192379E-17
    1.066298330886969E+03    5.947576000660651E+01    2.274173450652465E-16
    1.066298377786380E+03    5.947550710689288E+01   -2.806330608186088E-16
    1.066298401096290E+03    5.947538011201234E+01   -3.222607984122708E-16
    1.066298413213769E+03    5.947531369222882E+01    1.185042436444711E-15
    1.066298414796102E+03    5.947530010192899E+01   -3.575824727410497E-16
    1.066298457048755E+03    5.947513257858813E+01    1.810143316449582E-16
    1.066298165452160E+03    5.947603410061924E+01    1.041518393377830E-15
    1.066299836587461E+03    5.947251986586268E+01   -5.986863801808869E-16
    1.066295201778336E+03    5.947282575833445E+01    6.433103406173888E-16
    1.066278511550530E+03    5.953691045231471E+01    4.527337319577898E-16
    1.134459408189930E+03    5.876657367801822E+01    7.779261307310810E-16
    1.128655624203670E+03    6.330920513905308E+01    5.227299260702166E-16
    1.128671601834002E+03    6.367921415902651E+01    6.887091504535305E-16
    1.128784303578823E+03    6.344278554947471E+01    8.291461507912194E-16
    1.128837431432570E+03    6.323340569220199E+01    8.401509096596009E-16
    1.128855825612904E+03    6.314070861224690E+01    2.942389604802124E-17
    1.128861835465899E+03    6.310603892340743E+01   -3.590744687294430E-16
    1.128864371113786E+03    6.309172006856738E+01    1.114810255746878E-15
    1.128865591735248E+03    6.308516667063872E+01    1.361742957314613E-15
    1.128866180835874E+03    6.308201990984335E+01    9.293957067945267E-16
    1.128866468298847E+03    6.308045865088576E+01    1.249872464721895E-15
    1.128866610694343E+03    6.307967190700044E+01   -2.184210690714430E-16
    1.128866681719404E+03    6.307927384001991E+01   -4.297883215958609E-16
    1.128866717349155E+03    6.307907170444838E+01    1.862716285128805E-16
    1.128866735990070E+03    6.307896516998947E+01    1.250481415735542E-15
    1.128866739316450E+03    6.307893820587386E+01   -5.321631837969818E-16
    1.128866794500559E+03    6.307871758385357E+01   -2.163276166000499E-16
    1.128866441254660E+03    6.307977670862070E+01    7.264765845617448E-16
    1.128868326572724E+03    6.307616177116780E+01   -3.267849286826539E-16
    1.128863814087534E+03    6.307361823673149E+01    1.266195138627434E-15
    1.128844278224867E+03    6.314658570037676E+01    9.198200260172411E-16
    1.193623753875444E+03    6.166736321648314E+01    6.554217168626497E-16
    1.187474873617572E+03    6.661757806192738E+01   -4.178171187664134E-16
    1.187458441967134E+03    6.713525626635180E+01   -6.217112170240958E-16
    1.187583939276245E+03    6.690241713737245E+01    4.516896774737083E-16
    1.187650361026319E+03    6.665454820654558E+01   -2.009018390598242E-16
    1.187675214442609E+03    6.653326322292430E+01    3.191767927931059E-16
    1.187683860157773E+03    6.648393748105360E+01   -1.114777077795558E-16
    1.187687535715833E+03    6.646282460701067E+01    2.436701948900872E-16
    1.187689285827419E+03    6.645311625644487E+01    3.191143475788652E-16
    1.187690132217142E+03    6.644842952642701E+01    6.537295014472111E-16
    1.187690549264442E+03    6.644607990295957E+01    2.219221596507792E-15
    1.187690758052368E+03    6.644488165963961E+01   -9.080455304202174E-16
    1.187690863251516E+03    6.644426804597738E+01   -8.718494010627230E-17
    1.187690916528312E+03    6.644395285928168E+01    2.015206644690680E-15
    1.187690944588078E+03    6.644378539396381E+01    1.923283664565211E-15
    1.187690950817084E+03    6.644373574388496E+01   -2.075018633062893E-16
    1.187691021421785E+03    6.644345029406250E+01   -9.118466167134578E-16
    1.187690603940725E+03    6.644465715708922E+01    6.392412338904488E-16
    1.187692676411518E+03    6.644112365356204E+01    6.382987572928664E-16
    1.187688504319698E+03    6.643503586686894E+01    5.754144123831106E-17
    1.187666113379005E+03    6.651684866738107E+01    1.304390865739847E-15
    1.248895624594642E+03    6.430535946222260E+01   -1.655077073839419E-15
    1.242443135428497E+03    6.965461952224210E+01   -8.556915607226691E-16
    1.242386451235996E+03    7.034260161690121E+01   -1.068866379138407E-15
    1.242522281952515E+03    7.012581102782791E+01   -1.916673153160947E-15
    1.242602630447237E+03    6.984085656401614E+01   -4.351438824317995E-16
    1.242634996767436E+03    6.968723254131265E+01    9.547597433956975E-16
    1.242646961488574E+03    6.961958666101479E+01    4.125436303360067E-17
    1.242652125880759E+03    6.958945567920775E+01   -2.359567624535679E-16
    1.242654575054519E+03    6.957542812494594E+01    4.680004009396911E-16
    1.242655764198019E+03    6.956859580150426E+01    2.182352872937981E-15
    1.242656355837982E+03    6.956513261714232E+01    1.919155156040737E-15
    1.242656655161424E+03    6.956334519001933E+01    8.395498340138381E-16
    1.242656807527691E+03    6.956241862189079E+01   -1.268602071956970E-15
    1.242656885444326E+03    6.956193705658352E+01    4.417117011243265E-16
    1.242656926766312E+03    6.956167901332506E+01    1.638037985324704E-15
    1.242656937574630E+03    6.956159252954021E+01   -7.628967755745385E-16
    1.242657026114261E+03    6.956122885587101E+01   -8.733911713196130E-16
    1.242656544980122E+03    6.956256080769421E+01    5.457015505319268E-16
    1.242658762910999E+03    6.955932413680006E+01    1.196178207690660E-15
    1.242655159358490E+03    6.954904822075565E+01   -4.992681926728993E-16
    1.242630028942479E+03    6.963942438994812E+01    8.234320881743775E-16
    1.300210530535880E+03    6.668159260877114E+01   -7.398430445910397E-16
    1.293507594425178E+03    7.241715686477136E+01   -8.437831622167525E-16
    1.293403366604649E+03    7.329779386755500E+01    1.213550340826912E-15
    1.293546257396113E+03    7.311077417211118E+01    1.844356149537537E-16
    1.293640530188419E+03    7.279201259769205E+01    5.426956729662371E-16
    1.293681284748249E+03    7.260300621872183E+01   -2.198150548413205E-16
    1.293697261600384E+03    7.251324202996763E+01    9.869451057697218E-16
    1.293704300653173E+03    7.247153303434889E+01    1.103624437819216E-15
    1.293707645034972E+03    7.245175586765208E+01   -8.539234526199168E-16
    1.293709278477125E+03    7.244200445943508E+01    5.135893957610032E-16
    1.293710099226939E+03    7.243700261186142E+01    8.469318801307361E-16
    1.293710518840846E+03    7.243438945481107E+01   -1.040710750216099E-15
    1.293710734661080E+03    7.243301798156209E+01    3.903207335538957E-16
    1.293710846125169E+03    7.243229658657422E+01    2.106622928627575E-15
    1.293710905665050E+03    7.243190659437914E+01    1.367934377390629E-15
    1.293710923378424E+03    7.243176246589836E+01    1.977277817804283E-16
    1.293711032298764E+03    7.243130495919033E+01   -5.378052401808900E-16
    1.293710491767139E+03    7.243272533783083E+01    8.172588687125509E-16
    1.293712800426941E+03    7.243002515159226E+01    1.111587884143289E-15
    1.293709987189631E+03    7.241499747470176E+01   -2.996972244912330E-16
    1.293682360195205E+03    7.251342632757452E+01   -5.079304858109640E-16
    1.347561046977862E+03    6.880362248923672E+01   -2.136487011134414E-15
    1.340671776102365E+03    7.490858753164665E+01   -1.372435991159872E-15
    1.340513698944659E+03    7.600378499742948E+01    9.345928529316913E-16
    1.340659739854150E+03    7.586124386098965E+01   -1.594061730391750E-16
    1.340767245014539E+03    7.551376538705169E+01   -1.946960264146380E-15
    1.340816994909973E+03    7.528721604352165E+01    2.202672940990910E-15
    1.340837635469307E+03    7.517155973606289E+01   -6.016388077670529E-17
    1.340846952314180E+03    7.511542727457116E+01    6.749441723375837E-16
    1.340851408808735E+03    7.508819427881356E+01   -8.112482914997971E-16
    1.340853602740450E+03    7.507455989098335E+01    4.656305844960612E-16
    1.340854716433473E+03    7.506747535981505E+01   -7.398171117442215E-17
    1.340855291859242E+03    7.506372768754866E+01   -1.480671318082389E-15
    1.340855590937301E+03    7.506173592119475E+01   -1.302306923846528E-16
    1.340855746968514E+03    7.506067538867239E+01    2.468068183024022E-15
    1.340855830938821E+03    7.506009674547980E+01    2.315580904337200E-15
    1.340855858661409E+03    7.505986517759669E+01    1.496330614921121E-15
    1.340855990264968E+03    7.505929510799811E+01    6.060340648055803E-16
    1.340855398480061E+03    7.506075241975257E+01    9.492554592923829E-16
    1.340857733109309E+03    7.505884284076295E+01    3.215730240383741E-16
    1.340855909179927E+03    7.503860061788127E+01   -4.564532087541090E-16
    1.340826146119273E+03    7.514436752722591E+01    1.382443446266895E-15
    1.390991503950881E+03    7.068450925326376E+01    1.995321486236665E-15
    1.383989703570334E+03    7.713764708246754E+01   -1.304592451039142E-15
    1.383772833130897E+03    7.846869248721850E+01   -1.365379081601438E-15
    1.383917699240031E+03    7.838616002314558E+01    5.260837866036323E-16
    1.384037061354162E+03    7.801676216520104E+01    1.562132263463970E-15
    1.384096074501923E+03    7.775151315244328E+01    1.230285672818528E-15
    1.384121934719730E+03    7.760636755804920E+01    4.232063390659518E-16
    1.384133924915764E+03    7.753274599520812E+01   -1.367604067282613E-15
    1.384139722190851E+03    7.749607516809489E+01   -2.573591214360499E-15
    1.384142604476471E+03    7.747738305019145E+01   -4.894031539593508E-16
    1.384144083338711E+03    7.746753274422903E+01   -1.047811050943194E-15
    1.384144855665019E+03    7.746225436580812E+01   -6.528005079827510E-16
    1.384145261375362E+03    7.745941299213030E+01   -4.392718481777624E-16
    1.384145475224834E+03    7.745788119899467E+01    2.025245109249490E-15
    1.384145591205246E+03    7.745703739101177E+01    2.233462184124237E-15
    1.384145632936777E+03    7.745667667617035E+01    5.802117183853078E-16
    1.384145789340248E+03    7.745597083121326E+01   -8.881440530398981E-17
    1.384145158229364E+03    7.745739814166350E+01    2.561022007811037E-15
    1.384147448071272E+03    7.745653804882379E+01    1.384990391107861E-15
    1.384146775190076E+03    7.743073202227760E+01   -6.839144603947190E-16
    1.384115333588492E+03    7.754294709607426E+01    1.058889326321959E-15
    1.430591019536861E+03    7.234170123707710E+01    2.723935708729369E-15
    1.423558547477106E+03    7.911712297153888E+01    7.105870247678642E-16
    1.423279602281742E+03    8.070444269893888E+01   -1.434259853751682E-15
    1.423418795363149E+03    8.069822423969488E+01    2.811362653438297E-16
    1.423548017140601E+03    8.031529596622919E+01    2.580152523207251E-16
    1.423616177652022E+03    8.001127718519157E+01    1.706751128663124E-15
    1.423647667261002E+03    7.983336215209090E+01   -4.932868162029879E-16
    1.423662690876431E+03    7.973904174078255E+01   -3.271488126304312E-15
    1.423670057624336E+03    7.969068491772853E+01    1.649206456019562E-16
    1.423673763279176E+03    7.966553181761763E+01    2.656453815234524E-15
    1.423675686210839E+03    7.965207250553239E+01   -3.328596748600541E-17
    1.423676701488440E+03    7.964476273062452E+01   -1.232693078217541E-15
    1.423677240623365E+03    7.964077617858335E+01   -5.355357667405673E-17
    1.423677527791348E+03    7.963859976218306E+01    2.120402070016842E-15
    1.423677684790405E+03    7.963738891163278E+01   -1.195868745491123E-16
    1.423677745520017E+03    7.963684174232654E+01    4.007673210535029E-15
    1.423677928650850E+03    7.963597050505703E+01   -2.543969546212860E-15
    1.423677273515801E+03    7.963728482921384E+01   -3.532250305540038E-16
    1.423679446383440E+03    7.963772860459819E+01   -4.388360295720789E-16
    1.423680037954030E+03    7.960612949512787E+01   -2.230876599337049E-15
    1.423647443303871E+03    7.972375671865439E+01    1.280640599890881E-15
    1.466485515568120E+03    7.379593463368421E+01    2.263163131881683E-15
    1.459510424311380E+03    8.086263540545129E+01    1.544560373630951E-15
    1.459168006143906E+03    8.272543758710286E+01    2.391772860589063E-15
    1.459297091396819E+03    8.281266339860619E+01    1.074223107997243E-15
    1.459433659308829E+03    8.242607518624669E+01   -1.866093272943487E-16
    1.459510451833929E+03    8.208436534884534E+01    1.098544517703179E-15
    1.459547792256092E+03    8.187084643616892E+01    2.350132090885374E-15
    1.459566145428494E+03    8.175255756851155E+01   -3.527562674234676E-15
    1.459575296603878E+03    8.169001983958697E+01   -5.589782201608868E-16
    1.459579961830970E+03    8.165676007696337E+01    1.422779829937810E-15
    1.459582411871438E+03    8.163866679410850E+01    7.965784811278864E-16
    1.459583720064755E+03    8.162870134335017E+01   -6.497588207434903E-16
    1.459584422443605E+03    8.162319336358546E+01    1.540618704822596E-15
    1.459584800572435E+03    8.162014755888964E+01    2.714126515596320E-15
    1.459585009025923E+03    8.161843556406669E+01   -2.248621054804447E-15
    1.459585094791266E+03    8.161762440199988E+01    3.428026464964788E-15
    1.459585306422544E+03    8.161654913940762E+01   -3.406254721496241E-15
    1.459584645283393E+03    8.161765064030000E+01   -1.378505518483767E-16
    1.459586632162623E+03    8.161963940202583E+01   -1.086667415456667E-15
    1.459588546346807E+03    8.158213993093764E+01   -1.441654384211706E-15
    1.459555357979943E+03    8.170402498862370E+01   -2.389303976658751E-15
    1.498829370913757E+03    7.507018372401922E+01    1.516696524770310E-15
    1.492003984979385E+03    8.239159715392049E+01    1.668819376488612E-15
    1.491598727069239E+03    8.454734604049125E+01   -7.872491957241952E-16
    1.491713545871487E+03    8.474608717831738E+01    2.928089363784023E-15
    1.491854564729864E+03    8.436709373429640E+01   -1.007864638020920E-15
    1.491939086214368E+03    8.398997791538004E+01   -2.389217245304328E-16
    1.491982280263140E+03    8.373858731208593E+01    1.497693904606631E-15
    1.492004168582130E+03    8.359309229073052E+01   -1.671014125544955E-15
    1.492015290472519E+03    8.351366198924815E+01   -5.726858670227110E-16
    1.492021045452033E+03    8.347039855235366E+01   -3.114415954280213E-15
    1.492024106435935E+03    8.344644317440914E+01   -1.805240742176679E-15
    1.492025759902248E+03    8.343305317791747E+01    6.154426873646095E-16
    1.492026657712042E+03    8.342555012387133E+01    1.018255100943210E-15
    1.492027146330366E+03    8.342134657703268E+01   -1.031264329616993E-16
    1.492027418019969E+03    8.341895867596035E+01   -3.752830848754690E-15
    1.492027535919289E+03    8.341777995497591E+01    4.061780553704950E-15
    1.492027777734444E+03    8.341644955223659E+01   -9.390278063148680E-16
    1.492027130501466E+03    8.341722038466618E+01    4.210149653249004E-16
    1.492028869761225E+03    8.342097350602803E+01   -4.161307290239815E-16
    1.492032106898992E+03    8.337758741802548E+01   -3.737404806420287E-15
    1.491998882322043E+03    8.350248359976399E+01    1.274074901139952E-15
    1.527797349973405E+03    7.618876466267963E+01    1.600495388518174E-15
    1.521216393093323E+03    8.372233184327064E+01    6.854397429146848E-16
    1.520751048740791E+03    8.618608118978194E+01    5.644319879279985E-16
    1.520847895548579E+03    8.651549534974478E+01    2.485570359184113E-15
    1.520990236790277E+03    8.615664987991104E+01   -2.410761270303183E-15
    1.521081231357317E+03    8.574768378633951E+01    2.152036955063166E-15
    1.521130046233805E+03    8.545683882206310E+01    2.957396115099534E-16
    1.521155561854151E+03    8.528103177166862E+01    1.173873687798595E-15
    1.521168796869667E+03    8.518182240752471E+01    3.992412887641630E-16
    1.521175757553442E+03    8.512640487566281E+01   -1.086413980579212E-15
    1.521179509988339E+03    8.509513596342369E+01   -1.152300274726334E-16
    1.521181561459791E+03    8.507738537520014E+01   -1.597434996539331E-15
    1.521182688295389E+03    8.506729707919735E+01    2.917846089250349E-15
    1.521183308386859E+03    8.506156936755495E+01   -1.856566049514581E-15
    1.521183656259861E+03    8.505827983446277E+01   -1.017591249789974E-15
    1.521183814403225E+03    8.505659674052144E+01    5.842845404396538E-16
    1.521184088076007E+03    8.505494307496903E+01   -1.907784462875908E-15
    1.521183475627778E+03    8.505524572668826E+01   -5.716141263234322E-16
    1.521184916532326E+03    8.506095235325047E+01   -6.578883957200893E-16
    1.521189420528236E+03    8.501181130881898E+01   -2.237779841107915E-15
    1.521156681339841E+03    8.513840357751951E+01   -2.185037303029729E-17
    1.553577372167338E+03    7.717668931260749E+01    1.507229236173114E-15
    1.547336223775267E+03    8.487329045946255E+01   -2.157240805930481E-15
    1.546815698605163E+03    8.765699271389613E+01    5.826660287431300E-16
    1.546891455877904E+03    8.813746256544998E+01    7.195602186626672E-16
    1.547031906492335E+03    8.781253612898006E+01   -4.296961661322634E-16
    1.547127818280848E+03    8.737662337516660E+01   -1.465963719453705E-15
    1.547181782043351E+03    8.704554798620335E+01    1.639995757252312E-16
    1.547210885996486E+03    8.683656405758283E+01   -2.074052208192018E-15
    1.547226318077024E+03    8.671456993185734E+01   -8.772785986353311E-16
    1.547234577310529E+03    8.664460151732975E+01    1.462118617311695E-15
    1.547239093543115E+03    8.660432703249799E+01   -1.466947242991927E-15
    1.547241593599063E+03    8.658108912437571E+01   -2.541866172120159E-15
    1.547242983173393E+03    8.656768742615064E+01   -7.622397195115647E-16
    1.547243756541869E+03    8.655997406736374E+01   -3.201938603839489E-15
    1.547244194410523E+03    8.655549374587322E+01    3.463868372222464E-16
    1.547244401794621E+03    8.655312728899933E+01    5.449167449907576E-16
    1.547244709066118E+03    8.655105939350756E+01    1.901541158040151E-15
    1.547244152299898E+03    8.655073437043202E+01   -2.989826280515214E-15
    1.547245257648915E+03    8.655854465536369E+01   -1.352247314194321E-17
    1.547250920679799E+03    8.650389331380292E+01    6.793556684530105E-16
    1.547219122408110E+03    8.663082089752280E+01    9.139205293041353E-16
    1.576364583378311E+03    7.805856742264413E+01   -7.745787402697429E-16
    1.570557671831370E+03    8.586303793362815E+01   -2.160923122224927E-15
    1.569989008310603E+03    8.897428751224220E+01    1.293936889392259E-15
    1.570041235532991E+03    8.962750592841353E+01    6.453973312790374E-16
    1.570176637593513E+03    8.935140440267661E+01    7.555571908402733E-16
    1.570275676987316E+03    8.889488791766905E+01    1.565482442877402E-16
    1.570334088052254E+03    8.852374176660038E+01    2.641448371255077E-15
    1.570366598968678E+03    8.827907675087192E+01    8.327582360226209E-16
    1.570384240586008E+03    8.813124400224162E+01    8.384037049181224E-16
    1.570393859003565E+03    8.804410037550498E+01    4.870736453581842E-15
    1.570399197817284E+03    8.799287539655958E+01    8.701106910926453E-16
    1.570402191870932E+03    8.796280941760996E+01   -2.802869515582492E-15
    1.570403876381481E+03    8.794520464380470E+01   -2.130511068653740E-15
    1.570404824790828E+03    8.793492947766056E+01   -3.313667617060873E-15
    1.570405366891602E+03    8.792889087385579E+01    5.398114351411625E-16
    1.570405633182501E+03    8.792560894890978E+01   -1.052766109364376E-15
    1.570405975916322E+03    8.792300557201497E+01    3.870700638052364E-15
    1.570405494819944E+03    8.792186824563103E+01   -2.939581080598165E-15
    1.570406242647091E+03    8.793188408445576E+01   -2.365825672143197E-15
    1.570412912473245E+03    8.787207327215995E+01   -1.422212973044529E-15
    1.570382419828648E+03    8.799795119011765E+01   -9.285568470643632E-17
    1.596357067837015E+03    7.885886941024529E+01   -1.138111906065817E-16
    1.591076205953849E+03    8.670909684665084E+01   -4.169769026783155E-15
    1.590468614825076E+03    9.015067400433968E+01    2.266499054239453E-15
    1.590495585454855E+03    9.099963011250372E+01   -1.210229279877082E-15
    1.590622958983055E+03    9.078830281386753E+01    1.334532721827492E-15
    1.590723178784164E+03    9.031906594548859E+01   -1.058827638773511E-15
    1.590785127960970E+03    8.990908509328780E+01    2.310241708682437E-15
    1.590820718375453E+03    8.962672628973181E+01    1.839511870143097E-15
    1.590840500284943E+03    8.945004080067291E+01   -1.026401619028440E-15
    1.590851497623809E+03    8.934290352791696E+01    2.846861814031422E-15
    1.590857698544820E+03    8.927852560364657E+01    3.288798855311764E-16
    1.590861223442685E+03    8.924005518805764E+01   -2.421074791212265E-17
    1.590863231619422E+03    8.921717120759720E+01   -3.950158925353558E-15
    1.590864375705502E+03    8.920362119652648E+01    1.504077483949515E-15
    1.590865036107868E+03    8.919556090964566E+01   -2.486712385604535E-15
    1.590865371320172E+03    8.919106504164263E+01   -1.204140992701119E-15
    1.590865751519209E+03    8.918776527652912E+01    3.279771393550794E-15
    1.590865364300493E+03    8.918560166454738E+01   -1.203204673103214E-15
    1.590865748622753E+03    8.919786678462867E+01   -2.939453008901547E-15
    1.590873237855109E+03    8.913334437581879E+01    8.080052904949707E-16
    1.590844306202210E+03    8.925678419327063E+01   -6.198542833700880E-16
    1.613753194012323E+03    7.960151868036249E+01   -1.351740805447052E-15
    1.609085672391775E+03    8.742790804182323E+01   -2.403816801549495E-15
    1.608450725484555E+03    9.119723063383832E+01   -1.019147818314837E-15
    1.608451394842243E+03    9.226603519705779E+01   -3.188373101051971E-16
    1.608568039320493E+03    9.213637472086234E+01    7.152630554979308E-16
    1.608667418080410E+03    9.166394195387352E+01   -2.680909301312168E-15
    1.608731822742282E+03    9.121759417040438E+01   -9.317208268418953E-16
    1.608770024181419E+03    9.089616314215822E+01    3.056360651084457E-15
    1.608791789292614E+03    9.068775617617150E+01    2.097202909191907E-15
    1.608804137024411E+03    9.055766350765668E+01    1.368908675042979E-15
    1.608811214800933E+03    9.047767871325813E+01   -8.331349041318571E-16
    1.608815295250175E+03    9.042897417054206E+01    1.084731421026473E-16
    1.608817650177208E+03    9.039952306911937E+01   -1.463008086459216E-15
    1.608819008167271E+03    9.038182380269041E+01   -5.476782297622746E-16
    1.608819800042237E+03    9.037116217468237E+01    1.469525459649942E-15
    1.608820214114090E+03    9.036507166947298E+01   -1.941442493047366E-15
    1.608820633887722E+03    9.036086330236030E+01   -1.775267505941914E-15
    1.608820356193611E+03    9.035742449531246E+01   -1.911727357373964E-15
    1.608820386828002E+03    9.037191381639582E+01   -3.019648965122588E-15
    1.608828483615046E+03    9.030321283679940E+01    2.442458614819803E-15
    1.608801246969777E+03    9.042284273083939E+01    3.213732608449123E-15
    1.628750381012772E+03    8.030129102807166E+01   -3.301119729307043E-15
    1.624776472194136E+03    8.804297275985800E+01   -2.456922103525307E-15
    1.624128749579711E+03    9.212351799206976E+01   -2.868444148878657E-16
    1.624102640238135E+03    9.343696525709954E+01    1.046849916487773E-15
    1.624206209858333E+03    9.340670418081521E+01    6.161505277218569E-16
    1.624302739325561E+03    9.294232749030091E+01   -2.086439333477331E-15
    1.624368389099055E+03    9.246348421888671E+01   -3.131841874693080E-15
    1.624408606991308E+03    9.210239208949737E+01    1.603114737577102E-15
    1.624432109837870E+03    9.185966388564174E+01    3.751035263241345E-15
    1.624445726246575E+03    9.170358126801764E+01   -5.732234952754058E-16
    1.624453666173676E+03    9.160530431064760E+01   -8.536555688012549E-16
    1.624458311356774E+03    9.154427150368892E+01   -3.532456575028557E-16
    1.624461028251568E+03    9.150672943234646E+01    1.453040377267730E-15
    1.624462614581785E+03    9.148381895318532E+01    4.356920999961529E-16
    1.624463549373238E+03    9.146983698805603E+01   -6.426470139713279E-16
    1.624464051655946E+03    9.146167027356350E+01   -5.700094397752633E-15
    1.624464513135467E+03    9.145627550302289E+01   -3.472964387801753E-15
    1.624464357399308E+03    9.145127038964328E+01   -5.119110922953149E-15
    1.624464058872632E+03    9.146787860677901E+01    5.152896819758601E-16
    1.624472538536157E+03    9.139560207153428E+01    1.083749093534493E-15
    1.624447003968553E+03    9.151008603031761E+01   -1.332830927230475E-15
    1.641543841155797E+03    8.097733408681800E+01   -2.616174148649918E-15
    1.638335480192319E+03    8.857134198898170E+01   -2.541418492729343E-15
    1.637692924701600E+03    9.293782511429804E+01   -3.705784226397269E-15
    1.637639919381935E+03    9.452068343798982E+01   -7.221937309666316E-17
    1.637728471585103E+03    9.460828239807699E+01    1.558505202580460E-16
    1.637820244044936E+03    9.416499860384661E+01   -5.357325492269445E-16
    1.637885856539323E+03    9.365912382586062E+01    2.511143899265570E-15
    1.637927395395021E+03    9.325874001535961E+01   -1.105252214418580E-15
    1.637952308520193E+03    9.297950097538160E+01    3.963127993042615E-15
    1.637967057451801E+03    9.279441302608711E+01   -3.145617349963277E-15
    1.637975812375361E+03    9.267496480854298E+01   -1.889050166682104E-15
    1.637981013251261E+03    9.259924386216447E+01    7.856489014039724E-16
    1.637984097485456E+03    9.255183020701816E+01    2.721361517894436E-15
    1.637985921473979E+03    9.252243221241692E+01   -2.376764198382264E-15
    1.637987008058357E+03    9.250424607053044E+01   -1.323646687822674E-15
    1.637987606766763E+03    9.249339913342955E+01   -1.869909164677318E-15
    1.637988111979466E+03    9.248645734761216E+01    4.026814180264668E-16
    1.637988086946584E+03    9.247954324135021E+01    2.069462112617101E-16
    1.637987496544863E+03    9.249807258867283E+01    1.573331189343673E-15
    1.637996133675424E+03    9.242287467144330E+01   -2.053371265586772E-15
    1.637972181515084E+03    9.253093036342113E+01   -2.921142040279208E-15
    1.652325626675852E+03    8.165424497473734E+01   -4.382676858704986E-15
    1.649947754480260E+03    8.902124688739653E+01   -4.082014855046139E-15
    1.649330435560741E+03    9.364763382647034E+01   -1.269451884232294E-15
    1.649250508489567E+03    9.552354878914288E+01    1.468033537246871E-15
    1.649322526778389E+03    9.574806388719190E+01   -7.825176814330908E-16
    1.649407815771338E+03    9.534070978911542E+01    2.080959144159384E-15
    1.649472099391319E+03    9.481506301701137E+01   -1.964527417091643E-15
    1.649514197568978E+03    9.437689863557874E+01    6.338411164018035E-16
    1.649540125577194E+03    9.405952732220030E+01   -7.191931307120621E-16
    1.649555819936703E+03    9.384255213487418E+01    4.065068593538531E-16
    1.649565309809898E+03    9.369891795067360E+01   -3.010637237750625E-15
    1.649571037689526E+03    9.360589545624883E+01    4.477675967627386E-15
    1.649574483418882E+03    9.354655811464063E+01    3.698896741254396E-15
    1.649576548216304E+03    9.350915613173721E+01   -3.519653775710923E-15
    1.649577792181517E+03    9.348568986012314E+01   -2.624684064810804E-15
    1.649578493883292E+03    9.347141187621797E+01    1.743294633557659E-15
    1.649579044612189E+03    9.346245925999321E+01    3.863703486124771E-15
    1.649579155103615E+03    9.345323000113630E+01    4.019649432599946E-15
    1.649578320158868E+03    9.347337713881980E+01    1.269005552544987E-15
    1.649586900598053E+03    9.339594041500624E+01   -1.187585436806339E-15
    1.649564289388122E+03    9.349635488526788E+01   -1.075288616530682E-15
    1.661285861348509E+03    8.234108106885805E+01   -2.551186919501128E-15
    1.659795013675532E+03    8.941376243834280E+01   -7.070815335126635E-16
    1.659225317301495E+03    9.426031604796053E+01   -4.067070028493897E-15
    1.659118482067408E+03    9.645016506749306E+01    1.376255601013375E-15
    1.659172871946315E+03    9.683107624187781E+01   -2.930380813803576E-15
    1.659250197102038E+03    9.647625001283802E+01    3.628647724810228E-15
    1.659311916243717E+03    9.594009599915080E+01   -1.392508260675604E-15
    1.659353788053364E+03    9.546700324584383E+01   -3.352200551680028E-15
    1.659380289093351E+03    9.511062026327771E+01   -1.893060516021698E-15
    1.659396699703479E+03    9.485914589114584E+01   -3.190099811202358E-15
    1.659406814420014E+03    9.468825682706523E+01   -1.380464131665409E-15
    1.659413021393377E+03    9.457509541250262E+01    5.653984347982743E-16
    1.659416811200157E+03    9.450150558091612E+01    3.256912329945918E-15
    1.659419113283034E+03    9.445432034706683E+01   -1.620723825010997E-15
    1.659420516495388E+03    9.442427797416268E+01    2.101558531938720E-15
    1.659421325748229E+03    9.440564451537618E+01    3.041761579187706E-15
    1.659421923423653E+03    9.439409041114703E+01    2.826211657533753E-15
    1.659422170398854E+03    9.438206152948342E+01    5.114930541924857E-16
    1.659421144991494E+03    9.440340346445308E+01    2.498877371998653E-15
    1.659429477026273E+03    9.432441216357961E+01    6.941012353169599E-16
    1.659407852079433E+03    9.441605404075756E+01    1.089295117322738E-15
    1.668611881871640E+03    8.304642760816094E+01    6.988992162370235E-18
    1.668055342886003E+03    8.976706529853755E+01   -3.010193446986308E-15
    1.667557623055575E+03    9.478388363398706E+01   -2.772353816729619E-15
    1.667424507055920E+03    9.730358203837363E+01    2.433307511062816E-15
    1.667460572918286E+03    9.786054810245616E+01    6.648440862988046E-16
    1.667528738778577E+03    9.757650887617032E+01    3.528736100445805E-15
    1.667586775063804E+03    9.704131990710658E+01   -2.338723104755887E-15
    1.667627656252459E+03    9.653770837371826E+01   -3.145520036830501E-15
    1.667654269405252E+03    9.614236538067608E+01   -4.416367647504830E-15
    1.667671139076371E+03    9.585420731327157E+01    1.297673543358326E-15
    1.667681744932620E+03    9.565304645673550E+01   -2.741749780105219E-15
    1.667688366576038E+03    9.551673546243670E+01    1.447958071086994E-15
    1.667692472484901E+03    9.542629584851912E+01    3.165699923523413E-15
    1.667695001960424E+03    9.536726881088607E+01    4.058669985744077E-15
    1.667696562605571E+03    9.532910751042223E+01    6.523471282994878E-17
    1.667697481872520E+03    9.530499210125174E+01    2.583402401286494E-16
    1.667698127560841E+03    9.529009228363545E+01    3.493270777635828E-15
    1.667698508529253E+03    9.527468287435562E+01   -1.957417831836924E-15
    1.667697349877948E+03    9.529666178794447E+01    4.128088203888108E-15
    1.667705273891555E+03    9.521677121249007E+01    2.024806914296774E-15
    1.667684178784840E+03    9.529859776583508E+01    3.544767087629842E-15
    1.674486491886919E+03    8.377630316778885E+01    2.560703819989066E-15
    1.674903727960569E+03    9.009756596454544E+01   -5.818448714006632E-16
    1.674501650383367E+03    9.522781447083403E+01   -2.048777481576113E-15
    1.674345095586282E+03    9.808553299311512E+01    2.711582270126838E-15
    1.674362484962303E+03    9.883803042097453E+01    9.429591867689439E-16
    1.674420586618340E+03    9.864453696385672E+01    1.420265362081565E-16
    1.674473988516101E+03    9.812416348647693E+01   -3.146689136585705E-15
    1.674513179728631E+03    9.759623270988294E+01   -3.172432085075718E-15
    1.674539455400415E+03    9.716311632297055E+01   -1.982587489802331E-15
    1.674556517084985E+03    9.683669394333296E+01    6.012912293751007E-16
    1.674567466643715E+03    9.660242769756611E+01    1.027271742095147E-15
    1.674574427133360E+03    9.643985814546778E+01    2.327309126407122E-15
    1.674578813219870E+03    9.632972879336575E+01   -2.468570577210621E-15
    1.674581555152138E+03    9.625651530268294E+01   -1.321633972878156E-15
    1.674583268419086E+03    9.620842199564574E+01    9.892122988778670E-16
    1.674584298394135E+03    9.617746729342888E+01    2.540794702762181E-15
    1.674584992962102E+03    9.615829465509994E+01    3.888125851648330E-15
    1.674585502770336E+03    9.613880576826452E+01   -4.938733365400873E-16
    1.674584267668413E+03    9.616071259234741E+01    6.415814473209520E-16
    1.674591663449225E+03    9.608051509335155E+01    6.698348462599178E-16
    1.674570554612121E+03    9.615157248104313E+01   -1.508307829698654E-15
    1.679086953085923E+03    8.453260137641806E+01    1.395539753282490E-15
    1.680509114816537E+03    9.042104952774808E+01    1.601196768995849E-15
    1.680225112513588E+03    9.560356823671486E+01    1.062071844284554E-15
    1.680051271340131E+03    9.879672202897913E+01    2.889948246464149E-15
    1.680049845161542E+03    9.976350731626063E+01    1.638672810811704E-15
    1.680097239417695E+03    9.968160987356082E+01    3.375677071374177E-15
    1.680145252277034E+03    9.919238305805095E+01    1.726490305732916E-15
    1.680182154284311E+03    9.864836720465374E+01   -2.495018231533275E-15
    1.680207683544728E+03    9.818001821911997E+01   -3.361948206181158E-15
    1.680224680438414E+03    9.781454782772970E+01   -6.278335253213933E-16
    1.680235824860542E+03    9.754468119128737E+01    4.024765147292294E-15
    1.680243044186077E+03    9.735274721687669E+01    1.873295105116764E-15
    1.680247670754046E+03    9.721989305864027E+01   -1.767618544248498E-15
    1.680250607595566E+03    9.712986937369671E+01   -6.540197555217791E-16
    1.680252467111996E+03    9.706974384546002E+01    8.486219102467476E-16
    1.680253607562962E+03    9.703033432628033E+01    1.665350768740089E-15
    1.680254352097691E+03    9.700574792133848E+01    1.009955592779610E-15
    1.680254984084429E+03    9.698133751721623E+01    4.108380899008561E-15
    1.680253725810891E+03    9.700229409475274E+01   -2.250129689471971E-15
    1.680260516750057E+03    9.692228221161177E+01    1.503847502938243E-15
    1.680238781826901E+03    9.698169750284545E+01   -1.181536361663607E-15
    1.682584306461168E+03    8.531272490472487E+01    2.759101067148190E-15
    1.685028208318456E+03    9.075219628921818E+01    1.317195431468900E-15
    1.684890420200736E+03    9.592524509041731E+01    3.626367859652192E-15
    1.684706719038245E+03    9.943719293237031E+01   -8.168207572866463E-16
    1.684686329200443E+03    1.006355128663547E+02    1.164771352535197E-15
    1.684722570976765E+03    1.006873131474620E+02   -1.032657653522484E-16
    1.684764640971344E+03    1.002480385893707E+02    4.005652299320987E-15
    1.684798775624683E+03    9.969845298219774E+01    1.751513647450626E-15
    1.684823213776432E+03    9.919900176701891E+01   -1.360724114369571E-15
    1.684839918406518E+03    9.879470394267332E+01   -1.589506396933657E-15
    1.684851120622473E+03    9.848725725779836E+01   -1.711235597841188E-15
    1.684858523100912E+03    9.826298473097866E+01    5.587167161430894E-15
    1.684863352088126E+03    9.810424843336892E+01   -1.579248780993677E-15
    1.684866467111495E+03    9.799453694783348E+01    1.850455309733426E-15
    1.684868467133109E+03    9.791998523272464E+01    6.020274859391131E-16
    1.684869718312462E+03    9.787022395104388E+01    3.543522689690208E-15
    1.684870514863320E+03    9.783883790328640E+01    2.870297531256946E-15
    1.684871262325878E+03    9.780849280192956E+01    4.145457574658936E-15
    1.684870028491757E+03    9.782743251731802E+01   -5.012948389608989E-17
    1.684876182113446E+03    9.774796007415469E+01    3.522971013046652E-15
    1.684853162376397E+03    9.779492384121528E+01    3.340443739292987E-15
    1.685142494444063E+03    8.610944201550527E+01    1.462120776356372E-15
    1.688603650611404E+03    9.110365060395149E+01    2.839339094855089E-15
    1.688651768821535E+03    9.621028351431688E+01    2.669179903346922E-15
    1.688465544688589E+03    1.000068013440675E+02   -1.582327188373368E-15
    1.688425800370151E+03    1.014512830722799E+02   -2.630242623923136E-15
    1.688450543305072E+03    1.016596542209887E+02   -6.450564485152520E-16
    1.688486291815996E+03    1.012914647609108E+02    1.489153088180834E-15
    1.688517304055080E+03    1.007493350808529E+02   -2.360488424662150E-15
    1.688540383818588E+03    1.002247535596563E+02    3.158896166804425E-15
    1.688556612757098E+03    9.978307342681825E+01   -2.599720216517100E-15
    1.688567759337352E+03    9.943677714935733E+01   -4.206115546810731E-15
    1.688575282178491E+03    9.917747848555817E+01    4.788556594608205E-15
    1.688580283116713E+03    9.898968108326615E+01   -2.503262948859669E-15
    1.688583564517123E+03    9.885719809376081E+01    3.628781974228888E-15
    1.688585702734263E+03    9.876554041036293E+01    2.372467377220887E-15
    1.688587067324089E+03    9.870323310952506E+01    4.193496845136072E-15
    1.688587920003733E+03    9.866338754840017E+01    9.391998784638752E-16
    1.688588777864976E+03    9.862589331113844E+01    1.787202930197287E-15
    1.688587609598977E+03    9.864154021292529E+01    2.357219903425580E-15
    1.688593134414668E+03    9.856278230738197E+01   -3.707539574791068E-15
    1.688568149937555E+03    9.859652086280006E+01    3.154560706583485E-15
    1.686915980621386E+03    8.691089052793002E+01    3.123803273259548E-15
    1.691364704850886E+03    9.148593784197932E+01   -3.176868841996751E-15
    1.691651020937360E+03    9.647897089659944E+01    4.006531908706192E-15
    1.691469906497031E+03    1.005057834401993E+02    2.945203144211658E-15
    1.691410053965808E+03    1.022069751772053E+02   -2.778225150730024E-15
    1.691422927117764E+03    1.025952008254516E+02    3.540736100363009E-15
    1.691452096358000E+03    1.023212492394180E+02   -8.418422338657670E-16
    1.691479735349242E+03    1.018022945602304E+02    1.176513586263528E-15
    1.691501266169839E+03    1.012606630414525E+02    3.485913169063414E-15
    1.691516887273146E+03    1.007845032959736E+02   -5.579311854025433E-15
    1.691527896738291E+03    1.003990071377092E+02   -3.071324119738261E-15
    1.691535497161415E+03    1.001024596018872E+02    3.227810349420661E-15
    1.691540652762153E+03    9.988252984519168E+01    8.608259406659678E-16
    1.691544097896988E+03    9.972405959441294E+01    2.979985784299159E-15
    1.691546378578060E+03    9.961235738056395E+01    4.039341952389488E-15
    1.691547864037216E+03    9.953500788698256E+01    2.142354424085140E-15
    1.691548780478696E+03    9.948474479067730E+01   -3.297138663186432E-15
    1.691549747008758E+03    9.943865511358518E+01   -1.767492127113591E-15
    1.691548679669019E+03    9.944950181124108E+01   -2.215644100168007E-15
    1.691553619209982E+03    9.937141472717876E+01   -8.986990775873129E-16
    1.691525993327861E+03    9.939115176738271E+01    3.841811568453637E-15
    1.688044133092489E+03    8.770074658590225E+01    2.096628050189406E-15
    1.693427963036100E+03    9.190869834062624E+01   -3.485321973108663E-15
    1.694015178010955E+03    9.675230149752703E+01    1.655614124845828E-15
    1.693847841015697E+03    1.009353987168102E+02    2.460730384098952E-15
    1.693766892169439E+03    1.028979936250164E+02    1.099626177578255E-15
    1.693767378324861E+03    1.034892507284478E+02   -1.559314819344651E-15
    1.693789754790493E+03    1.033342375294725E+02    1.842789496077146E-15
    1.693813836174550E+03    1.028569679456444E+02    3.122883513396917E-15
    1.693833688540876E+03    1.023087499742066E+02    1.847348363484649E-15
    1.693848618812839E+03    1.018027177967513E+02   -9.865148163786585E-16
    1.693859444659826E+03    1.013788113719669E+02    1.204550677654021E-15
    1.693867104228084E+03    1.010434549182034E+02   -7.674602856558206E-16
    1.693872414653248E+03    1.007885864126513E+02    3.400029575233889E-15
    1.693876033808499E+03    1.006008840382733E+02    3.066740401858567E-15
    1.693878470919866E+03    1.004659905305271E+02    2.760410856386964E-15
    1.693880092032593E+03    1.003708118826337E+02    2.391113744178930E-15
    1.693881085160815E+03    1.003078594431808E+02   -4.144101376568854E-15
    1.693882163643050E+03    1.002514674084740E+02    2.680966603658410E-15
    1.693881228883913E+03    1.002557524514717E+02   -1.925143574541882E-15
    1.693885654569523E+03    1.001780345897572E+02   -3.877324252770966E-16
    1.693854732599840E+03    1.001829430831676E+02    3.368052601098026E-16
    1.688642333833758E+03    8.845848540358909E+01   -2.675475077137826E-16
    1.694897606702672E+03    9.238272398241500E+01    3.054404982871515E-15
    1.695854992112951E+03    9.704872520776959E+01    4.767835964173470E-15
    1.695711671900299E+03    1.012986174880450E+02   -2.237102622020515E-15
    1.695608860905008E+03    1.035194716021664E+02    2.507881733909012E-15
    1.695596202044724E+03    1.043360401305333E+02   -1.650275603271472E-15
    1.695611529295352E+03    1.043256029491894E+02    1.152042256502551E-16
    1.695631884524629E+03    1.039112747395699E+02    3.582733731553333E-15
    1.695649961484055E+03    1.033695832759839E+02    6.406050333273333E-16
    1.695664155731592E+03    1.028402525176421E+02    3.753689600628937E-16
    1.695674783763126E+03    1.023800962734966E+02   -2.764204722560458E-15
    1.695682509373714E+03    1.020052464885577E+02    4.958895061457548E-16
    1.695687994662147E+03    1.017130798430579E+02   -3.380260855686173E-15
    1.695691813934003E+03    1.014930042788184E+02    9.758078268423821E-16
    1.695694433966093E+03    1.013316425081694E+02    1.435304205558875E-15
    1.695696215429675E+03    1.012155885440295E+02   -1.052455949847145E-15
    1.695697305505974E+03    1.011373583570043E+02   -3.815993167919747E-15
    1.695698505866056E+03    1.010686727449046E+02    1.682212824444976E-15
    1.695697734596419E+03    1.010643588239501E+02   -3.716486712591635E-15
    1.695701739321142E+03    1.009864138616423E+02    8.025618655877416E-16
    1.695666896856946E+03    1.009755599286897E+02   -2.432658082010266E-15
    1.688794335248904E+03    8.915962267106852E+01   -2.850868120309888E-15
    1.695864110084277E+03    9.292037547138105E+01    1.438240709439060E-15
    1.697264660018807E+03    9.738213589805032E+01    4.390994798325353E-15
    1.697157490816713E+03    1.016008562056669E+02    1.922018342749712E-15
    1.697032935765951E+03    1.040669528099989E+02    1.379900503729840E-15
    1.697006075156777E+03    1.051290075826892E+02    6.025364133537397E-16
    1.697013966149744E+03    1.052890210095647E+02   -2.162076778413955E-15
    1.697030387092116E+03    1.049613803394947E+02    5.179425794303339E-16
    1.697046587890125E+03    1.044422032425908E+02    3.142643198177633E-15
    1.697060020363401E+03    1.038983910364369E+02    3.023268389631628E-15
    1.697070461485297E+03    1.034057582036290E+02   -2.289323300875381E-15
    1.697078283619095E+03    1.029918303697338E+02   -2.271265062156693E-15
    1.697083984530480E+03    1.026606559682959E+02    7.351502591750657E-16
    1.697088047913128E+03    1.024053318436653E+02   -3.080581682220877E-15
    1.697090892452356E+03    1.022142027566724E+02    2.459292902405381E-15
    1.697092871539818E+03    1.020740247429573E+02   -3.455176984577517E-15
    1.697094088527495E+03    1.019776266352801E+02   -2.165903684359135E-15
    1.697095429120768E+03    1.018943573615508E+02    2.255594188331241E-15
    1.697094854928121E+03    1.018791124896845E+02    2.631098012181553E-15
    1.697098548769979E+03    1.018000162829250E+02   -2.161100331124108E-15
    1.697059187620216E+03    1.017722970876246E+02   -1.345526935070949E-15
    1.688553901808884E+03    8.977717782268535E+01   -6.229415614828222E-15
    1.696401491772718E+03    9.353400814194666E+01    3.295599748113693E-15
    1.698322480477525E+03    9.776153372921161E+01    1.924064819652051E-15
    1.698266021649510E+03    1.018507680458452E+02    4.267083957852021E-16
    1.698121310445778E+03    1.045372924412496E+02   -1.976842868569569E-15
    1.698078862070975E+03    1.058611594628576E+02   -3.493219593482495E-15
    1.698078713552721E+03    1.062169497452171E+02   -7.709600910091214E-16
    1.698090898462655E+03    1.060017162430214E+02    1.238939776158836E-15
    1.698105079329572E+03    1.055240532916367E+02   -1.570060029779469E-15
    1.698117720862131E+03    1.049771039598283E+02    3.395464673964735E-15
    1.698128001054270E+03    1.044576356874328E+02   -3.827717042672420E-15
    1.698135970538107E+03    1.040063773257199E+02   -5.754938096091241E-15
    1.698141948665381E+03    1.036353533121747E+02    2.345895417007063E-15
    1.698146319896523E+03    1.033423586565874E+02   -2.312216739097525E-15
    1.698149448312512E+03    1.031182802419931E+02    5.790352964128584E-16
    1.698151677887921E+03    1.029506123701055E+02   -2.260547791670126E-15
    1.698153064335231E+03    1.028328918159800E+02   -3.382050317301253E-15
    1.698154574188356E+03    1.027324492830008E+02   -2.214712712872661E-15
    1.698154237171298E+03    1.027036340182824E+02    1.382958700167864E-15
    1.698157745838898E+03    1.026221073241184E+02   -3.177962117448276E-15
    1.698113280497676E+03    1.025761847804111E+02   -8.976186092130350E-16
    1.687957503410694E+03    9.028668207246191E+01   -3.628935503056964E-15
    1.696564973731597E+03    9.423359065118548E+01    5.122372957974879E-15
    1.699092071658038E+03    9.819179687502448E+01    1.697092687852257E-15
    1.699104545945657E+03    1.020609929749961E+02    1.196897761338649E-15
    1.698943143816976E+03    1.049297545550715E+02   -5.492057489096169E-15
    1.698883383548640E+03    1.065255889181896E+02   -4.150209761681284E-15
    1.698874288134287E+03    1.071009919186728E+02   -4.347110806400632E-15
    1.698881789226370E+03    1.070250732394906E+02    3.304008151549122E-15
    1.698893723044843E+03    1.066109233219654E+02   -1.871474556016086E-15
    1.698905513895064E+03    1.060749804930468E+02   -1.742903715784295E-15
    1.698915661419726E+03    1.055364561469697E+02   -1.289122150672085E-16
    1.698923845003033E+03    1.050511875108194E+02   -7.422741342634447E-15
    1.698930182506020E+03    1.046405675573554E+02   -1.580804013391482E-16
    1.698934946971826E+03    1.043081420680334E+02   -3.997052320291737E-15
    1.698938439463851E+03    1.040482180136050E+02    5.551131084083276E-16
    1.698940991571617E+03    1.038496941163044E+02   -4.314442384127886E-15
    1.698942606215091E+03    1.037072967672529E+02   -8.068175654045526E-16
    1.698944327908931E+03    1.035868103311161E+02   -2.454599398281094E-15
    1.698944279203165E+03    1.035414749588135E+02   -1.894970615767209E-15
    1.698947745122678E+03    1.034558647683897E+02   -2.692883741873981E-16
    1.698897587301695E+03    1.033900969023117E+02    2.749073374681013E-15
    1.687037155246753E+03    9.066573200766531E+01   -2.369828330591443E-15
    1.696391311375235E+03    9.502108458240495E+01    2.515532854010266E-15
    1.699623816102884E+03    9.867800321890485E+01   -2.437773887037352E-15
    1.699729044492690E+03    1.022486524156784E+02   -2.137779097556711E-15
    1.699556716584505E+03    1.052472327137885E+02   -3.665245781096219E-15
    1.699477618992365E+03    1.071161830892227E+02   -4.337930458149162E-15
    1.699458270965307E+03    1.079322977581124E+02   -3.529953134637101E-15
    1.699460439107672E+03    1.080228061117311E+02    4.755869355678326E-15
    1.699469771563744E+03    1.076969140752468E+02   -2.657024340588971E-15
    1.699480586719573E+03    1.071891427937764E+02   -2.781927003459191E-15
    1.699490613467031E+03    1.066417639317050E+02    3.019492844219371E-15
    1.699499086092660E+03    1.061276282357925E+02   -9.409298507567790E-16
    1.699505883686093E+03    1.056789949924833E+02   -3.135511624252088E-15
    1.699511149484377E+03    1.053062624095132E+02    2.207579492973840E-15
    1.699515109891089E+03    1.050080763704628E+02    4.752181893226328E-16
    1.699518079549389E+03    1.047754781488506E+02   -2.606269643170637E-15
    1.699520001484871E+03    1.046049449517633E+02    1.370721036790157E-15
    1.699521994513523E+03    1.044613056877190E+02   -5.177452358615531E-15
    1.699522301759886E+03    1.043962019842632E+02   -3.474335725885922E-15
    1.699525887170014E+03    1.043044749415955E+02    1.852757811648923E-15
    1.699469435884620E+03    1.042168477955972E+02    3.516860660851991E-15
    1.685823548868173E+03    9.088966486350576E+01    2.059914097056620E-15
    1.695901625141128E+03    9.588718783714631E+01    3.137016669328114E-16
    1.699956033577598E+03    9.922727168770318E+01   -1.101859260307669E-15
    1.700185738508141E+03    1.024350042400427E+02   -2.000515292619765E-15
    1.700011244473411E+03    1.054974552806792E+02    1.588397315812642E-15
    1.699910616479848E+03    1.076285302726422E+02    2.884387024496820E-15
    1.699879214783572E+03    1.087019941687240E+02    1.886564015197404E-15
    1.699875136647818E+03    1.089851895157413E+02   -1.682431891048950E-15
    1.699881335871471E+03    1.087744486278173E+02   -1.063887654978265E-15
    1.699890938774686E+03    1.083151467196771E+02    1.800779145315900E-15
    1.699900810726965E+03    1.077718241110145E+02    4.183592990178098E-15
    1.699909640457917E+03    1.072360503668502E+02   -2.079600464184375E-15
    1.699917010723837E+03    1.067525529118731E+02    6.841027471070143E-16
    1.699922906748404E+03    1.063397511154917E+02   -2.763593087241336E-15
    1.699927463555140E+03    1.060015806791349E+02   -3.072946346723941E-15
    1.699930971621899E+03    1.057320153558012E+02    1.772626188071190E-15
    1.699933304331995E+03    1.055299100938110E+02    1.732443626364014E-15
    1.699935648370835E+03    1.053598425013886E+02    3.282432205618703E-16
    1.699936401997164E+03    1.052714551582732E+02   -1.875346489236752E-15
    1.699940293408390E+03    1.051712070459583E+02   -2.850336986007342E-15
    1.699876931273935E+03    1.050592720630883E+02   -1.689810287326604E-15
    1.684342545536505E+03    9.094498948261915E+01    4.807922895967691E-15
    1.695104087852286E+03    9.681556095608509E+01   -3.612265505415725E-16
    1.700114836607976E+03    9.984376881107939E+01    2.395675455865957E-15
    1.700511711680727E+03    1.026437155442256E+02   -1.706529915754613E-15
    1.700347889544666E+03    1.056939807209220E+02    1.368825463993611E-15
    1.700223669480712E+03    1.080610028250626E+02   -1.472155995780379E-15
    1.700177828910282E+03    1.094017162264532E+02    1.535109138744936E-15
    1.700166255401238E+03    1.099018979561104E+02    2.458210856530632E-15
    1.700168556166755E+03    1.098343729205098E+02    3.787105899597763E-16
    1.700176540838852E+03    1.094468940295775E+02    2.215109836191837E-15
    1.700186134268183E+03    1.089235100297499E+02    3.755467376113031E-15
    1.700195356368927E+03    1.083756889480212E+02    3.271757251056088E-15
    1.700203409669963E+03    1.078622850465273E+02    2.640646367934038E-15
    1.700210078614453E+03    1.074109987940176E+02    2.058506589503780E-15
    1.700215382496233E+03    1.070320420204934E+02   -2.643607617483783E-15
    1.700219576292325E+03    1.067231449066788E+02    1.428243861016292E-15
    1.700222450576708E+03    1.064862138061277E+02    2.001590169434969E-15
    1.700225247960790E+03    1.062863799096239E+02    1.578889035987142E-15
    1.700226567763106E+03    1.061709827221515E+02    2.651546799203877E-15
    1.700230981929356E+03    1.060594682531926E+02   -1.077203559056172E-15
    1.700160071280664E+03    1.059202922294783E+02   -2.925033412307555E-15
    1.682612378586291E+03    9.082565119341868E+01    2.827061979577503E-15
    1.693995263259886E+03    9.778700508491318E+01    1.717025825577178E-15
    1.700112081574468E+03    1.005246761364755E+02   -1.356816261168316E-15
    1.700734733364735E+03    1.028983210925848E+02   -4.561430905112127E-15
    1.700600061635549E+03    1.058567211118045E+02   -2.979398352806473E-15
    1.700450920979182E+03    1.084159408332403E+02   -1.628549222942604E-15
    1.700387607868678E+03    1.100243220739873E+02   -2.270513704879846E-15
    1.700366874593831E+03    1.107625375846886E+02   -2.372671807551247E-15
    1.700364222490201E+03    1.108662158278909E+02   -1.664025958433900E-16
    1.700369950105925E+03    1.105765998801242E+02   -4.888671928300932E-16
    1.700378994243011E+03    1.100921934847303E+02    1.413890997561703E-15
    1.700388573235810E+03    1.095445588325505E+02    1.959851412312494E-15
    1.700397395107174E+03    1.090082640335938E+02    1.441124203987518E-15
    1.700404980494125E+03    1.085216574147315E+02    2.824708931568681E-15
    1.700411197583436E+03    1.081022646282385E+02   -3.229236506528928E-15
    1.700416248500118E+03    1.077524198806423E+02    3.001302908022832E-15
    1.700419823634679E+03    1.074777802491336E+02    2.420680924839526E-15
    1.700423200546859E+03    1.072449175681534E+02    3.993130475030832E-15
    1.700425241901580E+03    1.070986588328668E+02    2.112464316880696E-15
    1.700430434338161E+03    1.069728458901099E+02    2.104608658282051E-15
    1.700351307715969E+03    1.068029817706880E+02    2.714380263030255E-16
    1.680644151650566E+03    9.052369020095442E+01   -2.891375481929065E-15
    1.692561524149864E+03    9.877953264501592E+01    2.222987537894456E-15
    1.699942326931249E+03    1.012604595921301E+02    2.263909846897928E-15
    1.700872790207838E+03    1.032198312033731E+02   -2.975361332353719E-15
    1.700793282757354E+03    1.060115731060465E+02    1.759559866530663E-16
    1.700619859764074E+03    1.087007879176199E+02   -2.901618423647435E-15
    1.700535399627397E+03    1.105648116012367E+02   -2.692626238111101E-15
    1.700503335840708E+03    1.115571716501165E+02    1.722909896976501E-15
    1.700494335923162E+03    1.118586676204042E+02   -1.054075288182003E-15
    1.700496874707015E+03    1.116948626874881E+02   -3.695234327683995E-15
    1.700504885293025E+03    1.112716594760249E+02    1.154599859511418E-15
    1.700514665458834E+03    1.107393524832491E+02    5.393337315779022E-16
    1.700524285370230E+03    1.101894968559766E+02   -9.199011994793705E-16
    1.700532912619512E+03    1.096725452475418E+02    5.411655792084018E-15
    1.700540213470503E+03    1.092144499091727E+02   -4.378981779880124E-15
    1.700546311380506E+03    1.088230213187769E+02   -3.892628555584191E-15
    1.700550774231249E+03    1.085083733988559E+02    4.608624901166771E-15
    1.700554880318855E+03    1.082394655473870E+02    1.468515061348271E-15
    1.700557839393125E+03    1.080584856241805E+02    2.554259479110928E-16
    1.700564116531499E+03    1.079151375254525E+02    2.897800660449104E-15
    1.700476062331050E+03    1.077106242627847E+02   -1.052475722796537E-15
    1.678444453674091E+03    9.004187284580907E+01   -5.733154631401199E-15
    1.690780953558291E+03    9.976668274704568E+01    9.458414197524507E-16
    1.699580369098653E+03    1.020369298853471E+02    2.368126567769123E-15
    1.700933937254353E+03    1.036248402257172E+02    6.841160173384465E-16
    1.700944737157010E+03    1.061886239121727E+02    8.792363077877323E-16
    1.700751936997015E+03    1.089289319275934E+02   -8.153033852611046E-16
    1.700642238100994E+03    1.110214077465417E+02   -3.551763023983851E-15
    1.700596058192004E+03    1.122769057934279E+02   -5.966970424378978E-16
    1.700578925051411E+03    1.128002028360770E+02   -4.415693413447271E-15
    1.700577000076691E+03    1.127908750384740E+02   -3.329507001065460E-15
    1.700583210173856E+03    1.124540676887218E+02    1.386167509505646E-15
    1.700592855048410E+03    1.119553400863660E+02    1.565872867490501E-16
    1.700603205888044E+03    1.114038279955939E+02   -1.666093818136855E-15
    1.700612957118139E+03    1.108635518525517E+02   -2.071651904908550E-15
    1.700621501292268E+03    1.103700971505684E+02    1.786432643885112E-15
    1.700628845650010E+03    1.099376609486024E+02    1.500523621602119E-15
    1.700634407566723E+03    1.095815150917207E+02    4.869372949442892E-16
    1.700639413685770E+03    1.092739907930593E+02   -1.154037649970672E-15
    1.700643531007486E+03    1.090545726381220E+02   -2.263495256050795E-15
    1.700651266516027E+03    1.088903609192025E+02    2.462013002225915E-15
    1.700553514007375E+03    1.086467601469788E+02   -1.880821348893482E-15
    1.676018862492293E+03    8.938795028010284E+01    1.970415602387994E-15
    1.688625336278999E+03    1.007171149685845E+02    1.687435740744303E-15
    1.698979880157330E+03    1.028373345868438E+02    8.071813375977066E-17
    1.700916221560293E+03    1.041241032701743E+02   -3.303369988238322E-15
    1.701062914324773E+03    1.064186246961484E+02   -1.882132754223649E-15
    1.700863163983752E+03    1.091198980573850E+02   -2.383854228533604E-15
    1.700724415767771E+03    1.113967102208811E+02    7.189528062746261E-16
    1.700660608299195E+03    1.129146456632460E+02    9.988517336477302E-16
    1.700633103978863E+03    1.136797105037948E+02   -2.470209940282180E-15
    1.700625058302006E+03    1.138528385870173E+02   -2.126778906575683E-15
    1.700628353173124E+03    1.136299934985725E+02    4.410921952925543E-15
    1.700637274705954E+03    1.131862755168931E+02    1.569602091200127E-15
    1.700648141147878E+03    1.126478310778583E+02   -1.187783885049351E-15
    1.700659022228177E+03    1.120935341748627E+02   -3.047142271933365E-15
    1.700668937694671E+03    1.115698956713901E+02   -3.957049913324907E-15
    1.700677724797437E+03    1.110984693191506E+02   -1.145742569594040E-15
    1.700684615902607E+03    1.107003798933297E+02   -4.105479927755835E-15
    1.700690709476291E+03    1.103523336152847E+02   -2.787134828493765E-15
    1.700696270986121E+03    1.100910846096309E+02   -4.721130503279838E-15
    1.700705926358198E+03    1.099027330635838E+02    9.486350432342259E-16
    1.700597633324891E+03    1.096152106724303E+02   -3.066825473354815E-15
    1.673375994968139E+03    8.856964711656785E+01    5.291575112132688E-15
    1.686062789801441E+03    1.015950382796705E+02    1.816470829867017E-15
    1.698071673283004E+03    1.036440768027307E+02   -2.212686056523767E-15
    1.700806246766867E+03    1.047226418718203E+02   -3.219586990533581E-15
    1.701148129458373E+03    1.067281957867295E+02    1.983008655345472E-16
    1.700964458676274E+03    1.092984990614328E+02    1.451812227100275E-15
    1.700794572757632E+03    1.116987954315671E+02    5.052433766362125E-15
    1.700708858921422E+03    1.134660803383294E+02   -2.676842775156130E-15
    1.700668199730093E+03    1.144871025053772E+02    3.581691362768356E-15
    1.700651962230972E+03    1.148686200166438E+02    3.893059022176255E-15
    1.700650823681641E+03    1.147886010633586E+02   -1.102731711761632E-15
    1.700658103868102E+03    1.144243339134758E+02   -1.656543448830414E-16
    1.700669057303028E+03    1.139166921292749E+02   -6.017617975549935E-15
    1.700680954448168E+03    1.133602014407757E+02   -2.369940035748749E-15
    1.700692310034362E+03    1.128136086065910E+02   -3.618427982662199E-15
    1.700702715313906E+03    1.123068725300626E+02   -2.568517079262333E-15
    1.700711175473466E+03    1.118676706547065E+02   -4.683198491854666E-15
    1.700718552730524E+03    1.114780961934286E+02   -1.521818959399906E-15
    1.700725886917945E+03    1.111721569666807E+02   -4.569409161632896E-16
    1.700738036338326E+03    1.109566150172649E+02    2.007755687065686E-15
    1.700618280943458E+03    1.106200765206012E+02    1.168949598627581E-15
    1.670532203413651E+03    8.759081244746319E+01   -3.420338766338318E-15
    1.683062686728628E+03    1.023591681037953E+02    2.395101763909791E-16
    1.696759998533674E+03    1.044406537330172E+02   -8.627734377479327E-17
    1.700575288303198E+03    1.054210455877318E+02   -1.705145865744601E-15
    1.701193560954553E+03    1.071352405088369E+02    2.094411889218603E-15
    1.701061532495561E+03    1.094926983109688E+02   -7.282696961731781E-16
    1.700862566176732E+03    1.119420899820649E+02    2.329785353853737E-15
    1.700750077779995E+03    1.139308784019595E+02   -2.272495731277612E-16
    1.700692799512012E+03    1.152140447189980E+02    2.406194062466646E-15
    1.700665847537297E+03    1.158265314502735E+02    5.029654874489256E-15
    1.700658309913266E+03    1.159180240925942E+02   -4.772641032834683E-15
    1.700662621407866E+03    1.156601359842760E+02    5.106490008976051E-16
    1.700672940216040E+03    1.152041089857351E+02    8.729475900877554E-16
    1.700685562716023E+03    1.146599996376678E+02   -4.812864310543510E-16
    1.700698330909359E+03    1.140999581746053E+02   -1.280525641799649E-16
    1.700710484471217E+03    1.135634702033767E+02   -2.378465171012221E-15
    1.700720749881947E+03    1.130854890717030E+02   -3.246661586739393E-15
    1.700729604130518E+03    1.126545163306731E+02   -5.131832539204310E-15
    1.700739073111791E+03    1.123017896148089E+02   -3.402992707753179E-16
    1.700754432535955E+03    1.120564296403957E+02   -4.375943947093391E-15
    1.700622210878258E+03    1.116657170673410E+02    1.761048288876511E-15
    1.667516826134410E+03    8.644422181316119E+01    1.071975710598557E-15
    1.679603992040986E+03    1.029722087364340E+02   -3.219301197598721E-15
    1.694917619655603E+03    1.052169510944631E+02   -1.756022175318874E-15
    1.700173019867081E+03    1.062122800225953E+02   -2.754405768280013E-15
    1.701185302561139E+03    1.076458014336332E+02   -1.503414162517178E-15
    1.701153957017374E+03    1.097304439300730E+02    7.621707480729336E-16
    1.700935916425888E+03    1.121477603183690E+02   -2.345467290655924E-15
    1.700791852773239E+03    1.143139939898734E+02   -1.810784359509199E-15
    1.700713652351177E+03    1.158549239175787E+02    1.185729862495159E-15
    1.700672947639967E+03    1.167160879697216E+02    1.174424686939178E-15
    1.700656563353228E+03    1.170060362991601E+02   -1.765210466022697E-15
    1.700656097504699E+03    1.168829252886994E+02   -8.867688626535397E-16
    1.700664674944258E+03    1.165022443112747E+02    2.616359277040400E-15
    1.700677480899899E+03    1.159880109351508E+02    2.069899313911693E-15
    1.700691487496707E+03    1.154265220957097E+02    1.721721906905093E-15
    1.700705440393889E+03    1.148679263063691E+02   -9.841464304279743E-16
    1.700717724302106E+03    1.143552155629948E+02   -7.396453499431290E-17
    1.700728229427186E+03    1.138843409925644E+02    2.734903350808051E-16
    1.700740210957294E+03    1.134837313374373E+02    4.513812851355961E-15
    1.700759670838159E+03    1.132065610774723E+02   -1.703105446702656E-15
    1.700613902588268E+03    1.127567142647220E+02   -6.004776980908721E-16
    1.664377541644814E+03    8.510597906376479E+01    1.573221426323580E-15
    1.675686003231402E+03    1.034151584785794E+02   -1.818710592113938E-15
    1.692383712235200E+03    1.059661692957228E+02   -4.435638221960749E-15
    1.699518874877520E+03    1.070798035358181E+02   -4.140327931542085E-15
    1.701100331762441E+03    1.082542249165852E+02   -2.350320237842307E-16
    1.701233398548035E+03    1.100363341419815E+02    2.735387753086580E-15
    1.701019568471780E+03    1.123432029990991E+02   -2.574951831276272E-15
    1.700840790089969E+03    1.146268649488253E+02   -9.686237918114696E-16
    1.700736428121663E+03    1.164080344361149E+02    1.417403387406121E-15
    1.700678294420202E+03    1.175287583597324E+02   -2.570327341311867E-15
    1.700650099687795E+03    1.180409238202811E+02   -4.546727848312074E-15
    1.700642508196473E+03    1.180809494562960E+02    1.721143235768955E-15
    1.700647755927850E+03    1.178017696925385E+02    6.346178744262819E-15
    1.700659859523558E+03    1.173378775064652E+02    8.821382248551076E-16
    1.700674716163183E+03    1.167896384091749E+02   -3.224290791405286E-15
    1.700690394035627E+03    1.162188701590182E+02    3.982713164255305E-15
    1.700704859485398E+03    1.156773996325321E+02    2.274826715238121E-15
    1.700717148026938E+03    1.151697032051205E+02   -3.113177999600243E-17
    1.700732004555812E+03    1.147213577455572E+02    1.823465517791248E-15
    1.700756664273314E+03    1.144112364231207E+02    4.002932386042267E-15
    1.700596210228868E+03    1.138978147959710E+02   -1.558271159604346E-15
    1.661185351392553E+03    8.353555157362752E+01    1.012133669720216E-15
    1.671338535493887E+03    1.036787580691217E+02    1.307849931843738E-15
    1.688971480523973E+03    1.066732691967139E+02   -3.055099911496563E-15
    1.698490601194884E+03    1.079975166245423E+02   -1.584967128237149E-15
    1.700899827716938E+03    1.089475460007413E+02    5.621709281771428E-16
    1.701282362190529E+03    1.104289333207974E+02    4.022171592706357E-16
    1.701114647223084E+03    1.125600358807203E+02    5.547433960528218E-15
    1.700902872020186E+03    1.148881487668652E+02    3.680243372364100E-15
    1.700766366342785E+03    1.168768683583804E+02    6.091652582155726E-16
    1.700686279812807E+03    1.182588345770268E+02    1.569126785044334E-16
    1.700642736191693E+03    1.190123122504946E+02   -8.455560442261578E-16
    1.700625087725846E+03    1.192421041856539E+02    1.743589762360314E-15
    1.700624847300403E+03    1.190920437484577E+02    2.787001020812752E-16
    1.700634910087183E+03    1.187017628314010E+02    3.755728617824087E-15
    1.700649926165949E+03    1.181843098706039E+02    3.585621170471919E-16
    1.700667066014703E+03    1.176137937409494E+02   -1.807189574123022E-15
    1.700683787566586E+03    1.170516500814875E+02   -1.711754254328103E-15
    1.700697923048609E+03    1.165119961222092E+02    1.634589049470800E-16
    1.700715953151661E+03    1.160175383499231E+02   -2.481428939377139E-15
    1.700747152346491E+03    1.156743839212173E+02   -4.100338165223205E-16
    1.700570850254478E+03    1.150938402634126E+02   -1.068988757221959E-15
    1.658041620223469E+03    8.167917019221028E+01   -2.744424857390103E-15
    1.666629979908942E+03    1.037575797757152E+02    3.198745629898740E-15
    1.684495509228283E+03    1.073117563100414E+02    1.224034060180271E-15
    1.696905059476549E+03    1.089279185891404E+02    7.410092465301891E-16
    1.700514851208895E+03    1.097095236701088E+02    1.726427911672902E-15
    1.701273872945416E+03    1.109195001381757E+02   -1.770358048306787E-15
    1.701215808189411E+03    1.128302150798320E+02    3.797472543754822E-15
    1.700983214327378E+03    1.151235283549695E+02    4.105551892882945E-15
    1.700808824569177E+03    1.172713197243505E+02   -7.073219665030409E-16
    1.700701138828809E+03    1.189044600340522E+02   -2.355688091871582E-15
    1.700638001911055E+03    1.199118796786026E+02    1.472686176078584E-15
    1.700606746452220E+03    1.203548235726544E+02    1.799605732938615E-16
    1.700598219351141E+03    1.203614877353546E+02   -4.068439898018222E-15
    1.700604335092587E+03    1.200703955419959E+02    5.371572659459108E-16
    1.700618407680599E+03    1.196041219288903E+02    1.970475461377832E-15
    1.700636473129513E+03    1.190489444581142E+02    3.036540638906572E-15
    1.700655383122977E+03    1.184765229966011E+02   -1.142817149955783E-15
    1.700671326757746E+03    1.179117464390663E+02   -2.236723859391755E-15
    1.700692693966564E+03    1.173744984247118E+02    1.924106406075816E-15
    1.700732030906626E+03    1.169994734709717E+02    2.780655311159772E-15
    1.700538759705774E+03    1.163495689265995E+02    2.585826828123301E-15
    1.655081030804960E+03    7.947189472226874E+01   -1.486847594637161E-15
    1.661674819086136E+03    1.036578327916747E+02   -1.473423707717150E-15
    1.678831786200070E+03    1.078534867556639E+02    2.126207489614658E-15
    1.694483538016853E+03    1.098192434594365E+02    2.312338400286408E-15
    1.699826114322453E+03    1.105185590984846E+02    6.061165840584986E-17
    1.701168072899871E+03    1.115122386779513E+02   -2.351028619541398E-15
    1.701306550934270E+03    1.131810493812412E+02   -6.159321617318576E-16
    1.701084648256812E+03    1.153641467824247E+02    6.744629275445203E-16
    1.700869643832634E+03    1.176085691261423E+02   -1.280377516498187E-15
    1.700727426884142E+03    1.194687859092782E+02    8.242626815026894E-16
    1.700639472830977E+03    1.207341358994639E+02    4.273389785721840E-15
    1.700590384997093E+03    1.214089954732612E+02   -2.893569497720708E-15
    1.700570084689515E+03    1.215982573486557E+02   -5.679889066401687E-15
    1.700569674000547E+03    1.214332832693519E+02   -8.300374712051919E-16
    1.700581159240162E+03    1.210412303406825E+02    4.948713247273519E-15
    1.700599230538252E+03    1.205192436657578E+02    5.869952280098279E-16
    1.700620043842036E+03    1.199494288316208E+02    3.014636648935492E-15
    1.700637616062423E+03    1.193685098238834E+02    1.917204042517493E-17
    1.700662251507847E+03    1.187937017457052E+02    1.948478497055708E-15
    1.700711570799549E+03    1.183893685460359E+02    4.317828842301962E-15
    1.700500355383972E+03    1.176696122667855E+02    4.170359395982609E-16
    1.652427771987699E+03    7.684009860934833E+01    7.778332686546856E-16
    1.656634048324497E+03    1.033957278644014E+02   -1.421257658902968E-15
    1.672016577971241E+03    1.082880371856063E+02   -7.939031607761071E-16
    1.690811998381215E+03    1.105996359110722E+02    2.210309300580444E-15
    1.698641952726682E+03    1.113446004561273E+02   -4.676427225321211E-16
    1.700899285335644E+03    1.122024625053795E+02    1.374485728493610E-15
    1.701353863133677E+03    1.136306672504287E+02   -3.369142995542354E-17
    1.701204021855178E+03    1.156434922940562E+02   -8.135970114324134E-16
    1.700955002981433E+03    1.179133324742793E+02   -5.978303922205595E-15
    1.700770547363694E+03    1.199611341355170E+02   -2.090474406605479E-15
    1.700651112970746E+03    1.214773834112678E+02   -1.276097039938359E-15
    1.700579139867946E+03    1.223967671150942E+02   -7.978963046427387E-16
    1.700542855301902E+03    1.227912408574816E+02    1.351464483353396E-15
    1.700532585100382E+03    1.227791840702936E+02    1.204796261947935E-15
    1.700539163558048E+03    1.224864912143814E+02    2.557730115624632E-15
    1.700555801859974E+03    1.220182730928650E+02   -4.694803178849828E-15
    1.700577911755807E+03    1.214665832106452E+02   -2.961709704747585E-15
    1.700596748374383E+03    1.208808100324564E+02    1.460798856675907E-15
    1.700624228794662E+03    1.202757779904496E+02    3.440575742836086E-15
    1.700685551184283E+03    1.198462206860207E+02    3.104062465696751E-15
    1.700455713315494E+03    1.190583072532060E+02    5.410597545546377E-15
    1.650287481533978E+03    7.370626720262941E+01    1.991441996056799E-15
    1.651703358704792E+03    1.029863355806065E+02   -1.433056892808826E-15
    1.664330771414516E+03    1.086399561809659E+02   -5.364536339881726E-15
    1.685365594901057E+03    1.111783172645898E+02   -1.472837739825942E-15
    1.696668196065322E+03    1.121502068785852E+02    1.910810761241236E-15
    1.700346826574577E+03    1.129732968102625E+02    3.095732711576827E-15
    1.701305320771383E+03    1.141854852637710E+02    9.788102766239143E-16
    1.701325022074505E+03    1.159930189489507E+02   -2.643874151230618E-15
    1.701069826139108E+03    1.182169746670853E+02    1.706793202959410E-15
    1.700837254561163E+03    1.203979188854202E+02   -2.039821669783119E-15
    1.700677741777016E+03    1.221448372040425E+02   -1.570257746203801E-15
    1.700576620608600E+03    1.233133699149470E+02    3.569647147915470E-15
    1.700519341946360E+03    1.239311129814115E+02    5.249609820207822E-15
    1.700495073096330E+03    1.240968827463891E+02    2.549552133238864E-15
    1.700493630804265E+03    1.239297830406281E+02   -4.056500227463029E-15
    1.700506723134562E+03    1.235383523519195E+02   -6.007799387649551E-15
    1.700529061345215E+03    1.230229979810691E+02   -1.122292411170058E-15
    1.700548561251233E+03    1.224461084737986E+02    2.451937660540989E-15
    1.700577974080420E+03    1.218204816180390E+02   -3.941456181522357E-16
    1.700653334371326E+03    1.213714013547400E+02   -2.499354788194563E-15
    1.700404675225559E+03    1.205196148371155E+02   -5.549560775424993E-15
    1.649389686562107E+03    6.999336401376607E+01    3.011107781590300E-15
    1.647012967104803E+03    1.024417924921322E+02    1.797065764277663E-15
    1.656315380667560E+03    1.089392729729141E+02    2.830584343413440E-15
    1.677717040999545E+03    1.114727000897268E+02   -1.721640514955120E-15
    1.693457548518736E+03    1.128881459304797E+02   -4.589169634816368E-16
    1.699298474514984E+03    1.137948356152855E+02    1.172413200664011E-15
    1.701078914642072E+03    1.148415088619628E+02   -5.197816565464928E-16
    1.701407685227280E+03    1.164373937238196E+02   -8.747781253320576E-16
    1.701212611470423E+03    1.185547724120690E+02   -7.465520395353454E-16
    1.700935589642097E+03    1.208029112695732E+02   -4.914573644531474E-15
    1.700725738006938E+03    1.227457700063685E+02   -3.575698351989567E-15
    1.700587260961646E+03    1.241580809020389E+02    1.648454401047389E-16
    1.700502932465168E+03    1.250112033411719E+02    4.562801537174716E-15
    1.700459670756302E+03    1.253762595282447E+02    3.581890416407954E-15
    1.700446215372046E+03    1.253605625166765E+02   -3.237357130765043E-15
    1.700452818652321E+03    1.250707373773700E+02   -5.434840975326286E-16
    1.700473676616363E+03    1.246125085821309E+02   -2.097682458667774E-15
    1.700492932140883E+03    1.240607786720822E+02    2.001885315791307E-15
    1.700522752368109E+03    1.234266512502528E+02    9.502817285310076E-17
    1.700613917113954E+03    1.229654426422707E+02   -1.605372040063310E-15
    1.700346883537027E+03    1.220570022049777E+02   -1.098302572169912E-15
    1.650224769157678E+03    6.565006017991304E+01   -4.090034060358342E-15
    1.641997590309006E+03    1.016967348865553E+02   -4.168854144045759E-16
    1.648832204827356E+03    1.092350601203546E+02    9.474110597602673E-16
    1.668043739740719E+03    1.114829254946704E+02    5.601912779440397E-16
    1.688356104121995E+03    1.134922300210693E+02   -3.916644042051732E-15
    1.697411450053984E+03    1.146195826605190E+02   -1.519194329720270E-15
    1.700527689705343E+03    1.155846122219552E+02    5.249837827908986E-15
    1.701379880722825E+03    1.169905767318520E+02    3.128202667139359E-15
    1.701363401122432E+03    1.189606009083932E+02    3.093784455981676E-15
    1.701072430625464E+03    1.212062195706318E+02    2.653688902732150E-16
    1.700803808423387E+03    1.232964551294633E+02    2.182720632163520E-15
    1.700616980088836E+03    1.249353374868603E+02   -1.901238506551149E-15
    1.700497844158391E+03    1.260283321459263E+02    3.473965270620116E-15
    1.700429594878589E+03    1.266094201436731E+02   -2.878766607106525E-15
    1.700399203209974E+03    1.267687371744620E+02   -1.787003546984583E-15
    1.700395417401420E+03    1.266060331120906E+02    1.033750464326546E-15
    1.700412236031311E+03    1.262279034221877E+02    2.728462166677886E-15
    1.700429929158631E+03    1.257201177490690E+02    2.957618800495630E-15
    1.700457941271634E+03    1.250921848365650E+02    2.393807376443926E-17
    1.700566007904245E+03    1.246280011818259E+02    9.487734694827185E-16
    1.700281752777893E+03    1.236733263673163E+02    6.814981544422981E-16
    1.653336928932087E+03    6.071527069727047E+01    2.195220987539702E-15
    1.636320438627721E+03    1.005076419795155E+02   -3.479114379656676E-16
    1.641782649265102E+03    1.094987187596479E+02    2.949490342184133E-15
    1.657339174303976E+03    1.113820971699281E+02    7.679869719804291E-16
    1.680584271478806E+03    1.138679723949350E+02    2.157786503124370E-15
    1.694145998309103E+03    1.153737375944621E+02   -2.471184821763243E-15
    1.699387472038317E+03    1.163844804191793E+02   -2.121556322323817E-15
    1.701125281921865E+03    1.176537166590395E+02    2.419399742115679E-15
    1.701464315273499E+03    1.194593389664811E+02   -3.027504924853685E-16
    1.701244268931962E+03    1.216411594888054E+02    3.369633681554488E-15
    1.700922589983455E+03    1.238205330696399E+02   -1.657368616229498E-15
    1.700674264202766E+03    1.256559203724563E+02   -1.314791025129120E-15
    1.700509659365645E+03    1.269838047840018E+02   -3.149633572769653E-15
    1.700408939573324E+03    1.277916783500615E+02    9.322696780930898E-16
    1.700355671987659E+03    1.281459040342647E+02    1.161821556930768E-15
    1.700336566054588E+03    1.281349386655678E+02   -2.695164461191362E-15
    1.700345720747228E+03    1.278612699094418E+02    4.243166672674666E-15
    1.700359961713098E+03    1.274184758130664E+02    3.956467486053188E-16
    1.700383252724023E+03    1.268140807740239E+02   -7.731512399867228E-16
    1.700508189328399E+03    1.263578936135980E+02   -4.344878601170273E-16
    1.700208404464100E+03    1.253707653762618E+02    3.824075010194637E-15
    1.660010818428824E+03    5.526478945781834E+01   -1.916937583814525E-15
    1.631995172006099E+03    9.871242573028164E+01   -2.616562612521790E-15
    1.634914658199360E+03    1.095162286942892E+02   -3.728803591176665E-15
    1.646421418369931E+03    1.113997031393670E+02    5.016799361334923E-15
    1.669659656853847E+03    1.139304302994172E+02    8.184679795486337E-16
    1.688683805380512E+03    1.159488460073115E+02    9.068623756312876E-16
    1.697216964558531E+03    1.171850804638014E+02   -1.839265687160018E-15
    1.700436957914577E+03    1.184113184064184E+02   -1.086978046554941E-15
    1.701404039450297E+03    1.200603585535184E+02   -1.492622128525293E-15
    1.701415121282853E+03    1.221383326835304E+02   -1.183013343423139E-15
    1.701089236349993E+03    1.243480486831513E+02   -6.453162244721742E-17
    1.700771075268406E+03    1.263378902902733E+02    1.416219585386065E-15
    1.700546447117345E+03    1.278845481950044E+02    1.292140950849081E-16
    1.700403089805389E+03    1.289225145698407E+02   -1.506111306786748E-15
    1.700319651344953E+03    1.294866657421338E+02   -2.952535963452342E-15
    1.700279218027713E+03    1.296493582122054E+02    1.871640117722794E-15
    1.700275851337925E+03    1.295046175655802E+02   -2.403343928856713E-15
    1.700283943708858E+03    1.291495480909612E+02    8.261417332660466E-16
    1.700298959719722E+03    1.285885516104410E+02    4.430322152516583E-15
    1.700439206440194E+03    1.281531974970322E+02    1.858856965582172E-15
    1.700125629170066E+03    1.271507982199268E+02   -1.804598306750382E-15
    1.670037972611925E+03    4.924053069208957E+01   -3.031106276271027E-16
    1.632163124286925E+03    9.644959125707119E+01   -2.406907438181004E-15
    1.629120066937485E+03    1.093838251133261E+02   -2.449163287600758E-15
    1.635898295402181E+03    1.116083053823225E+02    1.033922452915049E-15
    1.655856243872467E+03    1.136507961860027E+02    1.874894004710199E-15
    1.679860571160590E+03    1.161993577341116E+02    2.721467665428081E-15
    1.693276850877354E+03    1.178908755978101E+02    1.949412590465328E-15
    1.698941622609930E+03    1.192169024601040E+02   -3.795433017207397E-15
    1.701000683810337E+03    1.207563185411420E+02   -3.115640435446823E-15
    1.701484825364006E+03    1.227179086053180E+02   -1.539898049519061E-15
    1.701288318313348E+03    1.249116973834508E+02   -1.517101500891369E-15
    1.700920557715752E+03    1.270066166265664E+02   -1.337565765343615E-15
    1.700620457467316E+03    1.287442570949500E+02   -8.072289818546420E-16
    1.700419785287470E+03    1.300066821215126E+02   -1.611660434056381E-15
    1.700296427268255E+03    1.307897371997639E+02    3.021282748603197E-15
    1.700227376183662E+03    1.311438065425456E+02    4.203748519999478E-16
    1.700205323412121E+03    1.311507992908427E+02   -2.748507243331466E-15
    1.700203486300928E+03    1.309068652227972E+02    8.978611043886704E-16
    1.700206098008635E+03    1.304112147287298E+02    1.445094646408706E-15
    1.700358370135715E+03    1.300113942024126E+02    2.495014051936353E-15
    1.700031975811865E+03    1.290142195517549E+02    3.269480585605852E-15
    1.679685811954683E+03    4.243243241829362E+01    1.938881205374133E-15
    1.637794675215683E+03    9.340425933205422E+01    2.587623258865768E-15
    1.624798118118940E+03    1.090911760017977E+02    2.023223039075595E-15
    1.627872916622990E+03    1.122387670778120E+02   -2.391415002261460E-15
    1.641216024640464E+03    1.133158069979942E+02    1.176092676729455E-15
    1.666509634957572E+03    1.159419688998248E+02    1.237239188923493E-15
    1.686381632878787E+03    1.183349305709725E+02    2.808319690775591E-15
    1.695988661189730E+03    1.199742862718922E+02   -6.458357117456744E-16
    1.699933044224306E+03    1.215195640238240E+02    2.087047033464803E-16
    1.701273066742300E+03    1.233860507386203E+02   -1.602809741749080E-15
    1.701440022161266E+03    1.255387289352310E+02   -2.014094790448346E-15
    1.701122143860988E+03    1.276925085687598E+02    1.886149784379163E-15
    1.700748169444797E+03    1.295841708322834E+02    3.321102770951529E-15
    1.700471339874931E+03    1.310555095001071E+02    1.286622462805699E-15
    1.700293536082871E+03    1.320590352352741E+02   -2.630564789725333E-15
    1.700186297629539E+03    1.326167875830692E+02   -3.156316138830640E-16
    1.700137966850419E+03    1.327947460928262E+02    1.603740534322834E-15
    1.700121104235547E+03    1.326845533878025E+02    1.621469187792795E-16
    1.700106621536928E+03    1.322774357202064E+02    1.567317673248581E-15
    1.700266005986144E+03    1.319295970631342E+02    2.653286185886014E-16
    1.699926054453900E+03    1.309612275009477E+02    3.030266888445473E-16
    1.686000842198689E+03    3.496695194966136E+01   -1.495538058261921E-15
    1.649048186159635E+03    8.896137357601421E+01    5.045270532735917E-16
    1.624703987549968E+03    1.084773601688942E+02   -1.285791130634737E-15
    1.622730667583870E+03    1.133382403258365E+02   -1.820490499913229E-15
    1.628946857511543E+03    1.134206853292973E+02   -4.879235088062549E-16
    1.649298259417367E+03    1.151960010817831E+02    2.718714924382176E-15
    1.674923703874932E+03    1.182727471527034E+02    1.985259352563234E-15
    1.690470728069662E+03    1.205258493607864E+02    4.717940288747687E-15
    1.697624693154196E+03    1.222851126116677E+02    2.056090522450634E-15
    1.700487339652939E+03    1.241345971367770E+02   -8.517418830119774E-16
    1.701359300372273E+03    1.262411757975424E+02    8.975313260479225E-17
    1.701316198843052E+03    1.284237401275069E+02    4.468127391266260E-16
    1.700938783901152E+03    1.304323137528011E+02    2.868802454656820E-15
    1.700576395684485E+03    1.320882381296131E+02    2.874178878799261E-15
    1.700323422253099E+03    1.333049992792532E+02    4.269987709269246E-15
    1.700163456967258E+03    1.340719328053724E+02   -6.262199522939980E-16
    1.700078908283857E+03    1.344349134883067E+02   -2.004434513471218E-15
    1.700040345801890E+03    1.344783851583170E+02   -2.403386774595662E-15
    1.700003470802875E+03    1.341829010859688E+02   -8.866866927972874E-16
    1.700163825380815E+03    1.339049112201498E+02   -1.665582747521924E-15
    1.699807060839512E+03    1.329916104533426E+02   -5.547811741401432E-16
    1.689913169632188E+03    2.756487289949273E+01   -5.550042284285534E-16
    1.661876328192320E+03    8.180061019691962E+01    1.548210161176545E-15
    1.629118410558780E+03    1.078786807299695E+02    3.587555283932135E-15
    1.620424318052923E+03    1.143933082488456E+02    2.001971779893980E-16
    1.622063367778250E+03    1.142403331127022E+02   -1.927793395432694E-15
    1.633175612552917E+03    1.146566484606984E+02   -1.932808265809891E-15
    1.657997339233021E+03    1.174552843319431E+02   -1.555545773164260E-15
    1.680764444550108E+03    1.206201518119436E+02    4.352162128058691E-16
    1.693058757297529E+03    1.229203099051478E+02   -1.642483329434519E-15
    1.698601258984163E+03    1.249195306122447E+02    7.955131175459282E-16
    1.700751529453669E+03    1.270132741219523E+02    8.254846436641874E-16
    1.701317040953108E+03    1.292139910937676E+02    2.106994402730199E-16
    1.701147631012616E+03    1.313177686166189E+02   -8.462964429906880E-16
    1.700750362396397E+03    1.331321050873937E+02   -9.149241223222477E-16
    1.700406450869632E+03    1.345460633352007E+02   -2.464430165279320E-15
    1.700171709774297E+03    1.355192748782518E+02   -2.687175700953507E-15
    1.700035652795567E+03    1.360747055229573E+02   -2.350578882416609E-15
    1.699965958243465E+03    1.362871547789739E+02   -2.381749681109357E-15
    1.699900469545738E+03    1.361245394871241E+02   -5.861550837257448E-15
    1.700055020250323E+03    1.359350266110539E+02   -3.308401666311118E-15
    1.699675393563995E+03    1.351051087553160E+02   -2.327359833001646E-15
    1.692789676198722E+03    2.083883560563542E+01    6.838204886783285E-16
    1.671565369756274E+03    7.091668810994770E+01   -5.509167901838957E-16
    1.638687114034853E+03    1.072880001074481E+02   -3.524646876607311E-15
    1.621733384255159E+03    1.151491266928155E+02    1.711720592929773E-15
    1.619198203484055E+03    1.156914391441737E+02   -1.475083456718761E-15
    1.623028790598058E+03    1.149755580203296E+02   -3.043360855878327E-15
    1.639221393680281E+03    1.163205647395373E+02   -3.850365676595659E-15
    1.665340398870947E+03    1.199277220602369E+02   -4.532405615748550E-15
    1.684657370047179E+03    1.231712553834727E+02   -2.862390826927383E-15
    1.694659991395215E+03    1.256133675100869E+02   -7.847483821792186E-16
    1.699118279720171E+03    1.278191680401455E+02   -4.401382512618501E-16
    1.700808928233541E+03    1.300587247105163E+02   -1.118012315666486E-15
    1.701188683206689E+03    1.322567011134038E+02    3.608069040816670E-16
    1.700955897458845E+03    1.342165979171545E+02    2.571150554651920E-15
    1.700561548326457E+03    1.358087422684988E+02    6.142248260536785E-16
    1.700233312538771E+03    1.369767759737517E+02    3.672335802198771E-16
    1.700022088102940E+03    1.377240488809871E+02   -9.566420150238951E-16
    1.699905439307131E+03    1.381144769463166E+02   -2.099847079739333E-15
    1.699802408772639E+03    1.381019838021535E+02   -2.019235700981605E-15
    1.699943942582589E+03    1.380191843011247E+02   -3.307599965605889E-15
    1.699533041761202E+03    1.373020603349489E+02   -3.052391520065485E-15
    1.695118287476554E+03    1.509778304225535E+01    2.781310563468124E-16
    1.678071690334528E+03    5.734393905866631E+01    2.502676381732739E-16
    1.650446565679261E+03    1.047505022586448E+02    2.707047081155234E-15
    1.626101432682838E+03    1.157756016444808E+02    9.123914927701266E-16
    1.618524012800752E+03    1.171290296952780E+02   -1.965091337970004E-16
    1.618732852406159E+03    1.162506483501119E+02    3.502459715544503E-16
    1.625615742112102E+03    1.160688407437890E+02    1.050309388861796E-16
    1.645631930784873E+03    1.185602451870303E+02   -9.838207567662637E-16
    1.670641870021977E+03    1.226688093734154E+02   -2.478797084685837E-15
    1.687107935902764E+03    1.259574187765058E+02   -1.317750585240861E-15
    1.695534317613198E+03    1.285480784646051E+02   -4.464567051704787E-16
    1.699298740613858E+03    1.309306715021827E+02    1.879472958138463E-16
    1.700715598884809E+03    1.332431230391485E+02   -5.458248170568503E-16
    1.700998185842449E+03    1.353561074671286E+02   -1.351125033702178E-15
    1.700749671396844E+03    1.371207504812708E+02    2.263323568032993E-15
    1.700368348295716E+03    1.384702139585463E+02    3.738579109620222E-15
    1.700063053029639E+03    1.394012417148505E+02    3.905968470825322E-15
    1.699874400995552E+03    1.399710197765692E+02    1.935863240377586E-15
    1.699717395876563E+03    1.401198309485895E+02   -5.140407363151579E-17
    1.699836180676672E+03    1.401596801555298E+02    6.393008883304769E-16
    1.699383496030303E+03    1.395844541389995E+02    3.130978334916904E-15
    1.696968765416378E+03    1.045413806808235E+01   -1.351049344937792E-15
    1.683752769554997E+03    4.298593106656709E+01    9.843595077644697E-16
    1.660454449350063E+03    9.694543638743097E+01    1.249100553508999E-15
    1.634121005159491E+03    1.158882491388784E+02   -2.435313689771404E-15
    1.620464722025886E+03    1.185417173961092E+02    6.747686845386290E-16
    1.617178584215407E+03    1.181729976669352E+02    2.427349644764348E-15
    1.618799292496759E+03    1.170416469466641E+02    3.966269181616246E-15
    1.628651228112287E+03    1.177497931464854E+02    2.097997643585346E-15
    1.650946666096657E+03    1.212038985569340E+02    2.772080473828772E-15
    1.674025459121199E+03    1.255556417265009E+02    2.703829422589581E-15
    1.688435506816991E+03    1.289503959297793E+02    1.682546646223309E-15
    1.695856721519107E+03    1.317278939598186E+02    1.101796439879760E-15
    1.699215605986857E+03    1.342425458161457E+02    1.065344675086950E-15
    1.700493977746217E+03    1.365349065219451E+02    8.463545443843099E-16
    1.700753170370594E+03    1.384906698025747E+02   -2.165173718427313E-16
    1.700525272614134E+03    1.400249258864044E+02    1.160317638481439E-15
    1.700176588474811E+03    1.411327608154223E+02    1.550498908366439E-15
    1.699900632820913E+03    1.418768881877563E+02    1.822809101635915E-15
    1.699663912016925E+03    1.421908320753210E+02    2.751034976012161E-15
    1.699742236506663E+03    1.423642424537526E+02    2.215908914328841E-15
    1.699232315474732E+03    1.419576131434497E+02   -4.483405093123040E-16
    1.698364521421364E+03    6.893577439697356E+00    2.398433384167790E-15
    1.689174127379352E+03    2.977439267390668E+01    3.008129964194621E-16
    1.667979528882580E+03    8.253224059093414E+01   -2.097098404162296E-15
    1.643909915926590E+03    1.146225622316870E+02   -1.188107816653775E-15
    1.625118230138114E+03    1.204150552365455E+02   -2.378332836838690E-15
    1.617432473165582E+03    1.202567315195305E+02   -2.582614477437737E-15
    1.616114827998612E+03    1.191040270437892E+02   -3.500048422797826E-15
    1.619000660017040E+03    1.182120416340761E+02    9.748097243631431E-16
    1.631445535870455E+03    1.197872287094961E+02    4.092170390593179E-15
    1.654585169525872E+03    1.240567228499425E+02    1.227239674635716E-15
    1.675804851536988E+03    1.286202196896937E+02    2.715639149098905E-15
    1.688874095530773E+03    1.321892040734778E+02    2.759250284743505E-15
    1.695719396309800E+03    1.351358183577669E+02    1.697150889773883E-15
    1.698891081905890E+03    1.376990647535339E+02    3.565220745401503E-15
    1.700146735074768E+03    1.398903750451221E+02    2.933297673718477E-15
    1.700446200877580E+03    1.416425495412554E+02   -6.801333731965245E-16
    1.700283952043980E+03    1.429424831568940E+02   -1.835004557659974E-15
    1.699993410291749E+03    1.438606367877593E+02   -3.084436221190273E-16
    1.699671312415414E+03    1.443387825330512E+02   -9.774468981455784E-16
    1.699685502848430E+03    1.446495257508073E+02    7.925153102638745E-16
    1.699091793332074E+03    1.444328548968012E+02    2.243744275856504E-15
    1.699364541911412E+03    4.307560676995137E+00   -2.105628384255433E-15
    1.693580994099259E+03    1.913263285999461E+01   -1.196699405589592E-15
    1.675258716085135E+03    6.330076325257085E+01    9.015596491203998E-16
    1.653033521266327E+03    1.099986477442668E+02    1.510030102559041E-15
    1.632142564582845E+03    1.219437289031553E+02    7.697178959058719E-16
    1.619862864587229E+03    1.225377951687649E+02    1.540993627108578E-15
    1.615195656891004E+03    1.215452986160880E+02    9.487970353650697E-16
    1.614907428098974E+03    1.199805270971830E+02   -3.307983323821289E-16
    1.619128187859498E+03    1.198343364007390E+02   -3.035975752264948E-15
    1.633394783255344E+03    1.222458425760650E+02    8.915021475507998E-17
    1.656465817785083E+03    1.271345212192611E+02    2.630874554190402E-15
    1.676254355872742E+03    1.318833809048299E+02    2.258814467551793E-15
    1.688539202473846E+03    1.356330468981307E+02   -3.447735190406244E-16
    1.695144094913124E+03    1.387040846846456E+02   -6.928450364741387E-16
    1.698320814322213E+03    1.412477156729962E+02    1.173747712936508E-15
    1.699658213076910E+03    1.432833091933358E+02    2.768018332832366E-15
    1.700069591996783E+03    1.448249528016580E+02    1.860188646592120E-15
    1.700026253937607E+03    1.459428797598169E+02    3.768616795487675E-16
    1.699727763119267E+03    1.465943830429824E+02   -1.037239137739837E-17
    1.699691203095876E+03    1.470433652114164E+02    1.010323521735057E-15
    1.698987569679394E+03    1.470313561011596E+02    2.564417510915457E-15
    1.700043496825572E+03    2.515234772879078E+00   -6.026878569407080E-16
    1.696653532717777E+03    1.140668200439118E+01   -2.543670490669876E-16
    1.683578325897574E+03    4.261677781008391E+01   -2.570874082404442E-16
    1.661263987703502E+03    9.750686411336119E+01   -6.038322585948154E-16
    1.640293085533507E+03    1.217175833416235E+02   -1.681873285277645E-16
    1.624432391142917E+03    1.250268520999083E+02   -2.011052646961806E-16
    1.616218601171977E+03    1.240697344075503E+02    2.018937744502441E-16
    1.613288542946996E+03    1.226269250385055E+02    1.930194601514695E-15
    1.613636986427901E+03    1.213875333796978E+02    1.422795554993624E-15
    1.618939274054753E+03    1.219177220442672E+02    3.434279098416030E-16
    1.634247626696811E+03    1.250322665340765E+02   -2.035945580532578E-15
    1.656747803094525E+03    1.303473003665078E+02   -2.475229919494600E-16
    1.675534094742103E+03    1.352906642840503E+02    2.631318046296311E-18
    1.687461210165872E+03    1.392286116913219E+02   -1.532101662488571E-15
    1.694112700997761E+03    1.423901233057797E+02   -2.170300652007985E-15
    1.697468783829779E+03    1.448568219409384E+02   -4.640248104327080E-17
    1.699007464317692E+03    1.467306195791083E+02    9.413335976908556E-16
    1.699613764770842E+03    1.481069735744338E+02    1.200041270410547E-16
    1.699635573691179E+03    1.489721128135193E+02   -6.285110702022684E-16
    1.699699122822258E+03    1.495740665444733E+02   -2.122857444910863E-15
    1.698936046154670E+03    1.497848941833117E+02    3.318400417273223E-16
    1.700478818297158E+03    1.308148436998270E+00    2.542791910716033E-15
    1.698610742212453E+03    6.286259380587771E+00    1.941273523493836E-15
    1.690983056736426E+03    2.526500290517892E+01    1.989541372567226E-15
    1.670152531236104E+03    7.501247649683829E+01    1.063742480948196E-15
    1.648855601227424E+03    1.166691725043030E+02    1.640547118942160E-15
    1.630774520853363E+03    1.265216758790786E+02   -2.265328445361255E-15
    1.619185248314458E+03    1.269023720672913E+02    1.043402352406033E-15
    1.613540586061535E+03    1.256377858357724E+02    7.447482793248523E-16
    1.611641632764562E+03    1.241640491465395E+02    3.600259400041758E-15
    1.612423359717130E+03    1.233236186049452E+02    1.609646711676216E-15
    1.618434675614194E+03    1.243592655468739E+02    1.621861573384795E-16
    1.633979347278937E+03    1.280083057016694E+02   -2.263907177655068E-15
    1.655593441955560E+03    1.336531123786636E+02   -1.646597616056524E-15
    1.673704877462458E+03    1.388297660325402E+02   -2.402986304203978E-15
    1.685614573810781E+03    1.429534851887033E+02   -3.944832169845979E-15
    1.692559763099442E+03    1.461492967576037E+02   -4.797757650792337E-15
    1.696282218217125E+03    1.485489397728610E+02   -1.724731162753253E-15
    1.698175506864890E+03    1.502894903785835E+02   -2.288385835216505E-16
    1.698922585342949E+03    1.514457671122952E+02   -1.572339300235078E-15
    1.699425927197411E+03    1.522416729990394E+02   -1.865538382672822E-15
    1.698838172979356E+03    1.527224244763936E+02   -1.744700244476563E-15
    1.700733824476624E+03    5.187160470728693E-01   -7.272629500800156E-16
    1.699790242877670E+03    3.144831560787320E+00    1.337924989817779E-16
    1.695842572266377E+03    1.342834852526617E+01   -5.761538190686778E-16
    1.681106737377630E+03    4.811881259932012E+01   -7.641148768710870E-16
    1.658012660801696E+03    1.024450010157002E+02   -3.716021731000792E-16
    1.638406280227184E+03    1.263000855982555E+02    1.552580966444041E-15
    1.623894957784517E+03    1.300423128393955E+02   -5.056372526850126E-16
    1.615447799266602E+03    1.291804234865467E+02   -3.084250915971369E-16
    1.611412271842209E+03    1.276002686151527E+02   -6.564225799281023E-16
    1.610117944841307E+03    1.261897524979222E+02   -2.843086446612881E-16
    1.611216961527918E+03    1.257092529161829E+02   -1.863312983442655E-15
    1.617545877284291E+03    1.271490329277202E+02   -2.311046201547221E-15
    1.632640630827288E+03    1.312026896252336E+02   -1.502548587387204E-15
    1.653132143880487E+03    1.371012173119310E+02   -2.316959423569431E-15
    1.670782719625930E+03    1.424991268951278E+02    7.914664692092827E-16
    1.682927967280355E+03    1.467384812041581E+02    3.766389687575888E-16
    1.690390891419300E+03    1.500064267196691E+02   -2.334275973959824E-15
    1.694741099015012E+03    1.523431499602750E+02   -1.893589740277315E-15
    1.696896177666030E+03    1.539331295906980E+02   -9.198583574779942E-16
    1.698377665598911E+03    1.550053870232625E+02   -3.561633584499595E-16
    1.698350103864555E+03    1.558478106268975E+02   -3.259397690313164E-15
    1.700856618518008E+03    6.839103205424545E-02   -9.291097334047393E-16
    1.700467190200335E+03    1.322946480546288E+00   -2.362804067617670E-15
    1.698556860048749E+03    6.440465008257552E+00   -1.657097556480636E-15
    1.690876037868903E+03    2.546773931500733E+01    4.006420663889765E-16
    1.669705988084258E+03    7.545296108443490E+01   -5.268427175423438E-18
    1.647527052212050E+03    1.195474900520043E+02    1.476886226089651E-15
    1.630167797132418E+03    1.309615966067500E+02    1.310299961219315E-15
    1.619029460922719E+03    1.324952358571573E+02    1.951077579890814E-15
    1.612651393288175E+03    1.314577857631254E+02   -5.134655615869458E-16
    1.609660699469843E+03    1.299095029562650E+02   -3.027946500167414E-15
    1.608815197419109E+03    1.287176089842605E+02   -2.062176939226420E-15
    1.610150768961109E+03    1.285859252946531E+02    4.978644048805200E-16
    1.616432175116808E+03    1.303792684891950E+02    3.154067205121480E-16
    1.630503810906662E+03    1.347118896136591E+02    2.347044427893139E-15
    1.649592914968517E+03    1.407120955624618E+02    1.869672171903941E-15
    1.666811288342392E+03    1.462082213899842E+02    2.732233102499961E-16
    1.679301905739795E+03    1.506188705340080E+02   -2.979620941688976E-16
    1.687648960496906E+03    1.539263866562172E+02   -1.696335235537564E-15
    1.692375594444450E+03    1.562278348736545E+02   -1.646370464752862E-15
    1.695708379919656E+03    1.577530352712868E+02   -2.164859993921651E-15
    1.696938549436719E+03    1.591208980256420E+02   -1.577711431673512E-15
    1.700895502644449E+03   -8.344154557311605E-02    9.666511864821803E-16
    1.700806547664192E+03    3.247768534198016E-01    2.254143513974540E-15
    1.699974563920678E+03    2.686421269539123E+00    7.976981397838065E-16
    1.696554692446412E+03    1.165099150367053E+01    4.491161744806828E-17
    1.683489824026035E+03    4.243977561177770E+01    5.116573352936949E-16
    1.659492995211622E+03    9.801616457655928E+01   -9.140065013444086E-16
    1.638593539774911E+03    1.287701358953002E+02   -1.503585250095211E-15
    1.623677932646613E+03    1.351150871424711E+02   -3.336339732654311E-15
    1.615381372024520E+03    1.351802552195236E+02   -7.889007385505681E-16
    1.610621434914357E+03    1.339889322429494E+02    6.937335346697873E-16
    1.608388971264092E+03    1.326222315423585E+02    4.345644764591074E-16
    1.607886907257177E+03    1.318240974616904E+02   -1.374230699548456E-15
    1.609362909683776E+03    1.320578882987865E+02    5.499645419639083E-16
    1.615282171773094E+03    1.341705887143928E+02   -5.953419740785357E-16
    1.627920100868001E+03    1.385876519923684E+02   -1.524783196918647E-15
    1.645268268025651E+03    1.444096012435682E+02    8.334840134983807E-16
    1.661814334719532E+03    1.500223354780472E+02    1.395571795723618E-15
    1.674962723920735E+03    1.545354743174615E+02    1.492477894787019E-16
    1.683653054611101E+03    1.579402281982768E+02    2.787990437883166E-15
    1.689839216938448E+03    1.601940339293754E+02    2.495727793412617E-15
    1.693779015410168E+03    1.624096525550573E+02    8.139623076603362E-16
    1.700893008197717E+03   -6.145387496239749E-02   -1.353155696645692E-15
    1.700920434270949E+03   -1.224378250250157E-01   -1.462627838289320E-15
    1.700670427309502E+03    7.813171090916806E-01   -1.330841053392968E-17
    1.699249969547540E+03    4.630665353532263E+00   -1.254187105794349E-15
    1.693657535889844E+03    1.878392072738687E+01   -1.177846954761559E-16
    1.675232159296812E+03    6.153197100568798E+01    1.354112110673366E-15
    1.650854225811204E+03    1.129603622915714E+02    4.822106817905869E-16
    1.631215361044150E+03    1.346915179470595E+02    2.119649948707160E-15
    1.618565575443285E+03    1.393583243045011E+02    5.467465126830784E-16
    1.612646819893810E+03    1.385815509542095E+02    6.312648706450595E-16
    1.609151481154339E+03    1.370927289786491E+02    6.947445599646528E-16
    1.607550462902257E+03    1.359958513023847E+02    1.452358918563011E-15
    1.607339249001036E+03    1.356494184466769E+02    1.066355976194990E-15
    1.608888124643871E+03    1.362236251135243E+02    9.516823367651688E-17
    1.614230531451245E+03    1.385288075858792E+02   -1.093640461815577E-15
    1.625214950141431E+03    1.427775513206792E+02   -2.126148159034728E-15
    1.640486840903267E+03    1.483711111441869E+02    2.807939484551958E-16
    1.656319260471070E+03    1.539035445708687E+02    3.105868776095831E-15
    1.669326326392767E+03    1.586157043722439E+02   -7.270905490100135E-16
    1.678909290473050E+03    1.618417920052957E+02    6.053059323687989E-16
    1.687459345254623E+03    1.654339221172872E+02    2.532323130732570E-15
    1.700875366804602E+03   -1.373780595386376E-02    1.550839214727729E-15
    1.700919610228282E+03   -1.512486948677529E-01    7.184187706582582E-16
    1.700932741418296E+03   -6.660221418167771E-02   -1.023420401971335E-15
    1.700464730486420E+03    1.394694567182935E+00   -2.315626084460083E-16
    1.698350054301723E+03    7.018840666028577E+00   -5.595207248220483E-16
    1.690123907898708E+03    2.705734441828231E+01   -5.210327858414611E-16
    1.668048225723660E+03    7.829023639082813E+01    1.356231949233626E-15
    1.643738407310164E+03    1.225664790670370E+02    1.113348132790619E-15
    1.625156167322724E+03    1.393743894420709E+02    3.670958690104592E-16
    1.614395150645254E+03    1.439266702353616E+02   -2.485749304203541E-15
    1.610383070788957E+03    1.427301367182297E+02   -1.448682973601017E-15
    1.608063116713963E+03    1.409912293088937E+02    8.246410267198204E-16
    1.607061646710683E+03    1.401456742391933E+02    1.320658039203569E-15
    1.607109564901506E+03    1.401357324411346E+02    5.563560103019320E-16
    1.608713333451490E+03    1.409843434089248E+02   -3.494769728716967E-16
    1.613458615934029E+03    1.433744660862553E+02   -2.183646172862667E-15
    1.622799869807373E+03    1.474574003695138E+02   -2.434059702665455E-15
    1.635949858770824E+03    1.526592463612685E+02   -2.619978019525656E-15
    1.650505832302063E+03    1.582093666250624E+02   -1.596035475984687E-15
    1.662498480232072E+03    1.623569533871905E+02    1.137678282145940E-15
    1.676499220006090E+03    1.677615312130910E+02    3.246989005540654E-15
    1.700864706706774E+03    1.351604154237592E-02   -6.281208410498880E-16
    1.700883548786812E+03   -3.239860694947714E-02    1.034653355688072E-15
    1.700946712972894E+03   -2.287479322320405E-01    1.418593172278158E-15
    1.700923575872227E+03    5.412730993810579E-02    7.809171440181819E-16
    1.700229545939602E+03    2.056631952778464E+00   -8.363925046120910E-16
    1.697410454429057E+03    9.452288451074297E+00   -6.388994419620310E-16
    1.686706638607061E+03    3.484121214280197E+01   -1.965560998709150E-15
    1.662597775070165E+03    8.966625056359153E+01   -1.351585127748784E-15
    1.638320456117982E+03    1.288562110415535E+02   -2.053223473236983E-16
    1.620295816327169E+03    1.438857609530643E+02    2.243198494158418E-15
    1.611152149169519E+03    1.487969651084833E+02    8.408334831181465E-16
    1.608433027584754E+03    1.476895865435898E+02   -4.740467771281940E-16
    1.607160027031128E+03    1.458506738418563E+02    2.774292374920764E-15
    1.606692060189354E+03    1.450133236042889E+02    3.342146034322437E-15
    1.607068732374212E+03    1.451468371342996E+02    1.889168961808844E-15
    1.608887082264539E+03    1.462977347325489E+02    1.529369417130372E-15
    1.613292129928148E+03    1.488365086646259E+02   -6.150457399220978E-16
    1.621091250800429E+03    1.527204043070690E+02   -6.162365996229242E-16
    1.632468443081938E+03    1.577824245853155E+02   -2.231954296545467E-16
    1.643913327462713E+03    1.621893385454356E+02   -2.017592861697165E-15
    1.661174335802101E+03    1.691422058861543E+02   -1.272796703260853E-15
    1.700867041848640E+03    9.119103614032948E-03    5.985099844186562E-16
    1.700860866907098E+03    2.241910022388708E-02    8.177533148463537E-18
    1.700893266964263E+03   -6.491954290464239E-02   -1.084291145110778E-16
    1.700970166887463E+03   -2.780665138881930E-01   -3.679357517375997E-16
    1.700902655868711E+03    1.785802333868147E-01   -9.228646292236415E-17
    1.700027542928674E+03    2.604588471646988E+00   -5.262975931335728E-16
    1.696657477667318E+03    1.132604549151688E+01    9.886344196278638E-16
    1.684402229339712E+03    4.000140581577880E+01    4.127366305168900E-16
    1.659378483748197E+03    9.549870060381214E+01   -6.131569881658284E-16
    1.634365829090654E+03    1.326914804087261E+02   -5.581165748535904E-16
    1.617081081006038E+03    1.475549746321242E+02   -8.246794146356388E-16
    1.609298306179989E+03    1.535544965491413E+02   -7.942014135456320E-16
    1.606498647225354E+03    1.539541992146013E+02   -3.239865412188002E-15
    1.606191431911365E+03    1.524042248138718E+02   -3.676036523361643E-15
    1.606468423562854E+03    1.509938338508815E+02   -2.999469415071753E-15
    1.607465140517238E+03    1.511381259403395E+02   -3.502506916934086E-15
    1.609640489311575E+03    1.524579649455298E+02   -1.014914942994812E-15
    1.613684396400781E+03    1.549989160340452E+02    5.432621126430868E-17
    1.620505443589905E+03    1.589385519976900E+02    1.227274906852401E-15
    1.628859063968050E+03    1.628328525108965E+02   -1.683225910171026E-16
    1.644895536295890E+03    1.702250333407321E+02   -1.010804735262523E-15
    1.700871295398088E+03   -1.743897921269048E-03   -3.635212609608831E-16
    1.700864590593016E+03    1.519971975439258E-02   -1.794157136390560E-16
    1.700859874209481E+03    2.486215694230637E-02    1.484327691734756E-16
    1.700901522070466E+03   -9.533078770635896E-02    6.518331823153657E-16
    1.700987309256321E+03   -2.996302161804674E-01    1.330908645417931E-15
    1.700889214405280E+03    2.565922153801063E-01    1.114210672444363E-15
    1.699922957777304E+03    2.877234534021295E+00   -7.382279460380703E-17
    1.696356661885510E+03    1.202401318605163E+01    3.271156592658715E-16
    1.683879846753221E+03    4.108587525616684E+01   -3.571261548069943E-16
    1.658683833945052E+03    9.567184051098420E+01    6.319986850046422E-17
    1.632657609613562E+03    1.345682789400246E+02    9.051735256271054E-16
    1.616343345787442E+03    1.514126318048152E+02    2.421009826905063E-15
    1.608166249319966E+03    1.573294269465378E+02    1.489382012615823E-15
    1.605115303607365E+03    1.611903078646374E+02    2.409941779404732E-15
    1.605267720341883E+03    1.603025209626664E+02    1.720894961523742E-15
    1.606292433473725E+03    1.588023935486133E+02    1.437603559033678E-15
    1.607968585634685E+03    1.585312844638874E+02    5.325023282570453E-16
    1.610498318339117E+03    1.596143362530743E+02   -1.464360403538280E-16
    1.614546555364382E+03    1.621862551909283E+02    1.533848531702829E-15
    1.619900905551201E+03    1.653288864349816E+02    3.572919850414071E-15
    1.632046525663237E+03    1.722612407831064E+02   -3.294641716429525E-16
    1.700871070173370E+03   -1.781741652125088E-03    2.699781386330224E-16
    1.700871717133207E+03   -1.800089595764611E-03    3.753710578506755E-16
    1.700862405095787E+03    2.057424336823383E-02    1.131152617737450E-15
    1.700859405992861E+03    2.616985558331492E-02    1.167896937058997E-15
    1.700905335170641E+03   -1.097450062090538E-01    1.201846260426228E-15
    1.700994265428468E+03   -3.042427407975682E-01    1.097301585531807E-15
    1.700895647023716E+03    2.562135318589103E-01    9.357139396213782E-16
    1.699958415938058E+03    2.771027768354099E+00   -1.017182056083610E-16
    1.696624867766936E+03    1.128829598281004E+01    2.397812616375341E-16
    1.685364658938743E+03    3.763224045422994E+01    2.839943808611573E-16
    1.660983704146777E+03    8.935302959850961E+01   -5.425248115303114E-16
    1.634392894319788E+03    1.339032257032488E+02   -1.492712849210472E-15
    1.617138578797659E+03    1.532113428633394E+02   -2.322027742292615E-15
    1.608080977128940E+03    1.614129993411321E+02   -7.493831926995377E-16
    1.605022290536918E+03    1.674467264111475E+02    2.342557142600669E-16
    1.604723017232988E+03    1.690680877890030E+02    2.360091479591283E-15
    1.606129298413931E+03    1.684718220099434E+02    2.412502883499248E-15
    1.608489175919995E+03    1.678039762778999E+02    1.034690869638137E-15
    1.611725322632665E+03    1.685006259357510E+02   -6.476987622843308E-16
    1.615445565637736E+03    1.703427323094268E+02   -1.088175193121083E-15
    1.624159779562982E+03    1.759979672026509E+02    6.539775516695834E-17
    1.700870304000669E+03   -4.262929821429159E-05   -1.831187735386049E-16
    1.700871461533060E+03   -2.992486220480714E-03   -4.538884551561741E-16
    1.700871700308424E+03   -1.488777279889464E-03   -1.493689766337982E-15
    1.700861143934662E+03    2.276327063383278E-02   -8.304950012391645E-16
    1.700858580656314E+03    2.667508498262893E-02   -9.187678313693988E-16
    1.700904315544658E+03   -1.044860647148211E-01   -9.472113820682973E-16
    1.700989451134957E+03   -2.983111959099297E-01   -1.006261456717794E-15
    1.700923417106118E+03    1.743540773894535E-01   -8.766171790484254E-16
    1.700128303862840E+03    2.311117956032940E+00   -6.628211483428665E-16
    1.697372503941345E+03    9.342662726219077E+00   -1.581542775333418E-15
    1.688460345500967E+03    3.035300798598832E+01   -1.128932158756384E-15
    1.666933170620844E+03    7.664601454533900E+01    5.664572345935106E-16
    1.639885483788131E+03    1.266728946845256E+02    5.498255875485552E-16
    1.620417548070476E+03    1.524760051575057E+02   -4.961966160797185E-16
    1.610131267900034E+03    1.653721562793641E+02   -5.178326393255034E-16
    1.606250783297892E+03    1.711551973762814E+02   -3.885252334638602E-16
    1.605685704110214E+03    1.767315998688747E+02   -1.571682468791683E-17
    1.606589567395451E+03    1.784555857007676E+02    1.506969936401855E-16
    1.609171551776439E+03    1.793307996107646E+02    1.472440511651748E-15
    1.612494420421644E+03    1.797464821689336E+02   -1.696044303443659E-16
    1.619613900392426E+03    1.832434235645949E+02   -8.849377600522087E-16
    1.700870215473568E+03    2.987352988576458E-04   -1.174101322373216E-17
    1.700870277211651E+03   -3.640836524697740E-05   -1.877764638608193E-17
    1.700871730365532E+03   -3.469280454386233E-03    3.737451571482647E-16
    1.700871638027960E+03   -1.357302746788950E-03   -7.170950730755496E-16
    1.700861297003288E+03    2.226002629360858E-02   -9.726676221688443E-17
    1.700857544539919E+03    2.676530150374762E-02    2.148466549616863E-16
    1.700899647269433E+03   -8.204715731828648E-02   -4.403471184517086E-16
    1.700973880100631E+03   -2.788446389173326E-01   -2.010601990967548E-16
    1.700958239573889E+03    4.013994704759241E-02    7.906681028242199E-17
    1.700381072951509E+03    1.642479758546466E+00    4.877103797912781E-16
    1.698355508184876E+03    6.768641452286785E+00    2.547405990675393E-16
    1.692252869828000E+03    2.146526750976885E+01   -4.461170287349006E-16
    1.675910076370768E+03    5.783246661283639E+01    5.594033795327430E-17
    1.650175169509559E+03    1.094043404089773E+02   -9.009798600387549E-16
    1.627958473966542E+03    1.465152591668673E+02   -3.069771127327465E-17
    1.614994138481886E+03    1.649750716145811E+02   -1.718308451717974E-15
    1.609497713112863E+03    1.755364730442914E+02   -3.187074348997621E-16
    1.608266844212609E+03    1.806913890852426E+02   -4.209358038319416E-16
    1.608918156088811E+03    1.862096435411379E+02   -1.283711686494566E-15
    1.610832397503669E+03    1.889713730590366E+02    1.020689653306189E-15
    1.616562398952918E+03    1.935220712277116E+02    1.806194171987804E-16
    1.700870364403406E+03    4.977753015747267E-05   -1.623678844249053E-17
    1.700870153530815E+03    4.588742754891968E-04   -1.551672533485936E-16
    1.700870301343541E+03   -6.790627356524135E-05    1.489815095320014E-16
    1.700871818625453E+03   -3.308106388020355E-03    4.743803800905288E-16
    1.700871491769398E+03   -1.653375126911300E-03    2.735201777257900E-16
    1.700862698208846E+03    1.932719524846038E-02   -1.970075929653682E-17
    1.700857178354284E+03    2.594344965046128E-02    7.224370155768458E-16
    1.700891360798233E+03   -5.190971536289934E-02   -6.759018175440747E-17
    1.700953184527040E+03   -2.366206758953797E-01   -1.311972166935799E-16
    1.700977928638087E+03   -9.878767853471966E-02    1.027738487174769E-15
    1.700639517600516E+03    9.557373404808198E-01    1.112094947337937E-15
    1.699330596901899E+03    4.243081108469604E+00    1.074244717619882E-15
    1.695601516187289E+03    1.341533311880011E+01    8.919788935687594E-16
    1.685451210221334E+03    3.704854969637598E+01    5.008063567582543E-16
    1.665504738745395E+03    8.019957417062268E+01    3.154754679171842E-16
    1.641518885435996E+03    1.272011274682666E+02    3.450195634368544E-16
    1.624908908018652E+03    1.578491884133073E+02   -1.844801790073320E-15
    1.615696342706392E+03    1.737447391620217E+02   -6.594821492772712E-16
    1.613207740396240E+03    1.843669507721296E+02   -1.113133203959032E-16
    1.613081050347759E+03    1.892217485836302E+02   -1.571956255063524E-15
    1.616420147170606E+03    1.973511936782117E+02   -1.229903455600831E-16
    1.700870388943883E+03   -4.474189743411597E-05   -1.584851529167416E-16
    1.700870365164593E+03    3.771150096819108E-05   -1.865986497974309E-16
    1.700870136698380E+03    4.607456317132429E-04    7.595274002026931E-17
    1.700870341881785E+03   -7.739386639891516E-05    1.750990228091174E-16
    1.700871677574647E+03   -2.813588136605782E-03   -3.251680545875227E-16
    1.700871335412443E+03   -1.955301166855601E-03   -2.125483236876350E-16
    1.700864893365793E+03    1.425077116756786E-02    2.192104865873410E-16
    1.700858226831476E+03    2.453175567299013E-02    3.085412584220836E-16
    1.700880216201755E+03   -2.495203772670779E-02   -1.161639452573674E-16
    1.700933958945134E+03   -1.699034575482909E-01   -8.405081498861150E-16
    1.700969963772887E+03   -1.921567480585626E-01   -6.776737443123637E-16
    1.700830464270523E+03    3.964469280532040E-01   -7.513820661991767E-16
    1.700108440357340E+03    2.264493004936539E+00   -1.243268354285816E-15
    1.698037325190847E+03    7.399560502717258E+00   -5.991232582479651E-17
    1.692915499835461E+03    1.980474548175936E+01    3.256989643073349E-16
    1.681034709302637E+03    4.733761633260210E+01    1.078872519630996E-15
    1.662220908090018E+03    8.985525446376958E+01    1.717982275204926E-15
    1.640964492760400E+03    1.318094122787120E+02    1.804839385901284E-15
    1.629828441008617E+03    1.627078744725330E+02    1.073291547380226E-15
    1.620187834205562E+03    1.774544583459824E+02    1.274592100249555E-16
    1.621127424672274E+03    1.936096990757009E+02    4.049449000036320E-16
    1.700870368309818E+03   -7.535514606110992E-06   -2.403817891354907E-16
    1.700870395576319E+03   -5.478956657802460E-05    2.178747022432506E-17
    1.700870353933889E+03    3.229190716226164E-05   -2.359374823195074E-16
    1.700870170889885E+03    3.981770590885644E-04    8.112550044702973E-17
    1.700870364789604E+03   -3.922762949715505E-05    4.058383636954181E-16
    1.700871319802147E+03   -2.102762672076803E-03    5.889458889920716E-16
    1.700871362349109E+03   -2.040200426499678E-03   -4.279841624091283E-16
    1.700866951362897E+03    8.510743904715788E-03   -6.599621038887121E-16
    1.700860593259313E+03    2.154668015779669E-02   -9.322448397893846E-16
    1.700870972204124E+03   -5.122829522729525E-03   -4.724759746047160E-16
    1.700912376453646E+03   -1.006568265401079E-01   -3.962042683587366E-16
    1.700951560031468E+03   -2.029863995748576E-01    2.547454675664405E-16
    1.700919360091447E+03    2.481618212415220E-02    8.218774625683201E-16
    1.700603715270476E+03    9.768526640453209E-01    1.018109746956223E-15
    1.699617373489507E+03    3.452316688959244E+00    5.800492621402780E-16
    1.697208951946052E+03    9.439980682461771E+00    1.156284087349407E-16
    1.692003793936339E+03    2.227653345047864E+01    1.206394529210246E-16
    1.681533251928601E+03    4.705810302314502E+01    1.683637923450707E-17
    1.666714857734510E+03    8.553352163191761E+01    4.438547508507507E-17
    1.649074527425425E+03    1.204112408784062E+02    1.612005932302002E-15
    1.637655830070203E+03    1.642482698966061E+02   -5.548556991061137E-16
    1.700870362703921E+03    4.293002237306660E-06    3.369868601112681E-16
    1.700870368989258E+03   -6.731110146882574E-06    1.152260630284049E-16
    1.700870389903550E+03   -4.828948584427675E-05   -6.371214470362276E-17
    1.700870349922405E+03    2.780349141206238E-05    2.027511696249237E-16
    1.700870236266167E+03    2.825076482591218E-04   -2.884951669495438E-17
    1.700870324994273E+03    4.539117552534531E-05   -2.089952354980423E-16
    1.700870998277388E+03   -1.367290045185023E-03    1.539198530053354E-16
    1.700871311727190E+03   -1.976147600954705E-03    2.099405035907179E-16
    1.700868526830593E+03    4.189497259644138E-03    1.283653046093673E-15
    1.700863693577174E+03    1.542268199538359E-02    8.981331641174209E-16
    1.700866186940212E+03    8.272304827962498E-03    8.785849479798124E-16
    1.700890848609926E+03   -4.969344436057938E-02    5.507031189380573E-16
    1.700929610874629E+03   -1.446433568173116E-01    3.190549456398265E-16
    1.700937097049942E+03   -1.413746619846208E-01   -3.100336463090802E-16
    1.700839799978914E+03    2.462208622472268E-01   -6.439696037803921E-16
    1.700449577323682E+03    1.339476294709464E+00   -5.692425355465563E-16
    1.699464197491269E+03    3.843860986966468E+00   -5.629655890120661E-16
    1.697363334330342E+03    9.190193120536719E+00   -1.215103350640171E-15
    1.693329017114017E+03    1.968198152223142E+01   -1.080271805374254E-15
    1.686442638457266E+03    3.683676765277932E+01   -2.213924950420960E-16
    1.672868999194179E+03    7.987570141937225E+01    5.569549882876280E-16
    1.700870364789670E+03    9.016905884697504E-07    1.410942387263099E-17
    1.700870362889145E+03    4.898505347214155E-06    2.580458480063842E-17
    1.700870368799390E+03   -5.677211617870938E-06    2.059877806762156E-16
    1.700870380517522E+03   -3.280081651999289E-05    8.418001174562473E-17
    1.700870359476173E+03    1.327384619479438E-05    2.253292040429383E-16
    1.700870280286095E+03    1.758606613008708E-04   -1.231736163853047E-16
    1.700870307503723E+03    1.202030379472157E-04    1.684712281052836E-16
    1.700870744882464E+03   -8.116163468452037E-04    2.282364728137488E-16
    1.700871064475969E+03   -1.511337343748072E-03   -5.036730696596759E-16
    1.700869764181932E+03    1.244438031176294E-03   -5.604223158534290E-16
    1.700866335784201E+03    9.222771806715825E-03   -1.827899314374372E-16
    1.700865454992819E+03    1.163875532284507E-02   -5.686716201709889E-17
    1.700876143673387E+03   -1.405505206576327E-02    2.163966665493346E-17
    1.700902626271779E+03   -7.864530771295103E-02    4.479932566403239E-16
    1.700928629262459E+03   -1.429172775613739E-01    7.668385837238546E-16
    1.700912192133572E+03   -7.416413892937861E-02    4.850634831476145E-16
    1.700796690411034E+03    3.328634787966941E-01    6.200567613548096E-16
    1.700459297750032E+03    1.294409582207226E+00    5.869689123666465E-16
    1.699702237254823E+03    3.281208000837649E+00   -2.279286819512285E-16
    1.698312998840850E+03    6.981166454803390E+00   -2.923952846438820E-16
    1.694540627245980E+03    1.905871425421966E+01   -2.738293977899093E-16
    1.700870365571115E+03   -3.020203372554301E-07    8.765393260741931E-18
    1.700870364922899E+03    7.848978572052443E-07    1.748577822553208E-16
    1.700870363921965E+03    3.393299665372578E-06   -1.268755976057220E-16
    1.700870367158964E+03   -3.259626377067576E-06   -2.352380521864288E-16
    1.700870374866211E+03   -1.941143411653778E-05   -7.290404121920812E-17
    1.700870365267042E+03   -1.333065921004844E-06   -4.137160472785305E-17
    1.700870313597036E+03    1.064274156605434E-04   -2.160267588933442E-16
    1.700870316240474E+03    1.101571839885748E-04   -4.408626254358530E-16
    1.700870542137303E+03   -3.604550339457733E-04    2.792876986948494E-18
    1.700870829495954E+03   -1.034730835031681E-03   -3.232250375240946E-17
    1.700870362727220E+03   -1.013005067444292E-04   -4.038794197222685E-16
    1.700868444812925E+03    4.233186181656202E-03   -5.069167999327402E-16
    1.700866614242885E+03    9.212820029473384E-03    7.270324781974511E-18
    1.700869351726945E+03    2.945055634705495E-03    2.098376958212333E-16
    1.700882541451615E+03   -2.843940112719426E-02    9.926840677080677E-17
    1.700903261824449E+03   -8.563441744959079E-02    9.976933032076681E-17
    1.700920909210195E+03   -1.201999746369533E-01    9.917670956723792E-16
    1.700896017743319E+03   -6.279043461241862E-02    9.626013350328001E-16
    1.700810429476803E+03    2.785045787491323E-01    1.096022093963775E-15
    1.700623240524047E+03    8.669297892658586E-01    7.464319533258502E-16
    1.699800421686028E+03    3.405889322351107E+00    7.936968443409032E-17
    1.700870365481489E+03   -7.664363213940367E-08   -1.809170369264145E-17
    1.700870365545495E+03   -2.798143170337294E-07   -1.677381620960627E-16
    1.700870365168030E+03    4.776827408000749E-07   -8.864238374084417E-17
    1.700870364546301E+03    1.903666479030807E-06   -2.041246967950398E-16
    1.700870366031797E+03   -9.494662649714655E-07    9.130928161013564E-17
    1.700870371123949E+03   -1.133653158146653E-05    3.185451369397235E-17
    1.700870366986944E+03   -5.303935998437623E-06   -7.588515634407448E-18
    1.700870339051129E+03    5.290395444108787E-05   -1.889866859389620E-16
    1.700870329317199E+03    8.446959937091594E-05   -2.343946895140598E-16
    1.700870427294860E+03   -1.160732770640428E-04    8.115890873832378E-17
    1.700870620166403E+03   -5.622483344498460E-04    1.948451330092103E-16
    1.700870547763862E+03   -5.164595900714821E-04    2.162895851381037E-16
    1.700869731491838E+03    1.363697348255654E-03   -8.426700387987793E-17
    1.700868232842404E+03    4.920296208385767E-03    1.401086547376756E-16
    1.700868035516111E+03    6.805307450827458E-03   -1.062977766346240E-16
    1.700871877590886E+03   -3.743610948380778E-03   -7.250171314568033E-17
    1.700883100072337E+03   -2.797467888464618E-02   -8.618377841258989E-16
    1.700898070177444E+03   -8.325039631704872E-02   -8.026246508470594E-16
    1.700907954832289E+03   -7.756804289914522E-02   -5.944218115663421E-16
    1.700912067925522E+03   -1.485399699096003E-01   -3.505566215659022E-16
    1.700787225892551E+03    3.569073856664551E-01    4.987426005368979E-17
    1.700870365427139E+03    1.257974380084560E-08   -3.053700028549722E-16
    1.700870365459590E+03   -5.237124713120811E-08   -2.749730164874567E-18
    1.700870365500549E+03   -1.613307872746783E-07   -4.668497741067757E-16
    1.700870365328000E+03    1.781936986337182E-07   -3.202524547276795E-16
    1.700870364896959E+03    1.053641546244209E-06   -1.053316419906886E-16
    1.700870365607869E+03    5.279204775338989E-09   -3.344641829728249E-17
    1.700870368368486E+03   -5.910064304797628E-06   -1.412962869798049E-16
    1.700870367139780E+03   -4.966255896504507E-06    9.324758414659164E-17
    1.700870354641549E+03    2.083031876953085E-05   -1.320649593505741E-16
    1.700870342857569E+03    5.204457524056372E-05   -3.478906629019582E-16
    1.700870376931350E+03   -1.019417710212012E-05   -1.252626426333137E-16
    1.700870475557238E+03   -2.423101312524850E-04   -4.555010884263227E-17
    1.700870533448101E+03   -4.152337335730486E-04   -1.680921475145620E-16
    1.700870275936311E+03    5.957607608827214E-05    9.400752198180860E-17
    1.700869552007556E+03    1.940427861476045E-03    3.415526963377271E-16
    1.700868685401883E+03    4.091663707799470E-03    4.320702554289630E-16
    1.700869051580618E+03    4.861719715360764E-03    3.085578731367481E-16
    1.700872379789530E+03   -5.294620285719583E-03    4.269045842518901E-16
    1.700878959693104E+03   -1.916941632876765E-02    6.109877479106340E-16
    1.700892426057348E+03   -6.431881218311268E-02    4.031672206734281E-16
    1.700895008391458E+03   -7.248467673595842E-02    4.550269778401802E-16
    1.700870365428587E+03    3.792663670675742E-09   -2.607620593676765E-17
    1.700870365426475E+03    1.050659301116138E-08   -4.103180261499071E-16
    1.700870365442491E+03   -2.194210015372383E-08   -1.376455803377968E-16
    1.700870365473261E+03   -8.655553172261293E-08    3.745020481248479E-16
    1.700870365390898E+03    3.958018811682503E-08    5.716843105395279E-16
    1.700870365158499E+03    5.488755921463107E-07    6.544981396437702E-16
    1.700870365437784E+03    1.816166912719963E-07    8.019017733313974E-16
    1.700870366683559E+03   -2.445577679273974E-06    5.867769602507572E-16
    1.700870366809673E+03   -3.652867109620434E-06    4.981234127543129E-16
    1.700870361907987E+03    6.137150951472931E-06    3.175784086527159E-16
    1.700870354258443E+03    2.522869857048940E-05    1.203161247992320E-16
    1.700870361018594E+03    1.766175028905029E-05    1.632266782340735E-16
    1.700870400993980E+03   -7.251920041550731E-05   -1.126621482884719E-16
    1.700870457660156E+03   -2.190404681175026E-04   -6.053934975599405E-16
    1.700870426964307E+03   -2.201580752210813E-04   -6.411200298497218E-16
    1.700870187930443E+03    3.700757038784257E-04   -5.001136143512596E-16
    1.700869667825182E+03    1.582441836564898E-03   -1.711831773211216E-16
    1.700869247286834E+03    3.511133299594904E-03    8.742312365443229E-17
    1.700869431598057E+03    2.207313571305841E-03    7.782884553905152E-17
    1.700870953640494E+03    2.269870661208890E-03    5.926211248314142E-16
    1.700877679310614E+03   -2.317115488855351E-02    4.943778674084642E-16
    1.700870365430703E+03   -3.360328291287235E-10    1.521382625191134E-16
    1.700870365429581E+03    1.975729850670904E-09    4.330681163810613E-16
    1.700870365427726E+03    6.000346694163757E-09    4.092679646125958E-16
    1.700870365435299E+03   -6.127317980602910E-09    1.540487625358173E-16
    1.700870365452662E+03   -4.433934077689868E-08   -5.412974746312778E-17
    1.700870365417933E+03    1.751560065698473E-09   -1.448878896016917E-16
    1.700870365313572E+03    2.338586154354249E-07   -3.103662321089868E-16
    1.700870365385600E+03    1.910003493560594E-07   -4.831773339882584E-16
    1.700870365879998E+03   -8.445056949437498E-07   -2.983130869638039E-16
    1.700870366235981E+03   -1.959451792422405E-06   -1.153577881310564E-16
    1.700870364721069E+03    6.282605827466782E-07   -1.850027909159093E-16
    1.700870361081474E+03    9.742433132644903E-06   -4.379114640593104E-16
    1.700870359889038E+03    1.437643590428299E-05   -2.748258352763316E-16
    1.700870372193868E+03   -6.267183751312919E-06    1.414552603787892E-16
    1.700870398906489E+03   -8.432066643423453E-05    2.953235489996771E-16
    1.700870422994249E+03   -1.354509021948140E-04    3.516346480356571E-16
    1.700870378589348E+03   -1.441673210818201E-04    2.660313858539599E-16
    1.700870209194618E+03    4.542694952749581E-04    2.263324580775037E-16
    1.700869959124288E+03    7.789390698903238E-04    6.757543261333763E-17
    1.700869440131419E+03    3.050778560058176E-03   -3.448883473448686E-16
    1.700870099367909E+03    1.251530221054160E-03   -3.654615485414819E-16
    1.700870365430651E+03   -1.093037800521810E-10    2.258175670273022E-16
    1.700870365430749E+03   -3.127262214378638E-10    9.573054258573849E-17
    1.700870365430172E+03    6.340063178247536E-10    3.427921582227702E-17
    1.700870365429045E+03    3.139325482704072E-09   -1.889094824812341E-16
    1.700870365432361E+03   -1.239417107938544E-09    1.504266863006898E-16
    1.700870365439911E+03   -1.922073109301322E-08    3.876552512693289E-17
    1.700870365428787E+03   -6.346447875359288E-09   -2.171422820255526E-16
    1.700870365387986E+03    8.232633876807647E-08   -9.404048819735372E-17
    1.700870365389747E+03    1.218046048936756E-07   -4.276148894572019E-17
    1.700870365559449E+03   -2.070065682548080E-07   -2.164087299338021E-17
    1.700870365788655E+03   -8.451614737505783E-07    5.920906767576971E-18
    1.700870365506607E+03   -4.955489888115497E-07    2.354176439325093E-16
    1.700870364130413E+03    2.470430040502401E-06    3.066644826172421E-16
    1.700870362573985E+03    7.389051509324604E-06    1.045324288070534E-16
    1.700870364301684E+03    5.076004464039015E-06   -1.918532149117719E-16
    1.700870373233488E+03   -1.404483786845366E-05   -2.862573771550854E-16
    1.700870389475688E+03   -6.086642683531185E-05    1.038895142093999E-16
    1.700870395127811E+03   -9.470550768867488E-05    4.082988657530881E-17
    1.700870377757713E+03   -5.171849842436821E-05    1.601258917274404E-17
    1.700870282515167E+03    8.957675830264733E-05   -1.666495249829185E-17
    1.700870087345739E+03    9.011519459678619E-04   -2.307964140541195E-16
    1.700870365430588E+03    8.770977766010914E-12   -1.957786544104468E-16
    1.700870365430622E+03   -4.634328575649992E-11   -7.068024012652502E-17
    1.700870365430686E+03   -1.848926125633766E-10   -1.214356174002230E-17
    1.700870365430427E+03    1.555739705817410E-10    2.016620078010692E-16
    1.700870365429940E+03    1.376503676403202E-09    2.695161918962674E-16
    1.700870365431070E+03   -1.802304593802755E-11   -1.010757162896253E-16
    1.700870365433982E+03   -6.758052159231063E-09   -2.431710012971899E-16
    1.700870365431626E+03   -6.037439994546049E-09   -1.003407847600029E-16
    1.700870365417396E+03    2.396800846286165E-08   -4.731449836350728E-17
    1.700870365408621E+03    5.653768373881487E-08   -2.054366366379383E-16
    1.700870365453972E+03   -1.691080259754758E-08    1.444284649912345E-16
    1.700870365554655E+03   -2.790017588168061E-07    4.593699062527799E-16
    1.700870365571660E+03   -4.000009111547665E-07    1.775705943639196E-16
    1.700870365192983E+03    2.212505860520690E-07   -1.328025742921539E-16
    1.700870364469897E+03    2.475360168992903E-06   -2.685689050858058E-16
    1.700870363966742E+03    3.553102003425700E-06   -5.358252327693346E-16
    1.700870365749741E+03    3.185705750339618E-06   -8.099586637314515E-16
    1.700870370954611E+03   -1.647311032972482E-05   -5.101794127685431E-16
    1.700870377623859E+03   -2.268718019916655E-05   -2.135191252638978E-16
    1.700870389806314E+03   -9.151422997227242E-05   -2.801980207068066E-16
    1.700870358297752E+03    4.337400625002406E-06   -1.145087952966908E-16
    1.700870365430591E+03    2.106451145174513E-12    1.905038070989491E-16
    1.700870365430588E+03    8.429336829783803E-12    2.627250879218308E-16
    1.700870365430605E+03   -1.313488053489081E-11    2.794540683714780E-16
    1.700870365430633E+03   -8.590602683943569E-11    1.113406295938327E-16
    1.700870365430541E+03    2.741147763335478E-11    5.581845866245713E-17
    1.700870365430361E+03    4.891574118132384E-10    1.987648609664576E-16
    1.700870365430654E+03    2.128281536482252E-10    6.509387073501182E-17
    1.700870365431652E+03   -2.021157179841811E-09   -1.448825733667262E-16
    1.700870365431569E+03   -3.160721724619106E-09    1.189256187003543E-16
    1.700870365427360E+03    4.645148560121316E-09    5.640629392815162E-17
    1.700870365421979E+03    2.112033227475384E-08    2.064675864711536E-16
    1.700870365429255E+03    1.242725415965231E-08    9.973167380666823E-17
    1.700870365463468E+03   -5.773013730354730E-08    2.405418954312083E-16
    1.700870365497123E+03   -1.872317527156547E-07    4.843291406192924E-16
    1.700870365447926E+03   -9.695561147607007E-08    7.443242084203481E-16
    1.700870365218869E+03    3.258609362290907E-07    6.608108413099094E-16
    1.700870364845594E+03    1.638398361420104E-06    6.198143840923237E-16
    1.700870364852207E+03    1.872599666275306E-06    5.839921144463066E-16
    1.700870365410990E+03    1.127851199695593E-06    5.498188116757548E-17
    1.700870368430498E+03   -5.127402123067034E-06    1.859815354431207E-16
    1.700870372247434E+03   -2.332640711462736E-05   -1.027298285557590E-16
    1.700870365430593E+03   -2.390731582415713E-13    8.015374541964546E-19
    1.700870365430592E+03    7.904530940387962E-13    8.949650507640757E-19
    1.700870365430590E+03    4.458170183613623E-12   -1.648920046462862E-16
    1.700870365430596E+03   -2.996527626931725E-12   -2.285969763938362E-16
    1.700870365430606E+03   -3.104303334170440E-11   -2.457373747234511E-16
    1.700870365430582E+03   -2.731032598977804E-12   -9.190406300546926E-17
    1.700870365430520E+03    1.442681817273116E-10   -2.925316618784945E-17
    1.700870365430570E+03    1.497437388169066E-10   -1.952385933146562E-17
    1.700870365430873E+03   -4.792451169732159E-10   -1.707073550585126E-16
    1.700870365431058E+03   -1.250989749120168E-09    9.040566942761323E-17
    1.700870365430105E+03    1.977254350988694E-10    1.885655873634731E-16
    1.700870365427991E+03    5.763957284719326E-09    5.335871503955812E-17
    1.700870365427714E+03    8.903070658785772E-09   -1.383118768273277E-16
    1.700870365435794E+03   -4.299011828925062E-09    1.048120518772623E-16
    1.700870365450648E+03   -5.144921168885992E-08    3.949593036251577E-17
    1.700870365459603E+03   -7.524301673026803E-08   -1.575510727184027E-16
    1.700870365416448E+03   -5.918445033009386E-08   -3.741423546840946E-16
    1.700870365306713E+03    3.750730762139708E-07   -1.615135277821396E-16
    1.700870365171336E+03    4.809889591779988E-07   -2.362117276663370E-16
    1.700870364967308E+03    1.967537152745164E-06   -1.018992847379675E-16
    1.700870365783636E+03   -6.926727612715318E-07    9.527236223113118E-17
    1.700870365430593E+03   -2.745077605987570E-14   -1.236149983135808E-16
    1.700870365430593E+03   -1.563007179566673E-13    3.900930207726396E-16
    1.700870365430593E+03    1.191743478060092E-13    1.757746879562534E-16
    1.700870365430592E+03    1.630727203255308E-12    3.800749517149089E-16
    1.700870365430594E+03    1.661083238304463E-13    4.557393680390385E-16
    1.700870365430597E+03   -8.395929757321443E-12    3.586625088434384E-16
    1.700870365430593E+03   -6.936926610465530E-12    6.003142677328349E-16
    1.700870365430576E+03    3.161008751176377E-11    4.837211972238804E-16
    1.700870365430572E+03    6.494508076974982E-11   -7.294895112626655E-16
    1.700870365430642E+03   -4.850272162353702E-11   -1.067715583245676E-15
    1.700870365430745E+03   -3.675265253143241E-10   -1.075444302534821E-15
    1.700870365430653E+03   -3.267680284611888E-10   -1.363678328490651E-15
    1.700870365430070E+03    7.604538959481400E-10   -1.318952179196767E-15
    1.700870365429424E+03    3.356408639600112E-09   -9.874650373003679E-16
    1.700870365430089E+03    2.302230177225710E-09   -5.671013917699592E-16
    1.700870365433945E+03   -3.679141755377410E-09   -5.212465466332939E-16
    1.700870365440561E+03   -2.879676352495297E-08   -1.173588071283273E-16
    1.700870365440431E+03   -3.282947355542321E-08   -8.308704661991726E-16
    1.700870365431779E+03   -2.821514592058183E-08   -1.150031832662793E-15
    1.700870365375440E+03    8.887675177565056E-08   -1.727884088714701E-15
    1.700870365314330E+03    4.192264986887743E-07   -2.121953566953440E-15
SCALARS temperature double 1
LOOKUP_TABLE default
    2.078882600228502E+03
    2.078895698569997E+03
    2.078969281391710E+03
    2.078977127938004E+03
    2.078973924178810E+03
    2.078973236146571E+03
    2.078973170796078E+03
    2.078973183451307E+03
    2.078973194641543E+03
    2.078973199376395E+03
    2.078973201198040E+03
    2.078973201955211E+03
    2.078973202288794E+03
    2.078973202439323E+03
    2.078973202511958E+03
    2.078973202437801E+03
    2.078973204275627E+03
    2.078973177942622E+03
    2.078973496796931E+03
    2.078971002307667E+03
    2.078963755936659E+03
    2.075111895591967E+03
    2.075130707110646E+03
    2.075206909270590E+03
    2.075217825726824E+03
    2.075215158281861E+03
    2.075214480363663E+03
    2.075214405166486E+03
    2.075214421272850E+03
    2.075214436443575E+03
    2.075214443136515E+03
    2.075214445792159E+03
    2.075214446914175E+03
    2.075214447412697E+03
    2.075214447639146E+03
    2.075214447749214E+03
    2.075214447654186E+03
    2.075214450007321E+03
    2.075214418166346E+03
    2.075214781145195E+03
    2.075212134188609E+03
    2.075203619472461E+03
    2.067508227863443E+03
    2.067581704716717E+03
    2.067659750070892E+03
    2.067675405816804E+03
    2.067673807819210E+03
    2.067673200972702E+03
    2.067673117502122E+03
    2.067673140417544E+03
    2.067673162588074E+03
    2.067673172765985E+03
    2.067673176932210E+03
    2.067673178722308E+03
    2.067673179524793E+03
    2.067673179891855E+03
    2.067673180071534E+03
    2.067673179943340E+03
    2.067673183142471E+03
    2.067673142753508E+03
    2.067673568811832E+03
    2.067670749767695E+03
    2.067661007304082E+03
    2.055521689785029E+03
    2.055718755820661E+03
    2.055796202684214E+03
    2.055818098288975E+03
    2.055818306586161E+03
    2.055817898758581E+03
    2.055817820730571E+03
    2.055817856636759E+03
    2.055817890138427E+03
    2.055817906006372E+03
    2.055817912691101E+03
    2.055817915610688E+03
    2.055817916931475E+03
    2.055817917539933E+03
    2.055817917839721E+03
    2.055817917666068E+03
    2.055817922105831E+03
    2.055817870066211E+03
    2.055818373321169E+03
    2.055815413175505E+03
    2.055804741683273E+03
    2.039102882412840E+03
    2.039458729952222E+03
    2.039533403606536E+03
    2.039563546504379E+03
    2.039566553860703E+03
    2.039566548987653E+03
    2.039566506859150E+03
    2.039566567990053E+03
    2.039566620325115E+03
    2.039566645647910E+03
    2.039566656590917E+03
    2.039566661445290E+03
    2.039566663661559E+03
    2.039566664689973E+03
    2.039566665199721E+03
    2.039566664964739E+03
    2.039566671266644E+03
    2.039566602784853E+03
    2.039567206681837E+03
    2.039564112948154E+03
    2.039552165042187E+03
    2.018368217768912E+03
    2.018915679216065E+03
    2.018984259600262E+03
    2.019024616190590E+03
    2.019031724689813E+03
    2.019032457716535E+03
    2.019032515544244E+03
    2.019032624281206E+03
    2.019032707446353E+03
    2.019032748182629E+03
    2.019032766187260E+03
    2.019032774294586E+03
    2.019032778030779E+03
    2.019032779777534E+03
    2.019032780648304E+03
    2.019032780339217E+03
    2.019032789344009E+03
    2.019032698639310E+03
    2.019033426428929E+03
    2.019030238151636E+03
    2.019016604736591E+03
    1.993377748218781E+03
    1.994153111005167E+03
    1.994210772328261E+03
    1.994263055827545E+03
    1.994275917122079E+03
    1.994277906816350E+03
    1.994278183770432E+03
    1.994278379740892E+03
    1.994278512953512E+03
    1.994278578526028E+03
    1.994278608093708E+03
    1.994278621602853E+03
    1.994278627888876E+03
    1.994278630850967E+03
    1.994278632335931E+03
    1.994278631952519E+03
    1.994278644784033E+03
    1.994278525101646E+03
    1.994279397013319E+03
    1.994276201201581E+03
    1.994260474372800E+03
    1.964217039307169E+03
    1.965261369575299E+03
    1.965301678471141E+03
    1.965367037666141E+03
    1.965387626999195E+03
    1.965391628849156E+03
    1.965392328763608E+03
    1.965392679606209E+03
    1.965392893386090E+03
    1.965392998551285E+03
    1.965393046824326E+03
    1.965393069195504E+03
    1.965393079710086E+03
    1.965393084706140E+03
    1.965393087225067E+03
    1.965393086799300E+03
    1.965393104925816E+03
    1.965392948752812E+03
    1.965393978230649E+03
    1.965390921646047E+03
    1.965372695260040E+03
    1.931035439509653E+03
    1.932395558333062E+03
    1.932410553260192E+03
    1.932489198325415E+03
    1.932519709279745E+03
    1.932526758226396E+03
    1.932528206442085E+03
    1.932528823058884E+03
    1.932529165125499E+03
    1.932529332656441E+03
    1.932529410783394E+03
    1.932529447496635E+03
    1.932529464932702E+03
    1.932529473290780E+03
    1.932529477529502E+03
    1.932529477162422E+03
    1.932529502444668E+03
    1.932529302022039E+03
    1.932530490820981E+03
    1.932527788252718E+03
    1.932506683440981E+03
    1.894054069338824E+03
    1.895782935756051E+03
    1.895763428217156E+03
    1.895854253386239E+03
    1.895896896425077E+03
    1.895908321694338E+03
    1.895911005186175E+03
    1.895912061593709E+03
    1.895912604940246E+03
    1.895912869321163E+03
    1.895912994356920E+03
    1.895913053916889E+03
    1.895913082510534E+03
    1.895913096345239E+03
    1.895913103404228E+03
    1.895913103330177E+03
    1.895913138040642E+03
    1.895912886238402E+03
    1.895914218862277E+03
    1.895912154499832E+03
    1.895887856759672E+03
    1.853567769940207E+03
    1.855723966082413E+03
    1.855660063348856E+03
    1.855760349985043E+03
    1.855817060323636E+03
    1.855834453329617E+03
    1.855839056280842E+03
    1.855840812880859E+03
    1.855841666136234E+03
    1.855842078418733E+03
    1.855842275858104E+03
    1.855842371162019E+03
    1.855842417429448E+03
    1.855842440036362E+03
    1.855842451645276E+03
    1.855842452336542E+03
    1.855842499136794E+03
    1.855842190688811E+03
    1.855843629106024E+03
    1.855842547973867E+03
    1.855814847512342E+03
    1.809942660723772E+03
    1.812588838309518E+03
    1.812470638417464E+03
    1.812575925048645E+03
    1.812648015264075E+03
    1.812673136872321E+03
    1.812680560611013E+03
    1.812683387895032E+03
    1.812684707596159E+03
    1.812685341443363E+03
    1.812685648443366E+03
    1.812685798562522E+03
    1.812685872285188E+03
    1.812685908681208E+03
    1.812685927497769E+03
    1.812685929824892E+03
    1.812685991696243E+03
    1.812685624688431E+03
    1.812687104590641E+03
    1.812687392629103E+03
    1.812656221119235E+03
    1.763608737743099E+03
    1.766809068093501E+03
    1.766627408128694E+03
    1.766731583436491E+03
    1.766819402784432E+03
    1.766854029556534E+03
    1.766865385298597E+03
    1.766869783264268E+03
    1.766871786998077E+03
    1.766872745749729E+03
    1.766873215026872E+03
    1.766873447423460E+03
    1.766873562910827E+03
    1.766873620546125E+03
    1.766873650557747E+03
    1.766873656021595E+03
    1.766873736158182E+03
    1.766873313571507E+03
    1.766874743399138E+03
    1.766876797404406E+03
    1.766842253203111E+03
    1.715048259762618E+03
    1.718864976804698E+03
    1.718612137208185E+03
    1.718707762499101E+03
    1.718810435455675E+03
    1.718856162887735E+03
    1.718872729720196E+03
    1.718879337527805E+03
    1.718882316272097E+03
    1.718883740643486E+03
    1.718884444955649E+03
    1.718884798124100E+03
    1.718884975769718E+03
    1.718885065432486E+03
    1.718885112478238E+03
    1.718885123528883E+03
    1.718885225224833E+03
    1.718884756248954E+03
    1.718886019820827E+03
    1.718890211202732E+03
    1.718852566021437E+03
    1.664781082659097E+03
    1.669270424562969E+03
    1.668940668848958E+03
    1.669019476587781E+03
    1.669134780564296E+03
    1.669192817371258E+03
    1.669215966101403E+03
    1.669225557540727E+03
    1.669229885242145E+03
    1.669231961102398E+03
    1.669232998170179E+03
    1.669233524671473E+03
    1.669233792809181E+03
    1.669233929741352E+03
    1.669234002171979E+03
    1.669234022627893E+03
    1.669234149207598E+03
    1.669233650063034E+03
    1.669234612835833E+03
    1.669241251143620E+03
    1.669200934395323E+03
    1.613348296569759E+03
    1.618556233976825E+03
    1.618146108220942E+03
    1.618199583045189E+03
    1.618323993256626E+03
    1.618394987151916E+03
    1.618426080382521E+03
    1.618439543652461E+03
    1.618445682386639E+03
    1.618448648038607E+03
    1.618450145760712E+03
    1.618450915625708E+03
    1.618451312698160E+03
    1.618451517944331E+03
    1.618451627441715E+03
    1.618451663022818E+03
    1.618451817874151E+03
    1.618451311974075E+03
    1.618451830118653E+03
    1.618461132574816E+03
    1.618418694311254E+03
    1.561295491159914E+03
    1.567253678889484E+03
    1.566762042327249E+03
    1.566781977089121E+03
    1.566910867977720E+03
    1.566994796724310E+03
    1.567035082822091E+03
    1.567053387064499E+03
    1.567061887054593E+03
    1.567066039612273E+03
    1.567068161501954E+03
    1.567069266025724E+03
    1.567069843104134E+03
    1.567070145131344E+03
    1.567070307718759E+03
    1.567070366711120E+03
    1.567070553480429E+03
    1.567070070918665E+03
    1.567070001776151E+03
    1.567082073675558E+03
    1.567038131610219E+03
    1.509156841031609E+03
    1.515879208809763E+03
    1.515307014115778E+03
    1.515285948033106E+03
    1.515413908939897E+03
    1.515510053576624E+03
    1.515560574046852E+03
    1.515584728512807E+03
    1.515596223554362E+03
    1.515601924354747E+03
    1.515604875259694E+03
    1.515606431288654E+03
    1.515607255030918E+03
    1.515607691685654E+03
    1.515607928978078E+03
    1.515608023058736E+03
    1.515608246056064E+03
    1.515607822568594E+03
    1.515607034849314E+03
    1.515621863212745E+03
    1.515577042397010E+03
    1.457440985831200E+03
    1.464921306278412E+03
    1.464271180872748E+03
    1.464202662331846E+03
    1.464323867486200E+03
    1.464430864542645E+03
    1.464492390282210E+03
    1.464523403638479E+03
    1.464538603618997E+03
    1.464546283000427E+03
    1.464550315328420E+03
    1.464552470237782E+03
    1.464553626434556E+03
    1.464554247343205E+03
    1.464554588112481E+03
    1.464554733380520E+03
    1.464554998230724E+03
    1.464554673894476E+03
    1.464553056208527E+03
    1.464570516433791E+03
    1.464525390971663E+03
    1.406619418062296E+03
    1.414830075164385E+03
    1.414105768717632E+03
    1.413984426622797E+03
    1.414092997616016E+03
    1.414208950809357E+03
    1.414281954858967E+03
    1.414320801536020E+03
    1.414340484332691E+03
    1.414350646414970E+03
    1.414356067219509E+03
    1.414359004864943E+03
    1.414360602787680E+03
    1.414361472352446E+03
    1.414361954513418E+03
    1.414362172797260E+03
    1.414362487365388E+03
    1.414362305345678E+03
    1.414359772159513E+03
    1.414379645331165E+03
    1.414334690246542E+03
    1.357117823299337E+03
    1.366009865253329E+03
    1.365215631264328E+03
    1.365037069057202E+03
    1.365127380301074E+03
    1.365250003668049E+03
    1.365334669499358E+03
    1.365382267660148E+03
    1.365407272592762E+03
    1.365420500795619E+03
    1.365427680134550E+03
    1.365431628116861E+03
    1.365433805936226E+03
    1.365435007124483E+03
    1.365435680282973E+03
    1.365436000822029E+03
    1.365436376445195E+03
    1.365436382086230E+03
    1.365432876790999E+03
    1.365454874144887E+03
    1.365410432925460E+03
    1.309310559010091E+03
    1.318814967861483E+03
    1.317954946536710E+03
    1.317715488416950E+03
    1.317782385262465E+03
    1.317909149560857E+03
    1.318005407108110E+03
    1.318062609794109E+03
    1.318093834132304E+03
    1.318110798038752E+03
    1.318120178982523E+03
    1.318125417574718E+03
    1.318128349154055E+03
    1.318129988320625E+03
    1.318130917060253E+03
    1.318131378690183E+03
    1.318131831765387E+03
    1.318132072259886E+03
    1.318127567557203E+03
    1.318151358341006E+03
    1.318107628696931E+03
    1.263518203134627E+03
    1.273548186321924E+03
    1.272625844967129E+03
    1.272322173926080E+03
    1.272361087874295E+03
    1.272489348959527E+03
    1.272596926676661E+03
    1.272664524903423E+03
    1.272702923974904E+03
    1.272724387832280E+03
    1.272736498369784E+03
    1.272743371418927E+03
    1.272747274801888E+03
    1.272749487818146E+03
    1.272750755939304E+03
    1.272751409943321E+03
    1.272751963950058E+03
    1.272752488753471E+03
    1.272746984925227E+03
    1.272772224328133E+03
    1.272729262015282E+03
    1.220008020802094E+03
    1.230461703738129E+03
    1.229479542517519E+03
    1.229108279894835E+03
    1.229115230409230E+03
    1.229242329617148E+03
    1.229360809636122E+03
    1.229439544156224E+03
    1.229486134654736E+03
    1.229512967388097E+03
    1.229528434270940E+03
    1.229537362301882E+03
    1.229542510202320E+03
    1.229545470190620E+03
    1.229547186150117E+03
    1.229548099973599E+03
    1.229548788048500E+03
    1.229549650145142E+03
    1.229543171956288E+03
    1.229569526593934E+03
    1.229527265173130E+03
    1.178997366773648E+03
    1.189759035352489E+03
    1.188719352674636E+03
    1.188276635036980E+03
    1.188248108829655E+03
    1.188371446174924E+03
    1.188500310131516E+03
    1.188590887237551E+03
    1.188646752507988E+03
    1.188679938655343E+03
    1.188699502941242E+03
    1.188710998547360E+03
    1.188717731104624E+03
    1.188721658085160E+03
    1.188723961915605E+03
    1.188725223976569E+03
    1.188726092200439E+03
    1.188727350298317E+03
    1.188719943315189E+03
    1.188747112648761E+03
    1.188705395926304E+03
    1.140659510094134E+03
    1.151596869410897E+03
    1.150504778501741E+03
    1.149985875703812E+03
    1.149918589775729E+03
    1.150035670911661E+03
    1.150174324910714E+03
    1.150277430639486E+03
    1.150343725928678E+03
    1.150384376384933E+03
    1.150408910065976E+03
    1.150423595447343E+03
    1.150432335409871E+03
    1.150437508145624E+03
    1.150440580151207E+03
    1.150442306010910E+03
    1.150443417611393E+03
    1.150445139341882E+03
    1.150436866396303E+03
    1.150464599199822E+03
    1.150423222743897E+03
    1.105132329468642E+03
    1.116083911295769E+03
    1.114955781274939E+03
    1.114354771731945E+03
    1.114245365222805E+03
    1.114353805577329E+03
    1.114501573261655E+03
    1.114617879241092E+03
    1.114695833920422E+03
    1.114745194719423E+03
    1.114775717303126E+03
    1.114794343460970E+03
    1.114805613770548E+03
    1.114812384019938E+03
    1.114816455534333E+03
    1.114818795711921E+03
    1.114820236422050E+03
    1.114822502639873E+03
    1.114813441101756E+03
    1.114841546549154E+03
    1.114800304743533E+03
    1.072521872924940E+03
    1.083282615421690E+03
    1.082156383753560E+03
    1.081465851752801E+03
    1.081310574093356E+03
    1.081408029702192E+03
    1.081564102907039E+03
    1.081694255649751E+03
    1.081785168082741E+03
    1.081844624558227E+03
    1.081882317758846E+03
    1.081905784327248E+03
    1.081920227750851E+03
    1.081929036973283E+03
    1.081934403403190E+03
    1.081937553111427E+03
    1.081939437948633E+03
    1.081942348247932E+03
    1.081932588738708E+03
    1.081960941897229E+03
    1.081919676952215E+03
    1.042870565443231E+03
    1.053244603261344E+03
    1.052157015069646E+03
    1.051367692245379E+03
    1.051162114424882E+03
    1.051246129498099E+03
    1.051409468998742E+03
    1.051554052944858E+03
    1.051659272149646E+03
    1.051730344704205E+03
    1.051776562509596E+03
    1.051805936486255E+03
    1.051824336450684E+03
    1.051835734725472E+03
    1.051842770964448E+03
    1.051846981992162E+03
    1.051849463726003E+03
    1.051853143290534E+03
    1.051842790484016E+03
    1.051871332139398E+03
    1.051829981175081E+03
    1.016081361558131E+03
    1.026094044641495E+03
    1.024975156993406E+03
    1.024075652296260E+03
    1.023814402916254E+03
    1.023882185685508E+03
    1.024051374892830E+03
    1.024210838709632E+03
    1.024331725793605E+03
    1.024416052395204E+03
    1.024472322824522E+03
    1.024508853611366E+03
    1.024532154745250E+03
    1.024546821243902E+03
    1.024555999306263E+03
    1.024561594159490E+03
    1.024564873709990E+03
    1.024569481588645E+03
    1.024558657760403E+03
    1.024587388778262E+03
    1.024546025191407E+03
    9.921115240932781E+02
    1.001828392474622E+03
    1.000594132376553E+03
    9.995714052541491E+02
    9.992479603115391E+02
    9.992960727372449E+02
    9.994691486331229E+02
    9.996436851573790E+02
    9.997815473229012E+02
    9.998808471711623E+02
    9.999488612600832E+02
    9.999939885835065E+02
    1.000023314722630E+03
    1.000042078530812E+03
    1.000053986916885E+03
    1.000061375141676E+03
    1.000065714081964E+03
    1.000071452928968E+03
    1.000060304852844E+03
    1.000089275848200E+03
    1.000048141993776E+03
    9.709751983061213E+02
    9.803067948352336E+02
    9.789617989920957E+02
    9.778021520277655E+02
    9.774087151366817E+02
    9.774326309005918E+02
    9.776069358851275E+02
    9.777963093191858E+02
    9.779523003689907E+02
    9.780683133623579E+02
    9.781498965594967E+02
    9.782052471872364E+02
    9.782419138525611E+02
    9.782657733074315E+02
    9.782811371730832E+02
    9.782908335100215E+02
    9.782965687206614E+02
    9.783036959765636E+02
    9.782924055618951E+02
    9.783217035041225E+02
    9.782812317463702E+02
    9.525729603772864E+02
    9.614240841412444E+02
    9.599905012364118E+02
    9.586804591760424E+02
    9.582080014744088E+02
    9.582015706860093E+02
    9.583736375750299E+02
    9.585769574214364E+02
    9.587519410260837E+02
    9.588863389842231E+02
    9.589834004882233E+02
    9.590507694047852E+02
    9.590962871700519E+02
    9.591264252408154E+02
    9.591461259354901E+02
    9.591587696053804E+02
    9.591663299310767E+02
    9.591751703600709E+02
    9.591639690683870E+02
    9.591937033616060E+02
    9.591545211565060E+02
    9.367492338441571E+02
    9.450582049550485E+02
    9.435580219527923E+02
    9.420854846475685E+02
    9.415238983813686E+02
    9.414789641823468E+02
    9.416443546624679E+02
    9.418598052910090E+02
    9.420541805965954E+02
    9.422084486985416E+02
    9.423229056049094E+02
    9.424042177028093E+02
    9.424602826453635E+02
    9.424980753822284E+02
    9.425231674153960E+02
    9.425395414417854E+02
    9.425494659395825E+02
    9.425604253846877E+02
    9.425496120200851E+02
    9.425799031506829E+02
    9.425428189741643E+02
    9.233155953564888E+02
    9.310543989296697E+02
    9.295100084150164E+02
    9.278659773912946E+02
    9.272043040788517E+02
    9.271106879084259E+02
    9.272637195002053E+02
    9.274882705231752E+02
    9.277017634884327E+02
    9.278770536542791E+02
    9.280107291416847E+02
    9.281079786738122E+02
    9.281764464132083E+02
    9.282234612651548E+02
    9.282551843483592E+02
    9.282762334298203E+02
    9.282891904881834E+02
    9.283027706435427E+02
    9.282927316788075E+02
    9.283237053482994E+02
    9.282896796323848E+02
    9.120600407507538E+02
    9.192282935899811E+02
    9.176644547697489E+02
    9.158451762966383E+02
    9.150720304860253E+02
    9.149177717797347E+02
    9.150512042441051E+02
    9.152803576857174E+02
    9.155117847497785E+02
    9.157087455698811E+02
    9.158632430856190E+02
    9.159784098652517E+02
    9.160612504520786E+02
    9.161192313063341E+02
    9.161590148080550E+02
    9.161858598605319E+02
    9.162026661013439E+02
    9.162194799818237E+02
    9.162107112599692E+02
    9.162425001165614E+02
    9.162126127052462E+02
    9.027552415941667E+02
    9.093751335718778E+02
    9.078170546505511E+02
    9.058274087252011E+02
    9.049317347699107E+02
    9.047034584478973E+02
    9.048081498461146E+02
    9.050358264141740E+02
    9.052828392512531E+02
    9.055014283667189E+02
    9.056779859267702E+02
    9.058129291217448E+02
    9.059121610411621E+02
    9.059829970911898E+02
    9.060324540134613E+02
    9.060664010928706E+02
    9.060880385251874E+02
    9.061088260812940E+02
    9.061019545596835E+02
    9.061347087460215E+02
    9.061101310486299E+02
    8.951676866059478E+02
    9.012820817882704E+02
    8.997461271458525E+02
    8.976056910575394E+02
    8.965778617823541E+02
    8.962613445880793E+02
    8.963257914459164E+02
    8.965444490037927E+02
    8.968032732063493E+02
    8.970425579435689E+02
    8.972418881162544E+02
    8.973982204858262E+02
    8.975158234628610E+02
    8.976014996524435E+02
    8.976624072677598E+02
    8.977049482841747E+02
    8.977325777416906E+02
    8.977582207519131E+02
    8.977540249054998E+02
    8.977879319124797E+02
    8.977699006069782E+02
    8.890667396355651E+02
    8.947404797051781E+02
    8.932177899373477E+02
    8.909692582729251E+02
    8.898024646289151E+02
    8.893833168962734E+02
    8.893933943814499E+02
    8.895942325556516E+02
    8.898594266880719E+02
    8.901173784377763E+02
    8.903395008801883E+02
    8.905184487915930E+02
    8.906562574034405E+02
    8.907587856707250E+02
    8.908330506335981E+02
    8.908858533906134E+02
    8.909208220780461E+02
    8.909523571922889E+02
    8.909517847911742E+02
    8.909870979233995E+02
    8.909768846320594E+02
    8.842311421198001E+02
    8.895465397401880E+02
    8.880011531746378E+02
    8.857101570741481E+02
    8.844019990077230E+02
    8.838661883443546E+02
    8.838057374588295E+02
    8.839786222303566E+02
    8.842429216272367E+02
    8.845162091210407E+02
    8.847602829719838E+02
    8.849625397593406E+02
    8.851221226898126E+02
    8.852434554633205E+02
    8.853330625753067E+02
    8.853979483227206E+02
    8.854417894482256E+02
    8.854804181170025E+02
    8.854846004511230E+02
    8.855216729553294E+02
    8.855205580911297E+02
    8.804517033339966E+02
    8.854829230208827E+02
    8.839005665038089E+02
    8.816287028991559E+02
    8.801827586535536E+02
    8.795171706557046E+02
    8.793691781125643E+02
    8.795022430153772E+02
    8.797566305721139E+02
    8.800404169550922E+02
    8.803045774742451E+02
    8.805301573438250E+02
    8.807126885726424E+02
    8.808546177211291E+02
    8.809615627737072E+02
    8.810404701389245E+02
    8.810948928362038E+02
    8.811419866127626E+02
    8.811522487184450E+02
    8.811915682943511E+02
    8.812008409377936E+02
    8.775435689844496E+02
    8.823304687862681E+02
    8.807565473774392E+02
    8.785376663186144E+02
    8.769649842567014E+02
    8.761584238358546E+02
    8.759062398486918E+02
    8.759852407879962E+02
    8.762193872531084E+02
    8.765071426321293E+02
    8.767883394253049E+02
    8.770364348781524E+02
    8.772425616273899E+02
    8.774066060687194E+02
    8.775328133764592E+02
    8.776277475246337E+02
    8.776946150653218E+02
    8.777517141123953E+02
    8.777695805846271E+02
    8.778117987711310E+02
    8.778327967294409E+02
    8.753813003523533E+02
    8.799183024129582E+02
    8.784052070661271E+02
    8.762648892506863E+02
    8.745856359440573E+02
    8.736303316443090E+02
    8.732586932176346E+02
    8.732667172416729E+02
    8.734694361599866E+02
    8.737528119167818E+02
    8.740466392919599E+02
    8.743154793894613E+02
    8.745451885767345E+02
    8.747324726989967E+02
    8.748796975425691E+02
    8.749926629693293E+02
    8.750739567109511E+02
    8.751427584910795E+02
    8.751699536598011E+02
    8.752159071124743E+02
    8.752500843629696E+02
    8.738675418071235E+02
    8.781148548936681E+02
    8.766869456851222E+02
    8.746560306118587E+02
    8.728997519904324E+02
    8.717931687417228E+02
    8.712887163944010E+02
    8.712073901923848E+02
    8.713663086493465E+02
    8.716352113907341E+02
    8.719357230615842E+02
    8.722224263391748E+02
    8.724749094686512E+02
    8.726860344937036E+02
    8.728557514258111E+02
    8.729886672788533E+02
    8.730864338201836E+02
    8.731687686865886E+02
    8.732072088420306E+02
    8.732579324289146E+02
    8.733069217990696E+02
    8.728327118183232E+02
    8.767862602088053E+02
    8.754799086875228E+02
    8.735791188386852E+02
    8.717803467762498E+02
    8.705269913757398E+02
    8.698788768543942E+02
    8.696903091055093E+02
    8.697908240232966E+02
    8.700339038013643E+02
    8.703334247515745E+02
    8.706338383392508E+02
    8.709073538473215E+02
    8.711422651196156E+02
    8.713355450813250E+02
    8.714901438002228E+02
    8.716064239499021E+02
    8.717042150577589E+02
    8.717559898212285E+02
    8.718127215417413E+02
    8.718783711173535E+02
    8.721125186773680E+02
    8.757954126691197E+02
    8.746986203276858E+02
    8.729269236694405E+02
    8.711168638957906E+02
    8.697299222429857E+02
    8.689310674963350E+02
    8.686193864818986E+02
    8.686438429326817E+02
    8.688491266067940E+02
    8.691381348048967E+02
    8.694466484824729E+02
    8.697383770629841E+02
    8.699962287818613E+02
    8.702136085322641E+02
    8.703913200041345E+02
    8.705280592759054E+02
    8.706432650086399E+02
    8.707106045479966E+02
    8.707747786710268E+02
    8.708591729189199E+02
    8.716336743984394E+02
    8.750384662555675E+02
    8.742664696615373E+02
    8.726123804521419E+02
    8.708127884582859E+02
    8.693154387641224E+02
    8.683643235312129E+02
    8.679163107716337E+02
    8.678452339363998E+02
    8.679997063389146E+02
    8.682669860825667E+02
    8.685763187910011E+02
    8.688822021516415E+02
    8.691612167606315E+02
    8.694025618100801E+02
    8.696043845853814E+02
    8.697633247903146E+02
    8.698978617339706E+02
    8.699830855210552E+02
    8.700563057889223E+02
    8.701618037816012E+02
    8.713732437408800E+02
    8.744712194716461E+02
    8.741038531932951E+02
    8.725605623966989E+02
    8.707836447168422E+02
    8.692094838602436E+02
    8.681122259324127E+02
    8.675177604756211E+02
    8.673325809980917E+02
    8.674206379128362E+02
    8.676539611767987E+02
    8.679549701834172E+02
    8.682695250983023E+02
    8.685668430921861E+02
    8.688312040327418E+02
    8.690575649057150E+02
    8.692401167240808E+02
    8.693957612770226E+02
    8.695012035200330E+02
    8.695851880668225E+02
    8.697144946376637E+02
    8.712937788904023E+02
    8.741035397685126E+02
    8.741382816585741E+02
    8.727037409656822E+02
    8.709563665778987E+02
    8.693480358939961E+02
    8.681204089618859E+02
    8.673736634296407E+02
    8.670587225571820E+02
    8.670613718331377E+02
    8.672481304254281E+02
    8.675298157681580E+02
    8.678459290771654E+02
    8.681574496694454E+02
    8.684429154818995E+02
    8.686935225880853E+02
    8.689006230263894E+02
    8.690788927027891E+02
    8.692068021562000E+02
    8.693032995964797E+02
    8.694595388111104E+02
    8.713230178814696E+02
    8.739749714786042E+02
    8.743183140865111E+02
    8.729825223568845E+02
    8.712698393775795E+02
    8.696753524486710E+02
    8.683441514921963E+02
    8.674452640306293E+02
    8.669883128062929E+02
    8.668854245156047E+02
    8.670115999601800E+02
    8.672616261224128E+02
    8.675703702025916E+02
    8.678905858121018E+02
    8.681941412339515E+02
    8.684678408109089E+02
    8.686998057334041E+02
    8.689018268986268E+02
    8.690542447801922E+02
    8.691649315212699E+02
    8.693516620769111E+02
    8.713778868067272E+02
    8.741274409170542E+02
    8.746068837133803E+02
    8.733623993179318E+02
    8.716762636067531E+02
    8.701426784220411E+02
    8.687457609467767E+02
    8.677025918236836E+02
    8.670951064673549E+02
    8.668688062437521E+02
    8.669169456400324E+02
    8.671226925352913E+02
    8.674132887067831E+02
    8.677351099412072E+02
    8.680524974652302E+02
    8.683471418591570E+02
    8.686035248721317E+02
    8.688298968807421E+02
    8.690085218823293E+02
    8.691348896565332E+02
    8.693560347749923E+02
    8.713769169122843E+02
    8.745708620197428E+02
    8.749846618703099E+02
    8.738262153230396E+02
    8.721449497476641E+02
    8.707070731926857E+02
    8.692916681377858E+02
    8.681214582436243E+02
    8.673597654164089E+02
    8.669959604586526E+02
    8.669455916400279E+02
    8.670940779774905E+02
    8.673543009368259E+02
    8.676688799601353E+02
    8.679944531408363E+02
    8.683067761668507E+02
    8.685862371217212E+02
    8.688368993098287E+02
    8.690429488128385E+02
    8.691861728561267E+02
    8.694459135450049E+02
    8.712433442799384E+02
    8.752832221286612E+02
    8.754548870717110E+02
    8.743570088010945E+02
    8.726659297118809E+02
    8.713314144270596E+02
    8.699496687790943E+02
    8.686805072313369E+02
    8.677673609033333E+02
    8.672556264465550E+02
    8.670872221865995E+02
    8.671626962418009E+02
    8.673799881707243E+02
    8.676766478197663E+02
    8.680032006036338E+02
    8.683286879659859E+02
    8.686288652736838E+02
    8.689029669162112E+02
    8.691370399714318E+02
    8.692978044656952E+02
    8.696005118012071E+02
    8.709057444589254E+02
    8.762459651620728E+02
    8.760235895447114E+02
    8.749546457778189E+02
    8.732510205814499E+02
    8.719868035368904E+02
    8.706869684678502E+02
    8.693589911571543E+02
    8.683053217083088E+02
    8.676394245433190E+02
    8.673374661697602E+02
    8.673201233340927E+02
    8.674822418461882E+02
    8.677488336058000E+02
    8.680674229128512E+02
    8.684001691531302E+02
    8.687175507114292E+02
    8.690133231966482E+02
    8.692752692679442E+02
    8.694535487112262E+02
    8.698037503393298E+02
    8.703007269585205E+02
    8.774436199213458E+02
    8.767196540325790E+02
    8.756385394007714E+02
    8.739227085545961E+02
    8.726575731262571E+02
    8.714693111167346E+02
    8.701353518036262E+02
    8.689620931416903E+02
    8.681413599049929E+02
    8.676945376579955E+02
    8.675641905373541E+02
    8.676569417253287E+02
    8.678810178925527E+02
    8.681808998822603E+02
    8.685134508545566E+02
    8.688432436862138E+02
    8.691578776571680E+02
    8.694466772610946E+02
    8.696415151379803E+02
    8.700437933297334E+02
    8.693619668647971E+02
    8.788576837860562E+02
    8.776060788682046E+02
    8.764557847585867E+02
    8.746867063982967E+02
    8.733534337888717E+02
    8.722627638373799E+02
    8.709858028596566E+02
    8.697258884816376E+02
    8.687568547200856E+02
    8.681579886866637E+02
    8.678985218917296E+02
    8.679031676784749E+02
    8.680730713316194E+02
    8.683420810826515E+02
    8.686652756491097E+02
    8.690012684123838E+02
    8.693307949916989E+02
    8.696444599550122E+02
    8.698537840387138E+02
    8.703125386722602E+02
    8.679639186015024E+02
    8.804522930865069E+02
    8.787212337052367E+02
    8.774572820507808E+02
    8.755405057491753E+02
    8.741245996465050E+02
    8.730456050770854E+02
    8.718824797116540E+02
    8.705828423439183E+02
    8.694810717235883E+02
    8.687281273550551E+02
    8.683282288339168E+02
    8.682243904885503E+02
    8.683271586969340E+02
    8.685529489958933E+02
    8.688558707650277E+02
    8.691902732546984E+02
    8.695294366904016E+02
    8.698649362272002E+02
    8.700853892179241E+02
    8.706045371095681E+02
    8.658432843273106E+02
    8.821534830612924E+02
    8.800367693858545E+02
    8.786604034321701E+02
    8.765278576260912E+02
    8.750147751084620E+02
    8.738318967381610E+02
    8.727942207759728E+02
    8.715147169420177E+02
    8.703070109392655E+02
    8.694046001037780E+02
    8.688571083633017E+02
    8.686283020848615E+02
    8.686460695868138E+02
    8.688174389738274E+02
    8.690878544684352E+02
    8.694111321162964E+02
    8.697532383761777E+02
    8.701064525100392E+02
    8.703331953570096E+02
    8.709158989605186E+02
    8.625956278882780E+02
    8.838103156789404E+02
    8.815148673922313E+02
    8.800466350939388E+02
    8.777009226423963E+02
    8.760467436134809E+02
    8.746858817671807E+02
    8.736972780273071E+02
    8.724973085269486E+02
    8.712241962120908E+02
    8.701853045501924E+02
    8.694878156570328E+02
    8.691228938722942E+02
    8.690352116645032E+02
    8.691400733127182E+02
    8.693658362896255E+02
    8.696667060215336E+02
    8.700034470104362E+02
    8.703691378361739E+02
    8.705956565281834E+02
    8.712440371777351E+02
    8.577794367168278E+02
    8.851741885842526E+02
    8.831663618710223E+02
    8.815912962507073E+02
    8.790795649174113E+02
    8.772233156601501E+02
    8.756983987989793E+02
    8.745982019177694E+02
    8.735013644067623E+02
    8.722178271860671E+02
    8.710658468665132E+02
    8.702220184647088E+02
    8.697141781917572E+02
    8.695045366406406E+02
    8.695256318603837E+02
    8.696961604274596E+02
    8.699622029982828E+02
    8.702834970205607E+02
    8.706552778617174E+02
    8.708732645294932E+02
    8.715880040825549E+02
    8.511507270319264E+02
    8.858109425372060E+02
    8.850364589105832E+02
    8.832872517006498E+02
    8.806836624992751E+02
    8.785638180776946E+02
    8.769010402936664E+02
    8.755512512012536E+02
    8.744995244604114E+02
    8.732676617853464E+02
    8.720387897929887E+02
    8.710598263640940E+02
    8.704068384083528E+02
    8.700646780494777E+02
    8.699817302507042E+02
    8.700856386820003E+02
    8.703049872055246E+02
    8.705990283901126E+02
    8.709693271826152E+02
    8.711686306869594E+02
    8.719484794546485E+02
    8.431035685236017E+02
    8.842563568028510E+02
    8.868753752152520E+02
    8.850838726454061E+02
    8.825472246224967E+02
    8.801077824217720E+02
    8.782640404294057E+02
    8.766489205005810E+02
    8.754869079456698E+02
    8.743475175980921E+02
    8.730923537987431E+02
    8.719987311937258E+02
    8.712040082299429E+02
    8.707233673999494E+02
    8.705204024148107E+02
    8.705405610425867E+02
    8.707034050575201E+02
    8.709574507658260E+02
    8.713175356712293E+02
    8.714861491684898E+02
    8.723274128360474E+02
    8.348978914156124E+02
    8.794504100477036E+02
    8.880069570245853E+02
    8.867532426311773E+02
    8.846107470299311E+02
    8.819242237807048E+02
    8.797823529316513E+02
    8.779713418980916E+02
    8.765159309502590E+02
    8.754297213222444E+02
    8.742086949710206E+02
    8.730326793024302E+02
    8.721065822669177E+02
    8.714859447191666E+02
    8.711534511153445E+02
    8.710697013453632E+02
    8.711652308801957E+02
    8.713675404518110E+02
    8.717078573892636E+02
    8.718320112010053E+02
    8.727280530810071E+02
    8.281789915044735E+02
    8.719542297777776E+02
    8.880442867964675E+02
    8.879965633031139E+02
    8.866271619763049E+02
    8.840317608788920E+02
    8.815424988880930E+02
    8.795372422109618E+02
    8.777137761191991E+02
    8.765078356343944E+02
    8.753632100295308E+02
    8.741513278525597E+02
    8.731126968511635E+02
    8.723557477155781E+02
    8.718889533953773E+02
    8.716863187293945E+02
    8.716975505975963E+02
    8.718385928098634E+02
    8.721499294422413E+02
    8.722144602759968E+02
    8.731553202100914E+02
    8.239589195844849E+02
    8.628518186058077E+02
    8.861013181916226E+02
    8.885270251638553E+02
    8.883952880369694E+02
    8.861822499496405E+02
    8.835843719732759E+02
    8.813480964032553E+02
    8.792403097406245E+02
    8.776544027530509E+02
    8.765336294498288E+02
    8.753400216406183E+02
    8.742175511905619E+02
    8.733338243923617E+02
    8.727322006092193E+02
    8.724027936194418E+02
    8.723107004948001E+02
    8.723790432296111E+02
    8.726544772189953E+02
    8.726438290322275E+02
    8.736161979016063E+02
    8.209242517072189E+02
    8.535650143759675E+02
    8.821041724394579E+02
    8.877178493326111E+02
    8.893402941474916E+02
    8.879840101348981E+02
    8.857763013367054E+02
    8.833980199293741E+02
    8.811227447033938E+02
    8.790465556137367E+02
    8.777370991192881E+02
    8.765842055533300E+02
    8.754141820785778E+02
    8.744189063928663E+02
    8.736862827604648E+02
    8.732271801849745E+02
    8.730193969904221E+02
    8.729972411104173E+02
    8.732318541705569E+02
    8.731322688402025E+02
    8.741201388984992E+02
    8.171489151022702E+02
    8.457870518423499E+02
    8.767541167902328E+02
    8.854888420757726E+02
    8.888882015248441E+02
    8.891331380358372E+02
    8.876840032524525E+02
    8.855762376240847E+02
    8.832581782879411E+02
    8.808379604013422E+02
    8.790836589260666E+02
    8.778868796849673E+02
    8.766969299748249E+02
    8.756088311906771E+02
    8.747526047942746E+02
    8.741646385674244E+02
    8.738364251576949E+02
    8.737060284394986E+02
    8.738905633822918E+02
    8.736928866293811E+02
    8.746792115671686E+02
    8.129661584302744E+02
    8.400874795438091E+02
    8.713333903617698E+02
    8.824419703875823E+02
    8.869707798392465E+02
    8.893827740734359E+02
    8.888454087268345E+02
    8.874866327394396E+02
    8.853845310382281E+02
    8.829614713651877E+02
    8.807299834501027E+02
    8.792984728532654E+02
    8.780709520717703E+02
    8.769042588110374E+02
    8.759329997352868E+02
    8.752192118105057E+02
    8.747703325797614E+02
    8.745218597581865E+02
    8.746394209843245E+02
    8.743383490560919E+02
    8.753076585002165E+02
    8.092399380505276E+02
    8.345894798030318E+02
    8.640901149093888E+02
    8.801226977071586E+02
    8.848439732686811E+02
    8.886504205993825E+02
    8.894105508470902E+02
    8.885170826773061E+02
    8.871642724867861E+02
    8.851310452120190E+02
    8.827301189816842E+02
    8.809182032121603E+02
    8.795688487278723E+02
    8.783159288047884E+02
    8.772339646633789E+02
    8.763969203841577E+02
    8.758284534360125E+02
    8.754578343845881E+02
    8.754929102796240E+02
    8.750801232611523E+02
    8.760199725606358E+02
    8.062353739417517E+02
    8.268484933723793E+02
    8.570271297891439E+02
    8.785997367254276E+02
    8.833854695705926E+02
    8.873935690875035E+02
    8.893031191169051E+02
    8.891628273240750E+02
    8.882485177267632E+02
    8.869442251030197E+02
    8.849386728022931E+02
    8.828334002225839E+02
    8.812452731840315E+02
    8.798748998823905E+02
    8.786725649857696E+02
    8.777096206763174E+02
    8.770208072725277E+02
    8.765243619137063E+02
    8.764689352858047E+02
    8.759319243908272E+02
    8.768281927712142E+02
    8.039168512504322E+02
    8.184046055166652E+02
    8.494735682151488E+02
    8.747489311403743E+02
    8.828344571145566E+02
    8.861583741120290E+02
    8.886383882707026E+02
    8.896782703618221E+02
    8.891230103077444E+02
    8.882189780256832E+02
    8.868878718307369E+02
    8.849920179227498E+02
    8.831530970514752E+02
    8.816196748417680E+02
    8.802822881792130E+02
    8.791792428837081E+02
    8.783634768875140E+02
    8.777353588471673E+02
    8.775845163105322E+02
    8.769163403074729E+02
    8.777414807294681E+02
    8.021734091251782E+02
    8.114576463980133E+02
    8.392577172986355E+02
    8.683073963573390E+02
    8.823000173549710E+02
    8.854125154552880E+02
    8.882410975686907E+02
    8.899112247806014E+02
    8.901243447321278E+02
    8.893139553569855E+02
    8.883574393634748E+02
    8.870059891637468E+02
    8.852766530987032E+02
    8.835767350756463E+02
    8.820937487517413E+02
    8.808398263269488E+02
    8.798815212878665E+02
    8.791107420141038E+02
    8.788583679307872E+02
    8.780656831620651E+02
    8.787704304930635E+02
    8.008826279202353E+02
    8.064325321967343E+02
    8.265981095298786E+02
    8.593474348230783E+02
    8.791036981391603E+02
    8.855909978990811E+02
    8.884637399369457E+02
    8.901063292962239E+02
    8.911626974317843E+02
    8.907532606584959E+02
    8.897173729385204E+02
    8.886686765991129E+02
    8.873143007521392E+02
    8.857166533655477E+02
    8.841206862948555E+02
    8.827171134822981E+02
    8.816072970442160E+02
    8.806781207578872E+02
    8.803114101551726E+02
    8.794126903272056E+02
    8.799370340567627E+02
    7.999971274250557E+02
    8.030721328735780E+02
    8.152229490632139E+02
    8.464337622174321E+02
    8.741571301932750E+02
    8.852981538011928E+02
    8.882498419414414E+02
    8.907042696728738E+02
    8.918285061204676E+02
    8.923838133917430E+02
    8.915051815777304E+02
    8.902775805645874E+02
    8.891304740260526E+02
    8.877810567982515E+02
    8.863067670059035E+02
    8.848221892302005E+02
    8.835629774578017E+02
    8.824685916376575E+02
    8.819713641691566E+02
    8.809843176160506E+02
    8.812770280522803E+02
    7.995929566616994E+02
    8.010083526966215E+02
    8.075590997446831E+02
    8.298731353331555E+02
    8.639800678607294E+02
    8.822112980331287E+02
    8.886173864468968E+02
    8.920293734486822E+02
    8.929553458683876E+02
    8.935148041527924E+02
    8.936161824524481E+02
    8.923345130249945E+02
    8.909557903178120E+02
    8.897451994211385E+02
    8.884229590407188E+02
    8.870759285802222E+02
    8.857564740834018E+02
    8.845034221183366E+02
    8.838644030998896E+02
    8.828122242840168E+02
    8.828313717795806E+02
    7.996543475976523E+02
    7.999152493898391E+02
    8.031715614788841E+02
    8.153594973499111E+02
    8.468734790091630E+02
    8.755428087173458E+02
    8.882854257226448E+02
    8.922062715079991E+02
    8.946332838218350E+02
    8.950019656534263E+02
    8.951214727971685E+02
    8.948842379133962E+02
    8.934219763942899E+02
    8.918651583144491E+02
    8.905848606452578E+02
    8.892935840198921E+02
    8.880904920722130E+02
    8.867920868093634E+02
    8.860097696669060E+02
    8.849052649091911E+02
    8.846423358227552E+02
    7.998870423888442E+02
    7.995925582938937E+02
    8.008610757774195E+02
    8.065932437436672E+02
    8.264808177052613E+02
    8.615366878707019E+02
    8.836980264635175E+02
    8.919874071921699E+02
    8.952421422795425E+02
    8.963867575919570E+02
    8.966336694720636E+02
    8.966589999324686E+02
    8.962571305161889E+02
    8.948148525597885E+02
    8.930762881483670E+02
    8.916945988784641E+02
    8.904646533407231E+02
    8.892517353311351E+02
    8.884108005967088E+02
    8.872774705871038E+02
    8.867371701017917E+02
    8.000414700889539E+02
    7.997652158455945E+02
    7.997560413030051E+02
    8.021567330569306E+02
    8.111905488631843E+02
    8.385277878718331E+02
    8.724172079660042E+02
    8.895205898658494E+02
    8.960972110156281E+02
    8.979181923279384E+02
    8.985151565567463E+02
    8.986788573309329E+02
    8.984346072090393E+02
    8.977896138432776E+02
    8.964891765987940E+02
    8.946421632772111E+02
    8.932219632629606E+02
    8.918525768163053E+02
    8.910181427531352E+02
    8.899132664800643E+02
    8.891576453499134E+02
    8.000071049674646E+02
    7.999788820159334E+02
    7.995817378428495E+02
    8.000572858756531E+02
    8.036535592593648E+02
    8.165132233661128E+02
    8.485390168566627E+02
    8.800675075742236E+02
    8.946656866658102E+02
    9.001808322789075E+02
    9.010681305674141E+02
    9.011491311133703E+02
    9.010669166498582E+02
    9.005371726522687E+02
    8.997006060977213E+02
    8.984793175020199E+02
    8.967687657837258E+02
    8.950353841558530E+02
    8.939622342550006E+02
    8.927655175122784E+02
    8.919096525844133E+02
    7.999929638558640E+02
    7.999942484856560E+02
    7.998728474154203E+02
    7.994569366550298E+02
    8.004274315839366E+02
    8.051510973726857E+02
    8.215480344393061E+02
    8.556755956572733E+02
    8.853965645523896E+02
    8.986375291709337E+02
    9.041595887677595E+02
    9.046773135494775E+02
    9.044287155893218E+02
    9.039114509483204E+02
    9.030504403923379E+02
    9.020235531159797E+02
    9.007973527345441E+02
    8.991500576503616E+02
    8.977801873945024E+02
    8.963150557683271E+02
    8.950659120279097E+02
    8.000059015839378E+02
    8.000030340818183E+02
    8.000013914576432E+02
    7.997867305966530E+02
    7.994148094599075E+02
    8.007486525116965E+02
    8.062939381327501E+02
    8.248533268402506E+02
    8.596348934839941E+02
    8.889720444428266E+02
    9.018152322294808E+02
    9.075211940591875E+02
    9.095562116779206E+02
    9.085185096681241E+02
    9.070447612412845E+02
    9.059496162147225E+02
    9.048354102277433E+02
    9.034773876130563E+02
    9.022672434900620E+02
    9.007864253729556E+02
    8.990710647317419E+02
    8.000012336856884E+02
    8.000095252126858E+02
    8.000116170982812E+02
    8.000050151682146E+02
    7.997341155110935E+02
    7.994072257064586E+02
    8.009013719810844E+02
    8.066951794281269E+02
    8.254918921574048E+02
    8.603478455661989E+02
    8.897020445010434E+02
    9.038974585464798E+02
    9.111843436750444E+02
    9.127839747950123E+02
    9.127864946115039E+02
    9.113632165153506E+02
    9.098546605958484E+02
    9.082956858123057E+02
    9.071117744456052E+02
    9.057760201921365E+02
    9.039361851516326E+02
    7.999982595618369E+02
    7.999999065797963E+02
    8.000100962611331E+02
    8.000145081001316E+02
    8.000000329471579E+02
    7.997264849122527E+02
    7.994051882612520E+02
    8.008184622190111E+02
    8.061963482037163E+02
    8.231990596499739E+02
    8.567188893667224E+02
    8.881624127807985E+02
    9.054524114300215E+02
    9.124059834318032E+02
    9.162551754461289E+02
    9.182160028179194E+02
    9.165726155262240E+02
    9.145294728367029E+02
    9.129582072229018E+02
    9.116438069059159E+02
    9.095057540721235E+02
    7.999999966949835E+02
    7.999979147263233E+02
    7.999997891568242E+02
    8.000109110889516E+02
    8.000162569833501E+02
    7.999907333516396E+02
    7.997668851599893E+02
    7.994139740052906E+02
    8.005218804427409E+02
    8.049524339817186E+02
    8.184167617629593E+02
    8.488041343803817E+02
    8.828320669508716E+02
    9.033310469385679E+02
    9.138719757361204E+02
    9.183526087540574E+02
    9.211231016555022E+02
    9.223032211785119E+02
    9.208025973987272E+02
    9.192995066056565E+02
    9.167666150109335E+02
    8.000002299065187E+02
    8.000000451088009E+02
    7.999978290674637E+02
    7.999997661843804E+02
    8.000105458452861E+02
    8.000178068928980E+02
    7.999801525829964E+02
    7.998354476504078E+02
    7.994699758070676E+02
    8.001159956141869E+02
    8.033378430155943E+02
    8.126440838192303E+02
    8.366328418969933E+02
    8.704295209034635E+02
    8.978484227457358E+02
    9.119552465024595E+02
    9.193127385798470E+02
    9.229681733023972E+02
    9.250609922531607E+02
    9.259681808278692E+02
    9.253641620577591E+02
    8.000000099149684E+02
    8.000002804657928E+02
    8.000000115067173E+02
    7.999978940157733E+02
    7.999996166982563E+02
    8.000089932573658E+02
    8.000177962174935E+02
    7.999784789997004E+02
    7.998954303450014E+02
    7.995994479646318E+02
    7.997678104635052E+02
    8.017694675285206E+02
    8.075365737533465E+02
    8.227411825296402E+02
    8.515217014649586E+02
    8.829262451922369E+02
    9.047401755605349E+02
    9.170483598305946E+02
    9.227426187137778E+02
    9.264738864770212E+02
    9.285567269845615E+02
    7.999999744137608E+02
    8.000000143641882E+02
    8.000002800932183E+02
    8.000000017059463E+02
    7.999982100526869E+02
    7.999993082659573E+02
    8.000070076334550E+02
    8.000146019798258E+02
    7.999914022969020E+02
    7.999266359663801E+02
    7.997581077823448E+02
    7.996456521549081E+02
    8.005636824356786E+02
    8.037894912681489E+02
    8.116127449230611E+02
    8.295194986314920E+02
    8.577277452064178E+02
    8.858016438668841E+02
    9.061931382269759E+02
    9.172656255719132E+02
    9.258775239384258E+02
    7.999999954521650E+02
    7.999999670272467E+02
    8.000000156590962E+02
    8.000002392371833E+02
    7.999999868132317E+02
    7.999987428547826E+02
    7.999989005448996E+02
    8.000048858736683E+02
    8.000106842492224E+02
    8.000035235428413E+02
    7.999501517864106E+02
    7.998607872895217E+02
    7.997290867154023E+02
    7.999444852748941E+02
    8.013643257911840E+02
    8.051224316952755E+02
    8.132087570902346E+02
    8.292570586355490E+02
    8.542590819942106E+02
    8.778336094193501E+02
    9.048620108524938E+02
    8.000000025715294E+02
    7.999999959444257E+02
    7.999999712337213E+02
    8.000000164864133E+02
    8.000001652671747E+02
    8.000000307053888E+02
    7.999991967821936E+02
    7.999988622751323E+02
    8.000025764031196E+02
    8.000078778048388E+02
    8.000063608173924E+02
    7.999778867734270E+02
    7.999126585892666E+02
    7.998397571687769E+02
    7.998209637654843E+02
    8.002267709723217E+02
    8.016921756504660E+02
    8.050204675302085E+02
    8.115889844402855E+02
    8.225982151633360E+02
    8.499296563983330E+02
    8.000000006121221E+02
    8.000000028202699E+02
    7.999999965757160E+02
    7.999999807166910E+02
    8.000000084089711E+02
    8.000001017452361E+02
    8.000000725785677E+02
    7.999995117890135E+02
    7.999991698792657E+02
    8.000007293550052E+02
    8.000052081285979E+02
    8.000058747068313E+02
    7.999957535625293E+02
    7.999577504791015E+02
    7.998989886650268E+02
    7.998590184231304E+02
    7.999282753950114E+02
    8.002975090485463E+02
    8.015019330366073E+02
    8.035566002493548E+02
    8.112367121576044E+02
    7.999999998351575E+02
    8.000000005009804E+02
    8.000000019181825E+02
    7.999999980155164E+02
    7.999999886959064E+02
    7.999999996119949E+02
    8.000000626499265E+02
    8.000000608595473E+02
    7.999997855535825E+02
    7.999994134596657E+02
    8.000000032181651E+02
    8.000023575345115E+02
    8.000050425172311E+02
    8.000016024010959E+02
    7.999875443387394E+02
    7.999484255367538E+02
    7.999147802691994E+02
    7.998540929622533E+02
    8.000788486839907E+02
    7.998070958735882E+02
    8.017912758787922E+02
    7.999999999513211E+02
    7.999999998483104E+02
    8.000000002909647E+02
    8.000000010908719E+02
    7.999999993678410E+02
    7.999999933565197E+02
    7.999999974254745E+02
    8.000000313288908E+02
    8.000000462517125E+02
    7.999999283089154E+02
    7.999996803284378E+02
    7.999997395749901E+02
    8.000008018875027E+02
    8.000026776849170E+02
    8.000036781573534E+02
    7.999980273223924E+02
    7.999868712244358E+02
    7.999492061379208E+02
    7.999479487373317E+02
    7.998164864534646E+02
    8.000654138272598E+02
    8.000000000062099E+02
    7.999999999683828E+02
    7.999999999103229E+02
    8.000000001132096E+02
    8.000000006138865E+02
    7.999999999204628E+02
    7.999999965485523E+02
    7.999999974938497E+02
    8.000000124610140E+02
    8.000000288527499E+02
    7.999999902750434E+02
    7.999998614685505E+02
    7.999997774864397E+02
    8.000000685916012E+02
    8.000010810773442E+02
    8.000022134371654E+02
    8.000024558634909E+02
    7.999975226131471E+02
    7.999895122843731E+02
    7.999672219820457E+02
    7.999386951488468E+02
    8.000000000022407E+02
    8.000000000056364E+02
    7.999999999865472E+02
    7.999999999503152E+02
    8.000000000320537E+02
    8.000000003185313E+02
    8.000000000564298E+02
    7.999999985608505E+02
    7.999999980859560E+02
    8.000000038522808E+02
    8.000000140831455E+02
    8.000000081042936E+02
    7.999999568158535E+02
    7.999998802162819E+02
    7.999998936267734E+02
    8.000002290639404E+02
    8.000008705507566E+02
    8.000018488717178E+02
    8.000010825576545E+02
    8.000012118296041E+02
    7.999878780891531E+02
    7.999999999998250E+02
    8.000000000011776E+02
    8.000000000033889E+02
    7.999999999956293E+02
    7.999999999744513E+02
    8.000000000066354E+02
    8.000000001352195E+02
    8.000000000871343E+02
    7.999999994924971E+02
    7.999999989494473E+02
    8.000000005528440E+02
    8.000000055305698E+02
    8.000000074086614E+02
    7.999999947905474E+02
    7.999999529316747E+02
    7.999999285652051E+02
    7.999999385472918E+02
    8.000002548909215E+02
    8.000004511406215E+02
    8.000015589875959E+02
    8.000006076461075E+02
    7.999999999999336E+02
    7.999999999998217E+02
    8.000000000004219E+02
    8.000000000017843E+02
    7.999999999987641E+02
    7.999999999890385E+02
    7.999999999986994E+02
    8.000000000483604E+02
    8.000000000606984E+02
    7.999999998675513E+02
    7.999999995369710E+02
    7.999999998046932E+02
    8.000000014718562E+02
    8.000000039659034E+02
    8.000000021105968E+02
    7.999999913839030E+02
    7.999999665089239E+02
    7.999999536351827E+02
    7.999999775093953E+02
    8.000000743435427E+02
    8.000004647739041E+02
    8.000000000000060E+02
    7.999999999999700E+02
    7.999999999998950E+02
    8.000000000001310E+02
    8.000000000007749E+02
    7.999999999997688E+02
    7.999999999961194E+02
    7.999999999974375E+02
    8.000000000145029E+02
    8.000000000295017E+02
    7.999999999832497E+02
    7.999999998432853E+02
    7.999999998011635E+02
    8.000000001834205E+02
    8.000000013556710E+02
    8.000000018349683E+02
    8.000000010753114E+02
    7.999999909888045E+02
    7.999999868756762E+02
    7.999999548654624E+02
    8.000000077571561E+02
    8.000000000000018E+02
    8.000000000000055E+02
    7.999999999999902E+02
    7.999999999999533E+02
    8.000000000000331E+02
    8.000000000002750E+02
    8.000000000000457E+02
    7.999999999988135E+02
    7.999999999984806E+02
    8.000000000030878E+02
    8.000000000113857E+02
    8.000000000044489E+02
    7.999999999651787E+02
    7.999999999018446E+02
    7.999999999659057E+02
    8.000000002051981E+02
    8.000000008779639E+02
    8.000000008651866E+02
    8.000000004156738E+02
    7.999999965766998E+02
    7.999999883629137E+02
    7.999999999999995E+02
    8.000000000000018E+02
    8.000000000000034E+02
    7.999999999999992E+02
    7.999999999999853E+02
    8.000000000000041E+02
    8.000000000000837E+02
    8.000000000000629E+02
    7.999999999997058E+02
    7.999999999993601E+02
    8.000000000002965E+02
    8.000000000032180E+02
    8.000000000043207E+02
    7.999999999961254E+02
    7.999999999722240E+02
    7.999999999619031E+02
    7.999999999843911E+02
    8.000000001999003E+02
    8.000000002765777E+02
    8.000000009312023E+02
    7.999999995176919E+02
    8.000000000000000E+02
    8.000000000000000E+02
    8.000000000000010E+02
    8.000000000000025E+02
    8.000000000000022E+02
    7.999999999999962E+02
    7.999999999999991E+02
    8.000000000000181E+02
    8.000000000000318E+02
    7.999999999999609E+02
    7.999999999998045E+02
    7.999999999998806E+02
    8.000000000005031E+02
    8.000000000017201E+02
    8.000000000007869E+02
    7.999999999972487E+02
    7.999999999848432E+02
    7.999999999861166E+02
    7.999999999899901E+02
    8.000000000636235E+02
    8.000000001976351E+02
SCALARS pressure double 1
LOOKUP_TABLE default
    3.366272410959335E+04
    3.355794408860895E+04
    3.356119567092415E+04
    3.356138859340152E+04
    3.356122377145445E+04
    3.356119502316950E+04
    3.356119292749406E+04
    3.356119345831082E+04
    3.356119386010075E+04
    3.356119402512049E+04
    3.356119408789856E+04
    3.356119411389839E+04
    3.356119412534080E+04
    3.356119413050009E+04
    3.356119413298379E+04
    3.356119413033006E+04
    3.356119419730626E+04
    3.356119319844358E+04
    3.356120601986433E+04
    3.356109593051930E+04
    3.356059402974526E+04
    3.354326185284699E+04
    3.343080348557720E+04
    3.343437536566828E+04
    3.343470168154177E+04
    3.343454399676679E+04
    3.343451295167848E+04
    3.343451026749907E+04
    3.343451094962823E+04
    3.343451151645053E+04
    3.343451175969149E+04
    3.343451185504712E+04
    3.343451189515866E+04
    3.343451191295351E+04
    3.343451192102802E+04
    3.343451192494398E+04
    3.343451192137469E+04
    3.343451201109061E+04
    3.343451074489863E+04
    3.343452607283718E+04
    3.343440321142670E+04
    3.343367378976200E+04
    3.352120836092214E+04
    3.340360255301471E+04
    3.340744218434453E+04
    3.340797948606585E+04
    3.340785214140570E+04
    3.340782091077687E+04
    3.340781758486579E+04
    3.340781853862773E+04
    3.340781938978127E+04
    3.340781977139049E+04
    3.340781992575894E+04
    3.340781999177817E+04
    3.340782002132304E+04
    3.340782003482147E+04
    3.340782004141627E+04
    3.340782003642047E+04
    3.340782016238965E+04
    3.340781850168593E+04
    3.340783713215528E+04
    3.340770109160303E+04
    3.340690162048260E+04
    3.354281958994852E+04
    3.341787214373460E+04
    3.342205844904336E+04
    3.342292489399701E+04
    3.342285565491033E+04
    3.342282710551295E+04
    3.342282325773253E+04
    3.342282476003102E+04
    3.342282612051159E+04
    3.342282675192087E+04
    3.342282701460193E+04
    3.342282712870245E+04
    3.342282718020371E+04
    3.342282720389306E+04
    3.342282721554227E+04
    3.342282720826440E+04
    3.342282739487519E+04
    3.342282510206067E+04
    3.342284877796069E+04
    3.342269408452827E+04
    3.342181217497784E+04
    3.357175175303368E+04
    3.343786526257908E+04
    3.344240408506169E+04
    3.344374988189214E+04
    3.344378785335289E+04
    3.344376960695980E+04
    3.344376610483934E+04
    3.344376870193175E+04
    3.344377095403754E+04
    3.344377202581657E+04
    3.344377248305378E+04
    3.344377268464136E+04
    3.344377277642152E+04
    3.344377281892925E+04
    3.344377283995745E+04
    3.344377282929030E+04
    3.344377311292219E+04
    3.344376986600918E+04
    3.344380064604851E+04
    3.344362295398025E+04
    3.344264604993811E+04
    3.360006988917630E+04
    3.345509643434507E+04
    3.345992976073673E+04
    3.346193779845910E+04
    3.346215872979695E+04
    3.346216598226080E+04
    3.346216524678881E+04
    3.346217001255173E+04
    3.346217381114829E+04
    3.346217564880443E+04
    3.346217645071849E+04
    3.346217680941801E+04
    3.346217697418638E+04
    3.346217705104507E+04
    3.346217708928277E+04
    3.346217707394462E+04
    3.346217750889451E+04
    3.346217286793543E+04
    3.346221325591442E+04
    3.346200892959572E+04
    3.346090563016629E+04
    3.363060995782544E+04
    3.347221569166406E+04
    3.347718065167783E+04
    3.348006321810266E+04
    3.348057947091231E+04
    3.348063982924920E+04
    3.348064727594697E+04
    3.348065627464103E+04
    3.348066274432989E+04
    3.348066590298517E+04
    3.348066730991640E+04
    3.348066794825005E+04
    3.348066824418785E+04
    3.348066838327433E+04
    3.348066845285794E+04
    3.348066843174308E+04
    3.348066909816225E+04
    3.348066247475297E+04
    3.348071537573387E+04
    3.348048271619900E+04
    3.347921389661804E+04
    3.366416249816091E+04
    3.349000780884214E+04
    3.349479649172944E+04
    3.349878354119733E+04
    3.349975353600481E+04
    3.349991358583663E+04
    3.349993999789097E+04
    3.349995708747271E+04
    3.349996815112575E+04
    3.349997357071891E+04
    3.349997603001042E+04
    3.349997716155258E+04
    3.349997769122266E+04
    3.349997794215009E+04
    3.349997806839379E+04
    3.349997804152908E+04
    3.349997905572352E+04
    3.349996968503138E+04
    3.350003827652961E+04
    3.349977895899704E+04
    3.349829945557548E+04
    3.370078896794932E+04
    3.350860939045314E+04
    3.351273717488869E+04
    3.351805137814515E+04
    3.351968477248349E+04
    3.352001793418354E+04
    3.352008304242189E+04
    3.352011517771631E+04
    3.352013407751893E+04
    3.352014332566632E+04
    3.352014759318445E+04
    3.352014958399254E+04
    3.352015052528333E+04
    3.352015097499417E+04
    3.352015120255165E+04
    3.352015117329925E+04
    3.352015269942402E+04
    3.352013963018239E+04
    3.352022707675222E+04
    3.351994770812808E+04
    3.351820661679107E+04
    3.374064410830563E+04
    3.352832932215372E+04
    3.353111561333365E+04
    3.353793743554189E+04
    3.354049334959037E+04
    3.354110798444854E+04
    3.354124535377800E+04
    3.354130456080220E+04
    3.354133665542662E+04
    3.354135229695967E+04
    3.354135962386335E+04
    3.354136308849999E+04
    3.354136474383398E+04
    3.354136554178951E+04
    3.354136594797280E+04
    3.354136592749159E+04
    3.354136818994824E+04
    3.354135030197532E+04
    3.354145931388218E+04
    3.354117289007010E+04
    3.353911513927092E+04
    3.378393321827093E+04
    3.354960425840083E+04
    3.355016921519897E+04
    3.355859720658968E+04
    3.356237309461430E+04
    3.356341908956582E+04
    3.356368208418183E+04
    3.356378822446166E+04
    3.356384214945514E+04
    3.356386828746892E+04
    3.356388069666285E+04
    3.356388664282058E+04
    3.356388951466889E+04
    3.356389091218385E+04
    3.356389162800160E+04
    3.356389164352619E+04
    3.356389493875431E+04
    3.356387099841542E+04
    3.356400326173914E+04
    3.356373021053158E+04
    3.356129923757605E+04
    3.383082342514208E+04
    3.357289624120006E+04
    3.357017360584112E+04
    3.358018731808301E+04
    3.358549791792259E+04
    3.358716956497016E+04
    3.358763769400113E+04
    3.358782199985664E+04
    3.358791125878046E+04
    3.358795429210318E+04
    3.358797497068869E+04
    3.358798500832971E+04
    3.358798991066076E+04
    3.358799232008569E+04
    3.358799356231670E+04
    3.358799367144430E+04
    3.358799837768463E+04
    3.358796713710558E+04
    3.358812268609904E+04
    3.358789118188277E+04
    3.358503240205194E+04
    3.388140417901907E+04
    3.359863480438623E+04
    3.359139568162189E+04
    3.360282851120702E+04
    3.360997718833883E+04
    3.361251054114210E+04
    3.361329506027741E+04
    3.361360421408752E+04
    3.361374921899274E+04
    3.361381885274524E+04
    3.361385268581627E+04
    3.361386931744910E+04
    3.361387753387231E+04
    3.361388161436501E+04
    3.361388373274085E+04
    3.361388404657109E+04
    3.361389063076207E+04
    3.361385096832879E+04
    3.361402760440853E+04
    3.361387297528909E+04
    3.361053757903030E+04
    3.393567890430599E+04
    3.362718365642249E+04
    3.361406704401009E+04
    3.362659363203431E+04
    3.363584080324812E+04
    3.363950488841072E+04
    3.364075238869638E+04
    3.364125270365801E+04
    3.364148320830061E+04
    3.364159373604499E+04
    3.364164800286746E+04
    3.364167501089449E+04
    3.364168851078725E+04
    3.364169528823814E+04
    3.364169883252820E+04
    3.364169955106691E+04
    3.364170857377943E+04
    3.364165966208914E+04
    3.364185253014024E+04
    3.364181579492924E+04
    3.363796430436127E+04
    3.399357112160567E+04
    3.365883011303539E+04
    3.363837201848273E+04
    3.365150998927688E+04
    3.366304395480879E+04
    3.366812678138806E+04
    3.367001977938467E+04
    3.367080091136335E+04
    3.367115869943707E+04
    3.367133055020710E+04
    3.367141579717821E+04
    3.367145874272739E+04
    3.367148046679490E+04
    3.367149149616700E+04
    3.367149730867930E+04
    3.367149877245221E+04
    3.367151089355875E+04
    3.367145237673381E+04
    3.367165377023471E+04
    3.367177955765095E+04
    3.366738464114049E+04
    3.405493808441477E+04
    3.369379083739484E+04
    3.366444750021852E+04
    3.367756955198616E+04
    3.369148371281758E+04
    3.369827527000102E+04
    3.370102945423734E+04
    3.370220710530932E+04
    3.370274873838887E+04
    3.370301025647031E+04
    3.370314135447593E+04
    3.370320820092872E+04
    3.370324242805059E+04
    3.370326000726257E+04
    3.370326934715013E+04
    3.370327210952948E+04
    3.370328809925068E+04
    3.370322026159859E+04
    3.370341967407752E+04
    3.370375388377352E+04
    3.369880214739667E+04
    3.411958474320966E+04
    3.373222791000189E+04
    3.369239159468173E+04
    3.370474219586219E+04
    3.372102011744017E+04
    3.372979491110738E+04
    3.373365341814116E+04
    3.373537067611155E+04
    3.373617009377521E+04
    3.373655950100526E+04
    3.373675689008339E+04
    3.373685876474508E+04
    3.373691157329000E+04
    3.373693901920239E+04
    3.373695372622230E+04
    3.373695865176538E+04
    3.373697941310754E+04
    3.373690332761534E+04
    3.373708771574854E+04
    3.373767526223088E+04
    3.373216800339544E+04
    3.418727390375613E+04
    3.377426909272086E+04
    3.372227794176970E+04
    3.373298928454315E+04
    3.375149671217256E+04
    3.376249783017349E+04
    3.376772340455488E+04
    3.377015061122567E+04
    3.377130140783425E+04
    3.377186889106199E+04
    3.377216001350580E+04
    3.377231212291614E+04
    3.377239196233683E+04
    3.377243396170737E+04
    3.377245666892445E+04
    3.377246506427169E+04
    3.377249167365175E+04
    3.377240932795090E+04
    3.377256352318574E+04
    3.377344639049054E+04
    3.376739950824215E+04
    3.425773066394155E+04
    3.382002707885797E+04
    3.375417254206746E+04
    3.376227602181960E+04
    3.378275767752670E+04
    3.379618331557538E+04
    3.380304929829557E+04
    3.380638253995899E+04
    3.380799979469931E+04
    3.380880966189218E+04
    3.380923058479934E+04
    3.380945330232165E+04
    3.380957169458351E+04
    3.380963474608485E+04
    3.380966915354737E+04
    3.380968293927651E+04
    3.380971671268521E+04
    3.380963111818121E+04
    3.380973832347714E+04
    3.381095401907642E+04
    3.380439736724661E+04
    3.433064105081071E+04
    3.386961443918772E+04
    3.378815072932625E+04
    3.379258203517481E+04
    3.381466093857494E+04
    3.383065329829403E+04
    3.383943415212762E+04
    3.384389254908603E+04
    3.384611412629805E+04
    3.384724697516790E+04
    3.384784420172706E+04
    3.384816434856426E+04
    3.384833674302813E+04
    3.384842971030341E+04
    3.384848093489507E+04
    3.384850286920540E+04
    3.384854546211118E+04
    3.384846075679592E+04
    3.384850308400626E+04
    3.385008347138136E+04
    3.384305991827066E+04
    3.440564562211033E+04
    3.392315214086502E+04
    3.382431229158740E+04
    3.382390971537877E+04
    3.384708737790838E+04
    3.386572319594098E+04
    3.387668489853854E+04
    3.388250683661243E+04
    3.388549408056933E+04
    3.388704891404064E+04
    3.388788137541828E+04
    3.388833371581411E+04
    3.388858052438886E+04
    3.388871532411419E+04
    3.388879034440179E+04
    3.388882431252413E+04
    3.388887786328931E+04
    3.388879942031766E+04
    3.388875844877370E+04
    3.389072888187723E+04
    3.388329325660898E+04
    3.448232934297880E+04
    3.398077100153136E+04
    3.386279360289832E+04
    3.385629037717074E+04
    3.387994695235603E+04
    3.390122868796306E+04
    3.391461897585631E+04
    3.392205731995762E+04
    3.392599503891994E+04
    3.392809123589992E+04
    3.392923243858769E+04
    3.392986140425781E+04
    3.393020924451423E+04
    3.393040169678196E+04
    3.393050991539228E+04
    3.393056130201143E+04
    3.393062863103836E+04
    3.393056318471878E+04
    3.393042054305546E+04
    3.393279921658545E+04
    3.392501723033626E+04
    3.456020662236524E+04
    3.404260849484335E+04
    3.390377592835170E+04
    3.388978829950852E+04
    3.391318237439277E+04
    3.393702916302055E+04
    3.395306738215146E+04
    3.396238359937863E+04
    3.396747918058269E+04
    3.397025818757778E+04
    3.397179846199746E+04
    3.397266010759774E+04
    3.397314327855784E+04
    3.397341414868189E+04
    3.397356809808671E+04
    3.397364426358098E+04
    3.397372914366058E+04
    3.397368494356611E+04
    3.397342293058144E+04
    3.397622038042946E+04
    3.396816754397540E+04
    3.463871130347250E+04
    3.410879376048111E+04
    3.394748987858697E+04
    3.392450322466125E+04
    3.394677142811203E+04
    3.397300915790521E+04
    3.399187538004828E+04
    3.400333242072452E+04
    3.400981386098600E+04
    3.401344041471465E+04
    3.401548916908933E+04
    3.401665333794022E+04
    3.401731554480776E+04
    3.401769180479688E+04
    3.401790802475085E+04
    3.401801890936409E+04
    3.401812642652914E+04
    3.401811343010335E+04
    3.401771569623012E+04
    3.402093441840784E+04
    3.401269493779503E+04
    3.471719499352038E+04
    3.417942153723622E+04
    3.399421602341920E+04
    3.396057181437247E+04
    3.398072877364811E+04
    3.400907896158056E+04
    3.403090203078609E+04
    3.404475579127794E+04
    3.405286838828270E+04
    3.405753102100428E+04
    3.406021885197736E+04
    3.406177149839071E+04
    3.406266782711109E+04
    3.406318416039702E+04
    3.406348427592028E+04
    3.406364315867126E+04
    3.406378018692130E+04
    3.406381030192288E+04
    3.406326261214321E+04
    3.406689680483881E+04
    3.405856241956010E+04
    3.479487139739139E+04
    3.425458217124113E+04
    3.404428228647824E+04
    3.399816875291145E+04
    3.401510818702529E+04
    3.404517568432834E+04
    3.407001991817549E+04
    3.408650913576305E+04
    3.409651057789991E+04
    3.410242110714100E+04
    3.410590155957113E+04
    3.410794713098955E+04
    3.410914624990994E+04
    3.410984681315951E+04
    3.411025883997819E+04
    3.411048328063092E+04
    3.411065909774438E+04
    3.411074648842807E+04
    3.411003758229040E+04
    3.411407304713827E+04
    3.410574177183522E+04
    3.487092505312672E+04
    3.433422368193763E+04
    3.409805674296017E+04
    3.403750806809028E+04
    3.405000553068166E+04
    3.408126549901748E+04
    3.410911585337098E+04
    3.412845034296559E+04
    3.414060396788221E+04
    3.414799564273081E+04
    3.415244635230464E+04
    3.415511008266657E+04
    3.415669661596587E+04
    3.415763705571695E+04
    3.415819695445122E+04
    3.415850994655980E+04
    3.415873702130491E+04
    3.415889849632911E+04
    3.415802105331463E+04
    3.416243531421501E+04
    3.415421005428005E+04
    3.494447166244772E+04
    3.441820174852134E+04
    3.415593593399998E+04
    3.407884489216931E+04
    3.408556245799368E+04
    3.411734754783892E+04
    3.414809314728624E+04
    3.417044035581600E+04
    3.418500641501149E+04
    3.419413039072487E+04
    3.419975329197218E+04
    3.420318319985020E+04
    3.420526017537820E+04
    3.420650987344415E+04
    3.420726336328077E+04
    3.420769472327779E+04
    3.420798970597313E+04
    3.420824521120629E+04
    3.420719692221711E+04
    3.421195963092591E+04
    3.420394666212385E+04
    3.501404743971249E+04
    3.450677595456631E+04
    3.421832870267610E+04
    3.412247739763971E+04
    3.412197036202244E+04
    3.415345939753942E+04
    3.418687545459135E+04
    3.421234536353545E+04
    3.422957022216070E+04
    3.424069006984870E+04
    3.424771031792108E+04
    3.425207864374097E+04
    3.425476986713291E+04
    3.425641435614859E+04
    3.425741898187862E+04
    3.425800699230743E+04
    3.425839194001764E+04
    3.425876518497031E+04
    3.425754992463707E+04
    3.426262362222925E+04
    3.425493095399508E+04
    3.507953370985461E+04
    3.459869529700116E+04
    3.428562645936203E+04
    3.416874894115143E+04
    3.415947441454508E+04
    3.418968390639186E+04
    3.422541223606946E+04
    3.425404067770192E+04
    3.427414398015202E+04
    3.428752801052123E+04
    3.429619125695252E+04
    3.430169501952205E+04
    3.430514716891832E+04
    3.430729061740622E+04
    3.430861803910467E+04
    3.430941135206662E+04
    3.430991521567241E+04
    3.431043446720851E+04
    3.430906355789919E+04
    3.431440485132913E+04
    3.430714052975758E+04
    3.513931282999404E+04
    3.469410744048721E+04
    3.435817659338798E+04
    3.421804820994921E+04
    3.419837737228855E+04
    3.422615697682367E+04
    3.426368559661228E+04
    3.429541607131524E+04
    3.431857600019083E+04
    3.433448728906482E+04
    3.434505498045861E+04
    3.435191529433486E+04
    3.435629947078884E+04
    3.435906708676048E+04
    3.436080552826951E+04
    3.436186531680596E+04
    3.436252570863369E+04
    3.436322478883773E+04
    3.436171834594845E+04
    3.436727954081104E+04
    3.436054998672928E+04
    3.519263547735431E+04
    3.479224956665921E+04
    3.443623369406893E+04
    3.427080766946862E+04
    3.423904279058998E+04
    3.426307565948784E+04
    3.430171835680625E+04
    3.433638245878031E+04
    3.436271928807957E+04
    3.438140342551907E+04
    3.439414586569824E+04
    3.440260564820685E+04
    3.440811806278377E+04
    3.441165820847585E+04
    3.441391495892951E+04
    3.441531727821843E+04
    3.441618252457800E+04
    3.441710204966410E+04
    3.441549039922433E+04
    3.442122160457155E+04
    3.441513012471514E+04
    3.523879144904801E+04
    3.489228369644695E+04
    3.451991587489926E+04
    3.432749833905372E+04
    3.428189715449324E+04
    3.430070593856713E+04
    3.433958316842924E+04
    3.437687977266782E+04
    3.440643794999538E+04
    3.442810867552146E+04
    3.444329570656220E+04
    3.445361542729227E+04
    3.446047686641696E+04
    3.446496261891207E+04
    3.446786643176074E+04
    3.446970471797441E+04
    3.447083617965352E+04
    3.447202507185686E+04
    3.447035023542147E+04
    3.447620192616705E+04
    3.447084757540968E+04
    3.527721933834419E+04
    3.499331343896185E+04
    3.460914789936073E+04
    3.438862039424027E+04
    3.432743096039801E+04
    3.433938959436541E+04
    3.437741275120307E+04
    3.441688622909995E+04
    3.444961520509511E+04
    3.447443821029146E+04
    3.449232751533630E+04
    3.450477870809320E+04
    3.451323240392360E+04
    3.451886224349833E+04
    3.452256542204377E+04
    3.452495301428137E+04
    3.452642762872827E+04
    3.452794492115684E+04
    3.452626216860279E+04
    3.453218815874542E+04
    3.452766515390218E+04
    3.530760382026507E+04
    3.509438609066268E+04
    3.470358695637228E+04
    3.445468812599114E+04
    3.437619877625060E+04
    3.437954893294266E+04
    3.441541095962596E+04
    3.445642894363982E+04
    3.449216290682246E+04
    3.452023815514350E+04
    3.454106134633166E+04
    3.455591771538471E+04
    3.456622526856919E+04
    3.457322253784246E+04
    3.457790243982148E+04
    3.458097496092543E+04
    3.458288792221818E+04
    3.458480485584899E+04
    3.458318433228444E+04
    3.458914508265888E+04
    3.458554295675927E+04
    3.532990599935498E+04
    3.519452516857650E+04
    3.480259911648326E+04
    3.452620792916698E+04
    3.442881733424103E+04
    3.442168839736547E+04
    3.445386386220586E+04
    3.449559555090383E+04
    3.453403215194494E+04
    3.456537505906283E+04
    3.458932185599336E+04
    3.460684795525878E+04
    3.461928301958868E+04
    3.462789378109593E+04
    3.463375342321568E+04
    3.463767080059089E+04
    3.464013824746195E+04
    3.464254062812752E+04
    3.464106906355833E+04
    3.464703522570222E+04
    3.464443987183333E+04
    3.534438055519652E+04
    3.529279928479596E+04
    3.490522223129081E+04
    3.460364716300232E+04
    3.448595941361712E+04
    3.446639298153008E+04
    3.449314959861962E+04
    3.453454631065392E+04
    3.457522443548263E+04
    3.460974616591229E+04
    3.463694705998812E+04
    3.465738468596382E+04
    3.467222422885555E+04
    3.468271316530064E+04
    3.468998056925862E+04
    3.469492842053559E+04
    3.469808994958208E+04
    3.470108068987078E+04
    3.469986319522018E+04
    3.470581928055346E+04
    3.470431498094277E+04
    3.535157630568541E+04
    3.538836221987730E+04
    3.501018255329257E+04
    3.468739382277454E+04
    3.454834112858513E+04
    3.451432355872575E+04
    3.453374601016997E+04
    3.457352645350079E+04
    3.461580322313574E+04
    3.465329020919109E+04
    3.468379801743502E+04
    3.470735060533533E+04
    3.472486369723947E+04
    3.473750775355713E+04
    3.474643365628523E+04
    3.475262371183393E+04
    3.475664447443966E+04
    3.476034619075281E+04
    3.475950812674534E+04
    3.476545618624830E+04
    3.476512865954004E+04
    3.535231443707913E+04
    3.548040990369393E+04
    3.511602559673049E+04
    3.477770847144138E+04
    3.461670018183042E+04
    3.456620874030299E+04
    3.457623524443930E+04
    3.461287846888474E+04
    3.465590602928458E+04
    3.469599866043283E+04
    3.472976928625664E+04
    3.475658470264534E+04
    3.477701894771679E+04
    3.479209851061722E+04
    3.480295207295019E+04
    3.481062126556521E+04
    3.481569334691610E+04
    3.482025081701670E+04
    3.481993968954417E+04
    3.482590288949996E+04
    3.482684331251182E+04
    3.534764032139707E+04
    3.556803985164549E+04
    3.522137632249678E+04
    3.487467081083155E+04
    3.469176199280439E+04
    3.462283320109679E+04
    3.462130339864698E+04
    3.465305342570847E+04
    3.469575690626583E+04
    3.473792726199266E+04
    3.477479981205718E+04
    3.480495196842014E+04
    3.482851784561357E+04
    3.484630539213378E+04
    3.485936759093335E+04
    3.486877542235306E+04
    3.487511814546309E+04
    3.488070036025195E+04
    3.488108764486611E+04
    3.488711362196114E+04
    3.488942350559428E+04
    3.533874299500123E+04
    3.565017468635334E+04
    3.532516781962181E+04
    3.497812200171129E+04
    3.477419030675770E+04
    3.468502191078639E+04
    3.466973264918577E+04
    3.469461954034417E+04
    3.473567890456474E+04
    3.477920754094679E+04
    3.481888374204587E+04
    3.485235339740893E+04
    3.487920690911568E+04
    3.489995322197160E+04
    3.491550770838954E+04
    3.492693151488936E+04
    3.493479027127903E+04
    3.494159174261332E+04
    3.494287447276061E+04
    3.494903833708043E+04
    3.495283508395280E+04
    3.532683373649297E+04
    3.572572703005789E+04
    3.542665222191675E+04
    3.508760253725764E+04
    3.486451999543217E+04
    3.475361609309765E+04
    3.472238621515824E+04
    3.473826604422614E+04
    3.477610591383055E+04
    3.482005821725030E+04
    3.486208091188632E+04
    3.489873589162287E+04
    3.492895998771616E+04
    3.495287821377412E+04
    3.497119956719196E+04
    3.498492736531626E+04
    3.499457056005959E+04
    3.500281148404149E+04
    3.500521335876807E+04
    3.501162017801752E+04
    3.501704312826666E+04
    3.531295986030858E+04
    3.579374475840425E+04
    3.552539182526199E+04
    3.520229333333997E+04
    3.496307265578763E+04
    3.482943624347858E+04
    3.478018680927128E+04
    3.478480127445552E+04
    3.481759319385669E+04
    3.486079684828760E+04
    3.490452732873368E+04
    3.494410218340843E+04
    3.497768741348240E+04
    3.500493540074219E+04
    3.502627489422901E+04
    3.504259560127728E+04
    3.505430932799236E+04
    3.506423416301227E+04
    3.506800585072191E+04
    3.507479239458018E+04
    3.508200915084393E+04
    3.529756477306168E+04
    3.585373434675150E+04
    3.562101921457629E+04
    3.532098370618943E+04
    3.506985996849069E+04
    3.491322951161981E+04
    3.484409015790051E+04
    3.483514227466112E+04
    3.486082536216736E+04
    3.490185218634904E+04
    3.494644640410560E+04
    3.498852131967805E+04
    3.502534604609935E+04
    3.505600749048862E+04
    3.508057668113952E+04
    3.509976766922996E+04
    3.511384781000651E+04
    3.512572182369191E+04
    3.513114007074200E+04
    3.513847553283018E+04
    3.514768830182622E+04
    3.528083317962073E+04
    3.590603091624560E+04
    3.571297717901431E+04
    3.544209968072618E+04
    3.518448445979544E+04
    3.500560023870102E+04
    3.491505490806826E+04
    3.489029263525159E+04
    3.490661967749194E+04
    3.494377710232638E+04
    3.498816156532458E+04
    3.503214022414190E+04
    3.507195051888247E+04
    3.510601544740384E+04
    3.513396807305272E+04
    3.515628021217526E+04
    3.517302178981331E+04
    3.518712516953106E+04
    3.519449027725824E+04
    3.520257563952069E+04
    3.521402721307999E+04
    3.526228976584879E+04
    3.595152431294241E+04
    3.580084749442812E+04
    3.556383345918162E+04
    3.530605373776843E+04
    3.510692505638130E+04
    3.499400262875589E+04
    3.495131109182533E+04
    3.495592238681399E+04
    3.498726049726431E+04
    3.503011015258495E+04
    3.507519641367163E+04
    3.511758553455158E+04
    3.515493053892605E+04
    3.518634330555134E+04
    3.521198385493623E+04
    3.523166764576099E+04
    3.524828686314381E+04
    3.525791808824750E+04
    3.526698376141625E+04
    3.528096260612265E+04
    3.524002573115147E+04
    3.599125172806230E+04
    3.588472420747645E+04
    3.568434865525406E+04
    3.543313152301073E+04
    3.521725786558395E+04
    3.508176239731329E+04
    3.501927490877262E+04
    3.500979408403146E+04
    3.503313484990983E+04
    3.507285751339975E+04
    3.511803145006316E+04
    3.516241866308844E+04
    3.520278710463760E+04
    3.523763996265824E+04
    3.526675385283070E+04
    3.528963048756736E+04
    3.530904676733857E+04
    3.532127524613399E+04
    3.533157662106009E+04
    3.534842041026003E+04
    3.521220580007960E+04
    3.602630347813566E+04
    3.596522708598121E+04
    3.580198318185552E+04
    3.556376253578156E+04
    3.533623595408800E+04
    3.517899912465129E+04
    3.509524190066245E+04
    3.506937837797741E+04
    3.508237519380252E+04
    3.511710933250564E+04
    3.516110450365278E+04
    3.520671311772076E+04
    3.524969529302689E+04
    3.528785170518903E+04
    3.532050187503084E+04
    3.534677388553700E+04
    3.536924885024213E+04
    3.538440776053863E+04
    3.539621834827456E+04
    3.541631520236600E+04
    3.517588276355180E+04
    3.605791736267688E+04
    3.604330992404553E+04
    3.591540938385383E+04
    3.569561665753120E+04
    3.546300689187724E+04
    3.528612805426322E+04
    3.518020473098700E+04
    3.513585856128125E+04
    3.513608675604271E+04
    3.516371960782907E+04
    3.520500548811774E+04
    3.525084045405324E+04
    3.529585350812475E+04
    3.533704099295570E+04
    3.537318845196562E+04
    3.540299090833985E+04
    3.542874972440486E+04
    3.544716157520039E+04
    3.546076350260961E+04
    3.548455020947328E+04
    3.512727811698226E+04
    3.608753406478561E+04
    3.612003033044773E+04
    3.602373563434040E+04
    3.582627981731073E+04
    3.559620605245954E+04
    3.540322128462866E+04
    3.527502943008536E+04
    3.521041151027528E+04
    3.519547706188742E+04
    3.521369093339331E+04
    3.525046705500447E+04
    3.529529360588575E+04
    3.534156095553937E+04
    3.538535189043242E+04
    3.542483603276432E+04
    3.545821649774731E+04
    3.548742908370963E+04
    3.550939023968547E+04
    3.552506200552372E+04
    3.555301852525835E+04
    3.506220297453579E+04
    3.611674569031024E+04
    3.619629275991561E+04
    3.612652725139064E+04
    3.595365851553695E+04
    3.573401980121554E+04
    3.552991549242390E+04
    3.538037614862519E+04
    3.529416087813699E+04
    3.526180889627216E+04
    3.526816345772559E+04
    3.529837357737204E+04
    3.534070039150497E+04
    3.538723084519099E+04
    3.543302327893108E+04
    3.547554272329890E+04
    3.551244120827299E+04
    3.554520224249948E+04
    3.557096502488718E+04
    3.558896662266122E+04
    3.562160621271421E+04
    3.497633146281075E+04
    3.614715323549583E+04
    3.627264524934961E+04
    3.622359313165292E+04
    3.607638267290091E+04
    3.587435727789139E+04
    3.566533474396224E+04
    3.549660329239267E+04
    3.538811778794257E+04
    3.533634358778511E+04
    3.532838920400718E+04
    3.534976325110968E+04
    3.538783635942847E+04
    3.543340427436258E+04
    3.548040253103391E+04
    3.552549649643020E+04
    3.556572595574267E+04
    3.560203451720964E+04
    3.563178745574405E+04
    3.565234323949298E+04
    3.569019764553694E+04
    3.486578474825747E+04
    3.617980827354881E+04
    3.634878251563633E+04
    3.631519040819258E+04
    3.619405441954682E+04
    3.601510906601702E+04
    3.580805081352361E+04
    3.562366191939978E+04
    3.549310263955235E+04
    3.542028530331074E+04
    3.539568558067371E+04
    3.540581825429579E+04
    3.543763425869872E+04
    3.548076408289836E+04
    3.552795940587392E+04
    3.557498944485455E+04
    3.561821710520676E+04
    3.565795676144187E+04
    3.569180376153328E+04
    3.571508372374204E+04
    3.575868318982857E+04
    3.472756914334500E+04
    3.621396067404393E+04
    3.642364987630734E+04
    3.640219893922711E+04
    3.630722647520811E+04
    3.615441696094911E+04
    3.595611645442479E+04
    3.576099622352719E+04
    3.560965084578563E+04
    3.551472283519594E+04
    3.547137312583377E+04
    3.546783988718512E+04
    3.549118632451032E+04
    3.553014748595993E+04
    3.557630004950752E+04
    3.562443194778006E+04
    3.567016144561365E+04
    3.571308140767126E+04
    3.575102066523498E+04
    3.577712101647208E+04
    3.582696935722477E+04
    3.455951548908499E+04
    3.624755657490468E+04
    3.649651900549258E+04
    3.648601823674291E+04
    3.641693982986267E+04
    3.629087815224489E+04
    3.610721931696830E+04
    3.590747823076978E+04
    3.573791004106763E+04
    3.562055857138617E+04
    3.555671587909392E+04
    3.553720469587463E+04
    3.554973492203699E+04
    3.558255551306725E+04
    3.562618109757146E+04
    3.567436715731790E+04
    3.572192116417261E+04
    3.576761875777796E+04
    3.580952213700096E+04
    3.583844613329410E+04
    3.589499161110292E+04
    3.435984203396700E+04
    3.627780058520463E+04
    3.656735112903742E+04
    3.656856868668144E+04
    3.652427763052308E+04
    3.642367556664547E+04
    3.625898669767243E+04
    3.606141571457090E+04
    3.587754232726319E+04
    3.573842579840600E+04
    3.565286797088256E+04
    3.561530113800967E+04
    3.561464780227865E+04
    3.563915543533341E+04
    3.567852288464268E+04
    3.572548604252845E+04
    3.577398909777182E+04
    3.582189340750159E+04
    3.586748673246839E+04
    3.589912658217210E+04
    3.596272966507594E+04
    3.412678563999543E+04
    3.630037810430543E+04
    3.663630142624637E+04
    3.665210767678885E+04
    3.663036701697111E+04
    3.655254492550733E+04
    3.640938871978584E+04
    3.622067005031293E+04
    3.602765057262951E+04
    3.586859844751104E+04
    3.576081134156435E+04
    3.570346503075957E+04
    3.568737342508110E+04
    3.570127003742930E+04
    3.573441825531470E+04
    3.577864178233263E+04
    3.582700376260812E+04
    3.587636013773369E+04
    3.592520458069447E+04
    3.595932496835967E+04
    3.603022436146814E+04
    3.385828741229843E+04
    3.630909240345094E+04
    3.670294725287559E+04
    3.673916167041132E+04
    3.673648480347444E+04
    3.667773543847663E+04
    3.655709043548366E+04
    3.638289255100633E+04
    3.618675553059769E+04
    3.601090248748409E+04
    3.588128085608455E+04
    3.580292330395992E+04
    3.576937253446307E+04
    3.577034838180371E+04
    3.579513144362244E+04
    3.583486087096254E+04
    3.588176306727469E+04
    3.593161840345063E+04
    3.598309300306437E+04
    3.601931624545973E+04
    3.609759499652125E+04
    3.355142652259039E+04
    3.629599756858878E+04
    3.676641748862877E+04
    3.683213464100477E+04
    3.684346225225182E+04
    3.680013466556327E+04
    3.670166015470659E+04
    3.654583982966174E+04
    3.635286015373870E+04
    3.616464756371621E+04
    3.601468127180753E+04
    3.591473196454651E+04
    3.586204583228914E+04
    3.584791591419000E+04
    3.586208189096663E+04
    3.589534798133047E+04
    3.593923618607451E+04
    3.598842570103213E+04
    3.604171112010624E+04
    3.607950334118363E+04
    3.616505689507615E+04
    3.320177577842140E+04
    3.625261311019970E+04
    3.682474142239001E+04
    3.693219180710283E+04
    3.695156321654214E+04
    3.692093022579497E+04
    3.684338783489251E+04
    3.670769213596568E+04
    3.652364144834779E+04
    3.632861066677750E+04
    3.616100588986177E+04
    3.603970308087739E+04
    3.596667566167645E+04
    3.593550257966114E+04
    3.593681026810487E+04
    3.596148125710905E+04
    3.600057333594174E+04
    3.604771134270264E+04
    3.610177552879015E+04
    3.614043303185992E+04
    3.623294030805153E+04
    3.280357345829305E+04
    3.616483105186892E+04
    3.688268154435857E+04
    3.704001573049087E+04
    3.706030611449846E+04
    3.704139035476893E+04
    3.698283932740524E+04
    3.686731691112578E+04
    3.669678977056632E+04
    3.650111287569365E+04
    3.631977599576805E+04
    3.617832690006100E+04
    3.608436709210030E+04
    3.603456735964601E+04
    3.602092404199627E+04
    3.603479182325443E+04
    3.606710941779354E+04
    3.611058954731633E+04
    3.616417742872399E+04
    3.620281298254356E+04
    3.630171056244968E+04
    3.234969024872610E+04
    3.602492855072393E+04
    3.693327924817273E+04
    3.715286581658822E+04
    3.716849695089887E+04
    3.716273247129213E+04
    3.712079405168414E+04
    3.702445602138811E+04
    3.687047197931819E+04
    3.668021127255716E+04
    3.649002626780536E+04
    3.633069917348000E+04
    3.621597953186088E+04
    3.614643728311118E+04
    3.611601780697532E+04
    3.611692073382680E+04
    3.614035326450108E+04
    3.617836661441203E+04
    3.622999842931162E+04
    3.626752820338996E+04
    3.637198737446674E+04
    3.183292728938070E+04
    3.583666717424185E+04
    3.697895835790382E+04
    3.726020225685718E+04
    3.727784633799692E+04
    3.728609727520226E+04
    3.725829858245600E+04
    3.717953842173456E+04
    3.704382977808649E+04
    3.686397112043498E+04
    3.667036089116264E+04
    3.649647622596539E+04
    3.636205917466232E+04
    3.627224662268753E+04
    3.622358857774061E+04
    3.620955179584427E+04
    3.622195639855569E+04
    3.625253704932573E+04
    3.630052288657664E+04
    3.633565661160410E+04
    3.644456295938512E+04
    3.125481396010492E+04
    3.555377899987645E+04
    3.702515474010099E+04
    3.735172450718706E+04
    3.739351173866204E+04
    3.741083265090254E+04
    3.739678540039420E+04
    3.733388615796296E+04
    3.721716339898910E+04
    3.705079948734797E+04
    3.685908446545396E+04
    3.667488761671166E+04
    3.652278805158467E+04
    3.641287251123980E+04
    3.634497292786014E+04
    3.631432518250511E+04
    3.631366312030883E+04
    3.633476720259386E+04
    3.637724711134339E+04
    3.640848702884103E+04
    3.652042276523772E+04
    3.062834247273275E+04
    3.515908293764466E+04
    3.702239145289402E+04
    3.743705035188862E+04
    3.752681728868228E+04
    3.753242152211432E+04
    3.753648390966414E+04
    3.748964356152362E+04
    3.739105920313212E+04
    3.723988234639518E+04
    3.705441581738724E+04
    3.686481861352221E+04
    3.669796555779068E+04
    3.656887607827638E+04
    3.648128981210975E+04
    3.643275747837675E+04
    3.641724360694244E+04
    3.642686298676324E+04
    3.646188018034886E+04
    3.648753727388225E+04
    3.660076908963860E+04
    2.999857307490959E+04
    3.459535767810569E+04
    3.698241343312258E+04
    3.749438171927766E+04
    3.766436621521573E+04
    3.766288851266252E+04
    3.767211813890065E+04
    3.764846167450467E+04
    3.756613217150727E+04
    3.743089265657291E+04
    3.725500018521368E+04
    3.706491033084771E+04
    3.688703003109954E+04
    3.674046663216065E+04
    3.663338980207770E+04
    3.656619359378529E+04
    3.653441538913098E+04
    3.653072161930408E+04
    3.655632940212479E+04
    3.657456661980755E+04
    3.668704600442763E+04
    2.940134969801016E+04
    3.384402711569831E+04
    3.683449249470125E+04
    3.753737104872779E+04
    3.780135917614980E+04
    3.782117780606398E+04
    3.780233482750141E+04
    3.780386712864888E+04
    3.774277065500573E+04
    3.762354004912424E+04
    3.746054565523177E+04
    3.727380535543612E+04
    3.708903297066974E+04
    3.692749356526621E+04
    3.680183046897494E+04
    3.671577752279238E+04
    3.666678336954587E+04
    3.664826857454742E+04
    3.666266446193619E+04
    3.667157547224760E+04
    3.678096401672811E+04
    2.886971239724988E+04
    3.292326987646551E+04
    3.649191629181506E+04
    3.758048275989430E+04
    3.790379085662904E+04
    3.800251974277724E+04
    3.795862632171133E+04
    3.794600686734076E+04
    3.791635802513269E+04
    3.781852706748674E+04
    3.767080712937035E+04
    3.749102349015672E+04
    3.730268078253120E+04
    3.712941785695856E+04
    3.698689283953336E+04
    3.688244857256662E+04
    3.681581645158486E+04
    3.678138355167741E+04
    3.678305134502421E+04
    3.678077642132437E+04
    3.688451069802574E+04
    2.842391322293680E+04
    3.180223710306193E+04
    3.587962735905765E+04
    3.759959729949308E+04
    3.800775313752244E+04
    3.816245301908288E+04
    3.815656209662926E+04
    3.809934756587233E+04
    3.807524599747823E+04
    3.801335592512596E+04
    3.788593583693021E+04
    3.771618820360018E+04
    3.752750324327250E+04
    3.734538009098744E+04
    3.718858123554177E+04
    3.706696292919410E+04
    3.698283575775197E+04
    3.693184510148002E+04
    3.691965929086473E+04
    3.690453418990036E+04
    3.699994328018939E+04
    2.806866481484397E+04
    3.060583578663804E+04
    3.506485246680400E+04
    3.748901001823356E+04
    3.812063084819658E+04
    3.829441898962235E+04
    3.835996212345487E+04
    3.828606813416927E+04
    3.823706231521679E+04
    3.819502877228183E+04
    3.810253945514436E+04
    3.794874432074149E+04
    3.776390409012756E+04
    3.757570670932876E+04
    3.740677150781426E+04
    3.726989858688657E+04
    3.716902969162831E+04
    3.710130911924854E+04
    3.707456272005176E+04
    3.704527219045534E+04
    3.712974564616532E+04
    2.779953837030183E+04
    2.954216863407786E+04
    3.391668086062298E+04
    3.713869120369838E+04
    3.818371334207788E+04
    3.843406167380527E+04
    3.851205054251684E+04
    3.852831543045751E+04
    3.842774448249103E+04
    3.837391030547124E+04
    3.830587818215704E+04
    3.818563316748076E+04
    3.801246322736055E+04
    3.782222407019922E+04
    3.764278271745883E+04
    3.749179800044124E+04
    3.737538700731631E+04
    3.729132103405084E+04
    3.724973130955646E+04
    3.720539812051836E+04
    3.727657217404733E+04
    2.760595387256655E+04
    2.871281176099818E+04
    3.230753109505427E+04
    3.639642612713576E+04
    3.813980664622524E+04
    3.858599792135680E+04
    3.869095596288202E+04
    3.873743724048721E+04
    3.869704015712967E+04
    3.857737834008482E+04
    3.850276870923729E+04
    3.840997047658353E+04
    3.827044810146652E+04
    3.808704037367064E+04
    3.789961868416842E+04
    3.773489988830435E+04
    3.760294413492890E+04
    3.750316619749009E+04
    3.744702258963699E+04
    3.738730373515675E+04
    3.744324366107977E+04
    2.747417272453773E+04
    2.812933635627032E+04
    3.058542024026330E+04
    3.516050670568098E+04
    3.778105319199240E+04
    3.869461049646015E+04
    3.890965782163267E+04
    3.893270848836403E+04
    3.894680180302278E+04
    3.885530638980246E+04
    3.872568552393295E+04
    3.863100958460551E+04
    3.851751234583002E+04
    3.836592329385119E+04
    3.818027084913398E+04
    3.800314263647750E+04
    3.785478803100339E+04
    3.773865904403633E+04
    3.766800645274587E+04
    3.759320849781235E+04
    3.763271035145894E+04
    2.738984129515155E+04
    2.775262166241989E+04
    2.919497883780085E+04
    3.332347079373644E+04
    3.711214838339463E+04
    3.870167933589192E+04
    3.910997205868967E+04
    3.918056720363214E+04
    3.915982987069520E+04
    3.914574253995625E+04
    3.901876993731105E+04
    3.888026549107870E+04
    3.876643806506838E+04
    3.863508269399963E+04
    3.847829812931073E+04
    3.830024052731546E+04
    3.813556137455160E+04
    3.800232515656452E+04
    3.791553406207946E+04
    3.782560134631929E+04
    3.784777463123674E+04
    2.734149851550006E+04
    2.752475558847365E+04
    2.828409677814750E+04
    3.103581568112035E+04
    3.572453173125811E+04
    3.824853980544037E+04
    3.925543604986029E+04
    3.945604561153789E+04
    3.944020701201943E+04
    3.939253559427946E+04
    3.935601161205537E+04
    3.920249732504490E+04
    3.904392427666592E+04
    3.891121841136103E+04
    3.876763762799118E+04
    3.861679506815857E+04
    3.844887690249627E+04
    3.829929154901391E+04
    3.819472749249612E+04
    3.808951013196868E+04
    3.809195610071969E+04
    2.731863487047393E+04
    2.739389768760532E+04
    2.776304445077319E+04
    2.920339250468814E+04
    3.330926037559290E+04
    3.727834693352079E+04
    3.914533860454591E+04
    3.964536433407993E+04
    3.975114228423696E+04
    3.970227368769185E+04
    3.963828922633814E+04
    3.957979167881016E+04
    3.940708252250617E+04
    3.921761478427004E+04
    3.907159929928410E+04
    3.892834667831616E+04
    3.878391418391303E+04
    3.863259120653164E+04
    3.851062363410452E+04
    3.838920981463987E+04
    3.837089526010516E+04
    2.730960365549331E+04
    2.732807834572977E+04
    2.748836344331374E+04
    2.814274868521235E+04
    3.056040766979446E+04
    3.535014584445915E+04
    3.833892078936545E+04
    3.980596223640454E+04
    4.002771792711879E+04
    4.004979897644337E+04
    3.997895638544017E+04
    3.989535986369172E+04
    3.981332896625970E+04
    3.963751011472227E+04
    3.941692751237642E+04
    3.926686136377776E+04
    3.912139245587921E+04
    3.898991896889247E+04
    3.886703212821729E+04
    3.872824394967639E+04
    3.869022222366332E+04
    2.730893196614335E+04
    2.730551306841761E+04
    2.735374082388560E+04
    2.762562959127478E+04
    2.867288425102487E+04
    3.210297572121264E+04
    3.684462548820052E+04
    3.918068612748214E+04
    4.040314254528531E+04
    4.043455087218720E+04
    4.037157093217594E+04
    4.026941122874209E+04
    4.015842703479798E+04
    4.005427300816388E+04
    3.989970604265884E+04
    3.967517028025888E+04
    3.950299825843101E+04
    3.935928967336805E+04
    3.925112029309174E+04
    3.910978984513445E+04
    3.905553125138117E+04
    2.731343719368294E+04
    2.730460339722186E+04
    2.730466227308198E+04
    2.739285902290835E+04
    2.779367357160354E+04
    2.930409515093491E+04
    3.341769960711090E+04
    3.787896583509877E+04
    3.986845168361665E+04
    4.096086394325366E+04
    4.086558549796596E+04
    4.072617438601293E+04
    4.057913895529183E+04
    4.044717726146363E+04
    4.033488148035401E+04
    4.020276924071837E+04
    3.999947335065185E+04
    3.980099328454438E+04
    3.966910064784143E+04
    3.952085170746731E+04
    3.946430938230889E+04
    2.731520033125646E+04
    2.731146336191483E+04
    2.730041398835550E+04
    2.730706483048547E+04
    2.743624366864116E+04
    2.796366111517664E+04
    2.991013925853753E+04
    3.438244288085324E+04
    3.857214459143870E+04
    4.040626425470981E+04
    4.150426213024536E+04
    4.137301976318811E+04
    4.114919512475803E+04
    4.094656512198621E+04
    4.079782304522442E+04
    4.067497508976881E+04
    4.054053012351361E+04
    4.036736416596984E+04
    4.019816628429422E+04
    4.001095659753976E+04
    3.992082273162670E+04
    2.731445039097633E+04
    2.731586213896820E+04
    2.730904182759102E+04
    2.729714199328799E+04
    2.731097706278588E+04
    2.747159825445814E+04
    2.809206890231936E+04
    3.030663555695021E+04
    3.491002145459560E+04
    3.901369857713336E+04
    4.092786912832859E+04
    4.195782705419248E+04
    4.199278115858333E+04
    4.172920114193265E+04
    4.144375270055382E+04
    4.122308142768511E+04
    4.106801351573898E+04
    4.093161929279663E+04
    4.080129555171692E+04
    4.062646041413442E+04
    4.047898564559755E+04
    2.731402010486829E+04
    2.731497367526922E+04
    2.731615446132065E+04
    2.730733954766483E+04
    2.729519662795953E+04
    2.731335674964758E+04
    2.748755520497131E+04
    2.813451213575947E+04
    3.037162687022945E+04
    3.493940226223570E+04
    3.913717196797711E+04
    4.131458832033641E+04
    4.215989030644248E+04
    4.264207057478614E+04
    4.242485194753282E+04
    4.205691194636795E+04
    4.175513501275131E+04
    4.155350572748238E+04
    4.143122489503690E+04
    4.128972077044236E+04
    4.114308898407928E+04
    2.731392827547093E+04
    2.731393527515796E+04
    2.731531665468129E+04
    2.731613812650017E+04
    2.730661842151586E+04
    2.729474864298369E+04
    2.731217613849504E+04
    2.747749699293546E+04
    2.807380686870712E+04
    3.007233591368056E+04
    3.440247327442023E+04
    3.892330985798536E+04
    4.137920851604416E+04
    4.245426430902042E+04
    4.312213728822744E+04
    4.321373978368206E+04
    4.294361496429053E+04
    4.255410259405502E+04
    4.226085746047751E+04
    4.205120695349221E+04
    4.190436547983478E+04
    2.731405692950328E+04
    2.731386551846186E+04
    2.731393789325673E+04
    2.731549429433724E+04
    2.731616218576793E+04
    2.730695117873135E+04
    2.729583495186525E+04
    2.730767494328564E+04
    2.744398156497426E+04
    2.792959619578829E+04
    2.948500702566426E+04
    3.328835872183446E+04
    3.801793986062015E+04
    4.112809923921502E+04
    4.262265759726720E+04
    4.333423849696072E+04
    4.376893667836075E+04
    4.381712526671022E+04
    4.359221801036221E+04
    4.327921091048401E+04
    4.294150737150103E+04
    2.731408583955086E+04
    2.731406199981750E+04
    2.731383787772732E+04
    2.731395056202928E+04
    2.731544118772361E+04
    2.731621860958355E+04
    2.730814092700934E+04
    2.729802719623549E+04
    2.730255952821341E+04
    2.739768339133772E+04
    2.774684681137707E+04
    2.879897074699291E+04
    3.166163758256002E+04
    3.622232121910276E+04
    4.011350134626230E+04
    4.239486073773487E+04
    4.339478358298644E+04
    4.402461772289783E+04
    4.431854156200662E+04
    4.442729707360481E+04
    4.429927943713842E+04
    2.731406197079756E+04
    2.731409247671152E+04
    2.731405989888601E+04
    2.731383435772726E+04
    2.731395982635112E+04
    2.731520811425507E+04
    2.731617227913243E+04
    2.731003402384392E+04
    2.730065829145876E+04
    2.729997770393653E+04
    2.735305231932702E+04
    2.757255287362427E+04
    2.820791639619356E+04
    2.995862555878498E+04
    3.351726099672291E+04
    3.790802255532909E+04
    4.111519977255682E+04
    4.307001183072562E+04
    4.392864197797280E+04
    4.449678144337437E+04
    4.481566624923112E+04
    2.731405791256788E+04
    2.731406271747589E+04
    2.731409262955168E+04
    2.731406086091396E+04
    2.731386180110341E+04
    2.731395911503505E+04
    2.731488754989131E+04
    2.731591578726416E+04
    2.731221727507169E+04
    2.730353927279389E+04
    2.730038396856202E+04
    2.732258173897926E+04
    2.743861351042211E+04
    2.778630540482092E+04
    2.865817707493324E+04
    3.073238233852030E+04
    3.428337632503353E+04
    3.819634729422432E+04
    4.128704108767761E+04
    4.300623100845094E+04
    4.436281957934365E+04
    2.731406042508847E+04
    2.731405700425348E+04
    2.731406308840871E+04
    2.731408733833685E+04
    2.731406110386026E+04
    2.731391571958847E+04
    2.731393684131885E+04
    2.731458851862272E+04
    2.731549214230894E+04
    2.731390192511692E+04
    2.730712302513226E+04
    2.730191708813260E+04
    2.730863305112578E+04
    2.735751605717714E+04
    2.751859513214077E+04
    2.792473082763651E+04
    2.882551517224912E+04
    3.067445611738953E+04
    3.375740728073972E+04
    3.697106484814269E+04
    4.092201397960471E+04
    2.731406122989593E+04
    2.731406044727163E+04
    2.731405761242633E+04
    2.731406295076462E+04
    2.731407937629559E+04
    2.731406510577942E+04
    2.731396907675983E+04
    2.731392994502787E+04
    2.731434592988089E+04
    2.731502972007943E+04
    2.731469617785991E+04
    2.731071180797674E+04
    2.730478119720284E+04
    2.730457286749181E+04
    2.732053706361742E+04
    2.738208587511772E+04
    2.754564069492337E+04
    2.790581575496147E+04
    2.862867053169824E+04
    2.987749989180790E+04
    3.310785079644743E+04
    2.731406098828511E+04
    2.731406124763421E+04
    2.731406051001670E+04
    2.731405874805512E+04
    2.731406185700615E+04
    2.731407257643640E+04
    2.731406880441327E+04
    2.731400687642170E+04
    2.731396176271097E+04
    2.731414992846543E+04
    2.731465808089507E+04
    2.731478505685119E+04
    2.731319203203190E+04
    2.730883993709532E+04
    2.730510375916278E+04
    2.730811257330130E+04
    2.732720013804415E+04
    2.738129295982701E+04
    2.751118982366292E+04
    2.775121121979022E+04
    2.856301846212418E+04
    2.731406089880437E+04
    2.731406097636107E+04
    2.731406113595196E+04
    2.731406068843399E+04
    2.731405963576272E+04
    2.731406088483395E+04
    2.731406804045769E+04
    2.731406779690761E+04
    2.731403660484223E+04
    2.731399396298818E+04
    2.731405961237540E+04
    2.731434024047812E+04
    2.731463656517079E+04
    2.731420768897434E+04
    2.731222927472212E+04
    2.730850530331883E+04
    2.730666878059314E+04
    2.730875457111410E+04
    2.732869569677194E+04
    2.734816212481053E+04
    2.752176204274941E+04
    2.731406091256483E+04
    2.731406090089650E+04
    2.731406095180039E+04
    2.731406104135935E+04
    2.731406084575744E+04
    2.731406015987659E+04
    2.731406064422199E+04
    2.731406446163155E+04
    2.731406618086848E+04
    2.731405266755246E+04
    2.731402466532508E+04
    2.731403087937080E+04
    2.731415438499588E+04
    2.731437334657505E+04
    2.731446394801206E+04
    2.731377223151690E+04
    2.731223125313764E+04
    2.730891148951686E+04
    2.730898154266695E+04
    2.730504339706084E+04
    2.733163756359506E+04
    2.731406091888637E+04
    2.731406091455341E+04
    2.731406090807921E+04
    2.731406093117012E+04
    2.731406098790620E+04
    2.731406090773035E+04
    2.731406052648401E+04
    2.731406063893665E+04
    2.731406234119857E+04
    2.731406416757065E+04
    2.731405979389241E+04
    2.731404509415768E+04
    2.731403583424239E+04
    2.731406888972979E+04
    2.731418763524069E+04
    2.731431032594979E+04
    2.731433473107637E+04
    2.731366381230614E+04
    2.731283825050118E+04
    2.731000624529785E+04
    2.730975156399063E+04
    2.731406091844078E+04
    2.731406091881705E+04
    2.731406091664571E+04
    2.731406091256941E+04
    2.731406092192987E+04
    2.731406095432661E+04
    2.731406092378049E+04
    2.731406075480473E+04
    2.731406070400912E+04
    2.731406136000869E+04
    2.731406250962445E+04
    2.731406180702616E+04
    2.731405599578538E+04
    2.731404730165816E+04
    2.731404926311056E+04
    2.731408712341978E+04
    2.731416337012106E+04
    2.731426440792949E+04
    2.731418570535597E+04
    2.731410635717884E+04
    2.731265161130099E+04
    2.731406091816545E+04
    2.731406091831891E+04
    2.731406091856601E+04
    2.731406091768046E+04
    2.731406091529416E+04
    2.731406091901215E+04
    2.731406093348759E+04
    2.731406092773652E+04
    2.731406086036197E+04
    2.731406080044443E+04
    2.731406098356301E+04
    2.731406154483211E+04
    2.731406174440416E+04
    2.731406030522197E+04
    2.731405556745416E+04
    2.731405291693787E+04
    2.731405414733401E+04
    2.731409080123190E+04
    2.731411203319739E+04
    2.731424039904986E+04
    2.731411240127898E+04
    2.731406091817731E+04
    2.731406091816495E+04
    2.731406091823330E+04
    2.731406091838605E+04
    2.731406091803897E+04
    2.731406091694756E+04
    2.731406091806867E+04
    2.731406092366595E+04
    2.731406092491610E+04
    2.731406090301243E+04
    2.731406086607963E+04
    2.731406089751284E+04
    2.731406108555947E+04
    2.731406136448110E+04
    2.731406114245352E+04
    2.731405993671630E+04
    2.731405710463031E+04
    2.731405581712901E+04
    2.731405841861504E+04
    2.731407019797767E+04
    2.731411350140830E+04
    2.731406091818545E+04
    2.731406091818140E+04
    2.731406091817308E+04
    2.731406091820003E+04
    2.731406091827207E+04
    2.731406091815604E+04
    2.731406091774686E+04
    2.731406091790725E+04
    2.731406091983287E+04
    2.731406092147778E+04
    2.731406091619135E+04
    2.731406090050768E+04
    2.731406089614345E+04
    2.731406093979469E+04
    2.731406107097401E+04
    2.731406112264790E+04
    2.731406103000310E+04
    2.731405989290110E+04
    2.731405943730419E+04
    2.731405585955428E+04
    2.731406198078139E+04
    2.731406091818502E+04
    2.731406091818541E+04
    2.731406091818369E+04
    2.731406091817956E+04
    2.731406091818878E+04
    2.731406091821569E+04
    2.731406091818905E+04
    2.731406091805057E+04
    2.731406091801723E+04
    2.731406091853885E+04
    2.731406091946130E+04
    2.731406091864875E+04
    2.731406091422977E+04
    2.731406090720117E+04
    2.731406091469015E+04
    2.731406094159056E+04
    2.731406101709777E+04
    2.731406101242643E+04
    2.731406096238460E+04
    2.731406051934434E+04
    2.731405961894534E+04
    2.731406091818482E+04
    2.731406091818496E+04
    2.731406091818516E+04
    2.731406091818459E+04
    2.731406091818302E+04
    2.731406091818536E+04
    2.731406091819416E+04
    2.731406091819150E+04
    2.731406091815143E+04
    2.731406091811357E+04
    2.731406091822066E+04
    2.731406091854669E+04
    2.731406091866241E+04
    2.731406091772759E+04
    2.731406091506900E+04
    2.731406091395268E+04
    2.731406091666365E+04
    2.731406094070785E+04
    2.731406094932220E+04
    2.731406102134077E+04
    2.731406086114013E+04
    2.731406091818484E+04
    2.731406091818484E+04
    2.731406091818490E+04
    2.731406091818499E+04
    2.731406091818486E+04
    2.731406091818433E+04
    2.731406091818466E+04
    2.731406091818698E+04
    2.731406091818821E+04
    2.731406091818018E+04
    2.731406091816297E+04
    2.731406091817233E+04
    2.731406091824226E+04
    2.731406091837570E+04
    2.731406091826482E+04
    2.731406091786689E+04
    2.731406091649035E+04
    2.731406091670149E+04
    2.731406091714009E+04
    2.731406092558851E+04
    2.731406093993133E+04
