nohup: ignoring input
 ----------------- OpenCFD-EC3D ver 1.14a (MPI-OpenMP version)------------------
         Copyright by Li Xinliang, lixl@imech.ac.cn                            
         Programming by Li Xinliang  2016-1                                   
 ----------------------------------------------------------------------------- 
 Check if Multi-Grid can be used ...
 Total Block number is            2 Total Cell number is         9600
 Check multigrid OK
 can not find partation.dat,  create partation ...
 Partation ......
 Total Cell number=        9600
 Total Grid number=       19724
 Max grid number is        19724  ... rato to mean grid is   1.0000000000000000     
 Min grid number is        19724  ... rato to mean grid is   1.0000000000000000     
 rato max to min is    1.0000000000000000     
 Read material.in OK, Total_block=           2
   Block           1 : Block_type=           0  rho=   0.0000000000000000       Cp=   0.0000000000000000       k=   0.0000000000000000     
   Block           2 : Block_type=           1  rho=   7800.0000000000000       Cp=   460.00000000000000       k=   50.000000000000000     
 porous.inp not found: porous blocks use defaults (eps=0.9, dp=1e-3 m, hv=0)
 creat main mesh OK, Num_Cell=        9600
  read main mesh ...
 read Mesh3d.dat OK
 Convert bc3d.inp to bc3d.inc ...
 Convert bc3d.inp to bc3d.inc OK
 read bc3d.inc (Link/boundary file)......
 read bc3d.inc OK
 Convert bc3d_interface.inp to bc3d_interface.inc ...
 Convert bc3d_interface.inp to bc3d_interface.inc OK
 read bc3d_interface.inc (Interface link file)......
 read bc3d_interface.inc OK
 Read solid_bc.inp OK
   Block           2  (solid):           1  thermal BC faces
     face           5  Tw=   300.00000000000000       Qw=   0.0000000000000000     
  Need not read wall_dist.dat 
 No FDM.in, Donot use hybrid FVM/FDM
 my_id, block_no, FDM, FD_Flux, FD_Scheme=           0           1           0
 my_id, block_no, FDM, FD_Flux, FD_Scheme=           0           2           0
 comput Jocabian OK ...
 Check mesh quality ......
 Check mesh quality OK
 Initial by Free-stream flow ......
  Start ......
  Staggered segmented coupling mode (Iflag_Couple_Scheme=1) ...
  run_staggered_multiregion: block types F/L/S/P = T F T F
  run_staggered_multiregion: pairs 11/12/13/19 = T F F F
  run_staggered_fluid_solid(paircode=          11 ): solid block           2  fluid block           1  Kstep_Couple_Comp=         200  Niter_Couple_Outer=           3  Twall_Couple_Init=   300.00000000000000     
  outer iter           1 : flow chunk steps =         200
 --------------Force and Moment -----------------------------
 Total Force Coefficient (CL, CD, CS) =
   9.0357834436584055E-003   2.0000000000000000        0.0000000000000000     
 Total Moment Coefficient(CMx, CMy, CMz)=
  -2.2589458609146014E-003  0.50000000000000000        1.0316260959215348E-002
 Kstep, t=           1   1.0000000000000000     
 ----------The Max Residuals are--------  ---Mesh---           1
    0.4336808690E-18    0.1250000010E-01    0.4983016127E-06    0.3388131789E-20    0.9765639297E-10
   The R.M.S Residuals are 
    0.5213496875E-19    0.1141088670E-02    0.7192364256E-08    0.3783623562E-21    0.1260736437E-10
 --------------Force and Moment -----------------------------
 Total Force Coefficient (CL, CD, CS) =
  -6.2632407190439873E-002   1.8055612614566707       -7.4646704488303186E-020
 Total Moment Coefficient(CMx, CMy, CMz)=
   1.5658101797609965E-002  0.45139031536416768       -2.2651026303645933E-002
 Kstep, t=           2   2.0000000000000000     
 ----------The Max Residuals are--------  ---Mesh---           1
    0.1160681482E-03    0.9688301656E-02    0.2733897160E-03    0.9198448744E-20    0.7431189258E-02
   The R.M.S Residuals are 
    0.1232369691E-04    0.8913622233E-03    0.3453805689E-04    0.1323905571E-20    0.4994482720E-03
 --------------Force and Moment -----------------------------
 Total Force Coefficient (CL, CD, CS) =
  -6.2638536563461009E-002   1.3248055439067055       -2.2041107170230294E-020
 Total Moment Coefficient(CMx, CMy, CMz)=
   1.5659634140865231E-002  0.33120138597667637       -1.9364047675319268E-002
 Kstep, t=           3   3.0000000000000000     
 ----------The Max Residuals are--------  ---Mesh---           1
    0.1512079030E-03    0.6131310000E-02    0.2545844179E-03    0.9775975908E-20    0.5657245893E-02
   The R.M.S Residuals are 
    0.1324670010E-04    0.5562490839E-03    0.2790949365E-04    0.1658726189E-20    0.3789786350E-03
 --------------Force and Moment -----------------------------
 Total Force Coefficient (CL, CD, CS) =
  -5.6138476891266248E-002  0.98404646727572198        9.3156202860275481E-022
 Total Moment Coefficient(CMx, CMy, CMz)=
   1.4034619222816572E-002  0.24601161681893050       -1.4569222170977440E-002
 Kstep, t=           4   4.0000000000000000     
 ----------The Max Residuals are--------  ---Mesh---           1
    0.1712096757E-03    0.3684817584E-02    0.1993402682E-03    0.1016248251E-19    0.3795243734E-02
   The R.M.S Residuals are 
    0.1415644229E-04    0.3514272828E-03    0.2435432250E-04    0.1783111743E-20    0.2675317598E-03
 --------------Force and Moment -----------------------------
 Total Force Coefficient (CL, CD, CS) =
  -5.2107613422827104E-002  0.76398619207923735       -3.0091261283619314E-020
 Total Moment Coefficient(CMx, CMy, CMz)=
   1.3026903355706798E-002  0.19099654801980934       -1.2329633854051811E-002
 Kstep, t=           5   5.0000000000000000     
 ----------The Max Residuals are--------  ---Mesh---           1
    0.1800398658E-03    0.2175131369E-02    0.1847525327E-03    0.1077396286E-19    0.1857684474E-02
   The R.M.S Residuals are 
    0.1453589669E-04    0.2418860688E-03    0.2254215450E-04    0.1940407800E-20    0.1660596026E-03
 --------------Force and Moment -----------------------------
 Total Force Coefficient (CL, CD, CS) =
  -5.2509099540058543E-002  0.62713130713585152       -3.6757799000156397E-020
 Total Moment Coefficient(CMx, CMy, CMz)=
   1.3127274885014653E-002  0.15678282678396288       -1.3333653741935389E-002
 Kstep, t=           6   6.0000000000000000     
 ----------The Max Residuals are--------  ---Mesh---           1
    0.1800235424E-03    0.1659696104E-02    0.1643573878E-03    0.1096979787E-19    0.1385123777E-02
   The R.M.S Residuals are 
    0.1535949546E-04    0.1874924136E-03    0.2093937099E-04    0.1991597585E-20    0.1131872801E-03
 --------------Force and Moment -----------------------------
 Total Force Coefficient (CL, CD, CS) =
  -5.3940247016285151E-002  0.54193449971901464       -1.3751443474972101E-021
 Total Moment Coefficient(CMx, CMy, CMz)=
   1.3485061754071256E-002  0.13548362492975366       -1.4891005427152071E-002
 Kstep, t=           7   7.0000000000000000     
 ----------The Max Residuals are--------  ---Mesh---           1
    0.1758045322E-03    0.1498541218E-02    0.1469862524E-03    0.1085646102E-19    0.1094693878E-02
   The R.M.S Residuals are 
    0.1601578807E-04    0.1592730347E-03    0.1951289867E-04    0.2040253181E-20    0.9569775171E-04
 --------------Force and Moment -----------------------------
 Total Force Coefficient (CL, CD, CS) =
  -5.4606223758116065E-002  0.48354772982385535        2.4295382782336630E-020
 Total Moment Coefficient(CMx, CMy, CMz)=
   1.3651555939529030E-002  0.12088693245596384       -1.5724426708512575E-002
 Kstep, t=           8   8.0000000000000000     
 ----------The Max Residuals are--------  ---Mesh---           1
    0.1711543275E-03    0.1330526350E-02    0.1431057515E-03    0.1149832750E-19    0.8536336085E-03
   The R.M.S Residuals are 
    0.1656064156E-04    0.1414089625E-03    0.1849981006E-04    0.2116789863E-20    0.8339707942E-04
 --------------Force and Moment -----------------------------
 Total Force Coefficient (CL, CD, CS) =
  -5.4751533106296373E-002  0.44121386438514132        2.8799818659170889E-020
 Total Moment Coefficient(CMx, CMy, CMz)=
   1.3687883276574091E-002  0.11030346609628533       -1.6076405513213265E-002
 Kstep, t=           9   9.0000000000000000     
 ----------The Max Residuals are--------  ---Mesh---           1
    0.1667753573E-03    0.1170184318E-02    0.1374405365E-03    0.1289540971E-19    0.6719989915E-03
   The R.M.S Residuals are 
    0.1693023714E-04    0.1282848672E-03    0.1775671495E-04    0.1996797744E-20    0.7418834233E-04
 --------------Force and Moment -----------------------------
 Total Force Coefficient (CL, CD, CS) =
  -5.4695893605047369E-002  0.40902519755215749        1.5282082841118460E-020
 Total Moment Coefficient(CMx, CMy, CMz)=
   1.3673973401261842E-002  0.10225629938803937       -1.6218753733040464E-002
 Kstep, t=          10   10.000000000000000     
 ----------The Max Residuals are--------  ---Mesh---           1
    0.1624679706E-03    0.1026068981E-02    0.1238454706E-03    0.1203023695E-19    0.5518177915E-03
   The R.M.S Residuals are 
    0.1711024189E-04    0.1177946056E-03    0.1712788476E-04    0.1971081631E-20    0.6716122248E-04
 --------------Force and Moment -----------------------------
 Total Force Coefficient (CL, CD, CS) =
  -5.4589480348660978E-002  0.38351418272944637       -9.2175110453345434E-021
 Total Moment Coefficient(CMx, CMy, CMz)=
   1.3647370087165279E-002   9.5878545682361593E-002  -1.6288881470592875E-002
 Kstep, t=          11   11.000000000000000     
 ----------The Max Residuals are--------  ---Mesh---           1
    0.1582680692E-03    0.9007920927E-03    0.1219828206E-03    0.1029532515E-19    0.5050826522E-03
   The R.M.S Residuals are 
    0.1730803379E-04    0.1091394729E-03    0.1651098765E-04    0.2073801921E-20    0.6187867741E-04
 --------------Force and Moment -----------------------------
 Total Force Coefficient (CL, CD, CS) =
  -5.4470291284978781E-002  0.36257024103534718        1.2476142661662126E-020
 Total Moment Coefficient(CMx, CMy, CMz)=
   1.3617572821244725E-002   9.0642560258836796E-002  -1.6336610661886443E-002
 Kstep, t=          12   12.000000000000000     
 ----------The Max Residuals are--------  ---Mesh---           1
    0.1543219931E-03    0.7938391590E-03    0.1175395857E-03    0.1050536180E-19    0.4619077734E-03
   The R.M.S Residuals are 
    0.1761555922E-04    0.1019065720E-03    0.1597011959E-04    0.2103567902E-20    0.5786527035E-04
 --------------Force and Moment -----------------------------
 Total Force Coefficient (CL, CD, CS) =
  -5.4335673028270276E-002  0.34487281131775005        6.2659627543553929E-021
 Total Moment Coefficient(CMx, CMy, CMz)=
   1.3583918257067540E-002   8.6218202829437512E-002  -1.6369803603043569E-002
 Kstep, t=          13   13.000000000000000     
 ----------The Max Residuals are--------  ---Mesh---           1
    0.1507248346E-03    0.7034069920E-03    0.1108452861E-03    0.1247794199E-19    0.4208765456E-03
   The R.M.S Residuals are 
    0.1789857643E-04    0.9575171194E-04    0.1555493319E-04    0.2274680371E-20    0.5461347429E-04
 --------------Force and Moment -----------------------------
 Total Force Coefficient (CL, CD, CS) =
  -5.4184648859309917E-002  0.32957759993330349       -6.3053961666507246E-021
 Total Moment Coefficient(CMx, CMy, CMz)=
   1.3546162214827436E-002   8.2394399983325872E-002  -1.6389354978350847E-002
 Kstep, t=          14   14.000000000000000     
 ----------The Max Residuals are--------  ---Mesh---           1
    0.1474451727E-03    0.6632317229E-03    0.1068785924E-03    0.1143718399E-19    0.3823590396E-03
   The R.M.S Residuals are 
    0.1811327135E-04    0.9045051646E-04    0.1520487535E-04    0.2141817419E-20    0.5189213977E-04
 --------------Force and Moment -----------------------------
 Total Force Coefficient (CL, CD, CS) =
  -5.4021851865440104E-002  0.31612629016537264       -3.0918051396857829E-021
 Total Moment Coefficient(CMx, CMy, CMz)=
   1.3505462966360038E-002   7.9031572541343159E-002  -1.6398621104961243E-002
 Kstep, t=          15   15.000000000000000     
 ----------The Max Residuals are--------  ---Mesh---           1
    0.1444002384E-03    0.6243819827E-03    0.1042755355E-03    0.1301403323E-19    0.3469914272E-03
   The R.M.S Residuals are 
    0.1829228227E-04    0.8585485121E-04    0.1486080640E-04    0.2168032643E-20    0.4960372628E-04
 --------------Force and Moment -----------------------------
 Total Force Coefficient (CL, CD, CS) =
  -5.3846766921823205E-002  0.30413703281890192       -2.8603754882450075E-021
 Total Moment Coefficient(CMx, CMy, CMz)=
   1.3461691730455808E-002   7.6034258204725480E-002  -1.6397943791656204E-002
 Kstep, t=          16   16.000000000000000     
 ----------The Max Residuals are--------  ---Mesh---           1
    0.1415356193E-03    0.5876669451E-03    0.9975176749E-04    0.1368411027E-19    0.3148798192E-03
   The R.M.S Residuals are 
    0.1851324626E-04    0.8187327207E-04    0.1453829974E-04    0.2501325231E-20    0.4772329629E-04
 --------------Force and Moment -----------------------------
 Total Force Coefficient (CL, CD, CS) =
  -5.3654031553845294E-002  0.29333931198216506       -9.9201634056004168E-022
 Total Moment Coefficient(CMx, CMy, CMz)=
   1.3413507888461317E-002   7.3334827995541266E-002  -1.6384305285448986E-002
 Kstep, t=          17   17.000000000000000     
 ----------The Max Residuals are--------  ---Mesh---           1
    0.1388296498E-03    0.5533532479E-03    0.9558397815E-04    0.1242510583E-19    0.2916080308E-03
   The R.M.S Residuals are 
    0.1874199120E-04    0.7838614899E-04    0.1427072247E-04    0.2340562664E-20    0.4613929940E-04
 --------------Force and Moment -----------------------------
 Total Force Coefficient (CL, CD, CS) =
  -5.3444278822084947E-002  0.28353528302230052        6.1317730890152859E-021
 Total Moment Coefficient(CMx, CMy, CMz)=
   1.3361069705521252E-002   7.0883820755575130E-002  -1.6358165567406345E-002
 Kstep, t=          18   18.000000000000000     
 ----------The Max Residuals are--------  ---Mesh---           1
    0.1362679767E-03    0.5212670477E-03    0.9391196401E-04    0.1240551199E-19    0.2784027611E-03
   The R.M.S Residuals are 
    0.1894681316E-04    0.7529985433E-04    0.1404243756E-04    0.2374318763E-20    0.4477640419E-04
 --------------Force and Moment -----------------------------
 Total Force Coefficient (CL, CD, CS) =
  -5.3222851471538671E-002  0.27457401826378963        2.1840063390855011E-021
 Total Moment Coefficient(CMx, CMy, CMz)=
   1.3305712867884708E-002   6.8643504565947408E-002  -1.6323095195862412E-002
 Kstep, t=          19   19.000000000000000     
 ----------The Max Residuals are--------  ---Mesh---           1
    0.1338355649E-03    0.4912692521E-03    0.9119621228E-04    0.1163649898E-19    0.2655517586E-03
   The R.M.S Residuals are 
    0.1912744811E-04    0.7255098740E-04    0.1382033863E-04    0.2409373713E-20    0.4359130106E-04
 --------------Force and Moment -----------------------------
 Total Force Coefficient (CL, CD, CS) =
  -5.2993988860082039E-002  0.26633613799265538       -9.6078846998587453E-021
 Total Moment Coefficient(CMx, CMy, CMz)=
   1.3248497215020525E-002   6.6584034498163844E-002  -1.6281963916981404E-002
 Kstep, t=          20   20.000000000000000     
 ----------The Max Residuals are--------  ---Mesh---           1
    0.1315172939E-03    0.4633173284E-03    0.8738087025E-04    0.1360205460E-19    0.2527035586E-03
   The R.M.S Residuals are 
    0.1931156058E-04    0.7009948646E-04    0.1359691494E-04    0.2419499651E-20    0.4257030507E-04
 --------------Force and Moment -----------------------------
 Total Force Coefficient (CL, CD, CS) =
  -5.2759629336591132E-002  0.25872522960970618       -5.7061828347904992E-022
 Total Moment Coefficient(CMx, CMy, CMz)=
   1.3189907334147729E-002   6.4681307402426544E-002  -1.6236224287945453E-002
 Kstep, t=          21   21.000000000000000     
 ----------The Max Residuals are--------  ---Mesh---           1
    0.1293017308E-03    0.4390736885E-03    0.8575891779E-04    0.1327705016E-19    0.2400467909E-03
   The R.M.S Residuals are 
    0.1951327019E-04    0.6790861581E-04    0.1339304353E-04    0.2402399049E-20    0.4169854362E-04
 --------------Force and Moment -----------------------------
 Total Force Coefficient (CL, CD, CS) =
  -5.2521049743900712E-002  0.25166267127697495        1.6156119345492154E-021
 Total Moment Coefficient(CMx, CMy, CMz)=
   1.3130262435975234E-002   6.2915667819243737E-002  -1.6186851774212696E-002
 Kstep, t=          22   22.000000000000000     
 ----------The Max Residuals are--------  ---Mesh---           1
    0.1271805479E-03    0.4251507223E-03    0.8378616976E-04    0.1264347545E-19    0.2277822307E-03
   The R.M.S Residuals are 
    0.1970201081E-04    0.6592738610E-04    0.1321623535E-04    0.2565540042E-20    0.4092347444E-04
 --------------Force and Moment -----------------------------
 Total Force Coefficient (CL, CD, CS) =
  -5.2279758953994671E-002  0.24508384343103343        5.8200594826347093E-021
 Total Moment Coefficient(CMx, CMy, CMz)=
   1.3069939738498676E-002   6.1270960857758357E-002  -1.6134853291868180E-002
 Kstep, t=          23   23.000000000000000     
 ----------The Max Residuals are--------  ---Mesh---           1
    0.1251464370E-03    0.4112632962E-03    0.8112260899E-04    0.1391530240E-19    0.2159698766E-03
   The R.M.S Residuals are 
    0.1986960347E-04    0.6412435649E-04    0.1305392501E-04    0.2457236773E-20    0.4022237291E-04
 --------------Force and Moment -----------------------------
 Total Force Coefficient (CL, CD, CS) =
  -5.2037283857074436E-002  0.23893478919778322        7.6125157385201969E-021
 Total Moment Coefficient(CMx, CMy, CMz)=
   1.3009320964268574E-002   5.9733697299445804E-002  -1.6081224298087372E-002
 Kstep, t=          24   24.000000000000000     
 ----------The Max Residuals are--------  ---Mesh---           1
    0.1231933041E-03    0.3974636023E-03    0.7900315002E-04    0.1326844070E-19    0.2046810807E-03
   The R.M.S Residuals are 
    0.2002054104E-04    0.6247666253E-04    0.1289146657E-04    0.2443470752E-20    0.3958802182E-04
 --------------Force and Moment -----------------------------
 Total Force Coefficient (CL, CD, CS) =
  -5.1794815661937638E-002  0.23316981053668392        8.7320685290112302E-021
 Total Moment Coefficient(CMx, CMy, CMz)=
   1.2948703915484371E-002   5.8292452634170981E-002  -1.6026777260489775E-002
 Kstep, t=          25   25.000000000000000     
 ----------The Max Residuals are--------  ---Mesh---           1
    0.1213166805E-03    0.3838773717E-03    0.7759500185E-04    0.1660982547E-19    0.1956257027E-03
   The R.M.S Residuals are 
    0.2017633940E-04    0.6097515092E-04    0.1273080264E-04    0.2527604795E-20    0.3903540232E-04
 --------------Force and Moment -----------------------------
 Total Force Coefficient (CL, CD, CS) =
  -5.1552968568865876E-002  0.22774973975521701        2.3805933826697360E-021
 Total Moment Coefficient(CMx, CMy, CMz)=
   1.2888242142216441E-002   5.6937434938804252E-002  -1.5971982009588888E-002
 Kstep, t=          26   26.000000000000000     
 ----------The Max Residuals are--------  ---Mesh---           1
    0.1195137865E-03    0.3706213111E-03    0.7548853523E-04    0.1243071422E-19    0.1923881041E-03
   The R.M.S Residuals are 
    0.2033637837E-04    0.5960384818E-04    0.1258368147E-04    0.2477869581E-20    0.3855213853E-04
 --------------Force and Moment -----------------------------
 Total Force Coefficient (CL, CD, CS) =
  -5.1311850517143792E-002  0.22264080269139705       -6.9202569708935151E-021
 Total Moment Coefficient(CMx, CMy, CMz)=
   1.2827962629285978E-002   5.5660200672849262E-002  -1.5916945944835621E-002
 Kstep, t=          27   27.000000000000000     
 ----------The Max Residuals are--------  ---Mesh---           1
    0.1177825165E-03    0.3577710834E-03    0.7323446601E-04    0.1269394900E-19    0.1889519307E-03
   The R.M.S Residuals are 
    0.2048574193E-04    0.5834011510E-04    0.1245106277E-04    0.2559810260E-20    0.3811046163E-04
 --------------Force and Moment -----------------------------
 Total Force Coefficient (CL, CD, CS) =
  -5.1071233665696741E-002  0.21781372221519127       -1.0603398686580874E-020
 Total Moment Coefficient(CMx, CMy, CMz)=
   1.2767808416424210E-002   5.4453430553797817E-002  -1.5861522428327224E-002
 Kstep, t=          28   28.000000000000000     
 ----------The Max Residuals are--------  ---Mesh---           1
    0.1161206213E-03    0.3453531293E-03    0.7211868405E-04    0.1324878385E-19    0.1853631690E-03
   The R.M.S Residuals are 
    0.2062005121E-04    0.5716799940E-04    0.1232368647E-04    0.2549843537E-20    0.3770027186E-04
 --------------Force and Moment -----------------------------
 Total Force Coefficient (CL, CD, CS) =
  -5.0830741644697239E-002  0.21324296607899473        2.2730588510665539E-021
 Total Moment Coefficient(CMx, CMy, CMz)=
   1.2707685411174304E-002   5.3310741519748683E-002  -1.5805457865161479E-002
 Kstep, t=          29   29.000000000000000     
 ----------The Max Residuals are--------  ---Mesh---           1
    0.1145251206E-03    0.3333719954E-03    0.7046598154E-04    0.1564108712E-19    0.1816495364E-03
   The R.M.S Residuals are 
    0.2074591569E-04    0.5607971143E-04    0.1219449733E-04    0.2619720776E-20    0.3732383891E-04
 --------------Force and Moment -----------------------------
 Total Force Coefficient (CL, CD, CS) =
  -5.0590011151284899E-002  0.20890616791659328        2.8571001411562967E-021
 Total Moment Coefficient(CMx, CMy, CMz)=
   1.2647502787821204E-002   5.2226541979148319E-002  -1.5748507561829682E-002
 Kstep, t=          30   30.000000000000000     
 ----------The Max Residuals are--------  ---Mesh---           1
    0.1129917992E-03    0.3220138039E-03    0.6828702956E-04    0.1282029137E-19    0.1778575282E-03
   The R.M.S Residuals are 
    0.2087855850E-04    0.5507614413E-04    0.1207016674E-04    0.2551789451E-20    0.3699165383E-04
 --------------Force and Moment -----------------------------
 Total Force Coefficient (CL, CD, CS) =
  -5.0348819998634886E-002  0.20478370268668597        3.4621684351964864E-021
 Total Moment Coefficient(CMx, CMy, CMz)=
   1.2587204999658706E-002   5.1195925671671492E-002  -1.5690501899807537E-002
 Kstep, t=          31   31.000000000000000     
 ----------The Max Residuals are--------  ---Mesh---           1
    0.1115149256E-03    0.3151190069E-03    0.6725630215E-04    0.1395280220E-19    0.1740387888E-03
   The R.M.S Residuals are 
    0.2100805587E-04    0.5414313609E-04    0.1195692793E-04    0.2596900795E-20    0.3668797801E-04
 --------------Force and Moment -----------------------------
 Total Force Coefficient (CL, CD, CS) =
  -5.0107151621275214E-002  0.20085825341378541       -4.9660800723682433E-021
 Total Moment Coefficient(CMx, CMy, CMz)=
   1.2526787905318826E-002   5.0214563353446352E-002  -1.5631363197475198E-002
 Kstep, t=          32   32.000000000000000     
 ----------The Max Residuals are--------  ---Mesh---           1
    0.1100874734E-03    0.3081493782E-03    0.6585615247E-04    0.1609314455E-19    0.1705287015E-03
   The R.M.S Residuals are 
    0.2112651309E-04    0.5326844267E-04    0.1185093847E-04    0.2729016314E-20    0.3640301045E-04
 --------------Force and Moment -----------------------------
 Total Force Coefficient (CL, CD, CS) =
  -4.9865178945583469E-002  0.19711445019989385       -1.5959595628552726E-021
 Total Moment Coefficient(CMx, CMy, CMz)=
   1.2466294736395826E-002   4.9278612549973462E-002  -1.5571095202197198E-002
 Kstep, t=          33   33.000000000000000     
 ----------The Max Residuals are--------  ---Mesh---           1
    0.1087020088E-03    0.3011433001E-03    0.6395068098E-04    0.1313602879E-19    0.1694130203E-03
   The R.M.S Residuals are 
    0.2123567430E-04    0.5244715569E-04    0.1174438660E-04    0.2729009917E-20    0.3613435482E-04
 --------------Force and Moment -----------------------------
 Total Force Coefficient (CL, CD, CS) =
  -4.9623188916501873E-002  0.19353857560136697       -3.8322925114289680E-021
 Total Moment Coefficient(CMx, CMy, CMz)=
   1.2405797229125467E-002   4.8384643900341744E-002  -1.5509751428650609E-002
 Kstep, t=          34   34.000000000000000     
 ----------The Max Residuals are--------  ---Mesh---           1
    0.1073517766E-03    0.2941321248E-03    0.6289287717E-04    0.1634108225E-19    0.1679733682E-03
   The R.M.S Residuals are 
    0.2134540678E-04    0.5167977612E-04    0.1163832496E-04    0.2762686548E-20    0.3588968680E-04
 --------------Force and Moment -----------------------------
 Total Force Coefficient (CL, CD, CS) =
  -4.9381499146496838E-002  0.19011833046990192       -5.0368376260052311E-021
 Total Moment Coefficient(CMx, CMy, CMz)=
   1.2345374786624176E-002   4.7529582617475481E-002  -1.5447407875728984E-002
 Kstep, t=          35   35.000000000000000     
 ----------The Max Residuals are--------  ---Mesh---           1
    0.1060315032E-03    0.2871497679E-03    0.6161033817E-04    0.1463370392E-19    0.1662696206E-03
   The R.M.S Residuals are 
    0.2145447791E-04    0.5096059480E-04    0.1153897167E-04    0.2813849709E-20    0.3566675118E-04
 --------------Force and Moment -----------------------------
 Total Force Coefficient (CL, CD, CS) =
  -4.9140395739942305E-002  0.18684264904414402       -1.4428003756965193E-020
 Total Moment Coefficient(CMx, CMy, CMz)=
   1.2285098934985585E-002   4.6710662261036005E-002  -1.5384145414743366E-002
 Kstep, t=          36   36.000000000000000     
 ----------The Max Residuals are--------  ---Mesh---           1
    0.1047375312E-03    0.2802279408E-03    0.5989272436E-04    0.1405076999E-19    0.1643574206E-03
   The R.M.S Residuals are 
    0.2155610872E-04    0.5028118978E-04    0.1144624330E-04    0.2709990911E-20    0.3545540905E-04
 --------------Force and Moment -----------------------------
 Total Force Coefficient (CL, CD, CS) =
  -4.8900092096098455E-002  0.18370153824595323       -1.0125371798661930E-020
 Total Moment Coefficient(CMx, CMy, CMz)=
   1.2225023024024608E-002   4.5925384561488307E-002  -1.5320038579826303E-002
 Kstep, t=          37   37.000000000000000     
 ----------The Max Residuals are--------  ---Mesh---           1
    0.1034669350E-03    0.2733927326E-03    0.5889895592E-04    0.1354471741E-19    0.1622806321E-03
   The R.M.S Residuals are 
    0.2164980802E-04    0.4963763389E-04    0.1135518099E-04    0.2790487807E-20    0.3525188043E-04
 --------------Force and Moment -----------------------------
 Total Force Coefficient (CL, CD, CS) =
  -4.8660710620994863E-002  0.18068593924112925       -1.5430760835373705E-020
 Total Moment Coefficient(CMx, CMy, CMz)=
   1.2165177655248721E-002   4.5171484810282311E-002  -1.5255149309673264E-002
 Kstep, t=          38   38.000000000000000     
 ----------The Max Residuals are--------  ---Mesh---           1
    0.1022145210E-03    0.2666644187E-03    0.5763694233E-04    0.1467269773E-19    0.1600742378E-03
   The R.M.S Residuals are 
    0.2173807716E-04    0.4902739956E-04    0.1126370323E-04    0.2877372267E-20    0.3505911445E-04
 --------------Force and Moment -----------------------------
 Total Force Coefficient (CL, CD, CS) =
  -4.8422283484276574E-002  0.17778761588722231       -4.5202208798602770E-021
 Total Moment Coefficient(CMx, CMy, CMz)=
   1.2105570871069156E-002   4.4446903971805576E-002  -1.5189524529989451E-002
 Kstep, t=          39   39.000000000000000     
 ----------The Max Residuals are--------  ---Mesh---           1
    0.1009663575E-03    0.2600590246E-03    0.5627951965E-04    0.1608643542E-19    0.1577698029E-03
   The R.M.S Residuals are 
    0.2182495471E-04    0.4845016947E-04    0.1117578733E-04    0.2846094883E-20    0.3488114062E-04
 --------------Force and Moment -----------------------------
 Total Force Coefficient (CL, CD, CS) =
  -4.8184789700205170E-002  0.17499906687781053       -1.1463304186109668E-020
 Total Moment Coefficient(CMx, CMy, CMz)=
   1.2046197425051284E-002   4.3749766719452632E-002  -1.5123202862609018E-002
 Kstep, t=          40   40.000000000000000     
 ----------The Max Residuals are--------  ---Mesh---           1
    0.9970240203E-04    0.2543406086E-03    0.5518857814E-04    0.1475940952E-19    0.1553967484E-03
   The R.M.S Residuals are 
    0.2190749376E-04    0.4790181992E-04    0.1109313477E-04    0.2802265346E-20    0.3471100142E-04
 --------------Force and Moment -----------------------------
 Total Force Coefficient (CL, CD, CS) =
  -4.7948284993829908E-002  0.17231345717661553        1.8003415344566677E-021
 Total Moment Coefficient(CMx, CMy, CMz)=
   1.1987071248457489E-002   4.3078364294153883E-002  -1.5056245460770095E-002
 Kstep, t=          41   41.000000000000000     
 ----------The Max Residuals are--------  ---Mesh---           1
    0.9844028504E-04    0.2500392123E-03    0.5392200069E-04    0.1605738515E-19    0.1529798384E-03
   The R.M.S Residuals are 
    0.2198218933E-04    0.4737722737E-04    0.1101314981E-04    0.2780567010E-20    0.3454480223E-04
 --------------Force and Moment -----------------------------
 Total Force Coefficient (CL, CD, CS) =
  -4.7712944212563141E-002  0.16972455987405000        4.9727555013310725E-021
 Total Moment Coefficient(CMx, CMy, CMz)=
   1.1928236053140761E-002   4.2431139968512499E-002  -1.4988745912833841E-002
 Kstep, t=          42   42.000000000000000     
 ----------The Max Residuals are--------  ---Mesh---           1
    0.9724148550E-04    0.2456676457E-03    0.5290757608E-04    0.1455507652E-19    0.1519170797E-03
   The R.M.S Residuals are 
    0.2204956636E-04    0.4687380289E-04    0.1093306818E-04    0.2899780944E-20    0.3438353344E-04
 --------------Force and Moment -----------------------------
 Total Force Coefficient (CL, CD, CS) =
  -4.7478872467934405E-002  0.16722667097097169       -9.5342391714122447E-022
 Total Moment Coefficient(CMx, CMy, CMz)=
   1.1869718116983599E-002   4.1806667742742921E-002  -1.4920783134309137E-002
 Kstep, t=          43   43.000000000000000     
 ----------The Max Residuals are--------  ---Mesh---           1
    0.9643041897E-04    0.2412512346E-03    0.5167801880E-04    0.1621002582E-19    0.1508060455E-03
   The R.M.S Residuals are 
    0.2211571017E-04    0.4639381080E-04    0.1085532201E-04    0.2902988390E-20    0.3423104154E-04
 --------------Force and Moment -----------------------------
 Total Force Coefficient (CL, CD, CS) =
  -4.7246051379419486E-002  0.16481451565705985       -1.0847485395342547E-020
 Total Moment Coefficient(CMx, CMy, CMz)=
   1.1811512844854873E-002   4.1203628914264961E-002  -1.4852408284628939E-002
 Kstep, t=          44   44.000000000000000     
 ----------The Max Residuals are--------  ---Mesh---           1
    0.9585240594E-04    0.2368117053E-03    0.5086070511E-04    0.1704715845E-19    0.1495278565E-03
   The R.M.S Residuals are 
    0.2217757337E-04    0.4593350955E-04    0.1078178434E-04    0.2860192852E-20    0.3408318541E-04
 --------------Force and Moment -----------------------------
 Total Force Coefficient (CL, CD, CS) =
  -4.7014425029113911E-002  0.16248321627481360       -7.3851446111153661E-021
 Total Moment Coefficient(CMx, CMy, CMz)=
   1.1753606257278462E-002   4.0620804068703401E-002  -1.4783665930794342E-002
 Kstep, t=          45   45.000000000000000     
 ----------The Max Residuals are--------  ---Mesh---           1
    0.9517926756E-04    0.2323674490E-03    0.4968313153E-04    0.1354643316E-19    0.1481076585E-03
   The R.M.S Residuals are 
    0.2223148492E-04    0.4548847557E-04    0.1071068962E-04    0.2952646480E-20    0.3393697806E-04
 --------------Force and Moment -----------------------------
 Total Force Coefficient (CL, CD, CS) =
  -4.6783932134839806E-002  0.16022827161565384       -1.0933059476724968E-020
 Total Moment Coefficient(CMx, CMy, CMz)=
   1.1695983033709936E-002   4.0057067903913460E-002  -1.4714600645673599E-002
 Kstep, t=          46   46.000000000000000     
 ----------The Max Residuals are--------  ---Mesh---           1
    0.9441610101E-04    0.2279340638E-03    0.4870642102E-04    0.2279910101E-19    0.1465650068E-03
   The R.M.S Residuals are 
    0.2228016633E-04    0.4505889378E-04    0.1064010357E-04    0.2972591355E-20    0.3379279618E-04
 --------------Force and Moment -----------------------------
 Total Force Coefficient (CL, CD, CS) =
  -4.6554510291463777E-002  0.15804552545557932       -4.4282426451346679E-021
 Total Moment Coefficient(CMx, CMy, CMz)=
   1.1638627572865937E-002   3.9511381363894829E-002  -1.4645255320379096E-002
 Kstep, t=          47   47.000000000000000     
 ----------The Max Residuals are--------  ---Mesh---           1
    0.9357277947E-04    0.2235248207E-03    0.4787342932E-04    0.1520082024E-19    0.1449163958E-03
   The R.M.S Residuals are 
    0.2232614319E-04    0.4464508156E-04    0.1057174486E-04    0.2911214844E-20    0.3365247026E-04
 --------------Force and Moment -----------------------------
 Total Force Coefficient (CL, CD, CS) =
  -4.6326115984273920E-002  0.15593113368711056       -1.1660306776922995E-021
 Total Moment Coefficient(CMx, CMy, CMz)=
   1.1581528996068494E-002   3.8982783421777641E-002  -1.4575673379634743E-002
 Kstep, t=          48   48.000000000000000     
 ----------The Max Residuals are--------  ---Mesh---           1
    0.9266199239E-04    0.2191507589E-03    0.4656838040E-04    0.1547247152E-19    0.1431760245E-03
   The R.M.S Residuals are 
    0.2236648101E-04    0.4424368246E-04    0.1050652785E-04    0.3018027617E-20    0.3351401588E-04
 --------------Force and Moment -----------------------------
 Total Force Coefficient (CL, CD, CS) =
  -4.6098743647416174E-002  0.15388153976218427       -2.3319431266952494E-021
 Total Moment Coefficient(CMx, CMy, CMz)=
   1.1524685911854043E-002   3.8470384940546068E-002  -1.4505902558573775E-002
 Kstep, t=          49   49.000000000000000     
 ----------The Max Residuals are--------  ---Mesh---           1
    0.9169623776E-04    0.2148205516E-03    0.4592422208E-04    0.1763502537E-19    0.1413539948E-03
   The R.M.S Residuals are 
    0.2240170000E-04    0.4385382829E-04    0.1044333672E-04    0.2970755808E-20    0.3337604372E-04
 --------------Force and Moment -----------------------------
 Total Force Coefficient (CL, CD, CS) =
  -4.5872427647532688E-002  0.15189344971789984       -3.9039536074233825E-021
 Total Moment Coefficient(CMx, CMy, CMz)=
   1.1468106911883179E-002   3.7973362429474959E-002  -1.4435996432546663E-002
 Kstep, t=          50   50.000000000000000     
 ----------The Max Residuals are--------  ---Mesh---           1
    0.9105657017E-04    0.2107064176E-03    0.4489131823E-04    0.1458499719E-19    0.1394554307E-03
   The R.M.S Residuals are 
    0.2243280801E-04    0.4347506924E-04    0.1038136094E-04    0.3070342840E-20    0.3323858996E-04
 --------------Force and Moment -----------------------------
 Total Force Coefficient (CL, CD, CS) =
  -4.5647231725788787E-002  0.14996380644085433       -3.1207202510005258E-021
 Total Moment Coefficient(CMx, CMy, CMz)=
   1.1411807931447178E-002   3.7490951610213583E-002  -1.4366014540029457E-002
 Kstep, t=          51   51.000000000000000     
 ----------The Max Residuals are--------  ---Mesh---           1
    0.9047253715E-04    0.2075814573E-03    0.4397671643E-04    0.2329698296E-19    0.1382622961E-03
   The R.M.S Residuals are 
    0.2245931782E-04    0.4310593259E-04    0.1032141184E-04    0.2970884940E-20    0.3310260436E-04
 --------------Force and Moment -----------------------------
 Total Force Coefficient (CL, CD, CS) =
  -4.5423235610808355E-002  0.14808976557702302        1.9091260161075085E-021
 Total Moment Coefficient(CMx, CMy, CMz)=
   1.1355808902702082E-002   3.7022441394255756E-002  -1.4296022153424128E-002
 Kstep, t=          52   52.000000000000000     
 ----------The Max Residuals are--------  ---Mesh---           1
    0.8981152812E-04    0.2044160901E-03    0.4310263151E-04    0.1595120876E-19    0.1371607116E-03
   The R.M.S Residuals are 
    0.2248199200E-04    0.4274606935E-04    0.1026394501E-04    0.3102481917E-20    0.3296724542E-04
 --------------Force and Moment -----------------------------
 Total Force Coefficient (CL, CD, CS) =
  -4.5200525240625650E-002  0.14626867501425100        2.9457105318789961E-021
 Total Moment Coefficient(CMx, CMy, CMz)=
   1.1300131310156416E-002   3.6567168753562751E-002  -1.4226089980211423E-002
 Kstep, t=          53   53.000000000000000     
 ----------The Max Residuals are--------  ---Mesh---           1
    0.8908099642E-04    0.2012232371E-03    0.4210429128E-04    0.1812097459E-19    0.1359369910E-03
   The R.M.S Residuals are 
    0.2250068746E-04    0.4239464290E-04    0.1020840352E-04    0.3106480694E-20    0.3283149148E-04
 --------------Force and Moment -----------------------------
 Total Force Coefficient (CL, CD, CS) =
  -4.4979188203567513E-002  0.14449805816809730       -2.4161418164022331E-021
 Total Moment Coefficient(CMx, CMy, CMz)=
   1.1244797050891884E-002   3.6124514542024325E-002  -1.4156293553803141E-002
 Kstep, t=          54   54.000000000000000     
 ----------The Max Residuals are--------  ---Mesh---           1
    0.8828998034E-04    0.1980142510E-03    0.4129585169E-04    0.1645240266E-19    0.1346056736E-03
   The R.M.S Residuals are 
    0.2251421435E-04    0.4204993032E-04    0.1015422506E-04    0.3124775342E-20    0.3269562273E-04
 --------------Force and Moment -----------------------------
 Total Force Coefficient (CL, CD, CS) =
  -4.4759312518175408E-002  0.14277560007753237       -3.5595026605452610E-021
 Total Moment Coefficient(CMx, CMy, CMz)=
   1.1189828129543847E-002   3.5693900019383093E-002  -1.4086711906257555E-002
 Kstep, t=          55   55.000000000000000     
 ----------The Max Residuals are--------  ---Mesh---           1
    0.8744797410E-04    0.1947991421E-03    0.4032839310E-04    0.1499880076E-19    0.1331801473E-03
   The R.M.S Residuals are 
    0.2252451119E-04    0.4171253638E-04    0.1010212802E-04    0.3067919762E-20    0.3256025138E-04
 --------------Force and Moment -----------------------------
 Total Force Coefficient (CL, CD, CS) =
  -4.4540985898227518E-002  0.14109913506200134       -8.1159101240001444E-022
 Total Moment Coefficient(CMx, CMy, CMz)=
   1.1135246474556864E-002   3.5274783765500334E-002  -1.4017425279534762E-002
 Kstep, t=          56   56.000000000000000     
 ----------The Max Residuals are--------  ---Mesh---           1
    0.8656394561E-04    0.1915866838E-03    0.3953429768E-04    0.1673176999E-19    0.1316725952E-03
   The R.M.S Residuals are 
    0.2253134083E-04    0.4138182477E-04    0.1005227921E-04    0.3065370223E-20    0.3242457027E-04
 --------------Force and Moment -----------------------------
 Total Force Coefficient (CL, CD, CS) =
  -4.4324293729989570E-002  0.13946663514186711       -5.6603953455324681E-021
 Total Moment Coefficient(CMx, CMy, CMz)=
   1.1081073432497373E-002   3.4866658785466777E-002  -1.3948512007033748E-002
 Kstep, t=          57   57.000000000000000     
 ----------The Max Residuals are--------  ---Mesh---           1
    0.8582622581E-04    0.1883845298E-03    0.3864901291E-04    0.1788285846E-19    0.1300939379E-03
   The R.M.S Residuals are 
    0.2253307592E-04    0.4105603679E-04    0.1000389558E-04    0.3254611883E-20    0.3228829514E-04
 --------------Force and Moment -----------------------------
 Total Force Coefficient (CL, CD, CS) =
  -4.4109315548324264E-002  0.13787619898295403       -1.4448844328434771E-020
 Total Moment Coefficient(CMx, CMy, CMz)=
   1.1027328887081040E-002   3.4469049745738507E-002  -1.3880045004458408E-002
 Kstep, t=          58   58.000000000000000     
 ----------The Max Residuals are--------  ---Mesh---           1
    0.8520129073E-04    0.1851994028E-03    0.3783930274E-04    0.1649645649E-19    0.1284543263E-03
   The R.M.S Residuals are 
    0.2253171986E-04    0.4073593463E-04    0.9957262283E-05    0.3117128692E-20    0.3215201405E-04
 --------------Force and Moment -----------------------------
 Total Force Coefficient (CL, CD, CS) =
  -4.3896120755119540E-002  0.13632604144463334       -8.3032035947688129E-021
 Total Moment Coefficient(CMx, CMy, CMz)=
   1.0974030188779871E-002   3.4081510361158335E-002  -1.3812088391985396E-002
 Kstep, t=          59   59.000000000000000     
 ----------The Max Residuals are--------  ---Mesh---           1
    0.8452231545E-04    0.1820373017E-03    0.3705530331E-04    0.1815254640E-19    0.1267638254E-03
   The R.M.S Residuals are 
    0.2252709282E-04    0.4042103948E-04    0.9912717356E-05    0.3267796724E-20    0.3201543816E-04
 --------------Force and Moment -----------------------------
 Total Force Coefficient (CL, CD, CS) =
  -4.3684764532586490E-002  0.13481448389003856       -9.4980969887122810E-021
 Total Moment Coefficient(CMx, CMy, CMz)=
   1.0921191133146598E-002   3.3703620972509639E-002  -1.3744694665543010E-002
 Kstep, t=          60   60.000000000000000     
 ----------The Max Residuals are--------  ---Mesh---           1
    0.8379592215E-04    0.1789036494E-03    0.3621254192E-04    0.2742006149E-19    0.1255728878E-03
   The R.M.S Residuals are 
    0.2251785685E-04    0.4010997860E-04    0.9869716350E-05    0.3209003034E-20    0.3187829259E-04
 --------------Force and Moment -----------------------------
 Total Force Coefficient (CL, CD, CS) =
  -4.3475284651478249E-002  0.13333994538012930       -7.3060458638476830E-021
 Total Moment Coefficient(CMx, CMy, CMz)=
   1.0868821162869561E-002   3.3334986345032326E-002  -1.3677902647663609E-002
 Kstep, t=          61   61.000000000000000     
 ----------The Max Residuals are--------  ---Mesh---           1
    0.8302858645E-04    0.1759294143E-03    0.3553181760E-04    0.2351869644E-19    0.1244073487E-03
   The R.M.S Residuals are 
    0.2250583146E-04    0.3980354244E-04    0.9828434089E-05    0.3340773492E-20    0.3174089014E-04
 --------------Force and Moment -----------------------------
 Total Force Coefficient (CL, CD, CS) =
  -4.3267699564678158E-002  0.13190093480752252       -1.0799392515262030E-020
 Total Moment Coefficient(CMx, CMy, CMz)=
   1.0816924891169543E-002   3.2975233701880630E-002  -1.3611736332577335E-002
 Kstep, t=          62   62.000000000000000     
 ----------The Max Residuals are--------  ---Mesh---           1
    0.8222652166E-04    0.1734477640E-03    0.3480191680E-04    0.2208373518E-19    0.1231656625E-03
   The R.M.S Residuals are 
    0.2249046311E-04    0.3950106643E-04    0.9788969150E-05    0.3408839397E-20    0.3160309392E-04
 --------------Force and Moment -----------------------------
 Total Force Coefficient (CL, CD, CS) =
  -4.3062007550592724E-002  0.13049604504721884       -3.0496203797582476E-021
 Total Moment Coefficient(CMx, CMy, CMz)=
   1.0765501887648207E-002   3.2624011261804711E-002  -1.3546204393279786E-002
 Kstep, t=          63   63.000000000000000     
 ----------The Max Residuals are--------  ---Mesh---           1
    0.8139552561E-04    0.1709564718E-03    0.3406516256E-04    0.2130492525E-19    0.1218584170E-03
   The R.M.S Residuals are 
    0.2247113265E-04    0.3920177592E-04    0.9750991197E-05    0.3326850072E-20    0.3146485625E-04
 --------------Force and Moment -----------------------------
 Total Force Coefficient (CL, CD, CS) =
  -4.2858186403860091E-002  0.12912394605591776       -3.6076098871234695E-021
 Total Moment Coefficient(CMx, CMy, CMz)=
   1.0714546600965031E-002   3.2280986513979440E-002  -1.3481299995301239E-002
 Kstep, t=          64   64.000000000000000     
 ----------The Max Residuals are--------  ---Mesh---           1
    0.8054086703E-04    0.1684621783E-03    0.3344516173E-04    0.2447073286E-19    0.1204954918E-03
   The R.M.S Residuals are 
    0.2244938341E-04    0.3890641024E-04    0.9714748592E-05    0.3303762507E-20    0.3132633195E-04
 --------------Force and Moment -----------------------------
 Total Force Coefficient (CL, CD, CS) =
  -4.2656193858751551E-002  0.12778337942378146       -3.2760461475177943E-021
 Total Moment Coefficient(CMx, CMy, CMz)=
   1.0664048464687884E-002   3.1945844855945364E-002  -1.3417001105000324E-002
 Kstep, t=          65   65.000000000000000     
 ----------The Max Residuals are--------  ---Mesh---           1
    0.7986212281E-04    0.1659708309E-03    0.3280889211E-04    0.2464104483E-19    0.1190861104E-03
   The R.M.S Residuals are 
    0.2242427494E-04    0.3861409540E-04    0.9680062427E-05    0.3478533341E-20    0.3118738175E-04
 --------------Force and Moment -----------------------------
 Total Force Coefficient (CL, CD, CS) =
  -4.2455968546046371E-002  0.12647315363452794       -2.0922389441115905E-021
 Total Moment Coefficient(CMx, CMy, CMz)=
   1.0613992136511579E-002   3.1618288408631984E-002  -1.3353271186096168E-002
 Kstep, t=          66   66.000000000000000     
 ----------The Max Residuals are--------  ---Mesh---           1
    0.7917007814E-04    0.1634877401E-03    0.3217430476E-04    0.2449860497E-19    0.1176388431E-03
   The R.M.S Residuals are 
    0.2239605566E-04    0.3832471024E-04    0.9646799974E-05    0.3442666376E-20    0.3104812597E-04
 --------------Force and Moment -----------------------------
 Total Force Coefficient (CL, CD, CS) =
  -4.2257432020156839E-002  0.12519213963534462       -2.9220104256707918E-021
 Total Moment Coefficient(CMx, CMy, CMz)=
   1.0564358005039198E-002   3.1298034908836155E-002  -1.3290060713174668E-002
 Kstep, t=          67   67.000000000000000     
 ----------The Max Residuals are--------  ---Mesh---           1
    0.7844677815E-04    0.1610176210E-03    0.3159319128E-04    0.1829434391E-19    0.1161615728E-03
   The R.M.S Residuals are 
    0.2236566817E-04    0.3803869048E-04    0.9615191525E-05    0.3459356986E-20    0.3090860479E-04
 --------------Force and Moment -----------------------------
 Total Force Coefficient (CL, CD, CS) =
  -4.2060492432584411E-002  0.12393926645996091        9.4467444375970883E-022
 Total Moment Coefficient(CMx, CMy, CMz)=
   1.0515123108146094E-002   3.0984816614990227E-002  -1.3227309943088517E-002
 Kstep, t=          68   68.000000000000000     
 ----------The Max Residuals are--------  ---Mesh---           1
    0.7769691435E-04    0.1585646276E-03    0.3106527378E-04    0.2296749689E-19    0.1146614450E-03
   The R.M.S Residuals are 
    0.2233213381E-04    0.3775517970E-04    0.9584904829E-05    0.3481637113E-20    0.3076874035E-04
 --------------Force and Moment -----------------------------
 Total Force Coefficient (CL, CD, CS) =
  -4.1865049992634323E-002  0.12271351695419769       -3.8841845348852188E-021
 Total Moment Coefficient(CMx, CMy, CMz)=
   1.0466262498158567E-002   3.0678379238549422E-002  -1.3164953047459939E-002
 Kstep, t=          69   69.000000000000000     
 ----------The Max Residuals are--------  ---Mesh---           1
    0.7692476764E-04    0.1561323840E-03    0.3055097334E-04    0.2474738277E-19    0.1132813988E-03
   The R.M.S Residuals are 
    0.2229637524E-04    0.3747458489E-04    0.9556027800E-05    0.3525215491E-20    0.3062875026E-04
 --------------Force and Moment -----------------------------
 Total Force Coefficient (CL, CD, CS) =
  -4.1671003613494025E-002  0.12151392391953006       -2.0870441720352710E-021
 Total Moment Coefficient(CMx, CMy, CMz)=
   1.0417750903373511E-002   3.0378480979882515E-002  -1.3102923147037097E-002
 Kstep, t=          70   70.000000000000000     
 ----------The Max Residuals are--------  ---Mesh---           1
    0.7613420937E-04    0.1537240175E-03    0.3005773110E-04    0.2392456909E-19    0.1121172844E-03
   The R.M.S Residuals are 
    0.2225848928E-04    0.3719684290E-04    0.9528613934E-05    0.3584804787E-20    0.3048861203E-04
 --------------Force and Moment -----------------------------
 Total Force Coefficient (CL, CD, CS) =
  -4.1478257634475546E-002  0.12033956694407183       -1.7603143245804978E-021
 Total Moment Coefficient(CMx, CMy, CMz)=
   1.0369564408618880E-002   3.0084891736017957E-002  -1.3041157407192491E-002
 Kstep, t=          71   71.000000000000000     
 ----------The Max Residuals are--------  ---Mesh---           1
    0.7532871306E-04    0.1513421967E-03    0.2959036916E-04    0.2220934708E-19    0.1109130189E-03
   The R.M.S Residuals are 
    0.2221794052E-04    0.3692143183E-04    0.9502367141E-05    0.3469812661E-20    0.3034837895E-04
 --------------Force and Moment -----------------------------
 Total Force Coefficient (CL, CD, CS) =
  -4.1286727543300761E-002  0.11918956991115419        3.9903797600982543E-021
 Total Moment Coefficient(CMx, CMy, CMz)=
   1.0321681885825171E-002   2.9797392477788547E-002  -1.2979601380100935E-002
 Kstep, t=          72   72.000000000000000     
 ----------The Max Residuals are--------  ---Mesh---           1
    0.7451137642E-04    0.1489891724E-03    0.2915173138E-04    0.2244938617E-19    0.1096753849E-03
   The R.M.S Residuals are 
    0.2217577272E-04    0.3664891415E-04    0.9477516180E-05    0.3601197722E-20    0.3020825845E-04
 --------------Force and Moment -----------------------------
 Total Force Coefficient (CL, CD, CS) =
  -4.1096344054668735E-002  0.11806309893859329       -2.9982600819651922E-021
 Total Moment Coefficient(CMx, CMy, CMz)=
   1.0274086013667187E-002   2.9515774734648323E-002  -1.2918212105794897E-002
 Kstep, t=          73   73.000000000000000     
 ----------The Max Residuals are--------  ---Mesh---           1
    0.7375087209E-04    0.1466668213E-03    0.2875523342E-04    0.2419572116E-19    0.1084104997E-03
   The R.M.S Residuals are 
    0.2213149660E-04    0.3637886189E-04    0.9453900214E-05    0.3603292734E-20    0.3006822747E-04
 --------------Force and Moment -----------------------------
 Total Force Coefficient (CL, CD, CS) =
  -4.0907055406558132E-002  0.11695936045237854       -2.3102972917766959E-021
 Total Moment Coefficient(CMx, CMy, CMz)=
   1.0226763851639540E-002   2.9239840113094634E-002  -1.2856959865608123E-002
 Kstep, t=          74   74.000000000000000     
 ----------The Max Residuals are--------  ---Mesh---           1
    0.7304136804E-04    0.1445624599E-03    0.2839833082E-04    0.2379128154E-19    0.1071238522E-03
   The R.M.S Residuals are 
    0.2208531987E-04    0.3611128242E-04    0.9431431750E-05    0.3587193100E-20    0.2992845072E-04
 --------------Force and Moment -----------------------------
 Total Force Coefficient (CL, CD, CS) =
  -4.0718828086623443E-002  0.11587759919355609       -1.4713281633343685E-021
 Total Moment Coefficient(CMx, CMy, CMz)=
   1.0179707021655876E-002   2.8969399798389021E-002  -1.2795828746640751E-002
 Kstep, t=          75   75.000000000000000     
 ----------The Max Residuals are--------  ---Mesh---           1
    0.7231549484E-04    0.1425765603E-03    0.2806659479E-04    0.2917752787E-19    0.1058203456E-03
   The R.M.S Residuals are 
    0.2203779469E-04    0.3584645965E-04    0.9410278324E-05    0.3681309987E-20    0.2978904863E-04
 --------------Force and Moment -----------------------------
 Total Force Coefficient (CL, CD, CS) =
  -4.0531646343017189E-002  0.11481709609153098       -2.9435484952969641E-021
 Total Moment Coefficient(CMx, CMy, CMz)=
   1.0132911585754306E-002   2.8704274022882746E-002  -1.2734816283691823E-002
 Kstep, t=          76   76.000000000000000     
 ----------The Max Residuals are--------  ---Mesh---           1
    0.7157616714E-04    0.1406033798E-03    0.2776037685E-04    0.2252740772E-19    0.1045043465E-03
   The R.M.S Residuals are 
    0.2198846582E-04    0.3558399519E-04    0.9390215216E-05    0.3709473435E-20    0.2965007212E-04
 --------------Force and Moment -----------------------------
 Total Force Coefficient (CL, CD, CS) =
  -4.0345510819651820E-002  0.11377716604020169       -4.2957961825758706E-021
 Total Moment Coefficient(CMx, CMy, CMz)=
   1.0086377704912958E-002   2.8444291510050422E-002  -1.2673932435156346E-002
 Kstep, t=          77   77.000000000000000     
 ----------The Max Residuals are--------  ---Mesh---           1
    0.7082600993E-04    0.1386453489E-03    0.2747949906E-04    0.2203066961E-19    0.1031797356E-03
   The R.M.S Residuals are 
    0.2193801079E-04    0.3532424866E-04    0.9371371614E-05    0.3694751988E-20    0.2951172395E-04
 --------------Force and Moment -----------------------------
 Total Force Coefficient (CL, CD, CS) =
  -4.0160436568471188E-002  0.11275715566448521       -5.1884648921266344E-021
 Total Moment Coefficient(CMx, CMy, CMz)=
   1.0040109142117781E-002   2.8189288916121304E-002  -1.2613198084172878E-002
 Kstep, t=          78   78.000000000000000     
 ----------The Max Residuals are--------  ---Mesh---           1
    0.7006738273E-04    0.1367045806E-03    0.2722345143E-04    0.2398366888E-19    0.1018499574E-03
   The R.M.S Residuals are 
    0.2188637630E-04    0.3506711915E-04    0.9353727160E-05    0.3763194160E-20    0.2937407698E-04
 --------------Force and Moment -----------------------------
 Total Force Coefficient (CL, CD, CS) =
  -3.9976450609259473E-002  0.11175644119486335       -6.2846681654442346E-021
 Total Moment Coefficient(CMx, CMy, CMz)=
   9.9941126523148526E-003   2.7939110298715836E-002  -1.2552643194812491E-002
 Kstep, t=          79   79.000000000000000     
 ----------The Max Residuals are--------  ---Mesh---           1
    0.6930240401E-04    0.1347829000E-03    0.2699153983E-04    0.2728108222E-19    0.1005180676E-03
   The R.M.S Residuals are 
    0.2183362001E-04    0.3481256174E-04    0.9337202322E-05    0.3754586135E-20    0.2923728022E-04
 --------------Force and Moment -----------------------------
 Total Force Coefficient (CL, CD, CS) =
  -3.9793589085215589E-002  0.11077442668653630       -2.6851002447901450E-021
 Total Moment Coefficient(CMx, CMy, CMz)=
   9.9483972713038972E-003   2.7693606671634074E-002  -1.2492304661267337E-002
 Kstep, t=          80   80.000000000000000     
 ----------The Max Residuals are--------  ---Mesh---           1
    0.6853297425E-04    0.1328818761E-03    0.2678299343E-04    0.2584604826E-19    0.9932474537E-04
   The R.M.S Residuals are 
    0.2178025421E-04    0.3456085772E-04    0.9321953197E-05    0.3844858235E-20    0.2910150194E-04
 --------------Force and Moment -----------------------------
 Total Force Coefficient (CL, CD, CS) =
  -3.9611894009712947E-002  0.10981054209083455        6.6990864492132667E-023
 Total Moment Coefficient(CMx, CMy, CMz)=
   9.9029735024282386E-003   2.7452635522708636E-002  -1.2432223848300216E-002
 Kstep, t=          81   81.000000000000000     
 ----------The Max Residuals are--------  ---Mesh---           1
    0.6776079717E-04    0.1310028490E-03    0.2659704146E-04    0.2821465733E-19    0.9819121240E-04
   The R.M.S Residuals are 
    0.2172610881E-04    0.3431182860E-04    0.9307877824E-05    0.3783826888E-20    0.2896685255E-04
 --------------Force and Moment -----------------------------
 Total Force Coefficient (CL, CD, CS) =
  -3.9431409727985117E-002  0.10886424167964172       -1.1090361131436387E-021
 Total Moment Coefficient(CMx, CMy, CMz)=
   9.8578524319962724E-003   2.7216060419910430E-002  -1.2372443917054776E-002
 Kstep, t=          82   82.000000000000000     
 ----------The Max Residuals are--------  ---Mesh---           1
    0.6698739885E-04    0.1291469535E-03    0.2643296835E-04    0.2650322791E-19    0.9704629309E-04
   The R.M.S Residuals are 
    0.2167165395E-04    0.3406572335E-04    0.9295083571E-05    0.3909235107E-20    0.2883352916E-04
 --------------Force and Moment -----------------------------
 Total Force Coefficient (CL, CD, CS) =
  -3.9252179147612448E-002  0.10793500266621664       -1.4517064597020583E-021
 Total Moment Coefficient(CMx, CMy, CMz)=
   9.8130447869031190E-003   2.6983750666554160E-002  -1.2313006977681274E-002
 Kstep, t=          83   83.000000000000000     
 ----------The Max Residuals are--------  ---Mesh---           1
    0.6626633564E-04    0.1273151413E-03    0.2629015274E-04    0.2848603881E-19    0.9589310880E-04
   The R.M.S Residuals are 
    0.2161700621E-04    0.3382256727E-04    0.9283606834E-05    0.3876223269E-20    0.2870167304E-04
 --------------Force and Moment -----------------------------
 Total Force Coefficient (CL, CD, CS) =
  -3.9074239959916886E-002  0.10702232397102095       -5.2740898096096202E-021
 Total Moment Coefficient(CMx, CMy, CMz)=
   9.7685599899792266E-003   2.6755580992755237E-002  -1.2253951236041918E-002
 Kstep, t=          84   84.000000000000000     
 ----------The Max Residuals are--------  ---Mesh---           1
    0.6556145985E-04    0.1255082005E-03    0.2616809527E-04    0.2456780057E-19    0.9473446362E-04
   The R.M.S Residuals are 
    0.2156233004E-04    0.3358240976E-04    0.9273453667E-05    0.3920260764E-20    0.2857146065E-04
 --------------Force and Moment -----------------------------
 Total Force Coefficient (CL, CD, CS) =
  -3.8897621203516239E-002  0.10612572503583736       -1.0959735545840384E-021
 Total Moment Coefficient(CMx, CMy, CMz)=
   9.7244053008790649E-003   2.6531431258959341E-002  -1.2195308398289816E-002
 Kstep, t=          85   85.000000000000000     
 ----------The Max Residuals are--------  ---Mesh---           1
    0.6485287384E-04    0.1237267730E-03    0.2606643857E-04    0.2358086262E-19    0.9357287340E-04
   The R.M.S Residuals are 
    0.2150801243E-04    0.3334546197E-04    0.9264757124E-05    0.3896674122E-20    0.2844308415E-04
 --------------Force and Moment -----------------------------
 Total Force Coefficient (CL, CD, CS) =
  -3.8722340630390081E-002  0.10524474460477638        1.2748396083283571E-021
 Total Moment Coefficient(CMx, CMy, CMz)=
   9.6805851575974978E-003   2.6311186151194096E-002  -1.2137101678737222E-002
 Kstep, t=          86   86.000000000000000     
 ----------The Max Residuals are--------  ---Mesh---           1
    0.6414203815E-04    0.1219713704E-03    0.2598498161E-04    0.2442419527E-19    0.9241059223E-04
   The R.M.S Residuals are 
    0.2145411179E-04    0.3311171436E-04    0.9257518300E-05    0.3954535732E-20    0.2831671882E-04
 --------------Force and Moment -----------------------------
 Total Force Coefficient (CL, CD, CS) =
  -3.8548403295363694E-002  0.10437893947082787        2.2508931157963697E-021
 Total Moment Coefficient(CMx, CMy, CMz)=
   9.6371008238409286E-003   2.6094734867706967E-002  -1.2079344726785382E-002
 Kstep, t=          87   87.000000000000000     
 ----------The Max Residuals are--------  ---Mesh---           1
    0.6343026560E-04    0.1202423877E-03    0.2592369022E-04    0.2833919163E-19    0.9124963659E-04
   The R.M.S Residuals are 
    0.2140100558E-04    0.3288137664E-04    0.9251862780E-05    0.4028786468E-20    0.2819258381E-04
 --------------Force and Moment -----------------------------
 Total Force Coefficient (CL, CD, CS) =
  -3.8375801564501086E-002  0.10352788327786651       -7.1296610250534152E-022
 Total Moment Coefficient(CMx, CMy, CMz)=
   9.5939503911252662E-003   2.5881970819466627E-002  -1.2022041619638262E-002
 Kstep, t=          88   88.000000000000000     
 ----------The Max Residuals are--------  ---Mesh---           1
    0.6271873455E-04    0.1185401164E-03    0.2588270466E-04    0.2399511370E-19    0.9009180710E-04
   The R.M.S Residuals are 
    0.2134885126E-04    0.3265451710E-04    0.9247855626E-05    0.3975044615E-20    0.2807088247E-04
 --------------Force and Moment -----------------------------
 Total Force Coefficient (CL, CD, CS) =
  -3.8204516418025136E-002  0.10269116549304577       -2.7016577026895096E-021
 Total Moment Coefficient(CMx, CMy, CMz)=
   9.5511291045062893E-003   2.5672791373261443E-002  -1.1965187827600764E-002
 Kstep, t=          89   89.000000000000000     
 ----------The Max Residuals are--------  ---Mesh---           1
    0.6200850110E-04    0.1168647556E-03    0.2586234480E-04    0.2505812238E-19    0.8893870834E-04
   The R.M.S Residuals are 
    0.2129790412E-04    0.3243126991E-04    0.9245586402E-05    0.3992859581E-20    0.2795184238E-04
 --------------Force and Moment -----------------------------
 Total Force Coefficient (CL, CD, CS) =
  -3.8034519660235799E-002  0.10186839060926399        4.0122271214993326E-021
 Total Moment Coefficient(CMx, CMy, CMz)=
   9.5086299150589394E-003   2.5467097652315997E-002  -1.1908771861303447E-002
 Kstep, t=          90   90.000000000000000     
 ----------The Max Residuals are--------  ---Mesh---           1
    0.6130051008E-04    0.1153069286E-03    0.2586311307E-04    0.2595105335E-19    0.8779176687E-04
   The R.M.S Residuals are 
    0.2124843195E-04    0.3221178403E-04    0.9245172379E-05    0.4080395949E-20    0.2783569550E-04
 --------------Force and Moment -----------------------------
 Total Force Coefficient (CL, CD, CS) =
  -3.7865776541215951E-002  0.10105917755578289        6.0355110022930871E-021
 Total Moment Coefficient(CMx, CMy, CMz)=
   9.4664441353040016E-003   2.5264794388945723E-002  -1.1852777229317596E-002
 Kstep, t=          91   91.000000000000000     
 ----------The Max Residuals are--------  ---Mesh---           1
    0.6065476492E-04    0.1138016691E-03    0.2588569497E-04    0.2845843812E-19    0.8665224752E-04
   The R.M.S Residuals are 
    0.2120062859E-04    0.3199615824E-04    0.9246694816E-05    0.4147021177E-20    0.2772267508E-04
 --------------Force and Moment -----------------------------
 Total Force Coefficient (CL, CD, CS) =
  -3.7698248344579792E-002  0.10026315924242357        2.1970983120026878E-021
 Total Moment Coefficient(CMx, CMy, CMz)=
   9.4245620861449358E-003   2.5065789810605893E-002  -1.1797184371615161E-002
 Kstep, t=          92   92.000000000000000     
 ----------The Max Residuals are--------  ---Mesh---           1
    0.6012926500E-04    0.1123154824E-03    0.2593095707E-04    0.2466463886E-19    0.8552126818E-04
   The R.M.S Residuals are 
    0.2115479080E-04    0.3178456461E-04    0.9250285361E-05    0.4124764186E-20    0.2761302666E-04
 --------------Force and Moment -----------------------------
 Total Force Coefficient (CL, CD, CS) =
  -3.7531894638419355E-002   9.9479982154846297E-002   1.4686213076196020E-021
 Total Moment Coefficient(CMx, CMy, CMz)=
   9.3829736596048475E-003   2.4869995538711574E-002  -1.1741972341466220E-002
 Kstep, t=          93   93.000000000000000     
 ----------The Max Residuals are--------  ---Mesh---           1
    0.5960915551E-04    0.1108488212E-03    0.2599994245E-04    0.2726754683E-19    0.8450496247E-04
   The R.M.S Residuals are 
    0.2111112171E-04    0.3157711303E-04    0.9256040144E-05    0.4070732296E-20    0.2750699004E-04
 --------------Force and Moment -----------------------------
 Total Force Coefficient (CL, CD, CS) =
  -3.7366675047862043E-002   9.8709305940590283E-002   4.4304719784940282E-021
 Total Moment Coefficient(CMx, CMy, CMz)=
   9.3416687619655211E-003   2.4677326485147571E-002  -1.1687120129310231E-002
 Kstep, t=          94   94.000000000000000     
 ----------The Max Residuals are--------  ---Mesh---           1
    0.5909446400E-04    0.1094020504E-03    0.2609386445E-04    0.2744393987E-19    0.8349113764E-04
   The R.M.S Residuals are 
    0.2106989766E-04    0.3137396500E-04    0.9264085790E-05    0.4132936236E-20    0.2740481270E-04
 --------------Force and Moment -----------------------------
 Total Force Coefficient (CL, CD, CS) =
  -3.7202550535627529E-002   9.7950802956708563E-002   6.4260594440538088E-021
 Total Moment Coefficient(CMx, CMy, CMz)=
   9.3006376339068702E-003   2.4487700739177141E-002  -1.1632607618170157E-002
 Kstep, t=          95   95.000000000000000     
 ----------The Max Residuals are--------  ---Mesh---           1
    0.5858521724E-04    0.1079754566E-03    0.2621410028E-04    0.2672224256E-19    0.8248096707E-04
   The R.M.S Residuals are 
    0.2103134673E-04    0.3117525128E-04    0.9274533541E-05    0.4099261848E-20    0.2730673766E-04
 --------------Force and Moment -----------------------------
 Total Force Coefficient (CL, CD, CS) =
  -3.7039484257301018E-002   9.7204157775779704E-002   2.5687692446344133E-021
 Total Moment Coefficient(CMx, CMy, CMz)=
   9.2598710643252789E-003   2.4301039443944926E-002  -1.1578416220487915E-002
 Kstep, t=          96   96.000000000000000     
 ----------The Max Residuals are--------  ---Mesh---           1
    0.5808144049E-04    0.1065692553E-03    0.2636218652E-04    0.2762331205E-19    0.8147559653E-04
   The R.M.S Residuals are 
    0.2099572089E-04    0.3098112027E-04    0.9287502726E-05    0.4245239668E-20    0.2721300849E-04
 --------------Force and Moment -----------------------------
 Total Force Coefficient (CL, CD, CS) =
  -3.6877442077047427E-002   9.6469066710143644E-002   3.3357422911207060E-022
 Total Moment Coefficient(CMx, CMy, CMz)=
   9.2193605192618568E-003   2.4117266677535911E-002  -1.1524529260557314E-002
 Kstep, t=          97   97.000000000000000     
 ----------The Max Residuals are--------  ---Mesh---           1
    0.5758315702E-04    0.1051835990E-03    0.2653981781E-04    0.2807655452E-19    0.8047604716E-04
   The R.M.S Residuals are 
    0.2096325878E-04    0.3079171358E-04    0.9303109303E-05    0.4349874692E-20    0.2712386508E-04
 --------------Force and Moment -----------------------------
 Total Force Coefficient (CL, CD, CS) =
  -3.6716392808440065E-002   9.5745237258187038E-002  -7.1424574463832693E-023
 Total Moment Coefficient(CMx, CMy, CMz)=
   9.1790982021100059E-003   2.3936309314546760E-002  -1.1470932150986466E-002
 Kstep, t=          98   98.000000000000000     
 ----------The Max Residuals are--------  ---Mesh---           1
    0.5709038777E-04    0.1038185833E-03    0.2674884892E-04    0.2691218794E-19    0.7948323847E-04
   The R.M.S Residuals are 
    0.2093419707E-04    0.3060717234E-04    0.9321466033E-05    0.4229192627E-20    0.2703954253E-04
 --------------Force and Moment -----------------------------
 Total Force Coefficient (CL, CD, CS) =
  -3.6556308250059052E-002   9.5032387573215513E-002   4.4010262104599480E-022
 Total Moment Coefficient(CMx, CMy, CMz)=
   9.1390770625147631E-003   2.3758096893303878E-002  -1.1417612415473198E-002
 Kstep, t=          99   99.000000000000000     
 ----------The Max Residuals are--------  ---Mesh---           1
    0.5660315105E-04    0.1024742531E-03    0.2699129889E-04    0.2779710075E-19    0.7849798440E-04
   The R.M.S Residuals are 
    0.2090877037E-04    0.3042763771E-04    0.9342684096E-05    0.4251900203E-20    0.2696027001E-04
 --------------Force and Moment -----------------------------
 Total Force Coefficient (CL, CD, CS) =
  -3.6397163034841445E-002   9.4330245947476271E-002   3.8132491500751825E-022
 Total Moment Coefficient(CMx, CMy, CMz)=
   9.0992907587103596E-003   2.3582561486869068E-002  -1.1364559572108078E-002
 Kstep, t=         100   100.00000000000000     
 ----------The Max Residuals are--------  ---Mesh---           1
    0.5612146229E-04    0.1011506081E-03    0.2726935590E-04    0.2939298015E-19    0.7752100459E-04
   The R.M.S Residuals are 
    0.2088720379E-04    0.3025324543E-04    0.9366867522E-05    0.4270488412E-20    0.2688626820E-04
 --------------Force and Moment -----------------------------
 Total Force Coefficient (CL, CD, CS) =
  -3.6238934303782527E-002   9.3638550318767916E-002  -3.2055356423537624E-021
 Total Moment Coefficient(CMx, CMy, CMz)=
   9.0597335759456232E-003   2.3409637579691979E-002  -1.1311764885193070E-002
 Kstep, t=         101   101.00000000000000     
 ----------The Max Residuals are--------  ---Mesh---           1
    0.5564533393E-04    0.9984760767E-04    0.2758537964E-04    0.2711695957E-19    0.7655293166E-04
   The R.M.S Residuals are 
    0.2086971864E-04    0.3008413010E-04    0.9394116125E-05    0.4246788620E-20    0.2681774862E-04
 --------------Force and Moment -----------------------------
 Total Force Coefficient (CL, CD, CS) =
  -3.6081601213884332E-002   9.2957047795705461E-002   3.0434370550994692E-021
 Total Moment Coefficient(CMx, CMy, CMz)=
   9.0204003034710812E-003   2.3239261948926365E-002  -1.1259220992979924E-002
 Kstep, t=         102   102.00000000000000     
 ----------The Max Residuals are--------  ---Mesh---           1
    0.5517477526E-04    0.9856517910E-04    0.2796125870E-04    0.2684974792E-19    0.7559431906E-04
   The R.M.S Residuals are 
    0.2085652442E-04    0.2992041997E-04    0.9424521084E-05    0.4275804305E-20    0.2675491172E-04
 --------------Force and Moment -----------------------------
 Total Force Coefficient (CL, CD, CS) =
  -3.5925144317710100E-002   9.2285494189477485E-002   4.7192544526743129E-021
 Total Moment Coefficient(CMx, CMy, CMz)=
   8.9812860794275320E-003   2.3071373547369371E-002  -1.1206921439300238E-002
 Kstep, t=         103   103.00000000000000     
 ----------The Max Residuals are--------  ---Mesh---           1
    0.5470979237E-04    0.9730324397E-04    0.2839252957E-04    0.2712905224E-19    0.7464564819E-04
   The R.M.S Residuals are 
    0.2084782124E-04    0.2976223919E-04    0.9458166395E-05    0.4235211962E-20    0.2669794655E-04
 --------------Force and Moment -----------------------------
 Total Force Coefficient (CL, CD, CS) =
  -3.5769544895265515E-002   9.1623653540532840E-002   2.8672439401385796E-021
 Total Moment Coefficient(CMx, CMy, CMz)=
   8.9423862238163804E-003   2.2905913385133210E-002  -1.1154860169561213E-002
 Kstep, t=         104   104.00000000000000     
 ----------The Max Residuals are--------  ---Mesh---           1
    0.5425038810E-04    0.9606163687E-04    0.2886437888E-04    0.2770443229E-19    0.7370733481E-04
   The R.M.S Residuals are 
    0.2084379494E-04    0.2960970477E-04    0.9495126501E-05    0.4329950936E-20    0.2664702983E-04
 --------------Force and Moment -----------------------------
 Total Force Coefficient (CL, CD, CS) =
  -3.5614784351625621E-002   9.0971297641778137E-002   3.5543813655276638E-021
 Total Moment Coefficient(CMx, CMy, CMz)=
   8.9036960879063879E-003   2.2742824410444534E-002  -1.1103031076147010E-002
 Kstep, t=         105   105.00000000000000     
 ----------The Max Residuals are--------  ---Mesh---           1
    0.5379656204E-04    0.9484019728E-04    0.2938440611E-04    0.3271358363E-19    0.7277973489E-04
   The R.M.S Residuals are 
    0.2084461519E-04    0.2946292576E-04    0.9535465984E-05    0.4407878682E-20    0.2660232548E-04
 --------------Force and Moment -----------------------------
 Total Force Coefficient (CL, CD, CS) =
  -3.5460843790448296E-002   9.0328205578614248E-002   4.4095548706094618E-021
 Total Moment Coefficient(CMx, CMy, CMz)=
   8.8652109476120584E-003   2.2582051394653562E-002  -1.1051427675876808E-002
 Kstep, t=         106   106.00000000000000     
 ----------The Max Residuals are--------  ---Mesh---           1
    0.5334831055E-04    0.9363874300E-04    0.2995838161E-04    0.2527742621E-19    0.7186314996E-04
   The R.M.S Residuals are 
    0.2085043653E-04    0.2932200345E-04    0.9579238517E-05    0.4408036598E-20    0.2656398392E-04
 --------------Force and Moment -----------------------------
 Total Force Coefficient (CL, CD, CS) =
  -3.5307703830405136E-002   8.9694163316325931E-002   3.7703266651213893E-021
 Total Moment Coefficient(CMx, CMy, CMz)=
   8.8269259576012841E-003   2.2423540829081483E-002  -1.1000042969905477E-002
 Kstep, t=         107   107.00000000000000     
 ----------The Max Residuals are--------  ---Mesh---           1
    0.5290562680E-04    0.9245707295E-04    0.3058912593E-04    0.2753829016E-19    0.7095783246E-04
   The R.M.S Residuals are 
    0.2086139773E-04    0.2918703093E-04    0.9626487377E-05    0.4399427734E-20    0.2653214026E-04
 --------------Force and Moment -----------------------------
 Total Force Coefficient (CL, CD, CS) =
  -3.5155344668643757E-002   8.9068963359109729E-002   2.3349416710941066E-021
 Total Moment Coefficient(CMx, CMy, CMz)=
   8.7888361671609495E-003   2.2267240839777432E-002  -1.0948869489285329E-002
 Kstep, t=         108   108.00000000000000     
 ----------The Max Residuals are--------  ---Mesh---           1
    0.5328301071E-04    0.9129496962E-04    0.3126579245E-04    0.2780869098E-19    0.7006399014E-04
   The R.M.S Residuals are 
    0.2087761631E-04    0.2905808949E-04    0.9677243654E-05    0.4300593704E-20    0.2650691322E-04
 --------------Force and Moment -----------------------------
 Total Force Coefficient (CL, CD, CS) =
  -3.5003746339924709E-002   8.8452404487343636E-002  -6.3606568254604975E-022
 Total Moment Coefficient(CMx, CMy, CMz)=
   8.7509365849811806E-003   2.2113101121835909E-002  -1.0897899487774889E-002
 Kstep, t=         109   109.00000000000000     
 ----------The Max Residuals are--------  ---Mesh---           1
    0.5463221068E-04    0.9015220133E-04    0.3198746725E-04    0.2817483472E-19    0.6920986777E-04
   The R.M.S Residuals are 
    0.2089919729E-04    0.2893525321E-04    0.9731525782E-05    0.4466900839E-20    0.2648840681E-04
 --------------Force and Moment -----------------------------
 Total Force Coefficient (CL, CD, CS) =
  -3.4852889089450417E-002   8.7844291561591167E-002  -2.2754379875662123E-022
 Total Moment Coefficient(CMx, CMy, CMz)=
   8.7132222723626061E-003   2.1961072890397792E-002  -1.0847125220460966E-002
 Kstep, t=         110   110.00000000000000     
 ----------The Max Residuals are--------  ---Mesh---           1
    0.5606588190E-04    0.8902852425E-04    0.3274763491E-04    0.2849011291E-19    0.6838292600E-04
   The R.M.S Residuals are 
    0.2092623082E-04    0.2881858731E-04    0.9789340941E-05    0.4507099965E-20    0.2647670837E-04
 --------------Force and Moment -----------------------------
 Total Force Coefficient (CL, CD, CS) =
  -3.4702753774174200E-002   8.7244435371101839E-002   2.2156575527573091E-021
 Total Moment Coefficient(CMx, CMy, CMz)=
   8.6756884435435621E-003   2.1811108842775460E-002  -1.0796539244282902E-002
 Kstep, t=         111   111.00000000000000     
 ----------The Max Residuals are--------  ---Mesh---           1
    0.5757902090E-04    0.8792368426E-04    0.3352450037E-04    0.2793459570E-19    0.6859883487E-04
   The R.M.S Residuals are 
    0.2095878390E-04    0.2870814293E-04    0.9850689384E-05    0.4550451889E-20    0.2647188211E-04
 --------------Force and Moment -----------------------------
 Total Force Coefficient (CL, CD, CS) =
  -3.4553322223949794E-002   8.6652652502798813E-002   3.6957995528114846E-021
 Total Moment Coefficient(CMx, CMy, CMz)=
   8.6383305559874588E-003   2.1663163125699703E-002  -1.0746134688942715E-002
 Kstep, t=         112   112.00000000000000     
 ----------The Max Residuals are--------  ---Mesh---           1
    0.5906273454E-04    0.8683741859E-04    0.3441422083E-04    0.3282748010E-19    0.7047120217E-04
   The R.M.S Residuals are 
    0.2099690026E-04    0.2860395740E-04    0.9915557506E-05    0.4630120292E-20    0.2647397144E-04
 --------------Force and Moment -----------------------------
 Total Force Coefficient (CL, CD, CS) =
  -3.4404577519513431E-002   8.6068765211362266E-002   4.8036353359483287E-021
 Total Moment Coefficient(CMx, CMy, CMz)=
   8.6011443798783595E-003   2.1517191302840567E-002  -1.0695905465886906E-002
 Kstep, t=         113   113.00000000000000     
 ----------The Max Residuals are--------  ---Mesh---           1
    0.6079297301E-04    0.8579827244E-04    0.3532836849E-04    0.3284146462E-19    0.7229712631E-04
   The R.M.S Residuals are 
    0.2104061669E-04    0.2850606507E-04    0.9983910625E-05    0.4615434498E-20    0.2648301182E-04
 --------------Force and Moment -----------------------------
 Total Force Coefficient (CL, CD, CS) =
  -3.4256504170717100E-002   8.5492601278366942E-002  -1.3050763387265127E-021
 Total Moment Coefficient(CMx, CMy, CMz)=
   8.5641260426792716E-003   2.1373150319591736E-002  -1.0645846402869042E-002
 Kstep, t=         114   114.00000000000000     
 ----------The Max Residuals are--------  ---Mesh---           1
    0.6237646595E-04    0.8478851777E-04    0.3623054481E-04    0.2853540630E-19    0.7435160600E-04
   The R.M.S Residuals are 
    0.2108996867E-04    0.2841449965E-04    0.1005570262E-04    0.4522222726E-20    0.2649903132E-04
 --------------Force and Moment -----------------------------
 Total Force Coefficient (CL, CD, CS) =
  -3.4109088197518039E-002   8.4923993863512529E-002   9.4742585270468304E-022
 Total Moment Coefficient(CMx, CMy, CMz)=
   8.5272720493795116E-003   2.1230998465878132E-002  -1.0595953305916431E-002
 Kstep, t=         115   115.00000000000000     
 ----------The Max Residuals are--------  ---Mesh---           1
    0.6419497815E-04    0.8379424771E-04    0.3725626502E-04    0.2732643822E-19    0.7640572795E-04
   The R.M.S Residuals are 
    0.2114496097E-04    0.2832927492E-04    0.1013089393E-04    0.4532589806E-20    0.2652202770E-04
 --------------Force and Moment -----------------------------
 Total Force Coefficient (CL, CD, CS) =
  -3.3962317124536498E-002   8.4362781332604081E-002  -1.9132931033363880E-021
 Total Moment Coefficient(CMx, CMy, CMz)=
   8.4905792811341314E-003   2.1090695333151020E-002  -1.0546222956753826E-002
 Kstep, t=         116   116.00000000000000     
 ----------The Max Residuals are--------  ---Mesh---           1
    0.6594040092E-04    0.8281530305E-04    0.3829285162E-04    0.2750722363E-19    0.7849526097E-04
   The R.M.S Residuals are 
    0.2120555964E-04    0.2825037833E-04    0.1020945056E-04    0.4635965855E-20    0.2655195749E-04
 --------------Force and Moment -----------------------------
 Total Force Coefficient (CL, CD, CS) =
  -3.3816179908246237E-002   8.3808807074138500E-002   9.6057452425026476E-022
 Total Moment Coefficient(CMx, CMy, CMz)=
   8.4540449770615644E-003   2.0952201768534625E-002  -1.0496653059982840E-002
 Kstep, t=         117   117.00000000000000     
 ----------The Max Residuals are--------  ---Mesh---           1
    0.6782545260E-04    0.8185151458E-04    0.3932893432E-04    0.2716426558E-19    0.8081634808E-04
   The R.M.S Residuals are 
    0.2127171676E-04    0.2817778946E-04    0.1029130642E-04    0.4624375536E-20    0.2658877090E-04
 --------------Force and Moment -----------------------------
 Total Force Coefficient (CL, CD, CS) =
  -3.3670666811133336E-002   8.3261919308361132E-002   1.1447532919709141E-021
 Total Moment Coefficient(CMx, CMy, CMz)=
   8.4176667027833288E-003   2.0815479827090283E-002  -1.0447242150733177E-002
 Kstep, t=         118   118.00000000000000     
 ----------The Max Residuals are--------  ---Mesh---           1
    0.6992600354E-04    0.8090270442E-04    0.4049910547E-04    0.2746157885E-19    0.8297706510E-04
   The R.M.S Residuals are 
    0.2134339946E-04    0.2811150070E-04    0.1037635289E-04    0.4621404109E-20    0.2663243472E-04
 --------------Force and Moment -----------------------------
 Total Force Coefficient (CL, CD, CS) =
  -3.3525769233234394E-002   8.2721970892881941E-002  -1.0229540753044185E-022
 Total Moment Coefficient(CMx, CMy, CMz)=
   8.3814423083086020E-003   2.0680492723220485E-002  -1.0397989470589376E-002
 Kstep, t=         119   119.00000000000000     
 ----------The Max Residuals are--------  ---Mesh---           1
    0.7188013101E-04    0.7996868731E-04    0.4156639269E-04    0.2784358927E-19    0.8565349999E-04
   The R.M.S Residuals are 
    0.2142059413E-04    0.2805151545E-04    0.1046448855E-04    0.4681371355E-20    0.2668291544E-04
 --------------Force and Moment -----------------------------
 Total Force Coefficient (CL, CD, CS) =
  -3.3381479506899757E-002   8.2188819127674131E-002  -2.2877522787952745E-022
 Total Moment Coefficient(CMx, CMy, CMz)=
   8.3453698767249462E-003   2.0547204781918533E-002  -1.0348894816149227E-002
 Kstep, t=         120   120.00000000000000     
 ----------The Max Residuals are--------  ---Mesh---           1
    0.7408609173E-04    0.7904927173E-04    0.4286195994E-04    0.2803269536E-19    0.8790731694E-04
   The R.M.S Residuals are 
    0.2150325349E-04    0.2799781078E-04    0.1055565161E-04    0.4698382074E-20    0.2674013786E-04
 --------------Force and Moment -----------------------------
 Total Force Coefficient (CL, CD, CS) =
  -3.3237790659805019E-002   8.1662325560189541E-002   1.0770538244997521E-021
 Total Moment Coefficient(CMx, CMy, CMz)=
   8.3094476649512531E-003   2.0415581390047385E-002  -1.0299958363937555E-002
 Kstep, t=         121   121.00000000000000     
 ----------The Max Residuals are--------  ---Mesh---           1
    0.7625024922E-04    0.7814426090E-04    0.4398548961E-04    0.3348611620E-19    0.9073762874E-04
   The R.M.S Residuals are 
    0.2159125171E-04    0.2795031049E-04    0.1064979060E-04    0.4647983091E-20    0.2680396844E-04
 --------------Force and Moment -----------------------------
 Total Force Coefficient (CL, CD, CS) =
  -3.3094696155938741E-002   8.1142355790084650E-002  -1.9284677830344593E-022
 Total Moment Coefficient(CMx, CMy, CMz)=
   8.2736740389846870E-003   2.0285588947521162E-002  -1.0251180478904477E-002
 Kstep, t=         122   122.00000000000000     
 ----------The Max Residuals are--------  ---Mesh---           1
    0.7828363542E-04    0.7824446338E-04    0.4538107696E-04    0.2293451791E-19    0.9320951490E-04
   The R.M.S Residuals are 
    0.2168443866E-04    0.2790892539E-04    0.1074681068E-04    0.4752020112E-20    0.2687426521E-04
 --------------Force and Moment -----------------------------
 Total Force Coefficient (CL, CD, CS) =
  -3.2952189632844089E-002   8.0628779273644480E-002   2.5751366006697585E-022
 Total Moment Coefficient(CMx, CMy, CMz)=
   8.2380474082110206E-003   2.0157194818411120E-002  -1.0202561520143349E-002
 Kstep, t=         123   123.00000000000000     
 ----------The Max Residuals are--------  ---Mesh---           1
    0.8071939429E-04    0.8067274659E-04    0.4659577786E-04    0.2840901731E-19    0.9600815086E-04
   The R.M.S Residuals are 
    0.2178273204E-04    0.2787361381E-04    0.1084656703E-04    0.4700557361E-20    0.2695093372E-04
 --------------Force and Moment -----------------------------
 Total Force Coefficient (CL, CD, CS) =
  -3.2810264661219800E-002   8.0121469130483972E-002   7.2026902924384835E-022
 Total Moment Coefficient(CMx, CMy, CMz)=
   8.2025661653049500E-003   2.0030367282620993E-002  -1.0154101663349293E-002
 Kstep, t=         124   124.00000000000000     
 ----------The Max Residuals are--------  ---Mesh---           1
    0.8284105145E-04    0.8278803044E-04    0.4804001779E-04    0.2889227496E-19    0.9876563593E-04
   The R.M.S Residuals are 
    0.2188608815E-04    0.2784435621E-04    0.1094891091E-04    0.4621604909E-20    0.2703390292E-04
 --------------Force and Moment -----------------------------
 Total Force Coefficient (CL, CD, CS) =
  -3.2668914555376988E-002   7.9620301958132314E-002  -1.9244898936463743E-021
 Total Moment Coefficient(CMx, CMy, CMz)=
   8.1672286388442417E-003   1.9905075489533079E-002  -1.0105800761296354E-002
 Kstep, t=         125   125.00000000000000     
 ----------The Max Residuals are--------  ---Mesh---           1
    0.8561246298E-04    0.8555282747E-04    0.4939404248E-04    0.2742986164E-19    0.1016593592E-03
   The R.M.S Residuals are 
    0.2199442090E-04    0.2782110167E-04    0.1105373938E-04    0.4583337839E-20    0.2712306410E-04
 --------------Force and Moment -----------------------------
 Total Force Coefficient (CL, CD, CS) =
  -3.2528132319136080E-002   7.9125157667806381E-002  -1.5286970260979223E-021
 Total Moment Coefficient(CMx, CMy, CMz)=
   8.1320330797840148E-003   1.9781289416951595E-002  -1.0057658306004183E-002
 Kstep, t=         126   126.00000000000000     
 ----------The Max Residuals are--------  ---Mesh---           1
    0.8791945047E-04    0.8785258996E-04    0.5080673933E-04    0.2836322510E-19    0.1048376910E-03
   The R.M.S Residuals are 
    0.2210759601E-04    0.2780376072E-04    0.1116100080E-04    0.4637844673E-20    0.2721825449E-04
 --------------Force and Moment -----------------------------
 Total Force Coefficient (CL, CD, CS) =
  -3.2387910530954481E-002   7.8635920702258097E-002  -2.8355589173876702E-022
 Total Moment Coefficient(CMx, CMy, CMz)=
   8.0969776327386184E-003   1.9658980175564524E-002  -1.0009673345381347E-002
 Kstep, t=         127   127.00000000000000     
 ----------The Max Residuals are--------  ---Mesh---           1
    0.9038677128E-04    0.9035937990E-04    0.5236077098E-04    0.2761571301E-19    0.1074487601E-03
   The R.M.S Residuals are 
    0.2222538243E-04    0.2779217652E-04    0.1127063576E-04    0.4606630017E-20    0.2731924385E-04
 --------------Force and Moment -----------------------------
 Total Force Coefficient (CL, CD, CS) =
  -3.2248241284823218E-002   7.8152476579035096E-002   4.7122841227413480E-023
 Total Moment Coefficient(CMx, CMy, CMz)=
   8.0620603212058044E-003   1.9538119144758774E-002  -9.9618444412716486E-003
 Kstep, t=         128   128.00000000000000     
 ----------The Max Residuals are--------  ---Mesh---           1
    0.9321076751E-04    0.9317702539E-04    0.5363228373E-04    0.3286933754E-19    0.1108793702E-03
   The R.M.S Residuals are 
    0.2234754406E-04    0.2778619395E-04    0.1138251874E-04    0.4674085734E-20    0.2742581709E-04
 --------------Force and Moment -----------------------------
 Total Force Coefficient (CL, CD, CS) =
  -3.2109116482229937E-002   7.7674713915562230E-002   4.1449547568050829E-022
 Total Moment Coefficient(CMx, CMy, CMz)=
   8.0272791205574841E-003   1.9418678478890557E-002  -9.9141698911220742E-003
 Kstep, t=         129   129.00000000000000     
 ----------The Max Residuals are--------  ---Mesh---           1
    0.9550914578E-04    0.9546803095E-04    0.5541880459E-04    0.2746057153E-19    0.1140743780E-03
   The R.M.S Residuals are 
    0.2247398594E-04    0.2778575799E-04    0.1149646738E-04    0.4699053276E-20    0.2753785737E-04
 --------------Force and Moment -----------------------------
 Total Force Coefficient (CL, CD, CS) =
  -3.1970527942534382E-002   7.7202524362817715E-002   1.3315686001545139E-021
 Total Moment Coefficient(CMx, CMy, CMz)=
   7.9926319856335956E-003   1.9300631090704429E-002  -9.8666478136823031E-003
 Kstep, t=         130   130.00000000000000     
 ----------The Max Residuals are--------  ---Mesh---           1
    0.9857319846E-04    0.9854597617E-04    0.5695541254E-04    0.2798739753E-19    0.1169248115E-03
   The R.M.S Residuals are 
    0.2260471991E-04    0.2779088710E-04    0.1161228474E-04    0.4654496702E-20    0.2765535066E-04
 --------------Force and Moment -----------------------------
 Total Force Coefficient (CL, CD, CS) =
  -3.1832467558227259E-002   7.6735802455277266E-002  -1.3354307405567378E-021
 Total Moment Coefficient(CMx, CMy, CMz)=
   7.9581168895568079E-003   1.9183950613819317E-002  -9.8192762682126570E-003
 Kstep, t=         131   131.00000000000000     
 ----------The Max Residuals are--------  ---Mesh---           1
    0.1014882771E-03    0.1014561563E-03    0.5845512260E-04    0.2713111858E-19    0.1208831317E-03
   The R.M.S Residuals are 
    0.2273970472E-04    0.2780155595E-04    0.1172984380E-04    0.4655509464E-20    0.2777822848E-04
 --------------Force and Moment -----------------------------
 Total Force Coefficient (CL, CD, CS) =
  -3.1694927455603587E-002   7.6274445506769553E-002   3.2734994145027399E-022
 Total Moment Coefficient(CMx, CMy, CMz)=
   7.9237318639008864E-003   1.9068611376692388E-002  -9.7720533778118228E-003
 Kstep, t=         132   132.00000000000000     
 ----------The Max Residuals are--------  ---Mesh---           1
    0.1037943008E-03    0.1037561797E-03    0.6035423292E-04    0.2727633724E-19    0.1241541297E-03
   The R.M.S Residuals are 
    0.2287874380E-04    0.2781762112E-04    0.1184913075E-04    0.4811343895E-20    0.2790627068E-04
 --------------Force and Moment -----------------------------
 Total Force Coefficient (CL, CD, CS) =
  -3.1557900136463264E-002   7.5818353529261848E-002  -3.3585562401610631E-022
 Total Moment Coefficient(CMx, CMy, CMz)=
   7.8894750341158108E-003   1.8954588382315462E-002  -9.7249774385143456E-003
 Kstep, t=         133   133.00000000000000     
 ----------The Max Residuals are--------  ---Mesh---           1
    0.1071382237E-03    0.1071274404E-03    0.6190393845E-04    0.2812969845E-19    0.1271577722E-03
   The R.M.S Residuals are 
    0.2302151694E-04    0.2783884740E-04    0.1197017807E-04    0.4712688429E-20    0.2803915039E-04
 --------------Force and Moment -----------------------------
 Total Force Coefficient (CL, CD, CS) =
  -3.1421378589309240E-002   7.5367429162018440E-002   1.0968413195710361E-021
 Total Moment Coefficient(CMx, CMy, CMz)=
   7.8553446473273100E-003   1.8841857290504610E-002  -9.6780470054751225E-003
 Kstep, t=         134   134.00000000000000     
 ----------The Max Residuals are--------  ---Mesh---           1
    0.1102907379E-03    0.1102768637E-03    0.6360301460E-04    0.2967654477E-19    0.1314567576E-03
   The R.M.S Residuals are 
    0.2316769523E-04    0.2786499949E-04    0.1209293355E-04    0.4706061872E-20    0.2817656464E-04
 --------------Force and Moment -----------------------------
 Total Force Coefficient (CL, CD, CS) =
  -3.1285356377476425E-002   7.4921577604467521E-002   3.6723426759951463E-021
 Total Moment Coefficient(CMx, CMy, CMz)=
   7.8213390943691150E-003   1.8730394401116880E-002  -9.6312609617145561E-003
 Kstep, t=         135   135.00000000000000     
 ----------The Max Residuals are--------  ---Mesh---           1
    0.1127523758E-03    0.1127338411E-03    0.6566866931E-04    0.2800544485E-19    0.1349732460E-03
   The R.M.S Residuals are 
    0.2331706369E-04    0.2789593206E-04    0.1221719496E-04    0.4708642880E-20    0.2831830245E-04
 --------------Force and Moment -----------------------------
 Total Force Coefficient (CL, CD, CS) =
  -3.1149827730077472E-002   7.4480706846653311E-002   2.5382929383337676E-021
 Total Moment Coefficient(CMx, CMy, CMz)=
   7.7874569325193654E-003   1.8620176711663328E-002  -9.5846185888197391E-003
 Kstep, t=         136   136.00000000000000     
 ----------The Max Residuals are--------  ---Mesh---           1
    0.1163209128E-03    0.1163705377E-03    0.6732925270E-04    0.2715152021E-19    0.1382855290E-03
   The R.M.S Residuals are 
    0.2346965702E-04    0.2793168074E-04    0.1234268949E-04    0.4634007322E-20    0.2846436028E-04
 --------------Force and Moment -----------------------------
 Total Force Coefficient (CL, CD, CS) =
  -3.1014787482654942E-002   7.4044727562601539E-002   2.3569181890541976E-021
 Total Moment Coefficient(CMx, CMy, CMz)=
   7.7536968706637330E-003   1.8511181890650385E-002  -9.5381195258528104E-003
 Kstep, t=         137   137.00000000000000     
 ----------The Max Residuals are--------  ---Mesh---           1
    0.1199762262E-03    0.1200426527E-03    0.6945909206E-04    0.2760112276E-19    0.1432960502E-03
   The R.M.S Residuals are 
    0.2362562431E-04    0.2797235324E-04    0.1246918894E-04    0.4717090182E-20    0.2861486001E-04
 --------------Force and Moment -----------------------------
 Total Force Coefficient (CL, CD, CS) =
  -3.0880230955513899E-002   7.3613552474461316E-002   1.2012062204767976E-021
 Total Moment Coefficient(CMx, CMy, CMz)=
   7.7200577388784643E-003   1.8403388118615329E-002  -9.4917636796896260E-003
 Kstep, t=         138   138.00000000000000     
 ----------The Max Residuals are--------  ---Mesh---           1
    0.1228305329E-03    0.1229140951E-03    0.7183808794E-04    0.2808949133E-19    0.1473854568E-03
   The R.M.S Residuals are 
    0.2378487318E-04    0.2801787091E-04    0.1259665326E-04    0.4752733478E-20    0.2876970153E-04
 --------------Force and Moment -----------------------------
 Total Force Coefficient (CL, CD, CS) =
  -3.0746153988615285E-002   7.3187096308955826E-002  -5.8880284231166005E-022
 Total Moment Coefficient(CMx, CMy, CMz)=
   7.6865384971538230E-003   1.8296774077238957E-002  -9.4455512535065664E-003
 Kstep, t=         139   139.00000000000000     
 ----------The Max Residuals are--------  ---Mesh---           1
    0.1264549776E-03    0.1264262909E-03    0.7369166135E-04    0.2731827627E-19    0.1503964559E-03
   The R.M.S Residuals are 
    0.2394705097E-04    0.2806796290E-04    0.1272516327E-04    0.4687008392E-20    0.2892854030E-04
 --------------Force and Moment -----------------------------
 Total Force Coefficient (CL, CD, CS) =
  -3.0612552914843102E-002   7.2765275887916051E-002   1.7319573040431963E-021
 Total Moment Coefficient(CMx, CMy, CMz)=
   7.6531382287107633E-003   1.8191318971979013E-002  -9.3994827290975851E-003
 Kstep, t=         140   140.00000000000000     
 ----------The Max Residuals are--------  ---Mesh---           1
    0.1307809396E-03    0.1307785429E-03    0.7573834441E-04    0.2880098783E-19    0.1560782771E-03
   The R.M.S Residuals are 
    0.2411180306E-04    0.2812235466E-04    0.1285477257E-04    0.4734344957E-20    0.2909100079E-04
 --------------Force and Moment -----------------------------
 Total Force Coefficient (CL, CD, CS) =
  -3.0479424469634645E-002   7.2348010125719966E-002   2.7609916462946670E-021
 Total Moment Coefficient(CMx, CMy, CMz)=
   7.6198561174086570E-003   1.8087002531429992E-002  -9.3535588011259118E-003
 Kstep, t=         141   141.00000000000000     
 ----------The Max Residuals are--------  ---Mesh---           1
    0.1341354645E-03    0.1341574417E-03    0.7849001046E-04    0.2768028250E-19    0.1608706811E-03
   The R.M.S Residuals are 
    0.2427889072E-04    0.2818085695E-04    0.1298540735E-04    0.4682255660E-20    0.2925682248E-04
 --------------Force and Moment -----------------------------
 Total Force Coefficient (CL, CD, CS) =
  -3.0346765684765232E-002   7.1935219985082885E-002   2.3185816538452927E-021
 Total Moment Coefficient(CMx, CMy, CMz)=
   7.5866914211913123E-003   1.7983804996270721E-002  -9.3077802992708406E-003
 Kstep, t=         142   142.00000000000000     
 ----------The Max Residuals are--------  ---Mesh---           1
    0.1367474306E-03    0.1366579946E-03    0.8061473927E-04    0.2726863816E-19    0.1644094659E-03
   The R.M.S Residuals are 
    0.2444808197E-04    0.2824328195E-04    0.1311691903E-04    0.4658111560E-20    0.2942574019E-04
 --------------Force and Moment -----------------------------
 Total Force Coefficient (CL, CD, CS) =
  -3.0214573777312993E-002   7.1526828412290688E-002   5.4631459321484959E-022
 Total Moment Coefficient(CMx, CMy, CMz)=
   7.5536434443282448E-003   1.7881707103072672E-002  -9.2621481065219072E-003
 Kstep, t=         143   143.00000000000000     
 ----------The Max Residuals are--------  ---Mesh---           1
    0.1419252989E-03    0.1417567222E-03    0.8208325889E-04    0.2747174655E-19    0.1688397506E-03
   The R.M.S Residuals are 
    0.2461924150E-04    0.2830951175E-04    0.1324908558E-04    0.4698879002E-20    0.2959760610E-04
 --------------Force and Moment -----------------------------
 Total Force Coefficient (CL, CD, CS) =
  -3.0082846041662708E-002   7.1122760263066465E-002   1.2044134951421138E-021
 Total Moment Coefficient(CMx, CMy, CMz)=
   7.5207115104156744E-003   1.7780690065766616E-002  -9.2166630794843860E-003
 Kstep, t=         144   144.00000000000000     
 ----------The Max Residuals are--------  ---Mesh---           1
    0.1462769226E-03    0.1461414617E-03    0.8545133031E-04    0.2717764749E-19    0.1750499730E-03
   The R.M.S Residuals are 
    0.2479251934E-04    0.2837964891E-04    0.1338163248E-04    0.4819984062E-20    0.2977258584E-04
 --------------Force and Moment -----------------------------
 Total Force Coefficient (CL, CD, CS) =
  -2.9951579752828854E-002   7.0722942225808841E-002   2.8470390581973071E-021
 Total Moment Coefficient(CMx, CMy, CMz)=
   7.4878949382072074E-003   1.7680735556452210E-002  -9.1713259768890828E-003
 Kstep, t=         145   145.00000000000000     
 ----------The Max Residuals are--------  ---Mesh---           1
    0.1499681003E-03    0.1497359091E-03    0.8818183888E-04    0.2880822889E-19    0.1796822029E-03
   The R.M.S Residuals are 
    0.2496805661E-04    0.2845378107E-04    0.1351446530E-04    0.4739610088E-20    0.2995078635E-04
 --------------Force and Moment -----------------------------
 Total Force Coefficient (CL, CD, CS) =
  -2.9820772088980228E-002   7.0327302746633444E-002   2.9675115225872012E-021
 Total Moment Coefficient(CMx, CMy, CMz)=
   7.4551930222450597E-003   1.7581825686658361E-002  -9.1261374022202062E-003
 Kstep, t=         146   146.00000000000000     
 ----------The Max Residuals are--------  ---Mesh---           1
    0.1527594353E-03    0.1525275301E-03    0.8990376707E-04    0.3049476291E-19    0.1832567019E-03
   The R.M.S Residuals are 
    0.2514565086E-04    0.2853172560E-04    0.1364767863E-04    0.4851993822E-20    0.3013196172E-04
 --------------Force and Moment -----------------------------
 Total Force Coefficient (CL, CD, CS) =
  -2.9690420079206852E-002   6.9935771959201851E-002   2.3157321068577341E-021
 Total Moment Coefficient(CMx, CMy, CMz)=
   7.4226050198017051E-003   1.7483942989800463E-002  -9.0810977650098157E-003
 Kstep, t=         147   147.00000000000000     
 ----------The Max Residuals are--------  ---Mesh---           1
    0.1589826661E-03    0.1585607526E-03    0.9181297771E-04    0.3048326604E-19    0.1887276447E-03
   The R.M.S Residuals are 
    0.2532487515E-04    0.2861312930E-04    0.1378136419E-04    0.4741074722E-20    0.3031565818E-04
 --------------Force and Moment -----------------------------
 Total Force Coefficient (CL, CD, CS) =
  -2.9560520579619293E-002   6.9548281621174060E-002   1.2442475881910398E-021
 Total Moment Coefficient(CMx, CMy, CMz)=
   7.3901301449048216E-003   1.7387070405293515E-002  -9.0362072631487104E-003
 Kstep, t=         148   148.00000000000000     
 ----------The Max Residuals are--------  ---Mesh---           1
    0.1635154486E-03    0.1631473494E-03    0.9580141841E-04    0.2839241311E-19    0.1955071275E-03
   The R.M.S Residuals are 
    0.2550542740E-04    0.2869774204E-04    0.1391540599E-04    0.4878419335E-20    0.3050160022E-04
 --------------Force and Moment -----------------------------
 Total Force Coefficient (CL, CD, CS) =
  -2.9431070277514688E-002   6.9164765058090771E-002   5.4218086916451502E-022
 Total Moment Coefficient(CMx, CMy, CMz)=
   7.3577675693786730E-003   1.7291191264522693E-002  -8.9914658860511879E-003
 Kstep, t=         149   149.00000000000000     
 ----------The Max Residuals are--------  ---Mesh---           1
    0.1673525813E-03    0.1668870427E-03    0.9846110042E-04    0.2796057576E-19    0.1998213473E-03
   The R.M.S Residuals are 
    0.2568715687E-04    0.2878544041E-04    0.1404960871E-04    0.4835756886E-20    0.3068967264E-04
 --------------Force and Moment -----------------------------
 Total Force Coefficient (CL, CD, CS) =
  -2.9302065720285500E-002   6.8785157114598802E-002   1.9553509039022997E-021
 Total Moment Coefficient(CMx, CMy, CMz)=
   7.3255164300713689E-003   1.7196289278649701E-002  -8.9468734362223058E-003
 Kstep, t=         150   150.00000000000000     
 ----------The Max Residuals are--------  ---Mesh---           1
    0.1705452097E-03    0.1701033949E-03    0.1003728346E-03    0.2709002531E-19    0.2044156200E-03
   The R.M.S Residuals are 
    0.2586988858E-04    0.2887607113E-04    0.1418391320E-04    0.4743352648E-20    0.3087962386E-04
 --------------Force and Moment -----------------------------
 Total Force Coefficient (CL, CD, CS) =
  -2.9173503363684787E-002   6.8409394112236802E-002   1.1421536409528803E-021
 Total Moment Coefficient(CMx, CMy, CMz)=
   7.2933758409211942E-003   1.7102348528059200E-002  -8.9024295651879432E-003
 Kstep, t=         151   151.00000000000000     
 ----------The Max Residuals are--------  ---Mesh---           1
    0.1763438434E-03    0.1755304750E-03    0.1023729846E-03    0.2802889712E-19    0.2080431435E-03
   The R.M.S Residuals are 
    0.2605350156E-04    0.2896951411E-04    0.1431821686E-04    0.4831075077E-20    0.3107129371E-04
 --------------Force and Moment -----------------------------
 Total Force Coefficient (CL, CD, CS) =
  -2.9045379633053328E-002   6.8037413815694087E-002   1.4265503136832243E-021
 Total Moment Coefficient(CMx, CMy, CMz)=
   7.2613449082633312E-003   1.7009353453923522E-002  -8.8581338189533260E-003
 Kstep, t=         152   152.00000000000000     
 ----------The Max Residuals are--------  ---Mesh---           1
    0.1827905546E-03    0.1820533549E-03    0.1060168044E-03    0.3292354614E-19    0.2168798725E-03
   The R.M.S Residuals are 
    0.2623809499E-04    0.2906582632E-04    0.1445235332E-04    0.4761833033E-20    0.3126476077E-04
 --------------Force and Moment -----------------------------
 Total Force Coefficient (CL, CD, CS) =
  -2.8917690996292059E-002   6.7669155401611808E-002   1.8890257670210167E-021
 Total Moment Coefficient(CMx, CMy, CMz)=
   7.2294227490730121E-003   1.6917288850402952E-002  -8.8139856925524753E-003
 Kstep, t=         153   153.00000000000000     
 ----------The Max Residuals are--------  ---Mesh---           1
    0.1863011175E-03    0.1856868011E-03    0.1096434045E-03    0.2879612329E-19    0.2227790441E-03
   The R.M.S Residuals are 
    0.2642367581E-04    0.2916499924E-04    0.1458617696E-04    0.4710262022E-20    0.3146007152E-04
 --------------Force and Moment -----------------------------
 Total Force Coefficient (CL, CD, CS) =
  -2.8790434050530229E-002   6.7304559561409905E-002   4.9644990873703082E-022
 Total Moment Coefficient(CMx, CMy, CMz)=
   7.1976085126325556E-003   1.6826139890352476E-002  -8.7699846952767994E-003
 Kstep, t=         154   154.00000000000000     
 ----------The Max Residuals are--------  ---Mesh---           1
    0.1898129417E-03    0.1890494993E-03    0.1116983071E-03    0.2742566435E-19    0.2272521812E-03
   The R.M.S Residuals are 
    0.2660992977E-04    0.2926675407E-04    0.1471965051E-04    0.4727777176E-20    0.3165696221E-04
 --------------Force and Moment -----------------------------
 Total Force Coefficient (CL, CD, CS) =
  -2.8663605559435208E-002   6.6943568449686866E-002  -4.8328819464046219E-023
 Total Moment Coefficient(CMx, CMy, CMz)=
   7.1659013898588012E-003   1.6735892112421717E-002  -8.7261303777858637E-003
 Kstep, t=         155   155.00000000000000     
 ----------The Max Residuals are--------  ---Mesh---           1
    0.1924330795E-03    0.1917410435E-03    0.1142937498E-03    0.2757305921E-19    0.2313325961E-03
   The R.M.S Residuals are 
    0.2679641672E-04    0.2937066994E-04    0.1485289143E-04    0.4843693615E-20    0.3185490758E-04
 --------------Force and Moment -----------------------------
 Total Force Coefficient (CL, CD, CS) =
  -2.8537202470448560E-002   6.6586125456507744E-002  -3.6818588604485323E-022
 Total Moment Coefficient(CMx, CMy, CMz)=
   7.1343006176121425E-003   1.6646531364126936E-002  -8.6824223448696385E-003
 Kstep, t=         156   156.00000000000000     
 ----------The Max Residuals are--------  ---Mesh---           1
    0.1990511355E-03    0.1977548268E-03    0.1157878075E-03    0.2839970910E-19    0.2350576991E-03
   The R.M.S Residuals are 
    0.2698294784E-04    0.2947653952E-04    0.1498589003E-04    0.4762072466E-20    0.3205359057E-04
 --------------Force and Moment -----------------------------
 Total Force Coefficient (CL, CD, CS) =
  -2.8411221963758088E-002   6.6232175171055008E-002  -2.5343934828521079E-022
 Total Moment Coefficient(CMx, CMy, CMz)=
   7.1028054909395202E-003   1.6558043792763752E-002  -8.6388602921269753E-003
 Kstep, t=         157   157.00000000000000     
 ----------The Max Residuals are--------  ---Mesh---           1
    0.2067944656E-03    0.2055874828E-03    0.1201725918E-03    0.2964717340E-19    0.2451980997E-03
   The R.M.S Residuals are 
    0.2716957111E-04    0.2958438059E-04    0.1511845404E-04    0.4796500266E-20    0.3225307781E-04
 --------------Force and Moment -----------------------------
 Total Force Coefficient (CL, CD, CS) =
  -2.8285661486862554E-002   6.5881663379914482E-002   3.2845733592688213E-022
 Total Moment Coefficient(CMx, CMy, CMz)=
   7.0714153717156402E-003   1.6470415844978620E-002  -8.5954440321053104E-003
 Kstep, t=         158   158.00000000000000     
 ----------The Max Residuals are--------  ---Mesh---           1
    0.2117414468E-03    0.2107191897E-03    0.1242276580E-03    0.3050031084E-19    0.2522859857E-03
   The R.M.S Residuals are 
    0.2735622371E-04    0.2969411737E-04    0.1525049117E-04    0.4784976395E-20    0.3245328306E-04
 --------------Force and Moment -----------------------------
 Total Force Coefficient (CL, CD, CS) =
  -2.8160518778855510E-002   6.5534537058902692E-002   5.8774529221691725E-022
 Total Moment Coefficient(CMx, CMy, CMz)=
   7.0401296947138776E-003   1.6383634264725673E-002  -8.5521735129824843E-003
 Kstep, t=         159   159.00000000000000     
 ----------The Max Residuals are--------  ---Mesh---           1
    0.2141985193E-03    0.2130432878E-03    0.1266873692E-03    0.2718641770E-19    0.2566728140E-03
   The R.M.S Residuals are 
    0.2754262107E-04    0.2980549302E-04    0.1538184567E-04    0.4649075458E-20    0.3265391050E-04
 --------------Force and Moment -----------------------------
 Total Force Coefficient (CL, CD, CS) =
  -2.8035791878457766E-002   6.5190744357765687E-002   1.4123707711487581E-021
 Total Moment Coefficient(CMx, CMy, CMz)=
   7.0089479696144432E-003   1.6297686089441422E-002  -8.5090488253310188E-003
 Kstep, t=         160   160.00000000000000     
 ----------The Max Residuals are--------  ---Mesh---           1
    0.2159426523E-03    0.2148706862E-03    0.1289853376E-03    0.2709927859E-19    0.2599803865E-03
   The R.M.S Residuals are 
    0.2772844377E-04    0.2991820827E-04    0.1551237475E-04    0.4756735267E-20    0.3285466847E-04
 --------------Force and Moment -----------------------------
 Total Force Coefficient (CL, CD, CS) =
  -2.7911479117926220E-002   6.4850234579278507E-002   5.0822559805734609E-022
 Total Moment Coefficient(CMx, CMy, CMz)=
   6.9778697794815542E-003   1.6212558644819627E-002  -8.4660701985884729E-003
 Kstep, t=         161   161.00000000000000     
 ----------The Max Residuals are--------  ---Mesh---           1
    0.2206794630E-03    0.2190630860E-03    0.1298146416E-03    0.3220378268E-19    0.2605191417E-03
   The R.M.S Residuals are 
    0.2791370453E-04    0.3003219481E-04    0.1564202785E-04    0.4759454566E-20    0.3305547860E-04
 --------------Force and Moment -----------------------------
 Total Force Coefficient (CL, CD, CS) =
  -2.7787579105397985E-002   6.4512958153832109E-002  -1.2159654381097245E-022
 Total Moment Coefficient(CMx, CMy, CMz)=
   6.9468947763494989E-003   1.6128239538458027E-002  -8.4232379891577072E-003
 Kstep, t=         162   162.00000000000000     
 ----------The Max Residuals are--------  ---Mesh---           1
    0.2298564069E-03    0.2279892761E-03    0.1337904199E-03    0.3049893436E-19    0.2723609630E-03
   The R.M.S Residuals are 
    0.2809855982E-04    0.3014750603E-04    0.1577079592E-04    0.4733003726E-20    0.3325638565E-04
 --------------Force and Moment -----------------------------
 Total Force Coefficient (CL, CD, CS) =
  -2.7664090698014069E-002   6.4178866610795055E-002   4.1021582823356460E-022
 Total Moment Coefficient(CMx, CMy, CMz)=
   6.9160226745035190E-003   1.6044716652698764E-002  -8.3805526618818647E-003
 Kstep, t=         163   163.00000000000000     
 ----------The Max Residuals are--------  ---Mesh---           1
    0.2364748454E-03    0.2347330653E-03    0.1389040050E-03    0.2756727864E-19    0.2815772514E-03
   The R.M.S Residuals are 
    0.2828273997E-04    0.3026387058E-04    0.1589870108E-04    0.4690652322E-20    0.3345713428E-04
 --------------Force and Moment -----------------------------
 Total Force Coefficient (CL, CD, CS) =
  -2.7541012968014974E-002   6.3847912547597363E-002   1.1871362460250459E-021
 Total Moment Coefficient(CMx, CMy, CMz)=
   6.8852532420037452E-003   1.5961978136899341E-002  -8.3380147665118309E-003
 Kstep, t=         164   164.00000000000000     
 ----------The Max Residuals are--------  ---Mesh---           1
    0.2401854254E-03    0.2385871000E-03    0.1420992927E-03    0.2710535158E-19    0.2872808948E-03
   The R.M.S Residuals are 
    0.2846570217E-04    0.3038080131E-04    0.1602566802E-04    0.4671655899E-20    0.3365711933E-04
 --------------Force and Moment -----------------------------
 Total Force Coefficient (CL, CD, CS) =
  -2.7418345164148473E-002   6.3520049597369829E-002   2.1280182336897672E-021
 Total Moment Coefficient(CMx, CMy, CMz)=
   6.8545862910371243E-003   1.5880012399342457E-002  -8.2956249108881181E-003
 Kstep, t=         165   165.00000000000000     
 ----------The Max Residuals are--------  ---Mesh---           1
    0.2424672833E-03    0.2408431913E-03    0.1447755812E-03    0.3388570582E-19    0.2914317089E-03
   The R.M.S Residuals are 
    0.2864722639E-04    0.3049807045E-04    0.1615138555E-04    0.4657088425E-20    0.3385604415E-04
 --------------Force and Moment -----------------------------
 Total Force Coefficient (CL, CD, CS) =
  -2.7296086671131675E-002   6.3195232395887660E-002   1.7895845807144260E-021
 Total Moment Coefficient(CMx, CMy, CMz)=
   6.8240216677829127E-003   1.5798808098971915E-002  -8.2533837328115020E-003
 Kstep, t=         166   166.00000000000000     
 ----------The Max Residuals are--------  ---Mesh---           1
    0.2417707354E-03    0.2402809991E-03    0.1457997947E-03    0.2710450501E-19    0.2920630987E-03
   The R.M.S Residuals are 
    0.2882734408E-04    0.3061567658E-04    0.1627562089E-04    0.4752316451E-20    0.3405401086E-04
 --------------Force and Moment -----------------------------
 Total Force Coefficient (CL, CD, CS) =
  -2.7174236969941673E-002   6.2873416551655015E-002   1.1133626571384247E-021
 Total Moment Coefficient(CMx, CMy, CMz)=
   6.7935592424854157E-003   1.5718354137913754E-002  -8.2112918726274242E-003
 Kstep, t=         167   167.00000000000000     
 ----------The Max Residuals are--------  ---Mesh---           1
    0.2501220877E-03    0.2475940749E-03    0.1453741160E-03    0.2710440808E-19    0.2953532009E-03
   The R.M.S Residuals are 
    0.2900604519E-04    0.3073356958E-04    0.1639845466E-04    0.4775725421E-20    0.3425099775E-04
 --------------Force and Moment -----------------------------
 Total Force Coefficient (CL, CD, CS) =
  -2.7052795600087172E-002   6.2554558611151168E-002   3.3145583514565681E-022
 Total Moment Coefficient(CMx, CMy, CMz)=
   6.7631989000217886E-003   1.5638639652787792E-002  -8.1693499477156917E-003
 Kstep, t=         168   168.00000000000000     
 ----------The Max Residuals are--------  ---Mesh---           1
    0.2598579877E-03    0.2572448375E-03    0.1519100463E-03    0.3388264913E-19    0.3079955421E-03
   The R.M.S Residuals are 
    0.2918323683E-04    0.3085156955E-04    0.1651994830E-04    0.4803672600E-20    0.3444678575E-04
 --------------Force and Moment -----------------------------
 Total Force Coefficient (CL, CD, CS) =
  -2.6931762127557102E-002   6.2238616026218940E-002   9.4104490741038723E-022
 Total Moment Coefficient(CMx, CMy, CMz)=
   6.7329405318892746E-003   1.5559654006554735E-002  -8.1275585312927598E-003
 Kstep, t=         169   169.00000000000000     
 ----------The Max Residuals are--------  ---Mesh---           1
    0.2668375314E-03    0.2643209145E-03    0.1574607920E-03    0.3049572257E-19    0.3178959562E-03
   The R.M.S Residuals are 
    0.2935858218E-04    0.3096922085E-04    0.1664007526E-04    0.4766241866E-20    0.3464089407E-04
 --------------Force and Moment -----------------------------
 Total Force Coefficient (CL, CD, CS) =
  -2.6811136120270581E-002   6.1925547124298576E-002   1.2751541288123228E-021
 Total Moment Coefficient(CMx, CMy, CMz)=
   6.7027840300676426E-003   1.5481386781074644E-002  -8.0859181368524383E-003
 Kstep, t=         170   170.00000000000000     
 ----------The Max Residuals are--------  ---Mesh---           1
    0.2707608501E-03    0.2683749262E-03    0.1608766322E-03    0.2710851490E-19    0.3240313171E-03
   The R.M.S Residuals are 
    0.2953152983E-04    0.3108597128E-04    0.1675859632E-04    0.4791371260E-20    0.3483260392E-04
 --------------Force and Moment -----------------------------
 Total Force Coefficient (CL, CD, CS) =
  -2.6690917131748589E-002   6.1615311080870594E-002   8.5398037372716465E-022
 Total Moment Coefficient(CMx, CMy, CMz)=
   6.6727292829371464E-003   1.5403827770217648E-002  -8.0444292088380064E-003
 Kstep, t=         171   171.00000000000000     
 ----------The Max Residuals are--------  ---Mesh---           1
    0.2723570646E-03    0.2700159045E-03    0.1634072143E-03    0.2880034967E-19    0.3275169699E-03
   The R.M.S Residuals are 
    0.2970171294E-04    0.3120152424E-04    0.1687518405E-04    0.4810935164E-20    0.3502149564E-04
 --------------Force and Moment -----------------------------
 Total Force Coefficient (CL, CD, CS) =
  -2.6571104694640049E-002   6.1307867894091872E-002   7.6303648118994904E-022
 Total Moment Coefficient(CMx, CMy, CMz)=
   6.6427761736600069E-003   1.5326966973522968E-002  -8.0030921207987250E-003
 Kstep, t=         172   172.00000000000000     
 ----------The Max Residuals are--------  ---Mesh---           1
    0.2704863246E-03    0.2683114430E-03    0.1637506407E-03    0.3388059411E-19    0.3266562079E-03
   The R.M.S Residuals are 
    0.2986931338E-04    0.3131600450E-04    0.1698963298E-04    0.4779289237E-20    0.3520783953E-04
 --------------Force and Moment -----------------------------
 Total Force Coefficient (CL, CD, CS) =
  -2.6451698327489719E-002   6.1003178385241066E-002   3.3346034392794932E-022
 Total Moment Coefficient(CMx, CMy, CMz)=
   6.6129245818724322E-003   1.5250794596310267E-002  -7.9619071836107679E-003
 Kstep, t=         173   173.00000000000000     
 ----------The Max Residuals are--------  ---Mesh---           1
    0.2760733714E-03    0.2724326000E-03    0.1628184414E-03    0.2710885740E-19    0.3251407945E-03
   The R.M.S Residuals are 
    0.3003488859E-04    0.3142984509E-04    0.1710218602E-04    0.4668544625E-20    0.3539219363E-04
 --------------Force and Moment -----------------------------
 Total Force Coefficient (CL, CD, CS) =
  -2.6332697544636186E-002   6.0701204216718235E-002   1.3502357831342850E-021
 Total Moment Coefficient(CMx, CMy, CMz)=
   6.5831743861590472E-003   1.5175301054179559E-002  -7.9208746557799577E-003
 Kstep, t=         174   174.00000000000000     
 ----------The Max Residuals are--------  ---Mesh---           1
    0.2867359861E-03    0.2831602920E-03    0.1681471231E-03    0.4065836987E-19    0.3394277302E-03
   The R.M.S Residuals are 
    0.3019850024E-04    0.3154303211E-04    0.1721311814E-04    0.4727359838E-20    0.3557468583E-04
 --------------Force and Moment -----------------------------
 Total Force Coefficient (CL, CD, CS) =
  -2.6214101854009356E-002   6.0401907809066159E-002   1.2228827132639562E-021
 Total Moment Coefficient(CMx, CMy, CMz)=
   6.5535254635023426E-003   1.5100476952266540E-002  -7.8799947444286554E-003
 Kstep, t=         175   175.00000000000000     
 ----------The Max Residuals are--------  ---Mesh---           1
    0.2960369041E-03    0.2924414197E-03    0.1746745310E-03    0.3388279131E-19    0.3517535877E-03
   The R.M.S Residuals are 
    0.3035964957E-04    0.3165501400E-04    0.1732225331E-04    0.4780325055E-20    0.3575468427E-04
 --------------Force and Moment -----------------------------
 Total Force Coefficient (CL, CD, CS) =
  -2.6095910769431883E-002   6.0105252305513168E-002   6.3419238802870925E-022
 Total Moment Coefficient(CMx, CMy, CMz)=
   6.5239776923579724E-003   1.5026313076378292E-002  -7.8392676174145505E-003
 Kstep, t=         176   176.00000000000000     
 ----------The Max Residuals are--------  ---Mesh---           1
    0.3015252854E-03    0.2980208063E-03    0.1794985440E-03    0.4065661212E-19    0.3600776938E-03
   The R.M.S Residuals are 
    0.3051720400E-04    0.3176462004E-04    0.1742909730E-04    0.4812256950E-20    0.3593081844E-04
 --------------Force and Moment -----------------------------
 Total Force Coefficient (CL, CD, CS) =
  -2.5978123829745646E-002   5.9811201556809107E-002   9.7486339274356974E-022
 Total Moment Coefficient(CMx, CMy, CMz)=
   6.4945309574364115E-003   1.4952800389202277E-002  -7.7986934204511554E-003
 Kstep, t=         177   177.00000000000000     
 ----------The Max Residuals are--------  ---Mesh---           1
    0.3042716181E-03    0.3007788800E-03    0.1825558263E-03    0.3388341169E-19    0.3648152892E-03
   The R.M.S Residuals are 
    0.3067021060E-04    0.3187082357E-04    0.1753318224E-04    0.4764390703E-20    0.3610177380E-04
 --------------Force and Moment -----------------------------
 Total Force Coefficient (CL, CD, CS) =
  -2.5860740617706483E-002   5.9519720106278588E-002   1.5962376993257276E-021
 Total Moment Coefficient(CMx, CMy, CMz)=
   6.4651851544266200E-003   1.4879930026569647E-002  -7.7582722940973091E-003
 Kstep, t=         178   178.00000000000000     
 ----------The Max Residuals are--------  ---Mesh---           1
    0.3029504164E-03    0.2994529126E-03    0.1834729692E-03    0.3388506605E-19    0.3649135575E-03
   The R.M.S Residuals are 
    0.3081845179E-04    0.3197338424E-04    0.1763424748E-04    0.4890628441E-20    0.3626713804E-04
 --------------Force and Moment -----------------------------
 Total Force Coefficient (CL, CD, CS) =
  -2.5743760778393032E-002   5.9230773176175026E-002   2.0228161871441498E-021
 Total Moment Coefficient(CMx, CMy, CMz)=
   6.4359401945982544E-003   1.4807693294043757E-002  -7.7180043902768461E-003
 Kstep, t=         179   179.00000000000000     
 ----------The Max Residuals are--------  ---Mesh---           1
    0.2986746130E-03    0.2949818046E-03    0.1826242347E-03    0.2968305478E-19    0.3607728888E-03
   The R.M.S Residuals are 
    0.3096262534E-04    0.3207304583E-04    0.1773242643E-04    0.4706344145E-20    0.3642767963E-04
 --------------Force and Moment -----------------------------
 Total Force Coefficient (CL, CD, CS) =
  -2.5627184035747277E-002   5.8944326655511643E-002   1.6992131007600834E-021
 Total Moment Coefficient(CMx, CMy, CMz)=
   6.4067960089368176E-003   1.4736081663877911E-002  -7.6778898871827919E-003
 Kstep, t=         180   180.00000000000000     
 ----------The Max Residuals are--------  ---Mesh---           1
    0.3062913777E-03    0.3013544273E-03    0.1794950339E-03    0.4065798213E-19    0.3605565247E-03
   The R.M.S Residuals are 
    0.3110423831E-04    0.3217118571E-04    0.1782827200E-04    0.4689640310E-20    0.3658526795E-04
 --------------Force and Moment -----------------------------
 Total Force Coefficient (CL, CD, CS) =
  -2.5511010206076441E-002   5.8660347088615845E-002   1.3119040910088272E-022
 Total Moment Coefficient(CMx, CMy, CMz)=
   6.3777525515191068E-003   1.4665086772153961E-002  -7.6379290016969584E-003
 Kstep, t=         181   181.00000000000000     
 ----------The Max Residuals are--------  ---Mesh---           1
    0.3192367440E-03    0.3141913580E-03    0.1880216844E-03    0.2710725151E-19    0.3774046943E-03
   The R.M.S Residuals are 
    0.3124426181E-04    0.3226856014E-04    0.1792247398E-04    0.4635604673E-20    0.3674112611E-04
 --------------Force and Moment -----------------------------
 Total Force Coefficient (CL, CD, CS) =
  -2.5395239207816833E-002   5.8378801663450670E-002   3.7657372632568947E-022
 Total Moment Coefficient(CMx, CMy, CMz)=
   6.3488098019542135E-003   1.4594700415862668E-002  -7.5981219988406632E-003
 Kstep, t=         182   182.00000000000000     
 ----------The Max Residuals are--------  ---Mesh---           1
    0.3283390644E-03    0.3232558722E-03    0.1945609324E-03    0.2710677976E-19    0.3895963706E-03
   The R.M.S Residuals are 
    0.3138172180E-04    0.3236416269E-04    0.1801483649E-04    0.4882334992E-20    0.3689427572E-04
 --------------Force and Moment -----------------------------
 Total Force Coefficient (CL, CD, CS) =
  -2.5279871067249191E-002   5.8099658198939509E-002   7.7120958240650176E-022
 Total Moment Coefficient(CMx, CMy, CMz)=
   6.3199677668122952E-003   1.4524914549734877E-002  -7.5584691980597751E-003
 Kstep, t=         183   183.00000000000000     
 ----------The Max Residuals are--------  ---Mesh---           1
    0.3346471309E-03    0.3294885982E-03    0.1999769434E-03    0.4065791428E-19    0.3989020224E-03
   The R.M.S Residuals are 
    0.3151445795E-04    0.3245579995E-04    0.1810429555E-04    0.4778275802E-20    0.3704202595E-04
 --------------Force and Moment -----------------------------
 Total Force Coefficient (CL, CD, CS) =
  -2.5164905920377335E-002   5.7822885131967296E-002   4.2755115982023860E-022
 Total Moment Coefficient(CMx, CMy, CMz)=
   6.2912264800943293E-003   1.4455721282991824E-002  -7.5189709764655012E-003
 Kstep, t=         184   184.00000000000000     
 ----------The Max Residuals are--------  ---Mesh---           1
    0.3369971130E-03    0.3316417239E-03    0.2030148994E-03    0.4065809846E-19    0.4029507431E-03
   The R.M.S Residuals are 
    0.3164009622E-04    0.3254098400E-04    0.1818968029E-04    0.4871179239E-20    0.3718134677E-04
 --------------Force and Moment -----------------------------
 Total Force Coefficient (CL, CD, CS) =
  -2.5050344011197642E-002   5.7548451504016586E-002   1.0902575832743252E-021
 Total Moment Coefficient(CMx, CMy, CMz)=
   6.2625860027994071E-003   1.4387112876004146E-002  -7.4796277691957765E-003
 Kstep, t=         185   185.00000000000000     
 ----------The Max Residuals are--------  ---Mesh---           1
    0.3349839247E-03    0.3294136214E-03    0.2036557071E-03    0.4065906781E-19    0.4022358786E-03
   The R.M.S Residuals are 
    0.3175773391E-04    0.3261881619E-04    0.1827040467E-04    0.4907513483E-20    0.3731071833E-04
 --------------Force and Moment -----------------------------
 Total Force Coefficient (CL, CD, CS) =
  -2.4936185686650254E-002   5.7276326947443550E-002   1.3459709054167461E-022
 Total Moment Coefficient(CMx, CMy, CMz)=
   6.2340464216625599E-003   1.4319081736860887E-002  -7.4404400671222674E-003
 Kstep, t=         186   186.00000000000000     
 ----------The Max Residuals are--------  ---Mesh---           1
    0.3290109115E-03    0.3227788009E-03    0.2019132866E-03    0.4065812431E-19    0.3955720692E-03
   The R.M.S Residuals are 
    0.3186847108E-04    0.3269038631E-04    0.1834679156E-04    0.4777743081E-20    0.3743123897E-04
 --------------Force and Moment -----------------------------
 Total Force Coefficient (CL, CD, CS) =
  -2.4822431388621675E-002   5.7006481671462633E-002   5.1992372082712482E-022
 Total Moment Coefficient(CMx, CMy, CMz)=
   6.2056078471554197E-003   1.4251620417865658E-002  -7.4014084121912472E-003
 Kstep, t=         187   187.00000000000000     
 ----------The Max Residuals are--------  ---Mesh---           1
    0.3273140174E-03    0.3207436059E-03    0.1977509063E-03    0.4743210667E-19    0.3848484206E-03
   The R.M.S Residuals are 
    0.3197468830E-04    0.3275806593E-04    0.1841985649E-04    0.4913434673E-20    0.3754585665E-04
 --------------Force and Moment -----------------------------
 Total Force Coefficient (CL, CD, CS) =
  -2.4709081643434886E-002   5.6738886447916768E-002   1.1594613841951703E-021
 Total Moment Coefficient(CMx, CMy, CMz)=
   6.1772704108587215E-003   1.4184721611979192E-002  -7.3625333907446711E-003
 Kstep, t=         188   188.00000000000000     
 ----------The Max Residuals are--------  ---Mesh---           1
    0.3422341883E-03    0.3354158967E-03    0.2018479666E-03    0.4066037320E-19    0.4030502902E-03
   The R.M.S Residuals are 
    0.3207923530E-04    0.3282463736E-04    0.1849090905E-04    0.4898887695E-20    0.3765818518E-04
 --------------Force and Moment -----------------------------
 Total Force Coefficient (CL, CD, CS) =
  -2.4596137049336973E-002   5.6473512596936393E-002   1.1660426808664445E-021
 Total Moment Coefficient(CMx, CMy, CMz)=
   6.1490342623342449E-003   1.4118378149234098E-002  -7.3238156252296606E-003
 Kstep, t=         189   189.00000000000000     
 ----------The Max Residuals are--------  ---Mesh---           1
    0.3540694517E-03    0.3468763182E-03    0.2100035719E-03    0.4065676075E-19    0.4181704800E-03
   The R.M.S Residuals are 
    0.3218321101E-04    0.3289098183E-04    0.1856080400E-04    0.4928729251E-20    0.3776985348E-04
 --------------Force and Moment -----------------------------
 Total Force Coefficient (CL, CD, CS) =
  -2.4483598262561770E-002   5.6210331972564705E-002   1.5785006255265464E-021
 Total Moment Coefficient(CMx, CMy, CMz)=
   6.1208995656404442E-003   1.4052582993141176E-002  -7.2852557647568187E-003
 Kstep, t=         190   190.00000000000000     
 ----------The Max Residuals are--------  ---Mesh---           1
    0.3622388108E-03    0.3548735050E-03    0.2164311434E-03    0.4065661858E-19    0.4296844025E-03
   The R.M.S Residuals are 
    0.3228465343E-04    0.3295501677E-04    0.1862886996E-04    0.4884066926E-20    0.3787867386E-04
 --------------Force and Moment -----------------------------
 Total Force Coefficient (CL, CD, CS) =
  -2.4371465982611574E-002   5.5949316948450907E-002   2.2703694585479310E-021
 Total Moment Coefficient(CMx, CMy, CMz)=
   6.0928664956528883E-003   1.3987329237112727E-002  -7.2468544750186655E-003
 Kstep, t=         191   191.00000000000000     
 ----------The Max Residuals are--------  ---Mesh---           1
    0.3671481521E-03    0.3592411651E-03    0.2209201545E-03    0.4065959772E-19    0.4365535305E-03
   The R.M.S Residuals are 
    0.3237957407E-04    0.3301273603E-04    0.1869307183E-04    0.4919885925E-20    0.3797981746E-04
 --------------Force and Moment -----------------------------
 Total Force Coefficient (CL, CD, CS) =
  -2.4259740937446452E-002   5.5690440403722286E-002   2.6251741430151625E-021
 Total Moment Coefficient(CMx, CMy, CMz)=
   6.0649352343616087E-003   1.3922610100930571E-002  -7.2086124281124089E-003
 Kstep, t=         192   192.00000000000000     
 ----------The Max Residuals are--------  ---Mesh---           1
    0.3672380917E-03    0.3585188772E-03    0.2227158429E-03    0.5421191808E-19    0.4374699042E-03
   The R.M.S Residuals are 
    0.3246424235E-04    0.3306041995E-04    0.1875139752E-04    0.4946486910E-20    0.3806838857E-04
 --------------Force and Moment -----------------------------
 Total Force Coefficient (CL, CD, CS) =
  -2.4148423869810805E-002   5.5433675709233743E-002   2.1297601014376014E-021
 Total Moment Coefficient(CMx, CMy, CMz)=
   6.0371059674526970E-003   1.3858418927308436E-002  -7.1705302932552331E-003
 Kstep, t=         193   193.00000000000000     
 ----------The Max Residuals are--------  ---Mesh---           1
    0.3627679612E-03    0.3534977103E-03    0.2219199748E-03    0.5421049637E-19    0.4332284230E-03
   The R.M.S Residuals are 
    0.3253730778E-04    0.3309670531E-04    0.1880305899E-04    0.4902127241E-20    0.3814220487E-04
 --------------Force and Moment -----------------------------
 Total Force Coefficient (CL, CD, CS) =
  -2.4037515526136508E-002   5.5178996722258074E-002   1.0815872604104601E-021
 Total Moment Coefficient(CMx, CMy, CMz)=
   6.0093788815341279E-003   1.3794749180564518E-002  -7.1326087295194504E-003
 Kstep, t=         194   194.00000000000000     
 ----------The Max Residuals are--------  ---Mesh---           1
    0.3531844253E-03    0.3431203109E-03    0.2180531686E-03    0.5421236934E-19    0.4226485619E-03
   The R.M.S Residuals are 
    0.3260037151E-04    0.3312316293E-04    0.1884878863E-04    0.4916037352E-20    0.3820287134E-04
 --------------Force and Moment -----------------------------
 Total Force Coefficient (CL, CD, CS) =
  -2.3927016645643139E-002   5.4926377776856258E-002   1.8613791423142197E-021
 Total Moment Coefficient(CMx, CMy, CMz)=
   5.9817541614107864E-003   1.3731594444214065E-002  -7.0948483785676190E-003
 Kstep, t=         195   195.00000000000000     
 ----------The Max Residuals are--------  ---Mesh---           1
    0.3494659215E-03    0.3412815951E-03    0.2118144424E-03    0.4065868653E-19    0.4091825602E-03
   The R.M.S Residuals are 
    0.3265676530E-04    0.3314322034E-04    0.1889013436E-04    0.4798098907E-20    0.3825453110E-04
 --------------Force and Moment -----------------------------
 Total Force Coefficient (CL, CD, CS) =
  -2.3816927949072496E-002   5.4675793663013950E-002   2.5892155310233739E-021
 Total Moment Coefficient(CMx, CMy, CMz)=
   5.9542319872681248E-003   1.3668948415753487E-002  -7.0572498570570658E-003
 Kstep, t=         196   196.00000000000000     
 ----------The Max Residuals are--------  ---Mesh---           1
    0.3652858315E-03    0.3561124814E-03    0.2161709148E-03    0.5421008277E-19    0.4285816822E-03
   The R.M.S Residuals are 
    0.3271057081E-04    0.3316100258E-04    0.1892891580E-04    0.5004471057E-20    0.3830248201E-04
 --------------Force and Moment -----------------------------
 Total Force Coefficient (CL, CD, CS) =
  -2.3707250130592730E-002   5.4427219611205425E-002   2.6829957824646802E-021
 Total Moment Coefficient(CMx, CMy, CMz)=
   5.9268125326481808E-003   1.3606804902801356E-002  -7.0198137515432510E-003
 Kstep, t=         197   197.00000000000000     
 ----------The Max Residuals are--------  ---Mesh---           1
    0.3779450330E-03    0.3679419463E-03    0.2248172760E-03    0.5421209903E-19    0.4442646099E-03
   The R.M.S Residuals are 
    0.3276477603E-04    0.3317929775E-04    0.1896676296E-04    0.5073314841E-20    0.3835071503E-04
 --------------Force and Moment -----------------------------
 Total Force Coefficient (CL, CD, CS) =
  -2.3597983853149207E-002   5.4180631279533473E-002   1.9796427142592727E-021
 Total Moment Coefficient(CMx, CMy, CMz)=
   5.8994959632872983E-003   1.3545157819883368E-002  -6.9825406160535699E-003
 Kstep, t=         198   198.00000000000000     
 ----------The Max Residuals are--------  ---Mesh---           1
    0.3868172158E-03    0.3763986816E-03    0.2315258853E-03    0.5421127185E-19    0.4564179088E-03
   The R.M.S Residuals are 
    0.3281882309E-04    0.3319737249E-04    0.1900375577E-04    0.5156754028E-20    0.3839883041E-04
 --------------Force and Moment -----------------------------
 Total Force Coefficient (CL, CD, CS) =
  -2.3489129746718906E-002   5.3936004742553986E-002   1.6427738939237339E-021
 Total Moment Coefficient(CMx, CMy, CMz)=
   5.8722824366797283E-003   1.3484001185638497E-002  -6.9454309718709308E-003
 Kstep, t=         199   199.00000000000000     
 ----------The Max Residuals are--------  ---Mesh---           1
    0.3924502559E-03    0.3810218867E-03    0.2363717850E-03    0.5421178883E-19    0.4636616400E-03
   The R.M.S Residuals are 
    0.3286878261E-04    0.3321128406E-04    0.1903797782E-04    0.5088487144E-20    0.3844214956E-04
 --------------Force and Moment -----------------------------
 Total Force Coefficient (CL, CD, CS) =
  -2.3380688409161972E-002   5.3693316481273644E-002   2.5447367259344167E-021
 Total Moment Coefficient(CMx, CMy, CMz)=
   5.8451721022904921E-003   1.3423329120318411E-002  -6.9084853092844069E-003
 Kstep, t=         200   200.00000000000000     
 ----------The Max Residuals are--------  ---Mesh---           1
    0.3933688160E-03    0.3805469533E-03    0.2385162190E-03    0.6776142086E-19    0.4648082762E-03
   The R.M.S Residuals are 
    0.3290942478E-04    0.3321581569E-04    0.1906661668E-04    0.5288307474E-20    0.3847414762E-04
 write flow3d.dat ......
 write flow3d.dat OK
 Output Ts to Ts_block_2.dat
 write VTK files ......
 write VTK files OK
  flow chunk done, Kstep=         200  tt=   200.00000000000000     
   GS iter           1  res=   525.31819749193869       Ts(1,1,1)=   800.00000069566340       Ts(nx-1,ny-1,1)=   274.68180250806131     
   GS iter           2  res=   292.66462650806000       Ts(1,1,1)=   800.00000072803846       Ts(nx-1,ny-1,1)=   440.07916925597362     
   GS iter           3  res=   181.50652768454211       Ts(1,1,1)=   800.00000075008109       Ts(nx-1,ny-1,1)=   359.22015184754434     
   GS iter           4  res=   120.46726997762539       Ts(1,1,1)=   800.00000076488095       Ts(nx-1,ny-1,1)=   380.61030486430775     
   GS iter           5  res=   83.342882021713649       Ts(1,1,1)=   800.00000077490859       Ts(nx-1,ny-1,1)=   366.25254724031277     
 Solid solver Block           2  GS iterations:         200  final res:   1.5916157281026244E-012
   DBG: Ts(1,1,1)=   799.99500082862960       Ts(nx/2,ny/2,1)=   798.12501804890894       Ts(nx-1,ny-1,1)=   359.72744922087821     
  solid chunk done, outer iter           1  max|dT_w|=   499.99500123369637       K  T_w range [   799.99500121984295      ,   799.99500123369637      ]  max|q_w|=   40.301108583673887     
  outer iter           2 : flow chunk steps =         100
 --------------Force and Moment -----------------------------
 Total Force Coefficient (CL, CD, CS) =
  -2.3272298975772928E-002   5.3452543374379109E-002   2.0129250413737672E-021
 Total Moment Coefficient(CMx, CMy, CMz)=
   5.8180747439432346E-003   1.3363135843594777E-002  -6.8714330146055404E-003
 Kstep, t=         201   201.00000000000000     
 ----------The Max Residuals are--------  ---Mesh---           1
    0.3890004459E-03    0.3754296173E-03    0.2376207234E-03    0.6776317862E-19    0.4606665332E-03
   The R.M.S Residuals are 
    0.3293685005E-04    0.3320711326E-04    0.1908756405E-04    0.5117924706E-20    0.3848972089E-04
 --------------Force and Moment -----------------------------
 Total Force Coefficient (CL, CD, CS) =
  -2.3164624177843825E-002   5.3213597392904349E-002   1.8282657726323377E-021
 Total Moment Coefficient(CMx, CMy, CMz)=
   5.7911560444609553E-003   1.3303399348226087E-002  -6.8347711684251539E-003
 Kstep, t=         202   202.00000000000000     
 ----------The Max Residuals are--------  ---Mesh---           1
    0.3801117912E-03    0.3646732437E-03    0.2339746781E-03    0.5421287451E-19    0.4496522524E-03
   The R.M.S Residuals are 
    0.3295040434E-04    0.3318460864E-04    0.1910047381E-04    0.5043207415E-20    0.3848748638E-04
 --------------Force and Moment -----------------------------
 Total Force Coefficient (CL, CD, CS) =
  -2.3057469462869153E-002   5.2976586565177189E-002   1.1859481023934600E-021
 Total Moment Coefficient(CMx, CMy, CMz)=
   5.7643673657172840E-003   1.3244146641294297E-002  -6.7983538884006343E-003
 Kstep, t=         203   203.00000000000000     
 ----------The Max Residuals are--------  ---Mesh---           1
    0.3663978277E-03    0.3495413527E-03    0.2273089200E-03    0.5421202148E-19    0.4329588039E-03
   The R.M.S Residuals are 
    0.3295245625E-04    0.3315074917E-04    0.1910662008E-04    0.5209686021E-20    0.3847015206E-04
 --------------Force and Moment -----------------------------
 Total Force Coefficient (CL, CD, CS) =
  -2.2950715767222477E-002   5.2741428362569204E-002   2.0013344731274354E-021
 Total Moment Coefficient(CMx, CMy, CMz)=
   5.7376789418056165E-003   1.3185357090642301E-002  -6.7620918983312545E-003
 Kstep, t=         204   204.00000000000000     
 ----------The Max Residuals are--------  ---Mesh---           1
    0.3710938782E-03    0.3600052124E-03    0.2195453528E-03    0.6776739207E-19    0.4327197460E-03
   The R.M.S Residuals are 
    0.3294669602E-04    0.3310938908E-04    0.1910776183E-04    0.5402078732E-20    0.3844245107E-04
 --------------Force and Moment -----------------------------
 Total Force Coefficient (CL, CD, CS) =
  -2.2844364679726167E-002   5.2508095587754149E-002   2.0001352017143102E-021
 Total Moment Coefficient(CMx, CMy, CMz)=
   5.7110911699315408E-003   1.3127023896938537E-002  -6.7259864151071134E-003
 Kstep, t=         205   205.00000000000000     
 ----------The Max Residuals are--------  ---Mesh---           1
    0.3857556480E-03    0.3732356972E-03    0.2292468428E-03    0.5421311685E-19    0.4502609187E-03
   The R.M.S Residuals are 
    0.3293727487E-04    0.3306479903E-04    0.1910561983E-04    0.5302893567E-20    0.3840993105E-04
 --------------Force and Moment -----------------------------
 Total Force Coefficient (CL, CD, CS) =
  -2.2738422796258595E-002   5.2276567081456081E-002   1.8365049492520801E-021
 Total Moment Coefficient(CMx, CMy, CMz)=
   5.6846056990646479E-003   1.3069141770364020E-002  -6.6900424105822724E-003
 Kstep, t=         206   206.00000000000000     
 ----------The Max Residuals are--------  ---Mesh---           1
    0.3972615399E-03    0.3840799480E-03    0.2371808548E-03    0.6776439354E-19    0.4651496269E-03
   The R.M.S Residuals are 
    0.3292785456E-04    0.3302050929E-04    0.1910192725E-04    0.5589512760E-20    0.3837750303E-04
 --------------Force and Moment -----------------------------
 Total Force Coefficient (CL, CD, CS) =
  -2.2632893870228717E-002   5.2046822345417403E-002   6.7394884036932927E-022
 Total Moment Coefficient(CMx, CMy, CMz)=
   5.6582234675571792E-003   1.3011705586354351E-002  -6.6542627254821919E-003
 Kstep, t=         207   207.00000000000000     
 ----------The Max Residuals are--------  ---Mesh---           1
    0.4058911416E-03    0.3912511923E-03    0.2435590699E-03    0.6776806415E-19    0.4754597561E-03
   The R.M.S Residuals are 
    0.3291910178E-04    0.3297697782E-04    0.1909736454E-04    0.5502506720E-20    0.3834617260E-04
 --------------Force and Moment -----------------------------
 Total Force Coefficient (CL, CD, CS) =
  -2.2527779963108337E-002   5.1818841078029157E-002   1.3254914760880628E-021
 Total Moment Coefficient(CMx, CMy, CMz)=
   5.6319449907770809E-003   1.2954710269507289E-002  -6.6186489335483944E-003
 Kstep, t=         208   208.00000000000000     
 ----------The Max Residuals are--------  ---Mesh---           1
    0.4102888266E-03    0.3939201106E-03    0.2474560796E-03    0.6776201539E-19    0.4804436849E-03
   The R.M.S Residuals are 
    0.3290843454E-04    0.3293152055E-04    0.1909074099E-04    0.5588653191E-20    0.3831272471E-04
 --------------Force and Moment -----------------------------
 Total Force Coefficient (CL, CD, CS) =
  -2.2423082370414561E-002   5.1592603202071610E-002   1.3266747078363789E-021
 Total Moment Coefficient(CMx, CMy, CMz)=
   5.6057705926036384E-003   1.2898150800517903E-002  -6.5832020371086666E-003
 Kstep, t=         209   209.00000000000000     
 ----------The Max Residuals are--------  ---Mesh---           1
    0.4101974974E-03    0.3925721256E-03    0.2486799062E-03    0.5421455472E-19    0.4807621025E-03
   The R.M.S Residuals are 
    0.3289129483E-04    0.3287959920E-04    0.1907963334E-04    0.5614150648E-20    0.3827142786E-04
 --------------Force and Moment -----------------------------
 Total Force Coefficient (CL, CD, CS) =
  -2.2318802047350476E-002   5.1368088908796510E-002   9.0261712710929060E-022
 Total Moment Coefficient(CMx, CMy, CMz)=
   5.5797005118376165E-003   1.2842022227199127E-002  -6.5479227873040053E-003
 Kstep, t=         210   210.00000000000000     
 ----------The Max Residuals are--------  ---Mesh---           1
    0.4056190808E-03    0.3859131115E-03    0.2473932409E-03    0.6776320447E-19    0.4744373057E-03
   The R.M.S Residuals are 
    0.3286327430E-04    0.3281693612E-04    0.1906175031E-04    0.5402774217E-20    0.3821665352E-04
 --------------Force and Moment -----------------------------
 Total Force Coefficient (CL, CD, CS) =
  -2.2214939793186016E-002   5.1145278681953864E-002   7.1633319097476132E-022
 Total Moment Coefficient(CMx, CMy, CMz)=
   5.5537349482965024E-003   1.2786319670488466E-002  -6.5128118233228503E-003
 Kstep, t=         211   211.00000000000000     
 ----------The Max Residuals are--------  ---Mesh---           1
    0.3961023974E-03    0.3746620603E-03    0.2429442974E-03    0.6776350174E-19    0.4627937591E-03
   The R.M.S Residuals are 
    0.3282198418E-04    0.3274126925E-04    0.1903604733E-04    0.5487368683E-20    0.3814525784E-04
 --------------Force and Moment -----------------------------
 Total Force Coefficient (CL, CD, CS) =
  -2.2111496333682354E-002   5.0924153308143268E-002   8.4965424128529105E-022
 Total Moment Coefficient(CMx, CMy, CMz)=
   5.5278740834205885E-003   1.2731038327035817E-002  -6.4778697351148265E-003
 Kstep, t=         212   212.00000000000000     
 ----------The Max Residuals are--------  ---Mesh---           1
    0.3823481104E-03    0.3585269278E-03    0.2359672551E-03    0.6776306230E-19    0.4450105110E-03
   The R.M.S Residuals are 
    0.3276757193E-04    0.3265287954E-04    0.1900295856E-04    0.5659355567E-20    0.3805736822E-04
 --------------Force and Moment -----------------------------
 Total Force Coefficient (CL, CD, CS) =
  -2.2008472359695913E-002   5.0704693878918065E-002  -4.4483761035943604E-022
 Total Moment Coefficient(CMx, CMy, CMz)=
   5.5021180899239757E-003   1.2676173469729516E-002  -6.4430970932277025E-003
 Kstep, t=         213   213.00000000000000     
 ----------The Max Residuals are--------  ---Mesh---           1
    0.3720868331E-03    0.3596776457E-03    0.2262466980E-03    0.8131679145E-19    0.4318378454E-03
   The R.M.S Residuals are 
    0.3270194841E-04    0.3255386318E-04    0.1896364949E-04    0.5841535845E-20    0.3795540075E-04
 --------------Force and Moment -----------------------------
 Total Force Coefficient (CL, CD, CS) =
  -2.1905868545754211E-002   5.0486881788672618E-002  -8.9514573347423435E-022
 Total Moment Coefficient(CMx, CMy, CMz)=
   5.4764671364385537E-003   1.2621720447168154E-002  -6.4084944636013308E-003
 Kstep, t=         214   214.00000000000000     
 ----------The Max Residuals are--------  ---Mesh---           1
    0.3873722305E-03    0.3732359696E-03    0.2299541159E-03    0.8131823901E-19    0.4499151862E-03
   The R.M.S Residuals are 
    0.3262730236E-04    0.3244658008E-04    0.1891896057E-04    0.6022953736E-20    0.3784236262E-04
 --------------Force and Moment -----------------------------
 Total Force Coefficient (CL, CD, CS) =
  -2.1803685558655174E-002   5.0270698730370163E-002  -1.6112086803679188E-022
 Total Moment Coefficient(CMx, CMy, CMz)=
   5.4509213896637891E-003   1.2567674682592541E-002  -6.3740624148515080E-003
 Kstep, t=         215   215.00000000000000     
 ----------The Max Residuals are--------  ---Mesh---           1
    0.4000929338E-03    0.3838662875E-03    0.2383448390E-03    0.6776498323E-19    0.4644061603E-03
   The R.M.S Residuals are 
    0.3254627466E-04    0.3233378918E-04    0.1886962943E-04    0.5903939182E-20    0.3772197334E-04
 --------------Force and Moment -----------------------------
 Total Force Coefficient (CL, CD, CS) =
  -2.1701924060627327E-002   5.0056126690148216E-002   6.5509660636832248E-022
 Total Moment Coefficient(CMx, CMy, CMz)=
   5.4254810151568265E-003   1.2514031672537054E-002  -6.3398015214489404E-003
 Kstep, t=         216   216.00000000000000     
 ----------The Max Residuals are--------  ---Mesh---           1
    0.4093841251E-03    0.3919063538E-03    0.2447571118E-03    0.9486820708E-19    0.4759022819E-03
   The R.M.S Residuals are 
    0.3246237836E-04    0.3221894122E-04    0.1881714220E-04    0.5730529818E-20    0.3759877419E-04
 --------------Force and Moment -----------------------------
 Total Force Coefficient (CL, CD, CS) =
  -2.1600584709309405E-002   4.9843147941395341E-002   9.0455563594092331E-022
 Total Moment Coefficient(CMx, CMy, CMz)=
   5.4001461773273470E-003   1.2460786985348835E-002  -6.3057123644898339E-003
 Kstep, t=         217   217.00000000000000     
 ----------The Max Residuals are--------  ---Mesh---           1
    0.4153981412E-03    0.3960707956E-03    0.2493449869E-03    0.9487063692E-19    0.4827164857E-03
   The R.M.S Residuals are 
    0.3237744861E-04    0.3210366857E-04    0.1876281239E-04    0.5880143122E-20    0.3747496559E-04
 --------------Force and Moment -----------------------------
 Total Force Coefficient (CL, CD, CS) =
  -2.1499668155786935E-002   4.9631745038554304E-002   9.5560881925317087E-022
 Total Moment Coefficient(CMx, CMy, CMz)=
   5.3749170389467381E-003   1.2407936259638576E-002  -6.2717955309955498E-003
 Kstep, t=         218   218.00000000000000     
 ----------The Max Residuals are--------  ---Mesh---           1
    0.4179377688E-03    0.3962225568E-03    0.2517416661E-03    0.6776842604E-19    0.4847277536E-03
   The R.M.S Residuals are 
    0.3229074677E-04    0.3198704359E-04    0.1870677101E-04    0.5910450184E-20    0.3734944637E-04
 --------------Force and Moment -----------------------------
 Total Force Coefficient (CL, CD, CS) =
  -2.1399175041458836E-002   4.9421900810859211E-002   3.7234682910474540E-022
 Total Moment Coefficient(CMx, CMy, CMz)=
   5.3497937603647098E-003   1.2355475202714803E-002  -6.2380516123288210E-003
 Kstep, t=         219   219.00000000000000     
 ----------The Max Residuals are--------  ---Mesh---           1
    0.4162723517E-03    0.3927260427E-03    0.2515889065E-03    0.9487211034E-19    0.4821458949E-03
   The R.M.S Residuals are 
    0.3219975582E-04    0.3186644297E-04    0.1864810371E-04    0.6215962759E-20    0.3721886965E-04
 --------------Force and Moment -----------------------------
 Total Force Coefficient (CL, CD, CS) =
  -2.1299105994304953E-002   4.9213598356146790E-002   1.2861823056159636E-021
 Total Moment Coefficient(CMx, CMy, CMz)=
   5.3247764985762391E-003   1.2303399589036697E-002  -6.2044812021567535E-003
 Kstep, t=         220   220.00000000000000     
 ----------The Max Residuals are--------  ---Mesh---           1
    0.4103947188E-03    0.3843607563E-03    0.2490928740E-03    0.1084254647E-18    0.4737589047E-03
   The R.M.S Residuals are 
    0.3210140458E-04    0.3173885544E-04    0.1858543870E-04    0.6332249890E-20    0.3707925989E-04
 --------------Force and Moment -----------------------------
 Total Force Coefficient (CL, CD, CS) =
  -2.1199461624977593E-002   4.9006821035332472E-002   9.9279884220682279E-022
 Total Moment Coefficient(CMx, CMy, CMz)=
   5.2998654062443949E-003   1.2251705258833118E-002  -6.1710848942755905E-003
 Kstep, t=         221   221.00000000000000     
 ----------The Max Residuals are--------  ---Mesh---           1
    0.4011418780E-03    0.3723750866E-03    0.2441584135E-03    0.1084222335E-18    0.4609740165E-03
   The R.M.S Residuals are 
    0.3199350581E-04    0.3160225919E-04    0.1851772082E-04    0.6090417443E-20    0.3692781835E-04
 --------------Force and Moment -----------------------------
 Total Force Coefficient (CL, CD, CS) =
  -2.1100242522719467E-002   4.8801552466182070E-002   4.6310538552811512E-022
 Total Moment Coefficient(CMx, CMy, CMz)=
   5.2750606306798649E-003   1.2200388116545518E-002  -6.1378632803603369E-003
 Kstep, t=         222   222.00000000000000     
 ----------The Max Residuals are--------  ---Mesh---           1
    0.3873271782E-03    0.3562137572E-03    0.2367415559E-03    0.9487178722E-19    0.4428478285E-03
   The R.M.S Residuals are 
    0.3187520846E-04    0.3145602479E-04    0.1844453577E-04    0.6523855499E-20    0.3676359335E-04
 --------------Force and Moment -----------------------------
 Total Force Coefficient (CL, CD, CS) =
  -2.1001449251483468E-002   4.8597776517312966E-002   6.8260164679947382E-022
 Total Moment Coefficient(CMx, CMy, CMz)=
   5.2503623128708635E-003   1.2149444129328241E-002  -6.1048169479025064E-003
 Kstep, t=         223   223.00000000000000     
 ----------The Max Residuals are--------  ---Mesh---           1
    0.3705185609E-03    0.3540658662E-03    0.2273187790E-03    0.8131458779E-19    0.4245955559E-03
   The R.M.S Residuals are 
    0.3174630404E-04    0.3130022891E-04    0.1836580708E-04    0.6303539793E-20    0.3658668258E-04
 --------------Force and Moment -----------------------------
 Total Force Coefficient (CL, CD, CS) =
  -2.0903082346612402E-002   4.8395477302891309E-002   3.5966575033551389E-022
 Total Moment Coefficient(CMx, CMy, CMz)=
   5.2257705866530987E-003   1.2098869325722827E-002  -6.0719464785890364E-003
 Kstep, t=         224   224.00000000000000     
 ----------The Max Residuals are--------  ---Mesh---           1
    0.3821947305E-03    0.3667543976E-03    0.2266219111E-03    0.9487167090E-19    0.4412496702E-03
   The R.M.S Residuals are 
    0.3160636378E-04    0.3113472843E-04    0.1828123318E-04    0.6422370431E-20    0.3639702640E-04
 --------------Force and Moment -----------------------------
 Total Force Coefficient (CL, CD, CS) =
  -2.0805142312013823E-002   4.8194639177807697E-002   3.1165612563348827E-022
 Total Moment Coefficient(CMx, CMy, CMz)=
   5.2012855780034549E-003   1.2048659794451924E-002  -6.0392524471219403E-003
 Kstep, t=         225   225.00000000000000     
 ----------The Max Residuals are--------  ---Mesh---           1
    0.3943886445E-03    0.3770108713E-03    0.2344702745E-03    0.9487289875E-19    0.4555122972E-03
   The R.M.S Residuals are 
    0.3145459868E-04    0.3095898732E-04    0.1819007359E-04    0.6570191122E-20    0.3619418317E-04
 --------------Force and Moment -----------------------------
 Total Force Coefficient (CL, CD, CS) =
  -2.0707629617680679E-002   4.7995246732060633E-002   6.5155853398521456E-022
 Total Moment Coefficient(CMx, CMy, CMz)=
   5.1769074044201698E-003   1.1998811683015158E-002  -6.0067354203355286E-003
 Kstep, t=         226   226.00000000000000     
 ----------The Max Residuals are--------  ---Mesh---           1
    0.4038354876E-03    0.3841641087E-03    0.2407447688E-03    0.9487136071E-19    0.4659936085E-03
   The R.M.S Residuals are 
    0.3129185112E-04    0.3077402595E-04    0.1809238127E-04    0.6144194691E-20    0.3597964695E-04
 --------------Force and Moment -----------------------------
 Total Force Coefficient (CL, CD, CS) =
  -2.0610544697695420E-002   4.7797284785419884E-002   9.2889215947609842E-022
 Total Moment Coefficient(CMx, CMy, CMz)=
   5.1526361744238568E-003   1.1949321196354971E-002  -5.9743959567088367E-003
 Kstep, t=         227   227.00000000000000     
 ----------The Max Residuals are--------  ---Mesh---           1
    0.4105070144E-03    0.3886618601E-03    0.2452802587E-03    0.1084227376E-18    0.4730516603E-03
   The R.M.S Residuals are 
    0.3112138006E-04    0.3058308893E-04    0.1798966718E-04    0.6549253506E-20    0.3575752854E-04
 --------------Force and Moment -----------------------------
 Total Force Coefficient (CL, CD, CS) =
  -2.0513887948810233E-002   4.7600738382496580E-002   6.3419366067465232E-022
 Total Moment Coefficient(CMx, CMy, CMz)=
   5.1284719872025618E-003   1.1900184595624145E-002  -5.9422346063496513E-003
 Kstep, t=         228   228.00000000000000     
 ----------The Max Residuals are--------  ---Mesh---           1
    0.4137003813E-03    0.3897176853E-03    0.2476768329E-03    0.8131593842E-19    0.4760892262E-03
   The R.M.S Residuals are 
    0.3094581758E-04    0.3038860555E-04    0.1788345714E-04    0.6259609975E-20    0.3553077546E-04
 --------------Force and Moment -----------------------------
 Total Force Coefficient (CL, CD, CS) =
  -2.0417659729545432E-002   4.7405592787675026E-002   1.8040419224197053E-022
 Total Moment Coefficient(CMx, CMy, CMz)=
   5.1044149323863598E-003   1.1851398196918756E-002  -5.9102519114040304E-003
 Kstep, t=         229   229.00000000000000     
 ----------The Max Residuals are--------  ---Mesh---           1
    0.4137679858E-03    0.3872474263E-03    0.2483774236E-03    0.8131655880E-19    0.4747383496E-03
   The R.M.S Residuals are 
    0.3076597454E-04    0.3019117980E-04    0.1777438457E-04    0.6174687464E-20    0.3529995666E-04
 --------------Force and Moment -----------------------------
 Total Force Coefficient (CL, CD, CS) =
  -2.0321860359838202E-002   4.7211833480511792E-002   1.5305247244843131E-021
 Total Moment Coefficient(CMx, CMy, CMz)=
   5.0804650899595504E-003   1.1802958370127948E-002  -5.8784484068926278E-003
 Kstep, t=         230   230.00000000000000     
 ----------The Max Residuals are--------  ---Mesh---           1
    0.4109656494E-03    0.3816785887E-03    0.2469205945E-03    0.9487101093E-19    0.4696318192E-03
   The R.M.S Residuals are 
    0.3058111366E-04    0.2998997665E-04    0.1766226669E-04    0.6805020066E-20    0.3506385262E-04
 --------------Force and Moment -----------------------------
 Total Force Coefficient (CL, CD, CS) =
  -2.0226490121208071E-002   4.7019446151640658E-002   9.5754995859488638E-022
 Total Moment Coefficient(CMx, CMy, CMz)=
   5.0566225303020160E-003   1.1754861537910164E-002  -5.8468246219276826E-003
 Kstep, t=         231   231.00000000000000     
 ----------The Max Residuals are--------  ---Mesh---           1
    0.4047730040E-03    0.3725470380E-03    0.2433205390E-03    0.9487363545E-19    0.4600325320E-03
   The R.M.S Residuals are 
    0.3038949584E-04    0.2978324872E-04    0.1754666404E-04    0.6722834663E-20    0.3482019472E-04
 --------------Force and Moment -----------------------------
 Total Force Coefficient (CL, CD, CS) =
  -2.0131549257222988E-002   4.6828416698423414E-002  -4.8950811588221886E-022
 Total Moment Coefficient(CMx, CMy, CMz)=
   5.0328873143057461E-003   1.1707104174605854E-002  -5.8153810811594651E-003
 Kstep, t=         232   232.00000000000000     
 ----------The Max Residuals are--------  ---Mesh---           1
    0.3951962959E-03    0.3603606793E-03    0.2380649688E-03    0.1084248314E-18    0.4467305208E-03
   The R.M.S Residuals are 
    0.3018916955E-04    0.2956914622E-04    0.1742723705E-04    0.6733829954E-20    0.3456669623E-04
 --------------Force and Moment -----------------------------
 Total Force Coefficient (CL, CD, CS) =
  -2.0037037974172455E-002   4.6638731220962341E-002   1.0892535600152763E-021
 Total Moment Coefficient(CMx, CMy, CMz)=
   5.0092594935431129E-003   1.1659682805240585E-002  -5.7841183063709577E-003
 Kstep, t=         233   233.00000000000000     
 ----------The Max Residuals are--------  ---Mesh---           1
    0.3832084612E-03    0.3452588830E-03    0.2309442587E-03    0.8132031989E-19    0.4298572760E-03
   The R.M.S Residuals are 
    0.2997834438E-04    0.2934613047E-04    0.1730375737E-04    0.6437813613E-20    0.3430157312E-04
 --------------Force and Moment -----------------------------
 Total Force Coefficient (CL, CD, CS) =
  -1.9942956441920835E-002   4.6450376018182304E-002   8.6949523649927971E-022
 Total Moment Coefficient(CMx, CMy, CMz)=
   4.9857391104802138E-003   1.1612594004545576E-002  -5.7530368181691969E-003
 Kstep, t=         234   234.00000000000000     
 ----------The Max Residuals are--------  ---Mesh---           1
    0.3678934720E-03    0.3471473182E-03    0.2221869962E-03    0.1084235260E-18    0.4141190416E-03
   The R.M.S Residuals are 
    0.2975520586E-04    0.2911276648E-04    0.1717589025E-04    0.6452668919E-20    0.3402325875E-04
 --------------Force and Moment -----------------------------
 Total Force Coefficient (CL, CD, CS) =
  -1.9849304794832191E-002   4.6263337584026197E-002   6.6129560488441335E-022
 Total Moment Coefficient(CMx, CMy, CMz)=
   4.9623261987080435E-003   1.1565834396006549E-002  -5.7221371376840625E-003
 Kstep, t=         235   235.00000000000000     
 ----------The Max Residuals are--------  ---Mesh---           1
    0.3743824310E-03    0.3593304795E-03    0.2195790594E-03    0.1084203206E-18    0.4298817076E-03
   The R.M.S Residuals are 
    0.2951732583E-04    0.2886706628E-04    0.1704283082E-04    0.6769843066E-20    0.3372958156E-04
 --------------Force and Moment -----------------------------
 Total Force Coefficient (CL, CD, CS) =
  -1.9756083132587504E-002   4.6077602604023590E-002   5.3853290204414375E-022
 Total Moment Coefficient(CMx, CMy, CMz)=
   4.9390207831468786E-003   1.1519400651005898E-002  -5.6914197881506980E-003
 Kstep, t=         236   236.00000000000000     
 ----------The Max Residuals are--------  ---Mesh---           1
    0.3860279767E-03    0.3687408247E-03    0.2267178714E-03    0.1355277790E-18    0.4429189463E-03
   The R.M.S Residuals are 
    0.2926110909E-04    0.2860589490E-04    0.1690305444E-04    0.7280708396E-20    0.3341698814E-04
 --------------Force and Moment -----------------------------
 Total Force Coefficient (CL, CD, CS) =
  -1.9663291520796398E-002   4.5893157951334376E-002   2.4020932386936544E-022
 Total Moment Coefficient(CMx, CMy, CMz)=
   4.9158228801990979E-003   1.1473289487833594E-002  -5.6608852962903976E-003
 Kstep, t=         237   237.00000000000000     
 ----------The Max Residuals are--------  ---Mesh---           1
    0.3954502051E-03    0.3759628653E-03    0.2322649531E-03    0.1355278436E-18    0.4529573618E-03
   The R.M.S Residuals are 
    0.2898223266E-04    0.2832539019E-04    0.1675475644E-04    0.7202522116E-20    0.3308098489E-04
 --------------Force and Moment -----------------------------
 Total Force Coefficient (CL, CD, CS) =
  -1.9570929991403960E-002   4.5709990683368180E-002  -4.8462066518481075E-022
 Total Moment Coefficient(CMx, CMy, CMz)=
   4.8927324978509882E-003   1.1427497670842045E-002  -5.6305341934718769E-003
 Kstep, t=         238   238.00000000000000     
 ----------The Max Residuals are--------  ---Mesh---           1
    0.4021769384E-03    0.3800772972E-03    0.2363268080E-03    0.9487188496E-19    0.4597861915E-03
   The R.M.S Residuals are 
    0.2867754868E-04    0.2802282231E-04    0.1659694668E-04    0.6606203675E-20    0.3271840911E-04
 --------------Force and Moment -----------------------------
 Total Force Coefficient (CL, CD, CS) =
  -1.9478998542845884E-002   4.5528088038394858E-002   5.3376771823026229E-022
 Total Moment Coefficient(CMx, CMy, CMz)=
   4.8697496357114718E-003   1.1382022009598715E-002  -5.6003670166073008E-003
 Kstep, t=         239   239.00000000000000     
 ----------The Max Residuals are--------  ---Mesh---           1
    0.4060693044E-03    0.3816370813E-03    0.2385009779E-03    0.1490813304E-18    0.4630004692E-03
   The R.M.S Residuals are 
    0.2834605686E-04    0.2769751431E-04    0.1642948277E-04    0.7002465950E-20    0.3232848227E-04
 --------------Force and Moment -----------------------------
 Total Force Coefficient (CL, CD, CS) =
  -1.9387497139866428E-002   4.5347437431994590E-002  -7.2802276492594391E-022
 Total Moment Coefficient(CMx, CMy, CMz)=
   4.8468742849666017E-003   1.1336859357998648E-002  -5.5703843087196838E-003
 Kstep, t=         240   240.00000000000000     
 ----------The Max Residuals are--------  ---Mesh---           1
    0.4074515708E-03    0.3803348279E-03    0.2392131797E-03    0.1355279599E-18    0.4631332643E-03
   The R.M.S Residuals are 
    0.2798729768E-04    0.2734924176E-04    0.1625227958E-04    0.6901503212E-20    0.3191075062E-04
 --------------Force and Moment -----------------------------
 Total Force Coefficient (CL, CD, CS) =
  -1.9296425713079875E-002   4.5168026454102811E-002   4.9594392189663961E-022
 Total Moment Coefficient(CMx, CMy, CMz)=
   4.8241064282699688E-003   1.1292006613525703E-002  -5.5405866192125772E-003
 Kstep, t=         241   241.00000000000000     
 ----------The Max Residuals are--------  ---Mesh---           1
    0.4061280280E-03    0.3759838083E-03    0.2380346472E-03    0.1626359610E-18    0.4594363584E-03
   The R.M.S Residuals are 
    0.2760040433E-04    0.2697732942E-04    0.1606549452E-04    0.7591460551E-20    0.3146402730E-04
 --------------Force and Moment -----------------------------
 Total Force Coefficient (CL, CD, CS) =
  -1.9205784158028691E-002   4.4989842865188145E-002   3.7536729140530280E-022
 Total Moment Coefficient(CMx, CMy, CMz)=
   4.8014460395071745E-003   1.1247460716297036E-002  -5.5109745036948481E-003
 Kstep, t=         242   242.00000000000000     
 ----------The Max Residuals are--------  ---Mesh---           1
    0.4022186236E-03    0.3693562927E-03    0.2352025996E-03    0.1355281344E-18    0.4526562497E-03
   The R.M.S Residuals are 
    0.2718437321E-04    0.2658096971E-04    0.1586970487E-04    0.7617674740E-20    0.3098688568E-04
 --------------Force and Moment -----------------------------
 Total Force Coefficient (CL, CD, CS) =
  -1.9115572333893771E-002   4.4812874593244366E-002   5.6987920231051127E-022
 Total Moment Coefficient(CMx, CMy, CMz)=
   4.7788930834734402E-003   1.1203218648311091E-002  -5.4815485234400597E-003
 Kstep, t=         243   243.00000000000000     
 ----------The Max Residuals are--------  ---Mesh---           1
    0.3960477891E-03    0.3601628280E-03    0.2309538102E-03    0.1490747226E-18    0.4428523712E-03
   The R.M.S Residuals are 
    0.2673853064E-04    0.2615975500E-04    0.1566574910E-04    0.7632310423E-20    0.3047836235E-04
 --------------Force and Moment -----------------------------
 Total Force Coefficient (CL, CD, CS) =
  -1.9025790061829053E-002   4.4637109730173506E-002   3.2611145547895379E-023
 Total Moment Coefficient(CMx, CMy, CMz)=
   4.7564475154572624E-003   1.1159277432543377E-002  -5.4523092444557662E-003
 Kstep, t=         244   244.00000000000000     
 ----------The Max Residuals are--------  ---Mesh---           1
    0.3878060359E-03    0.3485357668E-03    0.2252275974E-03    0.1355263572E-18    0.4300297896E-03
   The R.M.S Residuals are 
    0.2626296915E-04    0.2571415582E-04    0.1545458043E-04    0.7462790558E-20    0.2993855999E-04
 --------------Force and Moment -----------------------------
 Total Force Coefficient (CL, CD, CS) =
  -1.8936437122803768E-002   4.4462536528759283E-002   3.1509224459877543E-022
 Total Moment Coefficient(CMx, CMy, CMz)=
   4.7341092807009419E-003   1.1115634132189821E-002  -5.4232572360954027E-003
 Kstep, t=         245   245.00000000000000     
 ----------The Max Residuals are--------  ---Mesh---           1
    0.3769294501E-03    0.3351523293E-03    0.2182956574E-03    0.1761839516E-18    0.4148236175E-03
   The R.M.S Residuals are 
    0.2575878662E-04    0.2524574953E-04    0.1523717052E-04    0.7505551959E-20    0.2936895700E-04
 --------------Force and Moment -----------------------------
 Total Force Coefficient (CL, CD, CS) =
  -1.8847513254991250E-002   4.4289143398882874E-002  -5.4050272989310955E-024
 Total Moment Coefficient(CMx, CMy, CMz)=
   4.7118783137478143E-003   1.1072285849720719E-002  -5.3943930692275915E-003
 Kstep, t=         246   246.00000000000000     
 ----------The Max Residuals are--------  ---Mesh---           1
    0.3644353187E-03    0.3203773388E-03    0.2103727301E-03    0.1626360644E-18    0.3978727418E-03
   The R.M.S Residuals are 
    0.2522807624E-04    0.2475717138E-04    0.1501441087E-04    0.7563859575E-20    0.2877238611E-04
 --------------Force and Moment -----------------------------
 Total Force Coefficient (CL, CD, CS) =
  -1.8759018150717063E-002   4.4116918904469844E-002   3.2265593426545514E-022
 Total Moment Coefficient(CMx, CMy, CMz)=
   4.6897545376792674E-003   1.1029229726117461E-002  -5.3657173139677154E-003
 Kstep, t=         247   247.00000000000000     
 ----------The Max Residuals are--------  ---Mesh---           1
    0.3503063645E-03    0.3039936023E-03    0.2070852445E-03    0.1490817727E-18    0.3787729028E-03
   The R.M.S Residuals are 
    0.2467375001E-04    0.2425189627E-04    0.1478699120E-04    0.7841991779E-20    0.2815276846E-04
 --------------Force and Moment -----------------------------
 Total Force Coefficient (CL, CD, CS) =
  -1.8670951453019148E-002   4.3945851759775299E-002   4.6042615545143965E-022
 Total Moment Coefficient(CMx, CMy, CMz)=
   4.6677378632547896E-003   1.0986462939943825E-002  -5.3372305369973373E-003
 Kstep, t=         248   248.00000000000000     
 ----------The Max Residuals are--------  ---Mesh---           1
    0.3359689839E-03    0.2863596281E-03    0.2127515955E-03    0.1355292944E-18    0.3581152813E-03
   The R.M.S Residuals are 
    0.2409927646E-04    0.2373392866E-04    0.1455527623E-04    0.7400826361E-20    0.2751471697E-04
 --------------Force and Moment -----------------------------
 Total Force Coefficient (CL, CD, CS) =
  -1.8583312751925613E-002   4.3775930826527289E-002  -3.4542516950092358E-022
 Total Moment Coefficient(CMx, CMy, CMz)=
   4.6458281879814068E-003   1.0943982706631822E-002  -5.3089332985274433E-003
 Kstep, t=         249   249.00000000000000     
 ----------The Max Residuals are--------  ---Mesh---           1
    0.3209494955E-03    0.2685535769E-03    0.2172835505E-03    0.1626312306E-18    0.3372741688E-03
   The R.M.S Residuals are 
    0.2350839934E-04    0.2320746957E-04    0.1431923500E-04    0.8209294704E-20    0.2686313188E-04
 --------------Force and Moment -----------------------------
 Total Force Coefficient (CL, CD, CS) =
  -1.8496101580436592E-002   4.3607145110729023E-002   4.9863300144221570E-023
 Total Moment Coefficient(CMx, CMy, CMz)=
   4.6240253951091480E-003   1.0901786277682256E-002  -5.2808261488942439E-003
 Kstep, t=         250   250.00000000000000     
 ----------The Max Residuals are--------  ---Mesh---           1
    0.3059777770E-03    0.2508788185E-03    0.2205968155E-03    0.1355276497E-18    0.3163346903E-03
   The R.M.S Residuals are 
    0.2290497445E-04    0.2267671323E-04    0.1407850682E-04    0.7427256822E-20    0.2620296037E-04
 --------------Force and Moment -----------------------------
 Total Force Coefficient (CL, CD, CS) =
  -1.8409317410035493E-002   4.3439483759643981E-002  -7.2600457408887704E-022
 Total Moment Coefficient(CMx, CMy, CMz)=
   4.6023293525088767E-003   1.0859870939910995E-002  -5.2529096246799389E-003
 Kstep, t=         251   251.00000000000000     
 ----------The Max Residuals are--------  ---Mesh---           1
    0.2919650640E-03    0.2338580519E-03    0.2225926404E-03    0.1219723050E-18    0.2960531544E-03
   The R.M.S Residuals are 
    0.2229309202E-04    0.2214594002E-04    0.1383264594E-04    0.7367721328E-20    0.2553930895E-04
 --------------Force and Moment -----------------------------
 Total Force Coefficient (CL, CD, CS) =
  -1.8322959645756368E-002   4.3272936058010643E-002  -9.7938270084721976E-022
 Total Moment Coefficient(CMx, CMy, CMz)=
   4.5807399114390921E-003   1.0818234014502661E-002  -5.2251842443683996E-003
 Kstep, t=         252   252.00000000000000     
 ----------The Max Residuals are--------  ---Mesh---           1
    0.2787857962E-03    0.2239882337E-03    0.2231917939E-03    0.1355255301E-18    0.2849188658E-03
   The R.M.S Residuals are 
    0.2167744300E-04    0.2161984950E-04    0.1358137307E-04    0.7748153818E-20    0.2487785055E-04
 --------------Force and Moment -----------------------------
 Total Force Coefficient (CL, CD, CS) =
  -1.8237027620821446E-002   4.3107491424819393E-002  -3.5985075909904718E-022
 Total Moment Coefficient(CMx, CMy, CMz)=
   4.5592569052053614E-003   1.0776872856204848E-002  -5.1976505035348152E-003
 Kstep, t=         253   253.00000000000000     
 ----------The Max Residuals are--------  ---Mesh---           1
    0.2666639786E-03    0.2210210346E-03    0.2224029759E-03    0.1355331039E-18    0.2823149256E-03
   The R.M.S Residuals are 
    0.2106338842E-04    0.2110359209E-04    0.1332454113E-04    0.8265254675E-20    0.2422488267E-04
 --------------Force and Moment -----------------------------
 Total Force Coefficient (CL, CD, CS) =
  -1.8151520590902769E-002   4.2943139409484826E-002  -1.4043537397311725E-022
 Total Moment Coefficient(CMx, CMy, CMz)=
   4.5378801477256947E-003   1.0735784852371207E-002  -5.1703088695946309E-003
 Kstep, t=         254   254.00000000000000     
 ----------The Max Residuals are--------  ---Mesh---           1
    0.2554827338E-03    0.2167278527E-03    0.2203846203E-03    0.1355249743E-18    0.2779936500E-03
   The R.M.S Residuals are 
    0.2045616833E-04    0.2060196297E-04    0.1306200155E-04    0.7442211507E-20    0.2358635308E-04
 --------------Force and Moment -----------------------------
 Total Force Coefficient (CL, CD, CS) =
  -1.8066437727994732E-002   4.2779869688736115E-002  -2.5711747289248621E-022
 Total Moment Coefficient(CMx, CMy, CMz)=
   4.5166094319986829E-003   1.0694967422184029E-002  -5.1431597760887579E-003
 Kstep, t=         255   255.00000000000000     
 ----------The Max Residuals are--------  ---Mesh---           1
    0.2449904801E-03    0.2114212563E-03    0.2174134114E-03    0.1761830857E-18    0.2723458816E-03
   The R.M.S Residuals are 
    0.1985988140E-04    0.2011841662E-04    0.1279377058E-04    0.7781062741E-20    0.2296664024E-04
 --------------Force and Moment -----------------------------
 Total Force Coefficient (CL, CD, CS) =
  -1.7981778114009021E-002   4.2617672062804458E-002  -6.0743411520615097E-022
 Total Moment Coefficient(CMx, CMy, CMz)=
   4.4954445285022510E-003   1.0654418015701115E-002  -5.1162036165649169E-003
 Kstep, t=         256   256.00000000000000     
 ----------The Max Residuals are--------  ---Mesh---           1
    0.2352597287E-03    0.2054165033E-03    0.2137676939E-03    0.1626360127E-18    0.2657687583E-03
   The R.M.S Residuals are 
    0.1927723645E-04    0.1965488594E-04    0.1252020979E-04    0.8363454418E-20    0.2236831802E-04
 --------------Force and Moment -----------------------------
 Total Force Coefficient (CL, CD, CS) =
  -1.7897540734151514E-002   4.2456536453920057E-002  -4.1185291579302333E-022
 Total Moment Coefficient(CMx, CMy, CMz)=
   4.4743851835378802E-003   1.0614134113480014E-002  -5.0894407380746203E-003
 Kstep, t=         257   257.00000000000000     
 ----------The Max Residuals are--------  ---Mesh---           1
    0.2292753840E-03    0.1989561494E-03    0.2096490219E-03    0.1626329431E-18    0.2585588153E-03
   The R.M.S Residuals are 
    0.1870988302E-04    0.1921217942E-04    0.1224197532E-04    0.7844666290E-20    0.2179263268E-04
 --------------Force and Moment -----------------------------
 Total Force Coefficient (CL, CD, CS) =
  -1.7813724469770018E-002   4.2296452903130402E-002  -1.0708293515051323E-021
 Total Moment Coefficient(CMx, CMy, CMz)=
   4.4534311174425053E-003   1.0574113225782601E-002  -5.0628714340824324E-003
 Kstep, t=         258   258.00000000000000     
 ----------The Max Residuals are--------  ---Mesh---           1
    0.2234671687E-03    0.1922017091E-03    0.2051779504E-03    0.1355338503E-18    0.2509000017E-03
   The R.M.S Residuals are 
    0.1815881250E-04    0.1879042812E-04    0.1195989165E-04    0.8321958867E-20    0.2124004112E-04
 --------------Force and Moment -----------------------------
 Total Force Coefficient (CL, CD, CS) =
  -1.7730328090731710E-002   4.2137411566470995E-002  -1.4310845155740293E-021
 Total Moment Coefficient(CMx, CMy, CMz)=
   4.4325820226829276E-003   1.0534352891617749E-002  -5.0364959368092233E-003
 Kstep, t=         259   259.00000000000000     
 ----------The Max Residuals are--------  ---Mesh---           1
    0.2174557871E-03    0.1852447052E-03    0.2004174247E-03    0.1355334917E-18    0.2428877056E-03
   The R.M.S Residuals are 
    0.1762464703E-04    0.1838939021E-04    0.1167486607E-04    0.7890538051E-20    0.2071058109E-04
 --------------Force and Moment -----------------------------
 Total Force Coefficient (CL, CD, CS) =
  -1.7647350247227279E-002   4.1979402711122021E-002  -1.2186785228003834E-021
 Total Moment Coefficient(CMx, CMy, CMz)=
   4.4118375618068242E-003   1.0494850677780505E-002  -5.0103144089467854E-003
 Kstep, t=         260   260.00000000000000     
 ----------The Max Residuals are--------  ---Mesh---           1
    0.2112813987E-03    0.1781183024E-03    0.1953934449E-03    0.1897394062E-18    0.2345546251E-03
   The R.M.S Residuals are 
    0.1710781183E-04    0.1800861838E-04    0.1138784415E-04    0.8168007930E-20    0.2020407479E-04
 --------------Force and Moment -----------------------------
 Total Force Coefficient (CL, CD, CS) =
  -1.7564789460924792E-002   4.1822416710763297E-002  -6.5208786954230179E-022
 Total Moment Coefficient(CMx, CMy, CMz)=
   4.3911973652311972E-003   1.0455604177690824E-002  -4.9843269346799661E-003
 Kstep, t=         261   261.00000000000000     
 ----------The Max Residuals are--------  ---Mesh---           1
    0.2049332625E-03    0.1708098894E-03    0.1901062055E-03    0.2168449323E-18    0.2258903501E-03
   The R.M.S Residuals are 
    0.1660862185E-04    0.1764753712E-04    0.1109978417E-04    0.8000157230E-20    0.1972021888E-04
 --------------Force and Moment -----------------------------
 Total Force Coefficient (CL, CD, CS) =
  -1.7482644115672442E-002   4.1666444041719333E-002  -8.8163061262814841E-022
 Total Moment Coefficient(CMx, CMy, CMz)=
   4.3706610289181123E-003   1.0416611010429833E-002  -4.9585335101289775E-003
 Kstep, t=         262   262.00000000000000     
 ----------The Max Residuals are--------  ---Mesh---           1
    0.1983618613E-03    0.1632732125E-03    0.1845329498E-03    0.1626371501E-18    0.2168523691E-03
   The R.M.S Residuals are 
    0.1612730865E-04    0.1730546644E-04    0.1081163573E-04    0.8612953969E-20    0.1925860434E-04
 --------------Force and Moment -----------------------------
 Total Force Coefficient (CL, CD, CS) =
  -1.7400912447697731E-002   4.1511475279589011E-002  -6.0279972508972599E-022
 Total Moment Coefficient(CMx, CMy, CMz)=
   4.3502281119244327E-003   1.0377868819897253E-002  -4.9329340331608681E-003
 Kstep, t=         263   263.00000000000000     
 ----------The Max Residuals are--------  ---Mesh---           1
    0.1914860517E-03    0.1591638096E-03    0.1786246526E-03    0.1626392698E-18    0.2073672915E-03
   The R.M.S Residuals are 
    0.1566400858E-04    0.1698161647E-04    0.1052431384E-04    0.8379855917E-20    0.1881869509E-04
 --------------Force and Moment -----------------------------
 Total Force Coefficient (CL, CD, CS) =
  -1.7319592535376786E-002   4.1357501095255739E-002  -1.3407705015910863E-021
 Total Moment Coefficient(CMx, CMy, CMz)=
   4.3298981338442052E-003   1.0339375273813935E-002  -4.9075282926040239E-003
 Kstep, t=         264   264.00000000000000     
 ----------The Max Residuals are--------  ---Mesh---           1
    0.1841924209E-03    0.1615797154E-03    0.1722988626E-03    0.1626339965E-18    0.1973237083E-03
   The R.M.S Residuals are 
    0.1521872933E-04    0.1667506917E-04    0.1023866685E-04    0.8107480289E-20    0.1839978646E-04
 --------------Force and Moment -----------------------------
 Total Force Coefficient (CL, CD, CS) =
  -1.7238682288491555E-002   4.1204512251110402E-002  -1.4101565127422570E-021
 Total Moment Coefficient(CMx, CMy, CMz)=
   4.3096705721228862E-003   1.0301128062777600E-002  -4.8823159568161393E-003
 Kstep, t=         265   265.00000000000000     
 ----------The Max Residuals are--------  ---Mesh---           1
    0.1763328150E-03    0.1629633176E-03    0.1654354204E-03    0.1897470706E-18    0.1920530962E-03
   The R.M.S Residuals are 
    0.1479130791E-04    0.1638475776E-04    0.9955442890E-05    0.8124198411E-20    0.1800096123E-04
 --------------Force and Moment -----------------------------
 Total Force Coefficient (CL, CD, CS) =
  -1.7158179436681513E-002   4.1052499597687274E-002  -2.4027501885859914E-021
 Total Moment Coefficient(CMx, CMy, CMz)=
   4.2895448591703800E-003   1.0263124899421818E-002  -4.8572965614132671E-003
 Kstep, t=         266   266.00000000000000     
 ----------The Max Residuals are--------  ---Mesh---           1
    0.1677443798E-03    0.1634347243E-03    0.1578954669E-03    0.1355344739E-18    0.1924544377E-03
   The R.M.S Residuals are 
    0.1438139956E-04    0.1610947614E-04    0.9675282654E-05    0.8046337588E-20    0.1762109292E-04
 --------------Force and Moment -----------------------------
 Total Force Coefficient (CL, CD, CS) =
  -1.7078081517322978E-002   4.0901454069662779E-002  -1.6622406853107733E-021
 Total Moment Coefficient(CMx, CMy, CMz)=
   4.2695203793307462E-003   1.0225363517415695E-002  -4.8324694963143800E-003
 Kstep, t=         267   267.00000000000000     
 ----------The Max Residuals are--------  ---Mesh---           1
    0.1583416958E-03    0.1631136116E-03    0.1496056967E-03    0.1355303639E-18    0.1918978048E-03
   The R.M.S Residuals are 
    0.1398858214E-04    0.1584798392E-04    0.9398784683E-05    0.7633500491E-20    0.1725898886E-04
 --------------Force and Moment -----------------------------
 Total Force Coefficient (CL, CD, CS) =
  -1.6998385862432783E-002   4.0751366681676282E-002  -3.1218822980536379E-021
 Total Moment Coefficient(CMx, CMy, CMz)=
   4.2495964656082009E-003   1.0187841670419071E-002  -4.8078339918452354E-003
 Kstep, t=         268   268.00000000000000     
 ----------The Max Residuals are--------  ---Mesh---           1
    0.1531213339E-03    0.1621236826E-03    0.1407340240E-03    0.1490857991E-18    0.1905347144E-03
   The R.M.S Residuals are 
    0.1361263179E-04    0.1559924026E-04    0.9126676852E-05    0.7884430166E-20    0.1691372183E-04
 --------------Force and Moment -----------------------------
 Total Force Coefficient (CL, CD, CS) =
  -1.6919089584716197E-002   4.0602228524267252E-002  -3.1318222245499814E-021
 Total Moment Coefficient(CMx, CMy, CMz)=
   4.2297723961790554E-003   1.0150557131066813E-002  -4.7833891039731954E-003
 Kstep, t=         269   269.00000000000000     
 ----------The Max Residuals are--------  ---Mesh---           1
    0.1482684390E-03    0.1605976348E-03    0.1318212861E-03    0.1897377357E-18    0.1885268604E-03
   The R.M.S Residuals are 
    0.1325377399E-04    0.1536259293E-04    0.8859997038E-05    0.8166832669E-20    0.1658490563E-04
 --------------Force and Moment -----------------------------
 Total Force Coefficient (CL, CD, CS) =
  -1.6840189563107948E-002   4.0454030758859026E-002  -2.9927306303297913E-021
 Total Moment Coefficient(CMx, CMy, CMz)=
   4.2100473907769869E-003   1.0113507689714757E-002  -4.7591336989040011E-003
 Kstep, t=         270   270.00000000000000     
 ----------The Max Residuals are--------  ---Mesh---           1
    0.1436906868E-03    0.1586748632E-03    0.1235477318E-03    0.1355366344E-18    0.1860428294E-03
   The R.M.S Residuals are 
    0.1291245267E-04    0.1513757362E-04    0.8600060945E-05    0.8168494439E-20    0.1627240403E-04
 --------------Force and Moment -----------------------------
 Total Force Coefficient (CL, CD, CS) =
  -1.6761682427896472E-002   4.0306764614761473E-002  -3.1424551537718539E-021
 Total Moment Coefficient(CMx, CMy, CMz)=
   4.1904206069741188E-003   1.0076691153690368E-002  -4.7350664370876131E-003
 Kstep, t=         271   271.00000000000000     
 ----------The Max Residuals are--------  ---Mesh---           1
    0.1413225309E-03    0.1564814902E-03    0.1162151187E-03    0.1084254711E-18    0.1832350234E-03
   The R.M.S Residuals are 
    0.1258874127E-04    0.1492345618E-04    0.8348205539E-05    0.7614338432E-20    0.1597568318E-04
 --------------Force and Moment -----------------------------
 Total Force Coefficient (CL, CD, CS) =
  -1.6683564545036916E-002   4.0160421384941782E-002  -3.1109490281230909E-021
 Total Moment Coefficient(CMx, CMy, CMz)=
   4.1708911362592308E-003   1.0040105346235445E-002  -4.7111857564208857E-003
 Kstep, t=         272   272.00000000000000     
 ----------The Max Residuals are--------  ---Mesh---           1
    0.1387740489E-03    0.1541048759E-03    0.1096226966E-03    0.1626379450E-18    0.1802106147E-03
   The R.M.S Residuals are 
    0.1228214003E-04    0.1471916511E-04    0.8105546110E-05    0.8488541766E-20    0.1569365208E-04
 --------------Force and Moment -----------------------------
 Total Force Coefficient (CL, CD, CS) =
  -1.6605831999649153E-002   4.0014992421043984E-002  -2.6770812110297451E-021
 Total Moment Coefficient(CMx, CMy, CMz)=
   4.1514579999122961E-003   1.0003748105260996E-002  -4.6874898546551162E-003
 Kstep, t=         273   273.00000000000000     
 ----------The Max Residuals are--------  ---Mesh---           1
    0.1360965658E-03    0.1515899996E-03    0.1034230333E-03    0.1355365419E-18    0.1770273428E-03
   The R.M.S Residuals are 
    0.1199177803E-04    0.1452347660E-04    0.7872893815E-05    0.8102007390E-20    0.1542492508E-04
 --------------Force and Moment -----------------------------
 Total Force Coefficient (CL, CD, CS) =
  -1.6528480578841473E-002   3.9870469130219487E-002  -1.8381899662758262E-021
 Total Moment Coefficient(CMx, CMy, CMz)=
   4.1321201447103674E-003   9.9676172825548717E-003  -4.6639766710913095E-003
 Kstep, t=         274   274.00000000000000     
 ----------The Max Residuals are--------  ---Mesh---           1
    0.1333119270E-03    0.1489550259E-03    0.9738652211E-04    0.1490800024E-18    0.1737111092E-03
   The R.M.S Residuals are 
    0.1171663019E-04    0.1433518510E-04    0.7650783661E-05    0.8317984553E-20    0.1516805026E-04
 --------------Force and Moment -----------------------------
 Total Force Coefficient (CL, CD, CS) =
  -1.6451505753715241E-002   3.9726842969253551E-002  -1.6263969173167544E-021
 Total Moment Coefficient(CMx, CMy, CMz)=
   4.1128764384288094E-003   9.9317107423133877E-003  -4.6406438675295082E-003
 Kstep, t=         275   275.00000000000000     
 ----------The Max Residuals are--------  ---Mesh---           1
    0.1304282971E-03    0.1462065666E-03    0.9141230601E-04    0.1084290836E-18    0.1702733878E-03
   The R.M.S Residuals are 
    0.1145566113E-04    0.1415319625E-04    0.7439517114E-05    0.7357408165E-20    0.1492164549E-04
 --------------Force and Moment -----------------------------
 Total Force Coefficient (CL, CD, CS) =
  -1.6374902660876284E-002   3.9584105441839067E-002  -1.4027700225428075E-021
 Total Moment Coefficient(CMx, CMy, CMz)=
   4.0937256652190694E-003   9.8960263604597667E-003  -4.6174888086746423E-003
 Kstep, t=         276   276.00000000000000     
 ----------The Max Residuals are--------  ---Mesh---           1
    0.1274508174E-03    0.1435055214E-03    0.8548479330E-04    0.2439509140E-18    0.1667227895E-03
   The R.M.S Residuals are 
    0.1120787667E-04    0.1397654856E-04    0.7239212957E-05    0.8226896624E-20    0.1468445084E-04
 --------------Force and Moment -----------------------------
 Total Force Coefficient (CL, CD, CS) =
  -1.6298666083536213E-002   3.9442248097232249E-002  -1.4383014101532267E-021
 Total Moment Coefficient(CMx, CMy, CMz)=
   4.0746665208840540E-003   9.8605620243080623E-003  -4.5945085420515995E-003
 Kstep, t=         277   277.00000000000000     
 ----------The Max Residuals are--------  ---Mesh---           1
    0.1243889012E-03    0.1459951332E-03    0.7976189231E-04    0.1355268613E-18    0.1697959143E-03
   The R.M.S Residuals are 
    0.1097217489E-04    0.1380428494E-04    0.7049958684E-05    0.7723585769E-20    0.1445518565E-04
 --------------Force and Moment -----------------------------
 Total Force Coefficient (CL, CD, CS) =
  -1.6222790431973624E-002   3.9301262522239512E-002  -2.1541718624832298E-021
 Total Moment Coefficient(CMx, CMy, CMz)=
   4.0556976079934122E-003   9.8253156305598780E-003  -4.5716997773617733E-003
 Kstep, t=         278   278.00000000000000     
 ----------The Max Residuals are--------  ---Mesh---           1
    0.1212625382E-03    0.1478304179E-03    0.7438279099E-04    0.1626396834E-18    0.1721445084E-03
   The R.M.S Residuals are 
    0.1074756217E-04    0.1363562754E-04    0.6871708349E-05    0.8373705280E-20    0.1423277636E-04
 --------------Force and Moment -----------------------------
 Total Force Coefficient (CL, CD, CS) =
  -1.6147269723934328E-002   3.9161140334248057E-002  -1.9692544295223288E-021
 Total Moment Coefficient(CMx, CMy, CMz)=
   4.0368174309835811E-003   9.7902850835620142E-003  -4.5490588656823304E-003
 Kstep, t=         279   279.00000000000000     
 ----------The Max Residuals are--------  ---Mesh---           1
    0.1223394033E-03    0.1491013454E-03    0.6882018913E-04    0.1355327808E-18    0.1737934543E-03
   The R.M.S Residuals are 
    0.1053409121E-04    0.1347066581E-04    0.6703778557E-05    0.7931516628E-20    0.1401723201E-04
 --------------Force and Moment -----------------------------
 Total Force Coefficient (CL, CD, CS) =
  -1.6072097565284313E-002   3.9021873176849353E-002  -1.8875328727499119E-021
 Total Moment Coefficient(CMx, CMy, CMz)=
   4.0180243913210817E-003   9.7554682942123383E-003  -4.5265817787395243E-003
 Kstep, t=         280   280.00000000000000     
 ----------The Max Residuals are--------  ---Mesh---           1
    0.1238773540E-03    0.1499247907E-03    0.6500221299E-04    0.1355290585E-18    0.1748769539E-03
   The R.M.S Residuals are 
    0.1033048462E-04    0.1330844398E-04    0.6546239447E-05    0.7701307429E-20    0.1380723291E-04
 --------------Force and Moment -----------------------------
 Total Force Coefficient (CL, CD, CS) =
  -1.5997267130485018E-002   3.8883452715303336E-002  -1.7855063188033030E-021
 Total Moment Coefficient(CMx, CMy, CMz)=
   3.9993167826212596E-003   9.7208631788258341E-003  -4.5042640880274300E-003
 Kstep, t=         281   281.00000000000000     
 ----------The Max Residuals are--------  ---Mesh---           1
    0.1249804277E-03    0.1503364308E-03    0.6147301846E-04    0.1355345693E-18    0.1754403196E-03
   The R.M.S Residuals are 
    0.1013626316E-04    0.1314874350E-04    0.6398697026E-05    0.7555901149E-20    0.1360237374E-04
 --------------Force and Moment -----------------------------
 Total Force Coefficient (CL, CD, CS) =
  -1.5922771142417032E-002   3.8745870631216199E-002  -1.4203622263868404E-021
 Total Moment Coefficient(CMx, CMy, CMz)=
   3.9806927856042579E-003   9.6864676578040498E-003  -4.4821009434787050E-003
 Kstep, t=         282   282.00000000000000     
 ----------The Max Residuals are--------  ---Mesh---           1
    0.1256678541E-03    0.1503512084E-03    0.5815872109E-04    0.1897375976E-18    0.1755065480E-03
   The R.M.S Residuals are 
    0.9950763062E-05    0.1299122036E-04    0.6260872791E-05    0.8535601610E-20    0.1340208308E-04
 --------------Force and Moment -----------------------------
 Total Force Coefficient (CL, CD, CS) =
  -1.5848601852574244E-002   3.8609118618537420E-002  -2.8871953462010919E-022
 Total Moment Coefficient(CMx, CMy, CMz)=
   3.9621504631435593E-003   9.6522796546343551E-003  -4.4600870523920106E-003
 Kstep, t=         283   283.00000000000000     
 ----------The Max Residuals are--------  ---Mesh---           1
    0.1259693742E-03    0.1499981806E-03    0.5500666371E-04    0.1897363431E-18    0.1751147521E-03
   The R.M.S Residuals are 
    0.9773422954E-05    0.1283562905E-04    0.6132381012E-05    0.7582442322E-20    0.1320591298E-04
 --------------Force and Moment -----------------------------
 Total Force Coefficient (CL, CD, CS) =
  -1.5774751021545141E-002   3.8473188377906621E-002  -4.5882300941857423E-022
 Total Moment Coefficient(CMx, CMy, CMz)=
   3.9436877553862852E-003   9.6182970944766553E-003  -4.4382166586456042E-003
 Kstep, t=         284   284.00000000000000     
 ----------The Max Residuals are--------  ---Mesh---           1
    0.1259108457E-03    0.1493024209E-03    0.5211434472E-04    0.1897363961E-18    0.1742999571E-03
   The R.M.S Residuals are 
    0.9603722613E-05    0.1268178967E-04    0.6012765042E-05    0.8422116069E-20    0.1301349420E-04
 --------------Force and Moment -----------------------------
 Total Force Coefficient (CL, CD, CS) =
  -1.5701209900100533E-002   3.8338071612267668E-002  -1.1035126072724041E-022
 Total Moment Coefficient(CMx, CMy, CMz)=
   3.9253024750251341E-003   9.5845179030669171E-003  -4.4164835224302203E-003
 Kstep, t=         285   285.00000000000000     
 ----------The Max Residuals are--------  ---Mesh---           1
    0.1255131834E-03    0.1482840729E-03    0.4931598115E-04    0.1626407044E-18    0.1730915471E-03
   The R.M.S Residuals are 
    0.9441108986E-05    0.1252952361E-04    0.5901601132E-05    0.8105471184E-20    0.1282445374E-04
 --------------Force and Moment -----------------------------
 Total Force Coefficient (CL, CD, CS) =
  -1.5627969211435444E-002   3.8203760022840580E-002  -7.2793544672903531E-022
 Total Moment Coefficient(CMx, CMy, CMz)=
   3.9069923028588627E-003   9.5509400057101450E-003  -4.3948809009060671E-003
 Kstep, t=         286   286.00000000000000     
 ----------The Max Residuals are--------  ---Mesh---           1
    0.1247974147E-03    0.1469648956E-03    0.4880983106E-04    0.1897355741E-18    0.1715200109E-03
   The R.M.S Residuals are 
    0.9285265477E-05    0.1237884966E-04    0.5798349040E-05    0.8559313406E-20    0.1263866774E-04
 --------------Force and Moment -----------------------------
 Total Force Coefficient (CL, CD, CS) =
  -1.5555019134009316E-002   3.8070245307143112E-002  -1.0628334986729627E-021
 Total Moment Coefficient(CMx, CMy, CMz)=
   3.8887547835023298E-003   9.5175613267857780E-003  -4.3734015294435409E-003
 Kstep, t=         287   287.00000000000000     
 ----------The Max Residuals are--------  ---Mesh---           1
    0.1237877458E-03    0.1453704883E-03    0.4894076023E-04    0.1897431350E-18    0.1696193454E-03
   The R.M.S Residuals are 
    0.9135578482E-05    0.1222957956E-04    0.5702611671E-05    0.7646540696E-20    0.1245575089E-04
 --------------Force and Moment -----------------------------
 Total Force Coefficient (CL, CD, CS) =
  -1.5482349285349140E-002   3.7937519153839014E-002  -1.0429942996361179E-021
 Total Moment Coefficient(CMx, CMy, CMz)=
   3.8705873213372884E-003   9.4843797884597535E-003  -4.3520376038049492E-003
 Kstep, t=         288   288.00000000000000     
 ----------The Max Residuals are--------  ---Mesh---           1
    0.1225085076E-03    0.1435261828E-03    0.4891157843E-04    0.1897375968E-18    0.1674225066E-03
   The R.M.S Residuals are 
    0.8991748797E-05    0.1208176751E-04    0.5613850472E-05    0.8371665734E-20    0.1227563054E-04
 --------------Force and Moment -----------------------------
 Total Force Coefficient (CL, CD, CS) =
  -1.5409948706597933E-002   3.7805573236794968E-002  -6.7548624221860948E-022
 Total Moment Coefficient(CMx, CMy, CMz)=
   3.8524871766494853E-003   9.4513933091987419E-003  -4.3307807631653393E-003
 Kstep, t=         289   289.00000000000000     
 ----------The Max Residuals are--------  ---Mesh---           1
    0.1209834193E-03    0.1414561093E-03    0.4873704106E-04    0.1626373068E-18    0.1649603606E-03
   The R.M.S Residuals are 
    0.8853448825E-05    0.1193544648E-04    0.5531565074E-05    0.7867052031E-20    0.1209821350E-04
 --------------Force and Moment -----------------------------
 Total Force Coefficient (CL, CD, CS) =
  -1.5337805848711278E-002   3.7674399213260192E-002  -1.1125101386781439E-021
 Total Moment Coefficient(CMx, CMy, CMz)=
   3.8344514621778212E-003   9.4185998033150479E-003  -4.3096220745599484E-003
 Kstep, t=         290   290.00000000000000     
 ----------The Max Residuals are--------  ---Mesh---           1
    0.1192352651E-03    0.1391828962E-03    0.4843049346E-04    0.1084266376E-18    0.1622614012E-03
   The R.M.S Residuals are 
    0.8720267493E-05    0.1179059003E-04    0.5455327714E-05    0.7306210950E-20    0.1192333748E-04
 --------------Force and Moment -----------------------------
 Total Force Coefficient (CL, CD, CS) =
  -1.5265908560270363E-002   3.7543988719596015E-002  -1.0543781717507019E-021
 Total Moment Coefficient(CMx, CMy, CMz)=
   3.8164771400675890E-003   9.3859971798990038E-003  -4.2885520188232192E-003
 Kstep, t=         291   291.00000000000000     
 ----------The Max Residuals are--------  ---Mesh---           1
    0.1172854338E-03    0.1367272762E-03    0.4800469005E-04    0.1897404079E-18    0.1593514097E-03
   The R.M.S Residuals are 
    0.8592012136E-05    0.1164732476E-04    0.5384642827E-05    0.8416061959E-20    0.1175104384E-04
 --------------Force and Moment -----------------------------
 Total Force Coefficient (CL, CD, CS) =
  -1.5194244077683740E-002   3.7414333370441137E-002  -2.0626998219011188E-021
 Total Moment Coefficient(CMx, CMy, CMz)=
   3.7985610194209351E-003   9.3535833426102843E-003  -4.2675604786042379E-003
 Kstep, t=         292   292.00000000000000     
 ----------The Max Residuals are--------  ---Mesh---           1
    0.1151539474E-03    0.1341082861E-03    0.4747228737E-04    0.2168425865E-18    0.1562537715E-03
   The R.M.S Residuals are 
    0.8468452611E-05    0.1150574443E-04    0.5319065139E-05    0.7981476393E-20    0.1158134004E-04
 --------------Force and Moment -----------------------------
 Total Force Coefficient (CL, CD, CS) =
  -1.5122799016863366E-002   3.7285424761223804E-002  -2.3060614544403090E-021
 Total Moment Coefficient(CMx, CMy, CMz)=
   3.7806997542158454E-003   9.3213561903059509E-003  -4.2466367277854862E-003
 Kstep, t=         293   293.00000000000000     
 ----------The Max Residuals are--------  ---Mesh---           1
    0.1128596714E-03    0.1313437114E-03    0.4684604116E-04    0.1897321425E-18    0.1529900485E-03
   The R.M.S Residuals are 
    0.8349319059E-05    0.1136591064E-04    0.5258203089E-05    0.7876087181E-20    0.1141420099E-04
 --------------Force and Moment -----------------------------
 Total Force Coefficient (CL, CD, CS) =
  -1.5051559366698664E-002   3.7157254458635193E-002  -1.9994299170301482E-021
 Total Moment Coefficient(CMx, CMy, CMz)=
   3.7628898416746633E-003   9.2893136146587982E-003  -4.2257694227100023E-003
 Kstep, t=         294   294.00000000000000     
 ----------The Max Residuals are--------  ---Mesh---           1
    0.1104205443E-03    0.1284505059E-03    0.4613872209E-04    0.2439589527E-18    0.1495805139E-03
   The R.M.S Residuals are 
    0.8234478113E-05    0.1122797277E-04    0.5201639135E-05    0.8129935246E-20    0.1124972444E-04
 --------------Force and Moment -----------------------------
 Total Force Coefficient (CL, CD, CS) =
  -1.4980510486440581E-002   3.7029813994472208E-002  -1.5567204115596047E-021
 Total Moment Coefficient(CMx, CMy, CMz)=
   3.7451276216101444E-003   9.2574534986180519E-003  -4.2049465968003090E-003
 Kstep, t=         295   295.00000000000000     
 ----------The Max Residuals are--------  ---Mesh---           1
    0.1078537290E-03    0.1254450228E-03    0.4536294029E-04    0.1897309406E-18    0.1460444792E-03
   The R.M.S Residuals are 
    0.8123832251E-05    0.1109209348E-04    0.5148968866E-05    0.8417912906E-20    0.1108803719E-04
 --------------Force and Moment -----------------------------
 Total Force Coefficient (CL, CD, CS) =
  -1.4909637104995866E-002   3.6903094863778921E-002  -1.3689953146208116E-021
 Total Moment Coefficient(CMx, CMy, CMz)=
   3.7274092762489674E-003   9.2257737159447302E-003  -4.1841556569426081E-003
 Kstep, t=         296   296.00000000000000     
 ----------The Max Residuals are--------  ---Mesh---           1
    0.1051756661E-03    0.1223430787E-03    0.4453101803E-04    0.1897229272E-18    0.1424004317E-03
   The R.M.S Residuals are 
    0.8017227293E-05    0.1095838411E-04    0.5099841030E-05    0.7263771410E-20    0.1092921041E-04
 --------------Force and Moment -----------------------------
 Total Force Coefficient (CL, CD, CS) =
  -1.4838923323647141E-002   3.6777088527321561E-002  -1.2999943694210210E-021
 Total Moment Coefficient(CMx, CMy, CMz)=
   3.7097308309117847E-003   9.1942721318303902E-003  -4.1633833827956308E-003
 Kstep, t=         297   297.00000000000000     
 ----------The Max Residuals are--------  ---Mesh---           1
    0.1024021042E-03    0.1191599789E-03    0.4365487171E-04    0.2439598675E-18    0.1386661179E-03
   The R.M.S Residuals are 
    0.7914533851E-05    0.1082695698E-04    0.5053922671E-05    0.9009782233E-20    0.1077332819E-04
 --------------Force and Moment -----------------------------
 Total Force Coefficient (CL, CD, CS) =
  -1.4768352620767030E-002   3.6651786409342586E-002  -9.4546846620060751E-022
 Total Moment Coefficient(CMx, CMy, CMz)=
   3.6920881551917588E-003   9.1629466023356466E-003  -4.1426159282023263E-003
 Kstep, t=         298   298.00000000000000     
 ----------The Max Residuals are--------  ---Mesh---           1
    0.9954813000E-04    0.1159105464E-03    0.4274586881E-04    0.2439466569E-18    0.1348586183E-03
   The R.M.S Residuals are 
    0.7815685200E-05    0.1069794692E-04    0.5010881236E-05    0.8254699530E-20    0.1062051502E-04
 --------------Force and Moment -----------------------------
 Total Force Coefficient (CL, CD, CS) =
  -1.4697907858843839E-002   3.6527179896103816E-002  -1.6127044630535124E-021
 Total Moment Coefficient(CMx, CMy, CMz)=
   3.6744769647109603E-003   9.1317949740259540E-003  -4.1218388248229617E-003
 Kstep, t=         299   299.00000000000000     
 ----------The Max Residuals are--------  ---Mesh---           1
    0.9662819103E-04    0.1126091430E-03    0.4181469176E-04    0.1897348955E-18    0.1309944042E-03
   The R.M.S Residuals are 
    0.7720610403E-05    0.1057146676E-04    0.4970409697E-05    0.8574365713E-20    0.1047087583E-04
 --------------Force and Moment -----------------------------
 Total Force Coefficient (CL, CD, CS) =
  -1.4627571293501514E-002   3.6403260338807260E-002  -1.5394265526347786E-021
 Total Moment Coefficient(CMx, CMy, CMz)=
   3.6568928233753771E-003   9.1008150847018150E-003  -4.1010369876670087E-003
 Kstep, t=         300   300.00000000000000     
 ----------The Max Residuals are--------  ---Mesh---           1
    0.9365611781E-04    0.1092696929E-03    0.4087123331E-04    0.1897402916E-18    0.1270893900E-03
   The R.M.S Residuals are 
    0.7629202894E-05    0.1044759016E-04    0.4932237881E-05    0.7925959768E-20    0.1032447189E-04
  flow chunk done, Kstep=         300  tt=   300.00000000000000     
   GS iter           1  res=   4.3277566777533139E-003  Ts(1,1,1)=   799.99067312537841       Ts(nx-1,ny-1,1)=   359.72717358086271     
   GS iter           2  res=   5.7268857369763282E-004  Ts(1,1,1)=   799.99047172118446       Ts(nx-1,ny-1,1)=   359.72721305537829     
   GS iter           3  res=   4.5342091141264973E-004  Ts(1,1,1)=   799.99033459635098       Ts(nx-1,ny-1,1)=   359.72712419739969     
   GS iter           4  res=   3.7943095094306045E-004  Ts(1,1,1)=   799.99024252390041       Ts(nx-1,ny-1,1)=   359.72709503903849     
   GS iter           5  res=   3.2323358527719392E-004  Ts(1,1,1)=   799.99018014374474       Ts(nx-1,ny-1,1)=   359.72705236354432     
 Solid solver Block           2  GS iterations:         100  final res:   6.0026650317013264E-011
   DBG: Ts(1,1,1)=   799.99000147155584       Ts(nx/2,ny/2,1)=   798.12003740023590       Ts(nx-1,ny-1,1)=   359.72685201112660     
  solid chunk done, outer iter           2  max|dT_w|=   4.9995681725931718E-003  K  T_w range [   799.99000166355358      ,   799.99000177475807      ]  max|q_w|=   29.043758331762564     
  Staggered CHT coupling converged at outer iter           2  (max|dT_w| <   1.0000000000000000E-002 )
 write flow3d.dat ......
 write flow3d.dat OK
 Output Ts to Ts_block_2.dat
 write VTK files ......
 write VTK files OK
Note: The following floating-point exceptions are signalling: IEEE_DENORMAL
