 ----------------- OpenCFD-EC3D ver 1.14a (MPI-OpenMP version)------------------
         Copyright by Li Xinliang, lixl@imech.ac.cn                            
         Programming by Li Xinliang  2016-1                                   
 ----------------------------------------------------------------------------- 
 Check if Multi-Grid can be used ...
 Total Block number is            4 Total Cell number is         8760
 Check multigrid OK
 can not find partation.dat,  create partation ...
 Partation ......
 Total Cell number=        8760
 Total Grid number=       18406
 Max grid number is        18406  ... rato to mean grid is   1.0000000000000000     
 Min grid number is        18406  ... rato to mean grid is   1.0000000000000000     
 rato max to min is    1.0000000000000000     
 Read material.in OK, Total_block=           4
   Block           1 : Block_type=           2  rho=   1.0000000000000000       Cp=   1005.0000000000000       k=   2.5999999999999999E-002
   Block           2 : Block_type=           0  rho=   0.0000000000000000       Cp=   0.0000000000000000       k=   0.0000000000000000     
   Block           3 : Block_type=           0  rho=   0.0000000000000000       Cp=   0.0000000000000000       k=   0.0000000000000000     
   Block           4 : Block_type=           0  rho=   0.0000000000000000       Cp=   0.0000000000000000       k=   0.0000000000000000     
 porous.inp not found: porous blocks use defaults (eps=0.9, dp=1e-3 m, hv=0)
 creat main mesh OK, Num_Cell=        8760
  read main mesh ...
 read Mesh3d.dat OK
 Convert bc3d.inp to bc3d.inc ...
 Convert bc3d.inp to bc3d.inc OK
 read bc3d.inc (Link/boundary file)......
 read bc3d.inc OK
 Convert bc3d_interface.inp to bc3d_interface.inc ...
 Convert bc3d_interface.inp to bc3d_interface.inc OK
 read bc3d_interface.inc (Interface link file)......
 read bc3d_interface.inc OK
 solid_bc.inp not found, no solid thermal BCs
  Need not read wall_dist.dat 
 No FDM.in, Donot use hybrid FVM/FDM
 my_id, block_no, FDM, FD_Flux, FD_Scheme=           0           1           0
 my_id, block_no, FDM, FD_Flux, FD_Scheme=           0           2           0
 my_id, block_no, FDM, FD_Flux, FD_Scheme=           0           3           0
 my_id, block_no, FDM, FD_Flux, FD_Scheme=           0           4           0
 comput Jocabian OK ...
 Check mesh quality ......
 Check mesh quality OK
 Initial by Free-stream flow ......
  Start ......
   DBG iter           1  maxU2=   0.0000000000000000       maxFi=   0.0000000000000000       maxFj=   0.0000000000000000       Fi(21,1,1)=   0.0000000000000000       Fi(21,21,1)=   0.0000000000000000       Fi(41,21,1)=   0.0000000000000000     
   DBG div max=   7.4974611391894202E-005  res_p=   0.0000000000000000     
   SIMPLE iter           1  res_p=   0.0000000000000000       u(1,1,1)=   0.0000000000000000       p(1,1,1)=   27314.000000000000     
   DBG iter           2  maxU2=   0.0000000000000000       maxFi=   0.0000000000000000       maxFj=   0.0000000000000000       Fi(21,1,1)=   0.0000000000000000       Fi(21,21,1)=   0.0000000000000000       Fi(41,21,1)=   0.0000000000000000     
   DBG div max=   7.4974611391894202E-005  res_p=   0.0000000000000000     
   SIMPLE iter           2  res_p=   0.0000000000000000       u(1,1,1)=   0.0000000000000000       p(1,1,1)=   27314.000000000000     
   DBG iter           3  maxU2=   0.0000000000000000       maxFi=   0.0000000000000000       maxFj=   0.0000000000000000       Fi(21,1,1)=   0.0000000000000000       Fi(21,21,1)=   0.0000000000000000       Fi(41,21,1)=   0.0000000000000000     
   DBG div max=   7.4974611391894202E-005  res_p=   0.0000000000000000     
   SIMPLE iter           3  res_p=   0.0000000000000000       u(1,1,1)=   0.0000000000000000       p(1,1,1)=   27314.000000000000     
   SIMPLE iter           4  res_p=   0.0000000000000000       u(1,1,1)=   0.0000000000000000       p(1,1,1)=   27314.000000000000     
   SIMPLE iter           5  res_p=   0.0000000000000000       u(1,1,1)=   0.0000000000000000       p(1,1,1)=   27314.000000000000     
 Low-speed solver Block           1  SIMPLE iterations:          11  res_p:   0.0000000000000000     
 --------------Force and Moment -----------------------------
 Total Force Coefficient (CL, CD, CS) =
   3.0008611217704664E-002  0.27310171919770776        0.0000000000000000     
 Total Moment Coefficient(CMx, CMy, CMz)=
  -7.5021528044261661E-003   6.8275429799426940E-002   1.3894355678700400E-002
 Kstep, t=           1   1.0000000000000000     
 ----------The Max Residuals are--------  ---Mesh---           1
    0.3469446952E-18    0.2238538747E-02    0.8923739483E-07    0.2032879073E-19    0.6510416893E-10
   The R.M.S Residuals are 
    0.4552127859E-19    0.1868002618E-03    0.1906886419E-08    0.5937276908E-21    0.7683100772E-11
 CPU wall time in this step:   2.1441900000000014E-002
 Averaged CPU wall time is:   2.1441900000000014E-002
   DBG iter           1  maxU2=   30.000000000000000       maxFi=   1.1994440723245260E-006  maxFj=   5.1745953243394997E-018  Fi(21,1,1)=   0.0000000000000000       Fi(21,21,1)=   0.0000000000000000       Fi(41,21,1)=   0.0000000000000000     
   DBG div max=   7.4974611391894202E-005  res_p=   1.1994440719063371E-006
   SIMPLE iter           1  res_p=   1.1994440719063371E-006  u(1,1,1)=  -3.9268587796080507E-007  p(1,1,1)=   27313.999999532625     
   DBG iter           2  maxU2=   30.000000000000000       maxFi=   1.8837246233535472E-006  maxFj=   1.5286194412287552E-006  Fi(21,1,1)=   0.0000000000000000       Fi(21,21,1)=   0.0000000000000000       Fi(41,21,1)=   0.0000000000000000     
   DBG div max=   7.4974611391894202E-005  res_p=   1.0856080588568145E-006
   SIMPLE iter           2  res_p=   1.0856080588568145E-006  u(1,1,1)=  -5.5599049427474628E-006  p(1,1,1)=   27313.999992516478     
   DBG iter           3  maxU2=   30.000000000000000       maxFi=   2.3163026813756901E-006  maxFj=   2.6483824589992524E-006  Fi(21,1,1)=   0.0000000000000000       Fi(21,21,1)=   0.0000000000000000       Fi(41,21,1)=   0.0000000000000000     
   DBG div max=   7.4974611391894202E-005  res_p=   8.9997018122131997E-007
   SIMPLE iter           3  res_p=   8.9997018122131997E-007  u(1,1,1)=  -6.2057816410073520E-006  p(1,1,1)=   27313.999987166833     
   SIMPLE iter           4  res_p=   7.5900664599529180E-007  u(1,1,1)=  -7.9652766719275447E-006  p(1,1,1)=   27313.999982692061     
   SIMPLE iter           5  res_p=   6.6117125909163896E-007  u(1,1,1)=  -1.0970893558398205E-005  p(1,1,1)=   27313.999978482763     
 Low-speed solver Block           1  SIMPLE iterations:          11  res_p:   4.4648625069728237E-007
 --------------Force and Moment -----------------------------
 Total Force Coefficient (CL, CD, CS) =
  -3.4885384200331632E-002  0.31872529214210527       -5.2247779946014809E-020
 Total Moment Coefficient(CMx, CMy, CMz)=
   8.7213460500829079E-003   7.9681323035526316E-002  -1.6152415737662167E-002
 Kstep, t=           2   2.0000000000000000     
 ----------The Max Residuals are--------  ---Mesh---           1
    0.1726765516E-03    0.2496663860E-02    0.2320385060E-03    0.1355239867E-19    0.8372373142E-03
   The R.M.S Residuals are 
    0.1608484534E-04    0.2152801144E-03    0.2400535311E-04    0.1316857603E-20    0.5539539396E-04
 CPU wall time in this step:   3.6532329000000030E-002
 Averaged CPU wall time is:   2.8987114500000022E-002
   DBG iter           1  maxU2=   30.000000000000000       maxFi=   3.5585360024357170E-006  maxFj=   7.7575263938176994E-005  Fi(21,1,1)=   0.0000000000000000       Fi(21,21,1)=   0.0000000000000000       Fi(41,21,1)=   0.0000000000000000     
   DBG div max=   7.4974611391894202E-005  res_p=   7.4016727972551805E-005
   SIMPLE iter           1  res_p=   7.4016727972551805E-005  u(1,1,1)=  -4.1195875670947321E-005  p(1,1,1)=   27313.999967325559     
   DBG iter           2  maxU2=   30.000000000000000       maxFi=   3.6144902136585798E-006  maxFj=   9.8653614342992621E-005  Fi(21,1,1)=   0.0000000000000000       Fi(21,21,1)=   0.0000000000000000       Fi(41,21,1)=   0.0000000000000000     
   DBG div max=   9.5039124212668196E-005  res_p=   9.5039124212668196E-005
   SIMPLE iter           2  res_p=   9.5039124212668196E-005  u(1,1,1)=  -5.4734706021207123E-005  p(1,1,1)=   27313.999998724419     
   DBG iter           3  maxU2=   30.000000000000000       maxFi=   3.6648564183420547E-006  maxFj=   1.0391815463574837E-004  Fi(21,1,1)=   0.0000000000000000       Fi(21,21,1)=   0.0000000000000000       Fi(41,21,1)=   0.0000000000000000     
   DBG div max=   1.0025329832216396E-004  res_p=   1.0025329832216396E-004
   SIMPLE iter           3  res_p=   1.0025329832216396E-004  u(1,1,1)=  -7.0847516498288225E-005  p(1,1,1)=   27313.999993173598     
   SIMPLE iter           4  res_p=   9.9886127893242856E-005  u(1,1,1)=  -6.3171619769230683E-005  p(1,1,1)=   27313.999993413148     
   SIMPLE iter           5  res_p=   9.7558786552739393E-005  u(1,1,1)=  -5.9996346556101110E-005  p(1,1,1)=   27313.999990588432     
 DEBUG T iter          50 min   300.57862528120688      max   879.54347381676098     
 Low-speed solver Block           1  SIMPLE iterations:          61  res_p:   1.7023731743469843E-005
 --------------Force and Moment -----------------------------
 Total Force Coefficient (CL, CD, CS) =
  -5.7739865777478000E-002  0.28203920630722723       -2.2111522146255004E-020
 Total Moment Coefficient(CMx, CMy, CMz)=
   1.4434966444369493E-002   7.0509801576806808E-002  -2.6734359438965877E-002
 Kstep, t=           3   3.0000000000000000     
 ----------The Max Residuals are--------  ---Mesh---           1
    0.3210840676E-03    0.2088097711E-02    0.3647869895E-03    0.8128703893E-20    0.5547849636E-03
   The R.M.S Residuals are 
    0.2952911661E-04    0.1822895974E-03    0.3115548784E-04    0.1534924181E-20    0.5676993422E-04
 CPU wall time in this step:  0.12405933199999997     
 Averaged CPU wall time is:   6.0677853666666670E-002
   DBG iter           1  maxU2=   30.000000000000000       maxFi=   3.6686198697560867E-005  maxFj=   3.9638266215582564E-004  Fi(21,1,1)=   0.0000000000000000       Fi(21,21,1)=   0.0000000000000000       Fi(41,21,1)=   0.0000000000000000     
   DBG div max=   3.9703845562724931E-004  res_p=   3.9703845562724931E-004
   SIMPLE iter           1  res_p=   3.9703845562724931E-004  u(1,1,1)=  -1.0454973932372525E-003  p(1,1,1)=   27313.999164306839     
   DBG iter           2  maxU2=   30.000000000000000       maxFi=   3.8341182402147156E-005  maxFj=   4.8453417322288705E-004  Fi(21,1,1)=   0.0000000000000000       Fi(21,21,1)=   0.0000000000000000       Fi(41,21,1)=   0.0000000000000000     
   DBG div max=   4.8606506480861132E-004  res_p=   4.8606506480861132E-004
   SIMPLE iter           2  res_p=   4.8606506480861132E-004  u(1,1,1)=  -1.0509414552603094E-003  p(1,1,1)=   27313.998941244685     
   DBG iter           3  maxU2=   30.000000000000000       maxFi=   4.0141461975912536E-005  maxFj=   5.0693510035388050E-004  Fi(21,1,1)=   0.0000000000000000       Fi(21,21,1)=   0.0000000000000000       Fi(41,21,1)=   0.0000000000000000     
   DBG div max=   5.1292473796029801E-004  res_p=   5.1292473796029801E-004
   SIMPLE iter           3  res_p=   5.1292473796029801E-004  u(1,1,1)=  -1.0445330425250950E-003  p(1,1,1)=   27313.998934157367     
   SIMPLE iter           4  res_p=   5.1242416500072872E-004  u(1,1,1)=  -1.1742993501278290E-003  p(1,1,1)=   27313.998871948883     
   SIMPLE iter           5  res_p=   5.0024295143053844E-004  u(1,1,1)=  -1.2690703845610665E-003  p(1,1,1)=   27313.998829379521     
 DEBUG T iter          50 min   317.44473081228057      max   996.50927583889711     
 Low-speed solver Block           1  SIMPLE iterations:          61  res_p:   8.4404422484933309E-005
 --------------Force and Moment -----------------------------
 Total Force Coefficient (CL, CD, CS) =
  -6.4791437752553832E-002  0.23519216063845541       -2.1483648102695793E-020
 Total Moment Coefficient(CMx, CMy, CMz)=
   1.6197859438138451E-002   5.8798040159613853E-002  -2.9999336587178710E-002
 Kstep, t=           4   4.0000000000000000     
 ----------The Max Residuals are--------  ---Mesh---           1
    0.4060969613E-03    0.1594537129E-02    0.3587240012E-03    0.8280762941E-20    0.5736824463E-03
   The R.M.S Residuals are 
    0.3819637996E-04    0.1459650307E-03    0.2956197464E-04    0.1613279394E-20    0.5615251554E-04
 CPU wall time in this step:  0.11552202899999997     
 Averaged CPU wall time is:   7.4388897499999995E-002
   DBG iter           1  maxU2=   30.000000000000000       maxFi=   4.1830477387815328E-004  maxFj=   2.2314965196969568E-003  Fi(21,1,1)=   0.0000000000000000       Fi(21,21,1)=   0.0000000000000000       Fi(41,21,1)=   0.0000000000000000     
   DBG div max=   2.2860629038033828E-004  res_p=   2.2860629038033828E-004
   SIMPLE iter           1  res_p=   2.2860629038033828E-004  u(1,1,1)=  -1.3303002273803839E-002  p(1,1,1)=   27313.990994913616     
   DBG iter           2  maxU2=   30.000000000000000       maxFi=   4.2462887319305017E-004  maxFj=   2.2381396810438039E-003  Fi(21,1,1)=   0.0000000000000000       Fi(21,21,1)=   0.0000000000000000       Fi(41,21,1)=   0.0000000000000000     
   DBG div max=   2.3003975505655580E-004  res_p=   2.3003975505655580E-004
   SIMPLE iter           2  res_p=   2.3003975505655580E-004  u(1,1,1)=  -1.4623398758260450E-002  p(1,1,1)=   27313.991162130565     
   DBG iter           3  maxU2=   30.000000000000000       maxFi=   4.4068798796493441E-004  maxFj=   2.3224183688654301E-003  Fi(21,1,1)=   0.0000000000000000       Fi(21,21,1)=   0.0000000000000000       Fi(41,21,1)=   0.0000000000000000     
   DBG div max=   2.1916178091737693E-004  res_p=   2.1916178091737693E-004
   SIMPLE iter           3  res_p=   2.1916178091737693E-004  u(1,1,1)=  -1.5284373485745092E-002  p(1,1,1)=   27313.990646990540     
   SIMPLE iter           4  res_p=   2.0911430446859410E-004  u(1,1,1)=  -1.5484286182183194E-002  p(1,1,1)=   27313.990414908421     
   SIMPLE iter           5  res_p=   1.9924409941668713E-004  u(1,1,1)=  -1.5908816441157877E-002  p(1,1,1)=   27313.990082138862     
 DEBUG T iter          50 min   308.90184368314067      max   1076.2450405594432     
 Low-speed solver Block           1  SIMPLE iterations:          61  res_p:   1.5815473390198582E-004
 --------------Force and Moment -----------------------------
 Total Force Coefficient (CL, CD, CS) =
  -6.4938100464064549E-002  0.19366060889927056       -4.2932616574075538E-020
 Total Moment Coefficient(CMx, CMy, CMz)=
   1.6234525116016134E-002   4.8415152224817640E-002  -3.0067249305060901E-002
 Kstep, t=           5   5.0000000000000000     
 ----------The Max Residuals are--------  ---Mesh---           1
    0.4408940476E-03    0.1162379332E-02    0.3374455691E-03    0.8597631276E-20    0.5262928008E-03
   The R.M.S Residuals are 
    0.4384680255E-04    0.1176428350E-03    0.2808792847E-04    0.1658652097E-20    0.5339133764E-04
 CPU wall time in this step:  0.10900050500000003     
 Averaged CPU wall time is:   8.1311219000000004E-002
   DBG iter           1  maxU2=   30.000000000000000       maxFi=   1.9406677308683731E-003  maxFj=   8.2031254811876005E-003  Fi(21,1,1)=   0.0000000000000000       Fi(21,21,1)=   0.0000000000000000       Fi(41,21,1)=   0.0000000000000000     
   DBG div max=   2.0247929463210234E-004  res_p=   2.0247929463210234E-004
   SIMPLE iter           1  res_p=   2.0247929463210234E-004  u(1,1,1)=  -4.5919465675148603E-002  p(1,1,1)=   27313.953691224451     
   DBG iter           2  maxU2=   30.000000000000000       maxFi=   1.8158026946855869E-003  maxFj=   7.0244216870133016E-003  Fi(21,1,1)=   0.0000000000000000       Fi(21,21,1)=   0.0000000000000000       Fi(41,21,1)=   0.0000000000000000     
   DBG div max=   2.8649594141407636E-004  res_p=   2.8649594141407636E-004
   SIMPLE iter           2  res_p=   2.8649594141407636E-004  u(1,1,1)=  -6.3222318909144315E-002  p(1,1,1)=   27313.961431705673     
   DBG iter           3  maxU2=   30.000000000000000       maxFi=   1.9602497974039591E-003  maxFj=   7.7592295518211949E-003  Fi(21,1,1)=   0.0000000000000000       Fi(21,21,1)=   0.0000000000000000       Fi(41,21,1)=   0.0000000000000000     
   DBG div max=   1.5663929155058584E-004  res_p=   1.5663929155058584E-004
   SIMPLE iter           3  res_p=   1.5663929155058584E-004  u(1,1,1)=  -6.5299521458823742E-002  p(1,1,1)=   27313.959589484082     
   SIMPLE iter           4  res_p=   1.6147377642715399E-004  u(1,1,1)=  -6.2630065777742966E-002  p(1,1,1)=   27313.959902516643     
   SIMPLE iter           5  res_p=   1.5776283895032077E-004  u(1,1,1)=  -6.1283110082426248E-002  p(1,1,1)=   27313.959396711147     
 DEBUG T iter          50 min   301.13401155438362      max   1136.3658575894783     
 Low-speed solver Block           1  SIMPLE iterations:          61  res_p:   2.9867084946958843E-004
 --------------Force and Moment -----------------------------
 Total Force Coefficient (CL, CD, CS) =
  -6.2689933116796576E-002  0.16024569569643446       -2.8064288695962686E-020
 Total Moment Coefficient(CMx, CMy, CMz)=
   1.5672483279199137E-002   4.0061423924108615E-002  -2.9026319503902019E-002
 Kstep, t=           6   6.0000000000000000     
 ----------The Max Residuals are--------  ---Mesh---           1
    0.4368957537E-03    0.8176431645E-03    0.2957965001E-03    0.9303268038E-20    0.4515746238E-03
   The R.M.S Residuals are 
    0.4690968036E-04    0.9867562258E-04    0.2711439519E-04    0.1770528388E-20    0.5166803816E-04
 CPU wall time in this step:  0.11232353000000006     
 Averaged CPU wall time is:   8.6479937500000006E-002
   DBG iter           1  maxU2=   30.000000000000000       maxFi=   4.3169727809823488E-003  maxFj=   1.8832124373104133E-002  Fi(21,1,1)=   0.0000000000000000       Fi(21,21,1)=   0.0000000000000000       Fi(41,21,1)=   0.0000000000000000     
   DBG div max=   1.3229246081363074E-003  res_p=   1.3229246081363074E-003
   SIMPLE iter           1  res_p=   1.3229246081363074E-003  u(1,1,1)=  -4.9960407647595559E-002  p(1,1,1)=   27313.874240530902     
   DBG iter           2  maxU2=   30.000000000000000       maxFi=   3.2553550742031867E-003  maxFj=   1.1729033952796704E-002  Fi(21,1,1)=   0.0000000000000000       Fi(21,21,1)=   0.0000000000000000       Fi(41,21,1)=   0.0000000000000000     
   DBG div max=   1.2037773412996253E-003  res_p=   1.2037773412996253E-003
   SIMPLE iter           2  res_p=   1.2037773412996253E-003  u(1,1,1)= -0.11182759142239745       p(1,1,1)=   27313.916322671485     
   DBG iter           3  maxU2=   30.000000000000000       maxFi=   3.7735583338423498E-003  maxFj=   1.5060998071600851E-002  Fi(21,1,1)=   0.0000000000000000       Fi(21,21,1)=   0.0000000000000000       Fi(41,21,1)=   0.0000000000000000     
   DBG div max=   3.0922136107198062E-004  res_p=   3.0922136107198062E-004
   SIMPLE iter           3  res_p=   3.0922136107198062E-004  u(1,1,1)= -0.11650873655728271       p(1,1,1)=   27313.911316472979     
   SIMPLE iter           4  res_p=   3.4157674487659238E-004  u(1,1,1)= -0.10462004357643213       p(1,1,1)=   27313.913867387801     
   SIMPLE iter           5  res_p=   2.2631180151498967E-004  u(1,1,1)=  -9.6782617715478650E-002  p(1,1,1)=   27313.914999711909     
 DEBUG T iter          50 min   300.19535756992997      max   1180.7479991955970     
 Low-speed solver Block           1  SIMPLE iterations:          61  res_p:   3.3774937933436604E-004
 --------------Force and Moment -----------------------------
 Total Force Coefficient (CL, CD, CS) =
  -5.9994447920730179E-002  0.13438145574184465       -2.3042145499266153E-020
 Total Moment Coefficient(CMx, CMy, CMz)=
   1.4998611980182541E-002   3.3595363935461163E-002  -2.7778270287749124E-002
 Kstep, t=           7   7.0000000000000000     
 ----------The Max Residuals are--------  ---Mesh---           1
    0.4093345391E-03    0.6949928304E-03    0.2505617250E-03    0.1250429868E-19    0.3735606093E-03
   The R.M.S Residuals are 
    0.4915981923E-04    0.8759969544E-04    0.2604710671E-04    0.1766779599E-20    0.5175633505E-04
 CPU wall time in this step:  0.11283531199999985     
 Averaged CPU wall time is:   9.0244990999999983E-002
   DBG iter           1  maxU2=   30.000000000000000       maxFi=   9.8204593612738530E-003  maxFj=   3.1789126423499257E-002  Fi(21,1,1)=   0.0000000000000000       Fi(21,21,1)=   0.0000000000000000       Fi(41,21,1)=   0.0000000000000000     
   DBG div max=   4.7162320848645745E-003  res_p=   4.7162320848645745E-003
   SIMPLE iter           1  res_p=   4.7162320848645745E-003  u(1,1,1)=  -3.9709047389908200E-002  p(1,1,1)=   27313.827296899613     
   DBG iter           2  maxU2=   30.000000000000000       maxFi=   4.6201782383607313E-003  maxFj=   1.3720320935856678E-002  Fi(21,1,1)=   0.0000000000000000       Fi(21,21,1)=   0.0000000000000000       Fi(41,21,1)=   0.0000000000000000     
   DBG div max=   3.0211479981369169E-003  res_p=   3.0211479981369169E-003
   SIMPLE iter           2  res_p=   3.0211479981369169E-003  u(1,1,1)= -0.13942683600065220       p(1,1,1)=   27313.902636848768     
   DBG iter           3  maxU2=   30.000000000000000       maxFi=   4.5144577077576202E-003  maxFj=   2.1900028059327902E-002  Fi(21,1,1)=   0.0000000000000000       Fi(21,21,1)=   0.0000000000000000       Fi(41,21,1)=   0.0000000000000000     
   DBG div max=   7.8159573995023428E-004  res_p=   7.8159573995023428E-004
   SIMPLE iter           3  res_p=   7.8159573995023428E-004  u(1,1,1)= -0.14748270284121365       p(1,1,1)=   27313.898084469907     
   SIMPLE iter           4  res_p=   8.3734767172861588E-004  u(1,1,1)= -0.12763080533818935       p(1,1,1)=   27313.902802283359     
   SIMPLE iter           5  res_p=   6.1020202580347287E-004  u(1,1,1)= -0.11554062621046696       p(1,1,1)=   27313.907703787278     
 DEBUG T iter          50 min   300.09834468176263      max   1213.6731641058125     
 Low-speed solver Block           1  SIMPLE iterations:          61  res_p:   3.0536425816152755E-004
 --------------Force and Moment -----------------------------
 Total Force Coefficient (CL, CD, CS) =
  -5.7468829391900171E-002  0.11464929066684681       -5.6195053937625554E-021
 Total Moment Coefficient(CMx, CMy, CMz)=
   1.4367207347975045E-002   2.8662322666711704E-002  -2.6608868127855914E-002
 Kstep, t=           8   8.0000000000000000     
 ----------The Max Residuals are--------  ---Mesh---           1
    0.3755238965E-03    0.6693692596E-03    0.2031104153E-03    0.1044932653E-19    0.4074805906E-03
   The R.M.S Residuals are 
    0.5096528157E-04    0.8147849309E-04    0.2547248456E-04    0.1882706213E-20    0.5210610481E-04
 CPU wall time in this step:  0.12133841900000009     
 Averaged CPU wall time is:   9.4131669500000001E-002
   DBG iter           1  maxU2=   30.000000000000000       maxFi=   1.5913433838224005E-002  maxFj=   4.3227755398000861E-002  Fi(21,1,1)=   0.0000000000000000       Fi(21,21,1)=   0.0000000000000000       Fi(41,21,1)=   0.0000000000000000     
   DBG div max=   9.0512025091373603E-003  res_p=   9.0512025091373603E-003
   SIMPLE iter           1  res_p=   9.0512025091373603E-003  u(1,1,1)=  -4.0781795330753615E-002  p(1,1,1)=   27313.861100212911     
   DBG iter           2  maxU2=   30.000000000000000       maxFi=   5.3729111425004483E-003  maxFj=   1.4545960555424665E-002  Fi(21,1,1)=   0.0000000000000000       Fi(21,21,1)=   0.0000000000000000       Fi(41,21,1)=   0.0000000000000000     
   DBG div max=   4.9243354550967521E-003  res_p=   4.9243354550967521E-003
   SIMPLE iter           2  res_p=   4.9243354550967521E-003  u(1,1,1)= -0.15822076763761950       p(1,1,1)=   27313.948721404198     
   DBG iter           3  maxU2=   30.000000000000000       maxFi=   5.2074053016123948E-003  maxFj=   2.7871737761567376E-002  Fi(21,1,1)=   0.0000000000000000       Fi(21,21,1)=   0.0000000000000000       Fi(41,21,1)=   0.0000000000000000     
   DBG div max=   2.1289871986527355E-003  res_p=   2.1289871986527355E-003
   SIMPLE iter           3  res_p=   2.1289871986527355E-003  u(1,1,1)= -0.16799641710879892       p(1,1,1)=   27313.945071457725     
   SIMPLE iter           4  res_p=   1.3626043391961884E-003  u(1,1,1)= -0.14494959712422742       p(1,1,1)=   27313.949811819526     
   SIMPLE iter           5  res_p=   9.0291051666133854E-004  u(1,1,1)= -0.13157172820910645       p(1,1,1)=   27313.955388748094     
 DEBUG T iter          50 min   300.07046714602069      max   1238.0697848636421     
 Low-speed solver Block           1  SIMPLE iterations:          61  res_p:   2.5661634523981708E-004
 --------------Force and Moment -----------------------------
 Total Force Coefficient (CL, CD, CS) =
  -5.5300009147185879E-002   9.9671941174807960E-002  -6.8154143605163651E-021
 Total Moment Coefficient(CMx, CMy, CMz)=
   1.3825002286796459E-002   2.4917985293701990E-002  -2.5604666681462433E-002
 Kstep, t=           9   9.0000000000000000     
 ----------The Max Residuals are--------  ---Mesh---           1
    0.3404589020E-03    0.6232782475E-03    0.1574788770E-03    0.1403363689E-19    0.4071296694E-03
   The R.M.S Residuals are 
    0.5183904623E-04    0.7764696254E-04    0.2513060078E-04    0.1944052916E-20    0.5179974025E-04
 CPU wall time in this step:  0.10796965199999997     
 Averaged CPU wall time is:   9.5669223111111104E-002
   DBG iter           1  maxU2=   30.000000000000000       maxFi=   2.0838837830341583E-002  maxFj=   5.1465858366385307E-002  Fi(21,1,1)=   0.0000000000000000       Fi(21,21,1)=   0.0000000000000000       Fi(41,21,1)=   0.0000000000000000     
   DBG div max=   1.2519520516850383E-002  res_p=   1.2519520516850383E-002
   SIMPLE iter           1  res_p=   1.2519520516850383E-002  u(1,1,1)=  -4.0989646331745996E-002  p(1,1,1)=   27313.859665629196     
   DBG iter           2  maxU2=   30.000000000000000       maxFi=   6.8692359213719505E-003  maxFj=   1.5058803068017958E-002  Fi(21,1,1)=   0.0000000000000000       Fi(21,21,1)=   0.0000000000000000       Fi(41,21,1)=   0.0000000000000000     
   DBG div max=   6.3885237041949455E-003  res_p=   6.3885237041949455E-003
   SIMPLE iter           2  res_p=   6.3885237041949455E-003  u(1,1,1)= -0.16818324891825082       p(1,1,1)=   27313.954748211658     
   DBG iter           3  maxU2=   30.000000000000000       maxFi=   5.5623320144095514E-003  maxFj=   3.3230041706632206E-002  Fi(21,1,1)=   0.0000000000000000       Fi(21,21,1)=   0.0000000000000000       Fi(41,21,1)=   0.0000000000000000     
   DBG div max=   3.8444140378575860E-003  res_p=   3.8444140378575860E-003
   SIMPLE iter           3  res_p=   3.8444140378575860E-003  u(1,1,1)= -0.17948230888008460       p(1,1,1)=   27313.951767323353     
   SIMPLE iter           4  res_p=   2.2741558615201607E-003  u(1,1,1)= -0.15424370962788536       p(1,1,1)=   27313.956339466276     
   SIMPLE iter           5  res_p=   1.7775998685284691E-003  u(1,1,1)= -0.14050015263411592       p(1,1,1)=   27313.962459862461     
 DEBUG T iter          50 min   300.05908362142611      max   1256.4801785435325     
 Low-speed solver Block           1  SIMPLE iterations:          61  res_p:   2.2197147804231543E-004
 --------------Force and Moment -----------------------------
 Total Force Coefficient (CL, CD, CS) =
  -5.3445115083549696E-002   8.8293061169375978E-002   5.2211229403530963E-021
 Total Moment Coefficient(CMx, CMy, CMz)=
   1.3361278770887422E-002   2.2073265292343994E-002  -2.4745817229904196E-002
 Kstep, t=          10   10.000000000000000     
 ----------The Max Residuals are--------  ---Mesh---           1
    0.3175511550E-03    0.5616092130E-03    0.1392019780E-03    0.1239500421E-19    0.3803380628E-03
   The R.M.S Residuals are 
    0.5248438918E-04    0.7521918941E-04    0.2472139765E-04    0.1990724459E-20    0.5169853513E-04
 write flow3d.dat ......
 write flow3d.dat OK
 write VTK files ......
 write VTK files OK
 CPU wall time in this step:  0.17972372500000000     
 Averaged CPU wall time is:  0.10407467330000000     
   DBG iter           1  maxU2=   30.000000000000000       maxFi=   2.4282991586018123E-002  maxFj=   5.6771760297669560E-002  Fi(21,1,1)=   0.0000000000000000       Fi(21,21,1)=   0.0000000000000000       Fi(41,21,1)=   0.0000000000000000     
   DBG div max=   1.4877132323896085E-002  res_p=   1.4877132323896085E-002
   SIMPLE iter           1  res_p=   1.4877132323896085E-002  u(1,1,1)=  -4.1304101773129112E-002  p(1,1,1)=   27313.858895974048     
   DBG iter           2  maxU2=   30.000000000000000       maxFi=   8.2017857648596058E-003  maxFj=   1.5567088272842424E-002  Fi(21,1,1)=   0.0000000000000000       Fi(21,21,1)=   0.0000000000000000       Fi(41,21,1)=   0.0000000000000000     
   DBG div max=   7.4267572335345068E-003  res_p=   7.4267572335345068E-003
   SIMPLE iter           2  res_p=   7.4267572335345068E-003  u(1,1,1)= -0.17397936453904350       p(1,1,1)=   27313.958344959694     
   DBG iter           3  maxU2=   30.000000000000000       maxFi=   5.8460154976086760E-003  maxFj=   3.7533801762092471E-002  Fi(21,1,1)=   0.0000000000000000       Fi(21,21,1)=   0.0000000000000000       Fi(41,21,1)=   0.0000000000000000     
   DBG div max=   5.4029688568123097E-003  res_p=   5.4029688568123097E-003
   SIMPLE iter           3  res_p=   5.4029688568123097E-003  u(1,1,1)= -0.18644800300754572       p(1,1,1)=   27313.956275191074     
   SIMPLE iter           4  res_p=   3.1114779281354796E-003  u(1,1,1)= -0.15976889881555539       p(1,1,1)=   27313.960810073910     
   SIMPLE iter           5  res_p=   2.6914549120077604E-003  u(1,1,1)= -0.14608192915396251       p(1,1,1)=   27313.967699673725     
 DEBUG T iter          50 min   300.05391136948055      max   1270.6575906540002     
 Low-speed solver Block           1  SIMPLE iterations:          61  res_p:   1.9985117502619235E-004
 --------------Force and Moment -----------------------------
 Total Force Coefficient (CL, CD, CS) =
  -5.1782033878299639E-002   7.9561517815494545E-002   2.9298477772067041E-021
 Total Moment Coefficient(CMx, CMy, CMz)=
   1.2945508469574908E-002   1.9890379453873636E-002  -2.3975779613541390E-002
 Kstep, t=          11   11.000000000000000     
 ----------The Max Residuals are--------  ---Mesh---           1
    0.3021440593E-03    0.4957506951E-03    0.1285796521E-03    0.1510488829E-19    0.3405587063E-03
   The R.M.S Residuals are 
    0.5322517018E-04    0.7372820690E-04    0.2462402808E-04    0.2033557801E-20    0.5184564231E-04
 CPU wall time in this step:  0.10404013600000006     
 Averaged CPU wall time is:  0.10407153354545455     
   DBG iter           1  maxU2=   30.000000000000000       maxFi=   2.6513617535965279E-002  maxFj=   6.0034665409593437E-002  Fi(21,1,1)=   0.0000000000000000       Fi(21,21,1)=   0.0000000000000000       Fi(41,21,1)=   0.0000000000000000     
   DBG div max=   1.6363068670388004E-002  res_p=   1.6363068670388004E-002
   SIMPLE iter           1  res_p=   1.6363068670388004E-002  u(1,1,1)=  -4.1503194153552324E-002  p(1,1,1)=   27313.859887012808     
   DBG iter           2  maxU2=   30.000000000000000       maxFi=   9.1133352351327954E-003  maxFj=   1.5948761273197526E-002  Fi(21,1,1)=   0.0000000000000000       Fi(21,21,1)=   0.0000000000000000       Fi(41,21,1)=   0.0000000000000000     
   DBG div max=   8.2130813901587739E-003  res_p=   8.2130813901587739E-003
   SIMPLE iter           2  res_p=   8.2130813901587739E-003  u(1,1,1)= -0.17706648802889779       p(1,1,1)=   27313.961496765744     
   DBG iter           3  maxU2=   30.000000000000000       maxFi=   6.5607551293453831E-003  maxFj=   4.0629333497375547E-002  Fi(21,1,1)=   0.0000000000000000       Fi(21,21,1)=   0.0000000000000000       Fi(41,21,1)=   0.0000000000000000     
   DBG div max=   6.5924140532095665E-003  res_p=   6.5924140532095665E-003
   SIMPLE iter           3  res_p=   6.5924140532095665E-003  u(1,1,1)= -0.19026992964493319       p(1,1,1)=   27313.959978890594     
   SIMPLE iter           4  res_p=   3.7362285773859527E-003  u(1,1,1)= -0.16268368516886678       p(1,1,1)=   27313.964317633960     
   SIMPLE iter           5  res_p=   3.4856291858821817E-003  u(1,1,1)= -0.14920551255039499       p(1,1,1)=   27313.971702996769     
 DEBUG T iter          50 min   300.05143934012506      max   1281.5069921752847     
 Low-speed solver Block           1  SIMPLE iterations:          61  res_p:   1.8929308106363160E-004
 --------------Force and Moment -----------------------------
 Total Force Coefficient (CL, CD, CS) =
  -5.0327092515496268E-002   7.2760084794812538E-002  -5.3184137226302239E-021
 Total Moment Coefficient(CMx, CMy, CMz)=
   1.2581773128874065E-002   1.8190021198703134E-002  -2.3302113575999379E-002
 Kstep, t=          12   12.000000000000000     
 ----------The Max Residuals are--------  ---Mesh---           1
    0.2804862274E-03    0.4597962925E-03    0.1286958283E-03    0.1330853937E-19    0.3146406371E-03
   The R.M.S Residuals are 
    0.5358200032E-04    0.7244062877E-04    0.2455420894E-04    0.2142362812E-20    0.5181464379E-04
 CPU wall time in this step:  0.10410164299999991     
 Averaged CPU wall time is:  0.10407404266666666     
   DBG iter           1  maxU2=   30.000000000000000       maxFi=   2.7897706442424751E-002  maxFj=   6.1999801304947741E-002  Fi(21,1,1)=   0.0000000000000000       Fi(21,21,1)=   0.0000000000000000       Fi(41,21,1)=   0.0000000000000000     
   DBG div max=   1.7263693475676443E-002  res_p=   1.7263693475676443E-002
   SIMPLE iter           1  res_p=   1.7263693475676443E-002  u(1,1,1)=  -4.1602661782808720E-002  p(1,1,1)=   27313.859867077248     
   DBG iter           2  maxU2=   30.000000000000000       maxFi=   9.6881526237068954E-003  maxFj=   1.6156371190524765E-002  Fi(21,1,1)=   0.0000000000000000       Fi(21,21,1)=   0.0000000000000000       Fi(41,21,1)=   0.0000000000000000     
   DBG div max=   8.6967790873645756E-003  res_p=   8.6967790873645756E-003
   SIMPLE iter           2  res_p=   8.6967790873645756E-003  u(1,1,1)= -0.17877171224311345       p(1,1,1)=   27313.962685471834     
   DBG iter           3  maxU2=   30.000000000000000       maxFi=   7.0474848755910525E-003  maxFj=   4.2696930492952943E-002  Fi(21,1,1)=   0.0000000000000000       Fi(21,21,1)=   0.0000000000000000       Fi(41,21,1)=   0.0000000000000000     
   DBG div max=   7.4110025402261692E-003  res_p=   7.4110025402261692E-003
   SIMPLE iter           3  res_p=   7.4110025402261692E-003  u(1,1,1)= -0.19243730128824604       p(1,1,1)=   27313.961529890941     
   SIMPLE iter           4  res_p=   4.1564197035629004E-003  u(1,1,1)= -0.16428036827703904       p(1,1,1)=   27313.965715134294     
   SIMPLE iter           5  res_p=   4.0873383750400193E-003  u(1,1,1)= -0.15098748721369040       p(1,1,1)=   27313.973455862364     
 DEBUG T iter          50 min   300.05025778622814      max   1289.5853544314787     
 Low-speed solver Block           1  SIMPLE iterations:          61  res_p:   1.8391237584322248E-004
 --------------Force and Moment -----------------------------
 Total Force Coefficient (CL, CD, CS) =
  -4.8958251297098687E-002   6.7382991810374812E-002   5.9077650730047989E-021
 Total Moment Coefficient(CMx, CMy, CMz)=
   1.2239562824274674E-002   1.6845747952593703E-002  -2.2668314730126416E-002
 Kstep, t=          13   13.000000000000000     
 ----------The Max Residuals are--------  ---Mesh---           1
    0.2725796486E-03    0.4367002897E-03    0.1198215716E-03    0.1522631420E-19    0.3045770853E-03
   The R.M.S Residuals are 
    0.5410812637E-04    0.7162302610E-04    0.2440818596E-04    0.2205780456E-20    0.5192052697E-04
 CPU wall time in this step:  0.10257356700000009     
 Averaged CPU wall time is:  0.10395862146153846     
   DBG iter           1  maxU2=   30.000000000000000       maxFi=   2.8736343761393678E-002  maxFj=   6.3170505284270956E-002  Fi(21,1,1)=   0.0000000000000000       Fi(21,21,1)=   0.0000000000000000       Fi(41,21,1)=   0.0000000000000000     
   DBG div max=   1.7800254371563830E-002  res_p=   1.7800254371563830E-002
   SIMPLE iter           1  res_p=   1.7800254371563830E-002  u(1,1,1)=  -4.1651277401142238E-002  p(1,1,1)=   27313.859864703911     
   DBG iter           2  maxU2=   30.000000000000000       maxFi=   1.0040617838338936E-002  maxFj=   1.6271313454675324E-002  Fi(21,1,1)=   0.0000000000000000       Fi(21,21,1)=   0.0000000000000000       Fi(41,21,1)=   0.0000000000000000     
   DBG div max=   8.9877856072843668E-003  res_p=   8.9877856072843668E-003
   SIMPLE iter           2  res_p=   8.9877856072843668E-003  u(1,1,1)= -0.17972132612128217       p(1,1,1)=   27313.963353174149     
   DBG iter           3  maxU2=   30.000000000000000       maxFi=   7.3606143868023685E-003  maxFj=   4.4011666245553513E-002  Fi(21,1,1)=   0.0000000000000000       Fi(21,21,1)=   0.0000000000000000       Fi(41,21,1)=   0.0000000000000000     
   DBG div max=   7.9395843465461524E-003  res_p=   7.9395843465461524E-003
   SIMPLE iter           3  res_p=   7.9395843465461524E-003  u(1,1,1)= -0.19366814373891678       p(1,1,1)=   27313.962425030040     
   SIMPLE iter           4  res_p=   4.4162426377155201E-003  u(1,1,1)= -0.16515946585895211       p(1,1,1)=   27313.966499332619     
   SIMPLE iter           5  res_p=   4.5020067428048829E-003  u(1,1,1)= -0.15200228861800863       p(1,1,1)=   27313.974474142691     
 DEBUG T iter          50 min   300.04971921113804      max   1295.3121352647831     
 Low-speed solver Block           1  SIMPLE iterations:          61  res_p:   1.8118549021484132E-004
 --------------Force and Moment -----------------------------
 Total Force Coefficient (CL, CD, CS) =
  -4.7636384678623286E-002   6.3028263361162282E-002   2.2087357243732384E-020
 Total Moment Coefficient(CMx, CMy, CMz)=
   1.1909096169655822E-002   1.5757065840290570E-002  -2.2056268626280510E-002
 Kstep, t=          14   14.000000000000000     
 ----------The Max Residuals are--------  ---Mesh---           1
    0.2687638151E-03    0.4084134655E-03    0.1179851913E-03    0.1848907239E-19    0.2927522002E-03
   The R.M.S Residuals are 
    0.5459256044E-04    0.7104168980E-04    0.2439741020E-04    0.2305586498E-20    0.5212671275E-04
 CPU wall time in this step:  0.10435076799999998     
 Averaged CPU wall time is:  0.10398663192857142     
   DBG iter           1  maxU2=   30.000000000000000       maxFi=   2.9237714130919877E-002  maxFj=   6.3864388496236074E-002  Fi(21,1,1)=   0.0000000000000000       Fi(21,21,1)=   0.0000000000000000       Fi(41,21,1)=   0.0000000000000000     
   DBG div max=   1.8117242070919602E-002  res_p=   1.8117242070919602E-002
   SIMPLE iter           1  res_p=   1.8117242070919602E-002  u(1,1,1)=  -4.1665500195560971E-002  p(1,1,1)=   27313.859835657382     
   DBG iter           2  maxU2=   30.000000000000000       maxFi=   1.0253023056485995E-002  maxFj=   1.6335803665688445E-002  Fi(21,1,1)=   0.0000000000000000       Fi(21,21,1)=   0.0000000000000000       Fi(41,21,1)=   0.0000000000000000     
   DBG div max=   9.1607780442660661E-003  res_p=   9.1607780442660661E-003
   SIMPLE iter           2  res_p=   9.1607780442660661E-003  u(1,1,1)= -0.18024266699840408       p(1,1,1)=   27313.963696074250     
   DBG iter           3  maxU2=   30.000000000000000       maxFi=   7.5551949884416700E-003  maxFj=   4.4822764342683910E-002  Fi(21,1,1)=   0.0000000000000000       Fi(21,21,1)=   0.0000000000000000       Fi(41,21,1)=   0.0000000000000000     
   DBG div max=   8.2684012875421584E-003  res_p=   8.2684012875421584E-003
   SIMPLE iter           3  res_p=   8.2684012875421584E-003  u(1,1,1)= -0.19435806544144119       p(1,1,1)=   27313.962905473334     
   SIMPLE iter           4  res_p=   4.5765762440763517E-003  u(1,1,1)= -0.16563771914311740       p(1,1,1)=   27313.966904522898     
   SIMPLE iter           5  res_p=   4.7714111388014804E-003  u(1,1,1)= -0.15257160375486906       p(1,1,1)=   27313.975026858730     
 DEBUG T iter          50 min   300.04949704957107      max   1299.0629340209066     
 Low-speed solver Block           1  SIMPLE iterations:          61  res_p:   1.7979552551103048E-004
 --------------Force and Moment -----------------------------
 Total Force Coefficient (CL, CD, CS) =
  -4.6440821597279289E-002   5.9446737855727197E-002   1.4750141174360966E-020
 Total Moment Coefficient(CMx, CMy, CMz)=
   1.1610205399319826E-002   1.4861684463931799E-002  -2.1502702045870369E-002
 Kstep, t=          15   15.000000000000000     
 ----------The Max Residuals are--------  ---Mesh---           1
    0.2565992706E-03    0.3812735779E-03    0.1123055526E-03    0.1658733973E-19    0.2749773821E-03
   The R.M.S Residuals are 
    0.5486504589E-04    0.7046779534E-04    0.2427844365E-04    0.2301728395E-20    0.5213744647E-04
 CPU wall time in this step:  0.10239173199999985     
 Averaged CPU wall time is:  0.10388030526666665     
   DBG iter           1  maxU2=   30.000000000000000       maxFi=   2.9535148588193963E-002  maxFj=   6.4274103437946123E-002  Fi(21,1,1)=   0.0000000000000000       Fi(21,21,1)=   0.0000000000000000       Fi(41,21,1)=   0.0000000000000000     
   DBG div max=   1.8303864823657475E-002  res_p=   1.8303864823657475E-002
   SIMPLE iter           1  res_p=   1.8303864823657475E-002  u(1,1,1)=  -4.1665645423845821E-002  p(1,1,1)=   27313.859804006905     
   DBG iter           2  maxU2=   30.000000000000000       maxFi=   1.0379606464580192E-002  maxFj=   1.6372524284542483E-002  Fi(21,1,1)=   0.0000000000000000       Fi(21,21,1)=   0.0000000000000000       Fi(41,21,1)=   0.0000000000000000     
   DBG div max=   9.2629753206291306E-003  res_p=   9.2629753206291306E-003
   SIMPLE iter           2  res_p=   9.2629753206291306E-003  u(1,1,1)= -0.18053009253952945       p(1,1,1)=   27313.963872713346     
   DBG iter           3  maxU2=   30.000000000000000       maxFi=   7.6733523339974317E-003  maxFj=   4.5313343482157729E-002  Fi(21,1,1)=   0.0000000000000000       Fi(21,21,1)=   0.0000000000000000       Fi(41,21,1)=   0.0000000000000000     
   DBG div max=   8.4682093651697529E-003  res_p=   8.4682093651697529E-003
   SIMPLE iter           3  res_p=   8.4682093651697529E-003  u(1,1,1)= -0.19474605076773979       p(1,1,1)=   27313.963165098663     
   SIMPLE iter           4  res_p=   4.6735005439128355E-003  u(1,1,1)= -0.16589886408750462       p(1,1,1)=   27313.967115316820     
   SIMPLE iter           5  res_p=   4.9396330391691806E-003  u(1,1,1)= -0.15289065001388780       p(1,1,1)=   27313.975328489054     
 DEBUG T iter          50 min   300.04941910866899      max   1301.1840833087040     
 Low-speed solver Block           1  SIMPLE iterations:          61  res_p:   1.7905509187924815E-004
 --------------Force and Moment -----------------------------
 Total Force Coefficient (CL, CD, CS) =
  -4.5301562458356689E-002   5.6431038293927885E-002   1.6480667733660053E-020
 Total Moment Coefficient(CMx, CMy, CMz)=
   1.1325390614589176E-002   1.4107759573481971E-002  -2.0975204530240033E-002
 Kstep, t=          16   16.000000000000000     
 ----------The Max Residuals are--------  ---Mesh---           1
    0.2494609067E-03    0.3700578488E-03    0.1082691062E-03    0.1889794276E-19    0.2592854411E-03
   The R.M.S Residuals are 
    0.5528744281E-04    0.7017331721E-04    0.2424610347E-04    0.2417846953E-20    0.5228860865E-04
 CPU wall time in this step:  0.10163369200000005     
 Averaged CPU wall time is:  0.10373989193750000     
   DBG iter           1  maxU2=   30.000000000000000       maxFi=   2.9710893643539783E-002  maxFj=   6.4515549036627151E-002  Fi(21,1,1)=   0.0000000000000000       Fi(21,21,1)=   0.0000000000000000       Fi(41,21,1)=   0.0000000000000000     
   DBG div max=   1.8413624571881337E-002  res_p=   1.8413624571881337E-002
   SIMPLE iter           1  res_p=   1.8413624571881337E-002  u(1,1,1)=  -4.1661560302869757E-002  p(1,1,1)=   27313.859781705130     
   DBG iter           2  maxU2=   30.000000000000000       maxFi=   1.0454537374538851E-002  maxFj=   1.6393703792853580E-002  Fi(21,1,1)=   0.0000000000000000       Fi(21,21,1)=   0.0000000000000000       Fi(41,21,1)=   0.0000000000000000     
   DBG div max=   9.3232148047013557E-003  res_p=   9.3232148047013557E-003
   SIMPLE iter           2  res_p=   9.3232148047013557E-003  u(1,1,1)= -0.18068877476578199       p(1,1,1)=   27313.963966846626     
   DBG iter           3  maxU2=   30.000000000000000       maxFi=   7.7440756788994787E-003  maxFj=   4.5606483487236983E-002  Fi(21,1,1)=   0.0000000000000000       Fi(21,21,1)=   0.0000000000000000       Fi(41,21,1)=   0.0000000000000000     
   DBG div max=   8.5878796782975012E-003  res_p=   8.5878796782975012E-003
   SIMPLE iter           3  res_p=   8.5878796782975012E-003  u(1,1,1)= -0.19496427305806407       p(1,1,1)=   27313.963308703278     
   SIMPLE iter           4  res_p=   4.7313673460573046E-003  u(1,1,1)= -0.16604193149946705       p(1,1,1)=   27313.967228196769     
   SIMPLE iter           5  res_p=   5.0420463185252180E-003  u(1,1,1)= -0.15306949345706028       p(1,1,1)=   27313.975496052739     
 DEBUG T iter          50 min   300.04939462128715      max   1301.9814632815126     
 Low-speed solver Block           1  SIMPLE iterations:          61  res_p:   1.7864322455258749E-004
 --------------Force and Moment -----------------------------
 Total Force Coefficient (CL, CD, CS) =
  -4.4217474714747990E-002   5.3848259122312184E-002   1.0488406726885713E-020
 Total Moment Coefficient(CMx, CMy, CMz)=
   1.1054368678687001E-002   1.3462064780578046E-002  -2.0473252399132839E-002
 Kstep, t=          17   17.000000000000000     
 ----------The Max Residuals are--------  ---Mesh---           1
    0.2457222390E-03    0.3537197348E-03    0.1054335336E-03    0.1589674631E-19    0.2546151033E-03
   The R.M.S Residuals are 
    0.5550752375E-04    0.6980375741E-04    0.2416618025E-04    0.2384375093E-20    0.5231248645E-04
 CPU wall time in this step:  0.10535438600000013     
 Averaged CPU wall time is:  0.10383486217647059     
   DBG iter           1  maxU2=   30.000000000000000       maxFi=   2.9814523321442719E-002  maxFj=   6.4657600362650003E-002  Fi(21,1,1)=   0.0000000000000000       Fi(21,21,1)=   0.0000000000000000       Fi(41,21,1)=   0.0000000000000000     
   DBG div max=   1.8478185426691295E-002  res_p=   1.8478185426691295E-002
   SIMPLE iter           1  res_p=   1.8478185426691295E-002  u(1,1,1)=  -4.1657314444504712E-002  p(1,1,1)=   27313.859766399219     
   DBG iter           2  maxU2=   30.000000000000000       maxFi=   1.0498708792772543E-002  maxFj=   1.6406044815500499E-002  Fi(21,1,1)=   0.0000000000000000       Fi(21,21,1)=   0.0000000000000000       Fi(41,21,1)=   0.0000000000000000     
   DBG div max=   9.3587006073320121E-003  res_p=   9.3587006073320121E-003
   SIMPLE iter           2  res_p=   9.3587006073320121E-003  u(1,1,1)= -0.18077676544250679       p(1,1,1)=   27313.964016733709     
   DBG iter           3  maxU2=   30.000000000000000       maxFi=   7.7860149586432949E-003  maxFj=   4.5780302788145912E-002  Fi(21,1,1)=   0.0000000000000000       Fi(21,21,1)=   0.0000000000000000       Fi(41,21,1)=   0.0000000000000000     
   DBG div max=   8.6588954659718997E-003  res_p=   8.6588954659718997E-003
   SIMPLE iter           3  res_p=   8.6588954659718997E-003  u(1,1,1)= -0.19508738672499551       p(1,1,1)=   27313.963388042990     
   SIMPLE iter           4  res_p=   4.7656618258693217E-003  u(1,1,1)= -0.16612060809125645       p(1,1,1)=   27313.967288492579     
   SIMPLE iter           5  res_p=   5.1034191800613700E-003  u(1,1,1)= -0.15317013211012140       p(1,1,1)=   27313.975589224548     
 DEBUG T iter          50 min   300.04937748476686      max   1301.7409907177553     
 Low-speed solver Block           1  SIMPLE iterations:          61  res_p:   1.7840870803630463E-004
 --------------Force and Moment -----------------------------
 Total Force Coefficient (CL, CD, CS) =
  -4.3187492359165504E-002   5.1600047751669348E-002   3.3199950217951336E-021
 Total Moment Coefficient(CMx, CMy, CMz)=
   1.0796873089791376E-002   1.2900011937917337E-002  -1.9996351885343638E-002
 Kstep, t=          18   18.000000000000000     
 ----------The Max Residuals are--------  ---Mesh---           1
    0.2368588663E-03    0.3333386572E-03    0.1036317181E-03    0.1560324360E-19    0.2438653334E-03
   The R.M.S Residuals are 
    0.5578731702E-04    0.6956497034E-04    0.2405576231E-04    0.2457548971E-20    0.5236534977E-04
 CPU wall time in this step:  0.10418958999999983     
 Averaged CPU wall time is:  0.10385456927777777     
   DBG iter           1  maxU2=   30.000000000000000       maxFi=   2.9875548091090873E-002  maxFj=   6.4741113464008390E-002  Fi(21,1,1)=   0.0000000000000000       Fi(21,21,1)=   0.0000000000000000       Fi(41,21,1)=   0.0000000000000000     
   DBG div max=   1.8516155739644893E-002  res_p=   1.8516155739644893E-002
   SIMPLE iter           1  res_p=   1.8516155739644893E-002  u(1,1,1)=  -4.1654057886575488E-002  p(1,1,1)=   27313.859756937873     
   DBG iter           2  maxU2=   30.000000000000000       maxFi=   1.0524680515780566E-002  maxFj=   1.6413281918135320E-002  Fi(21,1,1)=   0.0000000000000000       Fi(21,21,1)=   0.0000000000000000       Fi(41,21,1)=   0.0000000000000000     
   DBG div max=   9.3795951449507572E-003  res_p=   9.3795951449507572E-003
   SIMPLE iter           2  res_p=   9.3795951449507572E-003  u(1,1,1)= -0.18082570660705677       p(1,1,1)=   27313.964043714499     
   DBG iter           3  maxU2=   30.000000000000000       maxFi=   7.8107470443626948E-003  maxFj=   4.5882923895246973E-002  Fi(21,1,1)=   0.0000000000000000       Fi(21,21,1)=   0.0000000000000000       Fi(41,21,1)=   0.0000000000000000     
   DBG div max=   8.7008248919167863E-003  res_p=   8.7008248919167863E-003
   SIMPLE iter           3  res_p=   8.7008248919167863E-003  u(1,1,1)= -0.19515699514778440       p(1,1,1)=   27313.963432528795     
   SIMPLE iter           4  res_p=   4.7859023009585722E-003  u(1,1,1)= -0.16616421873000614       p(1,1,1)=   27313.967321509906     
   SIMPLE iter           5  res_p=   5.1398649839039731E-003  u(1,1,1)= -0.15322689861916938       p(1,1,1)=   27313.975641639536     
 DEBUG T iter          50 min   300.04934649513348      max   1300.6996359147704     
 Low-speed solver Block           1  SIMPLE iterations:          61  res_p:   1.7827115702874138E-004
 --------------Force and Moment -----------------------------
 Total Force Coefficient (CL, CD, CS) =
  -4.2209927024575516E-002   4.9615960000944842E-002   9.8696175438307749E-023
 Total Moment Coefficient(CMx, CMy, CMz)=
   1.0552481756143884E-002   1.2403990000236211E-002  -1.9543721210003931E-002
 Kstep, t=          19   19.000000000000000     
 ----------The Max Residuals are--------  ---Mesh---           1
    0.2314574633E-03    0.3237409475E-03    0.9882008666E-04    0.1855770980E-19    0.2323263972E-03
   The R.M.S Residuals are 
    0.5595340618E-04    0.6928685475E-04    0.2397729254E-04    0.2506353953E-20    0.5236706958E-04
 CPU wall time in this step:  0.11267165800000001     
 Averaged CPU wall time is:  0.10431862657894736     
   DBG iter           1  maxU2=   30.000000000000000       maxFi=   2.9911453812513339E-002  maxFj=   6.4790191508038969E-002  Fi(21,1,1)=   0.0000000000000000       Fi(21,21,1)=   0.0000000000000000       Fi(41,21,1)=   0.0000000000000000     
   DBG div max=   1.8538484571472953E-002  res_p=   1.8538484571472953E-002
   SIMPLE iter           1  res_p=   1.8538484571472953E-002  u(1,1,1)=  -4.1651822232511640E-002  p(1,1,1)=   27313.859751199707     
   DBG iter           2  maxU2=   30.000000000000000       maxFi=   1.0539927106272485E-002  maxFj=   1.6417543667371082E-002  Fi(21,1,1)=   0.0000000000000000       Fi(21,21,1)=   0.0000000000000000       Fi(41,21,1)=   0.0000000000000000     
   DBG div max=   9.3918972474219056E-003  res_p=   9.3918972474219056E-003
   SIMPLE iter           2  res_p=   9.3918972474219056E-003  u(1,1,1)= -0.18085296317105193       p(1,1,1)=   27313.964058316054     
   DBG iter           3  maxU2=   30.000000000000000       maxFi=   7.8252822659988300E-003  maxFj=   4.5943356096356323E-002  Fi(21,1,1)=   0.0000000000000000       Fi(21,21,1)=   0.0000000000000000       Fi(41,21,1)=   0.0000000000000000     
   DBG div max=   8.7255076468178844E-003  res_p=   8.7255076468178844E-003
   SIMPLE iter           3  res_p=   8.7255076468178844E-003  u(1,1,1)= -0.19519639534158550       p(1,1,1)=   27313.963457506252     
   SIMPLE iter           4  res_p=   4.7978193719431621E-003  u(1,1,1)= -0.16618843705016598       p(1,1,1)=   27313.967339621711     
   SIMPLE iter           5  res_p=   5.1613917753185329E-003  u(1,1,1)= -0.15325896783047446       p(1,1,1)=   27313.975671150562     
 DEBUG T iter          50 min   300.04929406453232      max   1299.1266847997240     
 Low-speed solver Block           1  SIMPLE iterations:          61  res_p:   1.7818930433370628E-004
 --------------Force and Moment -----------------------------
 Total Force Coefficient (CL, CD, CS) =
  -4.1283898512620917E-002   4.7844918905280177E-002   1.3167889831955517E-021
 Total Moment Coefficient(CMx, CMy, CMz)=
   1.0320974628155229E-002   1.1961229726320044E-002  -1.9114952940922643E-002
 Kstep, t=          20   20.000000000000000     
 ----------The Max Residuals are--------  ---Mesh---           1
    0.2275173715E-03    0.3124180728E-03    0.9859254297E-04    0.1839811241E-19    0.2261912922E-03
   The R.M.S Residuals are 
    0.5607061286E-04    0.6900113811E-04    0.2382835006E-04    0.2510332500E-20    0.5230083797E-04
 write flow3d.dat ......
 write flow3d.dat OK
 write VTK files ......
 write VTK files OK
 CPU wall time in this step:  0.19848023800000014     
 Averaged CPU wall time is:  0.10902670715000000     
   DBG iter           1  maxU2=   30.000000000000000       maxFi=   2.9932569599930507E-002  maxFj=   6.4819024966914482E-002  Fi(21,1,1)=   0.0000000000000000       Fi(21,21,1)=   0.0000000000000000       Fi(41,21,1)=   0.0000000000000000     
   DBG div max=   1.8551615177724540E-002  res_p=   1.8551615177724540E-002
   SIMPLE iter           1  res_p=   1.8551615177724540E-002  u(1,1,1)=  -4.1650382424683302E-002  p(1,1,1)=   27313.859747786108     
   DBG iter           2  maxU2=   30.000000000000000       maxFi=   1.0548869002537651E-002  maxFj=   1.6420059371178047E-002  Fi(21,1,1)=   0.0000000000000000       Fi(21,21,1)=   0.0000000000000000       Fi(41,21,1)=   0.0000000000000000     
   DBG div max=   9.3991397254365120E-003  res_p=   9.3991397254365120E-003
   SIMPLE iter           2  res_p=   9.3991397254365120E-003  u(1,1,1)= -0.18086816426163321       p(1,1,1)=   27313.964066240598     
   DBG iter           3  maxU2=   30.000000000000000       maxFi=   7.8338074591710917E-003  maxFj=   4.5978888782897909E-002  Fi(21,1,1)=   0.0000000000000000       Fi(21,21,1)=   0.0000000000000000       Fi(41,21,1)=   0.0000000000000000     
   DBG div max=   8.7400116700124472E-003  res_p=   8.7400116700124472E-003
   SIMPLE iter           3  res_p=   8.7400116700124472E-003  u(1,1,1)= -0.19521872722583961       p(1,1,1)=   27313.963471577539     
   SIMPLE iter           4  res_p=   4.8048256530618151E-003  u(1,1,1)= -0.16620191395724770       p(1,1,1)=   27313.967349604030     
   SIMPLE iter           5  res_p=   5.1740658017401103E-003  u(1,1,1)= -0.15327711968747215       p(1,1,1)=   27313.975687821086     
 DEBUG T iter          50 min   300.04921877460595      max   1297.0562424406812     
 Low-speed solver Block           1  SIMPLE iterations:          61  res_p:   1.7814023219518693E-004
 --------------Force and Moment -----------------------------
 Total Force Coefficient (CL, CD, CS) =
  -4.0409231999671079E-002   4.6247983750066696E-002  -3.3189549425307211E-021
 Total Moment Coefficient(CMx, CMy, CMz)=
   1.0102307999917768E-002   1.1561995937516674E-002  -1.8709966605396214E-002
 Kstep, t=          21   21.000000000000000     
 ----------The Max Residuals are--------  ---Mesh---           1
    0.2221352859E-03    0.2995271697E-03    0.9555647521E-04    0.1816266967E-19    0.2206295923E-03
   The R.M.S Residuals are 
    0.5613943684E-04    0.6870570072E-04    0.2370874756E-04    0.2673744688E-20    0.5222256779E-04
 CPU wall time in this step:  0.10603668999999982     
 Averaged CPU wall time is:  0.10888432538095237     
   DBG iter           1  maxU2=   30.000000000000000       maxFi=   2.9944983649846837E-002  maxFj=   6.4835960666620465E-002  Fi(21,1,1)=   0.0000000000000000       Fi(21,21,1)=   0.0000000000000000       Fi(41,21,1)=   0.0000000000000000     
   DBG div max=   1.8559336576409222E-002  res_p=   1.8559336576409222E-002
   SIMPLE iter           1  res_p=   1.8559336576409222E-002  u(1,1,1)=  -4.1649489723154721E-002  p(1,1,1)=   27313.859745808473     
   DBG iter           2  maxU2=   30.000000000000000       maxFi=   1.0554110000402355E-002  maxFj=   1.6421546397633088E-002  Fi(21,1,1)=   0.0000000000000000       Fi(21,21,1)=   0.0000000000000000       Fi(41,21,1)=   0.0000000000000000     
   DBG div max=   9.4034030785203719E-003  res_p=   9.4034030785203719E-003
   SIMPLE iter           2  res_p=   9.4034030785203719E-003  u(1,1,1)= -0.18087664644177048       p(1,1,1)=   27313.964070569971     
   DBG iter           3  maxU2=   30.000000000000000       maxFi=   7.8388011748859385E-003  maxFj=   4.5999759852406993E-002  Fi(21,1,1)=   0.0000000000000000       Fi(21,21,1)=   0.0000000000000000       Fi(41,21,1)=   0.0000000000000000     
   DBG div max=   8.7485243072145183E-003  res_p=   8.7485243072145183E-003
   SIMPLE iter           3  res_p=   8.7485243072145183E-003  u(1,1,1)= -0.19523139411769655       p(1,1,1)=   27313.963479543734     
   SIMPLE iter           4  res_p=   4.8089408014512780E-003  u(1,1,1)= -0.16620942041780271       p(1,1,1)=   27313.967355141609     
   SIMPLE iter           5  res_p=   5.1815126213510289E-003  u(1,1,1)= -0.15328740653225681       p(1,1,1)=   27313.975697276735     
 DEBUG T iter          50 min   300.04912090475375      max   1294.5030589513826     
 Low-speed solver Block           1  SIMPLE iterations:          61  res_p:   1.7811067564257876E-004
 --------------Force and Moment -----------------------------
 Total Force Coefficient (CL, CD, CS) =
  -3.9586981648955098E-002   4.4795762962409988E-002  -9.9874310922895081E-021
 Total Moment Coefficient(CMx, CMy, CMz)=
   9.8967454122387694E-003   1.1198940740602497E-002  -1.8329250287679715E-002
 Kstep, t=          22   22.000000000000000     
 ----------The Max Residuals are--------  ---Mesh---           1
    0.2151307135E-03    0.2870263468E-03    0.9286279543E-04    0.1980604813E-19    0.2132549206E-03
   The R.M.S Residuals are 
    0.5613285906E-04    0.6835853619E-04    0.2353758362E-04    0.2649624697E-20    0.5205884433E-04
 CPU wall time in this step:  0.11567513100000015     
 Averaged CPU wall time is:  0.10919299836363637     
   DBG iter           1  maxU2=   30.000000000000000       maxFi=   2.9952280356782855E-002  maxFj=   6.4845906070652687E-002  Fi(21,1,1)=   0.0000000000000000       Fi(21,21,1)=   0.0000000000000000       Fi(41,21,1)=   0.0000000000000000     
   DBG div max=   1.8563877076520068E-002  res_p=   1.8563877076520068E-002
   SIMPLE iter           1  res_p=   1.8563877076520068E-002  u(1,1,1)=  -4.1648949437031187E-002  p(1,1,1)=   27313.859744670386     
   DBG iter           2  maxU2=   30.000000000000000       maxFi=   1.0557180531326744E-002  maxFj=   1.6422426090787656E-002  Fi(21,1,1)=   0.0000000000000000       Fi(21,21,1)=   0.0000000000000000       Fi(41,21,1)=   0.0000000000000000     
   DBG div max=   9.4059125308570864E-003  res_p=   9.4059125308570864E-003
   SIMPLE iter           2  res_p=   9.4059125308570864E-003  u(1,1,1)= -0.18088138015316793       p(1,1,1)=   27313.964072933843     
   DBG iter           3  maxU2=   30.000000000000000       maxFi=   7.8417237698669099E-003  maxFj=   4.6012010664144412E-002  Fi(21,1,1)=   0.0000000000000000       Fi(21,21,1)=   0.0000000000000000       Fi(41,21,1)=   0.0000000000000000     
   DBG div max=   8.7535165082543026E-003  res_p=   8.7535165082543026E-003
   SIMPLE iter           3  res_p=   8.7535165082543026E-003  u(1,1,1)= -0.19523858282045625       p(1,1,1)=   27313.963484057364     
   SIMPLE iter           4  res_p=   4.8113562758457309E-003  u(1,1,1)= -0.16621360321110606       p(1,1,1)=   27313.967358215850     
   SIMPLE iter           5  res_p=   5.1858825075907604E-003  u(1,1,1)= -0.15329324158360150       p(1,1,1)=   27313.975702644289     
 DEBUG T iter          50 min   300.04900097800817      max   1291.5015565010156     
 Low-speed solver Block           1  SIMPLE iterations:          61  res_p:   1.7809282630405418E-004
 --------------Force and Moment -----------------------------
 Total Force Coefficient (CL, CD, CS) =
  -3.8815758060293866E-002   4.3465657048106253E-002  -1.2848414082436261E-020
 Total Moment Coefficient(CMx, CMy, CMz)=
   9.7039395150734630E-003   1.0866414262026563E-002  -1.7972160354717697E-002
 Kstep, t=          23   23.000000000000000     
 ----------The Max Residuals are--------  ---Mesh---           1
    0.2128695965E-03    0.2800597474E-03    0.9197413168E-04    0.1877517591E-19    0.2046258971E-03
   The R.M.S Residuals are 
    0.5609350955E-04    0.6799876392E-04    0.2338548150E-04    0.2736801347E-20    0.5189033611E-04
 CPU wall time in this step:  0.10411368599999982     
 Averaged CPU wall time is:  0.10897215869565216     
   DBG iter           1  maxU2=   30.000000000000000       maxFi=   2.9956568504336839E-002  maxFj=   6.4851745351031331E-002  Fi(21,1,1)=   0.0000000000000000       Fi(21,21,1)=   0.0000000000000000       Fi(41,21,1)=   0.0000000000000000     
   DBG div max=   1.8566547003628614E-002  res_p=   1.8566547003628614E-002
   SIMPLE iter           1  res_p=   1.8566547003628614E-002  u(1,1,1)=  -4.1648628068541478E-002  p(1,1,1)=   27313.859744020934     
   DBG iter           2  maxU2=   30.000000000000000       maxFi=   1.0558978903758334E-002  maxFj=   1.6422946697278198E-002  Fi(21,1,1)=   0.0000000000000000       Fi(21,21,1)=   0.0000000000000000       Fi(41,21,1)=   0.0000000000000000     
   DBG div max=   9.4073894810106640E-003  res_p=   9.4073894810106640E-003
   SIMPLE iter           2  res_p=   9.4073894810106640E-003  u(1,1,1)= -0.18088402165363554       p(1,1,1)=   27313.964074224932     
   DBG iter           3  maxU2=   30.000000000000000       maxFi=   7.8434332318843419E-003  maxFj=   4.6019198049456818E-002  Fi(21,1,1)=   0.0000000000000000       Fi(21,21,1)=   0.0000000000000000       Fi(41,21,1)=   0.0000000000000000     
   DBG div max=   8.7564424720238399E-003  res_p=   8.7564424720238399E-003
   SIMPLE iter           3  res_p=   8.7564424720238399E-003  u(1,1,1)= -0.19524266417750943       p(1,1,1)=   27313.963486618159     
   SIMPLE iter           4  res_p=   4.8127734220040491E-003  u(1,1,1)= -0.16621593425181241       p(1,1,1)=   27313.967359924900     
   SIMPLE iter           5  res_p=   5.1884446315621884E-003  u(1,1,1)= -0.15329655390303296       p(1,1,1)=   27313.975705694858     
 DEBUG T iter          50 min   300.04885969747579      max   1288.0869847643391     
 Low-speed solver Block           1  SIMPLE iterations:          61  res_p:   1.7808203317438986E-004
 --------------Force and Moment -----------------------------
 Total Force Coefficient (CL, CD, CS) =
  -3.8092173349358105E-002   4.2240208485987363E-002  -1.1952348994453485E-020
 Total Moment Coefficient(CMx, CMy, CMz)=
   9.5230433373395262E-003   1.0560052121496841E-002  -1.7637127944269450E-002
 Kstep, t=          24   24.000000000000000     
 ----------The Max Residuals are--------  ---Mesh---           1
    0.2085800115E-03    0.2708042674E-03    0.8872425012E-04    0.2111016622E-19    0.2009135098E-03
   The R.M.S Residuals are 
    0.5598856513E-04    0.6758888108E-04    0.2320205573E-04    0.2960812335E-20    0.5165176136E-04
 CPU wall time in this step:  0.10511771000000003     
 Averaged CPU wall time is:  0.10881155666666666     
   DBG iter           1  maxU2=   30.000000000000000       maxFi=   2.9959088225950239E-002  maxFj=   6.4855173150697276E-002  Fi(21,1,1)=   0.0000000000000000       Fi(21,21,1)=   0.0000000000000000       Fi(41,21,1)=   0.0000000000000000     
   DBG div max=   1.8568116921618069E-002  res_p=   1.8568116921618069E-002
   SIMPLE iter           1  res_p=   1.8568116921618069E-002  u(1,1,1)=  -4.1648439329571733E-002  p(1,1,1)=   27313.859743652192     
   DBG iter           2  maxU2=   30.000000000000000       maxFi=   1.0560031933354147E-002  maxFj=   1.6423254838892253E-002  Fi(21,1,1)=   0.0000000000000000       Fi(21,21,1)=   0.0000000000000000       Fi(41,21,1)=   0.0000000000000000     
   DBG div max=   9.4082586550139000E-003  res_p=   9.4082586550139000E-003
   SIMPLE iter           2  res_p=   9.4082586550139000E-003  u(1,1,1)= -0.18088549513837432       p(1,1,1)=   27313.964074929208     
   DBG iter           3  maxU2=   30.000000000000000       maxFi=   7.8444326830645530E-003  maxFj=   4.6023413158327538E-002  Fi(21,1,1)=   0.0000000000000000       Fi(21,21,1)=   0.0000000000000000       Fi(41,21,1)=   0.0000000000000000     
   DBG div max=   8.7581566208187328E-003  res_p=   8.7581566208187328E-003
   SIMPLE iter           3  res_p=   8.7581566208187328E-003  u(1,1,1)= -0.19524498194937046       p(1,1,1)=   27313.963488071746     
   SIMPLE iter           4  res_p=   4.8136045427638052E-003  u(1,1,1)= -0.16621723307951972       p(1,1,1)=   27313.967360875078     
   SIMPLE iter           5  res_p=   5.1899459313826633E-003  u(1,1,1)= -0.15329843522783823       p(1,1,1)=   27313.975707429410     
 DEBUG T iter          50 min   300.04869820576573      max   1284.3235072725054     
 Low-speed solver Block           1  SIMPLE iterations:          61  res_p:   1.7807550351529172E-004
 --------------Force and Moment -----------------------------
 Total Force Coefficient (CL, CD, CS) =
  -3.7412164246193973E-002   4.1105569389760274E-002  -9.3403302825533362E-021
 Total Moment Coefficient(CMx, CMy, CMz)=
   9.3530410615484914E-003   1.0276392347440069E-002  -1.7322271637754273E-002
 Kstep, t=          25   25.000000000000000     
 ----------The Max Residuals are--------  ---Mesh---           1
    0.2013135426E-03    0.2590169780E-03    0.8806523329E-04    0.1917393028E-19    0.1939595157E-03
   The R.M.S Residuals are 
    0.5584119539E-04    0.6715039124E-04    0.2302411349E-04    0.2838515999E-20    0.5139826887E-04
 CPU wall time in this step:  0.10468829700000004     
 Averaged CPU wall time is:  0.10864662627999999     
   DBG iter           1  maxU2=   30.000000000000000       maxFi=   2.9960568630757457E-002  maxFj=   6.4857184981571461E-002  Fi(21,1,1)=   0.0000000000000000       Fi(21,21,1)=   0.0000000000000000       Fi(41,21,1)=   0.0000000000000000     
   DBG div max=   1.8569039985771058E-002  res_p=   1.8569039985771058E-002
   SIMPLE iter           1  res_p=   1.8569039985771058E-002  u(1,1,1)=  -4.1648329631178961E-002  p(1,1,1)=   27313.859743443420     
   DBG iter           2  maxU2=   30.000000000000000       maxFi=   1.0560648403769923E-002  maxFj=   1.6423437225976688E-002  Fi(21,1,1)=   0.0000000000000000       Fi(21,21,1)=   0.0000000000000000       Fi(41,21,1)=   0.0000000000000000     
   DBG div max=   9.4087700982880655E-003  res_p=   9.4087700982880655E-003
   SIMPLE iter           2  res_p=   9.4087700982880655E-003  u(1,1,1)= -0.18088631670406907       p(1,1,1)=   27313.964075312433     
   DBG iter           3  maxU2=   30.000000000000000       maxFi=   7.8450168175494862E-003  maxFj=   4.6025884345436543E-002  Fi(21,1,1)=   0.0000000000000000       Fi(21,21,1)=   0.0000000000000000       Fi(41,21,1)=   0.0000000000000000     
   DBG div max=   8.7591604571395296E-003  res_p=   8.7591604571395296E-003
   SIMPLE iter           3  res_p=   8.7591604571395296E-003  u(1,1,1)= -0.19524629847686628       p(1,1,1)=   27313.963488896847     
   SIMPLE iter           4  res_p=   4.8140918197593120E-003  u(1,1,1)= -0.16621795653337909       p(1,1,1)=   27313.967361402949     
   SIMPLE iter           5  res_p=   5.1908252270843960E-003  u(1,1,1)= -0.15329950429476882       p(1,1,1)=   27313.975708415735     
 DEBUG T iter          50 min   300.04851838335640      max   1280.2451328209286     
 Low-speed solver Block           1  SIMPLE iterations:          61  res_p:   1.7807155296716698E-004
 --------------Force and Moment -----------------------------
 Total Force Coefficient (CL, CD, CS) =
  -3.6771796753778618E-002   4.0050524149399663E-002  -3.8049187441958502E-021
 Total Moment Coefficient(CMx, CMy, CMz)=
   9.1929491884446581E-003   1.0012631037349916E-002  -1.7025769938646275E-002
 Kstep, t=          26   26.000000000000000     
 ----------The Max Residuals are--------  ---Mesh---           1
    0.1988227435E-03    0.2525347019E-03    0.8548426912E-04    0.2954857492E-19    0.1860651358E-03
   The R.M.S Residuals are 
    0.5564590210E-04    0.6667722075E-04    0.2282739585E-04    0.2991073370E-20    0.5109364224E-04
 CPU wall time in this step:  0.10797069199999987     
 Averaged CPU wall time is:  0.10862062880769230     
   DBG iter           1  maxU2=   30.000000000000000       maxFi=   2.9961438303053207E-002  maxFj=   6.4858365540896135E-002  Fi(21,1,1)=   0.0000000000000000       Fi(21,21,1)=   0.0000000000000000       Fi(41,21,1)=   0.0000000000000000     
   DBG div max=   1.8569582686680783E-002  res_p=   1.8569582686680783E-002
   SIMPLE iter           1  res_p=   1.8569582686680783E-002  u(1,1,1)=  -4.1648266402872169E-002  p(1,1,1)=   27313.859743325505     
   DBG iter           2  maxU2=   30.000000000000000       maxFi=   1.0561009234755328E-002  maxFj=   1.6423545171599319E-002  Fi(21,1,1)=   0.0000000000000000       Fi(21,21,1)=   0.0000000000000000       Fi(41,21,1)=   0.0000000000000000     
   DBG div max=   9.4090710070996713E-003  res_p=   9.4090710070996713E-003
   SIMPLE iter           2  res_p=   9.4090710070996713E-003  u(1,1,1)= -0.18088677450073745       p(1,1,1)=   27313.964075520351     
   DBG iter           3  maxU2=   30.000000000000000       maxFi=   7.8453581170634529E-003  maxFj=   4.6027332709378616E-002  Fi(21,1,1)=   0.0000000000000000       Fi(21,21,1)=   0.0000000000000000       Fi(41,21,1)=   0.0000000000000000     
   DBG div max=   8.7597481245821965E-003  res_p=   8.7597481245821965E-003
   SIMPLE iter           3  res_p=   8.7597481245821965E-003  u(1,1,1)= -0.19524704639082513       p(1,1,1)=   27313.963489365156     
   SIMPLE iter           4  res_p=   4.8143774242314676E-003  u(1,1,1)= -0.16621835930134971       p(1,1,1)=   27313.967361695912     
   SIMPLE iter           5  res_p=   5.1913400290224503E-003  u(1,1,1)= -0.15330011203401378       p(1,1,1)=   27313.975708976574     
 DEBUG T iter          50 min   300.04832255653685      max   1275.9014758295443     
 Low-speed solver Block           1  SIMPLE iterations:          61  res_p:   1.7806916331905565E-004
 --------------Force and Moment -----------------------------
 Total Force Coefficient (CL, CD, CS) =
  -3.6167479034821925E-002   3.9065834534732280E-002  -4.1537276231062146E-021
 Total Moment Coefficient(CMx, CMy, CMz)=
   9.0418697587054796E-003   9.7664586336830700E-003  -1.6745959790712247E-002
 Kstep, t=          27   27.000000000000000     
 ----------The Max Residuals are--------  ---Mesh---           1
    0.1937119545E-03    0.2442523274E-03    0.8378191176E-04    0.2331959512E-19    0.1817413931E-03
   The R.M.S Residuals are 
    0.5539588277E-04    0.6615932584E-04    0.2262853903E-04    0.2979356634E-20    0.5075875674E-04
 CPU wall time in this step:  0.11553680600000016     
 Averaged CPU wall time is:  0.10887678351851851     
   DBG iter           1  maxU2=   30.000000000000000       maxFi=   2.9961949135723722E-002  maxFj=   6.4859058176379963E-002  Fi(21,1,1)=   0.0000000000000000       Fi(21,21,1)=   0.0000000000000000       Fi(41,21,1)=   0.0000000000000000     
   DBG div max=   1.8569901737525363E-002  res_p=   1.8569901737525363E-002
   SIMPLE iter           1  res_p=   1.8569901737525363E-002  u(1,1,1)=  -4.1648230228181489E-002  p(1,1,1)=   27313.859743258996     
   DBG iter           2  maxU2=   30.000000000000000       maxFi=   1.0561220399179023E-002  maxFj=   1.6423609051086058E-002  Fi(21,1,1)=   0.0000000000000000       Fi(21,21,1)=   0.0000000000000000       Fi(41,21,1)=   0.0000000000000000     
   DBG div max=   9.4092480247394018E-003  res_p=   9.4092480247394018E-003
   SIMPLE iter           2  res_p=   9.4092480247394018E-003  u(1,1,1)= -0.18088702941951185       p(1,1,1)=   27313.964075632706     
   DBG iter           3  maxU2=   30.000000000000000       maxFi=   7.8455574796067636E-003  maxFj=   4.6028181371851822E-002  Fi(21,1,1)=   0.0000000000000000       Fi(21,21,1)=   0.0000000000000000       Fi(41,21,1)=   0.0000000000000000     
   DBG div max=   8.7600920520178732E-003  res_p=   8.7600920520178732E-003
   SIMPLE iter           3  res_p=   8.7600920520178732E-003  u(1,1,1)= -0.19524747132270601       p(1,1,1)=   27313.963489630853     
   SIMPLE iter           4  res_p=   4.8145447800033124E-003  u(1,1,1)= -0.16621858339524806       p(1,1,1)=   27313.967361858249     
   SIMPLE iter           5  res_p=   5.1916413335362926E-003  u(1,1,1)= -0.15330045764184969       p(1,1,1)=   27313.975709295388     
 DEBUG T iter          50 min   300.04811307175032      max   1271.3509750508738     
 Low-speed solver Block           1  SIMPLE iterations:          61  res_p:   1.7806771842641261E-004
 --------------Force and Moment -----------------------------
 Total Force Coefficient (CL, CD, CS) =
  -3.5595966379023673E-002   3.8143773849653624E-002  -1.1588044573046489E-020
 Total Moment Coefficient(CMx, CMy, CMz)=
   8.8989915947559201E-003   9.5359434624134060E-003  -1.6481338859828373E-002
 Kstep, t=          28   28.000000000000000     
 ----------The Max Residuals are--------  ---Mesh---           1
    0.1871946988E-03    0.2343466581E-03    0.8185647996E-04    0.1757230182E-19    0.1754471175E-03
   The R.M.S Residuals are 
    0.5512219052E-04    0.6562601797E-04    0.2241965568E-04    0.2938859859E-20    0.5039579180E-04
 CPU wall time in this step:  0.11935416900000018     
 Averaged CPU wall time is:  0.10925097585714286     
   DBG iter           1  maxU2=   30.000000000000000       maxFi=   2.9962249155175424E-002  maxFj=   6.4859464472338785E-002  Fi(21,1,1)=   0.0000000000000000       Fi(21,21,1)=   0.0000000000000000       Fi(41,21,1)=   0.0000000000000000     
   DBG div max=   1.8570089292115469E-002  res_p=   1.8570089292115469E-002
   SIMPLE iter           1  res_p=   1.8570089292115469E-002  u(1,1,1)=  -4.1648209712152724E-002  p(1,1,1)=   27313.859743221528     
   DBG iter           2  maxU2=   30.000000000000000       maxFi=   1.0561343955885268E-002  maxFj=   1.6423646847426792E-002  Fi(21,1,1)=   0.0000000000000000       Fi(21,21,1)=   0.0000000000000000       Fi(41,21,1)=   0.0000000000000000     
   DBG div max=   9.4093521462470277E-003  res_p=   9.4093521462470277E-003
   SIMPLE iter           2  res_p=   9.4093521462470277E-003  u(1,1,1)= -0.18088717128232687       p(1,1,1)=   27313.964075693151     
   DBG iter           3  maxU2=   30.000000000000000       maxFi=   7.8456739042563721E-003  maxFj=   4.6028678517689596E-002  Fi(21,1,1)=   0.0000000000000000       Fi(21,21,1)=   0.0000000000000000       Fi(41,21,1)=   0.0000000000000000     
   DBG div max=   8.7602932743380962E-003  res_p=   8.7602932743380962E-003
   SIMPLE iter           3  res_p=   8.7602932743380962E-003  u(1,1,1)= -0.19524771280083386       p(1,1,1)=   27313.963489781541     
   SIMPLE iter           4  res_p=   4.8146428212640681E-003  u(1,1,1)= -0.16621870801880070       p(1,1,1)=   27313.967361948049     
   SIMPLE iter           5  res_p=   5.1918176305931034E-003  u(1,1,1)= -0.15330065426469566       p(1,1,1)=   27313.975709476570     
 DEBUG T iter          50 min   300.04789211123887      max   1266.6162371987734     
 Low-speed solver Block           1  SIMPLE iterations:          61  res_p:   1.7806684517008425E-004
 --------------Force and Moment -----------------------------
 Total Force Coefficient (CL, CD, CS) =
  -3.5054330027120079E-002   3.7277803974591468E-002  -8.2433467210922369E-021
 Total Moment Coefficient(CMx, CMy, CMz)=
   8.7635825067800214E-003   9.3194509936478671E-003  -1.6230551096192255E-002
 Kstep, t=          29   29.000000000000000     
 ----------The Max Residuals are--------  ---Mesh---           1
    0.1838847905E-03    0.2273445610E-03    0.7924198418E-04    0.2155033455E-19    0.1682446207E-03
   The R.M.S Residuals are 
    0.5478438822E-04    0.6503751090E-04    0.2220544835E-04    0.3025814643E-20    0.4999366831E-04
 CPU wall time in this step:  0.10802176599999980     
 Averaged CPU wall time is:  0.10920858931034483     
   DBG iter           1  maxU2=   30.000000000000000       maxFi=   2.9962425339623337E-002  maxFj=   6.4859702759951385E-002  Fi(21,1,1)=   0.0000000000000000       Fi(21,21,1)=   0.0000000000000000       Fi(41,21,1)=   0.0000000000000000     
   DBG div max=   1.8570199537619788E-002  res_p=   1.8570199537619788E-002
   SIMPLE iter           1  res_p=   1.8570199537619788E-002  u(1,1,1)=  -4.1648198118845091E-002  p(1,1,1)=   27313.859743200417     
   DBG iter           2  maxU2=   30.000000000000000       maxFi=   1.0561416239976189E-002  maxFj=   1.6423669206890243E-002  Fi(21,1,1)=   0.0000000000000000       Fi(21,21,1)=   0.0000000000000000       Fi(41,21,1)=   0.0000000000000000     
   DBG div max=   9.4094133819497897E-003  res_p=   9.4094133819497897E-003
   SIMPLE iter           2  res_p=   9.4094133819497897E-003  u(1,1,1)= -0.18088725014380369       p(1,1,1)=   27313.964075725467     
   DBG iter           3  maxU2=   30.000000000000000       maxFi=   7.8457418786314070E-003  maxFj=   4.6028969675466345E-002  Fi(21,1,1)=   0.0000000000000000       Fi(21,21,1)=   0.0000000000000000       Fi(41,21,1)=   0.0000000000000000     
   DBG div max=   8.7604109712612621E-003  res_p=   8.7604109712612621E-003
   SIMPLE iter           3  res_p=   8.7604109712612621E-003  u(1,1,1)= -0.19524785001271702       p(1,1,1)=   27313.963489866936     
   SIMPLE iter           4  res_p=   4.8147002426256191E-003  u(1,1,1)= -0.16621877725007550       p(1,1,1)=   27313.967361997598     
   SIMPLE iter           5  res_p=   5.1919207564035570E-003  u(1,1,1)= -0.15330076614294999       p(1,1,1)=   27313.975709579478     
 DEBUG T iter          50 min   300.04766162466035      max   1261.7299388876968     
 Low-speed solver Block           1  SIMPLE iterations:          61  res_p:   1.7806631766783057E-004
 --------------Force and Moment -----------------------------
 Total Force Coefficient (CL, CD, CS) =
  -3.4539923758283755E-002   3.6462332807673796E-002  -7.7416944110518175E-021
 Total Moment Coefficient(CMx, CMy, CMz)=
   8.6349809395709371E-003   9.1155832019184490E-003  -1.5992371265367136E-002
 Kstep, t=          30   30.000000000000000     
 ----------The Max Residuals are--------  ---Mesh---           1
    0.1785953472E-03    0.2254864396E-03    0.7779049130E-04    0.2299224607E-19    0.1638112127E-03
   The R.M.S Residuals are 
    0.5444230708E-04    0.6444936664E-04    0.2198807361E-04    0.3170327553E-20    0.4957875144E-04
 write flow3d.dat ......
 write flow3d.dat OK
 write VTK files ......
 write VTK files OK
 CPU wall time in this step:  0.19406059400000020     
 Averaged CPU wall time is:  0.11203698946666667     
   DBG iter           1  maxU2=   30.000000000000000       maxFi=   2.9962528790124912E-002  maxFj=   6.4859842487470704E-002  Fi(21,1,1)=   0.0000000000000000       Fi(21,21,1)=   0.0000000000000000       Fi(41,21,1)=   0.0000000000000000     
   DBG div max=   1.8570264335085646E-002  res_p=   1.8570264335085646E-002
   SIMPLE iter           1  res_p=   1.8570264335085646E-002  u(1,1,1)=  -4.1648191633595844E-002  p(1,1,1)=   27313.859743188546     
   DBG iter           2  maxU2=   30.000000000000000       maxFi=   1.0561458521561887E-002  maxFj=   1.6423682431719405E-002  Fi(21,1,1)=   0.0000000000000000       Fi(21,21,1)=   0.0000000000000000       Fi(41,21,1)=   0.0000000000000000     
   DBG div max=   9.4094493908208135E-003  res_p=   9.4094493908208135E-003
   SIMPLE iter           2  res_p=   9.4094493908208135E-003  u(1,1,1)= -0.18088729395494593       p(1,1,1)=   27313.964075742653     
   DBG iter           3  maxU2=   30.000000000000000       maxFi=   7.8457815564831872E-003  maxFj=   4.6029140154774412E-002  Fi(21,1,1)=   0.0000000000000000       Fi(21,21,1)=   0.0000000000000000       Fi(41,21,1)=   0.0000000000000000     
   DBG div max=   8.7604797948222374E-003  res_p=   8.7604797948222374E-003
   SIMPLE iter           3  res_p=   8.7604797948222374E-003  u(1,1,1)= -0.19524792800045609       p(1,1,1)=   27313.963489915321     
   SIMPLE iter           4  res_p=   4.8147338657043674E-003  u(1,1,1)= -0.16621881569286190       p(1,1,1)=   27313.967362024894     
   SIMPLE iter           5  res_p=   5.1919810648110298E-003  u(1,1,1)= -0.15330082983287194       p(1,1,1)=   27313.975709637918     
 DEBUG T iter          50 min   300.04742327506636      max   1256.7184874820443     
 Low-speed solver Block           1  SIMPLE iterations:          61  res_p:   1.7806599924839392E-004
 --------------Force and Moment -----------------------------
 Total Force Coefficient (CL, CD, CS) =
  -3.4050358862291970E-002   3.5692534143125135E-002  -6.3519321250573944E-021
 Total Moment Coefficient(CMx, CMy, CMz)=
   8.5125897155729924E-003   8.9231335357812837E-003  -1.5765693361607810E-002
 Kstep, t=          31   31.000000000000000     
 ----------The Max Residuals are--------  ---Mesh---           1
    0.1728026109E-03    0.2218121270E-03    0.7589109540E-04    0.2424287409E-19    0.1579317060E-03
   The R.M.S Residuals are 
    0.5403403391E-04    0.6380401148E-04    0.2176218459E-04    0.3188719936E-20    0.4912489525E-04
 CPU wall time in this step:  0.11555378399999983     
 Averaged CPU wall time is:  0.11215043445161291     
   DBG iter           1  maxU2=   30.000000000000000       maxFi=   2.9962589525679775E-002  maxFj=   6.4859924406431388E-002  Fi(21,1,1)=   0.0000000000000000       Fi(21,21,1)=   0.0000000000000000       Fi(41,21,1)=   0.0000000000000000     
   DBG div max=   1.8570302416987212E-002  res_p=   1.8570302416987212E-002
   SIMPLE iter           1  res_p=   1.8570302416987212E-002  u(1,1,1)=  -4.1648188032143249E-002  p(1,1,1)=   27313.859743181867     
   DBG iter           2  maxU2=   30.000000000000000       maxFi=   1.0561483249790416E-002  maxFj=   1.6423690252197098E-002  Fi(21,1,1)=   0.0000000000000000       Fi(21,21,1)=   0.0000000000000000       Fi(41,21,1)=   0.0000000000000000     
   DBG div max=   9.4094705622429654E-003  res_p=   9.4094705622429654E-003
   SIMPLE iter           2  res_p=   9.4094705622429654E-003  u(1,1,1)= -0.18088731827546151       p(1,1,1)=   27313.964075751712     
   DBG iter           3  maxU2=   30.000000000000000       maxFi=   7.8458047120969591E-003  maxFj=   4.6029239951438643E-002  Fi(21,1,1)=   0.0000000000000000       Fi(21,21,1)=   0.0000000000000000       Fi(41,21,1)=   0.0000000000000000     
   DBG div max=   8.7605200290686580E-003  res_p=   8.7605200290686580E-003
   SIMPLE iter           3  res_p=   8.7605200290686580E-003  u(1,1,1)= -0.19524797233103530       p(1,1,1)=   27313.963489942707     
   SIMPLE iter           4  res_p=   4.8147535492254513E-003  u(1,1,1)= -0.16621883702063750       p(1,1,1)=   27313.967362039883     
   SIMPLE iter           5  res_p=   5.1920163247374702E-003  u(1,1,1)= -0.15330086610386903       p(1,1,1)=   27313.975709671082     
 DEBUG T iter          50 min   300.04717842855831      max   1251.6030429157313     
 Low-speed solver Block           1  SIMPLE iterations:          61  res_p:   1.7806580713760484E-004
 --------------Force and Moment -----------------------------
 Total Force Coefficient (CL, CD, CS) =
  -3.3583483114519697E-002   3.4964210436441601E-002  -4.2331574095161166E-021
 Total Moment Coefficient(CMx, CMy, CMz)=
   8.3958707786299241E-003   8.7410526091104002E-003  -1.5549520874183542E-002
 Kstep, t=          32   32.000000000000000     
 ----------The Max Residuals are--------  ---Mesh---           1
    0.1688367400E-03    0.2168194596E-03    0.7378924124E-04    0.2437399554E-19    0.1515391463E-03
   The R.M.S Residuals are 
    0.5363240791E-04    0.6316803871E-04    0.2154057464E-04    0.3233029330E-20    0.4866614459E-04
 CPU wall time in this step:  0.10889598199999995     
 Averaged CPU wall time is:  0.11204873281250000     
   DBG iter           1  maxU2=   30.000000000000000       maxFi=   2.9962625179023674E-002  maxFj=   6.4859972425030388E-002  Fi(21,1,1)=   0.0000000000000000       Fi(21,21,1)=   0.0000000000000000       Fi(41,21,1)=   0.0000000000000000     
   DBG div max=   1.8570324795821807E-002  res_p=   1.8570324795821807E-002
   SIMPLE iter           1  res_p=   1.8570324795821807E-002  u(1,1,1)=  -4.1648186053398803E-002  p(1,1,1)=   27313.859743178120     
   DBG iter           2  maxU2=   30.000000000000000       maxFi=   1.0561497709814687E-002  maxFj=   1.6423694875844802E-002  Fi(21,1,1)=   0.0000000000000000       Fi(21,21,1)=   0.0000000000000000       Fi(41,21,1)=   0.0000000000000000     
   DBG div max=   9.4094830082760983E-003  res_p=   9.4094830082760983E-003
   SIMPLE iter           2  res_p=   9.4094830082760983E-003  u(1,1,1)= -0.18088733176395383       p(1,1,1)=   27313.964075756452     
   DBG iter           3  maxU2=   30.000000000000000       maxFi=   7.8458182226095654E-003  maxFj=   4.6029298358209889E-002  Fi(21,1,1)=   0.0000000000000000       Fi(21,21,1)=   0.0000000000000000       Fi(41,21,1)=   0.0000000000000000     
   DBG div max=   8.7605435439579021E-003  res_p=   8.7605435439579021E-003
   SIMPLE iter           3  res_p=   8.7605435439579021E-003  u(1,1,1)= -0.19524799753615524       p(1,1,1)=   27313.963489958209     
   SIMPLE iter           4  res_p=   4.8147650697311709E-003  u(1,1,1)= -0.16621884884718166       p(1,1,1)=   27313.967362048097     
   SIMPLE iter           5  res_p=   5.1920369348149135E-003  u(1,1,1)= -0.15330088676875905       p(1,1,1)=   27313.975709689905     
 DEBUG T iter          50 min   300.04692818970000      max   1246.4007461107610     
 Low-speed solver Block           1  SIMPLE iterations:          61  res_p:   1.7806569130590644E-004
 --------------Force and Moment -----------------------------
 Total Force Coefficient (CL, CD, CS) =
  -3.3137360931071315E-002   3.4273686381569690E-002  -7.3377239388796532E-021
 Total Moment Coefficient(CMx, CMy, CMz)=
   8.2843402327678305E-003   8.5684215953924225E-003  -1.5342957599546705E-002
 Kstep, t=          33   33.000000000000000     
 ----------The Max Residuals are--------  ---Mesh---           1
    0.1634079351E-03    0.2112964750E-03    0.7199786613E-04    0.2419946326E-19    0.1469891297E-03
   The R.M.S Residuals are 
    0.5317296712E-04    0.6248265583E-04    0.2130788347E-04    0.3243269392E-20    0.4817538266E-04
 CPU wall time in this step:  0.11104143600000027     
 Averaged CPU wall time is:  0.11201820866666667     
   DBG iter           1  maxU2=   30.000000000000000       maxFi=   2.9962646105741550E-002  maxFj=   6.4860000567149717E-002  Fi(21,1,1)=   0.0000000000000000       Fi(21,21,1)=   0.0000000000000000       Fi(41,21,1)=   0.0000000000000000     
   DBG div max=   1.8570337945590071E-002  res_p=   1.8570337945590071E-002
   SIMPLE iter           1  res_p=   1.8570337945590071E-002  u(1,1,1)=  -4.1648184968893123E-002  p(1,1,1)=   27313.859743176010     
   DBG iter           2  maxU2=   30.000000000000000       maxFi=   1.0561506164153009E-002  maxFj=   1.6423697608901250E-002  Fi(21,1,1)=   0.0000000000000000       Fi(21,21,1)=   0.0000000000000000       Fi(41,21,1)=   0.0000000000000000     
   DBG div max=   9.4094903238375917E-003  res_p=   9.4094903238375917E-003
   SIMPLE iter           2  res_p=   9.4094903238375917E-003  u(1,1,1)= -0.18088733923252204       p(1,1,1)=   27313.964075758897     
   DBG iter           3  maxU2=   30.000000000000000       maxFi=   7.8458261038946049E-003  maxFj=   4.6029332533677726E-002  Fi(21,1,1)=   0.0000000000000000       Fi(21,21,1)=   0.0000000000000000       Fi(41,21,1)=   0.0000000000000000     
   DBG div max=   8.7605572837514620E-003  res_p=   8.7605572837514620E-003
   SIMPLE iter           3  res_p=   8.7605572837514620E-003  u(1,1,1)= -0.19524801186236374       p(1,1,1)=   27313.963489966973     
   SIMPLE iter           4  res_p=   4.8147718110505659E-003  u(1,1,1)= -0.16621885539490305       p(1,1,1)=   27313.967362052579     
   SIMPLE iter           5  res_p=   5.1920489789511852E-003  u(1,1,1)= -0.15330089854227252       p(1,1,1)=   27313.975709700571     
 DEBUG T iter          50 min   300.04667345336668      max   1241.1260314605115     
 Low-speed solver Block           1  SIMPLE iterations:          61  res_p:   1.7806562149495428E-004
 --------------Force and Moment -----------------------------
 Total Force Coefficient (CL, CD, CS) =
  -3.2710253741653809E-002   3.3617725459963797E-002  -8.8400060661999606E-021
 Total Moment Coefficient(CMx, CMy, CMz)=
   8.1775634354134541E-003   8.4044313649909493E-003  -1.5145198553987998E-002
 Kstep, t=          34   34.000000000000000     
 ----------The Max Residuals are--------  ---Mesh---           1
    0.1581906060E-03    0.2088674620E-03    0.7051252684E-04    0.3517977092E-19    0.1415086336E-03
   The R.M.S Residuals are 
    0.5271815754E-04    0.6180507587E-04    0.2108363253E-04    0.3480720548E-20    0.4768133748E-04
 CPU wall time in this step:  0.11044752400000002     
 Averaged CPU wall time is:  0.11197201205882354     
   DBG iter           1  maxU2=   30.000000000000000       maxFi=   2.9962658387120731E-002  maxFj=   6.4860017057457767E-002  Fi(21,1,1)=   0.0000000000000000       Fi(21,21,1)=   0.0000000000000000       Fi(41,21,1)=   0.0000000000000000     
   DBG div max=   1.8570345671528522E-002  res_p=   1.8570345671528522E-002
   SIMPLE iter           1  res_p=   1.8570345671528522E-002  u(1,1,1)=  -4.1648184389558481E-002  p(1,1,1)=   27313.859743174824     
   DBG iter           2  maxU2=   30.000000000000000       maxFi=   1.0561511106401009E-002  maxFj=   1.6423699224051205E-002  Fi(21,1,1)=   0.0000000000000000       Fi(21,21,1)=   0.0000000000000000       Fi(41,21,1)=   0.0000000000000000     
   DBG div max=   9.4094946231507159E-003  res_p=   9.4094946231507159E-003
   SIMPLE iter           2  res_p=   9.4094946231507159E-003  u(1,1,1)= -0.18088734337205872       p(1,1,1)=   27313.964075760141     
   DBG iter           3  maxU2=   30.000000000000000       maxFi=   7.8458307004349113E-003  maxFj=   4.6029352526424115E-002  Fi(21,1,1)=   0.0000000000000000       Fi(21,21,1)=   0.0000000000000000       Fi(41,21,1)=   0.0000000000000000     
   DBG div max=   8.7605653099711300E-003  res_p=   8.7605653099711300E-003
   SIMPLE iter           3  res_p=   8.7605653099711300E-003  u(1,1,1)= -0.19524802001387406       p(1,1,1)=   27313.963489971920     
   SIMPLE iter           4  res_p=   4.8147757549415644E-003  u(1,1,1)= -0.16621885902076150       p(1,1,1)=   27313.967362055013     
   SIMPLE iter           5  res_p=   5.1920560156977907E-003  u(1,1,1)= -0.15330090525585147       p(1,1,1)=   27313.975709706614     
 DEBUG T iter          50 min   300.04641496591302      max   1235.7919766992459     
 Low-speed solver Block           1  SIMPLE iterations:          61  res_p:   1.7806557946699678E-004
 --------------Force and Moment -----------------------------
 Total Force Coefficient (CL, CD, CS) =
  -3.2300600318557846E-002   3.2993463260346828E-002  -1.0126160173273080E-020
 Total Moment Coefficient(CMx, CMy, CMz)=
   8.0751500796394631E-003   8.2483658150867070E-003  -1.4955520865788557E-002
 Kstep, t=          35   35.000000000000000     
 ----------The Max Residuals are--------  ---Mesh---           1
    0.1538052656E-03    0.2051812312E-03    0.6889012989E-04    0.2291463730E-19    0.1382268187E-03
   The R.M.S Residuals are 
    0.5222540658E-04    0.6109645296E-04    0.2085101014E-04    0.3270932559E-20    0.4716747211E-04
 CPU wall time in this step:  0.10508547999999962     
 Averaged CPU wall time is:  0.11177525399999999     
   DBG iter           1  maxU2=   30.000000000000000       maxFi=   2.9962665593825731E-002  maxFj=   6.4860026718511279E-002  Fi(21,1,1)=   0.0000000000000000       Fi(21,21,1)=   0.0000000000000000       Fi(41,21,1)=   0.0000000000000000     
   DBG div max=   1.8570350210310629E-002  res_p=   1.8570350210310629E-002
   SIMPLE iter           1  res_p=   1.8570350210310629E-002  u(1,1,1)=  -4.1648184075541696E-002  p(1,1,1)=   27313.859743174158     
   DBG iter           2  maxU2=   30.000000000000000       maxFi=   1.0561513995145029E-002  maxFj=   1.6423700178359174E-002  Fi(21,1,1)=   0.0000000000000000       Fi(21,21,1)=   0.0000000000000000       Fi(41,21,1)=   0.0000000000000000     
   DBG div max=   9.4094971494492318E-003  res_p=   9.4094971494492318E-003
   SIMPLE iter           2  res_p=   9.4094971494492318E-003  u(1,1,1)= -0.18088734565575734       p(1,1,1)=   27313.964075760763     
   DBG iter           3  maxU2=   30.000000000000000       maxFi=   7.8458333807171349E-003  maxFj=   4.6029364219745551E-002  Fi(21,1,1)=   0.0000000000000000       Fi(21,21,1)=   0.0000000000000000       Fi(41,21,1)=   0.0000000000000000     
   DBG div max=   8.7605699974181162E-003  res_p=   8.7605699974181162E-003
   SIMPLE iter           3  res_p=   8.7605699974181162E-003  u(1,1,1)= -0.19524802464594057       p(1,1,1)=   27313.963489974714     
   SIMPLE iter           4  res_p=   4.8147780617574000E-003  u(1,1,1)= -0.16621886102358124       p(1,1,1)=   27313.967362056334     
   SIMPLE iter           5  res_p=   5.1920601259632243E-003  u(1,1,1)= -0.15330090908465011       p(1,1,1)=   27313.975709710041     
 DEBUG T iter          50 min   300.04615338962338      max   1230.4166223420914     
 Low-speed solver Block           1  SIMPLE iterations:          61  res_p:   1.7806555417388195E-004
 --------------Force and Moment -----------------------------
 Total Force Coefficient (CL, CD, CS) =
  -3.1906997502885753E-002   3.2398353521154430E-002  -6.7454551628782173E-021
 Total Moment Coefficient(CMx, CMy, CMz)=
   7.9767493757214349E-003   8.0995883802886075E-003  -1.4773274851213023E-002
 Kstep, t=          36   36.000000000000000     
 ----------The Max Residuals are--------  ---Mesh---           1
    0.1484640432E-03    0.2004901668E-03    0.6719549805E-04    0.2801303044E-19    0.1365616334E-03
   The R.M.S Residuals are 
    0.5172374512E-04    0.6038455313E-04    0.2062396754E-04    0.3497587697E-20    0.4664761221E-04
 CPU wall time in this step:  0.11677446300000049     
 Averaged CPU wall time is:  0.11191412091666668     
   DBG iter           1  maxU2=   30.000000000000000       maxFi=   2.9962669822164934E-002  maxFj=   6.4860032377526800E-002  Fi(21,1,1)=   0.0000000000000000       Fi(21,21,1)=   0.0000000000000000       Fi(41,21,1)=   0.0000000000000000     
   DBG div max=   1.8570352876571158E-002  res_p=   1.8570352876571158E-002
   SIMPLE iter           1  res_p=   1.8570352876571158E-002  u(1,1,1)=  -4.1648183912464727E-002  p(1,1,1)=   27313.859743173783     
   DBG iter           2  maxU2=   30.000000000000000       maxFi=   1.0561515683341943E-002  maxFj=   1.6423700742074557E-002  Fi(21,1,1)=   0.0000000000000000       Fi(21,21,1)=   0.0000000000000000       Fi(41,21,1)=   0.0000000000000000     
   DBG div max=   9.4094986337103503E-003  res_p=   9.4094986337103503E-003
   SIMPLE iter           2  res_p=   9.4094986337103503E-003  u(1,1,1)= -0.18088734691556455       p(1,1,1)=   27313.964075761065     
   DBG iter           3  maxU2=   30.000000000000000       maxFi=   7.8458349432921019E-003  maxFj=   4.6029371057420165E-002  Fi(21,1,1)=   0.0000000000000000       Fi(21,21,1)=   0.0000000000000000       Fi(41,21,1)=   0.0000000000000000     
   DBG div max=   8.7605727343072273E-003  res_p=   8.7605727343072273E-003
   SIMPLE iter           3  res_p=   8.7605727343072273E-003  u(1,1,1)= -0.19524802728024446       p(1,1,1)=   27313.963489976290     
   SIMPLE iter           4  res_p=   4.8147794107374423E-003  u(1,1,1)= -0.16621886212992193       p(1,1,1)=   27313.967362057043     
   SIMPLE iter           5  res_p=   5.1920625262811583E-003  u(1,1,1)= -0.15330091126901191       p(1,1,1)=   27313.975709711976     
 DEBUG T iter          50 min   300.04588937531423      max   1225.0098405052670     
 Low-speed solver Block           1  SIMPLE iterations:          61  res_p:   1.7806553897009580E-004
 --------------Force and Moment -----------------------------
 Total Force Coefficient (CL, CD, CS) =
  -3.1528181822163284E-002   3.1830123887530586E-002  -5.4987551717649768E-021
 Total Moment Coefficient(CMx, CMy, CMz)=
   7.8820454555408228E-003   7.9575309718826464E-003  -1.4597875503196578E-002
 Kstep, t=          37   37.000000000000000     
 ----------The Max Residuals are--------  ---Mesh---           1
    0.1436336672E-03    0.1951170928E-03    0.6553274569E-04    0.2624053748E-19    0.1352265484E-03
   The R.M.S Residuals are 
    0.5121068134E-04    0.5966533769E-04    0.2039657960E-04    0.3540629645E-20    0.4612115231E-04
 CPU wall time in this step:  0.11522422299999935     
 Averaged CPU wall time is:  0.11200358313513513     
   DBG iter           1  maxU2=   30.000000000000000       maxFi=   2.9962672302684401E-002  maxFj=   6.4860035691800599E-002  Fi(21,1,1)=   0.0000000000000000       Fi(21,21,1)=   0.0000000000000000       Fi(41,21,1)=   0.0000000000000000     
   DBG div max=   1.8570354442545352E-002  res_p=   1.8570354442545352E-002
   SIMPLE iter           1  res_p=   1.8570354442545352E-002  u(1,1,1)=  -4.1648183827223496E-002  p(1,1,1)=   27313.859743173572     
   DBG iter           2  maxU2=   30.000000000000000       maxFi=   1.0561516669800791E-002  maxFj=   1.6423701075001355E-002  Fi(21,1,1)=   0.0000000000000000       Fi(21,21,1)=   0.0000000000000000       Fi(41,21,1)=   0.0000000000000000     
   DBG div max=   9.4094995056025824E-003  res_p=   9.4094995056025824E-003
   SIMPLE iter           2  res_p=   9.4094995056025824E-003  u(1,1,1)= -0.18088734761283676       p(1,1,1)=   27313.964075761207     
   DBG iter           3  maxU2=   30.000000000000000       maxFi=   7.8458358540708876E-003  maxFj=   4.6029375054960603E-002  Fi(21,1,1)=   0.0000000000000000       Fi(21,21,1)=   0.0000000000000000       Fi(41,21,1)=   0.0000000000000000     
   DBG div max=   8.7605743319302681E-003  res_p=   8.7605743319302681E-003
   SIMPLE iter           3  res_p=   8.7605743319302681E-003  u(1,1,1)= -0.19524802877950898       p(1,1,1)=   27313.963489977177     
   SIMPLE iter           4  res_p=   4.8147801994414575E-003  u(1,1,1)= -0.16621886273886322       p(1,1,1)=   27313.967362057425     
   SIMPLE iter           5  res_p=   5.1920639277183989E-003  u(1,1,1)= -0.15330091251349406       p(1,1,1)=   27313.975709713075     
 DEBUG T iter          50 min   300.04562365589754      max   1219.5869186128234     
 Low-speed solver Block           1  SIMPLE iterations:          61  res_p:   1.7806552981333365E-004
 --------------Force and Moment -----------------------------
 Total Force Coefficient (CL, CD, CS) =
  -3.1163012437804814E-002   3.1286739232430569E-002  -6.3137955963253668E-021
 Total Moment Coefficient(CMx, CMy, CMz)=
   7.7907531094512025E-003   7.8216848081076422E-003  -1.4428794595769382E-002
 Kstep, t=          38   38.000000000000000     
 ----------The Max Residuals are--------  ---Mesh---           1
    0.1391452355E-03    0.1922581910E-03    0.6432483105E-04    0.2736391499E-19    0.1328004922E-03
   The R.M.S Residuals are 
    0.5068158741E-04    0.5893657449E-04    0.2017041487E-04    0.3570883217E-20    0.4558740267E-04
 CPU wall time in this step:  0.10155893700000007     
 Averaged CPU wall time is:  0.11172872402631578     
   DBG iter           1  maxU2=   30.000000000000000       maxFi=   2.9962673757700769E-002  maxFj=   6.4860037632506876E-002  Fi(21,1,1)=   0.0000000000000000       Fi(21,21,1)=   0.0000000000000000       Fi(41,21,1)=   0.0000000000000000     
   DBG div max=   1.8570355362249789E-002  res_p=   1.8570355362249789E-002
   SIMPLE iter           1  res_p=   1.8570355362249789E-002  u(1,1,1)=  -4.1648183787193177E-002  p(1,1,1)=   27313.859743173456     
   DBG iter           2  maxU2=   30.000000000000000       maxFi=   1.0561517246142516E-002  maxFj=   1.6423701271579664E-002  Fi(21,1,1)=   0.0000000000000000       Fi(21,21,1)=   0.0000000000000000       Fi(41,21,1)=   0.0000000000000000     
   DBG div max=   9.4095000177297251E-003  res_p=   9.4095000177297251E-003
   SIMPLE iter           2  res_p=   9.4095000177297251E-003  u(1,1,1)= -0.18088734799761169       p(1,1,1)=   27313.964075761272     
   DBG iter           3  maxU2=   30.000000000000000       maxFi=   7.8458363848463459E-003  maxFj=   4.6029377391573728E-002  Fi(21,1,1)=   0.0000000000000000       Fi(21,21,1)=   0.0000000000000000       Fi(41,21,1)=   0.0000000000000000     
   DBG div max=   8.7605752642952034E-003  res_p=   8.7605752642952034E-003
   SIMPLE iter           3  res_p=   8.7605752642952034E-003  u(1,1,1)= -0.19524802963468652       p(1,1,1)=   27313.963489977679     
   SIMPLE iter           4  res_p=   4.8147806604753318E-003  u(1,1,1)= -0.16621886307790196       p(1,1,1)=   27313.967362057629     
   SIMPLE iter           5  res_p=   5.1920647457672151E-003  u(1,1,1)= -0.15330091322753134       p(1,1,1)=   27313.975709713694     
 DEBUG T iter          50 min   300.04535699481647      max   1214.1591895042757     
 Low-speed solver Block           1  SIMPLE iterations:          61  res_p:   1.7806552431607475E-004
 --------------Force and Moment -----------------------------
 Total Force Coefficient (CL, CD, CS) =
  -3.0810455735829124E-002   3.0766370970026879E-002  -7.4957320242760799E-021
 Total Moment Coefficient(CMx, CMy, CMz)=
   7.7026139339572844E-003   7.6915927425067199E-003  -1.4265553549341621E-002
 Kstep, t=          39   39.000000000000000     
 ----------The Max Residuals are--------  ---Mesh---           1
    0.1340875150E-03    0.1884514893E-03    0.6306631561E-04    0.3345717861E-19    0.1294994378E-03
   The R.M.S Residuals are 
    0.5015191136E-04    0.5821130675E-04    0.1994973359E-04    0.3629028052E-20    0.4505419270E-04
 CPU wall time in this step:  0.10052528699999996     
 Averaged CPU wall time is:  0.11144145641025641     
   DBG iter           1  maxU2=   30.000000000000000       maxFi=   2.9962674611051329E-002  maxFj=   6.4860038768706607E-002  Fi(21,1,1)=   0.0000000000000000       Fi(21,21,1)=   0.0000000000000000       Fi(41,21,1)=   0.0000000000000000     
   DBG div max=   1.8570355902173777E-002  res_p=   1.8570355902173777E-002
   SIMPLE iter           1  res_p=   1.8570355902173777E-002  u(1,1,1)=  -4.1648183767196763E-002  p(1,1,1)=   27313.859743173394     
   DBG iter           2  maxU2=   30.000000000000000       maxFi=   1.0561517582805206E-002  maxFj=   1.6423701387614942E-002  Fi(21,1,1)=   0.0000000000000000       Fi(21,21,1)=   0.0000000000000000       Fi(41,21,1)=   0.0000000000000000     
   DBG div max=   9.4095003184591457E-003  res_p=   9.4095003184591457E-003
   SIMPLE iter           2  res_p=   9.4095003184591457E-003  u(1,1,1)= -0.18088734820941513       p(1,1,1)=   27313.964075761302     
   DBG iter           3  maxU2=   30.000000000000000       maxFi=   7.8458366940997656E-003  maxFj=   4.6029378757083635E-002  Fi(21,1,1)=   0.0000000000000000       Fi(21,21,1)=   0.0000000000000000       Fi(41,21,1)=   0.0000000000000000     
   DBG div max=   8.7605758083018348E-003  res_p=   8.7605758083018348E-003
   SIMPLE iter           3  res_p=   8.7605758083018348E-003  u(1,1,1)= -0.19524803012001068       p(1,1,1)=   27313.963489977963     
   SIMPLE iter           4  res_p=   4.8147809299142370E-003  u(1,1,1)= -0.16621886326304755       p(1,1,1)=   27313.967362057738     
   SIMPLE iter           5  res_p=   5.1920652231862673E-003  u(1,1,1)= -0.15330091363422599       p(1,1,1)=   27313.975709714046     
 DEBUG T iter          50 min   300.04508999866778      max   1208.7350859739017     
 Low-speed solver Block           1  SIMPLE iterations:          61  res_p:   1.7806552101835155E-004
 --------------Force and Moment -----------------------------
 Total Force Coefficient (CL, CD, CS) =
  -3.0469571742614603E-002   3.0267371182502230E-002  -6.2440764216304813E-021
 Total Moment Coefficient(CMx, CMy, CMz)=
   7.6173929356536489E-003   7.5668427956255575E-003  -1.4107717141030410E-002
 Kstep, t=          40   40.000000000000000     
 ----------The Max Residuals are--------  ---Mesh---           1
    0.1295083786E-03    0.1839608776E-03    0.6179682864E-04    0.3354403661E-19    0.1279235361E-03
   The R.M.S Residuals are 
    0.4961331212E-04    0.5748305377E-04    0.1973013427E-04    0.3686801673E-20    0.4451943615E-04
 write flow3d.dat ......
 write flow3d.dat OK
 write VTK files ......
 write VTK files OK
 CPU wall time in this step:  0.19502280800000005     
 Averaged CPU wall time is:  0.11353099019999999     
   DBG iter           1  maxU2=   30.000000000000000       maxFi=   2.9962675111485336E-002  maxFj=   6.4860039433792399E-002  Fi(21,1,1)=   0.0000000000000000       Fi(21,21,1)=   0.0000000000000000       Fi(41,21,1)=   0.0000000000000000     
   DBG div max=   1.8570356219350180E-002  res_p=   1.8570356219350180E-002
   SIMPLE iter           1  res_p=   1.8570356219350180E-002  u(1,1,1)=  -4.1648183756374579E-002  p(1,1,1)=   27313.859743173354     
   DBG iter           2  maxU2=   30.000000000000000       maxFi=   1.0561517779447008E-002  maxFj=   1.6423701456116838E-002  Fi(21,1,1)=   0.0000000000000000       Fi(21,21,1)=   0.0000000000000000       Fi(41,21,1)=   0.0000000000000000     
   DBG div max=   9.4095004950224548E-003  res_p=   9.4095004950224548E-003
   SIMPLE iter           2  res_p=   9.4095004950224548E-003  u(1,1,1)= -0.18088734832492842       p(1,1,1)=   27313.964075761305     
   DBG iter           3  maxU2=   30.000000000000000       maxFi=   7.8458368742508212E-003  maxFj=   4.6029379554892662E-002  Fi(21,1,1)=   0.0000000000000000       Fi(21,21,1)=   0.0000000000000000       Fi(41,21,1)=   0.0000000000000000     
   DBG div max=   8.7605761256455139E-003  res_p=   8.7605761256455139E-003
   SIMPLE iter           3  res_p=   8.7605761256455139E-003  u(1,1,1)= -0.19524803039504643       p(1,1,1)=   27313.963489978116     
   SIMPLE iter           4  res_p=   4.8147810873467450E-003  u(1,1,1)= -0.16621886336293812       p(1,1,1)=   27313.967362057789     
   SIMPLE iter           5  res_p=   5.1920655017488604E-003  u(1,1,1)= -0.15330091386411823       p(1,1,1)=   27313.975709714239     
 DEBUG T iter          50 min   300.04482310915932      max   1203.3209733494430     
 Low-speed solver Block           1  SIMPLE iterations:          61  res_p:   1.7806551904387888E-004
 --------------Force and Moment -----------------------------
 Total Force Coefficient (CL, CD, CS) =
  -3.0139502438431113E-002   2.9788250664079273E-002  -3.6512577006314503E-021
 Total Moment Coefficient(CMx, CMy, CMz)=
   7.5348756096077791E-003   7.4470626660198182E-003  -1.3954888093715381E-002
 Kstep, t=          41   41.000000000000000     
 ----------The Max Residuals are--------  ---Mesh---           1
    0.1251695228E-03    0.1791244010E-03    0.6054546054E-04    0.2350419938E-19    0.1259175192E-03
   The R.M.S Residuals are 
    0.4906934728E-04    0.5675393571E-04    0.1951427332E-04    0.3755319811E-20    0.4398493405E-04
 CPU wall time in this step:  0.16366288700000009     
 Averaged CPU wall time is:  0.11475371939024390     
   DBG iter           1  maxU2=   30.000000000000000       maxFi=   2.9962675404861906E-002  maxFj=   6.4860039823027391E-002  Fi(21,1,1)=   0.0000000000000000       Fi(21,21,1)=   0.0000000000000000       Fi(41,21,1)=   0.0000000000000000     
   DBG div max=   1.8570356405494412E-002  res_p=   1.8570356405494412E-002
   SIMPLE iter           1  res_p=   1.8570356405494412E-002  u(1,1,1)=  -4.1648183752280445E-002  p(1,1,1)=   27313.859743173332     
   DBG iter           2  maxU2=   30.000000000000000       maxFi=   1.0561517894279275E-002  maxFj=   1.6423701496512282E-002  Fi(21,1,1)=   0.0000000000000000       Fi(21,21,1)=   0.0000000000000000       Fi(41,21,1)=   0.0000000000000000     
   DBG div max=   9.4095005986732788E-003  res_p=   9.4095005986732788E-003
   SIMPLE iter           2  res_p=   9.4095005986732788E-003  u(1,1,1)= -0.18088734838940992       p(1,1,1)=   27313.964075761309     
   DBG iter           3  maxU2=   30.000000000000000       maxFi=   7.8458369791783219E-003  maxFj=   4.6029380020949265E-002  Fi(21,1,1)=   0.0000000000000000       Fi(21,21,1)=   0.0000000000000000       Fi(41,21,1)=   0.0000000000000000     
   DBG div max=   8.7605763107087217E-003  res_p=   8.7605763107087217E-003
   SIMPLE iter           3  res_p=   8.7605763107087217E-003  u(1,1,1)= -0.19524803055413148       p(1,1,1)=   27313.963489978207     
   SIMPLE iter           4  res_p=   4.8147811793186265E-003  u(1,1,1)= -0.16621886341991182       p(1,1,1)=   27313.967362057821     
   SIMPLE iter           5  res_p=   5.1920656642432360E-003  u(1,1,1)= -0.15330091400036822       p(1,1,1)=   27313.975709714352     
 DEBUG T iter          50 min   300.04455666252977      max   1197.9212994433233     
 Low-speed solver Block           1  SIMPLE iterations:          61  res_p:   1.7806551785494451E-004
 --------------Force and Moment -----------------------------
 Total Force Coefficient (CL, CD, CS) =
  -2.9819461948712607E-002   2.9327660184296216E-002  -1.9336437426560478E-021
 Total Moment Coefficient(CMx, CMy, CMz)=
   7.4548654871781517E-003   7.3319150460740539E-003  -1.3806702534549332E-002
 Kstep, t=          42   42.000000000000000     
 ----------The Max Residuals are--------  ---Mesh---           1
    0.1206101800E-03    0.1759802108E-03    0.5933150649E-04    0.2758101396E-19    0.1231802902E-03
   The R.M.S Residuals are 
    0.4853451125E-04    0.5603754039E-04    0.1930532056E-04    0.3855124560E-20    0.4345757723E-04
 CPU wall time in this step:  0.12514894600000037     
 Averaged CPU wall time is:  0.11500122478571428     
   DBG iter           1  maxU2=   30.000000000000000       maxFi=   2.9962675576882966E-002  maxFj=   6.4860040050830375E-002  Fi(21,1,1)=   0.0000000000000000       Fi(21,21,1)=   0.0000000000000000       Fi(41,21,1)=   0.0000000000000000     
   DBG div max=   1.8570356514869300E-002  res_p=   1.8570356514869300E-002
   SIMPLE iter           1  res_p=   1.8570356514869300E-002  u(1,1,1)=  -4.1648183740850463E-002  p(1,1,1)=   27313.859743173314     
   DBG iter           2  maxU2=   30.000000000000000       maxFi=   1.0561517961332791E-002  maxFj=   1.6423701520364289E-002  Fi(21,1,1)=   0.0000000000000000       Fi(21,21,1)=   0.0000000000000000       Fi(41,21,1)=   0.0000000000000000     
   DBG div max=   9.4095006595295780E-003  res_p=   9.4095006595295780E-003
   SIMPLE iter           2  res_p=   9.4095006595295780E-003  u(1,1,1)= -0.18088734841740872       p(1,1,1)=   27313.964075761298     
   DBG iter           3  maxU2=   30.000000000000000       maxFi=   7.8458370402749219E-003  maxFj=   4.6029380293179836E-002  Fi(21,1,1)=   0.0000000000000000       Fi(21,21,1)=   0.0000000000000000       Fi(41,21,1)=   0.0000000000000000     
   DBG div max=   8.7605764186368534E-003  res_p=   8.7605764186368534E-003
   SIMPLE iter           3  res_p=   8.7605764186368534E-003  u(1,1,1)= -0.19524803063504068       p(1,1,1)=   27313.963489978247     
   SIMPLE iter           4  res_p=   4.8147812330438661E-003  u(1,1,1)= -0.16621886344310652       p(1,1,1)=   27313.967362057825     
   SIMPLE iter           5  res_p=   5.1920657590298555E-003  u(1,1,1)= -0.15330091406755741       p(1,1,1)=   27313.975709714407     
 DEBUG T iter          50 min   300.04429089611267      max   1192.5390731489333     
 Low-speed solver Block           1  SIMPLE iterations:          61  res_p:   1.7806551716475355E-004
 --------------Force and Moment -----------------------------
 Total Force Coefficient (CL, CD, CS) =
  -2.9508728510332496E-002   2.8884374416377388E-002  -2.5419392226598467E-022
 Total Moment Coefficient(CMx, CMy, CMz)=
   7.3771821275831241E-003   7.2210936040943471E-003  -1.3662826275346209E-002
 Kstep, t=          43   43.000000000000000     
 ----------The Max Residuals are--------  ---Mesh---           1
    0.1186336077E-03    0.1722614020E-03    0.5816757648E-04    0.2902932683E-19    0.1200492902E-03
   The R.M.S Residuals are 
    0.4799411048E-04    0.5532101152E-04    0.1909819022E-04    0.3856549779E-20    0.4293175356E-04
 CPU wall time in this step:  0.11312899999999981     
 Averaged CPU wall time is:  0.11495768467441861     
   DBG iter           1  maxU2=   30.000000000000000       maxFi=   2.9962675677680146E-002  maxFj=   6.4860040184067561E-002  Fi(21,1,1)=   0.0000000000000000       Fi(21,21,1)=   0.0000000000000000       Fi(41,21,1)=   0.0000000000000000     
   DBG div max=   1.8570356579048774E-002  res_p=   1.8570356579048774E-002
   SIMPLE iter           1  res_p=   1.8570356579048774E-002  u(1,1,1)=  -4.1648183745452046E-002  p(1,1,1)=   27313.859743173311     
   DBG iter           2  maxU2=   30.000000000000000       maxFi=   1.0561518000492182E-002  maxFj=   1.6423701534425666E-002  Fi(21,1,1)=   0.0000000000000000       Fi(21,21,1)=   0.0000000000000000       Fi(41,21,1)=   0.0000000000000000     
   DBG div max=   9.4095006952234841E-003  res_p=   9.4095006952234841E-003
   SIMPLE iter           2  res_p=   9.4095006952234841E-003  u(1,1,1)= -0.18088734843961346       p(1,1,1)=   27313.964075761302     
   DBG iter           3  maxU2=   30.000000000000000       maxFi=   7.8458370758520083E-003  maxFj=   4.6029380452108005E-002  Fi(21,1,1)=   0.0000000000000000       Fi(21,21,1)=   0.0000000000000000       Fi(41,21,1)=   0.0000000000000000     
   DBG div max=   8.7605764815612969E-003  res_p=   8.7605764815612969E-003
   SIMPLE iter           3  res_p=   8.7605764815612969E-003  u(1,1,1)= -0.19524803069082605       p(1,1,1)=   27313.963489978283     
   SIMPLE iter           4  res_p=   4.8147812644066430E-003  u(1,1,1)= -0.16621886346436174       p(1,1,1)=   27313.967362057843     
   SIMPLE iter           5  res_p=   5.1920658143114924E-003  u(1,1,1)= -0.15330091411710184       p(1,1,1)=   27313.975709714450     
 DEBUG T iter          50 min   300.04402597265755      max   1187.1763581445703     
 Low-speed solver Block           1  SIMPLE iterations:          61  res_p:   1.7806551673153065E-004
 --------------Force and Moment -----------------------------
 Total Force Coefficient (CL, CD, CS) =
  -2.9206638033008533E-002   2.8457278083112176E-002   4.1229916203879237E-022
 Total Moment Coefficient(CMx, CMy, CMz)=
   7.3016595082521316E-003   7.1143195207780440E-003  -1.3522951831534145E-002
 Kstep, t=          44   44.000000000000000     
 ----------The Max Residuals are--------  ---Mesh---           1
    0.1168915277E-03    0.1681548586E-03    0.5723294258E-04    0.2767052213E-19    0.1183403740E-03
   The R.M.S Residuals are 
    0.4745865473E-04    0.5461421276E-04    0.1889756721E-04    0.3856781461E-20    0.4241295565E-04
 CPU wall time in this step:  0.10512864399999966     
 Averaged CPU wall time is:  0.11473429738636363     
   DBG iter           1  maxU2=   30.000000000000000       maxFi=   2.9962675736787667E-002  maxFj=   6.4860040262018623E-002  Fi(21,1,1)=   0.0000000000000000       Fi(21,21,1)=   0.0000000000000000       Fi(41,21,1)=   0.0000000000000000     
   DBG div max=   1.8570356616595809E-002  res_p=   1.8570356616595809E-002
   SIMPLE iter           1  res_p=   1.8570356616595809E-002  u(1,1,1)=  -4.1648183743363279E-002  p(1,1,1)=   27313.859743173307     
   DBG iter           2  maxU2=   30.000000000000000       maxFi=   1.0561518023349505E-002  maxFj=   1.6423701542717134E-002  Fi(21,1,1)=   0.0000000000000000       Fi(21,21,1)=   0.0000000000000000       Fi(41,21,1)=   0.0000000000000000     
   DBG div max=   9.4095007161995141E-003  res_p=   9.4095007161995141E-003
   SIMPLE iter           2  res_p=   9.4095007161995141E-003  u(1,1,1)= -0.18088734844791893       p(1,1,1)=   27313.964075761298     
   DBG iter           3  maxU2=   30.000000000000000       maxFi=   7.8458370965570241E-003  maxFj=   4.6029380544902673E-002  Fi(21,1,1)=   0.0000000000000000       Fi(21,21,1)=   0.0000000000000000       Fi(41,21,1)=   0.0000000000000000     
   DBG div max=   8.7605765182108553E-003  res_p=   8.7605765182108553E-003
   SIMPLE iter           3  res_p=   8.7605765182108553E-003  u(1,1,1)= -0.19524803071904887       p(1,1,1)=   27313.963489978298     
   SIMPLE iter           4  res_p=   4.8147812827274150E-003  u(1,1,1)= -0.16621886347408488       p(1,1,1)=   27313.967362057843     
   SIMPLE iter           5  res_p=   5.1920658465176087E-003  u(1,1,1)= -0.15330091414032138       p(1,1,1)=   27313.975709714468     
 DEBUG T iter          50 min   300.04376200261385      max   1181.8349185085835     
 Low-speed solver Block           1  SIMPLE iterations:          61  res_p:   1.7806551648293784E-004
 --------------Force and Moment -----------------------------
 Total Force Coefficient (CL, CD, CS) =
  -2.8912579008894164E-002   2.8045353954199184E-002   1.2489562718958369E-022
 Total Moment Coefficient(CMx, CMy, CMz)=
   7.2281447522235392E-003   7.0113384885497959E-003  -1.3386796065289450E-002
 Kstep, t=          45   45.000000000000000     
 ----------The Max Residuals are--------  ---Mesh---           1
    0.1152031345E-03    0.1638086725E-03    0.5635158133E-04    0.3305769157E-19    0.1160493168E-03
   The R.M.S Residuals are 
    0.4693207864E-04    0.5392052242E-04    0.1870290455E-04    0.3979183438E-20    0.4190346881E-04
 CPU wall time in this step:  0.10317377199999989     
 Averaged CPU wall time is:  0.11447739682222222     
   DBG iter           1  maxU2=   30.000000000000000       maxFi=   2.9962675771433668E-002  maxFj=   6.4860040307602368E-002  Fi(21,1,1)=   0.0000000000000000       Fi(21,21,1)=   0.0000000000000000       Fi(41,21,1)=   0.0000000000000000     
   DBG div max=   1.8570356638729604E-002  res_p=   1.8570356638729604E-002
   SIMPLE iter           1  res_p=   1.8570356638729604E-002  u(1,1,1)=  -4.1648183745262114E-002  p(1,1,1)=   27313.859743173303     
   DBG iter           2  maxU2=   30.000000000000000       maxFi=   1.0561518036686576E-002  maxFj=   1.6423701547596453E-002  Fi(21,1,1)=   0.0000000000000000       Fi(21,21,1)=   0.0000000000000000       Fi(41,21,1)=   0.0000000000000000     
   DBG div max=   9.4095007284724034E-003  res_p=   9.4095007284724034E-003
   SIMPLE iter           2  res_p=   9.4095007284724034E-003  u(1,1,1)= -0.18088734845532253       p(1,1,1)=   27313.964075761294     
   DBG iter           3  maxU2=   30.000000000000000       maxFi=   7.8458371086118327E-003  maxFj=   4.6029380599057187E-002  Fi(21,1,1)=   0.0000000000000000       Fi(21,21,1)=   0.0000000000000000       Fi(41,21,1)=   0.0000000000000000     
   DBG div max=   8.7605765395726148E-003  res_p=   8.7605765395726148E-003
   SIMPLE iter           3  res_p=   8.7605765395726148E-003  u(1,1,1)= -0.19524803073453825       p(1,1,1)=   27313.963489978301     
   SIMPLE iter           4  res_p=   4.8147812934146994E-003  u(1,1,1)= -0.16621886347682338       p(1,1,1)=   27313.967362057840     
   SIMPLE iter           5  res_p=   5.1920658652994667E-003  u(1,1,1)= -0.15330091415308811       p(1,1,1)=   27313.975709714476     
 DEBUG T iter          50 min   300.04349907472522      max   1176.5165040177899     
 Low-speed solver Block           1  SIMPLE iterations:          61  res_p:   1.7806551631539477E-004
 --------------Force and Moment -----------------------------
 Total Force Coefficient (CL, CD, CS) =
  -2.8625988479170996E-002   2.7647672394321407E-002  -8.5531832336418898E-022
 Total Moment Coefficient(CMx, CMy, CMz)=
   7.1564971197927455E-003   6.9119180985803517E-003  -1.3254098317980887E-002
 Kstep, t=          46   46.000000000000000     
 ----------The Max Residuals are--------  ---Mesh---           1
    0.1135835601E-03    0.1606332663E-03    0.5550074732E-04    0.2780440725E-19    0.1133451385E-03
   The R.M.S Residuals are 
    0.4640789389E-04    0.5323450766E-04    0.1851259296E-04    0.4077681205E-20    0.4140113946E-04
 CPU wall time in this step:  0.10519658400000065     
 Averaged CPU wall time is:  0.11427564002173914     
   DBG iter           1  maxU2=   30.000000000000000       maxFi=   2.9962675791717592E-002  maxFj=   6.4860040334280694E-002  Fi(21,1,1)=   0.0000000000000000       Fi(21,21,1)=   0.0000000000000000       Fi(41,21,1)=   0.0000000000000000     
   DBG div max=   1.8570356651608860E-002  res_p=   1.8570356651608860E-002
   SIMPLE iter           1  res_p=   1.8570356651608860E-002  u(1,1,1)=  -4.1648183737229991E-002  p(1,1,1)=   27313.859743173300     
   DBG iter           2  maxU2=   30.000000000000000       maxFi=   1.0561518044459697E-002  maxFj=   1.6423701550476906E-002  Fi(21,1,1)=   0.0000000000000000       Fi(21,21,1)=   0.0000000000000000       Fi(41,21,1)=   0.0000000000000000     
   DBG div max=   9.4095007357093870E-003  res_p=   9.4095007357093870E-003
   SIMPLE iter           2  res_p=   9.4095007357093870E-003  u(1,1,1)= -0.18088734845190479       p(1,1,1)=   27313.964075761291     
   DBG iter           3  maxU2=   30.000000000000000       maxFi=   7.8458371156233126E-003  maxFj=   4.6029380630686026E-002  Fi(21,1,1)=   0.0000000000000000       Fi(21,21,1)=   0.0000000000000000       Fi(41,21,1)=   0.0000000000000000     
   DBG div max=   8.7605765520073417E-003  res_p=   8.7605765520073417E-003
   SIMPLE iter           3  res_p=   8.7605765520073417E-003  u(1,1,1)= -0.19524803073744473       p(1,1,1)=   27313.963489978305     
   SIMPLE iter           4  res_p=   4.8147812996606719E-003  u(1,1,1)= -0.16621886347308173       p(1,1,1)=   27313.967362057840     
   SIMPLE iter           5  res_p=   5.1920658762370994E-003  u(1,1,1)= -0.15330091415426914       p(1,1,1)=   27313.975709714479     
 DEBUG T iter          50 min   300.04323727463765      max   1171.2228465948710     
 Low-speed solver Block           1  SIMPLE iterations:          61  res_p:   1.7806551623368930E-004
 --------------Force and Moment -----------------------------
 Total Force Coefficient (CL, CD, CS) =
  -2.8346348758277969E-002   2.7263382215870349E-002  -9.8486259935933938E-022
 Total Moment Coefficient(CMx, CMy, CMz)=
   7.0865871895694921E-003   6.8158455539675871E-003  -1.3124618893292538E-002
 Kstep, t=          47   47.000000000000000     
 ----------The Max Residuals are--------  ---Mesh---           1
    0.1120424563E-03    0.1572572434E-03    0.5468678222E-04    0.2839242442E-19    0.1105326843E-03
   The R.M.S Residuals are 
    0.4589250395E-04    0.5256163856E-04    0.1832829363E-04    0.3989473515E-20    0.4090908018E-04
 CPU wall time in this step:  0.10224557399999945     
 Averaged CPU wall time is:  0.11401968117021276     
   DBG iter           1  maxU2=   30.000000000000000       maxFi=   2.9962675803600351E-002  maxFj=   6.4860040349878065E-002  Fi(21,1,1)=   0.0000000000000000       Fi(21,21,1)=   0.0000000000000000       Fi(41,21,1)=   0.0000000000000000     
   DBG div max=   1.8570356659232116E-002  res_p=   1.8570356659232116E-002
   SIMPLE iter           1  res_p=   1.8570356659232116E-002  u(1,1,1)=  -4.1648183752060211E-002  p(1,1,1)=   27313.859743173311     
   DBG iter           2  maxU2=   30.000000000000000       maxFi=   1.0561518049002931E-002  maxFj=   1.6423701552176737E-002  Fi(21,1,1)=   0.0000000000000000       Fi(21,21,1)=   0.0000000000000000       Fi(41,21,1)=   0.0000000000000000     
   DBG div max=   9.4095007399249940E-003  res_p=   9.4095007399249940E-003
   SIMPLE iter           2  res_p=   9.4095007399249940E-003  u(1,1,1)= -0.18088734846485796       p(1,1,1)=   27313.964075761302     
   DBG iter           3  maxU2=   30.000000000000000       maxFi=   7.8458371197061474E-003  maxFj=   4.6029380649142297E-002  Fi(21,1,1)=   0.0000000000000000       Fi(21,21,1)=   0.0000000000000000       Fi(41,21,1)=   0.0000000000000000     
   DBG div max=   8.7605765592747922E-003  res_p=   8.7605765592747922E-003
   SIMPLE iter           3  res_p=   8.7605765592747922E-003  u(1,1,1)= -0.19524803075394989       p(1,1,1)=   27313.963489978320     
   SIMPLE iter           4  res_p=   4.8147813033016518E-003  u(1,1,1)= -0.16621886348547990       p(1,1,1)=   27313.967362057854     
   SIMPLE iter           5  res_p=   5.1920658826236123E-003  u(1,1,1)= -0.15330091417184336       p(1,1,1)=   27313.975709714497     
 DEBUG T iter          50 min   300.04297668759222      max   1165.9556343022537     
 Low-speed solver Block           1  SIMPLE iterations:          61  res_p:   1.7806551616597957E-004
 --------------Force and Moment -----------------------------
 Total Force Coefficient (CL, CD, CS) =
  -2.8073184647813235E-002   2.6891702637134172E-002   5.0502195824018992E-022
 Total Moment Coefficient(CMx, CMy, CMz)=
   7.0182961619533087E-003   6.7229256592835429E-003  -1.2998137766980101E-002
 Kstep, t=          48   48.000000000000000     
 ----------The Max Residuals are--------  ---Mesh---           1
    0.1105858552E-03    0.1536859619E-03    0.5391382177E-04    0.2256823038E-19    0.1086383339E-03
   The R.M.S Residuals are 
    0.4538829595E-04    0.5190368150E-04    0.1815046326E-04    0.4097894519E-20    0.4042843848E-04
 CPU wall time in this step:  0.10301631400000044     
 Averaged CPU wall time is:  0.11379044435416667     
   DBG iter           1  maxU2=   30.000000000000000       maxFi=   2.9962675810583036E-002  maxFj=   6.4860040358985432E-002  Fi(21,1,1)=   0.0000000000000000       Fi(21,21,1)=   0.0000000000000000       Fi(41,21,1)=   0.0000000000000000     
   DBG div max=   1.8570356663686879E-002  res_p=   1.8570356663686879E-002
   SIMPLE iter           1  res_p=   1.8570356663686879E-002  u(1,1,1)=  -4.1648183751164781E-002  p(1,1,1)=   27313.859743173303     
   DBG iter           2  maxU2=   30.000000000000000       maxFi=   1.0561518051653764E-002  maxFj=   1.6423701553172496E-002  Fi(21,1,1)=   0.0000000000000000       Fi(21,21,1)=   0.0000000000000000       Fi(41,21,1)=   0.0000000000000000     
   DBG div max=   9.4095007424166693E-003  res_p=   9.4095007424166693E-003
   SIMPLE iter           2  res_p=   9.4095007424166693E-003  u(1,1,1)= -0.18088734846429921       p(1,1,1)=   27313.964075761294     
   DBG iter           3  maxU2=   30.000000000000000       maxFi=   7.8458371220782724E-003  maxFj=   4.6029380659898755E-002  Fi(21,1,1)=   0.0000000000000000       Fi(21,21,1)=   0.0000000000000000       Fi(41,21,1)=   0.0000000000000000     
   DBG div max=   8.7605765634935495E-003  res_p=   8.7605765634935495E-003
   SIMPLE iter           3  res_p=   8.7605765634935495E-003  u(1,1,1)= -0.19524803075631025       p(1,1,1)=   27313.963489978316     
   SIMPLE iter           4  res_p=   4.8147813054267678E-003  u(1,1,1)= -0.16621886348552231       p(1,1,1)=   27313.967362057847     
   SIMPLE iter           5  res_p=   5.1920658863378287E-003  u(1,1,1)= -0.15330091417176916       p(1,1,1)=   27313.975709714490     
 DEBUG T iter          50 min   300.04271739722702      max   1160.7164391073848     
 Low-speed solver Block           1  SIMPLE iterations:          61  res_p:   1.7806551614732782E-004
 --------------Force and Moment -----------------------------
 Total Force Coefficient (CL, CD, CS) =
  -2.7806060931698112E-002   2.6531916186464902E-002   8.3445589801881482E-022
 Total Moment Coefficient(CMx, CMy, CMz)=
   6.9515152329245270E-003   6.6329790466162254E-003  -1.2874453426834884E-002
 Kstep, t=          49   49.000000000000000     
 ----------The Max Residuals are--------  ---Mesh---           1
    0.1092172522E-03    0.1500031559E-03    0.5318440114E-04    0.2773120176E-19    0.1064339097E-03
   The R.M.S Residuals are 
    0.4489588354E-04    0.5126145638E-04    0.1797879794E-04    0.4169676906E-20    0.3995968057E-04
 CPU wall time in this step:  0.10327011999999947     
 Averaged CPU wall time is:  0.11357574385714285     
   DBG iter           1  maxU2=   30.000000000000000       maxFi=   2.9962675814644447E-002  maxFj=   6.4860040364300819E-002  Fi(21,1,1)=   0.0000000000000000       Fi(21,21,1)=   0.0000000000000000       Fi(41,21,1)=   0.0000000000000000     
   DBG div max=   1.8570356666302738E-002  res_p=   1.8570356666302738E-002
   SIMPLE iter           1  res_p=   1.8570356666302738E-002  u(1,1,1)=  -4.1648183751295184E-002  p(1,1,1)=   27313.859743173303     
   DBG iter           2  maxU2=   30.000000000000000       maxFi=   1.0561518053219917E-002  maxFj=   1.6423701553764301E-002  Fi(21,1,1)=   0.0000000000000000       Fi(21,21,1)=   0.0000000000000000       Fi(41,21,1)=   0.0000000000000000     
   DBG div max=   9.4095007438679823E-003  res_p=   9.4095007438679823E-003
   SIMPLE iter           2  res_p=   9.4095007438679823E-003  u(1,1,1)= -0.18088734846469723       p(1,1,1)=   27313.964075761294     
   DBG iter           3  maxU2=   30.000000000000000       maxFi=   7.8458371234687834E-003  maxFj=   4.6029380666153141E-002  Fi(21,1,1)=   0.0000000000000000       Fi(21,21,1)=   0.0000000000000000       Fi(41,21,1)=   0.0000000000000000     
   DBG div max=   8.7605765659360332E-003  res_p=   8.7605765659360332E-003
   SIMPLE iter           3  res_p=   8.7605765659360332E-003  u(1,1,1)= -0.19524803075789104       p(1,1,1)=   27313.963489978316     
   SIMPLE iter           4  res_p=   4.8147813066605934E-003  u(1,1,1)= -0.16621886348676290       p(1,1,1)=   27313.967362057847     
   SIMPLE iter           5  res_p=   5.1920658884947873E-003  u(1,1,1)= -0.15330091417369340       p(1,1,1)=   27313.975709714494     
 DEBUG T iter          50 min   300.04245948266845      max   1155.5065699365020     
 Low-speed solver Block           1  SIMPLE iterations:          61  res_p:   1.7806551613554211E-004
 --------------Force and Moment -----------------------------
 Total Force Coefficient (CL, CD, CS) =
  -2.7544580010853168E-002   2.6183362424758268E-002  -1.4948605858277986E-023
 Total Moment Coefficient(CMx, CMy, CMz)=
   6.8861450027132929E-003   6.5458406061895671E-003  -1.2753381777310592E-002
 Kstep, t=          50   50.000000000000000     
 ----------The Max Residuals are--------  ---Mesh---           1
    0.1079386189E-03    0.1466860092E-03    0.5250004356E-04    0.2755876449E-19    0.1040174542E-03
   The R.M.S Residuals are 
    0.4441296873E-04    0.5063292627E-04    0.1781258127E-04    0.4228317591E-20    0.3950206679E-04
 write flow3d.dat ......
 write flow3d.dat OK
 write VTK files ......
 write VTK files OK
 CPU wall time in this step:  0.18235248500000090     
 Averaged CPU wall time is:  0.11495127868000000     
   DBG iter           1  maxU2=   30.000000000000000       maxFi=   2.9962675817040499E-002  maxFj=   6.4860040367413510E-002  Fi(21,1,1)=   0.0000000000000000       Fi(21,21,1)=   0.0000000000000000       Fi(41,21,1)=   0.0000000000000000     
   DBG div max=   1.8570356667927224E-002  res_p=   1.8570356667927224E-002
   SIMPLE iter           1  res_p=   1.8570356667927224E-002  u(1,1,1)=  -4.1648183746743554E-002  p(1,1,1)=   27313.859743173303     
   DBG iter           2  maxU2=   30.000000000000000       maxFi=   1.0561518054109702E-002  maxFj=   1.6423701554110177E-002  Fi(21,1,1)=   0.0000000000000000       Fi(21,21,1)=   0.0000000000000000       Fi(41,21,1)=   0.0000000000000000     
   DBG div max=   9.4095007447152143E-003  res_p=   9.4095007447152143E-003
   SIMPLE iter           2  res_p=   9.4095007447152143E-003  u(1,1,1)= -0.18088734846153345       p(1,1,1)=   27313.964075761294     
   DBG iter           3  maxU2=   30.000000000000000       maxFi=   7.8458371242639408E-003  maxFj=   4.6029380669811416E-002  Fi(21,1,1)=   0.0000000000000000       Fi(21,21,1)=   0.0000000000000000       Fi(41,21,1)=   0.0000000000000000     
   DBG div max=   8.7605765673736402E-003  res_p=   8.7605765673736402E-003
   SIMPLE iter           3  res_p=   8.7605765673736402E-003  u(1,1,1)= -0.19524803075605998       p(1,1,1)=   27313.963489978316     
   SIMPLE iter           4  res_p=   4.8147813073839522E-003  u(1,1,1)= -0.16621886348406859       p(1,1,1)=   27313.967362057847     
   SIMPLE iter           5  res_p=   5.1920658897548731E-003  u(1,1,1)= -0.15330091417205693       p(1,1,1)=   27313.975709714494     
 DEBUG T iter          50 min   300.04220301205635      max   1150.3270469300703     
 Low-speed solver Block           1  SIMPLE iterations:          61  res_p:   1.7806551613256880E-004
 --------------Force and Moment -----------------------------
 Total Force Coefficient (CL, CD, CS) =
  -2.7288379590882424E-002   2.5845432382110525E-002   1.4937571020166159E-021
 Total Moment Coefficient(CMx, CMy, CMz)=
   6.8220948977206052E-003   6.4613580955276313E-003  -1.2634755068822978E-002
 Kstep, t=          51   51.000000000000000     
 ----------The Max Residuals are--------  ---Mesh---           1
    0.1067509739E-03    0.1437844469E-03    0.5186159048E-04    0.2797160840E-19    0.1014607401E-03
   The R.M.S Residuals are 
    0.4394303519E-04    0.5002129400E-04    0.1765299109E-04    0.4206725264E-20    0.3905742694E-04
 CPU wall time in this step:  0.11003481499999967     
 Averaged CPU wall time is:  0.11485487743137256     
   DBG iter           1  maxU2=   30.000000000000000       maxFi=   2.9962675818416065E-002  maxFj=   6.4860040369239993E-002  Fi(21,1,1)=   0.0000000000000000       Fi(21,21,1)=   0.0000000000000000       Fi(41,21,1)=   0.0000000000000000     
   DBG div max=   1.8570356668820391E-002  res_p=   1.8570356668820391E-002
   SIMPLE iter           1  res_p=   1.8570356668820391E-002  u(1,1,1)=  -4.1648183746784577E-002  p(1,1,1)=   27313.859743173300     
   DBG iter           2  maxU2=   30.000000000000000       maxFi=   1.0561518054631814E-002  maxFj=   1.6423701554315408E-002  Fi(21,1,1)=   0.0000000000000000       Fi(21,21,1)=   0.0000000000000000       Fi(41,21,1)=   0.0000000000000000     
   DBG div max=   9.4095007451793933E-003  res_p=   9.4095007451793933E-003
   SIMPLE iter           2  res_p=   9.4095007451793933E-003  u(1,1,1)= -0.18088734846282148       p(1,1,1)=   27313.964075761291     
   DBG iter           3  maxU2=   30.000000000000000       maxFi=   7.8458371247292196E-003  maxFj=   4.6029380671963022E-002  Fi(21,1,1)=   0.0000000000000000       Fi(21,21,1)=   0.0000000000000000       Fi(41,21,1)=   0.0000000000000000     
   DBG div max=   8.7605765682170350E-003  res_p=   8.7605765682170350E-003
   SIMPLE iter           3  res_p=   8.7605765682170350E-003  u(1,1,1)= -0.19524803075720865       p(1,1,1)=   27313.963489978312     
   SIMPLE iter           4  res_p=   4.8147813078076168E-003  u(1,1,1)= -0.16621886348376363       p(1,1,1)=   27313.967362057843     
   SIMPLE iter           5  res_p=   5.1920658904950207E-003  u(1,1,1)= -0.15330091417163738       p(1,1,1)=   27313.975709714490     
 DEBUG T iter          50 min   300.04194803944586      max   1145.1786807293377     
 Low-speed solver Block           1  SIMPLE iterations:          61  res_p:   1.7806551610120847E-004
 --------------Force and Moment -----------------------------
 Total Force Coefficient (CL, CD, CS) =
  -2.7037130373198635E-002   2.5517563620680653E-002   2.8986563309738869E-021
 Total Moment Coefficient(CMx, CMy, CMz)=
   6.7592825932996595E-003   6.3793909051701632E-003  -1.2518420828785706E-002
 Kstep, t=          52   52.000000000000000     
 ----------The Max Residuals are--------  ---Mesh---           1
    0.1056548871E-03    0.1407768492E-03    0.5126950925E-04    0.2741398456E-19    0.9953841810E-04
   The R.M.S Residuals are 
    0.4348740069E-04    0.4942767884E-04    0.1749989706E-04    0.4270557018E-20    0.3862659406E-04
 CPU wall time in this step:  0.11949889399999947     
 Averaged CPU wall time is:  0.11494418544230768     
   DBG iter           1  maxU2=   30.000000000000000       maxFi=   2.9962675819289845E-002  maxFj=   6.4860040370295635E-002  Fi(21,1,1)=   0.0000000000000000       Fi(21,21,1)=   0.0000000000000000       Fi(41,21,1)=   0.0000000000000000     
   DBG div max=   1.8570356669333161E-002  res_p=   1.8570356669333161E-002
   SIMPLE iter           1  res_p=   1.8570356669333161E-002  u(1,1,1)=  -4.1648183751282979E-002  p(1,1,1)=   27313.859743173303     
   DBG iter           2  maxU2=   30.000000000000000       maxFi=   1.0561518054943033E-002  maxFj=   1.6423701554442133E-002  Fi(21,1,1)=   0.0000000000000000       Fi(21,21,1)=   0.0000000000000000       Fi(41,21,1)=   0.0000000000000000     
   DBG div max=   9.4095007455095893E-003  res_p=   9.4095007455095893E-003
   SIMPLE iter           2  res_p=   9.4095007455095893E-003  u(1,1,1)= -0.18088734846571361       p(1,1,1)=   27313.964075761294     
   DBG iter           3  maxU2=   30.000000000000000       maxFi=   7.8458371250082152E-003  maxFj=   4.6029380673195688E-002  Fi(21,1,1)=   0.0000000000000000       Fi(21,21,1)=   0.0000000000000000       Fi(41,21,1)=   0.0000000000000000     
   DBG div max=   8.7605765686863540E-003  res_p=   8.7605765686863540E-003
   SIMPLE iter           3  res_p=   8.7605765686863540E-003  u(1,1,1)= -0.19524803076063513       p(1,1,1)=   27313.963489978316     
   SIMPLE iter           4  res_p=   4.8147813080541522E-003  u(1,1,1)= -0.16621886348689849       p(1,1,1)=   27313.967362057847     
   SIMPLE iter           5  res_p=   5.1920658909118192E-003  u(1,1,1)= -0.15330091417506150       p(1,1,1)=   27313.975709714494     
 DEBUG T iter          50 min   300.04169460763183      max   1140.0621248223879     
 Low-speed solver Block           1  SIMPLE iterations:          61  res_p:   1.7806551610284951E-004
 --------------Force and Moment -----------------------------
 Total Force Coefficient (CL, CD, CS) =
  -2.6790533723052130E-002   2.5199235846794600E-002   1.1768087060819511E-021
 Total Moment Coefficient(CMx, CMy, CMz)=
   6.6976334307630309E-003   6.2998089616986500E-003  -1.2404240782059494E-002
 Kstep, t=          53   53.000000000000000     
 ----------The Max Residuals are--------  ---Mesh---           1
    0.1046508131E-03    0.1377061411E-03    0.5072409562E-04    0.2823580112E-19    0.9760925920E-04
   The R.M.S Residuals are 
    0.4304495158E-04    0.4885110337E-04    0.1735290518E-04    0.4392701234E-20    0.3820928138E-04
 CPU wall time in this step:  0.11710225000000030     
 Averaged CPU wall time is:  0.11498490364150943     
   DBG iter           1  maxU2=   30.000000000000000       maxFi=   2.9962675819749835E-002  maxFj=   6.4860040370923647E-002  Fi(21,1,1)=   0.0000000000000000       Fi(21,21,1)=   0.0000000000000000       Fi(41,21,1)=   0.0000000000000000     
   DBG div max=   1.8570356669641415E-002  res_p=   1.8570356669641415E-002
   SIMPLE iter           1  res_p=   1.8570356669641415E-002  u(1,1,1)=  -4.1648183745822666E-002  p(1,1,1)=   27313.859743173300     
   DBG iter           2  maxU2=   30.000000000000000       maxFi=   1.0561518055120950E-002  maxFj=   1.6423701554513642E-002  Fi(21,1,1)=   0.0000000000000000       Fi(21,21,1)=   0.0000000000000000       Fi(41,21,1)=   0.0000000000000000     
   DBG div max=   9.4095007456684726E-003  res_p=   9.4095007456684726E-003
   SIMPLE iter           2  res_p=   9.4095007456684726E-003  u(1,1,1)= -0.18088734846178650       p(1,1,1)=   27313.964075761291     
   DBG iter           3  maxU2=   30.000000000000000       maxFi=   7.8458371251663075E-003  maxFj=   4.6029380673912552E-002  Fi(21,1,1)=   0.0000000000000000       Fi(21,21,1)=   0.0000000000000000       Fi(41,21,1)=   0.0000000000000000     
   DBG div max=   8.7605765689550141E-003  res_p=   8.7605765689550141E-003
   SIMPLE iter           3  res_p=   8.7605765689550141E-003  u(1,1,1)= -0.19524803075631325       p(1,1,1)=   27313.963489978312     
   SIMPLE iter           4  res_p=   4.8147813081931314E-003  u(1,1,1)= -0.16621886348301099       p(1,1,1)=   27313.967362057843     
   SIMPLE iter           5  res_p=   5.1920658911532719E-003  u(1,1,1)= -0.15330091417315239       p(1,1,1)=   27313.975709714490     
 DEBUG T iter          50 min   300.04144275106080      max   1134.9779030342777     
 Low-speed solver Block           1  SIMPLE iterations:          61  res_p:   1.7806551609770432E-004
 --------------Force and Moment -----------------------------
 Total Force Coefficient (CL, CD, CS) =
  -2.6548319305438332E-002   2.4889967003731032E-002   4.4829875961244601E-021
 Total Moment Coefficient(CMx, CMy, CMz)=
   6.6370798263595820E-003   6.2224917509327579E-003  -1.2292089756574396E-002
 Kstep, t=          54   54.000000000000000     
 ----------The Max Residuals are--------  ---Mesh---           1
    0.1037393431E-03    0.1346040368E-03    0.5022562856E-04    0.2778389737E-19    0.9556268149E-04
   The R.M.S Residuals are 
    0.4261709581E-04    0.4829261520E-04    0.1721220704E-04    0.4393636232E-20    0.3780610030E-04
 CPU wall time in this step:  0.10650549400000031     
 Averaged CPU wall time is:  0.11482787753703703     
   DBG iter           1  maxU2=   30.000000000000000       maxFi=   2.9962675820035790E-002  maxFj=   6.4860040371290631E-002  Fi(21,1,1)=   0.0000000000000000       Fi(21,21,1)=   0.0000000000000000       Fi(41,21,1)=   0.0000000000000000     
   DBG div max=   1.8570356669875408E-002  res_p=   1.8570356669875408E-002
   SIMPLE iter           1  res_p=   1.8570356669875408E-002  u(1,1,1)=  -4.1648183747339841E-002  p(1,1,1)=   27313.859743173300     
   DBG iter           2  maxU2=   30.000000000000000       maxFi=   1.0561518055220029E-002  maxFj=   1.6423701554563092E-002  Fi(21,1,1)=   0.0000000000000000       Fi(21,21,1)=   0.0000000000000000       Fi(41,21,1)=   0.0000000000000000     
   DBG div max=   9.4095007457704397E-003  res_p=   9.4095007457704397E-003
   SIMPLE iter           2  res_p=   9.4095007457704397E-003  u(1,1,1)= -0.18088734846263127       p(1,1,1)=   27313.964075761291     
   DBG iter           3  maxU2=   30.000000000000000       maxFi=   7.8458371252540047E-003  maxFj=   4.6029380674358376E-002  Fi(21,1,1)=   0.0000000000000000       Fi(21,21,1)=   0.0000000000000000       Fi(41,21,1)=   0.0000000000000000     
   DBG div max=   8.7605765691558812E-003  res_p=   8.7605765691558812E-003
   SIMPLE iter           3  res_p=   8.7605765691558812E-003  u(1,1,1)= -0.19524803075720235       p(1,1,1)=   27313.963489978312     
   SIMPLE iter           4  res_p=   4.8147813082812657E-003  u(1,1,1)= -0.16621886348373352       p(1,1,1)=   27313.967362057843     
   SIMPLE iter           5  res_p=   5.1920658913223450E-003  u(1,1,1)= -0.15330091417402220       p(1,1,1)=   27313.975709714490     
 DEBUG T iter          50 min   300.04119249738744      max   1129.9264433392857     
 Low-speed solver Block           1  SIMPLE iterations:          61  res_p:   1.7806551609574756E-004
 --------------Force and Moment -----------------------------
 Total Force Coefficient (CL, CD, CS) =
  -2.6310242697173261E-002   2.4589309784314096E-002   5.5069698692078118E-021
 Total Moment Coefficient(CMx, CMy, CMz)=
   6.5775606742933179E-003   6.1473274460785241E-003  -1.2181854577901656E-002
 Kstep, t=          55   55.000000000000000     
 ----------The Max Residuals are--------  ---Mesh---           1
    0.1029214055E-03    0.1318962797E-03    0.4977449608E-04    0.2461307255E-19    0.9343487245E-04
   The R.M.S Residuals are 
    0.4220385928E-04    0.4775197930E-04    0.1707760121E-04    0.4328807341E-20    0.3741694667E-04
 CPU wall time in this step:  0.10557530599999954     
 Averaged CPU wall time is:  0.11465964896363635     
   DBG iter           1  maxU2=   30.000000000000000       maxFi=   2.9962675820210064E-002  maxFj=   6.4860040371501906E-002  Fi(21,1,1)=   0.0000000000000000       Fi(21,21,1)=   0.0000000000000000       Fi(41,21,1)=   0.0000000000000000     
   DBG div max=   1.8570356669964139E-002  res_p=   1.8570356669964139E-002
   SIMPLE iter           1  res_p=   1.8570356669964139E-002  u(1,1,1)=  -4.1648183746831553E-002  p(1,1,1)=   27313.859743173300     
   DBG iter           2  maxU2=   30.000000000000000       maxFi=   1.0561518055286059E-002  maxFj=   1.6423701554588815E-002  Fi(21,1,1)=   0.0000000000000000       Fi(21,21,1)=   0.0000000000000000       Fi(41,21,1)=   0.0000000000000000     
   DBG div max=   9.4095007458400992E-003  res_p=   9.4095007458400992E-003
   SIMPLE iter           2  res_p=   9.4095007458400992E-003  u(1,1,1)= -0.18088734846272175       p(1,1,1)=   27313.964075761291     
   DBG iter           3  maxU2=   30.000000000000000       maxFi=   7.8458371253122411E-003  maxFj=   4.6029380674600058E-002  Fi(21,1,1)=   0.0000000000000000       Fi(21,21,1)=   0.0000000000000000       Fi(41,21,1)=   0.0000000000000000     
   DBG div max=   8.7605765692445603E-003  res_p=   8.7605765692445603E-003
   SIMPLE iter           3  res_p=   8.7605765692445603E-003  u(1,1,1)= -0.19524803075755712       p(1,1,1)=   27313.963489978312     
   SIMPLE iter           4  res_p=   4.8147813083251646E-003  u(1,1,1)= -0.16621886348376641       p(1,1,1)=   27313.967362057843     
   SIMPLE iter           5  res_p=   5.1920658914022116E-003  u(1,1,1)= -0.15330091417396263       p(1,1,1)=   27313.975709714490     
 DEBUG T iter          50 min   300.04094386905206      max   1124.9080969950060     
 Low-speed solver Block           1  SIMPLE iterations:          61  res_p:   1.7806551608796906E-004
 --------------Force and Moment -----------------------------
 Total Force Coefficient (CL, CD, CS) =
  -2.6076083000531141E-002   2.4296848510187805E-002   6.8466845651363855E-021
 Total Moment Coefficient(CMx, CMy, CMz)=
   6.5190207501327861E-003   6.0742121275469511E-003  -1.2073432964491319E-002
 Kstep, t=          56   56.000000000000000     
 ----------The Max Residuals are--------  ---Mesh---           1
    0.1021984135E-03    0.1294011471E-03    0.4937128464E-04    0.3301064794E-19    0.9137330545E-04
   The R.M.S Residuals are 
    0.4180652888E-04    0.4723038081E-04    0.1694950175E-04    0.4591800293E-20    0.3704238105E-04
 CPU wall time in this step:  0.11056122500000054     
 Averaged CPU wall time is:  0.11458646282142858     
   DBG iter           1  maxU2=   30.000000000000000       maxFi=   2.9962675820306688E-002  maxFj=   6.4860040371623934E-002  Fi(21,1,1)=   0.0000000000000000       Fi(21,21,1)=   0.0000000000000000       Fi(41,21,1)=   0.0000000000000000     
   DBG div max=   1.8570356670036106E-002  res_p=   1.8570356670036106E-002
   SIMPLE iter           1  res_p=   1.8570356670036106E-002  u(1,1,1)=  -4.1648183747462618E-002  p(1,1,1)=   27313.859743173300     
   DBG iter           2  maxU2=   30.000000000000000       maxFi=   1.0561518055326799E-002  maxFj=   1.6423701554602276E-002  Fi(21,1,1)=   0.0000000000000000       Fi(21,21,1)=   0.0000000000000000       Fi(41,21,1)=   0.0000000000000000     
   DBG div max=   9.4095007458810456E-003  res_p=   9.4095007458810456E-003
   SIMPLE iter           2  res_p=   9.4095007458810456E-003  u(1,1,1)= -0.18088734846267113       p(1,1,1)=   27313.964075761291     
   DBG iter           3  maxU2=   30.000000000000000       maxFi=   7.8458371253444653E-003  maxFj=   4.6029380674746059E-002  Fi(21,1,1)=   0.0000000000000000       Fi(21,21,1)=   0.0000000000000000       Fi(41,21,1)=   0.0000000000000000     
   DBG div max=   8.7605765692929521E-003  res_p=   8.7605765692929521E-003
   SIMPLE iter           3  res_p=   8.7605765692929521E-003  u(1,1,1)= -0.19524803075736033       p(1,1,1)=   27313.963489978312     
   SIMPLE iter           4  res_p=   4.8147813083563133E-003  u(1,1,1)= -0.16621886348387535       p(1,1,1)=   27313.967362057843     
   SIMPLE iter           5  res_p=   5.1920658914519184E-003  u(1,1,1)= -0.15330091417425037       p(1,1,1)=   27313.975709714490     
 DEBUG T iter          50 min   300.04069688445736      max   1119.9231355468992     
 Low-speed solver Block           1  SIMPLE iterations:          61  res_p:   1.7806551609942517E-004
 --------------Force and Moment -----------------------------
 Total Force Coefficient (CL, CD, CS) =
  -2.5845640497479627E-002   2.4012196332356316E-002   7.5341363473037241E-021
 Total Moment Coefficient(CMx, CMy, CMz)=
   6.4614101243699084E-003   6.0030490830890789E-003  -1.1966732441632943E-002
 Kstep, t=          57   57.000000000000000     
 ----------The Max Residuals are--------  ---Mesh---           1
    0.1015723909E-03    0.1268580725E-03    0.4901685618E-04    0.2867343419E-19    0.8976666012E-04
   The R.M.S Residuals are 
    0.4142563834E-04    0.4672825806E-04    0.1682787664E-04    0.4486078300E-20    0.3668268615E-04
 CPU wall time in this step:  0.11096423800000021     
 Averaged CPU wall time is:  0.11452291501754387     
   DBG iter           1  maxU2=   30.000000000000000       maxFi=   2.9962675820340682E-002  maxFj=   6.4860040371682692E-002  Fi(21,1,1)=   0.0000000000000000       Fi(21,21,1)=   0.0000000000000000       Fi(41,21,1)=   0.0000000000000000     
   DBG div max=   1.8570356670045952E-002  res_p=   1.8570356670045952E-002
   SIMPLE iter           1  res_p=   1.8570356670045952E-002  u(1,1,1)=  -4.1648183746429687E-002  p(1,1,1)=   27313.859743173300     
   DBG iter           2  maxU2=   30.000000000000000       maxFi=   1.0561518055343559E-002  maxFj=   1.6423701554598928E-002  Fi(21,1,1)=   0.0000000000000000       Fi(21,21,1)=   0.0000000000000000       Fi(41,21,1)=   0.0000000000000000     
   DBG div max=   9.4095007458913291E-003  res_p=   9.4095007458913291E-003
   SIMPLE iter           2  res_p=   9.4095007458913291E-003  u(1,1,1)= -0.18088734846227311       p(1,1,1)=   27313.964075761291     
   DBG iter           3  maxU2=   30.000000000000000       maxFi=   7.8458371253542908E-003  maxFj=   4.6029380674814178E-002  Fi(21,1,1)=   0.0000000000000000       Fi(21,21,1)=   0.0000000000000000       Fi(41,21,1)=   0.0000000000000000     
   DBG div max=   8.7605765693255372E-003  res_p=   8.7605765693255372E-003
   SIMPLE iter           3  res_p=   8.7605765693255372E-003  u(1,1,1)= -0.19524803075693747       p(1,1,1)=   27313.963489978312     
   SIMPLE iter           4  res_p=   4.8147813083691607E-003  u(1,1,1)= -0.16621886348343340       p(1,1,1)=   27313.967362057843     
   SIMPLE iter           5  res_p=   5.1920658914763121E-003  u(1,1,1)= -0.15330091417374006       p(1,1,1)=   27313.975709714490     
 DEBUG T iter          50 min   300.04045155808518      max   1114.9717705809194     
 Low-speed solver Block           1  SIMPLE iterations:          61  res_p:   1.7806551609132054E-004
 --------------Force and Moment -----------------------------
 Total Force Coefficient (CL, CD, CS) =
  -2.5618734390485301E-002   2.3734992714750151E-002   5.1435594405122686E-021
 Total Moment Coefficient(CMx, CMy, CMz)=
   6.4046835976213244E-003   5.9337481786875378E-003  -1.1861669295430251E-002
 Kstep, t=          58   58.000000000000000     
 ----------The Max Residuals are--------  ---Mesh---           1
    0.1010460785E-03    0.1242842149E-03    0.4873137774E-04    0.2759873331E-19    0.8867785319E-04
   The R.M.S Residuals are 
    0.4106063747E-04    0.4624505508E-04    0.1671249899E-04    0.4494840657E-20    0.3633769637E-04
 CPU wall time in this step:  0.11195822399999944     
 Averaged CPU wall time is:  0.11447869620689655     
   DBG iter           1  maxU2=   30.000000000000000       maxFi=   2.9962675820378065E-002  maxFj=   6.4860040371734207E-002  Fi(21,1,1)=   0.0000000000000000       Fi(21,21,1)=   0.0000000000000000       Fi(41,21,1)=   0.0000000000000000     
   DBG div max=   1.8570356670102043E-002  res_p=   1.8570356670102043E-002
   SIMPLE iter           1  res_p=   1.8570356670102043E-002  u(1,1,1)=  -4.1648183742244611E-002  p(1,1,1)=   27313.859743173296     
   DBG iter           2  maxU2=   30.000000000000000       maxFi=   1.0561518055349365E-002  maxFj=   1.6423701554610273E-002  Fi(21,1,1)=   0.0000000000000000       Fi(21,21,1)=   0.0000000000000000       Fi(41,21,1)=   0.0000000000000000     
   DBG div max=   9.4095007459075886E-003  res_p=   9.4095007459075886E-003
   SIMPLE iter           2  res_p=   9.4095007459075886E-003  u(1,1,1)= -0.18088734845941384       p(1,1,1)=   27313.964075761287     
   DBG iter           3  maxU2=   30.000000000000000       maxFi=   7.8458371253623763E-003  maxFj=   4.6029380674869717E-002  Fi(21,1,1)=   0.0000000000000000       Fi(21,21,1)=   0.0000000000000000       Fi(41,21,1)=   0.0000000000000000     
   DBG div max=   8.7605765693586912E-003  res_p=   8.7605765693586912E-003
   SIMPLE iter           3  res_p=   8.7605765693586912E-003  u(1,1,1)= -0.19524803075392033       p(1,1,1)=   27313.963489978309     
   SIMPLE iter           4  res_p=   4.8147813083782472E-003  u(1,1,1)= -0.16621886348048806       p(1,1,1)=   27313.967362057840     
   SIMPLE iter           5  res_p=   5.1920658915004941E-003  u(1,1,1)= -0.15330091417086300       p(1,1,1)=   27313.975709714487     
 DEBUG T iter          50 min   300.04020790113816      max   1110.0541937814996     
 Low-speed solver Block           1  SIMPLE iterations:          61  res_p:   1.7806551609323221E-004
 --------------Force and Moment -----------------------------
 Total Force Coefficient (CL, CD, CS) =
  -2.5395200674905933E-002   2.3464901168767833E-002   3.6486827586508791E-021
 Total Moment Coefficient(CMx, CMy, CMz)=
   6.3488001687264824E-003   5.8662252921919582E-003  -1.1758167587650546E-002
 Kstep, t=          59   59.000000000000000     
 ----------The Max Residuals are--------  ---Mesh---           1
    0.1006230292E-03    0.1216929161E-03    0.4849563940E-04    0.2885101206E-19    0.8832299963E-04
   The R.M.S Residuals are 
    0.4071188212E-04    0.4578103243E-04    0.1660346314E-04    0.4592521033E-20    0.3600762141E-04
 CPU wall time in this step:  0.11718742600000009     
 Averaged CPU wall time is:  0.11452460688135593     
   DBG iter           1  maxU2=   30.000000000000000       maxFi=   2.9962675820394906E-002  maxFj=   6.4860040371752234E-002  Fi(21,1,1)=   0.0000000000000000       Fi(21,21,1)=   0.0000000000000000       Fi(41,21,1)=   0.0000000000000000     
   DBG div max=   1.8570356670083530E-002  res_p=   1.8570356670083530E-002
   SIMPLE iter           1  res_p=   1.8570356670083530E-002  u(1,1,1)=  -4.1648183747686696E-002  p(1,1,1)=   27313.859743173300     
   DBG iter           2  maxU2=   30.000000000000000       maxFi=   1.0561518055359782E-002  maxFj=   1.6423701554609895E-002  Fi(21,1,1)=   0.0000000000000000       Fi(21,21,1)=   0.0000000000000000       Fi(41,21,1)=   0.0000000000000000     
   DBG div max=   9.4095007459133878E-003  res_p=   9.4095007459133878E-003
   SIMPLE iter           2  res_p=   9.4095007459133878E-003  u(1,1,1)= -0.18088734846286481       p(1,1,1)=   27313.964075761291     
   DBG iter           3  maxU2=   30.000000000000000       maxFi=   7.8458371253687081E-003  maxFj=   4.6029380674894427E-002  Fi(21,1,1)=   0.0000000000000000       Fi(21,21,1)=   0.0000000000000000       Fi(41,21,1)=   0.0000000000000000     
   DBG div max=   8.7605765693647281E-003  res_p=   8.7605765693647281E-003
   SIMPLE iter           3  res_p=   8.7605765693647281E-003  u(1,1,1)= -0.19524803075751190       p(1,1,1)=   27313.963489978312     
   SIMPLE iter           4  res_p=   4.8147813083875314E-003  u(1,1,1)= -0.16621886348400880       p(1,1,1)=   27313.967362057843     
   SIMPLE iter           5  res_p=   5.1920658915062604E-003  u(1,1,1)= -0.15330091417439692       p(1,1,1)=   27313.975709714490     
 DEBUG T iter          50 min   300.03996592332373      max   1105.1706083298848     
 Low-speed solver Block           1  SIMPLE iterations:          61  res_p:   1.7806551609171606E-004
 --------------Force and Moment -----------------------------
 Total Force Coefficient (CL, CD, CS) =
  -2.5174890180249359E-002   2.3201607211733040E-002   4.7621485735035012E-021
 Total Moment Coefficient(CMx, CMy, CMz)=
   6.2937225450623406E-003   5.8004018029332600E-003  -1.1656158248731487E-002
 Kstep, t=          60   60.000000000000000     
 ----------The Max Residuals are--------  ---Mesh---           1
    0.1003076997E-03    0.1194244182E-03    0.4830707210E-04    0.2738570314E-19    0.8806279232E-04
   The R.M.S Residuals are 
    0.4037954389E-04    0.4533622302E-04    0.1650073934E-04    0.4398786175E-20    0.3569254709E-04
 write flow3d.dat ......
 write flow3d.dat OK
 write VTK files ......
 write VTK files OK
 CPU wall time in this step:  0.18871982900000006     
 Averaged CPU wall time is:  0.11576119391666667     
   DBG iter           1  maxU2=   30.000000000000000       maxFi=   2.9962675820409394E-002  maxFj=   6.4860040371767805E-002  Fi(21,1,1)=   0.0000000000000000       Fi(21,21,1)=   0.0000000000000000       Fi(41,21,1)=   0.0000000000000000     
   DBG div max=   1.8570356670086576E-002  res_p=   1.8570356670086576E-002
   SIMPLE iter           1  res_p=   1.8570356670086576E-002  u(1,1,1)=  -4.1648183746910393E-002  p(1,1,1)=   27313.859743173300     
   DBG iter           2  maxU2=   30.000000000000000       maxFi=   1.0561518055361407E-002  maxFj=   1.6423701554611002E-002  Fi(21,1,1)=   0.0000000000000000       Fi(21,21,1)=   0.0000000000000000       Fi(41,21,1)=   0.0000000000000000     
   DBG div max=   9.4095007459158303E-003  res_p=   9.4095007459158303E-003
   SIMPLE iter           2  res_p=   9.4095007459158303E-003  u(1,1,1)= -0.18088734846257190       p(1,1,1)=   27313.964075761291     
   DBG iter           3  maxU2=   30.000000000000000       maxFi=   7.8458371253705798E-003  maxFj=   4.6029380674916229E-002  Fi(21,1,1)=   0.0000000000000000       Fi(21,21,1)=   0.0000000000000000       Fi(41,21,1)=   0.0000000000000000     
   DBG div max=   8.7605765693669277E-003  res_p=   8.7605765693669277E-003
   SIMPLE iter           3  res_p=   8.7605765693669277E-003  u(1,1,1)= -0.19524803075751926       p(1,1,1)=   27313.963489978312     
   SIMPLE iter           4  res_p=   4.8147813083908586E-003  u(1,1,1)= -0.16621886348349943       p(1,1,1)=   27313.967362057843     
   SIMPLE iter           5  res_p=   5.1920658915105694E-003  u(1,1,1)= -0.15330091417369895       p(1,1,1)=   27313.975709714490     
 DEBUG T iter          50 min   300.03972563452533      max   1100.3212483162067     
 Low-speed solver Block           1  SIMPLE iterations:          61  res_p:   1.7806551609236831E-004
 --------------Force and Moment -----------------------------
 Total Force Coefficient (CL, CD, CS) =
  -2.4957666805590667E-002   2.2944816526038900E-002   4.7940266227712052E-021
 Total Moment Coefficient(CMx, CMy, CMz)=
   6.2394167013976667E-003   5.7362041315097249E-003  -1.1555578260675006E-002
 Kstep, t=          61   61.000000000000000     
 ----------The Max Residuals are--------  ---Mesh---           1
    0.1003028861E-03    0.1173088126E-03    0.4816849846E-04    0.3253292544E-19    0.8790221603E-04
   The R.M.S Residuals are 
    0.4006401017E-04    0.4491071743E-04    0.1640438033E-04    0.4680063819E-20    0.3539254962E-04
 CPU wall time in this step:  0.10338734199999955     
 Averaged CPU wall time is:  0.11555834388524590     
   DBG iter           1  maxU2=   30.000000000000000       maxFi=   2.9962675820408964E-002  maxFj=   6.4860040371782224E-002  Fi(21,1,1)=   0.0000000000000000       Fi(21,21,1)=   0.0000000000000000       Fi(41,21,1)=   0.0000000000000000     
   DBG div max=   1.8570356670080387E-002  res_p=   1.8570356670080387E-002
   SIMPLE iter           1  res_p=   1.8570356670080387E-002  u(1,1,1)=  -4.1648183746774078E-002  p(1,1,1)=   27313.859743173300     
   DBG iter           2  maxU2=   30.000000000000000       maxFi=   1.0561518055363431E-002  maxFj=   1.6423701554609909E-002  Fi(21,1,1)=   0.0000000000000000       Fi(21,21,1)=   0.0000000000000000       Fi(41,21,1)=   0.0000000000000000     
   DBG div max=   9.4095007459114640E-003  res_p=   9.4095007459114640E-003
   SIMPLE iter           2  res_p=   9.4095007459114640E-003  u(1,1,1)= -0.18088734846223181       p(1,1,1)=   27313.964075761291     
   DBG iter           3  maxU2=   30.000000000000000       maxFi=   7.8458371253746252E-003  maxFj=   4.6029380674931092E-002  Fi(21,1,1)=   0.0000000000000000       Fi(21,21,1)=   0.0000000000000000       Fi(41,21,1)=   0.0000000000000000     
   DBG div max=   8.7605765693724580E-003  res_p=   8.7605765693724580E-003
   SIMPLE iter           3  res_p=   8.7605765693724580E-003  u(1,1,1)= -0.19524803075679489       p(1,1,1)=   27313.963489978312     
   SIMPLE iter           4  res_p=   4.8147813083906019E-003  u(1,1,1)= -0.16621886348315990       p(1,1,1)=   27313.967362057843     
   SIMPLE iter           5  res_p=   5.1920658915167589E-003  u(1,1,1)= -0.15330091417345354       p(1,1,1)=   27313.975709714490     
 DEBUG T iter          50 min   300.03948704589607      max   1095.5063897010618     
 Low-speed solver Block           1  SIMPLE iterations:          61  res_p:   1.7806551609390181E-004
 --------------Force and Moment -----------------------------
 Total Force Coefficient (CL, CD, CS) =
  -2.4743405961043435E-002   2.2694253298621566E-002   4.6802562756736714E-021
 Total Moment Coefficient(CMx, CMy, CMz)=
   6.1858514902608580E-003   5.6735633246553915E-003  -1.1456369935350656E-002
 Kstep, t=          62   62.000000000000000     
 ----------The Max Residuals are--------  ---Mesh---           1
    0.1011077933E-03    0.1151563166E-03    0.4808317699E-04    0.2735332765E-19    0.8855323142E-04
   The R.M.S Residuals are 
    0.3976600021E-04    0.4450496617E-04    0.1631455002E-04    0.4627537392E-20    0.3510782311E-04
 CPU wall time in this step:  0.10704562100000015     
 Averaged CPU wall time is:  0.11542104190322580     
   DBG iter           1  maxU2=   30.000000000000000       maxFi=   2.9962675820408863E-002  maxFj=   6.4860040371780933E-002  Fi(21,1,1)=   0.0000000000000000       Fi(21,21,1)=   0.0000000000000000       Fi(41,21,1)=   0.0000000000000000     
   DBG div max=   1.8570356670078433E-002  res_p=   1.8570356670078433E-002
   SIMPLE iter           1  res_p=   1.8570356670078433E-002  u(1,1,1)=  -4.1648183747417147E-002  p(1,1,1)=   27313.859743173300     
   DBG iter           2  maxU2=   30.000000000000000       maxFi=   1.0561518055365197E-002  maxFj=   1.6423701554609843E-002  Fi(21,1,1)=   0.0000000000000000       Fi(21,21,1)=   0.0000000000000000       Fi(41,21,1)=   0.0000000000000000     
   DBG div max=   9.4095007459140349E-003  res_p=   9.4095007459140349E-003
   SIMPLE iter           2  res_p=   9.4095007459140349E-003  u(1,1,1)= -0.18088734846259180       p(1,1,1)=   27313.964075761291     
   DBG iter           3  maxU2=   30.000000000000000       maxFi=   7.8458371253782178E-003  maxFj=   4.6029380674925117E-002  Fi(21,1,1)=   0.0000000000000000       Fi(21,21,1)=   0.0000000000000000       Fi(41,21,1)=   0.0000000000000000     
   DBG div max=   8.7605765693736445E-003  res_p=   8.7605765693736445E-003
   SIMPLE iter           3  res_p=   8.7605765693736445E-003  u(1,1,1)= -0.19524803075738711       p(1,1,1)=   27313.963489978312     
   SIMPLE iter           4  res_p=   4.8147813083899010E-003  u(1,1,1)= -0.16621886348379852       p(1,1,1)=   27313.967362057843     
   SIMPLE iter           5  res_p=   5.1920658915174632E-003  u(1,1,1)= -0.15330091417414632       p(1,1,1)=   27313.975709714490     
 DEBUG T iter          50 min   300.03925017050381      max   1090.7263469568072     
 Low-speed solver Block           1  SIMPLE iterations:          61  res_p:   1.7806551608692822E-004
 --------------Force and Moment -----------------------------
 Total Force Coefficient (CL, CD, CS) =
  -2.4531993214719168E-002   2.2449658722574761E-002   4.9809143990183304E-021
 Total Moment Coefficient(CMx, CMy, CMz)=
   6.1329983036797903E-003   5.6124146806436903E-003  -1.1358480287954527E-002
 Kstep, t=          63   63.000000000000000     
 ----------The Max Residuals are--------  ---Mesh---           1
    0.1021696733E-03    0.1129777414E-03    0.4805486898E-04    0.2823588574E-19    0.8947345666E-04
   The R.M.S Residuals are 
    0.3948570597E-04    0.4411908394E-04    0.1623130251E-04    0.4506750421E-20    0.3483841231E-04
 CPU wall time in this step:  0.10251843999999988     
 Averaged CPU wall time is:  0.11521623869841269     
   DBG iter           1  maxU2=   30.000000000000000       maxFi=   2.9962675820420778E-002  maxFj=   6.4860040371792382E-002  Fi(21,1,1)=   0.0000000000000000       Fi(21,21,1)=   0.0000000000000000       Fi(41,21,1)=   0.0000000000000000     
   DBG div max=   1.8570356670096856E-002  res_p=   1.8570356670096856E-002
   SIMPLE iter           1  res_p=   1.8570356670096856E-002  u(1,1,1)=  -4.1648183747450544E-002  p(1,1,1)=   27313.859743173300     
   DBG iter           2  maxU2=   30.000000000000000       maxFi=   1.0561518055366773E-002  maxFj=   1.6423701554614100E-002  Fi(21,1,1)=   0.0000000000000000       Fi(21,21,1)=   0.0000000000000000       Fi(41,21,1)=   0.0000000000000000     
   DBG div max=   9.4095007459249515E-003  res_p=   9.4095007459249515E-003
   SIMPLE iter           2  res_p=   9.4095007459249515E-003  u(1,1,1)= -0.18088734846270030       p(1,1,1)=   27313.964075761291     
   DBG iter           3  maxU2=   30.000000000000000       maxFi=   7.8458371253776020E-003  maxFj=   4.6029380674939328E-002  Fi(21,1,1)=   0.0000000000000000       Fi(21,21,1)=   0.0000000000000000       Fi(41,21,1)=   0.0000000000000000     
   DBG div max=   8.7605765693711535E-003  res_p=   8.7605765693711535E-003
   SIMPLE iter           3  res_p=   8.7605765693711535E-003  u(1,1,1)= -0.19524803075739663       p(1,1,1)=   27313.963489978312     
   SIMPLE iter           4  res_p=   4.8147813083952544E-003  u(1,1,1)= -0.16621886348387169       p(1,1,1)=   27313.967362057843     
   SIMPLE iter           5  res_p=   5.1920658915161101E-003  u(1,1,1)= -0.15330091417426897       p(1,1,1)=   27313.975709714490     
 DEBUG T iter          50 min   300.03901502336169      max   1085.9814578967107     
 Low-speed solver Block           1  SIMPLE iterations:          61  res_p:   1.7806551609135871E-004
 --------------Force and Moment -----------------------------
 Total Force Coefficient (CL, CD, CS) =
  -2.4323323134565176E-002   2.2210789644428963E-002   6.7532892509925689E-021
 Total Moment Coefficient(CMx, CMy, CMz)=
   6.0808307836412948E-003   5.5526974111072408E-003  -1.1261860500715037E-002
 Kstep, t=          64   64.000000000000000     
 ----------The Max Residuals are--------  ---Mesh---           1
    0.1034716174E-03    0.1107823166E-03    0.4838710002E-04    0.3340382950E-19    0.9060052797E-04
   The R.M.S Residuals are 
    0.3922303377E-04    0.4375289737E-04    0.1615464375E-04    0.4791887325E-20    0.3458428023E-04
 CPU wall time in this step:  0.10269685700000064     
 Averaged CPU wall time is:  0.11502062335937500     
   DBG iter           1  maxU2=   30.000000000000000       maxFi=   2.9962675820421194E-002  maxFj=   6.4860040371784167E-002  Fi(21,1,1)=   0.0000000000000000       Fi(21,21,1)=   0.0000000000000000       Fi(41,21,1)=   0.0000000000000000     
   DBG div max=   1.8570356670131499E-002  res_p=   1.8570356670131499E-002
   SIMPLE iter           1  res_p=   1.8570356670131499E-002  u(1,1,1)=  -4.1648183747077842E-002  p(1,1,1)=   27313.859743173300     
   DBG iter           2  maxU2=   30.000000000000000       maxFi=   1.0561518055369369E-002  maxFj=   1.6423701554615363E-002  Fi(21,1,1)=   0.0000000000000000       Fi(21,21,1)=   0.0000000000000000       Fi(41,21,1)=   0.0000000000000000     
   DBG div max=   9.4095007459342114E-003  res_p=   9.4095007459342114E-003
   SIMPLE iter           2  res_p=   9.4095007459342114E-003  u(1,1,1)= -0.18088734846235446       p(1,1,1)=   27313.964075761291     
   DBG iter           3  maxU2=   30.000000000000000       maxFi=   7.8458371253799751E-003  maxFj=   4.6029380674934763E-002  Fi(21,1,1)=   0.0000000000000000       Fi(21,21,1)=   0.0000000000000000       Fi(41,21,1)=   0.0000000000000000     
   DBG div max=   8.7605765693739776E-003  res_p=   8.7605765693739776E-003
   SIMPLE iter           3  res_p=   8.7605765693739776E-003  u(1,1,1)= -0.19524803075710478       p(1,1,1)=   27313.963489978312     
   SIMPLE iter           4  res_p=   4.8147813083933393E-003  u(1,1,1)= -0.16621886348352580       p(1,1,1)=   27313.967362057843     
   SIMPLE iter           5  res_p=   5.1920658915168179E-003  u(1,1,1)= -0.15330091417391897       p(1,1,1)=   27313.975709714490     
 DEBUG T iter          50 min   300.03878162082174      max   1081.2720703676659     
 Low-speed solver Block           1  SIMPLE iterations:          61  res_p:   1.7806551609306220E-004
 --------------Force and Moment -----------------------------
 Total Force Coefficient (CL, CD, CS) =
  -2.4117298307473369E-002   2.1977417342061656E-002   5.3947599212345045E-021
 Total Moment Coefficient(CMx, CMy, CMz)=
   6.0293245768683439E-003   5.4943543355154140E-003  -1.1166465468692783E-002
 Kstep, t=          65   65.000000000000000     
 ----------The Max Residuals are--------  ---Mesh---           1
    0.1050352320E-03    0.1088810258E-03    0.4902504813E-04    0.3242840584E-19    0.9195220900E-04
   The R.M.S Residuals are 
    0.3897803051E-04    0.4340634905E-04    0.1608464383E-04    0.4798528353E-20    0.3434547298E-04
 CPU wall time in this step:  0.11008510699999974     
 Averaged CPU wall time is:  0.11494469233846154     
   DBG iter           1  maxU2=   30.000000000000000       maxFi=   2.9962675820423539E-002  maxFj=   6.4860040371793062E-002  Fi(21,1,1)=   0.0000000000000000       Fi(21,21,1)=   0.0000000000000000       Fi(41,21,1)=   0.0000000000000000     
   DBG div max=   1.8570356670102761E-002  res_p=   1.8570356670102761E-002
   SIMPLE iter           1  res_p=   1.8570356670102761E-002  u(1,1,1)=  -4.1648183747599286E-002  p(1,1,1)=   27313.859743173300     
   DBG iter           2  maxU2=   30.000000000000000       maxFi=   1.0561518055369114E-002  maxFj=   1.6423701554613587E-002  Fi(21,1,1)=   0.0000000000000000       Fi(21,21,1)=   0.0000000000000000       Fi(41,21,1)=   0.0000000000000000     
   DBG div max=   9.4095007459224500E-003  res_p=   9.4095007459224500E-003
   SIMPLE iter           2  res_p=   9.4095007459224500E-003  u(1,1,1)= -0.18088734846279930       p(1,1,1)=   27313.964075761291     
   DBG iter           3  maxU2=   30.000000000000000       maxFi=   7.8458371253800879E-003  maxFj=   4.6029380674941271E-002  Fi(21,1,1)=   0.0000000000000000       Fi(21,21,1)=   0.0000000000000000       Fi(41,21,1)=   0.0000000000000000     
   DBG div max=   8.7605765693751156E-003  res_p=   8.7605765693751156E-003
   SIMPLE iter           3  res_p=   8.7605765693751156E-003  u(1,1,1)= -0.19524803075753833       p(1,1,1)=   27313.963489978312     
   SIMPLE iter           4  res_p=   4.8147813083958373E-003  u(1,1,1)= -0.16621886348391379       p(1,1,1)=   27313.967362057843     
   SIMPLE iter           5  res_p=   5.1920658915167242E-003  u(1,1,1)= -0.15330091417424602       p(1,1,1)=   27313.975709714490     
 DEBUG T iter          50 min   300.03854997988390      max   1076.5985318749501     
 Low-speed solver Block           1  SIMPLE iterations:          61  res_p:   1.7806551609401977E-004
 --------------Force and Moment -----------------------------
 Total Force Coefficient (CL, CD, CS) =
  -2.3913828514063245E-002   2.1749326419506644E-002   8.4674636534473301E-021
 Total Moment Coefficient(CMx, CMy, CMz)=
   5.9784571285158095E-003   5.4373316048766610E-003  -1.1072253417673013E-002
 Kstep, t=          66   66.000000000000000     
 ----------The Max Residuals are--------  ---Mesh---           1
    0.1068842192E-03    0.1092377746E-03    0.4984550950E-04    0.3249933012E-19    0.9354803913E-04
   The R.M.S Residuals are 
    0.3875081124E-04    0.4307944617E-04    0.1602140183E-04    0.4804759138E-20    0.3412206756E-04
 CPU wall time in this step:  0.10313154700000027     
 Averaged CPU wall time is:  0.11476570528787879     
   DBG iter           1  maxU2=   30.000000000000000       maxFi=   2.9962675820408846E-002  maxFj=   6.4860040371785818E-002  Fi(21,1,1)=   0.0000000000000000       Fi(21,21,1)=   0.0000000000000000       Fi(41,21,1)=   0.0000000000000000     
   DBG div max=   1.8570356670089272E-002  res_p=   1.8570356670089272E-002
   SIMPLE iter           1  res_p=   1.8570356670089272E-002  u(1,1,1)=  -4.1648183747424607E-002  p(1,1,1)=   27313.859743173300     
   DBG iter           2  maxU2=   30.000000000000000       maxFi=   1.0561518055370778E-002  maxFj=   1.6423701554610929E-002  Fi(21,1,1)=   0.0000000000000000       Fi(21,21,1)=   0.0000000000000000       Fi(41,21,1)=   0.0000000000000000     
   DBG div max=   9.4095007459310178E-003  res_p=   9.4095007459310178E-003
   SIMPLE iter           2  res_p=   9.4095007459310178E-003  u(1,1,1)= -0.18088734846262461       p(1,1,1)=   27313.964075761291     
   DBG iter           3  maxU2=   30.000000000000000       maxFi=   7.8458371253796455E-003  maxFj=   4.6029380674935602E-002  Fi(21,1,1)=   0.0000000000000000       Fi(21,21,1)=   0.0000000000000000       Fi(41,21,1)=   0.0000000000000000     
   DBG div max=   8.7605765693790083E-003  res_p=   8.7605765693790083E-003
   SIMPLE iter           3  res_p=   8.7605765693790083E-003  u(1,1,1)= -0.19524803075732980       p(1,1,1)=   27313.963489978312     
   SIMPLE iter           4  res_p=   4.8147813083932248E-003  u(1,1,1)= -0.16621886348373022       p(1,1,1)=   27313.967362057843     
   SIMPLE iter           5  res_p=   5.1920658915194096E-003  u(1,1,1)= -0.15330091417412289       p(1,1,1)=   27313.975709714490     
 DEBUG T iter          50 min   300.03832011766553      max   1071.9611783436785     
 Low-speed solver Block           1  SIMPLE iterations:          61  res_p:   1.7806551609170565E-004
 --------------Force and Moment -----------------------------
 Total Force Coefficient (CL, CD, CS) =
  -2.3712830036117773E-002   2.1526313806158680E-002   7.9727127785233693E-021
 Total Moment Coefficient(CMx, CMy, CMz)=
   5.9282075090294432E-003   5.3815784515396699E-003  -1.0979185583488486E-002
 Kstep, t=          67   67.000000000000000     
 ----------The Max Residuals are--------  ---Mesh---           1
    0.1090443255E-03    0.1115810337E-03    0.5083287059E-04    0.2728145189E-19    0.9542437114E-04
   The R.M.S Residuals are 
    0.3854156569E-04    0.4277221301E-04    0.1596503196E-04    0.4732611247E-20    0.3391414167E-04
 CPU wall time in this step:  0.10324194699999989     
 Averaged CPU wall time is:  0.11459370889552239     
   DBG iter           1  maxU2=   30.000000000000000       maxFi=   2.9962675820423716E-002  maxFj=   6.4860040371796615E-002  Fi(21,1,1)=   0.0000000000000000       Fi(21,21,1)=   0.0000000000000000       Fi(41,21,1)=   0.0000000000000000     
   DBG div max=   1.8570356670105981E-002  res_p=   1.8570356670105981E-002
   SIMPLE iter           1  res_p=   1.8570356670105981E-002  u(1,1,1)=  -4.1648183746793771E-002  p(1,1,1)=   27313.859743173300     
   DBG iter           2  maxU2=   30.000000000000000       maxFi=   1.0561518055366240E-002  maxFj=   1.6423701554613195E-002  Fi(21,1,1)=   0.0000000000000000       Fi(21,21,1)=   0.0000000000000000       Fi(41,21,1)=   0.0000000000000000     
   DBG div max=   9.4095007459209165E-003  res_p=   9.4095007459209165E-003
   SIMPLE iter           2  res_p=   9.4095007459209165E-003  u(1,1,1)= -0.18088734846273827       p(1,1,1)=   27313.964075761291     
   DBG iter           3  maxU2=   30.000000000000000       maxFi=   7.8458371253760113E-003  maxFj=   4.6029380674943880E-002  Fi(21,1,1)=   0.0000000000000000       Fi(21,21,1)=   0.0000000000000000       Fi(41,21,1)=   0.0000000000000000     
   DBG div max=   8.7605765693829010E-003  res_p=   8.7605765693829010E-003
   SIMPLE iter           3  res_p=   8.7605765693829010E-003  u(1,1,1)= -0.19524803075765054       p(1,1,1)=   27313.963489978312     
   SIMPLE iter           4  res_p=   4.8147813083940158E-003  u(1,1,1)= -0.16621886348368065       p(1,1,1)=   27313.967362057843     
   SIMPLE iter           5  res_p=   5.1920658915212796E-003  u(1,1,1)= -0.15330091417392749       p(1,1,1)=   27313.975709714490     
 DEBUG T iter          50 min   300.03809205086156      max   1067.3603230850631     
 Low-speed solver Block           1  SIMPLE iterations:          61  res_p:   1.7806551609659063E-004
 --------------Force and Moment -----------------------------
 Total Force Coefficient (CL, CD, CS) =
  -2.3514225074164046E-002   2.1308187849054586E-002   6.3586998831337182E-021
 Total Moment Coefficient(CMx, CMy, CMz)=
   5.8785562685410124E-003   5.3270469622636466E-003  -1.0887225942348238E-002
 Kstep, t=          68   68.000000000000000     
 ----------The Max Residuals are--------  ---Mesh---           1
    0.1115432103E-03    0.1142669570E-03    0.5198521900E-04    0.2737578744E-19    0.9770636099E-04
   The R.M.S Residuals are 
    0.3835070743E-04    0.4248478580E-04    0.1591568950E-04    0.4753369476E-20    0.3372179599E-04
 CPU wall time in this step:  0.10239963499999938     
 Averaged CPU wall time is:  0.11441438427941175     
   DBG iter           1  maxU2=   30.000000000000000       maxFi=   2.9962675820411927E-002  maxFj=   6.4860040371803707E-002  Fi(21,1,1)=   0.0000000000000000       Fi(21,21,1)=   0.0000000000000000       Fi(41,21,1)=   0.0000000000000000     
   DBG div max=   1.8570356670063296E-002  res_p=   1.8570356670063296E-002
   SIMPLE iter           1  res_p=   1.8570356670063296E-002  u(1,1,1)=  -4.1648183747104203E-002  p(1,1,1)=   27313.859743173300     
   DBG iter           2  maxU2=   30.000000000000000       maxFi=   1.0561518055367163E-002  maxFj=   1.6423701554607470E-002  Fi(21,1,1)=   0.0000000000000000       Fi(21,21,1)=   0.0000000000000000       Fi(41,21,1)=   0.0000000000000000     
   DBG div max=   9.4095007459167931E-003  res_p=   9.4095007459167931E-003
   SIMPLE iter           2  res_p=   9.4095007459167931E-003  u(1,1,1)= -0.18088734846259102       p(1,1,1)=   27313.964075761291     
   DBG iter           3  maxU2=   30.000000000000000       maxFi=   7.8458371253793020E-003  maxFj=   4.6029380674947738E-002  Fi(21,1,1)=   0.0000000000000000       Fi(21,21,1)=   0.0000000000000000       Fi(41,21,1)=   0.0000000000000000     
   DBG div max=   8.7605765693780854E-003  res_p=   8.7605765693780854E-003
   SIMPLE iter           3  res_p=   8.7605765693780854E-003  u(1,1,1)= -0.19524803075724531       p(1,1,1)=   27313.963489978312     
   SIMPLE iter           4  res_p=   4.8147813083968503E-003  u(1,1,1)= -0.16621886348367218       p(1,1,1)=   27313.967362057843     
   SIMPLE iter           5  res_p=   5.1920658915166895E-003  u(1,1,1)= -0.15330091417400044       p(1,1,1)=   27313.975709714490     
 DEBUG T iter          50 min   300.03786579519783      max   1062.7962468435242     
 Low-speed solver Block           1  SIMPLE iterations:          61  res_p:   1.7806551609658716E-004
 --------------Force and Moment -----------------------------
 Total Force Coefficient (CL, CD, CS) =
  -2.3317941254498608E-002   2.1094767488055305E-002   5.2421119622337898E-021
 Total Moment Coefficient(CMx, CMy, CMz)=
   5.8294853136246529E-003   5.2736918720138262E-003  -1.0796340982585159E-002
 Kstep, t=          69   69.000000000000000     
 ----------The Max Residuals are--------  ---Mesh---           1
    0.1144102034E-03    0.1173224575E-03    0.5331781216E-04    0.3348903152E-19    0.1003014372E-03
   The R.M.S Residuals are 
    0.3817856321E-04    0.4221732136E-04    0.1587354240E-04    0.4675947859E-20    0.3354511133E-04
 CPU wall time in this step:  0.10132439600000076     
 Averaged CPU wall time is:  0.11422467430434784     
   DBG iter           1  maxU2=   30.000000000000000       maxFi=   2.9962675820408975E-002  maxFj=   6.4860040371787456E-002  Fi(21,1,1)=   0.0000000000000000       Fi(21,21,1)=   0.0000000000000000       Fi(41,21,1)=   0.0000000000000000     
   DBG div max=   1.8570356670098351E-002  res_p=   1.8570356670098351E-002
   SIMPLE iter           1  res_p=   1.8570356670098351E-002  u(1,1,1)=  -4.1648183742116270E-002  p(1,1,1)=   27313.859743173296     
   DBG iter           2  maxU2=   30.000000000000000       maxFi=   1.0561518055368958E-002  maxFj=   1.6423701554611776E-002  Fi(21,1,1)=   0.0000000000000000       Fi(21,21,1)=   0.0000000000000000       Fi(41,21,1)=   0.0000000000000000     
   DBG div max=   9.4095007459162501E-003  res_p=   9.4095007459162501E-003
   SIMPLE iter           2  res_p=   9.4095007459162501E-003  u(1,1,1)= -0.18088734845934251       p(1,1,1)=   27313.964075761287     
   DBG iter           3  maxU2=   30.000000000000000       maxFi=   7.8458371253774997E-003  maxFj=   4.6029380674939904E-002  Fi(21,1,1)=   0.0000000000000000       Fi(21,21,1)=   0.0000000000000000       Fi(41,21,1)=   0.0000000000000000     
   DBG div max=   8.7605765693789320E-003  res_p=   8.7605765693789320E-003
   SIMPLE iter           3  res_p=   8.7605765693789320E-003  u(1,1,1)= -0.19524803075402702       p(1,1,1)=   27313.963489978309     
   SIMPLE iter           4  res_p=   4.8147813083953377E-003  u(1,1,1)= -0.16621886348021631       p(1,1,1)=   27313.967362057840     
   SIMPLE iter           5  res_p=   5.1920658915185179E-003  u(1,1,1)= -0.15330091417040531       p(1,1,1)=   27313.975709714487     
 DEBUG T iter          50 min   300.03764136492981      max   1058.2691873601452     
 Low-speed solver Block           1  SIMPLE iterations:          61  res_p:   1.7806551609382201E-004
 --------------Force and Moment -----------------------------
 Total Force Coefficient (CL, CD, CS) =
  -2.3123911207495535E-002   2.0885881504845417E-002   3.7602570869949098E-021
 Total Moment Coefficient(CMx, CMy, CMz)=
   5.7809778018738829E-003   5.2214703762113544E-003  -1.0706499509411216E-002
 Kstep, t=          70   70.000000000000000     
 ----------The Max Residuals are--------  ---Mesh---           1
    0.1176759076E-03    0.1207751099E-03    0.5484690846E-04    0.3279555094E-19    0.1032319595E-03
   The R.M.S Residuals are 
    0.3802524841E-04    0.4196984837E-04    0.1583874224E-04    0.4782624745E-20    0.3338412528E-04
 write flow3d.dat ......
 write flow3d.dat OK
 write VTK files ......
 write VTK files OK
 CPU wall time in this step:  0.18137690400000039     
 Averaged CPU wall time is:  0.11518399187142858     
   DBG iter           1  maxU2=   30.000000000000000       maxFi=   2.9962675820423557E-002  maxFj=   6.4860040371803970E-002  Fi(21,1,1)=   0.0000000000000000       Fi(21,21,1)=   0.0000000000000000       Fi(41,21,1)=   0.0000000000000000     
   DBG div max=   1.8570356670103174E-002  res_p=   1.8570356670103174E-002
   SIMPLE iter           1  res_p=   1.8570356670103174E-002  u(1,1,1)=  -4.1648183747009342E-002  p(1,1,1)=   27313.859743173300     
   DBG iter           2  maxU2=   30.000000000000000       maxFi=   1.0561518055369132E-002  maxFj=   1.6423701554612879E-002  Fi(21,1,1)=   0.0000000000000000       Fi(21,21,1)=   0.0000000000000000       Fi(41,21,1)=   0.0000000000000000     
   DBG div max=   9.4095007459222210E-003  res_p=   9.4095007459222210E-003
   SIMPLE iter           2  res_p=   9.4095007459222210E-003  u(1,1,1)= -0.18088734846239224       p(1,1,1)=   27313.964075761291     
   DBG iter           3  maxU2=   30.000000000000000       maxFi=   7.8458371253809674E-003  maxFj=   4.6029380674952179E-002  Fi(21,1,1)=   0.0000000000000000       Fi(21,21,1)=   0.0000000000000000       Fi(41,21,1)=   0.0000000000000000     
   DBG div max=   8.7605765693716184E-003  res_p=   8.7605765693716184E-003
   SIMPLE iter           3  res_p=   8.7605765693716184E-003  u(1,1,1)= -0.19524803075730057       p(1,1,1)=   27313.963489978312     
   SIMPLE iter           4  res_p=   4.8147813083992581E-003  u(1,1,1)= -0.16621886348380024       p(1,1,1)=   27313.967362057843     
   SIMPLE iter           5  res_p=   5.1920658915119398E-003  u(1,1,1)= -0.15330091417427719       p(1,1,1)=   27313.975709714490     
 DEBUG T iter          50 min   300.03741877234023      max   1053.7793301635952     
 Low-speed solver Block           1  SIMPLE iterations:          61  res_p:   1.7806551608840274E-004
 --------------Force and Moment -----------------------------
 Total Force Coefficient (CL, CD, CS) =
  -2.2932072201864429E-002   2.0681367837693355E-002   4.1546288604910694E-021
 Total Moment Coefficient(CMx, CMy, CMz)=
   5.7330180504661082E-003   5.1703419594233387E-003  -1.0617672475579312E-002
 Kstep, t=          71   71.000000000000000     
 ----------The Max Residuals are--------  ---Mesh---           1
    0.1213715774E-03    0.1246524657E-03    0.5658949987E-04    0.3276657226E-19    0.1065198614E-03
   The R.M.S Residuals are 
    0.3789078178E-04    0.4174228405E-04    0.1581141052E-04    0.4861513878E-20    0.3323885654E-04
 CPU wall time in this step:  0.10277136599999892     
 Averaged CPU wall time is:  0.11500916615492958     
   DBG iter           1  maxU2=   30.000000000000000       maxFi=   2.9962675820423418E-002  maxFj=   6.4860040371795241E-002  Fi(21,1,1)=   0.0000000000000000       Fi(21,21,1)=   0.0000000000000000       Fi(41,21,1)=   0.0000000000000000     
   DBG div max=   1.8570356670058231E-002  res_p=   1.8570356670058231E-002
   SIMPLE iter           1  res_p=   1.8570356670058231E-002  u(1,1,1)=  -4.1648183742982035E-002  p(1,1,1)=   27313.859743173300     
   DBG iter           2  maxU2=   30.000000000000000       maxFi=   1.0561518055368200E-002  maxFj=   1.6423701554607834E-002  Fi(21,1,1)=   0.0000000000000000       Fi(21,21,1)=   0.0000000000000000       Fi(41,21,1)=   0.0000000000000000     
   DBG div max=   9.4095007459238274E-003  res_p=   9.4095007459238274E-003
   SIMPLE iter           2  res_p=   9.4095007459238274E-003  u(1,1,1)= -0.18088734845994858       p(1,1,1)=   27313.964075761291     
   DBG iter           3  maxU2=   30.000000000000000       maxFi=   7.8458371253769463E-003  maxFj=   4.6029380674940862E-002  Fi(21,1,1)=   0.0000000000000000       Fi(21,21,1)=   0.0000000000000000       Fi(41,21,1)=   0.0000000000000000     
   DBG div max=   8.7605765693692661E-003  res_p=   8.7605765693692661E-003
   SIMPLE iter           3  res_p=   8.7605765693692661E-003  u(1,1,1)= -0.19524803075423108       p(1,1,1)=   27313.963489978312     
   SIMPLE iter           4  res_p=   4.8147813083970273E-003  u(1,1,1)= -0.16621886348062082       p(1,1,1)=   27313.967362057843     
   SIMPLE iter           5  res_p=   5.1920658915119780E-003  u(1,1,1)= -0.15330091417093919       p(1,1,1)=   27313.975709714490     
 DEBUG T iter          50 min   300.03719802726732      max   1049.3268034343396     
 Low-speed solver Block           1  SIMPLE iterations:          61  res_p:   1.7806551609697574E-004
 --------------Force and Moment -----------------------------
 Total Force Coefficient (CL, CD, CS) =
  -2.2742365822333303E-002   2.0481072954863816E-002   3.6895327437733112E-021
 Total Moment Coefficient(CMx, CMy, CMz)=
   5.6855914555833265E-003   5.1202682387159540E-003  -1.0529832832151618E-002
 Kstep, t=          72   72.000000000000000     
 ----------The Max Residuals are--------  ---Mesh---           1
    0.1256093144E-03    0.1289810528E-03    0.5856286020E-04    0.2729211022E-19    0.1101856039E-03
   The R.M.S Residuals are 
    0.3777514446E-04    0.4153451254E-04    0.1579166793E-04    0.4925402672E-20    0.3310931498E-04
 CPU wall time in this step:  0.10177353799999977     
 Averaged CPU wall time is:  0.11482533798611111     
   DBG iter           1  maxU2=   30.000000000000000       maxFi=   2.9962675820411681E-002  maxFj=   6.4860040371795338E-002  Fi(21,1,1)=   0.0000000000000000       Fi(21,21,1)=   0.0000000000000000       Fi(41,21,1)=   0.0000000000000000     
   DBG div max=   1.8570356670063900E-002  res_p=   1.8570356670063900E-002
   SIMPLE iter           1  res_p=   1.8570356670063900E-002  u(1,1,1)=  -4.1648183746624400E-002  p(1,1,1)=   27313.859743173300     
   DBG iter           2  maxU2=   30.000000000000000       maxFi=   1.0561518055369047E-002  maxFj=   1.6423701554606929E-002  Fi(21,1,1)=   0.0000000000000000       Fi(21,21,1)=   0.0000000000000000       Fi(41,21,1)=   0.0000000000000000     
   DBG div max=   9.4095007459168538E-003  res_p=   9.4095007459168538E-003
   SIMPLE iter           2  res_p=   9.4095007459168538E-003  u(1,1,1)= -0.18088734846216162       p(1,1,1)=   27313.964075761291     
   DBG iter           3  maxU2=   30.000000000000000       maxFi=   7.8458371253769150E-003  maxFj=   4.6029380674940425E-002  Fi(21,1,1)=   0.0000000000000000       Fi(21,21,1)=   0.0000000000000000       Fi(41,21,1)=   0.0000000000000000     
   DBG div max=   8.7605765693689122E-003  res_p=   8.7605765693689122E-003
   SIMPLE iter           3  res_p=   8.7605765693689122E-003  u(1,1,1)= -0.19524803075668568       p(1,1,1)=   27313.963489978312     
   SIMPLE iter           4  res_p=   4.8147813083966109E-003  u(1,1,1)= -0.16621886348304818       p(1,1,1)=   27313.967362057843     
   SIMPLE iter           5  res_p=   5.1920658915122798E-003  u(1,1,1)= -0.15330091417336483       p(1,1,1)=   27313.975709714490     
 DEBUG T iter          50 min   300.03697913679713      max   1044.9116762825993     
 Low-speed solver Block           1  SIMPLE iterations:          61  res_p:   1.7806551610116683E-004
 --------------Force and Moment -----------------------------
 Total Force Coefficient (CL, CD, CS) =
  -2.2554737680822116E-002   2.0284851280436080E-002   4.1205333798492003E-021
 Total Moment Coefficient(CMx, CMy, CMz)=
   5.6386844202055281E-003   5.0712128201090200E-003  -1.0442955394773995E-002
 Kstep, t=          73   73.000000000000000     
 ----------The Max Residuals are--------  ---Mesh---           1
    0.1302910329E-03    0.1337848940E-03    0.6078382852E-04    0.3221747438E-19    0.1142466488E-03
   The R.M.S Residuals are 
    0.3767833349E-04    0.4134642980E-04    0.1577964911E-04    0.4945258826E-20    0.3299550690E-04
 CPU wall time in this step:  0.10197010000000084     
 Averaged CPU wall time is:  0.11464923883561644     
   DBG iter           1  maxU2=   30.000000000000000       maxFi=   2.9962675820411913E-002  maxFj=   6.4860040371804165E-002  Fi(21,1,1)=   0.0000000000000000       Fi(21,21,1)=   0.0000000000000000       Fi(41,21,1)=   0.0000000000000000     
   DBG div max=   1.8570356670114720E-002  res_p=   1.8570356670114720E-002
   SIMPLE iter           1  res_p=   1.8570356670114720E-002  u(1,1,1)=  -4.1648183746626093E-002  p(1,1,1)=   27313.859743173300     
   DBG iter           2  maxU2=   30.000000000000000       maxFi=   1.0561518055367881E-002  maxFj=   1.6423701554610655E-002  Fi(21,1,1)=   0.0000000000000000       Fi(21,21,1)=   0.0000000000000000       Fi(41,21,1)=   0.0000000000000000     
   DBG div max=   9.4095007459150150E-003  res_p=   9.4095007459150150E-003
   SIMPLE iter           2  res_p=   9.4095007459150150E-003  u(1,1,1)= -0.18088734846218202       p(1,1,1)=   27313.964075761291     
   DBG iter           3  maxU2=   30.000000000000000       maxFi=   7.8458371253770209E-003  maxFj=   4.6029380674951048E-002  Fi(21,1,1)=   0.0000000000000000       Fi(21,21,1)=   0.0000000000000000       Fi(41,21,1)=   0.0000000000000000     
   DBG div max=   8.7605765693711465E-003  res_p=   8.7605765693711465E-003
   SIMPLE iter           3  res_p=   8.7605765693711465E-003  u(1,1,1)= -0.19524803075668345       p(1,1,1)=   27313.963489978312     
   SIMPLE iter           4  res_p=   4.8147813083989389E-003  u(1,1,1)= -0.16621886348304665       p(1,1,1)=   27313.967362057843     
   SIMPLE iter           5  res_p=   5.1920658915119919E-003  u(1,1,1)= -0.15330091417336536       p(1,1,1)=   27313.975709714490     
 DEBUG T iter          50 min   300.03676210513822      max   1040.5339593418314     
 Low-speed solver Block           1  SIMPLE iterations:          61  res_p:   1.7806551608776436E-004
 --------------Force and Moment -----------------------------
 Total Force Coefficient (CL, CD, CS) =
  -2.2369137153440827E-002   2.0092564667054801E-002   3.9594756070608976E-021
 Total Moment Coefficient(CMx, CMy, CMz)=
   5.5922842883602058E-003   5.0231411667637001E-003  -1.0357016721906691E-002
 Kstep, t=          74   74.000000000000000     
 ----------The Max Residuals are--------  ---Mesh---           1
    0.1354141747E-03    0.1390832918E-03    0.6326771632E-04    0.2712595436E-19    0.1187152222E-03
   The R.M.S Residuals are 
    0.3760047545E-04    0.4117798838E-04    0.1577551000E-04    0.4929715931E-20    0.3289744199E-04
 CPU wall time in this step:  0.10267139699999994     
 Averaged CPU wall time is:  0.11448737610810811     
   DBG iter           1  maxU2=   30.000000000000000       maxFi=   2.9962675820423466E-002  maxFj=   6.4860040371803998E-002  Fi(21,1,1)=   0.0000000000000000       Fi(21,21,1)=   0.0000000000000000       Fi(41,21,1)=   0.0000000000000000     
   DBG div max=   1.8570356670054401E-002  res_p=   1.8570356670054401E-002
   SIMPLE iter           1  res_p=   1.8570356670054401E-002  u(1,1,1)=  -4.1648183746624517E-002  p(1,1,1)=   27313.859743173300     
   DBG iter           2  maxU2=   30.000000000000000       maxFi=   1.0561518055366682E-002  maxFj=   1.6423701554612629E-002  Fi(21,1,1)=   0.0000000000000000       Fi(21,21,1)=   0.0000000000000000       Fi(41,21,1)=   0.0000000000000000     
   DBG div max=   9.4095007459240269E-003  res_p=   9.4095007459240269E-003
   SIMPLE iter           2  res_p=   9.4095007459240269E-003  u(1,1,1)= -0.18088734846218096       p(1,1,1)=   27313.964075761291     
   DBG iter           3  maxU2=   30.000000000000000       maxFi=   7.8458371253792673E-003  maxFj=   4.6029380674951853E-002  Fi(21,1,1)=   0.0000000000000000       Fi(21,21,1)=   0.0000000000000000       Fi(41,21,1)=   0.0000000000000000     
   DBG div max=   8.7605765693714588E-003  res_p=   8.7605765693714588E-003
   SIMPLE iter           3  res_p=   8.7605765693714588E-003  u(1,1,1)= -0.19524803075668173       p(1,1,1)=   27313.963489978312     
   SIMPLE iter           4  res_p=   4.8147813083991436E-003  u(1,1,1)= -0.16621886348304515       p(1,1,1)=   27313.967362057843     
   SIMPLE iter           5  res_p=   5.1920658915119017E-003  u(1,1,1)= -0.15330091417336428       p(1,1,1)=   27313.975709714490     
 DEBUG T iter          50 min   300.03654693362103      max   1036.2019892371347     
 Low-speed solver Block           1  SIMPLE iterations:          61  res_p:   1.7806551608777130E-004
 --------------Force and Moment -----------------------------
 Total Force Coefficient (CL, CD, CS) =
  -2.2185517137551444E-002   1.9904081910822401E-002   2.9537894156277842E-021
 Total Moment Coefficient(CMx, CMy, CMz)=
   5.5463792843878611E-003   4.9760204777056002E-003  -1.0271995002343780E-002
 Kstep, t=          75   75.000000000000000     
 ----------The Max Residuals are--------  ---Mesh---           1
    0.1410312886E-03    0.1448874823E-03    0.6602668301E-04    0.3291185252E-19    0.1235950340E-03
   The R.M.S Residuals are 
    0.3754177669E-04    0.4102918669E-04    0.1577940902E-04    0.4931790636E-20    0.3281510978E-04
 CPU wall time in this step:  0.10494115100000023     
 Averaged CPU wall time is:  0.11436009310666667     
   DBG iter           1  maxU2=   30.000000000000000       maxFi=   2.9962675820423466E-002  maxFj=   6.4860040371804040E-002  Fi(21,1,1)=   0.0000000000000000       Fi(21,21,1)=   0.0000000000000000       Fi(41,21,1)=   0.0000000000000000     
   DBG div max=   1.8570356670054401E-002  res_p=   1.8570356670054401E-002
   SIMPLE iter           1  res_p=   1.8570356670054401E-002  u(1,1,1)=  -4.1648183746624469E-002  p(1,1,1)=   27313.859743173300     
   DBG iter           2  maxU2=   30.000000000000000       maxFi=   1.0561518055366679E-002  maxFj=   1.6423701554612632E-002  Fi(21,1,1)=   0.0000000000000000       Fi(21,21,1)=   0.0000000000000000       Fi(41,21,1)=   0.0000000000000000     
   DBG div max=   9.4095007459240269E-003  res_p=   9.4095007459240269E-003
   SIMPLE iter           2  res_p=   9.4095007459240269E-003  u(1,1,1)= -0.18088734846218069       p(1,1,1)=   27313.964075761291     
   DBG iter           3  maxU2=   30.000000000000000       maxFi=   7.8458371253792430E-003  maxFj=   4.6029380674951784E-002  Fi(21,1,1)=   0.0000000000000000       Fi(21,21,1)=   0.0000000000000000       Fi(41,21,1)=   0.0000000000000000     
   DBG div max=   8.7605765693714033E-003  res_p=   8.7605765693714033E-003
   SIMPLE iter           3  res_p=   8.7605765693714033E-003  u(1,1,1)= -0.19524803075668146       p(1,1,1)=   27313.963489978312     
   SIMPLE iter           4  res_p=   4.8147813083991263E-003  u(1,1,1)= -0.16621886348304504       p(1,1,1)=   27313.967362057843     
   SIMPLE iter           5  res_p=   5.1920658915118496E-003  u(1,1,1)= -0.15330091417336419       p(1,1,1)=   27313.975709714490     
 DEBUG T iter          50 min   300.03633362079967      max   1031.9244332379526     
 Low-speed solver Block           1  SIMPLE iterations:          61  res_p:   1.7806551608776089E-004
 --------------Force and Moment -----------------------------
 Total Force Coefficient (CL, CD, CS) =
  -2.2003833824680217E-002   1.9719278304141205E-002   2.9740937683603625E-021
 Total Moment Coefficient(CMx, CMy, CMz)=
   5.5009584561700551E-003   4.9298195760353013E-003  -1.0187869950070452E-002
 Kstep, t=          76   76.000000000000000     
 ----------The Max Residuals are--------  ---Mesh---           1
    0.1472633282E-03    0.1511955882E-03    0.6906736428E-04    0.3253998132E-19    0.1288764791E-03
   The R.M.S Residuals are 
    0.3750224454E-04    0.4089993831E-04    0.1579148438E-04    0.5115370423E-20    0.3274843473E-04
 CPU wall time in this step:  0.10269171699999902     
 Averaged CPU wall time is:  0.11420656184210526     
   DBG iter           1  maxU2=   30.000000000000000       maxFi=   2.9962675820423470E-002  maxFj=   6.4860040371803998E-002  Fi(21,1,1)=   0.0000000000000000       Fi(21,21,1)=   0.0000000000000000       Fi(41,21,1)=   0.0000000000000000     
   DBG div max=   1.8570356670054404E-002  res_p=   1.8570356670054404E-002
   SIMPLE iter           1  res_p=   1.8570356670054404E-002  u(1,1,1)=  -4.1648183746624434E-002  p(1,1,1)=   27313.859743173300     
   DBG iter           2  maxU2=   30.000000000000000       maxFi=   1.0561518055366684E-002  maxFj=   1.6423701554612612E-002  Fi(21,1,1)=   0.0000000000000000       Fi(21,21,1)=   0.0000000000000000       Fi(41,21,1)=   0.0000000000000000     
   DBG div max=   9.4095007459240251E-003  res_p=   9.4095007459240251E-003
   SIMPLE iter           2  res_p=   9.4095007459240251E-003  u(1,1,1)= -0.18088734846218046       p(1,1,1)=   27313.964075761291     
   DBG iter           3  maxU2=   30.000000000000000       maxFi=   7.8458371253792864E-003  maxFj=   4.6029380674951895E-002  Fi(21,1,1)=   0.0000000000000000       Fi(21,21,1)=   0.0000000000000000       Fi(41,21,1)=   0.0000000000000000     
   DBG div max=   8.7605765693715004E-003  res_p=   8.7605765693715004E-003
   SIMPLE iter           3  res_p=   8.7605765693715004E-003  u(1,1,1)= -0.19524803075668129       p(1,1,1)=   27313.963489978312     
   SIMPLE iter           4  res_p=   4.8147813083991506E-003  u(1,1,1)= -0.16621886348304496       p(1,1,1)=   27313.967362057843     
   SIMPLE iter           5  res_p=   5.1920658915119086E-003  u(1,1,1)= -0.15330091417336419       p(1,1,1)=   27313.975709714490     
 DEBUG T iter          50 min   300.03612216263093      max   1027.6842534315465     
 Low-speed solver Block           1  SIMPLE iterations:          61  res_p:   1.7806551608768803E-004
 --------------Force and Moment -----------------------------
 Total Force Coefficient (CL, CD, CS) =
  -2.1824046486284256E-002   1.9538035222833171E-002   3.4109096970824473E-021
 Total Moment Coefficient(CMx, CMy, CMz)=
   5.4560116215710639E-003   4.8845088057082927E-003  -1.0104622705070952E-002
 Kstep, t=          77   77.000000000000000     
 ----------The Max Residuals are--------  ---Mesh---           1
    0.1540166009E-03    0.1579850712E-03    0.7238745889E-04    0.2765765135E-19    0.1345296799E-03
   The R.M.S Residuals are 
    0.3748176546E-04    0.4079005566E-04    0.1581184492E-04    0.5014360913E-20    0.3269730207E-04
 CPU wall time in this step:  0.10304247500000052     
 Averaged CPU wall time is:  0.11406157370129870     
   DBG iter           1  maxU2=   30.000000000000000       maxFi=   2.9962675820423369E-002  maxFj=   6.4860040371795172E-002  Fi(21,1,1)=   0.0000000000000000       Fi(21,21,1)=   0.0000000000000000       Fi(41,21,1)=   0.0000000000000000     
   DBG div max=   1.8570356670054362E-002  res_p=   1.8570356670054362E-002
   SIMPLE iter           1  res_p=   1.8570356670054362E-002  u(1,1,1)=  -4.1648183746624524E-002  p(1,1,1)=   27313.859743173300     
   DBG iter           2  maxU2=   30.000000000000000       maxFi=   1.0561518055367806E-002  maxFj=   1.6423701554612487E-002  Fi(21,1,1)=   0.0000000000000000       Fi(21,21,1)=   0.0000000000000000       Fi(41,21,1)=   0.0000000000000000     
   DBG div max=   9.4095007459242368E-003  res_p=   9.4095007459242368E-003
   SIMPLE iter           2  res_p=   9.4095007459242368E-003  u(1,1,1)= -0.18088734846218077       p(1,1,1)=   27313.964075761291     
   DBG iter           3  maxU2=   30.000000000000000       maxFi=   7.8458371253796594E-003  maxFj=   4.6029380674946274E-002  Fi(21,1,1)=   0.0000000000000000       Fi(21,21,1)=   0.0000000000000000       Fi(41,21,1)=   0.0000000000000000     
   DBG div max=   8.7605765693700363E-003  res_p=   8.7605765693700363E-003
   SIMPLE iter           3  res_p=   8.7605765693700363E-003  u(1,1,1)= -0.19524803075668157       p(1,1,1)=   27313.963489978312     
   SIMPLE iter           4  res_p=   4.8147813083979779E-003  u(1,1,1)= -0.16621886348304549       p(1,1,1)=   27313.967362057843     
   SIMPLE iter           5  res_p=   5.1920658915118531E-003  u(1,1,1)= -0.15330091417336458       p(1,1,1)=   27313.975709714490     
 DEBUG T iter          50 min   300.03591255267673      max   1023.4812584150725     
 Low-speed solver Block           1  SIMPLE iterations:          61  res_p:   1.7806551608840621E-004
 --------------Force and Moment -----------------------------
 Total Force Coefficient (CL, CD, CS) =
  -2.1646117270308463E-002   1.9360239744313879E-002   3.9541535737270618E-021
 Total Moment Coefficient(CMx, CMy, CMz)=
   5.4115293175771156E-003   4.8400599360784698E-003  -1.0022235739131675E-002
 Kstep, t=          78   78.000000000000000     
 ----------The Max Residuals are--------  ---Mesh---           1
    0.1612422903E-03    0.1652016266E-03    0.7597088209E-04    0.3295272889E-19    0.1405748429E-03
   The R.M.S Residuals are 
    0.3748011321E-04    0.4069923927E-04    0.1584055106E-04    0.4986608962E-20    0.3266154612E-04
 CPU wall time in this step:  0.10173386800000017     
 Averaged CPU wall time is:  0.11390352619230769     
   DBG iter           1  maxU2=   30.000000000000000       maxFi=   2.9962675820423508E-002  maxFj=   6.4860040371804123E-002  Fi(21,1,1)=   0.0000000000000000       Fi(21,21,1)=   0.0000000000000000       Fi(41,21,1)=   0.0000000000000000     
   DBG div max=   1.8570356670057849E-002  res_p=   1.8570356670057849E-002
   SIMPLE iter           1  res_p=   1.8570356670057849E-002  u(1,1,1)=  -4.1648183746623622E-002  p(1,1,1)=   27313.859743173300     
   DBG iter           2  maxU2=   30.000000000000000       maxFi=   1.0561518055367125E-002  maxFj=   1.6423701554609246E-002  Fi(21,1,1)=   0.0000000000000000       Fi(21,21,1)=   0.0000000000000000       Fi(41,21,1)=   0.0000000000000000     
   DBG div max=   9.4095007459250486E-003  res_p=   9.4095007459250486E-003
   SIMPLE iter           2  res_p=   9.4095007459250486E-003  u(1,1,1)= -0.18088734846218005       p(1,1,1)=   27313.964075761291     
   DBG iter           3  maxU2=   30.000000000000000       maxFi=   7.8458371253792569E-003  maxFj=   4.6029380674951291E-002  Fi(21,1,1)=   0.0000000000000000       Fi(21,21,1)=   0.0000000000000000       Fi(41,21,1)=   0.0000000000000000     
   DBG div max=   8.7605765693713131E-003  res_p=   8.7605765693713131E-003
   SIMPLE iter           3  res_p=   8.7605765693713131E-003  u(1,1,1)= -0.19524803075668062       p(1,1,1)=   27313.963489978312     
   SIMPLE iter           4  res_p=   4.8147813083987932E-003  u(1,1,1)= -0.16621886348304299       p(1,1,1)=   27313.967362057843     
   SIMPLE iter           5  res_p=   5.1920658915122694E-003  u(1,1,1)= -0.15330091417336181       p(1,1,1)=   27313.975709714490     
 DEBUG T iter          50 min   300.03570478232871      max   1019.3152200763745     
 Low-speed solver Block           1  SIMPLE iterations:          61  res_p:   1.7806551608778171E-004
 --------------Force and Moment -----------------------------
 Total Force Coefficient (CL, CD, CS) =
  -2.1470011007160832E-002   1.9185784293984084E-002   4.8162252929743060E-021
 Total Moment Coefficient(CMx, CMy, CMz)=
   5.3675027517902079E-003   4.7964460734960211E-003  -9.9406927660041812E-003
 Kstep, t=          79   79.000000000000000     
 ----------The Max Residuals are--------  ---Mesh---           1
    0.1688421920E-03    0.1727432318E-03    0.7978099298E-04    0.2743404985E-19    0.1474113118E-03
   The R.M.S Residuals are 
    0.3749696066E-04    0.4062710194E-04    0.1587763711E-04    0.5079347847E-20    0.3264094194E-04
 CPU wall time in this step:  0.11267956500000054     
 Averaged CPU wall time is:  0.11388803301265824     
   DBG iter           1  maxU2=   30.000000000000000       maxFi=   2.9962675820423539E-002  maxFj=   6.4860040371804067E-002  Fi(21,1,1)=   0.0000000000000000       Fi(21,21,1)=   0.0000000000000000       Fi(41,21,1)=   0.0000000000000000     
   DBG div max=   1.8570356670054394E-002  res_p=   1.8570356670054394E-002
   SIMPLE iter           1  res_p=   1.8570356670054394E-002  u(1,1,1)=  -4.1648183746624531E-002  p(1,1,1)=   27313.859743173300     
   DBG iter           2  maxU2=   30.000000000000000       maxFi=   1.0561518055367093E-002  maxFj=   1.6423701554612612E-002  Fi(21,1,1)=   0.0000000000000000       Fi(21,21,1)=   0.0000000000000000       Fi(41,21,1)=   0.0000000000000000     
   DBG div max=   9.4095007459244363E-003  res_p=   9.4095007459244363E-003
   SIMPLE iter           2  res_p=   9.4095007459244363E-003  u(1,1,1)= -0.18088734846218074       p(1,1,1)=   27313.964075761291     
   DBG iter           3  maxU2=   30.000000000000000       maxFi=   7.8458371253794651E-003  maxFj=   4.6029380674951291E-002  Fi(21,1,1)=   0.0000000000000000       Fi(21,21,1)=   0.0000000000000000       Fi(41,21,1)=   0.0000000000000000     
   DBG div max=   8.7605765693713616E-003  res_p=   8.7605765693713616E-003
   SIMPLE iter           3  res_p=   8.7605765693713616E-003  u(1,1,1)= -0.19524803075668151       p(1,1,1)=   27313.963489978312     
   SIMPLE iter           4  res_p=   4.8147813083987724E-003  u(1,1,1)= -0.16621886348304538       p(1,1,1)=   27313.967362057843     
   SIMPLE iter           5  res_p=   5.1920658915125158E-003  u(1,1,1)= -0.15330091417336444       p(1,1,1)=   27313.975709714490     
 DEBUG T iter          50 min   300.03549884105837      max   1015.1860987776720     
 Low-speed solver Block           1  SIMPLE iterations:          61  res_p:   1.7806551608775048E-004
 --------------Force and Moment -----------------------------
 Total Force Coefficient (CL, CD, CS) =
  -2.1295695024232730E-002   1.9014566317333476E-002   2.7868128485846793E-021
 Total Moment Coefficient(CMx, CMy, CMz)=
   5.3239237560581834E-003   4.7536415793333689E-003  -9.8599786555239616E-003
 Kstep, t=          80   80.000000000000000     
 ----------The Max Residuals are--------  ---Mesh---           1
    0.1766456418E-03    0.1806487068E-03    0.8396810985E-04    0.2796338991E-19    0.1546228371E-03
   The R.M.S Residuals are 
    0.3753198665E-04    0.4057324460E-04    0.1592312843E-04    0.4952083628E-20    0.3263523172E-04
 write flow3d.dat ......
 write flow3d.dat OK
 write VTK files ......
 write VTK files OK
 CPU wall time in this step:  0.27991392599999898     
 Averaged CPU wall time is:  0.11596335667499999     
   DBG iter           1  maxU2=   30.000000000000000       maxFi=   2.9962675820423494E-002  maxFj=   6.4860040371804054E-002  Fi(21,1,1)=   0.0000000000000000       Fi(21,21,1)=   0.0000000000000000       Fi(41,21,1)=   0.0000000000000000     
   DBG div max=   1.8570356670054414E-002  res_p=   1.8570356670054414E-002
   SIMPLE iter           1  res_p=   1.8570356670054414E-002  u(1,1,1)=  -4.1648183746624469E-002  p(1,1,1)=   27313.859743173300     
   DBG iter           2  maxU2=   30.000000000000000       maxFi=   1.0561518055366622E-002  maxFj=   1.6423701554612636E-002  Fi(21,1,1)=   0.0000000000000000       Fi(21,21,1)=   0.0000000000000000       Fi(41,21,1)=   0.0000000000000000     
   DBG div max=   9.4095007459240321E-003  res_p=   9.4095007459240321E-003
   SIMPLE iter           2  res_p=   9.4095007459240321E-003  u(1,1,1)= -0.18088734846218052       p(1,1,1)=   27313.964075761291     
   DBG iter           3  maxU2=   30.000000000000000       maxFi=   7.8458371253792604E-003  maxFj=   4.6029380674951756E-002  Fi(21,1,1)=   0.0000000000000000       Fi(21,21,1)=   0.0000000000000000       Fi(41,21,1)=   0.0000000000000000     
   DBG div max=   8.7605765693713755E-003  res_p=   8.7605765693713755E-003
   SIMPLE iter           3  res_p=   8.7605765693713755E-003  u(1,1,1)= -0.19524803075668154       p(1,1,1)=   27313.963489978312     
   SIMPLE iter           4  res_p=   4.8147813083987759E-003  u(1,1,1)= -0.16621886348304493       p(1,1,1)=   27313.967362057843     
   SIMPLE iter           5  res_p=   5.1920658915117004E-003  u(1,1,1)= -0.15330091417336425       p(1,1,1)=   27313.975709714490     
 DEBUG T iter          50 min   300.03529471667787      max   1011.0939161460282     
 Low-speed solver Block           1  SIMPLE iterations:          61  res_p:   1.7806551608778518E-004
 --------------Force and Moment -----------------------------
 Total Force Coefficient (CL, CD, CS) =
  -2.1123138968437146E-002   1.8846487975535856E-002   1.3409261364912094E-021
 Total Moment Coefficient(CMx, CMy, CMz)=
   5.2807847421092848E-003   4.7116219938839639E-003  -9.7800793514409932E-003
 Kstep, t=          81   81.000000000000000     
 ----------The Max Residuals are--------  ---Mesh---           1
    0.1854355241E-03    0.1897159943E-03    0.8862129866E-04    0.3325890325E-19    0.1620728068E-03
   The R.M.S Residuals are 
    0.3758491400E-04    0.4053725713E-04    0.1597703131E-04    0.5054272584E-20    0.3264411264E-04
 CPU wall time in this step:  0.13872491300000078     
 Averaged CPU wall time is:  0.11624436354320988     
   DBG iter           1  maxU2=   30.000000000000000       maxFi=   2.9962675820423529E-002  maxFj=   6.4860040371804054E-002  Fi(21,1,1)=   0.0000000000000000       Fi(21,21,1)=   0.0000000000000000       Fi(41,21,1)=   0.0000000000000000     
   DBG div max=   1.8570356670054383E-002  res_p=   1.8570356670054383E-002
   SIMPLE iter           1  res_p=   1.8570356670054383E-002  u(1,1,1)=  -4.1648183746624573E-002  p(1,1,1)=   27313.859743173300     
   DBG iter           2  maxU2=   30.000000000000000       maxFi=   1.0561518055367097E-002  maxFj=   1.6423701554612619E-002  Fi(21,1,1)=   0.0000000000000000       Fi(21,21,1)=   0.0000000000000000       Fi(41,21,1)=   0.0000000000000000     
   DBG div max=   9.4095007459244380E-003  res_p=   9.4095007459244380E-003
   SIMPLE iter           2  res_p=   9.4095007459244380E-003  u(1,1,1)= -0.18088734846218057       p(1,1,1)=   27313.964075761291     
   DBG iter           3  maxU2=   30.000000000000000       maxFi=   7.8458371253794530E-003  maxFj=   4.6029380674951305E-002  Fi(21,1,1)=   0.0000000000000000       Fi(21,21,1)=   0.0000000000000000       Fi(41,21,1)=   0.0000000000000000     
   DBG div max=   8.7605765693713616E-003  res_p=   8.7605765693713616E-003
   SIMPLE iter           3  res_p=   8.7605765693713616E-003  u(1,1,1)= -0.19524803075668146       p(1,1,1)=   27313.963489978312     
   SIMPLE iter           4  res_p=   4.8147813083987655E-003  u(1,1,1)= -0.16621886348304521       p(1,1,1)=   27313.967362057843     
   SIMPLE iter           5  res_p=   5.1920658915125158E-003  u(1,1,1)= -0.15330091417336433       p(1,1,1)=   27313.975709714490     
 DEBUG T iter          50 min   300.03509239559264      max   1007.0378308893262     
 Low-speed solver Block           1  SIMPLE iterations:          61  res_p:   1.7806551608774701E-004
 --------------Force and Moment -----------------------------
 Total Force Coefficient (CL, CD, CS) =
  -2.0952314636466837E-002   1.8681455862558951E-002   3.6508732961027599E-022
 Total Moment Coefficient(CMx, CMy, CMz)=
   5.2380786591167102E-003   4.6703639656397377E-003  -9.7009817928241926E-003
 Kstep, t=          82   82.000000000000000     
 ----------The Max Residuals are--------  ---Mesh---           1
    0.1948238789E-03    0.1989430044E-03    0.9345352467E-04    0.3261926727E-19    0.1695418089E-03
   The R.M.S Residuals are 
    0.3765541725E-04    0.4051871925E-04    0.1603933779E-04    0.5067874760E-20    0.3266722953E-04
 CPU wall time in this step:  0.12057410699999949     
 Averaged CPU wall time is:  0.11629716529268293     
   DBG iter           1  maxU2=   30.000000000000000       maxFi=   2.9962675820423487E-002  maxFj=   6.4860040371804040E-002  Fi(21,1,1)=   0.0000000000000000       Fi(21,21,1)=   0.0000000000000000       Fi(41,21,1)=   0.0000000000000000     
   DBG div max=   1.8570356670054411E-002  res_p=   1.8570356670054411E-002
   SIMPLE iter           1  res_p=   1.8570356670054411E-002  u(1,1,1)=  -4.1648183746624531E-002  p(1,1,1)=   27313.859743173300     
   DBG iter           2  maxU2=   30.000000000000000       maxFi=   1.0561518055366620E-002  maxFj=   1.6423701554612632E-002  Fi(21,1,1)=   0.0000000000000000       Fi(21,21,1)=   0.0000000000000000       Fi(41,21,1)=   0.0000000000000000     
   DBG div max=   9.4095007459240321E-003  res_p=   9.4095007459240321E-003
   SIMPLE iter           2  res_p=   9.4095007459240321E-003  u(1,1,1)= -0.18088734846218035       p(1,1,1)=   27313.964075761291     
   DBG iter           3  maxU2=   30.000000000000000       maxFi=   7.8458371253792673E-003  maxFj=   4.6029380674951735E-002  Fi(21,1,1)=   0.0000000000000000       Fi(21,21,1)=   0.0000000000000000       Fi(41,21,1)=   0.0000000000000000     
   DBG div max=   8.7605765693713686E-003  res_p=   8.7605765693713686E-003
   SIMPLE iter           3  res_p=   8.7605765693713686E-003  u(1,1,1)= -0.19524803075668146       p(1,1,1)=   27313.963489978312     
   SIMPLE iter           4  res_p=   4.8147813083987689E-003  u(1,1,1)= -0.16621886348304488       p(1,1,1)=   27313.967362057843     
   SIMPLE iter           5  res_p=   5.1920658915117074E-003  u(1,1,1)= -0.15330091417336431       p(1,1,1)=   27313.975709714490     
 DEBUG T iter          50 min   300.03489186304057      max   1003.0175166537888     
 Low-speed solver Block           1  SIMPLE iterations:          61  res_p:   1.7806551608778518E-004
 --------------Force and Moment -----------------------------
 Total Force Coefficient (CL, CD, CS) =
  -2.0783195812616839E-002   1.8519380742022421E-002  -4.9139591656657953E-022
 Total Moment Coefficient(CMx, CMy, CMz)=
   5.1957989531542072E-003   4.6298451855056053E-003  -9.6226738389677928E-003
 Kstep, t=          83   83.000000000000000     
 ----------The Max Residuals are--------  ---Mesh---           1
    0.2040553888E-03    0.2079631654E-03    0.9831604712E-04    0.3272178798E-19    0.1784687131E-03
   The R.M.S Residuals are 
    0.3774302750E-04    0.4051712940E-04    0.1611000718E-04    0.5090935306E-20    0.3270416799E-04
 CPU wall time in this step:  0.11562878500000018     
 Averaged CPU wall time is:  0.11628911251807229     
   DBG iter           1  maxU2=   30.000000000000000       maxFi=   2.9962675820423536E-002  maxFj=   6.4860040371804054E-002  Fi(21,1,1)=   0.0000000000000000       Fi(21,21,1)=   0.0000000000000000       Fi(41,21,1)=   0.0000000000000000     
   DBG div max=   1.8570356670054380E-002  res_p=   1.8570356670054380E-002
   SIMPLE iter           1  res_p=   1.8570356670054380E-002  u(1,1,1)=  -4.1648183746624649E-002  p(1,1,1)=   27313.859743173300     
   DBG iter           2  maxU2=   30.000000000000000       maxFi=   1.0561518055367100E-002  maxFj=   1.6423701554612615E-002  Fi(21,1,1)=   0.0000000000000000       Fi(21,21,1)=   0.0000000000000000       Fi(41,21,1)=   0.0000000000000000     
   DBG div max=   9.4095007459244328E-003  res_p=   9.4095007459244328E-003
   SIMPLE iter           2  res_p=   9.4095007459244328E-003  u(1,1,1)= -0.18088734846218044       p(1,1,1)=   27313.964075761291     
   DBG iter           3  maxU2=   30.000000000000000       maxFi=   7.8458371253794686E-003  maxFj=   4.6029380674951340E-002  Fi(21,1,1)=   0.0000000000000000       Fi(21,21,1)=   0.0000000000000000       Fi(41,21,1)=   0.0000000000000000     
   DBG div max=   8.7605765693713894E-003  res_p=   8.7605765693713894E-003
   SIMPLE iter           3  res_p=   8.7605765693713894E-003  u(1,1,1)= -0.19524803075668146       p(1,1,1)=   27313.963489978312     
   SIMPLE iter           4  res_p=   4.8147813083987689E-003  u(1,1,1)= -0.16621886348304521       p(1,1,1)=   27313.967362057843     
   SIMPLE iter           5  res_p=   5.1920658915125192E-003  u(1,1,1)= -0.15330091417336442       p(1,1,1)=   27313.975709714490     
 DEBUG T iter          50 min   300.03469310331093      max   999.03263335227825     
 Low-speed solver Block           1  SIMPLE iterations:          61  res_p:   1.7806551608775048E-004
 --------------Force and Moment -----------------------------
 Total Force Coefficient (CL, CD, CS) =
  -2.0615758114094208E-002   1.8360177302218474E-002   6.2023241734887699E-022
 Total Moment Coefficient(CMx, CMy, CMz)=
   5.1539395285235519E-003   4.5900443255546186E-003  -9.5451441977641507E-003
 Kstep, t=          84   84.000000000000000     
 ----------The Max Residuals are--------  ---Mesh---           1
    0.2142760371E-03    0.2186677355E-03    0.1039630335E-03    0.2858872956E-19    0.1873598944E-03
   The R.M.S Residuals are 
    0.3784713277E-04    0.4053184561E-04    0.1618892665E-04    0.5178035263E-20    0.3275444290E-04
 CPU wall time in this step:  0.10689213799999919     
 Averaged CPU wall time is:  0.11617724377380952     
   DBG iter           1  maxU2=   30.000000000000000       maxFi=   2.9962675820423487E-002  maxFj=   6.4860040371804054E-002  Fi(21,1,1)=   0.0000000000000000       Fi(21,21,1)=   0.0000000000000000       Fi(41,21,1)=   0.0000000000000000     
   DBG div max=   1.8570356670054404E-002  res_p=   1.8570356670054404E-002
   SIMPLE iter           1  res_p=   1.8570356670054404E-002  u(1,1,1)=  -4.1648183746624531E-002  p(1,1,1)=   27313.859743173300     
   DBG iter           2  maxU2=   30.000000000000000       maxFi=   1.0561518055366620E-002  maxFj=   1.6423701554612632E-002  Fi(21,1,1)=   0.0000000000000000       Fi(21,21,1)=   0.0000000000000000       Fi(41,21,1)=   0.0000000000000000     
   DBG div max=   9.4095007459240286E-003  res_p=   9.4095007459240286E-003
   SIMPLE iter           2  res_p=   9.4095007459240286E-003  u(1,1,1)= -0.18088734846218057       p(1,1,1)=   27313.964075761291     
   DBG iter           3  maxU2=   30.000000000000000       maxFi=   7.8458371253792621E-003  maxFj=   4.6029380674951742E-002  Fi(21,1,1)=   0.0000000000000000       Fi(21,21,1)=   0.0000000000000000       Fi(41,21,1)=   0.0000000000000000     
   DBG div max=   8.7605765693713755E-003  res_p=   8.7605765693713755E-003
   SIMPLE iter           3  res_p=   8.7605765693713755E-003  u(1,1,1)= -0.19524803075668148       p(1,1,1)=   27313.963489978312     
   SIMPLE iter           4  res_p=   4.8147813083987724E-003  u(1,1,1)= -0.16621886348304507       p(1,1,1)=   27313.967362057843     
   SIMPLE iter           5  res_p=   5.1920658915117109E-003  u(1,1,1)= -0.15330091417336439       p(1,1,1)=   27313.975709714490     
 DEBUG T iter          50 min   300.03449609993322      max   995.08283039640651     
 Low-speed solver Block           1  SIMPLE iterations:          61  res_p:   1.7806551608836804E-004
 --------------Force and Moment -----------------------------
 Total Force Coefficient (CL, CD, CS) =
  -2.0449978843772990E-002   1.8203763927866538E-002   2.1751559575354167E-021
 Total Moment Coefficient(CMx, CMy, CMz)=
   5.1124947109432457E-003   4.5509409819666346E-003  -9.4683823575234007E-003
 Kstep, t=          85   85.000000000000000     
 ----------The Max Residuals are--------  ---Mesh---           1
    0.2251705155E-03    0.2292939317E-03    0.1097782715E-03    0.3780222311E-19    0.1959978881E-03
   The R.M.S Residuals are 
    0.3796692607E-04    0.4056204784E-04    0.1627591744E-04    0.5132876097E-20    0.3281746838E-04
 CPU wall time in this step:  0.16344433999999985     
 Averaged CPU wall time is:  0.11673332725882352     
   DBG iter           1  maxU2=   30.000000000000000       maxFi=   2.9962675820423446E-002  maxFj=   6.4860040371803970E-002  Fi(21,1,1)=   0.0000000000000000       Fi(21,21,1)=   0.0000000000000000       Fi(41,21,1)=   0.0000000000000000     
   DBG div max=   1.8570356670057842E-002  res_p=   1.8570356670057842E-002
   SIMPLE iter           1  res_p=   1.8570356670057842E-002  u(1,1,1)=  -4.1648183746623317E-002  p(1,1,1)=   27313.859743173300     
   DBG iter           2  maxU2=   30.000000000000000       maxFi=   1.0561518055366693E-002  maxFj=   1.6423701554609170E-002  Fi(21,1,1)=   0.0000000000000000       Fi(21,21,1)=   0.0000000000000000       Fi(41,21,1)=   0.0000000000000000     
   DBG div max=   9.4095007459246306E-003  res_p=   9.4095007459246306E-003
   SIMPLE iter           2  res_p=   9.4095007459246306E-003  u(1,1,1)= -0.18088734846218016       p(1,1,1)=   27313.964075761291     
   DBG iter           3  maxU2=   30.000000000000000       maxFi=   7.8458371253791459E-003  maxFj=   4.6029380674951915E-002  Fi(21,1,1)=   0.0000000000000000       Fi(21,21,1)=   0.0000000000000000       Fi(41,21,1)=   0.0000000000000000     
   DBG div max=   8.7605765693715976E-003  res_p=   8.7605765693715976E-003
   SIMPLE iter           3  res_p=   8.7605765693715976E-003  u(1,1,1)= -0.19524803075668129       p(1,1,1)=   27313.963489978312     
   SIMPLE iter           4  res_p=   4.8147813083990118E-003  u(1,1,1)= -0.16621886348304363       p(1,1,1)=   27313.967362057843     
   SIMPLE iter           5  res_p=   5.1920658915118288E-003  u(1,1,1)= -0.15330091417336228       p(1,1,1)=   27313.975709714490     
 DEBUG T iter          50 min   300.03430083584544      max   991.16774954481912     
 Low-speed solver Block           1  SIMPLE iterations:          61  res_p:   1.7806551608775048E-004
 --------------Force and Moment -----------------------------
 Total Force Coefficient (CL, CD, CS) =
  -2.0285836850356252E-002   1.8050062487310052E-002   3.4701184392447866E-021
 Total Moment Coefficient(CMx, CMy, CMz)=
   5.0714592125890622E-003   4.5125156218275130E-003  -9.3923785222224908E-003
 Kstep, t=          86   86.000000000000000     
 ----------The Max Residuals are--------  ---Mesh---           1
    0.2352008267E-03    0.2397967167E-03    0.1153867979E-03    0.2755696958E-19    0.2064901837E-03
   The R.M.S Residuals are 
    0.3810156806E-04    0.4060688686E-04    0.1637078559E-04    0.5022271662E-20    0.3289261755E-04
 CPU wall time in this step:  0.15042631800000095     
 Averaged CPU wall time is:  0.11712510622093024     
   DBG iter           1  maxU2=   30.000000000000000       maxFi=   2.9962675820423473E-002  maxFj=   6.4860040371803956E-002  Fi(21,1,1)=   0.0000000000000000       Fi(21,21,1)=   0.0000000000000000       Fi(41,21,1)=   0.0000000000000000     
   DBG div max=   1.8570356670054397E-002  res_p=   1.8570356670054397E-002
   SIMPLE iter           1  res_p=   1.8570356670054397E-002  u(1,1,1)=  -4.1648183746624365E-002  p(1,1,1)=   27313.859743173300     
   DBG iter           2  maxU2=   30.000000000000000       maxFi=   1.0561518055366660E-002  maxFj=   1.6423701554612594E-002  Fi(21,1,1)=   0.0000000000000000       Fi(21,21,1)=   0.0000000000000000       Fi(41,21,1)=   0.0000000000000000     
   DBG div max=   9.4095007459240217E-003  res_p=   9.4095007459240217E-003
   SIMPLE iter           2  res_p=   9.4095007459240217E-003  u(1,1,1)= -0.18088734846218060       p(1,1,1)=   27313.964075761291     
   DBG iter           3  maxU2=   30.000000000000000       maxFi=   7.8458371253793159E-003  maxFj=   4.6029380674951853E-002  Fi(21,1,1)=   0.0000000000000000       Fi(21,21,1)=   0.0000000000000000       Fi(41,21,1)=   0.0000000000000000     
   DBG div max=   8.7605765693715698E-003  res_p=   8.7605765693715698E-003
   SIMPLE iter           3  res_p=   8.7605765693715698E-003  u(1,1,1)= -0.19524803075668140       p(1,1,1)=   27313.963489978312     
   SIMPLE iter           4  res_p=   4.8147813083989945E-003  u(1,1,1)= -0.16621886348304502       p(1,1,1)=   27313.967362057843     
   SIMPLE iter           5  res_p=   5.1920658915119988E-003  u(1,1,1)= -0.15330091417336422       p(1,1,1)=   27313.975709714490     
 DEBUG T iter          50 min   300.03410729354391      max   987.28702736837738     
 Low-speed solver Block           1  SIMPLE iterations:          61  res_p:   1.7806551608778864E-004
 --------------Force and Moment -----------------------------
 Total Force Coefficient (CL, CD, CS) =
  -2.0123312395892889E-002   1.7898998133982588E-002   3.3106789521214956E-021
 Total Moment Coefficient(CMx, CMy, CMz)=
   5.0308280989732213E-003   4.4747495334956471E-003  -9.3171235501593643E-003
 Kstep, t=          87   87.000000000000000     
 ----------The Max Residuals are--------  ---Mesh---           1
    0.2478928634E-03    0.2521658926E-03    0.1222614952E-03    0.3785622022E-19    0.2161965707E-03
   The R.M.S Residuals are 
    0.3825026993E-04    0.4066553249E-04    0.1647332457E-04    0.5226256882E-20    0.3297923831E-04
 CPU wall time in this step:  0.10925795999999899     
 Averaged CPU wall time is:  0.11703467925287356     
   DBG iter           1  maxU2=   30.000000000000000       maxFi=   2.9962675820423525E-002  maxFj=   6.4860040371804067E-002  Fi(21,1,1)=   0.0000000000000000       Fi(21,21,1)=   0.0000000000000000       Fi(41,21,1)=   0.0000000000000000     
   DBG div max=   1.8570356670054383E-002  res_p=   1.8570356670054383E-002
   SIMPLE iter           1  res_p=   1.8570356670054383E-002  u(1,1,1)=  -4.1648183746624649E-002  p(1,1,1)=   27313.859743173300     
   DBG iter           2  maxU2=   30.000000000000000       maxFi=   1.0561518055367106E-002  maxFj=   1.6423701554612619E-002  Fi(21,1,1)=   0.0000000000000000       Fi(21,21,1)=   0.0000000000000000       Fi(41,21,1)=   0.0000000000000000     
   DBG div max=   9.4095007459244415E-003  res_p=   9.4095007459244415E-003
   SIMPLE iter           2  res_p=   9.4095007459244415E-003  u(1,1,1)= -0.18088734846218069       p(1,1,1)=   27313.964075761291     
   DBG iter           3  maxU2=   30.000000000000000       maxFi=   7.8458371253794564E-003  maxFj=   4.6029380674951319E-002  Fi(21,1,1)=   0.0000000000000000       Fi(21,21,1)=   0.0000000000000000       Fi(41,21,1)=   0.0000000000000000     
   DBG div max=   8.7605765693713755E-003  res_p=   8.7605765693713755E-003
   SIMPLE iter           3  res_p=   8.7605765693713755E-003  u(1,1,1)= -0.19524803075668151       p(1,1,1)=   27313.963489978312     
   SIMPLE iter           4  res_p=   4.8147813083987724E-003  u(1,1,1)= -0.16621886348304518       p(1,1,1)=   27313.967362057843     
   SIMPLE iter           5  res_p=   5.1920658915125262E-003  u(1,1,1)= -0.15330091417336439       p(1,1,1)=   27313.975709714490     
 DEBUG T iter          50 min   300.03391545521350      max   983.44029739328812     
 Low-speed solver Block           1  SIMPLE iterations:          61  res_p:   1.7806551608778864E-004
 --------------Force and Moment -----------------------------
 Total Force Coefficient (CL, CD, CS) =
  -1.9962387030571842E-002   1.7750499121075639E-002   2.0462804274320814E-021
 Total Moment Coefficient(CMx, CMy, CMz)=
   4.9905967576429604E-003   4.4376247802689096E-003  -9.2426088959764868E-003
 Kstep, t=          88   88.000000000000000     
 ----------The Max Residuals are--------  ---Mesh---           1
    0.2589396612E-03    0.2628727609E-03    0.1286015880E-03    0.3251015879E-19    0.2270995200E-03
   The R.M.S Residuals are 
    0.3841229481E-04    0.4073718388E-04    0.1658331850E-04    0.5125574442E-20    0.3307664890E-04
 CPU wall time in this step:  0.10421288200000056     
 Averaged CPU wall time is:  0.11688897701136364     
   DBG iter           1  maxU2=   30.000000000000000       maxFi=   2.9962675820423529E-002  maxFj=   6.4860040371804067E-002  Fi(21,1,1)=   0.0000000000000000       Fi(21,21,1)=   0.0000000000000000       Fi(41,21,1)=   0.0000000000000000     
   DBG div max=   1.8570356670054383E-002  res_p=   1.8570356670054383E-002
   SIMPLE iter           1  res_p=   1.8570356670054383E-002  u(1,1,1)=  -4.1648183746624538E-002  p(1,1,1)=   27313.859743173300     
   DBG iter           2  maxU2=   30.000000000000000       maxFi=   1.0561518055367107E-002  maxFj=   1.6423701554612612E-002  Fi(21,1,1)=   0.0000000000000000       Fi(21,21,1)=   0.0000000000000000       Fi(41,21,1)=   0.0000000000000000     
   DBG div max=   9.4095007459244380E-003  res_p=   9.4095007459244380E-003
   SIMPLE iter           2  res_p=   9.4095007459244380E-003  u(1,1,1)= -0.18088734846218085       p(1,1,1)=   27313.964075761291     
   DBG iter           3  maxU2=   30.000000000000000       maxFi=   7.8458371253794651E-003  maxFj=   4.6029380674951346E-002  Fi(21,1,1)=   0.0000000000000000       Fi(21,21,1)=   0.0000000000000000       Fi(41,21,1)=   0.0000000000000000     
   DBG div max=   8.7605765693713894E-003  res_p=   8.7605765693713894E-003
   SIMPLE iter           3  res_p=   8.7605765693713894E-003  u(1,1,1)= -0.19524803075668148       p(1,1,1)=   27313.963489978312     
   SIMPLE iter           4  res_p=   4.8147813083987863E-003  u(1,1,1)= -0.16621886348304518       p(1,1,1)=   27313.967362057843     
   SIMPLE iter           5  res_p=   5.1920658915125435E-003  u(1,1,1)= -0.15330091417336450       p(1,1,1)=   27313.975709714490     
 DEBUG T iter          50 min   300.03372530284128      max   979.62719192737484     
 Low-speed solver Block           1  SIMPLE iterations:          61  res_p:   1.7806551608775048E-004
 --------------Force and Moment -----------------------------
 Total Force Coefficient (CL, CD, CS) =
  -1.9803043474685204E-002   1.7604496628432904E-002   2.8977718698510829E-021
 Total Moment Coefficient(CMx, CMy, CMz)=
   4.9507608686713009E-003   4.4011241571082259E-003  -9.1688265560035016E-003
 Kstep, t=          89   89.000000000000000     
 ----------The Max Residuals are--------  ---Mesh---           1
    0.2723926471E-03    0.2767455131E-03    0.1358760619E-03    0.2758588535E-19    0.2381374121E-03
   The R.M.S Residuals are 
    0.3858680045E-04    0.4082098700E-04    0.1670050201E-04    0.5103607522E-20    0.3318411349E-04
 CPU wall time in this step:  0.10234068299999954     
 Averaged CPU wall time is:  0.11672551303370786     
   DBG iter           1  maxU2=   30.000000000000000       maxFi=   2.9962675820423487E-002  maxFj=   6.4860040371804040E-002  Fi(21,1,1)=   0.0000000000000000       Fi(21,21,1)=   0.0000000000000000       Fi(41,21,1)=   0.0000000000000000     
   DBG div max=   1.8570356670054407E-002  res_p=   1.8570356670054407E-002
   SIMPLE iter           1  res_p=   1.8570356670054407E-002  u(1,1,1)=  -4.1648183746624559E-002  p(1,1,1)=   27313.859743173300     
   DBG iter           2  maxU2=   30.000000000000000       maxFi=   1.0561518055366620E-002  maxFj=   1.6423701554612629E-002  Fi(21,1,1)=   0.0000000000000000       Fi(21,21,1)=   0.0000000000000000       Fi(41,21,1)=   0.0000000000000000     
   DBG div max=   9.4095007459240321E-003  res_p=   9.4095007459240321E-003
   SIMPLE iter           2  res_p=   9.4095007459240321E-003  u(1,1,1)= -0.18088734846218057       p(1,1,1)=   27313.964075761291     
   DBG iter           3  maxU2=   30.000000000000000       maxFi=   7.8458371253792656E-003  maxFj=   4.6029380674951742E-002  Fi(21,1,1)=   0.0000000000000000       Fi(21,21,1)=   0.0000000000000000       Fi(41,21,1)=   0.0000000000000000     
   DBG div max=   8.7605765693713686E-003  res_p=   8.7605765693713686E-003
   SIMPLE iter           3  res_p=   8.7605765693713686E-003  u(1,1,1)= -0.19524803075668146       p(1,1,1)=   27313.963489978312     
   SIMPLE iter           4  res_p=   4.8147813083987759E-003  u(1,1,1)= -0.16621886348304493       p(1,1,1)=   27313.967362057843     
   SIMPLE iter           5  res_p=   5.1920658915117039E-003  u(1,1,1)= -0.15330091417336425       p(1,1,1)=   27313.975709714490     
 DEBUG T iter          50 min   300.03353681831425      max   975.84734355626824     
 Low-speed solver Block           1  SIMPLE iterations:          61  res_p:   1.7806551608774701E-004
 --------------Force and Moment -----------------------------
 Total Force Coefficient (CL, CD, CS) =
  -1.9645265507621093E-002   1.7460924600778752E-002   2.2357373585054588E-021
 Total Moment Coefficient(CMx, CMy, CMz)=
   4.9113163769052733E-003   4.3652311501946881E-003  -9.0957690168546219E-003
 Kstep, t=          90   90.000000000000000     
 ----------The Max Residuals are--------  ---Mesh---           1
    0.2844590640E-03    0.2884484406E-03    0.1430491863E-03    0.3275061127E-19    0.2493761947E-03
   The R.M.S Residuals are 
    0.3877261539E-04    0.4091578543E-04    0.1682449771E-04    0.5143474199E-20    0.3330074267E-04
 write flow3d.dat ......
 write flow3d.dat OK
 write VTK files ......
 write VTK files OK
 CPU wall time in this step:  0.17816347800000010     
 Averaged CPU wall time is:  0.11740815708888888     
   DBG iter           1  maxU2=   30.000000000000000       maxFi=   2.9962675820423494E-002  maxFj=   6.4860040371804040E-002  Fi(21,1,1)=   0.0000000000000000       Fi(21,21,1)=   0.0000000000000000       Fi(41,21,1)=   0.0000000000000000     
   DBG div max=   1.8570356670054418E-002  res_p=   1.8570356670054418E-002
   SIMPLE iter           1  res_p=   1.8570356670054418E-002  u(1,1,1)=  -4.1648183746624531E-002  p(1,1,1)=   27313.859743173300     
   DBG iter           2  maxU2=   30.000000000000000       maxFi=   1.0561518055366620E-002  maxFj=   1.6423701554612632E-002  Fi(21,1,1)=   0.0000000000000000       Fi(21,21,1)=   0.0000000000000000       Fi(41,21,1)=   0.0000000000000000     
   DBG div max=   9.4095007459240321E-003  res_p=   9.4095007459240321E-003
   SIMPLE iter           2  res_p=   9.4095007459240321E-003  u(1,1,1)= -0.18088734846218082       p(1,1,1)=   27313.964075761291     
   DBG iter           3  maxU2=   30.000000000000000       maxFi=   7.8458371253792673E-003  maxFj=   4.6029380674951742E-002  Fi(21,1,1)=   0.0000000000000000       Fi(21,21,1)=   0.0000000000000000       Fi(41,21,1)=   0.0000000000000000     
   DBG div max=   8.7605765693713825E-003  res_p=   8.7605765693713825E-003
   SIMPLE iter           3  res_p=   8.7605765693713825E-003  u(1,1,1)= -0.19524803075668160       p(1,1,1)=   27313.963489978312     
   SIMPLE iter           4  res_p=   4.8147813083987689E-003  u(1,1,1)= -0.16621886348304504       p(1,1,1)=   27313.967362057843     
   SIMPLE iter           5  res_p=   5.1920658915117039E-003  u(1,1,1)= -0.15330091417336439       p(1,1,1)=   27313.975709714490     
 DEBUG T iter          50 min   300.03334998350090      max   972.10038639894310     
 Low-speed solver Block           1  SIMPLE iterations:          61  res_p:   1.7806551608774701E-004
 --------------Force and Moment -----------------------------
 Total Force Coefficient (CL, CD, CS) =
  -1.9489037863716339E-002   1.7319719596461655E-002   3.1537210730876890E-021
 Total Moment Coefficient(CMx, CMy, CMz)=
   4.8722594659290838E-003   4.3299298991154138E-003  -9.0234292072020224E-003
 Kstep, t=          91   91.000000000000000     
 ----------The Max Residuals are--------  ---Mesh---           1
    0.2988073827E-03    0.3031750021E-03    0.1507308761E-03    0.3300515781E-19    0.2616238915E-03
   The R.M.S Residuals are 
    0.3896844407E-04    0.4102030441E-04    0.1695489174E-04    0.5091318374E-20    0.3342557755E-04
 CPU wall time in this step:  0.10258033300000058     
 Averaged CPU wall time is:  0.11724521396703297     
   DBG iter           1  maxU2=   30.000000000000000       maxFi=   2.9962675820423487E-002  maxFj=   6.4860040371804040E-002  Fi(21,1,1)=   0.0000000000000000       Fi(21,21,1)=   0.0000000000000000       Fi(41,21,1)=   0.0000000000000000     
   DBG div max=   1.8570356670054418E-002  res_p=   1.8570356670054418E-002
   SIMPLE iter           1  res_p=   1.8570356670054418E-002  u(1,1,1)=  -4.1648183746624531E-002  p(1,1,1)=   27313.859743173300     
   DBG iter           2  maxU2=   30.000000000000000       maxFi=   1.0561518055366618E-002  maxFj=   1.6423701554612636E-002  Fi(21,1,1)=   0.0000000000000000       Fi(21,21,1)=   0.0000000000000000       Fi(41,21,1)=   0.0000000000000000     
   DBG div max=   9.4095007459240355E-003  res_p=   9.4095007459240355E-003
   SIMPLE iter           2  res_p=   9.4095007459240355E-003  u(1,1,1)= -0.18088734846218080       p(1,1,1)=   27313.964075761291     
   DBG iter           3  maxU2=   30.000000000000000       maxFi=   7.8458371253792673E-003  maxFj=   4.6029380674951728E-002  Fi(21,1,1)=   0.0000000000000000       Fi(21,21,1)=   0.0000000000000000       Fi(41,21,1)=   0.0000000000000000     
   DBG div max=   8.7605765693713686E-003  res_p=   8.7605765693713686E-003
   SIMPLE iter           3  res_p=   8.7605765693713686E-003  u(1,1,1)= -0.19524803075668151       p(1,1,1)=   27313.963489978312     
   SIMPLE iter           4  res_p=   4.8147813083987724E-003  u(1,1,1)= -0.16621886348304507       p(1,1,1)=   27313.967362057843     
   SIMPLE iter           5  res_p=   5.1920658915116970E-003  u(1,1,1)= -0.15330091417336444       p(1,1,1)=   27313.975709714490     
 DEBUG T iter          50 min   300.03316478031860      max   968.38595716498708     
 Low-speed solver Block           1  SIMPLE iterations:          61  res_p:   1.7806551608778171E-004
 --------------Force and Moment -----------------------------
 Total Force Coefficient (CL, CD, CS) =
  -1.9334346134773354E-002   1.7180820645960236E-002   2.2871460947031918E-021
 Total Moment Coefficient(CMx, CMy, CMz)=
   4.8335865336933377E-003   4.2952051614900590E-003  -8.9518004526347086E-003
 Kstep, t=          92   92.000000000000000     
 ----------The Max Residuals are--------  ---Mesh---           1
    0.3113915798E-03    0.3153975746E-03    0.1586166848E-03    0.4350177112E-19    0.2735000099E-03
   The R.M.S Residuals are 
    0.3917313306E-04    0.4113342192E-04    0.1709131753E-04    0.5090702148E-20    0.3355771658E-04
 CPU wall time in this step:  0.10320397199999931     
 Averaged CPU wall time is:  0.11709259177173913     
   DBG iter           1  maxU2=   30.000000000000000       maxFi=   2.9962675820423529E-002  maxFj=   6.4860040371804054E-002  Fi(21,1,1)=   0.0000000000000000       Fi(21,21,1)=   0.0000000000000000       Fi(41,21,1)=   0.0000000000000000     
   DBG div max=   1.8570356670054383E-002  res_p=   1.8570356670054383E-002
   SIMPLE iter           1  res_p=   1.8570356670054383E-002  u(1,1,1)=  -4.1648183746624677E-002  p(1,1,1)=   27313.859743173300     
   DBG iter           2  maxU2=   30.000000000000000       maxFi=   1.0561518055367102E-002  maxFj=   1.6423701554612619E-002  Fi(21,1,1)=   0.0000000000000000       Fi(21,21,1)=   0.0000000000000000       Fi(41,21,1)=   0.0000000000000000     
   DBG div max=   9.4095007459244345E-003  res_p=   9.4095007459244345E-003
   SIMPLE iter           2  res_p=   9.4095007459244345E-003  u(1,1,1)= -0.18088734846218046       p(1,1,1)=   27313.964075761291     
   DBG iter           3  maxU2=   30.000000000000000       maxFi=   7.8458371253794564E-003  maxFj=   4.6029380674951319E-002  Fi(21,1,1)=   0.0000000000000000       Fi(21,21,1)=   0.0000000000000000       Fi(41,21,1)=   0.0000000000000000     
   DBG div max=   8.7605765693713894E-003  res_p=   8.7605765693713894E-003
   SIMPLE iter           3  res_p=   8.7605765693713894E-003  u(1,1,1)= -0.19524803075668143       p(1,1,1)=   27313.963489978312     
   SIMPLE iter           4  res_p=   4.8147813083987689E-003  u(1,1,1)= -0.16621886348304524       p(1,1,1)=   27313.967362057843     
   SIMPLE iter           5  res_p=   5.1920658915125123E-003  u(1,1,1)= -0.15330091417336444       p(1,1,1)=   27313.975709714490     
 DEBUG T iter          50 min   300.03298119079034      max   964.70369602295955     
 Low-speed solver Block           1  SIMPLE iterations:          61  res_p:   1.7806551608836804E-004
 --------------Force and Moment -----------------------------
 Total Force Coefficient (CL, CD, CS) =
  -1.9181176679022680E-002   1.7044169119458656E-002   1.3160562844635096E-021
 Total Moment Coefficient(CMx, CMy, CMz)=
   4.7952941697556690E-003   4.2610422798646640E-003  -8.8808764335016506E-003
 Kstep, t=          93   93.000000000000000     
 ----------The Max Residuals are--------  ---Mesh---           1
    0.3271734496E-03    0.3315064787E-03    0.1669126125E-03    0.3261239052E-19    0.2866081441E-03
   The R.M.S Residuals are 
    0.3938579884E-04    0.4125426407E-04    0.1723341397E-04    0.5182563470E-20    0.3369636255E-04
 CPU wall time in this step:  0.10287469100000024     
 Averaged CPU wall time is:  0.11693971111827957     
   DBG iter           1  maxU2=   30.000000000000000       maxFi=   2.9962675820423446E-002  maxFj=   6.4860040371803970E-002  Fi(21,1,1)=   0.0000000000000000       Fi(21,21,1)=   0.0000000000000000       Fi(41,21,1)=   0.0000000000000000     
   DBG div max=   1.8570356670057842E-002  res_p=   1.8570356670057842E-002
   SIMPLE iter           1  res_p=   1.8570356670057842E-002  u(1,1,1)=  -4.1648183746623262E-002  p(1,1,1)=   27313.859743173300     
   DBG iter           2  maxU2=   30.000000000000000       maxFi=   1.0561518055366691E-002  maxFj=   1.6423701554609170E-002  Fi(21,1,1)=   0.0000000000000000       Fi(21,21,1)=   0.0000000000000000       Fi(41,21,1)=   0.0000000000000000     
   DBG div max=   9.4095007459246358E-003  res_p=   9.4095007459246358E-003
   SIMPLE iter           2  res_p=   9.4095007459246358E-003  u(1,1,1)= -0.18088734846217969       p(1,1,1)=   27313.964075761291     
   DBG iter           3  maxU2=   30.000000000000000       maxFi=   7.8458371253791494E-003  maxFj=   4.6029380674951922E-002  Fi(21,1,1)=   0.0000000000000000       Fi(21,21,1)=   0.0000000000000000       Fi(41,21,1)=   0.0000000000000000     
   DBG div max=   8.7605765693716045E-003  res_p=   8.7605765693716045E-003
   SIMPLE iter           3  res_p=   8.7605765693716045E-003  u(1,1,1)= -0.19524803075668115       p(1,1,1)=   27313.963489978312     
   SIMPLE iter           4  res_p=   4.8147813083990118E-003  u(1,1,1)= -0.16621886348304338       p(1,1,1)=   27313.967362057843     
   SIMPLE iter           5  res_p=   5.1920658915118323E-003  u(1,1,1)= -0.15330091417336217       p(1,1,1)=   27313.975709714490     
 DEBUG T iter          50 min   300.03279919709234      max   961.05324730747134     
 Low-speed solver Block           1  SIMPLE iterations:          61  res_p:   1.7806551608775048E-004
 --------------Force and Moment -----------------------------
 Total Force Coefficient (CL, CD, CS) =
  -1.9029516536294984E-002   1.6909708602852840E-002   1.6403576906858996E-021
 Total Moment Coefficient(CMx, CMy, CMz)=
   4.7573791340737460E-003   4.2274271507132099E-003  -8.8106511456297731E-003
 Kstep, t=          94   94.000000000000000     
 ----------The Max Residuals are--------  ---Mesh---           1
    0.3393188821E-03    0.3433250074E-03    0.1752265082E-03    0.3220096106E-19    0.2995874619E-03
   The R.M.S Residuals are 
    0.3960520642E-04    0.4138159557E-04    0.1738065142E-04    0.5129914753E-20    0.3384052200E-04
 CPU wall time in this step:  0.10214887700000119     
 Averaged CPU wall time is:  0.11678236181914894     
   DBG iter           1  maxU2=   30.000000000000000       maxFi=   2.9962675820423473E-002  maxFj=   6.4860040371803956E-002  Fi(21,1,1)=   0.0000000000000000       Fi(21,21,1)=   0.0000000000000000       Fi(41,21,1)=   0.0000000000000000     
   DBG div max=   1.8570356670054397E-002  res_p=   1.8570356670054397E-002
   SIMPLE iter           1  res_p=   1.8570356670054397E-002  u(1,1,1)=  -4.1648183746624462E-002  p(1,1,1)=   27313.859743173300     
   DBG iter           2  maxU2=   30.000000000000000       maxFi=   1.0561518055366656E-002  maxFj=   1.6423701554612594E-002  Fi(21,1,1)=   0.0000000000000000       Fi(21,21,1)=   0.0000000000000000       Fi(41,21,1)=   0.0000000000000000     
   DBG div max=   9.4095007459240199E-003  res_p=   9.4095007459240199E-003
   SIMPLE iter           2  res_p=   9.4095007459240199E-003  u(1,1,1)= -0.18088734846218091       p(1,1,1)=   27313.964075761291     
   DBG iter           3  maxU2=   30.000000000000000       maxFi=   7.8458371253793176E-003  maxFj=   4.6029380674951853E-002  Fi(21,1,1)=   0.0000000000000000       Fi(21,21,1)=   0.0000000000000000       Fi(41,21,1)=   0.0000000000000000     
   DBG div max=   8.7605765693715837E-003  res_p=   8.7605765693715837E-003
   SIMPLE iter           3  res_p=   8.7605765693715837E-003  u(1,1,1)= -0.19524803075668140       p(1,1,1)=   27313.963489978312     
   SIMPLE iter           4  res_p=   4.8147813083989945E-003  u(1,1,1)= -0.16621886348304513       p(1,1,1)=   27313.967362057843     
   SIMPLE iter           5  res_p=   5.1920658915120196E-003  u(1,1,1)= -0.15330091417336419       p(1,1,1)=   27313.975709714490     
 DEBUG T iter          50 min   300.03261878159230      max   957.43426008819938     
 Low-speed solver Block           1  SIMPLE iterations:          61  res_p:   1.7806551608778864E-004
 --------------Force and Moment -----------------------------
 Total Force Coefficient (CL, CD, CS) =
  -1.8879353349153704E-002   1.6777384781597640E-002   1.0043321527253829E-021
 Total Moment Coefficient(CMx, CMy, CMz)=
   4.7198383372884251E-003   4.1943461953994100E-003  -8.7411188638016613E-003
 Kstep, t=          95   95.000000000000000     
 ----------The Max Residuals are--------  ---Mesh---           1
    0.3573016029E-03    0.3615788883E-03    0.1844465460E-03    0.3219324259E-19    0.3128204826E-03
   The R.M.S Residuals are 
    0.3982995220E-04    0.4151403893E-04    0.1753251888E-04    0.5119233700E-20    0.3398912977E-04
 CPU wall time in this step:  0.10377069399999961     
 Averaged CPU wall time is:  0.11664539689473684     
   DBG iter           1  maxU2=   30.000000000000000       maxFi=   2.9962675820423525E-002  maxFj=   6.4860040371804067E-002  Fi(21,1,1)=   0.0000000000000000       Fi(21,21,1)=   0.0000000000000000       Fi(41,21,1)=   0.0000000000000000     
   DBG div max=   1.8570356670054383E-002  res_p=   1.8570356670054383E-002
   SIMPLE iter           1  res_p=   1.8570356670054383E-002  u(1,1,1)=  -4.1648183746624684E-002  p(1,1,1)=   27313.859743173300     
   DBG iter           2  maxU2=   30.000000000000000       maxFi=   1.0561518055367107E-002  maxFj=   1.6423701554612619E-002  Fi(21,1,1)=   0.0000000000000000       Fi(21,21,1)=   0.0000000000000000       Fi(41,21,1)=   0.0000000000000000     
   DBG div max=   9.4095007459244380E-003  res_p=   9.4095007459244380E-003
   SIMPLE iter           2  res_p=   9.4095007459244380E-003  u(1,1,1)= -0.18088734846218066       p(1,1,1)=   27313.964075761291     
   DBG iter           3  maxU2=   30.000000000000000       maxFi=   7.8458371253794634E-003  maxFj=   4.6029380674951360E-002  Fi(21,1,1)=   0.0000000000000000       Fi(21,21,1)=   0.0000000000000000       Fi(41,21,1)=   0.0000000000000000     
   DBG div max=   8.7605765693713963E-003  res_p=   8.7605765693713963E-003
   SIMPLE iter           3  res_p=   8.7605765693713963E-003  u(1,1,1)= -0.19524803075668151       p(1,1,1)=   27313.963489978312     
   SIMPLE iter           4  res_p=   4.8147813083987689E-003  u(1,1,1)= -0.16621886348304521       p(1,1,1)=   27313.967362057843     
   SIMPLE iter           5  res_p=   5.1920658915125262E-003  u(1,1,1)= -0.15330091417336442       p(1,1,1)=   27313.975709714490     
 DEBUG T iter          50 min   300.03243992688056      max   953.84638860175073     
 Low-speed solver Block           1  SIMPLE iterations:          61  res_p:   1.7806551608775395E-004
 --------------Force and Moment -----------------------------
 Total Force Coefficient (CL, CD, CS) =
  -1.8730675289730173E-002   1.6647145331850580E-002   3.0324096603991733E-021
 Total Moment Coefficient(CMx, CMy, CMz)=
   4.6826688224325431E-003   4.1617863329626451E-003  -8.6722741078733602E-003
 Kstep, t=          96   96.000000000000000     
 ----------The Max Residuals are--------  ---Mesh---           1
    0.3704591858E-03    0.3749604433E-03    0.1926364322E-03    0.2747742756E-19    0.3275867766E-03
   The R.M.S Residuals are 
    0.4005879502E-04    0.4165038652E-04    0.1768852338E-04    0.5056718280E-20    0.3414117592E-04
 CPU wall time in this step:  0.10184184100000060     
 Averaged CPU wall time is:  0.11649119318750001     
   DBG iter           1  maxU2=   30.000000000000000       maxFi=   2.9962675820423487E-002  maxFj=   6.4860040371804054E-002  Fi(21,1,1)=   0.0000000000000000       Fi(21,21,1)=   0.0000000000000000       Fi(41,21,1)=   0.0000000000000000     
   DBG div max=   1.8570356670054411E-002  res_p=   1.8570356670054411E-002
   SIMPLE iter           1  res_p=   1.8570356670054411E-002  u(1,1,1)=  -4.1648183746624524E-002  p(1,1,1)=   27313.859743173300     
   DBG iter           2  maxU2=   30.000000000000000       maxFi=   1.0561518055366620E-002  maxFj=   1.6423701554612629E-002  Fi(21,1,1)=   0.0000000000000000       Fi(21,21,1)=   0.0000000000000000       Fi(41,21,1)=   0.0000000000000000     
   DBG div max=   9.4095007459240286E-003  res_p=   9.4095007459240286E-003
   SIMPLE iter           2  res_p=   9.4095007459240286E-003  u(1,1,1)= -0.18088734846218080       p(1,1,1)=   27313.964075761291     
   DBG iter           3  maxU2=   30.000000000000000       maxFi=   7.8458371253792673E-003  maxFj=   4.6029380674951756E-002  Fi(21,1,1)=   0.0000000000000000       Fi(21,21,1)=   0.0000000000000000       Fi(41,21,1)=   0.0000000000000000     
   DBG div max=   8.7605765693713755E-003  res_p=   8.7605765693713755E-003
   SIMPLE iter           3  res_p=   8.7605765693713755E-003  u(1,1,1)= -0.19524803075668146       p(1,1,1)=   27313.963489978312     
   SIMPLE iter           4  res_p=   4.8147813083987724E-003  u(1,1,1)= -0.16621886348304510       p(1,1,1)=   27313.967362057843     
   SIMPLE iter           5  res_p=   5.1920658915117074E-003  u(1,1,1)= -0.15330091417336433       p(1,1,1)=   27313.975709714490     
 DEBUG T iter          50 min   300.03226261579459      max   950.28929256644301     
 Low-speed solver Block           1  SIMPLE iterations:          61  res_p:   1.7806551608778518E-004
 --------------Force and Moment -----------------------------
 Total Force Coefficient (CL, CD, CS) =
  -1.8583470991998894E-002   1.6518939818408476E-002   2.9052440556046627E-021
 Total Moment Coefficient(CMx, CMy, CMz)=
   4.6458677479997226E-003   4.1297349546021191E-003  -8.6041116114108519E-003
 Kstep, t=          97   97.000000000000000     
 ----------The Max Residuals are--------  ---Mesh---           1
    0.3885656296E-03    0.3928051864E-03    0.2032260736E-03    0.3194854173E-19    0.3395807429E-03
   The R.M.S Residuals are 
    0.4029034134E-04    0.4178930968E-04    0.1784817341E-04    0.4936115922E-20    0.3429555953E-04
 CPU wall time in this step:  0.10213007699999999     
 Averaged CPU wall time is:  0.11634314044329898     
   DBG iter           1  maxU2=   30.000000000000000       maxFi=   2.9962675820423536E-002  maxFj=   6.4860040371804067E-002  Fi(21,1,1)=   0.0000000000000000       Fi(21,21,1)=   0.0000000000000000       Fi(41,21,1)=   0.0000000000000000     
   DBG div max=   1.8570356670054383E-002  res_p=   1.8570356670054383E-002
   SIMPLE iter           1  res_p=   1.8570356670054383E-002  u(1,1,1)=  -4.1648183746624677E-002  p(1,1,1)=   27313.859743173300     
   DBG iter           2  maxU2=   30.000000000000000       maxFi=   1.0561518055367102E-002  maxFj=   1.6423701554612612E-002  Fi(21,1,1)=   0.0000000000000000       Fi(21,21,1)=   0.0000000000000000       Fi(41,21,1)=   0.0000000000000000     
   DBG div max=   9.4095007459244345E-003  res_p=   9.4095007459244345E-003
   SIMPLE iter           2  res_p=   9.4095007459244345E-003  u(1,1,1)= -0.18088734846218094       p(1,1,1)=   27313.964075761291     
   DBG iter           3  maxU2=   30.000000000000000       maxFi=   7.8458371253794720E-003  maxFj=   4.6029380674951360E-002  Fi(21,1,1)=   0.0000000000000000       Fi(21,21,1)=   0.0000000000000000       Fi(41,21,1)=   0.0000000000000000     
   DBG div max=   8.7605765693713963E-003  res_p=   8.7605765693713963E-003
   SIMPLE iter           3  res_p=   8.7605765693713963E-003  u(1,1,1)= -0.19524803075668151       p(1,1,1)=   27313.963489978312     
   SIMPLE iter           4  res_p=   4.8147813083987828E-003  u(1,1,1)= -0.16621886348304518       p(1,1,1)=   27313.967362057843     
   SIMPLE iter           5  res_p=   5.1920658915125296E-003  u(1,1,1)= -0.15330091417336433       p(1,1,1)=   27313.975709714490     
 DEBUG T iter          50 min   300.03208683143771      max   946.76263740741820     
 Low-speed solver Block           1  SIMPLE iterations:          61  res_p:   1.7806551608775048E-004
 --------------Force and Moment -----------------------------
 Total Force Coefficient (CL, CD, CS) =
  -1.8437729489229036E-002   1.6392719598971171E-002   4.8886753415389992E-021
 Total Moment Coefficient(CMx, CMy, CMz)=
   4.6094323723072589E-003   4.0981798997427928E-003  -8.5366262927229555E-003
 Kstep, t=          98   98.000000000000000     
 ----------The Max Residuals are--------  ---Mesh---           1
    0.4045318014E-03    0.4089245243E-03    0.2110533485E-03    0.3261177902E-19    0.3570915172E-03
   The R.M.S Residuals are 
    0.4052362683E-04    0.4192990016E-04    0.1801097528E-04    0.4987767220E-20    0.3445141160E-04
 CPU wall time in this step:  0.10485409799999879     
 Averaged CPU wall time is:  0.11622590531632652     
   DBG iter           1  maxU2=   30.000000000000000       maxFi=   2.9962675820423487E-002  maxFj=   6.4860040371804054E-002  Fi(21,1,1)=   0.0000000000000000       Fi(21,21,1)=   0.0000000000000000       Fi(41,21,1)=   0.0000000000000000     
   DBG div max=   1.8570356670054414E-002  res_p=   1.8570356670054414E-002
   SIMPLE iter           1  res_p=   1.8570356670054414E-002  u(1,1,1)=  -4.1648183746624511E-002  p(1,1,1)=   27313.859743173300     
   DBG iter           2  maxU2=   30.000000000000000       maxFi=   1.0561518055366620E-002  maxFj=   1.6423701554612629E-002  Fi(21,1,1)=   0.0000000000000000       Fi(21,21,1)=   0.0000000000000000       Fi(41,21,1)=   0.0000000000000000     
   DBG div max=   9.4095007459240321E-003  res_p=   9.4095007459240321E-003
   SIMPLE iter           2  res_p=   9.4095007459240321E-003  u(1,1,1)= -0.18088734846218080       p(1,1,1)=   27313.964075761291     
   DBG iter           3  maxU2=   30.000000000000000       maxFi=   7.8458371253792725E-003  maxFj=   4.6029380674951784E-002  Fi(21,1,1)=   0.0000000000000000       Fi(21,21,1)=   0.0000000000000000       Fi(41,21,1)=   0.0000000000000000     
   DBG div max=   8.7605765693714033E-003  res_p=   8.7605765693714033E-003
   SIMPLE iter           3  res_p=   8.7605765693714033E-003  u(1,1,1)= -0.19524803075668137       p(1,1,1)=   27313.963489978312     
   SIMPLE iter           4  res_p=   4.8147813083987863E-003  u(1,1,1)= -0.16621886348304504       p(1,1,1)=   27313.967362057843     
   SIMPLE iter           5  res_p=   5.1920658915119121E-003  u(1,1,1)= -0.15330091417336436       p(1,1,1)=   27313.975709714490     
 DEBUG T iter          50 min   300.03191255719059      max   943.26609440297818     
 Low-speed solver Block           1  SIMPLE iterations:          61  res_p:   1.7806551608778518E-004
 --------------Force and Moment -----------------------------
 Total Force Coefficient (CL, CD, CS) =
  -1.8293440156349799E-002   1.6268437734301117E-002   3.4049055886407189E-021
 Total Moment Coefficient(CMx, CMy, CMz)=
   4.5733600390874497E-003   4.0671094335752792E-003  -8.4698132281691638E-003
 Kstep, t=          99   99.000000000000000     
 ----------The Max Residuals are--------  ---Mesh---           1
    0.4195714221E-03    0.4238346614E-03    0.2228919098E-03    0.3317601232E-19    0.3695822176E-03
   The R.M.S Residuals are 
    0.4075656874E-04    0.4207018840E-04    0.1817606702E-04    0.5149135147E-20    0.3460734175E-04
 CPU wall time in this step:  0.10218259400000029     
 Averaged CPU wall time is:  0.11608405368686868     
   DBG iter           1  maxU2=   30.000000000000000       maxFi=   2.9962675820423529E-002  maxFj=   6.4860040371804054E-002  Fi(21,1,1)=   0.0000000000000000       Fi(21,21,1)=   0.0000000000000000       Fi(41,21,1)=   0.0000000000000000     
   DBG div max=   1.8570356670054383E-002  res_p=   1.8570356670054383E-002
   SIMPLE iter           1  res_p=   1.8570356670054383E-002  u(1,1,1)=  -4.1648183746624684E-002  p(1,1,1)=   27313.859743173300     
   DBG iter           2  maxU2=   30.000000000000000       maxFi=   1.0561518055367102E-002  maxFj=   1.6423701554612615E-002  Fi(21,1,1)=   0.0000000000000000       Fi(21,21,1)=   0.0000000000000000       Fi(41,21,1)=   0.0000000000000000     
   DBG div max=   9.4095007459244415E-003  res_p=   9.4095007459244415E-003
   SIMPLE iter           2  res_p=   9.4095007459244415E-003  u(1,1,1)= -0.18088734846218069       p(1,1,1)=   27313.964075761291     
   DBG iter           3  maxU2=   30.000000000000000       maxFi=   7.8458371253794599E-003  maxFj=   4.6029380674951333E-002  Fi(21,1,1)=   0.0000000000000000       Fi(21,21,1)=   0.0000000000000000       Fi(41,21,1)=   0.0000000000000000     
   DBG div max=   8.7605765693713894E-003  res_p=   8.7605765693713894E-003
   SIMPLE iter           3  res_p=   8.7605765693713894E-003  u(1,1,1)= -0.19524803075668135       p(1,1,1)=   27313.963489978312     
   SIMPLE iter           4  res_p=   4.8147813083987759E-003  u(1,1,1)= -0.16621886348304526       p(1,1,1)=   27313.967362057843     
   SIMPLE iter           5  res_p=   5.1920658915125331E-003  u(1,1,1)= -0.15330091417336439       p(1,1,1)=   27313.975709714490     
 DEBUG T iter          50 min   300.03173977672179      max   939.79934076543259     
 Low-speed solver Block           1  SIMPLE iterations:          61  res_p:   1.7806551608774701E-004
 --------------Force and Moment -----------------------------
 Total Force Coefficient (CL, CD, CS) =
  -1.8150592656971692E-002   1.6146048903879367E-002   2.2990607957728186E-021
 Total Moment Coefficient(CMx, CMy, CMz)=
   4.5376481642429214E-003   4.0365122259698417E-003  -8.4036676276230023E-003
 Kstep, t=         100   100.00000000000000     
 ----------The Max Residuals are--------  ---Mesh---           1
    0.4398239038E-03    0.4441836602E-03    0.2324127550E-03    0.3346641330E-19    0.3870329662E-03
   The R.M.S Residuals are 
    0.4098845241E-04    0.4220945360E-04    0.1834308735E-04    0.5087432019E-20    0.3476258162E-04
 write flow3d.dat ......
 write flow3d.dat OK
 write VTK files ......
 write VTK files OK
 CPU wall time in this step:  0.17835127100000037     
 Averaged CPU wall time is:  0.11670672586000000     
   DBG iter           1  maxU2=   30.000000000000000       maxFi=   2.9962675820423487E-002  maxFj=   6.4860040371804040E-002  Fi(21,1,1)=   0.0000000000000000       Fi(21,21,1)=   0.0000000000000000       Fi(41,21,1)=   0.0000000000000000     
   DBG div max=   1.8570356670054407E-002  res_p=   1.8570356670054407E-002
   SIMPLE iter           1  res_p=   1.8570356670054407E-002  u(1,1,1)=  -4.1648183746624497E-002  p(1,1,1)=   27313.859743173300     
   DBG iter           2  maxU2=   30.000000000000000       maxFi=   1.0561518055366616E-002  maxFj=   1.6423701554612632E-002  Fi(21,1,1)=   0.0000000000000000       Fi(21,21,1)=   0.0000000000000000       Fi(41,21,1)=   0.0000000000000000     
   DBG div max=   9.4095007459240286E-003  res_p=   9.4095007459240286E-003
   SIMPLE iter           2  res_p=   9.4095007459240286E-003  u(1,1,1)= -0.18088734846218055       p(1,1,1)=   27313.964075761291     
   DBG iter           3  maxU2=   30.000000000000000       maxFi=   7.8458371253792708E-003  maxFj=   4.6029380674951742E-002  Fi(21,1,1)=   0.0000000000000000       Fi(21,21,1)=   0.0000000000000000       Fi(41,21,1)=   0.0000000000000000     
   DBG div max=   8.7605765693713755E-003  res_p=   8.7605765693713755E-003
   SIMPLE iter           3  res_p=   8.7605765693713755E-003  u(1,1,1)= -0.19524803075668140       p(1,1,1)=   27313.963489978312     
   SIMPLE iter           4  res_p=   4.8147813083987724E-003  u(1,1,1)= -0.16621886348304515       p(1,1,1)=   27313.967362057843     
   SIMPLE iter           5  res_p=   5.1920658915117039E-003  u(1,1,1)= -0.15330091417336428       p(1,1,1)=   27313.975709714490     
 DEBUG T iter          50 min   300.03156847399123      max   936.36205966965417     
 Low-speed solver Block           1  SIMPLE iterations:          61  res_p:   1.7806551608778518E-004
 --------------Force and Moment -----------------------------
 Total Force Coefficient (CL, CD, CS) =
  -1.8009176894811036E-002   1.6025509326687854E-002   2.3079160287705700E-021
 Total Moment Coefficient(CMx, CMy, CMz)=
   4.5022942237027581E-003   4.0063773316719635E-003  -8.3381848119738703E-003
 Kstep, t=         101   101.00000000000000     
 ----------The Max Residuals are--------  ---Mesh---           1
    0.4535782073E-03    0.4579392186E-03    0.2426366096E-03    0.3408893033E-19    0.4031559714E-03
   The R.M.S Residuals are 
    0.4121833835E-04    0.4234677654E-04    0.1851138203E-04    0.5121152800E-20    0.3491627773E-04
 CPU wall time in this step:  0.10165927999999980     
 Averaged CPU wall time is:  0.11655774124752476     
   DBG iter           1  maxU2=   30.000000000000000       maxFi=   2.9962675820423529E-002  maxFj=   6.4860040371804054E-002  Fi(21,1,1)=   0.0000000000000000       Fi(21,21,1)=   0.0000000000000000       Fi(41,21,1)=   0.0000000000000000     
   DBG div max=   1.8570356670054383E-002  res_p=   1.8570356670054383E-002
   SIMPLE iter           1  res_p=   1.8570356670054383E-002  u(1,1,1)=  -4.1648183746624622E-002  p(1,1,1)=   27313.859743173300     
   DBG iter           2  maxU2=   30.000000000000000       maxFi=   1.0561518055367104E-002  maxFj=   1.6423701554612612E-002  Fi(21,1,1)=   0.0000000000000000       Fi(21,21,1)=   0.0000000000000000       Fi(41,21,1)=   0.0000000000000000     
   DBG div max=   9.4095007459244345E-003  res_p=   9.4095007459244345E-003
   SIMPLE iter           2  res_p=   9.4095007459244345E-003  u(1,1,1)= -0.18088734846218038       p(1,1,1)=   27313.964075761291     
   DBG iter           3  maxU2=   30.000000000000000       maxFi=   7.8458371253794616E-003  maxFj=   4.6029380674951346E-002  Fi(21,1,1)=   0.0000000000000000       Fi(21,21,1)=   0.0000000000000000       Fi(41,21,1)=   0.0000000000000000     
   DBG div max=   8.7605765693713755E-003  res_p=   8.7605765693713755E-003
   SIMPLE iter           3  res_p=   8.7605765693713755E-003  u(1,1,1)= -0.19524803075668143       p(1,1,1)=   27313.963489978312     
   SIMPLE iter           4  res_p=   4.8147813083987689E-003  u(1,1,1)= -0.16621886348304510       p(1,1,1)=   27313.967362057843     
   SIMPLE iter           5  res_p=   5.1920658915125262E-003  u(1,1,1)= -0.15330091417336439       p(1,1,1)=   27313.975709714490     
 DEBUG T iter          50 min   300.03139863325157      max   932.95394019932723     
 Low-speed solver Block           1  SIMPLE iterations:          61  res_p:   1.7806551608775048E-004
 --------------Force and Moment -----------------------------
 Total Force Coefficient (CL, CD, CS) =
  -1.7869182969273027E-002   1.5906776686774749E-002   2.4176430980221129E-021
 Total Moment Coefficient(CMx, CMy, CMz)=
   4.4672957423182568E-003   3.9766941716936873E-003  -8.2733601925540357E-003
 Kstep, t=         102   102.00000000000000     
 ----------The Max Residuals are--------  ---Mesh---           1
    0.4740824074E-03    0.4785379428E-03    0.2547217495E-03    0.2753856481E-19    0.4152229629E-03
   The R.M.S Residuals are 
    0.4144470025E-04    0.4248069611E-04    0.1868036455E-04    0.4918661821E-20    0.3506737973E-04
 CPU wall time in this step:  0.10446443700000074     
 Averaged CPU wall time is:  0.11643917944117647     
   DBG iter           1  maxU2=   30.000000000000000       maxFi=   2.9962675820423487E-002  maxFj=   6.4860040371804040E-002  Fi(21,1,1)=   0.0000000000000000       Fi(21,21,1)=   0.0000000000000000       Fi(41,21,1)=   0.0000000000000000     
   DBG div max=   1.8570356670054404E-002  res_p=   1.8570356670054404E-002
   SIMPLE iter           1  res_p=   1.8570356670054404E-002  u(1,1,1)=  -4.1648183746624615E-002  p(1,1,1)=   27313.859743173300     
   DBG iter           2  maxU2=   30.000000000000000       maxFi=   1.0561518055366616E-002  maxFj=   1.6423701554612639E-002  Fi(21,1,1)=   0.0000000000000000       Fi(21,21,1)=   0.0000000000000000       Fi(41,21,1)=   0.0000000000000000     
   DBG div max=   9.4095007459240355E-003  res_p=   9.4095007459240355E-003
   SIMPLE iter           2  res_p=   9.4095007459240355E-003  u(1,1,1)= -0.18088734846218085       p(1,1,1)=   27313.964075761291     
   DBG iter           3  maxU2=   30.000000000000000       maxFi=   7.8458371253792673E-003  maxFj=   4.6029380674951749E-002  Fi(21,1,1)=   0.0000000000000000       Fi(21,21,1)=   0.0000000000000000       Fi(41,21,1)=   0.0000000000000000     
   DBG div max=   8.7605765693713686E-003  res_p=   8.7605765693713686E-003
   SIMPLE iter           3  res_p=   8.7605765693713686E-003  u(1,1,1)= -0.19524803075668154       p(1,1,1)=   27313.963489978312     
   SIMPLE iter           4  res_p=   4.8147813083987724E-003  u(1,1,1)= -0.16621886348304504       p(1,1,1)=   27313.967362057843     
   SIMPLE iter           5  res_p=   5.1920658915118913E-003  u(1,1,1)= -0.15330091417336433       p(1,1,1)=   27313.975709714490     
 DEBUG T iter          50 min   300.03123023905277      max   929.57467698834898     
 Low-speed solver Block           1  SIMPLE iterations:          61  res_p:   1.7806551608836457E-004
 --------------Force and Moment -----------------------------
 Total Force Coefficient (CL, CD, CS) =
  -1.7730601134956260E-002   1.5789810063284504E-002   3.1966380035106017E-021
 Total Moment Coefficient(CMx, CMy, CMz)=
   4.4326502837390641E-003   3.9474525158211260E-003  -8.2091892523810748E-003
 Kstep, t=         103   103.00000000000000     
 ----------The Max Residuals are--------  ---Mesh---           1
    0.4936605776E-03    0.4980655069E-03    0.2630032125E-03    0.3176433571E-19    0.4367653071E-03
   The R.M.S Residuals are 
    0.4166621717E-04    0.4261003686E-04    0.1884943033E-04    0.5082068346E-20    0.3521485593E-04
 CPU wall time in this step:  0.10281841900000011     
 Averaged CPU wall time is:  0.11630693904854369     
   DBG iter           1  maxU2=   30.000000000000000       maxFi=   2.9962675820423446E-002  maxFj=   6.4860040371803956E-002  Fi(21,1,1)=   0.0000000000000000       Fi(21,21,1)=   0.0000000000000000       Fi(41,21,1)=   0.0000000000000000     
   DBG div max=   1.8570356670057835E-002  res_p=   1.8570356670057835E-002
   SIMPLE iter           1  res_p=   1.8570356670057835E-002  u(1,1,1)=  -4.1648183746623338E-002  p(1,1,1)=   27313.859743173300     
   DBG iter           2  maxU2=   30.000000000000000       maxFi=   1.0561518055366693E-002  maxFj=   1.6423701554609173E-002  Fi(21,1,1)=   0.0000000000000000       Fi(21,21,1)=   0.0000000000000000       Fi(41,21,1)=   0.0000000000000000     
   DBG div max=   9.4095007459246323E-003  res_p=   9.4095007459246323E-003
   SIMPLE iter           2  res_p=   9.4095007459246323E-003  u(1,1,1)= -0.18088734846218019       p(1,1,1)=   27313.964075761291     
   DBG iter           3  maxU2=   30.000000000000000       maxFi=   7.8458371253791546E-003  maxFj=   4.6029380674951929E-002  Fi(21,1,1)=   0.0000000000000000       Fi(21,21,1)=   0.0000000000000000       Fi(41,21,1)=   0.0000000000000000     
   DBG div max=   8.7605765693716045E-003  res_p=   8.7605765693716045E-003
   SIMPLE iter           3  res_p=   8.7605765693716045E-003  u(1,1,1)= -0.19524803075668129       p(1,1,1)=   27313.963489978312     
   SIMPLE iter           4  res_p=   4.8147813083990083E-003  u(1,1,1)= -0.16621886348304349       p(1,1,1)=   27313.967362057843     
   SIMPLE iter           5  res_p=   5.1920658915118253E-003  u(1,1,1)= -0.15330091417336214       p(1,1,1)=   27313.975709714490     
 DEBUG T iter          50 min   300.03106327623925      max   926.22396998790941     
 Low-speed solver Block           1  SIMPLE iterations:          61  res_p:   1.7806551608774701E-004
 --------------Force and Moment -----------------------------
 Total Force Coefficient (CL, CD, CS) =
  -1.7593421764851083E-002   1.5674569864657130E-002   2.8687790256650710E-021
 Total Moment Coefficient(CMx, CMy, CMz)=
   4.3983554412127708E-003   3.9186424661642825E-003  -8.1456675291102423E-003
 Kstep, t=         104   104.00000000000000     
 ----------The Max Residuals are--------  ---Mesh---           1
    0.5054425250E-03    0.5096698174E-03    0.2766997869E-03    0.3474381564E-19    0.4516928495E-03
   The R.M.S Residuals are 
    0.4188190157E-04    0.4273403765E-04    0.1901810042E-04    0.5042605264E-20    0.3535794905E-04
 CPU wall time in this step:  0.10182359299999888     
 Averaged CPU wall time is:  0.11616767610576922     
   DBG iter           1  maxU2=   30.000000000000000       maxFi=   2.9962675820423473E-002  maxFj=   6.4860040371803956E-002  Fi(21,1,1)=   0.0000000000000000       Fi(21,21,1)=   0.0000000000000000       Fi(41,21,1)=   0.0000000000000000     
   DBG div max=   1.8570356670054404E-002  res_p=   1.8570356670054404E-002
   SIMPLE iter           1  res_p=   1.8570356670054404E-002  u(1,1,1)=  -4.1648183746624420E-002  p(1,1,1)=   27313.859743173300     
   DBG iter           2  maxU2=   30.000000000000000       maxFi=   1.0561518055366660E-002  maxFj=   1.6423701554612594E-002  Fi(21,1,1)=   0.0000000000000000       Fi(21,21,1)=   0.0000000000000000       Fi(41,21,1)=   0.0000000000000000     
   DBG div max=   9.4095007459240217E-003  res_p=   9.4095007459240217E-003
   SIMPLE iter           2  res_p=   9.4095007459240217E-003  u(1,1,1)= -0.18088734846218063       p(1,1,1)=   27313.964075761291     
   DBG iter           3  maxU2=   30.000000000000000       maxFi=   7.8458371253793107E-003  maxFj=   4.6029380674951853E-002  Fi(21,1,1)=   0.0000000000000000       Fi(21,21,1)=   0.0000000000000000       Fi(41,21,1)=   0.0000000000000000     
   DBG div max=   8.7605765693715559E-003  res_p=   8.7605765693715559E-003
   SIMPLE iter           3  res_p=   8.7605765693715559E-003  u(1,1,1)= -0.19524803075668140       p(1,1,1)=   27313.963489978312     
   SIMPLE iter           4  res_p=   4.8147813083989945E-003  u(1,1,1)= -0.16621886348304502       p(1,1,1)=   27313.967362057843     
   SIMPLE iter           5  res_p=   5.1920658915120058E-003  u(1,1,1)= -0.15330091417336408       p(1,1,1)=   27313.975709714490     
 DEBUG T iter          50 min   300.03089772994088      max   922.90152553940902     
 Low-speed solver Block           1  SIMPLE iterations:          61  res_p:   1.7806551608778518E-004
 --------------Force and Moment -----------------------------
 Total Force Coefficient (CL, CD, CS) =
  -1.7457635317013383E-002   1.5561017766722427E-002   2.0278299701113383E-021
 Total Moment Coefficient(CMx, CMy, CMz)=
   4.3644088292533467E-003   3.8902544416806067E-003  -8.0827905995957301E-003
 Kstep, t=         105   105.00000000000000     
 ----------The Max Residuals are--------  ---Mesh---           1
    0.5310421400E-03    0.5357024700E-03    0.2884051661E-03    0.3303108648E-19    0.4668313144E-03
   The R.M.S Residuals are 
    0.4208936041E-04    0.4285049789E-04    0.1918537912E-04    0.5132908255E-20    0.3549512606E-04
 CPU wall time in this step:  0.10990980200000067     
 Averaged CPU wall time is:  0.11610807730476191     
   DBG iter           1  maxU2=   30.000000000000000       maxFi=   2.9962675820423525E-002  maxFj=   6.4860040371804067E-002  Fi(21,1,1)=   0.0000000000000000       Fi(21,21,1)=   0.0000000000000000       Fi(41,21,1)=   0.0000000000000000     
   DBG div max=   1.8570356670054383E-002  res_p=   1.8570356670054383E-002
   SIMPLE iter           1  res_p=   1.8570356670054383E-002  u(1,1,1)=  -4.1648183746624566E-002  p(1,1,1)=   27313.859743173300     
   DBG iter           2  maxU2=   30.000000000000000       maxFi=   1.0561518055367109E-002  maxFj=   1.6423701554612615E-002  Fi(21,1,1)=   0.0000000000000000       Fi(21,21,1)=   0.0000000000000000       Fi(41,21,1)=   0.0000000000000000     
   DBG div max=   9.4095007459244415E-003  res_p=   9.4095007459244415E-003
   SIMPLE iter           2  res_p=   9.4095007459244415E-003  u(1,1,1)= -0.18088734846218082       p(1,1,1)=   27313.964075761291     
   DBG iter           3  maxU2=   30.000000000000000       maxFi=   7.8458371253794616E-003  maxFj=   4.6029380674951340E-002  Fi(21,1,1)=   0.0000000000000000       Fi(21,21,1)=   0.0000000000000000       Fi(41,21,1)=   0.0000000000000000     
   DBG div max=   8.7605765693713755E-003  res_p=   8.7605765693713755E-003
   SIMPLE iter           3  res_p=   8.7605765693713755E-003  u(1,1,1)= -0.19524803075668146       p(1,1,1)=   27313.963489978312     
   SIMPLE iter           4  res_p=   4.8147813083987724E-003  u(1,1,1)= -0.16621886348304518       p(1,1,1)=   27313.967362057843     
   SIMPLE iter           5  res_p=   5.1920658915125158E-003  u(1,1,1)= -0.15330091417336431       p(1,1,1)=   27313.975709714490     
 DEBUG T iter          50 min   300.03073358556651      max   919.60705561518944     
 Low-speed solver Block           1  SIMPLE iterations:          61  res_p:   1.7806551608774701E-004
 --------------Force and Moment -----------------------------
 Total Force Coefficient (CL, CD, CS) =
  -1.7323232304504776E-002   1.5449116654434141E-002   3.1808527250695745E-021
 Total Moment Coefficient(CMx, CMy, CMz)=
   4.3308080761261941E-003   3.8622791636085353E-003  -8.0205540659639314E-003
 Kstep, t=         106   106.00000000000000     
 ----------The Max Residuals are--------  ---Mesh---           1
    0.5508797224E-03    0.5553307693E-03    0.2958896894E-03    0.3388124357E-19    0.4892135126E-03
   The R.M.S Residuals are 
    0.4228821593E-04    0.4295915543E-04    0.1935094016E-04    0.5034332489E-20    0.3562575597E-04
 CPU wall time in this step:  0.11746566099999889     
 Averaged CPU wall time is:  0.11612088469811320     
   DBG iter           1  maxU2=   30.000000000000000       maxFi=   2.9962675820423487E-002  maxFj=   6.4860040371804040E-002  Fi(21,1,1)=   0.0000000000000000       Fi(21,21,1)=   0.0000000000000000       Fi(41,21,1)=   0.0000000000000000     
   DBG div max=   1.8570356670054411E-002  res_p=   1.8570356670054411E-002
   SIMPLE iter           1  res_p=   1.8570356670054411E-002  u(1,1,1)=  -4.1648183746624684E-002  p(1,1,1)=   27313.859743173300     
   DBG iter           2  maxU2=   30.000000000000000       maxFi=   1.0561518055366618E-002  maxFj=   1.6423701554612636E-002  Fi(21,1,1)=   0.0000000000000000       Fi(21,21,1)=   0.0000000000000000       Fi(41,21,1)=   0.0000000000000000     
   DBG div max=   9.4095007459240355E-003  res_p=   9.4095007459240355E-003
   SIMPLE iter           2  res_p=   9.4095007459240355E-003  u(1,1,1)= -0.18088734846218044       p(1,1,1)=   27313.964075761291     
   DBG iter           3  maxU2=   30.000000000000000       maxFi=   7.8458371253792673E-003  maxFj=   4.6029380674951735E-002  Fi(21,1,1)=   0.0000000000000000       Fi(21,21,1)=   0.0000000000000000       Fi(41,21,1)=   0.0000000000000000     
   DBG div max=   8.7605765693713547E-003  res_p=   8.7605765693713547E-003
   SIMPLE iter           3  res_p=   8.7605765693713547E-003  u(1,1,1)= -0.19524803075668129       p(1,1,1)=   27313.963489978312     
   SIMPLE iter           4  res_p=   4.8147813083987585E-003  u(1,1,1)= -0.16621886348304496       p(1,1,1)=   27313.967362057843     
   SIMPLE iter           5  res_p=   5.1920658915117004E-003  u(1,1,1)= -0.15330091417336428       p(1,1,1)=   27313.975709714490     
 DEBUG T iter          50 min   300.03057082879991      max   916.34027727382477     
 Low-speed solver Block           1  SIMPLE iterations:          61  res_p:   1.7806551608778518E-004
 --------------Force and Moment -----------------------------
 Total Force Coefficient (CL, CD, CS) =
  -1.7190203268399869E-002   1.5338830567007229E-002   3.5986959812643958E-021
 Total Moment Coefficient(CMx, CMy, CMz)=
   4.2975508170999682E-003   3.8347076417518072E-003  -7.9589535431064742E-003
 Kstep, t=         107   107.00000000000000     
 ----------The Max Residuals are--------  ---Mesh---           1
    0.5615511583E-03    0.5656284559E-03    0.3126025787E-03    0.2964695893E-19    0.5037198487E-03
   The R.M.S Residuals are 
    0.4247660917E-04    0.4305824047E-04    0.1951390229E-04    0.5028738209E-20    0.3574868274E-04
 CPU wall time in this step:  0.10582822900000011     
 Averaged CPU wall time is:  0.11602469165420561     
   DBG iter           1  maxU2=   30.000000000000000       maxFi=   2.9962675820423529E-002  maxFj=   6.4860040371804054E-002  Fi(21,1,1)=   0.0000000000000000       Fi(21,21,1)=   0.0000000000000000       Fi(41,21,1)=   0.0000000000000000     
   DBG div max=   1.8570356670054383E-002  res_p=   1.8570356670054383E-002
   SIMPLE iter           1  res_p=   1.8570356670054383E-002  u(1,1,1)=  -4.1648183746624670E-002  p(1,1,1)=   27313.859743173300     
   DBG iter           2  maxU2=   30.000000000000000       maxFi=   1.0561518055367104E-002  maxFj=   1.6423701554612619E-002  Fi(21,1,1)=   0.0000000000000000       Fi(21,21,1)=   0.0000000000000000       Fi(41,21,1)=   0.0000000000000000     
   DBG div max=   9.4095007459244415E-003  res_p=   9.4095007459244415E-003
   SIMPLE iter           2  res_p=   9.4095007459244415E-003  u(1,1,1)= -0.18088734846218069       p(1,1,1)=   27313.964075761291     
   DBG iter           3  maxU2=   30.000000000000000       maxFi=   7.8458371253794599E-003  maxFj=   4.6029380674951346E-002  Fi(21,1,1)=   0.0000000000000000       Fi(21,21,1)=   0.0000000000000000       Fi(41,21,1)=   0.0000000000000000     
   DBG div max=   8.7605765693713755E-003  res_p=   8.7605765693713755E-003
   SIMPLE iter           3  res_p=   8.7605765693713755E-003  u(1,1,1)= -0.19524803075668146       p(1,1,1)=   27313.963489978312     
   SIMPLE iter           4  res_p=   4.8147813083987689E-003  u(1,1,1)= -0.16621886348304524       p(1,1,1)=   27313.967362057843     
   SIMPLE iter           5  res_p=   5.1920658915125296E-003  u(1,1,1)= -0.15330091417336444       p(1,1,1)=   27313.975709714490     
 DEBUG T iter          50 min   300.03040944559166      max   913.10420959447538     
 Low-speed solver Block           1  SIMPLE iterations:          61  res_p:   1.7806551608775048E-004
 --------------Force and Moment -----------------------------
 Total Force Coefficient (CL, CD, CS) =
  -1.7058538753670506E-002   1.5230124646237811E-002   1.8944359128495343E-021
 Total Moment Coefficient(CMx, CMy, CMz)=
   4.2646346884176282E-003   3.8075311615594527E-003  -7.8979846475049457E-003
 Kstep, t=         108   108.00000000000000     
 ----------The Max Residuals are--------  ---Mesh---           1
    0.5901870594E-03    0.5951570696E-03    0.3244209974E-03    0.5252024629E-19    0.5197457054E-03
   The R.M.S Residuals are 
    0.4265428884E-04    0.4314747081E-04    0.1967383901E-04    0.4900540636E-20    0.3586322085E-04
 CPU wall time in this step:  0.12016069900000126     
 Averaged CPU wall time is:  0.11606298801851853     
   DBG iter           1  maxU2=   30.000000000000000       maxFi=   2.9962675820423487E-002  maxFj=   6.4860040371804040E-002  Fi(21,1,1)=   0.0000000000000000       Fi(21,21,1)=   0.0000000000000000       Fi(41,21,1)=   0.0000000000000000     
   DBG div max=   1.8570356670054411E-002  res_p=   1.8570356670054411E-002
   SIMPLE iter           1  res_p=   1.8570356670054411E-002  u(1,1,1)=  -4.1648183746624524E-002  p(1,1,1)=   27313.859743173300     
   DBG iter           2  maxU2=   30.000000000000000       maxFi=   1.0561518055366620E-002  maxFj=   1.6423701554612632E-002  Fi(21,1,1)=   0.0000000000000000       Fi(21,21,1)=   0.0000000000000000       Fi(41,21,1)=   0.0000000000000000     
   DBG div max=   9.4095007459240321E-003  res_p=   9.4095007459240321E-003
   SIMPLE iter           2  res_p=   9.4095007459240321E-003  u(1,1,1)= -0.18088734846218057       p(1,1,1)=   27313.964075761291     
   DBG iter           3  maxU2=   30.000000000000000       maxFi=   7.8458371253792673E-003  maxFj=   4.6029380674951742E-002  Fi(21,1,1)=   0.0000000000000000       Fi(21,21,1)=   0.0000000000000000       Fi(41,21,1)=   0.0000000000000000     
   DBG div max=   8.7605765693713755E-003  res_p=   8.7605765693713755E-003
   SIMPLE iter           3  res_p=   8.7605765693713755E-003  u(1,1,1)= -0.19524803075668135       p(1,1,1)=   27313.963489978312     
   SIMPLE iter           4  res_p=   4.8147813083987794E-003  u(1,1,1)= -0.16621886348304496       p(1,1,1)=   27313.967362057843     
   SIMPLE iter           5  res_p=   5.1920658915117074E-003  u(1,1,1)= -0.15330091417336431       p(1,1,1)=   27313.975709714490     
 DEBUG T iter          50 min   300.03024942215268      max   909.93170990051658     
 Low-speed solver Block           1  SIMPLE iterations:          61  res_p:   1.7806551608774701E-004
 --------------Force and Moment -----------------------------
 Total Force Coefficient (CL, CD, CS) =
  -1.6928229287766175E-002   1.5122965087800876E-002   1.1888742806510562E-021
 Total Moment Coefficient(CMx, CMy, CMz)=
   4.2320573219415437E-003   3.7807412719502191E-003  -7.8376429873035919E-003
 Kstep, t=         109   109.00000000000000     
 ----------The Max Residuals are--------  ---Mesh---           1
    0.6121118043E-03    0.6167223352E-03    0.3316104674E-03    0.4342453131E-19    0.5445835953E-03
   The R.M.S Residuals are 
    0.4281994536E-04    0.4322574365E-04    0.1983024491E-04    0.4946945466E-20    0.3596887878E-04
 CPU wall time in this step:  0.11161965799999862     
 Averaged CPU wall time is:  0.11602222352293577     
   DBG iter           1  maxU2=   30.000000000000000       maxFi=   2.9962675820423498E-002  maxFj=   6.4860040371804054E-002  Fi(21,1,1)=   0.0000000000000000       Fi(21,21,1)=   0.0000000000000000       Fi(41,21,1)=   0.0000000000000000     
   DBG div max=   1.8570356670054418E-002  res_p=   1.8570356670054418E-002
   SIMPLE iter           1  res_p=   1.8570356670054418E-002  u(1,1,1)=  -4.1648183746624476E-002  p(1,1,1)=   27313.859743173300     
   DBG iter           2  maxU2=   30.000000000000000       maxFi=   1.0561518055366615E-002  maxFj=   1.6423701554612632E-002  Fi(21,1,1)=   0.0000000000000000       Fi(21,21,1)=   0.0000000000000000       Fi(41,21,1)=   0.0000000000000000     
   DBG div max=   9.4095007459240321E-003  res_p=   9.4095007459240321E-003
   SIMPLE iter           2  res_p=   9.4095007459240321E-003  u(1,1,1)= -0.18088734846218074       p(1,1,1)=   27313.964075761291     
   DBG iter           3  maxU2=   30.000000000000000       maxFi=   7.8458371253792847E-003  maxFj=   4.6029380674951839E-002  Fi(21,1,1)=   0.0000000000000000       Fi(21,21,1)=   0.0000000000000000       Fi(41,21,1)=   0.0000000000000000     
   DBG div max=   8.7605765693714935E-003  res_p=   8.7605765693714935E-003
   SIMPLE iter           3  res_p=   8.7605765693714935E-003  u(1,1,1)= -0.19524803075668140       p(1,1,1)=   27313.963489978312     
   SIMPLE iter           4  res_p=   4.8147813083989736E-003  u(1,1,1)= -0.16621886348304504       p(1,1,1)=   27313.967362057843     
   SIMPLE iter           5  res_p=   5.1920658915117074E-003  u(1,1,1)= -0.15330091417336431       p(1,1,1)=   27313.975709714490     
 DEBUG T iter          50 min   300.03009074494446      max   906.78657054870393     
 Low-speed solver Block           1  SIMPLE iterations:          61  res_p:   1.7806551608836110E-004
 --------------Force and Moment -----------------------------
 Total Force Coefficient (CL, CD, CS) =
  -1.6799265361718389E-002   1.5017319095334757E-002   3.6856502448479462E-022
 Total Moment Coefficient(CMx, CMy, CMz)=
   4.1998163404295963E-003   3.7543297738336892E-003  -7.7779241535502561E-003
 Kstep, t=         110   110.00000000000000     
 ----------The Max Residuals are--------  ---Mesh---           1
    0.6234365155E-03    0.6274742709E-03    0.3502815569E-03    0.4658979124E-19    0.5602764519E-03
   The R.M.S Residuals are 
    0.4297303562E-04    0.4329264209E-04    0.1998238982E-04    0.4877550132E-20    0.3606485127E-04
 write flow3d.dat ......
 write flow3d.dat OK
 write VTK files ......
 write VTK files OK
 CPU wall time in this step:  0.19592714200000039     
 Averaged CPU wall time is:  0.11674863187272727     
   DBG iter           1  maxU2=   30.000000000000000       maxFi=   2.9962675820423446E-002  maxFj=   6.4860040371803970E-002  Fi(21,1,1)=   0.0000000000000000       Fi(21,21,1)=   0.0000000000000000       Fi(41,21,1)=   0.0000000000000000     
   DBG div max=   1.8570356670057839E-002  res_p=   1.8570356670057839E-002
   SIMPLE iter           1  res_p=   1.8570356670057839E-002  u(1,1,1)=  -4.1648183746623262E-002  p(1,1,1)=   27313.859743173300     
   DBG iter           2  maxU2=   30.000000000000000       maxFi=   1.0561518055366698E-002  maxFj=   1.6423701554609167E-002  Fi(21,1,1)=   0.0000000000000000       Fi(21,21,1)=   0.0000000000000000       Fi(41,21,1)=   0.0000000000000000     
   DBG div max=   9.4095007459246306E-003  res_p=   9.4095007459246306E-003
   SIMPLE iter           2  res_p=   9.4095007459246306E-003  u(1,1,1)= -0.18088734846218016       p(1,1,1)=   27313.964075761291     
   DBG iter           3  maxU2=   30.000000000000000       maxFi=   7.8458371253791563E-003  maxFj=   4.6029380674951957E-002  Fi(21,1,1)=   0.0000000000000000       Fi(21,21,1)=   0.0000000000000000       Fi(41,21,1)=   0.0000000000000000     
   DBG div max=   8.7605765693716114E-003  res_p=   8.7605765693716114E-003
   SIMPLE iter           3  res_p=   8.7605765693716114E-003  u(1,1,1)= -0.19524803075668129       p(1,1,1)=   27313.963489978312     
   SIMPLE iter           4  res_p=   4.8147813083990222E-003  u(1,1,1)= -0.16621886348304360       p(1,1,1)=   27313.967362057843     
   SIMPLE iter           5  res_p=   5.1920658915118427E-003  u(1,1,1)= -0.15330091417336225       p(1,1,1)=   27313.975709714490     
 DEBUG T iter          50 min   300.02993340067189      max   903.66853938939346     
 Low-speed solver Block           1  SIMPLE iterations:          61  res_p:   1.7806551608774701E-004
 --------------Force and Moment -----------------------------
 Total Force Coefficient (CL, CD, CS) =
  -1.6671637413605545E-002   1.4913154837134620E-002   2.9551470526726169E-022
 Total Moment Coefficient(CMx, CMy, CMz)=
   4.1679093534013854E-003   3.7282887092836550E-003  -7.7188237125298004E-003
 Kstep, t=         111   111.00000000000000     
 ----------The Max Residuals are--------  ---Mesh---           1
    0.6498470482E-03    0.6553331023E-03    0.3632381704E-03    0.3557739156E-19    0.5720423583E-03
   The R.M.S Residuals are 
    0.4311223798E-04    0.4334704258E-04    0.2012972961E-04    0.4825695084E-20    0.3615047650E-04
 CPU wall time in this step:  0.10816428200000061     
 Averaged CPU wall time is:  0.11667129538738739     
   DBG iter           1  maxU2=   30.000000000000000       maxFi=   2.9962675820423473E-002  maxFj=   6.4860040371803956E-002  Fi(21,1,1)=   0.0000000000000000       Fi(21,21,1)=   0.0000000000000000       Fi(41,21,1)=   0.0000000000000000     
   DBG div max=   1.8570356670054401E-002  res_p=   1.8570356670054401E-002
   SIMPLE iter           1  res_p=   1.8570356670054401E-002  u(1,1,1)=  -4.1648183746624337E-002  p(1,1,1)=   27313.859743173300     
   DBG iter           2  maxU2=   30.000000000000000       maxFi=   1.0561518055366660E-002  maxFj=   1.6423701554612598E-002  Fi(21,1,1)=   0.0000000000000000       Fi(21,21,1)=   0.0000000000000000       Fi(41,21,1)=   0.0000000000000000     
   DBG div max=   9.4095007459240251E-003  res_p=   9.4095007459240251E-003
   SIMPLE iter           2  res_p=   9.4095007459240251E-003  u(1,1,1)= -0.18088734846218082       p(1,1,1)=   27313.964075761291     
   DBG iter           3  maxU2=   30.000000000000000       maxFi=   7.8458371253793159E-003  maxFj=   4.6029380674951867E-002  Fi(21,1,1)=   0.0000000000000000       Fi(21,21,1)=   0.0000000000000000       Fi(41,21,1)=   0.0000000000000000     
   DBG div max=   8.7605765693715767E-003  res_p=   8.7605765693715767E-003
   SIMPLE iter           3  res_p=   8.7605765693715767E-003  u(1,1,1)= -0.19524803075668148       p(1,1,1)=   27313.963489978312     
   SIMPLE iter           4  res_p=   4.8147813083990049E-003  u(1,1,1)= -0.16621886348304502       p(1,1,1)=   27313.967362057843     
   SIMPLE iter           5  res_p=   5.1920658915120127E-003  u(1,1,1)= -0.15330091417336417       p(1,1,1)=   27313.975709714490     
 DEBUG T iter          50 min   300.02977737627407      max   900.57736908637025     
 Low-speed solver Block           1  SIMPLE iterations:          61  res_p:   1.7806551608778864E-004
 --------------Force and Moment -----------------------------
 Total Force Coefficient (CL, CD, CS) =
  -1.6545335814222829E-002   1.4810441405289218E-002   1.0344410481778418E-021
 Total Moment Coefficient(CMx, CMy, CMz)=
   4.1363339535557073E-003   3.7026103513223044E-003  -7.6603371991180976E-003
 Kstep, t=         112   112.00000000000000     
 ----------The Max Residuals are--------  ---Mesh---           1
    0.6768715950E-03    0.6818906316E-03    0.3699375061E-03    0.3218887889E-19    0.6019808026E-03
   The R.M.S Residuals are 
    0.4323654500E-04    0.4338805903E-04    0.2027183971E-04    0.4796874950E-20    0.3622488018E-04
 CPU wall time in this step:  0.11564461399999892     
 Averaged CPU wall time is:  0.11666212858928571     
   DBG iter           1  maxU2=   30.000000000000000       maxFi=   2.9962675820423529E-002  maxFj=   6.4860040371804054E-002  Fi(21,1,1)=   0.0000000000000000       Fi(21,21,1)=   0.0000000000000000       Fi(41,21,1)=   0.0000000000000000     
   DBG div max=   1.8570356670054383E-002  res_p=   1.8570356670054383E-002
   SIMPLE iter           1  res_p=   1.8570356670054383E-002  u(1,1,1)=  -4.1648183746624656E-002  p(1,1,1)=   27313.859743173300     
   DBG iter           2  maxU2=   30.000000000000000       maxFi=   1.0561518055367100E-002  maxFj=   1.6423701554612619E-002  Fi(21,1,1)=   0.0000000000000000       Fi(21,21,1)=   0.0000000000000000       Fi(41,21,1)=   0.0000000000000000     
   DBG div max=   9.4095007459244380E-003  res_p=   9.4095007459244380E-003
   SIMPLE iter           2  res_p=   9.4095007459244380E-003  u(1,1,1)= -0.18088734846218069       p(1,1,1)=   27313.964075761291     
   DBG iter           3  maxU2=   30.000000000000000       maxFi=   7.8458371253794530E-003  maxFj=   4.6029380674951298E-002  Fi(21,1,1)=   0.0000000000000000       Fi(21,21,1)=   0.0000000000000000       Fi(41,21,1)=   0.0000000000000000     
   DBG div max=   8.7605765693713616E-003  res_p=   8.7605765693713616E-003
   SIMPLE iter           3  res_p=   8.7605765693713616E-003  u(1,1,1)= -0.19524803075668157       p(1,1,1)=   27313.963489978312     
   SIMPLE iter           4  res_p=   4.8147813083987620E-003  u(1,1,1)= -0.16621886348304524       p(1,1,1)=   27313.967362057843     
   SIMPLE iter           5  res_p=   5.1920658915125158E-003  u(1,1,1)= -0.15330091417336439       p(1,1,1)=   27313.975709714490     
 DEBUG T iter          50 min   300.02962265891642      max   897.51281696787521     
 Low-speed solver Block           1  SIMPLE iterations:          61  res_p:   1.7806551608774701E-004
 --------------Force and Moment -----------------------------
 Total Force Coefficient (CL, CD, CS) =
  -1.6420350854809258E-002   1.4709148777106461E-002   1.9155032325213901E-021
 Total Moment Coefficient(CMx, CMy, CMz)=
   4.1050877137023154E-003   3.6772871942766152E-003  -7.6024601110880278E-003
 Kstep, t=         113   113.00000000000000     
 ----------The Max Residuals are--------  ---Mesh---           1
    0.6918939097E-03    0.6961627660E-03    0.3889637771E-03    0.4489363316E-19    0.6216160612E-03
   The R.M.S Residuals are 
    0.4334473432E-04    0.4341475691E-04    0.2040744868E-04    0.4849748454E-20    0.3628693152E-04
 CPU wall time in this step:  0.10861688399999991     
 Averaged CPU wall time is:  0.11659093173451326     
   DBG iter           1  maxU2=   30.000000000000000       maxFi=   2.9962675820423487E-002  maxFj=   6.4860040371804040E-002  Fi(21,1,1)=   0.0000000000000000       Fi(21,21,1)=   0.0000000000000000       Fi(41,21,1)=   0.0000000000000000     
   DBG div max=   1.8570356670054414E-002  res_p=   1.8570356670054414E-002
   SIMPLE iter           1  res_p=   1.8570356670054414E-002  u(1,1,1)=  -4.1648183746624559E-002  p(1,1,1)=   27313.859743173300     
   DBG iter           2  maxU2=   30.000000000000000       maxFi=   1.0561518055366616E-002  maxFj=   1.6423701554612629E-002  Fi(21,1,1)=   0.0000000000000000       Fi(21,21,1)=   0.0000000000000000       Fi(41,21,1)=   0.0000000000000000     
   DBG div max=   9.4095007459240286E-003  res_p=   9.4095007459240286E-003
   SIMPLE iter           2  res_p=   9.4095007459240286E-003  u(1,1,1)= -0.18088734846218010       p(1,1,1)=   27313.964075761291     
   DBG iter           3  maxU2=   30.000000000000000       maxFi=   7.8458371253792656E-003  maxFj=   4.6029380674951735E-002  Fi(21,1,1)=   0.0000000000000000       Fi(21,21,1)=   0.0000000000000000       Fi(41,21,1)=   0.0000000000000000     
   DBG div max=   8.7605765693713755E-003  res_p=   8.7605765693713755E-003
   SIMPLE iter           3  res_p=   8.7605765693713755E-003  u(1,1,1)= -0.19524803075668135       p(1,1,1)=   27313.963489978312     
   SIMPLE iter           4  res_p=   4.8147813083987759E-003  u(1,1,1)= -0.16621886348304493       p(1,1,1)=   27313.967362057843     
   SIMPLE iter           5  res_p=   5.1920658915117039E-003  u(1,1,1)= -0.15330091417336425       p(1,1,1)=   27313.975709714490     
 DEBUG T iter          50 min   300.02946923598211      max   894.47464488330343     
 Low-speed solver Block           1  SIMPLE iterations:          61  res_p:   1.7806551608778518E-004
 --------------Force and Moment -----------------------------
 Total Force Coefficient (CL, CD, CS) =
  -1.6296672736691744E-002   1.4609247778683488E-002   2.7270187879981253E-021
 Total Moment Coefficient(CMx, CMy, CMz)=
   4.0741681841729360E-003   3.6523119446708720E-003  -7.5451879043026485E-003
 Kstep, t=         114   114.00000000000000     
 ----------The Max Residuals are--------  ---Mesh---           1
    0.7052763271E-03    0.7115370361E-03    0.4048107516E-03    0.5251569861E-19    0.6297845684E-03
   The R.M.S Residuals are 
    0.4343588556E-04    0.4342646461E-04    0.2053683676E-04    0.4937653061E-20    0.3633680781E-04
 CPU wall time in this step:  0.11023768200000106     
 Averaged CPU wall time is:  0.11653520147368421     
   DBG iter           1  maxU2=   30.000000000000000       maxFi=   2.9962675820423536E-002  maxFj=   6.4860040371804054E-002  Fi(21,1,1)=   0.0000000000000000       Fi(21,21,1)=   0.0000000000000000       Fi(41,21,1)=   0.0000000000000000     
   DBG div max=   1.8570356670054387E-002  res_p=   1.8570356670054387E-002
   SIMPLE iter           1  res_p=   1.8570356670054387E-002  u(1,1,1)=  -4.1648183746624656E-002  p(1,1,1)=   27313.859743173300     
   DBG iter           2  maxU2=   30.000000000000000       maxFi=   1.0561518055367104E-002  maxFj=   1.6423701554612615E-002  Fi(21,1,1)=   0.0000000000000000       Fi(21,21,1)=   0.0000000000000000       Fi(41,21,1)=   0.0000000000000000     
   DBG div max=   9.4095007459244363E-003  res_p=   9.4095007459244363E-003
   SIMPLE iter           2  res_p=   9.4095007459244363E-003  u(1,1,1)= -0.18088734846218046       p(1,1,1)=   27313.964075761291     
   DBG iter           3  maxU2=   30.000000000000000       maxFi=   7.8458371253794651E-003  maxFj=   4.6029380674951353E-002  Fi(21,1,1)=   0.0000000000000000       Fi(21,21,1)=   0.0000000000000000       Fi(41,21,1)=   0.0000000000000000     
   DBG div max=   8.7605765693713755E-003  res_p=   8.7605765693713755E-003
   SIMPLE iter           3  res_p=   8.7605765693713755E-003  u(1,1,1)= -0.19524803075668140       p(1,1,1)=   27313.963489978312     
   SIMPLE iter           4  res_p=   4.8147813083987724E-003  u(1,1,1)= -0.16621886348304515       p(1,1,1)=   27313.967362057843     
   SIMPLE iter           5  res_p=   5.1920658915125262E-003  u(1,1,1)= -0.15330091417336442       p(1,1,1)=   27313.975709714490     
 DEBUG T iter          50 min   300.02931709506470      max   891.46261906586938     
 Low-speed solver Block           1  SIMPLE iterations:          61  res_p:   1.7806551608774701E-004
 --------------Force and Moment -----------------------------
 Total Force Coefficient (CL, CD, CS) =
  -1.6174291562712467E-002   1.4510710050486873E-002   1.5757078433839908E-021
 Total Moment Coefficient(CMx, CMy, CMz)=
   4.0435728906781168E-003   3.6276775126217182E-003  -7.4885159887335614E-003
 Kstep, t=         115   115.00000000000000     
 ----------The Max Residuals are--------  ---Mesh---           1
    0.7417325588E-03    0.7475216170E-03    0.4133811098E-03    0.6437458639E-19    0.6577676756E-03
   The R.M.S Residuals are 
    0.4351003014E-04    0.4342346427E-04    0.2065884787E-04    0.4942876264E-20    0.3637360815E-04
 CPU wall time in this step:  0.10600044799999964     
 Averaged CPU wall time is:  0.11644359492173913     
   DBG iter           1  maxU2=   30.000000000000000       maxFi=   2.9962675820423494E-002  maxFj=   6.4860040371804054E-002  Fi(21,1,1)=   0.0000000000000000       Fi(21,21,1)=   0.0000000000000000       Fi(41,21,1)=   0.0000000000000000     
   DBG div max=   1.8570356670054418E-002  res_p=   1.8570356670054418E-002
   SIMPLE iter           1  res_p=   1.8570356670054418E-002  u(1,1,1)=  -4.1648183746624517E-002  p(1,1,1)=   27313.859743173300     
   DBG iter           2  maxU2=   30.000000000000000       maxFi=   1.0561518055366611E-002  maxFj=   1.6423701554612636E-002  Fi(21,1,1)=   0.0000000000000000       Fi(21,21,1)=   0.0000000000000000       Fi(41,21,1)=   0.0000000000000000     
   DBG div max=   9.4095007459240321E-003  res_p=   9.4095007459240321E-003
   SIMPLE iter           2  res_p=   9.4095007459240321E-003  u(1,1,1)= -0.18088734846218057       p(1,1,1)=   27313.964075761291     
   DBG iter           3  maxU2=   30.000000000000000       maxFi=   7.8458371253792864E-003  maxFj=   4.6029380674951853E-002  Fi(21,1,1)=   0.0000000000000000       Fi(21,21,1)=   0.0000000000000000       Fi(41,21,1)=   0.0000000000000000     
   DBG div max=   8.7605765693715004E-003  res_p=   8.7605765693715004E-003
   SIMPLE iter           3  res_p=   8.7605765693715004E-003  u(1,1,1)= -0.19524803075668151       p(1,1,1)=   27313.963489978312     
   SIMPLE iter           4  res_p=   4.8147813083989840E-003  u(1,1,1)= -0.16621886348304513       p(1,1,1)=   27313.967362057843     
   SIMPLE iter           5  res_p=   5.1920658915118913E-003  u(1,1,1)= -0.15330091417336436       p(1,1,1)=   27313.975709714490     
 DEBUG T iter          50 min   300.02916622395969      max   888.47651000127848     
 Low-speed solver Block           1  SIMPLE iterations:          61  res_p:   1.7806551608778518E-004
 --------------Force and Moment -----------------------------
 Total Force Coefficient (CL, CD, CS) =
  -1.6053197330313046E-002   1.4413508014817099E-002   2.5267605235532434E-021
 Total Moment Coefficient(CMx, CMy, CMz)=
   4.0132993325782598E-003   3.6033770037042748E-003  -7.4324397252459387E-003
 Kstep, t=         116   116.00000000000000     
 ----------The Max Residuals are--------  ---Mesh---           1
    0.7651890054E-03    0.7701232905E-03    0.4261223794E-03    0.4065558642E-19    0.6855473050E-03
   The R.M.S Residuals are 
    0.4356492746E-04    0.4340352562E-04    0.2077263517E-04    0.4760007494E-20    0.3639616314E-04
 CPU wall time in this step:  0.10385920799999937     
 Averaged CPU wall time is:  0.11633510882758620     
   DBG iter           1  maxU2=   30.000000000000000       maxFi=   2.9962675820423529E-002  maxFj=   6.4860040371804054E-002  Fi(21,1,1)=   0.0000000000000000       Fi(21,21,1)=   0.0000000000000000       Fi(41,21,1)=   0.0000000000000000     
   DBG div max=   1.8570356670054387E-002  res_p=   1.8570356670054387E-002
   SIMPLE iter           1  res_p=   1.8570356670054387E-002  u(1,1,1)=  -4.1648183746624642E-002  p(1,1,1)=   27313.859743173300     
   DBG iter           2  maxU2=   30.000000000000000       maxFi=   1.0561518055367102E-002  maxFj=   1.6423701554612615E-002  Fi(21,1,1)=   0.0000000000000000       Fi(21,21,1)=   0.0000000000000000       Fi(41,21,1)=   0.0000000000000000     
   DBG div max=   9.4095007459244380E-003  res_p=   9.4095007459244380E-003
   SIMPLE iter           2  res_p=   9.4095007459244380E-003  u(1,1,1)= -0.18088734846218041       p(1,1,1)=   27313.964075761291     
   DBG iter           3  maxU2=   30.000000000000000       maxFi=   7.8458371253794616E-003  maxFj=   4.6029380674951340E-002  Fi(21,1,1)=   0.0000000000000000       Fi(21,21,1)=   0.0000000000000000       Fi(41,21,1)=   0.0000000000000000     
   DBG div max=   8.7605765693713825E-003  res_p=   8.7605765693713825E-003
   SIMPLE iter           3  res_p=   8.7605765693713825E-003  u(1,1,1)= -0.19524803075668129       p(1,1,1)=   27313.963489978312     
   SIMPLE iter           4  res_p=   4.8147813083987689E-003  u(1,1,1)= -0.16621886348304518       p(1,1,1)=   27313.967362057843     
   SIMPLE iter           5  res_p=   5.1920658915125192E-003  u(1,1,1)= -0.15330091417336433       p(1,1,1)=   27313.975709714490     
 DEBUG T iter          50 min   300.02901661065800      max   885.51609230294139     
 Low-speed solver Block           1  SIMPLE iterations:          61  res_p:   1.7806551608775048E-004
 --------------Force and Moment -----------------------------
 Total Force Coefficient (CL, CD, CS) =
  -1.5933379926154533E-002   1.4317614845040042E-002   1.6188942192270749E-021
 Total Moment Coefficient(CMx, CMy, CMz)=
   3.9833449815386331E-003   3.5794037112600106E-003  -7.3769544230941567E-003
 Kstep, t=         117   117.00000000000000     
 ----------The Max Residuals are--------  ---Mesh---           1
    0.7739797232E-03    0.7777219224E-03    0.4475717451E-03    0.2541520510E-19    0.7004480368E-03
   The R.M.S Residuals are 
    0.4360186912E-04    0.4336820127E-04    0.2087913801E-04    0.4704323102E-20    0.3640553461E-04
 CPU wall time in this step:  0.10523352700000110     
 Averaged CPU wall time is:  0.11624022351282051     
   DBG iter           1  maxU2=   30.000000000000000       maxFi=   2.9962675820423487E-002  maxFj=   6.4860040371804040E-002  Fi(21,1,1)=   0.0000000000000000       Fi(21,21,1)=   0.0000000000000000       Fi(41,21,1)=   0.0000000000000000     
   DBG div max=   1.8570356670054404E-002  res_p=   1.8570356670054404E-002
   SIMPLE iter           1  res_p=   1.8570356670054404E-002  u(1,1,1)=  -4.1648183746624517E-002  p(1,1,1)=   27313.859743173300     
   DBG iter           2  maxU2=   30.000000000000000       maxFi=   1.0561518055366620E-002  maxFj=   1.6423701554612636E-002  Fi(21,1,1)=   0.0000000000000000       Fi(21,21,1)=   0.0000000000000000       Fi(41,21,1)=   0.0000000000000000     
   DBG div max=   9.4095007459240355E-003  res_p=   9.4095007459240355E-003
   SIMPLE iter           2  res_p=   9.4095007459240355E-003  u(1,1,1)= -0.18088734846218080       p(1,1,1)=   27313.964075761291     
   DBG iter           3  maxU2=   30.000000000000000       maxFi=   7.8458371253792673E-003  maxFj=   4.6029380674951763E-002  Fi(21,1,1)=   0.0000000000000000       Fi(21,21,1)=   0.0000000000000000       Fi(41,21,1)=   0.0000000000000000     
   DBG div max=   8.7605765693713894E-003  res_p=   8.7605765693713894E-003
   SIMPLE iter           3  res_p=   8.7605765693713894E-003  u(1,1,1)= -0.19524803075668154       p(1,1,1)=   27313.963489978312     
   SIMPLE iter           4  res_p=   4.8147813083987828E-003  u(1,1,1)= -0.16621886348304502       p(1,1,1)=   27313.967362057843     
   SIMPLE iter           5  res_p=   5.1920658915117143E-003  u(1,1,1)= -0.15330091417336428       p(1,1,1)=   27313.975709714490     
 DEBUG T iter          50 min   300.02886824333808      max   882.58114459366834     
 Low-speed solver Block           1  SIMPLE iterations:          61  res_p:   1.7806551608774354E-004
 --------------Force and Moment -----------------------------
 Total Force Coefficient (CL, CD, CS) =
  -1.5814829122158862E-002   1.4223004436475617E-002   1.8192259663979573E-021
 Total Moment Coefficient(CMx, CMy, CMz)=
   3.9537072805397137E-003   3.5557511091189042E-003  -7.3220553380750758E-003
 Kstep, t=         118   118.00000000000000     
 ----------The Max Residuals are--------  ---Mesh---           1
    0.7975439932E-03    0.8044254517E-03    0.4607245467E-03    0.3049367078E-19    0.7031564767E-03
   The R.M.S Residuals are 
    0.4361837118E-04    0.4331506318E-04    0.2097566731E-04    0.4696300643E-20    0.3639876885E-04
 CPU wall time in this step:  0.10238479999999939     
 Averaged CPU wall time is:  0.11612280466949153     
   DBG iter           1  maxU2=   30.000000000000000       maxFi=   2.9962675820423494E-002  maxFj=   6.4860040371804040E-002  Fi(21,1,1)=   0.0000000000000000       Fi(21,21,1)=   0.0000000000000000       Fi(41,21,1)=   0.0000000000000000     
   DBG div max=   1.8570356670054418E-002  res_p=   1.8570356670054418E-002
   SIMPLE iter           1  res_p=   1.8570356670054418E-002  u(1,1,1)=  -4.1648183746624642E-002  p(1,1,1)=   27313.859743173300     
   DBG iter           2  maxU2=   30.000000000000000       maxFi=   1.0561518055366618E-002  maxFj=   1.6423701554612636E-002  Fi(21,1,1)=   0.0000000000000000       Fi(21,21,1)=   0.0000000000000000       Fi(41,21,1)=   0.0000000000000000     
   DBG div max=   9.4095007459240355E-003  res_p=   9.4095007459240355E-003
   SIMPLE iter           2  res_p=   9.4095007459240355E-003  u(1,1,1)= -0.18088734846218063       p(1,1,1)=   27313.964075761291     
   DBG iter           3  maxU2=   30.000000000000000       maxFi=   7.8458371253792673E-003  maxFj=   4.6029380674951742E-002  Fi(21,1,1)=   0.0000000000000000       Fi(21,21,1)=   0.0000000000000000       Fi(41,21,1)=   0.0000000000000000     
   DBG div max=   8.7605765693713825E-003  res_p=   8.7605765693713825E-003
   SIMPLE iter           3  res_p=   8.7605765693713825E-003  u(1,1,1)= -0.19524803075668146       p(1,1,1)=   27313.963489978312     
   SIMPLE iter           4  res_p=   4.8147813083987759E-003  u(1,1,1)= -0.16621886348304499       p(1,1,1)=   27313.967362057843     
   SIMPLE iter           5  res_p=   5.1920658915117004E-003  u(1,1,1)= -0.15330091417336433       p(1,1,1)=   27313.975709714490     
 DEBUG T iter          50 min   300.02872111035924      max   879.67144939366858     
 Low-speed solver Block           1  SIMPLE iterations:          61  res_p:   1.7806551608774354E-004
 --------------Force and Moment -----------------------------
 Total Force Coefficient (CL, CD, CS) =
  -1.5697534572862368E-002   1.4129651378840999E-002   1.8386113413976688E-021
 Total Moment Coefficient(CMx, CMy, CMz)=
   3.9243836432155928E-003   3.5324128447102496E-003  -7.2677376712883355E-003
 Kstep, t=         119   119.00000000000000     
 ----------The Max Residuals are--------  ---Mesh---           1
    0.8358282054E-03    0.8419265541E-03    0.4647111107E-03    0.3726966294E-19    0.7445594672E-03
   The R.M.S Residuals are 
    0.4361327730E-04    0.4324344052E-04    0.2106264222E-04    0.4610542810E-20    0.3637668773E-04
 CPU wall time in this step:  0.10412565900000104     
 Averaged CPU wall time is:  0.11602198831932774     
   DBG iter           1  maxU2=   30.000000000000000       maxFi=   2.9962675820423494E-002  maxFj=   6.4860040371804026E-002  Fi(21,1,1)=   0.0000000000000000       Fi(21,21,1)=   0.0000000000000000       Fi(41,21,1)=   0.0000000000000000     
   DBG div max=   1.8570356670054418E-002  res_p=   1.8570356670054418E-002
   SIMPLE iter           1  res_p=   1.8570356670054418E-002  u(1,1,1)=  -4.1648183746624580E-002  p(1,1,1)=   27313.859743173300     
   DBG iter           2  maxU2=   30.000000000000000       maxFi=   1.0561518055366620E-002  maxFj=   1.6423701554612632E-002  Fi(21,1,1)=   0.0000000000000000       Fi(21,21,1)=   0.0000000000000000       Fi(41,21,1)=   0.0000000000000000     
   DBG div max=   9.4095007459240355E-003  res_p=   9.4095007459240355E-003
   SIMPLE iter           2  res_p=   9.4095007459240355E-003  u(1,1,1)= -0.18088734846218060       p(1,1,1)=   27313.964075761291     
   DBG iter           3  maxU2=   30.000000000000000       maxFi=   7.8458371253792621E-003  maxFj=   4.6029380674951714E-002  Fi(21,1,1)=   0.0000000000000000       Fi(21,21,1)=   0.0000000000000000       Fi(41,21,1)=   0.0000000000000000     
   DBG div max=   8.7605765693713547E-003  res_p=   8.7605765693713547E-003
   SIMPLE iter           3  res_p=   8.7605765693713547E-003  u(1,1,1)= -0.19524803075668151       p(1,1,1)=   27313.963489978312     
   SIMPLE iter           4  res_p=   4.8147813083987689E-003  u(1,1,1)= -0.16621886348304504       p(1,1,1)=   27313.967362057843     
   SIMPLE iter           5  res_p=   5.1920658915116970E-003  u(1,1,1)= -0.15330091417336442       p(1,1,1)=   27313.975709714490     
 DEBUG T iter          50 min   300.02857520025543      max   876.78679301479531     
 Low-speed solver Block           1  SIMPLE iterations:          61  res_p:   1.7806551608778864E-004
 --------------Force and Moment -----------------------------
 Total Force Coefficient (CL, CD, CS) =
  -1.5581485813977640E-002   1.4037530930152430E-002   2.5487223757354278E-021
 Total Moment Coefficient(CMx, CMy, CMz)=
   3.8953714534944095E-003   3.5093827325381076E-003  -7.2139965684555720E-003
 Kstep, t=         120   120.00000000000000     
 ----------The Max Residuals are--------  ---Mesh---           1
    0.8584253597E-03    0.8632473225E-03    0.4865795002E-03    0.3557953100E-19    0.7725170571E-03
   The R.M.S Residuals are 
    0.4358885415E-04    0.4315546503E-04    0.2114079245E-04    0.4717674316E-20    0.3633972715E-04
 write flow3d.dat ......
 write flow3d.dat OK
 write VTK files ......
 write VTK files OK
 CPU wall time in this step:  0.18410751399999903     
 Averaged CPU wall time is:  0.11658936770000000     
   DBG iter           1  maxU2=   30.000000000000000       maxFi=   2.9962675820423529E-002  maxFj=   6.4860040371804054E-002  Fi(21,1,1)=   0.0000000000000000       Fi(21,21,1)=   0.0000000000000000       Fi(41,21,1)=   0.0000000000000000     
   DBG div max=   1.8570356670054383E-002  res_p=   1.8570356670054383E-002
   SIMPLE iter           1  res_p=   1.8570356670054383E-002  u(1,1,1)=  -4.1648183746624684E-002  p(1,1,1)=   27313.859743173300     
   DBG iter           2  maxU2=   30.000000000000000       maxFi=   1.0561518055367106E-002  maxFj=   1.6423701554612612E-002  Fi(21,1,1)=   0.0000000000000000       Fi(21,21,1)=   0.0000000000000000       Fi(41,21,1)=   0.0000000000000000     
   DBG div max=   9.4095007459244415E-003  res_p=   9.4095007459244415E-003
   SIMPLE iter           2  res_p=   9.4095007459244415E-003  u(1,1,1)= -0.18088734846218074       p(1,1,1)=   27313.964075761291     
   DBG iter           3  maxU2=   30.000000000000000       maxFi=   7.8458371253794616E-003  maxFj=   4.6029380674951340E-002  Fi(21,1,1)=   0.0000000000000000       Fi(21,21,1)=   0.0000000000000000       Fi(41,21,1)=   0.0000000000000000     
   DBG div max=   8.7605765693713894E-003  res_p=   8.7605765693713894E-003
   SIMPLE iter           3  res_p=   8.7605765693713894E-003  u(1,1,1)= -0.19524803075668148       p(1,1,1)=   27313.963489978312     
   SIMPLE iter           4  res_p=   4.8147813083987759E-003  u(1,1,1)= -0.16621886348304513       p(1,1,1)=   27313.967362057843     
   SIMPLE iter           5  res_p=   5.1920658915125401E-003  u(1,1,1)= -0.15330091417336433       p(1,1,1)=   27313.975709714490     
 DEBUG T iter          50 min   300.02843050172839      max   873.92696546088882     
 Low-speed solver Block           1  SIMPLE iterations:          61  res_p:   1.7806551608774701E-004
 --------------Force and Moment -----------------------------
 Total Force Coefficient (CL, CD, CS) =
  -1.5466672262064742E-002   1.3946618991995723E-002   2.2525324452185379E-021
 Total Moment Coefficient(CMx, CMy, CMz)=
   3.8666680655161868E-003   3.4866547479989306E-003  -7.1608271197528377E-003
 Kstep, t=         121   121.00000000000000     
 ----------The Max Residuals are--------  ---Mesh---           1
    0.8632693576E-03    0.8664249280E-03    0.5084500151E-03    0.4574266621E-19    0.7847182955E-03
   The R.M.S Residuals are 
    0.4354010869E-04    0.4304654018E-04    0.2120597481E-04    0.4729346472E-20    0.3628383393E-04
 CPU wall time in this step:  0.10500295800000004     
 Averaged CPU wall time is:  0.11649361224793388     
   DBG iter           1  maxU2=   30.000000000000000       maxFi=   2.9962675820423487E-002  maxFj=   6.4860040371804040E-002  Fi(21,1,1)=   0.0000000000000000       Fi(21,21,1)=   0.0000000000000000       Fi(41,21,1)=   0.0000000000000000     
   DBG div max=   1.8570356670054414E-002  res_p=   1.8570356670054414E-002
   SIMPLE iter           1  res_p=   1.8570356670054414E-002  u(1,1,1)=  -4.1648183746624580E-002  p(1,1,1)=   27313.859743173300     
   DBG iter           2  maxU2=   30.000000000000000       maxFi=   1.0561518055366620E-002  maxFj=   1.6423701554612632E-002  Fi(21,1,1)=   0.0000000000000000       Fi(21,21,1)=   0.0000000000000000       Fi(41,21,1)=   0.0000000000000000     
   DBG div max=   9.4095007459240355E-003  res_p=   9.4095007459240355E-003
   SIMPLE iter           2  res_p=   9.4095007459240355E-003  u(1,1,1)= -0.18088734846218063       p(1,1,1)=   27313.964075761291     
   DBG iter           3  maxU2=   30.000000000000000       maxFi=   7.8458371253792656E-003  maxFj=   4.6029380674951735E-002  Fi(21,1,1)=   0.0000000000000000       Fi(21,21,1)=   0.0000000000000000       Fi(41,21,1)=   0.0000000000000000     
   DBG div max=   8.7605765693713616E-003  res_p=   8.7605765693713616E-003
   SIMPLE iter           3  res_p=   8.7605765693713616E-003  u(1,1,1)= -0.19524803075668154       p(1,1,1)=   27313.963489978312     
   SIMPLE iter           4  res_p=   4.8147813083987689E-003  u(1,1,1)= -0.16621886348304493       p(1,1,1)=   27313.967362057843     
   SIMPLE iter           5  res_p=   5.1920658915116970E-003  u(1,1,1)= -0.15330091417336431       p(1,1,1)=   27313.975709714490     
 DEBUG T iter          50 min   300.02828700364182      max   871.09176033390941     
 Low-speed solver Block           1  SIMPLE iterations:          61  res_p:   1.7806551608778171E-004
 --------------Force and Moment -----------------------------
 Total Force Coefficient (CL, CD, CS) =
  -1.5353083215218010E-002   1.3856892086081398E-002   2.7598048891055220E-021
 Total Moment Coefficient(CMx, CMy, CMz)=
   3.8382708038045017E-003   3.4642230215203495E-003  -7.1082243601126444E-003
 Kstep, t=         122   122.00000000000000     
 ----------The Max Residuals are--------  ---Mesh---           1
    0.8864773934E-03    0.8939317074E-03    0.5197371394E-03    0.4065732398E-19    0.7824085755E-03
   The R.M.S Residuals are 
    0.4346944676E-04    0.4291911233E-04    0.2126055015E-04    0.4591103753E-20    0.3621200917E-04
 CPU wall time in this step:  0.10303215400000099     
 Averaged CPU wall time is:  0.11638327242622952     
   DBG iter           1  maxU2=   30.000000000000000       maxFi=   2.9962675820423529E-002  maxFj=   6.4860040371804054E-002  Fi(21,1,1)=   0.0000000000000000       Fi(21,21,1)=   0.0000000000000000       Fi(41,21,1)=   0.0000000000000000     
   DBG div max=   1.8570356670054383E-002  res_p=   1.8570356670054383E-002
   SIMPLE iter           1  res_p=   1.8570356670054383E-002  u(1,1,1)=  -4.1648183746624677E-002  p(1,1,1)=   27313.859743173300     
   DBG iter           2  maxU2=   30.000000000000000       maxFi=   1.0561518055367099E-002  maxFj=   1.6423701554612619E-002  Fi(21,1,1)=   0.0000000000000000       Fi(21,21,1)=   0.0000000000000000       Fi(41,21,1)=   0.0000000000000000     
   DBG div max=   9.4095007459244363E-003  res_p=   9.4095007459244363E-003
   SIMPLE iter           2  res_p=   9.4095007459244363E-003  u(1,1,1)= -0.18088734846218046       p(1,1,1)=   27313.964075761291     
   DBG iter           3  maxU2=   30.000000000000000       maxFi=   7.8458371253794530E-003  maxFj=   4.6029380674951298E-002  Fi(21,1,1)=   0.0000000000000000       Fi(21,21,1)=   0.0000000000000000       Fi(41,21,1)=   0.0000000000000000     
   DBG div max=   8.7605765693713616E-003  res_p=   8.7605765693713616E-003
   SIMPLE iter           3  res_p=   8.7605765693713616E-003  u(1,1,1)= -0.19524803075668140       p(1,1,1)=   27313.963489978312     
   SIMPLE iter           4  res_p=   4.8147813083987724E-003  u(1,1,1)= -0.16621886348304521       p(1,1,1)=   27313.967362057843     
   SIMPLE iter           5  res_p=   5.1920658915125088E-003  u(1,1,1)= -0.15330091417336442       p(1,1,1)=   27313.975709714490     
 DEBUG T iter          50 min   300.02814469501573      max   868.28097474572837     
 Low-speed solver Block           1  SIMPLE iterations:          61  res_p:   1.7806551608778518E-004
 --------------Force and Moment -----------------------------
 Total Force Coefficient (CL, CD, CS) =
  -1.5240707854678629E-002   1.3768327332005672E-002   2.4556735890773711E-021
 Total Moment Coefficient(CMx, CMy, CMz)=
   3.8101769636696573E-003   3.4420818330014179E-003  -7.0561832699541985E-003
 Kstep, t=         123   123.00000000000000     
 ----------The Max Residuals are--------  ---Mesh---           1
    0.9316574375E-03    0.9380540300E-03    0.5191538570E-03    0.4235366119E-19    0.8308023208E-03
   The R.M.S Residuals are 
    0.4337750495E-04    0.4277350266E-04    0.2130446517E-04    0.4564344530E-20    0.3612354564E-04
 CPU wall time in this step:  0.10149724599999921     
 Averaged CPU wall time is:  0.11626224782113821     
   DBG iter           1  maxU2=   30.000000000000000       maxFi=   2.9962675820423529E-002  maxFj=   6.4860040371804054E-002  Fi(21,1,1)=   0.0000000000000000       Fi(21,21,1)=   0.0000000000000000       Fi(41,21,1)=   0.0000000000000000     
   DBG div max=   1.8570356670054383E-002  res_p=   1.8570356670054383E-002
   SIMPLE iter           1  res_p=   1.8570356670054383E-002  u(1,1,1)=  -4.1648183746624615E-002  p(1,1,1)=   27313.859743173300     
   DBG iter           2  maxU2=   30.000000000000000       maxFi=   1.0561518055367102E-002  maxFj=   1.6423701554612615E-002  Fi(21,1,1)=   0.0000000000000000       Fi(21,21,1)=   0.0000000000000000       Fi(41,21,1)=   0.0000000000000000     
   DBG div max=   9.4095007459244415E-003  res_p=   9.4095007459244415E-003
   SIMPLE iter           2  res_p=   9.4095007459244415E-003  u(1,1,1)= -0.18088734846218069       p(1,1,1)=   27313.964075761291     
   DBG iter           3  maxU2=   30.000000000000000       maxFi=   7.8458371253794530E-003  maxFj=   4.6029380674951291E-002  Fi(21,1,1)=   0.0000000000000000       Fi(21,21,1)=   0.0000000000000000       Fi(41,21,1)=   0.0000000000000000     
   DBG div max=   8.7605765693713547E-003  res_p=   8.7605765693713547E-003
   SIMPLE iter           3  res_p=   8.7605765693713547E-003  u(1,1,1)= -0.19524803075668160       p(1,1,1)=   27313.963489978312     
   SIMPLE iter           4  res_p=   4.8147813083987620E-003  u(1,1,1)= -0.16621886348304529       p(1,1,1)=   27313.967362057843     
   SIMPLE iter           5  res_p=   5.1920658915124915E-003  u(1,1,1)= -0.15330091417336439       p(1,1,1)=   27313.975709714490     
 DEBUG T iter          50 min   300.02800356502064      max   865.49440923548082     
 Low-speed solver Block           1  SIMPLE iterations:          61  res_p:   1.7806551608774701E-004
 --------------Force and Moment -----------------------------
 Total Force Coefficient (CL, CD, CS) =
  -1.5129535247288382E-002   1.3680902426143626E-002   2.0255995199525524E-021
 Total Moment Coefficient(CMx, CMy, CMz)=
   3.7823838118220968E-003   3.4202256065359064E-003  -7.0046987763025172E-003
 Kstep, t=         124   124.00000000000000     
 ----------The Max Residuals are--------  ---Mesh---           1
    0.9584492161E-03    0.9631491296E-03    0.5467716270E-03    0.3726979218E-19    0.8633990601E-03
   The R.M.S Residuals are 
    0.4326016408E-04    0.4260577940E-04    0.2133341991E-04    0.4579080415E-20    0.3601456787E-04
 CPU wall time in this step:  0.11164189099999966     
 Averaged CPU wall time is:  0.11622498687903225     
   DBG iter           1  maxU2=   30.000000000000000       maxFi=   2.9962675820423487E-002  maxFj=   6.4860040371804040E-002  Fi(21,1,1)=   0.0000000000000000       Fi(21,21,1)=   0.0000000000000000       Fi(41,21,1)=   0.0000000000000000     
   DBG div max=   1.8570356670054404E-002  res_p=   1.8570356670054404E-002
   SIMPLE iter           1  res_p=   1.8570356670054404E-002  u(1,1,1)=  -4.1648183746624517E-002  p(1,1,1)=   27313.859743173300     
   DBG iter           2  maxU2=   30.000000000000000       maxFi=   1.0561518055366620E-002  maxFj=   1.6423701554612632E-002  Fi(21,1,1)=   0.0000000000000000       Fi(21,21,1)=   0.0000000000000000       Fi(41,21,1)=   0.0000000000000000     
   DBG div max=   9.4095007459240321E-003  res_p=   9.4095007459240321E-003
   SIMPLE iter           2  res_p=   9.4095007459240321E-003  u(1,1,1)= -0.18088734846218035       p(1,1,1)=   27313.964075761291     
   DBG iter           3  maxU2=   30.000000000000000       maxFi=   7.8458371253792673E-003  maxFj=   4.6029380674951742E-002  Fi(21,1,1)=   0.0000000000000000       Fi(21,21,1)=   0.0000000000000000       Fi(41,21,1)=   0.0000000000000000     
   DBG div max=   8.7605765693713825E-003  res_p=   8.7605765693713825E-003
   SIMPLE iter           3  res_p=   8.7605765693713825E-003  u(1,1,1)= -0.19524803075668140       p(1,1,1)=   27313.963489978312     
   SIMPLE iter           4  res_p=   4.8147813083987724E-003  u(1,1,1)= -0.16621886348304507       p(1,1,1)=   27313.967362057843     
   SIMPLE iter           5  res_p=   5.1920658915117109E-003  u(1,1,1)= -0.15330091417336428       p(1,1,1)=   27313.975709714490     
 DEBUG T iter          50 min   300.02786360297216      max   862.73186769230847     
 Low-speed solver Block           1  SIMPLE iterations:          61  res_p:   1.7806551608778864E-004
 --------------Force and Moment -----------------------------
 Total Force Coefficient (CL, CD, CS) =
  -1.5019554348703541E-002   1.3594595621605386E-002   2.0129553728719552E-021
 Total Moment Coefficient(CMx, CMy, CMz)=
   3.7548885871758839E-003   3.3986489054013466E-003  -6.9537657542590179E-003
 Kstep, t=         125   125.00000000000000     
 ----------The Max Residuals are--------  ---Mesh---           1
    0.9635606690E-03    0.9660716587E-03    0.5715640258E-03    0.4404563732E-19    0.8766922008E-03
   The R.M.S Residuals are 
    0.4311988417E-04    0.4241827148E-04    0.2134989704E-04    0.4677718968E-20    0.3588805050E-04
 CPU wall time in this step:  0.11500498500000056     
 Averaged CPU wall time is:  0.11621522686400000     
   DBG iter           1  maxU2=   30.000000000000000       maxFi=   2.9962675820423529E-002  maxFj=   6.4860040371804067E-002  Fi(21,1,1)=   0.0000000000000000       Fi(21,21,1)=   0.0000000000000000       Fi(41,21,1)=   0.0000000000000000     
   DBG div max=   1.8570356670054383E-002  res_p=   1.8570356670054383E-002
   SIMPLE iter           1  res_p=   1.8570356670054383E-002  u(1,1,1)=  -4.1648183746624629E-002  p(1,1,1)=   27313.859743173300     
   DBG iter           2  maxU2=   30.000000000000000       maxFi=   1.0561518055367107E-002  maxFj=   1.6423701554612612E-002  Fi(21,1,1)=   0.0000000000000000       Fi(21,21,1)=   0.0000000000000000       Fi(41,21,1)=   0.0000000000000000     
   DBG div max=   9.4095007459244345E-003  res_p=   9.4095007459244345E-003
   SIMPLE iter           2  res_p=   9.4095007459244345E-003  u(1,1,1)= -0.18088734846218091       p(1,1,1)=   27313.964075761291     
   DBG iter           3  maxU2=   30.000000000000000       maxFi=   7.8458371253794616E-003  maxFj=   4.6029380674951346E-002  Fi(21,1,1)=   0.0000000000000000       Fi(21,21,1)=   0.0000000000000000       Fi(41,21,1)=   0.0000000000000000     
   DBG div max=   8.7605765693713963E-003  res_p=   8.7605765693713963E-003
   SIMPLE iter           3  res_p=   8.7605765693713963E-003  u(1,1,1)= -0.19524803075668162       p(1,1,1)=   27313.963489978312     
   SIMPLE iter           4  res_p=   4.8147813083987863E-003  u(1,1,1)= -0.16621886348304524       p(1,1,1)=   27313.967362057843     
   SIMPLE iter           5  res_p=   5.1920658915125366E-003  u(1,1,1)= -0.15330091417336444       p(1,1,1)=   27313.975709714490     
 DEBUG T iter          50 min   300.02772479832652      max   859.99315728338013     
 Low-speed solver Block           1  SIMPLE iterations:          61  res_p:   1.7806551608774701E-004
 --------------Force and Moment -----------------------------
 Total Force Coefficient (CL, CD, CS) =
  -1.4910754007292569E-002   1.3509385709190726E-002   1.6525127276159595E-021
 Total Moment Coefficient(CMx, CMy, CMz)=
   3.7276885018231419E-003   3.3773464272976814E-003  -6.9033790287881779E-003
 Kstep, t=         126   126.00000000000000     
 ----------The Max Residuals are--------  ---Mesh---           1
    0.9631368944E-03    0.9706900043E-03    0.5828358148E-03    0.4743489477E-19    0.8682078512E-03
   The R.M.S Residuals are 
    0.4295669342E-04    0.4221102767E-04    0.2135404399E-04    0.4637432460E-20    0.3574348319E-04
 CPU wall time in this step:  0.10433498899999982     
 Averaged CPU wall time is:  0.11612093926190477     
   DBG iter           1  maxU2=   30.000000000000000       maxFi=   2.9962675820423487E-002  maxFj=   6.4860040371804040E-002  Fi(21,1,1)=   0.0000000000000000       Fi(21,21,1)=   0.0000000000000000       Fi(41,21,1)=   0.0000000000000000     
   DBG div max=   1.8570356670054407E-002  res_p=   1.8570356670054407E-002
   SIMPLE iter           1  res_p=   1.8570356670054407E-002  u(1,1,1)=  -4.1648183746624538E-002  p(1,1,1)=   27313.859743173300     
   DBG iter           2  maxU2=   30.000000000000000       maxFi=   1.0561518055366618E-002  maxFj=   1.6423701554612629E-002  Fi(21,1,1)=   0.0000000000000000       Fi(21,21,1)=   0.0000000000000000       Fi(41,21,1)=   0.0000000000000000     
   DBG div max=   9.4095007459240321E-003  res_p=   9.4095007459240321E-003
   SIMPLE iter           2  res_p=   9.4095007459240321E-003  u(1,1,1)= -0.18088734846218080       p(1,1,1)=   27313.964075761291     
   DBG iter           3  maxU2=   30.000000000000000       maxFi=   7.8458371253792691E-003  maxFj=   4.6029380674951756E-002  Fi(21,1,1)=   0.0000000000000000       Fi(21,21,1)=   0.0000000000000000       Fi(41,21,1)=   0.0000000000000000     
   DBG div max=   8.7605765693713825E-003  res_p=   8.7605765693713825E-003
   SIMPLE iter           3  res_p=   8.7605765693713825E-003  u(1,1,1)= -0.19524803075668157       p(1,1,1)=   27313.963489978312     
   SIMPLE iter           4  res_p=   4.8147813083987759E-003  u(1,1,1)= -0.16621886348304499       p(1,1,1)=   27313.967362057843     
   SIMPLE iter           5  res_p=   5.1920658915119017E-003  u(1,1,1)= -0.15330091417336439       p(1,1,1)=   27313.975709714490     
 DEBUG T iter          50 min   300.02758714067454      max   857.27808838712008     
 Low-speed solver Block           1  SIMPLE iterations:          61  res_p:   1.7806551608778518E-004
 --------------Force and Moment -----------------------------
 Total Force Coefficient (CL, CD, CS) =
  -1.4803122968645173E-002   1.3425251999281400E-002   2.0380889603427489E-021
 Total Moment Coefficient(CMx, CMy, CMz)=
   3.7007807421612924E-003   3.3563129998203500E-003  -6.8535333767866862E-003
 Kstep, t=         127   127.00000000000000     
 ----------The Max Residuals are--------  ---Mesh---           1
    0.1022381188E-02    0.1028714201E-02    0.5787379897E-03    0.4234706394E-19    0.9087345488E-03
   The R.M.S Residuals are 
    0.4276615102E-04    0.4197977702E-04    0.2134057010E-04    0.4644316779E-20    0.3557604041E-04
 CPU wall time in this step:  0.10086240500000088     
 Averaged CPU wall time is:  0.11600079332283465     
   DBG iter           1  maxU2=   30.000000000000000       maxFi=   2.9962675820423529E-002  maxFj=   6.4860040371804054E-002  Fi(21,1,1)=   0.0000000000000000       Fi(21,21,1)=   0.0000000000000000       Fi(41,21,1)=   0.0000000000000000     
   DBG div max=   1.8570356670054383E-002  res_p=   1.8570356670054383E-002
   SIMPLE iter           1  res_p=   1.8570356670054383E-002  u(1,1,1)=  -4.1648183746624670E-002  p(1,1,1)=   27313.859743173300     
   DBG iter           2  maxU2=   30.000000000000000       maxFi=   1.0561518055367102E-002  maxFj=   1.6423701554612619E-002  Fi(21,1,1)=   0.0000000000000000       Fi(21,21,1)=   0.0000000000000000       Fi(41,21,1)=   0.0000000000000000     
   DBG div max=   9.4095007459244345E-003  res_p=   9.4095007459244345E-003
   SIMPLE iter           2  res_p=   9.4095007459244345E-003  u(1,1,1)= -0.18088734846218063       p(1,1,1)=   27313.964075761291     
   DBG iter           3  maxU2=   30.000000000000000       maxFi=   7.8458371253794616E-003  maxFj=   4.6029380674951333E-002  Fi(21,1,1)=   0.0000000000000000       Fi(21,21,1)=   0.0000000000000000       Fi(41,21,1)=   0.0000000000000000     
   DBG div max=   8.7605765693713755E-003  res_p=   8.7605765693713755E-003
   SIMPLE iter           3  res_p=   8.7605765693713755E-003  u(1,1,1)= -0.19524803075668146       p(1,1,1)=   27313.963489978312     
   SIMPLE iter           4  res_p=   4.8147813083987794E-003  u(1,1,1)= -0.16621886348304524       p(1,1,1)=   27313.967362057843     
   SIMPLE iter           5  res_p=   5.1920658915125366E-003  u(1,1,1)= -0.15330091417336442       p(1,1,1)=   27313.975709714490     
 DEBUG T iter          50 min   300.02745061973826      max   854.58647453155731     
 Low-speed solver Block           1  SIMPLE iterations:          61  res_p:   1.7806551608774701E-004
 --------------Force and Moment -----------------------------
 Total Force Coefficient (CL, CD, CS) =
  -1.4696649880624102E-002   1.3342174304614523E-002   1.5025779011715556E-021
 Total Moment Coefficient(CMx, CMy, CMz)=
   3.6741624701560264E-003   3.3355435761536307E-003  -6.8042235294033995E-003
 Kstep, t=         128   128.00000000000000     
 ----------The Max Residuals are--------  ---Mesh---           1
    0.1061180133E-02    0.1065444067E-02    0.6015347658E-03    0.5082209397E-19    0.9527332657E-03
   The R.M.S Residuals are 
    0.4255075206E-04    0.4172659466E-04    0.2131100878E-04    0.4562711504E-20    0.3538814956E-04
 CPU wall time in this step:  0.10471393999999989     
 Averaged CPU wall time is:  0.11591261478125001     
   DBG iter           1  maxU2=   30.000000000000000       maxFi=   2.9962675820423487E-002  maxFj=   6.4860040371804040E-002  Fi(21,1,1)=   0.0000000000000000       Fi(21,21,1)=   0.0000000000000000       Fi(41,21,1)=   0.0000000000000000     
   DBG div max=   1.8570356670054418E-002  res_p=   1.8570356670054418E-002
   SIMPLE iter           1  res_p=   1.8570356670054418E-002  u(1,1,1)=  -4.1648183746624531E-002  p(1,1,1)=   27313.859743173300     
   DBG iter           2  maxU2=   30.000000000000000       maxFi=   1.0561518055366618E-002  maxFj=   1.6423701554612636E-002  Fi(21,1,1)=   0.0000000000000000       Fi(21,21,1)=   0.0000000000000000       Fi(41,21,1)=   0.0000000000000000     
   DBG div max=   9.4095007459240321E-003  res_p=   9.4095007459240321E-003
   SIMPLE iter           2  res_p=   9.4095007459240321E-003  u(1,1,1)= -0.18088734846218080       p(1,1,1)=   27313.964075761291     
   DBG iter           3  maxU2=   30.000000000000000       maxFi=   7.8458371253792639E-003  maxFj=   4.6029380674951742E-002  Fi(21,1,1)=   0.0000000000000000       Fi(21,21,1)=   0.0000000000000000       Fi(41,21,1)=   0.0000000000000000     
   DBG div max=   8.7605765693713755E-003  res_p=   8.7605765693713755E-003
   SIMPLE iter           3  res_p=   8.7605765693713755E-003  u(1,1,1)= -0.19524803075668135       p(1,1,1)=   27313.963489978312     
   SIMPLE iter           4  res_p=   4.8147813083987794E-003  u(1,1,1)= -0.16621886348304507       p(1,1,1)=   27313.967362057843     
   SIMPLE iter           5  res_p=   5.1920658915118913E-003  u(1,1,1)= -0.15330091417336433       p(1,1,1)=   27313.975709714490     
 DEBUG T iter          50 min   300.02731522536556      max   851.91813233770119     
 Low-speed solver Block           1  SIMPLE iterations:          61  res_p:   1.7806551608778171E-004
 --------------Force and Moment -----------------------------
 Total Force Coefficient (CL, CD, CS) =
  -1.4591323298895318E-002   1.3260132923883785E-002   2.0538107945858538E-021
 Total Moment Coefficient(CMx, CMy, CMz)=
   3.6478308247238304E-003   3.3150332309709461E-003  -6.7554441745802081E-003
 Kstep, t=         129   129.00000000000000     
 ----------The Max Residuals are--------  ---Mesh---           1
    0.1074110485E-02    0.1075575109E-02    0.6334648081E-03    0.3726993759E-19    0.9737620990E-03
   The R.M.S Residuals are 
    0.4231561585E-04    0.4145659671E-04    0.2127043171E-04    0.4470668317E-20    0.3518491491E-04
 CPU wall time in this step:  0.10324448999999980     
 Averaged CPU wall time is:  0.11581441226356590     
   DBG iter           1  maxU2=   30.000000000000000       maxFi=   2.9962675820423529E-002  maxFj=   6.4860040371804054E-002  Fi(21,1,1)=   0.0000000000000000       Fi(21,21,1)=   0.0000000000000000       Fi(41,21,1)=   0.0000000000000000     
   DBG div max=   1.8570356670054383E-002  res_p=   1.8570356670054383E-002
   SIMPLE iter           1  res_p=   1.8570356670054383E-002  u(1,1,1)=  -4.1648183746624663E-002  p(1,1,1)=   27313.859743173300     
   DBG iter           2  maxU2=   30.000000000000000       maxFi=   1.0561518055367095E-002  maxFj=   1.6423701554612619E-002  Fi(21,1,1)=   0.0000000000000000       Fi(21,21,1)=   0.0000000000000000       Fi(41,21,1)=   0.0000000000000000     
   DBG div max=   9.4095007459244397E-003  res_p=   9.4095007459244397E-003
   SIMPLE iter           2  res_p=   9.4095007459244397E-003  u(1,1,1)= -0.18088734846218069       p(1,1,1)=   27313.964075761291     
   DBG iter           3  maxU2=   30.000000000000000       maxFi=   7.8458371253794564E-003  maxFj=   4.6029380674951291E-002  Fi(21,1,1)=   0.0000000000000000       Fi(21,21,1)=   0.0000000000000000       Fi(41,21,1)=   0.0000000000000000     
   DBG div max=   8.7605765693713616E-003  res_p=   8.7605765693713616E-003
   SIMPLE iter           3  res_p=   8.7605765693713616E-003  u(1,1,1)= -0.19524803075668146       p(1,1,1)=   27313.963489978312     
   SIMPLE iter           4  res_p=   4.8147813083987689E-003  u(1,1,1)= -0.16621886348304526       p(1,1,1)=   27313.967362057843     
   SIMPLE iter           5  res_p=   5.1920658915125158E-003  u(1,1,1)= -0.15330091417336442       p(1,1,1)=   27313.975709714490     
 DEBUG T iter          50 min   300.02718094752578      max   849.27288146793921     
 Low-speed solver Block           1  SIMPLE iterations:          61  res_p:   1.7806551608775048E-004
 --------------Force and Moment -----------------------------
 Total Force Coefficient (CL, CD, CS) =
  -1.4487131692875580E-002   1.3179108626118737E-002   2.1252600709727808E-021
 Total Moment Coefficient(CMx, CMy, CMz)=
   3.6217829232188950E-003   3.2947771565296842E-003  -6.7071899597856231E-003
 Kstep, t=         130   130.00000000000000     
 ----------The Max Residuals are--------  ---Mesh---           1
    0.1057552815E-02    0.1055712743E-02    0.6488721983E-03    0.2964976359E-19    0.9677097962E-03
   The R.M.S Residuals are 
    0.4205828781E-04    0.4116798801E-04    0.2121571050E-04    0.4533414811E-20    0.3496378936E-04
 write flow3d.dat ......
 write flow3d.dat OK
 write VTK files ......
 write VTK files OK
 CPU wall time in this step:  0.19407258899999924     
 Averaged CPU wall time is:  0.11641639823846153     
   DBG iter           1  maxU2=   30.000000000000000       maxFi=   2.9962675820423494E-002  maxFj=   6.4860040371804040E-002  Fi(21,1,1)=   0.0000000000000000       Fi(21,21,1)=   0.0000000000000000       Fi(41,21,1)=   0.0000000000000000     
   DBG div max=   1.8570356670054404E-002  res_p=   1.8570356670054404E-002
   SIMPLE iter           1  res_p=   1.8570356670054404E-002  u(1,1,1)=  -4.1648183746624531E-002  p(1,1,1)=   27313.859743173300     
   DBG iter           2  maxU2=   30.000000000000000       maxFi=   1.0561518055366615E-002  maxFj=   1.6423701554612636E-002  Fi(21,1,1)=   0.0000000000000000       Fi(21,21,1)=   0.0000000000000000       Fi(41,21,1)=   0.0000000000000000     
   DBG div max=   9.4095007459240338E-003  res_p=   9.4095007459240338E-003
   SIMPLE iter           2  res_p=   9.4095007459240338E-003  u(1,1,1)= -0.18088734846218035       p(1,1,1)=   27313.964075761291     
   DBG iter           3  maxU2=   30.000000000000000       maxFi=   7.8458371253792587E-003  maxFj=   4.6029380674951714E-002  Fi(21,1,1)=   0.0000000000000000       Fi(21,21,1)=   0.0000000000000000       Fi(41,21,1)=   0.0000000000000000     
   DBG div max=   8.7605765693713616E-003  res_p=   8.7605765693713616E-003
   SIMPLE iter           3  res_p=   8.7605765693713616E-003  u(1,1,1)= -0.19524803075668140       p(1,1,1)=   27313.963489978312     
   SIMPLE iter           4  res_p=   4.8147813083987724E-003  u(1,1,1)= -0.16621886348304507       p(1,1,1)=   27313.967362057843     
   SIMPLE iter           5  res_p=   5.1920658915116900E-003  u(1,1,1)= -0.15330091417336433       p(1,1,1)=   27313.975709714490     
 DEBUG T iter          50 min   300.02704777630646      max   846.65054457941335     
 Low-speed solver Block           1  SIMPLE iterations:          61  res_p:   1.7806551608836804E-004
 --------------Force and Moment -----------------------------
 Total Force Coefficient (CL, CD, CS) =
  -1.4384063452040437E-002   1.3099082635795473E-002   2.4687069990175596E-021
 Total Moment Coefficient(CMx, CMy, CMz)=
   3.5960158630101106E-003   3.2747706589488683E-003  -6.6594554949146786E-003
 Kstep, t=         131   131.00000000000000     
 ----------The Max Residuals are--------  ---Mesh---           1
    0.1088843297E-02    0.1093726227E-02    0.6452390008E-03    0.6776403973E-19    0.9591742002E-03
   The R.M.S Residuals are 
    0.4177418381E-04    0.4085721418E-04    0.2114285150E-04    0.4558459907E-20    0.3472142352E-04
 CPU wall time in this step:  0.10534604300000083     
 Averaged CPU wall time is:  0.11633189170992367     
   DBG iter           1  maxU2=   30.000000000000000       maxFi=   2.9962675820423446E-002  maxFj=   6.4860040371803970E-002  Fi(21,1,1)=   0.0000000000000000       Fi(21,21,1)=   0.0000000000000000       Fi(41,21,1)=   0.0000000000000000     
   DBG div max=   1.8570356670057842E-002  res_p=   1.8570356670057842E-002
   SIMPLE iter           1  res_p=   1.8570356670057842E-002  u(1,1,1)=  -4.1648183746623268E-002  p(1,1,1)=   27313.859743173300     
   DBG iter           2  maxU2=   30.000000000000000       maxFi=   1.0561518055366698E-002  maxFj=   1.6423701554609167E-002  Fi(21,1,1)=   0.0000000000000000       Fi(21,21,1)=   0.0000000000000000       Fi(41,21,1)=   0.0000000000000000     
   DBG div max=   9.4095007459246323E-003  res_p=   9.4095007459246323E-003
   SIMPLE iter           2  res_p=   9.4095007459246323E-003  u(1,1,1)= -0.18088734846218010       p(1,1,1)=   27313.964075761291     
   DBG iter           3  maxU2=   30.000000000000000       maxFi=   7.8458371253791633E-003  maxFj=   4.6029380674951978E-002  Fi(21,1,1)=   0.0000000000000000       Fi(21,21,1)=   0.0000000000000000       Fi(41,21,1)=   0.0000000000000000     
   DBG div max=   8.7605765693716323E-003  res_p=   8.7605765693716323E-003
   SIMPLE iter           3  res_p=   8.7605765693716323E-003  u(1,1,1)= -0.19524803075668129       p(1,1,1)=   27313.963489978312     
   SIMPLE iter           4  res_p=   4.8147813083990187E-003  u(1,1,1)= -0.16621886348304349       p(1,1,1)=   27313.967362057843     
   SIMPLE iter           5  res_p=   5.1920658915118462E-003  u(1,1,1)= -0.15330091417336222       p(1,1,1)=   27313.975709714490     
 DEBUG T iter          50 min   300.02691570190837      max   844.05094728235224     
 Low-speed solver Block           1  SIMPLE iterations:          61  res_p:   1.7806551608775048E-004
 --------------Force and Moment -----------------------------
 Total Force Coefficient (CL, CD, CS) =
  -1.4282106892539229E-002   1.3020036618635092E-002   3.0644560707700941E-021
 Total Moment Coefficient(CMx, CMy, CMz)=
   3.5705267231348086E-003   3.2550091546587729E-003  -6.6122353553303547E-003
 Kstep, t=         132   132.00000000000000     
 ----------The Max Residuals are--------  ---Mesh---           1
    0.1150094377E-02    0.1152683428E-02    0.6383938487E-03    0.3896265366E-19    0.1023217195E-02
   The R.M.S Residuals are 
    0.4146149920E-04    0.4052319853E-04    0.2105340609E-04    0.4457000537E-20    0.3445844886E-04
 CPU wall time in this step:  0.10910273299999851     
 Averaged CPU wall time is:  0.11627712535606061     
   DBG iter           1  maxU2=   30.000000000000000       maxFi=   2.9962675820423473E-002  maxFj=   6.4860040371803956E-002  Fi(21,1,1)=   0.0000000000000000       Fi(21,21,1)=   0.0000000000000000       Fi(41,21,1)=   0.0000000000000000     
   DBG div max=   1.8570356670054401E-002  res_p=   1.8570356670054401E-002
   SIMPLE iter           1  res_p=   1.8570356670054401E-002  u(1,1,1)=  -4.1648183746624379E-002  p(1,1,1)=   27313.859743173300     
   DBG iter           2  maxU2=   30.000000000000000       maxFi=   1.0561518055366660E-002  maxFj=   1.6423701554612587E-002  Fi(21,1,1)=   0.0000000000000000       Fi(21,21,1)=   0.0000000000000000       Fi(41,21,1)=   0.0000000000000000     
   DBG div max=   9.4095007459240234E-003  res_p=   9.4095007459240234E-003
   SIMPLE iter           2  res_p=   9.4095007459240234E-003  u(1,1,1)= -0.18088734846218035       p(1,1,1)=   27313.964075761291     
   DBG iter           3  maxU2=   30.000000000000000       maxFi=   7.8458371253793124E-003  maxFj=   4.6029380674951853E-002  Fi(21,1,1)=   0.0000000000000000       Fi(21,21,1)=   0.0000000000000000       Fi(41,21,1)=   0.0000000000000000     
   DBG div max=   8.7605765693715698E-003  res_p=   8.7605765693715698E-003
   SIMPLE iter           3  res_p=   8.7605765693715698E-003  u(1,1,1)= -0.19524803075668137       p(1,1,1)=   27313.963489978312     
   SIMPLE iter           4  res_p=   4.8147813083989979E-003  u(1,1,1)= -0.16621886348304490       p(1,1,1)=   27313.967362057843     
   SIMPLE iter           5  res_p=   5.1920658915120058E-003  u(1,1,1)= -0.15330091417336417       p(1,1,1)=   27313.975709714490     
 DEBUG T iter          50 min   300.02678471464270      max   841.47391810335762     
 Low-speed solver Block           1  SIMPLE iterations:          61  res_p:   1.7806551608775048E-004
 --------------Force and Moment -----------------------------
 Total Force Coefficient (CL, CD, CS) =
  -1.4181250264066889E-002   1.2941952668049060E-002   2.5829252056316640E-021
 Total Moment Coefficient(CMx, CMy, CMz)=
   3.5453125660167219E-003   3.2354881670122650E-003  -6.5655240850233040E-003
 Kstep, t=         133   133.00000000000000     
 ----------The Max Residuals are--------  ---Mesh---           1
    0.1183411102E-02    0.1182615701E-02    0.6836447622E-03    0.8809160665E-19    0.1062799378E-02
   The R.M.S Residuals are 
    0.4112582292E-04    0.4017479620E-04    0.2094666999E-04    0.4527834616E-20    0.3418306621E-04
 CPU wall time in this step:  0.11019298300000102     
 Averaged CPU wall time is:  0.11623137992481203     
   DBG iter           1  maxU2=   30.000000000000000       maxFi=   2.9962675820423473E-002  maxFj=   6.4860040371803970E-002  Fi(21,1,1)=   0.0000000000000000       Fi(21,21,1)=   0.0000000000000000       Fi(41,21,1)=   0.0000000000000000     
   DBG div max=   1.8570356670054407E-002  res_p=   1.8570356670054407E-002
   SIMPLE iter           1  res_p=   1.8570356670054407E-002  u(1,1,1)=  -4.1648183746624573E-002  p(1,1,1)=   27313.859743173300     
   DBG iter           2  maxU2=   30.000000000000000       maxFi=   1.0561518055366662E-002  maxFj=   1.6423701554612605E-002  Fi(21,1,1)=   0.0000000000000000       Fi(21,21,1)=   0.0000000000000000       Fi(41,21,1)=   0.0000000000000000     
   DBG div max=   9.4095007459240199E-003  res_p=   9.4095007459240199E-003
   SIMPLE iter           2  res_p=   9.4095007459240199E-003  u(1,1,1)= -0.18088734846218057       p(1,1,1)=   27313.964075761291     
   DBG iter           3  maxU2=   30.000000000000000       maxFi=   7.8458371253793072E-003  maxFj=   4.6029380674951867E-002  Fi(21,1,1)=   0.0000000000000000       Fi(21,21,1)=   0.0000000000000000       Fi(41,21,1)=   0.0000000000000000     
   DBG div max=   8.7605765693715629E-003  res_p=   8.7605765693715629E-003
   SIMPLE iter           3  res_p=   8.7605765693715629E-003  u(1,1,1)= -0.19524803075668137       p(1,1,1)=   27313.963489978312     
   SIMPLE iter           4  res_p=   4.8147813083990014E-003  u(1,1,1)= -0.16621886348304499       p(1,1,1)=   27313.967362057843     
   SIMPLE iter           5  res_p=   5.1920658915120058E-003  u(1,1,1)= -0.15330091417336422       p(1,1,1)=   27313.975709714490     
 DEBUG T iter          50 min   300.02665480492647      max   838.91928845363145     
 Low-speed solver Block           1  SIMPLE iterations:          61  res_p:   1.7806551608778864E-004
 --------------Force and Moment -----------------------------
 Total Force Coefficient (CL, CD, CS) =
  -1.4081481756946032E-002   1.2864813292193114E-002   2.6848477606989547E-021
 Total Moment Coefficient(CMx, CMy, CMz)=
   3.5203704392365079E-003   3.2162033230482786E-003  -6.5193161998682789E-003
 Kstep, t=         134   134.00000000000000     
 ----------The Max Residuals are--------  ---Mesh---           1
    0.1182371039E-02    0.1177275854E-02    0.7108111140E-03    0.5082379922E-19    0.1071162365E-02
   The R.M.S Residuals are 
    0.4076191775E-04    0.3980279179E-04    0.2081817808E-04    0.4331018946E-20    0.3388383710E-04
 CPU wall time in this step:  0.11330745000000064     
 Averaged CPU wall time is:  0.11620955955223881     
   DBG iter           1  maxU2=   30.000000000000000       maxFi=   2.9962675820423529E-002  maxFj=   6.4860040371804067E-002  Fi(21,1,1)=   0.0000000000000000       Fi(21,21,1)=   0.0000000000000000       Fi(41,21,1)=   0.0000000000000000     
   DBG div max=   1.8570356670054387E-002  res_p=   1.8570356670054387E-002
   SIMPLE iter           1  res_p=   1.8570356670054387E-002  u(1,1,1)=  -4.1648183746624670E-002  p(1,1,1)=   27313.859743173300     
   DBG iter           2  maxU2=   30.000000000000000       maxFi=   1.0561518055367102E-002  maxFj=   1.6423701554612615E-002  Fi(21,1,1)=   0.0000000000000000       Fi(21,21,1)=   0.0000000000000000       Fi(41,21,1)=   0.0000000000000000     
   DBG div max=   9.4095007459244415E-003  res_p=   9.4095007459244415E-003
   SIMPLE iter           2  res_p=   9.4095007459244415E-003  u(1,1,1)= -0.18088734846218046       p(1,1,1)=   27313.964075761291     
   DBG iter           3  maxU2=   30.000000000000000       maxFi=   7.8458371253794582E-003  maxFj=   4.6029380674951305E-002  Fi(21,1,1)=   0.0000000000000000       Fi(21,21,1)=   0.0000000000000000       Fi(41,21,1)=   0.0000000000000000     
   DBG div max=   8.7605765693713547E-003  res_p=   8.7605765693713547E-003
   SIMPLE iter           3  res_p=   8.7605765693713547E-003  u(1,1,1)= -0.19524803075668140       p(1,1,1)=   27313.963489978312     
   SIMPLE iter           4  res_p=   4.8147813083987689E-003  u(1,1,1)= -0.16621886348304524       p(1,1,1)=   27313.967362057843     
   SIMPLE iter           5  res_p=   5.1920658915125158E-003  u(1,1,1)= -0.15330091417336436       p(1,1,1)=   27313.975709714490     
 DEBUG T iter          50 min   300.02652596328039      max   836.38689260215892     
 Low-speed solver Block           1  SIMPLE iterations:          61  res_p:   1.7806551608775048E-004
 --------------Force and Moment -----------------------------
 Total Force Coefficient (CL, CD, CS) =
  -1.3982789509375815E-002   1.2788601401593963E-002   3.2835601984309238E-021
 Total Moment Coefficient(CMx, CMy, CMz)=
   3.4956973773439546E-003   3.1971503503984908E-003  -6.4736061909570694E-003
 Kstep, t=         135   135.00000000000000     
 ----------The Max Residuals are--------  ---Mesh---           1
    0.1144283616E-02    0.1134279714E-02    0.7160411308E-03    0.4574184710E-19    0.1044833077E-02
   The R.M.S Residuals are 
    0.4038107292E-04    0.3941619821E-04    0.2067421096E-04    0.4415479399E-20    0.3356926936E-04
 CPU wall time in this step:  0.10737136899999911     
 Averaged CPU wall time is:  0.11614409147407408     
   DBG iter           1  maxU2=   30.000000000000000       maxFi=   2.9962675820423487E-002  maxFj=   6.4860040371804040E-002  Fi(21,1,1)=   0.0000000000000000       Fi(21,21,1)=   0.0000000000000000       Fi(41,21,1)=   0.0000000000000000     
   DBG div max=   1.8570356670054404E-002  res_p=   1.8570356670054404E-002
   SIMPLE iter           1  res_p=   1.8570356670054404E-002  u(1,1,1)=  -4.1648183746624552E-002  p(1,1,1)=   27313.859743173300     
   DBG iter           2  maxU2=   30.000000000000000       maxFi=   1.0561518055366620E-002  maxFj=   1.6423701554612629E-002  Fi(21,1,1)=   0.0000000000000000       Fi(21,21,1)=   0.0000000000000000       Fi(41,21,1)=   0.0000000000000000     
   DBG div max=   9.4095007459240303E-003  res_p=   9.4095007459240303E-003
   SIMPLE iter           2  res_p=   9.4095007459240303E-003  u(1,1,1)= -0.18088734846218085       p(1,1,1)=   27313.964075761291     
   DBG iter           3  maxU2=   30.000000000000000       maxFi=   7.8458371253792639E-003  maxFj=   4.6029380674951756E-002  Fi(21,1,1)=   0.0000000000000000       Fi(21,21,1)=   0.0000000000000000       Fi(41,21,1)=   0.0000000000000000     
   DBG div max=   8.7605765693713825E-003  res_p=   8.7605765693713825E-003
   SIMPLE iter           3  res_p=   8.7605765693713825E-003  u(1,1,1)= -0.19524803075668154       p(1,1,1)=   27313.963489978312     
   SIMPLE iter           4  res_p=   4.8147813083987689E-003  u(1,1,1)= -0.16621886348304518       p(1,1,1)=   27313.967362057843     
   SIMPLE iter           5  res_p=   5.1920658915116970E-003  u(1,1,1)= -0.15330091417336439       p(1,1,1)=   27313.975709714490     
 DEBUG T iter          50 min   300.02639818032412      max   833.87656765383940     
 Low-speed solver Block           1  SIMPLE iterations:          61  res_p:   1.7806551608836110E-004
 --------------Force and Moment -----------------------------
 Total Force Coefficient (CL, CD, CS) =
  -1.3885161614807229E-002   1.2713300297315117E-002   3.1013014045276373E-021
 Total Moment Coefficient(CMx, CMy, CMz)=
   3.4712904037018082E-003   3.1783250743287793E-003  -6.4283885279891543E-003
 Kstep, t=         136   136.00000000000000     
 ----------The Max Residuals are--------  ---Mesh---           1
    0.1188130942E-02    0.1186259482E-02    0.6985199070E-03    0.5929530645E-19    0.1039631700E-02
   The R.M.S Residuals are 
    0.3999076768E-04    0.3902162517E-04    0.2052574846E-04    0.4372164624E-20    0.3324924741E-04
 CPU wall time in this step:  0.10930080199999992     
 Averaged CPU wall time is:  0.11609377316911765     
   DBG iter           1  maxU2=   30.000000000000000       maxFi=   2.9962675820423446E-002  maxFj=   6.4860040371803970E-002  Fi(21,1,1)=   0.0000000000000000       Fi(21,21,1)=   0.0000000000000000       Fi(41,21,1)=   0.0000000000000000     
   DBG div max=   1.8570356670057839E-002  res_p=   1.8570356670057839E-002
   SIMPLE iter           1  res_p=   1.8570356670057839E-002  u(1,1,1)=  -4.1648183746623380E-002  p(1,1,1)=   27313.859743173300     
   DBG iter           2  maxU2=   30.000000000000000       maxFi=   1.0561518055366689E-002  maxFj=   1.6423701554609177E-002  Fi(21,1,1)=   0.0000000000000000       Fi(21,21,1)=   0.0000000000000000       Fi(41,21,1)=   0.0000000000000000     
   DBG div max=   9.4095007459246323E-003  res_p=   9.4095007459246323E-003
   SIMPLE iter           2  res_p=   9.4095007459246323E-003  u(1,1,1)= -0.18088734846217999       p(1,1,1)=   27313.964075761291     
   DBG iter           3  maxU2=   30.000000000000000       maxFi=   7.8458371253791424E-003  maxFj=   4.6029380674951909E-002  Fi(21,1,1)=   0.0000000000000000       Fi(21,21,1)=   0.0000000000000000       Fi(41,21,1)=   0.0000000000000000     
   DBG div max=   8.7605765693715976E-003  res_p=   8.7605765693715976E-003
   SIMPLE iter           3  res_p=   8.7605765693715976E-003  u(1,1,1)= -0.19524803075668118       p(1,1,1)=   27313.963489978312     
   SIMPLE iter           4  res_p=   4.8147813083989979E-003  u(1,1,1)= -0.16621886348304343       p(1,1,1)=   27313.967362057843     
   SIMPLE iter           5  res_p=   5.1920658915118149E-003  u(1,1,1)= -0.15330091417336220       p(1,1,1)=   27313.975709714490     
 DEBUG T iter          50 min   300.02627144677467      max   831.38815353259452     
 Low-speed solver Block           1  SIMPLE iterations:          61  res_p:   1.7806551608775048E-004
 --------------Force and Moment -----------------------------
 Total Force Coefficient (CL, CD, CS) =
  -1.3788586129407341E-002   1.2638893659630616E-002   2.5619523883903644E-021
 Total Moment Coefficient(CMx, CMy, CMz)=
   3.4471465323518335E-003   3.1597234149076539E-003  -6.3836576627027131E-003
 Kstep, t=         137   137.00000000000000     
 ----------The Max Residuals are--------  ---Mesh---           1
    0.1257215758E-02    0.1251645986E-02    0.6992124626E-03    0.5082330969E-19    0.1110242964E-02
   The R.M.S Residuals are 
    0.3957724260E-04    0.3860616100E-04    0.2036876791E-04    0.4307392344E-20    0.3291310411E-04
 CPU wall time in this step:  0.10665327899999966     
 Averaged CPU wall time is:  0.11602486445255474     
   DBG iter           1  maxU2=   30.000000000000000       maxFi=   2.9962675820423473E-002  maxFj=   6.4860040371803970E-002  Fi(21,1,1)=   0.0000000000000000       Fi(21,21,1)=   0.0000000000000000       Fi(41,21,1)=   0.0000000000000000     
   DBG div max=   1.8570356670054404E-002  res_p=   1.8570356670054404E-002
   SIMPLE iter           1  res_p=   1.8570356670054404E-002  u(1,1,1)=  -4.1648183746624413E-002  p(1,1,1)=   27313.859743173300     
   DBG iter           2  maxU2=   30.000000000000000       maxFi=   1.0561518055366660E-002  maxFj=   1.6423701554612591E-002  Fi(21,1,1)=   0.0000000000000000       Fi(21,21,1)=   0.0000000000000000       Fi(41,21,1)=   0.0000000000000000     
   DBG div max=   9.4095007459240182E-003  res_p=   9.4095007459240182E-003
   SIMPLE iter           2  res_p=   9.4095007459240182E-003  u(1,1,1)= -0.18088734846218038       p(1,1,1)=   27313.964075761291     
   DBG iter           3  maxU2=   30.000000000000000       maxFi=   7.8458371253793176E-003  maxFj=   4.6029380674951874E-002  Fi(21,1,1)=   0.0000000000000000       Fi(21,21,1)=   0.0000000000000000       Fi(41,21,1)=   0.0000000000000000     
   DBG div max=   8.7605765693715906E-003  res_p=   8.7605765693715906E-003
   SIMPLE iter           3  res_p=   8.7605765693715906E-003  u(1,1,1)= -0.19524803075668140       p(1,1,1)=   27313.963489978312     
   SIMPLE iter           4  res_p=   4.8147813083989979E-003  u(1,1,1)= -0.16621886348304502       p(1,1,1)=   27313.967362057843     
   SIMPLE iter           5  res_p=   5.1920658915120162E-003  u(1,1,1)= -0.15330091417336417       p(1,1,1)=   27313.975709714490     
 DEBUG T iter          50 min   300.02614575344205      max   828.92149296947184     
 Low-speed solver Block           1  SIMPLE iterations:          61  res_p:   1.7806551608778518E-004
 --------------Force and Moment -----------------------------
 Total Force Coefficient (CL, CD, CS) =
  -1.3693051079577950E-002   1.2565365537176992E-002   2.7759180557522371E-021
 Total Moment Coefficient(CMx, CMy, CMz)=
   3.4232627698944883E-003   3.1413413842942481E-003  -6.3394080323298293E-003
 Kstep, t=         138   138.00000000000000     
 ----------The Max Residuals are--------  ---Mesh---           1
    0.1292378410E-02    0.1281751375E-02    0.7477842029E-03    0.4404568095E-19    0.1150844026E-02
   The R.M.S Residuals are 
    0.3912143012E-04    0.3815269189E-04    0.2018889429E-04    0.4215967429E-20    0.3254262037E-04
 CPU wall time in this step:  0.11609282000000043     
 Averaged CPU wall time is:  0.11602535688405798     
   DBG iter           1  maxU2=   30.000000000000000       maxFi=   2.9962675820423525E-002  maxFj=   6.4860040371804067E-002  Fi(21,1,1)=   0.0000000000000000       Fi(21,21,1)=   0.0000000000000000       Fi(41,21,1)=   0.0000000000000000     
   DBG div max=   1.8570356670054383E-002  res_p=   1.8570356670054383E-002
   SIMPLE iter           1  res_p=   1.8570356670054383E-002  u(1,1,1)=  -4.1648183746624622E-002  p(1,1,1)=   27313.859743173300     
   DBG iter           2  maxU2=   30.000000000000000       maxFi=   1.0561518055367106E-002  maxFj=   1.6423701554612619E-002  Fi(21,1,1)=   0.0000000000000000       Fi(21,21,1)=   0.0000000000000000       Fi(41,21,1)=   0.0000000000000000     
   DBG div max=   9.4095007459244415E-003  res_p=   9.4095007459244415E-003
   SIMPLE iter           2  res_p=   9.4095007459244415E-003  u(1,1,1)= -0.18088734846218041       p(1,1,1)=   27313.964075761291     
   DBG iter           3  maxU2=   30.000000000000000       maxFi=   7.8458371253794599E-003  maxFj=   4.6029380674951340E-002  Fi(21,1,1)=   0.0000000000000000       Fi(21,21,1)=   0.0000000000000000       Fi(41,21,1)=   0.0000000000000000     
   DBG div max=   8.7605765693713825E-003  res_p=   8.7605765693713825E-003
   SIMPLE iter           3  res_p=   8.7605765693713825E-003  u(1,1,1)= -0.19524803075668140       p(1,1,1)=   27313.963489978312     
   SIMPLE iter           4  res_p=   4.8147813083987794E-003  u(1,1,1)= -0.16621886348304521       p(1,1,1)=   27313.967362057843     
   SIMPLE iter           5  res_p=   5.1920658915125192E-003  u(1,1,1)= -0.15330091417336433       p(1,1,1)=   27313.975709714490     
 DEBUG T iter          50 min   300.02602109122756      max   826.47643149577129     
 Low-speed solver Block           1  SIMPLE iterations:          61  res_p:   1.7806551608774701E-004
 --------------Force and Moment -----------------------------
 Total Force Coefficient (CL, CD, CS) =
  -1.3598544469496890E-002   1.2492700336556219E-002   2.4755290589507686E-021
 Total Moment Coefficient(CMx, CMy, CMz)=
   3.3996361173742225E-003   3.1231750841390548E-003  -6.2956340630610187E-003
 Kstep, t=         139   139.00000000000000     
 ----------The Max Residuals are--------  ---Mesh---           1
    0.1286540476E-02    0.1269707898E-02    0.7744900747E-03    0.4743484994E-19    0.1153954344E-02
   The R.M.S Residuals are 
    0.3862314392E-04    0.3766280700E-04    0.1997804118E-04    0.4262503658E-20    0.3213422535E-04
 CPU wall time in this step:  0.10948164699999907     
 Averaged CPU wall time is:  0.11597827983453236     
   DBG iter           1  maxU2=   30.000000000000000       maxFi=   2.9962675820423487E-002  maxFj=   6.4860040371804054E-002  Fi(21,1,1)=   0.0000000000000000       Fi(21,21,1)=   0.0000000000000000       Fi(41,21,1)=   0.0000000000000000     
   DBG div max=   1.8570356670054414E-002  res_p=   1.8570356670054414E-002
   SIMPLE iter           1  res_p=   1.8570356670054414E-002  u(1,1,1)=  -4.1648183746624538E-002  p(1,1,1)=   27313.859743173300     
   DBG iter           2  maxU2=   30.000000000000000       maxFi=   1.0561518055366616E-002  maxFj=   1.6423701554612632E-002  Fi(21,1,1)=   0.0000000000000000       Fi(21,21,1)=   0.0000000000000000       Fi(41,21,1)=   0.0000000000000000     
   DBG div max=   9.4095007459240321E-003  res_p=   9.4095007459240321E-003
   SIMPLE iter           2  res_p=   9.4095007459240321E-003  u(1,1,1)= -0.18088734846218080       p(1,1,1)=   27313.964075761291     
   DBG iter           3  maxU2=   30.000000000000000       maxFi=   7.8458371253792604E-003  maxFj=   4.6029380674951728E-002  Fi(21,1,1)=   0.0000000000000000       Fi(21,21,1)=   0.0000000000000000       Fi(41,21,1)=   0.0000000000000000     
   DBG div max=   8.7605765693713686E-003  res_p=   8.7605765693713686E-003
   SIMPLE iter           3  res_p=   8.7605765693713686E-003  u(1,1,1)= -0.19524803075668137       p(1,1,1)=   27313.963489978312     
   SIMPLE iter           4  res_p=   4.8147813083987724E-003  u(1,1,1)= -0.16621886348304510       p(1,1,1)=   27313.967362057843     
   SIMPLE iter           5  res_p=   5.1920658915117004E-003  u(1,1,1)= -0.15330091417336433       p(1,1,1)=   27313.975709714490     
 DEBUG T iter          50 min   300.02589745112078      max   824.05281744122362     
 Low-speed solver Block           1  SIMPLE iterations:          61  res_p:   1.7806551608778518E-004
 --------------Force and Moment -----------------------------
 Total Force Coefficient (CL, CD, CS) =
  -1.3505054288652516E-002   1.2420882812363684E-002   2.5023314052773914E-021
 Total Moment Coefficient(CMx, CMy, CMz)=
   3.3762635721631276E-003   3.1052207030909211E-003  -6.2523301735053650E-003
 Kstep, t=         140   140.00000000000000     
 ----------The Max Residuals are--------  ---Mesh---           1
    0.1238311447E-02    0.1214572156E-02    0.7759823065E-03    0.4065725189E-19    0.1117291862E-02
   The R.M.S Residuals are 
    0.3810101132E-04    0.3715727738E-04    0.1974251786E-04    0.4090219574E-20    0.3170558477E-04
 write flow3d.dat ......
 write flow3d.dat OK
 write VTK files ......
 write VTK files OK
 CPU wall time in this step:  0.18839392799999999     
 Averaged CPU wall time is:  0.11649553446428570     
   DBG iter           1  maxU2=   30.000000000000000       maxFi=   2.9962675820423525E-002  maxFj=   6.4860040371804054E-002  Fi(21,1,1)=   0.0000000000000000       Fi(21,21,1)=   0.0000000000000000       Fi(41,21,1)=   0.0000000000000000     
   DBG div max=   1.8570356670054383E-002  res_p=   1.8570356670054383E-002
   SIMPLE iter           1  res_p=   1.8570356670054383E-002  u(1,1,1)=  -4.1648183746624622E-002  p(1,1,1)=   27313.859743173300     
   DBG iter           2  maxU2=   30.000000000000000       maxFi=   1.0561518055367104E-002  maxFj=   1.6423701554612612E-002  Fi(21,1,1)=   0.0000000000000000       Fi(21,21,1)=   0.0000000000000000       Fi(41,21,1)=   0.0000000000000000     
   DBG div max=   9.4095007459244380E-003  res_p=   9.4095007459244380E-003
   SIMPLE iter           2  res_p=   9.4095007459244380E-003  u(1,1,1)= -0.18088734846218044       p(1,1,1)=   27313.964075761291     
   DBG iter           3  maxU2=   30.000000000000000       maxFi=   7.8458371253794599E-003  maxFj=   4.6029380674951333E-002  Fi(21,1,1)=   0.0000000000000000       Fi(21,21,1)=   0.0000000000000000       Fi(41,21,1)=   0.0000000000000000     
   DBG div max=   8.7605765693713825E-003  res_p=   8.7605765693713825E-003
   SIMPLE iter           3  res_p=   8.7605765693713825E-003  u(1,1,1)= -0.19524803075668143       p(1,1,1)=   27313.963489978312     
   SIMPLE iter           4  res_p=   4.8147813083987724E-003  u(1,1,1)= -0.16621886348304515       p(1,1,1)=   27313.967362057843     
   SIMPLE iter           5  res_p=   5.1920658915125296E-003  u(1,1,1)= -0.15330091417336433       p(1,1,1)=   27313.975709714490     
 DEBUG T iter          50 min   300.02577482419667      max   821.65050193726961     
 Low-speed solver Block           1  SIMPLE iterations:          61  res_p:   1.7806551608774701E-004
 --------------Force and Moment -----------------------------
 Total Force Coefficient (CL, CD, CS) =
  -1.3412568519345046E-002   1.2349898057617281E-002   2.5140194643961341E-021
 Total Moment Coefficient(CMx, CMy, CMz)=
   3.3531421298362615E-003   3.0874745144043201E-003  -6.2094907781337239E-003
 Kstep, t=         141   141.00000000000000     
 ----------The Max Residuals are--------  ---Mesh---           1
    0.1227222638E-02    0.1213567957E-02    0.7521127491E-03    0.3388198997E-19    0.1055955270E-02
   The R.M.S Residuals are 
    0.3757909122E-04    0.3665944645E-04    0.1949677032E-04    0.4181366922E-20    0.3128033265E-04
 CPU wall time in this step:  0.10421794400000195     
 Averaged CPU wall time is:  0.11640845935460993     
   DBG iter           1  maxU2=   30.000000000000000       maxFi=   2.9962675820423487E-002  maxFj=   6.4860040371804040E-002  Fi(21,1,1)=   0.0000000000000000       Fi(21,21,1)=   0.0000000000000000       Fi(41,21,1)=   0.0000000000000000     
   DBG div max=   1.8570356670054407E-002  res_p=   1.8570356670054407E-002
   SIMPLE iter           1  res_p=   1.8570356670054407E-002  u(1,1,1)=  -4.1648183746624594E-002  p(1,1,1)=   27313.859743173300     
   DBG iter           2  maxU2=   30.000000000000000       maxFi=   1.0561518055366620E-002  maxFj=   1.6423701554612632E-002  Fi(21,1,1)=   0.0000000000000000       Fi(21,21,1)=   0.0000000000000000       Fi(41,21,1)=   0.0000000000000000     
   DBG div max=   9.4095007459240303E-003  res_p=   9.4095007459240303E-003
   SIMPLE iter           2  res_p=   9.4095007459240303E-003  u(1,1,1)= -0.18088734846218085       p(1,1,1)=   27313.964075761291     
   DBG iter           3  maxU2=   30.000000000000000       maxFi=   7.8458371253792673E-003  maxFj=   4.6029380674951742E-002  Fi(21,1,1)=   0.0000000000000000       Fi(21,21,1)=   0.0000000000000000       Fi(41,21,1)=   0.0000000000000000     
   DBG div max=   8.7605765693713755E-003  res_p=   8.7605765693713755E-003
   SIMPLE iter           3  res_p=   8.7605765693713755E-003  u(1,1,1)= -0.19524803075668157       p(1,1,1)=   27313.963489978312     
   SIMPLE iter           4  res_p=   4.8147813083987724E-003  u(1,1,1)= -0.16621886348304502       p(1,1,1)=   27313.967362057843     
   SIMPLE iter           5  res_p=   5.1920658915117074E-003  u(1,1,1)= -0.15330091417336442       p(1,1,1)=   27313.975709714490     
 DEBUG T iter          50 min   300.02565320161415      max   819.26933892547368     
 Low-speed solver Block           1  SIMPLE iterations:          61  res_p:   1.7806551608774701E-004
 --------------Force and Moment -----------------------------
 Total Force Coefficient (CL, CD, CS) =
  -1.3321075144130404E-002   1.2279731494564957E-002   3.1007926386786521E-021
 Total Moment Coefficient(CMx, CMy, CMz)=
   3.3302687860326009E-003   3.0699328736412393E-003  -6.1671102906935664E-003
 Kstep, t=         142   142.00000000000000     
 ----------The Max Residuals are--------  ---Mesh---           1
    0.1315554368E-02    0.1296506216E-02    0.7180941550E-03    0.2795098866E-19    0.1141374717E-02
   The R.M.S Residuals are 
    0.3706198553E-04    0.3616999447E-04    0.1924905592E-04    0.4060773723E-20    0.3086407013E-04
 CPU wall time in this step:  0.10426593799999750     
 Averaged CPU wall time is:  0.11632294864084505     
   DBG iter           1  maxU2=   30.000000000000000       maxFi=   2.9962675820423494E-002  maxFj=   6.4860040371804040E-002  Fi(21,1,1)=   0.0000000000000000       Fi(21,21,1)=   0.0000000000000000       Fi(41,21,1)=   0.0000000000000000     
   DBG div max=   1.8570356670054418E-002  res_p=   1.8570356670054418E-002
   SIMPLE iter           1  res_p=   1.8570356670054418E-002  u(1,1,1)=  -4.1648183746624573E-002  p(1,1,1)=   27313.859743173300     
   DBG iter           2  maxU2=   30.000000000000000       maxFi=   1.0561518055366620E-002  maxFj=   1.6423701554612632E-002  Fi(21,1,1)=   0.0000000000000000       Fi(21,21,1)=   0.0000000000000000       Fi(41,21,1)=   0.0000000000000000     
   DBG div max=   9.4095007459240355E-003  res_p=   9.4095007459240355E-003
   SIMPLE iter           2  res_p=   9.4095007459240355E-003  u(1,1,1)= -0.18088734846218088       p(1,1,1)=   27313.964075761291     
   DBG iter           3  maxU2=   30.000000000000000       maxFi=   7.8458371253792639E-003  maxFj=   4.6029380674951721E-002  Fi(21,1,1)=   0.0000000000000000       Fi(21,21,1)=   0.0000000000000000       Fi(41,21,1)=   0.0000000000000000     
   DBG div max=   8.7605765693713547E-003  res_p=   8.7605765693713547E-003
   SIMPLE iter           3  res_p=   8.7605765693713547E-003  u(1,1,1)= -0.19524803075668151       p(1,1,1)=   27313.963489978312     
   SIMPLE iter           4  res_p=   4.8147813083987724E-003  u(1,1,1)= -0.16621886348304513       p(1,1,1)=   27313.967362057843     
   SIMPLE iter           5  res_p=   5.1920658915117039E-003  u(1,1,1)= -0.15330091417336436       p(1,1,1)=   27313.975709714490     
 DEBUG T iter          50 min   300.02553257461261      max   816.90918517111913     
 Low-speed solver Block           1  SIMPLE iterations:          61  res_p:   1.7806551608778171E-004
 --------------Force and Moment -----------------------------
 Total Force Coefficient (CL, CD, CS) =
  -1.3230562153184976E-002   1.2210368865849822E-002   3.1880623839189215E-021
 Total Moment Coefficient(CMx, CMy, CMz)=
   3.3076405382962450E-003   3.0525922164624554E-003  -6.1251831275851536E-003
 Kstep, t=         143   143.00000000000000     
 ----------The Max Residuals are--------  ---Mesh---           1
    0.1369862369E-02    0.1343896854E-02    0.7769170489E-03    0.6776131100E-19    0.1197038819E-02
   The R.M.S Residuals are 
    0.3653403566E-04    0.3566884591E-04    0.1899768027E-04    0.4206802824E-20    0.3044182477E-04
 CPU wall time in this step:  0.10410461300000051     
 Averaged CPU wall time is:  0.11623750573426572     
   DBG iter           1  maxU2=   30.000000000000000       maxFi=   2.9962675820423536E-002  maxFj=   6.4860040371804054E-002  Fi(21,1,1)=   0.0000000000000000       Fi(21,21,1)=   0.0000000000000000       Fi(41,21,1)=   0.0000000000000000     
   DBG div max=   1.8570356670054383E-002  res_p=   1.8570356670054383E-002
   SIMPLE iter           1  res_p=   1.8570356670054383E-002  u(1,1,1)=  -4.1648183746624629E-002  p(1,1,1)=   27313.859743173300     
   DBG iter           2  maxU2=   30.000000000000000       maxFi=   1.0561518055367099E-002  maxFj=   1.6423701554612615E-002  Fi(21,1,1)=   0.0000000000000000       Fi(21,21,1)=   0.0000000000000000       Fi(41,21,1)=   0.0000000000000000     
   DBG div max=   9.4095007459244345E-003  res_p=   9.4095007459244345E-003
   SIMPLE iter           2  res_p=   9.4095007459244345E-003  u(1,1,1)= -0.18088734846218038       p(1,1,1)=   27313.964075761291     
   DBG iter           3  maxU2=   30.000000000000000       maxFi=   7.8458371253794634E-003  maxFj=   4.6029380674951305E-002  Fi(21,1,1)=   0.0000000000000000       Fi(21,21,1)=   0.0000000000000000       Fi(41,21,1)=   0.0000000000000000     
   DBG div max=   8.7605765693713547E-003  res_p=   8.7605765693713547E-003
   SIMPLE iter           3  res_p=   8.7605765693713547E-003  u(1,1,1)= -0.19524803075668137       p(1,1,1)=   27313.963489978312     
   SIMPLE iter           4  res_p=   4.8147813083987759E-003  u(1,1,1)= -0.16621886348304513       p(1,1,1)=   27313.967362057843     
   SIMPLE iter           5  res_p=   5.1920658915125158E-003  u(1,1,1)= -0.15330091417336436       p(1,1,1)=   27313.975709714490     
 DEBUG T iter          50 min   300.02541293451077      max   814.56990028205109     
 Low-speed solver Block           1  SIMPLE iterations:          61  res_p:   1.7806551608775048E-004
 --------------Force and Moment -----------------------------
 Total Force Coefficient (CL, CD, CS) =
  -1.3141017551572065E-002   1.2141796226013090E-002   2.8693482201795946E-021
 Total Moment Coefficient(CMx, CMy, CMz)=
   3.2852543878930168E-003   3.0354490565032725E-003  -6.0837037111897054E-003
 Kstep, t=         144   144.00000000000000     
 ----------The Max Residuals are--------  ---Mesh---           1
    0.1381349758E-02    0.1347224920E-02    0.8140422830E-03    0.4828940506E-19    0.1214122078E-02
   The R.M.S Residuals are 
    0.3597297626E-04    0.3513339713E-04    0.1873483377E-04    0.4160631321E-20    0.2999323641E-04
 CPU wall time in this step:  0.10038170099999988     
 Averaged CPU wall time is:  0.11612739597916666     
   DBG iter           1  maxU2=   30.000000000000000       maxFi=   2.9962675820423487E-002  maxFj=   6.4860040371804040E-002  Fi(21,1,1)=   0.0000000000000000       Fi(21,21,1)=   0.0000000000000000       Fi(41,21,1)=   0.0000000000000000     
   DBG div max=   1.8570356670054414E-002  res_p=   1.8570356670054414E-002
   SIMPLE iter           1  res_p=   1.8570356670054414E-002  u(1,1,1)=  -4.1648183746624511E-002  p(1,1,1)=   27313.859743173300     
   DBG iter           2  maxU2=   30.000000000000000       maxFi=   1.0561518055366620E-002  maxFj=   1.6423701554612632E-002  Fi(21,1,1)=   0.0000000000000000       Fi(21,21,1)=   0.0000000000000000       Fi(41,21,1)=   0.0000000000000000     
   DBG div max=   9.4095007459240355E-003  res_p=   9.4095007459240355E-003
   SIMPLE iter           2  res_p=   9.4095007459240355E-003  u(1,1,1)= -0.18088734846218033       p(1,1,1)=   27313.964075761291     
   DBG iter           3  maxU2=   30.000000000000000       maxFi=   7.8458371253792639E-003  maxFj=   4.6029380674951742E-002  Fi(21,1,1)=   0.0000000000000000       Fi(21,21,1)=   0.0000000000000000       Fi(41,21,1)=   0.0000000000000000     
   DBG div max=   8.7605765693713755E-003  res_p=   8.7605765693713755E-003
   SIMPLE iter           3  res_p=   8.7605765693713755E-003  u(1,1,1)= -0.19524803075668143       p(1,1,1)=   27313.963489978312     
   SIMPLE iter           4  res_p=   4.8147813083987794E-003  u(1,1,1)= -0.16621886348304496       p(1,1,1)=   27313.967362057843     
   SIMPLE iter           5  res_p=   5.1920658915117074E-003  u(1,1,1)= -0.15330091417336428       p(1,1,1)=   27313.975709714490     
 DEBUG T iter          50 min   300.02529427270440      max   812.25134673280581     
 Low-speed solver Block           1  SIMPLE iterations:          61  res_p:   1.7806551608778864E-004
 --------------Force and Moment -----------------------------
 Total Force Coefficient (CL, CD, CS) =
  -1.3052429366393142E-002   1.2073999933316558E-002   2.6116977511844399E-021
 Total Moment Coefficient(CMx, CMy, CMz)=
   3.2631073415982860E-003   3.0184999833291395E-003  -6.0426664731414517E-003
 Kstep, t=         145   145.00000000000000     
 ----------The Max Residuals are--------  ---Mesh---           1
    0.1346680795E-02    0.1303753779E-02    0.8250473344E-03    0.3726927843E-19    0.1188750822E-02
   The R.M.S Residuals are 
    0.3537409158E-04    0.3456181637E-04    0.1845403020E-04    0.4148087783E-20    0.2951144414E-04
 CPU wall time in this step:  0.10073841400000205     
 Averaged CPU wall time is:  0.11602126506896553     
   DBG iter           1  maxU2=   30.000000000000000       maxFi=   2.9962675820423529E-002  maxFj=   6.4860040371804067E-002  Fi(21,1,1)=   0.0000000000000000       Fi(21,21,1)=   0.0000000000000000       Fi(41,21,1)=   0.0000000000000000     
   DBG div max=   1.8570356670054383E-002  res_p=   1.8570356670054383E-002
   SIMPLE iter           1  res_p=   1.8570356670054383E-002  u(1,1,1)=  -4.1648183746624594E-002  p(1,1,1)=   27313.859743173300     
   DBG iter           2  maxU2=   30.000000000000000       maxFi=   1.0561518055367102E-002  maxFj=   1.6423701554612615E-002  Fi(21,1,1)=   0.0000000000000000       Fi(21,21,1)=   0.0000000000000000       Fi(41,21,1)=   0.0000000000000000     
   DBG div max=   9.4095007459244380E-003  res_p=   9.4095007459244380E-003
   SIMPLE iter           2  res_p=   9.4095007459244380E-003  u(1,1,1)= -0.18088734846218038       p(1,1,1)=   27313.964075761291     
   DBG iter           3  maxU2=   30.000000000000000       maxFi=   7.8458371253794599E-003  maxFj=   4.6029380674951333E-002  Fi(21,1,1)=   0.0000000000000000       Fi(21,21,1)=   0.0000000000000000       Fi(41,21,1)=   0.0000000000000000     
   DBG div max=   8.7605765693713755E-003  res_p=   8.7605765693713755E-003
   SIMPLE iter           3  res_p=   8.7605765693713755E-003  u(1,1,1)= -0.19524803075668140       p(1,1,1)=   27313.963489978312     
   SIMPLE iter           4  res_p=   4.8147813083987759E-003  u(1,1,1)= -0.16621886348304521       p(1,1,1)=   27313.967362057843     
   SIMPLE iter           5  res_p=   5.1920658915125192E-003  u(1,1,1)= -0.15330091417336436       p(1,1,1)=   27313.975709714490     
 DEBUG T iter          50 min   300.02517658066449      max   809.95338989410050     
 Low-speed solver Block           1  SIMPLE iterations:          61  res_p:   1.7806551608775395E-004
 --------------Force and Moment -----------------------------
 Total Force Coefficient (CL, CD, CS) =
  -1.2964785653809466E-002   1.2006966641867558E-002   2.6443495521312531E-021
 Total Moment Coefficient(CMx, CMy, CMz)=
   3.2411964134523678E-003   3.0017416604668896E-003  -6.0020658575362946E-003
 Kstep, t=         146   146.00000000000000     
 ----------The Max Residuals are--------  ---Mesh---           1
    0.1268083058E-02    0.1216108006E-02    0.8085759339E-03    0.6098438341E-19    0.1121839411E-02
   The R.M.S Residuals are 
    0.3475584489E-04    0.3397604445E-04    0.1815681641E-04    0.4164317317E-20    0.2901045162E-04
 CPU wall time in this step:  0.10701631199999895     
 Averaged CPU wall time is:  0.11595958730821918     
   DBG iter           1  maxU2=   30.000000000000000       maxFi=   2.9962675820423487E-002  maxFj=   6.4860040371804054E-002  Fi(21,1,1)=   0.0000000000000000       Fi(21,21,1)=   0.0000000000000000       Fi(41,21,1)=   0.0000000000000000     
   DBG div max=   1.8570356670054407E-002  res_p=   1.8570356670054407E-002
   SIMPLE iter           1  res_p=   1.8570356670054407E-002  u(1,1,1)=  -4.1648183746624608E-002  p(1,1,1)=   27313.859743173300     
   DBG iter           2  maxU2=   30.000000000000000       maxFi=   1.0561518055366618E-002  maxFj=   1.6423701554612629E-002  Fi(21,1,1)=   0.0000000000000000       Fi(21,21,1)=   0.0000000000000000       Fi(41,21,1)=   0.0000000000000000     
   DBG div max=   9.4095007459240286E-003  res_p=   9.4095007459240286E-003
   SIMPLE iter           2  res_p=   9.4095007459240286E-003  u(1,1,1)= -0.18088734846218082       p(1,1,1)=   27313.964075761291     
   DBG iter           3  maxU2=   30.000000000000000       maxFi=   7.8458371253792639E-003  maxFj=   4.6029380674951728E-002  Fi(21,1,1)=   0.0000000000000000       Fi(21,21,1)=   0.0000000000000000       Fi(41,21,1)=   0.0000000000000000     
   DBG div max=   8.7605765693713686E-003  res_p=   8.7605765693713686E-003
   SIMPLE iter           3  res_p=   8.7605765693713686E-003  u(1,1,1)= -0.19524803075668148       p(1,1,1)=   27313.963489978312     
   SIMPLE iter           4  res_p=   4.8147813083987655E-003  u(1,1,1)= -0.16621886348304502       p(1,1,1)=   27313.967362057843     
   SIMPLE iter           5  res_p=   5.1920658915116970E-003  u(1,1,1)= -0.15330091417336431       p(1,1,1)=   27313.975709714490     
 DEBUG T iter          50 min   300.02505984993519      max   807.67589806773890     
 Low-speed solver Block           1  SIMPLE iterations:          61  res_p:   1.7806551608778518E-004
 --------------Force and Moment -----------------------------
 Total Force Coefficient (CL, CD, CS) =
  -1.2878074505921818E-002   1.1940683294030457E-002   2.8352755475921599E-021
 Total Moment Coefficient(CMx, CMy, CMz)=
   3.2195186264804545E-003   2.9851708235076142E-003  -5.9618963240709441E-003
 Kstep, t=         147   147.00000000000000     
 ----------The Max Residuals are--------  ---Mesh---           1
    0.1261644165E-02    0.1225993270E-02    0.7671433144E-03    0.6776412050E-19    0.1062700753E-02
   The R.M.S Residuals are 
    0.3413933515E-04    0.3340004549E-04    0.1784990811E-04    0.4113890640E-20    0.2851131674E-04
 CPU wall time in this step:  0.10571065499999932     
 Averaged CPU wall time is:  0.11588986668027210     
   DBG iter           1  maxU2=   30.000000000000000       maxFi=   2.9962675820423529E-002  maxFj=   6.4860040371804054E-002  Fi(21,1,1)=   0.0000000000000000       Fi(21,21,1)=   0.0000000000000000       Fi(41,21,1)=   0.0000000000000000     
   DBG div max=   1.8570356670054383E-002  res_p=   1.8570356670054383E-002
   SIMPLE iter           1  res_p=   1.8570356670054383E-002  u(1,1,1)=  -4.1648183746624670E-002  p(1,1,1)=   27313.859743173300     
   DBG iter           2  maxU2=   30.000000000000000       maxFi=   1.0561518055367104E-002  maxFj=   1.6423701554612619E-002  Fi(21,1,1)=   0.0000000000000000       Fi(21,21,1)=   0.0000000000000000       Fi(41,21,1)=   0.0000000000000000     
   DBG div max=   9.4095007459244397E-003  res_p=   9.4095007459244397E-003
   SIMPLE iter           2  res_p=   9.4095007459244397E-003  u(1,1,1)= -0.18088734846218046       p(1,1,1)=   27313.964075761291     
   DBG iter           3  maxU2=   30.000000000000000       maxFi=   7.8458371253794616E-003  maxFj=   4.6029380674951346E-002  Fi(21,1,1)=   0.0000000000000000       Fi(21,21,1)=   0.0000000000000000       Fi(41,21,1)=   0.0000000000000000     
   DBG div max=   8.7605765693713894E-003  res_p=   8.7605765693713894E-003
   SIMPLE iter           3  res_p=   8.7605765693713894E-003  u(1,1,1)= -0.19524803075668140       p(1,1,1)=   27313.963489978312     
   SIMPLE iter           4  res_p=   4.8147813083987794E-003  u(1,1,1)= -0.16621886348304524       p(1,1,1)=   27313.967362057843     
   SIMPLE iter           5  res_p=   5.1920658915125296E-003  u(1,1,1)= -0.15330091417336433       p(1,1,1)=   27313.975709714490     
 DEBUG T iter          50 min   300.02494407213226      max   805.41874252700597     
 Low-speed solver Block           1  SIMPLE iterations:          61  res_p:   1.7806551608775048E-004
 --------------Force and Moment -----------------------------
 Total Force Coefficient (CL, CD, CS) =
  -1.2792284057498202E-002   1.1875137113109863E-002   3.0358048195789046E-021
 Total Moment Coefficient(CMx, CMy, CMz)=
   3.1980710143745500E-003   2.9687842782774657E-003  -5.9221523511072127E-003
 Kstep, t=         148   148.00000000000000     
 ----------The Max Residuals are--------  ---Mesh---           1
    0.1353050721E-02    0.1308790089E-02    0.7335934109E-03    0.6776258570E-19    0.1147079413E-02
   The R.M.S Residuals are 
    0.3353295201E-04    0.3284272371E-04    0.1754157940E-04    0.4066974653E-20    0.2802658472E-04
 CPU wall time in this step:  0.10560059800000232     
 Averaged CPU wall time is:  0.11582034459459460     
   DBG iter           1  maxU2=   30.000000000000000       maxFi=   2.9962675820423487E-002  maxFj=   6.4860040371804040E-002  Fi(21,1,1)=   0.0000000000000000       Fi(21,21,1)=   0.0000000000000000       Fi(41,21,1)=   0.0000000000000000     
   DBG div max=   1.8570356670054411E-002  res_p=   1.8570356670054411E-002
   SIMPLE iter           1  res_p=   1.8570356670054411E-002  u(1,1,1)=  -4.1648183746624517E-002  p(1,1,1)=   27313.859743173300     
   DBG iter           2  maxU2=   30.000000000000000       maxFi=   1.0561518055366620E-002  maxFj=   1.6423701554612632E-002  Fi(21,1,1)=   0.0000000000000000       Fi(21,21,1)=   0.0000000000000000       Fi(41,21,1)=   0.0000000000000000     
   DBG div max=   9.4095007459240321E-003  res_p=   9.4095007459240321E-003
   SIMPLE iter           2  res_p=   9.4095007459240321E-003  u(1,1,1)= -0.18088734846218057       p(1,1,1)=   27313.964075761291     
   DBG iter           3  maxU2=   30.000000000000000       maxFi=   7.8458371253792639E-003  maxFj=   4.6029380674951742E-002  Fi(21,1,1)=   0.0000000000000000       Fi(21,21,1)=   0.0000000000000000       Fi(41,21,1)=   0.0000000000000000     
   DBG div max=   8.7605765693713616E-003  res_p=   8.7605765693713616E-003
   SIMPLE iter           3  res_p=   8.7605765693713616E-003  u(1,1,1)= -0.19524803075668129       p(1,1,1)=   27313.963489978312     
   SIMPLE iter           4  res_p=   4.8147813083987759E-003  u(1,1,1)= -0.16621886348304499       p(1,1,1)=   27313.967362057843     
   SIMPLE iter           5  res_p=   5.1920658915117039E-003  u(1,1,1)= -0.15330091417336425       p(1,1,1)=   27313.975709714490     
 DEBUG T iter          50 min   300.02482923894200      max   803.18179756260474     
 Low-speed solver Block           1  SIMPLE iterations:          61  res_p:   1.7806551608778518E-004
 --------------Force and Moment -----------------------------
 Total Force Coefficient (CL, CD, CS) =
  -1.2707402492541660E-002   1.1810315596291709E-002   3.0685441391660571E-021
 Total Moment Coefficient(CMx, CMy, CMz)=
   3.1768506231354150E-003   2.9525788990729272E-003  -5.8828284386571485E-003
 Kstep, t=         149   149.00000000000000     
 ----------The Max Residuals are--------  ---Mesh---           1
    0.1409769140E-02    0.1355752186E-02    0.7919342660E-03    0.5421897820E-19    0.1201364260E-02
   The R.M.S Residuals are 
    0.3292283782E-04    0.3228732987E-04    0.1723367535E-04    0.4131512587E-20    0.2754709628E-04
 CPU wall time in this step:  0.10431661199999809     
 Averaged CPU wall time is:  0.11574313833557047     
   DBG iter           1  maxU2=   30.000000000000000       maxFi=   2.9962675820423536E-002  maxFj=   6.4860040371804067E-002  Fi(21,1,1)=   0.0000000000000000       Fi(21,21,1)=   0.0000000000000000       Fi(41,21,1)=   0.0000000000000000     
   DBG div max=   1.8570356670054390E-002  res_p=   1.8570356670054390E-002
   SIMPLE iter           1  res_p=   1.8570356670054390E-002  u(1,1,1)=  -4.1648183746624677E-002  p(1,1,1)=   27313.859743173300     
   DBG iter           2  maxU2=   30.000000000000000       maxFi=   1.0561518055367104E-002  maxFj=   1.6423701554612615E-002  Fi(21,1,1)=   0.0000000000000000       Fi(21,21,1)=   0.0000000000000000       Fi(41,21,1)=   0.0000000000000000     
   DBG div max=   9.4095007459244345E-003  res_p=   9.4095007459244345E-003
   SIMPLE iter           2  res_p=   9.4095007459244345E-003  u(1,1,1)= -0.18088734846218044       p(1,1,1)=   27313.964075761291     
   DBG iter           3  maxU2=   30.000000000000000       maxFi=   7.8458371253794651E-003  maxFj=   4.6029380674951333E-002  Fi(21,1,1)=   0.0000000000000000       Fi(21,21,1)=   0.0000000000000000       Fi(41,21,1)=   0.0000000000000000     
   DBG div max=   8.7605765693713755E-003  res_p=   8.7605765693713755E-003
   SIMPLE iter           3  res_p=   8.7605765693713755E-003  u(1,1,1)= -0.19524803075668151       p(1,1,1)=   27313.963489978312     
   SIMPLE iter           4  res_p=   4.8147813083987655E-003  u(1,1,1)= -0.16621886348304521       p(1,1,1)=   27313.967362057843     
   SIMPLE iter           5  res_p=   5.1920658915125158E-003  u(1,1,1)= -0.15330091417336442       p(1,1,1)=   27313.975709714490     
 DEBUG T iter          50 min   300.02471534211912      max   800.96494053422771     
 Low-speed solver Block           1  SIMPLE iterations:          61  res_p:   1.7806551608774701E-004
 --------------Force and Moment -----------------------------
 Total Force Coefficient (CL, CD, CS) =
  -1.2623418050691868E-002   1.1746206507829385E-002   2.7267506051619250E-021
 Total Moment Coefficient(CMx, CMy, CMz)=
   3.1558545126729671E-003   2.9365516269573462E-003  -5.8439191112853815E-003
 Kstep, t=         150   150.00000000000000     
 ----------The Max Residuals are--------  ---Mesh---           1
    0.1423753095E-02    0.1358669107E-02    0.8287298649E-03    0.4912915494E-19    0.1217076343E-02
   The R.M.S Residuals are 
    0.3228517554E-04    0.3170581532E-04    0.1691806902E-04    0.4030159554E-20    0.2704912539E-04
 write flow3d.dat ......
 write flow3d.dat OK
 write VTK files ......
 write VTK files OK
