 ----------------- OpenCFD-EC3D ver 1.14a (MPI-OpenMP version)------------------
         Copyright by Li Xinliang, lixl@imech.ac.cn                            
         Programming by Li Xinliang  2016-1                                   
 ----------------------------------------------------------------------------- 
 Check if Multi-Grid can be used ...
 Total Block number is            1 Total Cell number is          400
 Check multigrid OK
 can not find partation.dat,  create partation ...
 Partation ......
 Total Cell number=         400
 Total Grid number=        1604
 Max grid number is         1604  ... rato to mean grid is   1.0000000000000000     
 Min grid number is         1604  ... rato to mean grid is   1.0000000000000000     
 rato max to min is    1.0000000000000000     
 Read material.in OK, Total_block=           1
   Block           1 : Block_type=           3  rho=   8000.0000000000000       Cp=   500.00000000000000       k=   13.400000000000000     
 Read porous.inp OK
   Porous Block           1 : eps=  0.29999999999999999       dp=   1.0000000000000000E-003  hv=   2000000.0000000000       rho_s=   8000.0000000000000       k_s=   13.400000000000000     
 creat main mesh OK, Num_Cell=         400
  read main mesh ...
 read Mesh3d.x OK
 Convert bc3d.inp to bc3d.inc ...
 Convert bc3d.inp to bc3d.inc OK
 read bc3d.inc (Link/boundary file)......
 read bc3d.inc OK
 bc3d_interface.inp not found, skip interface
 Read solid_bc.inp OK
   Block           1  (solid):           2  thermal BC faces
     face           1  Tw=   0.0000000000000000       Qw=   0.0000000000000000     
     face           4  Tw=   0.0000000000000000       Qw=   0.0000000000000000     
  Need not read wall_dist.dat 
 No FDM.in, Donot use hybrid FVM/FDM
 my_id, block_no, FDM, FD_Flux, FD_Scheme=           0           1           0
 comput Jocabian OK ...
 Check mesh quality ......
 Check mesh quality OK
 Initial by Free-stream flow ......
  Start ......
   DBG iter           1  maxU2=   3.3302077297629347       maxFi=   3.1947566712282383E-002  maxFj=   0.0000000000000000       Fi(21,1,1)=   1.6263083455554571E-002  Fi(21,21,1)=   1.6396736961603323E-002  Fi(41,21,1)=   1.6396733776818453E-002
   DBG div max=   1.1947566712282379E-002  res_p=   1.1947566712282379E-002
   SIMPLE iter           1  res_p=   1.1947566712282379E-002  u(1,1,1)=   3.3302077297629347       p(1,1,1)=  0.58184941490819619     
   DBG iter           2  maxU2=   3.3302077297629347       maxFi=   2.0000000000000004E-002  maxFj=   0.0000000000000000       Fi(21,1,1)=   1.5416540780387008E-002  Fi(21,21,1)=   3.2667837605058918E-002  Fi(41,21,1)=   3.2611169849086984E-002
   DBG div max=   8.8367137210928048E-003  res_p=   8.8367137210928048E-003
   SIMPLE iter           2  res_p=   8.8367137210928048E-003  u(1,1,1)=   1.3402447780254154       p(1,1,1)=   3.2300549157703511     
   DBG iter           3  maxU2=   2.5807118107257612       maxFi=   2.7108434687800331E-002  maxFj=   0.0000000000000000       Fi(21,1,1)=   1.5559380219546094E-002  Fi(21,21,1)=   3.3180864225155135E-002  Fi(41,21,1)=   3.1015661750500367E-002
   DBG div max=   7.1084346878003274E-003  res_p=   7.1084346878003274E-003
   SIMPLE iter           3  res_p=   7.1084346878003274E-003  u(1,1,1)=   2.5807118107257612       p(1,1,1)=   4.3288577709861800     
   SIMPLE iter           4  res_p=   4.9463869164324912E-003  u(1,1,1)=   1.5781102451032769       p(1,1,1)=   6.4199877671570817     
   SIMPLE iter           5  res_p=   3.6232065361242703E-003  u(1,1,1)=   2.2639740135368376       p(1,1,1)=   7.5087481266581433     
 DEBUG T iter          50 min   300.00000000000011      max   395.37159268029166     
 DEBUG T iter         100 min   300.00000000000040      max   397.06943813135211     
   SIMPLE iter         100  res_p=   6.8507753297076396E-005  u(1,1,1)=   1.9467450188233075       p(1,1,1)=   60.826983839796426     
 DEBUG T iter         150 min   300.00000000000074      max   404.95181527260172     
 DEBUG T iter         200 min   300.00000000000091      max   415.73645860493548     
   SIMPLE iter         200  res_p=   4.0593563601712401E-005  u(1,1,1)=   1.9463909007207267       p(1,1,1)=   86.306348754616309     
 DEBUG T iter         250 min   300.00000000000114      max   427.09519910467139     
 DEBUG T iter         300 min   300.00000000000131      max   438.45243388618769     
   SIMPLE iter         300  res_p=   2.4156453834672104E-005  u(1,1,1)=   1.9461852848786803       p(1,1,1)=   101.48590770848180     
 DEBUG T iter         350 min   300.00000000000188      max   449.62434358351021     
 DEBUG T iter         400 min   300.00000000001802      max   460.53917468375676     
   SIMPLE iter         400  res_p=   1.4353657057829955E-005  u(1,1,1)=   1.9460627884840465       p(1,1,1)=   110.51565433595275     
 DEBUG T iter         450 min   300.00000000031804      max   471.16485121727806     
 DEBUG T iter         500 min   300.00000000325178      max   481.48617988424451     
   SIMPLE iter         500  res_p=   8.5224120850643792E-006  u(1,1,1)=   1.9459899693213212       p(1,1,1)=   115.88030753935077     
 DEBUG T iter         550 min   300.00000002137432      max   491.49656902945674     
 DEBUG T iter         600 min   300.00000010124705      max   501.19460994375282     
   SIMPLE iter         600  res_p=   5.0580655449744549E-006  u(1,1,1)=   1.9459467251108375       p(1,1,1)=   119.06534308290152     
 DEBUG T iter         650 min   300.00000037419528      max   510.58244176305493     
 DEBUG T iter         700 min   300.00000114089931      max   519.66481798921870     
   SIMPLE iter         700  res_p=   3.0012787157543408E-006  u(1,1,1)=   1.9459210573197330       p(1,1,1)=   120.95561048977770     
 DEBUG T iter         750 min   300.00000298719328      max   528.44847192536633     
 DEBUG T iter         800 min   300.00000691867808      max   536.94162731880579     
   SIMPLE iter         800  res_p=   1.7806177834006620E-006  u(1,1,1)=   1.9459058262684068       p(1,1,1)=   122.07721180738685     
 DEBUG T iter         850 min   300.00001449596522      max   545.15359545291722     
 DEBUG T iter         900 min   300.00002795200328      max   553.09443616739827     
   SIMPLE iter         900  res_p=   1.0563348478986878E-006  u(1,1,1)=   1.9458967896762158       p(1,1,1)=   122.74263714411006     
 DEBUG T iter         950 min   300.00005027691378      max   560.77467342097555     
 DEBUG T iter        1000 min   300.00008526188105      max   568.20506010661518     
   SIMPLE iter        1000  res_p=   6.2663242930693919E-007  u(1,1,1)=   1.9458914287309701       p(1,1,1)=   123.13739269929887     
 DEBUG T iter        1050 min   300.00013749991530      max   575.39638761555170     
 DEBUG T iter        1100 min   300.00021234643219      max   582.35933545131763     
   SIMPLE iter        1100  res_p=   3.7171710905864463E-007  u(1,1,1)=   1.9458882485200366       p(1,1,1)=   123.37156653900553     
 DEBUG T iter        1150 min   300.00031584604847      max   589.10435591333032     
 DEBUG T iter        1200 min   300.00045463376824      max   595.64158878919727     
   SIMPLE iter        1200  res_p=   2.2049837610990664E-007  u(1,1,1)=   1.9458863620169597       p(1,1,1)=   123.51047778428784     
 DEBUG T iter        1250 min   300.00063581916743      max   601.98080115533776     
 DEBUG T iter        1300 min   300.00086686164099      max   608.13134773690820     
   SIMPLE iter        1300  res_p=   1.3079591845016614E-007  u(1,1,1)=   1.9458852429618505       p(1,1,1)=   123.59287828767417     
 DEBUG T iter        1350 min   300.00115544367696      max   614.10214774952692     
 DEBUG T iter        1400 min   300.00150934775462      max   619.90167467255958     
   SIMPLE iter        1400  res_p=   7.7585504829752461E-008  u(1,1,1)=   1.9458845791562249       p(1,1,1)=   123.64175685132480     
 DEBUG T iter        1450 min   300.00193634105312      max   625.53795593759196     
 DEBUG T iter        1500 min   300.00244407085518      max   631.01858002317886     
   SIMPLE iter        1500  res_p=   4.6022008457630159E-008  u(1,1,1)=   1.9458841853997462       p(1,1,1)=   123.67075062204800     
 DEBUG T iter        1550 min   300.00303997239928      max   636.35070890817451     
 DEBUG T iter        1600 min   300.00373119000466      max   641.54109424147305     
   SIMPLE iter        1600  res_p=   2.7299186303869627E-008  u(1,1,1)=   1.9458839518319746       p(1,1,1)=   123.68794908354990     
 DEBUG T iter        1650 min   300.00452451158105      max   646.59609593335858     
 DEBUG T iter        1700 min   300.00542631609852      max   651.52170216481534     
   SIMPLE iter        1700  res_p=   1.6193224504357229E-008  u(1,1,1)=   1.9458838132849536       p(1,1,1)=   123.69815081028847     
 DEBUG T iter        1750 min   300.00644253322650      max   656.32355005094632     
 DEBUG T iter        1800 min   300.00757861411694      max   661.00694638899222     
   SIMPLE iter        1800  res_p=   9.6054270197487579E-009  u(1,1,1)=   1.9458837311021608       p(1,1,1)=   123.70420223025121     
 DEBUG T iter        1850 min   300.00883951217088      max   665.57688807658099     
 DEBUG T iter        1900 min   300.01022967258291      max   670.03808190820052     
   SIMPLE iter        1900  res_p=   5.6977034548766348E-009  u(1,1,1)=   1.9458836823533214       p(1,1,1)=   123.70779178528100     
 DEBUG T iter        1950 min   300.01175302946234      max   674.39496355292306     
 DEBUG T iter        2000 min   300.01341300937889      max   678.65171558927841     
   SIMPLE iter        2000  res_p=   3.3797369555776946E-009  u(1,1,1)=   1.9458836534367046       p(1,1,1)=   123.70992102112555     
 DEBUG T iter        2050 min   300.01521254025681      max   682.81228452826861     
 DEBUG T iter        2100 min   300.01715406463393      max   686.88039679629810     
   SIMPLE iter        2100  res_p=   2.0047762547270587E-009  u(1,1,1)=   1.9458836362840815       p(1,1,1)=   123.71118403121929     
 DEBUG T iter        2150 min   300.01923955639609      max   690.85957367957144     
 DEBUG T iter        2200 min   300.02147054020645      max   694.75314525251770     
   SIMPLE iter        2200  res_p=   1.1891834461597028E-009  u(1,1,1)=   1.9458836261095664       p(1,1,1)=   123.71193321749774     
 DEBUG T iter        2250 min   300.02384811293916      max   698.56426332721776     
 DEBUG T iter        2300 min   300.02637296652756      max   702.29591347010989     
   SIMPLE iter        2300  res_p=   7.0539406607506017E-010  u(1,1,1)=   1.9458836200743015       p(1,1,1)=   123.71237761619022     
 DEBUG T iter        2350 min   300.02904541171944      max   705.95092613783834     
 DEBUG T iter        2400 min   300.03186540231218      max   709.53198698675021     
   SIMPLE iter        2400  res_p=   4.1842214068554817E-010  u(1,1,1)=   1.9458836164943258       p(1,1,1)=   123.71264122244413     
 DEBUG T iter        2450 min   300.03483255951528      max   713.04164641136788     
 DEBUG T iter        2500 min   300.03794619614354      max   716.48232836630677     
   SIMPLE iter        2500  res_p=   2.4819757013516686E-010  u(1,1,1)=   1.9458836143707767       p(1,1,1)=   123.71279758711464     
 DEBUG T iter        2550 min   300.04120534040908      max   719.85633852445426     
 DEBUG T iter        2600 min   300.04460875912099      max   723.16587182182536     
   SIMPLE iter        2600  res_p=   1.4722457628013608E-010  u(1,1,1)=   1.9458836131111406       p(1,1,1)=   123.71289033874476     
 DEBUG T iter        2650 min   300.04815498014557      max   726.41301943670726     
 DEBUG T iter        2700 min   300.05184231401989      max   729.59977524778367     
   SIMPLE iter        2700  res_p=   8.7330004339136735E-011  u(1,1,1)=   1.9458836123639578       p(1,1,1)=   123.71294535670231     
 DEBUG T iter        2750 min   300.05566887463328      max   732.72804181279355     
 DEBUG T iter        2800 min   300.05963259892667      max   735.79963590633713     
   SIMPLE iter        2800  res_p=   5.1802014067181545E-011  u(1,1,1)=   1.9458836119207474       p(1,1,1)=   123.71297799198466     
 DEBUG T iter        2850 min   300.06373126557060      max   738.81629365237347     
 DEBUG T iter        2900 min   300.06796251261028      max   741.77967528425995     
   SIMPLE iter        2900  res_p=   3.0727659999785217E-011  u(1,1,1)=   1.9458836116578455       p(1,1,1)=   123.71299735042138     
 DEBUG T iter        2950 min   300.07232385407292      max   744.69136956241266     
 DEBUG T iter        3000 min   300.07681269554746      max   747.55289787723723     
   SIMPLE iter        3000  res_p=   1.8226836706602967E-011  u(1,1,1)=   1.9458836115018963       p(1,1,1)=   123.71300883336390     
 DEBUG T iter        3050 min   300.08142634875554      max   750.36571806261895     
 DEBUG T iter        3100 min   300.08616204514067      max   753.13122794316746     
   SIMPLE iter        3100  res_p=   1.0811664064025450E-011  u(1,1,1)=   1.9458836114093925       p(1,1,1)=   123.71301564475939     
 DEBUG T iter        3150 min   300.09101694850591      max   755.85076863635311     
 DEBUG T iter        3200 min   300.09598816673576      max   758.52562762896605     
   SIMPLE iter        3200  res_p=   6.4131686072776972E-012  u(1,1,1)=   1.9458836113545204       p(1,1,1)=   123.71301968510953     
 DEBUG T iter        3250 min   300.10107276264210      max   761.15704164556871     
 DEBUG T iter        3300 min   300.10626776397282      max   763.74619932517635     
   SIMPLE iter        3300  res_p=   3.8042242966884743E-012  u(1,1,1)=   1.9458836113219760       p(1,1,1)=   123.71302208174461     
 DEBUG T iter        3350 min   300.11157017262673      max   766.29424372097219     
 DEBUG T iter        3400 min   300.11697697311558      max   768.80227463662982     
   SIMPLE iter        3400  res_p=   2.2565872781488139E-012  u(1,1,1)=   1.9458836113026690       p(1,1,1)=   123.71302350336883     
 DEBUG T iter        3450 min   300.12248514031410      max   771.27135081164329     
 DEBUG T iter        3500 min   300.12809164654260      max   773.70249196705083     
   SIMPLE iter        3500  res_p=   1.3385924313435993E-012  u(1,1,1)=   1.9458836112912179       p(1,1,1)=   123.71302434664094     
 DEBUG T iter        3550 min   300.13379346801946      max   776.09668072198792     
 DEBUG T iter        3600 min   300.13958759072517      max   778.45486439058584     
   SIMPLE iter        3600  res_p=   7.9393783214420921E-013  u(1,1,1)=   1.9458836112844193       p(1,1,1)=   123.71302484684888     
 DEBUG T iter        3650 min   300.14547101571310      max   780.77795666803456     
 DEBUG T iter        3700 min   300.15144076390908      max   783.06683921384752     
   SIMPLE iter        3700  res_p=   4.7092885147037578E-013  u(1,1,1)=   1.9458836112803923       p(1,1,1)=   123.71302514355988     
 DEBUG T iter        3750 min   300.15749388042781      max   785.32236313970657     
 DEBUG T iter        3800 min   300.16362743844599      max   787.54535040873611     
   SIMPLE iter        3800  res_p=   2.7933905188959329E-013  u(1,1,1)=   1.9458836112780011       p(1,1,1)=   123.71302531956150     
 DEBUG T iter        3850 min   300.16983854265902      max   789.73659515244242     
 DEBUG T iter        3900 min   300.17612433235519      max   791.89686491108523     
   SIMPLE iter        3900  res_p=   1.6572854200092024E-013  u(1,1,1)=   1.9458836112765856       p(1,1,1)=   123.71302542396131     
 DEBUG T iter        3950 min   300.18248198413295      max   794.02690180282048     
 DEBUG T iter        4000 min   300.18890871429039      max   796.12742362648066     
   SIMPLE iter        4000  res_p=   9.8240859891518539E-014  u(1,1,1)=   1.9458836112757434       p(1,1,1)=   123.71302548588871     
 DEBUG T iter        4050 min   300.19540178091057      max   798.19912490254046     
 DEBUG T iter        4100 min   300.20195848566698      max   800.24267785644258     
   SIMPLE iter        4100  res_p=   5.8356097731859791E-014  u(1,1,1)=   1.9458836112752460       p(1,1,1)=   123.71302552262250     
 DEBUG T iter        4150 min   300.20857617537183      max   802.25873334812934     
 DEBUG T iter        4200 min   300.21525224328730      max   804.24792175135838     
   SIMPLE iter        4200  res_p=   3.4604263898785348E-014  u(1,1,1)=   1.9458836112749485       p(1,1,1)=   123.71302554441208     
 DEBUG T iter        4250 min   300.22198413021994      max   806.21085378608973     
 DEBUG T iter        4300 min   300.22876932541544      max   808.14812130702978     
   SIMPLE iter        4300  res_p=   2.0507900932997813E-014  u(1,1,1)=   1.9458836112747715       p(1,1,1)=   123.71302555733712     
 DEBUG T iter        4350 min   300.23560536727126      max   810.06029805111518     
 DEBUG T iter        4400 min   300.24248984388385      max   811.94794034659435     
   SIMPLE iter        4400  res_p=   1.2195106036116954E-014  u(1,1,1)=   1.9458836112746716       p(1,1,1)=   123.71302556500395     
 DEBUG T iter        4450 min   300.24942039344256      max   813.81158778614019     
 DEBUG T iter        4500 min   300.25639470448618      max   815.65176386621783     
   SIMPLE iter        4500  res_p=   7.1991024253037494E-015  u(1,1,1)=   1.9458836112746054       p(1,1,1)=   123.71302556955170     
 DEBUG T iter        4550 min   300.26341051603464      max   817.46897659484341     
 DEBUG T iter        4600 min   300.27046561760545      max   819.26371906964050     
   SIMPLE iter        4600  res_p=   4.2639503039509918E-015  u(1,1,1)=   1.9458836112745701       p(1,1,1)=   123.71302557224934     
 DEBUG T iter        4650 min   300.27755784912819      max   821.03647002846810     
 DEBUG T iter        4700 min   300.28468510076584      max   822.78769437244853     
   SIMPLE iter        4700  res_p=   3.8961889270439087E-015  u(1,1,1)=   1.9458836112745621       p(1,1,1)=   123.71302557246634     
 DEBUG T iter        4750 min   300.29184531265292      max   824.51784366552522     
 DEBUG T iter        4800 min   300.29903647455626      max   826.22735661144554     
   SIMPLE iter        4800  res_p=   3.8267999880048365E-015  u(1,1,1)=   1.9458836112745632       p(1,1,1)=   123.71302557257917     
 DEBUG T iter        4850 min   300.30625662547232      max   827.91665950772619     
 DEBUG T iter        4900 min   300.31350385316142      max   829.58616667944443     
   SIMPLE iter        4900  res_p=   3.7539416020138106E-015  u(1,1,1)=   1.9458836112745637       p(1,1,1)=   123.71302557268845     
 DEBUG T iter        4950 min   300.32077629363050      max   831.23628089367992     
 DEBUG T iter        5000 min   300.32807213056759      max   832.86739375568277     
   SIMPLE iter        5000  res_p=   3.5180192092809648E-015  u(1,1,1)=   1.9458836112745590       p(1,1,1)=   123.71302557279432     
 DEBUG T iter        5050 min   300.33538959473583      max   834.47988608779349     
 DEBUG T iter        5100 min   300.34272696333187      max   836.07412829206692     
   SIMPLE iter        5100  res_p=   3.4520997171938461E-015  u(1,1,1)=   1.9458836112745579       p(1,1,1)=   123.71302557289687     
 DEBUG T iter        5150 min   300.35008255931081      max   837.65048069748855     
 DEBUG T iter        5200 min   300.35745475068683      max   839.20929389264404     
   SIMPLE iter        5200  res_p=   3.3133218391157016E-015  u(1,1,1)=   1.9458836112745541       p(1,1,1)=   123.71302557299633     
 DEBUG T iter        5250 min   300.36484194980829      max   840.75090904458591     
 DEBUG T iter        5300 min   300.37224261261616      max   842.27565820464952     
   SIMPLE iter        5300  res_p=   3.2369940061727220E-015  u(1,1,1)=   1.9458836112745546       p(1,1,1)=   123.71302557309274     
 DEBUG T iter        5350 min   300.37965523788381      max   843.78386460191723     
 DEBUG T iter        5400 min   300.38707836644619      max   845.27584292494123     
   SIMPLE iter        5400  res_p=   3.1606661732297425E-015  u(1,1,1)=   1.9458836112745546       p(1,1,1)=   123.71302557318620     
 DEBUG T iter        5450 min   300.39451058041811      max   846.75189959234842     
 DEBUG T iter        5500 min   300.40195050240402      max   848.21233301287725     
   SIMPLE iter        5500  res_p=   3.0184188481996443E-015  u(1,1,1)=   1.9458836112745510       p(1,1,1)=   123.71302557327681     
 DEBUG T iter        5550 min   300.40939679470472      max   849.65743383537813     
 DEBUG T iter        5600 min   300.41684815851880      max   851.08748518929053     
   SIMPLE iter        5600  res_p=   2.9420910152566648E-015  u(1,1,1)=   1.9458836112745506       p(1,1,1)=   123.71302557336466     
 DEBUG T iter        5650 min   300.42430333314394      max   852.50276291602825     
 DEBUG T iter        5700 min   300.43176109517896      max   853.90353579174337     
   SIMPLE iter        5700  res_p=   2.8727020762175925E-015  u(1,1,1)=   1.9458836112745508       p(1,1,1)=   123.71302557344984     
 DEBUG T iter        5750 min   300.43922025772684      max   855.29006574185837     
 DEBUG T iter        5800 min   300.44667966960236      max   856.66260804777380     
   SIMPLE iter        5800  res_p=   2.7165769633796799E-015  u(1,1,1)=   1.9458836112745470       p(1,1,1)=   123.71302557353246     
 DEBUG T iter        5850 min   300.45413821454338      max   858.02141154608216     
 DEBUG T iter        5900 min   300.46159481042832      max   859.36671882068231     
   SIMPLE iter        5900  res_p=   2.6992297286199118E-015  u(1,1,1)=   1.9458836112745512       p(1,1,1)=   123.71302557361260     
 DEBUG T iter        5950 min   300.46904840850124      max   860.69876638806090     
 DEBUG T iter        6000 min   300.47649799260273      max   862.01778487608885     
   SIMPLE iter        6000  res_p=   2.6471880243406076E-015  u(1,1,1)=   1.9458836112745488       p(1,1,1)=   123.71302557369020     
 DEBUG T iter        6050 min   300.48394257841085      max   863.32399919661304     
 DEBUG T iter        6100 min   300.49138121269061      max   864.61762871207441     
   SIMPLE iter        6100  res_p=   2.5014712523585558E-015  u(1,1,1)=   1.9458836112745452       p(1,1,1)=   123.71302557376552     
 DEBUG T iter        6150 min   300.49881297255365      max   865.89888739648040     
 DEBUG T iter        6200 min   300.50623696472690      max   867.16798399090953     
   SIMPLE iter        6200  res_p=   2.4286128663675299E-015  u(1,1,1)=   1.9458836112745450       p(1,1,1)=   123.71302557383861     
 DEBUG T iter        6250 min   300.51365232483369      max   868.42512215380611     
 DEBUG T iter        6300 min   300.52105821668471      max   869.67050060629947     
   SIMPLE iter        6300  res_p=   2.3592239273284576E-015  u(1,1,1)=   1.9458836112745439       p(1,1,1)=   123.71302557390933     
 DEBUG T iter        6350 min   300.52845383158075      max   870.90431327270210     
 DEBUG T iter        6400 min   300.53583838762773      max   872.12674941643820     
   SIMPLE iter        6400  res_p=   2.3453461395206432E-015  u(1,1,1)=   1.9458836112745461       p(1,1,1)=   123.71302557397807     
 DEBUG T iter        6450 min   300.54321112906263      max   873.33799377154878     
 DEBUG T iter        6500 min   300.55057132559187      max   874.53822666995939     
   SIMPLE iter        6500  res_p=   2.2065682614424986E-015  u(1,1,1)=   1.9458836112745415       p(1,1,1)=   123.71302557404459     
 DEBUG T iter        6550 min   300.55791827174289      max   875.72762416469106     
 DEBUG T iter        6600 min   300.56525128622673      max   876.90635814914299     
   SIMPLE iter        6600  res_p=   2.1302404284995191E-015  u(1,1,1)=   1.9458836112745408       p(1,1,1)=   123.71302557410920     
 DEBUG T iter        6650 min   300.57256971131346      max   878.07459647263511     
 DEBUG T iter        6700 min   300.57987291222048      max   879.23250305231102     
   SIMPLE iter        6700  res_p=   2.0330959138448179E-015  u(1,1,1)=   1.9458836112745417       p(1,1,1)=   123.71302557417188     
 DEBUG T iter        6750 min   300.58716027651263      max   880.38023798156428     
 DEBUG T iter        6800 min   300.59443121351524      max   881.51795763513121     
   SIMPLE iter        6800  res_p=   2.0539125955565396E-015  u(1,1,1)=   1.9458836112745421       p(1,1,1)=   123.71302557423252     
 DEBUG T iter        6850 min   300.60168515373886      max   882.64581477092440     
 DEBUG T iter        6900 min   300.60892154831743      max   883.76395862876859     
   SIMPLE iter        6900  res_p=   1.9845236565174673E-015  u(1,1,1)=   1.9458836112745399       p(1,1,1)=   123.71302557429142     
 DEBUG T iter        6950 min   300.61613986845731      max   884.87253502614305     
 DEBUG T iter        7000 min   300.62333960490008      max   885.97168645101499     
   SIMPLE iter        7000  res_p=   1.9706458687096529E-015  u(1,1,1)=   1.9458836112745419       p(1,1,1)=   123.71302557434861     
 DEBUG T iter        7050 min   300.63052026739484      max   887.06155215189494     
 DEBUG T iter        7100 min   300.63768138418567      max   888.14226822519447     
   SIMPLE iter        7100  res_p=   1.8457457784393227E-015  u(1,1,1)=   1.9458836112745377       p(1,1,1)=   123.71302557440396     
 DEBUG T iter        7150 min   300.64482250150792      max   889.21396769998285     
 DEBUG T iter        7200 min   300.65194318309773      max   890.27678062023028     
   SIMPLE iter        7200  res_p=   1.7694179454963432E-015  u(1,1,1)=   1.9458836112745361       p(1,1,1)=   123.71302557445760     
 DEBUG T iter        7250 min   300.65904300971266      max   891.33083412463168     
 DEBUG T iter        7300 min   300.66612157866336      max   892.37625252408998     
   SIMPLE iter        7300  res_p=   1.7624790515924360E-015  u(1,1,1)=   1.9458836112745386       p(1,1,1)=   123.71302557450964     
 DEBUG T iter        7350 min   300.67317850335718      max   893.41315737692389     
 DEBUG T iter        7400 min   300.68021341285038      max   894.44166756189441     
   SIMPLE iter        7400  res_p=   1.6930901125533637E-015  u(1,1,1)=   1.9458836112745364       p(1,1,1)=   123.71302557456012     
 DEBUG T iter        7450 min   300.68722595141503      max   895.46189934911490     
 DEBUG T iter        7500 min   300.69421577811215      max   896.47396646889956     
   SIMPLE iter        7500  res_p=   1.6202317265623378E-015  u(1,1,1)=   1.9458836112745344       p(1,1,1)=   123.71302557460912     
 DEBUG T iter        7550 min   300.70118256637909      max   897.47798017865114     
 DEBUG T iter        7600 min   300.70812600362387      max   898.47404932781365     
   SIMPLE iter        7600  res_p=   1.6202317265623378E-015  u(1,1,1)=   1.9458836112745368       p(1,1,1)=   123.71302557465663     
 DEBUG T iter        7650 min   300.71504579083256      max   899.46228042096732     
 DEBUG T iter        7700 min   300.72194164218325      max   900.44277767915514     
   SIMPLE iter        7700  res_p=   1.5473733405713119E-015  u(1,1,1)=   1.9458836112745344       p(1,1,1)=   123.71302557470268     
 DEBUG T iter        7750 min   300.72881328467270      max   901.41564309941316     
 DEBUG T iter        7800 min   300.73566045775033      max   902.38097651268174     
   SIMPLE iter        7800  res_p=   1.4675760606763788E-015  u(1,1,1)=   1.9458836112745332       p(1,1,1)=   123.71302557474733     
 DEBUG T iter        7850 min   300.74248291296288      max   903.33887564002589     
 DEBUG T iter        7900 min   300.74928041360619      max   904.28943614730008     
   SIMPLE iter        7900  res_p=   1.4710455076283324E-015  u(1,1,1)=   1.9458836112745348       p(1,1,1)=   123.71302557479062     
 DEBUG T iter        7950 min   300.75605273438839      max   905.23275169827571     
 DEBUG T iter        8000 min   300.76279966110019      max   906.16891400628253     
   SIMPLE iter        8000  res_p=   1.3912482277333993E-015  u(1,1,1)=   1.9458836112745326       p(1,1,1)=   123.71302557483261     
 DEBUG T iter        8050 min   300.76952099029302      max   907.09801288439371     
 DEBUG T iter        8100 min   300.77621652896721      max   908.02013629423664     
   SIMPLE iter        8100  res_p=   1.3183898417423734E-015  u(1,1,1)=   1.9458836112745310       p(1,1,1)=   123.71302557487337     
 DEBUG T iter        8150 min   300.78288609426733      max   908.93537039342061     
 DEBUG T iter        8200 min   300.78952951318541      max   909.84379958167244     
   SIMPLE iter        8200  res_p=   1.3183898417423734E-015  u(1,1,1)=   1.9458836112745321       p(1,1,1)=   123.71302557491293     
 DEBUG T iter        8250 min   300.79614662227220      max   910.74550654567850     
 DEBUG T iter        8300 min   300.80273726735550      max   911.64057230269702     
   SIMPLE iter        8300  res_p=   1.3600232051658168E-015  u(1,1,1)=   1.9458836112745335       p(1,1,1)=   123.71302557495127     
 DEBUG T iter        8350 min   300.80930130326641      max   912.52907624297291     
 DEBUG T iter        8400 min   300.81583859357283      max   913.41109617097243     
   SIMPLE iter        8400  res_p=   1.2455314557513475E-015  u(1,1,1)=   1.9458836112745312       p(1,1,1)=   123.71302557498834     
 DEBUG T iter        8450 min   300.82234901031973      max   914.28670834549393     
 DEBUG T iter        8500 min   300.82883243377574      max   915.15598751868674     
   SIMPLE iter        8500  res_p=   1.2490009027033011E-015  u(1,1,1)=   1.9458836112745324       p(1,1,1)=   123.71302557502426     
 DEBUG T iter        8550 min   300.83528875218849      max   916.01900697398798     
 DEBUG T iter        8600 min   300.84171786154326      max   916.87583856303104     
   SIMPLE iter        8600  res_p=   1.1761425167122752E-015  u(1,1,1)=   1.9458836112745308       p(1,1,1)=   123.71302557505923     
 DEBUG T iter        8650 min   300.84811966533130      max   917.72655274156045     
 DEBUG T iter        8700 min   300.85449407432236      max   918.57121860433438     
   SIMPLE iter        8700  res_p=   1.1136924715771102E-015  u(1,1,1)=   1.9458836112745288       p(1,1,1)=   123.71302557509323     
 DEBUG T iter        8750 min   300.86084100634434      max   919.40990391913033     
 DEBUG T iter        8800 min   300.86716038606710      max   920.24267515977385     
   SIMPLE iter        8800  res_p=   1.0998146837692957E-015  u(1,1,1)=   1.9458836112745299       p(1,1,1)=   123.71302557512598     
 DEBUG T iter        8850 min   300.87345214479541      max   921.06959753831325     
 DEBUG T iter        8900 min   300.87971622026328      max   921.89073503631198     
   SIMPLE iter        8900  res_p=   1.0998146837692957E-015  u(1,1,1)=   1.9458836112745306       p(1,1,1)=   123.71302557515774     
 DEBUG T iter        8950 min   300.88595255643827      max   922.70615043527528     
 DEBUG T iter        9000 min   300.89216110332711      max   923.51590534629668     
   SIMPLE iter        9000  res_p=   1.0477729794899915E-015  u(1,1,1)=   1.9458836112745290       p(1,1,1)=   123.71302557518878     
 DEBUG T iter        9050 min   300.89834181678907      max   924.32006023887016     
 DEBUG T iter        9100 min   300.90449465835377      max   925.11867446894155     
   SIMPLE iter        9100  res_p=   1.0269562977782698E-015  u(1,1,1)=   1.9458836112745295       p(1,1,1)=   123.71302557521865     
 DEBUG T iter        9150 min   300.91061959504356      max   925.91180630621216     
 DEBUG T iter        9200 min   300.91671659920121      max   926.69951296069405     
   SIMPLE iter        9200  res_p=   1.0269562977782698E-015  u(1,1,1)=   1.9458836112745306       p(1,1,1)=   123.71302557524764     
 DEBUG T iter        9250 min   300.92278564832236      max   927.48185060856963     
 DEBUG T iter        9300 min   300.92882672489208      max   928.25887441735119     
   SIMPLE iter        9300  res_p=   9.4715901788333667E-016  u(1,1,1)=   1.9458836112745306       p(1,1,1)=   123.71302557527598     
 DEBUG T iter        9350 min   300.93483981622603      max   929.03063857036489     
 DEBUG T iter        9400 min   300.94082491431647      max   929.79719629059059     
   SIMPLE iter        9400  res_p=   8.8123952579621800E-016  u(1,1,1)=   1.9458836112745255       p(1,1,1)=   123.71302557530312     
 DEBUG T iter        9450 min   300.94678201568206      max   930.55859986385633     
 DEBUG T iter        9500 min   300.95271112122145      max   931.31490066142419     
   SIMPLE iter        9500  res_p=   8.7430063189231078E-016  u(1,1,1)=   1.9458836112745279       p(1,1,1)=   123.71302557532974     
 DEBUG T iter        9550 min   300.95861223607272      max   932.06614916196099     
 DEBUG T iter        9600 min   300.96448536947292      max   932.81239497294325     
   SIMPLE iter        9600  res_p=   8.7430063189231078E-016  u(1,1,1)=   1.9458836112745277       p(1,1,1)=   123.71302557535532     
 DEBUG T iter        9650 min   300.97033053462661      max   933.55368685147448     
 DEBUG T iter        9700 min   300.97614774857334      max   934.29007272457159     
   SIMPLE iter        9700  res_p=   8.0491169285323849E-016  u(1,1,1)=   1.9458836112745255       p(1,1,1)=   123.71302557538027     
 DEBUG T iter        9750 min   300.98193703206169      max   935.02159970889113     
 DEBUG T iter        9800 min   300.98769840942572      max   935.74831412995138     
   SIMPLE iter        9800  res_p=   8.0491169285323849E-016  u(1,1,1)=   1.9458836112745255       p(1,1,1)=   123.71302557540443     
 DEBUG T iter        9850 min   300.99343190846525      max   936.47026154084028     
 DEBUG T iter        9900 min   300.99913756032873      max   937.18748674042524     
   SIMPLE iter        9900  res_p=   8.0838113980519211E-016  u(1,1,1)=   1.9458836112745272       p(1,1,1)=   123.71302557542782     
 DEBUG T iter        9950 min   301.00481539940040      max   937.90003379108157     
 DEBUG T iter       10000 min   301.01046546319043      max   938.60794603596901     
   SIMPLE iter       10000  res_p=   8.0491169285323849E-016  u(1,1,1)=   1.9458836112745275       p(1,1,1)=   123.71302557545056     
 DEBUG T iter       10050 min   301.01608779222698      max   939.31126611583272     
 DEBUG T iter       10100 min   301.02168242995236      max   940.01003598537568     
   SIMPLE iter       10100  res_p=   7.4246164771807344E-016  u(1,1,1)=   1.9458836112745248       p(1,1,1)=   123.71302557547259     
 DEBUG T iter       10150 min   301.02724942262267      max   940.70429692919777     
 DEBUG T iter       10200 min   301.03278881920852      max   941.39408957731428     
   SIMPLE iter       10200  res_p=   7.3552275381416621E-016  u(1,1,1)=   1.9458836112745255       p(1,1,1)=   123.71302557549392     
 DEBUG T iter       10250 min   301.03830067129974      max   942.07945392026306     
 DEBUG T iter       10300 min   301.04378503301274      max   942.76042932383928     
   SIMPLE iter       10300  res_p=   6.5572547391923308E-016  u(1,1,1)=   1.9458836112745241       p(1,1,1)=   123.71302557551476     
 DEBUG T iter       10350 min   301.04924196090013      max   943.43705454340363     
 DEBUG T iter       10400 min   301.05467151386301      max   944.10936773786170     
   SIMPLE iter       10400  res_p=   6.5572547391923308E-016  u(1,1,1)=   1.9458836112745241       p(1,1,1)=   123.71302557553466     
 DEBUG T iter       10450 min   301.06007375306552      max   944.77740648324084     
 DEBUG T iter       10500 min   301.06544874185255      max   945.44120778594026     
   SIMPLE iter       10500  res_p=   6.8695049648681561E-016  u(1,1,1)=   1.9458836112745255       p(1,1,1)=   123.71302557555438     
 DEBUG T iter       10550 min   301.07079654566888      max   946.10080809561782     
 DEBUG T iter       10600 min   301.07611723198107      max   946.75624331774804     
   SIMPLE iter       10600  res_p=   5.7939764097625357E-016  u(1,1,1)=   1.9458836112745226       p(1,1,1)=   123.71302557557303     
 DEBUG T iter       10650 min   301.08141087020169      max   947.40754882586111     
 DEBUG T iter       10700 min   301.08667753161541      max   948.05475947344326     
   SIMPLE iter       10700  res_p=   5.8286708792820718E-016  u(1,1,1)=   1.9458836112745226       p(1,1,1)=   123.71302557559150     
 DEBUG T iter       10750 min   301.09191728930688      max   948.69790960555463     
 DEBUG T iter       10800 min   301.09713021809250      max   949.33703307012706     
   SIMPLE iter       10800  res_p=   5.8286708792820718E-016  u(1,1,1)=   1.9458836112745239       p(1,1,1)=   123.71302557560927     
 DEBUG T iter       10850 min   301.10231639445078      max   949.97216322897430     
 DEBUG T iter       10900 min   301.10747589645848      max   950.60333296852195     
   SIMPLE iter       10900  res_p=   5.8286708792820718E-016  u(1,1,1)=   1.9458836112745239       p(1,1,1)=   123.71302557562632     
 DEBUG T iter       10950 min   301.11260880372555      max   951.23057471026027     
 DEBUG T iter       11000 min   301.11771519733355      max   951.85392042091155     
   SIMPLE iter       11000  res_p=   6.1756155744774333E-016  u(1,1,1)=   1.9458836112745244       p(1,1,1)=   123.71302557564333     
 DEBUG T iter       11050 min   301.12279515977627      max   952.47340162236083     
 DEBUG T iter       11100 min   301.12784877489963      max   953.08904940131265     
   SIMPLE iter       11100  res_p=   5.1347814888913490E-016  u(1,1,1)=   1.9458836112745221       p(1,1,1)=   123.71302557565933     
 DEBUG T iter       11150 min   301.13287612784637      max   953.70089441870721     
 DEBUG T iter       11200 min   301.13787730500013      max   954.30896691889382     
   SIMPLE iter       11200  res_p=   5.1347814888913490E-016  u(1,1,1)=   1.9458836112745221       p(1,1,1)=   123.71302557567496     
 DEBUG T iter       11250 min   301.14285239393246      max   954.91329673856478     
 DEBUG T iter       11300 min   301.14780148335035      max   955.51391331546529     
   SIMPLE iter       11300  res_p=   5.0306980803327406E-016  u(1,1,1)=   1.9458836112745255       p(1,1,1)=   123.71302557569049     
 DEBUG T iter       11350 min   301.15272466304606      max   956.11084569688103     
 DEBUG T iter       11400 min   301.15762202384815      max   956.70412254790210     
   SIMPLE iter       11400  res_p=   5.1347814888913490E-016  u(1,1,1)=   1.9458836112745233       p(1,1,1)=   123.71302557570505     
 DEBUG T iter       11450 min   301.16249365757398      max   957.29377215949000     
 DEBUG T iter       11500 min   301.16733965698313      max   957.87982245632020     
   SIMPLE iter       11500  res_p=   5.1347814888913490E-016  u(1,1,1)=   1.9458836112745233       p(1,1,1)=   123.71302557571926     
 DEBUG T iter       11550 min   301.17216011573350      max   958.46230100444279     
 DEBUG T iter       11600 min   301.17695512833677      max   959.04123501873698     
   SIMPLE iter       11600  res_p=   5.1347814888913490E-016  u(1,1,1)=   1.9458836112745246       p(1,1,1)=   123.71302557573347     
 DEBUG T iter       11650 min   301.18172479011696      max   959.61665137018406     
 DEBUG T iter       11700 min   301.18646919716889      max   960.18857659294667     
   SIMPLE iter       11700  res_p=   4.3715031594615539E-016  u(1,1,1)=   1.9458836112745221       p(1,1,1)=   123.71302557574688     
 DEBUG T iter       11750 min   301.19118844631936      max   960.75703689127965     
 DEBUG T iter       11800 min   301.19588263508734      max   961.32205814625979     
   SIMPLE iter       11800  res_p=   4.4061976289810900E-016  u(1,1,1)=   1.9458836112745217       p(1,1,1)=   123.71302557575969     
 DEBUG T iter       11850 min   301.20055186164785      max   961.88366592234922     
 DEBUG T iter       11900 min   301.20519622479429      max   962.44188547378837     
   SIMPLE iter       11900  res_p=   4.4061976289810900E-016  u(1,1,1)=   1.9458836112745217       p(1,1,1)=   123.71302557577248     
 DEBUG T iter       11950 min   301.20981582390488      max   962.99674175083726     
 DEBUG T iter       12000 min   301.21441075890664      max   963.54825940584817     
   SIMPLE iter       12000  res_p=   4.2327252813834093E-016  u(1,1,1)=   1.9458836112745235       p(1,1,1)=   123.71302557578504     
 DEBUG T iter       12050 min   301.21898113024417      max   964.09646279919764     
 DEBUG T iter       12100 min   301.22352703884565      max   964.64137600505694     
   SIMPLE iter       12100  res_p=   4.4061976289810900E-016  u(1,1,1)=   1.9458836112745233       p(1,1,1)=   123.71302557579669     
 DEBUG T iter       12150 min   301.22804858609322      max   965.18302281703791     
 DEBUG T iter       12200 min   301.23254587379165      max   965.72142675367513     
   SIMPLE iter       12200  res_p=   4.4061976289810900E-016  u(1,1,1)=   1.9458836112745233       p(1,1,1)=   123.71302557580806     
 DEBUG T iter       12250 min   301.23701900414000      max   966.25661106379232     
 DEBUG T iter       12300 min   301.24146807970232      max   966.78859873171655     
   SIMPLE iter       12300  res_p=   4.4061976289810900E-016  u(1,1,1)=   1.9458836112745233       p(1,1,1)=   123.71302557581943     
 DEBUG T iter       12350 min   301.24589320338066      max   967.31741248238234     
 DEBUG T iter       12400 min   301.25029447838830      max   967.84307478629148     
   SIMPLE iter       12400  res_p=   3.6082248300317588E-016  u(1,1,1)=   1.9458836112745226       p(1,1,1)=   123.71302557583057     
 DEBUG T iter       12450 min   301.25467200822339      max   968.36560786435768     
 DEBUG T iter       12500 min   301.25902589664497      max   968.88503369263992     
   SIMPLE iter       12500  res_p=   3.1225022567582528E-016  u(1,1,1)=   1.9458836112745188       p(1,1,1)=   123.71302557584094     
 DEBUG T iter       12550 min   301.26335624764738      max   969.40137400694050     
 DEBUG T iter       12600 min   301.26766316543740      max   969.91465030731081     
   SIMPLE iter       12600  res_p=   3.6776137690708310E-016  u(1,1,1)=   1.9458836112745221       p(1,1,1)=   123.71302557585092     
 DEBUG T iter       12650 min   301.27194675441137      max   970.42488386243360     
 DEBUG T iter       12700 min   301.27620711913329      max   970.93209571390014     
   SIMPLE iter       12700  res_p=   3.6776137690708310E-016  u(1,1,1)=   1.9458836112745221       p(1,1,1)=   123.71302557586087     
 DEBUG T iter       12750 min   301.28044436431281      max   971.43630668038463     
 DEBUG T iter       12800 min   301.28465859478467      max   971.93753736171300     
   SIMPLE iter       12800  res_p=   3.7470027081099033E-016  u(1,1,1)=   1.9458836112745224       p(1,1,1)=   123.71302557587082     
 DEBUG T iter       12850 min   301.28884991548938      max   972.43580814283848     
 DEBUG T iter       12900 min   301.29301843145271      max   972.93113919772088     
   SIMPLE iter       12900  res_p=   3.7816971776294395E-016  u(1,1,1)=   1.9458836112745213       p(1,1,1)=   123.71302557588024     
 DEBUG T iter       12950 min   301.29716424776751      max   973.42355049310277     
 DEBUG T iter       13000 min   301.30128746957530      max   973.91306179220680     
   SIMPLE iter       13000  res_p=   2.9837243786801082E-016  u(1,1,1)=   1.9458836112745217       p(1,1,1)=   123.71302557588898     
 DEBUG T iter       13050 min   301.30538820204839      max   974.39969265833236     
 DEBUG T iter       13100 min   301.30946655037343      max   974.88346245837249     
   SIMPLE iter       13100  res_p=   2.8796409701214998E-016  u(1,1,1)=   1.9458836112745201       p(1,1,1)=   123.71302557589752     
 DEBUG T iter       13150 min   301.31352261973427      max   975.36439036624802     
 DEBUG T iter       13200 min   301.31755651529630      max   975.84249536625339     
   SIMPLE iter       13200  res_p=   2.8796409701214998E-016  u(1,1,1)=   1.9458836112745201       p(1,1,1)=   123.71302557590604     
 DEBUG T iter       13250 min   301.32156834219091      max   976.31779625632453     
 DEBUG T iter       13300 min   301.32555820550039      max   976.79031165123388     
   SIMPLE iter       13300  res_p=   2.9837243786801082E-016  u(1,1,1)=   1.9458836112745201       p(1,1,1)=   123.71302557591457     
 DEBUG T iter       13350 min   301.32952621024413      max   977.26005998569917     
 DEBUG T iter       13400 min   301.33347246136316      max   977.72705951743433     
   SIMPLE iter       13400  res_p=   3.8163916471489756E-016  u(1,1,1)=   1.9458836112745221       p(1,1,1)=   123.71302557592280     
 DEBUG T iter       13450 min   301.33739706370903      max   978.19132833010769     
 DEBUG T iter       13500 min   301.34130012202797      max   978.65288433625005     
   SIMPLE iter       13500  res_p=   2.7408630920433552E-016  u(1,1,1)=   1.9458836112745193       p(1,1,1)=   123.71302557593047     
 DEBUG T iter       13550 min   301.34518174095035      max   979.11174528007791     
 DEBUG T iter       13600 min   301.34904202497756      max   979.56792874026746     
   SIMPLE iter       13600  res_p=   2.4286128663675299E-016  u(1,1,1)=   1.9458836112745188       p(1,1,1)=   123.71302557593762     
 DEBUG T iter       13650 min   301.35288107847089      max   980.02145213265146     
 DEBUG T iter       13700 min   301.35669900563914      max   980.47233271285143     
   SIMPLE iter       13700  res_p=   2.5673907444456745E-016  u(1,1,1)=   1.9458836112745188       p(1,1,1)=   123.71302557594473     
 DEBUG T iter       13750 min   301.36049591052853      max   980.92058757885627     
 DEBUG T iter       13800 min   301.36427189701175      max   981.36623367354218     
   SIMPLE iter       13800  res_p=   2.6367796834847468E-016  u(1,1,1)=   1.9458836112745188       p(1,1,1)=   123.71302557595183     
 DEBUG T iter       13850 min   301.36802706877796      max   981.80928778712689     
 DEBUG T iter       13900 min   301.37176152932261      max   982.24976655956846     
   SIMPLE iter       13900  res_p=   2.3939183968479938E-016  u(1,1,1)=   1.9458836112745188       p(1,1,1)=   123.71302557595894     
 DEBUG T iter       13950 min   301.37547538193820      max   982.68768648291768     
 DEBUG T iter       14000 min   301.37916872970476      max   983.12306390360504     
   SIMPLE iter       14000  res_p=   2.6020852139652106E-016  u(1,1,1)=   1.9458836112745181       p(1,1,1)=   123.71302557596596     
 DEBUG T iter       14050 min   301.38284167548147      max   983.55591502468735     
 DEBUG T iter       14100 min   301.38649432189794      max   983.98625590802590     
   SIMPLE iter       14100  res_p=   2.4633073358870661E-016  u(1,1,1)=   1.9458836112745206       p(1,1,1)=   123.71302557597245     
 DEBUG T iter       14150 min   301.39012677134582      max   984.41410247643728     
 DEBUG T iter       14200 min   301.39373912597136      max   984.83947051578093     
   SIMPLE iter       14200  res_p=   2.4980018054066022E-016  u(1,1,1)=   1.9458836112745170       p(1,1,1)=   123.71302557597845     
 DEBUG T iter       14250 min   301.39733148766692      max   985.26237567699241     
 DEBUG T iter       14300 min   301.40090395806493      max   985.68283347810291     
   SIMPLE iter       14300  res_p=   2.2551405187698492E-016  u(1,1,1)=   1.9458836112745201       p(1,1,1)=   123.71302557598422     
 DEBUG T iter       14350 min   301.40445663852944      max   986.10085930617242     
 DEBUG T iter       14400 min   301.40798963015050      max   986.51646841921229     
   SIMPLE iter       14400  res_p=   2.2204460492503131E-016  u(1,1,1)=   1.9458836112745201       p(1,1,1)=   123.71302557598990     
 DEBUG T iter       14450 min   301.41150303373735      max   986.92967594804566     
 DEBUG T iter       14500 min   301.41499694981133      max   987.34049689813583     
   SIMPLE iter       14500  res_p=   2.2204460492503131E-016  u(1,1,1)=   1.9458836112745199       p(1,1,1)=   123.71302557599559     
 DEBUG T iter       14550 min   301.41847147860119      max   987.74894615137521     
 DEBUG T iter       14600 min   301.42192672003637      max   988.15503846782588     
   SIMPLE iter       14600  res_p=   2.1857515797307769E-016  u(1,1,1)=   1.9458836112745199       p(1,1,1)=   123.71302557600127     
 DEBUG T iter       14650 min   301.42536277374177      max   988.55878848743373     
 DEBUG T iter       14700 min   301.42877973903245      max   988.96021073169254     
   SIMPLE iter       14700  res_p=   2.2898349882893854E-016  u(1,1,1)=   1.9458836112745199       p(1,1,1)=   123.71302557600696     
 DEBUG T iter       14750 min   301.43217771490873      max   989.35931960528796     
 DEBUG T iter       14800 min   301.43555680005079      max   989.75612939769258     
   SIMPLE iter       14800  res_p=   2.1510571102112408E-016  u(1,1,1)=   1.9458836112745193       p(1,1,1)=   123.71302557601247     
 DEBUG T iter       14850 min   301.43891709281439      max   990.15065428472940     
 DEBUG T iter       14900 min   301.44225869122636      max   990.54290833010361     
   SIMPLE iter       14900  res_p=   2.3939183968479938E-016  u(1,1,1)=   1.9458836112745184       p(1,1,1)=   123.71302557601754     
 DEBUG T iter       14950 min   301.44558169298068      max   990.93290548690641     
 DEBUG T iter       15000 min   301.44888619543332      max   991.32065959907754     
   SIMPLE iter       15000  res_p=   2.0122792321330962E-016  u(1,1,1)=   1.9458836112745181       p(1,1,1)=   123.71302557602233     
 DEBUG T iter       15050 min   301.45217229559938      max   991.70618440283954     
 DEBUG T iter       15100 min   301.45544009014918      max   992.08949352810578     
   SIMPLE iter       15100  res_p=   2.1510571102112408E-016  u(1,1,1)=   1.9458836112745146       p(1,1,1)=   123.71302557602671     
 DEBUG T iter       15150 min   301.45868967540451      max   992.47060049986533     
 DEBUG T iter       15200 min   301.46192114733481      max   992.84951873951354     
   SIMPLE iter       15200  res_p=   2.1510571102112408E-016  u(1,1,1)=   1.9458836112745150       p(1,1,1)=   123.71302557603097     
 DEBUG T iter       15250 min   301.46513460155512      max   993.22626156618378     
 DEBUG T iter       15300 min   301.46833013332207      max   993.60084219803480     
   SIMPLE iter       15300  res_p=   2.1510571102112408E-016  u(1,1,1)=   1.9458836112745150       p(1,1,1)=   123.71302557603524     
 DEBUG T iter       15350 min   301.47150783753114      max   993.97327375351983     
 DEBUG T iter       15400 min   301.47466780871417      max   994.34356925261875     
   SIMPLE iter       15400  res_p=   2.1510571102112408E-016  u(1,1,1)=   1.9458836112745150       p(1,1,1)=   123.71302557603950     
 DEBUG T iter       15450 min   301.47781014103680      max   994.71174161806573     
 DEBUG T iter       15500 min   301.48093492829548      max   995.07780367652458     
   SIMPLE iter       15500  res_p=   2.1510571102112408E-016  u(1,1,1)=   1.9458836112745150       p(1,1,1)=   123.71302557604376     
 DEBUG T iter       15550 min   301.48404226391568      max   995.44176815976061     
 DEBUG T iter       15600 min   301.48713224094945      max   995.80364770578467     
   SIMPLE iter       15600  res_p=   2.1510571102112408E-016  u(1,1,1)=   1.9458836112745150       p(1,1,1)=   123.71302557604803     
 DEBUG T iter       15650 min   301.49020495207344      max   996.16345485997408     
 DEBUG T iter       15700 min   301.49326048958676      max   996.52120207615667     
   SIMPLE iter       15700  res_p=   2.1510571102112408E-016  u(1,1,1)=   1.9458836112745150       p(1,1,1)=   123.71302557605229     
 DEBUG T iter       15750 min   301.49629894540954      max   996.87690171770805     
 DEBUG T iter       15800 min   301.49932041108104      max   997.23056605858392     
   SIMPLE iter       15800  res_p=   2.0816681711721685E-016  u(1,1,1)=   1.9458836112745186       p(1,1,1)=   123.71302557605654     
 DEBUG T iter       15850 min   301.50232497775767      max   997.58220728436959     
 DEBUG T iter       15900 min   301.50531273621209      max   997.93183749328580     
   SIMPLE iter       15900  res_p=   1.9428902930940239E-016  u(1,1,1)=   1.9458836112745197       p(1,1,1)=   123.71302557606033     
 DEBUG T iter       15950 min   301.50828377683160      max   998.27946869718494     
 DEBUG T iter       16000 min   301.51123818961690      max   998.62511282252535     
   SIMPLE iter       16000  res_p=   2.0122792321330962E-016  u(1,1,1)=   1.9458836112745184       p(1,1,1)=   123.71302557606394     
 DEBUG T iter       16050 min   301.51417606418084      max   998.96878171131914     
 DEBUG T iter       16100 min   301.51709748974730      max   999.31048712209281     
   SIMPLE iter       16100  res_p=   1.9081958235744878E-016  u(1,1,1)=   1.9458836112745190       p(1,1,1)=   123.71302557606737     
 DEBUG T iter       16150 min   301.52000255515031      max   999.65024073078348     
 DEBUG T iter       16200 min   301.52289134883347      max   999.98805413165007     
   SIMPLE iter       16200  res_p=   1.6306400674181987E-016  u(1,1,1)=   1.9458836112745173       p(1,1,1)=   123.71302557607039     
 DEBUG T iter       16250 min   301.52576395884876      max   1000.3239388381659     
 DEBUG T iter       16300 min   301.52862047285527      max   1000.6579062838757     
   SIMPLE iter       16300  res_p=   1.7347234759768071E-016  u(1,1,1)=   1.9458836112745161       p(1,1,1)=   123.71302557607336     
 DEBUG T iter       16350 min   301.53146097812015      max   1000.9899678232600     
 DEBUG T iter       16400 min   301.53428556151653      max   1001.3201347325665     
   SIMPLE iter       16400  res_p=   1.5959455978986625E-016  u(1,1,1)=   1.9458836112745164       p(1,1,1)=   123.71302557607623     
 DEBUG T iter       16450 min   301.53709430952375      max   1001.6484182106366     
 DEBUG T iter       16500 min   301.53988730822687      max   1001.9748293797112     
   SIMPLE iter       16500  res_p=   1.6306400674181987E-016  u(1,1,1)=   1.9458836112745164       p(1,1,1)=   123.71302557607908     
 DEBUG T iter       16550 min   301.54266464331647      max   1002.2993792862192     
 DEBUG T iter       16600 min   301.54542640008810      max   1002.6220789015601     
   SIMPLE iter       16600  res_p=   1.5265566588595902E-016  u(1,1,1)=   1.9458836112745164       p(1,1,1)=   123.71302557608192     
 DEBUG T iter       16650 min   301.54817266344213      max   1002.9429391228714     
 DEBUG T iter       16700 min   301.55090351788402      max   1003.2619707737750     
   SIMPLE iter       16700  res_p=   1.7000290064572710E-016  u(1,1,1)=   1.9458836112745164       p(1,1,1)=   123.71302557608476     
 DEBUG T iter       16750 min   301.55361904752391      max   1003.5791846051222     
 DEBUG T iter       16800 min   301.55631933607663      max   1003.8945912957051     
   SIMPLE iter       16800  res_p=   1.4918621893400541E-016  u(1,1,1)=   1.9458836112745164       p(1,1,1)=   123.71302557608760     
 DEBUG T iter       16850 min   301.55900446686212      max   1004.2082014529860     
 DEBUG T iter       16900 min   301.56167452280488      max   1004.5200256137849     
   SIMPLE iter       16900  res_p=   1.5959455978986625E-016  u(1,1,1)=   1.9458836112745164       p(1,1,1)=   123.71302557609044     
 DEBUG T iter       16950 min   301.56432958643484      max   1004.8300742449750     
 DEBUG T iter       17000 min   301.56696973988733      max   1005.1383577441603     
   SIMPLE iter       17000  res_p=   1.5612511283791264E-016  u(1,1,1)=   1.9458836112745164       p(1,1,1)=   123.71302557609329     
 DEBUG T iter       17050 min   301.56959506490335      max   1005.4448864403296     
 DEBUG T iter       17100 min   301.57220564282972      max   1005.7496705945258     
   SIMPLE iter       17100  res_p=   1.7000290064572710E-016  u(1,1,1)=   1.9458836112745164       p(1,1,1)=   123.71302557609613     
 DEBUG T iter       17150 min   301.57480155462031      max   1006.0527204004761     
 DEBUG T iter       17200 min   301.57738288083482      max   1006.3540459852378     
   SIMPLE iter       17200  res_p=   1.5612511283791264E-016  u(1,1,1)=   1.9458836112745164       p(1,1,1)=   123.71302557609897     
 DEBUG T iter       17250 min   301.57994970164128      max   1006.6536574098037     
 DEBUG T iter       17300 min   301.58250209681495      max   1006.9515646697309     
   SIMPLE iter       17300  res_p=   1.8735013540549517E-016  u(1,1,1)=   1.9458836112745164       p(1,1,1)=   123.71302557610181     
 DEBUG T iter       17350 min   301.58504014573987      max   1007.2477776957278     
 DEBUG T iter       17400 min   301.58756392740901      max   1007.5423063542585     
   SIMPLE iter       17400  res_p=   1.6653345369377348E-016  u(1,1,1)=   1.9458836112745157       p(1,1,1)=   123.71302557610451     
 DEBUG T iter       17450 min   301.59007352042494      max   1007.8351604481169     
 DEBUG T iter       17500 min   301.59256900300068      max   1008.1263497170055     
   SIMPLE iter       17500  res_p=   1.5265566588595902E-016  u(1,1,1)=   1.9458836112745179       p(1,1,1)=   123.71302557610684     
 DEBUG T iter       17550 min   301.59505045296066      max   1008.4158838381061     
 DEBUG T iter       17600 min   301.59751794774070      max   1008.7037724266169     
   SIMPLE iter       17600  res_p=   1.5612511283791264E-016  u(1,1,1)=   1.9458836112745221       p(1,1,1)=   123.71302557610909     
 DEBUG T iter       17650 min   301.59997156438970      max   1008.9900250363189     
 DEBUG T iter       17700 min   301.60241137956979      max   1009.2746511601033     
   SIMPLE iter       17700  res_p=   1.6306400674181987E-016  u(1,1,1)=   1.9458836112745181       p(1,1,1)=   123.71302557611125     
 DEBUG T iter       17750 min   301.60483746955754      max   1009.5576602305082     
 DEBUG T iter       17800 min   301.60724991024495      max   1009.8390616202341     
   SIMPLE iter       17800  res_p=   1.8041124150158794E-016  u(1,1,1)=   1.9458836112745179       p(1,1,1)=   123.71302557611327     
 DEBUG T iter       17850 min   301.60964877713997      max   1010.1188646426697     
 DEBUG T iter       17900 min   301.61203414536789      max   1010.3970785523916     
   SIMPLE iter       17900  res_p=   1.5612511283791264E-016  u(1,1,1)=   1.9458836112745197       p(1,1,1)=   123.71302557611509     
 DEBUG T iter       17950 min   301.61440608967206      max   1010.6737125456565     
 DEBUG T iter       18000 min   301.61676468441470      max   1010.9487757609081     
   SIMPLE iter       18000  res_p=   1.5612511283791264E-016  u(1,1,1)=   1.9458836112745153       p(1,1,1)=   123.71302557611668     
 DEBUG T iter       18050 min   301.61911000357878      max   1011.2222772792541     
 DEBUG T iter       18100 min   301.62144212076777      max   1011.4942261249482     
   SIMPLE iter       18100  res_p=   1.2836953722228372E-016  u(1,1,1)=   1.9458836112745181       p(1,1,1)=   123.71302557611818     
 DEBUG T iter       18150 min   301.62376110920775      max   1011.7646312658513     
 DEBUG T iter       18200 min   301.62606704174840      max   1012.0335016139093     
   SIMPLE iter       18200  res_p=   1.3530843112619095E-016  u(1,1,1)=   1.9458836112745168       p(1,1,1)=   123.71302557611970     
 DEBUG T iter       18250 min   301.62835999086349      max   1012.3008460255991     
 DEBUG T iter       18300 min   301.63064002865286      max   1012.5666733023917     
   SIMPLE iter       18300  res_p=   1.2490009027033011E-016  u(1,1,1)=   1.9458836112745148       p(1,1,1)=   123.71302557612115     
 DEBUG T iter       18350 min   301.63290722684286      max   1012.8309921911873     
 DEBUG T iter       18400 min   301.63516165678811      max   1013.0938113847573     
   SIMPLE iter       18400  res_p=   1.1796119636642288E-016  u(1,1,1)=   1.9458836112745153       p(1,1,1)=   123.71302557612258     
 DEBUG T iter       18450 min   301.63740338947207      max   1013.3551395221805     
 DEBUG T iter       18500 min   301.63963249550898      max   1013.6149851892642     
   SIMPLE iter       18500  res_p=   1.2490009027033011E-016  u(1,1,1)=   1.9458836112745153       p(1,1,1)=   123.71302557612400     
 DEBUG T iter       18550 min   301.64184904514451      max   1013.8733569189698     
 DEBUG T iter       18600 min   301.64405310825754      max   1014.1302631918303     
   SIMPLE iter       18600  res_p=   1.1796119636642288E-016  u(1,1,1)=   1.9458836112745150       p(1,1,1)=   123.71302557612542     
 DEBUG T iter       18650 min   301.64624475436062      max   1014.3857124363572     
 DEBUG T iter       18700 min   301.64842405260231      max   1014.6397130294417     
   SIMPLE iter       18700  res_p=   1.1796119636642288E-016  u(1,1,1)=   1.9458836112745150       p(1,1,1)=   123.71302557612684     
 DEBUG T iter       18750 min   301.65059107176739      max   1014.8922732967624     
 DEBUG T iter       18800 min   301.65274588027938      max   1015.1434015131741     
   SIMPLE iter       18800  res_p=   1.1796119636642288E-016  u(1,1,1)=   1.9458836112745148       p(1,1,1)=   123.71302557612826     
 DEBUG T iter       18850 min   301.65488854620060      max   1015.3931059030998     
 DEBUG T iter       18900 min   301.65701913723427      max   1015.6413946409120     
   SIMPLE iter       18900  res_p=   1.1796119636642288E-016  u(1,1,1)=   1.9458836112745148       p(1,1,1)=   123.71302557612968     
 DEBUG T iter       18950 min   301.65913772072588      max   1015.8882758513137     
 DEBUG T iter       19000 min   301.66124436366397      max   1016.1337576097138     
   SIMPLE iter       19000  res_p=   1.1796119636642288E-016  u(1,1,1)=   1.9458836112745148       p(1,1,1)=   123.71302557613110     
 DEBUG T iter       19050 min   301.66333913268227      max   1016.3778479425966     
 DEBUG T iter       19100 min   301.66542209406020      max   1016.6205548278875     
   SIMPLE iter       19100  res_p=   1.3877787807814457E-016  u(1,1,1)=   1.9458836112745150       p(1,1,1)=   123.71302557613252     
 DEBUG T iter       19150 min   301.66749331372546      max   1016.8618861953134     
 DEBUG T iter       19200 min   301.66955285725385      max   1017.1018499267623     
   SIMPLE iter       19200  res_p=   1.1449174941446927E-016  u(1,1,1)=   1.9458836112745148       p(1,1,1)=   123.71302557613394     
 DEBUG T iter       19250 min   301.67160078987212      max   1017.3404538566244     
 DEBUG T iter       19300 min   301.67363717645856      max   1017.5777057721587     
   SIMPLE iter       19300  res_p=   1.4224732503009818E-016  u(1,1,1)=   1.9458836112745153       p(1,1,1)=   123.71302557613537     
 DEBUG T iter       19350 min   301.67566208154471      max   1017.8136134138225     
 DEBUG T iter       19400 min   301.67767556931670      max   1018.0481844756121     
   SIMPLE iter       19400  res_p=   1.4224732503009818E-016  u(1,1,1)=   1.9458836112745153       p(1,1,1)=   123.71302557613679     
 DEBUG T iter       19450 min   301.67967770361639      max   1018.2814266054077     
 DEBUG T iter       19500 min   301.68166854794407      max   1018.5133474053019     
   SIMPLE iter       19500  res_p=   1.4224732503009818E-016  u(1,1,1)=   1.9458836112745150       p(1,1,1)=   123.71302557613821     
 DEBUG T iter       19550 min   301.68364816545738      max   1018.7439544319196     
 DEBUG T iter       19600 min   301.68561661897598      max   1018.9732551967581     
   SIMPLE iter       19600  res_p=   1.2836953722228372E-016  u(1,1,1)=   1.9458836112745150       p(1,1,1)=   123.71302557613963     
 DEBUG T iter       19650 min   301.68757397098000      max   1019.2012571664907     
 DEBUG T iter       19700 min   301.68952028361389      max   1019.4279677632979     
   SIMPLE iter       19700  res_p=   1.2836953722228372E-016  u(1,1,1)=   1.9458836112745148       p(1,1,1)=   123.71302557614105     
 DEBUG T iter       19750 min   301.69145561868618      max   1019.6533943651741     
 DEBUG T iter       19800 min   301.69338003767177      max   1019.8775443062397     
   SIMPLE iter       19800  res_p=   1.1796119636642288E-016  u(1,1,1)=   1.9458836112745148       p(1,1,1)=   123.71302557614247     
 DEBUG T iter       19850 min   301.69529360171339      max   1020.1004248770474     
 DEBUG T iter       19900 min   301.69719637162251      max   1020.3220433248875     
   SIMPLE iter       19900  res_p=   1.3183898417423734E-016  u(1,1,1)=   1.9458836112745148       p(1,1,1)=   123.71302557614389     
 DEBUG T iter       19950 min   301.69908840788173      max   1020.5424068540858     
 DEBUG T iter       20000 min   301.70096977064537      max   1020.7615226263048     
   SIMPLE iter       20000  res_p=   1.3530843112619095E-016  u(1,1,1)=   1.9458836112745150       p(1,1,1)=   123.71302557614531     
 DEBUG T iter       20050 min   301.70284051974141      max   1020.9793977608305     
 DEBUG T iter       20100 min   301.70470071467309      max   1021.1960393348733     
   SIMPLE iter       20100  res_p=   1.2490009027033011E-016  u(1,1,1)=   1.9458836112745153       p(1,1,1)=   123.71302557614673     
 DEBUG T iter       20150 min   301.70655041461970      max   1021.4114543838405     
 DEBUG T iter       20200 min   301.70838967843889      max   1021.6256499016428     
   SIMPLE iter       20200  res_p=   1.3183898417423734E-016  u(1,1,1)=   1.9458836112745153       p(1,1,1)=   123.71302557614815     
 DEBUG T iter       20250 min   301.71021856466780      max   1021.8386328409584     
 DEBUG T iter       20300 min   301.71203713152471      max   1022.0504101135153     
   SIMPLE iter       20300  res_p=   1.3530843112619095E-016  u(1,1,1)=   1.9458836112745153       p(1,1,1)=   123.71302557614958     
 DEBUG T iter       20350 min   301.71384543690999      max   1022.2609885903757     
 DEBUG T iter       20400 min   301.71564353840779      max   1022.4703751022037     
   SIMPLE iter       20400  res_p=   1.3530843112619095E-016  u(1,1,1)=   1.9458836112745155       p(1,1,1)=   123.71302557615074     
 DEBUG T iter       20450 min   301.71743149328859      max   1022.6785764395321     
 DEBUG T iter       20500 min   301.71920935850875      max   1022.8855993530394     
   SIMPLE iter       20500  res_p=   1.4224732503009818E-016  u(1,1,1)=   1.9458836112745190       p(1,1,1)=   123.71302557615176     
 DEBUG T iter       20550 min   301.72097719071371      max   1023.0914505538028     
 DEBUG T iter       20600 min   301.72273504623877      max   1023.2961367135780     
   SIMPLE iter       20600  res_p=   1.5959455978986625E-016  u(1,1,1)=   1.9458836112745144       p(1,1,1)=   123.71302557615270     
 DEBUG T iter       20650 min   301.72448298110999      max   1023.4996644650444     
 DEBUG T iter       20700 min   301.72622105104722      max   1023.7020404020748     
   SIMPLE iter       20700  res_p=   1.2836953722228372E-016  u(1,1,1)=   1.9458836112745153       p(1,1,1)=   123.71302557615360     
 DEBUG T iter       20750 min   301.72794931146376      max   1023.9032710799784     
 DEBUG T iter       20800 min   301.72966781746925      max   1024.1033630157613     
   SIMPLE iter       20800  res_p=   1.3530843112619095E-016  u(1,1,1)=   1.9458836112745155       p(1,1,1)=   123.71302557615449     
 DEBUG T iter       20850 min   301.73137662387040      max   1024.3023226883781     
 DEBUG T iter       20900 min   301.73307578517279      max   1024.5001565389755     
   SIMPLE iter       20900  res_p=   1.2490009027033011E-016  u(1,1,1)=   1.9458836112745173       p(1,1,1)=   123.71302557615533     
 DEBUG T iter       20950 min   301.73476535558228      max   1024.6968709711475     
 DEBUG T iter       21000 min   301.73644538900618      max   1024.8924723511577     
   SIMPLE iter       21000  res_p=   1.2143064331837650E-016  u(1,1,1)=   1.9458836112745177       p(1,1,1)=   123.71302557615616     
 DEBUG T iter       21050 min   301.73811593905532      max   1025.0869670082120     
 DEBUG T iter       21100 min   301.73977705904491      max   1025.2803612346695     
   SIMPLE iter       21100  res_p=   1.2836953722228372E-016  u(1,1,1)=   1.9458836112745166       p(1,1,1)=   123.71302557615695     
 DEBUG T iter       21150 min   301.74142880199634      max   1025.4726612862949     
 DEBUG T iter       21200 min   301.74307122063880      max   1025.6638733824927     
   SIMPLE iter       21200  res_p=   1.2143064331837650E-016  u(1,1,1)=   1.9458836112745166       p(1,1,1)=   123.71302557615772     
 DEBUG T iter       21250 min   301.74470436741012      max   1025.8540037065247     
 DEBUG T iter       21300 min   301.74632829445881      max   1026.0430584057704     
   SIMPLE iter       21300  res_p=   1.4224732503009818E-016  u(1,1,1)=   1.9458836112745161       p(1,1,1)=   123.71302557615846     
 DEBUG T iter       21350 min   301.74794305364532      max   1026.2310435919296     
 DEBUG T iter       21400 min   301.74954869654340      max   1026.4179653412559     
   SIMPLE iter       21400  res_p=   1.3877787807814457E-016  u(1,1,1)=   1.9458836112745166       p(1,1,1)=   123.71302557615920     
 DEBUG T iter       21450 min   301.75114527444180      max   1026.6038296947886     
 DEBUG T iter       21500 min   301.75273283834542      max   1026.7886426585731     
   SIMPLE iter       21500  res_p=   1.2490009027033011E-016  u(1,1,1)=   1.9458836112745159       p(1,1,1)=   123.71302557615991     
 DEBUG T iter       21550 min   301.75431143897669      max   1026.9724102038690     
 DEBUG T iter       21600 min   301.75588112677758      max   1027.1551382673870     
   SIMPLE iter       21600  res_p=   1.7000290064572710E-016  u(1,1,1)=   1.9458836112745166       p(1,1,1)=   123.71302557616058     
 DEBUG T iter       21650 min   301.75744195191049      max   1027.3368327515000     
 DEBUG T iter       21700 min   301.75899396425979      max   1027.5174995244545     
   SIMPLE iter       21700  res_p=   1.3183898417423734E-016  u(1,1,1)=   1.9458836112745166       p(1,1,1)=   123.71302557616121     
 DEBUG T iter       21750 min   301.76053721343288      max   1027.6971444205928     
 DEBUG T iter       21800 min   301.76207174876276      max   1027.8757732405479     
   SIMPLE iter       21800  res_p=   1.5612511283791264E-016  u(1,1,1)=   1.9458836112745215       p(1,1,1)=   123.71302557616183     
 DEBUG T iter       21850 min   301.76359761930820      max   1028.0533917514763     
 DEBUG T iter       21900 min   301.76511487385574      max   1028.2300056872514     
   SIMPLE iter       21900  res_p=   1.3877787807814457E-016  u(1,1,1)=   1.9458836112745173       p(1,1,1)=   123.71302557616241     
 DEBUG T iter       21950 min   301.76662356092123      max   1028.4056207486731     
 DEBUG T iter       22000 min   301.76812372875042      max   1028.5802426036744     
   SIMPLE iter       22000  res_p=   1.5612511283791264E-016  u(1,1,1)=   1.9458836112745164       p(1,1,1)=   123.71302557616295     
 DEBUG T iter       22050 min   301.76961542532149      max   1028.7538768875261     
 DEBUG T iter       22100 min   301.77109869834567      max   1028.9265292030293     
   SIMPLE iter       22100  res_p=   1.2490009027033011E-016  u(1,1,1)=   1.9458836112745175       p(1,1,1)=   123.71302557616343     
 DEBUG T iter       22150 min   301.77257359526891      max   1029.0982051207347     
 DEBUG T iter       22200 min   301.77404016327353      max   1029.2689101791204     
   SIMPLE iter       22200  res_p=   1.5959455978986625E-016  u(1,1,1)=   1.9458836112745184       p(1,1,1)=   123.71302557616386     
 DEBUG T iter       22250 min   301.77549844927825      max   1029.4386498847973     
 DEBUG T iter       22300 min   301.77694849994174      max   1029.6074297127097     
   SIMPLE iter       22300  res_p=   1.7000290064572710E-016  u(1,1,1)=   1.9458836112745164       p(1,1,1)=   123.71302557616423     
 DEBUG T iter       22350 min   301.77839036166222      max   1029.7752551063247     
 DEBUG T iter       22400 min   301.77982408057966      max   1029.9421314778233     
   SIMPLE iter       22400  res_p=   1.4224732503009818E-016  u(1,1,1)=   1.9458836112745159       p(1,1,1)=   123.71302557616460     
 DEBUG T iter       22450 min   301.78124970257676      max   1030.1080642082907     
 DEBUG T iter       22500 min   301.78266727328065      max   1030.2730586479056     
   SIMPLE iter       22500  res_p=   1.2836953722228372E-016  u(1,1,1)=   1.9458836112745170       p(1,1,1)=   123.71302557616485     
 DEBUG T iter       22550 min   301.78407683806398      max   1030.4371201161457     
 DEBUG T iter       22600 min   301.78547844204621      max   1030.6002539019410     
   SIMPLE iter       22600  res_p=   1.3530843112619095E-016  u(1,1,1)=   1.9458836112745166       p(1,1,1)=   123.71302557616512     
 DEBUG T iter       22650 min   301.78687213009533      max   1030.7624652638860     
 DEBUG T iter       22700 min   301.78825794682882      max   1030.9237594304125     
   SIMPLE iter       22700  res_p=   1.2490009027033011E-016  u(1,1,1)=   1.9458836112745175       p(1,1,1)=   123.71302557616532     
 DEBUG T iter       22750 min   301.78963593661496      max   1031.0841415999739     
 DEBUG T iter       22800 min   301.79100614357475      max   1031.2436169412304     
   SIMPLE iter       22800  res_p=   1.3530843112619095E-016  u(1,1,1)=   1.9458836112745164       p(1,1,1)=   123.71302557616552     
 DEBUG T iter       22850 min   301.79236861158228      max   1031.4021905932193     
 DEBUG T iter       22900 min   301.79372338426674      max   1031.5598676655400     
   SIMPLE iter       22900  res_p=   1.2143064331837650E-016  u(1,1,1)=   1.9458836112745153       p(1,1,1)=   123.71302557616568     
 DEBUG T iter       22950 min   301.79507050501371      max   1031.7166532385386     
 DEBUG T iter       23000 min   301.79641001696598      max   1031.8725523634691     
   SIMPLE iter       23000  res_p=   1.1449174941446927E-016  u(1,1,1)=   1.9458836112745170       p(1,1,1)=   123.71302557616582     
 DEBUG T iter       23050 min   301.79774196302515      max   1032.0275700626739     
 DEBUG T iter       23100 min   301.79906638585339      max   1032.1817113297545     
   SIMPLE iter       23100  res_p=   1.1449174941446927E-016  u(1,1,1)=   1.9458836112745150       p(1,1,1)=   123.71302557616595     
 DEBUG T iter       23150 min   301.80038332787393      max   1032.3349811297546     
 DEBUG T iter       23200 min   301.80169283127253      max   1032.4873843993200     
   SIMPLE iter       23200  res_p=   9.3675067702747583E-017  u(1,1,1)=   1.9458836112745166       p(1,1,1)=   123.71302557616602     
 DEBUG T iter       23250 min   301.80299493799885      max   1032.6389260468679     
 DEBUG T iter       23300 min   301.80428968976861      max   1032.7896109527694     
   SIMPLE iter       23300  res_p=   1.1796119636642288E-016  u(1,1,1)=   1.9458836112745173       p(1,1,1)=   123.71302557616617     
 DEBUG T iter       23350 min   301.80557712806279      max   1032.9394439694840     
 DEBUG T iter       23400 min   301.80685729413102      max   1033.0884299217680     
   SIMPLE iter       23400  res_p=   9.7144514654701197E-017  u(1,1,1)=   1.9458836112745164       p(1,1,1)=   123.71302557616620     
 DEBUG T iter       23450 min   301.80813022899167      max   1033.2365736068139     
 DEBUG T iter       23500 min   301.80939597343320      max   1033.3838797944122     
   SIMPLE iter       23500  res_p=   8.6736173798840355E-017  u(1,1,1)=   1.9458836112745164       p(1,1,1)=   123.71302557616627     
 DEBUG T iter       23550 min   301.81065456801571      max   1033.5303532271309     
 DEBUG T iter       23600 min   301.81190605307205      max   1033.6759986204563     
   SIMPLE iter       23600  res_p=   9.3675067702747583E-017  u(1,1,1)=   1.9458836112745166       p(1,1,1)=   123.71302557616633     
 DEBUG T iter       23650 min   301.81315046870907      max   1033.8208206629729     
 DEBUG T iter       23700 min   301.81438785480844      max   1033.9648240165143     
   SIMPLE iter       23700  res_p=   1.0755285551056204E-016  u(1,1,1)=   1.9458836112745166       p(1,1,1)=   123.71302557616633     
 DEBUG T iter       23750 min   301.81561825102887      max   1034.1080133163093     
 DEBUG T iter       23800 min   301.81684169680625      max   1034.2503931711626     
   SIMPLE iter       23800  res_p=   9.0205620750793969E-017  u(1,1,1)=   1.9458836112745166       p(1,1,1)=   123.71302557616633     
 DEBUG T iter       23850 min   301.81805823135545      max   1034.3919681635930     
 DEBUG T iter       23900 min   301.81926789367122      max   1034.5327428499916     
   SIMPLE iter       23900  res_p=   6.9388939039072284E-017  u(1,1,1)=   1.9458836112745164       p(1,1,1)=   123.71302557616640     
 DEBUG T iter       23950 min   301.82047072252971      max   1034.6727217607868     
 DEBUG T iter       24000 min   301.82166675648978      max   1034.8119094005779     
   SIMPLE iter       24000  res_p=   6.9388939039072284E-017  u(1,1,1)=   1.9458836112745164       p(1,1,1)=   123.71302557616640     
 DEBUG T iter       24050 min   301.82285603389323      max   1034.9503102483015     
 DEBUG T iter       24100 min   301.82403859286705      max   1035.0879287573800     
   SIMPLE iter       24100  res_p=   6.9388939039072284E-017  u(1,1,1)=   1.9458836112745164       p(1,1,1)=   123.71302557616640     
 DEBUG T iter       24150 min   301.82521447132450      max   1035.2247693558666     
 DEBUG T iter       24200 min   301.82638370696543      max   1035.3608364465949     
   SIMPLE iter       24200  res_p=   1.1102230246251565E-016  u(1,1,1)=   1.9458836112745164       p(1,1,1)=   123.71302557616640     
 DEBUG T iter       24250 min   301.82754633727831      max   1035.4961344073347     
 DEBUG T iter       24300 min   301.82870239954110      max   1035.6306675909275     
   SIMPLE iter       24300  res_p=   9.0205620750793969E-017  u(1,1,1)=   1.9458836112745159       p(1,1,1)=   123.71302557616647     
 DEBUG T iter       24350 min   301.82985193082231      max   1035.7644403254428     
 DEBUG T iter       24400 min   301.83099496798229      max   1035.8974569143083     
   SIMPLE iter       24400  res_p=   6.9388939039072284E-017  u(1,1,1)=   1.9458836112745159       p(1,1,1)=   123.71302557616647     
 DEBUG T iter       24450 min   301.83213154767407      max   1036.0297216364763     
 DEBUG T iter       24500 min   301.83326170634507      max   1036.1612387465425     
   SIMPLE iter       24500  res_p=   6.9388939039072284E-017  u(1,1,1)=   1.9458836112745159       p(1,1,1)=   123.71302557616647     
 DEBUG T iter       24550 min   301.83438548023770      max   1036.2920124749035     
 DEBUG T iter       24600 min   301.83550290539091      max   1036.4220470278949     
   SIMPLE iter       24600  res_p=   6.9388939039072284E-017  u(1,1,1)=   1.9458836112745159       p(1,1,1)=   123.71302557616647     
 DEBUG T iter       24650 min   301.83661401764084      max   1036.5513465879339     
 DEBUG T iter       24700 min   301.83771885262217      max   1036.6799153136444     
   SIMPLE iter       24700  res_p=   6.9388939039072284E-017  u(1,1,1)=   1.9458836112745159       p(1,1,1)=   123.71302557616647     
 DEBUG T iter       24750 min   301.83881744576939      max   1036.8077573400124     
 DEBUG T iter       24800 min   301.83990983231774      max   1036.9348767785234     
   SIMPLE iter       24800  res_p=   6.9388939039072284E-017  u(1,1,1)=   1.9458836112745159       p(1,1,1)=   123.71302557616647     
 DEBUG T iter       24850 min   301.84099604730432      max   1037.0612777172814     
 DEBUG T iter       24900 min   301.84207612556906      max   1037.1869642211582     
   SIMPLE iter       24900  res_p=   6.9388939039072284E-017  u(1,1,1)=   1.9458836112745159       p(1,1,1)=   123.71302557616647     
 DEBUG T iter       24950 min   301.84315010175612      max   1037.3119403319358     
 DEBUG T iter       25000 min   301.84421801031465      max   1037.4362100684168     
   SIMPLE iter       25000  res_p=   6.9388939039072284E-017  u(1,1,1)=   1.9458836112745159       p(1,1,1)=   123.71302557616647     
 DEBUG T iter       25050 min   301.84527988550013      max   1037.5597774265814     
 DEBUG T iter       25100 min   301.84633576137531      max   1037.6826463797058     
   SIMPLE iter       25100  res_p=   6.9388939039072284E-017  u(1,1,1)=   1.9458836112745159       p(1,1,1)=   123.71302557616647     
 DEBUG T iter       25150 min   301.84738567181103      max   1037.8048208785071     
 DEBUG T iter       25200 min   301.84842965048784      max   1037.9263048512526     
   SIMPLE iter       25200  res_p=   6.9388939039072284E-017  u(1,1,1)=   1.9458836112745159       p(1,1,1)=   123.71302557616647     
 DEBUG T iter       25250 min   301.84946773089666      max   1038.0471022039017     
 DEBUG T iter       25300 min   301.85049994633977      max   1038.1672168202433     
   SIMPLE iter       25300  res_p=   6.9388939039072284E-017  u(1,1,1)=   1.9458836112745159       p(1,1,1)=   123.71302557616647     
 DEBUG T iter       25350 min   301.85152632993220      max   1038.2866525620100     
 DEBUG T iter       25400 min   301.85254691460278      max   1038.4054132690146     
   SIMPLE iter       25400  res_p=   6.9388939039072284E-017  u(1,1,1)=   1.9458836112745159       p(1,1,1)=   123.71302557616647     
 DEBUG T iter       25450 min   301.85356173309424      max   1038.5235027592703     
 DEBUG T iter       25500 min   301.85457081796568      max   1038.6409248291238     
   SIMPLE iter       25500  res_p=   6.9388939039072284E-017  u(1,1,1)=   1.9458836112745159       p(1,1,1)=   123.71302557616647     
 DEBUG T iter       25550 min   301.85557420159250      max   1038.7576832533739     
 DEBUG T iter       25600 min   301.85657191616809      max   1038.8737817853914     
   SIMPLE iter       25600  res_p=   6.9388939039072284E-017  u(1,1,1)=   1.9458836112745159       p(1,1,1)=   123.71302557616647     
 DEBUG T iter       25650 min   301.85756399370428      max   1038.9892241572604     
 DEBUG T iter       25700 min   301.85855046603268      max   1039.1040140798825     
   SIMPLE iter       25700  res_p=   6.9388939039072284E-017  u(1,1,1)=   1.9458836112745159       p(1,1,1)=   123.71302557616647     
 DEBUG T iter       25750 min   301.85953136480566      max   1039.2181552431121     
 DEBUG T iter       25800 min   301.86050672149736      max   1039.3316513158659     
   SIMPLE iter       25800  res_p=   6.9388939039072284E-017  u(1,1,1)=   1.9458836112745159       p(1,1,1)=   123.71302557616647     
 DEBUG T iter       25850 min   301.86147656740445      max   1039.4445059462494     
 DEBUG T iter       25900 min   301.86244093364758      max   1039.5567227616855     
   SIMPLE iter       25900  res_p=   6.9388939039072284E-017  u(1,1,1)=   1.9458836112745159       p(1,1,1)=   123.71302557616647     
 DEBUG T iter       25950 min   301.86339985117189      max   1039.6683053690115     
 DEBUG T iter       26000 min   301.86435335074805      max   1039.7792573546117     
   SIMPLE iter       26000  res_p=   6.9388939039072284E-017  u(1,1,1)=   1.9458836112745159       p(1,1,1)=   123.71302557616647     
 DEBUG T iter       26050 min   301.86530146297366      max   1039.8895822845445     
 DEBUG T iter       26100 min   301.86624421827361      max   1039.9992837046368     
   SIMPLE iter       26100  res_p=   6.9388939039072284E-017  u(1,1,1)=   1.9458836112745159       p(1,1,1)=   123.71302557616647     
 DEBUG T iter       26150 min   301.86718164690160      max   1040.1083651406213     
 DEBUG T iter       26200 min   301.86811377894077      max   1040.2168300982351     
   SIMPLE iter       26200  res_p=   6.9388939039072284E-017  u(1,1,1)=   1.9458836112745159       p(1,1,1)=   123.71302557616647     
 DEBUG T iter       26250 min   301.86904064430445      max   1040.3246820633453     
 DEBUG T iter       26300 min   301.86996227273784      max   1040.4319245020533     
   SIMPLE iter       26300  res_p=   6.9388939039072284E-017  u(1,1,1)=   1.9458836112745159       p(1,1,1)=   123.71302557616647     
 DEBUG T iter       26350 min   301.87087869381804      max   1040.5385608608228     
 DEBUG T iter       26400 min   301.87178993695579      max   1040.6445945665807     
   SIMPLE iter       26400  res_p=   6.9388939039072284E-017  u(1,1,1)=   1.9458836112745159       p(1,1,1)=   123.71302557616647     
 DEBUG T iter       26450 min   301.87269603139566      max   1040.7500290268297     
 DEBUG T iter       26500 min   301.87359700621784      max   1040.8548676297605     
   SIMPLE iter       26500  res_p=   6.9388939039072284E-017  u(1,1,1)=   1.9458836112745159       p(1,1,1)=   123.71302557616647     
 DEBUG T iter       26550 min   301.87449289033827      max   1040.9591137443638     
 DEBUG T iter       26600 min   301.87538371250969      max   1041.0627707205504     
   SIMPLE iter       26600  res_p=   6.9388939039072284E-017  u(1,1,1)=   1.9458836112745159       p(1,1,1)=   123.71302557616647     
 DEBUG T iter       26650 min   301.87626950132329      max   1041.1658418892418     
 DEBUG T iter       26700 min   301.87715028520830      max   1041.2683305624851     
   SIMPLE iter       26700  res_p=   6.9388939039072284E-017  u(1,1,1)=   1.9458836112745159       p(1,1,1)=   123.71302557616647     
 DEBUG T iter       26750 min   301.87802609243454      max   1041.3702400335712     
 DEBUG T iter       26800 min   301.87889695111159      max   1041.4715735771258     
   SIMPLE iter       26800  res_p=   6.9388939039072284E-017  u(1,1,1)=   1.9458836112745159       p(1,1,1)=   123.71302557616647     
 DEBUG T iter       26850 min   301.87976288919094      max   1041.5723344492342     
 DEBUG T iter       26900 min   301.88062393446631      max   1041.6725258875331     
   SIMPLE iter       26900  res_p=   6.9388939039072284E-017  u(1,1,1)=   1.9458836112745159       p(1,1,1)=   123.71302557616647     
 DEBUG T iter       26950 min   301.88148011457486      max   1041.7721511113168     
 DEBUG T iter       27000 min   301.88233145699769      max   1041.8712133216516     
   SIMPLE iter       27000  res_p=   6.9388939039072284E-017  u(1,1,1)=   1.9458836112745159       p(1,1,1)=   123.71302557616647     
 DEBUG T iter       27050 min   301.88317798906093      max   1041.9697157014693     
 DEBUG T iter       27100 min   301.88401973793657      max   1042.0676614156821     
   SIMPLE iter       27100  res_p=   6.9388939039072284E-017  u(1,1,1)=   1.9458836112745159       p(1,1,1)=   123.71302557616647     
 DEBUG T iter       27150 min   301.88485673064349      max   1042.1650536112713     
 DEBUG T iter       27200 min   301.88568899404800      max   1042.2618954174050     
   SIMPLE iter       27200  res_p=   6.9388939039072284E-017  u(1,1,1)=   1.9458836112745159       p(1,1,1)=   123.71302557616647     
 DEBUG T iter       27250 min   301.88651655486484      max   1042.3581899455296     
 DEBUG T iter       27300 min   301.88733943965804      max   1042.4539402894754     
   SIMPLE iter       27300  res_p=   6.9388939039072284E-017  u(1,1,1)=   1.9458836112745159       p(1,1,1)=   123.71302557616647     
 DEBUG T iter       27350 min   301.88815767484209      max   1042.5491495255528     
 DEBUG T iter       27400 min   301.88897128668191      max   1042.6438207126535     
   SIMPLE iter       27400  res_p=   6.9388939039072284E-017  u(1,1,1)=   1.9458836112745159       p(1,1,1)=   123.71302557616647     
 DEBUG T iter       27450 min   301.88978030129465      max   1042.7379568923507     
 DEBUG T iter       27500 min   301.89058474465003      max   1042.8315610890047     
   SIMPLE iter       27500  res_p=   6.9388939039072284E-017  u(1,1,1)=   1.9458836112745159       p(1,1,1)=   123.71302557616647     
 DEBUG T iter       27550 min   301.89138464257110      max   1042.9246363098468     
 DEBUG T iter       27600 min   301.89218002073540      max   1043.0171855450878     
   SIMPLE iter       27600  res_p=   6.9388939039072284E-017  u(1,1,1)=   1.9458836112745159       p(1,1,1)=   123.71302557616647     
 DEBUG T iter       27650 min   301.89297090467534      max   1043.1092117680141     
 DEBUG T iter       27700 min   301.89375731977941      max   1043.2007179350821     
   SIMPLE iter       27700  res_p=   6.9388939039072284E-017  u(1,1,1)=   1.9458836112745159       p(1,1,1)=   123.71302557616647     
 DEBUG T iter       27750 min   301.89453929129303      max   1043.2917069860109     
 DEBUG T iter       27800 min   301.89531684431876      max   1043.3821818438832     
   SIMPLE iter       27800  res_p=   6.9388939039072284E-017  u(1,1,1)=   1.9458836112745159       p(1,1,1)=   123.71302557616647     
 DEBUG T iter       27850 min   301.89609000381768      max   1043.4721454152393     
 DEBUG T iter       27900 min   301.89685879461001      max   1043.5616005901602     
   SIMPLE iter       27900  res_p=   6.9388939039072284E-017  u(1,1,1)=   1.9458836112745159       p(1,1,1)=   123.71302557616647     
 DEBUG T iter       27950 min   301.89762324137598      max   1043.6505502423802     
 DEBUG T iter       28000 min   301.89838336865643      max   1043.7389972293681     
   SIMPLE iter       28000  res_p=   6.9388939039072284E-017  u(1,1,1)=   1.9458836112745159       p(1,1,1)=   123.71302557616647     
 DEBUG T iter       28050 min   301.89913920085371      max   1043.8269443924212     
 DEBUG T iter       28100 min   301.89989076223230      max   1043.9143945567594     
   SIMPLE iter       28100  res_p=   6.9388939039072284E-017  u(1,1,1)=   1.9458836112745159       p(1,1,1)=   123.71302557616647     
 DEBUG T iter       28150 min   301.90063807692007      max   1044.0013505316142     
 DEBUG T iter       28200 min   301.90138116890842      max   1044.0878151103193     
   SIMPLE iter       28200  res_p=   6.9388939039072284E-017  u(1,1,1)=   1.9458836112745159       p(1,1,1)=   123.71302557616647     
 DEBUG T iter       28250 min   301.90212006205314      max   1044.1737910704055     
 DEBUG T iter       28300 min   301.90285478007615      max   1044.2592811736879     
   SIMPLE iter       28300  res_p=   6.9388939039072284E-017  u(1,1,1)=   1.9458836112745159       p(1,1,1)=   123.71302557616647     
 DEBUG T iter       28350 min   301.90358534656457      max   1044.3442881663539     
 DEBUG T iter       28400 min   301.90431178497295      max   1044.4288147790530     
   SIMPLE iter       28400  res_p=   6.9388939039072284E-017  u(1,1,1)=   1.9458836112745159       p(1,1,1)=   123.71302557616647     
 DEBUG T iter       28450 min   301.90503411862312      max   1044.5128637269863     
 DEBUG T iter       28500 min   301.90575237070539      max   1044.5964377099949     
   SIMPLE iter       28500  res_p=   6.9388939039072284E-017  u(1,1,1)=   1.9458836112745159       p(1,1,1)=   123.71302557616647     
 DEBUG T iter       28550 min   301.90646656427919      max   1044.6795394126430     
 DEBUG T iter       28600 min   301.90717672227356      max   1044.7621715043031     
   SIMPLE iter       28600  res_p=   6.9388939039072284E-017  u(1,1,1)=   1.9458836112745159       p(1,1,1)=   123.71302557616647     
 DEBUG T iter       28650 min   301.90788286748858      max   1044.8443366392573     
 DEBUG T iter       28700 min   301.90858502259499      max   1044.9260374567632     
   SIMPLE iter       28700  res_p=   6.9388939039072284E-017  u(1,1,1)=   1.9458836112745159       p(1,1,1)=   123.71302557616647     
 DEBUG T iter       28750 min   301.90928321013604      max   1045.0072765811547     
 DEBUG T iter       28800 min   301.90997745252730      max   1045.0880566219121     
   SIMPLE iter       28800  res_p=   6.9388939039072284E-017  u(1,1,1)=   1.9458836112745159       p(1,1,1)=   123.71302557616647     
 DEBUG T iter       28850 min   301.91066777205810      max   1045.1683801737670     
 DEBUG T iter       28900 min   301.91135419089193      max   1045.2482498167642     
   SIMPLE iter       28900  res_p=   6.9388939039072284E-017  u(1,1,1)=   1.9458836112745159       p(1,1,1)=   123.71302557616647     
 DEBUG T iter       28950 min   301.91203673106673      max   1045.3276681163568     
 DEBUG T iter       29000 min   301.91271541449646      max   1045.4066376234900     
   SIMPLE iter       29000  res_p=   6.9388939039072284E-017  u(1,1,1)=   1.9458836112745159       p(1,1,1)=   123.71302557616647     
 DEBUG T iter       29050 min   301.91339026297129      max   1045.4851608746792     
 DEBUG T iter       29100 min   301.91406129815795      max   1045.5632403920931     
   SIMPLE iter       29100  res_p=   6.9388939039072284E-017  u(1,1,1)=   1.9458836112745159       p(1,1,1)=   123.71302557616647     
 DEBUG T iter       29150 min   301.91472854160145      max   1045.6408786836346     
 DEBUG T iter       29200 min   301.91539201472460      max   1045.7180782430164     
   SIMPLE iter       29200  res_p=   6.9388939039072284E-017  u(1,1,1)=   1.9458836112745159       p(1,1,1)=   123.71302557616647     
 DEBUG T iter       29250 min   301.91605173882959      max   1045.7948415498599     
 DEBUG T iter       29300 min   301.91670773509810      max   1045.8711710697521     
   SIMPLE iter       29300  res_p=   6.9388939039072284E-017  u(1,1,1)=   1.9458836112745159       p(1,1,1)=   123.71302557616647     
 DEBUG T iter       29350 min   301.91736002459237      max   1045.9470692543439     
 DEBUG T iter       29400 min   301.91800862825556      max   1046.0225385414169     
   SIMPLE iter       29400  res_p=   6.9388939039072284E-017  u(1,1,1)=   1.9458836112745159       p(1,1,1)=   123.71302557616647     
 DEBUG T iter       29450 min   301.91865356691255      max   1046.0975813549653     
 DEBUG T iter       29500 min   301.91929486127088      max   1046.1722001052808     
   SIMPLE iter       29500  res_p=   6.9388939039072284E-017  u(1,1,1)=   1.9458836112745159       p(1,1,1)=   123.71302557616647     
 DEBUG T iter       29550 min   301.91993253192089      max   1046.2463971890143     
 DEBUG T iter       29600 min   301.92056659933672      max   1046.3201749892753     
   SIMPLE iter       29600  res_p=   6.9388939039072284E-017  u(1,1,1)=   1.9458836112745159       p(1,1,1)=   123.71302557616647     
 DEBUG T iter       29650 min   301.92119708387679      max   1046.3935358756905     
 DEBUG T iter       29700 min   301.92182400578474      max   1046.4664822044906     
   SIMPLE iter       29700  res_p=   6.9388939039072284E-017  u(1,1,1)=   1.9458836112745159       p(1,1,1)=   123.71302557616647     
 DEBUG T iter       29750 min   301.92244738518997      max   1046.5390163185771     
 DEBUG T iter       29800 min   301.92306724210761      max   1046.6111405476063     
   SIMPLE iter       29800  res_p=   6.9388939039072284E-017  u(1,1,1)=   1.9458836112745159       p(1,1,1)=   123.71302557616647     
 DEBUG T iter       29850 min   301.92368359644041      max   1046.6828572080599     
 DEBUG T iter       29900 min   301.92429646797837      max   1046.7541686033239     
   SIMPLE iter       29900  res_p=   6.9388939039072284E-017  u(1,1,1)=   1.9458836112745159       p(1,1,1)=   123.71302557616647     
 DEBUG T iter       29950 min   301.92490587639986      max   1046.8250770237596     
 DEBUG T iter       30000 min   301.92551184127217      max   1046.8955847467735     
   SIMPLE iter       30000  res_p=   6.9388939039072284E-017  u(1,1,1)=   1.9458836112745159       p(1,1,1)=   123.71302557616647     
 DEBUG T iter       30050 min   301.92611438205171      max   1046.9656940369005     
 DEBUG T iter       30100 min   301.92671351808531      max   1047.0354071458669     
   SIMPLE iter       30100  res_p=   6.9388939039072284E-017  u(1,1,1)=   1.9458836112745159       p(1,1,1)=   123.71302557616647     
 DEBUG T iter       30150 min   301.92730926861083      max   1047.1047263126750     
 DEBUG T iter       30200 min   301.92790165275659      max   1047.1736537636555     
   SIMPLE iter       30200  res_p=   6.9388939039072284E-017  u(1,1,1)=   1.9458836112745159       p(1,1,1)=   123.71302557616647     
 DEBUG T iter       30250 min   301.92849068954365      max   1047.2421917125648     
 DEBUG T iter       30300 min   301.92907639788552      max   1047.3103423606337     
   SIMPLE iter       30300  res_p=   6.9388939039072284E-017  u(1,1,1)=   1.9458836112745159       p(1,1,1)=   123.71302557616647     
 DEBUG T iter       30350 min   301.92965879658863      max   1047.3781078966483     
 DEBUG T iter       30400 min   301.93023790435336      max   1047.4454904970255     
   SIMPLE iter       30400  res_p=   6.9388939039072284E-017  u(1,1,1)=   1.9458836112745159       p(1,1,1)=   123.71302557616647     
 DEBUG T iter       30450 min   301.93081373977418      max   1047.5124923258695     
 DEBUG T iter       30500 min   301.93138632134105      max   1047.5791155350589     
   SIMPLE iter       30500  res_p=   6.9388939039072284E-017  u(1,1,1)=   1.9458836112745159       p(1,1,1)=   123.71302557616647     
 DEBUG T iter       30550 min   301.93195566743896      max   1047.6453622643003     
 DEBUG T iter       30600 min   301.93252179634942      max   1047.7112346412059     
   SIMPLE iter       30600  res_p=   6.9388939039072284E-017  u(1,1,1)=   1.9458836112745159       p(1,1,1)=   123.71302557616647     
 DEBUG T iter       30650 min   301.93308472625057      max   1047.7767347813556     
 DEBUG T iter       30700 min   301.93364447521787      max   1047.8418647883771     
   SIMPLE iter       30700  res_p=   6.9388939039072284E-017  u(1,1,1)=   1.9458836112745159       p(1,1,1)=   123.71302557616647     
 DEBUG T iter       30750 min   301.93420106122448      max   1047.9066267539968     
 DEBUG T iter       30800 min   301.93475450214231      max   1047.9710227581131     
   SIMPLE iter       30800  res_p=   6.9388939039072284E-017  u(1,1,1)=   1.9458836112745159       p(1,1,1)=   123.71302557616647     
 DEBUG T iter       30850 min   301.93530481574220      max   1048.0350548688864     
 DEBUG T iter       30900 min   301.93585201969466      max   1048.0987251427593     
   SIMPLE iter       30900  res_p=   6.9388939039072284E-017  u(1,1,1)=   1.9458836112745159       p(1,1,1)=   123.71302557616647     
 DEBUG T iter       30950 min   301.93639613157040      max   1048.1620356245703     
 DEBUG T iter       31000 min   301.93693716884064      max   1048.2249883475872     
   SIMPLE iter       31000  res_p=   6.9388939039072284E-017  u(1,1,1)=   1.9458836112745159       p(1,1,1)=   123.71302557616647     
 DEBUG T iter       31050 min   301.93747514887821      max   1048.2875853335838     
 DEBUG T iter       31100 min   301.93801008895764      max   1048.3498285929090     
   SIMPLE iter       31100  res_p=   6.9388939039072284E-017  u(1,1,1)=   1.9458836112745159       p(1,1,1)=   123.71302557616647     
 DEBUG T iter       31150 min   301.93854200625600      max   1048.4117201245438     
 DEBUG T iter       31200 min   301.93907091785303      max   1048.4732619161748     
   SIMPLE iter       31200  res_p=   6.9388939039072284E-017  u(1,1,1)=   1.9458836112745159       p(1,1,1)=   123.71302557616647     
 DEBUG T iter       31250 min   301.93959684073241      max   1048.5344559442437     
 DEBUG T iter       31300 min   301.94011979178168      max   1048.5953041740270     
   SIMPLE iter       31300  res_p=   6.9388939039072284E-017  u(1,1,1)=   1.9458836112745159       p(1,1,1)=   123.71302557616647     
 DEBUG T iter       31350 min   301.94063978779275      max   1048.6558085596928     
 DEBUG T iter       31400 min   301.94115684546296      max   1048.7159710443589     
   SIMPLE iter       31400  res_p=   6.9388939039072284E-017  u(1,1,1)=   1.9458836112745159       p(1,1,1)=   123.71302557616647     
 DEBUG T iter       31450 min   301.94167098139542      max   1048.7757935601530     
 DEBUG T iter       31500 min   301.94218221209906      max   1048.8352780282953     
   SIMPLE iter       31500  res_p=   6.9388939039072284E-017  u(1,1,1)=   1.9458836112745159       p(1,1,1)=   123.71302557616647     
 DEBUG T iter       31550 min   301.94269055398985      max   1048.8944263591352     
 DEBUG T iter       31600 min   301.94319602339095      max   1048.9532404522336     
   SIMPLE iter       31600  res_p=   6.9388939039072284E-017  u(1,1,1)=   1.9458836112745159       p(1,1,1)=   123.71302557616647     
 DEBUG T iter       31650 min   301.94369863653327      max   1049.0117221964028     
 DEBUG T iter       31700 min   301.94419840955595      max   1049.0698734697905     
   SIMPLE iter       31700  res_p=   6.9388939039072284E-017  u(1,1,1)=   1.9458836112745159       p(1,1,1)=   123.71302557616647     
 DEBUG T iter       31750 min   301.94469535850726      max   1049.1276961399155     
 DEBUG T iter       31800 min   301.94518949934428      max   1049.1851920637530     
   SIMPLE iter       31800  res_p=   6.9388939039072284E-017  u(1,1,1)=   1.9458836112745159       p(1,1,1)=   123.71302557616647     
 DEBUG T iter       31850 min   301.94568084793451      max   1049.2423630877697     
 DEBUG T iter       31900 min   301.94616942005536      max   1049.2992110480052     
   SIMPLE iter       31900  res_p=   6.9388939039072284E-017  u(1,1,1)=   1.9458836112745159       p(1,1,1)=   123.71302557616647     
 DEBUG T iter       31950 min   301.94665523139548      max   1049.3557377701170     
 DEBUG T iter       32000 min   301.94713829755455      max   1049.4119450694482     
   SIMPLE iter       32000  res_p=   6.9388939039072284E-017  u(1,1,1)=   1.9458836112745159       p(1,1,1)=   123.71302557616647     
 DEBUG T iter       32050 min   301.94761863404443      max   1049.4678347510717     
 DEBUG T iter       32100 min   301.94809625628892      max   1049.5234086098651     
   SIMPLE iter       32100  res_p=   6.9388939039072284E-017  u(1,1,1)=   1.9458836112745159       p(1,1,1)=   123.71302557616647     
 DEBUG T iter       32150 min   301.94857117962528      max   1049.5786684305624     
 DEBUG T iter       32200 min   301.94904341930345      max   1049.6336159878049     
   SIMPLE iter       32200  res_p=   6.9388939039072284E-017  u(1,1,1)=   1.9458836112745159       p(1,1,1)=   123.71302557616647     
 DEBUG T iter       32250 min   301.94951299048785      max   1049.6882530462042     
 DEBUG T iter       32300 min   301.94997990825664      max   1049.7425813604050     
   SIMPLE iter       32300  res_p=   6.9388939039072284E-017  u(1,1,1)=   1.9458836112745159       p(1,1,1)=   123.71302557616647     
 DEBUG T iter       32350 min   301.95044418760330      max   1049.7966026751244     
 DEBUG T iter       32400 min   301.95090584343637      max   1049.8503187252250     
   SIMPLE iter       32400  res_p=   6.9388939039072284E-017  u(1,1,1)=   1.9458836112745159       p(1,1,1)=   123.71302557616647     
 DEBUG T iter       32450 min   301.95136489057995      max   1049.9037312357593     
 DEBUG T iter       32500 min   301.95182134377484      max   1049.9568419220352     
   SIMPLE iter       32500  res_p=   6.9388939039072284E-017  u(1,1,1)=   1.9458836112745159       p(1,1,1)=   123.71302557616647     
 DEBUG T iter       32550 min   301.95227521767822      max   1050.0096524896649     
 DEBUG T iter       32600 min   301.95272652686458      max   1050.0621646346171     
   SIMPLE iter       32600  res_p=   6.9388939039072284E-017  u(1,1,1)=   1.9458836112745159       p(1,1,1)=   123.71302557616647     
 DEBUG T iter       32650 min   301.95317528582598      max   1050.1143800432783     
 DEBUG T iter       32700 min   301.95362150897267      max   1050.1663003925028     
   SIMPLE iter       32700  res_p=   6.9388939039072284E-017  u(1,1,1)=   1.9458836112745159       p(1,1,1)=   123.71302557616647     
 DEBUG T iter       32750 min   301.95406521063376      max   1050.2179273496668     
 DEBUG T iter       32800 min   301.95450640505675      max   1050.2692625727229     
   SIMPLE iter       32800  res_p=   6.9388939039072284E-017  u(1,1,1)=   1.9458836112745159       p(1,1,1)=   123.71302557616647     
 DEBUG T iter       32850 min   301.95494510640924      max   1050.3203077102535     
 DEBUG T iter       32900 min   301.95538132877846      max   1050.3710644015216     
   SIMPLE iter       32900  res_p=   6.9388939039072284E-017  u(1,1,1)=   1.9458836112745159       p(1,1,1)=   123.71302557616647     
 DEBUG T iter       32950 min   301.95581508617221      max   1050.4215342765326     
 DEBUG T iter       33000 min   301.95624639251895      max   1050.4717189560722     
   SIMPLE iter       33000  res_p=   6.9388939039072284E-017  u(1,1,1)=   1.9458836112745159       p(1,1,1)=   123.71302557616647     
 DEBUG T iter       33050 min   301.95667526166881      max   1050.5216200517673     
 DEBUG T iter       33100 min   301.95710170739341      max   1050.5712391661355     
   SIMPLE iter       33100  res_p=   6.9388939039072284E-017  u(1,1,1)=   1.9458836112745159       p(1,1,1)=   123.71302557616647     
 DEBUG T iter       33150 min   301.95752574338650      max   1050.6205778926433     
 DEBUG T iter       33200 min   301.95794738326441      max   1050.6696378157485     
   SIMPLE iter       33200  res_p=   6.9388939039072284E-017  u(1,1,1)=   1.9458836112745159       p(1,1,1)=   123.71302557616647     
 DEBUG T iter       33250 min   301.95836664056685      max   1050.7184205109486     
 DEBUG T iter       33300 min   301.95878352875678      max   1050.7669275448452     
   SIMPLE iter       33300  res_p=   6.9388939039072284E-017  u(1,1,1)=   1.9458836112745159       p(1,1,1)=   123.71302557616647     
 DEBUG T iter       33350 min   301.95919806122134      max   1050.8151604751774     
 DEBUG T iter       33400 min   301.95961025127167      max   1050.8631208508909     
   SIMPLE iter       33400  res_p=   6.9388939039072284E-017  u(1,1,1)=   1.9458836112745159       p(1,1,1)=   123.71302557616647     
 DEBUG T iter       33450 min   301.96002011214409      max   1050.9108102121743     
 DEBUG T iter       33500 min   301.96042765699957      max   1050.9582300905035     
   SIMPLE iter       33500  res_p=   6.9388939039072284E-017  u(1,1,1)=   1.9458836112745159       p(1,1,1)=   123.71302557616647     
 DEBUG T iter       33550 min   301.96083289892533      max   1051.0053820087064     
 DEBUG T iter       33600 min   301.96123585093443      max   1051.0522674810074     
   SIMPLE iter       33600  res_p=   6.9388939039072284E-017  u(1,1,1)=   1.9458836112745159       p(1,1,1)=   123.71302557616647     
 DEBUG T iter       33650 min   301.96163652596641      max   1051.0988880130665     
 DEBUG T iter       33700 min   301.96203493688745      max   1051.1452451020396     
   SIMPLE iter       33700  res_p=   6.9388939039072284E-017  u(1,1,1)=   1.9458836112745159       p(1,1,1)=   123.71302557616647     
 DEBUG T iter       33750 min   301.96243109649140      max   1051.1913402366185     
 DEBUG T iter       33800 min   301.96282501749960      max   1051.2371748970827     
   SIMPLE iter       33800  res_p=   6.9388939039072284E-017  u(1,1,1)=   1.9458836112745159       p(1,1,1)=   123.71302557616647     
 DEBUG T iter       33850 min   301.96321671256163      max   1051.2827505553462     
 DEBUG T iter       33900 min   301.96360619425548      max   1051.3280686750011     
   SIMPLE iter       33900  res_p=   6.9388939039072284E-017  u(1,1,1)=   1.9458836112745159       p(1,1,1)=   123.71302557616647     
 DEBUG T iter       33950 min   301.96399347508816      max   1051.3731307113769     
 DEBUG T iter       34000 min   301.96437856749606      max   1051.4179381115675     
   SIMPLE iter       34000  res_p=   6.9388939039072284E-017  u(1,1,1)=   1.9458836112745159       p(1,1,1)=   123.71302557616647     
 DEBUG T iter       34050 min   301.96476148384511      max   1051.4624923144941     
 DEBUG T iter       34100 min   301.96514223643157      max   1051.5067947509517     
   SIMPLE iter       34100  res_p=   6.9388939039072284E-017  u(1,1,1)=   1.9458836112745159       p(1,1,1)=   123.71302557616647     
 DEBUG T iter       34150 min   301.96552083748213      max   1051.5508468436392     
 DEBUG T iter       34200 min   301.96589729915434      max   1051.5946500072228     
   SIMPLE iter       34200  res_p=   6.9388939039072284E-017  u(1,1,1)=   1.9458836112745159       p(1,1,1)=   123.71302557616647     
 DEBUG T iter       34250 min   301.96627163353719      max   1051.6382056483726     
 DEBUG T iter       34300 min   301.96664385265143      max   1051.6815151658036     
   SIMPLE iter       34300  res_p=   6.9388939039072284E-017  u(1,1,1)=   1.9458836112745159       p(1,1,1)=   123.71302557616647     
 DEBUG T iter       34350 min   301.96701396844941      max   1051.7245799503298     
 DEBUG T iter       34400 min   301.96738199281663      max   1051.7674013849089     
   SIMPLE iter       34400  res_p=   6.9388939039072284E-017  u(1,1,1)=   1.9458836112745159       p(1,1,1)=   123.71302557616647     
 DEBUG T iter       34450 min   301.96774793757089      max   1051.8099808446786     
 DEBUG T iter       34500 min   301.96811181446355      max   1051.8523196970054     
   SIMPLE iter       34500  res_p=   6.9388939039072284E-017  u(1,1,1)=   1.9458836112745159       p(1,1,1)=   123.71302557616647     
 DEBUG T iter       34550 min   301.96847363517924      max   1051.8944193015311     
 DEBUG T iter       34600 min   301.96883341133713      max   1051.9362810102127     
   SIMPLE iter       34600  res_p=   6.9388939039072284E-017  u(1,1,1)=   1.9458836112745159       p(1,1,1)=   123.71302557616647     
 DEBUG T iter       34650 min   301.96919115448998      max   1051.9779061673639     
 DEBUG T iter       34700 min   301.96954687612589      max   1052.0192961097080     
   SIMPLE iter       34700  res_p=   6.9388939039072284E-017  u(1,1,1)=   1.9458836112745159       p(1,1,1)=   123.71302557616647     
 DEBUG T iter       34750 min   301.96990058766767      max   1052.0604521664097     
 DEBUG T iter       34800 min   301.97025230047399      max   1052.1013756591208     
   SIMPLE iter       34800  res_p=   6.9388939039072284E-017  u(1,1,1)=   1.9458836112745159       p(1,1,1)=   123.71302557616647     
 DEBUG T iter       34850 min   301.97060202583879      max   1052.1420679020339     
 DEBUG T iter       34900 min   301.97094977499273      max   1052.1825302018983     
   SIMPLE iter       34900  res_p=   6.9388939039072284E-017  u(1,1,1)=   1.9458836112745159       p(1,1,1)=   123.71302557616647     
 DEBUG T iter       34950 min   301.97129555910277      max   1052.2227638580896     
 DEBUG T iter       35000 min   301.97163938927253      max   1052.2627701626448     
   SIMPLE iter       35000  res_p=   6.9388939039072284E-017  u(1,1,1)=   1.9458836112745159       p(1,1,1)=   123.71302557616647     
 DEBUG T iter       35050 min   301.97198127654343      max   1052.3025504002844     
 DEBUG T iter       35100 min   301.97232123189394      max   1052.3421058484857     
   SIMPLE iter       35100  res_p=   6.9388939039072284E-017  u(1,1,1)=   1.9458836112745159       p(1,1,1)=   123.71302557616647     
 DEBUG T iter       35150 min   301.97265926624107      max   1052.3814377774920     
 DEBUG T iter       35200 min   301.97299539043962      max   1052.4205474503772     
   SIMPLE iter       35200  res_p=   6.9388939039072284E-017  u(1,1,1)=   1.9458836112745159       p(1,1,1)=   123.71302557616647     
 DEBUG T iter       35250 min   301.97332961528338      max   1052.4594361230738     
 DEBUG T iter       35300 min   301.97366195150488      max   1052.4981050444196     
   SIMPLE iter       35300  res_p=   6.9388939039072284E-017  u(1,1,1)=   1.9458836112745159       p(1,1,1)=   123.71302557616647     
 DEBUG T iter       35350 min   301.97399240977632      max   1052.5365554561940     
 DEBUG T iter       35400 min   301.97432100070949      max   1052.5747885931567     
   SIMPLE iter       35400  res_p=   6.9388939039072284E-017  u(1,1,1)=   1.9458836112745159       p(1,1,1)=   123.71302557616647     
 DEBUG T iter       35450 min   301.97464773485603      max   1052.6128056830914     
 DEBUG T iter       35500 min   301.97497262270815      max   1052.6506079468479     
   SIMPLE iter       35500  res_p=   6.9388939039072284E-017  u(1,1,1)=   1.9458836112745159       p(1,1,1)=   123.71302557616647     
 DEBUG T iter       35550 min   301.97529567469888      max   1052.6881965983730     
 DEBUG T iter       35600 min   301.97561690120193      max   1052.7255728447476     
   SIMPLE iter       35600  res_p=   6.9388939039072284E-017  u(1,1,1)=   1.9458836112745159       p(1,1,1)=   123.71302557616647     
 DEBUG T iter       35650 min   301.97593631253272      max   1052.7627378862396     
 DEBUG T iter       35700 min   301.97625391894820      max   1052.7996929163326     
   SIMPLE iter       35700  res_p=   6.9388939039072284E-017  u(1,1,1)=   1.9458836112745159       p(1,1,1)=   123.71302557616647     
 DEBUG T iter       35750 min   301.97656973064755      max   1052.8364391217594     
 DEBUG T iter       35800 min   301.97688375777210      max   1052.8729776825514     
   SIMPLE iter       35800  res_p=   6.9388939039072284E-017  u(1,1,1)=   1.9458836112745159       p(1,1,1)=   123.71302557616647     
 DEBUG T iter       35850 min   301.97719601040609      max   1052.9093097720772     
 DEBUG T iter       35900 min   301.97750649857653      max   1052.9454365570648     
   SIMPLE iter       35900  res_p=   6.9388939039072284E-017  u(1,1,1)=   1.9458836112745159       p(1,1,1)=   123.71302557616647     
 DEBUG T iter       35950 min   301.97781523225404      max   1052.9813591976545     
 DEBUG T iter       36000 min   301.97812222135263      max   1053.0170788474279     
   SIMPLE iter       36000  res_p=   6.9388939039072284E-017  u(1,1,1)=   1.9458836112745159       p(1,1,1)=   123.71302557616647     
 DEBUG T iter       36050 min   301.97842747573054      max   1053.0525966534549     
 DEBUG T iter       36100 min   301.97873100519013      max   1053.0879137563122     
   SIMPLE iter       36100  res_p=   6.9388939039072284E-017  u(1,1,1)=   1.9458836112745159       p(1,1,1)=   123.71302557616647     
 DEBUG T iter       36150 min   301.97903281947850      max   1053.1230312901362     
 DEBUG T iter       36200 min   301.97933292828759      max   1053.1579503826551     
   SIMPLE iter       36200  res_p=   6.9388939039072284E-017  u(1,1,1)=   1.9458836112745159       p(1,1,1)=   123.71302557616647     
 DEBUG T iter       36250 min   301.97963134125462      max   1053.1926721552252     
 DEBUG T iter       36300 min   301.97992806796225      max   1053.2271977228686     
   SIMPLE iter       36300  res_p=   6.9388939039072284E-017  u(1,1,1)=   1.9458836112745159       p(1,1,1)=   123.71302557616647     
 DEBUG T iter       36350 min   301.98022311793915      max   1053.2615281942972     
 DEBUG T iter       36400 min   301.98051650066009      max   1053.2956646719620     
   SIMPLE iter       36400  res_p=   6.9388939039072284E-017  u(1,1,1)=   1.9458836112745159       p(1,1,1)=   123.71302557616647     
 DEBUG T iter       36450 min   301.98080822554607      max   1053.3296082520858     
 DEBUG T iter       36500 min   301.98109830196535      max   1053.3633600246951     
   SIMPLE iter       36500  res_p=   6.9388939039072284E-017  u(1,1,1)=   1.9458836112745159       p(1,1,1)=   123.71302557616647     
 DEBUG T iter       36550 min   301.98138673923290      max   1053.3969210736589     
 DEBUG T iter       36600 min   301.98167354661098      max   1053.4302924767173     
   SIMPLE iter       36600  res_p=   6.9388939039072284E-017  u(1,1,1)=   1.9458836112745159       p(1,1,1)=   123.71302557616647     
 DEBUG T iter       36650 min   301.98195873330985      max   1053.4634753055259     
 DEBUG T iter       36700 min   301.98224230848740      max   1053.4964706256801     
   SIMPLE iter       36700  res_p=   6.9388939039072284E-017  u(1,1,1)=   1.9458836112745159       p(1,1,1)=   123.71302557616647     
 DEBUG T iter       36750 min   301.98252428124988      max   1053.5292794967559     
 DEBUG T iter       36800 min   301.98280466065233      max   1053.5619029723377     
   SIMPLE iter       36800  res_p=   6.9388939039072284E-017  u(1,1,1)=   1.9458836112745159       p(1,1,1)=   123.71302557616647     
 DEBUG T iter       36850 min   301.98308345569814      max   1053.5943421000570     
 DEBUG T iter       36900 min   301.98336067534024      max   1053.6265979216321     
   SIMPLE iter       36900  res_p=   6.9388939039072284E-017  u(1,1,1)=   1.9458836112745159       p(1,1,1)=   123.71302557616647     
 DEBUG T iter       36950 min   301.98363632848077      max   1053.6586714728887     
 DEBUG T iter       37000 min   301.98391042397162      max   1053.6905637837997     
   SIMPLE iter       37000  res_p=   6.9388939039072284E-017  u(1,1,1)=   1.9458836112745159       p(1,1,1)=   123.71302557616647     
 DEBUG T iter       37050 min   301.98418297061482      max   1053.7222758785119     
 DEBUG T iter       37100 min   301.98445397716233      max   1053.7538087753976     
   SIMPLE iter       37100  res_p=   6.9388939039072284E-017  u(1,1,1)=   1.9458836112745159       p(1,1,1)=   123.71302557616647     
 DEBUG T iter       37150 min   301.98472345231659      max   1053.7851634870663     
 DEBUG T iter       37200 min   301.98499140473160      max   1053.8163410204056     
   SIMPLE iter       37200  res_p=   6.9388939039072284E-017  u(1,1,1)=   1.9458836112745159       p(1,1,1)=   123.71302557616647     
 DEBUG T iter       37250 min   301.98525784301177      max   1053.8473423766154     
 DEBUG T iter       37300 min   301.98552277571304      max   1053.8781685512361     
   SIMPLE iter       37300  res_p=   6.9388939039072284E-017  u(1,1,1)=   1.9458836112745159       p(1,1,1)=   123.71302557616647     
 DEBUG T iter       37350 min   301.98578621134294      max   1053.9088205341804     
 DEBUG T iter       37400 min   301.98604815836126      max   1053.9392993097727     
   SIMPLE iter       37400  res_p=   6.9388939039072284E-017  u(1,1,1)=   1.9458836112745159       p(1,1,1)=   123.71302557616647     
 DEBUG T iter       37450 min   301.98630862517956      max   1053.9696058567699     
 DEBUG T iter       37500 min   301.98656762016219      max   1053.9997411484028     
   SIMPLE iter       37500  res_p=   6.9388939039072284E-017  u(1,1,1)=   1.9458836112745159       p(1,1,1)=   123.71302557616647     
 DEBUG T iter       37550 min   301.98682515162608      max   1054.0297061523984     
 DEBUG T iter       37600 min   301.98708122784126      max   1054.0595018310164     
   SIMPLE iter       37600  res_p=   6.9388939039072284E-017  u(1,1,1)=   1.9458836112745159       p(1,1,1)=   123.71302557616647     
 DEBUG T iter       37650 min   301.98733585703087      max   1054.0891291410790     
 DEBUG T iter       37700 min   301.98758904737167      max   1054.1185890340039     
   SIMPLE iter       37700  res_p=   6.9388939039072284E-017  u(1,1,1)=   1.9458836112745159       p(1,1,1)=   123.71302557616647     
 DEBUG T iter       37750 min   301.98784080699431      max   1054.1478824558326     
 DEBUG T iter       37800 min   301.98809114398358      max   1054.1770103472516     
   SIMPLE iter       37800  res_p=   6.9388939039072284E-017  u(1,1,1)=   1.9458836112745159       p(1,1,1)=   123.71302557616647     
 DEBUG T iter       37850 min   301.98834006637810      max   1054.2059736436445     
 DEBUG T iter       37900 min   301.98858758217131      max   1054.2347732750970     
   SIMPLE iter       37900  res_p=   6.9388939039072284E-017  u(1,1,1)=   1.9458836112745159       p(1,1,1)=   123.71302557616647     
 DEBUG T iter       37950 min   301.98883369931201      max   1054.2634101664503     
 DEBUG T iter       38000 min   301.98907842570321      max   1054.2918852373093     
   SIMPLE iter       38000  res_p=   6.9388939039072284E-017  u(1,1,1)=   1.9458836112745159       p(1,1,1)=   123.71302557616647     
 DEBUG T iter       38050 min   301.98932176920397      max   1054.3201994020940     
 DEBUG T iter       38100 min   301.98956373762843      max   1054.3483535700452     
   SIMPLE iter       38100  res_p=   6.9388939039072284E-017  u(1,1,1)=   1.9458836112745159       p(1,1,1)=   123.71302557616647     
 DEBUG T iter       38150 min   301.98980433874698      max   1054.3763486452729     
 DEBUG T iter       38200 min   301.99004358028583      max   1054.4041855267751     
   SIMPLE iter       38200  res_p=   6.9388939039072284E-017  u(1,1,1)=   1.9458836112745159       p(1,1,1)=   123.71302557616647     
 DEBUG T iter       38250 min   301.99028146992771      max   1054.4318651084709     
 DEBUG T iter       38300 min   301.99051801531169      max   1054.4593882792278     
   SIMPLE iter       38300  res_p=   6.9388939039072284E-017  u(1,1,1)=   1.9458836112745159       p(1,1,1)=   123.71302557616647     
 DEBUG T iter       38350 min   301.99075322403394      max   1054.4867559228899     
 DEBUG T iter       38400 min   301.99098710364763      max   1054.5139689183054     
   SIMPLE iter       38400  res_p=   6.9388939039072284E-017  u(1,1,1)=   1.9458836112745159       p(1,1,1)=   123.71302557616647     
 DEBUG T iter       38450 min   301.99121966166314      max   1054.5410281393613     
 DEBUG T iter       38500 min   301.99145090554862      max   1054.5679344550067     
   SIMPLE iter       38500  res_p=   6.9388939039072284E-017  u(1,1,1)=   1.9458836112745159       p(1,1,1)=   123.71302557616647     
 DEBUG T iter       38550 min   301.99168084272975      max   1054.5946887292703     
 DEBUG T iter       38600 min   301.99190948059038      max   1054.6212918213073     
   SIMPLE iter       38600  res_p=   6.9388939039072284E-017  u(1,1,1)=   1.9458836112745159       p(1,1,1)=   123.71302557616647     
 DEBUG T iter       38650 min   301.99213682647274      max   1054.6477445854143     
 DEBUG T iter       38700 min   301.99236288767753      max   1054.6740478710631     
   SIMPLE iter       38700  res_p=   6.9388939039072284E-017  u(1,1,1)=   1.9458836112745159       p(1,1,1)=   123.71302557616647     
 DEBUG T iter       38750 min   301.99258767146404      max   1054.7002025229290     
 DEBUG T iter       38800 min   301.99281118505058      max   1054.7262093808995     
   SIMPLE iter       38800  res_p=   6.9388939039072284E-017  u(1,1,1)=   1.9458836112745159       p(1,1,1)=   123.71302557616647     
 DEBUG T iter       38850 min   301.99303343561496      max   1054.7520692801304     
 DEBUG T iter       38900 min   301.99325443029403      max   1054.7777830510508     
   SIMPLE iter       38900  res_p=   6.9388939039072284E-017  u(1,1,1)=   1.9458836112745159       p(1,1,1)=   123.71302557616647     
 DEBUG T iter       38950 min   301.99347417618446      max   1054.8033515194027     
 DEBUG T iter       39000 min   301.99369268034297      max   1054.8287755062606     
   SIMPLE iter       39000  res_p=   6.9388939039072284E-017  u(1,1,1)=   1.9458836112745159       p(1,1,1)=   123.71302557616647     
 DEBUG T iter       39050 min   301.99390994978620      max   1054.8540558280536     
 DEBUG T iter       39100 min   301.99412599149127      max   1054.8791932966010     
   SIMPLE iter       39100  res_p=   6.9388939039072284E-017  u(1,1,1)=   1.9458836112745159       p(1,1,1)=   123.71302557616647     
 DEBUG T iter       39150 min   301.99434081239588      max   1054.9041887191368     
 DEBUG T iter       39200 min   301.99455441939824      max   1054.9290428983320     
   SIMPLE iter       39200  res_p=   6.9388939039072284E-017  u(1,1,1)=   1.9458836112745159       p(1,1,1)=   123.71302557616647     
 DEBUG T iter       39250 min   301.99476681935812      max   1054.9537566323199     
 DEBUG T iter       39300 min   301.99497801909598      max   1054.9783307147268     
   SIMPLE iter       39300  res_p=   6.9388939039072284E-017  u(1,1,1)=   1.9458836112745159       p(1,1,1)=   123.71302557616647     
 DEBUG T iter       39350 min   301.99518802539421      max   1055.0027659346933     
 DEBUG T iter       39400 min   301.99539684499643      max   1055.0270630768978     
   SIMPLE iter       39400  res_p=   6.9388939039072284E-017  u(1,1,1)=   1.9458836112745159       p(1,1,1)=   123.71302557616647     
 DEBUG T iter       39450 min   301.99560448460841      max   1055.0512229215876     
 DEBUG T iter       39500 min   301.99581095089803      max   1055.0752462446042     
   SIMPLE iter       39500  res_p=   6.9388939039072284E-017  u(1,1,1)=   1.9458836112745159       p(1,1,1)=   123.71302557616647     
 DEBUG T iter       39550 min   301.99601625049553      max   1055.0991338173958     
 DEBUG T iter       39600 min   301.99622038999354      max   1055.1228864070592     
   SIMPLE iter       39600  res_p=   6.9388939039072284E-017  u(1,1,1)=   1.9458836112745159       p(1,1,1)=   123.71302557616647     
 DEBUG T iter       39650 min   301.99642337594742      max   1055.1465047763545     
 DEBUG T iter       39700 min   301.99662521487562      max   1055.1699896837292     
   SIMPLE iter       39700  res_p=   6.9388939039072284E-017  u(1,1,1)=   1.9458836112745159       p(1,1,1)=   123.71302557616647     
 DEBUG T iter       39750 min   301.99682591325973      max   1055.1933418833466     
 DEBUG T iter       39800 min   301.99702547754470      max   1055.2165621251097     
   SIMPLE iter       39800  res_p=   6.9388939039072284E-017  u(1,1,1)=   1.9458836112745159       p(1,1,1)=   123.71302557616647     
 DEBUG T iter       39850 min   301.99722391413900      max   1055.2396511546842     
 DEBUG T iter       39900 min   301.99742122941501      max   1055.2626097135164     
   SIMPLE iter       39900  res_p=   6.9388939039072284E-017  u(1,1,1)=   1.9458836112745159       p(1,1,1)=   123.71302557616647     
 DEBUG T iter       39950 min   301.99761742970878      max   1055.2854385388682     
 DEBUG T iter       40000 min   301.99781252132118      max   1055.3081383638357     
   SIMPLE iter       40000  res_p=   6.9388939039072284E-017  u(1,1,1)=   1.9458836112745159       p(1,1,1)=   123.71302557616647     
 DEBUG T iter       40050 min   301.99800651051680      max   1055.3307099173742     
 DEBUG T iter       40100 min   301.99819940352529      max   1055.3531539243145     
   SIMPLE iter       40100  res_p=   6.9388939039072284E-017  u(1,1,1)=   1.9458836112745159       p(1,1,1)=   123.71302557616647     
 DEBUG T iter       40150 min   301.99839120654099      max   1055.3754711053900     
 DEBUG T iter       40200 min   301.99858192572299      max   1055.3976621772679     
   SIMPLE iter       40200  res_p=   6.9388939039072284E-017  u(1,1,1)=   1.9458836112745159       p(1,1,1)=   123.71302557616647     
 DEBUG T iter       40250 min   301.99877156719594      max   1055.4197278525633     
 DEBUG T iter       40300 min   301.99896013704966      max   1055.4416688398642     
   SIMPLE iter       40300  res_p=   6.9388939039072284E-017  u(1,1,1)=   1.9458836112745159       p(1,1,1)=   123.71302557616647     
 DEBUG T iter       40350 min   301.99914764133950      max   1055.4634858437505     
 DEBUG T iter       40400 min   301.99933408608689      max   1055.4851795648258     
   SIMPLE iter       40400  res_p=   6.9388939039072284E-017  u(1,1,1)=   1.9458836112745159       p(1,1,1)=   123.71302557616647     
 DEBUG T iter       40450 min   301.99951947727891      max   1055.5067506997382     
 DEBUG T iter       40500 min   301.99970382086894      max   1055.5281999411895     
   SIMPLE iter       40500  res_p=   6.9388939039072284E-017  u(1,1,1)=   1.9458836112745159       p(1,1,1)=   123.71302557616647     
 DEBUG T iter       40550 min   301.99988712277690      max   1055.5495279779750     
 DEBUG T iter       40600 min   302.00006938888896      max   1055.5707354949916     
   SIMPLE iter       40600  res_p=   6.9388939039072284E-017  u(1,1,1)=   1.9458836112745159       p(1,1,1)=   123.71302557616647     
 DEBUG T iter       40650 min   302.00025062505830      max   1055.5918231732719     
 DEBUG T iter       40700 min   302.00043083710449      max   1055.6127916899934     
   SIMPLE iter       40700  res_p=   6.9388939039072284E-017  u(1,1,1)=   1.9458836112745159       p(1,1,1)=   123.71302557616647     
 DEBUG T iter       40750 min   302.00061003081493      max   1055.6336417185164     
 DEBUG T iter       40800 min   302.00078821194398      max   1055.6543739283850     
   SIMPLE iter       40800  res_p=   6.9388939039072284E-017  u(1,1,1)=   1.9458836112745159       p(1,1,1)=   123.71302557616647     
 DEBUG T iter       40850 min   302.00096538621341      max   1055.6749889853697     
 DEBUG T iter       40900 min   302.00114155931277      max   1055.6954875514714     
   SIMPLE iter       40900  res_p=   6.9388939039072284E-017  u(1,1,1)=   1.9458836112745159       p(1,1,1)=   123.71302557616647     
 DEBUG T iter       40950 min   302.00131673689941      max   1055.7158702849572     
 DEBUG T iter       41000 min   302.00149092459884      max   1055.7361378403684     
   SIMPLE iter       41000  res_p=   6.9388939039072284E-017  u(1,1,1)=   1.9458836112745159       p(1,1,1)=   123.71302557616647     
 DEBUG T iter       41050 min   302.00166412800451      max   1055.7562908685491     
 DEBUG T iter       41100 min   302.00183635267854      max   1055.7763300166696     
   SIMPLE iter       41100  res_p=   6.9388939039072284E-017  u(1,1,1)=   1.9458836112745159       p(1,1,1)=   123.71302557616647     
 DEBUG T iter       41150 min   302.00200760415157      max   1055.7962559282350     
 DEBUG T iter       41200 min   302.00217788792270      max   1055.8160692431250     
   SIMPLE iter       41200  res_p=   6.9388939039072284E-017  u(1,1,1)=   1.9458836112745159       p(1,1,1)=   123.71302557616647     
 DEBUG T iter       41250 min   302.00234720946037      max   1055.8357705975952     
 DEBUG T iter       41300 min   302.00251557420182      max   1055.8553606243070     
   SIMPLE iter       41300  res_p=   6.9388939039072284E-017  u(1,1,1)=   1.9458836112745159       p(1,1,1)=   123.71302557616647     
 DEBUG T iter       41350 min   302.00268298755384      max   1055.8748399523492     
 DEBUG T iter       41400 min   302.00284945489233      max   1055.8942092072543     
   SIMPLE iter       41400  res_p=   6.9388939039072284E-017  u(1,1,1)=   1.9458836112745159       p(1,1,1)=   123.71302557616647     
 DEBUG T iter       41450 min   302.00301498156301      max   1055.9134690110247     
 DEBUG T iter       41500 min   302.00317957288155      max   1055.9326199821423     
   SIMPLE iter       41500  res_p=   6.9388939039072284E-017  u(1,1,1)=   1.9458836112745159       p(1,1,1)=   123.71302557616647     
 DEBUG T iter       41550 min   302.00334323413313      max   1055.9516627355897     
 DEBUG T iter       41600 min   302.00350597057360      max   1055.9705978828824     
   SIMPLE iter       41600  res_p=   6.9388939039072284E-017  u(1,1,1)=   1.9458836112745159       p(1,1,1)=   123.71302557616647     
 DEBUG T iter       41650 min   302.00366778742864      max   1055.9894260320800     
 DEBUG T iter       41700 min   302.00382868989470      max   1056.0081477878036     
   SIMPLE iter       41700  res_p=   6.9388939039072284E-017  u(1,1,1)=   1.9458836112745159       p(1,1,1)=   123.71302557616647     
 DEBUG T iter       41750 min   302.00398868313880      max   1056.0267637512600     
 DEBUG T iter       41800 min   302.00414777229872      max   1056.0452745202499     
   SIMPLE iter       41800  res_p=   6.9388939039072284E-017  u(1,1,1)=   1.9458836112745159       p(1,1,1)=   123.71302557616647     
 DEBUG T iter       41850 min   302.00430596248304      max   1056.0636806892117     
 DEBUG T iter       41900 min   302.00446325877198      max   1056.0819828492090     
   SIMPLE iter       41900  res_p=   6.9388939039072284E-017  u(1,1,1)=   1.9458836112745159       p(1,1,1)=   123.71302557616647     
 DEBUG T iter       41950 min   302.00461966621646      max   1056.1001815879747     
 DEBUG T iter       42000 min   302.00477518983939      max   1056.1182774899207     
   SIMPLE iter       42000  res_p=   6.9388939039072284E-017  u(1,1,1)=   1.9458836112745159       p(1,1,1)=   123.71302557616647     
 DEBUG T iter       42050 min   302.00492983463488      max   1056.1362711361533     
 DEBUG T iter       42100 min   302.00508360556881      max   1056.1541631044925     
   SIMPLE iter       42100  res_p=   6.9388939039072284E-017  u(1,1,1)=   1.9458836112745159       p(1,1,1)=   123.71302557616647     
 DEBUG T iter       42150 min   302.00523650757953      max   1056.1719539695027     
 DEBUG T iter       42200 min   302.00538854557681      max   1056.1896443024923     
   SIMPLE iter       42200  res_p=   6.9388939039072284E-017  u(1,1,1)=   1.9458836112745159       p(1,1,1)=   123.71302557616647     
 DEBUG T iter       42250 min   302.00553972444317      max   1056.2072346715424     
 DEBUG T iter       42300 min   302.00569004903315      max   1056.2247256415328     
   SIMPLE iter       42300  res_p=   6.9388939039072284E-017  u(1,1,1)=   1.9458836112745159       p(1,1,1)=   123.71302557616647     
 DEBUG T iter       42350 min   302.00583952417435      max   1056.2421177741367     
 DEBUG T iter       42400 min   302.00598815466662      max   1056.2594116278663     
   SIMPLE iter       42400  res_p=   6.9388939039072284E-017  u(1,1,1)=   1.9458836112745159       p(1,1,1)=   123.71302557616647     
 DEBUG T iter       42450 min   302.00613594528284      max   1056.2766077580700     
 DEBUG T iter       42500 min   302.00628290076912      max   1056.2937067169644     
   SIMPLE iter       42500  res_p=   6.9388939039072284E-017  u(1,1,1)=   1.9458836112745159       p(1,1,1)=   123.71302557616647     
 DEBUG T iter       42550 min   302.00642902584440      max   1056.3107090536389     
 DEBUG T iter       42600 min   302.00657432520120      max   1056.3276153140844     
   SIMPLE iter       42600  res_p=   6.9388939039072284E-017  u(1,1,1)=   1.9458836112745159       p(1,1,1)=   123.71302557616647     
 DEBUG T iter       42650 min   302.00671880350558      max   1056.3444260412036     
 DEBUG T iter       42700 min   302.00686246539681      max   1056.3611417748334     
   SIMPLE iter       42700  res_p=   6.9388939039072284E-017  u(1,1,1)=   1.9458836112745159       p(1,1,1)=   123.71302557616647     
 DEBUG T iter       42750 min   302.00700531548864      max   1056.3777630517591     
 DEBUG T iter       42800 min   302.00714735836800      max   1056.3942904057394     
   SIMPLE iter       42800  res_p=   6.9388939039072284E-017  u(1,1,1)=   1.9458836112745159       p(1,1,1)=   123.71302557616647     
 DEBUG T iter       42850 min   302.00728859859652      max   1056.4107243675085     
 DEBUG T iter       42900 min   302.00742904070955      max   1056.4270654648051     
   SIMPLE iter       42900  res_p=   6.9388939039072284E-017  u(1,1,1)=   1.9458836112745159       p(1,1,1)=   123.71302557616647     
 DEBUG T iter       42950 min   302.00756868921735      max   1056.4433142223841     
 DEBUG T iter       43000 min   302.00770754860417      max   1056.4594711620307     
   SIMPLE iter       43000  res_p=   6.9388939039072284E-017  u(1,1,1)=   1.9458836112745159       p(1,1,1)=   123.71302557616647     
 DEBUG T iter       43050 min   302.00784562332916      max   1056.4755368025903     
 DEBUG T iter       43100 min   302.00798291782638      max   1056.4915116599741     
   SIMPLE iter       43100  res_p=   6.9388939039072284E-017  u(1,1,1)=   1.9458836112745159       p(1,1,1)=   123.71302557616647     
 DEBUG T iter       43150 min   302.00811943650456      max   1056.5073962471756     
 DEBUG T iter       43200 min   302.00825518374774      max   1056.5231910742916     
   SIMPLE iter       43200  res_p=   6.9388939039072284E-017  u(1,1,1)=   1.9458836112745159       p(1,1,1)=   123.71302557616647     
 DEBUG T iter       43250 min   302.00839016391524      max   1056.5388966485343     
 DEBUG T iter       43300 min   302.00852438134137      max   1056.5545134742520     
   SIMPLE iter       43300  res_p=   6.9388939039072284E-017  u(1,1,1)=   1.9458836112745159       p(1,1,1)=   123.71302557616647     
 DEBUG T iter       43350 min   302.00865784033641      max   1056.5700420529436     
 DEBUG T iter       43400 min   302.00879054518606      max   1056.5854828832687     
   SIMPLE iter       43400  res_p=   6.9388939039072284E-017  u(1,1,1)=   1.9458836112745159       p(1,1,1)=   123.71302557616647     
 DEBUG T iter       43450 min   302.00892250015170      max   1056.6008364610752     
 DEBUG T iter       43500 min   302.00905370947078      max   1056.6161032794093     
   SIMPLE iter       43500  res_p=   6.9388939039072284E-017  u(1,1,1)=   1.9458836112745159       p(1,1,1)=   123.71302557616647     
 DEBUG T iter       43550 min   302.00918417735681      max   1056.6312838285226     
 DEBUG T iter       43600 min   302.00931390799951      max   1056.6463785959061     
   SIMPLE iter       43600  res_p=   6.9388939039072284E-017  u(1,1,1)=   1.9458836112745159       p(1,1,1)=   123.71302557616647     
 DEBUG T iter       43650 min   302.00944290556481      max   1056.6613880662921     
 DEBUG T iter       43700 min   302.00957117419500      max   1056.6763127216748     
   SIMPLE iter       43700  res_p=   6.9388939039072284E-017  u(1,1,1)=   1.9458836112745159       p(1,1,1)=   123.71302557616647     
 DEBUG T iter       43750 min   302.00969871800947      max   1056.6911530413179     
 DEBUG T iter       43800 min   302.00982554110362      max   1056.7059095017937     
   SIMPLE iter       43800  res_p=   6.9388939039072284E-017  u(1,1,1)=   1.9458836112745159       p(1,1,1)=   123.71302557616647     
 DEBUG T iter       43850 min   302.00995164755034      max   1056.7205825769636     
 DEBUG T iter       43900 min   302.01007704139914      max   1056.7351727380205     
   SIMPLE iter       43900  res_p=   6.9388939039072284E-017  u(1,1,1)=   1.9458836112745159       p(1,1,1)=   123.71302557616647     
 DEBUG T iter       43950 min   302.01020172667660      max   1056.7496804534928     
 DEBUG T iter       44000 min   302.01032570738693      max   1056.7641061892591     
   SIMPLE iter       44000  res_p=   6.9388939039072284E-017  u(1,1,1)=   1.9458836112745159       p(1,1,1)=   123.71302557616647     
 DEBUG T iter       44050 min   302.01044898751138      max   1056.7784504085723     
 DEBUG T iter       44100 min   302.01057157100882      max   1056.7927135720590     
   SIMPLE iter       44100  res_p=   6.9388939039072284E-017  u(1,1,1)=   1.9458836112745159       p(1,1,1)=   123.71302557616647     
 DEBUG T iter       44150 min   302.01069346181549      max   1056.8068961377489     
 DEBUG T iter       44200 min   302.01081466384602      max   1056.8209985610827     
   SIMPLE iter       44200  res_p=   6.9388939039072284E-017  u(1,1,1)=   1.9458836112745159       p(1,1,1)=   123.71302557616647     
 DEBUG T iter       44250 min   302.01093518099225      max   1056.8350212949210     
 DEBUG T iter       44300 min   302.01105501712419      max   1056.8489647895724     
   SIMPLE iter       44300  res_p=   6.9388939039072284E-017  u(1,1,1)=   1.9458836112745159       p(1,1,1)=   123.71302557616647     
 DEBUG T iter       44350 min   302.01117417609055      max   1056.8628294928030     
 DEBUG T iter       44400 min   302.01129266171733      max   1056.8766158498386     
   SIMPLE iter       44400  res_p=   6.9388939039072284E-017  u(1,1,1)=   1.9458836112745159       p(1,1,1)=   123.71302557616647     
 DEBUG T iter       44450 min   302.01141047780982      max   1056.8903243034013     
 DEBUG T iter       44500 min   302.01152762815110      max   1056.9039552937047     
   SIMPLE iter       44500  res_p=   6.9388939039072284E-017  u(1,1,1)=   1.9458836112745159       p(1,1,1)=   123.71302557616647     
 DEBUG T iter       44550 min   302.01164411650336      max   1056.9175092584694     
 DEBUG T iter       44600 min   302.01175994660719      max   1056.9309866329529     
   SIMPLE iter       44600  res_p=   6.9388939039072284E-017  u(1,1,1)=   1.9458836112745159       p(1,1,1)=   123.71302557616647     
 DEBUG T iter       44650 min   302.01187512218240      max   1056.9443878499526     
 DEBUG T iter       44700 min   302.01198964692742      max   1056.9577133398138     
   SIMPLE iter       44700  res_p=   6.9388939039072284E-017  u(1,1,1)=   1.9458836112745159       p(1,1,1)=   123.71302557616647     
 DEBUG T iter       44750 min   302.01210352452000      max   1056.9709635304509     
 DEBUG T iter       44800 min   302.01221675861694      max   1056.9841388473631     
   SIMPLE iter       44800  res_p=   6.9388939039072284E-017  u(1,1,1)=   1.9458836112745159       p(1,1,1)=   123.71302557616647     
 DEBUG T iter       44850 min   302.01232935285458      max   1056.9972397136487     
 DEBUG T iter       44900 min   302.01244131084871      max   1057.0102665500053     
   SIMPLE iter       44900  res_p=   6.9388939039072284E-017  u(1,1,1)=   1.9458836112745159       p(1,1,1)=   123.71302557616647     
 DEBUG T iter       44950 min   302.01255263619436      max   1057.0232197747589     
 DEBUG T iter       45000 min   302.01266333246662      max   1057.0360998038723     
   SIMPLE iter       45000  res_p=   6.9388939039072284E-017  u(1,1,1)=   1.9458836112745159       p(1,1,1)=   123.71302557616647     
 DEBUG T iter       45050 min   302.01277340322019      max   1057.0489070509620     
 DEBUG T iter       45100 min   302.01288285198979      max   1057.0616419272967     
   SIMPLE iter       45100  res_p=   6.9388939039072284E-017  u(1,1,1)=   1.9458836112745159       p(1,1,1)=   123.71302557616647     
 DEBUG T iter       45150 min   302.01299168229014      max   1057.0743048418265     
 DEBUG T iter       45200 min   302.01309989761580      max   1057.0868962011921     
   SIMPLE iter       45200  res_p=   6.9388939039072284E-017  u(1,1,1)=   1.9458836112745159       p(1,1,1)=   123.71302557616647     
 DEBUG T iter       45250 min   302.01320750144225      max   1057.0994164097351     
 DEBUG T iter       45300 min   302.01331449722466      max   1057.1118658695145     
   SIMPLE iter       45300  res_p=   6.9388939039072284E-017  u(1,1,1)=   1.9458836112745159       p(1,1,1)=   123.71302557616647     
 DEBUG T iter       45350 min   302.01342088839897      max   1057.1242449803151     
 DEBUG T iter       45400 min   302.01352667838171      max   1057.1365541396549     
   SIMPLE iter       45400  res_p=   6.9388939039072284E-017  u(1,1,1)=   1.9458836112745159       p(1,1,1)=   123.71302557616647     
 DEBUG T iter       45450 min   302.01363187057012      max   1057.1487937428215     
 DEBUG T iter       45500 min   302.01373646834213      max   1057.1609641828554     
   SIMPLE iter       45500  res_p=   6.9388939039072284E-017  u(1,1,1)=   1.9458836112745159       p(1,1,1)=   123.71302557616647     
 DEBUG T iter       45550 min   302.01384047505661      max   1057.1730658505880     
 DEBUG T iter       45600 min   302.01394389405363      max   1057.1850991346300     
   SIMPLE iter       45600  res_p=   6.9388939039072284E-017  u(1,1,1)=   1.9458836112745159       p(1,1,1)=   123.71302557616647     
 DEBUG T iter       45650 min   302.01404672865419      max   1057.1970644214014     
 DEBUG T iter       45700 min   302.01414898216041      max   1057.2089620951419     
   SIMPLE iter       45700  res_p=   6.9388939039072284E-017  u(1,1,1)=   1.9458836112745159       p(1,1,1)=   123.71302557616647     
 DEBUG T iter       45750 min   302.01425065785617      max   1057.2207925379143     
 DEBUG T iter       45800 min   302.01435175900633      max   1057.2325561296261     
   SIMPLE iter       45800  res_p=   6.9388939039072284E-017  u(1,1,1)=   1.9458836112745159       p(1,1,1)=   123.71302557616647     
 DEBUG T iter       45850 min   302.01445228885763      max   1057.2442532480363     
 DEBUG T iter       45900 min   302.01455225063830      max   1057.2558842687704     
   SIMPLE iter       45900  res_p=   6.9388939039072284E-017  u(1,1,1)=   1.9458836112745159       p(1,1,1)=   123.71302557616647     
 DEBUG T iter       45950 min   302.01465164755842      max   1057.2674495653321     
 DEBUG T iter       46000 min   302.01475048280992      max   1057.2789495091135     
   SIMPLE iter       46000  res_p=   6.9388939039072284E-017  u(1,1,1)=   1.9458836112745159       p(1,1,1)=   123.71302557616647     
 DEBUG T iter       46050 min   302.01484875956646      max   1057.2903844694079     
 DEBUG T iter       46100 min   302.01494648098424      max   1057.3017548134185     
   SIMPLE iter       46100  res_p=   6.9388939039072284E-017  u(1,1,1)=   1.9458836112745159       p(1,1,1)=   123.71302557616647     
 DEBUG T iter       46150 min   302.01504365020116      max   1057.3130609062828     
 DEBUG T iter       46200 min   302.01514027033755      max   1057.3243031110630     
   SIMPLE iter       46200  res_p=   6.9388939039072284E-017  u(1,1,1)=   1.9458836112745159       p(1,1,1)=   123.71302557616647     
 DEBUG T iter       46250 min   302.01523634449632      max   1057.3354817887775     
 DEBUG T iter       46300 min   302.01533187576251      max   1057.3465972984056     
   SIMPLE iter       46300  res_p=   6.9388939039072284E-017  u(1,1,1)=   1.9458836112745159       p(1,1,1)=   123.71302557616647     
 DEBUG T iter       46350 min   302.01542686720387      max   1057.3576499968899     
 DEBUG T iter       46400 min   302.01552132187095      max   1057.3686402391672     
   SIMPLE iter       46400  res_p=   6.9388939039072284E-017  u(1,1,1)=   1.9458836112745159       p(1,1,1)=   123.71302557616647     
 DEBUG T iter       46450 min   302.01561524279680      max   1057.3795683781600     
 DEBUG T iter       46500 min   302.01570863299753      max   1057.3904347648008     
   SIMPLE iter       46500  res_p=   6.9388939039072284E-017  u(1,1,1)=   1.9458836112745159       p(1,1,1)=   123.71302557616647     
 DEBUG T iter       46550 min   302.01580149547209      max   1057.4012397480349     
 DEBUG T iter       46600 min   302.01589383320265      max   1057.4119836748421     
   SIMPLE iter       46600  res_p=   6.9388939039072284E-017  u(1,1,1)=   1.9458836112745159       p(1,1,1)=   123.71302557616647     
 DEBUG T iter       46650 min   302.01598564915440      max   1057.4226668902324     
 DEBUG T iter       46700 min   302.01607694627563      max   1057.4332897372783     
   SIMPLE iter       46700  res_p=   6.9388939039072284E-017  u(1,1,1)=   1.9458836112745159       p(1,1,1)=   123.71302557616647     
 DEBUG T iter       46750 min   302.01616772749838      max   1057.4438525571065     
 DEBUG T iter       46800 min   302.01625799573753      max   1057.4543556889141     
   SIMPLE iter       46800  res_p=   6.9388939039072284E-017  u(1,1,1)=   1.9458836112745159       p(1,1,1)=   123.71302557616647     
 DEBUG T iter       46850 min   302.01634775389221      max   1057.4647994699858     
 DEBUG T iter       46900 min   302.01643700484459      max   1057.4751842356980     
   SIMPLE iter       46900  res_p=   6.9388939039072284E-017  u(1,1,1)=   1.9458836112745159       p(1,1,1)=   123.71302557616647     
 DEBUG T iter       46950 min   302.01652575146062      max   1057.4855103195328     
 DEBUG T iter       47000 min   302.01661399659059      max   1057.4957780530881     
   SIMPLE iter       47000  res_p=   6.9388939039072284E-017  u(1,1,1)=   1.9458836112745159       p(1,1,1)=   123.71302557616647     
 DEBUG T iter       47050 min   302.01670174306781      max   1057.5059877660874     
 DEBUG T iter       47100 min   302.01678899371024      max   1057.5161397863883     
   SIMPLE iter       47100  res_p=   6.9388939039072284E-017  u(1,1,1)=   1.9458836112745159       p(1,1,1)=   123.71302557616647     
 DEBUG T iter       47150 min   302.01687575131996      max   1057.5262344400041     
 DEBUG T iter       47200 min   302.01696201868259      max   1057.5362720510982     
   SIMPLE iter       47200  res_p=   6.9388939039072284E-017  u(1,1,1)=   1.9458836112745159       p(1,1,1)=   123.71302557616647     
 DEBUG T iter       47250 min   302.01704779856868      max   1057.5462529420008     
 DEBUG T iter       47300 min   302.01713309373275      max   1057.5561774332316     
   SIMPLE iter       47300  res_p=   6.9388939039072284E-017  u(1,1,1)=   1.9458836112745159       p(1,1,1)=   123.71302557616647     
 DEBUG T iter       47350 min   302.01721790691369      max   1057.5660458434882     
 DEBUG T iter       47400 min   302.01730224083536      max   1057.5758584896712     
   SIMPLE iter       47400  res_p=   6.9388939039072284E-017  u(1,1,1)=   1.9458836112745159       p(1,1,1)=   123.71302557616647     
 DEBUG T iter       47450 min   302.01738609820580      max   1057.5856156868876     
 DEBUG T iter       47500 min   302.01746948171797      max   1057.5953177484703     
   SIMPLE iter       47500  res_p=   6.9388939039072284E-017  u(1,1,1)=   1.9458836112745159       p(1,1,1)=   123.71302557616647     
 DEBUG T iter       47550 min   302.01755239404935      max   1057.6049649859772     
 DEBUG T iter       47600 min   302.01763483786272      max   1057.6145577092047     
   SIMPLE iter       47600  res_p=   6.9388939039072284E-017  u(1,1,1)=   1.9458836112745159       p(1,1,1)=   123.71302557616647     
 DEBUG T iter       47650 min   302.01771681580527      max   1057.6240962262020     
 DEBUG T iter       47700 min   302.01779833050983      max   1057.6335808432777     
   SIMPLE iter       47700  res_p=   6.9388939039072284E-017  u(1,1,1)=   1.9458836112745159       p(1,1,1)=   123.71302557616647     
 DEBUG T iter       47750 min   302.01787938459381      max   1057.6430118650001     
 DEBUG T iter       47800 min   302.01795998066024      max   1057.6523895942366     
   SIMPLE iter       47800  res_p=   6.9388939039072284E-017  u(1,1,1)=   1.9458836112745159       p(1,1,1)=   123.71302557616647     
 DEBUG T iter       47850 min   302.01804012129719      max   1057.6617143321193     
 DEBUG T iter       47900 min   302.01811980907814      max   1057.6709863780927     
   SIMPLE iter       47900  res_p=   6.9388939039072284E-017  u(1,1,1)=   1.9458836112745159       p(1,1,1)=   123.71302557616647     
 DEBUG T iter       47950 min   302.01819904656219      max   1057.6802060299094     
 DEBUG T iter       48000 min   302.01827783629375      max   1057.6893735836304     
   SIMPLE iter       48000  res_p=   6.9388939039072284E-017  u(1,1,1)=   1.9458836112745159       p(1,1,1)=   123.71302557616647     
 DEBUG T iter       48050 min   302.01835618080304      max   1057.6984893336553     
 DEBUG T iter       48100 min   302.01843408260589      max   1057.7075535727151     
   SIMPLE iter       48100  res_p=   6.9388939039072284E-017  u(1,1,1)=   1.9458836112745159       p(1,1,1)=   123.71302557616647     
 DEBUG T iter       48150 min   302.01851154420393      max   1057.7165665918833     
 DEBUG T iter       48200 min   302.01858856808451      max   1057.7255286805926     
   SIMPLE iter       48200  res_p=   6.9388939039072284E-017  u(1,1,1)=   1.9458836112745159       p(1,1,1)=   123.71302557616647     
 DEBUG T iter       48250 min   302.01866515672128      max   1057.7344401266434     
 DEBUG T iter       48300 min   302.01874131257375      max   1057.7433012161969     
   SIMPLE iter       48300  res_p=   6.9388939039072284E-017  u(1,1,1)=   1.9458836112745159       p(1,1,1)=   123.71302557616647     
 DEBUG T iter       48350 min   302.01881703808715      max   1057.7521122338110     
 DEBUG T iter       48400 min   302.01889233569352      max   1057.7608734624323     
   SIMPLE iter       48400  res_p=   6.9388939039072284E-017  u(1,1,1)=   1.9458836112745159       p(1,1,1)=   123.71302557616647     
 DEBUG T iter       48450 min   302.01896720781082      max   1057.7695851834005     
 DEBUG T iter       48500 min   302.01904165684329      max   1057.7782476764764     
   SIMPLE iter       48500  res_p=   6.9388939039072284E-017  u(1,1,1)=   1.9458836112745159       p(1,1,1)=   123.71302557616647     
 DEBUG T iter       48550 min   302.01911568518170      max   1057.7868612198326     
 DEBUG T iter       48600 min   302.01918929520343      max   1057.7954260900772     
   SIMPLE iter       48600  res_p=   6.9388939039072284E-017  u(1,1,1)=   1.9458836112745159       p(1,1,1)=   123.71302557616647     
 DEBUG T iter       48650 min   302.01926248927202      max   1057.8039425622439     
 DEBUG T iter       48700 min   302.01933526973829      max   1057.8124109098230     
   SIMPLE iter       48700  res_p=   6.9388939039072284E-017  u(1,1,1)=   1.9458836112745159       p(1,1,1)=   123.71302557616647     
 DEBUG T iter       48750 min   302.01940763893907      max   1057.8208314047558     
 DEBUG T iter       48800 min   302.01947959919852      max   1057.8292043174472     
   SIMPLE iter       48800  res_p=   6.9388939039072284E-017  u(1,1,1)=   1.9458836112745159       p(1,1,1)=   123.71302557616647     
 DEBUG T iter       48850 min   302.01955115282732      max   1057.8375299167699     
 DEBUG T iter       48900 min   302.01962230212348      max   1057.8458084700806     
   SIMPLE iter       48900  res_p=   6.9388939039072284E-017  u(1,1,1)=   1.9458836112745159       p(1,1,1)=   123.71302557616647     
 DEBUG T iter       48950 min   302.01969304937154      max   1057.8540402432291     
 DEBUG T iter       49000 min   302.01976339684359      max   1057.8622255005530     
   SIMPLE iter       49000  res_p=   6.9388939039072284E-017  u(1,1,1)=   1.9458836112745159       p(1,1,1)=   123.71302557616647     
 DEBUG T iter       49050 min   302.01983334679852      max   1057.8703645049115     
 DEBUG T iter       49100 min   302.01990290148262      max   1057.8784575176617     
   SIMPLE iter       49100  res_p=   6.9388939039072284E-017  u(1,1,1)=   1.9458836112745159       p(1,1,1)=   123.71302557616647     
 DEBUG T iter       49150 min   302.01997206312950      max   1057.8865047986969     
 DEBUG T iter       49200 min   302.02004083396008      max   1057.8945066064341     
   SIMPLE iter       49200  res_p=   6.9388939039072284E-017  u(1,1,1)=   1.9458836112745159       p(1,1,1)=   123.71302557616647     
 DEBUG T iter       49250 min   302.02010921618302      max   1057.9024631978314     
 DEBUG T iter       49300 min   302.02017721199394      max   1057.9103748283935     
   SIMPLE iter       49300  res_p=   6.9388939039072284E-017  u(1,1,1)=   1.9458836112745159       p(1,1,1)=   123.71302557616647     
 DEBUG T iter       49350 min   302.02024482357655      max   1057.9182417521843     
 DEBUG T iter       49400 min   302.02031205310192      max   1057.9260642218337     
   SIMPLE iter       49400  res_p=   6.9388939039072284E-017  u(1,1,1)=   1.9458836112745159       p(1,1,1)=   123.71302557616647     
 DEBUG T iter       49450 min   302.02037890272885      max   1057.9338424885395     
 DEBUG T iter       49500 min   302.02044537460432      max   1057.9415768020876     
   SIMPLE iter       49500  res_p=   6.9388939039072284E-017  u(1,1,1)=   1.9458836112745159       p(1,1,1)=   123.71302557616647     
 DEBUG T iter       49550 min   302.02051147086286      max   1057.9492674108405     
 DEBUG T iter       49600 min   302.02057719362688      max   1057.9569145617666     
   SIMPLE iter       49600  res_p=   6.9388939039072284E-017  u(1,1,1)=   1.9458836112745159       p(1,1,1)=   123.71302557616647     
 DEBUG T iter       49650 min   302.02064254500698      max   1057.9645185004360     
 DEBUG T iter       49700 min   302.02070752710182      max   1057.9720794710302     
   SIMPLE iter       49700  res_p=   6.9388939039072284E-017  u(1,1,1)=   1.9458836112745159       p(1,1,1)=   123.71302557616647     
 DEBUG T iter       49750 min   302.02077214199807      max   1057.9795977163524     
 DEBUG T iter       49800 min   302.02083639177056      max   1057.9870734778306     
   SIMPLE iter       49800  res_p=   6.9388939039072284E-017  u(1,1,1)=   1.9458836112745159       p(1,1,1)=   123.71302557616647     
 DEBUG T iter       49850 min   302.02090027848266      max   1057.9945069955340     
 DEBUG T iter       49900 min   302.02096380418601      max   1058.0018985081713     
   SIMPLE iter       49900  res_p=   6.9388939039072284E-017  u(1,1,1)=   1.9458836112745159       p(1,1,1)=   123.71302557616647     
 DEBUG T iter       49950 min   302.02102697092050      max   1058.0092482531008     
 DEBUG T iter       50000 min   302.02108978071465      max   1058.0165564663462     
   SIMPLE iter       50000  res_p=   6.9388939039072284E-017  u(1,1,1)=   1.9458836112745159       p(1,1,1)=   123.71302557616647     
 DEBUG T iter       50050 min   302.02115223558525      max   1058.0238233825889     
 DEBUG T iter       50100 min   302.02121433753808      max   1058.0310492351953     
   SIMPLE iter       50100  res_p=   6.9388939039072284E-017  u(1,1,1)=   1.9458836112745159       p(1,1,1)=   123.71302557616647     
 DEBUG T iter       50150 min   302.02127608856728      max   1058.0382342562009     
 DEBUG T iter       50200 min   302.02133749065598      max   1058.0453786763351     
   SIMPLE iter       50200  res_p=   6.9388939039072284E-017  u(1,1,1)=   1.9458836112745159       p(1,1,1)=   123.71302557616647     
 DEBUG T iter       50250 min   302.02139854577581      max   1058.0524827250281     
 DEBUG T iter       50300 min   302.02145925588752      max   1058.0595466304035     
   SIMPLE iter       50300  res_p=   6.9388939039072284E-017  u(1,1,1)=   1.9458836112745159       p(1,1,1)=   123.71302557616647     
 DEBUG T iter       50350 min   302.02151962294062      max   1058.0665706193079     
 DEBUG T iter       50400 min   302.02157964887351      max   1058.0735549172978     
   SIMPLE iter       50400  res_p=   6.9388939039072284E-017  u(1,1,1)=   1.9458836112745159       p(1,1,1)=   123.71302557616647     
 DEBUG T iter       50450 min   302.02163933561422      max   1058.0804997486589     
 DEBUG T iter       50500 min   302.02169868507895      max   1058.0874053364073     
   SIMPLE iter       50500  res_p=   6.9388939039072284E-017  u(1,1,1)=   1.9458836112745159       p(1,1,1)=   123.71302557616647     
 DEBUG T iter       50550 min   302.02175769917375      max   1058.0942719022937     
 DEBUG T iter       50600 min   302.02181637979368      max   1058.1010996668256     
   SIMPLE iter       50600  res_p=   6.9388939039072284E-017  u(1,1,1)=   1.9458836112745159       p(1,1,1)=   123.71302557616647     
 DEBUG T iter       50650 min   302.02187472882338      max   1058.1078888492614     
 DEBUG T iter       50700 min   302.02193274813629      max   1058.1146396676190     
   SIMPLE iter       50700  res_p=   6.9388939039072284E-017  u(1,1,1)=   1.9458836112745159       p(1,1,1)=   123.71302557616647     
 DEBUG T iter       50750 min   302.02199043959570      max   1058.1213523386880     
 DEBUG T iter       50800 min   302.02204780505417      max   1058.1280270780223     
   SIMPLE iter       50800  res_p=   6.9388939039072284E-017  u(1,1,1)=   1.9458836112745159       p(1,1,1)=   123.71302557616647     
 DEBUG T iter       50850 min   302.02210484635384      max   1058.1346640999734     
 DEBUG T iter       50900 min   302.02216156532660      max   1058.1412636176681     
   SIMPLE iter       50900  res_p=   6.9388939039072284E-017  u(1,1,1)=   1.9458836112745159       p(1,1,1)=   123.71302557616647     
 DEBUG T iter       50950 min   302.02221796379371      max   1058.1478258430361     
 DEBUG T iter       51000 min   302.02227404356620      max   1058.1543509868050     
   SIMPLE iter       51000  res_p=   6.9388939039072284E-017  u(1,1,1)=   1.9458836112745159       p(1,1,1)=   123.71302557616647     
 DEBUG T iter       51050 min   302.02232980644521      max   1058.1608392585179     
 DEBUG T iter       51100 min   302.02238525422109      max   1058.1672908665284     
   SIMPLE iter       51100  res_p=   6.9388939039072284E-017  u(1,1,1)=   1.9458836112745159       p(1,1,1)=   123.71302557616647     
 DEBUG T iter       51150 min   302.02244038867474      max   1058.1737060180124     
 DEBUG T iter       51200 min   302.02249521157637      max   1058.1800849189790     
   SIMPLE iter       51200  res_p=   6.9388939039072284E-017  u(1,1,1)=   1.9458836112745159       p(1,1,1)=   123.71302557616647     
 DEBUG T iter       51250 min   302.02254972468677      max   1058.1864277742700     
 DEBUG T iter       51300 min   302.02260392975637      max   1058.1927347875740     
   SIMPLE iter       51300  res_p=   6.9388939039072284E-017  u(1,1,1)=   1.9458836112745159       p(1,1,1)=   123.71302557616647     
 DEBUG T iter       51350 min   302.02265782852584      max   1058.1990061614235     
 DEBUG T iter       51400 min   302.02271142272582      max   1058.2052420972102     
   SIMPLE iter       51400  res_p=   6.9388939039072284E-017  u(1,1,1)=   1.9458836112745159       p(1,1,1)=   123.71302557616647     
 DEBUG T iter       51450 min   302.02276471407771      max   1058.2114427951860     
 DEBUG T iter       51500 min   302.02281770429255      max   1058.2176084544719     
   SIMPLE iter       51500  res_p=   6.9388939039072284E-017  u(1,1,1)=   1.9458836112745159       p(1,1,1)=   123.71302557616647     
 DEBUG T iter       51550 min   302.02287039507229      max   1058.2237392730660     
 DEBUG T iter       51600 min   302.02292278810853      max   1058.2298354478366     
   SIMPLE iter       51600  res_p=   6.9388939039072284E-017  u(1,1,1)=   1.9458836112745159       p(1,1,1)=   123.71302557616647     
 DEBUG T iter       51650 min   302.02297488508412      max   1058.2358971745516     
 DEBUG T iter       51700 min   302.02302668767203      max   1058.2419246478710     
   SIMPLE iter       51700  res_p=   6.9388939039072284E-017  u(1,1,1)=   1.9458836112745159       p(1,1,1)=   123.71302557616647     
 DEBUG T iter       51750 min   302.02307819753560      max   1058.2479180613534     
 DEBUG T iter       51800 min   302.02312941632891      max   1058.2538776074587     
   SIMPLE iter       51800  res_p=   6.9388939039072284E-017  u(1,1,1)=   1.9458836112745159       p(1,1,1)=   123.71302557616647     
 DEBUG T iter       51850 min   302.02318034569691      max   1058.2598034775667     
 DEBUG T iter       51900 min   302.02323098727493      max   1058.2656958619727     
   SIMPLE iter       51900  res_p=   6.9388939039072284E-017  u(1,1,1)=   1.9458836112745159       p(1,1,1)=   123.71302557616647     
 DEBUG T iter       51950 min   302.02328134268936      max   1058.2715549498969     
 DEBUG T iter       52000 min   302.02333141355706      max   1058.2773809294858     
   SIMPLE iter       52000  res_p=   6.9388939039072284E-017  u(1,1,1)=   1.9458836112745159       p(1,1,1)=   123.71302557616647     
 DEBUG T iter       52050 min   302.02338120148613      max   1058.2831739878327     
 DEBUG T iter       52100 min   302.02343070807513      max   1058.2889343109650     
   SIMPLE iter       52100  res_p=   6.9388939039072284E-017  u(1,1,1)=   1.9458836112745159       p(1,1,1)=   123.71302557616647     
 DEBUG T iter       52150 min   302.02347993491412      max   1058.2946620838577     
 DEBUG T iter       52200 min   302.02352888358377      max   1058.3003574904524     
   SIMPLE iter       52200  res_p=   6.9388939039072284E-017  u(1,1,1)=   1.9458836112745159       p(1,1,1)=   123.71302557616647     
 DEBUG T iter       52250 min   302.02357755565595      max   1058.3060207136405     
 DEBUG T iter       52300 min   302.02362595269364      max   1058.3116519352789     
   SIMPLE iter       52300  res_p=   6.9388939039072284E-017  u(1,1,1)=   1.9458836112745159       p(1,1,1)=   123.71302557616647     
 DEBUG T iter       52350 min   302.02367407625104      max   1058.3172513362058     
 DEBUG T iter       52400 min   302.02372192787345      max   1058.3228190962286     
   SIMPLE iter       52400  res_p=   6.9388939039072284E-017  u(1,1,1)=   1.9458836112745159       p(1,1,1)=   123.71302557616647     
 DEBUG T iter       52450 min   302.02376950909763      max   1058.3283553941446     
 DEBUG T iter       52500 min   302.02381682145142      max   1058.3338604077383     
   SIMPLE iter       52500  res_p=   6.9388939039072284E-017  u(1,1,1)=   1.9458836112745159       p(1,1,1)=   123.71302557616647     
 DEBUG T iter       52550 min   302.02386386645418      max   1058.3393343137930     
 DEBUG T iter       52600 min   302.02391064561681      max   1058.3447772880891     
   SIMPLE iter       52600  res_p=   6.9388939039072284E-017  u(1,1,1)=   1.9458836112745159       p(1,1,1)=   123.71302557616647     
 DEBUG T iter       52650 min   302.02395716044117      max   1058.3501895054098     
 DEBUG T iter       52700 min   302.02400341242122      max   1058.3555711395600     
   SIMPLE iter       52700  res_p=   6.9388939039072284E-017  u(1,1,1)=   1.9458836112745159       p(1,1,1)=   123.71302557616647     
 DEBUG T iter       52750 min   302.02404940304217      max   1058.3609223633568     
 DEBUG T iter       52800 min   302.02409513378092      max   1058.3662433486422     
   SIMPLE iter       52800  res_p=   6.9388939039072284E-017  u(1,1,1)=   1.9458836112745159       p(1,1,1)=   123.71302557616647     
 DEBUG T iter       52850 min   302.02414060610602      max   1058.3715342662863     
 DEBUG T iter       52900 min   302.02418582147760      max   1058.3767952861990     
   SIMPLE iter       52900  res_p=   6.9388939039072284E-017  u(1,1,1)=   1.9458836112745159       p(1,1,1)=   123.71302557616647     
 DEBUG T iter       52950 min   302.02423078134774      max   1058.3820265773186     
 DEBUG T iter       53000 min   302.02427548716020      max   1058.3872283076414     
   SIMPLE iter       53000  res_p=   6.9388939039072284E-017  u(1,1,1)=   1.9458836112745159       p(1,1,1)=   123.71302557616647     
 DEBUG T iter       53050 min   302.02431994035061      max   1058.3924006442032     
 DEBUG T iter       53100 min   302.02436414234649      max   1058.3975437531051     
   SIMPLE iter       53100  res_p=   6.9388939039072284E-017  u(1,1,1)=   1.9458836112745159       p(1,1,1)=   123.71302557616647     
 DEBUG T iter       53150 min   302.02440809456721      max   1058.4026577995010     
 DEBUG T iter       53200 min   302.02445179842414      max   1058.4077429476206     
   SIMPLE iter       53200  res_p=   6.9388939039072284E-017  u(1,1,1)=   1.9458836112745159       p(1,1,1)=   123.71302557616647     
 DEBUG T iter       53250 min   302.02449525532097      max   1058.4127993607608     
 DEBUG T iter       53300 min   302.02453846665310      max   1058.4178272012978     
   SIMPLE iter       53300  res_p=   6.9388939039072284E-017  u(1,1,1)=   1.9458836112745159       p(1,1,1)=   123.71302557616647     
 DEBUG T iter       53350 min   302.02458143380795      max   1058.4228266306832     
 DEBUG T iter       53400 min   302.02462415816558      max   1058.4277978094653     
   SIMPLE iter       53400  res_p=   6.9388939039072284E-017  u(1,1,1)=   1.9458836112745159       p(1,1,1)=   123.71302557616647     
 DEBUG T iter       53450 min   302.02466664109784      max   1058.4327408972845     
 DEBUG T iter       53500 min   302.02470888396908      max   1058.4376560528710     
   SIMPLE iter       53500  res_p=   6.9388939039072284E-017  u(1,1,1)=   1.9458836112745159       p(1,1,1)=   123.71302557616647     
 DEBUG T iter       53550 min   302.02475088813571      max   1058.4425434340671     
 DEBUG T iter       53600 min   302.02479265494662      max   1058.4474031978177     
   SIMPLE iter       53600  res_p=   6.9388939039072284E-017  u(1,1,1)=   1.9458836112745159       p(1,1,1)=   123.71302557616647     
 DEBUG T iter       53650 min   302.02483418574315      max   1058.4522355001830     
 DEBUG T iter       53700 min   302.02487548185883      max   1058.4570404963358     
   SIMPLE iter       53700  res_p=   6.9388939039072284E-017  u(1,1,1)=   1.9458836112745159       p(1,1,1)=   123.71302557616647     
 DEBUG T iter       53750 min   302.02491654461983      max   1058.4618183405851     
 DEBUG T iter       53800 min   302.02495737534485      max   1058.4665691863545     
   SIMPLE iter       53800  res_p=   6.9388939039072284E-017  u(1,1,1)=   1.9458836112745159       p(1,1,1)=   123.71302557616647     
 DEBUG T iter       53850 min   302.02499797534495      max   1058.4712931862091     
 DEBUG T iter       53900 min   302.02503834592397      max   1058.4759904918483     
   SIMPLE iter       53900  res_p=   6.9388939039072284E-017  u(1,1,1)=   1.9458836112745159       p(1,1,1)=   123.71302557616647     
 DEBUG T iter       53950 min   302.02507848837831      max   1058.4806612541151     
 DEBUG T iter       54000 min   302.02511840399711      max   1058.4853056229981     
   SIMPLE iter       54000  res_p=   6.9388939039072284E-017  u(1,1,1)=   1.9458836112745159       p(1,1,1)=   123.71302557616647     
 DEBUG T iter       54050 min   302.02515809406219      max   1058.4899237476448     
 DEBUG T iter       54100 min   302.02519755984770      max   1058.4945157763516     
   SIMPLE iter       54100  res_p=   6.9388939039072284E-017  u(1,1,1)=   1.9458836112745159       p(1,1,1)=   123.71302557616647     
 DEBUG T iter       54150 min   302.02523680262158      max   1058.4990818565777     
 DEBUG T iter       54200 min   302.02527582364365      max   1058.5036221349569     
   SIMPLE iter       54200  res_p=   6.9388939039072284E-017  u(1,1,1)=   1.9458836112745159       p(1,1,1)=   123.71302557616647     
 DEBUG T iter       54250 min   302.02531462416709      max   1058.5081367572866     
 DEBUG T iter       54300 min   302.02535320543791      max   1058.5126258685461     
   SIMPLE iter       54300  res_p=   6.9388939039072284E-017  u(1,1,1)=   1.9458836112745159       p(1,1,1)=   123.71302557616647     
 DEBUG T iter       54350 min   302.02539156869500      max   1058.5170896128884     
 DEBUG T iter       54400 min   302.02542971517028      max   1058.5215281336568     
   SIMPLE iter       54400  res_p=   6.9388939039072284E-017  u(1,1,1)=   1.9458836112745159       p(1,1,1)=   123.71302557616647     
 DEBUG T iter       54450 min   302.02546764608877      max   1058.5259415733879     
 DEBUG T iter       54500 min   302.02550536266864      max   1058.5303300738071     
   SIMPLE iter       54500  res_p=   6.9388939039072284E-017  u(1,1,1)=   1.9458836112745159       p(1,1,1)=   123.71302557616647     
 DEBUG T iter       54550 min   302.02554286612070      max   1058.5346937758363     
 DEBUG T iter       54600 min   302.02558015764981      max   1058.5390328196079     
   SIMPLE iter       54600  res_p=   6.9388939039072284E-017  u(1,1,1)=   1.9458836112745159       p(1,1,1)=   123.71302557616647     
 DEBUG T iter       54650 min   302.02561723845304      max   1058.5433473444616     
 DEBUG T iter       54700 min   302.02565410972142      max   1058.5476374889424     
   SIMPLE iter       54700  res_p=   6.9388939039072284E-017  u(1,1,1)=   1.9458836112745159       p(1,1,1)=   123.71302557616647     
 DEBUG T iter       54750 min   302.02569077263900      max   1058.5519033908258     
 DEBUG T iter       54800 min   302.02572722838289      max   1058.5561451870983     
   SIMPLE iter       54800  res_p=   6.9388939039072284E-017  u(1,1,1)=   1.9458836112745159       p(1,1,1)=   123.71302557616647     
 DEBUG T iter       54850 min   302.02576347812402      max   1058.5603630139735     
 DEBUG T iter       54900 min   302.02579952302631      max   1058.5645570068941     
   SIMPLE iter       54900  res_p=   6.9388939039072284E-017  u(1,1,1)=   1.9458836112745159       p(1,1,1)=   123.71302557616647     
 DEBUG T iter       54950 min   302.02583536424731      max   1058.5687273005456     
 DEBUG T iter       55000 min   302.02587100293806      max   1058.5728740288484     
   SIMPLE iter       55000  res_p=   6.9388939039072284E-017  u(1,1,1)=   1.9458836112745159       p(1,1,1)=   123.71302557616647     
 DEBUG T iter       55050 min   302.02590644024275      max   1058.5769973249653     
 DEBUG T iter       55100 min   302.02594167729961      max   1058.5810973212981     
   SIMPLE iter       55100  res_p=   6.9388939039072284E-017  u(1,1,1)=   1.9458836112745159       p(1,1,1)=   123.71302557616647     
 DEBUG T iter       55150 min   302.02597671524023      max   1058.5851741495130     
 DEBUG T iter       55200 min   302.02601155518954      max   1058.5892279405259     
   SIMPLE iter       55200  res_p=   6.9388939039072284E-017  u(1,1,1)=   1.9458836112745159       p(1,1,1)=   123.71302557616647     
 DEBUG T iter       55250 min   302.02604619826650      max   1058.5932588245139     
 DEBUG T iter       55300 min   302.02608064558359      max   1058.5972669309247     
   SIMPLE iter       55300  res_p=   6.9388939039072284E-017  u(1,1,1)=   1.9458836112745159       p(1,1,1)=   123.71302557616647     
 DEBUG T iter       55350 min   302.02611489824693      max   1058.6012523884649     
 DEBUG T iter       55400 min   302.02614895735644      max   1058.6052153251194     
   SIMPLE iter       55400  res_p=   6.9388939039072284E-017  u(1,1,1)=   1.9458836112745159       p(1,1,1)=   123.71302557616647     
 DEBUG T iter       55450 min   302.02618282400596      max   1058.6091558681499     
 DEBUG T iter       55500 min   302.02621649928295      max   1058.6130741440920     
   SIMPLE iter       55500  res_p=   6.9388939039072284E-017  u(1,1,1)=   1.9458836112745159       p(1,1,1)=   123.71302557616647     
 DEBUG T iter       55550 min   302.02624998426887      max   1058.6169702787799     
 DEBUG T iter       55600 min   302.02628328003902      max   1058.6208443973198     
   SIMPLE iter       55600  res_p=   6.9388939039072284E-017  u(1,1,1)=   1.9458836112745159       p(1,1,1)=   123.71302557616647     
 DEBUG T iter       55650 min   302.02631638766258      max   1058.6246966241276     
 DEBUG T iter       55700 min   302.02634930820267      max   1058.6285270829005     
   SIMPLE iter       55700  res_p=   6.9388939039072284E-017  u(1,1,1)=   1.9458836112745159       p(1,1,1)=   123.71302557616647     
 DEBUG T iter       55750 min   302.02638204271659      max   1058.6323358966508     
 DEBUG T iter       55800 min   302.02641459225526      max   1058.6361231876883     
   SIMPLE iter       55800  res_p=   6.9388939039072284E-017  u(1,1,1)=   1.9458836112745159       p(1,1,1)=   123.71302557616647     
 DEBUG T iter       55850 min   302.02644695786432      max   1058.6398890776302     
 DEBUG T iter       55900 min   302.02647914058281      max   1058.6436336874126     
   SIMPLE iter       55900  res_p=   6.9388939039072284E-017  u(1,1,1)=   1.9458836112745159       p(1,1,1)=   123.71302557616647     
 DEBUG T iter       55950 min   302.02651114144436      max   1058.6473571372806     
 DEBUG T iter       56000 min   302.02654296147654      max   1058.6510595468067     
   SIMPLE iter       56000  res_p=   6.9388939039072284E-017  u(1,1,1)=   1.9458836112745159       p(1,1,1)=   123.71302557616647     
 DEBUG T iter       56050 min   302.02657460170116      max   1058.6547410348849     
 DEBUG T iter       56100 min   302.02660606313430      max   1058.6584017197388     
   SIMPLE iter       56100  res_p=   6.9388939039072284E-017  u(1,1,1)=   1.9458836112745159       p(1,1,1)=   123.71302557616647     
 DEBUG T iter       56150 min   302.02663734678623      max   1058.6620417189197     
 DEBUG T iter       56200 min   302.02666845366161      max   1058.6656611493177     
   SIMPLE iter       56200  res_p=   6.9388939039072284E-017  u(1,1,1)=   1.9458836112745159       p(1,1,1)=   123.71302557616647     
 DEBUG T iter       56250 min   302.02669938475924      max   1058.6692601271661     
 DEBUG T iter       56300 min   302.02673014107256      max   1058.6728387680316     
   SIMPLE iter       56300  res_p=   6.9388939039072284E-017  u(1,1,1)=   1.9458836112745159       p(1,1,1)=   123.71302557616647     
 DEBUG T iter       56350 min   302.02676072358906      max   1058.6763971868381     
 DEBUG T iter       56400 min   302.02679113329117      max   1058.6799354978534     
   SIMPLE iter       56400  res_p=   6.9388939039072284E-017  u(1,1,1)=   1.9458836112745159       p(1,1,1)=   123.71302557616647     
 DEBUG T iter       56450 min   302.02682137115494      max   1058.6834538147036     
 DEBUG T iter       56500 min   302.02685143815171      max   1058.6869522503669     
   SIMPLE iter       56500  res_p=   6.9388939039072284E-017  u(1,1,1)=   1.9458836112745159       p(1,1,1)=   123.71302557616647     
 DEBUG T iter       56550 min   302.02688133524697      max   1058.6904309171928     
 DEBUG T iter       56600 min   302.02691106340075      max   1058.6938899268873     
   SIMPLE iter       56600  res_p=   6.9388939039072284E-017  u(1,1,1)=   1.9458836112745159       p(1,1,1)=   123.71302557616647     
 DEBUG T iter       56650 min   302.02694062356761      max   1058.6973293905287     
 DEBUG T iter       56700 min   302.02697001669708      max   1058.7007494185714     
   SIMPLE iter       56700  res_p=   6.9388939039072284E-017  u(1,1,1)=   1.9458836112745159       p(1,1,1)=   123.71302557616647     
 DEBUG T iter       56750 min   302.02699924373269      max   1058.7041501208319     
 DEBUG T iter       56800 min   302.02702830561327      max   1058.7075316065207     
   SIMPLE iter       56800  res_p=   6.9388939039072284E-017  u(1,1,1)=   1.9458836112745159       p(1,1,1)=   123.71302557616647     
 DEBUG T iter       56850 min   302.02705720327197      max   1058.7108939842292     
 DEBUG T iter       56900 min   302.02708593763668      max   1058.7142373619308     
   SIMPLE iter       56900  res_p=   6.9388939039072284E-017  u(1,1,1)=   1.9458836112745159       p(1,1,1)=   123.71302557616647     
 DEBUG T iter       56950 min   302.02711450963028      max   1058.7175618469871     
 DEBUG T iter       57000 min   302.02714292017038      max   1058.7208675461548     
   SIMPLE iter       57000  res_p=   6.9388939039072284E-017  u(1,1,1)=   1.9458836112745159       p(1,1,1)=   123.71302557616647     
 DEBUG T iter       57050 min   302.02717117016908      max   1058.7241545655975     
 DEBUG T iter       57100 min   302.02719926053356      max   1058.7274230108601     
   SIMPLE iter       57100  res_p=   6.9388939039072284E-017  u(1,1,1)=   1.9458836112745159       p(1,1,1)=   123.71302557616647     
 DEBUG T iter       57150 min   302.02722719216604      max   1058.7306729869060     
 DEBUG T iter       57200 min   302.02725496596338      max   1058.7339045980998     
   SIMPLE iter       57200  res_p=   6.9388939039072284E-017  u(1,1,1)=   1.9458836112745159       p(1,1,1)=   123.71302557616647     
 DEBUG T iter       57250 min   302.02728258281769      max   1058.7371179482163     
 DEBUG T iter       57300 min   302.02731004361550      max   1058.7403131404437     
   SIMPLE iter       57300  res_p=   6.9388939039072284E-017  u(1,1,1)=   1.9458836112745159       p(1,1,1)=   123.71302557616647     
 DEBUG T iter       57350 min   302.02733734923873      max   1058.7434902773923     
 DEBUG T iter       57400 min   302.02736450056432      max   1058.7466494610799     
   SIMPLE iter       57400  res_p=   6.9388939039072284E-017  u(1,1,1)=   1.9458836112745159       p(1,1,1)=   123.71302557616647     
 DEBUG T iter       57450 min   302.02739149846411      max   1058.7497907929601     
 DEBUG T iter       57500 min   302.02741834380515      max   1058.7529143739125     
   SIMPLE iter       57500  res_p=   6.9388939039072284E-017  u(1,1,1)=   1.9458836112745159       p(1,1,1)=   123.71302557616647     
 DEBUG T iter       57550 min   302.02744503744941      max   1058.7560203042415     
 DEBUG T iter       57600 min   302.02747158025414      max   1058.7591086836869     
   SIMPLE iter       57600  res_p=   6.9388939039072284E-017  u(1,1,1)=   1.9458836112745159       p(1,1,1)=   123.71302557616647     
 DEBUG T iter       57650 min   302.02749797307177      max   1058.7621796114247     
 DEBUG T iter       57700 min   302.02752421674973      max   1058.7652331860688     
   SIMPLE iter       57700  res_p=   6.9388939039072284E-017  u(1,1,1)=   1.9458836112745159       p(1,1,1)=   123.71302557616647     
 DEBUG T iter       57750 min   302.02755031213087      max   1058.7682695056747     
 DEBUG T iter       57800 min   302.02757626005314      max   1058.7712886677541     
   SIMPLE iter       57800  res_p=   6.9388939039072284E-017  u(1,1,1)=   1.9458836112745159       p(1,1,1)=   123.71302557616647     
 DEBUG T iter       57850 min   302.02760206134968      max   1058.7742907692539     
 DEBUG T iter       57900 min   302.02762771684922      max   1058.7772759065856     
   SIMPLE iter       57900  res_p=   6.9388939039072284E-017  u(1,1,1)=   1.9458836112745159       p(1,1,1)=   123.71302557616647     
 DEBUG T iter       57950 min   302.02765322737542      max   1058.7802441756035     
 DEBUG T iter       58000 min   302.02767859374779      max   1058.7831956716304     
   SIMPLE iter       58000  res_p=   6.9388939039072284E-017  u(1,1,1)=   1.9458836112745159       p(1,1,1)=   123.71302557616647     
 DEBUG T iter       58050 min   302.02770381678062      max   1058.7861304894443     
 DEBUG T iter       58100 min   302.02772889728413      max   1058.7890487232910     
   SIMPLE iter       58100  res_p=   6.9388939039072284E-017  u(1,1,1)=   1.9458836112745159       p(1,1,1)=   123.71302557616647     
 DEBUG T iter       58150 min   302.02775383606348      max   1058.7919504668791     
 DEBUG T iter       58200 min   302.02777863391964      max   1058.7948358134011     
   SIMPLE iter       58200  res_p=   6.9388939039072284E-017  u(1,1,1)=   1.9458836112745159       p(1,1,1)=   123.71302557616647     
 DEBUG T iter       58250 min   302.02780329164898      max   1058.7977048555056     
 DEBUG T iter       58300 min   302.02782781004333      max   1058.8005576853232     
   SIMPLE iter       58300  res_p=   6.9388939039072284E-017  u(1,1,1)=   1.9458836112745159       p(1,1,1)=   123.71302557616647     
 DEBUG T iter       58350 min   302.02785218988976      max   1058.8033943944683     
 DEBUG T iter       58400 min   302.02787643197155      max   1058.8062150740361     
   SIMPLE iter       58400  res_p=   6.9388939039072284E-017  u(1,1,1)=   1.9458836112745159       p(1,1,1)=   123.71302557616647     
 DEBUG T iter       58450 min   302.02790053706701      max   1058.8090198146037     
 DEBUG T iter       58500 min   302.02792450595024      max   1058.8118087062430     
   SIMPLE iter       58500  res_p=   6.9388939039072284E-017  u(1,1,1)=   1.9458836112745159       p(1,1,1)=   123.71302557616647     
 DEBUG T iter       58550 min   302.02794833939089      max   1058.8145818385069     
 DEBUG T iter       58600 min   302.02797203815436      max   1058.8173393004527     
   SIMPLE iter       58600  res_p=   6.9388939039072284E-017  u(1,1,1)=   1.9458836112745159       p(1,1,1)=   123.71302557616647     
 DEBUG T iter       58650 min   302.02799560300178      max   1058.8200811806232     
 DEBUG T iter       58700 min   302.02801903468958      max   1058.8228075670725     
   SIMPLE iter       58700  res_p=   6.9388939039072284E-017  u(1,1,1)=   1.9458836112745159       p(1,1,1)=   123.71302557616647     
 DEBUG T iter       58750 min   302.02804233397052      max   1058.8255185473477     
 DEBUG T iter       58800 min   302.02806550159261      max   1058.8282142085138     
   SIMPLE iter       58800  res_p=   6.9388939039072284E-017  u(1,1,1)=   1.9458836112745159       p(1,1,1)=   123.71302557616647     
 DEBUG T iter       58850 min   302.02808853829998      max   1058.8308946371317     
 DEBUG T iter       58900 min   302.02811144483223      max   1058.8335599192740     
   SIMPLE iter       58900  res_p=   6.9388939039072284E-017  u(1,1,1)=   1.9458836112745159       p(1,1,1)=   123.71302557616647     
 DEBUG T iter       58950 min   302.02813422192520      max   1058.8362101405330     
 DEBUG T iter       59000 min   302.02815687031011      max   1058.8388453860116     
   SIMPLE iter       59000  res_p=   6.9388939039072284E-017  u(1,1,1)=   1.9458836112745159       p(1,1,1)=   123.71302557616647     
 DEBUG T iter       59050 min   302.02817939071417      max   1058.8414657403387     
 DEBUG T iter       59100 min   302.02820178386082      max   1058.8440712876545     
   SIMPLE iter       59100  res_p=   6.9388939039072284E-017  u(1,1,1)=   1.9458836112745159       p(1,1,1)=   123.71302557616647     
 DEBUG T iter       59150 min   302.02822405046902      max   1058.8466621116336     
 DEBUG T iter       59200 min   302.02824619125374      max   1058.8492382954760     
   SIMPLE iter       59200  res_p=   6.9388939039072284E-017  u(1,1,1)=   1.9458836112745159       p(1,1,1)=   123.71302557616647     
 DEBUG T iter       59250 min   302.02826820692621      max   1058.8517999219050     
 DEBUG T iter       59300 min   302.02829009819328      max   1058.8543470731863     
   SIMPLE iter       59300  res_p=   6.9388939039072284E-017  u(1,1,1)=   1.9458836112745159       p(1,1,1)=   123.71302557616647     
 DEBUG T iter       59350 min   302.02831186575793      max   1058.8568798311105     
 DEBUG T iter       59400 min   302.02833351031910      max   1058.8593982770115     
   SIMPLE iter       59400  res_p=   6.9388939039072284E-017  u(1,1,1)=   1.9458836112745159       p(1,1,1)=   123.71302557616647     
 DEBUG T iter       59450 min   302.02835503257194      max   1058.8619024917646     
 DEBUG T iter       59500 min   302.02837643320760      max   1058.8643925557913     
   SIMPLE iter       59500  res_p=   6.9388939039072284E-017  u(1,1,1)=   1.9458836112745159       p(1,1,1)=   123.71302557616647     
 DEBUG T iter       59550 min   302.02839771291337      max   1058.8668685490463     
 DEBUG T iter       59600 min   302.02841887237241      max   1058.8693305510467     
   SIMPLE iter       59600  res_p=   6.9388939039072284E-017  u(1,1,1)=   1.9458836112745159       p(1,1,1)=   123.71302557616647     
 DEBUG T iter       59650 min   302.02843991226428      max   1058.8717786408481     
 DEBUG T iter       59700 min   302.02846083326460      max   1058.8742128970696     
   SIMPLE iter       59700  res_p=   6.9388939039072284E-017  u(1,1,1)=   1.9458836112745159       p(1,1,1)=   123.71302557616647     
 DEBUG T iter       59750 min   302.02848163604546      max   1058.8766333978808     
 DEBUG T iter       59800 min   302.02850232127452      max   1058.8790402210113     
   SIMPLE iter       59800  res_p=   6.9388939039072284E-017  u(1,1,1)=   1.9458836112745159       p(1,1,1)=   123.71302557616647     
 DEBUG T iter       59850 min   302.02852288961623      max   1058.8814334437454     
 DEBUG T iter       59900 min   302.02854334173117      max   1058.8838131429413     
   SIMPLE iter       59900  res_p=   6.9388939039072284E-017  u(1,1,1)=   1.9458836112745159       p(1,1,1)=   123.71302557616647     
 DEBUG T iter       59950 min   302.02856367827587      max   1058.8861793950105     
 DEBUG T iter       60000 min   302.02858389990365      max   1058.8885322759465     
   SIMPLE iter       60000  res_p=   6.9388939039072284E-017  u(1,1,1)=   1.9458836112745159       p(1,1,1)=   123.71302557616647     
 DEBUG T iter       60050 min   302.02860400726360      max   1058.8908718613052     
 DEBUG T iter       60100 min   302.02862400100173      max   1058.8931982262141     
   SIMPLE iter       60100  res_p=   6.9388939039072284E-017  u(1,1,1)=   1.9458836112745159       p(1,1,1)=   123.71302557616647     
 DEBUG T iter       60150 min   302.02864388175971      max   1058.8955114453806     
 DEBUG T iter       60200 min   302.02866365017633      max   1058.8978115930888     
   SIMPLE iter       60200  res_p=   6.9388939039072284E-017  u(1,1,1)=   1.9458836112745159       p(1,1,1)=   123.71302557616647     
 DEBUG T iter       60250 min   302.02868330688631      max   1058.9000987432009     
 DEBUG T iter       60300 min   302.02870285252084      max   1058.9023729691635     
   SIMPLE iter       60300  res_p=   6.9388939039072284E-017  u(1,1,1)=   1.9458836112745159       p(1,1,1)=   123.71302557616647     
 DEBUG T iter       60350 min   302.02872228770735      max   1058.9046343440086     
 DEBUG T iter       60400 min   302.02874161307045      max   1058.9068829403570     
   SIMPLE iter       60400  res_p=   6.9388939039072284E-017  u(1,1,1)=   1.9458836112745159       p(1,1,1)=   123.71302557616647     
 DEBUG T iter       60450 min   302.02876082923035      max   1058.9091188304133     
 DEBUG T iter       60500 min   302.02877993680414      max   1058.9113420859771     
   SIMPLE iter       60500  res_p=   6.9388939039072284E-017  u(1,1,1)=   1.9458836112745159       p(1,1,1)=   123.71302557616647     
 DEBUG T iter       60550 min   302.02879893640562      max   1058.9135527784454     
 DEBUG T iter       60600 min   302.02881782864483      max   1058.9157509788074     
   SIMPLE iter       60600  res_p=   6.9388939039072284E-017  u(1,1,1)=   1.9458836112745159       p(1,1,1)=   123.71302557616647     
 DEBUG T iter       60650 min   302.02883661412841      max   1058.9179367576519     
 DEBUG T iter       60700 min   302.02885529345957      max   1058.9201101851741     
   SIMPLE iter       60700  res_p=   6.9388939039072284E-017  u(1,1,1)=   1.9458836112745159       p(1,1,1)=   123.71302557616647     
 DEBUG T iter       60750 min   302.02887386723819      max   1058.9222713311731     
 DEBUG T iter       60800 min   302.02889233606078      max   1058.9244202650382     
   SIMPLE iter       60800  res_p=   6.9388939039072284E-017  u(1,1,1)=   1.9458836112745159       p(1,1,1)=   123.71302557616647     
 DEBUG T iter       60850 min   302.02891070052033      max   1058.9265570557818     
 DEBUG T iter       60900 min   302.02892896120670      max   1058.9286817720247     
   SIMPLE iter       60900  res_p=   6.9388939039072284E-017  u(1,1,1)=   1.9458836112745159       p(1,1,1)=   123.71302557616647     
 DEBUG T iter       60950 min   302.02894711870624      max   1058.9307944819968     
 DEBUG T iter       61000 min   302.02896517360182      max   1058.9328952535377     
   SIMPLE iter       61000  res_p=   6.9388939039072284E-017  u(1,1,1)=   1.9458836112745159       p(1,1,1)=   123.71302557616647     
 DEBUG T iter       61050 min   302.02898312647369      max   1058.9349841541082     
 DEBUG T iter       61100 min   302.02900097789797      max   1058.9370612507944     
   SIMPLE iter       61100  res_p=   6.9388939039072284E-017  u(1,1,1)=   1.9458836112745159       p(1,1,1)=   123.71302557616647     
 DEBUG T iter       61150 min   302.02901872844802      max   1058.9391266102916     
 DEBUG T iter       61200 min   302.02903637869389      max   1058.9411802989280     
   SIMPLE iter       61200  res_p=   6.9388939039072284E-017  u(1,1,1)=   1.9458836112745159       p(1,1,1)=   123.71302557616647     
 DEBUG T iter       61250 min   302.02905392920235      max   1058.9432223826514     
 DEBUG T iter       61300 min   302.02907138053689      max   1058.9452529270372     
   SIMPLE iter       61300  res_p=   6.9388939039072284E-017  u(1,1,1)=   1.9458836112745159       p(1,1,1)=   123.71302557616647     
 DEBUG T iter       61350 min   302.02908873325822      max   1058.9472719972941     
 DEBUG T iter       61400 min   302.02910598792323      max   1058.9492796582558     
   SIMPLE iter       61400  res_p=   6.9388939039072284E-017  u(1,1,1)=   1.9458836112745159       p(1,1,1)=   123.71302557616647     
 DEBUG T iter       61450 min   302.02912314508626      max   1058.9512759743982     
 DEBUG T iter       61500 min   302.02914020529818      max   1058.9532610098261     
   SIMPLE iter       61500  res_p=   6.9388939039072284E-017  u(1,1,1)=   1.9458836112745159       p(1,1,1)=   123.71302557616647     
 DEBUG T iter       61550 min   302.02915716910690      max   1058.9552348282843     
 DEBUG T iter       61600 min   302.02917403705698      max   1058.9571974931562     
   SIMPLE iter       61600  res_p=   6.9388939039072284E-017  u(1,1,1)=   1.9458836112745159       p(1,1,1)=   123.71302557616647     
 DEBUG T iter       61650 min   302.02919080969019      max   1058.9591490674691     
 DEBUG T iter       61700 min   302.02920748754536      max   1058.9610896138938     
   SIMPLE iter       61700  res_p=   6.9388939039072284E-017  u(1,1,1)=   1.9458836112745159       p(1,1,1)=   123.71302557616647     
 DEBUG T iter       61750 min   302.02922407115784      max   1058.9630191947431     
 DEBUG T iter       61800 min   302.02924056106019      max   1058.9649378719839     
   SIMPLE iter       61800  res_p=   6.9388939039072284E-017  u(1,1,1)=   1.9458836112745159       p(1,1,1)=   123.71302557616647     
 DEBUG T iter       61850 min   302.02925695778191      max   1058.9668457072287     
 DEBUG T iter       61900 min   302.02927326184971      max   1058.9687427617455     
   SIMPLE iter       61900  res_p=   6.9388939039072284E-017  u(1,1,1)=   1.9458836112745159       p(1,1,1)=   123.71302557616647     
 DEBUG T iter       61950 min   302.02928947378689      max   1058.9706290964500     
 DEBUG T iter       62000 min   302.02930559411436      max   1058.9725047719226     
   SIMPLE iter       62000  res_p=   6.9388939039072284E-017  u(1,1,1)=   1.9458836112745159       p(1,1,1)=   123.71302557616647     
 DEBUG T iter       62050 min   302.02932162334952      max   1058.9743698483919     
 DEBUG T iter       62100 min   302.02933756200730      max   1058.9762243857492     
   SIMPLE iter       62100  res_p=   6.9388939039072284E-017  u(1,1,1)=   1.9458836112745159       p(1,1,1)=   123.71302557616647     
 DEBUG T iter       62150 min   302.02935341059947      max   1058.9780684435523     
 DEBUG T iter       62200 min   302.02936916963495      max   1058.9799020810176     
   SIMPLE iter       62200  res_p=   6.9388939039072284E-017  u(1,1,1)=   1.9458836112745159       p(1,1,1)=   123.71302557616647     
 DEBUG T iter       62250 min   302.02938483961975      max   1058.9817253570268     
 DEBUG T iter       62300 min   302.02940042105729      max   1058.9835383301329     
   SIMPLE iter       62300  res_p=   6.9388939039072284E-017  u(1,1,1)=   1.9458836112745159       p(1,1,1)=   123.71302557616647     
 DEBUG T iter       62350 min   302.02941591444772      max   1058.9853410585520     
 DEBUG T iter       62400 min   302.02943132028861      max   1058.9871336001734     
   SIMPLE iter       62400  res_p=   6.9388939039072284E-017  u(1,1,1)=   1.9458836112745159       p(1,1,1)=   123.71302557616647     
 DEBUG T iter       62450 min   302.02944663907465      max   1058.9889160125631     
 DEBUG T iter       62500 min   302.02946187129788      max   1058.9906883529586     
   SIMPLE iter       62500  res_p=   6.9388939039072284E-017  u(1,1,1)=   1.9458836112745159       p(1,1,1)=   123.71302557616647     
 DEBUG T iter       62550 min   302.02947701744733      max   1058.9924506782725     
 DEBUG T iter       62600 min   302.02949207800958      max   1058.9942030451011     
   SIMPLE iter       62600  res_p=   6.9388939039072284E-017  u(1,1,1)=   1.9458836112745159       p(1,1,1)=   123.71302557616647     
 DEBUG T iter       62650 min   302.02950705346802      max   1058.9959455097160     
 DEBUG T iter       62700 min   302.02952194430367      max   1058.9976781280682     
   SIMPLE iter       62700  res_p=   6.9388939039072284E-017  u(1,1,1)=   1.9458836112745159       p(1,1,1)=   123.71302557616647     
 DEBUG T iter       62750 min   302.02953675099468      max   1058.9994009558013     
 DEBUG T iter       62800 min   302.02955147401656      max   1059.0011140482386     
   SIMPLE iter       62800  res_p=   6.9388939039072284E-017  u(1,1,1)=   1.9458836112745159       p(1,1,1)=   123.71302557616647     
 DEBUG T iter       62850 min   302.02956611384207      max   1059.0028174603947     
 DEBUG T iter       62900 min   302.02958067094136      max   1059.0045112469672     
   SIMPLE iter       62900  res_p=   6.9388939039072284E-017  u(1,1,1)=   1.9458836112745159       p(1,1,1)=   123.71302557616647     
 DEBUG T iter       62950 min   302.02959514578197      max   1059.0061954623511     
 DEBUG T iter       63000 min   302.02960953882865      max   1059.0078701606258     
   SIMPLE iter       63000  res_p=   6.9388939039072284E-017  u(1,1,1)=   1.9458836112745159       p(1,1,1)=   123.71302557616647     
 DEBUG T iter       63050 min   302.02962385054354      max   1059.0095353955774     
 DEBUG T iter       63100 min   302.02963808138622      max   1059.0111912206719     
   SIMPLE iter       63100  res_p=   6.9388939039072284E-017  u(1,1,1)=   1.9458836112745159       p(1,1,1)=   123.71302557616647     
 DEBUG T iter       63150 min   302.02965223181383      max   1059.0128376890907     
 DEBUG T iter       63200 min   302.02966630228070      max   1059.0144748537011     
   SIMPLE iter       63200  res_p=   6.9388939039072284E-017  u(1,1,1)=   1.9458836112745159       p(1,1,1)=   123.71302557616647     
 DEBUG T iter       63250 min   302.02968029323864      max   1059.0161027670767     
 DEBUG T iter       63300 min   302.02969420513699      max   1059.0177214814935     
   SIMPLE iter       63300  res_p=   6.9388939039072284E-017  u(1,1,1)=   1.9458836112745159       p(1,1,1)=   123.71302557616647     
 DEBUG T iter       63350 min   302.02970803842237      max   1059.0193310489381     
 DEBUG T iter       63400 min   302.02972179353912      max   1059.0209315210930     
   SIMPLE iter       63400  res_p=   6.9388939039072284E-017  u(1,1,1)=   1.9458836112745159       p(1,1,1)=   123.71302557616647     
 DEBUG T iter       63450 min   302.02973547092898      max   1059.0225229493537     
 DEBUG T iter       63500 min   302.02974907103118      max   1059.0241053848272     
   SIMPLE iter       63500  res_p=   6.9388939039072284E-017  u(1,1,1)=   1.9458836112745159       p(1,1,1)=   123.71302557616647     
 DEBUG T iter       63550 min   302.02976259428220      max   1059.0256788783286     
 DEBUG T iter       63600 min   302.02977604111663      max   1059.0272434803883     
   SIMPLE iter       63600  res_p=   6.9388939039072284E-017  u(1,1,1)=   1.9458836112745159       p(1,1,1)=   123.71302557616647     
 DEBUG T iter       63650 min   302.02978941196619      max   1059.0287992412468     
 DEBUG T iter       63700 min   302.02980270726016      max   1059.0303462108668     
   SIMPLE iter       63700  res_p=   6.9388939039072284E-017  u(1,1,1)=   1.9458836112745159       p(1,1,1)=   123.71302557616647     
 DEBUG T iter       63750 min   302.02981592742560      max   1059.0318844389253     
 DEBUG T iter       63800 min   302.02982907288680      max   1059.0334139748172     
   SIMPLE iter       63800  res_p=   6.9388939039072284E-017  u(1,1,1)=   1.9458836112745159       p(1,1,1)=   123.71302557616647     
 DEBUG T iter       63850 min   302.02984214406621      max   1059.0349348676602     
 DEBUG T iter       63900 min   302.02985514138345      max   1059.0364471662933     
   SIMPLE iter       63900  res_p=   6.9388939039072284E-017  u(1,1,1)=   1.9458836112745159       p(1,1,1)=   123.71302557616647     
 DEBUG T iter       63950 min   302.02986806525587      max   1059.0379509192824     
 DEBUG T iter       64000 min   302.02988091609853      max   1059.0394461749140     
   SIMPLE iter       64000  res_p=   6.9388939039072284E-017  u(1,1,1)=   1.9458836112745159       p(1,1,1)=   123.71302557616647     
 DEBUG T iter       64050 min   302.02989369432419      max   1059.0409329812085     
 DEBUG T iter       64100 min   302.02990640034301      max   1059.0424113859087     
   SIMPLE iter       64100  res_p=   6.9388939039072284E-017  u(1,1,1)=   1.9458836112745159       p(1,1,1)=   123.71302557616647     
 DEBUG T iter       64150 min   302.02991903456302      max   1059.0438814364920     
 DEBUG T iter       64200 min   302.02993159739003      max   1059.0453431801614     
   SIMPLE iter       64200  res_p=   6.9388939039072284E-017  u(1,1,1)=   1.9458836112745159       p(1,1,1)=   123.71302557616647     
 DEBUG T iter       64250 min   302.02994408922757      max   1059.0467966638605     
 DEBUG T iter       64300 min   302.02995651047655      max   1059.0482419342629     
   SIMPLE iter       64300  res_p=   6.9388939039072284E-017  u(1,1,1)=   1.9458836112745159       p(1,1,1)=   123.71302557616647     
 DEBUG T iter       64350 min   302.02996886153602      max   1059.0496790377811     
 DEBUG T iter       64400 min   302.02998114280246      max   1059.0511080205636     
   SIMPLE iter       64400  res_p=   6.9388939039072284E-017  u(1,1,1)=   1.9458836112745159       p(1,1,1)=   123.71302557616647     
 DEBUG T iter       64450 min   302.02999335467041      max   1059.0525289284994     
 DEBUG T iter       64500 min   302.03000549753210      max   1059.0539418072201     
   SIMPLE iter       64500  res_p=   6.9388939039072284E-017  u(1,1,1)=   1.9458836112745159       p(1,1,1)=   123.71302557616647     
 DEBUG T iter       64550 min   302.03001757177708      max   1059.0553467020941     
 DEBUG T iter       64600 min   302.03002957779341      max   1059.0567436582360     
   SIMPLE iter       64600  res_p=   6.9388939039072284E-017  u(1,1,1)=   1.9458836112745159       p(1,1,1)=   123.71302557616647     
 DEBUG T iter       64650 min   302.03004151596656      max   1059.0581327205075     
 DEBUG T iter       64700 min   302.03005338668009      max   1059.0595139335132     
   SIMPLE iter       64700  res_p=   6.9388939039072284E-017  u(1,1,1)=   1.9458836112745159       p(1,1,1)=   123.71302557616647     
 DEBUG T iter       64750 min   302.03006519031464      max   1059.0608873416072     
 DEBUG T iter       64800 min   302.03007692724992      max   1059.0622529888944     
   SIMPLE iter       64800  res_p=   6.9388939039072284E-017  u(1,1,1)=   1.9458836112745159       p(1,1,1)=   123.71302557616647     
 DEBUG T iter       64850 min   302.03008859786240      max   1059.0636109192294     
 DEBUG T iter       64900 min   302.03010020252708      max   1059.0649611762169     
   SIMPLE iter       64900  res_p=   6.9388939039072284E-017  u(1,1,1)=   1.9458836112745159       p(1,1,1)=   123.71302557616647     
 DEBUG T iter       64950 min   302.03011174161651      max   1059.0663038032205     
 DEBUG T iter       65000 min   302.03012321550113      max   1059.0676388433521     
   SIMPLE iter       65000  res_p=   6.9388939039072284E-017  u(1,1,1)=   1.9458836112745159       p(1,1,1)=   123.71302557616647     
 DEBUG T iter       65050 min   302.03013462454953      max   1059.0689663394851     
 DEBUG T iter       65100 min   302.03014596912817      max   1059.0702863342483     
   SIMPLE iter       65100  res_p=   6.9388939039072284E-017  u(1,1,1)=   1.9458836112745159       p(1,1,1)=   123.71302557616647     
 DEBUG T iter       65150 min   302.03015724960107      max   1059.0715988700344     
 DEBUG T iter       65200 min   302.03016846633091      max   1059.0729039889820     
   SIMPLE iter       65200  res_p=   6.9388939039072284E-017  u(1,1,1)=   1.9458836112745159       p(1,1,1)=   123.71302557616647     
 DEBUG T iter       65250 min   302.03017961967748      max   1059.0742017330108     
 DEBUG T iter       65300 min   302.03019070999920      max   1059.0754921437936     
   SIMPLE iter       65300  res_p=   6.9388939039072284E-017  u(1,1,1)=   1.9458836112745159       p(1,1,1)=   123.71302557616647     
 DEBUG T iter       65350 min   302.03020173765202      max   1059.0767752627667     
 DEBUG T iter       65400 min   302.03021270299013      max   1059.0780511311380     
   SIMPLE iter       65400  res_p=   6.9388939039072284E-017  u(1,1,1)=   1.9458836112745159       p(1,1,1)=   123.71302557616647     
 DEBUG T iter       65450 min   302.03022360636572      max   1059.0793197898729     
 DEBUG T iter       65500 min   302.03023444812897      max   1059.0805812797146     
   SIMPLE iter       65500  res_p=   6.9388939039072284E-017  u(1,1,1)=   1.9458836112745159       p(1,1,1)=   123.71302557616647     
 DEBUG T iter       65550 min   302.03024522862796      max   1059.0818356411746     
 DEBUG T iter       65600 min   302.03025594820883      max   1059.0830829145295     
   SIMPLE iter       65600  res_p=   6.9388939039072284E-017  u(1,1,1)=   1.9458836112745159       p(1,1,1)=   123.71302557616647     
 DEBUG T iter       65650 min   302.03026660721582      max   1059.0843231398387     
 DEBUG T iter       65700 min   302.03027720599135      max   1059.0855563569237     
   SIMPLE iter       65700  res_p=   6.9388939039072284E-017  u(1,1,1)=   1.9458836112745159       p(1,1,1)=   123.71302557616647     
 DEBUG T iter       65750 min   302.03028774487552      max   1059.0867826053891     
 DEBUG T iter       65800 min   302.03029822420712      max   1059.0880019246122     
   SIMPLE iter       65800  res_p=   6.9388939039072284E-017  u(1,1,1)=   1.9458836112745159       p(1,1,1)=   123.71302557616647     
 DEBUG T iter       65850 min   302.03030864432236      max   1059.0892143537469     
 DEBUG T iter       65900 min   302.03031900555607      max   1059.0904199317290     
   SIMPLE iter       65900  res_p=   6.9388939039072284E-017  u(1,1,1)=   1.9458836112745159       p(1,1,1)=   123.71302557616647     
 DEBUG T iter       65950 min   302.03032930824077      max   1059.0916186972706     
 DEBUG T iter       66000 min   302.03033955270746      max   1059.0928106888723     
   SIMPLE iter       66000  res_p=   6.9388939039072284E-017  u(1,1,1)=   1.9458836112745159       p(1,1,1)=   123.71302557616647     
 DEBUG T iter       66050 min   302.03034973928510      max   1059.0939959448071     
 DEBUG T iter       66100 min   302.03035986830071      max   1059.0951745031396     
   SIMPLE iter       66100  res_p=   6.9388939039072284E-017  u(1,1,1)=   1.9458836112745159       p(1,1,1)=   123.71302557616647     
 DEBUG T iter       66150 min   302.03036994007965      max   1059.0963464017168     
 DEBUG T iter       66200 min   302.03037995494543      max   1059.0975116781674     
   SIMPLE iter       66200  res_p=   6.9388939039072284E-017  u(1,1,1)=   1.9458836112745159       p(1,1,1)=   123.71302557616647     
 DEBUG T iter       66250 min   302.03038991321944      max   1059.0986703699134     
 DEBUG T iter       66300 min   302.03039981522153      max   1059.0998225141664     
   SIMPLE iter       66300  res_p=   6.9388939039072284E-017  u(1,1,1)=   1.9458836112745159       p(1,1,1)=   123.71302557616647     
 DEBUG T iter       66350 min   302.03040966126986      max   1059.1009681479213     
 DEBUG T iter       66400 min   302.03041945168042      max   1059.1021073079705     
   SIMPLE iter       66400  res_p=   6.9388939039072284E-017  u(1,1,1)=   1.9458836112745159       p(1,1,1)=   123.71302557616647     
 DEBUG T iter       66450 min   302.03042918676761      max   1059.1032400308918     
 DEBUG T iter       66500 min   302.03043886684412      max   1059.1043663530618     
   SIMPLE iter       66500  res_p=   6.9388939039072284E-017  u(1,1,1)=   1.9458836112745159       p(1,1,1)=   123.71302557616647     
 DEBUG T iter       66550 min   302.03044849222090      max   1059.1054863106494     
 DEBUG T iter       66600 min   302.03045806320688      max   1059.1065999396174     
   SIMPLE iter       66600  res_p=   6.9388939039072284E-017  u(1,1,1)=   1.9458836112745159       p(1,1,1)=   123.71302557616647     
 DEBUG T iter       66650 min   302.03046758010936      max   1059.1077072757296     
 DEBUG T iter       66700 min   302.03047704323404      max   1059.1088083545458     
   SIMPLE iter       66700  res_p=   6.9388939039072284E-017  u(1,1,1)=   1.9458836112745159       p(1,1,1)=   123.71302557616647     
 DEBUG T iter       66750 min   302.03048645288499      max   1059.1099032114230     
 DEBUG T iter       66800 min   302.03049580936420      max   1059.1109918815182     
   SIMPLE iter       66800  res_p=   6.9388939039072284E-017  u(1,1,1)=   1.9458836112745159       p(1,1,1)=   123.71302557616647     
 DEBUG T iter       66850 min   302.03050511297209      max   1059.1120743997953     
 DEBUG T iter       66900 min   302.03051436400739      max   1059.1131508010162     
   SIMPLE iter       66900  res_p=   6.9388939039072284E-017  u(1,1,1)=   1.9458836112745159       p(1,1,1)=   123.71302557616647     
 DEBUG T iter       66950 min   302.03052356276731      max   1059.1142211197473     
 DEBUG T iter       67000 min   302.03053270954723      max   1059.1152853903582     
   SIMPLE iter       67000  res_p=   6.9388939039072284E-017  u(1,1,1)=   1.9458836112745159       p(1,1,1)=   123.71302557616647     
 DEBUG T iter       67050 min   302.03054180464079      max   1059.1163436470260     
 DEBUG T iter       67100 min   302.03055084834023      max   1059.1173959237317     
   SIMPLE iter       67100  res_p=   6.9388939039072284E-017  u(1,1,1)=   1.9458836112745159       p(1,1,1)=   123.71302557616647     
 DEBUG T iter       67150 min   302.03055984093572      max   1059.1184422542669     
 DEBUG T iter       67200 min   302.03056878271622      max   1059.1194826722351     
   SIMPLE iter       67200  res_p=   6.9388939039072284E-017  u(1,1,1)=   1.9458836112745159       p(1,1,1)=   123.71302557616647     
 DEBUG T iter       67250 min   302.03057767396882      max   1059.1205172110479     
 DEBUG T iter       67300 min   302.03058651497895      max   1059.1215459039206     
   SIMPLE iter       67300  res_p=   6.9388939039072284E-017  u(1,1,1)=   1.9458836112745159       p(1,1,1)=   123.71302557616647     
 DEBUG T iter       67350 min   302.03059530603070      max   1059.1225687838923     
 DEBUG T iter       67400 min   302.03060404740620      max   1059.1235858838106     
   SIMPLE iter       67400  res_p=   6.9388939039072284E-017  u(1,1,1)=   1.9458836112745159       p(1,1,1)=   123.71302557616647     
 DEBUG T iter       67450 min   302.03061273938624      max   1059.1245972363349     
 DEBUG T iter       67500 min   302.03062138225005      max   1059.1256028739431     
   SIMPLE iter       67500  res_p=   6.9388939039072284E-017  u(1,1,1)=   1.9458836112745159       p(1,1,1)=   123.71302557616647     
 DEBUG T iter       67550 min   302.03062997627495      max   1059.1266028289267     
 DEBUG T iter       67600 min   302.03063852173710      max   1059.1275971334005     
   SIMPLE iter       67600  res_p=   6.9388939039072284E-017  u(1,1,1)=   1.9458836112745159       p(1,1,1)=   123.71302557616647     
 DEBUG T iter       67650 min   302.03064701891088      max   1059.1285858192921     
 DEBUG T iter       67700 min   302.03065546806891      max   1059.1295689183505     
   SIMPLE iter       67700  res_p=   6.9388939039072284E-017  u(1,1,1)=   1.9458836112745159       p(1,1,1)=   123.71302557616647     
 DEBUG T iter       67750 min   302.03066386948291      max   1059.1305464621466     
 DEBUG T iter       67800 min   302.03067222342241      max   1059.1315184820739     
   SIMPLE iter       67800  res_p=   6.9388939039072284E-017  u(1,1,1)=   1.9458836112745159       p(1,1,1)=   123.71302557616647     
 DEBUG T iter       67850 min   302.03068053015579      max   1059.1324850093451     
 DEBUG T iter       67900 min   302.03068878994969      max   1059.1334460749961     
   SIMPLE iter       67900  res_p=   6.9388939039072284E-017  u(1,1,1)=   1.9458836112745159       p(1,1,1)=   123.71302557616647     
 DEBUG T iter       67950 min   302.03069700306963      max   1059.1344017098911     
 DEBUG T iter       68000 min   302.03070516977908      max   1059.1353519447175     
   SIMPLE iter       68000  res_p=   6.9388939039072284E-017  u(1,1,1)=   1.9458836112745159       p(1,1,1)=   123.71302557616647     
 DEBUG T iter       68050 min   302.03071329034026      max   1059.1362968099909     
 DEBUG T iter       68100 min   302.03072136501413      max   1059.1372363360499     
   SIMPLE iter       68100  res_p=   6.9388939039072284E-017  u(1,1,1)=   1.9458836112745159       p(1,1,1)=   123.71302557616647     
 DEBUG T iter       68150 min   302.03072939405996      max   1059.1381705530678     
 DEBUG T iter       68200 min   302.03073737773548      max   1059.1390994910444     
   SIMPLE iter       68200  res_p=   6.9388939039072284E-017  u(1,1,1)=   1.9458836112745159       p(1,1,1)=   123.71302557616647     
 DEBUG T iter       68250 min   302.03074531629704      max   1059.1400231798111     
 DEBUG T iter       68300 min   302.03075320999977      max   1059.1409416490283     
   SIMPLE iter       68300  res_p=   6.9388939039072284E-017  u(1,1,1)=   1.9458836112745159       p(1,1,1)=   123.71302557616647     
 DEBUG T iter       68350 min   302.03076105909702      max   1059.1418549281912     
 DEBUG T iter       68400 min   302.03076886384076      max   1059.1427630466276     
   SIMPLE iter       68400  res_p=   6.9388939039072284E-017  u(1,1,1)=   1.9458836112745159       p(1,1,1)=   123.71302557616647     
 DEBUG T iter       68450 min   302.03077662448186      max   1059.1436660334991     
 DEBUG T iter       68500 min   302.03078434126934      max   1059.1445639178048     
   SIMPLE iter       68500  res_p=   6.9388939039072284E-017  u(1,1,1)=   1.9458836112745159       p(1,1,1)=   123.71302557616647     
 DEBUG T iter       68550 min   302.03079201445098      max   1059.1454567283754     
 DEBUG T iter       68600 min   302.03079964427343      max   1059.1463444938838     
   SIMPLE iter       68600  res_p=   6.9388939039072284E-017  u(1,1,1)=   1.9458836112745159       p(1,1,1)=   123.71302557616647     
 DEBUG T iter       68650 min   302.03080723098145      max   1059.1472272428371     
 DEBUG T iter       68700 min   302.03081477481874      max   1059.1481050035848     
   SIMPLE iter       68700  res_p=   6.9388939039072284E-017  u(1,1,1)=   1.9458836112745159       p(1,1,1)=   123.71302557616647     
 DEBUG T iter       68750 min   302.03082227602761      max   1059.1489778043110     
 DEBUG T iter       68800 min   302.03082973484891      max   1059.1498456730494     
   SIMPLE iter       68800  res_p=   6.9388939039072284E-017  u(1,1,1)=   1.9458836112745159       p(1,1,1)=   123.71302557616647     
 DEBUG T iter       68850 min   302.03083715152218      max   1059.1507086376585     
 DEBUG T iter       68900 min   302.03084452628553      max   1059.1515667258516     
   SIMPLE iter       68900  res_p=   6.9388939039072284E-017  u(1,1,1)=   1.9458836112745159       p(1,1,1)=   123.71302557616647     
 DEBUG T iter       68950 min   302.03085185937573      max   1059.1524199651967     
 DEBUG T iter       69000 min   302.03085915102849      max   1059.1532683830872     
   SIMPLE iter       69000  res_p=   6.9388939039072284E-017  u(1,1,1)=   1.9458836112745159       p(1,1,1)=   123.71302557616647     
 DEBUG T iter       69050 min   302.03086640147779      max   1059.1541120067668     
 DEBUG T iter       69100 min   302.03087361095658      max   1059.1549508633257     
   SIMPLE iter       69100  res_p=   6.9388939039072284E-017  u(1,1,1)=   1.9458836112745159       p(1,1,1)=   123.71302557616647     
 DEBUG T iter       69150 min   302.03088077969625      max   1059.1557849797023     
 DEBUG T iter       69200 min   302.03088790792702      max   1059.1566143826792     
   SIMPLE iter       69200  res_p=   6.9388939039072284E-017  u(1,1,1)=   1.9458836112745159       p(1,1,1)=   123.71302557616647     
 DEBUG T iter       69250 min   302.03089499587787      max   1059.1574390988978     
 DEBUG T iter       69300 min   302.03090204377628      max   1059.1582591548449     
   SIMPLE iter       69300  res_p=   6.9388939039072284E-017  u(1,1,1)=   1.9458836112745159       p(1,1,1)=   123.71302557616647     
 DEBUG T iter       69350 min   302.03090905184860      max   1059.1590745768438     
 DEBUG T iter       69400 min   302.03091602032015      max   1059.1598853910812     
   SIMPLE iter       69400  res_p=   6.9388939039072284E-017  u(1,1,1)=   1.9458836112745159       p(1,1,1)=   123.71302557616647     
 DEBUG T iter       69450 min   302.03092294941433      max   1059.1606916235990     
 DEBUG T iter       69500 min   302.03092983935392      max   1059.1614933002863     
   SIMPLE iter       69500  res_p=   6.9388939039072284E-017  u(1,1,1)=   1.9458836112745159       p(1,1,1)=   123.71302557616647     
 DEBUG T iter       69550 min   302.03093669036014      max   1059.1622904468836     
 DEBUG T iter       69600 min   302.03094350265280      max   1059.1630830889965     
   SIMPLE iter       69600  res_p=   6.9388939039072284E-017  u(1,1,1)=   1.9458836112745159       p(1,1,1)=   123.71302557616647     
 DEBUG T iter       69650 min   302.03095027645094      max   1059.1638712520732     
 DEBUG T iter       69700 min   302.03095701197174      max   1059.1646549614263     
   SIMPLE iter       69700  res_p=   6.9388939039072284E-017  u(1,1,1)=   1.9458836112745159       p(1,1,1)=   123.71302557616647     
 DEBUG T iter       69750 min   302.03096370943189      max   1059.1654342422198     
 DEBUG T iter       69800 min   302.03097036904620      max   1059.1662091194826     
   SIMPLE iter       69800  res_p=   6.9388939039072284E-017  u(1,1,1)=   1.9458836112745159       p(1,1,1)=   123.71302557616647     
 DEBUG T iter       69850 min   302.03097699102858      max   1059.1669796180927     
 DEBUG T iter       69900 min   302.03098357559156      max   1059.1677457627964     
   SIMPLE iter       69900  res_p=   6.9388939039072284E-017  u(1,1,1)=   1.9458836112745159       p(1,1,1)=   123.71302557616647     
 DEBUG T iter       69950 min   302.03099012294689      max   1059.1685075781959     
 DEBUG T iter       70000 min   302.03099663330465      max   1059.1692650887569     
   SIMPLE iter       70000  res_p=   6.9388939039072284E-017  u(1,1,1)=   1.9458836112745159       p(1,1,1)=   123.71302557616647     
 DEBUG T iter       70050 min   302.03100310687375      max   1059.1700183188029     
 DEBUG T iter       70100 min   302.03100954386230      max   1059.1707672925215     
   SIMPLE iter       70100  res_p=   6.9388939039072284E-017  u(1,1,1)=   1.9458836112745159       p(1,1,1)=   123.71302557616647     
 DEBUG T iter       70150 min   302.03101594447696      max   1059.1715120339652     
 DEBUG T iter       70200 min   302.03102230892335      max   1059.1722525670511     
   SIMPLE iter       70200  res_p=   6.9388939039072284E-017  u(1,1,1)=   1.9458836112745159       p(1,1,1)=   123.71302557616647     
 DEBUG T iter       70250 min   302.03102863740554      max   1059.1729889155567     
 DEBUG T iter       70300 min   302.03103493012713      max   1059.1737211031304     
   SIMPLE iter       70300  res_p=   6.9388939039072284E-017  u(1,1,1)=   1.9458836112745159       p(1,1,1)=   123.71302557616647     
 DEBUG T iter       70350 min   302.03104118728993      max   1059.1744491532829     
 DEBUG T iter       70400 min   302.03104740909504      max   1059.1751730893950     
   SIMPLE iter       70400  res_p=   6.9388939039072284E-017  u(1,1,1)=   1.9458836112745159       p(1,1,1)=   123.71302557616647     
 DEBUG T iter       70450 min   302.03105359574221      max   1059.1758929347145     
 DEBUG T iter       70500 min   302.03105974742994      max   1059.1766087123563     
   SIMPLE iter       70500  res_p=   6.9388939039072284E-017  u(1,1,1)=   1.9458836112745159       p(1,1,1)=   123.71302557616647     
 DEBUG T iter       70550 min   302.03106586435598      max   1059.1773204453063     
 DEBUG T iter       70600 min   302.03107194671679      max   1059.1780281564213     
   SIMPLE iter       70600  res_p=   6.9388939039072284E-017  u(1,1,1)=   1.9458836112745159       p(1,1,1)=   123.71302557616647     
 DEBUG T iter       70650 min   302.03107799470763      max   1059.1787318684239     
 DEBUG T iter       70700 min   302.03108400852250      max   1059.1794316039161     
   SIMPLE iter       70700  res_p=   6.9388939039072284E-017  u(1,1,1)=   1.9458836112745159       p(1,1,1)=   123.71302557616647     
 DEBUG T iter       70750 min   302.03108998835489      max   1059.1801273853653     
 DEBUG T iter       70800 min   302.03109593439649      max   1059.1808192351191     
   SIMPLE iter       70800  res_p=   6.9388939039072284E-017  u(1,1,1)=   1.9458836112745159       p(1,1,1)=   123.71302557616647     
 DEBUG T iter       70850 min   302.03110184683851      max   1059.1815071753936     
 DEBUG T iter       70900 min   302.03110772587070      max   1059.1821912282753     
   SIMPLE iter       70900  res_p=   6.9388939039072284E-017  u(1,1,1)=   1.9458836112745159       p(1,1,1)=   123.71302557616647     
 DEBUG T iter       70950 min   302.03111357168183      max   1059.1828714157350     
 DEBUG T iter       71000 min   302.03111938445971      max   1059.1835477596162     
   SIMPLE iter       71000  res_p=   6.9388939039072284E-017  u(1,1,1)=   1.9458836112745159       p(1,1,1)=   123.71302557616647     
 DEBUG T iter       71050 min   302.03112516439091      max   1059.1842202816360     
 DEBUG T iter       71100 min   302.03113091166102      max   1059.1848890033923     
   SIMPLE iter       71100  res_p=   6.9388939039072284E-017  u(1,1,1)=   1.9458836112745159       p(1,1,1)=   123.71302557616647     
 DEBUG T iter       71150 min   302.03113662645472      max   1059.1855539463597     
 DEBUG T iter       71200 min   302.03114230895534      max   1059.1862151318880     
   SIMPLE iter       71200  res_p=   6.9388939039072284E-017  u(1,1,1)=   1.9458836112745159       p(1,1,1)=   123.71302557616647     
 DEBUG T iter       71250 min   302.03114795934562      max   1059.1868725812135     
 DEBUG T iter       71300 min   302.03115357780689      max   1059.1875263154473     
   SIMPLE iter       71300  res_p=   6.9388939039072284E-017  u(1,1,1)=   1.9458836112745159       p(1,1,1)=   123.71302557616647     
 DEBUG T iter       71350 min   302.03115916451947      max   1059.1881763555814     
 DEBUG T iter       71400 min   302.03116471966291      max   1059.1888227224927     
   SIMPLE iter       71400  res_p=   6.9388939039072284E-017  u(1,1,1)=   1.9458836112745159       p(1,1,1)=   123.71302557616647     
 DEBUG T iter       71450 min   302.03117024341543      max   1059.1894654369341     
 DEBUG T iter       71500 min   302.03117573595460      max   1059.1901045195477     
   SIMPLE iter       71500  res_p=   6.9388939039072284E-017  u(1,1,1)=   1.9458836112745159       p(1,1,1)=   123.71302557616647     
 DEBUG T iter       71550 min   302.03118119745676      max   1059.1907399908539     
 DEBUG T iter       71600 min   302.03118662809715      max   1059.1913718712635     
   SIMPLE iter       71600  res_p=   6.9388939039072284E-017  u(1,1,1)=   1.9458836112745159       p(1,1,1)=   123.71302557616647     
 DEBUG T iter       71650 min   302.03119202805033      max   1059.1920001810620     
 DEBUG T iter       71700 min   302.03119739748962      max   1059.1926249404310     
   SIMPLE iter       71700  res_p=   6.9388939039072284E-017  u(1,1,1)=   1.9458836112745159       p(1,1,1)=   123.71302557616647     
 DEBUG T iter       71750 min   302.03120273658743      max   1059.1932461694269     
 DEBUG T iter       71800 min   302.03120804551537      max   1059.1938638880072     
   SIMPLE iter       71800  res_p=   6.9388939039072284E-017  u(1,1,1)=   1.9458836112745159       p(1,1,1)=   123.71302557616647     
 DEBUG T iter       71850 min   302.03121332444368      max   1059.1944781160046     
 DEBUG T iter       71900 min   302.03121857354205      max   1059.1950888731444     
   SIMPLE iter       71900  res_p=   6.9388939039072284E-017  u(1,1,1)=   1.9458836112745159       p(1,1,1)=   123.71302557616647     
 DEBUG T iter       71950 min   302.03122379297901      max   1059.1956961790372     
 DEBUG T iter       72000 min   302.03122898292219      max   1059.1963000531882     
   SIMPLE iter       72000  res_p=   6.9388939039072284E-017  u(1,1,1)=   1.9458836112745159       p(1,1,1)=   123.71302557616647     
 DEBUG T iter       72050 min   302.03123414353809      max   1059.1969005149879     
 DEBUG T iter       72100 min   302.03123927499269      max   1059.1974975837177     
   SIMPLE iter       72100  res_p=   6.9388939039072284E-017  u(1,1,1)=   1.9458836112745159       p(1,1,1)=   123.71302557616647     
 DEBUG T iter       72150 min   302.03124437745055      max   1059.1980912785523     
 DEBUG T iter       72200 min   302.03124945107567      max   1059.1986816185556     
   SIMPLE iter       72200  res_p=   6.9388939039072284E-017  u(1,1,1)=   1.9458836112745159       p(1,1,1)=   123.71302557616647     
 DEBUG T iter       72250 min   302.03125449603090      max   1059.1992686226870     
 DEBUG T iter       72300 min   302.03125951247819      max   1059.1998523097943     
   SIMPLE iter       72300  res_p=   6.9388939039072284E-017  u(1,1,1)=   1.9458836112745159       p(1,1,1)=   123.71302557616647     
 DEBUG T iter       72350 min   302.03126450057891      max   1059.2004326986253     
 DEBUG T iter       72400 min   302.03126946049287      max   1059.2010098078119     
   SIMPLE iter       72400  res_p=   6.9388939039072284E-017  u(1,1,1)=   1.9458836112745159       p(1,1,1)=   123.71302557616647     
 DEBUG T iter       72450 min   302.03127439237954      max   1059.2015836558896     
 DEBUG T iter       72500 min   302.03127929639737      max   1059.2021542612904     
   SIMPLE iter       72500  res_p=   6.9388939039072284E-017  u(1,1,1)=   1.9458836112745159       p(1,1,1)=   123.71302557616647     
 DEBUG T iter       72550 min   302.03128417270369      max   1059.2027216423317     
 DEBUG T iter       72600 min   302.03128902145517      max   1059.2032858172367     
   SIMPLE iter       72600  res_p=   6.9388939039072284E-017  u(1,1,1)=   1.9458836112745159       p(1,1,1)=   123.71302557616647     
 DEBUG T iter       72650 min   302.03129384280749      max   1059.2038468041223     
 DEBUG T iter       72700 min   302.03129863691538      max   1059.2044046210008     
   SIMPLE iter       72700  res_p=   6.9388939039072284E-017  u(1,1,1)=   1.9458836112745159       p(1,1,1)=   123.71302557616647     
 DEBUG T iter       72750 min   302.03130340393307      max   1059.2049592857879     
 DEBUG T iter       72800 min   302.03130814401328      max   1059.2055108162958     
   SIMPLE iter       72800  res_p=   6.9388939039072284E-017  u(1,1,1)=   1.9458836112745159       p(1,1,1)=   123.71302557616647     
 DEBUG T iter       72850 min   302.03131285730848      max   1059.2060592302321     
 DEBUG T iter       72900 min   302.03131754397003      max   1059.2066045452107     
   SIMPLE iter       72900  res_p=   6.9388939039072284E-017  u(1,1,1)=   1.9458836112745159       p(1,1,1)=   123.71302557616647     
 DEBUG T iter       72950 min   302.03132220414818      max   1059.2071467787423     
 DEBUG T iter       73000 min   302.03132683799294      max   1059.2076859482381     
   SIMPLE iter       73000  res_p=   6.9388939039072284E-017  u(1,1,1)=   1.9458836112745159       p(1,1,1)=   123.71302557616647     
 DEBUG T iter       73050 min   302.03133144565282      max   1059.2082220710131     
 DEBUG T iter       73100 min   302.03133602727604      max   1059.2087551642844     
   SIMPLE iter       73100  res_p=   6.9388939039072284E-017  u(1,1,1)=   1.9458836112745159       p(1,1,1)=   123.71302557616647     
 DEBUG T iter       73150 min   302.03134058300941      max   1059.2092852451692     
 DEBUG T iter       73200 min   302.03134511299947      max   1059.2098123306930     
   SIMPLE iter       73200  res_p=   6.9388939039072284E-017  u(1,1,1)=   1.9458836112745159       p(1,1,1)=   123.71302557616647     
 DEBUG T iter       73250 min   302.03134961739147      max   1059.2103364377788     
 DEBUG T iter       73300 min   302.03135409633035      max   1059.2108575832588     
   SIMPLE iter       73300  res_p=   6.9388939039072284E-017  u(1,1,1)=   1.9458836112745159       p(1,1,1)=   123.71302557616647     
 DEBUG T iter       73350 min   302.03135854995986      max   1059.2113757838679     
 DEBUG T iter       73400 min   302.03136297842286      max   1059.2118910562479     
   SIMPLE iter       73400  res_p=   6.9388939039072284E-017  u(1,1,1)=   1.9458836112745159       p(1,1,1)=   123.71302557616647     
 DEBUG T iter       73450 min   302.03136738186163      max   1059.2124034169422     
 DEBUG T iter       73500 min   302.03137176041764      max   1059.2129128824060     
   SIMPLE iter       73500  res_p=   6.9388939039072284E-017  u(1,1,1)=   1.9458836112745159       p(1,1,1)=   123.71302557616647     
 DEBUG T iter       73550 min   302.03137611423153      max   1059.2134194690016     
 DEBUG T iter       73600 min   302.03138044344291      max   1059.2139231929959     
   SIMPLE iter       73600  res_p=   6.9388939039072284E-017  u(1,1,1)=   1.9458836112745159       p(1,1,1)=   123.71302557616647     
 DEBUG T iter       73650 min   302.03138474819104      max   1059.2144240705641     
 DEBUG T iter       73700 min   302.03138902861400      max   1059.2149221177895     
   SIMPLE iter       73700  res_p=   6.9388939039072284E-017  u(1,1,1)=   1.9458836112745159       p(1,1,1)=   123.71302557616647     
 DEBUG T iter       73750 min   302.03139328484929      max   1059.2154173506676     
 DEBUG T iter       73800 min   302.03139751703361      max   1059.2159097851008     
   SIMPLE iter       73800  res_p=   6.9388939039072284E-017  u(1,1,1)=   1.9458836112745159       p(1,1,1)=   123.71302557616647     
 DEBUG T iter       73850 min   302.03140172530277      max   1059.2163994369023     
 DEBUG T iter       73900 min   302.03140590979211      max   1059.2168863217969     
   SIMPLE iter       73900  res_p=   6.9388939039072284E-017  u(1,1,1)=   1.9458836112745159       p(1,1,1)=   123.71302557616647     
 DEBUG T iter       73950 min   302.03141007063573      max   1059.2173704554175     
 DEBUG T iter       74000 min   302.03141420796754      max   1059.2178518533135     
   SIMPLE iter       74000  res_p=   6.9388939039072284E-017  u(1,1,1)=   1.9458836112745159       p(1,1,1)=   123.71302557616647     
 DEBUG T iter       74050 min   302.03141832192023      max   1059.2183305309425     
 DEBUG T iter       74100 min   302.03142241262583      max   1059.2188065036771     
   SIMPLE iter       74100  res_p=   6.9388939039072284E-017  u(1,1,1)=   1.9458836112745159       p(1,1,1)=   123.71302557616647     
 DEBUG T iter       74150 min   302.03142648021583      max   1059.2192797868004     
 DEBUG T iter       74200 min   302.03143052482096      max   1059.2197503955106     
   SIMPLE iter       74200  res_p=   6.9388939039072284E-017  u(1,1,1)=   1.9458836112745159       p(1,1,1)=   123.71302557616647     
 DEBUG T iter       74250 min   302.03143454657089      max   1059.2202183449228     
 DEBUG T iter       74300 min   302.03143854559494      max   1059.2206836500634     
   SIMPLE iter       74300  res_p=   6.9388939039072284E-017  u(1,1,1)=   1.9458836112745159       p(1,1,1)=   123.71302557616647     
 DEBUG T iter       74350 min   302.03144252202134      max   1059.2211463258718     
 DEBUG T iter       74400 min   302.03144647597793      max   1059.2216063872067     
   SIMPLE iter       74400  res_p=   6.9388939039072284E-017  u(1,1,1)=   1.9458836112745159       p(1,1,1)=   123.71302557616647     
 DEBUG T iter       74450 min   302.03145040759171      max   1059.2220638488448     
 DEBUG T iter       74500 min   302.03145431698880      max   1059.2225187254737     
   SIMPLE iter       74500  res_p=   6.9388939039072284E-017  u(1,1,1)=   1.9458836112745159       p(1,1,1)=   123.71302557616647     
 DEBUG T iter       74550 min   302.03145820429472      max   1059.2229710317042     
 DEBUG T iter       74600 min   302.03146206963453      max   1059.2234207820561     
   SIMPLE iter       74600  res_p=   6.9388939039072284E-017  u(1,1,1)=   1.9458836112745159       p(1,1,1)=   123.71302557616647     
 DEBUG T iter       74650 min   302.03146591313214      max   1059.2238679909744     
 DEBUG T iter       74700 min   302.03146973491096      max   1059.2243126728199     
   SIMPLE iter       74700  res_p=   6.9388939039072284E-017  u(1,1,1)=   1.9458836112745159       p(1,1,1)=   123.71302557616647     
 DEBUG T iter       74750 min   302.03147353509394      max   1059.2247548418698     
 DEBUG T iter       74800 min   302.03147731380295      max   1059.2251945123269     
   SIMPLE iter       74800  res_p=   6.9388939039072284E-017  u(1,1,1)=   1.9458836112745159       p(1,1,1)=   123.71302557616647     
 DEBUG T iter       74850 min   302.03148107115931      max   1059.2256316983116     
 DEBUG T iter       74900 min   302.03148480728373      max   1059.2260664138648     
   SIMPLE iter       74900  res_p=   6.9388939039072284E-017  u(1,1,1)=   1.9458836112745159       p(1,1,1)=   123.71302557616647     
 DEBUG T iter       74950 min   302.03148852229623      max   1059.2264986729422     
 DEBUG T iter       75000 min   302.03149221631600      max   1059.2269284894155     
   SIMPLE iter       75000  res_p=   6.9388939039072284E-017  u(1,1,1)=   1.9458836112745159       p(1,1,1)=   123.71302557616647     
 DEBUG T iter       75050 min   302.03149588946184      max   1059.2273558771019     
 DEBUG T iter       75100 min   302.03149954185147      max   1059.2277808497158     
   SIMPLE iter       75100  res_p=   6.9388939039072284E-017  u(1,1,1)=   1.9458836112745159       p(1,1,1)=   123.71302557616647     
 DEBUG T iter       75150 min   302.03150317360240      max   1059.2282034209102     
 DEBUG T iter       75200 min   302.03150678483109      max   1059.2286236042626     
   SIMPLE iter       75200  res_p=   6.9388939039072284E-017  u(1,1,1)=   1.9458836112745159       p(1,1,1)=   123.71302557616647     
 DEBUG T iter       75250 min   302.03151037565368      max   1059.2290414132535     
 DEBUG T iter       75300 min   302.03151394618521      max   1059.2294568612965     
   SIMPLE iter       75300  res_p=   6.9388939039072284E-017  u(1,1,1)=   1.9458836112745159       p(1,1,1)=   123.71302557616647     
 DEBUG T iter       75350 min   302.03151749654057      max   1059.2298699617454     
 DEBUG T iter       75400 min   302.03152102683373      max   1059.2302807278625     
   SIMPLE iter       75400  res_p=   6.9388939039072284E-017  u(1,1,1)=   1.9458836112745159       p(1,1,1)=   123.71302557616647     
 DEBUG T iter       75450 min   302.03152453717803      max   1059.2306891728349     
 DEBUG T iter       75500 min   302.03152802768625      max   1059.2310953097794     
   SIMPLE iter       75500  res_p=   6.9388939039072284E-017  u(1,1,1)=   1.9458836112745159       p(1,1,1)=   123.71302557616647     
 DEBUG T iter       75550 min   302.03153149847032      max   1059.2314991517421     
 DEBUG T iter       75600 min   302.03153494964192      max   1059.2319007116866     
   SIMPLE iter       75600  res_p=   6.9388939039072284E-017  u(1,1,1)=   1.9458836112745159       p(1,1,1)=   123.71302557616647     
 DEBUG T iter       75650 min   302.03153838131163      max   1059.2323000025101     
 DEBUG T iter       75700 min   302.03154179358989      max   1059.2326970370359     
   SIMPLE iter       75700  res_p=   6.9388939039072284E-017  u(1,1,1)=   1.9458836112745159       p(1,1,1)=   123.71302557616647     
 DEBUG T iter       75750 min   302.03154518658602      max   1059.2330918280106     
 DEBUG T iter       75800 min   302.03154856040931      max   1059.2334843881156     
   SIMPLE iter       75800  res_p=   6.9388939039072284E-017  u(1,1,1)=   1.9458836112745159       p(1,1,1)=   123.71302557616647     
 DEBUG T iter       75850 min   302.03155191516777      max   1059.2338747299541     
 DEBUG T iter       75900 min   302.03155525096940      max   1059.2342628660624     
   SIMPLE iter       75900  res_p=   6.9388939039072284E-017  u(1,1,1)=   1.9458836112745159       p(1,1,1)=   123.71302557616647     
 DEBUG T iter       75950 min   302.03155856792114      max   1059.2346488089067     
 DEBUG T iter       76000 min   302.03156186612955      max   1059.2350325708780     
   SIMPLE iter       76000  res_p=   6.9388939039072284E-017  u(1,1,1)=   1.9458836112745159       p(1,1,1)=   123.71302557616647     
 DEBUG T iter       76050 min   302.03156514570048      max   1059.2354141642986     
 DEBUG T iter       76100 min   302.03156840673950      max   1059.2357936014257     
   SIMPLE iter       76100  res_p=   6.9388939039072284E-017  u(1,1,1)=   1.9458836112745159       p(1,1,1)=   123.71302557616647     
 DEBUG T iter       76150 min   302.03157164935095      max   1059.2361708944418     
 DEBUG T iter       76200 min   302.03157487363927      max   1059.2365460554649     
   SIMPLE iter       76200  res_p=   6.9388939039072284E-017  u(1,1,1)=   1.9458836112745159       p(1,1,1)=   123.71302557616647     
 DEBUG T iter       76250 min   302.03157807970791      max   1059.2369190965394     
 DEBUG T iter       76300 min   302.03158126765976      max   1059.2372900296471     
   SIMPLE iter       76300  res_p=   6.9388939039072284E-017  u(1,1,1)=   1.9458836112745159       p(1,1,1)=   123.71302557616647     
 DEBUG T iter       76350 min   302.03158443759725      max   1059.2376588667003     
 DEBUG T iter       76400 min   302.03158758962223      max   1059.2380256195406     
   SIMPLE iter       76400  res_p=   6.9388939039072284E-017  u(1,1,1)=   1.9458836112745159       p(1,1,1)=   123.71302557616647     
 DEBUG T iter       76450 min   302.03159072383579      max   1059.2383902999463     
 DEBUG T iter       76500 min   302.03159384033870      max   1059.2387529196276     
   SIMPLE iter       76500  res_p=   6.9388939039072284E-017  u(1,1,1)=   1.9458836112745159       p(1,1,1)=   123.71302557616647     
 DEBUG T iter       76550 min   302.03159693923095      max   1059.2391134902300     
 DEBUG T iter       76600 min   302.03160002061207      max   1059.2394720233322     
   SIMPLE iter       76600  res_p=   6.9388939039072284E-017  u(1,1,1)=   1.9458836112745159       p(1,1,1)=   123.71302557616647     
 DEBUG T iter       76650 min   302.03160308458104      max   1059.2398285304489     
 DEBUG T iter       76700 min   302.03160613123617      max   1059.2401830230278     
   SIMPLE iter       76700  res_p=   6.9388939039072284E-017  u(1,1,1)=   1.9458836112745159       p(1,1,1)=   123.71302557616647     
 DEBUG T iter       76750 min   302.03160916067549      max   1059.2405355124515     
 DEBUG T iter       76800 min   302.03161217299606      max   1059.2408860100406     
   SIMPLE iter       76800  res_p=   6.9388939039072284E-017  u(1,1,1)=   1.9458836112745159       p(1,1,1)=   123.71302557616647     
 DEBUG T iter       76850 min   302.03161516829482      max   1059.2412345270484     
 DEBUG T iter       76900 min   302.03161814666782      max   1059.2415810746704     
   SIMPLE iter       76900  res_p=   6.9388939039072284E-017  u(1,1,1)=   1.9458836112745159       p(1,1,1)=   123.71302557616647     
 DEBUG T iter       76950 min   302.03162110821069      max   1059.2419256640310     
 DEBUG T iter       77000 min   302.03162405301856      max   1059.2422683061991     
   SIMPLE iter       77000  res_p=   6.9388939039072284E-017  u(1,1,1)=   1.9458836112745159       p(1,1,1)=   123.71302557616647     
 DEBUG T iter       77050 min   302.03162698118604      max   1059.2426090121771     
 DEBUG T iter       77100 min   302.03162989280702      max   1059.2429477929065     
   SIMPLE iter       77100  res_p=   6.9388939039072284E-017  u(1,1,1)=   1.9458836112745159       p(1,1,1)=   123.71302557616647     
 DEBUG T iter       77150 min   302.03163278797530      max   1059.2432846592637     
 DEBUG T iter       77200 min   302.03163566678359      max   1059.2436196220699     
   SIMPLE iter       77200  res_p=   6.9388939039072284E-017  u(1,1,1)=   1.9458836112745159       p(1,1,1)=   123.71302557616647     
 DEBUG T iter       77250 min   302.03163852932443      max   1059.2439526920780     
 DEBUG T iter       77300 min   302.03164137568962      max   1059.2442838799857     
   SIMPLE iter       77300  res_p=   6.9388939039072284E-017  u(1,1,1)=   1.9458836112745159       p(1,1,1)=   123.71302557616647     
 DEBUG T iter       77350 min   302.03164420597079      max   1059.2446131964282     
 DEBUG T iter       77400 min   302.03164702025867      max   1059.2449406519791     
   SIMPLE iter       77400  res_p=   6.9388939039072284E-017  u(1,1,1)=   1.9458836112745159       p(1,1,1)=   123.71302557616647     
 DEBUG T iter       77450 min   302.03164981864364      max   1059.2452662571566     
 DEBUG T iter       77500 min   302.03165260121563      max   1059.2455900224172     
   SIMPLE iter       77500  res_p=   6.9388939039072284E-017  u(1,1,1)=   1.9458836112745159       p(1,1,1)=   123.71302557616647     
 DEBUG T iter       77550 min   302.03165536806392      max   1059.2459119581563     
 DEBUG T iter       77600 min   302.03165811927744      max   1059.2462320747104     
   SIMPLE iter       77600  res_p=   6.9388939039072284E-017  u(1,1,1)=   1.9458836112745159       p(1,1,1)=   123.71302557616647     
 DEBUG T iter       77650 min   302.03166085494450      max   1059.2465503823616     
 DEBUG T iter       77700 min   302.03166357515283      max   1059.2468668913302     
   SIMPLE iter       77700  res_p=   6.9388939039072284E-017  u(1,1,1)=   1.9458836112745159       p(1,1,1)=   123.71302557616647     
 DEBUG T iter       77750 min   302.03166627999002      max   1059.2471816117813     
 DEBUG T iter       77800 min   302.03166896954286      max   1059.2474945538206     
   SIMPLE iter       77800  res_p=   6.9388939039072284E-017  u(1,1,1)=   1.9458836112745159       p(1,1,1)=   123.71302557616647     
 DEBUG T iter       77850 min   302.03167164389754      max   1059.2478057274971     
 DEBUG T iter       77900 min   302.03167430314011      max   1059.2481151428069     
   SIMPLE iter       77900  res_p=   6.9388939039072284E-017  u(1,1,1)=   1.9458836112745159       p(1,1,1)=   123.71302557616647     
 DEBUG T iter       77950 min   302.03167694735595      max   1059.2484228096810     
 DEBUG T iter       78000 min   302.03167957662993      max   1059.2487287380047     
   SIMPLE iter       78000  res_p=   6.9388939039072284E-017  u(1,1,1)=   1.9458836112745159       p(1,1,1)=   123.71302557616647     
 DEBUG T iter       78050 min   302.03168219104651      max   1059.2490329375955     
 DEBUG T iter       78100 min   302.03168479068961      max   1059.2493354182266     
   SIMPLE iter       78100  res_p=   6.9388939039072284E-017  u(1,1,1)=   1.9458836112745159       p(1,1,1)=   123.71302557616647     
 DEBUG T iter       78150 min   302.03168737564278      max   1059.2496361896094     
 DEBUG T iter       78200 min   302.03168994598889      max   1059.2499352614057     
   SIMPLE iter       78200  res_p=   6.9388939039072284E-017  u(1,1,1)=   1.9458836112745159       p(1,1,1)=   123.71302557616647     
 DEBUG T iter       78250 min   302.03169250181071      max   1059.2502326432154     
 DEBUG T iter       78300 min   302.03169504319010      max   1059.2505283445923     
   SIMPLE iter       78300  res_p=   6.9388939039072284E-017  u(1,1,1)=   1.9458836112745159       p(1,1,1)=   123.71302557616647     
 DEBUG T iter       78350 min   302.03169757020873      max   1059.2508223750299     
 DEBUG T iter       78400 min   302.03170008294791      max   1059.2511147439677     
   SIMPLE iter       78400  res_p=   6.9388939039072284E-017  u(1,1,1)=   1.9458836112745159       p(1,1,1)=   123.71302557616647     
 DEBUG T iter       78450 min   302.03170258148793      max   1059.2514054608005     
 DEBUG T iter       78500 min   302.03170506590948      max   1059.2516945348605     
   SIMPLE iter       78500  res_p=   6.9388939039072284E-017  u(1,1,1)=   1.9458836112745159       p(1,1,1)=   123.71302557616647     
 DEBUG T iter       78550 min   302.03170753629212      max   1059.2519819754266     
 DEBUG T iter       78600 min   302.03170999271515      max   1059.2522677917370     
   SIMPLE iter       78600  res_p=   6.9388939039072284E-017  u(1,1,1)=   1.9458836112745159       p(1,1,1)=   123.71302557616647     
 DEBUG T iter       78650 min   302.03171243525753      max   1059.2525519929666     
 DEBUG T iter       78700 min   302.03171486399765      max   1059.2528345882420     
   SIMPLE iter       78700  res_p=   6.9388939039072284E-017  u(1,1,1)=   1.9458836112745159       p(1,1,1)=   123.71302557616647     
 DEBUG T iter       78750 min   302.03171727901355      max   1059.2531155866375     
 DEBUG T iter       78800 min   302.03171968038288      max   1059.2533949971767     
   SIMPLE iter       78800  res_p=   6.9388939039072284E-017  u(1,1,1)=   1.9458836112745159       p(1,1,1)=   123.71302557616647     
 DEBUG T iter       78850 min   302.03172206818255      max   1059.2536728288339     
 DEBUG T iter       78900 min   302.03172444248935      max   1059.2539490905265     
   SIMPLE iter       78900  res_p=   6.9388939039072284E-017  u(1,1,1)=   1.9458836112745159       p(1,1,1)=   123.71302557616647     
 DEBUG T iter       78950 min   302.03172680337940      max   1059.2542237911280     
 DEBUG T iter       79000 min   302.03172915092870      max   1059.2544969394614     
   SIMPLE iter       79000  res_p=   6.9388939039072284E-017  u(1,1,1)=   1.9458836112745159       p(1,1,1)=   123.71302557616647     
 DEBUG T iter       79050 min   302.03173148521245      max   1059.2547685442998     
 DEBUG T iter       79100 min   302.03173380630591      max   1059.2550386143630     
   SIMPLE iter       79100  res_p=   6.9388939039072284E-017  u(1,1,1)=   1.9458836112745159       p(1,1,1)=   123.71302557616647     
 DEBUG T iter       79150 min   302.03173611428315      max   1059.2553071583229     
 DEBUG T iter       79200 min   302.03173840921875      max   1059.2555741848041     
   SIMPLE iter       79200  res_p=   6.9388939039072284E-017  u(1,1,1)=   1.9458836112745159       p(1,1,1)=   123.71302557616647     
 DEBUG T iter       79250 min   302.03174069118609      max   1059.2558397023827     
 DEBUG T iter       79300 min   302.03174296025867      max   1059.2561037195828     
   SIMPLE iter       79300  res_p=   6.9388939039072284E-017  u(1,1,1)=   1.9458836112745159       p(1,1,1)=   123.71302557616647     
 DEBUG T iter       79350 min   302.03174521650925      max   1059.2563662448831     
 DEBUG T iter       79400 min   302.03174746001019      max   1059.2566272867170     
   SIMPLE iter       79400  res_p=   6.9388939039072284E-017  u(1,1,1)=   1.9458836112745159       p(1,1,1)=   123.71302557616647     
 DEBUG T iter       79450 min   302.03174969083369      max   1059.2568868534622     
 DEBUG T iter       79500 min   302.03175190905125      max   1059.2571449534578     
   SIMPLE iter       79500  res_p=   6.9388939039072284E-017  u(1,1,1)=   1.9458836112745159       p(1,1,1)=   123.71302557616647     
 DEBUG T iter       79550 min   302.03175411473433      max   1059.2574015949895     
 DEBUG T iter       79600 min   302.03175630795357      max   1059.2576567863005     
   SIMPLE iter       79600  res_p=   6.9388939039072284E-017  u(1,1,1)=   1.9458836112745159       p(1,1,1)=   123.71302557616647     
 DEBUG T iter       79650 min   302.03175848877936      max   1059.2579105355835     
 DEBUG T iter       79700 min   302.03176065728189      max   1059.2581628509899     
   SIMPLE iter       79700  res_p=   6.9388939039072284E-017  u(1,1,1)=   1.9458836112745159       p(1,1,1)=   123.71302557616647     
 DEBUG T iter       79750 min   302.03176281353075      max   1059.2584137406207     
 DEBUG T iter       79800 min   302.03176495759510      max   1059.2586632125337     
   SIMPLE iter       79800  res_p=   6.9388939039072284E-017  u(1,1,1)=   1.9458836112745159       p(1,1,1)=   123.71302557616647     
 DEBUG T iter       79850 min   302.03176708954385      max   1059.2589112747410     
 DEBUG T iter       79900 min   302.03176920944549      max   1059.2591579352036     
   SIMPLE iter       79900  res_p=   6.9388939039072284E-017  u(1,1,1)=   1.9458836112745159       p(1,1,1)=   123.71302557616647     
 DEBUG T iter       79950 min   302.03177131736794      max   1059.2594032018480     
 DEBUG T iter       80000 min   302.03177341337920      max   1059.2596470825470     
   SIMPLE iter       80000  res_p=   6.9388939039072284E-017  u(1,1,1)=   1.9458836112745159       p(1,1,1)=   123.71302557616647     
 DEBUG T iter       80050 min   302.03177549754616      max   1059.2598895851327     
 DEBUG T iter       80100 min   302.03177756993614      max   1059.2601307173948     
   SIMPLE iter       80100  res_p=   6.9388939039072284E-017  u(1,1,1)=   1.9458836112745159       p(1,1,1)=   123.71302557616647     
 DEBUG T iter       80150 min   302.03177963061552      max   1059.2603704870739     
 DEBUG T iter       80200 min   302.03178167965052      max   1059.2606089018714     
   SIMPLE iter       80200  res_p=   6.9388939039072284E-017  u(1,1,1)=   1.9458836112745159       p(1,1,1)=   123.71302557616647     
 DEBUG T iter       80250 min   302.03178371710675      max   1059.2608459694411     
 DEBUG T iter       80300 min   302.03178574304997      max   1059.2610816973968     
   SIMPLE iter       80300  res_p=   6.9388939039072284E-017  u(1,1,1)=   1.9458836112745159       p(1,1,1)=   123.71302557616647     
 DEBUG T iter       80350 min   302.03178775754498      max   1059.2613160933120     
 DEBUG T iter       80400 min   302.03178976065664      max   1059.2615491647114     
   SIMPLE iter       80400  res_p=   6.9388939039072284E-017  u(1,1,1)=   1.9458836112745159       p(1,1,1)=   123.71302557616647     
 DEBUG T iter       80450 min   302.03179175244901      max   1059.2617809190792     
 DEBUG T iter       80500 min   302.03179373298633      max   1059.2620113638561     
   SIMPLE iter       80500  res_p=   6.9388939039072284E-017  u(1,1,1)=   1.9458836112745159       p(1,1,1)=   123.71302557616647     
 DEBUG T iter       80550 min   302.03179570233215      max   1059.2622405064440     
 DEBUG T iter       80600 min   302.03179766054961      max   1059.2624683541992     
   SIMPLE iter       80600  res_p=   6.9388939039072284E-017  u(1,1,1)=   1.9458836112745159       p(1,1,1)=   123.71302557616647     
 DEBUG T iter       80650 min   302.03179960770149      max   1059.2626949144399     
 DEBUG T iter       80700 min   302.03180154385075      max   1059.2629201944430     
   SIMPLE iter       80700  res_p=   6.9388939039072284E-017  u(1,1,1)=   1.9458836112745159       p(1,1,1)=   123.71302557616647     
 DEBUG T iter       80750 min   302.03180346905907      max   1059.2631442014415     
 DEBUG T iter       80800 min   302.03180538338859      max   1059.2633669426302     
   SIMPLE iter       80800  res_p=   6.9388939039072284E-017  u(1,1,1)=   1.9458836112745159       p(1,1,1)=   123.71302557616647     
 DEBUG T iter       80850 min   302.03180728690069      max   1059.2635884251581     
 DEBUG T iter       80900 min   302.03180917965648      max   1059.2638086561440     
   SIMPLE iter       80900  res_p=   6.9388939039072284E-017  u(1,1,1)=   1.9458836112745159       p(1,1,1)=   123.71302557616647     
 DEBUG T iter       80950 min   302.03181106171661      max   1059.2640276426550     
 DEBUG T iter       81000 min   302.03181293314185      max   1059.2642453917238     
   SIMPLE iter       81000  res_p=   6.9388939039072284E-017  u(1,1,1)=   1.9458836112745159       p(1,1,1)=   123.71302557616647     
 DEBUG T iter       81050 min   302.03181479399200      max   1059.2644619103457     
 DEBUG T iter       81100 min   302.03181664432691      max   1059.2646772054677     
   SIMPLE iter       81100  res_p=   6.9388939039072284E-017  u(1,1,1)=   1.9458836112745159       p(1,1,1)=   123.71302557616647     
 DEBUG T iter       81150 min   302.03181848420616      max   1059.2648912840061     
 DEBUG T iter       81200 min   302.03182031368851      max   1059.2651041528441     
   SIMPLE iter       81200  res_p=   6.9388939039072284E-017  u(1,1,1)=   1.9458836112745159       p(1,1,1)=   123.71302557616647     
 DEBUG T iter       81250 min   302.03182213283293      max   1059.2653158188045     
 DEBUG T iter       81300 min   302.03182394169778      max   1059.2655262886899     
   SIMPLE iter       81300  res_p=   6.9388939039072284E-017  u(1,1,1)=   1.9458836112745159       p(1,1,1)=   123.71302557616647     
 DEBUG T iter       81350 min   302.03182574034133      max   1059.2657355692620     
 DEBUG T iter       81400 min   302.03182752882100      max   1059.2659436672327     
   SIMPLE iter       81400  res_p=   6.9388939039072284E-017  u(1,1,1)=   1.9458836112745159       p(1,1,1)=   123.71302557616647     
 DEBUG T iter       81450 min   302.03182930719441      max   1059.2661505892952     
 DEBUG T iter       81500 min   302.03183107551860      max   1059.2663563420906     
   SIMPLE iter       81500  res_p=   6.9388939039072284E-017  u(1,1,1)=   1.9458836112745159       p(1,1,1)=   123.71302557616647     
 DEBUG T iter       81550 min   302.03183283385050      max   1059.2665609322257     
 DEBUG T iter       81600 min   302.03183458224646      max   1059.2667643662703     
   SIMPLE iter       81600  res_p=   6.9388939039072284E-017  u(1,1,1)=   1.9458836112745159       p(1,1,1)=   123.71302557616647     
 DEBUG T iter       81650 min   302.03183632076264      max   1059.2669666507577     
 DEBUG T iter       81700 min   302.03183804945479      max   1059.2671677921785     
   SIMPLE iter       81700  res_p=   6.9388939039072284E-017  u(1,1,1)=   1.9458836112745159       p(1,1,1)=   123.71302557616647     
 DEBUG T iter       81750 min   302.03183976837852      max   1059.2673677969972     
 DEBUG T iter       81800 min   302.03184147758913      max   1059.2675666716382     
   SIMPLE iter       81800  res_p=   6.9388939039072284E-017  u(1,1,1)=   1.9458836112745159       p(1,1,1)=   123.71302557616647     
 DEBUG T iter       81850 min   302.03184317714135      max   1059.2677644224812     
 DEBUG T iter       81900 min   302.03184486708977      max   1059.2679610558816     
   SIMPLE iter       81900  res_p=   6.9388939039072284E-017  u(1,1,1)=   1.9458836112745159       p(1,1,1)=   123.71302557616647     
 DEBUG T iter       81950 min   302.03184654748861      max   1059.2681565781518     
 DEBUG T iter       82000 min   302.03184821839204      max   1059.2683509955721     
   SIMPLE iter       82000  res_p=   6.9388939039072284E-017  u(1,1,1)=   1.9458836112745159       p(1,1,1)=   123.71302557616647     
 DEBUG T iter       82050 min   302.03184987985350      max   1059.2685443143857     
 DEBUG T iter       82100 min   302.03185153192658      max   1059.2687365408019     
   SIMPLE iter       82100  res_p=   6.9388939039072284E-017  u(1,1,1)=   1.9458836112745159       p(1,1,1)=   123.71302557616647     
 DEBUG T iter       82150 min   302.03185317466404      max   1059.2689276809913     
 DEBUG T iter       82200 min   302.03185480811885      max   1059.2691177410932     
   SIMPLE iter       82200  res_p=   6.9388939039072284E-017  u(1,1,1)=   1.9458836112745159       p(1,1,1)=   123.71302557616647     
 DEBUG T iter       82250 min   302.03185643234326      max   1059.2693067272091     
 DEBUG T iter       82300 min   302.03185804738973      max   1059.2694946454067     
   SIMPLE iter       82300  res_p=   6.9388939039072284E-017  u(1,1,1)=   1.9458836112745159       p(1,1,1)=   123.71302557616647     
 DEBUG T iter       82350 min   302.03185965330988      max   1059.2696815017273     
 DEBUG T iter       82400 min   302.03186125015532      max   1059.2698673021639     
   SIMPLE iter       82400  res_p=   6.9388939039072284E-017  u(1,1,1)=   1.9458836112745159       p(1,1,1)=   123.71302557616647     
 DEBUG T iter       82450 min   302.03186283797749      max   1059.2700520526853     
 DEBUG T iter       82500 min   302.03186441682703      max   1059.2702357592243     
   SIMPLE iter       82500  res_p=   6.9388939039072284E-017  u(1,1,1)=   1.9458836112745159       p(1,1,1)=   123.71302557616647     
 DEBUG T iter       82550 min   302.03186598675501      max   1059.2704184276806     
 DEBUG T iter       82600 min   302.03186754781160      max   1059.2706000639200     
   SIMPLE iter       82600  res_p=   6.9388939039072284E-017  u(1,1,1)=   1.9458836112745159       p(1,1,1)=   123.71302557616647     
 DEBUG T iter       82650 min   302.03186910004712      max   1059.2707806737781     
 DEBUG T iter       82700 min   302.03187064351124      max   1059.2709602630496     
   SIMPLE iter       82700  res_p=   6.9388939039072284E-017  u(1,1,1)=   1.9458836112745159       p(1,1,1)=   123.71302557616647     
 DEBUG T iter       82750 min   302.03187217825365      max   1059.2711388375042     
 DEBUG T iter       82800 min   302.03187370432357      max   1059.2713164028776     
   SIMPLE iter       82800  res_p=   6.9388939039072284E-017  u(1,1,1)=   1.9458836112745159       p(1,1,1)=   123.71302557616647     
 DEBUG T iter       82850 min   302.03187522177012      max   1059.2714929648719     
 DEBUG T iter       82900 min   302.03187673064190      max   1059.2716685291539     
   SIMPLE iter       82900  res_p=   6.9388939039072284E-017  u(1,1,1)=   1.9458836112745159       p(1,1,1)=   123.71302557616647     
 DEBUG T iter       82950 min   302.03187823098733      max   1059.2718431013659     
 DEBUG T iter       83000 min   302.03187972285474      max   1059.2720166871104     
   SIMPLE iter       83000  res_p=   6.9388939039072284E-017  u(1,1,1)=   1.9458836112745159       p(1,1,1)=   123.71302557616647     
 DEBUG T iter       83050 min   302.03188120629193      max   1059.2721892919615     
 DEBUG T iter       83100 min   302.03188268134647      max   1059.2723609214625     
   SIMPLE iter       83100  res_p=   6.9388939039072284E-017  u(1,1,1)=   1.9458836112745159       p(1,1,1)=   123.71302557616647     
 DEBUG T iter       83150 min   302.03188414806596      max   1059.2725315811251     
 DEBUG T iter       83200 min   302.03188560649721      max   1059.2727012764315     
   SIMPLE iter       83200  res_p=   6.9388939039072284E-017  u(1,1,1)=   1.9458836112745159       p(1,1,1)=   123.71302557616647     
 DEBUG T iter       83250 min   302.03188705668737      max   1059.2728700128278     
 DEBUG T iter       83300 min   302.03188849868275      max   1059.2730377957350     
   SIMPLE iter       83300  res_p=   6.9388939039072284E-017  u(1,1,1)=   1.9458836112745159       p(1,1,1)=   123.71302557616647     
 DEBUG T iter       83350 min   302.03188993252968      max   1059.2732046305396     
 DEBUG T iter       83400 min   302.03189135827444      max   1059.2733705226015     
   SIMPLE iter       83400  res_p=   6.9388939039072284E-017  u(1,1,1)=   1.9458836112745159       p(1,1,1)=   123.71302557616647     
 DEBUG T iter       83450 min   302.03189277596260      max   1059.2735354772456     
 DEBUG T iter       83500 min   302.03189418563971      max   1059.2736994997722     
   SIMPLE iter       83500  res_p=   6.9388939039072284E-017  u(1,1,1)=   1.9458836112745159       p(1,1,1)=   123.71302557616647     
 DEBUG T iter       83550 min   302.03189558735113      max   1059.2738625954423     
 DEBUG T iter       83600 min   302.03189698114170      max   1059.2740247694971     
   SIMPLE iter       83600  res_p=   6.9388939039072284E-017  u(1,1,1)=   1.9458836112745159       p(1,1,1)=   123.71302557616647     
 DEBUG T iter       83650 min   302.03189836705639      max   1059.2741860271472     
 DEBUG T iter       83700 min   302.03189974513953      max   1059.2743463735658     
   SIMPLE iter       83700  res_p=   6.9388939039072284E-017  u(1,1,1)=   1.9458836112745159       p(1,1,1)=   123.71302557616647     
 DEBUG T iter       83750 min   302.03190111543540      max   1059.2745058139051     
 DEBUG T iter       83800 min   302.03190247798813      max   1059.2746643532857     
   SIMPLE iter       83800  res_p=   6.9388939039072284E-017  u(1,1,1)=   1.9458836112745159       p(1,1,1)=   123.71302557616647     
 DEBUG T iter       83850 min   302.03190383284135      max   1059.2748219967964     
 DEBUG T iter       83900 min   302.03190518003868      max   1059.2749787495004     
   SIMPLE iter       83900  res_p=   6.9388939039072284E-017  u(1,1,1)=   1.9458836112745159       p(1,1,1)=   123.71302557616647     
 DEBUG T iter       83950 min   302.03190651962331      max   1059.2751346164318     
 DEBUG T iter       84000 min   302.03190785163821      max   1059.2752896025943     
   SIMPLE iter       84000  res_p=   6.9388939039072284E-017  u(1,1,1)=   1.9458836112745159       p(1,1,1)=   123.71302557616647     
 DEBUG T iter       84050 min   302.03190917612619      max   1059.2754437129681     
 DEBUG T iter       84100 min   302.03191049312983      max   1059.2755969524999     
   SIMPLE iter       84100  res_p=   6.9388939039072284E-017  u(1,1,1)=   1.9458836112745159       p(1,1,1)=   123.71302557616647     
 DEBUG T iter       84150 min   302.03191180269135      max   1059.2757493261115     
 DEBUG T iter       84200 min   302.03191310485289      max   1059.2759008386947     
   SIMPLE iter       84200  res_p=   6.9388939039072284E-017  u(1,1,1)=   1.9458836112745159       p(1,1,1)=   123.71302557616647     
 DEBUG T iter       84250 min   302.03191439965633      max   1059.2760514951156     
 DEBUG T iter       84300 min   302.03191568714300      max   1059.2762013002136     
   SIMPLE iter       84300  res_p=   6.9388939039072284E-017  u(1,1,1)=   1.9458836112745159       p(1,1,1)=   123.71302557616647     
 DEBUG T iter       84350 min   302.03191696735445      max   1059.2763502587984     
 DEBUG T iter       84400 min   302.03191824033155      max   1059.2764983756506     
   SIMPLE iter       84400  res_p=   6.9388939039072284E-017  u(1,1,1)=   1.9458836112745159       p(1,1,1)=   123.71302557616647     
 DEBUG T iter       84450 min   302.03191950611551      max   1059.2766456555298     
 DEBUG T iter       84500 min   302.03192076474681      max   1059.2767921031661     
   SIMPLE iter       84500  res_p=   6.9388939039072284E-017  u(1,1,1)=   1.9458836112745159       p(1,1,1)=   123.71302557616647     
 DEBUG T iter       84550 min   302.03192201626587      max   1059.2769377232607     
 DEBUG T iter       84600 min   302.03192326071297      max   1059.2770825204900     
   SIMPLE iter       84600  res_p=   6.9388939039072284E-017  u(1,1,1)=   1.9458836112745159       p(1,1,1)=   123.71302557616647     
 DEBUG T iter       84650 min   302.03192449812781      max   1059.2772264995040     
 DEBUG T iter       84700 min   302.03192572855033      max   1059.2773696649263     
   SIMPLE iter       84700  res_p=   6.9388939039072284E-017  u(1,1,1)=   1.9458836112745159       p(1,1,1)=   123.71302557616647     
 DEBUG T iter       84750 min   302.03192695202023      max   1059.2775120213544     
 DEBUG T iter       84800 min   302.03192816857648      max   1059.2776535733606     
   SIMPLE iter       84800  res_p=   6.9388939039072284E-017  u(1,1,1)=   1.9458836112745159       p(1,1,1)=   123.71302557616647     
 DEBUG T iter       84850 min   302.03192937825810      max   1059.2777943254896     
 DEBUG T iter       84900 min   302.03193058110429      max   1059.2779342822635     
   SIMPLE iter       84900  res_p=   6.9388939039072284E-017  u(1,1,1)=   1.9458836112745159       p(1,1,1)=   123.71302557616647     
 DEBUG T iter       84950 min   302.03193177715337      max   1059.2780734481723     
 DEBUG T iter       85000 min   302.03193296644389      max   1059.2782118276857     
   SIMPLE iter       85000  res_p=   6.9388939039072284E-017  u(1,1,1)=   1.9458836112745159       p(1,1,1)=   123.71302557616647     
 DEBUG T iter       85050 min   302.03193414901403      max   1059.2783494252510     
 DEBUG T iter       85100 min   302.03193532490178      max   1059.2784862452845     
   SIMPLE iter       85100  res_p=   6.9388939039072284E-017  u(1,1,1)=   1.9458836112745159       p(1,1,1)=   123.71302557616647     
 DEBUG T iter       85150 min   302.03193649414482      max   1059.2786222921782     
 DEBUG T iter       85200 min   302.03193765678077      max   1059.2787575703028     
   SIMPLE iter       85200  res_p=   6.9388939039072284E-017  u(1,1,1)=   1.9458836112745159       p(1,1,1)=   123.71302557616647     
 DEBUG T iter       85250 min   302.03193881284693      max   1059.2788920840030     
 DEBUG T iter       85300 min   302.03193996238031      max   1059.2790258375992     
   SIMPLE iter       85300  res_p=   6.9388939039072284E-017  u(1,1,1)=   1.9458836112745159       p(1,1,1)=   123.71302557616647     
 DEBUG T iter       85350 min   302.03194110541801      max   1059.2791588353839     
 DEBUG T iter       85400 min   302.03194224199677      max   1059.2792910816315     
   SIMPLE iter       85400  res_p=   6.9388939039072284E-017  u(1,1,1)=   1.9458836112745159       p(1,1,1)=   123.71302557616647     
 DEBUG T iter       85450 min   302.03194337215297      max   1059.2794225805858     
 DEBUG T iter       85500 min   302.03194449592286      max   1059.2795533364692     
   SIMPLE iter       85500  res_p=   6.9388939039072284E-017  u(1,1,1)=   1.9458836112745159       p(1,1,1)=   123.71302557616647     
 DEBUG T iter       85550 min   302.03194561334254      max   1059.2796833534817     
 DEBUG T iter       85600 min   302.03194672444812      max   1059.2798126357986     
   SIMPLE iter       85600  res_p=   6.9388939039072284E-017  u(1,1,1)=   1.9458836112745159       p(1,1,1)=   123.71302557616647     
 DEBUG T iter       85650 min   302.03194782927494      max   1059.2799411875710     
 DEBUG T iter       85700 min   302.03194892785865      max   1059.2800690129272     
   SIMPLE iter       85700  res_p=   6.9388939039072284E-017  u(1,1,1)=   1.9458836112745159       p(1,1,1)=   123.71302557616647     
 DEBUG T iter       85750 min   302.03195002023460      max   1059.2801961159730     
 DEBUG T iter       85800 min   302.03195110643776      max   1059.2803225007888     
   SIMPLE iter       85800  res_p=   6.9388939039072284E-017  u(1,1,1)=   1.9458836112745159       p(1,1,1)=   123.71302557616647     
 DEBUG T iter       85850 min   302.03195218650302      max   1059.2804481714340     
 DEBUG T iter       85900 min   302.03195326046517      max   1059.2805731319422     
   SIMPLE iter       85900  res_p=   6.9388939039072284E-017  u(1,1,1)=   1.9458836112745159       p(1,1,1)=   123.71302557616647     
 DEBUG T iter       85950 min   302.03195432835849      max   1059.2806973863303     
 DEBUG T iter       86000 min   302.03195539021743      max   1059.2808209385844     
   SIMPLE iter       86000  res_p=   6.9388939039072284E-017  u(1,1,1)=   1.9458836112745159       p(1,1,1)=   123.71302557616647     
 DEBUG T iter       86050 min   302.03195644607615      max   1059.2809437926753     
 DEBUG T iter       86100 min   302.03195749596836      max   1059.2810659525464     
   SIMPLE iter       86100  res_p=   6.9388939039072284E-017  u(1,1,1)=   1.9458836112745159       p(1,1,1)=   123.71302557616647     
 DEBUG T iter       86150 min   302.03195853992787      max   1059.2811874221204     
 DEBUG T iter       86200 min   302.03195957798829      max   1059.2813082052978     
   SIMPLE iter       86200  res_p=   6.9388939039072284E-017  u(1,1,1)=   1.9458836112745159       p(1,1,1)=   123.71302557616647     
 DEBUG T iter       86250 min   302.03196061018269      max   1059.2814283059577     
 DEBUG T iter       86300 min   302.03196163654462      max   1059.2815477279576     
   SIMPLE iter       86300  res_p=   6.9388939039072284E-017  u(1,1,1)=   1.9458836112745159       p(1,1,1)=   123.71302557616647     
 DEBUG T iter       86350 min   302.03196265710670      max   1059.2816664751304     
 DEBUG T iter       86400 min   302.03196367190185      max   1059.2817845512909     
   SIMPLE iter       86400  res_p=   6.9388939039072284E-017  u(1,1,1)=   1.9458836112745159       p(1,1,1)=   123.71302557616647     
 DEBUG T iter       86450 min   302.03196468096263      max   1059.2819019602321     
 DEBUG T iter       86500 min   302.03196568432151      max   1059.2820187057216     
   SIMPLE iter       86500  res_p=   6.9388939039072284E-017  u(1,1,1)=   1.9458836112745159       p(1,1,1)=   123.71302557616647     
 DEBUG T iter       86550 min   302.03196668201059      max   1059.2821347915117     
 DEBUG T iter       86600 min   302.03196767406200      max   1059.2822502213264     
   SIMPLE iter       86600  res_p=   6.9388939039072284E-017  u(1,1,1)=   1.9458836112745159       p(1,1,1)=   123.71302557616647     
 DEBUG T iter       86650 min   302.03196866050746      max   1059.2823649988743     
 DEBUG T iter       86700 min   302.03196964137874      max   1059.2824791278408     
   SIMPLE iter       86700  res_p=   6.9388939039072284E-017  u(1,1,1)=   1.9458836112745159       p(1,1,1)=   123.71302557616647     
 DEBUG T iter       86750 min   302.03197061670755      max   1059.2825926118919     
 DEBUG T iter       86800 min   302.03197158652478      max   1059.2827054546708     
   SIMPLE iter       86800  res_p=   6.9388939039072284E-017  u(1,1,1)=   1.9458836112745159       p(1,1,1)=   123.71302557616647     
 DEBUG T iter       86850 min   302.03197255086195      max   1059.2828176598016     
 DEBUG T iter       86900 min   302.03197350974978      max   1059.2829292308877     
   SIMPLE iter       86900  res_p=   6.9388939039072284E-017  u(1,1,1)=   1.9458836112745159       p(1,1,1)=   123.71302557616647     
 DEBUG T iter       86950 min   302.03197446321917      max   1059.2830401715119     
 DEBUG T iter       87000 min   302.03197541130078      max   1059.2831504852388     
   SIMPLE iter       87000  res_p=   6.9388939039072284E-017  u(1,1,1)=   1.9458836112745159       p(1,1,1)=   123.71302557616647     
 DEBUG T iter       87050 min   302.03197635402489      max   1059.2832601756079     
 DEBUG T iter       87100 min   302.03197729142198      max   1059.2833692461413     
   SIMPLE iter       87100  res_p=   6.9388939039072284E-017  u(1,1,1)=   1.9458836112745159       p(1,1,1)=   123.71302557616647     
 DEBUG T iter       87150 min   302.03197822352200      max   1059.2834777003425     
 DEBUG T iter       87200 min   302.03197915035514      max   1059.2835855416936     
   SIMPLE iter       87200  res_p=   6.9388939039072284E-017  u(1,1,1)=   1.9458836112745159       p(1,1,1)=   123.71302557616647     
 DEBUG T iter       87250 min   302.03198007195073      max   1059.2836927736596     
 DEBUG T iter       87300 min   302.03198098833872      max   1059.2837993996839     
   SIMPLE iter       87300  res_p=   6.9388939039072284E-017  u(1,1,1)=   1.9458836112745159       p(1,1,1)=   123.71302557616647     
 DEBUG T iter       87350 min   302.03198189954838      max   1059.2839054231893     
 DEBUG T iter       87400 min   302.03198280560900      max   1059.2840108475789     
   SIMPLE iter       87400  res_p=   6.9388939039072284E-017  u(1,1,1)=   1.9458836112745159       p(1,1,1)=   123.71302557616647     
 DEBUG T iter       87450 min   302.03198370654974      max   1059.2841156762415     
 DEBUG T iter       87500 min   302.03198460239935      max   1059.2842199125419     
   SIMPLE iter       87500  res_p=   6.9388939039072284E-017  u(1,1,1)=   1.9458836112745159       p(1,1,1)=   123.71302557616647     
 DEBUG T iter       87550 min   302.03198549318688      max   1059.2843235598250     
 DEBUG T iter       87600 min   302.03198637894064      max   1059.2844266214211     
   SIMPLE iter       87600  res_p=   6.9388939039072284E-017  u(1,1,1)=   1.9458836112745159       p(1,1,1)=   123.71302557616647     
 DEBUG T iter       87650 min   302.03198725968934      max   1059.2845291006413     
 DEBUG T iter       87700 min   302.03198813546095      max   1059.2846310007772     
   SIMPLE iter       87700  res_p=   6.9388939039072284E-017  u(1,1,1)=   1.9458836112745159       p(1,1,1)=   123.71302557616647     
 DEBUG T iter       87750 min   302.03198900628394      max   1059.2847323250971     
 DEBUG T iter       87800 min   302.03198987218610      max   1059.2848330768604     
   SIMPLE iter       87800  res_p=   6.9388939039072284E-017  u(1,1,1)=   1.9458836112745159       p(1,1,1)=   123.71302557616647     
 DEBUG T iter       87850 min   302.03199073319507      max   1059.2849332592982     
 DEBUG T iter       87900 min   302.03199158933887      max   1059.2850328756299     
   SIMPLE iter       87900  res_p=   6.9388939039072284E-017  u(1,1,1)=   1.9458836112745159       p(1,1,1)=   123.71302557616647     
 DEBUG T iter       87950 min   302.03199244064484      max   1059.2851319290494     
 DEBUG T iter       88000 min   302.03199328714015      max   1059.2852304227429     
   SIMPLE iter       88000  res_p=   6.9388939039072284E-017  u(1,1,1)=   1.9458836112745159       p(1,1,1)=   123.71302557616647     
 DEBUG T iter       88050 min   302.03199412885220      max   1059.2853283598724     
 DEBUG T iter       88100 min   302.03199496580794      max   1059.2854257435824     
   SIMPLE iter       88100  res_p=   6.9388939039072284E-017  u(1,1,1)=   1.9458836112745159       p(1,1,1)=   123.71302557616647     
 DEBUG T iter       88150 min   302.03199579803413      max   1059.2855225769974     
 DEBUG T iter       88200 min   302.03199662555767      max   1059.2856188632334     
   SIMPLE iter       88200  res_p=   6.9388939039072284E-017  u(1,1,1)=   1.9458836112745159       p(1,1,1)=   123.71302557616647     
 DEBUG T iter       88250 min   302.03199744840509      max   1059.2857146053750     
 DEBUG T iter       88300 min   302.03199826660284      max   1059.2858098065033     
   SIMPLE iter       88300  res_p=   6.9388939039072284E-017  u(1,1,1)=   1.9458836112745159       p(1,1,1)=   123.71302557616647     
 DEBUG T iter       88350 min   302.03199908017694      max   1059.2859044696700     
 DEBUG T iter       88400 min   302.03199988915395      max   1059.2859985979183     
   SIMPLE iter       88400  res_p=   6.9388939039072284E-017  u(1,1,1)=   1.9458836112745159       p(1,1,1)=   123.71302557616647     
 DEBUG T iter       88450 min   302.03200069355955      max   1059.2860921942699     
 DEBUG T iter       88500 min   302.03200149341967      max   1059.2861852617298     
   SIMPLE iter       88500  res_p=   6.9388939039072284E-017  u(1,1,1)=   1.9458836112745159       p(1,1,1)=   123.71302557616647     
 DEBUG T iter       88550 min   302.03200228875988      max   1059.2862778032859     
 DEBUG T iter       88600 min   302.03200307960583      max   1059.2863698219135     
   SIMPLE iter       88600  res_p=   6.9388939039072284E-017  u(1,1,1)=   1.9458836112745159       p(1,1,1)=   123.71302557616647     
 DEBUG T iter       88650 min   302.03200386598297      max   1059.2864613205643     
 DEBUG T iter       88700 min   302.03200464791638      max   1059.2865523021771     
   SIMPLE iter       88700  res_p=   6.9388939039072284E-017  u(1,1,1)=   1.9458836112745159       p(1,1,1)=   123.71302557616647     
 DEBUG T iter       88750 min   302.03200542543124      max   1059.2866427696752     
 DEBUG T iter       88800 min   302.03200619855261      max   1059.2867327259619     
   SIMPLE iter       88800  res_p=   6.9388939039072284E-017  u(1,1,1)=   1.9458836112745159       p(1,1,1)=   123.71302557616647     
 DEBUG T iter       88850 min   302.03200696730534      max   1059.2868221739284     
 DEBUG T iter       88900 min   302.03200773171380      max   1059.2869111164443     
   SIMPLE iter       88900  res_p=   6.9388939039072284E-017  u(1,1,1)=   1.9458836112745159       p(1,1,1)=   123.71302557616647     
 DEBUG T iter       88950 min   302.03200849180303      max   1059.2869995563663     
 DEBUG T iter       89000 min   302.03200924759716      max   1059.2870874965352     
   SIMPLE iter       89000  res_p=   6.9388939039072284E-017  u(1,1,1)=   1.9458836112745159       p(1,1,1)=   123.71302557616647     
 DEBUG T iter       89050 min   302.03200999912031      max   1059.2871749397743     
 DEBUG T iter       89100 min   302.03201074639679      max   1059.2872618888930     
   SIMPLE iter       89100  res_p=   6.9388939039072284E-017  u(1,1,1)=   1.9458836112745159       p(1,1,1)=   123.71302557616647     
 DEBUG T iter       89150 min   302.03201148945067      max   1059.2873483466831     
 DEBUG T iter       89200 min   302.03201222830569      max   1059.2874343159217     
   SIMPLE iter       89200  res_p=   6.9388939039072284E-017  u(1,1,1)=   1.9458836112745159       p(1,1,1)=   123.71302557616647     
 DEBUG T iter       89250 min   302.03201296298562      max   1059.2875197993671     
 DEBUG T iter       89300 min   302.03201369351405      max   1059.2876047997645     
   SIMPLE iter       89300  res_p=   6.9388939039072284E-017  u(1,1,1)=   1.9458836112745159       p(1,1,1)=   123.71302557616647     
 DEBUG T iter       89350 min   302.03201441991439      max   1059.2876893198459     
 DEBUG T iter       89400 min   302.03201514221013      max   1059.2877733623241     
   SIMPLE iter       89400  res_p=   6.9388939039072284E-017  u(1,1,1)=   1.9458836112745159       p(1,1,1)=   123.71302557616647     
 DEBUG T iter       89450 min   302.03201586042422      max   1059.2878569298971     
 DEBUG T iter       89500 min   302.03201657457993      max   1059.2879400252477     
   SIMPLE iter       89500  res_p=   6.9388939039072284E-017  u(1,1,1)=   1.9458836112745159       p(1,1,1)=   123.71302557616647     
 DEBUG T iter       89550 min   302.03201728470009      max   1059.2880226510467     
 DEBUG T iter       89600 min   302.03201799080756      max   1059.2881048099484     
   SIMPLE iter       89600  res_p=   6.9388939039072284E-017  u(1,1,1)=   1.9458836112745159       p(1,1,1)=   123.71302557616647     
 DEBUG T iter       89650 min   302.03201869292491      max   1059.2881865045890     
 DEBUG T iter       89700 min   302.03201939107487      max   1059.2882677375912     
   SIMPLE iter       89700  res_p=   6.9388939039072284E-017  u(1,1,1)=   1.9458836112745159       p(1,1,1)=   123.71302557616647     
 DEBUG T iter       89750 min   302.03202008527956      max   1059.2883485115672     
 DEBUG T iter       89800 min   302.03202077556159      max   1059.2884288291068     
   SIMPLE iter       89800  res_p=   6.9388939039072284E-017  u(1,1,1)=   1.9458836112745159       p(1,1,1)=   123.71302557616647     
 DEBUG T iter       89850 min   302.03202146194303      max   1059.2885086927911     
 DEBUG T iter       89900 min   302.03202214444582      max   1059.2885881051850     
   SIMPLE iter       89900  res_p=   6.9388939039072284E-017  u(1,1,1)=   1.9458836112745159       p(1,1,1)=   123.71302557616647     
 DEBUG T iter       89950 min   302.03202282309195      max   1059.2886670688383     
 DEBUG T iter       90000 min   302.03202349790331      max   1059.2887455862849     
   SIMPLE iter       90000  res_p=   6.9388939039072284E-017  u(1,1,1)=   1.9458836112745159       p(1,1,1)=   123.71302557616647     
 DEBUG T iter       90050 min   302.03202416890133      max   1059.2888236600481     
 DEBUG T iter       90100 min   302.03202483610778      max   1059.2889012926360     
   SIMPLE iter       90100  res_p=   6.9388939039072284E-017  u(1,1,1)=   1.9458836112745159       p(1,1,1)=   123.71302557616647     
 DEBUG T iter       90150 min   302.03202549954392      max   1059.2889784865388     
 DEBUG T iter       90200 min   302.03202615923118      max   1059.2890552442379     
   SIMPLE iter       90200  res_p=   6.9388939039072284E-017  u(1,1,1)=   1.9458836112745159       p(1,1,1)=   123.71302557616647     
 DEBUG T iter       90250 min   302.03202681519070      max   1059.2891315681973     
 DEBUG T iter       90300 min   302.03202746744364      max   1059.2892074608674     
   SIMPLE iter       90300  res_p=   6.9388939039072284E-017  u(1,1,1)=   1.9458836112745159       p(1,1,1)=   123.71302557616647     
 DEBUG T iter       90350 min   302.03202811601074      max   1059.2892829246859     
 DEBUG T iter       90400 min   302.03202876091297      max   1059.2893579620759     
   SIMPLE iter       90400  res_p=   6.9388939039072284E-017  u(1,1,1)=   1.9458836112745159       p(1,1,1)=   123.71302557616647     
 DEBUG T iter       90450 min   302.03202940217108      max   1059.2894325754464     
 DEBUG T iter       90500 min   302.03203003980542      max   1059.2895067671943     
   SIMPLE iter       90500  res_p=   6.9388939039072284E-017  u(1,1,1)=   1.9458836112745159       p(1,1,1)=   123.71302557616647     
 DEBUG T iter       90550 min   302.03203067383686      max   1059.2895805397050     
 DEBUG T iter       90600 min   302.03203130428534      max   1059.2896538953407     
   SIMPLE iter       90600  res_p=   6.9388939039072284E-017  u(1,1,1)=   1.9458836112745159       p(1,1,1)=   123.71302557616647     
 DEBUG T iter       90650 min   302.03203193117145      max   1059.2897268364634     
 DEBUG T iter       90700 min   302.03203255451507      max   1059.2897993654124     
   SIMPLE iter       90700  res_p=   6.9388939039072284E-017  u(1,1,1)=   1.9458836112745159       p(1,1,1)=   123.71302557616647     
 DEBUG T iter       90750 min   302.03203317433633      max   1059.2898714845162     
 DEBUG T iter       90800 min   302.03203379065513      max   1059.2899431960936     
   SIMPLE iter       90800  res_p=   6.9388939039072284E-017  u(1,1,1)=   1.9458836112745159       p(1,1,1)=   123.71302557616647     
 DEBUG T iter       90850 min   302.03203440349131      max   1059.2900145024457     
 DEBUG T iter       90900 min   302.03203501286447      max   1059.2900854058603     
   SIMPLE iter       90900  res_p=   6.9388939039072284E-017  u(1,1,1)=   1.9458836112745159       p(1,1,1)=   123.71302557616647     
 DEBUG T iter       90950 min   302.03203561879423      max   1059.2901559086197     
 DEBUG T iter       91000 min   302.03203622129996      max   1059.2902260129831     
   SIMPLE iter       91000  res_p=   6.9388939039072284E-017  u(1,1,1)=   1.9458836112745159       p(1,1,1)=   123.71302557616647     
 DEBUG T iter       91050 min   302.03203682040117      max   1059.2902957212013     
 DEBUG T iter       91100 min   302.03203741611685      max   1059.2903650355165     
   SIMPLE iter       91100  res_p=   6.9388939039072284E-017  u(1,1,1)=   1.9458836112745159       p(1,1,1)=   123.71302557616647     
 DEBUG T iter       91150 min   302.03203800846637      max   1059.2904339581507     
 DEBUG T iter       91200 min   302.03203859746867      max   1059.2905024913211     
   SIMPLE iter       91200  res_p=   6.9388939039072284E-017  u(1,1,1)=   1.9458836112745159       p(1,1,1)=   123.71302557616647     
 DEBUG T iter       91250 min   302.03203918314262      max   1059.2905706372264     
 DEBUG T iter       91300 min   302.03203976550708      max   1059.2906383980564     
   SIMPLE iter       91300  res_p=   6.9388939039072284E-017  u(1,1,1)=   1.9458836112745159       p(1,1,1)=   123.71302557616647     
 DEBUG T iter       91350 min   302.03204034458082      max   1059.2907057759849     
 DEBUG T iter       91400 min   302.03204092038226      max   1059.2907727731774     
   SIMPLE iter       91400  res_p=   6.9388939039072284E-017  u(1,1,1)=   1.9458836112745159       p(1,1,1)=   123.71302557616647     
 DEBUG T iter       91450 min   302.03204149293003      max   1059.2908393917824     
 DEBUG T iter       91500 min   302.03204206224234      max   1059.2909056339406     
   SIMPLE iter       91500  res_p=   6.9388939039072284E-017  u(1,1,1)=   1.9458836112745159       p(1,1,1)=   123.71302557616647     
 DEBUG T iter       91550 min   302.03204262833771      max   1059.2909715017822     
 DEBUG T iter       91600 min   302.03204319123427      max   1059.2910369974177     
   SIMPLE iter       91600  res_p=   6.9388939039072284E-017  u(1,1,1)=   1.9458836112745159       p(1,1,1)=   123.71302557616647     
 DEBUG T iter       91650 min   302.03204375094987      max   1059.2911021229536     
 DEBUG T iter       91700 min   302.03204430750270      max   1059.2911668804823     
   SIMPLE iter       91700  res_p=   6.9388939039072284E-017  u(1,1,1)=   1.9458836112745159       p(1,1,1)=   123.71302557616647     
 DEBUG T iter       91750 min   302.03204486091062      max   1059.2912312720796     
 DEBUG T iter       91800 min   302.03204541119140      max   1059.2912952998154     
   SIMPLE iter       91800  res_p=   6.9388939039072284E-017  u(1,1,1)=   1.9458836112745159       p(1,1,1)=   123.71302557616647     
 DEBUG T iter       91850 min   302.03204595836257      max   1059.2913589657462     
 DEBUG T iter       91900 min   302.03204650244186      max   1059.2914222719162     
   SIMPLE iter       91900  res_p=   6.9388939039072284E-017  u(1,1,1)=   1.9458836112745159       p(1,1,1)=   123.71302557616647     
 DEBUG T iter       91950 min   302.03204704344671      max   1059.2914852203555     
 DEBUG T iter       92000 min   302.03204758139441      max   1059.2915478130890     
   SIMPLE iter       92000  res_p=   6.9388939039072284E-017  u(1,1,1)=   1.9458836112745159       p(1,1,1)=   123.71302557616647     
 DEBUG T iter       92050 min   302.03204811630229      max   1059.2916100521265     
 DEBUG T iter       92100 min   302.03204864818758      max   1059.2916719394671     
   SIMPLE iter       92100  res_p=   6.9388939039072284E-017  u(1,1,1)=   1.9458836112745159       p(1,1,1)=   123.71302557616647     
 DEBUG T iter       92150 min   302.03204917706728      max   1059.2917334770955     
 DEBUG T iter       92200 min   302.03204970295843      max   1059.2917946669884     
   SIMPLE iter       92200  res_p=   6.9388939039072284E-017  u(1,1,1)=   1.9458836112745159       p(1,1,1)=   123.71302557616647     
 DEBUG T iter       92250 min   302.03205022587798      max   1059.2918555111114     
 DEBUG T iter       92300 min   302.03205074584247      max   1059.2919160114200     
   SIMPLE iter       92300  res_p=   6.9388939039072284E-017  u(1,1,1)=   1.9458836112745159       p(1,1,1)=   123.71302557616647     
 DEBUG T iter       92350 min   302.03205126286878      max   1059.2919761698543     
 DEBUG T iter       92400 min   302.03205177697356      max   1059.2920359883476     
   SIMPLE iter       92400  res_p=   6.9388939039072284E-017  u(1,1,1)=   1.9458836112745159       p(1,1,1)=   123.71302557616647     
 DEBUG T iter       92450 min   302.03205228817325      max   1059.2920954688204     
 DEBUG T iter       92500 min   302.03205279648432      max   1059.2921546131827     
   SIMPLE iter       92500  res_p=   6.9388939039072284E-017  u(1,1,1)=   1.9458836112745159       p(1,1,1)=   123.71302557616647     
 DEBUG T iter       92550 min   302.03205330192304      max   1059.2922134233361     
 DEBUG T iter       92600 min   302.03205380450544      max   1059.2922719011660     
   SIMPLE iter       92600  res_p=   6.9388939039072284E-017  u(1,1,1)=   1.9458836112745159       p(1,1,1)=   123.71302557616647     
 DEBUG T iter       92650 min   302.03205430424805      max   1059.2923300485506     
 DEBUG T iter       92700 min   302.03205480116679      max   1059.2923878673582     
   SIMPLE iter       92700  res_p=   6.9388939039072284E-017  u(1,1,1)=   1.9458836112745159       p(1,1,1)=   123.71302557616647     
 DEBUG T iter       92750 min   302.03205529527736      max   1059.2924453594476     
 DEBUG T iter       92800 min   302.03205578659595      max   1059.2925025266593     
   SIMPLE iter       92800  res_p=   6.9388939039072284E-017  u(1,1,1)=   1.9458836112745159       p(1,1,1)=   123.71302557616647     
 DEBUG T iter       92850 min   302.03205627513825      max   1059.2925593708346     
 DEBUG T iter       92900 min   302.03205676091989      max   1059.2926158937946     
   SIMPLE iter       92900  res_p=   6.9388939039072284E-017  u(1,1,1)=   1.9458836112745159       p(1,1,1)=   123.71302557616647     
 DEBUG T iter       92950 min   302.03205724395644      max   1059.2926720973578     
 DEBUG T iter       93000 min   302.03205772426344      max   1059.2927279833284     
   SIMPLE iter       93000  res_p=   6.9388939039072284E-017  u(1,1,1)=   1.9458836112745159       p(1,1,1)=   123.71302557616647     
 DEBUG T iter       93050 min   302.03205820185639      max   1059.2927835535008     
 DEBUG T iter       93100 min   302.03205867675052      max   1059.2928388096584     
   SIMPLE iter       93100  res_p=   6.9388939039072284E-017  u(1,1,1)=   1.9458836112745159       p(1,1,1)=   123.71302557616647     
 DEBUG T iter       93150 min   302.03205914896120      max   1059.2928937535762     
 DEBUG T iter       93200 min   302.03205961850352      max   1059.2929483870180     
   SIMPLE iter       93200  res_p=   6.9388939039072284E-017  u(1,1,1)=   1.9458836112745159       p(1,1,1)=   123.71302557616647     
 DEBUG T iter       93250 min   302.03206008539252      max   1059.2930027117420     
 DEBUG T iter       93300 min   302.03206054964335      max   1059.2930567294884     
   SIMPLE iter       93300  res_p=   6.9388939039072284E-017  u(1,1,1)=   1.9458836112745159       p(1,1,1)=   123.71302557616647     
 DEBUG T iter       93350 min   302.03206101127057      max   1059.2931104419922     
 DEBUG T iter       93400 min   302.03206147028953      max   1059.2931638509792     
   SIMPLE iter       93400  res_p=   6.9388939039072284E-017  u(1,1,1)=   1.9458836112745159       p(1,1,1)=   123.71302557616647     
 DEBUG T iter       93450 min   302.03206192671456      max   1059.2932169581636     
 DEBUG T iter       93500 min   302.03206238056038      max   1059.2932697652514     
   SIMPLE iter       93500  res_p=   6.9388939039072284E-017  u(1,1,1)=   1.9458836112745159       p(1,1,1)=   123.71302557616647     
 DEBUG T iter       93550 min   302.03206283184176      max   1059.2933222739409     
 DEBUG T iter       93600 min   302.03206328057297      max   1059.2933744859163     
   SIMPLE iter       93600  res_p=   6.9388939039072284E-017  u(1,1,1)=   1.9458836112745159       p(1,1,1)=   123.71302557616647     
 DEBUG T iter       93650 min   302.03206372676846      max   1059.2934264028536     
 DEBUG T iter       93700 min   302.03206417044265      max   1059.2934780264216     
   SIMPLE iter       93700  res_p=   6.9388939039072284E-017  u(1,1,1)=   1.9458836112745159       p(1,1,1)=   123.71302557616647     
 DEBUG T iter       93750 min   302.03206461160977      max   1059.2935293582757     
 DEBUG T iter       93800 min   302.03206505028390      max   1059.2935804000656     
   SIMPLE iter       93800  res_p=   6.9388939039072284E-017  u(1,1,1)=   1.9458836112745159       p(1,1,1)=   123.71302557616647     
 DEBUG T iter       93850 min   302.03206548647921      max   1059.2936311534306     
 DEBUG T iter       93900 min   302.03206592020967      max   1059.2936816200004     
   SIMPLE iter       93900  res_p=   6.9388939039072284E-017  u(1,1,1)=   1.9458836112745159       p(1,1,1)=   123.71302557616647     
 DEBUG T iter       93950 min   302.03206635148922      max   1059.2937318013953     
 DEBUG T iter       94000 min   302.03206678033177      max   1059.2937816992273     
   SIMPLE iter       94000  res_p=   6.9388939039072284E-017  u(1,1,1)=   1.9458836112745159       p(1,1,1)=   123.71302557616647     
 DEBUG T iter       94050 min   302.03206720675092      max   1059.2938313150971     
 DEBUG T iter       94100 min   302.03206763076059      max   1059.2938806505999     
   SIMPLE iter       94100  res_p=   6.9388939039072284E-017  u(1,1,1)=   1.9458836112745159       p(1,1,1)=   123.71302557616647     
 DEBUG T iter       94150 min   302.03206805237420      max   1059.2939297073190     
 DEBUG T iter       94200 min   302.03206847160544      max   1059.2939784868283     
   SIMPLE iter       94200  res_p=   6.9388939039072284E-017  u(1,1,1)=   1.9458836112745159       p(1,1,1)=   123.71302557616647     
 DEBUG T iter       94250 min   302.03206888846773      max   1059.2940269906967     
 DEBUG T iter       94300 min   302.03206930297426      max   1059.2940752204820     
   SIMPLE iter       94300  res_p=   6.9388939039072284E-017  u(1,1,1)=   1.9458836112745159       p(1,1,1)=   123.71302557616647     
 DEBUG T iter       94350 min   302.03206971513873      max   1059.2941231777324     
 DEBUG T iter       94400 min   302.03207012497398      max   1059.2941708639880     
   SIMPLE iter       94400  res_p=   6.9388939039072284E-017  u(1,1,1)=   1.9458836112745159       p(1,1,1)=   123.71302557616647     
 DEBUG T iter       94450 min   302.03207053249355      max   1059.2942182807799     
 DEBUG T iter       94500 min   302.03207093771005      max   1059.2942654296303     
   SIMPLE iter       94500  res_p=   6.9388939039072284E-017  u(1,1,1)=   1.9458836112745159       p(1,1,1)=   123.71302557616647     
 DEBUG T iter       94550 min   302.03207134063683      max   1059.2943123120526     
 DEBUG T iter       94600 min   302.03207174128687      max   1059.2943589295533     
   SIMPLE iter       94600  res_p=   6.9388939039072284E-017  u(1,1,1)=   1.9458836112745159       p(1,1,1)=   123.71302557616647     
 DEBUG T iter       94650 min   302.03207213967289      max   1059.2944052836294     
 DEBUG T iter       94700 min   302.03207253580780      max   1059.2944513757691     
   SIMPLE iter       94700  res_p=   6.9388939039072284E-017  u(1,1,1)=   1.9458836112745159       p(1,1,1)=   123.71302557616647     
 DEBUG T iter       94750 min   302.03207292970416      max   1059.2944972074549     
 DEBUG T iter       94800 min   302.03207332137470      max   1059.2945427801565     
   SIMPLE iter       94800  res_p=   6.9388939039072284E-017  u(1,1,1)=   1.9458836112745159       p(1,1,1)=   123.71302557616647     
 DEBUG T iter       94850 min   302.03207371083204      max   1059.2945880953368     
 DEBUG T iter       94900 min   302.03207409808863      max   1059.2946331544520     
   SIMPLE iter       94900  res_p=   6.9388939039072284E-017  u(1,1,1)=   1.9458836112745159       p(1,1,1)=   123.71302557616647     
 DEBUG T iter       94950 min   302.03207448315686      max   1059.2946779589481     
 DEBUG T iter       95000 min   302.03207486604930      max   1059.2947225102644     
   SIMPLE iter       95000  res_p=   6.9388939039072284E-017  u(1,1,1)=   1.9458836112745159       p(1,1,1)=   123.71302557616647     
 DEBUG T iter       95050 min   302.03207524677805      max   1059.2947668098309     
 DEBUG T iter       95100 min   302.03207562535533      max   1059.2948108590715     
   SIMPLE iter       95100  res_p=   6.9388939039072284E-017  u(1,1,1)=   1.9458836112745159       p(1,1,1)=   123.71302557616647     
 DEBUG T iter       95150 min   302.03207600179337      max   1059.2948546594005     
 DEBUG T iter       95200 min   302.03207637610433      max   1059.2948982122225     
   SIMPLE iter       95200  res_p=   6.9388939039072284E-017  u(1,1,1)=   1.9458836112745159       p(1,1,1)=   123.71302557616647     
 DEBUG T iter       95250 min   302.03207674830009      max   1059.2949415189385     
 DEBUG T iter       95300 min   302.03207711839264      max   1059.2949845809387     
   SIMPLE iter       95300  res_p=   6.9388939039072284E-017  u(1,1,1)=   1.9458836112745159       p(1,1,1)=   123.71302557616647     
 DEBUG T iter       95350 min   302.03207748639386      max   1059.2950273996069     
 DEBUG T iter       95400 min   302.03207785231564      max   1059.2950699763162     
   SIMPLE iter       95400  res_p=   6.9388939039072284E-017  u(1,1,1)=   1.9458836112745159       p(1,1,1)=   123.71302557616647     
 DEBUG T iter       95450 min   302.03207821616974      max   1059.2951123124353     
 DEBUG T iter       95500 min   302.03207857796770      max   1059.2951544093221     
   SIMPLE iter       95500  res_p=   6.9388939039072284E-017  u(1,1,1)=   1.9458836112745159       p(1,1,1)=   123.71302557616647     
 DEBUG T iter       95550 min   302.03207893772122      max   1059.2951962683283     
 DEBUG T iter       95600 min   302.03207929544186      max   1059.2952378908005     
   SIMPLE iter       95600  res_p=   6.9388939039072284E-017  u(1,1,1)=   1.9458836112745159       p(1,1,1)=   123.71302557616647     
 DEBUG T iter       95650 min   302.03207965114109      max   1059.2952792780736     
 DEBUG T iter       95700 min   302.03208000483039      max   1059.2953204314763     
   SIMPLE iter       95700  res_p=   6.9388939039072284E-017  u(1,1,1)=   1.9458836112745159       p(1,1,1)=   123.71302557616647     
 DEBUG T iter       95750 min   302.03208035652113      max   1059.2953613523316     
 DEBUG T iter       95800 min   302.03208070622446      max   1059.2954020419515     
   SIMPLE iter       95800  res_p=   6.9388939039072284E-017  u(1,1,1)=   1.9458836112745159       p(1,1,1)=   123.71302557616647     
 DEBUG T iter       95850 min   302.03208105395169      max   1059.2954425016442     
 DEBUG T iter       95900 min   302.03208139971417      max   1059.2954827327089     
   SIMPLE iter       95900  res_p=   6.9388939039072284E-017  u(1,1,1)=   1.9458836112745159       p(1,1,1)=   123.71302557616647     
 DEBUG T iter       95950 min   302.03208174352267      max   1059.2955227364380     
 DEBUG T iter       96000 min   302.03208208538831      max   1059.2955625141140     
   SIMPLE iter       96000  res_p=   6.9388939039072284E-017  u(1,1,1)=   1.9458836112745159       p(1,1,1)=   123.71302557616647     
 DEBUG T iter       96050 min   302.03208242532230      max   1059.2956020670165     
 DEBUG T iter       96100 min   302.03208276333527      max   1059.2956413964146     
   SIMPLE iter       96100  res_p=   6.9388939039072284E-017  u(1,1,1)=   1.9458836112745159       p(1,1,1)=   123.71302557616647     
 DEBUG T iter       96150 min   302.03208309943835      max   1059.2956805035719     
 DEBUG T iter       96200 min   302.03208343364207      max   1059.2957193897441     
   SIMPLE iter       96200  res_p=   6.9388939039072284E-017  u(1,1,1)=   1.9458836112745159       p(1,1,1)=   123.71302557616647     
 DEBUG T iter       96250 min   302.03208376595734      max   1059.2957580561811     
 DEBUG T iter       96300 min   302.03208409639473      max   1059.2957965041217     
   SIMPLE iter       96300  res_p=   6.9388939039072284E-017  u(1,1,1)=   1.9458836112745159       p(1,1,1)=   123.71302557616647     
 DEBUG T iter       96350 min   302.03208442496503      max   1059.2958347348024     
 DEBUG T iter       96400 min   302.03208475167855      max   1059.2958727494499     
   SIMPLE iter       96400  res_p=   6.9388939039072284E-017  u(1,1,1)=   1.9458836112745159       p(1,1,1)=   123.71302557616647     
 DEBUG T iter       96450 min   302.03208507654591      max   1059.2959105492839     
 DEBUG T iter       96500 min   302.03208539957745      max   1059.2959481355228     
   SIMPLE iter       96500  res_p=   6.9388939039072284E-017  u(1,1,1)=   1.9458836112745159       p(1,1,1)=   123.71302557616647     
 DEBUG T iter       96550 min   302.03208572078370      max   1059.2959855093704     
 DEBUG T iter       96600 min   302.03208604017487      max   1059.2960226720259     
   SIMPLE iter       96600  res_p=   6.9388939039072284E-017  u(1,1,1)=   1.9458836112745159       p(1,1,1)=   123.71302557616647     
 DEBUG T iter       96650 min   302.03208635776127      max   1059.2960596246844     
 DEBUG T iter       96700 min   302.03208667355301      max   1059.2960963685309     
   SIMPLE iter       96700  res_p=   6.9388939039072284E-017  u(1,1,1)=   1.9458836112745159       p(1,1,1)=   123.71302557616647     
 DEBUG T iter       96750 min   302.03208698756038      max   1059.2961329047464     
 DEBUG T iter       96800 min   302.03208729979320      max   1059.2961692345054     
   SIMPLE iter       96800  res_p=   6.9388939039072284E-017  u(1,1,1)=   1.9458836112745159       p(1,1,1)=   123.71302557616647     
 DEBUG T iter       96850 min   302.03208761026173      max   1059.2962053589745     
 DEBUG T iter       96900 min   302.03208791897595      max   1059.2962412793108     
   SIMPLE iter       96900  res_p=   6.9388939039072284E-017  u(1,1,1)=   1.9458836112745159       p(1,1,1)=   123.71302557616647     
 DEBUG T iter       96950 min   302.03208822594564      max   1059.2962769966700     
 DEBUG T iter       97000 min   302.03208853118076      max   1059.2963125122001     
   SIMPLE iter       97000  res_p=   6.9388939039072284E-017  u(1,1,1)=   1.9458836112745159       p(1,1,1)=   123.71302557616647     
 DEBUG T iter       97050 min   302.03208883469102      max   1059.2963478270399     
 DEBUG T iter       97100 min   302.03208913648621      max   1059.2963829423238     
   SIMPLE iter       97100  res_p=   6.9388939039072284E-017  u(1,1,1)=   1.9458836112745159       p(1,1,1)=   123.71302557616647     
 DEBUG T iter       97150 min   302.03208943657597      max   1059.2964178591790     
 DEBUG T iter       97200 min   302.03208973497004      max   1059.2964525787272     
   SIMPLE iter       97200  res_p=   6.9388939039072284E-017  u(1,1,1)=   1.9458836112745159       p(1,1,1)=   123.71302557616647     
 DEBUG T iter       97250 min   302.03209003167808      max   1059.2964871020831     
 DEBUG T iter       97300 min   302.03209032670935      max   1059.2965214303556     
   SIMPLE iter       97300  res_p=   6.9388939039072284E-017  u(1,1,1)=   1.9458836112745159       p(1,1,1)=   123.71302557616647     
 DEBUG T iter       97350 min   302.03209062007352      max   1059.2965555646476     
 DEBUG T iter       97400 min   302.03209091177996      max   1059.2965895060543     
   SIMPLE iter       97400  res_p=   6.9388939039072284E-017  u(1,1,1)=   1.9458836112745159       p(1,1,1)=   123.71302557616647     
 DEBUG T iter       97450 min   302.03209120183794      max   1059.2966232556673     
 DEBUG T iter       97500 min   302.03209149025707      max   1059.2966568145691     
   SIMPLE iter       97500  res_p=   6.9388939039072284E-017  u(1,1,1)=   1.9458836112745159       p(1,1,1)=   123.71302557616647     
 DEBUG T iter       97550 min   302.03209177704622      max   1059.2966901838365     
 DEBUG T iter       97600 min   302.03209206221487      max   1059.2967233645413     
   SIMPLE iter       97600  res_p=   6.9388939039072284E-017  u(1,1,1)=   1.9458836112745159       p(1,1,1)=   123.71302557616647     
 DEBUG T iter       97650 min   302.03209234577207      max   1059.2967563577495     
 DEBUG T iter       97700 min   302.03209262772702      max   1059.2967891645210     
   SIMPLE iter       97700  res_p=   6.9388939039072284E-017  u(1,1,1)=   1.9458836112745159       p(1,1,1)=   123.71302557616647     
 DEBUG T iter       97750 min   302.03209290808871      max   1059.2968217859104     
 DEBUG T iter       97800 min   302.03209318686612      max   1059.2968542229623     
   SIMPLE iter       97800  res_p=   6.9388939039072284E-017  u(1,1,1)=   1.9458836112745159       p(1,1,1)=   123.71302557616647     
 DEBUG T iter       97850 min   302.03209346406811      max   1059.2968864767220     
 DEBUG T iter       97900 min   302.03209373970378      max   1059.2969185482218     
   SIMPLE iter       97900  res_p=   6.9388939039072284E-017  u(1,1,1)=   1.9458836112745159       p(1,1,1)=   123.71302557616647     
 DEBUG T iter       97950 min   302.03209401378206      max   1059.2969504384942     
 DEBUG T iter       98000 min   302.03209428631135      max   1059.2969821485617     
   SIMPLE iter       98000  res_p=   6.9388939039072284E-017  u(1,1,1)=   1.9458836112745159       p(1,1,1)=   123.71302557616647     
 DEBUG T iter       98050 min   302.03209455730070      max   1059.2970136794431     
 DEBUG T iter       98100 min   302.03209482675885      max   1059.2970450321511     
   SIMPLE iter       98100  res_p=   6.9388939039072284E-017  u(1,1,1)=   1.9458836112745159       p(1,1,1)=   123.71302557616647     
 DEBUG T iter       98150 min   302.03209509469428      max   1059.2970762076918     
 DEBUG T iter       98200 min   302.03209536111564      max   1059.2971072070666     
   SIMPLE iter       98200  res_p=   6.9388939039072284E-017  u(1,1,1)=   1.9458836112745159       p(1,1,1)=   123.71302557616647     
 DEBUG T iter       98250 min   302.03209562603155      max   1059.2971380312708     
 DEBUG T iter       98300 min   302.03209588945049      max   1059.2971686812964     
   SIMPLE iter       98300  res_p=   6.9388939039072284E-017  u(1,1,1)=   1.9458836112745159       p(1,1,1)=   123.71302557616647     
 DEBUG T iter       98350 min   302.03209615138093      max   1059.2971991581246     
 DEBUG T iter       98400 min   302.03209641183122      max   1059.2972294627352     
   SIMPLE iter       98400  res_p=   6.9388939039072284E-017  u(1,1,1)=   1.9458836112745159       p(1,1,1)=   123.71302557616647     
 DEBUG T iter       98450 min   302.03209667080978      max   1059.2972595961037     
 DEBUG T iter       98500 min   302.03209692832496      max   1059.2972895591934     
   SIMPLE iter       98500  res_p=   6.9388939039072284E-017  u(1,1,1)=   1.9458836112745159       p(1,1,1)=   123.71302557616647     
 DEBUG T iter       98550 min   302.03209718438490      max   1059.2973193529690     
 DEBUG T iter       98600 min   302.03209743899794      max   1059.2973489783867     
   SIMPLE iter       98600  res_p=   6.9388939039072284E-017  u(1,1,1)=   1.9458836112745159       p(1,1,1)=   123.71302557616647     
 DEBUG T iter       98650 min   302.03209769217221      max   1059.2973784363987     
 DEBUG T iter       98700 min   302.03209794391591      max   1059.2974077279500     
   SIMPLE iter       98700  res_p=   6.9388939039072284E-017  u(1,1,1)=   1.9458836112745159       p(1,1,1)=   123.71302557616647     
 DEBUG T iter       98750 min   302.03209819423694      max   1059.2974368539813     
 DEBUG T iter       98800 min   302.03209844314358      max   1059.2974658154278     
   SIMPLE iter       98800  res_p=   6.9388939039072284E-017  u(1,1,1)=   1.9458836112745159       p(1,1,1)=   123.71302557616647     
 DEBUG T iter       98850 min   302.03209869064369      max   1059.2974946132208     
 DEBUG T iter       98900 min   302.03209893674523      max   1059.2975232482827     
   SIMPLE iter       98900  res_p=   6.9388939039072284E-017  u(1,1,1)=   1.9458836112745159       p(1,1,1)=   123.71302557616647     
 DEBUG T iter       98950 min   302.03209918145609      max   1059.2975517215364     
 DEBUG T iter       99000 min   302.03209942478418      max   1059.2975800338950     
   SIMPLE iter       99000  res_p=   6.9388939039072284E-017  u(1,1,1)=   1.9458836112745159       p(1,1,1)=   123.71302557616647     
 DEBUG T iter       99050 min   302.03209966673722      max   1059.2976081862671     
 DEBUG T iter       99100 min   302.03209990732307      max   1059.2976361795561     
   SIMPLE iter       99100  res_p=   6.9388939039072284E-017  u(1,1,1)=   1.9458836112745159       p(1,1,1)=   123.71302557616647     
 DEBUG T iter       99150 min   302.03210014654945      max   1059.2976640146621     
 DEBUG T iter       99200 min   302.03210038442404      max   1059.2976916924765     
   SIMPLE iter       99200  res_p=   6.9388939039072284E-017  u(1,1,1)=   1.9458836112745159       p(1,1,1)=   123.71302557616647     
 DEBUG T iter       99250 min   302.03210062095434      max   1059.2977192138917     
 DEBUG T iter       99300 min   302.03210085614819      max   1059.2977465797896     
   SIMPLE iter       99300  res_p=   6.9388939039072284E-017  u(1,1,1)=   1.9458836112745159       p(1,1,1)=   123.71302557616647     
 DEBUG T iter       99350 min   302.03210109001293      max   1059.2977737910489     
 DEBUG T iter       99400 min   302.03210132255612      max   1059.2978008485436     
   SIMPLE iter       99400  res_p=   6.9388939039072284E-017  u(1,1,1)=   1.9458836112745159       p(1,1,1)=   123.71302557616647     
 DEBUG T iter       99450 min   302.03210155378537      max   1059.2978277531429     
 DEBUG T iter       99500 min   302.03210178370801      max   1059.2978545057113     
   SIMPLE iter       99500  res_p=   6.9388939039072284E-017  u(1,1,1)=   1.9458836112745159       p(1,1,1)=   123.71302557616647     
 DEBUG T iter       99550 min   302.03210201233134      max   1059.2978811071068     
 DEBUG T iter       99600 min   302.03210223966278      max   1059.2979075581848     
   SIMPLE iter       99600  res_p=   6.9388939039072284E-017  u(1,1,1)=   1.9458836112745159       p(1,1,1)=   123.71302557616647     
 DEBUG T iter       99650 min   302.03210246570961      max   1059.2979338597934     
 DEBUG T iter       99700 min   302.03210269047912      max   1059.2979600127787     
   SIMPLE iter       99700  res_p=   6.9388939039072284E-017  u(1,1,1)=   1.9458836112745159       p(1,1,1)=   123.71302557616647     
 DEBUG T iter       99750 min   302.03210291397846      max   1059.2979860179789     
 DEBUG T iter       99800 min   302.03210313621486      max   1059.2980118762282     
   SIMPLE iter       99800  res_p=   6.9388939039072284E-017  u(1,1,1)=   1.9458836112745159       p(1,1,1)=   123.71302557616647     
 DEBUG T iter       99850 min   302.03210335719564      max   1059.2980375883612     
 DEBUG T iter       99900 min   302.03210357692751      max   1059.2980631552000     
   SIMPLE iter       99900  res_p=   6.9388939039072284E-017  u(1,1,1)=   1.9458836112745159       p(1,1,1)=   123.71302557616647     
 DEBUG T iter       99950 min   302.03210379541781      max   1059.2980885775660     
 DEBUG T iter      100000 min   302.03210401267347      max   1059.2981138562750     
   SIMPLE iter      100000  res_p=   6.9388939039072284E-017  u(1,1,1)=   1.9458836112745159       p(1,1,1)=   123.71302557616647     
 DEBUG T iter      100050 min   302.03210422870148      max   1059.2981389921397     
 DEBUG T iter      100100 min   302.03210444350884      max   1059.2981639859695     
   SIMPLE iter      100100  res_p=   6.9388939039072284E-017  u(1,1,1)=   1.9458836112745159       p(1,1,1)=   123.71302557616647     
 DEBUG T iter      100150 min   302.03210465710214      max   1059.2981888385646     
 DEBUG T iter      100200 min   302.03210486948859      max   1059.2982135507236     
   SIMPLE iter      100200  res_p=   6.9388939039072284E-017  u(1,1,1)=   1.9458836112745159       p(1,1,1)=   123.71302557616647     
 DEBUG T iter      100250 min   302.03210508067497      max   1059.2982381232384     
 DEBUG T iter      100300 min   302.03210529066797      max   1059.2982625569007     
   SIMPLE iter      100300  res_p=   6.9388939039072284E-017  u(1,1,1)=   1.9458836112745159       p(1,1,1)=   123.71302557616647     
 DEBUG T iter      100350 min   302.03210549947426      max   1059.2982868524948     
 DEBUG T iter      100400 min   302.03210570710075      max   1059.2983110108000     
   SIMPLE iter      100400  res_p=   6.9388939039072284E-017  u(1,1,1)=   1.9458836112745159       p(1,1,1)=   123.71302557616647     
 DEBUG T iter      100450 min   302.03210591355383      max   1059.2983350325933     
 DEBUG T iter      100500 min   302.03210611884049      max   1059.2983589186442     
   SIMPLE iter      100500  res_p=   6.9388939039072284E-017  u(1,1,1)=   1.9458836112745159       p(1,1,1)=   123.71302557616647     
 DEBUG T iter      100550 min   302.03210632296691      max   1059.2983826697200     
 DEBUG T iter      100600 min   302.03210652594009      max   1059.2984062865849     
   SIMPLE iter      100600  res_p=   6.9388939039072284E-017  u(1,1,1)=   1.9458836112745159       p(1,1,1)=   123.71302557616647     
 DEBUG T iter      100650 min   302.03210672776618      max   1059.2984297699966     
 DEBUG T iter      100700 min   302.03210692845175      max   1059.2984531207080     
   SIMPLE iter      100700  res_p=   6.9388939039072284E-017  u(1,1,1)=   1.9458836112745159       p(1,1,1)=   123.71302557616647     
 DEBUG T iter      100750 min   302.03210712800336      max   1059.2984763394697     
 DEBUG T iter      100800 min   302.03210732642725      max   1059.2984994270284     
   SIMPLE iter      100800  res_p=   6.9388939039072284E-017  u(1,1,1)=   1.9458836112745159       p(1,1,1)=   123.71302557616647     
 DEBUG T iter      100850 min   302.03210752373008      max   1059.2985223841254     
 DEBUG T iter      100900 min   302.03210771991797      max   1059.2985452114965     
   SIMPLE iter      100900  res_p=   6.9388939039072284E-017  u(1,1,1)=   1.9458836112745159       p(1,1,1)=   123.71302557616647     
 DEBUG T iter      100950 min   302.03210791499714      max   1059.2985679098745     
 DEBUG T iter      101000 min   302.03210810897394      max   1059.2985904799891     
   SIMPLE iter      101000  res_p=   6.9388939039072284E-017  u(1,1,1)=   1.9458836112745159       p(1,1,1)=   123.71302557616647     
 DEBUG T iter      101050 min   302.03210830185469      max   1059.2986129225678     
 DEBUG T iter      101100 min   302.03210849364547      max   1059.2986352383266     
   SIMPLE iter      101100  res_p=   6.9388939039072284E-017  u(1,1,1)=   1.9458836112745159       p(1,1,1)=   123.71302557616647     
 DEBUG T iter      101150 min   302.03210868435269      max   1059.2986574279848     
 DEBUG T iter      101200 min   302.03210887398205      max   1059.2986794922556     
   SIMPLE iter      101200  res_p=   6.9388939039072284E-017  u(1,1,1)=   1.9458836112745159       p(1,1,1)=   123.71302557616647     
 DEBUG T iter      101250 min   302.03210906253992      max   1059.2987014318448     
 DEBUG T iter      101300 min   302.03210925003231      max   1059.2987232474600     
   SIMPLE iter      101300  res_p=   6.9388939039072284E-017  u(1,1,1)=   1.9458836112745159       p(1,1,1)=   123.71302557616647     
 DEBUG T iter      101350 min   302.03210943646519      max   1059.2987449398004     
 DEBUG T iter      101400 min   302.03210962184465      max   1059.2987665095604     
   SIMPLE iter      101400  res_p=   6.9388939039072284E-017  u(1,1,1)=   1.9458836112745159       p(1,1,1)=   123.71302557616647     
 DEBUG T iter      101450 min   302.03210980617638      max   1059.2987879574366     
 DEBUG T iter      101500 min   302.03210998946673      max   1059.2988092841151     
   SIMPLE iter      101500  res_p=   6.9388939039072284E-017  u(1,1,1)=   1.9458836112745159       p(1,1,1)=   123.71302557616647     
 DEBUG T iter      101550 min   302.03211017172134      max   1059.2988304902819     
 DEBUG T iter      101600 min   302.03211035294595      max   1059.2988515766151     
   SIMPLE iter      101600  res_p=   6.9388939039072284E-017  u(1,1,1)=   1.9458836112745159       p(1,1,1)=   123.71302557616647     
 DEBUG T iter      101650 min   302.03211053314652      max   1059.2988725437986     
 DEBUG T iter      101700 min   302.03211071232886      max   1059.2988933924989     
   SIMPLE iter      101700  res_p=   6.9388939039072284E-017  u(1,1,1)=   1.9458836112745159       p(1,1,1)=   123.71302557616647     
 DEBUG T iter      101750 min   302.03211089049864      max   1059.2989141233900     
 DEBUG T iter      101800 min   302.03211106766173      max   1059.2989347371331     
   SIMPLE iter      101800  res_p=   6.9388939039072284E-017  u(1,1,1)=   1.9458836112745159       p(1,1,1)=   123.71302557616647     
 DEBUG T iter      101850 min   302.03211124382364      max   1059.2989552343945     
 DEBUG T iter      101900 min   302.03211141898998      max   1059.2989756158299     
   SIMPLE iter      101900  res_p=   6.9388939039072284E-017  u(1,1,1)=   1.9458836112745159       p(1,1,1)=   123.71302557616647     
 DEBUG T iter      101950 min   302.03211159316663      max   1059.2989958820956     
 DEBUG T iter      102000 min   302.03211176635904      max   1059.2990160338404     
   SIMPLE iter      102000  res_p=   6.9388939039072284E-017  u(1,1,1)=   1.9458836112745159       p(1,1,1)=   123.71302557616647     
 DEBUG T iter      102050 min   302.03211193857265      max   1059.2990360717122     
 DEBUG T iter      102100 min   302.03211210981334      max   1059.2990559963550     
   SIMPLE iter      102100  res_p=   6.9388939039072284E-017  u(1,1,1)=   1.9458836112745159       p(1,1,1)=   123.71302557616647     
 DEBUG T iter      102150 min   302.03211228008632      max   1059.2990758084081     
 DEBUG T iter      102200 min   302.03211244939700      max   1059.2990955085088     
   SIMPLE iter      102200  res_p=   6.9388939039072284E-017  u(1,1,1)=   1.9458836112745159       p(1,1,1)=   123.71302557616647     
 DEBUG T iter      102250 min   302.03211261775112      max   1059.2991150972878     
 DEBUG T iter      102300 min   302.03211278515369      max   1059.2991345753778     
   SIMPLE iter      102300  res_p=   6.9388939039072284E-017  u(1,1,1)=   1.9458836112745159       p(1,1,1)=   123.71302557616647     
 DEBUG T iter      102350 min   302.03211295161054      max   1059.2991539434004     
 DEBUG T iter      102400 min   302.03211311712664      max   1059.2991732019775     
   SIMPLE iter      102400  res_p=   6.9388939039072284E-017  u(1,1,1)=   1.9458836112745159       p(1,1,1)=   123.71302557616647     
 DEBUG T iter      102450 min   302.03211328170755      max   1059.2991923517304     
 DEBUG T iter      102500 min   302.03211344535833      max   1059.2992113932714     
   SIMPLE iter      102500  res_p=   6.9388939039072284E-017  u(1,1,1)=   1.9458836112745159       p(1,1,1)=   123.71302557616647     
 DEBUG T iter      102550 min   302.03211360808444      max   1059.2992303272119     
 DEBUG T iter      102600 min   302.03211376989100      max   1059.2992491541625     
   SIMPLE iter      102600  res_p=   6.9388939039072284E-017  u(1,1,1)=   1.9458836112745159       p(1,1,1)=   123.71302557616647     
 DEBUG T iter      102650 min   302.03211393078323      max   1059.2992678747266     
 DEBUG T iter      102700 min   302.03211409076636      max   1059.2992864895054     
   SIMPLE iter      102700  res_p=   6.9388939039072284E-017  u(1,1,1)=   1.9458836112745159       p(1,1,1)=   123.71302557616647     
 DEBUG T iter      102750 min   302.03211424984534      max   1059.2993049990966     
 DEBUG T iter      102800 min   302.03211440802551      max   1059.2993234040935     
   SIMPLE iter      102800  res_p=   6.9388939039072284E-017  u(1,1,1)=   1.9458836112745159       p(1,1,1)=   123.71302557616647     
 DEBUG T iter      102850 min   302.03211456531176      max   1059.2993417050880     
 DEBUG T iter      102900 min   302.03211472170926      max   1059.2993599026702     
   SIMPLE iter      102900  res_p=   6.9388939039072284E-017  u(1,1,1)=   1.9458836112745159       p(1,1,1)=   123.71302557616647     
 DEBUG T iter      102950 min   302.03211487722302      max   1059.2993779974213     
 DEBUG T iter      103000 min   302.03211503185798      max   1059.2993959899238     
   SIMPLE iter      103000  res_p=   6.9388939039072284E-017  u(1,1,1)=   1.9458836112745159       p(1,1,1)=   123.71302557616647     
 DEBUG T iter      103050 min   302.03211518561920      max   1059.2994138807526     
 DEBUG T iter      103100 min   302.03211533851140      max   1059.2994316704858     
   SIMPLE iter      103100  res_p=   6.9388939039072284E-017  u(1,1,1)=   1.9458836112745159       p(1,1,1)=   123.71302557616647     
 DEBUG T iter      103150 min   302.03211549053981      max   1059.2994493596932     
 DEBUG T iter      103200 min   302.03211564170897      max   1059.2994669489424     
   SIMPLE iter      103200  res_p=   6.9388939039072284E-017  u(1,1,1)=   1.9458836112745159       p(1,1,1)=   123.71302557616647     
 DEBUG T iter      103250 min   302.03211579202400      max   1059.2994844387981     
 DEBUG T iter      103300 min   302.03211594148974      max   1059.2995018298238     
   SIMPLE iter      103300  res_p=   6.9388939039072284E-017  u(1,1,1)=   1.9458836112745159       p(1,1,1)=   123.71302557616647     
 DEBUG T iter      103350 min   302.03211609011072      max   1059.2995191225775     
 DEBUG T iter      103400 min   302.03211623789196      max   1059.2995363176117     
   SIMPLE iter      103400  res_p=   6.9388939039072284E-017  u(1,1,1)=   1.9458836112745159       p(1,1,1)=   123.71302557616647     
 DEBUG T iter      103450 min   302.03211638483805      max   1059.2995534154823     
 DEBUG T iter      103500 min   302.03211653095383      max   1059.2995704167367     
   SIMPLE iter      103500  res_p=   6.9388939039072284E-017  u(1,1,1)=   1.9458836112745159       p(1,1,1)=   123.71302557616647     
 DEBUG T iter      103550 min   302.03211667624390      max   1059.2995873219218     
 DEBUG T iter      103600 min   302.03211682071310      max   1059.2996041315787     
   SIMPLE iter      103600  res_p=   6.9388939039072284E-017  u(1,1,1)=   1.9458836112745159       p(1,1,1)=   123.71302557616647     
 DEBUG T iter      103650 min   302.03211696436591      max   1059.2996208462491     
 DEBUG T iter      103700 min   302.03211710720689      max   1059.2996374664685     
   SIMPLE iter      103700  res_p=   6.9388939039072284E-017  u(1,1,1)=   1.9458836112745159       p(1,1,1)=   123.71302557616647     
 DEBUG T iter      103750 min   302.03211724924068      max   1059.2996539927713     
 DEBUG T iter      103800 min   302.03211739047202      max   1059.2996704256868     
   SIMPLE iter      103800  res_p=   6.9388939039072284E-017  u(1,1,1)=   1.9458836112745159       p(1,1,1)=   123.71302557616647     
 DEBUG T iter      103850 min   302.03211753090523      max   1059.2996867657437     
 DEBUG T iter      103900 min   302.03211767054484      max   1059.2997030134670     
   SIMPLE iter      103900  res_p=   6.9388939039072284E-017  u(1,1,1)=   1.9458836112745159       p(1,1,1)=   123.71302557616647     
 DEBUG T iter      103950 min   302.03211780939529      max   1059.2997191693785     
 DEBUG T iter      104000 min   302.03211794746130      max   1059.2997352339976     
   SIMPLE iter      104000  res_p=   6.9388939039072284E-017  u(1,1,1)=   1.9458836112745159       p(1,1,1)=   123.71302557616647     
 DEBUG T iter      104050 min   302.03211808474708      max   1059.2997512078382     
 DEBUG T iter      104100 min   302.03211822125701      max   1059.2997670914167     
   SIMPLE iter      104100  res_p=   6.9388939039072284E-017  u(1,1,1)=   1.9458836112745159       p(1,1,1)=   123.71302557616647     
 DEBUG T iter      104150 min   302.03211835699568      max   1059.2997828852390     
 DEBUG T iter      104200 min   302.03211849196720      max   1059.2997985898139     
   SIMPLE iter      104200  res_p=   6.9388939039072284E-017  u(1,1,1)=   1.9458836112745159       p(1,1,1)=   123.71302557616647     
 DEBUG T iter      104250 min   302.03211862617616      max   1059.2998142056467     
 DEBUG T iter      104300 min   302.03211875962666      max   1059.2998297332354     
   SIMPLE iter      104300  res_p=   6.9388939039072284E-017  u(1,1,1)=   1.9458836112745159       p(1,1,1)=   123.71302557616647     
 DEBUG T iter      104350 min   302.03211889232307      max   1059.2998451730823     
 DEBUG T iter      104400 min   302.03211902426960      max   1059.2998605256828     
   SIMPLE iter      104400  res_p=   6.9388939039072284E-017  u(1,1,1)=   1.9458836112745159       p(1,1,1)=   123.71302557616647     
 DEBUG T iter      104450 min   302.03211915547053      max   1059.2998757915302     
 DEBUG T iter      104500 min   302.03211928593021      max   1059.2998909711132     
   SIMPLE iter      104500  res_p=   6.9388939039072284E-017  u(1,1,1)=   1.9458836112745159       p(1,1,1)=   123.71302557616647     
 DEBUG T iter      104550 min   302.03211941565263      max   1059.2999060649199     
 DEBUG T iter      104600 min   302.03211954464194      max   1059.2999210734358     
   SIMPLE iter      104600  res_p=   6.9388939039072284E-017  u(1,1,1)=   1.9458836112745159       p(1,1,1)=   123.71302557616647     
 DEBUG T iter      104650 min   302.03211967290241      max   1059.2999359971402     
 DEBUG T iter      104700 min   302.03211980043818      max   1059.2999508365151     
   SIMPLE iter      104700  res_p=   6.9388939039072284E-017  u(1,1,1)=   1.9458836112745159       p(1,1,1)=   123.71302557616647     
 DEBUG T iter      104750 min   302.03211992725312      max   1059.2999655920373     
 DEBUG T iter      104800 min   302.03212005335160      max   1059.2999802641809     
   SIMPLE iter      104800  res_p=   6.9388939039072284E-017  u(1,1,1)=   1.9458836112745159       p(1,1,1)=   123.71302557616647     
 DEBUG T iter      104850 min   302.03212017873744      max   1059.2999948534127     
 DEBUG T iter      104900 min   302.03212030341479      max   1059.3000093602027     
   SIMPLE iter      104900  res_p=   6.9388939039072284E-017  u(1,1,1)=   1.9458836112745159       p(1,1,1)=   123.71302557616647     
 DEBUG T iter      104950 min   302.03212042738761      max   1059.3000237850226     
 DEBUG T iter      105000 min   302.03212055066001      max   1059.3000381283307     
   SIMPLE iter      105000  res_p=   6.9388939039072284E-017  u(1,1,1)=   1.9458836112745159       p(1,1,1)=   123.71302557616647     
 DEBUG T iter      105050 min   302.03212067323562      max   1059.3000523905832     
 DEBUG T iter      105100 min   302.03212079511866      max   1059.3000665722477     
   SIMPLE iter      105100  res_p=   6.9388939039072284E-017  u(1,1,1)=   1.9458836112745159       p(1,1,1)=   123.71302557616647     
 DEBUG T iter      105150 min   302.03212091631298      max   1059.3000806737746     
 DEBUG T iter      105200 min   302.03212103682245      max   1059.3000946956149     
   SIMPLE iter      105200  res_p=   6.9388939039072284E-017  u(1,1,1)=   1.9458836112745159       p(1,1,1)=   123.71302557616647     
 DEBUG T iter      105250 min   302.03212115665104      max   1059.3001086382237     
 DEBUG T iter      105300 min   302.03212127580241      max   1059.3001225020439     
   SIMPLE iter      105300  res_p=   6.9388939039072284E-017  u(1,1,1)=   1.9458836112745159       p(1,1,1)=   123.71302557616647     
 DEBUG T iter      105350 min   302.03212139428052      max   1059.3001362875248     
 DEBUG T iter      105400 min   302.03212151208908      max   1059.3001499951060     
   SIMPLE iter      105400  res_p=   6.9388939039072284E-017  u(1,1,1)=   1.9458836112745159       p(1,1,1)=   123.71302557616647     
 DEBUG T iter      105450 min   302.03212162923188      max   1059.3001636252297     
 DEBUG T iter      105500 min   302.03212174571291      max   1059.3001771783324     
   SIMPLE iter      105500  res_p=   6.9388939039072284E-017  u(1,1,1)=   1.9458836112745159       p(1,1,1)=   123.71302557616647     
 DEBUG T iter      105550 min   302.03212186153564      max   1059.3001906548482     
 DEBUG T iter      105600 min   302.03212197670388      max   1059.3002040552121     
   SIMPLE iter      105600  res_p=   6.9388939039072284E-017  u(1,1,1)=   1.9458836112745159       p(1,1,1)=   123.71302557616647     
 DEBUG T iter      105650 min   302.03212209122137      max   1059.3002173798559     
 DEBUG T iter      105700 min   302.03212220509164      max   1059.3002306292008     
   SIMPLE iter      105700  res_p=   6.9388939039072284E-017  u(1,1,1)=   1.9458836112745159       p(1,1,1)=   123.71302557616647     
 DEBUG T iter      105750 min   302.03212231831861      max   1059.3002438036822     
 DEBUG T iter      105800 min   302.03212243090576      max   1059.3002569037137     
   SIMPLE iter      105800  res_p=   6.9388939039072284E-017  u(1,1,1)=   1.9458836112745159       p(1,1,1)=   123.71302557616647     
 DEBUG T iter      105850 min   302.03212254285654      max   1059.3002699297231     
 DEBUG T iter      105900 min   302.03212265417483      max   1059.3002828821225     
   SIMPLE iter      105900  res_p=   6.9388939039072284E-017  u(1,1,1)=   1.9458836112745159       p(1,1,1)=   123.71302557616647     
 DEBUG T iter      105950 min   302.03212276486397      max   1059.3002957613326     
 DEBUG T iter      106000 min   302.03212287492784      max   1059.3003085677644     
   SIMPLE iter      106000  res_p=   6.9388939039072284E-017  u(1,1,1)=   1.9458836112745159       p(1,1,1)=   123.71302557616647     
 DEBUG T iter      106050 min   302.03212298436955      max   1059.3003213018310     
 DEBUG T iter      106100 min   302.03212309319298      max   1059.3003339639383     
   SIMPLE iter      106100  res_p=   6.9388939039072284E-017  u(1,1,1)=   1.9458836112745159       p(1,1,1)=   123.71302557616647     
 DEBUG T iter      106150 min   302.03212320140136      max   1059.3003465544980     
 DEBUG T iter      106200 min   302.03212330899839      max   1059.3003590739097     
   SIMPLE iter      106200  res_p=   6.9388939039072284E-017  u(1,1,1)=   1.9458836112745159       p(1,1,1)=   123.71302557616647     
 DEBUG T iter      106250 min   302.03212341598737      max   1059.3003715225775     
 DEBUG T iter      106300 min   302.03212352237182      max   1059.3003839009007     
   SIMPLE iter      106300  res_p=   6.9388939039072284E-017  u(1,1,1)=   1.9458836112745159       p(1,1,1)=   123.71302557616647     
 DEBUG T iter      106350 min   302.03212362815509      max   1059.3003962092760     
 DEBUG T iter      106400 min   302.03212373334054      max   1059.3004084481017     
   SIMPLE iter      106400  res_p=   6.9388939039072284E-017  u(1,1,1)=   1.9458836112745159       p(1,1,1)=   123.71302557616647     
 DEBUG T iter      106450 min   302.03212383793169      max   1059.3004206177659     
 DEBUG T iter      106500 min   302.03212394193179      max   1059.3004327186657     
   SIMPLE iter      106500  res_p=   6.9388939039072284E-017  u(1,1,1)=   1.9458836112745159       p(1,1,1)=   123.71302557616647     
 DEBUG T iter      106550 min   302.03212404534412      max   1059.3004447511821     
 DEBUG T iter      106600 min   302.03212414817227      max   1059.3004567157082     
   SIMPLE iter      106600  res_p=   6.9388939039072284E-017  u(1,1,1)=   1.9458836112745159       p(1,1,1)=   123.71302557616647     
 DEBUG T iter      106650 min   302.03212425041920      max   1059.3004686126267     
 DEBUG T iter      106700 min   302.03212435208843      max   1059.3004804423151     
   SIMPLE iter      106700  res_p=   6.9388939039072284E-017  u(1,1,1)=   1.9458836112745159       p(1,1,1)=   123.71302557616647     
 DEBUG T iter      106750 min   302.03212445318314      max   1059.3004922051600     
 DEBUG T iter      106800 min   302.03212455370664      max   1059.3005039015343     
   SIMPLE iter      106800  res_p=   6.9388939039072284E-017  u(1,1,1)=   1.9458836112745159       p(1,1,1)=   123.71302557616647     
 DEBUG T iter      106850 min   302.03212465366204      max   1059.3005155318149     
 DEBUG T iter      106900 min   302.03212475305264      max   1059.3005270963758     
   SIMPLE iter      106900  res_p=   6.9388939039072284E-017  u(1,1,1)=   1.9458836112745159       p(1,1,1)=   123.71302557616647     
 DEBUG T iter      106950 min   302.03212485188163      max   1059.3005385955885     
 DEBUG T iter      107000 min   302.03212495015214      max   1059.3005500298211     
   SIMPLE iter      107000  res_p=   6.9388939039072284E-017  u(1,1,1)=   1.9458836112745159       p(1,1,1)=   123.71302557616647     
 DEBUG T iter      107050 min   302.03212504786728      max   1059.3005613994414     
 DEBUG T iter      107100 min   302.03212514503036      max   1059.3005727048146     
   SIMPLE iter      107100  res_p=   6.9388939039072284E-017  u(1,1,1)=   1.9458836112745159       p(1,1,1)=   123.71302557616647     
 DEBUG T iter      107150 min   302.03212524164434      max   1059.3005839463049     
 DEBUG T iter      107200 min   302.03212533771239      max   1059.3005951242701     
   SIMPLE iter      107200  res_p=   6.9388939039072284E-017  u(1,1,1)=   1.9458836112745159       p(1,1,1)=   123.71302557616647     
 DEBUG T iter      107250 min   302.03212543323764      max   1059.3006062390732     
 DEBUG T iter      107300 min   302.03212552822299      max   1059.3006172910702     
   SIMPLE iter      107300  res_p=   6.9388939039072284E-017  u(1,1,1)=   1.9458836112745159       p(1,1,1)=   123.71302557616647     
 DEBUG T iter      107350 min   302.03212562267163      max   1059.3006282806125     
 DEBUG T iter      107400 min   302.03212571658662      max   1059.3006392080545     
   SIMPLE iter      107400  res_p=   6.9388939039072284E-017  u(1,1,1)=   1.9458836112745159       p(1,1,1)=   123.71302557616647     
 DEBUG T iter      107450 min   302.03212580997092      max   1059.3006500737513     
 DEBUG T iter      107500 min   302.03212590282743      max   1059.3006608780486     
   SIMPLE iter      107500  res_p=   6.9388939039072284E-017  u(1,1,1)=   1.9458836112745159       p(1,1,1)=   123.71302557616647     
 DEBUG T iter      107550 min   302.03212599515922      max   1059.3006716212906     
 DEBUG T iter      107600 min   302.03212608696941      max   1059.3006823038234     
   SIMPLE iter      107600  res_p=   6.9388939039072284E-017  u(1,1,1)=   1.9458836112745159       p(1,1,1)=   123.71302557616647     
 DEBUG T iter      107650 min   302.03212617826074      max   1059.3006929259973     
 DEBUG T iter      107700 min   302.03212626903621      max   1059.3007034881459     
   SIMPLE iter      107700  res_p=   6.9388939039072284E-017  u(1,1,1)=   1.9458836112745159       p(1,1,1)=   123.71302557616647     
 DEBUG T iter      107750 min   302.03212635929867      max   1059.3007139906074     
 DEBUG T iter      107800 min   302.03212644905113      max   1059.3007244337221     
   SIMPLE iter      107800  res_p=   6.9388939039072284E-017  u(1,1,1)=   1.9458836112745159       p(1,1,1)=   123.71302557616647     
 DEBUG T iter      107850 min   302.03212653829644      max   1059.3007348178298     
 DEBUG T iter      107900 min   302.03212662703731      max   1059.3007451432584     
   SIMPLE iter      107900  res_p=   6.9388939039072284E-017  u(1,1,1)=   1.9458836112745159       p(1,1,1)=   123.71302557616647     
 DEBUG T iter      107950 min   302.03212671527683      max   1059.3007554103376     
 DEBUG T iter      108000 min   302.03212680301766      max   1059.3007656193995     
   SIMPLE iter      108000  res_p=   6.9388939039072284E-017  u(1,1,1)=   1.9458836112745159       p(1,1,1)=   123.71302557616647     
 DEBUG T iter      108050 min   302.03212689026287      max   1059.3007757707733     
 DEBUG T iter      108100 min   302.03212697701503      max   1059.3007858647863     
   SIMPLE iter      108100  res_p=   6.9388939039072284E-017  u(1,1,1)=   1.9458836112745159       p(1,1,1)=   123.71302557616647     
 DEBUG T iter      108150 min   302.03212706327685      max   1059.3007959017600     
 DEBUG T iter      108200 min   302.03212714905129      max   1059.3008058820153     
   SIMPLE iter      108200  res_p=   6.9388939039072284E-017  u(1,1,1)=   1.9458836112745159       p(1,1,1)=   123.71302557616647     
 DEBUG T iter      108250 min   302.03212723434098      max   1059.3008158058735     
 DEBUG T iter      108300 min   302.03212731914874      max   1059.3008256736562     
   SIMPLE iter      108300  res_p=   6.9388939039072284E-017  u(1,1,1)=   1.9458836112745159       p(1,1,1)=   123.71302557616647     
 DEBUG T iter      108350 min   302.03212740347732      max   1059.3008354856781     
 DEBUG T iter      108400 min   302.03212748732938      max   1059.3008452422550     
   SIMPLE iter      108400  res_p=   6.9388939039072284E-017  u(1,1,1)=   1.9458836112745159       p(1,1,1)=   123.71302557616647     
 DEBUG T iter      108450 min   302.03212757070764      max   1059.3008549436988     
 DEBUG T iter      108500 min   302.03212765361462      max   1059.3008645903242     
   SIMPLE iter      108500  res_p=   6.9388939039072284E-017  u(1,1,1)=   1.9458836112745159       p(1,1,1)=   123.71302557616647     
 DEBUG T iter      108550 min   302.03212773605327      max   1059.3008741824365     
 DEBUG T iter      108600 min   302.03212781802597      max   1059.3008837203465     
   SIMPLE iter      108600  res_p=   6.9388939039072284E-017  u(1,1,1)=   1.9458836112745159       p(1,1,1)=   123.71302557616647     
 DEBUG T iter      108650 min   302.03212789953545      max   1059.3008932043601     
 DEBUG T iter      108700 min   302.03212798058439      max   1059.3009026347795     
   SIMPLE iter      108700  res_p=   6.9388939039072284E-017  u(1,1,1)=   1.9458836112745159       p(1,1,1)=   123.71302557616647     
 DEBUG T iter      108750 min   302.03212806117540      max   1059.3009120119136     
 DEBUG T iter      108800 min   302.03212814131092      max   1059.3009213360572     
   SIMPLE iter      108800  res_p=   6.9388939039072284E-017  u(1,1,1)=   1.9458836112745159       p(1,1,1)=   123.71302557616647     
 DEBUG T iter      108850 min   302.03212822099363      max   1059.3009306075137     
 DEBUG T iter      108900 min   302.03212830022602      max   1059.3009398265781     
   SIMPLE iter      108900  res_p=   6.9388939039072284E-017  u(1,1,1)=   1.9458836112745159       p(1,1,1)=   123.71302557616647     
 DEBUG T iter      108950 min   302.03212837901077      max   1059.3009489935487     
 DEBUG T iter      109000 min   302.03212845735027      max   1059.3009581087192     
   SIMPLE iter      109000  res_p=   6.9388939039072284E-017  u(1,1,1)=   1.9458836112745159       p(1,1,1)=   123.71302557616647     
 DEBUG T iter      109050 min   302.03212853524713      max   1059.3009671723812     
 DEBUG T iter      109100 min   302.03212861270379      max   1059.3009761848277     
   SIMPLE iter      109100  res_p=   6.9388939039072284E-017  u(1,1,1)=   1.9458836112745159       p(1,1,1)=   123.71302557616647     
 DEBUG T iter      109150 min   302.03212868972275      max   1059.3009851463464     
 DEBUG T iter      109200 min   302.03212876630653      max   1059.3009940572263     
   SIMPLE iter      109200  res_p=   6.9388939039072284E-017  u(1,1,1)=   1.9458836112745159       p(1,1,1)=   123.71302557616647     
 DEBUG T iter      109250 min   302.03212884245755      max   1059.3010029177522     
 DEBUG T iter      109300 min   302.03212891817822      max   1059.3010117282095     
   SIMPLE iter      109300  res_p=   6.9388939039072284E-017  u(1,1,1)=   1.9458836112745159       p(1,1,1)=   123.71302557616647     
 DEBUG T iter      109350 min   302.03212899347102      max   1059.3010204888797     
 DEBUG T iter      109400 min   302.03212906833841      max   1059.3010292000463     
   SIMPLE iter      109400  res_p=   6.9388939039072284E-017  u(1,1,1)=   1.9458836112745159       p(1,1,1)=   123.71302557616647     
 DEBUG T iter      109450 min   302.03212914278276      max   1059.3010378619870     
 DEBUG T iter      109500 min   302.03212921680637      max   1059.3010464749814     
   SIMPLE iter      109500  res_p=   6.9388939039072284E-017  u(1,1,1)=   1.9458836112745159       p(1,1,1)=   123.71302557616647     
 DEBUG T iter      109550 min   302.03212929041172      max   1059.3010550393064     
 DEBUG T iter      109600 min   302.03212936360114      max   1059.3010635552380     
   SIMPLE iter      109600  res_p=   6.9388939039072284E-017  u(1,1,1)=   1.9458836112745159       p(1,1,1)=   123.71302557616647     
 DEBUG T iter      109650 min   302.03212943637692      max   1059.3010720230468     
 DEBUG T iter      109700 min   302.03212950874155      max   1059.3010804430055     
   SIMPLE iter      109700  res_p=   6.9388939039072284E-017  u(1,1,1)=   1.9458836112745159       p(1,1,1)=   123.71302557616647     
 DEBUG T iter      109750 min   302.03212958069713      max   1059.3010888153858     
 DEBUG T iter      109800 min   302.03212965224628      max   1059.3010971404556     
   SIMPLE iter      109800  res_p=   6.9388939039072284E-017  u(1,1,1)=   1.9458836112745159       p(1,1,1)=   123.71302557616647     
 DEBUG T iter      109850 min   302.03212972339099      max   1059.3011054184826     
 DEBUG T iter      109900 min   302.03212979413382      max   1059.3011136497319     
   SIMPLE iter      109900  res_p=   6.9388939039072284E-017  u(1,1,1)=   1.9458836112745159       p(1,1,1)=   123.71302557616647     
 DEBUG T iter      109950 min   302.03212986447681      max   1059.3011218344679     
 DEBUG T iter      110000 min   302.03212993442236      max   1059.3011299729551     
   SIMPLE iter      110000  res_p=   6.9388939039072284E-017  u(1,1,1)=   1.9458836112745159       p(1,1,1)=   123.71302557616647     
 DEBUG T iter      110050 min   302.03213000397250      max   1059.3011380654536     
 DEBUG T iter      110100 min   302.03213007312985      max   1059.3011461122237     
   SIMPLE iter      110100  res_p=   6.9388939039072284E-017  u(1,1,1)=   1.9458836112745159       p(1,1,1)=   123.71302557616647     
 DEBUG T iter      110150 min   302.03213014189623      max   1059.3011541135227     
 DEBUG T iter      110200 min   302.03213021027409      max   1059.3011620696072     
   SIMPLE iter      110200  res_p=   6.9388939039072284E-017  u(1,1,1)=   1.9458836112745159       p(1,1,1)=   123.71302557616647     
 DEBUG T iter      110250 min   302.03213027826564      max   1059.3011699807357     
 DEBUG T iter      110300 min   302.03213034587282      max   1059.3011778471594     
   SIMPLE iter      110300  res_p=   6.9388939039072284E-017  u(1,1,1)=   1.9458836112745159       p(1,1,1)=   123.71302557616647     
 DEBUG T iter      110350 min   302.03213041309817      max   1059.3011856691319     
 DEBUG T iter      110400 min   302.03213047994348      max   1059.3011934469027     
   SIMPLE iter      110400  res_p=   6.9388939039072284E-017  u(1,1,1)=   1.9458836112745159       p(1,1,1)=   123.71302557616647     
 DEBUG T iter      110450 min   302.03213054641117      max   1059.3012011807243     
 DEBUG T iter      110500 min   302.03213061250324      max   1059.3012088708433     
   SIMPLE iter      110500  res_p=   6.9388939039072284E-017  u(1,1,1)=   1.9458836112745159       p(1,1,1)=   123.71302557616647     
 DEBUG T iter      110550 min   302.03213067822179      max   1059.3012165175082     
 DEBUG T iter      110600 min   302.03213074356904      max   1059.3012241209640     
   SIMPLE iter      110600  res_p=   6.9388939039072284E-017  u(1,1,1)=   1.9458836112745159       p(1,1,1)=   123.71302557616647     
 DEBUG T iter      110650 min   302.03213080854709      max   1059.3012316814534     
 DEBUG T iter      110700 min   302.03213087315783      max   1059.3012391992197     
   SIMPLE iter      110700  res_p=   6.9388939039072284E-017  u(1,1,1)=   1.9458836112745159       p(1,1,1)=   123.71302557616647     
 DEBUG T iter      110750 min   302.03213093740345      max   1059.3012466745040     
 DEBUG T iter      110800 min   302.03213100128607      max   1059.3012541075482     
   SIMPLE iter      110800  res_p=   6.9388939039072284E-017  u(1,1,1)=   1.9458836112745159       p(1,1,1)=   123.71302557616647     
 DEBUG T iter      110850 min   302.03213106480774      max   1059.3012614985919     
 DEBUG T iter      110900 min   302.03213112797050      max   1059.3012688478707     
   SIMPLE iter      110900  res_p=   6.9388939039072284E-017  u(1,1,1)=   1.9458836112745159       p(1,1,1)=   123.71302557616647     
 DEBUG T iter      110950 min   302.03213119077628      max   1059.3012761556206     
 DEBUG T iter      111000 min   302.03213125322713      max   1059.3012834220751     
   SIMPLE iter      111000  res_p=   6.9388939039072284E-017  u(1,1,1)=   1.9458836112745159       p(1,1,1)=   123.71302557616647     
 DEBUG T iter      111050 min   302.03213131532516      max   1059.3012906474660     
 DEBUG T iter      111100 min   302.03213137707223      max   1059.3012978320287     
   SIMPLE iter      111100  res_p=   6.9388939039072284E-017  u(1,1,1)=   1.9458836112745159       p(1,1,1)=   123.71302557616647     
 DEBUG T iter      111150 min   302.03213143847046      max   1059.3013049759941     
 DEBUG T iter      111200 min   302.03213149952165      max   1059.3013120795920     
   SIMPLE iter      111200  res_p=   6.9388939039072284E-017  u(1,1,1)=   1.9458836112745159       p(1,1,1)=   123.71302557616647     
 DEBUG T iter      111250 min   302.03213156022798      max   1059.3013191430482     
 DEBUG T iter      111300 min   302.03213162059109      max   1059.3013261665915     
   SIMPLE iter      111300  res_p=   6.9388939039072284E-017  u(1,1,1)=   1.9458836112745159       p(1,1,1)=   123.71302557616647     
 DEBUG T iter      111350 min   302.03213168061330      max   1059.3013331504446     
 DEBUG T iter      111400 min   302.03213174029617      max   1059.3013400948323     
   SIMPLE iter      111400  res_p=   6.9388939039072284E-017  u(1,1,1)=   1.9458836112745159       p(1,1,1)=   123.71302557616647     
 DEBUG T iter      111450 min   302.03213179964189      max   1059.3013469999801     
 DEBUG T iter      111500 min   302.03213185865224      max   1059.3013538661103     
   SIMPLE iter      111500  res_p=   6.9388939039072284E-017  u(1,1,1)=   1.9458836112745159       p(1,1,1)=   123.71302557616647     
 DEBUG T iter      111550 min   302.03213191732914      max   1059.3013606934410     
 DEBUG T iter      111600 min   302.03213197567453      max   1059.3013674821921     
   SIMPLE iter      111600  res_p=   6.9388939039072284E-017  u(1,1,1)=   1.9458836112745159       p(1,1,1)=   123.71302557616647     
 DEBUG T iter      111650 min   302.03213203369006      max   1059.3013742325797     
 DEBUG T iter      111700 min   302.03213209137789      max   1059.3013809448225     
   SIMPLE iter      111700  res_p=   6.9388939039072284E-017  u(1,1,1)=   1.9458836112745159       p(1,1,1)=   123.71302557616647     
 DEBUG T iter      111750 min   302.03213214873972      max   1059.3013876191380     
 DEBUG T iter      111800 min   302.03213220577726      max   1059.3013942557391     
   SIMPLE iter      111800  res_p=   6.9388939039072284E-017  u(1,1,1)=   1.9458836112745159       p(1,1,1)=   123.71302557616647     
 DEBUG T iter      111850 min   302.03213226249267      max   1059.3014008548373     
 DEBUG T iter      111900 min   302.03213231888759      max   1059.3014074166449     
   SIMPLE iter      111900  res_p=   6.9388939039072284E-017  u(1,1,1)=   1.9458836112745159       p(1,1,1)=   123.71302557616647     
 DEBUG T iter      111950 min   302.03213237496379      max   1059.3014139413722     
 DEBUG T iter      112000 min   302.03213243072315      max   1059.3014204292324     
   SIMPLE iter      112000  res_p=   6.9388939039072284E-017  u(1,1,1)=   1.9458836112745159       p(1,1,1)=   123.71302557616647     
 DEBUG T iter      112050 min   302.03213248616737      max   1059.3014268804332     
 DEBUG T iter      112100 min   302.03213254129827      max   1059.3014332951748     
   SIMPLE iter      112100  res_p=   6.9388939039072284E-017  u(1,1,1)=   1.9458836112745159       p(1,1,1)=   123.71302557616647     
 DEBUG T iter      112150 min   302.03213259611778      max   1059.3014396736687     
 DEBUG T iter      112200 min   302.03213265062737      max   1059.3014460161221     
   SIMPLE iter      112200  res_p=   6.9388939039072284E-017  u(1,1,1)=   1.9458836112745159       p(1,1,1)=   123.71302557616647     
 DEBUG T iter      112250 min   302.03213270482900      max   1059.3014523227357     
 DEBUG T iter      112300 min   302.03213275872434      max   1059.3014585937105     
   SIMPLE iter      112300  res_p=   6.9388939039072284E-017  u(1,1,1)=   1.9458836112745159       p(1,1,1)=   123.71302557616647     
 DEBUG T iter      112350 min   302.03213281231518      max   1059.3014648292458     
 DEBUG T iter      112400 min   302.03213286560305      max   1059.3014710295513     
   SIMPLE iter      112400  res_p=   6.9388939039072284E-017  u(1,1,1)=   1.9458836112745159       p(1,1,1)=   123.71302557616647     
 DEBUG T iter      112450 min   302.03213291858992      max   1059.3014771948197     
 DEBUG T iter      112500 min   302.03213297127735      max   1059.3014833252455     
   SIMPLE iter      112500  res_p=   6.9388939039072284E-017  u(1,1,1)=   1.9458836112745159       p(1,1,1)=   123.71302557616647     
 DEBUG T iter      112550 min   302.03213302366714      max   1059.3014894210310     
 DEBUG T iter      112600 min   302.03213307576078      max   1059.3014954823736     
   SIMPLE iter      112600  res_p=   6.9388939039072284E-017  u(1,1,1)=   1.9458836112745159       p(1,1,1)=   123.71302557616647     
 DEBUG T iter      112650 min   302.03213312755997      max   1059.3015015094663     
 DEBUG T iter      112700 min   302.03213317906659      max   1059.3015075024944     
   SIMPLE iter      112700  res_p=   6.9388939039072284E-017  u(1,1,1)=   1.9458836112745159       p(1,1,1)=   123.71302557616647     
 DEBUG T iter      112750 min   302.03213323028211      max   1059.3015134616626     
 DEBUG T iter      112800 min   302.03213328120825      max   1059.3015193871586     
   SIMPLE iter      112800  res_p=   6.9388939039072284E-017  u(1,1,1)=   1.9458836112745159       p(1,1,1)=   123.71302557616647     
 DEBUG T iter      112850 min   302.03213333184652      max   1059.3015252791665     
 DEBUG T iter      112900 min   302.03213338219894      max   1059.3015311378801     
   SIMPLE iter      112900  res_p=   6.9388939039072284E-017  u(1,1,1)=   1.9458836112745159       p(1,1,1)=   123.71302557616647     
 DEBUG T iter      112950 min   302.03213343226645      max   1059.3015369634902     
 DEBUG T iter      113000 min   302.03213348205128      max   1059.3015427561802     
   SIMPLE iter      113000  res_p=   6.9388939039072284E-017  u(1,1,1)=   1.9458836112745159       p(1,1,1)=   123.71302557616647     
 DEBUG T iter      113050 min   302.03213353155473      max   1059.3015485161354     
 DEBUG T iter      113100 min   302.03213358077841      max   1059.3015542435458     
   SIMPLE iter      113100  res_p=   6.9388939039072284E-017  u(1,1,1)=   1.9458836112745159       p(1,1,1)=   123.71302557616647     
 DEBUG T iter      113150 min   302.03213362972394      max   1059.3015599385901     
 DEBUG T iter      113200 min   302.03213367839294      max   1059.3015656014527     
   SIMPLE iter      113200  res_p=   6.9388939039072284E-017  u(1,1,1)=   1.9458836112745159       p(1,1,1)=   123.71302557616647     
 DEBUG T iter      113250 min   302.03213372678687      max   1059.3015712323161     
 DEBUG T iter      113300 min   302.03213377490738      max   1059.3015768313621     
   SIMPLE iter      113300  res_p=   6.9388939039072284E-017  u(1,1,1)=   1.9458836112745159       p(1,1,1)=   123.71302557616647     
 DEBUG T iter      113350 min   302.03213382275601      max   1059.3015823987682     
 DEBUG T iter      113400 min   302.03213387033418      max   1059.3015879347126     
   SIMPLE iter      113400  res_p=   6.9388939039072284E-017  u(1,1,1)=   1.9458836112745159       p(1,1,1)=   123.71302557616647     
 DEBUG T iter      113450 min   302.03213391764353      max   1059.3015934393777     
 DEBUG T iter      113500 min   302.03213396468550      max   1059.3015989129353     
   SIMPLE iter      113500  res_p=   6.9388939039072284E-017  u(1,1,1)=   1.9458836112745159       p(1,1,1)=   123.71302557616647     
 DEBUG T iter      113550 min   302.03213401146172      max   1059.3016043555631     
 DEBUG T iter      113600 min   302.03213405797356      max   1059.3016097674367     
   SIMPLE iter      113600  res_p=   6.9388939039072284E-017  u(1,1,1)=   1.9458836112745159       p(1,1,1)=   123.71302557616647     
 DEBUG T iter      113650 min   302.03213410422256      max   1059.3016151487298     
 DEBUG T iter      113700 min   302.03213415021037      max   1059.3016204996122     
   SIMPLE iter      113700  res_p=   6.9388939039072284E-017  u(1,1,1)=   1.9458836112745159       p(1,1,1)=   123.71302557616647     
 DEBUG T iter      113750 min   302.03213419593817      max   1059.3016258202606     
 DEBUG T iter      113800 min   302.03213424140762      max   1059.3016311108390     
   SIMPLE iter      113800  res_p=   6.9388939039072284E-017  u(1,1,1)=   1.9458836112745159       p(1,1,1)=   123.71302557616647     
 DEBUG T iter      113850 min   302.03213428662002      max   1059.3016363715228     
 DEBUG T iter      113900 min   302.03213433157708      max   1059.3016416024850     
   SIMPLE iter      113900  res_p=   6.9388939039072284E-017  u(1,1,1)=   1.9458836112745159       p(1,1,1)=   123.71302557616647     
 DEBUG T iter      113950 min   302.03213437628011      max   1059.3016468038820     
 DEBUG T iter      114000 min   302.03213442073047      max   1059.3016519758896     
   SIMPLE iter      114000  res_p=   6.9388939039072284E-017  u(1,1,1)=   1.9458836112745159       p(1,1,1)=   123.71302557616647     
 DEBUG T iter      114050 min   302.03213446492964      max   1059.3016571186733     
 DEBUG T iter      114100 min   302.03213450887904      max   1059.3016622323917     
   SIMPLE iter      114100  res_p=   6.9388939039072284E-017  u(1,1,1)=   1.9458836112745159       p(1,1,1)=   123.71302557616647     
 DEBUG T iter      114150 min   302.03213455258009      max   1059.3016673172190     
 DEBUG T iter      114200 min   302.03213459603421      max   1059.3016723733124     
   SIMPLE iter      114200  res_p=   6.9388939039072284E-017  u(1,1,1)=   1.9458836112745159       p(1,1,1)=   123.71302557616647     
 DEBUG T iter      114250 min   302.03213463924277      max   1059.3016774008299     
 DEBUG T iter      114300 min   302.03213468220736      max   1059.3016823999426     
   SIMPLE iter      114300  res_p=   6.9388939039072284E-017  u(1,1,1)=   1.9458836112745159       p(1,1,1)=   123.71302557616647     
 DEBUG T iter      114350 min   302.03213472492888      max   1059.3016873708036     
 DEBUG T iter      114400 min   302.03213476740905      max   1059.3016923135788     
   SIMPLE iter      114400  res_p=   6.9388939039072284E-017  u(1,1,1)=   1.9458836112745159       p(1,1,1)=   123.71302557616647     
 DEBUG T iter      114450 min   302.03213480964934      max   1059.3016972284190     
 DEBUG T iter      114500 min   302.03213485165082      max   1059.3017021154876     
   SIMPLE iter      114500  res_p=   6.9388939039072284E-017  u(1,1,1)=   1.9458836112745159       p(1,1,1)=   123.71302557616647     
 DEBUG T iter      114550 min   302.03213489341499      max   1059.3017069749458     
 DEBUG T iter      114600 min   302.03213493494303      max   1059.3017118069374     
   SIMPLE iter      114600  res_p=   6.9388939039072284E-017  u(1,1,1)=   1.9458836112745159       p(1,1,1)=   123.71302557616647     
 DEBUG T iter      114650 min   302.03213497623659      max   1059.3017166116299     
 DEBUG T iter      114700 min   302.03213501729675      max   1059.3017213891685     
   SIMPLE iter      114700  res_p=   6.9388939039072284E-017  u(1,1,1)=   1.9458836112745159       p(1,1,1)=   123.71302557616647     
 DEBUG T iter      114750 min   302.03213505812488      max   1059.3017261397099     
 DEBUG T iter      114800 min   302.03213509872234      max   1059.3017308634119     
   SIMPLE iter      114800  res_p=   6.9388939039072284E-017  u(1,1,1)=   1.9458836112745159       p(1,1,1)=   123.71302557616647     
 DEBUG T iter      114850 min   302.03213513909026      max   1059.3017355604150     
 DEBUG T iter      114900 min   302.03213517923024      max   1059.3017402308856     
   SIMPLE iter      114900  res_p=   6.9388939039072284E-017  u(1,1,1)=   1.9458836112745159       p(1,1,1)=   123.71302557616647     
 DEBUG T iter      114950 min   302.03213521914336      max   1059.3017448749542     
 DEBUG T iter      115000 min   302.03213525883081      max   1059.3017494927897     
   SIMPLE iter      115000  res_p=   6.9388939039072284E-017  u(1,1,1)=   1.9458836112745159       p(1,1,1)=   123.71302557616647     
 DEBUG T iter      115050 min   302.03213529829412      max   1059.3017540845224     
 DEBUG T iter      115100 min   302.03213533753444      max   1059.3017586503136     
   SIMPLE iter      115100  res_p=   6.9388939039072284E-017  u(1,1,1)=   1.9458836112745159       p(1,1,1)=   123.71302557616647     
 DEBUG T iter      115150 min   302.03213537655296      max   1059.3017631903015     
 DEBUG T iter      115200 min   302.03213541535098      max   1059.3017677046362     
   SIMPLE iter      115200  res_p=   6.9388939039072284E-017  u(1,1,1)=   1.9458836112745159       p(1,1,1)=   123.71302557616647     
 DEBUG T iter      115250 min   302.03213545392987      max   1059.3017721934632     
 DEBUG T iter      115300 min   302.03213549229054      max   1059.3017766569203     
   SIMPLE iter      115300  res_p=   6.9388939039072284E-017  u(1,1,1)=   1.9458836112745159       p(1,1,1)=   123.71302557616647     
 DEBUG T iter      115350 min   302.03213553043474      max   1059.3017810951646     
 DEBUG T iter      115400 min   302.03213556836317      max   1059.3017855083176     
   SIMPLE iter      115400  res_p=   6.9388939039072284E-017  u(1,1,1)=   1.9458836112745159       p(1,1,1)=   123.71302557616647     
 DEBUG T iter      115450 min   302.03213560607736      max   1059.3017898965468     
 DEBUG T iter      115500 min   302.03213564357839      max   1059.3017942599622     
   SIMPLE iter      115500  res_p=   6.9388939039072284E-017  u(1,1,1)=   1.9458836112745159       p(1,1,1)=   123.71302557616647     
 DEBUG T iter      115550 min   302.03213568086761      max   1059.3017985987387     
 DEBUG T iter      115600 min   302.03213571794601      max   1059.3018029129805     
   SIMPLE iter      115600  res_p=   6.9388939039072284E-017  u(1,1,1)=   1.9458836112745159       p(1,1,1)=   123.71302557616647     
 DEBUG T iter      115650 min   302.03213575481493      max   1059.3018072028594     
 DEBUG T iter      115700 min   302.03213579147547      max   1059.3018114684830     
   SIMPLE iter      115700  res_p=   6.9388939039072284E-017  u(1,1,1)=   1.9458836112745159       p(1,1,1)=   123.71302557616647     
 DEBUG T iter      115750 min   302.03213582792893      max   1059.3018157100173     
 DEBUG T iter      115800 min   302.03213586417633      max   1059.3018199275677     
   SIMPLE iter      115800  res_p=   6.9388939039072284E-017  u(1,1,1)=   1.9458836112745159       p(1,1,1)=   123.71302557616647     
 DEBUG T iter      115850 min   302.03213590021892      max   1059.3018241213022     
 DEBUG T iter      115900 min   302.03213593605790      max   1059.3018282913235     
   SIMPLE iter      115900  res_p=   6.9388939039072284E-017  u(1,1,1)=   1.9458836112745159       p(1,1,1)=   123.71302557616647     
 DEBUG T iter      115950 min   302.03213597169434      max   1059.3018324377947     
 DEBUG T iter      116000 min   302.03213600712945      max   1059.3018365608220     
   SIMPLE iter      116000  res_p=   6.9388939039072284E-017  u(1,1,1)=   1.9458836112745159       p(1,1,1)=   123.71302557616647     
 DEBUG T iter      116050 min   302.03213604236430      max   1059.3018406605643     
 DEBUG T iter      116100 min   302.03213607739985      max   1059.3018447371271     
   SIMPLE iter      116100  res_p=   6.9388939039072284E-017  u(1,1,1)=   1.9458836112745159       p(1,1,1)=   123.71302557616647     
 DEBUG T iter      116150 min   302.03213611223771      max   1059.3018487906659     
 DEBUG T iter      116200 min   302.03213614687849      max   1059.3018528212885     
   SIMPLE iter      116200  res_p=   6.9388939039072284E-017  u(1,1,1)=   1.9458836112745159       p(1,1,1)=   123.71302557616647     
 DEBUG T iter      116250 min   302.03213618132366      max   1059.3018568291420     
 DEBUG T iter      116300 min   302.03213621557416      max   1059.3018608143434     
   SIMPLE iter      116300  res_p=   6.9388939039072284E-017  u(1,1,1)=   1.9458836112745159       p(1,1,1)=   123.71302557616647     
 DEBUG T iter      116350 min   302.03213624963115      max   1059.3018647770282     
 DEBUG T iter      116400 min   302.03213628349562      max   1059.3018687173217     
   SIMPLE iter      116400  res_p=   6.9388939039072284E-017  u(1,1,1)=   1.9458836112745159       p(1,1,1)=   123.71302557616647     
 DEBUG T iter      116450 min   302.03213631716875      max   1059.3018726353444     
 DEBUG T iter      116500 min   302.03213635065157      max   1059.3018765312377     
   SIMPLE iter      116500  res_p=   6.9388939039072284E-017  u(1,1,1)=   1.9458836112745159       p(1,1,1)=   123.71302557616647     
 DEBUG T iter      116550 min   302.03213638394527      max   1059.3018804051019     
 DEBUG T iter      116600 min   302.03213641705076      max   1059.3018842570930     
   SIMPLE iter      116600  res_p=   6.9388939039072284E-017  u(1,1,1)=   1.9458836112745159       p(1,1,1)=   123.71302557616647     
 DEBUG T iter      116650 min   302.03213644996919      max   1059.3018880872989     
 DEBUG T iter      116700 min   302.03213648270162      max   1059.3018918958803     
   SIMPLE iter      116700  res_p=   6.9388939039072284E-017  u(1,1,1)=   1.9458836112745159       p(1,1,1)=   123.71302557616647     
 DEBUG T iter      116750 min   302.03213651524908      max   1059.3018956829244     
 DEBUG T iter      116800 min   302.03213654761265      max   1059.3018994485778     
   SIMPLE iter      116800  res_p=   6.9388939039072284E-017  u(1,1,1)=   1.9458836112745159       p(1,1,1)=   123.71302557616647     
 DEBUG T iter      116850 min   302.03213657979336      max   1059.3019031929521     
 DEBUG T iter      116900 min   302.03213661179217      max   1059.3019069161605     
   SIMPLE iter      116900  res_p=   6.9388939039072284E-017  u(1,1,1)=   1.9458836112745159       p(1,1,1)=   123.71302557616647     
 DEBUG T iter      116950 min   302.03213664361022      max   1059.3019106183422     
 DEBUG T iter      117000 min   302.03213667524841      max   1059.3019142995856     
   SIMPLE iter      117000  res_p=   6.9388939039072284E-017  u(1,1,1)=   1.9458836112745159       p(1,1,1)=   123.71302557616647     
 DEBUG T iter      117050 min   302.03213670670777      max   1059.3019179600451     
 DEBUG T iter      117100 min   302.03213673798939      max   1059.3019215998054     
   SIMPLE iter      117100  res_p=   6.9388939039072284E-017  u(1,1,1)=   1.9458836112745159       p(1,1,1)=   123.71302557616647     
 DEBUG T iter      117150 min   302.03213676909439      max   1059.3019252190099     
 DEBUG T iter      117200 min   302.03213680002352      max   1059.3019288177613     
   SIMPLE iter      117200  res_p=   6.9388939039072284E-017  u(1,1,1)=   1.9458836112745159       p(1,1,1)=   123.71302557616647     
 DEBUG T iter      117250 min   302.03213683077780      max   1059.3019323961687     
 DEBUG T iter      117300 min   302.03213686135837      max   1059.3019359543696     
   SIMPLE iter      117300  res_p=   6.9388939039072284E-017  u(1,1,1)=   1.9458836112745159       p(1,1,1)=   123.71302557616647     
 DEBUG T iter      117350 min   302.03213689176624      max   1059.3019394924454     
 DEBUG T iter      117400 min   302.03213692200211      max   1059.3019430105469     
   SIMPLE iter      117400  res_p=   6.9388939039072284E-017  u(1,1,1)=   1.9458836112745159       p(1,1,1)=   123.71302557616647     
 DEBUG T iter      117450 min   302.03213695206716      max   1059.3019465087577     
 DEBUG T iter      117500 min   302.03213698196237      max   1059.3019499872028     
   SIMPLE iter      117500  res_p=   6.9388939039072284E-017  u(1,1,1)=   1.9458836112745159       p(1,1,1)=   123.71302557616647     
 DEBUG T iter      117550 min   302.03213701168869      max   1059.3019534459988     
 DEBUG T iter      117600 min   302.03213704124698      max   1059.3019568852310     
   SIMPLE iter      117600  res_p=   6.9388939039072284E-017  u(1,1,1)=   1.9458836112745159       p(1,1,1)=   123.71302557616647     
 DEBUG T iter      117650 min   302.03213707063816      max   1059.3019603050484     
 DEBUG T iter      117700 min   302.03213709986335      max   1059.3019637055299     
   SIMPLE iter      117700  res_p=   6.9388939039072284E-017  u(1,1,1)=   1.9458836112745159       p(1,1,1)=   123.71302557616647     
 DEBUG T iter      117750 min   302.03213712892341      max   1059.3019670868036     
 DEBUG T iter      117800 min   302.03213715781925      max   1059.3019704489730     
   SIMPLE iter      117800  res_p=   6.9388939039072284E-017  u(1,1,1)=   1.9458836112745159       p(1,1,1)=   123.71302557616647     
 DEBUG T iter      117850 min   302.03213718655184      max   1059.3019737921286     
 DEBUG T iter      117900 min   302.03213721512191      max   1059.3019771164084     
   SIMPLE iter      117900  res_p=   6.9388939039072284E-017  u(1,1,1)=   1.9458836112745159       p(1,1,1)=   123.71302557616647     
 DEBUG T iter      117950 min   302.03213724353066      max   1059.3019804218945     
 DEBUG T iter      118000 min   302.03213727177877      max   1059.3019837087038     
   SIMPLE iter      118000  res_p=   6.9388939039072284E-017  u(1,1,1)=   1.9458836112745159       p(1,1,1)=   123.71302557616647     
 DEBUG T iter      118050 min   302.03213729986749      max   1059.3019869769466     
 DEBUG T iter      118100 min   302.03213732779727      max   1059.3019902267088     
   SIMPLE iter      118100  res_p=   6.9388939039072284E-017  u(1,1,1)=   1.9458836112745159       p(1,1,1)=   123.71302557616647     
 DEBUG T iter      118150 min   302.03213735556932      max   1059.3019934581196     
 DEBUG T iter      118200 min   302.03213738318448      max   1059.3019966712668     
   SIMPLE iter      118200  res_p=   6.9388939039072284E-017  u(1,1,1)=   1.9458836112745159       p(1,1,1)=   123.71302557616647     
 DEBUG T iter      118250 min   302.03213741064349      max   1059.3019998662508     
 DEBUG T iter      118300 min   302.03213743794743      max   1059.3020030431890     
   SIMPLE iter      118300  res_p=   6.9388939039072284E-017  u(1,1,1)=   1.9458836112745159       p(1,1,1)=   123.71302557616647     
 DEBUG T iter      118350 min   302.03213746509692      max   1059.3020062021683     
 DEBUG T iter      118400 min   302.03213749209317      max   1059.3020093433008     
   SIMPLE iter      118400  res_p=   6.9388939039072284E-017  u(1,1,1)=   1.9458836112745159       p(1,1,1)=   123.71302557616647     
 DEBUG T iter      118450 min   302.03213751893679      max   1059.3020124666891     
 DEBUG T iter      118500 min   302.03213754562881      max   1059.3020155724155     
   SIMPLE iter      118500  res_p=   6.9388939039072284E-017  u(1,1,1)=   1.9458836112745159       p(1,1,1)=   123.71302557616647     
 DEBUG T iter      118550 min   302.03213757216992      max   1059.3020186605988     
 DEBUG T iter      118600 min   302.03213759856106      max   1059.3020217313333     
   SIMPLE iter      118600  res_p=   6.9388939039072284E-017  u(1,1,1)=   1.9458836112745159       p(1,1,1)=   123.71302557616647     
 DEBUG T iter      118650 min   302.03213762480300      max   1059.3020247847123     
 DEBUG T iter      118700 min   302.03213765089680      max   1059.3020278208398     
   SIMPLE iter      118700  res_p=   6.9388939039072284E-017  u(1,1,1)=   1.9458836112745159       p(1,1,1)=   123.71302557616647     
 DEBUG T iter      118750 min   302.03213767684298      max   1059.3020308398072     
 DEBUG T iter      118800 min   302.03213770264267      max   1059.3020338417191     
   SIMPLE iter      118800  res_p=   6.9388939039072284E-017  u(1,1,1)=   1.9458836112745159       p(1,1,1)=   123.71302557616647     
 DEBUG T iter      118850 min   302.03213772829650      max   1059.3020368266712     
 DEBUG T iter      118900 min   302.03213775380544      max   1059.3020397947464     
   SIMPLE iter      118900  res_p=   6.9388939039072284E-017  u(1,1,1)=   1.9458836112745159       p(1,1,1)=   123.71302557616647     
 DEBUG T iter      118950 min   302.03213777917017      max   1059.3020427460513     
 DEBUG T iter      119000 min   302.03213780439154      max   1059.3020456806878     
   SIMPLE iter      119000  res_p=   6.9388939039072284E-017  u(1,1,1)=   1.9458836112745159       p(1,1,1)=   123.71302557616647     
 DEBUG T iter      119050 min   302.03213782947046      max   1059.3020485987379     
 DEBUG T iter      119100 min   302.03213785440767      max   1059.3020515002916     
   SIMPLE iter      119100  res_p=   6.9388939039072284E-017  u(1,1,1)=   1.9458836112745159       p(1,1,1)=   123.71302557616647     
 DEBUG T iter      119150 min   302.03213787920402      max   1059.3020543854559     
 DEBUG T iter      119200 min   302.03213790386013      max   1059.3020572543189     
   SIMPLE iter      119200  res_p=   6.9388939039072284E-017  u(1,1,1)=   1.9458836112745159       p(1,1,1)=   123.71302557616647     
 DEBUG T iter      119250 min   302.03213792837693      max   1059.3020601069663     
 DEBUG T iter      119300 min   302.03213795275519      max   1059.3020629434934     
   SIMPLE iter      119300  res_p=   6.9388939039072284E-017  u(1,1,1)=   1.9458836112745159       p(1,1,1)=   123.71302557616647     
 DEBUG T iter      119350 min   302.03213797699584      max   1059.3020657639947     
 DEBUG T iter      119400 min   302.03213800109938      max   1059.3020685685567     
   SIMPLE iter      119400  res_p=   6.9388939039072284E-017  u(1,1,1)=   1.9458836112745159       p(1,1,1)=   123.71302557616647     
 DEBUG T iter      119450 min   302.03213802506679      max   1059.3020713572705     
 DEBUG T iter      119500 min   302.03213804889862      max   1059.3020741302284     
   SIMPLE iter      119500  res_p=   6.9388939039072284E-017  u(1,1,1)=   1.9458836112745159       p(1,1,1)=   123.71302557616647     
 DEBUG T iter      119550 min   302.03213807259590      max   1059.3020768875147     
 DEBUG T iter      119600 min   302.03213809615920      max   1059.3020796292192     
   SIMPLE iter      119600  res_p=   6.9388939039072284E-017  u(1,1,1)=   1.9458836112745159       p(1,1,1)=   123.71302557616647     
 DEBUG T iter      119650 min   302.03213811958943      max   1059.3020823554339     
 DEBUG T iter      119700 min   302.03213814288733      max   1059.3020850662419     
   SIMPLE iter      119700  res_p=   6.9388939039072284E-017  u(1,1,1)=   1.9458836112745159       p(1,1,1)=   123.71302557616647     
 DEBUG T iter      119750 min   302.03213816605341      max   1059.3020877617296     
 DEBUG T iter      119800 min   302.03213818908864      max   1059.3020904419889     
   SIMPLE iter      119800  res_p=   6.9388939039072284E-017  u(1,1,1)=   1.9458836112745159       p(1,1,1)=   123.71302557616647     
 DEBUG T iter      119850 min   302.03213821199381      max   1059.3020931071032     
 DEBUG T iter      119900 min   302.03213823476943      max   1059.3020957571530     
   SIMPLE iter      119900  res_p=   6.9388939039072284E-017  u(1,1,1)=   1.9458836112745159       p(1,1,1)=   123.71302557616647     
 DEBUG T iter      119950 min   302.03213825741642      max   1059.3020983922315     
 DEBUG T iter      120000 min   302.03213827993540      max   1059.3021010124198     
   SIMPLE iter      120000  res_p=   6.9388939039072284E-017  u(1,1,1)=   1.9458836112745159       p(1,1,1)=   123.71302557616647     
 DEBUG T iter      120050 min   302.03213830232698      max   1059.3021036177977     
 DEBUG T iter      120100 min   302.03213832459221      max   1059.3021062084590     
   SIMPLE iter      120100  res_p=   6.9388939039072284E-017  u(1,1,1)=   1.9458836112745159       p(1,1,1)=   123.71302557616647     
 DEBUG T iter      120150 min   302.03213834673159      max   1059.3021087844786     
 DEBUG T iter      120200 min   302.03213836874579      max   1059.3021113459406     
   SIMPLE iter      120200  res_p=   6.9388939039072284E-017  u(1,1,1)=   1.9458836112745159       p(1,1,1)=   123.71302557616647     
 DEBUG T iter      120250 min   302.03213839063562      max   1059.3021138929323     
 DEBUG T iter      120300 min   302.03213841240188      max   1059.3021164255281     
   SIMPLE iter      120300  res_p=   6.9388939039072284E-017  u(1,1,1)=   1.9458836112745159       p(1,1,1)=   123.71302557616647     
 DEBUG T iter      120350 min   302.03213843404512      max   1059.3021189438157     
 DEBUG T iter      120400 min   302.03213845556604      max   1059.3021214478688     
   SIMPLE iter      120400  res_p=   6.9388939039072284E-017  u(1,1,1)=   1.9458836112745159       p(1,1,1)=   123.71302557616647     
 DEBUG T iter      120450 min   302.03213847696526      max   1059.3021239377738     
 DEBUG T iter      120500 min   302.03213849824363      max   1059.3021264136139     
   SIMPLE iter      120500  res_p=   6.9388939039072284E-017  u(1,1,1)=   1.9458836112745159       p(1,1,1)=   123.71302557616647     
 DEBUG T iter      120550 min   302.03213851940171      max   1059.3021288754558     
 DEBUG T iter      120600 min   302.03213854044026      max   1059.3021313233905     
   SIMPLE iter      120600  res_p=   6.9388939039072284E-017  u(1,1,1)=   1.9458836112745159       p(1,1,1)=   123.71302557616647     
 DEBUG T iter      120650 min   302.03213856135994      max   1059.3021337574939     
 DEBUG T iter      120700 min   302.03213858216139      max   1059.3021361778408     
   SIMPLE iter      120700  res_p=   6.9388939039072284E-017  u(1,1,1)=   1.9458836112745159       p(1,1,1)=   123.71302557616647     
 DEBUG T iter      120750 min   302.03213860284524      max   1059.3021385845070     
 DEBUG T iter      120800 min   302.03213862341238      max   1059.3021409775811     
   SIMPLE iter      120800  res_p=   6.9388939039072284E-017  u(1,1,1)=   1.9458836112745159       p(1,1,1)=   123.71302557616647     
 DEBUG T iter      120850 min   302.03213864386322      max   1059.3021433571266     
 DEBUG T iter      120900 min   302.03213866419844      max   1059.3021457232267     
   SIMPLE iter      120900  res_p=   6.9388939039072284E-017  u(1,1,1)=   1.9458836112745159       p(1,1,1)=   123.71302557616647     
 DEBUG T iter      120950 min   302.03213868441867      max   1059.3021480759592     
 DEBUG T iter      121000 min   302.03213870452481      max   1059.3021504153969     
   SIMPLE iter      121000  res_p=   6.9388939039072284E-017  u(1,1,1)=   1.9458836112745159       p(1,1,1)=   123.71302557616647     
 DEBUG T iter      121050 min   302.03213872451732      max   1059.3021527416158     
 DEBUG T iter      121100 min   302.03213874439678      max   1059.3021550546839     
   SIMPLE iter      121100  res_p=   6.9388939039072284E-017  u(1,1,1)=   1.9458836112745159       p(1,1,1)=   123.71302557616647     
 DEBUG T iter      121150 min   302.03213876416396      max   1059.3021573546896     
 DEBUG T iter      121200 min   302.03213878381939      max   1059.3021596416900     
   SIMPLE iter      121200  res_p=   6.9388939039072284E-017  u(1,1,1)=   1.9458836112745159       p(1,1,1)=   123.71302557616647     
 DEBUG T iter      121250 min   302.03213880336375      max   1059.3021619157732     
 DEBUG T iter      121300 min   302.03213882279766      max   1059.3021641770029     
   SIMPLE iter      121300  res_p=   6.9388939039072284E-017  u(1,1,1)=   1.9458836112745159       p(1,1,1)=   123.71302557616647     
 DEBUG T iter      121350 min   302.03213884212187      max   1059.3021664254586     
 DEBUG T iter      121400 min   302.03213886133682      max   1059.3021686612053     
   SIMPLE iter      121400  res_p=   6.9388939039072284E-017  u(1,1,1)=   1.9458836112745159       p(1,1,1)=   123.71302557616647     
 DEBUG T iter      121450 min   302.03213888044314      max   1059.3021708843148     
 DEBUG T iter      121500 min   302.03213889944163      max   1059.3021730948724     
   SIMPLE iter      121500  res_p=   6.9388939039072284E-017  u(1,1,1)=   1.9458836112745159       p(1,1,1)=   123.71302557616647     
 DEBUG T iter      121550 min   302.03213891833258      max   1059.3021752929305     
 DEBUG T iter      121600 min   302.03213893711700      max   1059.3021774785732     
   SIMPLE iter      121600  res_p=   6.9388939039072284E-017  u(1,1,1)=   1.9458836112745159       p(1,1,1)=   123.71302557616647     
 DEBUG T iter      121650 min   302.03213895579506      max   1059.3021796518547     
 DEBUG T iter      121700 min   302.03213897436763      max   1059.3021818128720     
   SIMPLE iter      121700  res_p=   6.9388939039072284E-017  u(1,1,1)=   1.9458836112745159       p(1,1,1)=   123.71302557616647     
 DEBUG T iter      121750 min   302.03213899283526      max   1059.3021839616658     
 DEBUG T iter      121800 min   302.03213901119858      max   1059.3021860983215     
   SIMPLE iter      121800  res_p=   6.9388939039072284E-017  u(1,1,1)=   1.9458836112745159       p(1,1,1)=   123.71302557616647     
 DEBUG T iter      121850 min   302.03213902945816      max   1059.3021882228973     
 DEBUG T iter      121900 min   302.03213904761441      max   1059.3021903354784     
   SIMPLE iter      121900  res_p=   6.9388939039072284E-017  u(1,1,1)=   1.9458836112745159       p(1,1,1)=   123.71302557616647     
 DEBUG T iter      121950 min   302.03213906566822      max   1059.3021924361167     
 DEBUG T iter      122000 min   302.03213908361988      max   1059.3021945248802     
   SIMPLE iter      122000  res_p=   6.9388939039072284E-017  u(1,1,1)=   1.9458836112745159       p(1,1,1)=   123.71302557616647     
 DEBUG T iter      122050 min   302.03213910147019      max   1059.3021966018448     
 DEBUG T iter      122100 min   302.03213911921961      max   1059.3021986670738     
   SIMPLE iter      122100  res_p=   6.9388939039072284E-017  u(1,1,1)=   1.9458836112745159       p(1,1,1)=   123.71302557616647     
 DEBUG T iter      122150 min   302.03213913686881      max   1059.3022007206380     
 DEBUG T iter      122200 min   302.03213915441813      max   1059.3022027625834     
   SIMPLE iter      122200  res_p=   6.9388939039072284E-017  u(1,1,1)=   1.9458836112745159       p(1,1,1)=   123.71302557616647     
 DEBUG T iter      122250 min   302.03213917186832      max   1059.3022047930006     
 DEBUG T iter      122300 min   302.03213918922000      max   1059.3022068119394     
   SIMPLE iter      122300  res_p=   6.9388939039072284E-017  u(1,1,1)=   1.9458836112745159       p(1,1,1)=   123.71302557616647     
 DEBUG T iter      122350 min   302.03213920647352      max   1059.3022088194816     
 DEBUG T iter      122400 min   302.03213922362960      max   1059.3022108156624     
   SIMPLE iter      122400  res_p=   6.9388939039072284E-017  u(1,1,1)=   1.9458836112745159       p(1,1,1)=   123.71302557616647     
 DEBUG T iter      122450 min   302.03213924068882      max   1059.3022128005737     
 DEBUG T iter      122500 min   302.03213925765152      max   1059.3022147742618     
   SIMPLE iter      122500  res_p=   6.9388939039072284E-017  u(1,1,1)=   1.9458836112745159       p(1,1,1)=   123.71302557616647     
 DEBUG T iter      122550 min   302.03213927451839      max   1059.3022167368104     
 DEBUG T iter      122600 min   302.03213929128992      max   1059.3022186882577     
   SIMPLE iter      122600  res_p=   6.9388939039072284E-017  u(1,1,1)=   1.9458836112745159       p(1,1,1)=   123.71302557616647     
 DEBUG T iter      122650 min   302.03213930796676      max   1059.3022206286805     
 DEBUG T iter      122700 min   302.03213932454929      max   1059.3022225581324     
   SIMPLE iter      122700  res_p=   6.9388939039072284E-017  u(1,1,1)=   1.9458836112745159       p(1,1,1)=   123.71302557616647     
 DEBUG T iter      122750 min   302.03213934103815      max   1059.3022244766967     
 DEBUG T iter      122800 min   302.03213935743383      max   1059.3022263844121     
   SIMPLE iter      122800  res_p=   6.9388939039072284E-017  u(1,1,1)=   1.9458836112745159       p(1,1,1)=   123.71302557616647     
 DEBUG T iter      122850 min   302.03213937373681      max   1059.3022282813415     
 DEBUG T iter      122900 min   302.03213938994776      max   1059.3022301675533     
   SIMPLE iter      122900  res_p=   6.9388939039072284E-017  u(1,1,1)=   1.9458836112745159       p(1,1,1)=   123.71302557616647     
 DEBUG T iter      122950 min   302.03213940606707      max   1059.3022320431080     
 DEBUG T iter      123000 min   302.03213942209527      max   1059.3022339080726     
   SIMPLE iter      123000  res_p=   6.9388939039072284E-017  u(1,1,1)=   1.9458836112745159       p(1,1,1)=   123.71302557616647     
 DEBUG T iter      123050 min   302.03213943803280      max   1059.3022357624914     
 DEBUG T iter      123100 min   302.03213945388052      max   1059.3022376064309     
   SIMPLE iter      123100  res_p=   6.9388939039072284E-017  u(1,1,1)=   1.9458836112745159       p(1,1,1)=   123.71302557616647     
 DEBUG T iter      123150 min   302.03213946963854      max   1059.3022394399445     
 DEBUG T iter      123200 min   302.03213948530743      max   1059.3022412631140     
   SIMPLE iter      123200  res_p=   6.9388939039072284E-017  u(1,1,1)=   1.9458836112745159       p(1,1,1)=   123.71302557616647     
 DEBUG T iter      123250 min   302.03213950088804      max   1059.3022430759752     
 DEBUG T iter      123300 min   302.03213951638043      max   1059.3022448785880     
   SIMPLE iter      123300  res_p=   6.9388939039072284E-017  u(1,1,1)=   1.9458836112745159       p(1,1,1)=   123.71302557616647     
 DEBUG T iter      123350 min   302.03213953178528      max   1059.3022466710104     
 DEBUG T iter      123400 min   302.03213954710299      max   1059.3022484533035     
   SIMPLE iter      123400  res_p=   6.9388939039072284E-017  u(1,1,1)=   1.9458836112745159       p(1,1,1)=   123.71302557616647     
 DEBUG T iter      123450 min   302.03213956233435      max   1059.3022502255403     
 DEBUG T iter      123500 min   302.03213957747954      max   1059.3022519877572     
   SIMPLE iter      123500  res_p=   6.9388939039072284E-017  u(1,1,1)=   1.9458836112745159       p(1,1,1)=   123.71302557616647     
 DEBUG T iter      123550 min   302.03213959253912      max   1059.3022537400111     
 DEBUG T iter      123600 min   302.03213960751356      max   1059.3022554823567     
   SIMPLE iter      123600  res_p=   6.9388939039072284E-017  u(1,1,1)=   1.9458836112745159       p(1,1,1)=   123.71302557616647     
 DEBUG T iter      123650 min   302.03213962240352      max   1059.3022572148609     
 DEBUG T iter      123700 min   302.03213963720924      max   1059.3022589375867     
   SIMPLE iter      123700  res_p=   6.9388939039072284E-017  u(1,1,1)=   1.9458836112745159       p(1,1,1)=   123.71302557616647     
 DEBUG T iter      123750 min   302.03213965193129      max   1059.3022606505772     
 DEBUG T iter      123800 min   302.03213966657023      max   1059.3022623538782     
   SIMPLE iter      123800  res_p=   6.9388939039072284E-017  u(1,1,1)=   1.9458836112745159       p(1,1,1)=   123.71302557616647     
 DEBUG T iter      123850 min   302.03213968112641      max   1059.3022640475519     
 DEBUG T iter      123900 min   302.03213969560034      max   1059.3022657316533     
   SIMPLE iter      123900  res_p=   6.9388939039072284E-017  u(1,1,1)=   1.9458836112745159       p(1,1,1)=   123.71302557616647     
 DEBUG T iter      123950 min   302.03213970999246      max   1059.3022674062524     
 DEBUG T iter      124000 min   302.03213972430325      max   1059.3022690713919     
   SIMPLE iter      124000  res_p=   6.9388939039072284E-017  u(1,1,1)=   1.9458836112745159       p(1,1,1)=   123.71302557616647     
 DEBUG T iter      124050 min   302.03213973853320      max   1059.3022707271043     
 DEBUG T iter      124100 min   302.03213975268267      max   1059.3022723734682     
   SIMPLE iter      124100  res_p=   6.9388939039072284E-017  u(1,1,1)=   1.9458836112745159       p(1,1,1)=   123.71302557616647     
 DEBUG T iter      124150 min   302.03213976675238      max   1059.3022740105137     
 DEBUG T iter      124200 min   302.03213978074234      max   1059.3022756383343     
   SIMPLE iter      124200  res_p=   6.9388939039072284E-017  u(1,1,1)=   1.9458836112745159       p(1,1,1)=   123.71302557616647     
 DEBUG T iter      124250 min   302.03213979465335      max   1059.3022772569577     
 DEBUG T iter      124300 min   302.03213980848579      max   1059.3022788664150     
   SIMPLE iter      124300  res_p=   6.9388939039072284E-017  u(1,1,1)=   1.9458836112745159       p(1,1,1)=   123.71302557616647     
 DEBUG T iter      124350 min   302.03213982224003      max   1059.3022804667892     
 DEBUG T iter      124400 min   302.03213983591650      max   1059.3022820580961     
   SIMPLE iter      124400  res_p=   6.9388939039072284E-017  u(1,1,1)=   1.9458836112745159       p(1,1,1)=   123.71302557616647     
 DEBUG T iter      124450 min   302.03213984951572      max   1059.3022836404384     
 DEBUG T iter      124500 min   302.03213986303820      max   1059.3022852138479     
   SIMPLE iter      124500  res_p=   6.9388939039072284E-017  u(1,1,1)=   1.9458836112745159       p(1,1,1)=   123.71302557616647     
 DEBUG T iter      124550 min   302.03213987648411      max   1059.3022867783448     
 DEBUG T iter      124600 min   302.03213988985419      max   1059.3022883340111     
   SIMPLE iter      124600  res_p=   6.9388939039072284E-017  u(1,1,1)=   1.9458836112745159       p(1,1,1)=   123.71302557616647     
 DEBUG T iter      124650 min   302.03213990314862      max   1059.3022898808670     
 DEBUG T iter      124700 min   302.03213991636790      max   1059.3022914189899     
   SIMPLE iter      124700  res_p=   6.9388939039072284E-017  u(1,1,1)=   1.9458836112745159       p(1,1,1)=   123.71302557616647     
 DEBUG T iter      124750 min   302.03213992951254      max   1059.3022929484487     
 DEBUG T iter      124800 min   302.03213994258289      max   1059.3022944692455     
   SIMPLE iter      124800  res_p=   6.9388939039072284E-017  u(1,1,1)=   1.9458836112745159       p(1,1,1)=   123.71302557616647     
 DEBUG T iter      124850 min   302.03213995557934      max   1059.3022959814498     
 DEBUG T iter      124900 min   302.03213996850235      max   1059.3022974851017     
   SIMPLE iter      124900  res_p=   6.9388939039072284E-017  u(1,1,1)=   1.9458836112745159       p(1,1,1)=   123.71302557616647     
 DEBUG T iter      124950 min   302.03213998135243      max   1059.3022989802482     
 DEBUG T iter      125000 min   302.03213999412986      max   1059.3023004669628     
   SIMPLE iter      125000  res_p=   6.9388939039072284E-017  u(1,1,1)=   1.9458836112745159       p(1,1,1)=   123.71302557616647     
 DEBUG T iter      125050 min   302.03214000683511      max   1059.3023019452835     
 DEBUG T iter      125100 min   302.03214001946850      max   1059.3023034152477     
   SIMPLE iter      125100  res_p=   6.9388939039072284E-017  u(1,1,1)=   1.9458836112745159       p(1,1,1)=   123.71302557616647     
 DEBUG T iter      125150 min   302.03214003203055      max   1059.3023048768955     
 DEBUG T iter      125200 min   302.03214004452161      max   1059.3023063302776     
   SIMPLE iter      125200  res_p=   6.9388939039072284E-017  u(1,1,1)=   1.9458836112745159       p(1,1,1)=   123.71302557616647     
 DEBUG T iter      125250 min   302.03214005694207      max   1059.3023077754467     
 DEBUG T iter      125300 min   302.03214006929227      max   1059.3023092124631     
   SIMPLE iter      125300  res_p=   6.9388939039072284E-017  u(1,1,1)=   1.9458836112745159       p(1,1,1)=   123.71302557616647     
 DEBUG T iter      125350 min   302.03214008157283      max   1059.3023106413698     
 DEBUG T iter      125400 min   302.03214009378382      max   1059.3023120621897     
   SIMPLE iter      125400  res_p=   6.9388939039072284E-017  u(1,1,1)=   1.9458836112745159       p(1,1,1)=   123.71302557616647     
 DEBUG T iter      125450 min   302.03214010592598      max   1059.3023134749742     
 DEBUG T iter      125500 min   302.03214011799935      max   1059.3023148797729     
   SIMPLE iter      125500  res_p=   6.9388939039072284E-017  u(1,1,1)=   1.9458836112745159       p(1,1,1)=   123.71302557616647     
 DEBUG T iter      125550 min   302.03214013000468      max   1059.3023162766290     
 DEBUG T iter      125600 min   302.03214014194202      max   1059.3023176656015     
   SIMPLE iter      125600  res_p=   6.9388939039072284E-017  u(1,1,1)=   1.9458836112745159       p(1,1,1)=   123.71302557616647     
 DEBUG T iter      125650 min   302.03214015381207      max   1059.3023190467479     
 DEBUG T iter      125700 min   302.03214016561486      max   1059.3023204200708     
   SIMPLE iter      125700  res_p=   6.9388939039072284E-017  u(1,1,1)=   1.9458836112745159       p(1,1,1)=   123.71302557616647     
 DEBUG T iter      125750 min   302.03214017735121      max   1059.3023217856244     
 DEBUG T iter      125800 min   302.03214018902099      max   1059.3023231434670     
   SIMPLE iter      125800  res_p=   6.9388939039072284E-017  u(1,1,1)=   1.9458836112745159       p(1,1,1)=   123.71302557616647     
 DEBUG T iter      125850 min   302.03214020062495      max   1059.3023244936276     
 DEBUG T iter      125900 min   302.03214021216326      max   1059.3023258361604     
   SIMPLE iter      125900  res_p=   6.9388939039072284E-017  u(1,1,1)=   1.9458836112745159       p(1,1,1)=   123.71302557616647     
 DEBUG T iter      125950 min   302.03214022363647      max   1059.3023271711397     
 DEBUG T iter      126000 min   302.03214023504472      max   1059.3023284985561     
   SIMPLE iter      126000  res_p=   6.9388939039072284E-017  u(1,1,1)=   1.9458836112745159       p(1,1,1)=   123.71302557616647     
 DEBUG T iter      126050 min   302.03214024638856      max   1059.3023298184578     
 DEBUG T iter      126100 min   302.03214025766835      max   1059.3023311309130     
   SIMPLE iter      126100  res_p=   6.9388939039072284E-017  u(1,1,1)=   1.9458836112745159       p(1,1,1)=   123.71302557616647     
 DEBUG T iter      126150 min   302.03214026888440      max   1059.3023324359372     
 DEBUG T iter      126200 min   302.03214028003708      max   1059.3023337335906     
   SIMPLE iter      126200  res_p=   6.9388939039072284E-017  u(1,1,1)=   1.9458836112745159       p(1,1,1)=   123.71302557616647     
 DEBUG T iter      126250 min   302.03214029112672      max   1059.3023350239282     
 DEBUG T iter      126300 min   302.03214030215361      max   1059.3023363069788     
   SIMPLE iter      126300  res_p=   6.9388939039072284E-017  u(1,1,1)=   1.9458836112745159       p(1,1,1)=   123.71302557616647     
 DEBUG T iter      126350 min   302.03214031311819      max   1059.3023375827634     
 DEBUG T iter      126400 min   302.03214032402099      max   1059.3023388513441     
   SIMPLE iter      126400  res_p=   6.9388939039072284E-017  u(1,1,1)=   1.9458836112745159       p(1,1,1)=   123.71302557616647     
 DEBUG T iter      126450 min   302.03214033486194      max   1059.3023401127409     
 DEBUG T iter      126500 min   302.03214034564184      max   1059.3023413670176     
   SIMPLE iter      126500  res_p=   6.9388939039072284E-017  u(1,1,1)=   1.9458836112745159       p(1,1,1)=   123.71302557616647     
 DEBUG T iter      126550 min   302.03214035636074      max   1059.3023426142108     
 DEBUG T iter      126600 min   302.03214036701905      max   1059.3023438543637     
   SIMPLE iter      126600  res_p=   6.9388939039072284E-017  u(1,1,1)=   1.9458836112745159       p(1,1,1)=   123.71302557616647     
 DEBUG T iter      126650 min   302.03214037761711      max   1059.3023450875128     
 DEBUG T iter      126700 min   302.03214038815526      max   1059.3023463136860     
   SIMPLE iter      126700  res_p=   6.9388939039072284E-017  u(1,1,1)=   1.9458836112745159       p(1,1,1)=   123.71302557616647     
 DEBUG T iter      126750 min   302.03214039863406      max   1059.3023475329230     
 DEBUG T iter      126800 min   302.03214040905340      max   1059.3023487452599     
   SIMPLE iter      126800  res_p=   6.9388939039072284E-017  u(1,1,1)=   1.9458836112745159       p(1,1,1)=   123.71302557616647     
 DEBUG T iter      126850 min   302.03214041941408      max   1059.3023499507713     
 DEBUG T iter      126900 min   302.03214042971609      max   1059.3023511494482     
   SIMPLE iter      126900  res_p=   6.9388939039072284E-017  u(1,1,1)=   1.9458836112745159       p(1,1,1)=   123.71302557616647     
 DEBUG T iter      126950 min   302.03214043995985      max   1059.3023523413672     
 DEBUG T iter      127000 min   302.03214045014585      max   1059.3023535265693     
   SIMPLE iter      127000  res_p=   6.9388939039072284E-017  u(1,1,1)=   1.9458836112745159       p(1,1,1)=   123.71302557616647     
 DEBUG T iter      127050 min   302.03214046027415      max   1059.3023547050470     
 DEBUG T iter      127100 min   302.03214047034533      max   1059.3023558768634     
   SIMPLE iter      127100  res_p=   6.9388939039072284E-017  u(1,1,1)=   1.9458836112745159       p(1,1,1)=   123.71302557616647     
 DEBUG T iter      127150 min   302.03214048035949      max   1059.3023570420601     
 DEBUG T iter      127200 min   302.03214049031720      max   1059.3023582006870     
   SIMPLE iter      127200  res_p=   6.9388939039072284E-017  u(1,1,1)=   1.9458836112745159       p(1,1,1)=   123.71302557616647     
 DEBUG T iter      127250 min   302.03214050021853      max   1059.3023593527437     
 DEBUG T iter      127300 min   302.03214051006393      max   1059.3023604983039     
   SIMPLE iter      127300  res_p=   6.9388939039072284E-017  u(1,1,1)=   1.9458836112745159       p(1,1,1)=   123.71302557616647     
 DEBUG T iter      127350 min   302.03214051985390      max   1059.3023616374130     
 DEBUG T iter      127400 min   302.03214052958828      max   1059.3023627700620     
   SIMPLE iter      127400  res_p=   6.9388939039072284E-017  u(1,1,1)=   1.9458836112745159       p(1,1,1)=   123.71302557616647     
 DEBUG T iter      127450 min   302.03214053926780      max   1059.3023638963029     
 DEBUG T iter      127500 min   302.03214054889241      max   1059.3023650161904     
   SIMPLE iter      127500  res_p=   6.9388939039072284E-017  u(1,1,1)=   1.9458836112745159       p(1,1,1)=   123.71302557616647     
 DEBUG T iter      127550 min   302.03214055846280      max   1059.3023661297536     
 DEBUG T iter      127600 min   302.03214056797918      max   1059.3023672370139     
   SIMPLE iter      127600  res_p=   6.9388939039072284E-017  u(1,1,1)=   1.9458836112745159       p(1,1,1)=   123.71302557616647     
 DEBUG T iter      127650 min   302.03214057744162      max   1059.3023683380147     
 DEBUG T iter      127700 min   302.03214058685074      max   1059.3023694328137     
   SIMPLE iter      127700  res_p=   6.9388939039072284E-017  u(1,1,1)=   1.9458836112745159       p(1,1,1)=   123.71302557616647     
 DEBUG T iter      127750 min   302.03214059620677      max   1059.3023705214234     
 DEBUG T iter      127800 min   302.03214060550965      max   1059.3023716038622     
   SIMPLE iter      127800  res_p=   6.9388939039072284E-017  u(1,1,1)=   1.9458836112745159       p(1,1,1)=   123.71302557616647     
 DEBUG T iter      127850 min   302.03214061476007      max   1059.3023726801957     
 DEBUG T iter      127900 min   302.03214062395824      max   1059.3023737504477     
   SIMPLE iter      127900  res_p=   6.9388939039072284E-017  u(1,1,1)=   1.9458836112745159       p(1,1,1)=   123.71302557616647     
 DEBUG T iter      127950 min   302.03214063310440      max   1059.3023748146525     
 DEBUG T iter      128000 min   302.03214064219901      max   1059.3023758728352     
   SIMPLE iter      128000  res_p=   6.9388939039072284E-017  u(1,1,1)=   1.9458836112745159       p(1,1,1)=   123.71302557616647     
 DEBUG T iter      128050 min   302.03214065124206      max   1059.3023769250453     
 DEBUG T iter      128100 min   302.03214066023412      max   1059.3023779713155     
   SIMPLE iter      128100  res_p=   6.9388939039072284E-017  u(1,1,1)=   1.9458836112745159       p(1,1,1)=   123.71302557616647     
 DEBUG T iter      128150 min   302.03214066917536      max   1059.3023790116663     
 DEBUG T iter      128200 min   302.03214067806590      max   1059.3023800461324     
   SIMPLE iter      128200  res_p=   6.9388939039072284E-017  u(1,1,1)=   1.9458836112745159       p(1,1,1)=   123.71302557616647     
 DEBUG T iter      128250 min   302.03214068690647      max   1059.3023810747652     
 DEBUG T iter      128300 min   302.03214069569680      max   1059.3023820975786     
   SIMPLE iter      128300  res_p=   6.9388939039072284E-017  u(1,1,1)=   1.9458836112745159       p(1,1,1)=   123.71302557616647     
 DEBUG T iter      128350 min   302.03214070443767      max   1059.3023831146149     
 DEBUG T iter      128400 min   302.03214071312919      max   1059.3023841259030     
   SIMPLE iter      128400  res_p=   6.9388939039072284E-017  u(1,1,1)=   1.9458836112745159       p(1,1,1)=   123.71302557616647     
 DEBUG T iter      128450 min   302.03214072177144      max   1059.3023851314770     
 DEBUG T iter      128500 min   302.03214073036492      max   1059.3023861313663     
   SIMPLE iter      128500  res_p=   6.9388939039072284E-017  u(1,1,1)=   1.9458836112745159       p(1,1,1)=   123.71302557616647     
 DEBUG T iter      128550 min   302.03214073891002      max   1059.3023871256062     
 DEBUG T iter      128600 min   302.03214074740652      max   1059.3023881142271     
   SIMPLE iter      128600  res_p=   6.9388939039072284E-017  u(1,1,1)=   1.9458836112745159       p(1,1,1)=   123.71302557616647     
 DEBUG T iter      128650 min   302.03214075585515      max   1059.3023890972663     
 DEBUG T iter      128700 min   302.03214076425604      max   1059.3023900747478     
   SIMPLE iter      128700  res_p=   6.9388939039072284E-017  u(1,1,1)=   1.9458836112745159       p(1,1,1)=   123.71302557616647     
 DEBUG T iter      128750 min   302.03214077260935      max   1059.3023910467061     
 DEBUG T iter      128800 min   302.03214078091571      max   1059.3023920131745     
   SIMPLE iter      128800  res_p=   6.9388939039072284E-017  u(1,1,1)=   1.9458836112745159       p(1,1,1)=   123.71302557616647     
 DEBUG T iter      128850 min   302.03214078917489      max   1059.3023929741851     
 DEBUG T iter      128900 min   302.03214079738751      max   1059.3023939297559     
   SIMPLE iter      128900  res_p=   6.9388939039072284E-017  u(1,1,1)=   1.9458836112745159       p(1,1,1)=   123.71302557616647     
 DEBUG T iter      128950 min   302.03214080555375      max   1059.3023948799246     
 DEBUG T iter      129000 min   302.03214081367383      max   1059.3023958247236     
   SIMPLE iter      129000  res_p=   6.9388939039072284E-017  u(1,1,1)=   1.9458836112745159       p(1,1,1)=   123.71302557616647     
 DEBUG T iter      129050 min   302.03214082174782      max   1059.3023967641902     
 DEBUG T iter      129100 min   302.03214082977644      max   1059.3023976983529     
   SIMPLE iter      129100  res_p=   6.9388939039072284E-017  u(1,1,1)=   1.9458836112745159       p(1,1,1)=   123.71302557616647     
 DEBUG T iter      129150 min   302.03214083775964      max   1059.3023986272308     
 DEBUG T iter      129200 min   302.03214084569765      max   1059.3023995508636     
   SIMPLE iter      129200  res_p=   6.9388939039072284E-017  u(1,1,1)=   1.9458836112745159       p(1,1,1)=   123.71302557616647     
 DEBUG T iter      129250 min   302.03214085359093      max   1059.3024004692809     
 DEBUG T iter      129300 min   302.03214086143953      max   1059.3024013825125     
   SIMPLE iter      129300  res_p=   6.9388939039072284E-017  u(1,1,1)=   1.9458836112745159       p(1,1,1)=   123.71302557616647     
 DEBUG T iter      129350 min   302.03214086924368      max   1059.3024022905656     
 DEBUG T iter      129400 min   302.03214087700388      max   1059.3024031934847     
   SIMPLE iter      129400  res_p=   6.9388939039072284E-017  u(1,1,1)=   1.9458836112745159       p(1,1,1)=   123.71302557616647     
 DEBUG T iter      129450 min   302.03214088472021      max   1059.3024040913024     
 DEBUG T iter      129500 min   302.03214089239282      max   1059.3024049840569     
   SIMPLE iter      129500  res_p=   6.9388939039072284E-017  u(1,1,1)=   1.9458836112745159       p(1,1,1)=   123.71302557616647     
 DEBUG T iter      129550 min   302.03214090002217      max   1059.3024058717695     
 DEBUG T iter      129600 min   302.03214090760849      max   1059.3024067544620     
   SIMPLE iter      129600  res_p=   6.9388939039072284E-017  u(1,1,1)=   1.9458836112745159       p(1,1,1)=   123.71302557616647     
 DEBUG T iter      129650 min   302.03214091515173      max   1059.3024076321656     
 DEBUG T iter      129700 min   302.03214092265245      max   1059.3024085049244     
   SIMPLE iter      129700  res_p=   6.9388939039072284E-017  u(1,1,1)=   1.9458836112745159       p(1,1,1)=   123.71302557616647     
 DEBUG T iter      129750 min   302.03214093011087      max   1059.3024093727540     
 DEBUG T iter      129800 min   302.03214093752706      max   1059.3024102356574     
   SIMPLE iter      129800  res_p=   6.9388939039072284E-017  u(1,1,1)=   1.9458836112745159       p(1,1,1)=   123.71302557616647     
 DEBUG T iter      129850 min   302.03214094490124      max   1059.3024110936769     
 DEBUG T iter      129900 min   302.03214095223404      max   1059.3024119468550     
   SIMPLE iter      129900  res_p=   6.9388939039072284E-017  u(1,1,1)=   1.9458836112745159       p(1,1,1)=   123.71302557616647     
 DEBUG T iter      129950 min   302.03214095952512      max   1059.3024127952167     
 DEBUG T iter      130000 min   302.03214096677510      max   1059.3024136387839     
   SIMPLE iter      130000  res_p=   6.9388939039072284E-017  u(1,1,1)=   1.9458836112745159       p(1,1,1)=   123.71302557616647     
 DEBUG T iter      130050 min   302.03214097398421      max   1059.3024144775809     
 DEBUG T iter      130100 min   302.03214098115251      max   1059.3024153116485     
   SIMPLE iter      130100  res_p=   6.9388939039072284E-017  u(1,1,1)=   1.9458836112745159       p(1,1,1)=   123.71302557616647     
 DEBUG T iter      130150 min   302.03214098828010      max   1059.3024161410092     
 DEBUG T iter      130200 min   302.03214099536780      max   1059.3024169656896     
   SIMPLE iter      130200  res_p=   6.9388939039072284E-017  u(1,1,1)=   1.9458836112745159       p(1,1,1)=   123.71302557616647     
 DEBUG T iter      130250 min   302.03214100241530      max   1059.3024177857012     
 DEBUG T iter      130300 min   302.03214100942279      max   1059.3024186010609     
   SIMPLE iter      130300  res_p=   6.9388939039072284E-017  u(1,1,1)=   1.9458836112745159       p(1,1,1)=   123.71302557616647     
 DEBUG T iter      130350 min   302.03214101639065      max   1059.3024194118188     
 DEBUG T iter      130400 min   302.03214102331953      max   1059.3024202179947     
   SIMPLE iter      130400  res_p=   6.9388939039072284E-017  u(1,1,1)=   1.9458836112745159       p(1,1,1)=   123.71302557616647     
 DEBUG T iter      130450 min   302.03214103020895      max   1059.3024210196138     
 DEBUG T iter      130500 min   302.03214103705955      max   1059.3024218166956     
   SIMPLE iter      130500  res_p=   6.9388939039072284E-017  u(1,1,1)=   1.9458836112745159       p(1,1,1)=   123.71302557616647     
 DEBUG T iter      130550 min   302.03214104387132      max   1059.3024226092789     
 DEBUG T iter      130600 min   302.03214105064478      max   1059.3024233974072     
   SIMPLE iter      130600  res_p=   6.9388939039072284E-017  u(1,1,1)=   1.9458836112745159       p(1,1,1)=   123.71302557616647     
 DEBUG T iter      130650 min   302.03214105737987      max   1059.3024241810742     
 DEBUG T iter      130700 min   302.03214106407682      max   1059.3024249603191     
   SIMPLE iter      130700  res_p=   6.9388939039072284E-017  u(1,1,1)=   1.9458836112745159       p(1,1,1)=   123.71302557616647     
 DEBUG T iter      130750 min   302.03214107073609      max   1059.3024257351569     
 DEBUG T iter      130800 min   302.03214107735749      max   1059.3024265056049     
   SIMPLE iter      130800  res_p=   6.9388939039072284E-017  u(1,1,1)=   1.9458836112745159       p(1,1,1)=   123.71302557616647     
 DEBUG T iter      130850 min   302.03214108394184      max   1059.3024272717025     
 DEBUG T iter      130900 min   302.03214109048872      max   1059.3024280334598     
   SIMPLE iter      130900  res_p=   6.9388939039072284E-017  u(1,1,1)=   1.9458836112745159       p(1,1,1)=   123.71302557616647     
 DEBUG T iter      130950 min   302.03214109699871      max   1059.3024287909138     
 DEBUG T iter      131000 min   302.03214110347182      max   1059.3024295440805     
   SIMPLE iter      131000  res_p=   6.9388939039072284E-017  u(1,1,1)=   1.9458836112745159       p(1,1,1)=   123.71302557616647     
 DEBUG T iter      131050 min   302.03214110990837      max   1059.3024302929921     
 DEBUG T iter      131100 min   302.03214111630859      max   1059.3024310376891     
   SIMPLE iter      131100  res_p=   6.9388939039072284E-017  u(1,1,1)=   1.9458836112745159       p(1,1,1)=   123.71302557616647     
 DEBUG T iter      131150 min   302.03214112267267      max   1059.3024317781856     
 DEBUG T iter      131200 min   302.03214112900071      max   1059.3024325144936     
   SIMPLE iter      131200  res_p=   6.9388939039072284E-017  u(1,1,1)=   1.9458836112745159       p(1,1,1)=   123.71302557616647     
 DEBUG T iter      131250 min   302.03214113529299      max   1059.3024332466498     
 DEBUG T iter      131300 min   302.03214114154980      max   1059.3024339746655     
   SIMPLE iter      131300  res_p=   6.9388939039072284E-017  u(1,1,1)=   1.9458836112745159       p(1,1,1)=   123.71302557616647     
 DEBUG T iter      131350 min   302.03214114777114      max   1059.3024346985637     
 DEBUG T iter      131400 min   302.03214115395747      max   1059.3024354183640     
   SIMPLE iter      131400  res_p=   6.9388939039072284E-017  u(1,1,1)=   1.9458836112745159       p(1,1,1)=   123.71302557616647     
 DEBUG T iter      131450 min   302.03214116010872      max   1059.3024361340783     
 DEBUG T iter      131500 min   302.03214116622536      max   1059.3024368457598     
   SIMPLE iter      131500  res_p=   6.9388939039072284E-017  u(1,1,1)=   1.9458836112745159       p(1,1,1)=   123.71302557616647     
 DEBUG T iter      131550 min   302.03214117230732      max   1059.3024375534123     
 DEBUG T iter      131600 min   302.03214117835489      max   1059.3024382570691     
   SIMPLE iter      131600  res_p=   6.9388939039072284E-017  u(1,1,1)=   1.9458836112745159       p(1,1,1)=   123.71302557616647     
 DEBUG T iter      131650 min   302.03214118436824      max   1059.3024389567518     
 DEBUG T iter      131700 min   302.03214119034783      max   1059.3024396524847     
   SIMPLE iter      131700  res_p=   6.9388939039072284E-017  u(1,1,1)=   1.9458836112745159       p(1,1,1)=   123.71302557616647     
 DEBUG T iter      131750 min   302.03214119629354      max   1059.3024403442962     
 DEBUG T iter      131800 min   302.03214120220554      max   1059.3024410322116     
   SIMPLE iter      131800  res_p=   6.9388939039072284E-017  u(1,1,1)=   1.9458836112745159       p(1,1,1)=   123.71302557616647     
 DEBUG T iter      131850 min   302.03214120808417      max   1059.3024417162399     
 DEBUG T iter      131900 min   302.03214121392961      max   1059.3024423964011     
   SIMPLE iter      131900  res_p=   6.9388939039072284E-017  u(1,1,1)=   1.9458836112745159       p(1,1,1)=   123.71302557616647     
 DEBUG T iter      131950 min   302.03214121974207      max   1059.3024430727082     
 DEBUG T iter      132000 min   302.03214122552157      max   1059.3024437451800     
   SIMPLE iter      132000  res_p=   6.9388939039072284E-017  u(1,1,1)=   1.9458836112745159       p(1,1,1)=   123.71302557616647     
 DEBUG T iter      132050 min   302.03214123126844      max   1059.3024444138453     
 DEBUG T iter      132100 min   302.03214123698297      max   1059.3024450787400     
   SIMPLE iter      132100  res_p=   6.9388939039072284E-017  u(1,1,1)=   1.9458836112745159       p(1,1,1)=   123.71302557616647     
 DEBUG T iter      132150 min   302.03214124266509      max   1059.3024457398774     
 DEBUG T iter      132200 min   302.03214124831510      max   1059.3024463972720     
   SIMPLE iter      132200  res_p=   6.9388939039072284E-017  u(1,1,1)=   1.9458836112745159       p(1,1,1)=   123.71302557616647     
 DEBUG T iter      132250 min   302.03214125393322      max   1059.3024470509538     
 DEBUG T iter      132300 min   302.03214125951956      max   1059.3024477009340     
   SIMPLE iter      132300  res_p=   6.9388939039072284E-017  u(1,1,1)=   1.9458836112745159       p(1,1,1)=   123.71302557616647     
 DEBUG T iter      132350 min   302.03214126507436      max   1059.3024483472582     
 DEBUG T iter      132400 min   302.03214127059772      max   1059.3024489899494     
   SIMPLE iter      132400  res_p=   6.9388939039072284E-017  u(1,1,1)=   1.9458836112745159       p(1,1,1)=   123.71302557616647     
 DEBUG T iter      132450 min   302.03214127608993      max   1059.3024496290179     
 DEBUG T iter      132500 min   302.03214128155111      max   1059.3024502644716     
   SIMPLE iter      132500  res_p=   6.9388939039072284E-017  u(1,1,1)=   1.9458836112745159       p(1,1,1)=   123.71302557616647     
 DEBUG T iter      132550 min   302.03214128698141      max   1059.3024508963201     
 DEBUG T iter      132600 min   302.03214129238091      max   1059.3024515245932     
   SIMPLE iter      132600  res_p=   6.9388939039072284E-017  u(1,1,1)=   1.9458836112745159       p(1,1,1)=   123.71302557616647     
 DEBUG T iter      132650 min   302.03214129775006      max   1059.3024521493021     
 DEBUG T iter      132700 min   302.03214130308885      max   1059.3024527704818     
   SIMPLE iter      132700  res_p=   6.9388939039072284E-017  u(1,1,1)=   1.9458836112745159       p(1,1,1)=   123.71302557616647     
 DEBUG T iter      132750 min   302.03214130839740      max   1059.3024533881544     
 DEBUG T iter      132800 min   302.03214131367599      max   1059.3024540023400     
   SIMPLE iter      132800  res_p=   6.9388939039072284E-017  u(1,1,1)=   1.9458836112745159       p(1,1,1)=   123.71302557616647     
 DEBUG T iter      132850 min   302.03214131892480      max   1059.3024546130418     
 DEBUG T iter      132900 min   302.03214132414388      max   1059.3024552202974     
   SIMPLE iter      132900  res_p=   6.9388939039072284E-017  u(1,1,1)=   1.9458836112745159       p(1,1,1)=   123.71302557616647     
 DEBUG T iter      132950 min   302.03214132933351      max   1059.3024558241175     
 DEBUG T iter      133000 min   302.03214133449382      max   1059.3024564245225     
   SIMPLE iter      133000  res_p=   6.9388939039072284E-017  u(1,1,1)=   1.9458836112745159       p(1,1,1)=   123.71302557616647     
 DEBUG T iter      133050 min   302.03214133962484      max   1059.3024570215669     
 DEBUG T iter      133100 min   302.03214134472711      max   1059.3024576152475     
   SIMPLE iter      133100  res_p=   6.9388939039072284E-017  u(1,1,1)=   1.9458836112745159       p(1,1,1)=   123.71302557616647     
 DEBUG T iter      133150 min   302.03214134980044      max   1059.3024582055818     
 DEBUG T iter      133200 min   302.03214135484501      max   1059.3024587925674     
   SIMPLE iter      133200  res_p=   6.9388939039072284E-017  u(1,1,1)=   1.9458836112745159       p(1,1,1)=   123.71302557616647     
 DEBUG T iter      133250 min   302.03214135986110      max   1059.3024593762257     
 DEBUG T iter      133300 min   302.03214136484900      max   1059.3024599565706     
   SIMPLE iter      133300  res_p=   6.9388939039072284E-017  u(1,1,1)=   1.9458836112745159       p(1,1,1)=   123.71302557616647     
 DEBUG T iter      133350 min   302.03214136980858      max   1059.3024605336327     
 DEBUG T iter      133400 min   302.03214137474009      max   1059.3024611074445     
   SIMPLE iter      133400  res_p=   6.9388939039072284E-017  u(1,1,1)=   1.9458836112745159       p(1,1,1)=   123.71302557616647     
 DEBUG T iter      133450 min   302.03214137964375      max   1059.3024616780076     
 DEBUG T iter      133500 min   302.03214138451978      max   1059.3024622453479     
   SIMPLE iter      133500  res_p=   6.9388939039072284E-017  u(1,1,1)=   1.9458836112745159       p(1,1,1)=   123.71302557616647     
 DEBUG T iter      133550 min   302.03214138936818      max   1059.3024628094768     
 DEBUG T iter      133600 min   302.03214139418935      max   1059.3024633704097     
   SIMPLE iter      133600  res_p=   6.9388939039072284E-017  u(1,1,1)=   1.9458836112745159       p(1,1,1)=   123.71302557616647     
 DEBUG T iter      133650 min   302.03214139898313      max   1059.3024639281680     
 DEBUG T iter      133700 min   302.03214140374979      max   1059.3024644827844     
   SIMPLE iter      133700  res_p=   6.9388939039072284E-017  u(1,1,1)=   1.9458836112745159       p(1,1,1)=   123.71302557616647     
 DEBUG T iter      133750 min   302.03214140848957      max   1059.3024650342836     
 DEBUG T iter      133800 min   302.03214141320257      max   1059.3024655826741     
   SIMPLE iter      133800  res_p=   6.9388939039072284E-017  u(1,1,1)=   1.9458836112745159       p(1,1,1)=   123.71302557616647     
 DEBUG T iter      133850 min   302.03214141788897      max   1059.3024661279865     
 DEBUG T iter      133900 min   302.03214142254888      max   1059.3024666702188     
   SIMPLE iter      133900  res_p=   6.9388939039072284E-017  u(1,1,1)=   1.9458836112745159       p(1,1,1)=   123.71302557616647     
 DEBUG T iter      133950 min   302.03214142718241      max   1059.3024672093661     
 DEBUG T iter      134000 min   302.03214143178968      max   1059.3024677454532     
   SIMPLE iter      134000  res_p=   6.9388939039072284E-017  u(1,1,1)=   1.9458836112745159       p(1,1,1)=   123.71302557616647     
 DEBUG T iter      134050 min   302.03214143637103      max   1059.3024682785078     
 DEBUG T iter      134100 min   302.03214144092652      max   1059.3024688085577     
   SIMPLE iter      134100  res_p=   6.9388939039072284E-017  u(1,1,1)=   1.9458836112745159       p(1,1,1)=   123.71302557616647     
 DEBUG T iter      134150 min   302.03214144545626      max   1059.3024693356078     
 DEBUG T iter      134200 min   302.03214144996025      max   1059.3024698596776     
   SIMPLE iter      134200  res_p=   6.9388939039072284E-017  u(1,1,1)=   1.9458836112745159       p(1,1,1)=   123.71302557616647     
 DEBUG T iter      134250 min   302.03214145443894      max   1059.3024703807826     
 DEBUG T iter      134300 min   302.03214145889223      max   1059.3024708989371     
   SIMPLE iter      134300  res_p=   6.9388939039072284E-017  u(1,1,1)=   1.9458836112745159       p(1,1,1)=   123.71302557616647     
 DEBUG T iter      134350 min   302.03214146332050      max   1059.3024714141520     
 DEBUG T iter      134400 min   302.03214146772370      max   1059.3024719264581     
   SIMPLE iter      134400  res_p=   6.9388939039072284E-017  u(1,1,1)=   1.9458836112745159       p(1,1,1)=   123.71302557616647     
 DEBUG T iter      134450 min   302.03214147210201      max   1059.3024724358781     
 DEBUG T iter      134500 min   302.03214147645542      max   1059.3024729424349     
   SIMPLE iter      134500  res_p=   6.9388939039072284E-017  u(1,1,1)=   1.9458836112745159       p(1,1,1)=   123.71302557616647     
 DEBUG T iter      134550 min   302.03214148078439      max   1059.3024734461358     
 DEBUG T iter      134600 min   302.03214148508886      max   1059.3024739469888     
   SIMPLE iter      134600  res_p=   6.9388939039072284E-017  u(1,1,1)=   1.9458836112745159       p(1,1,1)=   123.71302557616647     
 DEBUG T iter      134650 min   302.03214148936900      max   1059.3024744450290     
 DEBUG T iter      134700 min   302.03214149362509      max   1059.3024749402528     
   SIMPLE iter      134700  res_p=   6.9388939039072284E-017  u(1,1,1)=   1.9458836112745159       p(1,1,1)=   123.71302557616647     
 DEBUG T iter      134750 min   302.03214149785686      max   1059.3024754326671     
 DEBUG T iter      134800 min   302.03214150206480      max   1059.3024759222988     
   SIMPLE iter      134800  res_p=   6.9388939039072284E-017  u(1,1,1)=   1.9458836112745159       p(1,1,1)=   123.71302557616647     
 DEBUG T iter      134850 min   302.03214150624910      max   1059.3024764091556     
 DEBUG T iter      134900 min   302.03214151040970      max   1059.3024768932646     
   SIMPLE iter      134900  res_p=   6.9388939039072284E-017  u(1,1,1)=   1.9458836112745159       p(1,1,1)=   123.71302557616647     
 DEBUG T iter      134950 min   302.03214151454677      max   1059.3024773746370     
 DEBUG T iter      135000 min   302.03214151866047      max   1059.3024778532790     
   SIMPLE iter      135000  res_p=   6.9388939039072284E-017  u(1,1,1)=   1.9458836112745159       p(1,1,1)=   123.71302557616647     
 DEBUG T iter      135050 min   302.03214152275086      max   1059.3024783292087     
 DEBUG T iter      135100 min   302.03214152681824      max   1059.3024788024411     
   SIMPLE iter      135100  res_p=   6.9388939039072284E-017  u(1,1,1)=   1.9458836112745159       p(1,1,1)=   123.71302557616647     
 DEBUG T iter      135150 min   302.03214153086253      max   1059.3024792729973     
 DEBUG T iter      135200 min   302.03214153488409      max   1059.3024797409037     
   SIMPLE iter      135200  res_p=   6.9388939039072284E-017  u(1,1,1)=   1.9458836112745159       p(1,1,1)=   123.71302557616647     
 DEBUG T iter      135250 min   302.03214153888297      max   1059.3024802061695     
 DEBUG T iter      135300 min   302.03214154285899      max   1059.3024806688088     
   SIMPLE iter      135300  res_p=   6.9388939039072284E-017  u(1,1,1)=   1.9458836112745159       p(1,1,1)=   123.71302557616647     
 DEBUG T iter      135350 min   302.03214154681262      max   1059.3024811288396     
 DEBUG T iter      135400 min   302.03214155074414      max   1059.3024815862791     
   SIMPLE iter      135400  res_p=   6.9388939039072284E-017  u(1,1,1)=   1.9458836112745159       p(1,1,1)=   123.71302557616647     
 DEBUG T iter      135450 min   302.03214155465315      max   1059.3024820411260     
 DEBUG T iter      135500 min   302.03214155854027      max   1059.3024824934078     
   SIMPLE iter      135500  res_p=   6.9388939039072284E-017  u(1,1,1)=   1.9458836112745159       p(1,1,1)=   123.71302557616647     
 DEBUG T iter      135550 min   302.03214156240546      max   1059.3024829431426     
 DEBUG T iter      135600 min   302.03214156624858      max   1059.3024833903432     
   SIMPLE iter      135600  res_p=   6.9388939039072284E-017  u(1,1,1)=   1.9458836112745159       p(1,1,1)=   123.71302557616647     
 DEBUG T iter      135650 min   302.03214157007017      max   1059.3024838350204     
 DEBUG T iter      135700 min   302.03214157387009      max   1059.3024842771786     
   SIMPLE iter      135700  res_p=   6.9388939039072284E-017  u(1,1,1)=   1.9458836112745159       p(1,1,1)=   123.71302557616647     
 DEBUG T iter      135750 min   302.03214157764859      max   1059.3024847168317     
 DEBUG T iter      135800 min   302.03214158140582      max   1059.3024851539981     
   SIMPLE iter      135800  res_p=   6.9388939039072284E-017  u(1,1,1)=   1.9458836112745159       p(1,1,1)=   123.71302557616647     
 DEBUG T iter      135850 min   302.03214158514163      max   1059.3024855886838     
 DEBUG T iter      135900 min   302.03214158885640      max   1059.3024860209043     
   SIMPLE iter      135900  res_p=   6.9388939039072284E-017  u(1,1,1)=   1.9458836112745159       p(1,1,1)=   123.71302557616647     
 DEBUG T iter      135950 min   302.03214159255015      max   1059.3024864506745     
 DEBUG T iter      136000 min   302.03214159622308      max   1059.3024868780144     
   SIMPLE iter      136000  res_p=   6.9388939039072284E-017  u(1,1,1)=   1.9458836112745159       p(1,1,1)=   123.71302557616647     
 DEBUG T iter      136050 min   302.03214159987516      max   1059.3024873029431     
 DEBUG T iter      136100 min   302.03214160350672      max   1059.3024877254759     
   SIMPLE iter      136100  res_p=   6.9388939039072284E-017  u(1,1,1)=   1.9458836112745159       p(1,1,1)=   123.71302557616647     
 DEBUG T iter      136150 min   302.03214160711775      max   1059.3024881456288     
 DEBUG T iter      136200 min   302.03214161070838      max   1059.3024885634034     
   SIMPLE iter      136200  res_p=   6.9388939039072284E-017  u(1,1,1)=   1.9458836112745159       p(1,1,1)=   123.71302557616647     
 DEBUG T iter      136250 min   302.03214161427866      max   1059.3024889788217     
 DEBUG T iter      136300 min   302.03214161782876      max   1059.3024893918923     
   SIMPLE iter      136300  res_p=   6.9388939039072284E-017  u(1,1,1)=   1.9458836112745159       p(1,1,1)=   123.71302557616647     
 DEBUG T iter      136350 min   302.03214162135885      max   1059.3024898026233     
 DEBUG T iter      136400 min   302.03214162486898      max   1059.3024902110426     
   SIMPLE iter      136400  res_p=   6.9388939039072284E-017  u(1,1,1)=   1.9458836112745159       p(1,1,1)=   123.71302557616647     
 DEBUG T iter      136450 min   302.03214162835928      max   1059.3024906171511     
 DEBUG T iter      136500 min   302.03214163182986      max   1059.3024910209833     
   SIMPLE iter      136500  res_p=   6.9388939039072284E-017  u(1,1,1)=   1.9458836112745159       p(1,1,1)=   123.71302557616647     
 DEBUG T iter      136550 min   302.03214163528077      max   1059.3024914225364     
 DEBUG T iter      136600 min   302.03214163871218      max   1059.3024918218246     
   SIMPLE iter      136600  res_p=   6.9388939039072284E-017  u(1,1,1)=   1.9458836112745159       p(1,1,1)=   123.71302557616647     
 DEBUG T iter      136650 min   302.03214164212420      max   1059.3024922188547     
 DEBUG T iter      136700 min   302.03214164551713      max   1059.3024926136411     
   SIMPLE iter      136700  res_p=   6.9388939039072284E-017  u(1,1,1)=   1.9458836112745159       p(1,1,1)=   123.71302557616647     
 DEBUG T iter      136750 min   302.03214164889067      max   1059.3024930061920     
 DEBUG T iter      136800 min   302.03214165224523      max   1059.3024933965135     
   SIMPLE iter      136800  res_p=   6.9388939039072284E-017  u(1,1,1)=   1.9458836112745159       p(1,1,1)=   123.71302557616647     
 DEBUG T iter      136850 min   302.03214165558080      max   1059.3024937846183     
 DEBUG T iter      136900 min   302.03214165889750      max   1059.3024941705223     
   SIMPLE iter      136900  res_p=   6.9388939039072284E-017  u(1,1,1)=   1.9458836112745159       p(1,1,1)=   123.71302557616647     
 DEBUG T iter      136950 min   302.03214166219550      max   1059.3024945542452     
 DEBUG T iter      137000 min   302.03214166547491      max   1059.3024949357991     
   SIMPLE iter      137000  res_p=   6.9388939039072284E-017  u(1,1,1)=   1.9458836112745159       p(1,1,1)=   123.71302557616647     
 DEBUG T iter      137050 min   302.03214166873568      max   1059.3024953151958     
 DEBUG T iter      137100 min   302.03214167197808      max   1059.3024956924512     
   SIMPLE iter      137100  res_p=   6.9388939039072284E-017  u(1,1,1)=   1.9458836112745159       p(1,1,1)=   123.71302557616647     
 DEBUG T iter      137150 min   302.03214167520230      max   1059.3024960675773     
 DEBUG T iter      137200 min   302.03214167840810      max   1059.3024964405920     
   SIMPLE iter      137200  res_p=   6.9388939039072284E-017  u(1,1,1)=   1.9458836112745159       p(1,1,1)=   123.71302557616647     
 DEBUG T iter      137250 min   302.03214168159587      max   1059.3024968114996     
 DEBUG T iter      137300 min   302.03214168476563      max   1059.3024971803079     
   SIMPLE iter      137300  res_p=   6.9388939039072284E-017  u(1,1,1)=   1.9458836112745159       p(1,1,1)=   123.71302557616647     
 DEBUG T iter      137350 min   302.03214168791732      max   1059.3024975470282     
 DEBUG T iter      137400 min   302.03214169105144      max   1059.3024979116735     
   SIMPLE iter      137400  res_p=   6.9388939039072284E-017  u(1,1,1)=   1.9458836112745159       p(1,1,1)=   123.71302557616647     
 DEBUG T iter      137450 min   302.03214169416776      max   1059.3024982742647     
 DEBUG T iter      137500 min   302.03214169726641      max   1059.3024986348144     
   SIMPLE iter      137500  res_p=   6.9388939039072284E-017  u(1,1,1)=   1.9458836112745159       p(1,1,1)=   123.71302557616647     
 DEBUG T iter      137550 min   302.03214170034767      max   1059.3024989933335     
 DEBUG T iter      137600 min   302.03214170341141      max   1059.3024993498370     
   SIMPLE iter      137600  res_p=   6.9388939039072284E-017  u(1,1,1)=   1.9458836112745159       p(1,1,1)=   123.71302557616647     
 DEBUG T iter      137650 min   302.03214170645788      max   1059.3024997043269     
 DEBUG T iter      137700 min   302.03214170948701      max   1059.3025000568102     
   SIMPLE iter      137700  res_p=   6.9388939039072284E-017  u(1,1,1)=   1.9458836112745159       p(1,1,1)=   123.71302557616647     
 DEBUG T iter      137750 min   302.03214171249903      max   1059.3025004073004     
 DEBUG T iter      137800 min   302.03214171549433      max   1059.3025007558133     
   SIMPLE iter      137800  res_p=   6.9388939039072284E-017  u(1,1,1)=   1.9458836112745159       p(1,1,1)=   123.71302557616647     
 DEBUG T iter      137850 min   302.03214171847253      max   1059.3025011023574     
 DEBUG T iter      137900 min   302.03214172143385      max   1059.3025014469354     
   SIMPLE iter      137900  res_p=   6.9388939039072284E-017  u(1,1,1)=   1.9458836112745159       p(1,1,1)=   123.71302557616647     
 DEBUG T iter      137950 min   302.03214172437856      max   1059.3025017895554     
 DEBUG T iter      138000 min   302.03214172730645      max   1059.3025021302337     
   SIMPLE iter      138000  res_p=   6.9388939039072284E-017  u(1,1,1)=   1.9458836112745159       p(1,1,1)=   123.71302557616647     
 DEBUG T iter      138050 min   302.03214173021780      max   1059.3025024689832     
 DEBUG T iter      138100 min   302.03214173311289      max   1059.3025028058132     
   SIMPLE iter      138100  res_p=   6.9388939039072284E-017  u(1,1,1)=   1.9458836112745159       p(1,1,1)=   123.71302557616647     
 DEBUG T iter      138150 min   302.03214173599139      max   1059.3025031407410     
 DEBUG T iter      138200 min   302.03214173885385      max   1059.3025034737734     
   SIMPLE iter      138200  res_p=   6.9388939039072284E-017  u(1,1,1)=   1.9458836112745159       p(1,1,1)=   123.71302557616647     
 DEBUG T iter      138250 min   302.03214174170012      max   1059.3025038049266     
 DEBUG T iter      138300 min   302.03214174453012      max   1059.3025041342107     
   SIMPLE iter      138300  res_p=   6.9388939039072284E-017  u(1,1,1)=   1.9458836112745159       p(1,1,1)=   123.71302557616647     
 DEBUG T iter      138350 min   302.03214174734421      max   1059.3025044616320     
 DEBUG T iter      138400 min   302.03214175014244      max   1059.3025047872138     
   SIMPLE iter      138400  res_p=   6.9388939039072284E-017  u(1,1,1)=   1.9458836112745159       p(1,1,1)=   123.71302557616647     
 DEBUG T iter      138450 min   302.03214175292487      max   1059.3025051109621     
 DEBUG T iter      138500 min   302.03214175569150      max   1059.3025054328709     
   SIMPLE iter      138500  res_p=   6.9388939039072284E-017  u(1,1,1)=   1.9458836112745159       p(1,1,1)=   123.71302557616647     
 DEBUG T iter      138550 min   302.03214175844261      max   1059.3025057529594     
 DEBUG T iter      138600 min   302.03214176117797      max   1059.3025060712334     
   SIMPLE iter      138600  res_p=   6.9388939039072284E-017  u(1,1,1)=   1.9458836112745159       p(1,1,1)=   123.71302557616647     
 DEBUG T iter      138650 min   302.03214176389810      max   1059.3025063877171     
 DEBUG T iter      138700 min   302.03214176660276      max   1059.3025067024123     
   SIMPLE iter      138700  res_p=   6.9388939039072284E-017  u(1,1,1)=   1.9458836112745159       p(1,1,1)=   123.71302557616647     
 DEBUG T iter      138750 min   302.03214176929220      max   1059.3025070153387     
 DEBUG T iter      138800 min   302.03214177196645      max   1059.3025073265076     
   SIMPLE iter      138800  res_p=   6.9388939039072284E-017  u(1,1,1)=   1.9458836112745159       p(1,1,1)=   123.71302557616647     
 DEBUG T iter      138850 min   302.03214177462542      max   1059.3025076359229     
 DEBUG T iter      138900 min   302.03214177726943      max   1059.3025079435890     
   SIMPLE iter      138900  res_p=   6.9388939039072284E-017  u(1,1,1)=   1.9458836112745159       p(1,1,1)=   123.71302557616647     
 DEBUG T iter      138950 min   302.03214177989844      max   1059.3025082495183     
 DEBUG T iter      139000 min   302.03214178251284      max   1059.3025085537113     
   SIMPLE iter      139000  res_p=   6.9388939039072284E-017  u(1,1,1)=   1.9458836112745159       p(1,1,1)=   123.71302557616647     
 DEBUG T iter      139050 min   302.03214178511223      max   1059.3025088561865     
 DEBUG T iter      139100 min   302.03214178769713      max   1059.3025091569507     
   SIMPLE iter      139100  res_p=   6.9388939039072284E-017  u(1,1,1)=   1.9458836112745159       p(1,1,1)=   123.71302557616647     
 DEBUG T iter      139150 min   302.03214179026725      max   1059.3025094560130     
 DEBUG T iter      139200 min   302.03214179282298      max   1059.3025097533814     
   SIMPLE iter      139200  res_p=   6.9388939039072284E-017  u(1,1,1)=   1.9458836112745159       p(1,1,1)=   123.71302557616647     
 DEBUG T iter      139250 min   302.03214179536411      max   1059.3025100490679     
 DEBUG T iter      139300 min   302.03214179789092      max   1059.3025103430803     
   SIMPLE iter      139300  res_p=   6.9388939039072284E-017  u(1,1,1)=   1.9458836112745159       p(1,1,1)=   123.71302557616647     
 DEBUG T iter      139350 min   302.03214180040356      max   1059.3025106354248     
 DEBUG T iter      139400 min   302.03214180290195      max   1059.3025109261139     
   SIMPLE iter      139400  res_p=   6.9388939039072284E-017  u(1,1,1)=   1.9458836112745159       p(1,1,1)=   123.71302557616647     
 DEBUG T iter      139450 min   302.03214180538612      max   1059.3025112151583     
 DEBUG T iter      139500 min   302.03214180785636      max   1059.3025115025641     
   SIMPLE iter      139500  res_p=   6.9388939039072284E-017  u(1,1,1)=   1.9458836112745159       p(1,1,1)=   123.71302557616647     
 DEBUG T iter      139550 min   302.03214181031274      max   1059.3025117883437     
 DEBUG T iter      139600 min   302.03214181275513      max   1059.3025120725115     
   SIMPLE iter      139600  res_p=   6.9388939039072284E-017  u(1,1,1)=   1.9458836112745159       p(1,1,1)=   123.71302557616647     
 DEBUG T iter      139650 min   302.03214181518371      max   1059.3025123550781     
 DEBUG T iter      139700 min   302.03214181759859      max   1059.3025126360494     
   SIMPLE iter      139700  res_p=   6.9388939039072284E-017  u(1,1,1)=   1.9458836112745159       p(1,1,1)=   123.71302557616647     
 DEBUG T iter      139750 min   302.03214181999988      max   1059.3025129154341     
 DEBUG T iter      139800 min   302.03214182238747      max   1059.3025131932454     
   SIMPLE iter      139800  res_p=   6.9388939039072284E-017  u(1,1,1)=   1.9458836112745159       p(1,1,1)=   123.71302557616647     
 DEBUG T iter      139850 min   302.03214182476160      max   1059.3025134694863     
 DEBUG T iter      139900 min   302.03214182712225      max   1059.3025137441668     
   SIMPLE iter      139900  res_p=   6.9388939039072284E-017  u(1,1,1)=   1.9458836112745159       p(1,1,1)=   123.71302557616647     
 DEBUG T iter      139950 min   302.03214182946965      max   1059.3025140172920     
 DEBUG T iter      140000 min   302.03214183180381      max   1059.3025142888728     
   SIMPLE iter      140000  res_p=   6.9388939039072284E-017  u(1,1,1)=   1.9458836112745159       p(1,1,1)=   123.71302557616647     
 DEBUG T iter      140050 min   302.03214183412479      max   1059.3025145589213     
 DEBUG T iter      140100 min   302.03214183643269      max   1059.3025148274394     
   SIMPLE iter      140100  res_p=   6.9388939039072284E-017  u(1,1,1)=   1.9458836112745159       p(1,1,1)=   123.71302557616647     
 DEBUG T iter      140150 min   302.03214183872734      max   1059.3025150944518     
 DEBUG T iter      140200 min   302.03214184100921      max   1059.3025153599542     
   SIMPLE iter      140200  res_p=   6.9388939039072284E-017  u(1,1,1)=   1.9458836112745159       p(1,1,1)=   123.71302557616647     
 DEBUG T iter      140250 min   302.03214184327817      max   1059.3025156239653     
 DEBUG T iter      140300 min   302.03214184553428      max   1059.3025158864939     
   SIMPLE iter      140300  res_p=   6.9388939039072284E-017  u(1,1,1)=   1.9458836112745159       p(1,1,1)=   123.71302557616647     
 DEBUG T iter      140350 min   302.03214184777772      max   1059.3025161475337     
 DEBUG T iter      140400 min   302.03214185000832      max   1059.3025164071109     
   SIMPLE iter      140400  res_p=   6.9388939039072284E-017  u(1,1,1)=   1.9458836112745159       p(1,1,1)=   123.71302557616647     
 DEBUG T iter      140450 min   302.03214185222635      max   1059.3025166652151     
 DEBUG T iter      140500 min   302.03214185443181      max   1059.3025169218563     
   SIMPLE iter      140500  res_p=   6.9388939039072284E-017  u(1,1,1)=   1.9458836112745159       p(1,1,1)=   123.71302557616647     
 DEBUG T iter      140550 min   302.03214185662489      max   1059.3025171770407     
 DEBUG T iter      140600 min   302.03214185880563      max   1059.3025174307745     
   SIMPLE iter      140600  res_p=   6.9388939039072284E-017  u(1,1,1)=   1.9458836112745159       p(1,1,1)=   123.71302557616647     
 DEBUG T iter      140650 min   302.03214186097404      max   1059.3025176830720     
 DEBUG T iter      140700 min   302.03214186313016      max   1059.3025179339522     
   SIMPLE iter      140700  res_p=   6.9388939039072284E-017  u(1,1,1)=   1.9458836112745159       p(1,1,1)=   123.71302557616647     
 DEBUG T iter      140750 min   302.03214186527418      max   1059.3025181834139     
 DEBUG T iter      140800 min   302.03214186740587      max   1059.3025184314643     
   SIMPLE iter      140800  res_p=   6.9388939039072284E-017  u(1,1,1)=   1.9458836112745159       p(1,1,1)=   123.71302557616647     
 DEBUG T iter      140850 min   302.03214186952573      max   1059.3025186781133     
 DEBUG T iter      140900 min   302.03214187163360      max   1059.3025189233622     
   SIMPLE iter      140900  res_p=   6.9388939039072284E-017  u(1,1,1)=   1.9458836112745159       p(1,1,1)=   123.71302557616647     
 DEBUG T iter      140950 min   302.03214187372930      max   1059.3025191672218     
 DEBUG T iter      141000 min   302.03214187581329      max   1059.3025194096979     
   SIMPLE iter      141000  res_p=   6.9388939039072284E-017  u(1,1,1)=   1.9458836112745159       p(1,1,1)=   123.71302557616647     
 DEBUG T iter      141050 min   302.03214187788558      max   1059.3025196507992     
 DEBUG T iter      141100 min   302.03214187994615      max   1059.3025198905373     
   SIMPLE iter      141100  res_p=   6.9388939039072284E-017  u(1,1,1)=   1.9458836112745159       p(1,1,1)=   123.71302557616647     
 DEBUG T iter      141150 min   302.03214188199507      max   1059.3025201289161     
 DEBUG T iter      141200 min   302.03214188403246      max   1059.3025203659540     
   SIMPLE iter      141200  res_p=   6.9388939039072284E-017  u(1,1,1)=   1.9458836112745159       p(1,1,1)=   123.71302557616647     
 DEBUG T iter      141250 min   302.03214188605824      max   1059.3025206016630     
 DEBUG T iter      141300 min   302.03214188807260      max   1059.3025208360339     
   SIMPLE iter      141300  res_p=   6.9388939039072284E-017  u(1,1,1)=   1.9458836112745159       p(1,1,1)=   123.71302557616647     
 DEBUG T iter      141350 min   302.03214189007565      max   1059.3025210690766     
 DEBUG T iter      141400 min   302.03214189206727      max   1059.3025213008032     
   SIMPLE iter      141400  res_p=   6.9388939039072284E-017  u(1,1,1)=   1.9458836112745159       p(1,1,1)=   123.71302557616647     
 DEBUG T iter      141450 min   302.03214189404775      max   1059.3025215312275     
 DEBUG T iter      141500 min   302.03214189601692      max   1059.3025217603558     
   SIMPLE iter      141500  res_p=   6.9388939039072284E-017  u(1,1,1)=   1.9458836112745159       p(1,1,1)=   123.71302557616647     
 DEBUG T iter      141550 min   302.03214189797495      max   1059.3025219881915     
 DEBUG T iter      141600 min   302.03214189992184      max   1059.3025222147403     
   SIMPLE iter      141600  res_p=   6.9388939039072284E-017  u(1,1,1)=   1.9458836112745159       p(1,1,1)=   123.71302557616647     
 DEBUG T iter      141650 min   302.03214190185793      max   1059.3025224400064     
 DEBUG T iter      141700 min   302.03214190378299      max   1059.3025226639941     
   SIMPLE iter      141700  res_p=   6.9388939039072284E-017  u(1,1,1)=   1.9458836112745159       p(1,1,1)=   123.71302557616647     
 DEBUG T iter      141750 min   302.03214190569730      max   1059.3025228867182     
 DEBUG T iter      141800 min   302.03214190760065      max   1059.3025231081783     
   SIMPLE iter      141800  res_p=   6.9388939039072284E-017  u(1,1,1)=   1.9458836112745159       p(1,1,1)=   123.71302557616647     
 DEBUG T iter      141850 min   302.03214190949336      max   1059.3025233283893     
 DEBUG T iter      141900 min   302.03214191137528      max   1059.3025235473642     
   SIMPLE iter      141900  res_p=   6.9388939039072284E-017  u(1,1,1)=   1.9458836112745159       p(1,1,1)=   123.71302557616647     
 DEBUG T iter      141950 min   302.03214191324662      max   1059.3025237651054     
 DEBUG T iter      142000 min   302.03214191510727      max   1059.3025239816225     
   SIMPLE iter      142000  res_p=   6.9388939039072284E-017  u(1,1,1)=   1.9458836112745159       p(1,1,1)=   123.71302557616647     
 DEBUG T iter      142050 min   302.03214191695764      max   1059.3025241969219     
 DEBUG T iter      142100 min   302.03214191879744      max   1059.3025244110079     
   SIMPLE iter      142100  res_p=   6.9388939039072284E-017  u(1,1,1)=   1.9458836112745159       p(1,1,1)=   123.71302557616647     
 DEBUG T iter      142150 min   302.03214192062666      max   1059.3025246238817     
 DEBUG T iter      142200 min   302.03214192244570      max   1059.3025248355552     
   SIMPLE iter      142200  res_p=   6.9388939039072284E-017  u(1,1,1)=   1.9458836112745159       p(1,1,1)=   123.71302557616647     
 DEBUG T iter      142250 min   302.03214192425446      max   1059.3025250460282     
 DEBUG T iter      142300 min   302.03214192605287      max   1059.3025252553102     
   SIMPLE iter      142300  res_p=   6.9388939039072284E-017  u(1,1,1)=   1.9458836112745159       p(1,1,1)=   123.71302557616647     
 DEBUG T iter      142350 min   302.03214192784122      max   1059.3025254634101     
 DEBUG T iter      142400 min   302.03214192961957      max   1059.3025256703279     
   SIMPLE iter      142400  res_p=   6.9388939039072284E-017  u(1,1,1)=   1.9458836112745159       p(1,1,1)=   123.71302557616647     
 DEBUG T iter      142450 min   302.03214193138780      max   1059.3025258760706     
 DEBUG T iter      142500 min   302.03214193314608      max   1059.3025260806457     
   SIMPLE iter      142500  res_p=   6.9388939039072284E-017  u(1,1,1)=   1.9458836112745159       p(1,1,1)=   123.71302557616647     
 DEBUG T iter      142550 min   302.03214193489430      max   1059.3025262840649     
 DEBUG T iter      142600 min   302.03214193663268      max   1059.3025264863331     
   SIMPLE iter      142600  res_p=   6.9388939039072284E-017  u(1,1,1)=   1.9458836112745159       p(1,1,1)=   123.71302557616647     
 DEBUG T iter      142650 min   302.03214193836129      max   1059.3025266874606     
 DEBUG T iter      142700 min   302.03214194008007      max   1059.3025268874530     
   SIMPLE iter      142700  res_p=   6.9388939039072284E-017  u(1,1,1)=   1.9458836112745159       p(1,1,1)=   123.71302557616647     
 DEBUG T iter      142750 min   302.03214194178935      max   1059.3025270863109     
 DEBUG T iter      142800 min   302.03214194348874      max   1059.3025272840468     
   SIMPLE iter      142800  res_p=   6.9388939039072284E-017  u(1,1,1)=   1.9458836112745159       p(1,1,1)=   123.71302557616647     
 DEBUG T iter      142850 min   302.03214194517864      max   1059.3025274806650     
 DEBUG T iter      142900 min   302.03214194685864      max   1059.3025276761703     
   SIMPLE iter      142900  res_p=   6.9388939039072284E-017  u(1,1,1)=   1.9458836112745159       p(1,1,1)=   123.71302557616647     
 DEBUG T iter      142950 min   302.03214194852961      max   1059.3025278705650     
 DEBUG T iter      143000 min   302.03214195019092      max   1059.3025280638535     
   SIMPLE iter      143000  res_p=   6.9388939039072284E-017  u(1,1,1)=   1.9458836112745159       p(1,1,1)=   123.71302557616647     
 DEBUG T iter      143050 min   302.03214195184290      max   1059.3025282560511     
 DEBUG T iter      143100 min   302.03214195348545      max   1059.3025284471630     
   SIMPLE iter      143100  res_p=   6.9388939039072284E-017  u(1,1,1)=   1.9458836112745159       p(1,1,1)=   123.71302557616647     
 DEBUG T iter      143150 min   302.03214195511885      max   1059.3025286371935     
 DEBUG T iter      143200 min   302.03214195674298      max   1059.3025288261517     
   SIMPLE iter      143200  res_p=   6.9388939039072284E-017  u(1,1,1)=   1.9458836112745159       p(1,1,1)=   123.71302557616647     
 DEBUG T iter      143250 min   302.03214195835784      max   1059.3025290140508     
 DEBUG T iter      143300 min   302.03214195996367      max   1059.3025292008949     
   SIMPLE iter      143300  res_p=   6.9388939039072284E-017  u(1,1,1)=   1.9458836112745159       p(1,1,1)=   123.71302557616647     
 DEBUG T iter      143350 min   302.03214196156051      max   1059.3025293866838     
 DEBUG T iter      143400 min   302.03214196314838      max   1059.3025295714137     
   SIMPLE iter      143400  res_p=   6.9388939039072284E-017  u(1,1,1)=   1.9458836112745159       p(1,1,1)=   123.71302557616647     
 DEBUG T iter      143450 min   302.03214196472709      max   1059.3025297550973     
 DEBUG T iter      143500 min   302.03214196629699      max   1059.3025299377480     
   SIMPLE iter      143500  res_p=   6.9388939039072284E-017  u(1,1,1)=   1.9458836112745159       p(1,1,1)=   123.71302557616647     
 DEBUG T iter      143550 min   302.03214196785791      max   1059.3025301193718     
 DEBUG T iter      143600 min   302.03214196940996      max   1059.3025302999704     
   SIMPLE iter      143600  res_p=   6.9388939039072284E-017  u(1,1,1)=   1.9458836112745159       p(1,1,1)=   123.71302557616647     
 DEBUG T iter      143650 min   302.03214197095321      max   1059.3025304795485     
 DEBUG T iter      143700 min   302.03214197248781      max   1059.3025306581121     
   SIMPLE iter      143700  res_p=   6.9388939039072284E-017  u(1,1,1)=   1.9458836112745159       p(1,1,1)=   123.71302557616647     
 DEBUG T iter      143750 min   302.03214197401383      max   1059.3025308356650     
 DEBUG T iter      143800 min   302.03214197553115      max   1059.3025310122187     
   SIMPLE iter      143800  res_p=   6.9388939039072284E-017  u(1,1,1)=   1.9458836112745159       p(1,1,1)=   123.71302557616647     
 DEBUG T iter      143850 min   302.03214197703994      max   1059.3025311877730     
 DEBUG T iter      143900 min   302.03214197854015      max   1059.3025313623295     
   SIMPLE iter      143900  res_p=   6.9388939039072284E-017  u(1,1,1)=   1.9458836112745159       p(1,1,1)=   123.71302557616647     
 DEBUG T iter      143950 min   302.03214198003195      max   1059.3025315359037     
 DEBUG T iter      144000 min   302.03214198151528      max   1059.3025317084921     
   SIMPLE iter      144000  res_p=   6.9388939039072284E-017  u(1,1,1)=   1.9458836112745159       p(1,1,1)=   123.71302557616647     
 DEBUG T iter      144050 min   302.03214198299031      max   1059.3025318801049     
 DEBUG T iter      144100 min   302.03214198445681      max   1059.3025320507568     
   SIMPLE iter      144100  res_p=   6.9388939039072284E-017  u(1,1,1)=   1.9458836112745159       p(1,1,1)=   123.71302557616647     
 DEBUG T iter      144150 min   302.03214198591536      max   1059.3025322204523     
 DEBUG T iter      144200 min   302.03214198736555      max   1059.3025323891900     
   SIMPLE iter      144200  res_p=   6.9388939039072284E-017  u(1,1,1)=   1.9458836112745159       p(1,1,1)=   123.71302557616647     
 DEBUG T iter      144250 min   302.03214198880761      max   1059.3025325569820     
 DEBUG T iter      144300 min   302.03214199024137      max   1059.3025327238238     
   SIMPLE iter      144300  res_p=   6.9388939039072284E-017  u(1,1,1)=   1.9458836112745159       p(1,1,1)=   123.71302557616647     
 DEBUG T iter      144350 min   302.03214199166700      max   1059.3025328897268     
 DEBUG T iter      144400 min   302.03214199308445      max   1059.3025330546966     
   SIMPLE iter      144400  res_p=   6.9388939039072284E-017  u(1,1,1)=   1.9458836112745159       p(1,1,1)=   123.71302557616647     
 DEBUG T iter      144450 min   302.03214199449400      max   1059.3025332187399     
 DEBUG T iter      144500 min   302.03214199589536      max   1059.3025333818480     
   SIMPLE iter      144500  res_p=   6.9388939039072284E-017  u(1,1,1)=   1.9458836112745159       p(1,1,1)=   123.71302557616647     
 DEBUG T iter      144550 min   302.03214199728922      max   1059.3025335440266     
 DEBUG T iter      144600 min   302.03214199867494      max   1059.3025337052854     
   SIMPLE iter      144600  res_p=   6.9388939039072284E-017  u(1,1,1)=   1.9458836112745159       p(1,1,1)=   123.71302557616647     
 DEBUG T iter      144650 min   302.03214200005283      max   1059.3025338656278     
 DEBUG T iter      144700 min   302.03214200142315      max   1059.3025340250613     
   SIMPLE iter      144700  res_p=   6.9388939039072284E-017  u(1,1,1)=   1.9458836112745159       p(1,1,1)=   123.71302557616647     
 DEBUG T iter      144750 min   302.03214200278558      max   1059.3025341835892     
 DEBUG T iter      144800 min   302.03214200414033      max   1059.3025343412189     
   SIMPLE iter      144800  res_p=   6.9388939039072284E-017  u(1,1,1)=   1.9458836112745159       p(1,1,1)=   123.71302557616647     
 DEBUG T iter      144850 min   302.03214200548740      max   1059.3025344979546     
 DEBUG T iter      144900 min   302.03214200682697      max   1059.3025346538061     
   SIMPLE iter      144900  res_p=   6.9388939039072284E-017  u(1,1,1)=   1.9458836112745159       p(1,1,1)=   123.71302557616647     
 DEBUG T iter      144950 min   302.03214200815898      max   1059.3025348087790     
 DEBUG T iter      145000 min   302.03214200948355      max   1059.3025349628740     
   SIMPLE iter      145000  res_p=   6.9388939039072284E-017  u(1,1,1)=   1.9458836112745159       p(1,1,1)=   123.71302557616647     
 DEBUG T iter      145050 min   302.03214201080056      max   1059.3025351160938     
 DEBUG T iter      145100 min   302.03214201211011      max   1059.3025352684515     
   SIMPLE iter      145100  res_p=   6.9388939039072284E-017  u(1,1,1)=   1.9458836112745159       p(1,1,1)=   123.71302557616647     
 DEBUG T iter      145150 min   302.03214201341211      max   1059.3025354199497     
 DEBUG T iter      145200 min   302.03214201470689      max   1059.3025355705922     
   SIMPLE iter      145200  res_p=   6.9388939039072284E-017  u(1,1,1)=   1.9458836112745159       p(1,1,1)=   123.71302557616647     
 DEBUG T iter      145250 min   302.03214201599422      max   1059.3025357203760     
 DEBUG T iter      145300 min   302.03214201727434      max   1059.3025358693160     
   SIMPLE iter      145300  res_p=   6.9388939039072284E-017  u(1,1,1)=   1.9458836112745159       p(1,1,1)=   123.71302557616647     
 DEBUG T iter      145350 min   302.03214201854706      max   1059.3025360174186     
 DEBUG T iter      145400 min   302.03214201981251      max   1059.3025361646824     
   SIMPLE iter      145400  res_p=   6.9388939039072284E-017  u(1,1,1)=   1.9458836112745159       p(1,1,1)=   123.71302557616647     
 DEBUG T iter      145450 min   302.03214202107119      max   1059.3025363111103     
 DEBUG T iter      145500 min   302.03214202232272      max   1059.3025364567136     
   SIMPLE iter      145500  res_p=   6.9388939039072284E-017  u(1,1,1)=   1.9458836112745159       p(1,1,1)=   123.71302557616647     
 DEBUG T iter      145550 min   302.03214202356702      max   1059.3025366014942     
 DEBUG T iter      145600 min   302.03214202480433      max   1059.3025367454595     
   SIMPLE iter      145600  res_p=   6.9388939039072284E-017  u(1,1,1)=   1.9458836112745159       p(1,1,1)=   123.71302557616647     
 DEBUG T iter      145650 min   302.03214202603471      max   1059.3025368886113     
 DEBUG T iter      145700 min   302.03214202725809      max   1059.3025370309501     
   SIMPLE iter      145700  res_p=   6.9388939039072284E-017  u(1,1,1)=   1.9458836112745159       p(1,1,1)=   123.71302557616647     
 DEBUG T iter      145750 min   302.03214202847454      max   1059.3025371724862     
 DEBUG T iter      145800 min   302.03214202968422      max   1059.3025373132223     
   SIMPLE iter      145800  res_p=   6.9388939039072284E-017  u(1,1,1)=   1.9458836112745159       p(1,1,1)=   123.71302557616647     
 DEBUG T iter      145850 min   302.03214203088703      max   1059.3025374531617     
 DEBUG T iter      145900 min   302.03214203208307      max   1059.3025375923062     
   SIMPLE iter      145900  res_p=   6.9388939039072284E-017  u(1,1,1)=   1.9458836112745159       p(1,1,1)=   123.71302557616647     
 DEBUG T iter      145950 min   302.03214203327241      max   1059.3025377306672     
 DEBUG T iter      146000 min   302.03214203445498      max   1059.3025378682428     
   SIMPLE iter      146000  res_p=   6.9388939039072284E-017  u(1,1,1)=   1.9458836112745159       p(1,1,1)=   123.71302557616647     
 DEBUG T iter      146050 min   302.03214203563090      max   1059.3025380050449     
 DEBUG T iter      146100 min   302.03214203680000      max   1059.3025381410714     
   SIMPLE iter      146100  res_p=   6.9388939039072284E-017  u(1,1,1)=   1.9458836112745159       p(1,1,1)=   123.71302557616647     
 DEBUG T iter      146150 min   302.03214203796261      max   1059.3025382763271     
 DEBUG T iter      146200 min   302.03214203911847      max   1059.3025384108228     
   SIMPLE iter      146200  res_p=   6.9388939039072284E-017  u(1,1,1)=   1.9458836112745159       p(1,1,1)=   123.71302557616647     
 DEBUG T iter      146250 min   302.03214204026784      max   1059.3025385445676     
 DEBUG T iter      146300 min   302.03214204141068      max   1059.3025386775598     
   SIMPLE iter      146300  res_p=   6.9388939039072284E-017  u(1,1,1)=   1.9458836112745159       p(1,1,1)=   123.71302557616647     
 DEBUG T iter      146350 min   302.03214204254704      max   1059.3025388098013     
 DEBUG T iter      146400 min   302.03214204367714      max   1059.3025389412928     
   SIMPLE iter      146400  res_p=   6.9388939039072284E-017  u(1,1,1)=   1.9458836112745159       p(1,1,1)=   123.71302557616647     
 DEBUG T iter      146450 min   302.03214204480065      max   1059.3025390720429     
 DEBUG T iter      146500 min   302.03214204591814      max   1059.3025392020595     
   SIMPLE iter      146500  res_p=   6.9388939039072284E-017  u(1,1,1)=   1.9458836112745159       p(1,1,1)=   123.71302557616647     
 DEBUG T iter      146550 min   302.03214204702920      max   1059.3025393313346     
 DEBUG T iter      146600 min   302.03214204813389      max   1059.3025394598781     
   SIMPLE iter      146600  res_p=   6.9388939039072284E-017  u(1,1,1)=   1.9458836112745159       p(1,1,1)=   123.71302557616647     
 DEBUG T iter      146650 min   302.03214204923233      max   1059.3025395876964     
 DEBUG T iter      146700 min   302.03214205032475      max   1059.3025397147942     
   SIMPLE iter      146700  res_p=   6.9388939039072284E-017  u(1,1,1)=   1.9458836112745159       p(1,1,1)=   123.71302557616647     
 DEBUG T iter      146750 min   302.03214205141091      max   1059.3025398411687     
 DEBUG T iter      146800 min   302.03214205249094      max   1059.3025399668275     
   SIMPLE iter      146800  res_p=   6.9388939039072284E-017  u(1,1,1)=   1.9458836112745159       p(1,1,1)=   123.71302557616647     
 DEBUG T iter      146850 min   302.03214205356494      max   1059.3025400917786     
 DEBUG T iter      146900 min   302.03214205463280      max   1059.3025402160304     
   SIMPLE iter      146900  res_p=   6.9388939039072284E-017  u(1,1,1)=   1.9458836112745159       p(1,1,1)=   123.71302557616647     
 DEBUG T iter      146950 min   302.03214205569458      max   1059.3025403395848     
 DEBUG T iter      147000 min   302.03214205675062      max   1059.3025404624432     
   SIMPLE iter      147000  res_p=   6.9388939039072284E-017  u(1,1,1)=   1.9458836112745159       p(1,1,1)=   123.71302557616647     
 DEBUG T iter      147050 min   302.03214205780051      max   1059.3025405846095     
 DEBUG T iter      147100 min   302.03214205884450      max   1059.3025407060882     
   SIMPLE iter      147100  res_p=   6.9388939039072284E-017  u(1,1,1)=   1.9458836112745159       p(1,1,1)=   123.71302557616647     
 DEBUG T iter      147150 min   302.03214205988257      max   1059.3025408268902     
 DEBUG T iter      147200 min   302.03214206091462      max   1059.3025409470038     
   SIMPLE iter      147200  res_p=   6.9388939039072284E-017  u(1,1,1)=   1.9458836112745159       p(1,1,1)=   123.71302557616647     
 DEBUG T iter      147250 min   302.03214206194099      max   1059.3025410664338     
 DEBUG T iter      147300 min   302.03214206296133      max   1059.3025411851886     
   SIMPLE iter      147300  res_p=   6.9388939039072284E-017  u(1,1,1)=   1.9458836112745159       p(1,1,1)=   123.71302557616647     
 DEBUG T iter      147350 min   302.03214206397593      max   1059.3025413032681     
 DEBUG T iter      147400 min   302.03214206498478      max   1059.3025414206904     
   SIMPLE iter      147400  res_p=   6.9388939039072284E-017  u(1,1,1)=   1.9458836112745159       p(1,1,1)=   123.71302557616647     
 DEBUG T iter      147450 min   302.03214206598795      max   1059.3025415374427     
 DEBUG T iter      147500 min   302.03214206698556      max   1059.3025416535334     
   SIMPLE iter      147500  res_p=   6.9388939039072284E-017  u(1,1,1)=   1.9458836112745159       p(1,1,1)=   123.71302557616647     
 DEBUG T iter      147550 min   302.03214206797747      max   1059.3025417689655     
 DEBUG T iter      147600 min   302.03214206896376      max   1059.3025418837401     
   SIMPLE iter      147600  res_p=   6.9388939039072284E-017  u(1,1,1)=   1.9458836112745159       p(1,1,1)=   123.71302557616647     
 DEBUG T iter      147650 min   302.03214206994460      max   1059.3025419978690     
 DEBUG T iter      147700 min   302.03214207091992      max   1059.3025421113525     
   SIMPLE iter      147700  res_p=   6.9388939039072284E-017  u(1,1,1)=   1.9458836112745159       p(1,1,1)=   123.71302557616647     
 DEBUG T iter      147750 min   302.03214207188955      max   1059.3025422241931     
 DEBUG T iter      147800 min   302.03214207285373      max   1059.3025423363977     
   SIMPLE iter      147800  res_p=   6.9388939039072284E-017  u(1,1,1)=   1.9458836112745159       p(1,1,1)=   123.71302557616647     
 DEBUG T iter      147850 min   302.03214207381257      max   1059.3025424479656     
 DEBUG T iter      147900 min   302.03214207476611      max   1059.3025425588985     
   SIMPLE iter      147900  res_p=   6.9388939039072284E-017  u(1,1,1)=   1.9458836112745159       p(1,1,1)=   123.71302557616647     
 DEBUG T iter      147950 min   302.03214207571409      max   1059.3025426692002     
 DEBUG T iter      148000 min   302.03214207665690      max   1059.3025427788782     
   SIMPLE iter      148000  res_p=   6.9388939039072284E-017  u(1,1,1)=   1.9458836112745159       p(1,1,1)=   123.71302557616647     
 DEBUG T iter      148050 min   302.03214207759424      max   1059.3025428879353     
 DEBUG T iter      148100 min   302.03214207852642      max   1059.3025429963782     
   SIMPLE iter      148100  res_p=   6.9388939039072284E-017  u(1,1,1)=   1.9458836112745159       p(1,1,1)=   123.71302557616647     
 DEBUG T iter      148150 min   302.03214207945319      max   1059.3025431042090     
 DEBUG T iter      148200 min   302.03214208037485      max   1059.3025432114287     
   SIMPLE iter      148200  res_p=   6.9388939039072284E-017  u(1,1,1)=   1.9458836112745159       p(1,1,1)=   123.71302557616647     
 DEBUG T iter      148250 min   302.03214208129140      max   1059.3025433180430     
 DEBUG T iter      148300 min   302.03214208220260      max   1059.3025434240546     
   SIMPLE iter      148300  res_p=   6.9388939039072284E-017  u(1,1,1)=   1.9458836112745159       p(1,1,1)=   123.71302557616647     
 DEBUG T iter      148350 min   302.03214208310879      max   1059.3025435294619     
 DEBUG T iter      148400 min   302.03214208400959      max   1059.3025436342746     
   SIMPLE iter      148400  res_p=   6.9388939039072284E-017  u(1,1,1)=   1.9458836112745159       p(1,1,1)=   123.71302557616647     
 DEBUG T iter      148450 min   302.03214208490539      max   1059.3025437384920     
 DEBUG T iter      148500 min   302.03214208579607      max   1059.3025438421246     
   SIMPLE iter      148500  res_p=   6.9388939039072284E-017  u(1,1,1)=   1.9458836112745159       p(1,1,1)=   123.71302557616647     
 DEBUG T iter      148550 min   302.03214208668163      max   1059.3025439451771     
 DEBUG T iter      148600 min   302.03214208756225      max   1059.3025440476483     
   SIMPLE iter      148600  res_p=   6.9388939039072284E-017  u(1,1,1)=   1.9458836112745159       p(1,1,1)=   123.71302557616647     
 DEBUG T iter      148650 min   302.03214208843787      max   1059.3025441495397     
 DEBUG T iter      148700 min   302.03214208930848      max   1059.3025442508572     
   SIMPLE iter      148700  res_p=   6.9388939039072284E-017  u(1,1,1)=   1.9458836112745159       p(1,1,1)=   123.71302557616647     
 DEBUG T iter      148750 min   302.03214209017420      max   1059.3025443516005     
 DEBUG T iter      148800 min   302.03214209103515      max   1059.3025444517718     
   SIMPLE iter      148800  res_p=   6.9388939039072284E-017  u(1,1,1)=   1.9458836112745159       p(1,1,1)=   123.71302557616647     
 DEBUG T iter      148850 min   302.03214209189116      max   1059.3025445513754     
 DEBUG T iter      148900 min   302.03214209274239      max   1059.3025446504193     
   SIMPLE iter      148900  res_p=   6.9388939039072284E-017  u(1,1,1)=   1.9458836112745159       p(1,1,1)=   123.71302557616647     
 DEBUG T iter      148950 min   302.03214209358873      max   1059.3025447488999     
 DEBUG T iter      149000 min   302.03214209443041      max   1059.3025448468291     
   SIMPLE iter      149000  res_p=   6.9388939039072284E-017  u(1,1,1)=   1.9458836112745159       p(1,1,1)=   123.71302557616647     
 DEBUG T iter      149050 min   302.03214209526732      max   1059.3025449442014     
 DEBUG T iter      149100 min   302.03214209609945      max   1059.3025450410230     
   SIMPLE iter      149100  res_p=   6.9388939039072284E-017  u(1,1,1)=   1.9458836112745159       p(1,1,1)=   123.71302557616647     
 DEBUG T iter      149150 min   302.03214209692698      max   1059.3025451372948     
 DEBUG T iter      149200 min   302.03214209774973      max   1059.3025452330212     
   SIMPLE iter      149200  res_p=   6.9388939039072284E-017  u(1,1,1)=   1.9458836112745159       p(1,1,1)=   123.71302557616647     
 DEBUG T iter      149250 min   302.03214209856804      max   1059.3025453282066     
 DEBUG T iter      149300 min   302.03214209938164      max   1059.3025454228527     
   SIMPLE iter      149300  res_p=   6.9388939039072284E-017  u(1,1,1)=   1.9458836112745159       p(1,1,1)=   123.71302557616647     
 DEBUG T iter      149350 min   302.03214210019064      max   1059.3025455169604     
 DEBUG T iter      149400 min   302.03214210099497      max   1059.3025456105333     
   SIMPLE iter      149400  res_p=   6.9388939039072284E-017  u(1,1,1)=   1.9458836112745159       p(1,1,1)=   123.71302557616647     
 DEBUG T iter      149450 min   302.03214210179499      max   1059.3025457035790     
 DEBUG T iter      149500 min   302.03214210259029      max   1059.3025457960994     
   SIMPLE iter      149500  res_p=   6.9388939039072284E-017  u(1,1,1)=   1.9458836112745159       p(1,1,1)=   123.71302557616647     
 DEBUG T iter      149550 min   302.03214210338126      max   1059.3025458880973     
 DEBUG T iter      149600 min   302.03214210416758      max   1059.3025459795801     
   SIMPLE iter      149600  res_p=   6.9388939039072284E-017  u(1,1,1)=   1.9458836112745159       p(1,1,1)=   123.71302557616647     
 DEBUG T iter      149650 min   302.03214210494951      max   1059.3025460705451     
 DEBUG T iter      149700 min   302.03214210572719      max   1059.3025461609948     
   SIMPLE iter      149700  res_p=   6.9388939039072284E-017  u(1,1,1)=   1.9458836112745159       p(1,1,1)=   123.71302557616647     
 DEBUG T iter      149750 min   302.03214210650026      max   1059.3025462509379     
 DEBUG T iter      149800 min   302.03214210726895      max   1059.3025463403760     
   SIMPLE iter      149800  res_p=   6.9388939039072284E-017  u(1,1,1)=   1.9458836112745159       p(1,1,1)=   123.71302557616647     
 DEBUG T iter      149850 min   302.03214210803333      max   1059.3025464293091     
 DEBUG T iter      149900 min   302.03214210879327      max   1059.3025465177354     
   SIMPLE iter      149900  res_p=   6.9388939039072284E-017  u(1,1,1)=   1.9458836112745159       p(1,1,1)=   123.71302557616647     
 DEBUG T iter      149950 min   302.03214210954889      max   1059.3025466056613     
 DEBUG T iter      150000 min   302.03214211030019      max   1059.3025466930890     
   SIMPLE iter      150000  res_p=   6.9388939039072284E-017  u(1,1,1)=   1.9458836112745159       p(1,1,1)=   123.71302557616647     
 Porous solver Block           1  SIMPLE iterations:      150001  res_p:   6.9388939039072284E-017
 --------------Force and Moment -----------------------------
 Total Force Coefficient (CL, CD, CS) =
   0.0000000000000000        0.0000000000000000        0.0000000000000000     
 Total Moment Coefficient(CMx, CMy, CMz)=
   0.0000000000000000        0.0000000000000000        0.0000000000000000     
 Kstep, t=           1   1.0000000000000000     
 ----------The Max Residuals are--------  ---Mesh---           1
    0.0000000000E+00    0.0000000000E+00    0.0000000000E+00    0.0000000000E+00    0.0000000000E+00
   The R.M.S Residuals are 
    0.0000000000E+00    0.0000000000E+00    0.0000000000E+00    0.0000000000E+00    0.0000000000E+00
 write flow3d.dat ......
 write flow3d.dat OK
 Output Ts to Ts_block_1.dat
 write VTK files ......
 write VTK files OK
