nohup: ignoring input
 ----------------- OpenCFD-EC3D ver 1.14a (MPI-OpenMP version)------------------
         Copyright by Li Xinliang, lixl@imech.ac.cn                            
         Programming by Li Xinliang  2016-1                                   
 ----------------------------------------------------------------------------- 
 Check if Multi-Grid can be used ...
 Total Block number is            2 Total Cell number is         9600
 Check multigrid OK
 can not find partation.dat,  create partation ...
 Partation ......
 Total Cell number=        9600
 Total Grid number=       19724
 Max grid number is        19724  ... rato to mean grid is   1.0000000000000000     
 Min grid number is        19724  ... rato to mean grid is   1.0000000000000000     
 rato max to min is    1.0000000000000000     
 Read material.in OK, Total_block=           2
   Block           1 : Block_type=           0  rho=   0.0000000000000000       Cp=   0.0000000000000000       k=   0.0000000000000000     
   Block           2 : Block_type=           1  rho=   7800.0000000000000       Cp=   460.00000000000000       k=   50.000000000000000     
 porous.inp not found: porous blocks use defaults (eps=0.9, dp=1e-3 m, hv=0)
 creat main mesh OK, Num_Cell=        9600
  read main mesh ...
 read Mesh3d.dat OK
 Convert bc3d.inp to bc3d.inc ...
 Convert bc3d.inp to bc3d.inc OK
 read bc3d.inc (Link/boundary file)......
 read bc3d.inc OK
 Convert bc3d_interface.inp to bc3d_interface.inc ...
 Convert bc3d_interface.inp to bc3d_interface.inc OK
 read bc3d_interface.inc (Interface link file)......
 read bc3d_interface.inc OK
 Read solid_bc.inp OK
   Block           2  (solid):           1  thermal BC faces
     face           5  Tw=   300.00000000000000       Qw=   0.0000000000000000     
  Need not read wall_dist.dat 
 No FDM.in, Donot use hybrid FVM/FDM
 my_id, block_no, FDM, FD_Flux, FD_Scheme=           0           1           0
 my_id, block_no, FDM, FD_Flux, FD_Scheme=           0           2           0
 comput Jocabian OK ...
 Check mesh quality ......
 Check mesh quality OK
 Initial by Free-stream flow ......
  Start ......
  Staggered segmented coupling mode (Iflag_Couple_Scheme=1) ...
  run_staggered_multiregion: block types F/L/S/P = T F T F
  run_staggered_multiregion: pairs 11/12/13/19 = T F F F
  run_staggered_fluid_solid(paircode=          11 ): solid block           2  fluid block           1  Kstep_Couple_Comp=         200  Niter_Couple_Outer=           5  Twall_Couple_Init=   300.00000000000000     
  outer iter           1 : flow chunk steps =         200
 --------------Force and Moment -----------------------------
 Total Force Coefficient (CL, CD, CS) =
  -1.4157711372145601E-002   2.0000000000000000        0.0000000000000000     
 Total Moment Coefficient(CMx, CMy, CMz)=
   3.5394278430364002E-003  0.50000000000000000       -7.0788605632053489E-003
 Kstep, t=           1   1.0000000000000000     
 ----------The Max Residuals are--------  ---Mesh---           1
    0.4336808690E-18    0.1250000010E-01    0.4983016127E-06    0.3388131789E-20    0.9765638953E-10
   The R.M.S Residuals are 
    0.5213496875E-19    0.1141088670E-02    0.7192364256E-08    0.3783623562E-21    0.1260736425E-10
 --------------Force and Moment -----------------------------
 Total Force Coefficient (CL, CD, CS) =
  -9.7295323342163953E-002   1.8055612614566707       -7.4646704488303174E-020
 Total Moment Coefficient(CMx, CMy, CMz)=
   2.4323830835540988E-002  0.45139031536416768       -4.8648212903657159E-002
 Kstep, t=           2   2.0000000000000000     
 ----------The Max Residuals are--------  ---Mesh---           1
    0.1160254428E-03    0.9688301656E-02    0.2733897160E-03    0.9198448744E-20    0.1516244234E-02
   The R.M.S Residuals are 
    0.1232112802E-04    0.8913608732E-03    0.3453805659E-04    0.1329239570E-20    0.1700996451E-03
 --------------Force and Moment -----------------------------
 Total Force Coefficient (CL, CD, CS) =
 -0.11046229104313102        1.3831881473290382       -2.1405939626011417E-020
 Total Moment Coefficient(CMx, CMy, CMz)=
   2.7615572760782747E-002  0.34579703683225954       -5.5231879027331551E-002
 Kstep, t=           3   3.0000000000000000     
 ----------The Max Residuals are--------  ---Mesh---           1
    0.1512052779E-03    0.6131310000E-02    0.2545844179E-03    0.9775975908E-20    0.1315230896E-02
   The R.M.S Residuals are 
    0.1512635804E-04    0.5830386615E-03    0.3347596924E-04    0.1774466213E-20    0.1349367954E-03
 --------------Force and Moment -----------------------------
 Total Force Coefficient (CL, CD, CS) =
 -0.11014142663851420        1.0633777504266975        1.7982941300888572E-020
 Total Moment Coefficient(CMx, CMy, CMz)=
   2.7535356659628561E-002  0.26584443760667437       -5.5071469045295453E-002
 Kstep, t=           4   4.0000000000000000     
 ----------The Max Residuals are--------  ---Mesh---           1
    0.1712040045E-03    0.3684817584E-02    0.1993402682E-03    0.1142454041E-19    0.9237247932E-03
   The R.M.S Residuals are 
    0.1701227037E-04    0.3827972486E-03    0.2979257178E-04    0.1863432362E-20    0.9801933176E-04
 --------------Force and Moment -----------------------------
 Total Force Coefficient (CL, CD, CS) =
 -0.10700705155716650       0.84799338050232587       -5.0412286515300945E-020
 Total Moment Coefficient(CMx, CMy, CMz)=
   2.6751762889291646E-002  0.21199834512558147       -5.3504264219156640E-002
 Kstep, t=           5   5.0000000000000000     
 ----------The Max Residuals are--------  ---Mesh---           1
    0.1800319072E-03    0.2175131369E-02    0.1847525327E-03    0.1118146563E-19    0.6145620461E-03
   The R.M.S Residuals are 
    0.1829121141E-04    0.2707095145E-03    0.2757419246E-04    0.1883368442E-20    0.7894609134E-04
 --------------Force and Moment -----------------------------
 Total Force Coefficient (CL, CD, CS) =
 -0.10419524802501562       0.70527159366617465       -7.4866804229679066E-020
 Total Moment Coefficient(CMx, CMy, CMz)=
   2.6048812006253908E-002  0.17631789841654366       -5.2098328323246804E-002
 Kstep, t=           6   6.0000000000000000     
 ----------The Max Residuals are--------  ---Mesh---           1
    0.1800146895E-03    0.1659702586E-02    0.1643573878E-03    0.1096979787E-19    0.5011796266E-03
   The R.M.S Residuals are 
    0.1899708270E-04    0.2114233622E-03    0.2622502030E-04    0.2019329148E-20    0.7013478991E-04
 --------------Force and Moment -----------------------------
 Total Force Coefficient (CL, CD, CS) =
 -0.10225910337549944       0.60904546856840824       -6.6400345029753549E-021
 Total Moment Coefficient(CMx, CMy, CMz)=
   2.5564775843874864E-002  0.15226136714210206       -5.1130215466634620E-002
 Kstep, t=           7   7.0000000000000000     
 ----------The Max Residuals are--------  ---Mesh---           1
    0.1757959896E-03    0.1498543913E-02    0.1469862524E-03    0.1237764634E-19    0.5222179845E-03
   The R.M.S Residuals are 
    0.1973880538E-04    0.1789212360E-03    0.2489267347E-04    0.1812014298E-20    0.6503625461E-04
 --------------Force and Moment -----------------------------
 Total Force Coefficient (CL, CD, CS) =
 -0.10092318090934216       0.54192403786369647        6.5579510164124680E-020
 Total Moment Coefficient(CMx, CMy, CMz)=
   2.5230795227335557E-002  0.13548100946592412       -5.0462214650894482E-002
 Kstep, t=           8   8.0000000000000000     
 ----------The Max Residuals are--------  ---Mesh---           1
    0.1711461896E-03    0.1330526350E-02    0.1431057515E-03    0.1149832750E-19    0.4951575519E-03
   The R.M.S Residuals are 
    0.2057469338E-04    0.1586149150E-03    0.2387184341E-04    0.2105748942E-20    0.6093283087E-04
 --------------Force and Moment -----------------------------
 Total Force Coefficient (CL, CD, CS) =
  -9.9951052778825350E-002  0.49311085925909393        5.5583668121623533E-020
 Total Moment Coefficient(CMx, CMy, CMz)=
   2.4987763194706310E-002  0.12327771481477348       -4.9976115982680765E-002
 Kstep, t=           9   9.0000000000000000     
 ----------The Max Residuals are--------  ---Mesh---           1
    0.1667677239E-03    0.1170184318E-02    0.1374405365E-03    0.1289540971E-19    0.4473334412E-03
   The R.M.S Residuals are 
    0.2123417817E-04    0.1439654253E-03    0.2314036077E-04    0.1979562455E-20    0.5731617563E-04
 --------------Force and Moment -----------------------------
 Total Force Coefficient (CL, CD, CS) =
  -9.9214626686562182E-002  0.45605088165537727        2.9081370973786831E-020
 Total Moment Coefficient(CMx, CMy, CMz)=
   2.4803656671640542E-002  0.11401272041384432       -4.9607873002956708E-002
 Kstep, t=          10   10.000000000000000     
 ----------The Max Residuals are--------  ---Mesh---           1
    0.1624608455E-03    0.1026068980E-02    0.1238454706E-03    0.1084060744E-19    0.3969466925E-03
   The R.M.S Residuals are 
    0.2170740920E-04    0.1323947632E-03    0.2247251183E-04    0.2043045575E-20    0.5426622560E-04
 --------------Force and Moment -----------------------------
 Total Force Coefficient (CL, CD, CS) =
  -9.8614778017550420E-002  0.42675246975703646       -1.7719518955970710E-020
 Total Moment Coefficient(CMx, CMy, CMz)=
   2.4653694504387612E-002  0.10668811743925911       -4.9307921969781558E-002
 Kstep, t=          11   11.000000000000000     
 ----------The Max Residuals are--------  ---Mesh---           1
    0.1582613890E-03    0.9007920916E-03    0.1219828206E-03    0.1068546180E-19    0.3515743401E-03
   The R.M.S Residuals are 
    0.2217391169E-04    0.1228954401E-03    0.2178653198E-04    0.2159677854E-20    0.5190086464E-04
 --------------Force and Moment -----------------------------
 Total Force Coefficient (CL, CD, CS) =
  -9.8066207334820299E-002  0.40275256442129409        1.5553833911980619E-020
 Total Moment Coefficient(CMx, CMy, CMz)=
   2.4516551833705075E-002  0.10068814110532352       -4.9033612385716394E-002
 Kstep, t=          12   12.000000000000000     
 ----------The Max Residuals are--------  ---Mesh---           1
    0.1543156796E-03    0.7938391590E-03    0.1175395857E-03    0.1546481364E-19    0.3134858574E-03
   The R.M.S Residuals are 
    0.2270348923E-04    0.1149626011E-03    0.2119590120E-04    0.2092064606E-20    0.5011914315E-04
 --------------Force and Moment -----------------------------
 Total Force Coefficient (CL, CD, CS) =
  -9.7529504294962210E-002  0.38251179595981932       -2.9751864326246093E-021
 Total Moment Coefficient(CMx, CMy, CMz)=
   2.4382376073740566E-002   9.5627948989954831E-002  -4.8765238988622533E-002
 Kstep, t=          13   13.000000000000000     
 ----------The Max Residuals are--------  ---Mesh---           1
    0.1507188369E-03    0.7034083101E-03    0.1108452861E-03    0.1247794199E-19    0.2821011395E-03
   The R.M.S Residuals are 
    0.2317170619E-04    0.1082172998E-03    0.2073393741E-04    0.2317944746E-20    0.4863629974E-04
 --------------Force and Moment -----------------------------
 Total Force Coefficient (CL, CD, CS) =
  -9.6998158869424131E-002  0.36505038075427526       -2.9636499327459363E-020
 Total Moment Coefficient(CMx, CMy, CMz)=
   2.4249539717356029E-002   9.1262595188568815E-002  -4.8499546409735209E-002
 Kstep, t=          14   14.000000000000000     
 ----------The Max Residuals are--------  ---Mesh---           1
    0.1474394748E-03    0.6632320378E-03    0.1068785924E-03    0.1163234369E-19    0.2759299314E-03
   The R.M.S Residuals are 
    0.2355058722E-04    0.1024202759E-03    0.2033182063E-04    0.2225464615E-20    0.4738031611E-04
 --------------Force and Moment -----------------------------
 Total Force Coefficient (CL, CD, CS) =
  -9.6472641598742290E-002  0.34972000320458851       -2.7598601606727631E-020
 Total Moment Coefficient(CMx, CMy, CMz)=
   2.4118160399685565E-002   8.7430000801147129E-002  -4.8236769466247692E-002
 Kstep, t=          15   15.000000000000000     
 ----------The Max Residuals are--------  ---Mesh---           1
    0.1443948309E-03    0.6243819827E-03    0.1042755355E-03    0.1301403323E-19    0.2674611001E-03
   The R.M.S Residuals are 
    0.2387566275E-04    0.9740807825E-04    0.1992515939E-04    0.2288010248E-20    0.4633945829E-04
 --------------Force and Moment -----------------------------
 Total Force Coefficient (CL, CD, CS) =
  -9.5950034895153288E-002  0.33607388796446430        7.7103677200487776E-021
 Total Moment Coefficient(CMx, CMy, CMz)=
   2.3987508723788312E-002   8.4018471991116075E-002  -4.7975448964885280E-002
 Kstep, t=          16   16.000000000000000     
 ----------The Max Residuals are--------  ---Mesh---           1
    0.1415304854E-03    0.5876669451E-03    0.9975176749E-04    0.1484136664E-19    0.2583310363E-03
   The R.M.S Residuals are 
    0.2424487909E-04    0.9309158860E-04    0.1953517388E-04    0.2440316716E-20    0.4557472734E-04
 --------------Force and Moment -----------------------------
 Total Force Coefficient (CL, CD, CS) =
  -9.5426321515317075E-002  0.32379294442261536        7.2495010064008391E-021
 Total Moment Coefficient(CMx, CMy, CMz)=
   2.3856580378829262E-002   8.0948236105653840E-002  -4.7713576117764007E-002
 Kstep, t=          17   17.000000000000000     
 ----------The Max Residuals are--------  ---Mesh---           1
    0.1388247708E-03    0.5533532479E-03    0.9558397837E-04    0.1309316404E-19    0.2492309821E-03
   The R.M.S Residuals are 
    0.2461395867E-04    0.8932956848E-04    0.1920599499E-04    0.2398600993E-20    0.4496001504E-04
 --------------Force and Moment -----------------------------
 Total Force Coefficient (CL, CD, CS) =
  -9.4901562851051252E-002  0.31264487078684067        1.2981587244220334E-020
 Total Moment Coefficient(CMx, CMy, CMz)=
   2.3725390712762823E-002   7.8161217696710167E-002  -4.7451181526865178E-002
 Kstep, t=          18   18.000000000000000     
 ----------The Max Residuals are--------  ---Mesh---           1
    0.1362633376E-03    0.5212670477E-03    0.9391196401E-04    0.1529768438E-19    0.2400199471E-03
   The R.M.S Residuals are 
    0.2493678961E-04    0.8600629621E-04    0.1892493373E-04    0.2399922661E-20    0.4441736552E-04
 --------------Force and Moment -----------------------------
 Total Force Coefficient (CL, CD, CS) =
  -9.4377505985015653E-002  0.30245478485612615        2.1087170315295444E-021
 Total Moment Coefficient(CMx, CMy, CMz)=
   2.3594376496253937E-002   7.5613696214031537E-002  -4.7189138611798159E-002
 Kstep, t=          19   19.000000000000000     
 ----------The Max Residuals are--------  ---Mesh---           1
    0.1338311545E-03    0.4912692521E-03    0.9119621228E-04    0.1191284839E-19    0.2307416772E-03
   The R.M.S Residuals are 
    0.2521155002E-04    0.8304933643E-04    0.1865317487E-04    0.2417903654E-20    0.4392967827E-04
 --------------Force and Moment -----------------------------
 Total Force Coefficient (CL, CD, CS) =
  -9.3855389911996989E-002  0.29308615529111592       -1.3090844702796002E-020
 Total Moment Coefficient(CMx, CMy, CMz)=
   2.3463847477999244E-002   7.3271538822778981E-002  -4.6928066738612925E-002
 Kstep, t=          20   20.000000000000000     
 ----------The Max Residuals are--------  ---Mesh---           1
    0.1315131023E-03    0.4633173284E-03    0.8738087025E-04    0.1360205460E-19    0.2216634817E-03
   The R.M.S Residuals are 
    0.2548116081E-04    0.8042213435E-04    0.1837510146E-04    0.2431612810E-20    0.4353011820E-04
 --------------Force and Moment -----------------------------
 Total Force Coefficient (CL, CD, CS) =
  -9.3335218973850220E-002  0.28442939550494417        7.7978599540672358E-021
 Total Moment Coefficient(CMx, CMy, CMz)=
   2.3333804743462524E-002   7.1107348876236043E-002  -4.6667967969300006E-002
 Kstep, t=          21   21.000000000000000     
 ----------The Max Residuals are--------  ---Mesh---           1
    0.1292977475E-03    0.4390736885E-03    0.8575891797E-04    0.1327705016E-19    0.2130115810E-03
   The R.M.S Residuals are 
    0.2577610620E-04    0.7809310297E-04    0.1811772425E-04    0.2564333452E-20    0.4324289708E-04
 --------------Force and Moment -----------------------------
 Total Force Coefficient (CL, CD, CS) =
  -9.2816921446759071E-002  0.27639530951565483        6.8051072504969423E-021
 Total Moment Coefficient(CMx, CMy, CMz)=
   2.3204230361689771E-002   6.9098827378913708E-002  -4.6408806387380222E-002
 Kstep, t=          22   22.000000000000000     
 ----------The Max Residuals are--------  ---Mesh---           1
    0.1271767628E-03    0.4251507223E-03    0.8378616990E-04    0.1312082935E-19    0.2048940548E-03
   The R.M.S Residuals are 
    0.2605486165E-04    0.7599777838E-04    0.1789478879E-04    0.2646040750E-20    0.4299776097E-04
 --------------Force and Moment -----------------------------
 Total Force Coefficient (CL, CD, CS) =
  -9.2300995928163987E-002  0.26891075808045761        5.5829857807844664E-021
 Total Moment Coefficient(CMx, CMy, CMz)=
   2.3075248982040986E-002   6.7227689520114403E-002  -4.6150831240767083E-002
 Kstep, t=          23   23.000000000000000     
 ----------The Max Residuals are--------  ---Mesh---           1
    0.1251428401E-03    0.4112632962E-03    0.8112260910E-04    0.1391530240E-19    0.2008582240E-03
   The R.M.S Residuals are 
    0.2630480666E-04    0.7409885969E-04    0.1769116342E-04    0.2473369257E-20    0.4276894292E-04
 --------------Force and Moment -----------------------------
 Total Force Coefficient (CL, CD, CS) =
  -9.1788040928576869E-002  0.26191459677627588        5.5615605959165018E-021
 Total Moment Coefficient(CMx, CMy, CMz)=
   2.2947010232144228E-002   6.5478649194068969E-002  -4.5894341724075388E-002
 Kstep, t=          24   24.000000000000000     
 ----------The Max Residuals are--------  ---Mesh---           1
    0.1231898849E-03    0.3974636023E-03    0.7900315016E-04    0.1326844070E-19    0.1985243501E-03
   The R.M.S Residuals are 
    0.2652934195E-04    0.7236855539E-04    0.1748509136E-04    0.2508587604E-20    0.4255329722E-04
 --------------Force and Moment -----------------------------
 Total Force Coefficient (CL, CD, CS) =
  -9.1278379904282197E-002  0.25535491850430353        1.7264207712197808E-020
 Total Moment Coefficient(CMx, CMy, CMz)=
   2.2819594976070556E-002   6.3838729626075882E-002  -4.5639499495741434E-002
 Kstep, t=          25   25.000000000000000     
 ----------The Max Residuals are--------  ---Mesh---           1
    0.1213134274E-03    0.3838773717E-03    0.7759500194E-04    0.1660982547E-19    0.1956222123E-03
   The R.M.S Residuals are 
    0.2676067490E-04    0.7080248075E-04    0.1727869358E-04    0.2517600719E-20    0.4239269005E-04
 --------------Force and Moment -----------------------------
 Total Force Coefficient (CL, CD, CS) =
  -9.0771975920022646E-002  0.24918719690875962        1.1124088081132342E-020
 Total Moment Coefficient(CMx, CMy, CMz)=
   2.2692993980005693E-002   6.2296799227189906E-002  -4.5386286024419055E-002
 Kstep, t=          26   26.000000000000000     
 ----------The Max Residuals are--------  ---Mesh---           1
    0.1195106867E-03    0.3706213111E-03    0.7548853528E-04    0.1152988961E-19    0.1923845313E-03
   The R.M.S Residuals are 
    0.2699944707E-04    0.6938414109E-04    0.1709007723E-04    0.2468959901E-20    0.4227863928E-04
 --------------Force and Moment -----------------------------
 Total Force Coefficient (CL, CD, CS) =
  -9.0268723062775280E-002  0.24337316148142518        1.3699190753129291E-020
 Total Moment Coefficient(CMx, CMy, CMz)=
   2.2567180765693813E-002   6.0843290370356296E-002  -4.5134648303558997E-002
 Kstep, t=          27   27.000000000000000     
 ----------The Max Residuals are--------  ---Mesh---           1
    0.1177795568E-03    0.3577710834E-03    0.7323446610E-04    0.1315466621E-19    0.1889482136E-03
   The R.M.S Residuals are 
    0.2722364331E-04    0.6808356898E-04    0.1692157187E-04    0.2588607747E-20    0.4217225623E-04
 --------------Force and Moment -----------------------------
 Total Force Coefficient (CL, CD, CS) =
  -8.9768524251871998E-002  0.23787974365340478        9.1438476686779944E-021
 Total Moment Coefficient(CMx, CMy, CMz)=
   2.2442131062967975E-002   5.9469935913351195E-002  -4.4884537753220724E-002
 Kstep, t=          28   28.000000000000000     
 ----------The Max Residuals are--------  ---Mesh---           1
    0.1161177890E-03    0.3453531293E-03    0.7211868408E-04    0.1324878385E-19    0.1853592632E-03
   The R.M.S Residuals are 
    0.2742545948E-04    0.6687999415E-04    0.1675944863E-04    0.2653424627E-20    0.4206451716E-04
 --------------Force and Moment -----------------------------
 Total Force Coefficient (CL, CD, CS) =
  -8.9271264687708601E-002  0.23267810366488656        7.2888427640022325E-021
 Total Moment Coefficient(CMx, CMy, CMz)=
   2.2317816171927150E-002   5.8169525916221640E-002  -4.4635896953426263E-002
 Kstep, t=          29   29.000000000000000     
 ----------The Max Residuals are--------  ---Mesh---           1
    0.1145224055E-03    0.3333719954E-03    0.7046598152E-04    0.1564108712E-19    0.1816454305E-03
   The R.M.S Residuals are 
    0.2761445012E-04    0.6576632896E-04    0.1659262107E-04    0.2595764031E-20    0.4196773350E-04
 --------------Force and Moment -----------------------------
 Total Force Coefficient (CL, CD, CS) =
  -8.8776833243479542E-002  0.22774292549915134        9.6359305393803936E-021
 Total Moment Coefficient(CMx, CMy, CMz)=
   2.2194208310869882E-002   5.6935731374787836E-002  -4.4388670349444811E-002
 Kstep, t=          30   30.000000000000000     
 ----------The Max Residuals are--------  ---Mesh---           1
    0.1129891949E-03    0.3220138039E-03    0.6828702947E-04    0.1244155897E-19    0.1778531868E-03
   The R.M.S Residuals are 
    0.2781430881E-04    0.6475020895E-04    0.1643099487E-04    0.2639641213E-20    0.4190693089E-04
 --------------Force and Moment -----------------------------
 Total Force Coefficient (CL, CD, CS) =
  -8.8285241950369950E-002  0.22305190763022181        2.8293850574745706E-021
 Total Moment Coefficient(CMx, CMy, CMz)=
   2.2071310487592484E-002   5.5762976907555453E-002  -4.4142863998814869E-002
 Kstep, t=          31   31.000000000000000     
 ----------The Max Residuals are--------  ---Mesh---           1
    0.1115124302E-03    0.3151190069E-03    0.6725630209E-04    0.1280524702E-19    0.1740341748E-03
   The R.M.S Residuals are 
    0.2800998553E-04    0.6381183972E-04    0.1628451584E-04    0.2662740701E-20    0.4185776211E-04
 --------------Force and Moment -----------------------------
 Total Force Coefficient (CL, CD, CS) =
  -8.7796752031578162E-002  0.21858537629920993       -2.4854537957124559E-021
 Total Moment Coefficient(CMx, CMy, CMz)=
   2.1949188007894520E-002   5.4646344074802483E-002  -4.3898608572970003E-002
 Kstep, t=          32   32.000000000000000     
 ----------The Max Residuals are--------  ---Mesh---           1
    0.1100850895E-03    0.3081493782E-03    0.6585615234E-04    0.1751501310E-19    0.1705266601E-03
   The R.M.S Residuals are 
    0.2818868490E-04    0.6293357273E-04    0.1614805788E-04    0.2755010808E-20    0.4180602804E-04
 --------------Force and Moment -----------------------------
 Total Force Coefficient (CL, CD, CS) =
  -8.7311867463728182E-002  0.21432587728291230       -2.3078414765634221E-020
 Total Moment Coefficient(CMx, CMy, CMz)=
   2.1827966865932014E-002   5.3581469320728076E-002  -4.3656156113844338E-002
 Kstep, t=          33   33.000000000000000     
 ----------The Max Residuals are--------  ---Mesh---           1
    0.1086997412E-03    0.3011433001E-03    0.6395068077E-04    0.1422947755E-19    0.1694110859E-03
   The R.M.S Residuals are 
    0.2835276548E-04    0.6211046703E-04    0.1600990802E-04    0.2839121444E-20    0.4175120587E-04
 --------------Force and Moment -----------------------------
 Total Force Coefficient (CL, CD, CS) =
  -8.6831235127381487E-002  0.21025783074905691       -3.0498767146286691E-020
 Total Moment Coefficient(CMx, CMy, CMz)=
   2.1707808781845368E-002   5.2564457687264227E-002  -4.3415830088988250E-002
 Kstep, t=          34   34.000000000000000     
 ----------The Max Residuals are--------  ---Mesh---           1
    0.1073496300E-03    0.2941321248E-03    0.6289287717E-04    0.1494378032E-19    0.1679714938E-03
   The R.M.S Residuals are 
    0.2851779754E-04    0.6134703802E-04    0.1587136665E-04    0.2726991450E-20    0.4171063333E-04
 --------------Force and Moment -----------------------------
 Total Force Coefficient (CL, CD, CS) =
  -8.6355503850260001E-002  0.20636725835227593       -1.6655826536993249E-020
 Total Moment Coefficient(CMx, CMy, CMz)=
   2.1588875962565007E-002   5.1591814588068982E-002  -4.3177954905817988E-002
 Kstep, t=          35   35.000000000000000     
 ----------The Max Residuals are--------  ---Mesh---           1
    0.1060294809E-03    0.2871497679E-03    0.6161033796E-04    0.1651025361E-19    0.1662677557E-03
   The R.M.S Residuals are 
    0.2868233034E-04    0.6063648166E-04    0.1574173573E-04    0.2902140188E-20    0.4168346355E-04
 --------------Force and Moment -----------------------------
 Total Force Coefficient (CL, CD, CS) =
  -8.5885208337198662E-002  0.20264157600190091       -2.8788720879116239E-020
 Total Moment Coefficient(CMx, CMy, CMz)=
   2.1471302084299673E-002   5.0660394000475228E-002  -4.2942797881402046E-002
 Kstep, t=          36   36.000000000000000     
 ----------The Max Residuals are--------  ---Mesh---           1
    0.1047356350E-03    0.2802279408E-03    0.5989272436E-04    0.1365333979E-19    0.1643554990E-03
   The R.M.S Residuals are 
    0.2883611746E-04    0.5996684347E-04    0.1562116981E-04    0.2824447118E-20    0.4165452938E-04
 --------------Force and Moment -----------------------------
 Total Force Coefficient (CL, CD, CS) =
  -8.5420690447487027E-002  0.19906941032368003       -1.2155874344267079E-020
 Total Moment Coefficient(CMx, CMy, CMz)=
   2.1355172611871760E-002   4.9767352580920007E-002  -4.2710529890124110E-002
 Kstep, t=          37   37.000000000000000     
 ----------The Max Residuals are--------  ---Mesh---           1
    0.1034651711E-03    0.2733927326E-03    0.5889895592E-04    0.1314743161E-19    0.1622785910E-03
   The R.M.S Residuals are 
    0.2897843955E-04    0.5933371235E-04    0.1550242416E-04    0.2920449302E-20    0.4161927945E-04
 --------------Force and Moment -----------------------------
 Total Force Coefficient (CL, CD, CS) =
  -8.4962069385295144E-002  0.19564043939073439       -1.6886969620195682E-020
 Total Moment Coefficient(CMx, CMy, CMz)=
   2.1240517346323803E-002   4.8910109847683597E-002  -4.2481210463593821E-002
 Kstep, t=          38   38.000000000000000     
 ----------The Max Residuals are--------  ---Mesh---           1
    0.1022129202E-03    0.2666644187E-03    0.5763694233E-04    0.1683874125E-19    0.1600720559E-03
   The R.M.S Residuals are 
    0.2911328800E-04    0.5873489764E-04    0.1538239478E-04    0.3067946565E-20    0.4158462924E-04
 --------------Force and Moment -----------------------------
 Total Force Coefficient (CL, CD, CS) =
  -8.4509253648991478E-002  0.19234527005616953       -8.9495653834170488E-021
 Total Moment Coefficient(CMx, CMy, CMz)=
   2.1127313412247845E-002   4.8086317514042382E-002  -4.2254793765839044E-002
 Kstep, t=          39   39.000000000000000     
 ----------The Max Residuals are--------  ---Mesh---           1
    0.1009650134E-03    0.2600590246E-03    0.5627951965E-04    0.1612983625E-19    0.1577674405E-03
   The R.M.S Residuals are 
    0.2924679581E-04    0.5817149666E-04    0.1526698561E-04    0.3059912468E-20    0.4155907461E-04
 --------------Force and Moment -----------------------------
 Total Force Coefficient (CL, CD, CS) =
  -8.4062025723293091E-002  0.18917534783595030       -3.0135371498436089E-020
 Total Moment Coefficient(CMx, CMy, CMz)=
   2.1015506430823276E-002   4.7293836958987576E-002  -4.2031171024488154E-002
 Kstep, t=          40   40.000000000000000     
 ----------The Max Residuals are--------  ---Mesh---           1
    0.9970138466E-04    0.2543406086E-03    0.5518857814E-04    0.1475940952E-19    0.1553941594E-03
   The R.M.S Residuals are 
    0.2937462136E-04    0.5763816425E-04    0.1515881808E-04    0.2957688529E-20    0.4153231209E-04
 --------------Force and Moment -----------------------------
 Total Force Coefficient (CL, CD, CS) =
  -8.3620308833126739E-002  0.18612289263591045       -6.8418308062928049E-021
 Total Moment Coefficient(CMx, CMy, CMz)=
   2.0905077208281681E-002   4.6530723158977612E-002  -4.1810304053124456E-002
 Kstep, t=          41   41.000000000000000     
 ----------The Max Residuals are--------  ---Mesh---           1
    0.9843936877E-04    0.2500392123E-03    0.5392200069E-04    0.1605738515E-19    0.1529769788E-03
   The R.M.S Residuals are 
    0.2949162604E-04    0.5712787085E-04    0.1505412476E-04    0.2900992231E-20    0.4149909933E-04
 --------------Force and Moment -----------------------------
 Total Force Coefficient (CL, CD, CS) =
  -8.3184253347765524E-002  0.18318084463825685       -1.8532532769935899E-021
 Total Moment Coefficient(CMx, CMy, CMz)=
   2.0796063336941353E-002   4.5795211159564211E-002  -4.1592268086377102E-002
 Kstep, t=          42   42.000000000000000     
 ----------The Max Residuals are--------  ---Mesh---           1
    0.9723591089E-04    0.2456676457E-03    0.5290769523E-04    0.1634796465E-19    0.1519162062E-03
   The R.M.S Residuals are 
    0.2959861682E-04    0.5663756812E-04    0.1494882734E-04    0.2946636041E-20    0.4146232610E-04
 --------------Force and Moment -----------------------------
 Total Force Coefficient (CL, CD, CS) =
  -8.2753858159462318E-002  0.18034274703115502       -1.3843346569631731E-020
 Total Moment Coefficient(CMx, CMy, CMz)=
   2.0688464539865573E-002   4.5085686757788755E-002  -4.1377062337314287E-002
 Kstep, t=          43   43.000000000000000     
 ----------The Max Residuals are--------  ---Mesh---           1
    0.9642882387E-04    0.2412512346E-03    0.5167833464E-04    0.1621002582E-19    0.1508052149E-03
   The R.M.S Residuals are 
    0.2970468252E-04    0.5617209521E-04    0.1484650607E-04    0.3057108208E-20    0.4142945432E-04
 --------------Force and Moment -----------------------------
 Total Force Coefficient (CL, CD, CS) =
  -8.2328863067050700E-002  0.17760260437128736       -1.7173968589643666E-020
 Total Moment Coefficient(CMx, CMy, CMz)=
   2.0582215766762651E-002   4.4400651092821840E-002  -4.1164556585788013E-002
 Kstep, t=          44   44.000000000000000     
 ----------The Max Residuals are--------  ---Mesh---           1
    0.9585053095E-04    0.2368117053E-03    0.5086114972E-04    0.1704715845E-19    0.1495270197E-03
   The R.M.S Residuals are 
    0.2980536408E-04    0.5572635639E-04    0.1474997287E-04    0.3025008421E-20    0.4139449259E-04
 --------------Force and Moment -----------------------------
 Total Force Coefficient (CL, CD, CS) =
  -8.1908922134108178E-002  0.17495485760971019       -6.2951954743405575E-021
 Total Moment Coefficient(CMx, CMy, CMz)=
   2.0477230533527034E-002   4.3738714402427548E-002  -4.0954577896269738E-002
 Kstep, t=          45   45.000000000000000     
 ----------The Max Residuals are--------  ---Mesh---           1
    0.9517713360E-04    0.2323674490E-03    0.4968393392E-04    0.1586311403E-19    0.1481067591E-03
   The R.M.S Residuals are 
    0.2989516561E-04    0.5529400023E-04    0.1465668090E-04    0.3068107900E-20    0.4135332568E-04
 --------------Force and Moment -----------------------------
 Total Force Coefficient (CL, CD, CS) =
  -8.1493673311021170E-002  0.17239437093935370       -5.0214679858801116E-021
 Total Moment Coefficient(CMx, CMy, CMz)=
   2.0373418327755265E-002   4.3098592734838424E-002  -4.0746945274973544E-002
 Kstep, t=          46   46.000000000000000     
 ----------The Max Residuals are--------  ---Mesh---           1
    0.9441372565E-04    0.2279340638E-03    0.4870714809E-04    0.2279910101E-19    0.1465640094E-03
   The R.M.S Residuals are 
    0.2997797051E-04    0.5487606695E-04    0.1456379094E-04    0.3132726592E-20    0.4130739386E-04
 --------------Force and Moment -----------------------------
 Total Force Coefficient (CL, CD, CS) =
  -8.1082757833896763E-002  0.16991639401199243       -4.5425835218949441E-021
 Total Moment Coefficient(CMx, CMy, CMz)=
   2.0270689458474211E-002   4.2479098502998108E-002  -4.0541479344239781E-002
 Kstep, t=          47   47.000000000000000     
 ----------The Max Residuals are--------  ---Mesh---           1
    0.9357016974E-04    0.2235248207E-03    0.4787458040E-04    0.1520082024E-19    0.1449152918E-03
   The R.M.S Residuals are 
    0.3005744509E-04    0.5447381504E-04    0.1447382403E-04    0.2960194484E-20    0.4126044775E-04
 --------------Force and Moment -----------------------------
 Total Force Coefficient (CL, CD, CS) =
  -8.0675871491625140E-002  0.16751653005292033       -1.2235825279182481E-020
 Total Moment Coefficient(CMx, CMy, CMz)=
   2.0168967872906306E-002   4.1879132513230083E-002  -4.0338028001592863E-002
 Kstep, t=          48   48.000000000000000     
 ----------The Max Residuals are--------  ---Mesh---           1
    0.9265914781E-04    0.2191507589E-03    0.4656951457E-04    0.1542202643E-19    0.1431747940E-03
   The R.M.S Residuals are 
    0.3012914325E-04    0.5408245117E-04    0.1438815072E-04    0.3082977763E-20    0.4120988524E-04
 --------------Force and Moment -----------------------------
 Total Force Coefficient (CL, CD, CS) =
  -8.0272806713654193E-002  0.16519071080368719       -8.7369156077047025E-021
 Total Moment Coefficient(CMx, CMy, CMz)=
   2.0068201678413531E-002   4.1297677700921798E-002  -4.0136487472213767E-002
 Kstep, t=          49   49.000000000000000     
 ----------The Max Residuals are--------  ---Mesh---           1
    0.9169315554E-04    0.2148205516E-03    0.4592572128E-04    0.1763508999E-19    0.1413526256E-03
   The R.M.S Residuals are 
    0.3019362144E-04    0.5370109638E-04    0.1430515636E-04    0.3125433773E-20    0.4115401741E-04
 --------------Force and Moment -----------------------------
 Total Force Coefficient (CL, CD, CS) =
  -7.9873452369065664E-002  0.16293517022200810       -8.8804883013416564E-021
 Total Moment Coefficient(CMx, CMy, CMz)=
   1.9968363092266409E-002   4.0733792555502024E-002  -3.9936802202421656E-002
 Kstep, t=          50   50.000000000000000     
 ----------The Max Residuals are--------  ---Mesh---           1
    0.9105657017E-04    0.2107064176E-03    0.4489328279E-04    0.2003828878E-19    0.1394539285E-03
   The R.M.S Residuals are 
    0.3025220587E-04    0.5332952023E-04    0.1422365688E-04    0.3155032709E-20    0.4109341893E-04
 --------------Force and Moment -----------------------------
 Total Force Coefficient (CL, CD, CS) =
  -7.9477761568774258E-002  0.16074641574702117       -1.0695340703451604E-020
 Total Moment Coefficient(CMx, CMy, CMz)=
   1.9869440392193578E-002   4.0186603936755293E-002  -3.9738948753718535E-002
 Kstep, t=          51   51.000000000000000     
 ----------The Max Residuals are--------  ---Mesh---           1
    0.9047252390E-04    0.2075814573E-03    0.4397871052E-04    0.2329698296E-19    0.1382620386E-03
   The R.M.S Residuals are 
    0.3030415308E-04    0.5296588741E-04    0.1414485191E-04    0.3144192246E-20    0.4103004975E-04
 --------------Force and Moment -----------------------------
 Total Force Coefficient (CL, CD, CS) =
  -7.9085712411125816E-002  0.15862119993369961       -2.6153334143475870E-021
 Total Moment Coefficient(CMx, CMy, CMz)=
   1.9771428102781444E-002   3.9655299983424902E-002  -3.9542916173335330E-002
 Kstep, t=          52   52.000000000000000     
 ----------The Max Residuals are--------  ---Mesh---           1
    0.8981133004E-04    0.2044160901E-03    0.4310501658E-04    0.1676207194E-19    0.1371605212E-03
   The R.M.S Residuals are 
    0.3035055062E-04    0.5261011177E-04    0.1406942465E-04    0.3188486113E-20    0.4096289127E-04
 --------------Force and Moment -----------------------------
 Total Force Coefficient (CL, CD, CS) =
  -7.8697279853323185E-002  0.15655649531729110       -1.1769466156560797E-021
 Total Moment Coefficient(CMx, CMy, CMz)=
   1.9674319963330772E-002   3.9139123829322775E-002  -3.9348691932254001E-002
 Kstep, t=          53   53.000000000000000     
 ----------The Max Residuals are--------  ---Mesh---           1
    0.8908061366E-04    0.2012232371E-03    0.4210689496E-04    0.1804183990E-19    0.1359368253E-03
   The R.M.S Residuals are 
    0.3039111667E-04    0.5226122635E-04    0.1399656719E-04    0.3245264790E-20    0.4089060699E-04
 --------------Force and Moment -----------------------------
 Total Force Coefficient (CL, CD, CS) =
  -7.8312424489030363E-002  0.15454947373177233       -5.2681367202676143E-021
 Total Moment Coefficient(CMx, CMy, CMz)=
   1.9578106122257577E-002   3.8637368432943082E-002  -3.9156256318146503E-002
 Kstep, t=          54   54.000000000000000     
 ----------The Max Residuals are--------  ---Mesh---           1
    0.8828941039E-04    0.1980142510E-03    0.4129882119E-04    0.1875687938E-19    0.1346055044E-03
   The R.M.S Residuals are 
    0.3042412929E-04    0.5191687647E-04    0.1392546701E-04    0.3403201372E-20    0.4081393444E-04
 --------------Force and Moment -----------------------------
 Total Force Coefficient (CL, CD, CS) =
  -7.7931094212160823E-002  0.15259748961029970       -5.3164490838266762E-021
 Total Moment Coefficient(CMx, CMy, CMz)=
   1.9482773553040181E-002   3.8149372402574926E-002  -3.8965583270524906E-002
 Kstep, t=          55   55.000000000000000     
 ----------The Max Residuals are--------  ---Mesh---           1
    0.8744721168E-04    0.1947991421E-03    0.4033156289E-04    0.1572323649E-19    0.1331799770E-03
   The R.M.S Residuals are 
    0.3045250202E-04    0.5157845227E-04    0.1385718403E-04    0.3255995636E-20    0.4073410893E-04
 --------------Force and Moment -----------------------------
 Total Force Coefficient (CL, CD, CS) =
  -7.7553231173365766E-002  0.15069806591116361       -5.8317785269103887E-021
 Total Moment Coefficient(CMx, CMy, CMz)=
   1.9388307793341483E-002   3.7674516477790902E-002  -3.8776643860247095E-002
 Kstep, t=          56   56.000000000000000     
 ----------The Max Residuals are--------  ---Mesh---           1
    0.8656298508E-04    0.1915866838E-03    0.3953763926E-04    0.1852525266E-19    0.1316724104E-03
   The R.M.S Residuals are 
    0.3047585686E-04    0.5124523539E-04    0.1379196480E-04    0.3257901836E-20    0.4065007274E-04
 --------------Force and Moment -----------------------------
 Total Force Coefficient (CL, CD, CS) =
  -7.7178778185047342E-002  0.14884888148034964       -6.9941952456967558E-021
 Total Moment Coefficient(CMx, CMy, CMz)=
   1.9294694546261804E-002   3.7212220370087409E-002  -3.8589409491678550E-002
 Kstep, t=          57   57.000000000000000     
 ----------The Max Residuals are--------  ---Mesh---           1
    0.8582622581E-04    0.1883845298E-03    0.3865241304E-04    0.1458917187E-19    0.1300937244E-03
   The R.M.S Residuals are 
    0.3049181247E-04    0.5091471156E-04    0.1372867154E-04    0.3377436144E-20    0.4056159627E-04
 --------------Force and Moment -----------------------------
 Total Force Coefficient (CL, CD, CS) =
  -7.6807682182269105E-002  0.14704775925698885       -1.2586448018550057E-020
 Total Moment Coefficient(CMx, CMy, CMz)=
   1.9201920545567300E-002   3.6761939814247212E-002  -3.8403853632116576E-002
 Kstep, t=          58   58.000000000000000     
 ----------The Max Residuals are--------  ---Mesh---           1
    0.8520129073E-04    0.1851994028E-03    0.3784285656E-04    0.1565759842E-19    0.1284540733E-03
   The R.M.S Residuals are 
    0.3050337925E-04    0.5058843605E-04    0.1366772805E-04    0.3297256471E-20    0.4046982047E-04
 --------------Force and Moment -----------------------------
 Total Force Coefficient (CL, CD, CS) =
  -7.6439894885109716E-002  0.14529265517664902       -1.0269000758708056E-020
 Total Moment Coefficient(CMx, CMy, CMz)=
   1.9109973721277426E-002   3.6323163794162255E-002  -3.8219952141970319E-002
 Kstep, t=          59   59.000000000000000     
 ----------The Max Residuals are--------  ---Mesh---           1
    0.8452231545E-04    0.1820373017E-03    0.3705895943E-04    0.1712304742E-19    0.1267635247E-03
   The R.M.S Residuals are 
    0.3051028081E-04    0.5026588729E-04    0.1360962809E-04    0.3549770984E-20    0.4037447017E-04
 --------------Force and Moment -----------------------------
 Total Force Coefficient (CL, CD, CS) =
  -7.6075371850440512E-002  0.14358164781690941       -7.1159776427741730E-021
 Total Moment Coefficient(CMx, CMy, CMz)=
   1.9018842962610142E-002   3.5895411954227352E-002  -3.8037682800026812E-002
 Kstep, t=          60   60.000000000000000     
 ----------The Max Residuals are--------  ---Mesh---           1
    0.8379592215E-04    0.1789036494E-03    0.3621633556E-04    0.2697674115E-19    0.1255728878E-03
   The R.M.S Residuals are 
    0.3051055357E-04    0.4994510365E-04    0.1355357979E-04    0.3378184829E-20    0.4027528184E-04
 --------------Force and Moment -----------------------------
 Total Force Coefficient (CL, CD, CS) =
  -7.5714071091812357E-002  0.14191292886288656       -6.9552327410697947E-021
 Total Moment Coefficient(CMx, CMy, CMz)=
   1.8928517772953096E-002   3.5478232215721640E-002  -3.7857024613163426E-002
 Kstep, t=          61   61.000000000000000     
 ----------The Max Residuals are--------  ---Mesh---           1
    0.8302858645E-04    0.1759294143E-03    0.3553574909E-04    0.2764910974E-19    0.1244073487E-03
   The R.M.S Residuals are 
    0.3050691982E-04    0.4962760615E-04    0.1349984313E-04    0.3684368124E-20    0.4017290901E-04
 --------------Force and Moment -----------------------------
 Total Force Coefficient (CL, CD, CS) =
  -7.5355951980037694E-002  0.14028479442788680       -1.0239190947774470E-020
 Total Moment Coefficient(CMx, CMy, CMz)=
   1.8838987995009434E-002   3.5071198606971700E-002  -3.7677957266661753E-002
 Kstep, t=          62   62.000000000000000     
 ----------The Max Residuals are--------  ---Mesh---           1
    0.8222652166E-04    0.1734477640E-03    0.3480601407E-04    0.2331439576E-19    0.1231656625E-03
   The R.M.S Residuals are 
    0.3049855334E-04    0.4931252630E-04    0.1344856200E-04    0.3611490749E-20    0.4006728159E-04
 --------------Force and Moment -----------------------------
 Total Force Coefficient (CL, CD, CS) =
  -7.5000974646076704E-002  0.13869563719878947       -1.0512811411329888E-021
 Total Moment Coefficient(CMx, CMy, CMz)=
   1.8750243661519186E-002   3.4673909299697367E-002  -3.7500460825760931E-002
 Kstep, t=          63   63.000000000000000     
 ----------The Max Residuals are--------  ---Mesh---           1
    0.8139552561E-04    0.1709564718E-03    0.3406938280E-04    0.2216938392E-19    0.1218584170E-03
   The R.M.S Residuals are 
    0.3048453201E-04    0.4899880583E-04    0.1339925677E-04    0.3703044317E-20    0.3995846470E-04
 --------------Force and Moment -----------------------------
 Total Force Coefficient (CL, CD, CS) =
  -7.4649099799456303E-002  0.13714393933201677        2.8261239039587614E-021
 Total Moment Coefficient(CMx, CMy, CMz)=
   1.8662274949864072E-002   3.4285984833004192E-002  -3.7324515644955668E-002
 Kstep, t=          64   64.000000000000000     
 ----------The Max Residuals are--------  ---Mesh---           1
    0.8054086703E-04    0.1684621783E-03    0.3344957732E-04    0.2433118814E-19    0.1204954918E-03
   The R.M.S Residuals are 
    0.3046712435E-04    0.4868780680E-04    0.1335229263E-04    0.3590765225E-20    0.3984683848E-04
 --------------Force and Moment -----------------------------
 Total Force Coefficient (CL, CD, CS) =
  -7.4300288767666992E-002  0.13562826601160033        3.7829908157928516E-021
 Total Moment Coefficient(CMx, CMy, CMz)=
   1.8575072191916758E-002   3.3907066502900082E-002  -3.7150102387718154E-002
 Kstep, t=          65   65.000000000000000     
 ----------The Max Residuals are--------  ---Mesh---           1
    0.7986212281E-04    0.1659708309E-03    0.3281353045E-04    0.2314112565E-19    0.1190861104E-03
   The R.M.S Residuals are 
    0.3044490252E-04    0.4837827390E-04    0.1330741004E-04    0.3755706267E-20    0.3973231782E-04
 --------------Force and Moment -----------------------------
 Total Force Coefficient (CL, CD, CS) =
  -7.3954503582056269E-002  0.13414725958363902        7.1961734971639904E-021
 Total Moment Coefficient(CMx, CMy, CMz)=
   1.8488625895514095E-002   3.3536814895909754E-002  -3.6977202069408070E-002
 Kstep, t=          66   66.000000000000000     
 ----------The Max Residuals are--------  ---Mesh---           1
    0.7917007814E-04    0.1634877401E-03    0.3217919668E-04    0.1962580354E-19    0.1176388431E-03
   The R.M.S Residuals are 
    0.3041818947E-04    0.4807014481E-04    0.1326441903E-04    0.3844716870E-20    0.3961522043E-04
 --------------Force and Moment -----------------------------
 Total Force Coefficient (CL, CD, CS) =
  -7.3611707005400012E-002  0.13269963419294040        5.6770036671346714E-021
 Total Moment Coefficient(CMx, CMy, CMz)=
   1.8402926751349993E-002   3.3174908548235099E-002  -3.6805796070989494E-002
 Kstep, t=          67   67.000000000000000     
 ----------The Max Residuals are--------  ---Mesh---           1
    0.7844677815E-04    0.1610176210E-03    0.3159818655E-04    0.2286924253E-19    0.1161615728E-03
   The R.M.S Residuals are 
    0.3038833216E-04    0.4776423593E-04    0.1322365816E-04    0.3801651429E-20    0.3949572382E-04
 --------------Force and Moment -----------------------------
 Total Force Coefficient (CL, CD, CS) =
  -7.3271862465288107E-002  0.13128417086258129        1.0646954575399779E-020
 Total Moment Coefficient(CMx, CMy, CMz)=
   1.8317965616322034E-002   3.2821042715645322E-002  -3.6635866105649915E-002
 Kstep, t=          68   68.000000000000000     
 ----------The Max Residuals are--------  ---Mesh---           1
    0.7769691435E-04    0.1585646276E-03    0.3107055827E-04    0.2545178522E-19    0.1146614450E-03
   The R.M.S Residuals are 
    0.3035385033E-04    0.4745929189E-04    0.1318464720E-04    0.3888137065E-20    0.3937380481E-04
 --------------Force and Moment -----------------------------
 Total Force Coefficient (CL, CD, CS) =
  -7.2934933903999424E-002  0.12989971297043984        4.3441314677605509E-021
 Total Moment Coefficient(CMx, CMy, CMz)=
   1.8233733475999870E-002   3.2474928242609960E-002  -3.6467394143679374E-002
 Kstep, t=          69   69.000000000000000     
 ----------The Max Residuals are--------  ---Mesh---           1
    0.7692476764E-04    0.1561323840E-03    0.3055658620E-04    0.2228947374E-19    0.1132813978E-03
   The R.M.S Residuals are 
    0.3031607968E-04    0.4715606920E-04    0.1314751931E-04    0.3847537583E-20    0.3924988185E-04
 --------------Force and Moment -----------------------------
 Total Force Coefficient (CL, CD, CS) =
  -7.2600885577336363E-002  0.12854516208644678        9.0162345881630114E-021
 Total Moment Coefficient(CMx, CMy, CMz)=
   1.8150221394334112E-002   3.2136290521611696E-002  -3.6300362311854864E-002
 Kstep, t=          70   70.000000000000000     
 ----------The Max Residuals are--------  ---Mesh---           1
    0.7613420937E-04    0.1537240175E-03    0.3006371650E-04    0.2540207684E-19    0.1121172821E-03
   The R.M.S Residuals are 
    0.3027514790E-04    0.4685456817E-04    0.1311235496E-04    0.3891094404E-20    0.3912397795E-04
 --------------Force and Moment -----------------------------
 Total Force Coefficient (CL, CD, CS) =
  -7.2269681838497080E-002  0.12721947414058155        2.4143923838233087E-021
 Total Moment Coefficient(CMx, CMy, CMz)=
   1.8067420459624277E-002   3.1804868535145386E-002  -3.6134752785370462E-002
 Kstep, t=          71   71.000000000000000     
 ----------The Max Residuals are--------  ---Mesh---           1
    0.7532871306E-04    0.1513421967E-03    0.2959677707E-04    0.2529813319E-19    0.1109130165E-03
   The R.M.S Residuals are 
    0.3023026655E-04    0.4655406026E-04    0.1307872761E-04    0.4041284558E-20    0.3899622308E-04
 --------------Force and Moment -----------------------------
 Total Force Coefficient (CL, CD, CS) =
  -7.1941286936602941E-002  0.12592165589525214        1.0806485578575663E-020
 Total Moment Coefficient(CMx, CMy, CMz)=
   1.7985321734150739E-002   3.1480413973813036E-002  -3.5970547687117119E-002
 Kstep, t=          72   72.000000000000000     
 ----------The Max Residuals are--------  ---Mesh---           1
    0.7451137642E-04    0.1489892219E-03    0.2915861881E-04    0.2243060174E-19    0.1096753822E-03
   The R.M.S Residuals are 
    0.3018297048E-04    0.4625553119E-04    0.1304697333E-04    0.3899980402E-20    0.3886697655E-04
 --------------Force and Moment -----------------------------
 Total Force Coefficient (CL, CD, CS) =
  -7.1615664849405125E-002  0.12465076169772474        1.5812771373015710E-021
 Total Moment Coefficient(CMx, CMy, CMz)=
   1.7903916212351288E-002   3.1162690424431184E-002  -3.5807729004068992E-002
 Kstep, t=          73   73.000000000000000     
 ----------The Max Residuals are--------  ---Mesh---           1
    0.7375087209E-04    0.1466669242E-03    0.2876219007E-04    0.2453320923E-19    0.1084104969E-03
   The R.M.S Residuals are 
    0.3013253781E-04    0.4595838622E-04    0.1301685858E-04    0.4035010927E-20    0.3873623317E-04
 --------------Force and Moment -----------------------------
 Total Force Coefficient (CL, CD, CS) =
  -7.1292779159924990E-002  0.12340589048961446       -6.0269234698207433E-022
 Total Moment Coefficient(CMx, CMy, CMz)=
   1.7823194789981241E-002   3.0851472622403616E-002  -3.5646278525645614E-002
 Kstep, t=          74   74.000000000000000     
 ----------The Max Residuals are--------  ---Mesh---           1
    0.7304136803E-04    0.1445624599E-03    0.2840583529E-04    0.2324000120E-19    0.1071238492E-03
   The R.M.S Residuals are 
    0.3007927813E-04    0.4566272113E-04    0.1298825873E-04    0.4058754522E-20    0.3860427731E-04
 --------------Force and Moment -----------------------------
 Total Force Coefficient (CL, CD, CS) =
  -7.0972592979101259E-002  0.12218618305162444        1.6348301852493643E-021
 Total Moment Coefficient(CMx, CMy, CMz)=
   1.7743148244775322E-002   3.0546545762906111E-002  -3.5486177805081995E-002
 Kstep, t=          75   75.000000000000000     
 ----------The Max Residuals are--------  ---Mesh---           1
    0.7231549343E-04    0.1425765860E-03    0.2807472696E-04    0.2663948895E-19    0.1058203424E-03
   The R.M.S Residuals are 
    0.3002399407E-04    0.4536905492E-04    0.1296141595E-04    0.4260943306E-20    0.3847131934E-04
 --------------Force and Moment -----------------------------
 Total Force Coefficient (CL, CD, CS) =
  -7.0655068911346944E-002  0.12099081946300412        6.2126815429607978E-021
 Total Moment Coefficient(CMx, CMy, CMz)=
   1.7663767227836726E-002   3.0247704865751030E-002  -3.5327408142252686E-002
 Kstep, t=          76   76.000000000000000     
 ----------The Max Residuals are--------  ---Mesh---           1
    0.7157616418E-04    0.1406034640E-03    0.2776923208E-04    0.3135247812E-19    0.1045043432E-03
   The R.M.S Residuals are 
    0.2996601154E-04    0.4507682474E-04    0.1293600162E-04    0.4232131485E-20    0.3833746090E-04
 --------------Force and Moment -----------------------------
 Total Force Coefficient (CL, CD, CS) =
  -7.0340169056941071E-002  0.11981901675657168        6.8356372030529081E-022
 Total Moment Coefficient(CMx, CMy, CMz)=
   1.7585042264235295E-002   2.9954754189142920E-002  -3.5169950584910334E-002
 Kstep, t=          77   77.000000000000000     
 ----------The Max Residuals are--------  ---Mesh---           1
    0.7082600584E-04    0.1386454891E-03    0.2748919237E-04    0.2520524663E-19    0.1031797320E-03
   The R.M.S Residuals are 
    0.2990632060E-04    0.4478666268E-04    0.1291220220E-04    0.4195809639E-20    0.3820303594E-04
 --------------Force and Moment -----------------------------
 Total Force Coefficient (CL, CD, CS) =
  -7.0027855043880163E-002  0.11867002675161731       -1.3650230444693657E-021
 Total Moment Coefficient(CMx, CMy, CMz)=
   1.7506963760970037E-002   2.9667506687904327E-002  -3.5013785944647643E-002
 Kstep, t=          78   78.000000000000000     
 ----------The Max Residuals are--------  ---Mesh---           1
    0.7006737846E-04    0.1367047734E-03    0.2723412268E-04    0.2293953390E-19    0.1018499535E-03
   The R.M.S Residuals are 
    0.2984482597E-04    0.4449846025E-04    0.1288998180E-04    0.4180517566E-20    0.3806817390E-04
 --------------Force and Moment -----------------------------
 Total Force Coefficient (CL, CD, CS) =
  -6.9718088081630353E-002  0.11754313404850285       -4.6123153341455621E-021
 Total Moment Coefficient(CMx, CMy, CMz)=
   1.7429522020407585E-002   2.9385783512125712E-002  -3.4858894823804727E-002
 Kstep, t=          79   79.000000000000000     
 ----------The Max Residuals are--------  ---Mesh---           1
    0.6930239955E-04    0.1347831427E-03    0.2700336005E-04    0.2840980248E-19    0.1005180636E-03
   The R.M.S Residuals are 
    0.2978160304E-04    0.4421220012E-04    0.1286922064E-04    0.4262929663E-20    0.3793312130E-04
 --------------Force and Moment -----------------------------
 Total Force Coefficient (CL, CD, CS) =
  -6.9410829029762949E-002  0.11643765417023375        5.6805155305186844E-021
 Total Moment Coefficient(CMx, CMy, CMz)=
   1.7352707257440741E-002   2.9109413542558436E-002  -3.4705257649810473E-002
 Kstep, t=          80   80.000000000000000     
 ----------The Max Residuals are--------  ---Mesh---           1
    0.6853296959E-04    0.1328821666E-03    0.2679617244E-04    0.2422047034E-19    0.9932474011E-04
   The R.M.S Residuals are 
    0.2971738203E-04    0.4392836743E-04    0.1285013840E-04    0.4275252102E-20    0.3779815079E-04
 --------------Force and Moment -----------------------------
 Total Force Coefficient (CL, CD, CS) =
  -6.9106038475354570E-002  0.11535293183768909        4.7944298240548183E-021
 Total Moment Coefficient(CMx, CMy, CMz)=
   1.7276509618838639E-002   2.8838232959422273E-002  -3.4552854713900780E-002
 Kstep, t=          81   81.000000000000000     
 ----------The Max Residuals are--------  ---Mesh---           1
    0.6776079228E-04    0.1310031850E-03    0.2661183690E-04    0.2299689411E-19    0.9819120678E-04
   The R.M.S Residuals are 
    0.2965188594E-04    0.4364671795E-04    0.1283257763E-04    0.4399671111E-20    0.3766344602E-04
 --------------Force and Moment -----------------------------
 Total Force Coefficient (CL, CD, CS) =
  -6.8803676814120765E-002  0.11428833936650530        1.5583974547076908E-021
 Total Moment Coefficient(CMx, CMy, CMz)=
   1.7200919203530181E-002   2.8572084841626325E-002  -3.4401666211697095E-002
 Kstep, t=          82   82.000000000000000     
 ----------The Max Residuals are--------  ---Mesh---           1
    0.6698739374E-04    0.1291473331E-03    0.2644969625E-04    0.2679205046E-19    0.9704628708E-04
   The R.M.S Residuals are 
    0.2958577520E-04    0.4336767878E-04    0.1281668644E-04    0.4463041675E-20    0.3752932423E-04
 --------------Force and Moment -----------------------------
 Total Force Coefficient (CL, CD, CS) =
  -6.8503704331349752E-002  0.11324327517484169       -2.5994930864333109E-021
 Total Moment Coefficient(CMx, CMy, CMz)=
   1.7125926082837441E-002   2.8310818793710422E-002  -3.4251672283680659E-002
 Kstep, t=          83   83.000000000000000     
 ----------The Max Residuals are--------  ---Mesh---           1
    0.6626632909E-04    0.1273155625E-03    0.2630919961E-04    0.2785577242E-19    0.9589310240E-04
   The R.M.S Residuals are 
    0.2951917470E-04    0.4309131144E-04    0.1280250508E-04    0.4585450919E-20    0.3739601546E-04
 --------------Force and Moment -----------------------------
 Total Force Coefficient (CL, CD, CS) =
  -6.8206081279746866E-002  0.11221716239235895       -3.9328739690180606E-021
 Total Moment Coefficient(CMx, CMy, CMz)=
   1.7051520319936734E-002   2.8054290598089737E-002  -3.4102853054117394E-002
 Kstep, t=          84   84.000000000000000     
 ----------The Max Residuals are--------  ---Mesh---           1
    0.6556145296E-04    0.1255086615E-03    0.2618993177E-04    0.2378302912E-19    0.9473445679E-04
   The R.M.S Residuals are 
    0.2945228348E-04    0.4281771626E-04    0.1279003138E-04    0.4462721246E-20    0.3726380370E-04
 --------------Force and Moment -----------------------------
 Total Force Coefficient (CL, CD, CS) =
  -6.7910767952223214E-002  0.11120944756176188       -3.5547744602813426E-021
 Total Moment Coefficient(CMx, CMy, CMz)=
   1.6977691988055776E-002   2.7802361890440469E-002  -3.3955188667451640E-002
 Kstep, t=          85   85.000000000000000     
 ----------The Max Residuals are--------  ---Mesh---           1
    0.6485286658E-04    0.1237272720E-03    0.2609163467E-04    0.2757044034E-19    0.9357286611E-04
   The R.M.S Residuals are 
    0.2938562057E-04    0.4254723999E-04    0.1277944545E-04    0.4591887901E-20    0.3713299256E-04
 --------------Force and Moment -----------------------------
 Total Force Coefficient (CL, CD, CS) =
  -6.7617724748446462E-002  0.11021959942516245        1.9095351958478199E-021
 Total Moment Coefficient(CMx, CMy, CMz)=
   1.6904431187111602E-002   2.7554899856290612E-002  -3.3808659321578664E-002
 Kstep, t=          86   86.000000000000000     
 ----------The Max Residuals are--------  ---Mesh---           1
    0.6414203050E-04    0.1219719057E-03    0.2601422321E-04    0.2747431129E-19    0.9241058447E-04
   The R.M.S Residuals are 
    0.2931922586E-04    0.4227988010E-04    0.1277073391E-04    0.4462617084E-20    0.3700385398E-04
 --------------Force and Moment -----------------------------
 Total Force Coefficient (CL, CD, CS) =
  -6.7326912234612540E-002  0.10924710778832904        6.3073089132266095E-021
 Total Moment Coefficient(CMx, CMy, CMz)=
   1.6831728058653142E-002   2.7311776947082259E-002  -3.3663245297724763E-002
 Kstep, t=          87   87.000000000000000     
 ----------The Max Residuals are--------  ---Mesh---           1
    0.6343025753E-04    0.1202429576E-03    0.2595779718E-04    0.2863139318E-19    0.9124962832E-04
   The R.M.S Residuals are 
    0.2925361569E-04    0.4201597995E-04    0.1276406526E-04    0.4603377916E-20    0.3687671954E-04
 --------------Force and Moment -----------------------------
 Total Force Coefficient (CL, CD, CS) =
  -6.7038291196382022E-002  0.10829148245660279        1.5291931917431864E-021
 Total Moment Coefficient(CMx, CMy, CMz)=
   1.6759572799095485E-002   2.7072870614150698E-002  -3.3518926986909073E-002
 Kstep, t=          88   88.000000000000000     
 ----------The Max Residuals are--------  ---Mesh---           1
    0.6271872605E-04    0.1185407194E-03    0.2592265012E-04    0.3078687884E-19    0.9009179828E-04
   The R.M.S Residuals are 
    0.2918898242E-04    0.4175565546E-04    0.1275951642E-04    0.4529172364E-20    0.3675188823E-04
 --------------Force and Moment -----------------------------
 Total Force Coefficient (CL, CD, CS) =
  -6.6751822685289453E-002  0.10735225223689912       -2.0714077723520927E-021
 Total Moment Coefficient(CMx, CMy, CMz)=
   1.6687955671322370E-002   2.6838063059224780E-002  -3.3375684913140857E-002
 Kstep, t=          89   89.000000000000000     
 ----------The Max Residuals are--------  ---Mesh---           1
    0.6200849213E-04    0.1168653902E-03    0.2590927595E-04    0.2680182153E-19    0.8893869895E-04
   The R.M.S Residuals are 
    0.2912567099E-04    0.4149912894E-04    0.1275720097E-04    0.4719042160E-20    0.3662969012E-04
 --------------Force and Moment -----------------------------
 Total Force Coefficient (CL, CD, CS) =
  -6.6467468059175361E-002  0.10642896400076422        6.6814213496757953E-021
 Total Moment Coefficient(CMx, CMy, CMz)=
   1.6616867014793851E-002   2.6607241000191056E-002  -3.3233499753627119E-002
 Kstep, t=          90   90.000000000000000     
 ----------The Max Residuals are--------  ---Mesh---           1
    0.6130050063E-04    0.1153075342E-03    0.2591837352E-04    0.2723013953E-19    0.8779175689E-04
   The R.M.S Residuals are 
    0.2906404191E-04    0.4124664136E-04    0.1275727055E-04    0.4649157627E-20    0.3651045656E-04
 --------------Force and Moment -----------------------------
 Total Force Coefficient (CL, CD, CS) =
  -6.6185189017329352E-002  0.10552118180394851        9.5352119956799847E-021
 Total Moment Coefficient(CMx, CMy, CMz)=
   1.6546297254332341E-002   2.6380295450987128E-002  -3.3092352356336327E-002
 Kstep, t=          91   91.000000000000000     
 ----------The Max Residuals are--------  ---Mesh---           1
    0.6066104169E-04    0.1138023100E-03    0.2595084942E-04    0.2435034173E-19    0.8665223690E-04
   The R.M.S Residuals are 
    0.2900434837E-04    0.4099835389E-04    0.1275982348E-04    0.4881874147E-20    0.3639451759E-04
 --------------Force and Moment -----------------------------
 Total Force Coefficient (CL, CD, CS) =
  -6.5904947631100178E-002  0.10462848605838215        6.7627827654044959E-021
 Total Moment Coefficient(CMx, CMy, CMz)=
   1.6476236907775051E-002   2.6157121514595538E-002  -3.2952223755295454E-002
 Kstep, t=          92   92.000000000000000     
 ----------The Max Residuals are--------  ---Mesh---           1
    0.6013542439E-04    0.1123161572E-03    0.2600781926E-04    0.2791580117E-19    0.8552125689E-04
   The R.M.S Residuals are 
    0.2894699441E-04    0.4075454110E-04    0.1276503117E-04    0.4752911605E-20    0.3628221978E-04
 --------------Force and Moment -----------------------------
 Total Force Coefficient (CL, CD, CS) =
  -6.5626706370724791E-002  0.10375047275281549       -3.0023159699730248E-022
 Total Moment Coefficient(CMx, CMy, CMz)=
   1.6406676592681177E-002   2.5937618188203872E-002  -3.2813095183996770E-002
 Kstep, t=          93   93.000000000000000     
 ----------The Max Residuals are--------  ---Mesh---           1
    0.5961520081E-04    0.1108495283E-03    0.2609060790E-04    0.2693588941E-19    0.8450494726E-04
   The R.M.S Residuals are 
    0.2889224282E-04    0.4051537609E-04    0.1277301141E-04    0.4818269814E-20    0.3617389913E-04
 --------------Force and Moment -----------------------------
 Total Force Coefficient (CL, CD, CS) =
  -6.5350428129082080E-002  0.10288675271872066        7.9655125012994364E-021
 Total Moment Coefficient(CMx, CMy, CMz)=
   1.6337607032270531E-002   2.5721688179680166E-002  -3.2674948087267876E-002
 Kstep, t=          94   94.000000000000000     
 ----------The Max Residuals are--------  ---Mesh---           1
    0.5910039877E-04    0.1094027885E-03    0.2620074949E-04    0.2968643206E-19    0.8349112485E-04
   The R.M.S Residuals are 
    0.2884046497E-04    0.4028111249E-04    0.1278392676E-04    0.4883516096E-20    0.3606990238E-04
 --------------Force and Moment -----------------------------
 Total Force Coefficient (CL, CD, CS) =
  -6.5076076243000991E-002  0.10203695093833638        9.5533538491037250E-021
 Total Moment Coefficient(CMx, CMy, CMz)=
   1.6269019060750234E-002   2.5509237734584096E-002  -3.2537764131918646E-002
 Kstep, t=          95   95.000000000000000     
 ----------The Max Residuals are--------  ---Mesh---           1
    0.5859104516E-04    0.1079762242E-03    0.2633998819E-04    0.2783812697E-19    0.8248096707E-04
   The R.M.S Residuals are 
    0.2879195786E-04    0.4005195217E-04    0.1279791604E-04    0.4876931063E-20    0.3597056827E-04
 --------------Force and Moment -----------------------------
 Total Force Coefficient (CL, CD, CS) =
  -6.4803614512648655E-002  0.10120070589199841        3.9947278846754102E-021
 Total Moment Coefficient(CMx, CMy, CMz)=
   1.6200903628162171E-002   2.5300176472999602E-002  -3.2401525216430242E-002
 Kstep, t=          96   96.000000000000000     
 ----------The Max Residuals are--------  ---Mesh---           1
    0.5808716530E-04    0.1065700512E-03    0.2651028041E-04    0.2840975078E-19    0.8147559653E-04
   The R.M.S Residuals are 
    0.2874705284E-04    0.3982812320E-04    0.1281512986E-04    0.4876885733E-20    0.3587623554E-04
 --------------Force and Moment -----------------------------
 Total Force Coefficient (CL, CD, CS) =
  -6.4533007219426536E-002  0.10037766894212914       -4.3907420900849112E-021
 Total Moment Coefficient(CMx, CMy, CMz)=
   1.6133251804856644E-002   2.5094417235532285E-002  -3.2266213479897207E-002
 Kstep, t=          97   97.000000000000000     
 ----------The Max Residuals are--------  ---Mesh---           1
    0.5758878251E-04    0.1051844220E-03    0.2671379864E-04    0.2876718166E-19    0.8047604716E-04
   The R.M.S Residuals are 
    0.2870605933E-04    0.3960984006E-04    0.1283571359E-04    0.5016112388E-20    0.3578723625E-04
 --------------Force and Moment -----------------------------
 Total Force Coefficient (CL, CD, CS) =
  -6.4264219142684806E-002   9.9567503751465905E-002  -5.2020528030224244E-021
 Total Moment Coefficient(CMx, CMy, CMz)=
   1.6066054785671212E-002   2.4891875937866476E-002  -3.2131811310380821E-002
 Kstep, t=          98   98.000000000000000     
 ----------The Max Residuals are--------  ---Mesh---           1
    0.5709591774E-04    0.1038194321E-03    0.2695293506E-04    0.2914013107E-19    0.7948323847E-04
   The R.M.S Residuals are 
    0.2866928086E-04    0.3939731438E-04    0.1285980770E-04    0.5064992008E-20    0.3570389469E-04
 --------------Force and Moment -----------------------------
 Total Force Coefficient (CL, CD, CS) =
  -6.3997215575472735E-002   9.8769885733285198E-002   2.1557156671120152E-023
 Total Moment Coefficient(CMx, CMy, CMz)=
   1.5999303893868170E-002   2.4692471433321300E-002  -3.1998301352779888E-002
 Kstep, t=          99   99.000000000000000     
 ----------The Max Residuals are--------  ---Mesh---           1
    0.5660858930E-04    0.1024751267E-03    0.2723030081E-04    0.2794538904E-19    0.7849798440E-04
   The R.M.S Residuals are 
    0.2863701504E-04    0.3919075569E-04    0.1288755056E-04    0.5129246272E-20    0.3562652595E-04
 --------------Force and Moment -----------------------------
 Total Force Coefficient (CL, CD, CS) =
  -6.3731962339445170E-002   9.7984501531559520E-002  -2.7233265453874783E-021
 Total Moment Coefficient(CMx, CMy, CMz)=
   1.5932990584861282E-002   2.4496125382889880E-002  -3.1865666516281227E-002
 Kstep, t=         100   100.00000000000000     
 ----------The Max Residuals are--------  ---Mesh---           1
    0.5612681260E-04    0.1011515054E-03    0.2755620023E-04    0.2932052349E-19    0.7752100459E-04
   The R.M.S Residuals are 
    0.2860954184E-04    0.3899036229E-04    0.1291907024E-04    0.5201604485E-20    0.3555543222E-04
 --------------Force and Moment -----------------------------
 Total Force Coefficient (CL, CD, CS) =
  -6.3468425798972411E-002   9.7211048529123156E-002  -8.1428040322348792E-021
 Total Moment Coefficient(CMx, CMy, CMz)=
   1.5867106449743085E-002   2.4302762132280789E-002  -3.1733889981411516E-002
 Kstep, t=         101   101.00000000000000     
 ----------The Max Residuals are--------  ---Mesh---           1
    0.5565060003E-04    0.9984852766E-04    0.2792712011E-04    0.2845020707E-19    0.7655293166E-04
   The R.M.S Residuals are 
    0.2858713289E-04    0.3879632844E-04    0.1295448914E-04    0.5102590168E-20    0.3549090208E-04
 --------------Force and Moment -----------------------------
 Total Force Coefficient (CL, CD, CS) =
  -6.3206572874434472E-002   9.6449234382070828E-002   3.2237282527638022E-021
 Total Moment Coefficient(CMx, CMy, CMz)=
   1.5801643218608601E-002   2.4112308595517707E-002  -3.1602955206682472E-002
 Kstep, t=         102   102.00000000000000     
 ----------The Max Residuals are--------  ---Mesh---           1
    0.5517996083E-04    0.9856611714E-04    0.2834352713E-04    0.3308608067E-19    0.7559431906E-04
   The R.M.S Residuals are 
    0.2857004031E-04    0.3860883591E-04    0.1299391755E-04    0.5058586683E-20    0.3543320721E-04
 --------------Force and Moment -----------------------------
 Total Force Coefficient (CL, CD, CS) =
  -6.2946371054637643E-002   9.5698776578734671E-002   1.0119513212986177E-020
 Total Moment Coefficient(CMx, CMy, CMz)=
   1.5736592763659404E-002   2.3924694144683668E-002  -3.1472845934797329E-002
 Kstep, t=         103   103.00000000000000     
 ----------The Max Residuals are--------  ---Mesh---           1
    0.5471490103E-04    0.9730416571E-04    0.2880741264E-04    0.2828109754E-19    0.7464564819E-04
   The R.M.S Residuals are 
    0.2855850183E-04    0.3842805784E-04    0.1303745570E-04    0.5198522071E-20    0.3538260122E-04
 --------------Force and Moment -----------------------------
 Total Force Coefficient (CL, CD, CS) =
  -6.2687788408258102E-002   9.4959402021706496E-002   1.2135911832708835E-021
 Total Moment Coefficient(CMx, CMy, CMz)=
   1.5671947102064536E-002   2.3739850505426624E-002  -3.1343546198371174E-002
 Kstep, t=         104   104.00000000000000     
 ----------The Max Residuals are--------  ---Mesh---           1
    0.5425542340E-04    0.9606253721E-04    0.2932014081E-04    0.2725161068E-19    0.7370733481E-04
   The R.M.S Residuals are 
    0.2855273490E-04    0.3825415426E-04    0.1308519036E-04    0.5074191597E-20    0.3533931724E-04
 --------------Force and Moment -----------------------------
 Total Force Coefficient (CL, CD, CS) =
  -6.2430793594201089E-002   9.4230846631474199E-002   2.7761276123454873E-021
 Total Moment Coefficient(CMx, CMy, CMz)=
   1.5607698398550290E-002   2.3557711657868550E-002  -3.1215040325109418E-002
 Kstep, t=         105   105.00000000000000     
 ----------The Max Residuals are--------  ---Mesh---           1
    0.5380152745E-04    0.9484107078E-04    0.2988205075E-04    0.2750882508E-19    0.7277973489E-04
   The R.M.S Residuals are 
    0.2855293774E-04    0.3808727286E-04    0.1313719486E-04    0.5179741974E-20    0.3530356657E-04
 --------------Force and Moment -----------------------------
 Total Force Coefficient (CL, CD, CS) =
  -6.2175355870759355E-002   9.3512854970351458E-002   9.4590525960934275E-021
 Total Moment Coefficient(CMx, CMy, CMz)=
   1.5543838967689844E-002   2.3378213742587865E-002  -3.1087312942386161E-002
 Kstep, t=         106   106.00000000000000     
 ----------The Max Residuals are--------  ---Mesh---           1
    0.5335320944E-04    0.9363958389E-04    0.3049192044E-04    0.2788584819E-19    0.7186314996E-04
   The R.M.S Residuals are 
    0.2855928691E-04    0.3792754704E-04    0.1319352768E-04    0.5173393958E-20    0.3527553696E-04
 --------------Force and Moment -----------------------------
 Total Force Coefficient (CL, CD, CS) =
  -6.1921445103462092E-002   9.2805179885457945E-002   1.6164555055402226E-021
 Total Moment Coefficient(CMx, CMy, CMz)=
   1.5480361275865509E-002   2.3201294971364486E-002  -3.0960348981167930E-002
 Kstep, t=         107   107.00000000000000     
 ----------The Max Residuals are--------  ---Mesh---           1
    0.5312533099E-04    0.9245787508E-04    0.3116906470E-04    0.2758408549E-19    0.7095783246E-04
   The R.M.S Residuals are 
    0.2857193666E-04    0.3777509531E-04    0.1325423178E-04    0.5185100681E-20    0.3525539140E-04
 --------------Force and Moment -----------------------------
 Total Force Coefficient (CL, CD, CS) =
  -6.1669031771518279E-002   9.2107582169607433E-002   7.6378703164064930E-021
 Total Moment Coefficient(CMx, CMy, CMz)=
   1.5417257942879578E-002   2.3026895542401858E-002  -3.0834133679234800E-002
 Kstep, t=         108   108.00000000000000     
 ----------The Max Residuals are--------  ---Mesh---           1
    0.5442599337E-04    0.9129572643E-04    0.3190655942E-04    0.2829787905E-19    0.7006399014E-04
   The R.M.S Residuals are 
    0.2859101807E-04    0.3763002053E-04    0.1331933415E-04    0.5260069460E-20    0.3524326702E-04
 --------------Force and Moment -----------------------------
 Total Force Coefficient (CL, CD, CS) =
  -6.1418086972781796E-002   9.1419830239030025E-002   7.3282011512368626E-021
 Total Moment Coefficient(CMx, CMy, CMz)=
   1.5354521743195461E-002   2.2854957559757506E-002  -3.0708652583662094E-002
 Kstep, t=         109   109.00000000000000     
 ----------The Max Residuals are--------  ---Mesh---           1
    0.5585788957E-04    0.9015290585E-04    0.3269430100E-04    0.2740273432E-19    0.6920986777E-04
   The R.M.S Residuals are 
    0.2861663829E-04    0.3749240911E-04    0.1338884530E-04    0.5316561902E-20    0.3523927425E-04
 --------------Force and Moment -----------------------------
 Total Force Coefficient (CL, CD, CS) =
  -6.1168582427186514E-002   9.0741699826936084E-002   2.4364845560718503E-021
 Total Moment Coefficient(CMx, CMy, CMz)=
   1.5292145606796608E-002   2.2685424956734021E-002  -3.0583891552537476E-002
 Kstep, t=         110   110.00000000000000     
 ----------The Max Residuals are--------  ---Mesh---           1
    0.5740152421E-04    0.8902916905E-04    0.3352303051E-04    0.2769901200E-19    0.6838292600E-04
   The R.M.S Residuals are 
    0.2864888022E-04    0.3736233067E-04    0.1346275926E-04    0.5232735619E-20    0.3524349633E-04
 --------------Force and Moment -----------------------------
 Total Force Coefficient (CL, CD, CS) =
  -6.0920490478630296E-002   9.0072973691991659E-002   7.3332829328444424E-021
 Total Moment Coefficient(CMx, CMy, CMz)=
   1.5230122619657558E-002   2.2518243422997915E-002  -3.0459836755902567E-002
 Kstep, t=         111   111.00000000000000     
 ----------The Max Residuals are--------  ---Mesh---           1
    0.5896325173E-04    0.8792426141E-04    0.3437744140E-04    0.2789817512E-19    0.6964396150E-04
   The R.M.S Residuals are 
    0.2868780227E-04    0.3723983757E-04    0.1354105353E-04    0.5274996486E-20    0.3525598896E-04
 --------------Force and Moment -----------------------------
 Total Force Coefficient (CL, CD, CS) =
  -6.0673784095313710E-002   8.9413441340843641E-002   6.3812066872018029E-021
 Total Moment Coefficient(CMx, CMy, CMz)=
   1.5168446023828420E-002   2.2353360335210910E-002  -3.0336474675921266E-002
 Kstep, t=         112   112.00000000000000     
 ----------The Max Residuals are--------  ---Mesh---           1
    0.6058760957E-04    0.8683791965E-04    0.3531375518E-04    0.2857646807E-19    0.7154766459E-04
   The R.M.S Residuals are 
    0.2873343836E-04    0.3712496468E-04    0.1362368942E-04    0.5460329218E-20    0.3527678024E-04
 --------------Force and Moment -----------------------------
 Total Force Coefficient (CL, CD, CS) =
  -6.0428436868561794E-002   8.8762898763889778E-002   5.9178978860126061E-021
 Total Moment Coefficient(CMx, CMy, CMz)=
   1.5107109217140436E-002   2.2190724690972444E-002  -3.0213792106289966E-002
 Kstep, t=         113   113.00000000000000     
 ----------The Max Residuals are--------  ---Mesh---           1
    0.6239969040E-04    0.8579827244E-04    0.3631830123E-04    0.3357259494E-19    0.7342250635E-04
   The R.M.S Residuals are 
    0.2878579821E-04    0.3701772928E-04    0.1371061242E-04    0.5313404288E-20    0.3530587083E-04
 --------------Force and Moment -----------------------------
 Total Force Coefficient (CL, CD, CS) =
  -6.0184423010186429E-002   8.8121148183541650E-002   3.8588765874127053E-021
 Total Moment Coefficient(CMx, CMy, CMz)=
   1.5046105752546595E-002   2.2030287045885413E-002  -3.0091776150918029E-002
 Kstep, t=         114   114.00000000000000     
 ----------The Max Residuals are--------  ---Mesh---           1
    0.6413188023E-04    0.8478851777E-04    0.3731312856E-04    0.3300729888E-19    0.7558671476E-04
   The R.M.S Residuals are 
    0.2884486774E-04    0.3691813105E-04    0.1380175284E-04    0.5369090712E-20    0.3534323430E-04
 --------------Force and Moment -----------------------------
 Total Force Coefficient (CL, CD, CS) =
  -5.9941717348464700E-002   8.7487997814283625E-002   2.3634722378597410E-021
 Total Moment Coefficient(CMx, CMy, CMz)=
   1.4985429337116170E-002   2.1871999453570906E-002  -2.9970414221915792E-002
 Kstep, t=         115   115.00000000000000     
 ----------The Max Residuals are--------  ---Mesh---           1
    0.6609407746E-04    0.8379424771E-04    0.3839957369E-04    0.2811469126E-19    0.7773449016E-04
   The R.M.S Residuals are 
    0.2891060967E-04    0.3682615227E-04    0.1389702659E-04    0.5478616665E-20    0.3538881784E-04
 --------------Force and Moment -----------------------------
 Total Force Coefficient (CL, CD, CS) =
  -5.9700295322827127E-002   8.6863261633872715E-002   1.5987670012143853E-021
 Total Moment Coefficient(CMx, CMy, CMz)=
   1.4925073830706761E-002   2.1715815408468179E-002  -2.9849694036937706E-002
 Kstep, t=         116   116.00000000000000     
 ----------The Max Residuals are--------  ---Mesh---           1
    0.6802949690E-04    0.8281530305E-04    0.3953878256E-04    0.3287222055E-19    0.7993580376E-04
   The R.M.S Residuals are 
    0.2898296443E-04    0.3674175820E-04    0.1399633601E-04    0.5474464634E-20    0.3544254317E-04
 --------------Force and Moment -----------------------------
 Total Force Coefficient (CL, CD, CS) =
  -5.9460132977364411E-002   8.6246759165069631E-002   2.6974520252032903E-021
 Total Moment Coefficient(CMx, CMy, CMz)=
   1.4865033244341097E-002   2.1561689791267408E-002  -2.9729603615934325E-002
 Kstep, t=         117   117.00000000000000     
 ----------The Max Residuals are--------  ---Mesh---           1
    0.7007458065E-04    0.8185151458E-04    0.4064248799E-04    0.3227949637E-19    0.8235396725E-04
   The R.M.S Residuals are 
    0.2906185110E-04    0.3666489751E-04    0.1409957091E-04    0.5390491826E-20    0.3550430764E-04
 --------------Force and Moment -----------------------------
 Total Force Coefficient (CL, CD, CS) =
  -5.9221206953269170E-002   8.5638315267334258E-002   1.4783089723951737E-021
 Total Moment Coefficient(CMx, CMy, CMz)=
   1.4805301738317287E-002   2.1409578816833565E-002  -2.9610131277371970E-002
 Kstep, t=         118   118.00000000000000     
 ----------The Max Residuals are--------  ---Mesh---           1
    0.7218534450E-04    0.8090270442E-04    0.4192606952E-04    0.3369873312E-19    0.8463459282E-04
   The R.M.S Residuals are 
    0.2914716854E-04    0.3659550294E-04    0.1420660962E-04    0.5379384278E-20    0.3557398556E-04
 --------------Force and Moment -----------------------------
 Total Force Coefficient (CL, CD, CS) =
  -5.8983494480337885E-002   8.5037759937948820E-002   6.1838435475438700E-022
 Total Moment Coefficient(CMx, CMy, CMz)=
   1.4745873620084476E-002   2.1259439984487205E-002  -2.9491265633982043E-002
 Kstep, t=         119   119.00000000000000     
 ----------The Max Residuals are--------  ---Mesh---           1
    0.7436232129E-04    0.7996868731E-04    0.4306790282E-04    0.2829722029E-19    0.8729948810E-04
   The R.M.S Residuals are 
    0.2923879668E-04    0.3653349188E-04    0.1431732009E-04    0.5563078959E-20    0.3565142960E-04
 --------------Force and Moment -----------------------------
 Total Force Coefficient (CL, CD, CS) =
  -5.8746973367658370E-002   8.4444928122073590E-002   1.1858106434180452E-021
 Total Moment Coefficient(CMx, CMy, CMz)=
   1.4686743341914577E-002   2.1111232030518397E-002  -2.9372995588103232E-002
 Kstep, t=         120   120.00000000000000     
 ----------The Max Residuals are--------  ---Mesh---           1
    0.7658889305E-04    0.7904927173E-04    0.4448565749E-04    0.3286094133E-19    0.8971627152E-04
   The R.M.S Residuals are 
    0.2933659793E-04    0.3647876716E-04    0.1443156111E-04    0.5543271681E-20    0.3573647228E-04
 --------------Force and Moment -----------------------------
 Total Force Coefficient (CL, CD, CS) =
  -5.8511621993609229E-002   8.3859659531266284E-002   2.6944854532338210E-021
 Total Moment Coefficient(CMx, CMy, CMz)=
   1.4627905498402297E-002   2.0964914882816571E-002  -2.9255310326679648E-002
 Kstep, t=         121   121.00000000000000     
 ----------The Max Residuals are--------  ---Mesh---           1
    0.7896283382E-04    0.7814426090E-04    0.4569379476E-04    0.2734241153E-19    0.9256950222E-04
   The R.M.S Residuals are 
    0.2944041856E-04    0.3643121782E-04    0.1454918350E-04    0.5488688413E-20    0.3582892760E-04
 --------------Force and Moment -----------------------------
 Total Force Coefficient (CL, CD, CS) =
  -5.8277419295294564E-002   8.3281798470031407E-002   5.5426131948998824E-022
 Total Moment Coefficient(CMx, CMy, CMz)=
   1.4569354823823632E-002   2.0820449617507852E-002  -2.9138199315976200E-002
 Kstep, t=         122   122.00000000000000     
 ----------The Max Residuals are--------  ---Mesh---           1
    0.8119534927E-04    0.7971028203E-04    0.4721871849E-04    0.2799850631E-19    0.9519827117E-04
   The R.M.S Residuals are 
    0.2955009033E-04    0.3639072006E-04    0.1467003124E-04    0.5757256949E-20    0.3592859281E-04
 --------------Force and Moment -----------------------------
 Total Force Coefficient (CL, CD, CS) =
  -5.8044344757529724E-002   8.2711193669983807E-002   2.1496512980323391E-021
 Total Moment Coefficient(CMx, CMy, CMz)=
   1.4511086189382445E-002   2.0677798417495952E-002  -2.9021652296069483E-002
 Kstep, t=         123   123.00000000000000     
 ----------The Max Residuals are--------  ---Mesh---           1
    0.8385174871E-04    0.8225600967E-04    0.4853085055E-04    0.2880070187E-19    0.9812534483E-04
   The R.M.S Residuals are 
    0.2966543196E-04    0.3635713826E-04    0.1479394271E-04    0.5588450349E-20    0.3603525022E-04
 --------------Force and Moment -----------------------------
 Total Force Coefficient (CL, CD, CS) =
  -5.7812378401488423E-002   8.2147698131246449E-002   4.1119995266368982E-021
 Total Moment Coefficient(CMx, CMy, CMz)=
   1.4453094600372095E-002   2.0536924532811612E-002  -2.8905659275169499E-002
 Kstep, t=         124   124.00000000000000     
 ----------The Max Residuals are--------  ---Mesh---           1
    0.8607656778E-04    0.8436955015E-04    0.5010868955E-04    0.2797060512E-19    0.1010664352E-03
   The R.M.S Residuals are 
    0.2978625064E-04    0.3633032597E-04    0.1492075182E-04    0.5491731162E-20    0.3614866902E-04
 --------------Force and Moment -----------------------------
 Total Force Coefficient (CL, CD, CS) =
  -5.7581500773111909E-002   8.1591168970717984E-002   4.0191097293773120E-021
 Total Moment Coefficient(CMx, CMy, CMz)=
   1.4395375193277986E-002   2.0397792242679496E-002  -2.8790210523822295E-002
 Kstep, t=         125   125.00000000000000     
 ----------The Max Residuals are--------  ---Mesh---           1
    0.8895140246E-04    0.8720347481E-04    0.5157487319E-04    0.3792626583E-19    0.1038638861E-03
   The R.M.S Residuals are 
    0.2991234345E-04    0.3631012682E-04    0.1505028910E-04    0.5620105531E-20    0.3626860696E-04
 --------------Force and Moment -----------------------------
 Total Force Coefficient (CL, CD, CS) =
  -5.7351692931373321E-002   8.1041467276871906E-002   4.4080270548587186E-021
 Total Moment Coefficient(CMx, CMy, CMz)=
   1.4337923232843353E-002   2.0260366819217977E-002  -2.8675296569039554E-002
 Kstep, t=         126   126.00000000000000     
 ----------The Max Residuals are--------  ---Mesh---           1
    0.9154334603E-04    0.8967138663E-04    0.5310784805E-04    0.3298631614E-19    0.1072486289E-03
   The R.M.S Residuals are 
    0.3004349868E-04    0.3629637541E-04    0.1518238277E-04    0.5609981702E-20    0.3639481186E-04
 --------------Force and Moment -----------------------------
 Total Force Coefficient (CL, CD, CS) =
  -5.7122936436476437E-002   8.0498457970764839E-002   3.7476470880906517E-021
 Total Moment Coefficient(CMx, CMy, CMz)=
   1.4280734109119108E-002   2.0124614492691210E-002  -2.8560908188396253E-002
 Kstep, t=         127   127.00000000000000     
 ----------The Max Residuals are--------  ---Mesh---           1
    0.9409380066E-04    0.9220565906E-04    0.5479395564E-04    0.3272726846E-19    0.1100675484E-03
   The R.M.S Residuals are 
    0.3017949715E-04    0.3628889799E-04    0.1531685972E-04    0.5695012747E-20    0.3652702305E-04
 --------------Force and Moment -----------------------------
 Total Force Coefficient (CL, CD, CS) =
  -5.6895213338063896E-002   7.9962009672955303E-002   3.4458819606531463E-021
 Total Moment Coefficient(CMx, CMy, CMz)=
   1.4223803334515971E-002   1.9990502418238826E-002  -2.8447036404132375E-002
 Kstep, t=         128   128.00000000000000     
 ----------The Max Residuals are--------  ---Mesh---           1
    0.9720012373E-04    0.9517380991E-04    0.5618877028E-04    0.2775007101E-19    0.1135719419E-03
   The R.M.S Residuals are 
    0.3032011360E-04    0.3628751343E-04    0.1545354646E-04    0.5679408218E-20    0.3666497280E-04
 --------------Force and Moment -----------------------------
 Total Force Coefficient (CL, CD, CS) =
  -5.6668506163496578E-002   7.9431994576047146E-002   1.3251962864755246E-021
 Total Moment Coefficient(CMx, CMy, CMz)=
   1.4167126540874153E-002   1.9857998644011787E-002  -2.8333672477290350E-002
 Kstep, t=         129   129.00000000000000     
 ----------The Max Residuals are--------  ---Mesh---           1
    0.9977571831E-04    0.9761103223E-04    0.5810736795E-04    0.2920339504E-19    0.1169739063E-03
   The R.M.S Residuals are 
    0.3046511824E-04    0.3629203439E-04    0.1559227000E-04    0.5632449439E-20    0.3680838816E-04
 --------------Force and Moment -----------------------------
 Total Force Coefficient (CL, CD, CS) =
  -5.6442797906259536E-002   7.8908288322589851E-002   3.1171634769904492E-021
 Total Moment Coefficient(CMx, CMy, CMz)=
   1.4110699476564908E-002   1.9727072080647463E-002  -2.8220807901915772E-002
 Kstep, t=         130   130.00000000000000     
 ----------The Max Residuals are--------  ---Mesh---           1
    0.1027705954E-03    0.1006109106E-03    0.5979105685E-04    0.2882733320E-19    0.1197227031E-03
   The R.M.S Residuals are 
    0.3061427845E-04    0.3630226872E-04    0.1573285855E-04    0.5583084910E-20    0.3695699299E-04
 --------------Force and Moment -----------------------------
 Total Force Coefficient (CL, CD, CS) =
  -5.6218072014543083E-002   7.8390769888084452E-002   4.8355781055641128E-021
 Total Moment Coefficient(CMx, CMy, CMz)=
   1.4054518003635757E-002   1.9597692472021113E-002  -2.8108434399345725E-002
 Kstep, t=         131   131.00000000000000     
 ----------The Max Residuals are--------  ---Mesh---           1
    0.1060268438E-03    0.1037123873E-03    0.6135205820E-04    0.2797139191E-19    0.1239056868E-03
   The R.M.S Residuals are 
    0.3076736021E-04    0.3631802090E-04    0.1587514219E-04    0.5617299252E-20    0.3711051000E-04
 --------------Force and Moment -----------------------------
 Total Force Coefficient (CL, CD, CS) =
  -5.5994312380039622E-002   7.7879321468853041E-002   1.0626247629848502E-021
 Total Moment Coefficient(CMx, CMy, CMz)=
   1.3998578095009902E-002   1.9469830367213260E-002  -2.7996543912605178E-002
 Kstep, t=         132   132.00000000000000     
 ----------The Max Residuals are--------  ---Mesh---           1
    0.1086741960E-03    0.1062054414E-03    0.6343869480E-04    0.2904369586E-19    0.1274292927E-03
   The R.M.S Residuals are 
    0.3092412908E-04    0.3633909293E-04    0.1601895333E-04    0.5656645088E-20    0.3726866211E-04
 --------------Force and Moment -----------------------------
 Total Force Coefficient (CL, CD, CS) =
  -5.5771503326997686E-002   7.7373828374547038E-002   1.3677511430978309E-021
 Total Moment Coefficient(CMx, CMy, CMz)=
   1.3942875831749418E-002   1.9343457093636759E-002  -2.7885128600931529E-002
 Kstep, t=         133   133.00000000000000     
 ----------The Max Residuals are--------  ---Mesh---           1
    0.1119307883E-03    0.1095003918E-03    0.6516968983E-04    0.2801883605E-19    0.1303069110E-03
   The R.M.S Residuals are 
    0.3108435022E-04    0.3636528443E-04    0.1616412717E-04    0.5745695686E-20    0.3743117276E-04
 --------------Force and Moment -----------------------------
 Total Force Coefficient (CL, CD, CS) =
  -5.5549629601565564E-002   7.6874178925079570E-002   3.6500058671869851E-021
 Total Moment Coefficient(CMx, CMy, CMz)=
   1.3887407400391391E-002   1.9218544731269892E-002  -2.7774180834444787E-002
 Kstep, t=         134   134.00000000000000     
 ----------The Max Residuals are--------  ---Mesh---           1
    0.1154877664E-03    0.1128838254E-03    0.6686369659E-04    0.3351756198E-19    0.1349056684E-03
   The R.M.S Residuals are 
    0.3124778799E-04    0.3639639236E-04    0.1631050197E-04    0.5800733680E-20    0.3759776568E-04
 --------------Force and Moment -----------------------------
 Total Force Coefficient (CL, CD, CS) =
  -5.5328676361463103E-002   7.6380264351778360E-002   3.1513976164604756E-021
 Total Moment Coefficient(CMx, CMy, CMz)=
   1.3832169090365784E-002   1.9095066087944590E-002  -2.7663693188981396E-002
 Kstep, t=         135   135.00000000000000     
 ----------The Max Residuals are--------  ---Mesh---           1
    0.1183516826E-03    0.1155750627E-03    0.6913214998E-04    0.2796721319E-19    0.1387222306E-03
   The R.M.S Residuals are 
    0.3141420556E-04    0.3643221104E-04    0.1645791937E-04    0.5726795254E-20    0.3776816474E-04
 --------------Force and Moment -----------------------------
 Total Force Coefficient (CL, CD, CS) =
  -5.5108629166016825E-002   7.5891978702563243E-002   3.8068567008331296E-021
 Total Moment Coefficient(CMx, CMy, CMz)=
   1.3777157291504204E-002   1.8972994675640811E-002  -2.7553658441110039E-002
 Kstep, t=         136   136.00000000000000     
 ----------The Max Residuals are--------  ---Mesh---           1
    0.1214540314E-03    0.1187671389E-03    0.7099362476E-04    0.2880578935E-19    0.1416867981E-03
   The R.M.S Residuals are 
    0.3158336528E-04    0.3647253264E-04    0.1660622471E-04    0.5702100230E-20    0.3794209443E-04
 --------------Force and Moment -----------------------------
 Total Force Coefficient (CL, CD, CS) =
  -5.4889473966597865E-002   7.5409218750966817E-002   1.5999259968564856E-021
 Total Moment Coefficient(CMx, CMy, CMz)=
   1.3722368491649475E-002   1.8852304687741704E-002  -2.7444069563349410E-002
 Kstep, t=         137   137.00000000000000     
 ----------The Max Residuals are--------  ---Mesh---           1
    0.1255435963E-03    0.1226615411E-03    0.7258053993E-04    0.2731109741E-19    0.1464929637E-03
   The R.M.S Residuals are 
    0.3175502975E-04    0.3651714793E-04    0.1675526751E-04    0.5679035089E-20    0.3811928070E-04
 --------------Force and Moment -----------------------------
 Total Force Coefficient (CL, CD, CS) =
  -5.4671197097507243E-002   7.4931883908819316E-002   8.6038604555820018E-022
 Total Moment Coefficient(CMx, CMy, CMz)=
   1.3667799274376816E-002   1.8732970977204829E-002  -2.7334919719609510E-002
 Kstep, t=         138   138.00000000000000     
 ----------The Max Residuals are--------  ---Mesh---           1
    0.1288517493E-03    0.1257751705E-03    0.7516502273E-04    0.3050401700E-19    0.1508701750E-03
   The R.M.S Residuals are 
    0.3192896368E-04    0.3656584724E-04    0.1690490194E-04    0.5626397909E-20    0.3829945213E-04
 --------------Force and Moment -----------------------------
 Total Force Coefficient (CL, CD, CS) =
  -5.4453785267354698E-002   7.4459876142430811E-002   2.2790191315506660E-022
 Total Moment Coefficient(CMx, CMy, CMz)=
   1.3613446316838687E-002   1.8614969035607703E-002  -2.7226202260880461E-002
 Kstep, t=         139   139.00000000000000     
 ----------The Max Residuals are--------  ---Mesh---           1
    0.1313156172E-03    0.1280506274E-03    0.7728873580E-04    0.3315891618E-19    0.1542805529E-03
   The R.M.S Residuals are 
    0.3210493563E-04    0.3661842114E-04    0.1705498725E-04    0.5661723454E-20    0.3848234093E-04
 --------------Force and Moment -----------------------------
 Total Force Coefficient (CL, CD, CS) =
  -5.4237225550985410E-002   7.3993099892106298E-002   2.4733498563303156E-021
 Total Moment Coefficient(CMx, CMy, CMz)=
   1.3559306387746351E-002   1.8498274973026575E-002  -2.7117910721195439E-002
 Kstep, t=         140   140.00000000000000     
 ----------The Max Residuals are--------  ---Mesh---           1
    0.1359238207E-03    0.1327945783E-03    0.7891031174E-04    0.2882050896E-19    0.1583096846E-03
   The R.M.S Residuals are 
    0.3228271947E-04    0.3667466091E-04    0.1720538782E-04    0.5768689829E-20    0.3866768363E-04
 --------------Force and Moment -----------------------------
 Total Force Coefficient (CL, CD, CS) =
  -5.4021505382010344E-002   7.3531461994841785E-002   5.1519914336598870E-021
 Total Moment Coefficient(CMx, CMy, CMz)=
   1.3505376345502581E-002   1.8382865498710446E-002  -2.7010038813896256E-002
 Kstep, t=         141   141.00000000000000     
 ----------The Max Residuals are--------  ---Mesh---           1
    0.1400243810E-03    0.1366746161E-03    0.8138496082E-04    0.2729753132E-19    0.1636528095E-03
   The R.M.S Residuals are 
    0.3246209491E-04    0.3673435843E-04    0.1735597269E-04    0.5686181193E-20    0.3885522120E-04
 --------------Force and Moment -----------------------------
 Total Force Coefficient (CL, CD, CS) =
  -5.3806612546000734E-002   7.3074871610047623E-002   6.6329009691962858E-021
 Total Moment Coefficient(CMx, CMy, CMz)=
   1.3451653136500191E-002   1.8268717902511906E-002  -2.6902580428231349E-002
 Kstep, t=         142   142.00000000000000     
 ----------The Max Residuals are--------  ---Mesh---           1
    0.1431720286E-03    0.1396041351E-03    0.8397361473E-04    0.2800392095E-19    0.1679109199E-03
   The R.M.S Residuals are 
    0.3264284705E-04    0.3679730566E-04    0.1750661480E-04    0.5687002725E-20    0.3904469837E-04
 --------------Force and Moment -----------------------------
 Total Force Coefficient (CL, CD, CS) =
  -5.3592535174405771E-002   7.2623240148157589E-002   3.3983561427625803E-021
 Total Moment Coefficient(CMx, CMy, CMz)=
   1.3398133793601436E-002   1.8155810037039397E-002  -2.6795529626315977E-002
 Kstep, t=         143   143.00000000000000     
 ----------The Max Residuals are--------  ---Mesh---           1
    0.1458676985E-03    0.1425512535E-03    0.8599413952E-04    0.2840423194E-19    0.1709990666E-03
   The R.M.S Residuals are 
    0.3282476541E-04    0.3686329441E-04    0.1765718984E-04    0.5711966403E-20    0.3923586309E-04
 --------------Force and Moment -----------------------------
 Total Force Coefficient (CL, CD, CS) =
  -5.3379261739249652E-002   7.2176481201981252E-002   1.7485179860036212E-021
 Total Moment Coefficient(CMx, CMy, CMz)=
   1.3344815434812409E-002   1.8044120300495313E-002  -2.6688880640483498E-002
 Kstep, t=         144   144.00000000000000     
 ----------The Max Residuals are--------  ---Mesh---           1
    0.1512672324E-03    0.1477008795E-03    0.8740823586E-04    0.2880682737E-19    0.1763104588E-03
   The R.M.S Residuals are 
    0.3300764318E-04    0.3693211717E-04    0.1780757526E-04    0.5589620794E-20    0.3942846721E-04
 --------------Force and Moment -----------------------------
 Total Force Coefficient (CL, CD, CS) =
  -5.3166781048658379E-002   7.1734510480666563E-002   4.9474108355024374E-021
 Total Moment Coefficient(CMx, CMy, CMz)=
   1.3291695262164597E-002   1.7933627620166641E-002  -2.6582627871051305E-002
 Kstep, t=         145   145.00000000000000     
 ----------The Max Residuals are--------  ---Mesh---           1
    0.1556231631E-03    0.1518063860E-03    0.9071324059E-04    0.2766123876E-19    0.1820256256E-03
   The R.M.S Residuals are 
    0.3319127700E-04    0.3700356977E-04    0.1795764951E-04    0.5662454067E-20    0.3962226916E-04
 --------------Force and Moment -----------------------------
 Total Force Coefficient (CL, CD, CS) =
  -5.2955082243250670E-002   7.1297245746140769E-002   4.7502042582930420E-021
 Total Moment Coefficient(CMx, CMy, CMz)=
   1.3238770560812661E-002   1.7824311436535192E-002  -2.6476765884520477E-002
 Kstep, t=         146   146.00000000000000     
 ----------The Max Residuals are--------  ---Mesh---           1
    0.1588322305E-03    0.1547684950E-03    0.9343958564E-04    0.2881054079E-19    0.1864268997E-03
   The R.M.S Residuals are 
    0.3337546743E-04    0.3707745420E-04    0.1810729205E-04    0.5747636542E-20    0.3981703688E-04
 --------------Force and Moment -----------------------------
 Total Force Coefficient (CL, CD, CS) =
  -5.2744154793412490E-002   7.0864606751903605E-002   9.1791957540011325E-022
 Total Moment Coefficient(CMx, CMy, CMz)=
   1.3186038698353107E-002   1.7716151687975901E-002  -2.6371289412217676E-002
 Kstep, t=         147   147.00000000000000     
 ----------The Max Residuals are--------  ---Mesh---           1
    0.1610629914E-03    0.1573788018E-03    0.9547638003E-04    0.2798202167E-19    0.1894227488E-03
   The R.M.S Residuals are 
    0.3356001829E-04    0.3715357733E-04    0.1825638437E-04    0.5740481133E-20    0.4001254611E-04
 --------------Force and Moment -----------------------------
 Total Force Coefficient (CL, CD, CS) =
  -5.2533988497448461E-002   7.0436515184050585E-002   4.1614721199024878E-021
 Total Moment Coefficient(CMx, CMy, CMz)=
   1.3133497124362115E-002   1.7609128796012646E-002  -2.6266193349376306E-002
 Kstep, t=         148   148.00000000000000     
 ----------The Max Residuals are--------  ---Mesh---           1
    0.1673625289E-03    0.1633938169E-03    0.9678525631E-04    0.3310960281E-19    0.1950261054E-03
   The R.M.S Residuals are 
    0.3374473413E-04    0.3723174581E-04    0.1840481132E-04    0.5709248179E-20    0.4020857444E-04
 --------------Force and Moment -----------------------------
 Total Force Coefficient (CL, CD, CS) =
  -5.2324573480577438E-002   7.0012894604409709E-002   2.2478816196835920E-021
 Total Moment Coefficient(CMx, CMy, CMz)=
   1.3081143370144370E-002   1.7503223651102427E-002  -2.6161472754640334E-002
 Kstep, t=         149   149.00000000000000     
 ----------The Max Residuals are--------  ---Mesh---           1
    0.1724351189E-03    0.1681797152E-03    0.1005185239E-03    0.2792355357E-19    0.2016535346E-03
   The R.M.S Residuals are 
    0.3392941905E-04    0.3731176541E-04    0.1855246155E-04    0.5710290827E-20    0.4040490032E-04
 --------------Force and Moment -----------------------------
 Total Force Coefficient (CL, CD, CS) =
  -5.2115900194702587E-002   6.9593670395678986E-002   2.3809413338272253E-021
 Total Moment Coefficient(CMx, CMy, CMz)=
   1.3028975048675661E-002   1.7398417598919746E-002  -2.6057122849956406E-002
 Kstep, t=         150   150.00000000000000     
 ----------The Max Residuals are--------  ---Mesh---           1
    0.1761420881E-03    0.1716026752E-03    0.1036453266E-03    0.3250931364E-19    0.2067146545E-03
   The R.M.S Residuals are 
    0.3411387779E-04    0.3739344449E-04    0.1869922693E-04    0.5772949033E-20    0.4060130661E-04
 --------------Force and Moment -----------------------------
 Total Force Coefficient (CL, CD, CS) =
  -5.1907959418855912E-002   6.9178769708456600E-002  -3.1663436543259898E-023
 Total Moment Coefficient(CMx, CMy, CMz)=
   1.2976989854713981E-002   1.7294692427114150E-002  -2.5953139020802991E-002
 Kstep, t=         151   151.00000000000000     
 ----------The Max Residuals are--------  ---Mesh---           1
    0.1784005814E-03    0.1735857073E-03    0.1059435479E-03    0.2671333340E-19    0.2100886945E-03
   The R.M.S Residuals are 
    0.3429791504E-04    0.3747658983E-04    0.1884500275E-04    0.5663711737E-20    0.4079757541E-04
 --------------Force and Moment -----------------------------
 Total Force Coefficient (CL, CD, CS) =
  -5.1700742260177651E-002   6.8768121410063610E-002   2.3022571717565825E-021
 Total Moment Coefficient(CMx, CMy, CMz)=
   1.2925185565044413E-002   1.7192030352515902E-002  -2.5849516816687894E-002
 Kstep, t=         152   152.00000000000000     
 ----------The Max Residuals are--------  ---Mesh---           1
    0.1833976202E-03    0.1791073254E-03    0.1073649182E-03    0.2744760806E-19    0.2134211043E-03
   The R.M.S Residuals are 
    0.3448133351E-04    0.3756099941E-04    0.1898968922E-04    0.5768332504E-20    0.4099347971E-04
 --------------Force and Moment -----------------------------
 Total Force Coefficient (CL, CD, CS) =
  -5.1494240155259760E-002   6.8361656035061488E-002   3.1455609568492573E-021
 Total Moment Coefficient(CMx, CMy, CMz)=
   1.2873560038814935E-002   1.7090414008765372E-002  -2.5746251951827559E-002
 Kstep, t=         153   153.00000000000000     
 ----------The Max Residuals are--------  ---Mesh---           1
    0.1899593069E-03    0.1853403514E-03    0.1103763639E-03    0.3049865971E-19    0.2218591775E-03
   The R.M.S Residuals are 
    0.3466393685E-04    0.3764646527E-04    0.1913319299E-04    0.5758518040E-20    0.4118878708E-04
 --------------Force and Moment -----------------------------
 Total Force Coefficient (CL, CD, CS) =
  -5.1288444871653849E-002   6.7959305737375561E-002   3.2668696794597263E-021
 Total Moment Coefficient(CMx, CMy, CMz)=
   1.2822111217913474E-002   1.6989826434343890E-002  -2.5643340305908424E-002
 Kstep, t=         154   154.00000000000000     
 ----------The Max Residuals are--------  ---Mesh---           1
    0.1949408794E-03    0.1899915195E-03    0.1143594656E-03    0.3050289497E-19    0.2284937511E-03
   The R.M.S Residuals are 
    0.3484553333E-04    0.3773277889E-04    0.1927542647E-04    0.5803626176E-20    0.4138326660E-04
 --------------Force and Moment -----------------------------
 Total Force Coefficient (CL, CD, CS) =
  -5.1083348509321738E-002   6.7561004243940501E-002   4.6290694458384535E-022
 Total Moment Coefficient(CMx, CMy, CMz)=
   1.2770837127330433E-002   1.6890251060985125E-002  -2.5540777924819590E-002
 Kstep, t=         155   155.00000000000000     
 ----------The Max Residuals are--------  ---Mesh---           1
    0.1981955673E-03    0.1929210174E-03    0.1173692938E-03    0.2796416216E-19    0.2331247175E-03
   The R.M.S Residuals are 
    0.3502593341E-04    0.3781973341E-04    0.1941630214E-04    0.5627303396E-20    0.4157669202E-04
 --------------Force and Moment -----------------------------
 Total Force Coefficient (CL, CD, CS) =
  -5.0878943501796864E-002   6.7166686809790654E-002  -1.8387579698394986E-021
 Total Moment Coefficient(CMx, CMy, CMz)=
   1.2719735875449206E-002   1.6791671702447664E-002  -2.5438561021240445E-002
 Kstep, t=         156   156.00000000000000     
 ----------The Max Residuals are--------  ---Mesh---           1
    0.1996582055E-03    0.1940720512E-03    0.1193237597E-03    0.2765236515E-19    0.2356464147E-03
   The R.M.S Residuals are 
    0.3520494492E-04    0.3790712698E-04    0.1955572318E-04    0.5693424936E-20    0.4176884281E-04
 --------------Force and Moment -----------------------------
 Total Force Coefficient (CL, CD, CS) =
  -5.0675222616824320E-002   6.6776290174526118E-002  -1.9534755995862121E-021
 Total Moment Coefficient(CMx, CMy, CMz)=
   1.2668805654206085E-002   1.6694072543631529E-002  -2.5336685974966792E-002
 Kstep, t=         157   157.00000000000000     
 ----------The Max Residuals are--------  ---Mesh---           1
    0.2062217227E-03    0.2013837329E-03    0.1201909884E-03    0.2795573445E-19    0.2402236670E-03
   The R.M.S Residuals are 
    0.3538237152E-04    0.3799475860E-04    0.1969357935E-04    0.5757210827E-20    0.4195949719E-04
 --------------Force and Moment -----------------------------
 Total Force Coefficient (CL, CD, CS) =
  -5.0472178956258079E-002   6.6389752520089371E-002  -8.5109530735893659E-022
 Total Moment Coefficient(CMx, CMy, CMz)=
   1.2618044739064508E-002   1.6597438130022343E-002  -2.5235149332864970E-002
 Kstep, t=         158   158.00000000000000     
 ----------The Max Residuals are--------  ---Mesh---           1
    0.2136985728E-03    0.2084804388E-03    0.1245144485E-03    0.3388770269E-19    0.2498487930E-03
   The R.M.S Residuals are 
    0.3555802844E-04    0.3808243131E-04    0.1982975995E-04    0.5674715732E-20    0.4214843423E-04
 --------------Force and Moment -----------------------------
 Total Force Coefficient (CL, CD, CS) =
  -5.0269805955019377E-002   6.6007013429798436E-002  -1.3929661936517602E-021
 Total Moment Coefficient(CMx, CMy, CMz)=
   1.2567451488754858E-002   1.6501753357449609E-002  -2.5133947808356170E-002
 Kstep, t=         159   159.00000000000000     
 ----------The Max Residuals are--------  ---Mesh---           1
    0.2192212739E-03    0.2136184108E-03    0.1289745680E-03    0.2779687538E-19    0.2572309197E-03
   The R.M.S Residuals are 
    0.3573176632E-04    0.3816997335E-04    0.1996417515E-04    0.5721427938E-20    0.4233546547E-04
 --------------Force and Moment -----------------------------
 Total Force Coefficient (CL, CD, CS) =
  -5.0068097378954110E-002   6.5628013848584466E-002   9.0452652425767174E-023
 Total Moment Coefficient(CMx, CMy, CMz)=
   1.2517024344738541E-002   1.6407003462146116E-002  -2.5033078280348994E-002
 Kstep, t=         160   160.00000000000000     
 ----------The Max Residuals are--------  ---Mesh---           1
    0.2226012622E-03    0.2166183727E-03    0.1322131971E-03    0.2784313853E-19    0.2621138536E-03
   The R.M.S Residuals are 
    0.3590347264E-04    0.3825724525E-04    0.2009676403E-04    0.5739711248E-20    0.4252044820E-04
 --------------Force and Moment -----------------------------
 Total Force Coefficient (CL, CD, CS) =
  -4.9867047321469536E-002   6.5252696044391045E-002  -5.1040349523652802E-022
 Total Moment Coefficient(CMx, CMy, CMz)=
   1.2466761830367374E-002   1.6313174011097761E-002  -2.4932537791561613E-002
 Kstep, t=         161   161.00000000000000     
 ----------The Max Residuals are--------  ---Mesh---           1
    0.2237652495E-03    0.2174186017E-03    0.1341319619E-03    0.3388083968E-19    0.2643760503E-03
   The R.M.S Residuals are 
    0.3607300820E-04    0.3834408347E-04    0.2022746298E-04    0.5722408084E-20    0.4270322342E-04
 --------------Force and Moment -----------------------------
 Total Force Coefficient (CL, CD, CS) =
  -4.9666650198881057E-002   6.4881003570697815E-002  -2.9800340257025110E-022
 Total Moment Coefficient(CMx, CMy, CMz)=
   1.2416662549720276E-002   1.6220250892674454E-002  -2.4832323546198194E-002
 Kstep, t=         162   162.00000000000000     
 ----------The Max Residuals are--------  ---Mesh---           1
    0.2280500779E-03    0.2227969483E-03    0.1347038267E-03    0.2799323465E-19    0.2655440066E-03
   The R.M.S Residuals are 
    0.3624012866E-04    0.3843022745E-04    0.2035615398E-04    0.5645418491E-20    0.4288351655E-04
 --------------Force and Moment -----------------------------
 Total Force Coefficient (CL, CD, CS) =
  -4.9466900744450905E-002   6.4512881230136057E-002   1.8653824717015713E-022
 Total Moment Coefficient(CMx, CMy, CMz)=
   1.2366725186112728E-002   1.6128220307534014E-002  -2.4732432906970900E-002
 Kstep, t=         163   163.00000000000000     
 ----------The Max Residuals are--------  ---Mesh---           1
    0.2376060698E-03    0.2319177232E-03    0.1382948093E-03    0.3388354740E-19    0.2777077607E-03
   The R.M.S Residuals are 
    0.3640449644E-04    0.3851532937E-04    0.2048265514E-04    0.5647641141E-20    0.4306092701E-04
 --------------Force and Moment -----------------------------
 Total Force Coefficient (CL, CD, CS) =
  -4.9267794001150861E-002   6.4148275039168215E-002   2.9901859688552409E-022
 Total Moment Coefficient(CMx, CMy, CMz)=
   1.2316948500287710E-002   1.6037068759792054E-002  -2.4632863391484065E-002
 Kstep, t=         164   164.00000000000000     
 ----------The Max Residuals are--------  ---Mesh---           1
    0.2448888592E-03    0.2387518276E-03    0.1439322120E-03    0.3388124034E-19    0.2872681777E-03
   The R.M.S Residuals are 
    0.3656581172E-04    0.3859907888E-04    0.2060678456E-04    0.5694215810E-20    0.4323508032E-04
 --------------Force and Moment -----------------------------
 Total Force Coefficient (CL, CD, CS) =
  -4.9069325313230182E-002   6.3787132193808826E-002   9.1883998190946198E-023
 Total Moment Coefficient(CMx, CMy, CMz)=
   1.2267331328307540E-002   1.5946783048452207E-002  -2.4533612668020843E-002
 Kstep, t=         165   165.00000000000000     
 ----------The Max Residuals are--------  ---Mesh---           1
    0.2495899467E-03    0.2430013804E-03    0.1481122985E-03    0.3388547964E-19    0.2938209020E-03
   The R.M.S Residuals are 
    0.3672399837E-04    0.3868137948E-04    0.2072847408E-04    0.5726412239E-20    0.4340584384E-04
 --------------Force and Moment -----------------------------
 Total Force Coefficient (CL, CD, CS) =
  -4.8871490316710064E-002   6.3429401036365546E-002  -5.6943801675710828E-022
 Total Moment Coefficient(CMx, CMy, CMz)=
   1.2217872579177530E-002   1.5857350259091386E-002  -2.4434678550793572E-002
 Kstep, t=         166   166.00000000000000     
 ----------The Max Residuals are--------  ---Mesh---           1
    0.2515532737E-03    0.2445250505E-03    0.1506757250E-03    0.3388180903E-19    0.2971391279E-03
   The R.M.S Residuals are 
    0.3687917330E-04    0.3876231898E-04    0.2084778483E-04    0.5767148521E-20    0.4357335404E-04
 --------------Force and Moment -----------------------------
 Total Force Coefficient (CL, CD, CS) =
  -4.8674284928959213E-002   6.3075031023183709E-002  -1.6281895548606631E-021
 Total Moment Coefficient(CMx, CMy, CMz)=
   1.2168571232239802E-002   1.5768757755795927E-002  -2.4336058994734990E-002
 Kstep, t=         167   167.00000000000000     
 ----------The Max Residuals are--------  ---Mesh---           1
    0.2507899984E-03    0.2433511637E-03    0.1515611794E-03    0.3388368311E-19    0.2971953027E-03
   The R.M.S Residuals are 
    0.3703140392E-04    0.3884193305E-04    0.2096478868E-04    0.5582436639E-20    0.4373772708E-04
 --------------Force and Moment -----------------------------
 Total Force Coefficient (CL, CD, CS) =
  -4.8477705337526725E-002   6.2723972693377372E-002   1.2702665157181556E-021
 Total Moment Coefficient(CMx, CMy, CMz)=
   1.2119426334381673E-002   1.5680993173344343E-002  -2.4237752089919323E-002
 Kstep, t=         168   168.00000000000000     
 ----------The Max Residuals are--------  ---Mesh---           1
    0.2582074068E-03    0.2522818390E-03    0.1508063241E-03    0.3388273961E-19    0.3011948209E-03
   The R.M.S Residuals are 
    0.3718037406E-04    0.3891988097E-04    0.2107936654E-04    0.5678512383E-20    0.4389863968E-04
 --------------Force and Moment -----------------------------
 Total Force Coefficient (CL, CD, CS) =
  -4.8281747988425466E-002   6.2376177638532204E-002   1.6922786307830461E-021
 Total Moment Coefficient(CMx, CMy, CMz)=
   1.2070436997106368E-002   1.5594044409633051E-002  -2.4139756055708804E-002
 Kstep, t=         169   169.00000000000000     
 ----------The Max Residuals are--------  ---Mesh---           1
    0.2691106275E-03    0.2626771973E-03    0.1573498031E-03    0.4065725835E-19    0.3150964698E-03
   The R.M.S Residuals are 
    0.3732532146E-04    0.3899539079E-04    0.2119112232E-04    0.5730674415E-20    0.4405521489E-04
 --------------Force and Moment -----------------------------
 Total Force Coefficient (CL, CD, CS) =
  -4.8086409574058860E-002   6.2031598473363980E-002   2.7589168090105614E-021
 Total Moment Coefficient(CMx, CMy, CMz)=
   1.2021602393514706E-002   1.5507899618340995E-002  -2.4042069234723122E-002
 Kstep, t=         170   170.00000000000000     
 ----------The Max Residuals are--------  ---Mesh---           1
    0.2771729303E-03    0.2702110390E-03    0.1636391853E-03    0.3049440102E-19    0.3257195997E-03
   The R.M.S Residuals are 
    0.3746551082E-04    0.3906772014E-04    0.2129960013E-04    0.5757055911E-20    0.4420648579E-04
 --------------Force and Moment -----------------------------
 Total Force Coefficient (CL, CD, CS) =
  -4.7891687020980678E-002   6.1690188807319968E-002   2.4220243488678695E-021
 Total Moment Coefficient(CMx, CMy, CMz)=
   1.1972921755245161E-002   1.5422547201829992E-002  -2.3944690086726492E-002
 Kstep, t=         171   171.00000000000000     
 ----------The Max Residuals are--------  ---Mesh---           1
    0.2820085084E-03    0.2745122624E-03    0.1680797233E-03    0.3388502728E-19    0.3325586855E-03
   The R.M.S Residuals are 
    0.3760079675E-04    0.3913670194E-04    0.2140462557E-04    0.5750069455E-20    0.4435214540E-04
 --------------Force and Moment -----------------------------
 Total Force Coefficient (CL, CD, CS) =
  -4.7697577477665884E-002   6.1351903217101489E-002   1.3639290930922952E-021
 Total Moment Coefficient(CMx, CMy, CMz)=
   1.1924394369416478E-002   1.5337975804275372E-002  -2.3847617182520882E-002
 Kstep, t=         172   172.00000000000000     
 ----------The Max Residuals are--------  ---Mesh---           1
    0.2834436631E-03    0.2754277611E-03    0.1704878533E-03    0.4743622319E-19    0.3353578256E-03
   The R.M.S Residuals are 
    0.3773184334E-04    0.3920295162E-04    0.2150650458E-04    0.5829613162E-20    0.4449290955E-04
 --------------Force and Moment -----------------------------
 Total Force Coefficient (CL, CD, CS) =
  -4.7504078302450937E-002   6.1016697220096221E-002   3.0910205657162238E-021
 Total Moment Coefficient(CMx, CMy, CMz)=
   1.1876019575612741E-002   1.5254174305024055E-002  -2.3750849197924973E-002
 Kstep, t=         173   173.00000000000000     
 ----------The Max Residuals are--------  ---Mesh---           1
    0.2815343683E-03    0.2730372432E-03    0.1708159659E-03    0.4065569446E-19    0.3341366749E-03
   The R.M.S Residuals are 
    0.3785963831E-04    0.3926739352E-04    0.2160582115E-04    0.5584350304E-20    0.4462998023E-04
 --------------Force and Moment -----------------------------
 Total Force Coefficient (CL, CD, CS) =
  -4.7311187051780432E-002   6.0684527248695080E-002   3.5420419887805681E-021
 Total Moment Coefficient(CMx, CMy, CMz)=
   1.1827796762945101E-002   1.5171131812173770E-002  -2.3654384907907160E-002
 Kstep, t=         174   174.00000000000000     
 ----------The Max Residuals are--------  ---Mesh---           1
    0.2845147457E-03    0.2781413157E-03    0.1691492103E-03    0.4066025688E-19    0.3318830993E-03
   The R.M.S Residuals are 
    0.3798439860E-04    0.3933020802E-04    0.2170282877E-04    0.5621628090E-20    0.4476381953E-04
 --------------Force and Moment -----------------------------
 Total Force Coefficient (CL, CD, CS) =
  -4.7118901468872959E-002   6.0355350625475992E-002   3.3392778292599121E-021
 Total Moment Coefficient(CMx, CMy, CMz)=
   1.1779725367218233E-002   1.5088837656368998E-002  -2.3558223180928838E-002
 Kstep, t=         175   175.00000000000000     
 ----------The Max Residuals are--------  ---Mesh---           1
    0.2984346787E-03    0.2914860784E-03    0.1745348109E-03    0.4065816308E-19    0.3494515142E-03
   The R.M.S Residuals are 
    0.3810494086E-04    0.3939021882E-04    0.2179699158E-04    0.5670214307E-20    0.4489322902E-04
 --------------Force and Moment -----------------------------
 Total Force Coefficient (CL, CD, CS) =
  -4.6927219472893925E-002   6.0029125539231412E-002   3.6725165847443767E-021
 Total Moment Coefficient(CMx, CMy, CMz)=
   1.1731804868223486E-002   1.5007281384807853E-002  -2.3462362973541352E-002
 Kstep, t=         176   176.00000000000000     
 ----------The Max Residuals are--------  ---Mesh---           1
    0.3091717278E-03    0.3016123275E-03    0.1825353298E-03    0.3388423564E-19    0.3633546945E-03
   The R.M.S Residuals are 
    0.3821920258E-04    0.3944539146E-04    0.2188715136E-04    0.5632017573E-20    0.4501569807E-04
 --------------Force and Moment -----------------------------
 Total Force Coefficient (CL, CD, CS) =
  -4.6736139148697599E-002   5.9705811021814090E-002   4.1299217552770493E-021
 Total Moment Coefficient(CMx, CMy, CMz)=
   1.1684034787174393E-002   1.4926452755453522E-002  -2.3366803325268005E-002
 Kstep, t=         177   177.00000000000000     
 ----------The Max Residuals are--------  ---Mesh---           1
    0.3161417494E-03    0.3079515531E-03    0.1883937688E-03    0.4743438788E-19    0.3728447218E-03
   The R.M.S Residuals are 
    0.3832559537E-04    0.3949415490E-04    0.2197226453E-04    0.5713257293E-20    0.4512905862E-04
 --------------Force and Moment -----------------------------
 Total Force Coefficient (CL, CD, CS) =
  -4.6545658737178891E-002   5.9385366925777082E-002   4.1167835093881297E-021
 Total Moment Coefficient(CMx, CMy, CMz)=
   1.1636414684294723E-002   1.4846341731444270E-002  -2.3271543353790995E-002
 Kstep, t=         178   178.00000000000000     
 ----------The Max Residuals are--------  ---Mesh---           1
    0.3190140035E-03    0.3101973858E-03    0.1918253668E-03    0.3388369603E-19    0.3774710352E-03
   The R.M.S Residuals are 
    0.3842441278E-04    0.3953677454E-04    0.2205228019E-04    0.5714043580E-20    0.4523333642E-04
 --------------Force and Moment -----------------------------
 Total Force Coefficient (CL, CD, CS) =
  -4.6355776626254390E-002   5.9067753902780351E-002   5.1049396149765864E-021
 Total Moment Coefficient(CMx, CMy, CMz)=
   1.1588944156563578E-002   1.4766938475695088E-002  -2.3176582250452493E-002
 Kstep, t=         179   179.00000000000000     
 ----------The Max Residuals are--------  ---Mesh---           1
    0.3177549670E-03    0.3083466956E-03    0.1927176362E-03    0.4065735852E-19    0.3771389088E-03
   The R.M.S Residuals are 
    0.3851804603E-04    0.3957556028E-04    0.2212842064E-04    0.5768153404E-20    0.4533118296E-04
 --------------Force and Moment -----------------------------
 Total Force Coefficient (CL, CD, CS) =
  -4.6166491342473380E-002   5.8752933382736065E-002   3.7217239449483005E-021
 Total Moment Coefficient(CMx, CMy, CMz)=
   1.1541622835618354E-002   1.4688233345684016E-002  -2.3081919276070458E-002
 Kstep, t=         180   180.00000000000000     
 ----------The Max Residuals are--------  ---Mesh---           1
    0.3126203230E-03    0.3026862910E-03    0.1911359629E-03    0.4065572031E-19    0.3721046167E-03
   The R.M.S Residuals are 
    0.3860932655E-04    0.3961324874E-04    0.2220238151E-04    0.5558477963E-20    0.4542614425E-04
 --------------Force and Moment -----------------------------
 Total Force Coefficient (CL, CD, CS) =
  -4.5977801543247460E-002   5.8440867553666925E-002   1.2728793272137334E-021
 Total Moment Coefficient(CMx, CMy, CMz)=
   1.1494450385811870E-002   1.4610216888416731E-002  -2.2987553757062365E-002
 Kstep, t=         181   181.00000000000000     
 ----------The Max Residuals are--------  ---Mesh---           1
    0.3193593050E-03    0.3122630832E-03    0.1872990102E-03    0.4065973989E-19    0.3732201621E-03
   The R.M.S Residuals are 
    0.3869912425E-04    0.3965064504E-04    0.2227493842E-04    0.5674548904E-20    0.4551978944E-04
 --------------Force and Moment -----------------------------
 Total Force Coefficient (CL, CD, CS) =
  -4.5789706009671284E-002   5.8131519342246286E-002   1.4014307452038132E-021
 Total Moment Coefficient(CMx, CMy, CMz)=
   1.1447426502417818E-002   1.4532879835561572E-002  -2.2893485081864076E-002
 Kstep, t=         182   182.00000000000000     
 ----------The Max Residuals are--------  ---Mesh---           1
    0.3353116182E-03    0.3275476687E-03    0.1971072686E-03    0.4065560399E-19    0.3933481087E-03
   The R.M.S Residuals are 
    0.3878513772E-04    0.3968543637E-04    0.2234505800E-04    0.5778735835E-20    0.4560981913E-04
 --------------Force and Moment -----------------------------
 Total Force Coefficient (CL, CD, CS) =
  -4.5602203639903013E-002   5.7824852394993326E-002   5.1974761103687425E-022
 Total Moment Coefficient(CMx, CMy, CMz)=
   1.1400550909975752E-002   1.4456213098748331E-002  -2.2799712697626290E-002
 Kstep, t=         183   183.00000000000000     
 ----------The Max Residuals are--------  ---Mesh---           1
    0.3474632874E-03    0.3389851119E-03    0.2061036263E-03    0.4065838926E-19    0.4090714105E-03
   The R.M.S Residuals are 
    0.3886287400E-04    0.3971317216E-04    0.2241023585E-04    0.5665116130E-20    0.4569080624E-04
 --------------Force and Moment -----------------------------
 Total Force Coefficient (CL, CD, CS) =
  -4.5415293443063338E-002   5.7520831060096256E-002   1.5182336074425798E-022
 Total Moment Coefficient(CMx, CMy, CMz)=
   1.1353823360765833E-002   1.4380207765024064E-002  -2.2706236107169056E-002
 Kstep, t=         184   184.00000000000000     
 ----------The Max Residuals are--------  ---Mesh---           1
    0.3551187273E-03    0.3459002676E-03    0.2125115305E-03    0.4743326343E-19    0.4195007803E-03
   The R.M.S Residuals are 
    0.3892836774E-04    0.3972994107E-04    0.2246797192E-04    0.5818137413E-20    0.4575746946E-04
 --------------Force and Moment -----------------------------
 Total Force Coefficient (CL, CD, CS) =
  -4.5228974533609592E-002   5.7219420369835017E-002   2.6289607199779376E-021
 Total Moment Coefficient(CMx, CMy, CMz)=
   1.1307243633402412E-002   1.4304855092458754E-002  -2.2613054866171177E-002
 Kstep, t=         185   185.00000000000000     
 ----------The Max Residuals are--------  ---Mesh---           1
    0.3578945905E-03    0.3479409824E-03    0.2160071993E-03    0.4743279815E-19    0.4241159137E-03
   The R.M.S Residuals are 
    0.3898112533E-04    0.3973526033E-04    0.2251756067E-04    0.5842505754E-20    0.4580849932E-04
 --------------Force and Moment -----------------------------
 Total Force Coefficient (CL, CD, CS) =
  -4.5043246126139941E-002   5.6920586023575796E-002   1.7147663269033140E-021
 Total Moment Coefficient(CMx, CMy, CMz)=
   1.1260811531534975E-002   1.4230146505893949E-002  -2.2520168580572368E-002
 Kstep, t=         186   186.00000000000000     
 ----------The Max Residuals are--------  ---Mesh---           1
    0.3557699763E-03    0.3451246917E-03    0.2164791354E-03    0.4743462699E-19    0.4228321475E-03
   The R.M.S Residuals are 
    0.3902510791E-04    0.3973304474E-04    0.2256091925E-04    0.5725846997E-20    0.4584814947E-04
 --------------Force and Moment -----------------------------
 Total Force Coefficient (CL, CD, CS) =
  -4.4858107530580935E-002   5.6624294371315720E-002   1.2094900933839836E-021
 Total Moment Coefficient(CMx, CMy, CMz)=
   1.1214526882645241E-002   1.4156073592828930E-002  -2.2427576904164338E-002
 Kstep, t=         187   187.00000000000000     
 ----------The Max Residuals are--------  ---Mesh---           1
    0.3490750924E-03    0.3378202007E-03    0.2140319119E-03    0.4065871884E-19    0.4159915372E-03
   The R.M.S Residuals are 
    0.3906663447E-04    0.3972952200E-04    0.2260163644E-04    0.5723485872E-20    0.4588407083E-04
 --------------Force and Moment -----------------------------
 Total Force Coefficient (CL, CD, CS) =
  -4.4673558147716244E-002   5.6330512397747737E-002   2.3437304568298419E-021
 Total Moment Coefficient(CMx, CMy, CMz)=
   1.1168389536929059E-002   1.4082628099436934E-002  -2.2335279536348604E-002
 Kstep, t=         188   188.00000000000000     
 ----------The Max Residuals are--------  ---Mesh---           1
    0.3439219623E-03    0.3364541827E-03    0.2089521869E-03    0.4065827940E-19    0.4042807334E-03
   The R.M.S Residuals are 
    0.3911019408E-04    0.3972906534E-04    0.2264264210E-04    0.5659890932E-20    0.4592241271E-04
 --------------Force and Moment -----------------------------
 Total Force Coefficient (CL, CD, CS) =
  -4.4489597465011251E-002   5.6039207706826605E-002   1.8014360963289727E-021
 Total Moment Coefficient(CMx, CMy, CMz)=
   1.1122399366252816E-002   1.4009801926706651E-002  -2.2243276220039347E-002
 Kstep, t=         189   189.00000000000000     
 ----------The Max Residuals are--------  ---Mesh---           1
    0.3640182208E-03    0.3558168174E-03    0.2140681852E-03    0.4066096774E-19    0.4268553798E-03
   The R.M.S Residuals are 
    0.3915505013E-04    0.3973084306E-04    0.2268405364E-04    0.5710712283E-20    0.4596332203E-04
 --------------Force and Moment -----------------------------
 Total Force Coefficient (CL, CD, CS) =
  -4.4306225052697060E-002   5.5750348506810300E-002   1.4365996687336448E-021
 Total Moment Coefficient(CMx, CMy, CMz)=
   1.1076556263174279E-002   1.3937587126702575E-002  -2.2151566739691438E-002
 Kstep, t=         190   190.00000000000000     
 ----------The Max Residuals are--------  ---Mesh---           1
    0.3802976590E-03    0.3712974393E-03    0.2255563312E-03    0.4066031181E-19    0.4475582333E-03
   The R.M.S Residuals are 
    0.3919492578E-04    0.3972855747E-04    0.2272266006E-04    0.5749914515E-20    0.4599984413E-04
 --------------Force and Moment -----------------------------
 Total Force Coefficient (CL, CD, CS) =
  -4.4123440560075701E-002   5.5463903595758028E-002   3.5492300002345174E-021
 Total Moment Coefficient(CMx, CMy, CMz)=
   1.1030860140018932E-002   1.3865975898939507E-002  -2.2060150919435084E-002
 Kstep, t=         191   191.00000000000000     
 ----------The Max Residuals are--------  ---Mesh---           1
    0.3918066868E-03    0.3819602355E-03    0.2343279063E-03    0.4066071248E-19    0.4626640325E-03
   The R.M.S Residuals are 
    0.3922122602E-04    0.3971366588E-04    0.2275348244E-04    0.5733429426E-20    0.4602126430E-04
 --------------Force and Moment -----------------------------
 Total Force Coefficient (CL, CD, CS) =
  -4.3941243712015209E-002   5.5179842347463287E-002   2.5870048135037931E-021
 Total Moment Coefficient(CMx, CMy, CMz)=
   1.0985310928003800E-002   1.3794960586865822E-002  -2.1969028621300450E-002
 Kstep, t=         192   192.00000000000000     
 ----------The Max Residuals are--------  ---Mesh---           1
    0.3978891083E-03    0.3871795320E-03    0.2398983146E-03    0.4066123270E-19    0.4713216382E-03
   The R.M.S Residuals are 
    0.3922793894E-04    0.3968023467E-04    0.2277257227E-04    0.5722911944E-20    0.4601917043E-04
 --------------Force and Moment -----------------------------
 Total Force Coefficient (CL, CD, CS) =
  -4.3759634305604977E-002   5.4898134697803337E-002   2.0051515094923548E-021
 Total Moment Coefficient(CMx, CMy, CMz)=
   1.0939908576401250E-002   1.3724533674450834E-002  -2.1878199743517728E-002
 Kstep, t=         193   193.00000000000000     
 ----------The Max Residuals are--------  ---Mesh---           1
    0.3982731174E-03    0.3867250169E-03    0.2420021605E-03    0.5420958517E-19    0.4731394102E-03
   The R.M.S Residuals are 
    0.3921551625E-04    0.3962877912E-04    0.2277949502E-04    0.5863307855E-20    0.4599283563E-04
 --------------Force and Moment -----------------------------
 Total Force Coefficient (CL, CD, CS) =
  -4.3578612206946477E-002   5.4618751131487467E-002  -5.1233979787226898E-022
 Total Moment Coefficient(CMx, CMy, CMz)=
   1.0894653051736616E-002   1.3654687782871867E-002  -2.1787664218879260E-002
 Kstep, t=         194   194.00000000000000     
 ----------The Max Residuals are--------  ---Mesh---           1
    0.3931026427E-03    0.3807871073E-03    0.2406250164E-03    0.4065915667E-19    0.4682285494E-03
   The R.M.S Residuals are 
    0.3919136211E-04    0.3956673279E-04    0.2277800608E-04    0.5809713969E-20    0.4595053629E-04
 --------------Force and Moment -----------------------------
 Total Force Coefficient (CL, CD, CS) =
  -4.3398177348057121E-002   5.4341662669187961E-002   9.2584780005619850E-022
 Total Moment Coefficient(CMx, CMy, CMz)=
   1.0849544337014275E-002   1.3585415667296990E-002  -2.1697422013152876E-002
 Kstep, t=         195   195.00000000000000     
 ----------The Max Residuals are--------  ---Mesh---           1
    0.3829015481E-03    0.3699322918E-03    0.2359917456E-03    0.5421439962E-19    0.4571638125E-03
   The R.M.S Residuals are 
    0.3916622936E-04    0.3950480747E-04    0.2277427237E-04    0.5874835921E-20    0.4590559171E-04
 --------------Force and Moment -----------------------------
 Total Force Coefficient (CL, CD, CS) =
  -4.3218329723868618E-002   5.4066840855036873E-002   3.0819275605347579E-022
 Total Moment Coefficient(CMx, CMy, CMz)=
   1.0804582430967156E-002   1.3516710213759218E-002  -2.1607473123536669E-002
 Kstep, t=         196   196.00000000000000     
 ----------The Max Residuals are--------  ---Mesh---           1
    0.3746571658E-03    0.3665074413E-03    0.2285136009E-03    0.5421438670E-19    0.4408700925E-03
   The R.M.S Residuals are 
    0.3914832227E-04    0.3945107353E-04    0.2277350157E-04    0.5858695246E-20    0.4586906010E-04
 --------------Force and Moment -----------------------------
 Total Force Coefficient (CL, CD, CS) =
  -4.3039069389304269E-002   5.3794257744475348E-002  -1.2491356944794367E-022
 Total Moment Coefficient(CMx, CMy, CMz)=
   1.0759767347326072E-002   1.3448564436118837E-002  -2.1517817577147158E-002
 Kstep, t=         197   197.00000000000000     
 ----------The Max Residuals are--------  ---Mesh---           1
    0.3976520671E-03    0.3886685157E-03    0.2348557880E-03    0.5421269356E-19    0.4666389801E-03
   The R.M.S Residuals are 
    0.3913822576E-04    0.3940591858E-04    0.2277681723E-04    0.5760569547E-20    0.4584311337E-04
 --------------Force and Moment -----------------------------
 Total Force Coefficient (CL, CD, CS) =
  -4.2860396456422548E-002   5.3523885892440573E-002   4.3592961018612043E-022
 Total Moment Coefficient(CMx, CMy, CMz)=
   1.0715099114105633E-002   1.3380971473110143E-002  -2.1428455429534456E-002
 Kstep, t=         198   198.00000000000000     
 ----------The Max Residuals are--------  ---Mesh---           1
    0.4165810178E-03    0.4066843712E-03    0.2479626394E-03    0.5421160789E-19    0.4905641749E-03
   The R.M.S Residuals are 
    0.3912781954E-04    0.3936106711E-04    0.2278022099E-04    0.5857843707E-20    0.4581899454E-04
 --------------Force and Moment -----------------------------
 Total Force Coefficient (CL, CD, CS) =
  -4.2682311091615500E-002   5.3255698341879043E-002  -1.1435707165613198E-021
 Total Moment Coefficient(CMx, CMy, CMz)=
   1.0670577772903875E-002   1.3313924585469761E-002  -2.1339386763218719E-002
 Kstep, t=         199   199.00000000000000     
 ----------The Max Residuals are--------  ---Mesh---           1
    0.4303504944E-03    0.4194801328E-03    0.2581158470E-03    0.6776365360E-19    0.5084225910E-03
   The R.M.S Residuals are 
    0.3910396798E-04    0.3930335327E-04    0.2277631256E-04    0.5923513379E-20    0.4578079707E-04
 --------------Force and Moment -----------------------------
 Total Force Coefficient (CL, CD, CS) =
  -4.2504813512854636E-002   5.2989668612571733E-002  -1.2963019589453712E-021
 Total Moment Coefficient(CMx, CMy, CMz)=
   1.0626203378213666E-002   1.3247417153142933E-002  -2.1250611686243891E-002
 Kstep, t=         200   200.00000000000000     
 ----------The Max Residuals are--------  ---Mesh---           1
    0.4381636909E-03    0.4262912256E-03    0.2647475291E-03    0.6776347589E-19    0.5191911643E-03
   The R.M.S Residuals are 
    0.3905506666E-04    0.3922127964E-04    0.2275791186E-04    0.5988760449E-20    0.4571325890E-04
 write flow3d.dat ......
 write flow3d.dat OK
 Output Ts to Ts_block_2.dat
 write VTK files ......
 write VTK files OK
  flow chunk done, Kstep=         200  tt=   200.00000000000000     
   GS iter           1  res=   525.31819753629543       Ts(1,1,1)=   799.99999999999977       Ts(nx-1,ny-1,1)=   274.68180246370457     
   GS iter           2  res=   292.66462654543511       Ts(1,1,1)=   799.99999999999932       Ts(nx-1,ny-1,1)=   440.07916921798761     
   GS iter           3  res=   181.50652772744479       Ts(1,1,1)=   799.99999999999943       Ts(nx-1,ny-1,1)=   359.22015179530604     
   GS iter           4  res=   120.46727002159253       Ts(1,1,1)=   799.99999999999955       Ts(nx-1,ny-1,1)=   380.61030480738509     
   GS iter           5  res=   83.342882064025162       Ts(1,1,1)=   799.99999999999943       Ts(nx-1,ny-1,1)=   366.25254717652695     
 Solid solver Block           2  GS iterations:       20001  final res:   2.8931075700029396E-003
   DBG: Ts(1,1,1)=   738.29248825840205       Ts(nx/2,ny/2,1)=   736.65275631353859       Ts(nx-1,ny-1,1)=   352.35675581128152     
  solid chunk done, outer iter           1  max|dT_w|=   438.29393481218699       K  T_w range [   738.28379051271975      ,   738.29393481218699      ]  max|q_w|=   144655.37849511273     
  outer iter           2 : flow chunk steps =         200
 --------------Force and Moment -----------------------------
 Total Force Coefficient (CL, CD, CS) =
  -4.2327903986977070E-002   5.2725770690263109E-002  -1.0885488511933508E-021
 Total Moment Coefficient(CMx, CMy, CMz)=
   1.0581975996744266E-002   1.3181442672565777E-002  -2.1162130330745557E-002
 Kstep, t=         201   201.00000000000000     
 ----------The Max Residuals are--------  ---Mesh---           1
    0.4396192929E-03    0.4267610899E-03    0.2675125658E-03    0.5421362414E-19    0.5223195422E-03
   The R.M.S Residuals are 
    0.3897723933E-04    0.3911116601E-04    0.2272183224E-04    0.5999357144E-20    0.4560972809E-04
 --------------Force and Moment -----------------------------
 Total Force Coefficient (CL, CD, CS) =
  -4.2151582827007074E-002   5.2463979016079972E-002  -1.2330947198911934E-021
 Total Moment Coefficient(CMx, CMy, CMz)=
   1.0537895706751768E-002   1.3115994754019993E-002  -2.1073942851530476E-002
 Kstep, t=         202   202.00000000000000     
 ----------The Max Residuals are--------  ---Mesh---           1
    0.4347637700E-03    0.4209879033E-03    0.2663368505E-03    0.5421028957E-19    0.5177985788E-03
   The R.M.S Residuals are 
    0.3887677197E-04    0.3897948851E-04    0.2267080303E-04    0.5886660723E-20    0.4547614977E-04
 --------------Force and Moment -----------------------------
 Total Force Coefficient (CL, CD, CS) =
  -4.1975850389510280E-002   5.2204268476232774E-002   2.6204466406925913E-022
 Total Moment Coefficient(CMx, CMy, CMz)=
   1.0493962597377570E-002   1.3051067119058193E-002  -2.0986049424666191E-002
 Kstep, t=         203   203.00000000000000     
 ----------The Max Residuals are--------  ---Mesh---           1
    0.4240786208E-03    0.4095026638E-03    0.2614227102E-03    0.6776527242E-19    0.5061491707E-03
   The R.M.S Residuals are 
    0.3876748718E-04    0.3884019029E-04    0.2261241508E-04    0.5922113381E-20    0.4532892585E-04
 --------------Force and Moment -----------------------------
 Total Force Coefficient (CL, CD, CS) =
  -4.1800707071976681E-002   5.1946614391988472E-002  -3.0964208382587623E-022
 Total Moment Coefficient(CMx, CMy, CMz)=
   1.0450176767994170E-002   1.2986653597997118E-002  -2.0898450246079961E-002
 Kstep, t=         204   204.00000000000000     
 ----------The Max Residuals are--------  ---Mesh---           1
    0.4083987214E-03    0.3931780806E-03    0.2532034890E-03    0.6776480713E-19    0.4883268211E-03
   The R.M.S Residuals are 
    0.3866445688E-04    0.3870832381E-04    0.2255561337E-04    0.6401230968E-20    0.4518746496E-04
 --------------Force and Moment -----------------------------
 Total Force Coefficient (CL, CD, CS) =
  -4.1626153310232644E-002   5.1690992509906643E-002  -7.2395834868238996E-022
 Total Moment Coefficient(CMx, CMy, CMz)=
   1.0406538327558154E-002   1.2922748127476661E-002  -2.0811145530166636E-002
 Kstep, t=         205   205.00000000000000     
 ----------The Max Residuals are--------  ---Mesh---           1
    0.4115248894E-03    0.4021570566E-03    0.2430238502E-03    0.6776411566E-19    0.4817507911E-03
   The R.M.S Residuals are 
    0.3857681519E-04    0.3859282643E-04    0.2250642923E-04    0.6250153903E-20    0.4506491369E-04
 --------------Force and Moment -----------------------------
 Total Force Coefficient (CL, CD, CS) =
  -4.1452189575880205E-002   5.1437378992329710E-002  -1.5304629983901199E-021
 Total Moment Coefficient(CMx, CMy, CMz)=
   1.0363047393970048E-002   1.2859344748082428E-002  -2.0724135508405718E-002
 Kstep, t=         206   206.00000000000000     
 ----------The Max Residuals are--------  ---Mesh---           1
    0.4357359131E-03    0.4253637760E-03    0.2591328076E-03    0.8131792882E-19    0.5118586312E-03
   The R.M.S Residuals are 
    0.3850324869E-04    0.3849207013E-04    0.2246505732E-04    0.6228715769E-20    0.4496167406E-04
 --------------Force and Moment -----------------------------
 Total Force Coefficient (CL, CD, CS) =
  -4.1278816373763953E-002   5.1185750408120213E-002  -3.6523838934476645E-022
 Total Moment Coefficient(CMx, CMy, CMz)=
   1.0319704093440988E-002   1.2796437602030053E-002  -2.0637420427987885E-002
 Kstep, t=         207   207.00000000000000     
 ----------The Max Residuals are--------  ---Mesh---           1
    0.4553256247E-03    0.4438591887E-03    0.2726344342E-03    0.6776796722E-19    0.5365700926E-03
   The R.M.S Residuals are 
    0.3843231732E-04    0.3839429414E-04    0.2242559612E-04    0.6316846925E-20    0.4486474461E-04
 --------------Force and Moment -----------------------------
 Total Force Coefficient (CL, CD, CS) =
  -4.1106034239466502E-002   5.0936083723636505E-002  -7.8727707998236269E-022
 Total Moment Coefficient(CMx, CMy, CMz)=
   1.0276508559866622E-002   1.2734020930909126E-002  -2.0551000550452406E-002
 Kstep, t=         208   208.00000000000000     
 ----------The Max Residuals are--------  ---Mesh---           1
    0.4692091067E-03    0.4565819321E-03    0.2828152059E-03    0.9487112564E-19    0.5545210374E-03
   The R.M.S Residuals are 
    0.3834706714E-04    0.3828236906E-04    0.2237839012E-04    0.6559678264E-20    0.4475304705E-04
 --------------Force and Moment -----------------------------
 Total Force Coefficient (CL, CD, CS) =
  -4.0933843736832509E-002   5.0688356293940084E-002   3.1848617263494210E-022
 Total Moment Coefficient(CMx, CMy, CMz)=
   1.0233460934208122E-002   1.2672089073485021E-002  -2.0464876150336271E-002
 Kstep, t=         209   209.00000000000000     
 ----------The Max Residuals are--------  ---Mesh---           1
    0.4766201143E-03    0.4628030346E-03    0.2891258549E-03    0.6776491053E-19    0.5647250345E-03
   The R.M.S Residuals are 
    0.3823225349E-04    0.3814115383E-04    0.2231406710E-04    0.6335711731E-20    0.4460652583E-04
 --------------Force and Moment -----------------------------
 Total Force Coefficient (CL, CD, CS) =
  -4.0762245455523503E-002   5.0442545854227014E-002  -1.2645369553677450E-021
 Total Moment Coefficient(CMx, CMy, CMz)=
   1.0190561363880881E-002   1.2610636463556753E-002  -2.0379047513836498E-002
 Kstep, t=         210   210.00000000000000     
 ----------The Max Residuals are--------  ---Mesh---           1
    0.4771979159E-03    0.4622110426E-03    0.2912473973E-03    0.9486955125E-19    0.5666828431E-03
   The R.M.S Residuals are 
    0.3808124813E-04    0.3796437519E-04    0.2222772811E-04    0.6586021915E-20    0.4441506369E-04
 --------------Force and Moment -----------------------------
 Total Force Coefficient (CL, CD, CS) =
  -4.0591240008604298E-002   5.0198630511477160E-002  -1.0988910748865566E-021
 Total Moment Coefficient(CMx, CMy, CMz)=
   1.0147810002151073E-002   1.2549657627869290E-002  -2.0293514937487420E-002
 Kstep, t=         211   211.00000000000000     
 ----------The Max Residuals are--------  ---Mesh---           1
    0.4710348870E-03    0.4549533985E-03    0.2891410701E-03    0.6776404457E-19    0.5604441252E-03
   The R.M.S Residuals are 
    0.3789922728E-04    0.3775767889E-04    0.2212134173E-04    0.6413001997E-20    0.4418324052E-04
 --------------Force and Moment -----------------------------
 Total Force Coefficient (CL, CD, CS) =
  -4.0420828030162413E-002   4.9956588736314700E-002  -2.1265304172306385E-021
 Total Moment Coefficient(CMx, CMy, CMz)=
   1.0105207007540607E-002   1.2489147184078675E-002  -2.0208278726854573E-002
 Kstep, t=         212   212.00000000000000     
 ----------The Max Residuals are--------  ---Mesh---           1
    0.4586653572E-03    0.4416159279E-03    0.2830573059E-03    0.8131459425E-19    0.5465979082E-03
   The R.M.S Residuals are 
    0.3770131991E-04    0.3753659057E-04    0.2200315611E-04    0.6494955428E-20    0.4392886533E-04
 --------------Force and Moment -----------------------------
 Total Force Coefficient (CL, CD, CS) =
  -4.0251010172962703E-002   4.9716399355072660E-002  -1.4624539808840444E-021
 Total Moment Coefficient(CMx, CMy, CMz)=
   1.0062752543240676E-002   1.2429099838768165E-002  -2.0123339195246837E-002
 Kstep, t=         213   213.00000000000000     
 ----------The Max Residuals are--------  ---Mesh---           1
    0.4409865785E-03    0.4231344824E-03    0.2734894707E-03    0.8131481397E-19    0.5261801622E-03
   The R.M.S Residuals are 
    0.3750658405E-04    0.3732030054E-04    0.2188432561E-04    0.6384184497E-20    0.4367581128E-04
 --------------Force and Moment -----------------------------
 Total Force Coefficient (CL, CD, CS) =
  -4.0081787106138113E-002   4.9478041542057018E-002  -1.6250825607576367E-021
 Total Moment Coefficient(CMx, CMy, CMz)=
   1.0020446776534528E-002   1.2369510385514254E-002  -2.0038696662448931E-002
 Kstep, t=         214   214.00000000000000     
 ----------The Max Residuals are--------  ---Mesh---           1
    0.4231570578E-03    0.4126407786E-03    0.2610839256E-03    0.8131560238E-19    0.5005150981E-03
   The R.M.S Residuals are 
    0.3733017066E-04    0.3712374093E-04    0.2177427281E-04    0.6482307641E-20    0.4344420241E-04
 --------------Force and Moment -----------------------------
 Total Force Coefficient (CL, CD, CS) =
  -3.9913159512918461E-002   4.9241494812002899E-002  -1.6555757395452605E-021
 Total Moment Coefficient(CMx, CMy, CMz)=
   9.9782898782296171E-003   1.2310373703000725E-002  -1.9954351453475801E-002
 Kstep, t=         215   215.00000000000000     
 ----------The Max Residuals are--------  ---Mesh---           1
    0.4504401395E-03    0.4387316027E-03    0.2678917117E-03    0.6776375861E-19    0.5273257230E-03
   The R.M.S Residuals are 
    0.3717703900E-04    0.3695141198E-04    0.2167689559E-04    0.6370572978E-20    0.4324229867E-04
 --------------Force and Moment -----------------------------
 Total Force Coefficient (CL, CD, CS) =
  -3.9745128088398238E-002   4.9006739012718091E-002  -1.0773810551298502E-021
 Total Moment Coefficient(CMx, CMy, CMz)=
   9.9362820220995646E-003   1.2251684753179523E-002  -1.9870303897350908E-002
 Kstep, t=         216   216.00000000000000     
 ----------The Max Residuals are--------  ---Mesh---           1
    0.4736302970E-03    0.4606126281E-03    0.2833023433E-03    0.1084202689E-18    0.5560644494E-03
   The R.M.S Residuals are 
    0.3704028979E-04    0.3679589970E-04    0.2158924994E-04    0.7265397012E-20    0.4306350639E-04
 --------------Force and Moment -----------------------------
 Total Force Coefficient (CL, CD, CS) =
  -3.9577693537344999E-002   4.8773754317907834E-002  -1.0795831142167278E-021
 Total Moment Coefficient(CMx, CMy, CMz)=
   9.8944233843362515E-003   1.2193438579476959E-002  -1.9786554325909735E-002
 Kstep, t=         217   217.00000000000000     
 ----------The Max Residuals are--------  ---Mesh---           1
    0.4915728038E-03    0.4771481872E-03    0.2956778154E-03    0.9486851727E-19    0.5785859190E-03
   The R.M.S Residuals are 
    0.3690403651E-04    0.3664093687E-04    0.2150284691E-04    0.6915328199E-20    0.4288911504E-04
 --------------Force and Moment -----------------------------
 Total Force Coefficient (CL, CD, CS) =
  -3.9410856572048708E-002   4.8542521220176056E-002  -3.5123073164262133E-022
 Total Moment Coefficient(CMx, CMy, CMz)=
   9.8527141430121822E-003   1.2135630305044014E-002  -1.9703103072630138E-002
 Kstep, t=         218   218.00000000000000     
 ----------The Max Residuals are--------  ---Mesh---           1
    0.5033603277E-03    0.4874623820E-03    0.3044145388E-03    0.9486407118E-19    0.5937431407E-03
   The R.M.S Residuals are 
    0.3674930329E-04    0.3646746869E-04    0.2140679603E-04    0.6802291605E-20    0.4269534774E-04
 --------------Force and Moment -----------------------------
 Total Force Coefficient (CL, CD, CS) =
  -3.9244617910213137E-002   4.8313020524196837E-002  -1.7406897880850685E-021
 Total Moment Coefficient(CMx, CMy, CMz)=
   9.8111544775532772E-003   1.2078255131049209E-002  -1.9619950471490885E-002
 Kstep, t=         219   219.00000000000000     
 ----------The Max Residuals are--------  ---Mesh---           1
    0.5084139076E-03    0.4910207731E-03    0.3090821271E-03    0.1084226342E-18    0.6007845809E-03
   The R.M.S Residuals are 
    0.3656093016E-04    0.3626061945E-04    0.2129174306E-04    0.7129617486E-20    0.4246207844E-04
 --------------Force and Moment -----------------------------
 Total Force Coefficient (CL, CD, CS) =
  -3.9078978272889114E-002   4.8085233340052304E-002  -1.0416227755513767E-021
 Total Moment Coefficient(CMx, CMy, CMz)=
   9.7697445682222751E-003   1.2021308335013076E-002  -1.9537096855859026E-002
 Kstep, t=         220   220.00000000000000     
 ----------The Max Residuals are--------  ---Mesh---           1
    0.5065438628E-03    0.4876881103E-03    0.3094789573E-03    0.8131871723E-19    0.5994302352E-03
   The R.M.S Residuals are 
    0.3633312297E-04    0.3601515711E-04    0.2115332031E-04    0.7014949794E-20    0.4218010220E-04
 --------------Force and Moment -----------------------------
 Total Force Coefficient (CL, CD, CS) =
  -3.8913938382449859E-002   4.7859141076730595E-002  -1.0427206068735124E-021
 Total Moment Coefficient(CMx, CMy, CMz)=
   9.7284845956124681E-003   1.1964785269182649E-002  -1.9454542557407181E-002
 Kstep, t=         221   221.00000000000000     
 ----------The Max Residuals are--------  ---Mesh---           1
    0.4979735513E-03    0.4777446012E-03    0.3056686199E-03    0.9487136071E-19    0.5899018053E-03
   The R.M.S Residuals are 
    0.3607146694E-04    0.3573732092E-04    0.2099380810E-04    0.6940229876E-20    0.4185435143E-04
 --------------Force and Moment -----------------------------
 Total Force Coefficient (CL, CD, CS) =
  -3.8749498960607344E-002   4.7634725435780519E-002  -1.0101290065690641E-021
 Total Moment Coefficient(CMx, CMy, CMz)=
   9.6873747401518377E-003   1.1908681358945130E-002  -1.9372287905060653E-002
 Kstep, t=         222   222.00000000000000     
 ----------The Max Residuals are--------  ---Mesh---           1
    0.4833119699E-03    0.4618488106E-03    0.2979756385E-03    0.1084210057E-18    0.5728913811E-03
   The R.M.S Residuals are 
    0.3579057096E-04    0.3544228207E-04    0.2082126417E-04    0.7203799924E-20    0.4150197329E-04
 --------------Force and Moment -----------------------------
 Total Force Coefficient (CL, CD, CS) =
  -3.8585660726468664E-002   4.7411968405116939E-002  -1.3323773672819516E-021
 Total Moment Coefficient(CMx, CMy, CMz)=
   9.6464151816171694E-003   1.1852992101279235E-002  -1.9290333223974665E-002
 Kstep, t=         223   223.00000000000000     
 ----------The Max Residuals are--------  ---Mesh---           1
    0.4634761343E-03    0.4409514287E-03    0.2869354570E-03    0.1084233192E-18    0.5494702790E-03
   The R.M.S Residuals are 
    0.3550895355E-04    0.3514884286E-04    0.2064657792E-04    0.7093158342E-20    0.4114630498E-04
 --------------Force and Moment -----------------------------
 Total Force Coefficient (CL, CD, CS) =
  -3.8422424394631317E-002   4.7190852252973564E-002  -2.1233503363512214E-021
 Total Moment Coefficient(CMx, CMy, CMz)=
   9.6056060986578328E-003   1.1797713063243391E-002  -1.9208678834541068E-002
 Kstep, t=         224   224.00000000000000     
 ----------The Max Residuals are--------  ---Mesh---           1
    0.4395779724E-03    0.4161779009E-03    0.2732121173E-03    0.9487094712E-19    0.5209547173E-03
   The R.M.S Residuals are 
    0.3524291387E-04    0.3487317731E-04    0.2047968244E-04    0.7353954336E-20    0.4080893914E-04
 --------------Force and Moment -----------------------------
 Total Force Coefficient (CL, CD, CS) =
  -3.8259790673314420E-002   4.6971359521998012E-002  -2.5805255480043200E-021
 Total Moment Coefficient(CMx, CMy, CMz)=
   9.5649476683286067E-003   1.1742839880499503E-002  -1.9127325051423685E-002
 Kstep, t=         225   225.00000000000000     
 ----------The Max Residuals are--------  ---Mesh---           1
    0.4554398612E-03    0.4408311132E-03    0.2713812004E-03    0.1355292201E-18    0.5297514595E-03
   The R.M.S Residuals are 
    0.3500129118E-04    0.3462363308E-04    0.2032635682E-04    0.7612264145E-20    0.4050271385E-04
 --------------Force and Moment -----------------------------
 Total Force Coefficient (CL, CD, CS) =
  -3.8097760262524219E-002   4.6753473023485335E-002  -2.4698083753244941E-021
 Total Moment Coefficient(CMx, CMy, CMz)=
   9.5244400656310513E-003   1.1688368255871334E-002  -1.9046272182620963E-002
 Kstep, t=         226   226.00000000000000     
 ----------The Max Residuals are--------  ---Mesh---           1
    0.4800484429E-03    0.4637373318E-03    0.2873185697E-03    0.9487363545E-19    0.5596325101E-03
   The R.M.S Residuals are 
    0.3478299716E-04    0.3439845086E-04    0.2018670050E-04    0.7487129727E-20    0.4022806262E-04
 --------------Force and Moment -----------------------------
 Total Force Coefficient (CL, CD, CS) =
  -3.7936333852250044E-002   4.6537175831745901E-002  -1.7672613099797688E-021
 Total Moment Coefficient(CMx, CMy, CMz)=
   9.4840834630625110E-003   1.1634293957936475E-002  -1.8965520528554346E-002
 Kstep, t=         227   227.00000000000000     
 ----------The Max Residuals are--------  ---Mesh---           1
    0.5000675737E-03    0.4819222618E-03    0.3005822278E-03    0.1355291554E-18    0.5840483764E-03
   The R.M.S Residuals are 
    0.3457792838E-04    0.3418691771E-04    0.2005551842E-04    0.7228473546E-20    0.3997359607E-04
 --------------Force and Moment -----------------------------
 Total Force Coefficient (CL, CD, CS) =
  -3.7775512120688082E-002   4.6322451278604036E-002  -1.1628603886016583E-021
 Total Moment Coefficient(CMx, CMy, CMz)=
   9.4438780301720204E-003   1.1580612819651009E-002  -1.8885070381180091E-002
 Kstep, t=         228   228.00000000000000     
 ----------The Max Residuals are--------  ---Mesh---           1
    0.5146259942E-03    0.4945449284E-03    0.3106300008E-03    0.1219742437E-18    0.6019124159E-03
   The R.M.S Residuals are 
    0.3437059502E-04    0.3397320003E-04    0.1992417888E-04    0.7372191406E-20    0.3972021065E-04
 --------------Force and Moment -----------------------------
 Total Force Coefficient (CL, CD, CS) =
  -3.7615295732488702E-002   4.6109282948023189E-002  -1.3222193885027971E-021
 Total Moment Coefficient(CMx, CMy, CMz)=
   9.4038239331221667E-003   1.1527320737005797E-002  -1.8804922023122096E-002
 Kstep, t=         229   229.00000000000000     
 ----------The Max Residuals are--------  ---Mesh---           1
    0.5230907121E-03    0.5010169535E-03    0.3170365190E-03    0.1219678330E-18    0.6124306934E-03
   The R.M.S Residuals are 
    0.3414484507E-04    0.3374119720E-04    0.1978322492E-04    0.7237806950E-20    0.3944702184E-04
 --------------Force and Moment -----------------------------
 Total Force Coefficient (CL, CD, CS) =
  -3.7455685337023738E-002   4.5897654670855166E-002  -1.5488257848263894E-021
 Total Moment Coefficient(CMx, CMy, CMz)=
   9.3639213342559362E-003   1.1474413667713792E-002  -1.8725075726823220E-002
 Kstep, t=         230   230.00000000000000     
 ----------The Max Residuals are--------  ---Mesh---           1
    0.5251076168E-03    0.5010423222E-03    0.3195258529E-03    0.1355259953E-18    0.6151522740E-03
   The R.M.S Residuals are 
    0.3388814212E-04    0.3347887238E-04    0.1962503725E-04    0.7268375980E-20    0.3913729840E-04
 --------------Force and Moment -----------------------------
 Total Force Coefficient (CL, CD, CS) =
  -3.7296681566670167E-002   4.5687550519708700E-002  -1.9027571274591668E-021
 Total Moment Coefficient(CMx, CMy, CMz)=
   9.3241703916675349E-003   1.1421887629927175E-002  -1.8645531753711676E-002
 Kstep, t=         231   231.00000000000000     
 ----------The Max Residuals are--------  ---Mesh---           1
    0.5206333196E-03    0.4946420314E-03    0.3180105937E-03    0.1355363868E-18    0.6100052680E-03
   The R.M.S Residuals are 
    0.3359494620E-04    0.3318152643E-04    0.1944599886E-04    0.7756563668E-20    0.3878305283E-04
 --------------Force and Moment -----------------------------
 Total Force Coefficient (CL, CD, CS) =
  -3.7138285035105439E-002   4.5478954803935760E-002  -2.3524872388640622E-021
 Total Moment Coefficient(CMx, CMy, CMz)=
   9.2845712587763529E-003   1.1369738700983940E-002  -1.8566290353379894E-002
 Kstep, t=         232   232.00000000000000     
 ----------The Max Residuals are--------  ---Mesh---           1
    0.5099500822E-03    0.4821566982E-03    0.3126211757E-03    0.1490847328E-18    0.5973099429E-03
   The R.M.S Residuals are 
    0.3326813599E-04    0.3285296233E-04    0.1924752842E-04    0.7676101835E-20    0.3838698526E-04
 --------------Force and Moment -----------------------------
 Total Force Coefficient (CL, CD, CS) =
  -3.6980496335612165E-002   4.5271852064731354E-002  -1.8170930256795531E-021
 Total Moment Coefficient(CMx, CMy, CMz)=
   9.2451240839030464E-003   1.1317963016182838E-002  -1.8487351762772136E-002
 Kstep, t=         233   233.00000000000000     
 ----------The Max Residuals are--------  ---Mesh---           1
    0.4936492700E-03    0.4642180700E-03    0.3037042972E-03    0.1490774562E-18    0.5777547982E-03
   The R.M.S Residuals are 
    0.3291771015E-04    0.3250391897E-04    0.1903553051E-04    0.7814617233E-20    0.3796115430E-04
 --------------Force and Moment -----------------------------
 Total Force Coefficient (CL, CD, CS) =
  -3.6823316039388210E-002   4.5066227070344890E-002  -1.6059040744328799E-021
 Total Moment Coefficient(CMx, CMy, CMz)=
   9.2058290098470576E-003   1.1266556767586223E-002  -1.8408716205378151E-002
 Kstep, t=         234   234.00000000000000     
 ----------The Max Residuals are--------  ---Mesh---           1
    0.4725750554E-03    0.4416876534E-03    0.2917810549E-03    0.1490791082E-18    0.5523296874E-03
   The R.M.S Residuals are 
    0.3255740934E-04    0.3214849997E-04    0.1881844130E-04    0.7957600076E-20    0.3752296850E-04
 --------------Force and Moment -----------------------------
 Total Force Coefficient (CL, CD, CS) =
  -3.6666744693859658E-002   4.4862064811400114E-002  -2.0014683126804057E-021
 Total Moment Coefficient(CMx, CMy, CMz)=
   9.1666861734649146E-003   1.1215516202850028E-002  -1.8330383890429569E-002
 Kstep, t=         235   235.00000000000000     
 ----------The Max Residuals are--------  ---Mesh---           1
    0.4477347952E-03    0.4155725089E-03    0.2774745466E-03    0.1355289163E-18    0.5222250550E-03
   The R.M.S Residuals are 
    0.3220047836E-04    0.3179986493E-04    0.1860459645E-04    0.8248516623E-20    0.3708986246E-04
 --------------Force and Moment -----------------------------
 Total Force Coefficient (CL, CD, CS) =
  -3.6510782820995555E-002   4.4659350496321137E-002  -2.2999452820855420E-021
 Total Moment Coefficient(CMx, CMy, CMz)=
   9.1276957052488922E-003   1.1164837624080284E-002  -1.8252355012096315E-002
 Kstep, t=         236   236.00000000000000     
 ----------The Max Residuals are--------  ---Mesh---           1
    0.4474160503E-03    0.4273254853E-03    0.2653809268E-03    0.1355296660E-18    0.5127024415E-03
   The R.M.S Residuals are 
    0.3185593137E-04    0.3146655624E-04    0.1839984901E-04    0.7708701348E-20    0.3667432076E-04
 --------------Force and Moment -----------------------------
 Total Force Coefficient (CL, CD, CS) =
  -3.6355430915622926E-002   4.4458069546862447E-002  -2.4767721621270019E-021
 Total Moment Coefficient(CMx, CMy, CMz)=
   9.0888577289057314E-003   1.1114517386715612E-002  -1.8174629748680622E-002
 Kstep, t=         237   237.00000000000000     
 ----------The Max Residuals are--------  ---Mesh---           1
    0.4718295369E-03    0.4493981004E-03    0.2805069832E-03    0.1626352114E-18    0.5414261737E-03
   The R.M.S Residuals are 
    0.3152628967E-04    0.3115040765E-04    0.1820614370E-04    0.8000312960E-20    0.3628060418E-04
 --------------Force and Moment -----------------------------
 Total Force Coefficient (CL, CD, CS) =
  -3.6200689443742481E-002   4.4258207593740814E-002  -2.9256079402987757E-021
 Total Moment Coefficient(CMx, CMy, CMz)=
   9.0501723609356152E-003   1.1064551898435204E-002  -1.8097208261806483E-002
 Kstep, t=         238   238.00000000000000     
 ----------The Max Residuals are--------  ---Mesh---           1
    0.4925052930E-03    0.4675861121E-03    0.2933550285E-03    0.1355222213E-18    0.5656817127E-03
   The R.M.S Residuals are 
    0.3120688628E-04    0.3084610674E-04    0.1802127021E-04    0.7918800626E-20    0.3590374961E-04
 --------------Force and Moment -----------------------------
 Total Force Coefficient (CL, CD, CS) =
  -3.6046558840845996E-002   4.4059750472366578E-002  -2.5077336424757395E-021
 Total Moment Coefficient(CMx, CMy, CMz)=
   9.0116397102114991E-003   1.1014937618091645E-002  -1.8020090695602883E-002
 Kstep, t=         239   239.00000000000000     
 ----------The Max Residuals are--------  ---Mesh---           1
    0.5086765770E-03    0.4811751960E-03    0.3034627621E-03    0.1355303380E-18    0.5845396910E-03
   The R.M.S Residuals are 
    0.3088662120E-04    0.3054224474E-04    0.1783961253E-04    0.8250684514E-20    0.3553076776E-04
 --------------Force and Moment -----------------------------
 Total Force Coefficient (CL, CD, CS) =
  -3.5893039510238464E-002   4.3862684218673210E-002  -2.8750995402802972E-021
 Total Moment Coefficient(CMx, CMy, CMz)=
   8.9732598775596126E-003   1.0965671054668303E-002  -1.7943277175879825E-002
 Kstep, t=         240   240.00000000000000     
 ----------The Max Residuals are--------  ---Mesh---           1
    0.5197393572E-03    0.4896256036E-03    0.3104486983E-03    0.1626313081E-18    0.5972694250E-03
   The R.M.S Residuals are 
    0.3055044571E-04    0.3022397554E-04    0.1765360829E-04    0.7577483956E-20    0.3514368781E-04
 --------------Force and Moment -----------------------------
 Total Force Coefficient (CL, CD, CS) =
  -3.5740131821367316E-002   4.3666995065042888E-002  -2.8571395493736211E-021
 Total Moment Coefficient(CMx, CMy, CMz)=
   8.9350329553418324E-003   1.0916748766260722E-002  -1.7866767809296524E-002
 Kstep, t=         241   241.00000000000000     
 ----------The Max Residuals are--------  ---Mesh---           1
    0.5252855871E-03    0.4925974390E-03    0.3140333247E-03    0.1084242368E-18    0.6033721527E-03
   The R.M.S Residuals are 
    0.3018267365E-04    0.2987632486E-04    0.1745554806E-04    0.7251932396E-20    0.3472348314E-04
 --------------Force and Moment -----------------------------
 Total Force Coefficient (CL, CD, CS) =
  -3.5587836108164801E-002   4.3472669436326522E-002  -3.2055792692058979E-021
 Total Moment Coefficient(CMx, CMy, CMz)=
   8.8969590270412003E-003   1.0868167359081631E-002  -1.7790562682521584E-002
 Kstep, t=         242   242.00000000000000     
 ----------The Max Residuals are--------  ---Mesh---           1
    0.5251365566E-03    0.4899741200E-03    0.3140722888E-03    0.1084230995E-18    0.6026144508E-03
   The R.M.S Residuals are 
    0.2976998773E-04    0.2948710341E-04    0.1723932644E-04    0.7677915047E-20    0.3425384518E-04
 --------------Force and Moment -----------------------------
 Total Force Coefficient (CL, CD, CS) =
  -3.5436152667408016E-002   4.3279693945956883E-002  -2.2645223797320443E-021
 Total Moment Coefficient(CMx, CMy, CMz)=
   8.8590381668519989E-003   1.0819923486489221E-002  -1.7714661861386032E-002
 Kstep, t=         243   243.00000000000000     
 ----------The Max Residuals are--------  ---Mesh---           1
    0.5193652202E-03    0.4818709494E-03    0.3105891286E-03    0.1084258912E-18    0.5950476503E-03
   The R.M.S Residuals are 
    0.2930369139E-04    0.2904901372E-04    0.1700179291E-04    0.7580969296E-20    0.3372412779E-04
 --------------Force and Moment -----------------------------
 Total Force Coefficient (CL, CD, CS) =
  -3.5285081757104320E-002   4.3088055392153150E-002  -2.2801197303958786E-021
 Total Moment Coefficient(CMx, CMy, CMz)=
   8.8212704392760730E-003   1.0772013848038288E-002  -1.7639065390029886E-002
 Kstep, t=         244   244.00000000000000     
 ----------The Max Residuals are--------  ---Mesh---           1
    0.5082962699E-03    0.4686279426E-03    0.3037909348E-03    0.1355277014E-18    0.5810092867E-03
   The R.M.S Residuals are 
    0.2878087557E-04    0.2856063766E-04    0.1674336484E-04    0.7501578573E-20    0.3313093891E-04
 --------------Force and Moment -----------------------------
 Total Force Coefficient (CL, CD, CS) =
  -3.5134623594908813E-002   4.2897740754215707E-002  -2.2649536863590282E-021
 Total Moment Coefficient(CMx, CMy, CMz)=
   8.7836558987272034E-003   1.0724435188553927E-002  -1.7563773290044077E-002
 Kstep, t=         245   245.00000000000000     
 ----------The Max Residuals are--------  ---Mesh---           1
    0.4924759422E-03    0.4507887878E-03    0.2940552276E-03    0.1626377188E-18    0.5611042827E-03
   The R.M.S Residuals are 
    0.2820438034E-04    0.2802621901E-04    0.1646770401E-04    0.8117815370E-20    0.3247815364E-04
 --------------Force and Moment -----------------------------
 Total Force Coefficient (CL, CD, CS) =
  -3.4984778356583188E-002   4.2708737188909655E-002  -3.0553437428548894E-021
 Total Moment Coefficient(CMx, CMy, CMz)=
   8.7461945891457900E-003   1.0677184297227414E-002  -1.7488785559609511E-002
 Kstep, t=         246   246.00000000000000     
 ----------The Max Residuals are--------  ---Mesh---           1
    0.4726114076E-03    0.4290592186E-03    0.2818873469E-03    0.1490797374E-18    0.5361562016E-03
   The R.M.S Residuals are 
    0.2758175403E-04    0.2745447012E-04    0.1618054769E-04    0.8404498079E-20    0.3177552475E-04
 --------------Force and Moment -----------------------------
 Total Force Coefficient (CL, CD, CS) =
  -3.4835546174502893E-002   4.2521032026935940E-002  -2.9097457632778167E-021
 Total Moment Coefficient(CMx, CMy, CMz)=
   8.7088865436257250E-003   1.0630258006733985E-002  -1.7414102172635587E-002
 Kstep, t=         247   247.00000000000000     
 ----------The Max Residuals are--------  ---Mesh---           1
    0.4494919145E-03    0.4042385576E-03    0.2678595327E-03    0.1355292524E-18    0.5071235811E-03
   The R.M.S Residuals are 
    0.2692355878E-04    0.2685676233E-04    0.1588812105E-04    0.7866684592E-20    0.3103640814E-04
 --------------Force and Moment -----------------------------
 Total Force Coefficient (CL, CD, CS) =
  -3.4686927136223941E-002   4.2334612769488709E-002  -3.0599875439814350E-021
 Total Moment Coefficient(CMx, CMy, CMz)=
   8.6717317840559870E-003   1.0583653192372177E-002  -1.7339723077900805E-002
 Kstep, t=         248   248.00000000000000     
 ----------The Max Residuals are--------  ---Mesh---           1
    0.4239122424E-03    0.3771363519E-03    0.2525485461E-03    0.1626293953E-18    0.4749988690E-03
   The R.M.S Residuals are 
    0.2624134853E-04    0.2624505868E-04    0.1559571184E-04    0.8378326823E-20    0.3027529567E-04
 --------------Force and Moment -----------------------------
 Total Force Coefficient (CL, CD, CS) =
  -3.4538921283116204E-002   4.2149467084897592E-002  -3.2239928851362887E-021
 Total Moment Coefficient(CMx, CMy, CMz)=
   8.6347303207790563E-003   1.0537366771224398E-002  -1.7265648198198237E-002
 Kstep, t=         249   249.00000000000000     
 ----------The Max Residuals are--------  ---Mesh---           1
    0.3966158877E-03    0.3485110752E-03    0.2372147240E-03    0.1219730417E-18    0.4407310731E-03
   The R.M.S Residuals are 
    0.2554592307E-04    0.2563021065E-04    0.1530679799E-04    0.8187005759E-20    0.2950580598E-04
 --------------Force and Moment -----------------------------
 Total Force Coefficient (CL, CD, CS) =
  -3.4391528609073713E-002   4.1965582805353965E-002  -3.3164777828933662E-021
 Total Moment Coefficient(CMx, CMy, CMz)=
   8.5978821522684247E-003   1.0491395701338491E-002  -1.7191877429488606E-002
 Kstep, t=         250   250.00000000000000     
 ----------The Max Residuals are--------  ---Mesh---           1
    0.3682622496E-03    0.3190422815E-03    0.2470196210E-03    0.1355310554E-18    0.4051821914E-03
   The R.M.S Residuals are 
    0.2484646492E-04    0.2502115358E-04    0.1502278782E-04    0.8933373861E-20    0.2873946380E-04
 --------------Force and Moment -----------------------------
 Total Force Coefficient (CL, CD, CS) =
  -3.4244749059309493E-002   4.1782947923719553E-002  -3.3836856595128249E-021
 Total Moment Coefficient(CMx, CMy, CMz)=
   8.5611872648273767E-003   1.0445736980929888E-002  -1.7118410640064051E-002
 Kstep, t=         251   251.00000000000000     
 ----------The Max Residuals are--------  ---Mesh---           1
    0.3394117819E-03    0.2892958198E-03    0.2548824258E-03    0.1355311135E-18    0.3690795804E-03
   The R.M.S Residuals are 
    0.2415031555E-04    0.2442472448E-04    0.1474324985E-04    0.8490006330E-20    0.2798517513E-04
 --------------Force and Moment -----------------------------
 Total Force Coefficient (CL, CD, CS) =
  -3.4098582529244331E-002   4.1601550590416383E-002  -3.4321940302616741E-021
 Total Moment Coefficient(CMx, CMy, CMz)=
   8.5246456323110811E-003   1.0400387647604096E-002  -1.7045247669725413E-002
 Kstep, t=         252   252.00000000000000     
 ----------The Max Residuals are--------  ---Mesh---           1
    0.3105267045E-03    0.2617273431E-03    0.2607122474E-03    0.1355301829E-18    0.3345363214E-03
   The R.M.S Residuals are 
    0.2346300499E-04    0.2384576695E-04    0.1446646282E-04    0.8379098370E-20    0.2724924829E-04
 --------------Force and Moment -----------------------------
 Total Force Coefficient (CL, CD, CS) =
  -3.3953028863495549E-002   4.1421379110396554E-002  -3.7012283563754697E-021
 Total Moment Coefficient(CMx, CMy, CMz)=
   8.4882572158738890E-003   1.0355344777599139E-002  -1.6972388328975734E-002
 Kstep, t=         253   253.00000000000000     
 ----------The Max Residuals are--------  ---Mesh---           1
    0.2944044015E-03    0.2626999866E-03    0.2645005037E-03    0.1626342162E-18    0.3374107974E-03
   The R.M.S Residuals are 
    0.2278848620E-04    0.2328744615E-04    0.1419008710E-04    0.8584974493E-20    0.2653579884E-04
 --------------Force and Moment -----------------------------
 Total Force Coefficient (CL, CD, CS) =
  -3.3808087854973579E-002   4.1242421940190822E-002  -3.1996848544438489E-021
 Total Moment Coefficient(CMx, CMy, CMz)=
   8.4520219637433947E-003   1.0310605485047706E-002  -1.6899832398232527E-002
 Kstep, t=         254   254.00000000000000     
 ----------The Max Residuals are--------  ---Mesh---           1
    0.2954639036E-03    0.2615695862E-03    0.2663039373E-03    0.1355273912E-18    0.3375485689E-03
   The R.M.S Residuals are 
    0.2212951320E-04    0.2275166807E-04    0.1391178367E-04    0.8015468796E-20    0.2584733142E-04
 --------------Force and Moment -----------------------------
 Total Force Coefficient (CL, CD, CS) =
  -3.3663759244091797E-002   4.1064667685034133E-002  -3.1193952398402109E-021
 Total Moment Coefficient(CMx, CMy, CMz)=
   8.4159398110229475E-003   1.0266166921258533E-002  -1.6827579627061391E-002
 Kstep, t=         255   255.00000000000000     
 ----------The Max Residuals are--------  ---Mesh---           1
    0.2945170106E-03    0.2584992693E-03    0.2662272856E-03    0.1626373391E-18    0.3351318808E-03
   The R.M.S Residuals are 
    0.2148806804E-04    0.2223951662E-04    0.1362967757E-04    0.8960678131E-20    0.2518534856E-04
 --------------Force and Moment -----------------------------
 Total Force Coefficient (CL, CD, CS) =
  -3.3520042718094126E-002   4.0888105096067391E-002  -2.5980266529532412E-021
 Total Moment Coefficient(CMx, CMy, CMz)=
   8.3800106795235384E-003   1.0222026274016848E-002  -1.6755629733432864E-002
 Kstep, t=         256   256.00000000000000     
 ----------The Max Residuals are--------  ---Mesh---           1
    0.2917360845E-03    0.2536808572E-03    0.2644068507E-03    0.1355303897E-18    0.3303857236E-03
   The R.M.S Residuals are 
    0.2086575949E-04    0.2175164007E-04    0.1334261402E-04    0.8429624131E-20    0.2455085085E-04
 --------------Force and Moment -----------------------------
 Total Force Coefficient (CL, CD, CS) =
  -3.3376937910505028E-002   4.0712723067612956E-002  -2.3243147834856092E-021
 Total Moment Coefficient(CMx, CMy, CMz)=
   8.3442344776262500E-003   1.0178180766903239E-002  -1.6683982403004449E-002
 Kstep, t=         257   257.00000000000000     
 ----------The Max Residuals are--------  ---Mesh---           1
    0.2873130998E-03    0.2473222789E-03    0.2609966634E-03    0.1897387923E-18    0.3235599898E-03
   The R.M.S Residuals are 
    0.2026409958E-04    0.2128850137E-04    0.1305019222E-04    0.8478923259E-20    0.2394459936E-04
 --------------Force and Moment -----------------------------
 Total Force Coefficient (CL, CD, CS) =
  -3.3234444400703250E-002   4.0538510634523607E-002  -3.2495734573381260E-021
 Total Moment Coefficient(CMx, CMy, CMz)=
   8.3086111001758143E-003   1.0134627658630902E-002  -1.6612637288429370E-002
 Kstep, t=         258   258.00000000000000     
 ----------The Max Residuals are--------  ---Mesh---           1
    0.2814493581E-03    0.2396373902E-03    0.2561593203E-03    0.1897356904E-18    0.3149159371E-03
   The R.M.S Residuals are 
    0.1968453940E-04    0.2085040149E-04    0.1275263321E-04    0.8868523951E-20    0.2336709851E-04
 --------------Force and Moment -----------------------------
 Total Force Coefficient (CL, CD, CS) =
  -3.3092561713622660E-002   4.0365456969602330E-002  -3.8217428264085127E-021
 Total Moment Coefficient(CMx, CMy, CMz)=
   8.2731404284056686E-003   1.0091364242400582E-002  -1.6541594008693213E-002
 Kstep, t=         259   259.00000000000000     
 ----------The Max Residuals are--------  ---Mesh---           1
    0.2743498149E-03    0.2308404519E-03    0.2500627284E-03    0.1626362195E-18    0.3047197763E-03
   The R.M.S Residuals are 
    0.1912825020E-04    0.2043729420E-04    0.1245061379E-04    0.8480771946E-20    0.2281842815E-04
 --------------Force and Moment -----------------------------
 Total Force Coefficient (CL, CD, CS) =
  -3.2951289319578990E-002   4.0193551381091930E-002  -4.0835923542846211E-021
 Total Moment Coefficient(CMx, CMy, CMz)=
   8.2378223298947475E-003   1.0048387845272982E-002  -1.6470852148479459E-002
 Kstep, t=         260   260.00000000000000     
 ----------The Max Residuals are--------  ---Mesh---           1
    0.2662201077E-03    0.2211435843E-03    0.2428806306E-03    0.1626360192E-18    0.2932398976E-03
   The R.M.S Residuals are 
    0.1859587990E-04    0.2004861278E-04    0.1214516416E-04    0.8615853812E-20    0.2229815875E-04
 --------------Force and Moment -----------------------------
 Total Force Coefficient (CL, CD, CS) =
  -3.2810626634223093E-002   4.0022783310232617E-002  -4.4338102318771927E-021
 Total Moment Coefficient(CMx, CMy, CMz)=
   8.2026566585557733E-003   1.0005695827558154E-002  -1.6400411257564591E-002
 Kstep, t=         261   261.00000000000000     
 ----------The Max Residuals are--------  ---Mesh---           1
    0.2572616208E-03    0.2107523211E-03    0.2347916947E-03    0.1355294592E-18    0.2807399776E-03
   The R.M.S Residuals are 
    0.1808755945E-04    0.1968332628E-04    0.1183760949E-04    0.9162861561E-20    0.2180546325E-04
 --------------Force and Moment -----------------------------
 Total Force Coefficient (CL, CD, CS) =
  -3.2670573018618913E-002   3.9853142328885947E-002  -4.1758398553897114E-021
 Total Moment Coefficient(CMx, CMy, CMz)=
   8.1676432546547318E-003   9.9632855822214868E-003  -1.6330270850243023E-002
 Kstep, t=         262   262.00000000000000     
 ----------The Max Residuals are--------  ---Mesh---           1
    0.2476619219E-03    0.1998565143E-03    0.2259742185E-03    0.1897398844E-18    0.2674656698E-03
   The R.M.S Residuals are 
    0.1760311097E-04    0.1934015296E-04    0.1152949032E-04    0.9082452375E-20    0.2133930681E-04
 --------------Force and Moment -----------------------------
 Total Force Coefficient (CL, CD, CS) =
  -3.2531127779443308E-002   3.9684618137223397E-002  -3.8155395608224076E-021
 Total Moment Coefficient(CMx, CMy, CMz)=
   8.1327819448608306E-003   9.9211545343058493E-003  -1.6260430404782006E-002
 Kstep, t=         263   263.00000000000000     
 ----------The Max Residuals are--------  ---Mesh---           1
    0.2375846789E-03    0.1886208043E-03    0.2165990406E-03    0.1355298081E-18    0.2536322751E-03
   The R.M.S Residuals are 
    0.1714220100E-04    0.1901771049E-04    0.1122244890E-04    0.8563354649E-20    0.2089855154E-04
 --------------Force and Moment -----------------------------
 Total Force Coefficient (CL, CD, CS) =
  -3.2392290169304956E-002   3.9517200561477582E-002  -4.2048936442484904E-021
 Total Moment Coefficient(CMx, CMy, CMz)=
   8.0980725423262373E-003   9.8793001403693955E-003  -1.6190889362906621E-002
 Kstep, t=         264   264.00000000000000     
 ----------The Max Residuals are--------  ---Mesh---           1
    0.2271659992E-03    0.1771815095E-03    0.2068244464E-03    0.2168458920E-18    0.2394212950E-03
   The R.M.S Residuals are 
    0.1670436335E-04    0.1871455415E-04    0.1091811854E-04    0.9741569903E-20    0.2048196335E-04
 --------------Force and Moment -----------------------------
 Total Force Coefficient (CL, CD, CS) =
  -3.2254059387177576E-002   3.9350879551754758E-002  -3.8911964942598294E-021
 Total Moment Coefficient(CMx, CMy, CMz)=
   8.0635148467943941E-003   9.8377198879386896E-003  -1.6121647129314257E-002
 Kstep, t=         265   265.00000000000000     
 ----------The Max Residuals are--------  ---Mesh---           1
    0.2165182668E-03    0.1656507590E-03    0.1967932880E-03    0.1626345135E-18    0.2249854909E-03
   The R.M.S Residuals are 
    0.1628898196E-04    0.1842918408E-04    0.1061804664E-04    0.9330727265E-20    0.2008819835E-04
 --------------Force and Moment -----------------------------
 Total Force Coefficient (CL, CD, CS) =
  -3.2116434578943136E-002   3.9185645179906622E-002  -3.6479172291493860E-021
 Total Moment Coefficient(CMx, CMy, CMz)=
   8.0291086447357857E-003   9.7964112949766556E-003  -1.6052703071218276E-002
 Kstep, t=         266   266.00000000000000     
 ----------The Max Residuals are--------  ---Mesh---           1
    0.2057365369E-03    0.1541228410E-03    0.1866302541E-03    0.1626383650E-18    0.2104560334E-03
   The R.M.S Residuals are 
    0.1589529484E-04    0.1816006690E-04    0.1032365395E-04    0.9112563442E-20    0.1971581305E-04
 --------------Force and Moment -----------------------------
 Total Force Coefficient (CL, CD, CS) =
  -3.1979414838038955E-002   3.9021487637459232E-002  -3.4335081952901571E-021
 Total Moment Coefficient(CMx, CMy, CMz)=
   7.9948537095097406E-003   9.7553719093648079E-003  -1.5984056517920391E-002
 Kstep, t=         267   267.00000000000000     
 ----------The Max Residuals are--------  ---Mesh---           1
    0.1949027872E-03    0.1426782103E-03    0.1764385780E-03    0.1626303259E-18    0.1959464818E-03
   The R.M.S Residuals are 
    0.1552241859E-04    0.1790566719E-04    0.1003621533E-04    0.8779773586E-20    0.1936329325E-04
 --------------Force and Moment -----------------------------
 Total Force Coefficient (CL, CD, CS) =
  -3.1842999206202795E-002   3.8858397233598185E-002  -3.1757674280374006E-021
 Total Moment Coefficient(CMx, CMy, CMz)=
   7.9607498015506969E-003   9.7145993083995463E-003  -1.5915706760410743E-002
 Kstep, t=         268   268.00000000000000     
 ----------The Max Residuals are--------  ---Mesh---           1
    0.1840867260E-03    0.1313840817E-03    0.1662973569E-03    0.1897414839E-18    0.1815526626E-03
   The R.M.S Residuals are 
    0.1516937572E-04    0.1766447447E-04    0.9756845282E-05    0.9212704024E-20    0.1902908403E-04
 --------------Force and Moment -----------------------------
 Total Force Coefficient (CL, CD, CS) =
  -3.1707186674309371E-002   3.8696364393206915E-002  -3.0521449152304507E-021
 Total Moment Coefficient(CMx, CMy, CMz)=
   7.9267966685773426E-003   9.6740910983017288E-003  -1.5847653050995267E-002
 Kstep, t=         269   269.00000000000000     
 ----------The Max Residuals are--------  ---Mesh---           1
    0.1733438167E-03    0.1202924290E-03    0.1562603338E-03    0.1626402133E-18    0.1673496875E-03
   The R.M.S Residuals are 
    0.1483511289E-04    0.1743501857E-04    0.9486474831E-05    0.9082148909E-20    0.1871160940E-04
 --------------Force and Moment -----------------------------
 Total Force Coefficient (CL, CD, CS) =
  -3.1571976183290988E-002   3.8535379654957548E-002  -3.3734094237867085E-021
 Total Moment Coefficient(CMx, CMy, CMz)=
   7.8929940458227488E-003   9.6338449137393870E-003  -1.5779894602949186E-002
 Kstep, t=         270   270.00000000000000     
 ----------The Max Residuals are--------  ---Mesh---           1
    0.1627110322E-03    0.1169205286E-03    0.1463552940E-03    0.1897407892E-18    0.1533867960E-03
   The R.M.S Residuals are 
    0.1451850805E-04    0.1721587357E-04    0.9225815051E-05    0.8144112725E-20    0.1840927814E-04
 --------------Force and Moment -----------------------------
 Total Force Coefficient (CL, CD, CS) =
  -3.1437366625135119E-002   3.8375433669451633E-002  -3.3868177768270612E-021
 Total Moment Coefficient(CMx, CMy, CMz)=
   7.8593416562837831E-003   9.5938584173629084E-003  -1.5712430590196010E-002
 Kstep, t=         271   271.00000000000000     
 ----------The Max Residuals are--------  ---Mesh---           1
    0.1522011132E-03    0.1154026944E-03    0.1365830339E-03    0.1626446238E-18    0.1396808388E-03
   The R.M.S Residuals are 
    0.1421838020E-04    0.1700566352E-04    0.8975416131E-05    0.8773387408E-20    0.1812049806E-04
 --------------Force and Moment -----------------------------
 Total Force Coefficient (CL, CD, CS) =
  -3.1303356843950830E-002   3.8216517197409532E-002  -3.1078837568367944E-021
 Total Moment Coefficient(CMx, CMy, CMz)=
   7.8258392109877093E-003   9.5541292993523829E-003  -1.5645260147011029E-002
 Kstep, t=         272   272.00000000000000     
 ----------The Max Residuals are--------  ---Mesh---           1
    0.1418133762E-03    0.1135200171E-03    0.1269309562E-03    0.1897326983E-18    0.1341030927E-03
   The R.M.S Residuals are 
    0.1393348183E-04    0.1680306170E-04    0.8736054356E-05    0.9395155134E-20    0.1784371342E-04
 --------------Force and Moment -----------------------------
 Total Force Coefficient (CL, CD, CS) =
  -3.1169945637096623E-002   3.8058621107906053E-002  -3.4130126892472372E-021
 Total Moment Coefficient(CMx, CMy, CMz)=
   7.7924864092741566E-003   9.5146552769765132E-003  -1.5578382367748519E-002
 Kstep, t=         273   273.00000000000000     
 ----------The Max Residuals are--------  ---Mesh---           1
    0.1315880365E-03    0.1137880779E-03    0.1174254145E-03    0.1897367890E-18    0.1332191288E-03
   The R.M.S Residuals are 
    0.1366253095E-04    0.1660681375E-04    0.8508191780E-05    0.9053958683E-20    0.1757740439E-04
 --------------Force and Moment -----------------------------
 Total Force Coefficient (CL, CD, CS) =
  -3.1037131756361226E-002   3.7901736376651132E-002  -3.0120139935962701E-021
 Total Moment Coefficient(CMx, CMy, CMz)=
   7.7592829390903039E-003   9.4754340941627831E-003  -1.5511796306591727E-002
 Kstep, t=         274   274.00000000000000     
 ----------The Max Residuals are--------  ---Mesh---           1
    0.1265931286E-03    0.1159341094E-03    0.1080413528E-03    0.1626416350E-18    0.1346041869E-03
   The R.M.S Residuals are 
    0.1340429582E-04    0.1641577889E-04    0.8291684839E-05    0.8441267330E-20    0.1732009778E-04
 --------------Force and Moment -----------------------------
 Total Force Coefficient (CL, CD, CS) =
  -3.0904913909189063E-002   3.7745854084313711E-002  -3.2627214934077774E-021
 Total Moment Coefficient(CMx, CMy, CMz)=
   7.7262284772972650E-003   9.4364635210784278E-003  -1.5445500977324901E-002
 Kstep, t=         275   275.00000000000000     
 ----------The Max Residuals are--------  ---Mesh---           1
    0.1226609987E-03    0.1176308646E-03    0.9869920513E-04    0.1626328591E-18    0.1357169944E-03
   The R.M.S Residuals are 
    0.1315735575E-04    0.1622876279E-04    0.8086306358E-05    0.9245235707E-20    0.1707019346E-04
 --------------Force and Moment -----------------------------
 Total Force Coefficient (CL, CD, CS) =
  -3.0773290759942919E-002   3.7590965414886664E-002  -3.5327075131283093E-021
 Total Moment Coefficient(CMx, CMy, CMz)=
   7.6933226899857324E-003   9.3977413537216659E-003  -1.5379495353126611E-002
 Kstep, t=         276   276.00000000000000     
 ----------The Max Residuals are--------  ---Mesh---           1
    0.1190200293E-03    0.1186737080E-03    0.8936605624E-04    0.1897438524E-18    0.1370782894E-03
   The R.M.S Residuals are 
    0.1292032792E-04    0.1604470185E-04    0.7891845280E-05    0.9714860902E-20    0.1682622810E-04
 --------------Force and Moment -----------------------------
 Total Force Coefficient (CL, CD, CS) =
  -3.0642260931194338E-002   3.7437061654091539E-002  -3.3683629963001779E-021
 Total Moment Coefficient(CMx, CMy, CMz)=
   7.6605652327985871E-003   9.3592654135228846E-003  -1.5313778366383514E-002
 Kstep, t=         277   277.00000000000000     
 ----------The Max Residuals are--------  ---Mesh---           1
    0.1154346724E-03    0.1204610425E-03    0.8011566424E-04    0.1355301248E-18    0.1395285344E-03
   The R.M.S Residuals are 
    0.1269216786E-04    0.1586286837E-04    0.7708221481E-05    0.8313953015E-20    0.1658718829E-04
 --------------Force and Moment -----------------------------
 Total Force Coefficient (CL, CD, CS) =
  -3.0511823005034806E-002   3.7284134187821311E-002  -3.0041981122781681E-021
 Total Moment Coefficient(CMx, CMy, CMz)=
   7.6279557512587042E-003   9.3210335469553277E-003  -1.5248348908524091E-002
 Kstep, t=         278   278.00000000000000     
 ----------The Max Residuals are--------  ---Mesh---           1
    0.1120650799E-03    0.1225296921E-03    0.7283351821E-04    0.1626349529E-18    0.1420918088E-03
   The R.M.S Residuals are 
    0.1247243662E-04    0.1568303461E-04    0.7535590848E-05    0.8765376744E-20    0.1635276597E-04
 --------------Force and Moment -----------------------------
 Total Force Coefficient (CL, CD, CS) =
  -3.0381975524399044E-002   3.7132174500619501E-002  -2.9969789472400050E-021
 Total Moment Coefficient(CMx, CMy, CMz)=
   7.5954938810997592E-003   9.2830436251548753E-003  -1.5183205829871618E-002
 Kstep, t=         279   279.00000000000000     
 ----------The Max Residuals are--------  ---Mesh---           1
    0.1088224382E-03    0.1247350026E-03    0.6876706838E-04    0.1626348317E-18    0.1447989138E-03
   The R.M.S Residuals are 
    0.1226134468E-04    0.1550546836E-04    0.7374312186E-05    0.8862507498E-20    0.1612335737E-04
 --------------Force and Moment -----------------------------
 Total Force Coefficient (CL, CD, CS) =
  -3.0252716994392498E-002   3.6981174174194040E-002  -3.1161655256137377E-021
 Total Moment Coefficient(CMx, CMy, CMz)=
   7.5631792485981288E-003   9.2452935435485099E-003  -1.5118347939515820E-002
 Kstep, t=         280   280.00000000000000     
 ----------The Max Residuals are--------  ---Mesh---           1
    0.1056164810E-03    0.1270001454E-03    0.6496907903E-04    0.1897318000E-18    0.1475699699E-03
   The R.M.S Residuals are 
    0.1205944176E-04    0.1533068362E-04    0.7224741528E-05    0.8496673448E-20    0.1589968983E-04
 --------------Force and Moment -----------------------------
 Total Force Coefficient (CL, CD, CS) =
  -3.0124045883616057E-002   3.6831124885964364E-002  -3.3825089208238362E-021
 Total Moment Coefficient(CMx, CMy, CMz)=
   7.5310114709040135E-003   9.2077812214910910E-003  -1.5053774005202894E-002
 Kstep, t=         281   281.00000000000000     
 ----------The Max Residuals are--------  ---Mesh---           1
    0.1026205681E-03    0.1291745722E-03    0.6144049276E-04    0.3794819917E-18    0.1502415677E-03
   The R.M.S Residuals are 
    0.1186715842E-04    0.1515910910E-04    0.7087000262E-05    0.9701698410E-20    0.1568232705E-04
 --------------Force and Moment -----------------------------
 Total Force Coefficient (CL, CD, CS) =
  -2.9995960625479632E-002   3.6682018407640314E-002  -3.1128929245739516E-021
 Total Moment Coefficient(CMx, CMy, CMz)=
   7.4989901563699115E-003   9.1705046019100785E-003  -1.4989482753243213E-002
 Kstep, t=         282   282.00000000000000     
 ----------The Max Residuals are--------  ---Mesh---           1
    0.9972639524E-04    0.1310987839E-03    0.5815045601E-04    0.1897410380E-18    0.1526378835E-03
   The R.M.S Residuals are 
    0.1168453578E-04    0.1499090983E-04    0.6960876205E-05    0.9313561561E-20    0.1547140838E-04
 --------------Force and Moment -----------------------------
 Total Force Coefficient (CL, CD, CS) =
  -2.9868459619498480E-002   3.6533846603831292E-002  -3.5071198316907574E-021
 Total Moment Coefficient(CMx, CMy, CMz)=
   7.4671149048746235E-003   9.1334616509578231E-003  -1.4925472868436606E-002
 Kstep, t=         283   283.00000000000000     
 ----------The Max Residuals are--------  ---Mesh---           1
    0.9921653434E-04    0.1326487088E-03    0.5499938318E-04    0.1626236697E-18    0.1546195207E-03
   The R.M.S Residuals are 
    0.1151122044E-04    0.1482599864E-04    0.6845864499E-05    0.8444684339E-20    0.1526667453E-04
 --------------Force and Moment -----------------------------
 Total Force Coefficient (CL, CD, CS) =
  -2.9741541232564943E-002   3.6386601430684319E-002  -3.7070126172611479E-021
 Total Moment Coefficient(CMx, CMy, CMz)=
   7.4353853081412383E-003   9.0966503576710798E-003  -1.4861742994014621E-002
 Kstep, t=         284   284.00000000000000     
 ----------The Max Residuals are--------  ---Mesh---           1
    0.1013722813E-03    0.1337445508E-03    0.5211864276E-04    0.2981485599E-18    0.1560932403E-03
   The R.M.S Residuals are 
    0.1134658810E-04    0.1466413024E-04    0.6741265287E-05    0.9036043978E-20    0.1506761577E-04
 --------------Force and Moment -----------------------------
 Total Force Coefficient (CL, CD, CS) =
  -2.9615203800189713E-002   3.6240274934549670E-002  -3.2065220589027061E-021
 Total Moment Coefficient(CMx, CMy, CMz)=
   7.4038009500474282E-003   9.0600687336374174E-003  -1.4798291731599798E-002
 Kstep, t=         285   285.00000000000000     
 ----------The Max Residuals are--------  ---Mesh---           1
    0.1030413655E-03    0.1343441944E-03    0.4932040171E-04    0.1355301248E-18    0.1570050092E-03
   The R.M.S Residuals are 
    0.1118987744E-04    0.1450499352E-04    0.6646273205E-05    0.8196427238E-20    0.1487361581E-04
 --------------Force and Moment -----------------------------
 Total Force Coefficient (CL, CD, CS) =
  -2.9489445627706719E-002   3.6094859250672844E-002  -3.3828472471290443E-021
 Total Moment Coefficient(CMx, CMy, CMz)=
   7.3723614069266773E-003   9.0237148126682109E-003  -1.4735117641181447E-002
 Kstep, t=         286   286.00000000000000     
 ----------The Max Residuals are--------  ---Mesh---           1
    0.1041988940E-03    0.1344357002E-03    0.4673073494E-04    0.3794785733E-18    0.1573322418E-03
   The R.M.S Residuals are 
    0.1104029028E-04    0.1434827516E-04    0.6560040643E-05    0.9270403397E-20    0.1468405174E-04
 --------------Force and Moment -----------------------------
 Total Force Coefficient (CL, CD, CS) =
  -2.9364264991436045E-002   3.5950346601911494E-002  -3.6992811408722358E-021
 Total Moment Coefficient(CMx, CMy, CMz)=
   7.3410662478590105E-003   8.9875866504778735E-003  -1.4672219241107913E-002
 Kstep, t=         287   287.00000000000000     
 ----------The Max Residuals are--------  ---Mesh---           1
    0.1048464933E-03    0.1340315239E-03    0.4425372626E-04    0.1897509157E-18    0.1570776077E-03
   The R.M.S Residuals are 
    0.1089705494E-04    0.1419369616E-04    0.6481718930E-05    0.8860908122E-20    0.1449835250E-04
 --------------Force and Moment -----------------------------
 Total Force Coefficient (CL, CD, CS) =
  -2.9239660139800755E-002   3.5806729297476345E-002  -3.7815243180426414E-021
 Total Moment Coefficient(CMx, CMy, CMz)=
   7.3099150349501879E-003   8.9516823243690861E-003  -1.4609595008095144E-002
 Kstep, t=         288   288.00000000000000     
 ----------The Max Residuals are--------  ---Mesh---           1
    0.1050068910E-03    0.1331631452E-03    0.4288461470E-04    0.2439469299E-18    0.1562627664E-03
   The R.M.S Residuals are 
    0.1075945328E-04    0.1404102317E-04    0.6410489637E-05    0.9037826423E-20    0.1431601989E-04
 --------------Force and Moment -----------------------------
 Total Force Coefficient (CL, CD, CS) =
  -2.9115629294392674E-002   3.5663999731695019E-002  -3.7211598203026454E-021
 Total Moment Coefficient(CMx, CMy, CMz)=
   7.2789073235981711E-003   8.9159999329237547E-003  -1.4547243377251389E-002
 Kstep, t=         289   289.00000000000000     
 ----------The Max Residuals are--------  ---Mesh---           1
    0.1047176853E-03    0.1318750375E-03    0.4180349702E-04    0.1897498268E-18    0.1549213507E-03
   The R.M.S Residuals are 
    0.1062680396E-04    0.1389005157E-04    0.6345598390E-05    0.8772459642E-20    0.1413660998E-04
 --------------Force and Moment -----------------------------
 Total Force Coefficient (CL, CD, CS) =
  -2.8992170650984188E-002   3.5522150382797588E-002  -3.3358009001657187E-021
 Total Moment Coefficient(CMx, CMy, CMz)=
   7.2480426627460470E-003   8.8805375956993969E-003  -1.4485162742118019E-002
 Kstep, t=         290   290.00000000000000     
 ----------The Max Residuals are--------  ---Mesh---           1
    0.1040236791E-03    0.1302174442E-03    0.4075743837E-04    0.1626420260E-18    0.1530919411E-03
   The R.M.S Residuals are 
    0.1049844997E-04    0.1374059426E-04    0.6286374431E-05    0.8074852092E-20    0.1395972022E-04
 --------------Force and Moment -----------------------------
 Total Force Coefficient (CL, CD, CS) =
  -2.8869282380482551E-002   3.5381173811722955E-002  -3.2126928436063908E-021
 Total Moment Coefficient(CMx, CMy, CMz)=
   7.2173205951206370E-003   8.8452934529307387E-003  -1.4423351454726362E-002
 Kstep, t=         291   291.00000000000000     
 ----------The Max Residuals are--------  ---Mesh---           1
    0.1029698741E-03    0.1282398971E-03    0.3976439809E-04    0.1897487637E-18    0.1508155723E-03
   The R.M.S Residuals are 
    0.1037395804E-04    0.1359261281E-04    0.6232142876E-05    0.8948426651E-20    0.1378516220E-04
 --------------Force and Moment -----------------------------
 Total Force Coefficient (CL, CD, CS) =
  -2.8746962629825065E-002   3.5241062660945462E-002  -3.3222511222385794E-021
 Total Moment Coefficient(CMx, CMy, CMz)=
   7.1867406574562661E-003   8.8102656652363654E-003  -1.4361807825670500E-002
 Kstep, t=         292   292.00000000000000     
 ----------The Max Residuals are--------  ---Mesh---           1
    0.1016084141E-03    0.1259975330E-03    0.3918216917E-04    0.1355348681E-18    0.1481542834E-03
   The R.M.S Residuals are 
    0.1025318729E-04    0.1344624685E-04    0.6182190784E-05    0.8088849428E-20    0.1361300582E-04
 --------------Force and Moment -----------------------------
 Total Force Coefficient (CL, CD, CS) =
  -2.8625209522812861E-002   3.5101809653320437E-002  -2.8563039932867308E-021
 Total Moment Coefficient(CMx, CMy, CMz)=
   7.1563023807032092E-003   8.7754524133301093E-003  -1.4300530124196098E-002
 Kstep, t=         293   293.00000000000000     
 ----------The Max Residuals are--------  ---Mesh---           1
    0.1000115646E-03    0.1235622494E-03    0.3954757552E-04    0.1897299744E-18    0.1452180494E-03
   The R.M.S Residuals are 
    0.1013596209E-04    0.1330158465E-04    0.6135919764E-05    0.8044682456E-20    0.1344328215E-04
 --------------Force and Moment -----------------------------
 Total Force Coefficient (CL, CD, CS) =
  -2.8504021160882673E-002   3.4963407590948424E-002  -2.8310540187890071E-021
 Total Moment Coefficient(CMx, CMy, CMz)=
   7.1260052902206664E-003   8.7408518977371060E-003  -1.4239516578305189E-002
 Kstep, t=         294   294.00000000000000     
 ----------The Max Residuals are--------  ---Mesh---           1
    0.9825719156E-04    0.1210076886E-03    0.3979905667E-04    0.1355319827E-18    0.1421438164E-03
   The R.M.S Residuals are 
    0.1002211072E-04    0.1315870010E-04    0.6092820358E-05    0.8417136520E-20    0.1327602807E-04
 --------------Force and Moment -----------------------------
 Total Force Coefficient (CL, CD, CS) =
  -2.8383395623816428E-002   3.4825849354057310E-002  -3.0204602162504310E-021
 Total Moment Coefficient(CMx, CMy, CMz)=
   7.0958489059541009E-003   8.7064623385143276E-003  -1.4178765374877016E-002
 Kstep, t=         295   295.00000000000000     
 ----------The Max Residuals are--------  ---Mesh---           1
    0.9642196766E-04    0.1184031171E-03    0.3994295315E-04    0.1897271892E-18    0.1390359088E-03
   The R.M.S Residuals are 
    0.9911473253E-05    0.1301765654E-04    0.6052456482E-05    0.8566836892E-20    0.1311128339E-04
 --------------Force and Moment -----------------------------
 Total Force Coefficient (CL, CD, CS) =
  -2.8263330970388530E-002   3.4689127899901279E-002  -3.4912407942184115E-021
 Total Moment Coefficient(CMx, CMy, CMz)=
   7.0658327425971315E-003   8.6722819749753197E-003  -1.4118274659804905E-002
 Kstep, t=         296   296.00000000000000     
 ----------The Max Residuals are--------  ---Mesh---           1
    0.9455282982E-04    0.1157892347E-03    0.4000083171E-04    0.1355295593E-18    0.1359053009E-03
   The R.M.S Residuals are 
    0.9803918357E-05    0.1287852032E-04    0.6014449532E-05    0.8237426533E-20    0.1294908473E-04
 --------------Force and Moment -----------------------------
 Total Force Coefficient (CL, CD, CS) =
  -2.8143825238952484E-002   3.4553236261677202E-002  -3.9628685808997098E-021
 Total Moment Coefficient(CMx, CMy, CMz)=
   7.0359563097381226E-003   8.6383090654193005E-003  -1.4058042538149317E-002
 Kstep, t=         297   297.00000000000000     
 ----------The Max Residuals are--------  ---Mesh---           1
    0.9255203436E-04    0.1130707371E-03    0.3995736943E-04    0.1897260227E-18    0.1327027868E-03
   The R.M.S Residuals are 
    0.9699330818E-05    0.1274135908E-04    0.5978461905E-05    0.8509101810E-20    0.1278947465E-04
 --------------Force and Moment -----------------------------
 Total Force Coefficient (CL, CD, CS) =
  -2.8024876447967952E-002   3.4418167547456656E-002  -3.9139456060122093E-021
 Total Moment Coefficient(CMx, CMy, CMz)=
   7.0062191119919844E-003   8.6045418868641640E-003  -1.3998067074307143E-002
 Kstep, t=         298   298.00000000000000     
 ----------The Max Residuals are--------  ---Mesh---           1
    0.9039317493E-04    0.1110962188E-03    0.3980817830E-04    0.1897343397E-18    0.1300704284E-03
   The R.M.S Residuals are 
    0.9597600950E-05    0.1260622824E-04    0.5944195908E-05    0.8515811746E-20    0.1263250695E-04
 --------------Force and Moment -----------------------------
 Total Force Coefficient (CL, CD, CS) =
  -2.7906482596470505E-002   3.4283914939134304E-002  -4.1990217281134703E-021
 Total Moment Coefficient(CMx, CMy, CMz)=
   6.9766206491176253E-003   8.5709787347835759E-003  -1.3938346292197316E-002
 Kstep, t=         299   299.00000000000000     
 ----------The Max Residuals are--------  ---Mesh---           1
    0.8821385675E-04    0.1097682752E-03    0.3961923081E-04    0.1355280374E-18    0.1285130725E-03
   The R.M.S Residuals are 
    0.9498642357E-05    0.1247317666E-04    0.5911389472E-05    0.8278455739E-20    0.1247823316E-04
 --------------Force and Moment -----------------------------
 Total Force Coefficient (CL, CD, CS) =
  -2.7788641664487274E-002   3.4150471691391661E-002  -4.0607319013316283E-021
 Total Moment Coefficient(CMx, CMy, CMz)=
   6.9471604161218193E-003   8.5376179228479152E-003  -1.3878878175462994E-002
 Kstep, t=         300   300.00000000000000     
 ----------The Max Residuals are--------  ---Mesh---           1
    0.8646840385E-04    0.1082387638E-03    0.4027553464E-04    0.1355341044E-18    0.1267769627E-03
   The R.M.S Residuals are 
    0.9402374578E-05    0.1234224556E-04    0.5879808054E-05    0.8584759126E-20    0.1232669439E-04
 --------------Force and Moment -----------------------------
 Total Force Coefficient (CL, CD, CS) =
  -2.7671351613400699E-002   3.4017831130676211E-002  -4.1101429240475571E-021
 Total Moment Coefficient(CMx, CMy, CMz)=
   6.9178379033501781E-003   8.5044577826690528E-003  -1.3819660667690241E-002
 Kstep, t=         301   301.00000000000000     
 ----------The Max Residuals are--------  ---Mesh---           1
    0.8570913285E-04    0.1065117988E-03    0.4083563040E-04    0.1897518915E-18    0.1248558403E-03
   The R.M.S Residuals are 
    0.9308729240E-05    0.1221347625E-04    0.5849240427E-05    0.8850143414E-20    0.1217792872E-04
 --------------Force and Moment -----------------------------
 Total Force Coefficient (CL, CD, CS) =
  -2.7554610386265017E-002   3.3885986654195767E-002  -4.0097180569085251E-021
 Total Moment Coefficient(CMx, CMy, CMz)=
   6.8886525965662542E-003   8.4714966635489417E-003  -1.3760691672643668E-002
 Kstep, t=         302   302.00000000000000     
 ----------The Max Residuals are--------  ---Mesh---           1
    0.8473953393E-04    0.1046043393E-03    0.4129985309E-04    0.2439353009E-18    0.1227529367E-03
   The R.M.S Residuals are 
    0.9217647005E-05    0.1208690704E-04    0.5819499856E-05    0.8506799106E-20    0.1203196789E-04
 --------------Force and Moment -----------------------------
 Total Force Coefficient (CL, CD, CS) =
  -2.7438415908078533E-002   3.3754931728927594E-002  -3.7887284519350639E-021
 Total Moment Coefficient(CMx, CMy, CMz)=
   6.8596039770196350E-003   8.4387329322318985E-003  -1.3701969054519047E-002
 Kstep, t=         303   303.00000000000000     
 ----------The Max Residuals are--------  ---Mesh---           1
    0.8357601262E-04    0.1025358941E-03    0.4167445961E-04    0.1355281909E-18    0.1204823705E-03
   The R.M.S Residuals are 
    0.9129081244E-05    0.1196257456E-04    0.5790420051E-05    0.8267090283E-20    0.1188884053E-04
 --------------Force and Moment -----------------------------
 Total Force Coefficient (CL, CD, CS) =
  -2.7322766086016605E-002   3.3624659890642415E-002  -3.9530367715213338E-021
 Total Moment Coefficient(CMx, CMy, CMz)=
   6.8306915215041461E-003   8.4061649726606038E-003  -1.3643490638213145E-002
 Kstep, t=         304   304.00000000000000     
 ----------The Max Residuals are--------  ---Mesh---           1
    0.8223921461E-04    0.1003298506E-03    0.4196992460E-04    0.1897585219E-18    0.1180673704E-03
   The R.M.S Residuals are 
    0.9042988725E-05    0.1184050764E-04    0.5761854595E-05    0.8008864852E-20    0.1174856528E-04
 --------------Force and Moment -----------------------------
 Total Force Coefficient (CL, CD, CS) =
  -2.7207658809628943E-002   3.3495164742943187E-002  -4.2941733454023184E-021
 Total Moment Coefficient(CMx, CMy, CMz)=
   6.8019147024072366E-003   8.3737911857357968E-003  -1.3585254209611118E-002
 Kstep, t=         305   305.00000000000000     
 ----------The Max Residuals are--------  ---Mesh---           1
    0.8075554485E-04    0.9801456640E-04    0.4219890391E-04    0.2981687128E-18    0.1155371021E-03
   The R.M.S Residuals are 
    0.8959327043E-05    0.1172072564E-04    0.5733674378E-05    0.9477451335E-20    0.1161114985E-04
 --------------Force and Moment -----------------------------
 Total Force Coefficient (CL, CD, CS) =
  -2.7093091951007037E-002   3.3366439956318363E-002  -4.0652833508464502E-021
 Total Moment Coefficient(CMx, CMy, CMz)=
   6.7732729877517644E-003   8.3416099890795906E-003  -1.3527257515891756E-002
 Kstep, t=         306   306.00000000000000     
 ----------The Max Residuals are--------  ---Mesh---           1
    0.7915637877E-04    0.9562242322E-04    0.4237443786E-04    0.2439472369E-18    0.1129234480E-03
   The R.M.S Residuals are 
    0.8878055914E-05    0.1160323904E-04    0.5705763461E-05    0.8010558241E-20    0.1147659333E-04
 --------------Force and Moment -----------------------------
 Total Force Coefficient (CL, CD, CS) =
  -2.6979063364924866E-002   3.3238479267209992E-002  -3.2192879685712599E-021
 Total Moment Coefficient(CMx, CMy, CMz)=
   6.7447658412312112E-003   8.3096198168024979E-003  -1.3469498265850774E-002
 Kstep, t=         307   307.00000000000000     
 ----------The Max Residuals are--------  ---Mesh---           1
    0.7747542495E-04    0.9318724154E-04    0.4250863303E-04    0.2981688969E-18    0.1102581071E-03
   The R.M.S Residuals are 
    0.8799126556E-05    0.1148804320E-04    0.5678020407E-05    0.8461107125E-20    0.1134487934E-04
 --------------Force and Moment -----------------------------
 Total Force Coefficient (CL, CD, CS) =
  -2.6865570888958704E-002   3.3111276477096108E-002  -3.8094063030136358E-021
 Total Moment Coefficient(CMx, CMy, CMz)=
   6.7163927222396759E-003   8.2778191192740269E-003  -1.3411974130242785E-002
 Kstep, t=         308   308.00000000000000     
 ----------The Max Residuals are--------  ---Mesh---           1
    0.7574523784E-04    0.9074096807E-04    0.4261180729E-04    0.1897423240E-18    0.1075701378E-03
   The R.M.S Residuals are 
    0.8722484657E-05    0.1137512103E-04    0.5650354690E-05    0.7688407428E-20    0.1121598088E-04
 --------------Force and Moment -----------------------------
 Total Force Coefficient (CL, CD, CS) =
  -2.6752612343590439E-002   3.2984825451587839E-002  -4.1581939841306980E-021
 Total Moment Coefficient(CMx, CMy, CMz)=
   6.6881530858976046E-003   8.2462063628969597E-003  -1.3354682742142030E-002
 Kstep, t=         309   309.00000000000000     
 ----------The Max Residuals are--------  ---Mesh---           1
    0.7399400803E-04    0.8831068899E-04    0.4269203589E-04    0.1897347953E-18    0.1048841534E-03
   The R.M.S Residuals are 
    0.8648070240E-05    0.1126444447E-04    0.5622683977E-05    0.8266349281E-20    0.1108986328E-04
 --------------Force and Moment -----------------------------
 Total Force Coefficient (CL, CD, CS) =
  -2.6640185532298494E-002   3.2859120119541022E-002  -3.9706835721776101E-021
 Total Moment Coefficient(CMx, CMy, CMz)=
   6.6600463830746200E-003   8.2147800298852554E-003  -1.3297621697322645E-002
 Kstep, t=         310   310.00000000000000     
 ----------The Max Residuals are--------  ---Mesh---           1
    0.7224348247E-04    0.8591676262E-04    0.4275504363E-04    0.1897484345E-18    0.1022193583E-03
   The R.M.S Residuals are 
    0.8575810175E-05    0.1115597209E-04    0.5594936033E-05    0.8325955107E-20    0.1096648046E-04
 --------------Force and Moment -----------------------------
 Total Force Coefficient (CL, CD, CS) =
  -2.6528288241641225E-002   3.2734154472182371E-002  -4.0654731829153053E-021
 Total Moment Coefficient(CMx, CMy, CMz)=
   6.6320720604103140E-003   8.1835386180455928E-003  -1.3240788554658871E-002
 Kstep, t=         311   311.00000000000000     
 ----------The Max Residuals are--------  ---Mesh---           1
    0.7050833165E-04    0.8357235340E-04    0.4280437714E-04    0.1897373884E-18    0.9958944581E-04
   The R.M.S Residuals are 
    0.8505623309E-05    0.1104965404E-04    0.5567047544E-05    0.8431650952E-20    0.1084578024E-04
 --------------Force and Moment -----------------------------
 Total Force Coefficient (CL, CD, CS) =
  -2.6416918241337180E-002   3.2609922562250052E-002  -4.5670660593714131E-021
 Total Moment Coefficient(CMx, CMy, CMz)=
   6.6042295603342942E-003   8.1524806405625129E-003  -1.3184180836545659E-002
 Kstep, t=         312   312.00000000000000     
 ----------The Max Residuals are--------  ---Mesh---           1
    0.6879677143E-04    0.8128416241E-04    0.4284176970E-04    0.1897433095E-18    0.9700318204E-04
   The R.M.S Residuals are 
    0.8437430328E-05    0.1094543917E-04    0.5538961632E-05    0.8563116312E-20    0.1072771135E-04
 --------------Force and Moment -----------------------------
 Total Force Coefficient (CL, CD, CS) =
  -2.6306073284345331E-002   3.2486418503149039E-002  -4.1990710453595867E-021
 Total Moment Coefficient(CMx, CMy, CMz)=
   6.5765183210863302E-003   8.1216046257872598E-003  -1.3127796029340631E-002
 Kstep, t=         313   313.00000000000000     
 ----------The Max Residuals are--------  ---Mesh---           1
    0.6711196489E-04    0.7905388457E-04    0.4286760026E-04    0.1355286320E-18    0.9446539601E-04
   The R.M.S Residuals are 
    0.8371154034E-05    0.1084327636E-04    0.5510628962E-05    0.8001565408E-20    0.1061222199E-04
 --------------Force and Moment -----------------------------
 Total Force Coefficient (CL, CD, CS) =
  -2.6195751106950601E-002   3.2363636468120689E-002  -4.1400098804174814E-021
 Total Moment Coefficient(CMx, CMy, CMz)=
   6.5489377767376494E-003   8.0909091170301723E-003  -1.3071631583827901E-002
 Kstep, t=         314   314.00000000000000     
 ----------The Max Residuals are--------  ---Mesh---           1
    0.6545369654E-04    0.7687989874E-04    0.4288135777E-04    0.1897429928E-18    0.9197809441E-04
   The R.M.S Residuals are 
    0.8306719188E-05    0.1074311531E-04    0.5482008960E-05    0.8055725216E-20    0.1049925820E-04
 --------------Force and Moment -----------------------------
 Total Force Coefficient (CL, CD, CS) =
  -2.6085949428856905E-002   3.2241570689427013E-002  -4.6441566296454738E-021
 Total Moment Coefficient(CMx, CMy, CMz)=
   6.5214873572142264E-003   8.0603926723567532E-003  -1.3015684915704612E-002
 Kstep, t=         315   315.00000000000000     
 ----------The Max Residuals are--------  ---Mesh---           1
    0.6381993401E-04    0.7475882211E-04    0.4288204785E-04    0.1626400323E-18    0.8954149413E-04
   The R.M.S Residuals are 
    0.8244059360E-05    0.1064491054E-04    0.5453068098E-05    0.7863309181E-20    0.1038876835E-04
 --------------Force and Moment -----------------------------
 Total Force Coefficient (CL, CD, CS) =
  -2.5976665953291810E-002   3.2120215457549360E-002  -4.3672134333525671E-021
 Total Moment Coefficient(CMx, CMy, CMz)=
   6.4941664883229515E-003   8.0300538643873400E-003  -1.2959953406091325E-002
 Kstep, t=         316   316.00000000000000     
 ----------The Max Residuals are--------  ---Mesh---           1
    0.6220806101E-04    0.7268672681E-04    0.4286850982E-04    0.1626385266E-18    0.8715485832E-04
   The R.M.S Residuals are 
    0.8183121161E-05    0.1054862370E-04    0.5423778178E-05    0.7538811467E-20    0.1028070647E-04
 --------------Force and Moment -----------------------------
 Total Force Coefficient (CL, CD, CS) =
  -2.5867898367126035E-002   3.1999565120401523E-002  -4.4710462357058172E-021
 Total Moment Coefficient(CMx, CMy, CMz)=
   6.4669745917815104E-003   7.9998912801003807E-003  -1.2904434402067046E-002
 Kstep, t=         317   317.00000000000000     
 ----------The Max Residuals are--------  ---Mesh---           1
    0.6061571238E-04    0.7065995931E-04    0.4283963865E-04    0.1626423975E-18    0.8481710207E-04
   The R.M.S Residuals are 
    0.8123859360E-05    0.1045422092E-04    0.5394116980E-05    0.7650881677E-20    0.1017502977E-04
 --------------Force and Moment -----------------------------
 Total Force Coefficient (CL, CD, CS) =
  -2.5759644341010454E-002   3.1879614082557281E-002  -4.4279995352678559E-021
 Total Moment Coefficient(CMx, CMy, CMz)=
   6.4399110852526109E-003   7.9699035206393203E-003  -1.2849125217230304E-002
 Kstep, t=         318   318.00000000000000     
 ----------The Max Residuals are--------  ---Mesh---           1
    0.5904123957E-04    0.6867559587E-04    0.4279452449E-04    0.1897368665E-18    0.8252718616E-04
   The R.M.S Residuals are 
    0.8066229945E-05    0.1036166875E-04    0.5364069219E-05    0.7801268627E-20    0.1007169508E-04
 --------------Force and Moment -----------------------------
 Total Force Coefficient (CL, CD, CS) =
  -2.5651901529533692E-002   3.1760356804492386E-002  -3.9816657369479435E-021
 Total Moment Coefficient(CMx, CMy, CMz)=
   6.4129753823834275E-003   7.9400892011230965E-003  -1.2794023132287514E-002
 Kstep, t=         319   319.00000000000000     
 ----------The Max Residuals are--------  ---Mesh---           1
    0.5748388383E-04    0.6673161250E-04    0.4273253181E-04    0.1355365613E-18    0.8028434229E-04
   The R.M.S Residuals are 
    0.8010188593E-05    0.1027093295E-04    0.5333625565E-05    0.7865519775E-20    0.9970658858E-05
 --------------Force and Moment -----------------------------
 Total Force Coefficient (CL, CD, CS) =
  -2.5544667571403182E-002   3.1641787801840737E-002  -3.9063452903944929E-021
 Total Moment Coefficient(CMx, CMy, CMz)=
   6.3861668928507998E-003   7.9104469504601843E-003  -1.2739125395670155E-002
 Kstep, t=         320   320.00000000000000     
 ----------The Max Residuals are--------  ---Mesh---           1
    0.5594374765E-04    0.6482685848E-04    0.4265334197E-04    0.1897355078E-18    0.7808817756E-04
   The R.M.S Residuals are 
    0.7955692811E-05    0.1018197964E-04    0.5302780680E-05    0.7888308451E-20    0.9871879768E-05
 --------------Force and Moment -----------------------------
 Total Force Coefficient (CL, CD, CS) =
  -2.5437940089652056E-002   3.1523901644664933E-002  -3.8459261624747217E-021
 Total Moment Coefficient(CMx, CMy, CMz)=
   6.3594850224130157E-003   7.8809754111662331E-003  -1.2684429224182375E-002
 Kstep, t=         321   321.00000000000000     
 ----------The Max Residuals are--------  ---Mesh---           1
    0.5442164582E-04    0.6296091211E-04    0.4255698071E-04    0.1897434097E-18    0.7593869798E-04
   The R.M.S Residuals are 
    0.7902703180E-05    0.1009477640E-04    0.5271532323E-05    0.7689502838E-20    0.9775319863E-05
 --------------Force and Moment -----------------------------
 Total Force Coefficient (CL, CD, CS) =
  -2.5331716691874846E-002   3.1406692956741138E-002  -3.8074761552304475E-021
 Total Moment Coefficient(CMx, CMy, CMz)=
   6.3329291729687159E-003   7.8516732391852844E-003  -1.2629931803681009E-002
 Kstep, t=         322   322.00000000000000     
 ----------The Max Residuals are--------  ---Mesh---           1
    0.5291890019E-04    0.6113388062E-04    0.4244384662E-04    0.2168519924E-18    0.7383627924E-04
   The R.M.S Residuals are 
    0.7851182573E-05    0.1000929184E-04    0.5239881813E-05    0.8269145741E-20    0.9680942963E-05
 --------------Force and Moment -----------------------------
 Total Force Coefficient (CL, CD, CS) =
  -2.5225994970494766E-002   3.1290156414858168E-002  -3.5677956444758580E-021
 Total Moment Coefficient(CMx, CMy, CMz)=
   6.3064987426236958E-003   7.8225391037145420E-003  -1.2575630289790012E-002
 Kstep, t=         323   323.00000000000000     
 ----------The Max Residuals are--------  ---Mesh---           1
    0.5143712334E-04    0.5934618809E-04    0.4231474920E-04    0.1626346298E-18    0.7178160124E-04
   The R.M.S Residuals are 
    0.7801094259E-05    0.9925493998E-05    0.5207834654E-05    0.7638435524E-20    0.9588711934E-05
 --------------Force and Moment -----------------------------
 Total Force Coefficient (CL, CD, CS) =
  -2.5120772503065148E-002   3.1174286748130751E-002  -3.7619724164377242E-021
 Total Moment Coefficient(CMx, CMy, CMz)=
   6.2801931257662870E-003   7.7935716870326877E-003  -1.2521521808651697E-002
 Kstep, t=         324   324.00000000000000     
 ----------The Max Residuals are--------  ---Mesh---           1
    0.5117173591E-04    0.5759838045E-04    0.4217095729E-04    0.1355304414E-18    0.6977555384E-04
   The R.M.S Residuals are 
    0.7752400375E-05    0.9843349279E-05    0.5175400414E-05    0.7654238315E-20    0.9498587493E-05
 --------------Force and Moment -----------------------------
 Total Force Coefficient (CL, CD, CS) =
  -2.5016046852608352E-002   3.1059078737327030E-002  -3.5944830759892754E-021
 Total Moment Coefficient(CMx, CMy, CMz)=
   6.2540117131520880E-003   7.7647696843317574E-003  -1.2467603457717233E-002
 Kstep, t=         325   325.00000000000000     
 ----------The Max Residuals are--------  ---Mesh---           1
    0.5118977748E-04    0.5589096518E-04    0.4201424922E-04    0.1355276368E-18    0.6781911456E-04
   The R.M.S Residuals are 
    0.7705062269E-05    0.9762822422E-05    0.5142591946E-05    0.7201217571E-20    0.9410528890E-05
 --------------Force and Moment -----------------------------
 Total Force Coefficient (CL, CD, CS) =
  -2.4911815567995217E-002   3.0944527214210513E-002  -3.2933419279851201E-021
 Total Moment Coefficient(CMx, CMy, CMz)=
   6.2279538919988104E-003   7.7361318035526283E-003  -1.2413872306579450E-002
 Kstep, t=         326   326.00000000000000     
 ----------The Max Residuals are--------  ---Mesh---           1
    0.5117380999E-04    0.5422429538E-04    0.4184694634E-04    0.1355287418E-18    0.6591319900E-04
   The R.M.S Residuals are 
    0.7659042015E-05    0.9683876753E-05    0.5109424552E-05    0.7803900106E-20    0.9324494883E-05
 --------------Force and Moment -----------------------------
 Total Force Coefficient (CL, CD, CS) =
  -2.4808076184368741E-002   3.0830627060896079E-002  -3.7889699446126730E-021
 Total Moment Coefficient(CMx, CMy, CMz)=
   6.2020190460921835E-003   7.7076567652240198E-003  -1.2360325397850801E-002
 Kstep, t=         327   327.00000000000000     
 ----------The Max Residuals are--------  ---Mesh---           1
    0.5112461754E-04    0.5259850582E-04    0.4191174260E-04    0.1355305190E-18    0.6405849312E-04
   The R.M.S Residuals are 
    0.7614302453E-05    0.9606474438E-05    0.5075915704E-05    0.7911845564E-20    0.9240444037E-05
 --------------Force and Moment -----------------------------
 Total Force Coefficient (CL, CD, CS) =
  -2.4704826223615365E-002   3.0717373209220435E-002  -3.9800706269932228E-021
 Total Moment Coefficient(CMx, CMy, CMz)=
   6.1762065559038421E-003   7.6793433023051088E-003  -1.2306959748090218E-002
 Kstep, t=         328   328.00000000000000     
 ----------The Max Residuals are--------  ---Mesh---           1
    0.5119844538E-04    0.5101351156E-04    0.4212394875E-04    0.1897336289E-18    0.6225529732E-04
   The R.M.S Residuals are 
    0.7570805778E-05    0.9530576693E-05    0.5042085347E-05    0.7780126313E-20    0.9158334345E-05
 --------------Force and Moment -----------------------------
 Total Force Coefficient (CL, CD, CS) =
  -2.4602063194888838E-002   3.0604760640127245E-002  -4.0377654601954007E-021
 Total Moment Coefficient(CMx, CMy, CMz)=
   6.1505157987222147E-003   7.6511901600318111E-003  -1.2253772348782350E-002
 Kstep, t=         329   329.00000000000000     
 ----------The Max Residuals are--------  ---Mesh---           1
    0.5158056921E-04    0.4946908590E-04    0.4229426552E-04    0.1355189708E-18    0.6050344030E-04
   The R.M.S Residuals are 
    0.7528513050E-05    0.9456143650E-05    0.5007956174E-05    0.6936793587E-20    0.9078122299E-05
 --------------Force and Moment -----------------------------
 Total Force Coefficient (CL, CD, CS) =
  -2.4499784595190303E-002   3.0492784383066508E-002  -4.2199270384365395E-021
 Total Moment Coefficient(CMx, CMy, CMz)=
   6.1249461487975785E-003   7.6231960957666269E-003  -1.2200760167373393E-002
 Kstep, t=         330   330.00000000000000     
 ----------The Max Residuals are--------  ---Mesh---           1
    0.5192092606E-04    0.4796503328E-04    0.4242419554E-04    0.1897395226E-18    0.5880233893E-04
   The R.M.S Residuals are 
    0.7487384682E-05    0.9383134403E-05    0.4973553541E-05    0.7498676907E-20    0.8999762307E-05
 --------------Force and Moment -----------------------------
 Total Force Coefficient (CL, CD, CS) =
  -2.4397987910010251E-002   3.0381439515409066E-002  -4.3542851144351263E-021
 Total Moment Coefficient(CMx, CMy, CMz)=
   6.0994969775025635E-003   7.5953598788522664E-003  -1.2147920148367942E-002
 Kstep, t=         331   331.00000000000000     
 ----------The Max Residuals are--------  ---Mesh---           1
    0.5221968746E-04    0.4650145073E-04    0.4251593318E-04    0.1355244315E-18    0.5715125647E-04
   The R.M.S Residuals are 
    0.7447380703E-05    0.9311508184E-05    0.4938905050E-05    0.7331091366E-20    0.8923207566E-05
 --------------Force and Moment -----------------------------
 Total Force Coefficient (CL, CD, CS) =
  -2.4296670614037470E-002   3.0270721161875829E-002  -3.8407167320903255E-021
 Total Moment Coefficient(CMx, CMy, CMz)=
   6.0741676535093683E-003   7.5676802904689573E-003  -1.2095249214491547E-002
 Kstep, t=         332   332.00000000000000     
 ----------The Max Residuals are--------  ---Mesh---           1
    0.5247718359E-04    0.4507901541E-04    0.4257226192E-04    0.1626284389E-18    0.5554971357E-04
   The R.M.S Residuals are 
    0.7408461772E-05    0.9241225942E-05    0.4904039779E-05    0.7346531438E-20    0.8848411751E-05
 --------------Force and Moment -----------------------------
 Total Force Coefficient (CL, CD, CS) =
  -2.4195830171940970E-002   3.0160624493982324E-002  -3.8564042297444887E-021
 Total Moment Coefficient(CMx, CMy, CMz)=
   6.0489575429852425E-003   7.5401561234955811E-003  -1.2042744267924229E-002
 Kstep, t=         333   333.00000000000000     
 ----------The Max Residuals are--------  ---Mesh---           1
    0.5269392233E-04    0.4369915814E-04    0.4259617123E-04    0.1897364659E-18    0.5399784575E-04
   The R.M.S Residuals are 
    0.7370591171E-05    0.9172250754E-05    0.4868987200E-05    0.8439742063E-20    0.8775329960E-05
 --------------Force and Moment -----------------------------
 Total Force Coefficient (CL, CD, CS) =
  -2.4095464039230796E-002   3.0051144729498585E-002  -3.5526953338867431E-021
 Total Moment Coefficient(CMx, CMy, CMz)=
   6.0238660098076973E-003   7.5127861823746462E-003  -1.1990402191610235E-002
 Kstep, t=         334   334.00000000000000     
 ----------The Max Residuals are--------  ---Mesh---           1
    0.5287060089E-04    0.4236394269E-04    0.4259018823E-04    0.1355326839E-18    0.5249638266E-04
   The R.M.S Residuals are 
    0.7333735277E-05    0.9104547406E-05    0.4833776332E-05    0.7225512898E-20    0.8703918812E-05
 --------------Force and Moment -----------------------------
 Total Force Coefficient (CL, CD, CS) =
  -2.3995569663204992E-002   2.9942277131924933E-002  -3.9795261845172767E-021
 Total Moment Coefficient(CMx, CMy, CMz)=
   5.9988924158012463E-003   7.4855692829812331E-003  -1.1938219850650212E-002
 Kstep, t=         335   335.00000000000000     
 ----------The Max Residuals are--------  ---Mesh---           1
    0.5300810365E-04    0.4107555743E-04    0.4255559927E-04    0.1355287031E-18    0.5104603319E-04
   The R.M.S Residuals are 
    0.7297861903E-05    0.9038081898E-05    0.4798435455E-05    0.7657104672E-20    0.8634136053E-05
 --------------Force and Moment -----------------------------
 Total Force Coefficient (CL, CD, CS) =
  -2.3896144483989003E-002   2.9834017009983636E-002  -4.0467319753971122E-021
 Total Moment Coefficient(CMx, CMy, CMz)=
   5.9740361209972524E-003   7.4585042524959091E-003  -1.1886194093781546E-002
 Kstep, t=         336   336.00000000000000     
 ----------The Max Residuals are--------  ---Mesh---           1
    0.5310748049E-04    0.3983556582E-04    0.4249195914E-04    0.1084227505E-18    0.4964648282E-04
   The R.M.S Residuals are 
    0.7262938755E-05    0.8972820201E-05    0.4762992209E-05    0.6947249148E-20    0.8565939224E-05
 --------------Force and Moment -----------------------------
 Total Force Coefficient (CL, CD, CS) =
  -2.3797185935675761E-002   2.9726359717127233E-002  -3.8601268578408057E-021
 Total Moment Coefficient(CMx, CMy, CMz)=
   5.9492964839189377E-003   7.4315899292818084E-003  -1.1834321754953933E-002
 Kstep, t=         337   337.00000000000000     
 ----------The Max Residuals are--------  ---Mesh---           1
    0.5316990295E-04    0.3864429418E-04    0.4239736339E-04    0.1355304931E-18    0.4829568208E-04
   The R.M.S Residuals are 
    0.7228932684E-05    0.8908726897E-05    0.4727473953E-05    0.6968844139E-20    0.8499284145E-05
 --------------Force and Moment -----------------------------
 Total Force Coefficient (CL, CD, CS) =
  -2.3698691447573320E-002   2.9619300651063322E-002  -4.1472146975563702E-021
 Total Moment Coefficient(CMx, CMy, CMz)=
   5.9246728618933273E-003   7.4048251627658306E-003  -1.1782599655006606E-002
 Kstep, t=         338   338.00000000000000     
 ----------The Max Residuals are--------  ---Mesh---           1
    0.5319660054E-04    0.3750067936E-04    0.4226965734E-04    0.1355280891E-18    0.4699008032E-04
   The R.M.S Residuals are 
    0.7195809447E-05    0.8845765825E-05    0.4691908309E-05    0.7298164604E-20    0.8434124964E-05
 --------------Force and Moment -----------------------------
 Total Force Coefficient (CL, CD, CS) =
  -2.3600658445568759E-002   2.9512835253296951E-002  -4.3019815945043614E-021
 Total Moment Coefficient(CMx, CMy, CMz)=
   5.9001646113921889E-003   7.3782088133242376E-003  -1.1731024603454699E-002
 Kstep, t=         339   339.00000000000000     
 ----------The Max Residuals are--------  ---Mesh---           1
    0.5318878526E-04    0.3640250688E-04    0.4210810262E-04    0.1626433443E-18    0.4572572800E-04
   The R.M.S Residuals are 
    0.7163535351E-05    0.8783902095E-05    0.4656323453E-05    0.7544232399E-20    0.8370415414E-05
 --------------Force and Moment -----------------------------
 Total Force Coefficient (CL, CD, CS) =
  -2.3503084353615981E-002   2.9406959008690184E-002  -4.2210074990940702E-021
 Total Moment Coefficient(CMx, CMy, CMz)=
   5.8757710884039908E-003   7.3517397521725460E-003  -1.1679593400392201E-002
 Kstep, t=         340   340.00000000000000     
 ----------The Max Residuals are--------  ---Mesh---           1
    0.5319172889E-04    0.3534665185E-04    0.4191453178E-04    0.1355352373E-18    0.4449938268E-04
   The R.M.S Residuals are 
    0.7132080363E-05    0.8723102956E-05    0.4620747873E-05    0.7526311382E-20    0.8308109610E-05
 --------------Force and Moment -----------------------------
 Total Force Coefficient (CL, CD, CS) =
  -2.3405966595355994E-002   2.9301667445040071E-002  -3.9605836671671838E-021
 Total Moment Coefficient(CMx, CMy, CMz)=
   5.8514916488389959E-003   7.3254168612600177E-003  -1.1628302838519067E-002
 Kstep, t=         341   341.00000000000000     
 ----------The Max Residuals are--------  ---Mesh---           1
    0.5347481463E-04    0.3432912525E-04    0.4169326439E-04    0.1355307775E-18    0.4401232827E-04
   The R.M.S Residuals are 
    0.7101418916E-05    0.8663337745E-05    0.4585210015E-05    0.6232887015E-20    0.8247162591E-05
 --------------Force and Moment -----------------------------
 Total Force Coefficient (CL, CD, CS) =
  -2.3309302595877979E-002   2.9196956132674836E-002  -4.0124063985033768E-021
 Total Moment Coefficient(CMx, CMy, CMz)=
   5.8273256489694940E-003   7.2992390331687090E-003  -1.1577149705300787E-002
 Kstep, t=         342   342.00000000000000     
 ----------The Max Residuals are--------  ---Mesh---           1
    0.5372471484E-04    0.3366839592E-04    0.4144990409E-04    0.1355256221E-18    0.4417527358E-04
   The R.M.S Residuals are 
    0.7071527641E-05    0.8604578408E-05    0.4549738132E-05    0.6448339080E-20    0.8187531580E-05
 --------------Force and Moment -----------------------------
 Total Force Coefficient (CL, CD, CS) =
  -2.3213089783629473E-002   2.9092820684069199E-002  -4.1060796644632352E-021
 Total Moment Coefficient(CMx, CMy, CMz)=
   5.8032724459073622E-003   7.2732051710172997E-003  -1.1526130785268351E-002
 Kstep, t=         343   343.00000000000000     
 ----------The Max Residuals are--------  ---Mesh---           1
    0.5394141577E-04    0.3370745961E-04    0.4118977556E-04    0.1897374094E-18    0.4431422924E-04
   The R.M.S Residuals are 
    0.7042383423E-05    0.8546799593E-05    0.4514360061E-05    0.7769849003E-20    0.8129176960E-05
 --------------Force and Moment -----------------------------
 Total Force Coefficient (CL, CD, CS) =
  -2.3117325592484046E-002   2.8989256753478812E-002  -4.0957089429512994E-021
 Total Moment Coefficient(CMx, CMy, CMz)=
   5.7793313981210105E-003   7.2473141883697030E-003  -1.1475242862467018E-002
 Kstep, t=         344   344.00000000000000     
 ----------The Max Residuals are--------  ---Mesh---           1
    0.5412487963E-04    0.3381941739E-04    0.4091662814E-04    0.2439570370E-18    0.4442917088E-04
   The R.M.S Residuals are 
    0.7013962831E-05    0.8489977351E-05    0.4479102749E-05    0.7753976743E-20    0.8072061931E-05
 --------------Force and Moment -----------------------------
 Total Force Coefficient (CL, CD, CS) =
  -2.3022007463974634E-002   2.8886260036594703E-002  -4.0335822348569308E-021
 Total Moment Coefficient(CMx, CMy, CMz)=
   5.7555018659936567E-003   7.2215650091486758E-003  -1.1424482723062439E-002
 Kstep, t=         345   345.00000000000000     
 ----------The Max Residuals are--------  ---Mesh---           1
    0.5427503936E-04    0.3390959778E-04    0.4063177750E-04    0.1355253277E-18    0.4452007068E-04
   The R.M.S Residuals are 
    0.6986241454E-05    0.8434088061E-05    0.4443991803E-05    0.6879487906E-20    0.8016151591E-05
 --------------Force and Moment -----------------------------
 Total Force Coefficient (CL, CD, CS) =
  -2.2927132849700153E-002   2.8783826270217812E-002  -4.2805932442405845E-021
 Total Moment Coefficient(CMx, CMy, CMz)=
   5.7317832124250392E-003   7.1959565675544530E-003  -1.1373847158112325E-002
 Kstep, t=         346   346.00000000000000     
 ----------The Max Residuals are--------  ---Mesh---           1
    0.5439180583E-04    0.3397866110E-04    0.4033522470E-04    0.1626288912E-18    0.4477499903E-04
   The R.M.S Residuals are 
    0.6959193175E-05    0.8379108103E-05    0.4409051137E-05    0.7236135522E-20    0.7961412529E-05
 --------------Force and Moment -----------------------------
 Total Force Coefficient (CL, CD, CS) =
  -2.2832699213913506E-002   2.8681951231954179E-002  -3.9684904320519542E-021
 Total Moment Coefficient(CMx, CMy, CMz)=
   5.7081748034783740E-003   7.1704878079885447E-003  -1.1323332966512490E-002
 Kstep, t=         347   347.00000000000000     
 ----------The Max Residuals are--------  ---Mesh---           1
    0.5447508690E-04    0.3417951542E-04    0.4003195488E-04    0.1626303360E-18    0.4505774318E-04
   The R.M.S Residuals are 
    0.6932789088E-05    0.8325012410E-05    0.4374302818E-05    0.7104169316E-20    0.7907813414E-05
 --------------Force and Moment -----------------------------
 Total Force Coefficient (CL, CD, CS) =
  -2.2738704036297519E-002   2.8580630739931119E-002  -4.1999778982087694E-021
 Total Moment Coefficient(CMx, CMy, CMz)=
   5.6846760090743798E-003   7.1451576849827798E-003  -1.1272936958125250E-002
 Kstep, t=         348   348.00000000000000     
 ----------The Max Residuals are--------  ---Mesh---           1
    0.5454947543E-04    0.3439325651E-04    0.3973112537E-04    0.1355152000E-18    0.4531336885E-04
   The R.M.S Residuals are 
    0.6906998924E-05    0.8271773493E-05    0.4339767018E-05    0.6282640363E-20    0.7855323107E-05
 --------------Force and Moment -----------------------------
 Total Force Coefficient (CL, CD, CS) =
  -2.2645144814936138E-002   2.8479860652534651E-002  -4.3796143094881147E-021
 Total Moment Coefficient(CMx, CMy, CMz)=
   5.6612862037340372E-003   7.1199651631336626E-003  -1.1222655957098650E-002
 Kstep, t=         349   349.00000000000000     
 ----------The Max Residuals are--------  ---Mesh---           1
    0.5489560073E-04    0.3458845053E-04    0.3943396107E-04    0.1355311555E-18    0.4554200369E-04
   The R.M.S Residuals are 
    0.6881795485E-05    0.8219362982E-05    0.4305461794E-05    0.7211639964E-20    0.7803906763E-05
 --------------Force and Moment -----------------------------
 Total Force Coefficient (CL, CD, CS) =
  -2.2552019069486482E-002   2.8379636868168742E-002  -4.8341836324612871E-021
 Total Moment Coefficient(CMx, CMy, CMz)=
   5.6380047673716197E-003   7.0949092170421854E-003  -1.1172486805384315E-002
 Kstep, t=         350   350.00000000000000     
 ----------The Max Residuals are--------  ---Mesh---           1
    0.5520565248E-04    0.3476549037E-04    0.3913671015E-04    0.1897467959E-18    0.4574381881E-04
   The R.M.S Residuals are 
    0.6857152993E-05    0.8167751938E-05    0.4271403170E-05    0.7511516863E-20    0.7753527508E-05
 --------------Force and Moment -----------------------------
 Total Force Coefficient (CL, CD, CS) =
  -2.2459324344557587E-002   2.8279955325036240E-002  -4.8779730230585397E-021
 Total Moment Coefficient(CMx, CMy, CMz)=
   5.6148310861393949E-003   7.0699888312590600E-003  -1.1122426366461649E-002
 Kstep, t=         351   351.00000000000000     
 ----------The Max Residuals are--------  ---Mesh---           1
    0.5548002203E-04    0.3492467268E-04    0.3883659400E-04    0.1355244961E-18    0.4591899106E-04
   The R.M.S Residuals are 
    0.6833043444E-05    0.8116910292E-05    0.4237605816E-05    0.7111713242E-20    0.7704148744E-05
 --------------Force and Moment -----------------------------
 Total Force Coefficient (CL, CD, CS) =
  -2.2367058213300560E-002   2.8180812000942166E-002  -4.9906966381658829E-021
 Total Moment Coefficient(CMx, CMy, CMz)=
   5.5917645533251391E-003   7.0452030002355415E-003  -1.1072471529275422E-002
 Kstep, t=         352   352.00000000000000     
 ----------The Max Residuals are--------  ---Mesh---           1
    0.5571896028E-04    0.3506613430E-04    0.3853245053E-04    0.1626271496E-18    0.4606766921E-04
   The R.M.S Residuals are 
    0.6809435284E-05    0.8066807340E-05    0.4204083934E-05    0.7367844286E-20    0.7655734934E-05
 --------------Force and Moment -----------------------------
 Total Force Coefficient (CL, CD, CS) =
  -2.2275218281213920E-002   2.8082202913119095E-002  -4.3865010223246424E-021
 Total Moment Coefficient(CMx, CMy, CMz)=
   5.5688045703034834E-003   7.0205507282797737E-003  -1.1022619212393666E-002
 Kstep, t=         353   353.00000000000000     
 ----------The Max Residuals are--------  ---Mesh---           1
    0.5592254363E-04    0.3518981286E-04    0.3822544942E-04    0.1355318761E-18    0.4618994993E-04
   The R.M.S Residuals are 
    0.6786296727E-05    0.8017413788E-05    0.4170851615E-05    0.7171298915E-20    0.7608250344E-05
 --------------Force and Moment -----------------------------
 Total Force Coefficient (CL, CD, CS) =
  -2.2183802190167502E-002   2.7984124118075111E-002  -4.4249341100896893E-021
 Total Moment Coefficient(CMx, CMy, CMz)=
   5.5459505475418747E-003   6.9960310295187778E-003  -1.0972866368391660E-002
 Kstep, t=         354   354.00000000000000     
 ----------The Max Residuals are--------  ---Mesh---           1
    0.5609067237E-04    0.3529543873E-04    0.3791805525E-04    0.1355288291E-18    0.4628586814E-04
   The R.M.S Residuals are 
    0.6763599988E-05    0.7968703062E-05    0.4137922341E-05    0.7039212752E-20    0.7561658260E-05
 --------------Force and Moment -----------------------------
 Total Force Coefficient (CL, CD, CS) =
  -2.2092807622646631E-002   2.7886571711464088E-002  -4.4742346130565639E-021
 Total Moment Coefficient(CMx, CMy, CMz)=
   5.5232019056616569E-003   6.9716429278660220E-003  -1.0923209988467660E-002
 Kstep, t=         355   355.00000000000000     
 ----------The Max Residuals are--------  ---Mesh---           1
    0.5622310288E-04    0.3538256023E-04    0.3761148646E-04    0.1355394855E-18    0.4635540390E-04
   The R.M.S Residuals are 
    0.6741320243E-05    0.7920650471E-05    0.4105308369E-05    0.7014286050E-20    0.7515923444E-05
 --------------Force and Moment -----------------------------
 Total Force Coefficient (CL, CD, CS) =
  -2.2002232306218339E-002   2.7789541827978496E-002  -4.1886911954713554E-021
 Total Moment Coefficient(CMx, CMy, CMz)=
   5.5005580765545813E-003   6.9473854569946239E-003  -1.0873647107294701E-002
 Kstep, t=         356   356.00000000000000     
 ----------The Max Residuals are--------  ---Mesh---           1
    0.5631950982E-04    0.3545059965E-04    0.3730528540E-04    0.1626340482E-18    0.4639850512E-04
   The R.M.S Residuals are 
    0.6719433286E-05    0.7873232838E-05    0.4073020811E-05    0.7387298133E-20    0.7471013718E-05
 --------------Force and Moment -----------------------------
 Total Force Coefficient (CL, CD, CS) =
  -2.1912074018218715E-002   2.7693030641264417E-002  -3.8111517920084022E-021
 Total Moment Coefficient(CMx, CMy, CMz)=
   5.4780185045546805E-003   6.9232576603161042E-003  -1.0824174808112147E-002
 Kstep, t=         357   357.00000000000000     
 ----------The Max Residuals are--------  ---Mesh---           1
    0.5637957045E-04    0.3549893259E-04    0.3699827537E-04    0.1355349392E-18    0.4641512299E-04
   The R.M.S Residuals are 
    0.6697916643E-05    0.7826429572E-05    0.4041069825E-05    0.7317623159E-20    0.7426898738E-05
 --------------Force and Moment -----------------------------
 Total Force Coefficient (CL, CD, CS) =
  -2.1822330590661285E-002   2.7597034363858863E-002  -4.6743560213290503E-021
 Total Moment Coefficient(CMx, CMy, CMz)=
   5.4555826476653186E-003   6.8992585909647157E-003  -1.0774790228059689E-002
 Kstep, t=         358   358.00000000000000     
 ----------The Max Residuals are--------  ---Mesh---           1
    0.5640306023E-04    0.3552698069E-04    0.3668965429E-04    0.1355243087E-18    0.4640525512E-04
   The R.M.S Residuals are 
    0.6676751014E-05    0.7780223056E-05    0.4009464277E-05    0.6738223091E-20    0.7383549534E-05
 --------------Force and Moment -----------------------------
 Total Force Coefficient (CL, CD, CS) =
  -2.1732999915362993E-002   2.7501549247148826E-002  -4.2443858103716144E-021
 Total Moment Coefficient(CMx, CMy, CMz)=
   5.4332499788407483E-003   6.8753873117872065E-003  -1.0725490563755147E-002
 Kstep, t=         359   359.00000000000000     
 ----------The Max Residuals are--------  ---Mesh---           1
    0.5638994771E-04    0.3553430600E-04    0.3637935351E-04    0.1897414936E-18    0.4636899022E-04
   The R.M.S Residuals are 
    0.6655920113E-05    0.7734598167E-05    0.3978211326E-05    0.6996362548E-20    0.7340939433E-05
 --------------Force and Moment -----------------------------
 Total Force Coefficient (CL, CD, CS) =
  -2.1644079949284870E-002   2.7406571581351961E-002  -4.4336956562992122E-021
 Total Moment Coefficient(CMx, CMy, CMz)=
   5.4110199873212183E-003   6.8516428953379902E-003  -1.0676273077116372E-002
 Kstep, t=         360   360.00000000000000     
 ----------The Max Residuals are--------  ---Mesh---           1
    0.5634047664E-04    0.3552069531E-04    0.3606768890E-04    0.1355288388E-18    0.4630654850E-04
   The R.M.S Residuals are 
    0.6635410116E-05    0.7689541641E-05    0.3947316417E-05    0.6807185917E-20    0.7299044590E-05
 --------------Force and Moment -----------------------------
 Total Force Coefficient (CL, CD, CS) =
  -2.1555568720081939E-002   2.7312097695518307E-002  -4.0863524032016224E-021
 Total Moment Coefficient(CMx, CMy, CMz)=
   5.3888921800204883E-003   6.8280244238795767E-003  -1.0627135101426197E-002
 Kstep, t=         361   361.00000000000000     
 ----------The Max Residuals are--------  ---Mesh---           1
    0.5625522483E-04    0.3564929217E-04    0.3575495793E-04    0.1355340733E-18    0.4639048975E-04
   The R.M.S Residuals are 
    0.6615209722E-05    0.7645041355E-05    0.3916783573E-05    0.7125478596E-20    0.7257843068E-05
 --------------Force and Moment -----------------------------
 Total Force Coefficient (CL, CD, CS) =
  -2.1467464331856069E-002   2.7218123957552649E-002  -4.4352425050818748E-021
 Total Moment Coefficient(CMx, CMy, CMz)=
   5.3668660829640181E-003   6.8045309893881622E-003  -1.0578074047637883E-002
 Kstep, t=         362   362.00000000000000     
 ----------The Max Residuals are--------  ---Mesh---           1
    0.5640201653E-04    0.3588876305E-04    0.3544128401E-04    0.1897425663E-18    0.4668492995E-04
   The R.M.S Residuals are 
    0.6595310428E-05    0.7601085489E-05    0.3886615664E-05    0.6950592439E-20    0.7217313067E-05
 --------------Force and Moment -----------------------------
 Total Force Coefficient (CL, CD, CS) =
  -2.1379764971103686E-002   2.7124646774256685E-002  -4.5118127213564040E-021
 Total Moment Coefficient(CMx, CMy, CMz)=
   5.3449412427759224E-003   6.7811616935641713E-003  -1.0529087410917176E-002
 Kstep, t=         363   363.00000000000000     
 ----------The Max Residuals are--------  ---Mesh---           1
    0.5659142525E-04    0.3610892994E-04    0.3512669216E-04    0.1084226729E-18    0.4695250206E-04
   The R.M.S Residuals are 
    0.6575705182E-05    0.7557661218E-05    0.3856814430E-05    0.6242420514E-20    0.7177432298E-05
 --------------Force and Moment -----------------------------
 Total Force Coefficient (CL, CD, CS) =
  -2.1292468912849350E-002   2.7031662591390511E-002  -4.3506558836458272E-021
 Total Moment Coefficient(CMx, CMy, CMz)=
   5.3231172282123358E-003   6.7579156478476277E-003  -1.0480172777415220E-002
 Kstep, t=         364   364.00000000000000     
 ----------The Max Residuals are--------  ---Mesh---           1
    0.5674483670E-04    0.3630983105E-04    0.3481123306E-04    0.1355207532E-18    0.4719316294E-04
   The R.M.S Residuals are 
    0.6556386609E-05    0.7514753834E-05    0.3827380604E-05    0.6278593289E-20    0.7138178064E-05
 --------------Force and Moment -----------------------------
 Total Force Coefficient (CL, CD, CS) =
  -2.1205574526953607E-002   2.6939167893752326E-002  -4.1444180675237159E-021
 Total Moment Coefficient(CMx, CMy, CMz)=
   5.3013936317384018E-003   6.7347919734380814E-003  -1.0431327831265243E-002
 Kstep, t=         365   365.00000000000000     
 ----------The Max Residuals are--------  ---Mesh---           1
    0.5686236305E-04    0.3649155895E-04    0.3449503109E-04    0.1355259420E-18    0.4740692688E-04
   The R.M.S Residuals are 
    0.6537345686E-05    0.7472347195E-05    0.3798314379E-05    0.6533264370E-20    0.7099527697E-05
 --------------Force and Moment -----------------------------
 Total Force Coefficient (CL, CD, CS) =
  -2.1119080284583341E-002   2.6847159205275611E-002  -4.2609201218205573E-021
 Total Moment Coefficient(CMx, CMy, CMz)=
   5.2797700711458319E-003   6.7117898013189028E-003  -1.0382550361793948E-002
 Kstep, t=         366   366.00000000000000     
 ----------The Max Residuals are--------  ---Mesh---           1
    0.5708181842E-04    0.3665423745E-04    0.3417825273E-04    0.1626391971E-18    0.4759385825E-04
   The R.M.S Residuals are 
    0.6518571588E-05    0.7430425128E-05    0.3769615953E-05    0.6642960221E-20    0.7061459018E-05
 --------------Force and Moment -----------------------------
 Total Force Coefficient (CL, CD, CS) =
  -2.1032984764829909E-002   2.6755633089142635E-002  -4.2033377634560943E-021
 Total Moment Coefficient(CMx, CMy, CMz)=
   5.2582461912074824E-003   6.6889082722856588E-003  -1.0333838270936932E-002
 Kstep, t=         367   367.00000000000000     
 ----------The Max Residuals are--------  ---Mesh---           1
    0.5734537958E-04    0.3679799215E-04    0.3386104426E-04    0.1897377196E-18    0.4775406005E-04
   The R.M.S Residuals are 
    0.6500052825E-05    0.7388972716E-05    0.3741285769E-05    0.6817755186E-20    0.7023950371E-05
 --------------Force and Moment -----------------------------
 Total Force Coefficient (CL, CD, CS) =
  -2.0947286661459917E-002   2.6664586147913168E-002  -3.9782943639522297E-021
 Total Moment Coefficient(CMx, CMy, CMz)=
   5.2368216653649784E-003   6.6661465369782921E-003  -1.0285189580845544E-002
 Kstep, t=         368   368.00000000000000     
 ----------The Max Residuals are--------  ---Mesh---           1
    0.5757305659E-04    0.3692291950E-04    0.3354348731E-04    0.1084357980E-18    0.4788766010E-04
   The R.M.S Residuals are 
    0.6481777884E-05    0.7347976432E-05    0.3713324262E-05    0.6596172834E-20    0.6986980897E-05
 --------------Force and Moment -----------------------------
 Total Force Coefficient (CL, CD, CS) =
  -2.0861984789780692E-002   2.6574015023667047E-002  -4.0550073400125321E-021
 Total Moment Coefficient(CMx, CMy, CMz)=
   5.2154961974451696E-003   6.6435037559167617E-003  -1.0236602441670682E-002
 Kstep, t=         369   369.00000000000000     
 ----------The Max Residuals are--------  ---Mesh---           1
    0.5776504509E-04    0.3702906012E-04    0.3322558555E-04    0.1626394604E-18    0.4799479742E-04
   The R.M.S Residuals are 
    0.6463735000E-05    0.7307423427E-05    0.3685731446E-05    0.6801717256E-20    0.6950530963E-05
 --------------Force and Moment -----------------------------
 Total Force Coefficient (CL, CD, CS) =
  -2.0777078093602415E-002   2.6483916398159366E-002  -4.3573433499230115E-021
 Total Moment Coefficient(CMx, CMy, CMz)=
   5.1942695234006037E-003   6.6209790995398416E-003  -1.0188075139507431E-002
 Kstep, t=         370   370.00000000000000     
 ----------The Max Residuals are--------  ---Mesh---           1
    0.5792149726E-04    0.3711638258E-04    0.3290727813E-04    0.1355262086E-18    0.4807561195E-04
   The R.M.S Residuals are 
    0.6445911685E-05    0.7267301182E-05    0.3658506700E-05    0.6587208854E-20    0.6914582343E-05
 --------------Force and Moment -----------------------------
 Total Force Coefficient (CL, CD, CS) =
  -2.0692565652275820E-002   2.6394286992986599E-002  -4.1412708447658400E-021
 Total Moment Coefficient(CMx, CMy, CMz)=
   5.1731414130689549E-003   6.5985717482466497E-003  -1.0139606104482359E-002
 Kstep, t=         371   371.00000000000000     
 ----------The Max Residuals are--------  ---Mesh---           1
    0.5804252300E-04    0.3718478228E-04    0.3258846979E-04    0.1355338439E-18    0.4813024062E-04
   The R.M.S Residuals are 
    0.6428294227E-05    0.7227597700E-05    0.3631648697E-05    0.6242114501E-20    0.6879118337E-05
 --------------Force and Moment -----------------------------
 Total Force Coefficient (CL, CD, CS) =
  -2.0608446687783652E-002   2.6305123569762345E-002  -4.3374715150669782E-021
 Total Moment Coefficient(CMx, CMy, CMz)=
   5.1521116719459121E-003   6.5762808924405862E-003  -1.0091193918963312E-002
 Kstep, t=         372   372.00000000000000     
 ----------The Max Residuals are--------  ---Mesh---           1
    0.5812820866E-04    0.3723409751E-04    0.3226906017E-04    0.1355288226E-18    0.4815882148E-04
   The R.M.S Residuals are 
    0.6410867733E-05    0.7188301688E-05    0.3605155403E-05    0.6728230256E-20    0.6844123690E-05
 --------------Force and Moment -----------------------------
 Total Force Coefficient (CL, CD, CS) =
  -2.0524720571862609E-002   2.6216422930300749E-002  -4.1742047667567342E-021
 Total Moment Coefficient(CMx, CMy, CMz)=
   5.1311801429656549E-003   6.5541057325751873E-003  -1.0042837325870137E-002
 Kstep, t=         373   373.00000000000000     
 ----------The Max Residuals are--------  ---Mesh---           1
    0.5817865176E-04    0.3726414173E-04    0.3194895918E-04    0.1355305319E-18    0.4816150614E-04
   The R.M.S Residuals are 
    0.6393617117E-05    0.7149402580E-05    0.3579024160E-05    0.6334019449E-20    0.6809584037E-05
 --------------Force and Moment -----------------------------
 Total Force Coefficient (CL, CD, CS) =
  -2.0441386833130695E-002   2.6128181916805979E-002  -3.9282110117016042E-021
 Total Moment Coefficient(CMx, CMy, CMz)=
   5.1103467082826738E-003   6.5320454792014947E-003  -9.9945352370625993E-003
 Kstep, t=         374   374.00000000000000     
 ----------The Max Residuals are--------  ---Mesh---           1
    0.5828410901E-04    0.3727474781E-04    0.3162808764E-04    0.1084236261E-18    0.4824965362E-04
   The R.M.S Residuals are 
    0.6376528458E-05    0.7110890630E-05    0.3553251821E-05    0.6162561000E-20    0.6775485265E-05
 --------------Force and Moment -----------------------------
 Total Force Coefficient (CL, CD, CS) =
  -2.0358445164193720E-002   2.6040397412065791E-002  -4.2508286370443057E-021
 Total Moment Coefficient(CMx, CMy, CMz)=
   5.0896112910484310E-003   6.5100993530164478E-003  -9.9462867417802643E-003
 Kstep, t=         375   375.00000000000000     
 ----------The Max Residuals are--------  ---Mesh---           1
    0.5857766344E-04    0.3726581738E-04    0.3130637124E-04    0.1355328939E-18    0.4843281377E-04
   The R.M.S Residuals are 
    0.6359589974E-05    0.7072756961E-05    0.3527834846E-05    0.6371318873E-20    0.6741813360E-05
 --------------Force and Moment -----------------------------
 Total Force Coefficient (CL, CD, CS) =
  -2.0275895428703540E-002   2.5953066339647286E-002  -4.3381554279886476E-021
 Total Moment Coefficient(CMx, CMy, CMz)=
   5.0689738571758850E-003   6.4882665849118216E-003  -9.8980911151072826E-003
 Kstep, t=         376   376.00000000000000     
 ----------The Max Residuals are--------  ---Mesh---           1
    0.5883789919E-04    0.3723736768E-04    0.3098373597E-04    0.1355279211E-18    0.4859235502E-04
   The R.M.S Residuals are 
    0.6342792454E-05    0.7034993549E-05    0.3502769410E-05    0.6778118715E-20    0.6708554624E-05
 --------------Force and Moment -----------------------------
 Total Force Coefficient (CL, CD, CS) =
  -2.0193737668339189E-002   2.5866185664092826E-002  -4.4749116018361431E-021
 Total Moment Coefficient(CMx, CMy, CMz)=
   5.0484344170847982E-003   6.4665464160232064E-003  -9.8499478264337196E-003
 Kstep, t=         377   377.00000000000000     
 ----------The Max Residuals are--------  ---Mesh---           1
    0.5906444424E-04    0.3723347642E-04    0.3066011144E-04    0.1355277531E-18    0.4872801344E-04
   The R.M.S Residuals are 
    0.6326129319E-05    0.6997593155E-05    0.3478051550E-05    0.6242777318E-20    0.6675695785E-05
 --------------Force and Moment -----------------------------
 Total Force Coefficient (CL, CD, CS) =
  -2.0111972109681169E-002   2.5779752391113905E-002  -4.3105571748149551E-021
 Total Moment Coefficient(CMx, CMy, CMz)=
   5.0279930274202897E-003   6.4449380977784762E-003  -9.8018565478833371E-003
 Kstep, t=         378   378.00000000000000     
 ----------The Max Residuals are--------  ---Mesh---           1
    0.5925704430E-04    0.3734225059E-04    0.3033544323E-04    0.1355295884E-18    0.4883958534E-04
   The R.M.S Residuals are 
    0.6309596249E-05    0.6960549083E-05    0.3453677314E-05    0.6783529832E-20    0.6643223866E-05
 --------------Force and Moment -----------------------------
 Total Force Coefficient (CL, CD, CS) =
  -2.0030599170948231E-002   2.5693763567780956E-002  -4.3572390134629274E-021
 Total Moment Coefficient(CMx, CMy, CMz)=
   5.0076497927370577E-003   6.4234408919452389E-003  -9.7538171626766618E-003
 Kstep, t=         379   379.00000000000000     
 ----------The Max Residuals are--------  ---Mesh---           1
    0.5941559893E-04    0.3743297793E-04    0.3000971094E-04    0.1355251940E-18    0.4892694598E-04
   The R.M.S Residuals are 
    0.6293190265E-05    0.6923854845E-05    0.3429642882E-05    0.6222491341E-20    0.6611126066E-05
 --------------Force and Moment -----------------------------
 Total Force Coefficient (CL, CD, CS) =
  -1.9949619468564932E-002   2.5608216282706594E-002  -4.0915268858502582E-021
 Total Moment Coefficient(CMx, CMy, CMz)=
   4.9874048671412303E-003   6.4020540706766485E-003  -9.7058297733967416E-003
 Kstep, t=         380   380.00000000000000     
 ----------The Max Residuals are--------  ---Mesh---           1
    0.5954019055E-04    0.3750559324E-04    0.2968294526E-04    0.1897404951E-18    0.4899006548E-04
   The R.M.S Residuals are 
    0.6276908479E-05    0.6887504027E-05    0.3405944639E-05    0.6418594870E-20    0.6579389923E-05
 --------------Force and Moment -----------------------------
 Total Force Coefficient (CL, CD, CS) =
  -1.9869033823527858E-002   2.5523107666220471E-002  -4.0845155483386008E-021
 Total Moment Coefficient(CMx, CMy, CMz)=
   4.9672584558819611E-003   6.3807769165551177E-003  -9.6578947101241194E-003
 Kstep, t=         381   381.00000000000000     
 ----------The Max Residuals are--------  ---Mesh---           1
    0.5963110106E-04    0.3756018612E-04    0.2935523843E-04    0.1897355741E-18    0.4902901978E-04
   The R.M.S Residuals are 
    0.6260747178E-05    0.6851490389E-05    0.3382579204E-05    0.6917603006E-20    0.6548003641E-05
 --------------Force and Moment -----------------------------
 Total Force Coefficient (CL, CD, CS) =
  -1.9788843267538027E-002   2.5438434890532866E-002  -3.9631693538545300E-021
 Total Moment Coefficient(CMx, CMy, CMz)=
   4.9472108168845024E-003   6.3596087226332164E-003  -9.6100125384067491E-003
 Kstep, t=         382   382.00000000000000     
 ----------The Max Residuals are--------  ---Mesh---           1
    0.5968881109E-04    0.3759700262E-04    0.2902674584E-04    0.1084289140E-18    0.4904399467E-04
   The R.M.S Residuals are 
    0.6244701680E-05    0.6815808048E-05    0.3359543381E-05    0.6123812471E-20    0.6516956362E-05
 --------------Force and Moment -----------------------------
 Total Force Coefficient (CL, CD, CS) =
  -1.9709049048865765E-002   2.5354195169885053E-002  -4.1347305844883995E-021
 Total Moment Coefficient(CMx, CMy, CMz)=
   4.9272622622164404E-003   6.3385487924712634E-003  -9.5621840670293955E-003
 Kstep, t=         383   383.00000000000000     
 ----------The Max Residuals are--------  ---Mesh---           1
    0.5971397866E-04    0.3761642788E-04    0.2869767999E-04    0.1355245284E-18    0.4903528149E-04
   The R.M.S Residuals are 
    0.6228766779E-05    0.6780451671E-05    0.3336834040E-05    0.6446055062E-20    0.6486238274E-05
 --------------Force and Moment -----------------------------
 Total Force Coefficient (CL, CD, CS) =
  -1.9629652637915683E-002   2.5270385760684189E-002  -4.2221269996757272E-021
 Total Moment Coefficient(CMx, CMy, CMz)=
   4.9074131594789225E-003   6.3175964401710472E-003  -9.5144103555472124E-003
 Kstep, t=         384   384.00000000000000     
 ----------The Max Residuals are--------  ---Mesh---           1
    0.5970739699E-04    0.3761894913E-04    0.2836830063E-04    0.1355249865E-18    0.4900326373E-04
   The R.M.S Residuals are 
    0.6212937282E-05    0.6745416569E-05    0.3314447940E-05    0.6338215604E-20    0.6455840535E-05
 --------------Force and Moment -----------------------------
 Total Force Coefficient (CL, CD, CS) =
  -1.9550655732457789E-002   2.5187003961619790E-002  -4.2762910725227799E-021
 Total Moment Coefficient(CMx, CMy, CMz)=
   4.8876639331144455E-003   6.2967509904049476E-003  -9.4666927215471888E-003
 Kstep, t=         385   385.00000000000000     
 ----------The Max Residuals are--------  ---Mesh---           1
    0.5966993587E-04    0.3760510254E-04    0.2803890501E-04    0.1355305190E-18    0.4894839489E-04
   The R.M.S Residuals are 
    0.6197208164E-05    0.6710698576E-05    0.3292381543E-05    0.6739301113E-20    0.6425755035E-05
 --------------Force and Moment -----------------------------
 Total Force Coefficient (CL, CD, CS) =
  -1.9472060262492173E-002   2.5104047113760308E-002  -4.2166071888097964E-021
 Total Moment Coefficient(CMx, CMy, CMz)=
   4.8680150656230407E-003   6.2760117784400769E-003  -9.4190327476014520E-003
 Kstep, t=         386   386.00000000000000     
 ----------The Max Residuals are--------  ---Mesh---           1
    0.5960247502E-04    0.3757541140E-04    0.2770982116E-04    0.1355337736E-18    0.4887116986E-04
   The R.M.S Residuals are 
    0.6181574256E-05    0.6676293704E-05    0.3270630864E-05    0.7001951596E-20    0.6395974026E-05
 --------------Force and Moment -----------------------------
 Total Force Coefficient (CL, CD, CS) =
  -1.9393868394714530E-002   2.5021512600626516E-002  -4.2191252437749377E-021
 Total Moment Coefficient(CMx, CMy, CMz)=
   4.8484670986786299E-003   6.2553781501566291E-003  -9.3714322878762496E-003
 Kstep, t=         387   387.00000000000000     
 ----------The Max Residuals are--------  ---Mesh---           1
    0.5950584113E-04    0.3753032652E-04    0.2738140494E-04    0.1355319668E-18    0.4877209387E-04
   The R.M.S Residuals are 
    0.6166029751E-05    0.6642197634E-05    0.3249191376E-05    0.6374949519E-20    0.6366489704E-05
 --------------Force and Moment -----------------------------
 Total Force Coefficient (CL, CD, CS) =
  -1.9316082536550511E-002   2.4939397848240449E-002  -4.0056023046193736E-021
 Total Moment Coefficient(CMx, CMy, CMz)=
   4.8290206341376277E-003   6.2348494620601122E-003  -9.3238934743606235E-003
 Kstep, t=         388   388.00000000000000     
 ----------The Max Residuals are--------  ---Mesh---           1
    0.5938076016E-04    0.3747017989E-04    0.2705403978E-04    0.1355312686E-18    0.4865165425E-04
   The R.M.S Residuals are 
    0.6150567808E-05    0.6608405207E-05    0.3228058012E-05    0.6458032469E-20    0.6337293858E-05
 --------------Force and Moment -----------------------------
 Total Force Coefficient (CL, CD, CS) =
  -1.9238705339727612E-002   2.4857700325146642E-002  -4.1617217801014111E-021
 Total Moment Coefficient(CMx, CMy, CMz)=
   4.8096763349319057E-003   6.2144250812866605E-003  -9.2764187226795202E-003
 Kstep, t=         389   389.00000000000000     
 ----------The Max Residuals are--------  ---Mesh---           1
    0.5922783352E-04    0.3739516089E-04    0.2672813698E-04    0.1355417958E-18    0.4851030086E-04
   The R.M.S Residuals are 
    0.6135180480E-05    0.6574910144E-05    0.3207225228E-05    0.6164450706E-20    0.6308377705E-05
 --------------Force and Moment -----------------------------
 Total Force Coefficient (CL, CD, CS) =
  -1.9161739703354452E-002   2.4776417542404401E-002  -4.0671364513166524E-021
 Total Moment Coefficient(CMx, CMy, CMz)=
   4.7904349258386094E-003   6.1941043856011003E-003  -9.2290107374563019E-003
 Kstep, t=         390   390.00000000000000     
 ----------The Max Residuals are--------  ---Mesh---           1
    0.5904754256E-04    0.3730531982E-04    0.2640413389E-04    0.1355295367E-18    0.4834843930E-04
   The R.M.S Residuals are 
    0.6119859070E-05    0.6541705164E-05    0.3186687136E-05    0.6091002577E-20    0.6279731938E-05
 --------------Force and Moment -----------------------------
 Total Force Coefficient (CL, CD, CS) =
  -1.9085188776478149E-002   2.4695547053548369E-002  -4.0691086317630009E-021
 Total Moment Coefficient(CMx, CMy, CMz)=
   4.7712971941195415E-003   6.1738867633870922E-003  -9.1816725171909308E-003
 Kstep, t=         391   391.00000000000000     
 ----------The Max Residuals are--------  ---Mesh---           1
    0.5907149541E-04    0.3720059838E-04    0.2608248838E-04    0.1084318236E-18    0.4821913451E-04
   The R.M.S Residuals are 
    0.6104594915E-05    0.6508782506E-05    0.3166437647E-05    0.6154194886E-20    0.6251346955E-05
 --------------Force and Moment -----------------------------
 Total Force Coefficient (CL, CD, CS) =
  -1.9009055960092565E-002   2.4615086454515586E-002  -3.6542691266456220E-021
 Total Moment Coefficient(CMx, CMy, CMz)=
   4.7522639900231438E-003   6.1537716136288965E-003  -9.1344073586208576E-003
 Kstep, t=         392   392.00000000000000     
 ----------The Max Residuals are--------  ---Mesh---           1
    0.5912498899E-04    0.3708088167E-04    0.2576366860E-04    0.1084213546E-18    0.4823633741E-04
   The R.M.S Residuals are 
    0.6089380389E-05    0.6476134709E-05    0.3146470593E-05    0.5955775751E-20    0.6223213172E-05
 --------------Force and Moment -----------------------------
 Total Force Coefficient (CL, CD, CS) =
  -1.8933344908570446E-002   2.4535033383537304E-002  -3.8633143960338055E-021
 Total Moment Coefficient(CMx, CMy, CMz)=
   4.7333362271426089E-003   6.1337583458843260E-003  -9.0872188605329585E-003
 Kstep, t=         393   393.00000000000000     
 ----------The Max Residuals are--------  ---Mesh---           1
    0.5915046205E-04    0.3694606279E-04    0.2544813886E-04    0.1355229063E-18    0.4823323368E-04
   The R.M.S Residuals are 
    0.6074209763E-05    0.6443755410E-05    0.3126779812E-05    0.5769065503E-20    0.6195321346E-05
 --------------Force and Moment -----------------------------
 Total Force Coefficient (CL, CD, CS) =
  -1.8858059530495720E-002   2.4455385520993390E-002  -3.8410899821267242E-021
 Total Moment Coefficient(CMx, CMy, CMz)=
   4.7145148826239274E-003   6.1138463802483476E-003  -9.0401109269963899E-003
 Kstep, t=         394   394.00000000000000     
 ----------The Max Residuals are--------  ---Mesh---           1
    0.5914791780E-04    0.3679610891E-04    0.2534752647E-04    0.1355335789E-18    0.4820977214E-04
   The R.M.S Residuals are 
    0.6059079566E-05    0.6411639851E-05    0.3107359177E-05    0.5831400661E-20    0.6167662849E-05
 --------------Force and Moment -----------------------------
 Total Force Coefficient (CL, CD, CS) =
  -1.8783203988872964E-002   2.4376140589227904E-002  -4.1810566980112868E-021
 Total Moment Coefficient(CMx, CMy, CMz)=
   4.6958009972182394E-003   6.0940351473069759E-003  -8.9930877699877874E-003
 Kstep, t=         395   395.00000000000000     
 ----------The Max Residuals are--------  ---Mesh---           1
    0.5911739167E-04    0.3674514537E-04    0.2531028408E-04    0.1355323995E-18    0.4816592904E-04
   The R.M.S Residuals are 
    0.6043988258E-05    0.6379784865E-05    0.3088202602E-05    0.6254980271E-20    0.6140229812E-05
 --------------Force and Moment -----------------------------
 Total Force Coefficient (CL, CD, CS) =
  -1.8708782700693660E-002   2.4297296352324298E-002  -4.1937518610135619E-021
 Total Moment Coefficient(CMx, CMy, CMz)=
   4.6771956751734149E-003   6.0743240880810744E-003  -8.9461539113820081E-003
 Kstep, t=         396   396.00000000000000     
 ----------The Max Residuals are--------  ---Mesh---           1
    0.5905898508E-04    0.3672550887E-04    0.2526290984E-04    0.1355250648E-18    0.4810172928E-04
   The R.M.S Residuals are 
    0.6028935355E-05    0.6348188346E-05    0.3069304034E-05    0.6208460414E-20    0.6113015143E-05
 --------------Force and Moment -----------------------------
 Total Force Coefficient (CL, CD, CS) =
  -1.8634800335840522E-002   2.4218850615838512E-002  -4.3885045934199002E-021
 Total Moment Coefficient(CMx, CMy, CMz)=
   4.6587000839601340E-003   6.0547126539596281E-003  -8.8993141842837169E-003
 Kstep, t=         397   397.00000000000000     
 ----------The Max Residuals are--------  ---Mesh---           1
    0.5897289975E-04    0.3669096783E-04    0.2520550439E-04    0.1084160426E-18    0.4801726756E-04
   The R.M.S Residuals are 
    0.6013920329E-05    0.6316848456E-05    0.3050657433E-05    0.5612688088E-20    0.6086012428E-05
 --------------Force and Moment -----------------------------
 Total Force Coefficient (CL, CD, CS) =
  -1.8561261815314402E-002   2.4140801226489105E-002  -4.1520767991024535E-021
 Total Moment Coefficient(CMx, CMy, CMz)=
   4.6403154538285996E-003   6.0352003066222763E-003  -8.8525737336769394E-003
 Kstep, t=         398   398.00000000000000     
 ----------The Max Residuals are--------  ---Mesh---           1
    0.5885946664E-04    0.3664155972E-04    0.2513820556E-04    0.1084280432E-18    0.4791272627E-04
   The R.M.S Residuals are 
    0.5998941740E-05    0.6285762916E-05    0.3032256743E-05    0.5789238149E-20    0.6059215793E-05
 --------------Force and Moment -----------------------------
 Total Force Coefficient (CL, CD, CS) =
  -1.8488172308769278E-002   2.4063146071802977E-002  -3.7083417785643867E-021
 Total Moment Coefficient(CMx, CMy, CMz)=
   4.6220430771923195E-003   6.0157865179507443E-003  -8.8059380163724096E-003
 Kstep, t=         399   399.00000000000000     
 ----------The Max Residuals are--------  ---Mesh---           1
    0.5871916389E-04    0.3657744031E-04    0.2506119027E-04    0.8132401959E-19    0.4778838736E-04
   The R.M.S Residuals are 
    0.5983996863E-05    0.6254928669E-05    0.3014095862E-05    0.5479775599E-20    0.6032619763E-05
 --------------Force and Moment -----------------------------
 Total Force Coefficient (CL, CD, CS) =
  -1.8415537231345126E-002   2.3985883079715956E-002  -3.9106080782791967E-021
 Total Moment Coefficient(CMx, CMy, CMz)=
   4.6038843078362807E-003   5.9964707699289889E-003  -8.7594128002343747E-003
 Kstep, t=         400   400.00000000000000     
 ----------The Max Residuals are--------  ---Mesh---           1
    0.5855261863E-04    0.3649888682E-04    0.2497467507E-04    0.8131977705E-19    0.4764463592E-04
   The R.M.S Residuals are 
    0.5969081904E-05    0.6224341990E-05    0.2996168618E-05    0.5779131550E-20    0.6006219157E-05
 write flow3d.dat ......
 write flow3d.dat OK
 Output Ts to Ts_block_2.dat
 write VTK files ......
 write VTK files OK
  flow chunk done, Kstep=         400  tt=   400.00000000000000     
   GS iter           1  res=   2.8930884732289996E-003  Ts(1,1,1)=   738.28959516992882       Ts(nx-1,ny-1,1)=   352.35641020668231     
   GS iter           2  res=   2.8930693767961202E-003  Ts(1,1,1)=   738.28670210055202       Ts(nx-1,ny-1,1)=   352.35606460436424     
   GS iter           3  res=   2.8930502802495539E-003  Ts(1,1,1)=   738.28380905027177       Ts(nx-1,ny-1,1)=   352.35571900432780     
   GS iter           4  res=   2.8930311841577350E-003  Ts(1,1,1)=   738.28091601908761       Ts(nx-1,ny-1,1)=   352.35537340657243     
   GS iter           5  res=   2.8930120877248555E-003  Ts(1,1,1)=   738.27802300699989       Ts(nx-1,ny-1,1)=   352.35502781109835     
 Solid solver Block           2  GS iterations:       20001  final res:   2.5353101004839118E-003
   DBG: Ts(1,1,1)=   684.08718952995468       Ts(nx/2,ny/2,1)=   682.64924750761338       Ts(nx-1,ny-1,1)=   345.88147497577347     
  solid chunk done, outer iter           2  max|dT_w|=   54.205477627182063       K  T_w range [   684.07854818985038      ,   684.08845718500493      ]  max|q_w|=   126765.50502476527     
  outer iter           3 : flow chunk steps =         100
 --------------Force and Moment -----------------------------
 Total Force Coefficient (CL, CD, CS) =
  -1.8343362239789184E-002   2.3909010218127361E-002  -3.8305196657869136E-021
 Total Moment Coefficient(CMx, CMy, CMz)=
   4.5858405599472985E-003   5.9772525545318403E-003  -8.7130041626715983E-003
 Kstep, t=         401   401.00000000000000     
 ----------The Max Residuals are--------  ---Mesh---           1
    0.5836059107E-04    0.3640628405E-04    0.2487891466E-04    0.1355328228E-18    0.4748195410E-04
   The R.M.S Residuals are 
    0.5954192610E-05    0.6193998897E-05    0.2978468768E-05    0.5744132175E-20    0.5980009003E-05
 --------------Force and Moment -----------------------------
 Total Force Coefficient (CL, CD, CS) =
  -1.8271653227860701E-002   2.3832525494407841E-002  -3.9007232524177904E-021
 Total Moment Coefficient(CMx, CMy, CMz)=
   4.5679133069651788E-003   5.9581313736019603E-003  -8.6667184883793616E-003
 Kstep, t=         402   402.00000000000000     
 ----------The Max Residuals are--------  ---Mesh---           1
    0.5814394273E-04    0.3630009500E-04    0.2477419802E-04    0.1355229257E-18    0.4730090545E-04
   The R.M.S Residuals are 
    0.5939324960E-05    0.6163895605E-05    0.2960990017E-05    0.6129896868E-20    0.5953984481E-05
 --------------Force and Moment -----------------------------
 Total Force Coefficient (CL, CD, CS) =
  -1.8200416321015211E-002   2.3756426954860296E-002  -3.6485478115689107E-021
 Total Moment Coefficient(CMx, CMy, CMz)=
   4.5501040802538037E-003   5.9391067387150739E-003  -8.6205624663224251E-003
 Kstep, t=         403   403.00000000000000     
 ----------The Max Residuals are--------  ---Mesh---           1
    0.5790359464E-04    0.3618082152E-04    0.2466084207E-04    0.1084183819E-18    0.4710211160E-04
   The R.M.S Residuals are 
    0.5924475617E-05    0.6134028767E-05    0.2943726084E-05    0.5852562816E-20    0.5928140839E-05
 --------------Force and Moment -----------------------------
 Total Force Coefficient (CL, CD, CS) =
  -1.8129657870368555E-002   2.3680712684133451E-002  -3.7118275851260119E-021
 Total Moment Coefficient(CMx, CMy, CMz)=
   4.5324144675921389E-003   5.9201781710333627E-003  -8.5745430859513680E-003
 Kstep, t=         404   404.00000000000000     
 ----------The Max Residuals are--------  ---Mesh---           1
    0.5764048321E-04    0.3604896229E-04    0.2453918346E-04    0.1355329359E-18    0.4688622507E-04
   The R.M.S Residuals are 
    0.5909642033E-05    0.6104395422E-05    0.2926670774E-05    0.6199192775E-20    0.5902473333E-05
 --------------Force and Moment -----------------------------
 Total Force Coefficient (CL, CD, CS) =
  -1.8059384445943214E-002   2.3605380804588051E-002  -3.4513253735926672E-021
 Total Moment Coefficient(CMx, CMy, CMz)=
   4.5148461114858035E-003   5.9013452011470128E-003  -8.5286676326477382E-003
 Kstep, t=         405   405.00000000000000     
 ----------The Max Residuals are--------  ---Mesh---           1
    0.5735552169E-04    0.3590497619E-04    0.2440956934E-04    0.1355259275E-18    0.4665390274E-04
   The R.M.S Residuals are 
    0.5894822279E-05    0.6074992782E-05    0.2909818069E-05    0.5904723319E-20    0.5876977187E-05
 --------------Force and Moment -----------------------------
 Total Force Coefficient (CL, CD, CS) =
  -1.7989602829201895E-002   2.3530429475615868E-002  -4.0365862721536694E-021
 Total Moment Coefficient(CMx, CMy, CMz)=
   4.4974007073004781E-003   5.8826073689039670E-003  -8.4829436823961706E-003
 Kstep, t=         406   406.00000000000000     
 ----------The Max Residuals are--------  ---Mesh---           1
    0.5704957355E-04    0.3574925758E-04    0.2427234823E-04    0.1355268225E-18    0.4640578494E-04
   The R.M.S Residuals are 
    0.5880014739E-05    0.6045817988E-05    0.2893162214E-05    0.6064254906E-20    0.5851647616E-05
 --------------Force and Moment -----------------------------
 Total Force Coefficient (CL, CD, CS) =
  -1.7920320004877140E-002   2.3455856892911790E-002  -3.9727711952596099E-021
 Total Moment Coefficient(CMx, CMy, CMz)=
   4.4800800012192842E-003   5.8639642232279476E-003  -8.4373790956848802E-003
 Kstep, t=         407   407.00000000000000     
 ----------The Max Residuals are--------  ---Mesh---           1
    0.5695651484E-04    0.3558212718E-04    0.2412786239E-04    0.1084244759E-18    0.4614248350E-04
   The R.M.S Residuals are 
    0.5865217866E-05    0.6016867979E-05    0.2876697778E-05    0.5567318922E-20    0.5826479886E-05
 --------------Force and Moment -----------------------------
 Total Force Coefficient (CL, CD, CS) =
  -1.7851543152107359E-002   2.3381661287699401E-002  -3.9015000931981768E-021
 Total Moment Coefficient(CMx, CMy, CMz)=
   4.4628857880268389E-003   5.8454153219248501E-003  -8.3919820106383679E-003
 Kstep, t=         408   408.00000000000000     
 ----------The Max Residuals are--------  ---Mesh---           1
    0.5685038850E-04    0.3540383951E-04    0.2397644255E-04    0.1355324738E-18    0.4600832204E-04
   The R.M.S Residuals are 
    0.5850430140E-05    0.5988139592E-05    0.2860419684E-05    0.5853562621E-20    0.5801469399E-05
 --------------Force and Moment -----------------------------
 Total Force Coefficient (CL, CD, CS) =
  -1.7783279634893942E-002   2.3307840925911011E-002  -3.8995859235226626E-021
 Total Moment Coefficient(CMx, CMy, CMz)=
   4.4458199087234864E-003   5.8269602314777527E-003  -8.3467608353896949E-003
 Kstep, t=         409   409.00000000000000     
 ----------The Max Residuals are--------  ---Mesh---           1
    0.5672227206E-04    0.3521460449E-04    0.2387016748E-04    0.1084247684E-18    0.4590171147E-04
   The R.M.S Residuals are 
    0.5835650220E-05    0.5959629792E-05    0.2844323207E-05    0.5894971247E-20    0.5776611776E-05
 --------------Force and Moment -----------------------------
 Total Force Coefficient (CL, CD, CS) =
  -1.7715536991895264E-002   2.3234394107322615E-002  -3.6426703236764670E-021
 Total Moment Coefficient(CMx, CMy, CMz)=
   4.4288842479738152E-003   5.8085985268306536E-003  -8.3017242397020914E-003
 Kstep, t=         410   410.00000000000000     
 ----------The Max Residuals are--------  ---Mesh---           1
    0.5657259536E-04    0.3501461851E-04    0.2379976931E-04    0.1355268096E-18    0.4577913951E-04
   The R.M.S Residuals are 
    0.5820877088E-05    0.5931335889E-05    0.2828403936E-05    0.6089576013E-20    0.5751902913E-05
 --------------Force and Moment -----------------------------
 Total Force Coefficient (CL, CD, CS) =
  -1.7648322925577352E-002   2.3161319164645196E-002  -3.6494428287195361E-021
 Total Moment Coefficient(CMx, CMy, CMz)=
   4.4120807313943371E-003   5.7903297911612991E-003  -8.2568811458530178E-003
 Kstep, t=         411   411.00000000000000     
 ----------The Max Residuals are--------  ---Mesh---           1
    0.5640178712E-04    0.3481581722E-04    0.2372131927E-04    0.1897365951E-18    0.4564078921E-04
   The R.M.S Residuals are 
    0.5806110047E-05    0.5903255565E-05    0.2812657721E-05    0.6100274170E-20    0.5727338983E-05
 --------------Force and Moment -----------------------------
 Total Force Coefficient (CL, CD, CS) =
  -1.7581645290743020E-002   2.3088614462573372E-002  -3.7588987094212041E-021
 Total Moment Coefficient(CMx, CMy, CMz)=
   4.3954113226857550E-003   5.7721536156433431E-003  -8.2122407187962630E-003
 Kstep, t=         412   412.00000000000000     
 ----------The Max Residuals are--------  ---Mesh---           1
    0.5621027726E-04    0.3472568898E-04    0.2363497349E-04    0.1355326839E-18    0.4548685924E-04
   The R.M.S Residuals are 
    0.5791348504E-05    0.5875386715E-05    0.2797080619E-05    0.5662071874E-20    0.5702916409E-05
 --------------Force and Moment -----------------------------
 Total Force Coefficient (CL, CD, CS) =
  -1.7515512082463693E-002   2.3016278396792930E-002  -3.6061274035990375E-021
 Total Moment Coefficient(CMx, CMy, CMz)=
   4.3788780206159266E-003   5.7540695991982324E-003  -8.1678123556206579E-003
 Kstep, t=         413   413.00000000000000     
 ----------The Max Residuals are--------  ---Mesh---           1
    0.5599850367E-04    0.3462463635E-04    0.2354090861E-04    0.1897349819E-18    0.4531757446E-04
   The R.M.S Residuals are 
    0.5776591668E-05    0.5847727208E-05    0.2781668835E-05    0.6150451085E-20    0.5678631829E-05
 --------------Force and Moment -----------------------------
 Total Force Coefficient (CL, CD, CS) =
  -1.7449931423440861E-002   2.2944309392948583E-002  -3.8496644550209035E-021
 Total Moment Coefficient(CMx, CMy, CMz)=
   4.3624828558602126E-003   5.7360773482371457E-003  -8.1236056743266213E-003
 Kstep, t=         414   414.00000000000000     
 ----------The Max Residuals are--------  ---Mesh---           1
    0.5576692263E-04    0.3451280534E-04    0.2343932011E-04    0.8132087565E-19    0.4513319684E-04
   The R.M.S Residuals are 
    0.5761838343E-05    0.5820274728E-05    0.2766418676E-05    0.5454358168E-20    0.5654482079E-05
 --------------Force and Moment -----------------------------
 Total Force Coefficient (CL, CD, CS) =
  -1.7384911550825912E-002   2.2872705905574078E-002  -3.6421277523392607E-021
 Total Moment Coefficient(CMx, CMy, CMz)=
   4.3462278877064763E-003   5.7181764763935194E-003  -8.0796305019442891E-003
 Kstep, t=         415   415.00000000000000     
 ----------The Max Residuals are--------  ---Mesh---           1
    0.5551602070E-04    0.3439035874E-04    0.2333042207E-04    0.1355260729E-18    0.4493403514E-04
   The R.M.S Residuals are 
    0.5747086907E-05    0.5793026780E-05    0.2751326512E-05    0.5295110611E-20    0.5630464178E-05
 --------------Force and Moment -----------------------------
 Total Force Coefficient (CL, CD, CS) =
  -1.7320460802529903E-002   2.2801466416986060E-002  -3.4020426000453502E-021
 Total Moment Coefficient(CMx, CMy, CMz)=
   4.3301152006324775E-003   5.7003666042465149E-003  -8.0358968620193368E-003
 Kstep, t=         416   416.00000000000000     
 ----------The Max Residuals are--------  ---Mesh---           1
    0.5524632519E-04    0.3425748661E-04    0.2321444787E-04    0.1084289043E-18    0.4472045171E-04
   The R.M.S Residuals are 
    0.5732335511E-05    0.5765980840E-05    0.2736388749E-05    0.5874778930E-20    0.5606575325E-05
 --------------Force and Moment -----------------------------
 Total Force Coefficient (CL, CD, CS) =
  -1.7256587603055651E-002   2.2730589436144047E-002  -3.1694572168511409E-021
 Total Moment Coefficient(CMx, CMy, CMz)=
   4.3141469007639119E-003   5.6826473590360117E-003  -7.9924149614951871E-003
 Kstep, t=         417   417.00000000000000     
 ----------The Max Residuals are--------  ---Mesh---           1
    0.5495841091E-04    0.3411441276E-04    0.2309165115E-04    0.1355284026E-18    0.4449286516E-04
   The R.M.S Residuals are 
    0.5717582384E-05    0.5739134574E-05    0.2721601825E-05    0.5861835660E-20    0.5582812896E-05
 --------------Force and Moment -----------------------------
 Total Force Coefficient (CL, CD, CS) =
  -1.7193300448887242E-002   2.2660073497478523E-002  -3.1253469033160065E-021
 Total Moment Coefficient(CMx, CMy, CMz)=
   4.2983251122218130E-003   5.6650183743696307E-003  -7.9491951770220854E-003
 Kstep, t=         418   418.00000000000000     
 ----------The Max Residuals are--------  ---Mesh---           1
    0.5465290169E-04    0.3396139601E-04    0.2296230616E-04    0.1084271707E-18    0.4425174805E-04
   The R.M.S Residuals are 
    0.5702826154E-05    0.5712486031E-05    0.2706962215E-05    0.5948496153E-20    0.5559174448E-05
 --------------Force and Moment -----------------------------
 Total Force Coefficient (CL, CD, CS) =
  -1.7130607893473475E-002   2.2589917159689433E-002  -3.4270433628281191E-021
 Total Moment Coefficient(CMx, CMy, CMz)=
   4.2826519733683687E-003   5.6474792899223582E-003  -7.9062480407257850E-003
 Kstep, t=         419   419.00000000000000     
 ----------The Max Residuals are--------  ---Mesh---           1
    0.5433046653E-04    0.3379872643E-04    0.2282670675E-04    0.1084218716E-18    0.4399762006E-04
   The R.M.S Residuals are 
    0.5688066096E-05    0.5686033747E-05    0.2692466465E-05    0.5483331389E-20    0.5535657712E-05
 --------------Force and Moment -----------------------------
 Total Force Coefficient (CL, CD, CS) =
  -1.7068518531842443E-002   2.2520119004517444E-002  -3.2448065397041565E-021
 Total Moment Coefficient(CMx, CMy, CMz)=
   4.2671296329606107E-003   5.6300297511293609E-003  -7.8635842254702448E-003
 Kstep, t=         420   420.00000000000000     
 ----------The Max Residuals are--------  ---Mesh---           1
    0.5399181115E-04    0.3362671738E-04    0.2268516365E-04    0.1355293719E-18    0.4373103767E-04
   The R.M.S Residuals are 
    0.5673302279E-05    0.5659776760E-05    0.2678111217E-05    0.5633115875E-20    0.5512260575E-05
 --------------Force and Moment -----------------------------
 Total Force Coefficient (CL, CD, CS) =
  -1.7007040984886833E-002   2.2450677635490395E-002  -3.4703299670050155E-021
 Total Moment Coefficient(CMx, CMy, CMz)=
   4.2517602462217126E-003   5.6126694088725988E-003  -7.8212145296506462E-003
 Kstep, t=         421   421.00000000000000     
 ----------The Max Residuals are--------  ---Mesh---           1
    0.5363766693E-04    0.3344569553E-04    0.2253800003E-04    0.1355316144E-18    0.4345258230E-04
   The R.M.S Residuals are 
    0.5658535531E-05    0.5633714512E-05    0.2663893248E-05    0.5674847898E-20    0.5488981048E-05
 --------------Force and Moment -----------------------------
 Total Force Coefficient (CL, CD, CS) =
  -1.6946183883359445E-002   2.2381591676647775E-002  -3.4476726901204665E-021
 Total Moment Coefficient(CMx, CMy, CMz)=
   4.2365459708398620E-003   5.5953979191619438E-003  -7.7791498615540113E-003
 Kstep, t=         422   422.00000000000000     
 ----------The Max Residuals are--------  ---Mesh---           1
    0.5339123257E-04    0.3325599101E-04    0.2238554592E-04    0.1355275334E-18    0.4316284894E-04
   The R.M.S Residuals are 
    0.5643767226E-05    0.5607846649E-05    0.2649809497E-05    0.5631716087E-20    0.5465817234E-05
 --------------Force and Moment -----------------------------
 Total Force Coefficient (CL, CD, CS) =
  -1.6885955851620029E-002   2.2312859771245339E-002  -3.0742455749116952E-021
 Total Moment Coefficient(CMx, CMy, CMz)=
   4.2214889629050090E-003   5.5782149428113348E-003  -7.7374012233268124E-003
 Kstep, t=         423   423.00000000000000     
 ----------The Max Residuals are--------  ---Mesh---           1
    0.5319522694E-04    0.3305792984E-04    0.2222813205E-04    0.1084279204E-18    0.4286243701E-04
   The R.M.S Residuals are 
    0.5628998938E-05    0.5582172780E-05    0.2635857086E-05    0.5233008190E-20    0.5442767298E-05
 --------------Force and Moment -----------------------------
 Total Force Coefficient (CL, CD, CS) =
  -1.6826365491175246E-002   2.2244480580443090E-002  -3.2753541698854556E-021
 Total Moment Coefficient(CMx, CMy, CMz)=
   4.2065913727938114E-003   5.5611201451107725E-003  -7.6959796945893118E-003
 Kstep, t=         424   424.00000000000000     
 ----------The Max Residuals are--------  ---Mesh---           1
    0.5298338763E-04    0.3285183066E-04    0.2206608423E-04    0.1084229961E-18    0.4268259638E-04
   The R.M.S Residuals are 
    0.5614232057E-05    0.5556692225E-05    0.2622033332E-05    0.5516449493E-20    0.5419829448E-05
 --------------Force and Moment -----------------------------
 Total Force Coefficient (CL, CD, CS) =
  -1.6767421364053504E-002   2.2176452781979116E-002  -3.4754571014039202E-021
 Total Moment Coefficient(CMx, CMy, CMz)=
   4.1918553410133759E-003   5.5441131954947790E-003  -7.6548964157379740E-003
 Kstep, t=         425   425.00000000000000     
 ----------The Max Residuals are--------  ---Mesh---           1
    0.5275617290E-04    0.3263800624E-04    0.2191348455E-04    0.1355257223E-18    0.4250850289E-04
   The R.M.S Residuals are 
    0.5599467497E-05    0.5531403854E-05    0.2608335743E-05    0.5686014066E-20    0.5397001925E-05
 --------------Force and Moment -----------------------------
 Total Force Coefficient (CL, CD, CS) =
  -1.6709131976057577E-002   2.2108775068832104E-002  -3.5729623678155493E-021
 Total Moment Coefficient(CMx, CMy, CMz)=
   4.1772829940143969E-003   5.5271937672080260E-003  -7.6141625709777805E-003
 Kstep, t=         426   426.00000000000000     
 ----------The Max Residuals are--------  ---Mesh---           1
    0.5251405090E-04    0.3241676981E-04    0.2181511926E-04    0.1084242142E-18    0.4232305340E-04
   The R.M.S Residuals are 
    0.5584705527E-05    0.5506306008E-05    0.2594761997E-05    0.5669559834E-20    0.5374282992E-05
 --------------Force and Moment -----------------------------
 Total Force Coefficient (CL, CD, CS) =
  -1.6651505759937742E-002   2.2041446147875440E-002  -3.5075163546034206E-021
 Total Moment Coefficient(CMx, CMy, CMz)=
   4.1628764399844337E-003   5.5103615369688601E-003  -7.5737893711271846E-003
 Kstep, t=         427   427.00000000000000     
 ----------The Max Residuals are--------  ---Mesh---           1
    0.5225748884E-04    0.3218844462E-04    0.2171103079E-04    0.1355249937E-18    0.4212647366E-04
   The R.M.S Residuals are 
    0.5569945735E-05    0.5481396508E-05    0.2581309914E-05    0.5603664623E-20    0.5351670892E-05
 --------------Force and Moment -----------------------------
 Total Force Coefficient (CL, CD, CS) =
  -1.6594551058528226E-002   2.1974464738525618E-002  -3.6218949669968297E-021
 Total Moment Coefficient(CMx, CMy, CMz)=
   4.1486377646320549E-003   5.4936161846314046E-003  -7.5337880362388344E-003
 Kstep, t=         428   428.00000000000000     
 ----------The Max Residuals are--------  ---Mesh---           1
    0.5198694357E-04    0.3205299842E-04    0.2160139288E-04    0.1355292265E-18    0.4191900247E-04
   The R.M.S Residuals are 
    0.5555187122E-05    0.5456672756E-05    0.2567977420E-05    0.5656030304E-20    0.5329163821E-05
 --------------Force and Moment -----------------------------
 Total Force Coefficient (CL, CD, CS) =
  -1.6538276107890198E-002   2.1907829571388027E-002  -3.6668776711512042E-021
 Total Moment Coefficient(CMx, CMy, CMz)=
   4.1345690269725503E-003   5.4769573928470068E-003  -7.4941697780796460E-003
 Kstep, t=         429   429.00000000000000     
 ----------The Max Residuals are--------  ---Mesh---           1
    0.5170285665E-04    0.3191269080E-04    0.2148639526E-04    0.1084293421E-18    0.4170089385E-04
   The R.M.S Residuals are 
    0.5540428302E-05    0.5432131922E-05    0.2554762503E-05    0.5503062162E-20    0.5306759922E-05
 --------------Force and Moment -----------------------------
 Total Force Coefficient (CL, CD, CS) =
  -1.6482689020503857E-002   2.1841539386902878E-002  -3.5188443249248766E-021
 Total Moment Coefficient(CMx, CMy, CMz)=
   4.1206722551259669E-003   5.4603848467257195E-003  -7.4549457825140580E-003
 Kstep, t=         430   430.00000000000000     
 ----------The Max Residuals are--------  ---Mesh---           1
    0.5140565531E-04    0.3176495393E-04    0.2136624035E-04    0.1084301240E-18    0.4147242046E-04
   The R.M.S Residuals are 
    0.5525667753E-05    0.5407771168E-05    0.2541663189E-05    0.5586572775E-20    0.5284457327E-05
 --------------Force and Moment -----------------------------
 Total Force Coefficient (CL, CD, CS) =
  -1.6427797768552029E-002   2.1775592933994080E-002  -3.1510853999877828E-021
 Total Moment Coefficient(CMx, CMy, CMz)=
   4.1069494421380106E-003   5.4438982334985200E-003  -7.4161271918343355E-003
 Kstep, t=         431   431.00000000000000     
 ----------The Max Residuals are--------  ---Mesh---           1
    0.5109575918E-04    0.3160994816E-04    0.2129168041E-04    0.1084311386E-18    0.4123387789E-04
   The R.M.S Residuals are 
    0.5510904041E-05    0.5383587856E-05    0.2528677516E-05    0.5334120589E-20    0.5262254241E-05
 --------------Force and Moment -----------------------------
 Total Force Coefficient (CL, CD, CS) =
  -1.6373610167337696E-002   2.1709988968724066E-002  -3.2134858776787781E-021
 Total Moment Coefficient(CMx, CMy, CMz)=
   4.0934025418344249E-003   5.4274972421810164E-003  -7.3777250870818547E-003
 Kstep, t=         432   432.00000000000000     
 ----------The Max Residuals are--------  ---Mesh---           1
    0.5077359091E-04    0.3144782975E-04    0.2121293687E-04    0.1626295375E-18    0.4098558908E-04
   The R.M.S Residuals are 
    0.5496135981E-05    0.5359579675E-05    0.2515803521E-05    0.5527653577E-20    0.5240149017E-05
 --------------Force and Moment -----------------------------
 Total Force Coefficient (CL, CD, CS) =
  -1.6320133858876561E-002   2.1644726252957387E-002  -3.4845343670394752E-021
 Total Moment Coefficient(CMx, CMy, CMz)=
   4.0800334647191402E-003   5.4111815632393468E-003  -7.3397504704029370E-003
 Kstep, t=         433   433.00000000000000     
 ----------The Max Residuals are--------  ---Mesh---           1
    0.5043958840E-04    0.3127876182E-04    0.2113187133E-04    0.1897336160E-18    0.4072790803E-04
   The R.M.S Residuals are 
    0.5481362770E-05    0.5335744734E-05    0.2503039242E-05    0.5866192197E-20    0.5218140224E-05
 --------------Force and Moment -----------------------------
 Total Force Coefficient (CL, CD, CS) =
  -1.6267376295705925E-002   2.1579803553035778E-002  -3.2979795789695932E-021
 Total Moment Coefficient(CMx, CMy, CMz)=
   4.0668440739264804E-003   5.3949508882589446E-003  -7.3022142474826390E-003
 Kstep, t=         434   434.00000000000000     
 ----------The Max Residuals are--------  ---Mesh---           1
    0.5009421552E-04    0.3110292445E-04    0.2107537414E-04    0.1355267708E-18    0.4046122174E-04
   The R.M.S Residuals are 
    0.5466584131E-05    0.5312081633E-05    0.2490382724E-05    0.5493263463E-20    0.5196226678E-05
 --------------Force and Moment -----------------------------
 Total Force Coefficient (CL, CD, CS) =
  -1.6215344724949631E-002   2.1515219638467552E-002  -3.4404047300335581E-021
 Total Moment Coefficient(CMx, CMy, CMz)=
   4.0538361812374052E-003   5.3788049096168879E-003  -7.2651272100993239E-003
 Kstep, t=         435   435.00000000000000     
 ----------The Max Residuals are--------  ---Mesh---           1
    0.4973796937E-04    0.3092052159E-04    0.2101520694E-04    0.1084229120E-18    0.4018595001E-04
   The R.M.S Residuals are 
    0.5451800481E-05    0.5288589564E-05    0.2477832035E-05    0.5368598998E-20    0.5174407462E-05
 --------------Force and Moment -----------------------------
 Total Force Coefficient (CL, CD, CS) =
  -1.6164046172678484E-002   2.1450973280634063E-002  -3.0783893037509335E-021
 Total Moment Coefficient(CMx, CMy, CMz)=
   4.0410115431696210E-003   5.3627433201585157E-003  -7.2285000188422486E-003
 Kstep, t=         436   436.00000000000000     
 ----------The Max Residuals are--------  ---Mesh---           1
    0.4938950406E-04    0.3073178367E-04    0.2095144166E-04    0.1355297306E-18    0.3990254264E-04
   The R.M.S Residuals are 
    0.5437013048E-05    0.5265268368E-05    0.2465385286E-05    0.5595104669E-20    0.5152681918E-05
 --------------Force and Moment -----------------------------
 Total Force Coefficient (CL, CD, CS) =
  -1.6113487428604301E-002   2.1387063251515761E-002  -3.1374584804179226E-021
 Total Moment Coefficient(CMx, CMy, CMz)=
   4.0283718571510778E-003   5.3467658128789402E-003  -7.1923431860337105E-003
 Kstep, t=         437   437.00000000000000     
 ----------The Max Residuals are--------  ---Mesh---           1
    0.4914752827E-04    0.3053696607E-04    0.2088414368E-04    0.1355334174E-18    0.3961147465E-04
   The R.M.S Residuals are 
    0.5422223800E-05    0.5242118443E-05    0.2453040650E-05    0.5808248174E-20    0.5131049600E-05
 --------------Force and Moment -----------------------------
 Total Force Coefficient (CL, CD, CS) =
  -1.6063675031144468E-002   2.1323488322440715E-002  -3.1907983754704216E-021
 Total Moment Coefficient(CMx, CMy, CMz)=
   4.0159187577861171E-003   5.3308720806101786E-003  -7.1566670588963056E-003
 Kstep, t=         438   438.00000000000000     
 ----------The Max Residuals are--------  ---Mesh---           1
    0.4889536835E-04    0.3033634425E-04    0.2081336100E-04    0.1084220655E-18    0.3931324012E-04
   The R.M.S Residuals are 
    0.5407435156E-05    0.5219140441E-05    0.2440796378E-05    0.5321260041E-20    0.5109510185E-05
 --------------Force and Moment -----------------------------
 Total Force Coefficient (CL, CD, CS) =
  -1.6014615252892883E-002   2.1260247262857808E-002  -3.1619893649551068E-021
 Total Moment Coefficient(CMx, CMy, CMz)=
   4.0036538132232199E-003   5.3150618157144520E-003  -7.1214818030048950E-003
 Kstep, t=         439   439.00000000000000     
 ----------The Max Residuals are--------  ---Mesh---           1
    0.4863338341E-04    0.3013020762E-04    0.2073911689E-04    0.8131885940E-19    0.3908762600E-04
   The R.M.S Residuals are 
    0.5392649547E-05    0.5196334851E-05    0.2428650809E-05    0.5443516879E-20    0.5088063368E-05
 --------------Force and Moment -----------------------------
 Total Force Coefficient (CL, CD, CS) =
  -1.5966314086531829E-002   2.1197338839137346E-002  -3.1915064677577103E-021
 Total Moment Coefficient(CMx, CMy, CMz)=
   3.9915785216329573E-003   5.2993347097843365E-003  -7.0867973860618515E-003
 Kstep, t=         440   440.00000000000000     
 ----------The Max Residuals are--------  ---Mesh---           1
    0.4836193452E-04    0.2991885392E-04    0.2066140822E-04    0.1626269105E-18    0.3888389295E-04
   The R.M.S Residuals are 
    0.5377868968E-05    0.5173701603E-05    0.2416602374E-05    0.5871966831E-20    0.5066708788E-05
 --------------Force and Moment -----------------------------
 Total Force Coefficient (CL, CD, CS) =
  -1.5918777231217728E-002   2.1134761813401043E-002  -3.1763662768153805E-021
 Total Moment Coefficient(CMx, CMy, CMz)=
   3.9796943078044319E-003   5.2836904533502607E-003  -7.0526235620326956E-003
 Kstep, t=         441   441.00000000000000     
 ----------The Max Residuals are--------  ---Mesh---           1
    0.4808138161E-04    0.2970258575E-04    0.2058020956E-04    0.1355249904E-18    0.3867299884E-04
   The R.M.S Residuals are 
    0.5363094692E-05    0.5151239844E-05    0.2404649591E-05    0.5009495753E-20    0.5045445983E-05
 --------------Force and Moment -----------------------------
 Total Force Coefficient (CL, CD, CS) =
  -1.5872010079471949E-002   2.1072514942384307E-002  -3.1340693328118072E-021
 Total Moment Coefficient(CMx, CMy, CMz)=
   3.9680025198679855E-003   5.2681287355960766E-003  -7.0189698556780093E-003
 Kstep, t=         442   442.00000000000000     
 ----------The Max Residuals are--------  ---Mesh---           1
    0.4779207739E-04    0.2948170994E-04    0.2049548220E-04    0.1897413288E-18    0.3845511824E-04
   The R.M.S Residuals are 
    0.5348327173E-05    0.5128947926E-05    0.2392791046E-05    0.6193858099E-20    0.5024274391E-05
 --------------Force and Moment -----------------------------
 Total Force Coefficient (CL, CD, CS) =
  -1.5826017704606909E-002   2.1010596976332205E-002  -3.1029728927484884E-021
 Total Moment Coefficient(CMx, CMy, CMz)=
   3.9565044261517272E-003   5.2526492440830514E-003  -6.9858455475160248E-003
 Kstep, t=         443   443.00000000000000     
 ----------The Max Residuals are--------  ---Mesh---           1
    0.4749436112E-04    0.2928322327E-04    0.2042261495E-04    0.1355340377E-18    0.3823043300E-04
   The R.M.S Residuals are 
    0.5333566139E-05    0.5106823576E-05    0.2381025378E-05    0.4876289881E-20    0.5003193377E-05
 --------------Force and Moment -----------------------------
 Total Force Coefficient (CL, CD, CS) =
  -1.5780804848715253E-002   2.0949006657931802E-002  -3.1570733130512178E-021
 Total Moment Coefficient(CMx, CMy, CMz)=
   3.9452012121788099E-003   5.2372516644829505E-003  -6.9532596592486529E-003
 Kstep, t=         444   444.00000000000000     
 ----------The Max Residuals are--------  ---Mesh---           1
    0.4718855490E-04    0.2913006043E-04    0.2035510857E-04    0.1897355143E-18    0.3799913288E-04
   The R.M.S Residuals are 
    0.5318810750E-05    0.5084864123E-05    0.2369351244E-05    0.5830852004E-20    0.4982202273E-05
 --------------Force and Moment -----------------------------
 Total Force Coefficient (CL, CD, CS) =
  -1.5736375911248397E-002   2.0887742721282503E-002  -2.8898068313165246E-021
 Total Moment Coefficient(CMx, CMy, CMz)=
   3.9340939778120991E-003   5.2219356803206258E-003  -6.9212209396821078E-003
 Kstep, t=         445   445.00000000000000     
 ----------The Max Residuals are--------  ---Mesh---           1
    0.4687496406E-04    0.2897225051E-04    0.2028445009E-04    0.1084244348E-18    0.3776141708E-04
   The R.M.S Residuals are 
    0.5304059788E-05    0.5063066707E-05    0.2357767295E-05    0.5367435230E-20    0.4961300402E-05
 --------------Force and Moment -----------------------------
 Total Force Coefficient (CL, CD, CS) =
  -1.5692734938209121E-002   2.0826803890906166E-002  -3.0103591689470318E-021
 Total Moment Coefficient(CMx, CMy, CMz)=
   3.9231837345522760E-003   5.2067009727265415E-003  -6.8897378511715759E-003
 Kstep, t=         446   446.00000000000000     
 ----------The Max Residuals are--------  ---Mesh---           1
    0.4655388174E-04    0.2880991420E-04    0.2021067964E-04    0.1084192867E-18    0.3751749671E-04
   The R.M.S Residuals are 
    0.5289311842E-05    0.5041428445E-05    0.2346272151E-05    0.5252048670E-20    0.4940487095E-05
 --------------Force and Moment -----------------------------
 Total Force Coefficient (CL, CD, CS) =
  -1.5649885611980181E-002   2.0766188880799074E-002  -3.4960454786742040E-021
 Total Moment Coefficient(CMx, CMy, CMz)=
   3.9124714029950469E-003   5.1915472201997685E-003  -6.8588185566173764E-003
 Kstep, t=         447   447.00000000000000     
 ----------The Max Residuals are--------  ---Mesh---           1
    0.4622559669E-04    0.2864316373E-04    0.2013384694E-04    0.1084239654E-18    0.3726759803E-04
   The R.M.S Residuals are 
    0.5274565560E-05    0.5019946627E-05    0.2334864385E-05    0.5298636842E-20    0.4919761717E-05
 --------------Force and Moment -----------------------------
 Total Force Coefficient (CL, CD, CS) =
  -1.5607831241810095E-002   2.0705896393526858E-002  -3.4530900323620417E-021
 Total Moment Coefficient(CMx, CMy, CMz)=
   3.9019578104525234E-003   5.1764740983817146E-003  -6.8284709070383729E-003
 Kstep, t=         448   448.00000000000000     
 ----------The Max Residuals are--------  ---Mesh---           1
    0.4589040244E-04    0.2847211074E-04    0.2005401566E-04    0.1084227731E-18    0.3701196576E-04
   The R.M.S Residuals are 
    0.5259819975E-05    0.4998618980E-05    0.2323542519E-05    0.4947776921E-20    0.4899123744E-05
 --------------Force and Moment -----------------------------
 Total Force Coefficient (CL, CD, CS) =
  -1.5566574754973753E-002   2.0645925119364104E-002  -3.0903430363432157E-021
 Total Moment Coefficient(CMx, CMy, CMz)=
   3.8916436887434388E-003   5.1614812798410261E-003  -6.7987024297463446E-003
 Kstep, t=         449   449.00000000000000     
 ----------The Max Residuals are--------  ---Mesh---           1
    0.4555643628E-04    0.2829687375E-04    0.1997126310E-04    0.1355284367E-18    0.3675086560E-04
   The R.M.S Residuals are 
    0.5245074883E-05    0.4977443984E-05    0.2312305026E-05    0.5546065111E-20    0.4878572862E-05
 --------------Force and Moment -----------------------------
 Total Force Coefficient (CL, CD, CS) =
  -1.5526118688624952E-002   2.0586273735480009E-002  -3.2602478071522826E-021
 Total Moment Coefficient(CMx, CMy, CMz)=
   3.8815296721562377E-003   5.1465684338700022E-003  -6.7695203171429363E-003
 Kstep, t=         450   450.00000000000000     
 ----------The Max Residuals are--------  ---Mesh---           1
    0.4529390144E-04    0.2811758379E-04    0.1988567543E-04    0.1084268347E-18    0.3648458542E-04
   The R.M.S Residuals are 
    0.5230331119E-05    0.4956421105E-05    0.2301150346E-05    0.4953894745E-20    0.4858109062E-05
 --------------Force and Moment -----------------------------
 Total Force Coefficient (CL, CD, CS) =
  -1.5486465182354468E-002   2.0526940905170914E-002  -3.3330980095492873E-021
 Total Moment Coefficient(CMx, CMy, CMz)=
   3.8716162955886179E-003   5.1317352262927286E-003  -6.7409314161588794E-003
 Kstep, t=         451   451.00000000000000     
 ----------The Max Residuals are--------  ---Mesh---           1
    0.4502534419E-04    0.2793438701E-04    0.1980756679E-04    0.8131867845E-19    0.3621343446E-04
   The R.M.S Residuals are 
    0.5215590575E-05    0.4935550782E-05    0.2290076897E-05    0.4900954558E-20    0.4837732679E-05
 --------------Force and Moment -----------------------------
 Total Force Coefficient (CL, CD, CS) =
  -1.5447615971466128E-002   2.0467925277141207E-002  -3.0853316592309702E-021
 Total Moment Coefficient(CMx, CMy, CMz)=
   3.8619039928665284E-003   5.1169813192853018E-003  -6.7129422183529949E-003
 Kstep, t=         452   452.00000000000000     
 ----------The Max Residuals are--------  ---Mesh---           1
    0.4475114437E-04    0.2774744433E-04    0.1973779525E-04    0.1355261453E-18    0.3593774084E-04
   The R.M.S Residuals are 
    0.5200855877E-05    0.4914834111E-05    0.2279083095E-05    0.5207041116E-20    0.4817444347E-05
 --------------Force and Moment -----------------------------
 Total Force Coefficient (CL, CD, CS) =
  -1.5409572380980426E-002   2.0409225484833121E-002  -2.9898425332662273E-021
 Total Moment Coefficient(CMx, CMy, CMz)=
   3.8523930952451065E-003   5.1023063712082803E-003  -6.6855588506863836E-003
 Kstep, t=         453   453.00000000000000     
 ----------The Max Residuals are--------  ---Mesh---           1
    0.4447166499E-04    0.2755692890E-04    0.1966494987E-04    0.1084201203E-18    0.3570598146E-04
   The R.M.S Residuals are 
    0.5186129806E-05    0.4894272267E-05    0.2268167369E-05    0.5216090121E-20    0.4797244860E-05
 --------------Force and Moment -----------------------------
 Total Force Coefficient (CL, CD, CS) =
  -1.5372335320373737E-002   2.0350840145806324E-002  -3.0321622438619243E-021
 Total Moment Coefficient(CMx, CMy, CMz)=
   3.8430838300934347E-003   5.0877100364515810E-003  -6.6587870669849924E-003
 Kstep, t=         454   454.00000000000000     
 ----------The Max Residuals are--------  ---Mesh---           1
    0.4418725036E-04    0.2736302252E-04    0.1958915337E-04    0.1084245632E-18    0.3549439640E-04
   The R.M.S Residuals are 
    0.5171414648E-05    0.4873865882E-05    0.2257328167E-05    0.5063588292E-20    0.4777134998E-05
 --------------Force and Moment -----------------------------
 Total Force Coefficient (CL, CD, CS) =
  -1.5335905279058318E-002   2.0292767861167862E-002  -2.8372292364903586E-021
 Total Moment Coefficient(CMx, CMy, CMz)=
   3.8339763197645779E-003   5.0731919652919656E-003  -6.6326322401017851E-003
 Kstep, t=         455   455.00000000000000     
 ----------The Max Residuals are--------  ---Mesh---           1
    0.4389822118E-04    0.2716591253E-04    0.1951053129E-04    0.1084299043E-18    0.3527890239E-04
   The R.M.S Residuals are 
    0.5156711728E-05    0.4853614579E-05    0.2246563964E-05    0.4911884094E-20    0.4757115354E-05
 --------------Force and Moment -----------------------------
 Total Force Coefficient (CL, CD, CS) =
  -1.5300282322606600E-002   2.0235007215053093E-002  -2.9850118320445258E-021
 Total Moment Coefficient(CMx, CMy, CMz)=
   3.8250705806516490E-003   5.0587518037632732E-003  -6.6070993547873288E-003
 Kstep, t=         456   456.00000000000000     
 ----------The Max Residuals are--------  ---Mesh---           1
    0.4382323774E-04    0.2696579013E-04    0.1942920343E-04    0.1084224888E-18    0.3505965483E-04
   The R.M.S Residuals are 
    0.5142021242E-05    0.4833516825E-05    0.2235873260E-05    0.4952172057E-20    0.4737186237E-05
 --------------Force and Moment -----------------------------
 Total Force Coefficient (CL, CD, CS) =
  -1.5265466089721041E-002   2.0177556774157574E-002  -3.4042561487680188E-021
 Total Moment Coefficient(CMx, CMy, CMz)=
   3.8163665224302595E-003   5.0443891935393935E-003  -6.5821930012757209E-003
 Kstep, t=         457   457.00000000000000     
 ----------The Max Residuals are--------  ---Mesh---           1
    0.4375147232E-04    0.2676285059E-04    0.1934527851E-04    0.1084161637E-18    0.3483679929E-04
   The R.M.S Residuals are 
    0.5127342408E-05    0.4813570082E-05    0.2225254577E-05    0.4976621643E-20    0.4717347662E-05
 --------------Force and Moment -----------------------------
 Total Force Coefficient (CL, CD, CS) =
  -1.5231455789948464E-002   2.0120415087320390E-002  -3.2241484171903427E-021
 Total Moment Coefficient(CMx, CMy, CMz)=
   3.8078639474871168E-003   5.0301037718300974E-003  -6.5579173695905196E-003
 Kstep, t=         458   458.00000000000000     
 ----------The Max Residuals are--------  ---Mesh---           1
    0.4366620832E-04    0.2657319619E-04    0.1925885273E-04    0.1084221883E-18    0.3461047090E-04
   The R.M.S Residuals are 
    0.5112673818E-05    0.4793771175E-05    0.2214706448E-05    0.5253710212E-20    0.4697599410E-05
 --------------Force and Moment -----------------------------
 Total Force Coefficient (CL, CD, CS) =
  -1.5198250202136228E-002   2.0063580685158868E-002  -3.2514886997080756E-021
 Total Moment Coefficient(CMx, CMy, CMz)=
   3.7995625505340574E-003   5.0158951712897170E-003  -6.5342762445734191E-003
 Kstep, t=         459   459.00000000000000     
 ----------The Max Residuals are--------  ---Mesh---           1
    0.4356772137E-04    0.2641881358E-04    0.1917001199E-04    0.8130893969E-19    0.3438079502E-04
   The R.M.S Residuals are 
    0.5098013897E-05    0.4774116744E-05    0.2204227409E-05    0.4825245092E-20    0.4677941150E-05
 --------------Force and Moment -----------------------------
 Total Force Coefficient (CL, CD, CS) =
  -1.5165847673625048E-002   2.0007052079754579E-002  -2.9689754685331534E-021
 Total Moment Coefficient(CMx, CMy, CMz)=
   3.7914619184062589E-003   5.0017630199386447E-003  -6.5112730016362655E-003
 Kstep, t=         460   460.00000000000000     
 ----------The Max Residuals are--------  ---Mesh---           1
    0.4345625857E-04    0.2626218913E-04    0.1909882544E-04    0.1355313495E-18    0.3414788930E-04
   The R.M.S Residuals are 
    0.5083361318E-05    0.4754603679E-05    0.2193815986E-05    0.5232491117E-20    0.4658372580E-05
 --------------Force and Moment -----------------------------
 Total Force Coefficient (CL, CD, CS) =
  -1.5134246120171686E-002   1.9950827764390354E-002  -3.0926875179776292E-021
 Total Moment Coefficient(CMx, CMy, CMz)=
   3.7835615300429227E-003   4.9877069410975885E-003  -6.4889106032350622E-003
 Kstep, t=         461   461.00000000000000     
 ----------The Max Residuals are--------  ---Mesh---           1
    0.4333205589E-04    0.2610333712E-04    0.1902680372E-04    0.1084262725E-18    0.3391186736E-04
   The R.M.S Residuals are 
    0.5068715352E-05    0.4735229470E-05    0.2183470687E-05    0.4769164708E-20    0.4638893576E-05
 --------------Force and Moment -----------------------------
 Total Force Coefficient (CL, CD, CS) =
  -1.5103443026592975E-002   1.9894906213338063E-002  -3.0240747494166603E-021
 Total Moment Coefficient(CMx, CMy, CMz)=
   3.7758607566482447E-003   4.9737265533345157E-003  -6.4671915960627987E-003
 Kstep, t=         462   462.00000000000000     
 ----------The Max Residuals are--------  ---Mesh---           1
    0.4320622950E-04    0.2594225333E-04    0.1895194263E-04    0.6776764410E-19    0.3367284335E-04
   The R.M.S Residuals are 
    0.5054076078E-05    0.4715992440E-05    0.2173189992E-05    0.4607320538E-20    0.4619504305E-05
 --------------Force and Moment -----------------------------
 Total Force Coefficient (CL, CD, CS) =
  -1.5073435448120089E-002   1.9839285881696579E-002  -3.2029180988658900E-021
 Total Moment Coefficient(CMx, CMy, CMz)=
   3.7683588620300236E-003   4.9598214704241446E-003  -6.4461181089558407E-003
 Kstep, t=         463   463.00000000000000     
 ----------The Max Residuals are--------  ---Mesh---           1
    0.4314652143E-04    0.2577892513E-04    0.1887429505E-04    0.5421464519E-19    0.3343093694E-04
   The R.M.S Residuals are 
    0.5039444451E-05    0.4696891829E-05    0.2162972352E-05    0.4369661093E-20    0.4600205291E-05
 --------------Force and Moment -----------------------------
 Total Force Coefficient (CL, CD, CS) =
  -1.5044220012451341E-002   1.9783965205279429E-002  -3.1379238900097690E-021
 Total Moment Coefficient(CMx, CMy, CMz)=
   3.7610550031128330E-003   4.9459913013198574E-003  -6.4256918515070340E-003
 Kstep, t=         464   464.00000000000000     
 ----------The Max Residuals are--------  ---Mesh---           1
    0.4307313800E-04    0.2561334140E-04    0.1879393120E-04    0.1355313074E-18    0.3318627792E-04
   The R.M.S Residuals are 
    0.5024822157E-05    0.4677927649E-05    0.2152816189E-05    0.5141221719E-20    0.4580997401E-05
 --------------Force and Moment -----------------------------
 Total Force Coefficient (CL, CD, CS) =
  -1.5015792922488978E-002   1.9728942600551354E-002  -3.2149840219319662E-021
 Total Moment Coefficient(CMx, CMy, CMz)=
   3.7539482306222427E-003   4.9322356501378386E-003  -6.4059141133766808E-003
 Kstep, t=         465   465.00000000000000     
 ----------The Max Residuals are--------  ---Mesh---           1
    0.4298617315E-04    0.2544550086E-04    0.1871094130E-04    0.1084179078E-18    0.3295952985E-04
   The R.M.S Residuals are 
    0.5010211296E-05    0.4659100386E-05    0.2142719900E-05    0.4986765269E-20    0.4561881756E-05
 --------------Force and Moment -----------------------------
 Total Force Coefficient (CL, CD, CS) =
  -1.4988149959744731E-002   1.9674216464612933E-002  -3.3304175716686259E-021
 Total Moment Coefficient(CMx, CMy, CMz)=
   3.7470374899361836E-003   4.9185541161532332E-003  -6.3867857642910244E-003
 Kstep, t=         466   466.00000000000000     
 ----------The Max Residuals are--------  ---Mesh---           1
    0.4288576519E-04    0.2527541840E-04    0.1862543486E-04    0.1084328738E-18    0.3275424911E-04
   The R.M.S Residuals are 
    0.4995613991E-05    0.4640410607E-05    0.2132681865E-05    0.4933985621E-20    0.4542859608E-05
 --------------Force and Moment -----------------------------
 Total Force Coefficient (CL, CD, CS) =
  -1.4961286488396567E-002   1.9619785175232420E-002  -3.4134759953091159E-021
 Total Moment Coefficient(CMx, CMy, CMz)=
   3.7403216220991404E-003   4.9049462938081049E-003  -6.3683072547160045E-003
 Kstep, t=         467   467.00000000000000     
 ----------The Max Residuals are--------  ---Mesh---           1
    0.4277212678E-04    0.2510312916E-04    0.1853753685E-04    0.8131946363E-19    0.3254694301E-04
   The R.M.S Residuals are 
    0.4981032014E-05    0.4621858587E-05    0.2122700458E-05    0.4734376297E-20    0.4523932186E-05
 --------------Force and Moment -----------------------------
 Total Force Coefficient (CL, CD, CS) =
  -1.4935197459978461E-002   1.9565647090923698E-002  -3.4139397437501717E-021
 Total Moment Coefficient(CMx, CMy, CMz)=
   3.7337993649946138E-003   4.8914117727309244E-003  -6.3504786171928850E-003
 Kstep, t=         468   468.00000000000000     
 ----------The Max Residuals are--------  ---Mesh---           1
    0.4264555887E-04    0.2492869056E-04    0.1844738151E-04    0.1084191188E-18    0.3233773122E-04
   The R.M.S Residuals are 
    0.4966466474E-05    0.4603444001E-05    0.2112774048E-05    0.4959614928E-20    0.4505100580E-05
 --------------Force and Moment -----------------------------
 Total Force Coefficient (CL, CD, CS) =
  -1.4909877418683052E-002   1.9511800551069273E-002  -3.3492594360930723E-021
 Total Moment Coefficient(CMx, CMy, CMz)=
   3.7274693546707643E-003   4.8779501377673182E-003  -6.3332994683205236E-003
 Kstep, t=         469   469.00000000000000     
 ----------The Max Residuals are--------  ---Mesh---           1
    0.4250644819E-04    0.2475218286E-04    0.1836300890E-04    0.1355291700E-18    0.3212672225E-04
   The R.M.S Residuals are 
    0.4951917640E-05    0.4585165745E-05    0.2102900994E-05    0.4787639267E-20    0.4486365669E-05
 --------------Force and Moment -----------------------------
 Total Force Coefficient (CL, CD, CS) =
  -1.4885320507256307E-002   1.9458243876086998E-002  -3.2377945780035622E-021
 Total Moment Coefficient(CMx, CMy, CMz)=
   3.7213301268140767E-003   4.8645609690217495E-003  -6.3167690113679256E-003
 Kstep, t=         470   470.00000000000000     
 ----------The Max Residuals are--------  ---Mesh---           1
    0.4235525151E-04    0.2457370874E-04    0.1829077546E-04    0.8132083042E-19    0.3197088808E-04
   The R.M.S Residuals are 
    0.4937384937E-05    0.4567021942E-05    0.2093079621E-05    0.4730222086E-20    0.4467728126E-05
 --------------Force and Moment -----------------------------
 Total Force Coefficient (CL, CD, CS) =
  -1.4861520473461981E-002   1.9404975367639386E-002  -3.0067474506108071E-021
 Total Moment Coefficient(CMx, CMy, CMz)=
   3.7153801183654974E-003   4.8512438419098464E-003  -6.3008860394995550E-003
 Kstep, t=         471   471.00000000000000     
 ----------The Max Residuals are--------  ---Mesh---           1
    0.4221832756E-04    0.2439339233E-04    0.1821595698E-04    0.1084198537E-18    0.3185016480E-04
   The R.M.S Residuals are 
    0.4922867155E-05    0.4549010118E-05    0.2083308208E-05    0.5114097071E-20    0.4449188450E-05
 --------------Force and Moment -----------------------------
 Total Force Coefficient (CL, CD, CS) =
  -1.4838470677092964E-002   1.9351993308883972E-002  -3.2440724781559179E-021
 Total Moment Coefficient(CMx, CMy, CMz)=
   3.7096176692732402E-003   4.8379983272209930E-003  -6.2856489395946447E-003
 Kstep, t=         472   472.00000000000000     
 ----------The Max Residuals are--------  ---Mesh---           1
    0.4214099425E-04    0.2422639540E-04    0.1813863448E-04    0.1355277975E-18    0.3172218673E-04
   The R.M.S Residuals are 
    0.4908362854E-05    0.4531127531E-05    0.2073585010E-05    0.4884110657E-20    0.4430746975E-05
 --------------Force and Moment -----------------------------
 Total Force Coefficient (CL, CD, CS) =
  -1.4816164097505651E-002   1.9299295964763510E-002  -3.5409238865421328E-021
 Total Moment Coefficient(CMx, CMy, CMz)=
   3.7040410243764131E-003   4.8248239911908774E-003  -6.2710556966408997E-003
 Kstep, t=         473   473.00000000000000     
 ----------The Max Residuals are--------  ---Mesh---           1
    0.4205042541E-04    0.2407889630E-04    0.1805888683E-04    0.1084246522E-18    0.3163180464E-04
   The R.M.S Residuals are 
    0.4893870828E-05    0.4513371536E-05    0.2063908320E-05    0.4530019969E-20    0.4412403855E-05
 --------------Force and Moment -----------------------------
 Total Force Coefficient (CL, CD, CS) =
  -1.4794593341652909E-002   1.9246881582334206E-002  -3.6554110227947636E-021
 Total Moment Coefficient(CMx, CMy, CMz)=
   3.6986483354132273E-003   4.8117203955835514E-003  -6.2571038986819231E-003
 Kstep, t=         474   474.00000000000000     
 ----------The Max Residuals are--------  ---Mesh---           1
    0.4194687062E-04    0.2393041355E-04    0.1797679064E-04    0.8131617268E-19    0.3155263306E-04
   The R.M.S Residuals are 
    0.4879390403E-05    0.4495739821E-05    0.2054276506E-05    0.4611332137E-20    0.4394159091E-05
 --------------Force and Moment -----------------------------
 Total Force Coefficient (CL, CD, CS) =
  -1.4773750652590394E-002   1.9194748391130851E-002  -3.6749702474120315E-021
 Total Moment Coefficient(CMx, CMy, CMz)=
   3.6934376631475975E-003   4.7986870977827127E-003  -6.2437907422970744E-003
 Kstep, t=         475   475.00000000000000     
 ----------The Max Residuals are--------  ---Mesh---           1
    0.4183056832E-04    0.2378092430E-04    0.1789242187E-04    0.1084220913E-18    0.3146453336E-04
   The R.M.S Residuals are 
    0.4864921470E-05    0.4478230473E-05    0.2044688024E-05    0.4870921414E-20    0.4376012603E-05
 --------------Force and Moment -----------------------------
 Total Force Coefficient (CL, CD, CS) =
  -1.4753627918430580E-002   1.9142894603566819E-002  -3.3927026955323543E-021
 Total Moment Coefficient(CMx, CMy, CMz)=
   3.6884069796076454E-003   4.7857236508917047E-003  -6.2311130385915977E-003
 Kstep, t=         476   476.00000000000000     
 ----------The Max Residuals are--------  ---Mesh---           1
    0.4170174827E-04    0.2363039568E-04    0.1780585870E-04    0.8131980290E-19    0.3136776274E-04
   The R.M.S Residuals are 
    0.4850464340E-05    0.4460841894E-05    0.2035141392E-05    0.4537145521E-20    0.4357964316E-05
 --------------Force and Moment -----------------------------
 Total Force Coefficient (CL, CD, CS) =
  -1.4734216681718558E-002   1.9091318415367726E-002  -3.2056103296985985E-021
 Total Moment Coefficient(CMx, CMy, CMz)=
   3.6835541704296395E-003   4.7728296038419315E-003  -6.2190672196741790E-003
 Kstep, t=         477   477.00000000000000     
 ----------The Max Residuals are--------  ---Mesh---           1
    0.4156064336E-04    0.2347879156E-04    0.1771718476E-04    0.8131792882E-19    0.3126258815E-04
   The R.M.S Residuals are 
    0.4836019564E-05    0.4443572695E-05    0.2025635163E-05    0.4790520325E-20    0.4340014211E-05
 --------------Force and Moment -----------------------------
 Total Force Coefficient (CL, CD, CS) =
  -1.4715508149202765E-002   1.9040018006036847E-002  -3.1792942426872081E-021
 Total Moment Coefficient(CMx, CMy, CMz)=
   3.6788770373006935E-003   4.7600045015092117E-003  -6.2076493455985550E-003
 Kstep, t=         478   478.00000000000000     
 ----------The Max Residuals are--------  ---Mesh---           1
    0.4140750807E-04    0.2332607916E-04    0.1762649166E-04    0.8131288496E-19    0.3114928604E-04
   The R.M.S Residuals are 
    0.4821587782E-05    0.4426421597E-05    0.2016167906E-05    0.4576020489E-20    0.4322162354E-05
 --------------Force and Moment -----------------------------
 Total Force Coefficient (CL, CD, CS) =
  -1.4697493201973957E-002   1.8988991539350599E-002  -2.9600351610197556E-021
 Total Moment Coefficient(CMx, CMy, CMz)=
   3.6743733004934893E-003   4.7472478848376498E-003  -6.1968551117451412E-003
 Kstep, t=         479   479.00000000000000     
 ----------The Max Residuals are--------  ---Mesh---           1
    0.4124263917E-04    0.2317223485E-04    0.1753388042E-04    0.8131954441E-19    0.3102814547E-04
   The R.M.S Residuals are 
    0.4807169623E-05    0.4409387375E-05    0.2006738195E-05    0.4824197646E-20    0.4304408908E-05
 --------------Force and Moment -----------------------------
 Total Force Coefficient (CL, CD, CS) =
  -1.4680162405945463E-002   1.8938237163882481E-002  -3.1286526809588011E-021
 Total Moment Coefficient(CMx, CMy, CMz)=
   3.6700406014863671E-003   4.7345592909706202E-003  -6.1866798566183817E-003
 Kstep, t=         480   480.00000000000000     
 ----------The Max Residuals are--------  ---Mesh---           1
    0.4106639412E-04    0.2301724872E-04    0.1745788396E-04    0.8131387047E-19    0.3089947325E-04
   The R.M.S Residuals are 
    0.4792765634E-05    0.4392468818E-05    0.1997344599E-05    0.4499477260E-20    0.4286754139E-05
 --------------Force and Moment -----------------------------
 Total Force Coefficient (CL, CD, CS) =
  -1.4663506022647271E-002   1.8887753013553703E-002  -3.1516525413460096E-021
 Total Moment Coefficient(CMx, CMy, CMz)=
   3.6658765056618169E-003   4.7219382533884259E-003  -6.1771185700349417E-003
 Kstep, t=         481   481.00000000000000     
 ----------The Max Residuals are--------  ---Mesh---           1
    0.4090148011E-04    0.2286112784E-04    0.1738278057E-04    0.1084252579E-18    0.3076359903E-04
   The R.M.S Residuals are 
    0.4778376251E-05    0.4375664719E-05    0.1987985690E-05    0.4896262014E-20    0.4269198418E-05
 --------------Force and Moment -----------------------------
 Total Force Coefficient (CL, CD, CS) =
  -1.4647514020306916E-002   1.8837537208208702E-002  -3.0799743104030993E-021
 Total Moment Coefficient(CMx, CMy, CMz)=
   3.6618785050767295E-003   4.7093843020521754E-003  -6.1681659016777739E-003
 Kstep, t=         482   482.00000000000000     
 ----------The Max Residuals are--------  ---Mesh---           1
    0.4079892680E-04    0.2270389806E-04    0.1730541984E-04    0.8132221982E-19    0.3062087861E-04
   The R.M.S Residuals are 
    0.4764001799E-05    0.4358973882E-05    0.1978660044E-05    0.4578831923E-20    0.4251742223E-05
 --------------Force and Moment -----------------------------
 Total Force Coefficient (CL, CD, CS) =
  -1.4632176085189900E-002   1.8787587854213812E-002  -3.0691934985254601E-021
 Total Moment Coefficient(CMx, CMy, CMz)=
   3.6580440212974747E-003   4.6968969635534531E-003  -6.1598161699909885E-003
 Kstep, t=         483   483.00000000000000     
 ----------The Max Residuals are--------  ---Mesh---           1
    0.4068496114E-04    0.2254560475E-04    0.1722587848E-04    0.1084284761E-18    0.3050354730E-04
   The R.M.S Residuals are 
    0.4749642513E-05    0.4342395137E-05    0.1969366260E-05    0.4745136419E-20    0.4234386112E-05
 --------------Force and Moment -----------------------------
 Total Force Coefficient (CL, CD, CS) =
  -1.4617481633172806E-002   1.8737903045077407E-002  -2.9790011065065239E-021
 Total Moment Coefficient(CMx, CMy, CMz)=
   3.6543704082932019E-003   4.6844757612693518E-003  -6.1520633713903136E-003
 Kstep, t=         484   484.00000000000000     
 ----------The Max Residuals are--------  ---Mesh---           1
    0.4055960108E-04    0.2240273362E-04    0.1714424139E-04    0.1084219265E-18    0.3041261559E-04
   The R.M.S Residuals are 
    0.4735298571E-05    0.4325927346E-05    0.1960102975E-05    0.4910086817E-20    0.4217130686E-05
 --------------Force and Moment -----------------------------
 Total Force Coefficient (CL, CD, CS) =
  -1.4603419821522546E-002   1.8688480862089636E-002  -2.9881566450725670E-021
 Total Moment Coefficient(CMx, CMy, CMz)=
   3.6508549553806377E-003   4.6721202155224090E-003  -6.1449011897641579E-003
 Kstep, t=         485   485.00000000000000     
 ----------The Max Residuals are--------  ---Mesh---           1
    0.4042292382E-04    0.2226510914E-04    0.1706059913E-04    0.8132315686E-19    0.3031364886E-04
   The R.M.S Residuals are 
    0.4720970117E-05    0.4309569407E-05    0.1950868892E-05    0.4365112543E-20    0.4199976526E-05
 --------------Force and Moment -----------------------------
 Total Force Coefficient (CL, CD, CS) =
  -1.4589979560855150E-002   1.8639319374980159E-002  -2.9539608328394936E-021
 Total Moment Coefficient(CMx, CMy, CMz)=
   3.6474948902137905E-003   4.6598298437450399E-003  -6.1383230062402976E-003
 Kstep, t=         486   486.00000000000000     
 ----------The Max Residuals are--------  ---Mesh---           1
    0.4027506796E-04    0.2212708430E-04    0.1697504540E-04    0.8131892402E-19    0.3020678251E-04
   The R.M.S Residuals are 
    0.4706657247E-05    0.4293320208E-05    0.1941662790E-05    0.4701396667E-20    0.4182924113E-05
 --------------Force and Moment -----------------------------
 Total Force Coefficient (CL, CD, CS) =
  -1.4577149527248767E-002   1.8590416642592044E-002  -2.8719246158208989E-021
 Total Moment Coefficient(CMx, CMy, CMz)=
   3.6442873818121899E-003   4.6476041606480110E-003  -6.1323219091936505E-003
 Kstep, t=         487   487.00000000000000     
 ----------The Max Residuals are--------  ---Mesh---           1
    0.4011623075E-04    0.2198863381E-04    0.1688767502E-04    0.8131789328E-19    0.3009220010E-04
   The R.M.S Residuals are 
    0.4692359922E-05    0.4277178553E-05    0.1932483534E-05    0.4213497832E-20    0.4165973790E-05
 --------------Force and Moment -----------------------------
 Total Force Coefficient (CL, CD, CS) =
  -1.4564918174484711E-002   1.8541770713570216E-002  -3.0491912659243875E-021
 Total Moment Coefficient(CMx, CMy, CMz)=
   3.6412295436211765E-003   4.6354426783925540E-003  -6.1268907044705395E-003
 Kstep, t=         488   488.00000000000000     
 ----------The Max Residuals are--------  ---Mesh---           1
    0.3994666299E-04    0.2184972876E-04    0.1679858274E-04    0.5421398603E-19    0.2997012898E-04
   The R.M.S Residuals are 
    0.4678077775E-05    0.4261143017E-05    0.1923330030E-05    0.4318414497E-20    0.4149125763E-05
 --------------Force and Moment -----------------------------
 Total Force Coefficient (CL, CD, CS) =
  -1.4553273746392380E-002   1.8493379627062732E-002  -2.7393656612962349E-021
 Total Moment Coefficient(CMx, CMy, CMz)=
   3.6383184365980925E-003   4.6233449067656831E-003  -6.1220219258054237E-003
 Kstep, t=         489   489.00000000000000     
 ----------The Max Residuals are--------  ---Mesh---           1
    0.3976666410E-04    0.2171034063E-04    0.1670786297E-04    0.8131692716E-19    0.2984083452E-04
   The R.M.S Residuals are 
    0.4663809893E-05    0.4245211811E-05    0.1914201149E-05    0.4669898213E-20    0.4132380166E-05
 --------------Force and Moment -----------------------------
 Total Force Coefficient (CL, CD, CS) =
  -1.4542204289272786E-002   1.8445241413433316E-002  -2.7672589464272772E-021
 Total Moment Coefficient(CMx, CMy, CMz)=
   3.6355510723181943E-003   4.6113103533583291E-003  -6.1177078454060620E-003
 Kstep, t=         490   490.00000000000000     
 ----------The Max Residuals are--------  ---Mesh---           1
    0.3957657882E-04    0.2157044522E-04    0.1661561010E-04    0.5421457411E-19    0.2970461395E-04
   The R.M.S Residuals are 
    0.4649554877E-05    0.4229382814E-05    0.1905095691E-05    0.4437398198E-20    0.4115737050E-05
 --------------Force and Moment -----------------------------
 Total Force Coefficient (CL, CD, CS) =
  -1.4531697664377024E-002   1.8397354094983460E-002  -3.1091975023831032E-021
 Total Moment Coefficient(CMx, CMy, CMz)=
   3.6329244160942568E-003   4.5993385237458649E-003  -6.1139404846837402E-003
 Kstep, t=         491   491.00000000000000     
 ----------The Max Residuals are--------  ---Mesh---           1
    0.3944079825E-04    0.2143002637E-04    0.1653721378E-04    0.8131852336E-19    0.2956179091E-04
   The R.M.S Residuals are 
    0.4635311317E-05    0.4213653865E-05    0.1896012450E-05    0.4742690233E-20    0.4099196238E-05
 --------------Force and Moment -----------------------------
 Total Force Coefficient (CL, CD, CS) =
  -1.4521741560416114E-002   1.8349715686682425E-002  -3.0720774330770702E-021
 Total Moment Coefficient(CMx, CMy, CMz)=
   3.6304353901040281E-003   4.5874289216706063E-003  -6.1107116251050845E-003
 Kstep, t=         492   492.00000000000000     
 ----------The Max Residuals are--------  ---Mesh---           1
    0.3930741052E-04    0.2128907908E-04    0.1646108507E-04    0.1084210767E-18    0.2941271096E-04
   The R.M.S Residuals are 
    0.4621078274E-05    0.4198023057E-05    0.1886950311E-05    0.4436846425E-20    0.4082757203E-05
 --------------Force and Moment -----------------------------
 Total Force Coefficient (CL, CD, CS) =
  -1.4512323506078747E-002   1.8302324196903856E-002  -2.7497071203979846E-021
 Total Moment Coefficient(CMx, CMy, CMz)=
   3.6280808765196885E-003   4.5755810492259640E-003  -6.1080128191428051E-003
 Kstep, t=         493   493.00000000000000     
 ----------The Max Residuals are--------  ---Mesh---           1
    0.3916585371E-04    0.2117998252E-04    0.1638315540E-04    0.1355260018E-18    0.2928481783E-04
   The R.M.S Residuals are 
    0.4606855340E-05    0.4182488800E-05    0.1877908291E-05    0.4902677758E-20    0.4066419144E-05
 --------------Force and Moment -----------------------------
 Total Force Coefficient (CL, CD, CS) =
  -1.4503430882535287E-002   1.8255177628167172E-002  -2.9089000503115992E-021
 Total Moment Coefficient(CMx, CMy, CMz)=
   3.6258577206338223E-003   4.5637944070417930E-003  -6.1058354013029279E-003
 Kstep, t=         494   494.00000000000000     
 ----------The Max Residuals are--------  ---Mesh---           1
    0.3904019043E-04    0.2108142541E-04    0.1630348722E-04    0.8131508539E-19    0.2917948293E-04
   The R.M.S Residuals are 
    0.4592642421E-05    0.4167049718E-05    0.1868885505E-05    0.4458010268E-20    0.4050181160E-05
 --------------Force and Moment -----------------------------
 Total Force Coefficient (CL, CD, CS) =
  -1.4495050935905369E-002   1.8208273977882397E-002  -3.0160367257486451E-021
 Total Moment Coefficient(CMx, CMy, CMz)=
   3.6237627339763441E-003   4.5520684944705993E-003  -6.1041704992066395E-003
 Kstep, t=         495   495.00000000000000     
 ----------The Max Residuals are--------  ---Mesh---           1
    0.3897022840E-04    0.2097849624E-04    0.1622214772E-04    0.5421743047E-19    0.2906813551E-04
   The R.M.S Residuals are 
    0.4578439565E-05    0.4151704545E-05    0.1859881133E-05    0.4593732521E-20    0.4034042388E-05
 --------------Force and Moment -----------------------------
 Total Force Coefficient (CL, CD, CS) =
  -1.4487170789668984E-002   1.8161611239096990E-002  -2.6570109683411546E-021
 Total Moment Coefficient(CMx, CMy, CMz)=
   3.6217926974172472E-003   4.5404028097742475E-003  -6.1030090447056077E-003
 Kstep, t=         496   496.00000000000000     
 ----------The Max Residuals are--------  ---Mesh---           1
    0.3888649545E-04    0.2087150555E-04    0.1613920942E-04    0.8131490444E-19    0.2895075786E-04
   The R.M.S Residuals are 
    0.4564246876E-05    0.4136452067E-05    0.1850894400E-05    0.4367454816E-20    0.4018002065E-05
 --------------Force and Moment -----------------------------
 Total Force Coefficient (CL, CD, CS) =
  -1.4479777457000166E-002   1.8115187401243179E-002  -2.6700343776670564E-021
 Total Moment Coefficient(CMx, CMy, CMz)=
   3.6199443642500454E-003   4.5287968503107947E-003  -6.1023417850101912E-003
 Kstep, t=         497   497.00000000000000     
 ----------The Max Residuals are--------  ---Mesh---           1
    0.3878986547E-04    0.2078931886E-04    0.1605475002E-04    0.8132312455E-19    0.2882737300E-04
   The R.M.S Residuals are 
    0.4550064476E-05    0.4121291077E-05    0.1841924571E-05    0.4474028507E-20    0.4002059540E-05
 --------------Force and Moment -----------------------------
 Total Force Coefficient (CL, CD, CS) =
  -1.4472857853004326E-002   1.8069000450884509E-002  -2.7864128190318113E-021
 Total Moment Coefficient(CMx, CMy, CMz)=
   3.6182144632510814E-003   4.5172501127211271E-003  -6.1021592938107121E-003
 Kstep, t=         498   498.00000000000000     
 ----------The Max Residuals are--------  ---Mesh---           1
    0.3868124830E-04    0.2071571229E-04    0.1596885164E-04    0.8131491090E-19    0.2869804977E-04
   The R.M.S Residuals are 
    0.4535892478E-05    0.4106220330E-05    0.1832970961E-05    0.4413388162E-20    0.3986214252E-05
 --------------Force and Moment -----------------------------
 Total Force Coefficient (CL, CD, CS) =
  -1.4466398806840622E-002   1.8023048372460299E-002  -2.9157738939050323E-021
 Total Moment Coefficient(CMx, CMy, CMz)=
   3.6165997017101577E-003   4.5057620931150746E-003  -6.1024519823727891E-003
 Kstep, t=         499   499.00000000000000     
 ----------The Max Residuals are--------  ---Mesh---           1
    0.3856156565E-04    0.2063744416E-04    0.1588159947E-04    0.1084225760E-18    0.2859569924E-04
   The R.M.S Residuals are 
    0.4521730951E-05    0.4091238516E-05    0.1824032944E-05    0.4830165157E-20    0.3970465693E-05
 --------------Force and Moment -----------------------------
 Total Force Coefficient (CL, CD, CS) =
  -1.4460387073711833E-002   1.7977329149026632E-002  -2.9123231172811598E-021
 Total Moment Coefficient(CMx, CMy, CMz)=
   3.6150967684279579E-003   4.4943322872566579E-003  -6.1032101105884199E-003
 Kstep, t=         500   500.00000000000000     
 ----------The Max Residuals are--------  ---Mesh---           1
    0.3843173143E-04    0.2055456420E-04    0.1579308044E-04    0.5421300376E-19    0.2850674196E-04
   The R.M.S Residuals are 
    0.4507579914E-05    0.4076344256E-05    0.1815109967E-05    0.4415122538E-20    0.3954813364E-05
  flow chunk done, Kstep=         500  tt=   500.00000000000000     
   GS iter           1  res=   2.5352933656677124E-003  Ts(1,1,1)=   684.08465423658902       Ts(nx-1,ny-1,1)=   345.88117211421388     
   GS iter           2  res=   2.5352766308515129E-003  Ts(1,1,1)=   684.08211895995817       Ts(nx-1,ny-1,1)=   345.88086925465285     
   GS iter           3  res=   2.5352598962626871E-003  Ts(1,1,1)=   684.07958370006190       Ts(nx-1,ny-1,1)=   345.88056639709083     
   GS iter           4  res=   2.5352431612191140E-003  Ts(1,1,1)=   684.07704845690068       Ts(nx-1,ny-1,1)=   345.88026354152794     
   GS iter           5  res=   2.5352264267439750E-003  Ts(1,1,1)=   684.07451323047394       Ts(nx-1,ny-1,1)=   345.87996068796457     
 Solid solver Block           2  GS iterations:       20001  final res:   2.2217611764290268E-003
   DBG: Ts(1,1,1)=   636.58560077698758       Ts(nx/2,ny/2,1)=   635.32468610542878       Ts(nx-1,ny-1,1)=   340.20703181127703     
  solid chunk done, outer iter           3  max|dT_w|=   47.501745527429193       K  T_w range [   636.57720039763103      ,   636.58671165757573      ]  max|q_w|=   111088.05881626623     
  outer iter           4 : flow chunk steps =          50
 --------------Force and Moment -----------------------------
 Total Force Coefficient (CL, CD, CS) =
  -1.4454809346704728E-002   1.7931840762992958E-002  -2.8611336164787105E-021
 Total Moment Coefficient(CMx, CMy, CMz)=
   3.6137023366761816E-003   4.4829601907482395E-003  -6.1044237979651621E-003
 Kstep, t=         501   501.00000000000000     
 ----------The Max Residuals are--------  ---Mesh---           1
    0.3829263577E-04    0.2046717594E-04    0.1570338178E-04    0.8131875600E-19    0.2841117399E-04
   The R.M.S Residuals are 
    0.4493439347E-05    0.4061536142E-05    0.1806201567E-05    0.4459401400E-20    0.3939256720E-05
 --------------Force and Moment -----------------------------
 Total Force Coefficient (CL, CD, CS) =
  -1.4449652268465292E-002   1.7886581196852741E-002  -2.6756377377304196E-021
 Total Moment Coefficient(CMx, CMy, CMz)=
   3.6124130671163226E-003   4.4716452992131853E-003  -6.1060830345367276E-003
 Kstep, t=         502   502.00000000000000     
 ----------The Max Residuals are--------  ---Mesh---           1
    0.3814513183E-04    0.2037543095E-04    0.1562563687E-04    0.8131547313E-19    0.2830960438E-04
   The R.M.S Residuals are 
    0.4479309237E-05    0.4046812804E-05    0.1797307385E-05    0.4252228126E-20    0.3923795116E-05
 --------------Force and Moment -----------------------------
 Total Force Coefficient (CL, CD, CS) =
  -1.4444902442693313E-002   1.7841548433907468E-002  -2.7690755952750879E-021
 Total Moment Coefficient(CMx, CMy, CMz)=
   3.6112256106733301E-003   4.4603871084768669E-003  -6.1081776916787215E-003
 Kstep, t=         503   503.00000000000000     
 ----------The Max Residuals are--------  ---Mesh---           1
    0.3807171262E-04    0.2027952151E-04    0.1554931224E-04    0.8131844258E-19    0.2820261108E-04
   The R.M.S Residuals are 
    0.4465189611E-05    0.4032172988E-05    0.1788427172E-05    0.4634651484E-20    0.3908427778E-05
 --------------Force and Moment -----------------------------
 Total Force Coefficient (CL, CD, CS) =
  -1.4440546445442137E-002   1.7796740458982621E-002  -2.9082200798647428E-021
 Total Moment Coefficient(CMx, CMy, CMz)=
   3.6101366113605376E-003   4.4491851147456553E-003  -6.1106975328140767E-003
 Kstep, t=         504   504.00000000000000     
 ----------The Max Residuals are--------  ---Mesh---           1
    0.3799080570E-04    0.2017967255E-04    0.1547166274E-04    0.5421344320E-19    0.2809073336E-04
   The R.M.S Residuals are 
    0.4451080479E-05    0.4017615588E-05    0.1779560767E-05    0.4341202054E-20    0.3893153816E-05
 --------------Force and Moment -----------------------------
 Total Force Coefficient (CL, CD, CS) =
  -1.4436570836209854E-002   1.7752155259134914E-002  -2.8863035705604165E-021
 Total Moment Coefficient(CMx, CMy, CMz)=
   3.6091427090524631E-003   4.4380388147837284E-003  -6.1136322239935198E-003
 Kstep, t=         505   505.00000000000000     
 ----------The Max Residuals are--------  ---Mesh---           1
    0.3789662895E-04    0.2007613395E-04    0.1539275253E-04    0.8131700471E-19    0.2797600308E-04
   The R.M.S Residuals are 
    0.4436981587E-05    0.4003139553E-05    0.1770708031E-05    0.4422732995E-20    0.3877972321E-05
 --------------Force and Moment -----------------------------
 Total Force Coefficient (CL, CD, CS) =
  -1.4432962168809120E-002   1.7707790824349475E-002  -3.0133605528574930E-021
 Total Moment Coefficient(CMx, CMy, CMz)=
   3.6082405422022804E-003   4.4269477060873688E-003  -6.1169713443369337E-003
 Kstep, t=         506   506.00000000000000     
 ----------The Max Residuals are--------  ---Mesh---           1
    0.3778970803E-04    0.1999371714E-04    0.1531264514E-04    0.8131736013E-19    0.2790879536E-04
   The R.M.S Residuals are 
    0.4422892078E-05    0.3988743707E-05    0.1761868729E-05    0.4493268371E-20    0.3862882482E-05
 --------------Force and Moment -----------------------------
 Total Force Coefficient (CL, CD, CS) =
  -1.4429707002003595E-002   1.7663645148226558E-002  -2.8540576171919810E-021
 Total Moment Coefficient(CMx, CMy, CMz)=
   3.6074267505009005E-003   4.4159112870566395E-003  -6.1207043963222825E-003
 Kstep, t=         507   507.00000000000000     
 ----------The Max Residuals are--------  ---Mesh---           1
    0.3767066234E-04    0.1991951224E-04    0.1523140385E-04    0.8131885940E-19    0.2783295162E-04
   The R.M.S Residuals are 
    0.4408810470E-05    0.3974426704E-05    0.1753042496E-05    0.4551892390E-20    0.3847883529E-05
 --------------Force and Moment -----------------------------
 Total Force Coefficient (CL, CD, CS) =
  -1.4426791909899856E-002   1.7619716228656344E-002  -2.8944334807273768E-021
 Total Moment Coefficient(CMx, CMy, CMz)=
   3.6066979774749658E-003   4.4049290571640861E-003  -6.1248208159096320E-003
 Kstep, t=         508   508.00000000000000     
 ----------The Max Residuals are--------  ---Mesh---           1
    0.3754018518E-04    0.1986244429E-04    0.1514909204E-04    0.1084273452E-18    0.2774886026E-04
   The R.M.S Residuals are 
    0.4394735066E-05    0.3960187181E-05    0.1744228918E-05    0.4577321008E-20    0.3832974460E-05
 --------------Force and Moment -----------------------------
 Total Force Coefficient (CL, CD, CS) =
  -1.4424203492084484E-002   1.7576002068481523E-002  -2.9487793737219199E-021
 Total Moment Coefficient(CMx, CMy, CMz)=
   3.6060508730211211E-003   4.3940005171203807E-003  -6.1293099824885535E-003
 Kstep, t=         509   509.00000000000000     
 ----------The Max Residuals are--------  ---Mesh---           1
    0.3739902234E-04    0.1981260738E-04    0.1506577359E-04    0.8131809855E-19    0.2765696897E-04
   The R.M.S Residuals are 
    0.4380664159E-05    0.3946023801E-05    0.1735427645E-05    0.4314264321E-20    0.3818153798E-05
 --------------Force and Moment -----------------------------
 Total Force Coefficient (CL, CD, CS) =
  -1.4421928383496856E-002   1.7532500676146666E-002  -2.9421390926327995E-021
 Total Moment Coefficient(CMx, CMy, CMz)=
   3.6054820958742132E-003   4.3831251690366665E-003  -6.1341612286378560E-003
 Kstep, t=         510   510.00000000000000     
 ----------The Max Residuals are--------  ---Mesh---           1
    0.3724795074E-04    0.1975702479E-04    0.1498151307E-04    0.8131690777E-19    0.2755776731E-04
   The R.M.S Residuals are 
    0.4366595659E-05    0.3931934972E-05    0.1726638414E-05    0.4208578175E-20    0.3803419580E-05
 --------------Force and Moment -----------------------------
 Total Force Coefficient (CL, CD, CS) =
  -1.4419953264029397E-002   1.7489210066333711E-002  -2.7308611564884305E-021
 Total Moment Coefficient(CMx, CMy, CMz)=
   3.6049883160073491E-003   4.3723025165834277E-003  -6.1393638496877794E-003
 Kstep, t=         511   511.00000000000000     
 ----------The Max Residuals are--------  ---Mesh---           1
    0.3708775840E-04    0.1969613019E-04    0.1489770500E-04    0.8131491737E-19    0.2745176998E-04
   The R.M.S Residuals are 
    0.4352526592E-05    0.3917918517E-05    0.1717861014E-05    0.4452224510E-20    0.3788769445E-05
 --------------Force and Moment -----------------------------
 Total Force Coefficient (CL, CD, CS) =
  -1.4418264867847343E-002   1.7446128260582949E-002  -2.5705799003057598E-021
 Total Moment Coefficient(CMx, CMy, CMz)=
   3.6045662169618352E-003   4.3615320651457373E-003  -6.1449071130752460E-003
 Kstep, t=         512   512.00000000000000     
 ----------The Max Residuals are--------  ---Mesh---           1
    0.3696719145E-04    0.1963036868E-04    0.1482357014E-04    0.1084211284E-18    0.2733950181E-04
   The R.M.S Residuals are 
    0.4338452913E-05    0.3903971534E-05    0.1709095257E-05    0.4407875321E-20    0.3774200697E-05
 --------------Force and Moment -----------------------------
 Total Force Coefficient (CL, CD, CS) =
  -1.4416849992421503E-002   1.7403253287899004E-002  -2.6546666328221063E-021
 Total Moment Coefficient(CMx, CMy, CMz)=
   3.6042124981053767E-003   4.3508133219747509E-003  -6.1507802674836982E-003
 Kstep, t=         513   513.00000000000000     
 ----------The Max Residuals are--------  ---Mesh---           1
    0.3687100943E-04    0.1956018367E-04    0.1474842426E-04    0.8132147019E-19    0.2722148531E-04
   The R.M.S Residuals are 
    0.4324369710E-05    0.3890090523E-05    0.1700340977E-05    0.4454932046E-20    0.3759710373E-05
 --------------Force and Moment -----------------------------
 Total Force Coefficient (CL, CD, CS) =
  -1.4415695507267946E-002   1.7360583185341109E-002  -2.6879138903091822E-021
 Total Moment Coefficient(CMx, CMy, CMz)=
   3.6039238768169890E-003   4.3401457963352773E-003  -6.1569725517599400E-003
 Kstep, t=         514   514.00000000000000     
 ----------The Max Residuals are--------  ---Mesh---           1
    0.3676395030E-04    0.1948600637E-04    0.1467232950E-04    0.8131695947E-19    0.2709823076E-04
   The R.M.S Residuals are 
    0.4310271725E-05    0.3876271727E-05    0.1691598041E-05    0.4490847991E-20    0.3745295342E-05
 --------------Force and Moment -----------------------------
 Total Force Coefficient (CL, CD, CS) =
  -1.4414788362389595E-002   1.7318115998597405E-002  -2.8643804517880236E-021
 Total Moment Coefficient(CMx, CMy, CMz)=
   3.6036970905973975E-003   4.3295289996493512E-003  -6.1634732036009270E-003
 Kstep, t=         515   515.00000000000000     
 ----------The Max Residuals are--------  ---Mesh---           1
    0.3664624137E-04    0.1940824784E-04    0.1459534740E-04    0.8132189670E-19    0.2697108187E-04
   The R.M.S Residuals are 
    0.4296154063E-05    0.3862511608E-05    0.1682866382E-05    0.4370872873E-20    0.3730952482E-05
 --------------Force and Moment -----------------------------
 Total Force Coefficient (CL, CD, CS) =
  -1.4414115596415063E-002   1.7275849782542638E-002  -3.0611620404953169E-021
 Total Moment Coefficient(CMx, CMy, CMz)=
   3.6035288991037675E-003   4.3189624456356594E-003  -6.1702714680041083E-003
 Kstep, t=         516   516.00000000000000     
 ----------The Max Residuals are--------  ---Mesh---           1
    0.3651818798E-04    0.1932729314E-04    0.1451753876E-04    0.8132176746E-19    0.2689041317E-04
   The R.M.S Residuals are 
    0.4282012922E-05    0.3848807332E-05    0.1674146039E-05    0.4305076027E-20    0.3716678885E-05
 --------------Force and Moment -----------------------------
 Total Force Coefficient (CL, CD, CS) =
  -1.4413664344431313E-002   1.7233782601779071E-002  -2.8699747511604973E-021
 Total Moment Coefficient(CMx, CMy, CMz)=
   3.6034160861078278E-003   4.3084456504447676E-003  -6.1773566054759317E-003
 Kstep, t=         517   517.00000000000000     
 ----------The Max Residuals are--------  ---Mesh---           1
    0.3638016680E-04    0.1924349712E-04    0.1443896338E-04    0.8132234907E-19    0.2680312884E-04
   The R.M.S Residuals are 
    0.4267846131E-05    0.3835157078E-05    0.1665437197E-05    0.4208737640E-20    0.3702472027E-05
 --------------Force and Moment -----------------------------
 Total Force Coefficient (CL, CD, CS) =
  -1.4413421845506962E-002   1.7191912531160106E-002  -3.0804033821109801E-021
 Total Moment Coefficient(CMx, CMy, CMz)=
   3.6033554613767436E-003   4.2979781327900264E-003  -6.1847178999932910E-003
 Kstep, t=         518   518.00000000000000     
 ----------The Max Residuals are--------  ---Mesh---           1
    0.3623261751E-04    0.1918002275E-04    0.1436042718E-04    0.5421586658E-19    0.2670937593E-04
   The R.M.S Residuals are 
    0.4253653341E-05    0.3821560111E-05    0.1656740222E-05    0.3886593402E-20    0.3688329865E-05
 --------------Force and Moment -----------------------------
 Total Force Coefficient (CL, CD, CS) =
  -1.4413375449904123E-002   1.7150237656296426E-002  -2.8257760248510095E-021
 Total Moment Coefficient(CMx, CMy, CMz)=
   3.6033438624760317E-003   4.2875594140741064E-003  -6.1923446667137838E-003
 Kstep, t=         519   519.00000000000000     
 ----------The Max Residuals are--------  ---Mesh---           1
    0.3607603297E-04    0.1912336226E-04    0.1428971604E-04    0.8131932469E-19    0.2660934976E-04
   The R.M.S Residuals are 
    0.4239435820E-05    0.3808016589E-05    0.1648055667E-05    0.4217253267E-20    0.3674250815E-05
 --------------Force and Moment -----------------------------
 Total Force Coefficient (CL, CD, CS) =
  -1.4413512625977003E-002   1.7108756074044516E-002  -2.9243303407302825E-021
 Total Moment Coefficient(CMx, CMy, CMz)=
   3.6033781564942533E-003   4.2771890185111291E-003  -6.2002262594309529E-003
 Kstep, t=         520   520.00000000000000     
 ----------The Max Residuals are--------  ---Mesh---           1
    0.3592225662E-04    0.1906209035E-04    0.1421809894E-04    0.5421545945E-19    0.2650329027E-04
   The R.M.S Residuals are 
    0.4225195898E-05    0.3794527190E-05    0.1639384244E-05    0.4201573500E-20    0.3660233679E-05
 --------------Force and Moment -----------------------------
 Total Force Coefficient (CL, CD, CS) =
  -1.4413820966756707E-002   1.7067465892976988E-002  -2.5128354576879868E-021
 Total Moment Coefficient(CMx, CMy, CMz)=
   3.6034552416891789E-003   4.2668664732442470E-003  -6.2083520777716488E-003
 Kstep, t=         521   521.00000000000000     
 ----------The Max Residuals are--------  ---Mesh---           1
    0.3581535412E-04    0.1899641078E-04    0.1414563764E-04    0.8131783835E-19    0.2639147649E-04
   The R.M.S Residuals are 
    0.4210936131E-05    0.3781092632E-05    0.1630726719E-05    0.4263045636E-20    0.3646277577E-05
 --------------Force and Moment -----------------------------
 Total Force Coefficient (CL, CD, CS) =
  -1.4414288196221807E-002   1.7026365233835127E-002  -2.4304716689864471E-021
 Total Moment Coefficient(CMx, CMy, CMz)=
   3.6035720490554552E-003   4.2565913084587816E-003  -6.2167115741329874E-003
 Kstep, t=         522   522.00000000000000     
 ----------The Max Residuals are--------  ---Mesh---           1
    0.3569979692E-04    0.1892655728E-04    0.1407239365E-04    0.8131744091E-19    0.2627421985E-04
   The R.M.S Residuals are 
    0.4196658431E-05    0.3767713210E-05    0.1622083767E-05    0.4047600037E-20    0.3632381889E-05
 --------------Force and Moment -----------------------------
 Total Force Coefficient (CL, CD, CS) =
  -1.4414902175255552E-002   1.6985452229962977E-002  -2.7255312322157914E-021
 Total Moment Coefficient(CMx, CMy, CMz)=
   3.6037255438138901E-003   4.2463630574907443E-003  -6.2252942603573643E-003
 Kstep, t=         523   523.00000000000000     
 ----------The Max Residuals are--------  ---Mesh---           1
    0.3557569262E-04    0.1885278619E-04    0.1399842797E-04    0.8131834241E-19    0.2615185670E-04
   The R.M.S Residuals are 
    0.4182363751E-05    0.3754388655E-05    0.1613455891E-05    0.4385924348E-20    0.3618546050E-05
 --------------Force and Moment -----------------------------
 Total Force Coefficient (CL, CD, CS) =
  -1.4415650907290774E-002   1.6944725027723269E-002  -2.7371602297213305E-021
 Total Moment Coefficient(CMx, CMy, CMz)=
   3.6039127268226922E-003   4.2361812569308172E-003  -6.2340897141443799E-003
 Kstep, t=         524   524.00000000000000     
 ----------The Max Residuals are--------  ---Mesh---           1
    0.3544319183E-04    0.1877536901E-04    0.1392983925E-04    0.5421489076E-19    0.2602788444E-04
   The R.M.S Residuals are 
    0.4168052464E-05    0.3741118381E-05    0.1604843472E-05    0.3846139740E-20    0.3604769175E-05
 --------------Force and Moment -----------------------------
 Total Force Coefficient (CL, CD, CS) =
  -1.4416522543644519E-002   1.6904181786895067E-002  -2.7402693914528584E-021
 Total Moment Coefficient(CMx, CMy, CMz)=
   3.6041306359111290E-003   4.2260454467237668E-003  -6.2430875851992246E-003
 Kstep, t=         525   525.00000000000000     
 ----------The Max Residuals are--------  ---Mesh---           1
    0.3530248848E-04    0.1869458526E-04    0.1386307219E-04    0.5421390202E-19    0.2593562877E-04
   The R.M.S Residuals are 
    0.4153724713E-05    0.3727901703E-05    0.1596246887E-05    0.3998480027E-20    0.3591049797E-05
 --------------Force and Moment -----------------------------
 Total Force Coefficient (CL, CD, CS) =
  -1.4417505388545110E-002   1.6863820681053070E-002  -2.8818436087604581E-021
 Total Moment Coefficient(CMx, CMy, CMz)=
   3.6043763471362783E-003   4.2159551702632674E-003  -6.2522776011177273E-003
 Kstep, t=         526   526.00000000000000     
 ----------The Max Residuals are--------  ---Mesh---           1
    0.3515381876E-04    0.1861071595E-04    0.1379547593E-04    0.8131907266E-19    0.2583854480E-04
   The R.M.S Residuals are 
    0.4139380229E-05    0.3714737751E-05    0.1587666548E-05    0.4182310807E-20    0.3577385911E-05
 --------------Force and Moment -----------------------------
 Total Force Coefficient (CL, CD, CS) =
  -1.4418587903854609E-002   1.6823639897928632E-002  -2.7368594182579119E-021
 Total Moment Coefficient(CMx, CMy, CMz)=
   3.6046469759636528E-003   4.2059099744821580E-003  -6.2616495730087856E-003
 Kstep, t=         527   527.00000000000000     
 ----------The Max Residuals are--------  ---Mesh---           1
    0.3499745923E-04    0.1854130680E-04    0.1372709691E-04    0.8131306914E-19    0.2573673274E-04
   The R.M.S Residuals are 
    0.4125018058E-05    0.3701625299E-05    0.1579102889E-05    0.4034447273E-20    0.3563775179E-05
 --------------Force and Moment -----------------------------
 Total Force Coefficient (CL, CD, CS) =
  -1.4419758713490560E-002   1.6783637639752720E-002  -2.5829600798600090E-021
 Total Moment Coefficient(CMx, CMy, CMz)=
   3.6049396783726399E-003   4.1959094099381800E-003  -6.2711934008553112E-003
 Kstep, t=         528   528.00000000000000     
 ----------The Max Residuals are--------  ---Mesh---           1
    0.3485080810E-04    0.1847781250E-04    0.1365798180E-04    0.8131862676E-19    0.2563030796E-04
   The R.M.S Residuals are 
    0.4110636567E-05    0.3688562776E-05    0.1570556365E-05    0.4042358546E-20    0.3550215111E-05
 --------------Force and Moment -----------------------------
 Total Force Coefficient (CL, CD, CS) =
  -1.4421006607551216E-002   1.6743812123580726E-002  -2.5312829383522827E-021
 Total Moment Coefficient(CMx, CMy, CMz)=
   3.6052516518878023E-003   4.1859530308951814E-003  -6.2808990786155580E-003
 Kstep, t=         529   529.00000000000000     
 ----------The Max Residuals are--------  ---Mesh---           1
    0.3473592000E-04    0.1841101175E-04    0.1358817765E-04    0.8131549736E-19    0.2551940294E-04
   The R.M.S Residuals are 
    0.4096233702E-05    0.3675548404E-05    0.1562027446E-05    0.4208126178E-20    0.3536703208E-05
 --------------Force and Moment -----------------------------
 Total Force Coefficient (CL, CD, CS) =
  -1.4422320546148967E-002   1.6704161581599389E-002  -2.3905684591410139E-021
 Total Moment Coefficient(CMx, CMy, CMz)=
   3.6055801365372422E-003   4.1760403953998472E-003  -6.2907566990668606E-003
 Kstep, t=         530   530.00000000000000     
 ----------The Max Residuals are--------  ---Mesh---           1
    0.3461374132E-04    0.1834099730E-04    0.1352564669E-04    0.5421605398E-19    0.2540416859E-04
   The R.M.S Residuals are 
    0.4081807316E-05    0.3662580393E-05    0.1553516637E-05    0.4134215629E-20    0.3523237073E-05
 --------------Force and Moment -----------------------------
 Total Force Coefficient (CL, CD, CS) =
  -1.4423689662957205E-002   1.6664684261415992E-002  -2.3727548875270950E-021
 Total Moment Coefficient(CMx, CMy, CMz)=
   3.6059224157392994E-003   4.1661710653539980E-003  -6.3007564583944728E-003
 Kstep, t=         531   531.00000000000000     
 ----------The Max Residuals are--------  ---Mesh---           1
    0.3448440629E-04    0.1826787745E-04    0.1346228230E-04    0.8131431637E-19    0.2528477491E-04
   The R.M.S Residuals are 
    0.4067355461E-05    0.3649657103E-05    0.1545024487E-05    0.4025226327E-20    0.3509814477E-05
 --------------Force and Moment -----------------------------
 Total Force Coefficient (CL, CD, CS) =
  -1.4425103268475880E-002   1.6625378426329992E-002  -2.2715208704023212E-021
 Total Moment Coefficient(CMx, CMy, CMz)=
   3.6062758171189701E-003   4.1563446065824980E-003  -6.3108886605284572E-003
 Kstep, t=         532   532.00000000000000     
 ----------The Max Residuals are--------  ---Mesh---           1
    0.3434805489E-04    0.1819177646E-04    0.1339810057E-04    0.1084235518E-18    0.2519190712E-04
   The R.M.S Residuals are 
    0.4052876590E-05    0.3636777157E-05    0.1536551597E-05    0.4383535644E-20    0.3496433399E-05
 --------------Force and Moment -----------------------------
 Total Force Coefficient (CL, CD, CS) =
  -1.4426550853021984E-002   1.6586242355587363E-002  -2.1875950827877338E-021
 Total Moment Coefficient(CMx, CMy, CMz)=
   3.6066377132554965E-003   4.1465605888968407E-003  -6.3211437212319461E-003
 Kstep, t=         533   533.00000000000000     
 ----------The Max Residuals are--------  ---Mesh---           1
    0.3420483787E-04    0.1811283405E-04    0.1333317284E-04    0.5421056745E-19    0.2509602711E-04
   The R.M.S Residuals are 
    0.4038369666E-05    0.3623939484E-05    0.1528098630E-05    0.3894339959E-20    0.3483092014E-05
 --------------Force and Moment -----------------------------
 Total Force Coefficient (CL, CD, CS) =
  -1.4428022089450824E-002   1.6547274344617773E-002  -2.3453106486629519E-021
 Total Moment Coefficient(CMx, CMy, CMz)=
   3.6070055223627068E-003   4.1368185861544431E-003  -6.3315121719445221E-003
 Kstep, t=         534   534.00000000000000     
 ----------The Max Residuals are--------  ---Mesh---           1
    0.3405492140E-04    0.1805107886E-04    0.1326756464E-04    0.8131365721E-19    0.2499579137E-04
   The R.M.S Residuals are 
    0.4023834161E-05    0.3611143314E-05    0.1519666308E-05    0.3934045917E-20    0.3469788659E-05
 --------------Force and Moment -----------------------------
 Total Force Coefficient (CL, CD, CS) =
  -1.4429506835614673E-002   1.6508472705255017E-002  -2.4361746325647696E-021
 Total Moment Coefficient(CMx, CMy, CMz)=
   3.6073767089036695E-003   4.1271181763137543E-003  -6.3419846633847076E-003
 Kstep, t=         535   535.00000000000000     
 ----------The Max Residuals are--------  ---Mesh---           1
    0.3389849089E-04    0.1798822525E-04    0.1320133607E-04    0.1084214451E-18    0.2489136581E-04
   The R.M.S Residuals are 
    0.4009269978E-05    0.3598388112E-05    0.1511255407E-05    0.4296332621E-20    0.3456521784E-05
 --------------Force and Moment -----------------------------
 Total Force Coefficient (CL, CD, CS) =
  -1.4430995136565476E-002   1.6469835765940903E-002  -2.5479350600424161E-021
 Total Moment Coefficient(CMx, CMy, CMz)=
   3.6077487841413699E-003   4.1174589414852258E-003  -6.3525519689157720E-003
 Kstep, t=         536   536.00000000000000     
 ----------The Max Residuals are--------  ---Mesh---           1
    0.3373575362E-04    0.1792227474E-04    0.1313454230E-04    0.8131403364E-19    0.2478291558E-04
   The R.M.S Residuals are 
    0.3994677236E-05    0.3585673456E-05    0.1502866725E-05    0.4134368715E-20    0.3443289929E-05
 --------------Force and Moment -----------------------------
 Total Force Coefficient (CL, CD, CS) =
  -1.4432477226508334E-002   1.6431361871912853E-002  -2.2737742884560297E-021
 Total Moment Coefficient(CMx, CMy, CMz)=
   3.6081193066270834E-003   4.1078404679782132E-003  -6.3632049876795136E-003
 Kstep, t=         537   537.00000000000000     
 ----------The Max Residuals are--------  ---Mesh---           1
    0.3358614401E-04    0.1785334492E-04    0.1306723401E-04    0.5421265479E-19    0.2467060615E-04
   The R.M.S Residuals are 
    0.3980055969E-05    0.3572998859E-05    0.1494501024E-05    0.4285888212E-20    0.3430091743E-05
 --------------Force and Moment -----------------------------
 Total Force Coefficient (CL, CD, CS) =
  -1.4433943530512788E-002   1.6393049385375644E-002  -2.1187297905670038E-021
 Total Moment Coefficient(CMx, CMy, CMz)=
   3.6084858826281965E-003   4.0982623463439111E-003  -6.3739347475026244E-003
 Kstep, t=         538   538.00000000000000     
 ----------The Max Residuals are--------  ---Mesh---           1
    0.3345771973E-04    0.1778155297E-04    0.1300254042E-04    0.8131915505E-19    0.2455460470E-04
   The R.M.S Residuals are 
    0.3965405855E-05    0.3560363616E-05    0.1486158959E-05    0.4199965691E-20    0.3416926002E-05
 --------------Force and Moment -----------------------------
 Total Force Coefficient (CL, CD, CS) =
  -1.4435384665989121E-002   1.6354896685657538E-002  -2.3131603980443894E-021
 Total Moment Coefficient(CMx, CMy, CMz)=
   3.6088461664972810E-003   4.0887241714143846E-003  -6.3847324075807206E-003
 Kstep, t=         539   539.00000000000000     
 ----------The Max Residuals are--------  ---Mesh---           1
    0.3333887445E-04    0.1770701762E-04    0.1294368234E-04    0.8131958318E-19    0.2443508163E-04
   The R.M.S Residuals are 
    0.3950726243E-05    0.3547766803E-05    0.1477841049E-05    0.4150746850E-20    0.3403791546E-05
 --------------Force and Moment -----------------------------
 Total Force Coefficient (CL, CD, CS) =
  -1.4436791443936439E-002   1.6316902169351173E-002  -2.5363672057176061E-021
 Total Moment Coefficient(CMx, CMy, CMz)=
   3.6091978609841101E-003   4.0792255423377933E-003  -6.3955892609449741E-003
 Kstep, t=         540   540.00000000000000     
 ----------The Max Residuals are--------  ---Mesh---           1
    0.3325028533E-04    0.1762986125E-04    0.1288373220E-04    0.1084233063E-18    0.2431221212E-04
   The R.M.S Residuals are 
    0.3936016498E-05    0.3535207459E-05    0.1469547730E-05    0.4295339401E-20    0.3390687112E-05
 --------------Force and Moment -----------------------------
 Total Force Coefficient (CL, CD, CS) =
  -1.4438154869970150E-002   1.6279064250439627E-002  -2.5501033208352100E-021
 Total Moment Coefficient(CMx, CMy, CMz)=
   3.6095387174925383E-003   4.0697660626099067E-003  -6.4064967367166610E-003
 Kstep, t=         541   541.00000000000000     
 ----------The Max Residuals are--------  ---Mesh---           1
    0.3315394662E-04    0.1755021179E-04    0.1282279803E-04    0.8131462010E-19    0.2420944982E-04
   The R.M.S Residuals are 
    0.3921276293E-05    0.3522684741E-05    0.1461279440E-05    0.4120962091E-20    0.3377611205E-05
 --------------Force and Moment -----------------------------
 Total Force Coefficient (CL, CD, CS) =
  -1.4439466145135719E-002   1.6241381360407939E-002  -2.3872982117755214E-021
 Total Moment Coefficient(CMx, CMy, CMz)=
   3.6098665362839307E-003   4.0603453401019847E-003  -6.4174464021550075E-003
 Kstep, t=         542   542.00000000000000     
 ----------The Max Residuals are--------  ---Mesh---           1
    0.3304989410E-04    0.1746820430E-04    0.1276098251E-04    0.5421476152E-19    0.2411204424E-04
   The R.M.S Residuals are 
    0.3906505582E-05    0.3510197923E-05    0.1453036674E-05    0.3905780201E-20    0.3364562115E-05
 --------------Force and Moment -----------------------------
 Total Force Coefficient (CL, CD, CS) =
  -1.4440716666516024E-002   1.6203851948340481E-002  -2.1694107823292290E-021
 Total Moment Coefficient(CMx, CMy, CMz)=
   3.6101791666290060E-003   4.0509629870851202E-003  -6.4284299645036369E-003
 Kstep, t=         543   543.00000000000000     
 ----------The Max Residuals are--------  ---Mesh---           1
    0.3293828466E-04    0.1738877375E-04    0.1269838238E-04    0.8131455548E-19    0.2401104843E-04
   The R.M.S Residuals are 
    0.3891704442E-05    0.3497746324E-05    0.1444819999E-05    0.3918167744E-20    0.3351538023E-05
 --------------Force and Moment -----------------------------
 Total Force Coefficient (CL, CD, CS) =
  -1.4441898027636933E-002   1.6166474481004719E-002  -2.2315390250254168E-021
 Total Moment Coefficient(CMx, CMy, CMz)=
   3.6104745069092344E-003   4.0416186202511797E-003  -6.4394392726397215E-003
 Kstep, t=         544   544.00000000000000     
 ----------The Max Residuals are--------  ---Mesh---           1
    0.3306748197E-04    0.1732682469E-04    0.1263508789E-04    0.5421199563E-19    0.2390653200E-04
   The R.M.S Residuals are 
    0.3876872983E-05    0.3485329279E-05    0.1436630043E-05    0.3969177573E-20    0.3338537137E-05
 --------------Force and Moment -----------------------------
 Total Force Coefficient (CL, CD, CS) =
  -1.4443002018640964E-002   1.6129247442996535E-002  -2.0916214193049998E-021
 Total Moment Coefficient(CMx, CMy, CMz)=
   3.6107505046602418E-003   4.0323118607491337E-003  -6.4504663185076822E-003
 Kstep, t=         545   545.00000000000000     
 ----------The Max Residuals are--------  ---Mesh---           1
    0.3330641480E-04    0.1726214140E-04    0.1257118267E-04    0.8131715980E-19    0.2396331785E-04
   The R.M.S Residuals are 
    0.3862011373E-05    0.3472946172E-05    0.1428467476E-05    0.3986504270E-20    0.3325557777E-05
 --------------Force and Moment -----------------------------
 Total Force Coefficient (CL, CD, CS) =
  -1.4444020626221080E-002   1.6092169336934806E-002  -2.2314120762284703E-021
 Total Moment Coefficient(CMx, CMy, CMz)=
   3.6110051565552709E-003   4.0230423342337016E-003  -6.4615032383337767E-003
 Kstep, t=         546   546.00000000000000     
 ----------The Max Residuals are--------  ---Mesh---           1
    0.3353317739E-04    0.1719474114E-04    0.1250674371E-04    0.1084129536E-18    0.2410800119E-04
   The R.M.S Residuals are 
    0.3847119899E-05    0.3460596476E-05    0.1420333000E-05    0.4080019758E-20    0.3312598425E-05
 --------------Force and Moment -----------------------------
 Total Force Coefficient (CL, CD, CS) =
  -1.4444946033342565E-002   1.6055238683671626E-002  -2.2351397928990386E-021
 Total Moment Coefficient(CMx, CMy, CMz)=
   3.6112365083356425E-003   4.0138096709179064E-003  -6.4725423136388132E-003
 Kstep, t=         547   547.00000000000000     
 ----------The Max Residuals are--------  ---Mesh---           1
    0.3374757959E-04    0.1720664071E-04    0.1244184148E-04    0.8132299530E-19    0.2424477023E-04
   The R.M.S Residuals are 
    0.3832198993E-05    0.3448279776E-05    0.1412227327E-05    0.3972894581E-20    0.3299657718E-05
 --------------Force and Moment -----------------------------
 Total Force Coefficient (CL, CD, CS) =
  -1.4445770618862689E-002   1.6018454022342907E-002  -2.2763327514572030E-021
 Total Moment Coefficient(CMx, CMy, CMz)=
   3.6114426547156730E-003   4.0046135055857267E-003  -6.4835759721185481E-003
 Kstep, t=         548   548.00000000000000     
 ----------The Max Residuals are--------  ---Mesh---           1
    0.3394990570E-04    0.1730383222E-04    0.1237654030E-04    0.1084292516E-18    0.2437334689E-04
   The R.M.S Residuals are 
    0.3817249224E-05    0.3435995757E-05    0.1404151179E-05    0.4435732464E-20    0.3286734423E-05
 --------------Force and Moment -----------------------------
 Total Force Coefficient (CL, CD, CS) =
  -1.4446486956965323E-002   1.5981813910487353E-002  -2.5041604209719821E-021
 Total Moment Coefficient(CMx, CMy, CMz)=
   3.6116217392413320E-003   3.9954534776218383E-003  -6.4945967883434921E-003
 Kstep, t=         549   549.00000000000000     
 ----------The Max Residuals are--------  ---Mesh---           1
    0.3414086261E-04    0.1739545660E-04    0.1231089866E-04    0.5421762434E-19    0.2449374582E-04
   The R.M.S Residuals are 
    0.3802271220E-05    0.3423744158E-05    0.1396105267E-05    0.4034225241E-20    0.3273827404E-05
 --------------Force and Moment -----------------------------
 Total Force Coefficient (CL, CD, CS) =
  -1.4447087816386669E-002   1.5945316924279068E-002  -2.3629384671549132E-021
 Total Moment Coefficient(CMx, CMy, CMz)=
   3.6117719540966686E-003   3.9863292310697669E-003  -6.5055974842637932E-003
 Kstep, t=         550   550.00000000000000     
 ----------The Max Residuals are--------  ---Mesh---           1
    0.3432141847E-04    0.1748240200E-04    0.1224496973E-04    0.5421361768E-19    0.2460622633E-04
   The R.M.S Residuals are 
    0.3787265539E-05    0.3411524698E-05    0.1388090273E-05    0.3870273158E-20    0.3260935610E-05
  flow chunk done, Kstep=         550  tt=   550.00000000000000     
   GS iter           1  res=   2.2217465109406476E-003  Ts(1,1,1)=   636.58337903047664       Ts(nx-1,ny-1,1)=   340.20676640646263     
   GS iter           2  res=   2.2217318455659552E-003  Ts(1,1,1)=   636.58115729863107       Ts(nx-1,ny-1,1)=   340.20650100339981     
   GS iter           3  res=   2.2217171805323233E-003  Ts(1,1,1)=   636.57893558145054       Ts(nx-1,ny-1,1)=   340.20623560208890     
   GS iter           4  res=   2.2217025150439440E-003  Ts(1,1,1)=   636.57671387893549       Ts(nx-1,ny-1,1)=   340.20597020253012     
   GS iter           5  res=   2.2216878504650595E-003  Ts(1,1,1)=   636.57449219108503       Ts(nx-1,ny-1,1)=   340.20570480472344     
 Solid solver Block           2  GS iterations:       20001  final res:   1.9469889789434092E-003
   DBG: Ts(1,1,1)=   594.95867515247892       Ts(nx/2,ny/2,1)=   593.85304529041457       Ts(nx-1,ny-1,1)=   335.23438181565302     
  solid chunk done, outer iter           4  max|dT_w|=   41.627063010607344       K  T_w range [   594.95063541936850      ,   594.95964864696839      ]  max|q_w|=   97349.448947607947     
  outer iter           5 : flow chunk steps =          50
 --------------Force and Moment -----------------------------
 Total Force Coefficient (CL, CD, CS) =
  -1.4447566159700683E-002   1.5908961658387274E-002  -2.3493504922820889E-021
 Total Moment Coefficient(CMx, CMy, CMz)=
   3.6118915399251730E-003   3.9772404145968186E-003  -6.5165709296869786E-003
 Kstep, t=         551   551.00000000000000     
 ----------The Max Residuals are--------  ---Mesh---           1
    0.3449252839E-04    0.1756564534E-04    0.1218257770E-04    0.1084217553E-18    0.2471122106E-04
   The R.M.S Residuals are 
    0.3772232510E-05    0.3399336980E-05    0.1380106810E-05    0.4490980584E-20    0.3248058079E-05
 --------------Force and Moment -----------------------------
 Total Force Coefficient (CL, CD, CS) =
  -1.4447915142531567E-002   1.5872746725799847E-002  -2.3157596939629021E-021
 Total Moment Coefficient(CMx, CMy, CMz)=
   3.6119787856328934E-003   3.9681866814499618E-003  -6.5275101426492598E-003
 Kstep, t=         552   552.00000000000000     
 ----------The Max Residuals are--------  ---Mesh---           1
    0.3465476134E-04    0.1764590398E-04    0.1212602766E-04    0.1084229314E-18    0.2480926705E-04
   The R.M.S Residuals are 
    0.3757172159E-05    0.3387180442E-05    0.1372155396E-05    0.4071937720E-20    0.3235193943E-05
 --------------Force and Moment -----------------------------
 Total Force Coefficient (CL, CD, CS) =
  -1.4448128112590906E-002   1.5836670757741266E-002  -2.2224454933296882E-021
 Total Moment Coefficient(CMx, CMy, CMz)=
   3.6120320281477257E-003   3.9591676894353165E-003  -6.5384082896200301E-003
 Kstep, t=         553   553.00000000000000     
 ----------The Max Residuals are--------  ---Mesh---           1
    0.3480795044E-04    0.1772328189E-04    0.1206862987E-04    0.8131705640E-19    0.2490090767E-04
   The R.M.S Residuals are 
    0.3742084349E-05    0.3375054417E-05    0.1364236455E-05    0.4152011138E-20    0.3222342368E-05
 --------------Force and Moment -----------------------------
 Total Force Coefficient (CL, CD, CS) =
  -1.4448198608544276E-002   1.5800732403558095E-002  -2.1885848538954933E-021
 Total Moment Coefficient(CMx, CMy, CMz)=
   3.6120496521360682E-003   3.9501831008895236E-003  -6.5492586855485637E-003
 Kstep, t=         554   554.00000000000000     
 ----------The Max Residuals are--------  ---Mesh---           1
    0.3495110998E-04    0.1779710326E-04    0.1201045739E-04    0.8131537619E-19    0.2498651732E-04
   The R.M.S Residuals are 
    0.3726969118E-05    0.3362958304E-05    0.1356350375E-05    0.4022433941E-20    0.3209502472E-05
 --------------Force and Moment -----------------------------
 Total Force Coefficient (CL, CD, CS) =
  -1.4448120358403748E-002   1.5764930331195765E-002  -1.9676782717381201E-021
 Total Moment Coefficient(CMx, CMy, CMz)=
   3.6120300896009387E-003   3.9412325827989413E-003  -6.5600547935573796E-003
 Kstep, t=         555   555.00000000000000     
 ----------The Max Residuals are--------  ---Mesh---           1
    0.3508277115E-04    0.1786609701E-04    0.1195158194E-04    0.1084237198E-18    0.2506610231E-04
   The R.M.S Residuals are 
    0.3711826947E-05    0.3350891718E-05    0.1348497575E-05    0.4361791877E-20    0.3196673293E-05
 --------------Force and Moment -----------------------------
 Total Force Coefficient (CL, CD, CS) =
  -1.4447887278272786E-002   1.5729263226822388E-002  -2.0637581440443071E-021
 Total Moment Coefficient(CMx, CMy, CMz)=
   3.6119718195681957E-003   3.9323158067055969E-003  -6.5707902247950723E-003
 Kstep, t=         556   556.00000000000000     
 ----------The Max Residuals are--------  ---Mesh---           1
    0.3520156970E-04    0.1792886808E-04    0.1189207343E-04    0.8131709518E-19    0.2513924379E-04
   The R.M.S Residuals are 
    0.3696658802E-05    0.3338854522E-05    0.1340678547E-05    0.3898319615E-20    0.3183853847E-05
 --------------Force and Moment -----------------------------
 Total Force Coefficient (CL, CD, CS) =
  -1.4447493471119194E-002   1.5693729794430823E-002  -2.1226207271935190E-021
 Total Moment Coefficient(CMx, CMy, CMz)=
   3.6118733677798004E-003   3.9234324486077058E-003  -6.5814587382658695E-003
 Kstep, t=         557   557.00000000000000     
 ----------The Max Residuals are--------  ---Mesh---           1
    0.3530673106E-04    0.1798439093E-04    0.1183199953E-04    0.8131589964E-19    0.2520527193E-04
   The R.M.S Residuals are 
    0.3681465976E-05    0.3326846770E-05    0.1332893848E-05    0.3944137768E-20    0.3171043249E-05
 --------------Force and Moment -----------------------------
 Total Force Coefficient (CL, CD, CS) =
  -1.4446933225322490E-002   1.5658328755629721E-002  -2.1554978654949011E-021
 Total Moment Coefficient(CMx, CMy, CMz)=
   3.6117333063306230E-003   3.9145821889074303E-003  -6.5920542404712314E-003
 Kstep, t=         558   558.00000000000000     
 ----------The Max Residuals are--------  ---Mesh---           1
    0.3539823754E-04    0.1803229047E-04    0.1177142533E-04    0.6776311076E-19    0.2526356145E-04
   The R.M.S Residuals are 
    0.3666249886E-05    0.3314868610E-05    0.1325144072E-05    0.4053590015E-20    0.3158240780E-05
 --------------Force and Moment -----------------------------
 Total Force Coefficient (CL, CD, CS) =
  -1.4446201013001526E-002   1.5623058849494841E-002  -2.0005216411025133E-021
 Total Moment Coefficient(CMx, CMy, CMz)=
   3.6115502532503827E-003   3.9057647123737103E-003  -6.6025707848568552E-003
 Kstep, t=         559   559.00000000000000     
 ----------The Max Residuals are--------  ---Mesh---           1
    0.3547670367E-04    0.1807284865E-04    0.1171041301E-04    0.1084172704E-18    0.2531376242E-04
   The R.M.S Residuals are 
    0.3651011906E-05    0.3302920201E-05    0.1317429806E-05    0.4223529120E-20    0.3145445890E-05
 --------------Force and Moment -----------------------------
 Total Force Coefficient (CL, CD, CS) =
  -1.4445291488374363E-002   1.5587918832317867E-002  -2.0010208613591023E-021
 Total Moment Coefficient(CMx, CMy, CMz)=
   3.6113228720935911E-003   3.8969797080794667E-003  -6.6130025712576885E-003
 Kstep, t=         560   560.00000000000000     
 ----------The Max Residuals are--------  ---Mesh---           1
    0.3554310390E-04    0.1810681437E-04    0.1164902168E-04    0.1084220073E-18    0.2535586868E-04
   The R.M.S Residuals are 
    0.3635753269E-05    0.3291001645E-05    0.1309751600E-05    0.4299020202E-20    0.3132658141E-05
 --------------Force and Moment -----------------------------
 Total Force Coefficient (CL, CD, CS) =
  -1.4444199485920033E-002   1.5552907477501416E-002  -2.1762274925248467E-021
 Total Moment Coefficient(CMx, CMy, CMz)=
   3.6110498714800091E-003   3.8882268693753541E-003  -6.6233439451683102E-003
 Kstep, t=         561   561.00000000000000     
 ----------The Max Residuals are--------  ---Mesh---           1
    0.3559848704E-04    0.1813513754E-04    0.1158730715E-04    0.1084256650E-18    0.2539014470E-04
   The R.M.S Residuals are 
    0.3620475034E-05    0.3279112964E-05    0.1302109944E-05    0.4354902812E-20    0.3119877152E-05
 --------------Force and Moment -----------------------------
 Total Force Coefficient (CL, CD, CS) =
  -1.4442920018211290E-002   1.5518023575601824E-002  -2.3230682679056205E-021
 Total Moment Coefficient(CMx, CMy, CMz)=
   3.6107300045528255E-003   3.8795058939004559E-003  -6.6335893967455119E-003
 Kstep, t=         562   562.00000000000000     
 ----------The Max Residuals are--------  ---Mesh---           1
    0.3564375763E-04    0.1815872638E-04    0.1152532183E-04    0.5421319116E-19    0.2541698666E-04
   The R.M.S Residuals are 
    0.3605178109E-05    0.3267254096E-05    0.1294505266E-05    0.3952817050E-20    0.3107102557E-05
 --------------Force and Moment -----------------------------
 Total Force Coefficient (CL, CD, CS) =
  -1.4441448273493879E-002   1.5483265934814913E-002  -2.4966916104238285E-021
 Total Moment Coefficient(CMx, CMy, CMz)=
   3.6103620683734716E-003   3.8708164837037281E-003  -6.6437335596360612E-003
 Kstep, t=         563   563.00000000000000     
 ----------The Max Residuals are--------  ---Mesh---           1
    0.3567955291E-04    0.1817828297E-04    0.1146311466E-04    0.8132196133E-19    0.2543678866E-04
   The R.M.S Residuals are 
    0.3589863307E-05    0.3255424921E-05    0.1286937934E-05    0.4121607712E-20    0.3094333991E-05
 --------------Force and Moment -----------------------------
 Total Force Coefficient (CL, CD, CS) =
  -1.4439779613731638E-002   1.5448633380846547E-002  -2.3588791939751613E-021
 Total Moment Coefficient(CMx, CMy, CMz)=
   3.6099449034329078E-003   3.8621583452116367E-003  -6.6537712100463936E-003
 Kstep, t=         564   564.00000000000000     
 ----------The Max Residuals are--------  ---Mesh---           1
    0.3570621085E-04    0.1819423094E-04    0.1140073110E-04    0.8131009646E-19    0.2544985413E-04
   The R.M.S Residuals are 
    0.3574531420E-05    0.3243625301E-05    0.1279408260E-05    0.3776374316E-20    0.3081571105E-05
 --------------Force and Moment -----------------------------
 Total Force Coefficient (CL, CD, CS) =
  -1.4437909573010499E-002   1.5414124756151875E-002  -2.0412592541305227E-021
 Total Moment Coefficient(CMx, CMy, CMz)=
   3.6094773932526247E-003   3.8535311890379688E-003  -6.6636972660128460E-003
 Kstep, t=         565   565.00000000000000     
 ----------The Max Residuals are--------  ---Mesh---           1
    0.3572380650E-04    0.1820672215E-04    0.1134534774E-04    0.5421510402E-19    0.2545636198E-04
   The R.M.S Residuals are 
    0.3559183286E-05    0.3231855118E-05    0.1271916516E-05    0.3989967035E-20    0.3068813590E-05
 --------------Force and Moment -----------------------------
 Total Force Coefficient (CL, CD, CS) =
  -1.4435833855683394E-002   1.5379738919657764E-002  -2.0846165572184645E-021
 Total Moment Coefficient(CMx, CMy, CMz)=
   3.6089584639208486E-003   3.8449347299144409E-003  -6.6735067864993527E-003
 Kstep, t=         566   566.00000000000000     
 ----------The Max Residuals are--------  ---Mesh---           1
    0.3573222886E-04    0.1821569601E-04    0.1133329216E-04    0.8131798698E-19    0.2545637731E-04
   The R.M.S Residuals are 
    0.3543819851E-05    0.3220114311E-05    0.1264462938E-05    0.4015017595E-20    0.3056061202E-05
 --------------Force and Moment -----------------------------
 Total Force Coefficient (CL, CD, CS) =
  -1.4433548334295509E-002   1.5345474746521509E-002  -2.0949511200645267E-021
 Total Moment Coefficient(CMx, CMy, CMz)=
   3.6083870835738776E-003   3.8363686866303773E-003  -6.6831949703089850E-003
 Kstep, t=         567   567.00000000000000     
 ----------The Max Residuals are--------  ---Mesh---           1
    0.3573127229E-04    0.1822096330E-04    0.1132045461E-04    0.5421449010E-19    0.2544988841E-04
   The R.M.S Residuals are 
    0.3528442201E-05    0.3208402899E-05    0.1257047733E-05    0.3815061026E-20    0.3043313781E-05
 --------------Force and Moment -----------------------------
 Total Force Coefficient (CL, CD, CS) =
  -1.4431049047174394E-002   1.5311331128202141E-002  -2.0846630106546732E-021
 Total Moment Coefficient(CMx, CMy, CMz)=
   3.6077622617935973E-003   3.8278327820505352E-003  -6.6927571547455017E-003
 Kstep, t=         568   568.00000000000000     
 ----------The Max Residuals are--------  ---Mesh---           1
    0.3572072295E-04    0.1822229166E-04    0.1130682344E-04    0.8131595781E-19    0.2543685206E-04
   The R.M.S Residuals are 
    0.3513051581E-05    0.3196720990E-05    0.1249671087E-05    0.4264818073E-20    0.3030571263E-05
 --------------Force and Moment -----------------------------
 Total Force Coefficient (CL, CD, CS) =
  -1.4428332196334576E-002   1.5277306972284176E-002  -2.0789323463268034E-021
 Total Moment Coefficient(CMx, CMy, CMz)=
   3.6070830490836448E-003   3.8193267430710440E-003  -6.7021888144767486E-003
 Kstep, t=         569   569.00000000000000     
 ----------The Max Residuals are--------  ---Mesh---           1
    0.3570042845E-04    0.1821947753E-04    0.1129237712E-04    0.8131962196E-19    0.2541723394E-04
   The R.M.S Residuals are 
    0.3497649395E-05    0.3185068786E-05    0.1242333164E-05    0.4056582638E-20    0.3017833679E-05
 --------------Force and Moment -----------------------------
 Total Force Coefficient (CL, CD, CS) =
  -1.4425394145432697E-002   1.5243401202274368E-002  -2.2708977114655137E-021
 Total Moment Coefficient(CMx, CMy, CMz)=
   3.6063485363581759E-003   3.8108503005685919E-003  -6.7114855604245155E-003
 Kstep, t=         570   570.00000000000000     
 ----------The Max Residuals are--------  ---Mesh---           1
    0.3567034578E-04    0.1821239777E-04    0.1127709088E-04    0.5421264186E-19    0.2539103685E-04
   The R.M.S Residuals are 
    0.3482237182E-05    0.3173446569E-05    0.1235034111E-05    0.3899636800E-20    0.3005101149E-05
 --------------Force and Moment -----------------------------
 Total Force Coefficient (CL, CD, CS) =
  -1.4422231417402450E-002   1.5209612757654751E-002  -2.1876262827406264E-021
 Total Moment Coefficient(CMx, CMy, CMz)=
   3.6055578543506142E-003   3.8024031894136876E-003  -6.7206431383893357E-003
 Kstep, t=         571   571.00000000000000     
 ----------The Max Residuals are--------  ---Mesh---           1
    0.3563056714E-04    0.1820103940E-04    0.1126094219E-04    0.8132008078E-19    0.2535831504E-04
   The R.M.S Residuals are 
    0.3466816601E-05    0.3161854695E-05    0.1227774057E-05    0.3989432545E-20    0.2992373871E-05
 --------------Force and Moment -----------------------------
 Total Force Coefficient (CL, CD, CS) =
  -1.4418840692128178E-002   1.5175940593872622E-002  -2.1246198543648226E-021
 Total Moment Coefficient(CMx, CMy, CMz)=
   3.6047101730320432E-003   3.7939851484681555E-003  -6.7296574276855172E-003
 Kstep, t=         572   572.00000000000000     
 ----------The Max Residuals are--------  ---Mesh---           1
    0.3558132592E-04    0.1818550963E-04    0.1124391502E-04    0.5421454826E-19    0.2531917649E-04
   The R.M.S Residuals are 
    0.3451389390E-05    0.3150293568E-05    0.1220553116E-05    0.3831890883E-20    0.2979652102E-05
 --------------Force and Moment -----------------------------
 Total Force Coefficient (CL, CD, CS) =
  -1.4415218804426186E-002   1.5142383681999855E-002  -2.2869570119981905E-021
 Total Moment Coefficient(CMx, CMy, CMz)=
   3.6038047011065465E-003   3.7855959204999637E-003  -6.7385244400067013E-003
 Kstep, t=         573   573.00000000000000     
 ----------The Max Residuals are--------  ---Mesh---           1
    0.3552298443E-04    0.1816602766E-04    0.1122600211E-04    0.8131703702E-19    0.2527377775E-04
   The R.M.S Residuals are 
    0.3435957338E-05    0.3138763632E-05    0.1213371383E-05    0.3855996854E-20    0.2966936152E-05
 --------------Force and Moment -----------------------------
 Total Force Coefficient (CL, CD, CS) =
  -1.4411362741111749E-002   1.5108941009564154E-002  -2.0329678721031028E-021
 Total Moment Coefficient(CMx, CMy, CMz)=
   3.6028406852779376E-003   3.7772352523910385E-003  -6.7472403176196240E-003
 Kstep, t=         574   574.00000000000000     
 ----------The Max Residuals are--------  ---Mesh---           1
    0.3545600224E-04    0.1814289736E-04    0.1120720445E-04    0.5421290682E-19    0.2522231673E-04
   The R.M.S Residuals are 
    0.3420522249E-05    0.3127265346E-05    0.1206228939E-05    0.3683913170E-20    0.2954226364E-05
 --------------Force and Moment -----------------------------
 Total Force Coefficient (CL, CD, CS) =
  -1.4407269639384660E-002   1.5075611579859335E-002  -1.9835158135390757E-021
 Total Moment Coefficient(CMx, CMy, CMz)=
   3.6018174098461663E-003   3.7689028949648338E-003  -6.7558013324425662E-003
 Kstep, t=         575   575.00000000000000     
 ----------The Max Residuals are--------  ---Mesh---           1
    0.3538088115E-04    0.1811645622E-04    0.1118752604E-04    0.5421325579E-19    0.2516502899E-04
   The R.M.S Residuals are 
    0.3405085906E-05    0.3115799172E-05    0.1199125846E-05    0.3807044453E-20    0.2941523109E-05
 --------------Force and Moment -----------------------------
 Total Force Coefficient (CL, CD, CS) =
  -1.4402936785398864E-002   1.5042394411339876E-002  -1.9793344349930182E-021
 Total Moment Coefficient(CMx, CMy, CMz)=
   3.6007341963497164E-003   3.7605986028349690E-003  -6.7642038852497675E-003
 Kstep, t=         576   576.00000000000000     
 ----------The Max Residuals are--------  ---Mesh---           1
    0.3529808368E-04    0.1808699628E-04    0.1116696261E-04    0.5421449656E-19    0.2510219100E-04
   The R.M.S Residuals are 
    0.3389650037E-05    0.3104365549E-05    0.1192062142E-05    0.3822041304E-20    0.2928826781E-05
 --------------Force and Moment -----------------------------
 Total Force Coefficient (CL, CD, CS) =
  -1.4398361612417653E-002   1.5009288537062147E-002  -2.0545280385584426E-021
 Total Moment Coefficient(CMx, CMy, CMz)=
   3.5995904031044129E-003   3.7523221342655368E-003  -6.7724445046271542E-003
 Kstep, t=         577   577.00000000000000     
 ----------The Max Residuals are--------  ---Mesh---           1
    0.3520793328E-04    0.1805466306E-04    0.1114548529E-04    0.6776404780E-19    0.2503412853E-04
   The R.M.S Residuals are 
    0.3374216280E-05    0.3092964880E-05    0.1185037843E-05    0.4153147045E-20    0.2916137798E-05
 --------------Force and Moment -----------------------------
 Total Force Coefficient (CL, CD, CS) =
  -1.4393541698218108E-002   1.4976293004937517E-002  -2.1897781372285094E-021
 Total Moment Coefficient(CMx, CMy, CMz)=
   3.5983854245545256E-003   3.7440732512343793E-003  -6.7805198453306159E-003
 Kstep, t=         578   578.00000000000000     
 ----------The Max Residuals are--------  ---Mesh---           1
    0.3511052844E-04    0.1801936240E-04    0.1112302512E-04    0.8131842319E-19    0.2496122058E-04
   The R.M.S Residuals are 
    0.3358786157E-05    0.3081597520E-05    0.1178052928E-05    0.3796887616E-20    0.2903456605E-05
 --------------Force and Moment -----------------------------
 Total Force Coefficient (CL, CD, CS) =
  -1.4388474763148022E-002   1.4943406877466557E-002  -2.0937828243094430E-021
 Total Moment Coefficient(CMx, CMy, CMz)=
   3.5971186907870034E-003   3.7358517193666393E-003  -6.7884266871751971E-003
 Kstep, t=         579   579.00000000000000     
 ----------The Max Residuals are--------  ---Mesh---           1
    0.3500572637E-04    0.1798073058E-04    0.1109946964E-04    0.5421449010E-19    0.2488388371E-04
   The R.M.S Residuals are 
    0.3343361082E-05    0.3070263770E-05    0.1171107347E-05    0.3816364940E-20    0.2890783667E-05
 --------------Force and Moment -----------------------------
 Total Force Coefficient (CL, CD, CS) =
  -1.4383158667710156E-002   1.4910629232260756E-002  -2.1593512583519326E-021
 Total Moment Coefficient(CMx, CMy, CMz)=
   3.5957896669275412E-003   3.7276573080651889E-003  -6.7961619335377048E-003
 Kstep, t=         580   580.00000000000000     
 ----------The Max Residuals are--------  ---Mesh---           1
    0.3489324246E-04    0.1793821904E-04    0.1107468138E-04    0.5421518803E-19    0.2480252905E-04
   The R.M.S Residuals are 
    0.3327942392E-05    0.3058963901E-05    0.1164201015E-05    0.3820939932E-20    0.2878119467E-05
 --------------Force and Moment -----------------------------
 Total Force Coefficient (CL, CD, CS) =
  -1.4377591410779824E-002   1.4877959161996518E-002  -2.2339737959294293E-021
 Total Moment Coefficient(CMx, CMy, CMz)=
   3.5943978526949555E-003   3.7194897904991296E-003  -6.8037226102363882E-003
 Kstep, t=         581   581.00000000000000     
 ----------The Max Residuals are--------  ---Mesh---           1
    0.3477285066E-04    0.1789128859E-04    0.1104853665E-04    0.8131434868E-19    0.2471750572E-04
   The R.M.S Residuals are 
    0.3312531415E-05    0.3047698186E-05    0.1157333831E-05    0.4011054329E-20    0.2865464496E-05
 --------------Force and Moment -----------------------------
 Total Force Coefficient (CL, CD, CS) =
  -1.4371771128662919E-002   1.4845395772613628E-002  -2.2920688414353700E-021
 Total Moment Coefficient(CMx, CMy, CMz)=
   3.5929427821657311E-003   3.7113489431534071E-003  -6.8111058651264458E-003
 Kstep, t=         582   582.00000000000000     
 ----------The Max Residuals are--------  ---Mesh---           1
    0.3464459108E-04    0.1783962898E-04    0.1102096756E-04    0.8132123108E-19    0.2462906311E-04
   The R.M.S Residuals are 
    0.3297129516E-05    0.3036466930E-05    0.1150505683E-05    0.3893299638E-20    0.2852819236E-05
 --------------Force and Moment -----------------------------
 Total Force Coefficient (CL, CD, CS) =
  -1.4365696091940050E-002   1.4812938184186834E-002  -2.1317336963041874E-021
 Total Moment Coefficient(CMx, CMy, CMz)=
   3.5914240229850125E-003   3.7032345460467084E-003  -6.8183089659456277E-003
 Kstep, t=         583   583.00000000000000     
 ----------The Max Residuals are--------  ---Mesh---           1
    0.3450887335E-04    0.1778329227E-04    0.1099198571E-04    0.5421443194E-19    0.2453735681E-04
   The R.M.S Residuals are 
    0.3281738121E-05    0.3025270488E-05    0.1143716464E-05    0.3602405372E-20    0.2840184163E-05
 --------------Force and Moment -----------------------------
 Total Force Coefficient (CL, CD, CS) =
  -1.4359364704241543E-002   1.4780585530638386E-002  -2.0617847729410953E-021
 Total Moment Coefficient(CMx, CMy, CMz)=
   3.5898411760603845E-003   3.6951463826595966E-003  -6.8253292997677946E-003
 Kstep, t=         584   584.00000000000000     
 ----------The Max Residuals are--------  ---Mesh---           1
    0.3436643102E-04    0.1772268376E-04    0.1096167811E-04    0.1084201203E-18    0.2444249161E-04
   The R.M.S Residuals are 
    0.3266358688E-05    0.3014109257E-05    0.1136966070E-05    0.3822765397E-20    0.2827559753E-05
 --------------Force and Moment -----------------------------
 Total Force Coefficient (CL, CD, CS) =
  -1.4352775499438425E-002   1.4748336959939205E-002  -1.7911606165561767E-021
 Total Moment Coefficient(CMx, CMy, CMz)=
   3.5881938748596083E-003   3.6870842399848013E-003  -6.8321643710376606E-003
 Kstep, t=         585   585.00000000000000     
 ----------The Max Residuals are--------  ---Mesh---           1
    0.3421817275E-04    0.1765844079E-04    0.1093018237E-04    0.5421364353E-19    0.2434457105E-04
   The R.M.S Residuals are 
    0.3250992671E-05    0.3002983651E-05    0.1130254400E-05    0.3933177431E-20    0.2814946488E-05
 --------------Force and Moment -----------------------------
 Total Force Coefficient (CL, CD, CS) =
  -1.4345927140290426E-002   1.4716191633554969E-002  -1.6474191736092242E-021
 Total Moment Coefficient(CMx, CMy, CMz)=
   3.5864817850726079E-003   3.6790479083887422E-003  -6.8388118008309209E-003
 Kstep, t=         586   586.00000000000000     
 ----------The Max Residuals are--------  ---Mesh---           1
    0.3406501463E-04    0.1759127494E-04    0.1089765631E-04    0.5421434550E-19    0.2424372632E-04
   The R.M.S Residuals are 
    0.3235641474E-05    0.2991894090E-05    0.1123581344E-05    0.3836339723E-20    0.2802344866E-05
 --------------Force and Moment -----------------------------
 Total Force Coefficient (CL, CD, CS) =
  -1.4338818416697381E-002   1.4684148726230875E-002  -1.7283834696841258E-021
 Total Moment Coefficient(CMx, CMy, CMz)=
   3.5847046041743457E-003   3.6710371815577188E-003  -6.8452693257777747E-003
 Kstep, t=         587   587.00000000000000     
 ----------The Max Residuals are--------  ---Mesh---           1
    0.3390775639E-04    0.1752184160E-04    0.1086425332E-04    0.8131884648E-19    0.2414011780E-04
   The R.M.S Residuals are 
    0.3220306442E-05    0.2980840978E-05    0.1116946777E-05    0.3922279011E-20    0.2789755406E-05
 --------------Force and Moment -----------------------------
 Total Force Coefficient (CL, CD, CS) =
  -1.4331448242679762E-002   1.4652207426378188E-002  -1.9386688559684914E-021
 Total Moment Coefficient(CMx, CMy, CMz)=
   3.5828620606699409E-003   3.6630518565945471E-003  -6.8515347958807461E-003
 Kstep, t=         588   588.00000000000000     
 ----------The Max Residuals are--------  ---Mesh---           1
    0.3374702165E-04    0.1745066429E-04    0.1083010783E-04    0.5421247384E-19    0.2403391921E-04
   The R.M.S Residuals are 
    0.3204988850E-05    0.2969824711E-05    0.1110350551E-05    0.3539106356E-20    0.2777178650E-05
 --------------Force and Moment -----------------------------
 Total Force Coefficient (CL, CD, CS) =
  -1.4323815655222262E-002   1.4620366935268869E-002  -1.9673804873472352E-021
 Total Moment Coefficient(CMx, CMy, CMz)=
   3.5809539138055668E-003   3.6550917338172171E-003  -6.8576061739246555E-003
 Kstep, t=         589   589.00000000000000     
 ----------The Max Residuals are--------  ---Mesh---           1
    0.3358325188E-04    0.1737811092E-04    0.1079532984E-04    0.5421496185E-19    0.2392529834E-04
   The R.M.S Residuals are 
    0.3189689926E-05    0.2958845675E-05    0.1103792496E-05    0.3840715224E-20    0.2764615168E-05
 --------------Force and Moment -----------------------------
 Total Force Coefficient (CL, CD, CS) =
  -1.4315919811596295E-002   1.4588626467414857E-002  -2.2076749298980969E-021
 Total Moment Coefficient(CMx, CMy, CMz)=
   3.5789799528990738E-003   3.6471566168537143E-003  -6.8634815334694477E-003
 Kstep, t=         590   590.00000000000000     
 ----------The Max Residuals are--------  ---Mesh---           1
    0.3341673313E-04    0.1730440580E-04    0.1076000522E-04    0.8131447147E-19    0.2381440352E-04
   The R.M.S Residuals are 
    0.3174410852E-05    0.2947904251E-05    0.1097272412E-05    0.3859939624E-20    0.2752065556E-05
 --------------Force and Moment -----------------------------
 Total Force Coefficient (CL, CD, CS) =
  -1.4307759987613449E-002   1.4556985249802557E-002  -2.0162785818697250E-021
 Total Moment Coefficient(CMx, CMy, CMz)=
   3.5769399969033636E-003   3.6392463124506392E-003  -6.8691590577448711E-003
 Kstep, t=         591   591.00000000000000     
 ----------The Max Residuals are--------  ---Mesh---           1
    0.3324763619E-04    0.1722966000E-04    0.1072419916E-04    0.8131859444E-19    0.2370135873E-04
   The R.M.S Residuals are 
    0.3159152781E-05    0.2937000827E-05    0.1090790075E-05    0.3770338924E-20    0.2739530438E-05
 --------------Force and Moment -----------------------------
 Total Force Coefficient (CL, CD, CS) =
  -1.4299335574870490E-002   1.4525442521925214E-002  -2.2178268950460805E-021
 Total Moment Coefficient(CMx, CMy, CMz)=
   3.5748338937176202E-003   3.6313606304813036E-003  -6.8746370375810635E-003
 Kstep, t=         592   592.00000000000000     
 ----------The Max Residuals are--------  ---Mesh---           1
    0.3307605765E-04    0.1715390686E-04    0.1068796051E-04    0.8131423236E-19    0.2358626582E-04
   The R.M.S Residuals are 
    0.3143916838E-05    0.2926135789E-05    0.1084345239E-05    0.3952734263E-20    0.2727010461E-05
 --------------Force and Moment -----------------------------
 Total Force Coefficient (CL, CD, CS) =
  -1.4290646078330622E-002   1.4493997535908137E-002  -2.2832289465072347E-021
 Total Moment Coefficient(CMx, CMy, CMz)=
   3.5726615195826564E-003   3.6234993839770343E-003  -6.8799138696158876E-003
 Kstep, t=         593   593.00000000000000     
 ----------The Max Residuals are--------  ---Mesh---           1
    0.3290205470E-04    0.1707713462E-04    0.1065132588E-04    0.8131720504E-19    0.2346921079E-04
   The R.M.S Residuals are 
    0.3128704122E-05    0.2915309532E-05    0.1077937633E-05    0.3897726814E-20    0.2714506295E-05
 --------------Force and Moment -----------------------------
 Total Force Coefficient (CL, CD, CS) =
  -1.4281691114248601E-002   1.4462649555527458E-002  -2.2966391036391951E-021
 Total Moment Coefficient(CMx, CMy, CMz)=
   3.5704227785621498E-003   3.6156623888818646E-003  -6.8849880547412843E-003
 Kstep, t=         594   594.00000000000000     
 ----------The Max Residuals are--------  ---Mesh---           1
    0.3272567138E-04    0.1699931238E-04    0.1061432319E-04    0.8131533096E-19    0.2335027123E-04
   The R.M.S Residuals are 
    0.3113515710E-05    0.2904522455E-05    0.1071566969E-05    0.3742158013E-20    0.2702018631E-05
 --------------Force and Moment -----------------------------
 Total Force Coefficient (CL, CD, CS) =
  -1.4272470407233777E-002   1.4431397856168681E-002  -2.2849138422422444E-021
 Total Moment Coefficient(CMx, CMy, CMz)=
   3.5681176018084442E-003   3.6078494640421704E-003  -6.8898581958721202E-003
 Kstep, t=         595   595.00000000000000     
 ----------The Max Residuals are--------  ---Mesh---           1
    0.3254695613E-04    0.1692040841E-04    0.1057697418E-04    0.8131386400E-19    0.2322952294E-04
   The R.M.S Residuals are 
    0.3098352652E-05    0.2893774961E-05    0.1065232938E-05    0.3868753319E-20    0.2689548177E-05
 --------------Force and Moment -----------------------------
 Total Force Coefficient (CL, CD, CS) =
  -1.4262983787039078E-002   1.4400241725201704E-002  -2.2327867116970932E-021
 Total Moment Coefficient(CMx, CMy, CMz)=
   3.5657459467597699E-003   3.6000604313004259E-003  -6.8945229953393024E-003
 Kstep, t=         596   596.00000000000000     
 ----------The Max Residuals are--------  ---Mesh---           1
    0.3236597203E-04    0.1684040141E-04    0.1053929632E-04    0.5421138817E-19    0.2310704487E-04
   The R.M.S Residuals are 
    0.3083215976E-05    0.2883067456E-05    0.1058935216E-05    0.3636420008E-20    0.2677095663E-05
 --------------Force and Moment -----------------------------
 Total Force Coefficient (CL, CD, CS) =
  -1.4253231185874387E-002   1.4369180461203137E-002  -2.2618315484436020E-021
 Total Moment Coefficient(CMx, CMy, CMz)=
   3.5633077964685946E-003   3.5922951153007842E-003  -6.8989812526374641E-003
 Kstep, t=         597   597.00000000000000     
 ----------The Max Residuals are--------  ---Mesh---           1
    0.3218280149E-04    0.1675928625E-04    0.1050130395E-04    0.8131801283E-19    0.2298292204E-04
   The R.M.S Residuals are 
    0.3068106689E-05    0.2872400354E-05    0.1052673464E-05    0.3810358024E-20    0.2664661834E-05
 --------------Force and Moment -----------------------------
 Total Force Coefficient (CL, CD, CS) =
  -1.4243212635411669E-002   1.4338213374227969E-002  -2.1251785660035509E-021
 Total Moment Coefficient(CMx, CMy, CMz)=
   3.5608031588529165E-003   3.5845533435569922E-003  -6.9032318620681392E-003
 Kstep, t=         598   598.00000000000000     
 ----------The Max Residuals are--------  ---Mesh---           1
    0.3199754705E-04    0.1667707567E-04    0.1046300909E-04    0.5421780528E-19    0.2285724684E-04
   The R.M.S Residuals are 
    0.3053025773E-05    0.2861774071E-05    0.1046447328E-05    0.3828267060E-20    0.2652247453E-05
 --------------Force and Moment -----------------------------
 Total Force Coefficient (CL, CD, CS) =
  -1.4232928264132793E-002   1.4307339785184755E-002  -2.0533628415649570E-021
 Total Moment Coefficient(CMx, CMy, CMz)=
   3.5582320660332003E-003   3.5768349462961886E-003  -6.9072738105720559E-003
 Kstep, t=         599   599.00000000000000     
 ----------The Max Residuals are--------  ---Mesh---           1
    0.3181032984E-04    0.1659379938E-04    0.1042442182E-04    0.8131743768E-19    0.2273011899E-04
   The R.M.S Residuals are 
    0.3037974194E-05    0.2851189031E-05    0.1040256443E-05    0.3784487411E-20    0.2639853302E-05
 --------------Force and Moment -----------------------------
 Total Force Coefficient (CL, CD, CS) =
  -1.4222378294593671E-002   1.4276559024997871E-002  -2.1068436793995115E-021
 Total Moment Coefficient(CMx, CMy, CMz)=
   3.5555945736484161E-003   3.5691397562494678E-003  -6.9111061754887427E-003
 Kstep, t=         600   600.00000000000000     
 ----------The Max Residuals are--------  ---Mesh---           1
    0.3162128673E-04    0.1650950182E-04    0.1038555060E-04    0.8131968012E-19    0.2260164478E-04
   The R.M.S Residuals are 
    0.3022952898E-05    0.2840645661E-05    0.1034100433E-05    0.3997694088E-20    0.2627480181E-05
 write flow3d.dat ......
 write flow3d.dat OK
 Output Ts to Ts_block_2.dat
 write VTK files ......
 write VTK files OK
  flow chunk done, Kstep=         600  tt=   600.00000000000000     
   GS iter           1  res=   1.9469761268737784E-003  Ts(1,1,1)=   594.95672817635204       Ts(nx-1,ny-1,1)=   335.23414923507841     
   GS iter           2  res=   1.9469632757136424E-003  Ts(1,1,1)=   594.95478121307633       Ts(nx-1,ny-1,1)=   335.23391665603981     
   GS iter           3  res=   1.9469504240987590E-003  Ts(1,1,1)=   594.95283426265223       Ts(nx-1,ny-1,1)=   335.23368407853559     
   GS iter           4  res=   1.9469375727112492E-003  Ts(1,1,1)=   594.95088732507952       Ts(nx-1,ny-1,1)=   335.23345150256699     
   GS iter           5  res=   1.9469247214374263E-003  Ts(1,1,1)=   594.94894040035808       Ts(nx-1,ny-1,1)=   335.23321892813397     
 Solid solver Block           2  GS iterations:       20001  final res:   1.7061982052837266E-003
   DBG: Ts(1,1,1)=   558.47988806548346       Ts(nx/2,ny/2,1)=   557.51045800972463       Ts(nx-1,ny-1,1)=   330.87672992729540     
  solid chunk done, outer iter           5  max|dT_w|=   36.478907482382283       K  T_w range [   558.47228286657605      ,   558.48074116458611      ]  max|q_w|=   85309.910264569713     
  Staggered CHT coupling reached Niter_Couple_Outer=           5  (not fully converged)
 write flow3d.dat ......
 write flow3d.dat OK
 Output Ts to Ts_block_2.dat
 write VTK files ......
 write VTK files OK
Note: The following floating-point exceptions are signalling: IEEE_DENORMAL
