 ----------------- OpenCFD-EC3D ver 1.14a (MPI-OpenMP version)------------------
         Copyright by Li Xinliang, lixl@imech.ac.cn                            
         Programming by Li Xinliang  2016-1                                   
 ----------------------------------------------------------------------------- 
 Check if Multi-Grid can be used ...
 Total Block number is            2 Total Cell number is        11520
 Check multigrid OK
 can not find partation.dat,  create partation ...
 Partation ......
 Total Cell number=       11520
 Total Grid number=       23716
 Max grid number is        23716  ... rato to mean grid is   1.0000000000000000     
 Min grid number is        23716  ... rato to mean grid is   1.0000000000000000     
 rato max to min is    1.0000000000000000     
 Read material.in OK, Total_block=           2
   Block           1 : Block_type=           0  rho=   0.0000000000000000       Cp=   0.0000000000000000       k=   0.0000000000000000     
   Block           2 : Block_type=           3  rho=   8000.0000000000000       Cp=   500.00000000000000       k=   13.400000000000000     
 Read porous.inp OK
   Porous Block           2 : eps=  0.29999999999999999       dp=   1.0000000000000000E-003  hv=   2000000.0000000000       rho_s=   8000.0000000000000       k_s=   13.400000000000000     
 creat main mesh OK, Num_Cell=       11520
  read main mesh ...
 read Mesh3d.x OK
 Convert bc3d.inp to bc3d.inc ...
 Convert bc3d.inp to bc3d.inc OK
 read bc3d.inc (Link/boundary file)......
 read bc3d.inc OK
 Convert bc3d_interface.inp to bc3d_interface.inc ...
 Convert bc3d_interface.inp to bc3d_interface.inc OK
 read bc3d_interface.inc (Interface link file)......
 read bc3d_interface.inc OK
 solid_bc.inp not found, no solid thermal BCs
  Need not read wall_dist.dat 
 No FDM.in, Donot use hybrid FVM/FDM
 my_id, block_no, FDM, FD_Flux, FD_Scheme=           0           1           0
 my_id, block_no, FDM, FD_Flux, FD_Scheme=           0           2           0
 comput Jocabian OK ...
 Check mesh quality ......
 Check mesh quality OK
 Initial by Free-stream flow ......
  Start ......
   DBG iter           1  maxU2=   6.1504438322830264E-002  maxFi=   0.0000000000000000       maxFj=   8.3333726666667482E-003  Fi(21,1,1)=   0.0000000000000000       Fi(21,21,1)=   0.0000000000000000       Fi(41,21,1)=   0.0000000000000000     
   DBG div max=   7.9022979742078680E-003  res_p=   7.9022979742078680E-003
   SIMPLE iter           1  res_p=   7.9022979742078680E-003  u(1,1,1)=  -9.2772870939119949E-003  p(1,1,1)=   33878.315786979612     
   DBG iter           2  maxU2=   6.1504438322830264E-002  maxFi=   8.7644425902843117E-006  maxFj=   8.3333726666667482E-003  Fi(21,1,1)=  -2.5754586169165342E-019  Fi(21,21,1)=   0.0000000000000000       Fi(41,21,1)=   0.0000000000000000     
   DBG div max=   4.2395168223247799E-003  res_p=   4.2395168223247799E-003
   SIMPLE iter           2  res_p=   4.2395168223247799E-003  u(1,1,1)=  -7.6374529472716529E-003  p(1,1,1)=   38747.986746284056     
   DBG iter           3  maxU2=   3.6881603671321136E-002  maxFi=   1.0883030303228003E-005  maxFj=   8.3333726666667482E-003  Fi(21,1,1)=  -1.5370495010045255E-014  Fi(21,21,1)=   0.0000000000000000       Fi(41,21,1)=   0.0000000000000000     
   DBG div max=   6.6068861764561676E-003  res_p=   6.6068861764561676E-003
   SIMPLE iter           3  res_p=   6.6068861764561676E-003  u(1,1,1)=  -6.8255489958200036E-003  p(1,1,1)=   43145.275145136809     
   SIMPLE iter           4  res_p=   9.4398299410510273E-003  u(1,1,1)=  -6.2767925495063881E-003  p(1,1,1)=   47245.751748899049     
   SIMPLE iter           5  res_p=   1.1935601534134586E-002  u(1,1,1)=  -5.9307891533252055E-003  p(1,1,1)=   51188.292781189681     
 DEBUG T iter          50 min   299.99999999999955      max   300.00000000000068     
 DEBUG T iter         100 min   299.99999999999949      max   300.00000000000063     
   SIMPLE iter         100  res_p=   1.8690135960917863E-002  u(1,1,1)=  -5.7169637204771279E-003  p(1,1,1)=   410328.97205694811     
 DEBUG T iter         150 min   299.99999999999949      max   300.00000000000068     
 DEBUG T iter         200 min   299.99999999999955      max   300.00000000000068     
   SIMPLE iter         200  res_p=   1.7228833039310398E-002  u(1,1,1)=  -5.8346287453828888E-003  p(1,1,1)=   792755.11615108978     
 DEBUG T iter         250 min   299.99999999999949      max   300.00000000000063     
 DEBUG T iter         300 min   299.99999999999949      max   300.00000000000068     
   SIMPLE iter         300  res_p=   1.6193116302821293E-002  u(1,1,1)=  -5.9078833046180296E-003  p(1,1,1)=   1178665.1751572706     
 DEBUG T iter         350 min   299.99999999999955      max   300.00000000000119     
 DEBUG T iter         400 min   299.99999999999955      max   300.00000000000125     
   SIMPLE iter         400  res_p=   1.5395278682094152E-002  u(1,1,1)=  -5.9627201827450122E-003  p(1,1,1)=   1567366.0284777114     
 DEBUG T iter         450 min   299.99999999999955      max   300.00000000000136     
 DEBUG T iter         500 min   299.99999999999949      max   300.00000000000131     
   SIMPLE iter         500  res_p=   1.4749411187567462E-002  u(1,1,1)=  -6.0067165024823895E-003  p(1,1,1)=   1958412.1738541427     
 DEBUG T iter         550 min   299.99999999999955      max   300.00000000000131     
 DEBUG T iter         600 min   299.99999999999955      max   300.00000000000131     
   SIMPLE iter         600  res_p=   1.4208643083511928E-002  u(1,1,1)=  -6.0433085200484156E-003  p(1,1,1)=   2351490.4458288825     
 DEBUG T iter         650 min   299.99999999999955      max   300.00000000000131     
 DEBUG T iter         700 min   299.99999999999955      max   300.00000000000131     
   SIMPLE iter         700  res_p=   1.3744710034408502E-002  u(1,1,1)=  -6.0744873009474605E-003  p(1,1,1)=   2746367.3082921337     
 DEBUG T iter         750 min   299.99999999999949      max   300.00000000000125     
 DEBUG T iter         800 min   299.99999999999955      max   300.00000000000131     
   SIMPLE iter         800  res_p=   1.3339303757134085E-002  u(1,1,1)=  -6.1015670152639156E-003  p(1,1,1)=   3142861.2273071706     
 DEBUG T iter         850 min   299.99999999999949      max   300.00000000000131     
 DEBUG T iter         900 min   299.99999999999955      max   300.00000000000131     
   SIMPLE iter         900  res_p=   1.2979909033430045E-002  u(1,1,1)=  -6.1254711607007309E-003  p(1,1,1)=   3540826.6553244679     
 DEBUG T iter         950 min   299.99999999999955      max   300.00000000000131     
 DEBUG T iter        1000 min   299.99999999999949      max   300.00000000000136     
   SIMPLE iter        1000  res_p=   1.2657603550255405E-002  u(1,1,1)=  -6.1468696148088394E-003  p(1,1,1)=   3940144.0523660094     
 DEBUG T iter        1050 min   299.99999999999955      max   300.00000000000131     
 DEBUG T iter        1100 min   299.99999999999955      max   300.00000000000131     
   SIMPLE iter        1100  res_p=   1.2365808393335278E-002  u(1,1,1)=  -6.1662578287124698E-003  p(1,1,1)=   4340713.3223149041     
 DEBUG T iter        1150 min   299.99999999999955      max   300.00000000000131     
 DEBUG T iter        1200 min   299.99999999999955      max   300.00000000000131     
   SIMPLE iter        1200  res_p=   1.2099536673807677E-002  u(1,1,1)=  -6.1840077571759218E-003  p(1,1,1)=   4742449.3087060321     
 DEBUG T iter        1250 min   299.99999999999955      max   300.00000000000131     
 DEBUG T iter        1300 min   299.99999999999949      max   300.00000000000131     
   SIMPLE iter        1300  res_p=   1.1854920130317604E-002  u(1,1,1)=  -6.2004024071424706E-003  p(1,1,1)=   5145278.5963055482     
 DEBUG T iter        1350 min   299.99999999999955      max   300.00000000000131     
 DEBUG T iter        1400 min   299.99999999999955      max   300.00000000000125     
   SIMPLE iter        1400  res_p=   1.1628899069762687E-002  u(1,1,1)=  -6.2156599221670269E-003  p(1,1,1)=   5549137.1747454917     
 DEBUG T iter        1450 min   299.99999999999955      max   300.00000000000131     
 DEBUG T iter        1500 min   299.99999999999955      max   300.00000000000136     
   SIMPLE iter        1500  res_p=   1.1419012519915464E-002  u(1,1,1)=  -6.2299506350089072E-003  p(1,1,1)=   5953968.6906148130     
 Porous solver Block           2  SIMPLE iterations:        1501  res_p:   1.1419012519915464E-002
 --------------Force and Moment -----------------------------
 Total Force Coefficient (CL, CD, CS) =
   0.0000000000000000       -4.3882482583285309E-002   0.0000000000000000     
 Total Moment Coefficient(CMx, CMy, CMz)=
   0.0000000000000000       -2.1941241291642655E-002  -5.8123050070690851E-006
 Kstep, t=           1   1.0000000000000000     
 ----------The Max Residuals are--------  ---Mesh---           1
    0.0000000000E+00    0.0000000000E+00    0.0000000000E+00    0.0000000000E+00    0.0000000000E+00
   The R.M.S Residuals are 
    0.0000000000E+00    0.0000000000E+00    0.0000000000E+00    0.0000000000E+00    0.0000000000E+00
 CPU wall time in this step:   6.7390171140000001     
 Averaged CPU wall time is:   6.7390171140000001     
   DBG iter           1  maxU2=   2.4279558373195547E-002  maxFi=   1.6021333933537019E-005  maxFj=   1.1610378054094270E-002  Fi(21,1,1)=  -4.0083896032456337E-006  Fi(21,21,1)=   0.0000000000000000       Fi(41,21,1)=   0.0000000000000000     
   DBG div max=   1.4740473497285210E-002  res_p=   1.4740473497285210E-002
   SIMPLE iter           1  res_p=   1.4740473497285210E-002  u(1,1,1)=  -6.2161487848552835E-003  p(1,1,1)=   5957990.1302768365     
   DBG iter           2  maxU2=   2.4160166632465611E-002  maxFi=   1.5892660609739640E-005  maxFj=   1.4547795370494143E-002  Fi(21,1,1)=  -3.9950919205855560E-006  Fi(21,21,1)=   0.0000000000000000       Fi(41,21,1)=   0.0000000000000000     
   DBG div max=   1.7026609761124679E-002  res_p=   1.7026609761124679E-002
   SIMPLE iter           2  res_p=   1.7026609761124679E-002  u(1,1,1)=  -6.2122059325674609E-003  p(1,1,1)=   5962013.1237779399     
   DBG iter           3  maxU2=   2.4177677654138283E-002  maxFi=   1.5905270508813413E-005  maxFj=   1.3349025996473746E-002  Fi(21,1,1)=  -3.9948187755259840E-006  Fi(21,21,1)=   0.0000000000000000       Fi(41,21,1)=   0.0000000000000000     
   DBG div max=   1.6118578583376578E-002  res_p=   1.6118578583376578E-002
   SIMPLE iter           3  res_p=   1.6118578583376578E-002  u(1,1,1)=  -6.2182606302043555E-003  p(1,1,1)=   5966039.8636412695     
   SIMPLE iter           4  res_p=   1.5196290331874470E-002  u(1,1,1)=  -6.2289350974430863E-003  p(1,1,1)=   5970081.4447700325     
   SIMPLE iter           5  res_p=   1.4407971869512325E-002  u(1,1,1)=  -6.2334011556455012E-003  p(1,1,1)=   5974131.9297806583     
 DEBUG T iter          50 min   299.99999999999960      max   300.00000000000131     
 DEBUG T iter         100 min   299.99999999999955      max   300.00000000000125     
   SIMPLE iter         100  res_p=   1.1214517428933297E-002  u(1,1,1)=  -6.2431059408310560E-003  p(1,1,1)=   6359660.3384003816     
 DEBUG T iter         150 min   299.99999999999955      max   300.00000000000125     
 DEBUG T iter         200 min   299.99999999999955      max   300.00000000000125     
   SIMPLE iter         200  res_p=   1.1031842960355837E-002  u(1,1,1)=  -6.2558456507246117E-003  p(1,1,1)=   6766326.3552481569     
 DEBUG T iter         250 min   299.99999999999949      max   300.00000000000131     
 DEBUG T iter         300 min   299.99999999999949      max   300.00000000000125     
   SIMPLE iter         300  res_p=   1.0860174395545432E-002  u(1,1,1)=  -6.2679416413279308E-003  p(1,1,1)=   7173828.4069664311     
 DEBUG T iter         350 min   299.99999999999955      max   300.00000000000131     
 DEBUG T iter         400 min   299.99999999999955      max   300.00000000000136     
   SIMPLE iter         400  res_p=   1.0698352922611367E-002  u(1,1,1)=  -6.2794722776818579E-003  p(1,1,1)=   7582130.2075523557     
 DEBUG T iter         450 min   299.99999999999955      max   300.00000000000125     
 DEBUG T iter         500 min   299.99999999999955      max   300.00000000000131     
   SIMPLE iter         500  res_p=   1.0545390534263663E-002  u(1,1,1)=  -6.2904982666271616E-003  p(1,1,1)=   7991198.7249089191     
 DEBUG T iter         550 min   299.99999999999955      max   300.00000000000131     
 DEBUG T iter         600 min   299.99999999999949      max   300.00000000000131     
   SIMPLE iter         600  res_p=   1.0400438515581424E-002  u(1,1,1)=  -6.3010699799158371E-003  p(1,1,1)=   8401003.7480858024     
 DEBUG T iter         650 min   299.99999999999949      max   300.00000000000136     
 DEBUG T iter         700 min   299.99999999999949      max   300.00000000000125     
   SIMPLE iter         700  res_p=   1.0262762596030844E-002  u(1,1,1)=  -6.3112300718346321E-003  p(1,1,1)=   8811517.5303287543     
 DEBUG T iter         750 min   299.99999999999955      max   300.00000000000131     
 DEBUG T iter         800 min   299.99999999999955      max   300.00000000000131     
   SIMPLE iter         800  res_p=   1.0131723367749437E-002  u(1,1,1)=  -6.3210150876981041E-003  p(1,1,1)=   9222714.4910308402     
 DEBUG T iter         850 min   299.99999999999955      max   300.00000000000131     
 DEBUG T iter         900 min   299.99999999999955      max   300.00000000000131     
   SIMPLE iter         900  res_p=   1.0006760706163331E-002  u(1,1,1)=  -6.3304566196395766E-003  p(1,1,1)=   9634570.9646618366     
 DEBUG T iter         950 min   299.99999999999949      max   300.00000000000125     
 DEBUG T iter        1000 min   299.99999999999955      max   300.00000000000131     
   SIMPLE iter        1000  res_p=   9.8873812545045101E-003  u(1,1,1)=  -6.3395821923414516E-003  p(1,1,1)=   10047064.987654140     
 DEBUG T iter        1050 min   299.99999999999955      max   300.00000000000125     
 DEBUG T iter        1100 min   299.99999999999955      max   300.00000000000125     
   SIMPLE iter        1100  res_p=   9.7731482783940411E-003  u(1,1,1)=  -6.3484159588947176E-003  p(1,1,1)=   10460176.116262577     
 DEBUG T iter        1150 min   299.99999999999955      max   300.00000000000131     
 DEBUG T iter        1200 min   299.99999999999955      max   300.00000000000125     
   SIMPLE iter        1200  res_p=   9.6636733724445086E-003  u(1,1,1)=  -6.3569792571162419E-003  p(1,1,1)=   10873885.269918323     
 DEBUG T iter        1250 min   299.99999999999955      max   300.00000000000131     
 DEBUG T iter        1300 min   299.99999999999955      max   300.00000000000131     
   SIMPLE iter        1300  res_p=   9.5586096282639400E-003  u(1,1,1)=  -6.3652910738743202E-003  p(1,1,1)=   11288174.595735397     
 DEBUG T iter        1350 min   299.99999999999955      max   300.00000000000131     
 DEBUG T iter        1400 min   299.99999999999955      max   300.00000000000131     
   SIMPLE iter        1400  res_p=   9.4576459665016623E-003  u(1,1,1)=  -6.3733684415231149E-003  p(1,1,1)=   11703027.350707285     
 DEBUG T iter        1450 min   299.99999999999955      max   300.00000000000125     
 DEBUG T iter        1500 min   299.99999999999955      max   300.00000000000125     
   SIMPLE iter        1500  res_p=   9.3605024053676593E-003  u(1,1,1)=  -6.3812268828181687E-003  p(1,1,1)=   12118427.798844853     
 Porous solver Block           2  SIMPLE iterations:        1501  res_p:   9.3605024053676593E-003
 --------------Force and Moment -----------------------------
 Total Force Coefficient (CL, CD, CS) =
   0.0000000000000000       0.26634829627073486        0.0000000000000000     
 Total Moment Coefficient(CMx, CMy, CMz)=
   0.0000000000000000       0.13317414813536743        1.2950872366790378E-004
 Kstep, t=           2   2.0000000000000000     
 ----------The Max Residuals are--------  ---Mesh---           1
    0.2604165523E-10    0.1736110493E-10    0.1626303259E-18    0.1058791184E-21    0.3641009658E-10
   The R.M.S Residuals are 
    0.3758789160E-11    0.2505859648E-11    0.1282725993E-19    0.1391150683E-22    0.5255344761E-11
 CPU wall time in this step:   6.5444225259999991     
 Averaged CPU wall time is:   6.6417198199999996     
   DBG iter           1  maxU2=   2.5225192499781769E-002  maxFi=   1.6571050159102299E-005  maxFj=   8.3333726666667482E-003  Fi(21,1,1)=  -4.0783154718222694E-006  Fi(21,21,1)=   0.0000000000000000       Fi(41,21,1)=   0.0000000000000000     
   DBG div max=   9.4515447993112692E-003  res_p=   9.4515447993112692E-003
   SIMPLE iter           1  res_p=   9.4515447993112692E-003  u(1,1,1)=  -6.3825332280363651E-003  p(1,1,1)=   12122574.190752769     
   DBG iter           2  maxU2=   2.5241071855952573E-002  maxFi=   1.6461937046845327E-005  maxFj=   9.7900217218380697E-003  Fi(21,1,1)=  -4.0647221739378638E-006  Fi(21,21,1)=   0.0000000000000000       Fi(41,21,1)=   0.0000000000000000     
   DBG div max=   1.1855874497400696E-002  res_p=   1.1855874497400696E-002
   SIMPLE iter           2  res_p=   1.1855874497400696E-002  u(1,1,1)=  -6.3756518360682654E-003  p(1,1,1)=   12126721.597788915     
   DBG iter           3  maxU2=   2.5241071855952573E-002  maxFi=   1.6483456844653857E-005  maxFj=   9.6133496212388904E-003  Fi(21,1,1)=  -4.0643438155812200E-006  Fi(21,21,1)=   0.0000000000000000       Fi(41,21,1)=   0.0000000000000000     
   DBG div max=   1.1485676844057907E-002  res_p=   1.1485676844057907E-002
   SIMPLE iter           3  res_p=   1.1485676844057907E-002  u(1,1,1)=  -6.3727842762923339E-003  p(1,1,1)=   12130860.000572503     
   SIMPLE iter           4  res_p=   1.1072003043798679E-002  u(1,1,1)=  -6.3794638320385684E-003  p(1,1,1)=   12135006.800771847     
   SIMPLE iter           5  res_p=   1.0856205639383918E-002  u(1,1,1)=  -6.3834142268592914E-003  p(1,1,1)=   12139161.372963114     
 DEBUG T iter          50 min   299.99999999999955      max   300.00000000000125     
 DEBUG T iter         100 min   299.99999999999955      max   300.00000000000131     
   SIMPLE iter         100  res_p=   9.2648049487525138E-003  u(1,1,1)=  -6.3889656237569375E-003  p(1,1,1)=   12534325.747452267     
 DEBUG T iter         150 min   299.99999999999955      max   300.00000000000125     
 DEBUG T iter         200 min   299.99999999999955      max   300.00000000000125     
   SIMPLE iter         200  res_p=   9.1746522561415890E-003  u(1,1,1)=  -6.3964406709462653E-003  p(1,1,1)=   12950787.693195136     
 DEBUG T iter         250 min   299.99999999999955      max   300.00000000000125     
 DEBUG T iter         300 min   299.99999999999949      max   300.00000000000131     
   SIMPLE iter         300  res_p=   9.0876286339866535E-003  u(1,1,1)=  -6.4037340087107607E-003  p(1,1,1)=   13367755.096018296     
 DEBUG T iter         350 min   299.99999999999949      max   300.00000000000136     
 DEBUG T iter         400 min   299.99999999999955      max   300.00000000000131     
   SIMPLE iter         400  res_p=   9.0035472837582051E-003  u(1,1,1)=  -6.4108209428913755E-003  p(1,1,1)=   13785215.863726391     
 DEBUG T iter         450 min   299.99999999999955      max   300.00000000000131     
 DEBUG T iter         500 min   299.99999999999955      max   300.00000000000125     
   SIMPLE iter         500  res_p=   8.9222285652276936E-003  u(1,1,1)=  -6.4177690856828057E-003  p(1,1,1)=   14203158.328444144     
 DEBUG T iter         550 min   299.99999999999949      max   300.00000000000131     
 DEBUG T iter         600 min   299.99999999999955      max   300.00000000000131     
   SIMPLE iter         600  res_p=   8.8435129734598591E-003  u(1,1,1)=  -6.4245655337198098E-003  p(1,1,1)=   14621571.248094762     
 DEBUG T iter         650 min   299.99999999999955      max   300.00000000000125     
 DEBUG T iter         700 min   299.99999999999955      max   300.00000000000125     
   SIMPLE iter         700  res_p=   8.7672548206022480E-003  u(1,1,1)=  -6.4312156790887675E-003  p(1,1,1)=   15040443.919896580     
 DEBUG T iter         750 min   299.99999999999955      max   300.00000000000131     
 DEBUG T iter         800 min   299.99999999999949      max   300.00000000000125     
   SIMPLE iter         800  res_p=   8.6933200785708105E-003  u(1,1,1)=  -6.4377263036793590E-003  p(1,1,1)=   15459766.149737710     
 DEBUG T iter         850 min   299.99999999999949      max   300.00000000000131     
 DEBUG T iter         900 min   299.99999999999955      max   300.00000000000131     
   SIMPLE iter         900  res_p=   8.6215851234272833E-003  u(1,1,1)=  -6.4441039992969356E-003  p(1,1,1)=   15879528.216828397     
 DEBUG T iter         950 min   299.99999999999955      max   300.00000000000131     
 DEBUG T iter        1000 min   299.99999999999955      max   300.00000000000131     
   SIMPLE iter        1000  res_p=   8.5519356858878241E-003  u(1,1,1)=  -6.4503549336837329E-003  p(1,1,1)=   16299720.840886679     
 DEBUG T iter        1050 min   299.99999999999955      max   300.00000000000131     
 DEBUG T iter        1100 min   299.99999999999955      max   300.00000000000125     
   SIMPLE iter        1100  res_p=   8.4842659372299511E-003  u(1,1,1)=  -6.4564848362698591E-003  p(1,1,1)=   16720335.152187159     
 DEBUG T iter        1150 min   299.99999999999955      max   300.00000000000125     
 DEBUG T iter        1200 min   299.99999999999955      max   300.00000000000125     
   SIMPLE iter        1200  res_p=   8.4184776853562428E-003  u(1,1,1)=  -6.4624990283461857E-003  p(1,1,1)=   17141362.664266448     
 DEBUG T iter        1250 min   299.99999999999955      max   300.00000000000125     
 DEBUG T iter        1300 min   299.99999999999949      max   300.00000000000131     
   SIMPLE iter        1300  res_p=   8.3544796645441469E-003  u(1,1,1)=  -6.4684024593422602E-003  p(1,1,1)=   17562795.249017626     
 DEBUG T iter        1350 min   299.99999999999955      max   300.00000000000125     
 DEBUG T iter        1400 min   299.99999999999949      max   300.00000000000131     
   SIMPLE iter        1400  res_p=   8.2921869056710677E-003  u(1,1,1)=  -6.4741997383221377E-003  p(1,1,1)=   17984625.113921311     
 DEBUG T iter        1450 min   299.99999999999955      max   300.00000000000131     
 DEBUG T iter        1500 min   299.99999999999949      max   300.00000000000131     
   SIMPLE iter        1500  res_p=   8.2315201761312233E-003  u(1,1,1)=  -6.4798951672133337E-003  p(1,1,1)=   18406844.781189092     
 Porous solver Block           2  SIMPLE iterations:        1501  res_p:   8.2315201761312233E-003
 --------------Force and Moment -----------------------------
 Total Force Coefficient (CL, CD, CS) =
   0.0000000000000000       0.54880078636779217        0.0000000000000000     
 Total Moment Coefficient(CMx, CMy, CMz)=
   0.0000000000000000       0.27440039318389609        2.5679039896608913E-004
 Kstep, t=           3   3.0000000000000000     
 ----------The Max Residuals are--------  ---Mesh---           1
    0.2856179640E-10    0.1398142871E-10    0.2437881060E-11    0.9529120657E-21    0.3297173257E-10
   The R.M.S Residuals are 
    0.4037232259E-11    0.1889578382E-11    0.2798233242E-12    0.1117452669E-21    0.4573991226E-11
 CPU wall time in this step:   6.2104160450000006     
 Averaged CPU wall time is:   6.4979518949999999     
   DBG iter           1  maxU2=   2.5855089811954009E-002  maxFi=   1.6936404743333096E-005  maxFj=   8.3333726666667482E-003  Fi(21,1,1)=  -4.0955457197188747E-006  Fi(21,21,1)=   0.0000000000000000       Fi(41,21,1)=   0.0000000000000000     
   DBG div max=   7.6326960160952783E-003  res_p=   7.6326960160952783E-003
   SIMPLE iter           1  res_p=   7.6326960160952783E-003  u(1,1,1)=  -6.4830612689764306E-003  p(1,1,1)=   18411063.135229174     
   DBG iter           2  maxU2=   2.5914464867071486E-002  maxFi=   1.6829787691591451E-005  maxFj=   8.3333726666667482E-003  Fi(21,1,1)=  -4.0819107115606793E-006  Fi(21,21,1)=   0.0000000000000000       Fi(41,21,1)=   0.0000000000000000     
   DBG div max=   9.9361616894586679E-003  res_p=   9.9361616894586679E-003
   SIMPLE iter           2  res_p=   9.9361616894586679E-003  u(1,1,1)=  -6.4774630498131702E-003  p(1,1,1)=   18415284.176591221     
   DBG iter           3  maxU2=   2.5914464867071486E-002  maxFi=   1.6855359782178751E-005  maxFj=   8.3333726666667482E-003  Fi(21,1,1)=  -4.0815194613754389E-006  Fi(21,21,1)=   0.0000000000000000       Fi(41,21,1)=   0.0000000000000000     
   DBG div max=   9.6657192958420849E-003  res_p=   9.6657192958420849E-003
   SIMPLE iter           3  res_p=   9.6657192958420849E-003  u(1,1,1)=  -6.4728584595257913E-003  p(1,1,1)=   18419492.596740335     
   SIMPLE iter           4  res_p=   9.3471488740674465E-003  u(1,1,1)=  -6.4779539443498083E-003  p(1,1,1)=   18423706.757351514     
   SIMPLE iter           5  res_p=   9.2872021006296553E-003  u(1,1,1)=  -6.4815865705788404E-003  p(1,1,1)=   18427928.563473996     
 DEBUG T iter          50 min   299.99999999999949      max   300.00000000000131     
 DEBUG T iter         100 min   299.99999999999949      max   300.00000000000131     
   SIMPLE iter         100  res_p=   8.1714214033152890E-003  u(1,1,1)=  -6.4855368107308280E-003  p(1,1,1)=   18829419.988373782     
 DEBUG T iter         150 min   299.99999999999955      max   300.00000000000136     
 DEBUG T iter         200 min   299.99999999999955      max   300.00000000000125     
   SIMPLE iter         200  res_p=   8.1138173275025222E-003  u(1,1,1)=  -6.4910434044285741E-003  p(1,1,1)=   19252403.053715155     
 DEBUG T iter         250 min   299.99999999999955      max   300.00000000000131     
 DEBUG T iter         300 min   299.99999999999955      max   300.00000000000125     
   SIMPLE iter         300  res_p=   8.0576297223803658E-003  u(1,1,1)=  -6.4964564095960657E-003  p(1,1,1)=   19675755.085547462     
 DEBUG T iter         350 min   299.99999999999955      max   300.00000000000131     
 DEBUG T iter         400 min   299.99999999999955      max   300.00000000000125     
   SIMPLE iter         400  res_p=   8.0027980938456849E-003  u(1,1,1)=  -6.5017816466218592E-003  p(1,1,1)=   20099469.691419106     
 DEBUG T iter         450 min   299.99999999999949      max   300.00000000000131     
 DEBUG T iter         500 min   299.99999999999955      max   300.00000000000125     
   SIMPLE iter         500  res_p=   7.9492654761476305E-003  u(1,1,1)=  -6.5070226320979013E-003  p(1,1,1)=   20523540.712626401     
 DEBUG T iter         550 min   299.99999999999949      max   300.00000000000131     
 DEBUG T iter         600 min   299.99999999999955      max   300.00000000000131     
   SIMPLE iter         600  res_p=   7.8969782899732371E-003  u(1,1,1)=  -6.5121823839410509E-003  p(1,1,1)=   20947962.210589904     
 DEBUG T iter         650 min   299.99999999999955      max   300.00000000000131     
 DEBUG T iter         700 min   299.99999999999955      max   300.00000000000125     
   SIMPLE iter         700  res_p=   7.8458860962242263E-003  u(1,1,1)=  -6.5172637024894457E-003  p(1,1,1)=   21372728.454864338     
 DEBUG T iter         750 min   299.99999999999955      max   300.00000000000131     
 DEBUG T iter         800 min   299.99999999999949      max   300.00000000000131     
   SIMPLE iter         800  res_p=   7.7959413614783375E-003  u(1,1,1)=  -6.5222692274888756E-003  p(1,1,1)=   21797833.912114929     
 DEBUG T iter         850 min   299.99999999999955      max   300.00000000000125     
 DEBUG T iter         900 min   299.99999999999955      max   300.00000000000131     
   SIMPLE iter         900  res_p=   7.7470992426546745E-003  u(1,1,1)=  -6.5272014527053158E-003  p(1,1,1)=   22223273.235885382     
 DEBUG T iter         950 min   299.99999999999955      max   300.00000000000131     
 DEBUG T iter        1000 min   299.99999999999955      max   300.00000000000131     
   SIMPLE iter        1000  res_p=   7.6993173906622359E-003  u(1,1,1)=  -6.5320627394951239E-003  p(1,1,1)=   22649041.257068031     
 DEBUG T iter        1050 min   299.99999999999955      max   300.00000000000131     
 DEBUG T iter        1100 min   299.99999999999955      max   300.00000000000131     
   SIMPLE iter        1100  res_p=   7.6525557712574703E-003  u(1,1,1)=  -6.5368553182527205E-003  p(1,1,1)=   23075132.975019254     
 DEBUG T iter        1150 min   299.99999999999955      max   300.00000000000131     
 DEBUG T iter        1200 min   299.99999999999955      max   300.00000000000131     
   SIMPLE iter        1200  res_p=   7.6067765017801365E-003  u(1,1,1)=  -6.5415813095834364E-003  p(1,1,1)=   23501543.549266651     
 DEBUG T iter        1250 min   299.99999999999949      max   300.00000000000131     
 DEBUG T iter        1300 min   299.99999999999949      max   300.00000000000131     
   SIMPLE iter        1300  res_p=   7.5619437016231379E-003  u(1,1,1)=  -6.5462427231643330E-003  p(1,1,1)=   23928268.291758589     
 DEBUG T iter        1350 min   299.99999999999949      max   300.00000000000136     
 DEBUG T iter        1400 min   299.99999999999949      max   300.00000000000131     
   SIMPLE iter        1400  res_p=   7.5180233555890794E-003  u(1,1,1)=  -6.5508414694659591E-003  p(1,1,1)=   24355302.659612197     
 DEBUG T iter        1450 min   299.99999999999955      max   300.00000000000131     
 DEBUG T iter        1500 min   299.99999999999955      max   300.00000000000131     
   SIMPLE iter        1500  res_p=   7.4749831886278323E-003  u(1,1,1)=  -6.5553793706808515E-003  p(1,1,1)=   24782642.248320002     
 Porous solver Block           2  SIMPLE iterations:        1501  res_p:   7.4749831886278323E-003
 --------------Force and Moment -----------------------------
 Total Force Coefficient (CL, CD, CS) =
   0.0000000000000000       0.77887371426913887        0.0000000000000000     
 Total Moment Coefficient(CMx, CMy, CMz)=
   0.0000000000000000       0.38943685713456944        3.6255701643383986E-004
 Kstep, t=           4   4.0000000000000000     
 ----------The Max Residuals are--------  ---Mesh---           1
    0.3264672760E-10    0.8897858732E-11    0.4001350249E-11    0.8205631677E-21    0.2814785536E-10
   The R.M.S Residuals are 
    0.4551157731E-11    0.1092772124E-11    0.4550387315E-12    0.8388262181E-22    0.3773455532E-11
 CPU wall time in this step:   6.2880363169999995     
 Averaged CPU wall time is:   6.4454730004999998     
   DBG iter           1  maxU2=   2.6338912316292842E-002  maxFi=   1.7216631534305864E-005  maxFj=   8.3333726666667482E-003  Fi(21,1,1)=  -4.1076288142478842E-006  Fi(21,21,1)=   0.0000000000000000       Fi(41,21,1)=   0.0000000000000000     
   DBG div max=   6.6149593131958045E-003  res_p=   6.6149593131958045E-003
   SIMPLE iter           1  res_p=   6.6149593131958045E-003  u(1,1,1)=  -6.5585965805707346E-003  p(1,1,1)=   24786913.171315107     
   DBG iter           2  maxU2=   2.6420795633473000E-002  maxFi=   1.7110098581024570E-005  maxFj=   8.3333726666667482E-003  Fi(21,1,1)=  -4.0939718190529477E-006  Fi(21,21,1)=   0.0000000000000000       Fi(41,21,1)=   0.0000000000000000     
   DBG div max=   8.8012172854655697E-003  res_p=   8.8012172854655697E-003
   SIMPLE iter           2  res_p=   8.8012172854655697E-003  u(1,1,1)=  -6.5543657374621664E-003  p(1,1,1)=   24791188.069486260     
   DBG iter           3  maxU2=   2.6420795633473000E-002  maxFi=   1.7138094439925163E-005  maxFj=   8.3333726666667482E-003  Fi(21,1,1)=  -4.0935764742822247E-006  Fi(21,21,1)=   0.0000000000000000       Fi(41,21,1)=   0.0000000000000000     
   DBG div max=   8.5661262722438944E-003  res_p=   8.5661262722438944E-003
   SIMPLE iter           3  res_p=   8.5661262722438944E-003  u(1,1,1)=  -6.5494668811410233E-003  p(1,1,1)=   24795448.901085630     
   SIMPLE iter           4  res_p=   8.2840469159983984E-003  u(1,1,1)=  -6.5536123722520472E-003  p(1,1,1)=   24799713.815320957     
   SIMPLE iter           5  res_p=   8.2966438525047259E-003  u(1,1,1)=  -6.5568670446556950E-003  p(1,1,1)=   24803986.220424850     
 DEBUG T iter          50 min   299.99999999999955      max   300.00000000000131     
 DEBUG T iter         100 min   299.99999999999955      max   300.00000000000131     
   SIMPLE iter         100  res_p=   7.4322200615892110E-003  u(1,1,1)=  -6.5598851922997721E-003  p(1,1,1)=   25210260.018729441     
 DEBUG T iter         150 min   299.99999999999955      max   300.00000000000125     
 DEBUG T iter         200 min   299.99999999999949      max   300.00000000000131     
   SIMPLE iter         200  res_p=   7.3908623768063194E-003  u(1,1,1)=  -6.5643091410017814E-003  p(1,1,1)=   25638200.563916627     
 DEBUG T iter         250 min   299.99999999999955      max   300.00000000000131     
 DEBUG T iter         300 min   299.99999999999955      max   300.00000000000125     
   SIMPLE iter         300  res_p=   7.3502967407653294E-003  u(1,1,1)=  -6.5686748087660767E-003  p(1,1,1)=   26066433.833630856     
 DEBUG T iter         350 min   299.99999999999955      max   300.00000000000136     
 DEBUG T iter         400 min   299.99999999999955      max   300.00000000000131     
   SIMPLE iter         400  res_p=   7.3104969566879282E-003  u(1,1,1)=  -6.5729856952468097E-003  p(1,1,1)=   26494955.917573065     
 DEBUG T iter         450 min   299.99999999999955      max   300.00000000000131     
 DEBUG T iter         500 min   299.99999999999955      max   300.00000000000131     
   SIMPLE iter         500  res_p=   7.2714379428687973E-003  u(1,1,1)=  -6.5772435438238661E-003  p(1,1,1)=   26923763.016313814     
 DEBUG T iter         550 min   299.99999999999955      max   300.00000000000125     
 DEBUG T iter         600 min   299.99999999999955      max   300.00000000000131     
   SIMPLE iter         600  res_p=   7.2330957714907065E-003  u(1,1,1)=  -6.5814497903168229E-003  p(1,1,1)=   27352851.435932226     
 DEBUG T iter         650 min   299.99999999999955      max   300.00000000000131     
 DEBUG T iter         700 min   299.99999999999955      max   300.00000000000131     
   SIMPLE iter         700  res_p=   7.1954476112173968E-003  u(1,1,1)=  -6.5856057671258919E-003  p(1,1,1)=   27782217.583484948     
 DEBUG T iter         750 min   299.99999999999949      max   300.00000000000136     
 DEBUG T iter         800 min   299.99999999999955      max   300.00000000000131     
   SIMPLE iter         800  res_p=   7.1584716645439542E-003  u(1,1,1)=  -6.5897127555712464E-003  p(1,1,1)=   28211857.962816164     
 DEBUG T iter         850 min   299.99999999999960      max   300.00000000000125     
 DEBUG T iter         900 min   299.99999999999955      max   300.00000000000131     
   SIMPLE iter         900  res_p=   7.1221471079467771E-003  u(1,1,1)=  -6.5937719813373317E-003  p(1,1,1)=   28641769.170612618     
 DEBUG T iter         950 min   299.99999999999955      max   300.00000000000131     
 DEBUG T iter        1000 min   299.99999999999955      max   300.00000000000131     
   SIMPLE iter        1000  res_p=   7.0864540359256286E-003  u(1,1,1)=  -6.5977846226005343E-003  p(1,1,1)=   29071947.892672870     
 DEBUG T iter        1050 min   299.99999999999955      max   300.00000000000125     
 DEBUG T iter        1100 min   299.99999999999949      max   300.00000000000131     
   SIMPLE iter        1100  res_p=   7.0513734085884596E-003  u(1,1,1)=  -6.6017518091825138E-003  p(1,1,1)=   29502390.900374908     
 DEBUG T iter        1150 min   299.99999999999955      max   300.00000000000131     
 DEBUG T iter        1200 min   299.99999999999955      max   300.00000000000136     
   SIMPLE iter        1200  res_p=   7.0168870031666070E-003  u(1,1,1)=  -6.6056746282157986E-003  p(1,1,1)=   29933095.047329772     
 DEBUG T iter        1250 min   299.99999999999955      max   300.00000000000131     
 DEBUG T iter        1300 min   299.99999999999955      max   300.00000000000125     
   SIMPLE iter        1300  res_p=   6.9829773685520383E-003  u(1,1,1)=  -6.6095541246673556E-003  p(1,1,1)=   30364057.266210586     
 DEBUG T iter        1350 min   299.99999999999960      max   300.00000000000131     
 DEBUG T iter        1400 min   299.99999999999955      max   300.00000000000131     
   SIMPLE iter        1400  res_p=   6.9496277830905749E-003  u(1,1,1)=  -6.6133913027634425E-003  p(1,1,1)=   30795274.565743938     
 DEBUG T iter        1450 min   299.99999999999955      max   300.00000000000131     
 DEBUG T iter        1500 min   299.99999999999949      max   300.00000000000131     
   SIMPLE iter        1500  res_p=   6.9168222151024918E-003  u(1,1,1)=  -6.6171871253986004E-003  p(1,1,1)=   31226744.027851257     
 Porous solver Block           2  SIMPLE iterations:        1501  res_p:   6.9168222151024918E-003
 --------------Force and Moment -----------------------------
 Total Force Coefficient (CL, CD, CS) =
   0.0000000000000000       0.96893274795729667        0.0000000000000000     
 Total Moment Coefficient(CMx, CMy, CMz)=
   0.0000000000000000       0.48446637397864833        4.5103553576808508E-004
 Kstep, t=           5   5.0000000000000000     
 ----------The Max Residuals are--------  ---Mesh---           1
    0.3792211467E-10    0.4610514147E-11    0.4700673932E-11    0.7411538288E-21    0.2288543367E-10
   The R.M.S Residuals are 
    0.5162216660E-11    0.3432437691E-12    0.5318744562E-12    0.8988290002E-22    0.2953038100E-11
 CPU wall time in this step:   6.3508850139999993     
 Averaged CPU wall time is:   6.4265554032000001     
   DBG iter           1  maxU2=   2.6735076308501676E-002  maxFi=   1.7445911382962486E-005  maxFj=   8.3333726666667482E-003  Fi(21,1,1)=  -4.1186246018015198E-006  Fi(21,21,1)=   0.0000000000000000       Fi(41,21,1)=   0.0000000000000000     
   DBG div max=   5.9408075746408134E-003  res_p=   5.9408075746408134E-003
   SIMPLE iter           1  res_p=   5.9408075746408134E-003  u(1,1,1)=  -6.6199566106287114E-003  p(1,1,1)=   31231056.849496633     
   DBG iter           2  maxU2=   2.6830519864096562E-002  maxFi=   1.7338804049553974E-005  maxFj=   8.3333726666667482E-003  Fi(21,1,1)=  -4.1049467175767306E-006  Fi(21,21,1)=   0.0000000000000000       Fi(41,21,1)=   0.0000000000000000     
   DBG div max=   8.0180118398848910E-003  res_p=   8.0180118398848910E-003
   SIMPLE iter           2  res_p=   8.0180118398848910E-003  u(1,1,1)=  -6.6169131831765047E-003  p(1,1,1)=   31235374.561900351     
   DBG iter           3  maxU2=   2.6830519864096562E-002  maxFi=   1.7368409533774758E-005  maxFj=   8.3333726666667482E-003  Fi(21,1,1)=  -4.1045485224566912E-006  Fi(21,21,1)=   0.0000000000000000       Fi(41,21,1)=   0.0000000000000000     
   DBG div max=   7.7989822946888665E-003  res_p=   7.7989822946888665E-003
   SIMPLE iter           3  res_p=   7.7989822946888665E-003  u(1,1,1)=  -6.6121886154083724E-003  p(1,1,1)=   31239677.617825102     
   SIMPLE iter           4  res_p=   7.5371247912713862E-003  u(1,1,1)=  -6.6157134466171344E-003  p(1,1,1)=   31243983.618374232     
   SIMPLE iter           5  res_p=   7.5904660149349341E-003  u(1,1,1)=  -6.6185899638782648E-003  p(1,1,1)=   31248296.916694548     
 DEBUG T iter          50 min   299.99999999999955      max   300.00000000000131     
 DEBUG T iter         100 min   299.99999999999955      max   300.00000000000131     
   SIMPLE iter         100  res_p=   6.8841694048070359E-003  u(1,1,1)=  -6.6209608946083218E-003  p(1,1,1)=   31658442.718846653     
 DEBUG T iter         150 min   299.99999999999955      max   300.00000000000131     
 DEBUG T iter         200 min   299.99999999999955      max   300.00000000000131     
   SIMPLE iter         200  res_p=   6.8524131385380629E-003  u(1,1,1)=  -6.6246790384882062E-003  p(1,1,1)=   32090410.286048468     
 DEBUG T iter         250 min   299.99999999999949      max   300.00000000000125     
 DEBUG T iter         300 min   299.99999999999955      max   300.00000000000131     
   SIMPLE iter         300  res_p=   6.8211562225307058E-003  u(1,1,1)=  -6.6283564924488328E-003  p(1,1,1)=   32522621.645495690     
 DEBUG T iter         350 min   299.99999999999955      max   300.00000000000131     
 DEBUG T iter         400 min   299.99999999999955      max   300.00000000000131     
   SIMPLE iter         400  res_p=   6.7903851787836471E-003  u(1,1,1)=  -6.6319957927357632E-003  p(1,1,1)=   32955074.145989235     
 DEBUG T iter         450 min   299.99999999999949      max   300.00000000000131     
 DEBUG T iter         500 min   299.99999999999955      max   300.00000000000125     
   SIMPLE iter         500  res_p=   6.7600869462624254E-003  u(1,1,1)=  -6.6355979920321656E-003  p(1,1,1)=   33387765.197874554     
 DEBUG T iter         550 min   299.99999999999955      max   300.00000000000131     
 DEBUG T iter         600 min   299.99999999999955      max   300.00000000000131     
   SIMPLE iter         600  res_p=   6.7302489505653091E-003  u(1,1,1)=  -6.6391639027369989E-003  p(1,1,1)=   33820692.270346075     
 DEBUG T iter         650 min   299.99999999999955      max   300.00000000000131     
 DEBUG T iter         700 min   299.99999999999955      max   300.00000000000136     
   SIMPLE iter         700  res_p=   6.7008590899854392E-003  u(1,1,1)=  -6.6426942885982757E-003  p(1,1,1)=   34253852.889336139     
 DEBUG T iter         750 min   299.99999999999955      max   300.00000000000131     
 DEBUG T iter         800 min   299.99999999999949      max   300.00000000000131     
   SIMPLE iter         800  res_p=   6.6719057146755840E-003  u(1,1,1)=  -6.6461898749210612E-003  p(1,1,1)=   34687244.635576919     
 DEBUG T iter         850 min   299.99999999999955      max   300.00000000000131     
 DEBUG T iter         900 min   299.99999999999955      max   300.00000000000131     
   SIMPLE iter         900  res_p=   6.6433776053501405E-003  u(1,1,1)=  -6.6496513800733221E-003  p(1,1,1)=   35120865.142762154     
 DEBUG T iter         950 min   299.99999999999955      max   300.00000000000125     
 DEBUG T iter        1000 min   299.99999999999955      max   300.00000000000131     
   SIMPLE iter        1000  res_p=   6.6152639528759601E-003  u(1,1,1)=  -6.6530794905896879E-003  p(1,1,1)=   35554712.095790558     
 DEBUG T iter        1050 min   299.99999999999955      max   300.00000000000131     
 DEBUG T iter        1100 min   299.99999999999955      max   300.00000000000125     
   SIMPLE iter        1100  res_p=   6.5875543390361922E-003  u(1,1,1)=  -6.6564748726551356E-003  p(1,1,1)=   35988783.229085743     
 DEBUG T iter        1150 min   299.99999999999949      max   300.00000000000136     
 DEBUG T iter        1200 min   299.99999999999955      max   300.00000000000125     
   SIMPLE iter        1200  res_p=   6.5602387180801417E-003  u(1,1,1)=  -6.6598381767218068E-003  p(1,1,1)=   36423076.324988939     
 DEBUG T iter        1250 min   299.99999999999949      max   300.00000000000125     
 DEBUG T iter        1300 min   299.99999999999955      max   300.00000000000136     
   SIMPLE iter        1300  res_p=   6.5333073996715939E-003  u(1,1,1)=  -6.6631700183501560E-003  p(1,1,1)=   36857589.212221138     
 DEBUG T iter        1350 min   299.99999999999955      max   300.00000000000131     
 DEBUG T iter        1400 min   299.99999999999955      max   300.00000000000136     
   SIMPLE iter        1400  res_p=   6.5067510326710870E-003  u(1,1,1)=  -6.6664710083482685E-003  p(1,1,1)=   37292319.764411174     
 DEBUG T iter        1450 min   299.99999999999955      max   300.00000000000125     
 DEBUG T iter        1500 min   299.99999999999955      max   300.00000000000131     
   SIMPLE iter        1500  res_p=   6.4805605895091765E-003  u(1,1,1)=  -6.6697417300839185E-003  p(1,1,1)=   37727265.898686260     
 Porous solver Block           2  SIMPLE iterations:        1501  res_p:   6.4805605895091765E-003
 --------------Force and Moment -----------------------------
 Total Force Coefficient (CL, CD, CS) =
   0.0000000000000000        1.1308395616651978        0.0000000000000000     
 Total Moment Coefficient(CMx, CMy, CMz)=
   0.0000000000000000       0.56541978083259892        5.2701702933433126E-004
 Kstep, t=           6   6.0000000000000000     
 ----------The Max Residuals are--------  ---Mesh---           1
    0.4331614738E-10    0.8062755625E-11    0.4638535758E-11    0.7676236084E-21    0.1768268462E-10
   The R.M.S Residuals are 
    0.5749393580E-11    0.7007104709E-12    0.5253363775E-12    0.1022919192E-21    0.2196855440E-11
 CPU wall time in this step:   6.9354819699999979     
 Averaged CPU wall time is:   6.5113764976666664     
   DBG iter           1  maxU2=   2.7072459387168322E-002  maxFi=   1.7641035428842446E-005  maxFj=   8.3333726666667482E-003  Fi(21,1,1)=  -4.1288387552110165E-006  Fi(21,21,1)=   0.0000000000000000       Fi(41,21,1)=   0.0000000000000000     
   DBG div max=   5.4515079127146863E-003  res_p=   5.4515079127146863E-003
   SIMPLE iter           1  res_p=   5.4515079127146863E-003  u(1,1,1)=  -6.6719003964328576E-003  p(1,1,1)=   37731613.763595305     
   DBG iter           2  maxU2=   2.7176813592373002E-002  maxFi=   1.7533144571696990E-005  maxFj=   8.3333726666667482E-003  Fi(21,1,1)=  -4.1151402048618208E-006  Fi(21,21,1)=   0.0000000000000000       Fi(41,21,1)=   0.0000000000000000     
   DBG div max=   7.4311979879979435E-003  res_p=   7.4311979879979435E-003
   SIMPLE iter           2  res_p=   7.4311979879979435E-003  u(1,1,1)=  -6.6698803430215413E-003  p(1,1,1)=   37735967.178444549     
   DBG iter           3  maxU2=   2.7176813592373002E-002  maxFi=   1.7563897639045709E-005  maxFj=   8.3333726666667482E-003  Fi(21,1,1)=  -4.1147392841714382E-006  Fi(21,21,1)=   0.0000000000000000       Fi(41,21,1)=   0.0000000000000000     
   DBG div max=   7.2207516809465353E-003  res_p=   7.2207516809465353E-003
   SIMPLE iter           3  res_p=   7.2207516809465353E-003  u(1,1,1)=  -6.6654977076612675E-003  p(1,1,1)=   37740305.745195068     
   SIMPLE iter           4  res_p=   6.9731206935752937E-003  u(1,1,1)=  -6.6685990655905468E-003  p(1,1,1)=   37744646.433818527     
   SIMPLE iter           5  res_p=   7.0518427843393166E-003  u(1,1,1)=  -6.6711210327206017E-003  p(1,1,1)=   37748994.210454069     
 DEBUG T iter          50 min   299.99999999999955      max   300.00000000000131     
 DEBUG T iter         100 min   299.99999999999955      max   300.00000000000131     
   SIMPLE iter         100  res_p=   6.4544610230904669E-003  u(1,1,1)=  -6.6729960623588434E-003  p(1,1,1)=   38162407.322080612     
 DEBUG T iter         150 min   299.99999999999955      max   300.00000000000131     
 DEBUG T iter         200 min   299.99999999999949      max   300.00000000000131     
   SIMPLE iter         200  res_p=   6.4289806799802942E-003  u(1,1,1)=  -6.6762099569037487E-003  p(1,1,1)=   38597780.232313193     
 DEBUG T iter         250 min   299.99999999999955      max   300.00000000000136     
 DEBUG T iter         300 min   299.99999999999955      max   300.00000000000131     
   SIMPLE iter         300  res_p=   6.4038407415137220E-003  u(1,1,1)=  -6.6793934592378505E-003  p(1,1,1)=   39033362.705907986     
 DEBUG T iter         350 min   299.99999999999955      max   300.00000000000131     
 DEBUG T iter         400 min   299.99999999999955      max   300.00000000000131     
   SIMPLE iter         400  res_p=   6.3790334550662521E-003  u(1,1,1)=  -6.6825486067245412E-003  p(1,1,1)=   39469152.820714697     
 DEBUG T iter         450 min   299.99999999999955      max   300.00000000000136     
 DEBUG T iter         500 min   299.99999999999955      max   300.00000000000131     
   SIMPLE iter         500  res_p=   6.3545512302881184E-003  u(1,1,1)=  -6.6856761117201884E-003  p(1,1,1)=   39905148.692452788     
 DEBUG T iter         550 min   299.99999999999955      max   300.00000000000136     
 DEBUG T iter         600 min   299.99999999999955      max   300.00000000000131     
   SIMPLE iter         600  res_p=   6.3303867115092304E-003  u(1,1,1)=  -6.6887764938757151E-003  p(1,1,1)=   40341348.473098986     
 DEBUG T iter         650 min   299.99999999999955      max   300.00000000000131     
 DEBUG T iter         700 min   299.99999999999949      max   300.00000000000125     
   SIMPLE iter         700  res_p=   6.3065327771489096E-003  u(1,1,1)=  -6.6918502328957045E-003  p(1,1,1)=   40777750.349753834     
 DEBUG T iter         750 min   299.99999999999949      max   300.00000000000136     
 DEBUG T iter         800 min   299.99999999999955      max   300.00000000000125     
   SIMPLE iter         800  res_p=   6.2829825318469644E-003  u(1,1,1)=  -6.6948977911623075E-003  p(1,1,1)=   41214352.543621019     
 DEBUG T iter         850 min   299.99999999999955      max   300.00000000000131     
 DEBUG T iter         900 min   299.99999999999955      max   300.00000000000131     
   SIMPLE iter         900  res_p=   6.2597292975645584E-003  u(1,1,1)=  -6.6979196292413241E-003  p(1,1,1)=   41651153.309036076     
 DEBUG T iter         950 min   299.99999999999955      max   300.00000000000131     
 DEBUG T iter        1000 min   299.99999999999955      max   300.00000000000131     
   SIMPLE iter        1000  res_p=   6.2367666050304384E-003  u(1,1,1)=  -6.7009161897301443E-003  p(1,1,1)=   42088150.932531297     
 DEBUG T iter        1050 min   299.99999999999955      max   300.00000000000131     
 DEBUG T iter        1100 min   299.99999999999955      max   300.00000000000131     
   SIMPLE iter        1100  res_p=   6.2140881853778307E-003  u(1,1,1)=  -6.7038879069515004E-003  p(1,1,1)=   42525343.731934406     
 DEBUG T iter        1150 min   299.99999999999955      max   300.00000000000131     
 DEBUG T iter        1200 min   299.99999999999955      max   300.00000000000136     
   SIMPLE iter        1200  res_p=   6.1916879619639369E-003  u(1,1,1)=  -6.7068352018824435E-003  p(1,1,1)=   42962730.055500433     
 DEBUG T iter        1250 min   299.99999999999955      max   300.00000000000125     
 DEBUG T iter        1300 min   299.99999999999955      max   300.00000000000131     
   SIMPLE iter        1300  res_p=   6.1695600429537457E-003  u(1,1,1)=  -6.7097584866037509E-003  p(1,1,1)=   43400308.281076536     
 DEBUG T iter        1350 min   299.99999999999955      max   300.00000000000131     
 DEBUG T iter        1400 min   299.99999999999960      max   300.00000000000131     
   SIMPLE iter        1400  res_p=   6.1476987139592017E-003  u(1,1,1)=  -6.7126581616319255E-003  p(1,1,1)=   43838076.815296002     
 DEBUG T iter        1450 min   299.99999999999955      max   300.00000000000131     
 DEBUG T iter        1500 min   299.99999999999955      max   300.00000000000131     
   SIMPLE iter        1500  res_p=   6.1260984311356957E-003  u(1,1,1)=  -6.7155346102350296E-003  p(1,1,1)=   44276034.092800476     
 Porous solver Block           2  SIMPLE iterations:        1501  res_p:   6.1260984311356957E-003
 --------------Force and Moment -----------------------------
 Total Force Coefficient (CL, CD, CS) =
   0.0000000000000000        1.2724533270229585        0.0000000000000000     
 Total Moment Coefficient(CMx, CMy, CMz)=
   0.0000000000000000       0.63622666351147927        5.9381933807856058E-004
 Kstep, t=           7   7.0000000000000000     
 ----------The Max Residuals are--------  ---Mesh---           1
    0.4808114820E-10    0.1121378862E-10    0.3980201097E-11    0.8999725065E-21    0.1309022695E-10
   The R.M.S Residuals are 
    0.6219566215E-11    0.1342388606E-11    0.4578778905E-12    0.1036991130E-21    0.1566340330E-11
 CPU wall time in this step:   6.2729624890000011     
 Averaged CPU wall time is:   6.4773173535714283     
   DBG iter           1  maxU2=   2.7367400456059735E-002  maxFi=   1.7811494937178290E-005  maxFj=   8.3333726666667482E-003  Fi(21,1,1)=  -4.1382249623311875E-006  Fi(21,21,1)=   0.0000000000000000       Fi(41,21,1)=   0.0000000000000000     
   DBG div max=   5.0750810699076998E-003  res_p=   5.0750810699076998E-003
   SIMPLE iter           1  res_p=   5.0750810699076998E-003  u(1,1,1)=  -6.7170343216955046E-003  p(1,1,1)=   44280412.188121319     
   DBG iter           2  maxU2=   2.7477972665573856E-002  maxFi=   1.7702762847543297E-005  maxFj=   8.3333726666667482E-003  Fi(21,1,1)=  -4.1245067547306496E-006  Fi(21,21,1)=   0.0000000000000000       Fi(41,21,1)=   0.0000000000000000     
   DBG div max=   6.9681643779137261E-003  res_p=   6.9681643779137261E-003
   SIMPLE iter           2  res_p=   6.9681643779137261E-003  u(1,1,1)=  -6.7159104367258025E-003  p(1,1,1)=   44284796.320898242     
   DBG iter           3  maxU2=   2.7477972665573856E-002  maxFi=   1.7734379305756075E-005  maxFj=   8.3333726666667482E-003  Fi(21,1,1)=  -4.1241031628687232E-006  Fi(21,21,1)=   0.0000000000000000       Fi(41,21,1)=   0.0000000000000000     
   DBG div max=   6.7629717584270213E-003  res_p=   6.7629717584270213E-003
   SIMPLE iter           3  res_p=   6.7629717584270213E-003  u(1,1,1)=  -6.7119230497002351E-003  p(1,1,1)=   44289165.615625307     
   SIMPLE iter           4  res_p=   6.5268306047155111E-003  u(1,1,1)=  -6.7147275418366625E-003  p(1,1,1)=   44293536.415358596     
   SIMPLE iter           5  res_p=   6.6224219204077898E-003  u(1,1,1)=  -6.7169257899951998E-003  p(1,1,1)=   44297914.090959795     
 DEBUG T iter          50 min   299.99999999999949      max   300.00000000000131     
 DEBUG T iter         100 min   299.99999999999949      max   300.00000000000131     
   SIMPLE iter         100  res_p=   6.1045549251315936E-003  u(1,1,1)=  -6.7183982857231695E-003  p(1,1,1)=   44714161.658527061     
 DEBUG T iter         150 min   299.99999999999955      max   300.00000000000131     
 DEBUG T iter         200 min   299.99999999999960      max   300.00000000000131     
   SIMPLE iter         200  res_p=   6.0834634539456926E-003  u(1,1,1)=  -6.7212312257652783E-003  p(1,1,1)=   45152493.164670743     
 DEBUG T iter         250 min   299.99999999999955      max   300.00000000000131     
 DEBUG T iter         300 min   299.99999999999955      max   300.00000000000136     
   SIMPLE iter         300  res_p=   6.0626171761466799E-003  u(1,1,1)=  -6.7240404389188480E-003  p(1,1,1)=   45591008.866839394     
 DEBUG T iter         350 min   299.99999999999955      max   300.00000000000131     
 DEBUG T iter         400 min   299.99999999999955      max   300.00000000000131     
   SIMPLE iter         400  res_p=   6.0420112709172729E-003  u(1,1,1)=  -6.7268276542308027E-003  p(1,1,1)=   46029707.304083906     
 DEBUG T iter         450 min   299.99999999999955      max   300.00000000000131     
 DEBUG T iter         500 min   299.99999999999949      max   300.00000000000131     
   SIMPLE iter         500  res_p=   6.0216409714216748E-003  u(1,1,1)=  -6.7295934020049023E-003  p(1,1,1)=   46468587.040520385     
 DEBUG T iter         550 min   299.99999999999955      max   300.00000000000131     
 DEBUG T iter         600 min   299.99999999999955      max   300.00000000000131     
   SIMPLE iter         600  res_p=   6.0015016348538260E-003  u(1,1,1)=  -6.7323380327271760E-003  p(1,1,1)=   46907646.664232410     
 DEBUG T iter         650 min   299.99999999999955      max   300.00000000000136     
 DEBUG T iter         700 min   299.99999999999955      max   300.00000000000131     
   SIMPLE iter         700  res_p=   5.9815887459837309E-003  u(1,1,1)=  -6.7350618694171109E-003  p(1,1,1)=   47346884.786595687     
 DEBUG T iter         750 min   299.99999999999955      max   300.00000000000131     
 DEBUG T iter         800 min   299.99999999999955      max   300.00000000000131     
   SIMPLE iter         800  res_p=   5.9618979143622724E-003  u(1,1,1)=  -6.7377652273104306E-003  p(1,1,1)=   47786300.041688584     
 DEBUG T iter         850 min   299.99999999999949      max   300.00000000000131     
 DEBUG T iter         900 min   299.99999999999949      max   300.00000000000131     
   SIMPLE iter         900  res_p=   5.9424248700909706E-003  u(1,1,1)=  -6.7404484229777557E-003  p(1,1,1)=   48225891.085731395     
 DEBUG T iter         950 min   299.99999999999955      max   300.00000000000131     
 DEBUG T iter        1000 min   299.99999999999955      max   300.00000000000131     
   SIMPLE iter        1000  res_p=   5.9231654601009810E-003  u(1,1,1)=  -6.7431117621681962E-003  p(1,1,1)=   48665656.596542962     
 DEBUG T iter        1050 min   299.99999999999955      max   300.00000000000136     
 DEBUG T iter        1100 min   299.99999999999949      max   300.00000000000131     
   SIMPLE iter        1100  res_p=   5.9041156436104364E-003  u(1,1,1)=  -6.7457555448939104E-003  p(1,1,1)=   49105595.273013555     
 DEBUG T iter        1150 min   299.99999999999955      max   300.00000000000136     
 DEBUG T iter        1200 min   299.99999999999955      max   300.00000000000131     
   SIMPLE iter        1200  res_p=   5.8852714886995566E-003  u(1,1,1)=  -6.7483800619485799E-003  p(1,1,1)=   49545705.834594183     
 DEBUG T iter        1250 min   299.99999999999955      max   300.00000000000131     
 DEBUG T iter        1300 min   299.99999999999960      max   300.00000000000131     
   SIMPLE iter        1300  res_p=   5.8666291680844014E-003  u(1,1,1)=  -6.7509856031832587E-003  p(1,1,1)=   49985987.020802207     
 DEBUG T iter        1350 min   299.99999999999955      max   300.00000000000131     
 DEBUG T iter        1400 min   299.99999999999955      max   300.00000000000131     
   SIMPLE iter        1400  res_p=   5.8481849558020098E-003  u(1,1,1)=  -6.7535724446085256E-003  p(1,1,1)=   50426437.590742797     
 DEBUG T iter        1450 min   299.99999999999949      max   300.00000000000131     
 DEBUG T iter        1500 min   299.99999999999955      max   300.00000000000131     
   SIMPLE iter        1500  res_p=   5.8299352237079737E-003  u(1,1,1)=  -6.7561408553871681E-003  p(1,1,1)=   50867056.322645806     
 Porous solver Block           2  SIMPLE iterations:        1501  res_p:   5.8299352237079737E-003
 --------------Force and Moment -----------------------------
 Total Force Coefficient (CL, CD, CS) =
   0.0000000000000000        1.3988039051328087        0.0000000000000000     
 Total Moment Coefficient(CMx, CMy, CMz)=
   0.0000000000000000       0.69940195256640436        6.5362048800210459E-004
 Kstep, t=           8   8.0000000000000000     
 ----------The Max Residuals are--------  ---Mesh---           1
    0.5167050678E-10    0.1524069306E-10    0.2923457537E-11    0.1005851625E-20    0.9516854694E-11
   The R.M.S Residuals are 
    0.6513656119E-11    0.1810694347E-11    0.3582221278E-12    0.1233051060E-21    0.1098462522E-11
 CPU wall time in this step:   6.1795249669999990     
 Averaged CPU wall time is:   6.4400933052499996     
   DBG iter           1  maxU2=   2.7630111773336231E-002  maxFi=   1.7963222806920914E-005  maxFj=   8.3333726666667482E-003  Fi(21,1,1)=  -4.1468106719824084E-006  Fi(21,21,1)=   0.0000000000000000       Fi(41,21,1)=   0.0000000000000000     
   DBG div max=   4.7735301653724048E-003  res_p=   4.7735301653724048E-003
   SIMPLE iter           1  res_p=   4.7735301653724048E-003  u(1,1,1)=  -6.7569785755173589E-003  p(1,1,1)=   50871461.067109309     
   DBG iter           2  maxU2=   2.7745224944397042E-002  maxFi=   1.7853649867398711E-005  maxFj=   8.3333726666667482E-003  Fi(21,1,1)=  -4.1330741760065287E-006  Fi(21,21,1)=   0.0000000000000000       Fi(41,21,1)=   0.0000000000000000     
   DBG div max=   6.5895154584299188E-003  res_p=   6.5895154584299188E-003
   SIMPLE iter           2  res_p=   6.5895154584299188E-003  u(1,1,1)=  -6.7566533141671797E-003  p(1,1,1)=   50875872.219921514     
   DBG iter           3  maxU2=   2.7745224944397042E-002  maxFi=   1.7885944080003442E-005  maxFj=   8.3333726666667482E-003  Fi(21,1,1)=  -4.1326679946520409E-006  Fi(21,21,1)=   0.0000000000000000       Fi(41,21,1)=   0.0000000000000000     
   DBG div max=   6.3879597623088457E-003  res_p=   6.3879597623088457E-003
   SIMPLE iter           3  res_p=   6.3879597623088457E-003  u(1,1,1)=  -6.7530669450981962E-003  p(1,1,1)=   50880268.651098907     
   SIMPLE iter           4  res_p=   6.1617883268548865E-003  u(1,1,1)=  -6.7556599052730681E-003  p(1,1,1)=   50884666.111673072     
   SIMPLE iter           5  res_p=   6.2690795006686128E-003  u(1,1,1)=  -6.7575656825515770E-003  p(1,1,1)=   50889070.241297118     
 DEBUG T iter          50 min   299.99999999999960      max   300.00000000000131     
 DEBUG T iter         100 min   299.99999999999955      max   300.00000000000131     
   SIMPLE iter         100  res_p=   5.8117220792894986E-003  u(1,1,1)=  -6.7586989825393108E-003  p(1,1,1)=   51307826.112548493     
 DEBUG T iter         150 min   299.99999999999949      max   300.00000000000131     
 DEBUG T iter         200 min   299.99999999999955      max   300.00000000000131     
   SIMPLE iter         200  res_p=   5.7938526826104494E-003  u(1,1,1)=  -6.7612329954285537E-003  p(1,1,1)=   51748778.656695992     
 DEBUG T iter         250 min   299.99999999999955      max   300.00000000000131     
 DEBUG T iter         300 min   299.99999999999955      max   300.00000000000131     
   SIMPLE iter         300  res_p=   5.7761672883816654E-003  u(1,1,1)=  -6.7637478828345993E-003  p(1,1,1)=   52189895.799515620     
 DEBUG T iter         350 min   299.99999999999955      max   300.00000000000136     
 DEBUG T iter         400 min   299.99999999999955      max   300.00000000000136     
   SIMPLE iter         400  res_p=   5.7586627217694059E-003  u(1,1,1)=  -6.7662451760087611E-003  p(1,1,1)=   52631176.390955806     
 DEBUG T iter         450 min   299.99999999999955      max   300.00000000000136     
 DEBUG T iter         500 min   299.99999999999955      max   300.00000000000125     
   SIMPLE iter         500  res_p=   5.7413358113151836E-003  u(1,1,1)=  -6.7687252862315009E-003  p(1,1,1)=   53072619.298486233     
 DEBUG T iter         550 min   299.99999999999955      max   300.00000000000131     
 DEBUG T iter         600 min   299.99999999999955      max   300.00000000000131     
   SIMPLE iter         600  res_p=   5.7241834551402387E-003  u(1,1,1)=  -6.7711884660533773E-003  p(1,1,1)=   53514223.406274162     
 DEBUG T iter         650 min   299.99999999999955      max   300.00000000000131     
 DEBUG T iter         700 min   299.99999999999955      max   300.00000000000131     
   SIMPLE iter         700  res_p=   5.7072026259894727E-003  u(1,1,1)=  -6.7736349433012233E-003  p(1,1,1)=   53955987.614747897     
 DEBUG T iter         750 min   299.99999999999955      max   300.00000000000136     
 DEBUG T iter         800 min   299.99999999999955      max   300.00000000000131     
   SIMPLE iter         800  res_p=   5.6903903704117707E-003  u(1,1,1)=  -6.7760649442185064E-003  p(1,1,1)=   54397910.840232208     
 DEBUG T iter         850 min   299.99999999999955      max   300.00000000000131     
 DEBUG T iter         900 min   299.99999999999955      max   300.00000000000136     
   SIMPLE iter         900  res_p=   5.6737438071323525E-003  u(1,1,1)=  -6.7784786907504275E-003  p(1,1,1)=   54839992.014602594     
 DEBUG T iter         950 min   299.99999999999955      max   300.00000000000131     
 DEBUG T iter        1000 min   299.99999999999955      max   300.00000000000136     
   SIMPLE iter        1000  res_p=   5.6572601245640126E-003  u(1,1,1)=  -6.7808764076835171E-003  p(1,1,1)=   55282230.084948212     
 DEBUG T iter        1050 min   299.99999999999955      max   300.00000000000131     
 DEBUG T iter        1100 min   299.99999999999955      max   300.00000000000131     
   SIMPLE iter        1100  res_p=   5.6409365788912223E-003  u(1,1,1)=  -6.7832583114940254E-003  p(1,1,1)=   55724624.013242945     
 DEBUG T iter        1150 min   299.99999999999955      max   300.00000000000136     
 DEBUG T iter        1200 min   299.99999999999955      max   300.00000000000131     
   SIMPLE iter        1200  res_p=   5.6247704921160262E-003  u(1,1,1)=  -6.7856246184712669E-003  p(1,1,1)=   56167172.776025131     
 DEBUG T iter        1250 min   299.99999999999955      max   300.00000000000131     
 DEBUG T iter        1300 min   299.99999999999955      max   300.00000000000131     
   SIMPLE iter        1300  res_p=   5.6087592495990910E-003  u(1,1,1)=  -6.7879755334088283E-003  p(1,1,1)=   56609875.364086233     
 DEBUG T iter        1350 min   299.99999999999955      max   300.00000000000131     
 DEBUG T iter        1400 min   299.99999999999955      max   300.00000000000136     
   SIMPLE iter        1400  res_p=   5.5929002985587667E-003  u(1,1,1)=  -6.7903112580659387E-003  p(1,1,1)=   57052730.782168441     
 DEBUG T iter        1450 min   299.99999999999960      max   300.00000000000131     
 DEBUG T iter        1500 min   299.99999999999955      max   300.00000000000131     
   SIMPLE iter        1500  res_p=   5.5771911459805180E-003  u(1,1,1)=  -6.7926319953999330E-003  p(1,1,1)=   57495738.048670828     
 Porous solver Block           2  SIMPLE iterations:        1501  res_p:   5.5771911459805180E-003
 --------------Force and Moment -----------------------------
 Total Force Coefficient (CL, CD, CS) =
   0.0000000000000000        1.5132172922603786        0.0000000000000000     
 Total Moment Coefficient(CMx, CMy, CMz)=
   0.0000000000000000       0.75660864613018930        7.0788738837279652E-004
 Kstep, t=           9   9.0000000000000000     
 ----------The Max Residuals are--------  ---Mesh---           1
    0.5376789645E-10    0.1821107810E-10    0.1834042738E-11    0.8205631677E-21    0.7185031028E-11
   The R.M.S Residuals are 
    0.6607005270E-11    0.2068407844E-11    0.2634148523E-12    0.1217259658E-21    0.8115625625E-12
 CPU wall time in this step:   6.2886195890000067     
 Averaged CPU wall time is:   6.4232628923333337     
   DBG iter           1  maxU2=   2.7867435176935851E-002  maxFi=   1.8100195704793120E-005  maxFj=   8.3333726666667482E-003  Fi(21,1,1)=  -4.1546654904135987E-006  Fi(21,21,1)=   0.0000000000000000       Fi(41,21,1)=   0.0000000000000000     
   DBG div max=   4.5246628659928647E-003  res_p=   4.5246628659928647E-003
   SIMPLE iter           1  res_p=   4.5246628659928647E-003  u(1,1,1)=  -6.7928234514835206E-003  p(1,1,1)=   57500166.664962225     
   DBG iter           2  maxU2=   2.7985987415688449E-002  maxFi=   1.7989805670697403E-005  maxFj=   8.3333726666667482E-003  Fi(21,1,1)=  -4.1409121466031080E-006  Fi(21,21,1)=   0.0000000000000000       Fi(41,21,1)=   0.0000000000000000     
   DBG div max=   6.2716636594749280E-003  res_p=   6.2716636594749280E-003
   SIMPLE iter           2  res_p=   6.2716636594749280E-003  u(1,1,1)=  -6.7932206835391697E-003  p(1,1,1)=   57504601.979427978     
   DBG iter           3  maxU2=   2.7985987415688449E-002  maxFi=   1.8022650474243501E-005  maxFj=   8.3333726666667482E-003  Fi(21,1,1)=  -4.1405034777275803E-006  Fi(21,21,1)=   0.0000000000000000       Fi(41,21,1)=   0.0000000000000000     
   DBG div max=   6.0729115654339031E-003  res_p=   6.0729115654339031E-003
   SIMPLE iter           3  res_p=   6.0729115654339031E-003  u(1,1,1)=  -6.7900207977886996E-003  p(1,1,1)=   57509022.745110914     
   SIMPLE iter           4  res_p=   5.8557065056908377E-003  u(1,1,1)=  -6.7924619052156347E-003  p(1,1,1)=   57513444.165169120     
   SIMPLE iter           5  res_p=   5.9713448929560233E-003  u(1,1,1)=  -6.7941042876254942E-003  p(1,1,1)=   57517872.056604572     
 DEBUG T iter          50 min   299.99999999999955      max   300.00000000000136     
 DEBUG T iter         100 min   299.99999999999955      max   300.00000000000131     
   SIMPLE iter         100  res_p=   5.5615059761610526E-003  u(1,1,1)=  -6.7949442516450778E-003  p(1,1,1)=   57938881.093637109     
 DEBUG T iter         150 min   299.99999999999955      max   300.00000000000136     
 DEBUG T iter         200 min   299.99999999999949      max   300.00000000000136     
   SIMPLE iter         200  res_p=   5.5460905500067034E-003  u(1,1,1)=  -6.7972371339445831E-003  p(1,1,1)=   58382190.063655965     
 DEBUG T iter         250 min   299.99999999999955      max   300.00000000000131     
 DEBUG T iter         300 min   299.99999999999955      max   300.00000000000136     
   SIMPLE iter         300  res_p=   5.5308176573828092E-003  u(1,1,1)=  -6.7995142202763826E-003  p(1,1,1)=   58825648.010378078     
 DEBUG T iter         350 min   299.99999999999960      max   300.00000000000131     
 DEBUG T iter         400 min   299.99999999999955      max   300.00000000000131     
   SIMPLE iter         400  res_p=   5.5156851138416082E-003  u(1,1,1)=  -6.8017769046289219E-003  p(1,1,1)=   59269254.003615901     
 DEBUG T iter         450 min   299.99999999999955      max   300.00000000000136     
 DEBUG T iter         500 min   299.99999999999955      max   300.00000000000136     
   SIMPLE iter         500  res_p=   5.5006907130643150E-003  u(1,1,1)=  -6.8040255213109987E-003  p(1,1,1)=   59713007.125961900     
 DEBUG T iter         550 min   299.99999999999955      max   300.00000000000131     
 DEBUG T iter         600 min   299.99999999999955      max   300.00000000000131     
   SIMPLE iter         600  res_p=   5.4858322962716586E-003  u(1,1,1)=  -6.8062602542727632E-003  p(1,1,1)=   60156906.472124435     
 DEBUG T iter         650 min   299.99999999999949      max   300.00000000000136     
 DEBUG T iter         700 min   299.99999999999955      max   300.00000000000136     
   SIMPLE iter         700  res_p=   5.4711077294031449E-003  u(1,1,1)=  -6.8084812728847512E-003  p(1,1,1)=   60600951.148626186     
 DEBUG T iter         750 min   299.99999999999949      max   300.00000000000131     
 DEBUG T iter         800 min   299.99999999999955      max   300.00000000000131     
   SIMPLE iter         800  res_p=   5.4565149459460567E-003  u(1,1,1)=  -6.8106887384350393E-003  p(1,1,1)=   61045140.273566581     
 DEBUG T iter         850 min   299.99999999999955      max   300.00000000000131     
 DEBUG T iter         900 min   299.99999999999949      max   300.00000000000131     
   SIMPLE iter         900  res_p=   5.4420519176492151E-003  u(1,1,1)=  -6.8128828211201121E-003  p(1,1,1)=   61489472.976397671     
 DEBUG T iter         950 min   299.99999999999955      max   300.00000000000136     
 DEBUG T iter        1000 min   299.99999999999955      max   300.00000000000131     
   SIMPLE iter        1000  res_p=   5.4277166605212774E-003  u(1,1,1)=  -6.8150636890772984E-003  p(1,1,1)=   61933948.397704229     
 DEBUG T iter        1050 min   299.99999999999955      max   300.00000000000131     
 DEBUG T iter        1100 min   299.99999999999955      max   300.00000000000131     
   SIMPLE iter        1100  res_p=   5.4135072336389672E-003  u(1,1,1)=  -6.8172315036984380E-003  p(1,1,1)=   62378565.688987970     
 DEBUG T iter        1150 min   299.99999999999949      max   300.00000000000131     
 DEBUG T iter        1200 min   299.99999999999955      max   300.00000000000131     
   SIMPLE iter        1200  res_p=   5.3994217378776806E-003  u(1,1,1)=  -6.8193864301731256E-003  p(1,1,1)=   62823324.012456775     
 DEBUG T iter        1250 min   299.99999999999955      max   300.00000000000131     
 DEBUG T iter        1300 min   299.99999999999955      max   300.00000000000131     
   SIMPLE iter        1300  res_p=   5.3854583148701335E-003  u(1,1,1)=  -6.8215286195950561E-003  p(1,1,1)=   63268222.540819488     
 DEBUG T iter        1350 min   299.99999999999955      max   300.00000000000136     
 DEBUG T iter        1400 min   299.99999999999955      max   300.00000000000142     
   SIMPLE iter        1400  res_p=   5.3716151458223895E-003  u(1,1,1)=  -6.8236582298164782E-003  p(1,1,1)=   63713260.457084075     
 DEBUG T iter        1450 min   299.99999999999955      max   300.00000000000136     
 DEBUG T iter        1500 min   299.99999999999955      max   300.00000000000136     
   SIMPLE iter        1500  res_p=   5.3578904503392838E-003  u(1,1,1)=  -6.8257754087852262E-003  p(1,1,1)=   64158436.954361424     
 Porous solver Block           2  SIMPLE iterations:        1501  res_p:   5.3578904503392838E-003
 --------------Force and Moment -----------------------------
 Total Force Coefficient (CL, CD, CS) =
   0.0000000000000000        1.6179976940038614        0.0000000000000000     
 Total Moment Coefficient(CMx, CMy, CMz)=
   0.0000000000000000       0.80899884700193070        7.5765270725014489E-004
 Kstep, t=          10   10.000000000000000     
 ----------The Max Residuals are--------  ---Mesh---           1
    0.5428467133E-10    0.1953992311E-10    0.2017969450E-11    0.9793818453E-21    0.6121604880E-11
   The R.M.S Residuals are 
    0.6505241973E-11    0.2122706823E-11    0.2207244594E-12    0.1281410486E-21    0.7118844868E-12
 CPU wall time in this step:   6.3006243889999993     
 Averaged CPU wall time is:   6.4109990420000003     
   DBG iter           1  maxU2=   2.8084204613647072E-002  maxFi=   1.8225222135425349E-005  maxFj=   8.3333726666667482E-003  Fi(21,1,1)=  -4.1618765414904425E-006  Fi(21,21,1)=   0.0000000000000000       Fi(41,21,1)=   0.0000000000000000     
   DBG div max=   4.3145367824551188E-003  res_p=   4.3145367824551188E-003
   SIMPLE iter           1  res_p=   4.3145367824551188E-003  u(1,1,1)=  -6.8253440076398953E-003  p(1,1,1)=   64162887.220863998     
   DBG iter           2  maxU2=   2.8205437085123641E-002  maxFi=   1.8114045455879193E-005  maxFj=   8.3333726666667482E-003  Fi(21,1,1)=  -4.1481077042485408E-006  Fi(21,21,1)=   0.0000000000000000       Fi(41,21,1)=   0.0000000000000000     
   DBG div max=   5.9994525502763199E-003  res_p=   5.9994525502763199E-003
   SIMPLE iter           2  res_p=   5.9994525502763199E-003  u(1,1,1)=  -6.8264029222158953E-003  p(1,1,1)=   64167344.417674601     
   DBG iter           3  maxU2=   2.8205437085123641E-002  maxFi=   1.8147351078509442E-005  maxFj=   8.3333726666667482E-003  Fi(21,1,1)=  -4.1476966559694008E-006  Fi(21,21,1)=   0.0000000000000000       Fi(41,21,1)=   0.0000000000000000     
   DBG div max=   5.8030550057342435E-003  res_p=   5.8030550057342435E-003
   SIMPLE iter           3  res_p=   5.8030550057342435E-003  u(1,1,1)=  -6.8235667182171087E-003  p(1,1,1)=   64171787.267411217     
   SIMPLE iter           4  res_p=   5.5940622673424463E-003  u(1,1,1)=  -6.8258989477196210E-003  p(1,1,1)=   64176230.470289186     
   SIMPLE iter           5  res_p=   5.7157649928400401E-003  u(1,1,1)=  -6.8273040226717631E-003  p(1,1,1)=   64180679.957671031     
 DEBUG T iter          50 min   299.99999999999955      max   300.00000000000131     
 DEBUG T iter         100 min   299.99999999999955      max   300.00000000000131     
   SIMPLE iter         100  res_p=   5.3441815429554227E-003  u(1,1,1)=  -6.8278854630275327E-003  p(1,1,1)=   64603736.778790928     
 DEBUG T iter         150 min   299.99999999999955      max   300.00000000000131     
 DEBUG T iter         200 min   299.99999999999949      max   300.00000000000136     
   SIMPLE iter         200  res_p=   5.3306896490190438E-003  u(1,1,1)=  -6.8299796619844585E-003  p(1,1,1)=   65049188.819333360     
 DEBUG T iter         250 min   299.99999999999955      max   300.00000000000131     
 DEBUG T iter         300 min   299.99999999999955      max   300.00000000000136     
   SIMPLE iter         300  res_p=   5.3173109951689468E-003  u(1,1,1)=  -6.8320605623526003E-003  p(1,1,1)=   65494777.074435450     
 DEBUG T iter         350 min   299.99999999999949      max   300.00000000000131     
 DEBUG T iter         400 min   299.99999999999955      max   300.00000000000131     
   SIMPLE iter         400  res_p=   5.3040440259781258E-003  u(1,1,1)=  -6.8341294529274156E-003  p(1,1,1)=   65940500.775330305     
 DEBUG T iter         450 min   299.99999999999955      max   300.00000000000136     
 DEBUG T iter         500 min   299.99999999999955      max   300.00000000000131     
   SIMPLE iter         500  res_p=   5.2908871510272447E-003  u(1,1,1)=  -6.8361866188004104E-003  p(1,1,1)=   66386359.162897021     
 DEBUG T iter         550 min   299.99999999999955      max   300.00000000000131     
 DEBUG T iter         600 min   299.99999999999949      max   300.00000000000131     
   SIMPLE iter         600  res_p=   5.2778388035541676E-003  u(1,1,1)=  -6.8382321944024963E-003  p(1,1,1)=   66832351.487096161     
 DEBUG T iter         650 min   299.99999999999955      max   300.00000000000136     
 DEBUG T iter         700 min   299.99999999999955      max   300.00000000000131     
   SIMPLE iter         700  res_p=   5.2648974465746611E-003  u(1,1,1)=  -6.8402663063941620E-003  p(1,1,1)=   67278477.006749704     
 DEBUG T iter         750 min   299.99999999999955      max   300.00000000000131     
 DEBUG T iter         800 min   299.99999999999960      max   300.00000000000131     
   SIMPLE iter         800  res_p=   5.2520615732706468E-003  u(1,1,1)=  -6.8422890789792429E-003  p(1,1,1)=   67724734.989379615     
 DEBUG T iter         850 min   299.99999999999955      max   300.00000000000131     
 DEBUG T iter         900 min   299.99999999999955      max   300.00000000000136     
   SIMPLE iter         900  res_p=   5.2393297067959317E-003  u(1,1,1)=  -6.8443006428287653E-003  p(1,1,1)=   68171124.711056888     
 DEBUG T iter         950 min   299.99999999999955      max   300.00000000000131     
 DEBUG T iter        1000 min   299.99999999999955      max   300.00000000000131     
   SIMPLE iter        1000  res_p=   5.2267003995759825E-003  u(1,1,1)=  -6.8463011259726047E-003  p(1,1,1)=   68617645.456252366     
 DEBUG T iter        1050 min   299.99999999999955      max   300.00000000000136     
 DEBUG T iter        1100 min   299.99999999999949      max   300.00000000000131     
   SIMPLE iter        1100  res_p=   5.2141722324012783E-003  u(1,1,1)=  -6.8482906487829023E-003  p(1,1,1)=   69064296.517689228     
 DEBUG T iter        1150 min   299.99999999999955      max   300.00000000000136     
 DEBUG T iter        1200 min   299.99999999999949      max   300.00000000000131     
   SIMPLE iter        1200  res_p=   5.2017438141905622E-003  u(1,1,1)=  -6.8502693425456550E-003  p(1,1,1)=   69511077.196197987     
 DEBUG T iter        1250 min   299.99999999999955      max   300.00000000000131     
 DEBUG T iter        1300 min   299.99999999999955      max   300.00000000000136     
   SIMPLE iter        1300  res_p=   5.1894137808392478E-003  u(1,1,1)=  -6.8522373262831782E-003  p(1,1,1)=   69957986.800574735     
 DEBUG T iter        1350 min   299.99999999999955      max   300.00000000000136     
 DEBUG T iter        1400 min   299.99999999999955      max   300.00000000000131     
   SIMPLE iter        1400  res_p=   5.1771807947229688E-003  u(1,1,1)=  -6.8541947166367899E-003  p(1,1,1)=   70405024.647442371     
 DEBUG T iter        1450 min   299.99999999999955      max   300.00000000000131     
 DEBUG T iter        1500 min   299.99999999999949      max   300.00000000000131     
   SIMPLE iter        1500  res_p=   5.1650435441107020E-003  u(1,1,1)=  -6.8561416315546025E-003  p(1,1,1)=   70852190.061115444     
 Porous solver Block           2  SIMPLE iterations:        1501  res_p:   5.1650435441107020E-003
 --------------Force and Moment -----------------------------
 Total Force Coefficient (CL, CD, CS) =
   0.0000000000000000        1.7148140435747337        0.0000000000000000     
 Total Moment Coefficient(CMx, CMy, CMz)=
   0.0000000000000000       0.85740702178736683        8.0367098092182232E-004
 Kstep, t=          11   11.000000000000000     
 ----------The Max Residuals are--------  ---Mesh---           1
    0.5333103220E-10    0.1934444332E-10    0.2350574867E-11    0.7676236084E-21    0.6180598376E-11
   The R.M.S Residuals are 
    0.6237276270E-11    0.2005900914E-11    0.2464316679E-12    0.1131171294E-21    0.7777836687E-12
 CPU wall time in this step:   6.5111069949999916     
 Averaged CPU wall time is:   6.4200997649999998     
   DBG iter           1  maxU2=   2.8283958496350795E-002  maxFi=   1.8340361335886224E-005  maxFj=   8.3333726666667482E-003  Fi(21,1,1)=  -4.1685282178152135E-006  Fi(21,21,1)=   0.0000000000000000       Fi(41,21,1)=   0.0000000000000000     
   DBG div max=   4.1338942230740782E-003  res_p=   4.1338942230740782E-003
   SIMPLE iter           1  res_p=   4.1338942230740782E-003  u(1,1,1)=  -6.8551134625477895E-003  p(1,1,1)=   70856660.157318309     
   DBG iter           2  maxU2=   2.8407332229741594E-002  maxFi=   1.8228432162692888E-005  maxFj=   8.3333726666667482E-003  Fi(21,1,1)=  -4.1547450980316148E-006  Fi(21,21,1)=   0.0000000000000000       Fi(41,21,1)=   0.0000000000000000     
   DBG div max=   5.7626127730549415E-003  res_p=   5.7626127730549415E-003
   SIMPLE iter           2  res_p=   5.7626127730549415E-003  u(1,1,1)=  -6.8567843711536854E-003  p(1,1,1)=   70861137.373987749     
   DBG iter           3  maxU2=   2.8407332229741594E-002  maxFi=   1.8262132215965128E-005  maxFj=   8.3333726666667482E-003  Fi(21,1,1)=  -4.1543317705704191E-006  Fi(21,21,1)=   0.0000000000000000       Fi(41,21,1)=   0.0000000000000000     
   DBG div max=   5.5683177284399452E-003  res_p=   5.5683177284399452E-003
   SIMPLE iter           3  res_p=   5.5683177284399452E-003  u(1,1,1)=  -6.8542863552309343E-003  p(1,1,1)=   70865600.458361983     
   SIMPLE iter           4  res_p=   5.3669193144520542E-003  u(1,1,1)=  -6.8565413963391766E-003  p(1,1,1)=   70870063.650117293     
   SIMPLE iter           5  res_p=   5.4930725274021227E-003  u(1,1,1)=  -6.8577321906872594E-003  p(1,1,1)=   70874532.950773805     
 DEBUG T iter          50 min   299.99999999999955      max   300.00000000000131     
 DEBUG T iter         100 min   299.99999999999955      max   300.00000000000131     
   SIMPLE iter         100  res_p=   5.1529165840790200E-003  u(1,1,1)=  -6.8580824688056451E-003  p(1,1,1)=   71299468.447719321     
 DEBUG T iter         150 min   299.99999999999955      max   300.00000000000131     
 DEBUG T iter         200 min   299.99999999999955      max   300.00000000000131     
   SIMPLE iter         200  res_p=   5.1409677891374218E-003  u(1,1,1)=  -6.8600101352369073E-003  p(1,1,1)=   71746887.655595079     
 DEBUG T iter         250 min   299.99999999999955      max   300.00000000000131     
 DEBUG T iter         300 min   299.99999999999949      max   300.00000000000131     
   SIMPLE iter         300  res_p=   5.1291108398191995E-003  u(1,1,1)=  -6.8619264207496920E-003  p(1,1,1)=   72194432.444595486     
 DEBUG T iter         350 min   299.99999999999955      max   300.00000000000136     
 DEBUG T iter         400 min   299.99999999999955      max   300.00000000000131     
   SIMPLE iter         400  res_p=   5.1173445978231176E-003  u(1,1,1)=  -6.8638325471248058E-003  p(1,1,1)=   72642102.168087944     
 DEBUG T iter         450 min   299.99999999999955      max   300.00000000000131     
 DEBUG T iter         500 min   299.99999999999949      max   300.00000000000131     
   SIMPLE iter         500  res_p=   5.1056678830972155E-003  u(1,1,1)=  -6.8657287490714583E-003  p(1,1,1)=   73089896.186928585     
 DEBUG T iter         550 min   299.99999999999955      max   300.00000000000131     
 DEBUG T iter         600 min   299.99999999999960      max   300.00000000000131     
   SIMPLE iter         600  res_p=   5.0940795291032868E-003  u(1,1,1)=  -6.8676151399857041E-003  p(1,1,1)=   73537813.868963763     
 DEBUG T iter         650 min   299.99999999999955      max   300.00000000000131     
 DEBUG T iter         700 min   299.99999999999955      max   300.00000000000131     
   SIMPLE iter         700  res_p=   5.0825783891797552E-003  u(1,1,1)=  -6.8694918073092855E-003  p(1,1,1)=   73985854.588861480     
 DEBUG T iter         750 min   299.99999999999955      max   300.00000000000131     
 DEBUG T iter         800 min   299.99999999999955      max   300.00000000000136     
   SIMPLE iter         800  res_p=   5.0711633371487248E-003  u(1,1,1)=  -6.8713588541162770E-003  p(1,1,1)=   74434017.727998301     
 DEBUG T iter         850 min   299.99999999999955      max   300.00000000000136     
 DEBUG T iter         900 min   299.99999999999955      max   300.00000000000131     
   SIMPLE iter         900  res_p=   5.0598332672119606E-003  u(1,1,1)=  -6.8732163728614532E-003  p(1,1,1)=   74882302.674354449     
 DEBUG T iter         950 min   299.99999999999955      max   300.00000000000136     
 DEBUG T iter        1000 min   299.99999999999960      max   300.00000000000136     
   SIMPLE iter        1000  res_p=   5.0485870936401896E-003  u(1,1,1)=  -6.8750644684115866E-003  p(1,1,1)=   75330708.822409272     
 DEBUG T iter        1050 min   299.99999999999955      max   300.00000000000131     
 DEBUG T iter        1100 min   299.99999999999955      max   300.00000000000131     
   SIMPLE iter        1100  res_p=   5.0374237503688548E-003  u(1,1,1)=  -6.8769032417278627E-003  p(1,1,1)=   75779235.573037207     
 DEBUG T iter        1150 min   299.99999999999955      max   300.00000000000131     
 DEBUG T iter        1200 min   299.99999999999955      max   300.00000000000136     
   SIMPLE iter        1200  res_p=   5.0263421904640764E-003  u(1,1,1)=  -6.8787327918944201E-003  p(1,1,1)=   76227882.333404869     
 DEBUG T iter        1250 min   299.99999999999955      max   300.00000000000131     
 DEBUG T iter        1300 min   299.99999999999960      max   300.00000000000136     
   SIMPLE iter        1300  res_p=   5.0153413858722859E-003  u(1,1,1)=  -6.8805532112134176E-003  p(1,1,1)=   76676648.516870037     
 DEBUG T iter        1350 min   299.99999999999955      max   300.00000000000131     
 DEBUG T iter        1400 min   299.99999999999955      max   300.00000000000131     
   SIMPLE iter        1400  res_p=   5.0044203267772969E-003  u(1,1,1)=  -6.8823645912551622E-003  p(1,1,1)=   77125533.542882860     
 DEBUG T iter        1450 min   299.99999999999955      max   300.00000000000136     
 DEBUG T iter        1500 min   299.99999999999943      max   300.00000000000136     
   SIMPLE iter        1500  res_p=   4.9935780212829253E-003  u(1,1,1)=  -6.8841670315699568E-003  p(1,1,1)=   77574536.836889088     
 Porous solver Block           2  SIMPLE iterations:        1501  res_p:   4.9935780212829253E-003
 --------------Force and Moment -----------------------------
 Total Force Coefficient (CL, CD, CS) =
   0.0000000000000000        1.8049193817714695        0.0000000000000000     
 Total Moment Coefficient(CMx, CMy, CMz)=
   0.0000000000000000       0.90245969088573474        8.4651423689763305E-004
 Kstep, t=          12   12.000000000000000     
 ----------The Max Residuals are--------  ---Mesh---           1
    0.5116888881E-10    0.1789291958E-10    0.2866944421E-11    0.9264422861E-21    0.7089532806E-11
   The R.M.S Residuals are 
    0.5846984682E-11    0.1765774394E-11    0.2961176163E-12    0.1140115107E-21    0.9543360361E-12
 CPU wall time in this step:   6.3417620310000018     
 Averaged CPU wall time is:   6.4135716205000000     
   DBG iter           1  maxU2=   2.8469373721185996E-002  maxFi=   1.8447172082673484E-005  maxFj=   8.3333726666667482E-003  Fi(21,1,1)=  -4.1746897010552941E-006  Fi(21,21,1)=   0.0000000000000000       Fi(41,21,1)=   0.0000000000000000     
   DBG div max=   3.9763154798627834E-003  res_p=   3.9763154798627834E-003
   SIMPLE iter           1  res_p=   3.9763154798627834E-003  u(1,1,1)=  -6.8825685164204649E-003  p(1,1,1)=   77579025.241818085     
   DBG iter           2  maxU2=   2.8594497270723031E-002  maxFi=   1.8334525614472097E-005  maxFj=   8.3333726666667482E-003  Fi(21,1,1)=  -4.1608933838782822E-006  Fi(21,21,1)=   0.0000000000000000       Fi(41,21,1)=   0.0000000000000000     
   DBG div max=   5.5538899488680130E-003  res_p=   5.5538899488680130E-003
   SIMPLE iter           2  res_p=   5.5538899488680130E-003  u(1,1,1)=  -6.8848099884760679E-003  p(1,1,1)=   77583520.926205486     
   DBG iter           3  maxU2=   2.8594497270723031E-002  maxFi=   1.8368569511613627E-005  maxFj=   8.3333726666667482E-003  Fi(21,1,1)=  -4.1604778754961027E-006  Fi(21,21,1)=   0.0000000000000000       Fi(41,21,1)=   0.0000000000000000     
   DBG div max=   5.3615496682971071E-003  res_p=   5.3615496682971071E-003
   SIMPLE iter           3  res_p=   5.3615496682971071E-003  u(1,1,1)=  -6.8826245937079972E-003  p(1,1,1)=   77588002.696912885     
   SIMPLE iter           4  res_p=   5.1672126451926840E-003  u(1,1,1)=  -6.8848262833542725E-003  p(1,1,1)=   77592484.371821478     
   SIMPLE iter           5  res_p=   5.2966416937130726E-003  u(1,1,1)=  -6.8858229686201153E-003  p(1,1,1)=   77596971.991136998     
 DEBUG T iter          50 min   299.99999999999955      max   300.00000000000131     
 DEBUG T iter         100 min   299.99999999999955      max   300.00000000000131     
   SIMPLE iter         100  res_p=   4.9827422264161958E-003  u(1,1,1)=  -6.8859642249765483E-003  p(1,1,1)=   78023644.349390164     
 DEBUG T iter         150 min   299.99999999999955      max   300.00000000000131     
 DEBUG T iter         200 min   299.99999999999955      max   300.00000000000131     
   SIMPLE iter         200  res_p=   4.9720551815421211E-003  u(1,1,1)=  -6.8877503337883171E-003  p(1,1,1)=   78472883.053795740     
 DEBUG T iter         250 min   299.99999999999949      max   300.00000000000131     
 DEBUG T iter         300 min   299.99999999999955      max   300.00000000000136     
   SIMPLE iter         300  res_p=   4.9614439224823972E-003  u(1,1,1)=  -6.8895265852572185E-003  p(1,1,1)=   78922238.334859028     
 DEBUG T iter         350 min   299.99999999999955      max   300.00000000000136     
 DEBUG T iter         400 min   299.99999999999949      max   300.00000000000131     
   SIMPLE iter         400  res_p=   4.9509075977762895E-003  u(1,1,1)=  -6.8912941241600720E-003  p(1,1,1)=   79371709.640671805     
 DEBUG T iter         450 min   299.99999999999955      max   300.00000000000131     
 DEBUG T iter         500 min   299.99999999999955      max   300.00000000000131     
   SIMPLE iter         500  res_p=   4.9404453102325999E-003  u(1,1,1)=  -6.8930531677151106E-003  p(1,1,1)=   79821296.425279364     
 DEBUG T iter         550 min   299.99999999999955      max   300.00000000000131     
 DEBUG T iter         600 min   299.99999999999955      max   300.00000000000131     
   SIMPLE iter         600  res_p=   4.9300561704192867E-003  u(1,1,1)=  -6.8948037983810042E-003  p(1,1,1)=   80270998.148227423     
 DEBUG T iter         650 min   299.99999999999949      max   300.00000000000131     
 DEBUG T iter         700 min   299.99999999999955      max   300.00000000000131     
   SIMPLE iter         700  res_p=   4.9197393022637429E-003  u(1,1,1)=  -6.8965460816573249E-003  p(1,1,1)=   80720814.274428144     
 DEBUG T iter         750 min   299.99999999999955      max   300.00000000000131     
 DEBUG T iter         800 min   299.99999999999955      max   300.00000000000131     
   SIMPLE iter         800  res_p=   4.9094938439034602E-003  u(1,1,1)=  -6.8982800994681079E-003  p(1,1,1)=   81170744.274078563     
 DEBUG T iter         850 min   299.99999999999955      max   300.00000000000131     
 DEBUG T iter         900 min   299.99999999999955      max   300.00000000000125     
   SIMPLE iter         900  res_p=   4.8993189479159989E-003  u(1,1,1)=  -6.9000059336611075E-003  p(1,1,1)=   81620787.622586086     
 DEBUG T iter         950 min   299.99999999999920      max   300.00000000000136     
 DEBUG T iter        1000 min   299.99999999999886      max   300.00000000000131     
   SIMPLE iter        1000  res_p=  0.44116491681301268       u(1,1,1)=  -5.0435569665912726E-003  p(1,1,1)=   81901044.611768708     
 DEBUG T iter        1050 min   299.99999999999835      max   300.00000000000279     
 DEBUG T iter        1100 min   299.99999999999784      max   300.00000000000381     
   SIMPLE iter        1100  res_p=  0.57170711350973458       u(1,1,1)=  -4.6776901213064414E-003  p(1,1,1)=   81964606.609213144     
 DEBUG T iter        1150 min   299.99999999999767      max   300.00000000000421     
 DEBUG T iter        1200 min   299.99999999999750      max   300.00000000000460     
   SIMPLE iter        1200  res_p=  0.60111010111948282       u(1,1,1)=  -4.5991118576752393E-003  p(1,1,1)=   81979017.564562708     
 DEBUG T iter        1250 min   299.99999999999733      max   300.00000000000472     
 DEBUG T iter        1300 min   299.99999999999710      max   300.00000000000472     
   SIMPLE iter        1300  res_p=  0.60781264992137085       u(1,1,1)=  -4.5814214701521312E-003  p(1,1,1)=   81982309.507292420     
 DEBUG T iter        1350 min   299.99999999999710      max   300.00000000000495     
 DEBUG T iter        1400 min   299.99999999999721      max   300.00000000000472     
   SIMPLE iter        1400  res_p=  0.60934596920050910       u(1,1,1)=  -4.5774053862849924E-003  p(1,1,1)=   81983062.675214753     
 DEBUG T iter        1450 min   299.99999999999716      max   300.00000000000477     
 DEBUG T iter        1500 min   299.99999999999704      max   300.00000000000466     
   SIMPLE iter        1500  res_p=  0.60969701800980936       u(1,1,1)=  -4.5764910000401461E-003  p(1,1,1)=   81983235.058479905     
 Porous solver Block           2  SIMPLE iterations:        1501  res_p:  0.60969701800980936     
 --------------Force and Moment -----------------------------
 Total Force Coefficient (CL, CD, CS) =
   0.0000000000000000        11.051609297952382        0.0000000000000000     
 Total Moment Coefficient(CMx, CMy, CMz)=
   0.0000000000000000        5.5258046489761909        3.8471808991857870E-003
 Kstep, t=          13   13.000000000000000     
 ----------The Max Residuals are--------  ---Mesh---           1
    0.4815521118E-10    0.1554799259E-10    0.3054953642E-11    0.1058791184E-20    0.8507948780E-11
   The R.M.S Residuals are 
    0.5384954275E-11    0.1457255705E-11    0.3332912016E-12    0.1228824061E-21    0.1186272982E-11
 CPU wall time in this step:   6.0589789920000072     
 Averaged CPU wall time is:   6.3862952644615385     
   DBG iter           1  maxU2=   2.6254873143971538E-002  maxFi=   6.9967025385619470E-006  maxFj=  0.40230578222618801       Fi(21,1,1)=  -4.0386025115290927E-007  Fi(21,21,1)=   0.0000000000000000       Fi(41,21,1)=   0.0000000000000000     
   DBG div max=  0.52749270474314980       res_p=  0.52749270474314980     
   SIMPLE iter           1  res_p=  0.52749270474314980       u(1,1,1)=  -6.3510891903360124E-003  p(1,1,1)=   81985929.164552480     
   DBG iter           2  maxU2=   2.6254873143971538E-002  maxFi=   9.4363059764477334E-006  maxFj=  0.58554906240271520       Fi(21,1,1)=  -4.0647109474212136E-007  Fi(21,21,1)=   0.0000000000000000       Fi(41,21,1)=   0.0000000000000000     
   DBG div max=  0.60430422070213063       res_p=  0.60430422070213063     
   SIMPLE iter           2  res_p=  0.60430422070213063       u(1,1,1)=  -4.9422669856145655E-003  p(1,1,1)=   81986977.094969630     
   DBG iter           3  maxU2=   1.7822429660244089E-002  maxFi=   8.9761262254518777E-006  maxFj=  0.58693184915857288       Fi(21,1,1)=  -4.0742370972206651E-007  Fi(21,21,1)=   0.0000000000000000       Fi(41,21,1)=   0.0000000000000000     
   DBG div max=  0.58693172184685338       res_p=  0.58693172184685338     
   SIMPLE iter           3  res_p=  0.58693172184685338       u(1,1,1)=  -3.9946768988432177E-003  p(1,1,1)=   81986275.392402738     
   SIMPLE iter           4  res_p=  0.58620090365684308       u(1,1,1)=  -4.3792464420135957E-003  p(1,1,1)=   81986045.187927261     
   SIMPLE iter           5  res_p=  0.59339712839807335       u(1,1,1)=  -4.5148471365055679E-003  p(1,1,1)=   81985987.603097439     
 DEBUG T iter          50 min   299.99999999999767      max   300.00000000000404     
 DEBUG T iter         100 min   299.99999999999704      max   300.00000000000460     
   SIMPLE iter         100  res_p=  0.61124663045145577       u(1,1,1)=  -4.5728647935020282E-003  p(1,1,1)=   81983951.969864085     
 DEBUG T iter         150 min   299.99999999999727      max   300.00000000000483     
 DEBUG T iter         200 min   299.99999999999733      max   300.00000000000460     
   SIMPLE iter         200  res_p=  0.61013290537681097       u(1,1,1)=  -4.5755044334467648E-003  p(1,1,1)=   81983402.405624583     
 DEBUG T iter         250 min   299.99999999999727      max   300.00000000000483     
 DEBUG T iter         300 min   299.99999999999727      max   300.00000000000495     
   SIMPLE iter         300  res_p=  0.60987752977308951       u(1,1,1)=  -4.5761420692386132E-003  p(1,1,1)=   81983276.557094723     
 DEBUG T iter         350 min   299.99999999999733      max   300.00000000000483     
 DEBUG T iter         400 min   299.99999999999721      max   300.00000000000495     
   SIMPLE iter         400  res_p=  0.60981901109405456       u(1,1,1)=  -4.5762906482785613E-003  p(1,1,1)=   81983247.744208470     
 DEBUG T iter         450 min   299.99999999999704      max   300.00000000000477     
 DEBUG T iter         500 min   299.99999999999733      max   300.00000000000472     
   SIMPLE iter         500  res_p=  0.60980560508739035       u(1,1,1)=  -4.5763249708719320E-003  p(1,1,1)=   81983241.148030415     
 DEBUG T iter         550 min   299.99999999999716      max   300.00000000000512     
 DEBUG T iter         600 min   299.99999999999721      max   300.00000000000517     
   SIMPLE iter         600  res_p=  0.60980253433359721       u(1,1,1)=  -4.5763328671122021E-003  p(1,1,1)=   81983239.638014108     
 DEBUG T iter         650 min   299.99999999999727      max   300.00000000000489     
 DEBUG T iter         700 min   299.99999999999716      max   300.00000000000495     
   SIMPLE iter         700  res_p=  0.60980183101467234       u(1,1,1)=  -4.5763346797079579E-003  p(1,1,1)=   81983239.292343855     
 DEBUG T iter         750 min   299.99999999999733      max   300.00000000000483     
 DEBUG T iter         800 min   299.99999999999727      max   300.00000000000489     
   SIMPLE iter         800  res_p=  0.60980166993807217       u(1,1,1)=  -4.5763350966566540E-003  p(1,1,1)=   81983239.213214412     
 DEBUG T iter         850 min   299.99999999999721      max   300.00000000000489     
 DEBUG T iter         900 min   299.99999999999699      max   300.00000000000477     
   SIMPLE iter         900  res_p=  0.60980163304945201       u(1,1,1)=  -4.5763351894039439E-003  p(1,1,1)=   81983239.195100471     
 DEBUG T iter         950 min   299.99999999999721      max   300.00000000000483     
 DEBUG T iter        1000 min   299.99999999999716      max   300.00000000000477     
   SIMPLE iter        1000  res_p=  0.60980162460178111       u(1,1,1)=  -4.5763352131514643E-003  p(1,1,1)=   81983239.190953910     
 DEBUG T iter        1050 min   299.99999999999739      max   300.00000000000477     
 DEBUG T iter        1100 min   299.99999999999744      max   300.00000000000472     
   SIMPLE iter        1100  res_p=  0.60980162266728333       u(1,1,1)=  -4.5763352183430675E-003  p(1,1,1)=   81983239.190004691     
 DEBUG T iter        1150 min   299.99999999999716      max   300.00000000000477     
 DEBUG T iter        1200 min   299.99999999999716      max   300.00000000000483     
   SIMPLE iter        1200  res_p=  0.60980162222431344       u(1,1,1)=  -4.5763352188021317E-003  p(1,1,1)=   81983239.189787433     
 DEBUG T iter        1250 min   299.99999999999727      max   300.00000000000500     
 DEBUG T iter        1300 min   299.99999999999716      max   300.00000000000489     
   SIMPLE iter        1300  res_p=  0.60980162212288824       u(1,1,1)=  -4.5763352191863496E-003  p(1,1,1)=   81983239.189737648     
 DEBUG T iter        1350 min   299.99999999999721      max   300.00000000000483     
 DEBUG T iter        1400 min   299.99999999999744      max   300.00000000000489     
   SIMPLE iter        1400  res_p=  0.60980162209968680       u(1,1,1)=  -4.5763352168847853E-003  p(1,1,1)=   81983239.189726278     
 DEBUG T iter        1450 min   299.99999999999721      max   300.00000000000495     
 DEBUG T iter        1500 min   299.99999999999721      max   300.00000000000472     
   SIMPLE iter        1500  res_p=  0.60980162209441469       u(1,1,1)=  -4.5763352193625897E-003  p(1,1,1)=   81983239.189723685     
 Porous solver Block           2  SIMPLE iterations:        1501  res_p:  0.60980162209441469     
 --------------Force and Moment -----------------------------
 Total Force Coefficient (CL, CD, CS) =
   0.0000000000000000        11.066467280848883        0.0000000000000000     
 Total Moment Coefficient(CMx, CMy, CMz)=
   0.0000000000000000        5.5332336404244415        3.8523928548812592E-003
 Kstep, t=          14   14.000000000000000     
 ----------The Max Residuals are--------  ---Mesh---           1
    0.4468427616E-10    0.1270887215E-10    0.2965939180E-11    0.1005851625E-20    0.1008664131E-10
   The R.M.S Residuals are 
    0.4901366110E-11    0.1135595302E-11    0.3457406880E-12    0.1274519239E-21    0.1430600280E-11
 CPU wall time in this step:   6.4379793419999913     
 Averaged CPU wall time is:   6.3899869842857138     
   DBG iter           1  maxU2=   2.6257460282353307E-002  maxFi=   6.9947473839060802E-006  maxFj=  0.40232120641592228       Fi(21,1,1)=  -4.0392755999095912E-007  Fi(21,21,1)=   0.0000000000000000       Fi(41,21,1)=   0.0000000000000000     
   DBG div max=  0.52753237713654011       res_p=  0.52753237713654011     
   SIMPLE iter           1  res_p=  0.52753237713654011       u(1,1,1)=  -6.3512930297481493E-003  p(1,1,1)=   81985933.398412108     
   DBG iter           2  maxU2=   2.6257460282353307E-002  maxFi=   9.4351495085425230E-006  maxFj=  0.58557737616004080       Fi(21,1,1)=  -4.0653592160383048E-007  Fi(21,21,1)=   0.0000000000000000       Fi(41,21,1)=   0.0000000000000000     
   DBG div max=  0.60434900933926228       res_p=  0.60434900933926228     
   SIMPLE iter           2  res_p=  0.60434900933926228       u(1,1,1)=  -4.9423491831198261E-003  p(1,1,1)=   81986981.401843473     
   DBG iter           3  maxU2=   1.7831224233760892E-002  maxFi=   8.9752720805619172E-006  maxFj=  0.58695704769785884       Fi(21,1,1)=  -4.0748665736445641E-007  Fi(21,21,1)=   0.0000000000000000       Fi(41,21,1)=   0.0000000000000000     
   DBG div max=  0.58695692037471614       res_p=  0.58695692037471614     
   SIMPLE iter           3  res_p=  0.58695692037471614       u(1,1,1)=  -3.9946780961508319E-003  p(1,1,1)=   81986279.552894965     
   SIMPLE iter           4  res_p=  0.58621502918430424       u(1,1,1)=  -4.3792415982689846E-003  p(1,1,1)=   81986049.137329847     
   SIMPLE iter           5  res_p=  0.59340938433194890       u(1,1,1)=  -4.5148722151672014E-003  p(1,1,1)=   81985991.450373441     
 DEBUG T iter          50 min   299.99999999999727      max   300.00000000000426     
 DEBUG T iter         100 min   299.99999999999739      max   300.00000000000455     
   SIMPLE iter         100  res_p=  0.61124866248791243       u(1,1,1)=  -4.5728605355350458E-003  p(1,1,1)=   81983952.894112542     
 DEBUG T iter         150 min   299.99999999999733      max   300.00000000000477     
 DEBUG T iter         200 min   299.99999999999739      max   300.00000000000500     
   SIMPLE iter         200  res_p=  0.61013336705018917       u(1,1,1)=  -4.5755034466486528E-003  p(1,1,1)=   81983402.606643990     
 DEBUG T iter         250 min   299.99999999999716      max   300.00000000000466     
 DEBUG T iter         300 min   299.99999999999727      max   300.00000000000483     
   SIMPLE iter         300  res_p=  0.60987763496074010       u(1,1,1)=  -4.5761418434685109E-003  p(1,1,1)=   81983276.592424840     
 DEBUG T iter         350 min   299.99999999999744      max   300.00000000000506     
 DEBUG T iter         400 min   299.99999999999727      max   300.00000000000500     
   SIMPLE iter         400  res_p=  0.60981903510256708       u(1,1,1)=  -4.5762905877609270E-003  p(1,1,1)=   81983247.741582543     
 DEBUG T iter         450 min   299.99999999999733      max   300.00000000000477     
 DEBUG T iter         500 min   299.99999999999739      max   300.00000000000512     
   SIMPLE iter         500  res_p=  0.60980561058177374       u(1,1,1)=  -4.5763249469930670E-003  p(1,1,1)=   81983241.136708662     
 DEBUG T iter         550 min   299.99999999999744      max   300.00000000000506     
 DEBUG T iter         600 min   299.99999999999733      max   300.00000000000500     
   SIMPLE iter         600  res_p=  0.60980253560180808       u(1,1,1)=  -4.5763328523683406E-003  p(1,1,1)=   81983239.624699861     
 DEBUG T iter         650 min   299.99999999999739      max   300.00000000000489     
 DEBUG T iter         700 min   299.99999999999727      max   300.00000000000495     
   SIMPLE iter         700  res_p=  0.60980183131759436       u(1,1,1)=  -4.5763346667389310E-003  p(1,1,1)=   81983239.278573021     
 DEBUG T iter         750 min   299.99999999999733      max   300.00000000000483     
 DEBUG T iter         800 min   299.99999999999721      max   300.00000000000495     
   SIMPLE iter         800  res_p=  0.60980167002043140       u(1,1,1)=  -4.5763350821199731E-003  p(1,1,1)=   81983239.199338943     
 DEBUG T iter         850 min   299.99999999999716      max   300.00000000000534     
 DEBUG T iter         900 min   299.99999999999744      max   300.00000000000506     
   SIMPLE iter         900  res_p=  0.60980163308140045       u(1,1,1)=  -4.5763351806859384E-003  p(1,1,1)=   81983239.181201026     
 DEBUG T iter         950 min   299.99999999999721      max   300.00000000000523     
 DEBUG T iter        1000 min   299.99999999999693      max   300.00000000000495     
   SIMPLE iter        1000  res_p=  0.60980162462220300       u(1,1,1)=  -4.5763352014966275E-003  p(1,1,1)=   81983239.177048966     
 DEBUG T iter        1050 min   299.99999999999739      max   300.00000000000477     
 DEBUG T iter        1100 min   299.99999999999710      max   300.00000000000495     
   SIMPLE iter        1100  res_p=  0.60980162268508120       u(1,1,1)=  -4.5763352043674951E-003  p(1,1,1)=   81983239.176098481     
 DEBUG T iter        1150 min   299.99999999999727      max   300.00000000000489     
 DEBUG T iter        1200 min   299.99999999999710      max   300.00000000000500     
   SIMPLE iter        1200  res_p=  0.60980162224149104       u(1,1,1)=  -4.5763352074865019E-003  p(1,1,1)=   81983239.175880924     
 DEBUG T iter        1250 min   299.99999999999739      max   300.00000000000483     
 DEBUG T iter        1300 min   299.99999999999727      max   300.00000000000495     
   SIMPLE iter        1300  res_p=  0.60980162213992573       u(1,1,1)=  -4.5763352076930398E-003  p(1,1,1)=   81983239.175831094     
 DEBUG T iter        1350 min   299.99999999999716      max   300.00000000000500     
 DEBUG T iter        1400 min   299.99999999999710      max   300.00000000000489     
   SIMPLE iter        1400  res_p=  0.60980162211669076       u(1,1,1)=  -4.5763352078084804E-003  p(1,1,1)=   81983239.175819710     
 DEBUG T iter        1450 min   299.99999999999710      max   300.00000000000489     
 DEBUG T iter        1500 min   299.99999999999716      max   300.00000000000483     
   SIMPLE iter        1500  res_p=  0.60980162211143529       u(1,1,1)=  -4.5763352074640650E-003  p(1,1,1)=   81983239.175817117     
 Porous solver Block           2  SIMPLE iterations:        1501  res_p:  0.60980162211143529     
 --------------Force and Moment -----------------------------
 Total Force Coefficient (CL, CD, CS) =
   0.0000000000000000        11.066476929234341        0.0000000000000000     
 Total Moment Coefficient(CMx, CMy, CMz)=
   0.0000000000000000        5.5332384646171704        3.8523963452945509E-003
 Kstep, t=          15   15.000000000000000     
 ----------The Max Residuals are--------  ---Mesh---           1
    0.4113582081E-10    0.9759486556E-11    0.2685963919E-11    0.9529120657E-21    0.1191670791E-10
   The R.M.S Residuals are 
    0.4440689685E-11    0.8513151685E-12    0.3333485051E-12    0.1352438475E-21    0.1654047245E-11
 CPU wall time in this step:   6.3723972690000039     
 Averaged CPU wall time is:   6.3888143366000003     
   DBG iter           1  maxU2=   2.6257461044050009E-002  maxFi=   6.9947473584823685E-006  maxFj=  0.40232119053869997       Fi(21,1,1)=  -4.0392771261535880E-007  Fi(21,21,1)=   0.0000000000000000       Fi(41,21,1)=   0.0000000000000000     
   DBG div max=  0.52753236130160586       res_p=  0.52753236130160586     
   SIMPLE iter           1  res_p=  0.52753236130160586       u(1,1,1)=  -6.3512931130008396E-003  p(1,1,1)=   81985933.384621099     
   DBG iter           2  maxU2=   2.6257461044050009E-002  maxFi=   9.4351495869285274E-006  maxFj=  0.58557735530621791       Fi(21,1,1)=  -4.0653607306354201E-007  Fi(21,21,1)=   0.0000000000000000       Fi(41,21,1)=   0.0000000000000000     
   DBG div max=  0.60434899161076105       res_p=  0.60434899161076105     
   SIMPLE iter           2  res_p=  0.60434899161076105       u(1,1,1)=  -4.9423493048781084E-003  p(1,1,1)=   81986981.388238370     
   DBG iter           3  maxU2=   1.7831234430347086E-002  maxFi=   8.9752722666888557E-006  maxFj=  0.58695702643025593       Fi(21,1,1)=  -4.0748680772658287E-007  Fi(21,21,1)=   0.0000000000000000       Fi(41,21,1)=   0.0000000000000000     
   DBG div max=  0.58695689910710891       res_p=  0.58695689910710891     
   SIMPLE iter           3  res_p=  0.58695689910710891       u(1,1,1)=  -3.9946782298423472E-003  p(1,1,1)=   81986279.539497510     
   SIMPLE iter           4  res_p=  0.58621500561439555       u(1,1,1)=  -4.3792417129264001E-003  p(1,1,1)=   81986049.124100551     
   SIMPLE iter           5  res_p=  0.59340936032804881       u(1,1,1)=  -4.5148723184200721E-003  p(1,1,1)=   81985991.437327951     
 DEBUG T iter          50 min   299.99999999999767      max   300.00000000000438     
 DEBUG T iter         100 min   299.99999999999739      max   300.00000000000495     
   SIMPLE iter         100  res_p=  0.61124865601939782       u(1,1,1)=  -4.5728605564585639E-003  p(1,1,1)=   81983952.890886158     
 DEBUG T iter         150 min   299.99999999999733      max   300.00000000000495     
 DEBUG T iter         200 min   299.99999999999716      max   300.00000000000500     
   SIMPLE iter         200  res_p=  0.61013336556665765       u(1,1,1)=  -4.5755034514863256E-003  p(1,1,1)=   81983402.605898455     
 DEBUG T iter         250 min   299.99999999999744      max   300.00000000000495     
 DEBUG T iter         300 min   299.99999999999721      max   300.00000000000495     
   SIMPLE iter         300  res_p=  0.60987763462114009       u(1,1,1)=  -4.5761418445645014E-003  p(1,1,1)=   81983276.592247188     
 DEBUG T iter         350 min   299.99999999999721      max   300.00000000000495     
 DEBUG T iter         400 min   299.99999999999716      max   300.00000000000489     
   SIMPLE iter         400  res_p=  0.60981903502525825       u(1,1,1)=  -4.5762905919798863E-003  p(1,1,1)=   81983247.741534904     
 DEBUG T iter         450 min   299.99999999999710      max   300.00000000000512     
 DEBUG T iter         500 min   299.99999999999727      max   300.00000000000483     
   SIMPLE iter         500  res_p=  0.60980561056459559       u(1,1,1)=  -4.5763249512354442E-003  p(1,1,1)=   81983241.136690751     
 DEBUG T iter         550 min   299.99999999999733      max   300.00000000000472     
 DEBUG T iter         600 min   299.99999999999721      max   300.00000000000477     
   SIMPLE iter         600  res_p=  0.60980253559837960       u(1,1,1)=  -4.5763328566403748E-003  p(1,1,1)=   81983239.624688759     
 DEBUG T iter         650 min   299.99999999999727      max   300.00000000000489     
 DEBUG T iter         700 min   299.99999999999693      max   300.00000000000500     
   SIMPLE iter         700  res_p=  0.60980183131733812       u(1,1,1)=  -4.5763346690608914E-003  p(1,1,1)=   81983239.278563470     
 DEBUG T iter         750 min   299.99999999999733      max   300.00000000000472     
 DEBUG T iter         800 min   299.99999999999727      max   300.00000000000477     
   SIMPLE iter         800  res_p=  0.60980167002087060       u(1,1,1)=  -4.5763350851002723E-003  p(1,1,1)=   81983239.199329764     
 DEBUG T iter         850 min   299.99999999999721      max   300.00000000000489     
 DEBUG T iter         900 min   299.99999999999727      max   300.00000000000483     
   SIMPLE iter         900  res_p=  0.60980163308202640       u(1,1,1)=  -4.5763351846219019E-003  p(1,1,1)=   81983239.181191921     
 DEBUG T iter         950 min   299.99999999999721      max   300.00000000000472     
 DEBUG T iter        1000 min   299.99999999999693      max   300.00000000000489     
   SIMPLE iter        1000  res_p=  0.60980162462288012       u(1,1,1)=  -4.5763352022161674E-003  p(1,1,1)=   81983239.177039877     
 DEBUG T iter        1050 min   299.99999999999727      max   300.00000000000489     
 DEBUG T iter        1100 min   299.99999999999727      max   300.00000000000472     
   SIMPLE iter        1100  res_p=  0.60980162268575411       u(1,1,1)=  -4.5763352084154506E-003  p(1,1,1)=   81983239.176089406     
 DEBUG T iter        1150 min   299.99999999999721      max   300.00000000000517     
 DEBUG T iter        1200 min   299.99999999999721      max   300.00000000000500     
   SIMPLE iter        1200  res_p=  0.60980162224217049       u(1,1,1)=  -4.5763352119726911E-003  p(1,1,1)=   81983239.175871849     
 DEBUG T iter        1250 min   299.99999999999733      max   300.00000000000489     
 DEBUG T iter        1300 min   299.99999999999721      max   300.00000000000500     
   SIMPLE iter        1300  res_p=  0.60980162214060096       u(1,1,1)=  -4.5763352085019535E-003  p(1,1,1)=   81983239.175822020     
 DEBUG T iter        1350 min   299.99999999999721      max   300.00000000000495     
 DEBUG T iter        1400 min   299.99999999999716      max   300.00000000000477     
   SIMPLE iter        1400  res_p=  0.60980162211738165       u(1,1,1)=  -4.5763352097048897E-003  p(1,1,1)=   81983239.175810635     
 DEBUG T iter        1450 min   299.99999999999716      max   300.00000000000483     
 DEBUG T iter        1500 min   299.99999999999727      max   300.00000000000483     
   SIMPLE iter        1500  res_p=  0.60980162211210576       u(1,1,1)=  -4.5763352096304570E-003  p(1,1,1)=   81983239.175808027     
 Porous solver Block           2  SIMPLE iterations:        1501  res_p:  0.60980162211210576     
 --------------Force and Moment -----------------------------
 Total Force Coefficient (CL, CD, CS) =
   0.0000000000000000        11.066476926440373        0.0000000000000000     
 Total Moment Coefficient(CMx, CMy, CMz)=
   0.0000000000000000        5.5332384632201865        3.8523963503109826E-003
 Kstep, t=          16   16.000000000000000     
 ----------The Max Residuals are--------  ---Mesh---           1
    0.3783416505E-10    0.7027627720E-11    0.2394876777E-11    0.1005851625E-20    0.1349459552E-10
   The R.M.S Residuals are 
    0.4038337642E-11    0.6445452707E-12    0.3018074756E-12    0.1302388512E-21    0.1832437399E-11
 CPU wall time in this step:   6.4392431140000070     
 Averaged CPU wall time is:   6.3919661351875003     
   DBG iter           1  maxU2=   2.6257461047076932E-002  maxFi=   6.9947473563126462E-006  maxFj=  0.40232119053108562       Fi(21,1,1)=  -4.0392771610200047E-007  Fi(21,21,1)=   0.0000000000000000       Fi(41,21,1)=   0.0000000000000000     
   DBG div max=  0.52753236129410042       res_p=  0.52753236129410042     
   SIMPLE iter           1  res_p=  0.52753236129410042       u(1,1,1)=  -6.3512931127591779E-003  p(1,1,1)=   81985933.384612113     
   DBG iter           2  maxU2=   2.6257461047076932E-002  maxFi=   9.4351495848120530E-006  maxFj=  0.58557735529625299       Fi(21,1,1)=  -4.0653607612546611E-007  Fi(21,21,1)=   0.0000000000000000       Fi(41,21,1)=   0.0000000000000000     
   DBG div max=  0.60434899160236899       res_p=  0.60434899160236899     
   SIMPLE iter           2  res_p=  0.60434899160236899       u(1,1,1)=  -4.9423493039623392E-003  p(1,1,1)=   81986981.388229504     
   DBG iter           3  maxU2=   1.7831234528230704E-002  maxFi=   8.9752722650090996E-006  maxFj=  0.58695702642008896       Fi(21,1,1)=  -4.0748681082342347E-007  Fi(21,21,1)=   0.0000000000000000       Fi(41,21,1)=   0.0000000000000000     
   DBG div max=  0.58695689909694082       res_p=  0.58695689909694082     
   SIMPLE iter           3  res_p=  0.58695689909694082       u(1,1,1)=  -3.9946782270248293E-003  p(1,1,1)=   81986279.539488763     
   SIMPLE iter           4  res_p=  0.58621500560308781       u(1,1,1)=  -4.3792417100430199E-003  p(1,1,1)=   81986049.124091908     
   SIMPLE iter           5  res_p=  0.59340936031652536       u(1,1,1)=  -4.5148723151356230E-003  p(1,1,1)=   81985991.437319428     
 DEBUG T iter          50 min   299.99999999999750      max   300.00000000000415     
 DEBUG T iter         100 min   299.99999999999727      max   300.00000000000472     
   SIMPLE iter         100  res_p=  0.61124865601668710       u(1,1,1)=  -4.5728605520028408E-003  p(1,1,1)=   81983952.890882969     
 DEBUG T iter         150 min   299.99999999999716      max   300.00000000000477     
 DEBUG T iter         200 min   299.99999999999710      max   300.00000000000489     
   SIMPLE iter         200  res_p=  0.61013336556648445       u(1,1,1)=  -4.5755034468557424E-003  p(1,1,1)=   81983402.605896577     
 DEBUG T iter         250 min   299.99999999999733      max   300.00000000000460     
 DEBUG T iter         300 min   299.99999999999721      max   300.00000000000512     
   SIMPLE iter         300  res_p=  0.60987763462156552       u(1,1,1)=  -4.5761418434819134E-003  p(1,1,1)=   81983276.592245609     
 DEBUG T iter         350 min   299.99999999999699      max   300.00000000000483     
 DEBUG T iter         400 min   299.99999999999704      max   300.00000000000495     
   SIMPLE iter         400  res_p=  0.60981903502579726       u(1,1,1)=  -4.5762905914916293E-003  p(1,1,1)=   81983247.741533384     
 DEBUG T iter         450 min   299.99999999999727      max   300.00000000000506     
 DEBUG T iter         500 min   299.99999999999750      max   300.00000000000483     
   SIMPLE iter         500  res_p=  0.60980561056516402       u(1,1,1)=  -4.5763249444651594E-003  p(1,1,1)=   81983241.136689246     
 DEBUG T iter         550 min   299.99999999999716      max   300.00000000000500     
 DEBUG T iter         600 min   299.99999999999727      max   300.00000000000466     
   SIMPLE iter         600  res_p=  0.60980253559896125       u(1,1,1)=  -4.5763328523197198E-003  p(1,1,1)=   81983239.624687254     
 DEBUG T iter         650 min   299.99999999999721      max   300.00000000000529     
 DEBUG T iter         700 min   299.99999999999733      max   300.00000000000483     
   SIMPLE iter         700  res_p=  0.60980183131791188       u(1,1,1)=  -4.5763346647702419E-003  p(1,1,1)=   81983239.278561965     
 DEBUG T iter         750 min   299.99999999999710      max   300.00000000000483     
 DEBUG T iter         800 min   299.99999999999704      max   300.00000000000489     
   SIMPLE iter         800  res_p=  0.60980167002145769       u(1,1,1)=  -4.5763350821336141E-003  p(1,1,1)=   81983239.199328259     
 DEBUG T iter         850 min   299.99999999999716      max   300.00000000000472     
 DEBUG T iter         900 min   299.99999999999727      max   300.00000000000489     
   SIMPLE iter         900  res_p=  0.60980163308260327       u(1,1,1)=  -4.5763351805819088E-003  p(1,1,1)=   81983239.181190431     
 DEBUG T iter         950 min   299.99999999999665      max   300.00000000000495     
 DEBUG T iter        1000 min   299.99999999999727      max   300.00000000000500     
   SIMPLE iter        1000  res_p=  0.60980162462345278       u(1,1,1)=  -4.5763352012805373E-003  p(1,1,1)=   81983239.177038372     
 DEBUG T iter        1050 min   299.99999999999699      max   300.00000000000506     
 DEBUG T iter        1100 min   299.99999999999716      max   300.00000000000506     
   SIMPLE iter        1100  res_p=  0.60980162268632920       u(1,1,1)=  -4.5763352048406609E-003  p(1,1,1)=   81983239.176087901     
 DEBUG T iter        1150 min   299.99999999999744      max   300.00000000000483     
 DEBUG T iter        1200 min   299.99999999999704      max   300.00000000000477     
   SIMPLE iter        1200  res_p=  0.60980162224274070       u(1,1,1)=  -4.5763352045584656E-003  p(1,1,1)=   81983239.175870344     
 DEBUG T iter        1250 min   299.99999999999710      max   300.00000000000489     
 DEBUG T iter        1300 min   299.99999999999687      max   300.00000000000483     
   SIMPLE iter        1300  res_p=  0.60980162214117073       u(1,1,1)=  -4.5763352049167814E-003  p(1,1,1)=   81983239.175820515     
 DEBUG T iter        1350 min   299.99999999999721      max   300.00000000000483     
 DEBUG T iter        1400 min   299.99999999999733      max   300.00000000000472     
   SIMPLE iter        1400  res_p=  0.60980162211795541       u(1,1,1)=  -4.5763352054606458E-003  p(1,1,1)=   81983239.175809130     
 DEBUG T iter        1450 min   299.99999999999733      max   300.00000000000472     
 DEBUG T iter        1500 min   299.99999999999739      max   300.00000000000489     
   SIMPLE iter        1500  res_p=  0.60980162211267785       u(1,1,1)=  -4.5763352059263020E-003  p(1,1,1)=   81983239.175806522     
 Porous solver Block           2  SIMPLE iterations:        1501  res_p:  0.60980162211267785     
 --------------Force and Moment -----------------------------
 Total Force Coefficient (CL, CD, CS) =
   0.0000000000000000        11.066476938343840        0.0000000000000000     
 Total Moment Coefficient(CMx, CMy, CMz)=
   0.0000000000000000        5.5332384691719199        3.8523963553416252E-003
 Kstep, t=          17   17.000000000000000     
 ----------The Max Residuals are--------  ---Mesh---           1
    0.3502111616E-10    0.4757907065E-11    0.1991699557E-11    0.9529120657E-21    0.1463577862E-10
   The R.M.S Residuals are 
    0.3718871501E-11    0.5310057849E-12    0.2597705711E-12    0.1392404864E-21    0.1951182924E-11
 CPU wall time in this step:   6.4870286389999876     
 Averaged CPU wall time is:   6.3975580471764699     
   DBG iter           1  maxU2=   2.6257461044992166E-002  maxFi=   6.9947473549325051E-006  maxFj=  0.40232119053475307       Fi(21,1,1)=  -4.0392771792781694E-007  Fi(21,21,1)=   0.0000000000000000       Fi(41,21,1)=   0.0000000000000000     
   DBG div max=  0.52753236129782355       res_p=  0.52753236129782355     
   SIMPLE iter           1  res_p=  0.52753236129782355       u(1,1,1)=  -6.3512931101788765E-003  p(1,1,1)=   81985933.384610593     
   DBG iter           2  maxU2=   2.6257461044992166E-002  maxFi=   9.4351495834696904E-006  maxFj=  0.58557735530108634       Fi(21,1,1)=  -4.0653607836834234E-007  Fi(21,21,1)=   0.0000000000000000       Fi(41,21,1)=   0.0000000000000000     
   DBG div max=  0.60434899160648414       res_p=  0.60434899160648414     
   SIMPLE iter           2  res_p=  0.60434899160648414       u(1,1,1)=  -4.9423492961072945E-003  p(1,1,1)=   81986981.388227984     
   DBG iter           3  maxU2=   1.7831234808856934E-002  maxFi=   8.9752722619324032E-006  maxFj=  0.58695702642499392       Fi(21,1,1)=  -4.0748681172643216E-007  Fi(21,21,1)=   0.0000000000000000       Fi(41,21,1)=   0.0000000000000000     
   DBG div max=  0.58695689910184490       res_p=  0.58695689910184490     
   SIMPLE iter           3  res_p=  0.58695689910184490       u(1,1,1)=  -3.9946782185654719E-003  p(1,1,1)=   81986279.539487228     
   SIMPLE iter           4  res_p=  0.58621500560850692       u(1,1,1)=  -4.3792417011126791E-003  p(1,1,1)=   81986049.124090359     
   SIMPLE iter           5  res_p=  0.59340936032205016       u(1,1,1)=  -4.5148723087452729E-003  p(1,1,1)=   81985991.437317848     
 DEBUG T iter          50 min   299.99999999999767      max   300.00000000000421     
 DEBUG T iter         100 min   299.99999999999733      max   300.00000000000455     
   SIMPLE iter         100  res_p=  0.61124865601853240       u(1,1,1)=  -4.5728605429895776E-003  p(1,1,1)=   81983952.890879706     
 DEBUG T iter         150 min   299.99999999999727      max   300.00000000000477     
 DEBUG T iter         200 min   299.99999999999727      max   300.00000000000477     
   SIMPLE iter         200  res_p=  0.61013336556727737       u(1,1,1)=  -4.5755034432027062E-003  p(1,1,1)=   81983402.605892852     
 DEBUG T iter         250 min   299.99999999999744      max   300.00000000000483     
 DEBUG T iter         300 min   299.99999999999733      max   300.00000000000483     
   SIMPLE iter         300  res_p=  0.60987763462209044       u(1,1,1)=  -4.5761418369140890E-003  p(1,1,1)=   81983276.592241764     
 DEBUG T iter         350 min   299.99999999999721      max   300.00000000000489     
 DEBUG T iter         400 min   299.99999999999716      max   300.00000000000506     
   SIMPLE iter         400  res_p=  0.60981903502628543       u(1,1,1)=  -4.5762905810323874E-003  p(1,1,1)=   81983247.741529509     
 DEBUG T iter         450 min   299.99999999999710      max   300.00000000000477     
 DEBUG T iter         500 min   299.99999999999710      max   300.00000000000483     
   SIMPLE iter         500  res_p=  0.60980561056563432       u(1,1,1)=  -4.5763249368753218E-003  p(1,1,1)=   81983241.136685371     
 DEBUG T iter         550 min   299.99999999999687      max   300.00000000000489     
 DEBUG T iter         600 min   299.99999999999744      max   300.00000000000495     
   SIMPLE iter         600  res_p=  0.60980253559941766       u(1,1,1)=  -4.5763328448798673E-003  p(1,1,1)=   81983239.624683380     
 DEBUG T iter         650 min   299.99999999999727      max   300.00000000000483     
 DEBUG T iter         700 min   299.99999999999704      max   300.00000000000472     
   SIMPLE iter         700  res_p=  0.60980183131838328       u(1,1,1)=  -4.5763346572626892E-003  p(1,1,1)=   81983239.278558105     
 DEBUG T iter         750 min   299.99999999999721      max   300.00000000000489     
 DEBUG T iter         800 min   299.99999999999744      max   300.00000000000477     
   SIMPLE iter         800  res_p=  0.60980167002192132       u(1,1,1)=  -4.5763350740559696E-003  p(1,1,1)=   81983239.199324384     
 DEBUG T iter         850 min   299.99999999999710      max   300.00000000000483     
 DEBUG T iter         900 min   299.99999999999733      max   300.00000000000495     
   SIMPLE iter         900  res_p=  0.60980163308307289       u(1,1,1)=  -4.5763351736004560E-003  p(1,1,1)=   81983239.181186557     
 DEBUG T iter         950 min   299.99999999999733      max   300.00000000000477     
 DEBUG T iter        1000 min   299.99999999999739      max   300.00000000000477     
   SIMPLE iter        1000  res_p=  0.60980162462392662       u(1,1,1)=  -4.5763351944419399E-003  p(1,1,1)=   81983239.177034497     
 DEBUG T iter        1050 min   299.99999999999710      max   300.00000000000489     
 DEBUG T iter        1100 min   299.99999999999699      max   300.00000000000483     
   SIMPLE iter        1100  res_p=  0.60980162268679028       u(1,1,1)=  -4.5763351970587642E-003  p(1,1,1)=   81983239.176084027     
 DEBUG T iter        1150 min   299.99999999999733      max   300.00000000000483     
 DEBUG T iter        1200 min   299.99999999999704      max   300.00000000000489     
   SIMPLE iter        1200  res_p=  0.60980162224322476       u(1,1,1)=  -4.5763351974047566E-003  p(1,1,1)=   81983239.175866470     
 DEBUG T iter        1250 min   299.99999999999727      max   300.00000000000483     
 DEBUG T iter        1300 min   299.99999999999744      max   300.00000000000483     
   SIMPLE iter        1300  res_p=  0.60980162214165889       u(1,1,1)=  -4.5763352012622880E-003  p(1,1,1)=   81983239.175816640     
 DEBUG T iter        1350 min   299.99999999999699      max   300.00000000000472     
 DEBUG T iter        1400 min   299.99999999999716      max   300.00000000000489     
   SIMPLE iter        1400  res_p=  0.60980162211841782       u(1,1,1)=  -4.5763352011279042E-003  p(1,1,1)=   81983239.175805256     
 DEBUG T iter        1450 min   299.99999999999704      max   300.00000000000472     
 DEBUG T iter        1500 min   299.99999999999733      max   300.00000000000495     
   SIMPLE iter        1500  res_p=  0.60980162211314504       u(1,1,1)=  -4.5763351982775228E-003  p(1,1,1)=   81983239.175802648     
 Porous solver Block           2  SIMPLE iterations:        1501  res_p:  0.60980162211314504     
 --------------Force and Moment -----------------------------
 Total Force Coefficient (CL, CD, CS) =
   0.0000000000000000        11.066476967622293        0.0000000000000000     
 Total Moment Coefficient(CMx, CMy, CMz)=
   0.0000000000000000        5.5332384838111466        3.8523963616512447E-003
 Kstep, t=          18   18.000000000000000     
 ----------The Max Residuals are--------  ---Mesh---           1
    0.3284333002E-10    0.3459902419E-11    0.1553682042E-11    0.8999725065E-21    0.1541890998E-10
   The R.M.S Residuals are 
    0.3495061843E-11    0.4867159976E-12    0.2171380282E-12    0.1409634852E-21    0.2005079066E-11
 CPU wall time in this step:   6.4458201900000063     
 Averaged CPU wall time is:   6.4002392773333332     
   DBG iter           1  maxU2=   2.6257461043178228E-002  maxFi=   6.9947473548553556E-006  maxFj=  0.40232119053719739       Fi(21,1,1)=  -4.0392771706816611E-007  Fi(21,21,1)=   0.0000000000000000       Fi(41,21,1)=   0.0000000000000000     
   DBG div max=  0.52753236130031500       res_p=  0.52753236130031500     
   SIMPLE iter           1  res_p=  0.52753236130031500       u(1,1,1)=  -6.3512931069331759E-003  p(1,1,1)=   81985933.384606704     
   DBG iter           2  maxU2=   2.6257461043178228E-002  maxFi=   9.4351495834197968E-006  maxFj=  0.58557735530433674       Fi(21,1,1)=  -4.0653607882189597E-007  Fi(21,21,1)=   0.0000000000000000       Fi(41,21,1)=   0.0000000000000000     
   DBG div max=  0.60434899160927491       res_p=  0.60434899160927491     
   SIMPLE iter           2  res_p=  0.60434899160927491       u(1,1,1)=  -4.9423492896066507E-003  p(1,1,1)=   81986981.388224080     
   DBG iter           3  maxU2=   1.7831235238841545E-002  maxFi=   8.9752722631968015E-006  maxFj=  0.58695702642828818       Fi(21,1,1)=  -4.0748681214014137E-007  Fi(21,21,1)=   0.0000000000000000       Fi(41,21,1)=   0.0000000000000000     
   DBG div max=  0.58695689910513849       res_p=  0.58695689910513849     
   SIMPLE iter           3  res_p=  0.58695689910513849       u(1,1,1)=  -3.9946782066747673E-003  p(1,1,1)=   81986279.539483324     
   SIMPLE iter           4  res_p=  0.58621500561214113       u(1,1,1)=  -4.3792416923706060E-003  p(1,1,1)=   81986049.124086440     
   SIMPLE iter           5  res_p=  0.59340936032575664       u(1,1,1)=  -4.5148722970888367E-003  p(1,1,1)=   81985991.437313929     
 DEBUG T iter          50 min   299.99999999999778      max   300.00000000000421     
 DEBUG T iter         100 min   299.99999999999756      max   300.00000000000460     
   SIMPLE iter         100  res_p=  0.61124865601979206       u(1,1,1)=  -4.5728605339904731E-003  p(1,1,1)=   81983952.890874758     
 DEBUG T iter         150 min   299.99999999999733      max   300.00000000000472     
 DEBUG T iter         200 min   299.99999999999716      max   300.00000000000517     
   SIMPLE iter         200  res_p=  0.61013336556784459       u(1,1,1)=  -4.5755034357008858E-003  p(1,1,1)=   81983402.605887577     
 DEBUG T iter         250 min   299.99999999999739      max   300.00000000000495     
 DEBUG T iter         300 min   299.99999999999721      max   300.00000000000500     
   SIMPLE iter         300  res_p=  0.60987763462248812       u(1,1,1)=  -4.5761418250683259E-003  p(1,1,1)=   81983276.592236429     
 DEBUG T iter         350 min   299.99999999999716      max   300.00000000000483     
 DEBUG T iter         400 min   299.99999999999733      max   300.00000000000489     
   SIMPLE iter         400  res_p=  0.60981903502665313       u(1,1,1)=  -4.5762905734419027E-003  p(1,1,1)=   81983247.741524160     
 DEBUG T iter         450 min   299.99999999999710      max   300.00000000000483     
 DEBUG T iter         500 min   299.99999999999716      max   300.00000000000466     
   SIMPLE iter         500  res_p=  0.60980561056599292       u(1,1,1)=  -4.5763249295158589E-003  p(1,1,1)=   81983241.136680007     
 DEBUG T iter         550 min   299.99999999999721      max   300.00000000000489     
 DEBUG T iter         600 min   299.99999999999727      max   300.00000000000489     
   SIMPLE iter         600  res_p=  0.60980253559978048       u(1,1,1)=  -4.5763328351511173E-003  p(1,1,1)=   81983239.624678031     
 DEBUG T iter         650 min   299.99999999999727      max   300.00000000000495     
 DEBUG T iter         700 min   299.99999999999727      max   300.00000000000500     
   SIMPLE iter         700  res_p=  0.60980183131873422       u(1,1,1)=  -4.5763346511051260E-003  p(1,1,1)=   81983239.278552741     
 DEBUG T iter         750 min   299.99999999999699      max   300.00000000000477     
 DEBUG T iter         800 min   299.99999999999750      max   300.00000000000489     
   SIMPLE iter         800  res_p=  0.60980167002227637       u(1,1,1)=  -4.5763350666575579E-003  p(1,1,1)=   81983239.199319035     
 DEBUG T iter         850 min   299.99999999999727      max   300.00000000000495     
 DEBUG T iter         900 min   299.99999999999733      max   300.00000000000477     
   SIMPLE iter         900  res_p=  0.60980163308342550       u(1,1,1)=  -4.5763351653502187E-003  p(1,1,1)=   81983239.181181192     
 DEBUG T iter         950 min   299.99999999999716      max   300.00000000000483     
 DEBUG T iter        1000 min   299.99999999999716      max   300.00000000000477     
   SIMPLE iter        1000  res_p=  0.60980162462426846       u(1,1,1)=  -4.5763351833659101E-003  p(1,1,1)=   81983239.177029133     
 DEBUG T iter        1050 min   299.99999999999727      max   300.00000000000477     
 DEBUG T iter        1100 min   299.99999999999716      max   300.00000000000483     
   SIMPLE iter        1100  res_p=  0.60980162268715021       u(1,1,1)=  -4.5763351894380381E-003  p(1,1,1)=   81983239.176078677     
 DEBUG T iter        1150 min   299.99999999999733      max   300.00000000000483     
 DEBUG T iter        1200 min   299.99999999999733      max   300.00000000000500     
   SIMPLE iter        1200  res_p=  0.60980162224356660       u(1,1,1)=  -4.5763351893588350E-003  p(1,1,1)=   81983239.175861105     
 DEBUG T iter        1250 min   299.99999999999727      max   300.00000000000500     
 DEBUG T iter        1300 min   299.99999999999704      max   300.00000000000500     
   SIMPLE iter        1300  res_p=  0.60980162214199540       u(1,1,1)=  -4.5763351904770412E-003  p(1,1,1)=   81983239.175811276     
 DEBUG T iter        1350 min   299.99999999999704      max   300.00000000000495     
 DEBUG T iter        1400 min   299.99999999999727      max   300.00000000000483     
   SIMPLE iter        1400  res_p=  0.60980162211877542       u(1,1,1)=  -4.5763351909244377E-003  p(1,1,1)=   81983239.175799891     
 DEBUG T iter        1450 min   299.99999999999727      max   300.00000000000489     
 DEBUG T iter        1500 min   299.99999999999710      max   300.00000000000483     
   SIMPLE iter        1500  res_p=  0.60980162211350919       u(1,1,1)=  -4.5763351901955095E-003  p(1,1,1)=   81983239.175797299     
 Porous solver Block           2  SIMPLE iterations:        1501  res_p:  0.60980162211350919     
 --------------Force and Moment -----------------------------
 Total Force Coefficient (CL, CD, CS) =
   0.0000000000000000        11.066477009473601        0.0000000000000000     
 Total Moment Coefficient(CMx, CMy, CMz)=
   0.0000000000000000        5.5332385047368007        3.8523963687708829E-003
 Kstep, t=          19   19.000000000000000     
 ----------The Max Residuals are--------  ---Mesh---           1
    0.3135294856E-10    0.3081293718E-11    0.1169339853E-11    0.8735027269E-21    0.1578406066E-10
   The R.M.S Residuals are 
    0.3367504224E-11    0.4707097248E-12    0.1833119624E-12    0.1407322482E-21    0.1997086503E-11
 CPU wall time in this step:   6.5020093279999998     
 Averaged CPU wall time is:   6.4055955957894737     
   DBG iter           1  maxU2=   2.6257461044736096E-002  maxFi=   6.9947473531374864E-006  maxFj=  0.40232119053842053       Fi(21,1,1)=  -4.0392771624241169E-007  Fi(21,21,1)=   0.0000000000000000       Fi(41,21,1)=   0.0000000000000000     
   DBG div max=  0.52753236130161174       res_p=  0.52753236130161174     
   SIMPLE iter           1  res_p=  0.52753236130161174       u(1,1,1)=  -6.3512931055926527E-003  p(1,1,1)=   81985933.384601340     
   DBG iter           2  maxU2=   2.6257461044736096E-002  maxFi=   9.4351495834540610E-006  maxFj=  0.58557735530597987       Fi(21,1,1)=  -4.0653607710545576E-007  Fi(21,21,1)=   0.0000000000000000       Fi(41,21,1)=   0.0000000000000000     
   DBG div max=  0.60434899161070776       res_p=  0.60434899161070776     
   SIMPLE iter           2  res_p=  0.60434899161070776       u(1,1,1)=  -4.9423492861454766E-003  p(1,1,1)=   81986981.388218716     
   DBG iter           3  maxU2=   1.7831235755283888E-002  maxFi=   8.9752722631497861E-006  maxFj=  0.58695702642995418       Fi(21,1,1)=  -4.0748681170808548E-007  Fi(21,21,1)=   0.0000000000000000       Fi(41,21,1)=   0.0000000000000000     
   DBG div max=  0.58695689910680415       res_p=  0.58695689910680415     
   SIMPLE iter           3  res_p=  0.58695689910680415       u(1,1,1)=  -3.9946781986181772E-003  p(1,1,1)=   81986279.539477974     
   SIMPLE iter           4  res_p=  0.58621500561395345       u(1,1,1)=  -4.3792416845555545E-003  p(1,1,1)=   81986049.124081090     
   SIMPLE iter           5  res_p=  0.59340936032758751       u(1,1,1)=  -4.5148722885014394E-003  p(1,1,1)=   81985991.437308580     
 DEBUG T iter          50 min   299.99999999999773      max   300.00000000000432     
 DEBUG T iter         100 min   299.99999999999727      max   300.00000000000495     
   SIMPLE iter         100  res_p=  0.61124865602043466       u(1,1,1)=  -4.5728605228977171E-003  p(1,1,1)=   81983952.890868962     
 DEBUG T iter         150 min   299.99999999999682      max   300.00000000000506     
 DEBUG T iter         200 min   299.99999999999704      max   300.00000000000483     
   SIMPLE iter         200  res_p=  0.61013336556813336       u(1,1,1)=  -4.5755034216363750E-003  p(1,1,1)=   81983402.605881661     
 DEBUG T iter         250 min   299.99999999999721      max   300.00000000000477     
 DEBUG T iter         300 min   299.99999999999721      max   300.00000000000506     
   SIMPLE iter         300  res_p=  0.60987763462273059       u(1,1,1)=  -4.5761418149274768E-003  p(1,1,1)=   81983276.592230469     
 DEBUG T iter         350 min   299.99999999999710      max   300.00000000000477     
 DEBUG T iter         400 min   299.99999999999739      max   300.00000000000506     
   SIMPLE iter         400  res_p=  0.60981903502685475       u(1,1,1)=  -4.5762905619485886E-003  p(1,1,1)=   81983247.741518185     
 DEBUG T iter         450 min   299.99999999999727      max   300.00000000000495     
 DEBUG T iter         500 min   299.99999999999710      max   300.00000000000506     
   SIMPLE iter         500  res_p=  0.60980561056620597       u(1,1,1)=  -4.5763249185541812E-003  p(1,1,1)=   81983241.136674047     
 DEBUG T iter         550 min   299.99999999999710      max   300.00000000000500     
 DEBUG T iter         600 min   299.99999999999727      max   300.00000000000506     
   SIMPLE iter         600  res_p=  0.60980253559999109       u(1,1,1)=  -4.5763328237729368E-003  p(1,1,1)=   81983239.624672055     
 DEBUG T iter         650 min   299.99999999999716      max   300.00000000000506     
 DEBUG T iter         700 min   299.99999999999721      max   300.00000000000523     
   SIMPLE iter         700  res_p=  0.60980183131895194       u(1,1,1)=  -4.5763346387533346E-003  p(1,1,1)=   81983239.278546765     
 DEBUG T iter         750 min   299.99999999999739      max   300.00000000000466     
 DEBUG T iter         800 min   299.99999999999727      max   300.00000000000500     
   SIMPLE iter         800  res_p=  0.60980167002249885       u(1,1,1)=  -4.5763350546055561E-003  p(1,1,1)=   81983239.199313059     
 DEBUG T iter         850 min   299.99999999999716      max   300.00000000000512     
 DEBUG T iter         900 min   299.99999999999727      max   300.00000000000512     
   SIMPLE iter         900  res_p=  0.60980163308364566       u(1,1,1)=  -4.5763351525187328E-003  p(1,1,1)=   81983239.181175217     
 DEBUG T iter         950 min   299.99999999999744      max   300.00000000000517     
 DEBUG T iter        1000 min   299.99999999999733      max   300.00000000000500     
   SIMPLE iter        1000  res_p=  0.60980162462449639       u(1,1,1)=  -4.5763351724767507E-003  p(1,1,1)=   81983239.177023172     
 DEBUG T iter        1050 min   299.99999999999727      max   300.00000000000477     
 DEBUG T iter        1100 min   299.99999999999721      max   300.00000000000483     
   SIMPLE iter        1100  res_p=  0.60980162268736138       u(1,1,1)=  -4.5763351764614270E-003  p(1,1,1)=   81983239.176072702     
 DEBUG T iter        1150 min   299.99999999999744      max   300.00000000000483     
 DEBUG T iter        1200 min   299.99999999999721      max   300.00000000000500     
   SIMPLE iter        1200  res_p=  0.60980162224378198       u(1,1,1)=  -4.5763351791198933E-003  p(1,1,1)=   81983239.175855145     
 DEBUG T iter        1250 min   299.99999999999727      max   300.00000000000489     
 DEBUG T iter        1300 min   299.99999999999739      max   300.00000000000466     
   SIMPLE iter        1300  res_p=  0.60980162214222811       u(1,1,1)=  -4.5763351792107235E-003  p(1,1,1)=   81983239.175805315     
 DEBUG T iter        1350 min   299.99999999999727      max   300.00000000000483     
 DEBUG T iter        1400 min   299.99999999999739      max   300.00000000000506     
   SIMPLE iter        1400  res_p=  0.60980162211897748       u(1,1,1)=  -4.5763351794209321E-003  p(1,1,1)=   81983239.175793931     
 DEBUG T iter        1450 min   299.99999999999744      max   300.00000000000500     
 DEBUG T iter        1500 min   299.99999999999710      max   300.00000000000495     
   SIMPLE iter        1500  res_p=  0.60980162211370592       u(1,1,1)=  -4.5763351795399237E-003  p(1,1,1)=   81983239.175791323     
 Porous solver Block           2  SIMPLE iterations:        1501  res_p:  0.60980162211370592     
 --------------Force and Moment -----------------------------
 Total Force Coefficient (CL, CD, CS) =
   0.0000000000000000        11.066477057756856        0.0000000000000000     
 Total Moment Coefficient(CMx, CMy, CMz)=
   0.0000000000000000        5.5332385288784280        3.8523963757910451E-003
 Kstep, t=          20   20.000000000000000     
 ----------The Max Residuals are--------  ---Mesh---           1
    0.3051900213E-10    0.2547843093E-11    0.1007825876E-11    0.1032321404E-20    0.1567401107E-10
   The R.M.S Residuals are 
    0.3325390947E-11    0.4634378394E-12    0.1640637710E-12    0.1325323590E-21    0.1936373938E-11
 write flow3d.dat ......
 write flow3d.dat OK
 Output Ts to Ts_block_2.dat
 write VTK files ......
 write VTK files OK
 CPU wall time in this step:   6.6202149539999908     
 Averaged CPU wall time is:   6.4163265636999993     
   DBG iter           1  maxU2=   2.6257461044269390E-002  maxFi=   6.9947473531092929E-006  maxFj=  0.40232119053847643       Fi(21,1,1)=  -4.0392771571597441E-007  Fi(21,21,1)=   0.0000000000000000       Fi(41,21,1)=   0.0000000000000000     
   DBG div max=  0.52753236130168590       res_p=  0.52753236130168590     
   SIMPLE iter           1  res_p=  0.52753236130168590       u(1,1,1)=  -6.3512931030536707E-003  p(1,1,1)=   81985933.384595335     
   DBG iter           2  maxU2=   2.6257461044269390E-002  maxFi=   9.4351495834401900E-006  maxFj=  0.58557735530606347       Fi(21,1,1)=  -4.0653607616003035E-007  Fi(21,21,1)=   0.0000000000000000       Fi(41,21,1)=   0.0000000000000000     
   DBG div max=  0.60434899161077960       res_p=  0.60434899161077960     
   SIMPLE iter           2  res_p=  0.60434899161077960       u(1,1,1)=  -4.9423492756944173E-003  p(1,1,1)=   81986981.388212711     
   DBG iter           3  maxU2=   1.7831236294457327E-002  maxFi=   8.9752722631530285E-006  maxFj=  0.58695702643003655       Fi(21,1,1)=  -4.0748681080796347E-007  Fi(21,21,1)=   0.0000000000000000       Fi(41,21,1)=   0.0000000000000000     
   DBG div max=  0.58695689910688642       res_p=  0.58695689910688642     
   SIMPLE iter           3  res_p=  0.58695689910688642       u(1,1,1)=  -3.9946781824855265E-003  p(1,1,1)=   81986279.539471984     
   SIMPLE iter           4  res_p=  0.58621500561405060       u(1,1,1)=  -4.3792416718077725E-003  p(1,1,1)=   81986049.124075115     
   SIMPLE iter           5  res_p=  0.59340936032768532       u(1,1,1)=  -4.5148722754227710E-003  p(1,1,1)=   81985991.437302619     
 DEBUG T iter          50 min   299.99999999999767      max   300.00000000000421     
 DEBUG T iter         100 min   299.99999999999721      max   300.00000000000472     
   SIMPLE iter         100  res_p=  0.61124865602052592       u(1,1,1)=  -4.5728605122164591E-003  p(1,1,1)=   81983952.890863121     
 DEBUG T iter         150 min   299.99999999999739      max   300.00000000000472     
 DEBUG T iter         200 min   299.99999999999721      max   300.00000000000477     
   SIMPLE iter         200  res_p=  0.61013336556823050       u(1,1,1)=  -4.5755034137330425E-003  p(1,1,1)=   81983402.605875835     
 DEBUG T iter         250 min   299.99999999999739      max   300.00000000000489     
 DEBUG T iter         300 min   299.99999999999687      max   300.00000000000466     
   SIMPLE iter         300  res_p=  0.60987763462282185       u(1,1,1)=  -4.5761418031676866E-003  p(1,1,1)=   81983276.592224658     
 DEBUG T iter         350 min   299.99999999999716      max   300.00000000000477     
 DEBUG T iter         400 min   299.99999999999716      max   300.00000000000489     
   SIMPLE iter         400  res_p=  0.60981903502695378       u(1,1,1)=  -4.5762905514125504E-003  p(1,1,1)=   81983247.741512373     
 DEBUG T iter         450 min   299.99999999999704      max   300.00000000000512     
 DEBUG T iter         500 min   299.99999999999727      max   300.00000000000483     
   SIMPLE iter         500  res_p=  0.60980561056628579       u(1,1,1)=  -4.5763249080114209E-003  p(1,1,1)=   81983241.136668235     
 DEBUG T iter         550 min   299.99999999999721      max   300.00000000000477     
 DEBUG T iter         600 min   299.99999999999716      max   300.00000000000483     
   SIMPLE iter         600  res_p=  0.60980253560007214       u(1,1,1)=  -4.5763328129727974E-003  p(1,1,1)=   81983239.624666244     
 DEBUG T iter         650 min   299.99999999999704      max   300.00000000000495     
 DEBUG T iter         700 min   299.99999999999693      max   300.00000000000495     
   SIMPLE iter         700  res_p=  0.60980183131903365       u(1,1,1)=  -4.5763346284968887E-003  p(1,1,1)=   81983239.278540954     
 DEBUG T iter         750 min   299.99999999999693      max   300.00000000000506     
 DEBUG T iter         800 min   299.99999999999721      max   300.00000000000483     
   SIMPLE iter         800  res_p=  0.60980167002258046       u(1,1,1)=  -4.5763350448011966E-003  p(1,1,1)=   81983239.199307248     
 DEBUG T iter         850 min   299.99999999999716      max   300.00000000000483     
 DEBUG T iter         900 min   299.99999999999721      max   300.00000000000489     
   SIMPLE iter         900  res_p=  0.60980163308371826       u(1,1,1)=  -4.5763351408665614E-003  p(1,1,1)=   81983239.181169406     
 DEBUG T iter         950 min   299.99999999999727      max   300.00000000000495     
 DEBUG T iter        1000 min   299.99999999999716      max   300.00000000000495     
   SIMPLE iter        1000  res_p=  0.60980162462457022       u(1,1,1)=  -4.5763351591936235E-003  p(1,1,1)=   81983239.177017361     
 DEBUG T iter        1050 min   299.99999999999710      max   300.00000000000483     
 DEBUG T iter        1100 min   299.99999999999721      max   300.00000000000477     
   SIMPLE iter        1100  res_p=  0.60980162268745020       u(1,1,1)=  -4.5763351684407977E-003  p(1,1,1)=   81983239.176066890     
 DEBUG T iter        1150 min   299.99999999999739      max   300.00000000000500     
 DEBUG T iter        1200 min   299.99999999999721      max   300.00000000000477     
   SIMPLE iter        1200  res_p=  0.60980162224387446       u(1,1,1)=  -4.5763351679876220E-003  p(1,1,1)=   81983239.175849319     
 DEBUG T iter        1250 min   299.99999999999744      max   300.00000000000483     
 DEBUG T iter        1300 min   299.99999999999727      max   300.00000000000529     
   SIMPLE iter        1300  res_p=  0.60980162214230915       u(1,1,1)=  -4.5763351657267543E-003  p(1,1,1)=   81983239.175799489     
 DEBUG T iter        1350 min   299.99999999999699      max   300.00000000000472     
 DEBUG T iter        1400 min   299.99999999999727      max   300.00000000000506     
   SIMPLE iter        1400  res_p=  0.60980162211907296       u(1,1,1)=  -4.5763351654360650E-003  p(1,1,1)=   81983239.175788105     
 DEBUG T iter        1450 min   299.99999999999721      max   300.00000000000483     
 DEBUG T iter        1500 min   299.99999999999727      max   300.00000000000483     
   SIMPLE iter        1500  res_p=  0.60980162211380251       u(1,1,1)=  -4.5763351687944159E-003  p(1,1,1)=   81983239.175785512     
 Porous solver Block           2  SIMPLE iterations:        1501  res_p:  0.60980162211380251     
 --------------Force and Moment -----------------------------
 Total Force Coefficient (CL, CD, CS) =
   0.0000000000000000        11.066477107611718        0.0000000000000000     
 Total Moment Coefficient(CMx, CMy, CMz)=
   0.0000000000000000        5.5332385538058588        3.8523963823422491E-003
 Kstep, t=          21   21.000000000000000     
 ----------The Max Residuals are--------  ---Mesh---           1
    0.3024624062E-10    0.2764246276E-11    0.1053244839E-11    0.1058791184E-20    0.1516479632E-10
   The R.M.S Residuals are 
    0.3349235313E-11    0.4702915801E-12    0.1580309054E-12    0.1509565713E-21    0.1836024654E-11
 CPU wall time in this step:   8.5556910190000224     
 Averaged CPU wall time is:   6.5182010615714292     
   DBG iter           1  maxU2=   2.6257461044374514E-002  maxFi=   6.9947473531005092E-006  maxFj=  0.40232119053762117       Fi(21,1,1)=  -4.0392771350192897E-007  Fi(21,21,1)=   0.0000000000000000       Fi(41,21,1)=   0.0000000000000000     
   DBG div max=  0.52753236130084669       res_p=  0.52753236130084669     
   SIMPLE iter           1  res_p=  0.52753236130084669       u(1,1,1)=  -6.3512931006337193E-003  p(1,1,1)=   81985933.384589493     
   DBG iter           2  maxU2=   2.6257461044374514E-002  maxFi=   9.4351495817105148E-006  maxFj=  0.58557735530495214       Fi(21,1,1)=  -4.0653607394863866E-007  Fi(21,21,1)=   0.0000000000000000       Fi(41,21,1)=   0.0000000000000000     
   DBG div max=  0.60434899160983702       res_p=  0.60434899160983702     
   SIMPLE iter           2  res_p=  0.60434899160983702       u(1,1,1)=  -4.9423492718242640E-003  p(1,1,1)=   81986981.388206869     
   DBG iter           3  maxU2=   1.7831236800200038E-002  maxFi=   8.9752722619304771E-006  maxFj=  0.58695702642889336       Fi(21,1,1)=  -4.0748680861855239E-007  Fi(21,21,1)=   0.0000000000000000       Fi(41,21,1)=   0.0000000000000000     
   DBG div max=  0.58695689910574333       res_p=  0.58695689910574333     
   SIMPLE iter           3  res_p=  0.58695689910574333       u(1,1,1)=  -3.9946781715642999E-003  p(1,1,1)=   81986279.539466172     
   SIMPLE iter           4  res_p=  0.58621500561278439       u(1,1,1)=  -4.3792416604084474E-003  p(1,1,1)=   81986049.124069318     
   SIMPLE iter           5  res_p=  0.59340936032640046       u(1,1,1)=  -4.5148722639332247E-003  p(1,1,1)=   81985991.437296823     
 DEBUG T iter          50 min   299.99999999999778      max   300.00000000000455     
 DEBUG T iter         100 min   299.99999999999727      max   300.00000000000483     
   SIMPLE iter         100  res_p=  0.61124865602016187       u(1,1,1)=  -4.5728605013194380E-003  p(1,1,1)=   81983952.890857875     
 DEBUG T iter         150 min   299.99999999999721      max   300.00000000000529     
 DEBUG T iter         200 min   299.99999999999733      max   300.00000000000489     
   SIMPLE iter         200  res_p=  0.61013336556813447       u(1,1,1)=  -4.5755033999233781E-003  p(1,1,1)=   81983402.605870709     
 DEBUG T iter         250 min   299.99999999999716      max   300.00000000000483     
 DEBUG T iter         300 min   299.99999999999733      max   300.00000000000495     
   SIMPLE iter         300  res_p=  0.60987763462276612       u(1,1,1)=  -4.5761417931387671E-003  p(1,1,1)=   81983276.592219546     
 DEBUG T iter         350 min   299.99999999999733      max   300.00000000000506     
 DEBUG T iter         400 min   299.99999999999716      max   300.00000000000477     
   SIMPLE iter         400  res_p=  0.60981903502692447       u(1,1,1)=  -4.5762905404638579E-003  p(1,1,1)=   81983247.741507277     
 DEBUG T iter         450 min   299.99999999999716      max   300.00000000000477     
 DEBUG T iter         500 min   299.99999999999721      max   300.00000000000472     
   SIMPLE iter         500  res_p=  0.60980561056626248       u(1,1,1)=  -4.5763248993928160E-003  p(1,1,1)=   81983241.136663139     
 DEBUG T iter         550 min   299.99999999999716      max   300.00000000000495     
 DEBUG T iter         600 min   299.99999999999721      max   300.00000000000495     
   SIMPLE iter         600  res_p=  0.60980253560004161       u(1,1,1)=  -4.5763328045098058E-003  p(1,1,1)=   81983239.624661148     
 DEBUG T iter         650 min   299.99999999999727      max   300.00000000000477     
 DEBUG T iter         700 min   299.99999999999716      max   300.00000000000495     
   SIMPLE iter         700  res_p=  0.60980183131900489       u(1,1,1)=  -4.5763346198661363E-003  p(1,1,1)=   81983239.278535873     
 DEBUG T iter         750 min   299.99999999999739      max   300.00000000000506     
 DEBUG T iter         800 min   299.99999999999733      max   300.00000000000506     
   SIMPLE iter         800  res_p=  0.60980167002255292       u(1,1,1)=  -4.5763350339122280E-003  p(1,1,1)=   81983239.199302152     
 DEBUG T iter         850 min   299.99999999999733      max   300.00000000000477     
 DEBUG T iter         900 min   299.99999999999721      max   300.00000000000483     
   SIMPLE iter         900  res_p=  0.60980163308370328       u(1,1,1)=  -4.5763351304356076E-003  p(1,1,1)=   81983239.181164324     
 DEBUG T iter         950 min   299.99999999999727      max   300.00000000000477     
 DEBUG T iter        1000 min   299.99999999999721      max   300.00000000000483     
   SIMPLE iter        1000  res_p=  0.60980162462454801       u(1,1,1)=  -4.5763351510763155E-003  p(1,1,1)=   81983239.177012265     
 DEBUG T iter        1050 min   299.99999999999710      max   300.00000000000512     
 DEBUG T iter        1100 min   299.99999999999716      max   300.00000000000472     
   SIMPLE iter        1100  res_p=  0.60980162268741789       u(1,1,1)=  -4.5763351572006040E-003  p(1,1,1)=   81983239.176061794     
 DEBUG T iter        1150 min   299.99999999999739      max   300.00000000000495     
 DEBUG T iter        1200 min   299.99999999999699      max   300.00000000000500     
   SIMPLE iter        1200  res_p=  0.60980162224383494       u(1,1,1)=  -4.5763351598421880E-003  p(1,1,1)=   81983239.175844237     
 DEBUG T iter        1250 min   299.99999999999733      max   300.00000000000483     
 DEBUG T iter        1300 min   299.99999999999716      max   300.00000000000489     
   SIMPLE iter        1300  res_p=  0.60980162214226663       u(1,1,1)=  -4.5763351568410930E-003  p(1,1,1)=   81983239.175794408     
 DEBUG T iter        1350 min   299.99999999999739      max   300.00000000000529     
 DEBUG T iter        1400 min   299.99999999999716      max   300.00000000000489     
   SIMPLE iter        1400  res_p=  0.60980162211904720       u(1,1,1)=  -4.5763351574872185E-003  p(1,1,1)=   81983239.175783023     
 DEBUG T iter        1450 min   299.99999999999727      max   300.00000000000500     
 DEBUG T iter        1500 min   299.99999999999727      max   300.00000000000489     
   SIMPLE iter        1500  res_p=  0.60980162211377020       u(1,1,1)=  -4.5763351577102025E-003  p(1,1,1)=   81983239.175780416     
 Porous solver Block           2  SIMPLE iterations:        1501  res_p:  0.60980162211377020     
 --------------Force and Moment -----------------------------
 Total Force Coefficient (CL, CD, CS) =
   0.0000000000000000        11.066477154003223        0.0000000000000000     
 Total Moment Coefficient(CMx, CMy, CMz)=
   0.0000000000000000        5.5332385770016117        3.8523963880265910E-003
 Kstep, t=          22   22.000000000000000     
 ----------The Max Residuals are--------  ---Mesh---           1
    0.3039782777E-10    0.3325136504E-11    0.9816958444E-12    0.1032321404E-20    0.1444907163E-10
   The R.M.S Residuals are 
    0.3415188433E-11    0.5026518186E-12    0.1583843151E-12    0.1580943919E-21    0.1710793404E-11
 CPU wall time in this step:   6.5676212809999868     
 Averaged CPU wall time is:   6.5204474351818185     
   DBG iter           1  maxU2=   2.6257461045739020E-002  maxFi=   6.9947473531277167E-006  maxFj=  0.40232119053609694       Fi(21,1,1)=  -4.0392771255985734E-007  Fi(21,21,1)=   0.0000000000000000       Fi(41,21,1)=   0.0000000000000000     
   DBG div max=  0.52753236129931202       res_p=  0.52753236129931202     
   SIMPLE iter           1  res_p=  0.52753236129931202       u(1,1,1)=  -6.3512930973336733E-003  p(1,1,1)=   81985933.384584382     
   DBG iter           2  maxU2=   2.6257461045739020E-002  maxFi=   9.4351495834655349E-006  maxFj=  0.58557735530295740       Fi(21,1,1)=  -4.0653607300672182E-007  Fi(21,21,1)=   0.0000000000000000       Fi(41,21,1)=   0.0000000000000000     
   DBG div max=  0.60434899160812305       res_p=  0.60434899160812305     
   SIMPLE iter           2  res_p=  0.60434899160812305       u(1,1,1)=  -4.9423492649808406E-003  p(1,1,1)=   81986981.388201773     
   DBG iter           3  maxU2=   1.7831237230052630E-002  maxFi=   8.9752722618749811E-006  maxFj=  0.58695702642686676       Fi(21,1,1)=  -4.0748680766531449E-007  Fi(21,21,1)=   0.0000000000000000       Fi(41,21,1)=   0.0000000000000000     
   DBG div max=  0.58695689910371696       res_p=  0.58695689910371696     
   SIMPLE iter           3  res_p=  0.58695689910371696       u(1,1,1)=  -3.9946781643455925E-003  p(1,1,1)=   81986279.539461091     
   SIMPLE iter           4  res_p=  0.58621500561054651       u(1,1,1)=  -4.3792416534969908E-003  p(1,1,1)=   81986049.124064252     
   SIMPLE iter           5  res_p=  0.59340936032412595       u(1,1,1)=  -4.5148722577808701E-003  p(1,1,1)=   81985991.437291771     
 DEBUG T iter          50 min   299.99999999999756      max   300.00000000000415     
 DEBUG T iter         100 min   299.99999999999744      max   300.00000000000460     
   SIMPLE iter         100  res_p=  0.61124865601942890       u(1,1,1)=  -4.5728604958772496E-003  p(1,1,1)=   81983952.890853629     
 DEBUG T iter         150 min   299.99999999999727      max   300.00000000000477     
 DEBUG T iter         200 min   299.99999999999699      max   300.00000000000477     
   SIMPLE iter         200  res_p=  0.61013336556787756       u(1,1,1)=  -4.5755033923566626E-003  p(1,1,1)=   81983402.605866671     
 DEBUG T iter         250 min   299.99999999999727      max   300.00000000000483     
 DEBUG T iter         300 min   299.99999999999727      max   300.00000000000500     
   SIMPLE iter         300  res_p=  0.60987763462261857       u(1,1,1)=  -4.5761417834752583E-003  p(1,1,1)=   81983276.592215553     
 DEBUG T iter         350 min   299.99999999999727      max   300.00000000000483     
 DEBUG T iter         400 min   299.99999999999704      max   300.00000000000489     
   SIMPLE iter         400  res_p=  0.60981903502678536       u(1,1,1)=  -4.5762905335173252E-003  p(1,1,1)=   81983247.741503298     
 DEBUG T iter         450 min   299.99999999999721      max   300.00000000000472     
 DEBUG T iter         500 min   299.99999999999733      max   300.00000000000495     
   SIMPLE iter         500  res_p=  0.60980561056613591       u(1,1,1)=  -4.5763248894148201E-003  p(1,1,1)=   81983241.136659160     
 DEBUG T iter         550 min   299.99999999999739      max   300.00000000000495     
 DEBUG T iter         600 min   299.99999999999704      max   300.00000000000495     
   SIMPLE iter         600  res_p=  0.60980253559992348       u(1,1,1)=  -4.5763327951704666E-003  p(1,1,1)=   81983239.624657169     
 DEBUG T iter         650 min   299.99999999999721      max   300.00000000000472     
 DEBUG T iter         700 min   299.99999999999676      max   300.00000000000489     
   SIMPLE iter         700  res_p=  0.60980183131886878       u(1,1,1)=  -4.5763346103673049E-003  p(1,1,1)=   81983239.278531879     
 DEBUG T iter         750 min   299.99999999999727      max   300.00000000000500     
 DEBUG T iter         800 min   299.99999999999716      max   300.00000000000489     
   SIMPLE iter         800  res_p=  0.60980167002241981       u(1,1,1)=  -4.5763350271087700E-003  p(1,1,1)=   81983239.199298173     
 DEBUG T iter         850 min   299.99999999999739      max   300.00000000000477     
 DEBUG T iter         900 min   299.99999999999687      max   300.00000000000483     
   SIMPLE iter         900  res_p=  0.60980163308357560       u(1,1,1)=  -4.5763351233258087E-003  p(1,1,1)=   81983239.181160331     
 DEBUG T iter         950 min   299.99999999999739      max   300.00000000000495     
 DEBUG T iter        1000 min   299.99999999999733      max   300.00000000000489     
   SIMPLE iter        1000  res_p=  0.60980162462442400       u(1,1,1)=  -4.5763351439038367E-003  p(1,1,1)=   81983239.177008286     
 DEBUG T iter        1050 min   299.99999999999710      max   300.00000000000506     
 DEBUG T iter        1100 min   299.99999999999716      max   300.00000000000495     
   SIMPLE iter        1100  res_p=  0.60980162268729854       u(1,1,1)=  -4.5763351471592639E-003  p(1,1,1)=   81983239.176057816     
 DEBUG T iter        1150 min   299.99999999999744      max   300.00000000000489     
 DEBUG T iter        1200 min   299.99999999999739      max   300.00000000000495     
   SIMPLE iter        1200  res_p=  0.60980162224371326       u(1,1,1)=  -4.5763351478679435E-003  p(1,1,1)=   81983239.175840259     
 DEBUG T iter        1250 min   299.99999999999727      max   300.00000000000489     
 DEBUG T iter        1300 min   299.99999999999710      max   300.00000000000483     
   SIMPLE iter        1300  res_p=  0.60980162214214551       u(1,1,1)=  -4.5763351503248454E-003  p(1,1,1)=   81983239.175790429     
 DEBUG T iter        1350 min   299.99999999999739      max   300.00000000000472     
 DEBUG T iter        1400 min   299.99999999999733      max   300.00000000000472     
   SIMPLE iter        1400  res_p=  0.60980162211892497       u(1,1,1)=  -4.5763351510161761E-003  p(1,1,1)=   81983239.175779045     
 DEBUG T iter        1450 min   299.99999999999739      max   300.00000000000489     
 DEBUG T iter        1500 min   299.99999999999721      max   300.00000000000477     
   SIMPLE iter        1500  res_p=  0.60980162211365219       u(1,1,1)=  -4.5763351481160263E-003  p(1,1,1)=   81983239.175776437     
 Porous solver Block           2  SIMPLE iterations:        1501  res_p:  0.60980162211365219     
 --------------Force and Moment -----------------------------
 Total Force Coefficient (CL, CD, CS) =
   0.0000000000000000        11.066477194253821        0.0000000000000000     
 Total Moment Coefficient(CMx, CMy, CMz)=
   0.0000000000000000        5.5332385971269105        3.8523963931993421E-003
 Kstep, t=          23   23.000000000000000     
 ----------The Max Residuals are--------  ---Mesh---           1
    0.3081853366E-10    0.3951187461E-11    0.8460703384E-12    0.1005851625E-20    0.1360794689E-10
   The R.M.S Residuals are 
    0.3499458015E-11    0.5601018834E-12    0.1587704767E-12    0.1445012953E-21    0.1575220168E-11
 CPU wall time in this step:   6.6943311089999895     
 Averaged CPU wall time is:   6.5280075949130429     
   DBG iter           1  maxU2=   2.6257461045842905E-002  maxFi=   6.9947473531432928E-006  maxFj=  0.40232119053423437       Fi(21,1,1)=  -4.0392771037420878E-007  Fi(21,21,1)=   0.0000000000000000       Fi(41,21,1)=   0.0000000000000000     
   DBG div max=  0.52753236129746595       res_p=  0.52753236129746595     
   SIMPLE iter           1  res_p=  0.52753236129746595       u(1,1,1)=  -6.3512930943414869E-003  p(1,1,1)=   81985933.384580389     
   DBG iter           2  maxU2=   2.6257461045842905E-002  maxFi=   9.4351495834744575E-006  maxFj=  0.58557735530052146       Fi(21,1,1)=  -4.0653607082751987E-007  Fi(21,21,1)=   0.0000000000000000       Fi(41,21,1)=   0.0000000000000000     
   DBG div max=  0.60434899160610256       res_p=  0.60434899160610256     
   SIMPLE iter           2  res_p=  0.60434899160610256       u(1,1,1)=  -4.9423492647739211E-003  p(1,1,1)=   81986981.388197780     
   DBG iter           3  maxU2=   1.7831237558350921E-002  maxFi=   8.9752722632115381E-006  maxFj=  0.58695702642439951       Fi(21,1,1)=  -4.0748680417933843E-007  Fi(21,21,1)=   0.0000000000000000       Fi(41,21,1)=   0.0000000000000000     
   DBG div max=  0.58695689910125015       res_p=  0.58695689910125015     
   SIMPLE iter           3  res_p=  0.58695689910125015       u(1,1,1)=  -3.9946781592013402E-003  p(1,1,1)=   81986279.539457113     
   SIMPLE iter           4  res_p=  0.58621500560778639       u(1,1,1)=  -4.3792416453124813E-003  p(1,1,1)=   81986049.124060288     
   SIMPLE iter           5  res_p=  0.59340936032130631       u(1,1,1)=  -4.5148722499488260E-003  p(1,1,1)=   81985991.437287822     
 DEBUG T iter          50 min   299.99999999999756      max   300.00000000000421     
 DEBUG T iter         100 min   299.99999999999739      max   300.00000000000472     
   SIMPLE iter         100  res_p=  0.61124865601856626       u(1,1,1)=  -4.5728604896791087E-003  p(1,1,1)=   81983952.890850589     
 DEBUG T iter         150 min   299.99999999999727      max   300.00000000000455     
 DEBUG T iter         200 min   299.99999999999716      max   300.00000000000472     
   SIMPLE iter         200  res_p=  0.61013336556751874       u(1,1,1)=  -4.5755033877723471E-003  p(1,1,1)=   81983402.605863884     
 DEBUG T iter         250 min   299.99999999999727      max   300.00000000000506     
 DEBUG T iter         300 min   299.99999999999739      max   300.00000000000512     
   SIMPLE iter         300  res_p=  0.60987763462238698       u(1,1,1)=  -4.5761417784370853E-003  p(1,1,1)=   81983276.592212841     
 DEBUG T iter         350 min   299.99999999999716      max   300.00000000000495     
 DEBUG T iter         400 min   299.99999999999710      max   300.00000000000466     
   SIMPLE iter         400  res_p=  0.60981903502660362       u(1,1,1)=  -4.5762905260626945E-003  p(1,1,1)=   81983247.741500586     
 DEBUG T iter         450 min   299.99999999999733      max   300.00000000000460     
 DEBUG T iter         500 min   299.99999999999733      max   300.00000000000495     
   SIMPLE iter         500  res_p=  0.60980561056594107       u(1,1,1)=  -4.5763248855526283E-003  p(1,1,1)=   81983241.136656448     
 DEBUG T iter         550 min   299.99999999999716      max   300.00000000000489     
 DEBUG T iter         600 min   299.99999999999704      max   300.00000000000483     
   SIMPLE iter         600  res_p=  0.60980253559973829       u(1,1,1)=  -4.5763327886001537E-003  p(1,1,1)=   81983239.624654457     
 DEBUG T iter         650 min   299.99999999999721      max   300.00000000000506     
 DEBUG T iter         700 min   299.99999999999710      max   300.00000000000477     
   SIMPLE iter         700  res_p=  0.60980183131868948       u(1,1,1)=  -4.5763346060830636E-003  p(1,1,1)=   81983239.278529182     
 DEBUG T iter         750 min   299.99999999999716      max   300.00000000000477     
 DEBUG T iter         800 min   299.99999999999699      max   300.00000000000477     
   SIMPLE iter         800  res_p=  0.60980167002223096       u(1,1,1)=  -4.5763350224746749E-003  p(1,1,1)=   81983239.199295476     
 DEBUG T iter         850 min   299.99999999999704      max   300.00000000000500     
 DEBUG T iter         900 min   299.99999999999710      max   300.00000000000483     
   SIMPLE iter         900  res_p=  0.60980163308337965       u(1,1,1)=  -4.5763351192465605E-003  p(1,1,1)=   81983239.181157634     
 DEBUG T iter         950 min   299.99999999999721      max   300.00000000000495     
 DEBUG T iter        1000 min   299.99999999999727      max   300.00000000000477     
   SIMPLE iter        1000  res_p=  0.60980162462423215       u(1,1,1)=  -4.5763351360455307E-003  p(1,1,1)=   81983239.177005589     
 DEBUG T iter        1050 min   299.99999999999716      max   300.00000000000466     
 DEBUG T iter        1100 min   299.99999999999721      max   300.00000000000483     
   SIMPLE iter        1100  res_p=  0.60980162268710725       u(1,1,1)=  -4.5763351425128738E-003  p(1,1,1)=   81983239.176055118     
 DEBUG T iter        1150 min   299.99999999999727      max   300.00000000000472     
 DEBUG T iter        1200 min   299.99999999999716      max   300.00000000000500     
   SIMPLE iter        1200  res_p=  0.60980162224353518       u(1,1,1)=  -4.5763351428523193E-003  p(1,1,1)=   81983239.175837561     
 DEBUG T iter        1250 min   299.99999999999721      max   300.00000000000477     
 DEBUG T iter        1300 min   299.99999999999739      max   300.00000000000477     
   SIMPLE iter        1300  res_p=  0.60980162214196620       u(1,1,1)=  -4.5763351437690669E-003  p(1,1,1)=   81983239.175787717     
 DEBUG T iter        1350 min   299.99999999999721      max   300.00000000000466     
 DEBUG T iter        1400 min   299.99999999999733      max   300.00000000000477     
   SIMPLE iter        1400  res_p=  0.60980162211873490       u(1,1,1)=  -4.5763351434883011E-003  p(1,1,1)=   81983239.175776333     
 DEBUG T iter        1450 min   299.99999999999721      max   300.00000000000506     
 DEBUG T iter        1500 min   299.99999999999744      max   300.00000000000489     
   SIMPLE iter        1500  res_p=  0.60980162211346689       u(1,1,1)=  -4.5763351430736414E-003  p(1,1,1)=   81983239.175773740     
 Porous solver Block           2  SIMPLE iterations:        1501  res_p:  0.60980162211346689     
 --------------Force and Moment -----------------------------
 Total Force Coefficient (CL, CD, CS) =
   0.0000000000000000        11.066477226006100        0.0000000000000000     
 Total Moment Coefficient(CMx, CMy, CMz)=
   0.0000000000000000        5.5332386130030500        3.8523963972636466E-003
 Kstep, t=          24   24.000000000000000     
 ----------The Max Residuals are--------  ---Mesh---           1
    0.3135565106E-10    0.4425560079E-11    0.8508719445E-12    0.1058791184E-20    0.1271604433E-10
   The R.M.S Residuals are 
    0.3581558809E-11    0.6293007151E-12    0.1562983391E-12    0.1420069944E-21    0.1442284584E-11
 CPU wall time in this step:   6.7447406060000219     
 Averaged CPU wall time is:   6.5370381370416668     
   DBG iter           1  maxU2=   2.6257461044602946E-002  maxFi=   6.9947473548499999E-006  maxFj=  0.40232119053228044       Fi(21,1,1)=  -4.0392770992473265E-007  Fi(21,21,1)=   0.0000000000000000       Fi(41,21,1)=   0.0000000000000000     
   DBG div max=  0.52753236129548298       res_p=  0.52753236129548298     
   SIMPLE iter           1  res_p=  0.52753236129548298       u(1,1,1)=  -6.3512930943422554E-003  p(1,1,1)=   81985933.384577662     
   DBG iter           2  maxU2=   2.6257461044602946E-002  maxFi=   9.4351495847512496E-006  maxFj=  0.58557735529793886       Fi(21,1,1)=  -4.0653607037668759E-007  Fi(21,21,1)=   0.0000000000000000       Fi(41,21,1)=   0.0000000000000000     
   DBG div max=  0.60434899160386857       res_p=  0.60434899160386857     
   SIMPLE iter           2  res_p=  0.60434899160386857       u(1,1,1)=  -4.9423492593016751E-003  p(1,1,1)=   81986981.388195053     
   DBG iter           3  maxU2=   1.7831237775927995E-002  maxFi=   8.9752722632159444E-006  maxFj=  0.58695702642176584       Fi(21,1,1)=  -4.0748680371756359E-007  Fi(21,21,1)=   0.0000000000000000       Fi(41,21,1)=   0.0000000000000000     
   DBG div max=  0.58695689909861692       res_p=  0.58695689909861692     
   SIMPLE iter           3  res_p=  0.58695689909861692       u(1,1,1)=  -3.9946781531836478E-003  p(1,1,1)=   81986279.539454415     
   SIMPLE iter           4  res_p=  0.58621500560489170       u(1,1,1)=  -4.3792416412243625E-003  p(1,1,1)=   81986049.124057606     
   SIMPLE iter           5  res_p=  0.59340936031837077       u(1,1,1)=  -4.5148722487847312E-003  p(1,1,1)=   81985991.437285155     
 DEBUG T iter          50 min   299.99999999999778      max   300.00000000000449     
 DEBUG T iter         100 min   299.99999999999750      max   300.00000000000460     
   SIMPLE iter         100  res_p=  0.61124865601757872       u(1,1,1)=  -4.5728604851219268E-003  p(1,1,1)=   81983952.890848830     
 DEBUG T iter         150 min   299.99999999999710      max   300.00000000000483     
 DEBUG T iter         200 min   299.99999999999739      max   300.00000000000472     
   SIMPLE iter         200  res_p=  0.61013336556711650       u(1,1,1)=  -4.5755033824159729E-003  p(1,1,1)=   81983402.605862364     
 DEBUG T iter         250 min   299.99999999999716      max   300.00000000000483     
 DEBUG T iter         300 min   299.99999999999682      max   300.00000000000500     
   SIMPLE iter         300  res_p=  0.60987763462211519       u(1,1,1)=  -4.5761417772800074E-003  p(1,1,1)=   81983276.592211381     
 DEBUG T iter         350 min   299.99999999999739      max   300.00000000000477     
 DEBUG T iter         400 min   299.99999999999727      max   300.00000000000483     
   SIMPLE iter         400  res_p=  0.60981903502634927       u(1,1,1)=  -4.5762905251352229E-003  p(1,1,1)=   81983247.741499141     
 DEBUG T iter         450 min   299.99999999999704      max   300.00000000000540     
 DEBUG T iter         500 min   299.99999999999721      max   300.00000000000512     
   SIMPLE iter         500  res_p=  0.60980561056572158       u(1,1,1)=  -4.5763248804356832E-003  p(1,1,1)=   81983241.136655018     
 DEBUG T iter         550 min   299.99999999999733      max   300.00000000000483     
 DEBUG T iter         600 min   299.99999999999727      max   300.00000000000483     
   SIMPLE iter         600  res_p=  0.60980253559949960       u(1,1,1)=  -4.5763327858310129E-003  p(1,1,1)=   81983239.624653026     
 DEBUG T iter         650 min   299.99999999999733      max   300.00000000000500     
 DEBUG T iter         700 min   299.99999999999721      max   300.00000000000483     
   SIMPLE iter         700  res_p=  0.60980183131845989       u(1,1,1)=  -4.5763346005181435E-003  p(1,1,1)=   81983239.278527737     
 DEBUG T iter         750 min   299.99999999999716      max   300.00000000000495     
 DEBUG T iter         800 min   299.99999999999733      max   300.00000000000500     
   SIMPLE iter         800  res_p=  0.60980167002199592       u(1,1,1)=  -4.5763350152719451E-003  p(1,1,1)=   81983239.199294031     
 DEBUG T iter         850 min   299.99999999999721      max   300.00000000000489     
 DEBUG T iter         900 min   299.99999999999716      max   300.00000000000489     
   SIMPLE iter         900  res_p=  0.60980163308315416       u(1,1,1)=  -4.5763351137960932E-003  p(1,1,1)=   81983239.181156203     
 DEBUG T iter         950 min   299.99999999999733      max   300.00000000000512     
 DEBUG T iter        1000 min   299.99999999999721      max   300.00000000000477     
   SIMPLE iter        1000  res_p=  0.60980162462400123       u(1,1,1)=  -4.5763351349514840E-003  p(1,1,1)=   81983239.177004144     
 DEBUG T iter        1050 min   299.99999999999699      max   300.00000000000495     
 DEBUG T iter        1100 min   299.99999999999716      max   300.00000000000500     
   SIMPLE iter        1100  res_p=  0.60980162268687588       u(1,1,1)=  -4.5763351384277787E-003  p(1,1,1)=   81983239.176053673     
 DEBUG T iter        1150 min   299.99999999999716      max   300.00000000000489     
 DEBUG T iter        1200 min   299.99999999999739      max   300.00000000000495     
   SIMPLE iter        1200  res_p=  0.60980162224329049       u(1,1,1)=  -4.5763351382317958E-003  p(1,1,1)=   81983239.175836116     
 DEBUG T iter        1250 min   299.99999999999710      max   300.00000000000466     
 DEBUG T iter        1300 min   299.99999999999721      max   300.00000000000477     
   SIMPLE iter        1300  res_p=  0.60980162214172395       u(1,1,1)=  -4.5763351415640833E-003  p(1,1,1)=   81983239.175786287     
 DEBUG T iter        1350 min   299.99999999999704      max   300.00000000000477     
 DEBUG T iter        1400 min   299.99999999999716      max   300.00000000000489     
   SIMPLE iter        1400  res_p=  0.60980162211849021       u(1,1,1)=  -4.5763351408190378E-003  p(1,1,1)=   81983239.175774902     
 DEBUG T iter        1450 min   299.99999999999739      max   300.00000000000466     
 DEBUG T iter        1500 min   299.99999999999721      max   300.00000000000483     
   SIMPLE iter        1500  res_p=  0.60980162211322764       u(1,1,1)=  -4.5763351396625723E-003  p(1,1,1)=   81983239.175772294     
 Porous solver Block           2  SIMPLE iterations:        1501  res_p:  0.60980162211322764     
 --------------Force and Moment -----------------------------
 Total Force Coefficient (CL, CD, CS) =
   0.0000000000000000        11.066477248998126        0.0000000000000000     
 Total Moment Coefficient(CMx, CMy, CMz)=
   0.0000000000000000        5.5332386244990630        3.8523964006174083E-003
 Kstep, t=          25   25.000000000000000     
 ----------The Max Residuals are--------  ---Mesh---           1
    0.3187563851E-10    0.5192643140E-11    0.7737990478E-12    0.1005851625E-20    0.1186230441E-10
   The R.M.S Residuals are 
    0.3646073254E-11    0.6939846321E-12    0.1510454333E-12    0.1533919906E-21    0.1322621366E-11
 CPU wall time in this step:   6.7131344529999808     
 Averaged CPU wall time is:   6.5440819896799995     
   DBG iter           1  maxU2=   2.6257461045849154E-002  maxFi=   6.9947473548899468E-006  maxFj=  0.40232119053047616       Fi(21,1,1)=  -4.0392771030306606E-007  Fi(21,21,1)=   0.0000000000000000       Fi(41,21,1)=   0.0000000000000000     
   DBG div max=  0.52753236129368408       res_p=  0.52753236129368408     
   SIMPLE iter           1  res_p=  0.52753236129368408       u(1,1,1)=  -6.3512930943332383E-003  p(1,1,1)=   81985933.384576216     
   DBG iter           2  maxU2=   2.6257461045849154E-002  maxFi=   9.4351495834732344E-006  maxFj=  0.58557735529557675       Fi(21,1,1)=  -4.0653607033893825E-007  Fi(21,21,1)=   0.0000000000000000       Fi(41,21,1)=   0.0000000000000000     
   DBG div max=  0.60434899160186406       res_p=  0.60434899160186406     
   SIMPLE iter           2  res_p=  0.60434899160186406       u(1,1,1)=  -4.9423492623259912E-003  p(1,1,1)=   81986981.388193607     
   DBG iter           3  maxU2=   1.7831237887332766E-002  maxFi=   8.9752722619786343E-006  maxFj=  0.58695702641935987       Fi(21,1,1)=  -4.0748680501979332E-007  Fi(21,21,1)=   0.0000000000000000       Fi(41,21,1)=   0.0000000000000000     
   DBG div max=  0.58695689909621140       res_p=  0.58695689909621140     
   SIMPLE iter           3  res_p=  0.58695689909621140       u(1,1,1)=  -3.9946781508114395E-003  p(1,1,1)=   81986279.539452985     
   SIMPLE iter           4  res_p=  0.58621500560221651       u(1,1,1)=  -4.3792416389975639E-003  p(1,1,1)=   81986049.124056190     
   SIMPLE iter           5  res_p=  0.59340936031564806       u(1,1,1)=  -4.5148722469156941E-003  p(1,1,1)=   81985991.437283754     
 DEBUG T iter          50 min   299.99999999999750      max   300.00000000000409     
 DEBUG T iter         100 min   299.99999999999756      max   300.00000000000455     
   SIMPLE iter         100  res_p=  0.61124865601668965       u(1,1,1)=  -4.5728604835108518E-003  p(1,1,1)=   81983952.890848219     
 DEBUG T iter         150 min   299.99999999999727      max   300.00000000000472     
 DEBUG T iter         200 min   299.99999999999727      max   300.00000000000489     
   SIMPLE iter         200  res_p=  0.61013336556671427       u(1,1,1)=  -4.5755033832399457E-003  p(1,1,1)=   81983402.605861992     
 DEBUG T iter         250 min   299.99999999999693      max   300.00000000000489     
 DEBUG T iter         300 min   299.99999999999733      max   300.00000000000489     
   SIMPLE iter         300  res_p=  0.60987763462183742       u(1,1,1)=  -4.5761417738696677E-003  p(1,1,1)=   81983276.592211053     
 DEBUG T iter         350 min   299.99999999999710      max   300.00000000000500     
 DEBUG T iter         400 min   299.99999999999704      max   300.00000000000483     
   SIMPLE iter         400  res_p=  0.60981903502610035       u(1,1,1)=  -4.5762905217176485E-003  p(1,1,1)=   81983247.741498828     
 DEBUG T iter         450 min   299.99999999999733      max   300.00000000000477     
 DEBUG T iter         500 min   299.99999999999727      max   300.00000000000495     
   SIMPLE iter         500  res_p=  0.60980561056546545       u(1,1,1)=  -4.5763248801874191E-003  p(1,1,1)=   81983241.136654705     
 DEBUG T iter         550 min   299.99999999999710      max   300.00000000000506     
 DEBUG T iter         600 min   299.99999999999716      max   300.00000000000477     
   SIMPLE iter         600  res_p=  0.60980253559925668       u(1,1,1)=  -4.5763327858154290E-003  p(1,1,1)=   81983239.624652714     
 DEBUG T iter         650 min   299.99999999999739      max   300.00000000000495     
 DEBUG T iter         700 min   299.99999999999739      max   300.00000000000455     
   SIMPLE iter         700  res_p=  0.60980183131821386       u(1,1,1)=  -4.5763346011386211E-003  p(1,1,1)=   81983239.278527439     
 DEBUG T iter         750 min   299.99999999999744      max   300.00000000000483     
 DEBUG T iter         800 min   299.99999999999710      max   300.00000000000483     
   SIMPLE iter         800  res_p=  0.60980167002176633       u(1,1,1)=  -4.5763350147048493E-003  p(1,1,1)=   81983239.199293718     
 DEBUG T iter         850 min   299.99999999999721      max   300.00000000000489     
 DEBUG T iter         900 min   299.99999999999716      max   300.00000000000477     
   SIMPLE iter         900  res_p=  0.60980163308289870       u(1,1,1)=  -4.5763351144742920E-003  p(1,1,1)=   81983239.181155875     
 DEBUG T iter         950 min   299.99999999999733      max   300.00000000000512     
 DEBUG T iter        1000 min   299.99999999999733      max   300.00000000000489     
   SIMPLE iter        1000  res_p=  0.60980162462375598       u(1,1,1)=  -4.5763351349673966E-003  p(1,1,1)=   81983239.177003831     
 DEBUG T iter        1050 min   299.99999999999704      max   300.00000000000483     
 DEBUG T iter        1100 min   299.99999999999727      max   300.00000000000495     
   SIMPLE iter        1100  res_p=  0.60980162268663474       u(1,1,1)=  -4.5763351376957584E-003  p(1,1,1)=   81983239.176053360     
 DEBUG T iter        1150 min   299.99999999999710      max   300.00000000000483     
 DEBUG T iter        1200 min   299.99999999999699      max   300.00000000000495     
   SIMPLE iter        1200  res_p=  0.60980162224304457       u(1,1,1)=  -4.5763351377837705E-003  p(1,1,1)=   81983239.175835803     
 DEBUG T iter        1250 min   299.99999999999699      max   300.00000000000512     
 DEBUG T iter        1300 min   299.99999999999710      max   300.00000000000517     
   SIMPLE iter        1300  res_p=  0.60980162214148581       u(1,1,1)=  -4.5763351382913072E-003  p(1,1,1)=   81983239.175785974     
 DEBUG T iter        1350 min   299.99999999999739      max   300.00000000000500     
 DEBUG T iter        1400 min   299.99999999999721      max   300.00000000000466     
   SIMPLE iter        1400  res_p=  0.60980162211824185       u(1,1,1)=  -4.5763351386285279E-003  p(1,1,1)=   81983239.175774589     
 DEBUG T iter        1450 min   299.99999999999733      max   300.00000000000489     
 DEBUG T iter        1500 min   299.99999999999727      max   300.00000000000489     
   SIMPLE iter        1500  res_p=  0.60980162211298528       u(1,1,1)=  -4.5763351392359578E-003  p(1,1,1)=   81983239.175771981     
 Porous solver Block           2  SIMPLE iterations:        1501  res_p:  0.60980162211298528     
 --------------Force and Moment -----------------------------
 Total Force Coefficient (CL, CD, CS) =
   0.0000000000000000        11.066477263986599        0.0000000000000000     
 Total Moment Coefficient(CMx, CMy, CMz)=
   0.0000000000000000        5.5332386319932994        3.8523964038148506E-003
 Kstep, t=          26   26.000000000000000     
 ----------The Max Residuals are--------  ---Mesh---           1
    0.3227538883E-10    0.5957996696E-11    0.7700592551E-12    0.1032321404E-20    0.1111100463E-10
   The R.M.S Residuals are 
    0.3683207485E-11    0.7419363927E-12    0.1446417193E-12    0.1600730680E-21    0.1224137293E-11
 CPU wall time in this step:   6.8488331650000021     
 Averaged CPU wall time is:   6.5558031887307688     
   DBG iter           1  maxU2=   2.6257461046264838E-002  maxFi=   6.9947473549220349E-006  maxFj=  0.40232119052897841       Fi(21,1,1)=  -4.0392771037982826E-007  Fi(21,21,1)=   0.0000000000000000       Fi(41,21,1)=   0.0000000000000000     
   DBG div max=  0.52753236129212244       res_p=  0.52753236129212244     
   SIMPLE iter           1  res_p=  0.52753236129212244       u(1,1,1)=  -6.3512930956711186E-003  p(1,1,1)=   81985933.384575889     
   DBG iter           2  maxU2=   2.6257461046264838E-002  maxFi=   9.4351495834916082E-006  maxFj=  0.58557735529358079       Fi(21,1,1)=  -4.0653607083135635E-007  Fi(21,21,1)=   0.0000000000000000       Fi(41,21,1)=   0.0000000000000000     
   DBG div max=  0.60434899160013422       res_p=  0.60434899160013422     
   SIMPLE iter           2  res_p=  0.60434899160013422       u(1,1,1)=  -4.9423492608079251E-003  p(1,1,1)=   81986981.388193280     
   DBG iter           3  maxU2=   1.7831237907271546E-002  maxFi=   8.9752722620056428E-006  maxFj=  0.58695702641733805       Fi(21,1,1)=  -4.0748680549739443E-007  Fi(21,21,1)=   0.0000000000000000       Fi(41,21,1)=   0.0000000000000000     
   DBG div max=  0.58695689909418991       res_p=  0.58695689909418991     
   SIMPLE iter           3  res_p=  0.58695689909418991       u(1,1,1)=  -3.9946781509367950E-003  p(1,1,1)=   81986279.539452672     
   SIMPLE iter           4  res_p=  0.58621500560001483       u(1,1,1)=  -4.3792416388619866E-003  p(1,1,1)=   81986049.124055877     
   SIMPLE iter           5  res_p=  0.59340936031340252       u(1,1,1)=  -4.5148722453624097E-003  p(1,1,1)=   81985991.437283441     
 DEBUG T iter          50 min   299.99999999999767      max   300.00000000000443     
 DEBUG T iter         100 min   299.99999999999773      max   300.00000000000472     
   SIMPLE iter         100  res_p=  0.61124865601591072       u(1,1,1)=  -4.5728604832222285E-003  p(1,1,1)=   81983952.890848532     
 DEBUG T iter         150 min   299.99999999999733      max   300.00000000000489     
 DEBUG T iter         200 min   299.99999999999716      max   300.00000000000495     
   SIMPLE iter         200  res_p=  0.61013336556635533       u(1,1,1)=  -4.5755033811179903E-003  p(1,1,1)=   81983402.605862498     
 DEBUG T iter         250 min   299.99999999999733      max   300.00000000000500     
 DEBUG T iter         300 min   299.99999999999716      max   300.00000000000489     
   SIMPLE iter         300  res_p=  0.60987763462157163       u(1,1,1)=  -4.5761417727856069E-003  p(1,1,1)=   81983276.592211604     
 DEBUG T iter         350 min   299.99999999999721      max   300.00000000000506     
 DEBUG T iter         400 min   299.99999999999727      max   300.00000000000500     
   SIMPLE iter         400  res_p=  0.60981903502585144       u(1,1,1)=  -4.5762905232935016E-003  p(1,1,1)=   81983247.741499394     
 DEBUG T iter         450 min   299.99999999999716      max   300.00000000000495     
 DEBUG T iter         500 min   299.99999999999710      max   300.00000000000489     
   SIMPLE iter         500  res_p=  0.60980561056523386       u(1,1,1)=  -4.5763248823575608E-003  p(1,1,1)=   81983241.136655256     
 DEBUG T iter         550 min   299.99999999999704      max   300.00000000000506     
 DEBUG T iter         600 min   299.99999999999733      max   300.00000000000500     
   SIMPLE iter         600  res_p=  0.60980253559901609       u(1,1,1)=  -4.5763327880023810E-003  p(1,1,1)=   81983239.624653280     
 DEBUG T iter         650 min   299.99999999999733      max   300.00000000000477     
 DEBUG T iter         700 min   299.99999999999733      max   300.00000000000489     
   SIMPLE iter         700  res_p=  0.60980183131797649       u(1,1,1)=  -4.5763345993988106E-003  p(1,1,1)=   81983239.278527990     
 DEBUG T iter         750 min   299.99999999999733      max   300.00000000000455     
 DEBUG T iter         800 min   299.99999999999716      max   300.00000000000489     
   SIMPLE iter         800  res_p=  0.60980167002152152       u(1,1,1)=  -4.5763350157642059E-003  p(1,1,1)=   81983239.199294284     
 DEBUG T iter         850 min   299.99999999999739      max   300.00000000000489     
 DEBUG T iter         900 min   299.99999999999739      max   300.00000000000477     
   SIMPLE iter         900  res_p=  0.60980163308267010       u(1,1,1)=  -4.5763351159875979E-003  p(1,1,1)=   81983239.181156442     
 DEBUG T iter         950 min   299.99999999999721      max   300.00000000000489     
 DEBUG T iter        1000 min   299.99999999999704      max   300.00000000000472     
   SIMPLE iter        1000  res_p=  0.60980162462351306       u(1,1,1)=  -4.5763351335665961E-003  p(1,1,1)=   81983239.177004397     
 DEBUG T iter        1050 min   299.99999999999716      max   300.00000000000500     
 DEBUG T iter        1100 min   299.99999999999665      max   300.00000000000483     
   SIMPLE iter        1100  res_p=  0.60980162268638827       u(1,1,1)=  -4.5763351392848883E-003  p(1,1,1)=   81983239.176053926     
 DEBUG T iter        1150 min   299.99999999999739      max   300.00000000000472     
 DEBUG T iter        1200 min   299.99999999999727      max   300.00000000000477     
   SIMPLE iter        1200  res_p=  0.60980162224281897       u(1,1,1)=  -4.5763351385328518E-003  p(1,1,1)=   81983239.175836369     
 DEBUG T iter        1250 min   299.99999999999733      max   300.00000000000500     
 DEBUG T iter        1300 min   299.99999999999744      max   300.00000000000506     
   SIMPLE iter        1300  res_p=  0.60980162214123934       u(1,1,1)=  -4.5763351397807945E-003  p(1,1,1)=   81983239.175786540     
 DEBUG T iter        1350 min   299.99999999999739      max   300.00000000000472     
 DEBUG T iter        1400 min   299.99999999999716      max   300.00000000000500     
   SIMPLE iter        1400  res_p=  0.60980162211800915       u(1,1,1)=  -4.5763351397776972E-003  p(1,1,1)=   81983239.175775141     
 DEBUG T iter        1450 min   299.99999999999733      max   300.00000000000477     
 DEBUG T iter        1500 min   299.99999999999716      max   300.00000000000483     
   SIMPLE iter        1500  res_p=  0.60980162211274602       u(1,1,1)=  -4.5763351401676474E-003  p(1,1,1)=   81983239.175772548     
 Porous solver Block           2  SIMPLE iterations:        1501  res_p:  0.60980162211274602     
 --------------Force and Moment -----------------------------
 Total Force Coefficient (CL, CD, CS) =
   0.0000000000000000        11.066477272281190        0.0000000000000000     
 Total Moment Coefficient(CMx, CMy, CMz)=
   0.0000000000000000        5.5332386361405952        3.8523964065007021E-003
 Kstep, t=          27   27.000000000000000     
 ----------The Max Residuals are--------  ---Mesh---           1
    0.3248784846E-10    0.6520445394E-11    0.7228838296E-12    0.1085260964E-20    0.1049884998E-10
   The R.M.S Residuals are 
    0.3688536671E-11    0.7666741715E-12    0.1389363822E-12    0.1587514550E-21    0.1151761020E-11
 CPU wall time in this step:   7.0820840930000202     
 Averaged CPU wall time is:   6.5752950740740745     
   DBG iter           1  maxU2=   2.6257461045440442E-002  maxFi=   6.9947473566323232E-006  maxFj=  0.40232119052791160       Fi(21,1,1)=  -4.0392771257523935E-007  Fi(21,21,1)=   0.0000000000000000       Fi(41,21,1)=   0.0000000000000000     
   DBG div max=  0.52753236129105008       res_p=  0.52753236129105008     
   SIMPLE iter           1  res_p=  0.52753236129105008       u(1,1,1)=  -6.3512930970531425E-003  p(1,1,1)=   81985933.384576455     
   DBG iter           2  maxU2=   2.6257461045440442E-002  maxFi=   9.4351495851895383E-006  maxFj=  0.58557735529218036       Fi(21,1,1)=  -4.0653607302263191E-007  Fi(21,21,1)=   0.0000000000000000       Fi(41,21,1)=   0.0000000000000000     
   DBG div max=  0.60434899159894051       res_p=  0.60434899159894051     
   SIMPLE iter           2  res_p=  0.60434899159894051       u(1,1,1)=  -4.9423492628379913E-003  p(1,1,1)=   81986981.388193846     
   DBG iter           3  maxU2=   1.7831237856635054E-002  maxFi=   8.9752722636923716E-006  maxFj=  0.58695702641591008       Fi(21,1,1)=  -4.0748680637537288E-007  Fi(21,21,1)=   0.0000000000000000       Fi(41,21,1)=   0.0000000000000000     
   DBG div max=  0.58695689909276239       res_p=  0.58695689909276239     
   SIMPLE iter           3  res_p=  0.58695689909276239       u(1,1,1)=  -3.9946781542025116E-003  p(1,1,1)=   81986279.539453238     
   SIMPLE iter           4  res_p=  0.58621500559842665       u(1,1,1)=  -4.3792416423871234E-003  p(1,1,1)=   81986049.124056458     
   SIMPLE iter           5  res_p=  0.59340936031178315       u(1,1,1)=  -4.5148722512781255E-003  p(1,1,1)=   81985991.437284023     
 DEBUG T iter          50 min   299.99999999999756      max   300.00000000000415     
 DEBUG T iter         100 min   299.99999999999721      max   300.00000000000443     
   SIMPLE iter         100  res_p=  0.61124865601532019       u(1,1,1)=  -4.5728604870683134E-003  p(1,1,1)=   81983952.890849531     
 DEBUG T iter         150 min   299.99999999999716      max   300.00000000000466     
 DEBUG T iter         200 min   299.99999999999744      max   300.00000000000460     
   SIMPLE iter         200  res_p=  0.61013336556605646       u(1,1,1)=  -4.5755033828989199E-003  p(1,1,1)=   81983402.605863616     
 DEBUG T iter         250 min   299.99999999999721      max   300.00000000000483     
 DEBUG T iter         300 min   299.99999999999710      max   300.00000000000489     
   SIMPLE iter         300  res_p=  0.60987763462133171       u(1,1,1)=  -4.5761417764632276E-003  p(1,1,1)=   81983276.592212752     
 DEBUG T iter         350 min   299.99999999999733      max   300.00000000000517     
 DEBUG T iter         400 min   299.99999999999716      max   300.00000000000472     
   SIMPLE iter         400  res_p=  0.60981903502564205       u(1,1,1)=  -4.5762905236353558E-003  p(1,1,1)=   81983247.741500542     
 DEBUG T iter         450 min   299.99999999999721      max   300.00000000000477     
 DEBUG T iter         500 min   299.99999999999739      max   300.00000000000500     
   SIMPLE iter         500  res_p=  0.60980561056501315       u(1,1,1)=  -4.5763248796876202E-003  p(1,1,1)=   81983241.136656418     
 DEBUG T iter         550 min   299.99999999999727      max   300.00000000000489     
 DEBUG T iter         600 min   299.99999999999710      max   300.00000000000477     
   SIMPLE iter         600  res_p=  0.60980253559879716       u(1,1,1)=  -4.5763327857073844E-003  p(1,1,1)=   81983239.624654442     
 DEBUG T iter         650 min   299.99999999999739      max   300.00000000000506     
 DEBUG T iter         700 min   299.99999999999721      max   300.00000000000477     
   SIMPLE iter         700  res_p=  0.60980183131775378       u(1,1,1)=  -4.5763346038929734E-003  p(1,1,1)=   81983239.278529152     
 DEBUG T iter         750 min   299.99999999999739      max   300.00000000000495     
 DEBUG T iter         800 min   299.99999999999750      max   300.00000000000483     
   SIMPLE iter         800  res_p=  0.60980167002130503       u(1,1,1)=  -4.5763350199477040E-003  p(1,1,1)=   81983239.199295446     
 DEBUG T iter         850 min   299.99999999999744      max   300.00000000000517     
 DEBUG T iter         900 min   299.99999999999710      max   300.00000000000483     
   SIMPLE iter         900  res_p=  0.60980163308245361       u(1,1,1)=  -4.5763351160319262E-003  p(1,1,1)=   81983239.181157604     
 DEBUG T iter         950 min   299.99999999999721      max   300.00000000000489     
 DEBUG T iter        1000 min   299.99999999999727      max   300.00000000000483     
   SIMPLE iter        1000  res_p=  0.60980162462329468       u(1,1,1)=  -4.5763351343712658E-003  p(1,1,1)=   81983239.177005544     
 DEBUG T iter        1050 min   299.99999999999744      max   300.00000000000483     
 DEBUG T iter        1100 min   299.99999999999733      max   300.00000000000489     
   SIMPLE iter        1100  res_p=  0.60980162268618598       u(1,1,1)=  -4.5763351402497727E-003  p(1,1,1)=   81983239.176055089     
 DEBUG T iter        1150 min   299.99999999999710      max   300.00000000000495     
 DEBUG T iter        1200 min   299.99999999999727      max   300.00000000000489     
   SIMPLE iter        1200  res_p=  0.60980162224260182       u(1,1,1)=  -4.5763351431237932E-003  p(1,1,1)=   81983239.175837517     
 DEBUG T iter        1250 min   299.99999999999716      max   300.00000000000495     
 DEBUG T iter        1300 min   299.99999999999721      max   300.00000000000489     
   SIMPLE iter        1300  res_p=  0.60980162214103895       u(1,1,1)=  -4.5763351410967107E-003  p(1,1,1)=   81983239.175787687     
 DEBUG T iter        1350 min   299.99999999999716      max   300.00000000000512     
 DEBUG T iter        1400 min   299.99999999999739      max   300.00000000000477     
   SIMPLE iter        1400  res_p=  0.60980162211779798       u(1,1,1)=  -4.5763351405821596E-003  p(1,1,1)=   81983239.175776303     
 DEBUG T iter        1450 min   299.99999999999739      max   300.00000000000472     
 DEBUG T iter        1500 min   299.99999999999721      max   300.00000000000477     
   SIMPLE iter        1500  res_p=  0.60980162211254074       u(1,1,1)=  -4.5763351413842827E-003  p(1,1,1)=   81983239.175773710     
 Porous solver Block           2  SIMPLE iterations:        1501  res_p:  0.60980162211254074     
 --------------Force and Moment -----------------------------
 Total Force Coefficient (CL, CD, CS) =
   0.0000000000000000        11.066477275540819        0.0000000000000000     
 Total Moment Coefficient(CMx, CMy, CMz)=
   0.0000000000000000        5.5332386377704097        3.8523964092007645E-003
 Kstep, t=          28   28.000000000000000     
 ----------The Max Residuals are--------  ---Mesh---           1
    0.3248243194E-10    0.6850275002E-11    0.6929803411E-12    0.9264422861E-21    0.1011579017E-10
   The R.M.S Residuals are 
    0.3662247621E-11    0.7668179085E-12    0.1349882603E-12    0.1510608861E-21    0.1107164156E-11
 CPU wall time in this step:   6.8780489179999904     
 Averaged CPU wall time is:   6.5861077113571431     
   DBG iter           1  maxU2=   2.6257461048008003E-002  maxFi=   6.9947473549866186E-006  maxFj=  0.40232119052728715       Fi(21,1,1)=  -4.0392771519133057E-007  Fi(21,21,1)=   0.0000000000000000       Fi(41,21,1)=   0.0000000000000000     
   DBG div max=  0.52753236129038383       res_p=  0.52753236129038383     
   SIMPLE iter           1  res_p=  0.52753236129038383       u(1,1,1)=  -6.3512930975120740E-003  p(1,1,1)=   81985933.384577617     
   DBG iter           2  maxU2=   2.6257461048008003E-002  maxFi=   9.4351495852662202E-006  maxFj=  0.58557735529133292       Fi(21,1,1)=  -4.0653607521643867E-007  Fi(21,21,1)=   0.0000000000000000       Fi(41,21,1)=   0.0000000000000000     
   DBG div max=  0.60434899159818078       res_p=  0.60434899159818078     
   SIMPLE iter           2  res_p=  0.60434899159818078       u(1,1,1)=  -4.9423492642350735E-003  p(1,1,1)=   81986981.388195008     
   DBG iter           3  maxU2=   1.7831237754940631E-002  maxFi=   8.9752722650002024E-006  maxFj=  0.58695702641505121       Fi(21,1,1)=  -4.0748680860854147E-007  Fi(21,21,1)=   0.0000000000000000       Fi(41,21,1)=   0.0000000000000000     
   DBG div max=  0.58695689909190374       res_p=  0.58695689909190374     
   SIMPLE iter           3  res_p=  0.58695689909190374       u(1,1,1)=  -3.9946781564817301E-003  p(1,1,1)=   81986279.539454401     
   SIMPLE iter           4  res_p=  0.58621500559750794       u(1,1,1)=  -4.3792416453668067E-003  p(1,1,1)=   81986049.124057621     
   SIMPLE iter           5  res_p=  0.59340936031084945       u(1,1,1)=  -4.5148722541143880E-003  p(1,1,1)=   81985991.437285200     
 DEBUG T iter          50 min   299.99999999999756      max   300.00000000000426     
 DEBUG T iter         100 min   299.99999999999739      max   300.00000000000466     
   SIMPLE iter         100  res_p=  0.61124865601492451       u(1,1,1)=  -4.5728604876403532E-003  p(1,1,1)=   81983952.890850902     
 DEBUG T iter         150 min   299.99999999999744      max   300.00000000000466     
 DEBUG T iter         200 min   299.99999999999716      max   300.00000000000477     
   SIMPLE iter         200  res_p=  0.61013336556583142       u(1,1,1)=  -4.5755033881457541E-003  p(1,1,1)=   81983402.605865061     
 DEBUG T iter         250 min   299.99999999999733      max   300.00000000000500     
 DEBUG T iter         300 min   299.99999999999716      max   300.00000000000466     
   SIMPLE iter         300  res_p=  0.60987763462113365       u(1,1,1)=  -4.5761417786150246E-003  p(1,1,1)=   81983276.592214212     
 DEBUG T iter         350 min   299.99999999999716      max   300.00000000000489     
 DEBUG T iter         400 min   299.99999999999733      max   300.00000000000483     
   SIMPLE iter         400  res_p=  0.60981903502545554       u(1,1,1)=  -4.5762905291568340E-003  p(1,1,1)=   81983247.741502002     
 DEBUG T iter         450 min   299.99999999999710      max   300.00000000000506     
 DEBUG T iter         500 min   299.99999999999721      max   300.00000000000489     
   SIMPLE iter         500  res_p=  0.60980561056482774       u(1,1,1)=  -4.5763248856640400E-003  p(1,1,1)=   81983241.136657879     
 DEBUG T iter         550 min   299.99999999999710      max   300.00000000000472     
 DEBUG T iter         600 min   299.99999999999739      max   300.00000000000500     
   SIMPLE iter         600  res_p=  0.60980253559863040       u(1,1,1)=  -4.5763327907229322E-003  p(1,1,1)=   81983239.624655902     
 DEBUG T iter         650 min   299.99999999999733      max   300.00000000000500     
 DEBUG T iter         700 min   299.99999999999744      max   300.00000000000489     
   SIMPLE iter         700  res_p=  0.60980183131759491       u(1,1,1)=  -4.5763346035009589E-003  p(1,1,1)=   81983239.278530613     
 DEBUG T iter         750 min   299.99999999999721      max   300.00000000000500     
 DEBUG T iter         800 min   299.99999999999727      max   300.00000000000489     
   SIMPLE iter         800  res_p=  0.60980167002113517       u(1,1,1)=  -4.5763350193190082E-003  p(1,1,1)=   81983239.199296907     
 DEBUG T iter         850 min   299.99999999999687      max   300.00000000000477     
 DEBUG T iter         900 min   299.99999999999716      max   300.00000000000495     
   SIMPLE iter         900  res_p=  0.60980163308226876       u(1,1,1)=  -4.5763351183832528E-003  p(1,1,1)=   81983239.181159064     
 DEBUG T iter         950 min   299.99999999999733      max   300.00000000000460     
 DEBUG T iter        1000 min   299.99999999999727      max   300.00000000000483     
   SIMPLE iter        1000  res_p=  0.60980162462312903       u(1,1,1)=  -4.5763351395083814E-003  p(1,1,1)=   81983239.177007020     
 DEBUG T iter        1050 min   299.99999999999727      max   300.00000000000472     
 DEBUG T iter        1100 min   299.99999999999710      max   300.00000000000477     
   SIMPLE iter        1100  res_p=  0.60980162268600369       u(1,1,1)=  -4.5763351426207754E-003  p(1,1,1)=   81983239.176056549     
 DEBUG T iter        1150 min   299.99999999999716      max   300.00000000000483     
 DEBUG T iter        1200 min   299.99999999999727      max   300.00000000000483     
   SIMPLE iter        1200  res_p=  0.60980162224241763       u(1,1,1)=  -4.5763351428571080E-003  p(1,1,1)=   81983239.175838992     
 DEBUG T iter        1250 min   299.99999999999704      max   300.00000000000506     
 DEBUG T iter        1300 min   299.99999999999693      max   300.00000000000455     
   SIMPLE iter        1300  res_p=  0.60980162214085176       u(1,1,1)=  -4.5763351464260284E-003  p(1,1,1)=   81983239.175789163     
 DEBUG T iter        1350 min   299.99999999999710      max   300.00000000000477     
 DEBUG T iter        1400 min   299.99999999999716      max   300.00000000000483     
   SIMPLE iter        1400  res_p=  0.60980162211762401       u(1,1,1)=  -4.5763351465237662E-003  p(1,1,1)=   81983239.175777778     
 DEBUG T iter        1450 min   299.99999999999721      max   300.00000000000489     
 DEBUG T iter        1500 min   299.99999999999721      max   300.00000000000483     
   SIMPLE iter        1500  res_p=  0.60980162211235545       u(1,1,1)=  -4.5763351434380426E-003  p(1,1,1)=   81983239.175775170     
 Porous solver Block           2  SIMPLE iterations:        1501  res_p:  0.60980162211235545     
 --------------Force and Moment -----------------------------
 Total Force Coefficient (CL, CD, CS) =
   0.0000000000000000        11.066477275715442        0.0000000000000000     
 Total Moment Coefficient(CMx, CMy, CMz)=
   0.0000000000000000        5.5332386378577212        3.8523964117302967E-003
 Kstep, t=          29   29.000000000000000     
 ----------The Max Residuals are--------  ---Mesh---           1
    0.3226118448E-10    0.6950438608E-11    0.7955033117E-12    0.1085260964E-20    0.9927194064E-11
   The R.M.S Residuals are 
    0.3608100055E-11    0.7448213534E-12    0.1326605132E-12    0.1621039522E-21    0.1088626471E-11
 CPU wall time in this step:   7.1117141619999984     
 Averaged CPU wall time is:   6.6042320717241383     
   DBG iter           1  maxU2=   2.6257461048096089E-002  maxFi=   6.9947473550013765E-006  maxFj=  0.40232119052709719       Fi(21,1,1)=  -4.0392771787484635E-007  Fi(21,21,1)=   0.0000000000000000       Fi(41,21,1)=   0.0000000000000000     
   DBG div max=  0.52753236129019021       res_p=  0.52753236129019021     
   SIMPLE iter           1  res_p=  0.52753236129019021       u(1,1,1)=  -6.3512930983751718E-003  p(1,1,1)=   81985933.384579077     
   DBG iter           2  maxU2=   2.6257461048096089E-002  maxFi=   9.4351495852724781E-006  maxFj=  0.58557735529107757       Fi(21,1,1)=  -4.0653607789667500E-007  Fi(21,21,1)=   0.0000000000000000       Fi(41,21,1)=   0.0000000000000000     
   DBG div max=  0.60434899159796263       res_p=  0.60434899159796263     
   SIMPLE iter           2  res_p=  0.60434899159796263       u(1,1,1)=  -4.9423492651538949E-003  p(1,1,1)=   81986981.388196483     
   DBG iter           3  maxU2=   1.7831237625994218E-002  maxFi=   8.9752722650057589E-006  maxFj=  0.58695702641479519       Fi(21,1,1)=  -4.0748681258332463E-007  Fi(21,21,1)=   0.0000000000000000       Fi(41,21,1)=   0.0000000000000000     
   DBG div max=  0.58695689909164794       res_p=  0.58695689909164794     
   SIMPLE iter           3  res_p=  0.58695689909164794       u(1,1,1)=  -3.9946781610508356E-003  p(1,1,1)=   81986279.539455876     
   SIMPLE iter           4  res_p=  0.58621500559721795       u(1,1,1)=  -4.3792416492703795E-003  p(1,1,1)=   81986049.124059081     
   SIMPLE iter           5  res_p=  0.59340936031056180       u(1,1,1)=  -4.5148722521599453E-003  p(1,1,1)=   81985991.437286660     
 DEBUG T iter          50 min   299.99999999999739      max   300.00000000000415     
 DEBUG T iter         100 min   299.99999999999739      max   300.00000000000460     
   SIMPLE iter         100  res_p=  0.61124865601474565       u(1,1,1)=  -4.5728604929093763E-003  p(1,1,1)=   81983952.890852407     
 DEBUG T iter         150 min   299.99999999999710      max   300.00000000000500     
 DEBUG T iter         200 min   299.99999999999704      max   300.00000000000512     
   SIMPLE iter         200  res_p=  0.61013336556569087       u(1,1,1)=  -4.5755033880389446E-003  p(1,1,1)=   81983402.605866566     
 DEBUG T iter         250 min   299.99999999999727      max   300.00000000000500     
 DEBUG T iter         300 min   299.99999999999733      max   300.00000000000483     
   SIMPLE iter         300  res_p=  0.60987763462099742       u(1,1,1)=  -4.5761417822913564E-003  p(1,1,1)=   81983276.592215717     
 DEBUG T iter         350 min   299.99999999999721      max   300.00000000000489     
 DEBUG T iter         400 min   299.99999999999721      max   300.00000000000495     
   SIMPLE iter         400  res_p=  0.60981903502532109       u(1,1,1)=  -4.5762905288134698E-003  p(1,1,1)=   81983247.741503522     
 DEBUG T iter         450 min   299.99999999999739      max   300.00000000000483     
 DEBUG T iter         500 min   299.99999999999716      max   300.00000000000512     
   SIMPLE iter         500  res_p=  0.60980561056469640       u(1,1,1)=  -4.5763248857073040E-003  p(1,1,1)=   81983241.136659399     
 DEBUG T iter         550 min   299.99999999999710      max   300.00000000000506     
 DEBUG T iter         600 min   299.99999999999733      max   300.00000000000483     
   SIMPLE iter         600  res_p=  0.60980253559847852       u(1,1,1)=  -4.5763327906131988E-003  p(1,1,1)=   81983239.624657407     
 DEBUG T iter         650 min   299.99999999999744      max   300.00000000000500     
 DEBUG T iter         700 min   299.99999999999716      max   300.00000000000517     
   SIMPLE iter         700  res_p=  0.60980183131745802       u(1,1,1)=  -4.5763346062226628E-003  p(1,1,1)=   81983239.278532133     
 DEBUG T iter         750 min   299.99999999999727      max   300.00000000000512     
 DEBUG T iter         800 min   299.99999999999670      max   300.00000000000495     
   SIMPLE iter         800  res_p=  0.60980167002099950       u(1,1,1)=  -4.5763350229370446E-003  p(1,1,1)=   81983239.199298412     
 DEBUG T iter         850 min   299.99999999999687      max   300.00000000000483     
 DEBUG T iter         900 min   299.99999999999744      max   300.00000000000489     
   SIMPLE iter         900  res_p=  0.60980163308213731       u(1,1,1)=  -4.5763351187650004E-003  p(1,1,1)=   81983239.181160584     
 DEBUG T iter         950 min   299.99999999999733      max   300.00000000000472     
 DEBUG T iter        1000 min   299.99999999999721      max   300.00000000000477     
   SIMPLE iter        1000  res_p=  0.60980162462298015       u(1,1,1)=  -4.5763351400705237E-003  p(1,1,1)=   81983239.177008525     
 DEBUG T iter        1050 min   299.99999999999739      max   300.00000000000483     
 DEBUG T iter        1100 min   299.99999999999710      max   300.00000000000489     
   SIMPLE iter        1100  res_p=  0.60980162268586502       u(1,1,1)=  -4.5763351427294957E-003  p(1,1,1)=   81983239.176058054     
 DEBUG T iter        1150 min   299.99999999999721      max   300.00000000000506     
 DEBUG T iter        1200 min   299.99999999999733      max   300.00000000000489     
   SIMPLE iter        1200  res_p=  0.60980162224228751       u(1,1,1)=  -4.5763351463884256E-003  p(1,1,1)=   81983239.175840497     
 DEBUG T iter        1250 min   299.99999999999727      max   300.00000000000495     
 DEBUG T iter        1300 min   299.99999999999710      max   300.00000000000472     
   SIMPLE iter        1300  res_p=  0.60980162214071976       u(1,1,1)=  -4.5763351459367201E-003  p(1,1,1)=   81983239.175790668     
 DEBUG T iter        1350 min   299.99999999999727      max   300.00000000000500     
 DEBUG T iter        1400 min   299.99999999999721      max   300.00000000000489     
   SIMPLE iter        1400  res_p=  0.60980162211748712       u(1,1,1)=  -4.5763351459977937E-003  p(1,1,1)=   81983239.175779283     
 DEBUG T iter        1450 min   299.99999999999704      max   300.00000000000489     
 DEBUG T iter        1500 min   299.99999999999727      max   300.00000000000500     
   SIMPLE iter        1500  res_p=  0.60980162211221256       u(1,1,1)=  -4.5763351461677766E-003  p(1,1,1)=   81983239.175776690     
 Porous solver Block           2  SIMPLE iterations:        1501  res_p:  0.60980162211221256     
 --------------Force and Moment -----------------------------
 Total Force Coefficient (CL, CD, CS) =
   0.0000000000000000        11.066477274260251        0.0000000000000000     
 Total Moment Coefficient(CMx, CMy, CMz)=
   0.0000000000000000        5.5332386371301254        3.8523964140466660E-003
 Kstep, t=          30   30.000000000000000     
 ----------The Max Residuals are--------  ---Mesh---           1
    0.3185197242E-10    0.6849721388E-11    0.8822627958E-12    0.9264422861E-21    0.9869130455E-11
   The R.M.S Residuals are 
    0.3532275591E-11    0.7056128355E-12    0.1309448621E-12    0.1530621427E-21    0.1091443828E-11
 CPU wall time in this step:   7.0712600589999965     
 Averaged CPU wall time is:   6.6197996713000000     
   DBG iter           1  maxU2=   2.6257461047994306E-002  maxFi=   6.9947473550067577E-006  maxFj=  0.40232119052724025       Fi(21,1,1)=  -4.0392771890737893E-007  Fi(21,21,1)=   0.0000000000000000       Fi(41,21,1)=   0.0000000000000000     
   DBG div max=  0.52753236129029035       res_p=  0.52753236129029035     
   SIMPLE iter           1  res_p=  0.52753236129029035       u(1,1,1)=  -6.3512930994457208E-003  p(1,1,1)=   81985933.384580597     
   DBG iter           2  maxU2=   2.6257461047994306E-002  maxFi=   9.4351495852746838E-006  maxFj=  0.58557735529125188       Fi(21,1,1)=  -4.0653607934867243E-007  Fi(21,21,1)=   0.0000000000000000       Fi(41,21,1)=   0.0000000000000000     
   DBG div max=  0.60434899159808353       res_p=  0.60434899159808353     
   SIMPLE iter           2  res_p=  0.60434899159808353       u(1,1,1)=  -4.9423492667801921E-003  p(1,1,1)=   81986981.388198003     
   DBG iter           3  maxU2=   1.7831237484570946E-002  maxFi=   8.9752722637099222E-006  maxFj=  0.58695702641497782       Fi(21,1,1)=  -4.0748681399754121E-007  Fi(21,21,1)=   0.0000000000000000       Fi(41,21,1)=   0.0000000000000000     
   DBG div max=  0.58695689909183069       res_p=  0.58695689909183069     
   SIMPLE iter           3  res_p=  0.58695689909183069       u(1,1,1)=  -3.9946781642343655E-003  p(1,1,1)=   81986279.539457381     
   SIMPLE iter           4  res_p=  0.58621500559744522       u(1,1,1)=  -4.3792416493503086E-003  p(1,1,1)=   81986049.124060601     
   SIMPLE iter           5  res_p=  0.59340936031078728       u(1,1,1)=  -4.5148722582744024E-003  p(1,1,1)=   81985991.437288180     
 DEBUG T iter          50 min   299.99999999999756      max   300.00000000000415     
 DEBUG T iter         100 min   299.99999999999744      max   300.00000000000460     
   SIMPLE iter         100  res_p=  0.61124865601473255       u(1,1,1)=  -4.5728604957053047E-003  p(1,1,1)=   81983952.890853807     
 DEBUG T iter         150 min   299.99999999999721      max   300.00000000000466     
 DEBUG T iter         200 min   299.99999999999727      max   300.00000000000472     
   SIMPLE iter         200  res_p=  0.61013336556560993       u(1,1,1)=  -4.5755033908691416E-003  p(1,1,1)=   81983402.605867937     
 DEBUG T iter         250 min   299.99999999999744      max   300.00000000000477     
 DEBUG T iter         300 min   299.99999999999721      max   300.00000000000495     
   SIMPLE iter         300  res_p=  0.60987763462092781       u(1,1,1)=  -4.5761417850442316E-003  p(1,1,1)=   81983276.592217073     
 DEBUG T iter         350 min   299.99999999999699      max   300.00000000000500     
 DEBUG T iter         400 min   299.99999999999733      max   300.00000000000472     
   SIMPLE iter         400  res_p=  0.60981903502523349       u(1,1,1)=  -4.5762905313645654E-003  p(1,1,1)=   81983247.741504878     
 DEBUG T iter         450 min   299.99999999999727      max   300.00000000000495     
 DEBUG T iter         500 min   299.99999999999727      max   300.00000000000477     
   SIMPLE iter         500  res_p=  0.60980561056461280       u(1,1,1)=  -4.5763248883571193E-003  p(1,1,1)=   81983241.136660755     
 DEBUG T iter         550 min   299.99999999999727      max   300.00000000000472     
 DEBUG T iter         600 min   299.99999999999739      max   300.00000000000472     
   SIMPLE iter         600  res_p=  0.60980253559839215       u(1,1,1)=  -4.5763327932352047E-003  p(1,1,1)=   81983239.624658778     
 DEBUG T iter         650 min   299.99999999999710      max   300.00000000000483     
 DEBUG T iter         700 min   299.99999999999699      max   300.00000000000477     
   SIMPLE iter         700  res_p=  0.60980183131735233       u(1,1,1)=  -4.5763346082076297E-003  p(1,1,1)=   81983239.278533489     
 DEBUG T iter         750 min   299.99999999999687      max   300.00000000000472     
 DEBUG T iter         800 min   299.99999999999727      max   300.00000000000512     
   SIMPLE iter         800  res_p=  0.60980167002090102       u(1,1,1)=  -4.5763350255257516E-003  p(1,1,1)=   81983239.199299783     
 DEBUG T iter         850 min   299.99999999999704      max   300.00000000000483     
 DEBUG T iter         900 min   299.99999999999727      max   300.00000000000466     
   SIMPLE iter         900  res_p=  0.60980163308204538       u(1,1,1)=  -4.5763351210270538E-003  p(1,1,1)=   81983239.181161940     
 DEBUG T iter         950 min   299.99999999999733      max   300.00000000000472     
 DEBUG T iter        1000 min   299.99999999999727      max   300.00000000000495     
   SIMPLE iter        1000  res_p=  0.60980162462287457       u(1,1,1)=  -4.5763351427335021E-003  p(1,1,1)=   81983239.177009881     
 DEBUG T iter        1050 min   299.99999999999739      max   300.00000000000500     
 DEBUG T iter        1100 min   299.99999999999733      max   300.00000000000472     
   SIMPLE iter        1100  res_p=  0.60980162268576654       u(1,1,1)=  -4.5763351456685232E-003  p(1,1,1)=   81983239.176059410     
 DEBUG T iter        1150 min   299.99999999999710      max   300.00000000000500     
 DEBUG T iter        1200 min   299.99999999999710      max   300.00000000000477     
   SIMPLE iter        1200  res_p=  0.60980162224219803       u(1,1,1)=  -4.5763351485009415E-003  p(1,1,1)=   81983239.175841868     
 DEBUG T iter        1250 min   299.99999999999716      max   300.00000000000489     
 DEBUG T iter        1300 min   299.99999999999716      max   300.00000000000483     
   SIMPLE iter        1300  res_p=  0.60980162214063327       u(1,1,1)=  -4.5763351495174366E-003  p(1,1,1)=   81983239.175792024     
 DEBUG T iter        1350 min   299.99999999999727      max   300.00000000000495     
 DEBUG T iter        1400 min   299.99999999999721      max   300.00000000000523     
   SIMPLE iter        1400  res_p=  0.60980162211739597       u(1,1,1)=  -4.5763351496604654E-003  p(1,1,1)=   81983239.175780639     
 DEBUG T iter        1450 min   299.99999999999716      max   300.00000000000495     
 DEBUG T iter        1500 min   299.99999999999716      max   300.00000000000472     
   SIMPLE iter        1500  res_p=  0.60980162211212197       u(1,1,1)=  -4.5763351491018827E-003  p(1,1,1)=   81983239.175778046     
 Porous solver Block           2  SIMPLE iterations:        1501  res_p:  0.60980162211212197     
 --------------Force and Moment -----------------------------
 Total Force Coefficient (CL, CD, CS) =
   0.0000000000000000        11.066477272601333        0.0000000000000000     
 Total Moment Coefficient(CMx, CMy, CMz)=
   0.0000000000000000        5.5332386363006663        3.8523964162777702E-003
 Kstep, t=          31   31.000000000000000     
 ----------The Max Residuals are--------  ---Mesh---           1
    0.3130005682E-10    0.6594290274E-11    0.9326094042E-12    0.1085260964E-20    0.9899930322E-11
   The R.M.S Residuals are 
    0.3442245738E-11    0.6553334586E-12    0.1286561436E-12    0.1577560635E-21    0.1109013747E-11
 CPU wall time in this step:   7.1403800269999920     
 Averaged CPU wall time is:   6.6365925859999999     
   DBG iter           1  maxU2=   2.6257461044546973E-002  maxFi=   6.9947473566667195E-006  maxFj=  0.40232119052766696       Fi(21,1,1)=  -4.0392772324717807E-007  Fi(21,21,1)=   0.0000000000000000       Fi(41,21,1)=   0.0000000000000000     
   DBG div max=  0.52753236129071290       res_p=  0.52753236129071290     
   SIMPLE iter           1  res_p=  0.52753236129071290       u(1,1,1)=  -6.3512931005350031E-003  p(1,1,1)=   81985933.384581968     
   DBG iter           2  maxU2=   2.6257461044546973E-002  maxFi=   9.4351495865067304E-006  maxFj=  0.58557735529181021       Fi(21,1,1)=  -4.0653608237116620E-007  Fi(21,21,1)=   0.0000000000000000       Fi(41,21,1)=   0.0000000000000000     
   DBG div max=  0.60434899159858235       res_p=  0.60434899159858235     
   SIMPLE iter           2  res_p=  0.60434899159858235       u(1,1,1)=  -4.9423492716807668E-003  p(1,1,1)=   81986981.388199359     
   DBG iter           3  maxU2=   1.7831237341936895E-002  maxFi=   8.9752722649722469E-006  maxFj=  0.58695702641556202       Fi(21,1,1)=  -4.0748681575522812E-007  Fi(21,21,1)=   0.0000000000000000       Fi(41,21,1)=   0.0000000000000000     
   DBG div max=  0.58695689909241489       res_p=  0.58695689909241489     
   SIMPLE iter           3  res_p=  0.58695689909241489       u(1,1,1)=  -3.9946781670600002E-003  p(1,1,1)=   81986279.539458737     
   SIMPLE iter           4  res_p=  0.58621500559808526       u(1,1,1)=  -4.3792416517398720E-003  p(1,1,1)=   81986049.124061942     
   SIMPLE iter           5  res_p=  0.59340936031143521       u(1,1,1)=  -4.5148722577410772E-003  p(1,1,1)=   81985991.437289521     
 DEBUG T iter          50 min   299.99999999999767      max   300.00000000000472     
 DEBUG T iter         100 min   299.99999999999756      max   300.00000000000483     
   SIMPLE iter         100  res_p=  0.61124865601487133       u(1,1,1)=  -4.5728604972941015E-003  p(1,1,1)=   81983952.890854955     
 DEBUG T iter         150 min   299.99999999999721      max   300.00000000000483     
 DEBUG T iter         200 min   299.99999999999733      max   300.00000000000489     
   SIMPLE iter         200  res_p=  0.61013336556558950       u(1,1,1)=  -4.5755033930522842E-003  p(1,1,1)=   81983402.605869025     
 DEBUG T iter         250 min   299.99999999999733      max   300.00000000000483     
 DEBUG T iter         300 min   299.99999999999716      max   300.00000000000483     
   SIMPLE iter         300  res_p=  0.60987763462087141       u(1,1,1)=  -4.5761417866859505E-003  p(1,1,1)=   81983276.592218146     
 DEBUG T iter         350 min   299.99999999999721      max   300.00000000000500     
 DEBUG T iter         400 min   299.99999999999721      max   300.00000000000506     
   SIMPLE iter         400  res_p=  0.60981903502517520       u(1,1,1)=  -4.5762905343054378E-003  p(1,1,1)=   81983247.741505951     
 DEBUG T iter         450 min   299.99999999999682      max   300.00000000000483     
 DEBUG T iter         500 min   299.99999999999727      max   300.00000000000483     
   SIMPLE iter         500  res_p=  0.60980561056454985       u(1,1,1)=  -4.5763248899896710E-003  p(1,1,1)=   81983241.136661828     
 DEBUG T iter         550 min   299.99999999999716      max   300.00000000000472     
 DEBUG T iter         600 min   299.99999999999710      max   300.00000000000500     
   SIMPLE iter         600  res_p=  0.60980253559835185       u(1,1,1)=  -4.5763327953373071E-003  p(1,1,1)=   81983239.624659836     
 DEBUG T iter         650 min   299.99999999999739      max   300.00000000000489     
 DEBUG T iter         700 min   299.99999999999699      max   300.00000000000477     
   SIMPLE iter         700  res_p=  0.60980183131729770       u(1,1,1)=  -4.5763346101209421E-003  p(1,1,1)=   81983239.278534546     
 DEBUG T iter         750 min   299.99999999999704      max   300.00000000000466     
 DEBUG T iter         800 min   299.99999999999727      max   300.00000000000466     
   SIMPLE iter         800  res_p=  0.60980167002085672       u(1,1,1)=  -4.5763350271171323E-003  p(1,1,1)=   81983239.199300840     
 DEBUG T iter         850 min   299.99999999999733      max   300.00000000000489     
 DEBUG T iter         900 min   299.99999999999727      max   300.00000000000489     
   SIMPLE iter         900  res_p=  0.60980163308198954       u(1,1,1)=  -4.5763351234837006E-003  p(1,1,1)=   81983239.181163013     
 DEBUG T iter         950 min   299.99999999999716      max   300.00000000000477     
 DEBUG T iter        1000 min   299.99999999999710      max   300.00000000000489     
   SIMPLE iter        1000  res_p=  0.60980162462283549       u(1,1,1)=  -4.5763351442891596E-003  p(1,1,1)=   81983239.177010953     
 DEBUG T iter        1050 min   299.99999999999733      max   300.00000000000506     
 DEBUG T iter        1100 min   299.99999999999721      max   300.00000000000489     
   SIMPLE iter        1100  res_p=  0.60980162268570526       u(1,1,1)=  -4.5763351504961016E-003  p(1,1,1)=   81983239.176060483     
 DEBUG T iter        1150 min   299.99999999999750      max   300.00000000000483     
 DEBUG T iter        1200 min   299.99999999999727      max   300.00000000000483     
   SIMPLE iter        1200  res_p=  0.60980162224213608       u(1,1,1)=  -4.5763351503408361E-003  p(1,1,1)=   81983239.175842926     
 DEBUG T iter        1250 min   299.99999999999716      max   300.00000000000495     
 DEBUG T iter        1300 min   299.99999999999710      max   300.00000000000477     
   SIMPLE iter        1300  res_p=  0.60980162214057199       u(1,1,1)=  -4.5763351502427080E-003  p(1,1,1)=   81983239.175793096     
 DEBUG T iter        1350 min   299.99999999999710      max   300.00000000000495     
 DEBUG T iter        1400 min   299.99999999999733      max   300.00000000000506     
   SIMPLE iter        1400  res_p=  0.60980162211733757       u(1,1,1)=  -4.5763351505662539E-003  p(1,1,1)=   81983239.175781712     
 DEBUG T iter        1450 min   299.99999999999710      max   300.00000000000489     
 DEBUG T iter        1500 min   299.99999999999704      max   300.00000000000500     
   SIMPLE iter        1500  res_p=  0.60980162211206723       u(1,1,1)=  -4.5763351513483539E-003  p(1,1,1)=   81983239.175779104     
 Porous solver Block           2  SIMPLE iterations:        1501  res_p:  0.60980162211206723     
 --------------Force and Moment -----------------------------
 Total Force Coefficient (CL, CD, CS) =
   0.0000000000000000        11.066477271233452        0.0000000000000000     
 Total Moment Coefficient(CMx, CMy, CMz)=
   0.0000000000000000        5.5332386356167262        3.8523964180399162E-003
 Kstep, t=          32   32.000000000000000     
 ----------The Max Residuals are--------  ---Mesh---           1
    0.3065935244E-10    0.6238924511E-11    0.9471542474E-12    0.1323488980E-20    0.9973977742E-11
   The R.M.S Residuals are 
    0.3345754879E-11    0.6002781463E-12    0.1249818276E-12    0.1607835234E-21    0.1134228574E-11
 CPU wall time in this step:   7.1584542140000167     
 Averaged CPU wall time is:   6.6529007618750002     
   DBG iter           1  maxU2=   2.6257461047445071E-002  maxFi=   6.9947473550012579E-006  maxFj=  0.40232119052823434       Fi(21,1,1)=  -4.0392772551782475E-007  Fi(21,21,1)=   0.0000000000000000       Fi(41,21,1)=   0.0000000000000000     
   DBG div max=  0.52753236129125525       res_p=  0.52753236129125525     
   SIMPLE iter           1  res_p=  0.52753236129125525       u(1,1,1)=  -6.3512931010439814E-003  p(1,1,1)=   81985933.384583026     
   DBG iter           2  maxU2=   2.6257461047445071E-002  maxFi=   9.4351495835430401E-006  maxFj=  0.58557735529255062       Fi(21,1,1)=  -4.0653608636187262E-007  Fi(21,21,1)=   0.0000000000000000       Fi(41,21,1)=   0.0000000000000000     
   DBG div max=  0.60434899159917921       res_p=  0.60434899159917921     
   SIMPLE iter           2  res_p=  0.60434899159917921       u(1,1,1)=  -4.9423492688366539E-003  p(1,1,1)=   81986981.388200432     
   DBG iter           3  maxU2=   1.7831237207029366E-002  maxFi=   8.9752722633423810E-006  maxFj=  0.58695702641630376       Fi(21,1,1)=  -4.0748681965998240E-007  Fi(21,21,1)=   0.0000000000000000       Fi(41,21,1)=   0.0000000000000000     
   DBG div max=  0.58695689909315663       res_p=  0.58695689909315663     
   SIMPLE iter           3  res_p=  0.58695689909315663       u(1,1,1)=  -3.9946781673669812E-003  p(1,1,1)=   81986279.539459810     
   SIMPLE iter           4  res_p=  0.58621500559891593       u(1,1,1)=  -4.3792416528427086E-003  p(1,1,1)=   81986049.124063015     
   SIMPLE iter           5  res_p=  0.59340936031229219       u(1,1,1)=  -4.5148722590887492E-003  p(1,1,1)=   81985991.437290579     
 DEBUG T iter          50 min   299.99999999999756      max   300.00000000000415     
 DEBUG T iter         100 min   299.99999999999733      max   300.00000000000449     
   SIMPLE iter         100  res_p=  0.61124865601509371       u(1,1,1)=  -4.5728604980034724E-003  p(1,1,1)=   81983952.890855774     
 DEBUG T iter         150 min   299.99999999999721      max   300.00000000000472     
 DEBUG T iter         200 min   299.99999999999716      max   300.00000000000477     
   SIMPLE iter         200  res_p=  0.61013336556563569       u(1,1,1)=  -4.5755033962836845E-003  p(1,1,1)=   81983402.605869755     
 DEBUG T iter         250 min   299.99999999999699      max   300.00000000000512     
 DEBUG T iter         300 min   299.99999999999716      max   300.00000000000477     
   SIMPLE iter         300  res_p=  0.60987763462086841       u(1,1,1)=  -4.5761417861311217E-003  p(1,1,1)=   81983276.592218861     
 DEBUG T iter         350 min   299.99999999999733      max   300.00000000000477     
 DEBUG T iter         400 min   299.99999999999704      max   300.00000000000483     
   SIMPLE iter         400  res_p=  0.60981903502515655       u(1,1,1)=  -4.5762905363269267E-003  p(1,1,1)=   81983247.741506651     
 DEBUG T iter         450 min   299.99999999999716      max   300.00000000000495     
 DEBUG T iter         500 min   299.99999999999727      max   300.00000000000483     
   SIMPLE iter         500  res_p=  0.60980561056453120       u(1,1,1)=  -4.5763248905488756E-003  p(1,1,1)=   81983241.136662528     
 DEBUG T iter         550 min   299.99999999999721      max   300.00000000000506     
 DEBUG T iter         600 min   299.99999999999727      max   300.00000000000500     
   SIMPLE iter         600  res_p=  0.60980253559832898       u(1,1,1)=  -4.5763328011866715E-003  p(1,1,1)=   81983239.624660552     
 DEBUG T iter         650 min   299.99999999999733      max   300.00000000000495     
 DEBUG T iter         700 min   299.99999999999733      max   300.00000000000483     
   SIMPLE iter         700  res_p=  0.60980183131728027       u(1,1,1)=  -4.5763346136042026E-003  p(1,1,1)=   81983239.278535262     
 DEBUG T iter         750 min   299.99999999999710      max   300.00000000000477     
 DEBUG T iter         800 min   299.99999999999744      max   300.00000000000495     
   SIMPLE iter         800  res_p=  0.60980167002081997       u(1,1,1)=  -4.5763350302746950E-003  p(1,1,1)=   81983239.199301556     
 DEBUG T iter         850 min   299.99999999999704      max   300.00000000000477     
 DEBUG T iter         900 min   299.99999999999733      max   300.00000000000483     
   SIMPLE iter         900  res_p=  0.60980163308196789       u(1,1,1)=  -4.5763351234132067E-003  p(1,1,1)=   81983239.181163713     
 DEBUG T iter         950 min   299.99999999999744      max   300.00000000000512     
 DEBUG T iter        1000 min   299.99999999999727      max   300.00000000000489     
   SIMPLE iter        1000  res_p=  0.60980162462281562       u(1,1,1)=  -4.5763351445038168E-003  p(1,1,1)=   81983239.177011669     
 DEBUG T iter        1050 min   299.99999999999733      max   300.00000000000472     
 DEBUG T iter        1100 min   299.99999999999727      max   300.00000000000523     
   SIMPLE iter        1100  res_p=  0.60980162268568960       u(1,1,1)=  -4.5763351503506234E-003  p(1,1,1)=   81983239.176061183     
 DEBUG T iter        1150 min   299.99999999999727      max   300.00000000000523     
 DEBUG T iter        1200 min   299.99999999999716      max   300.00000000000495     
   SIMPLE iter        1200  res_p=  0.60980162224212353       u(1,1,1)=  -4.5763351536929420E-003  p(1,1,1)=   81983239.175843641     
 DEBUG T iter        1250 min   299.99999999999733      max   300.00000000000495     
 DEBUG T iter        1300 min   299.99999999999727      max   300.00000000000517     
   SIMPLE iter        1300  res_p=  0.60980162214055578       u(1,1,1)=  -4.5763351513754243E-003  p(1,1,1)=   81983239.175793797     
 DEBUG T iter        1350 min   299.99999999999727      max   300.00000000000500     
 DEBUG T iter        1400 min   299.99999999999739      max   300.00000000000489     
   SIMPLE iter        1400  res_p=  0.60980162211732436       u(1,1,1)=  -4.5763351514409596E-003  p(1,1,1)=   81983239.175782412     
 DEBUG T iter        1450 min   299.99999999999710      max   300.00000000000495     
 DEBUG T iter        1500 min   299.99999999999733      max   300.00000000000483     
   SIMPLE iter        1500  res_p=  0.60980162211204436       u(1,1,1)=  -4.5763351512192289E-003  p(1,1,1)=   81983239.175779819     
 Porous solver Block           2  SIMPLE iterations:        1501  res_p:  0.60980162211204436     
 --------------Force and Moment -----------------------------
 Total Force Coefficient (CL, CD, CS) =
   0.0000000000000000        11.066477271117037        0.0000000000000000     
 Total Moment Coefficient(CMx, CMy, CMz)=
   0.0000000000000000        5.5332386355585186        3.8523964196741645E-003
 Kstep, t=          33   33.000000000000000     
 ----------The Max Residuals are--------  ---Mesh---           1
    0.2998442385E-10    0.5838993040E-11    0.9374356217E-12    0.1058791184E-20    0.1014749567E-10
   The R.M.S Residuals are 
    0.3249977465E-11    0.5461083343E-12    0.1196846552E-12    0.1669887159E-21    0.1160658071E-11
 CPU wall time in this step:   7.0598809969999934     
 Averaged CPU wall time is:   6.6652334962727275     
   DBG iter           1  maxU2=   2.6257461046762236E-002  maxFi=   6.9947473549882060E-006  maxFj=  0.40232119052887022       Fi(21,1,1)=  -4.0392772647432294E-007  Fi(21,21,1)=   0.0000000000000000       Fi(41,21,1)=   0.0000000000000000     
   DBG div max=  0.52753236129189973       res_p=  0.52753236129189973     
   SIMPLE iter           1  res_p=  0.52753236129189973       u(1,1,1)=  -6.3512930993363317E-003  p(1,1,1)=   81985933.384583741     
   DBG iter           2  maxU2=   2.6257461046762236E-002  maxFi=   9.4351495852539806E-006  maxFj=  0.58557735529337884       Fi(21,1,1)=  -4.0653608690061279E-007  Fi(21,21,1)=   0.0000000000000000       Fi(41,21,1)=   0.0000000000000000     
   DBG div max=  0.60434899159987243       res_p=  0.60434899159987243     
   SIMPLE iter           2  res_p=  0.60434899159987243       u(1,1,1)=  -4.9423492697552697E-003  p(1,1,1)=   81986981.388201132     
   DBG iter           3  maxU2=   1.7831237081663322E-002  maxFi=   8.9752722636837048E-006  maxFj=  0.58695702641714520       Fi(21,1,1)=  -4.0748682066868525E-007  Fi(21,21,1)=   0.0000000000000000       Fi(41,21,1)=   0.0000000000000000     
   DBG div max=  0.58695689909399795       res_p=  0.58695689909399795     
   SIMPLE iter           3  res_p=  0.58695689909399795       u(1,1,1)=  -3.9946781670222344E-003  p(1,1,1)=   81986279.539460510     
   SIMPLE iter           4  res_p=  0.58621500559984741       u(1,1,1)=  -4.3792416523332550E-003  p(1,1,1)=   81986049.124063715     
   SIMPLE iter           5  res_p=  0.59340936031323754       u(1,1,1)=  -4.5148722586174674E-003  p(1,1,1)=   81985991.437291279     
 DEBUG T iter          50 min   299.99999999999767      max   300.00000000000432     
 DEBUG T iter         100 min   299.99999999999721      max   300.00000000000455     
   SIMPLE iter         100  res_p=  0.61124865601535450       u(1,1,1)=  -4.5728604968951888E-003  p(1,1,1)=   81983952.890856206     
 DEBUG T iter         150 min   299.99999999999733      max   300.00000000000477     
 DEBUG T iter         200 min   299.99999999999710      max   300.00000000000483     
   SIMPLE iter         200  res_p=  0.61013336556569642       u(1,1,1)=  -4.5755033944781280E-003  p(1,1,1)=   81983402.605870113     
 DEBUG T iter         250 min   299.99999999999721      max   300.00000000000512     
 DEBUG T iter         300 min   299.99999999999716      max   300.00000000000512     
   SIMPLE iter         300  res_p=  0.60987763462087663       u(1,1,1)=  -4.5761417876494914E-003  p(1,1,1)=   81983276.592219204     
 DEBUG T iter         350 min   299.99999999999739      max   300.00000000000506     
 DEBUG T iter         400 min   299.99999999999727      max   300.00000000000489     
   SIMPLE iter         400  res_p=  0.60981903502516122       u(1,1,1)=  -4.5762905354437087E-003  p(1,1,1)=   81983247.741506994     
 DEBUG T iter         450 min   299.99999999999710      max   300.00000000000489     
 DEBUG T iter         500 min   299.99999999999710      max   300.00000000000477     
   SIMPLE iter         500  res_p=  0.60980561056453952       u(1,1,1)=  -4.5763248947364808E-003  p(1,1,1)=   81983241.136662856     
 DEBUG T iter         550 min   299.99999999999699      max   300.00000000000495     
 DEBUG T iter         600 min   299.99999999999716      max   300.00000000000489     
   SIMPLE iter         600  res_p=  0.60980253559832109       u(1,1,1)=  -4.5763328005503532E-003  p(1,1,1)=   81983239.624660879     
 DEBUG T iter         650 min   299.99999999999704      max   300.00000000000489     
 DEBUG T iter         700 min   299.99999999999733      max   300.00000000000517     
   SIMPLE iter         700  res_p=  0.60980183131728316       u(1,1,1)=  -4.5763346123179382E-003  p(1,1,1)=   81983239.278535590     
 DEBUG T iter         750 min   299.99999999999733      max   300.00000000000500     
 DEBUG T iter         800 min   299.99999999999727      max   300.00000000000483     
   SIMPLE iter         800  res_p=  0.60980167002082830       u(1,1,1)=  -4.5763350291809588E-003  p(1,1,1)=   81983239.199301884     
 DEBUG T iter         850 min   299.99999999999739      max   300.00000000000495     
 DEBUG T iter         900 min   299.99999999999721      max   300.00000000000483     
   SIMPLE iter         900  res_p=  0.60980163308197455       u(1,1,1)=  -4.5763351286362769E-003  p(1,1,1)=   81983239.181164041     
 DEBUG T iter         950 min   299.99999999999733      max   300.00000000000517     
 DEBUG T iter        1000 min   299.99999999999721      max   300.00000000000500     
   SIMPLE iter        1000  res_p=  0.60980162462281629       u(1,1,1)=  -4.5763351458417275E-003  p(1,1,1)=   81983239.177011997     
 DEBUG T iter        1050 min   299.99999999999733      max   300.00000000000506     
 DEBUG T iter        1100 min   299.99999999999744      max   300.00000000000500     
   SIMPLE iter        1100  res_p=  0.60980162268569915       u(1,1,1)=  -4.5763351522384622E-003  p(1,1,1)=   81983239.176061526     
 DEBUG T iter        1150 min   299.99999999999710      max   300.00000000000477     
 DEBUG T iter        1200 min   299.99999999999721      max   300.00000000000512     
   SIMPLE iter        1200  res_p=  0.60980162224212398       u(1,1,1)=  -4.5763351517305534E-003  p(1,1,1)=   81983239.175843969     
 DEBUG T iter        1250 min   299.99999999999687      max   300.00000000000523     
 DEBUG T iter        1300 min   299.99999999999704      max   300.00000000000495     
   SIMPLE iter        1300  res_p=  0.60980162214056532       u(1,1,1)=  -4.5763351523037737E-003  p(1,1,1)=   81983239.175794140     
 DEBUG T iter        1350 min   299.99999999999704      max   300.00000000000489     
 DEBUG T iter        1400 min   299.99999999999733      max   300.00000000000506     
   SIMPLE iter        1400  res_p=  0.60980162211732247       u(1,1,1)=  -4.5763351524936774E-003  p(1,1,1)=   81983239.175782755     
 DEBUG T iter        1450 min   299.99999999999727      max   300.00000000000483     
 DEBUG T iter        1500 min   299.99999999999721      max   300.00000000000540     
   SIMPLE iter        1500  res_p=  0.60980162211205335       u(1,1,1)=  -4.5763351533229957E-003  p(1,1,1)=   81983239.175780147     
 Porous solver Block           2  SIMPLE iterations:        1501  res_p:  0.60980162211205335     
 --------------Force and Moment -----------------------------
 Total Force Coefficient (CL, CD, CS) =
   0.0000000000000000        11.066477271990152        0.0000000000000000     
 Total Moment Coefficient(CMx, CMy, CMz)=
   0.0000000000000000        5.5332386359950760        3.8523964207541894E-003
 Kstep, t=          34   34.000000000000000     
 ----------The Max Residuals are--------  ---Mesh---           1
    0.2932401647E-10    0.5443968726E-11    0.9443521811E-12    0.1058791184E-20    0.1030996747E-10
   The R.M.S Residuals are 
    0.3160880116E-11    0.4973639813E-12    0.1130409186E-12    0.1665948964E-21    0.1183262869E-11
 CPU wall time in this step:   7.0492287269999849     
 Averaged CPU wall time is:   6.6765274736470586     
   DBG iter           1  maxU2=   2.6257461046283164E-002  maxFi=   6.9947473549768540E-006  maxFj=  0.40232119052946702       Fi(21,1,1)=  -4.0392772904704359E-007  Fi(21,21,1)=   0.0000000000000000       Fi(41,21,1)=   0.0000000000000000     
   DBG div max=  0.52753236129248227       res_p=  0.52753236129248227     
   SIMPLE iter           1  res_p=  0.52753236129248227       u(1,1,1)=  -6.3512931001694362E-003  p(1,1,1)=   81985933.384584069     
   DBG iter           2  maxU2=   2.6257461046283164E-002  maxFi=   9.4351495848282838E-006  maxFj=  0.58557735529415722       Fi(21,1,1)=  -4.0653608816037863E-007  Fi(21,21,1)=   0.0000000000000000       Fi(41,21,1)=   0.0000000000000000     
   DBG div max=  0.60434899160054834       res_p=  0.60434899160054834     
   SIMPLE iter           2  res_p=  0.60434899160054834       u(1,1,1)=  -4.9423492711546521E-003  p(1,1,1)=   81986981.388201460     
   DBG iter           3  maxU2=   1.7831236966589413E-002  maxFi=   8.9752722650134517E-006  maxFj=  0.58695702641796377       Fi(21,1,1)=  -4.0748682285540266E-007  Fi(21,21,1)=   0.0000000000000000       Fi(41,21,1)=   0.0000000000000000     
   DBG div max=  0.58695689909481641       res_p=  0.58695689909481641     
   SIMPLE iter           3  res_p=  0.58695689909481641       u(1,1,1)=  -3.9946781680021267E-003  p(1,1,1)=   81986279.539460838     
   SIMPLE iter           4  res_p=  0.58621500560074657       u(1,1,1)=  -4.3792416532897225E-003  p(1,1,1)=   81986049.124064043     
   SIMPLE iter           5  res_p=  0.59340936031415215       u(1,1,1)=  -4.5148722595801973E-003  p(1,1,1)=   81985991.437291607     
 DEBUG T iter          50 min   299.99999999999767      max   300.00000000000404     
 DEBUG T iter         100 min   299.99999999999733      max   300.00000000000455     
   SIMPLE iter         100  res_p=  0.61124865601560030       u(1,1,1)=  -4.5728604983989434E-003  p(1,1,1)=   81983952.890856311     
 DEBUG T iter         150 min   299.99999999999727      max   300.00000000000477     
 DEBUG T iter         200 min   299.99999999999716      max   300.00000000000477     
   SIMPLE iter         200  res_p=  0.61013336556576181       u(1,1,1)=  -4.5755033948099780E-003  p(1,1,1)=   81983402.605870128     
 DEBUG T iter         250 min   299.99999999999739      max   300.00000000000483     
 DEBUG T iter         300 min   299.99999999999733      max   300.00000000000483     
   SIMPLE iter         300  res_p=  0.60987763462092048       u(1,1,1)=  -4.5761417888894136E-003  p(1,1,1)=   81983276.592219204     
 DEBUG T iter         350 min   299.99999999999699      max   300.00000000000512     
 DEBUG T iter         400 min   299.99999999999710      max   300.00000000000477     
   SIMPLE iter         400  res_p=  0.60981903502518453       u(1,1,1)=  -4.5762905366479858E-003  p(1,1,1)=   81983247.741506994     
 DEBUG T iter         450 min   299.99999999999682      max   300.00000000000495     
 DEBUG T iter         500 min   299.99999999999721      max   300.00000000000495     
   SIMPLE iter         500  res_p=  0.60980561056454119       u(1,1,1)=  -4.5763248953298117E-003  p(1,1,1)=   81983241.136662856     
 DEBUG T iter         550 min   299.99999999999750      max   300.00000000000500     
 DEBUG T iter         600 min   299.99999999999716      max   300.00000000000506     
   SIMPLE iter         600  res_p=  0.60980253559834141       u(1,1,1)=  -4.5763328013801478E-003  p(1,1,1)=   81983239.624660879     
 DEBUG T iter         650 min   299.99999999999721      max   300.00000000000495     
 DEBUG T iter         700 min   299.99999999999704      max   300.00000000000500     
   SIMPLE iter         700  res_p=  0.60980183131730470       u(1,1,1)=  -4.5763346132620371E-003  p(1,1,1)=   81983239.278535590     
 DEBUG T iter         750 min   299.99999999999716      max   300.00000000000506     
 DEBUG T iter         800 min   299.99999999999727      max   300.00000000000483     
   SIMPLE iter         800  res_p=  0.60980167002086372       u(1,1,1)=  -4.5763350297202288E-003  p(1,1,1)=   81983239.199301884     
 DEBUG T iter         850 min   299.99999999999704      max   300.00000000000500     
 DEBUG T iter         900 min   299.99999999999704      max   300.00000000000483     
   SIMPLE iter         900  res_p=  0.60980163308199964       u(1,1,1)=  -4.5763351286835395E-003  p(1,1,1)=   81983239.181164041     
 DEBUG T iter         950 min   299.99999999999704      max   300.00000000000506     
 DEBUG T iter        1000 min   299.99999999999704      max   300.00000000000466     
   SIMPLE iter        1000  res_p=  0.60980162462282517       u(1,1,1)=  -4.5763351493610938E-003  p(1,1,1)=   81983239.177011997     
 DEBUG T iter        1050 min   299.99999999999704      max   300.00000000000483     
 DEBUG T iter        1100 min   299.99999999999733      max   300.00000000000495     
   SIMPLE iter        1100  res_p=  0.60980162268571836       u(1,1,1)=  -4.5763351529809265E-003  p(1,1,1)=   81983239.176061526     
 DEBUG T iter        1150 min   299.99999999999733      max   300.00000000000506     
 DEBUG T iter        1200 min   299.99999999999733      max   300.00000000000500     
   SIMPLE iter        1200  res_p=  0.60980162224214851       u(1,1,1)=  -4.5763351526439486E-003  p(1,1,1)=   81983239.175843969     
 DEBUG T iter        1250 min   299.99999999999733      max   300.00000000000460     
 DEBUG T iter        1300 min   299.99999999999733      max   300.00000000000483     
   SIMPLE iter        1300  res_p=  0.60980162214058387       u(1,1,1)=  -4.5763351539125753E-003  p(1,1,1)=   81983239.175794140     
 DEBUG T iter        1350 min   299.99999999999733      max   300.00000000000483     
 DEBUG T iter        1400 min   299.99999999999716      max   300.00000000000472     
   SIMPLE iter        1400  res_p=  0.60980162211733091       u(1,1,1)=  -4.5763351538932384E-003  p(1,1,1)=   81983239.175782740     
 DEBUG T iter        1450 min   299.99999999999710      max   300.00000000000500     
 DEBUG T iter        1500 min   299.99999999999721      max   300.00000000000489     
   SIMPLE iter        1500  res_p=  0.60980162211207367       u(1,1,1)=  -4.5763351529538067E-003  p(1,1,1)=   81983239.175780147     
 Porous solver Block           2  SIMPLE iterations:        1501  res_p:  0.60980162211207367     
 --------------Force and Moment -----------------------------
 Total Force Coefficient (CL, CD, CS) =
   0.0000000000000000        11.066477273736382        0.0000000000000000     
 Total Moment Coefficient(CMx, CMy, CMz)=
   0.0000000000000000        5.5332386368681910        3.8523964211805151E-003
 Kstep, t=          35   35.000000000000000     
 ----------The Max Residuals are--------  ---Mesh---           1
    0.2871655055E-10    0.5092914148E-11    0.9271056687E-12    0.1085260964E-20    0.1042099183E-10
   The R.M.S Residuals are 
    0.3082799743E-11    0.4572436863E-12    0.1056522348E-12    0.1698611802E-21    0.1198666377E-11
 CPU wall time in this step:   6.9830262380000079     
 Averaged CPU wall time is:   6.6852845811999995     
   DBG iter           1  maxU2=   2.6257461043705008E-002  maxFi=   6.9947473566401269E-006  maxFj=  0.40232119052997189       Fi(21,1,1)=  -4.0392772954090011E-007  Fi(21,21,1)=   0.0000000000000000       Fi(41,21,1)=   0.0000000000000000     
   DBG div max=  0.52753236129300141       res_p=  0.52753236129300141     
   SIMPLE iter           1  res_p=  0.52753236129300141       u(1,1,1)=  -6.3512930985694677E-003  p(1,1,1)=   81985933.384584069     
   DBG iter           2  maxU2=   2.6257461043705008E-002  maxFi=   9.4351495851819286E-006  maxFj=  0.58557735529483035       Fi(21,1,1)=  -4.0653608996103806E-007  Fi(21,21,1)=   0.0000000000000000       Fi(41,21,1)=   0.0000000000000000     
   DBG div max=  0.60434899160112499       res_p=  0.60434899160112499     
   SIMPLE iter           2  res_p=  0.60434899160112499       u(1,1,1)=  -4.9423492709240718E-003  p(1,1,1)=   81986981.388201460     
   DBG iter           3  maxU2=   1.7831236860360124E-002  maxFi=   8.9752722636682753E-006  maxFj=  0.58695702641863023       Fi(21,1,1)=  -4.0748682330690044E-007  Fi(21,21,1)=   0.0000000000000000       Fi(41,21,1)=   0.0000000000000000     
   DBG div max=  0.58695689909548288       res_p=  0.58695689909548288     
   SIMPLE iter           3  res_p=  0.58695689909548288       u(1,1,1)=  -3.9946781681940236E-003  p(1,1,1)=   81986279.539460838     
   SIMPLE iter           4  res_p=  0.58621500560149475       u(1,1,1)=  -4.3792416558952191E-003  p(1,1,1)=   81986049.124064043     
   SIMPLE iter           5  res_p=  0.59340936031490887       u(1,1,1)=  -4.5148722629040870E-003  p(1,1,1)=   81985991.437291607     
 DEBUG T iter          50 min   299.99999999999761      max   300.00000000000455     
 DEBUG T iter         100 min   299.99999999999756      max   300.00000000000500     
   SIMPLE iter         100  res_p=  0.61124865601583700       u(1,1,1)=  -4.5728604970463795E-003  p(1,1,1)=   81983952.890856117     
 DEBUG T iter         150 min   299.99999999999721      max   300.00000000000512     
 DEBUG T iter         200 min   299.99999999999727      max   300.00000000000500     
   SIMPLE iter         200  res_p=  0.61013336556583686       u(1,1,1)=  -4.5755033947064965E-003  p(1,1,1)=   81983402.605869874     
 DEBUG T iter         250 min   299.99999999999733      max   300.00000000000477     
 DEBUG T iter         300 min   299.99999999999699      max   300.00000000000466     
   SIMPLE iter         300  res_p=  0.60987763462094202       u(1,1,1)=  -4.5761417874855582E-003  p(1,1,1)=   81983276.592218935     
 DEBUG T iter         350 min   299.99999999999710      max   300.00000000000489     
 DEBUG T iter         400 min   299.99999999999727      max   300.00000000000483     
   SIMPLE iter         400  res_p=  0.60981903502520263       u(1,1,1)=  -4.5762905375912686E-003  p(1,1,1)=   81983247.741506726     
 DEBUG T iter         450 min   299.99999999999727      max   300.00000000000506     
 DEBUG T iter         500 min   299.99999999999693      max   300.00000000000489     
   SIMPLE iter         500  res_p=  0.60980561056458016       u(1,1,1)=  -4.5763248917527173E-003  p(1,1,1)=   81983241.136662588     
 DEBUG T iter         550 min   299.99999999999733      max   300.00000000000477     
 DEBUG T iter         600 min   299.99999999999716      max   300.00000000000500     
   SIMPLE iter         600  res_p=  0.60980253559836428       u(1,1,1)=  -4.5763327966296388E-003  p(1,1,1)=   81983239.624660596     
 DEBUG T iter         650 min   299.99999999999704      max   300.00000000000512     
 DEBUG T iter         700 min   299.99999999999733      max   300.00000000000477     
   SIMPLE iter         700  res_p=  0.60980183131732391       u(1,1,1)=  -4.5763346121184163E-003  p(1,1,1)=   81983239.278535306     
 DEBUG T iter         750 min   299.99999999999739      max   300.00000000000495     
 DEBUG T iter         800 min   299.99999999999721      max   300.00000000000483     
   SIMPLE iter         800  res_p=  0.60980167002087315       u(1,1,1)=  -4.5763350295672861E-003  p(1,1,1)=   81983239.199301600     
 DEBUG T iter         850 min   299.99999999999710      max   300.00000000000472     
 DEBUG T iter         900 min   299.99999999999693      max   300.00000000000495     
   SIMPLE iter         900  res_p=  0.60980163308201996       u(1,1,1)=  -4.5763351244164580E-003  p(1,1,1)=   81983239.181163773     
 DEBUG T iter         950 min   299.99999999999716      max   300.00000000000477     
 DEBUG T iter        1000 min   299.99999999999710      max   300.00000000000495     
   SIMPLE iter        1000  res_p=  0.60980162462285925       u(1,1,1)=  -4.5763351458875780E-003  p(1,1,1)=   81983239.177011713     
 DEBUG T iter        1050 min   299.99999999999710      max   300.00000000000523     
 DEBUG T iter        1100 min   299.99999999999710      max   300.00000000000489     
   SIMPLE iter        1100  res_p=  0.60980162268574167       u(1,1,1)=  -4.5763351518019616E-003  p(1,1,1)=   81983239.176061243     
 DEBUG T iter        1150 min   299.99999999999710      max   300.00000000000512     
 DEBUG T iter        1200 min   299.99999999999733      max   300.00000000000483     
   SIMPLE iter        1200  res_p=  0.60980162224215217       u(1,1,1)=  -4.5763351554524070E-003  p(1,1,1)=   81983239.175843686     
 DEBUG T iter        1250 min   299.99999999999733      max   300.00000000000483     
 DEBUG T iter        1300 min   299.99999999999710      max   300.00000000000489     
   SIMPLE iter        1300  res_p=  0.60980162214060729       u(1,1,1)=  -4.5763351533152389E-003  p(1,1,1)=   81983239.175793856     
 DEBUG T iter        1350 min   299.99999999999716      max   300.00000000000489     
 DEBUG T iter        1400 min   299.99999999999682      max   300.00000000000506     
   SIMPLE iter        1400  res_p=  0.60980162211734878       u(1,1,1)=  -4.5763351522329753E-003  p(1,1,1)=   81983239.175782472     
 DEBUG T iter        1450 min   299.99999999999716      max   300.00000000000517     
 DEBUG T iter        1500 min   299.99999999999704      max   300.00000000000500     
   SIMPLE iter        1500  res_p=  0.60980162211209288       u(1,1,1)=  -4.5763351560909066E-003  p(1,1,1)=   81983239.175779879     
 Porous solver Block           2  SIMPLE iterations:        1501  res_p:  0.60980162211209288     
 --------------Force and Moment -----------------------------
 Total Force Coefficient (CL, CD, CS) =
   0.0000000000000000        11.066477276064688        0.0000000000000000     
 Total Moment Coefficient(CMx, CMy, CMz)=
   0.0000000000000000        5.5332386380323442        3.8523964212089368E-003
 Kstep, t=          36   36.000000000000000     
 ----------The Max Residuals are--------  ---Mesh---           1
    0.2818770836E-10    0.4812068055E-11    0.8935335111E-12    0.1085260964E-20    0.1046087109E-10
   The R.M.S Residuals are 
    0.3018242617E-11    0.4275667450E-12    0.9822547390E-13    0.1747220939E-21    0.1205120405E-11
 CPU wall time in this step:   6.9787175929999989     
 Averaged CPU wall time is:   6.6934354981944439     
   DBG iter           1  maxU2=   2.6257461045705584E-002  maxFi=   6.9947473549582185E-006  maxFj=  0.40232119053033072       Fi(21,1,1)=  -4.0392773089314702E-007  Fi(21,21,1)=   0.0000000000000000       Fi(41,21,1)=   0.0000000000000000     
   DBG div max=  0.52753236129335057       res_p=  0.52753236129335057     
   SIMPLE iter           1  res_p=  0.52753236129335057       u(1,1,1)=  -6.3512931007050060E-003  p(1,1,1)=   81985933.384583786     
   DBG iter           2  maxU2=   2.6257461045705584E-002  maxFi=   9.4351495835085455E-006  maxFj=  0.58557735529529009       Fi(21,1,1)=  -4.0653609172818855E-007  Fi(21,21,1)=   0.0000000000000000       Fi(41,21,1)=   0.0000000000000000     
   DBG div max=  0.60434899160148947       res_p=  0.60434899160148947     
   SIMPLE iter           2  res_p=  0.60434899160148947       u(1,1,1)=  -4.9423492729342737E-003  p(1,1,1)=   81986981.388201177     
   DBG iter           3  maxU2=   1.7831236760593446E-002  maxFi=   8.9752722637132392E-006  maxFj=  0.58695702641909486       Fi(21,1,1)=  -4.0748682503205472E-007  Fi(21,21,1)=   0.0000000000000000       Fi(41,21,1)=   0.0000000000000000     
   DBG div max=  0.58695689909594739       res_p=  0.58695689909594739     
   SIMPLE iter           3  res_p=  0.58695689909594739       u(1,1,1)=  -3.9946781712725827E-003  p(1,1,1)=   81986279.539460555     
   SIMPLE iter           4  res_p=  0.58621500560201945       u(1,1,1)=  -4.3792416561032046E-003  p(1,1,1)=   81986049.124063760     
   SIMPLE iter           5  res_p=  0.59340936031544367       u(1,1,1)=  -4.5148722620034802E-003  p(1,1,1)=   81985991.437291324     
 DEBUG T iter          50 min   299.99999999999756      max   300.00000000000438     
 DEBUG T iter         100 min   299.99999999999739      max   300.00000000000443     
   SIMPLE iter         100  res_p=  0.61124865601599010       u(1,1,1)=  -4.5728604958325068E-003  p(1,1,1)=   81983952.890855700     
 DEBUG T iter         150 min   299.99999999999721      max   300.00000000000477     
 DEBUG T iter         200 min   299.99999999999699      max   300.00000000000472     
   SIMPLE iter         200  res_p=  0.61013336556587527       u(1,1,1)=  -4.5755033957832481E-003  p(1,1,1)=   81983402.605869427     
 DEBUG T iter         250 min   299.99999999999710      max   300.00000000000483     
 DEBUG T iter         300 min   299.99999999999721      max   300.00000000000500     
   SIMPLE iter         300  res_p=  0.60987763462098465       u(1,1,1)=  -4.5761417865507574E-003  p(1,1,1)=   81983276.592218474     
 DEBUG T iter         350 min   299.99999999999716      max   300.00000000000495     
 DEBUG T iter         400 min   299.99999999999710      max   300.00000000000489     
   SIMPLE iter         400  res_p=  0.60981903502523138       u(1,1,1)=  -4.5762905362245615E-003  p(1,1,1)=   81983247.741506264     
 DEBUG T iter         450 min   299.99999999999710      max   300.00000000000483     
 DEBUG T iter         500 min   299.99999999999721      max   300.00000000000483     
   SIMPLE iter         500  res_p=  0.60980561056458915       u(1,1,1)=  -4.5763248896558226E-003  p(1,1,1)=   81983241.136662126     
 DEBUG T iter         550 min   299.99999999999710      max   300.00000000000466     
 DEBUG T iter         600 min   299.99999999999721      max   300.00000000000483     
   SIMPLE iter         600  res_p=  0.60980253559838160       u(1,1,1)=  -4.5763327979394296E-003  p(1,1,1)=   81983239.624660149     
 DEBUG T iter         650 min   299.99999999999727      max   300.00000000000472     
 DEBUG T iter         700 min   299.99999999999727      max   300.00000000000489     
   SIMPLE iter         700  res_p=  0.60980183131735444       u(1,1,1)=  -4.5763346136136101E-003  p(1,1,1)=   81983239.278534859     
 DEBUG T iter         750 min   299.99999999999733      max   300.00000000000477     
 DEBUG T iter         800 min   299.99999999999721      max   300.00000000000489     
   SIMPLE iter         800  res_p=  0.60980167002089725       u(1,1,1)=  -4.5763350309805367E-003  p(1,1,1)=   81983239.199301153     
 DEBUG T iter         850 min   299.99999999999727      max   300.00000000000495     
 DEBUG T iter         900 min   299.99999999999727      max   300.00000000000512     
   SIMPLE iter         900  res_p=  0.60980163308202961       u(1,1,1)=  -4.5763351259195950E-003  p(1,1,1)=   81983239.181163311     
 DEBUG T iter         950 min   299.99999999999733      max   300.00000000000506     
 DEBUG T iter        1000 min   299.99999999999727      max   300.00000000000489     
   SIMPLE iter        1000  res_p=  0.60980162462287912       u(1,1,1)=  -4.5763351449532377E-003  p(1,1,1)=   81983239.177011251     
 DEBUG T iter        1050 min   299.99999999999727      max   300.00000000000489     
 DEBUG T iter        1100 min   299.99999999999733      max   300.00000000000483     
   SIMPLE iter        1100  res_p=  0.60980162268576144       u(1,1,1)=  -4.5763351511849569E-003  p(1,1,1)=   81983239.176060781     
 DEBUG T iter        1150 min   299.99999999999710      max   300.00000000000466     
 DEBUG T iter        1200 min   299.99999999999721      max   300.00000000000483     
   SIMPLE iter        1200  res_p=  0.60980162224218093       u(1,1,1)=  -4.5763351535514510E-003  p(1,1,1)=   81983239.175843224     
 DEBUG T iter        1250 min   299.99999999999721      max   300.00000000000489     
 DEBUG T iter        1300 min   299.99999999999704      max   300.00000000000483     
   SIMPLE iter        1300  res_p=  0.60980162214061551       u(1,1,1)=  -4.5763351512055394E-003  p(1,1,1)=   81983239.175793394     
 DEBUG T iter        1350 min   299.99999999999739      max   300.00000000000523     
 DEBUG T iter        1400 min   299.99999999999721      max   300.00000000000489     
   SIMPLE iter        1400  res_p=  0.60980162211737876       u(1,1,1)=  -4.5763351515183664E-003  p(1,1,1)=   81983239.175782010     
 DEBUG T iter        1450 min   299.99999999999693      max   300.00000000000483     
 DEBUG T iter        1500 min   299.99999999999721      max   300.00000000000506     
   SIMPLE iter        1500  res_p=  0.60980162211211320       u(1,1,1)=  -4.5763351514564567E-003  p(1,1,1)=   81983239.175779402     
 Porous solver Block           2  SIMPLE iterations:        1501  res_p:  0.60980162211211320     
 --------------Force and Moment -----------------------------
 Total Force Coefficient (CL, CD, CS) =
   0.0000000000000000        11.066477278945968        0.0000000000000000     
 Total Moment Coefficient(CMx, CMy, CMz)=
   0.0000000000000000        5.5332386394729838        3.8523964209105088E-003
 Kstep, t=          37   37.000000000000000     
 ----------The Max Residuals are--------  ---Mesh---           1
    0.2774998563E-10    0.4614401008E-11    0.8509185652E-12    0.1032321404E-20    0.1044791928E-10
   The R.M.S Residuals are 
    0.2967901286E-11    0.4088165842E-12    0.9137551264E-13    0.1763503887E-21    0.1202291962E-11
 CPU wall time in this step:   7.1251058640000053     
 Averaged CPU wall time is:   6.7051022648378380     
   DBG iter           1  maxU2=   2.6257461044802671E-002  maxFi=   6.9947473562180351E-006  maxFj=  0.40232119053052606       Fi(21,1,1)=  -4.0392773004562243E-007  Fi(21,21,1)=   0.0000000000000000       Fi(41,21,1)=   0.0000000000000000     
   DBG div max=  0.52753236129354952       res_p=  0.52753236129354952     
   SIMPLE iter           1  res_p=  0.52753236129354952       u(1,1,1)=  -6.3512930949936059E-003  p(1,1,1)=   81985933.384583309     
   DBG iter           2  maxU2=   2.6257461044802671E-002  maxFi=   9.4351495847668977E-006  maxFj=  0.58557735529555821       Fi(21,1,1)=  -4.0653609046936265E-007  Fi(21,21,1)=   0.0000000000000000       Fi(41,21,1)=   0.0000000000000000     
   DBG div max=  0.60434899160174438       res_p=  0.60434899160174438     
   SIMPLE iter           2  res_p=  0.60434899160174438       u(1,1,1)=  -4.9423492675966301E-003  p(1,1,1)=   81986981.388200700     
   DBG iter           3  maxU2=   1.7831236665041196E-002  maxFi=   8.9752722649930195E-006  maxFj=  0.58695702641938097       Fi(21,1,1)=  -4.0748682511505304E-007  Fi(21,21,1)=   0.0000000000000000       Fi(41,21,1)=   0.0000000000000000     
   DBG div max=  0.58695689909623350       res_p=  0.58695689909623350     
   SIMPLE iter           3  res_p=  0.58695689909623350       u(1,1,1)=  -3.9946781692466408E-003  p(1,1,1)=   81986279.539460078     
   SIMPLE iter           4  res_p=  0.58621500560232098       u(1,1,1)=  -4.3792416539714073E-003  p(1,1,1)=   81986049.124063283     
   SIMPLE iter           5  res_p=  0.59340936031575375       u(1,1,1)=  -4.5148722606644810E-003  p(1,1,1)=   81985991.437290847     
 DEBUG T iter          50 min   299.99999999999767      max   300.00000000000449     
 DEBUG T iter         100 min   299.99999999999744      max   300.00000000000466     
   SIMPLE iter         100  res_p=  0.61124865601607303       u(1,1,1)=  -4.5728604967473756E-003  p(1,1,1)=   81983952.890855178     
 DEBUG T iter         150 min   299.99999999999727      max   300.00000000000477     
 DEBUG T iter         200 min   299.99999999999721      max   300.00000000000500     
   SIMPLE iter         200  res_p=  0.61013336556591369       u(1,1,1)=  -4.5755033948789896E-003  p(1,1,1)=   81983402.605868876     
 DEBUG T iter         250 min   299.99999999999739      max   300.00000000000483     
 DEBUG T iter         300 min   299.99999999999710      max   300.00000000000489     
   SIMPLE iter         300  res_p=  0.60987763462098943       u(1,1,1)=  -4.5761417851223219E-003  p(1,1,1)=   81983276.592217922     
 DEBUG T iter         350 min   299.99999999999704      max   300.00000000000477     
 DEBUG T iter         400 min   299.99999999999727      max   300.00000000000472     
   SIMPLE iter         400  res_p=  0.60981903502524759       u(1,1,1)=  -4.5762905323618337E-003  p(1,1,1)=   81983247.741505697     
 DEBUG T iter         450 min   299.99999999999721      max   300.00000000000483     
 DEBUG T iter         500 min   299.99999999999733      max   300.00000000000489     
   SIMPLE iter         500  res_p=  0.60980561056461446       u(1,1,1)=  -4.5763248918906721E-003  p(1,1,1)=   81983241.136661574     
 DEBUG T iter         550 min   299.99999999999727      max   300.00000000000506     
 DEBUG T iter         600 min   299.99999999999710      max   300.00000000000472     
   SIMPLE iter         600  res_p=  0.60980253559839359       u(1,1,1)=  -4.5763327963786460E-003  p(1,1,1)=   81983239.624659583     
 DEBUG T iter         650 min   299.99999999999716      max   300.00000000000477     
 DEBUG T iter         700 min   299.99999999999733      max   300.00000000000477     
   SIMPLE iter         700  res_p=  0.60980183131735199       u(1,1,1)=  -4.5763346113896503E-003  p(1,1,1)=   81983239.278534293     
 DEBUG T iter         750 min   299.99999999999727      max   300.00000000000495     
 DEBUG T iter         800 min   299.99999999999716      max   300.00000000000495     
   SIMPLE iter         800  res_p=  0.60980167002089958       u(1,1,1)=  -4.5763350284645623E-003  p(1,1,1)=   81983239.199300587     
 DEBUG T iter         850 min   299.99999999999733      max   300.00000000000483     
 DEBUG T iter         900 min   299.99999999999750      max   300.00000000000483     
   SIMPLE iter         900  res_p=  0.60980163308204693       u(1,1,1)=  -4.5763351252957234E-003  p(1,1,1)=   81983239.181162760     
 DEBUG T iter         950 min   299.99999999999733      max   300.00000000000472     
 DEBUG T iter        1000 min   299.99999999999721      max   300.00000000000477     
   SIMPLE iter        1000  res_p=  0.60980162462289167       u(1,1,1)=  -4.5763351452724026E-003  p(1,1,1)=   81983239.177010700     
 DEBUG T iter        1050 min   299.99999999999687      max   300.00000000000466     
 DEBUG T iter        1100 min   299.99999999999733      max   300.00000000000483     
   SIMPLE iter        1100  res_p=  0.60980162268576743       u(1,1,1)=  -4.5763351512931386E-003  p(1,1,1)=   81983239.176060230     
 DEBUG T iter        1150 min   299.99999999999716      max   300.00000000000512     
 DEBUG T iter        1200 min   299.99999999999716      max   300.00000000000506     
   SIMPLE iter        1200  res_p=  0.60980162224217904       u(1,1,1)=  -4.5763351518339733E-003  p(1,1,1)=   81983239.175842673     
 DEBUG T iter        1250 min   299.99999999999733      max   300.00000000000483     
 DEBUG T iter        1300 min   299.99999999999716      max   300.00000000000472     
   SIMPLE iter        1300  res_p=  0.60980162214061795       u(1,1,1)=  -4.5763351526813285E-003  p(1,1,1)=   81983239.175792843     
 DEBUG T iter        1350 min   299.99999999999716      max   300.00000000000489     
 DEBUG T iter        1400 min   299.99999999999727      max   300.00000000000483     
   SIMPLE iter        1400  res_p=  0.60980162211739375       u(1,1,1)=  -4.5763351519267654E-003  p(1,1,1)=   81983239.175781459     
 DEBUG T iter        1450 min   299.99999999999727      max   300.00000000000472     
 DEBUG T iter        1500 min   299.99999999999716      max   300.00000000000489     
   SIMPLE iter        1500  res_p=  0.60980162211212519       u(1,1,1)=  -4.5763351494597388E-003  p(1,1,1)=   81983239.175778851     
 Porous solver Block           2  SIMPLE iterations:        1501  res_p:  0.60980162211212519     
 --------------Force and Moment -----------------------------
 Total Force Coefficient (CL, CD, CS) =
   0.0000000000000000        11.066477281274274        0.0000000000000000     
 Total Moment Coefficient(CMx, CMy, CMz)=
   0.0000000000000000        5.5332386406371370        3.8523964201715444E-003
 Kstep, t=          38   38.000000000000000     
 ----------The Max Residuals are--------  ---Mesh---           1
    0.2740385296E-10    0.4500787283E-11    0.8051825808E-12    0.1191140082E-20    0.1041303991E-10
   The R.M.S Residuals are 
    0.2930873330E-11    0.4002339808E-12    0.8549162361E-13    0.1741508029E-21    0.1190959113E-11
 CPU wall time in this step:   7.3025817410000116     
 Averaged CPU wall time is:   6.7208254089473689     
   DBG iter           1  maxU2=   2.6257461045556506E-002  maxFi=   6.9947473562265122E-006  maxFj=  0.40232119053058973       Fi(21,1,1)=  -4.0392773134258287E-007  Fi(21,21,1)=   0.0000000000000000       Fi(41,21,1)=   0.0000000000000000     
   DBG div max=  0.52753236129361025       res_p=  0.52753236129361025     
   SIMPLE iter           1  res_p=  0.52753236129361025       u(1,1,1)=  -6.3512930920822212E-003  p(1,1,1)=   81985933.384582743     
   DBG iter           2  maxU2=   2.6257461045556506E-002  maxFi=   9.4351495847775296E-006  maxFj=  0.58557735529563149       Fi(21,1,1)=  -4.0653609176057354E-007  Fi(21,21,1)=   0.0000000000000000       Fi(41,21,1)=   0.0000000000000000     
   DBG div max=  0.60434899160177280       res_p=  0.60434899160177280     
   SIMPLE iter           2  res_p=  0.60434899160177280       u(1,1,1)=  -4.9423492655874830E-003  p(1,1,1)=   81986981.388200134     
   DBG iter           3  maxU2=   1.7831236571914343E-002  maxFi=   8.9752722650064027E-006  maxFj=  0.58695702641943570       Fi(21,1,1)=  -4.0748682641416060E-007  Fi(21,21,1)=   0.0000000000000000       Fi(41,21,1)=   0.0000000000000000     
   DBG div max=  0.58695689909628823       res_p=  0.58695689909628823     
   SIMPLE iter           3  res_p=  0.58695689909628823       u(1,1,1)=  -3.9946781688043782E-003  p(1,1,1)=   81986279.539459512     
   SIMPLE iter           4  res_p=  0.58621500560240269       u(1,1,1)=  -4.3792416529247983E-003  p(1,1,1)=   81986049.124062717     
   SIMPLE iter           5  res_p=  0.59340936031583791       u(1,1,1)=  -4.5148722587898078E-003  p(1,1,1)=   81985991.437290281     
 DEBUG T iter          50 min   299.99999999999767      max   300.00000000000421     
 DEBUG T iter         100 min   299.99999999999733      max   300.00000000000477     
   SIMPLE iter         100  res_p=  0.61124865601609535       u(1,1,1)=  -4.5728604956344751E-003  p(1,1,1)=   81983952.890854627     
 DEBUG T iter         150 min   299.99999999999716      max   300.00000000000483     
 DEBUG T iter         200 min   299.99999999999716      max   300.00000000000506     
   SIMPLE iter         200  res_p=  0.61013336556591546       u(1,1,1)=  -4.5755033915937746E-003  p(1,1,1)=   81983402.605868310     
 DEBUG T iter         250 min   299.99999999999733      max   300.00000000000483     
 DEBUG T iter         300 min   299.99999999999704      max   300.00000000000495     
   SIMPLE iter         300  res_p=  0.60987763462098166       u(1,1,1)=  -4.5761417855747707E-003  p(1,1,1)=   81983276.592217356     
 DEBUG T iter         350 min   299.99999999999716      max   300.00000000000483     
 DEBUG T iter         400 min   299.99999999999744      max   300.00000000000500     
   SIMPLE iter         400  res_p=  0.60981903502523072       u(1,1,1)=  -4.5762905337863443E-003  p(1,1,1)=   81983247.741505131     
 DEBUG T iter         450 min   299.99999999999733      max   300.00000000000500     
 DEBUG T iter         500 min   299.99999999999721      max   300.00000000000472     
   SIMPLE iter         500  res_p=  0.60980561056460902       u(1,1,1)=  -4.5763248925417086E-003  p(1,1,1)=   81983241.136660993     
 DEBUG T iter         550 min   299.99999999999727      max   300.00000000000495     
 DEBUG T iter         600 min   299.99999999999704      max   300.00000000000495     
   SIMPLE iter         600  res_p=  0.60980253559839237       u(1,1,1)=  -4.5763327977556417E-003  p(1,1,1)=   81983239.624659017     
 DEBUG T iter         650 min   299.99999999999704      max   300.00000000000483     
 DEBUG T iter         700 min   299.99999999999721      max   300.00000000000500     
   SIMPLE iter         700  res_p=  0.60980183131734067       u(1,1,1)=  -4.5763346104670203E-003  p(1,1,1)=   81983239.278533727     
 DEBUG T iter         750 min   299.99999999999744      max   300.00000000000495     
 DEBUG T iter         800 min   299.99999999999727      max   300.00000000000495     
   SIMPLE iter         800  res_p=  0.60980167002090258       u(1,1,1)=  -4.5763350265708644E-003  p(1,1,1)=   81983239.199300021     
 DEBUG T iter         850 min   299.99999999999721      max   300.00000000000489     
 DEBUG T iter         900 min   299.99999999999704      max   300.00000000000495     
   SIMPLE iter         900  res_p=  0.60980163308203428       u(1,1,1)=  -4.5763351252844911E-003  p(1,1,1)=   81983239.181162179     
 DEBUG T iter         950 min   299.99999999999710      max   300.00000000000477     
 DEBUG T iter        1000 min   299.99999999999721      max   300.00000000000495     
   SIMPLE iter        1000  res_p=  0.60980162462288257       u(1,1,1)=  -4.5763351438017864E-003  p(1,1,1)=   81983239.177010134     
 DEBUG T iter        1050 min   299.99999999999739      max   300.00000000000466     
 DEBUG T iter        1100 min   299.99999999999716      max   300.00000000000477     
   SIMPLE iter        1100  res_p=  0.60980162268577343       u(1,1,1)=  -4.5763351498108841E-003  p(1,1,1)=   81983239.176059663     
 DEBUG T iter        1150 min   299.99999999999704      max   300.00000000000483     
 DEBUG T iter        1200 min   299.99999999999733      max   300.00000000000472     
   SIMPLE iter        1200  res_p=  0.60980162224218992       u(1,1,1)=  -4.5763351491830920E-003  p(1,1,1)=   81983239.175842106     
 DEBUG T iter        1250 min   299.99999999999710      max   300.00000000000489     
 DEBUG T iter        1300 min   299.99999999999727      max   300.00000000000483     
   SIMPLE iter        1300  res_p=  0.60980162214062394       u(1,1,1)=  -4.5763351501254971E-003  p(1,1,1)=   81983239.175792262     
 DEBUG T iter        1350 min   299.99999999999710      max   300.00000000000495     
 DEBUG T iter        1400 min   299.99999999999716      max   300.00000000000477     
   SIMPLE iter        1400  res_p=  0.60980162211738653       u(1,1,1)=  -4.5763351510598729E-003  p(1,1,1)=   81983239.175780877     
 DEBUG T iter        1450 min   299.99999999999710      max   300.00000000000483     
 DEBUG T iter        1500 min   299.99999999999733      max   300.00000000000517     
   SIMPLE iter        1500  res_p=  0.60980162211212097       u(1,1,1)=  -4.5763351506878016E-003  p(1,1,1)=   81983239.175778285     
 Porous solver Block           2  SIMPLE iterations:        1501  res_p:  0.60980162211212097     
 --------------Force and Moment -----------------------------
 Total Force Coefficient (CL, CD, CS) =
   0.0000000000000000        11.066477283631684        0.0000000000000000     
 Total Moment Coefficient(CMx, CMy, CMz)=
   0.0000000000000000        5.5332386418158421        3.8523964192620497E-003
 Kstep, t=          39   39.000000000000000     
 ----------The Max Residuals are--------  ---Mesh---           1
    0.2714007670E-10    0.4462338056E-11    0.7604679148E-12    0.9793818453E-21    0.1031509072E-10
   The R.M.S Residuals are 
    0.2905039181E-11    0.4000179843E-12    0.8069730160E-13    0.1774790278E-21    0.1172675799E-11
 CPU wall time in this step:   6.9490069019999794     
 Averaged CPU wall time is:   6.7266762164615379     
   DBG iter           1  maxU2=   2.6257461045588647E-002  maxFi=   6.9947473549446228E-006  maxFj=  0.40232119053050258       Fi(21,1,1)=  -4.0392773173843583E-007  Fi(21,21,1)=   0.0000000000000000       Fi(41,21,1)=   0.0000000000000000     
   DBG div max=  0.52753236129353032       res_p=  0.52753236129353032     
   SIMPLE iter           1  res_p=  0.52753236129353032       u(1,1,1)=  -6.3512930925494438E-003  p(1,1,1)=   81985933.384582177     
   DBG iter           2  maxU2=   2.6257461045588647E-002  maxFi=   9.4351495852254999E-006  maxFj=  0.58557735529552335       Fi(21,1,1)=  -4.0653609215658955E-007  Fi(21,21,1)=   0.0000000000000000       Fi(41,21,1)=   0.0000000000000000     
   DBG div max=  0.60434899160168931       res_p=  0.60434899160168931     
   SIMPLE iter           2  res_p=  0.60434899160168931       u(1,1,1)=  -4.9423492691639207E-003  p(1,1,1)=   81986981.388199553     
   DBG iter           3  maxU2=   1.7831236481797397E-002  maxFi=   8.9752722632368865E-006  maxFj=  0.58695702641932923       Fi(21,1,1)=  -4.0748682680503105E-007  Fi(21,21,1)=   0.0000000000000000       Fi(41,21,1)=   0.0000000000000000     
   DBG div max=  0.58695689909618176       res_p=  0.58695689909618176     
   SIMPLE iter           3  res_p=  0.58695689909618176       u(1,1,1)=  -3.9946781704135242E-003  p(1,1,1)=   81986279.539458930     
   SIMPLE iter           4  res_p=  0.58621500560228312       u(1,1,1)=  -4.3792416541384221E-003  p(1,1,1)=   81986049.124062136     
   SIMPLE iter           5  res_p=  0.59340936031571589       u(1,1,1)=  -4.5148722605362970E-003  p(1,1,1)=   81985991.437289700     
 DEBUG T iter          50 min   299.99999999999761      max   300.00000000000449     
 DEBUG T iter         100 min   299.99999999999750      max   300.00000000000472     
   SIMPLE iter         100  res_p=  0.61124865601605982       u(1,1,1)=  -4.5728604966981303E-003  p(1,1,1)=   81983952.890854076     
 DEBUG T iter         150 min   299.99999999999687      max   300.00000000000477     
 DEBUG T iter         200 min   299.99999999999739      max   300.00000000000477     
   SIMPLE iter         200  res_p=  0.61013336556589937       u(1,1,1)=  -4.5755033936208528E-003  p(1,1,1)=   81983402.605867788     
 DEBUG T iter         250 min   299.99999999999744      max   300.00000000000483     
 DEBUG T iter         300 min   299.99999999999750      max   300.00000000000500     
   SIMPLE iter         300  res_p=  0.60987763462097622       u(1,1,1)=  -4.5761417872961499E-003  p(1,1,1)=   81983276.592216834     
 DEBUG T iter         350 min   299.99999999999739      max   300.00000000000472     
 DEBUG T iter         400 min   299.99999999999733      max   300.00000000000495     
   SIMPLE iter         400  res_p=  0.60981903502522716       u(1,1,1)=  -4.5762905347311927E-003  p(1,1,1)=   81983247.741504595     
 DEBUG T iter         450 min   299.99999999999721      max   300.00000000000495     
 DEBUG T iter         500 min   299.99999999999716      max   300.00000000000472     
   SIMPLE iter         500  res_p=  0.60980561056460125       u(1,1,1)=  -4.5763248909415450E-003  p(1,1,1)=   81983241.136660472     
 DEBUG T iter         550 min   299.99999999999727      max   300.00000000000472     
 DEBUG T iter         600 min   299.99999999999721      max   300.00000000000495     
   SIMPLE iter         600  res_p=  0.60980253559838338       u(1,1,1)=  -4.5763327963301240E-003  p(1,1,1)=   81983239.624658480     
 DEBUG T iter         650 min   299.99999999999727      max   300.00000000000495     
 DEBUG T iter         700 min   299.99999999999750      max   300.00000000000500     
   SIMPLE iter         700  res_p=  0.60980183131734178       u(1,1,1)=  -4.5763346115265235E-003  p(1,1,1)=   81983239.278533205     
 DEBUG T iter         750 min   299.99999999999733      max   300.00000000000477     
 DEBUG T iter         800 min   299.99999999999687      max   300.00000000000517     
   SIMPLE iter         800  res_p=  0.60980167002088881       u(1,1,1)=  -4.5763350257079236E-003  p(1,1,1)=   81983239.199299484     
 DEBUG T iter         850 min   299.99999999999716      max   300.00000000000529     
 DEBUG T iter         900 min   299.99999999999721      max   300.00000000000489     
   SIMPLE iter         900  res_p=  0.60980163308203794       u(1,1,1)=  -4.5763351247493254E-003  p(1,1,1)=   81983239.181161657     
 DEBUG T iter         950 min   299.99999999999739      max   300.00000000000489     
 DEBUG T iter        1000 min   299.99999999999727      max   300.00000000000483     
   SIMPLE iter        1000  res_p=  0.60980162462288157       u(1,1,1)=  -4.5763351420030967E-003  p(1,1,1)=   81983239.177009597     
 DEBUG T iter        1050 min   299.99999999999733      max   300.00000000000512     
 DEBUG T iter        1100 min   299.99999999999727      max   300.00000000000472     
   SIMPLE iter        1100  res_p=  0.60980162268575722       u(1,1,1)=  -4.5763351486677118E-003  p(1,1,1)=   81983239.176059127     
 DEBUG T iter        1150 min   299.99999999999710      max   300.00000000000472     
 DEBUG T iter        1200 min   299.99999999999699      max   300.00000000000477     
   SIMPLE iter        1200  res_p=  0.60980162224218504       u(1,1,1)=  -4.5763351519084589E-003  p(1,1,1)=   81983239.175841570     
 DEBUG T iter        1250 min   299.99999999999721      max   300.00000000000466     
 DEBUG T iter        1300 min   299.99999999999727      max   300.00000000000477     
   SIMPLE iter        1300  res_p=  0.60980162214060596       u(1,1,1)=  -4.5763351483677807E-003  p(1,1,1)=   81983239.175791740     
 DEBUG T iter        1350 min   299.99999999999744      max   300.00000000000489     
 DEBUG T iter        1400 min   299.99999999999704      max   300.00000000000472     
   SIMPLE iter        1400  res_p=  0.60980162211738476       u(1,1,1)=  -4.5763351495440759E-003  p(1,1,1)=   81983239.175780356     
 DEBUG T iter        1450 min   299.99999999999710      max   300.00000000000477     
 DEBUG T iter        1500 min   299.99999999999733      max   300.00000000000489     
   SIMPLE iter        1500  res_p=  0.60980162211211197       u(1,1,1)=  -4.5763351517656503E-003  p(1,1,1)=   81983239.175777763     
 Porous solver Block           2  SIMPLE iterations:        1501  res_p:  0.60980162211211197     
 --------------Force and Moment -----------------------------
 Total Force Coefficient (CL, CD, CS) =
   0.0000000000000000        11.066477285377914        0.0000000000000000     
 Total Moment Coefficient(CMx, CMy, CMz)=
   0.0000000000000000        5.5332386426889570        3.8523964183951875E-003
 Kstep, t=          40   40.000000000000000     
 ----------The Max Residuals are--------  ---Mesh---           1
    0.2694270250E-10    0.4483398492E-11    0.7190766537E-12    0.1058791184E-20    0.1016482706E-10
   The R.M.S Residuals are 
    0.2887531418E-11    0.4056846437E-12    0.7690494714E-13    0.1730015068E-21    0.1149445065E-11
 write flow3d.dat ......
 write flow3d.dat OK
 Output Ts to Ts_block_2.dat
 write VTK files ......
 write VTK files OK
 CPU wall time in this step:   6.9018604020000112     
 Averaged CPU wall time is:   6.7310558211000000     
   DBG iter           1  maxU2=   2.6257461045188810E-002  maxFi=   6.9947473562238653E-006  maxFj=  0.40232119053031989       Fi(21,1,1)=  -4.0392773176789219E-007  Fi(21,21,1)=   0.0000000000000000       Fi(41,21,1)=   0.0000000000000000     
   DBG div max=  0.52753236129332559       res_p=  0.52753236129332559     
   SIMPLE iter           1  res_p=  0.52753236129332559       u(1,1,1)=  -6.3512930926970124E-003  p(1,1,1)=   81985933.384581640     
   DBG iter           2  maxU2=   2.6257461045188810E-002  maxFi=   9.4351495847751579E-006  maxFj=  0.58557735529528709       Fi(21,1,1)=  -4.0653609260223899E-007  Fi(21,21,1)=   0.0000000000000000       Fi(41,21,1)=   0.0000000000000000     
   DBG div max=  0.60434899160149302       res_p=  0.60434899160149302     
   SIMPLE iter           2  res_p=  0.60434899160149302       u(1,1,1)=  -4.9423492665338024E-003  p(1,1,1)=   81986981.388199016     
   DBG iter           3  maxU2=   1.7831236393401284E-002  maxFi=   8.9752722650050220E-006  maxFj=  0.58695702641910574       Fi(21,1,1)=  -4.0748682589748125E-007  Fi(21,21,1)=   0.0000000000000000       Fi(41,21,1)=   0.0000000000000000     
   DBG div max=  0.58695689909595838       res_p=  0.58695689909595838     
   SIMPLE iter           3  res_p=  0.58695689909595838       u(1,1,1)=  -3.9946781679415545E-003  p(1,1,1)=   81986279.539458409     
   SIMPLE iter           4  res_p=  0.58621500560203199       u(1,1,1)=  -4.3792416550778729E-003  p(1,1,1)=   81986049.124061614     
   SIMPLE iter           5  res_p=  0.59340936031545999       u(1,1,1)=  -4.5148722612247246E-003  p(1,1,1)=   81985991.437289178     
 DEBUG T iter          50 min   299.99999999999739      max   300.00000000000421     
 DEBUG T iter         100 min   299.99999999999733      max   300.00000000000466     
   SIMPLE iter         100  res_p=  0.61124865601597822       u(1,1,1)=  -4.5728604945359458E-003  p(1,1,1)=   81983952.890853629     
 DEBUG T iter         150 min   299.99999999999704      max   300.00000000000483     
 DEBUG T iter         200 min   299.99999999999721      max   300.00000000000500     
   SIMPLE iter         200  res_p=  0.61013336556585662       u(1,1,1)=  -4.5755033924906787E-003  p(1,1,1)=   81983402.605867341     
 DEBUG T iter         250 min   299.99999999999727      max   300.00000000000472     
 DEBUG T iter         300 min   299.99999999999727      max   300.00000000000495     
   SIMPLE iter         300  res_p=  0.60987763462094136       u(1,1,1)=  -4.5761417857057172E-003  p(1,1,1)=   81983276.592216402     
 DEBUG T iter         350 min   299.99999999999721      max   300.00000000000483     
 DEBUG T iter         400 min   299.99999999999721      max   300.00000000000477     
   SIMPLE iter         400  res_p=  0.60981903502519041       u(1,1,1)=  -4.5762905332415163E-003  p(1,1,1)=   81983247.741504177     
 DEBUG T iter         450 min   299.99999999999733      max   300.00000000000500     
 DEBUG T iter         500 min   299.99999999999727      max   300.00000000000495     
   SIMPLE iter         500  res_p=  0.60980561056456273       u(1,1,1)=  -4.5763248897528752E-003  p(1,1,1)=   81983241.136660039     
 DEBUG T iter         550 min   299.99999999999682      max   300.00000000000477     
 DEBUG T iter         600 min   299.99999999999721      max   300.00000000000523     
   SIMPLE iter         600  res_p=  0.60980253559835040       u(1,1,1)=  -4.5763327978329011E-003  p(1,1,1)=   81983239.624658063     
 DEBUG T iter         650 min   299.99999999999693      max   300.00000000000460     
 DEBUG T iter         700 min   299.99999999999733      max   300.00000000000512     
   SIMPLE iter         700  res_p=  0.60980183131730825       u(1,1,1)=  -4.5763346103592038E-003  p(1,1,1)=   81983239.278532773     
 DEBUG T iter         750 min   299.99999999999727      max   300.00000000000489     
 DEBUG T iter         800 min   299.99999999999704      max   300.00000000000500     
   SIMPLE iter         800  res_p=  0.60980167002085517       u(1,1,1)=  -4.5763350236893230E-003  p(1,1,1)=   81983239.199299052     
 DEBUG T iter         850 min   299.99999999999710      max   300.00000000000489     
 DEBUG T iter         900 min   299.99999999999733      max   300.00000000000477     
   SIMPLE iter         900  res_p=  0.60980163308200430       u(1,1,1)=  -4.5763351231140042E-003  p(1,1,1)=   81983239.181161225     
 DEBUG T iter         950 min   299.99999999999716      max   300.00000000000477     
 DEBUG T iter        1000 min   299.99999999999733      max   300.00000000000506     
   SIMPLE iter        1000  res_p=  0.60980162462284548       u(1,1,1)=  -4.5763351410541032E-003  p(1,1,1)=   81983239.177009165     
 DEBUG T iter        1050 min   299.99999999999710      max   300.00000000000517     
 DEBUG T iter        1100 min   299.99999999999727      max   300.00000000000495     
   SIMPLE iter        1100  res_p=  0.60980162268572191       u(1,1,1)=  -4.5763351473157039E-003  p(1,1,1)=   81983239.176058695     
 DEBUG T iter        1150 min   299.99999999999716      max   300.00000000000483     
 DEBUG T iter        1200 min   299.99999999999682      max   300.00000000000506     
   SIMPLE iter        1200  res_p=  0.60980162224214962       u(1,1,1)=  -4.5763351498303156E-003  p(1,1,1)=   81983239.175841153     
 DEBUG T iter        1250 min   299.99999999999727      max   300.00000000000489     
 DEBUG T iter        1300 min   299.99999999999739      max   300.00000000000477     
   SIMPLE iter        1300  res_p=  0.60980162214058986       u(1,1,1)=  -4.5763351472494279E-003  p(1,1,1)=   81983239.175791308     
 DEBUG T iter        1350 min   299.99999999999727      max   300.00000000000472     
 DEBUG T iter        1400 min   299.99999999999699      max   300.00000000000477     
   SIMPLE iter        1400  res_p=  0.60980162211734579       u(1,1,1)=  -4.5763351481622958E-003  p(1,1,1)=   81983239.175779924     
 DEBUG T iter        1450 min   299.99999999999704      max   300.00000000000500     
 DEBUG T iter        1500 min   299.99999999999704      max   300.00000000000472     
   SIMPLE iter        1500  res_p=  0.60980162211207845       u(1,1,1)=  -4.5763351503656695E-003  p(1,1,1)=   81983239.175777331     
 Porous solver Block           2  SIMPLE iterations:        1501  res_p:  0.60980162211207845     
 --------------Force and Moment -----------------------------
 Total Force Coefficient (CL, CD, CS) =
   0.0000000000000000        11.066477286804002        0.0000000000000000     
 Total Moment Coefficient(CMx, CMy, CMz)=
   0.0000000000000000        5.5332386434020009        3.8523964175993797E-003
 Kstep, t=          41   41.000000000000000     
 ----------The Max Residuals are--------  ---Mesh---           1
    0.2679220942E-10    0.4544716899E-11    0.6816962359E-12    0.9529120657E-21    0.9975303851E-11
   The R.M.S Residuals are 
    0.2875215193E-11    0.4145219296E-12    0.7392369550E-13    0.1818657319E-21    0.1123426828E-11
 CPU wall time in this step:   7.1669200339999861     
 Averaged CPU wall time is:   6.7416866555609749     
   DBG iter           1  maxU2=   2.6257461045374644E-002  maxFi=   6.9947473549449954E-006  maxFj=  0.40232119053009752       Fi(21,1,1)=  -4.0392773346724855E-007  Fi(21,21,1)=   0.0000000000000000       Fi(41,21,1)=   0.0000000000000000     
   DBG div max=  0.52753236129311287       res_p=  0.52753236129311287     
   SIMPLE iter           1  res_p=  0.52753236129311287       u(1,1,1)=  -6.3512930902996307E-003  p(1,1,1)=   81985933.384581208     
   DBG iter           2  maxU2=   2.6257461045374644E-002  maxFi=   9.4351495835023690E-006  maxFj=  0.58557735529499622       Fi(21,1,1)=  -4.0653609387957453E-007  Fi(21,21,1)=   0.0000000000000000       Fi(41,21,1)=   0.0000000000000000     
   DBG div max=  0.60434899160126232       res_p=  0.60434899160126232     
   SIMPLE iter           2  res_p=  0.60434899160126232       u(1,1,1)=  -4.9423492651327816E-003  p(1,1,1)=   81986981.388198584     
   DBG iter           3  maxU2=   1.7831236308347209E-002  maxFi=   8.9752722619945737E-006  maxFj=  0.58695702641880698       Fi(21,1,1)=  -4.0748682721597358E-007  Fi(21,21,1)=   0.0000000000000000       Fi(41,21,1)=   0.0000000000000000     
   DBG div max=  0.58695689909565962       res_p=  0.58695689909565962     
   SIMPLE iter           3  res_p=  0.58695689909565962       u(1,1,1)=  -3.9946781672198957E-003  p(1,1,1)=   81986279.539457977     
   SIMPLE iter           4  res_p=  0.58621500560168704       u(1,1,1)=  -4.3792416548583497E-003  p(1,1,1)=   81986049.124061182     
   SIMPLE iter           5  res_p=  0.59340936031510239       u(1,1,1)=  -4.5148722609231837E-003  p(1,1,1)=   81985991.437288746     
 DEBUG T iter          50 min   299.99999999999778      max   300.00000000000415     
 DEBUG T iter         100 min   299.99999999999716      max   300.00000000000438     
   SIMPLE iter         100  res_p=  0.61124865601586098       u(1,1,1)=  -4.5728604942099479E-003  p(1,1,1)=   81983952.890853286     
 DEBUG T iter         150 min   299.99999999999733      max   300.00000000000500     
 DEBUG T iter         200 min   299.99999999999727      max   300.00000000000506     
   SIMPLE iter         200  res_p=  0.61013336556580389       u(1,1,1)=  -4.5755033917317207E-003  p(1,1,1)=   81983402.605867028     
 DEBUG T iter         250 min   299.99999999999721      max   300.00000000000506     
 DEBUG T iter         300 min   299.99999999999704      max   300.00000000000512     
   SIMPLE iter         300  res_p=  0.60987763462090361       u(1,1,1)=  -4.5761417817827311E-003  p(1,1,1)=   81983276.592216089     
 DEBUG T iter         350 min   299.99999999999710      max   300.00000000000472     
 DEBUG T iter         400 min   299.99999999999721      max   300.00000000000500     
   SIMPLE iter         400  res_p=  0.60981903502517132       u(1,1,1)=  -4.5762905327609519E-003  p(1,1,1)=   81983247.741503865     
 DEBUG T iter         450 min   299.99999999999716      max   300.00000000000500     
 DEBUG T iter         500 min   299.99999999999704      max   300.00000000000483     
   SIMPLE iter         500  res_p=  0.60980561056453941       u(1,1,1)=  -4.5763248892981860E-003  p(1,1,1)=   81983241.136659741     
 DEBUG T iter         550 min   299.99999999999727      max   300.00000000000477     
 DEBUG T iter         600 min   299.99999999999721      max   300.00000000000500     
   SIMPLE iter         600  res_p=  0.60980253559832454       u(1,1,1)=  -4.5763327974758135E-003  p(1,1,1)=   81983239.624657750     
 DEBUG T iter         650 min   299.99999999999721      max   300.00000000000517     
 DEBUG T iter         700 min   299.99999999999687      max   300.00000000000483     
   SIMPLE iter         700  res_p=  0.60980183131728549       u(1,1,1)=  -4.5763346101275288E-003  p(1,1,1)=   81983239.278532460     
 DEBUG T iter         750 min   299.99999999999716      max   300.00000000000489     
 DEBUG T iter         800 min   299.99999999999710      max   300.00000000000506     
   SIMPLE iter         800  res_p=  0.60980167002083185       u(1,1,1)=  -4.5763350266694496E-003  p(1,1,1)=   81983239.199298754     
 DEBUG T iter         850 min   299.99999999999727      max   300.00000000000460     
 DEBUG T iter         900 min   299.99999999999710      max   300.00000000000489     
   SIMPLE iter         900  res_p=  0.60980163308198343       u(1,1,1)=  -4.5763351218293582E-003  p(1,1,1)=   81983239.181160912     
 DEBUG T iter         950 min   299.99999999999750      max   300.00000000000472     
 DEBUG T iter        1000 min   299.99999999999744      max   300.00000000000477     
   SIMPLE iter        1000  res_p=  0.60980162462281073       u(1,1,1)=  -4.5763351432734599E-003  p(1,1,1)=   81983239.177008867     
 DEBUG T iter        1050 min   299.99999999999716      max   300.00000000000483     
 DEBUG T iter        1100 min   299.99999999999744      max   300.00000000000495     
   SIMPLE iter        1100  res_p=  0.60980162268570026       u(1,1,1)=  -4.5763351492469464E-003  p(1,1,1)=   81983239.176058397     
 DEBUG T iter        1150 min   299.99999999999716      max   300.00000000000472     
 DEBUG T iter        1200 min   299.99999999999733      max   300.00000000000477     
   SIMPLE iter        1200  res_p=  0.60980162224211609       u(1,1,1)=  -4.5763351495542925E-003  p(1,1,1)=   81983239.175840840     
 DEBUG T iter        1250 min   299.99999999999739      max   300.00000000000466     
 DEBUG T iter        1300 min   299.99999999999739      max   300.00000000000449     
   SIMPLE iter        1300  res_p=  0.60980162214054778       u(1,1,1)=  -4.5763351501882706E-003  p(1,1,1)=   81983239.175791010     
 DEBUG T iter        1350 min   299.99999999999750      max   300.00000000000472     
 DEBUG T iter        1400 min   299.99999999999739      max   300.00000000000529     
   SIMPLE iter        1400  res_p=  0.60980162211731159       u(1,1,1)=  -4.5763351502747414E-003  p(1,1,1)=   81983239.175779611     
 DEBUG T iter        1450 min   299.99999999999721      max   300.00000000000500     
 DEBUG T iter        1500 min   299.99999999999721      max   300.00000000000483     
   SIMPLE iter        1500  res_p=  0.60980162211205435       u(1,1,1)=  -4.5763351495197897E-003  p(1,1,1)=   81983239.175777018     
 Porous solver Block           2  SIMPLE iterations:        1501  res_p:  0.60980162211205435     
 --------------Force and Moment -----------------------------
 Total Force Coefficient (CL, CD, CS) =
   0.0000000000000000        11.066477287618909        0.0000000000000000     
 Total Moment Coefficient(CMx, CMy, CMz)=
   0.0000000000000000        5.5332386438094545        3.8523964169172586E-003
 Kstep, t=          42   42.000000000000000     
 ----------The Max Residuals are--------  ---Mesh---           1
    0.2666845038E-10    0.4626395894E-11    0.6747770203E-12    0.1138200523E-20    0.9782177275E-11
   The R.M.S Residuals are 
    0.2865108143E-11    0.4240089053E-12    0.7155783771E-13    0.1763831495E-21    0.1096694759E-11
 CPU wall time in this step:   6.8799137089999931     
 Averaged CPU wall time is:   6.7449777758809519     
   DBG iter           1  maxU2=   2.6257461045813016E-002  maxFi=   6.9947473549521546E-006  maxFj=  0.40232119052985288       Fi(21,1,1)=  -4.0392773353808554E-007  Fi(21,21,1)=   0.0000000000000000       Fi(41,21,1)=   0.0000000000000000     
   DBG div max=  0.52753236129286729       res_p=  0.52753236129286729     
   SIMPLE iter           1  res_p=  0.52753236129286729       u(1,1,1)=  -6.3512930884600804E-003  p(1,1,1)=   81985933.384580895     
   DBG iter           2  maxU2=   2.6257461045813016E-002  maxFi=   9.4351495835083947E-006  maxFj=  0.58557735529466926       Fi(21,1,1)=  -4.0653609436828930E-007  Fi(21,21,1)=   0.0000000000000000       Fi(41,21,1)=   0.0000000000000000     
   DBG div max=  0.60434899160098321       res_p=  0.60434899160098321     
   SIMPLE iter           2  res_p=  0.60434899160098321       u(1,1,1)=  -4.9423492658913415E-003  p(1,1,1)=   81986981.388198271     
   DBG iter           3  maxU2=   1.7831236227834876E-002  maxFi=   8.9752722633081575E-006  maxFj=  0.58695702641847580       Fi(21,1,1)=  -4.0748682766523525E-007  Fi(21,21,1)=   0.0000000000000000       Fi(41,21,1)=   0.0000000000000000     
   DBG div max=  0.58695689909532855       res_p=  0.58695689909532855     
   SIMPLE iter           3  res_p=  0.58695689909532855       u(1,1,1)=  -3.9946781684432045E-003  p(1,1,1)=   81986279.539457664     
   SIMPLE iter           4  res_p=  0.58621500560131634       u(1,1,1)=  -4.3792416534679177E-003  p(1,1,1)=   81986049.124060869     
   SIMPLE iter           5  res_p=  0.59340936031473468       u(1,1,1)=  -4.5148722599924144E-003  p(1,1,1)=   81985991.437288433     
 DEBUG T iter          50 min   299.99999999999778      max   300.00000000000415     
 DEBUG T iter         100 min   299.99999999999721      max   300.00000000000455     
   SIMPLE iter         100  res_p=  0.61124865601571265       u(1,1,1)=  -4.5728604942404036E-003  p(1,1,1)=   81983952.890853062     
 DEBUG T iter         150 min   299.99999999999721      max   300.00000000000466     
 DEBUG T iter         200 min   299.99999999999710      max   300.00000000000460     
   SIMPLE iter         200  res_p=  0.61013336556574871       u(1,1,1)=  -4.5755033911465204E-003  p(1,1,1)=   81983402.605866835     
 DEBUG T iter         250 min   299.99999999999721      max   300.00000000000489     
 DEBUG T iter         300 min   299.99999999999716      max   300.00000000000466     
   SIMPLE iter         300  res_p=  0.60987763462087186       u(1,1,1)=  -4.5761417845602637E-003  p(1,1,1)=   81983276.592215896     
 DEBUG T iter         350 min   299.99999999999727      max   300.00000000000455     
 DEBUG T iter         400 min   299.99999999999710      max   300.00000000000483     
   SIMPLE iter         400  res_p=  0.60981903502513179       u(1,1,1)=  -4.5762905353595850E-003  p(1,1,1)=   81983247.741503671     
 DEBUG T iter         450 min   299.99999999999733      max   300.00000000000460     
 DEBUG T iter         500 min   299.99999999999710      max   300.00000000000483     
   SIMPLE iter         500  res_p=  0.60980561056448668       u(1,1,1)=  -4.5763248891637423E-003  p(1,1,1)=   81983241.136659548     
 DEBUG T iter         550 min   299.99999999999716      max   300.00000000000483     
 DEBUG T iter         600 min   299.99999999999693      max   300.00000000000489     
   SIMPLE iter         600  res_p=  0.60980253559829167       u(1,1,1)=  -4.5763327939316390E-003  p(1,1,1)=   81983239.624657556     
 DEBUG T iter         650 min   299.99999999999721      max   300.00000000000495     
 DEBUG T iter         700 min   299.99999999999733      max   300.00000000000489     
   SIMPLE iter         700  res_p=  0.60980183131723442       u(1,1,1)=  -4.5763346120056029E-003  p(1,1,1)=   81983239.278532282     
 DEBUG T iter         750 min   299.99999999999727      max   300.00000000000506     
 DEBUG T iter         800 min   299.99999999999716      max   300.00000000000477     
   SIMPLE iter         800  res_p=  0.60980167002078312       u(1,1,1)=  -4.5763350227148959E-003  p(1,1,1)=   81983239.199298561     
 DEBUG T iter         850 min   299.99999999999727      max   300.00000000000483     
 DEBUG T iter         900 min   299.99999999999733      max   300.00000000000460     
   SIMPLE iter         900  res_p=  0.60980163308192392       u(1,1,1)=  -4.5763351224915655E-003  p(1,1,1)=   81983239.181160733     
 DEBUG T iter         950 min   299.99999999999733      max   300.00000000000477     
 DEBUG T iter        1000 min   299.99999999999733      max   300.00000000000483     
   SIMPLE iter        1000  res_p=  0.60980162462277765       u(1,1,1)=  -4.5763351427389248E-003  p(1,1,1)=   81983239.177008674     
 DEBUG T iter        1050 min   299.99999999999744      max   300.00000000000483     
 DEBUG T iter        1100 min   299.99999999999727      max   300.00000000000483     
   SIMPLE iter        1100  res_p=  0.60980162268564864       u(1,1,1)=  -4.5763351463099511E-003  p(1,1,1)=   81983239.176058203     
 DEBUG T iter        1150 min   299.99999999999716      max   300.00000000000483     
 DEBUG T iter        1200 min   299.99999999999739      max   300.00000000000477     
   SIMPLE iter        1200  res_p=  0.60980162224207890       u(1,1,1)=  -4.5763351497348625E-003  p(1,1,1)=   81983239.175840646     
 DEBUG T iter        1250 min   299.99999999999733      max   300.00000000000472     
 DEBUG T iter        1300 min   299.99999999999710      max   300.00000000000483     
   SIMPLE iter        1300  res_p=  0.60980162214050937       u(1,1,1)=  -4.5763351492419651E-003  p(1,1,1)=   81983239.175790817     
 DEBUG T iter        1350 min   299.99999999999727      max   300.00000000000466     
 DEBUG T iter        1400 min   299.99999999999721      max   300.00000000000455     
   SIMPLE iter        1400  res_p=  0.60980162211727562       u(1,1,1)=  -4.5763351495172969E-003  p(1,1,1)=   81983239.175779432     
 DEBUG T iter        1450 min   299.99999999999710      max   300.00000000000489     
 DEBUG T iter        1500 min   299.99999999999739      max   300.00000000000500     
   SIMPLE iter        1500  res_p=  0.60980162211200883       u(1,1,1)=  -4.5763351468657123E-003  p(1,1,1)=   81983239.175776824     
 Porous solver Block           2  SIMPLE iterations:        1501  res_p:  0.60980162211200883     
 --------------Force and Moment -----------------------------
 Total Force Coefficient (CL, CD, CS) =
   0.0000000000000000        11.066477287851740        0.0000000000000000     
 Total Moment Coefficient(CMx, CMy, CMz)=
   0.0000000000000000        5.5332386439258698        3.8523964164483004E-003
 Kstep, t=          43   43.000000000000000     
 ----------The Max Residuals are--------  ---Mesh---           1
    0.2655306727E-10    0.4710318879E-11    0.6761628475E-12    0.1297019200E-20    0.9623093609E-11
   The R.M.S Residuals are 
    0.2854693380E-11    0.4321065337E-12    0.6965510306E-13    0.1811093644E-21    0.1071047783E-11
 CPU wall time in this step:   6.5748964690000093     
 Averaged CPU wall time is:   6.7410223966511627     
   DBG iter           1  maxU2=   2.6257461046386429E-002  maxFi=   6.9947473549598363E-006  maxFj=  0.40232119052959026       Fi(21,1,1)=  -4.0392773438424594E-007  Fi(21,21,1)=   0.0000000000000000       Fi(41,21,1)=   0.0000000000000000     
   DBG div max=  0.52753236129259262       res_p=  0.52753236129259262     
   SIMPLE iter           1  res_p=  0.52753236129259262       u(1,1,1)=  -6.3512930847644099E-003  p(1,1,1)=   81985933.384580702     
   DBG iter           2  maxU2=   2.6257461046386429E-002  maxFi=   9.4351495848236031E-006  maxFj=  0.58557735529432609       Fi(21,1,1)=  -4.0653609437616956E-007  Fi(21,21,1)=   0.0000000000000000       Fi(41,21,1)=   0.0000000000000000     
   DBG div max=  0.60434899160067079       res_p=  0.60434899160067079     
   SIMPLE iter           2  res_p=  0.60434899160067079       u(1,1,1)=  -4.9423492640459201E-003  p(1,1,1)=   81986981.388198078     
   DBG iter           3  maxU2=   1.7831236152758646E-002  maxFi=   8.9752722632875051E-006  maxFj=  0.58695702641812242       Fi(21,1,1)=  -4.0748682776496857E-007  Fi(21,21,1)=   0.0000000000000000       Fi(41,21,1)=   0.0000000000000000     
   DBG div max=  0.58695689909497517       res_p=  0.58695689909497517     
   SIMPLE iter           3  res_p=  0.58695689909497517       u(1,1,1)=  -3.9946781700702354E-003  p(1,1,1)=   81986279.539457470     
   SIMPLE iter           4  res_p=  0.58621500560094020       u(1,1,1)=  -4.3792416543742153E-003  p(1,1,1)=   81986049.124060676     
   SIMPLE iter           5  res_p=  0.59340936031434477       u(1,1,1)=  -4.5148722595886341E-003  p(1,1,1)=   81985991.437288240     
 DEBUG T iter          50 min   299.99999999999744      max   300.00000000000438     
 DEBUG T iter         100 min   299.99999999999739      max   300.00000000000466     
   SIMPLE iter         100  res_p=  0.61124865601558298       u(1,1,1)=  -4.5728604944691676E-003  p(1,1,1)=   81983952.890852958     
 DEBUG T iter         150 min   299.99999999999744      max   300.00000000000472     
 DEBUG T iter         200 min   299.99999999999750      max   300.00000000000495     
   SIMPLE iter         200  res_p=  0.61013336556568265       u(1,1,1)=  -4.5755033894385681E-003  p(1,1,1)=   81983402.605866745     
 DEBUG T iter         250 min   299.99999999999699      max   300.00000000000500     
 DEBUG T iter         300 min   299.99999999999739      max   300.00000000000500     
   SIMPLE iter         300  res_p=  0.60987763462080891       u(1,1,1)=  -4.5761417828636339E-003  p(1,1,1)=   81983276.592215821     
 DEBUG T iter         350 min   299.99999999999733      max   300.00000000000517     
 DEBUG T iter         400 min   299.99999999999721      max   300.00000000000506     
   SIMPLE iter         400  res_p=  0.60981903502508561       u(1,1,1)=  -4.5762905331659907E-003  p(1,1,1)=   81983247.741503611     
 DEBUG T iter         450 min   299.99999999999739      max   300.00000000000489     
 DEBUG T iter         500 min   299.99999999999716      max   300.00000000000472     
   SIMPLE iter         500  res_p=  0.60980561056444393       u(1,1,1)=  -4.5763248912080758E-003  p(1,1,1)=   81983241.136659473     
 DEBUG T iter         550 min   299.99999999999744      max   300.00000000000483     
 DEBUG T iter         600 min   299.99999999999727      max   300.00000000000477     
   SIMPLE iter         600  res_p=  0.60980253559824604       u(1,1,1)=  -4.5763327962735183E-003  p(1,1,1)=   81983239.624657497     
 DEBUG T iter         650 min   299.99999999999716      max   300.00000000000477     
 DEBUG T iter         700 min   299.99999999999721      max   300.00000000000477     
   SIMPLE iter         700  res_p=  0.60980183131719490       u(1,1,1)=  -4.5763346095142182E-003  p(1,1,1)=   81983239.278532207     
 DEBUG T iter         750 min   299.99999999999721      max   300.00000000000483     
 DEBUG T iter         800 min   299.99999999999727      max   300.00000000000500     
   SIMPLE iter         800  res_p=  0.60980167002073760       u(1,1,1)=  -4.5763350261532661E-003  p(1,1,1)=   81983239.199298501     
 DEBUG T iter         850 min   299.99999999999721      max   300.00000000000495     
 DEBUG T iter         900 min   299.99999999999704      max   300.00000000000483     
   SIMPLE iter         900  res_p=  0.60980163308188318       u(1,1,1)=  -4.5763351251999875E-003  p(1,1,1)=   81983239.181160659     
 DEBUG T iter         950 min   299.99999999999721      max   300.00000000000477     
 DEBUG T iter        1000 min   299.99999999999721      max   300.00000000000477     
   SIMPLE iter        1000  res_p=  0.60980162462272969       u(1,1,1)=  -4.5763351432358849E-003  p(1,1,1)=   81983239.177008614     
 DEBUG T iter        1050 min   299.99999999999721      max   300.00000000000472     
 DEBUG T iter        1100 min   299.99999999999733      max   300.00000000000495     
   SIMPLE iter        1100  res_p=  0.60980162268560067       u(1,1,1)=  -4.5763351466716791E-003  p(1,1,1)=   81983239.176058128     
 DEBUG T iter        1150 min   299.99999999999710      max   300.00000000000489     
 DEBUG T iter        1200 min   299.99999999999710      max   300.00000000000506     
   SIMPLE iter        1200  res_p=  0.60980162224201895       u(1,1,1)=  -4.5763351488457586E-003  p(1,1,1)=   81983239.175840572     
 DEBUG T iter        1250 min   299.99999999999739      max   300.00000000000477     
 DEBUG T iter        1300 min   299.99999999999721      max   300.00000000000489     
   SIMPLE iter        1300  res_p=  0.60980162214045364       u(1,1,1)=  -4.5763351469114222E-003  p(1,1,1)=   81983239.175790742     
 DEBUG T iter        1350 min   299.99999999999739      max   300.00000000000506     
 DEBUG T iter        1400 min   299.99999999999699      max   300.00000000000483     
   SIMPLE iter        1400  res_p=  0.60980162211722766       u(1,1,1)=  -4.5763351475003895E-003  p(1,1,1)=   81983239.175779358     
 DEBUG T iter        1450 min   299.99999999999721      max   300.00000000000489     
 DEBUG T iter        1500 min   299.99999999999716      max   300.00000000000500     
   SIMPLE iter        1500  res_p=  0.60980162211195610       u(1,1,1)=  -4.5763351500115092E-003  p(1,1,1)=   81983239.175776765     
 Porous solver Block           2  SIMPLE iterations:        1501  res_p:  0.60980162211195610     
 --------------Force and Moment -----------------------------
 Total Force Coefficient (CL, CD, CS) =
   0.0000000000000000        11.066477287648013        0.0000000000000000     
 Total Moment Coefficient(CMx, CMy, CMz)=
   0.0000000000000000        5.5332386438240064        3.8523964162351376E-003
 Kstep, t=          44   44.000000000000000     
 ----------The Max Residuals are--------  ---Mesh---           1
    0.2643121783E-10    0.4781882147E-11    0.6788261359E-12    0.1058791184E-20    0.9467898919E-11
   The R.M.S Residuals are 
    0.2842106825E-11    0.4374016702E-12    0.6810476304E-13    0.1819025149E-21    0.1047878427E-11
 CPU wall time in this step:   6.5970786770000132     
 Averaged CPU wall time is:   6.7377509484772728     
   DBG iter           1  maxU2=   2.6257461045655732E-002  maxFi=   6.9947473562407085E-006  maxFj=  0.40232119052937809       Fi(21,1,1)=  -4.0392773450353322E-007  Fi(21,21,1)=   0.0000000000000000       Fi(41,21,1)=   0.0000000000000000     
   DBG div max=  0.52753236129238490       res_p=  0.52753236129238490     
   SIMPLE iter           1  res_p=  0.52753236129238490       u(1,1,1)=  -6.3512930869606184E-003  p(1,1,1)=   81985933.384580627     
   DBG iter           2  maxU2=   2.6257461045655732E-002  maxFi=   9.4351495852055811E-006  maxFj=  0.58557735529404242       Fi(21,1,1)=  -4.0653609533377932E-007  Fi(21,21,1)=   0.0000000000000000       Fi(41,21,1)=   0.0000000000000000     
   DBG div max=  0.60434899160044175       res_p=  0.60434899160044175     
   SIMPLE iter           2  res_p=  0.60434899160044175       u(1,1,1)=  -4.9423492633295296E-003  p(1,1,1)=   81986981.388198003     
   DBG iter           3  maxU2=   1.7831236084367479E-002  maxFi=   8.9752722649706985E-006  maxFj=  0.58695702641783509       Fi(21,1,1)=  -4.0748682994325366E-007  Fi(21,21,1)=   0.0000000000000000       Fi(41,21,1)=   0.0000000000000000     
   DBG div max=  0.58695689909468796       res_p=  0.58695689909468796     
   SIMPLE iter           3  res_p=  0.58695689909468796       u(1,1,1)=  -3.9946781701161553E-003  p(1,1,1)=   81986279.539457396     
   SIMPLE iter           4  res_p=  0.58621500560061257       u(1,1,1)=  -4.3792416544563362E-003  p(1,1,1)=   81986049.124060601     
   SIMPLE iter           5  res_p=  0.59340936031401659       u(1,1,1)=  -4.5148722606957979E-003  p(1,1,1)=   81985991.437288165     
 DEBUG T iter          50 min   299.99999999999750      max   300.00000000000438     
 DEBUG T iter         100 min   299.99999999999699      max   300.00000000000460     
   SIMPLE iter         100  res_p=  0.61124865601547607       u(1,1,1)=  -4.5728604952673252E-003  p(1,1,1)=   81983952.890852943     
 DEBUG T iter         150 min   299.99999999999699      max   300.00000000000483     
 DEBUG T iter         200 min   299.99999999999716      max   300.00000000000495     
   SIMPLE iter         200  res_p=  0.61013336556561659       u(1,1,1)=  -4.5755033922566680E-003  p(1,1,1)=   81983402.605866775     
 DEBUG T iter         250 min   299.99999999999699      max   300.00000000000506     
 DEBUG T iter         300 min   299.99999999999704      max   300.00000000000466     
   SIMPLE iter         300  res_p=  0.60987763462075961       u(1,1,1)=  -4.5761417856125903E-003  p(1,1,1)=   81983276.592215851     
 DEBUG T iter         350 min   299.99999999999710      max   300.00000000000489     
 DEBUG T iter         400 min   299.99999999999727      max   300.00000000000500     
   SIMPLE iter         400  res_p=  0.60981903502502433       u(1,1,1)=  -4.5762905332973830E-003  p(1,1,1)=   81983247.741503641     
 DEBUG T iter         450 min   299.99999999999733      max   300.00000000000489     
 DEBUG T iter         500 min   299.99999999999721      max   300.00000000000512     
   SIMPLE iter         500  res_p=  0.60980561056440019       u(1,1,1)=  -4.5763248922426397E-003  p(1,1,1)=   81983241.136659503     
 DEBUG T iter         550 min   299.99999999999733      max   300.00000000000489     
 DEBUG T iter         600 min   299.99999999999710      max   300.00000000000466     
   SIMPLE iter         600  res_p=  0.60980253559819320       u(1,1,1)=  -4.5763327945422920E-003  p(1,1,1)=   81983239.624657527     
 DEBUG T iter         650 min   299.99999999999710      max   300.00000000000506     
 DEBUG T iter         700 min   299.99999999999693      max   300.00000000000512     
   SIMPLE iter         700  res_p=  0.60980183131714438       u(1,1,1)=  -4.5763346099112340E-003  p(1,1,1)=   81983239.278532237     
 DEBUG T iter         750 min   299.99999999999727      max   300.00000000000495     
 DEBUG T iter         800 min   299.99999999999739      max   300.00000000000489     
   SIMPLE iter         800  res_p=  0.60980167002070462       u(1,1,1)=  -4.5763350260645957E-003  p(1,1,1)=   81983239.199298531     
 DEBUG T iter         850 min   299.99999999999727      max   300.00000000000477     
 DEBUG T iter         900 min   299.99999999999721      max   300.00000000000495     
   SIMPLE iter         900  res_p=  0.60980163308183755       u(1,1,1)=  -4.5763351228992073E-003  p(1,1,1)=   81983239.181160688     
 DEBUG T iter         950 min   299.99999999999733      max   300.00000000000477     
 DEBUG T iter        1000 min   299.99999999999733      max   300.00000000000500     
   SIMPLE iter        1000  res_p=  0.60980162462268228       u(1,1,1)=  -4.5763351436740683E-003  p(1,1,1)=   81983239.177008629     
 DEBUG T iter        1050 min   299.99999999999721      max   300.00000000000489     
 DEBUG T iter        1100 min   299.99999999999710      max   300.00000000000500     
   SIMPLE iter        1100  res_p=  0.60980162268555749       u(1,1,1)=  -4.5763351470811597E-003  p(1,1,1)=   81983239.176058158     
 DEBUG T iter        1150 min   299.99999999999699      max   300.00000000000500     
 DEBUG T iter        1200 min   299.99999999999727      max   300.00000000000483     
   SIMPLE iter        1200  res_p=  0.60980162224199252       u(1,1,1)=  -4.5763351495715001E-003  p(1,1,1)=   81983239.175840601     
 DEBUG T iter        1250 min   299.99999999999727      max   300.00000000000483     
 DEBUG T iter        1300 min   299.99999999999727      max   300.00000000000500     
   SIMPLE iter        1300  res_p=  0.60980162214042599       u(1,1,1)=  -4.5763351498779902E-003  p(1,1,1)=   81983239.175790772     
 DEBUG T iter        1350 min   299.99999999999739      max   300.00000000000489     
 DEBUG T iter        1400 min   299.99999999999704      max   300.00000000000495     
   SIMPLE iter        1400  res_p=  0.60980162211717592       u(1,1,1)=  -4.5763351474271538E-003  p(1,1,1)=   81983239.175779387     
 DEBUG T iter        1450 min   299.99999999999704      max   300.00000000000500     
 DEBUG T iter        1500 min   299.99999999999721      max   300.00000000000500     
   SIMPLE iter        1500  res_p=  0.60980162211191336       u(1,1,1)=  -4.5763351495697671E-003  p(1,1,1)=   81983239.175776795     
 Porous solver Block           2  SIMPLE iterations:        1501  res_p:  0.60980162211191336     
 --------------Force and Moment -----------------------------
 Total Force Coefficient (CL, CD, CS) =
   0.0000000000000000        11.066477287589805        0.0000000000000000     
 Total Moment Coefficient(CMx, CMy, CMz)=
   0.0000000000000000        5.5332386437949026        3.8523964163630353E-003
 Kstep, t=          45   45.000000000000000     
 ----------The Max Residuals are--------  ---Mesh---           1
    0.2629254760E-10    0.4830972061E-11    0.6802671490E-12    0.1005851625E-20    0.9321735434E-11
   The R.M.S Residuals are 
    0.2826205725E-11    0.4391315532E-12    0.6681190341E-13    0.1858503834E-21    0.1028097502E-11
 CPU wall time in this step:   7.1101478049999969     
 Averaged CPU wall time is:   6.7460264341777778     
   DBG iter           1  maxU2=   2.6257461045975213E-002  maxFi=   6.9947473549621021E-006  maxFj=  0.40232119052921284       Fi(21,1,1)=  -4.0392773667530685E-007  Fi(21,21,1)=   0.0000000000000000       Fi(41,21,1)=   0.0000000000000000     
   DBG div max=  0.52753236129221670       res_p=  0.52753236129221670     
   SIMPLE iter           1  res_p=  0.52753236129221670       u(1,1,1)=  -6.3512930855707051E-003  p(1,1,1)=   81985933.384580657     
   DBG iter           2  maxU2=   2.6257461045975213E-002  maxFi=   9.4351495848218515E-006  maxFj=  0.58557735529382360       Fi(21,1,1)=  -4.0653609708209519E-007  Fi(21,21,1)=   0.0000000000000000       Fi(41,21,1)=   0.0000000000000000     
   DBG div max=  0.60434899160024236       res_p=  0.60434899160024236     
   SIMPLE iter           2  res_p=  0.60434899160024236       u(1,1,1)=  -4.9423492661477926E-003  p(1,1,1)=   81986981.388198033     
   DBG iter           3  maxU2=   1.7831236023413317E-002  maxFi=   8.9752722645863336E-006  maxFj=  0.58695702641760672       Fi(21,1,1)=  -4.0748683174543510E-007  Fi(21,21,1)=   0.0000000000000000       Fi(41,21,1)=   0.0000000000000000     
   DBG div max=  0.58695689909445969       res_p=  0.58695689909445969     
   SIMPLE iter           3  res_p=  0.58695689909445969       u(1,1,1)=  -3.9946781741624004E-003  p(1,1,1)=   81986279.539457411     
   SIMPLE iter           4  res_p=  0.58621500560037476       u(1,1,1)=  -4.3792416549880480E-003  p(1,1,1)=   81986049.124060616     
   SIMPLE iter           5  res_p=  0.59340936031377634       u(1,1,1)=  -4.5148722580454553E-003  p(1,1,1)=   81985991.437288180     
 DEBUG T iter          50 min   299.99999999999778      max   300.00000000000438     
 DEBUG T iter         100 min   299.99999999999710      max   300.00000000000455     
   SIMPLE iter         100  res_p=  0.61124865601536371       u(1,1,1)=  -4.5728604953988849E-003  p(1,1,1)=   81983952.890853032     
 DEBUG T iter         150 min   299.99999999999727      max   300.00000000000472     
 DEBUG T iter         200 min   299.99999999999727      max   300.00000000000483     
   SIMPLE iter         200  res_p=  0.61013336556556386       u(1,1,1)=  -4.5755033928484368E-003  p(1,1,1)=   81983402.605866864     
 DEBUG T iter         250 min   299.99999999999733      max   300.00000000000460     
 DEBUG T iter         300 min   299.99999999999733      max   300.00000000000483     
   SIMPLE iter         300  res_p=  0.60987763462071887       u(1,1,1)=  -4.5761417841469745E-003  p(1,1,1)=   81983276.592215940     
 DEBUG T iter         350 min   299.99999999999739      max   300.00000000000477     
 DEBUG T iter         400 min   299.99999999999733      max   300.00000000000472     
   SIMPLE iter         400  res_p=  0.60981903502498713       u(1,1,1)=  -4.5762905341850211E-003  p(1,1,1)=   81983247.741503730     
 DEBUG T iter         450 min   299.99999999999733      max   300.00000000000489     
 DEBUG T iter         500 min   299.99999999999716      max   300.00000000000489     
   SIMPLE iter         500  res_p=  0.60980561056436300       u(1,1,1)=  -4.5763248905614298E-003  p(1,1,1)=   81983241.136659607     
 DEBUG T iter         550 min   299.99999999999699      max   300.00000000000500     
 DEBUG T iter         600 min   299.99999999999727      max   300.00000000000489     
   SIMPLE iter         600  res_p=  0.60980253559814701       u(1,1,1)=  -4.5763327958900637E-003  p(1,1,1)=   81983239.624657616     
 DEBUG T iter         650 min   299.99999999999727      max   300.00000000000472     
 DEBUG T iter         700 min   299.99999999999721      max   300.00000000000500     
   SIMPLE iter         700  res_p=  0.60980183131711152       u(1,1,1)=  -4.5763346109847511E-003  p(1,1,1)=   81983239.278532326     
 DEBUG T iter         750 min   299.99999999999716      max   300.00000000000483     
 DEBUG T iter         800 min   299.99999999999733      max   300.00000000000495     
   SIMPLE iter         800  res_p=  0.60980167002065111       u(1,1,1)=  -4.5763350279344819E-003  p(1,1,1)=   81983239.199298620     
 DEBUG T iter         850 min   299.99999999999704      max   300.00000000000512     
 DEBUG T iter         900 min   299.99999999999733      max   300.00000000000512     
   SIMPLE iter         900  res_p=  0.60980163308179802       u(1,1,1)=  -4.5763351237365635E-003  p(1,1,1)=   81983239.181160778     
 DEBUG T iter         950 min   299.99999999999710      max   300.00000000000483     
 DEBUG T iter        1000 min   299.99999999999733      max   300.00000000000489     
   SIMPLE iter        1000  res_p=  0.60980162462264265       u(1,1,1)=  -4.5763351445476811E-003  p(1,1,1)=   81983239.177008733     
 DEBUG T iter        1050 min   299.99999999999716      max   300.00000000000477     
 DEBUG T iter        1100 min   299.99999999999727      max   300.00000000000495     
   SIMPLE iter        1100  res_p=  0.60980162268551907       u(1,1,1)=  -4.5763351473317769E-003  p(1,1,1)=   81983239.176058263     
 DEBUG T iter        1150 min   299.99999999999710      max   300.00000000000489     
 DEBUG T iter        1200 min   299.99999999999716      max   300.00000000000472     
   SIMPLE iter        1200  res_p=  0.60980162224193546       u(1,1,1)=  -4.5763351473895545E-003  p(1,1,1)=   81983239.175840706     
 DEBUG T iter        1250 min   299.99999999999721      max   300.00000000000460     
 DEBUG T iter        1300 min   299.99999999999704      max   300.00000000000489     
   SIMPLE iter        1300  res_p=  0.60980162214036537       u(1,1,1)=  -4.5763351511482510E-003  p(1,1,1)=   81983239.175790876     
 DEBUG T iter        1350 min   299.99999999999721      max   300.00000000000477     
 DEBUG T iter        1400 min   299.99999999999727      max   300.00000000000523     
   SIMPLE iter        1400  res_p=  0.60980162211713274       u(1,1,1)=  -4.5763351514540558E-003  p(1,1,1)=   81983239.175779477     
 DEBUG T iter        1450 min   299.99999999999733      max   300.00000000000500     
 DEBUG T iter        1500 min   299.99999999999727      max   300.00000000000495     
   SIMPLE iter        1500  res_p=  0.60980162211187439       u(1,1,1)=  -4.5763351486184777E-003  p(1,1,1)=   81983239.175776884     
 Porous solver Block           2  SIMPLE iterations:        1501  res_p:  0.60980162211187439     
 --------------Force and Moment -----------------------------
 Total Force Coefficient (CL, CD, CS) =
   0.0000000000000000        11.066477286949521        0.0000000000000000     
 Total Moment Coefficient(CMx, CMy, CMz)=
   0.0000000000000000        5.5332386434747605        3.8523964164625113E-003
 Kstep, t=          46   46.000000000000000     
 ----------The Max Residuals are--------  ---Mesh---           1
    0.2613144498E-10    0.4852219688E-11    0.6782490151E-12    0.1164670302E-20    0.9186344986E-11
   The R.M.S Residuals are 
    0.2806538766E-11    0.4371243487E-12    0.6567578712E-13    0.1811810479E-21    0.1012115864E-11
 CPU wall time in this step:   8.2165882610000267     
 Averaged CPU wall time is:   6.7779951695434786     
   DBG iter           1  maxU2=   2.6257461046224485E-002  maxFi=   6.9947473549711340E-006  maxFj=  0.40232119052910464       Fi(21,1,1)=  -4.0392773886837542E-007  Fi(21,21,1)=   0.0000000000000000       Fi(41,21,1)=   0.0000000000000000     
   DBG div max=  0.52753236129210990       res_p=  0.52753236129210990     
   SIMPLE iter           1  res_p=  0.52753236129210990       u(1,1,1)=  -6.3512930836644088E-003  p(1,1,1)=   81985933.384580746     
   DBG iter           2  maxU2=   2.6257461046224485E-002  maxFi=   9.4351495852489407E-006  maxFj=  0.58557735529368171       Fi(21,1,1)=  -4.0653609968785854E-007  Fi(21,21,1)=   0.0000000000000000       Fi(41,21,1)=   0.0000000000000000     
   DBG div max=  0.60434899160013200       res_p=  0.60434899160013200     
   SIMPLE iter           2  res_p=  0.60434899160013200       u(1,1,1)=  -4.9423492628435208E-003  p(1,1,1)=   81986981.388198122     
   DBG iter           3  maxU2=   1.7831235970278015E-002  maxFi=   8.9752722649722791E-006  maxFj=  0.58695702641746972       Fi(21,1,1)=  -4.0748683431550729E-007  Fi(21,21,1)=   0.0000000000000000       Fi(41,21,1)=   0.0000000000000000     
   DBG div max=  0.58695689909432269       res_p=  0.58695689909432269     
   SIMPLE iter           3  res_p=  0.58695689909432269       u(1,1,1)=  -3.9946781714060723E-003  p(1,1,1)=   81986279.539457515     
   SIMPLE iter           4  res_p=  0.58621500560021733       u(1,1,1)=  -4.3792416561709334E-003  p(1,1,1)=   81986049.124060720     
   SIMPLE iter           5  res_p=  0.59340936031361946       u(1,1,1)=  -4.5148722622490719E-003  p(1,1,1)=   81985991.437288284     
 DEBUG T iter          50 min   299.99999999999773      max   300.00000000000415     
 DEBUG T iter         100 min   299.99999999999750      max   300.00000000000455     
   SIMPLE iter         100  res_p=  0.61124865601528988       u(1,1,1)=  -4.5728604960812462E-003  p(1,1,1)=   81983952.890853152     
 DEBUG T iter         150 min   299.99999999999739      max   300.00000000000483     
 DEBUG T iter         200 min   299.99999999999704      max   300.00000000000500     
   SIMPLE iter         200  res_p=  0.61013336556550912       u(1,1,1)=  -4.5755033908430384E-003  p(1,1,1)=   81983402.605866998     
 DEBUG T iter         250 min   299.99999999999721      max   300.00000000000483     
 DEBUG T iter         300 min   299.99999999999710      max   300.00000000000477     
   SIMPLE iter         300  res_p=  0.60987763462066957       u(1,1,1)=  -4.5761417874876607E-003  p(1,1,1)=   81983276.592216089     
 DEBUG T iter         350 min   299.99999999999721      max   300.00000000000477     
 DEBUG T iter         400 min   299.99999999999710      max   300.00000000000483     
   SIMPLE iter         400  res_p=  0.60981903502493917       u(1,1,1)=  -4.5762905320497161E-003  p(1,1,1)=   81983247.741503865     
 DEBUG T iter         450 min   299.99999999999727      max   300.00000000000500     
 DEBUG T iter         500 min   299.99999999999727      max   300.00000000000489     
   SIMPLE iter         500  res_p=  0.60980561056431792       u(1,1,1)=  -4.5763248907116630E-003  p(1,1,1)=   81983241.136659741     
 DEBUG T iter         550 min   299.99999999999704      max   300.00000000000495     
 DEBUG T iter         600 min   299.99999999999727      max   300.00000000000523     
   SIMPLE iter         600  res_p=  0.60980253559810194       u(1,1,1)=  -4.5763327958659762E-003  p(1,1,1)=   81983239.624657750     
 DEBUG T iter         650 min   299.99999999999739      max   300.00000000000506     
 DEBUG T iter         700 min   299.99999999999739      max   300.00000000000472     
   SIMPLE iter         700  res_p=  0.60980183131705445       u(1,1,1)=  -4.5763346116791861E-003  p(1,1,1)=   81983239.278532475     
 DEBUG T iter         750 min   299.99999999999739      max   300.00000000000489     
 DEBUG T iter         800 min   299.99999999999716      max   300.00000000000477     
   SIMPLE iter         800  res_p=  0.60980167002061403       u(1,1,1)=  -4.5763350252545441E-003  p(1,1,1)=   81983239.199298754     
 DEBUG T iter         850 min   299.99999999999744      max   300.00000000000466     
 DEBUG T iter         900 min   299.99999999999710      max   300.00000000000500     
   SIMPLE iter         900  res_p=  0.60980163308174573       u(1,1,1)=  -4.5763351247964969E-003  p(1,1,1)=   81983239.181160927     
 DEBUG T iter         950 min   299.99999999999721      max   300.00000000000495     
 DEBUG T iter        1000 min   299.99999999999721      max   300.00000000000495     
   SIMPLE iter        1000  res_p=  0.60980162462259102       u(1,1,1)=  -4.5763351449437904E-003  p(1,1,1)=   81983239.177008867     
 DEBUG T iter        1050 min   299.99999999999716      max   300.00000000000483     
 DEBUG T iter        1100 min   299.99999999999721      max   300.00000000000477     
   SIMPLE iter        1100  res_p=  0.60980162268548188       u(1,1,1)=  -4.5763351483969006E-003  p(1,1,1)=   81983239.176058397     
 DEBUG T iter        1150 min   299.99999999999721      max   300.00000000000483     
 DEBUG T iter        1200 min   299.99999999999710      max   300.00000000000477     
   SIMPLE iter        1200  res_p=  0.60980162224189949       u(1,1,1)=  -4.5763351480676987E-003  p(1,1,1)=   81983239.175840840     
 DEBUG T iter        1250 min   299.99999999999739      max   300.00000000000489     
 DEBUG T iter        1300 min   299.99999999999693      max   300.00000000000495     
   SIMPLE iter        1300  res_p=  0.60980162214033484       u(1,1,1)=  -4.5763351517949975E-003  p(1,1,1)=   81983239.175791010     
 DEBUG T iter        1350 min   299.99999999999739      max   300.00000000000506     
 DEBUG T iter        1400 min   299.99999999999744      max   300.00000000000500     
   SIMPLE iter        1400  res_p=  0.60980162211709688       u(1,1,1)=  -4.5763351492960061E-003  p(1,1,1)=   81983239.175779626     
 DEBUG T iter        1450 min   299.99999999999733      max   300.00000000000512     
 DEBUG T iter        1500 min   299.99999999999733      max   300.00000000000489     
   SIMPLE iter        1500  res_p=  0.60980162211182165       u(1,1,1)=  -4.5763351492701197E-003  p(1,1,1)=   81983239.175777018     
 Porous solver Block           2  SIMPLE iterations:        1501  res_p:  0.60980162211182165     
 --------------Force and Moment -----------------------------
 Total Force Coefficient (CL, CD, CS) =
   0.0000000000000000        11.066477286251029        0.0000000000000000     
 Total Moment Coefficient(CMx, CMy, CMz)=
   0.0000000000000000        5.5332386431255145        3.8523964167325175E-003
 Kstep, t=          47   47.000000000000000     
 ----------The Max Residuals are--------  ---Mesh---           1
    0.2594670186E-10    0.4844661815E-11    0.6710714341E-12    0.1005851625E-20    0.9088626155E-11
   The R.M.S Residuals are 
    0.2783245791E-11    0.4316884498E-12    0.6458655761E-13    0.1848110645E-21    0.9998810250E-12
 CPU wall time in this step:   6.8145435710000015     
 Averaged CPU wall time is:   6.7787727951063834     
   DBG iter           1  maxU2=   2.6257461046390450E-002  maxFi=   6.9947473549717117E-006  maxFj=  0.40232119052904514       Fi(21,1,1)=  -4.0392773981117465E-007  Fi(21,21,1)=   0.0000000000000000       Fi(41,21,1)=   0.0000000000000000     
   DBG div max=  0.52753236129202008       res_p=  0.52753236129202008     
   SIMPLE iter           1  res_p=  0.52753236129202008       u(1,1,1)=  -6.3512930834016537E-003  p(1,1,1)=   81985933.384580880     
   DBG iter           2  maxU2=   2.6257461046390450E-002  maxFi=   9.4351495852480598E-006  maxFj=  0.58557735529358856       Fi(21,1,1)=  -4.0653610021139007E-007  Fi(21,21,1)=   0.0000000000000000       Fi(41,21,1)=   0.0000000000000000     
   DBG div max=  0.60434899160003153       res_p=  0.60434899160003153     
   SIMPLE iter           2  res_p=  0.60434899160003153       u(1,1,1)=  -4.9423492635297210E-003  p(1,1,1)=   81986981.388198256     
   DBG iter           3  maxU2=   1.7831235924937079E-002  maxFi=   8.9752722649707883E-006  maxFj=  0.58695702641737890       Fi(21,1,1)=  -4.0748683486555502E-007  Fi(21,21,1)=   0.0000000000000000       Fi(41,21,1)=   0.0000000000000000     
   DBG div max=  0.58695689909423188       res_p=  0.58695689909423188     
   SIMPLE iter           3  res_p=  0.58695689909423188       u(1,1,1)=  -3.9946781716770803E-003  p(1,1,1)=   81986279.539457649     
   SIMPLE iter           4  res_p=  0.58621500560013440       u(1,1,1)=  -4.3792416567317999E-003  p(1,1,1)=   81986049.124060854     
   SIMPLE iter           5  res_p=  0.59340936031353297       u(1,1,1)=  -4.5148722628199260E-003  p(1,1,1)=   81985991.437288418     
 DEBUG T iter          50 min   299.99999999999761      max   300.00000000000426     
 DEBUG T iter         100 min   299.99999999999733      max   300.00000000000466     
   SIMPLE iter         100  res_p=  0.61124865601524603       u(1,1,1)=  -4.5728604966640551E-003  p(1,1,1)=   81983952.890853301     
 DEBUG T iter         150 min   299.99999999999727      max   300.00000000000477     
 DEBUG T iter         200 min   299.99999999999721      max   300.00000000000483     
   SIMPLE iter         200  res_p=  0.61013336556546538       u(1,1,1)=  -4.5755033925093452E-003  p(1,1,1)=   81983402.605867147     
 DEBUG T iter         250 min   299.99999999999727      max   300.00000000000489     
 DEBUG T iter         300 min   299.99999999999710      max   300.00000000000489     
   SIMPLE iter         300  res_p=  0.60987763462064015       u(1,1,1)=  -4.5761417853614483E-003  p(1,1,1)=   81983276.592216238     
 DEBUG T iter         350 min   299.99999999999733      max   300.00000000000500     
 DEBUG T iter         400 min   299.99999999999727      max   300.00000000000500     
   SIMPLE iter         400  res_p=  0.60981903502490376       u(1,1,1)=  -4.5762905330284541E-003  p(1,1,1)=   81983247.741504028     
 DEBUG T iter         450 min   299.99999999999733      max   300.00000000000500     
 DEBUG T iter         500 min   299.99999999999727      max   300.00000000000495     
   SIMPLE iter         500  res_p=  0.60980561056428684       u(1,1,1)=  -4.5763248920903978E-003  p(1,1,1)=   81983241.136659890     
 DEBUG T iter         550 min   299.99999999999716      max   300.00000000000512     
 DEBUG T iter         600 min   299.99999999999721      max   300.00000000000500     
   SIMPLE iter         600  res_p=  0.60980253559806774       u(1,1,1)=  -4.5763327968421728E-003  p(1,1,1)=   81983239.624657914     
 DEBUG T iter         650 min   299.99999999999727      max   300.00000000000489     
 DEBUG T iter         700 min   299.99999999999739      max   300.00000000000489     
   SIMPLE iter         700  res_p=  0.60980183131702381       u(1,1,1)=  -4.5763346123010185E-003  p(1,1,1)=   81983239.278532624     
 DEBUG T iter         750 min   299.99999999999727      max   300.00000000000500     
 DEBUG T iter         800 min   299.99999999999710      max   300.00000000000483     
   SIMPLE iter         800  res_p=  0.60980167002057251       u(1,1,1)=  -4.5763350270252743E-003  p(1,1,1)=   81983239.199298918     
 DEBUG T iter         850 min   299.99999999999710      max   300.00000000000466     
 DEBUG T iter         900 min   299.99999999999733      max   300.00000000000489     
   SIMPLE iter         900  res_p=  0.60980163308173252       u(1,1,1)=  -4.5763351249776289E-003  p(1,1,1)=   81983239.181161076     
 DEBUG T iter         950 min   299.99999999999727      max   300.00000000000523     
 DEBUG T iter        1000 min   299.99999999999744      max   300.00000000000500     
   SIMPLE iter        1000  res_p=  0.60980162462256404       u(1,1,1)=  -4.5763351437443133E-003  p(1,1,1)=   81983239.177009031     
 DEBUG T iter        1050 min   299.99999999999699      max   300.00000000000512     
 DEBUG T iter        1100 min   299.99999999999716      max   300.00000000000500     
   SIMPLE iter        1100  res_p=  0.60980162268544402       u(1,1,1)=  -4.5763351464705717E-003  p(1,1,1)=   81983239.176058546     
 DEBUG T iter        1150 min   299.99999999999727      max   300.00000000000477     
 DEBUG T iter        1200 min   299.99999999999727      max   300.00000000000477     
   SIMPLE iter        1200  res_p=  0.60980162224185330       u(1,1,1)=  -4.5763351502108749E-003  p(1,1,1)=   81983239.175840989     
 DEBUG T iter        1250 min   299.99999999999733      max   300.00000000000472     
 DEBUG T iter        1300 min   299.99999999999716      max   300.00000000000477     
   SIMPLE iter        1300  res_p=  0.60980162214030176       u(1,1,1)=  -4.5763351493738474E-003  p(1,1,1)=   81983239.175791159     
 DEBUG T iter        1350 min   299.99999999999727      max   300.00000000000512     
 DEBUG T iter        1400 min   299.99999999999727      max   300.00000000000477     
   SIMPLE iter        1400  res_p=  0.60980162211706679       u(1,1,1)=  -4.5763351504039436E-003  p(1,1,1)=   81983239.175779775     
 DEBUG T iter        1450 min   299.99999999999721      max   300.00000000000477     
 DEBUG T iter        1500 min   299.99999999999727      max   300.00000000000506     
   SIMPLE iter        1500  res_p=  0.60980162211179578       u(1,1,1)=  -4.5763351506525086E-003  p(1,1,1)=   81983239.175777182     
 Porous solver Block           2  SIMPLE iterations:        1501  res_p:  0.60980162211179578     
 --------------Force and Moment -----------------------------
 Total Force Coefficient (CL, CD, CS) =
   0.0000000000000000        11.066477285436122        0.0000000000000000     
 Total Moment Coefficient(CMx, CMy, CMz)=
   0.0000000000000000        5.5332386427180609        3.8523964169030478E-003
 Kstep, t=          48   48.000000000000000     
 ----------The Max Residuals are--------  ---Mesh---           1
    0.2574073075E-10    0.4810954587E-11    0.6748980172E-12    0.1138200523E-20    0.9031215482E-11
   The R.M.S Residuals are 
    0.2756915153E-11    0.4234763876E-12    0.6343868192E-13    0.1899042076E-21    0.9909613556E-12
 CPU wall time in this step:   6.4949949689999471     
 Averaged CPU wall time is:   6.7728607570624995     
   DBG iter           1  maxU2=   2.6257461046468950E-002  maxFi=   6.9947473549762543E-006  maxFj=  0.40232119052904813       Fi(21,1,1)=  -4.0392774202935520E-007  Fi(21,21,1)=   0.0000000000000000       Fi(41,21,1)=   0.0000000000000000     
   DBG div max=  0.52753236129201975       res_p=  0.52753236129201975     
   SIMPLE iter           1  res_p=  0.52753236129201975       u(1,1,1)=  -6.3512930840008159E-003  p(1,1,1)=   81985933.384581044     
   DBG iter           2  maxU2=   2.6257461046468950E-002  maxFi=   9.4351495852528998E-006  maxFj=  0.58557735529358923       Fi(21,1,1)=  -4.0653610242635904E-007  Fi(21,21,1)=   0.0000000000000000       Fi(41,21,1)=   0.0000000000000000     
   DBG div max=  0.60434899160001421       res_p=  0.60434899160001421     
   SIMPLE iter           2  res_p=  0.60434899160001421       u(1,1,1)=  -4.9423492640003602E-003  p(1,1,1)=   81986981.388198406     
   DBG iter           3  maxU2=   1.7831235887324402E-002  maxFi=   8.9752722649765786E-006  maxFj=  0.58695702641736991       Fi(21,1,1)=  -4.0748683576141598E-007  Fi(21,21,1)=   0.0000000000000000       Fi(41,21,1)=   0.0000000000000000     
   DBG div max=  0.58695689909422299       res_p=  0.58695689909422299     
   SIMPLE iter           3  res_p=  0.58695689909422299       u(1,1,1)=  -3.9946781708811094E-003  p(1,1,1)=   81986279.539457798     
   SIMPLE iter           4  res_p=  0.58621500560012785       u(1,1,1)=  -4.3792416549996273E-003  p(1,1,1)=   81986049.124061003     
   SIMPLE iter           5  res_p=  0.59340936031352753       u(1,1,1)=  -4.5148722608180838E-003  p(1,1,1)=   81985991.437288567     
 DEBUG T iter          50 min   299.99999999999761      max   300.00000000000426     
 DEBUG T iter         100 min   299.99999999999733      max   300.00000000000443     
   SIMPLE iter         100  res_p=  0.61124865601521650       u(1,1,1)=  -4.5728604952828718E-003  p(1,1,1)=   81983952.890853450     
 DEBUG T iter         150 min   299.99999999999727      max   300.00000000000506     
 DEBUG T iter         200 min   299.99999999999733      max   300.00000000000472     
   SIMPLE iter         200  res_p=  0.61013336556543896       u(1,1,1)=  -4.5755033931879387E-003  p(1,1,1)=   81983402.605867296     
 DEBUG T iter         250 min   299.99999999999739      max   300.00000000000477     
 DEBUG T iter         300 min   299.99999999999721      max   300.00000000000495     
   SIMPLE iter         300  res_p=  0.60987763462060773       u(1,1,1)=  -4.5761417864414351E-003  p(1,1,1)=   81983276.592216387     
 DEBUG T iter         350 min   299.99999999999699      max   300.00000000000460     
 DEBUG T iter         400 min   299.99999999999727      max   300.00000000000460     
   SIMPLE iter         400  res_p=  0.60981903502488932       u(1,1,1)=  -4.5762905339217681E-003  p(1,1,1)=   81983247.741504177     
 DEBUG T iter         450 min   299.99999999999699      max   300.00000000000500     
 DEBUG T iter         500 min   299.99999999999744      max   300.00000000000500     
   SIMPLE iter         500  res_p=  0.60980561056425975       u(1,1,1)=  -4.5763248927363611E-003  p(1,1,1)=   81983241.136660039     
 DEBUG T iter         550 min   299.99999999999739      max   300.00000000000495     
 DEBUG T iter         600 min   299.99999999999721      max   300.00000000000500     
   SIMPLE iter         600  res_p=  0.60980253559804309       u(1,1,1)=  -4.5763327978028158E-003  p(1,1,1)=   81983239.624658063     
 DEBUG T iter         650 min   299.99999999999727      max   300.00000000000477     
 DEBUG T iter         700 min   299.99999999999704      max   300.00000000000460     
   SIMPLE iter         700  res_p=  0.60980183131700405       u(1,1,1)=  -4.5763346100815110E-003  p(1,1,1)=   81983239.278532773     
 DEBUG T iter         750 min   299.99999999999710      max   300.00000000000483     
 DEBUG T iter         800 min   299.99999999999716      max   300.00000000000495     
   SIMPLE iter         800  res_p=  0.60980167002055097       u(1,1,1)=  -4.5763350275712022E-003  p(1,1,1)=   81983239.199299067     
 DEBUG T iter         850 min   299.99999999999744      max   300.00000000000477     
 DEBUG T iter         900 min   299.99999999999721      max   300.00000000000500     
   SIMPLE iter         900  res_p=  0.60980163308169599       u(1,1,1)=  -4.5763351236838669E-003  p(1,1,1)=   81983239.181161225     
 DEBUG T iter         950 min   299.99999999999716      max   300.00000000000466     
 DEBUG T iter        1000 min   299.99999999999733      max   300.00000000000495     
   SIMPLE iter        1000  res_p=  0.60980162462254495       u(1,1,1)=  -4.5763351442175432E-003  p(1,1,1)=   81983239.177009180     
 DEBUG T iter        1050 min   299.99999999999716      max   300.00000000000495     
 DEBUG T iter        1100 min   299.99999999999739      max   300.00000000000483     
   SIMPLE iter        1100  res_p=  0.60980162268541405       u(1,1,1)=  -4.5763351508972955E-003  p(1,1,1)=   81983239.176058710     
 DEBUG T iter        1150 min   299.99999999999710      max   300.00000000000500     
 DEBUG T iter        1200 min   299.99999999999733      max   300.00000000000483     
   SIMPLE iter        1200  res_p=  0.60980162224183165       u(1,1,1)=  -4.5763351502456908E-003  p(1,1,1)=   81983239.175841138     
 DEBUG T iter        1250 min   299.99999999999733      max   300.00000000000472     
 DEBUG T iter        1300 min   299.99999999999739      max   300.00000000000466     
   SIMPLE iter        1300  res_p=  0.60980162214028377       u(1,1,1)=  -4.5763351500741779E-003  p(1,1,1)=   81983239.175791308     
 DEBUG T iter        1350 min   299.99999999999750      max   300.00000000000483     
 DEBUG T iter        1400 min   299.99999999999750      max   300.00000000000506     
   SIMPLE iter        1400  res_p=  0.60980162211702416       u(1,1,1)=  -4.5763351485339377E-003  p(1,1,1)=   81983239.175779924     
 DEBUG T iter        1450 min   299.99999999999727      max   300.00000000000495     
 DEBUG T iter        1500 min   299.99999999999721      max   300.00000000000483     
   SIMPLE iter        1500  res_p=  0.60980162211176991       u(1,1,1)=  -4.5763351511037978E-003  p(1,1,1)=   81983239.175777331     
 Porous solver Block           2  SIMPLE iterations:        1501  res_p:  0.60980162211176991     
 --------------Force and Moment -----------------------------
 Total Force Coefficient (CL, CD, CS) =
   0.0000000000000000        11.066477284650318        0.0000000000000000     
 Total Moment Coefficient(CMx, CMy, CMz)=
   0.0000000000000000        5.5332386423251592        3.8523964171588432E-003
 Kstep, t=          49   49.000000000000000     
 ----------The Max Residuals are--------  ---Mesh---           1
    0.2551852676E-10    0.4756332940E-11    0.6884114047E-12    0.1032321404E-20    0.8981532351E-11
   The R.M.S Residuals are 
    0.2728423564E-11    0.4133433902E-12    0.6215037109E-13    0.1886935788E-21    0.9846633578E-12
 CPU wall time in this step:   6.6416409079999994     
 Averaged CPU wall time is:   6.7701828009591836     
   DBG iter           1  maxU2=   2.6257461046180541E-002  maxFi=   6.9947473549704903E-006  maxFj=  0.40232119052906734       Fi(21,1,1)=  -4.0392774462911547E-007  Fi(21,21,1)=   0.0000000000000000       Fi(41,21,1)=   0.0000000000000000     
   DBG div max=  0.52753236129202463       res_p=  0.52753236129202463     
   SIMPLE iter           1  res_p=  0.52753236129202463       u(1,1,1)=  -6.3512930837009872E-003  p(1,1,1)=   81985933.384581193     
   DBG iter           2  maxU2=   2.6257461046180541E-002  maxFi=   9.4351495852459016E-006  maxFj=  0.58557735529361687       Fi(21,1,1)=  -4.0653610501631708E-007  Fi(21,21,1)=   0.0000000000000000       Fi(41,21,1)=   0.0000000000000000     
   DBG div max=  0.60434899160004474       res_p=  0.60434899160004474     
   SIMPLE iter           2  res_p=  0.60434899160004474       u(1,1,1)=  -4.9423492637352302E-003  p(1,1,1)=   81986981.388198555     
   DBG iter           3  maxU2=   1.7831235857180976E-002  maxFi=   8.9752722649649743E-006  maxFj=  0.58695702641741077       Fi(21,1,1)=  -4.0748683966019429E-007  Fi(21,21,1)=   0.0000000000000000       Fi(41,21,1)=   0.0000000000000000     
   DBG div max=  0.58695689909426385       res_p=  0.58695689909426385     
   SIMPLE iter           3  res_p=  0.58695689909426385       u(1,1,1)=  -3.9946781704361476E-003  p(1,1,1)=   81986279.539457947     
   SIMPLE iter           4  res_p=  0.58621500560017303       u(1,1,1)=  -4.3792416558806994E-003  p(1,1,1)=   81986049.124061152     
   SIMPLE iter           5  res_p=  0.59340936031357383       u(1,1,1)=  -4.5148722612603515E-003  p(1,1,1)=   81985991.437288716     
 DEBUG T iter          50 min   299.99999999999750      max   300.00000000000443     
 DEBUG T iter         100 min   299.99999999999744      max   300.00000000000438     
   SIMPLE iter         100  res_p=  0.61124865601520828       u(1,1,1)=  -4.5728604958165239E-003  p(1,1,1)=   81983952.890853584     
 DEBUG T iter         150 min   299.99999999999716      max   300.00000000000472     
 DEBUG T iter         200 min   299.99999999999727      max   300.00000000000472     
   SIMPLE iter         200  res_p=  0.61013336556542208       u(1,1,1)=  -4.5755033934922707E-003  p(1,1,1)=   81983402.605867431     
 DEBUG T iter         250 min   299.99999999999727      max   300.00000000000500     
 DEBUG T iter         300 min   299.99999999999733      max   300.00000000000500     
   SIMPLE iter         300  res_p=  0.60987763462058975       u(1,1,1)=  -4.5761417872588386E-003  p(1,1,1)=   81983276.592216522     
 DEBUG T iter         350 min   299.99999999999727      max   300.00000000000477     
 DEBUG T iter         400 min   299.99999999999699      max   300.00000000000472     
   SIMPLE iter         400  res_p=  0.60981903502486046       u(1,1,1)=  -4.5762905338905162E-003  p(1,1,1)=   81983247.741504297     
 DEBUG T iter         450 min   299.99999999999716      max   300.00000000000512     
 DEBUG T iter         500 min   299.99999999999716      max   300.00000000000472     
   SIMPLE iter         500  res_p=  0.60980561056422311       u(1,1,1)=  -4.5763248911345139E-003  p(1,1,1)=   81983241.136660174     
 DEBUG T iter         550 min   299.99999999999733      max   300.00000000000472     
 DEBUG T iter         600 min   299.99999999999733      max   300.00000000000500     
   SIMPLE iter         600  res_p=  0.60980253559802511       u(1,1,1)=  -4.5763327991802209E-003  p(1,1,1)=   81983239.624658182     
 DEBUG T iter         650 min   299.99999999999704      max   300.00000000000495     
 DEBUG T iter         700 min   299.99999999999699      max   300.00000000000512     
   SIMPLE iter         700  res_p=  0.60980183131697041       u(1,1,1)=  -4.5763346138999756E-003  p(1,1,1)=   81983239.278532907     
 DEBUG T iter         750 min   299.99999999999739      max   300.00000000000489     
 DEBUG T iter         800 min   299.99999999999733      max   300.00000000000495     
   SIMPLE iter         800  res_p=  0.60980167002051378       u(1,1,1)=  -4.5763350290593608E-003  p(1,1,1)=   81983239.199299186     
 DEBUG T iter         850 min   299.99999999999733      max   300.00000000000489     
 DEBUG T iter         900 min   299.99999999999733      max   300.00000000000477     
   SIMPLE iter         900  res_p=  0.60980163308168334       u(1,1,1)=  -4.5763351247161384E-003  p(1,1,1)=   81983239.181161359     
 DEBUG T iter         950 min   299.99999999999727      max   300.00000000000517     
 DEBUG T iter        1000 min   299.99999999999721      max   300.00000000000489     
   SIMPLE iter        1000  res_p=  0.60980162462251120       u(1,1,1)=  -4.5763351447724128E-003  p(1,1,1)=   81983239.177009299     
 DEBUG T iter        1050 min   299.99999999999721      max   300.00000000000483     
 DEBUG T iter        1100 min   299.99999999999739      max   300.00000000000483     
   SIMPLE iter        1100  res_p=  0.60980162268537985       u(1,1,1)=  -4.5763351483627188E-003  p(1,1,1)=   81983239.176058829     
 DEBUG T iter        1150 min   299.99999999999721      max   300.00000000000460     
 DEBUG T iter        1200 min   299.99999999999733      max   300.00000000000483     
   SIMPLE iter        1200  res_p=  0.60980162224181778       u(1,1,1)=  -4.5763351515579051E-003  p(1,1,1)=   81983239.175841272     
 DEBUG T iter        1250 min   299.99999999999733      max   300.00000000000477     
 DEBUG T iter        1300 min   299.99999999999721      max   300.00000000000483     
   SIMPLE iter        1300  res_p=  0.60980162214024769       u(1,1,1)=  -4.5763351514960336E-003  p(1,1,1)=   81983239.175791442     
 DEBUG T iter        1350 min   299.99999999999733      max   300.00000000000477     
 DEBUG T iter        1400 min   299.99999999999704      max   300.00000000000483     
   SIMPLE iter        1400  res_p=  0.60980162211701150       u(1,1,1)=  -4.5763351520163968E-003  p(1,1,1)=   81983239.175780058     
 DEBUG T iter        1450 min   299.99999999999727      max   300.00000000000483     
 DEBUG T iter        1500 min   299.99999999999733      max   300.00000000000500     
   SIMPLE iter        1500  res_p=  0.60980162211175615       u(1,1,1)=  -4.5763351512207086E-003  p(1,1,1)=   81983239.175777450     
 Porous solver Block           2  SIMPLE iterations:        1501  res_p:  0.60980162211175615     
 --------------Force and Moment -----------------------------
 Total Force Coefficient (CL, CD, CS) =
   0.0000000000000000        11.066477283893619        0.0000000000000000     
 Total Moment Coefficient(CMx, CMy, CMz)=
   0.0000000000000000        5.5332386419468094        3.8523964174430603E-003
 Kstep, t=          50   50.000000000000000     
 ----------The Max Residuals are--------  ---Mesh---           1
    0.2528653881E-10    0.4687477140E-11    0.6939688624E-12    0.1111730743E-20    0.8933168550E-11
   The R.M.S Residuals are 
    0.2698779240E-11    0.4022159027E-12    0.6067850909E-13    0.1886305542E-21    0.9801616464E-12
 CPU wall time in this step:   7.1916942420000396     
 Averaged CPU wall time is:   6.7786130297800007     
   DBG iter           1  maxU2=   2.6257461045664426E-002  maxFi=   6.9947473562464201E-006  maxFj=  0.40232119052915449       Fi(21,1,1)=  -4.0392774646468219E-007  Fi(21,21,1)=   0.0000000000000000       Fi(41,21,1)=   0.0000000000000000     
   DBG div max=  0.52753236129213232       res_p=  0.52753236129213232     
   SIMPLE iter           1  res_p=  0.52753236129213232       u(1,1,1)=  -6.3512930831542214E-003  p(1,1,1)=   81985933.384581313     
   DBG iter           2  maxU2=   2.6257461045664426E-002  maxFi=   9.4351495865172658E-006  maxFj=  0.58557735529372745       Fi(21,1,1)=  -4.0653610726742111E-007  Fi(21,21,1)=   0.0000000000000000       Fi(41,21,1)=   0.0000000000000000     
   DBG div max=  0.60434899160014421       res_p=  0.60434899160014421     
   SIMPLE iter           2  res_p=  0.60434899160014421       u(1,1,1)=  -4.9423492642994993E-003  p(1,1,1)=   81986981.388198689     
   DBG iter           3  maxU2=   1.7831235833202508E-002  maxFi=   8.9752722662470925E-006  maxFj=  0.58695702641751235       Fi(21,1,1)=  -4.0748684056450583E-007  Fi(21,21,1)=   0.0000000000000000       Fi(41,21,1)=   0.0000000000000000     
   DBG div max=  0.58695689909436544       res_p=  0.58695689909436544     
   SIMPLE iter           3  res_p=  0.58695689909436544       u(1,1,1)=  -3.9946781743013145E-003  p(1,1,1)=   81986279.539458066     
   SIMPLE iter           4  res_p=  0.58621500560027628       u(1,1,1)=  -4.3792416560075450E-003  p(1,1,1)=   81986049.124061272     
   SIMPLE iter           5  res_p=  0.59340936031368141       u(1,1,1)=  -4.5148722622584819E-003  p(1,1,1)=   81985991.437288836     
 DEBUG T iter          50 min   299.99999999999750      max   300.00000000000415     
 DEBUG T iter         100 min   299.99999999999727      max   300.00000000000472     
   SIMPLE iter         100  res_p=  0.61124865601522504       u(1,1,1)=  -4.5728604972300746E-003  p(1,1,1)=   81983952.890853688     
 DEBUG T iter         150 min   299.99999999999750      max   300.00000000000500     
 DEBUG T iter         200 min   299.99999999999744      max   300.00000000000472     
   SIMPLE iter         200  res_p=  0.61013336556542386       u(1,1,1)=  -4.5755033941043298E-003  p(1,1,1)=   81983402.605867535     
 DEBUG T iter         250 min   299.99999999999721      max   300.00000000000517     
 DEBUG T iter         300 min   299.99999999999716      max   300.00000000000477     
   SIMPLE iter         300  res_p=  0.60987763462056865       u(1,1,1)=  -4.5761417873284244E-003  p(1,1,1)=   81983276.592216611     
 DEBUG T iter         350 min   299.99999999999716      max   300.00000000000483     
 DEBUG T iter         400 min   299.99999999999716      max   300.00000000000495     
   SIMPLE iter         400  res_p=  0.60981903502484847       u(1,1,1)=  -4.5762905352358194E-003  p(1,1,1)=   81983247.741504401     
 DEBUG T iter         450 min   299.99999999999704      max   300.00000000000500     
 DEBUG T iter         500 min   299.99999999999727      max   300.00000000000483     
   SIMPLE iter         500  res_p=  0.60980561056422256       u(1,1,1)=  -4.5763248913569419E-003  p(1,1,1)=   81983241.136660263     
 DEBUG T iter         550 min   299.99999999999727      max   300.00000000000489     
 DEBUG T iter         600 min   299.99999999999727      max   300.00000000000495     
   SIMPLE iter         600  res_p=  0.60980253559800945       u(1,1,1)=  -4.5763327987155458E-003  p(1,1,1)=   81983239.624658287     
 DEBUG T iter         650 min   299.99999999999739      max   300.00000000000512     
 DEBUG T iter         700 min   299.99999999999710      max   300.00000000000534     
   SIMPLE iter         700  res_p=  0.60980183131697452       u(1,1,1)=  -4.5763346123609402E-003  p(1,1,1)=   81983239.278532997     
 DEBUG T iter         750 min   299.99999999999693      max   300.00000000000506     
 DEBUG T iter         800 min   299.99999999999733      max   300.00000000000489     
   SIMPLE iter         800  res_p=  0.60980167002051255       u(1,1,1)=  -4.5763350289319176E-003  p(1,1,1)=   81983239.199299291     
 DEBUG T iter         850 min   299.99999999999676      max   300.00000000000477     
 DEBUG T iter         900 min   299.99999999999721      max   300.00000000000472     
   SIMPLE iter         900  res_p=  0.60980163308166113       u(1,1,1)=  -4.5763351281513012E-003  p(1,1,1)=   81983239.181161448     
 DEBUG T iter         950 min   299.99999999999716      max   300.00000000000495     
 DEBUG T iter        1000 min   299.99999999999704      max   300.00000000000489     
   SIMPLE iter        1000  res_p=  0.60980162462248899       u(1,1,1)=  -4.5763351452439054E-003  p(1,1,1)=   81983239.177009389     
 DEBUG T iter        1050 min   299.99999999999733      max   300.00000000000472     
 DEBUG T iter        1100 min   299.99999999999721      max   300.00000000000472     
   SIMPLE iter        1100  res_p=  0.60980162268537985       u(1,1,1)=  -4.5763351519737712E-003  p(1,1,1)=   81983239.176058933     
 DEBUG T iter        1150 min   299.99999999999682      max   300.00000000000477     
 DEBUG T iter        1200 min   299.99999999999699      max   300.00000000000495     
   SIMPLE iter        1200  res_p=  0.60980162224181544       u(1,1,1)=  -4.5763351518061457E-003  p(1,1,1)=   81983239.175841376     
 DEBUG T iter        1250 min   299.99999999999727      max   300.00000000000500     
 DEBUG T iter        1300 min   299.99999999999710      max   300.00000000000477     
   SIMPLE iter        1300  res_p=  0.60980162214023093       u(1,1,1)=  -4.5763351519518851E-003  p(1,1,1)=   81983239.175791532     
 DEBUG T iter        1350 min   299.99999999999716      max   300.00000000000495     
 DEBUG T iter        1400 min   299.99999999999727      max   300.00000000000477     
   SIMPLE iter        1400  res_p=  0.60980162211701217       u(1,1,1)=  -4.5763351529925908E-003  p(1,1,1)=   81983239.175780147     
 DEBUG T iter        1450 min   299.99999999999716      max   300.00000000000495     
 DEBUG T iter        1500 min   299.99999999999733      max   300.00000000000472     
   SIMPLE iter        1500  res_p=  0.60980162211172073       u(1,1,1)=  -4.5763351525642008E-003  p(1,1,1)=   81983239.175777555     
 Porous solver Block           2  SIMPLE iterations:        1501  res_p:  0.60980162211172073     
 --------------Force and Moment -----------------------------
 Total Force Coefficient (CL, CD, CS) =
   0.0000000000000000        11.066477282991400        0.0000000000000000     
 Total Moment Coefficient(CMx, CMy, CMz)=
   0.0000000000000000        5.5332386414957000        3.8523964174856928E-003
 Kstep, t=          51   51.000000000000000     
 ----------The Max Residuals are--------  ---Mesh---           1
    0.2505160495E-10    0.4611445490E-11    0.6916351172E-12    0.1270549421E-20    0.8879788275E-11
   The R.M.S Residuals are 
    0.2668983001E-11    0.3909794366E-12    0.5902328130E-13    0.1937188788E-21    0.9766215083E-12
 CPU wall time in this step:   9.9439565739999694     
 Averaged CPU wall time is:   6.8406785894705875     
   DBG iter           1  maxU2=   2.6257461045489799E-002  maxFi=   6.9947473562475093E-006  maxFj=  0.40232119052919540       Fi(21,1,1)=  -4.0392774777432949E-007  Fi(21,21,1)=   0.0000000000000000       Fi(41,21,1)=   0.0000000000000000     
   DBG div max=  0.52753236129215819       res_p=  0.52753236129215819     
   SIMPLE iter           1  res_p=  0.52753236129215819       u(1,1,1)=  -6.3512930840004039E-003  p(1,1,1)=   81985933.384581417     
   DBG iter           2  maxU2=   2.6257461045489799E-002  maxFi=   9.4351495865148230E-006  maxFj=  0.58557735529378996       Fi(21,1,1)=  -4.0653610815642539E-007  Fi(21,21,1)=   0.0000000000000000       Fi(41,21,1)=   0.0000000000000000     
   DBG div max=  0.60434899160019273       res_p=  0.60434899160019273     
   SIMPLE iter           2  res_p=  0.60434899160019273       u(1,1,1)=  -4.9423492646754694E-003  p(1,1,1)=   81986981.388198778     
   DBG iter           3  maxU2=   1.7831235815796365E-002  maxFi=   8.9752722649369798E-006  maxFj=  0.58695702641759406       Fi(21,1,1)=  -4.0748684148560238E-007  Fi(21,21,1)=   0.0000000000000000       Fi(41,21,1)=   0.0000000000000000     
   DBG div max=  0.58695689909444715       res_p=  0.58695689909444715     
   SIMPLE iter           3  res_p=  0.58695689909444715       u(1,1,1)=  -3.9946781722691987E-003  p(1,1,1)=   81986279.539458171     
   SIMPLE iter           4  res_p=  0.58621500560037376       u(1,1,1)=  -4.3792416568770890E-003  p(1,1,1)=   81986049.124061376     
   SIMPLE iter           5  res_p=  0.59340936031376434       u(1,1,1)=  -4.5148722622634398E-003  p(1,1,1)=   81985991.437288940     
 DEBUG T iter          50 min   299.99999999999761      max   300.00000000000415     
 DEBUG T iter         100 min   299.99999999999733      max   300.00000000000477     
   SIMPLE iter         100  res_p=  0.61124865601524792       u(1,1,1)=  -4.5728604978316038E-003  p(1,1,1)=   81983952.890853763     
 DEBUG T iter         150 min   299.99999999999727      max   300.00000000000489     
 DEBUG T iter         200 min   299.99999999999704      max   300.00000000000483     
   SIMPLE iter         200  res_p=  0.61013336556541131       u(1,1,1)=  -4.5755033950470999E-003  p(1,1,1)=   81983402.605867594     
 DEBUG T iter         250 min   299.99999999999704      max   300.00000000000466     
 DEBUG T iter         300 min   299.99999999999716      max   300.00000000000500     
   SIMPLE iter         300  res_p=  0.60987763462056321       u(1,1,1)=  -4.5761417851154845E-003  p(1,1,1)=   81983276.592216671     
 DEBUG T iter         350 min   299.99999999999721      max   300.00000000000483     
 DEBUG T iter         400 min   299.99999999999727      max   300.00000000000483     
   SIMPLE iter         400  res_p=  0.60981903502482271       u(1,1,1)=  -4.5762905358315460E-003  p(1,1,1)=   81983247.741504461     
 DEBUG T iter         450 min   299.99999999999727      max   300.00000000000477     
 DEBUG T iter         500 min   299.99999999999710      max   300.00000000000495     
   SIMPLE iter         500  res_p=  0.60980561056419369       u(1,1,1)=  -4.5763248926800745E-003  p(1,1,1)=   81983241.136660337     
 DEBUG T iter         550 min   299.99999999999739      max   300.00000000000495     
 DEBUG T iter         600 min   299.99999999999721      max   300.00000000000512     
   SIMPLE iter         600  res_p=  0.60980253559799025       u(1,1,1)=  -4.5763327974713613E-003  p(1,1,1)=   81983239.624658346     
 DEBUG T iter         650 min   299.99999999999721      max   300.00000000000506     
 DEBUG T iter         700 min   299.99999999999733      max   300.00000000000495     
   SIMPLE iter         700  res_p=  0.60980183131693078       u(1,1,1)=  -4.5763346124606244E-003  p(1,1,1)=   81983239.278533056     
 DEBUG T iter         750 min   299.99999999999710      max   300.00000000000477     
 DEBUG T iter         800 min   299.99999999999721      max   300.00000000000506     
   SIMPLE iter         800  res_p=  0.60980167002048491       u(1,1,1)=  -4.5763350291142240E-003  p(1,1,1)=   81983239.199299350     
 DEBUG T iter         850 min   299.99999999999716      max   300.00000000000495     
 DEBUG T iter         900 min   299.99999999999721      max   300.00000000000495     
   SIMPLE iter         900  res_p=  0.60980163308163404       u(1,1,1)=  -4.5763351256782542E-003  p(1,1,1)=   81983239.181161508     
 DEBUG T iter         950 min   299.99999999999710      max   300.00000000000483     
 DEBUG T iter        1000 min   299.99999999999733      max   300.00000000000483     
   SIMPLE iter        1000  res_p=  0.60980162462249021       u(1,1,1)=  -4.5763351461603451E-003  p(1,1,1)=   81983239.177009463     
 DEBUG T iter        1050 min   299.99999999999727      max   300.00000000000506     
 DEBUG T iter        1100 min   299.99999999999727      max   300.00000000000489     
   SIMPLE iter        1100  res_p=  0.60980162268536298       u(1,1,1)=  -4.5763351520181827E-003  p(1,1,1)=   81983239.176058993     
 DEBUG T iter        1150 min   299.99999999999687      max   300.00000000000477     
 DEBUG T iter        1200 min   299.99999999999710      max   300.00000000000500     
   SIMPLE iter        1200  res_p=  0.60980162224177870       u(1,1,1)=  -4.5763351492572610E-003  p(1,1,1)=   81983239.175841436     
 DEBUG T iter        1250 min   299.99999999999716      max   300.00000000000506     
 DEBUG T iter        1300 min   299.99999999999721      max   300.00000000000489     
   SIMPLE iter        1300  res_p=  0.60980162214021350       u(1,1,1)=  -4.5763351529837480E-003  p(1,1,1)=   81983239.175791606     
 DEBUG T iter        1350 min   299.99999999999739      max   300.00000000000477     
 DEBUG T iter        1400 min   299.99999999999733      max   300.00000000000477     
   SIMPLE iter        1400  res_p=  0.60980162211699540       u(1,1,1)=  -4.5763351524675637E-003  p(1,1,1)=   81983239.175780222     
 DEBUG T iter        1450 min   299.99999999999710      max   300.00000000000483     
 DEBUG T iter        1500 min   299.99999999999721      max   300.00000000000500     
   SIMPLE iter        1500  res_p=  0.60980162211172018       u(1,1,1)=  -4.5763351505135755E-003  p(1,1,1)=   81983239.175777614     
 Porous solver Block           2  SIMPLE iterations:        1501  res_p:  0.60980162211172018     
 --------------Force and Moment -----------------------------
 Total Force Coefficient (CL, CD, CS) =
   0.0000000000000000        11.066477281856351        0.0000000000000000     
 Total Moment Coefficient(CMx, CMy, CMz)=
   0.0000000000000000        5.5332386409281753        3.8523964174004277E-003
 Kstep, t=          52   52.000000000000000     
 ----------The Max Residuals are--------  ---Mesh---           1
    0.2482005957E-10    0.4534779167E-11    0.6819750385E-12    0.9793818453E-21    0.8855977471E-11
   The R.M.S Residuals are 
    0.2639918200E-11    0.3803916108E-12    0.5722264150E-13    0.1895947366E-21    0.9732976515E-12
 CPU wall time in this step:   7.3001906640000129     
 Averaged CPU wall time is:   6.8495153601346157     
   DBG iter           1  maxU2=   2.6257461045430384E-002  maxFi=   6.9947473562422120E-006  maxFj=  0.40232119052926391       Fi(21,1,1)=  -4.0392774960826704E-007  Fi(21,21,1)=   0.0000000000000000       Fi(41,21,1)=   0.0000000000000000     
   DBG div max=  0.52753236129221126       res_p=  0.52753236129221126     
   SIMPLE iter           1  res_p=  0.52753236129221126       u(1,1,1)=  -6.3512930813448432E-003  p(1,1,1)=   81985933.384581476     
   DBG iter           2  maxU2=   2.6257461045430384E-002  maxFi=   9.4351495852062638E-006  maxFj=  0.58557735529387112       Fi(21,1,1)=  -4.0653610998559897E-007  Fi(21,21,1)=   0.0000000000000000       Fi(41,21,1)=   0.0000000000000000     
   DBG div max=  0.60434899160024902       res_p=  0.60434899160024902     
   SIMPLE iter           2  res_p=  0.60434899160024902       u(1,1,1)=  -4.9423492626288045E-003  p(1,1,1)=   81986981.388198853     
   DBG iter           3  maxU2=   1.7831235802812446E-002  maxFi=   8.9752722649683133E-006  maxFj=  0.58695702641767522       Fi(21,1,1)=  -4.0748684331842175E-007  Fi(21,21,1)=   0.0000000000000000       Fi(41,21,1)=   0.0000000000000000     
   DBG div max=  0.58695689909452831       res_p=  0.58695689909452831     
   SIMPLE iter           3  res_p=  0.58695689909452831       u(1,1,1)=  -3.9946781728297555E-003  p(1,1,1)=   81986279.539458230     
   SIMPLE iter           4  res_p=  0.58621500560046935       u(1,1,1)=  -4.3792416577019058E-003  p(1,1,1)=   81986049.124061435     
   SIMPLE iter           5  res_p=  0.59340936031387570       u(1,1,1)=  -4.5148722634226219E-003  p(1,1,1)=   81985991.437289000     
 DEBUG T iter          50 min   299.99999999999756      max   300.00000000000421     
 DEBUG T iter         100 min   299.99999999999750      max   300.00000000000449     
   SIMPLE iter         100  res_p=  0.61124865601526956       u(1,1,1)=  -4.5728604981641252E-003  p(1,1,1)=   81983952.890853807     
 DEBUG T iter         150 min   299.99999999999727      max   300.00000000000529     
 DEBUG T iter         200 min   299.99999999999716      max   300.00000000000472     
   SIMPLE iter         200  res_p=  0.61013336556540532       u(1,1,1)=  -4.5755033951989672E-003  p(1,1,1)=   81983402.605867639     
 DEBUG T iter         250 min   299.99999999999716      max   300.00000000000472     
 DEBUG T iter         300 min   299.99999999999687      max   300.00000000000489     
   SIMPLE iter         300  res_p=  0.60987763462054356       u(1,1,1)=  -4.5761417887771848E-003  p(1,1,1)=   81983276.592216715     
 DEBUG T iter         350 min   299.99999999999733      max   300.00000000000495     
 DEBUG T iter         400 min   299.99999999999721      max   300.00000000000495     
   SIMPLE iter         400  res_p=  0.60981903502482393       u(1,1,1)=  -4.5762905322172288E-003  p(1,1,1)=   81983247.741504490     
 DEBUG T iter         450 min   299.99999999999739      max   300.00000000000517     
 DEBUG T iter         500 min   299.99999999999727      max   300.00000000000466     
   SIMPLE iter         500  res_p=  0.60980561056418470       u(1,1,1)=  -4.5763248920943694E-003  p(1,1,1)=   81983241.136660367     
 DEBUG T iter         550 min   299.99999999999727      max   300.00000000000477     
 DEBUG T iter         600 min   299.99999999999710      max   300.00000000000489     
   SIMPLE iter         600  res_p=  0.60980253559797659       u(1,1,1)=  -4.5763327980195981E-003  p(1,1,1)=   81983239.624658376     
 DEBUG T iter         650 min   299.99999999999721      max   300.00000000000483     
 DEBUG T iter         700 min   299.99999999999716      max   300.00000000000500     
   SIMPLE iter         700  res_p=  0.60980183131693078       u(1,1,1)=  -4.5763346098407027E-003  p(1,1,1)=   81983239.278533086     
 DEBUG T iter         750 min   299.99999999999727      max   300.00000000000523     
 DEBUG T iter         800 min   299.99999999999716      max   300.00000000000489     
   SIMPLE iter         800  res_p=  0.60980167002048424       u(1,1,1)=  -4.5763350294264985E-003  p(1,1,1)=   81983239.199299380     
 DEBUG T iter         850 min   299.99999999999704      max   300.00000000000500     
 DEBUG T iter         900 min   299.99999999999727      max   300.00000000000489     
   SIMPLE iter         900  res_p=  0.60980163308162083       u(1,1,1)=  -4.5763351256909845E-003  p(1,1,1)=   81983239.181161553     
 DEBUG T iter         950 min   299.99999999999739      max   300.00000000000495     
 DEBUG T iter        1000 min   299.99999999999733      max   300.00000000000489     
   SIMPLE iter        1000  res_p=  0.60980162462248300       u(1,1,1)=  -4.5763351460676614E-003  p(1,1,1)=   81983239.177009493     
 DEBUG T iter        1050 min   299.99999999999710      max   300.00000000000489     
 DEBUG T iter        1100 min   299.99999999999716      max   300.00000000000495     
   SIMPLE iter        1100  res_p=  0.60980162268535465       u(1,1,1)=  -4.5763351495906957E-003  p(1,1,1)=   81983239.176059023     
 DEBUG T iter        1150 min   299.99999999999727      max   300.00000000000483     
 DEBUG T iter        1200 min   299.99999999999744      max   300.00000000000506     
   SIMPLE iter        1200  res_p=  0.60980162224177470       u(1,1,1)=  -4.5763351496120024E-003  p(1,1,1)=   81983239.175841466     
 DEBUG T iter        1250 min   299.99999999999727      max   300.00000000000512     
 DEBUG T iter        1300 min   299.99999999999693      max   300.00000000000506     
   SIMPLE iter        1300  res_p=  0.60980162214020817       u(1,1,1)=  -4.5763351530891758E-003  p(1,1,1)=   81983239.175791636     
 DEBUG T iter        1350 min   299.99999999999704      max   300.00000000000483     
 DEBUG T iter        1400 min   299.99999999999721      max   300.00000000000506     
   SIMPLE iter        1400  res_p=  0.60980162211697375       u(1,1,1)=  -4.5763351501958158E-003  p(1,1,1)=   81983239.175780252     
 DEBUG T iter        1450 min   299.99999999999716      max   300.00000000000500     
 DEBUG T iter        1500 min   299.99999999999710      max   300.00000000000489     
   SIMPLE iter        1500  res_p=  0.60980162211169553       u(1,1,1)=  -4.5763351506341978E-003  p(1,1,1)=   81983239.175777644     
 Porous solver Block           2  SIMPLE iterations:        1501  res_p:  0.60980162211169553     
 --------------Force and Moment -----------------------------
 Total Force Coefficient (CL, CD, CS) =
   0.0000000000000000        11.066477280895924        0.0000000000000000     
 Total Moment Coefficient(CMx, CMy, CMz)=
   0.0000000000000000        5.5332386404479621        3.8523964172156866E-003
 Kstep, t=          53   53.000000000000000     
 ----------The Max Residuals are--------  ---Mesh---           1
    0.2459708110E-10    0.4462847273E-11    0.6658855867E-12    0.1085260964E-20    0.8829481142E-11
   The R.M.S Residuals are 
    0.2612274404E-11    0.3710223825E-12    0.5533978154E-13    0.1910379350E-21    0.9696009124E-12
 CPU wall time in this step:   6.8059648240000001     
 Averaged CPU wall time is:   6.8486936519056600     
   DBG iter           1  maxU2=   2.6257461045176959E-002  maxFi=   6.9947473562474907E-006  maxFj=  0.40232119052933002       Fi(21,1,1)=  -4.0392775090931399E-007  Fi(21,21,1)=   0.0000000000000000       Fi(41,21,1)=   0.0000000000000000     
   DBG div max=  0.52753236129229464       res_p=  0.52753236129229464     
   SIMPLE iter           1  res_p=  0.52753236129229464       u(1,1,1)=  -6.3512930810433891E-003  p(1,1,1)=   81985933.384581506     
   DBG iter           2  maxU2=   2.6257461045176959E-002  maxFi=   9.4351495865154261E-006  maxFj=  0.58557735529395760       Fi(21,1,1)=  -4.0653611128370978E-007  Fi(21,21,1)=   0.0000000000000000       Fi(41,21,1)=   0.0000000000000000     
   DBG div max=  0.60434899160032218       res_p=  0.60434899160032218     
   SIMPLE iter           2  res_p=  0.60434899160032218       u(1,1,1)=  -4.9423492622946690E-003  p(1,1,1)=   81986981.388198882     
   DBG iter           3  maxU2=   1.7831235794541617E-002  maxFi=   8.9752722649432242E-006  maxFj=  0.58695702641775338       Fi(21,1,1)=  -4.0748684462890581E-007  Fi(21,21,1)=   0.0000000000000000       Fi(41,21,1)=   0.0000000000000000     
   DBG div max=  0.58695689909460647       res_p=  0.58695689909460647     
   SIMPLE iter           3  res_p=  0.58695689909460647       u(1,1,1)=  -3.9946781727773651E-003  p(1,1,1)=   81986279.539458260     
   SIMPLE iter           4  res_p=  0.58621500560056183       u(1,1,1)=  -4.3792416571509837E-003  p(1,1,1)=   81986049.124061465     
   SIMPLE iter           5  res_p=  0.59340936031395985       u(1,1,1)=  -4.5148722627057943E-003  p(1,1,1)=   81985991.437289029     
 DEBUG T iter          50 min   299.99999999999767      max   300.00000000000426     
 DEBUG T iter         100 min   299.99999999999739      max   300.00000000000472     
   SIMPLE iter         100  res_p=  0.61124865601528400       u(1,1,1)=  -4.5728604953881478E-003  p(1,1,1)=   81983952.890853822     
 DEBUG T iter         150 min   299.99999999999733      max   300.00000000000466     
 DEBUG T iter         200 min   299.99999999999727      max   300.00000000000495     
   SIMPLE iter         200  res_p=  0.61013336556540165       u(1,1,1)=  -4.5755033929747325E-003  p(1,1,1)=   81983402.605867639     
 DEBUG T iter         250 min   299.99999999999739      max   300.00000000000477     
 DEBUG T iter         300 min   299.99999999999721      max   300.00000000000477     
   SIMPLE iter         300  res_p=  0.60987763462055367       u(1,1,1)=  -4.5761417887571730E-003  p(1,1,1)=   81983276.592216715     
 DEBUG T iter         350 min   299.99999999999739      max   300.00000000000466     
 DEBUG T iter         400 min   299.99999999999739      max   300.00000000000477     
   SIMPLE iter         400  res_p=  0.60981903502480883       u(1,1,1)=  -4.5762905362661975E-003  p(1,1,1)=   81983247.741504490     
 DEBUG T iter         450 min   299.99999999999716      max   300.00000000000472     
 DEBUG T iter         500 min   299.99999999999739      max   300.00000000000489     
   SIMPLE iter         500  res_p=  0.60980561056418281       u(1,1,1)=  -4.5763248896353859E-003  p(1,1,1)=   81983241.136660367     
 DEBUG T iter         550 min   299.99999999999744      max   300.00000000000489     
 DEBUG T iter         600 min   299.99999999999716      max   300.00000000000472     
   SIMPLE iter         600  res_p=  0.60980253559796815       u(1,1,1)=  -4.5763327978171038E-003  p(1,1,1)=   81983239.624658376     
 DEBUG T iter         650 min   299.99999999999721      max   300.00000000000477     
 DEBUG T iter         700 min   299.99999999999721      max   300.00000000000489     
   SIMPLE iter         700  res_p=  0.60980183131692300       u(1,1,1)=  -4.5763346127437165E-003  p(1,1,1)=   81983239.278533101     
 DEBUG T iter         750 min   299.99999999999721      max   300.00000000000512     
 DEBUG T iter         800 min   299.99999999999727      max   300.00000000000523     
   SIMPLE iter         800  res_p=  0.60980167002047225       u(1,1,1)=  -4.5763350271332036E-003  p(1,1,1)=   81983239.199299380     
 DEBUG T iter         850 min   299.99999999999721      max   300.00000000000477     
 DEBUG T iter         900 min   299.99999999999727      max   300.00000000000483     
   SIMPLE iter         900  res_p=  0.60980163308162139       u(1,1,1)=  -4.5763351263579380E-003  p(1,1,1)=   81983239.181161553     
 DEBUG T iter         950 min   299.99999999999721      max   300.00000000000500     
 DEBUG T iter        1000 min   299.99999999999716      max   300.00000000000483     
   SIMPLE iter        1000  res_p=  0.60980162462246557       u(1,1,1)=  -4.5763351432071830E-003  p(1,1,1)=   81983239.177009493     
 DEBUG T iter        1050 min   299.99999999999699      max   300.00000000000466     
 DEBUG T iter        1100 min   299.99999999999721      max   300.00000000000500     
   SIMPLE iter        1100  res_p=  0.60980162268534499       u(1,1,1)=  -4.5763351503327445E-003  p(1,1,1)=   81983239.176059023     
 DEBUG T iter        1150 min   299.99999999999727      max   300.00000000000506     
 DEBUG T iter        1200 min   299.99999999999727      max   300.00000000000483     
   SIMPLE iter        1200  res_p=  0.60980162224177037       u(1,1,1)=  -4.5763351524505487E-003  p(1,1,1)=   81983239.175841466     
 DEBUG T iter        1250 min   299.99999999999721      max   300.00000000000472     
 DEBUG T iter        1300 min   299.99999999999721      max   300.00000000000506     
   SIMPLE iter        1300  res_p=  0.60980162214018774       u(1,1,1)=  -4.5763351503064452E-003  p(1,1,1)=   81983239.175791636     
 DEBUG T iter        1350 min   299.99999999999721      max   300.00000000000489     
 DEBUG T iter        1400 min   299.99999999999727      max   300.00000000000477     
   SIMPLE iter        1400  res_p=  0.60980162211696654       u(1,1,1)=  -4.5763351512255112E-003  p(1,1,1)=   81983239.175780252     
 DEBUG T iter        1450 min   299.99999999999721      max   300.00000000000489     
 DEBUG T iter        1500 min   299.99999999999693      max   300.00000000000483     
   SIMPLE iter        1500  res_p=  0.60980162211169608       u(1,1,1)=  -4.5763351537355329E-003  p(1,1,1)=   81983239.175777659     
 Porous solver Block           2  SIMPLE iterations:        1501  res_p:  0.60980162211169608     
 --------------Force and Moment -----------------------------
 Total Force Coefficient (CL, CD, CS) =
   0.0000000000000000        11.066477279731771        0.0000000000000000     
 Total Moment Coefficient(CMx, CMy, CMz)=
   0.0000000000000000        5.5332386398658855        3.8523964168319935E-003
 Kstep, t=          54   54.000000000000000     
 ----------The Max Residuals are--------  ---Mesh---           1
    0.2438630636E-10    0.4399461965E-11    0.6516457838E-12    0.1032321404E-20    0.8789588299E-11
   The R.M.S Residuals are 
    0.2586506911E-11    0.3632226278E-12    0.5344809785E-13    0.2000644991E-21    0.9651312599E-12
 CPU wall time in this step:   6.9192681239999843     
 Averaged CPU wall time is:   6.8500005865740734     
   DBG iter           1  maxU2=   2.6257461045083044E-002  maxFi=   6.9947473562361896E-006  maxFj=  0.40232119052937571       Fi(21,1,1)=  -4.0392775144272034E-007  Fi(21,21,1)=   0.0000000000000000       Fi(41,21,1)=   0.0000000000000000     
   DBG div max=  0.52753236129232972       res_p=  0.52753236129232972     
   SIMPLE iter           1  res_p=  0.52753236129232972       u(1,1,1)=  -6.3512930837818747E-003  p(1,1,1)=   81985933.384581521     
   DBG iter           2  maxU2=   2.6257461045083044E-002  maxFi=   9.4351495847849073E-006  maxFj=  0.58557735529401356       Fi(21,1,1)=  -4.0653611181247010E-007  Fi(21,21,1)=   0.0000000000000000       Fi(41,21,1)=   0.0000000000000000     
   DBG div max=  0.60434899160035371       res_p=  0.60434899160035371     
   SIMPLE iter           2  res_p=  0.60434899160035371       u(1,1,1)=  -4.9423492647119160E-003  p(1,1,1)=   81986981.388198882     
   DBG iter           3  maxU2=   1.7831235790318464E-002  maxFi=   8.9752722645769502E-006  maxFj=  0.58695702641780689       Fi(21,1,1)=  -4.0748684515914647E-007  Fi(21,21,1)=   0.0000000000000000       Fi(41,21,1)=   0.0000000000000000     
   DBG div max=  0.58695689909465998       res_p=  0.58695689909465998     
   SIMPLE iter           3  res_p=  0.58695689909465998       u(1,1,1)=  -3.9946781724000194E-003  p(1,1,1)=   81986279.539458260     
   SIMPLE iter           4  res_p=  0.58621500560062623       u(1,1,1)=  -4.3792416574737515E-003  p(1,1,1)=   81986049.124061465     
   SIMPLE iter           5  res_p=  0.59340936031402958       u(1,1,1)=  -4.5148722634109142E-003  p(1,1,1)=   81985991.437289029     
 DEBUG T iter          50 min   299.99999999999761      max   300.00000000000421     
 DEBUG T iter         100 min   299.99999999999727      max   300.00000000000443     
   SIMPLE iter         100  res_p=  0.61124865601530076       u(1,1,1)=  -4.5728604973868251E-003  p(1,1,1)=   81983952.890853822     
 DEBUG T iter         150 min   299.99999999999716      max   300.00000000000466     
 DEBUG T iter         200 min   299.99999999999721      max   300.00000000000466     
   SIMPLE iter         200  res_p=  0.61013336556541853       u(1,1,1)=  -4.5755033926450700E-003  p(1,1,1)=   81983402.605867624     
 DEBUG T iter         250 min   299.99999999999710      max   300.00000000000495     
 DEBUG T iter         300 min   299.99999999999716      max   300.00000000000472     
   SIMPLE iter         300  res_p=  0.60987763462054523       u(1,1,1)=  -4.5761417864520308E-003  p(1,1,1)=   81983276.592216700     
 DEBUG T iter         350 min   299.99999999999716      max   300.00000000000489     
 DEBUG T iter         400 min   299.99999999999721      max   300.00000000000500     
   SIMPLE iter         400  res_p=  0.60981903502480761       u(1,1,1)=  -4.5762905366309482E-003  p(1,1,1)=   81983247.741504490     
 DEBUG T iter         450 min   299.99999999999733      max   300.00000000000500     
 DEBUG T iter         500 min   299.99999999999721      max   300.00000000000472     
   SIMPLE iter         500  res_p=  0.60980561056418048       u(1,1,1)=  -4.5763248920448994E-003  p(1,1,1)=   81983241.136660352     
 DEBUG T iter         550 min   299.99999999999716      max   300.00000000000495     
 DEBUG T iter         600 min   299.99999999999716      max   300.00000000000489     
   SIMPLE iter         600  res_p=  0.60980253559796693       u(1,1,1)=  -4.5763327999149969E-003  p(1,1,1)=   81983239.624658376     
 DEBUG T iter         650 min   299.99999999999710      max   300.00000000000472     
 DEBUG T iter         700 min   299.99999999999739      max   300.00000000000517     
   SIMPLE iter         700  res_p=  0.60980183131693200       u(1,1,1)=  -4.5763346126687374E-003  p(1,1,1)=   81983239.278533086     
 DEBUG T iter         750 min   299.99999999999721      max   300.00000000000477     
 DEBUG T iter         800 min   299.99999999999716      max   300.00000000000500     
   SIMPLE iter         800  res_p=  0.60980167002047403       u(1,1,1)=  -4.5763350299893408E-003  p(1,1,1)=   81983239.199299380     
 DEBUG T iter         850 min   299.99999999999739      max   300.00000000000500     
 DEBUG T iter         900 min   299.99999999999739      max   300.00000000000472     
   SIMPLE iter         900  res_p=  0.60980163308162205       u(1,1,1)=  -4.5763351259630247E-003  p(1,1,1)=   81983239.181161538     
 DEBUG T iter         950 min   299.99999999999739      max   300.00000000000500     
 DEBUG T iter        1000 min   299.99999999999721      max   300.00000000000495     
   SIMPLE iter        1000  res_p=  0.60980162462244814       u(1,1,1)=  -4.5763351438002217E-003  p(1,1,1)=   81983239.177009478     
 DEBUG T iter        1050 min   299.99999999999721      max   300.00000000000483     
 DEBUG T iter        1100 min   299.99999999999733      max   300.00000000000523     
   SIMPLE iter        1100  res_p=  0.60980162268533955       u(1,1,1)=  -4.5763351506096410E-003  p(1,1,1)=   81983239.176059008     
 DEBUG T iter        1150 min   299.99999999999721      max   300.00000000000500     
 DEBUG T iter        1200 min   299.99999999999727      max   300.00000000000517     
   SIMPLE iter        1200  res_p=  0.60980162224177270       u(1,1,1)=  -4.5763351529060333E-003  p(1,1,1)=   81983239.175841466     
 DEBUG T iter        1250 min   299.99999999999733      max   300.00000000000477     
 DEBUG T iter        1300 min   299.99999999999739      max   300.00000000000483     
   SIMPLE iter        1300  res_p=  0.60980162214020939       u(1,1,1)=  -4.5763351507395996E-003  p(1,1,1)=   81983239.175791636     
 DEBUG T iter        1350 min   299.99999999999739      max   300.00000000000489     
 DEBUG T iter        1400 min   299.99999999999750      max   300.00000000000483     
   SIMPLE iter        1400  res_p=  0.60980162211695210       u(1,1,1)=  -4.5763351512075334E-003  p(1,1,1)=   81983239.175780237     
 DEBUG T iter        1450 min   299.99999999999699      max   300.00000000000477     
 DEBUG T iter        1500 min   299.99999999999721      max   300.00000000000483     
   SIMPLE iter        1500  res_p=  0.60980162211169375       u(1,1,1)=  -4.5763351538612154E-003  p(1,1,1)=   81983239.175777644     
 Porous solver Block           2  SIMPLE iterations:        1501  res_p:  0.60980162211169375     
 --------------Force and Moment -----------------------------
 Total Force Coefficient (CL, CD, CS) =
   0.0000000000000000        11.066477278625825        0.0000000000000000     
 Total Moment Coefficient(CMx, CMy, CMz)=
   0.0000000000000000        5.5332386393129127        3.8523964164340896E-003
 Kstep, t=          55   55.000000000000000     
 ----------The Max Residuals are--------  ---Mesh---           1
    0.2418970423E-10    0.4346752021E-11    0.6511325767E-12    0.1005851625E-20    0.8734195066E-11
   The R.M.S Residuals are 
    0.2562829587E-11    0.3571204921E-12    0.5161749665E-13    0.1946152056E-21    0.9596812467E-12
 CPU wall time in this step:   7.0241283090000479     
 Averaged CPU wall time is:   6.8531665451636368     
   DBG iter           1  maxU2=   2.6257461045994194E-002  maxFi=   6.9947473549665524E-006  maxFj=  0.40232119052939552       Fi(21,1,1)=  -4.0392775490651207E-007  Fi(21,21,1)=   0.0000000000000000       Fi(41,21,1)=   0.0000000000000000     
   DBG div max=  0.52753236129234171       res_p=  0.52753236129234171     
   SIMPLE iter           1  res_p=  0.52753236129234171       u(1,1,1)=  -6.3512930835731935E-003  p(1,1,1)=   81985933.384581506     
   DBG iter           2  maxU2=   2.6257461045994194E-002  maxFi=   9.4351495848274453E-006  maxFj=  0.58557735529404720       Fi(21,1,1)=  -4.0653611395537695E-007  Fi(21,21,1)=   0.0000000000000000       Fi(41,21,1)=   0.0000000000000000     
   DBG div max=  0.60434899160040345       res_p=  0.60434899160040345     
   SIMPLE iter           2  res_p=  0.60434899160040345       u(1,1,1)=  -4.9423492643427538E-003  p(1,1,1)=   81986981.388198867     
   DBG iter           3  maxU2=   1.7831235789689474E-002  maxFi=   8.9752722632812320E-006  maxFj=  0.58695702641785319       Fi(21,1,1)=  -4.0748684732928544E-007  Fi(21,21,1)=   0.0000000000000000       Fi(41,21,1)=   0.0000000000000000     
   DBG div max=  0.58695689909470627       res_p=  0.58695689909470627     
   SIMPLE iter           3  res_p=  0.58695689909470627       u(1,1,1)=  -3.9946781725223902E-003  p(1,1,1)=   81986279.539458245     
   SIMPLE iter           4  res_p=  0.58621500560067008       u(1,1,1)=  -4.3792416575871383E-003  p(1,1,1)=   81986049.124061450     
   SIMPLE iter           5  res_p=  0.59340936031407099       u(1,1,1)=  -4.5148722639138149E-003  p(1,1,1)=   81985991.437289014     
 DEBUG T iter          50 min   299.99999999999756      max   300.00000000000421     
 DEBUG T iter         100 min   299.99999999999756      max   300.00000000000455     
   SIMPLE iter         100  res_p=  0.61124865601530798       u(1,1,1)=  -4.5728604953405062E-003  p(1,1,1)=   81983952.890853792     
 DEBUG T iter         150 min   299.99999999999733      max   300.00000000000477     
 DEBUG T iter         200 min   299.99999999999739      max   300.00000000000489     
   SIMPLE iter         200  res_p=  0.61013336556539322       u(1,1,1)=  -4.5755033950356785E-003  p(1,1,1)=   81983402.605867609     
 DEBUG T iter         250 min   299.99999999999693      max   300.00000000000529     
 DEBUG T iter         300 min   299.99999999999670      max   300.00000000000500     
   SIMPLE iter         300  res_p=  0.60987763462052735       u(1,1,1)=  -4.5761417856782670E-003  p(1,1,1)=   81983276.592216685     
 DEBUG T iter         350 min   299.99999999999704      max   300.00000000000512     
 DEBUG T iter         400 min   299.99999999999721      max   300.00000000000483     
   SIMPLE iter         400  res_p=  0.60981903502479329       u(1,1,1)=  -4.5762905365715435E-003  p(1,1,1)=   81983247.741504461     
 DEBUG T iter         450 min   299.99999999999721      max   300.00000000000483     
 DEBUG T iter         500 min   299.99999999999721      max   300.00000000000477     
   SIMPLE iter         500  res_p=  0.60980561056416605       u(1,1,1)=  -4.5763248931980560E-003  p(1,1,1)=   81983241.136660323     
 DEBUG T iter         550 min   299.99999999999716      max   300.00000000000477     
 DEBUG T iter         600 min   299.99999999999716      max   300.00000000000506     
   SIMPLE iter         600  res_p=  0.60980253559795006       u(1,1,1)=  -4.5763327986279466E-003  p(1,1,1)=   81983239.624658346     
 DEBUG T iter         650 min   299.99999999999716      max   300.00000000000489     
 DEBUG T iter         700 min   299.99999999999710      max   300.00000000000483     
   SIMPLE iter         700  res_p=  0.60980183131691401       u(1,1,1)=  -4.5763346138970387E-003  p(1,1,1)=   81983239.278533056     
 DEBUG T iter         750 min   299.99999999999739      max   300.00000000000529     
 DEBUG T iter         800 min   299.99999999999733      max   300.00000000000495     
   SIMPLE iter         800  res_p=  0.60980167002045660       u(1,1,1)=  -4.5763350293410669E-003  p(1,1,1)=   81983239.199299350     
 DEBUG T iter         850 min   299.99999999999721      max   300.00000000000483     
 DEBUG T iter         900 min   299.99999999999716      max   300.00000000000472     
   SIMPLE iter         900  res_p=  0.60980163308160396       u(1,1,1)=  -4.5763351262654173E-003  p(1,1,1)=   81983239.181161508     
 DEBUG T iter         950 min   299.99999999999727      max   300.00000000000495     
 DEBUG T iter        1000 min   299.99999999999710      max   300.00000000000512     
   SIMPLE iter        1000  res_p=  0.60980162462246801       u(1,1,1)=  -4.5763351471170598E-003  p(1,1,1)=   81983239.177009463     
 DEBUG T iter        1050 min   299.99999999999704      max   300.00000000000495     
 DEBUG T iter        1100 min   299.99999999999716      max   300.00000000000500     
   SIMPLE iter        1100  res_p=  0.60980162268532212       u(1,1,1)=  -4.5763351495268466E-003  p(1,1,1)=   81983239.176058993     
 DEBUG T iter        1150 min   299.99999999999716      max   300.00000000000500     
 DEBUG T iter        1200 min   299.99999999999721      max   300.00000000000483     
   SIMPLE iter        1200  res_p=  0.60980162224174095       u(1,1,1)=  -4.5763351498818751E-003  p(1,1,1)=   81983239.175841436     
 DEBUG T iter        1250 min   299.99999999999716      max   300.00000000000477     
 DEBUG T iter        1300 min   299.99999999999733      max   300.00000000000500     
   SIMPLE iter        1300  res_p=  0.60980162214019129       u(1,1,1)=  -4.5763351539614746E-003  p(1,1,1)=   81983239.175791606     
 DEBUG T iter        1350 min   299.99999999999739      max   300.00000000000489     
 DEBUG T iter        1400 min   299.99999999999727      max   300.00000000000495     
   SIMPLE iter        1400  res_p=  0.60980162211695332       u(1,1,1)=  -4.5763351539085039E-003  p(1,1,1)=   81983239.175780222     
 DEBUG T iter        1450 min   299.99999999999727      max   300.00000000000489     
 DEBUG T iter        1500 min   299.99999999999721      max   300.00000000000500     
   SIMPLE iter        1500  res_p=  0.60980162211167988       u(1,1,1)=  -4.5763351512428524E-003  p(1,1,1)=   81983239.175777614     
 Porous solver Block           2  SIMPLE iterations:        1501  res_p:  0.60980162211167988     
 --------------Force and Moment -----------------------------
 Total Force Coefficient (CL, CD, CS) =
   0.0000000000000000        11.066477276879596        0.0000000000000000     
 Total Moment Coefficient(CMx, CMy, CMz)=
   0.0000000000000000        5.5332386384397978        3.8523964155672275E-003
 Kstep, t=          56   56.000000000000000     
 ----------The Max Residuals are--------  ---Mesh---           1
    0.2400766661E-10    0.4305254405E-11    0.6465420647E-12    0.1667596115E-20    0.8666930079E-11
   The R.M.S Residuals are 
    0.2541235906E-11    0.3526435222E-12    0.4990457116E-13    0.2030232203E-21    0.9532167935E-12
 CPU wall time in this step:   6.9214795369999820     
 Averaged CPU wall time is:   6.8543864200178577     
   DBG iter           1  maxU2=   2.6257461048018380E-002  maxFi=   6.9947473545812100E-006  maxFj=  0.40232119052940635       Fi(21,1,1)=  -4.0392775544212505E-007  Fi(21,21,1)=   0.0000000000000000       Fi(41,21,1)=   0.0000000000000000     
   DBG div max=  0.52753236129237191       res_p=  0.52753236129237191     
   SIMPLE iter           1  res_p=  0.52753236129237191       u(1,1,1)=  -6.3512930806672394E-003  p(1,1,1)=   81985933.384581476     
   DBG iter           2  maxU2=   2.6257461048018380E-002  maxFi=   9.4351495848586076E-006  maxFj=  0.58557735529405863       Fi(21,1,1)=  -4.0653611579383142E-007  Fi(21,21,1)=   0.0000000000000000       Fi(41,21,1)=   0.0000000000000000     
   DBG div max=  0.60434899160040700       res_p=  0.60434899160040700     
   SIMPLE iter           2  res_p=  0.60434899160040700       u(1,1,1)=  -4.9423492621701003E-003  p(1,1,1)=   81986981.388198838     
   DBG iter           3  maxU2=   1.7831235791643696E-002  maxFi=   8.9752722632871511E-006  maxFj=  0.58695702641785619       Fi(21,1,1)=  -4.0748684954521749E-007  Fi(21,21,1)=   0.0000000000000000       Fi(41,21,1)=   0.0000000000000000     
   DBG div max=  0.58695689909470927       res_p=  0.58695689909470927     
   SIMPLE iter           3  res_p=  0.58695689909470927       u(1,1,1)=  -3.9946781701283175E-003  p(1,1,1)=   81986279.539458215     
   SIMPLE iter           4  res_p=  0.58621500560067241       u(1,1,1)=  -4.3792416549041126E-003  p(1,1,1)=   81986049.124061421     
   SIMPLE iter           5  res_p=  0.59340936031407221       u(1,1,1)=  -4.5148722604404874E-003  p(1,1,1)=   81985991.437288985     
 DEBUG T iter          50 min   299.99999999999756      max   300.00000000000415     
 DEBUG T iter         100 min   299.99999999999733      max   300.00000000000466     
   SIMPLE iter         100  res_p=  0.61124865601529121       u(1,1,1)=  -4.5728604978120526E-003  p(1,1,1)=   81983952.890853778     
 DEBUG T iter         150 min   299.99999999999733      max   300.00000000000460     
 DEBUG T iter         200 min   299.99999999999704      max   300.00000000000489     
   SIMPLE iter         200  res_p=  0.61013336556538666       u(1,1,1)=  -4.5755033950272356E-003  p(1,1,1)=   81983402.605867580     
 DEBUG T iter         250 min   299.99999999999727      max   300.00000000000489     
 DEBUG T iter         300 min   299.99999999999733      max   300.00000000000506     
   SIMPLE iter         300  res_p=  0.60987763462052313       u(1,1,1)=  -4.5761417885006291E-003  p(1,1,1)=   81983276.592216656     
 DEBUG T iter         350 min   299.99999999999739      max   300.00000000000483     
 DEBUG T iter         400 min   299.99999999999733      max   300.00000000000489     
   SIMPLE iter         400  res_p=  0.60981903502479140       u(1,1,1)=  -4.5762905334046054E-003  p(1,1,1)=   81983247.741504431     
 DEBUG T iter         450 min   299.99999999999693      max   300.00000000000489     
 DEBUG T iter         500 min   299.99999999999727      max   300.00000000000460     
   SIMPLE iter         500  res_p=  0.60980561056415172       u(1,1,1)=  -4.5763248930231742E-003  p(1,1,1)=   81983241.136660308     
 DEBUG T iter         550 min   299.99999999999710      max   300.00000000000489     
 DEBUG T iter         600 min   299.99999999999704      max   300.00000000000512     
   SIMPLE iter         600  res_p=  0.60980253559795128       u(1,1,1)=  -4.5763327986317421E-003  p(1,1,1)=   81983239.624658316     
 DEBUG T iter         650 min   299.99999999999727      max   300.00000000000483     
 DEBUG T iter         700 min   299.99999999999710      max   300.00000000000489     
   SIMPLE iter         700  res_p=  0.60980183131691512       u(1,1,1)=  -4.5763346107585128E-003  p(1,1,1)=   81983239.278533027     
 DEBUG T iter         750 min   299.99999999999716      max   300.00000000000489     
 DEBUG T iter         800 min   299.99999999999716      max   300.00000000000495     
   SIMPLE iter         800  res_p=  0.60980167002044405       u(1,1,1)=  -4.5763350265269889E-003  p(1,1,1)=   81983239.199299321     
 DEBUG T iter         850 min   299.99999999999716      max   300.00000000000489     
 DEBUG T iter         900 min   299.99999999999710      max   300.00000000000500     
   SIMPLE iter         900  res_p=  0.60980163308160340       u(1,1,1)=  -4.5763351261481301E-003  p(1,1,1)=   81983239.181161493     
 DEBUG T iter         950 min   299.99999999999704      max   300.00000000000483     
 DEBUG T iter        1000 min   299.99999999999733      max   300.00000000000483     
   SIMPLE iter        1000  res_p=  0.60980162462244936       u(1,1,1)=  -4.5763351460544688E-003  p(1,1,1)=   81983239.177009434     
 DEBUG T iter        1050 min   299.99999999999693      max   300.00000000000483     
 DEBUG T iter        1100 min   299.99999999999721      max   300.00000000000477     
   SIMPLE iter        1100  res_p=  0.60980162268532390       u(1,1,1)=  -4.5763351498643908E-003  p(1,1,1)=   81983239.176058963     
 DEBUG T iter        1150 min   299.99999999999721      max   300.00000000000495     
 DEBUG T iter        1200 min   299.99999999999721      max   300.00000000000512     
   SIMPLE iter        1200  res_p=  0.60980162224175360       u(1,1,1)=  -4.5763351497606769E-003  p(1,1,1)=   81983239.175841406     
 DEBUG T iter        1250 min   299.99999999999704      max   300.00000000000483     
 DEBUG T iter        1300 min   299.99999999999710      max   300.00000000000483     
   SIMPLE iter        1300  res_p=  0.60980162214017086       u(1,1,1)=  -4.5763351537837791E-003  p(1,1,1)=   81983239.175791577     
 DEBUG T iter        1350 min   299.99999999999716      max   300.00000000000477     
 DEBUG T iter        1400 min   299.99999999999739      max   300.00000000000483     
   SIMPLE iter        1400  res_p=  0.60980162211693711       u(1,1,1)=  -4.5763351503276062E-003  p(1,1,1)=   81983239.175780192     
 DEBUG T iter        1450 min   299.99999999999733      max   300.00000000000500     
 DEBUG T iter        1500 min   299.99999999999721      max   300.00000000000472     
   SIMPLE iter        1500  res_p=  0.60980162211167810       u(1,1,1)=  -4.5763351512520863E-003  p(1,1,1)=   81983239.175777584     
 Porous solver Block           2  SIMPLE iterations:        1501  res_p:  0.60980162211167810     
 --------------Force and Moment -----------------------------
 Total Force Coefficient (CL, CD, CS) =
   0.0000000000000000        11.066477275919169        0.0000000000000000     
 Total Moment Coefficient(CMx, CMy, CMz)=
   0.0000000000000000        5.5332386379595846        3.8523964152403778E-003
 Kstep, t=          57   57.000000000000000     
 ----------The Max Residuals are--------  ---Mesh---           1
    0.2383926676E-10    0.4274174840E-11    0.6384991277E-12    0.1323488980E-20    0.8618877476E-11
   The R.M.S Residuals are 
    0.2521540776E-11    0.3495615474E-12    0.4834758952E-13    0.1991203172E-21    0.9458430884E-12
 CPU wall time in this step:   6.9087652119999916     
 Averaged CPU wall time is:   6.8553404339122803     
   DBG iter           1  maxU2=   2.6257461044853599E-002  maxFi=   6.9947473562301935E-006  maxFj=  0.40232119052938892       Fi(21,1,1)=  -4.0392775673833761E-007  Fi(21,21,1)=   0.0000000000000000       Fi(41,21,1)=   0.0000000000000000     
   DBG div max=  0.52753236129233450       res_p=  0.52753236129233450     
   SIMPLE iter           1  res_p=  0.52753236129233450       u(1,1,1)=  -6.3512930803910194E-003  p(1,1,1)=   81985933.384581447     
   DBG iter           2  maxU2=   2.6257461044853599E-002  maxFi=   9.4351495847783529E-006  maxFj=  0.58557735529403632       Fi(21,1,1)=  -4.0653611708339207E-007  Fi(21,21,1)=   0.0000000000000000       Fi(41,21,1)=   0.0000000000000000     
   DBG div max=  0.60434899160039890       res_p=  0.60434899160039890     
   SIMPLE iter           2  res_p=  0.60434899160039890       u(1,1,1)=  -4.9423492619338144E-003  p(1,1,1)=   81986981.388198808     
   DBG iter           3  maxU2=   1.7831235796621062E-002  maxFi=   8.9752722645726320E-006  maxFj=  0.58695702641784719       Fi(21,1,1)=  -4.0748685173426186E-007  Fi(21,21,1)=   0.0000000000000000       Fi(41,21,1)=   0.0000000000000000     
   DBG div max=  0.58695689909470028       res_p=  0.58695689909470028     
   SIMPLE iter           3  res_p=  0.58695689909470028       u(1,1,1)=  -3.9946781699883313E-003  p(1,1,1)=   81986279.539458185     
   SIMPLE iter           4  res_p=  0.58621500560066286       u(1,1,1)=  -4.3792416546645195E-003  p(1,1,1)=   81986049.124061391     
   SIMPLE iter           5  res_p=  0.59340936031406444       u(1,1,1)=  -4.5148722603693733E-003  p(1,1,1)=   81985991.437288955     
 DEBUG T iter          50 min   299.99999999999767      max   300.00000000000415     
 DEBUG T iter         100 min   299.99999999999761      max   300.00000000000483     
   SIMPLE iter         100  res_p=  0.61124865601528222       u(1,1,1)=  -4.5728604958380353E-003  p(1,1,1)=   81983952.890853748     
 DEBUG T iter         150 min   299.99999999999693      max   300.00000000000466     
 DEBUG T iter         200 min   299.99999999999687      max   300.00000000000483     
   SIMPLE iter         200  res_p=  0.61013336556537756       u(1,1,1)=  -4.5755033933694298E-003  p(1,1,1)=   81983402.605867550     
 DEBUG T iter         250 min   299.99999999999716      max   300.00000000000472     
 DEBUG T iter         300 min   299.99999999999704      max   300.00000000000466     
   SIMPLE iter         300  res_p=  0.60987763462051947       u(1,1,1)=  -4.5761417862479285E-003  p(1,1,1)=   81983276.592216626     
 DEBUG T iter         350 min   299.99999999999721      max   300.00000000000472     
 DEBUG T iter         400 min   299.99999999999721      max   300.00000000000495     
   SIMPLE iter         400  res_p=  0.60981903502477763       u(1,1,1)=  -4.5762905364814619E-003  p(1,1,1)=   81983247.741504416     
 DEBUG T iter         450 min   299.99999999999727      max   300.00000000000489     
 DEBUG T iter         500 min   299.99999999999710      max   300.00000000000495     
   SIMPLE iter         500  res_p=  0.60980561056414029       u(1,1,1)=  -4.5763248923001250E-003  p(1,1,1)=   81983241.136660278     
 DEBUG T iter         550 min   299.99999999999727      max   300.00000000000477     
 DEBUG T iter         600 min   299.99999999999727      max   300.00000000000495     
   SIMPLE iter         600  res_p=  0.60980253559792663       u(1,1,1)=  -4.5763328004503360E-003  p(1,1,1)=   81983239.624658301     
 DEBUG T iter         650 min   299.99999999999733      max   300.00000000000489     
 DEBUG T iter         700 min   299.99999999999704      max   300.00000000000483     
   SIMPLE iter         700  res_p=  0.60980183131689836       u(1,1,1)=  -4.5763346130762899E-003  p(1,1,1)=   81983239.278533012     
 DEBUG T iter         750 min   299.99999999999716      max   300.00000000000489     
 DEBUG T iter         800 min   299.99999999999710      max   300.00000000000483     
   SIMPLE iter         800  res_p=  0.60980167002043262       u(1,1,1)=  -4.5763350303508910E-003  p(1,1,1)=   81983239.199299306     
 DEBUG T iter         850 min   299.99999999999733      max   300.00000000000466     
 DEBUG T iter         900 min   299.99999999999716      max   300.00000000000477     
   SIMPLE iter         900  res_p=  0.60980163308158897       u(1,1,1)=  -4.5763351255708289E-003  p(1,1,1)=   81983239.181161463     
 DEBUG T iter         950 min   299.99999999999710      max   300.00000000000495     
 DEBUG T iter        1000 min   299.99999999999721      max   300.00000000000495     
   SIMPLE iter        1000  res_p=  0.60980162462242415       u(1,1,1)=  -4.5763351440717649E-003  p(1,1,1)=   81983239.177009404     
 DEBUG T iter        1050 min   299.99999999999727      max   300.00000000000495     
 DEBUG T iter        1100 min   299.99999999999716      max   300.00000000000483     
   SIMPLE iter        1100  res_p=  0.60980162268529692       u(1,1,1)=  -4.5763351527677021E-003  p(1,1,1)=   81983239.176058933     
 DEBUG T iter        1150 min   299.99999999999716      max   300.00000000000500     
 DEBUG T iter        1200 min   299.99999999999744      max   300.00000000000506     
   SIMPLE iter        1200  res_p=  0.60980162224172541       u(1,1,1)=  -4.5763351528431730E-003  p(1,1,1)=   81983239.175841391     
 DEBUG T iter        1250 min   299.99999999999716      max   300.00000000000506     
 DEBUG T iter        1300 min   299.99999999999727      max   300.00000000000472     
   SIMPLE iter        1300  res_p=  0.60980162214015943       u(1,1,1)=  -4.5763351504125799E-003  p(1,1,1)=   81983239.175791547     
 DEBUG T iter        1350 min   299.99999999999739      max   300.00000000000483     
 DEBUG T iter        1400 min   299.99999999999710      max   300.00000000000517     
   SIMPLE iter        1400  res_p=  0.60980162211692501       u(1,1,1)=  -4.5763351511434024E-003  p(1,1,1)=   81983239.175780162     
 DEBUG T iter        1450 min   299.99999999999727      max   300.00000000000472     
 DEBUG T iter        1500 min   299.99999999999704      max   300.00000000000506     
   SIMPLE iter        1500  res_p=  0.60980162211166733       u(1,1,1)=  -4.5763351537851642E-003  p(1,1,1)=   81983239.175777569     
 Porous solver Block           2  SIMPLE iterations:        1501  res_p:  0.60980162211166733     
 --------------Force and Moment -----------------------------
 Total Force Coefficient (CL, CD, CS) =
   0.0000000000000000        11.066477274638601        0.0000000000000000     
 Total Moment Coefficient(CMx, CMy, CMz)=
   0.0000000000000000        5.5332386373193003        3.8523964145724676E-003
 Kstep, t=          58   58.000000000000000     
 ----------The Max Residuals are--------  ---Mesh---           1
    0.2368261663E-10    0.4251747035E-11    0.6274763153E-12    0.1111730743E-20    0.8559726748E-11
   The R.M.S Residuals are 
    0.2503434557E-11    0.3475422224E-12    0.4696572048E-13    0.2028822223E-21    0.9377629835E-12
 CPU wall time in this step:   6.8221297360000221     
 Averaged CPU wall time is:   6.8547678356724138     
   DBG iter           1  maxU2=   2.6257461045387235E-002  maxFi=   6.9947473562447980E-006  maxFj=  0.40232119052936244       Fi(21,1,1)=  -4.0392775855908252E-007  Fi(21,21,1)=   0.0000000000000000       Fi(41,21,1)=   0.0000000000000000     
   DBG div max=  0.52753236129230929       res_p=  0.52753236129230929     
   SIMPLE iter           1  res_p=  0.52753236129230929       u(1,1,1)=  -6.3512930827829507E-003  p(1,1,1)=   81985933.384581432     
   DBG iter           2  maxU2=   2.6257461045387235E-002  maxFi=   9.4351495865181332E-006  maxFj=  0.58557735529399491       Fi(21,1,1)=  -4.0653611889315727E-007  Fi(21,21,1)=   0.0000000000000000       Fi(41,21,1)=   0.0000000000000000     
   DBG div max=  0.60434899160033329       res_p=  0.60434899160033329     
   SIMPLE iter           2  res_p=  0.60434899160033329       u(1,1,1)=  -4.9423492646498198E-003  p(1,1,1)=   81986981.388198793     
   DBG iter           3  maxU2=   1.7831235803814013E-002  maxFi=   8.9752722649450707E-006  maxFj=  0.58695702641778347       Fi(21,1,1)=  -4.0748685265137789E-007  Fi(21,21,1)=   0.0000000000000000       Fi(41,21,1)=   0.0000000000000000     
   DBG div max=  0.58695689909463655       res_p=  0.58695689909463655     
   SIMPLE iter           3  res_p=  0.58695689909463655       u(1,1,1)=  -3.9946781727063915E-003  p(1,1,1)=   81986279.539458171     
   SIMPLE iter           4  res_p=  0.58621500560060569       u(1,1,1)=  -4.3792416574382279E-003  p(1,1,1)=   81986049.124061376     
   SIMPLE iter           5  res_p=  0.59340936031400915       u(1,1,1)=  -4.5148722631533659E-003  p(1,1,1)=   81985991.437288940     
 DEBUG T iter          50 min   299.99999999999767      max   300.00000000000421     
 DEBUG T iter         100 min   299.99999999999739      max   300.00000000000472     
   SIMPLE iter         100  res_p=  0.61124865601525991       u(1,1,1)=  -4.5728604972301024E-003  p(1,1,1)=   81983952.890853733     
 DEBUG T iter         150 min   299.99999999999721      max   300.00000000000460     
 DEBUG T iter         200 min   299.99999999999727      max   300.00000000000466     
   SIMPLE iter         200  res_p=  0.61013336556534592       u(1,1,1)=  -4.5755033922614185E-003  p(1,1,1)=   81983402.605867535     
 DEBUG T iter         250 min   299.99999999999710      max   300.00000000000489     
 DEBUG T iter         300 min   299.99999999999704      max   300.00000000000489     
   SIMPLE iter         300  res_p=  0.60987763462050082       u(1,1,1)=  -4.5761417858917975E-003  p(1,1,1)=   81983276.592216611     
 DEBUG T iter         350 min   299.99999999999716      max   300.00000000000506     
 DEBUG T iter         400 min   299.99999999999710      max   300.00000000000495     
   SIMPLE iter         400  res_p=  0.60981903502475721       u(1,1,1)=  -4.5762905366237760E-003  p(1,1,1)=   81983247.741504401     
 DEBUG T iter         450 min   299.99999999999716      max   300.00000000000495     
 DEBUG T iter         500 min   299.99999999999727      max   300.00000000000466     
   SIMPLE iter         500  res_p=  0.60980561056411986       u(1,1,1)=  -4.5763248929888639E-003  p(1,1,1)=   81983241.136660263     
 DEBUG T iter         550 min   299.99999999999727      max   300.00000000000495     
 DEBUG T iter         600 min   299.99999999999721      max   300.00000000000500     
   SIMPLE iter         600  res_p=  0.60980253559791819       u(1,1,1)=  -4.5763327999419840E-003  p(1,1,1)=   81983239.624658287     
 DEBUG T iter         650 min   299.99999999999704      max   300.00000000000477     
 DEBUG T iter         700 min   299.99999999999693      max   300.00000000000495     
   SIMPLE iter         700  res_p=  0.60980183131688326       u(1,1,1)=  -4.5763346130021434E-003  p(1,1,1)=   81983239.278532997     
 DEBUG T iter         750 min   299.99999999999699      max   300.00000000000506     
 DEBUG T iter         800 min   299.99999999999739      max   300.00000000000517     
   SIMPLE iter         800  res_p=  0.60980167002042074       u(1,1,1)=  -4.5763350272157140E-003  p(1,1,1)=   81983239.199299276     
 DEBUG T iter         850 min   299.99999999999704      max   300.00000000000477     
 DEBUG T iter         900 min   299.99999999999716      max   300.00000000000483     
   SIMPLE iter         900  res_p=  0.60980163308157875       u(1,1,1)=  -4.5763351256521709E-003  p(1,1,1)=   81983239.181161448     
 DEBUG T iter         950 min   299.99999999999704      max   300.00000000000477     
 DEBUG T iter        1000 min   299.99999999999704      max   300.00000000000483     
   SIMPLE iter        1000  res_p=  0.60980162462242715       u(1,1,1)=  -4.5763351442036169E-003  p(1,1,1)=   81983239.177009389     
 DEBUG T iter        1050 min   299.99999999999727      max   300.00000000000529     
 DEBUG T iter        1100 min   299.99999999999744      max   300.00000000000483     
   SIMPLE iter        1100  res_p=  0.60980162268530114       u(1,1,1)=  -4.5763351527407592E-003  p(1,1,1)=   81983239.176058933     
 DEBUG T iter        1150 min   299.99999999999721      max   300.00000000000495     
 DEBUG T iter        1200 min   299.99999999999693      max   300.00000000000477     
   SIMPLE iter        1200  res_p=  0.60980162224171397       u(1,1,1)=  -4.5763351528575451E-003  p(1,1,1)=   81983239.175841361     
 DEBUG T iter        1250 min   299.99999999999733      max   300.00000000000500     
 DEBUG T iter        1300 min   299.99999999999721      max   300.00000000000477     
   SIMPLE iter        1300  res_p=  0.60980162214014622       u(1,1,1)=  -4.5763351500650870E-003  p(1,1,1)=   81983239.175791532     
 DEBUG T iter        1350 min   299.99999999999727      max   300.00000000000523     
 DEBUG T iter        1400 min   299.99999999999727      max   300.00000000000495     
   SIMPLE iter        1400  res_p=  0.60980162211691058       u(1,1,1)=  -4.5763351512558056E-003  p(1,1,1)=   81983239.175780147     
 DEBUG T iter        1450 min   299.99999999999727      max   300.00000000000466     
 DEBUG T iter        1500 min   299.99999999999721      max   300.00000000000489     
   SIMPLE iter        1500  res_p=  0.60980162211163724       u(1,1,1)=  -4.5763351532817900E-003  p(1,1,1)=   81983239.175777555     
 Porous solver Block           2  SIMPLE iterations:        1501  res_p:  0.60980162211163724     
 --------------Force and Moment -----------------------------
 Total Force Coefficient (CL, CD, CS) =
   0.0000000000000000        11.066477273125201        0.0000000000000000     
 Total Moment Coefficient(CMx, CMy, CMz)=
   0.0000000000000000        5.5332386365626007        3.8523964139045574E-003
 Kstep, t=          59   59.000000000000000     
 ----------The Max Residuals are--------  ---Mesh---           1
    0.2353526524E-10    0.4235632412E-11    0.6137925996E-12    0.1270549421E-20    0.8490718812E-11
   The R.M.S Residuals are 
    0.2486540796E-11    0.3462097737E-12    0.4576121530E-13    0.2095775260E-21    0.9292339192E-12
 CPU wall time in this step:   6.8158977850000042     
 Averaged CPU wall time is:   6.8541090212542377     
   DBG iter           1  maxU2=   2.6257461045740858E-002  maxFi=   6.9947473549584946E-006  maxFj=  0.40232119052932402       Fi(21,1,1)=  -4.0392775948551686E-007  Fi(21,21,1)=   0.0000000000000000       Fi(41,21,1)=   0.0000000000000000     
   DBG div max=  0.52753236129226799       res_p=  0.52753236129226799     
   SIMPLE iter           1  res_p=  0.52753236129226799       u(1,1,1)=  -6.3512930821007889E-003  p(1,1,1)=   81985933.384581417     
   DBG iter           2  maxU2=   2.6257461045740858E-002  maxFi=   9.4351495848197678E-006  maxFj=  0.58557735529394384       Fi(21,1,1)=  -4.0653612111875105E-007  Fi(21,21,1)=   0.0000000000000000       Fi(41,21,1)=   0.0000000000000000     
   DBG div max=  0.60434899160029221       res_p=  0.60434899160029221     
   SIMPLE iter           2  res_p=  0.60434899160029221       u(1,1,1)=  -4.9423492638259927E-003  p(1,1,1)=   81986981.388198778     
   DBG iter           3  maxU2=   1.7831235811988189E-002  maxFi=   8.9752722632735867E-006  maxFj=  0.58695702641773717       Fi(21,1,1)=  -4.0748685484851343E-007  Fi(21,21,1)=   0.0000000000000000       Fi(41,21,1)=   0.0000000000000000     
   DBG div max=  0.58695689909459037       res_p=  0.58695689909459037     
   SIMPLE iter           3  res_p=  0.58695689909459037       u(1,1,1)=  -3.9946781721901100E-003  p(1,1,1)=   81986279.539458156     
   SIMPLE iter           4  res_p=  0.58621500560055106       u(1,1,1)=  -4.3792416573260632E-003  p(1,1,1)=   81986049.124061361     
   SIMPLE iter           5  res_p=  0.59340936031395497       u(1,1,1)=  -4.5148722631845033E-003  p(1,1,1)=   81985991.437288925     
 DEBUG T iter          50 min   299.99999999999778      max   300.00000000000426     
 DEBUG T iter         100 min   299.99999999999761      max   300.00000000000455     
   SIMPLE iter         100  res_p=  0.61124865601522327       u(1,1,1)=  -4.5728604988886212E-003  p(1,1,1)=   81983952.890853718     
 DEBUG T iter         150 min   299.99999999999693      max   300.00000000000460     
 DEBUG T iter         200 min   299.99999999999716      max   300.00000000000506     
   SIMPLE iter         200  res_p=  0.61013336556533382       u(1,1,1)=  -4.5755033955575493E-003  p(1,1,1)=   81983402.605867535     
 DEBUG T iter         250 min   299.99999999999721      max   300.00000000000495     
 DEBUG T iter         300 min   299.99999999999744      max   300.00000000000489     
   SIMPLE iter         300  res_p=  0.60987763462047317       u(1,1,1)=  -4.5761417884267793E-003  p(1,1,1)=   81983276.592216611     
 DEBUG T iter         350 min   299.99999999999733      max   300.00000000000472     
 DEBUG T iter         400 min   299.99999999999716      max   300.00000000000483     
   SIMPLE iter         400  res_p=  0.60981903502473978       u(1,1,1)=  -4.5762905365915969E-003  p(1,1,1)=   81983247.741504401     
 DEBUG T iter         450 min   299.99999999999699      max   300.00000000000483     
 DEBUG T iter         500 min   299.99999999999721      max   300.00000000000472     
   SIMPLE iter         500  res_p=  0.60980561056411386       u(1,1,1)=  -4.5763248897283072E-003  p(1,1,1)=   81983241.136660263     
 DEBUG T iter         550 min   299.99999999999704      max   300.00000000000489     
 DEBUG T iter         600 min   299.99999999999739      max   300.00000000000483     
   SIMPLE iter         600  res_p=  0.60980253559789666       u(1,1,1)=  -4.5763327984480228E-003  p(1,1,1)=   81983239.624658272     
 DEBUG T iter         650 min   299.99999999999727      max   300.00000000000477     
 DEBUG T iter         700 min   299.99999999999716      max   300.00000000000500     
   SIMPLE iter         700  res_p=  0.60980183131685561       u(1,1,1)=  -4.5763346123464475E-003  p(1,1,1)=   81983239.278532997     
 DEBUG T iter         750 min   299.99999999999721      max   300.00000000000483     
 DEBUG T iter         800 min   299.99999999999733      max   300.00000000000477     
   SIMPLE iter         800  res_p=  0.60980167002040209       u(1,1,1)=  -4.5763350267893407E-003  p(1,1,1)=   81983239.199299276     
 DEBUG T iter         850 min   299.99999999999727      max   300.00000000000460     
 DEBUG T iter         900 min   299.99999999999716      max   300.00000000000483     
   SIMPLE iter         900  res_p=  0.60980163308155122       u(1,1,1)=  -4.5763351260842975E-003  p(1,1,1)=   81983239.181161448     
 DEBUG T iter         950 min   299.99999999999704      max   300.00000000000477     
 DEBUG T iter        1000 min   299.99999999999733      max   300.00000000000466     
   SIMPLE iter        1000  res_p=  0.60980162462239651       u(1,1,1)=  -4.5763351437824260E-003  p(1,1,1)=   81983239.177009389     
 DEBUG T iter        1050 min   299.99999999999710      max   300.00000000000500     
 DEBUG T iter        1100 min   299.99999999999721      max   300.00000000000477     
   SIMPLE iter        1100  res_p=  0.60980162268526861       u(1,1,1)=  -4.5763351499223132E-003  p(1,1,1)=   81983239.176058918     
 DEBUG T iter        1150 min   299.99999999999727      max   300.00000000000477     
 DEBUG T iter        1200 min   299.99999999999716      max   300.00000000000500     
   SIMPLE iter        1200  res_p=  0.60980162224168144       u(1,1,1)=  -4.5763351529877734E-003  p(1,1,1)=   81983239.175841361     
 DEBUG T iter        1250 min   299.99999999999727      max   300.00000000000506     
 DEBUG T iter        1300 min   299.99999999999704      max   300.00000000000500     
   SIMPLE iter        1300  res_p=  0.60980162214012101       u(1,1,1)=  -4.5763351531028888E-003  p(1,1,1)=   81983239.175791532     
 DEBUG T iter        1350 min   299.99999999999721      max   300.00000000000477     
 DEBUG T iter        1400 min   299.99999999999699      max   300.00000000000489     
   SIMPLE iter        1400  res_p=  0.60980162211687994       u(1,1,1)=  -4.5763351504045291E-003  p(1,1,1)=   81983239.175780147     
 DEBUG T iter        1450 min   299.99999999999733      max   300.00000000000500     
 DEBUG T iter        1500 min   299.99999999999739      max   300.00000000000472     
   SIMPLE iter        1500  res_p=  0.60980162211162225       u(1,1,1)=  -4.5763351540601700E-003  p(1,1,1)=   81983239.175777555     
 Porous solver Block           2  SIMPLE iterations:        1501  res_p:  0.60980162211162225     
 --------------Force and Moment -----------------------------
 Total Force Coefficient (CL, CD, CS) =
   0.0000000000000000        11.066477271990152        0.0000000000000000     
 Total Moment Coefficient(CMx, CMy, CMz)=
   0.0000000000000000        5.5332386359950760        3.8523964134498101E-003
 Kstep, t=          60   60.000000000000000     
 ----------The Max Residuals are--------  ---Mesh---           1
    0.2339457999E-10    0.4223304238E-11    0.5976355478E-12    0.1323488980E-20    0.8413243359E-11
   The R.M.S Residuals are 
    0.2470470208E-11    0.3451978440E-12    0.4472297037E-13    0.2122138449E-21    0.9205281853E-12
 write flow3d.dat ......
 write flow3d.dat OK
 Output Ts to Ts_block_2.dat
 write VTK files ......
 write VTK files OK
 CPU wall time in this step:   9.8481526719999692     
 Averaged CPU wall time is:   6.9040097487666667     
   DBG iter           1  maxU2=   2.6257461045441001E-002  maxFi=   6.9947473549591799E-006  maxFj=  0.40232119052928195       Fi(21,1,1)=  -4.0392776169529824E-007  Fi(21,21,1)=   0.0000000000000000       Fi(41,21,1)=   0.0000000000000000     
   DBG div max=  0.52753236129221071       res_p=  0.52753236129221071     
   SIMPLE iter           1  res_p=  0.52753236129221071       u(1,1,1)=  -6.3512930827642755E-003  p(1,1,1)=   81985933.384581417     
   DBG iter           2  maxU2=   2.6257461045441001E-002  maxFi=   9.4351495848205894E-006  maxFj=  0.58557735529388788       Fi(21,1,1)=  -4.0653612200879570E-007  Fi(21,21,1)=   0.0000000000000000       Fi(41,21,1)=   0.0000000000000000     
   DBG div max=  0.60434899160024413       res_p=  0.60434899160024413     
   SIMPLE iter           2  res_p=  0.60434899160024413       u(1,1,1)=  -4.9423492644410788E-003  p(1,1,1)=   81986981.388198778     
   DBG iter           3  maxU2=   1.7831235821858436E-002  maxFi=   8.9752722645819578E-006  maxFj=  0.58695702641769087       Fi(21,1,1)=  -4.0748685576696195E-007  Fi(21,21,1)=   0.0000000000000000       Fi(41,21,1)=   0.0000000000000000     
   DBG div max=  0.58695689909454407       res_p=  0.58695689909454407     
   SIMPLE iter           3  res_p=  0.58695689909454407       u(1,1,1)=  -3.9946781725973763E-003  p(1,1,1)=   81986279.539458156     
   SIMPLE iter           4  res_p=  0.58621500560050543       u(1,1,1)=  -4.3792416573547313E-003  p(1,1,1)=   81986049.124061361     
   SIMPLE iter           5  res_p=  0.59340936031390690       u(1,1,1)=  -4.5148722628866201E-003  p(1,1,1)=   81985991.437288925     
 DEBUG T iter          50 min   299.99999999999744      max   300.00000000000455     
 DEBUG T iter         100 min   299.99999999999716      max   300.00000000000466     
   SIMPLE iter         100  res_p=  0.61124865601520717       u(1,1,1)=  -4.5728604971652939E-003  p(1,1,1)=   81983952.890853733     
 DEBUG T iter         150 min   299.99999999999721      max   300.00000000000472     
 DEBUG T iter         200 min   299.99999999999739      max   300.00000000000500     
   SIMPLE iter         200  res_p=  0.61013336556532483       u(1,1,1)=  -4.5755033950437137E-003  p(1,1,1)=   81983402.605867550     
 DEBUG T iter         250 min   299.99999999999716      max   300.00000000000534     
 DEBUG T iter         300 min   299.99999999999693      max   300.00000000000512     
   SIMPLE iter         300  res_p=  0.60987763462046296       u(1,1,1)=  -4.5761417890634913E-003  p(1,1,1)=   81983276.592216626     
 DEBUG T iter         350 min   299.99999999999710      max   300.00000000000500     
 DEBUG T iter         400 min   299.99999999999733      max   300.00000000000506     
   SIMPLE iter         400  res_p=  0.60981903502473078       u(1,1,1)=  -4.5762905332739860E-003  p(1,1,1)=   81983247.741504401     
 DEBUG T iter         450 min   299.99999999999704      max   300.00000000000483     
 DEBUG T iter         500 min   299.99999999999739      max   300.00000000000489     
   SIMPLE iter         500  res_p=  0.60980561056409943       u(1,1,1)=  -4.5763248928438523E-003  p(1,1,1)=   81983241.136660278     
 DEBUG T iter         550 min   299.99999999999727      max   300.00000000000500     
 DEBUG T iter         600 min   299.99999999999727      max   300.00000000000517     
   SIMPLE iter         600  res_p=  0.60980253559788755       u(1,1,1)=  -4.5763327986765709E-003  p(1,1,1)=   81983239.624658287     
 DEBUG T iter         650 min   299.99999999999716      max   300.00000000000466     
 DEBUG T iter         700 min   299.99999999999710      max   300.00000000000489     
   SIMPLE iter         700  res_p=  0.60980183131684784       u(1,1,1)=  -4.5763346101105468E-003  p(1,1,1)=   81983239.278532997     
 DEBUG T iter         750 min   299.99999999999716      max   300.00000000000483     
 DEBUG T iter         800 min   299.99999999999733      max   300.00000000000477     
   SIMPLE iter         800  res_p=  0.60980167002039487       u(1,1,1)=  -4.5763350269231633E-003  p(1,1,1)=   81983239.199299291     
 DEBUG T iter         850 min   299.99999999999733      max   300.00000000000512     
 DEBUG T iter         900 min   299.99999999999716      max   300.00000000000506     
   SIMPLE iter         900  res_p=  0.60980163308153446       u(1,1,1)=  -4.5763351259225015E-003  p(1,1,1)=   81983239.181161463     
 DEBUG T iter         950 min   299.99999999999739      max   300.00000000000477     
 DEBUG T iter        1000 min   299.99999999999721      max   300.00000000000489     
   SIMPLE iter        1000  res_p=  0.60980162462238874       u(1,1,1)=  -4.5763351460278929E-003  p(1,1,1)=   81983239.177009404     
 DEBUG T iter        1050 min   299.99999999999710      max   300.00000000000495     
 DEBUG T iter        1100 min   299.99999999999727      max   300.00000000000477     
   SIMPLE iter        1100  res_p=  0.60980162268526039       u(1,1,1)=  -4.5763351503358253E-003  p(1,1,1)=   81983239.176058933     
 DEBUG T iter        1150 min   299.99999999999721      max   300.00000000000483     
 DEBUG T iter        1200 min   299.99999999999710      max   300.00000000000477     
   SIMPLE iter        1200  res_p=  0.60980162224167611       u(1,1,1)=  -4.5763351492272416E-003  p(1,1,1)=   81983239.175841376     
 DEBUG T iter        1250 min   299.99999999999710      max   300.00000000000495     
 DEBUG T iter        1300 min   299.99999999999721      max   300.00000000000500     
   SIMPLE iter        1300  res_p=  0.60980162214010891       u(1,1,1)=  -4.5763351535286299E-003  p(1,1,1)=   81983239.175791547     
 DEBUG T iter        1350 min   299.99999999999744      max   300.00000000000495     
 DEBUG T iter        1400 min   299.99999999999733      max   300.00000000000495     
   SIMPLE iter        1400  res_p=  0.60980162211687461       u(1,1,1)=  -4.5763351508807480E-003  p(1,1,1)=   81983239.175780162     
 DEBUG T iter        1450 min   299.99999999999721      max   300.00000000000477     
 DEBUG T iter        1500 min   299.99999999999744      max   300.00000000000512     
   SIMPLE iter        1500  res_p=  0.60980162211161382       u(1,1,1)=  -4.5763351512249101E-003  p(1,1,1)=   81983239.175777555     
 Porous solver Block           2  SIMPLE iterations:        1501  res_p:  0.60980162211161382     
 --------------Force and Moment -----------------------------
 Total Force Coefficient (CL, CD, CS) =
   0.0000000000000000        11.066477270913310        0.0000000000000000     
 Total Moment Coefficient(CMx, CMy, CMz)=
   0.0000000000000000        5.5332386354566552        3.8523964129808519E-003
 Kstep, t=          61   61.000000000000000     
 ----------The Max Residuals are--------  ---Mesh---           1
    0.2325807427E-10    0.4212376286E-11    0.5929200273E-12    0.1297019200E-20    0.8340500462E-11
   The R.M.S Residuals are 
    0.2454865206E-11    0.3441901802E-12    0.4383037592E-13    0.2070482258E-21    0.9118998055E-12
 CPU wall time in this step:   14.262903127000016     
 Averaged CPU wall time is:   7.0246473451311475     
   DBG iter           1  maxU2=   2.6257461045439155E-002  maxFi=   6.9947473562477601E-006  maxFj=  0.40232119052925608       Fi(21,1,1)=  -4.0392776391442059E-007  Fi(21,21,1)=   0.0000000000000000       Fi(41,21,1)=   0.0000000000000000     
   DBG div max=  0.52753236129220482       res_p=  0.52753236129220482     
   SIMPLE iter           1  res_p=  0.52753236129220482       u(1,1,1)=  -6.3512930798360744E-003  p(1,1,1)=   81985933.384581417     
   DBG iter           2  maxU2=   2.6257461045439155E-002  maxFi=   9.4351495865205083E-006  maxFj=  0.58557735529385302       Fi(21,1,1)=  -4.0653612290434489E-007  Fi(21,21,1)=   0.0000000000000000       Fi(41,21,1)=   0.0000000000000000     
   DBG div max=  0.60434899160021838       res_p=  0.60434899160021838     
   SIMPLE iter           2  res_p=  0.60434899160021838       u(1,1,1)=  -4.9423492613631971E-003  p(1,1,1)=   81986981.388198778     
   DBG iter           3  maxU2=   1.7831235832828168E-002  maxFi=   8.9752722649483877E-006  maxFj=  0.58695702641764524       Fi(21,1,1)=  -4.0748685670232333E-007  Fi(21,21,1)=   0.0000000000000000       Fi(41,21,1)=   0.0000000000000000     
   DBG div max=  0.58695689909449844       res_p=  0.58695689909449844     
   SIMPLE iter           3  res_p=  0.58695689909449844       u(1,1,1)=  -3.9946781726628066E-003  p(1,1,1)=   81986279.539458156     
   SIMPLE iter           4  res_p=  0.58621500560044415       u(1,1,1)=  -4.3792416577289111E-003  p(1,1,1)=   81986049.124061361     
   SIMPLE iter           5  res_p=  0.59340936031384983       u(1,1,1)=  -4.5148722637004214E-003  p(1,1,1)=   81985991.437288925     
 DEBUG T iter          50 min   299.99999999999778      max   300.00000000000426     
 DEBUG T iter         100 min   299.99999999999739      max   300.00000000000443     
   SIMPLE iter         100  res_p=  0.61124865601517653       u(1,1,1)=  -4.5728604983898509E-003  p(1,1,1)=   81983952.890853748     
 DEBUG T iter         150 min   299.99999999999710      max   300.00000000000495     
 DEBUG T iter         200 min   299.99999999999716      max   300.00000000000477     
   SIMPLE iter         200  res_p=  0.61013336556530806       u(1,1,1)=  -4.5755033925957292E-003  p(1,1,1)=   81983402.605867565     
 DEBUG T iter         250 min   299.99999999999682      max   300.00000000000489     
 DEBUG T iter         300 min   299.99999999999699      max   300.00000000000495     
   SIMPLE iter         300  res_p=  0.60987763462045341       u(1,1,1)=  -4.5761417859069018E-003  p(1,1,1)=   81983276.592216641     
 DEBUG T iter         350 min   299.99999999999727      max   300.00000000000489     
 DEBUG T iter         400 min   299.99999999999733      max   300.00000000000495     
   SIMPLE iter         400  res_p=  0.60981903502471346       u(1,1,1)=  -4.5762905370988474E-003  p(1,1,1)=   81983247.741504431     
 DEBUG T iter         450 min   299.99999999999733      max   300.00000000000500     
 DEBUG T iter         500 min   299.99999999999704      max   300.00000000000500     
   SIMPLE iter         500  res_p=  0.60980561056407412       u(1,1,1)=  -4.5763248932003363E-003  p(1,1,1)=   81983241.136660308     
 DEBUG T iter         550 min   299.99999999999716      max   300.00000000000506     
 DEBUG T iter         600 min   299.99999999999704      max   300.00000000000512     
   SIMPLE iter         600  res_p=  0.60980253559786723       u(1,1,1)=  -4.5763327987055243E-003  p(1,1,1)=   81983239.624658316     
 DEBUG T iter         650 min   299.99999999999744      max   300.00000000000506     
 DEBUG T iter         700 min   299.99999999999704      max   300.00000000000477     
   SIMPLE iter         700  res_p=  0.60980183131683230       u(1,1,1)=  -4.5763346137840171E-003  p(1,1,1)=   81983239.278533027     
 DEBUG T iter         750 min   299.99999999999710      max   300.00000000000495     
 DEBUG T iter         800 min   299.99999999999704      max   300.00000000000495     
   SIMPLE iter         800  res_p=  0.60980167002038221       u(1,1,1)=  -4.5763350300444417E-003  p(1,1,1)=   81983239.199299321     
 DEBUG T iter         850 min   299.99999999999750      max   300.00000000000523     
 DEBUG T iter         900 min   299.99999999999750      max   300.00000000000495     
   SIMPLE iter         900  res_p=  0.60980163308153201       u(1,1,1)=  -4.5763351237909766E-003  p(1,1,1)=   81983239.181161478     
 DEBUG T iter         950 min   299.99999999999710      max   300.00000000000495     
 DEBUG T iter        1000 min   299.99999999999727      max   300.00000000000477     
   SIMPLE iter        1000  res_p=  0.60980162462235454       u(1,1,1)=  -4.5763351468148918E-003  p(1,1,1)=   81983239.177009434     
 DEBUG T iter        1050 min   299.99999999999727      max   300.00000000000500     
 DEBUG T iter        1100 min   299.99999999999733      max   300.00000000000495     
   SIMPLE iter        1100  res_p=  0.60980162268524651       u(1,1,1)=  -4.5763351503647432E-003  p(1,1,1)=   81983239.176058963     
 DEBUG T iter        1150 min   299.99999999999733      max   300.00000000000506     
 DEBUG T iter        1200 min   299.99999999999721      max   300.00000000000500     
   SIMPLE iter        1200  res_p=  0.60980162224166345       u(1,1,1)=  -4.5763351531325144E-003  p(1,1,1)=   81983239.175841406     
 DEBUG T iter        1250 min   299.99999999999727      max   300.00000000000477     
 DEBUG T iter        1300 min   299.99999999999733      max   300.00000000000500     
   SIMPLE iter        1300  res_p=  0.60980162214010303       u(1,1,1)=  -4.5763351509334558E-003  p(1,1,1)=   81983239.175791577     
 DEBUG T iter        1350 min   299.99999999999727      max   300.00000000000477     
 DEBUG T iter        1400 min   299.99999999999721      max   300.00000000000506     
   SIMPLE iter        1400  res_p=  0.60980162211685607       u(1,1,1)=  -4.5763351538713739E-003  p(1,1,1)=   81983239.175780177     
 DEBUG T iter        1450 min   299.99999999999704      max   300.00000000000495     
 DEBUG T iter        1500 min   299.99999999999733      max   300.00000000000483     
   SIMPLE iter        1500  res_p=  0.60980162211160249       u(1,1,1)=  -4.5763351538191830E-003  p(1,1,1)=   81983239.175777584     
 Porous solver Block           2  SIMPLE iterations:        1501  res_p:  0.60980162211160249     
 --------------Force and Moment -----------------------------
 Total Force Coefficient (CL, CD, CS) =
   0.0000000000000000        11.066477269807365        0.0000000000000000     
 Total Moment Coefficient(CMx, CMy, CMz)=
   0.0000000000000000        5.5332386349036824        3.8523964125687371E-003
 Kstep, t=          62   62.000000000000000     
 ----------The Max Residuals are--------  ---Mesh---           1
    0.2312365012E-10    0.4200846857E-11    0.5947497811E-12    0.1058791184E-20    0.8283549815E-11
   The R.M.S Residuals are 
    0.2439431948E-11    0.3429465072E-12    0.4305687546E-13    0.1982012512E-21    0.9035599278E-12
 CPU wall time in this step:   6.6421912010000028     
 Averaged CPU wall time is:   7.0184786976451612     
   DBG iter           1  maxU2=   2.6257461048027404E-002  maxFi=   6.9947473545794245E-006  maxFj=  0.40232119052920978       Fi(21,1,1)=  -4.0392776484767620E-007  Fi(21,21,1)=   0.0000000000000000       Fi(41,21,1)=   0.0000000000000000     
   DBG div max=  0.52753236129214520       res_p=  0.52753236129214520     
   SIMPLE iter           1  res_p=  0.52753236129214520       u(1,1,1)=  -6.3512930823109550E-003  p(1,1,1)=   81985933.384581447     
   DBG iter           2  maxU2=   2.6257461048027404E-002  maxFi=   9.4351495848596037E-006  maxFj=  0.58557735529379173       Fi(21,1,1)=  -4.0653612643912334E-007  Fi(21,21,1)=   0.0000000000000000       Fi(41,21,1)=   0.0000000000000000     
   DBG div max=  0.60434899160016686       res_p=  0.60434899160016686     
   SIMPLE iter           2  res_p=  0.60434899160016686       u(1,1,1)=  -4.9423492633049113E-003  p(1,1,1)=   81986981.388198808     
   DBG iter           3  maxU2=   1.7831235844616156E-002  maxFi=   8.9752722645912955E-006  maxFj=  0.58695702641759595       Fi(21,1,1)=  -4.0748686017178717E-007  Fi(21,21,1)=   0.0000000000000000       Fi(41,21,1)=   0.0000000000000000     
   DBG div max=  0.58695689909444915       res_p=  0.58695689909444915     
   SIMPLE iter           3  res_p=  0.58695689909444915       u(1,1,1)=  -3.9946781720056924E-003  p(1,1,1)=   81986279.539458185     
   SIMPLE iter           4  res_p=  0.58621500560039008       u(1,1,1)=  -4.3792416566528899E-003  p(1,1,1)=   81986049.124061391     
   SIMPLE iter           5  res_p=  0.59340936031378566       u(1,1,1)=  -4.5148722630008204E-003  p(1,1,1)=   81985991.437288955     
 DEBUG T iter          50 min   299.99999999999739      max   300.00000000000421     
 DEBUG T iter         100 min   299.99999999999721      max   300.00000000000438     
   SIMPLE iter         100  res_p=  0.61124865601515965       u(1,1,1)=  -4.5728604957642922E-003  p(1,1,1)=   81983952.890853778     
 DEBUG T iter         150 min   299.99999999999721      max   300.00000000000477     
 DEBUG T iter         200 min   299.99999999999733      max   300.00000000000489     
   SIMPLE iter         200  res_p=  0.61013336556528341       u(1,1,1)=  -4.5755033928685683E-003  p(1,1,1)=   81983402.605867594     
 DEBUG T iter         250 min   299.99999999999721      max   300.00000000000477     
 DEBUG T iter         300 min   299.99999999999721      max   300.00000000000489     
   SIMPLE iter         300  res_p=  0.60987763462041988       u(1,1,1)=  -4.5761417892619142E-003  p(1,1,1)=   81983276.592216685     
 DEBUG T iter         350 min   299.99999999999716      max   300.00000000000483     
 DEBUG T iter         400 min   299.99999999999716      max   300.00000000000483     
   SIMPLE iter         400  res_p=  0.60981903502469181       u(1,1,1)=  -4.5762905333830662E-003  p(1,1,1)=   81983247.741504461     
 DEBUG T iter         450 min   299.99999999999704      max   300.00000000000477     
 DEBUG T iter         500 min   299.99999999999693      max   300.00000000000472     
   SIMPLE iter         500  res_p=  0.60980561056406291       u(1,1,1)=  -4.5763248932421154E-003  p(1,1,1)=   81983241.136660337     
 DEBUG T iter         550 min   299.99999999999710      max   300.00000000000489     
 DEBUG T iter         600 min   299.99999999999733      max   300.00000000000534     
   SIMPLE iter         600  res_p=  0.60980253559785647       u(1,1,1)=  -4.5763327990028940E-003  p(1,1,1)=   81983239.624658346     
 DEBUG T iter         650 min   299.99999999999739      max   300.00000000000495     
 DEBUG T iter         700 min   299.99999999999739      max   300.00000000000500     
   SIMPLE iter         700  res_p=  0.60980183131680765       u(1,1,1)=  -4.5763346100983378E-003  p(1,1,1)=   81983239.278533056     
 DEBUG T iter         750 min   299.99999999999704      max   300.00000000000489     
 DEBUG T iter         800 min   299.99999999999727      max   300.00000000000489     
   SIMPLE iter         800  res_p=  0.60980167002036900       u(1,1,1)=  -4.5763350266947783E-003  p(1,1,1)=   81983239.199299350     
 DEBUG T iter         850 min   299.99999999999727      max   300.00000000000483     
 DEBUG T iter         900 min   299.99999999999721      max   300.00000000000489     
   SIMPLE iter         900  res_p=  0.60980163308149837       u(1,1,1)=  -4.5763351265530544E-003  p(1,1,1)=   81983239.181161508     
 DEBUG T iter         950 min   299.99999999999721      max   300.00000000000472     
 DEBUG T iter        1000 min   299.99999999999727      max   300.00000000000483     
   SIMPLE iter        1000  res_p=  0.60980162462234122       u(1,1,1)=  -4.5763351460347650E-003  p(1,1,1)=   81983239.177009463     
 DEBUG T iter        1050 min   299.99999999999704      max   300.00000000000477     
 DEBUG T iter        1100 min   299.99999999999727      max   300.00000000000472     
   SIMPLE iter        1100  res_p=  0.60980162268522486       u(1,1,1)=  -4.5763351502206649E-003  p(1,1,1)=   81983239.176058993     
 DEBUG T iter        1150 min   299.99999999999733      max   300.00000000000477     
 DEBUG T iter        1200 min   299.99999999999716      max   300.00000000000466     
   SIMPLE iter        1200  res_p=  0.60980162224165158       u(1,1,1)=  -4.5763351496688849E-003  p(1,1,1)=   81983239.175841436     
 DEBUG T iter        1250 min   299.99999999999721      max   300.00000000000489     
 DEBUG T iter        1300 min   299.99999999999739      max   300.00000000000483     
   SIMPLE iter        1300  res_p=  0.60980162214008449       u(1,1,1)=  -4.5763351539345465E-003  p(1,1,1)=   81983239.175791606     
 DEBUG T iter        1350 min   299.99999999999710      max   300.00000000000477     
 DEBUG T iter        1400 min   299.99999999999716      max   300.00000000000483     
   SIMPLE iter        1400  res_p=  0.60980162211684641       u(1,1,1)=  -4.5763351510084331E-003  p(1,1,1)=   81983239.175780222     
 DEBUG T iter        1450 min   299.99999999999727      max   300.00000000000483     
 DEBUG T iter        1500 min   299.99999999999721      max   300.00000000000500     
   SIMPLE iter        1500  res_p=  0.60980162211159106       u(1,1,1)=  -4.5763351513798322E-003  p(1,1,1)=   81983239.175777614     
 Porous solver Block           2  SIMPLE iterations:        1501  res_p:  0.60980162211159106     
 --------------Force and Moment -----------------------------
 Total Force Coefficient (CL, CD, CS) =
   0.0000000000000000        11.066477269079769        0.0000000000000000     
 Total Moment Coefficient(CMx, CMy, CMz)=
   0.0000000000000000        5.5332386345398845        3.8523964123413634E-003
 Kstep, t=          63   63.000000000000000     
 ----------The Max Residuals are--------  ---Mesh---           1
    0.2298974963E-10    0.4187250553E-11    0.5938445807E-12    0.1191140082E-20    0.8224210473E-11
   The R.M.S Residuals are 
    0.2423958513E-11    0.3413135686E-12    0.4237316928E-13    0.2090779247E-21    0.8956617280E-12
 CPU wall time in this step:   6.6830574889999639     
 Averaged CPU wall time is:   7.0131545514761902     
   DBG iter           1  maxU2=   2.6257461045208479E-002  maxFi=   6.9947473562439162E-006  maxFj=  0.40232119052918397       Fi(21,1,1)=  -4.0392776836467298E-007  Fi(21,21,1)=   0.0000000000000000       Fi(41,21,1)=   0.0000000000000000     
   DBG div max=  0.52753236129212022       res_p=  0.52753236129212022     
   SIMPLE iter           1  res_p=  0.52753236129212022       u(1,1,1)=  -6.3512930798947723E-003  p(1,1,1)=   81985933.384581476     
   DBG iter           2  maxU2=   2.6257461045208479E-002  maxFi=   9.4351495865168017E-006  maxFj=  0.58557735529376109       Fi(21,1,1)=  -4.0653612731907474E-007  Fi(21,21,1)=   0.0000000000000000       Fi(41,21,1)=   0.0000000000000000     
   DBG div max=  0.60434899160014621       res_p=  0.60434899160014621     
   SIMPLE iter           2  res_p=  0.60434899160014621       u(1,1,1)=  -4.9423492614287575E-003  p(1,1,1)=   81986981.388198838     
   DBG iter           3  maxU2=   1.7831235857506310E-002  maxFi=   8.9752722649437510E-006  maxFj=  0.58695702641756342       Fi(21,1,1)=  -4.0748686112401727E-007  Fi(21,21,1)=   0.0000000000000000       Fi(41,21,1)=   0.0000000000000000     
   DBG div max=  0.58695689909441662       res_p=  0.58695689909441662     
   SIMPLE iter           3  res_p=  0.58695689909441662       u(1,1,1)=  -3.9946781730692020E-003  p(1,1,1)=   81986279.539458215     
   SIMPLE iter           4  res_p=  0.58621500560035344       u(1,1,1)=  -4.3792416581564554E-003  p(1,1,1)=   81986049.124061421     
   SIMPLE iter           5  res_p=  0.59340936031374591       u(1,1,1)=  -4.5148722645072647E-003  p(1,1,1)=   81985991.437288985     
 DEBUG T iter          50 min   299.99999999999750      max   300.00000000000426     
 DEBUG T iter         100 min   299.99999999999744      max   300.00000000000466     
   SIMPLE iter         100  res_p=  0.61124865601512846       u(1,1,1)=  -4.5728604978849735E-003  p(1,1,1)=   81983952.890853822     
 DEBUG T iter         150 min   299.99999999999733      max   300.00000000000523     
 DEBUG T iter         200 min   299.99999999999744      max   300.00000000000500     
   SIMPLE iter         200  res_p=  0.61013336556526965       u(1,1,1)=  -4.5755033929259798E-003  p(1,1,1)=   81983402.605867639     
 DEBUG T iter         250 min   299.99999999999727      max   300.00000000000495     
 DEBUG T iter         300 min   299.99999999999739      max   300.00000000000483     
   SIMPLE iter         300  res_p=  0.60987763462040667       u(1,1,1)=  -4.5761417866238534E-003  p(1,1,1)=   81983276.592216715     
 DEBUG T iter         350 min   299.99999999999716      max   300.00000000000483     
 DEBUG T iter         400 min   299.99999999999716      max   300.00000000000472     
   SIMPLE iter         400  res_p=  0.60981903502467794       u(1,1,1)=  -4.5762905338131493E-003  p(1,1,1)=   81983247.741504505     
 DEBUG T iter         450 min   299.99999999999721      max   300.00000000000477     
 DEBUG T iter         500 min   299.99999999999716      max   300.00000000000483     
   SIMPLE iter         500  res_p=  0.60980561056404903       u(1,1,1)=  -4.5763248933641462E-003  p(1,1,1)=   81983241.136660382     
 DEBUG T iter         550 min   299.99999999999716      max   300.00000000000477     
 DEBUG T iter         600 min   299.99999999999733      max   300.00000000000489     
   SIMPLE iter         600  res_p=  0.60980253559783781       u(1,1,1)=  -4.5763327987333163E-003  p(1,1,1)=   81983239.624658391     
 DEBUG T iter         650 min   299.99999999999727      max   300.00000000000495     
 DEBUG T iter         700 min   299.99999999999710      max   300.00000000000495     
   SIMPLE iter         700  res_p=  0.60980183131679266       u(1,1,1)=  -4.5763346113543851E-003  p(1,1,1)=   81983239.278533101     
 DEBUG T iter         750 min   299.99999999999704      max   300.00000000000489     
 DEBUG T iter         800 min   299.99999999999710      max   300.00000000000460     
   SIMPLE iter         800  res_p=  0.60980167002033958       u(1,1,1)=  -4.5763350271340398E-003  p(1,1,1)=   81983239.199299395     
 DEBUG T iter         850 min   299.99999999999727      max   300.00000000000477     
 DEBUG T iter         900 min   299.99999999999733      max   300.00000000000489     
   SIMPLE iter         900  res_p=  0.60980163308148283       u(1,1,1)=  -4.5763351269225332E-003  p(1,1,1)=   81983239.181161568     
 DEBUG T iter         950 min   299.99999999999727      max   300.00000000000495     
 DEBUG T iter        1000 min   299.99999999999721      max   300.00000000000483     
   SIMPLE iter        1000  res_p=  0.60980162462233056       u(1,1,1)=  -4.5763351466367374E-003  p(1,1,1)=   81983239.177009508     
 DEBUG T iter        1050 min   299.99999999999721      max   300.00000000000483     
 DEBUG T iter        1100 min   299.99999999999727      max   300.00000000000500     
   SIMPLE iter        1100  res_p=  0.60980162268521043       u(1,1,1)=  -4.5763351501292675E-003  p(1,1,1)=   81983239.176059037     
 DEBUG T iter        1150 min   299.99999999999739      max   300.00000000000489     
 DEBUG T iter        1200 min   299.99999999999733      max   300.00000000000472     
   SIMPLE iter        1200  res_p=  0.60980162224163892       u(1,1,1)=  -4.5763351499290396E-003  p(1,1,1)=   81983239.175841480     
 DEBUG T iter        1250 min   299.99999999999710      max   300.00000000000477     
 DEBUG T iter        1300 min   299.99999999999733      max   300.00000000000483     
   SIMPLE iter        1300  res_p=  0.60980162214007061       u(1,1,1)=  -4.5763351541184775E-003  p(1,1,1)=   81983239.175791651     
 DEBUG T iter        1350 min   299.99999999999727      max   300.00000000000489     
 DEBUG T iter        1400 min   299.99999999999739      max   300.00000000000483     
   SIMPLE iter        1400  res_p=  0.60980162211683320       u(1,1,1)=  -4.5763351515653583E-003  p(1,1,1)=   81983239.175780267     
 DEBUG T iter        1450 min   299.99999999999739      max   300.00000000000483     
 DEBUG T iter        1500 min   299.99999999999721      max   300.00000000000483     
   SIMPLE iter        1500  res_p=  0.60980162211157007       u(1,1,1)=  -4.5763351514820855E-003  p(1,1,1)=   81983239.175777659     
 Porous solver Block           2  SIMPLE iterations:        1501  res_p:  0.60980162211157007     
 --------------Force and Moment -----------------------------
 Total Force Coefficient (CL, CD, CS) =
   0.0000000000000000        11.066477267915616        0.0000000000000000     
 Total Moment Coefficient(CMx, CMy, CMz)=
   0.0000000000000000        5.5332386339578079        3.8523964119008269E-003
 Kstep, t=          64   64.000000000000000     
 ----------The Max Residuals are--------  ---Mesh---           1
    0.2285541261E-10    0.4170717749E-11    0.5899145105E-12    0.1217609862E-20    0.8162618328E-11
   The R.M.S Residuals are 
    0.2408320260E-11    0.3392237902E-12    0.4175011644E-13    0.2152336034E-21    0.8882943628E-12
 CPU wall time in this step:   7.1242343119999987     
 Averaged CPU wall time is:   7.0148901727343747     
   DBG iter           1  maxU2=   2.6257461045190722E-002  maxFi=   6.9947473562411532E-006  maxFj=  0.40232119052916293       Fi(21,1,1)=  -4.0392776971370202E-007  Fi(21,21,1)=   0.0000000000000000       Fi(41,21,1)=   0.0000000000000000     
   DBG div max=  0.52753236129210068       res_p=  0.52753236129210068     
   SIMPLE iter           1  res_p=  0.52753236129210068       u(1,1,1)=  -6.3512930799091653E-003  p(1,1,1)=   81985933.384581521     
   DBG iter           2  maxU2=   2.6257461045190722E-002  maxFi=   9.4351495865129053E-006  maxFj=  0.58557735529373589       Fi(21,1,1)=  -4.0653612995914445E-007  Fi(21,21,1)=   0.0000000000000000       Fi(41,21,1)=   0.0000000000000000     
   DBG div max=  0.60434899160013988       res_p=  0.60434899160013988     
   SIMPLE iter           2  res_p=  0.60434899160013988       u(1,1,1)=  -4.9423492613924983E-003  p(1,1,1)=   81986981.388198882     
   DBG iter           3  maxU2=   1.7831235869360189E-002  maxFi=   8.9752722649335053E-006  maxFj=  0.58695702641754299       Fi(21,1,1)=  -4.0748686461501803E-007  Fi(21,21,1)=   0.0000000000000000       Fi(41,21,1)=   0.0000000000000000     
   DBG div max=  0.58695689909439619       res_p=  0.58695689909439619     
   SIMPLE iter           3  res_p=  0.58695689909439619       u(1,1,1)=  -3.9946781730754635E-003  p(1,1,1)=   81986279.539458260     
   SIMPLE iter           4  res_p=  0.58621500560032513       u(1,1,1)=  -4.3792416585470813E-003  p(1,1,1)=   81986049.124061465     
   SIMPLE iter           5  res_p=  0.59340936031371949       u(1,1,1)=  -4.5148722645265054E-003  p(1,1,1)=   81985991.437289029     
 DEBUG T iter          50 min   299.99999999999778      max   300.00000000000438     
 DEBUG T iter         100 min   299.99999999999750      max   300.00000000000466     
   SIMPLE iter         100  res_p=  0.61124865601511336       u(1,1,1)=  -4.5728604955029587E-003  p(1,1,1)=   81983952.890853867     
 DEBUG T iter         150 min   299.99999999999710      max   300.00000000000455     
 DEBUG T iter         200 min   299.99999999999721      max   300.00000000000495     
   SIMPLE iter         200  res_p=  0.61013336556525466       u(1,1,1)=  -4.5755033960997032E-003  p(1,1,1)=   81983402.605867699     
 DEBUG T iter         250 min   299.99999999999716      max   300.00000000000495     
 DEBUG T iter         300 min   299.99999999999727      max   300.00000000000500     
   SIMPLE iter         300  res_p=  0.60987763462039701       u(1,1,1)=  -4.5761417891531098E-003  p(1,1,1)=   81983276.592216775     
 DEBUG T iter         350 min   299.99999999999721      max   300.00000000000512     
 DEBUG T iter         400 min   299.99999999999727      max   300.00000000000477     
   SIMPLE iter         400  res_p=  0.60981903502466295       u(1,1,1)=  -4.5762905342336376E-003  p(1,1,1)=   81983247.741504550     
 DEBUG T iter         450 min   299.99999999999710      max   300.00000000000477     
 DEBUG T iter         500 min   299.99999999999716      max   300.00000000000483     
   SIMPLE iter         500  res_p=  0.60980561056403404       u(1,1,1)=  -4.5763248905086795E-003  p(1,1,1)=   81983241.136660427     
 DEBUG T iter         550 min   299.99999999999721      max   300.00000000000477     
 DEBUG T iter         600 min   299.99999999999727      max   300.00000000000489     
   SIMPLE iter         600  res_p=  0.60980253559781616       u(1,1,1)=  -4.5763327991211796E-003  p(1,1,1)=   81983239.624658436     
 DEBUG T iter         650 min   299.99999999999704      max   300.00000000000472     
 DEBUG T iter         700 min   299.99999999999721      max   300.00000000000506     
   SIMPLE iter         700  res_p=  0.60980183131678423       u(1,1,1)=  -4.5763346136766195E-003  p(1,1,1)=   81983239.278533161     
 DEBUG T iter         750 min   299.99999999999721      max   300.00000000000472     
 DEBUG T iter         800 min   299.99999999999716      max   300.00000000000500     
   SIMPLE iter         800  res_p=  0.60980167002032348       u(1,1,1)=  -4.5763350274454096E-003  p(1,1,1)=   81983239.199299440     
 DEBUG T iter         850 min   299.99999999999721      max   300.00000000000483     
 DEBUG T iter         900 min   299.99999999999699      max   300.00000000000477     
   SIMPLE iter         900  res_p=  0.60980163308147262       u(1,1,1)=  -4.5763351269725010E-003  p(1,1,1)=   81983239.181161612     
 DEBUG T iter         950 min   299.99999999999733      max   300.00000000000483     
 DEBUG T iter        1000 min   299.99999999999733      max   300.00000000000506     
   SIMPLE iter        1000  res_p=  0.60980162462230347       u(1,1,1)=  -4.5763351440533820E-003  p(1,1,1)=   81983239.177009553     
 DEBUG T iter        1050 min   299.99999999999710      max   300.00000000000506     
 DEBUG T iter        1100 min   299.99999999999704      max   300.00000000000483     
   SIMPLE iter        1100  res_p=  0.60980162268518823       u(1,1,1)=  -4.5763351514372446E-003  p(1,1,1)=   81983239.176059082     
 DEBUG T iter        1150 min   299.99999999999687      max   300.00000000000483     
 DEBUG T iter        1200 min   299.99999999999721      max   300.00000000000512     
   SIMPLE iter        1200  res_p=  0.60980162224162271       u(1,1,1)=  -4.5763351535597846E-003  p(1,1,1)=   81983239.175841525     
 DEBUG T iter        1250 min   299.99999999999721      max   300.00000000000477     
 DEBUG T iter        1300 min   299.99999999999721      max   300.00000000000506     
   SIMPLE iter        1300  res_p=  0.60980162214005984       u(1,1,1)=  -4.5763351543686116E-003  p(1,1,1)=   81983239.175791696     
 DEBUG T iter        1350 min   299.99999999999739      max   300.00000000000495     
 DEBUG T iter        1400 min   299.99999999999693      max   300.00000000000466     
   SIMPLE iter        1400  res_p=  0.60980162211681155       u(1,1,1)=  -4.5763351509174937E-003  p(1,1,1)=   81983239.175780311     
 DEBUG T iter        1450 min   299.99999999999704      max   300.00000000000483     
 DEBUG T iter        1500 min   299.99999999999739      max   300.00000000000472     
   SIMPLE iter        1500  res_p=  0.60980162211154298       u(1,1,1)=  -4.5763351518925775E-003  p(1,1,1)=   81983239.175777704     
 Porous solver Block           2  SIMPLE iterations:        1501  res_p:  0.60980162211154298     
 --------------Force and Moment -----------------------------
 Total Force Coefficient (CL, CD, CS) =
   0.0000000000000000        11.066477267013397        0.0000000000000000     
 Total Moment Coefficient(CMx, CMy, CMz)=
   0.0000000000000000        5.5332386335066985        3.8523964116450315E-003
 Kstep, t=          65   65.000000000000000     
 ----------The Max Residuals are--------  ---Mesh---           1
    0.2272025249E-10    0.4150948306E-11    0.5827519999E-12    0.1085260964E-20    0.8098533169E-11
   The R.M.S Residuals are 
    0.2392474336E-11    0.3366844871E-12    0.4116136592E-13    0.2106046530E-21    0.8814851979E-12
 CPU wall time in this step:   6.4205907090000096     
 Averaged CPU wall time is:   7.0057471040615384     
   DBG iter           1  maxU2=   2.6257461045381340E-002  maxFi=   6.9947473549581804E-006  maxFj=  0.40232119052914428       Fi(21,1,1)=  -4.0392777233695962E-007  Fi(21,21,1)=   0.0000000000000000       Fi(41,21,1)=   0.0000000000000000     
   DBG div max=  0.52753236129209302       res_p=  0.52753236129209302     
   SIMPLE iter           1  res_p=  0.52753236129209302       u(1,1,1)=  -6.3512930803174090E-003  p(1,1,1)=   81985933.384581581     
   DBG iter           2  maxU2=   2.6257461045381340E-002  maxFi=   9.4351495848179602E-006  maxFj=  0.58557735529371480       Fi(21,1,1)=  -4.0653613255876486E-007  Fi(21,21,1)=   0.0000000000000000       Fi(41,21,1)=   0.0000000000000000     
   DBG div max=  0.60434899160011923       res_p=  0.60434899160011923     
   SIMPLE iter           2  res_p=  0.60434899160011923       u(1,1,1)=  -4.9423492638976524E-003  p(1,1,1)=   81986981.388198942     
   DBG iter           3  maxU2=   1.7831235881349133E-002  maxFi=   8.9752722645857898E-006  maxFj=  0.58695702641752256       Fi(21,1,1)=  -4.0748686549787449E-007  Fi(21,21,1)=   0.0000000000000000       Fi(41,21,1)=   0.0000000000000000     
   DBG div max=  0.58695689909437587       res_p=  0.58695689909437587     
   SIMPLE iter           3  res_p=  0.58695689909437587       u(1,1,1)=  -3.9946781756136978E-003  p(1,1,1)=   81986279.539458320     
   SIMPLE iter           4  res_p=  0.58621500560029871       u(1,1,1)=  -4.3792416610650940E-003  p(1,1,1)=   81986049.124061510     
   SIMPLE iter           5  res_p=  0.59340936031369129       u(1,1,1)=  -4.5148722639198656E-003  p(1,1,1)=   81985991.437289074     
 DEBUG T iter          50 min   299.99999999999750      max   300.00000000000421     
 DEBUG T iter         100 min   299.99999999999744      max   300.00000000000472     
   SIMPLE iter         100  res_p=  0.61124865601508704       u(1,1,1)=  -4.5728604982688019E-003  p(1,1,1)=   81983952.890853927     
 DEBUG T iter         150 min   299.99999999999733      max   300.00000000000500     
 DEBUG T iter         200 min   299.99999999999727      max   300.00000000000483     
   SIMPLE iter         200  res_p=  0.61013336556523301       u(1,1,1)=  -4.5755033936511419E-003  p(1,1,1)=   81983402.605867743     
 DEBUG T iter         250 min   299.99999999999727      max   300.00000000000529     
 DEBUG T iter         300 min   299.99999999999739      max   300.00000000000506     
   SIMPLE iter         300  res_p=  0.60987763462037892       u(1,1,1)=  -4.5761417866013940E-003  p(1,1,1)=   81983276.592216820     
 DEBUG T iter         350 min   299.99999999999727      max   300.00000000000477     
 DEBUG T iter         400 min   299.99999999999733      max   300.00000000000495     
   SIMPLE iter         400  res_p=  0.60981903502465451       u(1,1,1)=  -4.5762905344930126E-003  p(1,1,1)=   81983247.741504610     
 DEBUG T iter         450 min   299.99999999999744      max   300.00000000000483     
 DEBUG T iter         500 min   299.99999999999721      max   300.00000000000483     
   SIMPLE iter         500  res_p=  0.60980561056401117       u(1,1,1)=  -4.5763248940066349E-003  p(1,1,1)=   81983241.136660486     
 DEBUG T iter         550 min   299.99999999999716      max   300.00000000000500     
 DEBUG T iter         600 min   299.99999999999710      max   300.00000000000472     
   SIMPLE iter         600  res_p=  0.60980253559781261       u(1,1,1)=  -4.5763327993039119E-003  p(1,1,1)=   81983239.624658495     
 DEBUG T iter         650 min   299.99999999999733      max   300.00000000000483     
 DEBUG T iter         700 min   299.99999999999733      max   300.00000000000477     
   SIMPLE iter         700  res_p=  0.60980183131676324       u(1,1,1)=  -4.5763346117339036E-003  p(1,1,1)=   81983239.278533205     
 DEBUG T iter         750 min   299.99999999999739      max   300.00000000000517     
 DEBUG T iter         800 min   299.99999999999704      max   300.00000000000517     
   SIMPLE iter         800  res_p=  0.60980167002032037       u(1,1,1)=  -4.5763350274735329E-003  p(1,1,1)=   81983239.199299499     
 DEBUG T iter         850 min   299.99999999999721      max   300.00000000000512     
 DEBUG T iter         900 min   299.99999999999716      max   300.00000000000495     
   SIMPLE iter         900  res_p=  0.60980163308145874       u(1,1,1)=  -4.5763351271696229E-003  p(1,1,1)=   81983239.181161657     
 DEBUG T iter         950 min   299.99999999999733      max   300.00000000000495     
 DEBUG T iter        1000 min   299.99999999999739      max   300.00000000000477     
   SIMPLE iter        1000  res_p=  0.60980162462229814       u(1,1,1)=  -4.5763351480330988E-003  p(1,1,1)=   81983239.177009612     
 DEBUG T iter        1050 min   299.99999999999716      max   300.00000000000483     
 DEBUG T iter        1100 min   299.99999999999693      max   300.00000000000506     
   SIMPLE iter        1100  res_p=  0.60980162268517146       u(1,1,1)=  -4.5763351507429745E-003  p(1,1,1)=   81983239.176059142     
 DEBUG T iter        1150 min   299.99999999999733      max   300.00000000000495     
 DEBUG T iter        1200 min   299.99999999999716      max   300.00000000000495     
   SIMPLE iter        1200  res_p=  0.60980162224160228       u(1,1,1)=  -4.5763351505592716E-003  p(1,1,1)=   81983239.175841585     
 DEBUG T iter        1250 min   299.99999999999716      max   300.00000000000477     
 DEBUG T iter        1300 min   299.99999999999693      max   300.00000000000477     
   SIMPLE iter        1300  res_p=  0.60980162214003819       u(1,1,1)=  -4.5763351547959304E-003  p(1,1,1)=   81983239.175791755     
 DEBUG T iter        1350 min   299.99999999999733      max   300.00000000000512     
 DEBUG T iter        1400 min   299.99999999999727      max   300.00000000000517     
   SIMPLE iter        1400  res_p=  0.60980162211679290       u(1,1,1)=  -4.5763351551098772E-003  p(1,1,1)=   81983239.175780356     
 DEBUG T iter        1450 min   299.99999999999744      max   300.00000000000483     
 DEBUG T iter        1500 min   299.99999999999721      max   300.00000000000489     
   SIMPLE iter        1500  res_p=  0.60980162211153033       u(1,1,1)=  -4.5763351516988184E-003  p(1,1,1)=   81983239.175777763     
 Porous solver Block           2  SIMPLE iterations:        1501  res_p:  0.60980162211153033     
 --------------Force and Moment -----------------------------
 Total Force Coefficient (CL, CD, CS) =
   0.0000000000000000        11.066477266023867        0.0000000000000000     
 Total Moment Coefficient(CMx, CMy, CMz)=
   0.0000000000000000        5.5332386330119334        3.8523964113323927E-003
 Kstep, t=          66   66.000000000000000     
 ----------The Max Residuals are--------  ---Mesh---           1
    0.2258437430E-10    0.4128132426E-11    0.5722550797E-12    0.1058791184E-20    0.8049920051E-11
   The R.M.S Residuals are 
    0.2376446273E-11    0.3337611467E-12    0.4058540222E-13    0.2050675482E-21    0.8752084650E-12
 CPU wall time in this step:   7.4298198010000078     
 Averaged CPU wall time is:   7.0121724479545451     
   DBG iter           1  maxU2=   2.6257461047946691E-002  maxFi=   6.9947473545793906E-006  maxFj=  0.40232119052912929       Fi(21,1,1)=  -4.0392777457789968E-007  Fi(21,21,1)=   0.0000000000000000       Fi(41,21,1)=   0.0000000000000000     
   DBG div max=  0.52753236129206615       res_p=  0.52753236129206615     
   SIMPLE iter           1  res_p=  0.52753236129206615       u(1,1,1)=  -6.3512930801224322E-003  p(1,1,1)=   81985933.384581640     
   DBG iter           2  maxU2=   2.6257461047946691E-002  maxFi=   9.4351495848589329E-006  maxFj=  0.58557735529369137       Fi(21,1,1)=  -4.0653613477623237E-007  Fi(21,21,1)=   0.0000000000000000       Fi(41,21,1)=   0.0000000000000000     
   DBG div max=  0.60434899160008460       res_p=  0.60434899160008460     
   SIMPLE iter           2  res_p=  0.60434899160008460       u(1,1,1)=  -4.9423492644413460E-003  p(1,1,1)=   81986981.388199002     
   DBG iter           3  maxU2=   1.7831235892628017E-002  maxFi=   8.9752722645913853E-006  maxFj=  0.58695702641749559       Fi(21,1,1)=  -4.0748686813693360E-007  Fi(21,21,1)=   0.0000000000000000       Fi(41,21,1)=   0.0000000000000000     
   DBG div max=  0.58695689909434889       res_p=  0.58695689909434889     
   SIMPLE iter           3  res_p=  0.58695689909434889       u(1,1,1)=  -3.9946781755069664E-003  p(1,1,1)=   81986279.539458379     
   SIMPLE iter           4  res_p=  0.58621500560027484       u(1,1,1)=  -4.3792416605050490E-003  p(1,1,1)=   81986049.124061570     
   SIMPLE iter           5  res_p=  0.59340936031367264       u(1,1,1)=  -4.5148722640007428E-003  p(1,1,1)=   81985991.437289134     
 DEBUG T iter          50 min   299.99999999999773      max   300.00000000000404     
 DEBUG T iter         100 min   299.99999999999744      max   300.00000000000460     
   SIMPLE iter         100  res_p=  0.61124865601507683       u(1,1,1)=  -4.5728604968292130E-003  p(1,1,1)=   81983952.890853971     
 DEBUG T iter         150 min   299.99999999999739      max   300.00000000000455     
 DEBUG T iter         200 min   299.99999999999727      max   300.00000000000477     
   SIMPLE iter         200  res_p=  0.61013336556523001       u(1,1,1)=  -4.5755033936151577E-003  p(1,1,1)=   81983402.605867803     
 DEBUG T iter         250 min   299.99999999999756      max   300.00000000000477     
 DEBUG T iter         300 min   299.99999999999727      max   300.00000000000489     
   SIMPLE iter         300  res_p=  0.60987763462036937       u(1,1,1)=  -4.5761417871868094E-003  p(1,1,1)=   81983276.592216879     
 DEBUG T iter         350 min   299.99999999999733      max   300.00000000000477     
 DEBUG T iter         400 min   299.99999999999721      max   300.00000000000489     
   SIMPLE iter         400  res_p=  0.60981903502463353       u(1,1,1)=  -4.5762905380774595E-003  p(1,1,1)=   81983247.741504669     
 DEBUG T iter         450 min   299.99999999999716      max   300.00000000000500     
 DEBUG T iter         500 min   299.99999999999721      max   300.00000000000483     
   SIMPLE iter         500  res_p=  0.60980561056399740       u(1,1,1)=  -4.5763248940351112E-003  p(1,1,1)=   81983241.136660531     
 DEBUG T iter         550 min   299.99999999999704      max   300.00000000000477     
 DEBUG T iter         600 min   299.99999999999733      max   300.00000000000466     
   SIMPLE iter         600  res_p=  0.60980253559779451       u(1,1,1)=  -4.5763327988683150E-003  p(1,1,1)=   81983239.624658555     
 DEBUG T iter         650 min   299.99999999999704      max   300.00000000000517     
 DEBUG T iter         700 min   299.99999999999716      max   300.00000000000483     
   SIMPLE iter         700  res_p=  0.60980183131673871       u(1,1,1)=  -4.5763346143707778E-003  p(1,1,1)=   81983239.278533265     
 DEBUG T iter         750 min   299.99999999999710      max   300.00000000000500     
 DEBUG T iter         800 min   299.99999999999716      max   300.00000000000506     
   SIMPLE iter         800  res_p=  0.60980167002029939       u(1,1,1)=  -4.5763350313948294E-003  p(1,1,1)=   81983239.199299559     
 DEBUG T iter         850 min   299.99999999999716      max   300.00000000000512     
 DEBUG T iter         900 min   299.99999999999739      max   300.00000000000477     
   SIMPLE iter         900  res_p=  0.60980163308144741       u(1,1,1)=  -4.5763351267981240E-003  p(1,1,1)=   81983239.181161717     
 DEBUG T iter         950 min   299.99999999999716      max   300.00000000000495     
 DEBUG T iter        1000 min   299.99999999999716      max   300.00000000000489     
   SIMPLE iter        1000  res_p=  0.60980162462227583       u(1,1,1)=  -4.5763351453415261E-003  p(1,1,1)=   81983239.177009672     
 DEBUG T iter        1050 min   299.99999999999716      max   300.00000000000495     
 DEBUG T iter        1100 min   299.99999999999721      max   300.00000000000517     
   SIMPLE iter        1100  res_p=  0.60980162268516491       u(1,1,1)=  -4.5763351508837369E-003  p(1,1,1)=   81983239.176059201     
 DEBUG T iter        1150 min   299.99999999999710      max   300.00000000000506     
 DEBUG T iter        1200 min   299.99999999999727      max   300.00000000000495     
   SIMPLE iter        1200  res_p=  0.60980162224158008       u(1,1,1)=  -4.5763351539441941E-003  p(1,1,1)=   81983239.175841644     
 DEBUG T iter        1250 min   299.99999999999739      max   300.00000000000489     
 DEBUG T iter        1300 min   299.99999999999733      max   300.00000000000483     
   SIMPLE iter        1300  res_p=  0.60980162214001843       u(1,1,1)=  -4.5763351513942487E-003  p(1,1,1)=   81983239.175791800     
 DEBUG T iter        1350 min   299.99999999999716      max   300.00000000000489     
 DEBUG T iter        1400 min   299.99999999999733      max   300.00000000000483     
   SIMPLE iter        1400  res_p=  0.60980162211678279       u(1,1,1)=  -4.5763351521359869E-003  p(1,1,1)=   81983239.175780416     
 DEBUG T iter        1450 min   299.99999999999733      max   300.00000000000472     
 DEBUG T iter        1500 min   299.99999999999721      max   300.00000000000489     
   SIMPLE iter        1500  res_p=  0.60980162211152023       u(1,1,1)=  -4.5763351539827857E-003  p(1,1,1)=   81983239.175777823     
 Porous solver Block           2  SIMPLE iterations:        1501  res_p:  0.60980162211152023     
 --------------Force and Moment -----------------------------
 Total Force Coefficient (CL, CD, CS) =
   0.0000000000000000        11.066477265092544        0.0000000000000000     
 Total Moment Coefficient(CMx, CMy, CMz)=
   0.0000000000000000        5.5332386325462721        3.8523964110055431E-003
 Kstep, t=          67   67.000000000000000     
 ----------The Max Residuals are--------  ---Mesh---           1
    0.2244825028E-10    0.4102823207E-11    0.5660294824E-12    0.1085260964E-20    0.8007524367E-11
   The R.M.S Residuals are 
    0.2360311809E-11    0.3305578815E-12    0.4000695057E-13    0.2175888604E-21    0.8693981775E-12
 CPU wall time in this step:   6.6604269310000177     
 Averaged CPU wall time is:   7.0069225148656722     
   DBG iter           1  maxU2=   2.6257461047835235E-002  maxFi=   6.9947473545781497E-006  maxFj=  0.40232119052912746       Fi(21,1,1)=  -4.0392777592527578E-007  Fi(21,21,1)=   0.0000000000000000       Fi(41,21,1)=   0.0000000000000000     
   DBG div max=  0.52753236129205106       res_p=  0.52753236129205106     
   SIMPLE iter           1  res_p=  0.52753236129205106       u(1,1,1)=  -6.3512930824839373E-003  p(1,1,1)=   81985933.384581685     
   DBG iter           2  maxU2=   2.6257461047835235E-002  maxFi=   9.4351495848570067E-006  maxFj=  0.58557735529367994       Fi(21,1,1)=  -4.0653613610202099E-007  Fi(21,21,1)=   0.0000000000000000       Fi(41,21,1)=   0.0000000000000000     
   DBG div max=  0.60434899160006150       res_p=  0.60434899160006150     
   SIMPLE iter           2  res_p=  0.60434899160006150       u(1,1,1)=  -4.9423492633303293E-003  p(1,1,1)=   81986981.388199046     
   DBG iter           3  maxU2=   1.7831235903810066E-002  maxFi=   8.9752722645898234E-006  maxFj=  0.58695702641747927       Fi(21,1,1)=  -4.0748687035109434E-007  Fi(21,21,1)=   0.0000000000000000       Fi(41,21,1)=   0.0000000000000000     
   DBG div max=  0.58695689909433257       res_p=  0.58695689909433257     
   SIMPLE iter           3  res_p=  0.58695689909433257       u(1,1,1)=  -3.9946781721873631E-003  p(1,1,1)=   81986279.539458424     
   SIMPLE iter           4  res_p=  0.58621500560026818       u(1,1,1)=  -4.3792416572343441E-003  p(1,1,1)=   81986049.124061629     
   SIMPLE iter           5  res_p=  0.59340936031366120       u(1,1,1)=  -4.5148722636034885E-003  p(1,1,1)=   81985991.437289193     
 DEBUG T iter          50 min   299.99999999999750      max   300.00000000000426     
 DEBUG T iter         100 min   299.99999999999756      max   300.00000000000466     
   SIMPLE iter         100  res_p=  0.61124865601506539       u(1,1,1)=  -4.5728604958980680E-003  p(1,1,1)=   81983952.890854031     
 DEBUG T iter         150 min   299.99999999999733      max   300.00000000000466     
 DEBUG T iter         200 min   299.99999999999739      max   300.00000000000506     
   SIMPLE iter         200  res_p=  0.61013336556520237       u(1,1,1)=  -4.5755033965952140E-003  p(1,1,1)=   81983402.605867863     
 DEBUG T iter         250 min   299.99999999999716      max   300.00000000000483     
 DEBUG T iter         300 min   299.99999999999739      max   300.00000000000477     
   SIMPLE iter         300  res_p=  0.60987763462035793       u(1,1,1)=  -4.5761417877299071E-003  p(1,1,1)=   81983276.592216939     
 DEBUG T iter         350 min   299.99999999999727      max   300.00000000000506     
 DEBUG T iter         400 min   299.99999999999721      max   300.00000000000500     
   SIMPLE iter         400  res_p=  0.60981903502462642       u(1,1,1)=  -4.5762905345221889E-003  p(1,1,1)=   81983247.741504714     
 DEBUG T iter         450 min   299.99999999999721      max   300.00000000000477     
 DEBUG T iter         500 min   299.99999999999721      max   300.00000000000472     
   SIMPLE iter         500  res_p=  0.60980561056399618       u(1,1,1)=  -4.5763248942310136E-003  p(1,1,1)=   81983241.136660591     
 DEBUG T iter         550 min   299.99999999999710      max   300.00000000000472     
 DEBUG T iter         600 min   299.99999999999721      max   300.00000000000483     
   SIMPLE iter         600  res_p=  0.60980253559778019       u(1,1,1)=  -4.5763327961842884E-003  p(1,1,1)=   81983239.624658599     
 DEBUG T iter         650 min   299.99999999999710      max   300.00000000000483     
 DEBUG T iter         700 min   299.99999999999727      max   300.00000000000472     
   SIMPLE iter         700  res_p=  0.60980183131674470       u(1,1,1)=  -4.5763346142003577E-003  p(1,1,1)=   81983239.278533325     
 DEBUG T iter         750 min   299.99999999999721      max   300.00000000000523     
 DEBUG T iter         800 min   299.99999999999744      max   300.00000000000483     
   SIMPLE iter         800  res_p=  0.60980167002028673       u(1,1,1)=  -4.5763350311102636E-003  p(1,1,1)=   81983239.199299619     
 DEBUG T iter         850 min   299.99999999999733      max   300.00000000000477     
 DEBUG T iter         900 min   299.99999999999727      max   300.00000000000500     
   SIMPLE iter         900  res_p=  0.60980163308141788       u(1,1,1)=  -4.5763351269905786E-003  p(1,1,1)=   81983239.181161776     
 DEBUG T iter         950 min   299.99999999999693      max   300.00000000000523     
 DEBUG T iter        1000 min   299.99999999999704      max   300.00000000000500     
   SIMPLE iter        1000  res_p=  0.60980162462228493       u(1,1,1)=  -4.5763351453858578E-003  p(1,1,1)=   81983239.177009717     
 DEBUG T iter        1050 min   299.99999999999721      max   300.00000000000495     
 DEBUG T iter        1100 min   299.99999999999716      max   300.00000000000489     
   SIMPLE iter        1100  res_p=  0.60980162268515825       u(1,1,1)=  -4.5763351517518714E-003  p(1,1,1)=   81983239.176059246     
 DEBUG T iter        1150 min   299.99999999999721      max   300.00000000000489     
 DEBUG T iter        1200 min   299.99999999999739      max   300.00000000000483     
   SIMPLE iter        1200  res_p=  0.60980162224157475       u(1,1,1)=  -4.5763351506025998E-003  p(1,1,1)=   81983239.175841689     
 DEBUG T iter        1250 min   299.99999999999716      max   300.00000000000489     
 DEBUG T iter        1300 min   299.99999999999716      max   300.00000000000495     
   SIMPLE iter        1300  res_p=  0.60980162214000522       u(1,1,1)=  -4.5763351521161382E-003  p(1,1,1)=   81983239.175791860     
 DEBUG T iter        1350 min   299.99999999999733      max   300.00000000000477     
 DEBUG T iter        1400 min   299.99999999999716      max   300.00000000000489     
   SIMPLE iter        1400  res_p=  0.60980162211676781       u(1,1,1)=  -4.5763351516420773E-003  p(1,1,1)=   81983239.175780475     
 DEBUG T iter        1450 min   299.99999999999727      max   300.00000000000472     
 DEBUG T iter        1500 min   299.99999999999721      max   300.00000000000477     
   SIMPLE iter        1500  res_p=  0.60980162211151123       u(1,1,1)=  -4.5763351551654126E-003  p(1,1,1)=   81983239.175777882     
 Porous solver Block           2  SIMPLE iterations:        1501  res_p:  0.60980162211151123     
 --------------Force and Moment -----------------------------
 Total Force Coefficient (CL, CD, CS) =
   0.0000000000000000        11.066477264161222        0.0000000000000000     
 Total Moment Coefficient(CMx, CMy, CMz)=
   0.0000000000000000        5.5332386320806108        3.8523964107923803E-003
 Kstep, t=          68   68.000000000000000     
 ----------The Max Residuals are--------  ---Mesh---           1
    0.2231258332E-10    0.4075802380E-11    0.5693819981E-12    0.1561716997E-20    0.7962743695E-11
   The R.M.S Residuals are 
    0.2344176984E-11    0.3271977774E-12    0.3941745108E-13    0.2152829076E-21    0.8639630935E-12
 CPU wall time in this step:   6.5772153510000066     
 Averaged CPU wall time is:   7.0006032918676473     
   DBG iter           1  maxU2=   2.6257461045309793E-002  maxFi=   6.9947473562479964E-006  maxFj=  0.40232119052913828       Fi(21,1,1)=  -4.0392777945037772E-007  Fi(21,21,1)=   0.0000000000000000       Fi(41,21,1)=   0.0000000000000000     
   DBG div max=  0.52753236129207126       res_p=  0.52753236129207126     
   SIMPLE iter           1  res_p=  0.52753236129207126       u(1,1,1)=  -6.3512930836639239E-003  p(1,1,1)=   81985933.384581745     
   DBG iter           2  maxU2=   2.6257461045309793E-002  maxFi=   9.4351495865195393E-006  maxFj=  0.58557735529370036       Fi(21,1,1)=  -4.0653613829011790E-007  Fi(21,21,1)=   0.0000000000000000       Fi(41,21,1)=   0.0000000000000000     
   DBG div max=  0.60434899160009925       res_p=  0.60434899160009925     
   SIMPLE iter           2  res_p=  0.60434899160009925       u(1,1,1)=  -4.9423492639913318E-003  p(1,1,1)=   81986981.388199106     
   DBG iter           3  maxU2=   1.7831235914054874E-002  maxFi=   8.9752722649495108E-006  maxFj=  0.58695702641750513       Fi(21,1,1)=  -4.0748687127057322E-007  Fi(21,21,1)=   0.0000000000000000       Fi(41,21,1)=   0.0000000000000000     
   DBG div max=  0.58695689909435844       res_p=  0.58695689909435844     
   SIMPLE iter           3  res_p=  0.58695689909435844       u(1,1,1)=  -3.9946781724577527E-003  p(1,1,1)=   81986279.539458483     
   SIMPLE iter           4  res_p=  0.58621500560028927       u(1,1,1)=  -4.3792416576696322E-003  p(1,1,1)=   81986049.124061689     
   SIMPLE iter           5  res_p=  0.59340936031368341       u(1,1,1)=  -4.5148722644215459E-003  p(1,1,1)=   81985991.437289238     
 DEBUG T iter          50 min   299.99999999999744      max   300.00000000000415     
 DEBUG T iter         100 min   299.99999999999739      max   300.00000000000483     
   SIMPLE iter         100  res_p=  0.61124865601506007       u(1,1,1)=  -4.5728604994118216E-003  p(1,1,1)=   81983952.890854090     
 DEBUG T iter         150 min   299.99999999999716      max   300.00000000000483     
 DEBUG T iter         200 min   299.99999999999744      max   300.00000000000495     
   SIMPLE iter         200  res_p=  0.61013336556519748       u(1,1,1)=  -4.5755033939395137E-003  p(1,1,1)=   81983402.605867907     
 DEBUG T iter         250 min   299.99999999999721      max   300.00000000000483     
 DEBUG T iter         300 min   299.99999999999739      max   300.00000000000466     
   SIMPLE iter         300  res_p=  0.60987763462033762       u(1,1,1)=  -4.5761417870093038E-003  p(1,1,1)=   81983276.592216983     
 DEBUG T iter         350 min   299.99999999999727      max   300.00000000000483     
 DEBUG T iter         400 min   299.99999999999716      max   300.00000000000489     
   SIMPLE iter         400  res_p=  0.60981903502462342       u(1,1,1)=  -4.5762905346677729E-003  p(1,1,1)=   81983247.741504773     
 DEBUG T iter         450 min   299.99999999999727      max   300.00000000000512     
 DEBUG T iter         500 min   299.99999999999704      max   300.00000000000506     
   SIMPLE iter         500  res_p=  0.60980561056398352       u(1,1,1)=  -4.5763248943498170E-003  p(1,1,1)=   81983241.136660635     
 DEBUG T iter         550 min   299.99999999999727      max   300.00000000000489     
 DEBUG T iter         600 min   299.99999999999733      max   300.00000000000483     
   SIMPLE iter         600  res_p=  0.60980253559776521       u(1,1,1)=  -4.5763327998251738E-003  p(1,1,1)=   81983239.624658659     
 DEBUG T iter         650 min   299.99999999999721      max   300.00000000000472     
 DEBUG T iter         700 min   299.99999999999733      max   300.00000000000489     
   SIMPLE iter         700  res_p=  0.60980183131672305       u(1,1,1)=  -4.5763346145460499E-003  p(1,1,1)=   81983239.278533369     
 DEBUG T iter         750 min   299.99999999999721      max   300.00000000000472     
 DEBUG T iter         800 min   299.99999999999721      max   300.00000000000477     
   SIMPLE iter         800  res_p=  0.60980167002027175       u(1,1,1)=  -4.5763350283213816E-003  p(1,1,1)=   81983239.199299663     
 DEBUG T iter         850 min   299.99999999999727      max   300.00000000000495     
 DEBUG T iter         900 min   299.99999999999733      max   300.00000000000483     
   SIMPLE iter         900  res_p=  0.60980163308142998       u(1,1,1)=  -4.5763351272653015E-003  p(1,1,1)=   81983239.181161821     
 DEBUG T iter         950 min   299.99999999999733      max   300.00000000000489     
 DEBUG T iter        1000 min   299.99999999999739      max   300.00000000000495     
   SIMPLE iter        1000  res_p=  0.60980162462226561       u(1,1,1)=  -4.5763351479914472E-003  p(1,1,1)=   81983239.177009776     
 DEBUG T iter        1050 min   299.99999999999733      max   300.00000000000489     
 DEBUG T iter        1100 min   299.99999999999733      max   300.00000000000472     
   SIMPLE iter        1100  res_p=  0.60980162268514504       u(1,1,1)=  -4.5763351520518936E-003  p(1,1,1)=   81983239.176059306     
 DEBUG T iter        1150 min   299.99999999999721      max   300.00000000000477     
 DEBUG T iter        1200 min   299.99999999999733      max   300.00000000000477     
   SIMPLE iter        1200  res_p=  0.60980162224155665       u(1,1,1)=  -4.5763351510374594E-003  p(1,1,1)=   81983239.175841749     
 DEBUG T iter        1250 min   299.99999999999727      max   300.00000000000495     
 DEBUG T iter        1300 min   299.99999999999727      max   300.00000000000512     
   SIMPLE iter        1300  res_p=  0.60980162213998779       u(1,1,1)=  -4.5763351551001237E-003  p(1,1,1)=   81983239.175791919     
 DEBUG T iter        1350 min   299.99999999999721      max   300.00000000000477     
 DEBUG T iter        1400 min   299.99999999999721      max   300.00000000000483     
   SIMPLE iter        1400  res_p=  0.60980162211676603       u(1,1,1)=  -4.5763351557194763E-003  p(1,1,1)=   81983239.175780520     
 DEBUG T iter        1450 min   299.99999999999699      max   300.00000000000483     
 DEBUG T iter        1500 min   299.99999999999710      max   300.00000000000500     
   SIMPLE iter        1500  res_p=  0.60980162211149136       u(1,1,1)=  -4.5763351523968720E-003  p(1,1,1)=   81983239.175777927     
 Porous solver Block           2  SIMPLE iterations:        1501  res_p:  0.60980162211149136     
 --------------Force and Moment -----------------------------
 Total Force Coefficient (CL, CD, CS) =
   0.0000000000000000        11.066477262909757        0.0000000000000000     
 Total Moment Coefficient(CMx, CMy, CMz)=
   0.0000000000000000        5.5332386314548785        3.8523964104086872E-003
 Kstep, t=          69   69.000000000000000     
 ----------The Max Residuals are--------  ---Mesh---           1
    0.2217816559E-10    0.4047936534E-11    0.5692450634E-12    0.1164670302E-20    0.7914636781E-11
   The R.M.S Residuals are 
    0.2328159022E-11    0.3238051733E-12    0.3881469832E-13    0.2253952744E-21    0.8588015533E-12
 CPU wall time in this step:   6.4929879059999962     
 Averaged CPU wall time is:   6.9932465471449277     
   DBG iter           1  maxU2=   2.6257461045085681E-002  maxFi=   6.9947473562411896E-006  maxFj=  0.40232119052913468       Fi(21,1,1)=  -4.0392778041097254E-007  Fi(21,21,1)=   0.0000000000000000       Fi(41,21,1)=   0.0000000000000000     
   DBG div max=  0.52753236129206194       res_p=  0.52753236129206194     
   SIMPLE iter           1  res_p=  0.52753236129206194       u(1,1,1)=  -6.3512930809197900E-003  p(1,1,1)=   81985933.384581804     
   DBG iter           2  maxU2=   2.6257461045085681E-002  maxFi=   9.4351495865147637E-006  maxFj=  0.58557735529369137       Fi(21,1,1)=  -4.0653613922857466E-007  Fi(21,21,1)=   0.0000000000000000       Fi(41,21,1)=   0.0000000000000000     
   DBG div max=  0.60434899160008460       res_p=  0.60434899160008460     
   SIMPLE iter           2  res_p=  0.60434899160008460       u(1,1,1)=  -4.9423492639636734E-003  p(1,1,1)=   81986981.388199165     
   DBG iter           3  maxU2=   1.7831235922810013E-002  maxFi=   8.9752722649416199E-006  maxFj=  0.58695702641749614       Fi(21,1,1)=  -4.0748687392880809E-007  Fi(21,21,1)=   0.0000000000000000       Fi(41,21,1)=   0.0000000000000000     
   DBG div max=  0.58695689909434945       res_p=  0.58695689909434945     
   SIMPLE iter           3  res_p=  0.58695689909434945       u(1,1,1)=  -3.9946781752642699E-003  p(1,1,1)=   81986279.539458528     
   SIMPLE iter           4  res_p=  0.58621500560028084       u(1,1,1)=  -4.3792416572720674E-003  p(1,1,1)=   81986049.124061733     
   SIMPLE iter           5  res_p=  0.59340936031367397       u(1,1,1)=  -4.5148722634530932E-003  p(1,1,1)=   81985991.437289298     
 DEBUG T iter          50 min   299.99999999999744      max   300.00000000000426     
 DEBUG T iter         100 min   299.99999999999721      max   300.00000000000466     
   SIMPLE iter         100  res_p=  0.61124865601505285       u(1,1,1)=  -4.5728604978601895E-003  p(1,1,1)=   81983952.890854135     
 DEBUG T iter         150 min   299.99999999999739      max   300.00000000000477     
 DEBUG T iter         200 min   299.99999999999716      max   300.00000000000506     
   SIMPLE iter         200  res_p=  0.61013336556517228       u(1,1,1)=  -4.5755033971738310E-003  p(1,1,1)=   81983402.605867967     
 DEBUG T iter         250 min   299.99999999999727      max   300.00000000000477     
 DEBUG T iter         300 min   299.99999999999727      max   300.00000000000495     
   SIMPLE iter         300  res_p=  0.60987763462033040       u(1,1,1)=  -4.5761417883162818E-003  p(1,1,1)=   81983276.592217043     
 DEBUG T iter         350 min   299.99999999999699      max   300.00000000000477     
 DEBUG T iter         400 min   299.99999999999733      max   300.00000000000477     
   SIMPLE iter         400  res_p=  0.60981903502460177       u(1,1,1)=  -4.5762905350897982E-003  p(1,1,1)=   81983247.741504818     
 DEBUG T iter         450 min   299.99999999999727      max   300.00000000000483     
 DEBUG T iter         500 min   299.99999999999727      max   300.00000000000495     
   SIMPLE iter         500  res_p=  0.60980561056396676       u(1,1,1)=  -4.5763248946538654E-003  p(1,1,1)=   81983241.136660695     
 DEBUG T iter         550 min   299.99999999999716      max   300.00000000000477     
 DEBUG T iter         600 min   299.99999999999727      max   300.00000000000477     
   SIMPLE iter         600  res_p=  0.60980253559775432       u(1,1,1)=  -4.5763327998194934E-003  p(1,1,1)=   81983239.624658704     
 DEBUG T iter         650 min   299.99999999999739      max   300.00000000000512     
 DEBUG T iter         700 min   299.99999999999699      max   300.00000000000506     
   SIMPLE iter         700  res_p=  0.60980183131671706       u(1,1,1)=  -4.5763346148912009E-003  p(1,1,1)=   81983239.278533429     
 DEBUG T iter         750 min   299.99999999999739      max   300.00000000000500     
 DEBUG T iter         800 min   299.99999999999716      max   300.00000000000489     
   SIMPLE iter         800  res_p=  0.60980167002025787       u(1,1,1)=  -4.5763350289944023E-003  p(1,1,1)=   81983239.199299708     
 DEBUG T iter         850 min   299.99999999999710      max   300.00000000000477     
 DEBUG T iter         900 min   299.99999999999704      max   300.00000000000489     
   SIMPLE iter         900  res_p=  0.60980163308140589       u(1,1,1)=  -4.5763351275104718E-003  p(1,1,1)=   81983239.181161880     
 DEBUG T iter         950 min   299.99999999999704      max   300.00000000000466     
 DEBUG T iter        1000 min   299.99999999999704      max   300.00000000000483     
   SIMPLE iter        1000  res_p=  0.60980162462225906       u(1,1,1)=  -4.5763351456993371E-003  p(1,1,1)=   81983239.177009821     
 DEBUG T iter        1050 min   299.99999999999721      max   300.00000000000512     
 DEBUG T iter        1100 min   299.99999999999710      max   300.00000000000483     
   SIMPLE iter        1100  res_p=  0.60980162268513960       u(1,1,1)=  -4.5763351484771793E-003  p(1,1,1)=   81983239.176059350     
 DEBUG T iter        1150 min   299.99999999999704      max   300.00000000000500     
 DEBUG T iter        1200 min   299.99999999999716      max   300.00000000000477     
   SIMPLE iter        1200  res_p=  0.60980162224155909       u(1,1,1)=  -4.5763351549412794E-003  p(1,1,1)=   81983239.175841793     
 DEBUG T iter        1250 min   299.99999999999744      max   300.00000000000500     
 DEBUG T iter        1300 min   299.99999999999721      max   300.00000000000483     
   SIMPLE iter        1300  res_p=  0.60980162213997691       u(1,1,1)=  -4.5763351521094439E-003  p(1,1,1)=   81983239.175791964     
 DEBUG T iter        1350 min   299.99999999999727      max   300.00000000000489     
 DEBUG T iter        1400 min   299.99999999999721      max   300.00000000000472     
   SIMPLE iter        1400  res_p=  0.60980162211674915       u(1,1,1)=  -4.5763351526925972E-003  p(1,1,1)=   81983239.175780579     
 DEBUG T iter        1450 min   299.99999999999710      max   300.00000000000489     
 DEBUG T iter        1500 min   299.99999999999739      max   300.00000000000477     
   SIMPLE iter        1500  res_p=  0.60980162211148181       u(1,1,1)=  -4.5763351525740254E-003  p(1,1,1)=   81983239.175777972     
 Porous solver Block           2  SIMPLE iterations:        1501  res_p:  0.60980162211148181     
 --------------Force and Moment -----------------------------
 Total Force Coefficient (CL, CD, CS) =
   0.0000000000000000        11.066477262123954        0.0000000000000000     
 Total Moment Coefficient(CMx, CMy, CMz)=
   0.0000000000000000        5.5332386310619768        3.8523964101528918E-003
 Kstep, t=          70   70.000000000000000     
 ----------The Max Residuals are--------  ---Mesh---           1
    0.2204576048E-10    0.4020059760E-11    0.5656416633E-12    0.1191140082E-20    0.7862838776E-11
   The R.M.S Residuals are 
    0.2312369919E-11    0.3204912822E-12    0.3820178505E-13    0.2198648212E-21    0.8538145743E-12
 CPU wall time in this step:   6.2818364959999826     
 Averaged CPU wall time is:   6.9830835464142860     
   DBG iter           1  maxU2=   2.6257461045484171E-002  maxFi=   6.9947473562481675E-006  maxFj=  0.40232119052913828       Fi(21,1,1)=  -4.0392778393102478E-007  Fi(21,21,1)=   0.0000000000000000       Fi(41,21,1)=   0.0000000000000000     
   DBG div max=  0.52753236129205994       res_p=  0.52753236129205994     
   SIMPLE iter           1  res_p=  0.52753236129205994       u(1,1,1)=  -6.3512930811893348E-003  p(1,1,1)=   81985933.384581849     
   DBG iter           2  maxU2=   2.6257461045484171E-002  maxFi=   9.4351495861039205E-006  maxFj=  0.58557735529369681       Fi(21,1,1)=  -4.0653614271416002E-007  Fi(21,21,1)=   0.0000000000000000       Fi(41,21,1)=   0.0000000000000000     
   DBG div max=  0.60434899160008126       res_p=  0.60434899160008126     
   SIMPLE iter           2  res_p=  0.60434899160008126       u(1,1,1)=  -4.9423492643146053E-003  p(1,1,1)=   81986981.388199210     
   DBG iter           3  maxU2=   1.7831235931498102E-002  maxFi=   8.9752722649795975E-006  maxFj=  0.58695702641750036       Fi(21,1,1)=  -4.0748687611973907E-007  Fi(21,21,1)=   0.0000000000000000       Fi(41,21,1)=   0.0000000000000000     
   DBG div max=  0.58695689909435367       res_p=  0.58695689909435367     
   SIMPLE iter           3  res_p=  0.58695689909435367       u(1,1,1)=  -3.9946781756033303E-003  p(1,1,1)=   81986279.539458588     
   SIMPLE iter           4  res_p=  0.58621500560028805       u(1,1,1)=  -4.3792416609438811E-003  p(1,1,1)=   81986049.124061778     
   SIMPLE iter           5  res_p=  0.59340936031368541       u(1,1,1)=  -4.5148722642714975E-003  p(1,1,1)=   81985991.437289342     
 DEBUG T iter          50 min   299.99999999999778      max   300.00000000000432     
 DEBUG T iter         100 min   299.99999999999727      max   300.00000000000466     
   SIMPLE iter         100  res_p=  0.61124865601504141       u(1,1,1)=  -4.5728604974096974E-003  p(1,1,1)=   81983952.890854180     
 DEBUG T iter         150 min   299.99999999999727      max   300.00000000000472     
 DEBUG T iter         200 min   299.99999999999721      max   300.00000000000472     
   SIMPLE iter         200  res_p=  0.61013336556518083       u(1,1,1)=  -4.5755033940577117E-003  p(1,1,1)=   81983402.605868012     
 DEBUG T iter         250 min   299.99999999999710      max   300.00000000000489     
 DEBUG T iter         300 min   299.99999999999716      max   300.00000000000495     
   SIMPLE iter         300  res_p=  0.60987763462032196       u(1,1,1)=  -4.5761417876131420E-003  p(1,1,1)=   81983276.592217088     
 DEBUG T iter         350 min   299.99999999999727      max   300.00000000000466     
 DEBUG T iter         400 min   299.99999999999704      max   300.00000000000483     
   SIMPLE iter         400  res_p=  0.60981903502458734       u(1,1,1)=  -4.5762905380609962E-003  p(1,1,1)=   81983247.741504878     
 DEBUG T iter         450 min   299.99999999999716      max   300.00000000000495     
 DEBUG T iter         500 min   299.99999999999704      max   300.00000000000483     
   SIMPLE iter         500  res_p=  0.60980561056395843       u(1,1,1)=  -4.5763248947292600E-003  p(1,1,1)=   81983241.136660740     
 DEBUG T iter         550 min   299.99999999999727      max   300.00000000000512     
 DEBUG T iter         600 min   299.99999999999693      max   300.00000000000489     
   SIMPLE iter         600  res_p=  0.60980253559774356       u(1,1,1)=  -4.5763327994906393E-003  p(1,1,1)=   81983239.624658763     
 DEBUG T iter         650 min   299.99999999999721      max   300.00000000000483     
 DEBUG T iter         700 min   299.99999999999727      max   300.00000000000506     
   SIMPLE iter         700  res_p=  0.60980183131670440       u(1,1,1)=  -4.5763346146592736E-003  p(1,1,1)=   81983239.278533474     
 DEBUG T iter         750 min   299.99999999999710      max   300.00000000000517     
 DEBUG T iter         800 min   299.99999999999704      max   300.00000000000483     
   SIMPLE iter         800  res_p=  0.60980167002024832       u(1,1,1)=  -4.5763350318391415E-003  p(1,1,1)=   81983239.199299768     
 DEBUG T iter         850 min   299.99999999999704      max   300.00000000000506     
 DEBUG T iter         900 min   299.99999999999727      max   300.00000000000489     
   SIMPLE iter         900  res_p=  0.60980163308139568       u(1,1,1)=  -4.5763351258214773E-003  p(1,1,1)=   81983239.181161925     
 DEBUG T iter         950 min   299.99999999999716      max   300.00000000000483     
 DEBUG T iter        1000 min   299.99999999999721      max   300.00000000000483     
   SIMPLE iter        1000  res_p=  0.60980162462224941       u(1,1,1)=  -4.5763351456539663E-003  p(1,1,1)=   81983239.177009866     
 DEBUG T iter        1050 min   299.99999999999727      max   300.00000000000489     
 DEBUG T iter        1100 min   299.99999999999727      max   300.00000000000477     
   SIMPLE iter        1100  res_p=  0.60980162268511984       u(1,1,1)=  -4.5763351520822495E-003  p(1,1,1)=   81983239.176059410     
 DEBUG T iter        1150 min   299.99999999999721      max   300.00000000000495     
 DEBUG T iter        1200 min   299.99999999999733      max   300.00000000000500     
   SIMPLE iter        1200  res_p=  0.60980162224153511       u(1,1,1)=  -4.5763351551787700E-003  p(1,1,1)=   81983239.175841853     
 DEBUG T iter        1250 min   299.99999999999693      max   300.00000000000477     
 DEBUG T iter        1300 min   299.99999999999721      max   300.00000000000477     
   SIMPLE iter        1300  res_p=  0.60980162213998235       u(1,1,1)=  -4.5763351520566537E-003  p(1,1,1)=   81983239.175792009     
 DEBUG T iter        1350 min   299.99999999999744      max   300.00000000000483     
 DEBUG T iter        1400 min   299.99999999999699      max   300.00000000000489     
   SIMPLE iter        1400  res_p=  0.60980162211673172       u(1,1,1)=  -4.5763351530646460E-003  p(1,1,1)=   81983239.175780624     
 DEBUG T iter        1450 min   299.99999999999716      max   300.00000000000495     
 DEBUG T iter        1500 min   299.99999999999721      max   300.00000000000477     
   SIMPLE iter        1500  res_p=  0.60980162211148903       u(1,1,1)=  -4.5763351526947639E-003  p(1,1,1)=   81983239.175778031     
 Porous solver Block           2  SIMPLE iterations:        1501  res_p:  0.60980162211148903     
 --------------Force and Moment -----------------------------
 Total Force Coefficient (CL, CD, CS) =
   0.0000000000000000        11.066477260697866        0.0000000000000000     
 Total Moment Coefficient(CMx, CMy, CMz)=
   0.0000000000000000        5.5332386303489329        3.8523964096128793E-003
 Kstep, t=          71   71.000000000000000     
 ----------The Max Residuals are--------  ---Mesh---           1
    0.2191601234E-10    0.3992883958E-11    0.5586812480E-12    0.1058791184E-20    0.7827463782E-11
   The R.M.S Residuals are 
    0.2296903991E-11    0.3173440294E-12    0.3758554213E-13    0.2242299340E-21    0.8489159338E-12
 CPU wall time in this step:   6.2304108060000090     
 Averaged CPU wall time is:   6.9724825219014086     
   DBG iter           1  maxU2=   2.6257461045149373E-002  maxFi=   6.9947473562428464E-006  maxFj=  0.40232119052913529       Fi(21,1,1)=  -4.0392778488610282E-007  Fi(21,21,1)=   0.0000000000000000       Fi(41,21,1)=   0.0000000000000000     
   DBG div max=  0.52753236129205616       res_p=  0.52753236129205616     
   SIMPLE iter           1  res_p=  0.52753236129205616       u(1,1,1)=  -6.3512930813294727E-003  p(1,1,1)=   81985933.384581909     
   DBG iter           2  maxU2=   2.6257461045149373E-002  maxFi=   9.4351495865161952E-006  maxFj=  0.58557735529369381       Fi(21,1,1)=  -4.0653614364447537E-007  Fi(21,21,1)=   0.0000000000000000       Fi(41,21,1)=   0.0000000000000000     
   DBG div max=  0.60434899160007893       res_p=  0.60434899160007893     
   SIMPLE iter           2  res_p=  0.60434899160007893       u(1,1,1)=  -4.9423492638305646E-003  p(1,1,1)=   81986981.388199270     
   DBG iter           3  maxU2=   1.7831235938631861E-002  maxFi=   8.9752722649473695E-006  maxFj=  0.58695702641749437       Fi(21,1,1)=  -4.0748687703960345E-007  Fi(21,21,1)=   0.0000000000000000       Fi(41,21,1)=   0.0000000000000000     
   DBG div max=  0.58695689909434767       res_p=  0.58695689909434767     
   SIMPLE iter           3  res_p=  0.58695689909434767       u(1,1,1)=  -3.9946781754032507E-003  p(1,1,1)=   81986279.539458632     
   SIMPLE iter           4  res_p=  0.58621500560028383       u(1,1,1)=  -4.3792416578472210E-003  p(1,1,1)=   81986049.124061838     
   SIMPLE iter           5  res_p=  0.59340936031368052       u(1,1,1)=  -4.5148722642619314E-003  p(1,1,1)=   81985991.437289402     
 DEBUG T iter          50 min   299.99999999999767      max   300.00000000000415     
 DEBUG T iter         100 min   299.99999999999733      max   300.00000000000455     
   SIMPLE iter         100  res_p=  0.61124865601503720       u(1,1,1)=  -4.5728604971853899E-003  p(1,1,1)=   81983952.890854225     
 DEBUG T iter         150 min   299.99999999999727      max   300.00000000000477     
 DEBUG T iter         200 min   299.99999999999727      max   300.00000000000472     
   SIMPLE iter         200  res_p=  0.61013336556515441       u(1,1,1)=  -4.5755033942122061E-003  p(1,1,1)=   81983402.605868056     
 DEBUG T iter         250 min   299.99999999999687      max   300.00000000000512     
 DEBUG T iter         300 min   299.99999999999710      max   300.00000000000500     
   SIMPLE iter         300  res_p=  0.60987763462029676       u(1,1,1)=  -4.5761417875435214E-003  p(1,1,1)=   81983276.592217132     
 DEBUG T iter         350 min   299.99999999999704      max   300.00000000000477     
 DEBUG T iter         400 min   299.99999999999704      max   300.00000000000483     
   SIMPLE iter         400  res_p=  0.60981903502457768       u(1,1,1)=  -4.5762905354615677E-003  p(1,1,1)=   81983247.741504923     
 DEBUG T iter         450 min   299.99999999999727      max   300.00000000000495     
 DEBUG T iter         500 min   299.99999999999721      max   300.00000000000489     
   SIMPLE iter         500  res_p=  0.60980561056393556       u(1,1,1)=  -4.5763248949286534E-003  p(1,1,1)=   81983241.136660784     
 DEBUG T iter         550 min   299.99999999999727      max   300.00000000000506     
 DEBUG T iter         600 min   299.99999999999710      max   300.00000000000466     
   SIMPLE iter         600  res_p=  0.60980253559773390       u(1,1,1)=  -4.5763327998087954E-003  p(1,1,1)=   81983239.624658808     
 DEBUG T iter         650 min   299.99999999999727      max   300.00000000000489     
 DEBUG T iter         700 min   299.99999999999739      max   300.00000000000489     
   SIMPLE iter         700  res_p=  0.60980183131668042       u(1,1,1)=  -4.5763346126004821E-003  p(1,1,1)=   81983239.278533518     
 DEBUG T iter         750 min   299.99999999999710      max   300.00000000000477     
 DEBUG T iter         800 min   299.99999999999727      max   300.00000000000472     
   SIMPLE iter         800  res_p=  0.60980167002022378       u(1,1,1)=  -4.5763350289905287E-003  p(1,1,1)=   81983239.199299812     
 DEBUG T iter         850 min   299.99999999999716      max   300.00000000000477     
 DEBUG T iter         900 min   299.99999999999733      max   300.00000000000495     
   SIMPLE iter         900  res_p=  0.60980163308137414       u(1,1,1)=  -4.5763351279898496E-003  p(1,1,1)=   81983239.181161970     
 DEBUG T iter         950 min   299.99999999999744      max   300.00000000000495     
 DEBUG T iter        1000 min   299.99999999999727      max   300.00000000000483     
   SIMPLE iter        1000  res_p=  0.60980162462222010       u(1,1,1)=  -4.5763351457608998E-003  p(1,1,1)=   81983239.177009925     
 DEBUG T iter        1050 min   299.99999999999733      max   300.00000000000495     
 DEBUG T iter        1100 min   299.99999999999739      max   300.00000000000506     
   SIMPLE iter        1100  res_p=  0.60980162268509042       u(1,1,1)=  -4.5763351488744752E-003  p(1,1,1)=   81983239.176059440     
 DEBUG T iter        1150 min   299.99999999999739      max   300.00000000000500     
 DEBUG T iter        1200 min   299.99999999999733      max   300.00000000000477     
   SIMPLE iter        1200  res_p=  0.60980162224152668       u(1,1,1)=  -4.5763351524774187E-003  p(1,1,1)=   81983239.175841898     
 DEBUG T iter        1250 min   299.99999999999716      max   300.00000000000495     
 DEBUG T iter        1300 min   299.99999999999716      max   300.00000000000489     
   SIMPLE iter        1300  res_p=  0.60980162213996014       u(1,1,1)=  -4.5763351518283146E-003  p(1,1,1)=   81983239.175792053     
 DEBUG T iter        1350 min   299.99999999999693      max   300.00000000000472     
 DEBUG T iter        1400 min   299.99999999999721      max   300.00000000000506     
   SIMPLE iter        1400  res_p=  0.60980162211671851       u(1,1,1)=  -4.5763351520822721E-003  p(1,1,1)=   81983239.175780669     
 DEBUG T iter        1450 min   299.99999999999716      max   300.00000000000489     
 DEBUG T iter        1500 min   299.99999999999733      max   300.00000000000483     
   SIMPLE iter        1500  res_p=  0.60980162211144873       u(1,1,1)=  -4.5763351523197375E-003  p(1,1,1)=   81983239.175778076     
 Porous solver Block           2  SIMPLE iterations:        1501  res_p:  0.60980162211144873     
 --------------Force and Moment -----------------------------
 Total Force Coefficient (CL, CD, CS) =
   0.0000000000000000        11.066477259300882        0.0000000000000000     
 Total Moment Coefficient(CMx, CMy, CMz)=
   0.0000000000000000        5.5332386296504410        3.8523964090870777E-003
 Kstep, t=          72   72.000000000000000     
 ----------The Max Residuals are--------  ---Mesh---           1
    0.2178938794E-10    0.3966939611E-11    0.5485424940E-12    0.1111730743E-20    0.7788334322E-11
   The R.M.S Residuals are 
    0.2281829996E-11    0.3144224159E-12    0.3697484668E-13    0.2124770660E-21    0.8440387880E-12
 CPU wall time in this step:   6.2472632739999767     
 Averaged CPU wall time is:   6.9624100323472220     
   DBG iter           1  maxU2=   2.6257461047913058E-002  maxFi=   6.9947473545743558E-006  maxFj=  0.40232119052913168       Fi(21,1,1)=  -4.0392778747303107E-007  Fi(21,21,1)=   0.0000000000000000       Fi(41,21,1)=   0.0000000000000000     
   DBG div max=  0.52753236129205927       res_p=  0.52753236129205927     
   SIMPLE iter           1  res_p=  0.52753236129205927       u(1,1,1)=  -6.3512930810079781E-003  p(1,1,1)=   81985933.384581953     
   DBG iter           2  maxU2=   2.6257461047913058E-002  maxFi=   9.4351495848540133E-006  maxFj=  0.58557735529368538       Fi(21,1,1)=  -4.0653614577883645E-007  Fi(21,21,1)=   0.0000000000000000       Fi(41,21,1)=   0.0000000000000000     
   DBG div max=  0.60434899160007438       res_p=  0.60434899160007438     
   SIMPLE iter           2  res_p=  0.60434899160007438       u(1,1,1)=  -4.9423492639773560E-003  p(1,1,1)=   81986981.388199314     
   DBG iter           3  maxU2=   1.7831235944746962E-002  maxFi=   8.9752722645892186E-006  maxFj=  0.58695702641748837       Fi(21,1,1)=  -4.0748687881845031E-007  Fi(21,21,1)=   0.0000000000000000       Fi(41,21,1)=   0.0000000000000000     
   DBG div max=  0.58695689909434168       res_p=  0.58695689909434168     
   SIMPLE iter           3  res_p=  0.58695689909434168       u(1,1,1)=  -3.9946781754148500E-003  p(1,1,1)=   81986279.539458677     
   SIMPLE iter           4  res_p=  0.58621500560027595       u(1,1,1)=  -4.3792416577191880E-003  p(1,1,1)=   81986049.124061882     
   SIMPLE iter           5  res_p=  0.59340936031366798       u(1,1,1)=  -4.5148722641544115E-003  p(1,1,1)=   81985991.437289447     
 DEBUG T iter          50 min   299.99999999999739      max   300.00000000000432     
 DEBUG T iter         100 min   299.99999999999744      max   300.00000000000455     
   SIMPLE iter         100  res_p=  0.61124865601502454       u(1,1,1)=  -4.5728604975074092E-003  p(1,1,1)=   81983952.890854269     
 DEBUG T iter         150 min   299.99999999999739      max   300.00000000000460     
 DEBUG T iter         200 min   299.99999999999744      max   300.00000000000472     
   SIMPLE iter         200  res_p=  0.61013336556514897       u(1,1,1)=  -4.5755033950565334E-003  p(1,1,1)=   81983402.605868101     
 DEBUG T iter         250 min   299.99999999999710      max   300.00000000000477     
 DEBUG T iter         300 min   299.99999999999733      max   300.00000000000472     
   SIMPLE iter         300  res_p=  0.60987763462028477       u(1,1,1)=  -4.5761417880078366E-003  p(1,1,1)=   81983276.592217177     
 DEBUG T iter         350 min   299.99999999999727      max   300.00000000000500     
 DEBUG T iter         400 min   299.99999999999733      max   300.00000000000472     
   SIMPLE iter         400  res_p=  0.60981903502456214       u(1,1,1)=  -4.5762905357189338E-003  p(1,1,1)=   81983247.741504967     
 DEBUG T iter         450 min   299.99999999999710      max   300.00000000000472     
 DEBUG T iter         500 min   299.99999999999744      max   300.00000000000472     
   SIMPLE iter         500  res_p=  0.60980561056393012       u(1,1,1)=  -4.5763248942402562E-003  p(1,1,1)=   81983241.136660844     
 DEBUG T iter         550 min   299.99999999999727      max   300.00000000000483     
 DEBUG T iter         600 min   299.99999999999699      max   300.00000000000477     
   SIMPLE iter         600  res_p=  0.60980253559772313       u(1,1,1)=  -4.5763327999331594E-003  p(1,1,1)=   81983239.624658853     
 DEBUG T iter         650 min   299.99999999999727      max   300.00000000000472     
 DEBUG T iter         700 min   299.99999999999716      max   300.00000000000477     
   SIMPLE iter         700  res_p=  0.60980183131667320       u(1,1,1)=  -4.5763346125740120E-003  p(1,1,1)=   81983239.278533563     
 DEBUG T iter         750 min   299.99999999999721      max   300.00000000000489     
 DEBUG T iter         800 min   299.99999999999739      max   300.00000000000506     
   SIMPLE iter         800  res_p=  0.60980167002022256       u(1,1,1)=  -4.5763350312278172E-003  p(1,1,1)=   81983239.199299857     
 DEBUG T iter         850 min   299.99999999999744      max   300.00000000000517     
 DEBUG T iter         900 min   299.99999999999704      max   300.00000000000500     
   SIMPLE iter         900  res_p=  0.60980163308136637       u(1,1,1)=  -4.5763351279014116E-003  p(1,1,1)=   81983239.181162015     
 DEBUG T iter         950 min   299.99999999999721      max   300.00000000000472     
 DEBUG T iter        1000 min   299.99999999999721      max   300.00000000000472     
   SIMPLE iter        1000  res_p=  0.60980162462221410       u(1,1,1)=  -4.5763351458876847E-003  p(1,1,1)=   81983239.177009970     
 DEBUG T iter        1050 min   299.99999999999727      max   300.00000000000489     
 DEBUG T iter        1100 min   299.99999999999721      max   300.00000000000477     
   SIMPLE iter        1100  res_p=  0.60980162268510418       u(1,1,1)=  -4.5763351526090790E-003  p(1,1,1)=   81983239.176059499     
 DEBUG T iter        1150 min   299.99999999999727      max   300.00000000000477     
 DEBUG T iter        1200 min   299.99999999999699      max   300.00000000000495     
   SIMPLE iter        1200  res_p=  0.60980162224152124       u(1,1,1)=  -4.5763351522652056E-003  p(1,1,1)=   81983239.175841942     
 DEBUG T iter        1250 min   299.99999999999710      max   300.00000000000489     
 DEBUG T iter        1300 min   299.99999999999721      max   300.00000000000477     
   SIMPLE iter        1300  res_p=  0.60980162213995170       u(1,1,1)=  -4.5763351528850535E-003  p(1,1,1)=   81983239.175792098     
 DEBUG T iter        1350 min   299.99999999999710      max   300.00000000000500     
 DEBUG T iter        1400 min   299.99999999999721      max   300.00000000000517     
   SIMPLE iter        1400  res_p=  0.60980162211671374       u(1,1,1)=  -4.5763351527060240E-003  p(1,1,1)=   81983239.175780714     
 DEBUG T iter        1450 min   299.99999999999687      max   300.00000000000477     
 DEBUG T iter        1500 min   299.99999999999710      max   300.00000000000506     
   SIMPLE iter        1500  res_p=  0.60980162211145772       u(1,1,1)=  -4.5763351530115964E-003  p(1,1,1)=   81983239.175778121     
 Porous solver Block           2  SIMPLE iterations:        1501  res_p:  0.60980162211145772     
 --------------Force and Moment -----------------------------
 Total Force Coefficient (CL, CD, CS) =
   0.0000000000000000        11.066477258253144        0.0000000000000000     
 Total Moment Coefficient(CMx, CMy, CMz)=
   0.0000000000000000        5.5332386291265721        3.8523964087175955E-003
 Kstep, t=          73   73.000000000000000     
 ----------The Max Residuals are--------  ---Mesh---           1
    0.2166614910E-10    0.3942547443E-11    0.5377763664E-12    0.1138200523E-20    0.7745061323E-11
   The R.M.S Residuals are 
    0.2267187666E-11    0.3117551852E-12    0.3637904486E-13    0.2198461482E-21    0.8391387136E-12
 CPU wall time in this step:   6.3807659619999981     
 Averaged CPU wall time is:   6.9544423053561637     
   DBG iter           1  maxU2=   2.6257461045093640E-002  maxFi=   6.9947473562442635E-006  maxFj=  0.40232119052913590       Fi(21,1,1)=  -4.0392778843066407E-007  Fi(21,21,1)=   0.0000000000000000       Fi(41,21,1)=   0.0000000000000000     
   DBG div max=  0.52753236129206349       res_p=  0.52753236129206349     
   SIMPLE iter           1  res_p=  0.52753236129206349       u(1,1,1)=  -6.3512930817118101E-003  p(1,1,1)=   81985933.384581998     
   DBG iter           2  maxU2=   2.6257461045093640E-002  maxFi=   9.4351495865166560E-006  maxFj=  0.58557735529369614       Fi(21,1,1)=  -4.0653614670954635E-007  Fi(21,21,1)=   0.0000000000000000       Fi(41,21,1)=   0.0000000000000000     
   DBG div max=  0.60434899160008870       res_p=  0.60434899160008870     
   SIMPLE iter           2  res_p=  0.60434899160008870       u(1,1,1)=  -4.9423492637245903E-003  p(1,1,1)=   81986981.388199359     
   DBG iter           3  maxU2=   1.7831235949343549E-002  maxFi=   8.9752722649429311E-006  maxFj=  0.58695702641750092       Fi(21,1,1)=  -4.0748687973345241E-007  Fi(21,21,1)=   0.0000000000000000       Fi(41,21,1)=   0.0000000000000000     
   DBG div max=  0.58695689909435422       res_p=  0.58695689909435422     
   SIMPLE iter           3  res_p=  0.58695689909435422       u(1,1,1)=  -3.9946781753716727E-003  p(1,1,1)=   81986279.539458722     
   SIMPLE iter           4  res_p=  0.58621500560028683       u(1,1,1)=  -4.3792416577904895E-003  p(1,1,1)=   81986049.124061927     
   SIMPLE iter           5  res_p=  0.59340936031367941       u(1,1,1)=  -4.5148722643648396E-003  p(1,1,1)=   81985991.437289491     
 DEBUG T iter          50 min   299.99999999999773      max   300.00000000000438     
 DEBUG T iter         100 min   299.99999999999721      max   300.00000000000449     
   SIMPLE iter         100  res_p=  0.61124865601501388       u(1,1,1)=  -4.5728604971746857E-003  p(1,1,1)=   81983952.890854314     
 DEBUG T iter         150 min   299.99999999999721      max   300.00000000000460     
 DEBUG T iter         200 min   299.99999999999727      max   300.00000000000472     
   SIMPLE iter         200  res_p=  0.61013336556513698       u(1,1,1)=  -4.5755033952170551E-003  p(1,1,1)=   81983402.605868146     
 DEBUG T iter         250 min   299.99999999999721      max   300.00000000000477     
 DEBUG T iter         300 min   299.99999999999676      max   300.00000000000512     
   SIMPLE iter         300  res_p=  0.60987763462027633       u(1,1,1)=  -4.5761417881692353E-003  p(1,1,1)=   81983276.592217222     
 DEBUG T iter         350 min   299.99999999999721      max   300.00000000000523     
 DEBUG T iter         400 min   299.99999999999739      max   300.00000000000477     
   SIMPLE iter         400  res_p=  0.60981903502454105       u(1,1,1)=  -4.5762905381956324E-003  p(1,1,1)=   81983247.741505012     
 DEBUG T iter         450 min   299.99999999999739      max   300.00000000000483     
 DEBUG T iter         500 min   299.99999999999727      max   300.00000000000489     
   SIMPLE iter         500  res_p=  0.60980561056391569       u(1,1,1)=  -4.5763248945375982E-003  p(1,1,1)=   81983241.136660874     
 DEBUG T iter         550 min   299.99999999999727      max   300.00000000000477     
 DEBUG T iter         600 min   299.99999999999699      max   300.00000000000495     
   SIMPLE iter         600  res_p=  0.60980253559769970       u(1,1,1)=  -4.5763328008703620E-003  p(1,1,1)=   81983239.624658898     
 DEBUG T iter         650 min   299.99999999999710      max   300.00000000000472     
 DEBUG T iter         700 min   299.99999999999733      max   300.00000000000472     
   SIMPLE iter         700  res_p=  0.60980183131666355       u(1,1,1)=  -4.5763346124741630E-003  p(1,1,1)=   81983239.278533608     
 DEBUG T iter         750 min   299.99999999999727      max   300.00000000000483     
 DEBUG T iter         800 min   299.99999999999721      max   300.00000000000500     
   SIMPLE iter         800  res_p=  0.60980167002021113       u(1,1,1)=  -4.5763350295605085E-003  p(1,1,1)=   81983239.199299902     
 DEBUG T iter         850 min   299.99999999999721      max   300.00000000000512     
 DEBUG T iter         900 min   299.99999999999727      max   300.00000000000489     
   SIMPLE iter         900  res_p=  0.60980163308135316       u(1,1,1)=  -4.5763351281672623E-003  p(1,1,1)=   81983239.181162059     
 DEBUG T iter         950 min   299.99999999999704      max   300.00000000000489     
 DEBUG T iter        1000 min   299.99999999999721      max   300.00000000000483     
   SIMPLE iter        1000  res_p=  0.60980162462219789       u(1,1,1)=  -4.5763351463079544E-003  p(1,1,1)=   81983239.177010015     
 DEBUG T iter        1050 min   299.99999999999727      max   300.00000000000483     
 DEBUG T iter        1100 min   299.99999999999721      max   300.00000000000472     
   SIMPLE iter        1100  res_p=  0.60980162268509353       u(1,1,1)=  -4.5763351529623042E-003  p(1,1,1)=   81983239.176059544     
 DEBUG T iter        1150 min   299.99999999999733      max   300.00000000000495     
 DEBUG T iter        1200 min   299.99999999999716      max   300.00000000000483     
   SIMPLE iter        1200  res_p=  0.60980162224151158       u(1,1,1)=  -4.5763351523615166E-003  p(1,1,1)=   81983239.175841987     
 DEBUG T iter        1250 min   299.99999999999716      max   300.00000000000506     
 DEBUG T iter        1300 min   299.99999999999710      max   300.00000000000495     
   SIMPLE iter        1300  res_p=  0.60980162213992406       u(1,1,1)=  -4.5763351530242451E-003  p(1,1,1)=   81983239.175792143     
 DEBUG T iter        1350 min   299.99999999999727      max   300.00000000000483     
 DEBUG T iter        1400 min   299.99999999999704      max   300.00000000000483     
   SIMPLE iter        1400  res_p=  0.60980162211670164       u(1,1,1)=  -4.5763351529001734E-003  p(1,1,1)=   81983239.175780758     
 DEBUG T iter        1450 min   299.99999999999710      max   300.00000000000495     
 DEBUG T iter        1500 min   299.99999999999699      max   300.00000000000489     
   SIMPLE iter        1500  res_p=  0.60980162211142952       u(1,1,1)=  -4.5763351535673255E-003  p(1,1,1)=   81983239.175778165     
 Porous solver Block           2  SIMPLE iterations:        1501  res_p:  0.60980162211142952     
 --------------Force and Moment -----------------------------
 Total Force Coefficient (CL, CD, CS) =
   0.0000000000000000        11.066477256797953        0.0000000000000000     
 Total Moment Coefficient(CMx, CMy, CMz)=
   0.0000000000000000        5.5332386283989763        3.8523964080923179E-003
 Kstep, t=          74   74.000000000000000     
 ----------The Max Residuals are--------  ---Mesh---           1
    0.2154635848E-10    0.3919827628E-11    0.5397194193E-12    0.1111730743E-20    0.7697426352E-11
   The R.M.S Residuals are 
    0.2252988237E-11    0.3093431071E-12    0.3580661772E-13    0.2292446996E-21    0.8341936610E-12
 CPU wall time in this step:   6.2147035119999714     
 Averaged CPU wall time is:   6.9444458351756753     
   DBG iter           1  maxU2=   2.6257461045053995E-002  maxFi=   6.9947473562372120E-006  maxFj=  0.40232119052912146       Fi(21,1,1)=  -4.0392779024813017E-007  Fi(21,21,1)=   0.0000000000000000       Fi(41,21,1)=   0.0000000000000000     
   DBG div max=  0.52753236129203285       res_p=  0.52753236129203285     
   SIMPLE iter           1  res_p=  0.52753236129203285       u(1,1,1)=  -6.3512930823426839E-003  p(1,1,1)=   81985933.384582043     
   DBG iter           2  maxU2=   2.6257461045053995E-002  maxFi=   9.4351495847864218E-006  maxFj=  0.58557735529366739       Fi(21,1,1)=  -4.0653614849568071E-007  Fi(21,21,1)=   0.0000000000000000       Fi(41,21,1)=   0.0000000000000000     
   DBG div max=  0.60434899160004196       res_p=  0.60434899160004196     
   SIMPLE iter           2  res_p=  0.60434899160004196       u(1,1,1)=  -4.9423492642424486E-003  p(1,1,1)=   81986981.388199404     
   DBG iter           3  maxU2=   1.7831235953380112E-002  maxFi=   8.9752722645854120E-006  maxFj=  0.58695702641746794       Fi(21,1,1)=  -4.0748688193748984E-007  Fi(21,21,1)=   0.0000000000000000       Fi(41,21,1)=   0.0000000000000000     
   DBG div max=  0.58695689909432136       res_p=  0.58695689909432136     
   SIMPLE iter           3  res_p=  0.58695689909432136       u(1,1,1)=  -3.9946781757638538E-003  p(1,1,1)=   81986279.539458767     
   SIMPLE iter           4  res_p=  0.58621500560025919       u(1,1,1)=  -4.3792416581289115E-003  p(1,1,1)=   81986049.124061972     
   SIMPLE iter           5  res_p=  0.59340936031365887       u(1,1,1)=  -4.5148722646338266E-003  p(1,1,1)=   81985991.437289536     
 DEBUG T iter          50 min   299.99999999999773      max   300.00000000000415     
 DEBUG T iter         100 min   299.99999999999739      max   300.00000000000455     
   SIMPLE iter         100  res_p=  0.61124865601501088       u(1,1,1)=  -4.5728604971925135E-003  p(1,1,1)=   81983952.890854359     
 DEBUG T iter         150 min   299.99999999999704      max   300.00000000000466     
 DEBUG T iter         200 min   299.99999999999721      max   300.00000000000489     
   SIMPLE iter         200  res_p=  0.61013336556512132       u(1,1,1)=  -4.5755033945558601E-003  p(1,1,1)=   81983402.605868191     
 DEBUG T iter         250 min   299.99999999999727      max   300.00000000000483     
 DEBUG T iter         300 min   299.99999999999739      max   300.00000000000495     
   SIMPLE iter         300  res_p=  0.60987763462027211       u(1,1,1)=  -4.5761417883276607E-003  p(1,1,1)=   81983276.592217267     
 DEBUG T iter         350 min   299.99999999999727      max   300.00000000000495     
 DEBUG T iter         400 min   299.99999999999710      max   300.00000000000477     
   SIMPLE iter         400  res_p=  0.60981903502453561       u(1,1,1)=  -4.5762905353196170E-003  p(1,1,1)=   81983247.741505057     
 DEBUG T iter         450 min   299.99999999999716      max   300.00000000000489     
 DEBUG T iter         500 min   299.99999999999721      max   300.00000000000506     
   SIMPLE iter         500  res_p=  0.60980561056389471       u(1,1,1)=  -4.5763248947139753E-003  p(1,1,1)=   81983241.136660919     
 DEBUG T iter         550 min   299.99999999999704      max   300.00000000000477     
 DEBUG T iter         600 min   299.99999999999693      max   300.00000000000506     
   SIMPLE iter         600  res_p=  0.60980253559769493       u(1,1,1)=  -4.5763328005229724E-003  p(1,1,1)=   81983239.624658942     
 DEBUG T iter         650 min   299.99999999999739      max   300.00000000000483     
 DEBUG T iter         700 min   299.99999999999733      max   300.00000000000466     
   SIMPLE iter         700  res_p=  0.60980183131665577       u(1,1,1)=  -4.5763346120313228E-003  p(1,1,1)=   81983239.278533652     
 DEBUG T iter         750 min   299.99999999999744      max   300.00000000000495     
 DEBUG T iter         800 min   299.99999999999710      max   300.00000000000506     
   SIMPLE iter         800  res_p=  0.60980167002020513       u(1,1,1)=  -4.5763350318470683E-003  p(1,1,1)=   81983239.199299946     
 DEBUG T iter         850 min   299.99999999999716      max   300.00000000000483     
 DEBUG T iter         900 min   299.99999999999727      max   300.00000000000489     
   SIMPLE iter         900  res_p=  0.60980163308134594       u(1,1,1)=  -4.5763351257610265E-003  p(1,1,1)=   81983239.181162104     
 DEBUG T iter         950 min   299.99999999999693      max   300.00000000000506     
 DEBUG T iter        1000 min   299.99999999999733      max   300.00000000000495     
   SIMPLE iter        1000  res_p=  0.60980162462219722       u(1,1,1)=  -4.5763351461612410E-003  p(1,1,1)=   81983239.177010044     
 DEBUG T iter        1050 min   299.99999999999727      max   300.00000000000495     
 DEBUG T iter        1100 min   299.99999999999721      max   300.00000000000523     
   SIMPLE iter        1100  res_p=  0.60980162268507543       u(1,1,1)=  -4.5763351497452526E-003  p(1,1,1)=   81983239.176059574     
 DEBUG T iter        1150 min   299.99999999999727      max   300.00000000000489     
 DEBUG T iter        1200 min   299.99999999999733      max   300.00000000000477     
   SIMPLE iter        1200  res_p=  0.60980162224148393       u(1,1,1)=  -4.5763351526801853E-003  p(1,1,1)=   81983239.175842032     
 DEBUG T iter        1250 min   299.99999999999733      max   300.00000000000500     
 DEBUG T iter        1300 min   299.99999999999721      max   300.00000000000483     
   SIMPLE iter        1300  res_p=  0.60980162213991518       u(1,1,1)=  -4.5763351523582648E-003  p(1,1,1)=   81983239.175792202     
 DEBUG T iter        1350 min   299.99999999999727      max   300.00000000000495     
 DEBUG T iter        1400 min   299.99999999999710      max   300.00000000000483     
   SIMPLE iter        1400  res_p=  0.60980162211670164       u(1,1,1)=  -4.5763351531631332E-003  p(1,1,1)=   81983239.175780803     
 DEBUG T iter        1450 min   299.99999999999733      max   300.00000000000483     
 DEBUG T iter        1500 min   299.99999999999727      max   300.00000000000506     
   SIMPLE iter        1500  res_p=  0.60980162211141942       u(1,1,1)=  -4.5763351533604875E-003  p(1,1,1)=   81983239.175778210     
 Porous solver Block           2  SIMPLE iterations:        1501  res_p:  0.60980162211141942     
 --------------Force and Moment -----------------------------
 Total Force Coefficient (CL, CD, CS) =
   0.0000000000000000        11.066477255488280        0.0000000000000000     
 Total Moment Coefficient(CMx, CMy, CMz)=
   0.0000000000000000        5.5332386277441401        3.8523964076517814E-003
 Kstep, t=          75   75.000000000000000     
 ----------The Max Residuals are--------  ---Mesh---           1
    0.2142990297E-10    0.3898719761E-11    0.5389435643E-12    0.1244079641E-20    0.7650801535E-11
   The R.M.S Residuals are 
    0.2239218116E-11    0.3071640931E-12    0.3526427027E-13    0.2194542019E-21    0.8292014043E-12
 CPU wall time in this step:   6.2745500400000083     
 Averaged CPU wall time is:   6.9355138912399994     
   DBG iter           1  maxU2=   2.6257461045089518E-002  maxFi=   6.9947473562366123E-006  maxFj=  0.40232119052910703       Fi(21,1,1)=  -4.0392779154792785E-007  Fi(21,21,1)=   0.0000000000000000       Fi(41,21,1)=   0.0000000000000000     
   DBG div max=  0.52753236129203041       res_p=  0.52753236129203041     
   SIMPLE iter           1  res_p=  0.52753236129203041       u(1,1,1)=  -6.3512930821274117E-003  p(1,1,1)=   81985933.384582087     
   DBG iter           2  maxU2=   2.6257461045089518E-002  maxFi=   9.4351495847855138E-006  maxFj=  0.58557735529365595       Fi(21,1,1)=  -4.0653615107355650E-007  Fi(21,21,1)=   0.0000000000000000       Fi(41,21,1)=   0.0000000000000000     
   DBG div max=  0.60434899160004052       res_p=  0.60434899160004052     
   SIMPLE iter           2  res_p=  0.60434899160004052       u(1,1,1)=  -4.9423492647973286E-003  p(1,1,1)=   81986981.388199449     
   DBG iter           3  maxU2=   1.7831235956609570E-002  maxFi=   8.9752722645778887E-006  maxFj=  0.58695702641745529       Fi(21,1,1)=  -4.0748688405492519E-007  Fi(21,21,1)=   0.0000000000000000       Fi(41,21,1)=   0.0000000000000000     
   DBG div max=  0.58695689909430870       res_p=  0.58695689909430870     
   SIMPLE iter           3  res_p=  0.58695689909430870       u(1,1,1)=  -3.9946781762452950E-003  p(1,1,1)=   81986279.539458811     
   SIMPLE iter           4  res_p=  0.58621500560024176       u(1,1,1)=  -4.3792416583815089E-003  p(1,1,1)=   81986049.124062002     
   SIMPLE iter           5  res_p=  0.59340936031364455       u(1,1,1)=  -4.5148722619352891E-003  p(1,1,1)=   81985991.437289566     
 DEBUG T iter          50 min   299.99999999999733      max   300.00000000000426     
 DEBUG T iter         100 min   299.99999999999744      max   300.00000000000466     
   SIMPLE iter         100  res_p=  0.61124865601497658       u(1,1,1)=  -4.5728604973161845E-003  p(1,1,1)=   81983952.890854403     
 DEBUG T iter         150 min   299.99999999999739      max   300.00000000000489     
 DEBUG T iter         200 min   299.99999999999721      max   300.00000000000477     
   SIMPLE iter         200  res_p=  0.61013336556511588       u(1,1,1)=  -4.5755033952062608E-003  p(1,1,1)=   81983402.605868235     
 DEBUG T iter         250 min   299.99999999999727      max   300.00000000000495     
 DEBUG T iter         300 min   299.99999999999710      max   300.00000000000495     
   SIMPLE iter         300  res_p=  0.60987763462025590       u(1,1,1)=  -4.5761417878743566E-003  p(1,1,1)=   81983276.592217311     
 DEBUG T iter         350 min   299.99999999999687      max   300.00000000000495     
 DEBUG T iter         400 min   299.99999999999710      max   300.00000000000489     
   SIMPLE iter         400  res_p=  0.60981903502452617       u(1,1,1)=  -4.5762905354647899E-003  p(1,1,1)=   81983247.741505101     
 DEBUG T iter         450 min   299.99999999999699      max   300.00000000000477     
 DEBUG T iter         500 min   299.99999999999716      max   300.00000000000483     
   SIMPLE iter         500  res_p=  0.60980561056389293       u(1,1,1)=  -4.5763248952531664E-003  p(1,1,1)=   81983241.136660963     
 DEBUG T iter         550 min   299.99999999999727      max   300.00000000000466     
 DEBUG T iter         600 min   299.99999999999727      max   300.00000000000483     
   SIMPLE iter         600  res_p=  0.60980253559768471       u(1,1,1)=  -4.5763328008622877E-003  p(1,1,1)=   81983239.624658987     
 DEBUG T iter         650 min   299.99999999999727      max   300.00000000000489     
 DEBUG T iter         700 min   299.99999999999721      max   300.00000000000489     
   SIMPLE iter         700  res_p=  0.60980183131663424       u(1,1,1)=  -4.5763346121854044E-003  p(1,1,1)=   81983239.278533697     
 DEBUG T iter         750 min   299.99999999999727      max   300.00000000000495     
 DEBUG T iter         800 min   299.99999999999716      max   300.00000000000506     
   SIMPLE iter         800  res_p=  0.60980167002018715       u(1,1,1)=  -4.5763350296735552E-003  p(1,1,1)=   81983239.199299991     
 DEBUG T iter         850 min   299.99999999999739      max   300.00000000000523     
 DEBUG T iter         900 min   299.99999999999744      max   300.00000000000529     
   SIMPLE iter         900  res_p=  0.60980163308133273       u(1,1,1)=  -4.5763351286982725E-003  p(1,1,1)=   81983239.181162149     
 DEBUG T iter         950 min   299.99999999999721      max   300.00000000000495     
 DEBUG T iter        1000 min   299.99999999999721      max   300.00000000000483     
   SIMPLE iter        1000  res_p=  0.60980162462217802       u(1,1,1)=  -4.5763351465597278E-003  p(1,1,1)=   81983239.177010104     
 DEBUG T iter        1050 min   299.99999999999733      max   300.00000000000472     
 DEBUG T iter        1100 min   299.99999999999727      max   300.00000000000489     
   SIMPLE iter        1100  res_p=  0.60980162268504901       u(1,1,1)=  -4.5763351497554276E-003  p(1,1,1)=   81983239.176059619     
 DEBUG T iter        1150 min   299.99999999999721      max   300.00000000000483     
 DEBUG T iter        1200 min   299.99999999999739      max   300.00000000000489     
   SIMPLE iter        1200  res_p=  0.60980162224148038       u(1,1,1)=  -4.5763351527903038E-003  p(1,1,1)=   81983239.175842062     
 DEBUG T iter        1250 min   299.99999999999727      max   300.00000000000489     
 DEBUG T iter        1300 min   299.99999999999716      max   300.00000000000483     
   SIMPLE iter        1300  res_p=  0.60980162213991340       u(1,1,1)=  -4.5763351527873825E-003  p(1,1,1)=   81983239.175792232     
 DEBUG T iter        1350 min   299.99999999999716      max   300.00000000000500     
 DEBUG T iter        1400 min   299.99999999999699      max   300.00000000000477     
   SIMPLE iter        1400  res_p=  0.60980162211667899       u(1,1,1)=  -4.5763351504396060E-003  p(1,1,1)=   81983239.175780848     
 DEBUG T iter        1450 min   299.99999999999739      max   300.00000000000489     
 DEBUG T iter        1500 min   299.99999999999721      max   300.00000000000489     
   SIMPLE iter        1500  res_p=  0.60980162211141575       u(1,1,1)=  -4.5763351534575556E-003  p(1,1,1)=   81983239.175778255     
 Porous solver Block           2  SIMPLE iterations:        1501  res_p:  0.60980162211141575     
 --------------Force and Moment -----------------------------
 Total Force Coefficient (CL, CD, CS) =
   0.0000000000000000        11.066477253916673        0.0000000000000000     
 Total Moment Coefficient(CMx, CMy, CMz)=
   0.0000000000000000        5.5332386269583367        3.8523964071401906E-003
 Kstep, t=          76   76.000000000000000     
 ----------The Max Residuals are--------  ---Mesh---           1
    0.2131653913E-10    0.3879031142E-11    0.5355047460E-12    0.1138200523E-20    0.7612326788E-11
   The R.M.S Residuals are 
    0.2225844578E-11    0.3051799045E-12    0.3475639058E-13    0.2177556694E-21    0.8241753571E-12
 CPU wall time in this step:   6.2757448120000845     
 Averaged CPU wall time is:   6.9268327191447376     
   DBG iter           1  maxU2=   2.6257461044849235E-002  maxFi=   6.9947473549532455E-006  maxFj=  0.40232119052910464       Fi(21,1,1)=  -4.0392779464292885E-007  Fi(21,21,1)=   0.0000000000000000       Fi(41,21,1)=   0.0000000000000000     
   DBG div max=  0.52753236129203374       res_p=  0.52753236129203374     
   SIMPLE iter           1  res_p=  0.52753236129203374       u(1,1,1)=  -6.3512930823071256E-003  p(1,1,1)=   81985933.384582132     
   DBG iter           2  maxU2=   2.6257461044849235E-002  maxFi=   9.4351495848158867E-006  maxFj=  0.58557735529365229       Fi(21,1,1)=  -4.0653615282367941E-007  Fi(21,21,1)=   0.0000000000000000       Fi(41,21,1)=   0.0000000000000000     
   DBG div max=  0.60434899160004352       res_p=  0.60434899160004352     
   SIMPLE iter           2  res_p=  0.60434899160004352       u(1,1,1)=  -4.9423492643893459E-003  p(1,1,1)=   81986981.388199493     
   DBG iter           3  maxU2=   1.7831235958363723E-002  maxFi=   8.9752722645762082E-006  maxFj=  0.58695702641745162       Fi(21,1,1)=  -4.0748688583827265E-007  Fi(21,21,1)=   0.0000000000000000       Fi(41,21,1)=   0.0000000000000000     
   DBG div max=  0.58695689909430504       res_p=  0.58695689909430504     
   SIMPLE iter           3  res_p=  0.58695689909430504       u(1,1,1)=  -3.9946781754214332E-003  p(1,1,1)=   81986279.539458856     
   SIMPLE iter           4  res_p=  0.58621500560023643       u(1,1,1)=  -4.3792416585274416E-003  p(1,1,1)=   81986049.124062061     
   SIMPLE iter           5  res_p=  0.59340936031364033       u(1,1,1)=  -4.5148722649362644E-003  p(1,1,1)=   81985991.437289625     
 DEBUG T iter          50 min   299.99999999999767      max   300.00000000000415     
 DEBUG T iter         100 min   299.99999999999756      max   300.00000000000449     
   SIMPLE iter         100  res_p=  0.61124865601498257       u(1,1,1)=  -4.5728604981169043E-003  p(1,1,1)=   81983952.890854463     
 DEBUG T iter         150 min   299.99999999999756      max   300.00000000000483     
 DEBUG T iter         200 min   299.99999999999727      max   300.00000000000495     
   SIMPLE iter         200  res_p=  0.61013336556510633       u(1,1,1)=  -4.5755033954233883E-003  p(1,1,1)=   81983402.605868280     
 DEBUG T iter         250 min   299.99999999999716      max   300.00000000000495     
 DEBUG T iter         300 min   299.99999999999721      max   300.00000000000495     
   SIMPLE iter         300  res_p=  0.60987763462024880       u(1,1,1)=  -4.5761417884599420E-003  p(1,1,1)=   81983276.592217356     
 DEBUG T iter         350 min   299.99999999999727      max   300.00000000000472     
 DEBUG T iter         400 min   299.99999999999716      max   300.00000000000483     
   SIMPLE iter         400  res_p=  0.60981903502451473       u(1,1,1)=  -4.5762905365697229E-003  p(1,1,1)=   81983247.741505146     
 DEBUG T iter         450 min   299.99999999999721      max   300.00000000000495     
 DEBUG T iter         500 min   299.99999999999710      max   300.00000000000500     
   SIMPLE iter         500  res_p=  0.60980561056388205       u(1,1,1)=  -4.5763248953687276E-003  p(1,1,1)=   81983241.136661008     
 DEBUG T iter         550 min   299.99999999999716      max   300.00000000000489     
 DEBUG T iter         600 min   299.99999999999721      max   300.00000000000477     
   SIMPLE iter         600  res_p=  0.60980253559766973       u(1,1,1)=  -4.5763328011744521E-003  p(1,1,1)=   81983239.624659032     
 DEBUG T iter         650 min   299.99999999999733      max   300.00000000000500     
 DEBUG T iter         700 min   299.99999999999704      max   300.00000000000489     
   SIMPLE iter         700  res_p=  0.60980183131663124       u(1,1,1)=  -4.5763346129570120E-003  p(1,1,1)=   81983239.278533742     
 DEBUG T iter         750 min   299.99999999999733      max   300.00000000000472     
 DEBUG T iter         800 min   299.99999999999739      max   300.00000000000495     
   SIMPLE iter         800  res_p=  0.60980167002018171       u(1,1,1)=  -4.5763350303808714E-003  p(1,1,1)=   81983239.199300036     
 DEBUG T iter         850 min   299.99999999999721      max   300.00000000000495     
 DEBUG T iter         900 min   299.99999999999710      max   300.00000000000472     
   SIMPLE iter         900  res_p=  0.60980163308132962       u(1,1,1)=  -4.5763351283502444E-003  p(1,1,1)=   81983239.181162193     
 DEBUG T iter         950 min   299.99999999999687      max   300.00000000000500     
 DEBUG T iter        1000 min   299.99999999999727      max   300.00000000000477     
   SIMPLE iter        1000  res_p=  0.60980162462216903       u(1,1,1)=  -4.5763351467369238E-003  p(1,1,1)=   81983239.177010149     
 DEBUG T iter        1050 min   299.99999999999733      max   300.00000000000489     
 DEBUG T iter        1100 min   299.99999999999704      max   300.00000000000483     
   SIMPLE iter        1100  res_p=  0.60980162268504656       u(1,1,1)=  -4.5763351529170514E-003  p(1,1,1)=   81983239.176059678     
 DEBUG T iter        1150 min   299.99999999999716      max   300.00000000000472     
 DEBUG T iter        1200 min   299.99999999999727      max   300.00000000000483     
   SIMPLE iter        1200  res_p=  0.60980162224146184       u(1,1,1)=  -4.5763351528919811E-003  p(1,1,1)=   81983239.175842106     
 DEBUG T iter        1250 min   299.99999999999704      max   300.00000000000466     
 DEBUG T iter        1300 min   299.99999999999704      max   300.00000000000495     
   SIMPLE iter        1300  res_p=  0.60980162213989231       u(1,1,1)=  -4.5763351537103014E-003  p(1,1,1)=   81983239.175792292     
 DEBUG T iter        1350 min   299.99999999999733      max   300.00000000000500     
 DEBUG T iter        1400 min   299.99999999999727      max   300.00000000000477     
   SIMPLE iter        1400  res_p=  0.60980162211667233       u(1,1,1)=  -4.5763351506620427E-003  p(1,1,1)=   81983239.175780892     
 DEBUG T iter        1450 min   299.99999999999721      max   300.00000000000477     
 DEBUG T iter        1500 min   299.99999999999699      max   300.00000000000489     
   SIMPLE iter        1500  res_p=  0.60980162211139721       u(1,1,1)=  -4.5763351532033120E-003  p(1,1,1)=   81983239.175778300     
 Porous solver Block           2  SIMPLE iterations:        1501  res_p:  0.60980162211139721     
 --------------Force and Moment -----------------------------
 Total Force Coefficient (CL, CD, CS) =
   0.0000000000000000        11.066477252548793        0.0000000000000000     
 Total Moment Coefficient(CMx, CMy, CMz)=
   0.0000000000000000        5.5332386262743967        3.8523964065859673E-003
 Kstep, t=          77   77.000000000000000     
 ----------The Max Residuals are--------  ---Mesh---           1
    0.2120593800E-10    0.3860481118E-11    0.5294713236E-12    0.1085260964E-20    0.7570852025E-11
   The R.M.S Residuals are 
    0.2212822528E-11    0.3033434642E-12    0.3428492277E-13    0.2328981819E-21    0.8191395211E-12
 CPU wall time in this step:   6.1902526760000001     
 Averaged CPU wall time is:   6.9172667445584421     
   DBG iter           1  maxU2=   2.6257461047797345E-002  maxFi=   6.9947473545757162E-006  maxFj=  0.40232119052909021       Fi(21,1,1)=  -4.0392779552912892E-007  Fi(21,21,1)=   0.0000000000000000       Fi(41,21,1)=   0.0000000000000000     
   DBG div max=  0.52753236129202707       res_p=  0.52753236129202707     
   SIMPLE iter           1  res_p=  0.52753236129202707       u(1,1,1)=  -6.3512930820869493E-003  p(1,1,1)=   81985933.384582177     
   DBG iter           2  maxU2=   2.6257461047797345E-002  maxFi=   9.4351495848557853E-006  maxFj=  0.58557735529364030       Fi(21,1,1)=  -4.0653615326125620E-007  Fi(21,21,1)=   0.0000000000000000       Fi(41,21,1)=   0.0000000000000000     
   DBG div max=  0.60434899160004074       res_p=  0.60434899160004074     
   SIMPLE iter           2  res_p=  0.60434899160004074       u(1,1,1)=  -4.9423492637640362E-003  p(1,1,1)=   81986981.388199538     
   DBG iter           3  maxU2=   1.7831235960311820E-002  maxFi=   8.9752722645856018E-006  maxFj=  0.58695702641743963       Fi(21,1,1)=  -4.0748688633770408E-007  Fi(21,21,1)=   0.0000000000000000       Fi(41,21,1)=   0.0000000000000000     
   DBG div max=  0.58695689909429305       res_p=  0.58695689909429305     
   SIMPLE iter           3  res_p=  0.58695689909429305       u(1,1,1)=  -3.9946781751934342E-003  p(1,1,1)=   81986279.539458901     
   SIMPLE iter           4  res_p=  0.58621500560022077       u(1,1,1)=  -4.3792416579316396E-003  p(1,1,1)=   81986049.124062106     
   SIMPLE iter           5  res_p=  0.59340936031361391       u(1,1,1)=  -4.5148722647513290E-003  p(1,1,1)=   81985991.437289655     
 DEBUG T iter          50 min   299.99999999999767      max   300.00000000000409     
 DEBUG T iter         100 min   299.99999999999710      max   300.00000000000455     
   SIMPLE iter         100  res_p=  0.61124865601496281       u(1,1,1)=  -4.5728604982829589E-003  p(1,1,1)=   81983952.890854508     
 DEBUG T iter         150 min   299.99999999999710      max   300.00000000000466     
 DEBUG T iter         200 min   299.99999999999739      max   300.00000000000449     
   SIMPLE iter         200  res_p=  0.61013336556508824       u(1,1,1)=  -4.5755033956384975E-003  p(1,1,1)=   81983402.605868325     
 DEBUG T iter         250 min   299.99999999999733      max   300.00000000000489     
 DEBUG T iter         300 min   299.99999999999739      max   300.00000000000495     
   SIMPLE iter         300  res_p=  0.60987763462023370       u(1,1,1)=  -4.5761417862541986E-003  p(1,1,1)=   81983276.592217401     
 DEBUG T iter         350 min   299.99999999999721      max   300.00000000000472     
 DEBUG T iter         400 min   299.99999999999727      max   300.00000000000483     
   SIMPLE iter         400  res_p=  0.60981903502449664       u(1,1,1)=  -4.5762905365864456E-003  p(1,1,1)=   81983247.741505191     
 DEBUG T iter         450 min   299.99999999999710      max   300.00000000000495     
 DEBUG T iter         500 min   299.99999999999710      max   300.00000000000472     
   SIMPLE iter         500  res_p=  0.60980561056386762       u(1,1,1)=  -4.5763248954495059E-003  p(1,1,1)=   81983241.136661053     
 DEBUG T iter         550 min   299.99999999999721      max   300.00000000000477     
 DEBUG T iter         600 min   299.99999999999727      max   300.00000000000483     
   SIMPLE iter         600  res_p=  0.60980253559766129       u(1,1,1)=  -4.5763328008192952E-003  p(1,1,1)=   81983239.624659076     
 DEBUG T iter         650 min   299.99999999999699      max   300.00000000000506     
 DEBUG T iter         700 min   299.99999999999739      max   300.00000000000506     
   SIMPLE iter         700  res_p=  0.60980183131662280       u(1,1,1)=  -4.5763346135393136E-003  p(1,1,1)=   81983239.278533787     
 DEBUG T iter         750 min   299.99999999999733      max   300.00000000000472     
 DEBUG T iter         800 min   299.99999999999716      max   300.00000000000483     
   SIMPLE iter         800  res_p=  0.60980167002016306       u(1,1,1)=  -4.5763350302693486E-003  p(1,1,1)=   81983239.199300081     
 DEBUG T iter         850 min   299.99999999999733      max   300.00000000000512     
 DEBUG T iter         900 min   299.99999999999721      max   300.00000000000523     
   SIMPLE iter         900  res_p=  0.60980163308129487       u(1,1,1)=  -4.5763351286534368E-003  p(1,1,1)=   81983239.181162238     
 DEBUG T iter         950 min   299.99999999999727      max   300.00000000000495     
 DEBUG T iter        1000 min   299.99999999999727      max   300.00000000000500     
   SIMPLE iter        1000  res_p=  0.60980162462215937       u(1,1,1)=  -4.5763351466589219E-003  p(1,1,1)=   81983239.177010193     
 DEBUG T iter        1050 min   299.99999999999727      max   300.00000000000489     
 DEBUG T iter        1100 min   299.99999999999727      max   300.00000000000472     
   SIMPLE iter        1100  res_p=  0.60980162268503213       u(1,1,1)=  -4.5763351530842067E-003  p(1,1,1)=   81983239.176059723     
 DEBUG T iter        1150 min   299.99999999999721      max   300.00000000000483     
 DEBUG T iter        1200 min   299.99999999999693      max   300.00000000000472     
   SIMPLE iter        1200  res_p=  0.60980162224144563       u(1,1,1)=  -4.5763351525710764E-003  p(1,1,1)=   81983239.175842166     
 DEBUG T iter        1250 min   299.99999999999704      max   300.00000000000489     
 DEBUG T iter        1300 min   299.99999999999721      max   300.00000000000483     
   SIMPLE iter        1300  res_p=  0.60980162213988032       u(1,1,1)=  -4.5763351532831838E-003  p(1,1,1)=   81983239.175792336     
 DEBUG T iter        1350 min   299.99999999999727      max   300.00000000000500     
 DEBUG T iter        1400 min   299.99999999999716      max   300.00000000000495     
   SIMPLE iter        1400  res_p=  0.60980162211665856       u(1,1,1)=  -4.5763351548211342E-003  p(1,1,1)=   81983239.175780937     
 DEBUG T iter        1450 min   299.99999999999704      max   300.00000000000483     
 DEBUG T iter        1500 min   299.99999999999687      max   300.00000000000489     
   SIMPLE iter        1500  res_p=  0.60980162211138877       u(1,1,1)=  -4.5763351535501430E-003  p(1,1,1)=   81983239.175778344     
 Porous solver Block           2  SIMPLE iterations:        1501  res_p:  0.60980162211138877     
 --------------Force and Moment -----------------------------
 Total Force Coefficient (CL, CD, CS) =
   0.0000000000000000        11.066477250831667        0.0000000000000000     
 Total Moment Coefficient(CMx, CMy, CMz)=
   0.0000000000000000        5.5332386254158337        3.8523964059322680E-003
 Kstep, t=          78   78.000000000000000     
 ----------The Max Residuals are--------  ---Mesh---           1
    0.2109773573E-10    0.3842751698E-11    0.5209232026E-12    0.1138200523E-20    0.7526529512E-11
   The R.M.S Residuals are 
    0.2200101294E-11    0.3016057483E-12    0.3384953985E-13    0.2169089861E-21    0.8141233268E-12
 CPU wall time in this step:   6.2363611789999140     
 Averaged CPU wall time is:   6.9085371860256402     
   DBG iter           1  maxU2=   2.6257461044397665E-002  maxFi=   6.9947473562278463E-006  maxFj=  0.40232119052908177       Fi(21,1,1)=  -4.0392779603614087E-007  Fi(21,21,1)=   0.0000000000000000       Fi(41,21,1)=   0.0000000000000000     
   DBG div max=  0.52753236129199399       res_p=  0.52753236129199399     
   SIMPLE iter           1  res_p=  0.52753236129199399       u(1,1,1)=  -6.3512930824242159E-003  p(1,1,1)=   81985933.384582222     
   DBG iter           2  maxU2=   2.6257461044397665E-002  maxFi=   9.4351495847769062E-006  maxFj=  0.58557735529361921       Fi(21,1,1)=  -4.0653615374013411E-007  Fi(21,21,1)=   0.0000000000000000       Fi(41,21,1)=   0.0000000000000000     
   DBG div max=  0.60434899159999833       res_p=  0.60434899159999833     
   SIMPLE iter           2  res_p=  0.60434899159999833       u(1,1,1)=  -4.9423492649422552E-003  p(1,1,1)=   81986981.388199583     
   DBG iter           3  maxU2=   1.7831235960710110E-002  maxFi=   8.9752722645780886E-006  maxFj=  0.58695702641741676       Fi(21,1,1)=  -4.0748688722841592E-007  Fi(21,21,1)=   0.0000000000000000       Fi(41,21,1)=   0.0000000000000000     
   DBG div max=  0.58695689909427018       res_p=  0.58695689909427018     
   SIMPLE iter           3  res_p=  0.58695689909427018       u(1,1,1)=  -3.9946781729676226E-003  p(1,1,1)=   81986279.539458945     
   SIMPLE iter           4  res_p=  0.58621500560020401       u(1,1,1)=  -4.3792416552291373E-003  p(1,1,1)=   81986049.124062151     
   SIMPLE iter           5  res_p=  0.59340936031360070       u(1,1,1)=  -4.5148722612317199E-003  p(1,1,1)=   81985991.437289715     
 DEBUG T iter          50 min   299.99999999999761      max   300.00000000000449     
 DEBUG T iter         100 min   299.99999999999750      max   300.00000000000449     
   SIMPLE iter         100  res_p=  0.61124865601495793       u(1,1,1)=  -4.5728604980471840E-003  p(1,1,1)=   81983952.890854552     
 DEBUG T iter         150 min   299.99999999999733      max   300.00000000000477     
 DEBUG T iter         200 min   299.99999999999704      max   300.00000000000506     
   SIMPLE iter         200  res_p=  0.61013336556508058       u(1,1,1)=  -4.5755033952459660E-003  p(1,1,1)=   81983402.605868384     
 DEBUG T iter         250 min   299.99999999999727      max   300.00000000000489     
 DEBUG T iter         300 min   299.99999999999733      max   300.00000000000472     
   SIMPLE iter         300  res_p=  0.60987763462022349       u(1,1,1)=  -4.5761417894330161E-003  p(1,1,1)=   81983276.592217460     
 DEBUG T iter         350 min   299.99999999999733      max   300.00000000000506     
 DEBUG T iter         400 min   299.99999999999739      max   300.00000000000500     
   SIMPLE iter         400  res_p=  0.60981903502449308       u(1,1,1)=  -4.5762905365672015E-003  p(1,1,1)=   81983247.741505235     
 DEBUG T iter         450 min   299.99999999999721      max   300.00000000000500     
 DEBUG T iter         500 min   299.99999999999739      max   300.00000000000500     
   SIMPLE iter         500  res_p=  0.60980561056385751       u(1,1,1)=  -4.5763248935603911E-003  p(1,1,1)=   81983241.136661112     
 DEBUG T iter         550 min   299.99999999999716      max   300.00000000000477     
 DEBUG T iter         600 min   299.99999999999733      max   300.00000000000489     
   SIMPLE iter         600  res_p=  0.60980253559764330       u(1,1,1)=  -4.5763327984384957E-003  p(1,1,1)=   81983239.624659121     
 DEBUG T iter         650 min   299.99999999999721      max   300.00000000000483     
 DEBUG T iter         700 min   299.99999999999721      max   300.00000000000483     
   SIMPLE iter         700  res_p=  0.60980183131660592       u(1,1,1)=  -4.5763346130394088E-003  p(1,1,1)=   81983239.278533846     
 DEBUG T iter         750 min   299.99999999999716      max   300.00000000000472     
 DEBUG T iter         800 min   299.99999999999699      max   300.00000000000483     
   SIMPLE iter         800  res_p=  0.60980167002016372       u(1,1,1)=  -4.5763350302401159E-003  p(1,1,1)=   81983239.199300125     
 DEBUG T iter         850 min   299.99999999999710      max   300.00000000000489     
 DEBUG T iter         900 min   299.99999999999739      max   300.00000000000495     
   SIMPLE iter         900  res_p=  0.60980163308129542       u(1,1,1)=  -4.5763351273147316E-003  p(1,1,1)=   81983239.181162283     
 DEBUG T iter         950 min   299.99999999999710      max   300.00000000000460     
 DEBUG T iter        1000 min   299.99999999999699      max   300.00000000000460     
   SIMPLE iter        1000  res_p=  0.60980162462214615       u(1,1,1)=  -4.5763351464191407E-003  p(1,1,1)=   81983239.177010238     
 DEBUG T iter        1050 min   299.99999999999739      max   300.00000000000472     
 DEBUG T iter        1100 min   299.99999999999710      max   300.00000000000495     
   SIMPLE iter        1100  res_p=  0.60980162268503035       u(1,1,1)=  -4.5763351505147421E-003  p(1,1,1)=   81983239.176059768     
 DEBUG T iter        1150 min   299.99999999999704      max   300.00000000000472     
 DEBUG T iter        1200 min   299.99999999999727      max   300.00000000000460     
   SIMPLE iter        1200  res_p=  0.60980162224145040       u(1,1,1)=  -4.5763351562693273E-003  p(1,1,1)=   81983239.175842211     
 DEBUG T iter        1250 min   299.99999999999727      max   300.00000000000477     
 DEBUG T iter        1300 min   299.99999999999710      max   300.00000000000477     
   SIMPLE iter        1300  res_p=  0.60980162213988209       u(1,1,1)=  -4.5763351537843264E-003  p(1,1,1)=   81983239.175792381     
 DEBUG T iter        1350 min   299.99999999999710      max   300.00000000000517     
 DEBUG T iter        1400 min   299.99999999999716      max   300.00000000000495     
   SIMPLE iter        1400  res_p=  0.60980162211664646       u(1,1,1)=  -4.5763351533073303E-003  p(1,1,1)=   81983239.175780997     
 DEBUG T iter        1450 min   299.99999999999716      max   300.00000000000489     
 DEBUG T iter        1500 min   299.99999999999693      max   300.00000000000483     
   SIMPLE iter        1500  res_p=  0.60980162211138333       u(1,1,1)=  -4.5763351507470970E-003  p(1,1,1)=   81983239.175778389     
 Porous solver Block           2  SIMPLE iterations:        1501  res_p:  0.60980162211138333     
 --------------Force and Moment -----------------------------
 Total Force Coefficient (CL, CD, CS) =
   0.0000000000000000        11.066477249521995        0.0000000000000000     
 Total Moment Coefficient(CMx, CMy, CMz)=
   0.0000000000000000        5.5332386247609975        3.8523964054490989E-003
 Kstep, t=          79   79.000000000000000     
 ----------The Max Residuals are--------  ---Mesh---           1
    0.2099157561E-10    0.3825530802E-11    0.5099547629E-12    0.1402898319E-20    0.7479495998E-11
   The R.M.S Residuals are 
    0.2187630648E-11    0.2999214513E-12    0.3344797594E-13    0.2246476622E-21    0.8091570173E-12
 CPU wall time in this step:   6.1870024510000121     
 Averaged CPU wall time is:   6.8994038349493669     
   DBG iter           1  maxU2=   2.6257461047686032E-002  maxFi=   6.9947473545748234E-006  maxFj=  0.40232119052907095       Fi(21,1,1)=  -4.0392779819984419E-007  Fi(21,21,1)=   0.0000000000000000       Fi(41,21,1)=   0.0000000000000000     
   DBG div max=  0.52753236129196834       res_p=  0.52753236129196834     
   SIMPLE iter           1  res_p=  0.52753236129196834       u(1,1,1)=  -6.3512930796486245E-003  p(1,1,1)=   81985933.384582266     
   DBG iter           2  maxU2=   2.6257461047686032E-002  maxFi=   9.4351495848545368E-006  maxFj=  0.58557735529359578       Fi(21,1,1)=  -4.0653615587091283E-007  Fi(21,21,1)=   0.0000000000000000       Fi(41,21,1)=   0.0000000000000000     
   DBG div max=  0.60434899159997180       res_p=  0.60434899159997180     
   SIMPLE iter           2  res_p=  0.60434899159997180       u(1,1,1)=  -4.9423492619302921E-003  p(1,1,1)=   81986981.388199627     
   DBG iter           3  maxU2=   1.7831235961061939E-002  maxFi=   8.9752722645839941E-006  maxFj=  0.58695702641739522       Fi(21,1,1)=  -4.0748688935825735E-007  Fi(21,21,1)=   0.0000000000000000       Fi(41,21,1)=   0.0000000000000000     
   DBG div max=  0.58695689909424864       res_p=  0.58695689909424864     
   SIMPLE iter           3  res_p=  0.58695689909424864       u(1,1,1)=  -3.9946781732461602E-003  p(1,1,1)=   81986279.539459005     
   SIMPLE iter           4  res_p=  0.58621500560018713       u(1,1,1)=  -4.3792416590690084E-003  p(1,1,1)=   81986049.124062195     
   SIMPLE iter           5  res_p=  0.59340936031358027       u(1,1,1)=  -4.5148722623685788E-003  p(1,1,1)=   81985991.437289760     
 DEBUG T iter          50 min   299.99999999999761      max   300.00000000000421     
 DEBUG T iter         100 min   299.99999999999710      max   300.00000000000472     
   SIMPLE iter         100  res_p=  0.61124865601494172       u(1,1,1)=  -4.5728604989402864E-003  p(1,1,1)=   81983952.890854597     
 DEBUG T iter         150 min   299.99999999999716      max   300.00000000000512     
 DEBUG T iter         200 min   299.99999999999727      max   300.00000000000477     
   SIMPLE iter         200  res_p=  0.61013336556506070       u(1,1,1)=  -4.5755033959552901E-003  p(1,1,1)=   81983402.605868429     
 DEBUG T iter         250 min   299.99999999999716      max   300.00000000000472     
 DEBUG T iter         300 min   299.99999999999739      max   300.00000000000495     
   SIMPLE iter         300  res_p=  0.60987763462021627       u(1,1,1)=  -4.5761417890331198E-003  p(1,1,1)=   81983276.592217505     
 DEBUG T iter         350 min   299.99999999999727      max   300.00000000000477     
 DEBUG T iter         400 min   299.99999999999721      max   300.00000000000483     
   SIMPLE iter         400  res_p=  0.60981903502448342       u(1,1,1)=  -4.5762905371299041E-003  p(1,1,1)=   81983247.741505295     
 DEBUG T iter         450 min   299.99999999999693      max   300.00000000000489     
 DEBUG T iter         500 min   299.99999999999710      max   300.00000000000483     
   SIMPLE iter         500  res_p=  0.60980561056384253       u(1,1,1)=  -4.5763248960269017E-003  p(1,1,1)=   81983241.136661157     
 DEBUG T iter         550 min   299.99999999999704      max   300.00000000000466     
 DEBUG T iter         600 min   299.99999999999739      max   300.00000000000495     
   SIMPLE iter         600  res_p=  0.60980253559764086       u(1,1,1)=  -4.5763328001997778E-003  p(1,1,1)=   81983239.624659181     
 DEBUG T iter         650 min   299.99999999999721      max   300.00000000000506     
 DEBUG T iter         700 min   299.99999999999739      max   300.00000000000472     
   SIMPLE iter         700  res_p=  0.60980183131660537       u(1,1,1)=  -4.5763346138238724E-003  p(1,1,1)=   81983239.278533891     
 DEBUG T iter         750 min   299.99999999999727      max   300.00000000000483     
 DEBUG T iter         800 min   299.99999999999727      max   300.00000000000483     
   SIMPLE iter         800  res_p=  0.60980167002014574       u(1,1,1)=  -4.5763350305371622E-003  p(1,1,1)=   81983239.199300185     
 DEBUG T iter         850 min   299.99999999999721      max   300.00000000000483     
 DEBUG T iter         900 min   299.99999999999721      max   300.00000000000489     
   SIMPLE iter         900  res_p=  0.60980163308128110       u(1,1,1)=  -4.5763351290731670E-003  p(1,1,1)=   81983239.181162342     
 DEBUG T iter         950 min   299.99999999999710      max   300.00000000000483     
 DEBUG T iter        1000 min   299.99999999999733      max   300.00000000000483     
   SIMPLE iter        1000  res_p=  0.60980162462214083       u(1,1,1)=  -4.5763351472609343E-003  p(1,1,1)=   81983239.177010283     
 DEBUG T iter        1050 min   299.99999999999744      max   300.00000000000472     
 DEBUG T iter        1100 min   299.99999999999727      max   300.00000000000495     
   SIMPLE iter        1100  res_p=  0.60980162268501115       u(1,1,1)=  -4.5763351536914224E-003  p(1,1,1)=   81983239.176059827     
 DEBUG T iter        1150 min   299.99999999999710      max   300.00000000000489     
 DEBUG T iter        1200 min   299.99999999999716      max   300.00000000000489     
   SIMPLE iter        1200  res_p=  0.60980162224144863       u(1,1,1)=  -4.5763351533795503E-003  p(1,1,1)=   81983239.175842270     
 DEBUG T iter        1250 min   299.99999999999739      max   300.00000000000506     
 DEBUG T iter        1300 min   299.99999999999744      max   300.00000000000472     
   SIMPLE iter        1300  res_p=  0.60980162213986644       u(1,1,1)=  -4.5763351534796734E-003  p(1,1,1)=   81983239.175792426     
 DEBUG T iter        1350 min   299.99999999999716      max   300.00000000000506     
 DEBUG T iter        1400 min   299.99999999999727      max   300.00000000000489     
   SIMPLE iter        1400  res_p=  0.60980162211662725       u(1,1,1)=  -4.5763351505987860E-003  p(1,1,1)=   81983239.175781041     
 DEBUG T iter        1450 min   299.99999999999716      max   300.00000000000483     
 DEBUG T iter        1500 min   299.99999999999721      max   300.00000000000466     
   SIMPLE iter        1500  res_p=  0.60980162211136835       u(1,1,1)=  -4.5763351541299700E-003  p(1,1,1)=   81983239.175778449     
 Porous solver Block           2  SIMPLE iterations:        1501  res_p:  0.60980162211136835     
 --------------Force and Moment -----------------------------
 Total Force Coefficient (CL, CD, CS) =
   0.0000000000000000        11.066477248095907        0.0000000000000000     
 Total Moment Coefficient(CMx, CMy, CMz)=
   0.0000000000000000        5.5332386240479536        3.8523964048948756E-003
 Kstep, t=          80   80.000000000000000     
 ----------The Max Residuals are--------  ---Mesh---           1
    0.2088714330E-10    0.3808546452E-11    0.5107971338E-12    0.1085260964E-20    0.7438051838E-11
   The R.M.S Residuals are 
    0.2175365656E-11    0.2982532205E-12    0.3307658105E-13    0.2375676544E-21    0.8042677819E-12
 write flow3d.dat ......
 write flow3d.dat OK
 Output Ts to Ts_block_2.dat
 write VTK files ......
 write VTK files OK
