# vtk DataFile Version 3.0
OpenCFD-EC solid temperature
ASCII
DATASET STRUCTURED_GRID
DIMENSIONS    121    17     2
POINTS         4114 double
    0.000000000000000E+00   -1.000000000000000E-02    0.000000000000000E+00
    4.166666666666667E-03   -1.000000000000000E-02    0.000000000000000E+00
    8.333333333333333E-03   -1.000000000000000E-02    0.000000000000000E+00
    1.250000000000000E-02   -1.000000000000000E-02    0.000000000000000E+00
    1.666666666666667E-02   -1.000000000000000E-02    0.000000000000000E+00
    2.083333333333333E-02   -1.000000000000000E-02    0.000000000000000E+00
    2.500000000000000E-02   -1.000000000000000E-02    0.000000000000000E+00
    2.916666666666667E-02   -1.000000000000000E-02    0.000000000000000E+00
    3.333333333333333E-02   -1.000000000000000E-02    0.000000000000000E+00
    3.750000000000000E-02   -1.000000000000000E-02    0.000000000000000E+00
    4.166666666666666E-02   -1.000000000000000E-02    0.000000000000000E+00
    4.583333333333333E-02   -1.000000000000000E-02    0.000000000000000E+00
    5.000000000000000E-02   -1.000000000000000E-02    0.000000000000000E+00
    5.416666666666667E-02   -1.000000000000000E-02    0.000000000000000E+00
    5.833333333333333E-02   -1.000000000000000E-02    0.000000000000000E+00
    6.250000000000000E-02   -1.000000000000000E-02    0.000000000000000E+00
    6.666666666666667E-02   -1.000000000000000E-02    0.000000000000000E+00
    7.083333333333333E-02   -1.000000000000000E-02    0.000000000000000E+00
    7.500000000000000E-02   -1.000000000000000E-02    0.000000000000000E+00
    7.916666666666666E-02   -1.000000000000000E-02    0.000000000000000E+00
    8.333333333333333E-02   -1.000000000000000E-02    0.000000000000000E+00
    8.749999999999999E-02   -1.000000000000000E-02    0.000000000000000E+00
    9.166666666666666E-02   -1.000000000000000E-02    0.000000000000000E+00
    9.583333333333333E-02   -1.000000000000000E-02    0.000000000000000E+00
    1.000000000000000E-01   -1.000000000000000E-02    0.000000000000000E+00
    1.041666666666667E-01   -1.000000000000000E-02    0.000000000000000E+00
    1.083333333333333E-01   -1.000000000000000E-02    0.000000000000000E+00
    1.125000000000000E-01   -1.000000000000000E-02    0.000000000000000E+00
    1.166666666666667E-01   -1.000000000000000E-02    0.000000000000000E+00
    1.208333333333333E-01   -1.000000000000000E-02    0.000000000000000E+00
    1.250000000000000E-01   -1.000000000000000E-02    0.000000000000000E+00
    1.291666666666667E-01   -1.000000000000000E-02    0.000000000000000E+00
    1.333333333333333E-01   -1.000000000000000E-02    0.000000000000000E+00
    1.375000000000000E-01   -1.000000000000000E-02    0.000000000000000E+00
    1.416666666666667E-01   -1.000000000000000E-02    0.000000000000000E+00
    1.458333333333333E-01   -1.000000000000000E-02    0.000000000000000E+00
    1.500000000000000E-01   -1.000000000000000E-02    0.000000000000000E+00
    1.541666666666667E-01   -1.000000000000000E-02    0.000000000000000E+00
    1.583333333333333E-01   -1.000000000000000E-02    0.000000000000000E+00
    1.625000000000000E-01   -1.000000000000000E-02    0.000000000000000E+00
    1.666666666666667E-01   -1.000000000000000E-02    0.000000000000000E+00
    1.708333333333333E-01   -1.000000000000000E-02    0.000000000000000E+00
    1.750000000000000E-01   -1.000000000000000E-02    0.000000000000000E+00
    1.791666666666667E-01   -1.000000000000000E-02    0.000000000000000E+00
    1.833333333333333E-01   -1.000000000000000E-02    0.000000000000000E+00
    1.875000000000000E-01   -1.000000000000000E-02    0.000000000000000E+00
    1.916666666666667E-01   -1.000000000000000E-02    0.000000000000000E+00
    1.958333333333333E-01   -1.000000000000000E-02    0.000000000000000E+00
    2.000000000000000E-01   -1.000000000000000E-02    0.000000000000000E+00
    2.041666666666667E-01   -1.000000000000000E-02    0.000000000000000E+00
    2.083333333333333E-01   -1.000000000000000E-02    0.000000000000000E+00
    2.125000000000000E-01   -1.000000000000000E-02    0.000000000000000E+00
    2.166666666666667E-01   -1.000000000000000E-02    0.000000000000000E+00
    2.208333333333333E-01   -1.000000000000000E-02    0.000000000000000E+00
    2.250000000000000E-01   -1.000000000000000E-02    0.000000000000000E+00
    2.291666666666667E-01   -1.000000000000000E-02    0.000000000000000E+00
    2.333333333333333E-01   -1.000000000000000E-02    0.000000000000000E+00
    2.375000000000000E-01   -1.000000000000000E-02    0.000000000000000E+00
    2.416666666666667E-01   -1.000000000000000E-02    0.000000000000000E+00
    2.458333333333333E-01   -1.000000000000000E-02    0.000000000000000E+00
    2.500000000000000E-01   -1.000000000000000E-02    0.000000000000000E+00
    2.541666666666667E-01   -1.000000000000000E-02    0.000000000000000E+00
    2.583333333333333E-01   -1.000000000000000E-02    0.000000000000000E+00
    2.625000000000000E-01   -1.000000000000000E-02    0.000000000000000E+00
    2.666666666666667E-01   -1.000000000000000E-02    0.000000000000000E+00
    2.708333333333333E-01   -1.000000000000000E-02    0.000000000000000E+00
    2.750000000000000E-01   -1.000000000000000E-02    0.000000000000000E+00
    2.791666666666667E-01   -1.000000000000000E-02    0.000000000000000E+00
    2.833333333333333E-01   -1.000000000000000E-02    0.000000000000000E+00
    2.875000000000000E-01   -1.000000000000000E-02    0.000000000000000E+00
    2.916666666666667E-01   -1.000000000000000E-02    0.000000000000000E+00
    2.958333333333333E-01   -1.000000000000000E-02    0.000000000000000E+00
    3.000000000000000E-01   -1.000000000000000E-02    0.000000000000000E+00
    3.041666666666666E-01   -1.000000000000000E-02    0.000000000000000E+00
    3.083333333333333E-01   -1.000000000000000E-02    0.000000000000000E+00
    3.125000000000000E-01   -1.000000000000000E-02    0.000000000000000E+00
    3.166666666666667E-01   -1.000000000000000E-02    0.000000000000000E+00
    3.208333333333333E-01   -1.000000000000000E-02    0.000000000000000E+00
    3.250000000000000E-01   -1.000000000000000E-02    0.000000000000000E+00
    3.291666666666667E-01   -1.000000000000000E-02    0.000000000000000E+00
    3.333333333333333E-01   -1.000000000000000E-02    0.000000000000000E+00
    3.375000000000000E-01   -1.000000000000000E-02    0.000000000000000E+00
    3.416666666666667E-01   -1.000000000000000E-02    0.000000000000000E+00
    3.458333333333333E-01   -1.000000000000000E-02    0.000000000000000E+00
    3.500000000000000E-01   -1.000000000000000E-02    0.000000000000000E+00
    3.541666666666667E-01   -1.000000000000000E-02    0.000000000000000E+00
    3.583333333333333E-01   -1.000000000000000E-02    0.000000000000000E+00
    3.625000000000000E-01   -1.000000000000000E-02    0.000000000000000E+00
    3.666666666666666E-01   -1.000000000000000E-02    0.000000000000000E+00
    3.708333333333333E-01   -1.000000000000000E-02    0.000000000000000E+00
    3.750000000000000E-01   -1.000000000000000E-02    0.000000000000000E+00
    3.791666666666667E-01   -1.000000000000000E-02    0.000000000000000E+00
    3.833333333333333E-01   -1.000000000000000E-02    0.000000000000000E+00
    3.875000000000000E-01   -1.000000000000000E-02    0.000000000000000E+00
    3.916666666666667E-01   -1.000000000000000E-02    0.000000000000000E+00
    3.958333333333333E-01   -1.000000000000000E-02    0.000000000000000E+00
    4.000000000000000E-01   -1.000000000000000E-02    0.000000000000000E+00
    4.041666666666667E-01   -1.000000000000000E-02    0.000000000000000E+00
    4.083333333333333E-01   -1.000000000000000E-02    0.000000000000000E+00
    4.125000000000000E-01   -1.000000000000000E-02    0.000000000000000E+00
    4.166666666666667E-01   -1.000000000000000E-02    0.000000000000000E+00
    4.208333333333333E-01   -1.000000000000000E-02    0.000000000000000E+00
    4.250000000000000E-01   -1.000000000000000E-02    0.000000000000000E+00
    4.291666666666666E-01   -1.000000000000000E-02    0.000000000000000E+00
    4.333333333333333E-01   -1.000000000000000E-02    0.000000000000000E+00
    4.375000000000000E-01   -1.000000000000000E-02    0.000000000000000E+00
    4.416666666666667E-01   -1.000000000000000E-02    0.000000000000000E+00
    4.458333333333333E-01   -1.000000000000000E-02    0.000000000000000E+00
    4.500000000000000E-01   -1.000000000000000E-02    0.000000000000000E+00
    4.541666666666667E-01   -1.000000000000000E-02    0.000000000000000E+00
    4.583333333333333E-01   -1.000000000000000E-02    0.000000000000000E+00
    4.625000000000000E-01   -1.000000000000000E-02    0.000000000000000E+00
    4.666666666666667E-01   -1.000000000000000E-02    0.000000000000000E+00
    4.708333333333333E-01   -1.000000000000000E-02    0.000000000000000E+00
    4.750000000000000E-01   -1.000000000000000E-02    0.000000000000000E+00
    4.791666666666667E-01   -1.000000000000000E-02    0.000000000000000E+00
    4.833333333333333E-01   -1.000000000000000E-02    0.000000000000000E+00
    4.875000000000000E-01   -1.000000000000000E-02    0.000000000000000E+00
    4.916666666666666E-01   -1.000000000000000E-02    0.000000000000000E+00
    4.958333333333333E-01   -1.000000000000000E-02    0.000000000000000E+00
    5.000000000000000E-01   -1.000000000000000E-02    0.000000000000000E+00
    0.000000000000000E+00   -9.375000000000000E-03    0.000000000000000E+00
    4.166666666666667E-03   -9.375000000000000E-03    0.000000000000000E+00
    8.333333333333333E-03   -9.375000000000000E-03    0.000000000000000E+00
    1.250000000000000E-02   -9.375000000000000E-03    0.000000000000000E+00
    1.666666666666667E-02   -9.375000000000000E-03    0.000000000000000E+00
    2.083333333333333E-02   -9.375000000000000E-03    0.000000000000000E+00
    2.500000000000000E-02   -9.375000000000000E-03    0.000000000000000E+00
    2.916666666666667E-02   -9.375000000000000E-03    0.000000000000000E+00
    3.333333333333333E-02   -9.375000000000000E-03    0.000000000000000E+00
    3.750000000000000E-02   -9.375000000000000E-03    0.000000000000000E+00
    4.166666666666666E-02   -9.375000000000000E-03    0.000000000000000E+00
    4.583333333333333E-02   -9.375000000000000E-03    0.000000000000000E+00
    5.000000000000000E-02   -9.375000000000000E-03    0.000000000000000E+00
    5.416666666666667E-02   -9.375000000000000E-03    0.000000000000000E+00
    5.833333333333333E-02   -9.375000000000000E-03    0.000000000000000E+00
    6.250000000000000E-02   -9.375000000000000E-03    0.000000000000000E+00
    6.666666666666667E-02   -9.375000000000000E-03    0.000000000000000E+00
    7.083333333333333E-02   -9.375000000000000E-03    0.000000000000000E+00
    7.500000000000000E-02   -9.375000000000000E-03    0.000000000000000E+00
    7.916666666666666E-02   -9.375000000000000E-03    0.000000000000000E+00
    8.333333333333333E-02   -9.375000000000000E-03    0.000000000000000E+00
    8.749999999999999E-02   -9.375000000000000E-03    0.000000000000000E+00
    9.166666666666666E-02   -9.375000000000000E-03    0.000000000000000E+00
    9.583333333333333E-02   -9.375000000000000E-03    0.000000000000000E+00
    1.000000000000000E-01   -9.375000000000000E-03    0.000000000000000E+00
    1.041666666666667E-01   -9.375000000000000E-03    0.000000000000000E+00
    1.083333333333333E-01   -9.375000000000000E-03    0.000000000000000E+00
    1.125000000000000E-01   -9.375000000000000E-03    0.000000000000000E+00
    1.166666666666667E-01   -9.375000000000000E-03    0.000000000000000E+00
    1.208333333333333E-01   -9.375000000000000E-03    0.000000000000000E+00
    1.250000000000000E-01   -9.375000000000000E-03    0.000000000000000E+00
    1.291666666666667E-01   -9.375000000000000E-03    0.000000000000000E+00
    1.333333333333333E-01   -9.375000000000000E-03    0.000000000000000E+00
    1.375000000000000E-01   -9.375000000000000E-03    0.000000000000000E+00
    1.416666666666667E-01   -9.375000000000000E-03    0.000000000000000E+00
    1.458333333333333E-01   -9.375000000000000E-03    0.000000000000000E+00
    1.500000000000000E-01   -9.375000000000000E-03    0.000000000000000E+00
    1.541666666666667E-01   -9.375000000000000E-03    0.000000000000000E+00
    1.583333333333333E-01   -9.375000000000000E-03    0.000000000000000E+00
    1.625000000000000E-01   -9.375000000000000E-03    0.000000000000000E+00
    1.666666666666667E-01   -9.375000000000000E-03    0.000000000000000E+00
    1.708333333333333E-01   -9.375000000000000E-03    0.000000000000000E+00
    1.750000000000000E-01   -9.375000000000000E-03    0.000000000000000E+00
    1.791666666666667E-01   -9.375000000000000E-03    0.000000000000000E+00
    1.833333333333333E-01   -9.375000000000000E-03    0.000000000000000E+00
    1.875000000000000E-01   -9.375000000000000E-03    0.000000000000000E+00
    1.916666666666667E-01   -9.375000000000000E-03    0.000000000000000E+00
    1.958333333333333E-01   -9.375000000000000E-03    0.000000000000000E+00
    2.000000000000000E-01   -9.375000000000000E-03    0.000000000000000E+00
    2.041666666666667E-01   -9.375000000000000E-03    0.000000000000000E+00
    2.083333333333333E-01   -9.375000000000000E-03    0.000000000000000E+00
    2.125000000000000E-01   -9.375000000000000E-03    0.000000000000000E+00
    2.166666666666667E-01   -9.375000000000000E-03    0.000000000000000E+00
    2.208333333333333E-01   -9.375000000000000E-03    0.000000000000000E+00
    2.250000000000000E-01   -9.375000000000000E-03    0.000000000000000E+00
    2.291666666666667E-01   -9.375000000000000E-03    0.000000000000000E+00
    2.333333333333333E-01   -9.375000000000000E-03    0.000000000000000E+00
    2.375000000000000E-01   -9.375000000000000E-03    0.000000000000000E+00
    2.416666666666667E-01   -9.375000000000000E-03    0.000000000000000E+00
    2.458333333333333E-01   -9.375000000000000E-03    0.000000000000000E+00
    2.500000000000000E-01   -9.375000000000000E-03    0.000000000000000E+00
    2.541666666666667E-01   -9.375000000000000E-03    0.000000000000000E+00
    2.583333333333333E-01   -9.375000000000000E-03    0.000000000000000E+00
    2.625000000000000E-01   -9.375000000000000E-03    0.000000000000000E+00
    2.666666666666667E-01   -9.375000000000000E-03    0.000000000000000E+00
    2.708333333333333E-01   -9.375000000000000E-03    0.000000000000000E+00
    2.750000000000000E-01   -9.375000000000000E-03    0.000000000000000E+00
    2.791666666666667E-01   -9.375000000000000E-03    0.000000000000000E+00
    2.833333333333333E-01   -9.375000000000000E-03    0.000000000000000E+00
    2.875000000000000E-01   -9.375000000000000E-03    0.000000000000000E+00
    2.916666666666667E-01   -9.375000000000000E-03    0.000000000000000E+00
    2.958333333333333E-01   -9.375000000000000E-03    0.000000000000000E+00
    3.000000000000000E-01   -9.375000000000000E-03    0.000000000000000E+00
    3.041666666666666E-01   -9.375000000000000E-03    0.000000000000000E+00
    3.083333333333333E-01   -9.375000000000000E-03    0.000000000000000E+00
    3.125000000000000E-01   -9.375000000000000E-03    0.000000000000000E+00
    3.166666666666667E-01   -9.375000000000000E-03    0.000000000000000E+00
    3.208333333333333E-01   -9.375000000000000E-03    0.000000000000000E+00
    3.250000000000000E-01   -9.375000000000000E-03    0.000000000000000E+00
    3.291666666666667E-01   -9.375000000000000E-03    0.000000000000000E+00
    3.333333333333333E-01   -9.375000000000000E-03    0.000000000000000E+00
    3.375000000000000E-01   -9.375000000000000E-03    0.000000000000000E+00
    3.416666666666667E-01   -9.375000000000000E-03    0.000000000000000E+00
    3.458333333333333E-01   -9.375000000000000E-03    0.000000000000000E+00
    3.500000000000000E-01   -9.375000000000000E-03    0.000000000000000E+00
    3.541666666666667E-01   -9.375000000000000E-03    0.000000000000000E+00
    3.583333333333333E-01   -9.375000000000000E-03    0.000000000000000E+00
    3.625000000000000E-01   -9.375000000000000E-03    0.000000000000000E+00
    3.666666666666666E-01   -9.375000000000000E-03    0.000000000000000E+00
    3.708333333333333E-01   -9.375000000000000E-03    0.000000000000000E+00
    3.750000000000000E-01   -9.375000000000000E-03    0.000000000000000E+00
    3.791666666666667E-01   -9.375000000000000E-03    0.000000000000000E+00
    3.833333333333333E-01   -9.375000000000000E-03    0.000000000000000E+00
    3.875000000000000E-01   -9.375000000000000E-03    0.000000000000000E+00
    3.916666666666667E-01   -9.375000000000000E-03    0.000000000000000E+00
    3.958333333333333E-01   -9.375000000000000E-03    0.000000000000000E+00
    4.000000000000000E-01   -9.375000000000000E-03    0.000000000000000E+00
    4.041666666666667E-01   -9.375000000000000E-03    0.000000000000000E+00
    4.083333333333333E-01   -9.375000000000000E-03    0.000000000000000E+00
    4.125000000000000E-01   -9.375000000000000E-03    0.000000000000000E+00
    4.166666666666667E-01   -9.375000000000000E-03    0.000000000000000E+00
    4.208333333333333E-01   -9.375000000000000E-03    0.000000000000000E+00
    4.250000000000000E-01   -9.375000000000000E-03    0.000000000000000E+00
    4.291666666666666E-01   -9.375000000000000E-03    0.000000000000000E+00
    4.333333333333333E-01   -9.375000000000000E-03    0.000000000000000E+00
    4.375000000000000E-01   -9.375000000000000E-03    0.000000000000000E+00
    4.416666666666667E-01   -9.375000000000000E-03    0.000000000000000E+00
    4.458333333333333E-01   -9.375000000000000E-03    0.000000000000000E+00
    4.500000000000000E-01   -9.375000000000000E-03    0.000000000000000E+00
    4.541666666666667E-01   -9.375000000000000E-03    0.000000000000000E+00
    4.583333333333333E-01   -9.375000000000000E-03    0.000000000000000E+00
    4.625000000000000E-01   -9.375000000000000E-03    0.000000000000000E+00
    4.666666666666667E-01   -9.375000000000000E-03    0.000000000000000E+00
    4.708333333333333E-01   -9.375000000000000E-03    0.000000000000000E+00
    4.750000000000000E-01   -9.375000000000000E-03    0.000000000000000E+00
    4.791666666666667E-01   -9.375000000000000E-03    0.000000000000000E+00
    4.833333333333333E-01   -9.375000000000000E-03    0.000000000000000E+00
    4.875000000000000E-01   -9.375000000000000E-03    0.000000000000000E+00
    4.916666666666666E-01   -9.375000000000000E-03    0.000000000000000E+00
    4.958333333333333E-01   -9.375000000000000E-03    0.000000000000000E+00
    5.000000000000000E-01   -9.375000000000000E-03    0.000000000000000E+00
    0.000000000000000E+00   -8.750000000000001E-03    0.000000000000000E+00
    4.166666666666667E-03   -8.750000000000001E-03    0.000000000000000E+00
    8.333333333333333E-03   -8.750000000000001E-03    0.000000000000000E+00
    1.250000000000000E-02   -8.750000000000001E-03    0.000000000000000E+00
    1.666666666666667E-02   -8.750000000000001E-03    0.000000000000000E+00
    2.083333333333333E-02   -8.750000000000001E-03    0.000000000000000E+00
    2.500000000000000E-02   -8.750000000000001E-03    0.000000000000000E+00
    2.916666666666667E-02   -8.750000000000001E-03    0.000000000000000E+00
    3.333333333333333E-02   -8.750000000000001E-03    0.000000000000000E+00
    3.750000000000000E-02   -8.750000000000001E-03    0.000000000000000E+00
    4.166666666666666E-02   -8.750000000000001E-03    0.000000000000000E+00
    4.583333333333333E-02   -8.750000000000001E-03    0.000000000000000E+00
    5.000000000000000E-02   -8.750000000000001E-03    0.000000000000000E+00
    5.416666666666667E-02   -8.750000000000001E-03    0.000000000000000E+00
    5.833333333333333E-02   -8.750000000000001E-03    0.000000000000000E+00
    6.250000000000000E-02   -8.750000000000001E-03    0.000000000000000E+00
    6.666666666666667E-02   -8.750000000000001E-03    0.000000000000000E+00
    7.083333333333333E-02   -8.750000000000001E-03    0.000000000000000E+00
    7.500000000000000E-02   -8.750000000000001E-03    0.000000000000000E+00
    7.916666666666666E-02   -8.750000000000001E-03    0.000000000000000E+00
    8.333333333333333E-02   -8.750000000000001E-03    0.000000000000000E+00
    8.749999999999999E-02   -8.750000000000001E-03    0.000000000000000E+00
    9.166666666666666E-02   -8.750000000000001E-03    0.000000000000000E+00
    9.583333333333333E-02   -8.750000000000001E-03    0.000000000000000E+00
    1.000000000000000E-01   -8.750000000000001E-03    0.000000000000000E+00
    1.041666666666667E-01   -8.750000000000001E-03    0.000000000000000E+00
    1.083333333333333E-01   -8.750000000000001E-03    0.000000000000000E+00
    1.125000000000000E-01   -8.750000000000001E-03    0.000000000000000E+00
    1.166666666666667E-01   -8.750000000000001E-03    0.000000000000000E+00
    1.208333333333333E-01   -8.750000000000001E-03    0.000000000000000E+00
    1.250000000000000E-01   -8.750000000000001E-03    0.000000000000000E+00
    1.291666666666667E-01   -8.750000000000001E-03    0.000000000000000E+00
    1.333333333333333E-01   -8.750000000000001E-03    0.000000000000000E+00
    1.375000000000000E-01   -8.750000000000001E-03    0.000000000000000E+00
    1.416666666666667E-01   -8.750000000000001E-03    0.000000000000000E+00
    1.458333333333333E-01   -8.750000000000001E-03    0.000000000000000E+00
    1.500000000000000E-01   -8.750000000000001E-03    0.000000000000000E+00
    1.541666666666667E-01   -8.750000000000001E-03    0.000000000000000E+00
    1.583333333333333E-01   -8.750000000000001E-03    0.000000000000000E+00
    1.625000000000000E-01   -8.750000000000001E-03    0.000000000000000E+00
    1.666666666666667E-01   -8.750000000000001E-03    0.000000000000000E+00
    1.708333333333333E-01   -8.750000000000001E-03    0.000000000000000E+00
    1.750000000000000E-01   -8.750000000000001E-03    0.000000000000000E+00
    1.791666666666667E-01   -8.750000000000001E-03    0.000000000000000E+00
    1.833333333333333E-01   -8.750000000000001E-03    0.000000000000000E+00
    1.875000000000000E-01   -8.750000000000001E-03    0.000000000000000E+00
    1.916666666666667E-01   -8.750000000000001E-03    0.000000000000000E+00
    1.958333333333333E-01   -8.750000000000001E-03    0.000000000000000E+00
    2.000000000000000E-01   -8.750000000000001E-03    0.000000000000000E+00
    2.041666666666667E-01   -8.750000000000001E-03    0.000000000000000E+00
    2.083333333333333E-01   -8.750000000000001E-03    0.000000000000000E+00
    2.125000000000000E-01   -8.750000000000001E-03    0.000000000000000E+00
    2.166666666666667E-01   -8.750000000000001E-03    0.000000000000000E+00
    2.208333333333333E-01   -8.750000000000001E-03    0.000000000000000E+00
    2.250000000000000E-01   -8.750000000000001E-03    0.000000000000000E+00
    2.291666666666667E-01   -8.750000000000001E-03    0.000000000000000E+00
    2.333333333333333E-01   -8.750000000000001E-03    0.000000000000000E+00
    2.375000000000000E-01   -8.750000000000001E-03    0.000000000000000E+00
    2.416666666666667E-01   -8.750000000000001E-03    0.000000000000000E+00
    2.458333333333333E-01   -8.750000000000001E-03    0.000000000000000E+00
    2.500000000000000E-01   -8.750000000000001E-03    0.000000000000000E+00
    2.541666666666667E-01   -8.750000000000001E-03    0.000000000000000E+00
    2.583333333333333E-01   -8.750000000000001E-03    0.000000000000000E+00
    2.625000000000000E-01   -8.750000000000001E-03    0.000000000000000E+00
    2.666666666666667E-01   -8.750000000000001E-03    0.000000000000000E+00
    2.708333333333333E-01   -8.750000000000001E-03    0.000000000000000E+00
    2.750000000000000E-01   -8.750000000000001E-03    0.000000000000000E+00
    2.791666666666667E-01   -8.750000000000001E-03    0.000000000000000E+00
    2.833333333333333E-01   -8.750000000000001E-03    0.000000000000000E+00
    2.875000000000000E-01   -8.750000000000001E-03    0.000000000000000E+00
    2.916666666666667E-01   -8.750000000000001E-03    0.000000000000000E+00
    2.958333333333333E-01   -8.750000000000001E-03    0.000000000000000E+00
    3.000000000000000E-01   -8.750000000000001E-03    0.000000000000000E+00
    3.041666666666666E-01   -8.750000000000001E-03    0.000000000000000E+00
    3.083333333333333E-01   -8.750000000000001E-03    0.000000000000000E+00
    3.125000000000000E-01   -8.750000000000001E-03    0.000000000000000E+00
    3.166666666666667E-01   -8.750000000000001E-03    0.000000000000000E+00
    3.208333333333333E-01   -8.750000000000001E-03    0.000000000000000E+00
    3.250000000000000E-01   -8.750000000000001E-03    0.000000000000000E+00
    3.291666666666667E-01   -8.750000000000001E-03    0.000000000000000E+00
    3.333333333333333E-01   -8.750000000000001E-03    0.000000000000000E+00
    3.375000000000000E-01   -8.750000000000001E-03    0.000000000000000E+00
    3.416666666666667E-01   -8.750000000000001E-03    0.000000000000000E+00
    3.458333333333333E-01   -8.750000000000001E-03    0.000000000000000E+00
    3.500000000000000E-01   -8.750000000000001E-03    0.000000000000000E+00
    3.541666666666667E-01   -8.750000000000001E-03    0.000000000000000E+00
    3.583333333333333E-01   -8.750000000000001E-03    0.000000000000000E+00
    3.625000000000000E-01   -8.750000000000001E-03    0.000000000000000E+00
    3.666666666666666E-01   -8.750000000000001E-03    0.000000000000000E+00
    3.708333333333333E-01   -8.750000000000001E-03    0.000000000000000E+00
    3.750000000000000E-01   -8.750000000000001E-03    0.000000000000000E+00
    3.791666666666667E-01   -8.750000000000001E-03    0.000000000000000E+00
    3.833333333333333E-01   -8.750000000000001E-03    0.000000000000000E+00
    3.875000000000000E-01   -8.750000000000001E-03    0.000000000000000E+00
    3.916666666666667E-01   -8.750000000000001E-03    0.000000000000000E+00
    3.958333333333333E-01   -8.750000000000001E-03    0.000000000000000E+00
    4.000000000000000E-01   -8.750000000000001E-03    0.000000000000000E+00
    4.041666666666667E-01   -8.750000000000001E-03    0.000000000000000E+00
    4.083333333333333E-01   -8.750000000000001E-03    0.000000000000000E+00
    4.125000000000000E-01   -8.750000000000001E-03    0.000000000000000E+00
    4.166666666666667E-01   -8.750000000000001E-03    0.000000000000000E+00
    4.208333333333333E-01   -8.750000000000001E-03    0.000000000000000E+00
    4.250000000000000E-01   -8.750000000000001E-03    0.000000000000000E+00
    4.291666666666666E-01   -8.750000000000001E-03    0.000000000000000E+00
    4.333333333333333E-01   -8.750000000000001E-03    0.000000000000000E+00
    4.375000000000000E-01   -8.750000000000001E-03    0.000000000000000E+00
    4.416666666666667E-01   -8.750000000000001E-03    0.000000000000000E+00
    4.458333333333333E-01   -8.750000000000001E-03    0.000000000000000E+00
    4.500000000000000E-01   -8.750000000000001E-03    0.000000000000000E+00
    4.541666666666667E-01   -8.750000000000001E-03    0.000000000000000E+00
    4.583333333333333E-01   -8.750000000000001E-03    0.000000000000000E+00
    4.625000000000000E-01   -8.750000000000001E-03    0.000000000000000E+00
    4.666666666666667E-01   -8.750000000000001E-03    0.000000000000000E+00
    4.708333333333333E-01   -8.750000000000001E-03    0.000000000000000E+00
    4.750000000000000E-01   -8.750000000000001E-03    0.000000000000000E+00
    4.791666666666667E-01   -8.750000000000001E-03    0.000000000000000E+00
    4.833333333333333E-01   -8.750000000000001E-03    0.000000000000000E+00
    4.875000000000000E-01   -8.750000000000001E-03    0.000000000000000E+00
    4.916666666666666E-01   -8.750000000000001E-03    0.000000000000000E+00
    4.958333333333333E-01   -8.750000000000001E-03    0.000000000000000E+00
    5.000000000000000E-01   -8.750000000000001E-03    0.000000000000000E+00
    0.000000000000000E+00   -8.125000000000000E-03    0.000000000000000E+00
    4.166666666666667E-03   -8.125000000000000E-03    0.000000000000000E+00
    8.333333333333333E-03   -8.125000000000000E-03    0.000000000000000E+00
    1.250000000000000E-02   -8.125000000000000E-03    0.000000000000000E+00
    1.666666666666667E-02   -8.125000000000000E-03    0.000000000000000E+00
    2.083333333333333E-02   -8.125000000000000E-03    0.000000000000000E+00
    2.500000000000000E-02   -8.125000000000000E-03    0.000000000000000E+00
    2.916666666666667E-02   -8.125000000000000E-03    0.000000000000000E+00
    3.333333333333333E-02   -8.125000000000000E-03    0.000000000000000E+00
    3.750000000000000E-02   -8.125000000000000E-03    0.000000000000000E+00
    4.166666666666666E-02   -8.125000000000000E-03    0.000000000000000E+00
    4.583333333333333E-02   -8.125000000000000E-03    0.000000000000000E+00
    5.000000000000000E-02   -8.125000000000000E-03    0.000000000000000E+00
    5.416666666666667E-02   -8.125000000000000E-03    0.000000000000000E+00
    5.833333333333333E-02   -8.125000000000000E-03    0.000000000000000E+00
    6.250000000000000E-02   -8.125000000000000E-03    0.000000000000000E+00
    6.666666666666667E-02   -8.125000000000000E-03    0.000000000000000E+00
    7.083333333333333E-02   -8.125000000000000E-03    0.000000000000000E+00
    7.500000000000000E-02   -8.125000000000000E-03    0.000000000000000E+00
    7.916666666666666E-02   -8.125000000000000E-03    0.000000000000000E+00
    8.333333333333333E-02   -8.125000000000000E-03    0.000000000000000E+00
    8.749999999999999E-02   -8.125000000000000E-03    0.000000000000000E+00
    9.166666666666666E-02   -8.125000000000000E-03    0.000000000000000E+00
    9.583333333333333E-02   -8.125000000000000E-03    0.000000000000000E+00
    1.000000000000000E-01   -8.125000000000000E-03    0.000000000000000E+00
    1.041666666666667E-01   -8.125000000000000E-03    0.000000000000000E+00
    1.083333333333333E-01   -8.125000000000000E-03    0.000000000000000E+00
    1.125000000000000E-01   -8.125000000000000E-03    0.000000000000000E+00
    1.166666666666667E-01   -8.125000000000000E-03    0.000000000000000E+00
    1.208333333333333E-01   -8.125000000000000E-03    0.000000000000000E+00
    1.250000000000000E-01   -8.125000000000000E-03    0.000000000000000E+00
    1.291666666666667E-01   -8.125000000000000E-03    0.000000000000000E+00
    1.333333333333333E-01   -8.125000000000000E-03    0.000000000000000E+00
    1.375000000000000E-01   -8.125000000000000E-03    0.000000000000000E+00
    1.416666666666667E-01   -8.125000000000000E-03    0.000000000000000E+00
    1.458333333333333E-01   -8.125000000000000E-03    0.000000000000000E+00
    1.500000000000000E-01   -8.125000000000000E-03    0.000000000000000E+00
    1.541666666666667E-01   -8.125000000000000E-03    0.000000000000000E+00
    1.583333333333333E-01   -8.125000000000000E-03    0.000000000000000E+00
    1.625000000000000E-01   -8.125000000000000E-03    0.000000000000000E+00
    1.666666666666667E-01   -8.125000000000000E-03    0.000000000000000E+00
    1.708333333333333E-01   -8.125000000000000E-03    0.000000000000000E+00
    1.750000000000000E-01   -8.125000000000000E-03    0.000000000000000E+00
    1.791666666666667E-01   -8.125000000000000E-03    0.000000000000000E+00
    1.833333333333333E-01   -8.125000000000000E-03    0.000000000000000E+00
    1.875000000000000E-01   -8.125000000000000E-03    0.000000000000000E+00
    1.916666666666667E-01   -8.125000000000000E-03    0.000000000000000E+00
    1.958333333333333E-01   -8.125000000000000E-03    0.000000000000000E+00
    2.000000000000000E-01   -8.125000000000000E-03    0.000000000000000E+00
    2.041666666666667E-01   -8.125000000000000E-03    0.000000000000000E+00
    2.083333333333333E-01   -8.125000000000000E-03    0.000000000000000E+00
    2.125000000000000E-01   -8.125000000000000E-03    0.000000000000000E+00
    2.166666666666667E-01   -8.125000000000000E-03    0.000000000000000E+00
    2.208333333333333E-01   -8.125000000000000E-03    0.000000000000000E+00
    2.250000000000000E-01   -8.125000000000000E-03    0.000000000000000E+00
    2.291666666666667E-01   -8.125000000000000E-03    0.000000000000000E+00
    2.333333333333333E-01   -8.125000000000000E-03    0.000000000000000E+00
    2.375000000000000E-01   -8.125000000000000E-03    0.000000000000000E+00
    2.416666666666667E-01   -8.125000000000000E-03    0.000000000000000E+00
    2.458333333333333E-01   -8.125000000000000E-03    0.000000000000000E+00
    2.500000000000000E-01   -8.125000000000000E-03    0.000000000000000E+00
    2.541666666666667E-01   -8.125000000000000E-03    0.000000000000000E+00
    2.583333333333333E-01   -8.125000000000000E-03    0.000000000000000E+00
    2.625000000000000E-01   -8.125000000000000E-03    0.000000000000000E+00
    2.666666666666667E-01   -8.125000000000000E-03    0.000000000000000E+00
    2.708333333333333E-01   -8.125000000000000E-03    0.000000000000000E+00
    2.750000000000000E-01   -8.125000000000000E-03    0.000000000000000E+00
    2.791666666666667E-01   -8.125000000000000E-03    0.000000000000000E+00
    2.833333333333333E-01   -8.125000000000000E-03    0.000000000000000E+00
    2.875000000000000E-01   -8.125000000000000E-03    0.000000000000000E+00
    2.916666666666667E-01   -8.125000000000000E-03    0.000000000000000E+00
    2.958333333333333E-01   -8.125000000000000E-03    0.000000000000000E+00
    3.000000000000000E-01   -8.125000000000000E-03    0.000000000000000E+00
    3.041666666666666E-01   -8.125000000000000E-03    0.000000000000000E+00
    3.083333333333333E-01   -8.125000000000000E-03    0.000000000000000E+00
    3.125000000000000E-01   -8.125000000000000E-03    0.000000000000000E+00
    3.166666666666667E-01   -8.125000000000000E-03    0.000000000000000E+00
    3.208333333333333E-01   -8.125000000000000E-03    0.000000000000000E+00
    3.250000000000000E-01   -8.125000000000000E-03    0.000000000000000E+00
    3.291666666666667E-01   -8.125000000000000E-03    0.000000000000000E+00
    3.333333333333333E-01   -8.125000000000000E-03    0.000000000000000E+00
    3.375000000000000E-01   -8.125000000000000E-03    0.000000000000000E+00
    3.416666666666667E-01   -8.125000000000000E-03    0.000000000000000E+00
    3.458333333333333E-01   -8.125000000000000E-03    0.000000000000000E+00
    3.500000000000000E-01   -8.125000000000000E-03    0.000000000000000E+00
    3.541666666666667E-01   -8.125000000000000E-03    0.000000000000000E+00
    3.583333333333333E-01   -8.125000000000000E-03    0.000000000000000E+00
    3.625000000000000E-01   -8.125000000000000E-03    0.000000000000000E+00
    3.666666666666666E-01   -8.125000000000000E-03    0.000000000000000E+00
    3.708333333333333E-01   -8.125000000000000E-03    0.000000000000000E+00
    3.750000000000000E-01   -8.125000000000000E-03    0.000000000000000E+00
    3.791666666666667E-01   -8.125000000000000E-03    0.000000000000000E+00
    3.833333333333333E-01   -8.125000000000000E-03    0.000000000000000E+00
    3.875000000000000E-01   -8.125000000000000E-03    0.000000000000000E+00
    3.916666666666667E-01   -8.125000000000000E-03    0.000000000000000E+00
    3.958333333333333E-01   -8.125000000000000E-03    0.000000000000000E+00
    4.000000000000000E-01   -8.125000000000000E-03    0.000000000000000E+00
    4.041666666666667E-01   -8.125000000000000E-03    0.000000000000000E+00
    4.083333333333333E-01   -8.125000000000000E-03    0.000000000000000E+00
    4.125000000000000E-01   -8.125000000000000E-03    0.000000000000000E+00
    4.166666666666667E-01   -8.125000000000000E-03    0.000000000000000E+00
    4.208333333333333E-01   -8.125000000000000E-03    0.000000000000000E+00
    4.250000000000000E-01   -8.125000000000000E-03    0.000000000000000E+00
    4.291666666666666E-01   -8.125000000000000E-03    0.000000000000000E+00
    4.333333333333333E-01   -8.125000000000000E-03    0.000000000000000E+00
    4.375000000000000E-01   -8.125000000000000E-03    0.000000000000000E+00
    4.416666666666667E-01   -8.125000000000000E-03    0.000000000000000E+00
    4.458333333333333E-01   -8.125000000000000E-03    0.000000000000000E+00
    4.500000000000000E-01   -8.125000000000000E-03    0.000000000000000E+00
    4.541666666666667E-01   -8.125000000000000E-03    0.000000000000000E+00
    4.583333333333333E-01   -8.125000000000000E-03    0.000000000000000E+00
    4.625000000000000E-01   -8.125000000000000E-03    0.000000000000000E+00
    4.666666666666667E-01   -8.125000000000000E-03    0.000000000000000E+00
    4.708333333333333E-01   -8.125000000000000E-03    0.000000000000000E+00
    4.750000000000000E-01   -8.125000000000000E-03    0.000000000000000E+00
    4.791666666666667E-01   -8.125000000000000E-03    0.000000000000000E+00
    4.833333333333333E-01   -8.125000000000000E-03    0.000000000000000E+00
    4.875000000000000E-01   -8.125000000000000E-03    0.000000000000000E+00
    4.916666666666666E-01   -8.125000000000000E-03    0.000000000000000E+00
    4.958333333333333E-01   -8.125000000000000E-03    0.000000000000000E+00
    5.000000000000000E-01   -8.125000000000000E-03    0.000000000000000E+00
    0.000000000000000E+00   -7.500000000000000E-03    0.000000000000000E+00
    4.166666666666667E-03   -7.500000000000000E-03    0.000000000000000E+00
    8.333333333333333E-03   -7.500000000000000E-03    0.000000000000000E+00
    1.250000000000000E-02   -7.500000000000000E-03    0.000000000000000E+00
    1.666666666666667E-02   -7.500000000000000E-03    0.000000000000000E+00
    2.083333333333333E-02   -7.500000000000000E-03    0.000000000000000E+00
    2.500000000000000E-02   -7.500000000000000E-03    0.000000000000000E+00
    2.916666666666667E-02   -7.500000000000000E-03    0.000000000000000E+00
    3.333333333333333E-02   -7.500000000000000E-03    0.000000000000000E+00
    3.750000000000000E-02   -7.500000000000000E-03    0.000000000000000E+00
    4.166666666666666E-02   -7.500000000000000E-03    0.000000000000000E+00
    4.583333333333333E-02   -7.500000000000000E-03    0.000000000000000E+00
    5.000000000000000E-02   -7.500000000000000E-03    0.000000000000000E+00
    5.416666666666667E-02   -7.500000000000000E-03    0.000000000000000E+00
    5.833333333333333E-02   -7.500000000000000E-03    0.000000000000000E+00
    6.250000000000000E-02   -7.500000000000000E-03    0.000000000000000E+00
    6.666666666666667E-02   -7.500000000000000E-03    0.000000000000000E+00
    7.083333333333333E-02   -7.500000000000000E-03    0.000000000000000E+00
    7.500000000000000E-02   -7.500000000000000E-03    0.000000000000000E+00
    7.916666666666666E-02   -7.500000000000000E-03    0.000000000000000E+00
    8.333333333333333E-02   -7.500000000000000E-03    0.000000000000000E+00
    8.749999999999999E-02   -7.500000000000000E-03    0.000000000000000E+00
    9.166666666666666E-02   -7.500000000000000E-03    0.000000000000000E+00
    9.583333333333333E-02   -7.500000000000000E-03    0.000000000000000E+00
    1.000000000000000E-01   -7.500000000000000E-03    0.000000000000000E+00
    1.041666666666667E-01   -7.500000000000000E-03    0.000000000000000E+00
    1.083333333333333E-01   -7.500000000000000E-03    0.000000000000000E+00
    1.125000000000000E-01   -7.500000000000000E-03    0.000000000000000E+00
    1.166666666666667E-01   -7.500000000000000E-03    0.000000000000000E+00
    1.208333333333333E-01   -7.500000000000000E-03    0.000000000000000E+00
    1.250000000000000E-01   -7.500000000000000E-03    0.000000000000000E+00
    1.291666666666667E-01   -7.500000000000000E-03    0.000000000000000E+00
    1.333333333333333E-01   -7.500000000000000E-03    0.000000000000000E+00
    1.375000000000000E-01   -7.500000000000000E-03    0.000000000000000E+00
    1.416666666666667E-01   -7.500000000000000E-03    0.000000000000000E+00
    1.458333333333333E-01   -7.500000000000000E-03    0.000000000000000E+00
    1.500000000000000E-01   -7.500000000000000E-03    0.000000000000000E+00
    1.541666666666667E-01   -7.500000000000000E-03    0.000000000000000E+00
    1.583333333333333E-01   -7.500000000000000E-03    0.000000000000000E+00
    1.625000000000000E-01   -7.500000000000000E-03    0.000000000000000E+00
    1.666666666666667E-01   -7.500000000000000E-03    0.000000000000000E+00
    1.708333333333333E-01   -7.500000000000000E-03    0.000000000000000E+00
    1.750000000000000E-01   -7.500000000000000E-03    0.000000000000000E+00
    1.791666666666667E-01   -7.500000000000000E-03    0.000000000000000E+00
    1.833333333333333E-01   -7.500000000000000E-03    0.000000000000000E+00
    1.875000000000000E-01   -7.500000000000000E-03    0.000000000000000E+00
    1.916666666666667E-01   -7.500000000000000E-03    0.000000000000000E+00
    1.958333333333333E-01   -7.500000000000000E-03    0.000000000000000E+00
    2.000000000000000E-01   -7.500000000000000E-03    0.000000000000000E+00
    2.041666666666667E-01   -7.500000000000000E-03    0.000000000000000E+00
    2.083333333333333E-01   -7.500000000000000E-03    0.000000000000000E+00
    2.125000000000000E-01   -7.500000000000000E-03    0.000000000000000E+00
    2.166666666666667E-01   -7.500000000000000E-03    0.000000000000000E+00
    2.208333333333333E-01   -7.500000000000000E-03    0.000000000000000E+00
    2.250000000000000E-01   -7.500000000000000E-03    0.000000000000000E+00
    2.291666666666667E-01   -7.500000000000000E-03    0.000000000000000E+00
    2.333333333333333E-01   -7.500000000000000E-03    0.000000000000000E+00
    2.375000000000000E-01   -7.500000000000000E-03    0.000000000000000E+00
    2.416666666666667E-01   -7.500000000000000E-03    0.000000000000000E+00
    2.458333333333333E-01   -7.500000000000000E-03    0.000000000000000E+00
    2.500000000000000E-01   -7.500000000000000E-03    0.000000000000000E+00
    2.541666666666667E-01   -7.500000000000000E-03    0.000000000000000E+00
    2.583333333333333E-01   -7.500000000000000E-03    0.000000000000000E+00
    2.625000000000000E-01   -7.500000000000000E-03    0.000000000000000E+00
    2.666666666666667E-01   -7.500000000000000E-03    0.000000000000000E+00
    2.708333333333333E-01   -7.500000000000000E-03    0.000000000000000E+00
    2.750000000000000E-01   -7.500000000000000E-03    0.000000000000000E+00
    2.791666666666667E-01   -7.500000000000000E-03    0.000000000000000E+00
    2.833333333333333E-01   -7.500000000000000E-03    0.000000000000000E+00
    2.875000000000000E-01   -7.500000000000000E-03    0.000000000000000E+00
    2.916666666666667E-01   -7.500000000000000E-03    0.000000000000000E+00
    2.958333333333333E-01   -7.500000000000000E-03    0.000000000000000E+00
    3.000000000000000E-01   -7.500000000000000E-03    0.000000000000000E+00
    3.041666666666666E-01   -7.500000000000000E-03    0.000000000000000E+00
    3.083333333333333E-01   -7.500000000000000E-03    0.000000000000000E+00
    3.125000000000000E-01   -7.500000000000000E-03    0.000000000000000E+00
    3.166666666666667E-01   -7.500000000000000E-03    0.000000000000000E+00
    3.208333333333333E-01   -7.500000000000000E-03    0.000000000000000E+00
    3.250000000000000E-01   -7.500000000000000E-03    0.000000000000000E+00
    3.291666666666667E-01   -7.500000000000000E-03    0.000000000000000E+00
    3.333333333333333E-01   -7.500000000000000E-03    0.000000000000000E+00
    3.375000000000000E-01   -7.500000000000000E-03    0.000000000000000E+00
    3.416666666666667E-01   -7.500000000000000E-03    0.000000000000000E+00
    3.458333333333333E-01   -7.500000000000000E-03    0.000000000000000E+00
    3.500000000000000E-01   -7.500000000000000E-03    0.000000000000000E+00
    3.541666666666667E-01   -7.500000000000000E-03    0.000000000000000E+00
    3.583333333333333E-01   -7.500000000000000E-03    0.000000000000000E+00
    3.625000000000000E-01   -7.500000000000000E-03    0.000000000000000E+00
    3.666666666666666E-01   -7.500000000000000E-03    0.000000000000000E+00
    3.708333333333333E-01   -7.500000000000000E-03    0.000000000000000E+00
    3.750000000000000E-01   -7.500000000000000E-03    0.000000000000000E+00
    3.791666666666667E-01   -7.500000000000000E-03    0.000000000000000E+00
    3.833333333333333E-01   -7.500000000000000E-03    0.000000000000000E+00
    3.875000000000000E-01   -7.500000000000000E-03    0.000000000000000E+00
    3.916666666666667E-01   -7.500000000000000E-03    0.000000000000000E+00
    3.958333333333333E-01   -7.500000000000000E-03    0.000000000000000E+00
    4.000000000000000E-01   -7.500000000000000E-03    0.000000000000000E+00
    4.041666666666667E-01   -7.500000000000000E-03    0.000000000000000E+00
    4.083333333333333E-01   -7.500000000000000E-03    0.000000000000000E+00
    4.125000000000000E-01   -7.500000000000000E-03    0.000000000000000E+00
    4.166666666666667E-01   -7.500000000000000E-03    0.000000000000000E+00
    4.208333333333333E-01   -7.500000000000000E-03    0.000000000000000E+00
    4.250000000000000E-01   -7.500000000000000E-03    0.000000000000000E+00
    4.291666666666666E-01   -7.500000000000000E-03    0.000000000000000E+00
    4.333333333333333E-01   -7.500000000000000E-03    0.000000000000000E+00
    4.375000000000000E-01   -7.500000000000000E-03    0.000000000000000E+00
    4.416666666666667E-01   -7.500000000000000E-03    0.000000000000000E+00
    4.458333333333333E-01   -7.500000000000000E-03    0.000000000000000E+00
    4.500000000000000E-01   -7.500000000000000E-03    0.000000000000000E+00
    4.541666666666667E-01   -7.500000000000000E-03    0.000000000000000E+00
    4.583333333333333E-01   -7.500000000000000E-03    0.000000000000000E+00
    4.625000000000000E-01   -7.500000000000000E-03    0.000000000000000E+00
    4.666666666666667E-01   -7.500000000000000E-03    0.000000000000000E+00
    4.708333333333333E-01   -7.500000000000000E-03    0.000000000000000E+00
    4.750000000000000E-01   -7.500000000000000E-03    0.000000000000000E+00
    4.791666666666667E-01   -7.500000000000000E-03    0.000000000000000E+00
    4.833333333333333E-01   -7.500000000000000E-03    0.000000000000000E+00
    4.875000000000000E-01   -7.500000000000000E-03    0.000000000000000E+00
    4.916666666666666E-01   -7.500000000000000E-03    0.000000000000000E+00
    4.958333333333333E-01   -7.500000000000000E-03    0.000000000000000E+00
    5.000000000000000E-01   -7.500000000000000E-03    0.000000000000000E+00
    0.000000000000000E+00   -6.875000000000000E-03    0.000000000000000E+00
    4.166666666666667E-03   -6.875000000000000E-03    0.000000000000000E+00
    8.333333333333333E-03   -6.875000000000000E-03    0.000000000000000E+00
    1.250000000000000E-02   -6.875000000000000E-03    0.000000000000000E+00
    1.666666666666667E-02   -6.875000000000000E-03    0.000000000000000E+00
    2.083333333333333E-02   -6.875000000000000E-03    0.000000000000000E+00
    2.500000000000000E-02   -6.875000000000000E-03    0.000000000000000E+00
    2.916666666666667E-02   -6.875000000000000E-03    0.000000000000000E+00
    3.333333333333333E-02   -6.875000000000000E-03    0.000000000000000E+00
    3.750000000000000E-02   -6.875000000000000E-03    0.000000000000000E+00
    4.166666666666666E-02   -6.875000000000000E-03    0.000000000000000E+00
    4.583333333333333E-02   -6.875000000000000E-03    0.000000000000000E+00
    5.000000000000000E-02   -6.875000000000000E-03    0.000000000000000E+00
    5.416666666666667E-02   -6.875000000000000E-03    0.000000000000000E+00
    5.833333333333333E-02   -6.875000000000000E-03    0.000000000000000E+00
    6.250000000000000E-02   -6.875000000000000E-03    0.000000000000000E+00
    6.666666666666667E-02   -6.875000000000000E-03    0.000000000000000E+00
    7.083333333333333E-02   -6.875000000000000E-03    0.000000000000000E+00
    7.500000000000000E-02   -6.875000000000000E-03    0.000000000000000E+00
    7.916666666666666E-02   -6.875000000000000E-03    0.000000000000000E+00
    8.333333333333333E-02   -6.875000000000000E-03    0.000000000000000E+00
    8.749999999999999E-02   -6.875000000000000E-03    0.000000000000000E+00
    9.166666666666666E-02   -6.875000000000000E-03    0.000000000000000E+00
    9.583333333333333E-02   -6.875000000000000E-03    0.000000000000000E+00
    1.000000000000000E-01   -6.875000000000000E-03    0.000000000000000E+00
    1.041666666666667E-01   -6.875000000000000E-03    0.000000000000000E+00
    1.083333333333333E-01   -6.875000000000000E-03    0.000000000000000E+00
    1.125000000000000E-01   -6.875000000000000E-03    0.000000000000000E+00
    1.166666666666667E-01   -6.875000000000000E-03    0.000000000000000E+00
    1.208333333333333E-01   -6.875000000000000E-03    0.000000000000000E+00
    1.250000000000000E-01   -6.875000000000000E-03    0.000000000000000E+00
    1.291666666666667E-01   -6.875000000000000E-03    0.000000000000000E+00
    1.333333333333333E-01   -6.875000000000000E-03    0.000000000000000E+00
    1.375000000000000E-01   -6.875000000000000E-03    0.000000000000000E+00
    1.416666666666667E-01   -6.875000000000000E-03    0.000000000000000E+00
    1.458333333333333E-01   -6.875000000000000E-03    0.000000000000000E+00
    1.500000000000000E-01   -6.875000000000000E-03    0.000000000000000E+00
    1.541666666666667E-01   -6.875000000000000E-03    0.000000000000000E+00
    1.583333333333333E-01   -6.875000000000000E-03    0.000000000000000E+00
    1.625000000000000E-01   -6.875000000000000E-03    0.000000000000000E+00
    1.666666666666667E-01   -6.875000000000000E-03    0.000000000000000E+00
    1.708333333333333E-01   -6.875000000000000E-03    0.000000000000000E+00
    1.750000000000000E-01   -6.875000000000000E-03    0.000000000000000E+00
    1.791666666666667E-01   -6.875000000000000E-03    0.000000000000000E+00
    1.833333333333333E-01   -6.875000000000000E-03    0.000000000000000E+00
    1.875000000000000E-01   -6.875000000000000E-03    0.000000000000000E+00
    1.916666666666667E-01   -6.875000000000000E-03    0.000000000000000E+00
    1.958333333333333E-01   -6.875000000000000E-03    0.000000000000000E+00
    2.000000000000000E-01   -6.875000000000000E-03    0.000000000000000E+00
    2.041666666666667E-01   -6.875000000000000E-03    0.000000000000000E+00
    2.083333333333333E-01   -6.875000000000000E-03    0.000000000000000E+00
    2.125000000000000E-01   -6.875000000000000E-03    0.000000000000000E+00
    2.166666666666667E-01   -6.875000000000000E-03    0.000000000000000E+00
    2.208333333333333E-01   -6.875000000000000E-03    0.000000000000000E+00
    2.250000000000000E-01   -6.875000000000000E-03    0.000000000000000E+00
    2.291666666666667E-01   -6.875000000000000E-03    0.000000000000000E+00
    2.333333333333333E-01   -6.875000000000000E-03    0.000000000000000E+00
    2.375000000000000E-01   -6.875000000000000E-03    0.000000000000000E+00
    2.416666666666667E-01   -6.875000000000000E-03    0.000000000000000E+00
    2.458333333333333E-01   -6.875000000000000E-03    0.000000000000000E+00
    2.500000000000000E-01   -6.875000000000000E-03    0.000000000000000E+00
    2.541666666666667E-01   -6.875000000000000E-03    0.000000000000000E+00
    2.583333333333333E-01   -6.875000000000000E-03    0.000000000000000E+00
    2.625000000000000E-01   -6.875000000000000E-03    0.000000000000000E+00
    2.666666666666667E-01   -6.875000000000000E-03    0.000000000000000E+00
    2.708333333333333E-01   -6.875000000000000E-03    0.000000000000000E+00
    2.750000000000000E-01   -6.875000000000000E-03    0.000000000000000E+00
    2.791666666666667E-01   -6.875000000000000E-03    0.000000000000000E+00
    2.833333333333333E-01   -6.875000000000000E-03    0.000000000000000E+00
    2.875000000000000E-01   -6.875000000000000E-03    0.000000000000000E+00
    2.916666666666667E-01   -6.875000000000000E-03    0.000000000000000E+00
    2.958333333333333E-01   -6.875000000000000E-03    0.000000000000000E+00
    3.000000000000000E-01   -6.875000000000000E-03    0.000000000000000E+00
    3.041666666666666E-01   -6.875000000000000E-03    0.000000000000000E+00
    3.083333333333333E-01   -6.875000000000000E-03    0.000000000000000E+00
    3.125000000000000E-01   -6.875000000000000E-03    0.000000000000000E+00
    3.166666666666667E-01   -6.875000000000000E-03    0.000000000000000E+00
    3.208333333333333E-01   -6.875000000000000E-03    0.000000000000000E+00
    3.250000000000000E-01   -6.875000000000000E-03    0.000000000000000E+00
    3.291666666666667E-01   -6.875000000000000E-03    0.000000000000000E+00
    3.333333333333333E-01   -6.875000000000000E-03    0.000000000000000E+00
    3.375000000000000E-01   -6.875000000000000E-03    0.000000000000000E+00
    3.416666666666667E-01   -6.875000000000000E-03    0.000000000000000E+00
    3.458333333333333E-01   -6.875000000000000E-03    0.000000000000000E+00
    3.500000000000000E-01   -6.875000000000000E-03    0.000000000000000E+00
    3.541666666666667E-01   -6.875000000000000E-03    0.000000000000000E+00
    3.583333333333333E-01   -6.875000000000000E-03    0.000000000000000E+00
    3.625000000000000E-01   -6.875000000000000E-03    0.000000000000000E+00
    3.666666666666666E-01   -6.875000000000000E-03    0.000000000000000E+00
    3.708333333333333E-01   -6.875000000000000E-03    0.000000000000000E+00
    3.750000000000000E-01   -6.875000000000000E-03    0.000000000000000E+00
    3.791666666666667E-01   -6.875000000000000E-03    0.000000000000000E+00
    3.833333333333333E-01   -6.875000000000000E-03    0.000000000000000E+00
    3.875000000000000E-01   -6.875000000000000E-03    0.000000000000000E+00
    3.916666666666667E-01   -6.875000000000000E-03    0.000000000000000E+00
    3.958333333333333E-01   -6.875000000000000E-03    0.000000000000000E+00
    4.000000000000000E-01   -6.875000000000000E-03    0.000000000000000E+00
    4.041666666666667E-01   -6.875000000000000E-03    0.000000000000000E+00
    4.083333333333333E-01   -6.875000000000000E-03    0.000000000000000E+00
    4.125000000000000E-01   -6.875000000000000E-03    0.000000000000000E+00
    4.166666666666667E-01   -6.875000000000000E-03    0.000000000000000E+00
    4.208333333333333E-01   -6.875000000000000E-03    0.000000000000000E+00
    4.250000000000000E-01   -6.875000000000000E-03    0.000000000000000E+00
    4.291666666666666E-01   -6.875000000000000E-03    0.000000000000000E+00
    4.333333333333333E-01   -6.875000000000000E-03    0.000000000000000E+00
    4.375000000000000E-01   -6.875000000000000E-03    0.000000000000000E+00
    4.416666666666667E-01   -6.875000000000000E-03    0.000000000000000E+00
    4.458333333333333E-01   -6.875000000000000E-03    0.000000000000000E+00
    4.500000000000000E-01   -6.875000000000000E-03    0.000000000000000E+00
    4.541666666666667E-01   -6.875000000000000E-03    0.000000000000000E+00
    4.583333333333333E-01   -6.875000000000000E-03    0.000000000000000E+00
    4.625000000000000E-01   -6.875000000000000E-03    0.000000000000000E+00
    4.666666666666667E-01   -6.875000000000000E-03    0.000000000000000E+00
    4.708333333333333E-01   -6.875000000000000E-03    0.000000000000000E+00
    4.750000000000000E-01   -6.875000000000000E-03    0.000000000000000E+00
    4.791666666666667E-01   -6.875000000000000E-03    0.000000000000000E+00
    4.833333333333333E-01   -6.875000000000000E-03    0.000000000000000E+00
    4.875000000000000E-01   -6.875000000000000E-03    0.000000000000000E+00
    4.916666666666666E-01   -6.875000000000000E-03    0.000000000000000E+00
    4.958333333333333E-01   -6.875000000000000E-03    0.000000000000000E+00
    5.000000000000000E-01   -6.875000000000000E-03    0.000000000000000E+00
    0.000000000000000E+00   -6.250000000000000E-03    0.000000000000000E+00
    4.166666666666667E-03   -6.250000000000000E-03    0.000000000000000E+00
    8.333333333333333E-03   -6.250000000000000E-03    0.000000000000000E+00
    1.250000000000000E-02   -6.250000000000000E-03    0.000000000000000E+00
    1.666666666666667E-02   -6.250000000000000E-03    0.000000000000000E+00
    2.083333333333333E-02   -6.250000000000000E-03    0.000000000000000E+00
    2.500000000000000E-02   -6.250000000000000E-03    0.000000000000000E+00
    2.916666666666667E-02   -6.250000000000000E-03    0.000000000000000E+00
    3.333333333333333E-02   -6.250000000000000E-03    0.000000000000000E+00
    3.750000000000000E-02   -6.250000000000000E-03    0.000000000000000E+00
    4.166666666666666E-02   -6.250000000000000E-03    0.000000000000000E+00
    4.583333333333333E-02   -6.250000000000000E-03    0.000000000000000E+00
    5.000000000000000E-02   -6.250000000000000E-03    0.000000000000000E+00
    5.416666666666667E-02   -6.250000000000000E-03    0.000000000000000E+00
    5.833333333333333E-02   -6.250000000000000E-03    0.000000000000000E+00
    6.250000000000000E-02   -6.250000000000000E-03    0.000000000000000E+00
    6.666666666666667E-02   -6.250000000000000E-03    0.000000000000000E+00
    7.083333333333333E-02   -6.250000000000000E-03    0.000000000000000E+00
    7.500000000000000E-02   -6.250000000000000E-03    0.000000000000000E+00
    7.916666666666666E-02   -6.250000000000000E-03    0.000000000000000E+00
    8.333333333333333E-02   -6.250000000000000E-03    0.000000000000000E+00
    8.749999999999999E-02   -6.250000000000000E-03    0.000000000000000E+00
    9.166666666666666E-02   -6.250000000000000E-03    0.000000000000000E+00
    9.583333333333333E-02   -6.250000000000000E-03    0.000000000000000E+00
    1.000000000000000E-01   -6.250000000000000E-03    0.000000000000000E+00
    1.041666666666667E-01   -6.250000000000000E-03    0.000000000000000E+00
    1.083333333333333E-01   -6.250000000000000E-03    0.000000000000000E+00
    1.125000000000000E-01   -6.250000000000000E-03    0.000000000000000E+00
    1.166666666666667E-01   -6.250000000000000E-03    0.000000000000000E+00
    1.208333333333333E-01   -6.250000000000000E-03    0.000000000000000E+00
    1.250000000000000E-01   -6.250000000000000E-03    0.000000000000000E+00
    1.291666666666667E-01   -6.250000000000000E-03    0.000000000000000E+00
    1.333333333333333E-01   -6.250000000000000E-03    0.000000000000000E+00
    1.375000000000000E-01   -6.250000000000000E-03    0.000000000000000E+00
    1.416666666666667E-01   -6.250000000000000E-03    0.000000000000000E+00
    1.458333333333333E-01   -6.250000000000000E-03    0.000000000000000E+00
    1.500000000000000E-01   -6.250000000000000E-03    0.000000000000000E+00
    1.541666666666667E-01   -6.250000000000000E-03    0.000000000000000E+00
    1.583333333333333E-01   -6.250000000000000E-03    0.000000000000000E+00
    1.625000000000000E-01   -6.250000000000000E-03    0.000000000000000E+00
    1.666666666666667E-01   -6.250000000000000E-03    0.000000000000000E+00
    1.708333333333333E-01   -6.250000000000000E-03    0.000000000000000E+00
    1.750000000000000E-01   -6.250000000000000E-03    0.000000000000000E+00
    1.791666666666667E-01   -6.250000000000000E-03    0.000000000000000E+00
    1.833333333333333E-01   -6.250000000000000E-03    0.000000000000000E+00
    1.875000000000000E-01   -6.250000000000000E-03    0.000000000000000E+00
    1.916666666666667E-01   -6.250000000000000E-03    0.000000000000000E+00
    1.958333333333333E-01   -6.250000000000000E-03    0.000000000000000E+00
    2.000000000000000E-01   -6.250000000000000E-03    0.000000000000000E+00
    2.041666666666667E-01   -6.250000000000000E-03    0.000000000000000E+00
    2.083333333333333E-01   -6.250000000000000E-03    0.000000000000000E+00
    2.125000000000000E-01   -6.250000000000000E-03    0.000000000000000E+00
    2.166666666666667E-01   -6.250000000000000E-03    0.000000000000000E+00
    2.208333333333333E-01   -6.250000000000000E-03    0.000000000000000E+00
    2.250000000000000E-01   -6.250000000000000E-03    0.000000000000000E+00
    2.291666666666667E-01   -6.250000000000000E-03    0.000000000000000E+00
    2.333333333333333E-01   -6.250000000000000E-03    0.000000000000000E+00
    2.375000000000000E-01   -6.250000000000000E-03    0.000000000000000E+00
    2.416666666666667E-01   -6.250000000000000E-03    0.000000000000000E+00
    2.458333333333333E-01   -6.250000000000000E-03    0.000000000000000E+00
    2.500000000000000E-01   -6.250000000000000E-03    0.000000000000000E+00
    2.541666666666667E-01   -6.250000000000000E-03    0.000000000000000E+00
    2.583333333333333E-01   -6.250000000000000E-03    0.000000000000000E+00
    2.625000000000000E-01   -6.250000000000000E-03    0.000000000000000E+00
    2.666666666666667E-01   -6.250000000000000E-03    0.000000000000000E+00
    2.708333333333333E-01   -6.250000000000000E-03    0.000000000000000E+00
    2.750000000000000E-01   -6.250000000000000E-03    0.000000000000000E+00
    2.791666666666667E-01   -6.250000000000000E-03    0.000000000000000E+00
    2.833333333333333E-01   -6.250000000000000E-03    0.000000000000000E+00
    2.875000000000000E-01   -6.250000000000000E-03    0.000000000000000E+00
    2.916666666666667E-01   -6.250000000000000E-03    0.000000000000000E+00
    2.958333333333333E-01   -6.250000000000000E-03    0.000000000000000E+00
    3.000000000000000E-01   -6.250000000000000E-03    0.000000000000000E+00
    3.041666666666666E-01   -6.250000000000000E-03    0.000000000000000E+00
    3.083333333333333E-01   -6.250000000000000E-03    0.000000000000000E+00
    3.125000000000000E-01   -6.250000000000000E-03    0.000000000000000E+00
    3.166666666666667E-01   -6.250000000000000E-03    0.000000000000000E+00
    3.208333333333333E-01   -6.250000000000000E-03    0.000000000000000E+00
    3.250000000000000E-01   -6.250000000000000E-03    0.000000000000000E+00
    3.291666666666667E-01   -6.250000000000000E-03    0.000000000000000E+00
    3.333333333333333E-01   -6.250000000000000E-03    0.000000000000000E+00
    3.375000000000000E-01   -6.250000000000000E-03    0.000000000000000E+00
    3.416666666666667E-01   -6.250000000000000E-03    0.000000000000000E+00
    3.458333333333333E-01   -6.250000000000000E-03    0.000000000000000E+00
    3.500000000000000E-01   -6.250000000000000E-03    0.000000000000000E+00
    3.541666666666667E-01   -6.250000000000000E-03    0.000000000000000E+00
    3.583333333333333E-01   -6.250000000000000E-03    0.000000000000000E+00
    3.625000000000000E-01   -6.250000000000000E-03    0.000000000000000E+00
    3.666666666666666E-01   -6.250000000000000E-03    0.000000000000000E+00
    3.708333333333333E-01   -6.250000000000000E-03    0.000000000000000E+00
    3.750000000000000E-01   -6.250000000000000E-03    0.000000000000000E+00
    3.791666666666667E-01   -6.250000000000000E-03    0.000000000000000E+00
    3.833333333333333E-01   -6.250000000000000E-03    0.000000000000000E+00
    3.875000000000000E-01   -6.250000000000000E-03    0.000000000000000E+00
    3.916666666666667E-01   -6.250000000000000E-03    0.000000000000000E+00
    3.958333333333333E-01   -6.250000000000000E-03    0.000000000000000E+00
    4.000000000000000E-01   -6.250000000000000E-03    0.000000000000000E+00
    4.041666666666667E-01   -6.250000000000000E-03    0.000000000000000E+00
    4.083333333333333E-01   -6.250000000000000E-03    0.000000000000000E+00
    4.125000000000000E-01   -6.250000000000000E-03    0.000000000000000E+00
    4.166666666666667E-01   -6.250000000000000E-03    0.000000000000000E+00
    4.208333333333333E-01   -6.250000000000000E-03    0.000000000000000E+00
    4.250000000000000E-01   -6.250000000000000E-03    0.000000000000000E+00
    4.291666666666666E-01   -6.250000000000000E-03    0.000000000000000E+00
    4.333333333333333E-01   -6.250000000000000E-03    0.000000000000000E+00
    4.375000000000000E-01   -6.250000000000000E-03    0.000000000000000E+00
    4.416666666666667E-01   -6.250000000000000E-03    0.000000000000000E+00
    4.458333333333333E-01   -6.250000000000000E-03    0.000000000000000E+00
    4.500000000000000E-01   -6.250000000000000E-03    0.000000000000000E+00
    4.541666666666667E-01   -6.250000000000000E-03    0.000000000000000E+00
    4.583333333333333E-01   -6.250000000000000E-03    0.000000000000000E+00
    4.625000000000000E-01   -6.250000000000000E-03    0.000000000000000E+00
    4.666666666666667E-01   -6.250000000000000E-03    0.000000000000000E+00
    4.708333333333333E-01   -6.250000000000000E-03    0.000000000000000E+00
    4.750000000000000E-01   -6.250000000000000E-03    0.000000000000000E+00
    4.791666666666667E-01   -6.250000000000000E-03    0.000000000000000E+00
    4.833333333333333E-01   -6.250000000000000E-03    0.000000000000000E+00
    4.875000000000000E-01   -6.250000000000000E-03    0.000000000000000E+00
    4.916666666666666E-01   -6.250000000000000E-03    0.000000000000000E+00
    4.958333333333333E-01   -6.250000000000000E-03    0.000000000000000E+00
    5.000000000000000E-01   -6.250000000000000E-03    0.000000000000000E+00
    0.000000000000000E+00   -5.625000000000000E-03    0.000000000000000E+00
    4.166666666666667E-03   -5.625000000000000E-03    0.000000000000000E+00
    8.333333333333333E-03   -5.625000000000000E-03    0.000000000000000E+00
    1.250000000000000E-02   -5.625000000000000E-03    0.000000000000000E+00
    1.666666666666667E-02   -5.625000000000000E-03    0.000000000000000E+00
    2.083333333333333E-02   -5.625000000000000E-03    0.000000000000000E+00
    2.500000000000000E-02   -5.625000000000000E-03    0.000000000000000E+00
    2.916666666666667E-02   -5.625000000000000E-03    0.000000000000000E+00
    3.333333333333333E-02   -5.625000000000000E-03    0.000000000000000E+00
    3.750000000000000E-02   -5.625000000000000E-03    0.000000000000000E+00
    4.166666666666666E-02   -5.625000000000000E-03    0.000000000000000E+00
    4.583333333333333E-02   -5.625000000000000E-03    0.000000000000000E+00
    5.000000000000000E-02   -5.625000000000000E-03    0.000000000000000E+00
    5.416666666666667E-02   -5.625000000000000E-03    0.000000000000000E+00
    5.833333333333333E-02   -5.625000000000000E-03    0.000000000000000E+00
    6.250000000000000E-02   -5.625000000000000E-03    0.000000000000000E+00
    6.666666666666667E-02   -5.625000000000000E-03    0.000000000000000E+00
    7.083333333333333E-02   -5.625000000000000E-03    0.000000000000000E+00
    7.500000000000000E-02   -5.625000000000000E-03    0.000000000000000E+00
    7.916666666666666E-02   -5.625000000000000E-03    0.000000000000000E+00
    8.333333333333333E-02   -5.625000000000000E-03    0.000000000000000E+00
    8.749999999999999E-02   -5.625000000000000E-03    0.000000000000000E+00
    9.166666666666666E-02   -5.625000000000000E-03    0.000000000000000E+00
    9.583333333333333E-02   -5.625000000000000E-03    0.000000000000000E+00
    1.000000000000000E-01   -5.625000000000000E-03    0.000000000000000E+00
    1.041666666666667E-01   -5.625000000000000E-03    0.000000000000000E+00
    1.083333333333333E-01   -5.625000000000000E-03    0.000000000000000E+00
    1.125000000000000E-01   -5.625000000000000E-03    0.000000000000000E+00
    1.166666666666667E-01   -5.625000000000000E-03    0.000000000000000E+00
    1.208333333333333E-01   -5.625000000000000E-03    0.000000000000000E+00
    1.250000000000000E-01   -5.625000000000000E-03    0.000000000000000E+00
    1.291666666666667E-01   -5.625000000000000E-03    0.000000000000000E+00
    1.333333333333333E-01   -5.625000000000000E-03    0.000000000000000E+00
    1.375000000000000E-01   -5.625000000000000E-03    0.000000000000000E+00
    1.416666666666667E-01   -5.625000000000000E-03    0.000000000000000E+00
    1.458333333333333E-01   -5.625000000000000E-03    0.000000000000000E+00
    1.500000000000000E-01   -5.625000000000000E-03    0.000000000000000E+00
    1.541666666666667E-01   -5.625000000000000E-03    0.000000000000000E+00
    1.583333333333333E-01   -5.625000000000000E-03    0.000000000000000E+00
    1.625000000000000E-01   -5.625000000000000E-03    0.000000000000000E+00
    1.666666666666667E-01   -5.625000000000000E-03    0.000000000000000E+00
    1.708333333333333E-01   -5.625000000000000E-03    0.000000000000000E+00
    1.750000000000000E-01   -5.625000000000000E-03    0.000000000000000E+00
    1.791666666666667E-01   -5.625000000000000E-03    0.000000000000000E+00
    1.833333333333333E-01   -5.625000000000000E-03    0.000000000000000E+00
    1.875000000000000E-01   -5.625000000000000E-03    0.000000000000000E+00
    1.916666666666667E-01   -5.625000000000000E-03    0.000000000000000E+00
    1.958333333333333E-01   -5.625000000000000E-03    0.000000000000000E+00
    2.000000000000000E-01   -5.625000000000000E-03    0.000000000000000E+00
    2.041666666666667E-01   -5.625000000000000E-03    0.000000000000000E+00
    2.083333333333333E-01   -5.625000000000000E-03    0.000000000000000E+00
    2.125000000000000E-01   -5.625000000000000E-03    0.000000000000000E+00
    2.166666666666667E-01   -5.625000000000000E-03    0.000000000000000E+00
    2.208333333333333E-01   -5.625000000000000E-03    0.000000000000000E+00
    2.250000000000000E-01   -5.625000000000000E-03    0.000000000000000E+00
    2.291666666666667E-01   -5.625000000000000E-03    0.000000000000000E+00
    2.333333333333333E-01   -5.625000000000000E-03    0.000000000000000E+00
    2.375000000000000E-01   -5.625000000000000E-03    0.000000000000000E+00
    2.416666666666667E-01   -5.625000000000000E-03    0.000000000000000E+00
    2.458333333333333E-01   -5.625000000000000E-03    0.000000000000000E+00
    2.500000000000000E-01   -5.625000000000000E-03    0.000000000000000E+00
    2.541666666666667E-01   -5.625000000000000E-03    0.000000000000000E+00
    2.583333333333333E-01   -5.625000000000000E-03    0.000000000000000E+00
    2.625000000000000E-01   -5.625000000000000E-03    0.000000000000000E+00
    2.666666666666667E-01   -5.625000000000000E-03    0.000000000000000E+00
    2.708333333333333E-01   -5.625000000000000E-03    0.000000000000000E+00
    2.750000000000000E-01   -5.625000000000000E-03    0.000000000000000E+00
    2.791666666666667E-01   -5.625000000000000E-03    0.000000000000000E+00
    2.833333333333333E-01   -5.625000000000000E-03    0.000000000000000E+00
    2.875000000000000E-01   -5.625000000000000E-03    0.000000000000000E+00
    2.916666666666667E-01   -5.625000000000000E-03    0.000000000000000E+00
    2.958333333333333E-01   -5.625000000000000E-03    0.000000000000000E+00
    3.000000000000000E-01   -5.625000000000000E-03    0.000000000000000E+00
    3.041666666666666E-01   -5.625000000000000E-03    0.000000000000000E+00
    3.083333333333333E-01   -5.625000000000000E-03    0.000000000000000E+00
    3.125000000000000E-01   -5.625000000000000E-03    0.000000000000000E+00
    3.166666666666667E-01   -5.625000000000000E-03    0.000000000000000E+00
    3.208333333333333E-01   -5.625000000000000E-03    0.000000000000000E+00
    3.250000000000000E-01   -5.625000000000000E-03    0.000000000000000E+00
    3.291666666666667E-01   -5.625000000000000E-03    0.000000000000000E+00
    3.333333333333333E-01   -5.625000000000000E-03    0.000000000000000E+00
    3.375000000000000E-01   -5.625000000000000E-03    0.000000000000000E+00
    3.416666666666667E-01   -5.625000000000000E-03    0.000000000000000E+00
    3.458333333333333E-01   -5.625000000000000E-03    0.000000000000000E+00
    3.500000000000000E-01   -5.625000000000000E-03    0.000000000000000E+00
    3.541666666666667E-01   -5.625000000000000E-03    0.000000000000000E+00
    3.583333333333333E-01   -5.625000000000000E-03    0.000000000000000E+00
    3.625000000000000E-01   -5.625000000000000E-03    0.000000000000000E+00
    3.666666666666666E-01   -5.625000000000000E-03    0.000000000000000E+00
    3.708333333333333E-01   -5.625000000000000E-03    0.000000000000000E+00
    3.750000000000000E-01   -5.625000000000000E-03    0.000000000000000E+00
    3.791666666666667E-01   -5.625000000000000E-03    0.000000000000000E+00
    3.833333333333333E-01   -5.625000000000000E-03    0.000000000000000E+00
    3.875000000000000E-01   -5.625000000000000E-03    0.000000000000000E+00
    3.916666666666667E-01   -5.625000000000000E-03    0.000000000000000E+00
    3.958333333333333E-01   -5.625000000000000E-03    0.000000000000000E+00
    4.000000000000000E-01   -5.625000000000000E-03    0.000000000000000E+00
    4.041666666666667E-01   -5.625000000000000E-03    0.000000000000000E+00
    4.083333333333333E-01   -5.625000000000000E-03    0.000000000000000E+00
    4.125000000000000E-01   -5.625000000000000E-03    0.000000000000000E+00
    4.166666666666667E-01   -5.625000000000000E-03    0.000000000000000E+00
    4.208333333333333E-01   -5.625000000000000E-03    0.000000000000000E+00
    4.250000000000000E-01   -5.625000000000000E-03    0.000000000000000E+00
    4.291666666666666E-01   -5.625000000000000E-03    0.000000000000000E+00
    4.333333333333333E-01   -5.625000000000000E-03    0.000000000000000E+00
    4.375000000000000E-01   -5.625000000000000E-03    0.000000000000000E+00
    4.416666666666667E-01   -5.625000000000000E-03    0.000000000000000E+00
    4.458333333333333E-01   -5.625000000000000E-03    0.000000000000000E+00
    4.500000000000000E-01   -5.625000000000000E-03    0.000000000000000E+00
    4.541666666666667E-01   -5.625000000000000E-03    0.000000000000000E+00
    4.583333333333333E-01   -5.625000000000000E-03    0.000000000000000E+00
    4.625000000000000E-01   -5.625000000000000E-03    0.000000000000000E+00
    4.666666666666667E-01   -5.625000000000000E-03    0.000000000000000E+00
    4.708333333333333E-01   -5.625000000000000E-03    0.000000000000000E+00
    4.750000000000000E-01   -5.625000000000000E-03    0.000000000000000E+00
    4.791666666666667E-01   -5.625000000000000E-03    0.000000000000000E+00
    4.833333333333333E-01   -5.625000000000000E-03    0.000000000000000E+00
    4.875000000000000E-01   -5.625000000000000E-03    0.000000000000000E+00
    4.916666666666666E-01   -5.625000000000000E-03    0.000000000000000E+00
    4.958333333333333E-01   -5.625000000000000E-03    0.000000000000000E+00
    5.000000000000000E-01   -5.625000000000000E-03    0.000000000000000E+00
    0.000000000000000E+00   -5.000000000000000E-03    0.000000000000000E+00
    4.166666666666667E-03   -5.000000000000000E-03    0.000000000000000E+00
    8.333333333333333E-03   -5.000000000000000E-03    0.000000000000000E+00
    1.250000000000000E-02   -5.000000000000000E-03    0.000000000000000E+00
    1.666666666666667E-02   -5.000000000000000E-03    0.000000000000000E+00
    2.083333333333333E-02   -5.000000000000000E-03    0.000000000000000E+00
    2.500000000000000E-02   -5.000000000000000E-03    0.000000000000000E+00
    2.916666666666667E-02   -5.000000000000000E-03    0.000000000000000E+00
    3.333333333333333E-02   -5.000000000000000E-03    0.000000000000000E+00
    3.750000000000000E-02   -5.000000000000000E-03    0.000000000000000E+00
    4.166666666666666E-02   -5.000000000000000E-03    0.000000000000000E+00
    4.583333333333333E-02   -5.000000000000000E-03    0.000000000000000E+00
    5.000000000000000E-02   -5.000000000000000E-03    0.000000000000000E+00
    5.416666666666667E-02   -5.000000000000000E-03    0.000000000000000E+00
    5.833333333333333E-02   -5.000000000000000E-03    0.000000000000000E+00
    6.250000000000000E-02   -5.000000000000000E-03    0.000000000000000E+00
    6.666666666666667E-02   -5.000000000000000E-03    0.000000000000000E+00
    7.083333333333333E-02   -5.000000000000000E-03    0.000000000000000E+00
    7.500000000000000E-02   -5.000000000000000E-03    0.000000000000000E+00
    7.916666666666666E-02   -5.000000000000000E-03    0.000000000000000E+00
    8.333333333333333E-02   -5.000000000000000E-03    0.000000000000000E+00
    8.749999999999999E-02   -5.000000000000000E-03    0.000000000000000E+00
    9.166666666666666E-02   -5.000000000000000E-03    0.000000000000000E+00
    9.583333333333333E-02   -5.000000000000000E-03    0.000000000000000E+00
    1.000000000000000E-01   -5.000000000000000E-03    0.000000000000000E+00
    1.041666666666667E-01   -5.000000000000000E-03    0.000000000000000E+00
    1.083333333333333E-01   -5.000000000000000E-03    0.000000000000000E+00
    1.125000000000000E-01   -5.000000000000000E-03    0.000000000000000E+00
    1.166666666666667E-01   -5.000000000000000E-03    0.000000000000000E+00
    1.208333333333333E-01   -5.000000000000000E-03    0.000000000000000E+00
    1.250000000000000E-01   -5.000000000000000E-03    0.000000000000000E+00
    1.291666666666667E-01   -5.000000000000000E-03    0.000000000000000E+00
    1.333333333333333E-01   -5.000000000000000E-03    0.000000000000000E+00
    1.375000000000000E-01   -5.000000000000000E-03    0.000000000000000E+00
    1.416666666666667E-01   -5.000000000000000E-03    0.000000000000000E+00
    1.458333333333333E-01   -5.000000000000000E-03    0.000000000000000E+00
    1.500000000000000E-01   -5.000000000000000E-03    0.000000000000000E+00
    1.541666666666667E-01   -5.000000000000000E-03    0.000000000000000E+00
    1.583333333333333E-01   -5.000000000000000E-03    0.000000000000000E+00
    1.625000000000000E-01   -5.000000000000000E-03    0.000000000000000E+00
    1.666666666666667E-01   -5.000000000000000E-03    0.000000000000000E+00
    1.708333333333333E-01   -5.000000000000000E-03    0.000000000000000E+00
    1.750000000000000E-01   -5.000000000000000E-03    0.000000000000000E+00
    1.791666666666667E-01   -5.000000000000000E-03    0.000000000000000E+00
    1.833333333333333E-01   -5.000000000000000E-03    0.000000000000000E+00
    1.875000000000000E-01   -5.000000000000000E-03    0.000000000000000E+00
    1.916666666666667E-01   -5.000000000000000E-03    0.000000000000000E+00
    1.958333333333333E-01   -5.000000000000000E-03    0.000000000000000E+00
    2.000000000000000E-01   -5.000000000000000E-03    0.000000000000000E+00
    2.041666666666667E-01   -5.000000000000000E-03    0.000000000000000E+00
    2.083333333333333E-01   -5.000000000000000E-03    0.000000000000000E+00
    2.125000000000000E-01   -5.000000000000000E-03    0.000000000000000E+00
    2.166666666666667E-01   -5.000000000000000E-03    0.000000000000000E+00
    2.208333333333333E-01   -5.000000000000000E-03    0.000000000000000E+00
    2.250000000000000E-01   -5.000000000000000E-03    0.000000000000000E+00
    2.291666666666667E-01   -5.000000000000000E-03    0.000000000000000E+00
    2.333333333333333E-01   -5.000000000000000E-03    0.000000000000000E+00
    2.375000000000000E-01   -5.000000000000000E-03    0.000000000000000E+00
    2.416666666666667E-01   -5.000000000000000E-03    0.000000000000000E+00
    2.458333333333333E-01   -5.000000000000000E-03    0.000000000000000E+00
    2.500000000000000E-01   -5.000000000000000E-03    0.000000000000000E+00
    2.541666666666667E-01   -5.000000000000000E-03    0.000000000000000E+00
    2.583333333333333E-01   -5.000000000000000E-03    0.000000000000000E+00
    2.625000000000000E-01   -5.000000000000000E-03    0.000000000000000E+00
    2.666666666666667E-01   -5.000000000000000E-03    0.000000000000000E+00
    2.708333333333333E-01   -5.000000000000000E-03    0.000000000000000E+00
    2.750000000000000E-01   -5.000000000000000E-03    0.000000000000000E+00
    2.791666666666667E-01   -5.000000000000000E-03    0.000000000000000E+00
    2.833333333333333E-01   -5.000000000000000E-03    0.000000000000000E+00
    2.875000000000000E-01   -5.000000000000000E-03    0.000000000000000E+00
    2.916666666666667E-01   -5.000000000000000E-03    0.000000000000000E+00
    2.958333333333333E-01   -5.000000000000000E-03    0.000000000000000E+00
    3.000000000000000E-01   -5.000000000000000E-03    0.000000000000000E+00
    3.041666666666666E-01   -5.000000000000000E-03    0.000000000000000E+00
    3.083333333333333E-01   -5.000000000000000E-03    0.000000000000000E+00
    3.125000000000000E-01   -5.000000000000000E-03    0.000000000000000E+00
    3.166666666666667E-01   -5.000000000000000E-03    0.000000000000000E+00
    3.208333333333333E-01   -5.000000000000000E-03    0.000000000000000E+00
    3.250000000000000E-01   -5.000000000000000E-03    0.000000000000000E+00
    3.291666666666667E-01   -5.000000000000000E-03    0.000000000000000E+00
    3.333333333333333E-01   -5.000000000000000E-03    0.000000000000000E+00
    3.375000000000000E-01   -5.000000000000000E-03    0.000000000000000E+00
    3.416666666666667E-01   -5.000000000000000E-03    0.000000000000000E+00
    3.458333333333333E-01   -5.000000000000000E-03    0.000000000000000E+00
    3.500000000000000E-01   -5.000000000000000E-03    0.000000000000000E+00
    3.541666666666667E-01   -5.000000000000000E-03    0.000000000000000E+00
    3.583333333333333E-01   -5.000000000000000E-03    0.000000000000000E+00
    3.625000000000000E-01   -5.000000000000000E-03    0.000000000000000E+00
    3.666666666666666E-01   -5.000000000000000E-03    0.000000000000000E+00
    3.708333333333333E-01   -5.000000000000000E-03    0.000000000000000E+00
    3.750000000000000E-01   -5.000000000000000E-03    0.000000000000000E+00
    3.791666666666667E-01   -5.000000000000000E-03    0.000000000000000E+00
    3.833333333333333E-01   -5.000000000000000E-03    0.000000000000000E+00
    3.875000000000000E-01   -5.000000000000000E-03    0.000000000000000E+00
    3.916666666666667E-01   -5.000000000000000E-03    0.000000000000000E+00
    3.958333333333333E-01   -5.000000000000000E-03    0.000000000000000E+00
    4.000000000000000E-01   -5.000000000000000E-03    0.000000000000000E+00
    4.041666666666667E-01   -5.000000000000000E-03    0.000000000000000E+00
    4.083333333333333E-01   -5.000000000000000E-03    0.000000000000000E+00
    4.125000000000000E-01   -5.000000000000000E-03    0.000000000000000E+00
    4.166666666666667E-01   -5.000000000000000E-03    0.000000000000000E+00
    4.208333333333333E-01   -5.000000000000000E-03    0.000000000000000E+00
    4.250000000000000E-01   -5.000000000000000E-03    0.000000000000000E+00
    4.291666666666666E-01   -5.000000000000000E-03    0.000000000000000E+00
    4.333333333333333E-01   -5.000000000000000E-03    0.000000000000000E+00
    4.375000000000000E-01   -5.000000000000000E-03    0.000000000000000E+00
    4.416666666666667E-01   -5.000000000000000E-03    0.000000000000000E+00
    4.458333333333333E-01   -5.000000000000000E-03    0.000000000000000E+00
    4.500000000000000E-01   -5.000000000000000E-03    0.000000000000000E+00
    4.541666666666667E-01   -5.000000000000000E-03    0.000000000000000E+00
    4.583333333333333E-01   -5.000000000000000E-03    0.000000000000000E+00
    4.625000000000000E-01   -5.000000000000000E-03    0.000000000000000E+00
    4.666666666666667E-01   -5.000000000000000E-03    0.000000000000000E+00
    4.708333333333333E-01   -5.000000000000000E-03    0.000000000000000E+00
    4.750000000000000E-01   -5.000000000000000E-03    0.000000000000000E+00
    4.791666666666667E-01   -5.000000000000000E-03    0.000000000000000E+00
    4.833333333333333E-01   -5.000000000000000E-03    0.000000000000000E+00
    4.875000000000000E-01   -5.000000000000000E-03    0.000000000000000E+00
    4.916666666666666E-01   -5.000000000000000E-03    0.000000000000000E+00
    4.958333333333333E-01   -5.000000000000000E-03    0.000000000000000E+00
    5.000000000000000E-01   -5.000000000000000E-03    0.000000000000000E+00
    0.000000000000000E+00   -4.375000000000000E-03    0.000000000000000E+00
    4.166666666666667E-03   -4.375000000000000E-03    0.000000000000000E+00
    8.333333333333333E-03   -4.375000000000000E-03    0.000000000000000E+00
    1.250000000000000E-02   -4.375000000000000E-03    0.000000000000000E+00
    1.666666666666667E-02   -4.375000000000000E-03    0.000000000000000E+00
    2.083333333333333E-02   -4.375000000000000E-03    0.000000000000000E+00
    2.500000000000000E-02   -4.375000000000000E-03    0.000000000000000E+00
    2.916666666666667E-02   -4.375000000000000E-03    0.000000000000000E+00
    3.333333333333333E-02   -4.375000000000000E-03    0.000000000000000E+00
    3.750000000000000E-02   -4.375000000000000E-03    0.000000000000000E+00
    4.166666666666666E-02   -4.375000000000000E-03    0.000000000000000E+00
    4.583333333333333E-02   -4.375000000000000E-03    0.000000000000000E+00
    5.000000000000000E-02   -4.375000000000000E-03    0.000000000000000E+00
    5.416666666666667E-02   -4.375000000000000E-03    0.000000000000000E+00
    5.833333333333333E-02   -4.375000000000000E-03    0.000000000000000E+00
    6.250000000000000E-02   -4.375000000000000E-03    0.000000000000000E+00
    6.666666666666667E-02   -4.375000000000000E-03    0.000000000000000E+00
    7.083333333333333E-02   -4.375000000000000E-03    0.000000000000000E+00
    7.500000000000000E-02   -4.375000000000000E-03    0.000000000000000E+00
    7.916666666666666E-02   -4.375000000000000E-03    0.000000000000000E+00
    8.333333333333333E-02   -4.375000000000000E-03    0.000000000000000E+00
    8.749999999999999E-02   -4.375000000000000E-03    0.000000000000000E+00
    9.166666666666666E-02   -4.375000000000000E-03    0.000000000000000E+00
    9.583333333333333E-02   -4.375000000000000E-03    0.000000000000000E+00
    1.000000000000000E-01   -4.375000000000000E-03    0.000000000000000E+00
    1.041666666666667E-01   -4.375000000000000E-03    0.000000000000000E+00
    1.083333333333333E-01   -4.375000000000000E-03    0.000000000000000E+00
    1.125000000000000E-01   -4.375000000000000E-03    0.000000000000000E+00
    1.166666666666667E-01   -4.375000000000000E-03    0.000000000000000E+00
    1.208333333333333E-01   -4.375000000000000E-03    0.000000000000000E+00
    1.250000000000000E-01   -4.375000000000000E-03    0.000000000000000E+00
    1.291666666666667E-01   -4.375000000000000E-03    0.000000000000000E+00
    1.333333333333333E-01   -4.375000000000000E-03    0.000000000000000E+00
    1.375000000000000E-01   -4.375000000000000E-03    0.000000000000000E+00
    1.416666666666667E-01   -4.375000000000000E-03    0.000000000000000E+00
    1.458333333333333E-01   -4.375000000000000E-03    0.000000000000000E+00
    1.500000000000000E-01   -4.375000000000000E-03    0.000000000000000E+00
    1.541666666666667E-01   -4.375000000000000E-03    0.000000000000000E+00
    1.583333333333333E-01   -4.375000000000000E-03    0.000000000000000E+00
    1.625000000000000E-01   -4.375000000000000E-03    0.000000000000000E+00
    1.666666666666667E-01   -4.375000000000000E-03    0.000000000000000E+00
    1.708333333333333E-01   -4.375000000000000E-03    0.000000000000000E+00
    1.750000000000000E-01   -4.375000000000000E-03    0.000000000000000E+00
    1.791666666666667E-01   -4.375000000000000E-03    0.000000000000000E+00
    1.833333333333333E-01   -4.375000000000000E-03    0.000000000000000E+00
    1.875000000000000E-01   -4.375000000000000E-03    0.000000000000000E+00
    1.916666666666667E-01   -4.375000000000000E-03    0.000000000000000E+00
    1.958333333333333E-01   -4.375000000000000E-03    0.000000000000000E+00
    2.000000000000000E-01   -4.375000000000000E-03    0.000000000000000E+00
    2.041666666666667E-01   -4.375000000000000E-03    0.000000000000000E+00
    2.083333333333333E-01   -4.375000000000000E-03    0.000000000000000E+00
    2.125000000000000E-01   -4.375000000000000E-03    0.000000000000000E+00
    2.166666666666667E-01   -4.375000000000000E-03    0.000000000000000E+00
    2.208333333333333E-01   -4.375000000000000E-03    0.000000000000000E+00
    2.250000000000000E-01   -4.375000000000000E-03    0.000000000000000E+00
    2.291666666666667E-01   -4.375000000000000E-03    0.000000000000000E+00
    2.333333333333333E-01   -4.375000000000000E-03    0.000000000000000E+00
    2.375000000000000E-01   -4.375000000000000E-03    0.000000000000000E+00
    2.416666666666667E-01   -4.375000000000000E-03    0.000000000000000E+00
    2.458333333333333E-01   -4.375000000000000E-03    0.000000000000000E+00
    2.500000000000000E-01   -4.375000000000000E-03    0.000000000000000E+00
    2.541666666666667E-01   -4.375000000000000E-03    0.000000000000000E+00
    2.583333333333333E-01   -4.375000000000000E-03    0.000000000000000E+00
    2.625000000000000E-01   -4.375000000000000E-03    0.000000000000000E+00
    2.666666666666667E-01   -4.375000000000000E-03    0.000000000000000E+00
    2.708333333333333E-01   -4.375000000000000E-03    0.000000000000000E+00
    2.750000000000000E-01   -4.375000000000000E-03    0.000000000000000E+00
    2.791666666666667E-01   -4.375000000000000E-03    0.000000000000000E+00
    2.833333333333333E-01   -4.375000000000000E-03    0.000000000000000E+00
    2.875000000000000E-01   -4.375000000000000E-03    0.000000000000000E+00
    2.916666666666667E-01   -4.375000000000000E-03    0.000000000000000E+00
    2.958333333333333E-01   -4.375000000000000E-03    0.000000000000000E+00
    3.000000000000000E-01   -4.375000000000000E-03    0.000000000000000E+00
    3.041666666666666E-01   -4.375000000000000E-03    0.000000000000000E+00
    3.083333333333333E-01   -4.375000000000000E-03    0.000000000000000E+00
    3.125000000000000E-01   -4.375000000000000E-03    0.000000000000000E+00
    3.166666666666667E-01   -4.375000000000000E-03    0.000000000000000E+00
    3.208333333333333E-01   -4.375000000000000E-03    0.000000000000000E+00
    3.250000000000000E-01   -4.375000000000000E-03    0.000000000000000E+00
    3.291666666666667E-01   -4.375000000000000E-03    0.000000000000000E+00
    3.333333333333333E-01   -4.375000000000000E-03    0.000000000000000E+00
    3.375000000000000E-01   -4.375000000000000E-03    0.000000000000000E+00
    3.416666666666667E-01   -4.375000000000000E-03    0.000000000000000E+00
    3.458333333333333E-01   -4.375000000000000E-03    0.000000000000000E+00
    3.500000000000000E-01   -4.375000000000000E-03    0.000000000000000E+00
    3.541666666666667E-01   -4.375000000000000E-03    0.000000000000000E+00
    3.583333333333333E-01   -4.375000000000000E-03    0.000000000000000E+00
    3.625000000000000E-01   -4.375000000000000E-03    0.000000000000000E+00
    3.666666666666666E-01   -4.375000000000000E-03    0.000000000000000E+00
    3.708333333333333E-01   -4.375000000000000E-03    0.000000000000000E+00
    3.750000000000000E-01   -4.375000000000000E-03    0.000000000000000E+00
    3.791666666666667E-01   -4.375000000000000E-03    0.000000000000000E+00
    3.833333333333333E-01   -4.375000000000000E-03    0.000000000000000E+00
    3.875000000000000E-01   -4.375000000000000E-03    0.000000000000000E+00
    3.916666666666667E-01   -4.375000000000000E-03    0.000000000000000E+00
    3.958333333333333E-01   -4.375000000000000E-03    0.000000000000000E+00
    4.000000000000000E-01   -4.375000000000000E-03    0.000000000000000E+00
    4.041666666666667E-01   -4.375000000000000E-03    0.000000000000000E+00
    4.083333333333333E-01   -4.375000000000000E-03    0.000000000000000E+00
    4.125000000000000E-01   -4.375000000000000E-03    0.000000000000000E+00
    4.166666666666667E-01   -4.375000000000000E-03    0.000000000000000E+00
    4.208333333333333E-01   -4.375000000000000E-03    0.000000000000000E+00
    4.250000000000000E-01   -4.375000000000000E-03    0.000000000000000E+00
    4.291666666666666E-01   -4.375000000000000E-03    0.000000000000000E+00
    4.333333333333333E-01   -4.375000000000000E-03    0.000000000000000E+00
    4.375000000000000E-01   -4.375000000000000E-03    0.000000000000000E+00
    4.416666666666667E-01   -4.375000000000000E-03    0.000000000000000E+00
    4.458333333333333E-01   -4.375000000000000E-03    0.000000000000000E+00
    4.500000000000000E-01   -4.375000000000000E-03    0.000000000000000E+00
    4.541666666666667E-01   -4.375000000000000E-03    0.000000000000000E+00
    4.583333333333333E-01   -4.375000000000000E-03    0.000000000000000E+00
    4.625000000000000E-01   -4.375000000000000E-03    0.000000000000000E+00
    4.666666666666667E-01   -4.375000000000000E-03    0.000000000000000E+00
    4.708333333333333E-01   -4.375000000000000E-03    0.000000000000000E+00
    4.750000000000000E-01   -4.375000000000000E-03    0.000000000000000E+00
    4.791666666666667E-01   -4.375000000000000E-03    0.000000000000000E+00
    4.833333333333333E-01   -4.375000000000000E-03    0.000000000000000E+00
    4.875000000000000E-01   -4.375000000000000E-03    0.000000000000000E+00
    4.916666666666666E-01   -4.375000000000000E-03    0.000000000000000E+00
    4.958333333333333E-01   -4.375000000000000E-03    0.000000000000000E+00
    5.000000000000000E-01   -4.375000000000000E-03    0.000000000000000E+00
    0.000000000000000E+00   -3.750000000000000E-03    0.000000000000000E+00
    4.166666666666667E-03   -3.750000000000000E-03    0.000000000000000E+00
    8.333333333333333E-03   -3.750000000000000E-03    0.000000000000000E+00
    1.250000000000000E-02   -3.750000000000000E-03    0.000000000000000E+00
    1.666666666666667E-02   -3.750000000000000E-03    0.000000000000000E+00
    2.083333333333333E-02   -3.750000000000000E-03    0.000000000000000E+00
    2.500000000000000E-02   -3.750000000000000E-03    0.000000000000000E+00
    2.916666666666667E-02   -3.750000000000000E-03    0.000000000000000E+00
    3.333333333333333E-02   -3.750000000000000E-03    0.000000000000000E+00
    3.750000000000000E-02   -3.750000000000000E-03    0.000000000000000E+00
    4.166666666666666E-02   -3.750000000000000E-03    0.000000000000000E+00
    4.583333333333333E-02   -3.750000000000000E-03    0.000000000000000E+00
    5.000000000000000E-02   -3.750000000000000E-03    0.000000000000000E+00
    5.416666666666667E-02   -3.750000000000000E-03    0.000000000000000E+00
    5.833333333333333E-02   -3.750000000000000E-03    0.000000000000000E+00
    6.250000000000000E-02   -3.750000000000000E-03    0.000000000000000E+00
    6.666666666666667E-02   -3.750000000000000E-03    0.000000000000000E+00
    7.083333333333333E-02   -3.750000000000000E-03    0.000000000000000E+00
    7.500000000000000E-02   -3.750000000000000E-03    0.000000000000000E+00
    7.916666666666666E-02   -3.750000000000000E-03    0.000000000000000E+00
    8.333333333333333E-02   -3.750000000000000E-03    0.000000000000000E+00
    8.749999999999999E-02   -3.750000000000000E-03    0.000000000000000E+00
    9.166666666666666E-02   -3.750000000000000E-03    0.000000000000000E+00
    9.583333333333333E-02   -3.750000000000000E-03    0.000000000000000E+00
    1.000000000000000E-01   -3.750000000000000E-03    0.000000000000000E+00
    1.041666666666667E-01   -3.750000000000000E-03    0.000000000000000E+00
    1.083333333333333E-01   -3.750000000000000E-03    0.000000000000000E+00
    1.125000000000000E-01   -3.750000000000000E-03    0.000000000000000E+00
    1.166666666666667E-01   -3.750000000000000E-03    0.000000000000000E+00
    1.208333333333333E-01   -3.750000000000000E-03    0.000000000000000E+00
    1.250000000000000E-01   -3.750000000000000E-03    0.000000000000000E+00
    1.291666666666667E-01   -3.750000000000000E-03    0.000000000000000E+00
    1.333333333333333E-01   -3.750000000000000E-03    0.000000000000000E+00
    1.375000000000000E-01   -3.750000000000000E-03    0.000000000000000E+00
    1.416666666666667E-01   -3.750000000000000E-03    0.000000000000000E+00
    1.458333333333333E-01   -3.750000000000000E-03    0.000000000000000E+00
    1.500000000000000E-01   -3.750000000000000E-03    0.000000000000000E+00
    1.541666666666667E-01   -3.750000000000000E-03    0.000000000000000E+00
    1.583333333333333E-01   -3.750000000000000E-03    0.000000000000000E+00
    1.625000000000000E-01   -3.750000000000000E-03    0.000000000000000E+00
    1.666666666666667E-01   -3.750000000000000E-03    0.000000000000000E+00
    1.708333333333333E-01   -3.750000000000000E-03    0.000000000000000E+00
    1.750000000000000E-01   -3.750000000000000E-03    0.000000000000000E+00
    1.791666666666667E-01   -3.750000000000000E-03    0.000000000000000E+00
    1.833333333333333E-01   -3.750000000000000E-03    0.000000000000000E+00
    1.875000000000000E-01   -3.750000000000000E-03    0.000000000000000E+00
    1.916666666666667E-01   -3.750000000000000E-03    0.000000000000000E+00
    1.958333333333333E-01   -3.750000000000000E-03    0.000000000000000E+00
    2.000000000000000E-01   -3.750000000000000E-03    0.000000000000000E+00
    2.041666666666667E-01   -3.750000000000000E-03    0.000000000000000E+00
    2.083333333333333E-01   -3.750000000000000E-03    0.000000000000000E+00
    2.125000000000000E-01   -3.750000000000000E-03    0.000000000000000E+00
    2.166666666666667E-01   -3.750000000000000E-03    0.000000000000000E+00
    2.208333333333333E-01   -3.750000000000000E-03    0.000000000000000E+00
    2.250000000000000E-01   -3.750000000000000E-03    0.000000000000000E+00
    2.291666666666667E-01   -3.750000000000000E-03    0.000000000000000E+00
    2.333333333333333E-01   -3.750000000000000E-03    0.000000000000000E+00
    2.375000000000000E-01   -3.750000000000000E-03    0.000000000000000E+00
    2.416666666666667E-01   -3.750000000000000E-03    0.000000000000000E+00
    2.458333333333333E-01   -3.750000000000000E-03    0.000000000000000E+00
    2.500000000000000E-01   -3.750000000000000E-03    0.000000000000000E+00
    2.541666666666667E-01   -3.750000000000000E-03    0.000000000000000E+00
    2.583333333333333E-01   -3.750000000000000E-03    0.000000000000000E+00
    2.625000000000000E-01   -3.750000000000000E-03    0.000000000000000E+00
    2.666666666666667E-01   -3.750000000000000E-03    0.000000000000000E+00
    2.708333333333333E-01   -3.750000000000000E-03    0.000000000000000E+00
    2.750000000000000E-01   -3.750000000000000E-03    0.000000000000000E+00
    2.791666666666667E-01   -3.750000000000000E-03    0.000000000000000E+00
    2.833333333333333E-01   -3.750000000000000E-03    0.000000000000000E+00
    2.875000000000000E-01   -3.750000000000000E-03    0.000000000000000E+00
    2.916666666666667E-01   -3.750000000000000E-03    0.000000000000000E+00
    2.958333333333333E-01   -3.750000000000000E-03    0.000000000000000E+00
    3.000000000000000E-01   -3.750000000000000E-03    0.000000000000000E+00
    3.041666666666666E-01   -3.750000000000000E-03    0.000000000000000E+00
    3.083333333333333E-01   -3.750000000000000E-03    0.000000000000000E+00
    3.125000000000000E-01   -3.750000000000000E-03    0.000000000000000E+00
    3.166666666666667E-01   -3.750000000000000E-03    0.000000000000000E+00
    3.208333333333333E-01   -3.750000000000000E-03    0.000000000000000E+00
    3.250000000000000E-01   -3.750000000000000E-03    0.000000000000000E+00
    3.291666666666667E-01   -3.750000000000000E-03    0.000000000000000E+00
    3.333333333333333E-01   -3.750000000000000E-03    0.000000000000000E+00
    3.375000000000000E-01   -3.750000000000000E-03    0.000000000000000E+00
    3.416666666666667E-01   -3.750000000000000E-03    0.000000000000000E+00
    3.458333333333333E-01   -3.750000000000000E-03    0.000000000000000E+00
    3.500000000000000E-01   -3.750000000000000E-03    0.000000000000000E+00
    3.541666666666667E-01   -3.750000000000000E-03    0.000000000000000E+00
    3.583333333333333E-01   -3.750000000000000E-03    0.000000000000000E+00
    3.625000000000000E-01   -3.750000000000000E-03    0.000000000000000E+00
    3.666666666666666E-01   -3.750000000000000E-03    0.000000000000000E+00
    3.708333333333333E-01   -3.750000000000000E-03    0.000000000000000E+00
    3.750000000000000E-01   -3.750000000000000E-03    0.000000000000000E+00
    3.791666666666667E-01   -3.750000000000000E-03    0.000000000000000E+00
    3.833333333333333E-01   -3.750000000000000E-03    0.000000000000000E+00
    3.875000000000000E-01   -3.750000000000000E-03    0.000000000000000E+00
    3.916666666666667E-01   -3.750000000000000E-03    0.000000000000000E+00
    3.958333333333333E-01   -3.750000000000000E-03    0.000000000000000E+00
    4.000000000000000E-01   -3.750000000000000E-03    0.000000000000000E+00
    4.041666666666667E-01   -3.750000000000000E-03    0.000000000000000E+00
    4.083333333333333E-01   -3.750000000000000E-03    0.000000000000000E+00
    4.125000000000000E-01   -3.750000000000000E-03    0.000000000000000E+00
    4.166666666666667E-01   -3.750000000000000E-03    0.000000000000000E+00
    4.208333333333333E-01   -3.750000000000000E-03    0.000000000000000E+00
    4.250000000000000E-01   -3.750000000000000E-03    0.000000000000000E+00
    4.291666666666666E-01   -3.750000000000000E-03    0.000000000000000E+00
    4.333333333333333E-01   -3.750000000000000E-03    0.000000000000000E+00
    4.375000000000000E-01   -3.750000000000000E-03    0.000000000000000E+00
    4.416666666666667E-01   -3.750000000000000E-03    0.000000000000000E+00
    4.458333333333333E-01   -3.750000000000000E-03    0.000000000000000E+00
    4.500000000000000E-01   -3.750000000000000E-03    0.000000000000000E+00
    4.541666666666667E-01   -3.750000000000000E-03    0.000000000000000E+00
    4.583333333333333E-01   -3.750000000000000E-03    0.000000000000000E+00
    4.625000000000000E-01   -3.750000000000000E-03    0.000000000000000E+00
    4.666666666666667E-01   -3.750000000000000E-03    0.000000000000000E+00
    4.708333333333333E-01   -3.750000000000000E-03    0.000000000000000E+00
    4.750000000000000E-01   -3.750000000000000E-03    0.000000000000000E+00
    4.791666666666667E-01   -3.750000000000000E-03    0.000000000000000E+00
    4.833333333333333E-01   -3.750000000000000E-03    0.000000000000000E+00
    4.875000000000000E-01   -3.750000000000000E-03    0.000000000000000E+00
    4.916666666666666E-01   -3.750000000000000E-03    0.000000000000000E+00
    4.958333333333333E-01   -3.750000000000000E-03    0.000000000000000E+00
    5.000000000000000E-01   -3.750000000000000E-03    0.000000000000000E+00
    0.000000000000000E+00   -3.125000000000000E-03    0.000000000000000E+00
    4.166666666666667E-03   -3.125000000000000E-03    0.000000000000000E+00
    8.333333333333333E-03   -3.125000000000000E-03    0.000000000000000E+00
    1.250000000000000E-02   -3.125000000000000E-03    0.000000000000000E+00
    1.666666666666667E-02   -3.125000000000000E-03    0.000000000000000E+00
    2.083333333333333E-02   -3.125000000000000E-03    0.000000000000000E+00
    2.500000000000000E-02   -3.125000000000000E-03    0.000000000000000E+00
    2.916666666666667E-02   -3.125000000000000E-03    0.000000000000000E+00
    3.333333333333333E-02   -3.125000000000000E-03    0.000000000000000E+00
    3.750000000000000E-02   -3.125000000000000E-03    0.000000000000000E+00
    4.166666666666666E-02   -3.125000000000000E-03    0.000000000000000E+00
    4.583333333333333E-02   -3.125000000000000E-03    0.000000000000000E+00
    5.000000000000000E-02   -3.125000000000000E-03    0.000000000000000E+00
    5.416666666666667E-02   -3.125000000000000E-03    0.000000000000000E+00
    5.833333333333333E-02   -3.125000000000000E-03    0.000000000000000E+00
    6.250000000000000E-02   -3.125000000000000E-03    0.000000000000000E+00
    6.666666666666667E-02   -3.125000000000000E-03    0.000000000000000E+00
    7.083333333333333E-02   -3.125000000000000E-03    0.000000000000000E+00
    7.500000000000000E-02   -3.125000000000000E-03    0.000000000000000E+00
    7.916666666666666E-02   -3.125000000000000E-03    0.000000000000000E+00
    8.333333333333333E-02   -3.125000000000000E-03    0.000000000000000E+00
    8.749999999999999E-02   -3.125000000000000E-03    0.000000000000000E+00
    9.166666666666666E-02   -3.125000000000000E-03    0.000000000000000E+00
    9.583333333333333E-02   -3.125000000000000E-03    0.000000000000000E+00
    1.000000000000000E-01   -3.125000000000000E-03    0.000000000000000E+00
    1.041666666666667E-01   -3.125000000000000E-03    0.000000000000000E+00
    1.083333333333333E-01   -3.125000000000000E-03    0.000000000000000E+00
    1.125000000000000E-01   -3.125000000000000E-03    0.000000000000000E+00
    1.166666666666667E-01   -3.125000000000000E-03    0.000000000000000E+00
    1.208333333333333E-01   -3.125000000000000E-03    0.000000000000000E+00
    1.250000000000000E-01   -3.125000000000000E-03    0.000000000000000E+00
    1.291666666666667E-01   -3.125000000000000E-03    0.000000000000000E+00
    1.333333333333333E-01   -3.125000000000000E-03    0.000000000000000E+00
    1.375000000000000E-01   -3.125000000000000E-03    0.000000000000000E+00
    1.416666666666667E-01   -3.125000000000000E-03    0.000000000000000E+00
    1.458333333333333E-01   -3.125000000000000E-03    0.000000000000000E+00
    1.500000000000000E-01   -3.125000000000000E-03    0.000000000000000E+00
    1.541666666666667E-01   -3.125000000000000E-03    0.000000000000000E+00
    1.583333333333333E-01   -3.125000000000000E-03    0.000000000000000E+00
    1.625000000000000E-01   -3.125000000000000E-03    0.000000000000000E+00
    1.666666666666667E-01   -3.125000000000000E-03    0.000000000000000E+00
    1.708333333333333E-01   -3.125000000000000E-03    0.000000000000000E+00
    1.750000000000000E-01   -3.125000000000000E-03    0.000000000000000E+00
    1.791666666666667E-01   -3.125000000000000E-03    0.000000000000000E+00
    1.833333333333333E-01   -3.125000000000000E-03    0.000000000000000E+00
    1.875000000000000E-01   -3.125000000000000E-03    0.000000000000000E+00
    1.916666666666667E-01   -3.125000000000000E-03    0.000000000000000E+00
    1.958333333333333E-01   -3.125000000000000E-03    0.000000000000000E+00
    2.000000000000000E-01   -3.125000000000000E-03    0.000000000000000E+00
    2.041666666666667E-01   -3.125000000000000E-03    0.000000000000000E+00
    2.083333333333333E-01   -3.125000000000000E-03    0.000000000000000E+00
    2.125000000000000E-01   -3.125000000000000E-03    0.000000000000000E+00
    2.166666666666667E-01   -3.125000000000000E-03    0.000000000000000E+00
    2.208333333333333E-01   -3.125000000000000E-03    0.000000000000000E+00
    2.250000000000000E-01   -3.125000000000000E-03    0.000000000000000E+00
    2.291666666666667E-01   -3.125000000000000E-03    0.000000000000000E+00
    2.333333333333333E-01   -3.125000000000000E-03    0.000000000000000E+00
    2.375000000000000E-01   -3.125000000000000E-03    0.000000000000000E+00
    2.416666666666667E-01   -3.125000000000000E-03    0.000000000000000E+00
    2.458333333333333E-01   -3.125000000000000E-03    0.000000000000000E+00
    2.500000000000000E-01   -3.125000000000000E-03    0.000000000000000E+00
    2.541666666666667E-01   -3.125000000000000E-03    0.000000000000000E+00
    2.583333333333333E-01   -3.125000000000000E-03    0.000000000000000E+00
    2.625000000000000E-01   -3.125000000000000E-03    0.000000000000000E+00
    2.666666666666667E-01   -3.125000000000000E-03    0.000000000000000E+00
    2.708333333333333E-01   -3.125000000000000E-03    0.000000000000000E+00
    2.750000000000000E-01   -3.125000000000000E-03    0.000000000000000E+00
    2.791666666666667E-01   -3.125000000000000E-03    0.000000000000000E+00
    2.833333333333333E-01   -3.125000000000000E-03    0.000000000000000E+00
    2.875000000000000E-01   -3.125000000000000E-03    0.000000000000000E+00
    2.916666666666667E-01   -3.125000000000000E-03    0.000000000000000E+00
    2.958333333333333E-01   -3.125000000000000E-03    0.000000000000000E+00
    3.000000000000000E-01   -3.125000000000000E-03    0.000000000000000E+00
    3.041666666666666E-01   -3.125000000000000E-03    0.000000000000000E+00
    3.083333333333333E-01   -3.125000000000000E-03    0.000000000000000E+00
    3.125000000000000E-01   -3.125000000000000E-03    0.000000000000000E+00
    3.166666666666667E-01   -3.125000000000000E-03    0.000000000000000E+00
    3.208333333333333E-01   -3.125000000000000E-03    0.000000000000000E+00
    3.250000000000000E-01   -3.125000000000000E-03    0.000000000000000E+00
    3.291666666666667E-01   -3.125000000000000E-03    0.000000000000000E+00
    3.333333333333333E-01   -3.125000000000000E-03    0.000000000000000E+00
    3.375000000000000E-01   -3.125000000000000E-03    0.000000000000000E+00
    3.416666666666667E-01   -3.125000000000000E-03    0.000000000000000E+00
    3.458333333333333E-01   -3.125000000000000E-03    0.000000000000000E+00
    3.500000000000000E-01   -3.125000000000000E-03    0.000000000000000E+00
    3.541666666666667E-01   -3.125000000000000E-03    0.000000000000000E+00
    3.583333333333333E-01   -3.125000000000000E-03    0.000000000000000E+00
    3.625000000000000E-01   -3.125000000000000E-03    0.000000000000000E+00
    3.666666666666666E-01   -3.125000000000000E-03    0.000000000000000E+00
    3.708333333333333E-01   -3.125000000000000E-03    0.000000000000000E+00
    3.750000000000000E-01   -3.125000000000000E-03    0.000000000000000E+00
    3.791666666666667E-01   -3.125000000000000E-03    0.000000000000000E+00
    3.833333333333333E-01   -3.125000000000000E-03    0.000000000000000E+00
    3.875000000000000E-01   -3.125000000000000E-03    0.000000000000000E+00
    3.916666666666667E-01   -3.125000000000000E-03    0.000000000000000E+00
    3.958333333333333E-01   -3.125000000000000E-03    0.000000000000000E+00
    4.000000000000000E-01   -3.125000000000000E-03    0.000000000000000E+00
    4.041666666666667E-01   -3.125000000000000E-03    0.000000000000000E+00
    4.083333333333333E-01   -3.125000000000000E-03    0.000000000000000E+00
    4.125000000000000E-01   -3.125000000000000E-03    0.000000000000000E+00
    4.166666666666667E-01   -3.125000000000000E-03    0.000000000000000E+00
    4.208333333333333E-01   -3.125000000000000E-03    0.000000000000000E+00
    4.250000000000000E-01   -3.125000000000000E-03    0.000000000000000E+00
    4.291666666666666E-01   -3.125000000000000E-03    0.000000000000000E+00
    4.333333333333333E-01   -3.125000000000000E-03    0.000000000000000E+00
    4.375000000000000E-01   -3.125000000000000E-03    0.000000000000000E+00
    4.416666666666667E-01   -3.125000000000000E-03    0.000000000000000E+00
    4.458333333333333E-01   -3.125000000000000E-03    0.000000000000000E+00
    4.500000000000000E-01   -3.125000000000000E-03    0.000000000000000E+00
    4.541666666666667E-01   -3.125000000000000E-03    0.000000000000000E+00
    4.583333333333333E-01   -3.125000000000000E-03    0.000000000000000E+00
    4.625000000000000E-01   -3.125000000000000E-03    0.000000000000000E+00
    4.666666666666667E-01   -3.125000000000000E-03    0.000000000000000E+00
    4.708333333333333E-01   -3.125000000000000E-03    0.000000000000000E+00
    4.750000000000000E-01   -3.125000000000000E-03    0.000000000000000E+00
    4.791666666666667E-01   -3.125000000000000E-03    0.000000000000000E+00
    4.833333333333333E-01   -3.125000000000000E-03    0.000000000000000E+00
    4.875000000000000E-01   -3.125000000000000E-03    0.000000000000000E+00
    4.916666666666666E-01   -3.125000000000000E-03    0.000000000000000E+00
    4.958333333333333E-01   -3.125000000000000E-03    0.000000000000000E+00
    5.000000000000000E-01   -3.125000000000000E-03    0.000000000000000E+00
    0.000000000000000E+00   -2.500000000000000E-03    0.000000000000000E+00
    4.166666666666667E-03   -2.500000000000000E-03    0.000000000000000E+00
    8.333333333333333E-03   -2.500000000000000E-03    0.000000000000000E+00
    1.250000000000000E-02   -2.500000000000000E-03    0.000000000000000E+00
    1.666666666666667E-02   -2.500000000000000E-03    0.000000000000000E+00
    2.083333333333333E-02   -2.500000000000000E-03    0.000000000000000E+00
    2.500000000000000E-02   -2.500000000000000E-03    0.000000000000000E+00
    2.916666666666667E-02   -2.500000000000000E-03    0.000000000000000E+00
    3.333333333333333E-02   -2.500000000000000E-03    0.000000000000000E+00
    3.750000000000000E-02   -2.500000000000000E-03    0.000000000000000E+00
    4.166666666666666E-02   -2.500000000000000E-03    0.000000000000000E+00
    4.583333333333333E-02   -2.500000000000000E-03    0.000000000000000E+00
    5.000000000000000E-02   -2.500000000000000E-03    0.000000000000000E+00
    5.416666666666667E-02   -2.500000000000000E-03    0.000000000000000E+00
    5.833333333333333E-02   -2.500000000000000E-03    0.000000000000000E+00
    6.250000000000000E-02   -2.500000000000000E-03    0.000000000000000E+00
    6.666666666666667E-02   -2.500000000000000E-03    0.000000000000000E+00
    7.083333333333333E-02   -2.500000000000000E-03    0.000000000000000E+00
    7.500000000000000E-02   -2.500000000000000E-03    0.000000000000000E+00
    7.916666666666666E-02   -2.500000000000000E-03    0.000000000000000E+00
    8.333333333333333E-02   -2.500000000000000E-03    0.000000000000000E+00
    8.749999999999999E-02   -2.500000000000000E-03    0.000000000000000E+00
    9.166666666666666E-02   -2.500000000000000E-03    0.000000000000000E+00
    9.583333333333333E-02   -2.500000000000000E-03    0.000000000000000E+00
    1.000000000000000E-01   -2.500000000000000E-03    0.000000000000000E+00
    1.041666666666667E-01   -2.500000000000000E-03    0.000000000000000E+00
    1.083333333333333E-01   -2.500000000000000E-03    0.000000000000000E+00
    1.125000000000000E-01   -2.500000000000000E-03    0.000000000000000E+00
    1.166666666666667E-01   -2.500000000000000E-03    0.000000000000000E+00
    1.208333333333333E-01   -2.500000000000000E-03    0.000000000000000E+00
    1.250000000000000E-01   -2.500000000000000E-03    0.000000000000000E+00
    1.291666666666667E-01   -2.500000000000000E-03    0.000000000000000E+00
    1.333333333333333E-01   -2.500000000000000E-03    0.000000000000000E+00
    1.375000000000000E-01   -2.500000000000000E-03    0.000000000000000E+00
    1.416666666666667E-01   -2.500000000000000E-03    0.000000000000000E+00
    1.458333333333333E-01   -2.500000000000000E-03    0.000000000000000E+00
    1.500000000000000E-01   -2.500000000000000E-03    0.000000000000000E+00
    1.541666666666667E-01   -2.500000000000000E-03    0.000000000000000E+00
    1.583333333333333E-01   -2.500000000000000E-03    0.000000000000000E+00
    1.625000000000000E-01   -2.500000000000000E-03    0.000000000000000E+00
    1.666666666666667E-01   -2.500000000000000E-03    0.000000000000000E+00
    1.708333333333333E-01   -2.500000000000000E-03    0.000000000000000E+00
    1.750000000000000E-01   -2.500000000000000E-03    0.000000000000000E+00
    1.791666666666667E-01   -2.500000000000000E-03    0.000000000000000E+00
    1.833333333333333E-01   -2.500000000000000E-03    0.000000000000000E+00
    1.875000000000000E-01   -2.500000000000000E-03    0.000000000000000E+00
    1.916666666666667E-01   -2.500000000000000E-03    0.000000000000000E+00
    1.958333333333333E-01   -2.500000000000000E-03    0.000000000000000E+00
    2.000000000000000E-01   -2.500000000000000E-03    0.000000000000000E+00
    2.041666666666667E-01   -2.500000000000000E-03    0.000000000000000E+00
    2.083333333333333E-01   -2.500000000000000E-03    0.000000000000000E+00
    2.125000000000000E-01   -2.500000000000000E-03    0.000000000000000E+00
    2.166666666666667E-01   -2.500000000000000E-03    0.000000000000000E+00
    2.208333333333333E-01   -2.500000000000000E-03    0.000000000000000E+00
    2.250000000000000E-01   -2.500000000000000E-03    0.000000000000000E+00
    2.291666666666667E-01   -2.500000000000000E-03    0.000000000000000E+00
    2.333333333333333E-01   -2.500000000000000E-03    0.000000000000000E+00
    2.375000000000000E-01   -2.500000000000000E-03    0.000000000000000E+00
    2.416666666666667E-01   -2.500000000000000E-03    0.000000000000000E+00
    2.458333333333333E-01   -2.500000000000000E-03    0.000000000000000E+00
    2.500000000000000E-01   -2.500000000000000E-03    0.000000000000000E+00
    2.541666666666667E-01   -2.500000000000000E-03    0.000000000000000E+00
    2.583333333333333E-01   -2.500000000000000E-03    0.000000000000000E+00
    2.625000000000000E-01   -2.500000000000000E-03    0.000000000000000E+00
    2.666666666666667E-01   -2.500000000000000E-03    0.000000000000000E+00
    2.708333333333333E-01   -2.500000000000000E-03    0.000000000000000E+00
    2.750000000000000E-01   -2.500000000000000E-03    0.000000000000000E+00
    2.791666666666667E-01   -2.500000000000000E-03    0.000000000000000E+00
    2.833333333333333E-01   -2.500000000000000E-03    0.000000000000000E+00
    2.875000000000000E-01   -2.500000000000000E-03    0.000000000000000E+00
    2.916666666666667E-01   -2.500000000000000E-03    0.000000000000000E+00
    2.958333333333333E-01   -2.500000000000000E-03    0.000000000000000E+00
    3.000000000000000E-01   -2.500000000000000E-03    0.000000000000000E+00
    3.041666666666666E-01   -2.500000000000000E-03    0.000000000000000E+00
    3.083333333333333E-01   -2.500000000000000E-03    0.000000000000000E+00
    3.125000000000000E-01   -2.500000000000000E-03    0.000000000000000E+00
    3.166666666666667E-01   -2.500000000000000E-03    0.000000000000000E+00
    3.208333333333333E-01   -2.500000000000000E-03    0.000000000000000E+00
    3.250000000000000E-01   -2.500000000000000E-03    0.000000000000000E+00
    3.291666666666667E-01   -2.500000000000000E-03    0.000000000000000E+00
    3.333333333333333E-01   -2.500000000000000E-03    0.000000000000000E+00
    3.375000000000000E-01   -2.500000000000000E-03    0.000000000000000E+00
    3.416666666666667E-01   -2.500000000000000E-03    0.000000000000000E+00
    3.458333333333333E-01   -2.500000000000000E-03    0.000000000000000E+00
    3.500000000000000E-01   -2.500000000000000E-03    0.000000000000000E+00
    3.541666666666667E-01   -2.500000000000000E-03    0.000000000000000E+00
    3.583333333333333E-01   -2.500000000000000E-03    0.000000000000000E+00
    3.625000000000000E-01   -2.500000000000000E-03    0.000000000000000E+00
    3.666666666666666E-01   -2.500000000000000E-03    0.000000000000000E+00
    3.708333333333333E-01   -2.500000000000000E-03    0.000000000000000E+00
    3.750000000000000E-01   -2.500000000000000E-03    0.000000000000000E+00
    3.791666666666667E-01   -2.500000000000000E-03    0.000000000000000E+00
    3.833333333333333E-01   -2.500000000000000E-03    0.000000000000000E+00
    3.875000000000000E-01   -2.500000000000000E-03    0.000000000000000E+00
    3.916666666666667E-01   -2.500000000000000E-03    0.000000000000000E+00
    3.958333333333333E-01   -2.500000000000000E-03    0.000000000000000E+00
    4.000000000000000E-01   -2.500000000000000E-03    0.000000000000000E+00
    4.041666666666667E-01   -2.500000000000000E-03    0.000000000000000E+00
    4.083333333333333E-01   -2.500000000000000E-03    0.000000000000000E+00
    4.125000000000000E-01   -2.500000000000000E-03    0.000000000000000E+00
    4.166666666666667E-01   -2.500000000000000E-03    0.000000000000000E+00
    4.208333333333333E-01   -2.500000000000000E-03    0.000000000000000E+00
    4.250000000000000E-01   -2.500000000000000E-03    0.000000000000000E+00
    4.291666666666666E-01   -2.500000000000000E-03    0.000000000000000E+00
    4.333333333333333E-01   -2.500000000000000E-03    0.000000000000000E+00
    4.375000000000000E-01   -2.500000000000000E-03    0.000000000000000E+00
    4.416666666666667E-01   -2.500000000000000E-03    0.000000000000000E+00
    4.458333333333333E-01   -2.500000000000000E-03    0.000000000000000E+00
    4.500000000000000E-01   -2.500000000000000E-03    0.000000000000000E+00
    4.541666666666667E-01   -2.500000000000000E-03    0.000000000000000E+00
    4.583333333333333E-01   -2.500000000000000E-03    0.000000000000000E+00
    4.625000000000000E-01   -2.500000000000000E-03    0.000000000000000E+00
    4.666666666666667E-01   -2.500000000000000E-03    0.000000000000000E+00
    4.708333333333333E-01   -2.500000000000000E-03    0.000000000000000E+00
    4.750000000000000E-01   -2.500000000000000E-03    0.000000000000000E+00
    4.791666666666667E-01   -2.500000000000000E-03    0.000000000000000E+00
    4.833333333333333E-01   -2.500000000000000E-03    0.000000000000000E+00
    4.875000000000000E-01   -2.500000000000000E-03    0.000000000000000E+00
    4.916666666666666E-01   -2.500000000000000E-03    0.000000000000000E+00
    4.958333333333333E-01   -2.500000000000000E-03    0.000000000000000E+00
    5.000000000000000E-01   -2.500000000000000E-03    0.000000000000000E+00
    0.000000000000000E+00   -1.875000000000000E-03    0.000000000000000E+00
    4.166666666666667E-03   -1.875000000000000E-03    0.000000000000000E+00
    8.333333333333333E-03   -1.875000000000000E-03    0.000000000000000E+00
    1.250000000000000E-02   -1.875000000000000E-03    0.000000000000000E+00
    1.666666666666667E-02   -1.875000000000000E-03    0.000000000000000E+00
    2.083333333333333E-02   -1.875000000000000E-03    0.000000000000000E+00
    2.500000000000000E-02   -1.875000000000000E-03    0.000000000000000E+00
    2.916666666666667E-02   -1.875000000000000E-03    0.000000000000000E+00
    3.333333333333333E-02   -1.875000000000000E-03    0.000000000000000E+00
    3.750000000000000E-02   -1.875000000000000E-03    0.000000000000000E+00
    4.166666666666666E-02   -1.875000000000000E-03    0.000000000000000E+00
    4.583333333333333E-02   -1.875000000000000E-03    0.000000000000000E+00
    5.000000000000000E-02   -1.875000000000000E-03    0.000000000000000E+00
    5.416666666666667E-02   -1.875000000000000E-03    0.000000000000000E+00
    5.833333333333333E-02   -1.875000000000000E-03    0.000000000000000E+00
    6.250000000000000E-02   -1.875000000000000E-03    0.000000000000000E+00
    6.666666666666667E-02   -1.875000000000000E-03    0.000000000000000E+00
    7.083333333333333E-02   -1.875000000000000E-03    0.000000000000000E+00
    7.500000000000000E-02   -1.875000000000000E-03    0.000000000000000E+00
    7.916666666666666E-02   -1.875000000000000E-03    0.000000000000000E+00
    8.333333333333333E-02   -1.875000000000000E-03    0.000000000000000E+00
    8.749999999999999E-02   -1.875000000000000E-03    0.000000000000000E+00
    9.166666666666666E-02   -1.875000000000000E-03    0.000000000000000E+00
    9.583333333333333E-02   -1.875000000000000E-03    0.000000000000000E+00
    1.000000000000000E-01   -1.875000000000000E-03    0.000000000000000E+00
    1.041666666666667E-01   -1.875000000000000E-03    0.000000000000000E+00
    1.083333333333333E-01   -1.875000000000000E-03    0.000000000000000E+00
    1.125000000000000E-01   -1.875000000000000E-03    0.000000000000000E+00
    1.166666666666667E-01   -1.875000000000000E-03    0.000000000000000E+00
    1.208333333333333E-01   -1.875000000000000E-03    0.000000000000000E+00
    1.250000000000000E-01   -1.875000000000000E-03    0.000000000000000E+00
    1.291666666666667E-01   -1.875000000000000E-03    0.000000000000000E+00
    1.333333333333333E-01   -1.875000000000000E-03    0.000000000000000E+00
    1.375000000000000E-01   -1.875000000000000E-03    0.000000000000000E+00
    1.416666666666667E-01   -1.875000000000000E-03    0.000000000000000E+00
    1.458333333333333E-01   -1.875000000000000E-03    0.000000000000000E+00
    1.500000000000000E-01   -1.875000000000000E-03    0.000000000000000E+00
    1.541666666666667E-01   -1.875000000000000E-03    0.000000000000000E+00
    1.583333333333333E-01   -1.875000000000000E-03    0.000000000000000E+00
    1.625000000000000E-01   -1.875000000000000E-03    0.000000000000000E+00
    1.666666666666667E-01   -1.875000000000000E-03    0.000000000000000E+00
    1.708333333333333E-01   -1.875000000000000E-03    0.000000000000000E+00
    1.750000000000000E-01   -1.875000000000000E-03    0.000000000000000E+00
    1.791666666666667E-01   -1.875000000000000E-03    0.000000000000000E+00
    1.833333333333333E-01   -1.875000000000000E-03    0.000000000000000E+00
    1.875000000000000E-01   -1.875000000000000E-03    0.000000000000000E+00
    1.916666666666667E-01   -1.875000000000000E-03    0.000000000000000E+00
    1.958333333333333E-01   -1.875000000000000E-03    0.000000000000000E+00
    2.000000000000000E-01   -1.875000000000000E-03    0.000000000000000E+00
    2.041666666666667E-01   -1.875000000000000E-03    0.000000000000000E+00
    2.083333333333333E-01   -1.875000000000000E-03    0.000000000000000E+00
    2.125000000000000E-01   -1.875000000000000E-03    0.000000000000000E+00
    2.166666666666667E-01   -1.875000000000000E-03    0.000000000000000E+00
    2.208333333333333E-01   -1.875000000000000E-03    0.000000000000000E+00
    2.250000000000000E-01   -1.875000000000000E-03    0.000000000000000E+00
    2.291666666666667E-01   -1.875000000000000E-03    0.000000000000000E+00
    2.333333333333333E-01   -1.875000000000000E-03    0.000000000000000E+00
    2.375000000000000E-01   -1.875000000000000E-03    0.000000000000000E+00
    2.416666666666667E-01   -1.875000000000000E-03    0.000000000000000E+00
    2.458333333333333E-01   -1.875000000000000E-03    0.000000000000000E+00
    2.500000000000000E-01   -1.875000000000000E-03    0.000000000000000E+00
    2.541666666666667E-01   -1.875000000000000E-03    0.000000000000000E+00
    2.583333333333333E-01   -1.875000000000000E-03    0.000000000000000E+00
    2.625000000000000E-01   -1.875000000000000E-03    0.000000000000000E+00
    2.666666666666667E-01   -1.875000000000000E-03    0.000000000000000E+00
    2.708333333333333E-01   -1.875000000000000E-03    0.000000000000000E+00
    2.750000000000000E-01   -1.875000000000000E-03    0.000000000000000E+00
    2.791666666666667E-01   -1.875000000000000E-03    0.000000000000000E+00
    2.833333333333333E-01   -1.875000000000000E-03    0.000000000000000E+00
    2.875000000000000E-01   -1.875000000000000E-03    0.000000000000000E+00
    2.916666666666667E-01   -1.875000000000000E-03    0.000000000000000E+00
    2.958333333333333E-01   -1.875000000000000E-03    0.000000000000000E+00
    3.000000000000000E-01   -1.875000000000000E-03    0.000000000000000E+00
    3.041666666666666E-01   -1.875000000000000E-03    0.000000000000000E+00
    3.083333333333333E-01   -1.875000000000000E-03    0.000000000000000E+00
    3.125000000000000E-01   -1.875000000000000E-03    0.000000000000000E+00
    3.166666666666667E-01   -1.875000000000000E-03    0.000000000000000E+00
    3.208333333333333E-01   -1.875000000000000E-03    0.000000000000000E+00
    3.250000000000000E-01   -1.875000000000000E-03    0.000000000000000E+00
    3.291666666666667E-01   -1.875000000000000E-03    0.000000000000000E+00
    3.333333333333333E-01   -1.875000000000000E-03    0.000000000000000E+00
    3.375000000000000E-01   -1.875000000000000E-03    0.000000000000000E+00
    3.416666666666667E-01   -1.875000000000000E-03    0.000000000000000E+00
    3.458333333333333E-01   -1.875000000000000E-03    0.000000000000000E+00
    3.500000000000000E-01   -1.875000000000000E-03    0.000000000000000E+00
    3.541666666666667E-01   -1.875000000000000E-03    0.000000000000000E+00
    3.583333333333333E-01   -1.875000000000000E-03    0.000000000000000E+00
    3.625000000000000E-01   -1.875000000000000E-03    0.000000000000000E+00
    3.666666666666666E-01   -1.875000000000000E-03    0.000000000000000E+00
    3.708333333333333E-01   -1.875000000000000E-03    0.000000000000000E+00
    3.750000000000000E-01   -1.875000000000000E-03    0.000000000000000E+00
    3.791666666666667E-01   -1.875000000000000E-03    0.000000000000000E+00
    3.833333333333333E-01   -1.875000000000000E-03    0.000000000000000E+00
    3.875000000000000E-01   -1.875000000000000E-03    0.000000000000000E+00
    3.916666666666667E-01   -1.875000000000000E-03    0.000000000000000E+00
    3.958333333333333E-01   -1.875000000000000E-03    0.000000000000000E+00
    4.000000000000000E-01   -1.875000000000000E-03    0.000000000000000E+00
    4.041666666666667E-01   -1.875000000000000E-03    0.000000000000000E+00
    4.083333333333333E-01   -1.875000000000000E-03    0.000000000000000E+00
    4.125000000000000E-01   -1.875000000000000E-03    0.000000000000000E+00
    4.166666666666667E-01   -1.875000000000000E-03    0.000000000000000E+00
    4.208333333333333E-01   -1.875000000000000E-03    0.000000000000000E+00
    4.250000000000000E-01   -1.875000000000000E-03    0.000000000000000E+00
    4.291666666666666E-01   -1.875000000000000E-03    0.000000000000000E+00
    4.333333333333333E-01   -1.875000000000000E-03    0.000000000000000E+00
    4.375000000000000E-01   -1.875000000000000E-03    0.000000000000000E+00
    4.416666666666667E-01   -1.875000000000000E-03    0.000000000000000E+00
    4.458333333333333E-01   -1.875000000000000E-03    0.000000000000000E+00
    4.500000000000000E-01   -1.875000000000000E-03    0.000000000000000E+00
    4.541666666666667E-01   -1.875000000000000E-03    0.000000000000000E+00
    4.583333333333333E-01   -1.875000000000000E-03    0.000000000000000E+00
    4.625000000000000E-01   -1.875000000000000E-03    0.000000000000000E+00
    4.666666666666667E-01   -1.875000000000000E-03    0.000000000000000E+00
    4.708333333333333E-01   -1.875000000000000E-03    0.000000000000000E+00
    4.750000000000000E-01   -1.875000000000000E-03    0.000000000000000E+00
    4.791666666666667E-01   -1.875000000000000E-03    0.000000000000000E+00
    4.833333333333333E-01   -1.875000000000000E-03    0.000000000000000E+00
    4.875000000000000E-01   -1.875000000000000E-03    0.000000000000000E+00
    4.916666666666666E-01   -1.875000000000000E-03    0.000000000000000E+00
    4.958333333333333E-01   -1.875000000000000E-03    0.000000000000000E+00
    5.000000000000000E-01   -1.875000000000000E-03    0.000000000000000E+00
    0.000000000000000E+00   -1.249999999999999E-03    0.000000000000000E+00
    4.166666666666667E-03   -1.249999999999999E-03    0.000000000000000E+00
    8.333333333333333E-03   -1.249999999999999E-03    0.000000000000000E+00
    1.250000000000000E-02   -1.249999999999999E-03    0.000000000000000E+00
    1.666666666666667E-02   -1.249999999999999E-03    0.000000000000000E+00
    2.083333333333333E-02   -1.249999999999999E-03    0.000000000000000E+00
    2.500000000000000E-02   -1.249999999999999E-03    0.000000000000000E+00
    2.916666666666667E-02   -1.249999999999999E-03    0.000000000000000E+00
    3.333333333333333E-02   -1.249999999999999E-03    0.000000000000000E+00
    3.750000000000000E-02   -1.249999999999999E-03    0.000000000000000E+00
    4.166666666666666E-02   -1.249999999999999E-03    0.000000000000000E+00
    4.583333333333333E-02   -1.249999999999999E-03    0.000000000000000E+00
    5.000000000000000E-02   -1.249999999999999E-03    0.000000000000000E+00
    5.416666666666667E-02   -1.249999999999999E-03    0.000000000000000E+00
    5.833333333333333E-02   -1.249999999999999E-03    0.000000000000000E+00
    6.250000000000000E-02   -1.249999999999999E-03    0.000000000000000E+00
    6.666666666666667E-02   -1.249999999999999E-03    0.000000000000000E+00
    7.083333333333333E-02   -1.249999999999999E-03    0.000000000000000E+00
    7.500000000000000E-02   -1.249999999999999E-03    0.000000000000000E+00
    7.916666666666666E-02   -1.249999999999999E-03    0.000000000000000E+00
    8.333333333333333E-02   -1.249999999999999E-03    0.000000000000000E+00
    8.749999999999999E-02   -1.249999999999999E-03    0.000000000000000E+00
    9.166666666666666E-02   -1.249999999999999E-03    0.000000000000000E+00
    9.583333333333333E-02   -1.249999999999999E-03    0.000000000000000E+00
    1.000000000000000E-01   -1.249999999999999E-03    0.000000000000000E+00
    1.041666666666667E-01   -1.249999999999999E-03    0.000000000000000E+00
    1.083333333333333E-01   -1.249999999999999E-03    0.000000000000000E+00
    1.125000000000000E-01   -1.249999999999999E-03    0.000000000000000E+00
    1.166666666666667E-01   -1.249999999999999E-03    0.000000000000000E+00
    1.208333333333333E-01   -1.249999999999999E-03    0.000000000000000E+00
    1.250000000000000E-01   -1.249999999999999E-03    0.000000000000000E+00
    1.291666666666667E-01   -1.249999999999999E-03    0.000000000000000E+00
    1.333333333333333E-01   -1.249999999999999E-03    0.000000000000000E+00
    1.375000000000000E-01   -1.249999999999999E-03    0.000000000000000E+00
    1.416666666666667E-01   -1.249999999999999E-03    0.000000000000000E+00
    1.458333333333333E-01   -1.249999999999999E-03    0.000000000000000E+00
    1.500000000000000E-01   -1.249999999999999E-03    0.000000000000000E+00
    1.541666666666667E-01   -1.249999999999999E-03    0.000000000000000E+00
    1.583333333333333E-01   -1.249999999999999E-03    0.000000000000000E+00
    1.625000000000000E-01   -1.249999999999999E-03    0.000000000000000E+00
    1.666666666666667E-01   -1.249999999999999E-03    0.000000000000000E+00
    1.708333333333333E-01   -1.249999999999999E-03    0.000000000000000E+00
    1.750000000000000E-01   -1.249999999999999E-03    0.000000000000000E+00
    1.791666666666667E-01   -1.249999999999999E-03    0.000000000000000E+00
    1.833333333333333E-01   -1.249999999999999E-03    0.000000000000000E+00
    1.875000000000000E-01   -1.249999999999999E-03    0.000000000000000E+00
    1.916666666666667E-01   -1.249999999999999E-03    0.000000000000000E+00
    1.958333333333333E-01   -1.249999999999999E-03    0.000000000000000E+00
    2.000000000000000E-01   -1.249999999999999E-03    0.000000000000000E+00
    2.041666666666667E-01   -1.249999999999999E-03    0.000000000000000E+00
    2.083333333333333E-01   -1.249999999999999E-03    0.000000000000000E+00
    2.125000000000000E-01   -1.249999999999999E-03    0.000000000000000E+00
    2.166666666666667E-01   -1.249999999999999E-03    0.000000000000000E+00
    2.208333333333333E-01   -1.249999999999999E-03    0.000000000000000E+00
    2.250000000000000E-01   -1.249999999999999E-03    0.000000000000000E+00
    2.291666666666667E-01   -1.249999999999999E-03    0.000000000000000E+00
    2.333333333333333E-01   -1.249999999999999E-03    0.000000000000000E+00
    2.375000000000000E-01   -1.249999999999999E-03    0.000000000000000E+00
    2.416666666666667E-01   -1.249999999999999E-03    0.000000000000000E+00
    2.458333333333333E-01   -1.249999999999999E-03    0.000000000000000E+00
    2.500000000000000E-01   -1.249999999999999E-03    0.000000000000000E+00
    2.541666666666667E-01   -1.249999999999999E-03    0.000000000000000E+00
    2.583333333333333E-01   -1.249999999999999E-03    0.000000000000000E+00
    2.625000000000000E-01   -1.249999999999999E-03    0.000000000000000E+00
    2.666666666666667E-01   -1.249999999999999E-03    0.000000000000000E+00
    2.708333333333333E-01   -1.249999999999999E-03    0.000000000000000E+00
    2.750000000000000E-01   -1.249999999999999E-03    0.000000000000000E+00
    2.791666666666667E-01   -1.249999999999999E-03    0.000000000000000E+00
    2.833333333333333E-01   -1.249999999999999E-03    0.000000000000000E+00
    2.875000000000000E-01   -1.249999999999999E-03    0.000000000000000E+00
    2.916666666666667E-01   -1.249999999999999E-03    0.000000000000000E+00
    2.958333333333333E-01   -1.249999999999999E-03    0.000000000000000E+00
    3.000000000000000E-01   -1.249999999999999E-03    0.000000000000000E+00
    3.041666666666666E-01   -1.249999999999999E-03    0.000000000000000E+00
    3.083333333333333E-01   -1.249999999999999E-03    0.000000000000000E+00
    3.125000000000000E-01   -1.249999999999999E-03    0.000000000000000E+00
    3.166666666666667E-01   -1.249999999999999E-03    0.000000000000000E+00
    3.208333333333333E-01   -1.249999999999999E-03    0.000000000000000E+00
    3.250000000000000E-01   -1.249999999999999E-03    0.000000000000000E+00
    3.291666666666667E-01   -1.249999999999999E-03    0.000000000000000E+00
    3.333333333333333E-01   -1.249999999999999E-03    0.000000000000000E+00
    3.375000000000000E-01   -1.249999999999999E-03    0.000000000000000E+00
    3.416666666666667E-01   -1.249999999999999E-03    0.000000000000000E+00
    3.458333333333333E-01   -1.249999999999999E-03    0.000000000000000E+00
    3.500000000000000E-01   -1.249999999999999E-03    0.000000000000000E+00
    3.541666666666667E-01   -1.249999999999999E-03    0.000000000000000E+00
    3.583333333333333E-01   -1.249999999999999E-03    0.000000000000000E+00
    3.625000000000000E-01   -1.249999999999999E-03    0.000000000000000E+00
    3.666666666666666E-01   -1.249999999999999E-03    0.000000000000000E+00
    3.708333333333333E-01   -1.249999999999999E-03    0.000000000000000E+00
    3.750000000000000E-01   -1.249999999999999E-03    0.000000000000000E+00
    3.791666666666667E-01   -1.249999999999999E-03    0.000000000000000E+00
    3.833333333333333E-01   -1.249999999999999E-03    0.000000000000000E+00
    3.875000000000000E-01   -1.249999999999999E-03    0.000000000000000E+00
    3.916666666666667E-01   -1.249999999999999E-03    0.000000000000000E+00
    3.958333333333333E-01   -1.249999999999999E-03    0.000000000000000E+00
    4.000000000000000E-01   -1.249999999999999E-03    0.000000000000000E+00
    4.041666666666667E-01   -1.249999999999999E-03    0.000000000000000E+00
    4.083333333333333E-01   -1.249999999999999E-03    0.000000000000000E+00
    4.125000000000000E-01   -1.249999999999999E-03    0.000000000000000E+00
    4.166666666666667E-01   -1.249999999999999E-03    0.000000000000000E+00
    4.208333333333333E-01   -1.249999999999999E-03    0.000000000000000E+00
    4.250000000000000E-01   -1.249999999999999E-03    0.000000000000000E+00
    4.291666666666666E-01   -1.249999999999999E-03    0.000000000000000E+00
    4.333333333333333E-01   -1.249999999999999E-03    0.000000000000000E+00
    4.375000000000000E-01   -1.249999999999999E-03    0.000000000000000E+00
    4.416666666666667E-01   -1.249999999999999E-03    0.000000000000000E+00
    4.458333333333333E-01   -1.249999999999999E-03    0.000000000000000E+00
    4.500000000000000E-01   -1.249999999999999E-03    0.000000000000000E+00
    4.541666666666667E-01   -1.249999999999999E-03    0.000000000000000E+00
    4.583333333333333E-01   -1.249999999999999E-03    0.000000000000000E+00
    4.625000000000000E-01   -1.249999999999999E-03    0.000000000000000E+00
    4.666666666666667E-01   -1.249999999999999E-03    0.000000000000000E+00
    4.708333333333333E-01   -1.249999999999999E-03    0.000000000000000E+00
    4.750000000000000E-01   -1.249999999999999E-03    0.000000000000000E+00
    4.791666666666667E-01   -1.249999999999999E-03    0.000000000000000E+00
    4.833333333333333E-01   -1.249999999999999E-03    0.000000000000000E+00
    4.875000000000000E-01   -1.249999999999999E-03    0.000000000000000E+00
    4.916666666666666E-01   -1.249999999999999E-03    0.000000000000000E+00
    4.958333333333333E-01   -1.249999999999999E-03    0.000000000000000E+00
    5.000000000000000E-01   -1.249999999999999E-03    0.000000000000000E+00
    0.000000000000000E+00   -6.250000000000006E-04    0.000000000000000E+00
    4.166666666666667E-03   -6.250000000000006E-04    0.000000000000000E+00
    8.333333333333333E-03   -6.250000000000006E-04    0.000000000000000E+00
    1.250000000000000E-02   -6.250000000000006E-04    0.000000000000000E+00
    1.666666666666667E-02   -6.250000000000006E-04    0.000000000000000E+00
    2.083333333333333E-02   -6.250000000000006E-04    0.000000000000000E+00
    2.500000000000000E-02   -6.250000000000006E-04    0.000000000000000E+00
    2.916666666666667E-02   -6.250000000000006E-04    0.000000000000000E+00
    3.333333333333333E-02   -6.250000000000006E-04    0.000000000000000E+00
    3.750000000000000E-02   -6.250000000000006E-04    0.000000000000000E+00
    4.166666666666666E-02   -6.250000000000006E-04    0.000000000000000E+00
    4.583333333333333E-02   -6.250000000000006E-04    0.000000000000000E+00
    5.000000000000000E-02   -6.250000000000006E-04    0.000000000000000E+00
    5.416666666666667E-02   -6.250000000000006E-04    0.000000000000000E+00
    5.833333333333333E-02   -6.250000000000006E-04    0.000000000000000E+00
    6.250000000000000E-02   -6.250000000000006E-04    0.000000000000000E+00
    6.666666666666667E-02   -6.250000000000006E-04    0.000000000000000E+00
    7.083333333333333E-02   -6.250000000000006E-04    0.000000000000000E+00
    7.500000000000000E-02   -6.250000000000006E-04    0.000000000000000E+00
    7.916666666666666E-02   -6.250000000000006E-04    0.000000000000000E+00
    8.333333333333333E-02   -6.250000000000006E-04    0.000000000000000E+00
    8.749999999999999E-02   -6.250000000000006E-04    0.000000000000000E+00
    9.166666666666666E-02   -6.250000000000006E-04    0.000000000000000E+00
    9.583333333333333E-02   -6.250000000000006E-04    0.000000000000000E+00
    1.000000000000000E-01   -6.250000000000006E-04    0.000000000000000E+00
    1.041666666666667E-01   -6.250000000000006E-04    0.000000000000000E+00
    1.083333333333333E-01   -6.250000000000006E-04    0.000000000000000E+00
    1.125000000000000E-01   -6.250000000000006E-04    0.000000000000000E+00
    1.166666666666667E-01   -6.250000000000006E-04    0.000000000000000E+00
    1.208333333333333E-01   -6.250000000000006E-04    0.000000000000000E+00
    1.250000000000000E-01   -6.250000000000006E-04    0.000000000000000E+00
    1.291666666666667E-01   -6.250000000000006E-04    0.000000000000000E+00
    1.333333333333333E-01   -6.250000000000006E-04    0.000000000000000E+00
    1.375000000000000E-01   -6.250000000000006E-04    0.000000000000000E+00
    1.416666666666667E-01   -6.250000000000006E-04    0.000000000000000E+00
    1.458333333333333E-01   -6.250000000000006E-04    0.000000000000000E+00
    1.500000000000000E-01   -6.250000000000006E-04    0.000000000000000E+00
    1.541666666666667E-01   -6.250000000000006E-04    0.000000000000000E+00
    1.583333333333333E-01   -6.250000000000006E-04    0.000000000000000E+00
    1.625000000000000E-01   -6.250000000000006E-04    0.000000000000000E+00
    1.666666666666667E-01   -6.250000000000006E-04    0.000000000000000E+00
    1.708333333333333E-01   -6.250000000000006E-04    0.000000000000000E+00
    1.750000000000000E-01   -6.250000000000006E-04    0.000000000000000E+00
    1.791666666666667E-01   -6.250000000000006E-04    0.000000000000000E+00
    1.833333333333333E-01   -6.250000000000006E-04    0.000000000000000E+00
    1.875000000000000E-01   -6.250000000000006E-04    0.000000000000000E+00
    1.916666666666667E-01   -6.250000000000006E-04    0.000000000000000E+00
    1.958333333333333E-01   -6.250000000000006E-04    0.000000000000000E+00
    2.000000000000000E-01   -6.250000000000006E-04    0.000000000000000E+00
    2.041666666666667E-01   -6.250000000000006E-04    0.000000000000000E+00
    2.083333333333333E-01   -6.250000000000006E-04    0.000000000000000E+00
    2.125000000000000E-01   -6.250000000000006E-04    0.000000000000000E+00
    2.166666666666667E-01   -6.250000000000006E-04    0.000000000000000E+00
    2.208333333333333E-01   -6.250000000000006E-04    0.000000000000000E+00
    2.250000000000000E-01   -6.250000000000006E-04    0.000000000000000E+00
    2.291666666666667E-01   -6.250000000000006E-04    0.000000000000000E+00
    2.333333333333333E-01   -6.250000000000006E-04    0.000000000000000E+00
    2.375000000000000E-01   -6.250000000000006E-04    0.000000000000000E+00
    2.416666666666667E-01   -6.250000000000006E-04    0.000000000000000E+00
    2.458333333333333E-01   -6.250000000000006E-04    0.000000000000000E+00
    2.500000000000000E-01   -6.250000000000006E-04    0.000000000000000E+00
    2.541666666666667E-01   -6.250000000000006E-04    0.000000000000000E+00
    2.583333333333333E-01   -6.250000000000006E-04    0.000000000000000E+00
    2.625000000000000E-01   -6.250000000000006E-04    0.000000000000000E+00
    2.666666666666667E-01   -6.250000000000006E-04    0.000000000000000E+00
    2.708333333333333E-01   -6.250000000000006E-04    0.000000000000000E+00
    2.750000000000000E-01   -6.250000000000006E-04    0.000000000000000E+00
    2.791666666666667E-01   -6.250000000000006E-04    0.000000000000000E+00
    2.833333333333333E-01   -6.250000000000006E-04    0.000000000000000E+00
    2.875000000000000E-01   -6.250000000000006E-04    0.000000000000000E+00
    2.916666666666667E-01   -6.250000000000006E-04    0.000000000000000E+00
    2.958333333333333E-01   -6.250000000000006E-04    0.000000000000000E+00
    3.000000000000000E-01   -6.250000000000006E-04    0.000000000000000E+00
    3.041666666666666E-01   -6.250000000000006E-04    0.000000000000000E+00
    3.083333333333333E-01   -6.250000000000006E-04    0.000000000000000E+00
    3.125000000000000E-01   -6.250000000000006E-04    0.000000000000000E+00
    3.166666666666667E-01   -6.250000000000006E-04    0.000000000000000E+00
    3.208333333333333E-01   -6.250000000000006E-04    0.000000000000000E+00
    3.250000000000000E-01   -6.250000000000006E-04    0.000000000000000E+00
    3.291666666666667E-01   -6.250000000000006E-04    0.000000000000000E+00
    3.333333333333333E-01   -6.250000000000006E-04    0.000000000000000E+00
    3.375000000000000E-01   -6.250000000000006E-04    0.000000000000000E+00
    3.416666666666667E-01   -6.250000000000006E-04    0.000000000000000E+00
    3.458333333333333E-01   -6.250000000000006E-04    0.000000000000000E+00
    3.500000000000000E-01   -6.250000000000006E-04    0.000000000000000E+00
    3.541666666666667E-01   -6.250000000000006E-04    0.000000000000000E+00
    3.583333333333333E-01   -6.250000000000006E-04    0.000000000000000E+00
    3.625000000000000E-01   -6.250000000000006E-04    0.000000000000000E+00
    3.666666666666666E-01   -6.250000000000006E-04    0.000000000000000E+00
    3.708333333333333E-01   -6.250000000000006E-04    0.000000000000000E+00
    3.750000000000000E-01   -6.250000000000006E-04    0.000000000000000E+00
    3.791666666666667E-01   -6.250000000000006E-04    0.000000000000000E+00
    3.833333333333333E-01   -6.250000000000006E-04    0.000000000000000E+00
    3.875000000000000E-01   -6.250000000000006E-04    0.000000000000000E+00
    3.916666666666667E-01   -6.250000000000006E-04    0.000000000000000E+00
    3.958333333333333E-01   -6.250000000000006E-04    0.000000000000000E+00
    4.000000000000000E-01   -6.250000000000006E-04    0.000000000000000E+00
    4.041666666666667E-01   -6.250000000000006E-04    0.000000000000000E+00
    4.083333333333333E-01   -6.250000000000006E-04    0.000000000000000E+00
    4.125000000000000E-01   -6.250000000000006E-04    0.000000000000000E+00
    4.166666666666667E-01   -6.250000000000006E-04    0.000000000000000E+00
    4.208333333333333E-01   -6.250000000000006E-04    0.000000000000000E+00
    4.250000000000000E-01   -6.250000000000006E-04    0.000000000000000E+00
    4.291666666666666E-01   -6.250000000000006E-04    0.000000000000000E+00
    4.333333333333333E-01   -6.250000000000006E-04    0.000000000000000E+00
    4.375000000000000E-01   -6.250000000000006E-04    0.000000000000000E+00
    4.416666666666667E-01   -6.250000000000006E-04    0.000000000000000E+00
    4.458333333333333E-01   -6.250000000000006E-04    0.000000000000000E+00
    4.500000000000000E-01   -6.250000000000006E-04    0.000000000000000E+00
    4.541666666666667E-01   -6.250000000000006E-04    0.000000000000000E+00
    4.583333333333333E-01   -6.250000000000006E-04    0.000000000000000E+00
    4.625000000000000E-01   -6.250000000000006E-04    0.000000000000000E+00
    4.666666666666667E-01   -6.250000000000006E-04    0.000000000000000E+00
    4.708333333333333E-01   -6.250000000000006E-04    0.000000000000000E+00
    4.750000000000000E-01   -6.250000000000006E-04    0.000000000000000E+00
    4.791666666666667E-01   -6.250000000000006E-04    0.000000000000000E+00
    4.833333333333333E-01   -6.250000000000006E-04    0.000000000000000E+00
    4.875000000000000E-01   -6.250000000000006E-04    0.000000000000000E+00
    4.916666666666666E-01   -6.250000000000006E-04    0.000000000000000E+00
    4.958333333333333E-01   -6.250000000000006E-04    0.000000000000000E+00
    5.000000000000000E-01   -6.250000000000006E-04    0.000000000000000E+00
    0.000000000000000E+00    0.000000000000000E+00    0.000000000000000E+00
    4.166666666666667E-03    0.000000000000000E+00    0.000000000000000E+00
    8.333333333333333E-03    0.000000000000000E+00    0.000000000000000E+00
    1.250000000000000E-02    0.000000000000000E+00    0.000000000000000E+00
    1.666666666666667E-02    0.000000000000000E+00    0.000000000000000E+00
    2.083333333333333E-02    0.000000000000000E+00    0.000000000000000E+00
    2.500000000000000E-02    0.000000000000000E+00    0.000000000000000E+00
    2.916666666666667E-02    0.000000000000000E+00    0.000000000000000E+00
    3.333333333333333E-02    0.000000000000000E+00    0.000000000000000E+00
    3.750000000000000E-02    0.000000000000000E+00    0.000000000000000E+00
    4.166666666666666E-02    0.000000000000000E+00    0.000000000000000E+00
    4.583333333333333E-02    0.000000000000000E+00    0.000000000000000E+00
    5.000000000000000E-02    0.000000000000000E+00    0.000000000000000E+00
    5.416666666666667E-02    0.000000000000000E+00    0.000000000000000E+00
    5.833333333333333E-02    0.000000000000000E+00    0.000000000000000E+00
    6.250000000000000E-02    0.000000000000000E+00    0.000000000000000E+00
    6.666666666666667E-02    0.000000000000000E+00    0.000000000000000E+00
    7.083333333333333E-02    0.000000000000000E+00    0.000000000000000E+00
    7.500000000000000E-02    0.000000000000000E+00    0.000000000000000E+00
    7.916666666666666E-02    0.000000000000000E+00    0.000000000000000E+00
    8.333333333333333E-02    0.000000000000000E+00    0.000000000000000E+00
    8.749999999999999E-02    0.000000000000000E+00    0.000000000000000E+00
    9.166666666666666E-02    0.000000000000000E+00    0.000000000000000E+00
    9.583333333333333E-02    0.000000000000000E+00    0.000000000000000E+00
    1.000000000000000E-01    0.000000000000000E+00    0.000000000000000E+00
    1.041666666666667E-01    0.000000000000000E+00    0.000000000000000E+00
    1.083333333333333E-01    0.000000000000000E+00    0.000000000000000E+00
    1.125000000000000E-01    0.000000000000000E+00    0.000000000000000E+00
    1.166666666666667E-01    0.000000000000000E+00    0.000000000000000E+00
    1.208333333333333E-01    0.000000000000000E+00    0.000000000000000E+00
    1.250000000000000E-01    0.000000000000000E+00    0.000000000000000E+00
    1.291666666666667E-01    0.000000000000000E+00    0.000000000000000E+00
    1.333333333333333E-01    0.000000000000000E+00    0.000000000000000E+00
    1.375000000000000E-01    0.000000000000000E+00    0.000000000000000E+00
    1.416666666666667E-01    0.000000000000000E+00    0.000000000000000E+00
    1.458333333333333E-01    0.000000000000000E+00    0.000000000000000E+00
    1.500000000000000E-01    0.000000000000000E+00    0.000000000000000E+00
    1.541666666666667E-01    0.000000000000000E+00    0.000000000000000E+00
    1.583333333333333E-01    0.000000000000000E+00    0.000000000000000E+00
    1.625000000000000E-01    0.000000000000000E+00    0.000000000000000E+00
    1.666666666666667E-01    0.000000000000000E+00    0.000000000000000E+00
    1.708333333333333E-01    0.000000000000000E+00    0.000000000000000E+00
    1.750000000000000E-01    0.000000000000000E+00    0.000000000000000E+00
    1.791666666666667E-01    0.000000000000000E+00    0.000000000000000E+00
    1.833333333333333E-01    0.000000000000000E+00    0.000000000000000E+00
    1.875000000000000E-01    0.000000000000000E+00    0.000000000000000E+00
    1.916666666666667E-01    0.000000000000000E+00    0.000000000000000E+00
    1.958333333333333E-01    0.000000000000000E+00    0.000000000000000E+00
    2.000000000000000E-01    0.000000000000000E+00    0.000000000000000E+00
    2.041666666666667E-01    0.000000000000000E+00    0.000000000000000E+00
    2.083333333333333E-01    0.000000000000000E+00    0.000000000000000E+00
    2.125000000000000E-01    0.000000000000000E+00    0.000000000000000E+00
    2.166666666666667E-01    0.000000000000000E+00    0.000000000000000E+00
    2.208333333333333E-01    0.000000000000000E+00    0.000000000000000E+00
    2.250000000000000E-01    0.000000000000000E+00    0.000000000000000E+00
    2.291666666666667E-01    0.000000000000000E+00    0.000000000000000E+00
    2.333333333333333E-01    0.000000000000000E+00    0.000000000000000E+00
    2.375000000000000E-01    0.000000000000000E+00    0.000000000000000E+00
    2.416666666666667E-01    0.000000000000000E+00    0.000000000000000E+00
    2.458333333333333E-01    0.000000000000000E+00    0.000000000000000E+00
    2.500000000000000E-01    0.000000000000000E+00    0.000000000000000E+00
    2.541666666666667E-01    0.000000000000000E+00    0.000000000000000E+00
    2.583333333333333E-01    0.000000000000000E+00    0.000000000000000E+00
    2.625000000000000E-01    0.000000000000000E+00    0.000000000000000E+00
    2.666666666666667E-01    0.000000000000000E+00    0.000000000000000E+00
    2.708333333333333E-01    0.000000000000000E+00    0.000000000000000E+00
    2.750000000000000E-01    0.000000000000000E+00    0.000000000000000E+00
    2.791666666666667E-01    0.000000000000000E+00    0.000000000000000E+00
    2.833333333333333E-01    0.000000000000000E+00    0.000000000000000E+00
    2.875000000000000E-01    0.000000000000000E+00    0.000000000000000E+00
    2.916666666666667E-01    0.000000000000000E+00    0.000000000000000E+00
    2.958333333333333E-01    0.000000000000000E+00    0.000000000000000E+00
    3.000000000000000E-01    0.000000000000000E+00    0.000000000000000E+00
    3.041666666666666E-01    0.000000000000000E+00    0.000000000000000E+00
    3.083333333333333E-01    0.000000000000000E+00    0.000000000000000E+00
    3.125000000000000E-01    0.000000000000000E+00    0.000000000000000E+00
    3.166666666666667E-01    0.000000000000000E+00    0.000000000000000E+00
    3.208333333333333E-01    0.000000000000000E+00    0.000000000000000E+00
    3.250000000000000E-01    0.000000000000000E+00    0.000000000000000E+00
    3.291666666666667E-01    0.000000000000000E+00    0.000000000000000E+00
    3.333333333333333E-01    0.000000000000000E+00    0.000000000000000E+00
    3.375000000000000E-01    0.000000000000000E+00    0.000000000000000E+00
    3.416666666666667E-01    0.000000000000000E+00    0.000000000000000E+00
    3.458333333333333E-01    0.000000000000000E+00    0.000000000000000E+00
    3.500000000000000E-01    0.000000000000000E+00    0.000000000000000E+00
    3.541666666666667E-01    0.000000000000000E+00    0.000000000000000E+00
    3.583333333333333E-01    0.000000000000000E+00    0.000000000000000E+00
    3.625000000000000E-01    0.000000000000000E+00    0.000000000000000E+00
    3.666666666666666E-01    0.000000000000000E+00    0.000000000000000E+00
    3.708333333333333E-01    0.000000000000000E+00    0.000000000000000E+00
    3.750000000000000E-01    0.000000000000000E+00    0.000000000000000E+00
    3.791666666666667E-01    0.000000000000000E+00    0.000000000000000E+00
    3.833333333333333E-01    0.000000000000000E+00    0.000000000000000E+00
    3.875000000000000E-01    0.000000000000000E+00    0.000000000000000E+00
    3.916666666666667E-01    0.000000000000000E+00    0.000000000000000E+00
    3.958333333333333E-01    0.000000000000000E+00    0.000000000000000E+00
    4.000000000000000E-01    0.000000000000000E+00    0.000000000000000E+00
    4.041666666666667E-01    0.000000000000000E+00    0.000000000000000E+00
    4.083333333333333E-01    0.000000000000000E+00    0.000000000000000E+00
    4.125000000000000E-01    0.000000000000000E+00    0.000000000000000E+00
    4.166666666666667E-01    0.000000000000000E+00    0.000000000000000E+00
    4.208333333333333E-01    0.000000000000000E+00    0.000000000000000E+00
    4.250000000000000E-01    0.000000000000000E+00    0.000000000000000E+00
    4.291666666666666E-01    0.000000000000000E+00    0.000000000000000E+00
    4.333333333333333E-01    0.000000000000000E+00    0.000000000000000E+00
    4.375000000000000E-01    0.000000000000000E+00    0.000000000000000E+00
    4.416666666666667E-01    0.000000000000000E+00    0.000000000000000E+00
    4.458333333333333E-01    0.000000000000000E+00    0.000000000000000E+00
    4.500000000000000E-01    0.000000000000000E+00    0.000000000000000E+00
    4.541666666666667E-01    0.000000000000000E+00    0.000000000000000E+00
    4.583333333333333E-01    0.000000000000000E+00    0.000000000000000E+00
    4.625000000000000E-01    0.000000000000000E+00    0.000000000000000E+00
    4.666666666666667E-01    0.000000000000000E+00    0.000000000000000E+00
    4.708333333333333E-01    0.000000000000000E+00    0.000000000000000E+00
    4.750000000000000E-01    0.000000000000000E+00    0.000000000000000E+00
    4.791666666666667E-01    0.000000000000000E+00    0.000000000000000E+00
    4.833333333333333E-01    0.000000000000000E+00    0.000000000000000E+00
    4.875000000000000E-01    0.000000000000000E+00    0.000000000000000E+00
    4.916666666666666E-01    0.000000000000000E+00    0.000000000000000E+00
    4.958333333333333E-01    0.000000000000000E+00    0.000000000000000E+00
    5.000000000000000E-01    0.000000000000000E+00    0.000000000000000E+00
    0.000000000000000E+00   -1.000000000000000E-02    1.000000000000000E+00
    4.166666666666667E-03   -1.000000000000000E-02    1.000000000000000E+00
    8.333333333333333E-03   -1.000000000000000E-02    1.000000000000000E+00
    1.250000000000000E-02   -1.000000000000000E-02    1.000000000000000E+00
    1.666666666666667E-02   -1.000000000000000E-02    1.000000000000000E+00
    2.083333333333333E-02   -1.000000000000000E-02    1.000000000000000E+00
    2.500000000000000E-02   -1.000000000000000E-02    1.000000000000000E+00
    2.916666666666667E-02   -1.000000000000000E-02    1.000000000000000E+00
    3.333333333333333E-02   -1.000000000000000E-02    1.000000000000000E+00
    3.750000000000000E-02   -1.000000000000000E-02    1.000000000000000E+00
    4.166666666666666E-02   -1.000000000000000E-02    1.000000000000000E+00
    4.583333333333333E-02   -1.000000000000000E-02    1.000000000000000E+00
    5.000000000000000E-02   -1.000000000000000E-02    1.000000000000000E+00
    5.416666666666667E-02   -1.000000000000000E-02    1.000000000000000E+00
    5.833333333333333E-02   -1.000000000000000E-02    1.000000000000000E+00
    6.250000000000000E-02   -1.000000000000000E-02    1.000000000000000E+00
    6.666666666666667E-02   -1.000000000000000E-02    1.000000000000000E+00
    7.083333333333333E-02   -1.000000000000000E-02    1.000000000000000E+00
    7.500000000000000E-02   -1.000000000000000E-02    1.000000000000000E+00
    7.916666666666666E-02   -1.000000000000000E-02    1.000000000000000E+00
    8.333333333333333E-02   -1.000000000000000E-02    1.000000000000000E+00
    8.749999999999999E-02   -1.000000000000000E-02    1.000000000000000E+00
    9.166666666666666E-02   -1.000000000000000E-02    1.000000000000000E+00
    9.583333333333333E-02   -1.000000000000000E-02    1.000000000000000E+00
    1.000000000000000E-01   -1.000000000000000E-02    1.000000000000000E+00
    1.041666666666667E-01   -1.000000000000000E-02    1.000000000000000E+00
    1.083333333333333E-01   -1.000000000000000E-02    1.000000000000000E+00
    1.125000000000000E-01   -1.000000000000000E-02    1.000000000000000E+00
    1.166666666666667E-01   -1.000000000000000E-02    1.000000000000000E+00
    1.208333333333333E-01   -1.000000000000000E-02    1.000000000000000E+00
    1.250000000000000E-01   -1.000000000000000E-02    1.000000000000000E+00
    1.291666666666667E-01   -1.000000000000000E-02    1.000000000000000E+00
    1.333333333333333E-01   -1.000000000000000E-02    1.000000000000000E+00
    1.375000000000000E-01   -1.000000000000000E-02    1.000000000000000E+00
    1.416666666666667E-01   -1.000000000000000E-02    1.000000000000000E+00
    1.458333333333333E-01   -1.000000000000000E-02    1.000000000000000E+00
    1.500000000000000E-01   -1.000000000000000E-02    1.000000000000000E+00
    1.541666666666667E-01   -1.000000000000000E-02    1.000000000000000E+00
    1.583333333333333E-01   -1.000000000000000E-02    1.000000000000000E+00
    1.625000000000000E-01   -1.000000000000000E-02    1.000000000000000E+00
    1.666666666666667E-01   -1.000000000000000E-02    1.000000000000000E+00
    1.708333333333333E-01   -1.000000000000000E-02    1.000000000000000E+00
    1.750000000000000E-01   -1.000000000000000E-02    1.000000000000000E+00
    1.791666666666667E-01   -1.000000000000000E-02    1.000000000000000E+00
    1.833333333333333E-01   -1.000000000000000E-02    1.000000000000000E+00
    1.875000000000000E-01   -1.000000000000000E-02    1.000000000000000E+00
    1.916666666666667E-01   -1.000000000000000E-02    1.000000000000000E+00
    1.958333333333333E-01   -1.000000000000000E-02    1.000000000000000E+00
    2.000000000000000E-01   -1.000000000000000E-02    1.000000000000000E+00
    2.041666666666667E-01   -1.000000000000000E-02    1.000000000000000E+00
    2.083333333333333E-01   -1.000000000000000E-02    1.000000000000000E+00
    2.125000000000000E-01   -1.000000000000000E-02    1.000000000000000E+00
    2.166666666666667E-01   -1.000000000000000E-02    1.000000000000000E+00
    2.208333333333333E-01   -1.000000000000000E-02    1.000000000000000E+00
    2.250000000000000E-01   -1.000000000000000E-02    1.000000000000000E+00
    2.291666666666667E-01   -1.000000000000000E-02    1.000000000000000E+00
    2.333333333333333E-01   -1.000000000000000E-02    1.000000000000000E+00
    2.375000000000000E-01   -1.000000000000000E-02    1.000000000000000E+00
    2.416666666666667E-01   -1.000000000000000E-02    1.000000000000000E+00
    2.458333333333333E-01   -1.000000000000000E-02    1.000000000000000E+00
    2.500000000000000E-01   -1.000000000000000E-02    1.000000000000000E+00
    2.541666666666667E-01   -1.000000000000000E-02    1.000000000000000E+00
    2.583333333333333E-01   -1.000000000000000E-02    1.000000000000000E+00
    2.625000000000000E-01   -1.000000000000000E-02    1.000000000000000E+00
    2.666666666666667E-01   -1.000000000000000E-02    1.000000000000000E+00
    2.708333333333333E-01   -1.000000000000000E-02    1.000000000000000E+00
    2.750000000000000E-01   -1.000000000000000E-02    1.000000000000000E+00
    2.791666666666667E-01   -1.000000000000000E-02    1.000000000000000E+00
    2.833333333333333E-01   -1.000000000000000E-02    1.000000000000000E+00
    2.875000000000000E-01   -1.000000000000000E-02    1.000000000000000E+00
    2.916666666666667E-01   -1.000000000000000E-02    1.000000000000000E+00
    2.958333333333333E-01   -1.000000000000000E-02    1.000000000000000E+00
    3.000000000000000E-01   -1.000000000000000E-02    1.000000000000000E+00
    3.041666666666666E-01   -1.000000000000000E-02    1.000000000000000E+00
    3.083333333333333E-01   -1.000000000000000E-02    1.000000000000000E+00
    3.125000000000000E-01   -1.000000000000000E-02    1.000000000000000E+00
    3.166666666666667E-01   -1.000000000000000E-02    1.000000000000000E+00
    3.208333333333333E-01   -1.000000000000000E-02    1.000000000000000E+00
    3.250000000000000E-01   -1.000000000000000E-02    1.000000000000000E+00
    3.291666666666667E-01   -1.000000000000000E-02    1.000000000000000E+00
    3.333333333333333E-01   -1.000000000000000E-02    1.000000000000000E+00
    3.375000000000000E-01   -1.000000000000000E-02    1.000000000000000E+00
    3.416666666666667E-01   -1.000000000000000E-02    1.000000000000000E+00
    3.458333333333333E-01   -1.000000000000000E-02    1.000000000000000E+00
    3.500000000000000E-01   -1.000000000000000E-02    1.000000000000000E+00
    3.541666666666667E-01   -1.000000000000000E-02    1.000000000000000E+00
    3.583333333333333E-01   -1.000000000000000E-02    1.000000000000000E+00
    3.625000000000000E-01   -1.000000000000000E-02    1.000000000000000E+00
    3.666666666666666E-01   -1.000000000000000E-02    1.000000000000000E+00
    3.708333333333333E-01   -1.000000000000000E-02    1.000000000000000E+00
    3.750000000000000E-01   -1.000000000000000E-02    1.000000000000000E+00
    3.791666666666667E-01   -1.000000000000000E-02    1.000000000000000E+00
    3.833333333333333E-01   -1.000000000000000E-02    1.000000000000000E+00
    3.875000000000000E-01   -1.000000000000000E-02    1.000000000000000E+00
    3.916666666666667E-01   -1.000000000000000E-02    1.000000000000000E+00
    3.958333333333333E-01   -1.000000000000000E-02    1.000000000000000E+00
    4.000000000000000E-01   -1.000000000000000E-02    1.000000000000000E+00
    4.041666666666667E-01   -1.000000000000000E-02    1.000000000000000E+00
    4.083333333333333E-01   -1.000000000000000E-02    1.000000000000000E+00
    4.125000000000000E-01   -1.000000000000000E-02    1.000000000000000E+00
    4.166666666666667E-01   -1.000000000000000E-02    1.000000000000000E+00
    4.208333333333333E-01   -1.000000000000000E-02    1.000000000000000E+00
    4.250000000000000E-01   -1.000000000000000E-02    1.000000000000000E+00
    4.291666666666666E-01   -1.000000000000000E-02    1.000000000000000E+00
    4.333333333333333E-01   -1.000000000000000E-02    1.000000000000000E+00
    4.375000000000000E-01   -1.000000000000000E-02    1.000000000000000E+00
    4.416666666666667E-01   -1.000000000000000E-02    1.000000000000000E+00
    4.458333333333333E-01   -1.000000000000000E-02    1.000000000000000E+00
    4.500000000000000E-01   -1.000000000000000E-02    1.000000000000000E+00
    4.541666666666667E-01   -1.000000000000000E-02    1.000000000000000E+00
    4.583333333333333E-01   -1.000000000000000E-02    1.000000000000000E+00
    4.625000000000000E-01   -1.000000000000000E-02    1.000000000000000E+00
    4.666666666666667E-01   -1.000000000000000E-02    1.000000000000000E+00
    4.708333333333333E-01   -1.000000000000000E-02    1.000000000000000E+00
    4.750000000000000E-01   -1.000000000000000E-02    1.000000000000000E+00
    4.791666666666667E-01   -1.000000000000000E-02    1.000000000000000E+00
    4.833333333333333E-01   -1.000000000000000E-02    1.000000000000000E+00
    4.875000000000000E-01   -1.000000000000000E-02    1.000000000000000E+00
    4.916666666666666E-01   -1.000000000000000E-02    1.000000000000000E+00
    4.958333333333333E-01   -1.000000000000000E-02    1.000000000000000E+00
    5.000000000000000E-01   -1.000000000000000E-02    1.000000000000000E+00
    0.000000000000000E+00   -9.375000000000000E-03    1.000000000000000E+00
    4.166666666666667E-03   -9.375000000000000E-03    1.000000000000000E+00
    8.333333333333333E-03   -9.375000000000000E-03    1.000000000000000E+00
    1.250000000000000E-02   -9.375000000000000E-03    1.000000000000000E+00
    1.666666666666667E-02   -9.375000000000000E-03    1.000000000000000E+00
    2.083333333333333E-02   -9.375000000000000E-03    1.000000000000000E+00
    2.500000000000000E-02   -9.375000000000000E-03    1.000000000000000E+00
    2.916666666666667E-02   -9.375000000000000E-03    1.000000000000000E+00
    3.333333333333333E-02   -9.375000000000000E-03    1.000000000000000E+00
    3.750000000000000E-02   -9.375000000000000E-03    1.000000000000000E+00
    4.166666666666666E-02   -9.375000000000000E-03    1.000000000000000E+00
    4.583333333333333E-02   -9.375000000000000E-03    1.000000000000000E+00
    5.000000000000000E-02   -9.375000000000000E-03    1.000000000000000E+00
    5.416666666666667E-02   -9.375000000000000E-03    1.000000000000000E+00
    5.833333333333333E-02   -9.375000000000000E-03    1.000000000000000E+00
    6.250000000000000E-02   -9.375000000000000E-03    1.000000000000000E+00
    6.666666666666667E-02   -9.375000000000000E-03    1.000000000000000E+00
    7.083333333333333E-02   -9.375000000000000E-03    1.000000000000000E+00
    7.500000000000000E-02   -9.375000000000000E-03    1.000000000000000E+00
    7.916666666666666E-02   -9.375000000000000E-03    1.000000000000000E+00
    8.333333333333333E-02   -9.375000000000000E-03    1.000000000000000E+00
    8.749999999999999E-02   -9.375000000000000E-03    1.000000000000000E+00
    9.166666666666666E-02   -9.375000000000000E-03    1.000000000000000E+00
    9.583333333333333E-02   -9.375000000000000E-03    1.000000000000000E+00
    1.000000000000000E-01   -9.375000000000000E-03    1.000000000000000E+00
    1.041666666666667E-01   -9.375000000000000E-03    1.000000000000000E+00
    1.083333333333333E-01   -9.375000000000000E-03    1.000000000000000E+00
    1.125000000000000E-01   -9.375000000000000E-03    1.000000000000000E+00
    1.166666666666667E-01   -9.375000000000000E-03    1.000000000000000E+00
    1.208333333333333E-01   -9.375000000000000E-03    1.000000000000000E+00
    1.250000000000000E-01   -9.375000000000000E-03    1.000000000000000E+00
    1.291666666666667E-01   -9.375000000000000E-03    1.000000000000000E+00
    1.333333333333333E-01   -9.375000000000000E-03    1.000000000000000E+00
    1.375000000000000E-01   -9.375000000000000E-03    1.000000000000000E+00
    1.416666666666667E-01   -9.375000000000000E-03    1.000000000000000E+00
    1.458333333333333E-01   -9.375000000000000E-03    1.000000000000000E+00
    1.500000000000000E-01   -9.375000000000000E-03    1.000000000000000E+00
    1.541666666666667E-01   -9.375000000000000E-03    1.000000000000000E+00
    1.583333333333333E-01   -9.375000000000000E-03    1.000000000000000E+00
    1.625000000000000E-01   -9.375000000000000E-03    1.000000000000000E+00
    1.666666666666667E-01   -9.375000000000000E-03    1.000000000000000E+00
    1.708333333333333E-01   -9.375000000000000E-03    1.000000000000000E+00
    1.750000000000000E-01   -9.375000000000000E-03    1.000000000000000E+00
    1.791666666666667E-01   -9.375000000000000E-03    1.000000000000000E+00
    1.833333333333333E-01   -9.375000000000000E-03    1.000000000000000E+00
    1.875000000000000E-01   -9.375000000000000E-03    1.000000000000000E+00
    1.916666666666667E-01   -9.375000000000000E-03    1.000000000000000E+00
    1.958333333333333E-01   -9.375000000000000E-03    1.000000000000000E+00
    2.000000000000000E-01   -9.375000000000000E-03    1.000000000000000E+00
    2.041666666666667E-01   -9.375000000000000E-03    1.000000000000000E+00
    2.083333333333333E-01   -9.375000000000000E-03    1.000000000000000E+00
    2.125000000000000E-01   -9.375000000000000E-03    1.000000000000000E+00
    2.166666666666667E-01   -9.375000000000000E-03    1.000000000000000E+00
    2.208333333333333E-01   -9.375000000000000E-03    1.000000000000000E+00
    2.250000000000000E-01   -9.375000000000000E-03    1.000000000000000E+00
    2.291666666666667E-01   -9.375000000000000E-03    1.000000000000000E+00
    2.333333333333333E-01   -9.375000000000000E-03    1.000000000000000E+00
    2.375000000000000E-01   -9.375000000000000E-03    1.000000000000000E+00
    2.416666666666667E-01   -9.375000000000000E-03    1.000000000000000E+00
    2.458333333333333E-01   -9.375000000000000E-03    1.000000000000000E+00
    2.500000000000000E-01   -9.375000000000000E-03    1.000000000000000E+00
    2.541666666666667E-01   -9.375000000000000E-03    1.000000000000000E+00
    2.583333333333333E-01   -9.375000000000000E-03    1.000000000000000E+00
    2.625000000000000E-01   -9.375000000000000E-03    1.000000000000000E+00
    2.666666666666667E-01   -9.375000000000000E-03    1.000000000000000E+00
    2.708333333333333E-01   -9.375000000000000E-03    1.000000000000000E+00
    2.750000000000000E-01   -9.375000000000000E-03    1.000000000000000E+00
    2.791666666666667E-01   -9.375000000000000E-03    1.000000000000000E+00
    2.833333333333333E-01   -9.375000000000000E-03    1.000000000000000E+00
    2.875000000000000E-01   -9.375000000000000E-03    1.000000000000000E+00
    2.916666666666667E-01   -9.375000000000000E-03    1.000000000000000E+00
    2.958333333333333E-01   -9.375000000000000E-03    1.000000000000000E+00
    3.000000000000000E-01   -9.375000000000000E-03    1.000000000000000E+00
    3.041666666666666E-01   -9.375000000000000E-03    1.000000000000000E+00
    3.083333333333333E-01   -9.375000000000000E-03    1.000000000000000E+00
    3.125000000000000E-01   -9.375000000000000E-03    1.000000000000000E+00
    3.166666666666667E-01   -9.375000000000000E-03    1.000000000000000E+00
    3.208333333333333E-01   -9.375000000000000E-03    1.000000000000000E+00
    3.250000000000000E-01   -9.375000000000000E-03    1.000000000000000E+00
    3.291666666666667E-01   -9.375000000000000E-03    1.000000000000000E+00
    3.333333333333333E-01   -9.375000000000000E-03    1.000000000000000E+00
    3.375000000000000E-01   -9.375000000000000E-03    1.000000000000000E+00
    3.416666666666667E-01   -9.375000000000000E-03    1.000000000000000E+00
    3.458333333333333E-01   -9.375000000000000E-03    1.000000000000000E+00
    3.500000000000000E-01   -9.375000000000000E-03    1.000000000000000E+00
    3.541666666666667E-01   -9.375000000000000E-03    1.000000000000000E+00
    3.583333333333333E-01   -9.375000000000000E-03    1.000000000000000E+00
    3.625000000000000E-01   -9.375000000000000E-03    1.000000000000000E+00
    3.666666666666666E-01   -9.375000000000000E-03    1.000000000000000E+00
    3.708333333333333E-01   -9.375000000000000E-03    1.000000000000000E+00
    3.750000000000000E-01   -9.375000000000000E-03    1.000000000000000E+00
    3.791666666666667E-01   -9.375000000000000E-03    1.000000000000000E+00
    3.833333333333333E-01   -9.375000000000000E-03    1.000000000000000E+00
    3.875000000000000E-01   -9.375000000000000E-03    1.000000000000000E+00
    3.916666666666667E-01   -9.375000000000000E-03    1.000000000000000E+00
    3.958333333333333E-01   -9.375000000000000E-03    1.000000000000000E+00
    4.000000000000000E-01   -9.375000000000000E-03    1.000000000000000E+00
    4.041666666666667E-01   -9.375000000000000E-03    1.000000000000000E+00
    4.083333333333333E-01   -9.375000000000000E-03    1.000000000000000E+00
    4.125000000000000E-01   -9.375000000000000E-03    1.000000000000000E+00
    4.166666666666667E-01   -9.375000000000000E-03    1.000000000000000E+00
    4.208333333333333E-01   -9.375000000000000E-03    1.000000000000000E+00
    4.250000000000000E-01   -9.375000000000000E-03    1.000000000000000E+00
    4.291666666666666E-01   -9.375000000000000E-03    1.000000000000000E+00
    4.333333333333333E-01   -9.375000000000000E-03    1.000000000000000E+00
    4.375000000000000E-01   -9.375000000000000E-03    1.000000000000000E+00
    4.416666666666667E-01   -9.375000000000000E-03    1.000000000000000E+00
    4.458333333333333E-01   -9.375000000000000E-03    1.000000000000000E+00
    4.500000000000000E-01   -9.375000000000000E-03    1.000000000000000E+00
    4.541666666666667E-01   -9.375000000000000E-03    1.000000000000000E+00
    4.583333333333333E-01   -9.375000000000000E-03    1.000000000000000E+00
    4.625000000000000E-01   -9.375000000000000E-03    1.000000000000000E+00
    4.666666666666667E-01   -9.375000000000000E-03    1.000000000000000E+00
    4.708333333333333E-01   -9.375000000000000E-03    1.000000000000000E+00
    4.750000000000000E-01   -9.375000000000000E-03    1.000000000000000E+00
    4.791666666666667E-01   -9.375000000000000E-03    1.000000000000000E+00
    4.833333333333333E-01   -9.375000000000000E-03    1.000000000000000E+00
    4.875000000000000E-01   -9.375000000000000E-03    1.000000000000000E+00
    4.916666666666666E-01   -9.375000000000000E-03    1.000000000000000E+00
    4.958333333333333E-01   -9.375000000000000E-03    1.000000000000000E+00
    5.000000000000000E-01   -9.375000000000000E-03    1.000000000000000E+00
    0.000000000000000E+00   -8.750000000000001E-03    1.000000000000000E+00
    4.166666666666667E-03   -8.750000000000001E-03    1.000000000000000E+00
    8.333333333333333E-03   -8.750000000000001E-03    1.000000000000000E+00
    1.250000000000000E-02   -8.750000000000001E-03    1.000000000000000E+00
    1.666666666666667E-02   -8.750000000000001E-03    1.000000000000000E+00
    2.083333333333333E-02   -8.750000000000001E-03    1.000000000000000E+00
    2.500000000000000E-02   -8.750000000000001E-03    1.000000000000000E+00
    2.916666666666667E-02   -8.750000000000001E-03    1.000000000000000E+00
    3.333333333333333E-02   -8.750000000000001E-03    1.000000000000000E+00
    3.750000000000000E-02   -8.750000000000001E-03    1.000000000000000E+00
    4.166666666666666E-02   -8.750000000000001E-03    1.000000000000000E+00
    4.583333333333333E-02   -8.750000000000001E-03    1.000000000000000E+00
    5.000000000000000E-02   -8.750000000000001E-03    1.000000000000000E+00
    5.416666666666667E-02   -8.750000000000001E-03    1.000000000000000E+00
    5.833333333333333E-02   -8.750000000000001E-03    1.000000000000000E+00
    6.250000000000000E-02   -8.750000000000001E-03    1.000000000000000E+00
    6.666666666666667E-02   -8.750000000000001E-03    1.000000000000000E+00
    7.083333333333333E-02   -8.750000000000001E-03    1.000000000000000E+00
    7.500000000000000E-02   -8.750000000000001E-03    1.000000000000000E+00
    7.916666666666666E-02   -8.750000000000001E-03    1.000000000000000E+00
    8.333333333333333E-02   -8.750000000000001E-03    1.000000000000000E+00
    8.749999999999999E-02   -8.750000000000001E-03    1.000000000000000E+00
    9.166666666666666E-02   -8.750000000000001E-03    1.000000000000000E+00
    9.583333333333333E-02   -8.750000000000001E-03    1.000000000000000E+00
    1.000000000000000E-01   -8.750000000000001E-03    1.000000000000000E+00
    1.041666666666667E-01   -8.750000000000001E-03    1.000000000000000E+00
    1.083333333333333E-01   -8.750000000000001E-03    1.000000000000000E+00
    1.125000000000000E-01   -8.750000000000001E-03    1.000000000000000E+00
    1.166666666666667E-01   -8.750000000000001E-03    1.000000000000000E+00
    1.208333333333333E-01   -8.750000000000001E-03    1.000000000000000E+00
    1.250000000000000E-01   -8.750000000000001E-03    1.000000000000000E+00
    1.291666666666667E-01   -8.750000000000001E-03    1.000000000000000E+00
    1.333333333333333E-01   -8.750000000000001E-03    1.000000000000000E+00
    1.375000000000000E-01   -8.750000000000001E-03    1.000000000000000E+00
    1.416666666666667E-01   -8.750000000000001E-03    1.000000000000000E+00
    1.458333333333333E-01   -8.750000000000001E-03    1.000000000000000E+00
    1.500000000000000E-01   -8.750000000000001E-03    1.000000000000000E+00
    1.541666666666667E-01   -8.750000000000001E-03    1.000000000000000E+00
    1.583333333333333E-01   -8.750000000000001E-03    1.000000000000000E+00
    1.625000000000000E-01   -8.750000000000001E-03    1.000000000000000E+00
    1.666666666666667E-01   -8.750000000000001E-03    1.000000000000000E+00
    1.708333333333333E-01   -8.750000000000001E-03    1.000000000000000E+00
    1.750000000000000E-01   -8.750000000000001E-03    1.000000000000000E+00
    1.791666666666667E-01   -8.750000000000001E-03    1.000000000000000E+00
    1.833333333333333E-01   -8.750000000000001E-03    1.000000000000000E+00
    1.875000000000000E-01   -8.750000000000001E-03    1.000000000000000E+00
    1.916666666666667E-01   -8.750000000000001E-03    1.000000000000000E+00
    1.958333333333333E-01   -8.750000000000001E-03    1.000000000000000E+00
    2.000000000000000E-01   -8.750000000000001E-03    1.000000000000000E+00
    2.041666666666667E-01   -8.750000000000001E-03    1.000000000000000E+00
    2.083333333333333E-01   -8.750000000000001E-03    1.000000000000000E+00
    2.125000000000000E-01   -8.750000000000001E-03    1.000000000000000E+00
    2.166666666666667E-01   -8.750000000000001E-03    1.000000000000000E+00
    2.208333333333333E-01   -8.750000000000001E-03    1.000000000000000E+00
    2.250000000000000E-01   -8.750000000000001E-03    1.000000000000000E+00
    2.291666666666667E-01   -8.750000000000001E-03    1.000000000000000E+00
    2.333333333333333E-01   -8.750000000000001E-03    1.000000000000000E+00
    2.375000000000000E-01   -8.750000000000001E-03    1.000000000000000E+00
    2.416666666666667E-01   -8.750000000000001E-03    1.000000000000000E+00
    2.458333333333333E-01   -8.750000000000001E-03    1.000000000000000E+00
    2.500000000000000E-01   -8.750000000000001E-03    1.000000000000000E+00
    2.541666666666667E-01   -8.750000000000001E-03    1.000000000000000E+00
    2.583333333333333E-01   -8.750000000000001E-03    1.000000000000000E+00
    2.625000000000000E-01   -8.750000000000001E-03    1.000000000000000E+00
    2.666666666666667E-01   -8.750000000000001E-03    1.000000000000000E+00
    2.708333333333333E-01   -8.750000000000001E-03    1.000000000000000E+00
    2.750000000000000E-01   -8.750000000000001E-03    1.000000000000000E+00
    2.791666666666667E-01   -8.750000000000001E-03    1.000000000000000E+00
    2.833333333333333E-01   -8.750000000000001E-03    1.000000000000000E+00
    2.875000000000000E-01   -8.750000000000001E-03    1.000000000000000E+00
    2.916666666666667E-01   -8.750000000000001E-03    1.000000000000000E+00
    2.958333333333333E-01   -8.750000000000001E-03    1.000000000000000E+00
    3.000000000000000E-01   -8.750000000000001E-03    1.000000000000000E+00
    3.041666666666666E-01   -8.750000000000001E-03    1.000000000000000E+00
    3.083333333333333E-01   -8.750000000000001E-03    1.000000000000000E+00
    3.125000000000000E-01   -8.750000000000001E-03    1.000000000000000E+00
    3.166666666666667E-01   -8.750000000000001E-03    1.000000000000000E+00
    3.208333333333333E-01   -8.750000000000001E-03    1.000000000000000E+00
    3.250000000000000E-01   -8.750000000000001E-03    1.000000000000000E+00
    3.291666666666667E-01   -8.750000000000001E-03    1.000000000000000E+00
    3.333333333333333E-01   -8.750000000000001E-03    1.000000000000000E+00
    3.375000000000000E-01   -8.750000000000001E-03    1.000000000000000E+00
    3.416666666666667E-01   -8.750000000000001E-03    1.000000000000000E+00
    3.458333333333333E-01   -8.750000000000001E-03    1.000000000000000E+00
    3.500000000000000E-01   -8.750000000000001E-03    1.000000000000000E+00
    3.541666666666667E-01   -8.750000000000001E-03    1.000000000000000E+00
    3.583333333333333E-01   -8.750000000000001E-03    1.000000000000000E+00
    3.625000000000000E-01   -8.750000000000001E-03    1.000000000000000E+00
    3.666666666666666E-01   -8.750000000000001E-03    1.000000000000000E+00
    3.708333333333333E-01   -8.750000000000001E-03    1.000000000000000E+00
    3.750000000000000E-01   -8.750000000000001E-03    1.000000000000000E+00
    3.791666666666667E-01   -8.750000000000001E-03    1.000000000000000E+00
    3.833333333333333E-01   -8.750000000000001E-03    1.000000000000000E+00
    3.875000000000000E-01   -8.750000000000001E-03    1.000000000000000E+00
    3.916666666666667E-01   -8.750000000000001E-03    1.000000000000000E+00
    3.958333333333333E-01   -8.750000000000001E-03    1.000000000000000E+00
    4.000000000000000E-01   -8.750000000000001E-03    1.000000000000000E+00
    4.041666666666667E-01   -8.750000000000001E-03    1.000000000000000E+00
    4.083333333333333E-01   -8.750000000000001E-03    1.000000000000000E+00
    4.125000000000000E-01   -8.750000000000001E-03    1.000000000000000E+00
    4.166666666666667E-01   -8.750000000000001E-03    1.000000000000000E+00
    4.208333333333333E-01   -8.750000000000001E-03    1.000000000000000E+00
    4.250000000000000E-01   -8.750000000000001E-03    1.000000000000000E+00
    4.291666666666666E-01   -8.750000000000001E-03    1.000000000000000E+00
    4.333333333333333E-01   -8.750000000000001E-03    1.000000000000000E+00
    4.375000000000000E-01   -8.750000000000001E-03    1.000000000000000E+00
    4.416666666666667E-01   -8.750000000000001E-03    1.000000000000000E+00
    4.458333333333333E-01   -8.750000000000001E-03    1.000000000000000E+00
    4.500000000000000E-01   -8.750000000000001E-03    1.000000000000000E+00
    4.541666666666667E-01   -8.750000000000001E-03    1.000000000000000E+00
    4.583333333333333E-01   -8.750000000000001E-03    1.000000000000000E+00
    4.625000000000000E-01   -8.750000000000001E-03    1.000000000000000E+00
    4.666666666666667E-01   -8.750000000000001E-03    1.000000000000000E+00
    4.708333333333333E-01   -8.750000000000001E-03    1.000000000000000E+00
    4.750000000000000E-01   -8.750000000000001E-03    1.000000000000000E+00
    4.791666666666667E-01   -8.750000000000001E-03    1.000000000000000E+00
    4.833333333333333E-01   -8.750000000000001E-03    1.000000000000000E+00
    4.875000000000000E-01   -8.750000000000001E-03    1.000000000000000E+00
    4.916666666666666E-01   -8.750000000000001E-03    1.000000000000000E+00
    4.958333333333333E-01   -8.750000000000001E-03    1.000000000000000E+00
    5.000000000000000E-01   -8.750000000000001E-03    1.000000000000000E+00
    0.000000000000000E+00   -8.125000000000000E-03    1.000000000000000E+00
    4.166666666666667E-03   -8.125000000000000E-03    1.000000000000000E+00
    8.333333333333333E-03   -8.125000000000000E-03    1.000000000000000E+00
    1.250000000000000E-02   -8.125000000000000E-03    1.000000000000000E+00
    1.666666666666667E-02   -8.125000000000000E-03    1.000000000000000E+00
    2.083333333333333E-02   -8.125000000000000E-03    1.000000000000000E+00
    2.500000000000000E-02   -8.125000000000000E-03    1.000000000000000E+00
    2.916666666666667E-02   -8.125000000000000E-03    1.000000000000000E+00
    3.333333333333333E-02   -8.125000000000000E-03    1.000000000000000E+00
    3.750000000000000E-02   -8.125000000000000E-03    1.000000000000000E+00
    4.166666666666666E-02   -8.125000000000000E-03    1.000000000000000E+00
    4.583333333333333E-02   -8.125000000000000E-03    1.000000000000000E+00
    5.000000000000000E-02   -8.125000000000000E-03    1.000000000000000E+00
    5.416666666666667E-02   -8.125000000000000E-03    1.000000000000000E+00
    5.833333333333333E-02   -8.125000000000000E-03    1.000000000000000E+00
    6.250000000000000E-02   -8.125000000000000E-03    1.000000000000000E+00
    6.666666666666667E-02   -8.125000000000000E-03    1.000000000000000E+00
    7.083333333333333E-02   -8.125000000000000E-03    1.000000000000000E+00
    7.500000000000000E-02   -8.125000000000000E-03    1.000000000000000E+00
    7.916666666666666E-02   -8.125000000000000E-03    1.000000000000000E+00
    8.333333333333333E-02   -8.125000000000000E-03    1.000000000000000E+00
    8.749999999999999E-02   -8.125000000000000E-03    1.000000000000000E+00
    9.166666666666666E-02   -8.125000000000000E-03    1.000000000000000E+00
    9.583333333333333E-02   -8.125000000000000E-03    1.000000000000000E+00
    1.000000000000000E-01   -8.125000000000000E-03    1.000000000000000E+00
    1.041666666666667E-01   -8.125000000000000E-03    1.000000000000000E+00
    1.083333333333333E-01   -8.125000000000000E-03    1.000000000000000E+00
    1.125000000000000E-01   -8.125000000000000E-03    1.000000000000000E+00
    1.166666666666667E-01   -8.125000000000000E-03    1.000000000000000E+00
    1.208333333333333E-01   -8.125000000000000E-03    1.000000000000000E+00
    1.250000000000000E-01   -8.125000000000000E-03    1.000000000000000E+00
    1.291666666666667E-01   -8.125000000000000E-03    1.000000000000000E+00
    1.333333333333333E-01   -8.125000000000000E-03    1.000000000000000E+00
    1.375000000000000E-01   -8.125000000000000E-03    1.000000000000000E+00
    1.416666666666667E-01   -8.125000000000000E-03    1.000000000000000E+00
    1.458333333333333E-01   -8.125000000000000E-03    1.000000000000000E+00
    1.500000000000000E-01   -8.125000000000000E-03    1.000000000000000E+00
    1.541666666666667E-01   -8.125000000000000E-03    1.000000000000000E+00
    1.583333333333333E-01   -8.125000000000000E-03    1.000000000000000E+00
    1.625000000000000E-01   -8.125000000000000E-03    1.000000000000000E+00
    1.666666666666667E-01   -8.125000000000000E-03    1.000000000000000E+00
    1.708333333333333E-01   -8.125000000000000E-03    1.000000000000000E+00
    1.750000000000000E-01   -8.125000000000000E-03    1.000000000000000E+00
    1.791666666666667E-01   -8.125000000000000E-03    1.000000000000000E+00
    1.833333333333333E-01   -8.125000000000000E-03    1.000000000000000E+00
    1.875000000000000E-01   -8.125000000000000E-03    1.000000000000000E+00
    1.916666666666667E-01   -8.125000000000000E-03    1.000000000000000E+00
    1.958333333333333E-01   -8.125000000000000E-03    1.000000000000000E+00
    2.000000000000000E-01   -8.125000000000000E-03    1.000000000000000E+00
    2.041666666666667E-01   -8.125000000000000E-03    1.000000000000000E+00
    2.083333333333333E-01   -8.125000000000000E-03    1.000000000000000E+00
    2.125000000000000E-01   -8.125000000000000E-03    1.000000000000000E+00
    2.166666666666667E-01   -8.125000000000000E-03    1.000000000000000E+00
    2.208333333333333E-01   -8.125000000000000E-03    1.000000000000000E+00
    2.250000000000000E-01   -8.125000000000000E-03    1.000000000000000E+00
    2.291666666666667E-01   -8.125000000000000E-03    1.000000000000000E+00
    2.333333333333333E-01   -8.125000000000000E-03    1.000000000000000E+00
    2.375000000000000E-01   -8.125000000000000E-03    1.000000000000000E+00
    2.416666666666667E-01   -8.125000000000000E-03    1.000000000000000E+00
    2.458333333333333E-01   -8.125000000000000E-03    1.000000000000000E+00
    2.500000000000000E-01   -8.125000000000000E-03    1.000000000000000E+00
    2.541666666666667E-01   -8.125000000000000E-03    1.000000000000000E+00
    2.583333333333333E-01   -8.125000000000000E-03    1.000000000000000E+00
    2.625000000000000E-01   -8.125000000000000E-03    1.000000000000000E+00
    2.666666666666667E-01   -8.125000000000000E-03    1.000000000000000E+00
    2.708333333333333E-01   -8.125000000000000E-03    1.000000000000000E+00
    2.750000000000000E-01   -8.125000000000000E-03    1.000000000000000E+00
    2.791666666666667E-01   -8.125000000000000E-03    1.000000000000000E+00
    2.833333333333333E-01   -8.125000000000000E-03    1.000000000000000E+00
    2.875000000000000E-01   -8.125000000000000E-03    1.000000000000000E+00
    2.916666666666667E-01   -8.125000000000000E-03    1.000000000000000E+00
    2.958333333333333E-01   -8.125000000000000E-03    1.000000000000000E+00
    3.000000000000000E-01   -8.125000000000000E-03    1.000000000000000E+00
    3.041666666666666E-01   -8.125000000000000E-03    1.000000000000000E+00
    3.083333333333333E-01   -8.125000000000000E-03    1.000000000000000E+00
    3.125000000000000E-01   -8.125000000000000E-03    1.000000000000000E+00
    3.166666666666667E-01   -8.125000000000000E-03    1.000000000000000E+00
    3.208333333333333E-01   -8.125000000000000E-03    1.000000000000000E+00
    3.250000000000000E-01   -8.125000000000000E-03    1.000000000000000E+00
    3.291666666666667E-01   -8.125000000000000E-03    1.000000000000000E+00
    3.333333333333333E-01   -8.125000000000000E-03    1.000000000000000E+00
    3.375000000000000E-01   -8.125000000000000E-03    1.000000000000000E+00
    3.416666666666667E-01   -8.125000000000000E-03    1.000000000000000E+00
    3.458333333333333E-01   -8.125000000000000E-03    1.000000000000000E+00
    3.500000000000000E-01   -8.125000000000000E-03    1.000000000000000E+00
    3.541666666666667E-01   -8.125000000000000E-03    1.000000000000000E+00
    3.583333333333333E-01   -8.125000000000000E-03    1.000000000000000E+00
    3.625000000000000E-01   -8.125000000000000E-03    1.000000000000000E+00
    3.666666666666666E-01   -8.125000000000000E-03    1.000000000000000E+00
    3.708333333333333E-01   -8.125000000000000E-03    1.000000000000000E+00
    3.750000000000000E-01   -8.125000000000000E-03    1.000000000000000E+00
    3.791666666666667E-01   -8.125000000000000E-03    1.000000000000000E+00
    3.833333333333333E-01   -8.125000000000000E-03    1.000000000000000E+00
    3.875000000000000E-01   -8.125000000000000E-03    1.000000000000000E+00
    3.916666666666667E-01   -8.125000000000000E-03    1.000000000000000E+00
    3.958333333333333E-01   -8.125000000000000E-03    1.000000000000000E+00
    4.000000000000000E-01   -8.125000000000000E-03    1.000000000000000E+00
    4.041666666666667E-01   -8.125000000000000E-03    1.000000000000000E+00
    4.083333333333333E-01   -8.125000000000000E-03    1.000000000000000E+00
    4.125000000000000E-01   -8.125000000000000E-03    1.000000000000000E+00
    4.166666666666667E-01   -8.125000000000000E-03    1.000000000000000E+00
    4.208333333333333E-01   -8.125000000000000E-03    1.000000000000000E+00
    4.250000000000000E-01   -8.125000000000000E-03    1.000000000000000E+00
    4.291666666666666E-01   -8.125000000000000E-03    1.000000000000000E+00
    4.333333333333333E-01   -8.125000000000000E-03    1.000000000000000E+00
    4.375000000000000E-01   -8.125000000000000E-03    1.000000000000000E+00
    4.416666666666667E-01   -8.125000000000000E-03    1.000000000000000E+00
    4.458333333333333E-01   -8.125000000000000E-03    1.000000000000000E+00
    4.500000000000000E-01   -8.125000000000000E-03    1.000000000000000E+00
    4.541666666666667E-01   -8.125000000000000E-03    1.000000000000000E+00
    4.583333333333333E-01   -8.125000000000000E-03    1.000000000000000E+00
    4.625000000000000E-01   -8.125000000000000E-03    1.000000000000000E+00
    4.666666666666667E-01   -8.125000000000000E-03    1.000000000000000E+00
    4.708333333333333E-01   -8.125000000000000E-03    1.000000000000000E+00
    4.750000000000000E-01   -8.125000000000000E-03    1.000000000000000E+00
    4.791666666666667E-01   -8.125000000000000E-03    1.000000000000000E+00
    4.833333333333333E-01   -8.125000000000000E-03    1.000000000000000E+00
    4.875000000000000E-01   -8.125000000000000E-03    1.000000000000000E+00
    4.916666666666666E-01   -8.125000000000000E-03    1.000000000000000E+00
    4.958333333333333E-01   -8.125000000000000E-03    1.000000000000000E+00
    5.000000000000000E-01   -8.125000000000000E-03    1.000000000000000E+00
    0.000000000000000E+00   -7.500000000000000E-03    1.000000000000000E+00
    4.166666666666667E-03   -7.500000000000000E-03    1.000000000000000E+00
    8.333333333333333E-03   -7.500000000000000E-03    1.000000000000000E+00
    1.250000000000000E-02   -7.500000000000000E-03    1.000000000000000E+00
    1.666666666666667E-02   -7.500000000000000E-03    1.000000000000000E+00
    2.083333333333333E-02   -7.500000000000000E-03    1.000000000000000E+00
    2.500000000000000E-02   -7.500000000000000E-03    1.000000000000000E+00
    2.916666666666667E-02   -7.500000000000000E-03    1.000000000000000E+00
    3.333333333333333E-02   -7.500000000000000E-03    1.000000000000000E+00
    3.750000000000000E-02   -7.500000000000000E-03    1.000000000000000E+00
    4.166666666666666E-02   -7.500000000000000E-03    1.000000000000000E+00
    4.583333333333333E-02   -7.500000000000000E-03    1.000000000000000E+00
    5.000000000000000E-02   -7.500000000000000E-03    1.000000000000000E+00
    5.416666666666667E-02   -7.500000000000000E-03    1.000000000000000E+00
    5.833333333333333E-02   -7.500000000000000E-03    1.000000000000000E+00
    6.250000000000000E-02   -7.500000000000000E-03    1.000000000000000E+00
    6.666666666666667E-02   -7.500000000000000E-03    1.000000000000000E+00
    7.083333333333333E-02   -7.500000000000000E-03    1.000000000000000E+00
    7.500000000000000E-02   -7.500000000000000E-03    1.000000000000000E+00
    7.916666666666666E-02   -7.500000000000000E-03    1.000000000000000E+00
    8.333333333333333E-02   -7.500000000000000E-03    1.000000000000000E+00
    8.749999999999999E-02   -7.500000000000000E-03    1.000000000000000E+00
    9.166666666666666E-02   -7.500000000000000E-03    1.000000000000000E+00
    9.583333333333333E-02   -7.500000000000000E-03    1.000000000000000E+00
    1.000000000000000E-01   -7.500000000000000E-03    1.000000000000000E+00
    1.041666666666667E-01   -7.500000000000000E-03    1.000000000000000E+00
    1.083333333333333E-01   -7.500000000000000E-03    1.000000000000000E+00
    1.125000000000000E-01   -7.500000000000000E-03    1.000000000000000E+00
    1.166666666666667E-01   -7.500000000000000E-03    1.000000000000000E+00
    1.208333333333333E-01   -7.500000000000000E-03    1.000000000000000E+00
    1.250000000000000E-01   -7.500000000000000E-03    1.000000000000000E+00
    1.291666666666667E-01   -7.500000000000000E-03    1.000000000000000E+00
    1.333333333333333E-01   -7.500000000000000E-03    1.000000000000000E+00
    1.375000000000000E-01   -7.500000000000000E-03    1.000000000000000E+00
    1.416666666666667E-01   -7.500000000000000E-03    1.000000000000000E+00
    1.458333333333333E-01   -7.500000000000000E-03    1.000000000000000E+00
    1.500000000000000E-01   -7.500000000000000E-03    1.000000000000000E+00
    1.541666666666667E-01   -7.500000000000000E-03    1.000000000000000E+00
    1.583333333333333E-01   -7.500000000000000E-03    1.000000000000000E+00
    1.625000000000000E-01   -7.500000000000000E-03    1.000000000000000E+00
    1.666666666666667E-01   -7.500000000000000E-03    1.000000000000000E+00
    1.708333333333333E-01   -7.500000000000000E-03    1.000000000000000E+00
    1.750000000000000E-01   -7.500000000000000E-03    1.000000000000000E+00
    1.791666666666667E-01   -7.500000000000000E-03    1.000000000000000E+00
    1.833333333333333E-01   -7.500000000000000E-03    1.000000000000000E+00
    1.875000000000000E-01   -7.500000000000000E-03    1.000000000000000E+00
    1.916666666666667E-01   -7.500000000000000E-03    1.000000000000000E+00
    1.958333333333333E-01   -7.500000000000000E-03    1.000000000000000E+00
    2.000000000000000E-01   -7.500000000000000E-03    1.000000000000000E+00
    2.041666666666667E-01   -7.500000000000000E-03    1.000000000000000E+00
    2.083333333333333E-01   -7.500000000000000E-03    1.000000000000000E+00
    2.125000000000000E-01   -7.500000000000000E-03    1.000000000000000E+00
    2.166666666666667E-01   -7.500000000000000E-03    1.000000000000000E+00
    2.208333333333333E-01   -7.500000000000000E-03    1.000000000000000E+00
    2.250000000000000E-01   -7.500000000000000E-03    1.000000000000000E+00
    2.291666666666667E-01   -7.500000000000000E-03    1.000000000000000E+00
    2.333333333333333E-01   -7.500000000000000E-03    1.000000000000000E+00
    2.375000000000000E-01   -7.500000000000000E-03    1.000000000000000E+00
    2.416666666666667E-01   -7.500000000000000E-03    1.000000000000000E+00
    2.458333333333333E-01   -7.500000000000000E-03    1.000000000000000E+00
    2.500000000000000E-01   -7.500000000000000E-03    1.000000000000000E+00
    2.541666666666667E-01   -7.500000000000000E-03    1.000000000000000E+00
    2.583333333333333E-01   -7.500000000000000E-03    1.000000000000000E+00
    2.625000000000000E-01   -7.500000000000000E-03    1.000000000000000E+00
    2.666666666666667E-01   -7.500000000000000E-03    1.000000000000000E+00
    2.708333333333333E-01   -7.500000000000000E-03    1.000000000000000E+00
    2.750000000000000E-01   -7.500000000000000E-03    1.000000000000000E+00
    2.791666666666667E-01   -7.500000000000000E-03    1.000000000000000E+00
    2.833333333333333E-01   -7.500000000000000E-03    1.000000000000000E+00
    2.875000000000000E-01   -7.500000000000000E-03    1.000000000000000E+00
    2.916666666666667E-01   -7.500000000000000E-03    1.000000000000000E+00
    2.958333333333333E-01   -7.500000000000000E-03    1.000000000000000E+00
    3.000000000000000E-01   -7.500000000000000E-03    1.000000000000000E+00
    3.041666666666666E-01   -7.500000000000000E-03    1.000000000000000E+00
    3.083333333333333E-01   -7.500000000000000E-03    1.000000000000000E+00
    3.125000000000000E-01   -7.500000000000000E-03    1.000000000000000E+00
    3.166666666666667E-01   -7.500000000000000E-03    1.000000000000000E+00
    3.208333333333333E-01   -7.500000000000000E-03    1.000000000000000E+00
    3.250000000000000E-01   -7.500000000000000E-03    1.000000000000000E+00
    3.291666666666667E-01   -7.500000000000000E-03    1.000000000000000E+00
    3.333333333333333E-01   -7.500000000000000E-03    1.000000000000000E+00
    3.375000000000000E-01   -7.500000000000000E-03    1.000000000000000E+00
    3.416666666666667E-01   -7.500000000000000E-03    1.000000000000000E+00
    3.458333333333333E-01   -7.500000000000000E-03    1.000000000000000E+00
    3.500000000000000E-01   -7.500000000000000E-03    1.000000000000000E+00
    3.541666666666667E-01   -7.500000000000000E-03    1.000000000000000E+00
    3.583333333333333E-01   -7.500000000000000E-03    1.000000000000000E+00
    3.625000000000000E-01   -7.500000000000000E-03    1.000000000000000E+00
    3.666666666666666E-01   -7.500000000000000E-03    1.000000000000000E+00
    3.708333333333333E-01   -7.500000000000000E-03    1.000000000000000E+00
    3.750000000000000E-01   -7.500000000000000E-03    1.000000000000000E+00
    3.791666666666667E-01   -7.500000000000000E-03    1.000000000000000E+00
    3.833333333333333E-01   -7.500000000000000E-03    1.000000000000000E+00
    3.875000000000000E-01   -7.500000000000000E-03    1.000000000000000E+00
    3.916666666666667E-01   -7.500000000000000E-03    1.000000000000000E+00
    3.958333333333333E-01   -7.500000000000000E-03    1.000000000000000E+00
    4.000000000000000E-01   -7.500000000000000E-03    1.000000000000000E+00
    4.041666666666667E-01   -7.500000000000000E-03    1.000000000000000E+00
    4.083333333333333E-01   -7.500000000000000E-03    1.000000000000000E+00
    4.125000000000000E-01   -7.500000000000000E-03    1.000000000000000E+00
    4.166666666666667E-01   -7.500000000000000E-03    1.000000000000000E+00
    4.208333333333333E-01   -7.500000000000000E-03    1.000000000000000E+00
    4.250000000000000E-01   -7.500000000000000E-03    1.000000000000000E+00
    4.291666666666666E-01   -7.500000000000000E-03    1.000000000000000E+00
    4.333333333333333E-01   -7.500000000000000E-03    1.000000000000000E+00
    4.375000000000000E-01   -7.500000000000000E-03    1.000000000000000E+00
    4.416666666666667E-01   -7.500000000000000E-03    1.000000000000000E+00
    4.458333333333333E-01   -7.500000000000000E-03    1.000000000000000E+00
    4.500000000000000E-01   -7.500000000000000E-03    1.000000000000000E+00
    4.541666666666667E-01   -7.500000000000000E-03    1.000000000000000E+00
    4.583333333333333E-01   -7.500000000000000E-03    1.000000000000000E+00
    4.625000000000000E-01   -7.500000000000000E-03    1.000000000000000E+00
    4.666666666666667E-01   -7.500000000000000E-03    1.000000000000000E+00
    4.708333333333333E-01   -7.500000000000000E-03    1.000000000000000E+00
    4.750000000000000E-01   -7.500000000000000E-03    1.000000000000000E+00
    4.791666666666667E-01   -7.500000000000000E-03    1.000000000000000E+00
    4.833333333333333E-01   -7.500000000000000E-03    1.000000000000000E+00
    4.875000000000000E-01   -7.500000000000000E-03    1.000000000000000E+00
    4.916666666666666E-01   -7.500000000000000E-03    1.000000000000000E+00
    4.958333333333333E-01   -7.500000000000000E-03    1.000000000000000E+00
    5.000000000000000E-01   -7.500000000000000E-03    1.000000000000000E+00
    0.000000000000000E+00   -6.875000000000000E-03    1.000000000000000E+00
    4.166666666666667E-03   -6.875000000000000E-03    1.000000000000000E+00
    8.333333333333333E-03   -6.875000000000000E-03    1.000000000000000E+00
    1.250000000000000E-02   -6.875000000000000E-03    1.000000000000000E+00
    1.666666666666667E-02   -6.875000000000000E-03    1.000000000000000E+00
    2.083333333333333E-02   -6.875000000000000E-03    1.000000000000000E+00
    2.500000000000000E-02   -6.875000000000000E-03    1.000000000000000E+00
    2.916666666666667E-02   -6.875000000000000E-03    1.000000000000000E+00
    3.333333333333333E-02   -6.875000000000000E-03    1.000000000000000E+00
    3.750000000000000E-02   -6.875000000000000E-03    1.000000000000000E+00
    4.166666666666666E-02   -6.875000000000000E-03    1.000000000000000E+00
    4.583333333333333E-02   -6.875000000000000E-03    1.000000000000000E+00
    5.000000000000000E-02   -6.875000000000000E-03    1.000000000000000E+00
    5.416666666666667E-02   -6.875000000000000E-03    1.000000000000000E+00
    5.833333333333333E-02   -6.875000000000000E-03    1.000000000000000E+00
    6.250000000000000E-02   -6.875000000000000E-03    1.000000000000000E+00
    6.666666666666667E-02   -6.875000000000000E-03    1.000000000000000E+00
    7.083333333333333E-02   -6.875000000000000E-03    1.000000000000000E+00
    7.500000000000000E-02   -6.875000000000000E-03    1.000000000000000E+00
    7.916666666666666E-02   -6.875000000000000E-03    1.000000000000000E+00
    8.333333333333333E-02   -6.875000000000000E-03    1.000000000000000E+00
    8.749999999999999E-02   -6.875000000000000E-03    1.000000000000000E+00
    9.166666666666666E-02   -6.875000000000000E-03    1.000000000000000E+00
    9.583333333333333E-02   -6.875000000000000E-03    1.000000000000000E+00
    1.000000000000000E-01   -6.875000000000000E-03    1.000000000000000E+00
    1.041666666666667E-01   -6.875000000000000E-03    1.000000000000000E+00
    1.083333333333333E-01   -6.875000000000000E-03    1.000000000000000E+00
    1.125000000000000E-01   -6.875000000000000E-03    1.000000000000000E+00
    1.166666666666667E-01   -6.875000000000000E-03    1.000000000000000E+00
    1.208333333333333E-01   -6.875000000000000E-03    1.000000000000000E+00
    1.250000000000000E-01   -6.875000000000000E-03    1.000000000000000E+00
    1.291666666666667E-01   -6.875000000000000E-03    1.000000000000000E+00
    1.333333333333333E-01   -6.875000000000000E-03    1.000000000000000E+00
    1.375000000000000E-01   -6.875000000000000E-03    1.000000000000000E+00
    1.416666666666667E-01   -6.875000000000000E-03    1.000000000000000E+00
    1.458333333333333E-01   -6.875000000000000E-03    1.000000000000000E+00
    1.500000000000000E-01   -6.875000000000000E-03    1.000000000000000E+00
    1.541666666666667E-01   -6.875000000000000E-03    1.000000000000000E+00
    1.583333333333333E-01   -6.875000000000000E-03    1.000000000000000E+00
    1.625000000000000E-01   -6.875000000000000E-03    1.000000000000000E+00
    1.666666666666667E-01   -6.875000000000000E-03    1.000000000000000E+00
    1.708333333333333E-01   -6.875000000000000E-03    1.000000000000000E+00
    1.750000000000000E-01   -6.875000000000000E-03    1.000000000000000E+00
    1.791666666666667E-01   -6.875000000000000E-03    1.000000000000000E+00
    1.833333333333333E-01   -6.875000000000000E-03    1.000000000000000E+00
    1.875000000000000E-01   -6.875000000000000E-03    1.000000000000000E+00
    1.916666666666667E-01   -6.875000000000000E-03    1.000000000000000E+00
    1.958333333333333E-01   -6.875000000000000E-03    1.000000000000000E+00
    2.000000000000000E-01   -6.875000000000000E-03    1.000000000000000E+00
    2.041666666666667E-01   -6.875000000000000E-03    1.000000000000000E+00
    2.083333333333333E-01   -6.875000000000000E-03    1.000000000000000E+00
    2.125000000000000E-01   -6.875000000000000E-03    1.000000000000000E+00
    2.166666666666667E-01   -6.875000000000000E-03    1.000000000000000E+00
    2.208333333333333E-01   -6.875000000000000E-03    1.000000000000000E+00
    2.250000000000000E-01   -6.875000000000000E-03    1.000000000000000E+00
    2.291666666666667E-01   -6.875000000000000E-03    1.000000000000000E+00
    2.333333333333333E-01   -6.875000000000000E-03    1.000000000000000E+00
    2.375000000000000E-01   -6.875000000000000E-03    1.000000000000000E+00
    2.416666666666667E-01   -6.875000000000000E-03    1.000000000000000E+00
    2.458333333333333E-01   -6.875000000000000E-03    1.000000000000000E+00
    2.500000000000000E-01   -6.875000000000000E-03    1.000000000000000E+00
    2.541666666666667E-01   -6.875000000000000E-03    1.000000000000000E+00
    2.583333333333333E-01   -6.875000000000000E-03    1.000000000000000E+00
    2.625000000000000E-01   -6.875000000000000E-03    1.000000000000000E+00
    2.666666666666667E-01   -6.875000000000000E-03    1.000000000000000E+00
    2.708333333333333E-01   -6.875000000000000E-03    1.000000000000000E+00
    2.750000000000000E-01   -6.875000000000000E-03    1.000000000000000E+00
    2.791666666666667E-01   -6.875000000000000E-03    1.000000000000000E+00
    2.833333333333333E-01   -6.875000000000000E-03    1.000000000000000E+00
    2.875000000000000E-01   -6.875000000000000E-03    1.000000000000000E+00
    2.916666666666667E-01   -6.875000000000000E-03    1.000000000000000E+00
    2.958333333333333E-01   -6.875000000000000E-03    1.000000000000000E+00
    3.000000000000000E-01   -6.875000000000000E-03    1.000000000000000E+00
    3.041666666666666E-01   -6.875000000000000E-03    1.000000000000000E+00
    3.083333333333333E-01   -6.875000000000000E-03    1.000000000000000E+00
    3.125000000000000E-01   -6.875000000000000E-03    1.000000000000000E+00
    3.166666666666667E-01   -6.875000000000000E-03    1.000000000000000E+00
    3.208333333333333E-01   -6.875000000000000E-03    1.000000000000000E+00
    3.250000000000000E-01   -6.875000000000000E-03    1.000000000000000E+00
    3.291666666666667E-01   -6.875000000000000E-03    1.000000000000000E+00
    3.333333333333333E-01   -6.875000000000000E-03    1.000000000000000E+00
    3.375000000000000E-01   -6.875000000000000E-03    1.000000000000000E+00
    3.416666666666667E-01   -6.875000000000000E-03    1.000000000000000E+00
    3.458333333333333E-01   -6.875000000000000E-03    1.000000000000000E+00
    3.500000000000000E-01   -6.875000000000000E-03    1.000000000000000E+00
    3.541666666666667E-01   -6.875000000000000E-03    1.000000000000000E+00
    3.583333333333333E-01   -6.875000000000000E-03    1.000000000000000E+00
    3.625000000000000E-01   -6.875000000000000E-03    1.000000000000000E+00
    3.666666666666666E-01   -6.875000000000000E-03    1.000000000000000E+00
    3.708333333333333E-01   -6.875000000000000E-03    1.000000000000000E+00
    3.750000000000000E-01   -6.875000000000000E-03    1.000000000000000E+00
    3.791666666666667E-01   -6.875000000000000E-03    1.000000000000000E+00
    3.833333333333333E-01   -6.875000000000000E-03    1.000000000000000E+00
    3.875000000000000E-01   -6.875000000000000E-03    1.000000000000000E+00
    3.916666666666667E-01   -6.875000000000000E-03    1.000000000000000E+00
    3.958333333333333E-01   -6.875000000000000E-03    1.000000000000000E+00
    4.000000000000000E-01   -6.875000000000000E-03    1.000000000000000E+00
    4.041666666666667E-01   -6.875000000000000E-03    1.000000000000000E+00
    4.083333333333333E-01   -6.875000000000000E-03    1.000000000000000E+00
    4.125000000000000E-01   -6.875000000000000E-03    1.000000000000000E+00
    4.166666666666667E-01   -6.875000000000000E-03    1.000000000000000E+00
    4.208333333333333E-01   -6.875000000000000E-03    1.000000000000000E+00
    4.250000000000000E-01   -6.875000000000000E-03    1.000000000000000E+00
    4.291666666666666E-01   -6.875000000000000E-03    1.000000000000000E+00
    4.333333333333333E-01   -6.875000000000000E-03    1.000000000000000E+00
    4.375000000000000E-01   -6.875000000000000E-03    1.000000000000000E+00
    4.416666666666667E-01   -6.875000000000000E-03    1.000000000000000E+00
    4.458333333333333E-01   -6.875000000000000E-03    1.000000000000000E+00
    4.500000000000000E-01   -6.875000000000000E-03    1.000000000000000E+00
    4.541666666666667E-01   -6.875000000000000E-03    1.000000000000000E+00
    4.583333333333333E-01   -6.875000000000000E-03    1.000000000000000E+00
    4.625000000000000E-01   -6.875000000000000E-03    1.000000000000000E+00
    4.666666666666667E-01   -6.875000000000000E-03    1.000000000000000E+00
    4.708333333333333E-01   -6.875000000000000E-03    1.000000000000000E+00
    4.750000000000000E-01   -6.875000000000000E-03    1.000000000000000E+00
    4.791666666666667E-01   -6.875000000000000E-03    1.000000000000000E+00
    4.833333333333333E-01   -6.875000000000000E-03    1.000000000000000E+00
    4.875000000000000E-01   -6.875000000000000E-03    1.000000000000000E+00
    4.916666666666666E-01   -6.875000000000000E-03    1.000000000000000E+00
    4.958333333333333E-01   -6.875000000000000E-03    1.000000000000000E+00
    5.000000000000000E-01   -6.875000000000000E-03    1.000000000000000E+00
    0.000000000000000E+00   -6.250000000000000E-03    1.000000000000000E+00
    4.166666666666667E-03   -6.250000000000000E-03    1.000000000000000E+00
    8.333333333333333E-03   -6.250000000000000E-03    1.000000000000000E+00
    1.250000000000000E-02   -6.250000000000000E-03    1.000000000000000E+00
    1.666666666666667E-02   -6.250000000000000E-03    1.000000000000000E+00
    2.083333333333333E-02   -6.250000000000000E-03    1.000000000000000E+00
    2.500000000000000E-02   -6.250000000000000E-03    1.000000000000000E+00
    2.916666666666667E-02   -6.250000000000000E-03    1.000000000000000E+00
    3.333333333333333E-02   -6.250000000000000E-03    1.000000000000000E+00
    3.750000000000000E-02   -6.250000000000000E-03    1.000000000000000E+00
    4.166666666666666E-02   -6.250000000000000E-03    1.000000000000000E+00
    4.583333333333333E-02   -6.250000000000000E-03    1.000000000000000E+00
    5.000000000000000E-02   -6.250000000000000E-03    1.000000000000000E+00
    5.416666666666667E-02   -6.250000000000000E-03    1.000000000000000E+00
    5.833333333333333E-02   -6.250000000000000E-03    1.000000000000000E+00
    6.250000000000000E-02   -6.250000000000000E-03    1.000000000000000E+00
    6.666666666666667E-02   -6.250000000000000E-03    1.000000000000000E+00
    7.083333333333333E-02   -6.250000000000000E-03    1.000000000000000E+00
    7.500000000000000E-02   -6.250000000000000E-03    1.000000000000000E+00
    7.916666666666666E-02   -6.250000000000000E-03    1.000000000000000E+00
    8.333333333333333E-02   -6.250000000000000E-03    1.000000000000000E+00
    8.749999999999999E-02   -6.250000000000000E-03    1.000000000000000E+00
    9.166666666666666E-02   -6.250000000000000E-03    1.000000000000000E+00
    9.583333333333333E-02   -6.250000000000000E-03    1.000000000000000E+00
    1.000000000000000E-01   -6.250000000000000E-03    1.000000000000000E+00
    1.041666666666667E-01   -6.250000000000000E-03    1.000000000000000E+00
    1.083333333333333E-01   -6.250000000000000E-03    1.000000000000000E+00
    1.125000000000000E-01   -6.250000000000000E-03    1.000000000000000E+00
    1.166666666666667E-01   -6.250000000000000E-03    1.000000000000000E+00
    1.208333333333333E-01   -6.250000000000000E-03    1.000000000000000E+00
    1.250000000000000E-01   -6.250000000000000E-03    1.000000000000000E+00
    1.291666666666667E-01   -6.250000000000000E-03    1.000000000000000E+00
    1.333333333333333E-01   -6.250000000000000E-03    1.000000000000000E+00
    1.375000000000000E-01   -6.250000000000000E-03    1.000000000000000E+00
    1.416666666666667E-01   -6.250000000000000E-03    1.000000000000000E+00
    1.458333333333333E-01   -6.250000000000000E-03    1.000000000000000E+00
    1.500000000000000E-01   -6.250000000000000E-03    1.000000000000000E+00
    1.541666666666667E-01   -6.250000000000000E-03    1.000000000000000E+00
    1.583333333333333E-01   -6.250000000000000E-03    1.000000000000000E+00
    1.625000000000000E-01   -6.250000000000000E-03    1.000000000000000E+00
    1.666666666666667E-01   -6.250000000000000E-03    1.000000000000000E+00
    1.708333333333333E-01   -6.250000000000000E-03    1.000000000000000E+00
    1.750000000000000E-01   -6.250000000000000E-03    1.000000000000000E+00
    1.791666666666667E-01   -6.250000000000000E-03    1.000000000000000E+00
    1.833333333333333E-01   -6.250000000000000E-03    1.000000000000000E+00
    1.875000000000000E-01   -6.250000000000000E-03    1.000000000000000E+00
    1.916666666666667E-01   -6.250000000000000E-03    1.000000000000000E+00
    1.958333333333333E-01   -6.250000000000000E-03    1.000000000000000E+00
    2.000000000000000E-01   -6.250000000000000E-03    1.000000000000000E+00
    2.041666666666667E-01   -6.250000000000000E-03    1.000000000000000E+00
    2.083333333333333E-01   -6.250000000000000E-03    1.000000000000000E+00
    2.125000000000000E-01   -6.250000000000000E-03    1.000000000000000E+00
    2.166666666666667E-01   -6.250000000000000E-03    1.000000000000000E+00
    2.208333333333333E-01   -6.250000000000000E-03    1.000000000000000E+00
    2.250000000000000E-01   -6.250000000000000E-03    1.000000000000000E+00
    2.291666666666667E-01   -6.250000000000000E-03    1.000000000000000E+00
    2.333333333333333E-01   -6.250000000000000E-03    1.000000000000000E+00
    2.375000000000000E-01   -6.250000000000000E-03    1.000000000000000E+00
    2.416666666666667E-01   -6.250000000000000E-03    1.000000000000000E+00
    2.458333333333333E-01   -6.250000000000000E-03    1.000000000000000E+00
    2.500000000000000E-01   -6.250000000000000E-03    1.000000000000000E+00
    2.541666666666667E-01   -6.250000000000000E-03    1.000000000000000E+00
    2.583333333333333E-01   -6.250000000000000E-03    1.000000000000000E+00
    2.625000000000000E-01   -6.250000000000000E-03    1.000000000000000E+00
    2.666666666666667E-01   -6.250000000000000E-03    1.000000000000000E+00
    2.708333333333333E-01   -6.250000000000000E-03    1.000000000000000E+00
    2.750000000000000E-01   -6.250000000000000E-03    1.000000000000000E+00
    2.791666666666667E-01   -6.250000000000000E-03    1.000000000000000E+00
    2.833333333333333E-01   -6.250000000000000E-03    1.000000000000000E+00
    2.875000000000000E-01   -6.250000000000000E-03    1.000000000000000E+00
    2.916666666666667E-01   -6.250000000000000E-03    1.000000000000000E+00
    2.958333333333333E-01   -6.250000000000000E-03    1.000000000000000E+00
    3.000000000000000E-01   -6.250000000000000E-03    1.000000000000000E+00
    3.041666666666666E-01   -6.250000000000000E-03    1.000000000000000E+00
    3.083333333333333E-01   -6.250000000000000E-03    1.000000000000000E+00
    3.125000000000000E-01   -6.250000000000000E-03    1.000000000000000E+00
    3.166666666666667E-01   -6.250000000000000E-03    1.000000000000000E+00
    3.208333333333333E-01   -6.250000000000000E-03    1.000000000000000E+00
    3.250000000000000E-01   -6.250000000000000E-03    1.000000000000000E+00
    3.291666666666667E-01   -6.250000000000000E-03    1.000000000000000E+00
    3.333333333333333E-01   -6.250000000000000E-03    1.000000000000000E+00
    3.375000000000000E-01   -6.250000000000000E-03    1.000000000000000E+00
    3.416666666666667E-01   -6.250000000000000E-03    1.000000000000000E+00
    3.458333333333333E-01   -6.250000000000000E-03    1.000000000000000E+00
    3.500000000000000E-01   -6.250000000000000E-03    1.000000000000000E+00
    3.541666666666667E-01   -6.250000000000000E-03    1.000000000000000E+00
    3.583333333333333E-01   -6.250000000000000E-03    1.000000000000000E+00
    3.625000000000000E-01   -6.250000000000000E-03    1.000000000000000E+00
    3.666666666666666E-01   -6.250000000000000E-03    1.000000000000000E+00
    3.708333333333333E-01   -6.250000000000000E-03    1.000000000000000E+00
    3.750000000000000E-01   -6.250000000000000E-03    1.000000000000000E+00
    3.791666666666667E-01   -6.250000000000000E-03    1.000000000000000E+00
    3.833333333333333E-01   -6.250000000000000E-03    1.000000000000000E+00
    3.875000000000000E-01   -6.250000000000000E-03    1.000000000000000E+00
    3.916666666666667E-01   -6.250000000000000E-03    1.000000000000000E+00
    3.958333333333333E-01   -6.250000000000000E-03    1.000000000000000E+00
    4.000000000000000E-01   -6.250000000000000E-03    1.000000000000000E+00
    4.041666666666667E-01   -6.250000000000000E-03    1.000000000000000E+00
    4.083333333333333E-01   -6.250000000000000E-03    1.000000000000000E+00
    4.125000000000000E-01   -6.250000000000000E-03    1.000000000000000E+00
    4.166666666666667E-01   -6.250000000000000E-03    1.000000000000000E+00
    4.208333333333333E-01   -6.250000000000000E-03    1.000000000000000E+00
    4.250000000000000E-01   -6.250000000000000E-03    1.000000000000000E+00
    4.291666666666666E-01   -6.250000000000000E-03    1.000000000000000E+00
    4.333333333333333E-01   -6.250000000000000E-03    1.000000000000000E+00
    4.375000000000000E-01   -6.250000000000000E-03    1.000000000000000E+00
    4.416666666666667E-01   -6.250000000000000E-03    1.000000000000000E+00
    4.458333333333333E-01   -6.250000000000000E-03    1.000000000000000E+00
    4.500000000000000E-01   -6.250000000000000E-03    1.000000000000000E+00
    4.541666666666667E-01   -6.250000000000000E-03    1.000000000000000E+00
    4.583333333333333E-01   -6.250000000000000E-03    1.000000000000000E+00
    4.625000000000000E-01   -6.250000000000000E-03    1.000000000000000E+00
    4.666666666666667E-01   -6.250000000000000E-03    1.000000000000000E+00
    4.708333333333333E-01   -6.250000000000000E-03    1.000000000000000E+00
    4.750000000000000E-01   -6.250000000000000E-03    1.000000000000000E+00
    4.791666666666667E-01   -6.250000000000000E-03    1.000000000000000E+00
    4.833333333333333E-01   -6.250000000000000E-03    1.000000000000000E+00
    4.875000000000000E-01   -6.250000000000000E-03    1.000000000000000E+00
    4.916666666666666E-01   -6.250000000000000E-03    1.000000000000000E+00
    4.958333333333333E-01   -6.250000000000000E-03    1.000000000000000E+00
    5.000000000000000E-01   -6.250000000000000E-03    1.000000000000000E+00
    0.000000000000000E+00   -5.625000000000000E-03    1.000000000000000E+00
    4.166666666666667E-03   -5.625000000000000E-03    1.000000000000000E+00
    8.333333333333333E-03   -5.625000000000000E-03    1.000000000000000E+00
    1.250000000000000E-02   -5.625000000000000E-03    1.000000000000000E+00
    1.666666666666667E-02   -5.625000000000000E-03    1.000000000000000E+00
    2.083333333333333E-02   -5.625000000000000E-03    1.000000000000000E+00
    2.500000000000000E-02   -5.625000000000000E-03    1.000000000000000E+00
    2.916666666666667E-02   -5.625000000000000E-03    1.000000000000000E+00
    3.333333333333333E-02   -5.625000000000000E-03    1.000000000000000E+00
    3.750000000000000E-02   -5.625000000000000E-03    1.000000000000000E+00
    4.166666666666666E-02   -5.625000000000000E-03    1.000000000000000E+00
    4.583333333333333E-02   -5.625000000000000E-03    1.000000000000000E+00
    5.000000000000000E-02   -5.625000000000000E-03    1.000000000000000E+00
    5.416666666666667E-02   -5.625000000000000E-03    1.000000000000000E+00
    5.833333333333333E-02   -5.625000000000000E-03    1.000000000000000E+00
    6.250000000000000E-02   -5.625000000000000E-03    1.000000000000000E+00
    6.666666666666667E-02   -5.625000000000000E-03    1.000000000000000E+00
    7.083333333333333E-02   -5.625000000000000E-03    1.000000000000000E+00
    7.500000000000000E-02   -5.625000000000000E-03    1.000000000000000E+00
    7.916666666666666E-02   -5.625000000000000E-03    1.000000000000000E+00
    8.333333333333333E-02   -5.625000000000000E-03    1.000000000000000E+00
    8.749999999999999E-02   -5.625000000000000E-03    1.000000000000000E+00
    9.166666666666666E-02   -5.625000000000000E-03    1.000000000000000E+00
    9.583333333333333E-02   -5.625000000000000E-03    1.000000000000000E+00
    1.000000000000000E-01   -5.625000000000000E-03    1.000000000000000E+00
    1.041666666666667E-01   -5.625000000000000E-03    1.000000000000000E+00
    1.083333333333333E-01   -5.625000000000000E-03    1.000000000000000E+00
    1.125000000000000E-01   -5.625000000000000E-03    1.000000000000000E+00
    1.166666666666667E-01   -5.625000000000000E-03    1.000000000000000E+00
    1.208333333333333E-01   -5.625000000000000E-03    1.000000000000000E+00
    1.250000000000000E-01   -5.625000000000000E-03    1.000000000000000E+00
    1.291666666666667E-01   -5.625000000000000E-03    1.000000000000000E+00
    1.333333333333333E-01   -5.625000000000000E-03    1.000000000000000E+00
    1.375000000000000E-01   -5.625000000000000E-03    1.000000000000000E+00
    1.416666666666667E-01   -5.625000000000000E-03    1.000000000000000E+00
    1.458333333333333E-01   -5.625000000000000E-03    1.000000000000000E+00
    1.500000000000000E-01   -5.625000000000000E-03    1.000000000000000E+00
    1.541666666666667E-01   -5.625000000000000E-03    1.000000000000000E+00
    1.583333333333333E-01   -5.625000000000000E-03    1.000000000000000E+00
    1.625000000000000E-01   -5.625000000000000E-03    1.000000000000000E+00
    1.666666666666667E-01   -5.625000000000000E-03    1.000000000000000E+00
    1.708333333333333E-01   -5.625000000000000E-03    1.000000000000000E+00
    1.750000000000000E-01   -5.625000000000000E-03    1.000000000000000E+00
    1.791666666666667E-01   -5.625000000000000E-03    1.000000000000000E+00
    1.833333333333333E-01   -5.625000000000000E-03    1.000000000000000E+00
    1.875000000000000E-01   -5.625000000000000E-03    1.000000000000000E+00
    1.916666666666667E-01   -5.625000000000000E-03    1.000000000000000E+00
    1.958333333333333E-01   -5.625000000000000E-03    1.000000000000000E+00
    2.000000000000000E-01   -5.625000000000000E-03    1.000000000000000E+00
    2.041666666666667E-01   -5.625000000000000E-03    1.000000000000000E+00
    2.083333333333333E-01   -5.625000000000000E-03    1.000000000000000E+00
    2.125000000000000E-01   -5.625000000000000E-03    1.000000000000000E+00
    2.166666666666667E-01   -5.625000000000000E-03    1.000000000000000E+00
    2.208333333333333E-01   -5.625000000000000E-03    1.000000000000000E+00
    2.250000000000000E-01   -5.625000000000000E-03    1.000000000000000E+00
    2.291666666666667E-01   -5.625000000000000E-03    1.000000000000000E+00
    2.333333333333333E-01   -5.625000000000000E-03    1.000000000000000E+00
    2.375000000000000E-01   -5.625000000000000E-03    1.000000000000000E+00
    2.416666666666667E-01   -5.625000000000000E-03    1.000000000000000E+00
    2.458333333333333E-01   -5.625000000000000E-03    1.000000000000000E+00
    2.500000000000000E-01   -5.625000000000000E-03    1.000000000000000E+00
    2.541666666666667E-01   -5.625000000000000E-03    1.000000000000000E+00
    2.583333333333333E-01   -5.625000000000000E-03    1.000000000000000E+00
    2.625000000000000E-01   -5.625000000000000E-03    1.000000000000000E+00
    2.666666666666667E-01   -5.625000000000000E-03    1.000000000000000E+00
    2.708333333333333E-01   -5.625000000000000E-03    1.000000000000000E+00
    2.750000000000000E-01   -5.625000000000000E-03    1.000000000000000E+00
    2.791666666666667E-01   -5.625000000000000E-03    1.000000000000000E+00
    2.833333333333333E-01   -5.625000000000000E-03    1.000000000000000E+00
    2.875000000000000E-01   -5.625000000000000E-03    1.000000000000000E+00
    2.916666666666667E-01   -5.625000000000000E-03    1.000000000000000E+00
    2.958333333333333E-01   -5.625000000000000E-03    1.000000000000000E+00
    3.000000000000000E-01   -5.625000000000000E-03    1.000000000000000E+00
    3.041666666666666E-01   -5.625000000000000E-03    1.000000000000000E+00
    3.083333333333333E-01   -5.625000000000000E-03    1.000000000000000E+00
    3.125000000000000E-01   -5.625000000000000E-03    1.000000000000000E+00
    3.166666666666667E-01   -5.625000000000000E-03    1.000000000000000E+00
    3.208333333333333E-01   -5.625000000000000E-03    1.000000000000000E+00
    3.250000000000000E-01   -5.625000000000000E-03    1.000000000000000E+00
    3.291666666666667E-01   -5.625000000000000E-03    1.000000000000000E+00
    3.333333333333333E-01   -5.625000000000000E-03    1.000000000000000E+00
    3.375000000000000E-01   -5.625000000000000E-03    1.000000000000000E+00
    3.416666666666667E-01   -5.625000000000000E-03    1.000000000000000E+00
    3.458333333333333E-01   -5.625000000000000E-03    1.000000000000000E+00
    3.500000000000000E-01   -5.625000000000000E-03    1.000000000000000E+00
    3.541666666666667E-01   -5.625000000000000E-03    1.000000000000000E+00
    3.583333333333333E-01   -5.625000000000000E-03    1.000000000000000E+00
    3.625000000000000E-01   -5.625000000000000E-03    1.000000000000000E+00
    3.666666666666666E-01   -5.625000000000000E-03    1.000000000000000E+00
    3.708333333333333E-01   -5.625000000000000E-03    1.000000000000000E+00
    3.750000000000000E-01   -5.625000000000000E-03    1.000000000000000E+00
    3.791666666666667E-01   -5.625000000000000E-03    1.000000000000000E+00
    3.833333333333333E-01   -5.625000000000000E-03    1.000000000000000E+00
    3.875000000000000E-01   -5.625000000000000E-03    1.000000000000000E+00
    3.916666666666667E-01   -5.625000000000000E-03    1.000000000000000E+00
    3.958333333333333E-01   -5.625000000000000E-03    1.000000000000000E+00
    4.000000000000000E-01   -5.625000000000000E-03    1.000000000000000E+00
    4.041666666666667E-01   -5.625000000000000E-03    1.000000000000000E+00
    4.083333333333333E-01   -5.625000000000000E-03    1.000000000000000E+00
    4.125000000000000E-01   -5.625000000000000E-03    1.000000000000000E+00
    4.166666666666667E-01   -5.625000000000000E-03    1.000000000000000E+00
    4.208333333333333E-01   -5.625000000000000E-03    1.000000000000000E+00
    4.250000000000000E-01   -5.625000000000000E-03    1.000000000000000E+00
    4.291666666666666E-01   -5.625000000000000E-03    1.000000000000000E+00
    4.333333333333333E-01   -5.625000000000000E-03    1.000000000000000E+00
    4.375000000000000E-01   -5.625000000000000E-03    1.000000000000000E+00
    4.416666666666667E-01   -5.625000000000000E-03    1.000000000000000E+00
    4.458333333333333E-01   -5.625000000000000E-03    1.000000000000000E+00
    4.500000000000000E-01   -5.625000000000000E-03    1.000000000000000E+00
    4.541666666666667E-01   -5.625000000000000E-03    1.000000000000000E+00
    4.583333333333333E-01   -5.625000000000000E-03    1.000000000000000E+00
    4.625000000000000E-01   -5.625000000000000E-03    1.000000000000000E+00
    4.666666666666667E-01   -5.625000000000000E-03    1.000000000000000E+00
    4.708333333333333E-01   -5.625000000000000E-03    1.000000000000000E+00
    4.750000000000000E-01   -5.625000000000000E-03    1.000000000000000E+00
    4.791666666666667E-01   -5.625000000000000E-03    1.000000000000000E+00
    4.833333333333333E-01   -5.625000000000000E-03    1.000000000000000E+00
    4.875000000000000E-01   -5.625000000000000E-03    1.000000000000000E+00
    4.916666666666666E-01   -5.625000000000000E-03    1.000000000000000E+00
    4.958333333333333E-01   -5.625000000000000E-03    1.000000000000000E+00
    5.000000000000000E-01   -5.625000000000000E-03    1.000000000000000E+00
    0.000000000000000E+00   -5.000000000000000E-03    1.000000000000000E+00
    4.166666666666667E-03   -5.000000000000000E-03    1.000000000000000E+00
    8.333333333333333E-03   -5.000000000000000E-03    1.000000000000000E+00
    1.250000000000000E-02   -5.000000000000000E-03    1.000000000000000E+00
    1.666666666666667E-02   -5.000000000000000E-03    1.000000000000000E+00
    2.083333333333333E-02   -5.000000000000000E-03    1.000000000000000E+00
    2.500000000000000E-02   -5.000000000000000E-03    1.000000000000000E+00
    2.916666666666667E-02   -5.000000000000000E-03    1.000000000000000E+00
    3.333333333333333E-02   -5.000000000000000E-03    1.000000000000000E+00
    3.750000000000000E-02   -5.000000000000000E-03    1.000000000000000E+00
    4.166666666666666E-02   -5.000000000000000E-03    1.000000000000000E+00
    4.583333333333333E-02   -5.000000000000000E-03    1.000000000000000E+00
    5.000000000000000E-02   -5.000000000000000E-03    1.000000000000000E+00
    5.416666666666667E-02   -5.000000000000000E-03    1.000000000000000E+00
    5.833333333333333E-02   -5.000000000000000E-03    1.000000000000000E+00
    6.250000000000000E-02   -5.000000000000000E-03    1.000000000000000E+00
    6.666666666666667E-02   -5.000000000000000E-03    1.000000000000000E+00
    7.083333333333333E-02   -5.000000000000000E-03    1.000000000000000E+00
    7.500000000000000E-02   -5.000000000000000E-03    1.000000000000000E+00
    7.916666666666666E-02   -5.000000000000000E-03    1.000000000000000E+00
    8.333333333333333E-02   -5.000000000000000E-03    1.000000000000000E+00
    8.749999999999999E-02   -5.000000000000000E-03    1.000000000000000E+00
    9.166666666666666E-02   -5.000000000000000E-03    1.000000000000000E+00
    9.583333333333333E-02   -5.000000000000000E-03    1.000000000000000E+00
    1.000000000000000E-01   -5.000000000000000E-03    1.000000000000000E+00
    1.041666666666667E-01   -5.000000000000000E-03    1.000000000000000E+00
    1.083333333333333E-01   -5.000000000000000E-03    1.000000000000000E+00
    1.125000000000000E-01   -5.000000000000000E-03    1.000000000000000E+00
    1.166666666666667E-01   -5.000000000000000E-03    1.000000000000000E+00
    1.208333333333333E-01   -5.000000000000000E-03    1.000000000000000E+00
    1.250000000000000E-01   -5.000000000000000E-03    1.000000000000000E+00
    1.291666666666667E-01   -5.000000000000000E-03    1.000000000000000E+00
    1.333333333333333E-01   -5.000000000000000E-03    1.000000000000000E+00
    1.375000000000000E-01   -5.000000000000000E-03    1.000000000000000E+00
    1.416666666666667E-01   -5.000000000000000E-03    1.000000000000000E+00
    1.458333333333333E-01   -5.000000000000000E-03    1.000000000000000E+00
    1.500000000000000E-01   -5.000000000000000E-03    1.000000000000000E+00
    1.541666666666667E-01   -5.000000000000000E-03    1.000000000000000E+00
    1.583333333333333E-01   -5.000000000000000E-03    1.000000000000000E+00
    1.625000000000000E-01   -5.000000000000000E-03    1.000000000000000E+00
    1.666666666666667E-01   -5.000000000000000E-03    1.000000000000000E+00
    1.708333333333333E-01   -5.000000000000000E-03    1.000000000000000E+00
    1.750000000000000E-01   -5.000000000000000E-03    1.000000000000000E+00
    1.791666666666667E-01   -5.000000000000000E-03    1.000000000000000E+00
    1.833333333333333E-01   -5.000000000000000E-03    1.000000000000000E+00
    1.875000000000000E-01   -5.000000000000000E-03    1.000000000000000E+00
    1.916666666666667E-01   -5.000000000000000E-03    1.000000000000000E+00
    1.958333333333333E-01   -5.000000000000000E-03    1.000000000000000E+00
    2.000000000000000E-01   -5.000000000000000E-03    1.000000000000000E+00
    2.041666666666667E-01   -5.000000000000000E-03    1.000000000000000E+00
    2.083333333333333E-01   -5.000000000000000E-03    1.000000000000000E+00
    2.125000000000000E-01   -5.000000000000000E-03    1.000000000000000E+00
    2.166666666666667E-01   -5.000000000000000E-03    1.000000000000000E+00
    2.208333333333333E-01   -5.000000000000000E-03    1.000000000000000E+00
    2.250000000000000E-01   -5.000000000000000E-03    1.000000000000000E+00
    2.291666666666667E-01   -5.000000000000000E-03    1.000000000000000E+00
    2.333333333333333E-01   -5.000000000000000E-03    1.000000000000000E+00
    2.375000000000000E-01   -5.000000000000000E-03    1.000000000000000E+00
    2.416666666666667E-01   -5.000000000000000E-03    1.000000000000000E+00
    2.458333333333333E-01   -5.000000000000000E-03    1.000000000000000E+00
    2.500000000000000E-01   -5.000000000000000E-03    1.000000000000000E+00
    2.541666666666667E-01   -5.000000000000000E-03    1.000000000000000E+00
    2.583333333333333E-01   -5.000000000000000E-03    1.000000000000000E+00
    2.625000000000000E-01   -5.000000000000000E-03    1.000000000000000E+00
    2.666666666666667E-01   -5.000000000000000E-03    1.000000000000000E+00
    2.708333333333333E-01   -5.000000000000000E-03    1.000000000000000E+00
    2.750000000000000E-01   -5.000000000000000E-03    1.000000000000000E+00
    2.791666666666667E-01   -5.000000000000000E-03    1.000000000000000E+00
    2.833333333333333E-01   -5.000000000000000E-03    1.000000000000000E+00
    2.875000000000000E-01   -5.000000000000000E-03    1.000000000000000E+00
    2.916666666666667E-01   -5.000000000000000E-03    1.000000000000000E+00
    2.958333333333333E-01   -5.000000000000000E-03    1.000000000000000E+00
    3.000000000000000E-01   -5.000000000000000E-03    1.000000000000000E+00
    3.041666666666666E-01   -5.000000000000000E-03    1.000000000000000E+00
    3.083333333333333E-01   -5.000000000000000E-03    1.000000000000000E+00
    3.125000000000000E-01   -5.000000000000000E-03    1.000000000000000E+00
    3.166666666666667E-01   -5.000000000000000E-03    1.000000000000000E+00
    3.208333333333333E-01   -5.000000000000000E-03    1.000000000000000E+00
    3.250000000000000E-01   -5.000000000000000E-03    1.000000000000000E+00
    3.291666666666667E-01   -5.000000000000000E-03    1.000000000000000E+00
    3.333333333333333E-01   -5.000000000000000E-03    1.000000000000000E+00
    3.375000000000000E-01   -5.000000000000000E-03    1.000000000000000E+00
    3.416666666666667E-01   -5.000000000000000E-03    1.000000000000000E+00
    3.458333333333333E-01   -5.000000000000000E-03    1.000000000000000E+00
    3.500000000000000E-01   -5.000000000000000E-03    1.000000000000000E+00
    3.541666666666667E-01   -5.000000000000000E-03    1.000000000000000E+00
    3.583333333333333E-01   -5.000000000000000E-03    1.000000000000000E+00
    3.625000000000000E-01   -5.000000000000000E-03    1.000000000000000E+00
    3.666666666666666E-01   -5.000000000000000E-03    1.000000000000000E+00
    3.708333333333333E-01   -5.000000000000000E-03    1.000000000000000E+00
    3.750000000000000E-01   -5.000000000000000E-03    1.000000000000000E+00
    3.791666666666667E-01   -5.000000000000000E-03    1.000000000000000E+00
    3.833333333333333E-01   -5.000000000000000E-03    1.000000000000000E+00
    3.875000000000000E-01   -5.000000000000000E-03    1.000000000000000E+00
    3.916666666666667E-01   -5.000000000000000E-03    1.000000000000000E+00
    3.958333333333333E-01   -5.000000000000000E-03    1.000000000000000E+00
    4.000000000000000E-01   -5.000000000000000E-03    1.000000000000000E+00
    4.041666666666667E-01   -5.000000000000000E-03    1.000000000000000E+00
    4.083333333333333E-01   -5.000000000000000E-03    1.000000000000000E+00
    4.125000000000000E-01   -5.000000000000000E-03    1.000000000000000E+00
    4.166666666666667E-01   -5.000000000000000E-03    1.000000000000000E+00
    4.208333333333333E-01   -5.000000000000000E-03    1.000000000000000E+00
    4.250000000000000E-01   -5.000000000000000E-03    1.000000000000000E+00
    4.291666666666666E-01   -5.000000000000000E-03    1.000000000000000E+00
    4.333333333333333E-01   -5.000000000000000E-03    1.000000000000000E+00
    4.375000000000000E-01   -5.000000000000000E-03    1.000000000000000E+00
    4.416666666666667E-01   -5.000000000000000E-03    1.000000000000000E+00
    4.458333333333333E-01   -5.000000000000000E-03    1.000000000000000E+00
    4.500000000000000E-01   -5.000000000000000E-03    1.000000000000000E+00
    4.541666666666667E-01   -5.000000000000000E-03    1.000000000000000E+00
    4.583333333333333E-01   -5.000000000000000E-03    1.000000000000000E+00
    4.625000000000000E-01   -5.000000000000000E-03    1.000000000000000E+00
    4.666666666666667E-01   -5.000000000000000E-03    1.000000000000000E+00
    4.708333333333333E-01   -5.000000000000000E-03    1.000000000000000E+00
    4.750000000000000E-01   -5.000000000000000E-03    1.000000000000000E+00
    4.791666666666667E-01   -5.000000000000000E-03    1.000000000000000E+00
    4.833333333333333E-01   -5.000000000000000E-03    1.000000000000000E+00
    4.875000000000000E-01   -5.000000000000000E-03    1.000000000000000E+00
    4.916666666666666E-01   -5.000000000000000E-03    1.000000000000000E+00
    4.958333333333333E-01   -5.000000000000000E-03    1.000000000000000E+00
    5.000000000000000E-01   -5.000000000000000E-03    1.000000000000000E+00
    0.000000000000000E+00   -4.375000000000000E-03    1.000000000000000E+00
    4.166666666666667E-03   -4.375000000000000E-03    1.000000000000000E+00
    8.333333333333333E-03   -4.375000000000000E-03    1.000000000000000E+00
    1.250000000000000E-02   -4.375000000000000E-03    1.000000000000000E+00
    1.666666666666667E-02   -4.375000000000000E-03    1.000000000000000E+00
    2.083333333333333E-02   -4.375000000000000E-03    1.000000000000000E+00
    2.500000000000000E-02   -4.375000000000000E-03    1.000000000000000E+00
    2.916666666666667E-02   -4.375000000000000E-03    1.000000000000000E+00
    3.333333333333333E-02   -4.375000000000000E-03    1.000000000000000E+00
    3.750000000000000E-02   -4.375000000000000E-03    1.000000000000000E+00
    4.166666666666666E-02   -4.375000000000000E-03    1.000000000000000E+00
    4.583333333333333E-02   -4.375000000000000E-03    1.000000000000000E+00
    5.000000000000000E-02   -4.375000000000000E-03    1.000000000000000E+00
    5.416666666666667E-02   -4.375000000000000E-03    1.000000000000000E+00
    5.833333333333333E-02   -4.375000000000000E-03    1.000000000000000E+00
    6.250000000000000E-02   -4.375000000000000E-03    1.000000000000000E+00
    6.666666666666667E-02   -4.375000000000000E-03    1.000000000000000E+00
    7.083333333333333E-02   -4.375000000000000E-03    1.000000000000000E+00
    7.500000000000000E-02   -4.375000000000000E-03    1.000000000000000E+00
    7.916666666666666E-02   -4.375000000000000E-03    1.000000000000000E+00
    8.333333333333333E-02   -4.375000000000000E-03    1.000000000000000E+00
    8.749999999999999E-02   -4.375000000000000E-03    1.000000000000000E+00
    9.166666666666666E-02   -4.375000000000000E-03    1.000000000000000E+00
    9.583333333333333E-02   -4.375000000000000E-03    1.000000000000000E+00
    1.000000000000000E-01   -4.375000000000000E-03    1.000000000000000E+00
    1.041666666666667E-01   -4.375000000000000E-03    1.000000000000000E+00
    1.083333333333333E-01   -4.375000000000000E-03    1.000000000000000E+00
    1.125000000000000E-01   -4.375000000000000E-03    1.000000000000000E+00
    1.166666666666667E-01   -4.375000000000000E-03    1.000000000000000E+00
    1.208333333333333E-01   -4.375000000000000E-03    1.000000000000000E+00
    1.250000000000000E-01   -4.375000000000000E-03    1.000000000000000E+00
    1.291666666666667E-01   -4.375000000000000E-03    1.000000000000000E+00
    1.333333333333333E-01   -4.375000000000000E-03    1.000000000000000E+00
    1.375000000000000E-01   -4.375000000000000E-03    1.000000000000000E+00
    1.416666666666667E-01   -4.375000000000000E-03    1.000000000000000E+00
    1.458333333333333E-01   -4.375000000000000E-03    1.000000000000000E+00
    1.500000000000000E-01   -4.375000000000000E-03    1.000000000000000E+00
    1.541666666666667E-01   -4.375000000000000E-03    1.000000000000000E+00
    1.583333333333333E-01   -4.375000000000000E-03    1.000000000000000E+00
    1.625000000000000E-01   -4.375000000000000E-03    1.000000000000000E+00
    1.666666666666667E-01   -4.375000000000000E-03    1.000000000000000E+00
    1.708333333333333E-01   -4.375000000000000E-03    1.000000000000000E+00
    1.750000000000000E-01   -4.375000000000000E-03    1.000000000000000E+00
    1.791666666666667E-01   -4.375000000000000E-03    1.000000000000000E+00
    1.833333333333333E-01   -4.375000000000000E-03    1.000000000000000E+00
    1.875000000000000E-01   -4.375000000000000E-03    1.000000000000000E+00
    1.916666666666667E-01   -4.375000000000000E-03    1.000000000000000E+00
    1.958333333333333E-01   -4.375000000000000E-03    1.000000000000000E+00
    2.000000000000000E-01   -4.375000000000000E-03    1.000000000000000E+00
    2.041666666666667E-01   -4.375000000000000E-03    1.000000000000000E+00
    2.083333333333333E-01   -4.375000000000000E-03    1.000000000000000E+00
    2.125000000000000E-01   -4.375000000000000E-03    1.000000000000000E+00
    2.166666666666667E-01   -4.375000000000000E-03    1.000000000000000E+00
    2.208333333333333E-01   -4.375000000000000E-03    1.000000000000000E+00
    2.250000000000000E-01   -4.375000000000000E-03    1.000000000000000E+00
    2.291666666666667E-01   -4.375000000000000E-03    1.000000000000000E+00
    2.333333333333333E-01   -4.375000000000000E-03    1.000000000000000E+00
    2.375000000000000E-01   -4.375000000000000E-03    1.000000000000000E+00
    2.416666666666667E-01   -4.375000000000000E-03    1.000000000000000E+00
    2.458333333333333E-01   -4.375000000000000E-03    1.000000000000000E+00
    2.500000000000000E-01   -4.375000000000000E-03    1.000000000000000E+00
    2.541666666666667E-01   -4.375000000000000E-03    1.000000000000000E+00
    2.583333333333333E-01   -4.375000000000000E-03    1.000000000000000E+00
    2.625000000000000E-01   -4.375000000000000E-03    1.000000000000000E+00
    2.666666666666667E-01   -4.375000000000000E-03    1.000000000000000E+00
    2.708333333333333E-01   -4.375000000000000E-03    1.000000000000000E+00
    2.750000000000000E-01   -4.375000000000000E-03    1.000000000000000E+00
    2.791666666666667E-01   -4.375000000000000E-03    1.000000000000000E+00
    2.833333333333333E-01   -4.375000000000000E-03    1.000000000000000E+00
    2.875000000000000E-01   -4.375000000000000E-03    1.000000000000000E+00
    2.916666666666667E-01   -4.375000000000000E-03    1.000000000000000E+00
    2.958333333333333E-01   -4.375000000000000E-03    1.000000000000000E+00
    3.000000000000000E-01   -4.375000000000000E-03    1.000000000000000E+00
    3.041666666666666E-01   -4.375000000000000E-03    1.000000000000000E+00
    3.083333333333333E-01   -4.375000000000000E-03    1.000000000000000E+00
    3.125000000000000E-01   -4.375000000000000E-03    1.000000000000000E+00
    3.166666666666667E-01   -4.375000000000000E-03    1.000000000000000E+00
    3.208333333333333E-01   -4.375000000000000E-03    1.000000000000000E+00
    3.250000000000000E-01   -4.375000000000000E-03    1.000000000000000E+00
    3.291666666666667E-01   -4.375000000000000E-03    1.000000000000000E+00
    3.333333333333333E-01   -4.375000000000000E-03    1.000000000000000E+00
    3.375000000000000E-01   -4.375000000000000E-03    1.000000000000000E+00
    3.416666666666667E-01   -4.375000000000000E-03    1.000000000000000E+00
    3.458333333333333E-01   -4.375000000000000E-03    1.000000000000000E+00
    3.500000000000000E-01   -4.375000000000000E-03    1.000000000000000E+00
    3.541666666666667E-01   -4.375000000000000E-03    1.000000000000000E+00
    3.583333333333333E-01   -4.375000000000000E-03    1.000000000000000E+00
    3.625000000000000E-01   -4.375000000000000E-03    1.000000000000000E+00
    3.666666666666666E-01   -4.375000000000000E-03    1.000000000000000E+00
    3.708333333333333E-01   -4.375000000000000E-03    1.000000000000000E+00
    3.750000000000000E-01   -4.375000000000000E-03    1.000000000000000E+00
    3.791666666666667E-01   -4.375000000000000E-03    1.000000000000000E+00
    3.833333333333333E-01   -4.375000000000000E-03    1.000000000000000E+00
    3.875000000000000E-01   -4.375000000000000E-03    1.000000000000000E+00
    3.916666666666667E-01   -4.375000000000000E-03    1.000000000000000E+00
    3.958333333333333E-01   -4.375000000000000E-03    1.000000000000000E+00
    4.000000000000000E-01   -4.375000000000000E-03    1.000000000000000E+00
    4.041666666666667E-01   -4.375000000000000E-03    1.000000000000000E+00
    4.083333333333333E-01   -4.375000000000000E-03    1.000000000000000E+00
    4.125000000000000E-01   -4.375000000000000E-03    1.000000000000000E+00
    4.166666666666667E-01   -4.375000000000000E-03    1.000000000000000E+00
    4.208333333333333E-01   -4.375000000000000E-03    1.000000000000000E+00
    4.250000000000000E-01   -4.375000000000000E-03    1.000000000000000E+00
    4.291666666666666E-01   -4.375000000000000E-03    1.000000000000000E+00
    4.333333333333333E-01   -4.375000000000000E-03    1.000000000000000E+00
    4.375000000000000E-01   -4.375000000000000E-03    1.000000000000000E+00
    4.416666666666667E-01   -4.375000000000000E-03    1.000000000000000E+00
    4.458333333333333E-01   -4.375000000000000E-03    1.000000000000000E+00
    4.500000000000000E-01   -4.375000000000000E-03    1.000000000000000E+00
    4.541666666666667E-01   -4.375000000000000E-03    1.000000000000000E+00
    4.583333333333333E-01   -4.375000000000000E-03    1.000000000000000E+00
    4.625000000000000E-01   -4.375000000000000E-03    1.000000000000000E+00
    4.666666666666667E-01   -4.375000000000000E-03    1.000000000000000E+00
    4.708333333333333E-01   -4.375000000000000E-03    1.000000000000000E+00
    4.750000000000000E-01   -4.375000000000000E-03    1.000000000000000E+00
    4.791666666666667E-01   -4.375000000000000E-03    1.000000000000000E+00
    4.833333333333333E-01   -4.375000000000000E-03    1.000000000000000E+00
    4.875000000000000E-01   -4.375000000000000E-03    1.000000000000000E+00
    4.916666666666666E-01   -4.375000000000000E-03    1.000000000000000E+00
    4.958333333333333E-01   -4.375000000000000E-03    1.000000000000000E+00
    5.000000000000000E-01   -4.375000000000000E-03    1.000000000000000E+00
    0.000000000000000E+00   -3.750000000000000E-03    1.000000000000000E+00
    4.166666666666667E-03   -3.750000000000000E-03    1.000000000000000E+00
    8.333333333333333E-03   -3.750000000000000E-03    1.000000000000000E+00
    1.250000000000000E-02   -3.750000000000000E-03    1.000000000000000E+00
    1.666666666666667E-02   -3.750000000000000E-03    1.000000000000000E+00
    2.083333333333333E-02   -3.750000000000000E-03    1.000000000000000E+00
    2.500000000000000E-02   -3.750000000000000E-03    1.000000000000000E+00
    2.916666666666667E-02   -3.750000000000000E-03    1.000000000000000E+00
    3.333333333333333E-02   -3.750000000000000E-03    1.000000000000000E+00
    3.750000000000000E-02   -3.750000000000000E-03    1.000000000000000E+00
    4.166666666666666E-02   -3.750000000000000E-03    1.000000000000000E+00
    4.583333333333333E-02   -3.750000000000000E-03    1.000000000000000E+00
    5.000000000000000E-02   -3.750000000000000E-03    1.000000000000000E+00
    5.416666666666667E-02   -3.750000000000000E-03    1.000000000000000E+00
    5.833333333333333E-02   -3.750000000000000E-03    1.000000000000000E+00
    6.250000000000000E-02   -3.750000000000000E-03    1.000000000000000E+00
    6.666666666666667E-02   -3.750000000000000E-03    1.000000000000000E+00
    7.083333333333333E-02   -3.750000000000000E-03    1.000000000000000E+00
    7.500000000000000E-02   -3.750000000000000E-03    1.000000000000000E+00
    7.916666666666666E-02   -3.750000000000000E-03    1.000000000000000E+00
    8.333333333333333E-02   -3.750000000000000E-03    1.000000000000000E+00
    8.749999999999999E-02   -3.750000000000000E-03    1.000000000000000E+00
    9.166666666666666E-02   -3.750000000000000E-03    1.000000000000000E+00
    9.583333333333333E-02   -3.750000000000000E-03    1.000000000000000E+00
    1.000000000000000E-01   -3.750000000000000E-03    1.000000000000000E+00
    1.041666666666667E-01   -3.750000000000000E-03    1.000000000000000E+00
    1.083333333333333E-01   -3.750000000000000E-03    1.000000000000000E+00
    1.125000000000000E-01   -3.750000000000000E-03    1.000000000000000E+00
    1.166666666666667E-01   -3.750000000000000E-03    1.000000000000000E+00
    1.208333333333333E-01   -3.750000000000000E-03    1.000000000000000E+00
    1.250000000000000E-01   -3.750000000000000E-03    1.000000000000000E+00
    1.291666666666667E-01   -3.750000000000000E-03    1.000000000000000E+00
    1.333333333333333E-01   -3.750000000000000E-03    1.000000000000000E+00
    1.375000000000000E-01   -3.750000000000000E-03    1.000000000000000E+00
    1.416666666666667E-01   -3.750000000000000E-03    1.000000000000000E+00
    1.458333333333333E-01   -3.750000000000000E-03    1.000000000000000E+00
    1.500000000000000E-01   -3.750000000000000E-03    1.000000000000000E+00
    1.541666666666667E-01   -3.750000000000000E-03    1.000000000000000E+00
    1.583333333333333E-01   -3.750000000000000E-03    1.000000000000000E+00
    1.625000000000000E-01   -3.750000000000000E-03    1.000000000000000E+00
    1.666666666666667E-01   -3.750000000000000E-03    1.000000000000000E+00
    1.708333333333333E-01   -3.750000000000000E-03    1.000000000000000E+00
    1.750000000000000E-01   -3.750000000000000E-03    1.000000000000000E+00
    1.791666666666667E-01   -3.750000000000000E-03    1.000000000000000E+00
    1.833333333333333E-01   -3.750000000000000E-03    1.000000000000000E+00
    1.875000000000000E-01   -3.750000000000000E-03    1.000000000000000E+00
    1.916666666666667E-01   -3.750000000000000E-03    1.000000000000000E+00
    1.958333333333333E-01   -3.750000000000000E-03    1.000000000000000E+00
    2.000000000000000E-01   -3.750000000000000E-03    1.000000000000000E+00
    2.041666666666667E-01   -3.750000000000000E-03    1.000000000000000E+00
    2.083333333333333E-01   -3.750000000000000E-03    1.000000000000000E+00
    2.125000000000000E-01   -3.750000000000000E-03    1.000000000000000E+00
    2.166666666666667E-01   -3.750000000000000E-03    1.000000000000000E+00
    2.208333333333333E-01   -3.750000000000000E-03    1.000000000000000E+00
    2.250000000000000E-01   -3.750000000000000E-03    1.000000000000000E+00
    2.291666666666667E-01   -3.750000000000000E-03    1.000000000000000E+00
    2.333333333333333E-01   -3.750000000000000E-03    1.000000000000000E+00
    2.375000000000000E-01   -3.750000000000000E-03    1.000000000000000E+00
    2.416666666666667E-01   -3.750000000000000E-03    1.000000000000000E+00
    2.458333333333333E-01   -3.750000000000000E-03    1.000000000000000E+00
    2.500000000000000E-01   -3.750000000000000E-03    1.000000000000000E+00
    2.541666666666667E-01   -3.750000000000000E-03    1.000000000000000E+00
    2.583333333333333E-01   -3.750000000000000E-03    1.000000000000000E+00
    2.625000000000000E-01   -3.750000000000000E-03    1.000000000000000E+00
    2.666666666666667E-01   -3.750000000000000E-03    1.000000000000000E+00
    2.708333333333333E-01   -3.750000000000000E-03    1.000000000000000E+00
    2.750000000000000E-01   -3.750000000000000E-03    1.000000000000000E+00
    2.791666666666667E-01   -3.750000000000000E-03    1.000000000000000E+00
    2.833333333333333E-01   -3.750000000000000E-03    1.000000000000000E+00
    2.875000000000000E-01   -3.750000000000000E-03    1.000000000000000E+00
    2.916666666666667E-01   -3.750000000000000E-03    1.000000000000000E+00
    2.958333333333333E-01   -3.750000000000000E-03    1.000000000000000E+00
    3.000000000000000E-01   -3.750000000000000E-03    1.000000000000000E+00
    3.041666666666666E-01   -3.750000000000000E-03    1.000000000000000E+00
    3.083333333333333E-01   -3.750000000000000E-03    1.000000000000000E+00
    3.125000000000000E-01   -3.750000000000000E-03    1.000000000000000E+00
    3.166666666666667E-01   -3.750000000000000E-03    1.000000000000000E+00
    3.208333333333333E-01   -3.750000000000000E-03    1.000000000000000E+00
    3.250000000000000E-01   -3.750000000000000E-03    1.000000000000000E+00
    3.291666666666667E-01   -3.750000000000000E-03    1.000000000000000E+00
    3.333333333333333E-01   -3.750000000000000E-03    1.000000000000000E+00
    3.375000000000000E-01   -3.750000000000000E-03    1.000000000000000E+00
    3.416666666666667E-01   -3.750000000000000E-03    1.000000000000000E+00
    3.458333333333333E-01   -3.750000000000000E-03    1.000000000000000E+00
    3.500000000000000E-01   -3.750000000000000E-03    1.000000000000000E+00
    3.541666666666667E-01   -3.750000000000000E-03    1.000000000000000E+00
    3.583333333333333E-01   -3.750000000000000E-03    1.000000000000000E+00
    3.625000000000000E-01   -3.750000000000000E-03    1.000000000000000E+00
    3.666666666666666E-01   -3.750000000000000E-03    1.000000000000000E+00
    3.708333333333333E-01   -3.750000000000000E-03    1.000000000000000E+00
    3.750000000000000E-01   -3.750000000000000E-03    1.000000000000000E+00
    3.791666666666667E-01   -3.750000000000000E-03    1.000000000000000E+00
    3.833333333333333E-01   -3.750000000000000E-03    1.000000000000000E+00
    3.875000000000000E-01   -3.750000000000000E-03    1.000000000000000E+00
    3.916666666666667E-01   -3.750000000000000E-03    1.000000000000000E+00
    3.958333333333333E-01   -3.750000000000000E-03    1.000000000000000E+00
    4.000000000000000E-01   -3.750000000000000E-03    1.000000000000000E+00
    4.041666666666667E-01   -3.750000000000000E-03    1.000000000000000E+00
    4.083333333333333E-01   -3.750000000000000E-03    1.000000000000000E+00
    4.125000000000000E-01   -3.750000000000000E-03    1.000000000000000E+00
    4.166666666666667E-01   -3.750000000000000E-03    1.000000000000000E+00
    4.208333333333333E-01   -3.750000000000000E-03    1.000000000000000E+00
    4.250000000000000E-01   -3.750000000000000E-03    1.000000000000000E+00
    4.291666666666666E-01   -3.750000000000000E-03    1.000000000000000E+00
    4.333333333333333E-01   -3.750000000000000E-03    1.000000000000000E+00
    4.375000000000000E-01   -3.750000000000000E-03    1.000000000000000E+00
    4.416666666666667E-01   -3.750000000000000E-03    1.000000000000000E+00
    4.458333333333333E-01   -3.750000000000000E-03    1.000000000000000E+00
    4.500000000000000E-01   -3.750000000000000E-03    1.000000000000000E+00
    4.541666666666667E-01   -3.750000000000000E-03    1.000000000000000E+00
    4.583333333333333E-01   -3.750000000000000E-03    1.000000000000000E+00
    4.625000000000000E-01   -3.750000000000000E-03    1.000000000000000E+00
    4.666666666666667E-01   -3.750000000000000E-03    1.000000000000000E+00
    4.708333333333333E-01   -3.750000000000000E-03    1.000000000000000E+00
    4.750000000000000E-01   -3.750000000000000E-03    1.000000000000000E+00
    4.791666666666667E-01   -3.750000000000000E-03    1.000000000000000E+00
    4.833333333333333E-01   -3.750000000000000E-03    1.000000000000000E+00
    4.875000000000000E-01   -3.750000000000000E-03    1.000000000000000E+00
    4.916666666666666E-01   -3.750000000000000E-03    1.000000000000000E+00
    4.958333333333333E-01   -3.750000000000000E-03    1.000000000000000E+00
    5.000000000000000E-01   -3.750000000000000E-03    1.000000000000000E+00
    0.000000000000000E+00   -3.125000000000000E-03    1.000000000000000E+00
    4.166666666666667E-03   -3.125000000000000E-03    1.000000000000000E+00
    8.333333333333333E-03   -3.125000000000000E-03    1.000000000000000E+00
    1.250000000000000E-02   -3.125000000000000E-03    1.000000000000000E+00
    1.666666666666667E-02   -3.125000000000000E-03    1.000000000000000E+00
    2.083333333333333E-02   -3.125000000000000E-03    1.000000000000000E+00
    2.500000000000000E-02   -3.125000000000000E-03    1.000000000000000E+00
    2.916666666666667E-02   -3.125000000000000E-03    1.000000000000000E+00
    3.333333333333333E-02   -3.125000000000000E-03    1.000000000000000E+00
    3.750000000000000E-02   -3.125000000000000E-03    1.000000000000000E+00
    4.166666666666666E-02   -3.125000000000000E-03    1.000000000000000E+00
    4.583333333333333E-02   -3.125000000000000E-03    1.000000000000000E+00
    5.000000000000000E-02   -3.125000000000000E-03    1.000000000000000E+00
    5.416666666666667E-02   -3.125000000000000E-03    1.000000000000000E+00
    5.833333333333333E-02   -3.125000000000000E-03    1.000000000000000E+00
    6.250000000000000E-02   -3.125000000000000E-03    1.000000000000000E+00
    6.666666666666667E-02   -3.125000000000000E-03    1.000000000000000E+00
    7.083333333333333E-02   -3.125000000000000E-03    1.000000000000000E+00
    7.500000000000000E-02   -3.125000000000000E-03    1.000000000000000E+00
    7.916666666666666E-02   -3.125000000000000E-03    1.000000000000000E+00
    8.333333333333333E-02   -3.125000000000000E-03    1.000000000000000E+00
    8.749999999999999E-02   -3.125000000000000E-03    1.000000000000000E+00
    9.166666666666666E-02   -3.125000000000000E-03    1.000000000000000E+00
    9.583333333333333E-02   -3.125000000000000E-03    1.000000000000000E+00
    1.000000000000000E-01   -3.125000000000000E-03    1.000000000000000E+00
    1.041666666666667E-01   -3.125000000000000E-03    1.000000000000000E+00
    1.083333333333333E-01   -3.125000000000000E-03    1.000000000000000E+00
    1.125000000000000E-01   -3.125000000000000E-03    1.000000000000000E+00
    1.166666666666667E-01   -3.125000000000000E-03    1.000000000000000E+00
    1.208333333333333E-01   -3.125000000000000E-03    1.000000000000000E+00
    1.250000000000000E-01   -3.125000000000000E-03    1.000000000000000E+00
    1.291666666666667E-01   -3.125000000000000E-03    1.000000000000000E+00
    1.333333333333333E-01   -3.125000000000000E-03    1.000000000000000E+00
    1.375000000000000E-01   -3.125000000000000E-03    1.000000000000000E+00
    1.416666666666667E-01   -3.125000000000000E-03    1.000000000000000E+00
    1.458333333333333E-01   -3.125000000000000E-03    1.000000000000000E+00
    1.500000000000000E-01   -3.125000000000000E-03    1.000000000000000E+00
    1.541666666666667E-01   -3.125000000000000E-03    1.000000000000000E+00
    1.583333333333333E-01   -3.125000000000000E-03    1.000000000000000E+00
    1.625000000000000E-01   -3.125000000000000E-03    1.000000000000000E+00
    1.666666666666667E-01   -3.125000000000000E-03    1.000000000000000E+00
    1.708333333333333E-01   -3.125000000000000E-03    1.000000000000000E+00
    1.750000000000000E-01   -3.125000000000000E-03    1.000000000000000E+00
    1.791666666666667E-01   -3.125000000000000E-03    1.000000000000000E+00
    1.833333333333333E-01   -3.125000000000000E-03    1.000000000000000E+00
    1.875000000000000E-01   -3.125000000000000E-03    1.000000000000000E+00
    1.916666666666667E-01   -3.125000000000000E-03    1.000000000000000E+00
    1.958333333333333E-01   -3.125000000000000E-03    1.000000000000000E+00
    2.000000000000000E-01   -3.125000000000000E-03    1.000000000000000E+00
    2.041666666666667E-01   -3.125000000000000E-03    1.000000000000000E+00
    2.083333333333333E-01   -3.125000000000000E-03    1.000000000000000E+00
    2.125000000000000E-01   -3.125000000000000E-03    1.000000000000000E+00
    2.166666666666667E-01   -3.125000000000000E-03    1.000000000000000E+00
    2.208333333333333E-01   -3.125000000000000E-03    1.000000000000000E+00
    2.250000000000000E-01   -3.125000000000000E-03    1.000000000000000E+00
    2.291666666666667E-01   -3.125000000000000E-03    1.000000000000000E+00
    2.333333333333333E-01   -3.125000000000000E-03    1.000000000000000E+00
    2.375000000000000E-01   -3.125000000000000E-03    1.000000000000000E+00
    2.416666666666667E-01   -3.125000000000000E-03    1.000000000000000E+00
    2.458333333333333E-01   -3.125000000000000E-03    1.000000000000000E+00
    2.500000000000000E-01   -3.125000000000000E-03    1.000000000000000E+00
    2.541666666666667E-01   -3.125000000000000E-03    1.000000000000000E+00
    2.583333333333333E-01   -3.125000000000000E-03    1.000000000000000E+00
    2.625000000000000E-01   -3.125000000000000E-03    1.000000000000000E+00
    2.666666666666667E-01   -3.125000000000000E-03    1.000000000000000E+00
    2.708333333333333E-01   -3.125000000000000E-03    1.000000000000000E+00
    2.750000000000000E-01   -3.125000000000000E-03    1.000000000000000E+00
    2.791666666666667E-01   -3.125000000000000E-03    1.000000000000000E+00
    2.833333333333333E-01   -3.125000000000000E-03    1.000000000000000E+00
    2.875000000000000E-01   -3.125000000000000E-03    1.000000000000000E+00
    2.916666666666667E-01   -3.125000000000000E-03    1.000000000000000E+00
    2.958333333333333E-01   -3.125000000000000E-03    1.000000000000000E+00
    3.000000000000000E-01   -3.125000000000000E-03    1.000000000000000E+00
    3.041666666666666E-01   -3.125000000000000E-03    1.000000000000000E+00
    3.083333333333333E-01   -3.125000000000000E-03    1.000000000000000E+00
    3.125000000000000E-01   -3.125000000000000E-03    1.000000000000000E+00
    3.166666666666667E-01   -3.125000000000000E-03    1.000000000000000E+00
    3.208333333333333E-01   -3.125000000000000E-03    1.000000000000000E+00
    3.250000000000000E-01   -3.125000000000000E-03    1.000000000000000E+00
    3.291666666666667E-01   -3.125000000000000E-03    1.000000000000000E+00
    3.333333333333333E-01   -3.125000000000000E-03    1.000000000000000E+00
    3.375000000000000E-01   -3.125000000000000E-03    1.000000000000000E+00
    3.416666666666667E-01   -3.125000000000000E-03    1.000000000000000E+00
    3.458333333333333E-01   -3.125000000000000E-03    1.000000000000000E+00
    3.500000000000000E-01   -3.125000000000000E-03    1.000000000000000E+00
    3.541666666666667E-01   -3.125000000000000E-03    1.000000000000000E+00
    3.583333333333333E-01   -3.125000000000000E-03    1.000000000000000E+00
    3.625000000000000E-01   -3.125000000000000E-03    1.000000000000000E+00
    3.666666666666666E-01   -3.125000000000000E-03    1.000000000000000E+00
    3.708333333333333E-01   -3.125000000000000E-03    1.000000000000000E+00
    3.750000000000000E-01   -3.125000000000000E-03    1.000000000000000E+00
    3.791666666666667E-01   -3.125000000000000E-03    1.000000000000000E+00
    3.833333333333333E-01   -3.125000000000000E-03    1.000000000000000E+00
    3.875000000000000E-01   -3.125000000000000E-03    1.000000000000000E+00
    3.916666666666667E-01   -3.125000000000000E-03    1.000000000000000E+00
    3.958333333333333E-01   -3.125000000000000E-03    1.000000000000000E+00
    4.000000000000000E-01   -3.125000000000000E-03    1.000000000000000E+00
    4.041666666666667E-01   -3.125000000000000E-03    1.000000000000000E+00
    4.083333333333333E-01   -3.125000000000000E-03    1.000000000000000E+00
    4.125000000000000E-01   -3.125000000000000E-03    1.000000000000000E+00
    4.166666666666667E-01   -3.125000000000000E-03    1.000000000000000E+00
    4.208333333333333E-01   -3.125000000000000E-03    1.000000000000000E+00
    4.250000000000000E-01   -3.125000000000000E-03    1.000000000000000E+00
    4.291666666666666E-01   -3.125000000000000E-03    1.000000000000000E+00
    4.333333333333333E-01   -3.125000000000000E-03    1.000000000000000E+00
    4.375000000000000E-01   -3.125000000000000E-03    1.000000000000000E+00
    4.416666666666667E-01   -3.125000000000000E-03    1.000000000000000E+00
    4.458333333333333E-01   -3.125000000000000E-03    1.000000000000000E+00
    4.500000000000000E-01   -3.125000000000000E-03    1.000000000000000E+00
    4.541666666666667E-01   -3.125000000000000E-03    1.000000000000000E+00
    4.583333333333333E-01   -3.125000000000000E-03    1.000000000000000E+00
    4.625000000000000E-01   -3.125000000000000E-03    1.000000000000000E+00
    4.666666666666667E-01   -3.125000000000000E-03    1.000000000000000E+00
    4.708333333333333E-01   -3.125000000000000E-03    1.000000000000000E+00
    4.750000000000000E-01   -3.125000000000000E-03    1.000000000000000E+00
    4.791666666666667E-01   -3.125000000000000E-03    1.000000000000000E+00
    4.833333333333333E-01   -3.125000000000000E-03    1.000000000000000E+00
    4.875000000000000E-01   -3.125000000000000E-03    1.000000000000000E+00
    4.916666666666666E-01   -3.125000000000000E-03    1.000000000000000E+00
    4.958333333333333E-01   -3.125000000000000E-03    1.000000000000000E+00
    5.000000000000000E-01   -3.125000000000000E-03    1.000000000000000E+00
    0.000000000000000E+00   -2.500000000000000E-03    1.000000000000000E+00
    4.166666666666667E-03   -2.500000000000000E-03    1.000000000000000E+00
    8.333333333333333E-03   -2.500000000000000E-03    1.000000000000000E+00
    1.250000000000000E-02   -2.500000000000000E-03    1.000000000000000E+00
    1.666666666666667E-02   -2.500000000000000E-03    1.000000000000000E+00
    2.083333333333333E-02   -2.500000000000000E-03    1.000000000000000E+00
    2.500000000000000E-02   -2.500000000000000E-03    1.000000000000000E+00
    2.916666666666667E-02   -2.500000000000000E-03    1.000000000000000E+00
    3.333333333333333E-02   -2.500000000000000E-03    1.000000000000000E+00
    3.750000000000000E-02   -2.500000000000000E-03    1.000000000000000E+00
    4.166666666666666E-02   -2.500000000000000E-03    1.000000000000000E+00
    4.583333333333333E-02   -2.500000000000000E-03    1.000000000000000E+00
    5.000000000000000E-02   -2.500000000000000E-03    1.000000000000000E+00
    5.416666666666667E-02   -2.500000000000000E-03    1.000000000000000E+00
    5.833333333333333E-02   -2.500000000000000E-03    1.000000000000000E+00
    6.250000000000000E-02   -2.500000000000000E-03    1.000000000000000E+00
    6.666666666666667E-02   -2.500000000000000E-03    1.000000000000000E+00
    7.083333333333333E-02   -2.500000000000000E-03    1.000000000000000E+00
    7.500000000000000E-02   -2.500000000000000E-03    1.000000000000000E+00
    7.916666666666666E-02   -2.500000000000000E-03    1.000000000000000E+00
    8.333333333333333E-02   -2.500000000000000E-03    1.000000000000000E+00
    8.749999999999999E-02   -2.500000000000000E-03    1.000000000000000E+00
    9.166666666666666E-02   -2.500000000000000E-03    1.000000000000000E+00
    9.583333333333333E-02   -2.500000000000000E-03    1.000000000000000E+00
    1.000000000000000E-01   -2.500000000000000E-03    1.000000000000000E+00
    1.041666666666667E-01   -2.500000000000000E-03    1.000000000000000E+00
    1.083333333333333E-01   -2.500000000000000E-03    1.000000000000000E+00
    1.125000000000000E-01   -2.500000000000000E-03    1.000000000000000E+00
    1.166666666666667E-01   -2.500000000000000E-03    1.000000000000000E+00
    1.208333333333333E-01   -2.500000000000000E-03    1.000000000000000E+00
    1.250000000000000E-01   -2.500000000000000E-03    1.000000000000000E+00
    1.291666666666667E-01   -2.500000000000000E-03    1.000000000000000E+00
    1.333333333333333E-01   -2.500000000000000E-03    1.000000000000000E+00
    1.375000000000000E-01   -2.500000000000000E-03    1.000000000000000E+00
    1.416666666666667E-01   -2.500000000000000E-03    1.000000000000000E+00
    1.458333333333333E-01   -2.500000000000000E-03    1.000000000000000E+00
    1.500000000000000E-01   -2.500000000000000E-03    1.000000000000000E+00
    1.541666666666667E-01   -2.500000000000000E-03    1.000000000000000E+00
    1.583333333333333E-01   -2.500000000000000E-03    1.000000000000000E+00
    1.625000000000000E-01   -2.500000000000000E-03    1.000000000000000E+00
    1.666666666666667E-01   -2.500000000000000E-03    1.000000000000000E+00
    1.708333333333333E-01   -2.500000000000000E-03    1.000000000000000E+00
    1.750000000000000E-01   -2.500000000000000E-03    1.000000000000000E+00
    1.791666666666667E-01   -2.500000000000000E-03    1.000000000000000E+00
    1.833333333333333E-01   -2.500000000000000E-03    1.000000000000000E+00
    1.875000000000000E-01   -2.500000000000000E-03    1.000000000000000E+00
    1.916666666666667E-01   -2.500000000000000E-03    1.000000000000000E+00
    1.958333333333333E-01   -2.500000000000000E-03    1.000000000000000E+00
    2.000000000000000E-01   -2.500000000000000E-03    1.000000000000000E+00
    2.041666666666667E-01   -2.500000000000000E-03    1.000000000000000E+00
    2.083333333333333E-01   -2.500000000000000E-03    1.000000000000000E+00
    2.125000000000000E-01   -2.500000000000000E-03    1.000000000000000E+00
    2.166666666666667E-01   -2.500000000000000E-03    1.000000000000000E+00
    2.208333333333333E-01   -2.500000000000000E-03    1.000000000000000E+00
    2.250000000000000E-01   -2.500000000000000E-03    1.000000000000000E+00
    2.291666666666667E-01   -2.500000000000000E-03    1.000000000000000E+00
    2.333333333333333E-01   -2.500000000000000E-03    1.000000000000000E+00
    2.375000000000000E-01   -2.500000000000000E-03    1.000000000000000E+00
    2.416666666666667E-01   -2.500000000000000E-03    1.000000000000000E+00
    2.458333333333333E-01   -2.500000000000000E-03    1.000000000000000E+00
    2.500000000000000E-01   -2.500000000000000E-03    1.000000000000000E+00
    2.541666666666667E-01   -2.500000000000000E-03    1.000000000000000E+00
    2.583333333333333E-01   -2.500000000000000E-03    1.000000000000000E+00
    2.625000000000000E-01   -2.500000000000000E-03    1.000000000000000E+00
    2.666666666666667E-01   -2.500000000000000E-03    1.000000000000000E+00
    2.708333333333333E-01   -2.500000000000000E-03    1.000000000000000E+00
    2.750000000000000E-01   -2.500000000000000E-03    1.000000000000000E+00
    2.791666666666667E-01   -2.500000000000000E-03    1.000000000000000E+00
    2.833333333333333E-01   -2.500000000000000E-03    1.000000000000000E+00
    2.875000000000000E-01   -2.500000000000000E-03    1.000000000000000E+00
    2.916666666666667E-01   -2.500000000000000E-03    1.000000000000000E+00
    2.958333333333333E-01   -2.500000000000000E-03    1.000000000000000E+00
    3.000000000000000E-01   -2.500000000000000E-03    1.000000000000000E+00
    3.041666666666666E-01   -2.500000000000000E-03    1.000000000000000E+00
    3.083333333333333E-01   -2.500000000000000E-03    1.000000000000000E+00
    3.125000000000000E-01   -2.500000000000000E-03    1.000000000000000E+00
    3.166666666666667E-01   -2.500000000000000E-03    1.000000000000000E+00
    3.208333333333333E-01   -2.500000000000000E-03    1.000000000000000E+00
    3.250000000000000E-01   -2.500000000000000E-03    1.000000000000000E+00
    3.291666666666667E-01   -2.500000000000000E-03    1.000000000000000E+00
    3.333333333333333E-01   -2.500000000000000E-03    1.000000000000000E+00
    3.375000000000000E-01   -2.500000000000000E-03    1.000000000000000E+00
    3.416666666666667E-01   -2.500000000000000E-03    1.000000000000000E+00
    3.458333333333333E-01   -2.500000000000000E-03    1.000000000000000E+00
    3.500000000000000E-01   -2.500000000000000E-03    1.000000000000000E+00
    3.541666666666667E-01   -2.500000000000000E-03    1.000000000000000E+00
    3.583333333333333E-01   -2.500000000000000E-03    1.000000000000000E+00
    3.625000000000000E-01   -2.500000000000000E-03    1.000000000000000E+00
    3.666666666666666E-01   -2.500000000000000E-03    1.000000000000000E+00
    3.708333333333333E-01   -2.500000000000000E-03    1.000000000000000E+00
    3.750000000000000E-01   -2.500000000000000E-03    1.000000000000000E+00
    3.791666666666667E-01   -2.500000000000000E-03    1.000000000000000E+00
    3.833333333333333E-01   -2.500000000000000E-03    1.000000000000000E+00
    3.875000000000000E-01   -2.500000000000000E-03    1.000000000000000E+00
    3.916666666666667E-01   -2.500000000000000E-03    1.000000000000000E+00
    3.958333333333333E-01   -2.500000000000000E-03    1.000000000000000E+00
    4.000000000000000E-01   -2.500000000000000E-03    1.000000000000000E+00
    4.041666666666667E-01   -2.500000000000000E-03    1.000000000000000E+00
    4.083333333333333E-01   -2.500000000000000E-03    1.000000000000000E+00
    4.125000000000000E-01   -2.500000000000000E-03    1.000000000000000E+00
    4.166666666666667E-01   -2.500000000000000E-03    1.000000000000000E+00
    4.208333333333333E-01   -2.500000000000000E-03    1.000000000000000E+00
    4.250000000000000E-01   -2.500000000000000E-03    1.000000000000000E+00
    4.291666666666666E-01   -2.500000000000000E-03    1.000000000000000E+00
    4.333333333333333E-01   -2.500000000000000E-03    1.000000000000000E+00
    4.375000000000000E-01   -2.500000000000000E-03    1.000000000000000E+00
    4.416666666666667E-01   -2.500000000000000E-03    1.000000000000000E+00
    4.458333333333333E-01   -2.500000000000000E-03    1.000000000000000E+00
    4.500000000000000E-01   -2.500000000000000E-03    1.000000000000000E+00
    4.541666666666667E-01   -2.500000000000000E-03    1.000000000000000E+00
    4.583333333333333E-01   -2.500000000000000E-03    1.000000000000000E+00
    4.625000000000000E-01   -2.500000000000000E-03    1.000000000000000E+00
    4.666666666666667E-01   -2.500000000000000E-03    1.000000000000000E+00
    4.708333333333333E-01   -2.500000000000000E-03    1.000000000000000E+00
    4.750000000000000E-01   -2.500000000000000E-03    1.000000000000000E+00
    4.791666666666667E-01   -2.500000000000000E-03    1.000000000000000E+00
    4.833333333333333E-01   -2.500000000000000E-03    1.000000000000000E+00
    4.875000000000000E-01   -2.500000000000000E-03    1.000000000000000E+00
    4.916666666666666E-01   -2.500000000000000E-03    1.000000000000000E+00
    4.958333333333333E-01   -2.500000000000000E-03    1.000000000000000E+00
    5.000000000000000E-01   -2.500000000000000E-03    1.000000000000000E+00
    0.000000000000000E+00   -1.875000000000000E-03    1.000000000000000E+00
    4.166666666666667E-03   -1.875000000000000E-03    1.000000000000000E+00
    8.333333333333333E-03   -1.875000000000000E-03    1.000000000000000E+00
    1.250000000000000E-02   -1.875000000000000E-03    1.000000000000000E+00
    1.666666666666667E-02   -1.875000000000000E-03    1.000000000000000E+00
    2.083333333333333E-02   -1.875000000000000E-03    1.000000000000000E+00
    2.500000000000000E-02   -1.875000000000000E-03    1.000000000000000E+00
    2.916666666666667E-02   -1.875000000000000E-03    1.000000000000000E+00
    3.333333333333333E-02   -1.875000000000000E-03    1.000000000000000E+00
    3.750000000000000E-02   -1.875000000000000E-03    1.000000000000000E+00
    4.166666666666666E-02   -1.875000000000000E-03    1.000000000000000E+00
    4.583333333333333E-02   -1.875000000000000E-03    1.000000000000000E+00
    5.000000000000000E-02   -1.875000000000000E-03    1.000000000000000E+00
    5.416666666666667E-02   -1.875000000000000E-03    1.000000000000000E+00
    5.833333333333333E-02   -1.875000000000000E-03    1.000000000000000E+00
    6.250000000000000E-02   -1.875000000000000E-03    1.000000000000000E+00
    6.666666666666667E-02   -1.875000000000000E-03    1.000000000000000E+00
    7.083333333333333E-02   -1.875000000000000E-03    1.000000000000000E+00
    7.500000000000000E-02   -1.875000000000000E-03    1.000000000000000E+00
    7.916666666666666E-02   -1.875000000000000E-03    1.000000000000000E+00
    8.333333333333333E-02   -1.875000000000000E-03    1.000000000000000E+00
    8.749999999999999E-02   -1.875000000000000E-03    1.000000000000000E+00
    9.166666666666666E-02   -1.875000000000000E-03    1.000000000000000E+00
    9.583333333333333E-02   -1.875000000000000E-03    1.000000000000000E+00
    1.000000000000000E-01   -1.875000000000000E-03    1.000000000000000E+00
    1.041666666666667E-01   -1.875000000000000E-03    1.000000000000000E+00
    1.083333333333333E-01   -1.875000000000000E-03    1.000000000000000E+00
    1.125000000000000E-01   -1.875000000000000E-03    1.000000000000000E+00
    1.166666666666667E-01   -1.875000000000000E-03    1.000000000000000E+00
    1.208333333333333E-01   -1.875000000000000E-03    1.000000000000000E+00
    1.250000000000000E-01   -1.875000000000000E-03    1.000000000000000E+00
    1.291666666666667E-01   -1.875000000000000E-03    1.000000000000000E+00
    1.333333333333333E-01   -1.875000000000000E-03    1.000000000000000E+00
    1.375000000000000E-01   -1.875000000000000E-03    1.000000000000000E+00
    1.416666666666667E-01   -1.875000000000000E-03    1.000000000000000E+00
    1.458333333333333E-01   -1.875000000000000E-03    1.000000000000000E+00
    1.500000000000000E-01   -1.875000000000000E-03    1.000000000000000E+00
    1.541666666666667E-01   -1.875000000000000E-03    1.000000000000000E+00
    1.583333333333333E-01   -1.875000000000000E-03    1.000000000000000E+00
    1.625000000000000E-01   -1.875000000000000E-03    1.000000000000000E+00
    1.666666666666667E-01   -1.875000000000000E-03    1.000000000000000E+00
    1.708333333333333E-01   -1.875000000000000E-03    1.000000000000000E+00
    1.750000000000000E-01   -1.875000000000000E-03    1.000000000000000E+00
    1.791666666666667E-01   -1.875000000000000E-03    1.000000000000000E+00
    1.833333333333333E-01   -1.875000000000000E-03    1.000000000000000E+00
    1.875000000000000E-01   -1.875000000000000E-03    1.000000000000000E+00
    1.916666666666667E-01   -1.875000000000000E-03    1.000000000000000E+00
    1.958333333333333E-01   -1.875000000000000E-03    1.000000000000000E+00
    2.000000000000000E-01   -1.875000000000000E-03    1.000000000000000E+00
    2.041666666666667E-01   -1.875000000000000E-03    1.000000000000000E+00
    2.083333333333333E-01   -1.875000000000000E-03    1.000000000000000E+00
    2.125000000000000E-01   -1.875000000000000E-03    1.000000000000000E+00
    2.166666666666667E-01   -1.875000000000000E-03    1.000000000000000E+00
    2.208333333333333E-01   -1.875000000000000E-03    1.000000000000000E+00
    2.250000000000000E-01   -1.875000000000000E-03    1.000000000000000E+00
    2.291666666666667E-01   -1.875000000000000E-03    1.000000000000000E+00
    2.333333333333333E-01   -1.875000000000000E-03    1.000000000000000E+00
    2.375000000000000E-01   -1.875000000000000E-03    1.000000000000000E+00
    2.416666666666667E-01   -1.875000000000000E-03    1.000000000000000E+00
    2.458333333333333E-01   -1.875000000000000E-03    1.000000000000000E+00
    2.500000000000000E-01   -1.875000000000000E-03    1.000000000000000E+00
    2.541666666666667E-01   -1.875000000000000E-03    1.000000000000000E+00
    2.583333333333333E-01   -1.875000000000000E-03    1.000000000000000E+00
    2.625000000000000E-01   -1.875000000000000E-03    1.000000000000000E+00
    2.666666666666667E-01   -1.875000000000000E-03    1.000000000000000E+00
    2.708333333333333E-01   -1.875000000000000E-03    1.000000000000000E+00
    2.750000000000000E-01   -1.875000000000000E-03    1.000000000000000E+00
    2.791666666666667E-01   -1.875000000000000E-03    1.000000000000000E+00
    2.833333333333333E-01   -1.875000000000000E-03    1.000000000000000E+00
    2.875000000000000E-01   -1.875000000000000E-03    1.000000000000000E+00
    2.916666666666667E-01   -1.875000000000000E-03    1.000000000000000E+00
    2.958333333333333E-01   -1.875000000000000E-03    1.000000000000000E+00
    3.000000000000000E-01   -1.875000000000000E-03    1.000000000000000E+00
    3.041666666666666E-01   -1.875000000000000E-03    1.000000000000000E+00
    3.083333333333333E-01   -1.875000000000000E-03    1.000000000000000E+00
    3.125000000000000E-01   -1.875000000000000E-03    1.000000000000000E+00
    3.166666666666667E-01   -1.875000000000000E-03    1.000000000000000E+00
    3.208333333333333E-01   -1.875000000000000E-03    1.000000000000000E+00
    3.250000000000000E-01   -1.875000000000000E-03    1.000000000000000E+00
    3.291666666666667E-01   -1.875000000000000E-03    1.000000000000000E+00
    3.333333333333333E-01   -1.875000000000000E-03    1.000000000000000E+00
    3.375000000000000E-01   -1.875000000000000E-03    1.000000000000000E+00
    3.416666666666667E-01   -1.875000000000000E-03    1.000000000000000E+00
    3.458333333333333E-01   -1.875000000000000E-03    1.000000000000000E+00
    3.500000000000000E-01   -1.875000000000000E-03    1.000000000000000E+00
    3.541666666666667E-01   -1.875000000000000E-03    1.000000000000000E+00
    3.583333333333333E-01   -1.875000000000000E-03    1.000000000000000E+00
    3.625000000000000E-01   -1.875000000000000E-03    1.000000000000000E+00
    3.666666666666666E-01   -1.875000000000000E-03    1.000000000000000E+00
    3.708333333333333E-01   -1.875000000000000E-03    1.000000000000000E+00
    3.750000000000000E-01   -1.875000000000000E-03    1.000000000000000E+00
    3.791666666666667E-01   -1.875000000000000E-03    1.000000000000000E+00
    3.833333333333333E-01   -1.875000000000000E-03    1.000000000000000E+00
    3.875000000000000E-01   -1.875000000000000E-03    1.000000000000000E+00
    3.916666666666667E-01   -1.875000000000000E-03    1.000000000000000E+00
    3.958333333333333E-01   -1.875000000000000E-03    1.000000000000000E+00
    4.000000000000000E-01   -1.875000000000000E-03    1.000000000000000E+00
    4.041666666666667E-01   -1.875000000000000E-03    1.000000000000000E+00
    4.083333333333333E-01   -1.875000000000000E-03    1.000000000000000E+00
    4.125000000000000E-01   -1.875000000000000E-03    1.000000000000000E+00
    4.166666666666667E-01   -1.875000000000000E-03    1.000000000000000E+00
    4.208333333333333E-01   -1.875000000000000E-03    1.000000000000000E+00
    4.250000000000000E-01   -1.875000000000000E-03    1.000000000000000E+00
    4.291666666666666E-01   -1.875000000000000E-03    1.000000000000000E+00
    4.333333333333333E-01   -1.875000000000000E-03    1.000000000000000E+00
    4.375000000000000E-01   -1.875000000000000E-03    1.000000000000000E+00
    4.416666666666667E-01   -1.875000000000000E-03    1.000000000000000E+00
    4.458333333333333E-01   -1.875000000000000E-03    1.000000000000000E+00
    4.500000000000000E-01   -1.875000000000000E-03    1.000000000000000E+00
    4.541666666666667E-01   -1.875000000000000E-03    1.000000000000000E+00
    4.583333333333333E-01   -1.875000000000000E-03    1.000000000000000E+00
    4.625000000000000E-01   -1.875000000000000E-03    1.000000000000000E+00
    4.666666666666667E-01   -1.875000000000000E-03    1.000000000000000E+00
    4.708333333333333E-01   -1.875000000000000E-03    1.000000000000000E+00
    4.750000000000000E-01   -1.875000000000000E-03    1.000000000000000E+00
    4.791666666666667E-01   -1.875000000000000E-03    1.000000000000000E+00
    4.833333333333333E-01   -1.875000000000000E-03    1.000000000000000E+00
    4.875000000000000E-01   -1.875000000000000E-03    1.000000000000000E+00
    4.916666666666666E-01   -1.875000000000000E-03    1.000000000000000E+00
    4.958333333333333E-01   -1.875000000000000E-03    1.000000000000000E+00
    5.000000000000000E-01   -1.875000000000000E-03    1.000000000000000E+00
    0.000000000000000E+00   -1.249999999999999E-03    1.000000000000000E+00
    4.166666666666667E-03   -1.249999999999999E-03    1.000000000000000E+00
    8.333333333333333E-03   -1.249999999999999E-03    1.000000000000000E+00
    1.250000000000000E-02   -1.249999999999999E-03    1.000000000000000E+00
    1.666666666666667E-02   -1.249999999999999E-03    1.000000000000000E+00
    2.083333333333333E-02   -1.249999999999999E-03    1.000000000000000E+00
    2.500000000000000E-02   -1.249999999999999E-03    1.000000000000000E+00
    2.916666666666667E-02   -1.249999999999999E-03    1.000000000000000E+00
    3.333333333333333E-02   -1.249999999999999E-03    1.000000000000000E+00
    3.750000000000000E-02   -1.249999999999999E-03    1.000000000000000E+00
    4.166666666666666E-02   -1.249999999999999E-03    1.000000000000000E+00
    4.583333333333333E-02   -1.249999999999999E-03    1.000000000000000E+00
    5.000000000000000E-02   -1.249999999999999E-03    1.000000000000000E+00
    5.416666666666667E-02   -1.249999999999999E-03    1.000000000000000E+00
    5.833333333333333E-02   -1.249999999999999E-03    1.000000000000000E+00
    6.250000000000000E-02   -1.249999999999999E-03    1.000000000000000E+00
    6.666666666666667E-02   -1.249999999999999E-03    1.000000000000000E+00
    7.083333333333333E-02   -1.249999999999999E-03    1.000000000000000E+00
    7.500000000000000E-02   -1.249999999999999E-03    1.000000000000000E+00
    7.916666666666666E-02   -1.249999999999999E-03    1.000000000000000E+00
    8.333333333333333E-02   -1.249999999999999E-03    1.000000000000000E+00
    8.749999999999999E-02   -1.249999999999999E-03    1.000000000000000E+00
    9.166666666666666E-02   -1.249999999999999E-03    1.000000000000000E+00
    9.583333333333333E-02   -1.249999999999999E-03    1.000000000000000E+00
    1.000000000000000E-01   -1.249999999999999E-03    1.000000000000000E+00
    1.041666666666667E-01   -1.249999999999999E-03    1.000000000000000E+00
    1.083333333333333E-01   -1.249999999999999E-03    1.000000000000000E+00
    1.125000000000000E-01   -1.249999999999999E-03    1.000000000000000E+00
    1.166666666666667E-01   -1.249999999999999E-03    1.000000000000000E+00
    1.208333333333333E-01   -1.249999999999999E-03    1.000000000000000E+00
    1.250000000000000E-01   -1.249999999999999E-03    1.000000000000000E+00
    1.291666666666667E-01   -1.249999999999999E-03    1.000000000000000E+00
    1.333333333333333E-01   -1.249999999999999E-03    1.000000000000000E+00
    1.375000000000000E-01   -1.249999999999999E-03    1.000000000000000E+00
    1.416666666666667E-01   -1.249999999999999E-03    1.000000000000000E+00
    1.458333333333333E-01   -1.249999999999999E-03    1.000000000000000E+00
    1.500000000000000E-01   -1.249999999999999E-03    1.000000000000000E+00
    1.541666666666667E-01   -1.249999999999999E-03    1.000000000000000E+00
    1.583333333333333E-01   -1.249999999999999E-03    1.000000000000000E+00
    1.625000000000000E-01   -1.249999999999999E-03    1.000000000000000E+00
    1.666666666666667E-01   -1.249999999999999E-03    1.000000000000000E+00
    1.708333333333333E-01   -1.249999999999999E-03    1.000000000000000E+00
    1.750000000000000E-01   -1.249999999999999E-03    1.000000000000000E+00
    1.791666666666667E-01   -1.249999999999999E-03    1.000000000000000E+00
    1.833333333333333E-01   -1.249999999999999E-03    1.000000000000000E+00
    1.875000000000000E-01   -1.249999999999999E-03    1.000000000000000E+00
    1.916666666666667E-01   -1.249999999999999E-03    1.000000000000000E+00
    1.958333333333333E-01   -1.249999999999999E-03    1.000000000000000E+00
    2.000000000000000E-01   -1.249999999999999E-03    1.000000000000000E+00
    2.041666666666667E-01   -1.249999999999999E-03    1.000000000000000E+00
    2.083333333333333E-01   -1.249999999999999E-03    1.000000000000000E+00
    2.125000000000000E-01   -1.249999999999999E-03    1.000000000000000E+00
    2.166666666666667E-01   -1.249999999999999E-03    1.000000000000000E+00
    2.208333333333333E-01   -1.249999999999999E-03    1.000000000000000E+00
    2.250000000000000E-01   -1.249999999999999E-03    1.000000000000000E+00
    2.291666666666667E-01   -1.249999999999999E-03    1.000000000000000E+00
    2.333333333333333E-01   -1.249999999999999E-03    1.000000000000000E+00
    2.375000000000000E-01   -1.249999999999999E-03    1.000000000000000E+00
    2.416666666666667E-01   -1.249999999999999E-03    1.000000000000000E+00
    2.458333333333333E-01   -1.249999999999999E-03    1.000000000000000E+00
    2.500000000000000E-01   -1.249999999999999E-03    1.000000000000000E+00
    2.541666666666667E-01   -1.249999999999999E-03    1.000000000000000E+00
    2.583333333333333E-01   -1.249999999999999E-03    1.000000000000000E+00
    2.625000000000000E-01   -1.249999999999999E-03    1.000000000000000E+00
    2.666666666666667E-01   -1.249999999999999E-03    1.000000000000000E+00
    2.708333333333333E-01   -1.249999999999999E-03    1.000000000000000E+00
    2.750000000000000E-01   -1.249999999999999E-03    1.000000000000000E+00
    2.791666666666667E-01   -1.249999999999999E-03    1.000000000000000E+00
    2.833333333333333E-01   -1.249999999999999E-03    1.000000000000000E+00
    2.875000000000000E-01   -1.249999999999999E-03    1.000000000000000E+00
    2.916666666666667E-01   -1.249999999999999E-03    1.000000000000000E+00
    2.958333333333333E-01   -1.249999999999999E-03    1.000000000000000E+00
    3.000000000000000E-01   -1.249999999999999E-03    1.000000000000000E+00
    3.041666666666666E-01   -1.249999999999999E-03    1.000000000000000E+00
    3.083333333333333E-01   -1.249999999999999E-03    1.000000000000000E+00
    3.125000000000000E-01   -1.249999999999999E-03    1.000000000000000E+00
    3.166666666666667E-01   -1.249999999999999E-03    1.000000000000000E+00
    3.208333333333333E-01   -1.249999999999999E-03    1.000000000000000E+00
    3.250000000000000E-01   -1.249999999999999E-03    1.000000000000000E+00
    3.291666666666667E-01   -1.249999999999999E-03    1.000000000000000E+00
    3.333333333333333E-01   -1.249999999999999E-03    1.000000000000000E+00
    3.375000000000000E-01   -1.249999999999999E-03    1.000000000000000E+00
    3.416666666666667E-01   -1.249999999999999E-03    1.000000000000000E+00
    3.458333333333333E-01   -1.249999999999999E-03    1.000000000000000E+00
    3.500000000000000E-01   -1.249999999999999E-03    1.000000000000000E+00
    3.541666666666667E-01   -1.249999999999999E-03    1.000000000000000E+00
    3.583333333333333E-01   -1.249999999999999E-03    1.000000000000000E+00
    3.625000000000000E-01   -1.249999999999999E-03    1.000000000000000E+00
    3.666666666666666E-01   -1.249999999999999E-03    1.000000000000000E+00
    3.708333333333333E-01   -1.249999999999999E-03    1.000000000000000E+00
    3.750000000000000E-01   -1.249999999999999E-03    1.000000000000000E+00
    3.791666666666667E-01   -1.249999999999999E-03    1.000000000000000E+00
    3.833333333333333E-01   -1.249999999999999E-03    1.000000000000000E+00
    3.875000000000000E-01   -1.249999999999999E-03    1.000000000000000E+00
    3.916666666666667E-01   -1.249999999999999E-03    1.000000000000000E+00
    3.958333333333333E-01   -1.249999999999999E-03    1.000000000000000E+00
    4.000000000000000E-01   -1.249999999999999E-03    1.000000000000000E+00
    4.041666666666667E-01   -1.249999999999999E-03    1.000000000000000E+00
    4.083333333333333E-01   -1.249999999999999E-03    1.000000000000000E+00
    4.125000000000000E-01   -1.249999999999999E-03    1.000000000000000E+00
    4.166666666666667E-01   -1.249999999999999E-03    1.000000000000000E+00
    4.208333333333333E-01   -1.249999999999999E-03    1.000000000000000E+00
    4.250000000000000E-01   -1.249999999999999E-03    1.000000000000000E+00
    4.291666666666666E-01   -1.249999999999999E-03    1.000000000000000E+00
    4.333333333333333E-01   -1.249999999999999E-03    1.000000000000000E+00
    4.375000000000000E-01   -1.249999999999999E-03    1.000000000000000E+00
    4.416666666666667E-01   -1.249999999999999E-03    1.000000000000000E+00
    4.458333333333333E-01   -1.249999999999999E-03    1.000000000000000E+00
    4.500000000000000E-01   -1.249999999999999E-03    1.000000000000000E+00
    4.541666666666667E-01   -1.249999999999999E-03    1.000000000000000E+00
    4.583333333333333E-01   -1.249999999999999E-03    1.000000000000000E+00
    4.625000000000000E-01   -1.249999999999999E-03    1.000000000000000E+00
    4.666666666666667E-01   -1.249999999999999E-03    1.000000000000000E+00
    4.708333333333333E-01   -1.249999999999999E-03    1.000000000000000E+00
    4.750000000000000E-01   -1.249999999999999E-03    1.000000000000000E+00
    4.791666666666667E-01   -1.249999999999999E-03    1.000000000000000E+00
    4.833333333333333E-01   -1.249999999999999E-03    1.000000000000000E+00
    4.875000000000000E-01   -1.249999999999999E-03    1.000000000000000E+00
    4.916666666666666E-01   -1.249999999999999E-03    1.000000000000000E+00
    4.958333333333333E-01   -1.249999999999999E-03    1.000000000000000E+00
    5.000000000000000E-01   -1.249999999999999E-03    1.000000000000000E+00
    0.000000000000000E+00   -6.250000000000006E-04    1.000000000000000E+00
    4.166666666666667E-03   -6.250000000000006E-04    1.000000000000000E+00
    8.333333333333333E-03   -6.250000000000006E-04    1.000000000000000E+00
    1.250000000000000E-02   -6.250000000000006E-04    1.000000000000000E+00
    1.666666666666667E-02   -6.250000000000006E-04    1.000000000000000E+00
    2.083333333333333E-02   -6.250000000000006E-04    1.000000000000000E+00
    2.500000000000000E-02   -6.250000000000006E-04    1.000000000000000E+00
    2.916666666666667E-02   -6.250000000000006E-04    1.000000000000000E+00
    3.333333333333333E-02   -6.250000000000006E-04    1.000000000000000E+00
    3.750000000000000E-02   -6.250000000000006E-04    1.000000000000000E+00
    4.166666666666666E-02   -6.250000000000006E-04    1.000000000000000E+00
    4.583333333333333E-02   -6.250000000000006E-04    1.000000000000000E+00
    5.000000000000000E-02   -6.250000000000006E-04    1.000000000000000E+00
    5.416666666666667E-02   -6.250000000000006E-04    1.000000000000000E+00
    5.833333333333333E-02   -6.250000000000006E-04    1.000000000000000E+00
    6.250000000000000E-02   -6.250000000000006E-04    1.000000000000000E+00
    6.666666666666667E-02   -6.250000000000006E-04    1.000000000000000E+00
    7.083333333333333E-02   -6.250000000000006E-04    1.000000000000000E+00
    7.500000000000000E-02   -6.250000000000006E-04    1.000000000000000E+00
    7.916666666666666E-02   -6.250000000000006E-04    1.000000000000000E+00
    8.333333333333333E-02   -6.250000000000006E-04    1.000000000000000E+00
    8.749999999999999E-02   -6.250000000000006E-04    1.000000000000000E+00
    9.166666666666666E-02   -6.250000000000006E-04    1.000000000000000E+00
    9.583333333333333E-02   -6.250000000000006E-04    1.000000000000000E+00
    1.000000000000000E-01   -6.250000000000006E-04    1.000000000000000E+00
    1.041666666666667E-01   -6.250000000000006E-04    1.000000000000000E+00
    1.083333333333333E-01   -6.250000000000006E-04    1.000000000000000E+00
    1.125000000000000E-01   -6.250000000000006E-04    1.000000000000000E+00
    1.166666666666667E-01   -6.250000000000006E-04    1.000000000000000E+00
    1.208333333333333E-01   -6.250000000000006E-04    1.000000000000000E+00
    1.250000000000000E-01   -6.250000000000006E-04    1.000000000000000E+00
    1.291666666666667E-01   -6.250000000000006E-04    1.000000000000000E+00
    1.333333333333333E-01   -6.250000000000006E-04    1.000000000000000E+00
    1.375000000000000E-01   -6.250000000000006E-04    1.000000000000000E+00
    1.416666666666667E-01   -6.250000000000006E-04    1.000000000000000E+00
    1.458333333333333E-01   -6.250000000000006E-04    1.000000000000000E+00
    1.500000000000000E-01   -6.250000000000006E-04    1.000000000000000E+00
    1.541666666666667E-01   -6.250000000000006E-04    1.000000000000000E+00
    1.583333333333333E-01   -6.250000000000006E-04    1.000000000000000E+00
    1.625000000000000E-01   -6.250000000000006E-04    1.000000000000000E+00
    1.666666666666667E-01   -6.250000000000006E-04    1.000000000000000E+00
    1.708333333333333E-01   -6.250000000000006E-04    1.000000000000000E+00
    1.750000000000000E-01   -6.250000000000006E-04    1.000000000000000E+00
    1.791666666666667E-01   -6.250000000000006E-04    1.000000000000000E+00
    1.833333333333333E-01   -6.250000000000006E-04    1.000000000000000E+00
    1.875000000000000E-01   -6.250000000000006E-04    1.000000000000000E+00
    1.916666666666667E-01   -6.250000000000006E-04    1.000000000000000E+00
    1.958333333333333E-01   -6.250000000000006E-04    1.000000000000000E+00
    2.000000000000000E-01   -6.250000000000006E-04    1.000000000000000E+00
    2.041666666666667E-01   -6.250000000000006E-04    1.000000000000000E+00
    2.083333333333333E-01   -6.250000000000006E-04    1.000000000000000E+00
    2.125000000000000E-01   -6.250000000000006E-04    1.000000000000000E+00
    2.166666666666667E-01   -6.250000000000006E-04    1.000000000000000E+00
    2.208333333333333E-01   -6.250000000000006E-04    1.000000000000000E+00
    2.250000000000000E-01   -6.250000000000006E-04    1.000000000000000E+00
    2.291666666666667E-01   -6.250000000000006E-04    1.000000000000000E+00
    2.333333333333333E-01   -6.250000000000006E-04    1.000000000000000E+00
    2.375000000000000E-01   -6.250000000000006E-04    1.000000000000000E+00
    2.416666666666667E-01   -6.250000000000006E-04    1.000000000000000E+00
    2.458333333333333E-01   -6.250000000000006E-04    1.000000000000000E+00
    2.500000000000000E-01   -6.250000000000006E-04    1.000000000000000E+00
    2.541666666666667E-01   -6.250000000000006E-04    1.000000000000000E+00
    2.583333333333333E-01   -6.250000000000006E-04    1.000000000000000E+00
    2.625000000000000E-01   -6.250000000000006E-04    1.000000000000000E+00
    2.666666666666667E-01   -6.250000000000006E-04    1.000000000000000E+00
    2.708333333333333E-01   -6.250000000000006E-04    1.000000000000000E+00
    2.750000000000000E-01   -6.250000000000006E-04    1.000000000000000E+00
    2.791666666666667E-01   -6.250000000000006E-04    1.000000000000000E+00
    2.833333333333333E-01   -6.250000000000006E-04    1.000000000000000E+00
    2.875000000000000E-01   -6.250000000000006E-04    1.000000000000000E+00
    2.916666666666667E-01   -6.250000000000006E-04    1.000000000000000E+00
    2.958333333333333E-01   -6.250000000000006E-04    1.000000000000000E+00
    3.000000000000000E-01   -6.250000000000006E-04    1.000000000000000E+00
    3.041666666666666E-01   -6.250000000000006E-04    1.000000000000000E+00
    3.083333333333333E-01   -6.250000000000006E-04    1.000000000000000E+00
    3.125000000000000E-01   -6.250000000000006E-04    1.000000000000000E+00
    3.166666666666667E-01   -6.250000000000006E-04    1.000000000000000E+00
    3.208333333333333E-01   -6.250000000000006E-04    1.000000000000000E+00
    3.250000000000000E-01   -6.250000000000006E-04    1.000000000000000E+00
    3.291666666666667E-01   -6.250000000000006E-04    1.000000000000000E+00
    3.333333333333333E-01   -6.250000000000006E-04    1.000000000000000E+00
    3.375000000000000E-01   -6.250000000000006E-04    1.000000000000000E+00
    3.416666666666667E-01   -6.250000000000006E-04    1.000000000000000E+00
    3.458333333333333E-01   -6.250000000000006E-04    1.000000000000000E+00
    3.500000000000000E-01   -6.250000000000006E-04    1.000000000000000E+00
    3.541666666666667E-01   -6.250000000000006E-04    1.000000000000000E+00
    3.583333333333333E-01   -6.250000000000006E-04    1.000000000000000E+00
    3.625000000000000E-01   -6.250000000000006E-04    1.000000000000000E+00
    3.666666666666666E-01   -6.250000000000006E-04    1.000000000000000E+00
    3.708333333333333E-01   -6.250000000000006E-04    1.000000000000000E+00
    3.750000000000000E-01   -6.250000000000006E-04    1.000000000000000E+00
    3.791666666666667E-01   -6.250000000000006E-04    1.000000000000000E+00
    3.833333333333333E-01   -6.250000000000006E-04    1.000000000000000E+00
    3.875000000000000E-01   -6.250000000000006E-04    1.000000000000000E+00
    3.916666666666667E-01   -6.250000000000006E-04    1.000000000000000E+00
    3.958333333333333E-01   -6.250000000000006E-04    1.000000000000000E+00
    4.000000000000000E-01   -6.250000000000006E-04    1.000000000000000E+00
    4.041666666666667E-01   -6.250000000000006E-04    1.000000000000000E+00
    4.083333333333333E-01   -6.250000000000006E-04    1.000000000000000E+00
    4.125000000000000E-01   -6.250000000000006E-04    1.000000000000000E+00
    4.166666666666667E-01   -6.250000000000006E-04    1.000000000000000E+00
    4.208333333333333E-01   -6.250000000000006E-04    1.000000000000000E+00
    4.250000000000000E-01   -6.250000000000006E-04    1.000000000000000E+00
    4.291666666666666E-01   -6.250000000000006E-04    1.000000000000000E+00
    4.333333333333333E-01   -6.250000000000006E-04    1.000000000000000E+00
    4.375000000000000E-01   -6.250000000000006E-04    1.000000000000000E+00
    4.416666666666667E-01   -6.250000000000006E-04    1.000000000000000E+00
    4.458333333333333E-01   -6.250000000000006E-04    1.000000000000000E+00
    4.500000000000000E-01   -6.250000000000006E-04    1.000000000000000E+00
    4.541666666666667E-01   -6.250000000000006E-04    1.000000000000000E+00
    4.583333333333333E-01   -6.250000000000006E-04    1.000000000000000E+00
    4.625000000000000E-01   -6.250000000000006E-04    1.000000000000000E+00
    4.666666666666667E-01   -6.250000000000006E-04    1.000000000000000E+00
    4.708333333333333E-01   -6.250000000000006E-04    1.000000000000000E+00
    4.750000000000000E-01   -6.250000000000006E-04    1.000000000000000E+00
    4.791666666666667E-01   -6.250000000000006E-04    1.000000000000000E+00
    4.833333333333333E-01   -6.250000000000006E-04    1.000000000000000E+00
    4.875000000000000E-01   -6.250000000000006E-04    1.000000000000000E+00
    4.916666666666666E-01   -6.250000000000006E-04    1.000000000000000E+00
    4.958333333333333E-01   -6.250000000000006E-04    1.000000000000000E+00
    5.000000000000000E-01   -6.250000000000006E-04    1.000000000000000E+00
    0.000000000000000E+00    0.000000000000000E+00    1.000000000000000E+00
    4.166666666666667E-03    0.000000000000000E+00    1.000000000000000E+00
    8.333333333333333E-03    0.000000000000000E+00    1.000000000000000E+00
    1.250000000000000E-02    0.000000000000000E+00    1.000000000000000E+00
    1.666666666666667E-02    0.000000000000000E+00    1.000000000000000E+00
    2.083333333333333E-02    0.000000000000000E+00    1.000000000000000E+00
    2.500000000000000E-02    0.000000000000000E+00    1.000000000000000E+00
    2.916666666666667E-02    0.000000000000000E+00    1.000000000000000E+00
    3.333333333333333E-02    0.000000000000000E+00    1.000000000000000E+00
    3.750000000000000E-02    0.000000000000000E+00    1.000000000000000E+00
    4.166666666666666E-02    0.000000000000000E+00    1.000000000000000E+00
    4.583333333333333E-02    0.000000000000000E+00    1.000000000000000E+00
    5.000000000000000E-02    0.000000000000000E+00    1.000000000000000E+00
    5.416666666666667E-02    0.000000000000000E+00    1.000000000000000E+00
    5.833333333333333E-02    0.000000000000000E+00    1.000000000000000E+00
    6.250000000000000E-02    0.000000000000000E+00    1.000000000000000E+00
    6.666666666666667E-02    0.000000000000000E+00    1.000000000000000E+00
    7.083333333333333E-02    0.000000000000000E+00    1.000000000000000E+00
    7.500000000000000E-02    0.000000000000000E+00    1.000000000000000E+00
    7.916666666666666E-02    0.000000000000000E+00    1.000000000000000E+00
    8.333333333333333E-02    0.000000000000000E+00    1.000000000000000E+00
    8.749999999999999E-02    0.000000000000000E+00    1.000000000000000E+00
    9.166666666666666E-02    0.000000000000000E+00    1.000000000000000E+00
    9.583333333333333E-02    0.000000000000000E+00    1.000000000000000E+00
    1.000000000000000E-01    0.000000000000000E+00    1.000000000000000E+00
    1.041666666666667E-01    0.000000000000000E+00    1.000000000000000E+00
    1.083333333333333E-01    0.000000000000000E+00    1.000000000000000E+00
    1.125000000000000E-01    0.000000000000000E+00    1.000000000000000E+00
    1.166666666666667E-01    0.000000000000000E+00    1.000000000000000E+00
    1.208333333333333E-01    0.000000000000000E+00    1.000000000000000E+00
    1.250000000000000E-01    0.000000000000000E+00    1.000000000000000E+00
    1.291666666666667E-01    0.000000000000000E+00    1.000000000000000E+00
    1.333333333333333E-01    0.000000000000000E+00    1.000000000000000E+00
    1.375000000000000E-01    0.000000000000000E+00    1.000000000000000E+00
    1.416666666666667E-01    0.000000000000000E+00    1.000000000000000E+00
    1.458333333333333E-01    0.000000000000000E+00    1.000000000000000E+00
    1.500000000000000E-01    0.000000000000000E+00    1.000000000000000E+00
    1.541666666666667E-01    0.000000000000000E+00    1.000000000000000E+00
    1.583333333333333E-01    0.000000000000000E+00    1.000000000000000E+00
    1.625000000000000E-01    0.000000000000000E+00    1.000000000000000E+00
    1.666666666666667E-01    0.000000000000000E+00    1.000000000000000E+00
    1.708333333333333E-01    0.000000000000000E+00    1.000000000000000E+00
    1.750000000000000E-01    0.000000000000000E+00    1.000000000000000E+00
    1.791666666666667E-01    0.000000000000000E+00    1.000000000000000E+00
    1.833333333333333E-01    0.000000000000000E+00    1.000000000000000E+00
    1.875000000000000E-01    0.000000000000000E+00    1.000000000000000E+00
    1.916666666666667E-01    0.000000000000000E+00    1.000000000000000E+00
    1.958333333333333E-01    0.000000000000000E+00    1.000000000000000E+00
    2.000000000000000E-01    0.000000000000000E+00    1.000000000000000E+00
    2.041666666666667E-01    0.000000000000000E+00    1.000000000000000E+00
    2.083333333333333E-01    0.000000000000000E+00    1.000000000000000E+00
    2.125000000000000E-01    0.000000000000000E+00    1.000000000000000E+00
    2.166666666666667E-01    0.000000000000000E+00    1.000000000000000E+00
    2.208333333333333E-01    0.000000000000000E+00    1.000000000000000E+00
    2.250000000000000E-01    0.000000000000000E+00    1.000000000000000E+00
    2.291666666666667E-01    0.000000000000000E+00    1.000000000000000E+00
    2.333333333333333E-01    0.000000000000000E+00    1.000000000000000E+00
    2.375000000000000E-01    0.000000000000000E+00    1.000000000000000E+00
    2.416666666666667E-01    0.000000000000000E+00    1.000000000000000E+00
    2.458333333333333E-01    0.000000000000000E+00    1.000000000000000E+00
    2.500000000000000E-01    0.000000000000000E+00    1.000000000000000E+00
    2.541666666666667E-01    0.000000000000000E+00    1.000000000000000E+00
    2.583333333333333E-01    0.000000000000000E+00    1.000000000000000E+00
    2.625000000000000E-01    0.000000000000000E+00    1.000000000000000E+00
    2.666666666666667E-01    0.000000000000000E+00    1.000000000000000E+00
    2.708333333333333E-01    0.000000000000000E+00    1.000000000000000E+00
    2.750000000000000E-01    0.000000000000000E+00    1.000000000000000E+00
    2.791666666666667E-01    0.000000000000000E+00    1.000000000000000E+00
    2.833333333333333E-01    0.000000000000000E+00    1.000000000000000E+00
    2.875000000000000E-01    0.000000000000000E+00    1.000000000000000E+00
    2.916666666666667E-01    0.000000000000000E+00    1.000000000000000E+00
    2.958333333333333E-01    0.000000000000000E+00    1.000000000000000E+00
    3.000000000000000E-01    0.000000000000000E+00    1.000000000000000E+00
    3.041666666666666E-01    0.000000000000000E+00    1.000000000000000E+00
    3.083333333333333E-01    0.000000000000000E+00    1.000000000000000E+00
    3.125000000000000E-01    0.000000000000000E+00    1.000000000000000E+00
    3.166666666666667E-01    0.000000000000000E+00    1.000000000000000E+00
    3.208333333333333E-01    0.000000000000000E+00    1.000000000000000E+00
    3.250000000000000E-01    0.000000000000000E+00    1.000000000000000E+00
    3.291666666666667E-01    0.000000000000000E+00    1.000000000000000E+00
    3.333333333333333E-01    0.000000000000000E+00    1.000000000000000E+00
    3.375000000000000E-01    0.000000000000000E+00    1.000000000000000E+00
    3.416666666666667E-01    0.000000000000000E+00    1.000000000000000E+00
    3.458333333333333E-01    0.000000000000000E+00    1.000000000000000E+00
    3.500000000000000E-01    0.000000000000000E+00    1.000000000000000E+00
    3.541666666666667E-01    0.000000000000000E+00    1.000000000000000E+00
    3.583333333333333E-01    0.000000000000000E+00    1.000000000000000E+00
    3.625000000000000E-01    0.000000000000000E+00    1.000000000000000E+00
    3.666666666666666E-01    0.000000000000000E+00    1.000000000000000E+00
    3.708333333333333E-01    0.000000000000000E+00    1.000000000000000E+00
    3.750000000000000E-01    0.000000000000000E+00    1.000000000000000E+00
    3.791666666666667E-01    0.000000000000000E+00    1.000000000000000E+00
    3.833333333333333E-01    0.000000000000000E+00    1.000000000000000E+00
    3.875000000000000E-01    0.000000000000000E+00    1.000000000000000E+00
    3.916666666666667E-01    0.000000000000000E+00    1.000000000000000E+00
    3.958333333333333E-01    0.000000000000000E+00    1.000000000000000E+00
    4.000000000000000E-01    0.000000000000000E+00    1.000000000000000E+00
    4.041666666666667E-01    0.000000000000000E+00    1.000000000000000E+00
    4.083333333333333E-01    0.000000000000000E+00    1.000000000000000E+00
    4.125000000000000E-01    0.000000000000000E+00    1.000000000000000E+00
    4.166666666666667E-01    0.000000000000000E+00    1.000000000000000E+00
    4.208333333333333E-01    0.000000000000000E+00    1.000000000000000E+00
    4.250000000000000E-01    0.000000000000000E+00    1.000000000000000E+00
    4.291666666666666E-01    0.000000000000000E+00    1.000000000000000E+00
    4.333333333333333E-01    0.000000000000000E+00    1.000000000000000E+00
    4.375000000000000E-01    0.000000000000000E+00    1.000000000000000E+00
    4.416666666666667E-01    0.000000000000000E+00    1.000000000000000E+00
    4.458333333333333E-01    0.000000000000000E+00    1.000000000000000E+00
    4.500000000000000E-01    0.000000000000000E+00    1.000000000000000E+00
    4.541666666666667E-01    0.000000000000000E+00    1.000000000000000E+00
    4.583333333333333E-01    0.000000000000000E+00    1.000000000000000E+00
    4.625000000000000E-01    0.000000000000000E+00    1.000000000000000E+00
    4.666666666666667E-01    0.000000000000000E+00    1.000000000000000E+00
    4.708333333333333E-01    0.000000000000000E+00    1.000000000000000E+00
    4.750000000000000E-01    0.000000000000000E+00    1.000000000000000E+00
    4.791666666666667E-01    0.000000000000000E+00    1.000000000000000E+00
    4.833333333333333E-01    0.000000000000000E+00    1.000000000000000E+00
    4.875000000000000E-01    0.000000000000000E+00    1.000000000000000E+00
    4.916666666666666E-01    0.000000000000000E+00    1.000000000000000E+00
    4.958333333333333E-01    0.000000000000000E+00    1.000000000000000E+00
    5.000000000000000E-01    0.000000000000000E+00    1.000000000000000E+00
CELL_DATA         1920
SCALARS temperature double 1
LOOKUP_TABLE default
    3.000000000000001E+02
    3.000000000000001E+02
    3.000000000000000E+02
    2.999999999999998E+02
    2.999999999999998E+02
    3.000000000000000E+02
    2.999999999999998E+02
    2.999999999999998E+02
    2.999999999999998E+02
    2.999999999999998E+02
    2.999999999999998E+02
    3.000000000000003E+02
    2.999999999999999E+02
    2.999999999999998E+02
    2.999999999999998E+02
    2.999999999999998E+02
    2.999999999999998E+02
    2.999999999999999E+02
    2.999999999999999E+02
    2.999999999999998E+02
    2.999999999999998E+02
    2.999999999999998E+02
    2.999999999999998E+02
    2.999999999999996E+02
    2.999999999999998E+02
    3.000000000000000E+02
    2.999999999999998E+02
    2.999999999999998E+02
    2.999999999999998E+02
    2.999999999999999E+02
    3.000000000000012E+02
    3.000000000000005E+02
    3.000000000000000E+02
    2.999999999999998E+02
    3.000000000000000E+02
    3.000000000000002E+02
    3.000000000000000E+02
    2.999999999999998E+02
    3.000000000000000E+02
    2.999999999999999E+02
    3.000000000000000E+02
    2.999999999999998E+02
    3.000000000000000E+02
    2.999999999999999E+02
    3.000000000000000E+02
    3.000000000000012E+02
    2.999999999999997E+02
    3.000000000000000E+02
    2.999999999999999E+02
    3.000000000000000E+02
    3.000000000000000E+02
    3.000000000000000E+02
    2.999999999999998E+02
    3.000000000000001E+02
    3.000000000000001E+02
    3.000000000000000E+02
    2.999999999999997E+02
    3.000000000000000E+02
    2.999999999999998E+02
    3.000000000000000E+02
    3.000000000000001E+02
    2.999999999999999E+02
    3.000000000000002E+02
    2.999999999999998E+02
    3.000000000000001E+02
    3.000000000000003E+02
    3.000000000000001E+02
    3.000000000000001E+02
    3.000000000000001E+02
    3.000000000000005E+02
    2.999999999999998E+02
    2.999999999999999E+02
    2.999999999999998E+02
    3.000000000000002E+02
    3.000000000000001E+02
    3.000000000000001E+02
    2.999999999999998E+02
    3.000000000000002E+02
    2.999999999999999E+02
    3.000000000000001E+02
    3.000000000000003E+02
    3.000000000000001E+02
    3.000000000000001E+02
    3.000000000000001E+02
    3.000000000000005E+02
    3.000000000000001E+02
    2.999999999999999E+02
    3.000000000000000E+02
    3.000000000000002E+02
    3.000000000000001E+02
    3.000000000000001E+02
    2.999999999999998E+02
    3.000000000000002E+02
    2.999999999999998E+02
    3.000000000000001E+02
    3.000000000000003E+02
    3.000000000000011E+02
    3.000000000000011E+02
    3.000000000000011E+02
    3.000000000000005E+02
    2.999999999999998E+02
    3.000000000000001E+02
    3.000000000000000E+02
    3.000000000000003E+02
    3.000000000000010E+02
    3.000000000000011E+02
    3.000000000000002E+02
    3.000000000000002E+02
    3.000000000000001E+02
    3.000000000000004E+02
    3.000000000000011E+02
    3.000000000000007E+02
    3.000000000000010E+02
    3.000000000000004E+02
    3.000000000000003E+02
    2.999999999999998E+02
    3.000000000000001E+02
    3.000000000000000E+02
    3.000000000000003E+02
    3.000000000000010E+02
    3.000000000000002E+02
    3.000000000000002E+02
    3.000000000000000E+02
    2.999999999999998E+02
    2.999999999999998E+02
    3.000000000000000E+02
    2.999999999999998E+02
    2.999999999999998E+02
    2.999999999999998E+02
    2.999999999999998E+02
    2.999999999999998E+02
    3.000000000000003E+02
    2.999999999999999E+02
    2.999999999999998E+02
    2.999999999999998E+02
    2.999999999999998E+02
    2.999999999999998E+02
    2.999999999999999E+02
    2.999999999999999E+02
    2.999999999999998E+02
    2.999999999999998E+02
    2.999999999999998E+02
    2.999999999999998E+02
    2.999999999999996E+02
    2.999999999999998E+02
    3.000000000000001E+02
    2.999999999999998E+02
    2.999999999999998E+02
    2.999999999999998E+02
    2.999999999999999E+02
    3.000000000000012E+02
    3.000000000000004E+02
    2.999999999999999E+02
    2.999999999999998E+02
    3.000000000000000E+02
    3.000000000000002E+02
    2.999999999999999E+02
    2.999999999999998E+02
    2.999999999999999E+02
    2.999999999999999E+02
    3.000000000000000E+02
    2.999999999999998E+02
    2.999999999999999E+02
    2.999999999999999E+02
    3.000000000000000E+02
    3.000000000000012E+02
    2.999999999999998E+02
    3.000000000000001E+02
    2.999999999999999E+02
    3.000000000000001E+02
    3.000000000000000E+02
    2.999999999999999E+02
    2.999999999999999E+02
    3.000000000000001E+02
    3.000000000000001E+02
    3.000000000000001E+02
    2.999999999999998E+02
    3.000000000000000E+02
    2.999999999999998E+02
    3.000000000000000E+02
    3.000000000000001E+02
    2.999999999999999E+02
    3.000000000000002E+02
    3.000000000000000E+02
    3.000000000000001E+02
    3.000000000000002E+02
    3.000000000000001E+02
    3.000000000000001E+02
    3.000000000000001E+02
    3.000000000000006E+02
    2.999999999999999E+02
    3.000000000000000E+02
    2.999999999999999E+02
    3.000000000000002E+02
    3.000000000000001E+02
    3.000000000000001E+02
    2.999999999999999E+02
    3.000000000000002E+02
    2.999999999999999E+02
    3.000000000000001E+02
    3.000000000000002E+02
    3.000000000000001E+02
    3.000000000000001E+02
    3.000000000000001E+02
    3.000000000000006E+02
    3.000000000000001E+02
    2.999999999999999E+02
    3.000000000000000E+02
    3.000000000000002E+02
    3.000000000000001E+02
    3.000000000000001E+02
    2.999999999999999E+02
    3.000000000000002E+02
    2.999999999999999E+02
    3.000000000000001E+02
    3.000000000000003E+02
    3.000000000000011E+02
    3.000000000000011E+02
    3.000000000000011E+02
    3.000000000000004E+02
    3.000000000000000E+02
    3.000000000000001E+02
    3.000000000000000E+02
    3.000000000000003E+02
    3.000000000000011E+02
    3.000000000000011E+02
    3.000000000000003E+02
    3.000000000000002E+02
    3.000000000000001E+02
    3.000000000000004E+02
    3.000000000000011E+02
    3.000000000000007E+02
    3.000000000000011E+02
    3.000000000000004E+02
    3.000000000000003E+02
    3.000000000000000E+02
    3.000000000000001E+02
    3.000000000000000E+02
    3.000000000000003E+02
    3.000000000000010E+02
    3.000000000000002E+02
    3.000000000000002E+02
    2.999999999999999E+02
    2.999999999999998E+02
    2.999999999999998E+02
    2.999999999999998E+02
    2.999999999999998E+02
    2.999999999999998E+02
    2.999999999999998E+02
    2.999999999999998E+02
    2.999999999999998E+02
    3.000000000000003E+02
    2.999999999999998E+02
    2.999999999999998E+02
    2.999999999999998E+02
    2.999999999999998E+02
    2.999999999999998E+02
    2.999999999999998E+02
    2.999999999999998E+02
    2.999999999999998E+02
    2.999999999999998E+02
    2.999999999999998E+02
    2.999999999999998E+02
    2.999999999999997E+02
    2.999999999999998E+02
    3.000000000000001E+02
    2.999999999999998E+02
    2.999999999999998E+02
    2.999999999999998E+02
    2.999999999999998E+02
    3.000000000000013E+02
    3.000000000000003E+02
    2.999999999999999E+02
    2.999999999999998E+02
    3.000000000000001E+02
    3.000000000000003E+02
    2.999999999999999E+02
    2.999999999999998E+02
    2.999999999999999E+02
    3.000000000000001E+02
    3.000000000000001E+02
    2.999999999999998E+02
    3.000000000000001E+02
    3.000000000000001E+02
    3.000000000000001E+02
    3.000000000000013E+02
    2.999999999999998E+02
    3.000000000000001E+02
    3.000000000000000E+02
    3.000000000000001E+02
    3.000000000000001E+02
    3.000000000000001E+02
    2.999999999999999E+02
    3.000000000000001E+02
    3.000000000000002E+02
    3.000000000000001E+02
    2.999999999999998E+02
    3.000000000000001E+02
    2.999999999999998E+02
    3.000000000000001E+02
    3.000000000000002E+02
    3.000000000000000E+02
    3.000000000000002E+02
    2.999999999999999E+02
    3.000000000000002E+02
    3.000000000000003E+02
    3.000000000000002E+02
    3.000000000000002E+02
    3.000000000000002E+02
    3.000000000000005E+02
    3.000000000000000E+02
    3.000000000000001E+02
    2.999999999999999E+02
    3.000000000000002E+02
    3.000000000000002E+02
    3.000000000000002E+02
    2.999999999999999E+02
    3.000000000000002E+02
    3.000000000000000E+02
    3.000000000000002E+02
    3.000000000000003E+02
    3.000000000000002E+02
    3.000000000000002E+02
    3.000000000000002E+02
    3.000000000000005E+02
    3.000000000000002E+02
    3.000000000000000E+02
    3.000000000000000E+02
    3.000000000000002E+02
    3.000000000000002E+02
    3.000000000000002E+02
    2.999999999999999E+02
    3.000000000000002E+02
    2.999999999999999E+02
    3.000000000000002E+02
    3.000000000000004E+02
    3.000000000000012E+02
    3.000000000000011E+02
    3.000000000000012E+02
    3.000000000000004E+02
    3.000000000000001E+02
    3.000000000000002E+02
    3.000000000000000E+02
    3.000000000000003E+02
    3.000000000000012E+02
    3.000000000000012E+02
    3.000000000000003E+02
    3.000000000000002E+02
    3.000000000000002E+02
    3.000000000000005E+02
    3.000000000000011E+02
    3.000000000000008E+02
    3.000000000000010E+02
    3.000000000000005E+02
    3.000000000000003E+02
    3.000000000000001E+02
    3.000000000000002E+02
    3.000000000000000E+02
    3.000000000000003E+02
    3.000000000000011E+02
    3.000000000000002E+02
    3.000000000000002E+02
    2.999999999999999E+02
    2.999999999999998E+02
    2.999999999999997E+02
    2.999999999999997E+02
    2.999999999999997E+02
    2.999999999999997E+02
    2.999999999999997E+02
    2.999999999999998E+02
    2.999999999999998E+02
    3.000000000000002E+02
    2.999999999999998E+02
    2.999999999999997E+02
    2.999999999999998E+02
    2.999999999999997E+02
    2.999999999999997E+02
    2.999999999999997E+02
    2.999999999999997E+02
    2.999999999999997E+02
    2.999999999999997E+02
    2.999999999999997E+02
    2.999999999999998E+02
    2.999999999999997E+02
    2.999999999999998E+02
    3.000000000000001E+02
    2.999999999999997E+02
    2.999999999999997E+02
    2.999999999999998E+02
    2.999999999999998E+02
    3.000000000000013E+02
    3.000000000000003E+02
    3.000000000000001E+02
    2.999999999999999E+02
    3.000000000000002E+02
    3.000000000000004E+02
    3.000000000000001E+02
    2.999999999999999E+02
    3.000000000000001E+02
    3.000000000000002E+02
    3.000000000000002E+02
    2.999999999999999E+02
    3.000000000000002E+02
    3.000000000000002E+02
    3.000000000000002E+02
    3.000000000000013E+02
    2.999999999999999E+02
    3.000000000000001E+02
    3.000000000000001E+02
    3.000000000000001E+02
    3.000000000000001E+02
    3.000000000000002E+02
    3.000000000000000E+02
    3.000000000000002E+02
    3.000000000000003E+02
    3.000000000000001E+02
    2.999999999999998E+02
    3.000000000000002E+02
    2.999999999999999E+02
    3.000000000000001E+02
    3.000000000000003E+02
    3.000000000000001E+02
    3.000000000000002E+02
    2.999999999999999E+02
    3.000000000000003E+02
    3.000000000000003E+02
    3.000000000000003E+02
    3.000000000000003E+02
    3.000000000000003E+02
    3.000000000000006E+02
    3.000000000000001E+02
    3.000000000000001E+02
    2.999999999999999E+02
    3.000000000000002E+02
    3.000000000000003E+02
    3.000000000000003E+02
    2.999999999999999E+02
    3.000000000000002E+02
    3.000000000000001E+02
    3.000000000000004E+02
    3.000000000000003E+02
    3.000000000000003E+02
    3.000000000000003E+02
    3.000000000000003E+02
    3.000000000000006E+02
    3.000000000000003E+02
    3.000000000000001E+02
    3.000000000000000E+02
    3.000000000000002E+02
    3.000000000000003E+02
    3.000000000000003E+02
    2.999999999999999E+02
    3.000000000000002E+02
    2.999999999999999E+02
    3.000000000000003E+02
    3.000000000000004E+02
    3.000000000000013E+02
    3.000000000000012E+02
    3.000000000000013E+02
    3.000000000000006E+02
    3.000000000000003E+02
    3.000000000000003E+02
    3.000000000000000E+02
    3.000000000000003E+02
    3.000000000000013E+02
    3.000000000000013E+02
    3.000000000000006E+02
    3.000000000000002E+02
    3.000000000000003E+02
    3.000000000000006E+02
    3.000000000000011E+02
    3.000000000000009E+02
    3.000000000000011E+02
    3.000000000000006E+02
    3.000000000000005E+02
    3.000000000000003E+02
    3.000000000000003E+02
    3.000000000000000E+02
    3.000000000000003E+02
    3.000000000000012E+02
    3.000000000000002E+02
    3.000000000000002E+02
    3.000000000000000E+02
    2.999999999999998E+02
    2.999999999999997E+02
    2.999999999999996E+02
    2.999999999999997E+02
    2.999999999999997E+02
    2.999999999999997E+02
    2.999999999999998E+02
    2.999999999999998E+02
    3.000000000000001E+02
    2.999999999999997E+02
    2.999999999999997E+02
    2.999999999999998E+02
    2.999999999999997E+02
    2.999999999999997E+02
    2.999999999999997E+02
    2.999999999999997E+02
    2.999999999999997E+02
    2.999999999999997E+02
    2.999999999999997E+02
    2.999999999999998E+02
    2.999999999999997E+02
    2.999999999999999E+02
    3.000000000000001E+02
    2.999999999999997E+02
    2.999999999999997E+02
    2.999999999999998E+02
    2.999999999999998E+02
    3.000000000000013E+02
    3.000000000000003E+02
    3.000000000000002E+02
    2.999999999999999E+02
    3.000000000000004E+02
    3.000000000000006E+02
    3.000000000000002E+02
    2.999999999999999E+02
    3.000000000000002E+02
    3.000000000000002E+02
    3.000000000000004E+02
    2.999999999999999E+02
    3.000000000000002E+02
    3.000000000000002E+02
    3.000000000000003E+02
    3.000000000000013E+02
    3.000000000000001E+02
    3.000000000000002E+02
    3.000000000000002E+02
    3.000000000000002E+02
    3.000000000000000E+02
    3.000000000000003E+02
    3.000000000000002E+02
    3.000000000000004E+02
    3.000000000000005E+02
    3.000000000000002E+02
    2.999999999999998E+02
    3.000000000000002E+02
    2.999999999999999E+02
    3.000000000000002E+02
    3.000000000000005E+02
    3.000000000000002E+02
    3.000000000000001E+02
    3.000000000000000E+02
    3.000000000000005E+02
    3.000000000000003E+02
    3.000000000000005E+02
    3.000000000000005E+02
    3.000000000000006E+02
    3.000000000000007E+02
    3.000000000000003E+02
    3.000000000000002E+02
    3.000000000000000E+02
    3.000000000000001E+02
    3.000000000000005E+02
    3.000000000000005E+02
    3.000000000000001E+02
    3.000000000000002E+02
    3.000000000000002E+02
    3.000000000000005E+02
    3.000000000000003E+02
    3.000000000000005E+02
    3.000000000000005E+02
    3.000000000000006E+02
    3.000000000000007E+02
    3.000000000000005E+02
    3.000000000000002E+02
    3.000000000000000E+02
    3.000000000000002E+02
    3.000000000000005E+02
    3.000000000000005E+02
    3.000000000000001E+02
    3.000000000000001E+02
    3.000000000000000E+02
    3.000000000000005E+02
    3.000000000000003E+02
    3.000000000000012E+02
    3.000000000000013E+02
    3.000000000000013E+02
    3.000000000000007E+02
    3.000000000000005E+02
    3.000000000000005E+02
    3.000000000000000E+02
    3.000000000000002E+02
    3.000000000000013E+02
    3.000000000000013E+02
    3.000000000000008E+02
    3.000000000000002E+02
    3.000000000000005E+02
    3.000000000000006E+02
    3.000000000000012E+02
    3.000000000000009E+02
    3.000000000000012E+02
    3.000000000000006E+02
    3.000000000000006E+02
    3.000000000000005E+02
    3.000000000000005E+02
    3.000000000000000E+02
    3.000000000000002E+02
    3.000000000000013E+02
    3.000000000000002E+02
    3.000000000000002E+02
    3.000000000000000E+02
    2.999999999999998E+02
    2.999999999999997E+02
    2.999999999999995E+02
    2.999999999999997E+02
    2.999999999999997E+02
    2.999999999999997E+02
    2.999999999999998E+02
    2.999999999999998E+02
    3.000000000000000E+02
    2.999999999999997E+02
    2.999999999999997E+02
    2.999999999999998E+02
    2.999999999999997E+02
    2.999999999999997E+02
    2.999999999999997E+02
    2.999999999999997E+02
    2.999999999999997E+02
    2.999999999999997E+02
    2.999999999999997E+02
    2.999999999999998E+02
    2.999999999999997E+02
    3.000000000000001E+02
    3.000000000000001E+02
    2.999999999999997E+02
    2.999999999999997E+02
    2.999999999999998E+02
    2.999999999999998E+02
    3.000000000000013E+02
    3.000000000000004E+02
    3.000000000000003E+02
    2.999999999999999E+02
    3.000000000000005E+02
    3.000000000000007E+02
    3.000000000000003E+02
    2.999999999999999E+02
    3.000000000000003E+02
    3.000000000000002E+02
    3.000000000000005E+02
    2.999999999999999E+02
    3.000000000000003E+02
    3.000000000000002E+02
    3.000000000000004E+02
    3.000000000000013E+02
    3.000000000000003E+02
    3.000000000000003E+02
    3.000000000000003E+02
    3.000000000000003E+02
    3.000000000000000E+02
    3.000000000000003E+02
    3.000000000000005E+02
    3.000000000000006E+02
    3.000000000000007E+02
    3.000000000000003E+02
    2.999999999999998E+02
    3.000000000000003E+02
    2.999999999999999E+02
    3.000000000000003E+02
    3.000000000000007E+02
    3.000000000000003E+02
    3.000000000000001E+02
    3.000000000000001E+02
    3.000000000000007E+02
    3.000000000000002E+02
    3.000000000000007E+02
    3.000000000000007E+02
    3.000000000000007E+02
    3.000000000000009E+02
    3.000000000000006E+02
    3.000000000000003E+02
    3.000000000000000E+02
    3.000000000000001E+02
    3.000000000000007E+02
    3.000000000000007E+02
    3.000000000000002E+02
    3.000000000000002E+02
    3.000000000000002E+02
    3.000000000000007E+02
    3.000000000000002E+02
    3.000000000000007E+02
    3.000000000000007E+02
    3.000000000000007E+02
    3.000000000000009E+02
    3.000000000000007E+02
    3.000000000000003E+02
    3.000000000000000E+02
    3.000000000000001E+02
    3.000000000000007E+02
    3.000000000000007E+02
    3.000000000000002E+02
    3.000000000000002E+02
    3.000000000000001E+02
    3.000000000000007E+02
    3.000000000000003E+02
    3.000000000000012E+02
    3.000000000000013E+02
    3.000000000000013E+02
    3.000000000000009E+02
    3.000000000000007E+02
    3.000000000000007E+02
    3.000000000000000E+02
    3.000000000000002E+02
    3.000000000000014E+02
    3.000000000000013E+02
    3.000000000000010E+02
    3.000000000000002E+02
    3.000000000000007E+02
    3.000000000000007E+02
    3.000000000000013E+02
    3.000000000000009E+02
    3.000000000000013E+02
    3.000000000000007E+02
    3.000000000000007E+02
    3.000000000000007E+02
    3.000000000000007E+02
    3.000000000000000E+02
    3.000000000000002E+02
    3.000000000000014E+02
    3.000000000000002E+02
    3.000000000000002E+02
    3.000000000000000E+02
    2.999999999999998E+02
    2.999999999999997E+02
    2.999999999999995E+02
    2.999999999999997E+02
    2.999999999999997E+02
    2.999999999999997E+02
    2.999999999999998E+02
    2.999999999999998E+02
    2.999999999999999E+02
    2.999999999999997E+02
    2.999999999999997E+02
    2.999999999999998E+02
    2.999999999999997E+02
    2.999999999999997E+02
    2.999999999999997E+02
    2.999999999999997E+02
    2.999999999999997E+02
    2.999999999999997E+02
    2.999999999999997E+02
    2.999999999999998E+02
    2.999999999999997E+02
    3.000000000000000E+02
    3.000000000000001E+02
    2.999999999999997E+02
    2.999999999999997E+02
    2.999999999999998E+02
    2.999999999999998E+02
    3.000000000000013E+02
    3.000000000000004E+02
    3.000000000000003E+02
    2.999999999999999E+02
    3.000000000000005E+02
    3.000000000000009E+02
    3.000000000000003E+02
    2.999999999999999E+02
    3.000000000000003E+02
    3.000000000000002E+02
    3.000000000000004E+02
    2.999999999999999E+02
    3.000000000000003E+02
    3.000000000000002E+02
    3.000000000000004E+02
    3.000000000000013E+02
    3.000000000000003E+02
    3.000000000000003E+02
    3.000000000000003E+02
    3.000000000000003E+02
    3.000000000000001E+02
    3.000000000000003E+02
    3.000000000000006E+02
    3.000000000000005E+02
    3.000000000000009E+02
    3.000000000000003E+02
    2.999999999999998E+02
    3.000000000000003E+02
    2.999999999999999E+02
    3.000000000000003E+02
    3.000000000000009E+02
    3.000000000000003E+02
    3.000000000000002E+02
    3.000000000000001E+02
    3.000000000000009E+02
    3.000000000000002E+02
    3.000000000000009E+02
    3.000000000000009E+02
    3.000000000000009E+02
    3.000000000000010E+02
    3.000000000000007E+02
    3.000000000000003E+02
    3.000000000000000E+02
    3.000000000000002E+02
    3.000000000000009E+02
    3.000000000000009E+02
    3.000000000000003E+02
    3.000000000000002E+02
    3.000000000000002E+02
    3.000000000000009E+02
    3.000000000000002E+02
    3.000000000000009E+02
    3.000000000000009E+02
    3.000000000000009E+02
    3.000000000000010E+02
    3.000000000000009E+02
    3.000000000000003E+02
    3.000000000000000E+02
    3.000000000000002E+02
    3.000000000000009E+02
    3.000000000000009E+02
    3.000000000000003E+02
    3.000000000000002E+02
    3.000000000000001E+02
    3.000000000000009E+02
    3.000000000000003E+02
    3.000000000000013E+02
    3.000000000000014E+02
    3.000000000000013E+02
    3.000000000000010E+02
    3.000000000000009E+02
    3.000000000000009E+02
    3.000000000000000E+02
    3.000000000000003E+02
    3.000000000000014E+02
    3.000000000000013E+02
    3.000000000000011E+02
    3.000000000000003E+02
    3.000000000000009E+02
    3.000000000000009E+02
    3.000000000000014E+02
    3.000000000000009E+02
    3.000000000000013E+02
    3.000000000000009E+02
    3.000000000000009E+02
    3.000000000000009E+02
    3.000000000000009E+02
    3.000000000000000E+02
    3.000000000000003E+02
    3.000000000000014E+02
    3.000000000000001E+02
    3.000000000000001E+02
    2.999999999999999E+02
    2.999999999999998E+02
    2.999999999999997E+02
    2.999999999999995E+02
    2.999999999999997E+02
    2.999999999999997E+02
    2.999999999999997E+02
    2.999999999999998E+02
    2.999999999999998E+02
    3.000000000000000E+02
    2.999999999999997E+02
    2.999999999999997E+02
    2.999999999999998E+02
    2.999999999999997E+02
    2.999999999999997E+02
    2.999999999999997E+02
    2.999999999999997E+02
    2.999999999999997E+02
    2.999999999999997E+02
    2.999999999999997E+02
    2.999999999999998E+02
    2.999999999999997E+02
    3.000000000000001E+02
    3.000000000000001E+02
    2.999999999999997E+02
    2.999999999999997E+02
    2.999999999999998E+02
    2.999999999999998E+02
    3.000000000000013E+02
    3.000000000000004E+02
    3.000000000000003E+02
    3.000000000000000E+02
    3.000000000000006E+02
    3.000000000000011E+02
    3.000000000000003E+02
    3.000000000000000E+02
    3.000000000000003E+02
    3.000000000000002E+02
    3.000000000000005E+02
    2.999999999999999E+02
    3.000000000000003E+02
    3.000000000000002E+02
    3.000000000000004E+02
    3.000000000000013E+02
    3.000000000000003E+02
    3.000000000000003E+02
    3.000000000000003E+02
    3.000000000000003E+02
    3.000000000000001E+02
    3.000000000000003E+02
    3.000000000000008E+02
    3.000000000000005E+02
    3.000000000000010E+02
    3.000000000000003E+02
    2.999999999999998E+02
    3.000000000000002E+02
    2.999999999999999E+02
    3.000000000000003E+02
    3.000000000000010E+02
    3.000000000000005E+02
    3.000000000000002E+02
    3.000000000000001E+02
    3.000000000000010E+02
    3.000000000000003E+02
    3.000000000000010E+02
    3.000000000000010E+02
    3.000000000000011E+02
    3.000000000000010E+02
    3.000000000000010E+02
    3.000000000000002E+02
    3.000000000000001E+02
    3.000000000000002E+02
    3.000000000000010E+02
    3.000000000000010E+02
    3.000000000000006E+02
    3.000000000000002E+02
    3.000000000000001E+02
    3.000000000000010E+02
    3.000000000000003E+02
    3.000000000000010E+02
    3.000000000000010E+02
    3.000000000000011E+02
    3.000000000000010E+02
    3.000000000000010E+02
    3.000000000000003E+02
    3.000000000000001E+02
    3.000000000000002E+02
    3.000000000000010E+02
    3.000000000000010E+02
    3.000000000000006E+02
    3.000000000000002E+02
    3.000000000000001E+02
    3.000000000000010E+02
    3.000000000000003E+02
    3.000000000000013E+02
    3.000000000000014E+02
    3.000000000000013E+02
    3.000000000000010E+02
    3.000000000000011E+02
    3.000000000000010E+02
    3.000000000000001E+02
    3.000000000000003E+02
    3.000000000000014E+02
    3.000000000000013E+02
    3.000000000000012E+02
    3.000000000000003E+02
    3.000000000000010E+02
    3.000000000000010E+02
    3.000000000000014E+02
    3.000000000000008E+02
    3.000000000000013E+02
    3.000000000000010E+02
    3.000000000000009E+02
    3.000000000000011E+02
    3.000000000000010E+02
    3.000000000000001E+02
    3.000000000000003E+02
    3.000000000000014E+02
    3.000000000000001E+02
    3.000000000000001E+02
    2.999999999999999E+02
    2.999999999999999E+02
    2.999999999999998E+02
    2.999999999999994E+02
    2.999999999999998E+02
    2.999999999999998E+02
    2.999999999999998E+02
    2.999999999999999E+02
    2.999999999999999E+02
    3.000000000000001E+02
    2.999999999999998E+02
    2.999999999999998E+02
    2.999999999999999E+02
    2.999999999999998E+02
    2.999999999999998E+02
    2.999999999999997E+02
    2.999999999999997E+02
    2.999999999999998E+02
    2.999999999999998E+02
    2.999999999999998E+02
    2.999999999999999E+02
    2.999999999999996E+02
    3.000000000000000E+02
    3.000000000000000E+02
    2.999999999999998E+02
    2.999999999999998E+02
    2.999999999999999E+02
    2.999999999999999E+02
    3.000000000000012E+02
    3.000000000000004E+02
    3.000000000000003E+02
    3.000000000000001E+02
    3.000000000000007E+02
    3.000000000000012E+02
    3.000000000000004E+02
    3.000000000000001E+02
    3.000000000000003E+02
    3.000000000000003E+02
    3.000000000000006E+02
    2.999999999999999E+02
    3.000000000000003E+02
    3.000000000000003E+02
    3.000000000000004E+02
    3.000000000000012E+02
    3.000000000000004E+02
    3.000000000000003E+02
    3.000000000000003E+02
    3.000000000000003E+02
    3.000000000000001E+02
    3.000000000000003E+02
    3.000000000000011E+02
    3.000000000000006E+02
    3.000000000000011E+02
    3.000000000000003E+02
    2.999999999999998E+02
    3.000000000000002E+02
    2.999999999999999E+02
    3.000000000000004E+02
    3.000000000000011E+02
    3.000000000000007E+02
    3.000000000000002E+02
    3.000000000000000E+02
    3.000000000000011E+02
    3.000000000000004E+02
    3.000000000000011E+02
    3.000000000000011E+02
    3.000000000000012E+02
    3.000000000000010E+02
    3.000000000000011E+02
    3.000000000000002E+02
    3.000000000000001E+02
    3.000000000000002E+02
    3.000000000000011E+02
    3.000000000000011E+02
    3.000000000000008E+02
    3.000000000000002E+02
    3.000000000000001E+02
    3.000000000000011E+02
    3.000000000000004E+02
    3.000000000000011E+02
    3.000000000000011E+02
    3.000000000000012E+02
    3.000000000000010E+02
    3.000000000000011E+02
    3.000000000000003E+02
    3.000000000000001E+02
    3.000000000000003E+02
    3.000000000000011E+02
    3.000000000000011E+02
    3.000000000000008E+02
    3.000000000000002E+02
    3.000000000000000E+02
    3.000000000000011E+02
    3.000000000000003E+02
    3.000000000000012E+02
    3.000000000000013E+02
    3.000000000000012E+02
    3.000000000000010E+02
    3.000000000000012E+02
    3.000000000000011E+02
    3.000000000000001E+02
    3.000000000000005E+02
    3.000000000000014E+02
    3.000000000000012E+02
    3.000000000000013E+02
    3.000000000000005E+02
    3.000000000000011E+02
    3.000000000000011E+02
    3.000000000000013E+02
    3.000000000000007E+02
    3.000000000000013E+02
    3.000000000000011E+02
    3.000000000000009E+02
    3.000000000000012E+02
    3.000000000000011E+02
    3.000000000000001E+02
    3.000000000000005E+02
    3.000000000000014E+02
    3.000000000000001E+02
    3.000000000000001E+02
    2.999999999999999E+02
    2.999999999999998E+02
    2.999999999999997E+02
    2.999999999999994E+02
    2.999999999999997E+02
    2.999999999999998E+02
    2.999999999999998E+02
    2.999999999999998E+02
    2.999999999999998E+02
    3.000000000000001E+02
    2.999999999999997E+02
    2.999999999999998E+02
    2.999999999999998E+02
    2.999999999999998E+02
    2.999999999999998E+02
    2.999999999999997E+02
    2.999999999999997E+02
    2.999999999999998E+02
    2.999999999999998E+02
    2.999999999999998E+02
    2.999999999999998E+02
    2.999999999999996E+02
    2.999999999999999E+02
    2.999999999999999E+02
    2.999999999999998E+02
    2.999999999999998E+02
    2.999999999999998E+02
    2.999999999999999E+02
    3.000000000000013E+02
    3.000000000000003E+02
    3.000000000000002E+02
    3.000000000000001E+02
    3.000000000000009E+02
    3.000000000000012E+02
    3.000000000000003E+02
    3.000000000000001E+02
    3.000000000000002E+02
    3.000000000000004E+02
    3.000000000000006E+02
    3.000000000000000E+02
    3.000000000000003E+02
    3.000000000000004E+02
    3.000000000000003E+02
    3.000000000000013E+02
    3.000000000000003E+02
    3.000000000000002E+02
    3.000000000000003E+02
    3.000000000000002E+02
    3.000000000000003E+02
    3.000000000000003E+02
    3.000000000000012E+02
    3.000000000000006E+02
    3.000000000000012E+02
    3.000000000000002E+02
    2.999999999999997E+02
    3.000000000000003E+02
    3.000000000000000E+02
    3.000000000000003E+02
    3.000000000000012E+02
    3.000000000000010E+02
    3.000000000000002E+02
    3.000000000000000E+02
    3.000000000000012E+02
    3.000000000000005E+02
    3.000000000000012E+02
    3.000000000000013E+02
    3.000000000000012E+02
    3.000000000000010E+02
    3.000000000000012E+02
    3.000000000000002E+02
    3.000000000000002E+02
    3.000000000000002E+02
    3.000000000000012E+02
    3.000000000000013E+02
    3.000000000000010E+02
    3.000000000000002E+02
    3.000000000000001E+02
    3.000000000000012E+02
    3.000000000000005E+02
    3.000000000000012E+02
    3.000000000000013E+02
    3.000000000000012E+02
    3.000000000000009E+02
    3.000000000000012E+02
    3.000000000000003E+02
    3.000000000000003E+02
    3.000000000000003E+02
    3.000000000000012E+02
    3.000000000000013E+02
    3.000000000000010E+02
    3.000000000000002E+02
    3.000000000000000E+02
    3.000000000000012E+02
    3.000000000000003E+02
    3.000000000000013E+02
    3.000000000000013E+02
    3.000000000000013E+02
    3.000000000000009E+02
    3.000000000000012E+02
    3.000000000000012E+02
    3.000000000000003E+02
    3.000000000000005E+02
    3.000000000000014E+02
    3.000000000000013E+02
    3.000000000000012E+02
    3.000000000000005E+02
    3.000000000000012E+02
    3.000000000000013E+02
    3.000000000000013E+02
    3.000000000000007E+02
    3.000000000000012E+02
    3.000000000000013E+02
    3.000000000000009E+02
    3.000000000000012E+02
    3.000000000000012E+02
    3.000000000000003E+02
    3.000000000000005E+02
    3.000000000000014E+02
    3.000000000000001E+02
    2.999999999999999E+02
    2.999999999999999E+02
    2.999999999999997E+02
    2.999999999999997E+02
    2.999999999999994E+02
    2.999999999999997E+02
    2.999999999999998E+02
    2.999999999999997E+02
    2.999999999999998E+02
    2.999999999999998E+02
    2.999999999999999E+02
    2.999999999999997E+02
    2.999999999999998E+02
    2.999999999999998E+02
    2.999999999999998E+02
    2.999999999999998E+02
    2.999999999999997E+02
    2.999999999999997E+02
    2.999999999999998E+02
    2.999999999999998E+02
    2.999999999999998E+02
    2.999999999999998E+02
    2.999999999999996E+02
    2.999999999999999E+02
    2.999999999999999E+02
    2.999999999999998E+02
    2.999999999999998E+02
    2.999999999999998E+02
    2.999999999999998E+02
    3.000000000000012E+02
    3.000000000000003E+02
    3.000000000000002E+02
    3.000000000000003E+02
    3.000000000000008E+02
    3.000000000000013E+02
    3.000000000000003E+02
    3.000000000000002E+02
    3.000000000000002E+02
    3.000000000000005E+02
    3.000000000000006E+02
    3.000000000000002E+02
    3.000000000000003E+02
    3.000000000000005E+02
    3.000000000000003E+02
    3.000000000000012E+02
    3.000000000000003E+02
    3.000000000000002E+02
    3.000000000000003E+02
    3.000000000000002E+02
    3.000000000000005E+02
    3.000000000000003E+02
    3.000000000000013E+02
    3.000000000000005E+02
    3.000000000000012E+02
    3.000000000000002E+02
    2.999999999999997E+02
    3.000000000000003E+02
    3.000000000000002E+02
    3.000000000000003E+02
    3.000000000000012E+02
    3.000000000000011E+02
    3.000000000000002E+02
    3.000000000000000E+02
    3.000000000000012E+02
    3.000000000000005E+02
    3.000000000000012E+02
    3.000000000000013E+02
    3.000000000000013E+02
    3.000000000000010E+02
    3.000000000000013E+02
    3.000000000000002E+02
    3.000000000000003E+02
    3.000000000000002E+02
    3.000000000000012E+02
    3.000000000000013E+02
    3.000000000000011E+02
    3.000000000000002E+02
    3.000000000000001E+02
    3.000000000000012E+02
    3.000000000000005E+02
    3.000000000000012E+02
    3.000000000000013E+02
    3.000000000000013E+02
    3.000000000000009E+02
    3.000000000000012E+02
    3.000000000000003E+02
    3.000000000000005E+02
    3.000000000000003E+02
    3.000000000000012E+02
    3.000000000000013E+02
    3.000000000000011E+02
    3.000000000000002E+02
    3.000000000000000E+02
    3.000000000000012E+02
    3.000000000000003E+02
    3.000000000000012E+02
    3.000000000000013E+02
    3.000000000000012E+02
    3.000000000000009E+02
    3.000000000000013E+02
    3.000000000000013E+02
    3.000000000000005E+02
    3.000000000000005E+02
    3.000000000000015E+02
    3.000000000000013E+02
    3.000000000000013E+02
    3.000000000000005E+02
    3.000000000000013E+02
    3.000000000000013E+02
    3.000000000000013E+02
    3.000000000000006E+02
    3.000000000000011E+02
    3.000000000000012E+02
    3.000000000000009E+02
    3.000000000000013E+02
    3.000000000000013E+02
    3.000000000000005E+02
    3.000000000000005E+02
    3.000000000000015E+02
    3.000000000000000E+02
    2.999999999999999E+02
    2.999999999999998E+02
    2.999999999999998E+02
    2.999999999999997E+02
    2.999999999999994E+02
    2.999999999999997E+02
    2.999999999999999E+02
    2.999999999999998E+02
    2.999999999999999E+02
    2.999999999999999E+02
    2.999999999999998E+02
    2.999999999999997E+02
    2.999999999999999E+02
    2.999999999999999E+02
    2.999999999999999E+02
    2.999999999999998E+02
    2.999999999999997E+02
    2.999999999999997E+02
    2.999999999999999E+02
    2.999999999999999E+02
    2.999999999999999E+02
    2.999999999999999E+02
    2.999999999999995E+02
    2.999999999999998E+02
    2.999999999999999E+02
    2.999999999999999E+02
    2.999999999999998E+02
    2.999999999999999E+02
    2.999999999999999E+02
    3.000000000000012E+02
    3.000000000000003E+02
    3.000000000000001E+02
    3.000000000000004E+02
    3.000000000000007E+02
    3.000000000000013E+02
    3.000000000000003E+02
    3.000000000000003E+02
    3.000000000000002E+02
    3.000000000000005E+02
    3.000000000000006E+02
    3.000000000000003E+02
    3.000000000000003E+02
    3.000000000000005E+02
    3.000000000000003E+02
    3.000000000000012E+02
    3.000000000000002E+02
    3.000000000000002E+02
    3.000000000000002E+02
    3.000000000000002E+02
    3.000000000000006E+02
    3.000000000000003E+02
    3.000000000000012E+02
    3.000000000000005E+02
    3.000000000000012E+02
    3.000000000000002E+02
    2.999999999999997E+02
    3.000000000000003E+02
    3.000000000000003E+02
    3.000000000000003E+02
    3.000000000000012E+02
    3.000000000000012E+02
    3.000000000000002E+02
    3.000000000000000E+02
    3.000000000000012E+02
    3.000000000000005E+02
    3.000000000000012E+02
    3.000000000000013E+02
    3.000000000000013E+02
    3.000000000000009E+02
    3.000000000000013E+02
    3.000000000000002E+02
    3.000000000000005E+02
    3.000000000000002E+02
    3.000000000000012E+02
    3.000000000000013E+02
    3.000000000000013E+02
    3.000000000000002E+02
    3.000000000000001E+02
    3.000000000000012E+02
    3.000000000000005E+02
    3.000000000000012E+02
    3.000000000000013E+02
    3.000000000000013E+02
    3.000000000000007E+02
    3.000000000000012E+02
    3.000000000000003E+02
    3.000000000000006E+02
    3.000000000000003E+02
    3.000000000000012E+02
    3.000000000000013E+02
    3.000000000000013E+02
    3.000000000000002E+02
    3.000000000000000E+02
    3.000000000000012E+02
    3.000000000000003E+02
    3.000000000000012E+02
    3.000000000000012E+02
    3.000000000000012E+02
    3.000000000000007E+02
    3.000000000000013E+02
    3.000000000000013E+02
    3.000000000000006E+02
    3.000000000000005E+02
    3.000000000000015E+02
    3.000000000000013E+02
    3.000000000000012E+02
    3.000000000000005E+02
    3.000000000000013E+02
    3.000000000000013E+02
    3.000000000000013E+02
    3.000000000000005E+02
    3.000000000000010E+02
    3.000000000000012E+02
    3.000000000000007E+02
    3.000000000000013E+02
    3.000000000000013E+02
    3.000000000000006E+02
    3.000000000000005E+02
    3.000000000000015E+02
    2.999999999999999E+02
    2.999999999999998E+02
    2.999999999999998E+02
    2.999999999999997E+02
    2.999999999999997E+02
    2.999999999999995E+02
    2.999999999999997E+02
    2.999999999999998E+02
    2.999999999999997E+02
    2.999999999999998E+02
    2.999999999999998E+02
    2.999999999999998E+02
    2.999999999999997E+02
    2.999999999999998E+02
    2.999999999999998E+02
    2.999999999999998E+02
    2.999999999999997E+02
    2.999999999999997E+02
    2.999999999999997E+02
    2.999999999999998E+02
    2.999999999999998E+02
    2.999999999999998E+02
    2.999999999999998E+02
    2.999999999999995E+02
    2.999999999999997E+02
    2.999999999999999E+02
    2.999999999999998E+02
    2.999999999999997E+02
    2.999999999999998E+02
    2.999999999999998E+02
    3.000000000000012E+02
    3.000000000000002E+02
    3.000000000000000E+02
    3.000000000000005E+02
    3.000000000000006E+02
    3.000000000000012E+02
    3.000000000000002E+02
    3.000000000000004E+02
    3.000000000000002E+02
    3.000000000000006E+02
    3.000000000000005E+02
    3.000000000000005E+02
    3.000000000000003E+02
    3.000000000000006E+02
    3.000000000000002E+02
    3.000000000000012E+02
    3.000000000000001E+02
    3.000000000000002E+02
    3.000000000000002E+02
    3.000000000000002E+02
    3.000000000000007E+02
    3.000000000000003E+02
    3.000000000000011E+02
    3.000000000000005E+02
    3.000000000000012E+02
    3.000000000000002E+02
    2.999999999999996E+02
    3.000000000000003E+02
    3.000000000000004E+02
    3.000000000000003E+02
    3.000000000000012E+02
    3.000000000000012E+02
    3.000000000000002E+02
    2.999999999999999E+02
    3.000000000000012E+02
    3.000000000000005E+02
    3.000000000000012E+02
    3.000000000000013E+02
    3.000000000000012E+02
    3.000000000000008E+02
    3.000000000000012E+02
    3.000000000000002E+02
    3.000000000000005E+02
    3.000000000000002E+02
    3.000000000000012E+02
    3.000000000000013E+02
    3.000000000000012E+02
    3.000000000000002E+02
    3.000000000000001E+02
    3.000000000000012E+02
    3.000000000000005E+02
    3.000000000000012E+02
    3.000000000000013E+02
    3.000000000000012E+02
    3.000000000000007E+02
    3.000000000000012E+02
    3.000000000000003E+02
    3.000000000000007E+02
    3.000000000000003E+02
    3.000000000000012E+02
    3.000000000000013E+02
    3.000000000000012E+02
    3.000000000000002E+02
    2.999999999999999E+02
    3.000000000000012E+02
    3.000000000000002E+02
    3.000000000000012E+02
    3.000000000000011E+02
    3.000000000000012E+02
    3.000000000000007E+02
    3.000000000000012E+02
    3.000000000000013E+02
    3.000000000000007E+02
    3.000000000000006E+02
    3.000000000000015E+02
    3.000000000000013E+02
    3.000000000000011E+02
    3.000000000000006E+02
    3.000000000000013E+02
    3.000000000000013E+02
    3.000000000000014E+02
    3.000000000000003E+02
    3.000000000000007E+02
    3.000000000000012E+02
    3.000000000000007E+02
    3.000000000000012E+02
    3.000000000000013E+02
    3.000000000000007E+02
    3.000000000000006E+02
    3.000000000000015E+02
    2.999999999999999E+02
    2.999999999999998E+02
    2.999999999999998E+02
    2.999999999999997E+02
    2.999999999999997E+02
    2.999999999999997E+02
    2.999999999999997E+02
    2.999999999999997E+02
    2.999999999999997E+02
    2.999999999999997E+02
    2.999999999999997E+02
    2.999999999999997E+02
    2.999999999999997E+02
    2.999999999999997E+02
    2.999999999999997E+02
    2.999999999999997E+02
    2.999999999999997E+02
    2.999999999999997E+02
    2.999999999999997E+02
    2.999999999999997E+02
    2.999999999999997E+02
    2.999999999999997E+02
    2.999999999999997E+02
    2.999999999999995E+02
    2.999999999999997E+02
    2.999999999999999E+02
    2.999999999999997E+02
    2.999999999999997E+02
    2.999999999999997E+02
    2.999999999999998E+02
    3.000000000000011E+02
    3.000000000000001E+02
    2.999999999999999E+02
    3.000000000000005E+02
    3.000000000000003E+02
    3.000000000000011E+02
    3.000000000000001E+02
    3.000000000000005E+02
    3.000000000000001E+02
    3.000000000000006E+02
    3.000000000000003E+02
    3.000000000000005E+02
    3.000000000000002E+02
    3.000000000000006E+02
    3.000000000000001E+02
    3.000000000000011E+02
    2.999999999999999E+02
    3.000000000000001E+02
    3.000000000000001E+02
    3.000000000000001E+02
    3.000000000000008E+02
    3.000000000000003E+02
    3.000000000000010E+02
    3.000000000000003E+02
    3.000000000000011E+02
    3.000000000000001E+02
    2.999999999999996E+02
    3.000000000000002E+02
    3.000000000000005E+02
    3.000000000000002E+02
    3.000000000000012E+02
    3.000000000000012E+02
    3.000000000000002E+02
    2.999999999999999E+02
    3.000000000000011E+02
    3.000000000000003E+02
    3.000000000000012E+02
    3.000000000000013E+02
    3.000000000000011E+02
    3.000000000000006E+02
    3.000000000000011E+02
    3.000000000000001E+02
    3.000000000000005E+02
    3.000000000000002E+02
    3.000000000000012E+02
    3.000000000000013E+02
    3.000000000000011E+02
    3.000000000000002E+02
    3.000000000000000E+02
    3.000000000000011E+02
    3.000000000000003E+02
    3.000000000000012E+02
    3.000000000000013E+02
    3.000000000000011E+02
    3.000000000000005E+02
    3.000000000000011E+02
    3.000000000000002E+02
    3.000000000000007E+02
    3.000000000000002E+02
    3.000000000000011E+02
    3.000000000000013E+02
    3.000000000000011E+02
    3.000000000000001E+02
    2.999999999999999E+02
    3.000000000000011E+02
    3.000000000000002E+02
    3.000000000000011E+02
    3.000000000000009E+02
    3.000000000000011E+02
    3.000000000000005E+02
    3.000000000000011E+02
    3.000000000000013E+02
    3.000000000000008E+02
    3.000000000000006E+02
    3.000000000000014E+02
    3.000000000000013E+02
    3.000000000000010E+02
    3.000000000000006E+02
    3.000000000000013E+02
    3.000000000000013E+02
    3.000000000000014E+02
    3.000000000000002E+02
    3.000000000000004E+02
    3.000000000000011E+02
    3.000000000000005E+02
    3.000000000000011E+02
    3.000000000000013E+02
    3.000000000000008E+02
    3.000000000000006E+02
    3.000000000000014E+02
    2.999999999999998E+02
    2.999999999999997E+02
    2.999999999999998E+02
    2.999999999999997E+02
    2.999999999999996E+02
    2.999999999999997E+02
    2.999999999999997E+02
    2.999999999999996E+02
    2.999999999999997E+02
    2.999999999999997E+02
    2.999999999999997E+02
    2.999999999999998E+02
    2.999999999999997E+02
    2.999999999999996E+02
    2.999999999999997E+02
    2.999999999999997E+02
    2.999999999999996E+02
    2.999999999999997E+02
    2.999999999999997E+02
    2.999999999999997E+02
    2.999999999999996E+02
    2.999999999999997E+02
    2.999999999999995E+02
    2.999999999999995E+02
    2.999999999999997E+02
    2.999999999999998E+02
    2.999999999999997E+02
    2.999999999999997E+02
    2.999999999999997E+02
    2.999999999999998E+02
    3.000000000000010E+02
    2.999999999999999E+02
    2.999999999999998E+02
    3.000000000000006E+02
    3.000000000000000E+02
    3.000000000000010E+02
    2.999999999999999E+02
    3.000000000000006E+02
    2.999999999999999E+02
    3.000000000000007E+02
    3.000000000000002E+02
    3.000000000000006E+02
    3.000000000000000E+02
    3.000000000000007E+02
    2.999999999999998E+02
    3.000000000000010E+02
    2.999999999999997E+02
    2.999999999999999E+02
    2.999999999999999E+02
    2.999999999999999E+02
    3.000000000000008E+02
    3.000000000000001E+02
    3.000000000000010E+02
    3.000000000000001E+02
    3.000000000000010E+02
    2.999999999999999E+02
    2.999999999999996E+02
    3.000000000000000E+02
    3.000000000000006E+02
    3.000000000000000E+02
    3.000000000000011E+02
    3.000000000000011E+02
    3.000000000000001E+02
    2.999999999999999E+02
    3.000000000000010E+02
    3.000000000000002E+02
    3.000000000000011E+02
    3.000000000000011E+02
    3.000000000000010E+02
    3.000000000000003E+02
    3.000000000000011E+02
    3.000000000000000E+02
    3.000000000000006E+02
    3.000000000000001E+02
    3.000000000000011E+02
    3.000000000000011E+02
    3.000000000000010E+02
    3.000000000000001E+02
    2.999999999999999E+02
    3.000000000000010E+02
    3.000000000000002E+02
    3.000000000000011E+02
    3.000000000000011E+02
    3.000000000000011E+02
    3.000000000000002E+02
    3.000000000000010E+02
    3.000000000000000E+02
    3.000000000000007E+02
    3.000000000000001E+02
    3.000000000000010E+02
    3.000000000000011E+02
    3.000000000000010E+02
    3.000000000000000E+02
    2.999999999999999E+02
    3.000000000000010E+02
    3.000000000000000E+02
    3.000000000000010E+02
    3.000000000000005E+02
    3.000000000000010E+02
    3.000000000000002E+02
    3.000000000000011E+02
    3.000000000000011E+02
    3.000000000000009E+02
    3.000000000000007E+02
    3.000000000000013E+02
    3.000000000000011E+02
    3.000000000000010E+02
    3.000000000000007E+02
    3.000000000000011E+02
    3.000000000000011E+02
    3.000000000000012E+02
    3.000000000000001E+02
    3.000000000000001E+02
    3.000000000000010E+02
    3.000000000000002E+02
    3.000000000000011E+02
    3.000000000000011E+02
    3.000000000000009E+02
    3.000000000000007E+02
    3.000000000000011E+02
    2.999999999999999E+02
    2.999999999999998E+02
    2.999999999999998E+02
    2.999999999999997E+02
    2.999999999999997E+02
    2.999999999999998E+02
    2.999999999999997E+02
    2.999999999999997E+02
    2.999999999999997E+02
    2.999999999999997E+02
    2.999999999999997E+02
    2.999999999999998E+02
    2.999999999999997E+02
    2.999999999999997E+02
    2.999999999999997E+02
    2.999999999999997E+02
    2.999999999999997E+02
    2.999999999999997E+02
    2.999999999999997E+02
    2.999999999999997E+02
    2.999999999999997E+02
    2.999999999999997E+02
    2.999999999999997E+02
    2.999999999999997E+02
    2.999999999999997E+02
    2.999999999999998E+02
    2.999999999999997E+02
    2.999999999999997E+02
    2.999999999999997E+02
    2.999999999999998E+02
    3.000000000000006E+02
    2.999999999999999E+02
    2.999999999999998E+02
    3.000000000000005E+02
    2.999999999999999E+02
    3.000000000000006E+02
    2.999999999999999E+02
    3.000000000000005E+02
    2.999999999999999E+02
    3.000000000000005E+02
    3.000000000000001E+02
    3.000000000000005E+02
    2.999999999999999E+02
    3.000000000000005E+02
    2.999999999999999E+02
    3.000000000000007E+02
    2.999999999999998E+02
    2.999999999999999E+02
    2.999999999999998E+02
    2.999999999999999E+02
    3.000000000000006E+02
    3.000000000000001E+02
    3.000000000000006E+02
    2.999999999999999E+02
    3.000000000000006E+02
    2.999999999999999E+02
    2.999999999999997E+02
    3.000000000000000E+02
    3.000000000000005E+02
    2.999999999999999E+02
    3.000000000000007E+02
    3.000000000000007E+02
    3.000000000000000E+02
    2.999999999999998E+02
    3.000000000000006E+02
    3.000000000000001E+02
    3.000000000000007E+02
    3.000000000000007E+02
    3.000000000000006E+02
    3.000000000000001E+02
    3.000000000000006E+02
    2.999999999999999E+02
    3.000000000000005E+02
    2.999999999999999E+02
    3.000000000000007E+02
    3.000000000000007E+02
    3.000000000000006E+02
    3.000000000000000E+02
    2.999999999999999E+02
    3.000000000000006E+02
    3.000000000000001E+02
    3.000000000000007E+02
    3.000000000000007E+02
    3.000000000000006E+02
    3.000000000000001E+02
    3.000000000000006E+02
    3.000000000000000E+02
    3.000000000000005E+02
    2.999999999999999E+02
    3.000000000000006E+02
    3.000000000000007E+02
    3.000000000000006E+02
    3.000000000000000E+02
    2.999999999999998E+02
    3.000000000000006E+02
    2.999999999999999E+02
    3.000000000000006E+02
    3.000000000000002E+02
    3.000000000000006E+02
    3.000000000000001E+02
    3.000000000000006E+02
    3.000000000000007E+02
    3.000000000000006E+02
    3.000000000000005E+02
    3.000000000000008E+02
    3.000000000000007E+02
    3.000000000000006E+02
    3.000000000000005E+02
    3.000000000000007E+02
    3.000000000000007E+02
    3.000000000000008E+02
    3.000000000000001E+02
    3.000000000000000E+02
    3.000000000000006E+02
    3.000000000000001E+02
    3.000000000000006E+02
    3.000000000000007E+02
    3.000000000000006E+02
    3.000000000000005E+02
    3.000000000000007E+02
