# vtk DataFile Version 3.0
OpenCFD-EC output
ASCII
DATASET STRUCTURED_GRID
DIMENSIONS     20    41     2
POINTS         1640 double
    5.000000000000000E-01   -1.000000000000000E-01    0.000000000000000E+00
    5.125000000000001E-01   -1.000000000000000E-01    0.000000000000000E+00
    5.250000000000000E-01   -1.000000000000000E-01    0.000000000000000E+00
    5.375000000000000E-01   -1.000000000000000E-01    0.000000000000000E+00
    5.500000000000000E-01   -1.000000000000000E-01    0.000000000000000E+00
    5.625000000000000E-01   -1.000000000000000E-01    0.000000000000000E+00
    5.750000000000000E-01   -1.000000000000000E-01    0.000000000000000E+00
    5.875000000000000E-01   -1.000000000000000E-01    0.000000000000000E+00
    6.000000000000001E-01   -1.000000000000000E-01    0.000000000000000E+00
    6.125000000000000E-01   -1.000000000000000E-01    0.000000000000000E+00
    6.250000000000000E-01   -1.000000000000000E-01    0.000000000000000E+00
    6.375000000000000E-01   -1.000000000000000E-01    0.000000000000000E+00
    6.500000000000000E-01   -1.000000000000000E-01    0.000000000000000E+00
    6.625000000000001E-01   -1.000000000000000E-01    0.000000000000000E+00
    6.750000000000000E-01   -1.000000000000000E-01    0.000000000000000E+00
    6.875000000000000E-01   -1.000000000000000E-01    0.000000000000000E+00
    7.000000000000001E-01   -1.000000000000000E-01    0.000000000000000E+00
    7.125000000000001E-01   -1.000000000000000E-01    0.000000000000000E+00
    7.250000000000001E-01   -1.000000000000000E-01    0.000000000000000E+00
    7.375000000000000E-01   -1.000000000000000E-01    0.000000000000000E+00
    5.000000000000000E-01   -7.610890089513635E-02    0.000000000000000E+00
    5.125000000000000E-01   -7.610890089513615E-02    0.000000000000000E+00
    5.249999999999999E-01   -7.610890089513594E-02    0.000000000000000E+00
    5.375000000000001E-01   -7.610890089513576E-02    0.000000000000000E+00
    5.500000000000000E-01   -7.610890089513551E-02    0.000000000000000E+00
    5.625000000000000E-01   -7.610890089513533E-02    0.000000000000000E+00
    5.750000000000000E-01   -7.610890089513515E-02    0.000000000000000E+00
    5.874999999999999E-01   -7.610890089513490E-02    0.000000000000000E+00
    6.000000000000001E-01   -7.610890089513472E-02    0.000000000000000E+00
    6.125000000000000E-01   -7.610890089513453E-02    0.000000000000000E+00
    6.250000000000000E-01   -7.610890089513432E-02    0.000000000000000E+00
    6.375000000000000E-01   -7.610890089513411E-02    0.000000000000000E+00
    6.499999999999999E-01   -7.610890089513393E-02    0.000000000000000E+00
    6.625000000000001E-01   -7.610890089513371E-02    0.000000000000000E+00
    6.750000000000000E-01   -7.610890089513350E-02    0.000000000000000E+00
    6.875000000000000E-01   -7.610890089513331E-02    0.000000000000000E+00
    7.000000000000000E-01   -7.610890089513311E-02    0.000000000000000E+00
    7.124999999999999E-01   -7.610890089513289E-02    0.000000000000000E+00
    7.250000000000001E-01   -7.610890089513270E-02    0.000000000000000E+00
    7.375000000000000E-01   -7.610890089513250E-02    0.000000000000000E+00
    5.000000000000000E-01   -5.792564794465697E-02    0.000000000000000E+00
    5.125000000000000E-01   -5.792564794465666E-02    0.000000000000000E+00
    5.249999999999998E-01   -5.792564794465635E-02    0.000000000000000E+00
    5.375000000000001E-01   -5.792564794465605E-02    0.000000000000000E+00
    5.500000000000000E-01   -5.792564794465573E-02    0.000000000000000E+00
    5.625000000000000E-01   -5.792564794465540E-02    0.000000000000000E+00
    5.750000000000000E-01   -5.792564794465510E-02    0.000000000000000E+00
    5.875000000000000E-01   -5.792564794465479E-02    0.000000000000000E+00
    6.000000000000001E-01   -5.792564794465448E-02    0.000000000000000E+00
    6.125000000000000E-01   -5.792564794465417E-02    0.000000000000000E+00
    6.250000000000000E-01   -5.792564794465385E-02    0.000000000000000E+00
    6.375000000000000E-01   -5.792564794465354E-02    0.000000000000000E+00
    6.499999999999999E-01   -5.792564794465323E-02    0.000000000000000E+00
    6.625000000000001E-01   -5.792564794465293E-02    0.000000000000000E+00
    6.750000000000000E-01   -5.792564794465260E-02    0.000000000000000E+00
    6.875000000000000E-01   -5.792564794465230E-02    0.000000000000000E+00
    7.000000000000000E-01   -5.792564794465200E-02    0.000000000000000E+00
    7.125000000000001E-01   -5.792564794465167E-02    0.000000000000000E+00
    7.250000000000001E-01   -5.792564794465137E-02    0.000000000000000E+00
    7.375000000000000E-01   -5.792564794465105E-02    0.000000000000000E+00
    5.000000000000000E-01   -4.408657396631459E-02    0.000000000000000E+00
    5.125000000000000E-01   -4.408657396631424E-02    0.000000000000000E+00
    5.249999999999999E-01   -4.408657396631387E-02    0.000000000000000E+00
    5.375000000000001E-01   -4.408657396631353E-02    0.000000000000000E+00
    5.500000000000000E-01   -4.408657396631319E-02    0.000000000000000E+00
    5.625000000000000E-01   -4.408657396631283E-02    0.000000000000000E+00
    5.750000000000000E-01   -4.408657396631247E-02    0.000000000000000E+00
    5.874999999999999E-01   -4.408657396631212E-02    0.000000000000000E+00
    6.000000000000001E-01   -4.408657396631176E-02    0.000000000000000E+00
    6.125000000000000E-01   -4.408657396631141E-02    0.000000000000000E+00
    6.250000000000000E-01   -4.408657396631105E-02    0.000000000000000E+00
    6.375000000000000E-01   -4.408657396631070E-02    0.000000000000000E+00
    6.499999999999999E-01   -4.408657396631033E-02    0.000000000000000E+00
    6.625000000000001E-01   -4.408657396630999E-02    0.000000000000000E+00
    6.750000000000000E-01   -4.408657396630963E-02    0.000000000000000E+00
    6.875000000000000E-01   -4.408657396630928E-02    0.000000000000000E+00
    7.000000000000000E-01   -4.408657396630893E-02    0.000000000000000E+00
    7.124999999999999E-01   -4.408657396630858E-02    0.000000000000000E+00
    7.250000000000001E-01   -4.408657396630822E-02    0.000000000000000E+00
    7.375000000000000E-01   -4.408657396630785E-02    0.000000000000000E+00
    5.000000000000000E-01   -3.355380685502734E-02    0.000000000000000E+00
    5.125000000000000E-01   -3.355380685502698E-02    0.000000000000000E+00
    5.249999999999999E-01   -3.355380685502662E-02    0.000000000000000E+00
    5.375000000000001E-01   -3.355380685502627E-02    0.000000000000000E+00
    5.500000000000000E-01   -3.355380685502590E-02    0.000000000000000E+00
    5.625000000000000E-01   -3.355380685502554E-02    0.000000000000000E+00
    5.750000000000000E-01   -3.355380685502517E-02    0.000000000000000E+00
    5.874999999999999E-01   -3.355380685502481E-02    0.000000000000000E+00
    6.000000000000001E-01   -3.355380685502447E-02    0.000000000000000E+00
    6.125000000000000E-01   -3.355380685502411E-02    0.000000000000000E+00
    6.250000000000000E-01   -3.355380685502373E-02    0.000000000000000E+00
    6.375000000000000E-01   -3.355380685502337E-02    0.000000000000000E+00
    6.499999999999999E-01   -3.355380685502302E-02    0.000000000000000E+00
    6.625000000000001E-01   -3.355380685502266E-02    0.000000000000000E+00
    6.750000000000000E-01   -3.355380685502229E-02    0.000000000000000E+00
    6.875000000000000E-01   -3.355380685502194E-02    0.000000000000000E+00
    7.000000000000000E-01   -3.355380685502157E-02    0.000000000000000E+00
    7.124999999999999E-01   -3.355380685502122E-02    0.000000000000000E+00
    7.250000000000001E-01   -3.355380685502086E-02    0.000000000000000E+00
    7.375000000000000E-01   -3.355380685502048E-02    0.000000000000000E+00
    5.000000000000000E-01   -2.553743355799697E-02    0.000000000000000E+00
    5.125000000000000E-01   -2.553743355799663E-02    0.000000000000000E+00
    5.249999999999999E-01   -2.553743355799628E-02    0.000000000000000E+00
    5.375000000000001E-01   -2.553743355799594E-02    0.000000000000000E+00
    5.500000000000000E-01   -2.553743355799560E-02    0.000000000000000E+00
    5.625000000000000E-01   -2.553743355799525E-02    0.000000000000000E+00
    5.750000000000000E-01   -2.553743355799491E-02    0.000000000000000E+00
    5.874999999999999E-01   -2.553743355799457E-02    0.000000000000000E+00
    6.000000000000001E-01   -2.553743355799423E-02    0.000000000000000E+00
    6.125000000000000E-01   -2.553743355799389E-02    0.000000000000000E+00
    6.250000000000000E-01   -2.553743355799354E-02    0.000000000000000E+00
    6.375000000000000E-01   -2.553743355799320E-02    0.000000000000000E+00
    6.499999999999999E-01   -2.553743355799286E-02    0.000000000000000E+00
    6.625000000000001E-01   -2.553743355799251E-02    0.000000000000000E+00
    6.750000000000000E-01   -2.553743355799216E-02    0.000000000000000E+00
    6.875000000000000E-01   -2.553743355799183E-02    0.000000000000000E+00
    7.000000000000002E-01   -2.553743355799148E-02    0.000000000000000E+00
    7.124999999999999E-01   -2.553743355799114E-02    0.000000000000000E+00
    7.250000000000003E-01   -2.553743355799080E-02    0.000000000000000E+00
    7.375000000000000E-01   -2.553743355799046E-02    0.000000000000000E+00
    5.000000000000000E-01   -1.943625993160287E-02    0.000000000000000E+00
    5.125000000000000E-01   -1.943625993160256E-02    0.000000000000000E+00
    5.249999999999999E-01   -1.943625993160224E-02    0.000000000000000E+00
    5.375000000000001E-01   -1.943625993160193E-02    0.000000000000000E+00
    5.500000000000000E-01   -1.943625993160162E-02    0.000000000000000E+00
    5.625000000000000E-01   -1.943625993160131E-02    0.000000000000000E+00
    5.749999999999997E-01   -1.943625993160100E-02    0.000000000000000E+00
    5.874999999999999E-01   -1.943625993160068E-02    0.000000000000000E+00
    6.000000000000001E-01   -1.943625993160037E-02    0.000000000000000E+00
    6.125000000000000E-01   -1.943625993160006E-02    0.000000000000000E+00
    6.249999999999998E-01   -1.943625993159975E-02    0.000000000000000E+00
    6.375000000000000E-01   -1.943625993159943E-02    0.000000000000000E+00
    6.499999999999999E-01   -1.943625993159913E-02    0.000000000000000E+00
    6.624999999999999E-01   -1.943625993159881E-02    0.000000000000000E+00
    6.750000000000000E-01   -1.943625993159849E-02    0.000000000000000E+00
    6.875000000000000E-01   -1.943625993159818E-02    0.000000000000000E+00
    7.000000000000000E-01   -1.943625993159788E-02    0.000000000000000E+00
    7.124999999999998E-01   -1.943625993159756E-02    0.000000000000000E+00
    7.250000000000003E-01   -1.943625993159724E-02    0.000000000000000E+00
    7.374999999999998E-01   -1.943625993159694E-02    0.000000000000000E+00
    5.000000000000000E-01   -1.479272371951154E-02    0.000000000000000E+00
    5.125000000000000E-01   -1.479272371951127E-02    0.000000000000000E+00
    5.249999999999999E-01   -1.479272371951099E-02    0.000000000000000E+00
    5.375000000000001E-01   -1.479272371951072E-02    0.000000000000000E+00
    5.500000000000000E-01   -1.479272371951043E-02    0.000000000000000E+00
    5.625000000000000E-01   -1.479272371951015E-02    0.000000000000000E+00
    5.749999999999997E-01   -1.479272371950988E-02    0.000000000000000E+00
    5.874999999999999E-01   -1.479272371950960E-02    0.000000000000000E+00
    5.999999999999999E-01   -1.479272371950932E-02    0.000000000000000E+00
    6.125000000000000E-01   -1.479272371950905E-02    0.000000000000000E+00
    6.250000000000000E-01   -1.479272371950877E-02    0.000000000000000E+00
    6.375000000000000E-01   -1.479272371950849E-02    0.000000000000000E+00
    6.499999999999999E-01   -1.479272371950821E-02    0.000000000000000E+00
    6.625000000000001E-01   -1.479272371950793E-02    0.000000000000000E+00
    6.750000000000000E-01   -1.479272371950765E-02    0.000000000000000E+00
    6.875000000000000E-01   -1.479272371950738E-02    0.000000000000000E+00
    7.000000000000000E-01   -1.479272371950710E-02    0.000000000000000E+00
    7.124999999999999E-01   -1.479272371950682E-02    0.000000000000000E+00
    7.250000000000001E-01   -1.479272371950654E-02    0.000000000000000E+00
    7.375000000000000E-01   -1.479272371950626E-02    0.000000000000000E+00
    5.000000000000000E-01   -1.125857931576618E-02    0.000000000000000E+00
    5.125000000000000E-01   -1.125857931576594E-02    0.000000000000000E+00
    5.249999999999999E-01   -1.125857931576570E-02    0.000000000000000E+00
    5.374999999999999E-01   -1.125857931576546E-02    0.000000000000000E+00
    5.500000000000000E-01   -1.125857931576522E-02    0.000000000000000E+00
    5.625000000000000E-01   -1.125857931576497E-02    0.000000000000000E+00
    5.750000000000000E-01   -1.125857931576473E-02    0.000000000000000E+00
    5.874999999999999E-01   -1.125857931576449E-02    0.000000000000000E+00
    6.000000000000001E-01   -1.125857931576425E-02    0.000000000000000E+00
    6.124999999999999E-01   -1.125857931576401E-02    0.000000000000000E+00
    6.250000000000000E-01   -1.125857931576377E-02    0.000000000000000E+00
    6.375000000000000E-01   -1.125857931576352E-02    0.000000000000000E+00
    6.500000000000001E-01   -1.125857931576328E-02    0.000000000000000E+00
    6.625000000000001E-01   -1.125857931576304E-02    0.000000000000000E+00
    6.750000000000000E-01   -1.125857931576280E-02    0.000000000000000E+00
    6.874999999999998E-01   -1.125857931576256E-02    0.000000000000000E+00
    7.000000000000000E-01   -1.125857931576232E-02    0.000000000000000E+00
    7.124999999999999E-01   -1.125857931576208E-02    0.000000000000000E+00
    7.250000000000001E-01   -1.125857931576183E-02    0.000000000000000E+00
    7.375000000000000E-01   -1.125857931576160E-02    0.000000000000000E+00
    5.000000000000000E-01   -8.568780815003540E-03    0.000000000000000E+00
    5.125000000000000E-01   -8.568780815003334E-03    0.000000000000000E+00
    5.250000000000001E-01   -8.568780815003126E-03    0.000000000000000E+00
    5.375000000000001E-01   -8.568780815002923E-03    0.000000000000000E+00
    5.500000000000000E-01   -8.568780815002713E-03    0.000000000000000E+00
    5.625000000000000E-01   -8.568780815002503E-03    0.000000000000000E+00
    5.750000000000000E-01   -8.568780815002298E-03    0.000000000000000E+00
    5.874999999999999E-01   -8.568780815002092E-03    0.000000000000000E+00
    6.000000000000001E-01   -8.568780815001883E-03    0.000000000000000E+00
    6.125000000000003E-01   -8.568780815001681E-03    0.000000000000000E+00
    6.249999999999998E-01   -8.568780815001471E-03    0.000000000000000E+00
    6.375000000000000E-01   -8.568780815001261E-03    0.000000000000000E+00
    6.499999999999999E-01   -8.568780815001056E-03    0.000000000000000E+00
    6.625000000000001E-01   -8.568780815000848E-03    0.000000000000000E+00
    6.750000000000000E-01   -8.568780815000641E-03    0.000000000000000E+00
    6.875000000000000E-01   -8.568780815000435E-03    0.000000000000000E+00
    6.999999999999997E-01   -8.568780815000229E-03    0.000000000000000E+00
    7.125000000000001E-01   -8.568780815000019E-03    0.000000000000000E+00
    7.249999999999999E-01   -8.568780814999814E-03    0.000000000000000E+00
    7.375000000000002E-01   -8.568780814999606E-03    0.000000000000000E+00
    5.000000000000000E-01   -6.521604688857305E-03    0.000000000000000E+00
    5.125000000000000E-01   -6.521604688857129E-03    0.000000000000000E+00
    5.249999999999999E-01   -6.521604688856954E-03    0.000000000000000E+00
    5.375000000000000E-01   -6.521604688856779E-03    0.000000000000000E+00
    5.500000000000000E-01   -6.521604688856604E-03    0.000000000000000E+00
    5.625000000000000E-01   -6.521604688856428E-03    0.000000000000000E+00
    5.750000000000000E-01   -6.521604688856254E-03    0.000000000000000E+00
    5.874999999999999E-01   -6.521604688856078E-03    0.000000000000000E+00
    6.000000000000003E-01   -6.521604688855902E-03    0.000000000000000E+00
    6.125000000000000E-01   -6.521604688855727E-03    0.000000000000000E+00
    6.250000000000000E-01   -6.521604688855551E-03    0.000000000000000E+00
    6.375000000000002E-01   -6.521604688855376E-03    0.000000000000000E+00
    6.500000000000001E-01   -6.521604688855200E-03    0.000000000000000E+00
    6.625000000000002E-01   -6.521604688855025E-03    0.000000000000000E+00
    6.750000000000003E-01   -6.521604688854850E-03    0.000000000000000E+00
    6.875000000000000E-01   -6.521604688854675E-03    0.000000000000000E+00
    7.000000000000000E-01   -6.521604688854501E-03    0.000000000000000E+00
    7.125000000000000E-01   -6.521604688854325E-03    0.000000000000000E+00
    7.250000000000000E-01   -6.521604688854149E-03    0.000000000000000E+00
    7.375000000000002E-01   -6.521604688853973E-03    0.000000000000000E+00
    5.000000000000000E-01   -4.963521373222108E-03    0.000000000000000E+00
    5.125000000000000E-01   -4.963521373221962E-03    0.000000000000000E+00
    5.249999999999999E-01   -4.963521373221814E-03    0.000000000000000E+00
    5.375000000000001E-01   -4.963521373221669E-03    0.000000000000000E+00
    5.500000000000003E-01   -4.963521373221523E-03    0.000000000000000E+00
    5.625000000000001E-01   -4.963521373221376E-03    0.000000000000000E+00
    5.750000000000002E-01   -4.963521373221230E-03    0.000000000000000E+00
    5.874999999999998E-01   -4.963521373221084E-03    0.000000000000000E+00
    6.000000000000001E-01   -4.963521373220937E-03    0.000000000000000E+00
    6.125000000000000E-01   -4.963521373220792E-03    0.000000000000000E+00
    6.250000000000000E-01   -4.963521373220644E-03    0.000000000000000E+00
    6.375000000000000E-01   -4.963521373220498E-03    0.000000000000000E+00
    6.499999999999998E-01   -4.963521373220350E-03    0.000000000000000E+00
    6.625000000000001E-01   -4.963521373220205E-03    0.000000000000000E+00
    6.750000000000000E-01   -4.963521373220057E-03    0.000000000000000E+00
    6.875000000000000E-01   -4.963521373219912E-03    0.000000000000000E+00
    7.000000000000001E-01   -4.963521373219766E-03    0.000000000000000E+00
    7.124999999999999E-01   -4.963521373219618E-03    0.000000000000000E+00
    7.250000000000001E-01   -4.963521373219473E-03    0.000000000000000E+00
    7.375000000000000E-01   -4.963521373219326E-03    0.000000000000000E+00
    5.000000000000000E-01   -3.777681199310686E-03    0.000000000000000E+00
    5.125000000000000E-01   -3.777681199310564E-03    0.000000000000000E+00
    5.249999999999999E-01   -3.777681199310443E-03    0.000000000000000E+00
    5.374999999999999E-01   -3.777681199310321E-03    0.000000000000000E+00
    5.500000000000003E-01   -3.777681199310199E-03    0.000000000000000E+00
    5.625000000000000E-01   -3.777681199310078E-03    0.000000000000000E+00
    5.750000000000000E-01   -3.777681199309955E-03    0.000000000000000E+00
    5.874999999999999E-01   -3.777681199309834E-03    0.000000000000000E+00
    6.000000000000001E-01   -3.777681199309713E-03    0.000000000000000E+00
    6.125000000000000E-01   -3.777681199309591E-03    0.000000000000000E+00
    6.250000000000000E-01   -3.777681199309469E-03    0.000000000000000E+00
    6.375000000000000E-01   -3.777681199309347E-03    0.000000000000000E+00
    6.499999999999999E-01   -3.777681199309225E-03    0.000000000000000E+00
    6.625000000000001E-01   -3.777681199309104E-03    0.000000000000000E+00
    6.750000000000000E-01   -3.777681199308981E-03    0.000000000000000E+00
    6.875000000000000E-01   -3.777681199308860E-03    0.000000000000000E+00
    7.000000000000000E-01   -3.777681199308738E-03    0.000000000000000E+00
    7.124999999999999E-01   -3.777681199308616E-03    0.000000000000000E+00
    7.250000000000001E-01   -3.777681199308494E-03    0.000000000000000E+00
    7.375000000000000E-01   -3.777681199308372E-03    0.000000000000000E+00
    5.000000000000000E-01   -2.875151161958512E-03    0.000000000000000E+00
    5.125000000000000E-01   -2.875151161958411E-03    0.000000000000000E+00
    5.249999999999999E-01   -2.875151161958311E-03    0.000000000000000E+00
    5.375000000000001E-01   -2.875151161958211E-03    0.000000000000000E+00
    5.500000000000000E-01   -2.875151161958110E-03    0.000000000000000E+00
    5.625000000000000E-01   -2.875151161958010E-03    0.000000000000000E+00
    5.750000000000000E-01   -2.875151161957909E-03    0.000000000000000E+00
    5.874999999999999E-01   -2.875151161957808E-03    0.000000000000000E+00
    6.000000000000001E-01   -2.875151161957708E-03    0.000000000000000E+00
    6.125000000000000E-01   -2.875151161957609E-03    0.000000000000000E+00
    6.250000000000000E-01   -2.875151161957508E-03    0.000000000000000E+00
    6.375000000000001E-01   -2.875151161957407E-03    0.000000000000000E+00
    6.499999999999999E-01   -2.875151161957306E-03    0.000000000000000E+00
    6.625000000000001E-01   -2.875151161957206E-03    0.000000000000000E+00
    6.750000000000000E-01   -2.875151161957105E-03    0.000000000000000E+00
    6.875000000000000E-01   -2.875151161957004E-03    0.000000000000000E+00
    7.000000000000002E-01   -2.875151161956904E-03    0.000000000000000E+00
    7.124999999999999E-01   -2.875151161956804E-03    0.000000000000000E+00
    7.250000000000001E-01   -2.875151161956704E-03    0.000000000000000E+00
    7.374999999999998E-01   -2.875151161956603E-03    0.000000000000000E+00
    5.000000000000000E-01   -2.188245319806169E-03    0.000000000000000E+00
    5.125000000000001E-01   -2.188245319806087E-03    0.000000000000000E+00
    5.249999999999999E-01   -2.188245319806004E-03    0.000000000000000E+00
    5.374999999999999E-01   -2.188245319805924E-03    0.000000000000000E+00
    5.500000000000000E-01   -2.188245319805841E-03    0.000000000000000E+00
    5.625000000000000E-01   -2.188245319805758E-03    0.000000000000000E+00
    5.750000000000000E-01   -2.188245319805676E-03    0.000000000000000E+00
    5.874999999999998E-01   -2.188245319805594E-03    0.000000000000000E+00
    6.000000000000001E-01   -2.188245319805512E-03    0.000000000000000E+00
    6.125000000000003E-01   -2.188245319805430E-03    0.000000000000000E+00
    6.250000000000000E-01   -2.188245319805348E-03    0.000000000000000E+00
    6.375000000000001E-01   -2.188245319805266E-03    0.000000000000000E+00
    6.499999999999999E-01   -2.188245319805183E-03    0.000000000000000E+00
    6.625000000000001E-01   -2.188245319805102E-03    0.000000000000000E+00
    6.750000000000003E-01   -2.188245319805019E-03    0.000000000000000E+00
    6.875000000000002E-01   -2.188245319804937E-03    0.000000000000000E+00
    7.000000000000001E-01   -2.188245319804855E-03    0.000000000000000E+00
    7.125000000000001E-01   -2.188245319804773E-03    0.000000000000000E+00
    7.250000000000001E-01   -2.188245319804690E-03    0.000000000000000E+00
    7.375000000000000E-01   -2.188245319804609E-03    0.000000000000000E+00
    5.000000000000000E-01   -1.665448635539499E-03    0.000000000000000E+00
    5.125000000000000E-01   -1.665448635539432E-03    0.000000000000000E+00
    5.249999999999999E-01   -1.665448635539365E-03    0.000000000000000E+00
    5.375000000000002E-01   -1.665448635539298E-03    0.000000000000000E+00
    5.499999999999998E-01   -1.665448635539230E-03    0.000000000000000E+00
    5.625000000000001E-01   -1.665448635539163E-03    0.000000000000000E+00
    5.750000000000000E-01   -1.665448635539096E-03    0.000000000000000E+00
    5.874999999999998E-01   -1.665448635539029E-03    0.000000000000000E+00
    6.000000000000000E-01   -1.665448635538962E-03    0.000000000000000E+00
    6.125000000000000E-01   -1.665448635538895E-03    0.000000000000000E+00
    6.250000000000002E-01   -1.665448635538827E-03    0.000000000000000E+00
    6.375000000000001E-01   -1.665448635538761E-03    0.000000000000000E+00
    6.499999999999999E-01   -1.665448635538694E-03    0.000000000000000E+00
    6.625000000000001E-01   -1.665448635538626E-03    0.000000000000000E+00
    6.750000000000000E-01   -1.665448635538559E-03    0.000000000000000E+00
    6.875000000000000E-01   -1.665448635538492E-03    0.000000000000000E+00
    7.000000000000000E-01   -1.665448635538425E-03    0.000000000000000E+00
    7.125000000000001E-01   -1.665448635538358E-03    0.000000000000000E+00
    7.250000000000001E-01   -1.665448635538291E-03    0.000000000000000E+00
    7.375000000000000E-01   -1.665448635538224E-03    0.000000000000000E+00
    5.000000000000000E-01   -1.267553565642297E-03    0.000000000000000E+00
    5.125000000000000E-01   -1.267553565642243E-03    0.000000000000000E+00
    5.249999999999999E-01   -1.267553565642188E-03    0.000000000000000E+00
    5.375000000000001E-01   -1.267553565642134E-03    0.000000000000000E+00
    5.500000000000000E-01   -1.267553565642079E-03    0.000000000000000E+00
    5.624999999999999E-01   -1.267553565642025E-03    0.000000000000000E+00
    5.750000000000000E-01   -1.267553565641971E-03    0.000000000000000E+00
    5.874999999999997E-01   -1.267553565641916E-03    0.000000000000000E+00
    6.000000000000001E-01   -1.267553565641862E-03    0.000000000000000E+00
    6.125000000000003E-01   -1.267553565641808E-03    0.000000000000000E+00
    6.250000000000000E-01   -1.267553565641753E-03    0.000000000000000E+00
    6.375000000000000E-01   -1.267553565641699E-03    0.000000000000000E+00
    6.499999999999999E-01   -1.267553565641644E-03    0.000000000000000E+00
    6.625000000000001E-01   -1.267553565641590E-03    0.000000000000000E+00
    6.750000000000000E-01   -1.267553565641535E-03    0.000000000000000E+00
    6.875000000000000E-01   -1.267553565641481E-03    0.000000000000000E+00
    7.000000000000000E-01   -1.267553565641427E-03    0.000000000000000E+00
    7.124999999999998E-01   -1.267553565641373E-03    0.000000000000000E+00
    7.250000000000001E-01   -1.267553565641318E-03    0.000000000000000E+00
    7.374999999999998E-01   -1.267553565641264E-03    0.000000000000000E+00
    5.000000000000000E-01   -9.647196602085742E-04    0.000000000000000E+00
    5.125000000000001E-01   -9.647196602085298E-04    0.000000000000000E+00
    5.249999999999999E-01   -9.647196602084856E-04    0.000000000000000E+00
    5.375000000000001E-01   -9.647196602084415E-04    0.000000000000000E+00
    5.499999999999998E-01   -9.647196602083972E-04    0.000000000000000E+00
    5.624999999999999E-01   -9.647196602083528E-04    0.000000000000000E+00
    5.750000000000000E-01   -9.647196602083085E-04    0.000000000000000E+00
    5.875000000000000E-01   -9.647196602082643E-04    0.000000000000000E+00
    6.000000000000001E-01   -9.647196602082201E-04    0.000000000000000E+00
    6.125000000000000E-01   -9.647196602081758E-04    0.000000000000000E+00
    6.250000000000000E-01   -9.647196602081314E-04    0.000000000000000E+00
    6.375000000000000E-01   -9.647196602080872E-04    0.000000000000000E+00
    6.500000000000001E-01   -9.647196602080429E-04    0.000000000000000E+00
    6.625000000000001E-01   -9.647196602079987E-04    0.000000000000000E+00
    6.749999999999998E-01   -9.647196602079541E-04    0.000000000000000E+00
    6.875000000000001E-01   -9.647196602079101E-04    0.000000000000000E+00
    7.000000000000000E-01   -9.647196602078656E-04    0.000000000000000E+00
    7.124999999999998E-01   -9.647196602078214E-04    0.000000000000000E+00
    7.250000000000001E-01   -9.647196602077774E-04    0.000000000000000E+00
    7.374999999999998E-01   -9.647196602077327E-04    0.000000000000000E+00
    5.000000000000000E-01   -7.342356552177355E-04    0.000000000000000E+00
    5.125000000000000E-01   -7.342356552177002E-04    0.000000000000000E+00
    5.249999999999999E-01   -7.342356552176648E-04    0.000000000000000E+00
    5.375000000000001E-01   -7.342356552176295E-04    0.000000000000000E+00
    5.500000000000000E-01   -7.342356552175938E-04    0.000000000000000E+00
    5.625000000000002E-01   -7.342356552175585E-04    0.000000000000000E+00
    5.750000000000002E-01   -7.342356552175232E-04    0.000000000000000E+00
    5.875000000000001E-01   -7.342356552174879E-04    0.000000000000000E+00
    6.000000000000003E-01   -7.342356552174525E-04    0.000000000000000E+00
    6.125000000000003E-01   -7.342356552174171E-04    0.000000000000000E+00
    6.250000000000002E-01   -7.342356552173815E-04    0.000000000000000E+00
    6.375000000000000E-01   -7.342356552173463E-04    0.000000000000000E+00
    6.499999999999998E-01   -7.342356552173106E-04    0.000000000000000E+00
    6.625000000000001E-01   -7.342356552172755E-04    0.000000000000000E+00
    6.750000000000000E-01   -7.342356552172400E-04    0.000000000000000E+00
    6.875000000000000E-01   -7.342356552172047E-04    0.000000000000000E+00
    6.999999999999998E-01   -7.342356552171693E-04    0.000000000000000E+00
    7.125000000000000E-01   -7.342356552171337E-04    0.000000000000000E+00
    7.250000000000001E-01   -7.342356552170983E-04    0.000000000000000E+00
    7.375000000000000E-01   -7.342356552170631E-04    0.000000000000000E+00
    5.000000000000000E-01   -5.588162236441432E-04    0.000000000000000E+00
    5.125000000000002E-01   -5.588162236441146E-04    0.000000000000000E+00
    5.249999999999997E-01   -5.588162236440861E-04    0.000000000000000E+00
    5.375000000000000E-01   -5.588162236440574E-04    0.000000000000000E+00
    5.500000000000000E-01   -5.588162236440288E-04    0.000000000000000E+00
    5.625000000000000E-01   -5.588162236440001E-04    0.000000000000000E+00
    5.750000000000002E-01   -5.588162236439715E-04    0.000000000000000E+00
    5.874999999999997E-01   -5.588162236439431E-04    0.000000000000000E+00
    6.000000000000001E-01   -5.588162236439145E-04    0.000000000000000E+00
    6.125000000000003E-01   -5.588162236438859E-04    0.000000000000000E+00
    6.250000000000000E-01   -5.588162236438573E-04    0.000000000000000E+00
    6.375000000000001E-01   -5.588162236438286E-04    0.000000000000000E+00
    6.499999999999999E-01   -5.588162236437999E-04    0.000000000000000E+00
    6.625000000000002E-01   -5.588162236437713E-04    0.000000000000000E+00
    6.750000000000000E-01   -5.588162236437429E-04    0.000000000000000E+00
    6.875000000000000E-01   -5.588162236437143E-04    0.000000000000000E+00
    7.000000000000000E-01   -5.588162236436859E-04    0.000000000000000E+00
    7.124999999999999E-01   -5.588162236436572E-04    0.000000000000000E+00
    7.250000000000002E-01   -5.588162236436285E-04    0.000000000000000E+00
    7.375000000000000E-01   -5.588162236435999E-04    0.000000000000000E+00
    5.000000000000000E-01   -4.253056489272470E-04    0.000000000000000E+00
    5.124999999999997E-01   -4.253056489272241E-04    0.000000000000000E+00
    5.249999999999999E-01   -4.253056489272013E-04    0.000000000000000E+00
    5.375000000000001E-01   -4.253056489271785E-04    0.000000000000000E+00
    5.500000000000000E-01   -4.253056489271556E-04    0.000000000000000E+00
    5.625000000000000E-01   -4.253056489271326E-04    0.000000000000000E+00
    5.750000000000000E-01   -4.253056489271098E-04    0.000000000000000E+00
    5.874999999999999E-01   -4.253056489270870E-04    0.000000000000000E+00
    6.000000000000001E-01   -4.253056489270642E-04    0.000000000000000E+00
    6.125000000000000E-01   -4.253056489270415E-04    0.000000000000000E+00
    6.250000000000000E-01   -4.253056489270185E-04    0.000000000000000E+00
    6.375000000000000E-01   -4.253056489269956E-04    0.000000000000000E+00
    6.499999999999999E-01   -4.253056489269727E-04    0.000000000000000E+00
    6.625000000000002E-01   -4.253056489269499E-04    0.000000000000000E+00
    6.750000000000002E-01   -4.253056489269271E-04    0.000000000000000E+00
    6.875000000000000E-01   -4.253056489269043E-04    0.000000000000000E+00
    7.000000000000000E-01   -4.253056489268814E-04    0.000000000000000E+00
    7.124999999999999E-01   -4.253056489268585E-04    0.000000000000000E+00
    7.250000000000003E-01   -4.253056489268357E-04    0.000000000000000E+00
    7.375000000000000E-01   -4.253056489268129E-04    0.000000000000000E+00
    5.000000000000000E-01   -3.236912017869659E-04    0.000000000000000E+00
    5.125000000000000E-01   -3.236912017869476E-04    0.000000000000000E+00
    5.249999999999998E-01   -3.236912017869294E-04    0.000000000000000E+00
    5.375000000000001E-01   -3.236912017869112E-04    0.000000000000000E+00
    5.500000000000000E-01   -3.236912017868928E-04    0.000000000000000E+00
    5.625000000000000E-01   -3.236912017868746E-04    0.000000000000000E+00
    5.750000000000000E-01   -3.236912017868564E-04    0.000000000000000E+00
    5.874999999999999E-01   -3.236912017868381E-04    0.000000000000000E+00
    5.999999999999999E-01   -3.236912017868199E-04    0.000000000000000E+00
    6.125000000000000E-01   -3.236912017868017E-04    0.000000000000000E+00
    6.250000000000000E-01   -3.236912017867833E-04    0.000000000000000E+00
    6.375000000000000E-01   -3.236912017867651E-04    0.000000000000000E+00
    6.499999999999999E-01   -3.236912017867469E-04    0.000000000000000E+00
    6.625000000000003E-01   -3.236912017867287E-04    0.000000000000000E+00
    6.750000000000002E-01   -3.236912017867103E-04    0.000000000000000E+00
    6.875000000000000E-01   -3.236912017866921E-04    0.000000000000000E+00
    7.000000000000000E-01   -3.236912017866739E-04    0.000000000000000E+00
    7.124999999999999E-01   -3.236912017866556E-04    0.000000000000000E+00
    7.250000000000001E-01   -3.236912017866374E-04    0.000000000000000E+00
    7.374999999999998E-01   -3.236912017866192E-04    0.000000000000000E+00
    5.000000000000000E-01   -2.463522278120815E-04    0.000000000000000E+00
    5.125000000000000E-01   -2.463522278120669E-04    0.000000000000000E+00
    5.249999999999997E-01   -2.463522278120522E-04    0.000000000000000E+00
    5.375000000000001E-01   -2.463522278120377E-04    0.000000000000000E+00
    5.500000000000003E-01   -2.463522278120231E-04    0.000000000000000E+00
    5.625000000000000E-01   -2.463522278120084E-04    0.000000000000000E+00
    5.750000000000000E-01   -2.463522278119937E-04    0.000000000000000E+00
    5.874999999999999E-01   -2.463522278119792E-04    0.000000000000000E+00
    6.000000000000001E-01   -2.463522278119647E-04    0.000000000000000E+00
    6.125000000000002E-01   -2.463522278119500E-04    0.000000000000000E+00
    6.249999999999999E-01   -2.463522278119353E-04    0.000000000000000E+00
    6.375000000000000E-01   -2.463522278119207E-04    0.000000000000000E+00
    6.499999999999997E-01   -2.463522278119062E-04    0.000000000000000E+00
    6.625000000000001E-01   -2.463522278118916E-04    0.000000000000000E+00
    6.750000000000000E-01   -2.463522278118769E-04    0.000000000000000E+00
    6.875000000000000E-01   -2.463522278118623E-04    0.000000000000000E+00
    6.999999999999997E-01   -2.463522278118478E-04    0.000000000000000E+00
    7.125000000000001E-01   -2.463522278118331E-04    0.000000000000000E+00
    7.250000000000001E-01   -2.463522278118184E-04    0.000000000000000E+00
    7.375000000000000E-01   -2.463522278118039E-04    0.000000000000000E+00
    5.000000000000000E-01   -1.874886305619054E-04    0.000000000000000E+00
    5.125000000000000E-01   -1.874886305618937E-04    0.000000000000000E+00
    5.249999999999999E-01   -1.874886305618821E-04    0.000000000000000E+00
    5.375000000000003E-01   -1.874886305618705E-04    0.000000000000000E+00
    5.500000000000000E-01   -1.874886305618587E-04    0.000000000000000E+00
    5.625000000000000E-01   -1.874886305618471E-04    0.000000000000000E+00
    5.749999999999997E-01   -1.874886305618354E-04    0.000000000000000E+00
    5.874999999999999E-01   -1.874886305618237E-04    0.000000000000000E+00
    6.000000000000001E-01   -1.874886305618121E-04    0.000000000000000E+00
    6.125000000000000E-01   -1.874886305618004E-04    0.000000000000000E+00
    6.249999999999999E-01   -1.874886305617887E-04    0.000000000000000E+00
    6.375000000000002E-01   -1.874886305617771E-04    0.000000000000000E+00
    6.499999999999999E-01   -1.874886305617654E-04    0.000000000000000E+00
    6.625000000000001E-01   -1.874886305617537E-04    0.000000000000000E+00
    6.750000000000000E-01   -1.874886305617420E-04    0.000000000000000E+00
    6.874999999999999E-01   -1.874886305617304E-04    0.000000000000000E+00
    7.000000000000000E-01   -1.874886305617188E-04    0.000000000000000E+00
    7.124999999999999E-01   -1.874886305617071E-04    0.000000000000000E+00
    7.250000000000001E-01   -1.874886305616954E-04    0.000000000000000E+00
    7.375000000000000E-01   -1.874886305616837E-04    0.000000000000000E+00
    5.000000000000000E-01   -1.426858888274069E-04    0.000000000000000E+00
    5.125000000000001E-01   -1.426858888273978E-04    0.000000000000000E+00
    5.249999999999999E-01   -1.426858888273887E-04    0.000000000000000E+00
    5.375000000000001E-01   -1.426858888273797E-04    0.000000000000000E+00
    5.500000000000002E-01   -1.426858888273705E-04    0.000000000000000E+00
    5.625000000000000E-01   -1.426858888273615E-04    0.000000000000000E+00
    5.750000000000000E-01   -1.426858888273524E-04    0.000000000000000E+00
    5.874999999999999E-01   -1.426858888273433E-04    0.000000000000000E+00
    6.000000000000001E-01   -1.426858888273342E-04    0.000000000000000E+00
    6.124999999999999E-01   -1.426858888273251E-04    0.000000000000000E+00
    6.250000000000000E-01   -1.426858888273160E-04    0.000000000000000E+00
    6.375000000000000E-01   -1.426858888273070E-04    0.000000000000000E+00
    6.500000000000001E-01   -1.426858888272978E-04    0.000000000000000E+00
    6.625000000000001E-01   -1.426858888272887E-04    0.000000000000000E+00
    6.750000000000003E-01   -1.426858888272796E-04    0.000000000000000E+00
    6.874999999999998E-01   -1.426858888272706E-04    0.000000000000000E+00
    7.000000000000000E-01   -1.426858888272614E-04    0.000000000000000E+00
    7.124999999999997E-01   -1.426858888272523E-04    0.000000000000000E+00
    7.250000000000001E-01   -1.426858888272433E-04    0.000000000000000E+00
    7.375000000000000E-01   -1.426858888272342E-04    0.000000000000000E+00
    5.000000000000000E-01   -1.085839861833392E-04    0.000000000000000E+00
    5.125000000000000E-01   -1.085839861833318E-04    0.000000000000000E+00
    5.250000000000001E-01   -1.085839861833244E-04    0.000000000000000E+00
    5.375000000000003E-01   -1.085839861833169E-04    0.000000000000000E+00
    5.500000000000003E-01   -1.085839861833095E-04    0.000000000000000E+00
    5.625000000000002E-01   -1.085839861833021E-04    0.000000000000000E+00
    5.750000000000002E-01   -1.085839861832946E-04    0.000000000000000E+00
    5.875000000000001E-01   -1.085839861832872E-04    0.000000000000000E+00
    6.000000000000003E-01   -1.085839861832798E-04    0.000000000000000E+00
    6.125000000000003E-01   -1.085839861832723E-04    0.000000000000000E+00
    6.250000000000000E-01   -1.085839861832649E-04    0.000000000000000E+00
    6.375000000000000E-01   -1.085839861832574E-04    0.000000000000000E+00
    6.499999999999999E-01   -1.085839861832500E-04    0.000000000000000E+00
    6.625000000000001E-01   -1.085839861832426E-04    0.000000000000000E+00
    6.750000000000000E-01   -1.085839861832351E-04    0.000000000000000E+00
    6.875000000000000E-01   -1.085839861832277E-04    0.000000000000000E+00
    7.000000000000000E-01   -1.085839861832203E-04    0.000000000000000E+00
    7.124999999999999E-01   -1.085839861832128E-04    0.000000000000000E+00
    7.250000000000001E-01   -1.085839861832054E-04    0.000000000000000E+00
    7.374999999999999E-01   -1.085839861831979E-04    0.000000000000000E+00
    5.000000000000000E-01   -8.262542394591084E-05    0.000000000000000E+00
    5.125000000000000E-01   -8.262542394590510E-05    0.000000000000000E+00
    5.249999999999999E-01   -8.262542394589937E-05    0.000000000000000E+00
    5.375000000000001E-01   -8.262542394589364E-05    0.000000000000000E+00
    5.499999999999999E-01   -8.262542394588791E-05    0.000000000000000E+00
    5.625000000000000E-01   -8.262542394588216E-05    0.000000000000000E+00
    5.750000000000000E-01   -8.262542394587643E-05    0.000000000000000E+00
    5.874999999999999E-01   -8.262542394587069E-05    0.000000000000000E+00
    6.000000000000001E-01   -8.262542394586496E-05    0.000000000000000E+00
    6.125000000000000E-01   -8.262542394585920E-05    0.000000000000000E+00
    6.250000000000001E-01   -8.262542394585348E-05    0.000000000000000E+00
    6.375000000000000E-01   -8.262542394584772E-05    0.000000000000000E+00
    6.499999999999998E-01   -8.262542394584202E-05    0.000000000000000E+00
    6.624999999999999E-01   -8.262542394583626E-05    0.000000000000000E+00
    6.750000000000000E-01   -8.262542394583052E-05    0.000000000000000E+00
    6.875000000000002E-01   -8.262542394582481E-05    0.000000000000000E+00
    7.000000000000000E-01   -8.262542394581905E-05    0.000000000000000E+00
    7.124999999999999E-01   -8.262542394581334E-05    0.000000000000000E+00
    7.250000000000001E-01   -8.262542394580758E-05    0.000000000000000E+00
    7.375000000000003E-01   -8.262542394580187E-05    0.000000000000000E+00
    5.000000000000000E-01   -6.286341957198153E-05    0.000000000000000E+00
    5.125000000000000E-01   -6.286341957197703E-05    0.000000000000000E+00
    5.249999999999999E-01   -6.286341957197251E-05    0.000000000000000E+00
    5.375000000000001E-01   -6.286341957196801E-05    0.000000000000000E+00
    5.499999999999998E-01   -6.286341957196351E-05    0.000000000000000E+00
    5.625000000000000E-01   -6.286341957195902E-05    0.000000000000000E+00
    5.750000000000000E-01   -6.286341957195453E-05    0.000000000000000E+00
    5.874999999999999E-01   -6.286341957195000E-05    0.000000000000000E+00
    6.000000000000003E-01   -6.286341957194553E-05    0.000000000000000E+00
    6.125000000000003E-01   -6.286341957194100E-05    0.000000000000000E+00
    6.249999999999999E-01   -6.286341957193650E-05    0.000000000000000E+00
    6.375000000000000E-01   -6.286341957193198E-05    0.000000000000000E+00
    6.499999999999999E-01   -6.286341957192749E-05    0.000000000000000E+00
    6.625000000000001E-01   -6.286341957192299E-05    0.000000000000000E+00
    6.749999999999998E-01   -6.286341957191849E-05    0.000000000000000E+00
    6.875000000000000E-01   -6.286341957191398E-05    0.000000000000000E+00
    7.000000000000000E-01   -6.286341957190948E-05    0.000000000000000E+00
    7.125000000000000E-01   -6.286341957190498E-05    0.000000000000000E+00
    7.250000000000003E-01   -6.286341957190045E-05    0.000000000000000E+00
    7.375000000000000E-01   -6.286341957189597E-05    0.000000000000000E+00
    5.000000000000000E-01   -4.781590618971362E-05    0.000000000000000E+00
    5.125000000000000E-01   -4.781590618971013E-05    0.000000000000000E+00
    5.249999999999999E-01   -4.781590618970666E-05    0.000000000000000E+00
    5.375000000000003E-01   -4.781590618970318E-05    0.000000000000000E+00
    5.500000000000003E-01   -4.781590618969970E-05    0.000000000000000E+00
    5.625000000000000E-01   -4.781590618969621E-05    0.000000000000000E+00
    5.750000000000000E-01   -4.781590618969274E-05    0.000000000000000E+00
    5.874999999999998E-01   -4.781590618968926E-05    0.000000000000000E+00
    6.000000000000001E-01   -4.781590618968578E-05    0.000000000000000E+00
    6.125000000000002E-01   -4.781590618968232E-05    0.000000000000000E+00
    6.250000000000000E-01   -4.781590618967882E-05    0.000000000000000E+00
    6.375000000000000E-01   -4.781590618967534E-05    0.000000000000000E+00
    6.500000000000000E-01   -4.781590618967185E-05    0.000000000000000E+00
    6.625000000000000E-01   -4.781590618966837E-05    0.000000000000000E+00
    6.750000000000003E-01   -4.781590618966489E-05    0.000000000000000E+00
    6.875000000000001E-01   -4.781590618966142E-05    0.000000000000000E+00
    7.000000000000000E-01   -4.781590618965794E-05    0.000000000000000E+00
    7.124999999999999E-01   -4.781590618965445E-05    0.000000000000000E+00
    7.250000000000001E-01   -4.781590618965098E-05    0.000000000000000E+00
    7.374999999999998E-01   -4.781590618964751E-05    0.000000000000000E+00
    5.000000000000000E-01   -3.635438384204743E-05    0.000000000000000E+00
    5.125000000000000E-01   -3.635438384204449E-05    0.000000000000000E+00
    5.250000000000001E-01   -3.635438384204156E-05    0.000000000000000E+00
    5.375000000000001E-01   -3.635438384203864E-05    0.000000000000000E+00
    5.500000000000000E-01   -3.635438384203570E-05    0.000000000000000E+00
    5.625000000000000E-01   -3.635438384203275E-05    0.000000000000000E+00
    5.750000000000000E-01   -3.635438384202982E-05    0.000000000000000E+00
    5.874999999999999E-01   -3.635438384202688E-05    0.000000000000000E+00
    6.000000000000000E-01   -3.635438384202397E-05    0.000000000000000E+00
    6.124999999999999E-01   -3.635438384202102E-05    0.000000000000000E+00
    6.250000000000000E-01   -3.635438384201807E-05    0.000000000000000E+00
    6.375000000000001E-01   -3.635438384201515E-05    0.000000000000000E+00
    6.499999999999999E-01   -3.635438384201221E-05    0.000000000000000E+00
    6.625000000000001E-01   -3.635438384200928E-05    0.000000000000000E+00
    6.750000000000000E-01   -3.635438384200634E-05    0.000000000000000E+00
    6.875000000000000E-01   -3.635438384200339E-05    0.000000000000000E+00
    7.000000000000001E-01   -3.635438384200047E-05    0.000000000000000E+00
    7.124999999999999E-01   -3.635438384199753E-05    0.000000000000000E+00
    7.250000000000001E-01   -3.635438384199460E-05    0.000000000000000E+00
    7.375000000000000E-01   -3.635438384199166E-05    0.000000000000000E+00
    5.000000000000000E-01   -2.761928675564913E-05    0.000000000000000E+00
    5.124999999999997E-01   -2.761928675564702E-05    0.000000000000000E+00
    5.249999999999999E-01   -2.761928675564491E-05    0.000000000000000E+00
    5.375000000000003E-01   -2.761928675564281E-05    0.000000000000000E+00
    5.500000000000000E-01   -2.761928675564068E-05    0.000000000000000E+00
    5.625000000000001E-01   -2.761928675563858E-05    0.000000000000000E+00
    5.749999999999998E-01   -2.761928675563646E-05    0.000000000000000E+00
    5.874999999999999E-01   -2.761928675563436E-05    0.000000000000000E+00
    5.999999999999999E-01   -2.761928675563225E-05    0.000000000000000E+00
    6.125000000000000E-01   -2.761928675563014E-05    0.000000000000000E+00
    6.250000000000002E-01   -2.761928675562802E-05    0.000000000000000E+00
    6.375000000000000E-01   -2.761928675562591E-05    0.000000000000000E+00
    6.499999999999999E-01   -2.761928675562380E-05    0.000000000000000E+00
    6.625000000000001E-01   -2.761928675562168E-05    0.000000000000000E+00
    6.750000000000003E-01   -2.761928675561958E-05    0.000000000000000E+00
    6.874999999999998E-01   -2.761928675561747E-05    0.000000000000000E+00
    7.000000000000000E-01   -2.761928675561535E-05    0.000000000000000E+00
    7.124999999999998E-01   -2.761928675561324E-05    0.000000000000000E+00
    7.250000000000001E-01   -2.761928675561114E-05    0.000000000000000E+00
    7.374999999999998E-01   -2.761928675560902E-05    0.000000000000000E+00
    5.000000000000000E-01   -2.095551953791196E-05    0.000000000000000E+00
    5.124999999999998E-01   -2.095551953791032E-05    0.000000000000000E+00
    5.249999999999999E-01   -2.095551953790868E-05    0.000000000000000E+00
    5.375000000000003E-01   -2.095551953790704E-05    0.000000000000000E+00
    5.500000000000000E-01   -2.095551953790540E-05    0.000000000000000E+00
    5.625000000000000E-01   -2.095551953790376E-05    0.000000000000000E+00
    5.750000000000000E-01   -2.095551953790212E-05    0.000000000000000E+00
    5.874999999999999E-01   -2.095551953790048E-05    0.000000000000000E+00
    5.999999999999999E-01   -2.095551953789884E-05    0.000000000000000E+00
    6.124999999999999E-01   -2.095551953789721E-05    0.000000000000000E+00
    6.250000000000000E-01   -2.095551953789556E-05    0.000000000000000E+00
    6.375000000000002E-01   -2.095551953789392E-05    0.000000000000000E+00
    6.499999999999999E-01   -2.095551953789228E-05    0.000000000000000E+00
    6.625000000000001E-01   -2.095551953789064E-05    0.000000000000000E+00
    6.750000000000000E-01   -2.095551953788900E-05    0.000000000000000E+00
    6.875000000000000E-01   -2.095551953788736E-05    0.000000000000000E+00
    6.999999999999998E-01   -2.095551953788572E-05    0.000000000000000E+00
    7.124999999999999E-01   -2.095551953788408E-05    0.000000000000000E+00
    7.250000000000003E-01   -2.095551953788244E-05    0.000000000000000E+00
    7.375000000000000E-01   -2.095551953788080E-05    0.000000000000000E+00
    5.000000000000000E-01   -1.586332778902032E-05    0.000000000000000E+00
    5.124999999999997E-01   -1.586332778901899E-05    0.000000000000000E+00
    5.249999999999998E-01   -1.586332778901768E-05    0.000000000000000E+00
    5.375000000000001E-01   -1.586332778901636E-05    0.000000000000000E+00
    5.500000000000000E-01   -1.586332778901503E-05    0.000000000000000E+00
    5.625000000000000E-01   -1.586332778901371E-05    0.000000000000000E+00
    5.750000000000000E-01   -1.586332778901239E-05    0.000000000000000E+00
    5.875000000000000E-01   -1.586332778901107E-05    0.000000000000000E+00
    6.000000000000003E-01   -1.586332778900975E-05    0.000000000000000E+00
    6.125000000000003E-01   -1.586332778900844E-05    0.000000000000000E+00
    6.250000000000000E-01   -1.586332778900711E-05    0.000000000000000E+00
    6.374999999999998E-01   -1.586332778900579E-05    0.000000000000000E+00
    6.499999999999999E-01   -1.586332778900447E-05    0.000000000000000E+00
    6.625000000000001E-01   -1.586332778900315E-05    0.000000000000000E+00
    6.750000000000000E-01   -1.586332778900182E-05    0.000000000000000E+00
    6.875000000000000E-01   -1.586332778900051E-05    0.000000000000000E+00
    7.000000000000001E-01   -1.586332778899918E-05    0.000000000000000E+00
    7.124999999999999E-01   -1.586332778899786E-05    0.000000000000000E+00
    7.250000000000001E-01   -1.586332778899654E-05    0.000000000000000E+00
    7.374999999999999E-01   -1.586332778899522E-05    0.000000000000000E+00
    5.000000000000000E-01   -1.196081863245844E-05    0.000000000000000E+00
    5.125000000000000E-01   -1.196081863245741E-05    0.000000000000000E+00
    5.249999999999999E-01   -1.196081863245638E-05    0.000000000000000E+00
    5.375000000000001E-01   -1.196081863245535E-05    0.000000000000000E+00
    5.500000000000000E-01   -1.196081863245431E-05    0.000000000000000E+00
    5.625000000000000E-01   -1.196081863245328E-05    0.000000000000000E+00
    5.750000000000000E-01   -1.196081863245225E-05    0.000000000000000E+00
    5.874999999999999E-01   -1.196081863245122E-05    0.000000000000000E+00
    6.000000000000001E-01   -1.196081863245019E-05    0.000000000000000E+00
    6.125000000000000E-01   -1.196081863244916E-05    0.000000000000000E+00
    6.250000000000000E-01   -1.196081863244812E-05    0.000000000000000E+00
    6.375000000000000E-01   -1.196081863244709E-05    0.000000000000000E+00
    6.499999999999999E-01   -1.196081863244606E-05    0.000000000000000E+00
    6.625000000000001E-01   -1.196081863244502E-05    0.000000000000000E+00
    6.750000000000002E-01   -1.196081863244399E-05    0.000000000000000E+00
    6.875000000000001E-01   -1.196081863244296E-05    0.000000000000000E+00
    7.000000000000001E-01   -1.196081863244193E-05    0.000000000000000E+00
    7.125000000000000E-01   -1.196081863244090E-05    0.000000000000000E+00
    7.250000000000003E-01   -1.196081863243987E-05    0.000000000000000E+00
    7.375000000000003E-01   -1.196081863243884E-05    0.000000000000000E+00
    5.000000000000000E-01   -8.955320362029691E-06    0.000000000000000E+00
    5.124999999999998E-01   -8.955320362029024E-06    0.000000000000000E+00
    5.249999999999999E-01   -8.955320362028357E-06    0.000000000000000E+00
    5.375000000000001E-01   -8.955320362027691E-06    0.000000000000000E+00
    5.500000000000000E-01   -8.955320362027020E-06    0.000000000000000E+00
    5.625000000000000E-01   -8.955320362026349E-06    0.000000000000000E+00
    5.750000000000000E-01   -8.955320362025682E-06    0.000000000000000E+00
    5.874999999999999E-01   -8.955320362025014E-06    0.000000000000000E+00
    6.000000000000001E-01   -8.955320362024348E-06    0.000000000000000E+00
    6.125000000000000E-01   -8.955320362023681E-06    0.000000000000000E+00
    6.250000000000001E-01   -8.955320362023012E-06    0.000000000000000E+00
    6.375000000000000E-01   -8.955320362022341E-06    0.000000000000000E+00
    6.499999999999999E-01   -8.955320362021673E-06    0.000000000000000E+00
    6.625000000000002E-01   -8.955320362021008E-06    0.000000000000000E+00
    6.750000000000000E-01   -8.955320362020340E-06    0.000000000000000E+00
    6.875000000000000E-01   -8.955320362019674E-06    0.000000000000000E+00
    7.000000000000000E-01   -8.955320362019005E-06    0.000000000000000E+00
    7.124999999999998E-01   -8.955320362018336E-06    0.000000000000000E+00
    7.250000000000001E-01   -8.955320362017669E-06    0.000000000000000E+00
    7.375000000000000E-01   -8.955320362016998E-06    0.000000000000000E+00
    5.000000000000000E-01   -6.621433299863119E-06    0.000000000000000E+00
    5.124999999999998E-01   -6.621433299862442E-06    0.000000000000000E+00
    5.249999999999999E-01   -6.621433299861763E-06    0.000000000000000E+00
    5.375000000000002E-01   -6.621433299861086E-06    0.000000000000000E+00
    5.500000000000003E-01   -6.621433299860408E-06    0.000000000000000E+00
    5.625000000000000E-01   -6.621433299859729E-06    0.000000000000000E+00
    5.750000000000000E-01   -6.621433299859051E-06    0.000000000000000E+00
    5.874999999999999E-01   -6.621433299858373E-06    0.000000000000000E+00
    5.999999999999999E-01   -6.621433299857696E-06    0.000000000000000E+00
    6.125000000000000E-01   -6.621433299857018E-06    0.000000000000000E+00
    6.250000000000000E-01   -6.621433299856339E-06    0.000000000000000E+00
    6.375000000000002E-01   -6.621433299855661E-06    0.000000000000000E+00
    6.499999999999999E-01   -6.621433299854984E-06    0.000000000000000E+00
    6.625000000000001E-01   -6.621433299854307E-06    0.000000000000000E+00
    6.750000000000002E-01   -6.621433299853626E-06    0.000000000000000E+00
    6.874999999999998E-01   -6.621433299852948E-06    0.000000000000000E+00
    7.000000000000000E-01   -6.621433299852271E-06    0.000000000000000E+00
    7.125000000000000E-01   -6.621433299851595E-06    0.000000000000000E+00
    7.250000000000003E-01   -6.621433299850917E-06    0.000000000000000E+00
    7.375000000000000E-01   -6.621433299850236E-06    0.000000000000000E+00
    5.000000000000000E-01   -4.784125772450411E-06    0.000000000000000E+00
    5.124999999999997E-01   -4.784125772449848E-06    0.000000000000000E+00
    5.249999999999999E-01   -4.784125772449287E-06    0.000000000000000E+00
    5.375000000000001E-01   -4.784125772448726E-06    0.000000000000000E+00
    5.500000000000000E-01   -4.784125772448163E-06    0.000000000000000E+00
    5.625000000000001E-01   -4.784125772447601E-06    0.000000000000000E+00
    5.750000000000000E-01   -4.784125772447037E-06    0.000000000000000E+00
    5.875000000000000E-01   -4.784125772446477E-06    0.000000000000000E+00
    6.000000000000001E-01   -4.784125772445915E-06    0.000000000000000E+00
    6.124999999999999E-01   -4.784125772445353E-06    0.000000000000000E+00
    6.250000000000000E-01   -4.784125772444790E-06    0.000000000000000E+00
    6.375000000000002E-01   -4.784125772444227E-06    0.000000000000000E+00
    6.499999999999997E-01   -4.784125772443666E-06    0.000000000000000E+00
    6.625000000000001E-01   -4.784125772443104E-06    0.000000000000000E+00
    6.750000000000000E-01   -4.784125772442542E-06    0.000000000000000E+00
    6.875000000000000E-01   -4.784125772441979E-06    0.000000000000000E+00
    7.000000000000000E-01   -4.784125772441416E-06    0.000000000000000E+00
    7.124999999999999E-01   -4.784125772440855E-06    0.000000000000000E+00
    7.250000000000001E-01   -4.784125772440294E-06    0.000000000000000E+00
    7.375000000000003E-01   -4.784125772439732E-06    0.000000000000000E+00
    5.000000000000000E-01   -3.305607474302689E-06    0.000000000000000E+00
    5.125000000000000E-01   -3.305607474302396E-06    0.000000000000000E+00
    5.249999999999999E-01   -3.305607474302104E-06    0.000000000000000E+00
    5.375000000000003E-01   -3.305607474301812E-06    0.000000000000000E+00
    5.500000000000002E-01   -3.305607474301518E-06    0.000000000000000E+00
    5.625000000000000E-01   -3.305607474301226E-06    0.000000000000000E+00
    5.750000000000000E-01   -3.305607474300933E-06    0.000000000000000E+00
    5.874999999999997E-01   -3.305607474300641E-06    0.000000000000000E+00
    6.000000000000001E-01   -3.305607474300349E-06    0.000000000000000E+00
    6.125000000000003E-01   -3.305607474300056E-06    0.000000000000000E+00
    6.250000000000000E-01   -3.305607474299762E-06    0.000000000000000E+00
    6.375000000000000E-01   -3.305607474299470E-06    0.000000000000000E+00
    6.499999999999999E-01   -3.305607474299177E-06    0.000000000000000E+00
    6.624999999999999E-01   -3.305607474298885E-06    0.000000000000000E+00
    6.750000000000000E-01   -3.305607474298591E-06    0.000000000000000E+00
    6.875000000000001E-01   -3.305607474298300E-06    0.000000000000000E+00
    7.000000000000000E-01   -3.305607474298006E-06    0.000000000000000E+00
    7.124999999999999E-01   -3.305607474297714E-06    0.000000000000000E+00
    7.250000000000002E-01   -3.305607474297422E-06    0.000000000000000E+00
    7.374999999999998E-01   -3.305607474297129E-06    0.000000000000000E+00
    5.000000000000000E-01   -2.074995776936109E-06    0.000000000000000E+00
    5.125000000000000E-01   -2.074995776935805E-06    0.000000000000000E+00
    5.249999999999999E-01   -2.074995776935500E-06    0.000000000000000E+00
    5.375000000000001E-01   -2.074995776935195E-06    0.000000000000000E+00
    5.500000000000000E-01   -2.074995776934892E-06    0.000000000000000E+00
    5.625000000000000E-01   -2.074995776934588E-06    0.000000000000000E+00
    5.750000000000000E-01   -2.074995776934283E-06    0.000000000000000E+00
    5.874999999999999E-01   -2.074995776933979E-06    0.000000000000000E+00
    6.000000000000001E-01   -2.074995776933674E-06    0.000000000000000E+00
    6.125000000000002E-01   -2.074995776933371E-06    0.000000000000000E+00
    6.250000000000001E-01   -2.074995776933066E-06    0.000000000000000E+00
    6.375000000000002E-01   -2.074995776932762E-06    0.000000000000000E+00
    6.500000000000001E-01   -2.074995776932457E-06    0.000000000000000E+00
    6.625000000000003E-01   -2.074995776932153E-06    0.000000000000000E+00
    6.750000000000003E-01   -2.074995776931850E-06    0.000000000000000E+00
    6.875000000000002E-01   -2.074995776931545E-06    0.000000000000000E+00
    7.000000000000000E-01   -2.074995776931241E-06    0.000000000000000E+00
    7.124999999999999E-01   -2.074995776930936E-06    0.000000000000000E+00
    7.250000000000001E-01   -2.074995776930632E-06    0.000000000000000E+00
    7.375000000000000E-01   -2.074995776930328E-06    0.000000000000000E+00
    5.000000000000000E-01   -1.000000000000000E-06    0.000000000000000E+00
    5.124999999999998E-01   -9.999999999998860E-07    0.000000000000000E+00
    5.249999999999999E-01   -9.999999999997721E-07    0.000000000000000E+00
    5.375000000000001E-01   -9.999999999996590E-07    0.000000000000000E+00
    5.500000000000003E-01   -9.999999999995449E-07    0.000000000000000E+00
    5.625000000000000E-01   -9.999999999994312E-07    0.000000000000000E+00
    5.749999999999997E-01   -9.999999999993172E-07    0.000000000000000E+00
    5.875000000000000E-01   -9.999999999992035E-07    0.000000000000000E+00
    6.000000000000001E-01   -9.999999999990898E-07    0.000000000000000E+00
    6.125000000000000E-01   -9.999999999989761E-07    0.000000000000000E+00
    6.250000000000000E-01   -9.999999999988622E-07    0.000000000000000E+00
    6.375000000000000E-01   -9.999999999987485E-07    0.000000000000000E+00
    6.499999999999999E-01   -9.999999999986347E-07    0.000000000000000E+00
    6.625000000000000E-01   -9.999999999985208E-07    0.000000000000000E+00
    6.750000000000003E-01   -9.999999999984071E-07    0.000000000000000E+00
    6.875000000000000E-01   -9.999999999982934E-07    0.000000000000000E+00
    7.000000000000000E-01   -9.999999999981795E-07    0.000000000000000E+00
    7.124999999999999E-01   -9.999999999980658E-07    0.000000000000000E+00
    7.250000000000001E-01   -9.999999999979520E-07    0.000000000000000E+00
    7.374999999999999E-01   -9.999999999978379E-07    0.000000000000000E+00
    5.000000000000000E-01    0.000000000000000E+00    0.000000000000000E+00
    5.125000000000000E-01    0.000000000000000E+00    0.000000000000000E+00
    5.249999999999999E-01    0.000000000000000E+00    0.000000000000000E+00
    5.375000000000001E-01    0.000000000000000E+00    0.000000000000000E+00
    5.500000000000000E-01    0.000000000000000E+00    0.000000000000000E+00
    5.625000000000000E-01    0.000000000000000E+00    0.000000000000000E+00
    5.750000000000000E-01    0.000000000000000E+00    0.000000000000000E+00
    5.874999999999999E-01    0.000000000000000E+00    0.000000000000000E+00
    6.000000000000001E-01    0.000000000000000E+00    0.000000000000000E+00
    6.125000000000000E-01    0.000000000000000E+00    0.000000000000000E+00
    6.250000000000000E-01    0.000000000000000E+00    0.000000000000000E+00
    6.375000000000002E-01    0.000000000000000E+00    0.000000000000000E+00
    6.499999999999999E-01    0.000000000000000E+00    0.000000000000000E+00
    6.625000000000001E-01    0.000000000000000E+00    0.000000000000000E+00
    6.750000000000000E-01    0.000000000000000E+00    0.000000000000000E+00
    6.875000000000000E-01    0.000000000000000E+00    0.000000000000000E+00
    7.000000000000002E-01    0.000000000000000E+00    0.000000000000000E+00
    7.124999999999999E-01    0.000000000000000E+00    0.000000000000000E+00
    7.250000000000001E-01    0.000000000000000E+00    0.000000000000000E+00
    7.375000000000000E-01    0.000000000000000E+00    0.000000000000000E+00
    5.000000000000000E-01   -1.000000000000000E-01    5.000000000000000E-01
    5.125000000000000E-01   -1.000000000000000E-01    5.000000000000000E-01
    5.250000000000000E-01   -1.000000000000000E-01    5.000000000000000E-01
    5.375000000000001E-01   -1.000000000000000E-01    5.000000000000000E-01
    5.500000000000000E-01   -1.000000000000000E-01    5.000000000000000E-01
    5.625000000000000E-01   -1.000000000000000E-01    5.000000000000000E-01
    5.750000000000000E-01   -1.000000000000000E-01    5.000000000000000E-01
    5.875000000000000E-01   -1.000000000000000E-01    5.000000000000000E-01
    6.000000000000001E-01   -1.000000000000000E-01    5.000000000000000E-01
    6.125000000000000E-01   -1.000000000000000E-01    5.000000000000000E-01
    6.250000000000000E-01   -1.000000000000000E-01    5.000000000000000E-01
    6.375000000000000E-01   -1.000000000000000E-01    5.000000000000000E-01
    6.500000000000000E-01   -1.000000000000000E-01    5.000000000000000E-01
    6.625000000000001E-01   -1.000000000000000E-01    5.000000000000000E-01
    6.750000000000000E-01   -9.999999999999999E-02    5.000000000000000E-01
    6.875000000000000E-01   -1.000000000000000E-01    5.000000000000000E-01
    7.000000000000000E-01   -1.000000000000000E-01    5.000000000000000E-01
    7.125000000000000E-01   -1.000000000000000E-01    5.000000000000000E-01
    7.250000000000001E-01   -1.000000000000000E-01    5.000000000000000E-01
    7.375000000000000E-01   -1.000000000000000E-01    5.000000000000000E-01
    5.000000000000000E-01   -7.610890089513635E-02    5.000000000000000E-01
    5.125000000000000E-01   -7.610890089513615E-02    5.000000000000000E-01
    5.249999999999999E-01   -7.610890089513594E-02    5.000000000000000E-01
    5.375000000000001E-01   -7.610890089513576E-02    5.000000000000000E-01
    5.500000000000000E-01   -7.610890089513551E-02    5.000000000000000E-01
    5.625000000000000E-01   -7.610890089513533E-02    5.000000000000000E-01
    5.750000000000000E-01   -7.610890089513515E-02    5.000000000000000E-01
    5.874999999999999E-01   -7.610890089513490E-02    5.000000000000000E-01
    6.000000000000001E-01   -7.610890089513472E-02    5.000000000000000E-01
    6.125000000000000E-01   -7.610890089513453E-02    5.000000000000000E-01
    6.250000000000000E-01   -7.610890089513432E-02    5.000000000000000E-01
    6.375000000000000E-01   -7.610890089513411E-02    5.000000000000000E-01
    6.499999999999999E-01   -7.610890089513393E-02    5.000000000000000E-01
    6.625000000000001E-01   -7.610890089513371E-02    5.000000000000000E-01
    6.750000000000000E-01   -7.610890089513350E-02    5.000000000000000E-01
    6.875000000000000E-01   -7.610890089513331E-02    5.000000000000000E-01
    7.000000000000000E-01   -7.610890089513311E-02    5.000000000000000E-01
    7.124999999999999E-01   -7.610890089513289E-02    5.000000000000000E-01
    7.250000000000001E-01   -7.610890089513270E-02    5.000000000000000E-01
    7.375000000000000E-01   -7.610890089513250E-02    5.000000000000000E-01
    5.000000000000000E-01   -5.792564794465697E-02    5.000000000000000E-01
    5.125000000000000E-01   -5.792564794465666E-02    5.000000000000000E-01
    5.249999999999998E-01   -5.792564794465635E-02    5.000000000000000E-01
    5.375000000000001E-01   -5.792564794465605E-02    5.000000000000000E-01
    5.500000000000000E-01   -5.792564794465573E-02    5.000000000000000E-01
    5.625000000000000E-01   -5.792564794465540E-02    5.000000000000000E-01
    5.750000000000000E-01   -5.792564794465510E-02    5.000000000000000E-01
    5.875000000000000E-01   -5.792564794465479E-02    5.000000000000000E-01
    6.000000000000001E-01   -5.792564794465448E-02    5.000000000000000E-01
    6.125000000000000E-01   -5.792564794465417E-02    5.000000000000000E-01
    6.250000000000000E-01   -5.792564794465385E-02    5.000000000000000E-01
    6.375000000000000E-01   -5.792564794465354E-02    5.000000000000000E-01
    6.499999999999999E-01   -5.792564794465323E-02    5.000000000000000E-01
    6.625000000000001E-01   -5.792564794465293E-02    5.000000000000000E-01
    6.750000000000000E-01   -5.792564794465260E-02    5.000000000000000E-01
    6.875000000000000E-01   -5.792564794465230E-02    5.000000000000000E-01
    7.000000000000000E-01   -5.792564794465200E-02    5.000000000000000E-01
    7.125000000000001E-01   -5.792564794465167E-02    5.000000000000000E-01
    7.250000000000001E-01   -5.792564794465137E-02    5.000000000000000E-01
    7.375000000000000E-01   -5.792564794465105E-02    5.000000000000000E-01
    5.000000000000000E-01   -4.408657396631459E-02    5.000000000000000E-01
    5.125000000000000E-01   -4.408657396631424E-02    5.000000000000000E-01
    5.249999999999999E-01   -4.408657396631387E-02    5.000000000000000E-01
    5.375000000000001E-01   -4.408657396631353E-02    5.000000000000000E-01
    5.500000000000000E-01   -4.408657396631319E-02    5.000000000000000E-01
    5.625000000000000E-01   -4.408657396631283E-02    5.000000000000000E-01
    5.750000000000000E-01   -4.408657396631247E-02    5.000000000000000E-01
    5.874999999999999E-01   -4.408657396631212E-02    5.000000000000000E-01
    6.000000000000001E-01   -4.408657396631176E-02    5.000000000000000E-01
    6.125000000000000E-01   -4.408657396631141E-02    5.000000000000000E-01
    6.250000000000000E-01   -4.408657396631105E-02    5.000000000000000E-01
    6.375000000000000E-01   -4.408657396631070E-02    5.000000000000000E-01
    6.499999999999999E-01   -4.408657396631033E-02    5.000000000000000E-01
    6.625000000000001E-01   -4.408657396630999E-02    5.000000000000000E-01
    6.750000000000000E-01   -4.408657396630963E-02    5.000000000000000E-01
    6.875000000000000E-01   -4.408657396630928E-02    5.000000000000000E-01
    7.000000000000000E-01   -4.408657396630893E-02    5.000000000000000E-01
    7.124999999999999E-01   -4.408657396630858E-02    5.000000000000000E-01
    7.250000000000001E-01   -4.408657396630822E-02    5.000000000000000E-01
    7.375000000000000E-01   -4.408657396630785E-02    5.000000000000000E-01
    5.000000000000000E-01   -3.355380685502734E-02    5.000000000000000E-01
    5.125000000000000E-01   -3.355380685502698E-02    5.000000000000000E-01
    5.249999999999999E-01   -3.355380685502662E-02    5.000000000000000E-01
    5.375000000000001E-01   -3.355380685502627E-02    5.000000000000000E-01
    5.500000000000000E-01   -3.355380685502590E-02    5.000000000000000E-01
    5.625000000000000E-01   -3.355380685502554E-02    5.000000000000000E-01
    5.750000000000000E-01   -3.355380685502517E-02    5.000000000000000E-01
    5.874999999999999E-01   -3.355380685502481E-02    5.000000000000000E-01
    6.000000000000001E-01   -3.355380685502447E-02    5.000000000000000E-01
    6.125000000000000E-01   -3.355380685502411E-02    5.000000000000000E-01
    6.250000000000000E-01   -3.355380685502373E-02    5.000000000000000E-01
    6.375000000000000E-01   -3.355380685502337E-02    5.000000000000000E-01
    6.499999999999999E-01   -3.355380685502302E-02    5.000000000000000E-01
    6.625000000000001E-01   -3.355380685502266E-02    5.000000000000000E-01
    6.750000000000000E-01   -3.355380685502229E-02    5.000000000000000E-01
    6.875000000000000E-01   -3.355380685502194E-02    5.000000000000000E-01
    7.000000000000000E-01   -3.355380685502157E-02    5.000000000000000E-01
    7.124999999999999E-01   -3.355380685502122E-02    5.000000000000000E-01
    7.250000000000001E-01   -3.355380685502086E-02    5.000000000000000E-01
    7.375000000000000E-01   -3.355380685502048E-02    5.000000000000000E-01
    5.000000000000000E-01   -2.553743355799697E-02    5.000000000000000E-01
    5.125000000000000E-01   -2.553743355799663E-02    5.000000000000000E-01
    5.249999999999999E-01   -2.553743355799628E-02    5.000000000000000E-01
    5.375000000000001E-01   -2.553743355799594E-02    5.000000000000000E-01
    5.500000000000000E-01   -2.553743355799560E-02    5.000000000000000E-01
    5.625000000000000E-01   -2.553743355799525E-02    5.000000000000000E-01
    5.750000000000000E-01   -2.553743355799491E-02    5.000000000000000E-01
    5.874999999999999E-01   -2.553743355799457E-02    5.000000000000000E-01
    6.000000000000001E-01   -2.553743355799423E-02    5.000000000000000E-01
    6.125000000000000E-01   -2.553743355799389E-02    5.000000000000000E-01
    6.250000000000000E-01   -2.553743355799354E-02    5.000000000000000E-01
    6.375000000000000E-01   -2.553743355799320E-02    5.000000000000000E-01
    6.499999999999999E-01   -2.553743355799286E-02    5.000000000000000E-01
    6.625000000000001E-01   -2.553743355799251E-02    5.000000000000000E-01
    6.750000000000000E-01   -2.553743355799216E-02    5.000000000000000E-01
    6.875000000000000E-01   -2.553743355799183E-02    5.000000000000000E-01
    7.000000000000002E-01   -2.553743355799148E-02    5.000000000000000E-01
    7.124999999999999E-01   -2.553743355799114E-02    5.000000000000000E-01
    7.250000000000003E-01   -2.553743355799080E-02    5.000000000000000E-01
    7.375000000000000E-01   -2.553743355799046E-02    5.000000000000000E-01
    5.000000000000000E-01   -1.943625993160287E-02    5.000000000000000E-01
    5.125000000000000E-01   -1.943625993160256E-02    5.000000000000000E-01
    5.249999999999999E-01   -1.943625993160224E-02    5.000000000000000E-01
    5.375000000000001E-01   -1.943625993160193E-02    5.000000000000000E-01
    5.500000000000000E-01   -1.943625993160162E-02    5.000000000000000E-01
    5.625000000000000E-01   -1.943625993160131E-02    5.000000000000000E-01
    5.749999999999997E-01   -1.943625993160100E-02    5.000000000000000E-01
    5.874999999999999E-01   -1.943625993160068E-02    5.000000000000000E-01
    6.000000000000001E-01   -1.943625993160037E-02    5.000000000000000E-01
    6.125000000000000E-01   -1.943625993160006E-02    5.000000000000000E-01
    6.249999999999998E-01   -1.943625993159975E-02    5.000000000000000E-01
    6.375000000000000E-01   -1.943625993159943E-02    5.000000000000000E-01
    6.499999999999999E-01   -1.943625993159913E-02    5.000000000000000E-01
    6.624999999999999E-01   -1.943625993159881E-02    5.000000000000000E-01
    6.750000000000000E-01   -1.943625993159849E-02    5.000000000000000E-01
    6.875000000000000E-01   -1.943625993159818E-02    5.000000000000000E-01
    7.000000000000000E-01   -1.943625993159788E-02    5.000000000000000E-01
    7.124999999999998E-01   -1.943625993159756E-02    5.000000000000000E-01
    7.250000000000003E-01   -1.943625993159724E-02    5.000000000000000E-01
    7.374999999999998E-01   -1.943625993159694E-02    5.000000000000000E-01
    5.000000000000000E-01   -1.479272371951154E-02    5.000000000000000E-01
    5.125000000000000E-01   -1.479272371951127E-02    5.000000000000000E-01
    5.249999999999999E-01   -1.479272371951099E-02    5.000000000000000E-01
    5.375000000000001E-01   -1.479272371951072E-02    5.000000000000000E-01
    5.500000000000000E-01   -1.479272371951043E-02    5.000000000000000E-01
    5.625000000000000E-01   -1.479272371951015E-02    5.000000000000000E-01
    5.749999999999997E-01   -1.479272371950988E-02    5.000000000000000E-01
    5.874999999999999E-01   -1.479272371950960E-02    5.000000000000000E-01
    5.999999999999999E-01   -1.479272371950932E-02    5.000000000000000E-01
    6.125000000000000E-01   -1.479272371950905E-02    5.000000000000000E-01
    6.250000000000000E-01   -1.479272371950877E-02    5.000000000000000E-01
    6.375000000000000E-01   -1.479272371950849E-02    5.000000000000000E-01
    6.499999999999999E-01   -1.479272371950821E-02    5.000000000000000E-01
    6.625000000000001E-01   -1.479272371950793E-02    5.000000000000000E-01
    6.750000000000000E-01   -1.479272371950765E-02    5.000000000000000E-01
    6.875000000000000E-01   -1.479272371950738E-02    5.000000000000000E-01
    7.000000000000000E-01   -1.479272371950710E-02    5.000000000000000E-01
    7.124999999999999E-01   -1.479272371950682E-02    5.000000000000000E-01
    7.250000000000001E-01   -1.479272371950654E-02    5.000000000000000E-01
    7.375000000000000E-01   -1.479272371950626E-02    5.000000000000000E-01
    5.000000000000000E-01   -1.125857931576618E-02    5.000000000000000E-01
    5.125000000000000E-01   -1.125857931576594E-02    5.000000000000000E-01
    5.249999999999999E-01   -1.125857931576570E-02    5.000000000000000E-01
    5.374999999999999E-01   -1.125857931576546E-02    5.000000000000000E-01
    5.500000000000000E-01   -1.125857931576522E-02    5.000000000000000E-01
    5.625000000000000E-01   -1.125857931576497E-02    5.000000000000000E-01
    5.750000000000000E-01   -1.125857931576473E-02    5.000000000000000E-01
    5.874999999999999E-01   -1.125857931576449E-02    5.000000000000000E-01
    6.000000000000001E-01   -1.125857931576425E-02    5.000000000000000E-01
    6.124999999999999E-01   -1.125857931576401E-02    5.000000000000000E-01
    6.250000000000000E-01   -1.125857931576377E-02    5.000000000000000E-01
    6.375000000000000E-01   -1.125857931576352E-02    5.000000000000000E-01
    6.500000000000001E-01   -1.125857931576328E-02    5.000000000000000E-01
    6.625000000000001E-01   -1.125857931576304E-02    5.000000000000000E-01
    6.750000000000000E-01   -1.125857931576280E-02    5.000000000000000E-01
    6.874999999999998E-01   -1.125857931576256E-02    5.000000000000000E-01
    7.000000000000000E-01   -1.125857931576232E-02    5.000000000000000E-01
    7.124999999999999E-01   -1.125857931576208E-02    5.000000000000000E-01
    7.250000000000001E-01   -1.125857931576183E-02    5.000000000000000E-01
    7.375000000000000E-01   -1.125857931576160E-02    5.000000000000000E-01
    5.000000000000000E-01   -8.568780815003540E-03    5.000000000000000E-01
    5.125000000000000E-01   -8.568780815003334E-03    5.000000000000000E-01
    5.250000000000001E-01   -8.568780815003126E-03    5.000000000000000E-01
    5.375000000000001E-01   -8.568780815002923E-03    5.000000000000000E-01
    5.500000000000000E-01   -8.568780815002713E-03    5.000000000000000E-01
    5.625000000000000E-01   -8.568780815002503E-03    5.000000000000000E-01
    5.750000000000000E-01   -8.568780815002298E-03    5.000000000000000E-01
    5.874999999999999E-01   -8.568780815002092E-03    5.000000000000000E-01
    6.000000000000001E-01   -8.568780815001883E-03    5.000000000000000E-01
    6.125000000000003E-01   -8.568780815001681E-03    5.000000000000000E-01
    6.249999999999998E-01   -8.568780815001471E-03    5.000000000000000E-01
    6.375000000000000E-01   -8.568780815001261E-03    5.000000000000000E-01
    6.499999999999999E-01   -8.568780815001056E-03    5.000000000000000E-01
    6.625000000000001E-01   -8.568780815000848E-03    5.000000000000000E-01
    6.750000000000000E-01   -8.568780815000641E-03    5.000000000000000E-01
    6.875000000000000E-01   -8.568780815000435E-03    5.000000000000000E-01
    6.999999999999997E-01   -8.568780815000229E-03    5.000000000000000E-01
    7.125000000000001E-01   -8.568780815000019E-03    5.000000000000000E-01
    7.249999999999999E-01   -8.568780814999814E-03    5.000000000000000E-01
    7.375000000000002E-01   -8.568780814999606E-03    5.000000000000000E-01
    5.000000000000000E-01   -6.521604688857305E-03    5.000000000000000E-01
    5.125000000000000E-01   -6.521604688857129E-03    5.000000000000000E-01
    5.249999999999999E-01   -6.521604688856954E-03    5.000000000000000E-01
    5.375000000000000E-01   -6.521604688856779E-03    5.000000000000000E-01
    5.500000000000000E-01   -6.521604688856604E-03    5.000000000000000E-01
    5.625000000000000E-01   -6.521604688856428E-03    5.000000000000000E-01
    5.750000000000000E-01   -6.521604688856254E-03    5.000000000000000E-01
    5.874999999999999E-01   -6.521604688856078E-03    5.000000000000000E-01
    6.000000000000003E-01   -6.521604688855902E-03    5.000000000000000E-01
    6.125000000000000E-01   -6.521604688855727E-03    5.000000000000000E-01
    6.250000000000000E-01   -6.521604688855551E-03    5.000000000000000E-01
    6.375000000000002E-01   -6.521604688855376E-03    5.000000000000000E-01
    6.500000000000001E-01   -6.521604688855200E-03    5.000000000000000E-01
    6.625000000000002E-01   -6.521604688855025E-03    5.000000000000000E-01
    6.750000000000003E-01   -6.521604688854850E-03    5.000000000000000E-01
    6.875000000000000E-01   -6.521604688854675E-03    5.000000000000000E-01
    7.000000000000000E-01   -6.521604688854501E-03    5.000000000000000E-01
    7.125000000000000E-01   -6.521604688854325E-03    5.000000000000000E-01
    7.250000000000000E-01   -6.521604688854149E-03    5.000000000000000E-01
    7.375000000000002E-01   -6.521604688853973E-03    5.000000000000000E-01
    5.000000000000000E-01   -4.963521373222108E-03    5.000000000000000E-01
    5.125000000000000E-01   -4.963521373221962E-03    5.000000000000000E-01
    5.249999999999999E-01   -4.963521373221814E-03    5.000000000000000E-01
    5.375000000000001E-01   -4.963521373221669E-03    5.000000000000000E-01
    5.500000000000003E-01   -4.963521373221523E-03    5.000000000000000E-01
    5.625000000000001E-01   -4.963521373221376E-03    5.000000000000000E-01
    5.750000000000002E-01   -4.963521373221230E-03    5.000000000000000E-01
    5.874999999999998E-01   -4.963521373221084E-03    5.000000000000000E-01
    6.000000000000001E-01   -4.963521373220937E-03    5.000000000000000E-01
    6.125000000000000E-01   -4.963521373220792E-03    5.000000000000000E-01
    6.250000000000000E-01   -4.963521373220644E-03    5.000000000000000E-01
    6.375000000000000E-01   -4.963521373220498E-03    5.000000000000000E-01
    6.499999999999998E-01   -4.963521373220350E-03    5.000000000000000E-01
    6.625000000000001E-01   -4.963521373220205E-03    5.000000000000000E-01
    6.750000000000000E-01   -4.963521373220057E-03    5.000000000000000E-01
    6.875000000000000E-01   -4.963521373219912E-03    5.000000000000000E-01
    7.000000000000001E-01   -4.963521373219766E-03    5.000000000000000E-01
    7.124999999999999E-01   -4.963521373219618E-03    5.000000000000000E-01
    7.250000000000001E-01   -4.963521373219473E-03    5.000000000000000E-01
    7.375000000000000E-01   -4.963521373219326E-03    5.000000000000000E-01
    5.000000000000000E-01   -3.777681199310686E-03    5.000000000000000E-01
    5.125000000000000E-01   -3.777681199310564E-03    5.000000000000000E-01
    5.249999999999999E-01   -3.777681199310443E-03    5.000000000000000E-01
    5.374999999999999E-01   -3.777681199310321E-03    5.000000000000000E-01
    5.500000000000003E-01   -3.777681199310199E-03    5.000000000000000E-01
    5.625000000000000E-01   -3.777681199310078E-03    5.000000000000000E-01
    5.750000000000000E-01   -3.777681199309955E-03    5.000000000000000E-01
    5.874999999999999E-01   -3.777681199309834E-03    5.000000000000000E-01
    6.000000000000001E-01   -3.777681199309713E-03    5.000000000000000E-01
    6.125000000000000E-01   -3.777681199309591E-03    5.000000000000000E-01
    6.250000000000000E-01   -3.777681199309469E-03    5.000000000000000E-01
    6.375000000000000E-01   -3.777681199309347E-03    5.000000000000000E-01
    6.499999999999999E-01   -3.777681199309225E-03    5.000000000000000E-01
    6.625000000000001E-01   -3.777681199309104E-03    5.000000000000000E-01
    6.750000000000000E-01   -3.777681199308981E-03    5.000000000000000E-01
    6.875000000000000E-01   -3.777681199308860E-03    5.000000000000000E-01
    7.000000000000000E-01   -3.777681199308738E-03    5.000000000000000E-01
    7.124999999999999E-01   -3.777681199308616E-03    5.000000000000000E-01
    7.250000000000001E-01   -3.777681199308494E-03    5.000000000000000E-01
    7.375000000000000E-01   -3.777681199308372E-03    5.000000000000000E-01
    5.000000000000000E-01   -2.875151161958512E-03    5.000000000000000E-01
    5.125000000000000E-01   -2.875151161958411E-03    5.000000000000000E-01
    5.249999999999999E-01   -2.875151161958311E-03    5.000000000000000E-01
    5.375000000000001E-01   -2.875151161958211E-03    5.000000000000000E-01
    5.500000000000000E-01   -2.875151161958110E-03    5.000000000000000E-01
    5.625000000000000E-01   -2.875151161958010E-03    5.000000000000000E-01
    5.750000000000000E-01   -2.875151161957909E-03    5.000000000000000E-01
    5.874999999999999E-01   -2.875151161957808E-03    5.000000000000000E-01
    6.000000000000001E-01   -2.875151161957708E-03    5.000000000000000E-01
    6.125000000000000E-01   -2.875151161957609E-03    5.000000000000000E-01
    6.250000000000000E-01   -2.875151161957508E-03    5.000000000000000E-01
    6.375000000000001E-01   -2.875151161957407E-03    5.000000000000000E-01
    6.499999999999999E-01   -2.875151161957306E-03    5.000000000000000E-01
    6.625000000000001E-01   -2.875151161957206E-03    5.000000000000000E-01
    6.750000000000000E-01   -2.875151161957105E-03    5.000000000000000E-01
    6.875000000000000E-01   -2.875151161957004E-03    5.000000000000000E-01
    7.000000000000002E-01   -2.875151161956904E-03    5.000000000000000E-01
    7.124999999999999E-01   -2.875151161956804E-03    5.000000000000000E-01
    7.250000000000001E-01   -2.875151161956704E-03    5.000000000000000E-01
    7.374999999999998E-01   -2.875151161956603E-03    5.000000000000000E-01
    5.000000000000000E-01   -2.188245319806169E-03    5.000000000000000E-01
    5.125000000000001E-01   -2.188245319806087E-03    5.000000000000000E-01
    5.249999999999999E-01   -2.188245319806004E-03    5.000000000000000E-01
    5.374999999999999E-01   -2.188245319805924E-03    5.000000000000000E-01
    5.500000000000000E-01   -2.188245319805841E-03    5.000000000000000E-01
    5.625000000000000E-01   -2.188245319805758E-03    5.000000000000000E-01
    5.750000000000000E-01   -2.188245319805676E-03    5.000000000000000E-01
    5.874999999999998E-01   -2.188245319805594E-03    5.000000000000000E-01
    6.000000000000001E-01   -2.188245319805512E-03    5.000000000000000E-01
    6.125000000000003E-01   -2.188245319805430E-03    5.000000000000000E-01
    6.250000000000000E-01   -2.188245319805348E-03    5.000000000000000E-01
    6.375000000000001E-01   -2.188245319805266E-03    5.000000000000000E-01
    6.499999999999999E-01   -2.188245319805183E-03    5.000000000000000E-01
    6.625000000000001E-01   -2.188245319805102E-03    5.000000000000000E-01
    6.750000000000003E-01   -2.188245319805019E-03    5.000000000000000E-01
    6.875000000000002E-01   -2.188245319804937E-03    5.000000000000000E-01
    7.000000000000001E-01   -2.188245319804855E-03    5.000000000000000E-01
    7.125000000000001E-01   -2.188245319804773E-03    5.000000000000000E-01
    7.250000000000001E-01   -2.188245319804690E-03    5.000000000000000E-01
    7.375000000000000E-01   -2.188245319804609E-03    5.000000000000000E-01
    5.000000000000000E-01   -1.665448635539499E-03    5.000000000000000E-01
    5.125000000000000E-01   -1.665448635539432E-03    5.000000000000000E-01
    5.249999999999999E-01   -1.665448635539365E-03    5.000000000000000E-01
    5.375000000000002E-01   -1.665448635539298E-03    5.000000000000000E-01
    5.499999999999998E-01   -1.665448635539230E-03    5.000000000000000E-01
    5.625000000000001E-01   -1.665448635539163E-03    5.000000000000000E-01
    5.750000000000000E-01   -1.665448635539096E-03    5.000000000000000E-01
    5.874999999999998E-01   -1.665448635539029E-03    5.000000000000000E-01
    6.000000000000000E-01   -1.665448635538962E-03    5.000000000000000E-01
    6.125000000000000E-01   -1.665448635538895E-03    5.000000000000000E-01
    6.250000000000002E-01   -1.665448635538827E-03    5.000000000000000E-01
    6.375000000000001E-01   -1.665448635538761E-03    5.000000000000000E-01
    6.499999999999999E-01   -1.665448635538694E-03    5.000000000000000E-01
    6.625000000000001E-01   -1.665448635538626E-03    5.000000000000000E-01
    6.750000000000000E-01   -1.665448635538559E-03    5.000000000000000E-01
    6.875000000000000E-01   -1.665448635538492E-03    5.000000000000000E-01
    7.000000000000000E-01   -1.665448635538425E-03    5.000000000000000E-01
    7.125000000000001E-01   -1.665448635538358E-03    5.000000000000000E-01
    7.250000000000001E-01   -1.665448635538291E-03    5.000000000000000E-01
    7.375000000000000E-01   -1.665448635538224E-03    5.000000000000000E-01
    5.000000000000000E-01   -1.267553565642297E-03    5.000000000000000E-01
    5.125000000000000E-01   -1.267553565642243E-03    5.000000000000000E-01
    5.249999999999999E-01   -1.267553565642188E-03    5.000000000000000E-01
    5.375000000000001E-01   -1.267553565642134E-03    5.000000000000000E-01
    5.500000000000000E-01   -1.267553565642079E-03    5.000000000000000E-01
    5.624999999999999E-01   -1.267553565642025E-03    5.000000000000000E-01
    5.750000000000000E-01   -1.267553565641971E-03    5.000000000000000E-01
    5.874999999999997E-01   -1.267553565641916E-03    5.000000000000000E-01
    6.000000000000001E-01   -1.267553565641862E-03    5.000000000000000E-01
    6.125000000000003E-01   -1.267553565641808E-03    5.000000000000000E-01
    6.250000000000000E-01   -1.267553565641753E-03    5.000000000000000E-01
    6.375000000000000E-01   -1.267553565641699E-03    5.000000000000000E-01
    6.499999999999999E-01   -1.267553565641644E-03    5.000000000000000E-01
    6.625000000000001E-01   -1.267553565641590E-03    5.000000000000000E-01
    6.750000000000000E-01   -1.267553565641535E-03    5.000000000000000E-01
    6.875000000000000E-01   -1.267553565641481E-03    5.000000000000000E-01
    7.000000000000000E-01   -1.267553565641427E-03    5.000000000000000E-01
    7.124999999999998E-01   -1.267553565641373E-03    5.000000000000000E-01
    7.250000000000001E-01   -1.267553565641318E-03    5.000000000000000E-01
    7.374999999999998E-01   -1.267553565641264E-03    5.000000000000000E-01
    5.000000000000000E-01   -9.647196602085742E-04    5.000000000000000E-01
    5.125000000000001E-01   -9.647196602085298E-04    5.000000000000000E-01
    5.249999999999999E-01   -9.647196602084856E-04    5.000000000000000E-01
    5.375000000000001E-01   -9.647196602084415E-04    5.000000000000000E-01
    5.499999999999998E-01   -9.647196602083972E-04    5.000000000000000E-01
    5.624999999999999E-01   -9.647196602083528E-04    5.000000000000000E-01
    5.750000000000000E-01   -9.647196602083085E-04    5.000000000000000E-01
    5.875000000000000E-01   -9.647196602082643E-04    5.000000000000000E-01
    6.000000000000001E-01   -9.647196602082201E-04    5.000000000000000E-01
    6.125000000000000E-01   -9.647196602081758E-04    5.000000000000000E-01
    6.250000000000000E-01   -9.647196602081314E-04    5.000000000000000E-01
    6.375000000000000E-01   -9.647196602080872E-04    5.000000000000000E-01
    6.500000000000001E-01   -9.647196602080429E-04    5.000000000000000E-01
    6.625000000000001E-01   -9.647196602079987E-04    5.000000000000000E-01
    6.749999999999998E-01   -9.647196602079541E-04    5.000000000000000E-01
    6.875000000000001E-01   -9.647196602079101E-04    5.000000000000000E-01
    7.000000000000000E-01   -9.647196602078656E-04    5.000000000000000E-01
    7.124999999999998E-01   -9.647196602078214E-04    5.000000000000000E-01
    7.250000000000001E-01   -9.647196602077774E-04    5.000000000000000E-01
    7.374999999999998E-01   -9.647196602077327E-04    5.000000000000000E-01
    5.000000000000000E-01   -7.342356552177355E-04    5.000000000000000E-01
    5.125000000000000E-01   -7.342356552177002E-04    5.000000000000000E-01
    5.249999999999999E-01   -7.342356552176648E-04    5.000000000000000E-01
    5.375000000000001E-01   -7.342356552176295E-04    5.000000000000000E-01
    5.500000000000000E-01   -7.342356552175938E-04    5.000000000000000E-01
    5.625000000000002E-01   -7.342356552175585E-04    5.000000000000000E-01
    5.750000000000002E-01   -7.342356552175232E-04    5.000000000000000E-01
    5.875000000000001E-01   -7.342356552174879E-04    5.000000000000000E-01
    6.000000000000003E-01   -7.342356552174525E-04    5.000000000000000E-01
    6.125000000000003E-01   -7.342356552174171E-04    5.000000000000000E-01
    6.250000000000002E-01   -7.342356552173815E-04    5.000000000000000E-01
    6.375000000000000E-01   -7.342356552173463E-04    5.000000000000000E-01
    6.499999999999998E-01   -7.342356552173106E-04    5.000000000000000E-01
    6.625000000000001E-01   -7.342356552172755E-04    5.000000000000000E-01
    6.750000000000000E-01   -7.342356552172400E-04    5.000000000000000E-01
    6.875000000000000E-01   -7.342356552172047E-04    5.000000000000000E-01
    6.999999999999998E-01   -7.342356552171693E-04    5.000000000000000E-01
    7.125000000000000E-01   -7.342356552171337E-04    5.000000000000000E-01
    7.250000000000001E-01   -7.342356552170983E-04    5.000000000000000E-01
    7.375000000000000E-01   -7.342356552170631E-04    5.000000000000000E-01
    5.000000000000000E-01   -5.588162236441432E-04    5.000000000000000E-01
    5.125000000000002E-01   -5.588162236441146E-04    5.000000000000000E-01
    5.249999999999997E-01   -5.588162236440861E-04    5.000000000000000E-01
    5.375000000000000E-01   -5.588162236440574E-04    5.000000000000000E-01
    5.500000000000000E-01   -5.588162236440288E-04    5.000000000000000E-01
    5.625000000000000E-01   -5.588162236440001E-04    5.000000000000000E-01
    5.750000000000002E-01   -5.588162236439715E-04    5.000000000000000E-01
    5.874999999999997E-01   -5.588162236439431E-04    5.000000000000000E-01
    6.000000000000001E-01   -5.588162236439145E-04    5.000000000000000E-01
    6.125000000000003E-01   -5.588162236438859E-04    5.000000000000000E-01
    6.250000000000000E-01   -5.588162236438573E-04    5.000000000000000E-01
    6.375000000000001E-01   -5.588162236438286E-04    5.000000000000000E-01
    6.499999999999999E-01   -5.588162236437999E-04    5.000000000000000E-01
    6.625000000000002E-01   -5.588162236437713E-04    5.000000000000000E-01
    6.750000000000000E-01   -5.588162236437429E-04    5.000000000000000E-01
    6.875000000000000E-01   -5.588162236437143E-04    5.000000000000000E-01
    7.000000000000000E-01   -5.588162236436859E-04    5.000000000000000E-01
    7.124999999999999E-01   -5.588162236436572E-04    5.000000000000000E-01
    7.250000000000002E-01   -5.588162236436285E-04    5.000000000000000E-01
    7.375000000000000E-01   -5.588162236435999E-04    5.000000000000000E-01
    5.000000000000000E-01   -4.253056489272470E-04    5.000000000000000E-01
    5.124999999999997E-01   -4.253056489272241E-04    5.000000000000000E-01
    5.249999999999999E-01   -4.253056489272013E-04    5.000000000000000E-01
    5.375000000000001E-01   -4.253056489271785E-04    5.000000000000000E-01
    5.500000000000000E-01   -4.253056489271556E-04    5.000000000000000E-01
    5.625000000000000E-01   -4.253056489271326E-04    5.000000000000000E-01
    5.750000000000000E-01   -4.253056489271098E-04    5.000000000000000E-01
    5.874999999999999E-01   -4.253056489270870E-04    5.000000000000000E-01
    6.000000000000001E-01   -4.253056489270642E-04    5.000000000000000E-01
    6.125000000000000E-01   -4.253056489270415E-04    5.000000000000000E-01
    6.250000000000000E-01   -4.253056489270185E-04    5.000000000000000E-01
    6.375000000000000E-01   -4.253056489269956E-04    5.000000000000000E-01
    6.499999999999999E-01   -4.253056489269727E-04    5.000000000000000E-01
    6.625000000000002E-01   -4.253056489269499E-04    5.000000000000000E-01
    6.750000000000002E-01   -4.253056489269271E-04    5.000000000000000E-01
    6.875000000000000E-01   -4.253056489269043E-04    5.000000000000000E-01
    7.000000000000000E-01   -4.253056489268814E-04    5.000000000000000E-01
    7.124999999999999E-01   -4.253056489268585E-04    5.000000000000000E-01
    7.250000000000003E-01   -4.253056489268357E-04    5.000000000000000E-01
    7.375000000000000E-01   -4.253056489268129E-04    5.000000000000000E-01
    5.000000000000000E-01   -3.236912017869659E-04    5.000000000000000E-01
    5.125000000000000E-01   -3.236912017869476E-04    5.000000000000000E-01
    5.249999999999998E-01   -3.236912017869294E-04    5.000000000000000E-01
    5.375000000000001E-01   -3.236912017869112E-04    5.000000000000000E-01
    5.500000000000000E-01   -3.236912017868928E-04    5.000000000000000E-01
    5.625000000000000E-01   -3.236912017868746E-04    5.000000000000000E-01
    5.750000000000000E-01   -3.236912017868564E-04    5.000000000000000E-01
    5.874999999999999E-01   -3.236912017868381E-04    5.000000000000000E-01
    5.999999999999999E-01   -3.236912017868199E-04    5.000000000000000E-01
    6.125000000000000E-01   -3.236912017868017E-04    5.000000000000000E-01
    6.250000000000000E-01   -3.236912017867833E-04    5.000000000000000E-01
    6.375000000000000E-01   -3.236912017867651E-04    5.000000000000000E-01
    6.499999999999999E-01   -3.236912017867469E-04    5.000000000000000E-01
    6.625000000000003E-01   -3.236912017867287E-04    5.000000000000000E-01
    6.750000000000002E-01   -3.236912017867103E-04    5.000000000000000E-01
    6.875000000000000E-01   -3.236912017866921E-04    5.000000000000000E-01
    7.000000000000000E-01   -3.236912017866739E-04    5.000000000000000E-01
    7.124999999999999E-01   -3.236912017866556E-04    5.000000000000000E-01
    7.250000000000001E-01   -3.236912017866374E-04    5.000000000000000E-01
    7.374999999999998E-01   -3.236912017866192E-04    5.000000000000000E-01
    5.000000000000000E-01   -2.463522278120815E-04    5.000000000000000E-01
    5.125000000000000E-01   -2.463522278120669E-04    5.000000000000000E-01
    5.249999999999997E-01   -2.463522278120522E-04    5.000000000000000E-01
    5.375000000000001E-01   -2.463522278120377E-04    5.000000000000000E-01
    5.500000000000003E-01   -2.463522278120231E-04    5.000000000000000E-01
    5.625000000000000E-01   -2.463522278120084E-04    5.000000000000000E-01
    5.750000000000000E-01   -2.463522278119937E-04    5.000000000000000E-01
    5.874999999999999E-01   -2.463522278119792E-04    5.000000000000000E-01
    6.000000000000001E-01   -2.463522278119647E-04    5.000000000000000E-01
    6.125000000000002E-01   -2.463522278119500E-04    5.000000000000000E-01
    6.249999999999999E-01   -2.463522278119353E-04    5.000000000000000E-01
    6.375000000000000E-01   -2.463522278119207E-04    5.000000000000000E-01
    6.499999999999997E-01   -2.463522278119062E-04    5.000000000000000E-01
    6.625000000000001E-01   -2.463522278118916E-04    5.000000000000000E-01
    6.750000000000000E-01   -2.463522278118769E-04    5.000000000000000E-01
    6.875000000000000E-01   -2.463522278118623E-04    5.000000000000000E-01
    6.999999999999997E-01   -2.463522278118478E-04    5.000000000000000E-01
    7.125000000000001E-01   -2.463522278118331E-04    5.000000000000000E-01
    7.250000000000001E-01   -2.463522278118184E-04    5.000000000000000E-01
    7.375000000000000E-01   -2.463522278118039E-04    5.000000000000000E-01
    5.000000000000000E-01   -1.874886305619054E-04    5.000000000000000E-01
    5.125000000000000E-01   -1.874886305618937E-04    5.000000000000000E-01
    5.249999999999999E-01   -1.874886305618821E-04    5.000000000000000E-01
    5.375000000000003E-01   -1.874886305618705E-04    5.000000000000000E-01
    5.500000000000000E-01   -1.874886305618587E-04    5.000000000000000E-01
    5.625000000000000E-01   -1.874886305618471E-04    5.000000000000000E-01
    5.749999999999997E-01   -1.874886305618354E-04    5.000000000000000E-01
    5.874999999999999E-01   -1.874886305618237E-04    5.000000000000000E-01
    6.000000000000001E-01   -1.874886305618121E-04    5.000000000000000E-01
    6.125000000000000E-01   -1.874886305618004E-04    5.000000000000000E-01
    6.249999999999999E-01   -1.874886305617887E-04    5.000000000000000E-01
    6.375000000000002E-01   -1.874886305617771E-04    5.000000000000000E-01
    6.499999999999999E-01   -1.874886305617654E-04    5.000000000000000E-01
    6.625000000000001E-01   -1.874886305617537E-04    5.000000000000000E-01
    6.750000000000000E-01   -1.874886305617420E-04    5.000000000000000E-01
    6.874999999999999E-01   -1.874886305617304E-04    5.000000000000000E-01
    7.000000000000000E-01   -1.874886305617188E-04    5.000000000000000E-01
    7.124999999999999E-01   -1.874886305617071E-04    5.000000000000000E-01
    7.250000000000001E-01   -1.874886305616954E-04    5.000000000000000E-01
    7.375000000000000E-01   -1.874886305616837E-04    5.000000000000000E-01
    5.000000000000000E-01   -1.426858888274069E-04    5.000000000000000E-01
    5.125000000000001E-01   -1.426858888273978E-04    5.000000000000000E-01
    5.249999999999999E-01   -1.426858888273887E-04    5.000000000000000E-01
    5.375000000000001E-01   -1.426858888273797E-04    5.000000000000000E-01
    5.500000000000002E-01   -1.426858888273705E-04    5.000000000000000E-01
    5.625000000000000E-01   -1.426858888273615E-04    5.000000000000000E-01
    5.750000000000000E-01   -1.426858888273524E-04    5.000000000000000E-01
    5.874999999999999E-01   -1.426858888273433E-04    5.000000000000000E-01
    6.000000000000001E-01   -1.426858888273342E-04    5.000000000000000E-01
    6.124999999999999E-01   -1.426858888273251E-04    5.000000000000000E-01
    6.250000000000000E-01   -1.426858888273160E-04    5.000000000000000E-01
    6.375000000000000E-01   -1.426858888273070E-04    5.000000000000000E-01
    6.500000000000001E-01   -1.426858888272978E-04    5.000000000000000E-01
    6.625000000000001E-01   -1.426858888272887E-04    5.000000000000000E-01
    6.750000000000003E-01   -1.426858888272796E-04    5.000000000000000E-01
    6.874999999999998E-01   -1.426858888272706E-04    5.000000000000000E-01
    7.000000000000000E-01   -1.426858888272614E-04    5.000000000000000E-01
    7.124999999999997E-01   -1.426858888272523E-04    5.000000000000000E-01
    7.250000000000001E-01   -1.426858888272433E-04    5.000000000000000E-01
    7.375000000000000E-01   -1.426858888272342E-04    5.000000000000000E-01
    5.000000000000000E-01   -1.085839861833392E-04    5.000000000000000E-01
    5.125000000000000E-01   -1.085839861833318E-04    5.000000000000000E-01
    5.250000000000001E-01   -1.085839861833244E-04    5.000000000000000E-01
    5.375000000000003E-01   -1.085839861833169E-04    5.000000000000000E-01
    5.500000000000003E-01   -1.085839861833095E-04    5.000000000000000E-01
    5.625000000000002E-01   -1.085839861833021E-04    5.000000000000000E-01
    5.750000000000002E-01   -1.085839861832946E-04    5.000000000000000E-01
    5.875000000000001E-01   -1.085839861832872E-04    5.000000000000000E-01
    6.000000000000003E-01   -1.085839861832798E-04    5.000000000000000E-01
    6.125000000000003E-01   -1.085839861832723E-04    5.000000000000000E-01
    6.250000000000000E-01   -1.085839861832649E-04    5.000000000000000E-01
    6.375000000000000E-01   -1.085839861832574E-04    5.000000000000000E-01
    6.499999999999999E-01   -1.085839861832500E-04    5.000000000000000E-01
    6.625000000000001E-01   -1.085839861832426E-04    5.000000000000000E-01
    6.750000000000000E-01   -1.085839861832351E-04    5.000000000000000E-01
    6.875000000000000E-01   -1.085839861832277E-04    5.000000000000000E-01
    7.000000000000000E-01   -1.085839861832203E-04    5.000000000000000E-01
    7.124999999999999E-01   -1.085839861832128E-04    5.000000000000000E-01
    7.250000000000001E-01   -1.085839861832054E-04    5.000000000000000E-01
    7.374999999999999E-01   -1.085839861831979E-04    5.000000000000000E-01
    5.000000000000000E-01   -8.262542394591084E-05    5.000000000000000E-01
    5.125000000000000E-01   -8.262542394590510E-05    5.000000000000000E-01
    5.249999999999999E-01   -8.262542394589937E-05    5.000000000000000E-01
    5.375000000000001E-01   -8.262542394589364E-05    5.000000000000000E-01
    5.499999999999999E-01   -8.262542394588791E-05    5.000000000000000E-01
    5.625000000000000E-01   -8.262542394588216E-05    5.000000000000000E-01
    5.750000000000000E-01   -8.262542394587643E-05    5.000000000000000E-01
    5.874999999999999E-01   -8.262542394587069E-05    5.000000000000000E-01
    6.000000000000001E-01   -8.262542394586496E-05    5.000000000000000E-01
    6.125000000000000E-01   -8.262542394585920E-05    5.000000000000000E-01
    6.250000000000001E-01   -8.262542394585348E-05    5.000000000000000E-01
    6.375000000000000E-01   -8.262542394584772E-05    5.000000000000000E-01
    6.499999999999998E-01   -8.262542394584202E-05    5.000000000000000E-01
    6.624999999999999E-01   -8.262542394583626E-05    5.000000000000000E-01
    6.750000000000000E-01   -8.262542394583052E-05    5.000000000000000E-01
    6.875000000000002E-01   -8.262542394582481E-05    5.000000000000000E-01
    7.000000000000000E-01   -8.262542394581905E-05    5.000000000000000E-01
    7.124999999999999E-01   -8.262542394581334E-05    5.000000000000000E-01
    7.250000000000001E-01   -8.262542394580758E-05    5.000000000000000E-01
    7.375000000000003E-01   -8.262542394580187E-05    5.000000000000000E-01
    5.000000000000000E-01   -6.286341957198153E-05    5.000000000000000E-01
    5.125000000000000E-01   -6.286341957197703E-05    5.000000000000000E-01
    5.249999999999999E-01   -6.286341957197251E-05    5.000000000000000E-01
    5.375000000000001E-01   -6.286341957196801E-05    5.000000000000000E-01
    5.499999999999998E-01   -6.286341957196351E-05    5.000000000000000E-01
    5.625000000000000E-01   -6.286341957195902E-05    5.000000000000000E-01
    5.750000000000000E-01   -6.286341957195453E-05    5.000000000000000E-01
    5.874999999999999E-01   -6.286341957195000E-05    5.000000000000000E-01
    6.000000000000003E-01   -6.286341957194553E-05    5.000000000000000E-01
    6.125000000000003E-01   -6.286341957194100E-05    5.000000000000000E-01
    6.249999999999999E-01   -6.286341957193650E-05    5.000000000000000E-01
    6.375000000000000E-01   -6.286341957193198E-05    5.000000000000000E-01
    6.499999999999999E-01   -6.286341957192749E-05    5.000000000000000E-01
    6.625000000000001E-01   -6.286341957192299E-05    5.000000000000000E-01
    6.749999999999998E-01   -6.286341957191849E-05    5.000000000000000E-01
    6.875000000000000E-01   -6.286341957191398E-05    5.000000000000000E-01
    7.000000000000000E-01   -6.286341957190948E-05    5.000000000000000E-01
    7.125000000000000E-01   -6.286341957190498E-05    5.000000000000000E-01
    7.250000000000003E-01   -6.286341957190045E-05    5.000000000000000E-01
    7.375000000000000E-01   -6.286341957189597E-05    5.000000000000000E-01
    5.000000000000000E-01   -4.781590618971362E-05    5.000000000000000E-01
    5.125000000000000E-01   -4.781590618971013E-05    5.000000000000000E-01
    5.249999999999999E-01   -4.781590618970666E-05    5.000000000000000E-01
    5.375000000000003E-01   -4.781590618970318E-05    5.000000000000000E-01
    5.500000000000003E-01   -4.781590618969970E-05    5.000000000000000E-01
    5.625000000000000E-01   -4.781590618969621E-05    5.000000000000000E-01
    5.750000000000000E-01   -4.781590618969274E-05    5.000000000000000E-01
    5.874999999999998E-01   -4.781590618968926E-05    5.000000000000000E-01
    6.000000000000001E-01   -4.781590618968578E-05    5.000000000000000E-01
    6.125000000000002E-01   -4.781590618968232E-05    5.000000000000000E-01
    6.250000000000000E-01   -4.781590618967882E-05    5.000000000000000E-01
    6.375000000000000E-01   -4.781590618967534E-05    5.000000000000000E-01
    6.500000000000000E-01   -4.781590618967185E-05    5.000000000000000E-01
    6.625000000000000E-01   -4.781590618966837E-05    5.000000000000000E-01
    6.750000000000003E-01   -4.781590618966489E-05    5.000000000000000E-01
    6.875000000000001E-01   -4.781590618966142E-05    5.000000000000000E-01
    7.000000000000000E-01   -4.781590618965794E-05    5.000000000000000E-01
    7.124999999999999E-01   -4.781590618965445E-05    5.000000000000000E-01
    7.250000000000001E-01   -4.781590618965098E-05    5.000000000000000E-01
    7.374999999999998E-01   -4.781590618964751E-05    5.000000000000000E-01
    5.000000000000000E-01   -3.635438384204743E-05    5.000000000000000E-01
    5.125000000000000E-01   -3.635438384204449E-05    5.000000000000000E-01
    5.250000000000001E-01   -3.635438384204156E-05    5.000000000000000E-01
    5.375000000000001E-01   -3.635438384203864E-05    5.000000000000000E-01
    5.500000000000000E-01   -3.635438384203570E-05    5.000000000000000E-01
    5.625000000000000E-01   -3.635438384203275E-05    5.000000000000000E-01
    5.750000000000000E-01   -3.635438384202982E-05    5.000000000000000E-01
    5.874999999999999E-01   -3.635438384202688E-05    5.000000000000000E-01
    6.000000000000000E-01   -3.635438384202397E-05    5.000000000000000E-01
    6.124999999999999E-01   -3.635438384202102E-05    5.000000000000000E-01
    6.250000000000000E-01   -3.635438384201807E-05    5.000000000000000E-01
    6.375000000000001E-01   -3.635438384201515E-05    5.000000000000000E-01
    6.499999999999999E-01   -3.635438384201221E-05    5.000000000000000E-01
    6.625000000000001E-01   -3.635438384200928E-05    5.000000000000000E-01
    6.750000000000000E-01   -3.635438384200634E-05    5.000000000000000E-01
    6.875000000000000E-01   -3.635438384200339E-05    5.000000000000000E-01
    7.000000000000001E-01   -3.635438384200047E-05    5.000000000000000E-01
    7.124999999999999E-01   -3.635438384199753E-05    5.000000000000000E-01
    7.250000000000001E-01   -3.635438384199460E-05    5.000000000000000E-01
    7.375000000000000E-01   -3.635438384199166E-05    5.000000000000000E-01
    5.000000000000000E-01   -2.761928675564913E-05    5.000000000000000E-01
    5.124999999999997E-01   -2.761928675564702E-05    5.000000000000000E-01
    5.249999999999999E-01   -2.761928675564491E-05    5.000000000000000E-01
    5.375000000000003E-01   -2.761928675564281E-05    5.000000000000000E-01
    5.500000000000000E-01   -2.761928675564068E-05    5.000000000000000E-01
    5.625000000000001E-01   -2.761928675563858E-05    5.000000000000000E-01
    5.749999999999998E-01   -2.761928675563646E-05    5.000000000000000E-01
    5.874999999999999E-01   -2.761928675563436E-05    5.000000000000000E-01
    5.999999999999999E-01   -2.761928675563225E-05    5.000000000000000E-01
    6.125000000000000E-01   -2.761928675563014E-05    5.000000000000000E-01
    6.250000000000002E-01   -2.761928675562802E-05    5.000000000000000E-01
    6.375000000000000E-01   -2.761928675562591E-05    5.000000000000000E-01
    6.499999999999999E-01   -2.761928675562380E-05    5.000000000000000E-01
    6.625000000000001E-01   -2.761928675562168E-05    5.000000000000000E-01
    6.750000000000003E-01   -2.761928675561958E-05    5.000000000000000E-01
    6.874999999999998E-01   -2.761928675561747E-05    5.000000000000000E-01
    7.000000000000000E-01   -2.761928675561535E-05    5.000000000000000E-01
    7.124999999999998E-01   -2.761928675561324E-05    5.000000000000000E-01
    7.250000000000001E-01   -2.761928675561114E-05    5.000000000000000E-01
    7.374999999999998E-01   -2.761928675560902E-05    5.000000000000000E-01
    5.000000000000000E-01   -2.095551953791196E-05    5.000000000000000E-01
    5.124999999999998E-01   -2.095551953791032E-05    5.000000000000000E-01
    5.249999999999999E-01   -2.095551953790868E-05    5.000000000000000E-01
    5.375000000000003E-01   -2.095551953790704E-05    5.000000000000000E-01
    5.500000000000000E-01   -2.095551953790540E-05    5.000000000000000E-01
    5.625000000000000E-01   -2.095551953790376E-05    5.000000000000000E-01
    5.750000000000000E-01   -2.095551953790212E-05    5.000000000000000E-01
    5.874999999999999E-01   -2.095551953790048E-05    5.000000000000000E-01
    5.999999999999999E-01   -2.095551953789884E-05    5.000000000000000E-01
    6.124999999999999E-01   -2.095551953789721E-05    5.000000000000000E-01
    6.250000000000000E-01   -2.095551953789556E-05    5.000000000000000E-01
    6.375000000000002E-01   -2.095551953789392E-05    5.000000000000000E-01
    6.499999999999999E-01   -2.095551953789228E-05    5.000000000000000E-01
    6.625000000000001E-01   -2.095551953789064E-05    5.000000000000000E-01
    6.750000000000000E-01   -2.095551953788900E-05    5.000000000000000E-01
    6.875000000000000E-01   -2.095551953788736E-05    5.000000000000000E-01
    6.999999999999998E-01   -2.095551953788572E-05    5.000000000000000E-01
    7.124999999999999E-01   -2.095551953788408E-05    5.000000000000000E-01
    7.250000000000003E-01   -2.095551953788244E-05    5.000000000000000E-01
    7.375000000000000E-01   -2.095551953788080E-05    5.000000000000000E-01
    5.000000000000000E-01   -1.586332778902032E-05    5.000000000000000E-01
    5.124999999999997E-01   -1.586332778901899E-05    5.000000000000000E-01
    5.249999999999998E-01   -1.586332778901768E-05    5.000000000000000E-01
    5.375000000000001E-01   -1.586332778901636E-05    5.000000000000000E-01
    5.500000000000000E-01   -1.586332778901503E-05    5.000000000000000E-01
    5.625000000000000E-01   -1.586332778901371E-05    5.000000000000000E-01
    5.750000000000000E-01   -1.586332778901239E-05    5.000000000000000E-01
    5.875000000000000E-01   -1.586332778901107E-05    5.000000000000000E-01
    6.000000000000003E-01   -1.586332778900975E-05    5.000000000000000E-01
    6.125000000000003E-01   -1.586332778900844E-05    5.000000000000000E-01
    6.250000000000000E-01   -1.586332778900711E-05    5.000000000000000E-01
    6.374999999999998E-01   -1.586332778900579E-05    5.000000000000000E-01
    6.499999999999999E-01   -1.586332778900447E-05    5.000000000000000E-01
    6.625000000000001E-01   -1.586332778900315E-05    5.000000000000000E-01
    6.750000000000000E-01   -1.586332778900182E-05    5.000000000000000E-01
    6.875000000000000E-01   -1.586332778900051E-05    5.000000000000000E-01
    7.000000000000001E-01   -1.586332778899918E-05    5.000000000000000E-01
    7.124999999999999E-01   -1.586332778899786E-05    5.000000000000000E-01
    7.250000000000001E-01   -1.586332778899654E-05    5.000000000000000E-01
    7.374999999999999E-01   -1.586332778899522E-05    5.000000000000000E-01
    5.000000000000000E-01   -1.196081863245844E-05    5.000000000000000E-01
    5.125000000000000E-01   -1.196081863245741E-05    5.000000000000000E-01
    5.249999999999999E-01   -1.196081863245638E-05    5.000000000000000E-01
    5.375000000000001E-01   -1.196081863245535E-05    5.000000000000000E-01
    5.500000000000000E-01   -1.196081863245431E-05    5.000000000000000E-01
    5.625000000000000E-01   -1.196081863245328E-05    5.000000000000000E-01
    5.750000000000000E-01   -1.196081863245225E-05    5.000000000000000E-01
    5.874999999999999E-01   -1.196081863245122E-05    5.000000000000000E-01
    6.000000000000001E-01   -1.196081863245019E-05    5.000000000000000E-01
    6.125000000000000E-01   -1.196081863244916E-05    5.000000000000000E-01
    6.250000000000000E-01   -1.196081863244812E-05    5.000000000000000E-01
    6.375000000000000E-01   -1.196081863244709E-05    5.000000000000000E-01
    6.499999999999999E-01   -1.196081863244606E-05    5.000000000000000E-01
    6.625000000000001E-01   -1.196081863244502E-05    5.000000000000000E-01
    6.750000000000002E-01   -1.196081863244399E-05    5.000000000000000E-01
    6.875000000000001E-01   -1.196081863244296E-05    5.000000000000000E-01
    7.000000000000001E-01   -1.196081863244193E-05    5.000000000000000E-01
    7.125000000000000E-01   -1.196081863244090E-05    5.000000000000000E-01
    7.250000000000003E-01   -1.196081863243987E-05    5.000000000000000E-01
    7.375000000000003E-01   -1.196081863243884E-05    5.000000000000000E-01
    5.000000000000000E-01   -8.955320362029691E-06    5.000000000000000E-01
    5.124999999999998E-01   -8.955320362029024E-06    5.000000000000000E-01
    5.249999999999999E-01   -8.955320362028357E-06    5.000000000000000E-01
    5.375000000000001E-01   -8.955320362027691E-06    5.000000000000000E-01
    5.500000000000000E-01   -8.955320362027020E-06    5.000000000000000E-01
    5.625000000000000E-01   -8.955320362026349E-06    5.000000000000000E-01
    5.750000000000000E-01   -8.955320362025682E-06    5.000000000000000E-01
    5.874999999999999E-01   -8.955320362025014E-06    5.000000000000000E-01
    6.000000000000001E-01   -8.955320362024348E-06    5.000000000000000E-01
    6.125000000000000E-01   -8.955320362023681E-06    5.000000000000000E-01
    6.250000000000001E-01   -8.955320362023012E-06    5.000000000000000E-01
    6.375000000000000E-01   -8.955320362022341E-06    5.000000000000000E-01
    6.499999999999999E-01   -8.955320362021673E-06    5.000000000000000E-01
    6.625000000000002E-01   -8.955320362021008E-06    5.000000000000000E-01
    6.750000000000000E-01   -8.955320362020340E-06    5.000000000000000E-01
    6.875000000000000E-01   -8.955320362019674E-06    5.000000000000000E-01
    7.000000000000000E-01   -8.955320362019005E-06    5.000000000000000E-01
    7.124999999999998E-01   -8.955320362018336E-06    5.000000000000000E-01
    7.250000000000001E-01   -8.955320362017669E-06    5.000000000000000E-01
    7.375000000000000E-01   -8.955320362016998E-06    5.000000000000000E-01
    5.000000000000000E-01   -6.621433299863119E-06    5.000000000000000E-01
    5.124999999999998E-01   -6.621433299862442E-06    5.000000000000000E-01
    5.249999999999999E-01   -6.621433299861763E-06    5.000000000000000E-01
    5.375000000000002E-01   -6.621433299861086E-06    5.000000000000000E-01
    5.500000000000003E-01   -6.621433299860408E-06    5.000000000000000E-01
    5.625000000000000E-01   -6.621433299859729E-06    5.000000000000000E-01
    5.750000000000000E-01   -6.621433299859051E-06    5.000000000000000E-01
    5.874999999999999E-01   -6.621433299858373E-06    5.000000000000000E-01
    5.999999999999999E-01   -6.621433299857696E-06    5.000000000000000E-01
    6.125000000000000E-01   -6.621433299857018E-06    5.000000000000000E-01
    6.250000000000000E-01   -6.621433299856339E-06    5.000000000000000E-01
    6.375000000000002E-01   -6.621433299855661E-06    5.000000000000000E-01
    6.499999999999999E-01   -6.621433299854984E-06    5.000000000000000E-01
    6.625000000000001E-01   -6.621433299854307E-06    5.000000000000000E-01
    6.750000000000002E-01   -6.621433299853626E-06    5.000000000000000E-01
    6.874999999999998E-01   -6.621433299852948E-06    5.000000000000000E-01
    7.000000000000000E-01   -6.621433299852271E-06    5.000000000000000E-01
    7.125000000000000E-01   -6.621433299851595E-06    5.000000000000000E-01
    7.250000000000003E-01   -6.621433299850917E-06    5.000000000000000E-01
    7.375000000000000E-01   -6.621433299850236E-06    5.000000000000000E-01
    5.000000000000000E-01   -4.784125772450411E-06    5.000000000000000E-01
    5.124999999999997E-01   -4.784125772449848E-06    5.000000000000000E-01
    5.249999999999999E-01   -4.784125772449287E-06    5.000000000000000E-01
    5.375000000000001E-01   -4.784125772448726E-06    5.000000000000000E-01
    5.500000000000000E-01   -4.784125772448163E-06    5.000000000000000E-01
    5.625000000000001E-01   -4.784125772447601E-06    5.000000000000000E-01
    5.750000000000000E-01   -4.784125772447037E-06    5.000000000000000E-01
    5.875000000000000E-01   -4.784125772446477E-06    5.000000000000000E-01
    6.000000000000001E-01   -4.784125772445915E-06    5.000000000000000E-01
    6.124999999999999E-01   -4.784125772445353E-06    5.000000000000000E-01
    6.250000000000000E-01   -4.784125772444790E-06    5.000000000000000E-01
    6.375000000000002E-01   -4.784125772444227E-06    5.000000000000000E-01
    6.499999999999997E-01   -4.784125772443666E-06    5.000000000000000E-01
    6.625000000000001E-01   -4.784125772443104E-06    5.000000000000000E-01
    6.750000000000000E-01   -4.784125772442542E-06    5.000000000000000E-01
    6.875000000000000E-01   -4.784125772441979E-06    5.000000000000000E-01
    7.000000000000000E-01   -4.784125772441416E-06    5.000000000000000E-01
    7.124999999999999E-01   -4.784125772440855E-06    5.000000000000000E-01
    7.250000000000001E-01   -4.784125772440294E-06    5.000000000000000E-01
    7.375000000000003E-01   -4.784125772439732E-06    5.000000000000000E-01
    5.000000000000000E-01   -3.305607474302689E-06    5.000000000000000E-01
    5.125000000000000E-01   -3.305607474302396E-06    5.000000000000000E-01
    5.249999999999999E-01   -3.305607474302104E-06    5.000000000000000E-01
    5.375000000000003E-01   -3.305607474301812E-06    5.000000000000000E-01
    5.500000000000002E-01   -3.305607474301518E-06    5.000000000000000E-01
    5.625000000000000E-01   -3.305607474301226E-06    5.000000000000000E-01
    5.750000000000000E-01   -3.305607474300933E-06    5.000000000000000E-01
    5.874999999999997E-01   -3.305607474300641E-06    5.000000000000000E-01
    6.000000000000001E-01   -3.305607474300349E-06    5.000000000000000E-01
    6.125000000000003E-01   -3.305607474300056E-06    5.000000000000000E-01
    6.250000000000000E-01   -3.305607474299762E-06    5.000000000000000E-01
    6.375000000000000E-01   -3.305607474299470E-06    5.000000000000000E-01
    6.499999999999999E-01   -3.305607474299177E-06    5.000000000000000E-01
    6.624999999999999E-01   -3.305607474298885E-06    5.000000000000000E-01
    6.750000000000000E-01   -3.305607474298591E-06    5.000000000000000E-01
    6.875000000000001E-01   -3.305607474298300E-06    5.000000000000000E-01
    7.000000000000000E-01   -3.305607474298006E-06    5.000000000000000E-01
    7.124999999999999E-01   -3.305607474297714E-06    5.000000000000000E-01
    7.250000000000002E-01   -3.305607474297422E-06    5.000000000000000E-01
    7.374999999999998E-01   -3.305607474297129E-06    5.000000000000000E-01
    5.000000000000000E-01   -2.074995776936109E-06    5.000000000000000E-01
    5.125000000000000E-01   -2.074995776935805E-06    5.000000000000000E-01
    5.249999999999999E-01   -2.074995776935500E-06    5.000000000000000E-01
    5.375000000000001E-01   -2.074995776935195E-06    5.000000000000000E-01
    5.500000000000000E-01   -2.074995776934892E-06    5.000000000000000E-01
    5.625000000000000E-01   -2.074995776934588E-06    5.000000000000000E-01
    5.750000000000000E-01   -2.074995776934283E-06    5.000000000000000E-01
    5.874999999999999E-01   -2.074995776933979E-06    5.000000000000000E-01
    6.000000000000001E-01   -2.074995776933674E-06    5.000000000000000E-01
    6.125000000000002E-01   -2.074995776933371E-06    5.000000000000000E-01
    6.250000000000001E-01   -2.074995776933066E-06    5.000000000000000E-01
    6.375000000000002E-01   -2.074995776932762E-06    5.000000000000000E-01
    6.500000000000001E-01   -2.074995776932457E-06    5.000000000000000E-01
    6.625000000000003E-01   -2.074995776932153E-06    5.000000000000000E-01
    6.750000000000003E-01   -2.074995776931850E-06    5.000000000000000E-01
    6.875000000000002E-01   -2.074995776931545E-06    5.000000000000000E-01
    7.000000000000000E-01   -2.074995776931241E-06    5.000000000000000E-01
    7.124999999999999E-01   -2.074995776930936E-06    5.000000000000000E-01
    7.250000000000001E-01   -2.074995776930632E-06    5.000000000000000E-01
    7.375000000000000E-01   -2.074995776930328E-06    5.000000000000000E-01
    5.000000000000000E-01   -1.000000000000000E-06    5.000000000000000E-01
    5.124999999999998E-01   -9.999999999998860E-07    5.000000000000000E-01
    5.249999999999999E-01   -9.999999999997721E-07    5.000000000000000E-01
    5.375000000000001E-01   -9.999999999996590E-07    5.000000000000000E-01
    5.500000000000003E-01   -9.999999999995449E-07    5.000000000000000E-01
    5.625000000000000E-01   -9.999999999994312E-07    5.000000000000000E-01
    5.749999999999997E-01   -9.999999999993172E-07    5.000000000000000E-01
    5.875000000000000E-01   -9.999999999992035E-07    5.000000000000000E-01
    6.000000000000001E-01   -9.999999999990898E-07    5.000000000000000E-01
    6.125000000000000E-01   -9.999999999989761E-07    5.000000000000000E-01
    6.250000000000000E-01   -9.999999999988622E-07    5.000000000000000E-01
    6.375000000000000E-01   -9.999999999987485E-07    5.000000000000000E-01
    6.499999999999999E-01   -9.999999999986347E-07    5.000000000000000E-01
    6.625000000000000E-01   -9.999999999985208E-07    5.000000000000000E-01
    6.750000000000003E-01   -9.999999999984071E-07    5.000000000000000E-01
    6.875000000000000E-01   -9.999999999982934E-07    5.000000000000000E-01
    7.000000000000000E-01   -9.999999999981795E-07    5.000000000000000E-01
    7.124999999999999E-01   -9.999999999980658E-07    5.000000000000000E-01
    7.250000000000001E-01   -9.999999999979520E-07    5.000000000000000E-01
    7.374999999999999E-01   -9.999999999978379E-07    5.000000000000000E-01
    5.000000000000000E-01    0.000000000000000E+00    5.000000000000000E-01
    5.125000000000000E-01    0.000000000000000E+00    5.000000000000000E-01
    5.249999999999999E-01    0.000000000000000E+00    5.000000000000000E-01
    5.375000000000001E-01    0.000000000000000E+00    5.000000000000000E-01
    5.500000000000000E-01    0.000000000000000E+00    5.000000000000000E-01
    5.625000000000000E-01    0.000000000000000E+00    5.000000000000000E-01
    5.750000000000000E-01    0.000000000000000E+00    5.000000000000000E-01
    5.874999999999999E-01    0.000000000000000E+00    5.000000000000000E-01
    6.000000000000001E-01    0.000000000000000E+00    5.000000000000000E-01
    6.125000000000000E-01    0.000000000000000E+00    5.000000000000000E-01
    6.250000000000000E-01    0.000000000000000E+00    5.000000000000000E-01
    6.375000000000000E-01    0.000000000000000E+00    5.000000000000000E-01
    6.499999999999999E-01    0.000000000000000E+00    5.000000000000000E-01
    6.625000000000001E-01    0.000000000000000E+00    5.000000000000000E-01
    6.750000000000000E-01    0.000000000000000E+00    5.000000000000000E-01
    6.875000000000000E-01    0.000000000000000E+00    5.000000000000000E-01
    7.000000000000000E-01    0.000000000000000E+00    5.000000000000000E-01
    7.124999999999999E-01    0.000000000000000E+00    5.000000000000000E-01
    7.250000000000001E-01    0.000000000000000E+00    5.000000000000000E-01
    7.375000000000000E-01    0.000000000000000E+00    5.000000000000000E-01
CELL_DATA          760
SCALARS density double 1
LOOKUP_TABLE default
    1.000000000000000E+00
    1.000000000000000E+00
    1.000000000000000E+00
    1.000000000000000E+00
    1.000000000000000E+00
    1.000000000000000E+00
    1.000000000000000E+00
    1.000000000000000E+00
    1.000000000000000E+00
    1.000000000000000E+00
    1.000000000000000E+00
    1.000000000000000E+00
    1.000000000000000E+00
    1.000000000000000E+00
    1.000000000000000E+00
    1.000000000000000E+00
    1.000000000000000E+00
    1.000000000000000E+00
    1.000000000000000E+00
    1.000000000000000E+00
    1.000000000000000E+00
    1.000000000000000E+00
    1.000000000000000E+00
    1.000000000000000E+00
    1.000000000000000E+00
    1.000000000000000E+00
    1.000000000000000E+00
    1.000000000000000E+00
    1.000000000000000E+00
    1.000000000000000E+00
    1.000000000000000E+00
    1.000000000000000E+00
    1.000000000000000E+00
    1.000000000000000E+00
    1.000000000000000E+00
    1.000000000000000E+00
    1.000000000000000E+00
    1.000000000000000E+00
    1.000000000000000E+00
    1.000000000000000E+00
    1.000000000000000E+00
    1.000000000000000E+00
    1.000000000000000E+00
    1.000000000000000E+00
    1.000000000000000E+00
    1.000000000000000E+00
    1.000000000000000E+00
    1.000000000000000E+00
    1.000000000000000E+00
    1.000000000000000E+00
    1.000000000000000E+00
    1.000000000000000E+00
    1.000000000000000E+00
    1.000000000000000E+00
    1.000000000000000E+00
    1.000000000000000E+00
    1.000000000000000E+00
    1.000000000000000E+00
    1.000000000000000E+00
    1.000000000000000E+00
    1.000000000000000E+00
    1.000000000000000E+00
    1.000000000000000E+00
    1.000000000000000E+00
    1.000000000000000E+00
    1.000000000000000E+00
    1.000000000000000E+00
    1.000000000000000E+00
    1.000000000000000E+00
    1.000000000000000E+00
    1.000000000000000E+00
    1.000000000000000E+00
    1.000000000000000E+00
    1.000000000000000E+00
    1.000000000000000E+00
    1.000000000000000E+00
    1.000000000000000E+00
    1.000000000000000E+00
    1.000000000000000E+00
    1.000000000000000E+00
    1.000000000000000E+00
    1.000000000000000E+00
    1.000000000000000E+00
    1.000000000000000E+00
    1.000000000000000E+00
    1.000000000000000E+00
    1.000000000000000E+00
    1.000000000000000E+00
    1.000000000000000E+00
    1.000000000000000E+00
    1.000000000000000E+00
    1.000000000000000E+00
    1.000000000000000E+00
    1.000000000000000E+00
    1.000000000000000E+00
    1.000000000000000E+00
    1.000000000000000E+00
    1.000000000000000E+00
    1.000000000000000E+00
    1.000000000000000E+00
    1.000000000000000E+00
    1.000000000000000E+00
    1.000000000000000E+00
    1.000000000000000E+00
    1.000000000000000E+00
    1.000000000000000E+00
    1.000000000000000E+00
    1.000000000000000E+00
    1.000000000000000E+00
    1.000000000000000E+00
    1.000000000000000E+00
    1.000000000000000E+00
    1.000000000000000E+00
    1.000000000000000E+00
    1.000000000000000E+00
    1.000000000000000E+00
    1.000000000000000E+00
    1.000000000000000E+00
    1.000000000000000E+00
    1.000000000000000E+00
    1.000000000000000E+00
    1.000000000000000E+00
    1.000000000000000E+00
    1.000000000000000E+00
    1.000000000000000E+00
    1.000000000000000E+00
    1.000000000000000E+00
    1.000000000000000E+00
    1.000000000000000E+00
    1.000000000000000E+00
    1.000000000000000E+00
    1.000000000000000E+00
    1.000000000000000E+00
    1.000000000000000E+00
    1.000000000000000E+00
    1.000000000000000E+00
    1.000000000000000E+00
    1.000000000000000E+00
    1.000000000000000E+00
    1.000000000000000E+00
    1.000000000000000E+00
    1.000000000000000E+00
    1.000000000000000E+00
    1.000000000000000E+00
    1.000000000000000E+00
    1.000000000000000E+00
    1.000000000000000E+00
    1.000000000000000E+00
    1.000000000000000E+00
    1.000000000000000E+00
    1.000000000000000E+00
    1.000000000000000E+00
    1.000000000000000E+00
    1.000000000000000E+00
    1.000000000000000E+00
    1.000000000000000E+00
    1.000000000000000E+00
    1.000000000000000E+00
    1.000000000000000E+00
    1.000000000000000E+00
    1.000000000000000E+00
    1.000000000000000E+00
    1.000000000000000E+00
    1.000000000000000E+00
    1.000000000000000E+00
    1.000000000000000E+00
    1.000000000000000E+00
    1.000000000000000E+00
    1.000000000000000E+00
    1.000000000000000E+00
    1.000000000000000E+00
    1.000000000000000E+00
    1.000000000000000E+00
    1.000000000000000E+00
    1.000000000000000E+00
    1.000000000000000E+00
    1.000000000000000E+00
    1.000000000000000E+00
    1.000000000000000E+00
    1.000000000000000E+00
    1.000000000000000E+00
    1.000000000000000E+00
    1.000000000000000E+00
    1.000000000000000E+00
    1.000000000000000E+00
    1.000000000000000E+00
    1.000000000000000E+00
    1.000000000000000E+00
    1.000000000000000E+00
    1.000000000000000E+00
    1.000000000000000E+00
    1.000000000000000E+00
    1.000000000000000E+00
    1.000000000000000E+00
    1.000000000000000E+00
    1.000000000000000E+00
    1.000000000000000E+00
    1.000000000000000E+00
    1.000000000000000E+00
    1.000000000000000E+00
    1.000000000000000E+00
    1.000000000000000E+00
    1.000000000000000E+00
    1.000000000000000E+00
    1.000000000000000E+00
    1.000000000000000E+00
    1.000000000000000E+00
    1.000000000000000E+00
    1.000000000000000E+00
    1.000000000000000E+00
    1.000000000000000E+00
    1.000000000000000E+00
    1.000000000000000E+00
    1.000000000000000E+00
    1.000000000000000E+00
    1.000000000000000E+00
    1.000000000000000E+00
    1.000000000000000E+00
    1.000000000000000E+00
    1.000000000000000E+00
    1.000000000000000E+00
    1.000000000000000E+00
    1.000000000000000E+00
    1.000000000000000E+00
    1.000000000000000E+00
    1.000000000000000E+00
    1.000000000000000E+00
    1.000000000000000E+00
    1.000000000000000E+00
    1.000000000000000E+00
    1.000000000000000E+00
    1.000000000000000E+00
    1.000000000000000E+00
    1.000000000000000E+00
    1.000000000000000E+00
    1.000000000000000E+00
    1.000000000000000E+00
    1.000000000000000E+00
    1.000000000000000E+00
    1.000000000000000E+00
    1.000000000000000E+00
    1.000000000000000E+00
    1.000000000000000E+00
    1.000000000000000E+00
    1.000000000000000E+00
    1.000000000000000E+00
    1.000000000000000E+00
    1.000000000000000E+00
    1.000000000000000E+00
    1.000000000000000E+00
    1.000000000000000E+00
    1.000000000000000E+00
    1.000000000000000E+00
    1.000000000000000E+00
    1.000000000000000E+00
    1.000000000000000E+00
    1.000000000000000E+00
    1.000000000000000E+00
    1.000000000000000E+00
    1.000000000000000E+00
    1.000000000000000E+00
    1.000000000000000E+00
    1.000000000000000E+00
    1.000000000000000E+00
    1.000000000000000E+00
    1.000000000000000E+00
    1.000000000000000E+00
    1.000000000000000E+00
    1.000000000000000E+00
    1.000000000000000E+00
    1.000000000000000E+00
    1.000000000000000E+00
    1.000000000000000E+00
    1.000000000000000E+00
    1.000000000000000E+00
    1.000000000000000E+00
    1.000000000000000E+00
    1.000000000000000E+00
    1.000000000000000E+00
    1.000000000000000E+00
    1.000000000000000E+00
    1.000000000000000E+00
    1.000000000000000E+00
    1.000000000000000E+00
    1.000000000000000E+00
    1.000000000000000E+00
    1.000000000000000E+00
    1.000000000000000E+00
    1.000000000000000E+00
    1.000000000000000E+00
    1.000000000000000E+00
    1.000000000000000E+00
    1.000000000000000E+00
    1.000000000000000E+00
    1.000000000000000E+00
    1.000000000000000E+00
    1.000000000000000E+00
    1.000000000000000E+00
    1.000000000000000E+00
    1.000000000000000E+00
    1.000000000000000E+00
    1.000000000000000E+00
    1.000000000000000E+00
    1.000000000000000E+00
    1.000000000000000E+00
    1.000000000000000E+00
    1.000000000000000E+00
    1.000000000000000E+00
    1.000000000000000E+00
    1.000000000000000E+00
    1.000000000000000E+00
    1.000000000000000E+00
    1.000000000000000E+00
    1.000000000000000E+00
    1.000000000000000E+00
    1.000000000000000E+00
    1.000000000000000E+00
    1.000000000000000E+00
    1.000000000000000E+00
    1.000000000000000E+00
    1.000000000000000E+00
    1.000000000000000E+00
    1.000000000000000E+00
    1.000000000000000E+00
    1.000000000000000E+00
    1.000000000000000E+00
    1.000000000000000E+00
    1.000000000000000E+00
    1.000000000000000E+00
    1.000000000000000E+00
    1.000000000000000E+00
    1.000000000000000E+00
    1.000000000000000E+00
    1.000000000000000E+00
    1.000000000000000E+00
    1.000000000000000E+00
    1.000000000000000E+00
    1.000000000000000E+00
    1.000000000000000E+00
    1.000000000000000E+00
    1.000000000000000E+00
    1.000000000000000E+00
    1.000000000000000E+00
    1.000000000000000E+00
    1.000000000000000E+00
    1.000000000000000E+00
    1.000000000000000E+00
    1.000000000000000E+00
    1.000000000000000E+00
    1.000000000000000E+00
    1.000000000000000E+00
    1.000000000000000E+00
    1.000000000000000E+00
    1.000000000000000E+00
    1.000000000000000E+00
    1.000000000000000E+00
    1.000000000000000E+00
    1.000000000000000E+00
    1.000000000000000E+00
    1.000000000000000E+00
    1.000000000000000E+00
    1.000000000000000E+00
    1.000000000000000E+00
    1.000000000000000E+00
    1.000000000000000E+00
    1.000000000000000E+00
    1.000000000000000E+00
    1.000000000000000E+00
    1.000000000000000E+00
    1.000000000000000E+00
    1.000000000000000E+00
    1.000000000000000E+00
    1.000000000000000E+00
    1.000000000000000E+00
    1.000000000000000E+00
    1.000000000000000E+00
    1.000000000000000E+00
    1.000000000000000E+00
    1.000000000000000E+00
    1.000000000000000E+00
    1.000000000000000E+00
    1.000000000000000E+00
    1.000000000000000E+00
    1.000000000000000E+00
    1.000000000000000E+00
    1.000000000000000E+00
    1.000000000000000E+00
    1.000000000000000E+00
    1.000000000000000E+00
    1.000000000000000E+00
    1.000000000000000E+00
    1.000000000000000E+00
    1.000000000000000E+00
    1.000000000000000E+00
    1.000000000000000E+00
    1.000000000000000E+00
    1.000000000000000E+00
    1.000000000000000E+00
    1.000000000000000E+00
    1.000000000000000E+00
    1.000000000000000E+00
    1.000000000000000E+00
    1.000000000000000E+00
    1.000000000000000E+00
    1.000000000000000E+00
    1.000000000000000E+00
    1.000000000000000E+00
    1.000000000000000E+00
    1.000000000000000E+00
    1.000000000000000E+00
    1.000000000000000E+00
    1.000000000000000E+00
    1.000000000000000E+00
    1.000000000000000E+00
    1.000000000000000E+00
    1.000000000000000E+00
    1.000000000000000E+00
    1.000000000000000E+00
    1.000000000000000E+00
    1.000000000000000E+00
    1.000000000000000E+00
    1.000000000000000E+00
    1.000000000000000E+00
    1.000000000000000E+00
    1.000000000000000E+00
    1.000000000000000E+00
    1.000000000000000E+00
    1.000000000000000E+00
    1.000000000000000E+00
    1.000000000000000E+00
    1.000000000000000E+00
    1.000000000000000E+00
    1.000000000000000E+00
    1.000000000000000E+00
    1.000000000000000E+00
    1.000000000000000E+00
    1.000000000000000E+00
    1.000000000000000E+00
    1.000000000000000E+00
    1.000000000000000E+00
    1.000000000000000E+00
    1.000000000000000E+00
    1.000000000000000E+00
    1.000000000000000E+00
    1.000000000000000E+00
    1.000000000000000E+00
    1.000000000000000E+00
    1.000000000000000E+00
    1.000000000000000E+00
    1.000000000000000E+00
    1.000000000000000E+00
    1.000000000000000E+00
    1.000000000000000E+00
    1.000000000000000E+00
    1.000000000000000E+00
    1.000000000000000E+00
    1.000000000000000E+00
    1.000000000000000E+00
    1.000000000000000E+00
    1.000000000000000E+00
    1.000000000000000E+00
    1.000000000000000E+00
    1.000000000000000E+00
    1.000000000000000E+00
    1.000000000000000E+00
    1.000000000000000E+00
    1.000000000000000E+00
    1.000000000000000E+00
    1.000000000000000E+00
    1.000000000000000E+00
    1.000000000000000E+00
    1.000000000000000E+00
    1.000000000000000E+00
    1.000000000000000E+00
    1.000000000000000E+00
    1.000000000000000E+00
    1.000000000000000E+00
    1.000000000000000E+00
    1.000000000000000E+00
    1.000000000000000E+00
    1.000000000000000E+00
    1.000000000000000E+00
    1.000000000000000E+00
    1.000000000000000E+00
    1.000000000000000E+00
    1.000000000000000E+00
    1.000000000000000E+00
    1.000000000000000E+00
    1.000000000000000E+00
    1.000000000000000E+00
    1.000000000000000E+00
    1.000000000000000E+00
    1.000000000000000E+00
    1.000000000000000E+00
    1.000000000000000E+00
    1.000000000000000E+00
    1.000000000000000E+00
    1.000000000000000E+00
    1.000000000000000E+00
    1.000000000000000E+00
    1.000000000000000E+00
    1.000000000000000E+00
    1.000000000000000E+00
    1.000000000000000E+00
    1.000000000000000E+00
    1.000000000000000E+00
    1.000000000000000E+00
    1.000000000000000E+00
    1.000000000000000E+00
    1.000000000000000E+00
    1.000000000000000E+00
    1.000000000000000E+00
    1.000000000000000E+00
    1.000000000000000E+00
    1.000000000000000E+00
    1.000000000000000E+00
    1.000000000000000E+00
    1.000000000000000E+00
    1.000000000000000E+00
    1.000000000000000E+00
    1.000000000000000E+00
    1.000000000000000E+00
    1.000000000000000E+00
    1.000000000000000E+00
    1.000000000000000E+00
    1.000000000000000E+00
    1.000000000000000E+00
    1.000000000000000E+00
    1.000000000000000E+00
    1.000000000000000E+00
    1.000000000000000E+00
    1.000000000000000E+00
    1.000000000000000E+00
    1.000000000000000E+00
    1.000000000000000E+00
    1.000000000000000E+00
    1.000000000000000E+00
    1.000000000000000E+00
    1.000000000000000E+00
    1.000000000000000E+00
    1.000000000000000E+00
    1.000000000000000E+00
    1.000000000000000E+00
    1.000000000000000E+00
    1.000000000000000E+00
    1.000000000000000E+00
    1.000000000000000E+00
    1.000000000000000E+00
    1.000000000000000E+00
    1.000000000000000E+00
    1.000000000000000E+00
    1.000000000000000E+00
    1.000000000000000E+00
    1.000000000000000E+00
    1.000000000000000E+00
    1.000000000000000E+00
    1.000000000000000E+00
    1.000000000000000E+00
    1.000000000000000E+00
    1.000000000000000E+00
    1.000000000000000E+00
    1.000000000000000E+00
    1.000000000000000E+00
    1.000000000000000E+00
    1.000000000000000E+00
    1.000000000000000E+00
    1.000000000000000E+00
    1.000000000000000E+00
    1.000000000000000E+00
    1.000000000000000E+00
    1.000000000000000E+00
    1.000000000000000E+00
    1.000000000000000E+00
    1.000000000000000E+00
    1.000000000000000E+00
    1.000000000000000E+00
    1.000000000000000E+00
    1.000000000000000E+00
    1.000000000000000E+00
    1.000000000000000E+00
    1.000000000000000E+00
    1.000000000000000E+00
    1.000000000000000E+00
    1.000000000000000E+00
    1.000000000000000E+00
    1.000000000000000E+00
    1.000000000000000E+00
    1.000000000000000E+00
    1.000000000000000E+00
    1.000000000000000E+00
    1.000000000000000E+00
    1.000000000000000E+00
    1.000000000000000E+00
    1.000000000000000E+00
    1.000000000000000E+00
    1.000000000000000E+00
    1.000000000000000E+00
    1.000000000000000E+00
    1.000000000000000E+00
    1.000000000000000E+00
    1.000000000000000E+00
    1.000000000000000E+00
    1.000000000000000E+00
    1.000000000000000E+00
    1.000000000000000E+00
    1.000000000000000E+00
    1.000000000000000E+00
    1.000000000000000E+00
    1.000000000000000E+00
    1.000000000000000E+00
    1.000000000000000E+00
    1.000000000000000E+00
    1.000000000000000E+00
    1.000000000000000E+00
    1.000000000000000E+00
    1.000000000000000E+00
    1.000000000000000E+00
    1.000000000000000E+00
    1.000000000000000E+00
    1.000000000000000E+00
    1.000000000000000E+00
    1.000000000000000E+00
    1.000000000000000E+00
    1.000000000000000E+00
    1.000000000000000E+00
    1.000000000000000E+00
    1.000000000000000E+00
    1.000000000000000E+00
    1.000000000000000E+00
    1.000000000000000E+00
    1.000000000000000E+00
    1.000000000000000E+00
    1.000000000000000E+00
    1.000000000000000E+00
    1.000000000000000E+00
    1.000000000000000E+00
    1.000000000000000E+00
    1.000000000000000E+00
    1.000000000000000E+00
    1.000000000000000E+00
    1.000000000000000E+00
    1.000000000000000E+00
    1.000000000000000E+00
    1.000000000000000E+00
    1.000000000000000E+00
    1.000000000000000E+00
    1.000000000000000E+00
    1.000000000000000E+00
    1.000000000000000E+00
    1.000000000000000E+00
    1.000000000000000E+00
    1.000000000000000E+00
    1.000000000000000E+00
    1.000000000000000E+00
    1.000000000000000E+00
    1.000000000000000E+00
    1.000000000000000E+00
    1.000000000000000E+00
    1.000000000000000E+00
    1.000000000000000E+00
    1.000000000000000E+00
    1.000000000000000E+00
    1.000000000000000E+00
    1.000000000000000E+00
    1.000000000000000E+00
    1.000000000000000E+00
    1.000000000000000E+00
    1.000000000000000E+00
    1.000000000000000E+00
    1.000000000000000E+00
    1.000000000000000E+00
    1.000000000000000E+00
    1.000000000000000E+00
    1.000000000000000E+00
    1.000000000000000E+00
    1.000000000000000E+00
    1.000000000000000E+00
    1.000000000000000E+00
    1.000000000000000E+00
    1.000000000000000E+00
    1.000000000000000E+00
    1.000000000000000E+00
    1.000000000000000E+00
    1.000000000000000E+00
    1.000000000000000E+00
    1.000000000000000E+00
    1.000000000000000E+00
    1.000000000000000E+00
    1.000000000000000E+00
    1.000000000000000E+00
    1.000000000000000E+00
    1.000000000000000E+00
    1.000000000000000E+00
    1.000000000000000E+00
    1.000000000000000E+00
    1.000000000000000E+00
    1.000000000000000E+00
    1.000000000000000E+00
    1.000000000000000E+00
    1.000000000000000E+00
    1.000000000000000E+00
    1.000000000000000E+00
    1.000000000000000E+00
    1.000000000000000E+00
    1.000000000000000E+00
    1.000000000000000E+00
    1.000000000000000E+00
    1.000000000000000E+00
    1.000000000000000E+00
    1.000000000000000E+00
    1.000000000000000E+00
    1.000000000000000E+00
    1.000000000000000E+00
    1.000000000000000E+00
    1.000000000000000E+00
    1.000000000000000E+00
    1.000000000000000E+00
    1.000000000000000E+00
    1.000000000000000E+00
    1.000000000000000E+00
    1.000000000000000E+00
    1.000000000000000E+00
    1.000000000000000E+00
    1.000000000000000E+00
    1.000000000000000E+00
    1.000000000000000E+00
    1.000000000000000E+00
    1.000000000000000E+00
    1.000000000000000E+00
    1.000000000000000E+00
    1.000000000000000E+00
    1.000000000000000E+00
    1.000000000000000E+00
    1.000000000000000E+00
    1.000000000000000E+00
    1.000000000000000E+00
    1.000000000000000E+00
    1.000000000000000E+00
    1.000000000000000E+00
    1.000000000000000E+00
    1.000000000000000E+00
    1.000000000000000E+00
    1.000000000000000E+00
    1.000000000000000E+00
    1.000000000000000E+00
    1.000000000000000E+00
    1.000000000000000E+00
    1.000000000000000E+00
    1.000000000000000E+00
    1.000000000000000E+00
    1.000000000000000E+00
    1.000000000000000E+00
    1.000000000000000E+00
    1.000000000000000E+00
    1.000000000000000E+00
    1.000000000000000E+00
    1.000000000000000E+00
    1.000000000000000E+00
    1.000000000000000E+00
    1.000000000000000E+00
VECTORS velocity double
   -6.003636885868447E-02    7.024660294195475E-01    0.000000000000000E+00
   -1.550179829067566E-01    1.625407572385016E+00    0.000000000000000E+00
   -2.084519583264000E-01    2.110680120661969E+00    0.000000000000000E+00
   -2.189436673715659E-01    2.295464064912773E+00    0.000000000000000E+00
   -1.947034307585060E-01    2.309191622634949E+00    0.000000000000000E+00
   -1.460695557933084E-01    2.237689318994964E+00    0.000000000000000E+00
   -8.215201022179827E-02    2.128747953063302E+00    0.000000000000000E+00
   -1.116696624041793E-02    2.000478916962689E+00    0.000000000000000E+00
    5.613956517802224E-02    1.853214741854812E+00    0.000000000000000E+00
    1.071943804594099E-01    1.667921039754621E+00    0.000000000000000E+00
    1.299208657187319E-01    1.390378275218317E+00    0.000000000000000E+00
    1.056547076134244E-01    9.284030323722686E-01    0.000000000000000E+00
    7.163635091758242E-03    1.442886908710662E-01    0.000000000000000E+00
   -1.558943091263939E-01   -9.316302285712877E-01    0.000000000000000E+00
   -3.126212541249039E-01   -2.106592931741854E+00    0.000000000000000E+00
   -4.798482810268755E-01   -3.410612673230881E+00    0.000000000000000E+00
   -5.652593172077233E-01   -4.725483532631967E+00    0.000000000000000E+00
   -6.197991597043048E-01   -5.551682016914227E+00    0.000000000000000E+00
   -9.334063605550992E-02   -4.760105864700376E+00    0.000000000000000E+00
   -9.715189747043469E-02    7.934026125034828E-01    0.000000000000000E+00
   -2.298853449652193E-01    1.698540613490922E+00    0.000000000000000E+00
   -2.934787461734029E-01    2.116619455313298E+00    0.000000000000000E+00
   -2.941661755425171E-01    2.240928550237181E+00    0.000000000000000E+00
   -2.487818945042504E-01    2.213552737313525E+00    0.000000000000000E+00
   -1.739653527879247E-01    2.115962783350946E+00    0.000000000000000E+00
   -8.039123800196968E-02    1.992218531329654E+00    0.000000000000000E+00
    2.562981738425442E-02    1.856899558966749E+00    0.000000000000000E+00
    1.305115776803281E-01    1.717617020245857E+00    0.000000000000000E+00
    2.272682685604448E-01    1.557270423702872E+00    0.000000000000000E+00
    3.088456862290099E-01    1.336868596848249E+00    0.000000000000000E+00
    3.642299696211507E-01    1.005552924545414E+00    0.000000000000000E+00
    3.787197848419373E-01    5.154450516128352E-01    0.000000000000000E+00
    3.197198592646636E-01   -1.849075994466456E-01    0.000000000000000E+00
    2.036066100695879E-01   -1.269665117770260E+00    0.000000000000000E+00
   -1.716583332004547E-02   -2.634870010874366E+00    0.000000000000000E+00
   -1.685347420569983E-01   -4.224567452863141E+00    0.000000000000000E+00
   -5.255054165967893E-01   -5.608371849044659E+00    0.000000000000000E+00
    1.791951870696940E-01   -5.861896031803443E+00    0.000000000000000E+00
   -1.748781197211766E-01    1.016167433766891E+00    0.000000000000000E+00
   -3.712450585826406E-01    1.865040336401457E+00    0.000000000000000E+00
   -4.399491815201210E-01    2.164790981109598E+00    0.000000000000000E+00
   -4.135280307515075E-01    2.190884530964419E+00    0.000000000000000E+00
   -3.220034191652844E-01    2.103528290227222E+00    0.000000000000000E+00
   -1.949447861115644E-01    1.970106278382184E+00    0.000000000000000E+00
   -4.419848277725527E-02    1.825117023668544E+00    0.000000000000000E+00
    1.208748112789458E-01    1.681044056245766E+00    0.000000000000000E+00
    2.833589747624998E-01    1.548958311262724E+00    0.000000000000000E+00
    4.423377268201410E-01    1.411257911638803E+00    0.000000000000000E+00
    5.915254267061018E-01    1.239675802376287E+00    0.000000000000000E+00
    7.195854310614922E-01    1.001578304084551E+00    0.000000000000000E+00
    8.127574098811655E-01    6.649571719471294E-01    0.000000000000000E+00
    8.592299436668036E-01    1.912021508530475E-01    0.000000000000000E+00
    8.509810849246612E-01   -5.904697935136163E-01    0.000000000000000E+00
    6.798697099232505E-01   -1.820870406112840E+00    0.000000000000000E+00
    5.980164574314345E-01   -3.602148488662253E+00    0.000000000000000E+00
   -2.301708853289056E-01   -5.451196305716080E+00    0.000000000000000E+00
    6.657329328585352E-01   -6.927382465528577E+00    0.000000000000000E+00
   -2.988677335490524E-01    1.325806539757071E+00    0.000000000000000E+00
   -5.627784266609019E-01    2.037893740404450E+00    0.000000000000000E+00
   -6.000719888853496E-01    2.188666651309124E+00    0.000000000000000E+00
   -5.121006965336848E-01    2.098760393804810E+00    0.000000000000000E+00
   -3.362342800323204E-01    1.947853360597626E+00    0.000000000000000E+00
   -1.218394866881019E-01    1.777307154544908E+00    0.000000000000000E+00
    1.209201080411690E-01    1.609037772068354E+00    0.000000000000000E+00
    3.634498882883277E-01    1.462315357870979E+00    0.000000000000000E+00
    6.026629722910394E-01    1.336984441980057E+00    0.000000000000000E+00
    8.389991653223561E-01    1.217675731677449E+00    0.000000000000000E+00
    1.067465007249772E+00    1.083795795113851E+00    0.000000000000000E+00
    1.276998312486145E+00    9.125601741318058E-01    0.000000000000000E+00
    1.457444147632046E+00    6.767696027098272E-01    0.000000000000000E+00
    1.592581029262960E+00    3.428178925724905E-01    0.000000000000000E+00
    1.707555746441048E+00   -2.227000682622635E-01    0.000000000000000E+00
    1.620214379291551E+00   -1.125636690590650E+00    0.000000000000000E+00
    1.731240658360931E+00   -2.768829026341084E+00    0.000000000000000E+00
    3.273215883976924E-01   -4.854781390182151E+00    0.000000000000000E+00
    1.348907044381718E+00   -7.579390785899414E+00    0.000000000000000E+00
   -4.594257225148975E-01    1.715266054683525E+00    0.000000000000000E+00
   -7.651320443253438E-01    2.173043768853357E+00    0.000000000000000E+00
   -6.902112261330834E-01    2.161071701789956E+00    0.000000000000000E+00
   -4.800011577917744E-01    1.951933718460346E+00    0.000000000000000E+00
   -1.594068565920353E-01    1.742490856969902E+00    0.000000000000000E+00
    1.964097127132600E-01    1.535957734239338E+00    0.000000000000000E+00
    5.537062400278056E-01    1.360813834877159E+00    0.000000000000000E+00
    8.989509984769650E-01    1.217289731649067E+00    0.000000000000000E+00
    1.235136599428517E+00    1.099547708939065E+00    0.000000000000000E+00
    1.563113689431455E+00    9.951806241411868E-01    0.000000000000000E+00
    1.880596158663170E+00    8.888885944028363E-01    0.000000000000000E+00
    2.178209611414441E+00    7.642525152046389E-01    0.000000000000000E+00
    2.450586472293166E+00    5.972942235062624E-01    0.000000000000000E+00
    2.672361744941069E+00    3.612012694811137E-01    0.000000000000000E+00
    2.890847157383523E+00   -5.718065958385330E-02    0.000000000000000E+00
    2.835107152031148E+00   -7.346341606965869E-01    0.000000000000000E+00
    3.027488377947696E+00   -2.126379065896558E+00    0.000000000000000E+00
    1.206524349426682E+00   -3.935163019757462E+00    0.000000000000000E+00
    2.183225479838371E+00   -7.801982996194639E+00    0.000000000000000E+00
   -6.237272463960039E-01    2.159987740897698E+00    0.000000000000000E+00
   -9.021483607057779E-01    2.232005177784521E+00    0.000000000000000E+00
   -5.814680109624174E-01    2.058529714859047E+00    0.000000000000000E+00
   -1.560010691476241E-01    1.739382867305773E+00    0.000000000000000E+00
    3.897259933039120E-01    1.478497233186735E+00    0.000000000000000E+00
    9.064250231072283E-01    1.264767565282503E+00    0.000000000000000E+00
    1.401493665026543E+00    1.095413457578015E+00    0.000000000000000E+00
    1.867833587198098E+00    9.615283930217904E-01    0.000000000000000E+00
    2.310021517901407E+00    8.548078612372297E-01    0.000000000000000E+00
    2.731084917820117E+00    7.649308548112546E-01    0.000000000000000E+00
    3.132317860765073E+00    6.800940767827288E-01    0.000000000000000E+00
    3.506963451317411E+00    5.882914679877076E-01    0.000000000000000E+00
    3.854413833502729E+00    4.690620094505702E-01    0.000000000000000E+00
    4.140199661590003E+00    3.029113286708859E-01    0.000000000000000E+00
    4.421205036789481E+00   -6.765048523130249E-03    0.000000000000000E+00
    4.347109755594170E+00   -5.001232274478503E-01    0.000000000000000E+00
    4.505078070774031E+00   -1.647012255181084E+00    0.000000000000000E+00
    2.347009462655990E+00   -3.069729778476237E+00    0.000000000000000E+00
    3.132795180967615E+00   -7.606282857592234E+00    0.000000000000000E+00
   -7.355279327353685E-01    2.621610491150215E+00    0.000000000000000E+00
   -8.457907064677871E-01    2.185998829480449E+00    0.000000000000000E+00
   -1.060303746140897E-01    1.860938895205282E+00    0.000000000000000E+00
    6.442782378441022E-01    1.456076437252684E+00    0.000000000000000E+00
    1.408932569111784E+00    1.188060371357419E+00    0.000000000000000E+00
    2.099656005527836E+00    9.849133600496226E-01    0.000000000000000E+00
    2.732172618761426E+00    8.320483752911509E-01    0.000000000000000E+00
    3.308434283871635E+00    7.152796381743362E-01    0.000000000000000E+00
    3.837923480844359E+00    6.247036536658536E-01    0.000000000000000E+00
    4.327966595235496E+00    5.512422686755994E-01    0.000000000000000E+00
    4.784121414374707E+00    4.854626000433352E-01    0.000000000000000E+00
    5.202829614917118E+00    4.184922422475748E-01    0.000000000000000E+00
    5.587003311702889E+00    3.336785707968420E-01    0.000000000000000E+00
    5.896081395854945E+00    2.179378446761822E-01    0.000000000000000E+00
    6.183511835628218E+00   -8.426100877809577E-03    0.000000000000000E+00
    6.058452214993244E+00   -3.546361140504884E-01    0.000000000000000E+00
    6.119628607767836E+00   -1.273929342770770E+00    0.000000000000000E+00
    3.658013469434782E+00   -2.364175594737940E+00    0.000000000000000E+00
    4.189655263149355E+00   -7.116704079470193E+00    0.000000000000000E+00
   -7.182393466880721E-01    3.046315308466738E+00    0.000000000000000E+00
   -4.142436479114694E-01    2.019044387213871E+00    0.000000000000000E+00
    8.907327039081910E-01    1.563023728512397E+00    0.000000000000000E+00
    1.943827762947745E+00    1.150342814298981E+00    0.000000000000000E+00
    2.908570673543387E+00    8.981529875959614E-01    0.000000000000000E+00
    3.738958747052934E+00    7.208933960644068E-01    0.000000000000000E+00
    4.465860588975248E+00    5.938633037041631E-01    0.000000000000000E+00
    5.105272697016185E+00    5.001964779118934E-01    0.000000000000000E+00
    5.674845385683723E+00    4.295291014866173E-01    0.000000000000000E+00
    6.187731111610586E+00    3.738713263635133E-01    0.000000000000000E+00
    6.653862761334091E+00    3.256904427896915E-01    0.000000000000000E+00
    7.072858606552262E+00    2.784971776988395E-01    0.000000000000000E+00
    7.449501261285111E+00    2.193323886817589E-01    0.000000000000000E+00
    7.740598554936402E+00    1.402263785430086E-01    0.000000000000000E+00
    7.989505679426325E+00   -2.234938054828137E-02    0.000000000000000E+00
    7.802966271544923E+00   -2.564837942990577E-01    0.000000000000000E+00
    7.754333789320116E+00   -9.754961521150874E-01    0.000000000000000E+00
    5.052811420777125E+00   -1.767267907929576E+00    0.000000000000000E+00
    5.340405206901773E+00   -6.482072034826873E+00    0.000000000000000E+00
   -4.706970690746805E-01    3.365585459744510E+00    0.000000000000000E+00
    5.778327235073256E-01    1.736716774230785E+00    0.000000000000000E+00
    2.362000081421206E+00    1.228183898541558E+00    0.000000000000000E+00
    3.666100264104873E+00    8.524644910345187E-01    0.000000000000000E+00
    4.756378062731384E+00    6.376261050578839E-01    0.000000000000000E+00
    5.649387776376185E+00    4.963472612647885E-01    0.000000000000000E+00
    6.399379110516722E+00    3.997194794134122E-01    0.000000000000000E+00
    7.038207062485760E+00    3.308292220693770E-01    0.000000000000000E+00
    7.592161733723946E+00    2.801618360181882E-01    0.000000000000000E+00
    8.079638242729192E+00    2.411279923414229E-01    0.000000000000000E+00
    8.513743801990337E+00    2.079738325901735E-01    0.000000000000000E+00
    8.896336282684485E+00    1.761388403990097E-01    0.000000000000000E+00
    9.232591510771886E+00    1.359352895605952E-01    0.000000000000000E+00
    9.479336754898018E+00    8.316051188735735E-02    0.000000000000000E+00
    9.670233099457894E+00   -3.152889479232884E-02    0.000000000000000E+00
    9.431954084853221E+00   -1.842796306728876E-01    0.000000000000000E+00
    9.296198365524324E+00   -7.338678048677775E-01    0.000000000000000E+00
    6.466296661868141E+00   -1.278706709170093E+00    0.000000000000000E+00
    6.548472844996152E+00   -5.781758597971719E+00    0.000000000000000E+00
    1.446050912830940E-01    3.499251257676986E+00    0.000000000000000E+00
    2.089354657143492E+00    1.410663520170194E+00    0.000000000000000E+00
    4.190628592949294E+00    9.046520862376016E-01    0.000000000000000E+00
    5.621557245493822E+00    5.932333442475149E-01    0.000000000000000E+00
    6.731587391989827E+00    4.272353282802773E-01    0.000000000000000E+00
    7.600396536685274E+00    3.240696980532309E-01    0.000000000000000E+00
    8.305175644765917E+00    2.563201605231208E-01    0.000000000000000E+00
    8.889973513911656E+00    2.093540549312118E-01    0.000000000000000E+00
    9.386626245795805E+00    1.755035279254990E-01    0.000000000000000E+00
    9.816167294304217E+00    1.498098130059097E-01    0.000000000000000E+00
    1.019278072766214E+01    1.281503365992324E-01    0.000000000000000E+00
    1.051920805811177E+01    1.074907180471834E-01    0.000000000000000E+00
    1.080005201494397E+01    8.084095355501658E-02    0.000000000000000E+00
    1.099399287310082E+01    4.648871645262054E-02    0.000000000000000E+00
    1.112810273667887E+01   -3.296251524348050E-02    0.000000000000000E+00
    1.085898640060942E+01   -1.292041903052073E-01    0.000000000000000E+00
    1.067323321349961E+01   -5.389821249995704E-01    0.000000000000000E+00
    7.845185631272898E+00   -8.945320216757793E-01    0.000000000000000E+00
    7.772434619213977E+00   -5.070097183361080E+00    0.000000000000000E+00
    1.231254922721963E+00    3.420969990585517E+00    0.000000000000000E+00
    3.945124375582275E+00    1.086020170308804E+00    0.000000000000000E+00
    6.173609036992326E+00    6.286118558832388E-01    0.000000000000000E+00
    7.588199273639495E+00    3.907462696878828E-01    0.000000000000000E+00
    8.622878274419223E+00    2.730387238277654E-01    0.000000000000000E+00
    9.403091151887839E+00    2.030763320528250E-01    0.000000000000000E+00
    1.001949762117085E+01    1.585756605559205E-01    0.000000000000000E+00
    1.052118464649407E+01    1.283533867947846E-01    0.000000000000000E+00
    1.094102208581314E+01    1.068773350630526E-01    0.000000000000000E+00
    1.129975824353374E+01    9.071531970145477E-02    0.000000000000000E+00
    1.161079312892074E+01    7.708348461477299E-02    0.000000000000000E+00
    1.187671620831486E+01    6.406411261368430E-02    0.000000000000000E+00
    1.210117956614812E+01    4.676875126086279E-02    0.000000000000000E+00
    1.224599299452984E+01    2.490977646706185E-02    0.000000000000000E+00
    1.233431420761539E+01   -2.905804869698407E-02    0.000000000000000E+00
    1.205711144558177E+01   -8.775509431810354E-02    0.000000000000000E+00
    1.185614321740870E+01   -3.846894617001861E-01    0.000000000000000E+00
    9.151450367540610E+00   -6.054303100123199E-01    0.000000000000000E+00
    8.973329506333881E+00   -4.377786512736803E+00    0.000000000000000E+00
    2.773895061362900E+00    3.163959608432460E+00    0.000000000000000E+00
    5.934372913876129E+00    7.891786521474334E-01    0.000000000000000E+00
    8.104984236451889E+00    4.154282654712700E-01    0.000000000000000E+00
    9.392400035892278E+00    2.464015823160121E-01    0.000000000000000E+00
    1.029372936585012E+01    1.684931972518517E-01    0.000000000000000E+00
    1.095463778459701E+01    1.236201753237755E-01    0.000000000000000E+00
    1.146719424988028E+01    9.572842583287278E-02    0.000000000000000E+00
    1.187886935601798E+01    7.703991744058615E-02    0.000000000000000E+00
    1.222002432809060E+01    6.387891372672344E-02    0.000000000000000E+00
    1.250917680714421E+01    5.401381601175487E-02    0.000000000000000E+00
    1.275791101045025E+01    4.564752305812825E-02    0.000000000000000E+00
    1.296819389826791E+01    3.761534428487116E-02    0.000000000000000E+00
    1.314275046509077E+01    2.659403275969393E-02    0.000000000000000E+00
    1.324735709196456E+01    1.295884944927820E-02    0.000000000000000E+00
    1.330268087289108E+01   -2.292877236967807E-02    0.000000000000000E+00
    1.303622022552680E+01   -5.773447563286158E-02    0.000000000000000E+00
    1.284452123866171E+01   -2.662446493084238E-01    0.000000000000000E+00
    1.035821396211579E+01   -3.975553208289355E-01    0.000000000000000E+00
    1.011708351103819E+01   -3.721469800863352E+00    0.000000000000000E+00
    4.631520010492558E+00    2.791471751967330E+00    0.000000000000000E+00
    7.865379971508941E+00    5.422493531780551E-01    0.000000000000000E+00
    9.839957940794040E+00    2.636572103384207E-01    0.000000000000000E+00
    1.094176542573562E+01    1.505173001188614E-01    0.000000000000000E+00
    1.169006219378709E+01    1.015163397180656E-01    0.000000000000000E+00
    1.222806589281149E+01    7.382070714832081E-02    0.000000000000000E+00
    1.264023692237852E+01    5.687488922725795E-02    0.000000000000000E+00
    1.296842761762292E+01    4.561213188522106E-02    0.000000000000000E+00
    1.323870333107061E+01    3.772299438923978E-02    0.000000000000000E+00
    1.346656096120567E+01    3.181614122789089E-02    0.000000000000000E+00
    1.366147623988589E+01    2.676726773286302E-02    0.000000000000000E+00
    1.382473402471381E+01    2.188804113527623E-02    0.000000000000000E+00
    1.395831761821750E+01    1.497766139393517E-02    0.000000000000000E+00
    1.403240023433962E+01    6.613350864780316E-03    0.000000000000000E+00
    1.406562246916069E+01   -1.673990957995215E-02    0.000000000000000E+00
    1.382262117751409E+01   -3.693024305297982E-02    0.000000000000000E+00
    1.365350177484888E+01   -1.787548833994619E-01    0.000000000000000E+00
    1.144623865870697E+01   -2.544109681528021E-01    0.000000000000000E+00
    1.117569209282882E+01   -3.112364045574529E+00    0.000000000000000E+00
    6.594811368799141E+00    2.371787351052201E+00    0.000000000000000E+00
    9.606212386677120E+00    3.544507227015676E-01    0.000000000000000E+00
    1.131058623113286E+01    1.623353476244686E-01    0.000000000000000E+00
    1.221357845840044E+01    8.997699552756662E-02    0.000000000000000E+00
    1.281507342660351E+01    6.022156070980651E-02    0.000000000000000E+00
    1.324183680819149E+01    4.354722231314667E-02    0.000000000000000E+00
    1.356628213734714E+01    3.345190968865650E-02    0.000000000000000E+00
    1.382319911414933E+01    2.677214227134242E-02    0.000000000000000E+00
    1.403395214756526E+01    2.210769939648412E-02    0.000000000000000E+00
    1.421100266164063E+01    1.861389432054879E-02    0.000000000000000E+00
    1.436184924737521E+01    1.560210368762577E-02    0.000000000000000E+00
    1.448722265956232E+01    1.267225559984430E-02    0.000000000000000E+00
    1.458856372833142E+01    8.401310283930973E-03    0.000000000000000E+00
    1.464051013711508E+01    3.338846408099437E-03    0.000000000000000E+00
    1.465967878720128E+01   -1.154780599264586E-02    0.000000000000000E+00
    1.444687885360470E+01   -2.308469387986306E-02    0.000000000000000E+00
    1.430508637852519E+01   -1.167082824939749E-01    0.000000000000000E+00
    1.240347071729719E+01   -1.594776352457673E-01    0.000000000000000E+00
    1.212853456130840E+01   -2.560367266293500E+00    0.000000000000000E+00
    8.471042053196479E+00    1.958403708418961E+00    0.000000000000000E+00
    1.109265966006486E+01    2.222696537872170E-01    0.000000000000000E+00
    1.250830581136012E+01    9.785407942773633E-02    0.000000000000000E+00
    1.322711401438641E+01    5.304419332785969E-02    0.000000000000000E+00
    1.370062717696043E+01    3.537995259546899E-02    0.000000000000000E+00
    1.403367077508172E+01    2.549408181054104E-02    0.000000000000000E+00
    1.428568858329302E+01    1.955154301730047E-02    0.000000000000000E+00
    1.448456038442031E+01    1.562846549052684E-02    0.000000000000000E+00
    1.464730239642793E+01    1.289406472770215E-02    0.000000000000000E+00
    1.478369650215387E+01    1.084385049544332E-02    0.000000000000000E+00
    1.489956435008097E+01    9.062066340773268E-03    0.000000000000000E+00
    1.499525201005541E+01    7.318195431210896E-03    0.000000000000000E+00
    1.507181609692070E+01    4.711335327761283E-03    0.000000000000000E+00
    1.510814339593699E+01    1.678864631984762E-03    0.000000000000000E+00
    1.511872882408374E+01   -7.637176857910031E-03    0.000000000000000E+00
    1.493814694648889E+01   -1.417319430859886E-02    0.000000000000000E+00
    1.482319110839330E+01   -7.436856110612276E-02    0.000000000000000E+00
    1.322575164217566E+01   -9.840674327118058E-02    0.000000000000000E+00
    1.296355872376798E+01   -2.073568621920438E+00    0.000000000000000E+00
    1.013602426035967E+01    1.583450481440074E+00    0.000000000000000E+00
    1.231383674475656E+01    1.348993034406620E-01    0.000000000000000E+00
    1.345821075754600E+01    5.816562129757139E-02    0.000000000000000E+00
    1.401974066684859E+01    3.100560386266157E-02    0.000000000000000E+00
    1.438764988426495E+01    2.066203541181872E-02    0.000000000000000E+00
    1.464494802014450E+01    1.485496867469808E-02    0.000000000000000E+00
    1.483911533160008E+01    1.138196075302269E-02    0.000000000000000E+00
    1.499200180677357E+01    9.091675346844809E-03    0.000000000000000E+00
    1.511692480212113E+01    7.497355043608493E-03    0.000000000000000E+00
    1.522145454979838E+01    6.300667240751059E-03    0.000000000000000E+00
    1.531006297694640E+01    5.253051834898561E-03    0.000000000000000E+00
    1.538285737423345E+01    4.222090605853233E-03    0.000000000000000E+00
    1.544062196673342E+01    2.647614076574697E-03    0.000000000000000E+00
    1.546609163439162E+01    8.450007080666633E-04    0.000000000000000E+00
    1.547161350303983E+01   -4.894002744487248E-03    0.000000000000000E+00
    1.532207425515935E+01   -8.585081527634507E-03    0.000000000000000E+00
    1.523090493297107E+01   -4.643797064527115E-02    0.000000000000000E+00
    1.391662797303344E+01   -6.003064478116102E-02    0.000000000000000E+00
    1.367743680384930E+01   -1.656186436484617E+00    0.000000000000000E+00
    1.153855973446447E+01    1.260892966217668E+00    0.000000000000000E+00
    1.329079667774137E+01    7.988665081867123E-02    0.000000000000000E+00
    1.419878032493288E+01    3.426822493749392E-02    0.000000000000000E+00
    1.463233605107066E+01    1.803219408345901E-02    0.000000000000000E+00
    1.491588785413695E+01    1.202231132151292E-02    0.000000000000000E+00
    1.511345001577616E+01    8.630091062658884E-03    0.000000000000000E+00
    1.526230522882805E+01    6.609035873482178E-03    0.000000000000000E+00
    1.537935140798895E+01    5.276988458067402E-03    0.000000000000000E+00
    1.547490045178484E+01    4.350740387889122E-03    0.000000000000000E+00
    1.555476338157815E+01    3.654916684318900E-03    0.000000000000000E+00
    1.562235585841411E+01    3.041910599473482E-03    0.000000000000000E+00
    1.567765176397448E+01    2.435598058699630E-03    0.000000000000000E+00
    1.572123896157658E+01    1.492801439793114E-03    0.000000000000000E+00
    1.573920529288217E+01    4.270705409672639E-04    0.000000000000000E+00
    1.574183945671705E+01   -3.063106439904323E-03    0.000000000000000E+00
    1.562033908051245E+01   -5.149179147554381E-03    0.000000000000000E+00
    1.554905763370437E+01   -2.852646975072479E-02    0.000000000000000E+00
    1.448581445436444E+01   -3.633271408344129E-02    0.000000000000000E+00
    1.427438682590513E+01   -1.307564317412539E+00    0.000000000000000E+00
    1.267901650066638E+01    9.929227697888715E-01    0.000000000000000E+00
    1.405857686602464E+01    4.647537107536934E-02    0.000000000000000E+00
    1.476991972316211E+01    2.007680161183347E-02    0.000000000000000E+00
    1.510231420600076E+01    1.045638096180648E-02    0.000000000000000E+00
    1.531976889651102E+01    6.978746720220536E-03    0.000000000000000E+00
    1.547090174927595E+01    5.003868458004739E-03    0.000000000000000E+00
    1.558467661444647E+01    3.830808234769543E-03    0.000000000000000E+00
    1.567406018752386E+01    3.058011934421164E-03    0.000000000000000E+00
    1.574698547838305E+01    2.521295748304744E-03    0.000000000000000E+00
    1.580789282830426E+01    2.117920878965990E-03    0.000000000000000E+00
    1.585938354404632E+01    1.760624314052482E-03    0.000000000000000E+00
    1.590136652747397E+01    1.405501967376689E-03    0.000000000000000E+00
    1.593428523957371E+01    8.447911731602881E-04    0.000000000000000E+00
    1.594706251569369E+01    2.169998476921317E-04    0.000000000000000E+00
    1.594811148051095E+01   -1.883999475597054E-03    0.000000000000000E+00
    1.585083925100721E+01   -3.066993952919067E-03    0.000000000000000E+00
    1.579561210473492E+01   -1.729932176080921E-02    0.000000000000000E+00
    1.494693172794326E+01   -2.188238365307309E-02    0.000000000000000E+00
    1.476408021183617E+01   -1.022817139008919E+00    0.000000000000000E+00
    1.358492055453820E+01    7.754961200198138E-01    0.000000000000000E+00
    1.465488070816795E+01    2.670036088236243E-02    0.000000000000000E+00
    1.520739448250123E+01    1.172067100669018E-02    0.000000000000000E+00
    1.546118703812793E+01    6.052870037444323E-03    0.000000000000000E+00
    1.562744570455865E+01    4.044414945919395E-03    0.000000000000000E+00
    1.574280278817601E+01    2.897149389000207E-03    0.000000000000000E+00
    1.582960662186322E+01    2.217417785170877E-03    0.000000000000000E+00
    1.589776286194714E+01    1.769900533651998E-03    0.000000000000000E+00
    1.595335018703498E+01    1.459573807434661E-03    0.000000000000000E+00
    1.599975320666519E+01    1.226360546786179E-03    0.000000000000000E+00
    1.603895022047984E+01    1.018815440207608E-03    0.000000000000000E+00
    1.607082608344249E+01    8.114918478946015E-04    0.000000000000000E+00
    1.609571632875377E+01    4.797619638036553E-04    0.000000000000000E+00
    1.610488532703536E+01    1.107451563102578E-04    0.000000000000000E+00
    1.610510637943092E+01   -1.144139822287649E-03    0.000000000000000E+00
    1.602811595829690E+01   -1.818365777149386E-03    0.000000000000000E+00
    1.598557163964976E+01   -1.038747653690040E-02    0.000000000000000E+00
    1.531528360714002E+01   -1.314860164549012E-02    0.000000000000000E+00
    1.515932271896691E+01   -7.943927382257304E-01    0.000000000000000E+00
    1.429356134476719E+01    6.019596218203045E-01    0.000000000000000E+00
    1.511438173791365E+01    1.520273735271663E-02    0.000000000000000E+00
    1.554102171375609E+01    6.826172156570554E-03    0.000000000000000E+00
    1.573435155886695E+01    3.499903516625867E-03    0.000000000000000E+00
    1.586122822287996E+01    2.340831643624165E-03    0.000000000000000E+00
    1.594915957587403E+01    1.675325992890020E-03    0.000000000000000E+00
    1.601531254282524E+01    1.281927628697597E-03    0.000000000000000E+00
    1.606723538836896E+01    1.023186209534145E-03    0.000000000000000E+00
    1.610957441539814E+01    8.441367779348956E-04    0.000000000000000E+00
    1.614490617412205E+01    7.096724246116910E-04    0.000000000000000E+00
    1.617473416760992E+01    5.895051459878367E-04    0.000000000000000E+00
    1.619894175596482E+01    4.687935678552149E-04    0.000000000000000E+00
    1.621778295928135E+01    2.732944781112874E-04    0.000000000000000E+00
    1.622442112061750E+01    5.658193454900457E-05    0.000000000000000E+00
    1.622424148138914E+01   -6.886190843599842E-04    0.000000000000000E+00
    1.616383855143911E+01   -1.075166752646371E-03    0.000000000000000E+00
    1.613118031884876E+01   -6.191109459833243E-03    0.000000000000000E+00
    1.560613116140027E+01   -7.900726546940618E-03    0.000000000000000E+00
    1.547404696053780E+01   -6.136791047968327E-01    0.000000000000000E+00
    1.484233910628977E+01    4.650794987546827E-01    0.000000000000000E+00
    1.546657503106059E+01    8.596937940341215E-03    0.000000000000000E+00
    1.579469387802452E+01    3.968796575057417E-03    0.000000000000000E+00
    1.594177872766311E+01    2.021947830624886E-03    0.000000000000000E+00
    1.603848566070351E+01    1.353183032272122E-03    0.000000000000000E+00
    1.610545565298670E+01    9.675669678551511E-04    0.000000000000000E+00
    1.615583528517178E+01    7.401210619572234E-04    0.000000000000000E+00
    1.619536849298118E+01    5.907652633618297E-04    0.000000000000000E+00
    1.622760114938167E+01    4.877058290372664E-04    0.000000000000000E+00
    1.625449335541865E+01    4.104222920511510E-04    0.000000000000000E+00
    1.627718740944788E+01    3.410840774569370E-04    0.000000000000000E+00
    1.629557630492779E+01    2.709696227007374E-04    0.000000000000000E+00
    1.630985216300418E+01    1.560692801051132E-04    0.000000000000000E+00
    1.631469659677743E+01    2.877129502119726E-05    0.000000000000000E+00
    1.631434886039173E+01   -4.119882527583436E-04    0.000000000000000E+00
    1.626727838135142E+01   -6.350601193798195E-04    0.000000000000000E+00
    1.624226200154342E+01   -3.670243000087461E-03    0.000000000000000E+00
    1.583358531956594E+01   -4.758077036468888E-03    0.000000000000000E+00
    1.572186409355598E+01   -4.721925004718647E-01    0.000000000000000E+00
    1.526446761697793E+01    3.580452661245186E-01    0.000000000000000E+00
    1.573548519925922E+01    4.831493049207220E-03    0.000000000000000E+00
    1.598712932186205E+01    2.304397526278424E-03    0.000000000000000E+00
    1.609895308776572E+01    1.167082396841841E-03    0.000000000000000E+00
    1.617260422480066E+01    7.812162716767142E-04    0.000000000000000E+00
    1.622358137309807E+01    5.579962165584980E-04    0.000000000000000E+00
    1.626193008226486E+01    4.266385641672364E-04    0.000000000000000E+00
    1.629201789283639E+01    3.405859760812342E-04    0.000000000000000E+00
    1.631654804582624E+01    2.814424587023149E-04    0.000000000000000E+00
    1.633701113837374E+01    2.372003510429249E-04    0.000000000000000E+00
    1.635427487521641E+01    1.973501256019723E-04    0.000000000000000E+00
    1.636824633463947E+01    1.567201661953990E-04    0.000000000000000E+00
    1.637907053277474E+01    8.930704489835145E-05    0.000000000000000E+00
    1.638262953826363E+01    1.443171368345711E-05    0.000000000000000E+00
    1.638223442085564E+01   -2.456196047640743E-04    0.000000000000000E+00
    1.634574067410381E+01   -3.752729309393866E-04    0.000000000000000E+00
    1.632660021086156E+01   -2.167850691750597E-03    0.000000000000000E+00
    1.601003820326003E+01   -2.878387130260920E-03    0.000000000000000E+00
    1.591518636111593E+01   -3.622639983348159E-01    0.000000000000000E+00
    1.558766348399095E+01    2.748898265267800E-01    0.000000000000000E+00
    1.594018873444868E+01    2.696821138263815E-03    0.000000000000000E+00
    1.613280363958755E+01    1.336470510566174E-03    0.000000000000000E+00
    1.621778348987230E+01    6.729502277635892E-04    0.000000000000000E+00
    1.627384083444421E+01    4.503168864837081E-04    0.000000000000000E+00
    1.631262783972160E+01    3.212305803002142E-04    0.000000000000000E+00
    1.634180731238145E+01    2.454650309740211E-04    0.000000000000000E+00
    1.636469864591003E+01    1.960025888100343E-04    0.000000000000000E+00
    1.638336114531138E+01    1.621948911676719E-04    0.000000000000000E+00
    1.639892808157328E+01    1.370017813635703E-04    0.000000000000000E+00
    1.641205844715152E+01    1.142130132761164E-04    0.000000000000000E+00
    1.642267420358797E+01    9.072880142873435E-05    0.000000000000000E+00
    1.643088450525780E+01    5.121118882528133E-05    0.000000000000000E+00
    1.643351236923301E+01    7.060610795062123E-06    0.000000000000000E+00
    1.643312804044501E+01   -1.462071423511665E-04    0.000000000000000E+00
    1.640494192908447E+01   -2.221592928659098E-04    0.000000000000000E+00
    1.639030418037282E+01   -1.277604579786288E-03    0.000000000000000E+00
    1.614598163240260E+01   -1.753141271797139E-03    0.000000000000000E+00
    1.606480924037863E+01   -2.773300058065400E-01    0.000000000000000E+00
    1.583425928495636E+01    2.106011920630653E-01    0.000000000000000E+00
    1.609560149040480E+01    1.492025303159307E-03    0.000000000000000E+00
    1.624282827970901E+01    7.743413546644756E-04    0.000000000000000E+00
    1.630738615642180E+01    3.875693373162255E-04    0.000000000000000E+00
    1.635002904640439E+01    2.591398947039256E-04    0.000000000000000E+00
    1.637952923186090E+01    1.845746256138017E-04    0.000000000000000E+00
    1.640172337541927E+01    1.409467790733393E-04    0.000000000000000E+00
    1.641913331916117E+01    1.126052259877057E-04    0.000000000000000E+00
    1.643332687714303E+01    9.338353564496543E-05    0.000000000000000E+00
    1.644516543623277E+01    7.914190880903450E-05    0.000000000000000E+00
    1.645514933956904E+01    6.619576211474615E-05    0.000000000000000E+00
    1.646321440697832E+01    5.266316609810775E-05    0.000000000000000E+00
    1.646944249639713E+01    2.949981005790074E-05    0.000000000000000E+00
    1.647138917436087E+01    3.368441507042659E-06    0.000000000000000E+00
    1.647104001049625E+01   -8.698600244860731E-05    0.000000000000000E+00
    1.644933007259133E+01   -1.318763009458883E-04    0.000000000000000E+00
    1.643813505071693E+01   -7.521632922706976E-04    0.000000000000000E+00
    1.625006550034348E+01   -1.077535808461983E-03    0.000000000000000E+00
    1.617980965496857E+01   -2.119720355375362E-01    0.000000000000000E+00
    1.602187964067966E+01    1.610827808409986E-01    0.000000000000000E+00
    1.621327606441289E+01    8.152502508284300E-04    0.000000000000000E+00
    1.632569677741039E+01    4.483637351847301E-04    0.000000000000000E+00
    1.637472132901274E+01    2.230121641475966E-04    0.000000000000000E+00
    1.640714114388459E+01    1.489583249852057E-04    0.000000000000000E+00
    1.642956808936902E+01    1.059462677804098E-04    0.000000000000000E+00
    1.644644169363306E+01    8.088013538061083E-05    0.000000000000000E+00
    1.645967708829100E+01    6.470963020463450E-05    0.000000000000000E+00
    1.647046723090722E+01    5.386228312130862E-05    0.000000000000000E+00
    1.647946663538174E+01    4.589387768355961E-05    0.000000000000000E+00
    1.648705502576239E+01    3.860579102207246E-05    0.000000000000000E+00
    1.649318028777319E+01    3.083811033592975E-05    0.000000000000000E+00
    1.649790350687097E+01    1.725186475096203E-05    0.000000000000000E+00
    1.649934755289381E+01    1.705448075903447E-06    0.000000000000000E+00
    1.649904050913898E+01   -5.164339604956944E-05    0.000000000000000E+00
    1.648235006089698E+01   -7.844730136949971E-05    0.000000000000000E+00
    1.647378339270540E+01   -4.427156434562591E-04    0.000000000000000E+00
    1.632928271237854E+01   -6.697480399608379E-04    0.000000000000000E+00
    1.626763329954612E+01   -1.618243869895118E-01    0.000000000000000E+00
    1.616425882062007E+01    1.230483135290653E-01    0.000000000000000E+00
    1.630210783237082E+01    4.376582317560962E-04    0.000000000000000E+00
    1.638788722357458E+01    2.599004001953212E-04    0.000000000000000E+00
    1.642509601763540E+01    1.286090882033943E-04    0.000000000000000E+00
    1.644972675872708E+01    8.594254345347627E-05    0.000000000000000E+00
    1.646676685753511E+01    6.117585602631400E-05    0.000000000000000E+00
    1.647958819633500E+01    4.681779371567702E-05    0.000000000000000E+00
    1.648964435723475E+01    3.764544490984388E-05    0.000000000000000E+00
    1.649784252298084E+01    3.158835774801333E-05    0.000000000000000E+00
    1.650467978062574E+01    2.719561641572518E-05    0.000000000000000E+00
    1.651044412436955E+01    2.314526877468800E-05    0.000000000000000E+00
    1.651509352301705E+01    1.870989314479037E-05    0.000000000000000E+00
    1.651867325350708E+01    1.072989484836000E-05    0.000000000000000E+00
    1.651974373304680E+01    1.418136311626996E-06    0.000000000000000E+00
    1.651947742012349E+01   -3.017335464774471E-05    0.000000000000000E+00
    1.650666049496291E+01   -4.636847370232593E-05    0.000000000000000E+00
    1.650009846439070E+01   -2.603428409057825E-04    0.000000000000000E+00
    1.638920494318263E+01   -4.214682076350812E-04    0.000000000000000E+00
    1.633427740561467E+01   -1.234273806254187E-01    0.000000000000000E+00
    1.627201631244602E+01    9.389637977385901E-02    0.000000000000000E+00
    1.636892180494018E+01    2.295133384653739E-04    0.000000000000000E+00
    1.643433584396659E+01    1.518252952007343E-04    0.000000000000000E+00
    1.646255478770102E+01    7.531103519759828E-05    0.000000000000000E+00
    1.648125143392652E+01    5.075909403512008E-05    0.000000000000000E+00
    1.649418888786408E+01    3.653192958216190E-05    0.000000000000000E+00
    1.650392381344556E+01    2.834158575907927E-05    0.000000000000000E+00
    1.651155860264332E+01    2.318109295006563E-05    0.000000000000000E+00
    1.651778262556114E+01    1.985015394594899E-05    0.000000000000000E+00
    1.652297314630797E+01    1.748148368216286E-05    0.000000000000000E+00
    1.652734837725103E+01    1.527251064452715E-05    0.000000000000000E+00
    1.653087448829790E+01    1.275812623228506E-05    0.000000000000000E+00
    1.653358472132047E+01    8.060954719600730E-06    0.000000000000000E+00
    1.653437592029625E+01    2.435853668017885E-06    0.000000000000000E+00
    1.653414547007961E+01   -1.635386042680908E-05    0.000000000000000E+00
    1.652430796841074E+01   -2.627378730818713E-05    0.000000000000000E+00
    1.651927391695648E+01   -1.521213272266307E-04    0.000000000000000E+00
    1.643422398693296E+01   -2.681247653663189E-04    0.000000000000000E+00
    1.638450788765731E+01   -9.407049923893344E-02    0.000000000000000E+00
    1.635332430537821E+01    7.158846727593988E-02    0.000000000000000E+00
    1.641894411908341E+01    1.184623076994242E-04    0.000000000000000E+00
    1.646880388430116E+01    9.214242088914461E-05    0.000000000000000E+00
    1.649018089257214E+01    4.752123718702461E-05    0.000000000000000E+00
    1.650435643520273E+01    3.341926162660760E-05    0.000000000000000E+00
    1.651416889993583E+01    2.527253297433006E-05    0.000000000000000E+00
    1.652155277387543E+01    2.062718609067711E-05    0.000000000000000E+00
    1.652734314622545E+01    1.775721375317913E-05    0.000000000000000E+00
    1.653206338443294E+01    1.596665519292827E-05    0.000000000000000E+00
    1.653599952740537E+01    1.473255962851585E-05    0.000000000000000E+00
    1.653931668265021E+01    1.356186926807540E-05    0.000000000000000E+00
    1.654198756725676E+01    1.215096261683110E-05    0.000000000000000E+00
    1.654403625512492E+01    9.378029738083509E-06    0.000000000000000E+00
    1.654461767491603E+01    5.944508671982641E-06    0.000000000000000E+00
    1.654441722960264E+01   -5.297953302600827E-06    0.000000000000000E+00
    1.653686594538053E+01   -1.146936251540156E-05    0.000000000000000E+00
    1.653299617392552E+01   -8.565339633065582E-05    0.000000000000000E+00
    1.646777479787361E+01   -1.701649583241036E-04    0.000000000000000E+00
    1.642207519269736E+01   -7.164603618550335E-02    0.000000000000000E+00
    1.641445465919751E+01    5.453862656838543E-02    0.000000000000000E+00
    1.645617346582544E+01    6.489920206781233E-05    0.000000000000000E+00
    1.649415954585144E+01    6.361047858497892E-05    0.000000000000000E+00
    1.651032718273011E+01    3.756136405236463E-05    0.000000000000000E+00
    1.652105749129021E+01    2.948318753399011E-05    0.000000000000000E+00
    1.652848905886453E+01    2.483854287070593E-05    0.000000000000000E+00
    1.653408161596018E+01    2.222482821990435E-05    0.000000000000000E+00
    1.653846671054946E+01    2.065521515873298E-05    0.000000000000000E+00
    1.654204117991440E+01    1.972618286401217E-05    0.000000000000000E+00
    1.654502158551801E+01    1.911905030019924E-05    0.000000000000000E+00
    1.654753260297417E+01    1.852665128963083E-05    0.000000000000000E+00
    1.654955210812279E+01    1.774653152030607E-05    0.000000000000000E+00
    1.655109718528360E+01    1.610341572236040E-05    0.000000000000000E+00
    1.655152043330300E+01    1.398175608983492E-05    0.000000000000000E+00
    1.655134432866915E+01    7.203412170101883E-06    0.000000000000000E+00
    1.654554442006069E+01    3.297384175133051E-06    0.000000000000000E+00
    1.654256175768603E+01   -4.057757225009483E-05    0.000000000000000E+00
    1.649252977061615E+01   -1.027329248686296E-04    0.000000000000000E+00
    1.644991052402080E+01   -5.452388432600561E-02    0.000000000000000E+00
    1.646021490296593E+01    4.152526714405708E-02    0.000000000000000E+00
    1.648367015412254E+01    5.359489501587044E-05    0.000000000000000E+00
    1.651259358459821E+01    6.334405945778686E-05    0.000000000000000E+00
    1.652479258523772E+01    4.811562041077897E-05    0.000000000000000E+00
    1.653289646066963E+01    4.350560513581653E-05    0.000000000000000E+00
    1.653851325923042E+01    4.087345385990738E-05    0.000000000000000E+00
    1.654274039954853E+01    3.941931197611617E-05    0.000000000000000E+00
    1.654605434664228E+01    3.858198592768027E-05    0.000000000000000E+00
    1.654875546224295E+01    3.812759664565778E-05    0.000000000000000E+00
    1.655100736600105E+01    3.785951525568438E-05    0.000000000000000E+00
    1.655290393142721E+01    3.758334852314007E-05    0.000000000000000E+00
    1.655442706186918E+01    3.716129771862680E-05    0.000000000000000E+00
    1.655558850756777E+01    3.618317072353281E-05    0.000000000000000E+00
    1.655589212090564E+01    3.485372258109175E-05    0.000000000000000E+00
    1.655573537595557E+01    3.072856615928205E-05    0.000000000000000E+00
    1.655127577404825E+01    2.821061018997238E-05    0.000000000000000E+00
    1.654896921166300E+01    2.147273639245783E-06    0.000000000000000E+00
    1.651056157524438E+01   -4.390057277295436E-05    0.000000000000000E+00
    1.647029488265415E+01   -4.144222544534015E-02    0.000000000000000E+00
    1.649428996600954E+01    3.161081416939602E-02    0.000000000000000E+00
    1.650377920524297E+01    8.278397703039528E-05    0.000000000000000E+00
    1.652578355324765E+01    9.634567490906880E-05    0.000000000000000E+00
    1.653495653655071E+01    8.742746862617355E-05    0.000000000000000E+00
    1.654105672532659E+01    8.481045883367014E-05    0.000000000000000E+00
    1.654528923332528E+01    8.333109019971023E-05    0.000000000000000E+00
    1.654847483024781E+01    8.253489301957472E-05    0.000000000000000E+00
    1.655097171315060E+01    8.210508911530764E-05    0.000000000000000E+00
    1.655300663444675E+01    8.190623830241065E-05    0.000000000000000E+00
    1.655470283912561E+01    8.181530753584640E-05    0.000000000000000E+00
    1.655613071367587E+01    8.170717865834004E-05    0.000000000000000E+00
    1.655727528614328E+01    8.148628849049060E-05    0.000000000000000E+00
    1.655814423104176E+01    8.090079346094513E-05    0.000000000000000E+00
    1.655835710384850E+01    8.005494812953100E-05    0.000000000000000E+00
    1.655821555915812E+01    7.751697193170650E-05    0.000000000000000E+00
    1.655478133999461E+01    7.586327808621786E-05    0.000000000000000E+00
    1.655299040501707E+01    6.029659910724813E-05    0.000000000000000E+00
    1.652347592392658E+01    2.600308030615972E-05    0.000000000000000E+00
    1.648499949800903E+01   -3.142682714166747E-02    0.000000000000000E+00
    1.651950702933721E+01    2.411401461101303E-02    0.000000000000000E+00
    1.651830136197038E+01    1.942994382395497E-04    0.000000000000000E+00
    1.653501837246403E+01    2.081180060923783E-04    0.000000000000000E+00
    1.654188089680817E+01    2.028832334453106E-04    0.000000000000000E+00
    1.654645053545167E+01    2.014073029797096E-04    0.000000000000000E+00
    1.654962575771797E+01    2.005845491511673E-04    0.000000000000000E+00
    1.655201584879276E+01    2.001579042309552E-04    0.000000000000000E+00
    1.655388868499568E+01    1.999503738714393E-04    0.000000000000000E+00
    1.655541478679711E+01    1.998836356833439E-04    0.000000000000000E+00
    1.655668656716429E+01    1.998795535162863E-04    0.000000000000000E+00
    1.655775647807480E+01    1.998562313394664E-04    0.000000000000000E+00
    1.655861196256721E+01    1.997463669940913E-04    0.000000000000000E+00
    1.655925757569872E+01    1.993935118587810E-04    0.000000000000000E+00
    1.655940142731006E+01    1.988467942175030E-04    0.000000000000000E+00
    1.655927171835334E+01    1.972665961104307E-04    0.000000000000000E+00
    1.655662233219472E+01    1.961613678483458E-04    0.000000000000000E+00
    1.655522514200237E+01    1.868064989511904E-04    0.000000000000000E+00
    1.653251747974271E+01    1.611863165563614E-04    0.000000000000000E+00
    1.649539936683740E+01   -2.369014306762552E-02    0.000000000000000E+00
    1.653803907512107E+01    1.853368901062355E-02    0.000000000000000E+00
    1.652862328084891E+01    4.445513220190857E-04    0.000000000000000E+00
    1.654129222596178E+01    4.570240028253344E-04    0.000000000000000E+00
    1.654638662986553E+01    4.539398541976952E-04    0.000000000000000E+00
    1.654978455086551E+01    4.531122562635912E-04    0.000000000000000E+00
    1.655215045961926E+01    4.526595385079548E-04    0.000000000000000E+00
    1.655393162536811E+01    4.524366655266079E-04    0.000000000000000E+00
    1.655532678629034E+01    4.523460347477801E-04    0.000000000000000E+00
    1.655646341273955E+01    4.523423934395807E-04    0.000000000000000E+00
    1.655741031979574E+01    4.523753532610405E-04    0.000000000000000E+00
    1.655820623310458E+01    4.523904558331208E-04    0.000000000000000E+00
    1.655884045932448E+01    4.523397519200313E-04    0.000000000000000E+00
    1.655931516000148E+01    4.521248519977142E-04    0.000000000000000E+00
    1.655940633212900E+01    4.517654628300953E-04    0.000000000000000E+00
    1.655928579553493E+01    4.507688267676987E-04    0.000000000000000E+00
    1.655723809030517E+01    4.500178414300313E-04    0.000000000000000E+00
    1.655614224665614E+01    4.443582273550626E-04    0.000000000000000E+00
    1.653865271874776E+01    4.251970770915824E-04    0.000000000000000E+00
    1.650256300614221E+01   -1.760561021685799E-02    0.000000000000000E+00
    1.655156021458107E+01    1.473363208924497E-02    0.000000000000000E+00
    1.653581587777001E+01    1.126402594387655E-03    0.000000000000000E+00
    1.654537469425701E+01    1.136932787507167E-03    0.000000000000000E+00
    1.654911084054989E+01    1.135094364909719E-03    0.000000000000000E+00
    1.655160835914330E+01    1.134624025574705E-03    0.000000000000000E+00
    1.655335242762143E+01    1.134371794221227E-03    0.000000000000000E+00
    1.655466573069960E+01    1.134254229589509E-03    0.000000000000000E+00
    1.655569387785592E+01    1.134218010498573E-03    0.000000000000000E+00
    1.655653125763000E+01    1.134236879326303E-03    0.000000000000000E+00
    1.655722855516916E+01    1.134277894205561E-03    0.000000000000000E+00
    1.655781395003503E+01    1.134304439556368E-03    0.000000000000000E+00
    1.655827818850487E+01    1.134282233676876E-03    0.000000000000000E+00
    1.655862158833943E+01    1.134148789775956E-03    0.000000000000000E+00
    1.655867236454499E+01    1.133908956869380E-03    0.000000000000000E+00
    1.655855892639234E+01    1.133273893200245E-03    0.000000000000000E+00
    1.655697402462908E+01    1.132759652042287E-03    0.000000000000000E+00
    1.655610969605208E+01    1.129320273042614E-03    0.000000000000000E+00
    1.654263353655167E+01    1.115017132815992E-03    0.000000000000000E+00
    1.650732195091452E+01   -1.244441908770689E-02    0.000000000000000E+00
    1.656136347049384E+01    1.269592739593291E-02    0.000000000000000E+00
    1.654070795325933E+01    2.553073572189000E-03    0.000000000000000E+00
    1.654786250796193E+01    2.561549928407695E-03    0.000000000000000E+00
    1.655054853797773E+01    2.560410664126109E-03    0.000000000000000E+00
    1.655234971139823E+01    2.560119987284376E-03    0.000000000000000E+00
    1.655361292590306E+01    2.559965414858155E-03    0.000000000000000E+00
    1.655456445123494E+01    2.559893839927173E-03    0.000000000000000E+00
    1.655530880558724E+01    2.559875246948133E-03    0.000000000000000E+00
    1.655591479364397E+01    2.559893640043451E-03    0.000000000000000E+00
    1.655641908203199E+01    2.559926750066598E-03    0.000000000000000E+00
    1.655684169528540E+01    2.559949341745236E-03    0.000000000000000E+00
    1.655717449665983E+01    2.559936589887780E-03    0.000000000000000E+00
    1.655741637436364E+01    2.559848060331597E-03    0.000000000000000E+00
    1.655743595352810E+01    2.559681535769063E-03    0.000000000000000E+00
    1.655732802255123E+01    2.559267345101463E-03    0.000000000000000E+00
    1.655610125996797E+01    2.558906252629261E-03    0.000000000000000E+00
    1.655541594788031E+01    2.556800923067100E-03    0.000000000000000E+00
    1.654504512046511E+01    2.546157476143454E-03    0.000000000000000E+00
    1.651032349422337E+01   -7.558603404249983E-03    0.000000000000000E+00
    1.656844965571809E+01    1.400919057398619E-02    0.000000000000000E+00
    1.654394081604015E+01    6.564886374775885E-03    0.000000000000000E+00
    1.654921720692355E+01    6.571395675178919E-03    0.000000000000000E+00
    1.655108264045236E+01    6.570567328547080E-03    0.000000000000000E+00
    1.655233950744100E+01    6.570306190449438E-03    0.000000000000000E+00
    1.655322690495234E+01    6.570156342629895E-03    0.000000000000000E+00
    1.655389568736009E+01    6.570068317358610E-03    0.000000000000000E+00
    1.655441824898397E+01    6.570021180663810E-03    0.000000000000000E+00
    1.655484339757710E+01    6.570003871023912E-03    0.000000000000000E+00
    1.655519684395687E+01    6.570001319397053E-03    0.000000000000000E+00
    1.655549223875418E+01    6.569996709398123E-03    0.000000000000000E+00
    1.655572231991491E+01    6.569972987968310E-03    0.000000000000000E+00
    1.655588485537610E+01    6.569904657970197E-03    0.000000000000000E+00
    1.655588007043925E+01    6.569787369474864E-03    0.000000000000000E+00
    1.655577644547257E+01    6.569523857333303E-03    0.000000000000000E+00
    1.655482972699187E+01    6.569288614410612E-03    0.000000000000000E+00
    1.655428432965521E+01    6.568042316054692E-03    0.000000000000000E+00
    1.654634127817151E+01    6.560202966704726E-03    0.000000000000000E+00
    1.651206995359381E+01   -8.542032841017275E-04    0.000000000000000E+00
    1.657359444845418E+01    2.008524396915503E-02    0.000000000000000E+00
    1.654600866076749E+01    1.477043691134571E-02    0.000000000000000E+00
    1.654979230742437E+01    1.477511061323941E-02    0.000000000000000E+00
    1.655100523640505E+01    1.477427303416641E-02    0.000000000000000E+00
    1.655182917191031E+01    1.477389575800887E-02    0.000000000000000E+00
    1.655241769038729E+01    1.477366018380856E-02    0.000000000000000E+00
    1.655286162114603E+01    1.477349392841801E-02    0.000000000000000E+00
    1.655320780323818E+01    1.477337349231175E-02    0.000000000000000E+00
    1.655348914027473E+01    1.477328870605334E-02    0.000000000000000E+00
    1.655372263047697E+01    1.477322781086993E-02    0.000000000000000E+00
    1.655391685514077E+01    1.477317876154832E-02    0.000000000000000E+00
    1.655406524852863E+01    1.477312890522256E-02    0.000000000000000E+00
    1.655416468534455E+01    1.477306230544016E-02    0.000000000000000E+00
    1.655414053137631E+01    1.477297391744549E-02    0.000000000000000E+00
    1.655404032564196E+01    1.477281559795938E-02    0.000000000000000E+00
    1.655331638866116E+01    1.477269285177297E-02    0.000000000000000E+00
    1.655288227018837E+01    1.477206418006128E-02    0.000000000000000E+00
    1.654687018283042E+01    1.476641884385494E-02    0.000000000000000E+00
    1.651294756742152E+01    9.475349667201073E-03    0.000000000000000E+00
    1.657739967210691E+01    4.348701910428433E-02    0.000000000000000E+00
    1.654728885010567E+01    3.985085304033587E-02    0.000000000000000E+00
    1.654985320174588E+01    3.985362767284326E-02    0.000000000000000E+00
    1.655053287492352E+01    3.985211115299674E-02    0.000000000000000E+00
    1.655100290618634E+01    3.985121378081587E-02    0.000000000000000E+00
    1.655134713382613E+01    3.985062327358260E-02    0.000000000000000E+00
    1.655160728678231E+01    3.985016502648774E-02    0.000000000000000E+00
    1.655180930969439E+01    3.984978802568674E-02    0.000000000000000E+00
    1.655197310611989E+01    3.984947315855143E-02    0.000000000000000E+00
    1.655210855319218E+01    3.984921087264397E-02    0.000000000000000E+00
    1.655222008847681E+01    3.984899570715492E-02    0.000000000000000E+00
    1.655230171564918E+01    3.984882344258248E-02    0.000000000000000E+00
    1.655234957758780E+01    3.984868700749043E-02    0.000000000000000E+00
    1.655230959448215E+01    3.984858362422315E-02    0.000000000000000E+00
    1.655221217637449E+01    3.984849006415581E-02    0.000000000000000E+00
    1.655167036695156E+01    3.984846228530335E-02    0.000000000000000E+00
    1.655132721192580E+01    3.984827158791233E-02    0.000000000000000E+00
    1.654689338678420E+01    3.984383168166608E-02    0.000000000000000E+00
    1.651324803332710E+01    3.622865424915152E-02    0.000000000000000E+00
    1.658033430357770E+01    9.120774079829425E-02    0.000000000000000E+00
    1.654806616380894E+01    8.890855714679630E-02    0.000000000000000E+00
    1.654959311599949E+01    8.890932467652611E-02    0.000000000000000E+00
    1.654981886229790E+01    8.890638532734442E-02    0.000000000000000E+00
    1.654998756689461E+01    8.890441628262398E-02    0.000000000000000E+00
    1.655012381990040E+01    8.890303372535956E-02    0.000000000000000E+00
    1.655022752006839E+01    8.890186825146169E-02    0.000000000000000E+00
    1.655030681871349E+01    8.890082385786424E-02    0.000000000000000E+00
    1.655037055144721E+01    8.889987673569877E-02    0.000000000000000E+00
    1.655042253311555E+01    8.889904880744490E-02    0.000000000000000E+00
    1.655046367338777E+01    8.889837923554290E-02    0.000000000000000E+00
    1.655048846090837E+01    8.889791461902360E-02    0.000000000000000E+00
    1.655049241430310E+01    8.889769596980655E-02    0.000000000000000E+00
    1.655043895649786E+01    8.889775309380725E-02    0.000000000000000E+00
    1.655034390619109E+01    8.889814172420742E-02    0.000000000000000E+00
    1.654995717318795E+01    8.889885664299169E-02    0.000000000000000E+00
    1.654969146787946E+01    8.890020188789814E-02    0.000000000000000E+00
    1.654660122058964E+01    8.889743028262366E-02    0.000000000000000E+00
    1.651318597555283E+01    8.661986194518165E-02    0.000000000000000E+00
    1.658277027067809E+01    2.725634130779798E-01    0.000000000000000E+00
    1.654855490527287E+01    2.710006071278331E-01    0.000000000000000E+00
    1.654914840297316E+01    2.709970936695110E-01    0.000000000000000E+00
    1.654896556415784E+01    2.709878386918890E-01    0.000000000000000E+00
    1.654886299116951E+01    2.709818614303465E-01    0.000000000000000E+00
    1.654881202564713E+01    2.709779425932640E-01    0.000000000000000E+00
    1.654877489054049E+01    2.709748891073529E-01    0.000000000000000E+00
    1.654874371624251E+01    2.709723435608799E-01    0.000000000000000E+00
    1.654871737454761E+01    2.709701603641805E-01    0.000000000000000E+00
    1.654869422303789E+01    2.709682852620999E-01    0.000000000000000E+00
    1.654867199532754E+01    2.709666989145471E-01    0.000000000000000E+00
    1.654864561677006E+01    2.709653994956598E-01    0.000000000000000E+00
    1.654861004306783E+01    2.709643613756185E-01    0.000000000000000E+00
    1.654854445657681E+01    2.709635583776920E-01    0.000000000000000E+00
    1.654845153341493E+01    2.709628790423790E-01    0.000000000000000E+00
    1.654820442166793E+01    2.709622582324333E-01    0.000000000000000E+00
    1.654800843730862E+01    2.709616806996427E-01    0.000000000000000E+00
    1.654612769942705E+01    2.709517186867090E-01    0.000000000000000E+00
    1.651291562708562E+01    2.694365888236236E-01    0.000000000000000E+00
SCALARS temperature double 1
LOOKUP_TABLE default
    1.070542641985430E+02
    1.070394927094965E+02
    1.070334229291232E+02
    1.070355623877832E+02
    1.070436511291819E+02
    1.070574562376436E+02
    1.070795036303027E+02
    1.071189318379311E+02
    1.072042757024121E+02
    1.074272628632214E+02
    1.080879862774368E+02
    1.100925235868636E+02
    1.155897965845028E+02
    1.249003579249648E+02
    1.373260748352554E+02
    1.513417047883244E+02
    1.647845354141709E+02
    1.756948362670175E+02
    1.819685552196947E+02
    1.073143326958738E+02
    1.072731926146805E+02
    1.072723001086644E+02
    1.073147193823930E+02
    1.073923667518199E+02
    1.075036659766027E+02
    1.076565785534455E+02
    1.078808352480791E+02
    1.082391606379564E+02
    1.089148622173870E+02
    1.103384895889734E+02
    1.133803609380143E+02
    1.193479787474593E+02
    1.291017177989499E+02
    1.434042699552425E+02
    1.595637766456665E+02
    1.749520370968208E+02
    1.882339119573462E+02
    1.969812007884948E+02
    1.078728854879936E+02
    1.078453291837948E+02
    1.079352724850774E+02
    1.081392991545335E+02
    1.084308651187996E+02
    1.088013699474331E+02
    1.092554639480594E+02
    1.098153131347648E+02
    1.105269428072953E+02
    1.115880822061477E+02
    1.133764041053177E+02
    1.165098280735696E+02
    1.217503787413724E+02
    1.297015915928284E+02
    1.411270744081539E+02
    1.564510596014559E+02
    1.731427426032831E+02
    1.887808966448796E+02
    1.998748984165312E+02
    1.089100352184565E+02
    1.090703180775882E+02
    1.094796051928515E+02
    1.101213330421745E+02
    1.109110096461610E+02
    1.118250593019712E+02
    1.128473801574401E+02
    1.139192831310735E+02
    1.150947943254298E+02
    1.165447995126412E+02
    1.185645125348161E+02
    1.215853578611385E+02
    1.261157052084736E+02
    1.326303142270692E+02
    1.418216254845834E+02
    1.543649266827632E+02
    1.703247796035005E+02
    1.878625344133409E+02
    2.015374999334514E+02
    1.106186624988178E+02
    1.113993545602310E+02
    1.125407759840531E+02
    1.140651660391120E+02
    1.157413098989332E+02
    1.175340321226087E+02
    1.192961653106048E+02
    1.210062608694640E+02
    1.227168494821925E+02
    1.245617122177251E+02
    1.267657241874846E+02
    1.296409960215441E+02
    1.335740277738936E+02
    1.389662785963203E+02
    1.464643666277827E+02
    1.566808667198350E+02
    1.705782940135615E+02
    1.867642180140074E+02
    2.029003522103280E+02
    1.131769421753466E+02
    1.153653104244068E+02
    1.177796887138281E+02
    1.206717046148128E+02
    1.235622668260528E+02
    1.262596975683327E+02
    1.287613710545410E+02
    1.310780836341167E+02
    1.332607055459684E+02
    1.354188333056739E+02
    1.377278190381958E+02
    1.404220592812862E+02
    1.438157635733161E+02
    1.482449002586956E+02
    1.543137794198529E+02
    1.623629781652965E+02
    1.738651250685205E+02
    1.875348712287265E+02
    2.040801449838056E+02
    1.167418468706077E+02
    1.214466448785336E+02
    1.256412502990595E+02
    1.301519787097239E+02
    1.340259697736108E+02
    1.374552939271617E+02
    1.404920800509568E+02
    1.431973092230848E+02
    1.456422504456333E+02
    1.479298511356559E+02
    1.502051768722614E+02
    1.526508536671357E+02
    1.555244362766146E+02
    1.590959727932582E+02
    1.638868371105345E+02
    1.700300744427053E+02
    1.791091554707636E+02
    1.901718927958721E+02
    2.053670343966411E+02
    1.214955978468786E+02
    1.298573182548799E+02
    1.360371612316776E+02
    1.416172059568230E+02
    1.461255757240286E+02
    1.499180503982889E+02
    1.531462731850808E+02
    1.559308498581449E+02
    1.583721105063618E+02
    1.605756746781639E+02
    1.626677671644244E+02
    1.647948300525800E+02
    1.671641697951452E+02
    1.699853243635460E+02
    1.736693024904774E+02
    1.782637486186821E+02
    1.851861711557552E+02
    1.937965887631241E+02
    2.069334692697236E+02
    1.277215158855455E+02
    1.403273502472721E+02
    1.478251764022572E+02
    1.538870617063660E+02
    1.585411230062187E+02
    1.622877903272815E+02
    1.653742652099118E+02
    1.679692288598778E+02
    1.701943952984270E+02
    1.721562058452255E+02
    1.739652105913526E+02
    1.757398138515676E+02
    1.776431374002711E+02
    1.798344174454730E+02
    1.826198691449572E+02
    1.860287872517754E+02
    1.912043154156814E+02
    1.977447740251245E+02
    2.086262925199939E+02
    1.357691554601371E+02
    1.517148616566695E+02
    1.598169731181586E+02
    1.657648323397005E+02
    1.701332788568836E+02
    1.735279218325827E+02
    1.762544302271190E+02
    1.785036766888354E+02
    1.804029629493070E+02
    1.820524288908638E+02
    1.835463544578834E+02
    1.849795962508969E+02
    1.864781608405468E+02
    1.881620667559189E+02
    1.902543173156953E+02
    1.927854556307207E+02
    1.966261037112172E+02
    2.015394535255902E+02
    2.102827711641432E+02
    1.454873934105592E+02
    1.629875444597142E+02
    1.710002616343833E+02
    1.764008326828420E+02
    1.802210369004428E+02
    1.831114423102751E+02
    1.853910340505665E+02
    1.872471862720275E+02
    1.887988539821515E+02
    1.901339629775303E+02
    1.913302038645309E+02
    1.924624343206701E+02
    1.936268350778201E+02
    1.949138046871998E+02
    1.964853552574398E+02
    1.983739455215572E+02
    2.012248151434247E+02
    2.049069379530724E+02
    2.117867970292547E+02
    1.561680603740642E+02
    1.734205114612581E+02
    1.807703455894920E+02
    1.853991799470189E+02
    1.885780435038692E+02
    1.909379418031736E+02
    1.927763739515746E+02
    1.942606827180557E+02
    1.954937898040798E+02
    1.965489813275044E+02
    1.974884838551894E+02
    1.983705926661899E+02
    1.992682711389976E+02
    2.002497635702130E+02
    2.014335524377061E+02
    2.028508708124778E+02
    2.049758191308931E+02
    2.077404285430782E+02
    2.130788746757808E+02
    1.668780592396653E+02
    1.825577423382050E+02
    1.889135624217713E+02
    1.927208031994509E+02
    1.952796526033517E+02
    1.971550824366989E+02
    1.986045963584952E+02
    1.997687840236229E+02
    2.007323899218781E+02
    2.015544092754252E+02
    2.022837087205581E+02
    2.029652594724764E+02
    2.036542878846051E+02
    2.044024486580085E+02
    2.052971763387611E+02
    2.063661869980072E+02
    2.079584744330524E+02
    2.100409796190500E+02
    2.141454335178061E+02
    1.767950576486033E+02
    1.902188771549944E+02
    1.954829579163888E+02
    1.985277320277559E+02
    2.005441476791908E+02
    2.020098456945746E+02
    2.031371628986932E+02
    2.040397623220799E+02
    2.047853071367489E+02
    2.054202595251466E+02
    2.059825157091872E+02
    2.065065614160178E+02
    2.070341955504039E+02
    2.076045973435560E+02
    2.082828354108245E+02
    2.090922204317148E+02
    2.102913272468801E+02
    2.118650224754074E+02
    2.150014796684524E+02
    1.854167204971018E+02
    1.964366523816656E+02
    2.006684879464175E+02
    2.030593865949944E+02
    2.046275895741396E+02
    2.057616362986614E+02
    2.066313308618939E+02
    2.073264282654795E+02
    2.078999555837368E+02
    2.083880206616895E+02
    2.088197903532937E+02
    2.092216176129388E+02
    2.096251695475829E+02
    2.100602086175182E+02
    2.105754912356410E+02
    2.111899701741818E+02
    2.120966807449895E+02
    2.132889522989535E+02
    2.156754690873798E+02
    1.925738123489513E+02
    2.013684226520504E+02
    2.047045338015407E+02
    2.065606951898359E+02
    2.077707753208928E+02
    2.086431348625199E+02
    2.093110185668378E+02
    2.098443089228037E+02
    2.102841062455817E+02
    2.106582518456648E+02
    2.109890965085527E+02
    2.112967417501584E+02
    2.116052118556146E+02
    2.119371438865662E+02
    2.123292636307058E+02
    2.127966617104189E+02
    2.134844344646780E+02
    2.143894687366419E+02
    2.161993198175264E+02
    1.983288992335322E+02
    2.052203000699407E+02
    2.078183305243055E+02
    2.092495972678132E+02
    2.101791722520035E+02
    2.108481064030939E+02
    2.113597705233920E+02
    2.117681283013863E+02
    2.121048339729741E+02
    2.123912592700172E+02
    2.126444922575635E+02
    2.128798550364673E+02
    2.131156010488516E+02
    2.133689678956711E+02
    2.136677300992170E+02
    2.140237518753960E+02
    2.145467034839828E+02
    2.152346597171223E+02
    2.166030479292546E+02
    2.028607251611130E+02
    2.081989243566454E+02
    2.102076474198648E+02
    2.113071149748710E+02
    2.120195511334701E+02
    2.125317234160378E+02
    2.129232932280365E+02
    2.132357407968678E+02
    2.134933612978446E+02
    2.137125221095351E+02
    2.139062747979776E+02
    2.140862989607757E+02
    2.142664848545430E+02
    2.144599746430823E+02
    2.146878396299840E+02
    2.149593378454979E+02
    2.153577252265116E+02
    2.158812103990320E+02
    2.169125126700491E+02
    2.063821649994028E+02
    2.104879161355874E+02
    2.120350526354023E+02
    2.128781026024431E+02
    2.134236147420667E+02
    2.138155977461221E+02
    2.141152146903966E+02
    2.143542767442868E+02
    2.145514009911063E+02
    2.147191105460404E+02
    2.148673730686104E+02
    2.150050970123515E+02
    2.151428693758706E+02
    2.152907236783774E+02
    2.154646884758290E+02
    2.156719574478883E+02
    2.159759562534452E+02
    2.163746147464835E+02
    2.171489111829530E+02
    2.090960543088016E+02
    2.122401966068438E+02
    2.134299504229994E+02
    2.140760621297715E+02
    2.144937748835183E+02
    2.147938812419445E+02
    2.150232562305040E+02
    2.152062759567207E+02
    2.153572012829226E+02
    2.154856143716401E+02
    2.155991321429867E+02
    2.157045567263374E+02
    2.158099713411021E+02
    2.159230482664681E+02
    2.160560102866262E+02
    2.162144346830586E+02
    2.164467874249788E+02
    2.167506004888169E+02
    2.173291091445626E+02
    2.111771371117858E+02
    2.135784873563408E+02
    2.144934538089544E+02
    2.149888628233067E+02
    2.153089637499883E+02
    2.155389570910899E+02
    2.157147473230593E+02
    2.158550176447606E+02
    2.159706981110564E+02
    2.160691265211596E+02
    2.161561302656938E+02
    2.162369110708611E+02
    2.163176524091829E+02
    2.164042318128240E+02
    2.165059933238007E+02
    2.166272572673349E+02
    2.168051673327116E+02
    2.170368619180245E+02
    2.174662842083566E+02
    2.127681734074196E+02
    2.145991630855813E+02
    2.153037210385112E+02
    2.156840566494490E+02
    2.159297061884192E+02
    2.161062478924285E+02
    2.162411925556756E+02
    2.163488753343071E+02
    2.164376846446309E+02
    2.165132480325795E+02
    2.165800315597240E+02
    2.166420210056788E+02
    2.167039571320403E+02
    2.167703524092876E+02
    2.168483697814532E+02
    2.169413562575645E+02
    2.170778679399984E+02
    2.172546984095007E+02
    2.175706188666152E+02
    2.139823805259470E+02
    2.153769475567686E+02
    2.159207867024946E+02
    2.162133657089750E+02
    2.164022745951434E+02
    2.165380899610921E+02
    2.166419139134894E+02
    2.167247656303260E+02
    2.167930964114162E+02
    2.168512316765818E+02
    2.169026022550651E+02
    2.169502699364995E+02
    2.169978790221564E+02
    2.170489030960352E+02
    2.171088505559573E+02
    2.171803167971300E+02
    2.172853355866142E+02
    2.174204144305793E+02
    2.176499286403008E+02
    2.149080287137697E+02
    2.159693426896038E+02
    2.163905945159702E+02
    2.166162982593110E+02
    2.167619839202237E+02
    2.168667787781011E+02
    2.169468978647873E+02
    2.170108336538629E+02
    2.170635621148808E+02
    2.171084177554365E+02
    2.171480442419860E+02
    2.171848010387276E+02
    2.172214985933699E+02
    2.172608194084686E+02
    2.173070155852700E+02
    2.173621032352281E+02
    2.174431580272657E+02
    2.175464564130831E+02
    2.177101884685897E+02
    2.156132605221891E+02
    2.164204019815489E+02
    2.167482290298680E+02
    2.169229914824559E+02
    2.170357592799809E+02
    2.171169305356318E+02
    2.171789962304839E+02
    2.172285244887295E+02
    2.172693681040337E+02
    2.173041076853220E+02
    2.173347883368950E+02
    2.173632355052712E+02
    2.173916251419509E+02
    2.174220370845850E+02
    2.174577688116088E+02
    2.175003906487785E+02
    2.175632071293506E+02
    2.176423105172277E+02
    2.177559556924971E+02
    2.161503783582977E+02
    2.167637883764455E+02
    2.170204488998234E+02
    2.171564160314450E+02
    2.172441172202767E+02
    2.173072993812618E+02
    2.173556168313613E+02
    2.173941724745499E+02
    2.174259641962885E+02
    2.174529990712610E+02
    2.174768669881133E+02
    2.174989871995481E+02
    2.175210526249886E+02
    2.175446838026621E+02
    2.175724523706123E+02
    2.176055860491749E+02
    2.176545199591924E+02
    2.177152003468456E+02
    2.177907019881270E+02
    2.165593928997453E+02
    2.170251865694208E+02
    2.172276483179456E+02
    2.173340724949793E+02
    2.174026860415094E+02
    2.174521697212470E+02
    2.174900175238632E+02
    2.175202168171723E+02
    2.175451148034983E+02
    2.175662822121130E+02
    2.175849626545588E+02
    2.176022662966429E+02
    2.176195181791312E+02
    2.176379886930424E+02
    2.176596972915447E+02
    2.176856086972737E+02
    2.177239741239222E+02
    2.177706241834295E+02
    2.178170703020278E+02
    2.168708537271145E+02
    2.172241776829660E+02
    2.173853650886804E+02
    2.174692911506751E+02
    2.175233687241252E+02
    2.175624202915014E+02
    2.175922946197336E+02
    2.176161297246822E+02
    2.176357775225100E+02
    2.176524767117764E+02
    2.176672074138169E+02
    2.176808445007546E+02
    2.176944327265869E+02
    2.177089754750160E+02
    2.177260719110419E+02
    2.177464850842578E+02
    2.177768036264718E+02
    2.178127664220493E+02
    2.178370721588944E+02
    2.171080627592115E+02
    2.173756837748637E+02
    2.175054355273126E+02
    2.175722253015745E+02
    2.176152308821830E+02
    2.176463362341385E+02
    2.176701369867937E+02
    2.176891243372437E+02
    2.177047731112501E+02
    2.177180692731617E+02
    2.177297923648786E+02
    2.177406380536189E+02
    2.177514374545464E+02
    2.177629902846834E+02
    2.177765756421166E+02
    2.177928020706117E+02
    2.178169921299506E+02
    2.178448116912613E+02
    2.178522384935517E+02
    2.172887859364715E+02
    2.174910755320700E+02
    2.175968769351086E+02
    2.176506094063735E+02
    2.176851781146899E+02
    2.177102283989453E+02
    2.177294010289928E+02
    2.177446944127882E+02
    2.177572961464650E+02
    2.177679997190504E+02
    2.177774318930703E+02
    2.177861517648596E+02
    2.177948275256862E+02
    2.178041034797270E+02
    2.178150148229669E+02
    2.178280518107315E+02
    2.178475724629178E+02
    2.178691842704839E+02
    2.178637346696505E+02
    2.174265687337013E+02
    2.175790194528235E+02
    2.176665611517158E+02
    2.177103373314863E+02
    2.177384724957861E+02
    2.177589054966240E+02
    2.177745489970270E+02
    2.177870256818381E+02
    2.177973041939618E+02
    2.178060313154526E+02
    2.178137173349913E+02
    2.178208171770579E+02
    2.178278746887572E+02
    2.178354155063182E+02
    2.178442887956058E+02
    2.178548942798531E+02
    2.178708546345503E+02
    2.178877304285363E+02
    2.178724480848106E+02
    2.175317438892825E+02
    2.176461249780463E+02
    2.177197284517100E+02
    2.177559033626605E+02
    2.177791264190191E+02
    2.177960341013077E+02
    2.178089831589121E+02
    2.178193094352281E+02
    2.178278144449087E+02
    2.178350329940574E+02
    2.178413864507935E+02
    2.178472501711435E+02
    2.178530729825001E+02
    2.178592898072425E+02
    2.178666077232562E+02
    2.178753571442941E+02
    2.178885994466822E+02
    2.179018572754839E+02
    2.178790548752630E+02
    2.176122022780118E+02
    2.176974386948164E+02
    2.177603797316470E+02
    2.177907386908075E+02
    2.178102030670128E+02
    2.178244132852310E+02
    2.178353007111532E+02
    2.178439817129328E+02
    2.178511299477353E+02
    2.178571945584963E+02
    2.178625288715304E+02
    2.178674473296161E+02
    2.178723259935035E+02
    2.178775303000868E+02
    2.178836585544211E+02
    2.178909880387527E+02
    2.179021507664552E+02
    2.179126385500200E+02
    2.178840707259473E+02
    2.176739826163080E+02
    2.177368220146175E+02
    2.177915761076360E+02
    2.178174684222408E+02
    2.178340458987762E+02
    2.178461843643987E+02
    2.178554884492491E+02
    2.178629059524998E+02
    2.178690123434061E+02
    2.178741909790454E+02
    2.178787429199857E+02
    2.178829358003895E+02
    2.178870897507017E+02
    2.178915167924479E+02
    2.178967316441451E+02
    2.179029707368217E+02
    2.179125364311685E+02
    2.179208953107129E+02
    2.178878896160982E+02
    2.177217232393998E+02
    2.177672403359477E+02
    2.178156682419633E+02
    2.178381082885170E+02
    2.178524542863294E+02
    2.178629914190605E+02
    2.178710717421299E+02
    2.178775127522561E+02
    2.178828140297027E+02
    2.178873080840546E+02
    2.178912555693695E+02
    2.178948879200546E+02
    2.178984820066207E+02
    2.179023085340297E+02
    2.179068175768168E+02
    2.179122139768459E+02
    2.179205453961221E+02
    2.179272576181935E+02
    2.178908134256584E+02
    2.177590093634720E+02
    2.177909852199148E+02
    2.178344725174665E+02
    2.178542157530917E+02
    2.178668184279315E+02
    2.178761045899499E+02
    2.178832289528639E+02
    2.178889072089694E+02
    2.178935796536234E+02
    2.178975390720145E+02
    2.179010145443653E+02
    2.179042092107310E+02
    2.179073661270770E+02
    2.179107237036937E+02
    2.179146814857806E+02
    2.179194196395723E+02
    2.179267869434115E+02
    2.179322118634403E+02
    2.178930746389316E+02
    2.177886416475899E+02
    2.178098461628510E+02
    2.178494072302578E+02
    2.178670068180479E+02
    2.178782236325122E+02
    2.178865153782461E+02
    2.178928798728556E+02
    2.178979518715137E+02
    2.179021245412511E+02
    2.179056590866518E+02
    2.179087594825235E+02
    2.179116063663776E+02
    2.179144159016231E+02
    2.179174008166672E+02
    2.179209204679903E+02
    2.179251354156522E+02
    2.179317364162116E+02
    2.179361373153444E+02
    2.178948538630896E+02
    2.178128460844564E+02
    2.178252448143391E+02
    2.178615989983140E+02
    2.178774472813100E+02
    2.178875317900898E+02
    2.178950110932998E+02
    2.179007548019993E+02
    2.179053315356715E+02
    2.179090959549359E+02
    2.179122834598191E+02
    2.179150775084473E+02
    2.179176403459008E+02
    2.179201661560209E+02
    2.179228466792657E+02
    2.179260084214733E+02
    2.179297959348855E+02
    2.179357709303744E+02
    2.179393346515090E+02
    2.178962934951508E+02
    2.178334409105248E+02
    2.178383417041868E+02
    2.178719673715735E+02
    2.178863252974775E+02
    2.178954461495839E+02
    2.179022340449033E+02
    2.179074494712243E+02
    2.179116047574944E+02
    2.179150217923216E+02
    2.179179140129196E+02
    2.179204474132695E+02
    2.179227685808218E+02
    2.179250529891802E+02
    2.179274745145059E+02
    2.179303316946626E+02
    2.179337554680972E+02
    2.179391977680743E+02
    2.179420486405619E+02
    2.178975085946536E+02
    2.178519730379208E+02
    2.178501235041400E+02
    2.178812940129997E+02
    2.178943107101342E+02
    2.179025642897298E+02
    2.179087299482973E+02
    2.179134699568127E+02
    2.179172459803289E+02
    2.179203504125776E+02
    2.179229769235128E+02
    2.179252757876586E+02
    2.179273794981402E+02
    2.179294466872801E+02
    2.179316351526410E+02
    2.179342182552244E+02
    2.179373146880444E+02
    2.179422776169486E+02
    2.179444867138741E+02
    2.178985958247307E+02
SCALARS pressure double 1
LOOKUP_TABLE default
    3.412069083922874E+03
    3.412070630953548E+03
    3.412080128120147E+03
    3.412094192511969E+03
    3.412108307145510E+03
    3.412121235804224E+03
    3.412130867647366E+03
    3.412137875000761E+03
    3.412141904017285E+03
    3.412143726544305E+03
    3.412143973648158E+03
    3.412145136377143E+03
    3.412146308741605E+03
    3.412194412844356E+03
    3.412476071173713E+03
    3.413096381362639E+03
    3.414191926249658E+03
    3.415255052766188E+03
    3.416600656526462E+03
    3.411756208743980E+03
    3.411806884318574E+03
    3.411937823656334E+03
    3.412096139939309E+03
    3.412229023176414E+03
    3.412321319617963E+03
    3.412365107886343E+03
    3.412363812591006E+03
    3.412315634890010E+03
    3.412217004953057E+03
    3.412069593420877E+03
    3.411886026341410E+03
    3.411719616379973E+03
    3.411660284316129E+03
    3.411875118079095E+03
    3.412565342148867E+03
    3.414436241703571E+03
    3.416554415618868E+03
    3.420117729752674E+03
    3.411106904344577E+03
    3.411288969982749E+03
    3.411621431213806E+03
    3.412001472979504E+03
    3.412293702573913E+03
    3.412488242195662E+03
    3.412579991858810E+03
    3.412583160485164E+03
    3.412505377093679E+03
    3.412344908940272E+03
    3.412116308081690E+03
    3.411855151253964E+03
    3.411653457878416E+03
    3.411633067121114E+03
    3.412001238630047E+03
    3.412916461244469E+03
    3.415895852977199E+03
    3.419212622806199E+03
    3.426800500358468E+03
    3.410147278136542E+03
    3.410679557712324E+03
    3.411302208908096E+03
    3.411974078707057E+03
    3.412431974857053E+03
    3.412722897790677E+03
    3.412852916888567E+03
    3.412863072699458E+03
    3.412762347830665E+03
    3.412556332739137E+03
    3.412268192069454E+03
    3.411946632791750E+03
    3.411715086282363E+03
    3.411714664641750E+03
    3.412313760581837E+03
    3.413494123131411E+03
    3.417882653686683E+03
    3.421955072547239E+03
    3.435454103134887E+03
    3.408706171283698E+03
    3.410030956153578E+03
    3.411008414776781E+03
    3.412023030943109E+03
    3.412622324950039E+03
    3.412986736456046E+03
    3.413144029049789E+03
    3.413155317591473E+03
    3.413034832825210E+03
    3.412795465031233E+03
    3.412466414826287E+03
    3.412102337393181E+03
    3.411856070129172E+03
    3.411874011736153E+03
    3.412750330417013E+03
    3.414282958506533E+03
    3.420438180315175E+03
    3.425046680696278E+03
    3.446515448173979E+03
    3.406625286274108E+03
    3.409447152466529E+03
    3.410791484399844E+03
    3.412155223666726E+03
    3.412853623476210E+03
    3.413273335330206E+03
    3.413440930720489E+03
    3.413442296631604E+03
    3.413300944053141E+03
    3.413034441683337E+03
    3.412676697157324E+03
    3.412284105370130E+03
    3.412036814030078E+03
    3.412074023541449E+03
    3.413235768275998E+03
    3.415086170355587E+03
    3.423185774338788E+03
    3.428201674579786E+03
    3.459522431667515E+03
    3.403853902272745E+03
    3.409034043079435E+03
    3.410702220802108E+03
    3.412369421820080E+03
    3.413132276489074E+03
    3.413577134886448E+03
    3.413734402253060E+03
    3.413714825384537E+03
    3.413548795301540E+03
    3.413257006089554E+03
    3.412877152072181E+03
    3.412465367775475E+03
    3.412226024075771E+03
    3.412283614575587E+03
    3.413705246428060E+03
    3.415782142856924E+03
    3.425709893302955E+03
    3.430812035769305E+03
    3.473892859827759E+03
    3.400556981613087E+03
    3.408861705074526E+03
    3.410772280291088E+03
    3.412669642102552E+03
    3.413453351579605E+03
    3.413886875691156E+03
    3.414015044147640E+03
    3.413964778861488E+03
    3.413770004258946E+03
    3.413452914753636E+03
    3.413053779189982E+03
    3.412627349278073E+03
    3.412397929835538E+03
    3.412471867483171E+03
    3.414104055386555E+03
    3.416300225426009E+03
    3.427779831433856E+03
    3.432590184449483E+03
    3.488540011883947E+03
    3.397140426851648E+03
    3.408945230177264E+03
    3.411002946811173E+03
    3.413043439861276E+03
    3.413791433259925E+03
    3.414184589433027E+03
    3.414269985342095E+03
    3.414183186435793E+03
    3.413958060493774E+03
    3.413616532404605E+03
    3.413199997900397E+03
    3.412761093839899E+03
    3.412539215774586E+03
    3.412621711390984E+03
    3.414407278879813E+03
    3.416636109983695E+03
    3.429320718518307E+03
    3.433605173298987E+03
    3.502291494811605E+03
    3.394085699848470E+03
    3.409283295286693E+03
    3.411377386414588E+03
    3.413449358598677E+03
    3.414117405025482E+03
    3.414451722001764E+03
    3.414488511128334E+03
    3.414364671288018E+03
    3.414110972994134E+03
    3.413747628443050E+03
    3.413315927088620E+03
    3.412866065184142E+03
    3.412647939800316E+03
    3.412731236621347E+03
    3.414618003296233E+03
    3.416825949127372E+03
    3.430376180759267E+03
    3.434044943334589E+03
    3.514417261366745E+03
    3.391648948900900E+03
    3.409948401262724E+03
    3.411833209944361E+03
    3.413843894860514E+03
    3.414407273239622E+03
    3.414677125146939E+03
    3.414666985818008E+03
    3.414509814643161E+03
    3.414231576838665E+03
    3.413850044390389E+03
    3.413405652984306E+03
    3.412946230866398E+03
    3.412728337556308E+03
    3.412806913415351E+03
    3.414753451017119E+03
    3.416915867939454E+03
    3.431039842712885E+03
    3.434111132281782E+03
    3.524602549492441E+03
    3.389874847280963E+03
    3.410936856858888E+03
    3.412307089853762E+03
    3.414195169869056E+03
    3.414649588861792E+03
    3.414859103197389E+03
    3.414808186811132E+03
    3.414623265833658E+03
    3.414325152116231E+03
    3.413929089124229E+03
    3.413474343552048E+03
    3.413006694390072E+03
    3.412786423036937E+03
    3.412857308489053E+03
    3.414833694989714E+03
    3.416945083684887E+03
    3.431412805752333E+03
    3.433968803206425E+03
    3.532846807595943E+03
    3.388649254590468E+03
    3.412131362931047E+03
    3.412748350329801E+03
    3.414488582903844E+03
    3.414843992402354E+03
    3.415002084797077E+03
    3.414917922429191E+03
    3.414710914370981E+03
    3.414397213747429E+03
    3.413989795806096E+03
    3.413526708085207E+03
    3.413052082066050E+03
    3.412827837671178E+03
    3.412890046173120E+03
    3.414876375305083E+03
    3.416941344291432E+03
    3.431584917439762E+03
    3.433733662845294E+03
    3.539321538280684E+03
    3.387792143445598E+03
    3.413376204533796E+03
    3.413128375728238E+03
    3.414723345169442E+03
    3.414996173134508E+03
    3.415112744213716E+03
    3.415002429630188E+03
    3.414778253118814E+03
    3.414452523777587E+03
    3.414036323732301E+03
    3.413566563921488E+03
    3.413086111561045E+03
    3.412857171660855E+03
    3.412910962076166E+03
    3.414895166719372E+03
    3.416922185018592E+03
    3.431628638238363E+03
    3.433476716910738E+03
    3.544270803067821E+03
    3.387146618621710E+03
    3.414537061229170E+03
    3.413438899460474E+03
    3.414906215899749E+03
    3.415113707684077E+03
    3.415197717004948E+03
    3.415067214264730E+03
    3.414829845562831E+03
    3.414494901621103E+03
    3.414071941441801E+03
    3.413596877739514E+03
    3.413111634617143E+03
    3.412877915656004E+03
    3.412924188618564E+03
    3.414899852942342E+03
    3.416897729112458E+03
    3.431598070576264E+03
    3.433235481512333E+03
    3.547958729667161E+03
    3.386612827111548E+03
    3.415532216643259E+03
    3.413684548021543E+03
    3.415046500086563E+03
    3.415203860880707E+03
    3.415262707593339E+03
    3.415116763818059E+03
    3.414869310818934E+03
    3.414527330235389E+03
    3.414099178714067E+03
    3.413619924476091E+03
    3.413130798951030E+03
    3.412892619899903E+03
    3.412932513861260E+03
    3.414896975609392E+03
    3.416873292174444E+03
    3.431530593025536E+03
    3.433025860031259E+03
    3.550642753359226E+03
    3.386142826790368E+03
    3.416333102099614E+03
    3.413875451184913E+03
    3.415153268760314E+03
    3.415272781764515E+03
    3.415312317352713E+03
    3.415154611875736E+03
    3.414899466731997E+03
    3.414552119248967E+03
    3.414119986780570E+03
    3.413637441536791E+03
    3.413145209636185E+03
    3.412903098135065E+03
    3.412937756307840E+03
    3.414890627614269E+03
    3.416851317864477E+03
    3.431449961122059E+03
    3.432851611047281E+03
    3.552556757844814E+03
    3.385720907910531E+03
    3.416948485430715E+03
    3.414022554602194E+03
    3.415234247213338E+03
    3.415325389157187E+03
    3.415350149650857E+03
    3.415183498866713E+03
    3.414922490662010E+03
    3.414571051303217E+03
    3.414135869015455E+03
    3.413650753388116E+03
    3.413156062285663E+03
    3.412910617685975E+03
    3.412941073494258E+03
    3.414883192087412E+03
    3.416832657912580E+03
    3.431369886450354E+03
    3.432710611250128E+03
    3.553900010009374E+03
    3.385345679565898E+03
    3.417406161712930E+03
    3.414135516197337E+03
    3.415295600719736E+03
    3.415365515680303E+03
    3.415378986922743E+03
    3.415205535073939E+03
    3.414940058659069E+03
    3.414585499445116E+03
    3.414147982169457E+03
    3.413660868319697E+03
    3.413164246784111E+03
    3.412916055604464E+03
    3.412943189921484E+03
    3.414875938768299E+03
    3.416817352641161E+03
    3.431297313722644E+03
    3.432598443418045E+03
    3.554832427404515E+03
    3.385019124436129E+03
    3.417739293317871E+03
    3.414222153733325E+03
    3.415342092777041E+03
    3.415396112036502E+03
    3.415400963257670E+03
    3.415222339642422E+03
    3.414953457720643E+03
    3.414596519177874E+03
    3.414157214770908E+03
    3.413668553181131E+03
    3.413170426123982E+03
    3.412920017438392E+03
    3.412944554531324E+03
    3.414869458424219E+03
    3.416805076376601E+03
    3.431234999414276E+03
    3.432510212648074E+03
    3.555475826195296E+03
    3.384741772233567E+03
    3.417978715649343E+03
    3.414288567166025E+03
    3.415377347221956E+03
    3.415419437988484E+03
    3.415417710123383E+03
    3.415235152269095E+03
    3.414963674266720E+03
    3.414604920396187E+03
    3.414164248136377E+03
    3.413674390899067E+03
    3.413175095342644E+03
    3.412922922800666E+03
    3.412945444466608E+03
    3.414863954772798E+03
    3.416795376076748E+03
    3.431183328301305E+03
    3.432441352876700E+03
    3.555919140906501E+03
    3.384511543344592E+03
    3.418149802023876E+03
    3.414339454817195E+03
    3.415404103646925E+03
    3.415437220992012E+03
    3.415430473489414E+03
    3.415244921583464E+03
    3.414971463985095E+03
    3.414611324281047E+03
    3.414169604652841E+03
    3.413678825295349E+03
    3.413178625869713E+03
    3.412925065527105E+03
    3.412946031902285E+03
    3.414859428730849E+03
    3.416787790797152E+03
    3.431141487044023E+03
    3.432387918855728E+03
    3.556225232035059E+03
    3.384324231938704E+03
    3.418271992730279E+03
    3.414378425926267E+03
    3.415424429802141E+03
    3.415450780893865E+03
    3.415440204755344E+03
    3.415252373400354E+03
    3.414977405742330E+03
    3.414616207240425E+03
    3.414173684964591E+03
    3.413682194947593E+03
    3.413181297846349E+03
    3.412926654235575E+03
    3.412946425380486E+03
    3.414855787327877E+03
    3.416781904671318E+03
    3.431108166164278E+03
    3.432346637415617E+03
    3.556437526347342E+03
    3.384174445196005E+03
    3.418359549404297E+03
    3.414408263172202E+03
    3.415439895255223E+03
    3.415461134031618E+03
    3.415447638490218E+03
    3.415258071067877E+03
    3.414981950963480E+03
    3.414619942662805E+03
    3.414176804451452E+03
    3.413684766625984E+03
    3.413183331573092E+03
    3.412927847257476E+03
    3.412946702838608E+03
    3.414852912185618E+03
    3.416777373052882E+03
    3.431081956381580E+03
    3.432314865581818E+03
    3.556585605379552E+03
    3.384056442765147E+03
    3.418422663901565E+03
    3.414431118094868E+03
    3.415451697285529E+03
    3.415469067039764E+03
    3.415453345941988E+03
    3.415262455786871E+03
    3.414985455595849E+03
    3.414622827062829E+03
    3.414179215271348E+03
    3.413686754676437E+03
    3.413184904850469E+03
    3.412928770746042E+03
    3.412946926849614E+03
    3.414850690946086E+03
    3.416773923889290E+03
    3.431061543399750E+03
    3.432290505804034E+03
    3.556689484607517E+03
    3.383964801664794E+03
    3.418468602304062E+03
    3.414448742516618E+03
    3.415460838664918E+03
    3.415475276576676E+03
    3.415457859193747E+03
    3.415265960797456E+03
    3.414988287934727E+03
    3.414625183471859E+03
    3.414181206571963E+03
    3.413688418987267E+03
    3.413186249061585E+03
    3.412929614135951E+03
    3.412947237098584E+03
    3.414849115155478E+03
    3.416771434939290E+03
    3.431045873639490E+03
    3.432271998903836E+03
    3.556762785585313E+03
    3.383894719869418E+03
    3.418502544444535E+03
    3.414462576589789E+03
    3.415468173565686E+03
    3.415480387658045E+03
    3.415461677562763E+03
    3.415269010246460E+03
    3.414990822650896E+03
    3.414627352088713E+03
    3.414183092690197E+03
    3.413690051345489E+03
    3.413187633895306E+03
    3.412930613644394E+03
    3.412947831160483E+03
    3.414848260878465E+03
    3.416769900350663E+03
    3.431034150916047E+03
    3.432258215621844E+03
    3.556814853274417E+03
    3.383843049083669E+03
    3.418529123791175E+03
    3.414474726882081E+03
    3.415475351905551E+03
    3.415485877984946E+03
    3.415466182766099E+03
    3.415272928642443E+03
    3.414994346548277E+03
    3.414630593454400E+03
    3.414186114432041E+03
    3.413692875225351E+03
    3.413190265769254E+03
    3.412932949312878E+03
    3.412949859220860E+03
    3.414849180726557E+03
    3.416770313190402E+03
    3.431026718968388E+03
    3.432249275474976E+03
    3.556853091697532E+03
    3.383807784314225E+03
    3.418552366552226E+03
    3.414487508511582E+03
    3.415484334291196E+03
    3.415493578320933E+03
    3.415473132298554E+03
    3.415279429930167E+03
    3.415000544845714E+03
    3.414636572789869E+03
    3.414191921976558E+03
    3.413698527522957E+03
    3.413195768459726E+03
    3.412938224309085E+03
    3.412954901442996E+03
    3.414853377597274E+03
    3.416774132627811E+03
    3.431024514672687E+03
    3.432245961000301E+03
    3.556883403095920E+03
    3.383797670447448E+03
    3.418585641737225E+03
    3.414513124119868E+03
    3.415507048767107E+03
    3.415515318334096E+03
    3.415494299750271E+03
    3.415300254397277E+03
    3.415021135819699E+03
    3.414656993033167E+03
    3.414212206708580E+03
    3.413718689392507E+03
    3.413215813016977E+03
    3.412958093684401E+03
    3.412974595244124E+03
    3.414872428444599E+03
    3.416792903440855E+03
    3.431038669121983E+03
    3.432259295251635E+03
    3.556920419931395E+03
    3.383823659212920E+03
    3.418643450989277E+03
    3.414565272382701E+03
    3.415556981900507E+03
    3.415564509954041E+03
    3.415543054226271E+03
    3.415348745795083E+03
    3.415069446496177E+03
    3.414705169594760E+03
    3.414260275300674E+03
    3.413766659726573E+03
    3.413263690581522E+03
    3.413005836125343E+03
    3.413022205589883E+03
    3.414919550834735E+03
    3.416839818727482E+03
    3.431082050005436E+03
    3.432302067404392E+03
    3.556979517699094E+03
    3.384004123425300E+03
    3.418846539985121E+03
    3.414764138403417E+03
    3.415754152025298E+03
    3.415761112449786E+03
    3.415739320569211E+03
    3.415544808144738E+03
    3.415265366791002E+03
    3.414900982320577E+03
    3.414455999901133E+03
    3.413962303939887E+03
    3.413459260166802E+03
    3.413201300979538E+03
    3.413217571707605E+03
    3.415114548284030E+03
    3.417034665429360E+03
    3.431274193772573E+03
    3.432493759134069E+03
    3.557181714889597E+03
    3.384442330189212E+03
    3.419299965264881E+03
    3.415214380674130E+03
    3.416203087942316E+03
    3.416209609370857E+03
    3.416187556264811E+03
    3.415992883656817E+03
    3.415713329020615E+03
    3.415348856832237E+03
    3.414903801143984E+03
    3.414410038057377E+03
    3.413906932820149E+03
    3.413648890893368E+03
    3.413665086352630E+03
    3.415561782220700E+03
    3.417481786700122E+03
    3.431719240151857E+03
    3.432938454334845E+03
    3.557632196992612E+03
    3.386389648288504E+03
    3.421252607075462E+03
    3.417164581241868E+03
    3.418152235521404E+03
    3.418158386777685E+03
    3.418136109301468E+03
    3.417941293108436E+03
    3.417661632341432E+03
    3.417297074459411E+03
    3.416851945658987E+03
    3.416358116825660E+03
    3.415854954490358E+03
    3.415596844540954E+03
    3.415612984840820E+03
    3.417509474282262E+03
    3.419429409084302E+03
    3.433665290172120E+03
    3.434884235128015E+03
    3.559576133832501E+03
    3.390538931015917E+03
    3.425396282669338E+03
    3.421306316406228E+03
    3.422293063513236E+03
    3.422298873170053E+03
    3.422276387928330E+03
    3.422081435875548E+03
    3.421801673597367E+03
    3.421437032870008E+03
    3.420991832291602E+03
    3.420497937535611E+03
    3.419994715339200E+03
    3.419736534938094E+03
    3.419752611456792E+03
    3.421648911529504E+03
    3.423568749306197E+03
    3.437803343930316E+03
    3.439021890047984E+03
    3.563703061515160E+03
    3.410199393191566E+03
    3.444997041976634E+03
    3.440905359494915E+03
    3.441890875397172E+03
    3.441896063984318E+03
    3.441873170432455E+03
    3.441677908768012E+03
    3.441397888667351E+03
    3.441033025769771E+03
    3.440587635549643E+03
    3.440093585237353E+03
    3.439590248818129E+03
    3.439331989498050E+03
    3.439348043920648E+03
    3.441244288538120E+03
    3.443164228123669E+03
    3.457398151358155E+03
    3.458616489906073E+03
    3.583236310504021E+03
    3.446963274062455E+03
    3.481642233070648E+03
    3.477548637999255E+03
    3.478532371595526E+03
    3.478536615882962E+03
    3.478513150274769E+03
    3.478317496844857E+03
    3.478037190050156E+03
    3.477672107203526E+03
    3.477226534520386E+03
    3.476732313243456E+03
    3.476228796536612E+03
    3.475970313546315E+03
    3.475986093355709E+03
    3.477881887672052E+03
    3.479801328206430E+03
    3.494033846179907E+03
    3.495250025627247E+03
    3.619755136876536E+03
    3.649152024136265E+03
    3.683159810303011E+03
    3.679062884756002E+03
    3.680039800564824E+03
    3.680039476849968E+03
    3.680012813292114E+03
    3.679814488785719E+03
    3.679531808413045E+03
    3.679164603380629E+03
    3.678717208803157E+03
    3.678221553215306E+03
    3.677717092882939E+03
    3.677458251460539E+03
    3.677474350276891E+03
    3.679371265218702E+03
    3.681292840750356E+03
    3.695528865013270E+03
    3.696745324673184E+03
    3.820604592982012E+03
    3.921018699171741E+03
    3.954122720377003E+03
    3.950019545685125E+03
    3.950986421230411E+03
    3.950980088140349E+03
    3.950949789372582E+03
    3.950748969331168E+03
    3.950464512199195E+03
    3.950096038589468E+03
    3.949647670523503E+03
    3.949151131457397E+03
    3.948645667371086E+03
    3.948385504741642E+03
    3.948399781061315E+03
    3.950294181947813E+03
    3.952212556160395E+03
    3.966444860304534E+03
    3.967647795087441E+03
    4.090665414386024E+03
    6.147744705009941E+03
    6.173382583015515E+03
    6.169250202416440E+03
    6.170143906407409E+03
    6.170088400881472E+03
    6.170024422648551E+03
    6.169795903913946E+03
    6.169487086423832E+03
    6.169096760374144E+03
    6.168629303158435E+03
    6.168117090254016E+03
    6.167600232367253E+03
    6.167333559381031E+03
    6.167346746303118E+03
    6.169245462339337E+03
    6.171173476648297E+03
    6.185421981276622E+03
    6.186581441417088E+03
    6.302433037841650E+03
