nohup: ignoring input
 ----------------- OpenCFD-EC3D ver 1.14a (MPI-OpenMP version)------------------
         Copyright by Li Xinliang, lixl@imech.ac.cn                            
         Programming by Li Xinliang  2016-1                                   
 ----------------------------------------------------------------------------- 
 Check if Multi-Grid can be used ...
 Total Block number is            4 Total Cell number is         8760
 Check multigrid OK
 can not find partation.dat,  create partation ...
 Partation ......
 Total Cell number=        8760
 Total Grid number=       18406
 Max grid number is        18406  ... rato to mean grid is   1.0000000000000000     
 Min grid number is        18406  ... rato to mean grid is   1.0000000000000000     
 rato max to min is    1.0000000000000000     
 Read material.in OK, Total_block=           4
   Block           1 : Block_type=           2  rho=   1.0000000000000000       Cp=   1005.0000000000000       k=   2.5999999999999999E-002
   Block           2 : Block_type=           0  rho=   0.0000000000000000       Cp=   0.0000000000000000       k=   0.0000000000000000     
   Block           3 : Block_type=           0  rho=   0.0000000000000000       Cp=   0.0000000000000000       k=   0.0000000000000000     
   Block           4 : Block_type=           0  rho=   0.0000000000000000       Cp=   0.0000000000000000       k=   0.0000000000000000     
 porous.inp not found: porous blocks use defaults (eps=0.9, dp=1e-3 m, hv=0)
 creat main mesh OK, Num_Cell=        8760
  read main mesh ...
 read Mesh3d.dat OK
 Convert bc3d.inp to bc3d.inc ...
 Convert bc3d.inp to bc3d.inc OK
 read bc3d.inc (Link/boundary file)......
 read bc3d.inc OK
 Convert bc3d_interface.inp to bc3d_interface.inc ...
 Convert bc3d_interface.inp to bc3d_interface.inc OK
 read bc3d_interface.inc (Interface link file)......
 read bc3d_interface.inc OK
 solid_bc.inp not found, no solid thermal BCs
  Need not read wall_dist.dat 
 No FDM.in, Donot use hybrid FVM/FDM
 my_id, block_no, FDM, FD_Flux, FD_Scheme=           0           1           0
 my_id, block_no, FDM, FD_Flux, FD_Scheme=           0           2           0
 my_id, block_no, FDM, FD_Flux, FD_Scheme=           0           3           0
 my_id, block_no, FDM, FD_Flux, FD_Scheme=           0           4           0
 comput Jocabian OK ...
 Check mesh quality ......
 Check mesh quality OK
 Initial by Free-stream flow ......
  Start ......
   DBG iter           1  maxU2=   0.0000000000000000       maxFi=   0.0000000000000000       maxFj=   0.0000000000000000       Fi(21,1,1)=   0.0000000000000000       Fi(21,21,1)=   0.0000000000000000       Fi(41,21,1)=   0.0000000000000000     
   DBG div max=   7.4974611391894202E-005  res_p=   0.0000000000000000     
   SIMPLE iter           1  res_p=   0.0000000000000000       u(1,1,1)=   0.0000000000000000       p(1,1,1)=   2046.0000000000000     
   DBG iter           2  maxU2=   0.0000000000000000       maxFi=   0.0000000000000000       maxFj=   0.0000000000000000       Fi(21,1,1)=   0.0000000000000000       Fi(21,21,1)=   0.0000000000000000       Fi(41,21,1)=   0.0000000000000000     
   DBG div max=   7.4974611391894202E-005  res_p=   0.0000000000000000     
   SIMPLE iter           2  res_p=   0.0000000000000000       u(1,1,1)=   0.0000000000000000       p(1,1,1)=   2046.0000000000000     
   DBG iter           3  maxU2=   0.0000000000000000       maxFi=   0.0000000000000000       maxFj=   0.0000000000000000       Fi(21,1,1)=   0.0000000000000000       Fi(21,21,1)=   0.0000000000000000       Fi(41,21,1)=   0.0000000000000000     
   DBG div max=   7.4974611391894202E-005  res_p=   0.0000000000000000     
   SIMPLE iter           3  res_p=   0.0000000000000000       u(1,1,1)=   0.0000000000000000       p(1,1,1)=   2046.0000000000000     
   SIMPLE iter           4  res_p=   0.0000000000000000       u(1,1,1)=   0.0000000000000000       p(1,1,1)=   2046.0000000000000     
   SIMPLE iter           5  res_p=   0.0000000000000000       u(1,1,1)=   0.0000000000000000       p(1,1,1)=   2046.0000000000000     
 Low-speed solver Block           1  SIMPLE iterations:          11  res_p:   0.0000000000000000     
 --------------Force and Moment -----------------------------
 Total Force Coefficient (CL, CD, CS) =
   3.0008611217704664E-002  0.27310171919770776        0.0000000000000000     
 Total Moment Coefficient(CMx, CMy, CMz)=
  -7.5021528044261661E-003   6.8275429799426940E-002   1.3894355678700400E-002
 Kstep, t=           1   1.0000000000000000     
 ----------The Max Residuals are--------  ---Mesh---           1
    0.3469446952E-18    0.2238538747E-02    0.8923739483E-07    0.2032879073E-19    0.6510416893E-10
   The R.M.S Residuals are 
    0.4552127859E-19    0.1868002618E-03    0.1906886419E-08    0.5937276908E-21    0.7683100772E-11
 CPU wall time in this step:   2.1616893000000002E-002
 Averaged CPU wall time is:   2.1616893000000002E-002
   DBG iter           1  maxU2=   30.000000000000000       maxFi=   2.5183787899373714E-007  maxFj=   3.9734187573665859E-019  Fi(21,1,1)=   0.0000000000000000       Fi(21,21,1)=   0.0000000000000000       Fi(41,21,1)=   0.0000000000000000     
   DBG div max=   7.4974611391894202E-005  res_p=   2.5183787890593328E-007
   SIMPLE iter           1  res_p=   2.5183787890593328E-007  u(1,1,1)=  -3.9268706021164027E-007  p(1,1,1)=   2045.9999999018071     
   DBG iter           2  maxU2=   30.000000000000000       maxFi=   3.9551090767945874E-007  maxFj=   3.2095225342078531E-007  Fi(21,1,1)=   0.0000000000000000       Fi(21,21,1)=   0.0000000000000000       Fi(41,21,1)=   0.0000000000000000     
   DBG div max=   7.4974611391894202E-005  res_p=   2.2793662269762218E-007
   SIMPLE iter           2  res_p=   2.2793662269762218E-007  u(1,1,1)=  -5.5607428942741176E-006  p(1,1,1)=   2045.9999984278359     
   DBG iter           3  maxU2=   30.000000000000000       maxFi=   4.8633593499543441E-007  maxFj=   5.5606012401181520E-007  Fi(21,1,1)=   0.0000000000000000       Fi(21,21,1)=   0.0000000000000000       Fi(41,21,1)=   0.0000000000000000     
   DBG div max=   7.4974611391894202E-005  res_p=   1.8895969151130600E-007
   SIMPLE iter           3  res_p=   1.8895969151130600E-007  u(1,1,1)=  -6.2069336936776593E-006  p(1,1,1)=   2045.9999973040888     
   SIMPLE iter           4  res_p=   1.5936268224976249E-007  u(1,1,1)=  -7.9669768499383426E-006  p(1,1,1)=   2045.9999963640164     
   SIMPLE iter           5  res_p=   1.3882095198675429E-007  u(1,1,1)=  -1.0972729641913062E-005  p(1,1,1)=   2045.9999954797861     
 Low-speed solver Block           1  SIMPLE iterations:          11  res_p:   9.3745221755495133E-008
 --------------Force and Moment -----------------------------
 Total Force Coefficient (CL, CD, CS) =
  -4.0567052338184126E-002  0.40195432003942055       -6.5891292569688292E-020
 Total Moment Coefficient(CMx, CMy, CMz)=
   1.0141763084546031E-002  0.10048858000985514       -1.8783112583480359E-002
 Kstep, t=           2   2.0000000000000000     
 ----------The Max Residuals are--------  ---Mesh---           1
    0.1726765516E-03    0.3132507830E-02    0.2422949906E-03    0.1355239867E-19    0.5596643850E-03
   The R.M.S Residuals are 
    0.1608484555E-04    0.2671781052E-03    0.2427605213E-04    0.1315606060E-20    0.5082926828E-04
 CPU wall time in this step:   4.3188519000000009E-002
 Averaged CPU wall time is:   3.2402706000000003E-002
   DBG iter           1  maxU2=   30.000000000000000       maxFi=   7.4715793746285449E-007  maxFj=   7.5108480456409192E-006  Fi(21,1,1)=   0.0000000000000000       Fi(21,21,1)=   0.0000000000000000       Fi(41,21,1)=   0.0000000000000000     
   DBG div max=   7.4974611391894202E-005  res_p=   6.7636901159162948E-006
   SIMPLE iter           1  res_p=   6.7636901159162948E-006  u(1,1,1)=  -3.8718225414464517E-005  p(1,1,1)=   2045.9999914575694     
   DBG iter           2  maxU2=   30.000000000000000       maxFi=   7.5890653160163302E-007  maxFj=   9.4125930719529276E-006  Fi(21,1,1)=   0.0000000000000000       Fi(21,21,1)=   0.0000000000000000       Fi(41,21,1)=   0.0000000000000000     
   DBG div max=   7.4974611391894202E-005  res_p=   8.6536865532003263E-006
   SIMPLE iter           2  res_p=   8.6536865532003263E-006  u(1,1,1)=  -4.6774713127057483E-005  p(1,1,1)=   2045.9999939211555     
   DBG iter           3  maxU2=   30.000000000000000       maxFi=   7.6948174572801609E-007  maxFj=   9.8931854230160832E-006  Fi(21,1,1)=   0.0000000000000000       Fi(21,21,1)=   0.0000000000000000       Fi(41,21,1)=   0.0000000000000000     
   DBG div max=   7.4974611391894202E-005  res_p=   9.1237036917765331E-006
   SIMPLE iter           3  res_p=   9.1237036917765331E-006  u(1,1,1)=  -5.5983711193747153E-005  p(1,1,1)=   2045.9999930172598     
   SIMPLE iter           4  res_p=   9.0884433413974106E-006  u(1,1,1)=  -5.4937089143902186E-005  p(1,1,1)=   2045.9999926355881     
   SIMPLE iter           5  res_p=   8.8753798863392221E-006  u(1,1,1)=  -5.5886308451395258E-005  p(1,1,1)=   2045.9999919740769     
 Low-speed solver Block           1  SIMPLE iterations:          11  res_p:   7.2370134962022826E-006
 --------------Force and Moment -----------------------------
 Total Force Coefficient (CL, CD, CS) =
  -6.4670470736445093E-002  0.37313645534986484       -3.1077285298202424E-020
 Total Moment Coefficient(CMx, CMy, CMz)=
   1.6167617684111277E-002   9.3284113837466209E-002  -2.9943351929101435E-002
 Kstep, t=           3   3.0000000000000000     
 ----------The Max Residuals are--------  ---Mesh---           1
    0.2992235441E-03    0.2684498919E-02    0.1854421472E-03    0.8910764261E-20    0.7066927104E-03
   The R.M.S Residuals are 
    0.2775819903E-04    0.2331665473E-03    0.2622211251E-04    0.1537244663E-20    0.6392157540E-04
 CPU wall time in this step:   5.1900681999999990E-002
 Averaged CPU wall time is:   3.8902031333333330E-002
   DBG iter           1  maxU2=   30.000000000000000       maxFi=   8.3327860570316210E-007  maxFj=   5.0600614723670067E-006  Fi(21,1,1)=   0.0000000000000000       Fi(21,21,1)=   0.0000000000000000       Fi(41,21,1)=   0.0000000000000000     
   DBG div max=   7.4974611391894202E-005  res_p=   4.2667478879372436E-006
   SIMPLE iter           1  res_p=   4.2667478879372436E-006  u(1,1,1)=  -8.1702234535419838E-005  p(1,1,1)=   2045.9999858536571     
   DBG iter           2  maxU2=   30.000000000000000       maxFi=   8.3820852913637760E-007  maxFj=   5.2565328636302432E-006  Fi(21,1,1)=   0.0000000000000000       Fi(21,21,1)=   0.0000000000000000       Fi(41,21,1)=   0.0000000000000000     
   DBG div max=   7.4974611391894202E-005  res_p=   4.0383149591105875E-006
   SIMPLE iter           2  res_p=   4.0383149591105875E-006  u(1,1,1)=  -8.5710001297914512E-005  p(1,1,1)=   2045.9999838166987     
   DBG iter           3  maxU2=   30.000000000000000       maxFi=   8.4286100256552070E-007  maxFj=   5.5789858997842535E-006  Fi(21,1,1)=   0.0000000000000000       Fi(21,21,1)=   0.0000000000000000       Fi(41,21,1)=   0.0000000000000000     
   DBG div max=   7.4974611391894202E-005  res_p=   3.8147174585735384E-006
   SIMPLE iter           3  res_p=   3.8147174585735384E-006  u(1,1,1)=  -8.9855176263622932E-005  p(1,1,1)=   2045.9999834648572     
   SIMPLE iter           4  res_p=   3.6523566770783673E-006  u(1,1,1)=  -9.8778361012939414E-005  p(1,1,1)=   2045.9999822411148     
   SIMPLE iter           5  res_p=   3.5219217824493321E-006  u(1,1,1)=  -1.0535322049869591E-004  p(1,1,1)=   2045.9999812348601     
 Low-speed solver Block           1  SIMPLE iterations:          11  res_p:   2.9157543057626475E-006
 --------------Force and Moment -----------------------------
 Total Force Coefficient (CL, CD, CS) =
  -7.0930830215784446E-002  0.31090805509016717       -1.3007700714978221E-020
 Total Moment Coefficient(CMx, CMy, CMz)=
   1.7732707553946108E-002   7.7727013772541792E-002  -3.2841994757539614E-002
 Kstep, t=           4   4.0000000000000000     
 ----------The Max Residuals are--------  ---Mesh---           1
    0.3700590695E-03    0.1985766017E-02    0.1625964105E-03    0.9554537073E-20    0.5870222236E-03
   The R.M.S Residuals are 
    0.3534509221E-04    0.1808341681E-03    0.2451514085E-04    0.1613087721E-20    0.5948402947E-04
 CPU wall time in this step:   3.9440863000000007E-002
 Averaged CPU wall time is:   3.9036739250000001E-002
   DBG iter           1  maxU2=   30.000000000000000       maxFi=   1.1834221435255009E-006  maxFj=   6.2744709680749030E-005  Fi(21,1,1)=   0.0000000000000000       Fi(21,21,1)=   0.0000000000000000       Fi(41,21,1)=   0.0000000000000000     
   DBG div max=   7.4974611391894202E-005  res_p=   6.1977089088907698E-005
   SIMPLE iter           1  res_p=   6.1977089088907698E-005  u(1,1,1)=  -1.4036567501444865E-004  p(1,1,1)=   2045.9999601188101     
   DBG iter           2  maxU2=   30.000000000000000       maxFi=   1.2324645363958985E-006  maxFj=   8.0888981662493835E-005  Fi(21,1,1)=   0.0000000000000000       Fi(21,21,1)=   0.0000000000000000       Fi(41,21,1)=   0.0000000000000000     
   DBG div max=   8.0285350344549224E-005  res_p=   8.0285350344549224E-005
   SIMPLE iter           2  res_p=   8.0285350344549224E-005  u(1,1,1)=  -1.0801142012099938E-004  p(1,1,1)=   2045.9999274253332     
   DBG iter           3  maxU2=   30.000000000000000       maxFi=   1.2966725175448334E-006  maxFj=   8.5433808390040258E-005  Fi(21,1,1)=   0.0000000000000000       Fi(21,21,1)=   0.0000000000000000       Fi(41,21,1)=   0.0000000000000000     
   DBG div max=   8.4881977347817087E-005  res_p=   8.4881977347817087E-005
   SIMPLE iter           3  res_p=   8.4881977347817087E-005  u(1,1,1)=  -6.5140184695779168E-005  p(1,1,1)=   2045.9999282714057     
   SIMPLE iter           4  res_p=   8.4630937995725886E-005  u(1,1,1)=  -1.2573890676002969E-004  p(1,1,1)=   2045.9999234980153     
   SIMPLE iter           5  res_p=   8.2675767614855580E-005  u(1,1,1)=  -1.6684991943015828E-004  p(1,1,1)=   2045.9999214742490     
 DEBUG T iter          50 min   107.11431341836939      max   153.83276848097256     
 Low-speed solver Block           1  SIMPLE iterations:          61  res_p:   1.4399523417747930E-005
 --------------Force and Moment -----------------------------
 Total Force Coefficient (CL, CD, CS) =
  -7.0653206877350924E-002  0.25315377282848672       -7.0275418157877790E-021
 Total Moment Coefficient(CMx, CMy, CMz)=
   1.7663301719337728E-002   6.3288443207121681E-002  -3.2713461202379175E-002
 Kstep, t=           5   5.0000000000000000     
 ----------The Max Residuals are--------  ---Mesh---           1
    0.3930895982E-03    0.1376880378E-02    0.1628910474E-03    0.8796505206E-20    0.5110331534E-03
   The R.M.S Residuals are 
    0.3963957529E-04    0.1393187971E-03    0.2321314834E-04    0.1649770705E-20    0.5495810057E-04
 CPU wall time in this step:  0.13548814300000003     
 Averaged CPU wall time is:   5.8327020000000007E-002
   DBG iter           1  maxU2=   30.000000000000000       maxFi=   2.0912943384787934E-005  maxFj=   1.3594720561488073E-004  Fi(21,1,1)=   0.0000000000000000       Fi(21,21,1)=   0.0000000000000000       Fi(41,21,1)=   0.0000000000000000     
   DBG div max=   7.4974611391894202E-005  res_p=   3.9154420954536675E-005
   SIMPLE iter           1  res_p=   3.9154420954536675E-005  u(1,1,1)=  -3.0223082470546558E-003  p(1,1,1)=   2045.9995894253479     
   DBG iter           2  maxU2=   30.000000000000000       maxFi=   2.1770340784925561E-005  maxFj=   1.4146889063957276E-004  Fi(21,1,1)=   0.0000000000000000       Fi(21,21,1)=   0.0000000000000000       Fi(41,21,1)=   0.0000000000000000     
   DBG div max=   7.4974611391894202E-005  res_p=   3.9447586888349046E-005
   SIMPLE iter           2  res_p=   3.9447586888349046E-005  u(1,1,1)=  -3.2199784471629777E-003  p(1,1,1)=   2045.9995919134305     
   DBG iter           3  maxU2=   30.000000000000000       maxFi=   2.2765474821276633E-005  maxFj=   1.4649540274428769E-004  Fi(21,1,1)=   0.0000000000000000       Fi(21,21,1)=   0.0000000000000000       Fi(41,21,1)=   0.0000000000000000     
   DBG div max=   7.4974611391894202E-005  res_p=   3.7579826876900366E-005
   SIMPLE iter           3  res_p=   3.7579826876900366E-005  u(1,1,1)=  -3.3962012879513808E-003  p(1,1,1)=   2045.9995532234489     
   SIMPLE iter           4  res_p=   3.5855109752003521E-005  u(1,1,1)=  -3.4725369685575996E-003  p(1,1,1)=   2045.9995387710499     
   SIMPLE iter           5  res_p=   3.4160877692992048E-005  u(1,1,1)=  -3.6332548529683481E-003  p(1,1,1)=   2045.9995165608664     
 Low-speed solver Block           1  SIMPLE iterations:          31  res_p:   9.6622354076845549E-006
 --------------Force and Moment -----------------------------
 Total Force Coefficient (CL, CD, CS) =
  -6.8580083810454606E-002  0.20761688482565430       -5.5397893805926833E-021
 Total Moment Coefficient(CMx, CMy, CMz)=
   1.7145020952613648E-002   5.1904221206413574E-002  -3.1753577706753265E-002
 Kstep, t=           6   6.0000000000000000     
 ----------The Max Residuals are--------  ---Mesh---           1
    0.3875051827E-03    0.9205137214E-03    0.1447128653E-03    0.9635755870E-20    0.4218757253E-03
   The R.M.S Residuals are 
    0.4226658966E-04    0.1123527087E-03    0.2236024328E-04    0.1770060011E-20    0.5231536896E-04
 CPU wall time in this step:   7.6885722999999961E-002
 Averaged CPU wall time is:   6.1420137166666666E-002
   DBG iter           1  maxU2=   30.000000000000000       maxFi=   6.9950859591089842E-005  maxFj=   3.8508831833607886E-004  Fi(21,1,1)=   0.0000000000000000       Fi(21,21,1)=   0.0000000000000000       Fi(41,21,1)=   0.0000000000000000     
   DBG div max=   7.4974611391894202E-005  res_p=   6.2181628188120357E-006
   SIMPLE iter           1  res_p=   6.2181628188120357E-006  u(1,1,1)=  -1.0491661476346273E-002  p(1,1,1)=   2045.9985251615128     
   DBG iter           2  maxU2=   30.000000000000000       maxFi=   7.1482694532385641E-005  maxFj=   3.8828045542092229E-004  Fi(21,1,1)=   0.0000000000000000       Fi(21,21,1)=   0.0000000000000000       Fi(41,21,1)=   0.0000000000000000     
   DBG div max=   7.4974611391894202E-005  res_p=   8.0699660989188887E-006
   SIMPLE iter           2  res_p=   8.0699660989188887E-006  u(1,1,1)=  -1.1381189560611706E-002  p(1,1,1)=   2045.9985169075333     
   DBG iter           3  maxU2=   30.000000000000000       maxFi=   7.4251736263595221E-005  maxFj=   4.0337960060916417E-004  Fi(21,1,1)=   0.0000000000000000       Fi(21,21,1)=   0.0000000000000000       Fi(41,21,1)=   0.0000000000000000     
   DBG div max=   7.4974611391894202E-005  res_p=   6.8225032366036166E-006
   SIMPLE iter           3  res_p=   6.8225032366036166E-006  u(1,1,1)=  -1.1895521094602271E-002  p(1,1,1)=   2045.9984502311406     
   SIMPLE iter           4  res_p=   6.9666170968280786E-006  u(1,1,1)=  -1.2187792201768044E-002  p(1,1,1)=   2045.9984000576771     
   SIMPLE iter           5  res_p=   7.1323471175485978E-006  u(1,1,1)=  -1.2564345381920795E-002  p(1,1,1)=   2045.9983413933514     
 Low-speed solver Block           1  SIMPLE iterations:          11  res_p:   8.5113257447111531E-006
 --------------Force and Moment -----------------------------
 Total Force Coefficient (CL, CD, CS) =
  -6.6257360848637065E-002  0.17352675072225560        1.3098088595936337E-020
 Total Moment Coefficient(CMx, CMy, CMz)=
   1.6564340212159263E-002   4.3381687680563899E-002  -3.0678118772358539E-002
 Kstep, t=           7   7.0000000000000000     
 ----------The Max Residuals are--------  ---Mesh---           1
    0.3704374408E-03    0.7738446765E-03    0.1528127393E-03    0.1115644342E-19    0.3743257365E-03
   The R.M.S Residuals are 
    0.4468501645E-04    0.9708830017E-04    0.2197620442E-04    0.1793893723E-20    0.5197784484E-04
 CPU wall time in this step:   3.3842162000000009E-002
 Averaged CPU wall time is:   5.7480426428571429E-002
   DBG iter           1  maxU2=   30.000000000000000       maxFi=   9.9473079320030349E-005  maxFj=   5.2101595860121490E-004  Fi(21,1,1)=   0.0000000000000000       Fi(21,21,1)=   0.0000000000000000       Fi(41,21,1)=   0.0000000000000000     
   DBG div max=   7.4974611391894202E-005  res_p=   7.8529489090849668E-006
   SIMPLE iter           1  res_p=   7.8529489090849668E-006  u(1,1,1)=  -1.5088215190343101E-002  p(1,1,1)=   2045.9978783024198     
   DBG iter           2  maxU2=   30.000000000000000       maxFi=   1.0049948434736320E-004  maxFj=   5.1895718243685134E-004  Fi(21,1,1)=   0.0000000000000000       Fi(21,21,1)=   0.0000000000000000       Fi(41,21,1)=   0.0000000000000000     
   DBG div max=   7.4974611391894202E-005  res_p=   1.1542715490904119E-005
   SIMPLE iter           2  res_p=   1.1542715490904119E-005  u(1,1,1)=  -1.6677179077355938E-002  p(1,1,1)=   2045.9979064898623     
   DBG iter           3  maxU2=   30.000000000000000       maxFi=   1.0427866200718859E-004  maxFj=   5.3919796554135330E-004  Fi(21,1,1)=   0.0000000000000000       Fi(21,21,1)=   0.0000000000000000       Fi(41,21,1)=   0.0000000000000000     
   DBG div max=   7.4974611391894202E-005  res_p=   9.1388610752349926E-006
   SIMPLE iter           3  res_p=   9.1388610752349926E-006  u(1,1,1)=  -1.7393686142239299E-002  p(1,1,1)=   2045.9978084363111     
   SIMPLE iter           4  res_p=   9.3158524145829581E-006  u(1,1,1)=  -1.7652961950515553E-002  p(1,1,1)=   2045.9977483985017     
   SIMPLE iter           5  res_p=   9.4641791454471639E-006  u(1,1,1)=  -1.8080524263594563E-002  p(1,1,1)=   2045.9976713166454     
 DEBUG T iter          50 min   107.53895495353609      max   171.54230976439825     
 Low-speed solver Block           1  SIMPLE iterations:          61  res_p:   3.6059593750532642E-005
 --------------Force and Moment -----------------------------
 Total Force Coefficient (CL, CD, CS) =
  -6.4162715383341867E-002  0.14836322085847056        2.2190956727341101E-020
 Total Moment Coefficient(CMx, CMy, CMz)=
   1.6040678845835467E-002   3.7090805214617641E-002  -2.9708259557262705E-002
 Kstep, t=           8   8.0000000000000000     
 ----------The Max Residuals are--------  ---Mesh---           1
    0.3490141997E-03    0.7304579646E-03    0.1391020560E-03    0.1085309431E-19    0.3963069425E-03
   The R.M.S Residuals are 
    0.4623103449E-04    0.8834195302E-04    0.2201529558E-04    0.1926179846E-20    0.5151180669E-04
 CPU wall time in this step:  0.10245397099999998     
 Averaged CPU wall time is:   6.3102119499999998E-002
   DBG iter           1  maxU2=   30.000000000000000       maxFi=   4.3901859170633514E-004  maxFj=   1.8420606579809145E-003  Fi(21,1,1)=   0.0000000000000000       Fi(21,21,1)=   0.0000000000000000       Fi(41,21,1)=   0.0000000000000000     
   DBG div max=   7.4974611391894202E-005  res_p=   4.8688421505000410E-005
   SIMPLE iter           1  res_p=   4.8688421505000410E-005  u(1,1,1)=  -4.7692329006727180E-002  p(1,1,1)=   2045.9894426063549     
   DBG iter           2  maxU2=   30.000000000000000       maxFi=   4.0505836213878383E-004  maxFj=   1.5543436979554616E-003  Fi(21,1,1)=   0.0000000000000000       Fi(21,21,1)=   0.0000000000000000       Fi(41,21,1)=   0.0000000000000000     
   DBG div max=   7.4974611391894202E-005  res_p=   6.7042574594834399E-005
   SIMPLE iter           2  res_p=   6.7042574594834399E-005  u(1,1,1)=  -6.7247116452205144E-002  p(1,1,1)=   2045.9913619347369     
   DBG iter           3  maxU2=   30.000000000000000       maxFi=   4.4209798092002079E-004  maxFj=   1.7272678258973442E-003  Fi(21,1,1)=   0.0000000000000000       Fi(21,21,1)=   0.0000000000000000       Fi(41,21,1)=   0.0000000000000000     
   DBG div max=   7.4974611391894202E-005  res_p=   3.5852672971181231E-005
   SIMPLE iter           3  res_p=   3.5852672971181231E-005  u(1,1,1)=  -6.9441632639049664E-002  p(1,1,1)=   2045.9909384491502     
   SIMPLE iter           4  res_p=   3.6489562432602996E-005  u(1,1,1)=  -6.6308227008117684E-002  p(1,1,1)=   2045.9910328700546     
   SIMPLE iter           5  res_p=   3.5552053434473861E-005  u(1,1,1)=  -6.4634520525281930E-002  p(1,1,1)=   2045.9909357499537     
 DEBUG T iter          50 min   107.07475596157664      max   175.42734537809145     
 Low-speed solver Block           1  SIMPLE iterations:          61  res_p:   6.3783382900437684E-005
 --------------Force and Moment -----------------------------
 Total Force Coefficient (CL, CD, CS) =
  -6.2387009991705690E-002  0.12975899504744376        1.8013816995818603E-020
 Total Moment Coefficient(CMx, CMy, CMz)=
   1.5596752497926421E-002   3.2439748761860940E-002  -2.8886072937547844E-002
 Kstep, t=           9   9.0000000000000000     
 ----------The Max Residuals are--------  ---Mesh---           1
    0.3250941013E-03    0.6680125964E-03    0.1420249627E-03    0.1514312116E-19    0.3863513259E-03
   The R.M.S Residuals are 
    0.4726741868E-04    0.8301200667E-04    0.2185119899E-04    0.1955675557E-20    0.5105213692E-04
 CPU wall time in this step:  0.10837276799999995     
 Averaged CPU wall time is:   6.8132191555555555E-002
   DBG iter           1  maxU2=   30.000000000000000       maxFi=   9.6802591794241117E-004  maxFj=   4.1300203493580198E-003  Fi(21,1,1)=   0.0000000000000000       Fi(21,21,1)=   0.0000000000000000       Fi(41,21,1)=   0.0000000000000000     
   DBG div max=   3.0566689699648838E-004  res_p=   3.0566689699648838E-004
   SIMPLE iter           1  res_p=   3.0566689699648838E-004  u(1,1,1)=  -4.8879985392863562E-002  p(1,1,1)=   2045.9722402602133     
   DBG iter           2  maxU2=   30.000000000000000       maxFi=   7.0839639882804895E-004  maxFj=   2.5064676502462233E-003  Fi(21,1,1)=   0.0000000000000000       Fi(21,21,1)=   0.0000000000000000       Fi(41,21,1)=   0.0000000000000000     
   DBG div max=   2.7282646759034567E-004  res_p=   2.7282646759034567E-004
   SIMPLE iter           2  res_p=   2.7282646759034567E-004  u(1,1,1)= -0.11394477197993991       p(1,1,1)=   2045.9816743607164     
   DBG iter           3  maxU2=   30.000000000000000       maxFi=   8.1068079179608121E-004  maxFj=   3.2633686136426718E-003  Fi(21,1,1)=   0.0000000000000000       Fi(21,21,1)=   0.0000000000000000       Fi(41,21,1)=   0.0000000000000000     
   DBG div max=   7.4974611391894202E-005  res_p=   7.2410645066989373E-005
   SIMPLE iter           3  res_p=   7.2410645066989373E-005  u(1,1,1)= -0.11885761715791709       p(1,1,1)=   2045.9805877890619     
   SIMPLE iter           4  res_p=   7.6808166480275787E-005  u(1,1,1)= -0.10629226264814284       p(1,1,1)=   2045.9811480930391     
   SIMPLE iter           5  res_p=   4.8067039568455445E-005  u(1,1,1)=  -9.8030303878657341E-002  p(1,1,1)=   2045.9814316464824     
 DEBUG T iter          50 min   107.01475447346164      max   178.92742537772062     
 Low-speed solver Block           1  SIMPLE iterations:          61  res_p:   7.0821777428134013E-005
 --------------Force and Moment -----------------------------
 Total Force Coefficient (CL, CD, CS) =
  -6.0847182376544920E-002  0.11581722042141246        2.1353972272815714E-020
 Total Moment Coefficient(CMx, CMy, CMz)=
   1.5211795594136227E-002   2.8954305105353115E-002  -2.8173101147120343E-002
 Kstep, t=          10   10.000000000000000     
 ----------The Max Residuals are--------  ---Mesh---           1
    0.3011691317E-03    0.5995723282E-03    0.1317286082E-03    0.1272897515E-19    0.3614167827E-03
   The R.M.S Residuals are 
    0.4847613232E-04    0.7975837284E-04    0.2176169463E-04    0.2016558057E-20    0.5107368663E-04
 write flow3d.dat ......
 write flow3d.dat OK
 write VTK files ......
 write merged flow3d.vtk OK: points=       18406  cells=        8760
 write VTK files OK
 CPU wall time in this step:  0.19103341300000010     
 Averaged CPU wall time is:   8.0422313699999998E-002
   DBG iter           1  maxU2=   30.000000000000000       maxFi=   2.1490377339703050E-003  maxFj=   6.8486980877173181E-003  Fi(21,1,1)=   0.0000000000000000       Fi(21,21,1)=   0.0000000000000000       Fi(41,21,1)=   0.0000000000000000     
   DBG div max=   1.0500879180515752E-003  res_p=   1.0500879180515752E-003
   SIMPLE iter           1  res_p=   1.0500879180515752E-003  u(1,1,1)=  -3.9691925722608712E-002  p(1,1,1)=   2045.9640700341179     
   DBG iter           2  maxU2=   30.000000000000000       maxFi=   9.8233535593151384E-004  maxFj=   2.8989229475246663E-003  Fi(21,1,1)=   0.0000000000000000       Fi(21,21,1)=   0.0000000000000000       Fi(41,21,1)=   0.0000000000000000     
   DBG div max=   6.6224386684232608E-004  res_p=   6.6224386684232608E-004
   SIMPLE iter           2  res_p=   6.6224386684232608E-004  u(1,1,1)= -0.14113790996574127       p(1,1,1)=   2045.9801738989909     
   DBG iter           3  maxU2=   30.000000000000000       maxFi=   9.6408097709441924E-004  maxFj=   4.6867887880730650E-003  Fi(21,1,1)=   0.0000000000000000       Fi(21,21,1)=   0.0000000000000000       Fi(41,21,1)=   0.0000000000000000     
   DBG div max=   1.7855942316113288E-004  res_p=   1.7855942316113288E-004
   SIMPLE iter           3  res_p=   1.7855942316113288E-004  u(1,1,1)= -0.14931576906509930       p(1,1,1)=   2045.9792514380504     
   SIMPLE iter           4  res_p=   1.7560229567405248E-004  u(1,1,1)= -0.12918726847742965       p(1,1,1)=   2045.9802564933132     
   SIMPLE iter           5  res_p=   1.2810046883450564E-004  u(1,1,1)= -0.11692987446855070       p(1,1,1)=   2045.9813241304673     
 DEBUG T iter          50 min   107.00779220676219      max   181.85841133530585     
 Low-speed solver Block           1  SIMPLE iterations:          61  res_p:   6.3327393070468710E-005
 --------------Force and Moment -----------------------------
 Total Force Coefficient (CL, CD, CS) =
  -5.9463699579272791E-002  0.10514797682736218        1.3943056228381866E-020
 Total Moment Coefficient(CMx, CMy, CMz)=
   1.4865924894818201E-002   2.6286994206840546E-002  -2.7532520070925048E-002
 Kstep, t=          11   11.000000000000000     
 ----------The Max Residuals are--------  ---Mesh---           1
    0.2789733341E-03    0.5313226749E-03    0.1309072650E-03    0.1460626478E-19    0.3295746714E-03
   The R.M.S Residuals are 
    0.4933965030E-04    0.7725817873E-04    0.2182571366E-04    0.2065447322E-20    0.5091332054E-04
 CPU wall time in this step:  0.10417428899999992     
 Averaged CPU wall time is:   8.2581584181818171E-002
   DBG iter           1  maxU2=   30.000000000000000       maxFi=   3.4189777008912857E-003  maxFj=   9.2119764553773298E-003  Fi(21,1,1)=   0.0000000000000000       Fi(21,21,1)=   0.0000000000000000       Fi(41,21,1)=   0.0000000000000000     
   DBG div max=   1.9544710570442388E-003  res_p=   1.9544710570442388E-003
   SIMPLE iter           1  res_p=   1.9544710570442388E-003  u(1,1,1)=  -4.0785879688868293E-002  p(1,1,1)=   2045.9709579295125     
   DBG iter           2  maxU2=   30.000000000000000       maxFi=   1.1387199632177719E-003  maxFj=   3.0653371739434469E-003  Fi(21,1,1)=   0.0000000000000000       Fi(21,21,1)=   0.0000000000000000       Fi(41,21,1)=   0.0000000000000000     
   DBG div max=   1.0571267390842996E-003  res_p=   1.0571267390842996E-003
   SIMPLE iter           2  res_p=   1.0571267390842996E-003  u(1,1,1)= -0.15912879487027909       p(1,1,1)=   2045.9894952215809     
   DBG iter           3  maxU2=   30.000000000000000       maxFi=   1.1002597749825455E-003  maxFj=   5.9274353747842869E-003  Fi(21,1,1)=   0.0000000000000000       Fi(21,21,1)=   0.0000000000000000       Fi(41,21,1)=   0.0000000000000000     
   DBG div max=   4.6964818881152504E-004  res_p=   4.6964818881152504E-004
   SIMPLE iter           3  res_p=   4.6964818881152504E-004  u(1,1,1)= -0.16897375390232663       p(1,1,1)=   2045.9887389034313     
   SIMPLE iter           4  res_p=   2.9535197800141175E-004  u(1,1,1)= -0.14576194137964718       p(1,1,1)=   2045.9897183100084     
   SIMPLE iter           5  res_p=   2.0017705298038327E-004  u(1,1,1)= -0.13233056339363805       p(1,1,1)=   2045.9908972876308     
 DEBUG T iter          50 min   107.00567093659373      max   184.39095233947913     
 Low-speed solver Block           1  SIMPLE iterations:          61  res_p:   5.3285112556758323E-005
 --------------Force and Moment -----------------------------
 Total Force Coefficient (CL, CD, CS) =
  -5.8179966093472799E-002   9.6791856685839089E-002   3.1697623021192262E-021
 Total Moment Coefficient(CMx, CMy, CMz)=
   1.4544991523368203E-002   2.4197964171459772E-002  -2.6938125200293345E-002
 Kstep, t=          12   12.000000000000000     
 ----------The Max Residuals are--------  ---Mesh---           1
    0.2626149858E-03    0.4785941653E-03    0.1245490944E-03    0.1708090483E-19    0.2950887058E-03
   The R.M.S Residuals are 
    0.5006622597E-04    0.7529185565E-04    0.2179073358E-04    0.2141865080E-20    0.5081449236E-04
 CPU wall time in this step:  0.10194455700000005     
 Averaged CPU wall time is:   8.4195165249999995E-002
   DBG iter           1  maxU2=   30.000000000000000       maxFi=   4.4316991819166023E-003  maxFj=   1.0895224766130420E-002  Fi(21,1,1)=   0.0000000000000000       Fi(21,21,1)=   0.0000000000000000       Fi(41,21,1)=   0.0000000000000000     
   DBG div max=   2.6664379414569508E-003  res_p=   2.6664379414569508E-003
   SIMPLE iter           1  res_p=   2.6664379414569508E-003  u(1,1,1)=  -4.0991692026839818E-002  p(1,1,1)=   2045.9704381759086     
   DBG iter           2  maxU2=   30.000000000000000       maxFi=   1.4605651476516011E-003  maxFj=   3.1673532613775801E-003  Fi(21,1,1)=   0.0000000000000000       Fi(21,21,1)=   0.0000000000000000       Fi(41,21,1)=   0.0000000000000000     
   DBG div max=   1.3575728126808862E-003  res_p=   1.3575728126808862E-003
   SIMPLE iter           2  res_p=   1.3575728126808862E-003  u(1,1,1)= -0.16875929718165281       p(1,1,1)=   2045.9905044422967     
   DBG iter           3  maxU2=   30.000000000000000       maxFi=   1.1715898500511000E-003  maxFj=   7.0416122245937377E-003  Fi(21,1,1)=   0.0000000000000000       Fi(21,21,1)=   0.0000000000000000       Fi(41,21,1)=   0.0000000000000000     
   DBG div max=   8.2915609988132560E-004  res_p=   8.2915609988132560E-004
   SIMPLE iter           3  res_p=   8.2915609988132560E-004  u(1,1,1)= -0.18012703533241353       p(1,1,1)=   2045.9899045766178     
   SIMPLE iter           4  res_p=   4.8917031402806194E-004  u(1,1,1)= -0.15475469672985900       p(1,1,1)=   2045.9908527325117     
   SIMPLE iter           5  res_p=   3.8489183918850780E-004  u(1,1,1)= -0.14100523622913239       p(1,1,1)=   2045.9921574503151     
 DEBUG T iter          50 min   107.00481203519914      max   186.58241687465642     
 Low-speed solver Block           1  SIMPLE iterations:          61  res_p:   4.6178777468160615E-005
 --------------Force and Moment -----------------------------
 Total Force Coefficient (CL, CD, CS) =
  -5.6957246803328934E-002   9.0080650399585599E-002   9.6613577789945651E-021
 Total Moment Coefficient(CMx, CMy, CMz)=
   1.4239311700832234E-002   2.2520162599896400E-002  -2.6371981499573746E-002
 Kstep, t=          13   13.000000000000000     
 ----------The Max Residuals are--------  ---Mesh---           1
    0.2466150919E-03    0.4568897573E-03    0.1212890442E-03    0.1455263860E-19    0.2953993606E-03
   The R.M.S Residuals are 
    0.5088507115E-04    0.7385876691E-04    0.2187778044E-04    0.2163680393E-20    0.5091174547E-04
 CPU wall time in this step:  0.10247781099999997     
 Averaged CPU wall time is:   8.5601522615384618E-002
   DBG iter           1  maxU2=   30.000000000000000       maxFi=   5.1349906440807539E-003  maxFj=   1.1974768550977464E-002  Fi(21,1,1)=   0.0000000000000000       Fi(21,21,1)=   0.0000000000000000       Fi(41,21,1)=   0.0000000000000000     
   DBG div max=   3.1470361466017609E-003  res_p=   3.1470361466017609E-003
   SIMPLE iter           1  res_p=   3.1470361466017609E-003  u(1,1,1)=  -4.1304077654539618E-002  p(1,1,1)=   2045.9703521210411     
   DBG iter           2  maxU2=   30.000000000000000       maxFi=   1.7379466590395991E-003  maxFj=   3.2802460075183641E-003  Fi(21,1,1)=   0.0000000000000000       Fi(21,21,1)=   0.0000000000000000       Fi(41,21,1)=   0.0000000000000000     
   DBG div max=   1.5723414121812406E-003  res_p=   1.5723414121812406E-003
   SIMPLE iter           2  res_p=   1.5723414121812406E-003  u(1,1,1)= -0.17433589377187020       p(1,1,1)=   2045.9912945743404     
   DBG iter           3  maxU2=   30.000000000000000       maxFi=   1.2376145534655988E-003  maxFj=   7.9269117893303979E-003  Fi(21,1,1)=   0.0000000000000000       Fi(21,21,1)=   0.0000000000000000       Fi(41,21,1)=   0.0000000000000000     
   DBG div max=   1.1513779218992586E-003  res_p=   1.1513779218992586E-003
   SIMPLE iter           3  res_p=   1.1513779218992586E-003  u(1,1,1)= -0.18685215114738102       p(1,1,1)=   2045.9908858015974     
   SIMPLE iter           4  res_p=   6.6201266337927514E-004  u(1,1,1)= -0.16005682048262992       p(1,1,1)=   2045.9918186706705     
   SIMPLE iter           5  res_p=   5.7536572346746605E-004  u(1,1,1)= -0.14639664642522915       p(1,1,1)=   2045.9932819456194     
 DEBUG T iter          50 min   107.00444010912622      max   188.50594193031964     
 Low-speed solver Block           1  SIMPLE iterations:          61  res_p:   4.1726425931325976E-005
 --------------Force and Moment -----------------------------
 Total Force Coefficient (CL, CD, CS) =
  -5.5779005729084341E-002   8.4557693170727227E-002   1.2965369796054835E-020
 Total Moment Coefficient(CMx, CMy, CMz)=
   1.3944751432271082E-002   2.1139423292681807E-002  -2.5826432152467410E-002
 Kstep, t=          14   14.000000000000000     
 ----------The Max Residuals are--------  ---Mesh---           1
    0.2453414114E-03    0.4301694139E-03    0.1162351836E-03    0.1876419153E-19    0.2866095410E-03
   The R.M.S Residuals are 
    0.5148070515E-04    0.7259672299E-04    0.2194641272E-04    0.2244020493E-20    0.5088558349E-04
 CPU wall time in this step:  0.10099604600000012     
 Averaged CPU wall time is:   8.6701131428571429E-002
   DBG iter           1  maxU2=   30.000000000000000       maxFi=   5.5887480203497186E-003  maxFj=   1.2637405437881789E-002  Fi(21,1,1)=   0.0000000000000000       Fi(21,21,1)=   0.0000000000000000       Fi(41,21,1)=   0.0000000000000000     
   DBG div max=   3.4488254718990489E-003  res_p=   3.4488254718990489E-003
   SIMPLE iter           1  res_p=   3.4488254718990489E-003  u(1,1,1)=  -4.1495573671419893E-002  p(1,1,1)=   2045.9705458082865     
   DBG iter           2  maxU2=   30.000000000000000       maxFi=   1.9237680002966535E-003  maxFj=   3.3578560574518634E-003  Fi(21,1,1)=   0.0000000000000000       Fi(21,21,1)=   0.0000000000000000       Fi(41,21,1)=   0.0000000000000000     
   DBG div max=   1.7322596431173791E-003  res_p=   1.7322596431173791E-003
   SIMPLE iter           2  res_p=   1.7322596431173791E-003  u(1,1,1)= -0.17730168465390070       p(1,1,1)=   2045.9919228163683     
   DBG iter           3  maxU2=   30.000000000000000       maxFi=   1.3837238482972310E-003  maxFj=   8.5596050863048345E-003  Fi(21,1,1)=   0.0000000000000000       Fi(21,21,1)=   0.0000000000000000       Fi(41,21,1)=   0.0000000000000000     
   DBG div max=   1.3950245697836455E-003  res_p=   1.3950245697836455E-003
   SIMPLE iter           3  res_p=   1.3950245697836455E-003  u(1,1,1)= -0.19053799660363399       p(1,1,1)=   2045.9916291349944     
   SIMPLE iter           4  res_p=   7.8982571638413742E-004  u(1,1,1)= -0.16284382250851043       p(1,1,1)=   2045.9925172009603     
   SIMPLE iter           5  res_p=   7.3896490856133375E-004  u(1,1,1)= -0.14940430441711633       p(1,1,1)=   2045.9940822070962     
 DEBUG T iter          50 min   107.00428231018884      max   190.20944234684353     
 Low-speed solver Block           1  SIMPLE iterations:          61  res_p:   3.9602665951119897E-005
 --------------Force and Moment -----------------------------
 Total Force Coefficient (CL, CD, CS) =
  -5.4636121115302916E-002   7.9908621052876092E-002   1.0920394765932904E-020
 Total Moment Coefficient(CMx, CMy, CMz)=
   1.3659030278825731E-002   1.9977155263219023E-002  -2.5297253101604529E-002
 Kstep, t=          15   15.000000000000000     
 ----------The Max Residuals are--------  ---Mesh---           1
    0.2400684578E-03    0.4004024953E-03    0.1128847490E-03    0.1718108416E-19    0.2716142129E-03
   The R.M.S Residuals are 
    0.5211172021E-04    0.7165318180E-04    0.2198063492E-04    0.2335372630E-20    0.5095981191E-04
 CPU wall time in this step:  0.10378312599999995     
 Averaged CPU wall time is:   8.7839931066666668E-002
   DBG iter           1  maxU2=   30.000000000000000       maxFi=   5.8696514697333252E-003  maxFj=   1.3036111945842723E-002  Fi(21,1,1)=   0.0000000000000000       Fi(21,21,1)=   0.0000000000000000       Fi(41,21,1)=   0.0000000000000000     
   DBG div max=   3.6314003383531661E-003  res_p=   3.6314003383531661E-003
   SIMPLE iter           1  res_p=   3.6314003383531661E-003  u(1,1,1)=  -4.1594079485162583E-002  p(1,1,1)=   2045.9705390361037     
   DBG iter           2  maxU2=   30.000000000000000       maxFi=   2.0406555956976372E-003  maxFj=   3.4001985179888403E-003  Fi(21,1,1)=   0.0000000000000000       Fi(21,21,1)=   0.0000000000000000       Fi(41,21,1)=   0.0000000000000000     
   DBG div max=   1.8304149137432571E-003  res_p=   1.8304149137432571E-003
   SIMPLE iter           2  res_p=   1.8304149137432571E-003  u(1,1,1)= -0.17894805317860696       p(1,1,1)=   2045.9921604425444     
   DBG iter           3  maxU2=   30.000000000000000       maxFi=   1.4827257669198014E-003  maxFj=   8.9804522105008562E-003  Fi(21,1,1)=   0.0000000000000000       Fi(21,21,1)=   0.0000000000000000       Fi(41,21,1)=   0.0000000000000000     
   DBG div max=   1.5618100516472050E-003  res_p=   1.5618100516472050E-003
   SIMPLE iter           3  res_p=   1.5618100516472050E-003  u(1,1,1)= -0.19263727146988943       p(1,1,1)=   2045.9919427227946     
   SIMPLE iter           4  res_p=   8.7527909910297200E-004  u(1,1,1)= -0.16437694154043309       p(1,1,1)=   2045.9927971153536     
   SIMPLE iter           5  res_p=   8.6194979891204056E-004  u(1,1,1)= -0.15112734226954558       p(1,1,1)=   2045.9944353901240     
 DEBUG T iter          50 min   107.00422800193087      max   191.73217474119565     
 Low-speed solver Block           1  SIMPLE iterations:          61  res_p:   3.8518971295605983E-005
 --------------Force and Moment -----------------------------
 Total Force Coefficient (CL, CD, CS) =
  -5.3550573697008205E-002   7.5921768316732974E-002   8.7740769267402375E-021
 Total Moment Coefficient(CMx, CMy, CMz)=
   1.3387643424252057E-002   1.8980442079183243E-002  -2.4794623313945226E-002
 Kstep, t=          16   16.000000000000000     
 ----------The Max Residuals are--------  ---Mesh---           1
    0.2314273568E-03    0.3827079435E-03    0.1081696790E-03    0.1768584205E-19    0.2568775057E-03
   The R.M.S Residuals are 
    0.5268285626E-04    0.7089480247E-04    0.2206246523E-04    0.2301944288E-20    0.5109235811E-04
 CPU wall time in this step:  0.10253620299999988     
 Averaged CPU wall time is:   8.8758448062499995E-002
   DBG iter           1  maxU2=   30.000000000000000       maxFi=   6.0396422924175203E-003  maxFj=   1.3273526270605502E-002  Fi(21,1,1)=   0.0000000000000000       Fi(21,21,1)=   0.0000000000000000       Fi(41,21,1)=   0.0000000000000000     
   DBG div max=   3.7400863717419876E-003  res_p=   3.7400863717419876E-003
   SIMPLE iter           1  res_p=   3.7400863717419876E-003  u(1,1,1)=  -4.1641819217431431E-002  p(1,1,1)=   2045.9705390556076     
   DBG iter           2  maxU2=   30.000000000000000       maxFi=   2.1122167974607711E-003  maxFj=   3.4236945173412234E-003  Fi(21,1,1)=   0.0000000000000000       Fi(21,21,1)=   0.0000000000000000       Fi(41,21,1)=   0.0000000000000000     
   DBG div max=   1.8894030420457289E-003  res_p=   1.8894030420457289E-003
   SIMPLE iter           2  res_p=   1.8894030420457289E-003  u(1,1,1)= -0.17986397929819464       p(1,1,1)=   2045.9922956975311     
   DBG iter           3  maxU2=   30.000000000000000       maxFi=   1.5462237924613064E-003  maxFj=   9.2473517610034417E-003  Fi(21,1,1)=   0.0000000000000000       Fi(21,21,1)=   0.0000000000000000       Fi(41,21,1)=   0.0000000000000000     
   DBG div max=   1.6691560144808833E-003  res_p=   1.6691560144808833E-003
   SIMPLE iter           3  res_p=   1.6691560144808833E-003  u(1,1,1)= -0.19382796386600171       p(1,1,1)=   2045.9921253756402     
   SIMPLE iter           4  res_p=   9.2802594249068475E-004  u(1,1,1)= -0.16522038375439446       p(1,1,1)=   2045.9929558511305     
   SIMPLE iter           5  res_p=   9.4626401182573792E-004  u(1,1,1)= -0.15210774798153071       p(1,1,1)=   2045.9946419816267     
 DEBUG T iter          50 min   107.00422627583424      max   193.10391078784636     
 Low-speed solver Block           1  SIMPLE iterations:          61  res_p:   3.7968795464894244E-005
 --------------Force and Moment -----------------------------
 Total Force Coefficient (CL, CD, CS) =
  -5.2558566351275468E-002   7.2459862609575723E-002   6.6459675155882769E-021
 Total Moment Coefficient(CMx, CMy, CMz)=
   1.3139641587818867E-002   1.8114965652393931E-002  -2.4335305517810275E-002
 Kstep, t=          17   17.000000000000000     
 ----------The Max Residuals are--------  ---Mesh---           1
    0.2274984129E-03    0.3689807131E-03    0.1056841008E-03    0.2299049024E-19    0.2526785471E-03
   The R.M.S Residuals are 
    0.5312096091E-04    0.7020631827E-04    0.2207646982E-04    0.2426768332E-20    0.5108718181E-04
 CPU wall time in this step:  0.10752283299999998     
 Averaged CPU wall time is:   8.9862235411764704E-002
   DBG iter           1  maxU2=   30.000000000000000       maxFi=   6.1411942630984562E-003  maxFj=   1.3414202371137827E-002  Fi(21,1,1)=   0.0000000000000000       Fi(21,21,1)=   0.0000000000000000       Fi(41,21,1)=   0.0000000000000000     
   DBG div max=   3.8042705509327515E-003  res_p=   3.8042705509327515E-003
   SIMPLE iter           1  res_p=   3.8042705509327515E-003  u(1,1,1)=  -4.1656149313614159E-002  p(1,1,1)=   2045.9705328713430     
   DBG iter           2  maxU2=   30.000000000000000       maxFi=   2.1552988097002963E-003  maxFj=   3.4369047305999709E-003  Fi(21,1,1)=   0.0000000000000000       Fi(21,21,1)=   0.0000000000000000       Fi(41,21,1)=   0.0000000000000000     
   DBG div max=   1.9244482162241549E-003  res_p=   1.9244482162241549E-003
   SIMPLE iter           2  res_p=   1.9244482162241549E-003  u(1,1,1)= -0.18036721947273809       p(1,1,1)=   2045.9923646443956     
   DBG iter           3  maxU2=   30.000000000000000       maxFi=   1.5856030479653438E-003  maxFj=   9.4117315781826454E-003  Fi(21,1,1)=   0.0000000000000000       Fi(21,21,1)=   0.0000000000000000       Fi(41,21,1)=   0.0000000000000000     
   DBG div max=   1.7357996324599912E-003  res_p=   1.7357996324599912E-003
   SIMPLE iter           3  res_p=   1.7357996324599912E-003  u(1,1,1)= -0.19449617283854584       p(1,1,1)=   2045.9922230349866     
   SIMPLE iter           4  res_p=   9.6051981007786282E-004  u(1,1,1)= -0.16567878047527534       p(1,1,1)=   2045.9930372894523     
   SIMPLE iter           5  res_p=   1.0008526481591990E-003  u(1,1,1)= -0.15265764514129365       p(1,1,1)=   2045.9947535684228     
 DEBUG T iter          50 min   107.00425144697051      max   194.34775730047690     
 Low-speed solver Block           1  SIMPLE iterations:          61  res_p:   3.7687187049734432E-005
 --------------Force and Moment -----------------------------
 Total Force Coefficient (CL, CD, CS) =
  -5.1608941553163132E-002   6.9406321055759085E-002   1.0152608798202250E-021
 Total Moment Coefficient(CMx, CMy, CMz)=
   1.2902235388290779E-002   1.7351580263939771E-002  -2.3895612219312894E-002
 Kstep, t=          18   18.000000000000000     
 ----------The Max Residuals are--------  ---Mesh---           1
    0.2232904490E-03    0.3514199381E-03    0.1036252625E-03    0.1776583300E-19    0.2428609500E-03
   The R.M.S Residuals are 
    0.5357936928E-04    0.6967832732E-04    0.2211752957E-04    0.2445080735E-20    0.5114954589E-04
 CPU wall time in this step:  0.10450057000000013     
 Averaged CPU wall time is:   9.0675476222222218E-002
   DBG iter           1  maxU2=   30.000000000000000       maxFi=   6.2014145092131158E-003  maxFj=   1.3497253601223122E-002  Fi(21,1,1)=   0.0000000000000000       Fi(21,21,1)=   0.0000000000000000       Fi(41,21,1)=   0.0000000000000000     
   DBG div max=   3.8420527942774319E-003  res_p=   3.8420527942774319E-003
   SIMPLE iter           1  res_p=   3.8420527942774319E-003  u(1,1,1)=  -4.1656965959794082E-002  p(1,1,1)=   2045.9705266832470     
   DBG iter           2  maxU2=   30.000000000000000       maxFi=   2.1809575987458162E-003  maxFj=   3.4444395592956169E-003  Fi(21,1,1)=   0.0000000000000000       Fi(21,21,1)=   0.0000000000000000       Fi(41,21,1)=   0.0000000000000000     
   DBG div max=   1.9451466681757348E-003  res_p=   1.9451466681757348E-003
   SIMPLE iter           2  res_p=   1.9451466681757348E-003  u(1,1,1)= -0.18064502697358487       p(1,1,1)=   2045.9924005226053     
   DBG iter           3  maxU2=   30.000000000000000       maxFi=   1.6094851736876128E-003  maxFj=   9.5110508212353055E-003  Fi(21,1,1)=   0.0000000000000000       Fi(21,21,1)=   0.0000000000000000       Fi(41,21,1)=   0.0000000000000000     
   DBG div max=   1.7762467635805647E-003  res_p=   1.7762467635805647E-003
   SIMPLE iter           3  res_p=   1.7762467635805647E-003  u(1,1,1)= -0.19487238978072444       p(1,1,1)=   2045.9922762532233     
   SIMPLE iter           4  res_p=   9.8014297092270273E-004  u(1,1,1)= -0.16592927609679944       p(1,1,1)=   2045.9930800459263     
   SIMPLE iter           5  res_p=   1.0348646381135185E-003  u(1,1,1)= -0.15296603627940245       p(1,1,1)=   2045.9948148520957     
 DEBUG T iter          50 min   107.00428982549730      max   195.48243998948132     
 Low-speed solver Block           1  SIMPLE iterations:          61  res_p:   3.7536624260863828E-005
 --------------Force and Moment -----------------------------
 Total Force Coefficient (CL, CD, CS) =
  -5.0693599319025673E-002   6.6681541643690417E-002  -2.5192128855989283E-021
 Total Moment Coefficient(CMx, CMy, CMz)=
   1.2673399829756418E-002   1.6670385410922604E-002  -2.3471792553422278E-002
 Kstep, t=          19   19.000000000000000     
 ----------The Max Residuals are--------  ---Mesh---           1
    0.2161791513E-03    0.3336942122E-03    0.1006962833E-03    0.1913295252E-19    0.2328487845E-03
   The R.M.S Residuals are 
    0.5396284752E-04    0.6920007131E-04    0.2214893746E-04    0.2438192863E-20    0.5116473351E-04
 CPU wall time in this step:  0.10237513600000003     
 Averaged CPU wall time is:   9.1291247789473687E-002
   DBG iter           1  maxU2=   30.000000000000000       maxFi=   6.2369884277397279E-003  maxFj=   1.3546192049024807E-002  Fi(21,1,1)=   0.0000000000000000       Fi(21,21,1)=   0.0000000000000000       Fi(41,21,1)=   0.0000000000000000     
   DBG div max=   3.8642729106641801E-003  res_p=   3.8642729106641801E-003
   SIMPLE iter           1  res_p=   3.8642729106641801E-003  u(1,1,1)=  -4.1653475035687698E-002  p(1,1,1)=   2045.9705223210574     
   DBG iter           2  maxU2=   30.000000000000000       maxFi=   2.1961406704241325E-003  maxFj=   3.4487909778404616E-003  Fi(21,1,1)=   0.0000000000000000       Fi(21,21,1)=   0.0000000000000000       Fi(41,21,1)=   0.0000000000000000     
   DBG div max=   1.9573457076692865E-003  res_p=   1.9573457076692865E-003
   SIMPLE iter           2  res_p=   1.9573457076692865E-003  u(1,1,1)= -0.18079845557144872       p(1,1,1)=   2045.9924196686727     
   DBG iter           3  maxU2=   30.000000000000000       maxFi=   1.6237684176432883E-003  maxFj=   9.5703620700496352E-003  Fi(21,1,1)=   0.0000000000000000       Fi(21,21,1)=   0.0000000000000000       Fi(41,21,1)=   0.0000000000000000     
   DBG div max=   1.8004547122348448E-003  res_p=   1.8004547122348448E-003
   SIMPLE iter           3  res_p=   1.8004547122348448E-003  u(1,1,1)= -0.19508406967647809       p(1,1,1)=   2045.9923057250344     
   SIMPLE iter           4  res_p=   9.9185194344431288E-004  u(1,1,1)= -0.16606672169497977       p(1,1,1)=   2045.9931030100668     
   SIMPLE iter           5  res_p=   1.0555441652100499E-003  u(1,1,1)= -0.15313887267817500       p(1,1,1)=   2045.9948488792609     
 DEBUG T iter          50 min   107.00433393250606      max   196.52363611221523     
 Low-speed solver Block           1  SIMPLE iterations:          61  res_p:   3.7452202662254051E-005
 --------------Force and Moment -----------------------------
 Total Force Coefficient (CL, CD, CS) =
  -4.9812463416493022E-002   6.4226345049396602E-002  -9.4746314880195127E-021
 Total Moment Coefficient(CMx, CMy, CMz)=
   1.2453115854123257E-002   1.6056586262349151E-002  -2.3063810838605703E-002
 Kstep, t=          20   20.000000000000000     
 ----------The Max Residuals are--------  ---Mesh---           1
    0.2142664255E-03    0.3250062354E-03    0.9939823880E-04    0.1864188835E-19    0.2250028603E-03
   The R.M.S Residuals are 
    0.5425995884E-04    0.6873644061E-04    0.2213975580E-04    0.2523682903E-20    0.5112049239E-04
 write flow3d.dat ......
 write flow3d.dat OK
 write VTK files ......
 write merged flow3d.vtk OK: points=       18406  cells=        8760
 write VTK files OK
 CPU wall time in this step:  0.18322057999999997     
 Averaged CPU wall time is:   9.5887714400000004E-002
   DBG iter           1  maxU2=   30.000000000000000       maxFi=   6.2579618356663567E-003  maxFj=   1.3574983511854039E-002  Fi(21,1,1)=   0.0000000000000000       Fi(21,21,1)=   0.0000000000000000       Fi(41,21,1)=   0.0000000000000000     
   DBG div max=   3.8773420058768925E-003  res_p=   3.8773420058768925E-003
   SIMPLE iter           1  res_p=   3.8773420058768925E-003  u(1,1,1)=  -4.1649676362133049E-002  p(1,1,1)=   2045.9705192802255     
   DBG iter           2  maxU2=   30.000000000000000       maxFi=   2.2050889435146137E-003  maxFj=   3.4513285676799183E-003  Fi(21,1,1)=   0.0000000000000000       Fi(21,21,1)=   0.0000000000000000       Fi(41,21,1)=   0.0000000000000000     
   DBG div max=   1.9645320581177092E-003  res_p=   1.9645320581177092E-003
   SIMPLE iter           2  res_p=   1.9645320581177092E-003  u(1,1,1)= -0.18088358791526085       p(1,1,1)=   2045.9924297941388     
   DBG iter           3  maxU2=   30.000000000000000       maxFi=   1.6322342515723333E-003  maxFj=   9.6055191404280649E-003  Fi(21,1,1)=   0.0000000000000000       Fi(21,21,1)=   0.0000000000000000       Fi(41,21,1)=   0.0000000000000000     
   DBG div max=   1.8148147928333134E-003  res_p=   1.8148147928333134E-003
   SIMPLE iter           3  res_p=   1.8148147928333134E-003  u(1,1,1)= -0.19520356575649134       p(1,1,1)=   2045.9923219966031     
   SIMPLE iter           4  res_p=   9.9878905187249104E-004  u(1,1,1)= -0.16614262477200997       p(1,1,1)=   2045.9931153243840     
   SIMPLE iter           5  res_p=   1.0679274371121084E-003  u(1,1,1)= -0.15323610828899800       p(1,1,1)=   2045.9948677552759     
 DEBUG T iter          50 min   107.00437970607652      max   197.48381314003493     
 Low-speed solver Block           1  SIMPLE iterations:          61  res_p:   3.7403514779274852E-005
 --------------Force and Moment -----------------------------
 Total Force Coefficient (CL, CD, CS) =
  -4.8965772296313256E-002   6.1996174655309655E-002  -8.6767714012942139E-021
 Total Moment Coefficient(CMx, CMy, CMz)=
   1.2241443074078318E-002   1.5499043663827414E-002  -2.2671777538169201E-002
 Kstep, t=          21   21.000000000000000     
 ----------The Max Residuals are--------  ---Mesh---           1
    0.2103124988E-03    0.3132441784E-03    0.9721991786E-04    0.2517149217E-19    0.2196312794E-03
   The R.M.S Residuals are 
    0.5453929430E-04    0.6833413449E-04    0.2214293764E-04    0.2685456699E-20    0.5109139727E-04
 CPU wall time in this step:  0.10502053400000011     
 Averaged CPU wall time is:   9.6322610571428574E-002
   DBG iter           1  maxU2=   30.000000000000000       maxFi=   6.2703112614556451E-003  maxFj=   1.3591910383513213E-002  Fi(21,1,1)=   0.0000000000000000       Fi(21,21,1)=   0.0000000000000000       Fi(41,21,1)=   0.0000000000000000     
   DBG div max=   3.8850276614919316E-003  res_p=   3.8850276614919316E-003
   SIMPLE iter           1  res_p=   3.8850276614919316E-003  u(1,1,1)=  -4.1646707067207182E-002  p(1,1,1)=   2045.9705173898603     
   DBG iter           2  maxU2=   30.000000000000000       maxFi=   2.2103495554877286E-003  maxFj=   3.4528174972236875E-003  Fi(21,1,1)=   0.0000000000000000       Fi(21,21,1)=   0.0000000000000000       Fi(41,21,1)=   0.0000000000000000     
   DBG div max=   1.9687639748111763E-003  res_p=   1.9687639748111763E-003
   SIMPLE iter           2  res_p=   1.9687639748111763E-003  u(1,1,1)= -0.18093094624562595       p(1,1,1)=   2045.9924352639373     
   DBG iter           3  maxU2=   30.000000000000000       maxFi=   1.6372251163894521E-003  maxFj=   9.6262720551786515E-003  Fi(21,1,1)=   0.0000000000000000       Fi(21,21,1)=   0.0000000000000000       Fi(41,21,1)=   0.0000000000000000     
   DBG div max=   1.8232917118087069E-003  res_p=   1.8232917118087069E-003
   SIMPLE iter           3  res_p=   1.8232917118087069E-003  u(1,1,1)= -0.19527114481085917       p(1,1,1)=   2045.9923311155355     
   SIMPLE iter           4  res_p=   1.0028827049693352E-003  u(1,1,1)= -0.16618453825898888       p(1,1,1)=   2045.9931220267099     
   SIMPLE iter           5  res_p=   1.0752779318502007E-003  u(1,1,1)= -0.15329097788781876       p(1,1,1)=   2045.9948783718767     
 DEBUG T iter          50 min   107.00442499160874      max   198.37278913491267     
 Low-speed solver Block           1  SIMPLE iterations:          61  res_p:   3.7375166933929001E-005
 --------------Force and Moment -----------------------------
 Total Force Coefficient (CL, CD, CS) =
  -4.8154634561913788E-002   5.9957193440186532E-002  -3.7561112955085494E-021
 Total Moment Coefficient(CMx, CMy, CMz)=
   1.2038658640478452E-002   1.4989298360046633E-002  -2.2296205961272502E-002
 Kstep, t=          22   22.000000000000000     
 ----------The Max Residuals are--------  ---Mesh---           1
    0.2040431623E-03    0.2997036984E-03    0.9467200076E-04    0.2121029357E-19    0.2126996724E-03
   The R.M.S Residuals are 
    0.5473078131E-04    0.6791405308E-04    0.2211447250E-04    0.2674187390E-20    0.5098840088E-04
 CPU wall time in this step:  0.10483664800000003     
 Averaged CPU wall time is:   9.6709612272727286E-002
   DBG iter           1  maxU2=   30.000000000000000       maxFi=   6.2775772671166893E-003  maxFj=   1.3601857553108870E-002  Fi(21,1,1)=   0.0000000000000000       Fi(21,21,1)=   0.0000000000000000       Fi(41,21,1)=   0.0000000000000000     
   DBG div max=   3.8895476721992452E-003  res_p=   3.8895476721992452E-003
   SIMPLE iter           1  res_p=   3.8895476721992452E-003  u(1,1,1)=  -4.1644673552467273E-002  p(1,1,1)=   2045.9705162578205     
   DBG iter           2  maxU2=   30.000000000000000       maxFi=   2.2134375379287748E-003  maxFj=   3.4536943818825020E-003  Fi(21,1,1)=   0.0000000000000000       Fi(21,21,1)=   0.0000000000000000       Fi(41,21,1)=   0.0000000000000000     
   DBG div max=   1.9712553569618762E-003  res_p=   1.9712553569618762E-003
   SIMPLE iter           2  res_p=   1.9712553569618762E-003  u(1,1,1)= -0.18095734957796081       p(1,1,1)=   2045.9924382397278     
   DBG iter           3  maxU2=   30.000000000000000       maxFi=   1.6401578361955270E-003  maxFj=   9.6384915055787168E-003  Fi(21,1,1)=   0.0000000000000000       Fi(21,21,1)=   0.0000000000000000       Fi(41,21,1)=   0.0000000000000000     
   DBG div max=   1.8282810371328820E-003  res_p=   1.8282810371328820E-003
   SIMPLE iter           3  res_p=   1.8282810371328820E-003  u(1,1,1)= -0.19530943008249857       p(1,1,1)=   2045.9923362560801     
   SIMPLE iter           4  res_p=   1.0052926392350426E-003  u(1,1,1)= -0.16620777676768156       p(1,1,1)=   2045.9931257102203     
   SIMPLE iter           5  res_p=   1.0796181974964108E-003  u(1,1,1)= -0.15332201550942509       p(1,1,1)=   2045.9948843741868     
 DEBUG T iter          50 min   107.00446869133333      max   199.19893128748669     
 Low-speed solver Block           1  SIMPLE iterations:          61  res_p:   3.7358401068641762E-005
 --------------Force and Moment -----------------------------
 Total Force Coefficient (CL, CD, CS) =
  -4.7378455562951130E-002   5.8082582332417768E-002  -4.2197243709712850E-021
 Total Moment Coefficient(CMx, CMy, CMz)=
   1.1844613890737783E-002   1.4520645583104442E-002  -2.1936820818877059E-002
 Kstep, t=          23   23.000000000000000     
 ----------The Max Residuals are--------  ---Mesh---           1
    0.2023195390E-03    0.2905688184E-03    0.9318901401E-04    0.2195665068E-19    0.2049510676E-03
   The R.M.S Residuals are 
    0.5487984786E-04    0.6750455852E-04    0.2207747844E-04    0.2761187776E-20    0.5088182153E-04
 CPU wall time in this step:  0.10635154899999977     
 Averaged CPU wall time is:   9.7128826913043476E-002
   DBG iter           1  maxU2=   30.000000000000000       maxFi=   6.2818503695935965E-003  maxFj=   1.3607701438594104E-002  Fi(21,1,1)=   0.0000000000000000       Fi(21,21,1)=   0.0000000000000000       Fi(41,21,1)=   0.0000000000000000     
   DBG div max=   3.8922059182000717E-003  res_p=   3.8922059182000717E-003
   SIMPLE iter           1  res_p=   3.8922059182000717E-003  u(1,1,1)=  -4.1643366081832105E-002  p(1,1,1)=   2045.9705155952336     
   DBG iter           2  maxU2=   30.000000000000000       maxFi=   2.2152485073216295E-003  maxFj=   3.4542120199782464E-003  Fi(21,1,1)=   0.0000000000000000       Fi(21,21,1)=   0.0000000000000000       Fi(41,21,1)=   0.0000000000000000     
   DBG div max=   1.9727219779515312E-003  res_p=   1.9727219779515312E-003
   SIMPLE iter           2  res_p=   1.9727219779515312E-003  u(1,1,1)= -0.18097208373720422       p(1,1,1)=   2045.9924398654780     
   DBG iter           3  maxU2=   30.000000000000000       maxFi=   1.6418777351582276E-003  maxFj=   9.6456755746177781E-003  Fi(21,1,1)=   0.0000000000000000       Fi(21,21,1)=   0.0000000000000000       Fi(41,21,1)=   0.0000000000000000     
   DBG div max=   1.8312125054077075E-003  res_p=   1.8312125054077075E-003
   SIMPLE iter           3  res_p=   1.8312125054077075E-003  u(1,1,1)= -0.19533114037280477       p(1,1,1)=   2045.9923391639704     
   SIMPLE iter           4  res_p=   1.0067093606773510E-003  u(1,1,1)= -0.16622071106973418       p(1,1,1)=   2045.9931277510364     
   SIMPLE iter           5  res_p=   1.0821730487578186E-003  u(1,1,1)= -0.15333959223651650       p(1,1,1)=   2045.9948877751631     
 DEBUG T iter          50 min   107.00451029906415      max   199.96904871102151     
 Low-speed solver Block           1  SIMPLE iterations:          61  res_p:   3.7348346598818638E-005
 --------------Force and Moment -----------------------------
 Total Force Coefficient (CL, CD, CS) =
  -4.6636242392308624E-002   5.6350985802590153E-002  -3.2003734870519222E-021
 Total Moment Coefficient(CMx, CMy, CMz)=
   1.1659060598077160E-002   1.4087746450647538E-002  -2.1593162406366904E-002
 Kstep, t=          24   24.000000000000000     
 ----------The Max Residuals are--------  ---Mesh---           1
    0.1983270852E-03    0.2817244098E-03    0.8939295862E-04    0.2329998694E-19    0.1996331011E-03
   The R.M.S Residuals are 
    0.5498646683E-04    0.6709956068E-04    0.2203166643E-04    0.2726159643E-20    0.5073342849E-04
 CPU wall time in this step:  0.10665999699999995     
 Averaged CPU wall time is:   9.7525958999999995E-002
   DBG iter           1  maxU2=   30.000000000000000       maxFi=   6.2843625665429141E-003  maxFj=   1.3611133919709230E-002  Fi(21,1,1)=   0.0000000000000000       Fi(21,21,1)=   0.0000000000000000       Fi(41,21,1)=   0.0000000000000000     
   DBG div max=   3.8937691296384706E-003  res_p=   3.8937691296384706E-003
   SIMPLE iter           1  res_p=   3.8937691296384706E-003  u(1,1,1)=  -4.1642554706259202E-002  p(1,1,1)=   2045.9705152096572     
   DBG iter           2  maxU2=   30.000000000000000       maxFi=   2.2163099287224202E-003  maxFj=   3.4545179870457306E-003  Fi(21,1,1)=   0.0000000000000000       Fi(21,21,1)=   0.0000000000000000       Fi(41,21,1)=   0.0000000000000000     
   DBG div max=   1.9735853307768867E-003  res_p=   1.9735853307768867E-003
   SIMPLE iter           2  res_p=   1.9735853307768867E-003  u(1,1,1)= -0.18098030874875934       p(1,1,1)=   2045.9924407525930     
   DBG iter           3  maxU2=   30.000000000000000       maxFi=   1.6428851263528964E-003  maxFj=   9.6498951842798972E-003  Fi(21,1,1)=   0.0000000000000000       Fi(21,21,1)=   0.0000000000000000       Fi(41,21,1)=   0.0000000000000000     
   DBG div max=   1.8329329557493458E-003  res_p=   1.8329329557493458E-003
   SIMPLE iter           3  res_p=   1.8329329557493458E-003  u(1,1,1)= -0.19534345941319420       p(1,1,1)=   2045.9923408094596     
   SIMPLE iter           4  res_p=   1.0075414487403112E-003  u(1,1,1)= -0.16622791479526300       p(1,1,1)=   2045.9931288818780     
   SIMPLE iter           5  res_p=   1.0836740559968484E-003  u(1,1,1)= -0.15334955599365283       p(1,1,1)=   2045.9948897027482     
 DEBUG T iter          50 min   107.00454963775833      max   200.68909053633800     
 Low-speed solver Block           1  SIMPLE iterations:          61  res_p:   3.7342290956791750E-005
 --------------Force and Moment -----------------------------
 Total Force Coefficient (CL, CD, CS) =
  -4.5926580788678964E-002   5.4744925870633954E-002   2.2496014075644033E-021
 Total Moment Coefficient(CMx, CMy, CMz)=
   1.1481645197169746E-002   1.3686231467658488E-002  -2.1264575916614282E-002
 Kstep, t=          25   25.000000000000000     
 ----------The Max Residuals are--------  ---Mesh---           1
    0.1934048848E-03    0.2719449628E-03    0.8851800281E-04    0.1888377810E-19    0.1951243037E-03
   The R.M.S Residuals are 
    0.5501359858E-04    0.6665493414E-04    0.2195957967E-04    0.2790299818E-20    0.5054912844E-04
 CPU wall time in this step:  0.10875740900000030     
 Averaged CPU wall time is:   9.7975217000000003E-002
   DBG iter           1  maxU2=   30.000000000000000       maxFi=   6.2858391913960011E-003  maxFj=   1.3613149620854305E-002  Fi(21,1,1)=   0.0000000000000000       Fi(21,21,1)=   0.0000000000000000       Fi(41,21,1)=   0.0000000000000000     
   DBG div max=   3.8946883681914503E-003  res_p=   3.8946883681914503E-003
   SIMPLE iter           1  res_p=   3.8946883681914503E-003  u(1,1,1)=  -4.1642063615055756E-002  p(1,1,1)=   2045.9705149881479     
   DBG iter           2  maxU2=   30.000000000000000       maxFi=   2.2169317742318918E-003  maxFj=   3.4546989694191855E-003  Fi(21,1,1)=   0.0000000000000000       Fi(21,21,1)=   0.0000000000000000       Fi(41,21,1)=   0.0000000000000000     
   DBG div max=   1.9740935121236791E-003  res_p=   1.9740935121236791E-003
   SIMPLE iter           2  res_p=   1.9740935121236791E-003  u(1,1,1)= -0.18098490119116609       p(1,1,1)=   2045.9924412376711     
   DBG iter           3  maxU2=   30.000000000000000       maxFi=   1.6434746885649679E-003  maxFj=   9.6523719293653536E-003  Fi(21,1,1)=   0.0000000000000000       Fi(21,21,1)=   0.0000000000000000       Fi(41,21,1)=   0.0000000000000000     
   DBG div max=   1.8339418698642765E-003  res_p=   1.8339418698642765E-003
   SIMPLE iter           3  res_p=   1.8339418698642765E-003  u(1,1,1)= -0.19535045374227791       p(1,1,1)=   2045.9923417427408     
   SIMPLE iter           4  res_p=   1.0080298472550141E-003  u(1,1,1)= -0.16623192891146971       p(1,1,1)=   2045.9931295103374     
   SIMPLE iter           5  res_p=   1.0845548106893869E-003  u(1,1,1)= -0.15335520961539295       p(1,1,1)=   2045.9948907975529     
 DEBUG T iter          50 min   107.00458670685602      max   201.36431523732841     
 Low-speed solver Block           1  SIMPLE iterations:          61  res_p:   3.7338634570925795E-005
 --------------Force and Moment -----------------------------
 Total Force Coefficient (CL, CD, CS) =
  -4.5247922147577148E-002   5.3249942930141188E-002   2.8779982106244543E-021
 Total Moment Coefficient(CMx, CMy, CMz)=
   1.1311980536894287E-002   1.3312485732535297E-002  -2.0950344329913623E-002
 Kstep, t=          26   26.000000000000000     
 ----------The Max Residuals are--------  ---Mesh---           1
    0.1905863275E-03    0.2619601383E-03    0.8571469323E-04    0.2311644433E-19    0.1897662275E-03
   The R.M.S Residuals are 
    0.5502498699E-04    0.6622609625E-04    0.2188798111E-04    0.2805833230E-20    0.5034376226E-04
 CPU wall time in this step:  0.10352592099999969     
 Averaged CPU wall time is:   9.8188705615384606E-002
   DBG iter           1  maxU2=   30.000000000000000       maxFi=   6.2867069869623638E-003  maxFj=   1.3614333106297949E-002  Fi(21,1,1)=   0.0000000000000000       Fi(21,21,1)=   0.0000000000000000       Fi(41,21,1)=   0.0000000000000000     
   DBG div max=   3.8952289100173958E-003  res_p=   3.8952289100173958E-003
   SIMPLE iter           1  res_p=   3.8952289100173958E-003  u(1,1,1)=  -4.1641771512448258E-002  p(1,1,1)=   2045.9705148621401     
   DBG iter           2  maxU2=   30.000000000000000       maxFi=   2.2172959789938124E-003  maxFj=   3.4548060630516112E-003  Fi(21,1,1)=   0.0000000000000000       Fi(21,21,1)=   0.0000000000000000       Fi(41,21,1)=   0.0000000000000000     
   DBG div max=   1.9743926072772651E-003  res_p=   1.9743926072772651E-003
   SIMPLE iter           2  res_p=   1.9743926072772651E-003  u(1,1,1)= -0.18098746489894352       p(1,1,1)=   2045.9924415031298     
   DBG iter           3  maxU2=   30.000000000000000       maxFi=   1.6438195217510171E-003  maxFj=   9.6538249802374521E-003  Fi(21,1,1)=   0.0000000000000000       Fi(21,21,1)=   0.0000000000000000       Fi(41,21,1)=   0.0000000000000000     
   DBG div max=   1.8345331867133342E-003  res_p=   1.8345331867133342E-003
   SIMPLE iter           3  res_p=   1.8345331867133342E-003  u(1,1,1)= -0.19535442618022686       p(1,1,1)=   2045.9923422728418     
   SIMPLE iter           4  res_p=   1.0083163831082704E-003  u(1,1,1)= -0.16623416563105076       p(1,1,1)=   2045.9931298601373     
   SIMPLE iter           5  res_p=   1.0850711879220893E-003  u(1,1,1)= -0.15335841966973657       p(1,1,1)=   2045.9948914201252     
 DEBUG T iter          50 min   107.00462160142682      max   201.99920225106860     
 Low-speed solver Block           1  SIMPLE iterations:          61  res_p:   3.7336424065384597E-005
 --------------Force and Moment -----------------------------
 Total Force Coefficient (CL, CD, CS) =
  -4.4598646127566720E-002   5.1853885422727980E-002   1.0627923302095920E-021
 Total Moment Coefficient(CMx, CMy, CMz)=
   1.1149661531891675E-002   1.2963471355681995E-002  -2.0649717406517078E-002
 Kstep, t=          27   27.000000000000000     
 ----------The Max Residuals are--------  ---Mesh---           1
    0.1875308201E-03    0.2555394041E-03    0.8318936637E-04    0.2861666589E-19    0.1831210680E-03
   The R.M.S Residuals are 
    0.5494733112E-04    0.6573966471E-04    0.2178718068E-04    0.2994602340E-20    0.5009072164E-04
 CPU wall time in this step:  0.10261871600000028     
 Averaged CPU wall time is:   9.8352780074074081E-002
   DBG iter           1  maxU2=   30.000000000000000       maxFi=   6.2872169113701816E-003  maxFj=   1.3615027841977070E-002  Fi(21,1,1)=   0.0000000000000000       Fi(21,21,1)=   0.0000000000000000       Fi(41,21,1)=   0.0000000000000000     
   DBG div max=   3.8955467530444425E-003  res_p=   3.8955467530444425E-003
   SIMPLE iter           1  res_p=   3.8955467530444425E-003  u(1,1,1)=  -4.1641600033841375E-002  p(1,1,1)=   2045.9705147906902     
   DBG iter           2  maxU2=   30.000000000000000       maxFi=   2.2175092370893350E-003  maxFj=   3.4548694425537933E-003  Fi(21,1,1)=   0.0000000000000000       Fi(21,21,1)=   0.0000000000000000       Fi(41,21,1)=   0.0000000000000000     
   DBG div max=   1.9745686243010764E-003  res_p=   1.9745686243010764E-003
   SIMPLE iter           2  res_p=   1.9745686243010764E-003  u(1,1,1)= -0.18098889559790132       p(1,1,1)=   2045.9924416481106     
   DBG iter           3  maxU2=   30.000000000000000       maxFi=   1.6440211278560941E-003  maxFj=   9.6546771292488238E-003  Fi(21,1,1)=   0.0000000000000000       Fi(21,21,1)=   0.0000000000000000       Fi(41,21,1)=   0.0000000000000000     
   DBG div max=   1.8348795987506491E-003  res_p=   1.8348795987506491E-003
   SIMPLE iter           3  res_p=   1.8348795987506491E-003  u(1,1,1)= -0.19535668293458897       p(1,1,1)=   2045.9923425739626     
   SIMPLE iter           4  res_p=   1.0084844275422469E-003  u(1,1,1)= -0.16623541171321726       p(1,1,1)=   2045.9931300547364     
   SIMPLE iter           5  res_p=   1.0853737561123487E-003  u(1,1,1)= -0.15336024331081743       p(1,1,1)=   2045.9948917742051     
 DEBUG T iter          50 min   107.00465446075262      max   202.59756612437801     
 Low-speed solver Block           1  SIMPLE iterations:          61  res_p:   3.7335087049006777E-005
 --------------Force and Moment -----------------------------
 Total Force Coefficient (CL, CD, CS) =
  -4.3977134343034185E-002   5.0546429791367337E-002   7.0612201529304115E-021
 Total Moment Coefficient(CMx, CMy, CMz)=
   1.0994283585758546E-002   1.2636607447841834E-002  -2.0361945807482310E-002
 Kstep, t=          28   28.000000000000000     
 ----------The Max Residuals are--------  ---Mesh---           1
    0.1833544798E-03    0.2480059956E-03    0.8125830009E-04    0.2039009742E-19    0.1795524892E-03
   The R.M.S Residuals are 
    0.5486323680E-04    0.6526885972E-04    0.2168845719E-04    0.2902008418E-20    0.4982590233E-04
 CPU wall time in this step:  0.10881047999999982     
 Averaged CPU wall time is:   9.8726269357142862E-002
   DBG iter           1  maxU2=   30.000000000000000       maxFi=   6.2875165099974453E-003  maxFj=   1.3615435594328290E-002  Fi(21,1,1)=   0.0000000000000000       Fi(21,21,1)=   0.0000000000000000       Fi(41,21,1)=   0.0000000000000000     
   DBG div max=   3.8957336375790110E-003  res_p=   3.8957336375790110E-003
   SIMPLE iter           1  res_p=   3.8957336375790110E-003  u(1,1,1)=  -4.1641500424581562E-002  p(1,1,1)=   2045.9705147503234     
   DBG iter           2  maxU2=   30.000000000000000       maxFi=   2.2176340838838894E-003  maxFj=   3.4549069513675067E-003  Fi(21,1,1)=   0.0000000000000000       Fi(21,21,1)=   0.0000000000000000       Fi(41,21,1)=   0.0000000000000000     
   DBG div max=   1.9746721980762093E-003  res_p=   1.9746721980762093E-003
   SIMPLE iter           2  res_p=   1.9746721980762093E-003  u(1,1,1)= -0.18098969363686152       p(1,1,1)=   2045.9924417271336     
   DBG iter           3  maxU2=   30.000000000000000       maxFi=   1.6441389562416508E-003  maxFj=   9.6551767161134911E-003  Fi(21,1,1)=   0.0000000000000000       Fi(21,21,1)=   0.0000000000000000       Fi(41,21,1)=   0.0000000000000000     
   DBG div max=   1.8350824616145626E-003  res_p=   1.8350824616145626E-003
   SIMPLE iter           3  res_p=   1.8350824616145626E-003  u(1,1,1)= -0.19535796525981389       p(1,1,1)=   2045.9923427450417     
   SIMPLE iter           4  res_p=   1.0085829495292834E-003  u(1,1,1)= -0.16623610565006183       p(1,1,1)=   2045.9931301629431     
   SIMPLE iter           5  res_p=   1.0855509641472553E-003  u(1,1,1)= -0.15336127980428829       p(1,1,1)=   2045.9948919756216     
 DEBUG T iter          50 min   107.00468543616184      max   203.16267231067513     
 Low-speed solver Block           1  SIMPLE iterations:          61  res_p:   3.7334278332282981E-005
 --------------Force and Moment -----------------------------
 Total Force Coefficient (CL, CD, CS) =
  -4.3381793362668744E-002   4.9318718341480043E-002   3.0872503296085046E-021
 Total Moment Coefficient(CMx, CMy, CMz)=
   1.0845448340667189E-002   1.2329679585370011E-002  -2.0086291740008894E-002
 Kstep, t=          29   29.000000000000000     
 ----------The Max Residuals are--------  ---Mesh---           1
    0.1799387070E-03    0.2394108886E-03    0.7904359919E-04    0.2311277695E-19    0.1747386264E-03
   The R.M.S Residuals are 
    0.5469740078E-04    0.6474133130E-04    0.2156479856E-04    0.2931126249E-20    0.4951563320E-04
 CPU wall time in this step:  0.11160585699999981     
 Averaged CPU wall time is:   9.9170393068965509E-002
   DBG iter           1  maxU2=   30.000000000000000       maxFi=   6.2876925135131687E-003  maxFj=   1.3615674867372760E-002  Fi(21,1,1)=   0.0000000000000000       Fi(21,21,1)=   0.0000000000000000       Fi(41,21,1)=   0.0000000000000000     
   DBG div max=   3.8958435148064318E-003  res_p=   3.8958435148064318E-003
   SIMPLE iter           1  res_p=   3.8958435148064318E-003  u(1,1,1)=  -4.1641443068144629E-002  p(1,1,1)=   2045.9705147275690     
   DBG iter           2  maxU2=   30.000000000000000       maxFi=   2.2177071590706227E-003  maxFj=   3.4549291478057995E-003  Fi(21,1,1)=   0.0000000000000000       Fi(21,21,1)=   0.0000000000000000       Fi(41,21,1)=   0.0000000000000000     
   DBG div max=   1.9747331365402247E-003  res_p=   1.9747331365402247E-003
   SIMPLE iter           2  res_p=   1.9747331365402247E-003  u(1,1,1)= -0.18099013851640236       p(1,1,1)=   2045.9924417700793     
   DBG iter           3  maxU2=   30.000000000000000       maxFi=   1.6442078007251255E-003  maxFj=   9.6554695239645886E-003  Fi(21,1,1)=   0.0000000000000000       Fi(21,21,1)=   0.0000000000000000       Fi(41,21,1)=   0.0000000000000000     
   DBG div max=   1.8352012209008912E-003  res_p=   1.8352012209008912E-003
   SIMPLE iter           3  res_p=   1.8352012209008912E-003  u(1,1,1)= -0.19535869400208894       p(1,1,1)=   2045.9923428422230     
   SIMPLE iter           4  res_p=   1.0086406953261958E-003  u(1,1,1)= -0.16623649189622394       p(1,1,1)=   2045.9931302230452     
   SIMPLE iter           5  res_p=   1.0856547130110817E-003  u(1,1,1)= -0.15336186913618760       p(1,1,1)=   2045.9948920901841     
 DEBUG T iter          50 min   107.00471467530562      max   203.69730791197793     
 Low-speed solver Block           1  SIMPLE iterations:          61  res_p:   3.7333789277438183E-005
 --------------Force and Moment -----------------------------
 Total Force Coefficient (CL, CD, CS) =
  -4.2811025754506238E-002   4.8163085243933285E-002  -2.4876973839380415E-022
 Total Moment Coefficient(CMx, CMy, CMz)=
   1.0702756438626554E-002   1.2040771310983321E-002  -1.9822015520179929E-002
 Kstep, t=          30   30.000000000000000     
 ----------The Max Residuals are--------  ---Mesh---           1
    0.1769487432E-03    0.2328612938E-03    0.7682818527E-04    0.2173292659E-19    0.1690077599E-03
   The R.M.S Residuals are 
    0.5452480981E-04    0.6422377513E-04    0.2144226107E-04    0.3036283753E-20    0.4919507428E-04
 write flow3d.dat ......
 write flow3d.dat OK
 write VTK files ......
 write merged flow3d.vtk OK: points=       18406  cells=        8760
 write VTK files OK
 CPU wall time in this step:  0.18460883400000005     
 Averaged CPU wall time is:  0.10201834109999999     
   DBG iter           1  maxU2=   30.000000000000000       maxFi=   6.2877958969129654E-003  maxFj=   1.3615815249470064E-002  Fi(21,1,1)=   0.0000000000000000       Fi(21,21,1)=   0.0000000000000000       Fi(41,21,1)=   0.0000000000000000     
   DBG div max=   3.8959081118325805E-003  res_p=   3.8959081118325805E-003
   SIMPLE iter           1  res_p=   3.8959081118325805E-003  u(1,1,1)=  -4.1641410307581055E-002  p(1,1,1)=   2045.9705147147606     
   DBG iter           2  maxU2=   30.000000000000000       maxFi=   2.2177499240520846E-003  maxFj=   3.4549422812384730E-003  Fi(21,1,1)=   0.0000000000000000       Fi(21,21,1)=   0.0000000000000000       Fi(41,21,1)=   0.0000000000000000     
   DBG div max=   1.9747689855630977E-003  res_p=   1.9747689855630977E-003
   SIMPLE iter           2  res_p=   1.9747689855630977E-003  u(1,1,1)= -0.18099038636100795       p(1,1,1)=   2045.9924417933316     
   DBG iter           3  maxU2=   30.000000000000000       maxFi=   1.6442480144451463E-003  maxFj=   9.6556410935318381E-003  Fi(21,1,1)=   0.0000000000000000       Fi(21,21,1)=   0.0000000000000000       Fi(41,21,1)=   0.0000000000000000     
   DBG div max=   1.8352707232884161E-003  res_p=   1.8352707232884161E-003
   SIMPLE iter           3  res_p=   1.8352707232884161E-003  u(1,1,1)= -0.19535910820091382       p(1,1,1)=   2045.9923428974080     
   SIMPLE iter           4  res_p=   1.0086745325493958E-003  u(1,1,1)= -0.16623670675515628       p(1,1,1)=   2045.9931302563787     
   SIMPLE iter           5  res_p=   1.0857154348293272E-003  u(1,1,1)= -0.15336220434284278       p(1,1,1)=   2045.9948921553289     
 DEBUG T iter          50 min   107.00474231503091      max   204.20386116188652     
 Low-speed solver Block           1  SIMPLE iterations:          61  res_p:   3.7333493641321901E-005
 --------------Force and Moment -----------------------------
 Total Force Coefficient (CL, CD, CS) =
  -4.2263158622194319E-002   4.7072842578772860E-002  -4.1408366403732759E-021
 Total Moment Coefficient(CMx, CMy, CMz)=
   1.0565789655548581E-002   1.1768210644693215E-002  -1.9568342518256576E-002
 Kstep, t=          31   31.000000000000000     
 ----------The Max Residuals are--------  ---Mesh---           1
    0.1726225405E-03    0.2262511552E-03    0.7462854913E-04    0.2617865888E-19    0.1646551681E-03
   The R.M.S Residuals are 
    0.5428290109E-04    0.6365717890E-04    0.2129931834E-04    0.3260586728E-20    0.4883669018E-04
 CPU wall time in this step:  0.10389529900000039     
 Averaged CPU wall time is:  0.10207888812903226     
   DBG iter           1  maxU2=   30.000000000000000       maxFi=   6.2878566164067560E-003  maxFj=   1.3615897597007589E-002  Fi(21,1,1)=   0.0000000000000000       Fi(21,21,1)=   0.0000000000000000       Fi(41,21,1)=   0.0000000000000000     
   DBG div max=   3.8959460857493316E-003  res_p=   3.8959460857493316E-003
   SIMPLE iter           1  res_p=   3.8959460857493316E-003  u(1,1,1)=  -4.1641391741087067E-002  p(1,1,1)=   2045.9705147075597     
   DBG iter           2  maxU2=   30.000000000000000       maxFi=   2.2177749468334194E-003  maxFj=   3.4549500509579506E-003  Fi(21,1,1)=   0.0000000000000000       Fi(21,21,1)=   0.0000000000000000       Fi(41,21,1)=   0.0000000000000000     
   DBG div max=   1.9747900720991762E-003  res_p=   1.9747900720991762E-003
   SIMPLE iter           2  res_p=   1.9747900720991762E-003  u(1,1,1)= -0.18099052433978860       p(1,1,1)=   2045.9924418058667     
   DBG iter           3  maxU2=   30.000000000000000       maxFi=   1.6442714985138785E-003  maxFj=   9.6557415990092890E-003  Fi(21,1,1)=   0.0000000000000000       Fi(21,21,1)=   0.0000000000000000       Fi(41,21,1)=   0.0000000000000000     
   DBG div max=   1.8353113869554192E-003  res_p=   1.8353113869554192E-003
   SIMPLE iter           3  res_p=   1.8353113869554192E-003  u(1,1,1)= -0.19535934364943680       p(1,1,1)=   2045.9923429287321     
   SIMPLE iter           4  res_p=   1.0086943552067413E-003  u(1,1,1)= -0.16623682619572627       p(1,1,1)=   2045.9931302748339     
   SIMPLE iter           5  res_p=   1.0857509636651380E-003  u(1,1,1)= -0.15336239507058122       p(1,1,1)=   2045.9948921923612     
 DEBUG T iter          50 min   107.00476847853398      max   204.68439279208707     
 Low-speed solver Block           1  SIMPLE iterations:          61  res_p:   3.7333315015009375E-005
 --------------Force and Moment -----------------------------
 Total Force Coefficient (CL, CD, CS) =
  -4.1736882752361759E-002   4.6042112021980074E-002  -4.5854894723629760E-021
 Total Moment Coefficient(CMx, CMy, CMz)=
   1.0434220688090436E-002   1.1510528005495018E-002  -1.9324666803639819E-002
 Kstep, t=          32   32.000000000000000     
 ----------The Max Residuals are--------  ---Mesh---           1
    0.1693882767E-03    0.2188515914E-03    0.7300961625E-04    0.2332102532E-19    0.1602632521E-03
   The R.M.S Residuals are 
    0.5403287445E-04    0.6309617025E-04    0.2115727753E-04    0.3132209121E-20    0.4846816248E-04
 CPU wall time in this step:  0.10333783799999985     
 Averaged CPU wall time is:  0.10211823031250000     
   DBG iter           1  maxU2=   30.000000000000000       maxFi=   6.2878922740516605E-003  maxFj=   1.3615945892956392E-002  Fi(21,1,1)=   0.0000000000000000       Fi(21,21,1)=   0.0000000000000000       Fi(41,21,1)=   0.0000000000000000     
   DBG div max=   3.8959684072901635E-003  res_p=   3.8959684072901635E-003
   SIMPLE iter           1  res_p=   3.8959684072901635E-003  u(1,1,1)=  -4.1641381295942755E-002  p(1,1,1)=   2045.9705147035145     
   DBG iter           2  maxU2=   30.000000000000000       maxFi=   2.2177895859160552E-003  maxFj=   3.4549546467078428E-003  Fi(21,1,1)=   0.0000000000000000       Fi(21,21,1)=   0.0000000000000000       Fi(41,21,1)=   0.0000000000000000     
   DBG div max=   1.9748024735831544E-003  res_p=   1.9748024735831544E-003
   SIMPLE iter           2  res_p=   1.9748024735831544E-003  u(1,1,1)= -0.18099060109563264       p(1,1,1)=   2045.9924418125890     
   DBG iter           3  maxU2=   30.000000000000000       maxFi=   1.6442852095926276E-003  maxFj=   9.6558004610367235E-003  Fi(21,1,1)=   0.0000000000000000       Fi(21,21,1)=   0.0000000000000000       Fi(41,21,1)=   0.0000000000000000     
   DBG div max=   1.8353351714087002E-003  res_p=   1.8353351714087002E-003
   SIMPLE iter           3  res_p=   1.8353351714087002E-003  u(1,1,1)= -0.19535947750266638       p(1,1,1)=   2045.9923429465036     
   SIMPLE iter           4  res_p=   1.0087059650322858E-003  u(1,1,1)= -0.16623689254531926       p(1,1,1)=   2045.9931302850314     
   SIMPLE iter           5  res_p=   1.0857717462913596E-003  u(1,1,1)= -0.15336250362923698       p(1,1,1)=   2045.9948922134049     
 DEBUG T iter          50 min   107.00479327516055      max   205.14069246768759     
 Low-speed solver Block           1  SIMPLE iterations:          61  res_p:   3.7333207145856528E-005
 --------------Force and Moment -----------------------------
 Total Force Coefficient (CL, CD, CS) =
  -4.1231296770739542E-002   4.5065795698977229E-002  -9.3349979417026948E-021
 Total Moment Coefficient(CMx, CMy, CMz)=
   1.0307824192684886E-002   1.1266448924744307E-002  -1.9090570988749993E-002
 Kstep, t=          33   33.000000000000000     
 ----------The Max Residuals are--------  ---Mesh---           1
    0.1660111247E-03    0.2124105167E-03    0.7141502848E-04    0.2792286129E-19    0.1551886143E-03
   The R.M.S Residuals are 
    0.5372693381E-04    0.6249527148E-04    0.2099895091E-04    0.3196889944E-20    0.4806973840E-04
 CPU wall time in this step:  0.10701618799999979     
 Averaged CPU wall time is:  0.10226665327272727     
   DBG iter           1  maxU2=   30.000000000000000       maxFi=   6.2879132115043748E-003  maxFj=   1.3615974212902650E-002  Fi(21,1,1)=   0.0000000000000000       Fi(21,21,1)=   0.0000000000000000       Fi(41,21,1)=   0.0000000000000000     
   DBG div max=   3.8959815270739506E-003  res_p=   3.8959815270739506E-003
   SIMPLE iter           1  res_p=   3.8959815270739506E-003  u(1,1,1)=  -4.1641375465718423E-002  p(1,1,1)=   2045.9705147012430     
   DBG iter           2  maxU2=   30.000000000000000       maxFi=   2.2177981488872671E-003  maxFj=   3.4549573645601857E-003  Fi(21,1,1)=   0.0000000000000000       Fi(21,21,1)=   0.0000000000000000       Fi(41,21,1)=   0.0000000000000000     
   DBG div max=   1.9748097661630077E-003  res_p=   1.9748097661630077E-003
   SIMPLE iter           2  res_p=   1.9748097661630077E-003  u(1,1,1)= -0.18099064375788368       p(1,1,1)=   2045.9924418161718     
   DBG iter           3  maxU2=   30.000000000000000       maxFi=   1.6442932129603011E-003  maxFj=   9.6558349261492930E-003  Fi(21,1,1)=   0.0000000000000000       Fi(21,21,1)=   0.0000000000000000       Fi(41,21,1)=   0.0000000000000000     
   DBG div max=   1.8353490793663061E-003  res_p=   1.8353490793663061E-003
   SIMPLE iter           3  res_p=   1.8353490793663061E-003  u(1,1,1)= -0.19535955360655849       p(1,1,1)=   2045.9923429565799     
   SIMPLE iter           4  res_p=   1.0087127631560207E-003  u(1,1,1)= -0.16623692937242951       p(1,1,1)=   2045.9931302906525     
   SIMPLE iter           5  res_p=   1.0857838999969258E-003  u(1,1,1)= -0.15336256543715684       p(1,1,1)=   2045.9948922253570     
 DEBUG T iter          50 min   107.00481680143150      max   205.57433023782869     
 Low-speed solver Block           1  SIMPLE iterations:          61  res_p:   3.7333142040802802E-005
 --------------Force and Moment -----------------------------
 Total Force Coefficient (CL, CD, CS) =
  -4.0745155869945621E-002   4.4139416388154988E-002  -1.0866329210908906E-020
 Total Moment Coefficient(CMx, CMy, CMz)=
   1.0186288967486403E-002   1.1034854097038747E-002  -1.8865478501568680E-002
 Kstep, t=          34   34.000000000000000     
 ----------The Max Residuals are--------  ---Mesh---           1
    0.1616539482E-03    0.2064705154E-03    0.6980530910E-04    0.2449394481E-19    0.1506923658E-03
   The R.M.S Residuals are 
    0.5341080366E-04    0.6189583878E-04    0.2084118966E-04    0.3419274789E-20    0.4766164202E-04
 CPU wall time in this step:  0.11322944600000007     
 Averaged CPU wall time is:  0.10258908835294117     
   DBG iter           1  maxU2=   30.000000000000000       maxFi=   6.2879255040342976E-003  maxFj=   1.3615990816274261E-002  Fi(21,1,1)=   0.0000000000000000       Fi(21,21,1)=   0.0000000000000000       Fi(41,21,1)=   0.0000000000000000     
   DBG div max=   3.8959892377185418E-003  res_p=   3.8959892377185418E-003
   SIMPLE iter           1  res_p=   3.8959892377185418E-003  u(1,1,1)=  -4.1641372236428366E-002  p(1,1,1)=   2045.9705146999688     
   DBG iter           2  maxU2=   30.000000000000000       maxFi=   2.2178031569350196E-003  maxFj=   3.4549589715368689E-003  Fi(21,1,1)=   0.0000000000000000       Fi(21,21,1)=   0.0000000000000000       Fi(41,21,1)=   0.0000000000000000     
   DBG div max=   1.9748140538900392E-003  res_p=   1.9748140538900392E-003
   SIMPLE iter           2  res_p=   1.9748140538900392E-003  u(1,1,1)= -0.18099066745118278       p(1,1,1)=   2045.9924418180678     
   DBG iter           3  maxU2=   30.000000000000000       maxFi=   1.6442978836324069E-003  maxFj=   9.6558551016990117E-003  Fi(21,1,1)=   0.0000000000000000       Fi(21,21,1)=   0.0000000000000000       Fi(41,21,1)=   0.0000000000000000     
   DBG div max=   1.8353572099177777E-003  res_p=   1.8353572099177777E-003
   SIMPLE iter           3  res_p=   1.8353572099177777E-003  u(1,1,1)= -0.19535959688161261       p(1,1,1)=   2045.9923429622904     
   SIMPLE iter           4  res_p=   1.0087167428896576E-003  u(1,1,1)= -0.16623694979762715       p(1,1,1)=   2045.9931302937437     
   SIMPLE iter           5  res_p=   1.0857910057421975E-003  u(1,1,1)= -0.15336260064048501       p(1,1,1)=   2045.9948922321428     
 DEBUG T iter          50 min   107.00483914255383      max   205.98669943804043     
 Low-speed solver Block           1  SIMPLE iterations:          61  res_p:   3.7333102772141129E-005
 --------------Force and Moment -----------------------------
 Total Force Coefficient (CL, CD, CS) =
  -4.0277058436259436E-002   4.3258871984482895E-002  -4.5888636281410008E-021
 Total Moment Coefficient(CMx, CMy, CMz)=
   1.0069264609064859E-002   1.0814717996120724E-002  -1.8648740343334247E-002
 Kstep, t=          35   35.000000000000000     
 ----------The Max Residuals are--------  ---Mesh---           1
    0.1584425635E-03    0.1999213003E-03    0.6821421266E-04    0.2320900778E-19    0.1465844971E-03
   The R.M.S Residuals are 
    0.5305410426E-04    0.6126905955E-04    0.2067180806E-04    0.3364798387E-20    0.4723248494E-04
 CPU wall time in this step:  0.10382906599999986     
 Averaged CPU wall time is:  0.10262451628571428     
   DBG iter           1  maxU2=   30.000000000000000       maxFi=   6.2879327201574358E-003  maxFj=   1.3616000548730628E-002  Fi(21,1,1)=   0.0000000000000000       Fi(21,21,1)=   0.0000000000000000       Fi(41,21,1)=   0.0000000000000000     
   DBG div max=   3.8959937689400509E-003  res_p=   3.8959937689400509E-003
   SIMPLE iter           1  res_p=   3.8959937689400509E-003  u(1,1,1)=  -4.1641370467784225E-002  p(1,1,1)=   2045.9705146992540     
   DBG iter           2  maxU2=   30.000000000000000       maxFi=   2.2178060854435460E-003  maxFj=   3.4549599214966677E-003  Fi(21,1,1)=   0.0000000000000000       Fi(21,21,1)=   0.0000000000000000       Fi(41,21,1)=   0.0000000000000000     
   DBG div max=   1.9748165745240073E-003  res_p=   1.9748165745240073E-003
   SIMPLE iter           2  res_p=   1.9748165745240073E-003  u(1,1,1)= -0.18099068059828985       p(1,1,1)=   2045.9924418190624     
   DBG iter           3  maxU2=   30.000000000000000       maxFi=   1.6443006088009927E-003  maxFj=   9.6558669096358692E-003  Fi(21,1,1)=   0.0000000000000000       Fi(21,21,1)=   0.0000000000000000       Fi(41,21,1)=   0.0000000000000000     
   DBG div max=   1.8353619617979483E-003  res_p=   1.8353619617979483E-003
   SIMPLE iter           3  res_p=   1.8353619617979483E-003  u(1,1,1)= -0.19535962149320157       p(1,1,1)=   2045.9923429655244     
   SIMPLE iter           4  res_p=   1.0087190721731567E-003  u(1,1,1)= -0.16623696111668820       p(1,1,1)=   2045.9931302954385     
   SIMPLE iter           5  res_p=   1.0857951591655684E-003  u(1,1,1)= -0.15336262069875090       p(1,1,1)=   2045.9948922359933     
 DEBUG T iter          50 min   107.00486037411083      max   206.37905131147272     
 Low-speed solver Block           1  SIMPLE iterations:          61  res_p:   3.7333079100124091E-005
 --------------Force and Moment -----------------------------
 Total Force Coefficient (CL, CD, CS) =
  -3.9825751389294152E-002   4.2420486187826387E-002  -4.6166217858598617E-021
 Total Moment Coefficient(CMx, CMy, CMz)=
   9.9564378473235345E-003   1.0605121546956597E-002  -1.8439776364348404E-002
 Kstep, t=          36   36.000000000000000     
 ----------The Max Residuals are--------  ---Mesh---           1
    0.1548420047E-03    0.1936920548E-03    0.6666829937E-04    0.2536411175E-19    0.1419991942E-03
   The R.M.S Residuals are 
    0.5268212393E-04    0.6063777587E-04    0.2050209582E-04    0.3379077647E-20    0.4679345110E-04
 CPU wall time in this step:  0.11399379700000001     
 Averaged CPU wall time is:  0.10294032963888888     
   DBG iter           1  maxU2=   30.000000000000000       maxFi=   6.2879369557209989E-003  maxFj=   1.3616006252630564E-002  Fi(21,1,1)=   0.0000000000000000       Fi(21,21,1)=   0.0000000000000000       Fi(41,21,1)=   0.0000000000000000     
   DBG div max=   3.8959964314996668E-003  res_p=   3.8959964314996668E-003
   SIMPLE iter           1  res_p=   3.8959964314996668E-003  u(1,1,1)=  -4.1641369505700007E-002  p(1,1,1)=   2045.9705146988535     
   DBG iter           2  maxU2=   30.000000000000000       maxFi=   2.2178077976633165E-003  maxFj=   3.4549604829453330E-003  Fi(21,1,1)=   0.0000000000000000       Fi(21,21,1)=   0.0000000000000000       Fi(41,21,1)=   0.0000000000000000     
   DBG div max=   1.9748180561212103E-003  res_p=   1.9748180561212103E-003
   SIMPLE iter           2  res_p=   1.9748180561212103E-003  u(1,1,1)= -0.18099068788573350       p(1,1,1)=   2045.9924418195787     
   DBG iter           3  maxU2=   30.000000000000000       maxFi=   1.6443021985075091E-003  maxFj=   9.6558738188290173E-003  Fi(21,1,1)=   0.0000000000000000       Fi(21,21,1)=   0.0000000000000000       Fi(41,21,1)=   0.0000000000000000     
   DBG div max=   1.8353647383240832E-003  res_p=   1.8353647383240832E-003
   SIMPLE iter           3  res_p=   1.8353647383240832E-003  u(1,1,1)= -0.19535963549062241       p(1,1,1)=   2045.9923429673547     
   SIMPLE iter           4  res_p=   1.0087204351729847E-003  u(1,1,1)= -0.16623696738231475       p(1,1,1)=   2045.9931302963651     
   SIMPLE iter           5  res_p=   1.0857975863376472E-003  u(1,1,1)= -0.15336263213014389       p(1,1,1)=   2045.9948922381775     
 DEBUG T iter          50 min   107.00488056367703      max   206.75252299709425     
 Low-speed solver Block           1  SIMPLE iterations:          61  res_p:   3.7333064838603741E-005
 --------------Force and Moment -----------------------------
 Total Force Coefficient (CL, CD, CS) =
  -3.9390144886915446E-002   4.1620993444481752E-002  -5.6263032254741086E-021
 Total Moment Coefficient(CMx, CMy, CMz)=
   9.8475362217288649E-003   1.0405248361120438E-002  -1.8238081979808588E-002
 Kstep, t=          37   37.000000000000000     
 ----------The Max Residuals are--------  ---Mesh---           1
    0.1505213882E-03    0.1882676996E-03    0.6518610896E-04    0.2735781453E-19    0.1375518110E-03
   The R.M.S Residuals are 
    0.5228647721E-04    0.5999350574E-04    0.2032560829E-04    0.3398772186E-20    0.4634206380E-04
 CPU wall time in this step:  0.11581033800000018     
 Averaged CPU wall time is:  0.10328816770270270     
   DBG iter           1  maxU2=   30.000000000000000       maxFi=   6.2879394415076076E-003  maxFj=   1.3616009594922582E-002  Fi(21,1,1)=   0.0000000000000000       Fi(21,21,1)=   0.0000000000000000       Fi(41,21,1)=   0.0000000000000000     
   DBG div max=   3.8959979958639564E-003  res_p=   3.8959979958639564E-003
   SIMPLE iter           1  res_p=   3.8959979958639564E-003  u(1,1,1)=  -4.1641368989752826E-002  p(1,1,1)=   2045.9705146986289     
   DBG iter           2  maxU2=   30.000000000000000       maxFi=   2.2178087986022099E-003  maxFj=   3.4549608147043881E-003  Fi(21,1,1)=   0.0000000000000000       Fi(21,21,1)=   0.0000000000000000       Fi(41,21,1)=   0.0000000000000000     
   DBG div max=   1.9748189268544414E-003  res_p=   1.9748189268544414E-003
   SIMPLE iter           2  res_p=   1.9748189268544414E-003  u(1,1,1)= -0.18099069192180042       p(1,1,1)=   2045.9924418198432     
   DBG iter           3  maxU2=   30.000000000000000       maxFi=   1.6443031256578090E-003  maxFj=   9.6558778607356028E-003  Fi(21,1,1)=   0.0000000000000000       Fi(21,21,1)=   0.0000000000000000       Fi(41,21,1)=   0.0000000000000000     
   DBG div max=   1.8353663602475910E-003  res_p=   1.8353663602475910E-003
   SIMPLE iter           3  res_p=   1.8353663602475910E-003  u(1,1,1)= -0.19535964345329218       p(1,1,1)=   2045.9923429683899     
   SIMPLE iter           4  res_p=   1.0087212325712693E-003  u(1,1,1)= -0.16623697084855796       p(1,1,1)=   2045.9931302968696     
   SIMPLE iter           5  res_p=   1.0857990043972770E-003  u(1,1,1)= -0.15336263864841118       p(1,1,1)=   2045.9948922394155     
 DEBUG T iter          50 min   107.00489977224402      max   207.10815880041559     
 Low-speed solver Block           1  SIMPLE iterations:          61  res_p:   3.7333056254691081E-005
 --------------Force and Moment -----------------------------
 Total Force Coefficient (CL, CD, CS) =
  -3.8969256429174412E-002   4.0857478212764781E-002   2.8386023020505540E-022
 Total Moment Coefficient(CMx, CMy, CMz)=
   9.7423141072936013E-003   1.0214369553191195E-002  -1.8043202285189089E-002
 Kstep, t=          38   38.000000000000000     
 ----------The Max Residuals are--------  ---Mesh---           1
    0.1473582692E-03    0.1824156127E-03    0.6389749383E-04    0.2807142341E-19    0.1337053193E-03
   The R.M.S Residuals are 
    0.5187008058E-04    0.5933881020E-04    0.2014762857E-04    0.3587709179E-20    0.4588045784E-04
 CPU wall time in this step:  0.14830115399999988     
 Averaged CPU wall time is:  0.10447271997368421     
   DBG iter           1  maxU2=   30.000000000000000       maxFi=   6.2879409001835402E-003  maxFj=   1.3616011553049432E-002  Fi(21,1,1)=   0.0000000000000000       Fi(21,21,1)=   0.0000000000000000       Fi(41,21,1)=   0.0000000000000000     
   DBG div max=   3.8959989149107400E-003  res_p=   3.8959989149107400E-003
   SIMPLE iter           1  res_p=   3.8959989149107400E-003  u(1,1,1)=  -4.1641368716377303E-002  p(1,1,1)=   2045.9705146985029     
   DBG iter           2  maxU2=   30.000000000000000       maxFi=   2.2178093836518740E-003  maxFj=   3.4549610106985387E-003  Fi(21,1,1)=   0.0000000000000000       Fi(21,21,1)=   0.0000000000000000       Fi(41,21,1)=   0.0000000000000000     
   DBG div max=   1.9748194385057908E-003  res_p=   1.9748194385057908E-003
   SIMPLE iter           2  res_p=   1.9748194385057908E-003  u(1,1,1)= -0.18099069415493829       p(1,1,1)=   2045.9924418199762     
   DBG iter           3  maxU2=   30.000000000000000       maxFi=   1.6443036662844674E-003  maxFj=   9.6558802247639283E-003  Fi(21,1,1)=   0.0000000000000000       Fi(21,21,1)=   0.0000000000000000       Fi(41,21,1)=   0.0000000000000000     
   DBG div max=   1.8353673074736924E-003  res_p=   1.8353673074736924E-003
   SIMPLE iter           3  res_p=   1.8353673074736924E-003  u(1,1,1)= -0.19535964798359332       p(1,1,1)=   2045.9923429689748     
   SIMPLE iter           4  res_p=   1.0087216989750790E-003  u(1,1,1)= -0.16623697276378602       p(1,1,1)=   2045.9931302971431     
   SIMPLE iter           5  res_p=   1.0857998327012380E-003  u(1,1,1)= -0.15336264236643066       p(1,1,1)=   2045.9948922401168     
 DEBUG T iter          50 min   107.00491805541219      max   207.44692598352509     
 Low-speed solver Block           1  SIMPLE iterations:          61  res_p:   3.7333051086942473E-005
 --------------Force and Moment -----------------------------
 Total Force Coefficient (CL, CD, CS) =
  -3.8562175903972831E-002   4.0127321489750623E-002  -3.8360221980524186E-021
 Total Moment Coefficient(CMx, CMy, CMz)=
   9.6405439759932113E-003   1.0031830372437656E-002  -1.7854715882662679E-002
 Kstep, t=          39   39.000000000000000     
 ----------The Max Residuals are--------  ---Mesh---           1
    0.1436693160E-03    0.1764674327E-03    0.6278184909E-04    0.2323384642E-19    0.1295487259E-03
   The R.M.S Residuals are 
    0.5144518132E-04    0.5868416490E-04    0.1996765870E-04    0.3581073600E-20    0.4541449000E-04
 CPU wall time in this step:  0.19028591700000019     
 Averaged CPU wall time is:  0.10667305835897437     
   DBG iter           1  maxU2=   30.000000000000000       maxFi=   6.2879417560384662E-003  maxFj=   1.3616012700044389E-002  Fi(21,1,1)=   0.0000000000000000       Fi(21,21,1)=   0.0000000000000000       Fi(41,21,1)=   0.0000000000000000     
   DBG div max=   3.8959994547751904E-003  res_p=   3.8959994547751904E-003
   SIMPLE iter           1  res_p=   3.8959994547751904E-003  u(1,1,1)=  -4.1641368573861866E-002  p(1,1,1)=   2045.9705146984327     
   DBG iter           2  maxU2=   30.000000000000000       maxFi=   2.2178097255630964E-003  maxFj=   3.4549611264611318E-003  Fi(21,1,1)=   0.0000000000000000       Fi(21,21,1)=   0.0000000000000000       Fi(41,21,1)=   0.0000000000000000     
   DBG div max=   1.9748197391160978E-003  res_p=   1.9748197391160978E-003
   SIMPLE iter           2  res_p=   1.9748197391160978E-003  u(1,1,1)= -0.18099069538803431       p(1,1,1)=   2045.9924418200421     
   DBG iter           3  maxU2=   30.000000000000000       maxFi=   1.6443039814625705E-003  maxFj=   9.6558816071433094E-003  Fi(21,1,1)=   0.0000000000000000       Fi(21,21,1)=   0.0000000000000000       Fi(41,21,1)=   0.0000000000000000     
   DBG div max=   1.8353678605330017E-003  res_p=   1.8353678605330017E-003
   SIMPLE iter           3  res_p=   1.8353678605330017E-003  u(1,1,1)= -0.19535965056045804       p(1,1,1)=   2045.9923429693054     
   SIMPLE iter           4  res_p=   1.0087219717213316E-003  u(1,1,1)= -0.16623697381951252       p(1,1,1)=   2045.9931302972911     
   SIMPLE iter           5  res_p=   1.0858003164136033E-003  u(1,1,1)= -0.15336264448616740       p(1,1,1)=   2045.9948922405142     
 DEBUG T iter          50 min   107.00493546433438      max   207.76972609972660     
 Low-speed solver Block           1  SIMPLE iterations:          61  res_p:   3.7333047981817809E-005
 --------------Force and Moment -----------------------------
 Total Force Coefficient (CL, CD, CS) =
  -3.8168050599676318E-002   3.9428159691384176E-002  -2.8494016741261738E-021
 Total Moment Coefficient(CMx, CMy, CMz)=
   9.5420126499190776E-003   9.8570399228460441E-003  -1.7672227948638618E-002
 Kstep, t=          40   40.000000000000000     
 ----------The Max Residuals are--------  ---Mesh---           1
    0.1394908072E-03    0.1715171365E-03    0.6170286542E-04    0.2437126621E-19    0.1252698792E-03
   The R.M.S Residuals are 
    0.5099771762E-04    0.5801678260E-04    0.1978501407E-04    0.3639804310E-20    0.4493915568E-04
 write flow3d.dat ......
 write flow3d.dat OK
 write VTK files ......
 write merged flow3d.vtk OK: points=       18406  cells=        8760
 write VTK files OK
 CPU wall time in this step:  0.25015939700000001     
 Averaged CPU wall time is:  0.11026021682500001     
   DBG iter           1  maxU2=   30.000000000000000       maxFi=   6.2879422581250928E-003  maxFj=   1.3616013371798604E-002  Fi(21,1,1)=   0.0000000000000000       Fi(21,21,1)=   0.0000000000000000       Fi(41,21,1)=   0.0000000000000000     
   DBG div max=   3.8959997718776358E-003  res_p=   3.8959997718776358E-003
   SIMPLE iter           1  res_p=   3.8959997718776358E-003  u(1,1,1)=  -4.1641368503731499E-002  p(1,1,1)=   2045.9705146983936     
   DBG iter           2  maxU2=   30.000000000000000       maxFi=   2.2178099253519971E-003  maxFj=   3.4549611948205285E-003  Fi(21,1,1)=   0.0000000000000000       Fi(21,21,1)=   0.0000000000000000       Fi(41,21,1)=   0.0000000000000000     
   DBG div max=   1.9748199157026631E-003  res_p=   1.9748199157026631E-003
   SIMPLE iter           2  res_p=   1.9748199157026631E-003  u(1,1,1)= -0.18099069607102891       p(1,1,1)=   2045.9924418200737     
   DBG iter           3  maxU2=   30.000000000000000       maxFi=   1.6443041651718554E-003  maxFj=   9.6558824153334562E-003  Fi(21,1,1)=   0.0000000000000000       Fi(21,21,1)=   0.0000000000000000       Fi(41,21,1)=   0.0000000000000000     
   DBG div max=   1.8353681833760405E-003  res_p=   1.8353681833760405E-003
   SIMPLE iter           3  res_p=   1.8353681833760405E-003  u(1,1,1)= -0.19535965202926678       p(1,1,1)=   2045.9923429694920     
   SIMPLE iter           4  res_p=   1.0087221311856826E-003  u(1,1,1)= -0.16623697440439356       p(1,1,1)=   2045.9931302973710     
   SIMPLE iter           5  res_p=   1.0858005988312993E-003  u(1,1,1)= -0.15336264569952618       p(1,1,1)=   2045.9948922407393     
 DEBUG T iter          50 min   107.00495204643281      max   208.07740287430198     
 Low-speed solver Block           1  SIMPLE iterations:          61  res_p:   3.7333046117447172E-005
 --------------Force and Moment -----------------------------
 Total Force Coefficient (CL, CD, CS) =
  -3.7786079700322210E-002   3.8757852379052452E-002  -2.6424724374476660E-021
 Total Moment Coefficient(CMx, CMy, CMz)=
   9.4465199250805525E-003   9.6894630947631129E-003  -1.7495367687962133E-002
 Kstep, t=          41   41.000000000000000     
 ----------The Max Residuals are--------  ---Mesh---           1
    0.1363423154E-03    0.1662877261E-03    0.6066968674E-04    0.2809035082E-19    0.1217011936E-03
   The R.M.S Residuals are 
    0.5055007181E-04    0.5735652402E-04    0.1960450056E-04    0.3656577807E-20    0.4446470356E-04
 CPU wall time in this step:  0.12109024400000035     
 Averaged CPU wall time is:  0.11052436382926831     
   DBG iter           1  maxU2=   30.000000000000000       maxFi=   6.2879425526344741E-003  maxFj=   1.3616013765147674E-002  Fi(21,1,1)=   0.0000000000000000       Fi(21,21,1)=   0.0000000000000000       Fi(41,21,1)=   0.0000000000000000     
   DBG div max=   3.8959999581086109E-003  res_p=   3.8959999581086109E-003
   SIMPLE iter           1  res_p=   3.8959999581086109E-003  u(1,1,1)=  -4.1641368466585900E-002  p(1,1,1)=   2045.9705146983711     
   DBG iter           2  maxU2=   30.000000000000000       maxFi=   2.2178100420771371E-003  maxFj=   3.4549612351787522E-003  Fi(21,1,1)=   0.0000000000000000       Fi(21,21,1)=   0.0000000000000000       Fi(41,21,1)=   0.0000000000000000     
   DBG div max=   1.9748200194190501E-003  res_p=   1.9748200194190501E-003
   SIMPLE iter           2  res_p=   1.9748200194190501E-003  u(1,1,1)= -0.18099069644505728       p(1,1,1)=   2045.9924418200876     
   DBG iter           3  maxU2=   30.000000000000000       maxFi=   1.6443042722295558E-003  maxFj=   9.6558828877318474E-003  Fi(21,1,1)=   0.0000000000000000       Fi(21,21,1)=   0.0000000000000000       Fi(41,21,1)=   0.0000000000000000     
   DBG div max=   1.8353683717870616E-003  res_p=   1.8353683717870616E-003
   SIMPLE iter           3  res_p=   1.8353683717870616E-003  u(1,1,1)= -0.19535965286262288       p(1,1,1)=   2045.9923429695968     
   SIMPLE iter           4  res_p=   1.0087222243998352E-003  u(1,1,1)= -0.16623697472452428       p(1,1,1)=   2045.9931302974130     
   SIMPLE iter           5  res_p=   1.0858007636861036E-003  u(1,1,1)= -0.15336264639016428       p(1,1,1)=   2045.9948922408660     
 DEBUG T iter          50 min   107.00496784592303      max   208.37074774761098     
 Low-speed solver Block           1  SIMPLE iterations:          61  res_p:   3.7333044994250584E-005
 --------------Force and Moment -----------------------------
 Total Force Coefficient (CL, CD, CS) =
  -3.7415512171046099E-002   3.8114455886049198E-002  -8.3463597488973918E-022
 Total Moment Coefficient(CMx, CMy, CMz)=
   9.3538780427615247E-003   9.5286139715122994E-003  -1.7323787355805795E-002
 Kstep, t=          42   42.000000000000000     
 ----------The Max Residuals are--------  ---Mesh---           1
    0.1327129788E-03    0.1609386055E-03    0.5968818950E-04    0.2778552750E-19    0.1179485544E-03
   The R.M.S Residuals are 
    0.5008522617E-04    0.5668784131E-04    0.1942127106E-04    0.3621577918E-20    0.4398451188E-04
 CPU wall time in this step:  0.10654971899999932     
 Averaged CPU wall time is:  0.11042972942857142     
   DBG iter           1  maxU2=   30.000000000000000       maxFi=   6.2879427253719486E-003  maxFj=   1.3616013995441144E-002  Fi(21,1,1)=   0.0000000000000000       Fi(21,21,1)=   0.0000000000000000       Fi(41,21,1)=   0.0000000000000000     
   DBG div max=   3.8960000674683965E-003  res_p=   3.8960000674683965E-003
   SIMPLE iter           1  res_p=   3.8960000674683965E-003  u(1,1,1)=  -4.1641368448056250E-002  p(1,1,1)=   2045.9705146983588     
   DBG iter           2  maxU2=   30.000000000000000       maxFi=   2.2178101102645225E-003  maxFj=   3.4549612590002725E-003  Fi(21,1,1)=   0.0000000000000000       Fi(21,21,1)=   0.0000000000000000       Fi(41,21,1)=   0.0000000000000000     
   DBG div max=   1.9748200803303487E-003  res_p=   1.9748200803303487E-003
   SIMPLE iter           2  res_p=   1.9748200803303487E-003  u(1,1,1)= -0.18099069665086659       p(1,1,1)=   2045.9924418200937     
   DBG iter           3  maxU2=   30.000000000000000       maxFi=   1.6443043346076954E-003  maxFj=   9.6558831637995838E-003  Fi(21,1,1)=   0.0000000000000000       Fi(21,21,1)=   0.0000000000000000       Fi(41,21,1)=   0.0000000000000000     
   DBG div max=   1.8353684817192777E-003  res_p=   1.8353684817192777E-003
   SIMPLE iter           3  res_p=   1.8353684817192777E-003  u(1,1,1)= -0.19535965333703487       p(1,1,1)=   2045.9923429696562     
   SIMPLE iter           4  res_p=   1.0087222788765426E-003  u(1,1,1)= -0.16623697490001979       p(1,1,1)=   2045.9931302974355     
   SIMPLE iter           5  res_p=   1.0858008598949569E-003  u(1,1,1)= -0.15336264678427666       p(1,1,1)=   2045.9948922409380     
 DEBUG T iter          50 min   107.00498290418854      max   208.65050409256500     
 Low-speed solver Block           1  SIMPLE iterations:          61  res_p:   3.7333044321519616E-005
 --------------Force and Moment -----------------------------
 Total Force Coefficient (CL, CD, CS) =
  -3.7055645436422063E-002   3.7496201084851820E-002  -3.5406296425751171E-021
 Total Moment Coefficient(CMx, CMy, CMz)=
   9.2639113591055141E-003   9.3740502712129550E-003  -1.7157161645857229E-002
 Kstep, t=          43   43.000000000000000     
 ----------The Max Residuals are--------  ---Mesh---           1
    0.1287730534E-03    0.1561336579E-03    0.5876163909E-04    0.3267764085E-19    0.1141203624E-03
   The R.M.S Residuals are 
    0.4961844292E-04    0.5602438835E-04    0.1924127631E-04    0.3829140823E-20    0.4350590152E-04
 CPU wall time in this step:  0.10180847200000009     
 Averaged CPU wall time is:  0.11022923506976744     
   DBG iter           1  maxU2=   30.000000000000000       maxFi=   6.2879428266611141E-003  maxFj=   1.3616014130245191E-002  Fi(21,1,1)=   0.0000000000000000       Fi(21,21,1)=   0.0000000000000000       Fi(41,21,1)=   0.0000000000000000     
   DBG div max=   3.8960001316776000E-003  res_p=   3.8960001316776000E-003
   SIMPLE iter           1  res_p=   3.8960001316776000E-003  u(1,1,1)=  -4.1641368443181413E-002  p(1,1,1)=   2045.9705146983520     
   DBG iter           2  maxU2=   30.000000000000000       maxFi=   2.2178101500904164E-003  maxFj=   3.4549612730581164E-003  Fi(21,1,1)=   0.0000000000000000       Fi(21,21,1)=   0.0000000000000000       Fi(41,21,1)=   0.0000000000000000     
   DBG div max=   1.9748201160937444E-003  res_p=   1.9748201160937444E-003
   SIMPLE iter           2  res_p=   1.9748201160937444E-003  u(1,1,1)= -0.18099069676643126       p(1,1,1)=   2045.9924418200962     
   DBG iter           3  maxU2=   30.000000000000000       maxFi=   1.6443043709444653E-003  maxFj=   9.6558833251018470E-003  Fi(21,1,1)=   0.0000000000000000       Fi(21,21,1)=   0.0000000000000000       Fi(41,21,1)=   0.0000000000000000     
   DBG div max=   1.8353685458469167E-003  res_p=   1.8353685458469167E-003
   SIMPLE iter           3  res_p=   1.8353685458469167E-003  u(1,1,1)= -0.19535965360980653       p(1,1,1)=   2045.9923429696896     
   SIMPLE iter           4  res_p=   1.0087223107079889E-003  u(1,1,1)= -0.16623697499848658       p(1,1,1)=   2045.9931302974474     
   SIMPLE iter           5  res_p=   1.0858009160313736E-003  u(1,1,1)= -0.15336264701119623       p(1,1,1)=   2045.9948922409785     
 DEBUG T iter          50 min   107.00499726005097      max   208.91737109881012     
 Low-speed solver Block           1  SIMPLE iterations:          61  res_p:   3.7333043918378987E-005
 --------------Force and Moment -----------------------------
 Total Force Coefficient (CL, CD, CS) =
  -3.6705823953164365E-002   3.6901474276949411E-002  -1.3731211055211263E-021
 Total Moment Coefficient(CMx, CMy, CMz)=
   9.1764559882910948E-003   9.2253685692373529E-003  -1.6995187029317085E-002
 Kstep, t=          44   44.000000000000000     
 ----------The Max Residuals are--------  ---Mesh---           1
    0.1256046016E-03    0.1514875210E-03    0.5789180187E-04    0.2816945078E-19    0.1106062558E-03
   The R.M.S Residuals are 
    0.4914693908E-04    0.5536339470E-04    0.1906158763E-04    0.4076954099E-20    0.4302816824E-04
 CPU wall time in this step:  0.10334071000000034     
 Averaged CPU wall time is:  0.11007267768181818     
   DBG iter           1  maxU2=   30.000000000000000       maxFi=   6.2879428860547221E-003  maxFj=   1.3616014209141235E-002  Fi(21,1,1)=   0.0000000000000000       Fi(21,21,1)=   0.0000000000000000       Fi(41,21,1)=   0.0000000000000000     
   DBG div max=   3.8960001693801745E-003  res_p=   3.8960001693801745E-003
   SIMPLE iter           1  res_p=   3.8960001693801745E-003  u(1,1,1)=  -4.1641368443070335E-002  p(1,1,1)=   2045.9705146983486     
   DBG iter           2  maxU2=   30.000000000000000       maxFi=   2.2178101733499179E-003  maxFj=   3.4549612813517504E-003  Fi(21,1,1)=   0.0000000000000000       Fi(21,21,1)=   0.0000000000000000       Fi(41,21,1)=   0.0000000000000000     
   DBG div max=   1.9748201370881338E-003  res_p=   1.9748201370881338E-003
   SIMPLE iter           2  res_p=   1.9748201370881338E-003  u(1,1,1)= -0.18099069683092733       p(1,1,1)=   2045.9924418200972     
   DBG iter           3  maxU2=   30.000000000000000       maxFi=   1.6443043921090159E-003  maxFj=   9.6558834193272176E-003  Fi(21,1,1)=   0.0000000000000000       Fi(21,21,1)=   0.0000000000000000       Fi(41,21,1)=   0.0000000000000000     
   DBG div max=   1.8353685832440542E-003  res_p=   1.8353685832440542E-003
   SIMPLE iter           3  res_p=   1.8353685832440542E-003  u(1,1,1)= -0.19535965376563089       p(1,1,1)=   2045.9923429697087     
   SIMPLE iter           4  res_p=   1.0087223293037606E-003  u(1,1,1)= -0.16623697505331883       p(1,1,1)=   2045.9931302974539     
   SIMPLE iter           5  res_p=   1.0858009487765856E-003  u(1,1,1)= -0.15336264714203129       p(1,1,1)=   2045.9948922410019     
 DEBUG T iter          50 min   107.00501094998393      max   209.17200819436425     
 Low-speed solver Block           1  SIMPLE iterations:          61  res_p:   3.7333043676169957E-005
 --------------Force and Moment -----------------------------
 Total Force Coefficient (CL, CD, CS) =
  -3.6365437460868094E-002   3.6328800578853009E-002  -2.3352135399732066E-021
 Total Moment Coefficient(CMx, CMy, CMz)=
   9.0913593652170235E-003   9.0822001447132521E-003  -1.6837580944766596E-002
 Kstep, t=          45   45.000000000000000     
 ----------The Max Residuals are--------  ---Mesh---           1
    0.1221596124E-03    0.1467861550E-03    0.5707940970E-04    0.2822215042E-19    0.1072461888E-03
   The R.M.S Residuals are 
    0.4866898755E-04    0.5470323540E-04    0.1888334336E-04    0.3969390624E-20    0.4255120912E-04
 CPU wall time in this step:  0.10066146900000028     
 Averaged CPU wall time is:  0.10986353971111112     
   DBG iter           1  maxU2=   30.000000000000000       maxFi=   6.2879429208744942E-003  maxFj=   1.3616014255305862E-002  Fi(21,1,1)=   0.0000000000000000       Fi(21,21,1)=   0.0000000000000000       Fi(41,21,1)=   0.0000000000000000     
   DBG div max=   3.8960001915057580E-003  res_p=   3.8960001915057580E-003
   SIMPLE iter           1  res_p=   3.8960001915057580E-003  u(1,1,1)=  -4.1641368437007414E-002  p(1,1,1)=   2045.9705146983461     
   DBG iter           2  maxU2=   30.000000000000000       maxFi=   2.2178101869311903E-003  maxFj=   3.4549612862439850E-003  Fi(21,1,1)=   0.0000000000000000       Fi(21,21,1)=   0.0000000000000000       Fi(41,21,1)=   0.0000000000000000     
   DBG div max=   1.9748201494140688E-003  res_p=   1.9748201494140688E-003
   SIMPLE iter           2  res_p=   1.9748201494140688E-003  u(1,1,1)= -0.18099069686139868       p(1,1,1)=   2045.9924418200967     
   DBG iter           3  maxU2=   30.000000000000000       maxFi=   1.6443044044329291E-003  maxFj=   9.6558834743583274E-003  Fi(21,1,1)=   0.0000000000000000       Fi(21,21,1)=   0.0000000000000000       Fi(41,21,1)=   0.0000000000000000     
   DBG div max=   1.8353686050510531E-003  res_p=   1.8353686050510531E-003
   SIMPLE iter           3  res_p=   1.8353686050510531E-003  u(1,1,1)= -0.19535965384983839       p(1,1,1)=   2045.9923429697189     
   SIMPLE iter           4  res_p=   1.0087223401646105E-003  u(1,1,1)= -0.16623697507959428       p(1,1,1)=   2045.9931302974569     
   SIMPLE iter           5  res_p=   1.0858009678766690E-003  u(1,1,1)= -0.15336264721319945       p(1,1,1)=   2045.9948922410147     
 DEBUG T iter          50 min   107.00502400831344      max   209.41504056316415     
 Low-speed solver Block           1  SIMPLE iterations:          61  res_p:   3.7333043531098068E-005
 --------------Force and Moment -----------------------------
 Total Force Coefficient (CL, CD, CS) =
  -3.6033918926100306E-002   3.5776829381045969E-002  -5.0094018439223543E-021
 Total Moment Coefficient(CMx, CMy, CMz)=
   9.0084797315250764E-003   8.9442073452614922E-003  -1.6684080846066790E-002
 Kstep, t=          46   46.000000000000000     
 ----------The Max Residuals are--------  ---Mesh---           1
    0.1185321509E-03    0.1421085128E-03    0.5632458844E-04    0.3439183757E-19    0.1038631156E-03
   The R.M.S Residuals are 
    0.4819551165E-04    0.5405362473E-04    0.1870930801E-04    0.4155708214E-20    0.4208023528E-04
 CPU wall time in this step:  0.10147081299999972     
 Averaged CPU wall time is:  0.10968108913043478     
   DBG iter           1  maxU2=   30.000000000000000       maxFi=   6.2879429412867833E-003  maxFj=   1.3616014282316706E-002  Fi(21,1,1)=   0.0000000000000000       Fi(21,21,1)=   0.0000000000000000       Fi(41,21,1)=   0.0000000000000000     
   DBG div max=   3.8960002044983785E-003  res_p=   3.8960002044983785E-003
   SIMPLE iter           1  res_p=   3.8960002044983785E-003  u(1,1,1)=  -4.1641368439325539E-002  p(1,1,1)=   2045.9705146983451     
   DBG iter           2  maxU2=   30.000000000000000       maxFi=   2.2178101948602679E-003  maxFj=   3.4549612891286476E-003  Fi(21,1,1)=   0.0000000000000000       Fi(21,21,1)=   0.0000000000000000       Fi(41,21,1)=   0.0000000000000000     
   DBG div max=   1.9748201566478964E-003  res_p=   1.9748201566478964E-003
   SIMPLE iter           2  res_p=   1.9748201566478964E-003  u(1,1,1)= -0.18099069688193711       p(1,1,1)=   2045.9924418200967     
   DBG iter           3  maxU2=   30.000000000000000       maxFi=   1.6443044116083037E-003  maxFj=   9.6558835064941353E-003  Fi(21,1,1)=   0.0000000000000000       Fi(21,21,1)=   0.0000000000000000       Fi(41,21,1)=   0.0000000000000000     
   DBG div max=   1.8353686177641831E-003  res_p=   1.8353686177641831E-003
   SIMPLE iter           3  res_p=   1.8353686177641831E-003  u(1,1,1)= -0.19535965390161808       p(1,1,1)=   2045.9923429697251     
   SIMPLE iter           4  res_p=   1.0087223465071204E-003  u(1,1,1)= -0.16623697509654367       p(1,1,1)=   2045.9931302974587     
   SIMPLE iter           5  res_p=   1.0858009790139988E-003  u(1,1,1)= -0.15336264725633991       p(1,1,1)=   2045.9948922410219     
 DEBUG T iter          50 min   107.00503646744397      max   209.64706564252401     
 Low-speed solver Block           1  SIMPLE iterations:          61  res_p:   3.7333043445943962E-005
 --------------Force and Moment -----------------------------
 Total Force Coefficient (CL, CD, CS) =
  -3.5710742254734591E-002   3.5244321567107585E-002  -5.2997243550841120E-021
 Total Moment Coefficient(CMx, CMy, CMz)=
   8.9276855636836478E-003   8.8110803917768963E-003  -1.6534443142981706E-002
 Kstep, t=          47   47.000000000000000     
 ----------The Max Residuals are--------  ---Mesh---           1
    0.1153411689E-03    0.1379628606E-03    0.5562721205E-04    0.2760903995E-19    0.1005071339E-03
   The R.M.S Residuals are 
    0.4771903840E-04    0.5340764053E-04    0.1853663198E-04    0.4087320814E-20    0.4161242619E-04
 CPU wall time in this step:  0.10046235499999945     
 Averaged CPU wall time is:  0.10948494585106382     
   DBG iter           1  maxU2=   30.000000000000000       maxFi=   6.2879429532449824E-003  maxFj=   1.3616014298115795E-002  Fi(21,1,1)=   0.0000000000000000       Fi(21,21,1)=   0.0000000000000000       Fi(41,21,1)=   0.0000000000000000     
   DBG div max=   3.8960002121187437E-003  res_p=   3.8960002121187437E-003
   SIMPLE iter           1  res_p=   3.8960002121187437E-003  u(1,1,1)=  -4.1641368439534365E-002  p(1,1,1)=   2045.9705146983442     
   DBG iter           2  maxU2=   30.000000000000000       maxFi=   2.2178101994884706E-003  maxFj=   3.4549612908293184E-003  Fi(21,1,1)=   0.0000000000000000       Fi(21,21,1)=   0.0000000000000000       Fi(41,21,1)=   0.0000000000000000     
   DBG div max=   1.9748201608889874E-003  res_p=   1.9748201608889874E-003
   SIMPLE iter           2  res_p=   1.9748201608889874E-003  u(1,1,1)= -0.18099069689220637       p(1,1,1)=   2045.9924418200962     
   DBG iter           3  maxU2=   30.000000000000000       maxFi=   1.6443044157846572E-003  maxFj=   9.6558835252539624E-003  Fi(21,1,1)=   0.0000000000000000       Fi(21,21,1)=   0.0000000000000000       Fi(41,21,1)=   0.0000000000000000     
   DBG div max=   1.8353686251703274E-003  res_p=   1.8353686251703274E-003
   SIMPLE iter           3  res_p=   1.8353686251703274E-003  u(1,1,1)= -0.19535965393039487       p(1,1,1)=   2045.9923429697283     
   SIMPLE iter           4  res_p=   1.0087223502104167E-003  u(1,1,1)= -0.16623697510616184       p(1,1,1)=   2045.9931302974594     
   SIMPLE iter           5  res_p=   1.0858009855051302E-003  u(1,1,1)= -0.15336264728187707       p(1,1,1)=   2045.9948922410260     
 DEBUG T iter          50 min   107.00504835812734      max   209.86865945635739     
 Low-speed solver Block           1  SIMPLE iterations:          61  res_p:   3.7333043393917003E-005
 --------------Force and Moment -----------------------------
 Total Force Coefficient (CL, CD, CS) =
  -3.5395419851400031E-002   3.4730138246222009E-002  -7.3429022834817239E-021
 Total Moment Coefficient(CMx, CMy, CMz)=
   8.8488549628500061E-003   8.6825345615555022E-003  -1.6388442071042852E-002
 Kstep, t=          48   48.000000000000000     
 ----------The Max Residuals are--------  ---Mesh---           1
    0.1125560346E-03    0.1338560810E-03    0.5498707708E-04    0.3016233647E-19    0.9900663825E-04
   The R.M.S Residuals are 
    0.4724455501E-04    0.5276972448E-04    0.1836771363E-04    0.4288999752E-20    0.4115041937E-04
 CPU wall time in this step:   9.9648909999999979E-002
 Averaged CPU wall time is:  0.10928002843750000     
   DBG iter           1  maxU2=   30.000000000000000       maxFi=   6.2879429602557798E-003  maxFj=   1.3616014307359418E-002  Fi(21,1,1)=   0.0000000000000000       Fi(21,21,1)=   0.0000000000000000       Fi(41,21,1)=   0.0000000000000000     
   DBG div max=   3.8960002165973292E-003  res_p=   3.8960002165973292E-003
   SIMPLE iter           1  res_p=   3.8960002165973292E-003  u(1,1,1)=  -4.1641368441599602E-002  p(1,1,1)=   2045.9705146983440     
   DBG iter           2  maxU2=   30.000000000000000       maxFi=   2.2178102021893865E-003  maxFj=   3.4549612918326274E-003  Fi(21,1,1)=   0.0000000000000000       Fi(21,21,1)=   0.0000000000000000       Fi(41,21,1)=   0.0000000000000000     
   DBG div max=   1.9748201633796709E-003  res_p=   1.9748201633796709E-003
   SIMPLE iter           2  res_p=   1.9748201633796709E-003  u(1,1,1)= -0.18099069689880384       p(1,1,1)=   2045.9924418200960     
   DBG iter           3  maxU2=   30.000000000000000       maxFi=   1.6443044182154276E-003  maxFj=   9.6558835362080767E-003  Fi(21,1,1)=   0.0000000000000000       Fi(21,21,1)=   0.0000000000000000       Fi(41,21,1)=   0.0000000000000000     
   DBG div max=   1.8353686294913926E-003  res_p=   1.8353686294913926E-003
   SIMPLE iter           3  res_p=   1.8353686294913926E-003  u(1,1,1)= -0.19535965394747418       p(1,1,1)=   2045.9923429697303     
   SIMPLE iter           4  res_p=   1.0087223523721598E-003  u(1,1,1)= -0.16623697511146823       p(1,1,1)=   2045.9931302974599     
   SIMPLE iter           5  res_p=   1.0858009892929154E-003  u(1,1,1)= -0.15336264729576476       p(1,1,1)=   2045.9948922410285     
 DEBUG T iter          50 min   107.00505970976157      max   210.08038080027848     
 Low-speed solver Block           1  SIMPLE iterations:          61  res_p:   3.7333043361766939E-005
 --------------Force and Moment -----------------------------
 Total Force Coefficient (CL, CD, CS) =
  -3.5087500095551116E-002   3.4233230796298322E-002  -6.4680175481128159E-021
 Total Moment Coefficient(CMx, CMy, CMz)=
   8.7718750238877773E-003   8.5583076990745806E-003  -1.6245868522832566E-002
 Kstep, t=          49   49.000000000000000     
 ----------The Max Residuals are--------  ---Mesh---           1
    0.1115060852E-03    0.1297875874E-03    0.5440408354E-04    0.3379110199E-19    0.9809499196E-04
   The R.M.S Residuals are 
    0.4677629446E-04    0.5214352505E-04    0.1820321807E-04    0.4202080250E-20    0.4069646680E-04
 CPU wall time in this step:  0.10119031400000011     
 Averaged CPU wall time is:  0.10911493222448979     
   DBG iter           1  maxU2=   30.000000000000000       maxFi=   6.2879429643664881E-003  maxFj=   1.3616014312766754E-002  Fi(21,1,1)=   0.0000000000000000       Fi(21,21,1)=   0.0000000000000000       Fi(41,21,1)=   0.0000000000000000     
   DBG div max=   3.8960002192187453E-003  res_p=   3.8960002192187453E-003
   SIMPLE iter           1  res_p=   3.8960002192187453E-003  u(1,1,1)=  -4.1641368442269802E-002  p(1,1,1)=   2045.9705146983438     
   DBG iter           2  maxU2=   30.000000000000000       maxFi=   2.2178102037659249E-003  maxFj=   3.4549612924227356E-003  Fi(21,1,1)=   0.0000000000000000       Fi(21,21,1)=   0.0000000000000000       Fi(41,21,1)=   0.0000000000000000     
   DBG div max=   1.9748201648417405E-003  res_p=   1.9748201648417405E-003
   SIMPLE iter           2  res_p=   1.9748201648417405E-003  u(1,1,1)= -0.18099069690182715       p(1,1,1)=   2045.9924418200958     
   DBG iter           3  maxU2=   30.000000000000000       maxFi=   1.6443044196297666E-003  maxFj=   9.6558835426007027E-003  Fi(21,1,1)=   0.0000000000000000       Fi(21,21,1)=   0.0000000000000000       Fi(41,21,1)=   0.0000000000000000     
   DBG div max=   1.8353686320046938E-003  res_p=   1.8353686320046938E-003
   SIMPLE iter           3  res_p=   1.8353686320046938E-003  u(1,1,1)= -0.19535965395650934       p(1,1,1)=   2045.9923429697312     
   SIMPLE iter           4  res_p=   1.0087223536342951E-003  u(1,1,1)= -0.16623697511354879       p(1,1,1)=   2045.9931302974599     
   SIMPLE iter           5  res_p=   1.0858009914968183E-003  u(1,1,1)= -0.15336264730287660       p(1,1,1)=   2045.9948922410297     
 DEBUG T iter          50 min   107.00507055066367      max   210.28277159301609     
 Low-speed solver Block           1  SIMPLE iterations:          61  res_p:   3.7333043343604384E-005
 --------------Force and Moment -----------------------------
 Total Force Coefficient (CL, CD, CS) =
  -3.4786564793428419E-002   3.3752632047264822E-002  -4.4257052235882368E-021
 Total Moment Coefficient(CMx, CMy, CMz)=
   8.6966411983571031E-003   8.4381580118162054E-003  -1.6106528868124460E-002
 Kstep, t=          50   50.000000000000000     
 ----------The Max Residuals are--------  ---Mesh---           1
    0.1105676116E-03    0.1257937609E-03    0.5387835838E-04    0.3210779298E-19    0.9727950586E-04
   The R.M.S Residuals are 
    0.4631088176E-04    0.5152587271E-04    0.1804188908E-04    0.4171609888E-20    0.4024934295E-04
 write flow3d.dat ......
 write flow3d.dat OK
 write VTK files ......
 write merged flow3d.vtk OK: points=       18406  cells=        8760
 write VTK files OK
 CPU wall time in this step:  0.19080484799999997     
 Averaged CPU wall time is:  0.11074873053999999     
   DBG iter           1  maxU2=   30.000000000000000       maxFi=   6.2879429667719077E-003  maxFj=   1.3616014315923086E-002  Fi(21,1,1)=   0.0000000000000000       Fi(21,21,1)=   0.0000000000000000       Fi(41,21,1)=   0.0000000000000000     
   DBG div max=   3.8960002207569207E-003  res_p=   3.8960002207569207E-003
   SIMPLE iter           1  res_p=   3.8960002207569207E-003  u(1,1,1)=  -4.1641368440556402E-002  p(1,1,1)=   2045.9705146983433     
   DBG iter           2  maxU2=   30.000000000000000       maxFi=   2.2178102046873406E-003  maxFj=   3.4549612927711154E-003  Fi(21,1,1)=   0.0000000000000000       Fi(21,21,1)=   0.0000000000000000       Fi(41,21,1)=   0.0000000000000000     
   DBG div max=   1.9748201656975316E-003  res_p=   1.9748201656975316E-003
   SIMPLE iter           2  res_p=   1.9748201656975316E-003  u(1,1,1)= -0.18099069690217973       p(1,1,1)=   2045.9924418200953     
   DBG iter           3  maxU2=   30.000000000000000       maxFi=   1.6443044204531992E-003  maxFj=   9.6558835463270657E-003  Fi(21,1,1)=   0.0000000000000000       Fi(21,21,1)=   0.0000000000000000       Fi(41,21,1)=   0.0000000000000000     
   DBG div max=   1.8353686334706236E-003  res_p=   1.8353686334706236E-003
   SIMPLE iter           3  res_p=   1.8353686334706236E-003  u(1,1,1)= -0.19535965396046234       p(1,1,1)=   2045.9923429697315     
   SIMPLE iter           4  res_p=   1.0087223543696158E-003  u(1,1,1)= -0.16623697511390884       p(1,1,1)=   2045.9931302974596     
   SIMPLE iter           5  res_p=   1.0858009927829926E-003  u(1,1,1)= -0.15336264730669846       p(1,1,1)=   2045.9948922410299     
 DEBUG T iter          50 min   107.00508090823583      max   210.47635348087920     
 Low-speed solver Block           1  SIMPLE iterations:          61  res_p:   3.7333043332215057E-005
 --------------Force and Moment -----------------------------
 Total Force Coefficient (CL, CD, CS) =
  -3.4492226656236052E-002   3.3287448459472076E-002  -2.0481202381670282E-021
 Total Moment Coefficient(CMx, CMy, CMz)=
   8.6230566640590148E-003   8.3218621148680189E-003  -1.5970243786179769E-002
 Kstep, t=          51   51.000000000000000     
 ----------The Max Residuals are--------  ---Mesh---           1
    0.1097418890E-03    0.1220981417E-03    0.5341033700E-04    0.3417450939E-19    0.9656213588E-04
   The R.M.S Residuals are 
    0.4585119045E-04    0.5091924037E-04    0.1788501767E-04    0.4268815030E-20    0.3981067749E-04
 CPU wall time in this step:  0.10253111100000023     
 Averaged CPU wall time is:  0.11058760074509803     
   DBG iter           1  maxU2=   30.000000000000000       maxFi=   6.2879429681807868E-003  maxFj=   1.3616014317770092E-002  Fi(21,1,1)=   0.0000000000000000       Fi(21,21,1)=   0.0000000000000000       Fi(41,21,1)=   0.0000000000000000     
   DBG div max=   3.8960002216666886E-003  res_p=   3.8960002216666886E-003
   SIMPLE iter           1  res_p=   3.8960002216666886E-003  u(1,1,1)=  -4.1641368442133238E-002  p(1,1,1)=   2045.9705146983438     
   DBG iter           2  maxU2=   30.000000000000000       maxFi=   2.2178102052244145E-003  maxFj=   3.4549612929766706E-003  Fi(21,1,1)=   0.0000000000000000       Fi(21,21,1)=   0.0000000000000000       Fi(41,21,1)=   0.0000000000000000     
   DBG div max=   1.9748201662011500E-003  res_p=   1.9748201662011500E-003
   SIMPLE iter           2  res_p=   1.9748201662011500E-003  u(1,1,1)= -0.18099069690376515       p(1,1,1)=   2045.9924418200958     
   DBG iter           3  maxU2=   30.000000000000000       maxFi=   1.6443044209323984E-003  maxFj=   9.6558835485030543E-003  Fi(21,1,1)=   0.0000000000000000       Fi(21,21,1)=   0.0000000000000000       Fi(41,21,1)=   0.0000000000000000     
   DBG div max=   1.8353686343228299E-003  res_p=   1.8353686343228299E-003
   SIMPLE iter           3  res_p=   1.8353686343228299E-003  u(1,1,1)= -0.19535965396434646       p(1,1,1)=   2045.9923429697324     
   SIMPLE iter           4  res_p=   1.0087223547994208E-003  u(1,1,1)= -0.16623697511547247       p(1,1,1)=   2045.9931302974603     
   SIMPLE iter           5  res_p=   1.0858009935307122E-003  u(1,1,1)= -0.15336264731028132       p(1,1,1)=   2045.9948922410310     
 DEBUG T iter          50 min   107.00509080897147      max   210.66162278867495     
 Low-speed solver Block           1  SIMPLE iterations:          61  res_p:   3.7333043325722855E-005
 --------------Force and Moment -----------------------------
 Total Force Coefficient (CL, CD, CS) =
  -3.4204126846719314E-002   3.2836853172817142E-002  -3.1043570448054857E-021
 Total Moment Coefficient(CMx, CMy, CMz)=
   8.5510317116798268E-003   8.2092132932042854E-003  -1.5836847129728451E-002
 Kstep, t=          52   52.000000000000000     
 ----------The Max Residuals are--------  ---Mesh---           1
    0.1090310082E-03    0.1185757603E-03    0.5300084104E-04    0.2787622111E-19    0.9594535921E-04
   The R.M.S Residuals are 
    0.4540066877E-04    0.5032661138E-04    0.1773333189E-04    0.4407350799E-20    0.3938223461E-04
 CPU wall time in this step:  0.10467324700000002     
 Averaged CPU wall time is:  0.11047386317307692     
   DBG iter           1  maxU2=   30.000000000000000       maxFi=   6.2879429690096168E-003  maxFj=   1.3616014318850192E-002  Fi(21,1,1)=   0.0000000000000000       Fi(21,21,1)=   0.0000000000000000       Fi(41,21,1)=   0.0000000000000000     
   DBG div max=   3.8960002221941886E-003  res_p=   3.8960002221941886E-003
   SIMPLE iter           1  res_p=   3.8960002221941886E-003  u(1,1,1)=  -4.1641368438126616E-002  p(1,1,1)=   2045.9705146983433     
   DBG iter           2  maxU2=   30.000000000000000       maxFi=   2.2178102055373013E-003  maxFj=   3.4549612930970960E-003  Fi(21,1,1)=   0.0000000000000000       Fi(21,21,1)=   0.0000000000000000       Fi(41,21,1)=   0.0000000000000000     
   DBG div max=   1.9748201664939583E-003  res_p=   1.9748201664939583E-003
   SIMPLE iter           2  res_p=   1.9748201664939583E-003  u(1,1,1)= -0.18099069690146935       p(1,1,1)=   2045.9924418200953     
   DBG iter           3  maxU2=   30.000000000000000       maxFi=   1.6443044212102998E-003  maxFj=   9.6558835497698274E-003  Fi(21,1,1)=   0.0000000000000000       Fi(21,21,1)=   0.0000000000000000       Fi(41,21,1)=   0.0000000000000000     
   DBG div max=   1.8353686348179070E-003  res_p=   1.8353686348179070E-003
   SIMPLE iter           3  res_p=   1.8353686348179070E-003  u(1,1,1)= -0.19535965396290181       p(1,1,1)=   2045.9923429697321     
   SIMPLE iter           4  res_p=   1.0087223550499054E-003  u(1,1,1)= -0.16623697511291236       p(1,1,1)=   2045.9931302974599     
   SIMPLE iter           5  res_p=   1.0858009939659101E-003  u(1,1,1)= -0.15336264730856522       p(1,1,1)=   2045.9948922410308     
 DEBUG T iter          50 min   107.00510027831639      max   210.83904639095400     
 Low-speed solver Block           1  SIMPLE iterations:          61  res_p:   3.7333043322100318E-005
 --------------Force and Moment -----------------------------
 Total Force Coefficient (CL, CD, CS) =
  -3.3921932628359713E-002   3.2400079819400053E-002  -4.2792284259124784E-021
 Total Moment Coefficient(CMx, CMy, CMz)=
   8.4804831570899283E-003   8.1000199548500133E-003  -1.5706184836476282E-002
 Kstep, t=          53   53.000000000000000     
 ----------The Max Residuals are--------  ---Mesh---           1
    0.1084379799E-03    0.1151193197E-03    0.5265114172E-04    0.2738414901E-19    0.9543230685E-04
   The R.M.S Residuals are 
    0.4495765945E-04    0.4974634683E-04    0.1758607347E-04    0.4387989013E-20    0.3896349394E-04
 CPU wall time in this step:  0.10046351500000039     
 Averaged CPU wall time is:  0.11028498867924529     
   DBG iter           1  maxU2=   30.000000000000000       maxFi=   6.2879429694909991E-003  maxFj=   1.3616014319481777E-002  Fi(21,1,1)=   0.0000000000000000       Fi(21,21,1)=   0.0000000000000000       Fi(41,21,1)=   0.0000000000000000     
   DBG div max=   3.8960002225020608E-003  res_p=   3.8960002225020608E-003
   SIMPLE iter           1  res_p=   3.8960002225020608E-003  u(1,1,1)=  -4.1641368440752953E-002  p(1,1,1)=   2045.9705146983438     
   DBG iter           2  maxU2=   30.000000000000000       maxFi=   2.2178102057190678E-003  maxFj=   3.4549612931680483E-003  Fi(21,1,1)=   0.0000000000000000       Fi(21,21,1)=   0.0000000000000000       Fi(41,21,1)=   0.0000000000000000     
   DBG div max=   1.9748201666688245E-003  res_p=   1.9748201666688245E-003
   SIMPLE iter           2  res_p=   1.9748201666688245E-003  u(1,1,1)= -0.18099069690416419       p(1,1,1)=   2045.9924418200958     
   DBG iter           3  maxU2=   30.000000000000000       maxFi=   1.6443044213720645E-003  maxFj=   9.6558835505119976E-003  Fi(21,1,1)=   0.0000000000000000       Fi(21,21,1)=   0.0000000000000000       Fi(41,21,1)=   0.0000000000000000     
   DBG div max=   1.8353686351098766E-003  res_p=   1.8353686351098766E-003
   SIMPLE iter           3  res_p=   1.8353686351098766E-003  u(1,1,1)= -0.19535965396712254       p(1,1,1)=   2045.9923429697328     
   SIMPLE iter           4  res_p=   1.0087223551962683E-003  u(1,1,1)= -0.16623697511662483       p(1,1,1)=   2045.9931302974605     
   SIMPLE iter           5  res_p=   1.0858009942207028E-003  u(1,1,1)= -0.15336264731322577       p(1,1,1)=   2045.9948922410317     
 DEBUG T iter          50 min   107.00510934046787      max   211.00905986331483     
 Low-speed solver Block           1  SIMPLE iterations:          61  res_p:   3.7333043318586636E-005
 --------------Force and Moment -----------------------------
 Total Force Coefficient (CL, CD, CS) =
  -3.3645335143439266E-002   3.1976417006989791E-002  -4.0856427092904526E-021
 Total Moment Coefficient(CMx, CMy, CMz)=
   8.4113337858598199E-003   7.9941042517474477E-003  -1.5578113900291107E-002
 Kstep, t=          54   54.000000000000000     
 ----------The Max Residuals are--------  ---Mesh---           1
    0.1079668278E-03    0.1117454539E-03    0.5236301336E-04    0.3267297483E-19    0.9502686805E-04
   The R.M.S Residuals are 
    0.4452335038E-04    0.4917940420E-04    0.1744371319E-04    0.4361671308E-20    0.3855518330E-04
 CPU wall time in this step:  0.10224771700000002     
 Averaged CPU wall time is:  0.11013615031481482     
   DBG iter           1  maxU2=   30.000000000000000       maxFi=   6.2879429697754998E-003  maxFj=   1.3616014319850558E-002  Fi(21,1,1)=   0.0000000000000000       Fi(21,21,1)=   0.0000000000000000       Fi(41,21,1)=   0.0000000000000000     
   DBG div max=   3.8960002226830640E-003  res_p=   3.8960002226830640E-003
   SIMPLE iter           1  res_p=   3.8960002226830640E-003  u(1,1,1)=  -4.1641368441820169E-002  p(1,1,1)=   2045.9705146983438     
   DBG iter           2  maxU2=   30.000000000000000       maxFi=   2.2178102058256969E-003  maxFj=   3.4549612932098508E-003  Fi(21,1,1)=   0.0000000000000000       Fi(21,21,1)=   0.0000000000000000       Fi(41,21,1)=   0.0000000000000000     
   DBG div max=   1.9748201667704056E-003  res_p=   1.9748201667704056E-003
   SIMPLE iter           2  res_p=   1.9748201667704056E-003  u(1,1,1)= -0.18099069690498848       p(1,1,1)=   2045.9924418200958     
   DBG iter           3  maxU2=   30.000000000000000       maxFi=   1.6443044214665742E-003  maxFj=   9.6558835509449829E-003  Fi(21,1,1)=   0.0000000000000000       Fi(21,21,1)=   0.0000000000000000       Fi(41,21,1)=   0.0000000000000000     
   DBG div max=   1.8353686352771108E-003  res_p=   1.8353686352771108E-003
   SIMPLE iter           3  res_p=   1.8353686352771108E-003  u(1,1,1)= -0.19535965396795871       p(1,1,1)=   2045.9923429697328     
   SIMPLE iter           4  res_p=   1.0087223552820690E-003  u(1,1,1)= -0.16623697511673227       p(1,1,1)=   2045.9931302974603     
   SIMPLE iter           5  res_p=   1.0858009943684865E-003  u(1,1,1)= -0.15336264731347707       p(1,1,1)=   2045.9948922410315     
 DEBUG T iter          50 min   107.00511801820763      max   211.17206777097857     
 Low-speed solver Block           1  SIMPLE iterations:          61  res_p:   3.7333043318173338E-005
 --------------Force and Moment -----------------------------
 Total Force Coefficient (CL, CD, CS) =
  -3.3374047338439239E-002   3.1565203392832530E-002  -3.1884438356081357E-021
 Total Moment Coefficient(CMx, CMy, CMz)=
   8.3435118346098097E-003   7.8913008482081326E-003  -1.5452501410616033E-002
 Kstep, t=          55   55.000000000000000     
 ----------The Max Residuals are--------  ---Mesh---           1
    0.1076226803E-03    0.1085421004E-03    0.5213878584E-04    0.2760101795E-19    0.9473378735E-04
   The R.M.S Residuals are 
    0.4409984711E-04    0.4862756353E-04    0.1730688637E-04    0.4341547147E-20    0.3815841478E-04
 CPU wall time in this step:  0.10277684199999992     
 Averaged CPU wall time is:  0.11000234470909091     
   DBG iter           1  maxU2=   30.000000000000000       maxFi=   6.2879429699372429E-003  maxFj=   1.3616014320063721E-002  Fi(21,1,1)=   0.0000000000000000       Fi(21,21,1)=   0.0000000000000000       Fi(41,21,1)=   0.0000000000000000     
   DBG div max=   3.8960002227897616E-003  res_p=   3.8960002227897616E-003
   SIMPLE iter           1  res_p=   3.8960002227897616E-003  u(1,1,1)=  -4.1641368443037383E-002  p(1,1,1)=   2045.9705146983438     
   DBG iter           2  maxU2=   30.000000000000000       maxFi=   2.2178102058880893E-003  maxFj=   3.4549612932343338E-003  Fi(21,1,1)=   0.0000000000000000       Fi(21,21,1)=   0.0000000000000000       Fi(41,21,1)=   0.0000000000000000     
   DBG div max=   1.9748201668298242E-003  res_p=   1.9748201668298242E-003
   SIMPLE iter           2  res_p=   1.9748201668298242E-003  u(1,1,1)= -0.18099069690565234       p(1,1,1)=   2045.9924418200958     
   DBG iter           3  maxU2=   30.000000000000000       maxFi=   1.6443044215210113E-003  maxFj=   9.6558835511946668E-003  Fi(21,1,1)=   0.0000000000000000       Fi(21,21,1)=   0.0000000000000000       Fi(41,21,1)=   0.0000000000000000     
   DBG div max=   1.8353686353738815E-003  res_p=   1.8353686353738815E-003
   SIMPLE iter           3  res_p=   1.8353686353738815E-003  u(1,1,1)= -0.19535965396949642       p(1,1,1)=   2045.9923429697328     
   SIMPLE iter           4  res_p=   1.0087223553308130E-003  u(1,1,1)= -0.16623697511765445       p(1,1,1)=   2045.9931302974603     
   SIMPLE iter           5  res_p=   1.0858009944548289E-003  u(1,1,1)= -0.15336264731473034       p(1,1,1)=   2045.9948922410315     
 DEBUG T iter          50 min   107.00512633282085      max   211.32844525049637     
 Low-speed solver Block           1  SIMPLE iterations:          61  res_p:   3.7333043316529254E-005
 --------------Force and Moment -----------------------------
 Total Force Coefficient (CL, CD, CS) =
  -3.3107802047962820E-002   3.1165823277778261E-002  -2.8366346824099412E-021
 Total Moment Coefficient(CMx, CMy, CMz)=
   8.2769505119907050E-003   7.7914558194445652E-003  -1.5329223665288801E-002
 Kstep, t=          56   56.000000000000000     
 ----------The Max Residuals are--------  ---Mesh---           1
    0.1074118672E-03    0.1084284096E-03    0.5198139765E-04    0.3314048152E-19    0.9455875672E-04
   The R.M.S Residuals are 
    0.4368798933E-04    0.4809146223E-04    0.1717560961E-04    0.4476972397E-20    0.3777370483E-04
 CPU wall time in this step:  0.11308200599999996     
 Averaged CPU wall time is:  0.11005733866071429     
   DBG iter           1  maxU2=   30.000000000000000       maxFi=   6.2879429700370667E-003  maxFj=   1.3616014320189912E-002  Fi(21,1,1)=   0.0000000000000000       Fi(21,21,1)=   0.0000000000000000       Fi(41,21,1)=   0.0000000000000000     
   DBG div max=   3.8960002228531497E-003  res_p=   3.8960002228531497E-003
   SIMPLE iter           1  res_p=   3.8960002228531497E-003  u(1,1,1)=  -4.1641368442015991E-002  p(1,1,1)=   2045.9705146983438     
   DBG iter           2  maxU2=   30.000000000000000       maxFi=   2.2178102059244166E-003  maxFj=   3.4549612932495968E-003  Fi(21,1,1)=   0.0000000000000000       Fi(21,21,1)=   0.0000000000000000       Fi(41,21,1)=   0.0000000000000000     
   DBG div max=   1.9748201668636674E-003  res_p=   1.9748201668636674E-003
   SIMPLE iter           2  res_p=   1.9748201668636674E-003  u(1,1,1)= -0.18099069690450517       p(1,1,1)=   2045.9924418200958     
   DBG iter           3  maxU2=   30.000000000000000       maxFi=   1.6443044215531219E-003  maxFj=   9.6558835513417696E-003  Fi(21,1,1)=   0.0000000000000000       Fi(21,21,1)=   0.0000000000000000       Fi(41,21,1)=   0.0000000000000000     
   DBG div max=   1.8353686354333010E-003  res_p=   1.8353686354333010E-003
   SIMPLE iter           3  res_p=   1.8353686354333010E-003  u(1,1,1)= -0.19535965396838900       p(1,1,1)=   2045.9923429697328     
   SIMPLE iter           4  res_p=   1.0087223553596398E-003  u(1,1,1)= -0.16623697511624791       p(1,1,1)=   2045.9931302974603     
   SIMPLE iter           5  res_p=   1.0858009945053206E-003  u(1,1,1)= -0.15336264731334856       p(1,1,1)=   2045.9948922410315     
 DEBUG T iter          50 min   107.00513430410311      max   211.47854010241718     
 Low-speed solver Block           1  SIMPLE iterations:          61  res_p:   3.7333043316996762E-005
 --------------Force and Moment -----------------------------
 Total Force Coefficient (CL, CD, CS) =
  -3.2846350241926794E-002   3.0777702659645079E-002  -2.2120903029026260E-021
 Total Moment Coefficient(CMx, CMy, CMz)=
   8.2115875604816986E-003   7.6944256649112697E-003  -1.5208165358962685E-002
 Kstep, t=          57   57.000000000000000     
 ----------The Max Residuals are--------  ---Mesh---           1
    0.1073420212E-03    0.1084648732E-03    0.5189445050E-04    0.3331017714E-19    0.9450850597E-04
   The R.M.S Residuals are 
    0.4328763719E-04    0.4757084755E-04    0.1704977298E-04    0.4523711306E-20    0.3740112065E-04
 CPU wall time in this step:  0.10578018399999944     
 Averaged CPU wall time is:  0.10998230085964912     
   DBG iter           1  maxU2=   30.000000000000000       maxFi=   6.2879429700915864E-003  maxFj=   1.3616014320262859E-002  Fi(21,1,1)=   0.0000000000000000       Fi(21,21,1)=   0.0000000000000000       Fi(41,21,1)=   0.0000000000000000     
   DBG div max=   3.8960002228910161E-003  res_p=   3.8960002228910161E-003
   SIMPLE iter           1  res_p=   3.8960002228910161E-003  u(1,1,1)=  -4.1641368442096670E-002  p(1,1,1)=   2045.9705146983438     
   DBG iter           2  maxU2=   30.000000000000000       maxFi=   2.2178102059457827E-003  maxFj=   3.4549612932578753E-003  Fi(21,1,1)=   0.0000000000000000       Fi(21,21,1)=   0.0000000000000000       Fi(41,21,1)=   0.0000000000000000     
   DBG div max=   1.9748201668822532E-003  res_p=   1.9748201668822532E-003
   SIMPLE iter           2  res_p=   1.9748201668822532E-003  u(1,1,1)= -0.18099069690454889       p(1,1,1)=   2045.9924418200958     
   DBG iter           3  maxU2=   30.000000000000000       maxFi=   1.6443044215718944E-003  maxFj=   9.6558835514252237E-003  Fi(21,1,1)=   0.0000000000000000       Fi(21,21,1)=   0.0000000000000000       Fi(41,21,1)=   0.0000000000000000     
   DBG div max=   1.8353686354619187E-003  res_p=   1.8353686354619187E-003
   SIMPLE iter           3  res_p=   1.8353686354619187E-003  u(1,1,1)= -0.19535965396840665       p(1,1,1)=   2045.9923429697330     
   SIMPLE iter           4  res_p=   1.0087223553769862E-003  u(1,1,1)= -0.16623697511680668       p(1,1,1)=   2045.9931302974605     
   SIMPLE iter           5  res_p=   1.0858009945320648E-003  u(1,1,1)= -0.15336264731398527       p(1,1,1)=   2045.9948922410317     
 DEBUG T iter          50 min   107.00514195042570      max   211.62267494059108     
 Low-speed solver Block           1  SIMPLE iterations:          61  res_p:   3.7333043316320653E-005
 --------------Force and Moment -----------------------------
 Total Force Coefficient (CL, CD, CS) =
  -3.2589459435366792E-002   3.0400305692436340E-002  -6.5369426205026164E-022
 Total Moment Coefficient(CMx, CMy, CMz)=
   8.1473648588416964E-003   7.6000764231090850E-003  -1.5089218846824012E-002
 Kstep, t=          58   58.000000000000000     
 ----------The Max Residuals are--------  ---Mesh---           1
    0.1074221901E-03    0.1086611427E-03    0.5188226715E-04    0.3320162423E-19    0.9459089579E-04
   The R.M.S Residuals are 
    0.4289962001E-04    0.4706634968E-04    0.1692962996E-04    0.4432005169E-20    0.3704113917E-04
 CPU wall time in this step:  0.10791048200000031     
 Averaged CPU wall time is:  0.10994657984482759     
   DBG iter           1  maxU2=   30.000000000000000       maxFi=   6.2879429701252652E-003  maxFj=   1.3616014320307981E-002  Fi(21,1,1)=   0.0000000000000000       Fi(21,21,1)=   0.0000000000000000       Fi(41,21,1)=   0.0000000000000000     
   DBG div max=   3.8960002229168774E-003  res_p=   3.8960002229168774E-003
   SIMPLE iter           1  res_p=   3.8960002229168774E-003  u(1,1,1)=  -4.1641368442213514E-002  p(1,1,1)=   2045.9705146983438     
   DBG iter           2  maxU2=   30.000000000000000       maxFi=   2.2178102059573395E-003  maxFj=   3.4549612932635596E-003  Fi(21,1,1)=   0.0000000000000000       Fi(21,21,1)=   0.0000000000000000       Fi(41,21,1)=   0.0000000000000000     
   DBG div max=   1.9748201668958777E-003  res_p=   1.9748201668958777E-003
   SIMPLE iter           2  res_p=   1.9748201668958777E-003  u(1,1,1)= -0.18099069690465280       p(1,1,1)=   2045.9924418200958     
   DBG iter           3  maxU2=   30.000000000000000       maxFi=   1.6443044215816076E-003  maxFj=   9.6558835514756833E-003  Fi(21,1,1)=   0.0000000000000000       Fi(21,21,1)=   0.0000000000000000       Fi(41,21,1)=   0.0000000000000000     
   DBG div max=   1.8353686354820849E-003  res_p=   1.8353686354820849E-003
   SIMPLE iter           3  res_p=   1.8353686354820849E-003  u(1,1,1)= -0.19535965396859306       p(1,1,1)=   2045.9923429697330     
   SIMPLE iter           4  res_p=   1.0087223553869166E-003  u(1,1,1)= -0.16623697511688029       p(1,1,1)=   2045.9931302974605     
   SIMPLE iter           5  res_p=   1.0858009945486713E-003  u(1,1,1)= -0.15336264731407892       p(1,1,1)=   2045.9948922410317     
 DEBUG T iter          50 min   107.00514928882919      max   211.76114921569547     
 Low-speed solver Block           1  SIMPLE iterations:          61  res_p:   3.7333043316164528E-005
 --------------Force and Moment -----------------------------
 Total Force Coefficient (CL, CD, CS) =
  -3.2336912255938356E-002   3.0033131504674161E-002  -5.0475092115381172E-022
 Total Moment Coefficient(CMx, CMy, CMz)=
   8.0842280639845891E-003   7.5082828761685403E-003  -1.4972283481328050E-002
 Kstep, t=          59   59.000000000000000     
 ----------The Max Residuals are--------  ---Mesh---           1
    0.1076629595E-03    0.1090283770E-03    0.5194995410E-04    0.2725285388E-19    0.9481501740E-04
   The R.M.S Residuals are 
    0.4252500538E-04    0.4657881386E-04    0.1681548543E-04    0.4384949595E-20    0.3669432666E-04
 CPU wall time in this step:  0.10996418800000018     
 Averaged CPU wall time is:  0.10994687828813560     
   DBG iter           1  maxU2=   30.000000000000000       maxFi=   6.2879429701476596E-003  maxFj=   1.3616014320329630E-002  Fi(21,1,1)=   0.0000000000000000       Fi(21,21,1)=   0.0000000000000000       Fi(41,21,1)=   0.0000000000000000     
   DBG div max=   3.8960002229286171E-003  res_p=   3.8960002229286171E-003
   SIMPLE iter           1  res_p=   3.8960002229286171E-003  u(1,1,1)=  -4.1641368443424018E-002  p(1,1,1)=   2045.9705146983438     
   DBG iter           2  maxU2=   30.000000000000000       maxFi=   2.2178102059651930E-003  maxFj=   3.4549612932660081E-003  Fi(21,1,1)=   0.0000000000000000       Fi(21,21,1)=   0.0000000000000000       Fi(41,21,1)=   0.0000000000000000     
   DBG div max=   1.9748201669037317E-003  res_p=   1.9748201669037317E-003
   SIMPLE iter           2  res_p=   1.9748201669037317E-003  u(1,1,1)= -0.18099069690555533       p(1,1,1)=   2045.9924418200958     
   DBG iter           3  maxU2=   30.000000000000000       maxFi=   1.6443044215881495E-003  maxFj=   9.6558835515037494E-003  Fi(21,1,1)=   0.0000000000000000       Fi(21,21,1)=   0.0000000000000000       Fi(41,21,1)=   0.0000000000000000     
   DBG div max=   1.8353686354945645E-003  res_p=   1.8353686354945645E-003
   SIMPLE iter           3  res_p=   1.8353686354945645E-003  u(1,1,1)= -0.19535965396959368       p(1,1,1)=   2045.9923429697330     
   SIMPLE iter           4  res_p=   1.0087223553921156E-003  u(1,1,1)= -0.16623697511779859       p(1,1,1)=   2045.9931302974605     
   SIMPLE iter           5  res_p=   1.0858009945603026E-003  u(1,1,1)= -0.15336264731504187       p(1,1,1)=   2045.9948922410317     
 DEBUG T iter          50 min   107.00515633512404      max   211.89424107468187     
 Low-speed solver Block           1  SIMPLE iterations:          61  res_p:   3.7333043315800236E-005
 --------------Force and Moment -----------------------------
 Total Force Coefficient (CL, CD, CS) =
  -3.2088505161044993E-002   2.9675711335876306E-002  -1.5008248359060970E-021
 Total Moment Coefficient(CMx, CMy, CMz)=
   8.0221262902612465E-003   7.4189278339690766E-003  -1.4857265018216180E-002
 Kstep, t=          60   60.000000000000000     
 ----------The Max Residuals are--------  ---Mesh---           1
    0.1080765886E-03    0.1095793553E-03    0.5210347012E-04    0.3269025495E-19    0.9519130011E-04
   The R.M.S Residuals are 
    0.4216463102E-04    0.4610887710E-04    0.1670751434E-04    0.4621598703E-20    0.3636114636E-04
 write flow3d.dat ......
 write flow3d.dat OK
 write VTK files ......
 write merged flow3d.vtk OK: points=       18406  cells=        8760
 write VTK files OK
 CPU wall time in this step:  0.19037554199999995     
 Averaged CPU wall time is:  0.11128735601666667     
   DBG iter           1  maxU2=   30.000000000000000       maxFi=   6.2879429701611133E-003  maxFj=   1.3616014320347772E-002  Fi(21,1,1)=   0.0000000000000000       Fi(21,21,1)=   0.0000000000000000       Fi(41,21,1)=   0.0000000000000000     
   DBG div max=   3.8960002229351258E-003  res_p=   3.8960002229351258E-003
   SIMPLE iter           1  res_p=   3.8960002229351258E-003  u(1,1,1)=  -4.1641368443469357E-002  p(1,1,1)=   2045.9705146983438     
   DBG iter           2  maxU2=   30.000000000000000       maxFi=   2.2178102059693086E-003  maxFj=   3.4549612932675273E-003  Fi(21,1,1)=   0.0000000000000000       Fi(21,21,1)=   0.0000000000000000       Fi(41,21,1)=   0.0000000000000000     
   DBG div max=   1.9748201669083382E-003  res_p=   1.9748201669083382E-003
   SIMPLE iter           2  res_p=   1.9748201669083382E-003  u(1,1,1)= -0.18099069690555949       p(1,1,1)=   2045.9924418200958     
   DBG iter           3  maxU2=   30.000000000000000       maxFi=   1.6443044215919843E-003  maxFj=   9.6558835515232547E-003  Fi(21,1,1)=   0.0000000000000000       Fi(21,21,1)=   0.0000000000000000       Fi(41,21,1)=   0.0000000000000000     
   DBG div max=   1.8353686355023569E-003  res_p=   1.8353686355023569E-003
   SIMPLE iter           3  res_p=   1.8353686355023569E-003  u(1,1,1)= -0.19535965396961000       p(1,1,1)=   2045.9923429697330     
   SIMPLE iter           4  res_p=   1.0087223553958474E-003  u(1,1,1)= -0.16623697511785859       p(1,1,1)=   2045.9931302974605     
   SIMPLE iter           5  res_p=   1.0858009945665563E-003  u(1,1,1)= -0.15336264731511892       p(1,1,1)=   2045.9948922410317     
 DEBUG T iter          50 min   107.00516310398760      max   212.02220907062869     
 Low-speed solver Block           1  SIMPLE iterations:          61  res_p:   3.7333043315963300E-005
 --------------Force and Moment -----------------------------
 Total Force Coefficient (CL, CD, CS) =
  -3.1844047294381839E-002   2.9327605955214119E-002  -1.2205303159280672E-022
 Total Moment Coefficient(CMx, CMy, CMz)=
   7.9610118235954597E-003   7.3319014888035298E-003  -1.4744075087085522E-002
 Kstep, t=          61   61.000000000000000     
 ----------The Max Residuals are--------  ---Mesh---           1
    0.1086771558E-03    0.1103285962E-03    0.5234970119E-04    0.3255424109E-19    0.9573411026E-04
   The R.M.S Residuals are 
    0.4181882070E-04    0.4565670606E-04    0.1660574298E-04    0.4555447597E-20    0.3604181204E-04
 CPU wall time in this step:  0.10452017099999988     
 Averaged CPU wall time is:  0.11117641855737705     
   DBG iter           1  maxU2=   30.000000000000000       maxFi=   6.2879429701665308E-003  maxFj=   1.3616014320356338E-002  Fi(21,1,1)=   0.0000000000000000       Fi(21,21,1)=   0.0000000000000000       Fi(41,21,1)=   0.0000000000000000     
   DBG div max=   3.8960002229399930E-003  res_p=   3.8960002229399930E-003
   SIMPLE iter           1  res_p=   3.8960002229399930E-003  u(1,1,1)=  -4.1641368443293164E-002  p(1,1,1)=   2045.9705146983438     
   DBG iter           2  maxU2=   30.000000000000000       maxFi=   2.2178102059717546E-003  maxFj=   3.4549612932683643E-003  Fi(21,1,1)=   0.0000000000000000       Fi(21,21,1)=   0.0000000000000000       Fi(41,21,1)=   0.0000000000000000     
   DBG div max=   1.9748201669098960E-003  res_p=   1.9748201669098960E-003
   SIMPLE iter           2  res_p=   1.9748201669098960E-003  u(1,1,1)= -0.18099069690536496       p(1,1,1)=   2045.9924418200958     
   DBG iter           3  maxU2=   30.000000000000000       maxFi=   1.6443044215948505E-003  maxFj=   9.6558835515328702E-003  Fi(21,1,1)=   0.0000000000000000       Fi(21,21,1)=   0.0000000000000000       Fi(41,21,1)=   0.0000000000000000     
   DBG div max=   1.8353686355070823E-003  res_p=   1.8353686355070823E-003
   SIMPLE iter           3  res_p=   1.8353686355070823E-003  u(1,1,1)= -0.19535965396948529       p(1,1,1)=   2045.9923429697330     
   SIMPLE iter           4  res_p=   1.0087223553974204E-003  u(1,1,1)= -0.16623697511772131       p(1,1,1)=   2045.9931302974605     
   SIMPLE iter           5  res_p=   1.0858009945703979E-003  u(1,1,1)= -0.15336264731499663       p(1,1,1)=   2045.9948922410317     
 DEBUG T iter          50 min   107.00516960905472      max   212.14529374594065     
 Low-speed solver Block           1  SIMPLE iterations:          61  res_p:   3.7333043316236086E-005
 --------------Force and Moment -----------------------------
 Total Force Coefficient (CL, CD, CS) =
  -3.1603359470398551E-002   2.8988403330752321E-002   8.2257598890201981E-022
 Total Moment Coefficient(CMx, CMy, CMz)=
   7.9008398675996377E-003   7.2471008326880802E-003  -1.4632630721187357E-002
 Kstep, t=          62   62.000000000000000     
 ----------The Max Residuals are--------  ---Mesh---           1
    0.1094807135E-03    0.1112924796E-03    0.5269654257E-04    0.3284979095E-19    0.9655022813E-04
   The R.M.S Residuals are 
    0.4148793507E-04    0.4522249950E-04    0.1651027218E-04    0.4772554576E-20    0.3573655022E-04
 CPU wall time in this step:  0.10344927800000026     
 Averaged CPU wall time is:  0.11105178725806451     
   DBG iter           1  maxU2=   30.000000000000000       maxFi=   6.2879429701703203E-003  maxFj=   1.3616014320360845E-002  Fi(21,1,1)=   0.0000000000000000       Fi(21,21,1)=   0.0000000000000000       Fi(41,21,1)=   0.0000000000000000     
   DBG div max=   3.8960002229408426E-003  res_p=   3.8960002229408426E-003
   SIMPLE iter           1  res_p=   3.8960002229408426E-003  u(1,1,1)=  -4.1641368442078885E-002  p(1,1,1)=   2045.9705146983435     
   DBG iter           2  maxU2=   30.000000000000000       maxFi=   2.2178102059732092E-003  maxFj=   3.4549612932684745E-003  Fi(21,1,1)=   0.0000000000000000       Fi(21,21,1)=   0.0000000000000000       Fi(41,21,1)=   0.0000000000000000     
   DBG div max=   1.9748201669113250E-003  res_p=   1.9748201669113250E-003
   SIMPLE iter           2  res_p=   1.9748201669113250E-003  u(1,1,1)= -0.18099069690445144       p(1,1,1)=   2045.9924418200956     
   DBG iter           3  maxU2=   30.000000000000000       maxFi=   1.6443044215958037E-003  maxFj=   9.6558835515375332E-003  Fi(21,1,1)=   0.0000000000000000       Fi(21,21,1)=   0.0000000000000000       Fi(41,21,1)=   0.0000000000000000     
   DBG div max=   1.8353686355088066E-003  res_p=   1.8353686355088066E-003
   SIMPLE iter           3  res_p=   1.8353686355088066E-003  u(1,1,1)= -0.19535965396842242       p(1,1,1)=   2045.9923429697328     
   SIMPLE iter           4  res_p=   1.0087223553988194E-003  u(1,1,1)= -0.16623697511668611       p(1,1,1)=   2045.9931302974603     
   SIMPLE iter           5  res_p=   1.0858009945711204E-003  u(1,1,1)= -0.15336264731396082       p(1,1,1)=   2045.9948922410315     
 DEBUG T iter          50 min   107.00517586300140      max   212.26371910524546     
 Low-speed solver Block           1  SIMPLE iterations:          61  res_p:   3.7333043316041797E-005
 --------------Force and Moment -----------------------------
 Total Force Coefficient (CL, CD, CS) =
  -3.1366273274588338E-002   2.8657716521478992E-002  -1.2162356924686527E-021
 Total Moment Coefficient(CMx, CMy, CMz)=
   7.8415683186470846E-003   7.1644291303697479E-003  -1.4522853940854742E-002
 Kstep, t=          63   63.000000000000000     
 ----------The Max Residuals are--------  ---Mesh---           1
    0.1105054468E-03    0.1124893669E-03    0.5315298788E-04    0.2751502409E-19    0.9756997376E-04
   The R.M.S Residuals are 
    0.4117250608E-04    0.4480661214E-04    0.1642127104E-04    0.4736975573E-20    0.3544565319E-04
 CPU wall time in this step:  0.10239755899999992     
 Averaged CPU wall time is:  0.11091441855555556     
   DBG iter           1  maxU2=   30.000000000000000       maxFi=   6.2879429701729935E-003  maxFj=   1.3616014320363589E-002  Fi(21,1,1)=   0.0000000000000000       Fi(21,21,1)=   0.0000000000000000       Fi(41,21,1)=   0.0000000000000000     
   DBG div max=   3.8960002229415048E-003  res_p=   3.8960002229415048E-003
   SIMPLE iter           1  res_p=   3.8960002229415048E-003  u(1,1,1)=  -4.1641368442014139E-002  p(1,1,1)=   2045.9705146983435     
   DBG iter           2  maxU2=   30.000000000000000       maxFi=   2.2178102059737820E-003  maxFj=   3.4549612932690470E-003  Fi(21,1,1)=   0.0000000000000000       Fi(21,21,1)=   0.0000000000000000       Fi(41,21,1)=   0.0000000000000000     
   DBG div max=   1.9748201669117548E-003  res_p=   1.9748201669117548E-003
   SIMPLE iter           2  res_p=   1.9748201669117548E-003  u(1,1,1)= -0.18099069690443484       p(1,1,1)=   2045.9924418200956     
   DBG iter           3  maxU2=   30.000000000000000       maxFi=   1.6443044215960587E-003  maxFj=   9.6558835515406158E-003  Fi(21,1,1)=   0.0000000000000000       Fi(21,21,1)=   0.0000000000000000       Fi(41,21,1)=   0.0000000000000000     
   DBG div max=   1.8353686355088118E-003  res_p=   1.8353686355088118E-003
   SIMPLE iter           3  res_p=   1.8353686355088118E-003  u(1,1,1)= -0.19535965396846217       p(1,1,1)=   2045.9923429697328     
   SIMPLE iter           4  res_p=   1.0087223553994678E-003  u(1,1,1)= -0.16623697511672891       p(1,1,1)=   2045.9931302974603     
   SIMPLE iter           5  res_p=   1.0858009945724336E-003  u(1,1,1)= -0.15336264731399901       p(1,1,1)=   2045.9948922410315     
 DEBUG T iter          50 min   107.00518187762231      max   212.37769398594747     
 Low-speed solver Block           1  SIMPLE iterations:          61  res_p:   3.7333043316227846E-005
 --------------Force and Moment -----------------------------
 Total Force Coefficient (CL, CD, CS) =
  -3.1132630267441463E-002   2.8335181767659111E-002  -5.2521057914486653E-022
 Total Moment Coefficient(CMx, CMy, CMz)=
   7.7831575668603666E-003   7.0837954419147777E-003  -1.4414671384927757E-002
 Kstep, t=          64   64.000000000000000     
 ----------The Max Residuals are--------  ---Mesh---           1
    0.1117718303E-03    0.1139397133E-03    0.5372922537E-04    0.2750860778E-19    0.9881071607E-04
   The R.M.S Residuals are 
    0.4087314216E-04    0.4440946837E-04    0.1633894314E-04    0.4678713862E-20    0.3516943910E-04
 CPU wall time in this step:  0.10077900299999953     
 Averaged CPU wall time is:  0.11075605268750000     
   DBG iter           1  maxU2=   30.000000000000000       maxFi=   6.2879429701729536E-003  maxFj=   1.3616014320366252E-002  Fi(21,1,1)=   0.0000000000000000       Fi(21,21,1)=   0.0000000000000000       Fi(41,21,1)=   0.0000000000000000     
   DBG div max=   3.8960002229426259E-003  res_p=   3.8960002229426259E-003
   SIMPLE iter           1  res_p=   3.8960002229426259E-003  u(1,1,1)=  -4.1641368443487689E-002  p(1,1,1)=   2045.9705146983438     
   DBG iter           2  maxU2=   30.000000000000000       maxFi=   2.2178102059743510E-003  maxFj=   3.4549612932693427E-003  Fi(21,1,1)=   0.0000000000000000       Fi(21,21,1)=   0.0000000000000000       Fi(41,21,1)=   0.0000000000000000     
   DBG div max=   1.9748201669120258E-003  res_p=   1.9748201669120258E-003
   SIMPLE iter           2  res_p=   1.9748201669120258E-003  u(1,1,1)= -0.18099069690557265       p(1,1,1)=   2045.9924418200958     
   DBG iter           3  maxU2=   30.000000000000000       maxFi=   1.6443044215967212E-003  maxFj=   9.6558835515434260E-003  Fi(21,1,1)=   0.0000000000000000       Fi(21,21,1)=   0.0000000000000000       Fi(41,21,1)=   0.0000000000000000     
   DBG div max=   1.8353686355084865E-003  res_p=   1.8353686355084865E-003
   SIMPLE iter           3  res_p=   1.8353686355084865E-003  u(1,1,1)= -0.19535965396963401       p(1,1,1)=   2045.9923429697330     
   SIMPLE iter           4  res_p=   1.0087223554001547E-003  u(1,1,1)= -0.16623697511785246       p(1,1,1)=   2045.9931302974605     
   SIMPLE iter           5  res_p=   1.0858009945717787E-003  u(1,1,1)= -0.15336264731512944       p(1,1,1)=   2045.9948922410317     
 DEBUG T iter          50 min   107.00518766390257      max   212.48741332870307     
 Low-speed solver Block           1  SIMPLE iterations:          61  res_p:   3.7333043316104247E-005
 --------------Force and Moment -----------------------------
 Total Force Coefficient (CL, CD, CS) =
  -3.0902281280214765E-002   2.8020456757950948E-002   1.5545309300905546E-021
 Total Moment Coefficient(CMx, CMy, CMz)=
   7.7255703200536929E-003   7.0051141894877369E-003  -1.4308013984690431E-002
 Kstep, t=          65   65.000000000000000     
 ----------The Max Residuals are--------  ---Mesh---           1
    0.1133027776E-03    0.1156661639E-03    0.5443673967E-04    0.3289398150E-19    0.1002916938E-03
   The R.M.S Residuals are 
    0.4059043545E-04    0.4403147784E-04    0.1626348140E-04    0.4808959493E-20    0.3490821812E-04
 CPU wall time in this step:  0.10076299400000011     
 Averaged CPU wall time is:  0.11060231332307692     
   DBG iter           1  maxU2=   30.000000000000000       maxFi=   6.2879429701747803E-003  maxFj=   1.3616014320367256E-002  Fi(21,1,1)=   0.0000000000000000       Fi(21,21,1)=   0.0000000000000000       Fi(41,21,1)=   0.0000000000000000     
   DBG div max=   3.8960002229447501E-003  res_p=   3.8960002229447501E-003
   SIMPLE iter           1  res_p=   3.8960002229447501E-003  u(1,1,1)=  -4.1641368443549071E-002  p(1,1,1)=   2045.9705146983438     
   DBG iter           2  maxU2=   30.000000000000000       maxFi=   2.2178102059746481E-003  maxFj=   3.4549612932697027E-003  Fi(21,1,1)=   0.0000000000000000       Fi(21,21,1)=   0.0000000000000000       Fi(41,21,1)=   0.0000000000000000     
   DBG div max=   1.9748201669118016E-003  res_p=   1.9748201669118016E-003
   SIMPLE iter           2  res_p=   1.9748201669118016E-003  u(1,1,1)= -0.18099069690560732       p(1,1,1)=   2045.9924418200958     
   DBG iter           3  maxU2=   30.000000000000000       maxFi=   1.6443044215965288E-003  maxFj=   9.6558835515436030E-003  Fi(21,1,1)=   0.0000000000000000       Fi(21,21,1)=   0.0000000000000000       Fi(41,21,1)=   0.0000000000000000     
   DBG div max=   1.8353686355108857E-003  res_p=   1.8353686355108857E-003
   SIMPLE iter           3  res_p=   1.8353686355108857E-003  u(1,1,1)= -0.19535965396967386       p(1,1,1)=   2045.9923429697330     
   SIMPLE iter           4  res_p=   1.0087223553999409E-003  u(1,1,1)= -0.16623697511789526       p(1,1,1)=   2045.9931302974605     
   SIMPLE iter           5  res_p=   1.0858009945732359E-003  u(1,1,1)= -0.15336264731518226       p(1,1,1)=   2045.9948922410317     
 DEBUG T iter          50 min   107.00519323208508      max   212.59305934763680     
 Low-speed solver Block           1  SIMPLE iterations:          61  res_p:   3.7333043315860084E-005
 --------------Force and Moment -----------------------------
 Total Force Coefficient (CL, CD, CS) =
  -3.0675085791246282E-002   2.7713219054269014E-002   5.7813865026432800E-022
 Total Moment Coefficient(CMx, CMy, CMz)=
   7.6687714478115721E-003   6.9283047635672534E-003  -1.4202816675100535E-002
 Kstep, t=          66   66.000000000000000     
 ----------The Max Residuals are--------  ---Mesh---           1
    0.1152870235E-03    0.1178433908E-03    0.5528841656E-04    0.3255184235E-19    0.1020340678E-03
   The R.M.S Residuals are 
    0.4032482212E-04    0.4367290684E-04    0.1619502287E-04    0.4707029710E-20    0.3466222727E-04
 CPU wall time in this step:  0.10231349699999992     
 Averaged CPU wall time is:  0.11047672519696969     
   DBG iter           1  maxU2=   30.000000000000000       maxFi=   6.2879429701745704E-003  maxFj=   1.3616014320367390E-002  Fi(21,1,1)=   0.0000000000000000       Fi(21,21,1)=   0.0000000000000000       Fi(41,21,1)=   0.0000000000000000     
   DBG div max=   3.8960002229438554E-003  res_p=   3.8960002229438554E-003
   SIMPLE iter           1  res_p=   3.8960002229438554E-003  u(1,1,1)=  -4.1641368442212508E-002  p(1,1,1)=   2045.9705146983438     
   DBG iter           2  maxU2=   30.000000000000000       maxFi=   2.2178102059750592E-003  maxFj=   3.4549612932696068E-003  Fi(21,1,1)=   0.0000000000000000       Fi(21,21,1)=   0.0000000000000000       Fi(41,21,1)=   0.0000000000000000     
   DBG div max=   1.9748201669129812E-003  res_p=   1.9748201669129812E-003
   SIMPLE iter           2  res_p=   1.9748201669129812E-003  u(1,1,1)= -0.18099069690457265       p(1,1,1)=   2045.9924418200958     
   DBG iter           3  maxU2=   30.000000000000000       maxFi=   1.6443044215968784E-003  maxFj=   9.6558835515445519E-003  Fi(21,1,1)=   0.0000000000000000       Fi(21,21,1)=   0.0000000000000000       Fi(41,21,1)=   0.0000000000000000     
   DBG div max=   1.8353686355107486E-003  res_p=   1.8353686355107486E-003
   SIMPLE iter           3  res_p=   1.8353686355107486E-003  u(1,1,1)= -0.19535965396852722       p(1,1,1)=   2045.9923429697330     
   SIMPLE iter           4  res_p=   1.0087223554002258E-003  u(1,1,1)= -0.16623697511678467       p(1,1,1)=   2045.9931302974605     
   SIMPLE iter           5  res_p=   1.0858009945740278E-003  u(1,1,1)= -0.15336264731405816       p(1,1,1)=   2045.9948922410317     
 DEBUG T iter          50 min   107.00519859173195      max   212.69480260022851     
 Low-speed solver Block           1  SIMPLE iterations:          61  res_p:   3.7333043316144145E-005
 --------------Force and Moment -----------------------------
 Total Force Coefficient (CL, CD, CS) =
  -3.0450911372291802E-002   2.7413164657604031E-002   7.7127441944091820E-023
 Total Moment Coefficient(CMx, CMy, CMz)=
   7.6127278430729479E-003   6.8532911644010076E-003  -1.4099018138439806E-002
 Kstep, t=          67   67.000000000000000     
 ----------The Max Residuals are--------  ---Mesh---           1
    0.1176215501E-03    0.1203810369E-03    0.5629864546E-04    0.2742706870E-19    0.1040609397E-03
   The R.M.S Residuals are 
    0.4007659328E-04    0.4333388801E-04    0.1613368322E-04    0.4826416486E-20    0.3443163327E-04
 CPU wall time in this step:  0.10233021200000003     
 Averaged CPU wall time is:  0.11035513544776120     
   DBG iter           1  maxU2=   30.000000000000000       maxFi=   6.2879429701747343E-003  maxFj=   1.3616014320367452E-002  Fi(21,1,1)=   0.0000000000000000       Fi(21,21,1)=   0.0000000000000000       Fi(41,21,1)=   0.0000000000000000     
   DBG div max=   3.8960002229447331E-003  res_p=   3.8960002229447331E-003
   SIMPLE iter           1  res_p=   3.8960002229447331E-003  u(1,1,1)=  -4.1641368442287038E-002  p(1,1,1)=   2045.9705146983438     
   DBG iter           2  maxU2=   30.000000000000000       maxFi=   2.2178102059748957E-003  maxFj=   3.4549612932696094E-003  Fi(21,1,1)=   0.0000000000000000       Fi(21,21,1)=   0.0000000000000000       Fi(41,21,1)=   0.0000000000000000     
   DBG div max=   1.9748201669118380E-003  res_p=   1.9748201669118380E-003
   SIMPLE iter           2  res_p=   1.9748201669118380E-003  u(1,1,1)= -0.18099069690469696       p(1,1,1)=   2045.9924418200958     
   DBG iter           3  maxU2=   30.000000000000000       maxFi=   1.6443044215968476E-003  maxFj=   9.6558835515444703E-003  Fi(21,1,1)=   0.0000000000000000       Fi(21,21,1)=   0.0000000000000000       Fi(41,21,1)=   0.0000000000000000     
   DBG div max=   1.8353686355108076E-003  res_p=   1.8353686355108076E-003
   SIMPLE iter           3  res_p=   1.8353686355108076E-003  u(1,1,1)= -0.19535965396873373       p(1,1,1)=   2045.9923429697330     
   SIMPLE iter           4  res_p=   1.0087223554000584E-003  u(1,1,1)= -0.16623697511695490       p(1,1,1)=   2045.9931302974605     
   SIMPLE iter           5  res_p=   1.0858009945739575E-003  u(1,1,1)= -0.15336264731423668       p(1,1,1)=   2045.9948922410317     
 DEBUG T iter          50 min   107.00520375178226      max   212.79280295844308     
 Low-speed solver Block           1  SIMPLE iterations:          61  res_p:   3.7333043315990189E-005
 --------------Force and Moment -----------------------------
 Total Force Coefficient (CL, CD, CS) =
  -3.0229633195208272E-002   2.7120006699963874E-002  -9.4189817125407570E-022
 Total Moment Coefficient(CMx, CMy, CMz)=
   7.5574082988020663E-003   6.7800016749909684E-003  -1.3996560575905041E-002
 Kstep, t=          68   68.000000000000000     
 ----------The Max Residuals are--------  ---Mesh---           1
    0.1203164873E-03    0.1232841925E-03    0.5748341125E-04    0.3274291461E-19    0.1063973252E-03
   The R.M.S Residuals are 
    0.3984604821E-04    0.4301456130E-04    0.1607960810E-04    0.5095211266E-20    0.3421660270E-04
 CPU wall time in this step:  0.10180853399999990     
 Averaged CPU wall time is:  0.11022945013235294     
   DBG iter           1  maxU2=   30.000000000000000       maxFi=   6.2879429701745383E-003  maxFj=   1.3616014320367343E-002  Fi(21,1,1)=   0.0000000000000000       Fi(21,21,1)=   0.0000000000000000       Fi(41,21,1)=   0.0000000000000000     
   DBG div max=   3.8960002229438632E-003  res_p=   3.8960002229438632E-003
   SIMPLE iter           1  res_p=   3.8960002229438632E-003  u(1,1,1)=  -4.1641368443522085E-002  p(1,1,1)=   2045.9705146983438     
   DBG iter           2  maxU2=   30.000000000000000       maxFi=   2.2178102059752943E-003  maxFj=   3.4549612932694928E-003  Fi(21,1,1)=   0.0000000000000000       Fi(21,21,1)=   0.0000000000000000       Fi(41,21,1)=   0.0000000000000000     
   DBG div max=   1.9748201669130654E-003  res_p=   1.9748201669130654E-003
   SIMPLE iter           2  res_p=   1.9748201669130654E-003  u(1,1,1)= -0.18099069690558234       p(1,1,1)=   2045.9924418200958     
   DBG iter           3  maxU2=   30.000000000000000       maxFi=   1.6443044215973094E-003  maxFj=   9.6558835515439864E-003  Fi(21,1,1)=   0.0000000000000000       Fi(21,21,1)=   0.0000000000000000       Fi(41,21,1)=   0.0000000000000000     
   DBG div max=   1.8353686355097867E-003  res_p=   1.8353686355097867E-003
   SIMPLE iter           3  res_p=   1.8353686355097867E-003  u(1,1,1)= -0.19535965396964441       p(1,1,1)=   2045.9923429697330     
   SIMPLE iter           4  res_p=   1.0087223554000649E-003  u(1,1,1)= -0.16623697511786609       p(1,1,1)=   2045.9931302974605     
   SIMPLE iter           5  res_p=   1.0858009945736730E-003  u(1,1,1)= -0.15336264731515120       p(1,1,1)=   2045.9948922410317     
 DEBUG T iter          50 min   107.00520872060395      max   212.88721048498564     
 Low-speed solver Block           1  SIMPLE iterations:          61  res_p:   3.7333043315775950E-005
 --------------Force and Moment -----------------------------
 Total Force Coefficient (CL, CD, CS) =
  -3.0011133590207458E-002   2.6833474249313177E-002  -7.9895296678975397E-022
 Total Moment Coefficient(CMx, CMy, CMz)=
   7.5027833975518654E-003   6.7083685623282943E-003  -1.3895389503076241E-002
 Kstep, t=          69   69.000000000000000     
 ----------The Max Residuals are--------  ---Mesh---           1
    0.1234036680E-03    0.1265821511E-03    0.5886036240E-04    0.2734806851E-19    0.1090700633E-03
   The R.M.S Residuals are 
    0.3963354048E-04    0.4271511678E-04    0.1603297369E-04    0.4838875216E-20    0.3401731905E-04
 CPU wall time in this step:  0.10573508399999998     
 Averaged CPU wall time is:  0.11016431439130434     
   DBG iter           1  maxU2=   30.000000000000000       maxFi=   6.2879429701764127E-003  maxFj=   1.3616014320367738E-002  Fi(21,1,1)=   0.0000000000000000       Fi(21,21,1)=   0.0000000000000000       Fi(41,21,1)=   0.0000000000000000     
   DBG div max=   3.8960002229440839E-003  res_p=   3.8960002229440839E-003
   SIMPLE iter           1  res_p=   3.8960002229440839E-003  u(1,1,1)=  -4.1641368442470038E-002  p(1,1,1)=   2045.9705146983438     
   DBG iter           2  maxU2=   30.000000000000000       maxFi=   2.2178102059749148E-003  maxFj=   3.4549612932695327E-003  Fi(21,1,1)=   0.0000000000000000       Fi(21,21,1)=   0.0000000000000000       Fi(41,21,1)=   0.0000000000000000     
   DBG div max=   1.9748201669131170E-003  res_p=   1.9748201669131170E-003
   SIMPLE iter           2  res_p=   1.9748201669131170E-003  u(1,1,1)= -0.18099069690489103       p(1,1,1)=   2045.9924418200958     
   DBG iter           3  maxU2=   30.000000000000000       maxFi=   1.6443044215971767E-003  maxFj=   9.6558835515446161E-003  Fi(21,1,1)=   0.0000000000000000       Fi(21,21,1)=   0.0000000000000000       Fi(41,21,1)=   0.0000000000000000     
   DBG div max=   1.8353686355097676E-003  res_p=   1.8353686355097676E-003
   SIMPLE iter           3  res_p=   1.8353686355097676E-003  u(1,1,1)= -0.19535965396888472       p(1,1,1)=   2045.9923429697330     
   SIMPLE iter           4  res_p=   1.0087223554003277E-003  u(1,1,1)= -0.16623697511711916       p(1,1,1)=   2045.9931302974605     
   SIMPLE iter           5  res_p=   1.0858009945736756E-003  u(1,1,1)= -0.15336264731441906       p(1,1,1)=   2045.9948922410317     
 DEBUG T iter          50 min   107.00521350604153      max   212.97816622083263     
 Low-speed solver Block           1  SIMPLE iterations:          61  res_p:   3.7333043316196621E-005
 --------------Force and Moment -----------------------------
 Total Force Coefficient (CL, CD, CS) =
  -2.9795301647816831E-002   2.6553311215896276E-002  -7.7111847991740940E-022
 Total Moment Coefficient(CMx, CMy, CMz)=
   7.4488254119542061E-003   6.6383278039740690E-003  -1.3795453565621299E-002
 Kstep, t=          70   70.000000000000000     
 ----------The Max Residuals are--------  ---Mesh---           1
    0.1269164660E-03    0.1303050722E-03    0.6044883598E-04    0.3294557709E-19    0.1121076353E-03
   The R.M.S Residuals are 
    0.3943944554E-04    0.4243576529E-04    0.1599396992E-04    0.4918657176E-20    0.3383396694E-04
 write flow3d.dat ......
 write flow3d.dat OK
 write VTK files ......
 write merged flow3d.vtk OK: points=       18406  cells=        8760
 write VTK files OK
 CPU wall time in this step:  0.17956952400000059     
 Averaged CPU wall time is:  0.11115581738571428     
   DBG iter           1  maxU2=   30.000000000000000       maxFi=   6.2879429701747291E-003  maxFj=   1.3616014320367718E-002  Fi(21,1,1)=   0.0000000000000000       Fi(21,21,1)=   0.0000000000000000       Fi(41,21,1)=   0.0000000000000000     
   DBG div max=   3.8960002229438584E-003  res_p=   3.8960002229438584E-003
   SIMPLE iter           1  res_p=   3.8960002229438584E-003  u(1,1,1)=  -4.1641368443507125E-002  p(1,1,1)=   2045.9705146983438     
   DBG iter           2  maxU2=   30.000000000000000       maxFi=   2.2178102059751412E-003  maxFj=   3.4549612932694694E-003  Fi(21,1,1)=   0.0000000000000000       Fi(21,21,1)=   0.0000000000000000       Fi(41,21,1)=   0.0000000000000000     
   DBG div max=   1.9748201669125606E-003  res_p=   1.9748201669125606E-003
   SIMPLE iter           2  res_p=   1.9748201669125606E-003  u(1,1,1)= -0.18099069690556771       p(1,1,1)=   2045.9924418200958     
   DBG iter           3  maxU2=   30.000000000000000       maxFi=   1.6443044215969434E-003  maxFj=   9.6558835515444981E-003  Fi(21,1,1)=   0.0000000000000000       Fi(21,21,1)=   0.0000000000000000       Fi(41,21,1)=   0.0000000000000000     
   DBG div max=   1.8353686355098127E-003  res_p=   1.8353686355098127E-003
   SIMPLE iter           3  res_p=   1.8353686355098127E-003  u(1,1,1)= -0.19535965396961813       p(1,1,1)=   2045.9923429697330     
   SIMPLE iter           4  res_p=   1.0087223554003009E-003  u(1,1,1)= -0.16623697511785024       p(1,1,1)=   2045.9931302974605     
   SIMPLE iter           5  res_p=   1.0858009945734571E-003  u(1,1,1)= -0.15336264731513946       p(1,1,1)=   2045.9948922410317     
 DEBUG T iter          50 min   107.00521811545912      max   213.06580289200258     
 Low-speed solver Block           1  SIMPLE iterations:          61  res_p:   3.7333043316508871E-005
 --------------Force and Moment -----------------------------
 Total Force Coefficient (CL, CD, CS) =
  -2.9582032857588200E-002   2.6279275349652510E-002   2.7093140105661399E-022
 Total Moment Coefficient(CMx, CMy, CMz)=
   7.3955082143970481E-003   6.5698188374131274E-003  -1.3696704372014850E-002
 Kstep, t=          71   71.000000000000000     
 ----------The Max Residuals are--------  ---Mesh---           1
    0.1308892031E-03    0.1344833112E-03    0.6234362324E-04    0.3298047903E-19    0.1155830209E-03
   The R.M.S Residuals are 
    0.3926411144E-04    0.4217669307E-04    0.1596278137E-04    0.5091378162E-20    0.3366671144E-04
 CPU wall time in this step:  0.10674828099999978     
 Averaged CPU wall time is:  0.11109373940845070     
   DBG iter           1  maxU2=   30.000000000000000       maxFi=   6.2879429701747447E-003  maxFj=   1.3616014320367771E-002  Fi(21,1,1)=   0.0000000000000000       Fi(21,21,1)=   0.0000000000000000       Fi(41,21,1)=   0.0000000000000000     
   DBG div max=   3.8960002229470581E-003  res_p=   3.8960002229470581E-003
   SIMPLE iter           1  res_p=   3.8960002229470581E-003  u(1,1,1)=  -4.1641368443493053E-002  p(1,1,1)=   2045.9705146983438     
   DBG iter           2  maxU2=   30.000000000000000       maxFi=   2.2178102059751455E-003  maxFj=   3.4549612932696398E-003  Fi(21,1,1)=   0.0000000000000000       Fi(21,21,1)=   0.0000000000000000       Fi(41,21,1)=   0.0000000000000000     
   DBG div max=   1.9748201669123923E-003  res_p=   1.9748201669123923E-003
   SIMPLE iter           2  res_p=   1.9748201669123923E-003  u(1,1,1)= -0.18099069690556430       p(1,1,1)=   2045.9924418200958     
   DBG iter           3  maxU2=   30.000000000000000       maxFi=   1.6443044215973530E-003  maxFj=   9.6558835515443229E-003  Fi(21,1,1)=   0.0000000000000000       Fi(21,21,1)=   0.0000000000000000       Fi(41,21,1)=   0.0000000000000000     
   DBG div max=   1.8353686355097060E-003  res_p=   1.8353686355097060E-003
   SIMPLE iter           3  res_p=   1.8353686355097060E-003  u(1,1,1)= -0.19535965396961821       p(1,1,1)=   2045.9923429697330     
   SIMPLE iter           4  res_p=   1.0087223554002653E-003  u(1,1,1)= -0.16623697511785085       p(1,1,1)=   2045.9931302974605     
   SIMPLE iter           5  res_p=   1.0858009945733903E-003  u(1,1,1)= -0.15336264731513730       p(1,1,1)=   2045.9948922410317     
 DEBUG T iter          50 min   107.00522255577894      max   213.15024554463497     
 Low-speed solver Block           1  SIMPLE iterations:          61  res_p:   3.7333043316230014E-005
 --------------Force and Moment -----------------------------
 Total Force Coefficient (CL, CD, CS) =
  -2.9371228777472360E-002   2.6011137319601578E-002  -2.9212876372297624E-021
 Total Moment Coefficient(CMx, CMy, CMz)=
   7.3428071943680900E-003   6.5027843299003945E-003  -1.3599096340455447E-002
 Kstep, t=          72   72.000000000000000     
 ----------The Max Residuals are--------  ---Mesh---           1
    0.1353562216E-03    0.1391464344E-03    0.6450476821E-04    0.2768574722E-19    0.1195563152E-03
   The R.M.S Residuals are 
    0.3910782530E-04    0.4193803037E-04    0.1593957102E-04    0.5074697710E-20    0.3351568203E-04
 CPU wall time in this step:  0.11684313500000076     
 Averaged CPU wall time is:  0.11117359212500001     
   DBG iter           1  maxU2=   30.000000000000000       maxFi=   6.2879429701747317E-003  maxFj=   1.3616014320367766E-002  Fi(21,1,1)=   0.0000000000000000       Fi(21,21,1)=   0.0000000000000000       Fi(41,21,1)=   0.0000000000000000     
   DBG div max=   3.8960002229438853E-003  res_p=   3.8960002229438853E-003
   SIMPLE iter           1  res_p=   3.8960002229438853E-003  u(1,1,1)=  -4.1641368443499381E-002  p(1,1,1)=   2045.9705146983438     
   DBG iter           2  maxU2=   30.000000000000000       maxFi=   2.2178102059751872E-003  maxFj=   3.4549612932695192E-003  Fi(21,1,1)=   0.0000000000000000       Fi(21,21,1)=   0.0000000000000000       Fi(41,21,1)=   0.0000000000000000     
   DBG div max=   1.9748201669124669E-003  res_p=   1.9748201669124669E-003
   SIMPLE iter           2  res_p=   1.9748201669124669E-003  u(1,1,1)= -0.18099069690557226       p(1,1,1)=   2045.9924418200958     
   DBG iter           3  maxU2=   30.000000000000000       maxFi=   1.6443044215968983E-003  maxFj=   9.6558835515444426E-003  Fi(21,1,1)=   0.0000000000000000       Fi(21,21,1)=   0.0000000000000000       Fi(41,21,1)=   0.0000000000000000     
   DBG div max=   1.8353686355097676E-003  res_p=   1.8353686355097676E-003
   SIMPLE iter           3  res_p=   1.8353686355097676E-003  u(1,1,1)= -0.19535965396962596       p(1,1,1)=   2045.9923429697330     
   SIMPLE iter           4  res_p=   1.0087223554002774E-003  u(1,1,1)= -0.16623697511785965       p(1,1,1)=   2045.9931302974605     
   SIMPLE iter           5  res_p=   1.0858009945734111E-003  u(1,1,1)= -0.15336264731514712       p(1,1,1)=   2045.9948922410317     
 DEBUG T iter          50 min   107.00522683351630      max   213.23161211778182     
 Low-speed solver Block           1  SIMPLE iterations:          61  res_p:   3.7333043316252132E-005
 --------------Force and Moment -----------------------------
 Total Force Coefficient (CL, CD, CS) =
  -2.9162796728616144E-002   2.5748679867105238E-002  -1.8478911276831981E-021
 Total Moment Coefficient(CMx, CMy, CMz)=
   7.2906991821540344E-003   6.4371699667763096E-003  -1.3502586557553136E-002
 Kstep, t=          73   73.000000000000000     
 ----------The Max Residuals are--------  ---Mesh---           1
    0.1403504401E-03    0.1443217543E-03    0.6693632021E-04    0.3287001124E-19    0.1239581142E-03
   The R.M.S Residuals are 
    0.3897076638E-04    0.4171980793E-04    0.1592446899E-04    0.4999533550E-20    0.3338094797E-04
 CPU wall time in this step:  0.10961145799999983     
 Averaged CPU wall time is:  0.11115219302739726     
   DBG iter           1  maxU2=   30.000000000000000       maxFi=   6.2879429701747343E-003  maxFj=   1.3616014320367780E-002  Fi(21,1,1)=   0.0000000000000000       Fi(21,21,1)=   0.0000000000000000       Fi(41,21,1)=   0.0000000000000000     
   DBG div max=   3.8960002229438818E-003  res_p=   3.8960002229438818E-003
   SIMPLE iter           1  res_p=   3.8960002229438818E-003  u(1,1,1)=  -4.1641368443485566E-002  p(1,1,1)=   2045.9705146983438     
   DBG iter           2  maxU2=   30.000000000000000       maxFi=   2.2178102059751412E-003  maxFj=   3.4549612932694121E-003  Fi(21,1,1)=   0.0000000000000000       Fi(21,21,1)=   0.0000000000000000       Fi(41,21,1)=   0.0000000000000000     
   DBG div max=   1.9748201669124860E-003  res_p=   1.9748201669124860E-003
   SIMPLE iter           2  res_p=   1.9748201669124860E-003  u(1,1,1)= -0.18099069690556366       p(1,1,1)=   2045.9924418200958     
   DBG iter           3  maxU2=   30.000000000000000       maxFi=   1.6443044215973133E-003  maxFj=   9.6558835515443177E-003  Fi(21,1,1)=   0.0000000000000000       Fi(21,21,1)=   0.0000000000000000       Fi(41,21,1)=   0.0000000000000000     
   DBG div max=   1.8353686355097503E-003  res_p=   1.8353686355097503E-003
   SIMPLE iter           3  res_p=   1.8353686355097503E-003  u(1,1,1)= -0.19535965396962010       p(1,1,1)=   2045.9923429697330     
   SIMPLE iter           4  res_p=   1.0087223554002514E-003  u(1,1,1)= -0.16623697511784780       p(1,1,1)=   2045.9931302974605     
   SIMPLE iter           5  res_p=   1.0858009945734128E-003  u(1,1,1)= -0.15336264731513280       p(1,1,1)=   2045.9948922410317     
 DEBUG T iter          50 min   107.00523095481071      max   213.31001396295710     
 Low-speed solver Block           1  SIMPLE iterations:          61  res_p:   3.7333043316232183E-005
 --------------Force and Moment -----------------------------
 Total Force Coefficient (CL, CD, CS) =
  -2.8956649511128425E-002   2.5491697025820312E-002   1.6735089227281345E-022
 Total Moment Coefficient(CMx, CMy, CMz)=
   7.2391623777821063E-003   6.3729242564550780E-003  -1.3407134646725632E-002
 Kstep, t=          74   74.000000000000000     
 ----------The Max Residuals are--------  ---Mesh---           1
    0.1459011024E-03    0.1500321228E-03    0.6965566756E-04    0.2754191150E-19    0.1288033811E-03
   The R.M.S Residuals are 
    0.3885301938E-04    0.4152196978E-04    0.1591758708E-04    0.4961208091E-20    0.3326252334E-04
 CPU wall time in this step:   9.9573137000000145E-002
 Averaged CPU wall time is:  0.11099571929729730     
   DBG iter           1  maxU2=   30.000000000000000       maxFi=   6.2879429701747352E-003  maxFj=   1.3616014320367789E-002  Fi(21,1,1)=   0.0000000000000000       Fi(21,21,1)=   0.0000000000000000       Fi(41,21,1)=   0.0000000000000000     
   DBG div max=   3.8960002229438844E-003  res_p=   3.8960002229438844E-003
   SIMPLE iter           1  res_p=   3.8960002229438844E-003  u(1,1,1)=  -4.1641368443491963E-002  p(1,1,1)=   2045.9705146983438     
   DBG iter           2  maxU2=   30.000000000000000       maxFi=   2.2178102059751919E-003  maxFj=   3.4549612932695253E-003  Fi(21,1,1)=   0.0000000000000000       Fi(21,21,1)=   0.0000000000000000       Fi(41,21,1)=   0.0000000000000000     
   DBG div max=   1.9748201669125293E-003  res_p=   1.9748201669125293E-003
   SIMPLE iter           2  res_p=   1.9748201669125293E-003  u(1,1,1)= -0.18099069690556180       p(1,1,1)=   2045.9924418200958     
   DBG iter           3  maxU2=   30.000000000000000       maxFi=   1.6443044215968775E-003  maxFj=   9.6558835515444166E-003  Fi(21,1,1)=   0.0000000000000000       Fi(21,21,1)=   0.0000000000000000       Fi(41,21,1)=   0.0000000000000000     
   DBG div max=   1.8353686355097451E-003  res_p=   1.8353686355097451E-003
   SIMPLE iter           3  res_p=   1.8353686355097451E-003  u(1,1,1)= -0.19535965396962085       p(1,1,1)=   2045.9923429697330     
   SIMPLE iter           4  res_p=   1.0087223554002683E-003  u(1,1,1)= -0.16623697511785310       p(1,1,1)=   2045.9931302974605     
   SIMPLE iter           5  res_p=   1.0858009945734892E-003  u(1,1,1)= -0.15336264731513854       p(1,1,1)=   2045.9948922410317     
 DEBUG T iter          50 min   107.00523492545406      max   213.38555631861473     
 Low-speed solver Block           1  SIMPLE iterations:          61  res_p:   3.7333043316259938E-005
 --------------Force and Moment -----------------------------
 Total Force Coefficient (CL, CD, CS) =
  -2.8752705137096400E-002   2.5239993401960828E-002  -1.5748721873550710E-023
 Total Moment Coefficient(CMx, CMy, CMz)=
   7.1881762842741000E-003   6.3099983504902070E-003  -1.3312702644581084E-002
 Kstep, t=          75   75.000000000000000     
 ----------The Max Residuals are--------  ---Mesh---           1
    0.1520302834E-03    0.1562925790E-03    0.7267705301E-04    0.3256083390E-19    0.1340985698E-03
   The R.M.S Residuals are 
    0.3875464771E-04    0.4134444074E-04    0.1591904015E-04    0.5094265235E-20    0.3316039652E-04
 CPU wall time in this step:  0.10024917400000000     
 Averaged CPU wall time is:  0.11085243202666667     
   DBG iter           1  maxU2=   30.000000000000000       maxFi=   6.2879429701747360E-003  maxFj=   1.3616014320367797E-002  Fi(21,1,1)=   0.0000000000000000       Fi(21,21,1)=   0.0000000000000000       Fi(41,21,1)=   0.0000000000000000     
   DBG div max=   3.8960002229438797E-003  res_p=   3.8960002229438797E-003
   SIMPLE iter           1  res_p=   3.8960002229438797E-003  u(1,1,1)=  -4.1641368443494628E-002  p(1,1,1)=   2045.9705146983438     
   DBG iter           2  maxU2=   30.000000000000000       maxFi=   2.2178102059751447E-003  maxFj=   3.4549612932694121E-003  Fi(21,1,1)=   0.0000000000000000       Fi(21,21,1)=   0.0000000000000000       Fi(41,21,1)=   0.0000000000000000     
   DBG div max=   1.9748201669124903E-003  res_p=   1.9748201669124903E-003
   SIMPLE iter           2  res_p=   1.9748201669124903E-003  u(1,1,1)= -0.18099069690556635       p(1,1,1)=   2045.9924418200958     
   DBG iter           3  maxU2=   30.000000000000000       maxFi=   1.6443044215973008E-003  maxFj=   9.6558835515442743E-003  Fi(21,1,1)=   0.0000000000000000       Fi(21,21,1)=   0.0000000000000000       Fi(41,21,1)=   0.0000000000000000     
   DBG div max=   1.8353686355096731E-003  res_p=   1.8353686355096731E-003
   SIMPLE iter           3  res_p=   1.8353686355096731E-003  u(1,1,1)= -0.19535965396961968       p(1,1,1)=   2045.9923429697330     
   SIMPLE iter           4  res_p=   1.0087223554002401E-003  u(1,1,1)= -0.16623697511785310       p(1,1,1)=   2045.9931302974605     
   SIMPLE iter           5  res_p=   1.0858009945734631E-003  u(1,1,1)= -0.15336264731513946       p(1,1,1)=   2045.9948922410317     
 DEBUG T iter          50 min   107.00523875091625      max   213.45833874650558     
 Low-speed solver Block           1  SIMPLE iterations:          61  res_p:   3.7333043316060011E-005
 --------------Force and Moment -----------------------------
 Total Force Coefficient (CL, CD, CS) =
  -2.8550886577805856E-002   2.4993383509195360E-002  -8.2684243528454622E-022
 Total Moment Coefficient(CMx, CMy, CMz)=
   7.1377216444514649E-003   6.2483458772988401E-003  -1.3219254883877155E-002
 Kstep, t=          76   76.000000000000000     
 ----------The Max Residuals are--------  ---Mesh---           1
    0.1587475144E-03    0.1631052541E-03    0.7600910522E-04    0.2763587927E-19    0.1398366926E-03
   The R.M.S Residuals are 
    0.3867570207E-04    0.4118713516E-04    0.1592893826E-04    0.5038678165E-20    0.3307453029E-04
 CPU wall time in this step:   9.8806464999999122E-002
 Averaged CPU wall time is:  0.11069393246052632     
   DBG iter           1  maxU2=   30.000000000000000       maxFi=   6.2879429701765835E-003  maxFj=   1.3616014320367780E-002  Fi(21,1,1)=   0.0000000000000000       Fi(21,21,1)=   0.0000000000000000       Fi(41,21,1)=   0.0000000000000000     
   DBG div max=   3.8960002229438961E-003  res_p=   3.8960002229438961E-003
   SIMPLE iter           1  res_p=   3.8960002229438961E-003  u(1,1,1)=  -4.1641368443493906E-002  p(1,1,1)=   2045.9705146983438     
   DBG iter           2  maxU2=   30.000000000000000       maxFi=   2.2178102059751789E-003  maxFj=   3.4549612932696164E-003  Fi(21,1,1)=   0.0000000000000000       Fi(21,21,1)=   0.0000000000000000       Fi(41,21,1)=   0.0000000000000000     
   DBG div max=   1.9748201669127410E-003  res_p=   1.9748201669127410E-003
   SIMPLE iter           2  res_p=   1.9748201669127410E-003  u(1,1,1)= -0.18099069690556768       p(1,1,1)=   2045.9924418200958     
   DBG iter           3  maxU2=   30.000000000000000       maxFi=   1.6443044215972309E-003  maxFj=   9.6558835515440262E-003  Fi(21,1,1)=   0.0000000000000000       Fi(21,21,1)=   0.0000000000000000       Fi(41,21,1)=   0.0000000000000000     
   DBG div max=   1.8353686355097138E-003  res_p=   1.8353686355097138E-003
   SIMPLE iter           3  res_p=   1.8353686355097138E-003  u(1,1,1)= -0.19535965396962379       p(1,1,1)=   2045.9923429697330     
   SIMPLE iter           4  res_p=   1.0087223554002059E-003  u(1,1,1)= -0.16623697511785507       p(1,1,1)=   2045.9931302974605     
   SIMPLE iter           5  res_p=   1.0858009945734414E-003  u(1,1,1)= -0.15336264731514174       p(1,1,1)=   2045.9948922410317     
 DEBUG T iter          50 min   107.00524243636843      max   213.52845553552027     
 Low-speed solver Block           1  SIMPLE iterations:          61  res_p:   3.7333043316284658E-005
 --------------Force and Moment -----------------------------
 Total Force Coefficient (CL, CD, CS) =
  -2.8351121522726744E-002   2.4751691153131750E-002  -1.9064904179020845E-021
 Total Moment Coefficient(CMx, CMy, CMz)=
   7.0877803806816859E-003   6.1879227882829374E-003  -1.3126757881927201E-002
 Kstep, t=          77   77.000000000000000     
 ----------The Max Residuals are--------  ---Mesh---           1
    0.1660416431E-03    0.1704516897E-03    0.7965126909E-04    0.3251216939E-19    0.1460528962E-03
   The R.M.S Residuals are 
    0.3861619166E-04    0.4104993075E-04    0.1594737612E-04    0.5021931240E-20    0.3300484837E-04
 CPU wall time in this step:   9.8681012000000123E-002
 Averaged CPU wall time is:  0.11053792050649351     
   DBG iter           1  maxU2=   30.000000000000000       maxFi=   6.2879429701747352E-003  maxFj=   1.3616014320367796E-002  Fi(21,1,1)=   0.0000000000000000       Fi(21,21,1)=   0.0000000000000000       Fi(41,21,1)=   0.0000000000000000     
   DBG div max=   3.8960002229438476E-003  res_p=   3.8960002229438476E-003
   SIMPLE iter           1  res_p=   3.8960002229438476E-003  u(1,1,1)=  -4.1641368443493650E-002  p(1,1,1)=   2045.9705146983438     
   DBG iter           2  maxU2=   30.000000000000000       maxFi=   2.2178102059751512E-003  maxFj=   3.4549612932696671E-003  Fi(21,1,1)=   0.0000000000000000       Fi(21,21,1)=   0.0000000000000000       Fi(41,21,1)=   0.0000000000000000     
   DBG div max=   1.9748201669125094E-003  res_p=   1.9748201669125094E-003
   SIMPLE iter           2  res_p=   1.9748201669125094E-003  u(1,1,1)= -0.18099069690556985       p(1,1,1)=   2045.9924418200958     
   DBG iter           3  maxU2=   30.000000000000000       maxFi=   1.6443044215968907E-003  maxFj=   9.6558835515444356E-003  Fi(21,1,1)=   0.0000000000000000       Fi(21,21,1)=   0.0000000000000000       Fi(41,21,1)=   0.0000000000000000     
   DBG div max=   1.8353686355097503E-003  res_p=   1.8353686355097503E-003
   SIMPLE iter           3  res_p=   1.8353686355097503E-003  u(1,1,1)= -0.19535965396962518       p(1,1,1)=   2045.9923429697330     
   SIMPLE iter           4  res_p=   1.0087223554002714E-003  u(1,1,1)= -0.16623697511785540       p(1,1,1)=   2045.9931302974605     
   SIMPLE iter           5  res_p=   1.0858009945733877E-003  u(1,1,1)= -0.15336264731514235       p(1,1,1)=   2045.9948922410317     
 DEBUG T iter          50 min   107.00524598670449      max   213.59599607729803     
 Low-speed solver Block           1  SIMPLE iterations:          61  res_p:   3.7333043316508437E-005
 --------------Force and Moment -----------------------------
 Total Force Coefficient (CL, CD, CS) =
  -2.8153342148363458E-002   2.4514748860894865E-002  -2.1668538502316757E-021
 Total Moment Coefficient(CMx, CMy, CMz)=
   7.0383355370908646E-003   6.1286872152237163E-003  -1.3035180233573593E-002
 Kstep, t=          78   78.000000000000000     
 ----------The Max Residuals are--------  ---Mesh---           1
    0.1738687507E-03    0.1782814253E-03    0.8358870671E-04    0.3265628077E-19    0.1529770776E-03
   The R.M.S Residuals are 
    0.3857608120E-04    0.4093266552E-04    0.1597442661E-04    0.5114226048E-20    0.3295123250E-04
 CPU wall time in this step:   9.8795623000000887E-002
 Averaged CPU wall time is:  0.11038737823076925     
   DBG iter           1  maxU2=   30.000000000000000       maxFi=   6.2879429701747378E-003  maxFj=   1.3616014320367789E-002  Fi(21,1,1)=   0.0000000000000000       Fi(21,21,1)=   0.0000000000000000       Fi(41,21,1)=   0.0000000000000000     
   DBG div max=   3.8960002229470637E-003  res_p=   3.8960002229470637E-003
   SIMPLE iter           1  res_p=   3.8960002229470637E-003  u(1,1,1)=  -4.1641368443493039E-002  p(1,1,1)=   2045.9705146983438     
   DBG iter           2  maxU2=   30.000000000000000       maxFi=   2.2178102059751490E-003  maxFj=   3.4549612932696732E-003  Fi(21,1,1)=   0.0000000000000000       Fi(21,21,1)=   0.0000000000000000       Fi(41,21,1)=   0.0000000000000000     
   DBG div max=   1.9748201669123472E-003  res_p=   1.9748201669123472E-003
   SIMPLE iter           2  res_p=   1.9748201669123472E-003  u(1,1,1)= -0.18099069690556974       p(1,1,1)=   2045.9924418200958     
   DBG iter           3  maxU2=   30.000000000000000       maxFi=   1.6443044215973400E-003  maxFj=   9.6558835515443073E-003  Fi(21,1,1)=   0.0000000000000000       Fi(21,21,1)=   0.0000000000000000       Fi(41,21,1)=   0.0000000000000000     
   DBG div max=   1.8353686355097442E-003  res_p=   1.8353686355097442E-003
   SIMPLE iter           3  res_p=   1.8353686355097442E-003  u(1,1,1)= -0.19535965396962612       p(1,1,1)=   2045.9923429697330     
   SIMPLE iter           4  res_p=   1.0087223554002462E-003  u(1,1,1)= -0.16623697511785684       p(1,1,1)=   2045.9931302974605     
   SIMPLE iter           5  res_p=   1.0858009945734120E-003  u(1,1,1)= -0.15336264731514357       p(1,1,1)=   2045.9948922410317     
 DEBUG T iter          50 min   107.00524940656069      max   213.66104521671124     
 Low-speed solver Block           1  SIMPLE iterations:          61  res_p:   3.7333043316283357E-005
 --------------Force and Moment -----------------------------
 Total Force Coefficient (CL, CD, CS) =
  -2.7957484895537579E-002   2.4282397351790497E-002  -1.2057963598371762E-021
 Total Moment Coefficient(CMx, CMy, CMz)=
   6.9893712238843931E-003   6.0705993379476242E-003  -1.2944492508065005E-002
 Kstep, t=          79   79.000000000000000     
 ----------The Max Residuals are--------  ---Mesh---           1
    0.1821346636E-03    0.1864953916E-03    0.8790847343E-04    0.2773808068E-19    0.1604048006E-03
   The R.M.S Residuals are 
    0.3855522928E-04    0.4083508141E-04    0.1601011417E-04    0.5144275560E-20    0.3291349627E-04
 CPU wall time in this step:   9.9938743999999247E-002
 Averaged CPU wall time is:  0.11025511703797468     
   DBG iter           1  maxU2=   30.000000000000000       maxFi=   6.2879429701747378E-003  maxFj=   1.3616014320367792E-002  Fi(21,1,1)=   0.0000000000000000       Fi(21,21,1)=   0.0000000000000000       Fi(41,21,1)=   0.0000000000000000     
   DBG div max=   3.8960002229438476E-003  res_p=   3.8960002229438476E-003
   SIMPLE iter           1  res_p=   3.8960002229438476E-003  u(1,1,1)=  -4.1641368443492664E-002  p(1,1,1)=   2045.9705146983438     
   DBG iter           2  maxU2=   30.000000000000000       maxFi=   2.2178102059751442E-003  maxFj=   3.4549612932696636E-003  Fi(21,1,1)=   0.0000000000000000       Fi(21,21,1)=   0.0000000000000000       Fi(41,21,1)=   0.0000000000000000     
   DBG div max=   1.9748201669124920E-003  res_p=   1.9748201669124920E-003
   SIMPLE iter           2  res_p=   1.9748201669124920E-003  u(1,1,1)= -0.18099069690556938       p(1,1,1)=   2045.9924418200958     
   DBG iter           3  maxU2=   30.000000000000000       maxFi=   1.6443044215968875E-003  maxFj=   9.6558835515444391E-003  Fi(21,1,1)=   0.0000000000000000       Fi(21,21,1)=   0.0000000000000000       Fi(41,21,1)=   0.0000000000000000     
   DBG div max=   1.8353686355097485E-003  res_p=   1.8353686355097485E-003
   SIMPLE iter           3  res_p=   1.8353686355097485E-003  u(1,1,1)= -0.19535965396962529       p(1,1,1)=   2045.9923429697330     
   SIMPLE iter           4  res_p=   1.0087223554002727E-003  u(1,1,1)= -0.16623697511785629       p(1,1,1)=   2045.9931302974605     
   SIMPLE iter           5  res_p=   1.0858009945733894E-003  u(1,1,1)= -0.15336264731514304       p(1,1,1)=   2045.9948922410317     
 DEBUG T iter          50 min   107.00525270033407      max   213.72368357937512     
 Low-speed solver Block           1  SIMPLE iterations:          61  res_p:   3.7333043316508437E-005
 --------------Force and Moment -----------------------------
 Total Force Coefficient (CL, CD, CS) =
  -2.7763490254069462E-002   2.4054485045479905E-002  -6.6085745646668472E-022
 Total Moment Coefficient(CMx, CMy, CMz)=
   6.9408725635173637E-003   6.0136212613699763E-003  -1.2854667149359168E-002
 Kstep, t=          80   80.000000000000000     
 ----------The Max Residuals are--------  ---Mesh---           1
    0.1906704610E-03    0.1953569370E-03    0.9272088926E-04    0.2753998390E-19    0.1682615343E-03
   The R.M.S Residuals are 
    0.3855337130E-04    0.4075680749E-04    0.1605441687E-04    0.5031110657E-20    0.3289137460E-04
 write flow3d.dat ......
 write flow3d.dat OK
 write VTK files ......
 write merged flow3d.vtk OK: points=       18406  cells=        8760
 write VTK files OK
 CPU wall time in this step:  0.17932522299999931     
 Averaged CPU wall time is:  0.11111849336249999     
   DBG iter           1  maxU2=   30.000000000000000       maxFi=   6.2879429701747378E-003  maxFj=   1.3616014320367789E-002  Fi(21,1,1)=   0.0000000000000000       Fi(21,21,1)=   0.0000000000000000       Fi(41,21,1)=   0.0000000000000000     
   DBG div max=   3.8960002229470646E-003  res_p=   3.8960002229470646E-003
   SIMPLE iter           1  res_p=   3.8960002229470646E-003  u(1,1,1)=  -4.1641368443493115E-002  p(1,1,1)=   2045.9705146983438     
   DBG iter           2  maxU2=   30.000000000000000       maxFi=   2.2178102059751499E-003  maxFj=   3.4549612932696745E-003  Fi(21,1,1)=   0.0000000000000000       Fi(21,21,1)=   0.0000000000000000       Fi(41,21,1)=   0.0000000000000000     
   DBG div max=   1.9748201669123472E-003  res_p=   1.9748201669123472E-003
   SIMPLE iter           2  res_p=   1.9748201669123472E-003  u(1,1,1)= -0.18099069690556999       p(1,1,1)=   2045.9924418200958     
   DBG iter           3  maxU2=   30.000000000000000       maxFi=   1.6443044215973378E-003  maxFj=   9.6558835515442951E-003  Fi(21,1,1)=   0.0000000000000000       Fi(21,21,1)=   0.0000000000000000       Fi(41,21,1)=   0.0000000000000000     
   DBG div max=   1.8353686355097321E-003  res_p=   1.8353686355097321E-003
   SIMPLE iter           3  res_p=   1.8353686355097321E-003  u(1,1,1)= -0.19535965396962618       p(1,1,1)=   2045.9923429697330     
   SIMPLE iter           4  res_p=   1.0087223554002180E-003  u(1,1,1)= -0.16623697511785707       p(1,1,1)=   2045.9931302974605     
   SIMPLE iter           5  res_p=   1.0858009945733096E-003  u(1,1,1)= -0.15336264731514382       p(1,1,1)=   2045.9948922410317     
 DEBUG T iter          50 min   107.00525587219957      max   213.78398787760844     
 Low-speed solver Block           1  SIMPLE iterations:          61  res_p:   3.7333043315999296E-005
 --------------Force and Moment -----------------------------
 Total Force Coefficient (CL, CD, CS) =
  -2.7571302554155859E-002   2.3830867604469133E-002   2.4556957532466379E-023
 Total Moment Coefficient(CMx, CMy, CMz)=
   6.8928256385389639E-003   5.9577169011172833E-003  -1.2765678379525667E-002
 Kstep, t=          81   81.000000000000000     
 ----------The Max Residuals are--------  ---Mesh---           1
    0.2004020311E-03    0.2052141292E-03    0.9784135011E-04    0.3825538556E-19    0.1764106655E-03
   The R.M.S Residuals are 
    0.3857013145E-04    0.4069737195E-04    0.1610727318E-04    0.5345653634E-20    0.3288452815E-04
 CPU wall time in this step:  0.10249404900000059     
 Averaged CPU wall time is:  0.11101201874074074     
   DBG iter           1  maxU2=   30.000000000000000       maxFi=   6.2879429701765783E-003  maxFj=   1.3616014320367777E-002  Fi(21,1,1)=   0.0000000000000000       Fi(21,21,1)=   0.0000000000000000       Fi(41,21,1)=   0.0000000000000000     
   DBG div max=   3.8960002229438944E-003  res_p=   3.8960002229438944E-003
   SIMPLE iter           1  res_p=   3.8960002229438944E-003  u(1,1,1)=  -4.1641368443484608E-002  p(1,1,1)=   2045.9705146983438     
   DBG iter           2  maxU2=   30.000000000000000       maxFi=   2.2178102059751716E-003  maxFj=   3.4549612932695691E-003  Fi(21,1,1)=   0.0000000000000000       Fi(21,21,1)=   0.0000000000000000       Fi(41,21,1)=   0.0000000000000000     
   DBG div max=   1.9748201669128073E-003  res_p=   1.9748201669128073E-003
   SIMPLE iter           2  res_p=   1.9748201669128073E-003  u(1,1,1)= -0.18099069690556180       p(1,1,1)=   2045.9924418200958     
   DBG iter           3  maxU2=   30.000000000000000       maxFi=   1.6443044215972273E-003  maxFj=   9.6558835515446178E-003  Fi(21,1,1)=   0.0000000000000000       Fi(21,21,1)=   0.0000000000000000       Fi(41,21,1)=   0.0000000000000000     
   DBG div max=   1.8353686355097858E-003  res_p=   1.8353686355097858E-003
   SIMPLE iter           3  res_p=   1.8353686355097858E-003  u(1,1,1)= -0.19535965396961841       p(1,1,1)=   2045.9923429697330     
   SIMPLE iter           4  res_p=   1.0087223554002675E-003  u(1,1,1)= -0.16623697511784663       p(1,1,1)=   2045.9931302974605     
   SIMPLE iter           5  res_p=   1.0858009945736019E-003  u(1,1,1)= -0.15336264731513116       p(1,1,1)=   2045.9948922410317     
 DEBUG T iter          50 min   107.00525892612592      max   213.84203119579792     
 Low-speed solver Block           1  SIMPLE iterations:          61  res_p:   3.7333043316222642E-005
 --------------Force and Moment -----------------------------
 Total Force Coefficient (CL, CD, CS) =
  -2.7380869764008088E-002   2.3611407508051154E-002   1.0990394328312499E-021
 Total Moment Coefficient(CMx, CMy, CMz)=
   6.8452174410020229E-003   5.9028518770127885E-003  -1.2677502105047178E-002
 Kstep, t=          82   82.000000000000000     
 ----------The Max Residuals are--------  ---Mesh---           1
    0.2106590612E-03    0.2153046621E-03    0.1031777209E-03    0.3248859615E-19    0.1849958663E-03
   The R.M.S Residuals are 
    0.3860506766E-04    0.4065624230E-04    0.1616859630E-04    0.5223847199E-20    0.3289256061E-04
 CPU wall time in this step:   9.9823863999999318E-002
 Averaged CPU wall time is:  0.11087557782926828     
   DBG iter           1  maxU2=   30.000000000000000       maxFi=   6.2879429701747317E-003  maxFj=   1.3616014320367789E-002  Fi(21,1,1)=   0.0000000000000000       Fi(21,21,1)=   0.0000000000000000       Fi(41,21,1)=   0.0000000000000000     
   DBG div max=   3.8960002229438497E-003  res_p=   3.8960002229438497E-003
   SIMPLE iter           1  res_p=   3.8960002229438497E-003  u(1,1,1)=  -4.1641368443491901E-002  p(1,1,1)=   2045.9705146983438     
   DBG iter           2  maxU2=   30.000000000000000       maxFi=   2.2178102059751455E-003  maxFj=   3.4549612932696259E-003  Fi(21,1,1)=   0.0000000000000000       Fi(21,21,1)=   0.0000000000000000       Fi(41,21,1)=   0.0000000000000000     
   DBG div max=   1.9748201669125606E-003  res_p=   1.9748201669125606E-003
   SIMPLE iter           2  res_p=   1.9748201669125606E-003  u(1,1,1)= -0.18099069690556202       p(1,1,1)=   2045.9924418200958     
   DBG iter           3  maxU2=   30.000000000000000       maxFi=   1.6443044215968803E-003  maxFj=   9.6558835515444044E-003  Fi(21,1,1)=   0.0000000000000000       Fi(21,21,1)=   0.0000000000000000       Fi(41,21,1)=   0.0000000000000000     
   DBG div max=   1.8353686355097251E-003  res_p=   1.8353686355097251E-003
   SIMPLE iter           3  res_p=   1.8353686355097251E-003  u(1,1,1)= -0.19535965396962118       p(1,1,1)=   2045.9923429697330     
   SIMPLE iter           4  res_p=   1.0087223554002397E-003  u(1,1,1)= -0.16623697511785321       p(1,1,1)=   2045.9931302974605     
   SIMPLE iter           5  res_p=   1.0858009945733842E-003  u(1,1,1)= -0.15336264731513846       p(1,1,1)=   2045.9948922410317     
 DEBUG T iter          50 min   107.00526186589070      max   213.89788325581799     
 Low-speed solver Block           1  SIMPLE iterations:          61  res_p:   3.7333043316512774E-005
 --------------Force and Moment -----------------------------
 Total Force Coefficient (CL, CD, CS) =
  -2.7192143293522548E-002   2.3395973655135065E-002   1.2453228120591557E-021
 Total Moment Coefficient(CMx, CMy, CMz)=
   6.7980358233806371E-003   5.8489934137837662E-003  -1.2590115825913503E-002
 Kstep, t=          83   83.000000000000000     
 ----------The Max Residuals are--------  ---Mesh---           1
    0.2208369516E-03    0.2252572920E-03    0.1087260934E-03    0.3813773244E-19    0.1947473968E-03
   The R.M.S Residuals are 
    0.3865769070E-04    0.4063284375E-04    0.1623827455E-04    0.5135453697E-20    0.3291502392E-04
 CPU wall time in this step:   9.9085343000000492E-002
 Averaged CPU wall time is:  0.11073352680722891     
   DBG iter           1  maxU2=   30.000000000000000       maxFi=   6.2879429701747430E-003  maxFj=   1.3616014320367796E-002  Fi(21,1,1)=   0.0000000000000000       Fi(21,21,1)=   0.0000000000000000       Fi(41,21,1)=   0.0000000000000000     
   DBG div max=   3.8960002229470598E-003  res_p=   3.8960002229470598E-003
   SIMPLE iter           1  res_p=   3.8960002229470598E-003  u(1,1,1)=  -4.1641368443492789E-002  p(1,1,1)=   2045.9705146983438     
   DBG iter           2  maxU2=   30.000000000000000       maxFi=   2.2178102059751425E-003  maxFj=   3.4549612932696554E-003  Fi(21,1,1)=   0.0000000000000000       Fi(21,21,1)=   0.0000000000000000       Fi(41,21,1)=   0.0000000000000000     
   DBG div max=   1.9748201669123923E-003  res_p=   1.9748201669123923E-003
   SIMPLE iter           2  res_p=   1.9748201669123923E-003  u(1,1,1)= -0.18099069690556513       p(1,1,1)=   2045.9924418200958     
   DBG iter           3  maxU2=   30.000000000000000       maxFi=   1.6443044215973320E-003  maxFj=   9.6558835515442674E-003  Fi(21,1,1)=   0.0000000000000000       Fi(21,21,1)=   0.0000000000000000       Fi(41,21,1)=   0.0000000000000000     
   DBG div max=   1.8353686355096592E-003  res_p=   1.8353686355096592E-003
   SIMPLE iter           3  res_p=   1.8353686355096592E-003  u(1,1,1)= -0.19535965396961880       p(1,1,1)=   2045.9923429697330     
   SIMPLE iter           4  res_p=   1.0087223554002258E-003  u(1,1,1)= -0.16623697511785152       p(1,1,1)=   2045.9931302974605     
   SIMPLE iter           5  res_p=   1.0858009945733616E-003  u(1,1,1)= -0.15336264731513774       p(1,1,1)=   2045.9948922410317     
 DEBUG T iter          50 min   107.00526469509393      max   213.95161066304621     
 Low-speed solver Block           1  SIMPLE iterations:          61  res_p:   3.7333043316229147E-005
 --------------Force and Moment -----------------------------
 Total Force Coefficient (CL, CD, CS) =
  -2.7005077803910125E-002   2.3184440993654236E-002   1.1528617804738759E-021
 Total Moment Coefficient(CMx, CMy, CMz)=
   6.7512694509775321E-003   5.7961102484135590E-003  -1.2503498547474460E-002
 Kstep, t=          84   84.000000000000000     
 ----------The Max Residuals are--------  ---Mesh---           1
    0.2321246631E-03    0.2371104815E-03    0.1151589701E-03    0.3834398355E-19    0.2045228377E-03
   The R.M.S Residuals are 
    0.3872748486E-04    0.4062658027E-04    0.1631617512E-04    0.5168583278E-20    0.3295142955E-04
 CPU wall time in this step:   9.9158489000000571E-002
 Averaged CPU wall time is:  0.11059572873809524     
   DBG iter           1  maxU2=   30.000000000000000       maxFi=   6.2879429701747343E-003  maxFj=   1.3616014320367777E-002  Fi(21,1,1)=   0.0000000000000000       Fi(21,21,1)=   0.0000000000000000       Fi(41,21,1)=   0.0000000000000000     
   DBG div max=   3.8960002229438818E-003  res_p=   3.8960002229438818E-003
   SIMPLE iter           1  res_p=   3.8960002229438818E-003  u(1,1,1)=  -4.1641368443492005E-002  p(1,1,1)=   2045.9705146983438     
   DBG iter           2  maxU2=   30.000000000000000       maxFi=   2.2178102059751872E-003  maxFj=   3.4549612932695179E-003  Fi(21,1,1)=   0.0000000000000000       Fi(21,21,1)=   0.0000000000000000       Fi(41,21,1)=   0.0000000000000000     
   DBG div max=   1.9748201669125302E-003  res_p=   1.9748201669125302E-003
   SIMPLE iter           2  res_p=   1.9748201669125302E-003  u(1,1,1)= -0.18099069690556646       p(1,1,1)=   2045.9924418200958     
   DBG iter           3  maxU2=   30.000000000000000       maxFi=   1.6443044215968834E-003  maxFj=   9.6558835515443975E-003  Fi(21,1,1)=   0.0000000000000000       Fi(21,21,1)=   0.0000000000000000       Fi(41,21,1)=   0.0000000000000000     
   DBG div max=   1.8353686355097347E-003  res_p=   1.8353686355097347E-003
   SIMPLE iter           3  res_p=   1.8353686355097347E-003  u(1,1,1)= -0.19535965396961988       p(1,1,1)=   2045.9923429697330     
   SIMPLE iter           4  res_p=   1.0087223554002458E-003  u(1,1,1)= -0.16623697511785063       p(1,1,1)=   2045.9931302974605     
   SIMPLE iter           5  res_p=   1.0858009945733998E-003  u(1,1,1)= -0.15336264731513619       p(1,1,1)=   2045.9948922410317     
 DEBUG T iter          50 min   107.00526741717124      max   214.00327713349486     
 Low-speed solver Block           1  SIMPLE iterations:          61  res_p:   3.7333043316507136E-005
 --------------Force and Moment -----------------------------
 Total Force Coefficient (CL, CD, CS) =
  -2.6819631023318320E-002   2.2976690174475407E-002   2.6395504659288905E-021
 Total Moment Coefficient(CMx, CMy, CMz)=
   6.7049077558295799E-003   5.7441725436188518E-003  -1.2417630695067265E-002
 Kstep, t=          85   85.000000000000000     
 ----------The Max Residuals are--------  ---Mesh---           1
    0.2441412800E-03    0.2488360772E-03    0.1216146898E-03    0.3346393863E-19    0.2144346456E-03
   The R.M.S Residuals are 
    0.3881385884E-04    0.4063679341E-04    0.1640211556E-04    0.4997561815E-20    0.3300123484E-04
 CPU wall time in this step:  0.10350891199999879     
 Averaged CPU wall time is:  0.11051235442352940     
   DBG iter           1  maxU2=   30.000000000000000       maxFi=   6.2879429701747412E-003  maxFj=   1.3616014320367789E-002  Fi(21,1,1)=   0.0000000000000000       Fi(21,21,1)=   0.0000000000000000       Fi(41,21,1)=   0.0000000000000000     
   DBG div max=   3.8960002229470620E-003  res_p=   3.8960002229470620E-003
   SIMPLE iter           1  res_p=   3.8960002229470620E-003  u(1,1,1)=  -4.1641368443481819E-002  p(1,1,1)=   2045.9705146983438     
   DBG iter           2  maxU2=   30.000000000000000       maxFi=   2.2178102059751403E-003  maxFj=   3.4549612932696649E-003  Fi(21,1,1)=   0.0000000000000000       Fi(21,21,1)=   0.0000000000000000       Fi(41,21,1)=   0.0000000000000000     
   DBG div max=   1.9748201669123888E-003  res_p=   1.9748201669123888E-003
   SIMPLE iter           2  res_p=   1.9748201669123888E-003  u(1,1,1)= -0.18099069690556424       p(1,1,1)=   2045.9924418200958     
   DBG iter           3  maxU2=   30.000000000000000       maxFi=   1.6443044215973329E-003  maxFj=   9.6558835515443038E-003  Fi(21,1,1)=   0.0000000000000000       Fi(21,21,1)=   0.0000000000000000       Fi(41,21,1)=   0.0000000000000000     
   DBG div max=   1.8353686355097381E-003  res_p=   1.8353686355097381E-003
   SIMPLE iter           3  res_p=   1.8353686355097381E-003  u(1,1,1)= -0.19535965396963553       p(1,1,1)=   2045.9923429697330     
   SIMPLE iter           4  res_p=   1.0087223554002488E-003  u(1,1,1)= -0.16623697511785634       p(1,1,1)=   2045.9931302974605     
   SIMPLE iter           5  res_p=   1.0858009945734111E-003  u(1,1,1)= -0.15336264731513766       p(1,1,1)=   2045.9948922410317     
 DEBUG T iter          50 min   107.00527003540590      max   214.05294370264798     
 Low-speed solver Block           1  SIMPLE iterations:          61  res_p:   3.7333043315982816E-005
 --------------Force and Moment -----------------------------
 Total Force Coefficient (CL, CD, CS) =
  -2.6635763568547598E-002   2.2772607227930532E-002  -3.6132791454139155E-022
 Total Moment Coefficient(CMx, CMy, CMz)=
   6.6589408921368986E-003   5.6931518069826331E-003  -1.2332494031465481E-002
 Kstep, t=          86   86.000000000000000     
 ----------The Max Residuals are--------  ---Mesh---           1
    0.2552897979E-03    0.2605456100E-03    0.1282416415E-03    0.3274659694E-19    0.2259667012E-03
   The R.M.S Residuals are 
    0.3891607490E-04    0.4066269344E-04    0.1649584426E-04    0.5168256899E-20    0.3306381269E-04
 CPU wall time in this step:  0.10965253300000022     
 Averaged CPU wall time is:  0.11050235650000000     
   DBG iter           1  maxU2=   30.000000000000000       maxFi=   6.2879429701765801E-003  maxFj=   1.3616014320367801E-002  Fi(21,1,1)=   0.0000000000000000       Fi(21,21,1)=   0.0000000000000000       Fi(41,21,1)=   0.0000000000000000     
   DBG div max=   3.8960002229438909E-003  res_p=   3.8960002229438909E-003
   SIMPLE iter           1  res_p=   3.8960002229438909E-003  u(1,1,1)=  -4.1641368442463488E-002  p(1,1,1)=   2045.9705146983438     
   DBG iter           2  maxU2=   30.000000000000000       maxFi=   2.2178102059752097E-003  maxFj=   3.4549612932696342E-003  Fi(21,1,1)=   0.0000000000000000       Fi(21,21,1)=   0.0000000000000000       Fi(41,21,1)=   0.0000000000000000     
   DBG div max=   1.9748201669128190E-003  res_p=   1.9748201669128190E-003
   SIMPLE iter           2  res_p=   1.9748201669128190E-003  u(1,1,1)= -0.18099069690488767       p(1,1,1)=   2045.9924418200958     
   DBG iter           3  maxU2=   30.000000000000000       maxFi=   1.6443044215972398E-003  maxFj=   9.6558835515439187E-003  Fi(21,1,1)=   0.0000000000000000       Fi(21,21,1)=   0.0000000000000000       Fi(41,21,1)=   0.0000000000000000     
   DBG div max=   1.8353686355096549E-003  res_p=   1.8353686355096549E-003
   SIMPLE iter           3  res_p=   1.8353686355096549E-003  u(1,1,1)= -0.19535965396888549       p(1,1,1)=   2045.9923429697330     
   SIMPLE iter           4  res_p=   1.0087223554001495E-003  u(1,1,1)= -0.16623697511711735       p(1,1,1)=   2045.9931302974605     
   SIMPLE iter           5  res_p=   1.0858009945737207E-003  u(1,1,1)= -0.15336264731441562       p(1,1,1)=   2045.9948922410317     
 DEBUG T iter          50 min   107.00527255293949      max   214.10066891668768     
 Low-speed solver Block           1  SIMPLE iterations:          61  res_p:   3.7333043316217437E-005
 --------------Force and Moment -----------------------------
 Total Force Coefficient (CL, CD, CS) =
  -2.6453438772998064E-002   2.2572083261271268E-002  -1.2306981204638956E-022
 Total Moment Coefficient(CMx, CMy, CMz)=
   6.6133596932495178E-003   5.6430208153178171E-003  -1.2248071577212544E-002
 Kstep, t=          87   87.000000000000000     
 ----------The Max Residuals are--------  ---Mesh---           1
    0.2693094404E-03    0.2742086391E-03    0.1358768594E-03    0.2731732227E-19    0.2367608857E-03
   The R.M.S Residuals are 
    0.3903326017E-04    0.4070336174E-04    0.1659706067E-04    0.5077935660E-20    0.3313844773E-04
 CPU wall time in this step:   9.8865359000001263E-002
 Averaged CPU wall time is:  0.11036859790804598     
   DBG iter           1  maxU2=   30.000000000000000       maxFi=   6.2879429701747317E-003  maxFj=   1.3616014320367759E-002  Fi(21,1,1)=   0.0000000000000000       Fi(21,21,1)=   0.0000000000000000       Fi(41,21,1)=   0.0000000000000000     
   DBG div max=   3.8960002229438411E-003  res_p=   3.8960002229438411E-003
   SIMPLE iter           1  res_p=   3.8960002229438411E-003  u(1,1,1)=  -4.1641368443505536E-002  p(1,1,1)=   2045.9705146983438     
   DBG iter           2  maxU2=   30.000000000000000       maxFi=   2.2178102059751325E-003  maxFj=   3.4549612932695869E-003  Fi(21,1,1)=   0.0000000000000000       Fi(21,21,1)=   0.0000000000000000       Fi(41,21,1)=   0.0000000000000000     
   DBG div max=   1.9748201669125588E-003  res_p=   1.9748201669125588E-003
   SIMPLE iter           2  res_p=   1.9748201669125588E-003  u(1,1,1)= -0.18099069690556557       p(1,1,1)=   2045.9924418200958     
   DBG iter           3  maxU2=   30.000000000000000       maxFi=   1.6443044215969070E-003  maxFj=   9.6558835515450532E-003  Fi(21,1,1)=   0.0000000000000000       Fi(21,21,1)=   0.0000000000000000       Fi(41,21,1)=   0.0000000000000000     
   DBG div max=   1.8353686355098500E-003  res_p=   1.8353686355098500E-003
   SIMPLE iter           3  res_p=   1.8353686355098500E-003  u(1,1,1)= -0.19535965396961899       p(1,1,1)=   2045.9923429697330     
   SIMPLE iter           4  res_p=   1.0087223554003421E-003  u(1,1,1)= -0.16623697511784979       p(1,1,1)=   2045.9931302974605     
   SIMPLE iter           5  res_p=   1.0858009945733859E-003  u(1,1,1)= -0.15336264731513854       p(1,1,1)=   2045.9948922410317     
 DEBUG T iter          50 min   107.00527497278264      max   214.14650900691160     
 Low-speed solver Block           1  SIMPLE iterations:          61  res_p:   3.7333043316512774E-005
 --------------Force and Moment -----------------------------
 Total Force Coefficient (CL, CD, CS) =
  -2.6272622520990625E-002   2.2375014175502028E-002  -1.6702684753468217E-021
 Total Moment Coefficient(CMx, CMy, CMz)=
   6.5681556302476553E-003   5.5937535438755071E-003  -1.2164347533906650E-002
 Kstep, t=          88   88.000000000000000     
 ----------The Max Residuals are--------  ---Mesh---           1
    0.2817576538E-03    0.2862734401E-03    0.1429914885E-03    0.3357171374E-19    0.2491516683E-03
   The R.M.S Residuals are 
    0.3916447378E-04    0.4075781457E-04    0.1670543752E-04    0.5159291556E-20    0.3322436346E-04
 CPU wall time in this step:   9.9281899999999368E-002
 Averaged CPU wall time is:  0.11024261270454545     
   DBG iter           1  maxU2=   30.000000000000000       maxFi=   6.2879429701747447E-003  maxFj=   1.3616014320367789E-002  Fi(21,1,1)=   0.0000000000000000       Fi(21,21,1)=   0.0000000000000000       Fi(41,21,1)=   0.0000000000000000     
   DBG div max=   3.8960002229470581E-003  res_p=   3.8960002229470581E-003
   SIMPLE iter           1  res_p=   3.8960002229470581E-003  u(1,1,1)=  -4.1641368443493247E-002  p(1,1,1)=   2045.9705146983438     
   DBG iter           2  maxU2=   30.000000000000000       maxFi=   2.2178102059751425E-003  maxFj=   3.4549612932696480E-003  Fi(21,1,1)=   0.0000000000000000       Fi(21,21,1)=   0.0000000000000000       Fi(41,21,1)=   0.0000000000000000     
   DBG div max=   1.9748201669123914E-003  res_p=   1.9748201669123914E-003
   SIMPLE iter           2  res_p=   1.9748201669123914E-003  u(1,1,1)= -0.18099069690556274       p(1,1,1)=   2045.9924418200958     
   DBG iter           3  maxU2=   30.000000000000000       maxFi=   1.6443044215973407E-003  maxFj=   9.6558835515442986E-003  Fi(21,1,1)=   0.0000000000000000       Fi(21,21,1)=   0.0000000000000000       Fi(41,21,1)=   0.0000000000000000     
   DBG div max=   1.8353686355096870E-003  res_p=   1.8353686355096870E-003
   SIMPLE iter           3  res_p=   1.8353686355096870E-003  u(1,1,1)= -0.19535965396962185       p(1,1,1)=   2045.9923429697330     
   SIMPLE iter           4  res_p=   1.0087223554002462E-003  u(1,1,1)= -0.16623697511785401       p(1,1,1)=   2045.9931302974605     
   SIMPLE iter           5  res_p=   1.0858009945734813E-003  u(1,1,1)= -0.15336264731513949       p(1,1,1)=   2045.9948922410317     
 DEBUG T iter          50 min   107.00527729782391      max   214.19051804825000     
 Low-speed solver Block           1  SIMPLE iterations:          61  res_p:   3.7333043316232183E-005
 --------------Force and Moment -----------------------------
 Total Force Coefficient (CL, CD, CS) =
  -2.6093283088594911E-002   2.2181300400185934E-002  -1.2994864590441692E-021
 Total Moment Coefficient(CMx, CMy, CMz)=
   6.5233207721487260E-003   5.5453251000464835E-003  -1.2081307210498304E-002
 Kstep, t=          89   89.000000000000000     
 ----------The Max Residuals are--------  ---Mesh---           1
    0.2965459787E-03    0.3015728874E-03    0.1514930685E-03    0.3388607903E-19    0.2614576988E-03
   The R.M.S Residuals are 
    0.3930877137E-04    0.4082506935E-04    0.1682064128E-04    0.5314235579E-20    0.3332075704E-04
 CPU wall time in this step:  0.10031093099999921     
 Averaged CPU wall time is:  0.11013102077528089     
   DBG iter           1  maxU2=   30.000000000000000       maxFi=   6.2879429701747326E-003  maxFj=   1.3616014320367777E-002  Fi(21,1,1)=   0.0000000000000000       Fi(21,21,1)=   0.0000000000000000       Fi(41,21,1)=   0.0000000000000000     
   DBG div max=   3.8960002229438844E-003  res_p=   3.8960002229438844E-003
   SIMPLE iter           1  res_p=   3.8960002229438844E-003  u(1,1,1)=  -4.1641368443499194E-002  p(1,1,1)=   2045.9705146983438     
   DBG iter           2  maxU2=   30.000000000000000       maxFi=   2.2178102059751841E-003  maxFj=   3.4549612932695231E-003  Fi(21,1,1)=   0.0000000000000000       Fi(21,21,1)=   0.0000000000000000       Fi(41,21,1)=   0.0000000000000000     
   DBG div max=   1.9748201669124673E-003  res_p=   1.9748201669124673E-003
   SIMPLE iter           2  res_p=   1.9748201669124673E-003  u(1,1,1)= -0.18099069690557229       p(1,1,1)=   2045.9924418200958     
   DBG iter           3  maxU2=   30.000000000000000       maxFi=   1.6443044215968933E-003  maxFj=   9.6558835515444287E-003  Fi(21,1,1)=   0.0000000000000000       Fi(21,21,1)=   0.0000000000000000       Fi(41,21,1)=   0.0000000000000000     
   DBG div max=   1.8353686355097563E-003  res_p=   1.8353686355097563E-003
   SIMPLE iter           3  res_p=   1.8353686355097563E-003  u(1,1,1)= -0.19535965396962593       p(1,1,1)=   2045.9923429697330     
   SIMPLE iter           4  res_p=   1.0087223554002740E-003  u(1,1,1)= -0.16623697511785979       p(1,1,1)=   2045.9931302974605     
   SIMPLE iter           5  res_p=   1.0858009945734970E-003  u(1,1,1)= -0.15336264731514701       p(1,1,1)=   2045.9948922410317     
 DEBUG T iter          50 min   107.00527953083854      max   214.23274810287194     
 Low-speed solver Block           1  SIMPLE iterations:          61  res_p:   3.7333043316240423E-005
 --------------Force and Moment -----------------------------
 Total Force Coefficient (CL, CD, CS) =
  -2.5915390991069563E-002   2.1990846644940255E-002   7.2410944167407357E-022
 Total Moment Coefficient(CMx, CMy, CMz)=
   6.4788477477673908E-003   5.4977116612350638E-003  -1.1998936952649338E-002
 Kstep, t=          90   90.000000000000000     
 ----------The Max Residuals are--------  ---Mesh---           1
    0.3102504334E-03    0.3148585133E-03    0.1595661318E-03    0.3262087962E-19    0.2742944379E-03
   The R.M.S Residuals are 
    0.3946523872E-04    0.4090418291E-04    0.1694232624E-04    0.5191437975E-20    0.3342682433E-04
 write flow3d.dat ......
 write flow3d.dat OK
 write VTK files ......
 write merged flow3d.vtk OK: points=       18406  cells=        8760
 write VTK files OK
 CPU wall time in this step:  0.17854966400000016     
 Averaged CPU wall time is:  0.11089122792222221     
   DBG iter           1  maxU2=   30.000000000000000       maxFi=   6.2879429701747326E-003  maxFj=   1.3616014320367796E-002  Fi(21,1,1)=   0.0000000000000000       Fi(21,21,1)=   0.0000000000000000       Fi(41,21,1)=   0.0000000000000000     
   DBG div max=   3.8960002229438627E-003  res_p=   3.8960002229438627E-003
   SIMPLE iter           1  res_p=   3.8960002229438627E-003  u(1,1,1)=  -4.1641368443484150E-002  p(1,1,1)=   2045.9705146983438     
   DBG iter           2  maxU2=   30.000000000000000       maxFi=   2.2178102059751507E-003  maxFj=   3.4549612932695223E-003  Fi(21,1,1)=   0.0000000000000000       Fi(21,21,1)=   0.0000000000000000       Fi(41,21,1)=   0.0000000000000000     
   DBG div max=   1.9748201669125562E-003  res_p=   1.9748201669125562E-003
   SIMPLE iter           2  res_p=   1.9748201669125562E-003  u(1,1,1)= -0.18099069690556335       p(1,1,1)=   2045.9924418200958     
   DBG iter           3  maxU2=   30.000000000000000       maxFi=   1.6443044215972921E-003  maxFj=   9.6558835515443038E-003  Fi(21,1,1)=   0.0000000000000000       Fi(21,21,1)=   0.0000000000000000       Fi(41,21,1)=   0.0000000000000000     
   DBG div max=   1.8353686355097338E-003  res_p=   1.8353686355097338E-003
   SIMPLE iter           3  res_p=   1.8353686355097338E-003  u(1,1,1)= -0.19535965396961968       p(1,1,1)=   2045.9923429697330     
   SIMPLE iter           4  res_p=   1.0087223554002432E-003  u(1,1,1)= -0.16623697511784660       p(1,1,1)=   2045.9931302974605     
   SIMPLE iter           5  res_p=   1.0858009945734015E-003  u(1,1,1)= -0.15336264731513127       p(1,1,1)=   2045.9948922410317     
 DEBUG T iter          50 min   107.00528167449619      max   214.27324934993902     
 Low-speed solver Block           1  SIMPLE iterations:          61  res_p:   3.7333043316231315E-005
 --------------Force and Moment -----------------------------
 Total Force Coefficient (CL, CD, CS) =
  -2.5738918836984797E-002   2.1803561666447216E-002   3.9244579766574662E-022
 Total Moment Coefficient(CMx, CMy, CMz)=
   6.4347297092462001E-003   5.4508904166118040E-003  -1.1917224075185886E-002
 Kstep, t=          91   91.000000000000000     
 ----------The Max Residuals are--------  ---Mesh---           1
    0.3260294624E-03    0.3311094469E-03    0.1685937247E-03    0.3207441475E-19    0.2880106486E-03
   The R.M.S Residuals are 
    0.3963285892E-04    0.4099412645E-04    0.1707007423E-04    0.5213382120E-20    0.3354170567E-04
 CPU wall time in this step:  0.10042029800000130     
 Averaged CPU wall time is:  0.11077616275824177     
   DBG iter           1  maxU2=   30.000000000000000       maxFi=   6.2879429701747352E-003  maxFj=   1.3616014320367789E-002  Fi(21,1,1)=   0.0000000000000000       Fi(21,21,1)=   0.0000000000000000       Fi(41,21,1)=   0.0000000000000000     
   DBG div max=   3.8960002229438831E-003  res_p=   3.8960002229438831E-003
   SIMPLE iter           1  res_p=   3.8960002229438831E-003  u(1,1,1)=  -4.1641368443491873E-002  p(1,1,1)=   2045.9705146983438     
   DBG iter           2  maxU2=   30.000000000000000       maxFi=   2.2178102059751898E-003  maxFj=   3.4549612932695244E-003  Fi(21,1,1)=   0.0000000000000000       Fi(21,21,1)=   0.0000000000000000       Fi(41,21,1)=   0.0000000000000000     
   DBG div max=   1.9748201669125293E-003  res_p=   1.9748201669125293E-003
   SIMPLE iter           2  res_p=   1.9748201669125293E-003  u(1,1,1)= -0.18099069690556163       p(1,1,1)=   2045.9924418200958     
   DBG iter           3  maxU2=   30.000000000000000       maxFi=   1.6443044215968790E-003  maxFj=   9.6558835515444096E-003  Fi(21,1,1)=   0.0000000000000000       Fi(21,21,1)=   0.0000000000000000       Fi(41,21,1)=   0.0000000000000000     
   DBG div max=   1.8353686355097433E-003  res_p=   1.8353686355097433E-003
   SIMPLE iter           3  res_p=   1.8353686355097433E-003  u(1,1,1)= -0.19535965396962093       p(1,1,1)=   2045.9923429697330     
   SIMPLE iter           4  res_p=   1.0087223554002649E-003  u(1,1,1)= -0.16623697511785304       p(1,1,1)=   2045.9931302974605     
   SIMPLE iter           5  res_p=   1.0858009945734883E-003  u(1,1,1)= -0.15336264731513868       p(1,1,1)=   2045.9948922410317     
 DEBUG T iter          50 min   107.00528373136800      max   214.31218583927640     
 Low-speed solver Block           1  SIMPLE iterations:          61  res_p:   3.7333043316253867E-005
 --------------Force and Moment -----------------------------
 Total Force Coefficient (CL, CD, CS) =
  -2.5563841189054852E-002   2.1619358049902320E-002  -6.9772554884280058E-023
 Total Moment Coefficient(CMx, CMy, CMz)=
   6.3909602972637130E-003   5.4048395124755800E-003  -1.1836156797658081E-002
 Kstep, t=          92   92.000000000000000     
 ----------The Max Residuals are--------  ---Mesh---           1
    0.3405070586E-03    0.3451589067E-03    0.1775102521E-03    0.3452214739E-19    0.3016081316E-03
   The R.M.S Residuals are 
    0.3981043438E-04    0.4109370840E-04    0.1720337791E-04    0.5260254922E-20    0.3366445224E-04
 CPU wall time in this step:   9.9398771999998914E-002
 Averaged CPU wall time is:  0.11065249546739130     
   DBG iter           1  maxU2=   30.000000000000000       maxFi=   6.2879429701747360E-003  maxFj=   1.3616014320367789E-002  Fi(21,1,1)=   0.0000000000000000       Fi(21,21,1)=   0.0000000000000000       Fi(41,21,1)=   0.0000000000000000     
   DBG div max=   3.8960002229438805E-003  res_p=   3.8960002229438805E-003
   SIMPLE iter           1  res_p=   3.8960002229438805E-003  u(1,1,1)=  -4.1641368443494482E-002  p(1,1,1)=   2045.9705146983438     
   DBG iter           2  maxU2=   30.000000000000000       maxFi=   2.2178102059751434E-003  maxFj=   3.4549612932694108E-003  Fi(21,1,1)=   0.0000000000000000       Fi(21,21,1)=   0.0000000000000000       Fi(41,21,1)=   0.0000000000000000     
   DBG div max=   1.9748201669124860E-003  res_p=   1.9748201669124860E-003
   SIMPLE iter           2  res_p=   1.9748201669124860E-003  u(1,1,1)= -0.18099069690556588       p(1,1,1)=   2045.9924418200958     
   DBG iter           3  maxU2=   30.000000000000000       maxFi=   1.6443044215973058E-003  maxFj=   9.6558835515442951E-003  Fi(21,1,1)=   0.0000000000000000       Fi(21,21,1)=   0.0000000000000000       Fi(41,21,1)=   0.0000000000000000     
   DBG div max=   1.8353686355097381E-003  res_p=   1.8353686355097381E-003
   SIMPLE iter           3  res_p=   1.8353686355097381E-003  u(1,1,1)= -0.19535965396961943       p(1,1,1)=   2045.9923429697330     
   SIMPLE iter           4  res_p=   1.0087223554002453E-003  u(1,1,1)= -0.16623697511785285       p(1,1,1)=   2045.9931302974605     
   SIMPLE iter           5  res_p=   1.0858009945734041E-003  u(1,1,1)= -0.15336264731513927       p(1,1,1)=   2045.9948922410317     
 DEBUG T iter          50 min   107.00528570393288      max   214.34954650403421     
 Low-speed solver Block           1  SIMPLE iterations:          61  res_p:   3.7333043316061312E-005
 --------------Force and Moment -----------------------------
 Total Force Coefficient (CL, CD, CS) =
  -2.5390134431665157E-002   2.1438152003909590E-002  -2.1944424528917316E-021
 Total Moment Coefficient(CMx, CMy, CMz)=
   6.3475336079162874E-003   5.3595380009773975E-003  -1.1755724182999376E-002
 Kstep, t=          93   93.000000000000000     
 ----------The Max Residuals are--------  ---Mesh---           1
    0.3578436398E-03    0.3629160214E-03    0.1872873981E-03    0.3387190871E-19    0.3163992857E-03
   The R.M.S Residuals are 
    0.3999670730E-04    0.4120168962E-04    0.1734172533E-04    0.5216559260E-20    0.3379408443E-04
 CPU wall time in this step:   9.9235440000001063E-002
 Averaged CPU wall time is:  0.11052973143010754     
   DBG iter           1  maxU2=   30.000000000000000       maxFi=   6.2879429701765844E-003  maxFj=   1.3616014320367780E-002  Fi(21,1,1)=   0.0000000000000000       Fi(21,21,1)=   0.0000000000000000       Fi(41,21,1)=   0.0000000000000000     
   DBG div max=   3.8960002229438940E-003  res_p=   3.8960002229438940E-003
   SIMPLE iter           1  res_p=   3.8960002229438940E-003  u(1,1,1)=  -4.1641368443494066E-002  p(1,1,1)=   2045.9705146983438     
   DBG iter           2  maxU2=   30.000000000000000       maxFi=   2.2178102059751815E-003  maxFj=   3.4549612932696073E-003  Fi(21,1,1)=   0.0000000000000000       Fi(21,21,1)=   0.0000000000000000       Fi(41,21,1)=   0.0000000000000000     
   DBG div max=   1.9748201669127544E-003  res_p=   1.9748201669127544E-003
   SIMPLE iter           2  res_p=   1.9748201669127544E-003  u(1,1,1)= -0.18099069690556829       p(1,1,1)=   2045.9924418200958     
   DBG iter           3  maxU2=   30.000000000000000       maxFi=   1.6443044215972409E-003  maxFj=   9.6558835515440141E-003  Fi(21,1,1)=   0.0000000000000000       Fi(21,21,1)=   0.0000000000000000       Fi(41,21,1)=   0.0000000000000000     
   DBG div max=   1.8353686355097086E-003  res_p=   1.8353686355097086E-003
   SIMPLE iter           3  res_p=   1.8353686355097086E-003  u(1,1,1)= -0.19535965396962407       p(1,1,1)=   2045.9923429697330     
   SIMPLE iter           4  res_p=   1.0087223554002033E-003  u(1,1,1)= -0.16623697511785543       p(1,1,1)=   2045.9931302974605     
   SIMPLE iter           5  res_p=   1.0858009945734475E-003  u(1,1,1)= -0.15336264731514204       p(1,1,1)=   2045.9948922410317     
 DEBUG T iter          50 min   107.00528759458336      max   214.38532956043338     
 Low-speed solver Block           1  SIMPLE iterations:          61  res_p:   3.7333043316061746E-005
 --------------Force and Moment -----------------------------
 Total Force Coefficient (CL, CD, CS) =
  -2.5217776645035460E-002   2.1259863167910883E-002  -2.3675496570685706E-021
 Total Moment Coefficient(CMx, CMy, CMz)=
   6.3044441612588650E-003   5.3149657919777209E-003  -1.1675916079258407E-002
 Kstep, t=          94   94.000000000000000     
 ----------The Max Residuals are--------  ---Mesh---           1
    0.3721343137E-03    0.3768047595E-03    0.1967583920E-03    0.3410072230E-19    0.3312473185E-03
   The R.M.S Residuals are 
    0.4019066539E-04    0.4131707336E-04    0.1748467815E-04    0.5091697217E-20    0.3392973585E-04
 CPU wall time in this step:   9.9131712000000149E-002
 Averaged CPU wall time is:  0.11040847590425533     
   DBG iter           1  maxU2=   30.000000000000000       maxFi=   6.2879429701765853E-003  maxFj=   1.3616014320367784E-002  Fi(21,1,1)=   0.0000000000000000       Fi(21,21,1)=   0.0000000000000000       Fi(41,21,1)=   0.0000000000000000     
   DBG div max=   3.8960002229438931E-003  res_p=   3.8960002229438931E-003
   SIMPLE iter           1  res_p=   3.8960002229438931E-003  u(1,1,1)=  -4.1641368443494267E-002  p(1,1,1)=   2045.9705146983438     
   DBG iter           2  maxU2=   30.000000000000000       maxFi=   2.2178102059751789E-003  maxFj=   3.4549612932696051E-003  Fi(21,1,1)=   0.0000000000000000       Fi(21,21,1)=   0.0000000000000000       Fi(41,21,1)=   0.0000000000000000     
   DBG div max=   1.9748201669127548E-003  res_p=   1.9748201669127548E-003
   SIMPLE iter           2  res_p=   1.9748201669127548E-003  u(1,1,1)= -0.18099069690556929       p(1,1,1)=   2045.9924418200958     
   DBG iter           3  maxU2=   30.000000000000000       maxFi=   1.6443044215972392E-003  maxFj=   9.6558835515440106E-003  Fi(21,1,1)=   0.0000000000000000       Fi(21,21,1)=   0.0000000000000000       Fi(41,21,1)=   0.0000000000000000     
   DBG div max=   1.8353686355097069E-003  res_p=   1.8353686355097069E-003
   SIMPLE iter           3  res_p=   1.8353686355097069E-003  u(1,1,1)= -0.19535965396962451       p(1,1,1)=   2045.9923429697330     
   SIMPLE iter           4  res_p=   1.0087223554002033E-003  u(1,1,1)= -0.16623697511785621       p(1,1,1)=   2045.9931302974605     
   SIMPLE iter           5  res_p=   1.0858009945737485E-003  u(1,1,1)= -0.15336264731514274       p(1,1,1)=   2045.9948922410317     
 DEBUG T iter          50 min   107.00528940563073      max   214.41957898886665     
 Low-speed solver Block           1  SIMPLE iterations:          61  res_p:   3.7333043316062613E-005
 --------------Force and Moment -----------------------------
 Total Force Coefficient (CL, CD, CS) =
  -2.5046747485920090E-002   2.1084414431306316E-002  -3.1346384198703184E-021
 Total Moment Coefficient(CMx, CMy, CMz)=
   6.2616868714800225E-003   5.2711036078265791E-003  -1.1596723064357498E-002
 Kstep, t=          95   95.000000000000000     
 ----------The Max Residuals are--------  ---Mesh---           1
    0.3918483254E-03    0.3968804600E-03    0.2076198126E-03    0.2837313269E-19    0.3463738152E-03
   The R.M.S Residuals are 
    0.4039108170E-04    0.4143865861E-04    0.1763170098E-04    0.5174485555E-20    0.3407040369E-04
 CPU wall time in this step:   9.8432145999998610E-002
 Averaged CPU wall time is:  0.11028240927368420     
   DBG iter           1  maxU2=   30.000000000000000       maxFi=   6.2879429701765844E-003  maxFj=   1.3616014320367784E-002  Fi(21,1,1)=   0.0000000000000000       Fi(21,21,1)=   0.0000000000000000       Fi(41,21,1)=   0.0000000000000000     
   DBG div max=   3.8960002229438922E-003  res_p=   3.8960002229438922E-003
   SIMPLE iter           1  res_p=   3.8960002229438922E-003  u(1,1,1)=  -4.1641368443494232E-002  p(1,1,1)=   2045.9705146983438     
   DBG iter           2  maxU2=   30.000000000000000       maxFi=   2.2178102059751794E-003  maxFj=   3.4549612932696068E-003  Fi(21,1,1)=   0.0000000000000000       Fi(21,21,1)=   0.0000000000000000       Fi(41,21,1)=   0.0000000000000000     
   DBG div max=   1.9748201669127561E-003  res_p=   1.9748201669127561E-003
   SIMPLE iter           2  res_p=   1.9748201669127561E-003  u(1,1,1)= -0.18099069690556863       p(1,1,1)=   2045.9924418200958     
   DBG iter           3  maxU2=   30.000000000000000       maxFi=   1.6443044215972375E-003  maxFj=   9.6558835515440072E-003  Fi(21,1,1)=   0.0000000000000000       Fi(21,21,1)=   0.0000000000000000       Fi(41,21,1)=   0.0000000000000000     
   DBG div max=   1.8353686355097069E-003  res_p=   1.8353686355097069E-003
   SIMPLE iter           3  res_p=   1.8353686355097069E-003  u(1,1,1)= -0.19535965396962446       p(1,1,1)=   2045.9923429697330     
   SIMPLE iter           4  res_p=   1.0087223554002028E-003  u(1,1,1)= -0.16623697511785607       p(1,1,1)=   2045.9931302974605     
   SIMPLE iter           5  res_p=   1.0858009945737485E-003  u(1,1,1)= -0.15336264731514257       p(1,1,1)=   2045.9948922410317     
 DEBUG T iter          50 min   107.00529113930975      max   214.45233736792801     
 Low-speed solver Block           1  SIMPLE iterations:          61  res_p:   3.7333043316285959E-005
 --------------Force and Moment -----------------------------
 Total Force Coefficient (CL, CD, CS) =
  -2.4877028074709900E-002   2.0911731763486516E-002  -1.1612573410419096E-021
 Total Moment Coefficient(CMx, CMy, CMz)=
   6.2192570186774751E-003   5.2279329408716291E-003  -1.1518136393815201E-002
 Kstep, t=          96   96.000000000000000     
 ----------The Max Residuals are--------  ---Mesh---           1
    0.4064562364E-03    0.4118098116E-03    0.2170687480E-03    0.3346854184E-19    0.3631996796E-03
   The R.M.S Residuals are 
    0.4059665661E-04    0.4156518875E-04    0.1778227026E-04    0.5217256461E-20    0.3421505411E-04
 CPU wall time in this step:   9.9267778999999834E-002
 Averaged CPU wall time is:  0.11016767354166666     
   DBG iter           1  maxU2=   30.000000000000000       maxFi=   6.2879429701747360E-003  maxFj=   1.3616014320367796E-002  Fi(21,1,1)=   0.0000000000000000       Fi(21,21,1)=   0.0000000000000000       Fi(41,21,1)=   0.0000000000000000     
   DBG div max=   3.8960002229438463E-003  res_p=   3.8960002229438463E-003
   SIMPLE iter           1  res_p=   3.8960002229438463E-003  u(1,1,1)=  -4.1641368443493323E-002  p(1,1,1)=   2045.9705146983438     
   DBG iter           2  maxU2=   30.000000000000000       maxFi=   2.2178102059751525E-003  maxFj=   3.4549612932696697E-003  Fi(21,1,1)=   0.0000000000000000       Fi(21,21,1)=   0.0000000000000000       Fi(41,21,1)=   0.0000000000000000     
   DBG div max=   1.9748201669125085E-003  res_p=   1.9748201669125085E-003
   SIMPLE iter           2  res_p=   1.9748201669125085E-003  u(1,1,1)= -0.18099069690556968       p(1,1,1)=   2045.9924418200958     
   DBG iter           3  maxU2=   30.000000000000000       maxFi=   1.6443044215968868E-003  maxFj=   9.6558835515444270E-003  Fi(21,1,1)=   0.0000000000000000       Fi(21,21,1)=   0.0000000000000000       Fi(41,21,1)=   0.0000000000000000     
   DBG div max=   1.8353686355097459E-003  res_p=   1.8353686355097459E-003
   SIMPLE iter           3  res_p=   1.8353686355097459E-003  u(1,1,1)= -0.19535965396962482       p(1,1,1)=   2045.9923429697330     
   SIMPLE iter           4  res_p=   1.0087223554002666E-003  u(1,1,1)= -0.16623697511785543       p(1,1,1)=   2045.9931302974605     
   SIMPLE iter           5  res_p=   1.0858009945734857E-003  u(1,1,1)= -0.15336264731514218       p(1,1,1)=   2045.9948922410317     
 DEBUG T iter          50 min   107.00529279778277      max   214.48364594411669     
 Low-speed solver Block           1  SIMPLE iterations:          61  res_p:   3.7333043316509738E-005
 --------------Force and Moment -----------------------------
 Total Force Coefficient (CL, CD, CS) =
  -2.4708600888769441E-002   2.0741744054055166E-002  -3.9260226912903648E-022
 Total Moment Coefficient(CMx, CMy, CMz)=
   6.1771502221923619E-003   5.1854360135137915E-003  -1.1440147951355723E-002
 Kstep, t=          97   97.000000000000000     
 ----------The Max Residuals are--------  ---Mesh---           1
    0.4274534272E-03    0.4324541413E-03    0.2294988505E-03    0.3325115530E-19    0.3772492834E-03
   The R.M.S Residuals are 
    0.4080614847E-04    0.4169548095E-04    0.1793582039E-04    0.5226644569E-20    0.3436269640E-04
 CPU wall time in this step:  0.10462732000000052     
 Averaged CPU wall time is:  0.11011055649484536     
   DBG iter           1  maxU2=   30.000000000000000       maxFi=   6.2879429701747378E-003  maxFj=   1.3616014320367792E-002  Fi(21,1,1)=   0.0000000000000000       Fi(21,21,1)=   0.0000000000000000       Fi(41,21,1)=   0.0000000000000000     
   DBG div max=   3.8960002229470646E-003  res_p=   3.8960002229470646E-003
   SIMPLE iter           1  res_p=   3.8960002229470646E-003  u(1,1,1)=  -4.1641368443492949E-002  p(1,1,1)=   2045.9705146983438     
   DBG iter           2  maxU2=   30.000000000000000       maxFi=   2.2178102059751486E-003  maxFj=   3.4549612932696741E-003  Fi(21,1,1)=   0.0000000000000000       Fi(21,21,1)=   0.0000000000000000       Fi(41,21,1)=   0.0000000000000000     
   DBG div max=   1.9748201669123463E-003  res_p=   1.9748201669123463E-003
   SIMPLE iter           2  res_p=   1.9748201669123463E-003  u(1,1,1)= -0.18099069690556968       p(1,1,1)=   2045.9924418200958     
   DBG iter           3  maxU2=   30.000000000000000       maxFi=   1.6443044215973350E-003  maxFj=   9.6558835515443021E-003  Fi(21,1,1)=   0.0000000000000000       Fi(21,21,1)=   0.0000000000000000       Fi(41,21,1)=   0.0000000000000000     
   DBG div max=   1.8353686355097433E-003  res_p=   1.8353686355097433E-003
   SIMPLE iter           3  res_p=   1.8353686355097433E-003  u(1,1,1)= -0.19535965396962593       p(1,1,1)=   2045.9923429697330     
   SIMPLE iter           4  res_p=   1.0087223554002440E-003  u(1,1,1)= -0.16623697511785679       p(1,1,1)=   2045.9931302974605     
   SIMPLE iter           5  res_p=   1.0858009945734094E-003  u(1,1,1)= -0.15336264731514357       p(1,1,1)=   2045.9948922410317     
 DEBUG T iter          50 min   107.00529438314373      max   214.51354469473495     
 Low-speed solver Block           1  SIMPLE iterations:          61  res_p:   3.7333043316014041E-005
 --------------Force and Moment -----------------------------
 Total Force Coefficient (CL, CD, CS) =
  -2.4541449661816088E-002   2.0574382962572434E-002  -4.9906259834756177E-022
 Total Moment Coefficient(CMx, CMy, CMz)=
   6.1353624154540203E-003   5.1435957406431084E-003  -1.1362750202315763E-002
 Kstep, t=          98   98.000000000000000     
 ----------The Max Residuals are--------  ---Mesh---           1
    0.4450442434E-03    0.4502882792E-03    0.2390238581E-03    0.3219302530E-19    0.3970880926E-03
   The R.M.S Residuals are 
    0.4101795478E-04    0.4182800163E-04    0.1809163803E-04    0.5082160875E-20    0.3451214139E-04
 CPU wall time in this step:  0.10579065399999976     
 Averaged CPU wall time is:  0.11006647585714285     
   DBG iter           1  maxU2=   30.000000000000000       maxFi=   6.2879429701765766E-003  maxFj=   1.3616014320367784E-002  Fi(21,1,1)=   0.0000000000000000       Fi(21,21,1)=   0.0000000000000000       Fi(41,21,1)=   0.0000000000000000     
   DBG div max=   3.8960002229439191E-003  res_p=   3.8960002229439191E-003
   SIMPLE iter           1  res_p=   3.8960002229439191E-003  u(1,1,1)=  -4.1641368443494545E-002  p(1,1,1)=   2045.9705146983438     
   DBG iter           2  maxU2=   30.000000000000000       maxFi=   2.2178102059751815E-003  maxFj=   3.4549612932695695E-003  Fi(21,1,1)=   0.0000000000000000       Fi(21,21,1)=   0.0000000000000000       Fi(41,21,1)=   0.0000000000000000     
   DBG div max=   1.9748201669127614E-003  res_p=   1.9748201669127614E-003
   SIMPLE iter           2  res_p=   1.9748201669127614E-003  u(1,1,1)= -0.18099069690556899       p(1,1,1)=   2045.9924418200958     
   DBG iter           3  maxU2=   30.000000000000000       maxFi=   1.6443044215972322E-003  maxFj=   9.6558835515440054E-003  Fi(21,1,1)=   0.0000000000000000       Fi(21,21,1)=   0.0000000000000000       Fi(41,21,1)=   0.0000000000000000     
   DBG div max=   1.8353686355097104E-003  res_p=   1.8353686355097104E-003
   SIMPLE iter           3  res_p=   1.8353686355097104E-003  u(1,1,1)= -0.19535965396962457       p(1,1,1)=   2045.9923429697330     
   SIMPLE iter           4  res_p=   1.0087223554002007E-003  u(1,1,1)= -0.16623697511785651       p(1,1,1)=   2045.9931302974605     
   SIMPLE iter           5  res_p=   1.0858009945737468E-003  u(1,1,1)= -0.15336264731514296       p(1,1,1)=   2045.9948922410317     
 DEBUG T iter          50 min   107.00529589742131      max   214.54207238476999     
 Low-speed solver Block           1  SIMPLE iterations:          61  res_p:   3.7333043316286826E-005
 --------------Force and Moment -----------------------------
 Total Force Coefficient (CL, CD, CS) =
  -2.4375559289127907E-002   2.0409582777198537E-002  -1.9842219087746420E-021
 Total Moment Coefficient(CMx, CMy, CMz)=
   6.0938898222819768E-003   5.1023956942996343E-003  -1.1285936149750026E-002
 Kstep, t=          99   99.000000000000000     
 ----------The Max Residuals are--------  ---Mesh---           1
    0.4632523298E-03    0.4682791567E-03    0.2525632886E-03    0.4320127494E-19    0.4116121809E-03
   The R.M.S Residuals are 
    0.4123133911E-04    0.4196206781E-04    0.1824929450E-04    0.5180879144E-20    0.3466266055E-04
 CPU wall time in this step:   9.9150812999999616E-002
 Averaged CPU wall time is:  0.10995621663636362     
   DBG iter           1  maxU2=   30.000000000000000       maxFi=   6.2879429701747378E-003  maxFj=   1.3616014320367796E-002  Fi(21,1,1)=   0.0000000000000000       Fi(21,21,1)=   0.0000000000000000       Fi(41,21,1)=   0.0000000000000000     
   DBG div max=   3.8960002229438450E-003  res_p=   3.8960002229438450E-003
   SIMPLE iter           1  res_p=   3.8960002229438450E-003  u(1,1,1)=  -4.1641368443485198E-002  p(1,1,1)=   2045.9705146983438     
   DBG iter           2  maxU2=   30.000000000000000       maxFi=   2.2178102059751503E-003  maxFj=   3.4549612932696576E-003  Fi(21,1,1)=   0.0000000000000000       Fi(21,21,1)=   0.0000000000000000       Fi(41,21,1)=   0.0000000000000000     
   DBG div max=   1.9748201669125050E-003  res_p=   1.9748201669125050E-003
   SIMPLE iter           2  res_p=   1.9748201669125050E-003  u(1,1,1)= -0.18099069690556280       p(1,1,1)=   2045.9924418200958     
   DBG iter           3  maxU2=   30.000000000000000       maxFi=   1.6443044215968890E-003  maxFj=   9.6558835515444304E-003  Fi(21,1,1)=   0.0000000000000000       Fi(21,21,1)=   0.0000000000000000       Fi(41,21,1)=   0.0000000000000000     
   DBG div max=   1.8353686355097451E-003  res_p=   1.8353686355097451E-003
   SIMPLE iter           3  res_p=   1.8353686355097451E-003  u(1,1,1)= -0.19535965396961810       p(1,1,1)=   2045.9923429697330     
   SIMPLE iter           4  res_p=   1.0087223554002670E-003  u(1,1,1)= -0.16623697511784558       p(1,1,1)=   2045.9931302974605     
   SIMPLE iter           5  res_p=   1.0858009945733877E-003  u(1,1,1)= -0.15336264731513044       p(1,1,1)=   2045.9948922410317     
 DEBUG T iter          50 min   107.00529734258220      max   214.56926661847592     
 Low-speed solver Block           1  SIMPLE iterations:          61  res_p:   3.7333043316253867E-005
 --------------Force and Moment -----------------------------
 Total Force Coefficient (CL, CD, CS) =
  -2.4210915738351196E-002   2.0247280281660091E-002  -2.2620938517995640E-022
 Total Moment Coefficient(CMx, CMy, CMz)=
   6.0527289345877998E-003   5.0618200704150226E-003  -1.1209699293129323E-002
 Kstep, t=         100   100.00000000000000     
 ----------The Max Residuals are--------  ---Mesh---           1
    0.4854367397E-03    0.4906398754E-03    0.2639913338E-03    0.4320211257E-19    0.4318335760E-03
   The R.M.S Residuals are 
    0.4144513931E-04    0.4209654940E-04    0.1840806143E-04    0.5206236374E-20    0.3481331430E-04
 write flow3d.dat ......
 write flow3d.dat OK
 write VTK files ......
 write merged flow3d.vtk OK: points=       18406  cells=        8760
 write VTK files OK
 CPU wall time in this step:  0.17954693000000077     
 Averaged CPU wall time is:  0.11065212377000000     
   DBG iter           1  maxU2=   30.000000000000000       maxFi=   6.2879429701747352E-003  maxFj=   1.3616014320367789E-002  Fi(21,1,1)=   0.0000000000000000       Fi(21,21,1)=   0.0000000000000000       Fi(41,21,1)=   0.0000000000000000     
   DBG div max=   3.8960002229438827E-003  res_p=   3.8960002229438827E-003
   SIMPLE iter           1  res_p=   3.8960002229438827E-003  u(1,1,1)=  -4.1641368443493018E-002  p(1,1,1)=   2045.9705146983438     
   DBG iter           2  maxU2=   30.000000000000000       maxFi=   2.2178102059751451E-003  maxFj=   3.4549612932694138E-003  Fi(21,1,1)=   0.0000000000000000       Fi(21,21,1)=   0.0000000000000000       Fi(41,21,1)=   0.0000000000000000     
   DBG div max=   1.9748201669124851E-003  res_p=   1.9748201669124851E-003
   SIMPLE iter           2  res_p=   1.9748201669124851E-003  u(1,1,1)= -0.18099069690556588       p(1,1,1)=   2045.9924418200958     
   DBG iter           3  maxU2=   30.000000000000000       maxFi=   1.6443044215973058E-003  maxFj=   9.6558835515442951E-003  Fi(21,1,1)=   0.0000000000000000       Fi(21,21,1)=   0.0000000000000000       Fi(41,21,1)=   0.0000000000000000     
   DBG div max=   1.8353686355097243E-003  res_p=   1.8353686355097243E-003
   SIMPLE iter           3  res_p=   1.8353686355097243E-003  u(1,1,1)= -0.19535965396961888       p(1,1,1)=   2045.9923429697330     
   SIMPLE iter           4  res_p=   1.0087223554002211E-003  u(1,1,1)= -0.16623697511785235       p(1,1,1)=   2045.9931302974605     
   SIMPLE iter           5  res_p=   1.0858009945733044E-003  u(1,1,1)= -0.15336264731513818       p(1,1,1)=   2045.9948922410317     
 DEBUG T iter          50 min   107.00529872053389      max   214.59516388630590     
 Low-speed solver Block           1  SIMPLE iterations:          61  res_p:   3.7333043316232183E-005
 --------------Force and Moment -----------------------------
 Total Force Coefficient (CL, CD, CS) =
  -2.4047505965668053E-002   2.0087414630003193E-002  -1.1779557622504203E-021
 Total Moment Coefficient(CMx, CMy, CMz)=
   6.0118764914170123E-003   5.0218536575007983E-003  -1.1134033589520306E-002
 Kstep, t=         101   101.00000000000000     
 ----------The Max Residuals are--------  ---Mesh---           1
    0.5006438751E-03    0.5059321144E-03    0.2759646846E-03    0.3387730861E-19    0.4502863009E-03
   The R.M.S Residuals are 
    0.4165809420E-04    0.4223028838E-04    0.1856745333E-04    0.5108774974E-20    0.3496325707E-04
 CPU wall time in this step:  0.10143578499999961     
 Averaged CPU wall time is:  0.11056087289108911     
   DBG iter           1  maxU2=   30.000000000000000       maxFi=   6.2879429701747343E-003  maxFj=   1.3616014320367780E-002  Fi(21,1,1)=   0.0000000000000000       Fi(21,21,1)=   0.0000000000000000       Fi(41,21,1)=   0.0000000000000000     
   DBG div max=   3.8960002229438810E-003  res_p=   3.8960002229438810E-003
   SIMPLE iter           1  res_p=   3.8960002229438810E-003  u(1,1,1)=  -4.1641368443492484E-002  p(1,1,1)=   2045.9705146983438     
   DBG iter           2  maxU2=   30.000000000000000       maxFi=   2.2178102059751889E-003  maxFj=   3.4549612932695188E-003  Fi(21,1,1)=   0.0000000000000000       Fi(21,21,1)=   0.0000000000000000       Fi(41,21,1)=   0.0000000000000000     
   DBG div max=   1.9748201669125293E-003  res_p=   1.9748201669125293E-003
   SIMPLE iter           2  res_p=   1.9748201669125293E-003  u(1,1,1)= -0.18099069690556674       p(1,1,1)=   2045.9924418200958     
   DBG iter           3  maxU2=   30.000000000000000       maxFi=   1.6443044215968790E-003  maxFj=   9.6558835515443957E-003  Fi(21,1,1)=   0.0000000000000000       Fi(21,21,1)=   0.0000000000000000       Fi(41,21,1)=   0.0000000000000000     
   DBG div max=   1.8353686355097321E-003  res_p=   1.8353686355097321E-003
   SIMPLE iter           3  res_p=   1.8353686355097321E-003  u(1,1,1)= -0.19535965396962021       p(1,1,1)=   2045.9923429697330     
   SIMPLE iter           4  res_p=   1.0087223554002445E-003  u(1,1,1)= -0.16623697511785124       p(1,1,1)=   2045.9931302974605     
   SIMPLE iter           5  res_p=   1.0858009945733946E-003  u(1,1,1)= -0.15336264731513660       p(1,1,1)=   2045.9948922410317     
 DEBUG T iter          50 min   107.00530003312711      max   214.61979960777455     
 Low-speed solver Block           1  SIMPLE iterations:          61  res_p:   3.7333043316252566E-005
 --------------Force and Moment -----------------------------
 Total Force Coefficient (CL, CD, CS) =
  -2.3885317837078777E-002   1.9929927228633765E-002  -6.7626354235243726E-022
 Total Moment Coefficient(CMx, CMy, CMz)=
   5.9713294592696935E-003   4.9824818071584412E-003  -1.1058933417133307E-002
 Kstep, t=         102   102.00000000000000     
 ----------The Max Residuals are--------  ---Mesh---           1
    0.5253446689E-03    0.5306386489E-03    0.2902522653E-03    0.3325430368E-19    0.4651335535E-03
   The R.M.S Residuals are 
    0.4186927670E-04    0.4236253044E-04    0.1872692971E-04    0.4998445131E-20    0.3511176537E-04
 CPU wall time in this step:   9.8610208000000199E-002
 Averaged CPU wall time is:  0.11044370950980392     
   DBG iter           1  maxU2=   30.000000000000000       maxFi=   6.2879429701747352E-003  maxFj=   1.3616014320367784E-002  Fi(21,1,1)=   0.0000000000000000       Fi(21,21,1)=   0.0000000000000000       Fi(41,21,1)=   0.0000000000000000     
   DBG div max=   3.8960002229438805E-003  res_p=   3.8960002229438805E-003
   SIMPLE iter           1  res_p=   3.8960002229438805E-003  u(1,1,1)=  -4.1641368443494781E-002  p(1,1,1)=   2045.9705146983438     
   DBG iter           2  maxU2=   30.000000000000000       maxFi=   2.2178102059751434E-003  maxFj=   3.4549612932694086E-003  Fi(21,1,1)=   0.0000000000000000       Fi(21,21,1)=   0.0000000000000000       Fi(41,21,1)=   0.0000000000000000     
   DBG div max=   1.9748201669124851E-003  res_p=   1.9748201669124851E-003
   SIMPLE iter           2  res_p=   1.9748201669124851E-003  u(1,1,1)= -0.18099069690556621       p(1,1,1)=   2045.9924418200958     
   DBG iter           3  maxU2=   30.000000000000000       maxFi=   1.6443044215968970E-003  maxFj=   9.6558835515443992E-003  Fi(21,1,1)=   0.0000000000000000       Fi(21,21,1)=   0.0000000000000000       Fi(41,21,1)=   0.0000000000000000     
   DBG div max=   1.8353686355097286E-003  res_p=   1.8353686355097286E-003
   SIMPLE iter           3  res_p=   1.8353686355097286E-003  u(1,1,1)= -0.19535965396961957       p(1,1,1)=   2045.9923429697330     
   SIMPLE iter           4  res_p=   1.0087223554002414E-003  u(1,1,1)= -0.16623697511785285       p(1,1,1)=   2045.9931302974605     
   SIMPLE iter           5  res_p=   1.0858009945733877E-003  u(1,1,1)= -0.15336264731513916       p(1,1,1)=   2045.9948922410317     
 DEBUG T iter          50 min   107.00530128215826      max   214.64320817076853     
 Low-speed solver Block           1  SIMPLE iterations:          61  res_p:   3.7333043316233917E-005
 --------------Force and Moment -----------------------------
 Total Force Coefficient (CL, CD, CS) =
  -2.3724340054551506E-002   1.9774761625180954E-002  -2.0105139740950759E-021
 Total Moment Coefficient(CMx, CMy, CMz)=
   5.9310850136378756E-003   4.9436904062952385E-003  -1.0984393541123579E-002
 Kstep, t=         103   103.00000000000000     
 ----------The Max Residuals are--------  ---Mesh---           1
    0.5467496990E-03    0.5520610532E-03    0.3004566765E-03    0.3346892150E-19    0.4895000466E-03
   The R.M.S Residuals are 
    0.4207721077E-04    0.4249208137E-04    0.1888597012E-04    0.5088534534E-20    0.3525794095E-04
 CPU wall time in this step:  0.10081720700000041     
 Averaged CPU wall time is:  0.11035024832038835     
   DBG iter           1  maxU2=   30.000000000000000       maxFi=   6.2879429701747360E-003  maxFj=   1.3616014320367787E-002  Fi(21,1,1)=   0.0000000000000000       Fi(21,21,1)=   0.0000000000000000       Fi(41,21,1)=   0.0000000000000000     
   DBG div max=   3.8960002229438632E-003  res_p=   3.8960002229438632E-003
   SIMPLE iter           1  res_p=   3.8960002229438632E-003  u(1,1,1)=  -4.1641368443478342E-002  p(1,1,1)=   2045.9705146983438     
   DBG iter           2  maxU2=   30.000000000000000       maxFi=   2.2178102059751542E-003  maxFj=   3.4549612932695149E-003  Fi(21,1,1)=   0.0000000000000000       Fi(21,21,1)=   0.0000000000000000       Fi(41,21,1)=   0.0000000000000000     
   DBG div max=   1.9748201669125536E-003  res_p=   1.9748201669125536E-003
   SIMPLE iter           2  res_p=   1.9748201669125536E-003  u(1,1,1)= -0.18099069690555827       p(1,1,1)=   2045.9924418200958     
   DBG iter           3  maxU2=   30.000000000000000       maxFi=   1.6443044215968847E-003  maxFj=   9.6558835515443975E-003  Fi(21,1,1)=   0.0000000000000000       Fi(21,21,1)=   0.0000000000000000       Fi(41,21,1)=   0.0000000000000000     
   DBG div max=   1.8353686355097269E-003  res_p=   1.8353686355097269E-003
   SIMPLE iter           3  res_p=   1.8353686355097269E-003  u(1,1,1)= -0.19535965396961216       p(1,1,1)=   2045.9923429697330     
   SIMPLE iter           4  res_p=   1.0087223554002410E-003  u(1,1,1)= -0.16623697511783897       p(1,1,1)=   2045.9931302974605     
   SIMPLE iter           5  res_p=   1.0858009945733851E-003  u(1,1,1)= -0.15336264731512153       p(1,1,1)=   2045.9948922410317     
 DEBUG T iter          50 min   107.00530246937137      max   214.66542296775864     
 Low-speed solver Block           1  SIMPLE iterations:          61  res_p:   3.7333043316170166E-005
 --------------Force and Moment -----------------------------
 Total Force Coefficient (CL, CD, CS) =
  -2.3564562086792508E-002   1.9621863403750835E-002  -1.6435946578306760E-021
 Total Moment Coefficient(CMx, CMy, CMz)=
   5.8911405216981270E-003   4.9054658509377087E-003  -1.0910409081531829E-002
 Kstep, t=         104   104.00000000000000     
 ----------The Max Residuals are--------  ---Mesh---           1
    0.5603159173E-03    0.5658663912E-03    0.3164576786E-03    0.5421170361E-19    0.5067112113E-03
   The R.M.S Residuals are 
    0.4228029026E-04    0.4261754870E-04    0.1904376668E-04    0.5103042130E-20    0.3540061497E-04
 CPU wall time in this step:   9.9715284000000182E-002
 Averaged CPU wall time is:  0.11024798904807692     
   DBG iter           1  maxU2=   30.000000000000000       maxFi=   6.2879429701747334E-003  maxFj=   1.3616014320367804E-002  Fi(21,1,1)=   0.0000000000000000       Fi(21,21,1)=   0.0000000000000000       Fi(41,21,1)=   0.0000000000000000     
   DBG div max=   3.8960002229438706E-003  res_p=   3.8960002229438706E-003
   SIMPLE iter           1  res_p=   3.8960002229438706E-003  u(1,1,1)=  -4.1641368443536164E-002  p(1,1,1)=   2045.9705146983438     
   DBG iter           2  maxU2=   30.000000000000000       maxFi=   2.2178102059750193E-003  maxFj=   3.4549612932696467E-003  Fi(21,1,1)=   0.0000000000000000       Fi(21,21,1)=   0.0000000000000000       Fi(41,21,1)=   0.0000000000000000     
   DBG div max=   1.9748201669125250E-003  res_p=   1.9748201669125250E-003
   SIMPLE iter           2  res_p=   1.9748201669125250E-003  u(1,1,1)= -0.18099069690561831       p(1,1,1)=   2045.9924418200958     
   DBG iter           3  maxU2=   30.000000000000000       maxFi=   1.6443044215969076E-003  maxFj=   9.6558835515449734E-003  Fi(21,1,1)=   0.0000000000000000       Fi(21,21,1)=   0.0000000000000000       Fi(41,21,1)=   0.0000000000000000     
   DBG div max=   1.8353686355097607E-003  res_p=   1.8353686355097607E-003
   SIMPLE iter           3  res_p=   1.8353686355097607E-003  u(1,1,1)= -0.19535965396969165       p(1,1,1)=   2045.9923429697330     
   SIMPLE iter           4  res_p=   1.0087223554003321E-003  u(1,1,1)= -0.16623697511790683       p(1,1,1)=   2045.9931302974605     
   SIMPLE iter           5  res_p=   1.0858009945732740E-003  u(1,1,1)= -0.15336264731518662       p(1,1,1)=   2045.9948922410317     
 DEBUG T iter          50 min   107.00530359646025      max   214.68647642932154     
 Low-speed solver Block           1  SIMPLE iterations:          61  res_p:   3.7333043316540096E-005
 --------------Force and Moment -----------------------------
 Total Force Coefficient (CL, CD, CS) =
  -2.3405974104394840E-002   1.9471180086167401E-002  -8.4356417551555412E-022
 Total Moment Coefficient(CMx, CMy, CMz)=
   5.8514935260987107E-003   4.8677950215418502E-003  -1.0836975483251755E-002
 Kstep, t=         105   105.00000000000000     
 ----------The Max Residuals are--------  ---Mesh---           1
    0.5908021095E-03    0.5963641774E-03    0.3304327542E-03    0.3302863362E-19    0.5254613487E-03
   The R.M.S Residuals are 
    0.4247698883E-04    0.4273754356E-04    0.1919983054E-04    0.5004359618E-20    0.3553867964E-04
 CPU wall time in this step:   9.9939572000000254E-002
 Averaged CPU wall time is:  0.11014981364761905     
   DBG iter           1  maxU2=   30.000000000000000       maxFi=   6.2879429701738192E-003  maxFj=   1.3616014320368719E-002  Fi(21,1,1)=   0.0000000000000000       Fi(21,21,1)=   0.0000000000000000       Fi(41,21,1)=   0.0000000000000000     
   DBG div max=   3.8960002229441928E-003  res_p=   3.8960002229441928E-003
   SIMPLE iter           1  res_p=   3.8960002229441928E-003  u(1,1,1)=  -4.1641368442492804E-002  p(1,1,1)=   2045.9705146983438     
   DBG iter           2  maxU2=   30.000000000000000       maxFi=   2.2178102059751616E-003  maxFj=   3.4549612932696029E-003  Fi(21,1,1)=   0.0000000000000000       Fi(21,21,1)=   0.0000000000000000       Fi(41,21,1)=   0.0000000000000000     
   DBG div max=   1.9748201669125354E-003  res_p=   1.9748201669125354E-003
   SIMPLE iter           2  res_p=   1.9748201669125354E-003  u(1,1,1)= -0.18099069690490588       p(1,1,1)=   2045.9924418200958     
   DBG iter           3  maxU2=   30.000000000000000       maxFi=   1.6443044215969775E-003  maxFj=   9.6558835515454626E-003  Fi(21,1,1)=   0.0000000000000000       Fi(21,21,1)=   0.0000000000000000       Fi(41,21,1)=   0.0000000000000000     
   DBG div max=   1.8353686355099923E-003  res_p=   1.8353686355099923E-003
   SIMPLE iter           3  res_p=   1.8353686355099923E-003  u(1,1,1)= -0.19535965396890667       p(1,1,1)=   2045.9923429697330     
   SIMPLE iter           4  res_p=   1.0087223554004253E-003  u(1,1,1)= -0.16623697511714330       p(1,1,1)=   2045.9931302974605     
   SIMPLE iter           5  res_p=   1.0858009945736010E-003  u(1,1,1)= -0.15336264731444421       p(1,1,1)=   2045.9948922410317     
 DEBUG T iter          50 min   107.00530466507010      max   214.70640005531772     
 Low-speed solver Block           1  SIMPLE iterations:          61  res_p:   3.7333043316729181E-005
 --------------Force and Moment -----------------------------
 Total Force Coefficient (CL, CD, CS) =
  -2.3248566919128761E-002   1.9322661038825309E-002  -1.5405225216008074E-021
 Total Moment Coefficient(CMx, CMy, CMz)=
   5.8121417297821876E-003   4.8306652597063272E-003  -1.0764088487915140E-002
 Kstep, t=         106   106.00000000000000     
 ----------The Max Residuals are--------  ---Mesh---           1
    0.6123546142E-03    0.6177559846E-03    0.3399382746E-03    0.3303774593E-19    0.5507779206E-03
   The R.M.S Residuals are 
    0.4266661281E-04    0.4285148840E-04    0.1935352517E-04    0.4992087959E-20    0.3567142910E-04
 CPU wall time in this step:   9.9338623999999598E-002
 Averaged CPU wall time is:  0.11004782129245283     
   DBG iter           1  maxU2=   30.000000000000000       maxFi=   6.2879429701739918E-003  maxFj=   1.3616014320368703E-002  Fi(21,1,1)=   0.0000000000000000       Fi(21,21,1)=   0.0000000000000000       Fi(41,21,1)=   0.0000000000000000     
   DBG div max=   3.8960002229441871E-003  res_p=   3.8960002229441871E-003
   SIMPLE iter           1  res_p=   3.8960002229441871E-003  u(1,1,1)=  -4.1641368442481182E-002  p(1,1,1)=   2045.9705146983438     
   DBG iter           2  maxU2=   30.000000000000000       maxFi=   2.2178102059752670E-003  maxFj=   3.4549612932696220E-003  Fi(21,1,1)=   0.0000000000000000       Fi(21,21,1)=   0.0000000000000000       Fi(41,21,1)=   0.0000000000000000     
   DBG div max=   1.9748201669122032E-003  res_p=   1.9748201669122032E-003
   SIMPLE iter           2  res_p=   1.9748201669122032E-003  u(1,1,1)= -0.18099069690489605       p(1,1,1)=   2045.9924418200958     
   DBG iter           3  maxU2=   30.000000000000000       maxFi=   1.6443044215974578E-003  maxFj=   9.6558835515455702E-003  Fi(21,1,1)=   0.0000000000000000       Fi(21,21,1)=   0.0000000000000000       Fi(41,21,1)=   0.0000000000000000     
   DBG div max=   1.8353686355088404E-003  res_p=   1.8353686355088404E-003
   SIMPLE iter           3  res_p=   1.8353686355088404E-003  u(1,1,1)= -0.19535965396889762       p(1,1,1)=   2045.9923429697330     
   SIMPLE iter           4  res_p=   1.0087223554005563E-003  u(1,1,1)= -0.16623697511712948       p(1,1,1)=   2045.9931302974605     
   SIMPLE iter           5  res_p=   1.0858009945728699E-003  u(1,1,1)= -0.15336264731442925       p(1,1,1)=   2045.9948922410317     
 DEBUG T iter          50 min   107.00530567679924      max   214.72522444403148     
 Low-speed solver Block           1  SIMPLE iterations:          61  res_p:   3.7333043316323256E-005
 --------------Force and Moment -----------------------------
 Total Force Coefficient (CL, CD, CS) =
  -2.3092331927145306E-002   1.9176257384804062E-002  -1.2342188784381069E-021
 Total Moment Coefficient(CMx, CMy, CMz)=
   5.7730829817863281E-003   4.7940643462010156E-003  -1.0691744107588544E-002
 Kstep, t=         107   107.00000000000000     
 ----------The Max Residuals are--------  ---Mesh---           1
    0.6255102389E-03    0.6315488634E-03    0.3594839396E-03    0.3473581970E-19    0.5674880429E-03
   The R.M.S Residuals are 
    0.4284817026E-04    0.4295854370E-04    0.1950433612E-04    0.4937081062E-20    0.3579836840E-04
 CPU wall time in this step:  0.10151596999999946     
 Averaged CPU wall time is:  0.10996808436448598     
   DBG iter           1  maxU2=   30.000000000000000       maxFi=   6.2879429701747317E-003  maxFj=   1.3616014320367754E-002  Fi(21,1,1)=   0.0000000000000000       Fi(21,21,1)=   0.0000000000000000       Fi(41,21,1)=   0.0000000000000000     
   DBG div max=   3.8960002229470594E-003  res_p=   3.8960002229470594E-003
   SIMPLE iter           1  res_p=   3.8960002229470594E-003  u(1,1,1)=  -4.1641368443491228E-002  p(1,1,1)=   2045.9705146983438     
   DBG iter           2  maxU2=   30.000000000000000       maxFi=   2.2178102059751369E-003  maxFj=   3.4549612932696793E-003  Fi(21,1,1)=   0.0000000000000000       Fi(21,21,1)=   0.0000000000000000       Fi(41,21,1)=   0.0000000000000000     
   DBG div max=   1.9748201669124079E-003  res_p=   1.9748201669124079E-003
   SIMPLE iter           2  res_p=   1.9748201669124079E-003  u(1,1,1)= -0.18099069690555292       p(1,1,1)=   2045.9924418200958     
   DBG iter           3  maxU2=   30.000000000000000       maxFi=   1.6443044215969417E-003  maxFj=   9.6558835515444339E-003  Fi(21,1,1)=   0.0000000000000000       Fi(21,21,1)=   0.0000000000000000       Fi(41,21,1)=   0.0000000000000000     
   DBG div max=   1.8353686355097633E-003  res_p=   1.8353686355097633E-003
   SIMPLE iter           3  res_p=   1.8353686355097633E-003  u(1,1,1)= -0.19535965396960600       p(1,1,1)=   2045.9923429697330     
   SIMPLE iter           4  res_p=   1.0087223554002536E-003  u(1,1,1)= -0.16623697511783087       p(1,1,1)=   2045.9931302974605     
   SIMPLE iter           5  res_p=   1.0858009945734284E-003  u(1,1,1)= -0.15336264731511906       p(1,1,1)=   2045.9948922410317     
 DEBUG T iter          50 min   107.00530663320062      max   214.74297931954118     
 Low-speed solver Block           1  SIMPLE iterations:          61  res_p:   3.7333043316171467E-005
 --------------Force and Moment -----------------------------
 Total Force Coefficient (CL, CD, CS) =
  -2.2937261055873261E-002   1.9031921920917134E-002  -1.1147647433361009E-021
 Total Moment Coefficient(CMx, CMy, CMz)=
   5.7343152639683162E-003   4.7579804802292836E-003  -1.0619938600179832E-002
 Kstep, t=         108   108.00000000000000     
 ----------The Max Residuals are--------  ---Mesh---           1
    0.6595241959E-03    0.6654556534E-03    0.3736140168E-03    0.3557979232E-19    0.5880299305E-03
   The R.M.S Residuals are 
    0.4302165894E-04    0.4305893844E-04    0.1965200812E-04    0.5054166885E-20    0.3591962302E-04
 CPU wall time in this step:   9.9232463999999965E-002
 Averaged CPU wall time is:  0.10986868047222222     
   DBG iter           1  maxU2=   30.000000000000000       maxFi=   6.2879429701747343E-003  maxFj=   1.3616014320367787E-002  Fi(21,1,1)=   0.0000000000000000       Fi(21,21,1)=   0.0000000000000000       Fi(41,21,1)=   0.0000000000000000     
   DBG div max=   3.8960002229438732E-003  res_p=   3.8960002229438732E-003
   SIMPLE iter           1  res_p=   3.8960002229438732E-003  u(1,1,1)=  -4.1641368442409482E-002  p(1,1,1)=   2045.9705146983438     
   DBG iter           2  maxU2=   30.000000000000000       maxFi=   2.2178102059750319E-003  maxFj=   3.4549612932695439E-003  Fi(21,1,1)=   0.0000000000000000       Fi(21,21,1)=   0.0000000000000000       Fi(41,21,1)=   0.0000000000000000     
   DBG div max=   1.9748201669125319E-003  res_p=   1.9748201669125319E-003
   SIMPLE iter           2  res_p=   1.9748201669125319E-003  u(1,1,1)= -0.18099069690485481       p(1,1,1)=   2045.9924418200958     
   DBG iter           3  maxU2=   30.000000000000000       maxFi=   1.6443044215969235E-003  maxFj=   9.6558835515443784E-003  Fi(21,1,1)=   0.0000000000000000       Fi(21,21,1)=   0.0000000000000000       Fi(41,21,1)=   0.0000000000000000     
   DBG div max=   1.8353686355096982E-003  res_p=   1.8353686355096982E-003
   SIMPLE iter           3  res_p=   1.8353686355096982E-003  u(1,1,1)= -0.19535965396885724       p(1,1,1)=   2045.9923429697330     
   SIMPLE iter           4  res_p=   1.0087223554002735E-003  u(1,1,1)= -0.16623697511708468       p(1,1,1)=   2045.9931302974605     
   SIMPLE iter           5  res_p=   1.0858009945734215E-003  u(1,1,1)= -0.15336264731437979       p(1,1,1)=   2045.9948922410317     
 DEBUG T iter          50 min   107.00530753578336      max   214.75969355754773     
 Low-speed solver Block           1  SIMPLE iterations:          61  res_p:   3.7333043316233484E-005
 --------------Force and Moment -----------------------------
 Total Force Coefficient (CL, CD, CS) =
  -2.2783346714399043E-002   1.8889609039391311E-002  -9.4157597540138746E-022
 Total Moment Coefficient(CMx, CMy, CMz)=
   5.6958366785997598E-003   4.7224022598478278E-003  -1.0548668446457229E-002
 Kstep, t=         109   109.00000000000000     
 ----------The Max Residuals are--------  ---Mesh---           1
    0.6831119988E-03    0.6887051400E-03    0.3832483656E-03    0.3219154138E-19    0.6159990455E-03
   The R.M.S Residuals are 
    0.4318646083E-04    0.4315216956E-04    0.1979588600E-04    0.4861664373E-20    0.3603466899E-04
 CPU wall time in this step:   9.9408766999999898E-002
 Averaged CPU wall time is:  0.10977271796330275     
   DBG iter           1  maxU2=   30.000000000000000       maxFi=   6.2879429701747300E-003  maxFj=   1.3616014320367771E-002  Fi(21,1,1)=   0.0000000000000000       Fi(21,21,1)=   0.0000000000000000       Fi(41,21,1)=   0.0000000000000000     
   DBG div max=   3.8960002229438658E-003  res_p=   3.8960002229438658E-003
   SIMPLE iter           1  res_p=   3.8960002229438658E-003  u(1,1,1)=  -4.1641368443506299E-002  p(1,1,1)=   2045.9705146983438     
   DBG iter           2  maxU2=   30.000000000000000       maxFi=   2.2178102059751512E-003  maxFj=   3.4549612932695158E-003  Fi(21,1,1)=   0.0000000000000000       Fi(21,21,1)=   0.0000000000000000       Fi(41,21,1)=   0.0000000000000000     
   DBG div max=   1.9748201669125150E-003  res_p=   1.9748201669125150E-003
   SIMPLE iter           2  res_p=   1.9748201669125150E-003  u(1,1,1)= -0.18099069690556960       p(1,1,1)=   2045.9924418200958     
   DBG iter           3  maxU2=   30.000000000000000       maxFi=   1.6443044215969079E-003  maxFj=   9.6558835515444252E-003  Fi(21,1,1)=   0.0000000000000000       Fi(21,21,1)=   0.0000000000000000       Fi(41,21,1)=   0.0000000000000000     
   DBG div max=   1.8353686355097529E-003  res_p=   1.8353686355097529E-003
   SIMPLE iter           3  res_p=   1.8353686355097529E-003  u(1,1,1)= -0.19535965396962451       p(1,1,1)=   2045.9923429697330     
   SIMPLE iter           4  res_p=   1.0087223554002480E-003  u(1,1,1)= -0.16623697511785776       p(1,1,1)=   2045.9931302974605     
   SIMPLE iter           5  res_p=   1.0858009945734050E-003  u(1,1,1)= -0.15336264731514676       p(1,1,1)=   2045.9948922410317     
 DEBUG T iter          50 min   107.00530838601397      max   214.77539520986079     
 Low-speed solver Block           1  SIMPLE iterations:          61  res_p:   3.7333043316233050E-005
 --------------Force and Moment -----------------------------
 Total Force Coefficient (CL, CD, CS) =
  -2.2630581747130070E-002   1.8749274653891864E-002  -1.6576814229099196E-021
 Total Moment Coefficient(CMx, CMy, CMz)=
   5.6576454367825183E-003   4.6873186634729660E-003  -1.0477930328588295E-002
 Kstep, t=         110   110.00000000000000     
 ----------The Max Residuals are--------  ---Mesh---           1
    0.6950361824E-03    0.7000747199E-03    0.4050057849E-03    0.3557658699E-19    0.6338333521E-03
   The R.M.S Residuals are 
    0.4334133060E-04    0.4323714154E-04    0.1993590126E-04    0.4939480328E-20    0.3614307160E-04
 write flow3d.dat ......
 write flow3d.dat OK
 write VTK files ......
 write merged flow3d.vtk OK: points=       18406  cells=        8760
 write VTK files OK
 CPU wall time in this step:  0.17836282100000034     
 Averaged CPU wall time is:  0.11039626435454546     
   DBG iter           1  maxU2=   30.000000000000000       maxFi=   6.2879429701747343E-003  maxFj=   1.3616014320367777E-002  Fi(21,1,1)=   0.0000000000000000       Fi(21,21,1)=   0.0000000000000000       Fi(41,21,1)=   0.0000000000000000     
   DBG div max=   3.8960002229438632E-003  res_p=   3.8960002229438632E-003
   SIMPLE iter           1  res_p=   3.8960002229438632E-003  u(1,1,1)=  -4.1641368440967289E-002  p(1,1,1)=   2045.9705146983435     
   DBG iter           2  maxU2=   30.000000000000000       maxFi=   2.2178102059751425E-003  maxFj=   3.4549612932695084E-003  Fi(21,1,1)=   0.0000000000000000       Fi(21,21,1)=   0.0000000000000000       Fi(41,21,1)=   0.0000000000000000     
   DBG div max=   1.9748201669125588E-003  res_p=   1.9748201669125588E-003
   SIMPLE iter           2  res_p=   1.9748201669125588E-003  u(1,1,1)= -0.18099069690382297       p(1,1,1)=   2045.9924418200956     
   DBG iter           3  maxU2=   30.000000000000000       maxFi=   1.6443044215969007E-003  maxFj=   9.6558835515444252E-003  Fi(21,1,1)=   0.0000000000000000       Fi(21,21,1)=   0.0000000000000000       Fi(41,21,1)=   0.0000000000000000     
   DBG div max=   1.8353686355097416E-003  res_p=   1.8353686355097416E-003
   SIMPLE iter           3  res_p=   1.8353686355097416E-003  u(1,1,1)= -0.19535965396773730       p(1,1,1)=   2045.9923429697328     
   SIMPLE iter           4  res_p=   1.0087223554002484E-003  u(1,1,1)= -0.16623697511599311       p(1,1,1)=   2045.9931302974603     
   SIMPLE iter           5  res_p=   1.0858009945733963E-003  u(1,1,1)= -0.15336264731327165       p(1,1,1)=   2045.9948922410315     
 DEBUG T iter          50 min   107.00530918531769      max   214.79011152771574     
 Low-speed solver Block           1  SIMPLE iterations:          61  res_p:   3.7333043316507136E-005
 --------------Force and Moment -----------------------------
 Total Force Coefficient (CL, CD, CS) =
  -2.2478959390551487E-002   1.8610876129628154E-002  -1.8336872184136592E-021
 Total Moment Coefficient(CMx, CMy, CMz)=
   5.6197398476378725E-003   4.6527190324070385E-003  -1.0407721110111002E-002
 Kstep, t=         111   111.00000000000000     
 ----------The Max Residuals are--------  ---Mesh---           1
    0.7299781495E-03    0.7364999533E-03    0.4203370899E-03    0.4489026466E-19    0.6508928655E-03
   The R.M.S Residuals are 
    0.4348588509E-04    0.4331399554E-04    0.2007125053E-04    0.4940213347E-20    0.3624430255E-04
 CPU wall time in this step:  0.10094745099999969     
 Averaged CPU wall time is:  0.11031113990990990     
   DBG iter           1  maxU2=   30.000000000000000       maxFi=   6.2879429701747395E-003  maxFj=   1.3616014320367784E-002  Fi(21,1,1)=   0.0000000000000000       Fi(21,21,1)=   0.0000000000000000       Fi(41,21,1)=   0.0000000000000000     
   DBG div max=   3.8960002229470672E-003  res_p=   3.8960002229470672E-003
   SIMPLE iter           1  res_p=   3.8960002229470672E-003  u(1,1,1)=  -4.1641368443490832E-002  p(1,1,1)=   2045.9705146983438     
   DBG iter           2  maxU2=   30.000000000000000       maxFi=   2.2178102059751481E-003  maxFj=   3.4549612932696762E-003  Fi(21,1,1)=   0.0000000000000000       Fi(21,21,1)=   0.0000000000000000       Fi(41,21,1)=   0.0000000000000000     
   DBG div max=   1.9748201669123468E-003  res_p=   1.9748201669123468E-003
   SIMPLE iter           2  res_p=   1.9748201669123468E-003  u(1,1,1)= -0.18099069690556738       p(1,1,1)=   2045.9924418200958     
   DBG iter           3  maxU2=   30.000000000000000       maxFi=   1.6443044215973381E-003  maxFj=   9.6558835515443003E-003  Fi(21,1,1)=   0.0000000000000000       Fi(21,21,1)=   0.0000000000000000       Fi(41,21,1)=   0.0000000000000000     
   DBG div max=   1.8353686355097364E-003  res_p=   1.8353686355097364E-003
   SIMPLE iter           3  res_p=   1.8353686355097364E-003  u(1,1,1)= -0.19535965396962496       p(1,1,1)=   2045.9923429697330     
   SIMPLE iter           4  res_p=   1.0087223554002206E-003  u(1,1,1)= -0.16623697511785637       p(1,1,1)=   2045.9931302974605     
   SIMPLE iter           5  res_p=   1.0858009945733131E-003  u(1,1,1)= -0.15336264731514307       p(1,1,1)=   2045.9948922410317     
 DEBUG T iter          50 min   107.00530993507968      max   214.80386898406334     
 Low-speed solver Block           1  SIMPLE iterations:          61  res_p:   3.7333043316279454E-005
 --------------Force and Moment -----------------------------
 Total Force Coefficient (CL, CD, CS) =
  -2.2328473232897161E-002   1.8474372217291552E-002  -2.2737608600694940E-021
 Total Moment Coefficient(CMx, CMy, CMz)=
   5.5821183082242886E-003   4.6185930543228880E-003  -1.0338037817253844E-002
 Kstep, t=         112   112.00000000000000     
 ----------The Max Residuals are--------  ---Mesh---           1
    0.7588262869E-03    0.7648675171E-03    0.4287029863E-03    0.2795347909E-19    0.6843945927E-03
   The R.M.S Residuals are 
    0.4361777140E-04    0.4338072706E-04    0.2020157677E-04    0.4841508880E-20    0.3633758405E-04
 CPU wall time in this step:   9.9053965000001298E-002
 Averaged CPU wall time is:  0.11021062941964287     
   DBG iter           1  maxU2=   30.000000000000000       maxFi=   6.2879429701747386E-003  maxFj=   1.3616014320367784E-002  Fi(21,1,1)=   0.0000000000000000       Fi(21,21,1)=   0.0000000000000000       Fi(41,21,1)=   0.0000000000000000     
   DBG div max=   3.8960002229438471E-003  res_p=   3.8960002229438471E-003
   SIMPLE iter           1  res_p=   3.8960002229438471E-003  u(1,1,1)=  -4.1641368443493219E-002  p(1,1,1)=   2045.9705146983438     
   DBG iter           2  maxU2=   30.000000000000000       maxFi=   2.2178102059751416E-003  maxFj=   3.4549612932696623E-003  Fi(21,1,1)=   0.0000000000000000       Fi(21,21,1)=   0.0000000000000000       Fi(41,21,1)=   0.0000000000000000     
   DBG div max=   1.9748201669124938E-003  res_p=   1.9748201669124938E-003
   SIMPLE iter           2  res_p=   1.9748201669124938E-003  u(1,1,1)= -0.18099069690556932       p(1,1,1)=   2045.9924418200958     
   DBG iter           3  maxU2=   30.000000000000000       maxFi=   1.6443044215968912E-003  maxFj=   9.6558835515444304E-003  Fi(21,1,1)=   0.0000000000000000       Fi(21,21,1)=   0.0000000000000000       Fi(41,21,1)=   0.0000000000000000     
   DBG div max=   1.8353686355097347E-003  res_p=   1.8353686355097347E-003
   SIMPLE iter           3  res_p=   1.8353686355097347E-003  u(1,1,1)= -0.19535965396962557       p(1,1,1)=   2045.9923429697330     
   SIMPLE iter           4  res_p=   1.0087223554002480E-003  u(1,1,1)= -0.16623697511785654       p(1,1,1)=   2045.9931302974605     
   SIMPLE iter           5  res_p=   1.0858009945733859E-003  u(1,1,1)= -0.15336264731514343       p(1,1,1)=   2045.9948922410317     
 DEBUG T iter          50 min   107.00531063664624      max   214.81669329496430     
 Low-speed solver Block           1  SIMPLE iterations:          61  res_p:   3.7333043316233917E-005
 --------------Force and Moment -----------------------------
 Total Force Coefficient (CL, CD, CS) =
  -2.2179117176565687E-002   1.8339722990594304E-002  -1.7415738955758850E-021
 Total Moment Coefficient(CMx, CMy, CMz)=
   5.5447792941414227E-003   4.5849307476485759E-003  -1.0268877621526692E-002
 Kstep, t=         113   113.00000000000000     
 ----------The Max Residuals are--------  ---Mesh---           1
    0.7742343376E-03    0.7795029005E-03    0.4522593670E-03    0.2880088786E-19    0.7062590189E-03
   The R.M.S Residuals are 
    0.4373750693E-04    0.4343820915E-04    0.2032681839E-04    0.4817653210E-20    0.3642281987E-04
 CPU wall time in this step:  0.10375272199999941     
 Averaged CPU wall time is:  0.11015347979646017     
   DBG iter           1  maxU2=   30.000000000000000       maxFi=   6.2879429701747343E-003  maxFj=   1.3616014320367784E-002  Fi(21,1,1)=   0.0000000000000000       Fi(21,21,1)=   0.0000000000000000       Fi(41,21,1)=   0.0000000000000000     
   DBG div max=   3.8960002229438645E-003  res_p=   3.8960002229438645E-003
   SIMPLE iter           1  res_p=   3.8960002229438645E-003  u(1,1,1)=  -4.1641368443484900E-002  p(1,1,1)=   2045.9705146983438     
   DBG iter           2  maxU2=   30.000000000000000       maxFi=   2.2178102059751434E-003  maxFj=   3.4549612932695231E-003  Fi(21,1,1)=   0.0000000000000000       Fi(21,21,1)=   0.0000000000000000       Fi(41,21,1)=   0.0000000000000000     
   DBG div max=   1.9748201669125597E-003  res_p=   1.9748201669125597E-003
   SIMPLE iter           2  res_p=   1.9748201669125597E-003  u(1,1,1)= -0.18099069690556285       p(1,1,1)=   2045.9924418200958     
   DBG iter           3  maxU2=   30.000000000000000       maxFi=   1.6443044215968914E-003  maxFj=   9.6558835515444183E-003  Fi(21,1,1)=   0.0000000000000000       Fi(21,21,1)=   0.0000000000000000       Fi(41,21,1)=   0.0000000000000000     
   DBG div max=   1.8353686355097347E-003  res_p=   1.8353686355097347E-003
   SIMPLE iter           3  res_p=   1.8353686355097347E-003  u(1,1,1)= -0.19535965396961924       p(1,1,1)=   2045.9923429697330     
   SIMPLE iter           4  res_p=   1.0087223554002440E-003  u(1,1,1)= -0.16623697511784707       p(1,1,1)=   2045.9931302974605     
   SIMPLE iter           5  res_p=   1.0858009945733859E-003  u(1,1,1)= -0.15336264731513205       p(1,1,1)=   2045.9948922410317     
 DEBUG T iter          50 min   107.00531129132578      max   214.82860944019143     
 Low-speed solver Block           1  SIMPLE iterations:          61  res_p:   3.7333043316250831E-005
 --------------Force and Moment -----------------------------
 Total Force Coefficient (CL, CD, CS) =
  -2.2030885403122008E-002   1.8206889787192634E-002  -1.6502143965492436E-021
 Total Moment Coefficient(CMx, CMy, CMz)=
   5.5077213507805029E-003   4.5517224467981586E-003  -1.0200237823508474E-002
 Kstep, t=         114   114.00000000000000     
 ----------The Max Residuals are--------  ---Mesh---           1
    0.7973341866E-03    0.8047486483E-03    0.4706662372E-03    0.6268039932E-19    0.7153716711E-03
   The R.M.S Residuals are 
    0.4384264790E-04    0.4348431501E-04    0.2044575563E-04    0.4840787096E-20    0.3649868161E-04
 CPU wall time in this step:   9.8802875000000512E-002
 Averaged CPU wall time is:  0.11005391308771931     
   DBG iter           1  maxU2=   30.000000000000000       maxFi=   6.2879429701747369E-003  maxFj=   1.3616014320367787E-002  Fi(21,1,1)=   0.0000000000000000       Fi(21,21,1)=   0.0000000000000000       Fi(41,21,1)=   0.0000000000000000     
   DBG div max=   3.8960002229438840E-003  res_p=   3.8960002229438840E-003
   SIMPLE iter           1  res_p=   3.8960002229438840E-003  u(1,1,1)=  -4.1641368443493081E-002  p(1,1,1)=   2045.9705146983438     
   DBG iter           2  maxU2=   30.000000000000000       maxFi=   2.2178102059751455E-003  maxFj=   3.4549612932694182E-003  Fi(21,1,1)=   0.0000000000000000       Fi(21,21,1)=   0.0000000000000000       Fi(41,21,1)=   0.0000000000000000     
   DBG div max=   1.9748201669124860E-003  res_p=   1.9748201669124860E-003
   SIMPLE iter           2  res_p=   1.9748201669124860E-003  u(1,1,1)= -0.18099069690556563       p(1,1,1)=   2045.9924418200958     
   DBG iter           3  maxU2=   30.000000000000000       maxFi=   1.6443044215973045E-003  maxFj=   9.6558835515442986E-003  Fi(21,1,1)=   0.0000000000000000       Fi(21,21,1)=   0.0000000000000000       Fi(41,21,1)=   0.0000000000000000     
   DBG div max=   1.8353686355097277E-003  res_p=   1.8353686355097277E-003
   SIMPLE iter           3  res_p=   1.8353686355097277E-003  u(1,1,1)= -0.19535965396961913       p(1,1,1)=   2045.9923429697330     
   SIMPLE iter           4  res_p=   1.0087223554002211E-003  u(1,1,1)= -0.16623697511785226       p(1,1,1)=   2045.9931302974605     
   SIMPLE iter           5  res_p=   1.0858009945733035E-003  u(1,1,1)= -0.15336264731513832       p(1,1,1)=   2045.9948922410317     
 DEBUG T iter          50 min   107.00531190039003      max   214.83964168313264     
 Low-speed solver Block           1  SIMPLE iterations:          61  res_p:   3.7333043316230448E-005
 --------------Force and Moment -----------------------------
 Total Force Coefficient (CL, CD, CS) =
  -2.1883772340734430E-002   1.8075835152791788E-002  -1.3686360081852921E-021
 Total Moment Coefficient(CMx, CMy, CMz)=
   5.4709430851836074E-003   4.5189587881979470E-003  -1.0132115837762242E-002
 Kstep, t=         115   115.00000000000000     
 ----------The Max Residuals are--------  ---Mesh---           1
    0.8362879412E-03    0.8431803092E-03    0.4808827450E-03    0.3303351229E-19    0.7523003434E-03
   The R.M.S Residuals are 
    0.4393412620E-04    0.4352039621E-04    0.2055944470E-04    0.4726618209E-20    0.3656657484E-04
 CPU wall time in this step:  0.10200726799999948     
 Averaged CPU wall time is:  0.10998394226086956     
   DBG iter           1  maxU2=   30.000000000000000       maxFi=   6.2879429701747360E-003  maxFj=   1.3616014320367780E-002  Fi(21,1,1)=   0.0000000000000000       Fi(21,21,1)=   0.0000000000000000       Fi(41,21,1)=   0.0000000000000000     
   DBG div max=   3.8960002229438827E-003  res_p=   3.8960002229438827E-003
   SIMPLE iter           1  res_p=   3.8960002229438827E-003  u(1,1,1)=  -4.1641368443492532E-002  p(1,1,1)=   2045.9705146983438     
   DBG iter           2  maxU2=   30.000000000000000       maxFi=   2.2178102059751911E-003  maxFj=   3.4549612932695201E-003  Fi(21,1,1)=   0.0000000000000000       Fi(21,21,1)=   0.0000000000000000       Fi(41,21,1)=   0.0000000000000000     
   DBG div max=   1.9748201669125302E-003  res_p=   1.9748201669125302E-003
   SIMPLE iter           2  res_p=   1.9748201669125302E-003  u(1,1,1)= -0.18099069690556707       p(1,1,1)=   2045.9924418200958     
   DBG iter           3  maxU2=   30.000000000000000       maxFi=   1.6443044215968814E-003  maxFj=   9.6558835515444131E-003  Fi(21,1,1)=   0.0000000000000000       Fi(21,21,1)=   0.0000000000000000       Fi(41,21,1)=   0.0000000000000000     
   DBG div max=   1.8353686355097390E-003  res_p=   1.8353686355097390E-003
   SIMPLE iter           3  res_p=   1.8353686355097390E-003  u(1,1,1)= -0.19535965396962024       p(1,1,1)=   2045.9923429697330     
   SIMPLE iter           4  res_p=   1.0087223554002445E-003  u(1,1,1)= -0.16623697511785124       p(1,1,1)=   2045.9931302974605     
   SIMPLE iter           5  res_p=   1.0858009945733963E-003  u(1,1,1)= -0.15336264731513657       p(1,1,1)=   2045.9948922410317     
 DEBUG T iter          50 min   107.00531246507479      max   214.84981359007392     
 Low-speed solver Block           1  SIMPLE iterations:          61  res_p:   3.7333043316504534E-005
 --------------Force and Moment -----------------------------
 Total Force Coefficient (CL, CD, CS) =
  -2.1737772633906124E-002   1.7946522788243727E-002  -1.6851018803991730E-021
 Total Moment Coefficient(CMx, CMy, CMz)=
   5.4344431584765294E-003   4.4866306970609317E-003  -1.0064509178812249E-002
 Kstep, t=         116   116.00000000000000     
 ----------The Max Residuals are--------  ---Mesh---           1
    0.8602931221E-03    0.8662574857E-03    0.4985956483E-03    0.3346085488E-19    0.7828116188E-03
   The R.M.S Residuals are 
    0.4401103661E-04    0.4354551584E-04    0.2066646293E-04    0.4697479773E-20    0.3662487244E-04
 CPU wall time in this step:   9.8783909999999864E-002
 Averaged CPU wall time is:  0.10988739025862070     
   DBG iter           1  maxU2=   30.000000000000000       maxFi=   6.2879429701747430E-003  maxFj=   1.3616014320367784E-002  Fi(21,1,1)=   0.0000000000000000       Fi(21,21,1)=   0.0000000000000000       Fi(41,21,1)=   0.0000000000000000     
   DBG div max=   3.8960002229470637E-003  res_p=   3.8960002229470637E-003
   SIMPLE iter           1  res_p=   3.8960002229470637E-003  u(1,1,1)=  -4.1641368443482138E-002  p(1,1,1)=   2045.9705146983438     
   DBG iter           2  maxU2=   30.000000000000000       maxFi=   2.2178102059751408E-003  maxFj=   3.4549612932696658E-003  Fi(21,1,1)=   0.0000000000000000       Fi(21,21,1)=   0.0000000000000000       Fi(41,21,1)=   0.0000000000000000     
   DBG div max=   1.9748201669123906E-003  res_p=   1.9748201669123906E-003
   SIMPLE iter           2  res_p=   1.9748201669123906E-003  u(1,1,1)= -0.18099069690556380       p(1,1,1)=   2045.9924418200958     
   DBG iter           3  maxU2=   30.000000000000000       maxFi=   1.6443044215973342E-003  maxFj=   9.6558835515443038E-003  Fi(21,1,1)=   0.0000000000000000       Fi(21,21,1)=   0.0000000000000000       Fi(41,21,1)=   0.0000000000000000     
   DBG div max=   1.8353686355097338E-003  res_p=   1.8353686355097338E-003
   SIMPLE iter           3  res_p=   1.8353686355097338E-003  u(1,1,1)= -0.19535965396963512       p(1,1,1)=   2045.9923429697330     
   SIMPLE iter           4  res_p=   1.0087223554002237E-003  u(1,1,1)= -0.16623697511785623       p(1,1,1)=   2045.9931302974605     
   SIMPLE iter           5  res_p=   1.0858009945733122E-003  u(1,1,1)= -0.15336264731513799       p(1,1,1)=   2045.9948922410317     
 DEBUG T iter          50 min   107.00531298658129      max   214.85914804892673     
 Low-speed solver Block           1  SIMPLE iterations:          61  res_p:   3.7333043316060445E-005
 --------------Force and Moment -----------------------------
 Total Force Coefficient (CL, CD, CS) =
  -2.1592881115368254E-002   1.7818917499460185E-002  -2.4346287793564190E-021
 Total Moment Coefficient(CMx, CMy, CMz)=
   5.3982202788420645E-003   4.4547293748650463E-003  -9.9974154481215875E-003
 Kstep, t=         117   117.00000000000000     
 ----------The Max Residuals are--------  ---Mesh---           1
    0.8678473109E-03    0.8725406433E-03    0.5230910840E-03    0.5506449249E-19    0.7986954250E-03
   The R.M.S Residuals are 
    0.4407249780E-04    0.4355895084E-04    0.2076700351E-04    0.4799047664E-20    0.3667384434E-04
 CPU wall time in this step:  0.10070662100000050     
 Averaged CPU wall time is:  0.10980892214529915     
   DBG iter           1  maxU2=   30.000000000000000       maxFi=   6.2879429701765809E-003  maxFj=   1.3616014320367784E-002  Fi(21,1,1)=   0.0000000000000000       Fi(21,21,1)=   0.0000000000000000       Fi(41,21,1)=   0.0000000000000000     
   DBG div max=   3.8960002229439031E-003  res_p=   3.8960002229439031E-003
   SIMPLE iter           1  res_p=   3.8960002229439031E-003  u(1,1,1)=  -4.1641368442427669E-002  p(1,1,1)=   2045.9705146983438     
   DBG iter           2  maxU2=   30.000000000000000       maxFi=   2.2178102059751902E-003  maxFj=   3.4549612932696333E-003  Fi(21,1,1)=   0.0000000000000000       Fi(21,21,1)=   0.0000000000000000       Fi(41,21,1)=   0.0000000000000000     
   DBG div max=   1.9748201669127600E-003  res_p=   1.9748201669127600E-003
   SIMPLE iter           2  res_p=   1.9748201669127600E-003  u(1,1,1)= -0.18099069690486155       p(1,1,1)=   2045.9924418200958     
   DBG iter           3  maxU2=   30.000000000000000       maxFi=   1.6443044215972236E-003  maxFj=   9.6558835515440020E-003  Fi(21,1,1)=   0.0000000000000000       Fi(21,21,1)=   0.0000000000000000       Fi(41,21,1)=   0.0000000000000000     
   DBG div max=   1.8353686355096956E-003  res_p=   1.8353686355096956E-003
   SIMPLE iter           3  res_p=   1.8353686355096956E-003  u(1,1,1)= -0.19535965396886223       p(1,1,1)=   2045.9923429697330     
   SIMPLE iter           4  res_p=   1.0087223554001729E-003  u(1,1,1)= -0.16623697511709293       p(1,1,1)=   2045.9931302974605     
   SIMPLE iter           5  res_p=   1.0858009945737416E-003  u(1,1,1)= -0.15336264731439045       p(1,1,1)=   2045.9948922410317     
 DEBUG T iter          50 min   107.00531346607671      max   214.86766728745641     
 Low-speed solver Block           1  SIMPLE iterations:          61  res_p:   3.7333043316219606E-005
 --------------Force and Moment -----------------------------
 Total Force Coefficient (CL, CD, CS) =
  -2.1449092780010032E-002   1.7692985149975575E-002  -2.4858423895134637E-021
 Total Moment Coefficient(CMx, CMy, CMz)=
   5.3622731950025062E-003   4.4232462874938937E-003  -9.9308323220125908E-003
 Kstep, t=         118   118.00000000000000     
 ----------The Max Residuals are--------  ---Mesh---           1
    0.9060413609E-03    0.9141931693E-03    0.5380951250E-03    0.3472620211E-19    0.8103084061E-03
   The R.M.S Residuals are 
    0.4411978676E-04    0.4356195876E-04    0.2086222589E-04    0.4792769937E-20    0.3671418162E-04
 CPU wall time in this step:  0.10072936199999916     
 Averaged CPU wall time is:  0.10973197672033898     
   DBG iter           1  maxU2=   30.000000000000000       maxFi=   6.2879429701747334E-003  maxFj=   1.3616014320367775E-002  Fi(21,1,1)=   0.0000000000000000       Fi(21,21,1)=   0.0000000000000000       Fi(41,21,1)=   0.0000000000000000     
   DBG div max=   3.8960002229438454E-003  res_p=   3.8960002229438454E-003
   SIMPLE iter           1  res_p=   3.8960002229438454E-003  u(1,1,1)=  -4.1641368443506167E-002  p(1,1,1)=   2045.9705146983438     
   DBG iter           2  maxU2=   30.000000000000000       maxFi=   2.2178102059751317E-003  maxFj=   3.4549612932696038E-003  Fi(21,1,1)=   0.0000000000000000       Fi(21,21,1)=   0.0000000000000000       Fi(41,21,1)=   0.0000000000000000     
   DBG div max=   1.9748201669125632E-003  res_p=   1.9748201669125632E-003
   SIMPLE iter           2  res_p=   1.9748201669125632E-003  u(1,1,1)= -0.18099069690556596       p(1,1,1)=   2045.9924418200958     
   DBG iter           3  maxU2=   30.000000000000000       maxFi=   1.6443044215969020E-003  maxFj=   9.6558835515444252E-003  Fi(21,1,1)=   0.0000000000000000       Fi(21,21,1)=   0.0000000000000000       Fi(41,21,1)=   0.0000000000000000     
   DBG div max=   1.8353686355097399E-003  res_p=   1.8353686355097399E-003
   SIMPLE iter           3  res_p=   1.8353686355097399E-003  u(1,1,1)= -0.19535965396962024       p(1,1,1)=   2045.9923429697330     
   SIMPLE iter           4  res_p=   1.0087223554002445E-003  u(1,1,1)= -0.16623697511785090       p(1,1,1)=   2045.9931302974605     
   SIMPLE iter           5  res_p=   1.0858009945734015E-003  u(1,1,1)= -0.15336264731513932       p(1,1,1)=   2045.9948922410317     
 DEBUG T iter          50 min   107.00531390469531      max   214.87539289105851     
 Low-speed solver Block           1  SIMPLE iterations:          61  res_p:   3.7333043316508004E-005
 --------------Force and Moment -----------------------------
 Total Force Coefficient (CL, CD, CS) =
  -2.1306402760728274E-002   1.7568692616004116E-002  -2.8567600264987518E-021
 Total Moment Coefficient(CMx, CMy, CMz)=
   5.3266006901820703E-003   4.3921731540010290E-003  -9.8647575404756556E-003
 Kstep, t=         119   119.00000000000000     
 ----------The Max Residuals are--------  ---Mesh---           1
    0.9459397578E-03    0.9531836729E-03    0.5429907244E-03    0.3388170886E-19    0.8558268997E-03
   The R.M.S Residuals are 
    0.4415033982E-04    0.4355220897E-04    0.2094949399E-04    0.4707154862E-20    0.3674323855E-04
 CPU wall time in this step:   9.9518835999999666E-002
 Averaged CPU wall time is:  0.10964615200840336     
   DBG iter           1  maxU2=   30.000000000000000       maxFi=   6.2879429701747456E-003  maxFj=   1.3616014320367792E-002  Fi(21,1,1)=   0.0000000000000000       Fi(21,21,1)=   0.0000000000000000       Fi(41,21,1)=   0.0000000000000000     
   DBG div max=   3.8960002229470585E-003  res_p=   3.8960002229470585E-003
   SIMPLE iter           1  res_p=   3.8960002229470585E-003  u(1,1,1)=  -4.1641368443492713E-002  p(1,1,1)=   2045.9705146983438     
   DBG iter           2  maxU2=   30.000000000000000       maxFi=   2.2178102059751429E-003  maxFj=   3.4549612932696489E-003  Fi(21,1,1)=   0.0000000000000000       Fi(21,21,1)=   0.0000000000000000       Fi(41,21,1)=   0.0000000000000000     
   DBG div max=   1.9748201669123875E-003  res_p=   1.9748201669123875E-003
   SIMPLE iter           2  res_p=   1.9748201669123875E-003  u(1,1,1)= -0.18099069690556455       p(1,1,1)=   2045.9924418200958     
   DBG iter           3  maxU2=   30.000000000000000       maxFi=   1.6443044215973300E-003  maxFj=   9.6558835515442743E-003  Fi(21,1,1)=   0.0000000000000000       Fi(21,21,1)=   0.0000000000000000       Fi(41,21,1)=   0.0000000000000000     
   DBG div max=   1.8353686355097173E-003  res_p=   1.8353686355097173E-003
   SIMPLE iter           3  res_p=   1.8353686355097173E-003  u(1,1,1)= -0.19535965396961827       p(1,1,1)=   2045.9923429697330     
   SIMPLE iter           4  res_p=   1.0087223554002193E-003  u(1,1,1)= -0.16623697511785102       p(1,1,1)=   2045.9931302974605     
   SIMPLE iter           5  res_p=   1.0858009945734085E-003  u(1,1,1)= -0.15336264731513730       p(1,1,1)=   2045.9948922410317     
 DEBUG T iter          50 min   107.00531430353935      max   214.88234582012271     
 Low-speed solver Block           1  SIMPLE iterations:          61  res_p:   3.7333043316232183E-005
 --------------Force and Moment -----------------------------
 Total Force Coefficient (CL, CD, CS) =
  -2.1164806306086137E-002   1.7446007743846151E-002  -2.0332070932124782E-021
 Total Moment Coefficient(CMx, CMy, CMz)=
   5.2912015765215342E-003   4.3615019359615377E-003  -9.7991888968153272E-003
 Kstep, t=         120   120.00000000000000     
 ----------The Max Residuals are--------  ---Mesh---           1
    0.9676455336E-03    0.9734613326E-03    0.5724336002E-03    0.4065778988E-19    0.8855493425E-03
   The R.M.S Residuals are 
    0.4416423610E-04    0.4352977855E-04    0.2103030366E-04    0.4599479175E-20    0.3676257759E-04
 write flow3d.dat ......
 write flow3d.dat OK
 write VTK files ......
 write merged flow3d.vtk OK: points=       18406  cells=        8760
 write VTK files OK
 CPU wall time in this step:  0.17850818400000001     
 Averaged CPU wall time is:  0.11022000227499999     
   DBG iter           1  maxU2=   30.000000000000000       maxFi=   6.2879429701747326E-003  maxFj=   1.3616014320367777E-002  Fi(21,1,1)=   0.0000000000000000       Fi(21,21,1)=   0.0000000000000000       Fi(41,21,1)=   0.0000000000000000     
   DBG div max=   3.8960002229438836E-003  res_p=   3.8960002229438836E-003
   SIMPLE iter           1  res_p=   3.8960002229438836E-003  u(1,1,1)=  -4.1641368443499360E-002  p(1,1,1)=   2045.9705146983438     
   DBG iter           2  maxU2=   30.000000000000000       maxFi=   2.2178102059751846E-003  maxFj=   3.4549612932695231E-003  Fi(21,1,1)=   0.0000000000000000       Fi(21,21,1)=   0.0000000000000000       Fi(41,21,1)=   0.0000000000000000     
   DBG div max=   1.9748201669124677E-003  res_p=   1.9748201669124677E-003
   SIMPLE iter           2  res_p=   1.9748201669124677E-003  u(1,1,1)= -0.18099069690557254       p(1,1,1)=   2045.9924418200958     
   DBG iter           3  maxU2=   30.000000000000000       maxFi=   1.6443044215968948E-003  maxFj=   9.6558835515444304E-003  Fi(21,1,1)=   0.0000000000000000       Fi(21,21,1)=   0.0000000000000000       Fi(41,21,1)=   0.0000000000000000     
   DBG div max=   1.8353686355097546E-003  res_p=   1.8353686355097546E-003
   SIMPLE iter           3  res_p=   1.8353686355097546E-003  u(1,1,1)= -0.19535965396962610       p(1,1,1)=   2045.9923429697330     
   SIMPLE iter           4  res_p=   1.0087223554002740E-003  u(1,1,1)= -0.16623697511785973       p(1,1,1)=   2045.9931302974605     
   SIMPLE iter           5  res_p=   1.0858009945733998E-003  u(1,1,1)= -0.15336264731514709       p(1,1,1)=   2045.9948922410317     
 DEBUG T iter          50 min   107.00531466367977      max   214.88854642701483     
 Low-speed solver Block           1  SIMPLE iterations:          61  res_p:   3.7333043316256469E-005
 --------------Force and Moment -----------------------------
 Total Force Coefficient (CL, CD, CS) =
  -2.1024298759676888E-002   1.7324899309507036E-002  -1.5473723225409264E-021
 Total Moment Coefficient(CMx, CMy, CMz)=
   5.2560746899192219E-003   4.3312248273767590E-003  -9.7341242280855091E-003
 Kstep, t=         121   121.00000000000000     
 ----------The Max Residuals are--------  ---Mesh---           1
    0.9695488224E-03    0.9735447194E-03    0.5968884883E-03    0.3134487840E-19    0.8974275365E-03
   The R.M.S Residuals are 
    0.4416328467E-04    0.4349661031E-04    0.2110525540E-04    0.4581984813E-20    0.3677269271E-04
 CPU wall time in this step:  0.10695055300000078     
 Averaged CPU wall time is:  0.11019298203305786     
   DBG iter           1  maxU2=   30.000000000000000       maxFi=   6.2879429701747334E-003  maxFj=   1.3616014320367789E-002  Fi(21,1,1)=   0.0000000000000000       Fi(21,21,1)=   0.0000000000000000       Fi(41,21,1)=   0.0000000000000000     
   DBG div max=   3.8960002229438810E-003  res_p=   3.8960002229438810E-003
   SIMPLE iter           1  res_p=   3.8960002229438810E-003  u(1,1,1)=  -4.1641368443485510E-002  p(1,1,1)=   2045.9705146983438     
   DBG iter           2  maxU2=   30.000000000000000       maxFi=   2.2178102059751412E-003  maxFj=   3.4549612932694173E-003  Fi(21,1,1)=   0.0000000000000000       Fi(21,21,1)=   0.0000000000000000       Fi(41,21,1)=   0.0000000000000000     
   DBG div max=   1.9748201669124868E-003  res_p=   1.9748201669124868E-003
   SIMPLE iter           2  res_p=   1.9748201669124868E-003  u(1,1,1)= -0.18099069690556388       p(1,1,1)=   2045.9924418200958     
   DBG iter           3  maxU2=   30.000000000000000       maxFi=   1.6443044215973027E-003  maxFj=   9.6558835515443038E-003  Fi(21,1,1)=   0.0000000000000000       Fi(21,21,1)=   0.0000000000000000       Fi(41,21,1)=   0.0000000000000000     
   DBG div max=   1.8353686355097416E-003  res_p=   1.8353686355097416E-003
   SIMPLE iter           3  res_p=   1.8353686355097416E-003  u(1,1,1)= -0.19535965396962018       p(1,1,1)=   2045.9923429697330     
   SIMPLE iter           4  res_p=   1.0087223554002475E-003  u(1,1,1)= -0.16623697511784771       p(1,1,1)=   2045.9931302974605     
   SIMPLE iter           5  res_p=   1.0858009945734041E-003  u(1,1,1)= -0.15336264731513280       p(1,1,1)=   2045.9948922410317     
 DEBUG T iter          50 min   107.00531498615706      max   214.89401447270916     
 Low-speed solver Block           1  SIMPLE iterations:          61  res_p:   3.7333043316232183E-005
 --------------Force and Moment -----------------------------
 Total Force Coefficient (CL, CD, CS) =
  -2.0884875541095058E-002   1.7205336980401026E-002  -1.4415183142165106E-021
 Total Moment Coefficient(CMx, CMy, CMz)=
   5.2212188852737646E-003   4.3013342451002565E-003  -9.6695614062684444E-003
 Kstep, t=         122   122.00000000000000     
 ----------The Max Residuals are--------  ---Mesh---           1
    0.1012834450E-02    0.1021685476E-02    0.6094913647E-03    0.4235260864E-19    0.9076131653E-03
   The R.M.S Residuals are 
    0.4414425924E-04    0.4344897521E-04    0.2117133875E-04    0.4629795615E-20    0.3676992181E-04
 CPU wall time in this step:  0.10563245500000029     
 Averaged CPU wall time is:  0.11015560066393443     
   DBG iter           1  maxU2=   30.000000000000000       maxFi=   6.2879429701747352E-003  maxFj=   1.3616014320367789E-002  Fi(21,1,1)=   0.0000000000000000       Fi(21,21,1)=   0.0000000000000000       Fi(41,21,1)=   0.0000000000000000     
   DBG div max=   3.8960002229438849E-003  res_p=   3.8960002229438849E-003
   SIMPLE iter           1  res_p=   3.8960002229438849E-003  u(1,1,1)=  -4.1641368443492012E-002  p(1,1,1)=   2045.9705146983438     
   DBG iter           2  maxU2=   30.000000000000000       maxFi=   2.2178102059751902E-003  maxFj=   3.4549612932695275E-003  Fi(21,1,1)=   0.0000000000000000       Fi(21,21,1)=   0.0000000000000000       Fi(41,21,1)=   0.0000000000000000     
   DBG div max=   1.9748201669125302E-003  res_p=   1.9748201669125302E-003
   SIMPLE iter           2  res_p=   1.9748201669125302E-003  u(1,1,1)= -0.18099069690556202       p(1,1,1)=   2045.9924418200958     
   DBG iter           3  maxU2=   30.000000000000000       maxFi=   1.6443044215968753E-003  maxFj=   9.6558835515444114E-003  Fi(21,1,1)=   0.0000000000000000       Fi(21,21,1)=   0.0000000000000000       Fi(41,21,1)=   0.0000000000000000     
   DBG div max=   1.8353686355097425E-003  res_p=   1.8353686355097425E-003
   SIMPLE iter           3  res_p=   1.8353686355097425E-003  u(1,1,1)= -0.19535965396962082       p(1,1,1)=   2045.9923429697330     
   SIMPLE iter           4  res_p=   1.0087223554002688E-003  u(1,1,1)= -0.16623697511785313       p(1,1,1)=   2045.9931302974605     
   SIMPLE iter           5  res_p=   1.0858009945734883E-003  u(1,1,1)= -0.15336264731513854       p(1,1,1)=   2045.9948922410317     
 DEBUG T iter          50 min   107.00531527198216      max   214.89876914308627     
 Low-speed solver Block           1  SIMPLE iterations:          61  res_p:   3.7333043316255601E-005
 --------------Force and Moment -----------------------------
 Total Force Coefficient (CL, CD, CS) =
  -2.0746532128422427E-002   1.7087291279020252E-002  -4.2951678704106031E-022
 Total Moment Coefficient(CMx, CMy, CMz)=
   5.1866330321056085E-003   4.2718228197550631E-003  -9.6054983301547062E-003
 Kstep, t=         123   123.00000000000000     
 ----------The Max Residuals are--------  ---Mesh---           1
    0.1059092118E-02    0.1066669192E-02    0.6095194799E-03    0.4404890162E-19    0.9600976168E-03
   The R.M.S Residuals are 
    0.4410739520E-04    0.4338722235E-04    0.2123099428E-04    0.4602095703E-20    0.3675646997E-04
 CPU wall time in this step:   9.9627998999999079E-002
 Averaged CPU wall time is:  0.11007001040650406     
   DBG iter           1  maxU2=   30.000000000000000       maxFi=   6.2879429701747386E-003  maxFj=   1.3616014320367804E-002  Fi(21,1,1)=   0.0000000000000000       Fi(21,21,1)=   0.0000000000000000       Fi(41,21,1)=   0.0000000000000000     
   DBG div max=   3.8960002229438810E-003  res_p=   3.8960002229438810E-003
   SIMPLE iter           1  res_p=   3.8960002229438810E-003  u(1,1,1)=  -4.1641368443494566E-002  p(1,1,1)=   2045.9705146983438     
   DBG iter           2  maxU2=   30.000000000000000       maxFi=   2.2178102059751451E-003  maxFj=   3.4549612932694121E-003  Fi(21,1,1)=   0.0000000000000000       Fi(21,21,1)=   0.0000000000000000       Fi(41,21,1)=   0.0000000000000000     
   DBG div max=   1.9748201669124864E-003  res_p=   1.9748201669124864E-003
   SIMPLE iter           2  res_p=   1.9748201669124864E-003  u(1,1,1)= -0.18099069690556657       p(1,1,1)=   2045.9924418200958     
   DBG iter           3  maxU2=   30.000000000000000       maxFi=   1.6443044215972912E-003  maxFj=   9.6558835515442535E-003  Fi(21,1,1)=   0.0000000000000000       Fi(21,21,1)=   0.0000000000000000       Fi(41,21,1)=   0.0000000000000000     
   DBG div max=   1.8353686355097034E-003  res_p=   1.8353686355097034E-003
   SIMPLE iter           3  res_p=   1.8353686355097034E-003  u(1,1,1)= -0.19535965396961963       p(1,1,1)=   2045.9923429697330     
   SIMPLE iter           4  res_p=   1.0087223554002150E-003  u(1,1,1)= -0.16623697511785310       p(1,1,1)=   2045.9931302974605     
   SIMPLE iter           5  res_p=   1.0858009945735030E-003  u(1,1,1)= -0.15336264731513946       p(1,1,1)=   2045.9948922410317     
 DEBUG T iter          50 min   107.00531552213715      max   214.90282906491728     
 Low-speed solver Block           1  SIMPLE iterations:          61  res_p:   3.7333043316049169E-005
 --------------Force and Moment -----------------------------
 Total Force Coefficient (CL, CD, CS) =
  -2.0609264042141799E-002   1.6970733548456556E-002  -3.2929187106931580E-022
 Total Moment Coefficient(CMx, CMy, CMz)=
   5.1523160105354498E-003   4.2426833871141391E-003  -9.5419329178838101E-003
 Kstep, t=         124   124.00000000000000     
 ----------The Max Residuals are--------  ---Mesh---           1
    0.1083910852E-02    0.1089538688E-02    0.6468767134E-03    0.4743494203E-19    0.9938939886E-03
   The R.M.S Residuals are 
    0.4405511203E-04    0.4331371094E-04    0.2128486249E-04    0.4682597016E-20    0.3673245145E-04
 CPU wall time in this step:   9.9082464000000314E-002
 Averaged CPU wall time is:  0.10998140116129032     
   DBG iter           1  maxU2=   30.000000000000000       maxFi=   6.2879429701765757E-003  maxFj=   1.3616014320367787E-002  Fi(21,1,1)=   0.0000000000000000       Fi(21,21,1)=   0.0000000000000000       Fi(41,21,1)=   0.0000000000000000     
   DBG div max=   3.8960002229439022E-003  res_p=   3.8960002229439022E-003
   SIMPLE iter           1  res_p=   3.8960002229439022E-003  u(1,1,1)=  -4.1641368442273993E-002  p(1,1,1)=   2045.9705146983438     
   DBG iter           2  maxU2=   30.000000000000000       maxFi=   2.2178102059751633E-003  maxFj=   3.4549612932696645E-003  Fi(21,1,1)=   0.0000000000000000       Fi(21,21,1)=   0.0000000000000000       Fi(41,21,1)=   0.0000000000000000     
   DBG div max=   1.9748201669128455E-003  res_p=   1.9748201669128455E-003
   SIMPLE iter           2  res_p=   1.9748201669128455E-003  u(1,1,1)= -0.18099069690470876       p(1,1,1)=   2045.9924418200958     
   DBG iter           3  maxU2=   30.000000000000000       maxFi=   1.6443044215972481E-003  maxFj=   9.6558835515446282E-003  Fi(21,1,1)=   0.0000000000000000       Fi(21,21,1)=   0.0000000000000000       Fi(41,21,1)=   0.0000000000000000     
   DBG div max=   1.8353686355097607E-003  res_p=   1.8353686355097607E-003
   SIMPLE iter           3  res_p=   1.8353686355097607E-003  u(1,1,1)= -0.19535965396874830       p(1,1,1)=   2045.9923429697330     
   SIMPLE iter           4  res_p=   1.0087223554003074E-003  u(1,1,1)= -0.16623697511696578       p(1,1,1)=   2045.9931302974605     
   SIMPLE iter           5  res_p=   1.0858009945736583E-003  u(1,1,1)= -0.15336264731425325       p(1,1,1)=   2045.9948922410317     
 DEBUG T iter          50 min   107.00531573757590      max   214.90621232154825     
 Low-speed solver Block           1  SIMPLE iterations:          61  res_p:   3.7333043316166263E-005
 --------------Force and Moment -----------------------------
 Total Force Coefficient (CL, CD, CS) =
  -2.0473066830396350E-002   1.6855635919670507E-002   2.3264993678648174E-022
 Total Moment Coefficient(CMx, CMy, CMz)=
   5.1182667075990868E-003   4.2139089799176268E-003  -9.4788631001074403E-003
 Kstep, t=         125   125.00000000000000     
 ----------The Max Residuals are--------  ---Mesh---           1
    0.1084873187E-02    0.1088066842E-02    0.6742902291E-03    0.4065854759E-19    0.1006127187E-02
   The R.M.S Residuals are 
    0.4398179670E-04    0.4322283540E-04    0.2132834627E-04    0.4483671947E-20    0.3669294836E-04
 CPU wall time in this step:   9.8271973999999318E-002
 Averaged CPU wall time is:  0.10988772574399999     
   DBG iter           1  maxU2=   30.000000000000000       maxFi=   6.2879429701746996E-003  maxFj=   1.3616014320368517E-002  Fi(21,1,1)=   0.0000000000000000       Fi(21,21,1)=   0.0000000000000000       Fi(41,21,1)=   0.0000000000000000     
   DBG div max=   3.8960002229438771E-003  res_p=   3.8960002229438771E-003
   SIMPLE iter           1  res_p=   3.8960002229438771E-003  u(1,1,1)=  -4.1641368443514404E-002  p(1,1,1)=   2045.9705146983438     
   DBG iter           2  maxU2=   30.000000000000000       maxFi=   2.2178102059754383E-003  maxFj=   3.4549612932694589E-003  Fi(21,1,1)=   0.0000000000000000       Fi(21,21,1)=   0.0000000000000000       Fi(41,21,1)=   0.0000000000000000     
   DBG div max=   1.9748201669126542E-003  res_p=   1.9748201669126542E-003
   SIMPLE iter           2  res_p=   1.9748201669126542E-003  u(1,1,1)= -0.18099069690557995       p(1,1,1)=   2045.9924418200958     
   DBG iter           3  maxU2=   30.000000000000000       maxFi=   1.6443044215976822E-003  maxFj=   9.6558835515455545E-003  Fi(21,1,1)=   0.0000000000000000       Fi(21,21,1)=   0.0000000000000000       Fi(41,21,1)=   0.0000000000000000     
   DBG div max=   1.8353686355094892E-003  res_p=   1.8353686355094892E-003
   SIMPLE iter           3  res_p=   1.8353686355094892E-003  u(1,1,1)= -0.19535965396964383       p(1,1,1)=   2045.9923429697330     
   SIMPLE iter           4  res_p=   1.0087223554004778E-003  u(1,1,1)= -0.16623697511786284       p(1,1,1)=   2045.9931302974605     
   SIMPLE iter           5  res_p=   1.0858009945731804E-003  u(1,1,1)= -0.15336264731514707       p(1,1,1)=   2045.9948922410317     
 DEBUG T iter          50 min   107.00531591922501      max   214.90893646829244     
 Low-speed solver Block           1  SIMPLE iterations:          61  res_p:   3.7333043316316750E-005
 --------------Force and Moment -----------------------------
 Total Force Coefficient (CL, CD, CS) =
  -2.0337936055516904E-002   1.6741971280408670E-002  -4.8263465563638174E-022
 Total Moment Coefficient(CMx, CMy, CMz)=
   5.0844840138792261E-003   4.1854928201021675E-003  -9.4162868137391883E-003
 Kstep, t=         126   126.00000000000000     
 ----------The Max Residuals are--------  ---Mesh---           1
    0.1108776814E-02    0.1117862311E-02    0.6869496863E-03    0.3049339936E-19    0.9953941098E-03
   The R.M.S Residuals are 
    0.4388884233E-04    0.4311613141E-04    0.2136440538E-04    0.4472909922E-20    0.3664112848E-04
 CPU wall time in this step:   9.9666808000000273E-002
 Averaged CPU wall time is:  0.10980660734920634     
   DBG iter           1  maxU2=   30.000000000000000       maxFi=   6.2879429701756806E-003  maxFj=   1.3616014320367797E-002  Fi(21,1,1)=   0.0000000000000000       Fi(21,21,1)=   0.0000000000000000       Fi(41,21,1)=   0.0000000000000000     
   DBG div max=   3.8960002229444387E-003  res_p=   3.8960002229444387E-003
   SIMPLE iter           1  res_p=   3.8960002229444387E-003  u(1,1,1)=  -4.1641368442469177E-002  p(1,1,1)=   2045.9705146983438     
   DBG iter           2  maxU2=   30.000000000000000       maxFi=   2.2178102059749612E-003  maxFj=   3.4549612932695023E-003  Fi(21,1,1)=   0.0000000000000000       Fi(21,21,1)=   0.0000000000000000       Fi(41,21,1)=   0.0000000000000000     
   DBG div max=   1.9748201669126599E-003  res_p=   1.9748201669126599E-003
   SIMPLE iter           2  res_p=   1.9748201669126599E-003  u(1,1,1)= -0.18099069690489031       p(1,1,1)=   2045.9924418200958     
   DBG iter           3  maxU2=   30.000000000000000       maxFi=   1.6443044215971295E-003  maxFj=   9.6558835515445276E-003  Fi(21,1,1)=   0.0000000000000000       Fi(21,21,1)=   0.0000000000000000       Fi(41,21,1)=   0.0000000000000000     
   DBG div max=   1.8353686355097043E-003  res_p=   1.8353686355097043E-003
   SIMPLE iter           3  res_p=   1.8353686355097043E-003  u(1,1,1)= -0.19535965396888783       p(1,1,1)=   2045.9923429697330     
   SIMPLE iter           4  res_p=   1.0087223554002571E-003  u(1,1,1)= -0.16623697511712132       p(1,1,1)=   2045.9931302974605     
   SIMPLE iter           5  res_p=   1.0858009945736644E-003  u(1,1,1)= -0.15336264731442034       p(1,1,1)=   2045.9948922410317     
 DEBUG T iter          50 min   107.00531606798435      max   214.91101854753862     
 Low-speed solver Block           1  SIMPLE iterations:          61  res_p:   3.7333043316195320E-005
 --------------Force and Moment -----------------------------
 Total Force Coefficient (CL, CD, CS) =
  -2.0203867281743532E-002   1.6629713245676234E-002  -1.2823260386364071E-021
 Total Moment Coefficient(CMx, CMy, CMz)=
   5.0509668204358829E-003   4.1574283114190584E-003  -9.3542019962568786E-003
 Kstep, t=         127   127.00000000000000     
 ----------The Max Residuals are--------  ---Mesh---           1
    0.1169841358E-02    0.1177400898E-02    0.6837544587E-03    0.4404531057E-19    0.1057673017E-02
   The R.M.S Residuals are 
    0.4377972247E-04    0.4299604668E-04    0.2139471275E-04    0.4468703714E-20    0.3657725629E-04
 CPU wall time in this step:  0.10139728700000106     
 Averaged CPU wall time is:  0.10974039222834646     
   DBG iter           1  maxU2=   30.000000000000000       maxFi=   6.2879429701747265E-003  maxFj=   1.3616014320367754E-002  Fi(21,1,1)=   0.0000000000000000       Fi(21,21,1)=   0.0000000000000000       Fi(41,21,1)=   0.0000000000000000     
   DBG div max=   3.8960002229438411E-003  res_p=   3.8960002229438411E-003
   SIMPLE iter           1  res_p=   3.8960002229438411E-003  u(1,1,1)=  -4.1641368443506931E-002  p(1,1,1)=   2045.9705146983438     
   DBG iter           2  maxU2=   30.000000000000000       maxFi=   2.2178102059751343E-003  maxFj=   3.4549612932695873E-003  Fi(21,1,1)=   0.0000000000000000       Fi(21,21,1)=   0.0000000000000000       Fi(41,21,1)=   0.0000000000000000     
   DBG div max=   1.9748201669125623E-003  res_p=   1.9748201669125623E-003
   SIMPLE iter           2  res_p=   1.9748201669125623E-003  u(1,1,1)= -0.18099069690556585       p(1,1,1)=   2045.9924418200958     
   DBG iter           3  maxU2=   30.000000000000000       maxFi=   1.6443044215969040E-003  maxFj=   9.6558835515450532E-003  Fi(21,1,1)=   0.0000000000000000       Fi(21,21,1)=   0.0000000000000000       Fi(41,21,1)=   0.0000000000000000     
   DBG div max=   1.8353686355098500E-003  res_p=   1.8353686355098500E-003
   SIMPLE iter           3  res_p=   1.8353686355098500E-003  u(1,1,1)= -0.19535965396961996       p(1,1,1)=   2045.9923429697330     
   SIMPLE iter           4  res_p=   1.0087223554003408E-003  u(1,1,1)= -0.16623697511785099       p(1,1,1)=   2045.9931302974605     
   SIMPLE iter           5  res_p=   1.0858009945733885E-003  u(1,1,1)= -0.15336264731513979       p(1,1,1)=   2045.9948922410317     
 DEBUG T iter          50 min   107.00531618472779      max   214.91247510358295     
 Low-speed solver Block           1  SIMPLE iterations:          61  res_p:   3.7333043316252132E-005
 --------------Force and Moment -----------------------------
 Total Force Coefficient (CL, CD, CS) =
  -2.0070856064072048E-002   1.6518836129677510E-002   2.3328692194681763E-022
 Total Moment Coefficient(CMx, CMy, CMz)=
   5.0177140160180111E-003   4.1297090324193776E-003  -9.2926065805251905E-003
 Kstep, t=         128   128.00000000000000     
 ----------The Max Residuals are--------  ---Mesh---           1
    0.1206852534E-02    0.1211977021E-02    0.7170314714E-03    0.3049422715E-19    0.1103615636E-02
   The R.M.S Residuals are 
    0.4364860018E-04    0.4285620759E-04    0.2141340554E-04    0.4408118003E-20    0.3649502469E-04
 CPU wall time in this step:   9.9513368000000213E-002
 Averaged CPU wall time is:  0.10966049360156251     
   DBG iter           1  maxU2=   30.000000000000000       maxFi=   6.2879429701747378E-003  maxFj=   1.3616014320367789E-002  Fi(21,1,1)=   0.0000000000000000       Fi(21,21,1)=   0.0000000000000000       Fi(41,21,1)=   0.0000000000000000     
   DBG div max=   3.8960002229438792E-003  res_p=   3.8960002229438792E-003
   SIMPLE iter           1  res_p=   3.8960002229438792E-003  u(1,1,1)=  -4.1641368443494975E-002  p(1,1,1)=   2045.9705146983438     
   DBG iter           2  maxU2=   30.000000000000000       maxFi=   2.2178102059751434E-003  maxFj=   3.4549612932694017E-003  Fi(21,1,1)=   0.0000000000000000       Fi(21,21,1)=   0.0000000000000000       Fi(41,21,1)=   0.0000000000000000     
   DBG div max=   1.9748201669124855E-003  res_p=   1.9748201669124855E-003
   SIMPLE iter           2  res_p=   1.9748201669124855E-003  u(1,1,1)= -0.18099069690556627       p(1,1,1)=   2045.9924418200958     
   DBG iter           3  maxU2=   30.000000000000000       maxFi=   1.6443044215973049E-003  maxFj=   9.6558835515442760E-003  Fi(21,1,1)=   0.0000000000000000       Fi(21,21,1)=   0.0000000000000000       Fi(41,21,1)=   0.0000000000000000     
   DBG div max=   1.8353686355097173E-003  res_p=   1.8353686355097173E-003
   SIMPLE iter           3  res_p=   1.8353686355097173E-003  u(1,1,1)= -0.19535965396961952       p(1,1,1)=   2045.9923429697330     
   SIMPLE iter           4  res_p=   1.0087223554002211E-003  u(1,1,1)= -0.16623697511785304       p(1,1,1)=   2045.9931302974605     
   SIMPLE iter           5  res_p=   1.0858009945734076E-003  u(1,1,1)= -0.15336264731513946       p(1,1,1)=   2045.9948922410317     
 DEBUG T iter          50 min   107.00531627030389      max   214.91332219718350     
 Low-speed solver Block           1  SIMPLE iterations:          61  res_p:   3.7333043316058710E-005
 --------------Force and Moment -----------------------------
 Total Force Coefficient (CL, CD, CS) =
  -1.9938897938159620E-002   1.6409314919142354E-002   4.4951604975483088E-022
 Total Moment Coefficient(CMx, CMy, CMz)=
   4.9847244845399041E-003   4.1023287297855884E-003  -9.2314984901081098E-003
 Kstep, t=         129   129.00000000000000     
 ----------The Max Residuals are--------  ---Mesh---           1
    0.1215447321E-02    0.1217413669E-02    0.7526120362E-03    0.5082189282E-19    0.1123988795E-02
   The R.M.S Residuals are 
    0.4349805160E-04    0.4269909913E-04    0.2142277575E-04    0.4457334444E-20    0.3639797073E-04
 CPU wall time in this step:  0.10115974299999841     
 Averaged CPU wall time is:  0.10959459631007751     
   DBG iter           1  maxU2=   30.000000000000000       maxFi=   6.2879429701765844E-003  maxFj=   1.3616014320367777E-002  Fi(21,1,1)=   0.0000000000000000       Fi(21,21,1)=   0.0000000000000000       Fi(41,21,1)=   0.0000000000000000     
   DBG div max=   3.8960002229438944E-003  res_p=   3.8960002229438944E-003
   SIMPLE iter           1  res_p=   3.8960002229438944E-003  u(1,1,1)=  -4.1641368443494857E-002  p(1,1,1)=   2045.9705146983438     
   DBG iter           2  maxU2=   30.000000000000000       maxFi=   2.2178102059751824E-003  maxFj=   3.4549612932696051E-003  Fi(21,1,1)=   0.0000000000000000       Fi(21,21,1)=   0.0000000000000000       Fi(41,21,1)=   0.0000000000000000     
   DBG div max=   1.9748201669127574E-003  res_p=   1.9748201669127574E-003
   SIMPLE iter           2  res_p=   1.9748201669127574E-003  u(1,1,1)= -0.18099069690556849       p(1,1,1)=   2045.9924418200958     
   DBG iter           3  maxU2=   30.000000000000000       maxFi=   1.6443044215972446E-003  maxFj=   9.6558835515440228E-003  Fi(21,1,1)=   0.0000000000000000       Fi(21,21,1)=   0.0000000000000000       Fi(41,21,1)=   0.0000000000000000     
   DBG div max=   1.8353686355097147E-003  res_p=   1.8353686355097147E-003
   SIMPLE iter           3  res_p=   1.8353686355097147E-003  u(1,1,1)= -0.19535965396962454       p(1,1,1)=   2045.9923429697330     
   SIMPLE iter           4  res_p=   1.0087223554002041E-003  u(1,1,1)= -0.16623697511785598       p(1,1,1)=   2045.9931302974605     
   SIMPLE iter           5  res_p=   1.0858009945734510E-003  u(1,1,1)= -0.15336264731514279       p(1,1,1)=   2045.9948922410317     
 DEBUG T iter          50 min   107.00531632553661      max   214.91357541984308     
 Low-speed solver Block           1  SIMPLE iterations:          61  res_p:   3.7333043316060879E-005
 --------------Force and Moment -----------------------------
 Total Force Coefficient (CL, CD, CS) =
  -1.9807988411226985E-002   1.6301125247961259E-002   2.6600793240067914E-022
 Total Moment Coefficient(CMx, CMy, CMz)=
   4.9519971028067463E-003   4.0752813119903147E-003  -9.1708756350423592E-003
 Kstep, t=         130   130.00000000000000     
 ----------The Max Residuals are--------  ---Mesh---           1
    0.1193497929E-02    0.1191855485E-02    0.7702303842E-03    0.3218981109E-19    0.1115887171E-02
   The R.M.S Residuals are 
    0.4333453074E-04    0.4253065126E-04    0.2142877294E-04    0.4390969796E-20    0.3629110888E-04
 write flow3d.dat ......
 write flow3d.dat OK
 write VTK files ......
 write merged flow3d.vtk OK: points=       18406  cells=        8760
 write VTK files OK
 CPU wall time in this step:  0.18124899100000036     
 Averaged CPU wall time is:  0.11014578396153846     
   DBG iter           1  maxU2=   30.000000000000000       maxFi=   6.2879429701765844E-003  maxFj=   1.3616014320367780E-002  Fi(21,1,1)=   0.0000000000000000       Fi(21,21,1)=   0.0000000000000000       Fi(41,21,1)=   0.0000000000000000     
   DBG div max=   3.8960002229438922E-003  res_p=   3.8960002229438922E-003
   SIMPLE iter           1  res_p=   3.8960002229438922E-003  u(1,1,1)=  -4.1641368443494385E-002  p(1,1,1)=   2045.9705146983438     
   DBG iter           2  maxU2=   30.000000000000000       maxFi=   2.2178102059751802E-003  maxFj=   3.4549612932696051E-003  Fi(21,1,1)=   0.0000000000000000       Fi(21,21,1)=   0.0000000000000000       Fi(41,21,1)=   0.0000000000000000     
   DBG div max=   1.9748201669127566E-003  res_p=   1.9748201669127566E-003
   SIMPLE iter           2  res_p=   1.9748201669127566E-003  u(1,1,1)= -0.18099069690556879       p(1,1,1)=   2045.9924418200958     
   DBG iter           3  maxU2=   30.000000000000000       maxFi=   1.6443044215972394E-003  maxFj=   9.6558835515440141E-003  Fi(21,1,1)=   0.0000000000000000       Fi(21,21,1)=   0.0000000000000000       Fi(41,21,1)=   0.0000000000000000     
   DBG div max=   1.8353686355097078E-003  res_p=   1.8353686355097078E-003
   SIMPLE iter           3  res_p=   1.8353686355097078E-003  u(1,1,1)= -0.19535965396962438       p(1,1,1)=   2045.9923429697330     
   SIMPLE iter           4  res_p=   1.0087223554002046E-003  u(1,1,1)= -0.16623697511785623       p(1,1,1)=   2045.9931302974605     
   SIMPLE iter           5  res_p=   1.0858009945737520E-003  u(1,1,1)= -0.15336264731514263       p(1,1,1)=   2045.9948922410317     
 DEBUG T iter          50 min   107.00531635122564      max   214.91324990781763     
 Low-speed solver Block           1  SIMPLE iterations:          61  res_p:   3.7333043316002765E-005
 --------------Force and Moment -----------------------------
 Total Force Coefficient (CL, CD, CS) =
  -1.9678122953898401E-002   1.6194243373056742E-002  -2.9410838893981778E-022
 Total Moment Coefficient(CMx, CMy, CMz)=
   4.9195307384745993E-003   4.0485608432641856E-003  -9.1107359080443810E-003
 Kstep, t=         131   131.00000000000000     
 ----------The Max Residuals are--------  ---Mesh---           1
    0.1259007578E-02    0.1265135390E-02    0.7679078784E-03    0.3727052243E-19    0.1128485019E-02
   The R.M.S Residuals are 
    0.4314837068E-04    0.4234114422E-04    0.2142472283E-04    0.4388504313E-20    0.3616551134E-04
 CPU wall time in this step:  0.10119197700000093     
 Averaged CPU wall time is:  0.11007743429007634     
   DBG iter           1  maxU2=   30.000000000000000       maxFi=   6.2879429701765766E-003  maxFj=   1.3616014320367784E-002  Fi(21,1,1)=   0.0000000000000000       Fi(21,21,1)=   0.0000000000000000       Fi(41,21,1)=   0.0000000000000000     
   DBG div max=   3.8960002229438970E-003  res_p=   3.8960002229438970E-003
   SIMPLE iter           1  res_p=   3.8960002229438970E-003  u(1,1,1)=  -4.1641368443486301E-002  p(1,1,1)=   2045.9705146983438     
   DBG iter           2  maxU2=   30.000000000000000       maxFi=   2.2178102059751811E-003  maxFj=   3.4549612932695747E-003  Fi(21,1,1)=   0.0000000000000000       Fi(21,21,1)=   0.0000000000000000       Fi(41,21,1)=   0.0000000000000000     
   DBG div max=   1.9748201669127614E-003  res_p=   1.9748201669127614E-003
   SIMPLE iter           2  res_p=   1.9748201669127614E-003  u(1,1,1)= -0.18099069690556160       p(1,1,1)=   2045.9924418200958     
   DBG iter           3  maxU2=   30.000000000000000       maxFi=   1.6443044215972279E-003  maxFj=   9.6558835515446213E-003  Fi(21,1,1)=   0.0000000000000000       Fi(21,21,1)=   0.0000000000000000       Fi(41,21,1)=   0.0000000000000000     
   DBG div max=   1.8353686355098006E-003  res_p=   1.8353686355098006E-003
   SIMPLE iter           3  res_p=   1.8353686355098006E-003  u(1,1,1)= -0.19535965396961744       p(1,1,1)=   2045.9923429697330     
   SIMPLE iter           4  res_p=   1.0087223554002905E-003  u(1,1,1)= -0.16623697511784594       p(1,1,1)=   2045.9931302974605     
   SIMPLE iter           5  res_p=   1.0858009945737129E-003  u(1,1,1)= -0.15336264731513088       p(1,1,1)=   2045.9948922410317     
 DEBUG T iter          50 min   107.00531634814749      max   214.91236035585138     
 Low-speed solver Block           1  SIMPLE iterations:          61  res_p:   3.7333043316226545E-005
 --------------Force and Moment -----------------------------
 Total Force Coefficient (CL, CD, CS) =
  -1.9549296992923126E-002   1.6088646151422657E-002  -9.5957816084546758E-022
 Total Moment Coefficient(CMx, CMy, CMz)=
   4.8873242482307807E-003   4.0221615378556643E-003  -9.0510771811249321E-003
 Kstep, t=         132   132.00000000000000     
 ----------The Max Residuals are--------  ---Mesh---           1
    0.1320965244E-02    0.1324330503E-02    0.7695592101E-03    0.3726981157E-19    0.1197450781E-02
   The R.M.S Residuals are 
    0.4293372687E-04    0.4212491523E-04    0.2140569828E-04    0.4393479664E-20    0.3601618091E-04
 CPU wall time in this step:   9.7874852999998652E-002
 Averaged CPU wall time is:  0.10998499049242423     
   DBG iter           1  maxU2=   30.000000000000000       maxFi=   6.2879429701747300E-003  maxFj=   1.3616014320367796E-002  Fi(21,1,1)=   0.0000000000000000       Fi(21,21,1)=   0.0000000000000000       Fi(41,21,1)=   0.0000000000000000     
   DBG div max=   3.8960002229438471E-003  res_p=   3.8960002229438471E-003
   SIMPLE iter           1  res_p=   3.8960002229438471E-003  u(1,1,1)=  -4.1641368443492088E-002  p(1,1,1)=   2045.9705146983438     
   DBG iter           2  maxU2=   30.000000000000000       maxFi=   2.2178102059751481E-003  maxFj=   3.4549612932696246E-003  Fi(21,1,1)=   0.0000000000000000       Fi(21,21,1)=   0.0000000000000000       Fi(41,21,1)=   0.0000000000000000     
   DBG div max=   1.9748201669125623E-003  res_p=   1.9748201669125623E-003
   SIMPLE iter           2  res_p=   1.9748201669125623E-003  u(1,1,1)= -0.18099069690556491       p(1,1,1)=   2045.9924418200958     
   DBG iter           3  maxU2=   30.000000000000000       maxFi=   1.6443044215968790E-003  maxFj=   9.6558835515444218E-003  Fi(21,1,1)=   0.0000000000000000       Fi(21,21,1)=   0.0000000000000000       Fi(41,21,1)=   0.0000000000000000     
   DBG div max=   1.8353686355097425E-003  res_p=   1.8353686355097425E-003
   SIMPLE iter           3  res_p=   1.8353686355097425E-003  u(1,1,1)= -0.19535965396961852       p(1,1,1)=   2045.9923429697330     
   SIMPLE iter           4  res_p=   1.0087223554002679E-003  u(1,1,1)= -0.16623697511785107       p(1,1,1)=   2045.9931302974605     
   SIMPLE iter           5  res_p=   1.0858009945733859E-003  u(1,1,1)= -0.15336264731513710       p(1,1,1)=   2045.9948922410317     
 DEBUG T iter          50 min   107.00531631705550      max   214.91092103063676     
 Low-speed solver Block           1  SIMPLE iterations:          61  res_p:   3.7333043316243458E-005
 --------------Force and Moment -----------------------------
 Total Force Coefficient (CL, CD, CS) =
  -1.9421505904725470E-002   1.5984311018267378E-002  -6.1377698427720273E-022
 Total Moment Coefficient(CMx, CMy, CMz)=
   4.8553764761813676E-003   3.9960777545668446E-003  -8.9918973025867391E-003
 Kstep, t=         133   133.00000000000000     
 ----------The Max Residuals are--------  ---Mesh---           1
    0.1351372426E-02    0.1350842246E-02    0.8209246044E-03    0.5421013124E-19    0.1238472689E-02
   The R.M.S Residuals are 
    0.4269856460E-04    0.4188932352E-04    0.2137793869E-04    0.4406092800E-20    0.3585000831E-04
 CPU wall time in this step:   9.8755648000000917E-002
 Averaged CPU wall time is:  0.10990055934586467     
   DBG iter           1  maxU2=   30.000000000000000       maxFi=   6.2879429701747352E-003  maxFj=   1.3616014320367801E-002  Fi(21,1,1)=   0.0000000000000000       Fi(21,21,1)=   0.0000000000000000       Fi(41,21,1)=   0.0000000000000000     
   DBG div max=   3.8960002229438619E-003  res_p=   3.8960002229438619E-003
   SIMPLE iter           1  res_p=   3.8960002229438619E-003  u(1,1,1)=  -4.1641368443493212E-002  p(1,1,1)=   2045.9705146983438     
   DBG iter           2  maxU2=   30.000000000000000       maxFi=   2.2178102059751486E-003  maxFj=   3.4549612932695136E-003  Fi(21,1,1)=   0.0000000000000000       Fi(21,21,1)=   0.0000000000000000       Fi(41,21,1)=   0.0000000000000000     
   DBG div max=   1.9748201669125597E-003  res_p=   1.9748201669125597E-003
   SIMPLE iter           2  res_p=   1.9748201669125597E-003  u(1,1,1)= -0.18099069690556882       p(1,1,1)=   2045.9924418200958     
   DBG iter           3  maxU2=   30.000000000000000       maxFi=   1.6443044215972971E-003  maxFj=   9.6558835515442778E-003  Fi(21,1,1)=   0.0000000000000000       Fi(21,21,1)=   0.0000000000000000       Fi(41,21,1)=   0.0000000000000000     
   DBG div max=   1.8353686355096748E-003  res_p=   1.8353686355096748E-003
   SIMPLE iter           3  res_p=   1.8353686355096748E-003  u(1,1,1)= -0.19535965396962179       p(1,1,1)=   2045.9923429697330     
   SIMPLE iter           4  res_p=   1.0087223554002393E-003  u(1,1,1)= -0.16623697511785265       p(1,1,1)=   2045.9931302974605     
   SIMPLE iter           5  res_p=   1.0858009945734605E-003  u(1,1,1)= -0.15336264731513752       p(1,1,1)=   2045.9948922410317     
 DEBUG T iter          50 min   107.00531625868095      max   214.90894578399809     
 Low-speed solver Block           1  SIMPLE iterations:          61  res_p:   3.7333043316060011E-005
 --------------Force and Moment -----------------------------
 Total Force Coefficient (CL, CD, CS) =
  -1.9294745009732883E-002   1.5881215966200471E-002  -1.2772579812623698E-021
 Total Moment Coefficient(CMx, CMy, CMz)=
   4.8236862524332208E-003   3.9703039915501177E-003  -8.9331940943817266E-003
 Kstep, t=         134   134.00000000000000     
 ----------The Max Residuals are--------  ---Mesh---           1
    0.1345097352E-02    0.1339778612E-02    0.8520470672E-03    0.4404685709E-19    0.1245696791E-02
   The R.M.S Residuals are 
    0.4244700844E-04    0.4163767465E-04    0.2134214118E-04    0.4338845962E-20    0.3566794775E-04
 CPU wall time in this step:   9.9821463999999693E-002
 Averaged CPU wall time is:  0.10982534221641790     
   DBG iter           1  maxU2=   30.000000000000000       maxFi=   6.2879429701765844E-003  maxFj=   1.3616014320367784E-002  Fi(21,1,1)=   0.0000000000000000       Fi(21,21,1)=   0.0000000000000000       Fi(41,21,1)=   0.0000000000000000     
   DBG div max=   3.8960002229438935E-003  res_p=   3.8960002229438935E-003
   SIMPLE iter           1  res_p=   3.8960002229438935E-003  u(1,1,1)=  -4.1641368443494572E-002  p(1,1,1)=   2045.9705146983438     
   DBG iter           2  maxU2=   30.000000000000000       maxFi=   2.2178102059751820E-003  maxFj=   3.4549612932696073E-003  Fi(21,1,1)=   0.0000000000000000       Fi(21,21,1)=   0.0000000000000000       Fi(41,21,1)=   0.0000000000000000     
   DBG div max=   1.9748201669127566E-003  res_p=   1.9748201669127566E-003
   SIMPLE iter           2  res_p=   1.9748201669127566E-003  u(1,1,1)= -0.18099069690556874       p(1,1,1)=   2045.9924418200958     
   DBG iter           3  maxU2=   30.000000000000000       maxFi=   1.6443044215972409E-003  maxFj=   9.6558835515440193E-003  Fi(21,1,1)=   0.0000000000000000       Fi(21,21,1)=   0.0000000000000000       Fi(41,21,1)=   0.0000000000000000     
   DBG div max=   1.8353686355097095E-003  res_p=   1.8353686355097095E-003
   SIMPLE iter           3  res_p=   1.8353686355097095E-003  u(1,1,1)= -0.19535965396962432       p(1,1,1)=   2045.9923429697330     
   SIMPLE iter           4  res_p=   1.0087223554002037E-003  u(1,1,1)= -0.16623697511785601       p(1,1,1)=   2045.9931302974605     
   SIMPLE iter           5  res_p=   1.0858009945734458E-003  u(1,1,1)= -0.15336264731514268       p(1,1,1)=   2045.9948922410317     
 DEBUG T iter          50 min   107.00531617373329      max   214.90644806579672     
 Low-speed solver Block           1  SIMPLE iterations:          61  res_p:   3.7333043316002765E-005
 --------------Force and Moment -----------------------------
 Total Force Coefficient (CL, CD, CS) =
  -1.9169009567434437E-002   1.5779339525405948E-002  -1.2298910396406984E-021
 Total Moment Coefficient(CMx, CMy, CMz)=
   4.7922523918586092E-003   3.9448348813514869E-003  -8.8749653498058270E-003
 Kstep, t=         135   135.00000000000000     
 ----------The Max Residuals are--------  ---Mesh---           1
    0.1300471001E-02    0.1289815307E-02    0.8592687936E-03    0.3557601386E-19    0.1216329402E-02
   The R.M.S Residuals are 
    0.4217868898E-04    0.4136935381E-04    0.2129495302E-04    0.4256975828E-20    0.3546898796E-04
 CPU wall time in this step:  0.16555280700000097     
 Averaged CPU wall time is:  0.11023813825185186     
   DBG iter           1  maxU2=   30.000000000000000       maxFi=   6.2879429701765766E-003  maxFj=   1.3616014320367784E-002  Fi(21,1,1)=   0.0000000000000000       Fi(21,21,1)=   0.0000000000000000       Fi(41,21,1)=   0.0000000000000000     
   DBG div max=   3.8960002229438970E-003  res_p=   3.8960002229438970E-003
   SIMPLE iter           1  res_p=   3.8960002229438970E-003  u(1,1,1)=  -4.1641368443486378E-002  p(1,1,1)=   2045.9705146983438     
   DBG iter           2  maxU2=   30.000000000000000       maxFi=   2.2178102059751802E-003  maxFj=   3.4549612932695743E-003  Fi(21,1,1)=   0.0000000000000000       Fi(21,21,1)=   0.0000000000000000       Fi(41,21,1)=   0.0000000000000000     
   DBG div max=   1.9748201669127618E-003  res_p=   1.9748201669127618E-003
   SIMPLE iter           2  res_p=   1.9748201669127618E-003  u(1,1,1)= -0.18099069690556169       p(1,1,1)=   2045.9924418200958     
   DBG iter           3  maxU2=   30.000000000000000       maxFi=   1.6443044215972294E-003  maxFj=   9.6558835515446230E-003  Fi(21,1,1)=   0.0000000000000000       Fi(21,21,1)=   0.0000000000000000       Fi(41,21,1)=   0.0000000000000000     
   DBG div max=   1.8353686355098006E-003  res_p=   1.8353686355098006E-003
   SIMPLE iter           3  res_p=   1.8353686355098006E-003  u(1,1,1)= -0.19535965396961735       p(1,1,1)=   2045.9923429697330     
   SIMPLE iter           4  res_p=   1.0087223554002892E-003  u(1,1,1)= -0.16623697511784588       p(1,1,1)=   2045.9931302974605     
   SIMPLE iter           5  res_p=   1.0858009945737138E-003  u(1,1,1)= -0.15336264731513077       p(1,1,1)=   2045.9948922410317     
 DEBUG T iter          50 min   107.00531606290069      max   214.90344093655790     
 Low-speed solver Block           1  SIMPLE iterations:          61  res_p:   3.7333043316050037E-005
 --------------Force and Moment -----------------------------
 Total Force Coefficient (CL, CD, CS) =
  -1.9044294772124302E-002   1.5678660744748753E-002  -1.4653220913083539E-021
 Total Moment Coefficient(CMx, CMy, CMz)=
   4.7610736930310746E-003   3.9196651861871882E-003  -8.8172088315102842E-003
 Kstep, t=         136   136.00000000000000     
 ----------The Max Residuals are--------  ---Mesh---           1
    0.1386601844E-02    0.1385172305E-02    0.8417320449E-03    0.3388167130E-19    0.1236275617E-02
   The R.M.S Residuals are 
    0.4189329339E-04    0.4108319716E-04    0.2123799235E-04    0.4299799971E-20    0.3525409938E-04
 CPU wall time in this step:   9.8418182999999715E-002
 Averaged CPU wall time is:  0.11015122681617648     
   DBG iter           1  maxU2=   30.000000000000000       maxFi=   6.2879429701765757E-003  maxFj=   1.3616014320367796E-002  Fi(21,1,1)=   0.0000000000000000       Fi(21,21,1)=   0.0000000000000000       Fi(41,21,1)=   0.0000000000000000     
   DBG div max=   3.8960002229439009E-003  res_p=   3.8960002229439009E-003
   SIMPLE iter           1  res_p=   3.8960002229439009E-003  u(1,1,1)=  -4.1641368442273140E-002  p(1,1,1)=   2045.9705146983438     
   DBG iter           2  maxU2=   30.000000000000000       maxFi=   2.2178102059751594E-003  maxFj=   3.4549612932696615E-003  Fi(21,1,1)=   0.0000000000000000       Fi(21,21,1)=   0.0000000000000000       Fi(41,21,1)=   0.0000000000000000     
   DBG div max=   1.9748201669128438E-003  res_p=   1.9748201669128438E-003
   SIMPLE iter           2  res_p=   1.9748201669128438E-003  u(1,1,1)= -0.18099069690470870       p(1,1,1)=   2045.9924418200958     
   DBG iter           3  maxU2=   30.000000000000000       maxFi=   1.6443044215972522E-003  maxFj=   9.6558835515446299E-003  Fi(21,1,1)=   0.0000000000000000       Fi(21,21,1)=   0.0000000000000000       Fi(41,21,1)=   0.0000000000000000     
   DBG div max=   1.8353686355097572E-003  res_p=   1.8353686355097572E-003
   SIMPLE iter           3  res_p=   1.8353686355097572E-003  u(1,1,1)= -0.19535965396874888       p(1,1,1)=   2045.9923429697330     
   SIMPLE iter           4  res_p=   1.0087223554003082E-003  u(1,1,1)= -0.16623697511696664       p(1,1,1)=   2045.9931302974605     
   SIMPLE iter           5  res_p=   1.0858009945736557E-003  u(1,1,1)= -0.15336264731425378       p(1,1,1)=   2045.9948922410317     
 DEBUG T iter          50 min   107.00531592685063      max   214.89993707981563     
 Low-speed solver Block           1  SIMPLE iterations:          61  res_p:   3.7333043316009271E-005
 --------------Force and Moment -----------------------------
 Total Force Coefficient (CL, CD, CS) =
  -1.8920595749287197E-002   1.5579159173764016E-002  -1.6981831648521630E-021
 Total Moment Coefficient(CMx, CMy, CMz)=
   4.7301489373218000E-003   3.8947897934410039E-003  -8.7599222698094940E-003
 Kstep, t=         137   137.00000000000000     
 ----------The Max Residuals are--------  ---Mesh---           1
    0.1457414374E-02    0.1451608282E-02    0.8531344633E-03    0.5082073283E-19    0.1313394665E-02
   The R.M.S Residuals are 
    0.4158764204E-04    0.4077493047E-04    0.2117601906E-04    0.4352073476E-20    0.3502214542E-04
 CPU wall time in this step:  0.10001272299999897     
 Averaged CPU wall time is:  0.11007722313868612     
   DBG iter           1  maxU2=   30.000000000000000       maxFi=   6.2879429701765801E-003  maxFj=   1.3616014320368689E-002  Fi(21,1,1)=   0.0000000000000000       Fi(21,21,1)=   0.0000000000000000       Fi(41,21,1)=   0.0000000000000000     
   DBG div max=   3.8960002229439113E-003  res_p=   3.8960002229439113E-003
   SIMPLE iter           1  res_p=   3.8960002229439113E-003  u(1,1,1)=  -4.1641368443514480E-002  p(1,1,1)=   2045.9705146983438     
   DBG iter           2  maxU2=   30.000000000000000       maxFi=   2.2178102059752288E-003  maxFj=   3.4549612932694750E-003  Fi(21,1,1)=   0.0000000000000000       Fi(21,21,1)=   0.0000000000000000       Fi(41,21,1)=   0.0000000000000000     
   DBG div max=   1.9748201669127939E-003  res_p=   1.9748201669127939E-003
   SIMPLE iter           2  res_p=   1.9748201669127939E-003  u(1,1,1)= -0.18099069690557948       p(1,1,1)=   2045.9924418200958     
   DBG iter           3  maxU2=   30.000000000000000       maxFi=   1.6443044215973712E-003  maxFj=   9.6558835515456517E-003  Fi(21,1,1)=   0.0000000000000000       Fi(21,21,1)=   0.0000000000000000       Fi(41,21,1)=   0.0000000000000000     
   DBG div max=   1.8353686355096982E-003  res_p=   1.8353686355096982E-003
   SIMPLE iter           3  res_p=   1.8353686355096982E-003  u(1,1,1)= -0.19535965396964330       p(1,1,1)=   2045.9923429697330     
   SIMPLE iter           4  res_p=   1.0087223554005199E-003  u(1,1,1)= -0.16623697511786248       p(1,1,1)=   2045.9931302974605     
   SIMPLE iter           5  res_p=   1.0858009945732758E-003  u(1,1,1)= -0.15336264731514659       p(1,1,1)=   2045.9948922410317     
 DEBUG T iter          50 min   107.00531576623044      max   214.89594881418020     
 Low-speed solver Block           1  SIMPLE iterations:          61  res_p:   3.7333043316332797E-005
 --------------Force and Moment -----------------------------
 Total Force Coefficient (CL, CD, CS) =
  -1.8797907552585209E-002   1.5480814845481645E-002  -1.8582289585268290E-021
 Total Moment Coefficient(CMx, CMy, CMz)=
   4.6994768881463032E-003   3.8702037113704114E-003  -8.7031033612665308E-003
 Kstep, t=         138   138.00000000000000     
 ----------The Max Residuals are--------  ---Mesh---           1
    0.1489695956E-02    0.1478065602E-02    0.9093196520E-03    0.4235148580E-19    0.1356010074E-02
   The R.M.S Residuals are 
    0.4125093899E-04    0.4043360668E-04    0.2110005321E-04    0.4291320525E-20    0.3476073935E-04
 CPU wall time in this step:   9.8888853000000054E-002
 Averaged CPU wall time is:  0.10999614799275362     
   DBG iter           1  maxU2=   30.000000000000000       maxFi=   6.2879429701756789E-003  maxFj=   1.3616014320368729E-002  Fi(21,1,1)=   0.0000000000000000       Fi(21,21,1)=   0.0000000000000000       Fi(41,21,1)=   0.0000000000000000     
   DBG div max=   3.8960002229444326E-003  res_p=   3.8960002229444326E-003
   SIMPLE iter           1  res_p=   3.8960002229444326E-003  u(1,1,1)=  -4.1641368442469157E-002  p(1,1,1)=   2045.9705146983438     
   DBG iter           2  maxU2=   30.000000000000000       maxFi=   2.2178102059749803E-003  maxFj=   3.4549612932694971E-003  Fi(21,1,1)=   0.0000000000000000       Fi(21,21,1)=   0.0000000000000000       Fi(41,21,1)=   0.0000000000000000     
   DBG div max=   1.9748201669126638E-003  res_p=   1.9748201669126638E-003
   SIMPLE iter           2  res_p=   1.9748201669126638E-003  u(1,1,1)= -0.18099069690489056       p(1,1,1)=   2045.9924418200958     
   DBG iter           3  maxU2=   30.000000000000000       maxFi=   1.6443044215972420E-003  maxFj=   9.6558835515447340E-003  Fi(21,1,1)=   0.0000000000000000       Fi(21,21,1)=   0.0000000000000000       Fi(41,21,1)=   0.0000000000000000     
   DBG div max=   1.8353686355092012E-003  res_p=   1.8353686355092012E-003
   SIMPLE iter           3  res_p=   1.8353686355092012E-003  u(1,1,1)= -0.19535965396888805       p(1,1,1)=   2045.9923429697330     
   SIMPLE iter           4  res_p=   1.0087223554003221E-003  u(1,1,1)= -0.16623697511712143       p(1,1,1)=   2045.9931302974605     
   SIMPLE iter           5  res_p=   1.0858009945731517E-003  u(1,1,1)= -0.15336264731442073       p(1,1,1)=   2045.9948922410317     
 DEBUG T iter          50 min   107.00531558166755      max   214.89148810512643     
 Low-speed solver Block           1  SIMPLE iterations:          61  res_p:   3.7333043316194886E-005
 --------------Force and Moment -----------------------------
 Total Force Coefficient (CL, CD, CS) =
  -1.8676225161407108E-002   1.5383608260041627E-002  -2.0477845135681967E-021
 Total Moment Coefficient(CMx, CMy, CMz)=
   4.6690562903517760E-003   3.8459020650104068E-003  -8.6467497675384378E-003
 Kstep, t=         139   139.00000000000000     
 ----------The Max Residuals are--------  ---Mesh---           1
    0.1477108903E-02    0.1458478487E-02    0.9403314768E-03    0.5421119430E-19    0.1356903221E-02
   The R.M.S Residuals are 
    0.4088355540E-04    0.4006062126E-04    0.2100217921E-04    0.4229641927E-20    0.3446713012E-04
 CPU wall time in this step:  0.10032257399999978     
 Averaged CPU wall time is:  0.10992655393525179     
   DBG iter           1  maxU2=   30.000000000000000       maxFi=   6.2879429701747256E-003  maxFj=   1.3616014320367759E-002  Fi(21,1,1)=   0.0000000000000000       Fi(21,21,1)=   0.0000000000000000       Fi(41,21,1)=   0.0000000000000000     
   DBG div max=   3.8960002229438411E-003  res_p=   3.8960002229438411E-003
   SIMPLE iter           1  res_p=   3.8960002229438411E-003  u(1,1,1)=  -4.1641368443505293E-002  p(1,1,1)=   2045.9705146983438     
   DBG iter           2  maxU2=   30.000000000000000       maxFi=   2.2178102059751356E-003  maxFj=   3.4549612932695904E-003  Fi(21,1,1)=   0.0000000000000000       Fi(21,21,1)=   0.0000000000000000       Fi(41,21,1)=   0.0000000000000000     
   DBG div max=   1.9748201669125627E-003  res_p=   1.9748201669125627E-003
   SIMPLE iter           2  res_p=   1.9748201669125627E-003  u(1,1,1)= -0.18099069690556630       p(1,1,1)=   2045.9924418200958     
   DBG iter           3  maxU2=   30.000000000000000       maxFi=   1.6443044215969126E-003  maxFj=   9.6558835515444547E-003  Fi(21,1,1)=   0.0000000000000000       Fi(21,21,1)=   0.0000000000000000       Fi(41,21,1)=   0.0000000000000000     
   DBG div max=   1.8353686355097728E-003  res_p=   1.8353686355097728E-003
   SIMPLE iter           3  res_p=   1.8353686355097728E-003  u(1,1,1)= -0.19535965396962002       p(1,1,1)=   2045.9923429697330     
   SIMPLE iter           4  res_p=   1.0087223554002835E-003  u(1,1,1)= -0.16623697511785024       p(1,1,1)=   2045.9931302974605     
   SIMPLE iter           5  res_p=   1.0858009945734232E-003  u(1,1,1)= -0.15336264731513816       p(1,1,1)=   2045.9948922410317     
 DEBUG T iter          50 min   107.00531537377027      max   214.88656657650608     
 Low-speed solver Block           1  SIMPLE iterations:          61  res_p:   3.7333043316233484E-005
 --------------Force and Moment -----------------------------
 Total Force Coefficient (CL, CD, CS) =
  -1.8555543478943708E-002   1.5287520369057915E-002  -1.6587837983136048E-021
 Total Moment Coefficient(CMx, CMy, CMz)=
   4.6388858697359254E-003   3.8218800922644788E-003  -8.5908591144642048E-003
 Kstep, t=         140   140.00000000000000     
 ----------The Max Residuals are--------  ---Mesh---           1
    0.1418903321E-02    0.1392614001E-02    0.9426404923E-03    0.3388230663E-19    0.1314079363E-02
   The R.M.S Residuals are 
    0.4050164314E-04    0.3967305969E-04    0.2088811301E-04    0.4280422726E-20    0.3415597444E-04
 write flow3d.dat ......
 write flow3d.dat OK
 write VTK files ......
 write merged flow3d.vtk OK: points=       18406  cells=        8760
 write VTK files OK
 CPU wall time in this step:  0.18040553400000015     
 Averaged CPU wall time is:  0.11042997522142857     
   DBG iter           1  maxU2=   30.000000000000000       maxFi=   6.2879429701747308E-003  maxFj=   1.3616014320367777E-002  Fi(21,1,1)=   0.0000000000000000       Fi(21,21,1)=   0.0000000000000000       Fi(41,21,1)=   0.0000000000000000     
   DBG div max=   3.8960002229438688E-003  res_p=   3.8960002229438688E-003
   SIMPLE iter           1  res_p=   3.8960002229438688E-003  u(1,1,1)=  -4.1641368443494614E-002  p(1,1,1)=   2045.9705146983438     
   DBG iter           2  maxU2=   30.000000000000000       maxFi=   2.2178102059751516E-003  maxFj=   3.4549612932695357E-003  Fi(21,1,1)=   0.0000000000000000       Fi(21,21,1)=   0.0000000000000000       Fi(41,21,1)=   0.0000000000000000     
   DBG div max=   1.9748201669124990E-003  res_p=   1.9748201669124990E-003
   SIMPLE iter           2  res_p=   1.9748201669124990E-003  u(1,1,1)= -0.18099069690556907       p(1,1,1)=   2045.9924418200958     
   DBG iter           3  maxU2=   30.000000000000000       maxFi=   1.6443044215973021E-003  maxFj=   9.6558835515443229E-003  Fi(21,1,1)=   0.0000000000000000       Fi(21,21,1)=   0.0000000000000000       Fi(41,21,1)=   0.0000000000000000     
   DBG div max=   1.8353686355097529E-003  res_p=   1.8353686355097529E-003
   SIMPLE iter           3  res_p=   1.8353686355097529E-003  u(1,1,1)= -0.19535965396962501       p(1,1,1)=   2045.9923429697330     
   SIMPLE iter           4  res_p=   1.0087223554002519E-003  u(1,1,1)= -0.16623697511785579       p(1,1,1)=   2045.9931302974605     
   SIMPLE iter           5  res_p=   1.0858009945734111E-003  u(1,1,1)= -0.15336264731514312       p(1,1,1)=   2045.9948922410317     
 DEBUG T iter          50 min   107.00531514312803      max   214.88119552178841     
 Low-speed solver Block           1  SIMPLE iterations:          61  res_p:   3.7333043316282490E-005
 --------------Force and Moment -----------------------------
 Total Force Coefficient (CL, CD, CS) =
  -1.8435857330754511E-002   1.5192532560691217E-002  -1.6697679624697963E-021
 Total Moment Coefficient(CMx, CMy, CMz)=
   4.6089643326886276E-003   3.7981331401728043E-003  -8.5354289913793999E-003
 Kstep, t=         141   141.00000000000000     
 ----------The Max Residuals are--------  ---Mesh---           1
    0.1457147076E-02    0.1442117270E-02    0.9164716881E-03    0.4404658244E-19    0.1278984575E-02
   The R.M.S Residuals are 
    0.4012021908E-04    0.3928568056E-04    0.2077396556E-04    0.4198267232E-20    0.3384533662E-04
 CPU wall time in this step:  0.10066689100000126     
 Averaged CPU wall time is:  0.11036073348936171     
   DBG iter           1  maxU2=   30.000000000000000       maxFi=   6.2879429701747430E-003  maxFj=   1.3616014320367789E-002  Fi(21,1,1)=   0.0000000000000000       Fi(21,21,1)=   0.0000000000000000       Fi(41,21,1)=   0.0000000000000000     
   DBG div max=   3.8960002229438419E-003  res_p=   3.8960002229438419E-003
   SIMPLE iter           1  res_p=   3.8960002229438419E-003  u(1,1,1)=  -4.1641368440965769E-002  p(1,1,1)=   2045.9705146983435     
   DBG iter           2  maxU2=   30.000000000000000       maxFi=   2.2178102059751399E-003  maxFj=   3.4549612932696472E-003  Fi(21,1,1)=   0.0000000000000000       Fi(21,21,1)=   0.0000000000000000       Fi(41,21,1)=   0.0000000000000000     
   DBG div max=   1.9748201669125528E-003  res_p=   1.9748201669125528E-003
   SIMPLE iter           2  res_p=   1.9748201669125528E-003  u(1,1,1)= -0.18099069690382230       p(1,1,1)=   2045.9924418200956     
   DBG iter           3  maxU2=   30.000000000000000       maxFi=   1.6443044215968886E-003  maxFj=   9.6558835515444374E-003  Fi(21,1,1)=   0.0000000000000000       Fi(21,21,1)=   0.0000000000000000       Fi(41,21,1)=   0.0000000000000000     
   DBG div max=   1.8353686355097477E-003  res_p=   1.8353686355097477E-003
   SIMPLE iter           3  res_p=   1.8353686355097477E-003  u(1,1,1)= -0.19535965396773658       p(1,1,1)=   2045.9923429697328     
   SIMPLE iter           4  res_p=   1.0087223554002718E-003  u(1,1,1)= -0.16623697511599217       p(1,1,1)=   2045.9931302974603     
   SIMPLE iter           5  res_p=   1.0858009945733894E-003  u(1,1,1)= -0.15336264731327048       p(1,1,1)=   2045.9948922410315     
 DEBUG T iter          50 min   107.00531489031178      max   214.87538591503474     
 Low-speed solver Block           1  SIMPLE iterations:          61  res_p:   3.7333043316506703E-005
 --------------Force and Moment -----------------------------
 Total Force Coefficient (CL, CD, CS) =
  -1.8317161463792801E-002   1.5098626645393326E-002  -1.5412987311189682E-021
 Total Moment Coefficient(CMx, CMy, CMz)=
   4.5792903659482003E-003   3.7746566613483315E-003  -8.4804569506421543E-003
 Kstep, t=         142   142.00000000000000     
 ----------The Max Residuals are--------  ---Mesh---           1
    0.1550991268E-02    0.1529544998E-02    0.8932877112E-03    0.3727023162E-19    0.1374832058E-02
   The R.M.S Residuals are 
    0.3973018407E-04    0.3888796274E-04    0.2065919317E-04    0.4266886580E-20    0.3352793701E-04
 CPU wall time in this step:  0.10044241299999968     
 Averaged CPU wall time is:  0.11029088616197183     
   DBG iter           1  maxU2=   30.000000000000000       maxFi=   6.2879429701747395E-003  maxFj=   1.3616014320367787E-002  Fi(21,1,1)=   0.0000000000000000       Fi(21,21,1)=   0.0000000000000000       Fi(41,21,1)=   0.0000000000000000     
   DBG div max=   3.8960002229470672E-003  res_p=   3.8960002229470672E-003
   SIMPLE iter           1  res_p=   3.8960002229470672E-003  u(1,1,1)=  -4.1641368443490707E-002  p(1,1,1)=   2045.9705146983438     
   DBG iter           2  maxU2=   30.000000000000000       maxFi=   2.2178102059751490E-003  maxFj=   3.4549612932696771E-003  Fi(21,1,1)=   0.0000000000000000       Fi(21,21,1)=   0.0000000000000000       Fi(41,21,1)=   0.0000000000000000     
   DBG div max=   1.9748201669123468E-003  res_p=   1.9748201669123468E-003
   SIMPLE iter           2  res_p=   1.9748201669123468E-003  u(1,1,1)= -0.18099069690556741       p(1,1,1)=   2045.9924418200958     
   DBG iter           3  maxU2=   30.000000000000000       maxFi=   1.6443044215973365E-003  maxFj=   9.6558835515443003E-003  Fi(21,1,1)=   0.0000000000000000       Fi(21,21,1)=   0.0000000000000000       Fi(41,21,1)=   0.0000000000000000     
   DBG div max=   1.8353686355097321E-003  res_p=   1.8353686355097321E-003
   SIMPLE iter           3  res_p=   1.8353686355097321E-003  u(1,1,1)= -0.19535965396962529       p(1,1,1)=   2045.9923429697330     
   SIMPLE iter           4  res_p=   1.0087223554002189E-003  u(1,1,1)= -0.16623697511785623       p(1,1,1)=   2045.9931302974605     
   SIMPLE iter           5  res_p=   1.0858009945733148E-003  u(1,1,1)= -0.15336264731514324       p(1,1,1)=   2045.9948922410317     
 DEBUG T iter          50 min   107.00531461587460      max   214.86914842161383     
 Low-speed solver Block           1  SIMPLE iterations:          61  res_p:   3.7333043316279454E-005
 --------------Force and Moment -----------------------------
 Total Force Coefficient (CL, CD, CS) =
  -1.8199450545857997E-002   1.5005784842287741E-002  -1.5929290611499009E-021
 Total Moment Coefficient(CMx, CMy, CMz)=
   4.5498626364644992E-003   3.7514462105719352E-003  -8.4259405073559869E-003
 Kstep, t=         143   143.00000000000000     
 ----------The Max Residuals are--------  ---Mesh---           1
    0.1604049412E-02    0.1574487305E-02    0.9625392688E-03    0.3388074920E-19    0.1434543028E-02
   The R.M.S Residuals are 
    0.3930661493E-04    0.3845451362E-04    0.2052803051E-04    0.4199998797E-20    0.3318017006E-04
 CPU wall time in this step:  0.10147585200000009     
 Averaged CPU wall time is:  0.11022924256643357     
   DBG iter           1  maxU2=   30.000000000000000       maxFi=   6.2879429701747386E-003  maxFj=   1.3616014320367784E-002  Fi(21,1,1)=   0.0000000000000000       Fi(21,21,1)=   0.0000000000000000       Fi(41,21,1)=   0.0000000000000000     
   DBG div max=   3.8960002229438467E-003  res_p=   3.8960002229438467E-003
   SIMPLE iter           1  res_p=   3.8960002229438467E-003  u(1,1,1)=  -4.1641368443493094E-002  p(1,1,1)=   2045.9705146983438     
   DBG iter           2  maxU2=   30.000000000000000       maxFi=   2.2178102059751425E-003  maxFj=   3.4549612932696628E-003  Fi(21,1,1)=   0.0000000000000000       Fi(21,21,1)=   0.0000000000000000       Fi(41,21,1)=   0.0000000000000000     
   DBG div max=   1.9748201669124929E-003  res_p=   1.9748201669124929E-003
   SIMPLE iter           2  res_p=   1.9748201669124929E-003  u(1,1,1)= -0.18099069690556982       p(1,1,1)=   2045.9924418200958     
   DBG iter           3  maxU2=   30.000000000000000       maxFi=   1.6443044215968890E-003  maxFj=   9.6558835515444356E-003  Fi(21,1,1)=   0.0000000000000000       Fi(21,21,1)=   0.0000000000000000       Fi(41,21,1)=   0.0000000000000000     
   DBG div max=   1.8353686355097416E-003  res_p=   1.8353686355097416E-003
   SIMPLE iter           3  res_p=   1.8353686355097416E-003  u(1,1,1)= -0.19535965396962585       p(1,1,1)=   2045.9923429697330     
   SIMPLE iter           4  res_p=   1.0087223554002484E-003  u(1,1,1)= -0.16623697511785665       p(1,1,1)=   2045.9931302974605     
   SIMPLE iter           5  res_p=   1.0858009945733903E-003  u(1,1,1)= -0.15336264731514343       p(1,1,1)=   2045.9948922410317     
 DEBUG T iter          50 min   107.00531432035189      max   214.86249340866488     
 Low-speed solver Block           1  SIMPLE iterations:          61  res_p:   3.7333043316506703E-005
 --------------Force and Moment -----------------------------
 Total Force Coefficient (CL, CD, CS) =
  -1.8082719165445956E-002   1.4913989766153336E-002  -1.7192635541919581E-021
 Total Moment Coefficient(CMx, CMy, CMz)=
   4.5206797913614882E-003   3.7284974415383340E-003  -8.3718771392758389E-003
 Kstep, t=         144   144.00000000000000     
 ----------The Max Residuals are--------  ---Mesh---           1
    0.1607553563E-02    0.1568578406E-02    0.1005215561E-02    0.4065681568E-19    0.1448834026E-02
   The R.M.S Residuals are 
    0.3883940957E-04    0.3797589053E-04    0.2036728600E-04    0.4217155549E-20    0.3278879646E-04
 CPU wall time in this step:   9.9651653999998757E-002
 Averaged CPU wall time is:  0.11015578709027778     
   DBG iter           1  maxU2=   30.000000000000000       maxFi=   6.2879429701747404E-003  maxFj=   1.3616014320367787E-002  Fi(21,1,1)=   0.0000000000000000       Fi(21,21,1)=   0.0000000000000000       Fi(41,21,1)=   0.0000000000000000     
   DBG div max=   3.8960002229470663E-003  res_p=   3.8960002229470663E-003
   SIMPLE iter           1  res_p=   3.8960002229470663E-003  u(1,1,1)=  -4.1641368443492616E-002  p(1,1,1)=   2045.9705146983438     
   DBG iter           2  maxU2=   30.000000000000000       maxFi=   2.2178102059751494E-003  maxFj=   3.4549612932696775E-003  Fi(21,1,1)=   0.0000000000000000       Fi(21,21,1)=   0.0000000000000000       Fi(41,21,1)=   0.0000000000000000     
   DBG div max=   1.9748201669123481E-003  res_p=   1.9748201669123481E-003
   SIMPLE iter           2  res_p=   1.9748201669123481E-003  u(1,1,1)= -0.18099069690556951       p(1,1,1)=   2045.9924418200958     
   DBG iter           3  maxU2=   30.000000000000000       maxFi=   1.6443044215973370E-003  maxFj=   9.6558835515443038E-003  Fi(21,1,1)=   0.0000000000000000       Fi(21,21,1)=   0.0000000000000000       Fi(41,21,1)=   0.0000000000000000     
   DBG div max=   1.8353686355097338E-003  res_p=   1.8353686355097338E-003
   SIMPLE iter           3  res_p=   1.8353686355097338E-003  u(1,1,1)= -0.19535965396962601       p(1,1,1)=   2045.9923429697330     
   SIMPLE iter           4  res_p=   1.0087223554002167E-003  u(1,1,1)= -0.16623697511785676       p(1,1,1)=   2045.9931302974605     
   SIMPLE iter           5  res_p=   1.0858009945733122E-003  u(1,1,1)= -0.15336264731514346       p(1,1,1)=   2045.9948922410317     
 DEBUG T iter          50 min   107.00531400426199      max   214.85543095532068     
 Low-speed solver Block           1  SIMPLE iterations:          61  res_p:   3.7333043316281622E-005
 --------------Force and Moment -----------------------------
 Total Force Coefficient (CL, CD, CS) =
  -1.7966961831969275E-002   1.4823224414979738E-002  -1.1826770173090917E-021
 Total Moment Coefficient(CMx, CMy, CMz)=
   4.4917404579923187E-003   3.7058061037449344E-003  -8.3182642868842738E-003
 Kstep, t=         145   145.00000000000000     
 ----------The Max Residuals are--------  ---Mesh---           1
    0.1559164424E-02    0.1510172020E-02    0.1016682364E-02    0.4065847327E-19    0.1414335273E-02
   The R.M.S Residuals are 
    0.3834556660E-04    0.3747070152E-04    0.2018249431E-04    0.4201934247E-20    0.3236838262E-04
 CPU wall time in this step:  0.10860469700000053     
 Averaged CPU wall time is:  0.11014508991724138     
   DBG iter           1  maxU2=   30.000000000000000       maxFi=   6.2879429701747378E-003  maxFj=   1.3616014320367789E-002  Fi(21,1,1)=   0.0000000000000000       Fi(21,21,1)=   0.0000000000000000       Fi(41,21,1)=   0.0000000000000000     
   DBG div max=   3.8960002229438476E-003  res_p=   3.8960002229438476E-003
   SIMPLE iter           1  res_p=   3.8960002229438476E-003  u(1,1,1)=  -4.1641368443492879E-002  p(1,1,1)=   2045.9705146983438     
   DBG iter           2  maxU2=   30.000000000000000       maxFi=   2.2178102059751438E-003  maxFj=   3.4549612932696671E-003  Fi(21,1,1)=   0.0000000000000000       Fi(21,21,1)=   0.0000000000000000       Fi(41,21,1)=   0.0000000000000000     
   DBG div max=   1.9748201669124938E-003  res_p=   1.9748201669124938E-003
   SIMPLE iter           2  res_p=   1.9748201669124938E-003  u(1,1,1)= -0.18099069690556960       p(1,1,1)=   2045.9924418200958     
   DBG iter           3  maxU2=   30.000000000000000       maxFi=   1.6443044215968840E-003  maxFj=   9.6558835515444270E-003  Fi(21,1,1)=   0.0000000000000000       Fi(21,21,1)=   0.0000000000000000       Fi(41,21,1)=   0.0000000000000000     
   DBG div max=   1.8353686355097321E-003  res_p=   1.8353686355097321E-003
   SIMPLE iter           3  res_p=   1.8353686355097321E-003  u(1,1,1)= -0.19535965396962557       p(1,1,1)=   2045.9923429697330     
   SIMPLE iter           4  res_p=   1.0087223554002462E-003  u(1,1,1)= -0.16623697511785657       p(1,1,1)=   2045.9931302974605     
   SIMPLE iter           5  res_p=   1.0858009945733825E-003  u(1,1,1)= -0.15336264731514329       p(1,1,1)=   2045.9948922410317     
 DEBUG T iter          50 min   107.00531366810640      max   214.84797086270376     
 Low-speed solver Block           1  SIMPLE iterations:          61  res_p:   3.7333043316234785E-005
 --------------Force and Moment -----------------------------
 Total Force Coefficient (CL, CD, CS) =
  -1.7852172976321537E-002   1.4733472158064916E-002  -1.1526836954421290E-021
 Total Moment Coefficient(CMx, CMy, CMz)=
   4.4630432440803834E-003   3.6833680395162291E-003  -8.2650993536256094E-003
 Kstep, t=         146   146.00000000000000     
 ----------The Max Residuals are--------  ---Mesh---           1
    0.1463060839E-02    0.1403905203E-02    0.9962054962E-03    0.5082338563E-19    0.1333479471E-02
   The R.M.S Residuals are 
    0.3785766195E-04    0.3697174677E-04    0.1999132479E-04    0.4154857721E-20    0.3194804521E-04
 CPU wall time in this step:  0.10261394500000165     
 Averaged CPU wall time is:  0.11009350673287673     
   DBG iter           1  maxU2=   30.000000000000000       maxFi=   6.2879429701747343E-003  maxFj=   1.3616014320367787E-002  Fi(21,1,1)=   0.0000000000000000       Fi(21,21,1)=   0.0000000000000000       Fi(41,21,1)=   0.0000000000000000     
   DBG div max=   3.8960002229438653E-003  res_p=   3.8960002229438653E-003
   SIMPLE iter           1  res_p=   3.8960002229438653E-003  u(1,1,1)=  -4.1641368443484879E-002  p(1,1,1)=   2045.9705146983438     
   DBG iter           2  maxU2=   30.000000000000000       maxFi=   2.2178102059751434E-003  maxFj=   3.4549612932695240E-003  Fi(21,1,1)=   0.0000000000000000       Fi(21,21,1)=   0.0000000000000000       Fi(41,21,1)=   0.0000000000000000     
   DBG div max=   1.9748201669125588E-003  res_p=   1.9748201669125588E-003
   SIMPLE iter           2  res_p=   1.9748201669125588E-003  u(1,1,1)= -0.18099069690556285       p(1,1,1)=   2045.9924418200958     
   DBG iter           3  maxU2=   30.000000000000000       maxFi=   1.6443044215968912E-003  maxFj=   9.6558835515444183E-003  Fi(21,1,1)=   0.0000000000000000       Fi(21,21,1)=   0.0000000000000000       Fi(41,21,1)=   0.0000000000000000     
   DBG div max=   1.8353686355097347E-003  res_p=   1.8353686355097347E-003
   SIMPLE iter           3  res_p=   1.8353686355097347E-003  u(1,1,1)= -0.19535965396961924       p(1,1,1)=   2045.9923429697330     
   SIMPLE iter           4  res_p=   1.0087223554002458E-003  u(1,1,1)= -0.16623697511784702       p(1,1,1)=   2045.9931302974605     
   SIMPLE iter           5  res_p=   1.0858009945733868E-003  u(1,1,1)= -0.15336264731513199       p(1,1,1)=   2045.9948922410317     
 DEBUG T iter          50 min   107.00531331237013      max   214.84012266370178     
 Low-speed solver Block           1  SIMPLE iterations:          61  res_p:   3.7333043316251265E-005
 --------------Force and Moment -----------------------------
 Total Force Coefficient (CL, CD, CS) =
  -1.7738346951760499E-002   1.4644716724627025E-002  -1.2906879392546104E-021
 Total Moment Coefficient(CMx, CMy, CMz)=
   4.4345867379401247E-003   3.6611791811567563E-003  -8.2123797062864014E-003
 Kstep, t=         147   147.00000000000000     
 ----------The Max Residuals are--------  ---Mesh---           1
    0.1531296364E-02    0.1489598267E-02    0.9466453064E-03    0.6098727693E-19    0.1318865878E-02
   The R.M.S Residuals are 
    0.3738894095E-04    0.3649237082E-04    0.1980387859E-04    0.4133930231E-20    0.3154328367E-04
 CPU wall time in this step:   9.9198713999999910E-002
 Averaged CPU wall time is:  0.11001939249659864     
   DBG iter           1  maxU2=   30.000000000000000       maxFi=   6.2879429701747369E-003  maxFj=   1.3616014320367787E-002  Fi(21,1,1)=   0.0000000000000000       Fi(21,21,1)=   0.0000000000000000       Fi(41,21,1)=   0.0000000000000000     
   DBG div max=   3.8960002229438844E-003  res_p=   3.8960002229438844E-003
   SIMPLE iter           1  res_p=   3.8960002229438844E-003  u(1,1,1)=  -4.1641368443493136E-002  p(1,1,1)=   2045.9705146983438     
   DBG iter           2  maxU2=   30.000000000000000       maxFi=   2.2178102059751447E-003  maxFj=   3.4549612932694182E-003  Fi(21,1,1)=   0.0000000000000000       Fi(21,21,1)=   0.0000000000000000       Fi(41,21,1)=   0.0000000000000000     
   DBG div max=   1.9748201669124868E-003  res_p=   1.9748201669124868E-003
   SIMPLE iter           2  res_p=   1.9748201669124868E-003  u(1,1,1)= -0.18099069690556566       p(1,1,1)=   2045.9924418200958     
   DBG iter           3  maxU2=   30.000000000000000       maxFi=   1.6443044215973051E-003  maxFj=   9.6558835515443003E-003  Fi(21,1,1)=   0.0000000000000000       Fi(21,21,1)=   0.0000000000000000       Fi(41,21,1)=   0.0000000000000000     
   DBG div max=   1.8353686355097295E-003  res_p=   1.8353686355097295E-003
   SIMPLE iter           3  res_p=   1.8353686355097295E-003  u(1,1,1)= -0.19535965396961916       p(1,1,1)=   2045.9923429697330     
   SIMPLE iter           4  res_p=   1.0087223554002206E-003  u(1,1,1)= -0.16623697511785224       p(1,1,1)=   2045.9931302974605     
   SIMPLE iter           5  res_p=   1.0858009945733027E-003  u(1,1,1)= -0.15336264731513841       p(1,1,1)=   2045.9948922410317     
 DEBUG T iter          50 min   107.00531293752236      max   214.83189563254643     
 Low-speed solver Block           1  SIMPLE iterations:          61  res_p:   3.7333043316231315E-005
 --------------Force and Moment -----------------------------
 Total Force Coefficient (CL, CD, CS) =
  -1.7625478035087030E-002   1.4556942192904283E-002  -1.9117881533915298E-021
 Total Moment Coefficient(CMx, CMy, CMz)=
   4.4063695087717585E-003   3.6392355482260707E-003  -8.1601026755112379E-003
 Kstep, t=         148   148.00000000000000     
 ----------The Max Residuals are--------  ---Mesh---           1
    0.1628958552E-02    0.1576911764E-02    0.9362952479E-03    0.3049335412E-19    0.1414342926E-02
   The R.M.S Residuals are 
    0.3692371859E-04    0.3601710421E-04    0.1961771837E-04    0.3963804133E-20    0.3114508793E-04
 CPU wall time in this step:   9.9630062999999325E-002
 Averaged CPU wall time is:  0.10994919432432433     
   DBG iter           1  maxU2=   30.000000000000000       maxFi=   6.2879429701747343E-003  maxFj=   1.3616014320367777E-002  Fi(21,1,1)=   0.0000000000000000       Fi(21,21,1)=   0.0000000000000000       Fi(41,21,1)=   0.0000000000000000     
   DBG div max=   3.8960002229438818E-003  res_p=   3.8960002229438818E-003
   SIMPLE iter           1  res_p=   3.8960002229438818E-003  u(1,1,1)=  -4.1641368443492560E-002  p(1,1,1)=   2045.9705146983438     
   DBG iter           2  maxU2=   30.000000000000000       maxFi=   2.2178102059751880E-003  maxFj=   3.4549612932695179E-003  Fi(21,1,1)=   0.0000000000000000       Fi(21,21,1)=   0.0000000000000000       Fi(41,21,1)=   0.0000000000000000     
   DBG div max=   1.9748201669125289E-003  res_p=   1.9748201669125289E-003
   SIMPLE iter           2  res_p=   1.9748201669125289E-003  u(1,1,1)= -0.18099069690556685       p(1,1,1)=   2045.9924418200958     
   DBG iter           3  maxU2=   30.000000000000000       maxFi=   1.6443044215968834E-003  maxFj=   9.6558835515444114E-003  Fi(21,1,1)=   0.0000000000000000       Fi(21,21,1)=   0.0000000000000000       Fi(41,21,1)=   0.0000000000000000     
   DBG div max=   1.8353686355097373E-003  res_p=   1.8353686355097373E-003
   SIMPLE iter           3  res_p=   1.8353686355097373E-003  u(1,1,1)= -0.19535965396962035       p(1,1,1)=   2045.9923429697330     
   SIMPLE iter           4  res_p=   1.0087223554002449E-003  u(1,1,1)= -0.16623697511785121       p(1,1,1)=   2045.9931302974605     
   SIMPLE iter           5  res_p=   1.0858009945733981E-003  u(1,1,1)= -0.15336264731513663       p(1,1,1)=   2045.9948922410317     
 DEBUG T iter          50 min   107.00531254401655      max   214.82329879419899     
 Low-speed solver Block           1  SIMPLE iterations:          61  res_p:   3.7333043316506269E-005
 --------------Force and Moment -----------------------------
 Total Force Coefficient (CL, CD, CS) =
  -1.7513560428097846E-002   1.4470132979718050E-002  -2.1547597178676769E-021
 Total Moment Coefficient(CMx, CMy, CMz)=
   4.3783901070244616E-003   3.6175332449295125E-003  -8.1082655564436081E-003
 Kstep, t=         149   149.00000000000000     
 ----------The Max Residuals are--------  ---Mesh---           1
    0.1682457648E-02    0.1618752713E-02    0.1005323006E-02    0.4065839081E-19    0.1470822976E-02
   The R.M.S Residuals are 
    0.3642751385E-04    0.3551144537E-04    0.1941815536E-04    0.4101821195E-20    0.3072416447E-04
 CPU wall time in this step:  0.10016995299999820     
 Averaged CPU wall time is:  0.10988356183221476     
   DBG iter           1  maxU2=   30.000000000000000       maxFi=   6.2879429701747412E-003  maxFj=   1.3616014320367784E-002  Fi(21,1,1)=   0.0000000000000000       Fi(21,21,1)=   0.0000000000000000       Fi(41,21,1)=   0.0000000000000000     
   DBG div max=   3.8960002229470620E-003  res_p=   3.8960002229470620E-003
   SIMPLE iter           1  res_p=   3.8960002229470620E-003  u(1,1,1)=  -4.1641368443482055E-002  p(1,1,1)=   2045.9705146983438     
   DBG iter           2  maxU2=   30.000000000000000       maxFi=   2.2178102059751408E-003  maxFj=   3.4549612932696628E-003  Fi(21,1,1)=   0.0000000000000000       Fi(21,21,1)=   0.0000000000000000       Fi(41,21,1)=   0.0000000000000000     
   DBG div max=   1.9748201669123906E-003  res_p=   1.9748201669123906E-003
   SIMPLE iter           2  res_p=   1.9748201669123906E-003  u(1,1,1)= -0.18099069690556363       p(1,1,1)=   2045.9924418200958     
   DBG iter           3  maxU2=   30.000000000000000       maxFi=   1.6443044215973342E-003  maxFj=   9.6558835515442986E-003  Fi(21,1,1)=   0.0000000000000000       Fi(21,21,1)=   0.0000000000000000       Fi(41,21,1)=   0.0000000000000000     
   DBG div max=   1.8353686355097303E-003  res_p=   1.8353686355097303E-003
   SIMPLE iter           3  res_p=   1.8353686355097303E-003  u(1,1,1)= -0.19535965396963523       p(1,1,1)=   2045.9923429697330     
   SIMPLE iter           4  res_p=   1.0087223554002241E-003  u(1,1,1)= -0.16623697511785629       p(1,1,1)=   2045.9931302974605     
   SIMPLE iter           5  res_p=   1.0858009945733148E-003  u(1,1,1)= -0.15336264731513810       p(1,1,1)=   2045.9948922410317     
 DEBUG T iter          50 min   107.00531213229084      max   214.81434093356592     
 Low-speed solver Block           1  SIMPLE iterations:          61  res_p:   3.7333043316063047E-005
 --------------Force and Moment -----------------------------
 Total Force Coefficient (CL, CD, CS) =
  -1.7402588259291332E-002   1.4384273830475757E-002  -2.3719694225241852E-021
 Total Moment Coefficient(CMx, CMy, CMz)=
   4.3506470648228320E-003   3.5960684576189393E-003  -8.0568656094820237E-003
 Kstep, t=         150   150.00000000000000     
 ----------The Max Residuals are--------  ---Mesh---           1
    0.1683955401E-02    0.1607127843E-02    0.1046367068E-02    0.4404600083E-19    0.1479382104E-02
   The R.M.S Residuals are 
    0.3587524662E-04    0.3494936307E-04    0.1919145390E-04    0.4120296354E-20    0.3025491597E-04
 write flow3d.dat ......
 write flow3d.dat OK
 write VTK files ......
 write merged flow3d.vtk OK: points=       18406  cells=        8760
 write VTK files OK
