nohup: ignoring input
 ----------------- OpenCFD-EC3D ver 1.14a (MPI-OpenMP version)------------------
         Copyright by Li Xinliang, lixl@imech.ac.cn                            
         Programming by Li Xinliang  2016-1                                   
 ----------------------------------------------------------------------------- 
 Check if Multi-Grid can be used ...
 Total Block number is            2 Total Cell number is         9600
 Check multigrid OK
 can not find partation.dat,  create partation ...
 Partation ......
 Total Cell number=        9600
 Total Grid number=       19724
 Max grid number is        19724  ... rato to mean grid is   1.0000000000000000     
 Min grid number is        19724  ... rato to mean grid is   1.0000000000000000     
 rato max to min is    1.0000000000000000     
 Read material.in OK, Total_block=           2
   Block           1 : Block_type=           0  rho=   0.0000000000000000       Cp=   0.0000000000000000       k=   0.0000000000000000     
   Block           2 : Block_type=           1  rho=   7800.0000000000000       Cp=   460.00000000000000       k=   50.000000000000000     
 porous.inp not found: porous blocks use defaults (eps=0.9, dp=1e-3 m, hv=0)
 creat main mesh OK, Num_Cell=        9600
  read main mesh ...
 read Mesh3d.dat OK
 Convert bc3d.inp to bc3d.inc ...
 Convert bc3d.inp to bc3d.inc OK
 read bc3d.inc (Link/boundary file)......
 read bc3d.inc OK
 Convert bc3d_interface.inp to bc3d_interface.inc ...
 Convert bc3d_interface.inp to bc3d_interface.inc OK
 read bc3d_interface.inc (Interface link file)......
 read bc3d_interface.inc OK
 Read solid_bc.inp OK
   Block           2  (solid):           1  thermal BC faces
     face           5  Tw=   300.00000000000000       Qw=   0.0000000000000000     
  Need not read wall_dist.dat 
 No FDM.in, Donot use hybrid FVM/FDM
 my_id, block_no, FDM, FD_Flux, FD_Scheme=           0           1           0
 my_id, block_no, FDM, FD_Flux, FD_Scheme=           0           2           0
 comput Jocabian OK ...
 Check mesh quality ......
 Check mesh quality OK
 Initial by Free-stream flow ......
  Start ......
  Staggered segmented coupling mode (Iflag_Couple_Scheme=1) ...
  run_staggered_multiregion: block types F/L/S/P = T F T F
  run_staggered_multiregion: pairs 11/12/13/19 = T F F F
  run_staggered_fluid_solid(paircode=          11 ): solid block           2  fluid block           1  Kstep_Couple_Comp=         200  Niter_Couple_Outer=           3  Twall_Couple_Init=   300.00000000000000     
  outer iter           1 : flow chunk steps =         200
 --------------Force and Moment -----------------------------
 Total Force Coefficient (CL, CD, CS) =
   9.6484802394271513E-002   2.0000000000000000        0.0000000000000000     
 Total Moment Coefficient(CMx, CMy, CMz)=
  -2.4121200598567878E-002  0.50000000000000000        7.5903022515687951E-002
 Kstep, t=           1   1.0000000000000000     
 ----------The Max Residuals are--------  ---Mesh---           1
    0.9765612572E-10    0.1250000010E-01    0.4983016127E-06    0.3388131789E-20    0.2790178671E-02
   The R.M.S Residuals are 
    0.8914743823E-11    0.1141088666E-02    0.7192364256E-08    0.3618329087E-21    0.1801052588E-03
 --------------Force and Moment -----------------------------
 Total Force Coefficient (CL, CD, CS) =
  -3.0122498652071793E-002   1.7520250579273420       -6.0724521280357674E-020
 Total Moment Coefficient(CMx, CMy, CMz)=
   7.5306246630179458E-003  0.43800626448183549        1.7314135801201678E-003
 Kstep, t=           2   2.0000000000000000     
 ----------The Max Residuals are--------  ---Mesh---           1
    0.1160254428E-03    0.9688301656E-02    0.2733897160E-03    0.1010677384E-19    0.5686803274E-02
   The R.M.S Residuals are 
    0.1077965891E-04    0.8634308291E-03    0.3024717997E-04    0.1360897385E-20    0.3873885351E-03
 --------------Force and Moment -----------------------------
 Total Force Coefficient (CL, CD, CS) =
  -5.2881899319559340E-002   1.2993865610453283       -2.2966099478987789E-021
 Total Moment Coefficient(CMx, CMy, CMz)=
   1.3220474829889852E-002  0.32484664026133209       -1.2046554667954261E-002
 Kstep, t=           3   3.0000000000000000     
 ----------The Max Residuals are--------  ---Mesh---           1
    0.1512071290E-03    0.6131310000E-02    0.2545844179E-03    0.9775975908E-20    0.4681572526E-02
   The R.M.S Residuals are 
    0.1230949032E-04    0.5447846403E-03    0.2661778368E-04    0.1713011599E-20    0.3192997784E-03
 --------------Force and Moment -----------------------------
 Total Force Coefficient (CL, CD, CS) =
  -5.3112147078599750E-002  0.97054632682110809        3.5725976548101831E-020
 Total Moment Coefficient(CMx, CMy, CMz)=
   1.3278036769649927E-002  0.24263658170527702       -1.2299460854179741E-002
 Kstep, t=           4   4.0000000000000000     
 ----------The Max Residuals are--------  ---Mesh---           1
    0.1712091313E-03    0.3684817584E-02    0.1993402682E-03    0.1129943752E-19    0.3239652478E-02
   The R.M.S Residuals are 
    0.1345774297E-04    0.3464661337E-03    0.2348999249E-04    0.1934685452E-20    0.2341964248E-03
 --------------Force and Moment -----------------------------
 Total Force Coefficient (CL, CD, CS) =
  -4.8526968614180002E-002  0.75619419489717765       -2.0511735827004345E-020
 Total Moment Coefficient(CMx, CMy, CMz)=
   1.2131742153544995E-002  0.18904854872429441       -9.6441380079829858E-003
 Kstep, t=           5   5.0000000000000000     
 ----------The Max Residuals are--------  ---Mesh---           1
    0.1800393396E-03    0.2175131369E-02    0.1847525327E-03    0.1119171491E-19    0.2093372062E-02
   The R.M.S Residuals are 
    0.1404751643E-04    0.2395180448E-03    0.2157862354E-04    0.1845193250E-20    0.1741206125E-03
 --------------Force and Moment -----------------------------
 Total Force Coefficient (CL, CD, CS) =
  -4.4538603822667722E-002  0.61841679716349618       -1.5601654906872892E-020
 Total Moment Coefficient(CMx, CMy, CMz)=
   1.1134650955666925E-002  0.15460419929087404       -7.3557693142725497E-003
 Kstep, t=           6   6.0000000000000000     
 ----------The Max Residuals are--------  ---Mesh---           1
    0.1800236538E-03    0.1659696104E-02    0.1643573878E-03    0.1096979787E-19    0.1364470609E-02
   The R.M.S Residuals are 
    0.1521115212E-04    0.1851086735E-03    0.2061069994E-04    0.1918601991E-20    0.1383934195E-03
 --------------Force and Moment -----------------------------
 Total Force Coefficient (CL, CD, CS) =
  -4.1942732662980285E-002  0.52799383680577527        1.2376997223327163E-020
 Total Moment Coefficient(CMx, CMy, CMz)=
   1.0485683165745077E-002  0.13199845920144382       -5.8928539612867386E-003
 Kstep, t=           7   7.0000000000000000     
 ----------The Max Residuals are--------  ---Mesh---           1
    0.1758060505E-03    0.1498541218E-02    0.1469862524E-03    0.1092991225E-19    0.1207294427E-02
   The R.M.S Residuals are 
    0.1633186410E-04    0.1557809735E-03    0.1984420752E-04    0.1946953364E-20    0.1167830016E-03
 --------------Force and Moment -----------------------------
 Total Force Coefficient (CL, CD, CS) =
  -3.9680890678898184E-002  0.46609905665269757        5.0187483242843864E-020
 Total Moment Coefficient(CMx, CMy, CMz)=
   9.9202226697245547E-003  0.11652476416317439       -4.5304058283287705E-003
 Kstep, t=           8   8.0000000000000000     
 ----------The Max Residuals are--------  ---Mesh---           1
    0.1711570384E-03    0.1330526350E-02    0.1431057515E-03    0.1149832750E-19    0.1010479541E-02
   The R.M.S Residuals are 
    0.1711885794E-04    0.1372091070E-03    0.1925190024E-04    0.2129564403E-20    0.1012257461E-03
 --------------Force and Moment -----------------------------
 Total Force Coefficient (CL, CD, CS) =
  -3.7661959374812967E-002  0.42173420669684247        4.5049486030877711E-020
 Total Moment Coefficient(CMx, CMy, CMz)=
   9.4154898437032175E-003  0.10543355167421062       -3.2592043150360440E-003
 Kstep, t=           9   9.0000000000000000     
 ----------The Max Residuals are--------  ---Mesh---           1
    0.1667789821E-03    0.1170184318E-02    0.1374405365E-03    0.1289540971E-19    0.8225060799E-03
   The R.M.S Residuals are 
    0.1741417701E-04    0.1236404352E-03    0.1882291246E-04    0.1979978104E-20    0.8977629796E-04
 --------------Force and Moment -----------------------------
 Total Force Coefficient (CL, CD, CS) =
  -3.6117460551590208E-002  0.38840777463590193        1.5304628210900953E-020
 Total Moment Coefficient(CMx, CMy, CMz)=
   9.0293651378975468E-003   9.7101943658975481E-002  -2.2849069822410348E-003
 Kstep, t=          10   10.000000000000000     
 ----------The Max Residuals are--------  ---Mesh---           1
    0.1624723077E-03    0.1026068981E-02    0.1238454706E-03    0.1084060744E-19    0.6828448683E-03
   The R.M.S Residuals are 
    0.1789097883E-04    0.1129937245E-03    0.1825864200E-04    0.1976877764E-20    0.8127282888E-04
 --------------Force and Moment -----------------------------
 Total Force Coefficient (CL, CD, CS) =
  -3.4787913291246704E-002  0.36229371532302396       -1.1168294630248765E-020
 Total Moment Coefficient(CMx, CMy, CMz)=
   8.6969783228116639E-003   9.0573428830755989E-002  -1.4376803696687808E-003
 Kstep, t=          11   11.000000000000000     
 ----------The Max Residuals are--------  ---Mesh---           1
    0.1582729847E-03    0.9007920917E-03    0.1219828206E-03    0.1029532515E-19    0.6151737167E-03
   The R.M.S Residuals are 
    0.1839430905E-04    0.1042780538E-03    0.1773226617E-04    0.2077243449E-20    0.7449946968E-04
 --------------Force and Moment -----------------------------
 Total Force Coefficient (CL, CD, CS) =
  -3.3615927156988065E-002  0.34107172481711889        4.5197515827546637E-021
 Total Moment Coefficient(CMx, CMy, CMz)=
   8.4039817892470354E-003   8.5267931204279723E-002  -6.9580785872437806E-004
 Kstep, t=          12   12.000000000000000     
 ----------The Max Residuals are--------  ---Mesh---           1
    0.1543273908E-03    0.7938391590E-03    0.1175395857E-03    0.1096138712E-19    0.5580238853E-03
   The R.M.S Residuals are 
    0.1896242196E-04    0.9703388349E-04    0.1730619779E-04    0.2114978615E-20    0.6913970134E-04
 --------------Force and Moment -----------------------------
 Total Force Coefficient (CL, CD, CS) =
  -3.2602656321061192E-002  0.32330334985607745       -7.2448839282891221E-021
 Total Moment Coefficient(CMx, CMy, CMz)=
   8.1506640802652911E-003   8.0825837464019362E-002  -7.0007458472341277E-005
 Kstep, t=          13   13.000000000000000     
 ----------The Max Residuals are--------  ---Mesh---           1
    0.1507306372E-03    0.7034069920E-03    0.1108452861E-03    0.1247794199E-19    0.5083493004E-03
   The R.M.S Residuals are 
    0.1955914276E-04    0.9092924295E-04    0.1687718083E-04    0.2169123912E-20    0.6481195761E-04
 --------------Force and Moment -----------------------------
 Total Force Coefficient (CL, CD, CS) =
  -3.1734864108728431E-002  0.30807466287422075       -1.5143458182094162E-020
 Total Moment Coefficient(CMx, CMy, CMz)=
   7.9337160271821076E-003   7.7018665718555188E-002   4.4802121184670673E-004
 Kstep, t=          14   14.000000000000000     
 ----------The Max Residuals are--------  ---Mesh---           1
    0.1474513136E-03    0.6632317229E-03    0.1068785924E-03    0.1131627991E-19    0.4619727283E-03
   The R.M.S Residuals are 
    0.2012032051E-04    0.8570132771E-04    0.1649516029E-04    0.2179061578E-20    0.6113907006E-04
 --------------Force and Moment -----------------------------
 Total Force Coefficient (CL, CD, CS) =
  -3.0995300940764678E-002  0.29478973208561071       -6.4183173582197596E-021
 Total Moment Coefficient(CMx, CMy, CMz)=
   7.7488252351911487E-003   7.3697433021402678E-002   8.7133342269206545E-004
 Kstep, t=          15   15.000000000000000     
 ----------The Max Residuals are--------  ---Mesh---           1
    0.1444066639E-03    0.6243819827E-03    0.1042755355E-03    0.1301403323E-19    0.4185681385E-03
   The R.M.S Residuals are 
    0.2067675226E-04    0.8119898416E-04    0.1612836813E-04    0.2198113282E-20    0.5805411393E-04
 --------------Force and Moment -----------------------------
 Total Force Coefficient (CL, CD, CS) =
  -3.0357734330246789E-002  0.28304081493635697        1.0866539219025595E-020
 Total Moment Coefficient(CMx, CMy, CMz)=
   7.5894335825617094E-003   7.0760203734089241E-002   1.2188745824925538E-003
 Kstep, t=          16   16.000000000000000     
 ----------The Max Residuals are--------  ---Mesh---           1
    0.1550473121E-03    0.5876669451E-03    0.9975176749E-04    0.1368411027E-19    0.3791281639E-03
   The R.M.S Residuals are 
    0.2128057583E-04    0.7732577548E-04    0.1576764503E-04    0.2312810623E-20    0.5550085158E-04
 --------------Force and Moment -----------------------------
 Total Force Coefficient (CL, CD, CS) =
  -2.9792258972370443E-002  0.27253550242733610       -2.9553433372623687E-021
 Total Moment Coefficient(CMx, CMy, CMz)=
   7.4480647430926108E-003   6.8133875606834024E-002   1.5120695882579517E-003
 Kstep, t=          17   17.000000000000000     
 ----------The Max Residuals are--------  ---Mesh---           1
    0.1666350163E-03    0.5533532479E-03    0.9558397820E-04    0.1179647441E-19    0.3549971927E-03
   The R.M.S Residuals are 
    0.2186379434E-04    0.7394143268E-04    0.1546347060E-04    0.2307841659E-20    0.5329403203E-04
 --------------Force and Moment -----------------------------
 Total Force Coefficient (CL, CD, CS) =
  -2.9275616934122298E-002  0.26305900826829709        1.1345668370099303E-021
 Total Moment Coefficient(CMx, CMy, CMz)=
   7.3189042335305848E-003   6.5764752067074272E-002   1.7683773796959297E-003
 Kstep, t=          18   18.000000000000000     
 ----------The Max Residuals are--------  ---Mesh---           1
    0.1771409624E-03    0.5212670477E-03    0.9391196401E-04    0.1240551199E-19    0.3368357021E-03
   The R.M.S Residuals are 
    0.2239305010E-04    0.7095267872E-04    0.1520360297E-04    0.2332213357E-20    0.5137021638E-04
 --------------Force and Moment -----------------------------
 Total Force Coefficient (CL, CD, CS) =
  -2.8791523588851807E-002  0.25444813499983127       -2.8713687860202640E-021
 Total Moment Coefficient(CMx, CMy, CMz)=
   7.1978808972129700E-003   6.3612033749957816E-002   2.0004483418975187E-003
 Kstep, t=          19   19.000000000000000     
 ----------The Max Residuals are--------  ---Mesh---           1
    0.1864510379E-03    0.4912692521E-03    0.9119621228E-04    0.1128302790E-19    0.3185254733E-03
   The R.M.S Residuals are 
    0.2286394334E-04    0.6829579001E-04    0.1495791387E-04    0.2388229835E-20    0.4968203129E-04
 --------------Force and Moment -----------------------------
 Total Force Coefficient (CL, CD, CS) =
  -2.8328806241391627E-002  0.24657509423486379        1.1649679887674252E-021
 Total Moment Coefficient(CMx, CMy, CMz)=
   7.0822015603478877E-003   6.1643773558715947E-002   2.2169718782331840E-003
 Kstep, t=          20   20.000000000000000     
 ----------The Max Residuals are--------  ---Mesh---           1
    0.1945395618E-03    0.4633173284E-03    0.8738087025E-04    0.1360205460E-19    0.3008558733E-03
   The R.M.S Residuals are 
    0.2329047340E-04    0.6592579485E-04    0.1471874469E-04    0.2427749506E-20    0.4819018859E-04
 --------------Force and Moment -----------------------------
 Total Force Coefficient (CL, CD, CS) =
  -2.7879989572445422E-002  0.23933770235117305        7.8783738594069148E-021
 Total Moment Coefficient(CMx, CMy, CMz)=
   6.9699973931113580E-003   5.9834425587793262E-002   2.4235556649714754E-003
 Kstep, t=          21   21.000000000000000     
 ----------The Max Residuals are--------  ---Mesh---           1
    0.2014461473E-03    0.4390736885E-03    0.8575891788E-04    0.1327705016E-19    0.2838724673E-03
   The R.M.S Residuals are 
    0.2369254162E-04    0.6381343544E-04    0.1449872814E-04    0.2432263845E-20    0.4689055696E-04
 --------------Force and Moment -----------------------------
 Total Force Coefficient (CL, CD, CS) =
  -2.7440728397574631E-002  0.23265303202663534        1.4279927253302430E-020
 Total Moment Coefficient(CMx, CMy, CMz)=
   6.8601820993936637E-003   5.8163258006658836E-002   2.6234407046728907E-003
 Kstep, t=          22   22.000000000000000     
 ----------The Max Residuals are--------  ---Mesh---           1
    0.2072581170E-03    0.4251507223E-03    0.8378616985E-04    0.1094879429E-19    0.2676527700E-03
   The R.M.S Residuals are 
    0.2404981269E-04    0.6190904228E-04    0.1430561343E-04    0.2456263191E-20    0.4573094621E-04
 --------------Force and Moment -----------------------------
 Total Force Coefficient (CL, CD, CS) =
  -2.7009351748889673E-002  0.22645320421234594        1.2399175712404549E-021
 Total Moment Coefficient(CMx, CMy, CMz)=
   6.7523379372224201E-003   5.6613301053086484E-002   2.8180049079638849E-003
 Kstep, t=          23   23.000000000000000     
 ----------The Max Residuals are--------  ---Mesh---           1
    0.2120954514E-03    0.4112632962E-03    0.8112260909E-04    0.1391530240E-19    0.2522744434E-03
   The R.M.S Residuals are 
    0.2435756988E-04    0.6017952898E-04    0.1412890485E-04    0.2425433840E-20    0.4467819529E-04
 --------------Force and Moment -----------------------------
 Total Force Coefficient (CL, CD, CS) =
  -2.6586003854154418E-002  0.22068188898541694       -8.9091448029384386E-022
 Total Moment Coefficient(CMx, CMy, CMz)=
   6.6465009635385966E-003   5.5170472246354234E-002   3.0072897735853856E-003
 Kstep, t=          24   24.000000000000000     
 ----------The Max Residuals are--------  ---Mesh---           1
    0.2160949199E-03    0.3974636023E-03    0.7900315014E-04    0.1326844070E-19    0.2377438773E-03
   The R.M.S Residuals are 
    0.2462396193E-04    0.5860172751E-04    0.1395318207E-04    0.2414626932E-20    0.4372026076E-04
 --------------Force and Moment -----------------------------
 Total Force Coefficient (CL, CD, CS) =
  -2.6171845230692024E-002  0.21529176585424639        5.1859828119140590E-021
 Total Moment Coefficient(CMx, CMy, CMz)=
   6.5429613076729990E-003   5.3822941463561598E-002   3.1905058279981138E-003
 Kstep, t=          25   25.000000000000000     
 ----------The Max Residuals are--------  ---Mesh---           1
    0.2193950006E-03    0.3838773717E-03    0.7759500198E-04    0.1660982547E-19    0.2291434770E-03
   The R.M.S Residuals are 
    0.2487084792E-04    0.5716667700E-04    0.1377967175E-04    0.2528310782E-20    0.4286564222E-04
 --------------Force and Moment -----------------------------
 Total Force Coefficient (CL, CD, CS) =
  -2.5768483129148118E-002  0.21024266877385567        6.0195878508219314E-021
 Total Moment Coefficient(CMx, CMy, CMz)=
   6.4421207822870329E-003   5.2560667193463917E-002   3.3664384455680766E-003
 Kstep, t=          26   26.000000000000000     
 ----------The Max Residuals are--------  ---Mesh---           1
    0.2221246881E-03    0.3706213111E-03    0.7548853537E-04    0.1252140775E-19    0.2206619243E-03
   The R.M.S Residuals are 
    0.2510216518E-04    0.5585870733E-04    0.1361865192E-04    0.2429442376E-20    0.4210096073E-04
 --------------Force and Moment -----------------------------
 Total Force Coefficient (CL, CD, CS) =
  -2.5377719099255611E-002  0.20550028424400227        4.6630790970231568E-021
 Total Moment Coefficient(CMx, CMy, CMz)=
   6.3444297748139139E-003   5.1375071061000567E-002   3.5337100211489001E-003
 Kstep, t=          27   27.000000000000000     
 ----------The Max Residuals are--------  ---Mesh---           1
    0.2243973195E-03    0.3577710834E-03    0.7323446619E-04    0.1286829836E-19    0.2122061625E-03
   The R.M.S Residuals are 
    0.2530919845E-04    0.5465489166E-04    0.1347098733E-04    0.2553988941E-20    0.4139955147E-04
 --------------Force and Moment -----------------------------
 Total Force Coefficient (CL, CD, CS) =
  -2.5001332179727345E-002  0.20103505233394592       -2.6496492334241198E-021
 Total Moment Coefficient(CMx, CMy, CMz)=
   6.2503330449318268E-003   5.0258763083486480E-002   3.6909620326257366E-003
 Kstep, t=          28   28.000000000000000     
 ----------The Max Residuals are--------  ---Mesh---           1
    0.2263091256E-03    0.3453531293E-03    0.7211868424E-04    0.1324878385E-19    0.2037533790E-03
   The R.M.S Residuals are 
    0.2548954200E-04    0.5353815503E-04    0.1332778765E-04    0.2597408989E-20    0.4074895764E-04
 --------------Force and Moment -----------------------------
 Total Force Coefficient (CL, CD, CS) =
  -2.4640944357122101E-002  0.19682128429611676       -1.6478131118886016E-021
 Total Moment Coefficient(CMx, CMy, CMz)=
   6.1602360892805434E-003   4.9205321074029189E-002   3.8369492984159288E-003
 Kstep, t=          29   29.000000000000000     
 ----------The Max Residuals are--------  ---Mesh---           1
    0.2279415430E-03    0.3333719954E-03    0.7046598175E-04    0.1564108712E-19    0.1953272594E-03
   The R.M.S Residuals are 
    0.2565132371E-04    0.5250109092E-04    0.1318145711E-04    0.2528115357E-20    0.4014898662E-04
 --------------Force and Moment -----------------------------
 Total Force Coefficient (CL, CD, CS) =
  -2.4298031303821258E-002  0.19283657333674881       -2.0262083243346793E-021
 Total Moment Coefficient(CMx, CMy, CMz)=
   6.0745078259553231E-003   4.8209143334187202E-002   3.9705372595819025E-003
 Kstep, t=          30   30.000000000000000     
 ----------The Max Residuals are--------  ---Mesh---           1
    0.2293662729E-03    0.3220138039E-03    0.6828702979E-04    0.1244155897E-19    0.1870262183E-03
   The R.M.S Residuals are 
    0.2581219459E-04    0.5154665842E-04    0.1303808757E-04    0.2562576651E-20    0.3960791310E-04
 --------------Force and Moment -----------------------------
 Total Force Coefficient (CL, CD, CS) =
  -2.3974024643685438E-002  0.18906138284171856       -5.6521320368327405E-021
 Total Moment Coefficient(CMx, CMy, CMz)=
   5.9935061609213578E-003   4.7265345710429639E-002   4.0906551503261408E-003
 Kstep, t=          31   31.000000000000000     
 ----------The Max Residuals are--------  ---Mesh---           1
    0.2306511948E-03    0.3151190069E-03    0.6725630242E-04    0.1291321994E-19    0.1789399560E-03
   The R.M.S Residuals are 
    0.2596970276E-04    0.5066114990E-04    0.1290405320E-04    0.2601977104E-20    0.3910978217E-04
 --------------Force and Moment -----------------------------
 Total Force Coefficient (CL, CD, CS) =
  -2.3670211533061293E-002  0.18547868778169738       -8.4308227675683278E-021
 Total Moment Coefficient(CMx, CMy, CMz)=
   5.9175528832653189E-003   4.6369671945424344E-002   4.1964028547965592E-003
 Kstep, t=          32   32.000000000000000     
 ----------The Max Residuals are--------  ---Mesh---           1
    0.2318605064E-03    0.3081493782E-03    0.6585615276E-04    0.1609314455E-19    0.1711175212E-03
   The R.M.S Residuals are 
    0.2612195098E-04    0.4983232887E-04    0.1277655561E-04    0.2668691526E-20    0.3864454224E-04
 --------------Force and Moment -----------------------------
 Total Force Coefficient (CL, CD, CS) =
  -2.3387172183878653E-002  0.18207347650187045       -1.6788522306706005E-020
 Total Moment Coefficient(CMx, CMy, CMz)=
   5.8467930459696555E-003   4.5518369125467611E-002   4.2874712034861951E-003
 Kstep, t=          33   33.000000000000000     
 ----------The Max Residuals are--------  ---Mesh---           1
    0.2330407925E-03    0.3011433001E-03    0.6395068129E-04    0.1414066550E-19    0.1694142922E-03
   The R.M.S Residuals are 
    0.2627232427E-04    0.4905553564E-04    0.1264892930E-04    0.2684549492E-20    0.3820880787E-04
 --------------Force and Moment -----------------------------
 Total Force Coefficient (CL, CD, CS) =
  -2.3124122032531877E-002  0.17883215600911664       -2.0609697015002741E-020
 Total Moment Coefficient(CMx, CMy, CMz)=
   5.7810305081329692E-003   4.4708039002279161E-002   4.3646103992463908E-003
 Kstep, t=          34   34.000000000000000     
 ----------The Max Residuals are--------  ---Mesh---           1
    0.2342014176E-03    0.2941321248E-03    0.6289287734E-04    0.1255436573E-19    0.1679745222E-03
   The R.M.S Residuals are 
    0.2642771790E-04    0.4833173557E-04    0.1252257812E-04    0.2639988047E-20    0.3780846997E-04
 --------------Force and Moment -----------------------------
 Total Force Coefficient (CL, CD, CS) =
  -2.2878791892834944E-002  0.17574212489270261       -1.0574694070907613E-020
 Total Moment Coefficient(CMx, CMy, CMz)=
   5.7196979732087351E-003   4.3935531223175651E-002   4.4296846338172900E-003
 Kstep, t=          35   35.000000000000000     
 ----------The Max Residuals are--------  ---Mesh---           1
    0.2353110629E-03    0.2871497679E-03    0.6161033856E-04    0.1463370392E-19    0.1662706766E-03
   The R.M.S Residuals are 
    0.2658348681E-04    0.4765478370E-04    0.1240369812E-04    0.2730370575E-20    0.3743971211E-04
 --------------Force and Moment -----------------------------
 Total Force Coefficient (CL, CD, CS) =
  -2.2647930874117653E-002  0.17279165634021765       -1.7503320885861906E-020
 Total Moment Coefficient(CMx, CMy, CMz)=
   5.6619827185294099E-003   4.3197914085054412E-002   4.4852658444779871E-003
 Kstep, t=          36   36.000000000000000     
 ----------The Max Residuals are--------  ---Mesh---           1
    0.2363135014E-03    0.2802279408E-03    0.5989272436E-04    0.1568297768E-19    0.1643583704E-03
   The R.M.S Residuals are 
    0.2672952130E-04    0.4701542299E-04    0.1229241746E-04    0.2743965540E-20    0.3709111683E-04
 --------------Force and Moment -----------------------------
 Total Force Coefficient (CL, CD, CS) =
  -2.2428028382353506E-002  0.16996994760214920       -1.1964901082803568E-020
 Total Moment Coefficient(CMx, CMy, CMz)=
   5.6070070955883729E-003   4.2492486900537300E-002   4.5340725113756190E-003
 Kstep, t=          37   37.000000000000000     
 ----------The Max Residuals are--------  ---Mesh---           1
    0.2371479356E-03    0.2733927326E-03    0.5889895592E-04    0.1344804875E-19    0.1622814660E-03
   The R.M.S Residuals are 
    0.2686145329E-04    0.4640945702E-04    0.1218399971E-04    0.2770330658E-20    0.3675763490E-04
 --------------Force and Moment -----------------------------
 Total Force Coefficient (CL, CD, CS) =
  -2.2215942515357273E-002  0.16726718999696702       -1.3403601833499625E-020
 Total Moment Coefficient(CMx, CMy, CMz)=
   5.5539856288393183E-003   4.1816797499241755E-002   4.5784909051345361E-003
 Kstep, t=          38   38.000000000000000     
 ----------The Max Residuals are--------  ---Mesh---           1
    0.2377642262E-03    0.2666644187E-03    0.5763694265E-04    0.1467269773E-19    0.1600749872E-03
   The R.M.S Residuals are 
    0.2697874433E-04    0.4583441342E-04    0.1207627998E-04    0.2826513332E-20    0.3644126950E-04
 --------------Force and Moment -----------------------------
 Total Force Coefficient (CL, CD, CS) =
  -2.2009315234183580E-002  0.16467460551539739       -7.9567833111309129E-021
 Total Moment Coefficient(CMx, CMy, CMz)=
   5.5023288085458951E-003   4.1168651378849348E-002   4.6202667039239708E-003
 Kstep, t=          39   39.000000000000000     
 ----------The Max Residuals are--------  ---Mesh---           1
    0.2381314502E-03    0.2600590246E-03    0.5627951965E-04    0.1608649045E-19    0.1577704848E-03
   The R.M.S Residuals are 
    0.2708356964E-04    0.4529022698E-04    0.1197276566E-04    0.2840445067E-20    0.3614546532E-04
 --------------Force and Moment -----------------------------
 Total Force Coefficient (CL, CD, CS) =
  -2.1806762757496028E-002  0.16218443427838058       -1.5790632594666047E-020
 Total Moment Coefficient(CMx, CMy, CMz)=
   5.4516906893740114E-003   4.0546108569595146E-002   4.6603833153329791E-003
 Kstep, t=          40   40.000000000000000     
 ----------The Max Residuals are--------  ---Mesh---           1
    0.2382402957E-03    0.2543406086E-03    0.5518857814E-04    0.1475940952E-19    0.1553973776E-03
   The R.M.S Residuals are 
    0.2717399667E-04    0.4477299164E-04    0.1187480154E-04    0.2868833785E-20    0.3586311821E-04
 --------------Force and Moment -----------------------------
 Total Force Coefficient (CL, CD, CS) =
  -2.1607917551481112E-002  0.15978986528933814       -4.9567553114216008E-021
 Total Moment Coefficient(CMx, CMy, CMz)=
   5.4019793878702753E-003   3.9947466322334535E-002   4.6990969652229786E-003
 Kstep, t=          41   41.000000000000000     
 ----------The Max Residuals are--------  ---Mesh---           1
    0.2381002074E-03    0.2500392123E-03    0.5392200069E-04    0.1605739807E-19    0.1529804316E-03
   The R.M.S Residuals are 
    0.2724866689E-04    0.4427786913E-04    0.1177961477E-04    0.2827552797E-20    0.3559005873E-04
 --------------Force and Moment -----------------------------
 Total Force Coefficient (CL, CD, CS) =
  -2.1413225204872061E-002  0.15748490668412476       -2.4627154683939444E-021
 Total Moment Coefficient(CMx, CMy, CMz)=
   5.3533063012179997E-003   3.9371226671031191E-002   4.7361109568388451E-003
 Kstep, t=          42   42.000000000000000     
 ----------The Max Residuals are--------  ---Mesh---           1
    0.2377333207E-03    0.2456676457E-03    0.5290757608E-04    0.1509091831E-19    0.1519181359E-03
   The R.M.S Residuals are 
    0.2730970262E-04    0.4380258711E-04    0.1168424864E-04    0.2830132262E-20    0.3532700427E-04
 --------------Force and Moment -----------------------------
 Total Force Coefficient (CL, CD, CS) =
  -2.1223480565949956E-002  0.15526419911864106       -1.0875256370579690E-020
 Total Moment Coefficient(CMx, CMy, CMz)=
   5.3058701414874830E-003   3.8816049779660265E-002   4.7708290331788293E-003
 Kstep, t=          43   43.000000000000000     
 ----------The Max Residuals are--------  ---Mesh---           1
    0.2371680023E-03    0.2412512346E-03    0.5167801900E-04    0.1621002582E-19    0.1508070283E-03
   The R.M.S Residuals are 
    0.2736364220E-04    0.4334993367E-04    0.1159070930E-04    0.2939491741E-20    0.3507758857E-04
 --------------Force and Moment -----------------------------
 Total Force Coefficient (CL, CD, CS) =
  -2.1039575495819585E-002  0.15312285530470962       -9.8115210780435326E-021
 Total Moment Coefficient(CMx, CMy, CMz)=
   5.2598938739548936E-003   3.8280713826177405E-002   4.8025173234004888E-003
 Kstep, t=          44   44.000000000000000     
 ----------The Max Residuals are--------  ---Mesh---           1
    0.2364342745E-03    0.2368117053E-03    0.5086070511E-04    0.1704715845E-19    0.1495287683E-03
   The R.M.S Residuals are 
    0.2740981511E-04    0.4291635787E-04    0.1150066353E-04    0.2770536201E-20    0.3483782863E-04
 --------------Force and Moment -----------------------------
 Total Force Coefficient (CL, CD, CS) =
  -2.0899781679774496E-002  0.15105642362741684       -5.9777188071180653E-021
 Total Moment Coefficient(CMx, CMy, CMz)=
   5.2249454199436249E-003   3.7764105906854209E-002   4.8023576848649392E-003
 Kstep, t=          45   45.000000000000000     
 ----------The Max Residuals are--------  ---Mesh---           1
    0.2355745077E-03    0.2323674490E-03    0.4968313257E-04    0.1446148960E-19    0.1481084834E-03
   The R.M.S Residuals are 
    0.2744759806E-04    0.4249762603E-04    0.1141255215E-04    0.2884749098E-20    0.3462745300E-04
 --------------Force and Moment -----------------------------
 Total Force Coefficient (CL, CD, CS) =
  -2.0879337597036470E-002  0.14910584709425351       -1.2970617606262492E-021
 Total Moment Coefficient(CMx, CMy, CMz)=
   5.2198343992591332E-003   3.7276461773563377E-002   4.7138571440023033E-003
 Kstep, t=          46   46.000000000000000     
 ----------The Max Residuals are--------  ---Mesh---           1
    0.2343791996E-03    0.2279340638E-03    0.4870642102E-04    0.2279910101E-19    0.1465657406E-03
   The R.M.S Residuals are 
    0.2747463044E-04    0.4209394018E-04    0.1132398057E-04    0.2949268529E-20    0.3445884706E-04
 --------------Force and Moment -----------------------------
 Total Force Coefficient (CL, CD, CS) =
  -2.0934447904991306E-002  0.14730831174395373       -4.9253536043264555E-021
 Total Moment Coefficient(CMx, CMy, CMz)=
   5.2336119762478239E-003   3.6827077935988432E-002   4.5698062231156614E-003
 Kstep, t=          47   47.000000000000000     
 ----------The Max Residuals are--------  ---Mesh---           1
    0.2324582913E-03    0.2235248207E-03    0.4787342950E-04    0.1520080731E-19    0.1449170462E-03
   The R.M.S Residuals are 
    0.2748291799E-04    0.4170568807E-04    0.1123649250E-04    0.2868767416E-20    0.3423879831E-04
 --------------Force and Moment -----------------------------
 Total Force Coefficient (CL, CD, CS) =
  -2.0975097257784896E-002  0.14556270426749057       -1.1432653471020576E-020
 Total Moment Coefficient(CMx, CMy, CMz)=
   5.2437743144462248E-003   3.6390676066872643E-002   4.4376086996187015E-003
 Kstep, t=          48   48.000000000000000     
 ----------The Max Residuals are--------  ---Mesh---           1
    0.2301025675E-03    0.2191507589E-03    0.4656838040E-04    0.1518662084E-19    0.1431766080E-03
   The R.M.S Residuals are 
    0.2747617149E-04    0.4133015586E-04    0.1115227408E-04    0.2858020277E-20    0.3401688263E-04
 --------------Force and Moment -----------------------------
 Total Force Coefficient (CL, CD, CS) =
  -2.1002397867405185E-002  0.14386062870482677       -1.1572548720777774E-020
 Total Moment Coefficient(CMx, CMy, CMz)=
   5.2505994668513014E-003   3.5965157176206693E-002   4.3163766462808268E-003
 Kstep, t=          49   49.000000000000000     
 ----------The Max Residuals are--------  ---Mesh---           1
    0.2274595841E-03    0.2148205516E-03    0.4592422208E-04    0.1763502537E-19    0.1413545215E-03
   The R.M.S Residuals are 
    0.2745707033E-04    0.4096568822E-04    0.1107065852E-04    0.2950529245E-20    0.3379835566E-04
 --------------Force and Moment -----------------------------
 Total Force Coefficient (CL, CD, CS) =
  -2.1021518493117241E-002  0.14220196941036073       -5.6922138226914789E-021
 Total Moment Coefficient(CMx, CMy, CMz)=
   5.2553796232793076E-003   3.5550492352590182E-002   4.2022062873246484E-003
 Kstep, t=          50   50.000000000000000     
 ----------The Max Residuals are--------  ---Mesh---           1
    0.2246133286E-03    0.2107064176E-03    0.4489131995E-04    0.1817391415E-19    0.1394559146E-03
   The R.M.S Residuals are 
    0.2742724410E-04    0.4061127354E-04    0.1099114181E-04    0.3072565851E-20    0.3358370574E-04
 --------------Force and Moment -----------------------------
 Total Force Coefficient (CL, CD, CS) =
  -2.1035188250678051E-002  0.14058628466648818       -5.0832830797338281E-021
 Total Moment Coefficient(CMx, CMy, CMz)=
   5.2587970626695240E-003   3.5146571166622044E-002   4.0930394995944688E-003
 Kstep, t=          51   51.000000000000000     
 ----------The Max Residuals are--------  ---Mesh---           1
    0.2216079423E-03    0.2075814573E-03    0.4397671643E-04    0.2329698296E-19    0.1382630717E-03
   The R.M.S Residuals are 
    0.2738694141E-04    0.4026525423E-04    0.1091454000E-04    0.2969181516E-20    0.3337375447E-04
 --------------Force and Moment -----------------------------
 Total Force Coefficient (CL, CD, CS) =
  -2.1044584107921618E-002  0.13901247154129723        4.0209760814120974E-021
 Total Moment Coefficient(CMx, CMy, CMz)=
   5.2611460269804027E-003   3.4753117885324307E-002   3.9879882955691035E-003
 Kstep, t=          52   52.000000000000000     
 ----------The Max Residuals are--------  ---Mesh---           1
    0.2184646087E-03    0.2044160901E-03    0.4310263369E-04    0.1752380835E-19    0.1371614219E-03
   The R.M.S Residuals are 
    0.2733765126E-04    0.3992741173E-04    0.1084109291E-04    0.2924136460E-20    0.3316758935E-04
 --------------Force and Moment -----------------------------
 Total Force Coefficient (CL, CD, CS) =
  -2.1050248238681259E-002  0.13747911148604017        5.9340839123036408E-021
 Total Moment Coefficient(CMx, CMy, CMz)=
   5.2625620596703166E-003   3.4369777871510042E-002   3.8866398669609456E-003
 Kstep, t=          53   53.000000000000000     
 ----------The Max Residuals are--------  ---Mesh---           1
    0.2151945899E-03    0.2012232371E-03    0.4210429128E-04    0.1536027869E-19    0.1359376161E-03
   The R.M.S Residuals are 
    0.2728024354E-04    0.3959706416E-04    0.1076991461E-04    0.3022368673E-20    0.3296419124E-04
 --------------Force and Moment -----------------------------
 Total Force Coefficient (CL, CD, CS) =
  -2.1052579905080700E-002  0.13598470164207718       -1.5694397331555589E-021
 Total Moment Coefficient(CMx, CMy, CMz)=
   5.2631449762701888E-003   3.3996175410519296E-002   3.7886849307540286E-003
 Kstep, t=          54   54.000000000000000     
 ----------The Max Residuals are--------  ---Mesh---           1
    0.2118075300E-03    0.1980142510E-03    0.4129585445E-04    0.1478101961E-19    0.1346062098E-03
   The R.M.S Residuals are 
    0.2721479111E-04    0.3927261696E-04    0.1070008510E-04    0.3093041835E-20    0.3276388310E-04
 --------------Force and Moment -----------------------------
 Total Force Coefficient (CL, CD, CS) =
  -2.1052051411333744E-002  0.13452776431297575       -1.9253711015388682E-021
 Total Moment Coefficient(CMx, CMy, CMz)=
   5.2630128528334515E-003   3.3631941078243938E-002   3.6937562145733338E-003
 Kstep, t=          55   55.000000000000000     
 ----------The Max Residuals are--------  ---Mesh---           1
    0.2083152581E-03    0.1947991421E-03    0.4032824237E-04    0.1590958962E-19    0.1331806219E-03
   The R.M.S Residuals are 
    0.2714414080E-04    0.3895498967E-04    0.1063202361E-04    0.3054580733E-20    0.3256741905E-04
 --------------Force and Moment -----------------------------
 Total Force Coefficient (CL, CD, CS) =
  -2.1049274996315252E-002  0.13310689900921488        2.6886526133253065E-021
 Total Moment Coefficient(CMx, CMy, CMz)=
   5.2623187490788226E-003   3.3276724752303720E-002   3.6013800491261883E-003
 Kstep, t=          56   56.000000000000000     
 ----------The Max Residuals are--------  ---Mesh---           1
    0.2047325222E-03    0.1915866838E-03    0.3953396119E-04    0.1687190925E-19    0.1316730200E-03
   The R.M.S Residuals are 
    0.2706965053E-04    0.3864381160E-04    0.1056590416E-04    0.3049764711E-20    0.3237426929E-04
 --------------Force and Moment -----------------------------
 Total Force Coefficient (CL, CD, CS) =
  -2.1044957111408375E-002  0.13172079827476182       -4.8907195438812373E-022
 Total Moment Coefficient(CMx, CMy, CMz)=
   5.2612392778520877E-003   3.2930199568690456E-002   3.5110122884864617E-003
 Kstep, t=          57   57.000000000000000     
 ----------The Max Residuals are--------  ---Mesh---           1
    0.2010760344E-03    0.1883845298E-03    0.3864873628E-04    0.1533983182E-19    0.1300943224E-03
   The R.M.S Residuals are 
    0.2699129773E-04    0.3833742705E-04    0.1050131938E-04    0.3180013543E-20    0.3218422993E-04
 --------------Force and Moment -----------------------------
 Total Force Coefficient (CL, CD, CS) =
  -2.1039747144493613E-002  0.13036820798490620       -4.0604041584897129E-021
 Total Moment Coefficient(CMx, CMy, CMz)=
   5.2599367861234005E-003   3.2592051996226550E-002   3.4221526551992394E-003
 Kstep, t=          58   58.000000000000000     
 ----------The Max Residuals are--------  ---Mesh---           1
    0.1973624058E-03    0.1851994028E-03    0.3783905687E-04    0.1581837559E-19    0.1284546808E-03
   The R.M.S Residuals are 
    0.2691107082E-04    0.3803660081E-04    0.1043900499E-04    0.3107375877E-20    0.3199750041E-04
 --------------Force and Moment -----------------------------
 Total Force Coefficient (CL, CD, CS) =
  -2.1034075675095583E-002  0.12904785959153323       -2.8862472328475046E-021
 Total Moment Coefficient(CMx, CMy, CMz)=
   5.2585189187738818E-003   3.2261964897883307E-002   3.3344662063933229E-003
 Kstep, t=          59   59.000000000000000     
 ----------The Max Residuals are--------  ---Mesh---           1
    0.1936055484E-03    0.1820373017E-03    0.3705520604E-04    0.1682015149E-19    0.1267641479E-03
   The R.M.S Residuals are 
    0.2682824891E-04    0.3774056382E-04    0.1037958730E-04    0.3191658225E-20    0.3181317224E-04
 --------------Force and Moment -----------------------------
 Total Force Coefficient (CL, CD, CS) =
  -2.1028091258707818E-002  0.12775844442829346        3.1632731169952618E-021
 Total Moment Coefficient(CMx, CMy, CMz)=
   5.2570228146769527E-003   3.1939611107073364E-002   3.2478304817285717E-003
 Kstep, t=          60   60.000000000000000     
 ----------The Max Residuals are--------  ---Mesh---           1
    0.1898147437E-03    0.1789036494E-03    0.3621248749E-04    0.2158830569E-19    0.1255730361E-03
   The R.M.S Residuals are 
    0.2674102599E-04    0.3744764825E-04    0.1032262688E-04    0.3206510014E-20    0.3163047410E-04
 --------------Force and Moment -----------------------------
 Total Force Coefficient (CL, CD, CS) =
  -2.1021692120464935E-002  0.12649864169294167       -4.1795337817305417E-021
 Total Moment Coefficient(CMx, CMy, CMz)=
   5.2554230301162198E-003   3.1624660423235418E-002   3.1623113684206582E-003
 Kstep, t=          61   61.000000000000000     
 ----------The Max Residuals are--------  ---Mesh---           1
    0.1859953501E-03    0.1759294143E-03    0.3553192719E-04    0.2324035340E-19    0.1244074035E-03
   The R.M.S Residuals are 
    0.2665070887E-04    0.3715871219E-04    0.1026819291E-04    0.3329265890E-20    0.3144947873E-04
 --------------Force and Moment -----------------------------
 Total Force Coefficient (CL, CD, CS) =
  -2.1014590487970108E-002  0.12526717081683023       -4.0806898979031883E-021
 Total Moment Coefficient(CMx, CMy, CMz)=
   5.2536476219925262E-003   3.1316792704207556E-002   3.0781145718017113E-003
 Kstep, t=          62   62.000000000000000     
 ----------The Max Residuals are--------  ---Mesh---           1
    0.1821563910E-03    0.1734477640E-03    0.3480219441E-04    0.2441515343E-19    0.1231656625E-03
   The R.M.S Residuals are 
    0.2655711584E-04    0.3687319065E-04    0.1021609954E-04    0.3356437388E-20    0.3126997791E-04
 --------------Force and Moment -----------------------------
 Total Force Coefficient (CL, CD, CS) =
  -2.1006319609485728E-002  0.12406285285893302        3.0895584608374785E-021
 Total Moment Coefficient(CMx, CMy, CMz)=
   5.2515799023714459E-003   3.1015713214733256E-002   2.9955802207005501E-003
 Kstep, t=          63   63.000000000000000     
 ----------The Max Residuals are--------  ---Mesh---           1
    0.1783332499E-03    0.1709564718E-03    0.3406551129E-04    0.1950047598E-19    0.1218584170E-03
   The R.M.S Residuals are 
    0.2646039734E-04    0.3659043099E-04    0.1016559308E-04    0.3355474605E-20    0.3109195922E-04
 --------------Force and Moment -----------------------------
 Total Force Coefficient (CL, CD, CS) =
  -2.0995949658479052E-002  0.12288470282660051        8.0566034015227578E-022
 Total Moment Coefficient(CMx, CMy, CMz)=
   5.2489874146197579E-003   3.0721175706650127E-002   2.9153959747524722E-003
 Kstep, t=          64   64.000000000000000     
 ----------The Max Residuals are--------  ---Mesh---           1
    0.1746120980E-03    0.1684621783E-03    0.3344570349E-04    0.2193129484E-19    0.1204954918E-03
   The R.M.S Residuals are 
    0.2636287876E-04    0.3631136899E-04    0.1011639916E-04    0.3266876273E-20    0.3091565095E-04
 --------------Force and Moment -----------------------------
 Total Force Coefficient (CL, CD, CS) =
  -2.0981188785968410E-002  0.12173200503895959       -2.7882920123926940E-021
 Total Moment Coefficient(CMx, CMy, CMz)=
   5.2452971964921016E-003   3.0433001259739897E-002   2.8392713074142538E-003
 Kstep, t=          65   65.000000000000000     
 ----------The Max Residuals are--------  ---Mesh---           1
    0.1710160365E-03    0.1659708309E-03    0.3280963974E-04    0.2089971984E-19    0.1190861104E-03
   The R.M.S Residuals are 
    0.2626388574E-04    0.3603519406E-04    0.1006824432E-04    0.3424850378E-20    0.3074084840E-04
 --------------Force and Moment -----------------------------
 Total Force Coefficient (CL, CD, CS) =
  -2.0959394310479478E-002  0.12060378504862261        2.7434436159954843E-021
 Total Moment Coefficient(CMx, CMy, CMz)=
   5.2398485776198834E-003   3.0150946262155653E-002   2.7691784155408545E-003
 Kstep, t=          66   66.000000000000000     
 ----------The Max Residuals are--------  ---Mesh---           1
    0.1673133933E-03    0.1634877401E-03    0.3217527461E-04    0.2449860820E-19    0.1176388431E-03
   The R.M.S Residuals are 
    0.2616108573E-04    0.3576188629E-04    0.1002165706E-04    0.3407817168E-20    0.3056734041E-04
 --------------Force and Moment -----------------------------
 Total Force Coefficient (CL, CD, CS) =
  -2.0932533862355371E-002  0.11949790293545284        3.1607773998725536E-021
 Total Moment Coefficient(CMx, CMy, CMz)=
   5.2331334655888323E-003   2.9874475733863211E-002   2.7036314352226315E-003
 Kstep, t=          67   67.000000000000000     
 ----------The Max Residuals are--------  ---Mesh---           1
    0.1633429100E-03    0.1610176210E-03    0.3159427796E-04    0.2080518861E-19    0.1161615728E-03
   The R.M.S Residuals are 
    0.2605354627E-04    0.3549191218E-04    0.9977276603E-05    0.3448946329E-20    0.3039514542E-04
 --------------Force and Moment -----------------------------
 Total Force Coefficient (CL, CD, CS) =
  -2.0904270577129798E-002  0.11841244643617947        6.0789437729843709E-021
 Total Moment Coefficient(CMx, CMy, CMz)=
   5.2260676442824564E-003   2.9603111609044868E-002   2.6398741629144302E-003
 Kstep, t=          68   68.000000000000000     
 ----------The Max Residuals are--------  ---Mesh---           1
    0.1592050398E-03    0.1585646276E-03    0.3106662121E-04    0.2055167390E-19    0.1146614450E-03
   The R.M.S Residuals are 
    0.2594195404E-04    0.3522425878E-04    0.9934790240E-05    0.3444409842E-20    0.3022453231E-04
 --------------Force and Moment -----------------------------
 Total Force Coefficient (CL, CD, CS) =
  -2.0875478423891456E-002  0.11734700467974575        4.3305955390613601E-021
 Total Moment Coefficient(CMx, CMy, CMz)=
   5.2188696059728692E-003   2.9336751169936438E-002   2.5772424472914079E-003
 Kstep, t=          69   69.000000000000000     
 ----------The Max Residuals are--------  ---Mesh---           1
    0.1550839144E-03    0.1561323840E-03    0.3055260563E-04    0.1860320473E-19    0.1132814009E-03
   The R.M.S Residuals are 
    0.2583003048E-04    0.3495929642E-04    0.9894212079E-05    0.3449182415E-20    0.3005597106E-04
 --------------Force and Moment -----------------------------
 Total Force Coefficient (CL, CD, CS) =
  -2.0847386918306933E-002  0.11630214113612250        8.9768708223171764E-021
 Total Moment Coefficient(CMx, CMy, CMz)=
   5.2118467295767220E-003   2.9075535284030625E-002   2.5148049372459790E-003
 Kstep, t=          70   70.000000000000000     
 ----------The Max Residuals are--------  ---Mesh---           1
    0.1511512911E-03    0.1537240175E-03    0.3005967574E-04    0.2949426373E-19    0.1121172866E-03
   The R.M.S Residuals are 
    0.2571992110E-04    0.3469693774E-04    0.9855591623E-05    0.3494421281E-20    0.2988927308E-04
 --------------Force and Moment -----------------------------
 Total Force Coefficient (CL, CD, CS) =
  -2.0823161972175458E-002  0.11527853734651587        2.3996598666137034E-021
 Total Moment Coefficient(CMx, CMy, CMz)=
   5.2057904930438636E-003   2.8819634336628968E-002   2.4501781494939458E-003
 Kstep, t=          71   71.000000000000000     
 ----------The Max Residuals are--------  ---Mesh---           1
    0.1474659183E-03    0.1513421967E-03    0.2959265703E-04    0.2375197753E-19    0.1109130212E-03
   The R.M.S Residuals are 
    0.2561124408E-04    0.3443664883E-04    0.9818826204E-05    0.3515111228E-20    0.2972399149E-04
 --------------Force and Moment -----------------------------
 Total Force Coefficient (CL, CD, CS) =
  -2.0804940202483128E-002  0.11427610526027068        2.4346291446942283E-021
 Total Moment Coefficient(CMx, CMy, CMz)=
   5.2012350506207821E-003   2.8569026315067671E-002   2.3817510458277779E-003
 Kstep, t=          72   72.000000000000000     
 ----------The Max Residuals are--------  ---Mesh---           1
    0.1439652298E-03    0.1489891724E-03    0.2915439681E-04    0.2287131129E-19    0.1096753873E-03
   The R.M.S Residuals are 
    0.2550371502E-04    0.3417907804E-04    0.9784154730E-05    0.3619950776E-20    0.2955991999E-04
 --------------Force and Moment -----------------------------
 Total Force Coefficient (CL, CD, CS) =
  -2.0791777459729086E-002  0.11329386021721517       -5.8829546008374897E-022
 Total Moment Coefficient(CMx, CMy, CMz)=
   5.1979443649322653E-003   2.8323465054303793E-002   2.3102231485732897E-003
 Kstep, t=          73   73.000000000000000     
 ----------The Max Residuals are--------  ---Mesh---           1
    0.1405477686E-03    0.1466668213E-03    0.2875811973E-04    0.2336445311E-19    0.1084105022E-03
   The R.M.S Residuals are 
    0.2539561608E-04    0.3392381414E-04    0.9751136839E-05    0.3528733308E-20    0.2939688694E-04
 --------------Force and Moment -----------------------------
 Total Force Coefficient (CL, CD, CS) =
  -2.0780753296410867E-002  0.11233043105274308        3.5899978023691675E-021
 Total Moment Coefficient(CMx, CMy, CMz)=
   5.1951883241027142E-003   2.8082607763185771E-002   2.2377758300274699E-003
 Kstep, t=          74   74.000000000000000     
 ----------The Max Residuals are--------  ---Mesh---           1
    0.1371367252E-03    0.1445624599E-03    0.2840166301E-04    0.2434262326E-19    0.1071238548E-03
   The R.M.S Residuals are 
    0.2528637463E-04    0.3367092245E-04    0.9719395605E-05    0.3589276408E-20    0.2923510325E-04
 --------------Force and Moment -----------------------------
 Total Force Coefficient (CL, CD, CS) =
  -2.0768881779345182E-002  0.11138452181527768        2.5027346468947758E-021
 Total Moment Coefficient(CMx, CMy, CMz)=
   5.1922204448362954E-003   2.7846130453819420E-002   2.1666392389485126E-003
 Kstep, t=          75   75.000000000000000     
 ----------The Max Residuals are--------  ---Mesh---           1
    0.1336933208E-03    0.1425765603E-03    0.2807041807E-04    0.2644270236E-19    0.1058203484E-03
   The R.M.S Residuals are 
    0.2517632225E-04    0.3342076702E-04    0.9689023062E-05    0.3550059033E-20    0.2907480431E-04
 --------------Force and Moment -----------------------------
 Total Force Coefficient (CL, CD, CS) =
  -2.0754096163052242E-002  0.11045509472696541        1.2895594044393321E-022
 Total Moment Coefficient(CMx, CMy, CMz)=
   5.1885240407630560E-003   2.7613773681741352E-002   2.0983539382230681E-003
 Kstep, t=          76   76.000000000000000     
 ----------The Max Residuals are--------  ---Mesh---           1
    0.1302066463E-03    0.1406033801E-03    0.2776474075E-04    0.2683254677E-19    0.1045043494E-03
   The R.M.S Residuals are 
    0.2506525808E-04    0.3317293924E-04    0.9659876705E-05    0.3719129431E-20    0.2891613592E-04
 --------------Force and Moment -----------------------------
 Total Force Coefficient (CL, CD, CS) =
  -2.0735405249546195E-002  0.10954139905962011        3.6871843019375216E-021
 Total Moment Coefficient(CMx, CMy, CMz)=
   5.1838513123865582E-003   2.7385349764905028E-002   2.0336537059291301E-003
 Kstep, t=          77   77.000000000000000     
 ----------The Max Residuals are--------  ---Mesh---           1
    0.1266827347E-03    0.1386453504E-03    0.2748445748E-04    0.2264183976E-19    0.1031797386E-03
   The R.M.S Residuals are 
    0.2495412021E-04    0.3292779677E-04    0.9632117892E-05    0.3635712604E-20    0.2875936072E-04
 --------------Force and Moment -----------------------------
 Total Force Coefficient (CL, CD, CS) =
  -2.0712776598545674E-002  0.10864295678906830       -3.6649515866989457E-022
 Total Moment Coefficient(CMx, CMy, CMz)=
   5.1781941496364253E-003   2.7160739197267074E-002   1.9725531481850152E-003
 Kstep, t=          78   78.000000000000000     
 ----------The Max Residuals are--------  ---Mesh---           1
    0.1231396041E-03    0.1367045824E-03    0.2722906266E-04    0.2417945866E-19    0.1018499605E-03
   The R.M.S Residuals are 
    0.2484329820E-04    0.3268520989E-04    0.9605693559E-05    0.3626897464E-20    0.2860457508E-04
 --------------Force and Moment -----------------------------
 Total Force Coefficient (CL, CD, CS) =
  -2.0686918451562942E-002  0.10775950655454490        1.2387648877013225E-021
 Total Moment Coefficient(CMx, CMy, CMz)=
   5.1717296128907363E-003   2.6939876638636225E-002   1.9145112911274321E-003
 Kstep, t=          79   79.000000000000000     
 ----------The Max Residuals are--------  ---Mesh---           1
    0.1196038330E-03    0.1347829017E-03    0.2699786645E-04    0.2730536127E-19    0.1005180710E-03
   The R.M.S Residuals are 
    0.2473329688E-04    0.3244515177E-04    0.9580504979E-05    0.3727885064E-20    0.2845190493E-04
 --------------Force and Moment -----------------------------
 Total Force Coefficient (CL, CD, CS) =
  -2.0658911854439192E-002  0.10689089681537492       -1.7181345287729239E-021
 Total Moment Coefficient(CMx, CMy, CMz)=
   5.1647279636098040E-003   2.6722724203843730E-002   1.8587075353429267E-003
 Kstep, t=          80   80.000000000000000     
 ----------The Max Residuals are--------  ---Mesh---           1
    0.1161040854E-03    0.1328818780E-03    0.2679010208E-04    0.2351589825E-19    0.9932474940E-04
   The R.M.S Residuals are 
    0.2462486997E-04    0.3220796214E-04    0.9556725341E-05    0.3671209500E-20    0.2830145281E-04
 --------------Force and Moment -----------------------------
 Total Force Coefficient (CL, CD, CS) =
  -2.0629789535364644E-002  0.10603697165411023       -2.0809341710775289E-021
 Total Moment Coefficient(CMx, CMy, CMz)=
   5.1574473838411575E-003   2.6509242913527558E-002   1.8043575169046139E-003
 Kstep, t=          81   81.000000000000000     
 ----------The Max Residuals are--------  ---Mesh---           1
    0.1126637555E-03    0.1310028510E-03    0.2660500243E-04    0.2112606683E-19    0.9819121662E-04
   The R.M.S Residuals are 
    0.2451790983E-04    0.3197347034E-04    0.9534289622E-05    0.3716491609E-20    0.2815324521E-04
 --------------Force and Moment -----------------------------
 Total Force Coefficient (CL, CD, CS) =
  -2.0600249020385267E-002  0.10519749955699823       -1.9437157734226882E-021
 Total Moment Coefficient(CMx, CMy, CMz)=
   5.1500622550963203E-003   2.6299374889249556E-002   1.7509282614509038E-003
 Kstep, t=          82   82.000000000000000     
 ----------The Max Residuals are--------  ---Mesh---           1
    0.1092969328E-03    0.1291469556E-03    0.2644185501E-04    0.2862959665E-19    0.9704629751E-04
   The R.M.S Residuals are 
    0.2441270261E-04    0.3174195226E-04    0.9513330936E-05    0.3763698954E-20    0.2800740062E-04
 --------------Force and Moment -----------------------------
 Total Force Coefficient (CL, CD, CS) =
  -2.0570574098826067E-002  0.10437215694526045       -9.9676959598304678E-021
 Total Moment Coefficient(CMx, CMy, CMz)=
   5.1426435247065123E-003   2.6093039236315112E-002   1.6981970717168486E-003
 Kstep, t=          83   83.000000000000000     
 ----------The Max Residuals are--------  ---Mesh---           1
    0.1060085748E-03    0.1273151435E-03    0.2630004070E-04    0.2904711929E-19    0.9589311345E-04
   The R.M.S Residuals are 
    0.2430915197E-04    0.3151343473E-04    0.9493916369E-05    0.3787698224E-20    0.2786397849E-04
 --------------Force and Moment -----------------------------
 Total Force Coefficient (CL, CD, CS) =
  -2.0540708389610741E-002  0.10356054769157944       -3.7743145029478556E-021
 Total Moment Coefficient(CMx, CMy, CMz)=
   5.1351770974026809E-003   2.5890136922894859E-002   1.6461963522249904E-003
 Kstep, t=          84   84.000000000000000     
 ----------The Max Residuals are--------  ---Mesh---           1
    0.1027971431E-03    0.1255082028E-03    0.2617906123E-04    0.2250802714E-19    0.9473446851E-04
   The R.M.S Residuals are 
    0.2420713620E-04    0.3128794225E-04    0.9476089090E-05    0.3845268888E-20    0.2772305004E-04
 --------------Force and Moment -----------------------------
 Total Force Coefficient (CL, CD, CS) =
  -2.0510387120522375E-002  0.10276223489672547        2.8263379259631123E-022
 Total Moment Coefficient(CMx, CMy, CMz)=
   5.1275967801305920E-003   2.5690558724181366E-002   1.5951147878255076E-003
 Kstep, t=          85   85.000000000000000     
 ----------The Max Residuals are--------  ---Mesh---           1
    0.9965770804E-04    0.1237267754E-03    0.2607855867E-04    0.2790005889E-19    0.9357287854E-04
   The R.M.S Residuals are 
    0.2410668782E-04    0.3106564384E-04    0.9460002072E-05    0.3882870050E-20    0.2758468582E-04
 --------------Force and Moment -----------------------------
 Total Force Coefficient (CL, CD, CS) =
  -2.0479261065270728E-002  0.10197677033480575        1.4404732920772741E-021
 Total Moment Coefficient(CMx, CMy, CMz)=
   5.1198152663176804E-003   2.5494192583701437E-002   1.5452044104926565E-003
 Kstep, t=          86   86.000000000000000     
 ----------The Max Residuals are--------  ---Mesh---           1
    0.9688435246E-04    0.1219713728E-03    0.2599832922E-04    0.2257996600E-19    0.9241059765E-04
   The R.M.S Residuals are 
    0.2400764134E-04    0.3084648400E-04    0.9445645176E-05    0.3854932739E-20    0.2744897099E-04
 --------------Force and Moment -----------------------------
 Total Force Coefficient (CL, CD, CS) =
  -2.0446986591151496E-002  0.10120371672793678        5.3794601601082359E-021
 Total Moment Coefficient(CMx, CMy, CMz)=
   5.1117466477878688E-003   2.5300929181984195E-002   1.4967130836388302E-003
 Kstep, t=          87   87.000000000000000     
 ----------The Max Residuals are--------  ---Mesh---           1
    0.9580170466E-04    0.1202423900E-03    0.2593833281E-04    0.2249335114E-19    0.9124964229E-04
   The R.M.S Residuals are 
    0.2391030983E-04    0.3063068540E-04    0.9433091800E-05    0.3896732627E-20    0.2731609910E-04
 --------------Force and Moment -----------------------------
 Total Force Coefficient (CL, CD, CS) =
  -2.0413281612492114E-002  0.10044266318661875        6.0569530924616430E-021
 Total Moment Coefficient(CMx, CMy, CMz)=
   5.1033204031230442E-003   2.5110665796654687E-002   1.4498425545001509E-003
 Kstep, t=          88   88.000000000000000     
 ----------The Max Residuals are--------  ---Mesh---           1
    0.9466485752E-04    0.1185401186E-03    0.2589869960E-04    0.2221182862E-19    0.9009181310E-04
   The R.M.S Residuals are 
    0.2381492892E-04    0.3041834379E-04    0.9422335703E-05    0.3958883599E-20    0.2718630328E-04
 --------------Force and Moment -----------------------------
 Total Force Coefficient (CL, CD, CS) =
  -2.0377956282377731E-002   9.9693235374010189E-002   9.3338935509602559E-022
 Total Moment Coefficient(CMx, CMy, CMz)=
   5.0944890705944363E-003   2.4923308843502547E-002   1.4047254499214173E-003
 Kstep, t=          89   89.000000000000000     
 ----------The Max Residuals are--------  ---Mesh---           1
    0.9348099778E-04    0.1168647598E-03    0.2587973370E-04    0.2306047756E-19    0.8893871467E-04
   The R.M.S Residuals are 
    0.2372183231E-04    0.3020962565E-04    0.9413400251E-05    0.3927497177E-20    0.2705986262E-04
 --------------Force and Moment -----------------------------
 Total Force Coefficient (CL, CD, CS) =
  -2.0340925349571441E-002   9.8955101059997747E-002   5.6751696937220392E-021
 Total Moment Coefficient(CMx, CMy, CMz)=
   5.0852313373928714E-003   2.4738775264999437E-002   1.3614160219173020E-003
 Kstep, t=          90   90.000000000000000     
 ----------The Max Residuals are--------  ---Mesh---           1
    0.9225758180E-04    0.1153069327E-03    0.2588191440E-04    0.2313794941E-19    0.8779177349E-04
   The R.M.S Residuals are 
    0.2363134690E-04    0.3000470956E-04    0.9406364253E-05    0.3972023262E-20    0.2693704786E-04
 --------------Force and Moment -----------------------------
 Total Force Coefficient (CL, CD, CS) =
  -2.0302203892119952E-002   9.8227970492040864E-002   7.9719821129080574E-021
 Total Moment Coefficient(CMx, CMy, CMz)=
   5.0755509730299837E-003   2.4556992623010216E-002   1.3198933609403403E-003
 Kstep, t=          91   91.000000000000000     
 ----------The Max Residuals are--------  ---Mesh---           1
    0.9100197664E-04    0.1138016734E-03    0.2590589469E-04    0.2896608710E-19    0.8665225454E-04
   The R.M.S Residuals are 
    0.2354369377E-04    0.2980371054E-04    0.9401312024E-05    0.4034627357E-20    0.2681809592E-04
 --------------Force and Moment -----------------------------
 Total Force Coefficient (CL, CD, CS) =
  -2.0261886527980472E-002   9.7511591037707276E-002   5.9902161294309110E-021
 Total Moment Coefficient(CMx, CMy, CMz)=
   5.0654716319951066E-003   2.4377897759426819E-002   1.2800770012346622E-003
 Kstep, t=          92   92.000000000000000     
 ----------The Max Residuals are--------  ---Mesh---           1
    0.8972097691E-04    0.1123154870E-03    0.2595249752E-04    0.2298518595E-19    0.8552127564E-04
   The R.M.S Residuals are 
    0.2345911419E-04    0.2960680120E-04    0.9398408203E-05    0.4014931169E-20    0.2670321089E-04
 --------------Force and Moment -----------------------------
 Total Force Coefficient (CL, CD, CS) =
  -2.0220114200872108E-002   9.6805737242785198E-002   6.3393925240541155E-021
 Total Moment Coefficient(CMx, CMy, CMz)=
   5.0550285502180383E-003   2.4201434310696299E-002   1.2418518424485395E-003
 Kstep, t=          93   93.000000000000000     
 ----------The Max Residuals are--------  ---Mesh---           1
    0.8842032646E-04    0.1108488259E-03    0.2602271001E-04    0.2754807415E-19    0.8450497224E-04
   The R.M.S Residuals are 
    0.2337771583E-04    0.2941407350E-04    0.9397785783E-05    0.4014303852E-20    0.2659256183E-04
 --------------Force and Moment -----------------------------
 Total Force Coefficient (CL, CD, CS) =
  -2.0177037680052901E-002   9.6110199234358429E-002   7.4019527875900566E-021
 Total Moment Coefficient(CMx, CMy, CMz)=
   5.0442594200132201E-003   2.4027549808589607E-002   1.2050955316981432E-003
 Kstep, t=          94   94.000000000000000     
 ----------The Max Residuals are--------  ---Mesh---           1
    0.8710446214E-04    0.1094020554E-03    0.2611767763E-04    0.2353184278E-19    0.8349114798E-04
   The R.M.S Residuals are 
    0.2329969089E-04    0.2922568151E-04    0.9399586317E-05    0.4047715505E-20    0.2648632791E-04
 --------------Force and Moment -----------------------------
 Total Force Coefficient (CL, CD, CS) =
  -2.0132787636764380E-002   9.5424772645516090E-002   5.8800624611168798E-021
 Total Moment Coefficient(CMx, CMy, CMz)=
   5.0331969091911045E-003   2.3856193161379022E-002   1.1697009091926303E-003
 Kstep, t=          95   95.000000000000000     
 ----------The Max Residuals are--------  ---Mesh---           1
    0.8577657580E-04    0.1079754618E-03    0.2623870091E-04    0.2755026489E-19    0.8248096707E-04
   The R.M.S Residuals are 
    0.2322521374E-04    0.2904175667E-04    0.9403911285E-05    0.4092157376E-20    0.2638470446E-04
 --------------Force and Moment -----------------------------
 Total Force Coefficient (CL, CD, CS) =
  -2.0087457192282995E-002   9.4749252005208118E-002   5.5949344001198528E-022
 Total Moment Coefficient(CMx, CMy, CMz)=
   5.0218642980707556E-003   2.3687313001302029E-002   1.1355890978569318E-003
 Kstep, t=          96   96.000000000000000     
 ----------The Max Residuals are--------  ---Mesh---           1
    0.8443891578E-04    0.1065692607E-03    0.2638723848E-04    0.2919699085E-19    0.8147559653E-04
   The R.M.S Residuals are 
    0.2315446029E-04    0.2886244938E-04    0.9410858291E-05    0.4124060562E-20    0.2628790382E-04
 --------------Force and Moment -----------------------------
 Total Force Coefficient (CL, CD, CS) =
  -2.0041097534753360E-002   9.4083427957961901E-002  -8.9720258430319864E-022
 Total Moment Coefficient(CMx, CMy, CMz)=
   5.0102743836883349E-003   2.3520856989490475E-002   1.1027127909311115E-003
 Kstep, t=          97   97.000000000000000     
 ----------The Max Residuals are--------  ---Mesh---           1
    0.8309316966E-04    0.1051836045E-03    0.2656491391E-04    0.2767204139E-19    0.8047604716E-04
   The R.M.S Residuals are 
    0.2308757117E-04    0.2868790258E-04    0.9420523805E-05    0.4235971387E-20    0.2619613857E-04
 --------------Force and Moment -----------------------------
 Total Force Coefficient (CL, CD, CS) =
  -1.9993723501612676E-002   9.3427087590436719E-002  -5.6934929345462018E-021
 Total Moment Coefficient(CMx, CMy, CMz)=
   4.9984308754031682E-003   2.3356771897609180E-002   1.0710520661933764E-003
 Kstep, t=          98   98.000000000000000     
 ----------The Max Residuals are--------  ---Mesh---           1
    0.8174079868E-04    0.1038185903E-03    0.2677358108E-04    0.3320775700E-19    0.7948323847E-04
   The R.M.S Residuals are 
    0.2302467943E-04    0.2851825886E-04    0.9433011036E-05    0.4209334811E-20    0.2610961409E-04
 --------------Force and Moment -----------------------------
 Total Force Coefficient (CL, CD, CS) =
  -1.9945324707837685E-002   9.2780016695448123E-002  -3.8849813388077121E-022
 Total Moment Coefficient(CMx, CMy, CMz)=
   4.9863311769594116E-003   2.3195004173862031E-002   1.0406060420832877E-003
 Kstep, t=          99   99.000000000000000     
 ----------The Max Residuals are--------  ---Mesh---           1
    0.8038326599E-04    0.1024742599E-03    0.2701554333E-04    0.2735378688E-19    0.7849798440E-04
   The R.M.S Residuals are 
    0.2296591817E-04    0.2835365711E-04    0.9448430766E-05    0.4222966507E-20    0.2602852586E-04
 --------------Force and Moment -----------------------------
 Total Force Coefficient (CL, CD, CS) =
  -1.9895878220912763E-002   9.2142002841989645E-002   1.2398338950319738E-021
 Total Moment Coefficient(CMx, CMy, CMz)=
   4.9739695552281932E-003   2.3035500710497411E-002   1.0113833749283278E-003
 Kstep, t=         100   100.00000000000000     
 ----------The Max Residuals are--------  ---Mesh---           1
    0.7902217280E-04    0.1011506150E-03    0.2729337613E-04    0.2831662349E-19    0.7752100459E-04
   The R.M.S Residuals are 
    0.2291142734E-04    0.2819422697E-04    0.9466886766E-05    0.4332479001E-20    0.2595306100E-04
 --------------Force and Moment -----------------------------
 Total Force Coefficient (CL, CD, CS) =
  -1.9845359930960749E-002   9.1512838390269829E-002  -8.0430586534721894E-022
 Total Moment Coefficient(CMx, CMy, CMz)=
   4.9613399827401761E-003   2.2878209597567457E-002   9.8339373558301935E-004
 Kstep, t=         101   101.00000000000000     
 ----------The Max Residuals are--------  ---Mesh---           1
    0.7765927533E-04    0.9984761483E-04    0.2760941728E-04    0.2721958975E-19    0.7655293166E-04
   The R.M.S Residuals are 
    0.2286138042E-04    0.2804009967E-04    0.9488470619E-05    0.4176871788E-20    0.2588340567E-04
 --------------Force and Moment -----------------------------
 Total Force Coefficient (CL, CD, CS) =
  -1.9793752940784309E-002   9.0892322883720927E-002   6.2860553881860714E-021
 Total Moment Coefficient(CMx, CMy, CMz)=
   4.9484382351960661E-003   2.2723080720930232E-002   9.5664152151564202E-004
 Kstep, t=         102   102.00000000000000     
 ----------The Max Residuals are--------  ---Mesh---           1
    0.7629645847E-04    0.9856518289E-04    0.2796514763E-04    0.2740054762E-19    0.7559431906E-04
   The R.M.S Residuals are 
    0.2281596342E-04    0.2789140139E-04    0.9513259491E-05    0.4205079377E-20    0.2581974606E-04
 --------------Force and Moment -----------------------------
 Total Force Coefficient (CL, CD, CS) =
  -1.9741052297176327E-002   9.0280264506516814E-002   2.1700779714762668E-021
 Total Moment Coefficient(CMx, CMy, CMz)=
   4.9352630742940827E-003   2.2570066126629203E-002   9.3112231292107408E-004
 Kstep, t=         103   103.00000000000000     
 ----------The Max Residuals are--------  ---Mesh---           1
    0.7493572766E-04    0.9730324397E-04    0.2839252957E-04    0.2746209584E-19    0.7464564819E-04
   The R.M.S Residuals are 
    0.2277533945E-04    0.2774825002E-04    0.9541324316E-05    0.4223454516E-20    0.2576226152E-04
 --------------Force and Moment -----------------------------
 Total Force Coefficient (CL, CD, CS) =
  -1.9687266224079087E-002   8.9676480542022000E-002  -2.3247366449553038E-021
 Total Moment Coefficient(CMx, CMy, CMz)=
   4.9218165560197700E-003   2.2419120135505500E-002   9.0682195204610779E-004
 Kstep, t=         104   104.00000000000000     
 ----------The Max Residuals are--------  ---Mesh---           1
    0.7357913124E-04    0.9606163687E-04    0.2886437888E-04    0.2812480544E-19    0.7370733481E-04
   The R.M.S Residuals are 
    0.2273964411E-04    0.2761075761E-04    0.9572732342E-05    0.4281119835E-20    0.2571111612E-04
 --------------Force and Moment -----------------------------
 Total Force Coefficient (CL, CD, CS) =
  -1.9632414660872691E-002   8.9080796990300165E-002  -7.5879686145424768E-022
 Total Moment Coefficient(CMx, CMy, CMz)=
   4.9081036652181840E-003   2.2270199247575041E-002   8.8371764298683371E-004
 Kstep, t=         105   105.00000000000000     
 ----------The Max Residuals are--------  ---Mesh---           1
    0.7289308120E-04    0.9484019728E-04    0.2938440611E-04    0.2503793642E-19    0.7277973489E-04
   The R.M.S Residuals are 
    0.2270899441E-04    0.2747903045E-04    0.9607549310E-05    0.4320907911E-20    0.2566645343E-04
 --------------Force and Moment -----------------------------
 Total Force Coefficient (CL, CD, CS) =
  -1.9576526244468692E-002   8.8493047640841621E-002   4.3110753632042256E-021
 Total Moment Coefficient(CMx, CMy, CMz)=
   4.8941315611171765E-003   2.2123261910210405E-002   8.6178021782263247E-004
 Kstep, t=         106   106.00000000000000     
 ----------The Max Residuals are--------  ---Mesh---           1
    0.7238384942E-04    0.9363874300E-04    0.2995838161E-04    0.3339727897E-19    0.7186314996E-04
   The R.M.S Residuals are 
    0.2268348621E-04    0.2735316012E-04    0.9645836337E-05    0.4349511631E-20    0.2562839242E-04
 --------------Force and Moment -----------------------------
 Total Force Coefficient (CL, CD, CS) =
  -1.9519634862950719E-002   8.7913072926746619E-002  -1.2210787993000371E-023
 Total Moment Coefficient(CMx, CMy, CMz)=
   4.8799087157376754E-003   2.1978268231686655E-002   8.4097672330637823E-004
 Kstep, t=         107   107.00000000000000     
 ----------The Max Residuals are--------  ---Mesh---           1
    0.7183915799E-04    0.9245707295E-04    0.3058912593E-04    0.3256975194E-19    0.7095783246E-04
   The R.M.S Residuals are 
    0.2266321124E-04    0.2723322765E-04    0.9687641338E-05    0.4272384913E-20    0.2559703378E-04
 --------------Force and Moment -----------------------------
 Total Force Coefficient (CL, CD, CS) =
  -1.9461776629482053E-002   8.7340718828758365E-002  -5.8825417623312194E-023
 Total Moment Coefficient(CMx, CMy, CMz)=
   4.8654441573705255E-003   2.1835179707189591E-002   8.2127269170246132E-004
 Kstep, t=         108   108.00000000000000     
 ----------The Max Residuals are--------  ---Mesh---           1
    0.7126073146E-04    0.9129496962E-04    0.3126579245E-04    0.2713888309E-19    0.7006399014E-04
   The R.M.S Residuals are 
    0.2264826678E-04    0.2711930838E-04    0.9732989657E-05    0.4335219768E-20    0.2557247099E-04
 --------------Force and Moment -----------------------------
 Total Force Coefficient (CL, CD, CS) =
  -1.9402987726945209E-002   8.6775835991286951E-002  -4.4080652580259281E-022
 Total Moment Coefficient(CMx, CMy, CMz)=
   4.8507469317362962E-003   2.1693958997821738E-002   8.0263375808442561E-004
 Kstep, t=         109   109.00000000000000     
 ----------The Max Residuals are--------  ---Mesh---           1
    0.7065018322E-04    0.9015220133E-04    0.3198746725E-04    0.2808136170E-19    0.6920986777E-04
   The R.M.S Residuals are 
    0.2263874676E-04    0.2701147268E-04    0.9781889681E-05    0.4359946976E-20    0.2555479139E-04
 --------------Force and Moment -----------------------------
 Total Force Coefficient (CL, CD, CS) =
  -1.9343303206153298E-002   8.6218279103769085E-002  -5.2995489530119992E-021
 Total Moment Coefficient(CMx, CMy, CMz)=
   4.8358258015383394E-003   2.1554569775942271E-002   7.8502656209544861E-004
 Kstep, t=         110   110.00000000000000     
 ----------The Max Residuals are--------  ---Mesh---           1
    0.7000910827E-04    0.8902852425E-04    0.3274763491E-04    0.2775842956E-19    0.6838292600E-04
   The R.M.S Residuals are 
    0.2263472554E-04    0.2690978156E-04    0.9834347583E-05    0.4360566470E-20    0.2554406355E-04
 --------------Force and Moment -----------------------------
 Total Force Coefficient (CL, CD, CS) =
  -1.9282756575229258E-002   8.5667906522953127E-002  -9.7335679732019773E-022
 Total Moment Coefficient(CMx, CMy, CMz)=
   4.8206891438073033E-003   2.1416976630738282E-002   7.6841905605717670E-004
 Kstep, t=         111   111.00000000000000     
 ----------The Max Residuals are--------  ---Mesh---           1
    0.6933914617E-04    0.8792368426E-04    0.3352450037E-04    0.2824525009E-19    0.6858914410E-04
   The R.M.S Residuals are 
    0.2263623673E-04    0.2681427246E-04    0.9890370650E-05    0.4507407968E-20    0.2554032275E-04
 --------------Force and Moment -----------------------------
 Total Force Coefficient (CL, CD, CS) =
  -1.9221379911532811E-002   8.5124580072876876E-002  -4.4052477476026347E-021
 Total Moment Coefficient(CMx, CMy, CMz)=
   4.8053449778832072E-003   2.1281145018219219E-002   7.5278042091807230E-004
 Kstep, t=         112   112.00000000000000     
 ----------The Max Residuals are--------  ---Mesh---           1
    0.6864201221E-04    0.8683741859E-04    0.3441422083E-04    0.2912386615E-19    0.7046370584E-04
   The R.M.S Residuals are 
    0.2264328847E-04    0.2672496466E-04    0.9949956924E-05    0.4496049236E-20    0.2554357920E-04
 --------------Force and Moment -----------------------------
 Total Force Coefficient (CL, CD, CS) =
  -1.9159204229041573E-002   8.4588164951072270E-002   6.7400375058817995E-022
 Total Moment Coefficient(CMx, CMy, CMz)=
   4.7898010572603889E-003   2.1147041237768067E-002   7.3808079035620248E-004
 Kstep, t=         113   113.00000000000000     
 ----------The Max Residuals are--------  ---Mesh---           1
    0.6791950257E-04    0.8579827244E-04    0.3532836849E-04    0.2825787873E-19    0.7230512689E-04
   The R.M.S Residuals are 
    0.2265590071E-04    0.2664188142E-04    0.1001307932E-04    0.4466691810E-20    0.2555383936E-04
 --------------Force and Moment -----------------------------
 Total Force Coefficient (CL, CD, CS) =
  -1.9096259897313641E-002   8.4058529681086805E-002  -1.5138784701968958E-021
 Total Moment Coefficient(CMx, CMy, CMz)=
   4.7740649743284163E-003   2.1014632420271701E-002   7.2429093591459815E-004
 Kstep, t=         114   114.00000000000000     
 ----------The Max Residuals are--------  ---Mesh---           1
    0.6717348239E-04    0.8478851777E-04    0.3623054481E-04    0.2752765232E-19    0.7435493385E-04
   The R.M.S Residuals are 
    0.2267410634E-04    0.2656504889E-04    0.1007968058E-04    0.4440437174E-20    0.2557110995E-04
 --------------Force and Moment -----------------------------
 Total Force Coefficient (CL, CD, CS) =
  -1.9032576990083896E-002   8.3535546071293473E-002  -2.3467472217849491E-023
 Total Moment Coefficient(CMx, CMy, CMz)=
   4.7581442475209713E-003   2.0883886517823368E-002   7.1138200460961248E-004
 Kstep, t=         115   115.00000000000000     
 ----------The Max Residuals are--------  ---Mesh---           1
    0.6640586527E-04    0.8379424771E-04    0.3725626502E-04    0.3350630861E-19    0.7642733343E-04
   The R.M.S Residuals are 
    0.2269793610E-04    0.2649448660E-04    0.1014969430E-04    0.4379027331E-20    0.2559539214E-04
 --------------Force and Moment -----------------------------
 Total Force Coefficient (CL, CD, CS) =
  -1.8968185513106417E-002   8.3019089159133738E-002  -1.4842043763277258E-021
 Total Moment Coefficient(CMx, CMy, CMz)=
   4.7420463782766077E-003   2.0754772289783435E-002   6.9932534679030133E-004
 Kstep, t=         116   116.00000000000000     
 ----------The Max Residuals are--------  ---Mesh---           1
    0.6596911532E-04    0.8281530305E-04    0.3829285162E-04    0.2798897758E-19    0.7851415397E-04
   The R.M.S Residuals are 
    0.2272739688E-04    0.2643019579E-04    0.1022307168E-04    0.4442228747E-20    0.2562665929E-04
 --------------Force and Moment -----------------------------
 Total Force Coefficient (CL, CD, CS) =
  -1.8903115509880625E-002   8.2509037134394086E-002  -4.6568678025505252E-022
 Total Moment Coefficient(CMx, CMy, CMz)=
   4.7257788774701538E-003   2.0627259283598522E-002   6.8809243527831400E-004
 Kstep, t=         117   117.00000000000000     
 ----------The Max Residuals are--------  ---Mesh---           1
    0.6785583629E-04    0.8185151458E-04    0.3932893432E-04    0.2755236515E-19    0.8080685025E-04
   The R.M.S Residuals are 
    0.2276243736E-04    0.2637213926E-04    0.1029977761E-04    0.4468811323E-20    0.2566483118E-04
 --------------Force and Moment -----------------------------
 Total Force Coefficient (CL, CD, CS) =
  -1.8837397069797594E-002   8.2005271244015868E-002  -5.1150177459411765E-021
 Total Moment Coefficient(CMx, CMy, CMz)=
   4.7093492674493880E-003   2.0501317811003967E-002   6.7765485740547732E-004
 Kstep, t=         118   118.00000000000000     
 ----------The Max Residuals are--------  ---Mesh---           1
    0.6988277357E-04    0.8090270442E-04    0.4049910547E-04    0.2758239155E-19    0.8296691164E-04
   The R.M.S Residuals are 
    0.2280297859E-04    0.2632026239E-04    0.1037975832E-04    0.4563529958E-20    0.2570980827E-04
 --------------Force and Moment -----------------------------
 Total Force Coefficient (CL, CD, CS) =
  -1.8771060271173711E-002   8.1507675684724265E-002   1.9565786529585967E-022
 Total Moment Coefficient(CMx, CMy, CMz)=
   4.6927650677934269E-003   2.0376918921181066E-002   6.6798435563035366E-004
 Kstep, t=         119   119.00000000000000     
 ----------The Max Residuals are--------  ---Mesh---           1
    0.7183195736E-04    0.7996868731E-04    0.4156639269E-04    0.2723893075E-19    0.8563145397E-04
   The R.M.S Residuals are 
    0.2284897499E-04    0.2627453276E-04    0.1046292207E-04    0.4514338651E-20    0.2576151511E-04
 --------------Force and Moment -----------------------------
 Total Force Coefficient (CL, CD, CS) =
  -1.8704135088795183E-002   8.1016137490125262E-002   2.9005156269305148E-021
 Total Moment Coefficient(CMx, CMy, CMz)=
   4.6760337721988036E-003   2.0254034372531315E-002   6.5905289455252768E-004
 Kstep, t=         120   120.00000000000000     
 ----------The Max Residuals are--------  ---Mesh---           1
    0.7409853012E-04    0.7904927173E-04    0.4286195994E-04    0.2755164783E-19    0.8788175972E-04
   The R.M.S Residuals are 
    0.2290040156E-04    0.2623492780E-04    0.1054915240E-04    0.4528450694E-20    0.2581988337E-04
 --------------Force and Moment -----------------------------
 Total Force Coefficient (CL, CD, CS) =
  -1.8636651288194903E-002   8.0530546417679427E-002  -1.0209662148264703E-021
 Total Moment Coefficient(CMx, CMy, CMz)=
   4.6591628220487187E-003   2.0132636604419857E-002   6.5083273769529402E-004
 Kstep, t=         121   121.00000000000000     
 ----------The Max Residuals are--------  ---Mesh---           1
    0.7625044747E-04    0.7814426090E-04    0.4398548961E-04    0.2756289999E-19    0.9075077448E-04
   The R.M.S Residuals are 
    0.2295720877E-04    0.2620140192E-04    0.1063833918E-04    0.4582305795E-20    0.2588481451E-04
 --------------Force and Moment -----------------------------
 Total Force Coefficient (CL, CD, CS) =
  -1.8568638320872667E-002   8.0050794839222478E-002  -1.2117445920620322E-021
 Total Moment Coefficient(CMx, CMy, CMz)=
   4.6421595802181711E-003   2.0012698709805619E-002   6.4329652343443123E-004
 Kstep, t=         122   122.00000000000000     
 ----------The Max Residuals are--------  ---Mesh---           1
    0.7832116067E-04    0.7827721768E-04    0.4538107696E-04    0.2881371381E-19    0.9321495892E-04
   The R.M.S Residuals are 
    0.2301932901E-04    0.2617389285E-04    0.1073039952E-04    0.4496547189E-20    0.2595619199E-04
 --------------Force and Moment -----------------------------
 Total Force Coefficient (CL, CD, CS) =
  -1.8500125228090688E-002   7.9576777637124646E-002  -1.4859684679406096E-021
 Total Moment Coefficient(CMx, CMy, CMz)=
   4.6250313070226746E-003   1.9894194409281162E-002   6.3641733438238117E-004
 Kstep, t=         123   123.00000000000000     
 ----------The Max Residuals are--------  ---Mesh---           1
    0.8075829160E-04    0.8070666640E-04    0.4659577786E-04    0.2757210763E-19    0.9602068965E-04
   The R.M.S Residuals are 
    0.2308666927E-04    0.2615231852E-04    0.1082526680E-04    0.4519335628E-20    0.2603387020E-04
 --------------Force and Moment -----------------------------
 Total Force Coefficient (CL, CD, CS) =
  -1.8431140556358153E-002   7.9108392107029246E-002  -1.7411647973181084E-021
 Total Moment Coefficient(CMx, CMy, CMz)=
   4.6077851390895399E-003   1.9777098026757312E-002   6.3016875792066445E-004
 Kstep, t=         124   124.00000000000000     
 ----------The Max Residuals are--------  ---Mesh---           1
    0.8283060246E-04    0.8277450843E-04    0.4804001779E-04    0.2823725616E-19    0.9879882118E-04
   The R.M.S Residuals are 
    0.2315908054E-04    0.2613655962E-04    0.1092286178E-04    0.4474113121E-20    0.2611765631E-04
 --------------Force and Moment -----------------------------
 Total Force Coefficient (CL, CD, CS) =
  -1.8361712285044893E-002   7.8645537867339174E-002   1.4119006133307069E-021
 Total Moment Coefficient(CMx, CMy, CMz)=
   4.5904280712612214E-003   1.9661384466834794E-002   6.2452493757737717E-004
 Kstep, t=         125   125.00000000000000     
 ----------The Max Residuals are--------  ---Mesh---           1
    0.8558777363E-04    0.8552535509E-04    0.4939404248E-04    0.3301237516E-19    0.1016564255E-03
   The R.M.S Residuals are 
    0.2323640626E-04    0.2612649763E-04    0.1102306315E-04    0.4595912676E-20    0.2620737398E-04
 --------------Force and Moment -----------------------------
 Total Force Coefficient (CL, CD, CS) =
  -1.8291867765246696E-002   7.8188116775164157E-002   2.4385382644393711E-021
 Total Moment Coefficient(CMx, CMy, CMz)=
   4.5729669413116757E-003   1.9547029193791039E-002   6.1946061593039562E-004
 Kstep, t=         126   126.00000000000000     
 ----------The Max Residuals are--------  ---Mesh---           1
    0.8788158999E-04    0.8781225099E-04    0.5080673933E-04    0.2289322189E-19    0.1048254445E-03
   The R.M.S Residuals are 
    0.2331857614E-04    0.2612207746E-04    0.1112571715E-04    0.4532017862E-20    0.2630292317E-04
 --------------Force and Moment -----------------------------
 Total Force Coefficient (CL, CD, CS) =
  -1.8221633668584446E-002   7.7736032848235950E-002  -5.2111153359844019E-022
 Total Moment Coefficient(CMx, CMy, CMz)=
   4.5554084171461088E-003   1.9434008212058988E-002   6.1495117004502654E-004
 Kstep, t=         127   127.00000000000000     
 ----------The Max Residuals are--------  ---Mesh---           1
    0.9042151121E-04    0.9038947027E-04    0.5236077098E-04    0.2837618534E-19    0.1074279520E-03
   The R.M.S Residuals are 
    0.2340558368E-04    0.2612328816E-04    0.1123065460E-04    0.4609458363E-20    0.2640425001E-04
 --------------Force and Moment -----------------------------
 Total Force Coefficient (CL, CD, CS) =
  -1.8151035944641583E-002   7.7289192192256537E-002  -1.7776031302223085E-021
 Total Moment Coefficient(CMx, CMy, CMz)=
   4.5377589861603984E-003   1.9322298048064134E-002   6.1097264043573699E-004
 Kstep, t=         128   128.00000000000000     
 ----------The Max Residuals are--------  ---Mesh---           1
    0.9324446616E-04    0.9320600878E-04    0.5363228373E-04    0.2709417818E-19    0.1109114919E-03
   The R.M.S Residuals are 
    0.2349738397E-04    0.2613008695E-04    0.1133773971E-04    0.4530855863E-20    0.2651125480E-04
 --------------Force and Moment -----------------------------
 Total Force Coefficient (CL, CD, CS) =
  -1.8080099785955952E-002   7.6847502933179490E-002  -2.3410584168153689E-021
 Total Moment Coefficient(CMx, CMy, CMz)=
   4.5200249464889854E-003   1.9211875733294873E-002   6.0750175438071033E-004
 Kstep, t=         129   129.00000000000000     
 ----------The Max Residuals are--------  ---Mesh---           1
    0.9553938720E-04    0.9549352355E-04    0.5541880459E-04    0.3232060983E-19    0.1141050790E-03
   The R.M.S Residuals are 
    0.2359384961E-04    0.2614235896E-04    0.1144691181E-04    0.4566558349E-20    0.2662375061E-04
 --------------Force and Moment -----------------------------
 Total Force Coefficient (CL, CD, CS) =
  -1.8008849599721502E-002   7.6410875153993169E-002  -1.8163536490028313E-021
 Total Moment Coefficient(CMx, CMy, CMz)=
   4.5022123999303790E-003   1.9102718788498292E-002   6.0451594423597957E-004
 Kstep, t=         130   130.00000000000000     
 ----------The Max Residuals are--------  ---Mesh---           1
    0.9857314494E-04    0.9854292020E-04    0.5695541254E-04    0.2700729352E-19    0.1169334867E-03
   The R.M.S Residuals are 
    0.2369475830E-04    0.2615991231E-04    0.1155816092E-04    0.4599019789E-20    0.2674146436E-04
 --------------Force and Moment -----------------------------
 Total Force Coefficient (CL, CD, CS) =
  -1.7937308985550279E-002   7.5979220835627401E-002  -1.4954376518103501E-021
 Total Moment Coefficient(CMx, CMy, CMz)=
   4.4843272463875716E-003   1.8994805208906850E-002   6.0199336124884409E-004
 Kstep, t=         131   131.00000000000000     
 ----------The Max Residuals are--------  ---Mesh---           1
    0.1014766055E-03    0.1014415121E-03    0.5846035697E-04    0.2745955210E-19    0.1208831953E-03
   The R.M.S Residuals are 
    0.2379980935E-04    0.2618250346E-04    0.1167147884E-04    0.4647380302E-20    0.2686406322E-04
 --------------Force and Moment -----------------------------
 Total Force Coefficient (CL, CD, CS) =
  -1.7865500718777044E-002   7.5552453801649433E-002  -3.7419111771351893E-021
 Total Moment Coefficient(CMx, CMy, CMz)=
   4.4663751796942663E-003   1.8888113450412358E-002   5.9991288526853542E-004
 Kstep, t=         132   132.00000000000000     
 ----------The Max Residuals are--------  ---Mesh---           1
    0.1037701129E-03    0.1037290687E-03    0.6035627296E-04    0.2795420206E-19    0.1241445326E-03
   The R.M.S Residuals are 
    0.2390872041E-04    0.2620990915E-04    0.1178674503E-04    0.4618920330E-20    0.2699124926E-04
 --------------Force and Moment -----------------------------
 Total Force Coefficient (CL, CD, CS) =
  -1.7793446738875764E-002   7.5130489666450390E-002  -6.0921566321496690E-022
 Total Moment Coefficient(CMx, CMy, CMz)=
   4.4483616847189426E-003   1.8782622416612597E-002   5.9825413068761708E-004
 Kstep, t=         133   133.00000000000000     
 ----------The Max Residuals are--------  ---Mesh---           1
    0.1071268818E-03    0.1071116289E-03    0.6190285732E-04    0.2881552811E-19    0.1271652347E-03
   The R.M.S Residuals are 
    0.2402140187E-04    0.2624206023E-04    0.1190372044E-04    0.4717078822E-20    0.2712290168E-04
 --------------Force and Moment -----------------------------
 Total Force Coefficient (CL, CD, CS) =
  -1.7721168142605079E-002   7.4713245786649327E-002  -3.5074952635200632E-021
 Total Moment Coefficient(CMx, CMy, CMz)=
   4.4302920356512690E-003   1.8678311446662332E-002   5.9699744890971121E-004
 Kstep, t=         134   134.00000000000000     
 ----------The Max Residuals are--------  ---Mesh---           1
    0.1102716110E-03    0.1102525211E-03    0.6367942136E-04    0.2765142811E-19    0.1314773109E-03
   The R.M.S Residuals are 
    0.2413801421E-04    0.2627908463E-04    0.1202211578E-04    0.4568359821E-20    0.2725916059E-04
 --------------Force and Moment -----------------------------
 Total Force Coefficient (CL, CD, CS) =
  -1.7648685181529001E-002   7.4300641215466812E-002  -3.0045728874321113E-021
 Total Moment Coefficient(CMx, CMy, CMz)=
   4.4121712953822589E-003   1.8575160303866703E-002   5.9612392761824496E-004
 Kstep, t=         135   135.00000000000000     
 ----------The Max Residuals are--------  ---Mesh---           1
    0.1127387251E-03    0.1127393658E-03    0.6571462359E-04    0.3241382355E-19    0.1349770493E-03
   The R.M.S Residuals are 
    0.2425866286E-04    0.2632105589E-04    0.1214173105E-04    0.4643428607E-20    0.2740009579E-04
 --------------Force and Moment -----------------------------
 Total Force Coefficient (CL, CD, CS) =
  -1.7576017263571806E-002   7.3892596659836857E-002  -3.8157088184907967E-021
 Total Moment Coefficient(CMx, CMy, CMz)=
   4.3940043158929472E-003   1.8473149164959214E-002   5.9561538711094808E-004
 Kstep, t=         136   136.00000000000000     
 ----------The Max Residuals are--------  ---Mesh---           1
    0.1165049251E-03    0.1165601572E-03    0.6735280845E-04    0.2882611263E-19    0.1386291378E-03
   The R.M.S Residuals are 
    0.2438319892E-04    0.2636784020E-04    0.1226257590E-04    0.4594156134E-20    0.2754552175E-04
 --------------Force and Moment -----------------------------
 Total Force Coefficient (CL, CD, CS) =
  -1.7503182958272724E-002   7.3489034440038944E-002  -4.1434005667111308E-021
 Total Moment Coefficient(CMx, CMy, CMz)=
   4.3757957395681871E-003   1.8372258610009736E-002   5.9545437396056654E-004
 Kstep, t=         137   137.00000000000000     
 ----------The Max Residuals are--------  ---Mesh---           1
    0.1200702805E-03    0.1201399238E-03    0.6962337829E-04    0.3049358677E-19    0.1435161293E-03
   The R.M.S Residuals are 
    0.2451132082E-04    0.2641917768E-04    0.1238473655E-04    0.4592465927E-20    0.2769510622E-04
 --------------Force and Moment -----------------------------
 Total Force Coefficient (CL, CD, CS) =
  -1.7430200005412236E-002   7.3089878451646426E-002  -2.8406536580166549E-021
 Total Moment Coefficient(CMx, CMy, CMz)=
   4.3575500013530565E-003   1.8272469612911606E-002   5.9562415225937124E-004
 Kstep, t=         138   138.00000000000000     
 ----------The Max Residuals are--------  ---Mesh---           1
    0.1228393805E-03    0.1228830594E-03    0.7187472585E-04    0.2744190019E-19    0.1473968342E-03
   The R.M.S Residuals are 
    0.2464267429E-04    0.2647477447E-04    0.1250825792E-04    0.4595263978E-20    0.2784846542E-04
 --------------Force and Moment -----------------------------
 Total Force Coefficient (CL, CD, CS) =
  -1.7357085326685354E-002   7.2695054129595371E-002  -3.3797470676024130E-021
 Total Moment Coefficient(CMx, CMy, CMz)=
   4.3392713316713445E-003   1.8173763532398843E-002   5.9610869270202023E-004
 Kstep, t=         139   139.00000000000000     
 ----------The Max Residuals are--------  ---Mesh---           1
    0.1264886198E-03    0.1264656708E-03    0.7364013582E-04    0.2723849050E-19    0.1504184024E-03
   The R.M.S Residuals are 
    0.2477691222E-04    0.2653435185E-04    0.1263306733E-04    0.4661639043E-20    0.2800521291E-04
 --------------Force and Moment -----------------------------
 Total Force Coefficient (CL, CD, CS) =
  -1.7283855040107880E-002   7.2304488414193097E-002  -2.6083000203191612E-021
 Total Moment Coefficient(CMx, CMy, CMz)=
   4.3209637600269708E-003   1.8076122103548274E-002   5.9689265975620964E-004
 Kstep, t=         140   140.00000000000000     
 ----------The Max Residuals are--------  ---Mesh---           1
    0.1307408672E-03    0.1307279018E-03    0.7586162610E-04    0.2715781293E-19    0.1561829021E-03
   The R.M.S Residuals are 
    0.2491374756E-04    0.2659767099E-04    0.1275897572E-04    0.4678429665E-20    0.2816502004E-04
 --------------Force and Moment -----------------------------
 Total Force Coefficient (CL, CD, CS) =
  -1.7210524476850241E-002   7.1918109718893175E-002  -7.7711953822621437E-022
 Total Moment Coefficient(CMx, CMy, CMz)=
   4.3026311192125577E-003   1.7979527429723294E-002   5.9796139716345104E-004
 Kstep, t=         141   141.00000000000000     
 ----------The Max Residuals are--------  ---Mesh---           1
    0.1342666901E-03    0.1341510126E-03    0.7849233728E-04    0.2880770867E-19    0.1607932173E-03
   The R.M.S Residuals are 
    0.2505315695E-04    0.2666470238E-04    0.1288572495E-04    0.4613063442E-20    0.2832784974E-04
 --------------Force and Moment -----------------------------
 Total Force Coefficient (CL, CD, CS) =
  -1.7137108200208806E-002   7.1535847899674238E-002   1.9644426224515218E-021
 Total Moment Coefficient(CMx, CMy, CMz)=
   4.2842770500522041E-003   1.7883961974918559E-002   5.9930091200301704E-004
 Kstep, t=         142   142.00000000000000     
 ----------The Max Residuals are--------  ---Mesh---           1
    0.1369495133E-03    0.1368371099E-03    0.8046020994E-04    0.2881400946E-19    0.1642775477E-03
   The R.M.S Residuals are 
    0.2519538100E-04    0.2673564049E-04    0.1301304629E-04    0.4777900302E-20    0.2849397070E-04
 --------------Force and Moment -----------------------------
 Total Force Coefficient (CL, CD, CS) =
  -1.7063620026438700E-002   7.1157634225870736E-002   7.6278860311317190E-022
 Total Moment Coefficient(CMx, CMy, CMz)=
   4.2659050066096750E-003   1.7789408556467684E-002   6.0089785754017979E-004
 Kstep, t=         143   143.00000000000000     
 ----------The Max Residuals are--------  ---Mesh---           1
    0.1418779508E-03    0.1416900124E-03    0.8225838558E-04    0.2879733014E-19    0.1691379768E-03
   The R.M.S Residuals are 
    0.2534051119E-04    0.2681055305E-04    0.1314084697E-04    0.4694227593E-20    0.2866347478E-04
 --------------Force and Moment -----------------------------
 Total Force Coefficient (CL, CD, CS) =
  -1.6990073047190486E-002   7.0783401352312203E-002   1.1709726267660135E-021
 Total Moment Coefficient(CMx, CMy, CMz)=
   4.2475182617976240E-003   1.7695850338078051E-002   6.0273951506612314E-004
 Kstep, t=         144   144.00000000000000     
 ----------The Max Residuals are--------  ---Mesh---           1
    0.1465145396E-03    0.1462412262E-03    0.8536921504E-04    0.3049457551E-19    0.1746951846E-03
   The R.M.S Residuals are 
    0.2548831265E-04    0.2688922345E-04    0.1326919334E-04    0.4641928262E-20    0.2883609379E-04
 --------------Force and Moment -----------------------------
 Total Force Coefficient (CL, CD, CS) =
  -1.6916479653310633E-002   7.0413083292636999E-002   2.5135041985020464E-021
 Total Moment Coefficient(CMx, CMy, CMz)=
   4.2291199133276626E-003   1.7603270823159250E-002   6.0481377492166140E-004
 Kstep, t=         145   145.00000000000000     
 ----------The Max Residuals are--------  ---Mesh---           1
    0.1504186988E-03    0.1501564218E-03    0.8759983865E-04    0.2802988020E-19    0.1796180150E-03
   The R.M.S Residuals are 
    0.2563846175E-04    0.2697135394E-04    0.1339815950E-04    0.4684873839E-20    0.2901142732E-04
 --------------Force and Moment -----------------------------
 Total Force Coefficient (CL, CD, CS) =
  -1.6842851559783510E-002   7.0046615393655171E-002   2.5156701363831658E-021
 Total Moment Coefficient(CMx, CMy, CMz)=
   4.2107128899458775E-003   1.7511653848413793E-002   6.0710911687968517E-004
 Kstep, t=         146   146.00000000000000     
 ----------The Max Residuals are--------  ---Mesh---           1
    0.1528981134E-03    0.1526782816E-03    0.9010191047E-04    0.2805245399E-19    0.1836318220E-03
   The R.M.S Residuals are 
    0.2579074848E-04    0.2705675084E-04    0.1352768108E-04    0.4683048567E-20    0.2918922695E-04
 --------------Force and Moment -----------------------------
 Total Force Coefficient (CL, CD, CS) =
  -1.6769199831610220E-002   6.9683934310643347E-002   7.1001317704192793E-022
 Total Moment Coefficient(CMx, CMy, CMz)=
   4.1922999579025507E-003   1.7420983577660837E-002   6.0961459004448318E-004
 Kstep, t=         147   147.00000000000000     
 ----------The Max Residuals are--------  ---Mesh---           1
    0.1582329591E-03    0.1578047124E-03    0.9198298741E-04    0.2735300089E-19    0.1884379249E-03
   The R.M.S Residuals are 
    0.2594496447E-04    0.2714523668E-04    0.1365764559E-04    0.4655983830E-20    0.2936930851E-04
 --------------Force and Moment -----------------------------
 Total Force Coefficient (CL, CD, CS) =
  -1.6695534910436391E-002   6.9324977983461988E-002   1.1684354667175141E-021
 Total Moment Coefficient(CMx, CMy, CMz)=
   4.1738837276090977E-003   1.7331244495865497E-002   6.1231979240664036E-004
 Kstep, t=         148   148.00000000000000     
 ----------The Max Residuals are--------  ---Mesh---           1
    0.1633121783E-03    0.1628013365E-03    0.9506807037E-04    0.3349107524E-19    0.1940196974E-03
   The R.M.S Residuals are 
    0.2610075964E-04    0.2723651475E-04    0.1378796384E-04    0.4758784552E-20    0.2955132123E-04
 --------------Force and Moment -----------------------------
 Total Force Coefficient (CL, CD, CS) =
  -1.6621866641757771E-002   6.8969685613394324E-002   8.8422087846476969E-022
 Total Moment Coefficient(CMx, CMy, CMz)=
   4.1554666604394427E-003   1.7242421403348581E-002   6.1521485017381481E-004
 Kstep, t=         149   149.00000000000000     
 ----------The Max Residuals are--------  ---Mesh---           1
    0.1680025051E-03    0.1675232397E-03    0.9790476718E-04    0.2745632092E-19    0.2004054579E-03
   The R.M.S Residuals are 
    0.2625788169E-04    0.2733036904E-04    0.1391848434E-04    0.4733313514E-20    0.2973495794E-04
 --------------Force and Moment -----------------------------
 Total Force Coefficient (CL, CD, CS) =
  -1.6548204302540774E-002   6.8617997640611439E-002   9.9360294775675920E-022
 Total Moment Coefficient(CMx, CMy, CMz)=
   4.1370510756351944E-003   1.7154499410152860E-002   6.1829039698139726E-004
 Kstep, t=         150   150.00000000000000     
 ----------The Max Residuals are--------  ---Mesh---           1
    0.1711792255E-03    0.1707736714E-03    0.1008446638E-03    0.2761663402E-19    0.2052145884E-03
   The R.M.S Residuals are 
    0.2641648590E-04    0.2742692767E-04    0.1404894773E-04    0.4709111079E-20    0.2992037018E-04
 --------------Force and Moment -----------------------------
 Total Force Coefficient (CL, CD, CS) =
  -1.6474556629108860E-002   6.8269855722175671E-002   3.8394537428647737E-022
 Total Moment Coefficient(CMx, CMy, CMz)=
   4.1186391572772133E-003   1.7067463930543918E-002   6.2153755306916286E-004
 Kstep, t=         151   151.00000000000000     
 ----------The Max Residuals are--------  ---Mesh---           1
    0.1763121214E-03    0.1755177697E-03    0.1029154636E-03    0.2769209325E-19    0.2082481634E-03
   The R.M.S Residuals are 
    0.2657687085E-04    0.2752644444E-04    0.1417918047E-04    0.4791458479E-20    0.3010789407E-04
 --------------Force and Moment -----------------------------
 Total Force Coefficient (CL, CD, CS) =
  -1.6400931845154065E-002   6.7925202710500773E-002   1.5205582043116429E-021
 Total Moment Coefficient(CMx, CMy, CMz)=
   4.1002329612885137E-003   1.6981300677625193E-002   6.2494790449430871E-004
 Kstep, t=         152   152.00000000000000     
 ----------The Max Residuals are--------  ---Mesh---           1
    0.1811695591E-03    0.1804901706E-03    0.1057293560E-03    0.2880366465E-19    0.2157004097E-03
   The R.M.S Residuals are 
    0.2673891015E-04    0.2762882700E-04    0.1430923105E-04    0.4626617462E-20    0.3029744763E-04
 --------------Force and Moment -----------------------------
 Total Force Coefficient (CL, CD, CS) =
  -1.6327337689740443E-002   6.7583982632193812E-002   1.6141424107355868E-021
 Total Moment Coefficient(CMx, CMy, CMz)=
   4.0818344224351133E-003   1.6895995658048453E-002   6.2851348243697636E-004
 Kstep, t=         153   153.00000000000000     
 ----------The Max Residuals are--------  ---Mesh---           1
    0.1864003111E-03    0.1855739817E-03    0.1086503353E-03    0.2710159049E-19    0.2220942809E-03
   The R.M.S Residuals are 
    0.2690210359E-04    0.2773364142E-04    0.1443920225E-04    0.4719782427E-20    0.3048853352E-04
 --------------Force and Moment -----------------------------
 Total Force Coefficient (CL, CD, CS) =
  -1.6253781445174482E-002   6.7246140667210005E-002  -1.2880371261255619E-021
 Total Moment Coefficient(CMx, CMy, CMz)=
   4.0634453612936224E-003   1.6811535166802501E-002   6.3222674264185074E-004
 Kstep, t=         154   154.00000000000000     
 ----------The Max Residuals are--------  ---Mesh---           1
    0.1908528828E-03    0.1900887777E-03    0.1122961956E-03    0.2730216079E-19    0.2283118616E-03
   The R.M.S Residuals are 
    0.2706601481E-04    0.2784047299E-04    0.1456908249E-04    0.4599853156E-20    0.3068065595E-04
 --------------Force and Moment -----------------------------
 Total Force Coefficient (CL, CD, CS) =
  -1.6180269964622601E-002   6.6911623128258158E-002  -1.1782781520525617E-021
 Total Moment Coefficient(CMx, CMy, CMz)=
   4.0450674911556459E-003   1.6727905782064539E-002   6.3608054502897694E-004
 Kstep, t=         155   155.00000000000000     
 ----------The Max Residuals are--------  ---Mesh---           1
    0.1933026221E-03    0.1926600147E-03    0.1147917385E-03    0.2759424117E-19    0.2321937414E-03
   The R.M.S Residuals are 
    0.2723050240E-04    0.2794916306E-04    0.1469869336E-04    0.4716570526E-20    0.3087362773E-04
 --------------Force and Moment -----------------------------
 Total Force Coefficient (CL, CD, CS) =
  -1.6106809699364327E-002   6.6580377440402086E-002  -1.1079741855353020E-021
 Total Moment Coefficient(CMx, CMy, CMz)=
   4.0267024248410808E-003   1.6645094360100521E-002   6.4006813349879875E-004
 Kstep, t=         156   156.00000000000000     
 ----------The Max Residuals are--------  ---Mesh---           1
    0.1998007728E-03    0.1985170748E-03    0.1158685578E-03    0.2793997359E-19    0.2357393696E-03
   The R.M.S Residuals are 
    0.2739559870E-04    0.2805972130E-04    0.1482788065E-04    0.4659433579E-20    0.3106745111E-04
 --------------Force and Moment -----------------------------
 Total Force Coefficient (CL, CD, CS) =
  -1.6033406725576297E-002   6.6252352120808072E-002  -1.3369818922364283E-021
 Total Moment Coefficient(CMx, CMy, CMz)=
   4.0083516813940743E-003   1.6563088030202018E-002   6.4418311595100856E-004
 Kstep, t=         157   157.00000000000000     
 ----------The Max Residuals are--------  ---Mesh---           1
    0.2066352969E-03    0.2055132324E-03    0.1201330345E-03    0.3049914116E-19    0.2449701400E-03
   The R.M.S Residuals are 
    0.2756128923E-04    0.2817213369E-04    0.1495656305E-04    0.4664998050E-20    0.3126208027E-04
 --------------Force and Moment -----------------------------
 Total Force Coefficient (CL, CD, CS) =
  -1.5960066770549747E-002   6.5927496758597062E-002  -7.7871443774656087E-022
 Total Moment Coefficient(CMx, CMy, CMz)=
   3.9900166926374360E-003   1.6481874189649266E-002   6.4841944453323543E-004
 Kstep, t=         158   158.00000000000000     
 ----------The Max Residuals are--------  ---Mesh---           1
    0.2106122234E-03    0.2093636897E-03    0.1235397727E-03    0.2542102687E-19    0.2511422288E-03
   The R.M.S Residuals are 
    0.2772735642E-04    0.2828622301E-04    0.1508469818E-04    0.4594632646E-20    0.3145730196E-04
 --------------Force and Moment -----------------------------
 Total Force Coefficient (CL, CD, CS) =
  -1.5886795238254352E-002   6.5605761994766643E-002   1.2266279830418854E-022
 Total Moment Coefficient(CMx, CMy, CMz)=
   3.9716988095635881E-003   1.6401440498691661E-002   6.5277139613527596E-004
 Kstep, t=         159   159.00000000000000     
 ----------The Max Residuals are--------  ---Mesh---           1
    0.2144891282E-03    0.2133076041E-03    0.1269248480E-03    0.2670226340E-19    0.2569672728E-03
   The R.M.S Residuals are 
    0.2789350032E-04    0.2840174094E-04    0.1521218455E-04    0.4603072235E-20    0.3165287691E-04
 --------------Force and Moment -----------------------------
 Total Force Coefficient (CL, CD, CS) =
  -1.5813597234169127E-002   6.5287099502155388E-002   9.5114184580784214E-022
 Total Moment Coefficient(CMx, CMy, CMz)=
   3.9533993085422801E-003   1.6321774875538847E-002   6.5723355314578321E-004
 Kstep, t=         160   160.00000000000000     
 ----------The Max Residuals are--------  ---Mesh---           1
    0.2161440815E-03    0.2151156729E-03    0.1290091110E-03    0.3049348660E-19    0.2600480284E-03
   The R.M.S Residuals are 
    0.2805981650E-04    0.2851875072E-04    0.1533884494E-04    0.4688907499E-20    0.3184892393E-04
 --------------Force and Moment -----------------------------
 Total Force Coefficient (CL, CD, CS) =
  -1.5740477589311328E-002   6.4971461965428690E-002   6.4166904052535098E-022
 Total Moment Coefficient(CMx, CMy, CMz)=
   3.9351193973278346E-003   1.6242865491357172E-002   6.6180078449209665E-004
 Kstep, t=         161   161.00000000000000     
 ----------The Max Residuals are--------  ---Mesh---           1
    0.2210353460E-03    0.2190882380E-03    0.1296201702E-03    0.2541802753E-19    0.2606517497E-03
   The R.M.S Residuals are 
    0.2822641189E-04    0.2863728858E-04    0.1546465919E-04    0.4646784110E-20    0.3204551129E-04
 --------------Force and Moment -----------------------------
 Total Force Coefficient (CL, CD, CS) =
  -1.5667440883403286E-002   6.4658803061073758E-002   1.4080899609410411E-021
 Total Moment Coefficient(CMx, CMy, CMz)=
   3.9168602208508206E-003   1.6164700765268439E-002   6.6646822698918659E-004
 Kstep, t=         162   162.00000000000000     
 ----------The Max Residuals are--------  ---Mesh---           1
    0.2298769572E-03    0.2280069488E-03    0.1338467252E-03    0.2882253733E-19    0.2723675512E-03
   The R.M.S Residuals are 
    0.2839284285E-04    0.2875692688E-04    0.1558974276E-04    0.4771058705E-20    0.3224214899E-04
 --------------Force and Moment -----------------------------
 Total Force Coefficient (CL, CD, CS) =
  -1.5594491467125524E-002   6.4349077437396596E-002   1.1372631166407354E-021
 Total Moment Coefficient(CMx, CMy, CMz)=
   3.8986228667813802E-003   1.6087269359349149E-002   6.7123126703001008E-004
 Kstep, t=         163   163.00000000000000     
 ----------The Max Residuals are--------  ---Mesh---           1
    0.2360020650E-03    0.2343462749E-03    0.1384509626E-03    0.2709692629E-19    0.2808266849E-03
   The R.M.S Residuals are 
    0.2855861449E-04    0.2887721755E-04    0.1571392381E-04    0.4679694195E-20    0.3243826564E-04
 --------------Force and Moment -----------------------------
 Total Force Coefficient (CL, CD, CS) =
  -1.5521633483411739E-002   6.4042240694521982E-002   5.2469526573612611E-022
 Total Moment Coefficient(CMx, CMy, CMz)=
   3.8804083708529344E-003   1.6010560173630495E-002   6.7608552265719290E-004
 Kstep, t=         164   164.00000000000000     
 ----------The Max Residuals are--------  ---Mesh---           1
    0.2402982143E-03    0.2385528097E-03    0.1421266905E-03    0.2751513476E-19    0.2873879033E-03
   The R.M.S Residuals are 
    0.2872369271E-04    0.2899810678E-04    0.1583690297E-04    0.4709911836E-20    0.3263375535E-04
 --------------Force and Moment -----------------------------
 Total Force Coefficient (CL, CD, CS) =
  -1.5448870887747325E-002   6.3738249364402880E-002  -1.7505952202894369E-021
 Total Moment Coefficient(CMx, CMy, CMz)=
   3.8622177219368322E-003   1.5934562341100720E-002   6.8102682606279786E-004
 Kstep, t=         165   165.00000000000000     
 ----------The Max Residuals are--------  ---Mesh---           1
    0.2422909825E-03    0.2406650228E-03    0.1447647296E-03    0.2710603013E-19    0.2912556784E-03
   The R.M.S Residuals are 
    0.2888822555E-04    0.2911973044E-04    0.1595860589E-04    0.4644682734E-20    0.3282878889E-04
 --------------Force and Moment -----------------------------
 Total Force Coefficient (CL, CD, CS) =
  -1.5376207467437945E-002   6.3437060890851382E-002  -9.4206480559511492E-022
 Total Moment Coefficient(CMx, CMy, CMz)=
   3.8440518668594911E-003   1.5859265222712846E-002   6.8605120657015022E-004
 Kstep, t=         166   166.00000000000000     
 ----------The Max Residuals are--------  ---Mesh---           1
    0.2415230402E-03    0.2400523261E-03    0.1455351534E-03    0.2496756629E-19    0.2916698612E-03
   The R.M.S Residuals are 
    0.2905212619E-04    0.2924206587E-04    0.1607902662E-04    0.4575655225E-20    0.3302342530E-04
 --------------Force and Moment -----------------------------
 Total Force Coefficient (CL, CD, CS) =
  -1.5303646859817365E-002   6.3138633609607864E-002  -3.0600023583210148E-021
 Total Moment Coefficient(CMx, CMy, CMz)=
   3.8259117149543440E-003   1.5784658402401966E-002   6.9115487415721247E-004
 Kstep, t=         167   167.00000000000000     
 ----------The Max Residuals are--------  ---Mesh---           1
    0.2499633033E-03    0.2472692169E-03    0.1453057519E-03    0.3388204167E-19    0.2948296103E-03
   The R.M.S Residuals are 
    0.2921534728E-04    0.2936507697E-04    0.1619819245E-04    0.4622977401E-20    0.3321766991E-04
 --------------Force and Moment -----------------------------
 Total Force Coefficient (CL, CD, CS) =
  -1.5231192569366826E-002   6.2842926728470042E-002  -3.9396713857896970E-021
 Total Moment Coefficient(CMx, CMy, CMz)=
   3.8077981423417047E-003   1.5710731682117510E-002   6.9633420358510803E-004
 Kstep, t=         168   168.00000000000000     
 ----------The Max Residuals are--------  ---Mesh---           1
    0.2597790328E-03    0.2571191194E-03    0.1519855774E-03    0.2732733083E-19    0.3079377415E-03
   The R.M.S Residuals are 
    0.2937769282E-04    0.2948846228E-04    0.1631614573E-04    0.4747397035E-20    0.3341119826E-04
 --------------Force and Moment -----------------------------
 Total Force Coefficient (CL, CD, CS) =
  -1.5158847983720018E-002   6.2549900307505138E-002  -2.7339352374998176E-021
 Total Moment Coefficient(CMx, CMy, CMz)=
   3.7897119959300024E-003   1.5637475076876284E-002   7.0158571919732226E-004
 Kstep, t=         169   169.00000000000000     
 ----------The Max Residuals are--------  ---Mesh---           1
    0.2659342579E-03    0.2634380342E-03    0.1569841283E-03    0.2797865882E-19    0.3169378796E-03
   The R.M.S Residuals are 
    0.2953852881E-04    0.2961155985E-04    0.1643271862E-04    0.4601228301E-20    0.3360318753E-04
 --------------Force and Moment -----------------------------
 Total Force Coefficient (CL, CD, CS) =
  -1.5086616388529291E-002   6.2259515239372190E-002  -1.2113815776574933E-021
 Total Moment Coefficient(CMx, CMy, CMz)=
   3.7716540971323240E-003   1.5564878809843048E-002   7.0690608045464532E-004
 Kstep, t=         170   170.00000000000000     
 ----------The Max Residuals are--------  ---Mesh---           1
    0.2707617102E-03    0.2683042734E-03    0.1609272010E-03    0.2753561313E-19    0.3239955353E-03
   The R.M.S Residuals are 
    0.2969728070E-04    0.2973385183E-04    0.1654745261E-04    0.4661111931E-20    0.3379301224E-04
 --------------Force and Moment -----------------------------
 Total Force Coefficient (CL, CD, CS) =
  -1.5014500981171909E-002   6.1971733229782465E-002  -2.7252943893052645E-021
 Total Moment Coefficient(CMx, CMy, CMz)=
   3.7536252452929721E-003   1.5492933307445616E-002   7.1229206826789872E-004
 Kstep, t=         171   171.00000000000000     
 ----------The Max Residuals are--------  ---Mesh---           1
    0.2720522047E-03    0.2697012036E-03    0.1632612337E-03    0.3388198997E-19    0.3271342589E-03
   The R.M.S Residuals are 
    0.2985412830E-04    0.2985545643E-04    0.1666011981E-04    0.4678716871E-20    0.3398078387E-04
 --------------Force and Moment -----------------------------
 Total Force Coefficient (CL, CD, CS) =
  -1.4942504883278102E-002   6.1686516778126123E-002  -1.5066140168566881E-021
 Total Moment Coefficient(CMx, CMy, CMz)=
   3.7356262208195230E-003   1.5421629194531531E-002   7.1774057218485887E-004
 Kstep, t=         172   172.00000000000000     
 ----------The Max Residuals are--------  ---Mesh---           1
    0.2705089334E-03    0.2682244185E-03    0.1638054237E-03    0.3388091722E-19    0.3266453119E-03
   The R.M.S Residuals are 
    0.3000952183E-04    0.2997673764E-04    0.1677100080E-04    0.4660200440E-20    0.3416694196E-04
 --------------Force and Moment -----------------------------
 Total Force Coefficient (CL, CD, CS) =
  -1.4870631152067987E-002   6.1403829158294537E-002  -3.3233950998624558E-021
 Total Moment Coefficient(CMx, CMy, CMz)=
   3.7176577880169933E-003   1.5350957289573634E-002   7.2324857847979121E-004
 Kstep, t=         173   173.00000000000000     
 ----------The Max Residuals are--------  ---Mesh---           1
    0.2755152348E-03    0.2718332107E-03    0.1626691131E-03    0.2710861507E-19    0.3245491124E-03
   The R.M.S Residuals are 
    0.3016383203E-04    0.3009812005E-04    0.1688032544E-04    0.4704996340E-20    0.3435201130E-04
 --------------Force and Moment -----------------------------
 Total Force Coefficient (CL, CD, CS) =
  -1.4798882790490436E-002   6.1123634399724881E-002  -1.9321905770798624E-021
 Total Moment Coefficient(CMx, CMy, CMz)=
   3.6997206976226091E-003   1.5280908599931220E-002   7.2881315918381633E-004
 Kstep, t=         174   174.00000000000000     
 ----------The Max Residuals are--------  ---Mesh---           1
    0.2865693107E-03    0.2828961303E-03    0.1676717833E-03    0.3388193828E-19    0.3388459258E-03
   The R.M.S Residuals are 
    0.3031714769E-04    0.3021974719E-04    0.1698806857E-04    0.4703835713E-20    0.3453625962E-04
 --------------Force and Moment -----------------------------
 Total Force Coefficient (CL, CD, CS) =
  -1.4727262756164938E-002   6.0845897268695277E-002  -3.7874928041019545E-021
 Total Moment Coefficient(CMx, CMy, CMz)=
   3.6818156890412318E-003   1.5211474317173819E-002   7.3443146208277473E-004
 Kstep, t=         175   175.00000000000000     
 ----------The Max Residuals are--------  ---Mesh---           1
    0.2957446402E-03    0.2920925336E-03    0.1745746888E-03    0.3388168301E-19    0.3514145625E-03
   The R.M.S Residuals are 
    0.3046871274E-04    0.3034082873E-04    0.1709409637E-04    0.4676631176E-20    0.3471892140E-04
 --------------Force and Moment -----------------------------
 Total Force Coefficient (CL, CD, CS) =
  -1.4655773969136393E-002   6.0570583249894359E-002  -3.0519495222490874E-021
 Total Moment Coefficient(CMx, CMy, CMz)=
   3.6639434922840978E-003   1.5142645812473590E-002   7.4010070169608301E-004
 Kstep, t=         176   176.00000000000000     
 ----------The Max Residuals are--------  ---Mesh---           1
    0.3012339801E-03    0.2977013104E-03    0.1790704330E-03    0.2710667313E-19    0.3594560682E-03
   The R.M.S Residuals are 
    0.3061731587E-04    0.3046003859E-04    0.1719792840E-04    0.4615537524E-20    0.3489842635E-04
 --------------Force and Moment -----------------------------
 Total Force Coefficient (CL, CD, CS) =
  -1.4584419318463077E-002   6.0297658528289243E-002  -2.9120854916190690E-021
 Total Moment Coefficient(CMx, CMy, CMz)=
   3.6461048296157652E-003   1.5074414632072311E-002   7.4581815123663854E-004
 Kstep, t=         177   177.00000000000000     
 ----------The Max Residuals are--------  ---Mesh---           1
    0.3039698884E-03    0.3004098880E-03    0.1823947716E-03    0.3388248111E-19    0.3644368951E-03
   The R.M.S Residuals are 
    0.3076196882E-04    0.3057628980E-04    0.1729901521E-04    0.4660528117E-20    0.3507338936E-04
 --------------Force and Moment -----------------------------
 Total Force Coefficient (CL, CD, CS) =
  -1.4513201667668788E-002   6.0027089971312501E-002  -4.3695992293010865E-022
 Total Moment Coefficient(CMx, CMy, CMz)=
   3.6283004169171936E-003   1.5006772492828125E-002   7.5158113553842291E-004
 Kstep, t=         178   178.00000000000000     
 ----------The Max Residuals are--------  ---Mesh---           1
    0.3028649333E-03    0.2993112406E-03    0.1833675218E-03    0.3388328244E-19    0.3643101817E-03
   The R.M.S Residuals are 
    0.3090266910E-04    0.3068959550E-04    0.1739716144E-04    0.4750793699E-20    0.3524361846E-04
 --------------Force and Moment -----------------------------
 Total Force Coefficient (CL, CD, CS) =
  -1.4442123859100289E-002   5.9758845111387585E-002   3.9924643132441409E-022
 Total Moment Coefficient(CMx, CMy, CMz)=
   3.6105309647750721E-003   1.4939711277846896E-002   7.5738702492499934E-004
 Kstep, t=         179   179.00000000000000     
 ----------The Max Residuals are--------  ---Mesh---           1
    0.2985016027E-03    0.2947310007E-03    0.1825563104E-03    0.4065802091E-19    0.3606254671E-03
   The R.M.S Residuals are 
    0.3104067188E-04    0.3080116739E-04    0.1749277242E-04    0.4672611962E-20    0.3541046829E-04
 --------------Force and Moment -----------------------------
 Total Force Coefficient (CL, CD, CS) =
  -1.4371188717243018E-002   5.9492892128808081E-002  -1.6428897907592529E-021
 Total Moment Coefficient(CMx, CMy, CMz)=
   3.5927971793107555E-003   1.4873223032202020E-002   7.6323322998027797E-004
 Kstep, t=         180   180.00000000000000     
 ----------The Max Residuals are--------  ---Mesh---           1
    0.3063621560E-03    0.3013093130E-03    0.1792322288E-03    0.3388230017E-19    0.3604587763E-03
   The R.M.S Residuals are 
    0.3117750843E-04    0.3091243078E-04    0.1758663687E-04    0.4774926775E-20    0.3557583886E-04
 --------------Force and Moment -----------------------------
 Total Force Coefficient (CL, CD, CS) =
  -1.4300399051056019E-002   5.9229199834986056E-002  -1.7215544945538930E-021
 Total Moment Coefficient(CMx, CMy, CMz)=
   3.5750997627640021E-003   1.4807299958746514E-002   7.6911719717196922E-004
 Kstep, t=         181   181.00000000000000     
 ----------The Max Residuals are--------  ---Mesh---           1
    0.3184450766E-03    0.3133466055E-03    0.1875949083E-03    0.5421132355E-19    0.3765222500E-03
   The R.M.S Residuals are 
    0.3131371218E-04    0.3102397587E-04    0.1767904386E-04    0.4753654111E-20    0.3574062528E-04
 --------------Force and Moment -----------------------------
 Total Force Coefficient (CL, CD, CS) =
  -1.4229757655397180E-002   5.8967737656080585E-002  -1.7203114154734766E-021
 Total Moment Coefficient(CMx, CMy, CMz)=
   3.5574394138492955E-003   1.4741934414020146E-002   7.7503640526888301E-004
 Kstep, t=         182   182.00000000000000     
 ----------The Max Residuals are--------  ---Mesh---           1
    0.3281839590E-03    0.3229989408E-03    0.1945152488E-03    0.4065933600E-19    0.3893813908E-03
   The R.M.S Residuals are 
    0.3144823792E-04    0.3113478171E-04    0.1776954904E-04    0.4789523906E-20    0.3590382590E-04
 --------------Force and Moment -----------------------------
 Total Force Coefficient (CL, CD, CS) =
  -1.4159267311616191E-002   5.8708475617015914E-002   1.1907852048299280E-021
 Total Moment Coefficient(CMx, CMy, CMz)=
   3.5398168279040434E-003   1.4677118904253978E-002   7.8098836248600349E-004
 Kstep, t=         183   183.00000000000000     
 ----------The Max Residuals are--------  ---Mesh---           1
    0.3339734498E-03    0.3287705151E-03    0.1995954993E-03    0.4743306956E-19    0.3981051101E-03
   The R.M.S Residuals are 
    0.3157875237E-04    0.3124231509E-04    0.1785721539E-04    0.4854382202E-20    0.3606262085E-04
 --------------Force and Moment -----------------------------
 Total Force Coefficient (CL, CD, CS) =
  -1.4088930787397726E-002   5.8451384325897020E-002   6.6266281514298000E-022
 Total Moment Coefficient(CMx, CMy, CMz)=
   3.5222326968494329E-003   1.4612846081474255E-002   7.8697060428568205E-004
 Kstep, t=         184   184.00000000000000     
 ----------The Max Residuals are--------  ---Mesh---           1
    0.3366962075E-03    0.3312452515E-03    0.2028633817E-03    0.5421080656E-19    0.4026140257E-03
   The R.M.S Residuals are 
    0.3170289199E-04    0.3134406396E-04    0.1794100051E-04    0.4831004709E-20    0.3621381349E-04
 --------------Force and Moment -----------------------------
 Total Force Coefficient (CL, CD, CS) =
  -1.4018750835942343E-002   5.8196434958827530E-002  -2.2705473015785110E-022
 Total Moment Coefficient(CMx, CMy, CMz)=
   3.5046877089855858E-003   1.4549108739706882E-002   7.9298069175983592E-004
 Kstep, t=         185   185.00000000000000     
 ----------The Max Residuals are--------  ---Mesh---           1
    0.3344814941E-03    0.3287705128E-03    0.2033072468E-03    0.4066301469E-19    0.4015184735E-03
   The R.M.S Residuals are 
    0.3182006189E-04    0.3143937554E-04    0.1802040870E-04    0.4737317284E-20    0.3635621189E-04
 --------------Force and Moment -----------------------------
 Total Force Coefficient (CL, CD, CS) =
  -1.3948730194572753E-002   5.7943599245133280E-002  -2.3693607672834826E-021
 Total Moment Coefficient(CMx, CMy, CMz)=
   3.4871825486431831E-003   1.4485899811283320E-002   7.9901621051629802E-004
 Kstep, t=         186   186.00000000000000     
 ----------The Max Residuals are--------  ---Mesh---           1
    0.3289024768E-03    0.3225988946E-03    0.2018631724E-03    0.3388202633E-19    0.3954565124E-03
   The R.M.S Residuals are 
    0.3193183055E-04    0.3152973058E-04    0.1809611719E-04    0.4813641285E-20    0.3649144172E-04
 --------------Force and Moment -----------------------------
 Total Force Coefficient (CL, CD, CS) =
  -1.3878871582854425E-002   5.7692849452994001E-002  -1.3098710624692175E-021
 Total Moment Coefficient(CMx, CMy, CMz)=
   3.4697178957136064E-003   1.4423212363248500E-002   8.0507476999255694E-004
 Kstep, t=         187   187.00000000000000     
 ----------The Max Residuals are--------  ---Mesh---           1
    0.3270840242E-03    0.3203803917E-03    0.1975273033E-03    0.4065840865E-19    0.3844554148E-03
   The R.M.S Residuals are 
    0.3204096915E-04    0.3161793725E-04    0.1816946844E-04    0.4692322071E-20    0.3662285965E-04
 --------------Force and Moment -----------------------------
 Total Force Coefficient (CL, CD, CS) =
  -1.3809177700317948E-002   5.7444158375481405E-002  -3.5573912532375322E-022
 Total Moment Coefficient(CMx, CMy, CMz)=
   3.4522944250794888E-003   1.4361039593870351E-002   8.1115400312165074E-004
 Kstep, t=         188   188.00000000000000     
 ----------The Max Residuals are--------  ---Mesh---           1
    0.3411895916E-03    0.3343400238E-03    0.2012190068E-03    0.5420899710E-19    0.4018583770E-03
   The R.M.S Residuals are 
    0.3214985590E-04    0.3170636289E-04    0.1824164680E-04    0.4819020137E-20    0.3675360803E-04
 --------------Force and Moment -----------------------------
 Total Force Coefficient (CL, CD, CS) =
  -1.3739651223866573E-002   5.7197499317003950E-002  -1.1358250807940628E-021
 Total Moment Coefficient(CMx, CMy, CMz)=
   3.4349128059666437E-003   1.4299374829250987E-002   8.1725156627777420E-004
 Kstep, t=         189   189.00000000000000     
 ----------The Max Residuals are--------  ---Mesh---           1
    0.3536229864E-03    0.3463337984E-03    0.2097698401E-03    0.4065824063E-19    0.4176172176E-03
   The R.M.S Residuals are 
    0.3225872867E-04    0.3179512539E-04    0.1831281677E-04    0.4708716861E-20    0.3688434262E-04
 --------------Force and Moment -----------------------------
 Total Force Coefficient (CL, CD, CS) =
  -1.3670294804949664E-002   5.6952846080154260E-002  -6.3647542905146416E-022
 Total Moment Coefficient(CMx, CMy, CMz)=
   3.4175737012374164E-003   1.4238211520038565E-002   8.2336513943334080E-004
 Kstep, t=         190   190.00000000000000     
 ----------The Max Residuals are--------  ---Mesh---           1
    0.3619012859E-03    0.3542211512E-03    0.2160707205E-03    0.5420895833E-19    0.4285871799E-03
   The R.M.S Residuals are 
    0.3236527900E-04    0.3188184144E-04    0.1838167997E-04    0.4942505556E-20    0.3701246325E-04
 --------------Force and Moment -----------------------------
 Total Force Coefficient (CL, CD, CS) =
  -1.3601111066576762E-002   5.6710172952955211E-002   1.0177493607965078E-022
 Total Moment Coefficient(CMx, CMy, CMz)=
   3.4002777666441901E-003   1.4177543238238803E-002   8.2949242646372374E-004
 Kstep, t=         191   191.00000000000000     
 ----------The Max Residuals are--------  ---Mesh---           1
    0.3665370840E-03    0.3585634253E-03    0.2205485678E-03    0.4066074802E-19    0.4358200364E-03
   The R.M.S Residuals are 
    0.3246552197E-04    0.3196245383E-04    0.1844618381E-04    0.5026934603E-20    0.3713312756E-04
 --------------Force and Moment -----------------------------
 Total Force Coefficient (CL, CD, CS) =
  -1.3532102600241149E-002   5.6469454696499749E-002  -1.9389900578669760E-021
 Total Moment Coefficient(CMx, CMy, CMz)=
   3.3830256500602821E-003   1.4117363674124937E-002   8.3563115554164845E-004
 Kstep, t=         192   192.00000000000000     
 ----------The Max Residuals are--------  ---Mesh---           1
    0.3669892503E-03    0.3581827341E-03    0.2225867476E-03    0.4065897734E-19    0.4369002658E-03
   The R.M.S Residuals are 
    0.3255595683E-04    0.3203334856E-04    0.1850474979E-04    0.4790837702E-20    0.3724166952E-04
 --------------Force and Moment -----------------------------
 Total Force Coefficient (CL, CD, CS) =
  -1.3463271962815939E-002   5.6230666532978091E-002  -7.6091388887462553E-023
 Total Moment Coefficient(CMx, CMy, CMz)=
   3.3658179907039842E-003   1.4057666633244523E-002   8.4177907956866293E-004
 Kstep, t=         193   193.00000000000000     
 ----------The Max Residuals are--------  ---Mesh---           1
    0.3621903243E-03    0.3528784912E-03    0.2215713860E-03    0.4066060585E-19    0.4325945658E-03
   The R.M.S Residuals are 
    0.3263587548E-04    0.3209363612E-04    0.1855721206E-04    0.4927398875E-20    0.3733655991E-04
 --------------Force and Moment -----------------------------
 Total Force Coefficient (CL, CD, CS) =
  -1.3394621673478789E-002   5.5993784134085081E-002  -7.4944316647491241E-022
 Total Moment Coefficient(CMx, CMy, CMz)=
   3.3486554183696981E-003   1.3998446033521270E-002   8.4793397659734850E-004
 Kstep, t=         194   194.00000000000000     
 ----------The Max Residuals are--------  ---Mesh---           1
    0.3530821296E-03    0.3423152917E-03    0.2179643745E-03    0.5421248515E-19    0.4217449888E-03
   The R.M.S Residuals are 
    0.3270772131E-04    0.3214572851E-04    0.1860489750E-04    0.5009171391E-20    0.3742039203E-04
 --------------Force and Moment -----------------------------
 Total Force Coefficient (CL, CD, CS) =
  -1.3326154210714579E-002   5.5758783609800279E-002  -2.5571989074760060E-021
 Total Moment Coefficient(CMx, CMy, CMz)=
   3.3315385526786431E-003   1.3939695902450070E-002   8.5409365020382524E-004
 Kstep, t=         195   195.00000000000000     
 ----------The Max Residuals are--------  ---Mesh---           1
    0.3489334268E-03    0.3400721595E-03    0.2116298468E-03    0.5421041882E-19    0.4077158106E-03
   The R.M.S Residuals are 
    0.3277576723E-04    0.3219404506E-04    0.1864998834E-04    0.4780078982E-20    0.3749842065E-04
 --------------Force and Moment -----------------------------
 Total Force Coefficient (CL, CD, CS) =
  -1.3257872009438978E-002   5.5525641497531995E-002  -8.3061788920864848E-022
 Total Moment Coefficient(CMx, CMy, CMz)=
   3.3144680023597449E-003   1.3881410374382999E-002   8.6025592977595142E-004
 Kstep, t=         196   196.00000000000000     
 ----------The Max Residuals are--------  ---Mesh---           1
    0.3642038676E-03    0.3550023661E-03    0.2154900361E-03    0.5421134940E-19    0.4273189774E-03
   The R.M.S Residuals are 
    0.3284381261E-04    0.3224241647E-04    0.1869449145E-04    0.5024267711E-20    0.3757568072E-04
 --------------Force and Moment -----------------------------
 Total Force Coefficient (CL, CD, CS) =
  -1.3189777458279660E-002   5.5294334751616964E-002   4.8007262423460996E-023
 Total Moment Coefficient(CMx, CMy, CMz)=
   3.2974443645699130E-003   1.3823583687904241E-002   8.6641867068827498E-004
 Kstep, t=         197   197.00000000000000     
 ----------The Max Residuals are--------  ---Mesh---           1
    0.3772584993E-03    0.3671701517E-03    0.2244164825E-03    0.5421209903E-19    0.4434475845E-03
   The R.M.S Residuals are 
    0.3291302562E-04    0.3229192678E-04    0.1873897514E-04    0.4877488769E-20    0.3765411038E-04
 --------------Force and Moment -----------------------------
 Total Force Coefficient (CL, CD, CS) =
  -1.3121872897045314E-002   5.5064840733165588E-002  -4.1835665997898518E-022
 Total Moment Coefficient(CMx, CMy, CMz)=
   3.2804682242613264E-003   1.3766210183291397E-002   8.7257975434015702E-004
 Kstep, t=         198   198.00000000000000     
 ----------The Max Residuals are--------  ---Mesh---           1
    0.3863919487E-03    0.3754163990E-03    0.2311652855E-03    0.4065993376E-19    0.4549678086E-03
   The R.M.S Residuals are 
    0.3298121183E-04    0.3234028920E-04    0.1878209442E-04    0.4941657981E-20    0.3773135798E-04
 --------------Force and Moment -----------------------------
 Total Force Coefficient (CL, CD, CS) =
  -1.3054160614407803E-002   5.4837137200243767E-002  -9.6909127832467738E-022
 Total Moment Coefficient(CMx, CMy, CMz)=
   3.2635401536019524E-003   1.3709284300060942E-002   8.7873708803829691E-004
 Kstep, t=         199   199.00000000000000     
 ----------The Max Residuals are--------  ---Mesh---           1
    0.3916418992E-03    0.3801572054E-03    0.2358579813E-03    0.5420935253E-19    0.4626688665E-03
   The R.M.S Residuals are 
    0.3304382216E-04    0.3238283996E-04    0.1882107707E-04    0.5015699618E-20    0.3780186372E-04
 --------------Force and Moment -----------------------------
 Total Force Coefficient (CL, CD, CS) =
  -1.2986642845817093E-002   5.4611202298381317E-002  -5.8043818309658371E-023
 Total Moment Coefficient(CMx, CMy, CMz)=
   3.2466607114542668E-003   1.3652800574595329E-002   8.8488860470934923E-004
 Kstep, t=         200   200.00000000000000     
 ----------The Max Residuals are--------  ---Mesh---           1
    0.3927971528E-03    0.3799177752E-03    0.2381808510E-03    0.5421243507E-19    0.4640659463E-03
   The R.M.S Residuals are 
    0.3309587734E-04    0.3241452862E-04    0.1885299000E-04    0.5233577449E-20    0.3785933423E-04
 write flow3d.dat ......
 write flow3d.dat OK
 Output Ts to Ts_block_2.dat
 write VTK files ......
 write VTK files OK
  flow chunk done, Kstep=         200  tt=   200.00000000000000     
   GS iter           1  res=   525.31538794066387       Ts(1,1,1)=   800.04406232591441       Ts(nx-1,ny-1,1)=   274.68461205933613     
   GS iter           2  res=   292.65819004030823       Ts(1,1,1)=   800.08425517139563       Ts(nx-1,ny-1,1)=   440.08400504120328     
   GS iter           3  res=   181.49619341689220       Ts(1,1,1)=   800.12221904742637       Ts(nx-1,ny-1,1)=   359.22775580366090     
   GS iter           4  res=   120.45320069782565       Ts(1,1,1)=   800.15884739880232       Ts(nx-1,ny-1,1)=   380.62076014130872     
   GS iter           5  res=   83.325461772285962       Ts(1,1,1)=   800.19463290450540       Ts(nx-1,ny-1,1)=   366.26612384439352     
 Solid solver Block           2  GS iterations:       20001  final res:   2.6597694545216655E-002
   DBG: Ts(1,1,1)=   1367.8194125123709       Ts(nx/2,ny/2,1)=   1363.7769614303988       Ts(nx-1,ny-1,1)=   427.43187105479745     
  solid chunk done, outer iter           1  max|dT_w|=   1069.1274426833950       K  T_w range [   1361.1070069247030      ,   1369.1274426833950      ]  max|q_w|=   2552085.2212965563     
  outer iter           2 : flow chunk steps =         100
 --------------Force and Moment -----------------------------
 Total Force Coefficient (CL, CD, CS) =
  -7.8780298546839891E-002   5.4387014551396475E-002   1.9407619257738445E-021
 Total Moment Coefficient(CMx, CMy, CMz)=
   1.9695074636709980E-002   1.3596753637849119E-002  -4.8506830323414574E-002
 Kstep, t=         201   201.00000000000000     
 ----------The Max Residuals are--------  ---Mesh---           1
    0.3884159759E-03    0.3745589398E-03    0.2372362647E-03    0.5421130416E-19    0.8420017636E-02
   The R.M.S Residuals are 
    0.3315431785E-04    0.3243191904E-04    0.1887633566E-04    0.5067108983E-20    0.5440553858E-03
 --------------Force and Moment -----------------------------
 Total Force Coefficient (CL, CD, CS) =
 -0.16302939289226923        7.8982340916848706E-002   4.1468185447005104E-021
 Total Moment Coefficient(CMx, CMy, CMz)=
   4.0757348223067313E-002   1.9745585229212177E-002 -0.11174167610948375     
 Kstep, t=         202   202.00000000000000     
 ----------The Max Residuals are--------  ---Mesh---           1
    0.5644088385E-03    0.3639139945E-03    0.7605790084E-03    0.5421243507E-19    0.4279841174E-02
   The R.M.S Residuals are 
    0.5518931203E-04    0.3541305484E-04    0.6475353913E-04    0.5236627652E-20    0.3198390292E-03
 --------------Force and Moment -----------------------------
 Total Force Coefficient (CL, CD, CS) =
 -0.16520794552916790        8.0149942082059805E-002   3.0795549881361022E-021
 Total Moment Coefficient(CMx, CMy, CMz)=
   4.1301986382291989E-002   2.0037485520514951E-002 -0.11342053481823187     
 Kstep, t=         203   203.00000000000000     
 ----------The Max Residuals are--------  ---Mesh---           1
    0.8410719899E-03    0.3490275226E-03    0.6682336850E-03    0.5421217658E-19    0.2237396433E-02
   The R.M.S Residuals are 
    0.7083950310E-04    0.3536822673E-04    0.6189297856E-04    0.5181200195E-20    0.1794933534E-03
 --------------Force and Moment -----------------------------
 Total Force Coefficient (CL, CD, CS) =
 -0.15546118947210180        7.8161909170480354E-002   2.0861581086433892E-021
 Total Moment Coefficient(CMx, CMy, CMz)=
   3.8865297368025437E-002   1.9540477292620088E-002 -0.10615425666079668     
 Kstep, t=         204   204.00000000000000     
 ----------The Max Residuals are--------  ---Mesh---           1
    0.1012188638E-02    0.3586889567E-03    0.5163549891E-03    0.6776793491E-19    0.1790519876E-02
   The R.M.S Residuals are 
    0.8058054861E-04    0.3505765816E-04    0.5465688367E-04    0.5318371194E-20    0.1426505348E-03
 --------------Force and Moment -----------------------------
 Total Force Coefficient (CL, CD, CS) =
 -0.14485916535992746        7.5883358575280238E-002  -9.9661896678006410E-022
 Total Moment Coefficient(CMx, CMy, CMz)=
   3.6214791339981858E-002   1.8970839643820060E-002  -9.8246037045832985E-002
 Kstep, t=         205   205.00000000000000     
 ----------The Max Residuals are--------  ---Mesh---           1
    0.1112248730E-02    0.3722052824E-03    0.4291070234E-03    0.5421114260E-19    0.1363296592E-02
   The R.M.S Residuals are 
    0.8619474735E-04    0.3489591733E-04    0.4914755186E-04    0.5297950096E-20    0.1265860797E-03
 --------------Force and Moment -----------------------------
 Total Force Coefficient (CL, CD, CS) =
 -0.13593734814627462        7.3841049804361361E-002  -1.1375491308084086E-021
 Total Moment Coefficient(CMx, CMy, CMz)=
   3.3984337036568668E-002   1.8460262451090340E-002  -9.1597771195015915E-002
 Kstep, t=         206   206.00000000000000     
 ----------The Max Residuals are--------  ---Mesh---           1
    0.1157083322E-02    0.3826112500E-03    0.3849337528E-03    0.5421291651E-19    0.1016369443E-02
   The R.M.S Residuals are 
    0.8868572019E-04    0.3488459151E-04    0.4597340478E-04    0.5310142978E-20    0.1151183406E-03
 --------------Force and Moment -----------------------------
 Total Force Coefficient (CL, CD, CS) =
 -0.12892163788532096        7.2077637014952720E-002  -2.2059791351156511E-021
 Total Moment Coefficient(CMx, CMy, CMz)=
   3.2230409471330233E-002   1.8019409253738180E-002  -8.6378989978318860E-002
 Kstep, t=         207   207.00000000000000     
 ----------The Max Residuals are--------  ---Mesh---           1
    0.1162140640E-02    0.3900414472E-03    0.3818469734E-03    0.6776320447E-19    0.7617440958E-03
   The R.M.S Residuals are 
    0.8912004753E-04    0.3496748072E-04    0.4429158406E-04    0.5304419717E-20    0.1060571558E-03
 --------------Force and Moment -----------------------------
 Total Force Coefficient (CL, CD, CS) =
 -0.12351877911661600        7.0544601303193427E-002  -1.2128430296778475E-021
 Total Moment Coefficient(CMx, CMy, CMz)=
   3.0879694779154008E-002   1.7636150325798357E-002  -8.2369796140214765E-002
 Kstep, t=         208   208.00000000000000     
 ----------The Max Residuals are--------  ---Mesh---           1
    0.1141303948E-02    0.3930185694E-03    0.3597163518E-03    0.6776387655E-19    0.7357462477E-03
   The R.M.S Residuals are 
    0.8828119396E-04    0.3507262057E-04    0.4318475634E-04    0.5355171497E-20    0.9880865031E-04
 --------------Force and Moment -----------------------------
 Total Force Coefficient (CL, CD, CS) =
 -0.11931496191080851        6.9190397090255693E-002   4.1719395740359724E-022
 Total Moment Coefficient(CMx, CMy, CMz)=
   2.9828740477702124E-002   1.7297599272563923E-002  -7.9259858087162363E-002
 Kstep, t=         209   209.00000000000000     
 ----------The Max Residuals are--------  ---Mesh---           1
    0.1105839114E-02    0.3914414379E-03    0.3148196707E-03    0.8131691908E-19    0.7335510354E-03
   The R.M.S Residuals are 
    0.8674047428E-04    0.3515866803E-04    0.4197908110E-04    0.5606505049E-20    0.9298549926E-04
 --------------Force and Moment -----------------------------
 Total Force Coefficient (CL, CD, CS) =
 -0.11586830784571875        6.7973831688869987E-002  -1.1642256917640467E-021
 Total Moment Coefficient(CMx, CMy, CMz)=
   2.8967076961429687E-002   1.6993457922217497E-002  -7.6717773123415253E-002
 Kstep, t=         210   210.00000000000000     
 ----------The Max Residuals are--------  ---Mesh---           1
    0.1064517602E-02    0.3850137461E-03    0.3143393145E-03    0.8131923422E-19    0.7203092861E-03
   The R.M.S Residuals are 
    0.8538350219E-04    0.3526999905E-04    0.4071840912E-04    0.5422781778E-20    0.8843832404E-04
 --------------Force and Moment -----------------------------
 Total Force Coefficient (CL, CD, CS) =
 -0.11283341725713707        6.6857110869700975E-002  -4.2155193870011526E-023
 Total Moment Coefficient(CMx, CMy, CMz)=
   2.8208354314284260E-002   1.6714277717425244E-002  -7.4484415588739986E-002
 Kstep, t=         211   211.00000000000000     
 ----------The Max Residuals are--------  ---Mesh---           1
    0.1023605924E-02    0.3736510638E-03    0.3027521491E-03    0.8131498199E-19    0.7036180080E-03
   The R.M.S Residuals are 
    0.8431824071E-04    0.3539589380E-04    0.3984240315E-04    0.5542344461E-20    0.8481870539E-04
 --------------Force and Moment -----------------------------
 Total Force Coefficient (CL, CD, CS) =
 -0.11007591168972809        6.5818836725692914E-002  -1.9463086385531577E-021
 Total Moment Coefficient(CMx, CMy, CMz)=
   2.7518977922432027E-002   1.6454709181423229E-002  -7.2458939100019534E-002
 Kstep, t=         212   212.00000000000000     
 ----------The Max Residuals are--------  ---Mesh---           1
    0.9834867109E-03    0.3576496329E-03    0.2845588576E-03    0.6776675876E-19    0.6843438638E-03
   The R.M.S Residuals are 
    0.8321879210E-04    0.3552208918E-04    0.3934386197E-04    0.5469953703E-20    0.8169530590E-04
 --------------Force and Moment -----------------------------
 Total Force Coefficient (CL, CD, CS) =
 -0.10757628009463141        6.4849733863598269E-002  -2.0162230147786141E-021
 Total Moment Coefficient(CMx, CMy, CMz)=
   2.6894070023657846E-002   1.6212433465899567E-002  -7.0626702273477518E-002
 Kstep, t=         213   213.00000000000000     
 ----------The Max Residuals are--------  ---Mesh---           1
    0.9429271771E-03    0.3576711719E-03    0.2710612086E-03    0.6776437092E-19    0.6622004518E-03
   The R.M.S Residuals are 
    0.8198477824E-04    0.3564552216E-04    0.3897742675E-04    0.5576159160E-20    0.7887911430E-04
 --------------Force and Moment -----------------------------
 Total Force Coefficient (CL, CD, CS) =
 -0.10532922297004635        6.3942549970512019E-002  -4.0857558688298115E-021
 Total Moment Coefficient(CMx, CMy, CMz)=
   2.6332305742511591E-002   1.5985637492628005E-002  -6.8983756753833433E-002
 Kstep, t=         214   214.00000000000000     
 ----------The Max Residuals are--------  ---Mesh---           1
    0.9020183329E-03    0.3715549614E-03    0.2679871259E-03    0.9486856897E-19    0.6380741475E-03
   The R.M.S Residuals are 
    0.8061745820E-04    0.3575843447E-04    0.3851787163E-04    0.5762091376E-20    0.7630939107E-04
 --------------Force and Moment -----------------------------
 Total Force Coefficient (CL, CD, CS) =
 -0.10329894319481719        6.3089873176782676E-002  -3.5649104118232992E-021
 Total Moment Coefficient(CMx, CMy, CMz)=
   2.5824735798704295E-002   1.5772468294195669E-002  -6.7503286639993151E-002
 Kstep, t=         215   215.00000000000000     
 ----------The Max Residuals are--------  ---Mesh---           1
    0.8615782733E-03    0.3824556306E-03    0.2577361331E-03    0.6776397995E-19    0.6131978628E-03
   The R.M.S Residuals are 
    0.7931797984E-04    0.3588255814E-04    0.3795233626E-04    0.5741380202E-20    0.7404091083E-04
 --------------Force and Moment -----------------------------
 Total Force Coefficient (CL, CD, CS) =
 -0.10142591387948384        6.2282961602120740E-002  -2.4347627614911229E-021
 Total Moment Coefficient(CMx, CMy, CMz)=
   2.5356478469870967E-002   1.5570740400530185E-002  -6.6140649231203122E-002
 Kstep, t=         216   216.00000000000000     
 ----------The Max Residuals are--------  ---Mesh---           1
    0.8225514248E-03    0.3901856122E-03    0.2440225175E-03    0.8131283649E-19    0.5886187615E-03
   The R.M.S Residuals are 
    0.7823400478E-04    0.3603217145E-04    0.3743595856E-04    0.5717997237E-20    0.7208735641E-04
 --------------Force and Moment -----------------------------
 Total Force Coefficient (CL, CD, CS) =
  -9.9665567811501071E-002   6.1514338116800481E-002  -2.4219889271483147E-021
 Total Moment Coefficient(CMx, CMy, CMz)=
   2.4916391952875254E-002   1.5378584529200120E-002  -6.4862397030661809E-002
 Kstep, t=         217   217.00000000000000     
 ----------The Max Residuals are--------  ---Mesh---           1
    0.7857518704E-03    0.3946440973E-03    0.2484201540E-03    0.8131343103E-19    0.5650565116E-03
   The R.M.S Residuals are 
    0.7722275681E-04    0.3619218785E-04    0.3704786994E-04    0.5834120517E-20    0.7032747706E-04
 --------------Force and Moment -----------------------------
 Total Force Coefficient (CL, CD, CS) =
  -9.7995093764242910E-002   6.0780537279450937E-002  -2.0553379960276924E-021
 Total Moment Coefficient(CMx, CMy, CMz)=
   2.4498773441060710E-002   1.5195134319862734E-002  -6.3651412697350390E-002
 Kstep, t=         218   218.00000000000000     
 ----------The Max Residuals are--------  ---Mesh---           1
    0.7515514940E-03    0.3949975956E-03    0.2509990695E-03    0.6776498808E-19    0.5426651256E-03
   The R.M.S Residuals are 
    0.7621394946E-04    0.3635265632E-04    0.3674026656E-04    0.5753607956E-20    0.6869092100E-04
 --------------Force and Moment -----------------------------
 Total Force Coefficient (CL, CD, CS) =
  -9.6403662035432811E-002   6.0079284103560102E-002  -2.6286470966973869E-021
 Total Moment Coefficient(CMx, CMy, CMz)=
   2.4100915508858185E-002   1.5019821025890025E-002  -6.2499572604160773E-002
 Kstep, t=         219   219.00000000000000     
 ----------The Max Residuals are--------  ---Mesh---           1
    0.7199193292E-03    0.3913788492E-03    0.2509835873E-03    0.1084200428E-18    0.5212956127E-03
   The R.M.S Residuals are 
    0.7518305404E-04    0.3650118516E-04    0.3640635703E-04    0.6109092009E-20    0.6714384460E-04
 --------------Force and Moment -----------------------------
 Total Force Coefficient (CL, CD, CS) =
  -9.4884353954580031E-002   5.9408093759012050E-002  -2.7052094775964601E-021
 Total Moment Coefficient(CMx, CMy, CMz)=
   2.3721088488645011E-002   1.4852023439753012E-002  -6.1401692140825824E-002
 Kstep, t=         220   220.00000000000000     
 ----------The Max Residuals are--------  ---Mesh---           1
    0.6904117846E-03    0.3833215723E-03    0.2483914470E-03    0.8131968173E-19    0.5014468509E-03
   The R.M.S Residuals are 
    0.7419705292E-04    0.3664579536E-04    0.3601683495E-04    0.5861992597E-20    0.6573367181E-04
 --------------Force and Moment -----------------------------
 Total Force Coefficient (CL, CD, CS) =
  -9.3423493813916125E-002   5.8763844649006296E-002  -1.5716572861386150E-021
 Total Moment Coefficient(CMx, CMy, CMz)=
   2.3355873453479031E-002   1.4690961162251574E-002  -6.0347507662094041E-002
 Kstep, t=         221   221.00000000000000     
 ----------The Max Residuals are--------  ---Mesh---           1
    0.6618885291E-03    0.3713040373E-03    0.2436468306E-03    0.8132061716E-19    0.4841271607E-03
   The R.M.S Residuals are 
    0.7328256218E-04    0.3679962284E-04    0.3564082681E-04    0.6192849428E-20    0.6451482151E-04
 --------------Force and Moment -----------------------------
 Total Force Coefficient (CL, CD, CS) =
  -9.2005864567641482E-002   5.8144311539765133E-002  -1.0503806876515806E-021
 Total Moment Coefficient(CMx, CMy, CMz)=
   2.3001466141910384E-002   1.4536077884941283E-002  -5.9325596626473430E-002
 Kstep, t=         222   222.00000000000000     
 ----------The Max Residuals are--------  ---Mesh---           1
    0.6343693502E-03    0.3554147560E-03    0.2361721183E-03    0.1084234226E-18    0.4672865381E-03
   The R.M.S Residuals are 
    0.7235878632E-04    0.3695011741E-04    0.3533018765E-04    0.6165466927E-20    0.6334685324E-04
 --------------Force and Moment -----------------------------
 Total Force Coefficient (CL, CD, CS) =
  -9.0637023579579284E-002   5.7548395983880070E-002  -9.0228683476407973E-022
 Total Moment Coefficient(CMx, CMy, CMz)=
   2.2659255894894821E-002   1.4387098995970017E-002  -5.8340143106547372E-002
 Kstep, t=         223   223.00000000000000     
 ----------The Max Residuals are--------  ---Mesh---           1
    0.6086523264E-03    0.3518664042E-03    0.2269287061E-03    0.1084264728E-18    0.4495608444E-03
   The R.M.S Residuals are 
    0.7142256728E-04    0.3709793082E-04    0.3504708603E-04    0.6287705180E-20    0.6219753982E-04
 --------------Force and Moment -----------------------------
 Total Force Coefficient (CL, CD, CS) =
  -8.9319813003734677E-002   5.6975373077754549E-002   2.7946973211856379E-022
 Total Moment Coefficient(CMx, CMy, CMz)=
   2.2329953250933669E-002   1.4243843269438637E-002  -5.7393293774222531E-002
 Kstep, t=         224   224.00000000000000     
 ----------The Max Residuals are--------  ---Mesh---           1
    0.5848557190E-03    0.3644737878E-03    0.2253309192E-03    0.9487306677E-19    0.4388837737E-03
   The R.M.S Residuals are 
    0.7052387901E-04    0.3723878815E-04    0.3475012796E-04    0.6191727799E-20    0.6106587029E-04
 --------------Force and Moment -----------------------------
 Total Force Coefficient (CL, CD, CS) =
  -8.8055945643990621E-002   5.6422773586216876E-002   4.0017260280256618E-022
 Total Moment Coefficient(CMx, CMy, CMz)=
   2.2013986410997659E-002   1.4105693396554219E-002  -5.6486338633355920E-002
 Kstep, t=         225   225.00000000000000     
 ----------The Max Residuals are--------  ---Mesh---           1
    0.5627341229E-03    0.3748291661E-03    0.2333961347E-03    0.1219756137E-18    0.4528463134E-03
   The R.M.S Residuals are 
    0.6966933307E-04    0.3738314593E-04    0.3441686685E-04    0.6394989371E-20    0.6002409752E-04
 --------------Force and Moment -----------------------------
 Total Force Coefficient (CL, CD, CS) =
  -8.6842723376454947E-002   5.5888623959019876E-002  -3.1903521489740005E-022
 Total Moment Coefficient(CMx, CMy, CMz)=
   2.1710680844113747E-002   1.3972155989754969E-002  -5.5617239321354255E-002
 Kstep, t=         226   226.00000000000000     
 ----------The Max Residuals are--------  ---Mesh---           1
    0.5420519343E-03    0.3823294727E-03    0.2395483653E-03    0.9487663398E-19    0.4637617800E-03
   The R.M.S Residuals are 
    0.6886331116E-04    0.3753801115E-04    0.3409809703E-04    0.6151212196E-20    0.5908802288E-04
 --------------Force and Moment -----------------------------
 Total Force Coefficient (CL, CD, CS) =
  -8.5675976068549847E-002   5.5371442857796001E-002  -3.5467983107274402E-022
 Total Moment Coefficient(CMx, CMy, CMz)=
   2.1418994017137469E-002   1.3842860714449000E-002  -5.4782858039279549E-002
 Kstep, t=         227   227.00000000000000     
 ----------The Max Residuals are--------  ---Mesh---           1
    0.5226362445E-03    0.3866150057E-03    0.2442478000E-03    0.9486843972E-19    0.4705370173E-03
   The R.M.S Residuals are 
    0.6809523065E-04    0.3770005701E-04    0.3382898773E-04    0.6313459018E-20    0.5820258826E-04
 --------------Force and Moment -----------------------------
 Total Force Coefficient (CL, CD, CS) =
  -8.4552740071789395E-002   5.4869929020898114E-002  -2.1521168508693179E-022
 Total Moment Coefficient(CMx, CMy, CMz)=
   2.1138185017947359E-002   1.3717482255224529E-002  -5.3980973594971851E-002
 Kstep, t=         228   228.00000000000000     
 ----------The Max Residuals are--------  ---Mesh---           1
    0.5043705276E-03    0.3879953091E-03    0.2468209122E-03    0.9486853666E-19    0.4740021862E-03
   The R.M.S Residuals are 
    0.6734328056E-04    0.3786201848E-04    0.3357615917E-04    0.6125389035E-20    0.5734946735E-04
 --------------Force and Moment -----------------------------
 Total Force Coefficient (CL, CD, CS) =
  -8.3471098205113087E-002   5.4382970497847988E-002  -8.1885221635882189E-022
 Total Moment Coefficient(CMx, CMy, CMz)=
   2.0867774551278258E-002   1.3595742624461997E-002  -5.3210152522554947E-002
 Kstep, t=         229   229.00000000000000     
 ----------The Max Residuals are--------  ---Mesh---           1
    0.4871656210E-03    0.3856712444E-03    0.2474251813E-03    0.1219740627E-18    0.4728537213E-03
   The R.M.S Residuals are 
    0.6657753471E-04    0.3801744041E-04    0.3328551045E-04    0.6813040093E-20    0.5653763671E-04
 --------------Force and Moment -----------------------------
 Total Force Coefficient (CL, CD, CS) =
  -8.2428637900019558E-002   5.3909653629712714E-002   8.3122493326279259E-022
 Total Moment Coefficient(CMx, CMy, CMz)=
   2.0607159475004893E-002   1.3477413407428179E-002  -5.2468585520876354E-002
 Kstep, t=         230   230.00000000000000     
 ----------The Max Residuals are--------  ---Mesh---           1
    0.4709454544E-03    0.3802007905E-03    0.2461420562E-03    0.1084161072E-18    0.4677935635E-03
   The R.M.S Residuals are 
    0.6583955442E-04    0.3817623713E-04    0.3297762140E-04    0.6448491127E-20    0.5580027986E-04
 --------------Force and Moment -----------------------------
 Total Force Coefficient (CL, CD, CS) =
  -8.1422536400504814E-002   5.3449098020651585E-002  -2.5856919752436568E-022
 Total Moment Coefficient(CMx, CMy, CMz)=
   2.0355634100126203E-002   1.3362274505162896E-002  -5.1754152673618908E-002
 Kstep, t=         231   231.00000000000000     
 ----------The Max Residuals are--------  ---Mesh---           1
    0.4556394602E-03    0.3712957786E-03    0.2426660612E-03    0.9486838803E-19    0.4585234851E-03
   The R.M.S Residuals are 
    0.6514341822E-04    0.3833814881E-04    0.3270138014E-04    0.6626848809E-20    0.5510417812E-04
 --------------Force and Moment -----------------------------
 Total Force Coefficient (CL, CD, CS) =
  -8.0450435909759477E-002   5.3000464966042986E-002   8.4309090088644899E-024
 Total Moment Coefficient(CMx, CMy, CMz)=
   2.0112608977439869E-002   1.3250116241510746E-002  -5.1065085846861556E-002
 Kstep, t=         232   232.00000000000000     
 ----------The Max Residuals are--------  ---Mesh---           1
    0.4411814094E-03    0.3590666024E-03    0.2373833389E-03    0.1084231641E-18    0.4451693482E-03
   The R.M.S Residuals are 
    0.6445945130E-04    0.3849647035E-04    0.3244892313E-04    0.7094759977E-20    0.5442973179E-04
 --------------Force and Moment -----------------------------
 Total Force Coefficient (CL, CD, CS) =
  -7.9510566248396225E-002   5.2563030443196337E-002   5.5478992896403418E-022
 Total Moment Coefficient(CMx, CMy, CMz)=
   1.9877641562099063E-002   1.3140757610799084E-002  -5.0400059791002892E-002
 Kstep, t=         233   233.00000000000000     
 ----------The Max Residuals are--------  ---Mesh---           1
    0.4275095813E-03    0.3442653085E-03    0.2304266151E-03    0.1084221107E-18    0.4286296385E-03
   The R.M.S Residuals are 
    0.6375563463E-04    0.3864358894E-04    0.3217455536E-04    0.6651255107E-20    0.5377679457E-04
 --------------Force and Moment -----------------------------
 Total Force Coefficient (CL, CD, CS) =
  -7.8601288294629035E-002   5.2136164170894048E-002   1.0079867699173710E-021
 Total Moment Coefficient(CMx, CMy, CMz)=
   1.9650322073657269E-002   1.3034041042723512E-002  -4.9757846194125287E-002
 Kstep, t=         234   234.00000000000000     
 ----------The Max Residuals are--------  ---Mesh---           1
    0.4145674478E-03    0.3444124351E-03    0.2217007261E-03    0.9486975158E-19    0.4107879125E-03
   The R.M.S Residuals are 
    0.6305258914E-04    0.3878493514E-04    0.3187427734E-04    0.6603813516E-20    0.5316600883E-04
 --------------Force and Moment -----------------------------
 Total Force Coefficient (CL, CD, CS) =
  -7.7720937742357249E-002   5.1719268567941325E-002  -5.0375639462520700E-023
 Total Moment Coefficient(CMx, CMy, CMz)=
   1.9430234435589295E-002   1.2929817141985331E-002  -4.9137196554449966E-002
 Kstep, t=         235   235.00000000000000     
 ----------The Max Residuals are--------  ---Mesh---           1
    0.4023032992E-03    0.3562139691E-03    0.2181492360E-03    0.1084260592E-18    0.4264696629E-03
   The R.M.S Residuals are 
    0.6238585415E-04    0.3892678163E-04    0.3159100725E-04    0.6804517483E-20    0.5258873242E-04
 --------------Force and Moment -----------------------------
 Total Force Coefficient (CL, CD, CS) =
  -7.6868005803955086E-002   5.1311775061667252E-002  -1.2550974857091904E-021
 Total Moment Coefficient(CMx, CMy, CMz)=
   1.9217001450988772E-002   1.2827943765416813E-002  -4.8536979786983174E-002
 Kstep, t=         236   236.00000000000000     
 ----------The Max Residuals are--------  ---Mesh---           1
    0.3906694469E-03    0.3660858691E-03    0.2253001460E-03    0.1355268484E-18    0.4396942191E-03
   The R.M.S Residuals are 
    0.6172472207E-04    0.3906232251E-04    0.3132570864E-04    0.7050528898E-20    0.5202840837E-04
 --------------Force and Moment -----------------------------
 Total Force Coefficient (CL, CD, CS) =
  -7.6041188702995227E-002   5.0913185122357339E-002  -5.3383316588868987E-022
 Total Moment Coefficient(CMx, CMy, CMz)=
   1.9010297175748800E-002   1.2728296280589335E-002  -4.7956219452240850E-002
 Kstep, t=         237   237.00000000000000     
 ----------The Max Residuals are--------  ---Mesh---           1
    0.3930606061E-03    0.3730543295E-03    0.2308723813E-03    0.1219757946E-18    0.4497159445E-03
   The R.M.S Residuals are 
    0.6104307179E-04    0.3918471637E-04    0.3104562790E-04    0.6992629638E-20    0.5148405429E-04
 --------------Force and Moment -----------------------------
 Total Force Coefficient (CL, CD, CS) =
  -7.5239268304817808E-002   5.0523049984276931E-002  -1.5096966131536405E-021
 Total Moment Coefficient(CMx, CMy, CMz)=
   1.8809817076204452E-002   1.2630762496069233E-002  -4.7394002805325623E-002
 Kstep, t=         238   238.00000000000000     
 ----------The Max Residuals are--------  ---Mesh---           1
    0.4001711893E-03    0.3776487826E-03    0.2350025119E-03    0.8132118585E-19    0.4567678410E-03
   The R.M.S Residuals are 
    0.6035823540E-04    0.3929688743E-04    0.3074701184E-04    0.6577930803E-20    0.5096368317E-04
 --------------Force and Moment -----------------------------
 Total Force Coefficient (CL, CD, CS) =
  -7.4461067581430992E-002   5.0140945401230645E-002  -2.1521730819975276E-021
 Total Moment Coefficient(CMx, CMy, CMz)=
   1.8615266895357762E-002   1.2535236350307661E-002  -4.6849447565485647E-002
 Kstep, t=         239   239.00000000000000     
 ----------The Max Residuals are--------  ---Mesh---           1
    0.4041620495E-03    0.3791863335E-03    0.2373651292E-03    0.1355220452E-18    0.4603507863E-03
   The R.M.S Residuals are 
    0.5969338123E-04    0.3940323230E-04    0.3045837904E-04    0.7370198327E-20    0.5046396962E-04
 --------------Force and Moment -----------------------------
 Total Force Coefficient (CL, CD, CS) =
  -7.3705478730518748E-002   4.9766476495768180E-002  -1.3922011154495409E-021
 Total Moment Coefficient(CMx, CMy, CMz)=
   1.8426369682629683E-002   1.2441619123942045E-002  -4.6321723668644531E-002
 Kstep, t=         240   240.00000000000000     
 ----------The Max Residuals are--------  ---Mesh---           1
    0.4056203047E-03    0.3782023948E-03    0.2380265694E-03    0.1355228546E-18    0.4604705837E-03
   The R.M.S Residuals are 
    0.5902121962E-04    0.3949609433E-04    0.3017598247E-04    0.7257640331E-20    0.4997439478E-04
 --------------Force and Moment -----------------------------
 Total Force Coefficient (CL, CD, CS) =
  -7.2971452309380097E-002   4.9399285442228727E-002  -9.1770093133952819E-022
 Total Moment Coefficient(CMx, CMy, CMz)=
   1.8242863077345024E-002   1.2349821360557182E-002  -4.5810044726721608E-002
 Kstep, t=         241   241.00000000000000     
 ----------The Max Residuals are--------  ---Mesh---           1
    0.4046335359E-03    0.3742486210E-03    0.2370760480E-03    0.1084223757E-18    0.4572869356E-03
   The R.M.S Residuals are 
    0.5833228729E-04    0.3957152737E-04    0.2988166460E-04    0.7018489300E-20    0.4949232667E-04
 --------------Force and Moment -----------------------------
 Total Force Coefficient (CL, CD, CS) =
  -7.2257971727921672E-002   4.9039040205690561E-002  -1.1605654856260473E-021
 Total Moment Coefficient(CMx, CMy, CMz)=
   1.8064492931980421E-002   1.2259760051422640E-002  -4.5313648733826720E-002
 Kstep, t=         242   242.00000000000000     
 ----------The Max Residuals are--------  ---Mesh---           1
    0.4009513251E-03    0.3675985154E-03    0.2343024371E-03    0.1084262143E-18    0.4504918097E-03
   The R.M.S Residuals are 
    0.5763844103E-04    0.3963154643E-04    0.2957903647E-04    0.7588371181E-20    0.4901798230E-04
 --------------Force and Moment -----------------------------
 Total Force Coefficient (CL, CD, CS) =
  -7.1564056283587835E-002   4.8685430194418219E-002  -8.0907929479372617E-022
 Total Moment Coefficient(CMx, CMy, CMz)=
   1.7891014070896962E-002   1.2171357548604555E-002  -4.4831800628351549E-002
 Kstep, t=         243   243.00000000000000     
 ----------The Max Residuals are--------  ---Mesh---           1
    0.3948330709E-03    0.3587355491E-03    0.2301374877E-03    0.1084191057E-18    0.4410647017E-03
   The R.M.S Residuals are 
    0.5694496171E-04    0.3967810900E-04    0.2928004656E-04    0.7136312121E-20    0.4855302367E-04
 --------------Force and Moment -----------------------------
 Total Force Coefficient (CL, CD, CS) =
  -7.0888772416016405E-002   4.8338168453637087E-002  -1.1186492006428090E-021
 Total Moment Coefficient(CMx, CMy, CMz)=
   1.7722193104004108E-002   1.2084542113409272E-002  -4.4363800611539099E-002
 Kstep, t=         244   244.00000000000000     
 ----------The Max Residuals are--------  ---Mesh---           1
    0.3868030226E-03    0.3473573010E-03    0.2245727211E-03    0.1355293170E-18    0.4285847966E-03
   The R.M.S Residuals are 
    0.5624227235E-04    0.3970920963E-04    0.2898160132E-04    0.7238227068E-20    0.4809288571E-04
 --------------Force and Moment -----------------------------
 Total Force Coefficient (CL, CD, CS) =
  -7.0231245613961657E-002   4.7996990680050880E-002  -2.9107912965524753E-021
 Total Moment Coefficient(CMx, CMy, CMz)=
   1.7557811403490414E-002   1.1999247670012720E-002  -4.3908993235350587E-002
 Kstep, t=         245   245.00000000000000     
 ----------The Max Residuals are--------  ---Mesh---           1
    0.3762284976E-03    0.3341731700E-03    0.2177686377E-03    0.1084224920E-18    0.4136433358E-03
   The R.M.S Residuals are 
    0.5552673730E-04    0.3972416217E-04    0.2867727865E-04    0.7324928294E-20    0.4763578160E-04
 --------------Force and Moment -----------------------------
 Total Force Coefficient (CL, CD, CS) =
  -6.9590669584108478E-002   4.7661652836718867E-002  -1.3660903602602505E-021
 Total Moment Coefficient(CMx, CMy, CMz)=
   1.7397667396027116E-002   1.1915413209179717E-002  -4.3466774659182576E-002
 Kstep, t=         246   246.00000000000000     
 ----------The Max Residuals are--------  ---Mesh---           1
    0.3637201604E-03    0.3194959173E-03    0.2098902756E-03    0.1355340604E-18    0.3967473188E-03
   The R.M.S Residuals are 
    0.5480721298E-04    0.3972753916E-04    0.2837039724E-04    0.7316094032E-20    0.4718777449E-04
 --------------Force and Moment -----------------------------
 Total Force Coefficient (CL, CD, CS) =
  -6.8966302819663677E-002   4.7331929014018358E-002  -2.2549232515039987E-021
 Total Moment Coefficient(CMx, CMy, CMz)=
   1.7241575704915916E-002   1.1832982253504589E-002  -4.3036590124154429E-002
 Kstep, t=         247   247.00000000000000     
 ----------The Max Residuals are--------  ---Mesh---           1
    0.3496893146E-03    0.3033382111E-03    0.2045267720E-03    0.1355278694E-18    0.3779638274E-03
   The R.M.S Residuals are 
    0.5408831587E-04    0.3972243117E-04    0.2806702476E-04    0.8121339250E-20    0.4675085916E-04
 --------------Force and Moment -----------------------------
 Total Force Coefficient (CL, CD, CS) =
  -6.8357450782960877E-002   4.7007608600973250E-002  -2.7981392383444419E-021
 Total Moment Coefficient(CMx, CMy, CMz)=
   1.7089362695740209E-002   1.1751902150243312E-002  -4.2617920526066458E-002
 Kstep, t=         248   248.00000000000000     
 ----------The Max Residuals are--------  ---Mesh---           1
    0.3355140474E-03    0.2857380790E-03    0.2100646902E-03    0.1355265123E-18    0.3574187421E-03
   The R.M.S Residuals are 
    0.5336082200E-04    0.3970684423E-04    0.2776235891E-04    0.7689395940E-20    0.4632362038E-04
 --------------Force and Moment -----------------------------
 Total Force Coefficient (CL, CD, CS) =
  -6.7763443808557935E-002   4.6688493262886641E-002  -2.9789933059982316E-021
 Total Moment Coefficient(CMx, CMy, CMz)=
   1.6940860952139480E-002   1.1672123315721660E-002  -4.2210265397546805E-002
 Kstep, t=         249   249.00000000000000     
 ----------The Max Residuals are--------  ---Mesh---           1
    0.3206404192E-03    0.2681809079E-03    0.2143912471E-03    0.1626377705E-18    0.3368001944E-03
   The R.M.S Residuals are 
    0.5263558302E-04    0.3968693412E-04    0.2745740941E-04    0.7801743272E-20    0.4591008420E-04
 --------------Force and Moment -----------------------------
 Total Force Coefficient (CL, CD, CS) =
  -6.7183624315171303E-002   4.6374394872215008E-002  -1.4338348891308785E-021
 Total Moment Coefficient(CMx, CMy, CMz)=
   1.6795906078792822E-002   1.1593598718053752E-002  -4.1813132778532623E-002
 Kstep, t=         250   250.00000000000000     
 ----------The Max Residuals are--------  ---Mesh---           1
    0.3058361695E-03    0.2506301786E-03    0.2174073148E-03    0.1084233450E-18    0.3160253725E-03
   The R.M.S Residuals are 
    0.5191230233E-04    0.3966276095E-04    0.2715313555E-04    0.7302219838E-20    0.4551472808E-04
 --------------Force and Moment -----------------------------
 Total Force Coefficient (CL, CD, CS) =
  -6.6617345881791634E-002   4.6065134849789101E-002  -1.4916275868859981E-021
 Total Moment Coefficient(CMx, CMy, CMz)=
   1.6654336470447905E-002   1.1516283712447275E-002  -4.1426038313502965E-002
 Kstep, t=         251   251.00000000000000     
 ----------The Max Residuals are--------  ---Mesh---           1
    0.2918783542E-03    0.2337380628E-03    0.2190660337E-03    0.1490837699E-18    0.2958472481E-03
   The R.M.S Residuals are 
    0.5119292105E-04    0.3963703935E-04    0.2685033222E-04    0.8052753780E-20    0.4513748028E-04
 --------------Force and Moment -----------------------------
 Total Force Coefficient (CL, CD, CS) =
  -6.6063980423194404E-002   4.5760544096625305E-002  -6.9317929440720510E-022
 Total Moment Coefficient(CMx, CMy, CMz)=
   1.6515995105798591E-002   1.1440136024156326E-002  -4.1048510717097739E-002
 Kstep, t=         252   252.00000000000000     
 ----------The Max Residuals are--------  ---Mesh---           1
    0.2787245129E-03    0.2201247044E-03    0.2194202877E-03    0.1219810097E-18    0.2798585552E-03
   The R.M.S Residuals are 
    0.5048209659E-04    0.3961244443E-04    0.2654940761E-04    0.7448838091E-20    0.4478152554E-04
 --------------Force and Moment -----------------------------
 Total Force Coefficient (CL, CD, CS) =
  -6.5522927973382827E-002   4.5460463020664643E-002  -1.4262039256348704E-021
 Total Moment Coefficient(CMx, CMy, CMz)=
   1.6380731993345700E-002   1.1365115755166161E-002  -4.0680099394920080E-002
 Kstep, t=         253   253.00000000000000     
 ----------The Max Residuals are--------  ---Mesh---           1
    0.2666520549E-03    0.2171151518E-03    0.2186332179E-03    0.1626320578E-18    0.2772192822E-03
   The R.M.S Residuals are 
    0.4977823633E-04    0.3958806974E-04    0.2624784884E-04    0.8049928300E-20    0.4444916285E-04
 --------------Force and Moment -----------------------------
 Total Force Coefficient (CL, CD, CS) =
  -6.4993624594207891E-002   4.5164741435306625E-002  -1.5171054170930109E-021
 Total Moment Coefficient(CMx, CMy, CMz)=
   1.6248406148551966E-002   1.1291185358826656E-002  -4.0320380706003855E-002
 Kstep, t=         254   254.00000000000000     
 ----------The Max Residuals are--------  ---Mesh---           1
    0.2554859287E-03    0.2130914711E-03    0.2169217212E-03    0.1084264987E-18    0.2732767820E-03
   The R.M.S Residuals are 
    0.4908904371E-04    0.3956834051E-04    0.2594969350E-04    0.7456525291E-20    0.4414055637E-04
 --------------Force and Moment -----------------------------
 Total Force Coefficient (CL, CD, CS) =
  -6.4475546583537185E-002   4.4873238245943074E-002  -1.9365460287093764E-021
 Total Moment Coefficient(CMx, CMy, CMz)=
   1.6118886645884289E-002   1.1218309561485769E-002  -3.9968961375254436E-002
 Kstep, t=         255   255.00000000000000     
 ----------The Max Residuals are--------  ---Mesh---           1
    0.2472781806E-03    0.2082981073E-03    0.2144830477E-03    0.1084246116E-18    0.2683228060E-03
   The R.M.S Residuals are 
    0.4841068391E-04    0.3954955745E-04    0.2565237564E-04    0.7453272893E-20    0.4385641916E-04
 --------------Force and Moment -----------------------------
 Total Force Coefficient (CL, CD, CS) =
  -6.3968210989938615E-002   4.4585820939352323E-002  -1.6899156494624900E-021
 Total Moment Coefficient(CMx, CMy, CMz)=
   1.5992052747484661E-002   1.1146455234838081E-002  -3.9625479013399974E-002
 Kstep, t=         256   256.00000000000000     
 ----------The Max Residuals are--------  ---Mesh---           1
    0.2423786035E-03    0.2029390341E-03    0.2114647345E-03    0.1626308946E-18    0.2625879283E-03
   The R.M.S Residuals are 
    0.4774815911E-04    0.3953459821E-04    0.2535765107E-04    0.7981197731E-20    0.4359533803E-04
 --------------Force and Moment -----------------------------
 Total Force Coefficient (CL, CD, CS) =
  -6.3471173463074848E-002   4.4302364962070122E-002  -2.3121527567815671E-021
 Total Moment Coefficient(CMx, CMy, CMz)=
   1.5867793365768705E-002   1.1075591240517530E-002  -3.9289600534709763E-002
 Kstep, t=         257   257.00000000000000     
 ----------The Max Residuals are--------  ---Mesh---           1
    0.2376499143E-03    0.1971662251E-03    0.2079686147E-03    0.1084210703E-18    0.2562345346E-03
   The R.M.S Residuals are 
    0.4709990249E-04    0.3952013574E-04    0.2506511094E-04    0.7943954423E-20    0.4335698860E-04
 --------------Force and Moment -----------------------------
 Total Force Coefficient (CL, CD, CS) =
  -6.2984024617281475E-002   4.4022753074087352E-002  -2.1627619260957319E-021
 Total Moment Coefficient(CMx, CMy, CMz)=
   1.5746006154320372E-002   1.1005688268521838E-002  -3.8961019393556375E-002
 Kstep, t=         258   258.00000000000000     
 ----------The Max Residuals are--------  ---Mesh---           1
    0.2330834528E-03    0.1910720490E-03    0.2040614268E-03    0.1355272070E-18    0.2493608194E-03
   The R.M.S Residuals are 
    0.4646893410E-04    0.3950784620E-04    0.2477652317E-04    0.8220050505E-20    0.4313964334E-04
 --------------Force and Moment -----------------------------
 Total Force Coefficient (CL, CD, CS) =
  -6.2506385850792962E-002   4.3746874713527291E-002  -1.4865702987683922E-021
 Total Moment Coefficient(CMx, CMy, CMz)=
   1.5626596462698237E-002   1.0936718678381823E-002  -3.8639452378374385E-002
 Kstep, t=         259   259.00000000000000     
 ----------The Max Residuals are--------  ---Mesh---           1
    0.2286711168E-03    0.1846911305E-03    0.1997829519E-03    0.1897380168E-18    0.2420115027E-03
   The R.M.S Residuals are 
    0.4585331685E-04    0.3949430492E-04    0.2449102895E-04    0.8309655072E-20    0.4294138389E-04
 --------------Force and Moment -----------------------------
 Total Force Coefficient (CL, CD, CS) =
  -6.2037905253127829E-002   4.3474625401202498E-002  -1.6707995837743723E-021
 Total Moment Coefficient(CMx, CMy, CMz)=
   1.5509476313281955E-002   1.0868656350300624E-002  -3.8324636464076599E-002
 Kstep, t=         260   260.00000000000000     
 ----------The Max Residuals are--------  ---Mesh---           1
    0.2244053138E-03    0.1780145432E-03    0.1951509544E-03    0.1355304673E-18    0.2341932395E-03
   The R.M.S Residuals are 
    0.4525606386E-04    0.3948101000E-04    0.2421036158E-04    0.7870048988E-20    0.4276131650E-04
 --------------Force and Moment -----------------------------
 Total Force Coefficient (CL, CD, CS) =
  -6.1578253943474881E-002   4.3205906200359502E-002  -1.4203584286948708E-021
 Total Moment Coefficient(CMx, CMy, CMz)=
   1.5394563485868732E-002   1.0801476550089876E-002  -3.8016325995768180E-002
 Kstep, t=         261   261.00000000000000     
 ----------The Max Residuals are--------  ---Mesh---           1
    0.2202789206E-03    0.1710085430E-03    0.1901632452E-03    0.2168419338E-18    0.2258882833E-03
   The R.M.S Residuals are 
    0.4467539724E-04    0.3946495421E-04    0.2393435474E-04    0.8816154903E-20    0.4259690927E-04
 --------------Force and Moment -----------------------------
 Total Force Coefficient (CL, CD, CS) =
  -6.1127122967213954E-002   4.2940623233197923E-002  -2.6432401955757419E-022
 Total Moment Coefficient(CMx, CMy, CMz)=
   1.5281780741803478E-002   1.0735155808299481E-002  -3.7714290305515499E-002
 Kstep, t=         262   262.00000000000000     
 ----------The Max Residuals are--------  ---Mesh---           1
    0.2162852470E-03    0.1636274179E-03    0.1847968271E-03    0.1355306741E-18    0.2170603308E-03
   The R.M.S Residuals are 
    0.4411330406E-04    0.3944710991E-04    0.2366391646E-04    0.8030951137E-20    0.4244707631E-04
 --------------Force and Moment -----------------------------
 Total Force Coefficient (CL, CD, CS) =
  -6.0684220751559700E-002   4.2678687251553798E-002  -3.2960324916162195E-022
 Total Moment Coefficient(CMx, CMy, CMz)=
   1.5171055187889923E-002   1.0669671812888450E-002  -3.7418311764082390E-002
 Kstep, t=         263   263.00000000000000     
 ----------The Max Residuals are--------  ---Mesh---           1
    0.2124180057E-03    0.1566191818E-03    0.1790040002E-03    0.1355313720E-18    0.2076505935E-03
   The R.M.S Residuals are 
    0.4356876584E-04    0.3942530209E-04    0.2339916665E-04    0.8288907496E-20    0.4230984706E-04
 --------------Force and Moment -----------------------------
 Total Force Coefficient (CL, CD, CS) =
  -6.0249271059377690E-002   4.2420013258089216E-002  -6.5470633970340617E-022
 Total Moment Coefficient(CMx, CMy, CMz)=
   1.5062317764844423E-002   1.0605003314522304E-002  -3.7128184220272947E-002
 Kstep, t=         264   264.00000000000000     
 ----------The Max Residuals are--------  ---Mesh---           1
    0.2086712843E-03    0.1599392952E-03    0.1727072574E-03    0.1897366920E-18    0.1975682153E-03
   The R.M.S Residuals are 
    0.4304284550E-04    0.3939996912E-04    0.2314082717E-04    0.8518864360E-20    0.4218372975E-04
 --------------Force and Moment -----------------------------
 Total Force Coefficient (CL, CD, CS) =
  -5.9822011354942861E-002   4.2164520171639901E-002  -4.7237065895515861E-022
 Total Moment Coefficient(CMx, CMy, CMz)=
   1.4955502838735708E-002   1.0541130042909975E-002  -3.6843711760108172E-002
 Kstep, t=         265   265.00000000000000     
 ----------The Max Residuals are--------  ---Mesh---           1
    0.2050395209E-03    0.1623013944E-03    0.1658013815E-03    0.1897333769E-18    0.1908365353E-03
   The R.M.S Residuals are 
    0.4253495872E-04    0.3936976452E-04    0.2288885578E-04    0.8619668631E-20    0.4206710654E-04
 --------------Force and Moment -----------------------------
 Total Force Coefficient (CL, CD, CS) =
  -5.9402191496017491E-002   4.1912130531111327E-002  -7.3618896491669726E-022
 Total Moment Coefficient(CMx, CMy, CMz)=
   1.4850547874004371E-002   1.0478032632777832E-002  -3.6564707718535219E-002
 Kstep, t=         266   266.00000000000000     
 ----------The Max Residuals are--------  ---Mesh---           1
    0.2015174810E-03    0.1637880088E-03    0.1581853237E-03    0.1355280374E-18    0.1924824657E-03
   The R.M.S Residuals are 
    0.4204533500E-04    0.3933448241E-04    0.2264367378E-04    0.8459229766E-20    0.4195843627E-04
 --------------Force and Moment -----------------------------
 Total Force Coefficient (CL, CD, CS) =
  -5.8989572676839359E-002   4.1662770232561007E-002  -9.4767306495805945E-022
 Total Moment Coefficient(CMx, CMy, CMz)=
   1.4747393169209840E-002   1.0415692558140252E-002  -3.6290993884419115E-002
 Kstep, t=         267   267.00000000000000     
 ----------The Max Residuals are--------  ---Mesh---           1
    0.1981002370E-03    0.1644853229E-03    0.1498595586E-03    0.1626341411E-18    0.1931736232E-03
   The R.M.S Residuals are 
    0.4157391318E-04    0.3929382278E-04    0.2240540321E-04    0.8764820311E-20    0.4185644064E-04
 --------------Force and Moment -----------------------------
 Total Force Coefficient (CL, CD, CS) =
  -5.8583926560434638E-002   4.1416368294656843E-002  -3.4583733755758246E-022
 Total Moment Coefficient(CMx, CMy, CMz)=
   1.4645981640108656E-002   1.0354092073664211E-002  -3.6022399850503033E-002
 Kstep, t=         268   268.00000000000000     
 ----------The Max Residuals are--------  ---Mesh---           1
    0.1947831479E-03    0.1644882556E-03    0.1410829362E-03    0.1626419904E-18    0.1930258354E-03
   The R.M.S Residuals are 
    0.4112034356E-04    0.3924714918E-04    0.2217413621E-04    0.8368431279E-20    0.4175994792E-04
 --------------Force and Moment -----------------------------
 Total Force Coefficient (CL, CD, CS) =
  -5.8185034552456355E-002   4.1172856648448317E-002  -1.0164354736388860E-022
 Total Moment Coefficient(CMx, CMy, CMz)=
   1.4546258638114097E-002   1.0293214162112079E-002  -3.5758762470964600E-002
 Kstep, t=         269   269.00000000000000     
 ----------The Max Residuals are--------  ---Mesh---           1
    0.1915618413E-03    0.1639042462E-03    0.1324192403E-03    0.1626332986E-18    0.1921691713E-03
   The R.M.S Residuals are 
    0.4068508478E-04    0.3919512481E-04    0.2195034998E-04    0.8909285959E-20    0.4166828266E-04
 --------------Force and Moment -----------------------------
 Total Force Coefficient (CL, CD, CS) =
  -5.7792687180552638E-002   4.0932169947996137E-002  -5.1846341576817534E-022
 Total Moment Coefficient(CMx, CMy, CMz)=
   1.4448171795138165E-002   1.0233042486999034E-002  -3.5499925398540175E-002
 Kstep, t=         270   270.00000000000000     
 ----------The Max Residuals are--------  ---Mesh---           1
    0.1884321957E-03    0.1628467137E-03    0.1244387237E-03    0.2168405120E-18    0.1907401189E-03
   The R.M.S Residuals are 
    0.4026761866E-04    0.3913713281E-04    0.2173404504E-04    0.8541843564E-20    0.4158072958E-04
 --------------Force and Moment -----------------------------
 Total Force Coefficient (CL, CD, CS) =
  -5.7406683552793561E-002   4.0694245398977417E-002  -1.7953745549153619E-022
 Total Moment Coefficient(CMx, CMy, CMz)=
   1.4351670888198389E-002   1.0173561349744354E-002  -3.5245738680721027E-002
 Kstep, t=         271   271.00000000000000     
 ----------The Max Residuals are--------  ---Mesh---           1
    0.1853903242E-03    0.1614127493E-03    0.1173029067E-03    0.1897367308E-18    0.1888560530E-03
   The R.M.S Residuals are 
    0.3986823700E-04    0.3907395674E-04    0.2152572410E-04    0.8227202237E-20    0.4149669905E-04
 --------------Force and Moment -----------------------------
 Total Force Coefficient (CL, CD, CS) =
  -5.7026830875995624E-002   4.0459022602866539E-002  -6.6417843819354702E-022
 Total Moment Coefficient(CMx, CMy, CMz)=
   1.4256707718998909E-002   1.0114755650716635E-002  -3.4996058400288944E-002
 Kstep, t=         272   272.00000000000000     
 ----------The Max Residuals are--------  ---Mesh---           1
    0.1824325592E-03    0.1596636898E-03    0.1107760745E-03    0.1626351339E-18    0.1865931061E-03
   The R.M.S Residuals are 
    0.3948630373E-04    0.3900520369E-04    0.2132527562E-04    0.8592495467E-20    0.4141553343E-04
 --------------Force and Moment -----------------------------
 Total Force Coefficient (CL, CD, CS) =
  -5.6652944020216270E-002   4.0226443414691476E-002  -3.4834622199034478E-022
 Total Moment Coefficient(CMx, CMy, CMz)=
   1.4163236005054073E-002   1.0056610853672869E-002  -3.4750746349727551E-002
 Kstep, t=         273   273.00000000000000     
 ----------The Max Residuals are--------  ---Mesh---           1
    0.1795554378E-03    0.1576292652E-03    0.1045604622E-03    0.2168451326E-18    0.1839907713E-03
   The R.M.S Residuals are 
    0.3912158512E-04    0.3893128657E-04    0.2113284613E-04    0.8808060245E-20    0.4133662380E-04
 --------------Force and Moment -----------------------------
 Total Force Coefficient (CL, CD, CS) =
  -5.6284845119645072E-002   3.9996451812695726E-002  -3.7063931430475383E-022
 Total Moment Coefficient(CMx, CMy, CMz)=
   1.4071211279911275E-002   9.9991129531739314E-003  -3.4509669732136788E-002
 Kstep, t=         274   274.00000000000000     
 ----------The Max Residuals are--------  ---Mesh---           1
    0.1767556884E-03    0.1553241185E-03    0.9848343872E-04    0.1355299245E-18    0.1810706604E-03
   The R.M.S Residuals are 
    0.3877366345E-04    0.3885242946E-04    0.2094832011E-04    0.8529300367E-20    0.4125956253E-04
 --------------Force and Moment -----------------------------
 Total Force Coefficient (CL, CD, CS) =
  -5.5922363202945968E-002   3.9768993778505159E-002  -1.1814101187021096E-021
 Total Moment Coefficient(CMx, CMy, CMz)=
   1.3980590800736501E-002   9.9422484446262897E-003  -3.4272700883474547E-002
 Kstep, t=         275   275.00000000000000     
 ----------The Max Residuals are--------  ---Mesh---           1
    0.1740302178E-03    0.1527589247E-03    0.9247871433E-04    0.1626320311E-18    0.1778492231E-03
   The R.M.S Residuals are 
    0.3844194248E-04    0.3876871748E-04    0.2077149387E-04    0.8656508207E-20    0.4118392802E-04
 --------------Force and Moment -----------------------------
 Total Force Coefficient (CL, CD, CS) =
  -5.5565333848101958E-002   3.9544017186618298E-002  -6.4251311698458971E-022
 Total Moment Coefficient(CMx, CMy, CMz)=
   1.3891333462025488E-002   9.8860042966545745E-003  -3.4039717012489618E-002
 Kstep, t=         276   276.00000000000000     
 ----------The Max Residuals are--------  ---Mesh---           1
    0.1713760996E-03    0.1499472748E-03    0.8654745457E-04    0.1355302799E-18    0.1743456139E-03
   The R.M.S Residuals are 
    0.3812621774E-04    0.3868087826E-04    0.2060228517E-04    0.8184514588E-20    0.4110959450E-04
 --------------Force and Moment -----------------------------
 Total Force Coefficient (CL, CD, CS) =
  -5.5213598858210457E-002   3.9321471702217808E-002  -4.5915751142158083E-022
 Total Moment Coefficient(CMx, CMy, CMz)=
   1.3803399714552618E-002   9.8303679255544521E-003  -3.3810599955775983E-002
 Kstep, t=         277   277.00000000000000     
 ----------The Max Residuals are--------  ---Mesh---           1
    0.1687905632E-03    0.1469112669E-03    0.8085134520E-04    0.1355248709E-18    0.1705879763E-03
   The R.M.S Residuals are 
    0.3782580300E-04    0.3858897704E-04    0.2044039889E-04    0.7861554461E-20    0.4103636142E-04
 --------------Force and Moment -----------------------------
 Total Force Coefficient (CL, CD, CS) =
  -5.4867005955648182E-002   3.9101308686446790E-002   1.4179815523960776E-022
 Total Moment Coefficient(CMx, CMy, CMz)=
   1.3716751488912052E-002   9.7753271716116974E-003  -3.3585235946112950E-002
 Kstep, t=         278   278.00000000000000     
 ----------The Max Residuals are--------  ---Mesh---           1
    0.1662709834E-03    0.1436864739E-03    0.7549447961E-04    0.1355325110E-18    0.1666190269E-03
   The R.M.S Residuals are 
    0.3754043564E-04    0.3849377712E-04    0.2028571730E-04    0.8513379829E-20    0.4096428918E-04
 --------------Force and Moment -----------------------------
 Total Force Coefficient (CL, CD, CS) =
  -5.4525408492694910E-002   3.8883481108413671E-002  -5.6381829037135157E-022
 Total Moment Coefficient(CMx, CMy, CMz)=
   1.3631352123173722E-002   9.7208702771034178E-003  -3.3363515392753063E-002
 Kstep, t=         279   279.00000000000000     
 ----------The Max Residuals are--------  ---Mesh---           1
    0.1638148713E-03    0.1403147363E-03    0.6987370619E-04    0.1355297403E-18    0.1624880701E-03
   The R.M.S Residuals are 
    0.3726991422E-04    0.3839596256E-04    0.2013783799E-04    0.8140677854E-20    0.4089379385E-04
 --------------Force and Moment -----------------------------
 Total Force Coefficient (CL, CD, CS) =
  -5.4188665177166598E-002   3.8667943463288626E-002   2.8772413450645186E-022
 Total Moment Coefficient(CMx, CMy, CMz)=
   1.3547166294291660E-002   9.6669858658221565E-003  -3.3145332672659469E-002
 Kstep, t=         280   280.00000000000000     
 ----------The Max Residuals are--------  ---Mesh---           1
    0.1614198653E-03    0.1398117409E-03    0.6500557522E-04    0.1626336604E-18    0.1616630525E-03
   The R.M.S Residuals are 
    0.3701373058E-04    0.3829598839E-04    0.1999667592E-04    0.8525212117E-20    0.4082489377E-04
 --------------Force and Moment -----------------------------
 Total Force Coefficient (CL, CD, CS) =
  -5.3856639811927197E-002   3.8454651695936239E-002  -4.2556640041828315E-022
 Total Moment Coefficient(CMx, CMy, CMz)=
   1.3464159952981799E-002   9.6136629239840597E-003  -3.2930585931921795E-002
 Kstep, t=         281   281.00000000000000     
 ----------The Max Residuals are--------  ---Mesh---           1
    0.1590837232E-03    0.1405635745E-03    0.6147668559E-04    0.1897364364E-18    0.1626648026E-03
   The R.M.S Residuals are 
    0.3677165657E-04    0.3819460632E-04    0.1986205410E-04    0.8056237975E-20    0.4075798434E-04
 --------------Force and Moment -----------------------------
 Total Force Coefficient (CL, CD, CS) =
  -5.3529201047365124E-002   3.8243563129598167E-002  -8.6282088758801002E-022
 Total Moment Coefficient(CMx, CMy, CMz)=
   1.3382300261841279E-002   9.5608907823995417E-003  -3.2719176896734030E-002
 Kstep, t=         282   282.00000000000000     
 ----------The Max Residuals are--------  ---Mesh---           1
    0.1568043143E-03    0.1409568183E-03    0.6080094513E-04    0.1897388666E-18    0.1632191358E-03
   The R.M.S Residuals are 
    0.3654337768E-04    0.3809245577E-04    0.1973383885E-04    0.8887353921E-20    0.4069342127E-04
 --------------Force and Moment -----------------------------
 Total Force Coefficient (CL, CD, CS) =
  -5.3206222146075337E-002   3.8034636399196665E-002  -4.8228842191139012E-022
 Total Moment Coefficient(CMx, CMy, CMz)=
   1.3301555536518839E-002   9.5086590997991664E-003  -3.2511010693421057E-002
 Kstep, t=         283   283.00000000000000     
 ----------The Max Residuals are--------  ---Mesh---           1
    0.1545796133E-03    0.1410135227E-03    0.6042207666E-04    0.1355268484E-18    0.1633556193E-03
   The R.M.S Residuals are 
    0.3632862449E-04    0.3799022715E-04    0.1961190128E-04    0.8177086096E-20    0.4063164693E-04
 --------------Force and Moment -----------------------------
 Total Force Coefficient (CL, CD, CS) =
  -5.2887580759091737E-002   3.7827831388879157E-002  -1.2554976231494677E-022
 Total Moment Coefficient(CMx, CMy, CMz)=
   1.3221895189772945E-002   9.4569578472197893E-003  -3.2305995677072534E-002
 Kstep, t=         284   284.00000000000000     
 ----------The Max Residuals are--------  ---Mesh---           1
    0.1524076929E-03    0.1407525197E-03    0.6008726830E-04    0.1897373609E-18    0.1631006876E-03
   The R.M.S Residuals are 
    0.3612719039E-04    0.3788865271E-04    0.1949619070E-04    0.8710879156E-20    0.4057310898E-04
 --------------Force and Moment -----------------------------
 Total Force Coefficient (CL, CD, CS) =
  -5.2573158713092774E-002   3.7623109173465424E-002   1.1367367087831214E-022
 Total Moment Coefficient(CMx, CMy, CMz)=
   1.3143289678273192E-002   9.4057772933663561E-003  -3.2104043268391086E-002
 Kstep, t=         285   285.00000000000000     
 ----------The Max Residuals are--------  ---Mesh---           1
    0.1502867187E-03    0.1401872667E-03    0.5979152173E-04    0.1897399472E-18    0.1624748433E-03
   The R.M.S Residuals are 
    0.3593884313E-04    0.3778842630E-04    0.1938665744E-04    0.8428098678E-20    0.4051833083E-04
 --------------Force and Moment -----------------------------
 Total Force Coefficient (CL, CD, CS) =
  -5.2262841808058139E-002   3.7420431963494531E-002   3.5744434780816974E-023
 Total Moment Coefficient(CMx, CMy, CMz)=
   1.3065710452014538E-002   9.3551079908736328E-003  -3.1905067798397767E-002
 Kstep, t=         286   286.00000000000000     
 ----------The Max Residuals are--------  ---Mesh---           1
    0.1482149433E-03    0.1393326930E-03    0.5953882830E-04    0.1897419589E-18    0.1614997209E-03
   The R.M.S Residuals are 
    0.3576343768E-04    0.3769028392E-04    0.1928321463E-04    0.8435424914E-20    0.4046792191E-04
 --------------Force and Moment -----------------------------
 Total Force Coefficient (CL, CD, CS) =
  -5.1956519624899403E-002   3.7219763053599926E-002  -3.0765130231888143E-022
 Total Moment Coefficient(CMx, CMy, CMz)=
   1.2989129906224851E-002   9.3049407633999815E-003  -3.1708986360664264E-002
 Kstep, t=         287   287.00000000000000     
 ----------The Max Residuals are--------  ---Mesh---           1
    0.1461907014E-03    0.1382085514E-03    0.5933134472E-04    0.1626392956E-18    0.1602017324E-03
   The R.M.S Residuals are 
    0.3560070508E-04    0.3759484698E-04    0.1918600383E-04    0.8655594288E-20    0.4042226621E-04
 --------------Force and Moment -----------------------------
 Total Force Coefficient (CL, CD, CS) =
  -5.1654085342619414E-002   3.7021066773967146E-002   2.9255526178692833E-022
 Total Moment Coefficient(CMx, CMy, CMz)=
   1.2913521335654847E-002   9.2552666934917864E-003  -3.1515718670762131E-002
 Kstep, t=         288   288.00000000000000     
 ----------The Max Residuals are--------  ---Mesh---           1
    0.1442124051E-03    0.1368352100E-03    0.5917037111E-04    0.1355321733E-18    0.1586074295E-03
   The R.M.S Residuals are 
    0.3545049891E-04    0.3750277007E-04    0.1909503250E-04    0.8136569748E-20    0.4038199315E-04
 --------------Force and Moment -----------------------------
 Total Force Coefficient (CL, CD, CS) =
  -5.1355435564585786E-002   3.6824308444653120E-002  -5.6090366209171569E-023
 Total Moment Coefficient(CMx, CMy, CMz)=
   1.2838858891146441E-002   9.2060771111632800E-003  -3.1325186932637160E-002
 Kstep, t=         289   289.00000000000000     
 ----------The Max Residuals are--------  ---Mesh---           1
    0.1422785395E-03    0.1352324059E-03    0.5905741282E-04    0.1626347211E-18    0.1567421110E-03
   The R.M.S Residuals are 
    0.3531293480E-04    0.3741500346E-04    0.1901023083E-04    0.9279366294E-20    0.4034794227E-04
 --------------Force and Moment -----------------------------
 Total Force Coefficient (CL, CD, CS) =
  -5.1060470153528811E-002   3.6629454332565516E-002  -4.0048399836559077E-022
 Total Moment Coefficient(CMx, CMy, CMz)=
   1.2765117538382205E-002   9.1573635831413789E-003  -3.1137315711632411E-002
 Kstep, t=         290   290.00000000000000     
 ----------The Max Residuals are--------  ---Mesh---           1
    0.1403876586E-03    0.1334190593E-03    0.5901944152E-04    0.1897507929E-18    0.1546296459E-03
   The R.M.S Residuals are 
    0.3518765634E-04    0.3733192826E-04    0.1893186748E-04    0.8378638802E-20    0.4032035059E-04
 --------------Force and Moment -----------------------------
 Total Force Coefficient (CL, CD, CS) =
  -5.0769092074895494E-002   3.6436471610919639E-002  -1.1627316161333000E-021
 Total Moment Coefficient(CMx, CMy, CMz)=
   1.2692273018723886E-002   9.1091179027299098E-003  -3.0952031813897919E-002
 Kstep, t=         291   291.00000000000000     
 ----------The Max Residuals are--------  ---Mesh---           1
    0.1385383816E-03    0.1314128508E-03    0.5911112791E-04    0.1897414645E-18    0.1522920776E-03
   The R.M.S Residuals are 
    0.3507452937E-04    0.3725412291E-04    0.1886010320E-04    0.8730472566E-20    0.4029980761E-04
 --------------Force and Moment -----------------------------
 Total Force Coefficient (CL, CD, CS) =
  -5.0481207248213457E-002   3.6245328321006146E-002  -1.2498580575914575E-021
 Total Moment Coefficient(CMx, CMy, CMz)=
   1.2620301812053369E-002   9.0613320802515364E-003  -3.0769264171938530E-002
 Kstep, t=         292   292.00000000000000     
 ----------The Max Residuals are--------  ---Mesh---           1
    0.1367293896E-03    0.1292303465E-03    0.5925758302E-04    0.2981597046E-18    0.1497498309E-03
   The R.M.S Residuals are 
    0.3497392623E-04    0.3718264983E-04    0.1879490457E-04    0.9254930563E-20    0.4028735890E-04
 --------------Force and Moment -----------------------------
 Total Force Coefficient (CL, CD, CS) =
  -5.0196724406136914E-002   3.6055993336117184E-002  -9.4690072199658294E-022
 Total Moment Coefficient(CMx, CMy, CMz)=
   1.2549181101534228E-002   9.0139983340292960E-003  -3.0588943736063801E-002
 Kstep, t=         293   293.00000000000000     
 ----------The Max Residuals are--------  ---Mesh---           1
    0.1349594217E-03    0.1268873735E-03    0.5946289119E-04    0.1626330768E-18    0.1470221791E-03
   The R.M.S Residuals are 
    0.3488565736E-04    0.3711797939E-04    0.1873649287E-04    0.8808270988E-20    0.4028338873E-04
 --------------Force and Moment -----------------------------
 Total Force Coefficient (CL, CD, CS) =
  -4.9915554960865971E-002   3.5868436327492099E-002  -9.0676290578310413E-022
 Total Moment Coefficient(CMx, CMy, CMz)=
   1.2478888740216493E-002   8.9671090818730249E-003  -3.0411003371517129E-002
 Kstep, t=         294   294.00000000000000     
 ----------The Max Residuals are--------  ---Mesh---           1
    0.1332272729E-03    0.1243993734E-03    0.5973188799E-04    0.3523651051E-18    0.1441276782E-03
   The R.M.S Residuals are 
    0.3480939701E-04    0.3706037063E-04    0.1868518578E-04    0.1069135203E-19    0.4028817341E-04
 --------------Force and Moment -----------------------------
 Total Force Coefficient (CL, CD, CS) =
  -4.9637612877646675E-002   3.5682627732153881E-002  -4.5895821771977588E-022
 Total Moment Coefficient(CMx, CMy, CMz)=
   1.2409403219411667E-002   8.9206569330384702E-003  -3.0235377761071928E-002
 Kstep, t=         295   295.00000000000000     
 ----------The Max Residuals are--------  ---Mesh---           1
    0.1315352082E-03    0.1217815733E-03    0.6007023757E-04    0.1626321676E-18    0.1410844023E-03
   The R.M.S Residuals are 
    0.3474548361E-04    0.3701075555E-04    0.1864097375E-04    0.8870730816E-20    0.4030269497E-04
 --------------Force and Moment -----------------------------
 Total Force Coefficient (CL, CD, CS) =
  -4.9362814555075657E-002   3.5498538722519818E-002  -1.4586741163520875E-022
 Total Moment Coefficient(CMx, CMy, CMz)=
   1.2340703638768913E-002   8.8746346806299545E-003  -3.0062003312894950E-002
 Kstep, t=         296   296.00000000000000     
 ----------The Max Residuals are--------  ---Mesh---           1
    0.1299166868E-03    0.1190489884E-03    0.6048446468E-04    0.2439326223E-18    0.1379099954E-03
   The R.M.S Residuals are 
    0.3469399450E-04    0.3696979234E-04    0.1860404180E-04    0.9536155059E-20    0.4032760785E-04
 --------------Force and Moment -----------------------------
 Total Force Coefficient (CL, CD, CS) =
  -4.9091078711948538E-002   3.5316141177677604E-002   9.0693948628640928E-023
 Total Moment Coefficient(CMx, CMy, CMz)=
   1.2272769677987141E-002   8.8290352944194010E-003  -2.9890818073487015E-002
 Kstep, t=         297   297.00000000000000     
 ----------The Max Residuals are--------  ---Mesh---           1
    0.1283319204E-03    0.1162163975E-03    0.6098192429E-04    0.1897387923E-18    0.1346216865E-03
   The R.M.S Residuals are 
    0.3465478495E-04    0.3693786817E-04    0.1857453539E-04    0.8834757286E-20    0.4036326862E-04
 --------------Force and Moment -----------------------------
 Total Force Coefficient (CL, CD, CS) =
  -4.8822326280404879E-002   3.5135407656227233E-002   7.6487494727905709E-022
 Total Moment Coefficient(CMx, CMy, CMz)=
   1.2205581570101218E-002   8.7838519140568082E-003  -2.9721761645521282E-002
 Kstep, t=         298   298.00000000000000     
 ----------The Max Residuals are--------  ---Mesh---           1
    0.1267798805E-03    0.1132983363E-03    0.6163170202E-04    0.1355291134E-18    0.1312363167E-03
   The R.M.S Residuals are 
    0.3462787389E-04    0.3691557779E-04    0.1855263604E-04    0.8709153990E-20    0.4041036738E-04
 --------------Force and Moment -----------------------------
 Total Force Coefficient (CL, CD, CS) =
  -4.8556480305134410E-002   3.4956311370596446E-002   1.6591661813341078E-022
 Total Moment Coefficient(CMx, CMy, CMz)=
   1.2139120076283604E-002   8.7390778426491116E-003  -2.9554775110408930E-002
 Kstep, t=         299   299.00000000000000     
 ----------The Max Residuals are--------  ---Mesh---           1
    0.1252595828E-03    0.1103090931E-03    0.6241448708E-04    0.2981667127E-18    0.1286340062E-03
   The R.M.S Residuals are 
    0.3461306249E-04    0.3690321489E-04    0.1853859369E-04    0.9976549436E-20    0.4046925434E-04
 --------------Force and Moment -----------------------------
 Total Force Coefficient (CL, CD, CS) =
  -4.8293465848422659E-002   3.4778826162744525E-002  -8.7649419989195179E-022
 Total Moment Coefficient(CMx, CMy, CMz)=
   1.2073366462105673E-002   8.6947065406861312E-003  -2.9389800955430062E-002
 Kstep, t=         300   300.00000000000000     
 ----------The Max Residuals are--------  ---Mesh---           1
    0.1237700853E-03    0.1072627022E-03    0.6338697788E-04    0.1897433806E-18    0.1302729231E-03
   The R.M.S Residuals are 
    0.3461053097E-04    0.3690148231E-04    0.1853238713E-04    0.9457437116E-20    0.4054067378E-04
  flow chunk done, Kstep=         300  tt=   300.00000000000000     
   GS iter           1  res=   5.4290939256816273E-002  Ts(1,1,1)=   1367.7667859277756       Ts(nx-1,ny-1,1)=   427.42991934122125     
   GS iter           2  res=   4.7191575474244019E-002  Ts(1,1,1)=   1367.7211123293130       Ts(nx-1,ny-1,1)=   427.42937485225593     
   GS iter           3  res=   4.3102144399881581E-002  Ts(1,1,1)=   1367.6794438438124       Ts(nx-1,ny-1,1)=   427.42749282577620     
   GS iter           4  res=   4.0651964032349497E-002  Ts(1,1,1)=   1367.6401750190876       Ts(nx-1,ny-1,1)=   427.42545057595044     
   GS iter           5  res=   3.9105728053982602E-002  Ts(1,1,1)=   1367.6024205485712       Ts(nx-1,ny-1,1)=   427.42291766051522     
 Solid solver Block           2  GS iterations:       20001  final res:   3.0609078642100940E-002
   DBG: Ts(1,1,1)=   734.25489434194253       Ts(nx/2,ny/2,1)=   737.56770793261899       Ts(nx-1,ny-1,1)=   349.70139888397563     
  solid chunk done, outer iter           2  max|dT_w|=   655.84560060285423       K  T_w range [   712.68511343233592      ,   739.60789898526127      ]  max|q_w|=   2118506.9698921554     
  outer iter           3 : flow chunk steps =          50
 --------------Force and Moment -----------------------------
 Total Force Coefficient (CL, CD, CS) =
  -3.6232859076401350E-002   3.4602926481174995E-002  -1.2695728044128759E-021
 Total Moment Coefficient(CMx, CMy, CMz)=
   9.0582147691003340E-003   8.6507316202937487E-003  -2.0372844838363421E-002
 Kstep, t=         301   301.00000000000000     
 ----------The Max Residuals are--------  ---Mesh---           1
    0.1215273492E-03    0.1084729092E-03    0.6451957412E-04    0.1897424435E-18    0.6842919384E-02
   The R.M.S Residuals are 
    0.3461693980E-04    0.3691052695E-04    0.1853409443E-04    0.9118815678E-20    0.4420580042E-03
 --------------Force and Moment -----------------------------
 Total Force Coefficient (CL, CD, CS) =
  -1.8102511343792486E-002   3.2647029611868904E-002  -8.3235425507917393E-022
 Total Moment Coefficient(CMx, CMy, CMz)=
   4.5256278359481197E-003   8.1617574029672259E-003  -6.7929653781852823E-003
 Kstep, t=         302   302.00000000000000     
 ----------The Max Residuals are--------  ---Mesh---           1
    0.1120241164E-03    0.1105688523E-03    0.1247166930E-03    0.2710520682E-18    0.3696922927E-02
   The R.M.S Residuals are 
    0.3463333967E-04    0.3692254513E-04    0.2153684619E-04    0.9165952424E-20    0.2519805703E-03
 --------------Force and Moment -----------------------------
 Total Force Coefficient (CL, CD, CS) =
  -9.8480398949714054E-003   3.1476409840872910E-002  -9.2262361180279071E-022
 Total Moment Coefficient(CMx, CMy, CMz)=
   2.4620099737428505E-003   7.8691024602182275E-003  -6.3752031751687828E-004
 Kstep, t=         303   303.00000000000000     
 ----------The Max Residuals are--------  ---Mesh---           1
    0.1244895262E-03    0.1143640579E-03    0.1761638627E-03    0.1897363237E-18    0.2138045016E-02
   The R.M.S Residuals are 
    0.3492652121E-04    0.3694983323E-04    0.2367897575E-04    0.8884502001E-20    0.1648906638E-03
 --------------Force and Moment -----------------------------
 Total Force Coefficient (CL, CD, CS) =
  -7.8548356325672027E-003   3.0739743575792285E-002  -9.1324022874899050E-022
 Total Moment Coefficient(CMx, CMy, CMz)=
   1.9637089081418007E-003   7.6849358939480713E-003   7.9789266823887788E-004
 Kstep, t=         304   304.00000000000000     
 ----------The Max Residuals are--------  ---Mesh---           1
    0.1231791950E-03    0.1192371470E-03    0.1845582412E-03    0.1897378876E-18    0.1105630799E-02
   The R.M.S Residuals are 
    0.3527871169E-04    0.3698819915E-04    0.2463325059E-04    0.9207424068E-20    0.9614298080E-04
 --------------Force and Moment -----------------------------
 Total Force Coefficient (CL, CD, CS) =
  -9.4322641761057750E-003   3.0696015144999925E-002  -6.3422387069222499E-022
 Total Moment Coefficient(CMx, CMy, CMz)=
   2.3580660440264433E-003   7.6740037862499813E-003  -4.3727926466875008E-004
 Kstep, t=         305   305.00000000000000     
 ----------The Max Residuals are--------  ---Mesh---           1
    0.1174304783E-03    0.1240627562E-03    0.1509973741E-03    0.1626336863E-18    0.7964040504E-03
   The R.M.S Residuals are 
    0.3548391031E-04    0.3703436860E-04    0.2407131180E-04    0.8783496585E-20    0.8063123784E-04
 --------------Force and Moment -----------------------------
 Total Force Coefficient (CL, CD, CS) =
  -1.0244526257769955E-002   3.0660119897397385E-002  -4.7316464698960979E-022
 Total Moment Coefficient(CMx, CMy, CMz)=
   2.5611315644424883E-003   7.6650299743493463E-003  -1.0724669858509892E-003
 Kstep, t=         306   306.00000000000000     
 ----------The Max Residuals are--------  ---Mesh---           1
    0.1209052874E-03    0.1290491621E-03    0.1318972554E-03    0.2439466230E-18    0.5575353914E-03
   The R.M.S Residuals are 
    0.3562167852E-04    0.3709752938E-04    0.2356571285E-04    0.9465810184E-20    0.7121966306E-04
 --------------Force and Moment -----------------------------
 Total Force Coefficient (CL, CD, CS) =
  -1.0648220873476819E-002   3.0583724264069276E-002  -1.0602685314920953E-021
 Total Moment Coefficient(CMx, CMy, CMz)=
   2.6620552183692051E-003   7.6459310660173191E-003  -1.4072636179437773E-003
 Kstep, t=         307   307.00000000000000     
 ----------The Max Residuals are--------  ---Mesh---           1
    0.1250134832E-03    0.1339461062E-03    0.1222175532E-03    0.2168429548E-18    0.4798905099E-03
   The R.M.S Residuals are 
    0.3576613772E-04    0.3717628218E-04    0.2322509883E-04    0.8628487429E-20    0.6536339284E-04
 --------------Force and Moment -----------------------------
 Total Force Coefficient (CL, CD, CS) =
  -1.0924902957432142E-002   3.0483846800949971E-002  -9.0331177653809270E-022
 Total Moment Coefficient(CMx, CMy, CMz)=
   2.7312257393580361E-003   7.6209617002374929E-003  -1.6455112433125232E-003
 Kstep, t=         308   308.00000000000000     
 ----------The Max Residuals are--------  ---Mesh---           1
    0.1291983505E-03    0.1392495547E-03    0.1076621023E-03    0.1355267708E-18    0.4100731761E-03
   The R.M.S Residuals are 
    0.3595347170E-04    0.3726940268E-04    0.2301813278E-04    0.7889574567E-20    0.6151125791E-04
 --------------Force and Moment -----------------------------
 Total Force Coefficient (CL, CD, CS) =
  -1.1089453908739569E-002   3.0373693686529906E-002  -1.4484675223609772E-021
 Total Moment Coefficient(CMx, CMy, CMz)=
   2.7723634771848957E-003   7.5934234216324765E-003  -1.7981239509320757E-003
 Kstep, t=         309   309.00000000000000     
 ----------The Max Residuals are--------  ---Mesh---           1
    0.1332670930E-03    0.1441474857E-03    0.1027969810E-03    0.1897418451E-18    0.3504079822E-03
   The R.M.S Residuals are 
    0.3614251529E-04    0.3737437702E-04    0.2286619833E-04    0.9344380707E-20    0.5879625978E-04
 --------------Force and Moment -----------------------------
 Total Force Coefficient (CL, CD, CS) =
  -1.1193235618617464E-002   3.0259196287514029E-002  -1.3850861453758293E-021
 Total Moment Coefficient(CMx, CMy, CMz)=
   2.7983089046543668E-003   7.5647990718785071E-003  -1.9063420594952426E-003
 Kstep, t=         310   310.00000000000000     
 ----------The Max Residuals are--------  ---Mesh---           1
    0.1381080959E-03    0.1499257520E-03    0.9687770973E-04    0.1897437554E-18    0.3137129359E-03
   The R.M.S Residuals are 
    0.3632891958E-04    0.3749150397E-04    0.2275199732E-04    0.8888823952E-20    0.5680333845E-04
 --------------Force and Moment -----------------------------
 Total Force Coefficient (CL, CD, CS) =
  -1.1273301921300376E-002   3.0143223267801403E-002  -1.7997585140025523E-021
 Total Moment Coefficient(CMx, CMy, CMz)=
   2.8183254803250935E-003   7.5358058169503507E-003  -1.9977939054515253E-003
 Kstep, t=         311   311.00000000000000     
 ----------The Max Residuals are--------  ---Mesh---           1
    0.1422546960E-03    0.1547495964E-03    0.9147870786E-04    0.1626304277E-18    0.2873041885E-03
   The R.M.S Residuals are 
    0.3651569703E-04    0.3761945983E-04    0.2266776912E-04    0.8706260109E-20    0.5530346157E-04
 --------------Force and Moment -----------------------------
 Total Force Coefficient (CL, CD, CS) =
  -1.1348220585869357E-002   3.0027246464768967E-002  -1.6600173253752666E-021
 Total Moment Coefficient(CMx, CMy, CMz)=
   2.8370551464673393E-003   7.5068116161922417E-003  -2.0860794918957102E-003
 Kstep, t=         312   312.00000000000000     
 ----------The Max Residuals are--------  ---Mesh---           1
    0.1475949595E-03    0.1610281701E-03    0.8847670374E-04    0.1355265382E-18    0.2626791257E-03
   The R.M.S Residuals are 
    0.3670857138E-04    0.3775979402E-04    0.2260939788E-04    0.8197485295E-20    0.5415888430E-04
 --------------Force and Moment -----------------------------
 Total Force Coefficient (CL, CD, CS) =
  -1.1423556754239287E-002   2.9912034431142459E-002  -8.7823493846514793E-022
 Total Moment Coefficient(CMx, CMy, CMz)=
   2.8558891885598209E-003   7.4780086077856148E-003  -2.1749177241171609E-003
 Kstep, t=         313   313.00000000000000     
 ----------The Max Residuals are--------  ---Mesh---           1
    0.1518731793E-03    0.1652952765E-03    0.8985809193E-04    0.1897494487E-18    0.2399946543E-03
   The R.M.S Residuals are 
    0.3690672707E-04    0.3791033809E-04    0.2257376995E-04    0.9126525481E-20    0.5327604128E-04
 --------------Force and Moment -----------------------------
 Total Force Coefficient (CL, CD, CS) =
  -1.1495758948973953E-002   2.9797949470392625E-002  -9.3279758918479396E-022
 Total Moment Coefficient(CMx, CMy, CMz)=
   2.8739397372434887E-003   7.4494873675981562E-003  -2.2610530416841989E-003
 Kstep, t=         314   314.00000000000000     
 ----------The Max Residuals are--------  ---Mesh---           1
    0.1574547079E-03    0.1720148031E-03    0.9315219623E-04    0.1897388763E-18    0.2231154323E-03
   The R.M.S Residuals are 
    0.3710630198E-04    0.3806809414E-04    0.2255678268E-04    0.9391096114E-20    0.5258831228E-04
 --------------Force and Moment -----------------------------
 Total Force Coefficient (CL, CD, CS) =
  -1.1556788384441427E-002   2.9685089071397223E-002  -1.0678841798509027E-021
 Total Moment Coefficient(CMx, CMy, CMz)=
   2.8891970961103580E-003   7.4212722678493057E-003  -2.3379402596394767E-003
 Kstep, t=         315   315.00000000000000     
 ----------The Max Residuals are--------  ---Mesh---           1
    0.1621165877E-03    0.1765207464E-03    0.9576625758E-04    0.1897420170E-18    0.2101831524E-03
   The R.M.S Residuals are 
    0.3730693852E-04    0.3823321766E-04    0.2255562450E-04    0.9005714507E-20    0.5205072245E-04
 --------------Force and Moment -----------------------------
 Total Force Coefficient (CL, CD, CS) =
  -1.1598438540300873E-002   2.9573395853727071E-002  -1.0083389800575079E-021
 Total Moment Coefficient(CMx, CMy, CMz)=
   2.8996096350752168E-003   7.3933489634317676E-003  -2.3991653543847533E-003
 Kstep, t=         316   316.00000000000000     
 ----------The Max Residuals are--------  ---Mesh---           1
    0.1679136468E-03    0.1833367265E-03    0.9933635670E-04    0.1626352373E-18    0.2129637498E-03
   The R.M.S Residuals are 
    0.3750552024E-04    0.3840342831E-04    0.2256713253E-04    0.9176446859E-20    0.5162956829E-04
 --------------Force and Moment -----------------------------
 Total Force Coefficient (CL, CD, CS) =
  -1.1614990890813304E-002   2.9462746207491255E-002  -1.0658521878466192E-021
 Total Moment Coefficient(CMx, CMy, CMz)=
   2.9037477227033264E-003   7.3656865518728137E-003  -2.4404506967538502E-003
 Kstep, t=         317   317.00000000000000     
 ----------The Max Residuals are--------  ---Mesh---           1
    0.1734025769E-03    0.1887910879E-03    0.1019713176E-03    0.1626333567E-18    0.2212886707E-03
   The R.M.S Residuals are 
    0.3770302369E-04    0.3857982542E-04    0.2258856646E-04    0.8455282801E-20    0.5130296841E-04
 --------------Force and Moment -----------------------------
 Total Force Coefficient (CL, CD, CS) =
  -1.1604240979226131E-002   2.9353011925663329E-002  -9.0896668464395276E-022
 Total Moment Coefficient(CMx, CMy, CMz)=
   2.9010602448065327E-003   7.3382529814158323E-003  -2.4603512064300501E-003
 Kstep, t=         318   318.00000000000000     
 ----------The Max Residuals are--------  ---Mesh---           1
    0.1789398505E-03    0.1952971111E-03    0.1059912897E-03    0.1626360774E-18    0.2271307758E-03
   The R.M.S Residuals are 
    0.3789904731E-04    0.3876115303E-04    0.2261818424E-04    0.8624332905E-20    0.5105349140E-04
 --------------Force and Moment -----------------------------
 Total Force Coefficient (CL, CD, CS) =
  -1.1567480173966666E-002   2.9244093361533396E-002  -6.1645993105006992E-022
 Total Moment Coefficient(CMx, CMy, CMz)=
   2.8918700434916698E-003   7.3110233403833489E-003  -2.4601652182030800E-003
 Kstep, t=         319   319.00000000000000     
 ----------The Max Residuals are--------  ---Mesh---           1
    0.1856759381E-03    0.2021570365E-03    0.1088822545E-03    0.2439396404E-18    0.2365444964E-03
   The R.M.S Residuals are 
    0.3809323508E-04    0.3894534516E-04    0.2265484440E-04    0.8791079245E-20    0.5086676562E-04
 --------------Force and Moment -----------------------------
 Total Force Coefficient (CL, CD, CS) =
  -1.1508792823958114E-002   2.9135929340545583E-002  -9.6700645395456577E-022
 Total Moment Coefficient(CMx, CMy, CMz)=
   2.8771982059895267E-003   7.2839823351363957E-003  -2.4433352072487685E-003
 Kstep, t=         320   320.00000000000000     
 ----------The Max Residuals are--------  ---Mesh---           1
    0.1900342530E-03    0.2073217326E-03    0.1131064152E-03    0.1355347615E-18    0.2437778652E-03
   The R.M.S Residuals are 
    0.3828432268E-04    0.3912933841E-04    0.2269784801E-04    0.9141898560E-20    0.5073062243E-04
 --------------Force and Moment -----------------------------
 Total Force Coefficient (CL, CD, CS) =
  -1.1433941073314708E-002   2.9028490619694640E-002  -9.8434398121814255E-022
 Total Moment Coefficient(CMx, CMy, CMz)=
   2.8584852683286753E-003   7.2571226549236600E-003  -2.4145323230761592E-003
 Kstep, t=         321   321.00000000000000     
 ----------The Max Residuals are--------  ---Mesh---           1
    0.1984675125E-03    0.2161723848E-03    0.1165074491E-03    0.1897379780E-18    0.2522167595E-03
   The R.M.S Residuals are 
    0.3847391924E-04    0.3931293252E-04    0.2274637143E-04    0.9309600587E-20    0.5063697936E-04
 --------------Force and Moment -----------------------------
 Total Force Coefficient (CL, CD, CS) =
  -1.1349237381851469E-002   2.8921767265145483E-002  -2.9277781337414197E-022
 Total Moment Coefficient(CMx, CMy, CMz)=
   2.8373093454628646E-003   7.2304418162863707E-003  -2.3787500738043778E-003
 Kstep, t=         322   322.00000000000000     
 ----------The Max Residuals are--------  ---Mesh---           1
    0.2043011112E-03    0.2220734199E-03    0.1204804353E-03    0.1897512808E-18    0.2614870236E-03
   The R.M.S Residuals are 
    0.3866210970E-04    0.3949454802E-04    0.2279888583E-04    0.9272811541E-20    0.5057878829E-04
 --------------Force and Moment -----------------------------
 Total Force Coefficient (CL, CD, CS) =
  -1.1260723175927538E-002   2.8815762366397036E-002  -4.7186989455725282E-022
 Total Moment Coefficient(CMx, CMy, CMz)=
   2.8151807939818846E-003   7.2039405915992590E-003  -2.3406713691699029E-003
 Kstep, t=         323   323.00000000000000     
 ----------The Max Residuals are--------  ---Mesh---           1
    0.2109357561E-03    0.2299624456E-03    0.1247092335E-03    0.1626264162E-18    0.2675005850E-03
   The R.M.S Residuals are 
    0.3885163005E-04    0.3967575646E-04    0.2285578026E-04    0.8625960384E-20    0.5055232220E-04
 --------------Force and Moment -----------------------------
 Total Force Coefficient (CL, CD, CS) =
  -1.1173598803831054E-002   2.8710495496017382E-002  -1.3155350025376493E-021
 Total Moment Coefficient(CMx, CMy, CMz)=
   2.7933997009577612E-003   7.1776238740043456E-003  -2.3042510769348793E-003
 Kstep, t=         324   324.00000000000000     
 ----------The Max Residuals are--------  ---Mesh---           1
    0.2190884057E-03    0.2383591814E-03    0.1276429319E-03    0.1897474777E-18    0.2794842329E-03
   The R.M.S Residuals are 
    0.3904027860E-04    0.3985216088E-04    0.2291699305E-04    0.8853591026E-20    0.5054959862E-04
 --------------Force and Moment -----------------------------
 Total Force Coefficient (CL, CD, CS) =
  -1.1091586869914384E-002   2.8606001588943650E-002  -7.8395442228725863E-022
 Total Moment Coefficient(CMx, CMy, CMz)=
   2.7728967174785952E-003   7.1515003972359124E-003  -2.2722234727602778E-003
 Kstep, t=         325   325.00000000000000     
 ----------The Max Residuals are--------  ---Mesh---           1
    0.2241367303E-03    0.2433848933E-03    0.1331873779E-03    0.1355385468E-18    0.2880341701E-03
   The R.M.S Residuals are 
    0.3923176623E-04    0.4002568876E-04    0.2298203585E-04    0.8440778942E-20    0.5056835306E-04
 --------------Force and Moment -----------------------------
 Total Force Coefficient (CL, CD, CS) =
  -1.1016306337311193E-002   2.8502309178719269E-002  -1.1278790802625605E-021
 Total Moment Coefficient(CMx, CMy, CMz)=
   2.7540765843277965E-003   7.1255772946798171E-003  -2.2455951005865052E-003
 Kstep, t=         326   326.00000000000000     
 ----------The Max Residuals are--------  ---Mesh---           1
    0.2330846827E-03    0.2539009012E-03    0.1369928232E-03    0.1897470932E-18    0.2959878989E-03
   The R.M.S Residuals are 
    0.3942312473E-04    0.4019220578E-04    0.2305112510E-04    0.9217980546E-20    0.5060063614E-04
 --------------Force and Moment -----------------------------
 Total Force Coefficient (CL, CD, CS) =
  -1.0947275573431350E-002   2.8399417682076634E-002  -8.9809754010148988E-022
 Total Moment Coefficient(CMx, CMy, CMz)=
   2.7368188933578354E-003   7.0998544205191586E-003  -2.2236667974440240E-003
 Kstep, t=         327   327.00000000000000     
 ----------The Max Residuals are--------  ---Mesh---           1
    0.2412319389E-03    0.2622498010E-03    0.1412097761E-03    0.1355292427E-18    0.3085768879E-03
   The R.M.S Residuals are 
    0.3961489018E-04    0.4035198350E-04    0.2312436044E-04    0.8540545802E-20    0.5064407219E-04
 --------------Force and Moment -----------------------------
 Total Force Coefficient (CL, CD, CS) =
  -1.0882645707583086E-002   2.8297296528096719E-002  -6.3991569562784130E-022
 Total Moment Coefficient(CMx, CMy, CMz)=
   2.7206614268957684E-003   7.0743241320241797E-003  -2.2046819090383147E-003
 Kstep, t=         328   328.00000000000000     
 ----------The Max Residuals are--------  ---Mesh---           1
    0.2458306315E-03    0.2667414158E-03    0.1467596933E-03    0.1897374223E-18    0.3168111120E-03
   The R.M.S Residuals are 
    0.3980559024E-04    0.4050501226E-04    0.2319970469E-04    0.8320202425E-20    0.5069576533E-04
 --------------Force and Moment -----------------------------
 Total Force Coefficient (CL, CD, CS) =
  -1.0820120470223179E-002   2.8195898261232061E-002  -6.0322018361396630E-022
 Total Moment Coefficient(CMx, CMy, CMz)=
   2.7050301175557947E-003   7.0489745653080152E-003  -2.1866316645190575E-003
 Kstep, t=         329   329.00000000000000     
 ----------The Max Residuals are--------  ---Mesh---           1
    0.2565153203E-03    0.2792154655E-03    0.1502975631E-03    0.1355354821E-18    0.3260619178E-03
   The R.M.S Residuals are 
    0.3999547976E-04    0.4065182717E-04    0.2327762427E-04    0.8112840521E-20    0.5075431913E-04
 --------------Force and Moment -----------------------------
 Total Force Coefficient (CL, CD, CS) =
  -1.0757645423238685E-002   2.8095171784458133E-002  -6.7955378028015433E-022
 Total Moment Coefficient(CMx, CMy, CMz)=
   2.6894113558096730E-003   7.0237929461145331E-003  -2.1678482786324435E-003
 Kstep, t=         330   330.00000000000000     
 ----------The Max Residuals are--------  ---Mesh---           1
    0.2653760605E-03    0.2882657032E-03    0.1555025514E-03    0.1355307258E-18    0.3398109917E-03
   The R.M.S Residuals are 
    0.4018088019E-04    0.4078916661E-04    0.2335742385E-04    0.8381723501E-20    0.5081489494E-04
 --------------Force and Moment -----------------------------
 Total Force Coefficient (CL, CD, CS) =
  -1.0693774416460286E-002   2.7995070905639255E-002  -8.1687030676326263E-022
 Total Moment Coefficient(CMx, CMy, CMz)=
   2.6734436041150715E-003   6.9987677264098137E-003  -2.1472894284285432E-003
 Kstep, t=         331   331.00000000000000     
 ----------The Max Residuals are--------  ---Mesh---           1
    0.2701267952E-03    0.2928384692E-03    0.1614418731E-03    0.1355323478E-18    0.3484782678E-03
   The R.M.S Residuals are 
    0.4036200825E-04    0.4091746702E-04    0.2343720285E-04    0.8681659736E-20    0.5087614163E-04
 --------------Force and Moment -----------------------------
 Total Force Coefficient (CL, CD, CS) =
  -1.0627770642872281E-002   2.7895558789118546E-002  -1.1885595337871954E-021
 Total Moment Coefficient(CMx, CMy, CMz)=
   2.6569426607180708E-003   6.9738896972796364E-003  -2.1245659034910755E-003
 Kstep, t=         332   332.00000000000000     
 ----------The Max Residuals are--------  ---Mesh---           1
    0.2808192290E-03    0.3054693168E-03    0.1650177548E-03    0.1897356839E-18    0.3566613401E-03
   The R.M.S Residuals are 
    0.4053838288E-04    0.4103569366E-04    0.2351710710E-04    0.8816175819E-20    0.5093581428E-04
 --------------Force and Moment -----------------------------
 Total Force Coefficient (CL, CD, CS) =
  -1.0559535388402996E-002   2.7796610751283150E-002  -1.3094871764030750E-021
 Total Moment Coefficient(CMx, CMy, CMz)=
   2.6398838471007467E-003   6.9491526878207874E-003  -2.0998188946293886E-003
 Kstep, t=         333   333.00000000000000     
 ----------The Max Residuals are--------  ---Mesh---           1
    0.2915770204E-03    0.3164999418E-03    0.1702727056E-03    0.1626427271E-18    0.3730572607E-03
   The R.M.S Residuals are 
    0.4070825808E-04    0.4114265189E-04    0.2359662289E-04    0.9157720093E-20    0.5099193738E-04
 --------------Force and Moment -----------------------------
 Total Force Coefficient (CL, CD, CS) =
  -1.0489453706091102E-002   2.7698217121394451E-002  -1.0954252172223113E-021
 Total Moment Coefficient(CMx, CMy, CMz)=
   2.6223634265227749E-003   6.9245542803486127E-003  -2.0735459591755324E-003
 Kstep, t=         334   334.00000000000000     
 ----------The Max Residuals are--------  ---Mesh---           1
    0.2975361612E-03    0.3222547153E-03    0.1772745778E-03    0.1355341831E-18    0.3834847472E-03
   The R.M.S Residuals are 
    0.4087328229E-04    0.4123894994E-04    0.2367499768E-04    0.8778308376E-20    0.5104353397E-04
 --------------Force and Moment -----------------------------
 Total Force Coefficient (CL, CD, CS) =
  -1.0418200266613952E-002   2.7600382669465504E-002  -5.5447358495182067E-022
 Total Moment Coefficient(CMx, CMy, CMz)=
   2.6045500666534867E-003   6.9000956673663759E-003  -2.0464155353466570E-003
 Kstep, t=         335   335.00000000000000     
 ----------The Max Residuals are--------  ---Mesh---           1
    0.3043857227E-03    0.3304906724E-03    0.1814558814E-03    0.1897444469E-18    0.3880397020E-03
   The R.M.S Residuals are 
    0.4103267566E-04    0.4132428858E-04    0.2375203744E-04    0.8345045626E-20    0.5108984658E-04
 --------------Force and Moment -----------------------------
 Total Force Coefficient (CL, CD, CS) =
  -1.0346508082003453E-002   2.7503119333402208E-002  -6.9315111074914762E-022
 Total Moment Coefficient(CMx, CMy, CMz)=
   2.5866270205008621E-003   6.8757798333505520E-003  -2.0190657394556794E-003
 Kstep, t=         336   336.00000000000000     
 ----------The Max Residuals are--------  ---Mesh---           1
    0.3188498517E-03    0.3456262438E-03    0.1845102253E-03    0.1355316273E-18    0.4064676857E-03
   The R.M.S Residuals are 
    0.4118554699E-04    0.4139758170E-04    0.2382679763E-04    0.7878129154E-20    0.5112825262E-04
 --------------Force and Moment -----------------------------
 Total Force Coefficient (CL, CD, CS) =
  -1.0274952173217927E-002   2.7406435235246166E-002  -8.2514045375128283E-022
 Total Moment Coefficient(CMx, CMy, CMz)=
   2.5687380433044825E-003   6.8516088088115415E-003  -1.9919300068014394E-003
 Kstep, t=         337   337.00000000000000     
 ----------The Max Residuals are--------  ---Mesh---           1
    0.3277840440E-03    0.3546555941E-03    0.1936737009E-03    0.1897385785E-18    0.4211119930E-03
   The R.M.S Residuals are 
    0.4132819863E-04    0.4145534811E-04    0.2390066243E-04    0.8286940381E-20    0.5115556547E-04
 --------------Force and Moment -----------------------------
 Total Force Coefficient (CL, CD, CS) =
  -1.0203841403122811E-002   2.7310327559788947E-002  -1.5438205451975253E-021
 Total Moment Coefficient(CMx, CMy, CMz)=
   2.5509603507807028E-003   6.8275818899472367E-003  -1.9651684614795692E-003
 Kstep, t=         338   338.00000000000000     
 ----------The Max Residuals are--------  ---Mesh---           1
    0.3311292518E-03    0.3575531035E-03    0.1994883050E-03    0.1355264089E-18    0.4286440342E-03
   The R.M.S Residuals are 
    0.4146517727E-04    0.4150349892E-04    0.2397334892E-04    0.7886564710E-20    0.5117561181E-04
 --------------Force and Moment -----------------------------
 Total Force Coefficient (CL, CD, CS) =
  -1.0133233299769910E-002   2.7214783473386538E-002  -1.7879036636162647E-021
 Total Moment Coefficient(CMx, CMy, CMz)=
   2.5333083249424776E-003   6.8036958683466344E-003  -1.9387105684313228E-003
 Kstep, t=         339   339.00000000000000     
 ----------The Max Residuals are--------  ---Mesh---           1
    0.3441462414E-03    0.3707344667E-03    0.2019856124E-03    0.1084313648E-18    0.4340663867E-03
   The R.M.S Residuals are 
    0.4159063866E-04    0.4153723784E-04    0.2404295504E-04    0.7955792380E-20    0.5118413129E-04
 --------------Force and Moment -----------------------------
 Total Force Coefficient (CL, CD, CS) =
  -1.0063009857822472E-002   2.7119786520105292E-002  -1.2380239616850173E-021
 Total Moment Coefficient(CMx, CMy, CMz)=
   2.5157524644556185E-003   6.7799466300263230E-003  -1.9123479218268174E-003
 Kstep, t=         340   340.00000000000000     
 ----------The Max Residuals are--------  ---Mesh---           1
    0.3586395525E-03    0.3860301959E-03    0.2086877389E-03    0.1897366177E-18    0.4563509543E-03
   The R.M.S Residuals are 
    0.4170564068E-04    0.4155811435E-04    0.2410957727E-04    0.8008059023E-20    0.5118129119E-04
 --------------Force and Moment -----------------------------
 Total Force Coefficient (CL, CD, CS) =
  -9.9929460210266326E-003   2.7025323017646753E-002  -1.3052638278469658E-021
 Total Moment Coefficient(CMx, CMy, CMz)=
   2.4982365052566595E-003   6.7563307544116881E-003  -1.8858148685840536E-003
 Kstep, t=         341   341.00000000000000     
 ----------The Max Residuals are--------  ---Mesh---           1
    0.3665516819E-03    0.3941361209E-03    0.2178037417E-03    0.1355298954E-18    0.4704836093E-03
   The R.M.S Residuals are 
    0.4181082210E-04    0.4156770096E-04    0.2417426247E-04    0.8069014159E-20    0.5116866626E-04
 --------------Force and Moment -----------------------------
 Total Force Coefficient (CL, CD, CS) =
  -9.9227424963269535E-003   2.6931383965368153E-002  -1.1658120471638459E-021
 Total Moment Coefficient(CMx, CMy, CMz)=
   2.4806856240817397E-003   6.7328459913420383E-003  -1.8588304701338669E-003
 Kstep, t=         342   342.00000000000000     
 ----------The Max Residuals are--------  ---Mesh---           1
    0.3678977065E-03    0.3950984441E-03    0.2228731482E-03    0.1355303494E-18    0.4762020149E-03
   The R.M.S Residuals are 
    0.4190638153E-04    0.4156602373E-04    0.2423655457E-04    0.8030646314E-20    0.5114559128E-04
 --------------Force and Moment -----------------------------
 Total Force Coefficient (CL, CD, CS) =
  -9.8520483939116832E-003   2.6837962901768573E-002  -7.4315212641099146E-022
 Total Moment Coefficient(CMx, CMy, CMz)=
   2.4630120984779191E-003   6.7094907254421432E-003  -1.8311189480119993E-003
 Kstep, t=         343   343.00000000000000     
 ----------The Max Residuals are--------  ---Mesh---           1
    0.3843914291E-03    0.4072498907E-03    0.2240305604E-03    0.1626247036E-18    0.4782626135E-03
   The R.M.S Residuals are 
    0.4199054273E-04    0.4155243190E-04    0.2429500754E-04    0.7525580612E-20    0.5111113415E-04
 --------------Force and Moment -----------------------------
 Total Force Coefficient (CL, CD, CS) =
  -9.7805228096656312E-003   2.6745052639211109E-002  -1.0891862398066512E-021
 Total Moment Coefficient(CMx, CMy, CMz)=
   2.4451307024164069E-003   6.6862631598027774E-003  -1.8024448500492507E-003
 Kstep, t=         344   344.00000000000000     
 ----------The Max Residuals are--------  ---Mesh---           1
    0.4006141642E-03    0.4246341135E-03    0.2326647337E-03    0.1355273823E-18    0.5036211380E-03
   The R.M.S Residuals are 
    0.4206318542E-04    0.4152772311E-04    0.2434940673E-04    0.8534884530E-20    0.5106628703E-04
 --------------Force and Moment -----------------------------
 Total Force Coefficient (CL, CD, CS) =
  -9.7079456396523961E-003   2.6652642687239266E-002  -7.8655044955820677E-022
 Total Moment Coefficient(CMx, CMy, CMz)=
   2.4269864099130995E-003   6.6631606718098165E-003  -1.7726744202894711E-003
 Kstep, t=         345   345.00000000000000     
 ----------The Max Residuals are--------  ---Mesh---           1
    0.4090061355E-03    0.4336233701E-03    0.2428594133E-03    0.1355351719E-18    0.5194110984E-03
   The R.M.S Residuals are 
    0.4212804407E-04    0.4149515902E-04    0.2440071114E-04    0.8285020454E-20    0.5101339561E-04
 --------------Force and Moment -----------------------------
 Total Force Coefficient (CL, CD, CS) =
  -9.6343122026665909E-003   2.6560718207581074E-002  -7.4983627059857683E-022
 Total Moment Coefficient(CMx, CMy, CMz)=
   2.4085780506666469E-003   6.6401795518952686E-003  -1.7418257770473072E-003
 Kstep, t=         346   346.00000000000000     
 ----------The Max Residuals are--------  ---Mesh---           1
    0.4095854616E-03    0.4342603997E-03    0.2481713871E-03    0.1355320700E-18    0.5252943152E-03
   The R.M.S Residuals are 
    0.4218400724E-04    0.4145364026E-04    0.2444776192E-04    0.7920212296E-20    0.5095149289E-04
 --------------Force and Moment -----------------------------
 Total Force Coefficient (CL, CD, CS) =
  -9.5598269398432384E-003   2.6469261401718375E-002  -9.3623926081279491E-022
 Total Moment Coefficient(CMx, CMy, CMz)=
   2.3899567349608087E-003   6.6173153504295937E-003  -1.7100576347017088E-003
 Kstep, t=         347   347.00000000000000     
 ----------The Max Residuals are--------  ---Mesh---           1
    0.4234520968E-03    0.4362427444E-03    0.2487599224E-03    0.1897486862E-18    0.5219228614E-03
   The R.M.S Residuals are 
    0.4222707297E-04    0.4140012547E-04    0.2448966664E-04    0.8451354606E-20    0.5087826380E-04
 --------------Force and Moment -----------------------------
 Total Force Coefficient (CL, CD, CS) =
  -9.4847936189767831E-003   2.6378254711524524E-002  -7.8918518089046955E-022
 Total Moment Coefficient(CMx, CMy, CMz)=
   2.3711984047441945E-003   6.5945636778811309E-003  -1.6775955557524211E-003
 Kstep, t=         348   348.00000000000000     
 ----------The Max Residuals are--------  ---Mesh---           1
    0.4444980041E-03    0.4586233130E-03    0.2548483750E-03    0.1626270818E-18    0.5443386936E-03
   The R.M.S Residuals are 
    0.4225919064E-04    0.4133646418E-04    0.2452657554E-04    0.7928185041E-20    0.5079453195E-04
 --------------Force and Moment -----------------------------
 Total Force Coefficient (CL, CD, CS) =
  -9.4094893795791442E-003   2.6287683900784099E-002  -1.0164071085443842E-021
 Total Moment Coefficient(CMx, CMy, CMz)=
   2.3523723448947874E-003   6.5719209751960248E-003  -1.6446483509253021E-003
 Kstep, t=         349   349.00000000000000     
 ----------The Max Residuals are--------  ---Mesh---           1
    0.4564164105E-03    0.4714133978E-03    0.2680278223E-03    0.1355269195E-18    0.5652870793E-03
   The R.M.S Residuals are 
    0.4228204957E-04    0.4126432215E-04    0.2455847520E-04    0.7439441806E-20    0.5070150504E-04
 --------------Force and Moment -----------------------------
 Total Force Coefficient (CL, CD, CS) =
  -9.3341050833670239E-003   2.6197539885253744E-002  -3.3215115448472849E-022
 Total Moment Coefficient(CMx, CMy, CMz)=
   2.3335262708417560E-003   6.5493849713134360E-003  -1.6113651653454327E-003
 Kstep, t=         350   350.00000000000000     
 ----------The Max Residuals are--------  ---Mesh---           1
    0.4588141915E-03    0.4742292030E-03    0.2753824200E-03    0.1490834080E-18    0.5744823315E-03
   The R.M.S Residuals are 
    0.4229427754E-04    0.4118227432E-04    0.2458491883E-04    0.8218104413E-20    0.5059811568E-04
  flow chunk done, Kstep=         350  tt=   350.00000000000000     
   GS iter           1  res=   4.4679144387373526E-002  Ts(1,1,1)=   734.29956388061657       Ts(nx-1,ny-1,1)=   349.70242893996169     
   GS iter           2  res=   3.8154976822511344E-002  Ts(1,1,1)=   734.33770942364117       Ts(nx-1,ny-1,1)=   349.70219221073182     
   GS iter           3  res=   3.4396888768469580E-002  Ts(1,1,1)=   734.37209697761830       Ts(nx-1,ny-1,1)=   349.70316702248920     
   GS iter           4  res=   3.2145245625883945E-002  Ts(1,1,1)=   734.40423294770596       Ts(nx-1,ny-1,1)=   349.70429009902762     
   GS iter           5  res=   3.0724312766892581E-002  Ts(1,1,1)=   734.43494802222290       Ts(nx-1,ny-1,1)=   349.70586317256937     
 Solid solver Block           2  GS iterations:       20001  final res:   2.3668137219601704E-002
   DBG: Ts(1,1,1)=   1240.5129411533742       Ts(nx/2,ny/2,1)=   1211.7224318960948       Ts(nx-1,ny-1,1)=   406.82262233072248     
  solid chunk done, outer iter           3  max|dT_w|=   506.32179180262665       K  T_w range [   1189.7270411027623      ,   1240.8006412280888      ]  max|q_w|=   2264304.3414819133     
  Staggered CHT coupling reached Niter_Couple_Outer=           3  (not fully converged)
 write flow3d.dat ......
 write flow3d.dat OK
 Output Ts to Ts_block_2.dat
 write VTK files ......
 write VTK files OK
